Date,Open,High,Low,Close,Volume,Series,TOTAL_TRADES,QTY_PER_TRADE,DLV_QTY
2007-12-31,215.0,244.95,177.55,189.95,6688161,EQ,,,
2008-01-01,192.9,214.0,190.5,199.9,3384279,EQ,,,
2008-01-02,209.0,209.0,195.5,198.5,1566650,EQ,,,
2008-01-03,201.0,203.5,186.5,194.15,725929,EQ,,,
2008-01-04,194.0,197.5,190.05,191.5,355017,EQ,,,
2008-01-07,192.5,197.2,189.5,191.2,306089,EQ,,,
2008-01-08,192.5,194.25,183.0,184.75,457055,EQ,,,
2008-01-09,184.0,184.0,178.0,180.65,598308,EQ,,,
2008-01-10,182.0,187.5,178.0,180.65,420155,EQ,,,
2008-01-11,182.5,182.5,170.3,178.45,422206,EQ,,,
2008-01-14,177.0,180.25,171.75,177.8,317364,EQ,,,
2008-01-15,178.0,178.5,171.65,176.75,372933,EQ,,,
2008-01-16,172.6,176.75,172.6,174.7,139671,EQ,,,
2008-01-17,173.25,176.5,169.05,170.8,114447,EQ,,,
2008-01-18,170.5,172.0,160.6,163.0,198861,EQ,,,
2008-01-21,160.5,162.05,137.5,142.9,283564,EQ,,,
2008-01-22,139.4,139.4,85.0,123.95,218513,EQ,,,
2008-01-23,124.5,136.0,120.5,130.7,559735,EQ,,,
2008-01-24,135.0,146.95,125.3,127.4,244697,EQ,,,
2008-01-25,136.1,175.5,125.6,170.2,462394,EQ,,,
2008-01-28,155.0,159.4,145.5,155.2,133701,EQ,,,
2008-01-29,159.95,164.5,151.0,162.4,252901,EQ,,,
2008-01-30,157.5,162.0,147.5,149.2,124280,EQ,,,
2008-01-31,151.0,151.0,124.0,130.15,489765,EQ,,,
2008-02-01,134.4,139.0,129.5,138.0,168667,EQ,,,
2008-02-04,144.9,151.35,140.0,147.5,236827,EQ,,,
2008-02-05,145.1,159.5,143.75,157.65,232577,EQ,,,
2008-02-06,152.5,157.5,147.55,156.5,131439,EQ,,,
2008-02-07,157.55,164.0,149.5,151.4,111690,EQ,,,
2008-02-08,154.35,155.35,148.55,152.05,86844,EQ,,,
2008-02-11,152.0,152.0,143.2,145.45,86209,EQ,,,
2008-02-12,146.5,148.0,130.0,131.2,32183,EQ,,,
2008-02-13,136.0,136.9,126.55,128.05,36168,EQ,,,
2008-02-14,133.0,137.4,132.5,136.15,39934,EQ,,,
2008-02-15,136.0,137.25,130.05,136.4,37810,EQ,,,
2008-02-18,142.5,142.5,137.5,141.4,54324,EQ,,,
2008-02-19,147.5,147.5,140.0,143.1,38951,EQ,,,
2008-02-20,141.5,142.75,135.55,140.95,41708,EQ,,,
2008-02-21,146.5,149.5,140.0,141.2,29724,EQ,,,
2008-02-22,135.25,139.7,133.3,137.2,13356,EQ,,,
2008-02-25,126.0,141.0,126.0,133.3,12849,EQ,,,
2008-02-26,135.0,139.0,133.05,134.3,17601,EQ,,,
2008-02-27,134.75,137.0,131.6,132.4,31329,EQ,,,
2008-02-28,134.0,134.0,125.0,127.25,91651,EQ,,,
2008-02-29,129.0,129.0,124.55,126.85,68132,EQ,,,
2008-03-03,122.75,125.45,119.0,120.1,30946,EQ,,,
2008-03-04,120.5,123.0,109.5,112.45,34472,EQ,,,
2008-03-05,112.45,113.95,101.15,108.5,24297,EQ,,,
2008-03-07,105.5,105.5,96.55,97.85,57895,EQ,,,
2008-03-10,95.0,99.5,87.5,98.6,53096,EQ,,,
2008-03-11,97.4,103.7,95.05,97.15,71431,EQ,,,
2008-03-12,101.85,110.0,97.5,99.1,304977,EQ,,,
2008-03-13,99.0,99.0,90.05,91.25,51706,EQ,,,
2008-03-14,109.0,109.0,88.6,95.95,132739,EQ,,,
2008-03-17,89.0,92.95,85.9,87.35,53447,EQ,,,
2008-03-18,87.0,94.5,84.0,91.45,117383,EQ,,,
2008-03-19,95.0,95.0,89.0,91.85,75246,EQ,,,
2008-03-24,97.5,98.95,75.5,77.2,176434,EQ,,,
2008-03-25,79.05,84.0,77.0,83.25,139553,EQ,,,
2008-03-26,84.0,85.95,81.5,84.1,89981,EQ,,,
2008-03-27,82.0,91.2,82.0,86.9,158424,EQ,,,
2008-03-28,89.45,89.45,83.65,88.05,164537,EQ,,,
2008-03-31,89.5,92.5,82.5,84.25,436380,EQ,,,
2008-04-01,86.85,88.0,84.05,85.75,25817,EQ,,,
2008-04-02,87.5,90.0,85.0,85.6,26721,EQ,,,
2008-04-03,84.55,86.35,84.0,84.5,17191,EQ,,,
2008-04-04,84.0,86.2,82.6,83.45,19610,EQ,,,
2008-04-07,88.5,89.0,81.15,83.95,15772,EQ,,,
2008-04-08,83.55,85.45,83.0,83.95,294813,EQ,,,
2008-04-09,83.05,87.0,83.05,85.3,27779,EQ,,,
2008-04-10,86.25,87.25,85.15,85.7,23042,EQ,,,
2008-04-11,87.5,88.0,84.55,85.15,19104,EQ,,,
2008-04-15,84.0,86.85,84.0,86.05,18669,EQ,,,
2008-04-16,86.55,92.0,86.05,86.5,50208,EQ,,,
2008-04-17,89.4,89.95,87.5,87.8,35723,EQ,,,
2008-04-21,88.5,91.0,88.0,89.2,52116,EQ,,,
2008-04-22,90.5,98.35,89.6,96.35,209225,EQ,,,
2008-04-23,96.65,100.5,93.05,93.35,175444,EQ,,,
2008-04-24,95.65,98.45,93.8,94.85,249039,EQ,,,
2008-04-25,96.0,103.45,94.25,99.05,473019,EQ,,,
2008-04-28,100.0,102.95,96.5,100.05,270592,EQ,,,
2008-04-29,110.0,110.0,99.0,101.5,102946,EQ,,,
2008-04-30,103.45,106.45,100.0,102.35,188284,EQ,,,
2008-05-02,102.5,104.0,101.3,102.0,64925,EQ,,,
2008-05-05,103.75,104.8,101.25,101.75,74497,EQ,,,
2008-05-06,101.5,102.45,98.2,98.95,42456,EQ,,,
2008-05-07,98.6,99.35,96.6,97.55,31817,EQ,,,
2008-05-08,95.5,97.0,94.0,96.1,49710,EQ,,,
2008-05-09,95.0,98.25,92.55,93.4,29088,EQ,,,
2008-05-12,93.5,93.5,89.9,91.9,28923,EQ,,,
2008-05-13,92.5,96.95,92.5,95.25,79685,EQ,,,
2008-05-14,96.85,97.6,95.0,96.1,25859,EQ,,,
2008-05-15,96.1,97.45,95.05,95.75,16641,EQ,,,
2008-05-16,96.5,111.0,96.0,108.35,449491,EQ,,,
2008-05-20,110.5,113.5,108.5,110.6,677367,EQ,,,
2008-05-21,107.5,115.45,107.5,111.55,353389,EQ,,,
2008-05-22,110.0,112.45,107.5,108.25,110712,EQ,,,
2008-05-23,106.25,112.85,106.25,107.9,194074,EQ,,,
2008-05-26,105.05,106.0,102.05,102.8,78013,EQ,,,
2008-05-27,104.5,105.45,94.55,95.9,71998,EQ,,,
2008-05-28,97.45,98.0,94.0,96.1,69824,EQ,,,
2008-05-29,97.0,98.5,92.0,92.95,139493,EQ,,,
2008-05-30,94.5,94.55,91.0,93.75,46099,EQ,,,
2008-06-02,93.5,97.75,92.0,94.45,121702,EQ,,,
2008-06-03,90.25,97.0,90.25,93.05,468384,EQ,,,
2008-06-04,92.2,94.4,89.05,90.0,32754,EQ,,,
2008-06-05,80.05,90.0,80.05,87.7,23884,EQ,,,
2008-06-06,88.5,91.5,88.0,89.4,31201,EQ,,,
2008-06-09,85.0,89.75,82.0,87.8,53061,EQ,,,
2008-06-10,87.5,87.5,82.5,83.05,24157,EQ,,,
2008-06-11,84.0,86.45,82.6,83.75,29257,EQ,,,
2008-06-12,82.75,85.5,80.85,83.7,21492,EQ,,,
2008-06-13,84.0,86.5,82.65,83.5,14539,EQ,,,
2008-06-16,86.5,86.95,83.6,84.2,18788,EQ,,,
2008-06-17,83.55,85.5,83.5,84.55,47984,EQ,,,
2008-06-18,85.2,88.0,83.6,84.1,37491,EQ,,,
2008-06-19,83.55,86.0,81.8,82.55,58997,EQ,,,
2008-06-20,84.0,84.5,77.45,77.75,59164,EQ,,,
2008-06-23,75.5,77.5,70.1,72.65,58990,EQ,,,
2008-06-24,72.0,73.25,62.5,68.3,52085,EQ,,,
2008-06-25,66.5,70.0,64.6,69.35,52870,EQ,,,
2008-06-26,70.65,72.0,62.55,63.95,310854,EQ,,,
2008-06-27,59.5,62.55,59.5,60.15,63541,EQ,,,
2008-06-30,59.0,59.3,52.5,53.35,61929,EQ,,,
2008-07-01,53.0,54.95,50.0,51.65,162024,EQ,,,
2008-07-02,51.0,55.45,48.25,53.5,1340001,EQ,,,
2008-07-03,52.0,53.5,50.0,50.5,118132,EQ,,,
2008-07-04,50.15,56.0,50.15,51.9,182777,EQ,,,
2008-07-07,52.5,56.65,52.25,55.1,176733,EQ,,,
2008-07-08,53.55,54.0,52.45,52.9,47716,EQ,,,
2008-07-09,55.0,56.45,55.0,55.7,76928,EQ,,,
2008-07-10,55.0,57.85,55.0,56.15,78566,EQ,,,
2008-07-11,59.0,59.9,56.0,58.25,150525,EQ,,,
2008-07-14,58.0,62.0,58.0,58.9,70681,EQ,,,
2008-07-15,57.5,58.5,55.1,56.9,75426,EQ,,,
2008-07-16,54.25,57.95,54.25,57.05,54969,EQ,,,
2008-07-17,59.5,60.05,56.0,56.55,19280,EQ,,,
2008-07-18,57.5,59.0,56.6,57.7,22013,EQ,,,
2008-07-21,58.45,58.45,54.7,55.05,24277,EQ,,,
2008-07-22,55.45,56.75,53.6,54.05,49060,EQ,,,
2008-07-23,56.0,62.0,56.0,59.9,106500,EQ,,,
2008-07-24,60.45,63.0,58.5,58.9,294699,EQ,,,
2008-07-25,57.5,59.9,57.0,58.85,41638,EQ,,,
2008-07-28,58.95,61.25,57.75,60.1,38353,EQ,,,
2008-07-29,56.6,60.5,56.55,59.15,27981,EQ,,,
2008-07-30,59.05,63.1,59.05,62.45,55593,EQ,,,
2008-07-31,63.0,65.95,61.0,62.5,164593,EQ,,,
2008-08-01,61.25,64.5,60.55,63.95,56342,EQ,,,
2008-08-04,63.5,65.0,63.25,63.65,26813,EQ,,,
2008-08-05,62.5,69.65,62.5,68.0,149450,EQ,,,
2008-08-06,70.0,71.55,65.05,66.7,239722,EQ,,,
2008-08-07,67.5,69.0,65.75,66.8,90814,EQ,,,
2008-08-08,66.75,67.35,66.0,66.2,29017,EQ,,,
2008-08-11,68.9,68.9,66.25,66.6,41147,EQ,,,
2008-08-12,69.85,69.85,65.0,65.3,26814,EQ,,,
2008-08-13,64.5,66.95,64.25,64.9,17723,EQ,,,
2008-08-14,65.05,65.05,61.6,62.0,24068,EQ,,,
2008-08-18,60.5,63.7,60.05,60.85,14494,EQ,,,
2008-08-19,60.0,61.0,57.05,58.7,28673,EQ,,,
2008-08-20,60.35,60.85,58.9,60.4,20082,EQ,,,
2008-08-21,60.25,61.25,58.1,59.05,11697,EQ,,,
2008-08-22,59.5,60.0,57.5,58.35,11117,EQ,,,
2008-08-25,58.0,60.5,58.0,59.0,16346,EQ,,,
2008-08-26,59.25,60.7,57.9,60.25,44413,EQ,,,
2008-08-27,59.5,63.4,58.85,62.65,75599,EQ,,,
2008-08-28,63.1,63.9,59.5,59.9,47265,EQ,,,
2008-08-29,62.35,62.95,60.8,62.55,19508,EQ,,,
2008-09-01,62.5,66.0,62.5,64.7,39935,EQ,,,
2008-09-02,67.1,69.7,66.5,67.15,129459,EQ,,,
2008-09-04,67.5,67.65,65.3,66.25,31945,EQ,,,
2008-09-05,65.0,66.5,64.3,64.65,23077,EQ,,,
2008-09-08,69.4,69.4,62.6,64.85,18514,EQ,,,
2008-09-09,62.75,64.2,62.5,62.9,18591,EQ,,,
2008-09-10,62.55,63.8,61.25,61.7,15666,EQ,,,
2008-09-11,61.0,61.5,60.0,60.25,17160,EQ,,,
2008-09-12,62.75,62.75,59.05,59.45,13443,EQ,,,
2008-09-15,58.0,58.0,55.0,56.25,40502,EQ,,,
2008-09-16,55.0,55.0,52.55,54.05,20930,EQ,,,
2008-09-17,54.2,58.75,53.65,57.95,57041,EQ,,,
2008-09-18,56.0,56.0,52.5,55.1,30355,EQ,,,
2008-09-19,56.0,57.0,55.15,56.05,19421,EQ,,,
2008-09-22,56.5,57.45,55.0,55.9,10357,EQ,,,
2008-09-23,55.0,55.7,53.0,53.3,11081,EQ,,,
2008-09-24,54.0,56.0,52.0,55.4,56612,EQ,,,
2008-09-25,55.0,55.9,52.0,52.85,92741,EQ,,,
2008-09-26,52.0,53.65,50.6,51.5,12598,EQ,,,
2008-09-29,50.95,51.5,45.0,45.55,42345,EQ,,,
2008-09-30,45.0,47.5,41.05,46.95,24252,EQ,,,
2008-10-01,46.45,47.7,45.25,46.15,13853,EQ,,,
2008-10-03,46.0,46.95,44.25,44.75,15502,EQ,,,
2008-10-06,44.5,44.5,38.65,39.55,21198,EQ,,,
2008-10-07,38.75,40.85,34.05,38.9,26259,EQ,,,
2008-10-08,37.55,38.5,34.0,36.1,29175,EQ,,,
2008-10-10,35.0,35.0,30.55,31.7,47343,EQ,,,
2008-10-13,31.5,37.5,31.5,34.5,24720,EQ,,,
2008-10-14,35.05,37.75,33.45,33.8,54844,EQ,,,
2008-10-15,33.45,33.45,31.75,32.0,21135,EQ,,,
2008-10-16,30.0,34.5,27.55,33.1,50763,EQ,,,
2008-10-17,31.5,34.25,30.3,31.95,54463,EQ,,,
2008-10-20,31.6,33.0,30.55,31.4,15736,EQ,,,
2008-10-21,31.5,32.25,30.5,31.45,19650,EQ,,,
2008-10-22,31.5,31.5,29.15,29.45,30373,EQ,,,
2008-10-23,29.0,29.0,26.1,26.8,52504,EQ,,,
2008-10-24,25.15,27.35,22.0,22.85,41011,EQ,,,
2008-10-27,20.6,22.0,16.25,19.2,141067,EQ,,,
2008-10-28,21.45,23.0,19.4,19.9,40807,EQ,,,
2008-10-29,21.05,21.05,16.55,17.3,157853,EQ,,,
2008-10-31,18.5,18.85,17.8,17.95,124072,EQ,,,
2008-11-03,18.5,23.15,17.95,22.55,622916,EQ,,,
2008-11-04,25.0,26.25,21.5,24.65,257953,EQ,,,
2008-11-05,26.05,28.0,23.8,24.5,215490,EQ,,,
2008-11-06,22.25,24.75,22.25,23.55,79942,EQ,,,
2008-11-07,23.65,26.05,23.65,24.8,73498,EQ,,,
2008-11-10,25.7,26.45,24.35,26.1,70404,EQ,,,
2008-11-11,25.9,26.2,25.0,25.4,28206,EQ,,,
2008-11-12,26.0,26.0,24.1,25.15,38730,EQ,,,
2008-11-14,25.3,26.25,24.5,24.7,15077,EQ,,,
2008-11-17,25.0,25.0,22.1,23.05,18678,EQ,,,
2008-11-18,22.5,23.0,21.4,21.7,25649,EQ,,,
2008-11-19,22.75,22.75,21.0,21.05,16733,EQ,,,
2008-11-20,20.45,22.1,19.65,21.95,13652,EQ,,,
2008-11-21,21.95,23.0,21.1,21.95,10507,EQ,,,
2008-11-24,22.1,23.5,21.15,21.3,6011,EQ,,,
2008-11-25,21.5,25.45,20.55,21.1,12215,EQ,,,
2008-11-26,22.0,22.0,19.45,19.8,36096,EQ,,,
2008-11-28,19.5,20.2,18.55,19.1,24580,EQ,,,
2008-12-01,19.0,19.75,18.55,18.65,19229,EQ,,,
2008-12-02,17.75,19.25,17.5,18.5,23082,EQ,,,
2008-12-03,18.75,19.7,18.05,18.4,15708,EQ,,,
2008-12-04,19.4,20.5,18.85,19.7,52302,EQ,,,
2008-12-05,19.6,23.5,19.5,19.7,54606,EQ,,,
2008-12-08,20.9,21.65,19.5,20.0,20860,EQ,,,
2008-12-10,20.35,20.5,19.6,20.35,70942,EQ,,,
2008-12-11,20.4,22.4,20.15,21.15,76978,EQ,,,
2008-12-12,20.6,22.15,20.0,22.0,43876,EQ,,,
2008-12-15,23.25,25.55,22.0,23.65,213439,EQ,,,
2008-12-16,23.95,24.8,23.75,24.2,214868,EQ,,,
2008-12-17,24.4,25.5,23.25,23.4,42777,EQ,,,
2008-12-18,23.3,24.1,22.5,23.7,29124,EQ,,,
2008-12-19,23.95,25.25,23.75,24.7,50941,EQ,,,
2008-12-22,24.5,26.95,24.5,24.85,83314,EQ,,,
2008-12-23,23.5,24.65,23.05,23.45,51930,EQ,,,
2008-12-24,23.4,23.4,21.55,22.0,59879,EQ,,,
2008-12-26,22.85,22.85,20.55,20.8,43988,EQ,,,
2008-12-29,20.75,21.25,19.85,20.0,96751,EQ,,,
2008-12-30,20.75,20.75,19.85,20.4,68649,EQ,,,
2008-12-31,20.6,22.0,20.5,21.7,47054,EQ,,,
2009-01-01,21.8,25.95,21.8,24.95,97791,EQ,,,
2009-01-02,25.5,26.25,24.75,25.0,66355,EQ,,,
2009-01-05,25.5,26.25,25.0,25.15,36760,EQ,,,
2009-01-06,25.0,26.15,25.0,25.6,53190,EQ,,,
2009-01-07,25.6,26.0,22.45,22.6,34315,EQ,,,
2009-01-09,22.0,24.35,19.95,21.75,57896,EQ,,,
2009-01-12,21.2,22.45,21.2,22.2,25123,EQ,,,
2009-01-13,22.0,22.4,21.25,21.55,13016,EQ,,,
2009-01-14,21.7,22.2,21.0,21.45,10647,EQ,,,
2009-01-15,20.05,21.5,20.05,20.5,9959,EQ,,,
2009-01-16,21.0,21.0,19.55,20.35,49130,EQ,,,
2009-01-19,20.9,20.9,20.25,20.45,12196,EQ,,,
2009-01-20,20.2,20.65,19.75,20.15,12190,EQ,,,
2009-01-21,20.25,20.75,19.75,19.9,11387,EQ,,,
2009-01-22,20.1,20.1,19.55,19.8,13470,EQ,,,
2009-01-23,19.5,20.0,19.1,19.4,14121,EQ,,,
2009-01-27,19.0,19.7,19.0,19.3,13267,EQ,,,
2009-01-28,18.55,19.9,18.55,18.75,45893,EQ,,,
2009-01-29,19.4,19.4,17.8,18.2,107416,EQ,,,
2009-01-30,17.5,18.85,17.5,18.7,38174,EQ,,,
2009-02-02,18.85,21.0,17.6,18.15,36357,EQ,,,
2009-02-03,18.3,18.4,17.6,17.8,24007,EQ,,,
2009-02-04,18.1,18.2,17.55,17.75,14888,EQ,,,
2009-02-05,17.9,18.0,17.15,17.3,21582,EQ,,,
2009-02-06,17.55,23.4,17.5,19.55,468816,EQ,,,
2009-02-09,19.5,20.5,18.55,18.85,87785,EQ,,,
2009-02-10,18.8,19.75,18.55,19.0,60224,EQ,,,
2009-02-11,18.6,19.0,18.2,18.85,54687,EQ,,,
2009-02-12,19.0,19.7,18.5,18.75,57218,EQ,,,
2009-02-13,19.0,19.5,18.75,18.95,58459,EQ,,,
2009-02-16,19.05,20.75,18.1,18.4,95259,EQ,,,
2009-02-17,18.25,18.45,17.0,17.5,41440,EQ,,,
2009-02-18,17.75,17.9,17.35,17.8,37756,EQ,,,
2009-02-19,18.2,18.2,17.65,17.8,24320,EQ,,,
2009-02-20,17.95,17.95,17.0,17.05,36072,EQ,,,
2009-02-24,16.75,17.0,16.5,16.6,18959,EQ,,,
2009-02-25,18.0,18.0,16.5,16.55,31281,EQ,,,
2009-02-26,16.55,16.9,15.75,16.1,152860,EQ,,,
2009-02-27,16.0,16.25,15.65,15.85,19718,EQ,,,
2009-03-02,15.75,17.5,15.1,16.6,75406,EQ,,,
2009-03-03,16.25,16.65,15.8,16.15,39144,EQ,,,
2009-03-04,16.0,16.5,15.15,15.35,43995,EQ,,,
2009-03-05,15.75,15.95,15.0,15.0,49928,EQ,,,
2009-03-06,14.15,14.95,14.15,14.65,39768,EQ,,,
2009-03-09,14.5,14.9,13.95,14.5,43812,EQ,,,
2009-03-12,14.9,15.4,14.65,14.9,12887,EQ,,,
2009-03-13,15.25,15.75,14.9,15.65,34228,EQ,,,
2009-03-16,15.5,17.05,15.2,16.4,74563,EQ,,,
2009-03-17,16.45,17.4,16.1,16.45,58901,EQ,,,
2009-03-18,15.8,17.9,15.8,16.85,60595,EQ,,,
2009-03-19,17.4,18.15,17.0,17.3,33274,EQ,,,
2009-03-20,17.5,17.5,17.0,17.0,10332,EQ,,,
2009-03-23,17.5,17.5,16.95,17.0,13782,EQ,,,
2009-03-24,18.4,18.4,17.15,17.2,42293,EQ,,,
2009-03-25,17.2,19.0,16.9,18.5,99181,EQ,,,
2009-03-26,18.65,19.45,16.75,17.05,338062,EQ,,,
2009-03-27,17.35,18.05,16.5,17.7,53965,EQ,,,
2009-03-30,17.7,17.7,16.75,16.95,28995,EQ,,,
2009-03-31,17.25,17.35,16.85,17.0,15289,EQ,,,
2009-04-01,17.05,18.5,17.05,18.35,52103,EQ,,,
2009-04-02,19.0,19.85,18.25,19.4,125024,EQ,,,
2009-04-06,20.3,20.45,19.25,20.0,61609,EQ,,,
2009-04-08,18.5,22.95,18.5,21.8,196807,EQ,,,
2009-04-09,21.8,22.7,21.3,21.95,81382,EQ,,,
2009-04-13,22.15,24.1,22.1,23.2,187903,EQ,,,
2009-04-15,23.0,27.45,23.0,27.1,244638,EQ,,,
2009-04-16,27.75,29.8,24.4,24.7,187441,EQ,,,
2009-04-17,25.45,26.9,24.0,24.4,83172,EQ,,,
2009-04-20,25.0,25.7,24.1,24.5,57205,EQ,,,
2009-04-21,24.0,25.25,23.5,24.8,41304,EQ,,,
2009-04-22,25.5,27.25,24.55,24.95,110647,EQ,,,
2009-04-23,24.85,27.4,24.05,26.95,103840,EQ,,,
2009-04-24,27.75,29.1,27.5,28.1,189108,EQ,,,
2009-04-27,28.5,29.35,25.3,26.25,60777,EQ,,,
2009-04-28,26.2,26.75,24.85,25.15,26466,EQ,,,
2009-04-29,25.0,26.05,25.0,25.6,27506,EQ,,,
2009-05-04,26.0,28.0,25.75,25.95,39870,EQ,,,
2009-05-05,26.0,27.5,26.0,26.35,76433,EQ,,,
2009-05-06,26.75,27.0,25.4,25.7,121384,EQ,,,
2009-05-07,26.25,26.75,25.05,26.45,31425,EQ,,,
2009-05-08,26.05,27.75,26.0,26.6,51124,EQ,,,
2009-05-11,26.6,27.25,25.0,25.75,33061,EQ,,,
2009-05-12,25.5,25.7,24.75,25.4,37571,EQ,,,
2009-05-13,27.0,27.0,24.05,24.85,62303,EQ,,,
2009-05-14,24.0,25.0,24.0,24.4,25318,EQ,,,
2009-05-15,24.95,25.3,24.35,24.5,26463,EQ,,,
2009-05-18,27.5,29.45,27.5,29.45,4573,EQ,,,
2009-05-19,31.0,35.35,30.0,35.35,251223,EQ,,,
2009-05-20,37.5,38.9,35.5,38.9,96488,EQ,,,
2009-05-21,42.8,42.8,37.75,39.05,234400,EQ,,,
2009-05-22,39.5,41.95,37.55,39.2,95994,EQ,,,
2009-05-25,39.65,43.1,39.5,42.95,110779,EQ,,,
2009-05-26,44.95,46.95,38.65,39.35,182730,EQ,,,
2009-05-27,42.75,42.75,39.65,41.15,118205,EQ,,,
2009-05-28,42.5,45.25,40.15,45.25,409149,EQ,,,
2009-05-29,47.15,49.85,45.4,49.85,340476,EQ,,,
2009-06-01,51.85,52.3,50.0,52.3,257876,EQ,,,
2009-06-02,53.9,54.0,49.7,49.7,96217,EQ,,,
2009-06-03,50.25,51.4,47.25,47.25,121700,EQ,,,
2009-06-04,45.55,46.5,44.9,45.55,479902,EQ,,,
2009-06-05,46.7,47.85,46.3,46.65,177894,EQ,,,
2009-06-08,47.0,47.3,44.3,44.3,53515,EQ,,,
2009-06-09,43.0,45.05,42.1,44.75,138865,EQ,,,
2009-06-10,45.0,46.9,43.6,44.0,102281,EQ,,,
2009-06-11,43.7,44.9,42.0,42.65,80626,EQ,,,
2009-06-12,43.25,43.85,41.95,42.55,118719,EQ,,,
2009-06-15,42.0,42.75,41.05,41.8,35469,EQ,,,
2009-06-16,41.2,43.9,40.2,43.85,52271,EQ,,,
2009-06-17,44.0,45.4,41.65,41.8,50566,EQ,,,
2009-06-18,40.75,41.8,39.75,39.75,38714,EQ,,,
2009-06-19,40.95,40.95,37.75,38.8,57554,EQ,,,
2009-06-22,39.5,39.9,37.5,37.9,20452,EQ,,,
2009-06-23,37.0,37.7,36.05,37.0,42497,EQ,,,
2009-06-24,37.4,38.25,36.5,37.65,29363,EQ,,,
2009-06-25,37.75,39.5,37.1,37.6,33914,EQ,,,
2009-06-26,38.05,38.45,36.8,38.2,28914,EQ,,,
2009-06-29,39.0,39.9,37.9,38.1,93661,EQ,,,
2009-06-30,39.0,39.0,36.25,36.5,53969,EQ,,,
2009-07-01,36.5,36.85,35.35,36.15,26829,EQ,,,
2009-07-02,35.3,37.9,35.3,37.8,87058,EQ,,,
2009-07-03,37.5,39.7,37.0,39.7,72945,EQ,,,
2009-07-06,39.75,41.7,39.75,41.5,170755,EQ,,,
2009-07-07,41.65,42.35,40.1,41.55,320280,EQ,,,
2009-07-08,40.75,40.75,37.0,38.95,34916,EQ,,,
2009-07-09,37.55,40.75,37.5,39.05,53850,EQ,,,
2009-07-10,39.45,40.0,36.5,37.1,59523,EQ,,,
2009-07-13,36.5,36.5,33.35,35.2,37270,EQ,,,
2009-07-14,36.4,37.5,35.7,37.25,37903,EQ,,,
2009-07-15,37.0,38.55,37.0,37.8,95664,EQ,,,
2009-07-16,38.35,39.25,35.1,36.5,113569,EQ,,,
2009-07-17,37.45,37.65,35.5,36.85,97902,EQ,,,
2009-07-20,38.75,38.75,37.0,38.2,106594,EQ,,,
2009-07-21,38.05,39.4,36.8,37.2,140711,EQ,,,
2009-07-22,37.5,42.0,37.5,39.05,158531,EQ,,,
2009-07-23,39.5,41.0,39.25,40.65,59035,EQ,,,
2009-07-24,41.45,45.05,40.65,43.3,155474,EQ,,,
2009-07-27,44.25,47.0,43.5,45.6,153787,EQ,,,
2009-07-28,46.5,48.8,45.5,46.3,79628,EQ,,,
2009-07-29,45.0,46.45,42.1,44.75,76263,EQ,,,
2009-07-30,45.05,46.45,44.0,45.4,32884,EQ,,,
2009-07-31,46.0,47.2,43.5,43.95,46139,EQ,,,
2009-08-03,43.7,46.7,43.0,45.65,54163,EQ,,,
2009-08-04,46.0,46.5,43.85,44.35,74365,EQ,,,
2009-08-05,44.25,45.4,44.05,44.5,32261,EQ,,,
2009-08-06,44.05,46.7,43.55,44.2,91496,EQ,,,
2009-08-07,43.3,44.75,42.4,42.8,65953,EQ,,,
2009-08-10,44.0,44.0,40.75,41.75,37564,EQ,,,
2009-08-11,40.75,41.75,39.95,40.3,72076,EQ,,,
2009-08-12,40.0,40.5,39.25,40.15,32631,EQ,,,
2009-08-13,41.1,48.2,40.4,48.05,718604,EQ,,,
2009-08-14,49.5,52.15,46.3,47.0,1623062,EQ,,,
2009-08-17,45.75,49.8,45.5,46.7,1174647,EQ,,,
2009-08-18,47.4,51.7,46.9,51.1,1414312,EQ,,,
2009-08-19,51.65,55.45,51.05,53.8,1964865,EQ,,,
2009-08-20,54.75,54.85,51.7,52.3,466347,EQ,,,
2009-08-21,52.05,55.5,51.85,53.2,732994,EQ,,,
2009-08-24,54.35,63.85,54.0,63.85,1864548,EQ,,,
2009-08-25,66.0,69.45,63.3,64.7,1999929,EQ,,,
2009-08-26,65.95,68.2,64.7,65.95,696871,EQ,,,
2009-08-27,66.0,70.0,65.45,65.95,832115,EQ,,,
2009-08-28,66.5,67.5,63.2,65.0,417937,EQ,,,
2009-08-31,64.0,65.85,62.6,63.35,351860,EQ,,,
2009-09-01,64.85,65.2,57.5,58.3,333690,EQ,,,
2009-09-02,57.0,65.35,56.25,62.2,1934091,EQ,,,
2009-09-03,62.85,64.45,59.25,59.85,674747,EQ,,,
2009-09-04,60.9,63.5,59.35,60.8,406847,EQ,,,
2009-09-07,61.3,63.45,61.0,62.25,353868,EQ,,,
2009-09-08,62.45,63.2,59.0,59.85,257339,EQ,,,
2009-09-09,60.4,61.7,59.0,59.45,236000,EQ,,,
2009-09-10,61.0,62.45,58.0,58.55,406422,EQ,,,
2009-09-11,59.2,59.9,57.0,57.35,201609,EQ,,,
2009-09-14,57.9,58.7,56.0,57.3,190785,EQ,,,
2009-09-15,57.75,62.65,57.75,60.55,926587,EQ,,,
2009-09-16,61.25,62.3,60.1,61.0,332273,EQ,,,
2009-09-17,61.25,61.75,58.75,59.55,154435,EQ,,,
2009-09-18,59.55,61.2,59.05,60.3,188033,EQ,,,
2009-09-22,60.5,62.6,59.8,60.65,384581,EQ,,,
2009-09-23,61.15,63.45,59.4,60.8,496342,EQ,,,
2009-09-24,60.1,61.95,59.3,60.2,154143,EQ,,,
2009-09-25,59.9,61.9,59.5,59.95,202701,EQ,,,
2009-09-29,60.8,62.2,59.9,60.2,180903,EQ,,,
2009-09-30,60.25,66.15,60.25,65.2,1930272,EQ,,,
2009-10-01,65.8,69.6,63.15,64.0,3312228,EQ,,,
2009-10-05,62.55,64.5,61.0,61.85,371964,EQ,,,
2009-10-06,62.45,62.45,59.25,60.45,262031,EQ,,,
2009-10-07,61.0,62.75,59.4,59.6,287611,EQ,,,
2009-10-08,60.35,61.0,58.6,59.3,191609,EQ,,,
2009-10-09,59.5,60.75,58.0,58.3,164740,EQ,,,
2009-10-12,58.9,59.15,57.65,58.15,161728,EQ,,,
2009-10-14,58.55,61.0,58.5,59.05,232199,EQ,,,
2009-10-15,59.5,60.65,59.35,59.9,217842,EQ,,,
2009-10-16,60.0,61.85,59.65,60.65,243747,EQ,,,
2009-10-17,61.55,62.25,61.25,61.7,102450,EQ,,,
2009-10-20,61.5,66.25,61.5,65.15,822550,EQ,,,
2009-10-21,65.3,71.75,63.6,69.1,2020314,EQ,,,
2009-10-22,69.35,71.9,66.05,67.45,1237474,EQ,,,
2009-10-23,68.0,72.85,68.0,69.6,1699767,EQ,,,
2009-10-26,70.9,71.15,67.05,68.5,649319,EQ,,,
2009-10-27,68.45,68.45,60.05,61.45,454555,EQ,,,
2009-10-28,61.0,63.5,56.0,62.95,629143,EQ,,,
2009-10-29,59.0,60.5,56.1,59.0,591552,EQ,,,
2009-10-30,60.45,61.8,57.5,57.85,218682,EQ,,,
2009-11-03,58.3,59.5,53.15,54.0,173616,EQ,,,
2009-11-04,55.5,57.0,53.7,54.4,189164,EQ,,,
2009-11-05,54.5,56.9,54.0,56.05,257439,EQ,,,
2009-11-06,57.45,62.3,56.8,61.1,440258,EQ,,,
2009-11-09,61.5,63.75,60.05,62.85,299297,EQ,,,
2009-11-10,64.95,74.95,64.5,67.7,831027,EQ,,,
2009-11-11,68.05,69.95,63.5,68.65,515493,EQ,,,
2009-11-12,69.1,70.5,66.8,67.9,318638,EQ,,,
2009-11-13,67.9,69.5,66.25,67.85,205347,EQ,,,
2009-11-16,68.45,69.45,67.0,67.3,92663,EQ,,,
2009-11-17,67.7,70.25,66.5,67.6,417842,EQ,,,
2009-11-18,67.95,69.45,67.05,68.7,157688,EQ,,,
2009-11-19,68.95,71.7,67.6,68.75,609988,EQ,,,
2009-11-20,68.4,69.2,66.55,68.55,131093,EQ,,,
2009-11-23,69.0,70.25,67.55,67.9,143563,EQ,,,
2009-11-24,68.45,69.4,67.0,67.4,69177,EQ,,,
2009-11-25,67.6,69.95,67.55,68.25,278028,EQ,,,
2009-11-26,68.25,68.75,65.3,66.55,114060,EQ,,,
2009-11-27,64.95,70.7,61.1,69.1,282220,EQ,,,
2009-11-30,70.0,70.5,66.7,67.15,115696,EQ,,,
2009-12-01,68.5,69.9,67.5,68.9,155032,EQ,,,
2009-12-02,69.55,71.9,68.15,68.45,410999,EQ,,,
2009-12-03,69.0,70.85,69.0,69.25,172003,EQ,,,
2009-12-04,68.8,73.9,68.5,70.95,1085019,EQ,,,
2009-12-07,71.5,71.5,65.5,66.4,450861,EQ,,,
2009-12-08,66.5,68.75,65.75,66.5,478015,EQ,,,
2009-12-09,65.5,68.15,65.5,66.35,270269,EQ,,,
2009-12-10,66.4,67.25,66.05,66.25,86132,EQ,,,
2009-12-11,66.5,68.25,65.7,66.0,133111,EQ,,,
2009-12-14,65.5,66.8,64.55,64.8,146473,EQ,,,
2009-12-15,63.65,65.7,63.1,63.45,82663,EQ,,,
2009-12-16,64.0,65.5,62.55,64.0,158084,EQ,,,
2009-12-17,64.9,65.2,63.45,63.7,54962,EQ,,,
2009-12-18,63.5,64.9,62.6,63.1,57551,EQ,,,
2009-12-21,62.95,63.65,60.8,62.55,46545,EQ,,,
2009-12-22,62.5,64.2,62.5,63.4,42065,EQ,,,
2009-12-23,63.5,65.45,63.5,64.95,88073,EQ,,,
2009-12-24,65.75,66.5,64.1,64.7,231254,EQ,,,
2009-12-29,65.0,65.8,64.0,64.25,43952,EQ,,,
2009-12-30,64.7,66.6,63.9,64.8,131601,EQ,,,
2009-12-31,65.05,66.3,65.05,65.75,87601,EQ,,,
2010-01-04,66.4,67.45,65.3,65.6,98760,EQ,,,
2010-01-05,66.5,67.4,65.0,65.2,71590,EQ,,,
2010-01-06,65.5,66.7,64.75,65.2,127714,EQ,,,
2010-01-07,65.4,69.6,64.9,66.6,607164,EQ,,,
2010-01-08,67.0,69.95,66.7,68.2,634924,EQ,,,
2010-01-11,69.0,73.0,69.0,71.8,886958,EQ,,,
2010-01-12,72.0,72.45,68.05,69.8,454099,EQ,,,
2010-01-13,68.3,71.95,68.3,71.3,294845,EQ,,,
2010-01-14,72.1,76.5,70.55,75.4,1207169,EQ,,,
2010-01-15,76.35,90.5,74.75,86.55,3334985,EQ,,,
2010-01-18,86.95,93.5,81.8,83.15,2094977,EQ,,,
2010-01-19,83.5,85.4,79.3,79.9,831879,EQ,,,
2010-01-20,80.5,81.95,77.5,78.4,402320,EQ,,,
2010-01-21,77.1,79.0,74.0,74.8,307057,EQ,,,
2010-01-22,73.0,79.4,71.0,76.45,746994,EQ,,,
2010-01-25,74.65,78.2,73.6,74.75,255769,EQ,,,
2010-01-27,74.85,75.5,69.1,69.9,153377,EQ,,,
2010-01-28,72.0,72.5,70.0,70.25,126857,EQ,,,
2010-01-29,69.0,73.75,67.5,72.85,195454,EQ,,,
2010-02-01,72.75,76.4,71.05,74.4,174707,EQ,,,
2010-02-02,75.85,79.9,74.75,77.45,461788,EQ,,,
2010-02-03,79.0,80.0,75.0,77.0,234905,EQ,,,
2010-02-04,78.0,78.0,72.55,73.1,86485,EQ,,,
2010-02-05,71.0,72.15,69.0,70.05,200715,EQ,,,
2010-02-06,69.95,72.0,69.95,70.85,26906,EQ,,,
2010-02-08,70.75,73.25,70.0,70.6,99253,EQ,,,
2010-02-09,70.85,72.0,70.1,70.65,53451,EQ,,,
2010-02-10,71.5,74.4,70.0,71.7,235219,EQ,,,
2010-02-11,72.5,73.55,70.55,70.9,120742,EQ,,,
2010-02-15,71.5,75.45,71.05,73.0,370571,EQ,,,
2010-02-16,73.5,74.25,71.05,72.35,115889,EQ,,,
2010-02-17,73.45,74.2,70.75,71.2,131580,EQ,,,
2010-02-18,70.85,72.5,70.85,71.05,78689,EQ,,,
2010-02-19,70.5,71.0,69.8,70.6,95858,EQ,,,
2010-02-22,72.4,72.4,69.05,69.7,74582,EQ,,,
2010-02-23,69.5,70.95,68.65,69.1,85352,EQ,,,
2010-02-24,69.0,69.2,67.5,67.85,95807,EQ,,,
2010-02-25,68.35,68.75,66.5,68.1,73724,EQ,,,
2010-02-26,67.55,72.65,67.45,70.25,123832,EQ,,,
2010-03-02,69.5,72.0,68.0,71.3,131688,EQ,,,
2010-03-03,71.25,72.4,70.55,71.3,43264,EQ,,,
2010-03-04,71.95,73.7,71.3,72.55,131425,EQ,,,
2010-03-05,73.0,76.2,72.8,74.55,208463,EQ,,,
2010-03-08,76.0,76.4,73.75,74.6,89105,EQ,,,
2010-03-09,74.1,75.5,73.0,73.25,76498,EQ,,,
2010-03-10,73.9,75.5,72.6,73.6,94035,EQ,,,
2010-03-11,73.0,74.85,72.5,72.85,102334,EQ,,,
2010-03-12,72.8,73.6,71.15,71.5,27275,EQ,,,
2010-03-15,70.9,71.0,65.25,69.05,265722,EQ,,,
2010-03-16,68.05,71.7,68.05,69.15,147960,EQ,,,
2010-03-17,69.25,70.75,67.5,67.85,157362,EQ,,,
2010-03-18,67.85,69.4,67.85,68.35,41246,EQ,,,
2010-03-19,68.5,70.5,67.85,68.95,69220,EQ,,,
2010-03-22,68.05,70.2,67.5,67.9,101145,EQ,,,
2010-03-23,68.85,70.2,68.3,69.2,90199,EQ,,,
2010-03-25,68.6,70.4,68.55,70.0,82399,EQ,,,
2010-03-26,70.0,71.0,67.65,68.5,57208,EQ,,,
2010-03-29,68.5,71.0,68.5,68.95,94518,EQ,,,
2010-03-30,69.7,70.05,68.85,69.1,24096,EQ,,,
2010-03-31,69.0,70.0,68.05,68.75,33568,EQ,,,
2010-04-01,68.55,70.9,68.55,69.85,92587,EQ,,,
2010-04-05,70.0,72.5,67.1,71.8,180852,EQ,,,
2010-04-06,72.05,73.5,71.15,72.2,73079,EQ,,,
2010-04-07,72.75,73.85,71.05,71.6,43541,EQ,,,
2010-04-08,71.15,75.5,71.05,74.05,276323,EQ,,,
2010-04-09,74.95,76.5,74.5,75.55,108935,EQ,,,
2010-04-12,76.1,77.6,75.5,75.8,105867,EQ,,,
2010-04-13,75.1,76.9,73.75,74.05,53444,EQ,,,
2010-04-15,74.95,79.95,74.95,75.7,365018,EQ,,,
2010-04-16,76.3,77.75,74.15,75.55,210822,EQ,,,
2010-04-19,74.25,74.75,70.25,71.95,137927,EQ,,,
2010-04-20,71.75,74.35,71.5,72.7,47245,EQ,,,
2010-04-21,73.15,76.0,73.0,73.55,149010,EQ,,,
2010-04-22,73.05,74.4,72.5,72.75,24060,EQ,,,
2010-04-23,73.35,73.9,71.0,71.8,38345,EQ,,,
2010-04-26,72.25,72.9,70.55,70.9,24286,EQ,,,
2010-04-27,70.75,73.5,70.55,71.9,48119,EQ,,,
2010-04-28,70.5,73.45,70.2,71.15,141315,EQ,,,
2010-04-29,71.55,72.5,70.75,71.05,24640,EQ,,,
2010-04-30,71.9,73.0,70.6,70.9,47716,EQ,,,
2010-05-03,71.45,72.0,70.25,71.35,41241,EQ,,,
2010-05-04,71.75,71.95,68.1,69.7,57183,EQ,,,
2010-05-05,68.95,70.5,67.5,69.9,58095,EQ,,,
2010-05-06,69.4,73.0,69.05,69.35,175691,EQ,,,
2010-05-07,68.55,70.25,67.75,69.9,77856,EQ,,,
2010-05-10,70.45,71.45,70.0,70.45,35843,EQ,,,
2010-05-11,70.75,71.5,69.1,69.5,38127,EQ,,,
2010-05-12,70.15,71.55,68.85,69.75,69366,EQ,,,
2010-05-13,70.45,70.9,69.5,69.65,25302,EQ,,,
2010-05-14,69.5,70.75,68.1,68.35,24595,EQ,,,
2010-05-17,68.2,70.5,67.0,69.8,65892,EQ,,,
2010-05-18,69.0,70.25,68.6,68.95,12900,EQ,,,
2010-05-19,68.7,70.0,67.1,67.7,34157,EQ,,,
2010-05-20,68.45,68.95,66.25,67.0,13243,EQ,,,
2010-05-21,66.05,68.25,64.5,67.3,58175,EQ,,,
2010-05-24,67.55,68.5,65.2,65.6,20777,EQ,,,
2010-05-25,66.25,68.25,64.05,67.0,48871,EQ,,,
2010-05-26,66.5,68.4,65.9,67.7,26437,EQ,,,
2010-05-27,67.1,69.7,66.9,67.75,53759,EQ,,,
2010-05-28,67.95,69.4,67.95,68.45,12156,EQ,,,
2010-05-31,68.4,69.05,66.55,67.4,11903,EQ,,,
2010-06-01,67.0,68.2,65.5,65.7,36407,EQ,,,
2010-06-02,66.5,69.7,65.6,68.95,159168,EQ,,,
2010-06-03,69.45,70.5,68.3,69.65,88656,EQ,,,
2010-06-04,69.1,70.1,67.7,68.45,30228,EQ,,,
2010-06-07,67.05,68.95,66.05,68.5,40874,EQ,,,
2010-06-08,68.75,69.35,67.15,68.75,151828,EQ,,,
2010-06-09,68.95,70.15,67.45,67.75,20506,EQ,,,
2010-06-10,68.25,69.4,68.05,68.75,29044,EQ,,,
2010-06-11,69.0,69.5,68.2,68.55,11425,EQ,,,
2010-06-14,69.45,70.3,68.6,69.6,42889,EQ,,,
2010-06-15,69.7,72.1,69.35,71.0,61126,EQ,,,
2010-06-16,71.0,71.45,69.05,69.4,16586,EQ,,,
2010-06-17,68.8,70.0,68.5,69.0,8589,EQ,,,
2010-06-18,70.0,79.0,68.7,69.1,309587,EQ,,,
2010-06-21,69.7,71.0,68.6,68.95,48266,EQ,,,
2010-06-22,69.5,69.7,68.0,68.3,27706,EQ,,,
2010-06-23,68.0,69.25,66.1,67.45,43633,EQ,,,
2010-06-24,68.45,69.2,67.55,67.75,23373,EQ,,,
2010-06-25,68.0,68.85,67.5,67.8,23139,EQ,,,
2010-06-28,68.0,68.7,67.6,68.15,18605,EQ,,,
2010-06-29,68.25,69.35,67.45,67.7,38002,EQ,,,
2010-06-30,67.3,68.6,66.55,67.3,45577,EQ,,,
2010-07-01,67.0,68.0,66.5,67.0,23472,EQ,,,
2010-07-02,66.75,67.75,66.0,66.35,29561,EQ,,,
2010-07-05,65.65,66.75,65.25,65.5,20913,EQ,,,
2010-07-06,65.55,67.9,65.55,66.75,48627,EQ,,,
2010-07-07,67.1,68.15,66.0,66.7,44193,EQ,,,
2010-07-08,67.45,67.9,66.85,67.0,15074,EQ,,,
2010-07-09,67.1,69.25,66.75,67.9,140461,EQ,,,
2010-07-12,68.4,70.5,68.15,68.95,114779,EQ,,,
2010-07-13,68.55,71.55,68.1,70.55,185984,EQ,,,
2010-07-14,72.5,72.5,68.55,68.95,52708,EQ,,,
2010-07-15,68.5,69.45,68.05,68.3,20390,EQ,,,
2010-07-16,68.8,68.9,67.75,68.15,17851,EQ,,,
2010-07-19,65.6,68.95,65.6,67.7,35415,EQ,,,
2010-07-20,68.1,69.0,68.0,68.15,17294,EQ,,,
2010-07-21,67.55,68.85,67.55,68.2,21079,EQ,,,
2010-07-22,68.7,68.95,67.55,68.55,52003,EQ,,,
2010-07-23,69.5,69.95,67.5,67.7,57605,EQ,,,
2010-07-26,68.2,71.5,68.2,68.95,209346,EQ,,,
2010-07-27,69.25,70.75,67.75,68.35,128947,EQ,,,
2010-07-28,69.0,69.0,67.5,67.6,30739,EQ,,,
2010-07-29,67.5,68.2,66.5,67.0,24861,EQ,,,
2010-07-30,67.25,67.95,66.55,66.9,15828,EQ,,,
2010-08-02,67.45,68.45,66.6,67.6,45921,EQ,,,
2010-08-03,67.5,68.5,67.15,67.45,36304,EQ,,,
2010-08-04,67.25,69.0,67.25,68.0,49017,EQ,,,
2010-08-05,68.05,68.45,66.1,66.8,28334,EQ,,,
2010-08-06,66.25,68.5,65.0,66.3,25858,EQ,,,
2010-08-09,69.35,70.0,67.5,68.1,170957,EQ,,,
2010-08-10,68.45,68.95,67.0,67.45,54314,EQ,,,
2010-08-11,67.0,68.6,66.55,66.9,96916,EQ,,,
2010-08-12,66.65,67.25,66.25,66.75,38758,EQ,,,
2010-08-13,66.8,68.25,66.8,67.15,48177,EQ,,,
2010-08-16,67.15,68.85,67.15,67.55,109709,EQ,,,
2010-08-17,68.15,68.45,67.25,67.3,20154,EQ,,,
2010-08-18,67.6,67.95,66.8,67.1,15930,EQ,,,
2010-08-19,66.55,67.75,66.5,67.0,30038,EQ,,,
2010-08-20,67.0,76.7,67.0,71.75,1356006,EQ,,,
2010-08-23,72.5,75.95,70.5,73.4,801313,EQ,,,
2010-08-24,73.8,74.45,71.0,71.6,138825,EQ,,,
2010-08-25,71.75,76.2,68.2,73.15,881229,EQ,,,
2010-08-26,74.3,74.9,70.6,71.35,229484,EQ,,,
2010-08-27,72.0,73.3,68.3,68.8,158622,EQ,,,
2010-08-30,70.5,70.75,67.65,68.3,206218,EQ,,,
2010-08-31,67.6,69.85,67.5,69.05,219256,EQ,,,
2010-09-01,69.4,70.45,68.25,69.5,69080,EQ,,,
2010-09-02,69.1,70.35,68.5,68.8,44278,EQ,,,
2010-09-03,68.75,70.0,68.05,68.35,47977,EQ,,,
2010-09-06,68.55,70.0,68.5,69.1,122676,EQ,,,
2010-09-07,68.8,72.9,68.8,70.25,208704,EQ,,,
2010-09-08,70.2,72.25,70.0,70.55,113353,EQ,,,
2010-09-09,70.55,71.75,69.2,69.95,66664,EQ,,,
2010-09-13,70.9,72.9,69.65,70.75,459315,EQ,,,
2010-09-14,71.3,71.35,68.95,69.65,154065,EQ,,,
2010-09-15,70.0,71.5,69.5,70.55,178686,EQ,,,
2010-09-16,69.65,71.45,68.8,69.2,114295,EQ,,,
2010-09-17,69.95,74.6,69.5,72.5,532005,EQ,,,
2010-09-20,73.45,78.1,73.25,76.3,608437,EQ,,,
2010-09-21,77.2,79.1,74.5,76.75,451504,EQ,,,
2010-09-22,77.6,77.7,71.65,72.4,190052,EQ,,,
2010-09-23,73.0,74.4,71.5,72.2,100542,EQ,,,
2010-09-24,72.95,75.7,72.1,75.25,295255,EQ,,,
2010-09-27,75.9,76.8,74.6,75.25,253937,EQ,,,
2010-09-28,75.55,76.15,73.1,73.9,107777,EQ,,,
2010-09-29,73.85,76.7,73.85,74.5,217528,EQ,,,
2010-09-30,74.75,75.05,72.7,73.2,74077,EQ,,,
2010-10-01,73.95,76.0,73.5,74.55,82389,EQ,,,
2010-10-04,75.0,75.95,73.6,73.85,89258,EQ,,,
2010-10-05,73.55,75.5,73.55,74.05,51771,EQ,,,
2010-10-06,74.75,75.2,73.6,74.05,53369,EQ,,,
2010-10-07,74.05,75.95,72.1,72.8,110293,EQ,,,
2010-10-08,72.8,74.8,72.55,72.85,42499,EQ,,,
2010-10-11,73.5,74.0,72.0,73.3,42843,EQ,,,
2010-10-12,73.1,73.7,72.5,72.8,38501,EQ,,,
2010-10-13,72.5,74.0,72.0,72.7,51941,EQ,,,
2010-10-14,73.45,75.45,72.0,72.55,86258,EQ,,,
2010-10-15,72.45,74.0,70.0,70.4,74871,EQ,,,
2010-10-18,70.6,71.25,69.2,70.85,38118,EQ,,,
2010-10-19,70.1,72.25,70.1,71.2,34895,EQ,,,
2010-10-20,70.1,71.0,68.85,69.15,27405,EQ,,,
2010-10-21,69.85,70.45,67.6,69.4,52867,EQ,,,
2010-10-22,69.35,70.4,69.25,69.7,20560,EQ,,,
2010-10-25,70.0,70.25,68.5,68.8,22177,EQ,,,
2010-10-26,69.1,69.5,69.0,69.05,24103,EQ,,,
2010-10-27,69.0,69.75,68.5,68.75,21289,EQ,,,
2010-10-28,69.25,69.75,68.0,68.2,17572,EQ,,,
2010-10-29,68.25,68.75,67.1,67.6,24817,EQ,,,
2010-11-01,68.5,68.9,67.1,67.6,24767,EQ,,,
2010-11-02,67.15,68.45,67.15,67.55,33765,EQ,,,
2010-11-03,67.65,68.2,67.25,67.55,19519,EQ,,,
2010-11-04,67.8,72.4,67.25,70.5,156492,EQ,,,
2010-11-05,70.55,71.4,70.0,70.45,14556,EQ,,,
2010-11-08,71.0,71.0,68.3,69.75,35554,EQ,,,
2010-11-09,70.4,71.75,68.75,68.9,79290,EQ,,,
2010-11-10,70.5,74.95,70.1,71.3,453270,EQ,,,
2010-11-11,72.2,72.8,70.0,70.2,142835,EQ,,,
2010-11-12,70.95,70.95,68.5,68.55,77659,EQ,,,
2010-11-15,69.2,70.25,68.15,68.6,54633,EQ,,,
2010-11-16,68.95,69.4,65.6,65.85,58193,EQ,,,
2010-11-18,67.0,68.0,65.0,66.2,139271,EQ,,,
2010-11-19,66.2,66.5,64.25,64.65,33235,EQ,,,
2010-11-22,64.15,65.45,62.6,64.25,23506,EQ,,,
2010-11-23,64.7,65.2,61.5,63.05,42168,EQ,,,
2010-11-24,63.5,63.95,61.5,62.55,46966,EQ,,,
2010-11-25,62.05,62.5,56.75,57.15,87539,EQ,,,
2010-11-26,57.25,58.0,47.6,55.9,137689,EQ,,,
2010-11-29,57.5,58.05,52.0,55.75,43286,EQ,,,
2010-11-30,55.0,58.5,54.55,58.05,40047,EQ,,,
2010-12-01,57.6,59.9,57.6,59.4,29270,EQ,,,
2010-12-02,60.45,63.4,60.1,61.15,22341,EQ,,,
2010-12-03,62.25,62.5,58.0,58.85,41426,EQ,,,
2010-12-06,59.75,59.95,57.55,58.2,23263,EQ,,,
2010-12-07,57.75,58.25,56.05,56.35,20969,EQ,,,
2010-12-08,56.0,56.0,54.65,55.0,29816,EQ,,,
2010-12-09,55.0,55.45,52.25,53.15,28747,EQ,,,
2010-12-10,53.95,54.4,51.0,53.95,20379,EQ,,,
2010-12-13,53.95,57.95,53.05,56.85,20837,EQ,,,
2010-12-14,57.2,58.8,56.5,58.0,47486,EQ,,,
2010-12-15,57.55,57.85,56.0,56.5,13016,EQ,,,
2010-12-16,56.5,56.95,54.5,55.55,17408,EQ,,,
2010-12-20,57.0,57.0,53.5,53.8,50356,EQ,,,
2010-12-21,53.8,55.45,53.75,54.7,16814,EQ,,,
2010-12-22,55.4,57.85,54.25,55.2,44536,EQ,,,
2010-12-23,55.2,55.9,53.1,54.5,24939,EQ,,,
2010-12-24,53.8,56.5,53.8,55.0,41587,EQ,,,
2010-12-27,55.0,56.5,54.15,54.65,34633,EQ,,,
2010-12-28,54.1,55.85,54.1,54.9,26290,EQ,,,
2010-12-29,54.65,55.85,54.55,54.9,9910,EQ,,,
2010-12-30,54.9,55.35,54.5,55.0,11622,EQ,,,
2010-12-31,55.5,57.9,55.5,56.95,47121,EQ,,,
2011-01-03,57.2,58.5,57.1,57.85,44749,EQ,,,
2011-01-04,58.3,59.5,57.5,58.4,36738,EQ,,,
2011-01-05,58.1,58.95,56.55,56.7,23105,EQ,,,
2011-01-06,57.7,57.75,55.75,56.05,7625,EQ,,,
2011-01-07,55.8,56.5,54.35,54.55,20126,EQ,,,
2011-01-10,55.0,55.0,52.05,52.5,50501,EQ,,,
2011-01-11,52.75,53.75,51.8,52.4,18776,EQ,,,
2011-01-12,52.2,53.6,51.0,52.9,11498,EQ,,,
2011-01-13,52.55,53.9,51.65,52.0,15597,EQ,,,
2011-01-14,52.5,53.0,51.0,51.55,11287,EQ,,,
2011-01-17,52.25,52.25,50.2,50.75,12510,EQ,,,
2011-01-18,50.25,51.95,50.25,51.05,11427,EQ,,,
2011-01-19,50.6,51.5,50.25,50.6,9452,EQ,,,
2011-01-20,50.6,50.95,50.05,50.8,12240,EQ,,,
2011-01-21,50.55,51.2,50.2,50.3,20881,EQ,,,
2011-01-24,50.25,52.4,48.15,50.05,13782,EQ,,,
2011-01-25,50.2,51.85,50.05,50.3,15065,EQ,,,
2011-01-27,50.0,50.5,49.5,49.55,19208,EQ,,,
2011-01-28,48.55,49.4,45.55,47.0,23355,EQ,,,
2011-01-31,47.05,47.5,44.2,46.55,17804,EQ,,,
2011-02-01,46.5,47.35,45.75,46.0,21009,EQ,,,
2011-02-02,46.05,48.7,45.75,47.75,18023,EQ,,,
2011-02-03,48.05,48.95,47.5,48.75,15251,EQ,,,
2011-02-04,50.0,58.5,50.0,55.75,1554812,EQ,,,
2011-02-07,56.0,56.25,49.1,50.25,373754,EQ,,,
2011-02-08,50.95,54.35,50.55,51.7,263655,EQ,,,
2011-02-09,51.05,51.9,46.6,47.35,73433,EQ,,,
2011-02-10,47.5,47.55,45.05,46.1,44163,EQ,,,
2011-02-11,46.0,49.1,46.0,47.6,49053,EQ,,,
2011-02-14,48.0,51.0,48.0,49.3,76058,EQ,,,
2011-02-15,49.5,50.45,49.1,49.4,33885,EQ,,,
2011-02-16,49.95,50.2,49.0,49.35,26242,EQ,,,
2011-02-17,49.5,50.75,48.75,49.05,43466,EQ,,,
2011-02-18,49.25,50.35,47.5,48.45,30353,EQ,,,
2011-02-21,48.55,48.95,48.0,48.1,9667,EQ,,,
2011-02-22,47.5,50.45,47.5,48.55,55093,EQ,,,
2011-02-23,48.6,49.45,48.0,48.15,17641,EQ,,,
2011-02-24,48.0,48.45,45.0,47.0,18026,EQ,,,
2011-02-25,47.5,48.1,47.05,47.75,14617,EQ,,,
2011-02-28,48.0,48.75,47.25,47.8,19021,EQ,,,
2011-03-01,48.25,48.95,47.8,48.6,28144,EQ,,,
2011-03-03,48.05,49.4,48.05,48.9,14013,EQ,,,
2011-03-04,49.7,49.75,48.55,48.7,12867,EQ,,,
2011-03-07,48.05,48.75,47.25,48.65,13421,EQ,,,
2011-03-08,48.1,48.8,48.0,48.1,11788,EQ,,,
2011-03-09,48.1,48.6,48.0,48.2,9153,EQ,,,
2011-03-10,55.5,55.5,47.6,48.2,15138,EQ,,,
2011-03-11,48.25,48.65,45.65,48.3,16676,EQ,,,
2011-03-14,48.1,48.9,47.25,47.4,52492,EQ,,,
2011-03-15,45.05,47.1,45.05,46.6,17349,EQ,,,
2011-03-16,46.85,47.25,45.8,46.0,165479,EQ,,,
2011-03-17,45.0,46.4,45.0,45.2,25460,EQ,,,
2011-03-18,45.5,46.95,44.55,45.4,123191,EQ,,,
2011-03-21,46.0,46.0,44.05,44.6,17078,EQ,,,
2011-03-22,46.5,46.5,44.05,44.5,32511,EQ,,,
2011-03-23,44.25,44.8,44.05,44.25,26367,EQ,,,
2011-03-24,44.8,46.45,44.2,45.7,35292,EQ,,,
2011-03-25,46.25,46.85,46.0,46.4,46782,EQ,,,
2011-03-28,46.8,46.8,44.5,45.0,20511,EQ,,,
2011-03-29,44.25,45.7,44.25,44.6,69967,EQ,,,
2011-03-30,44.8,45.75,44.25,44.8,39051,EQ,,,
2011-03-31,45.1,46.1,44.5,44.8,46585,EQ,,,
2011-04-01,44.6,45.95,44.6,44.95,65429,EQ,,,
2011-04-04,45.0,48.65,45.0,47.9,119634,EQ,,,
2011-04-05,48.7,55.0,48.7,50.2,889234,EQ,,,
2011-04-06,50.95,52.45,49.75,50.15,228765,EQ,,,
2011-04-07,50.45,51.7,49.85,51.05,119882,EQ,,,
2011-04-08,51.05,52.0,49.0,49.55,77612,EQ,,,
2011-04-11,49.15,50.1,49.15,49.5,74052,EQ,,,
2011-04-13,49.05,50.45,48.55,49.65,72220,EQ,,,
2011-04-15,49.9,50.0,48.5,48.8,65971,EQ,,,
2011-04-18,48.55,49.4,47.55,47.8,87562,EQ,,,
2011-04-19,47.3,48.0,47.2,47.5,29419,EQ,,,
2011-04-20,47.6,51.65,47.6,49.65,197956,EQ,,,
2011-04-21,50.0,50.2,48.35,48.7,31069,EQ,,,
2011-04-25,48.8,49.4,48.25,48.35,27271,EQ,,,
2011-04-26,48.05,48.85,47.75,48.5,20708,EQ,,,
2011-04-27,48.5,49.5,48.4,48.55,24258,EQ,,,
2011-04-28,48.15,48.7,47.0,47.3,50134,EQ,,,
2011-04-29,46.6,47.7,45.8,46.35,81034,EQ,,,
2011-05-02,45.7,47.25,45.7,46.55,29663,EQ,,,
2011-05-03,46.5,48.15,45.25,45.5,25938,EQ,,,
2011-05-04,46.0,46.4,45.5,46.0,36172,EQ,,,
2011-05-05,44.9,45.7,44.6,44.8,32463,EQ,,,
2011-05-06,45.9,45.9,44.3,44.55,24304,EQ,,,
2011-05-09,44.5,46.25,44.5,44.65,50928,EQ,,,
2011-05-10,44.0,45.1,43.55,44.5,19967,EQ,,,
2011-05-11,45.25,45.5,44.5,45.05,31541,EQ,,,
2011-05-12,45.0,46.25,44.3,44.5,30938,EQ,,,
2011-05-13,45.45,45.45,44.25,44.8,11812,EQ,,,
2011-05-16,45.35,45.35,43.9,44.5,7919,EQ,,,
2011-05-17,45.25,45.75,44.3,44.5,18514,EQ,,,
2011-05-18,45.35,45.35,44.15,44.25,16811,EQ,,,
2011-05-19,44.9,44.9,44.15,44.25,9138,EQ,,,
2011-05-20,44.1,44.75,44.0,44.15,14856,EQ,,,
2011-05-23,44.15,44.45,43.55,43.6,21280,EQ,,,
2011-05-24,43.55,44.05,43.15,43.3,10394,EQ,,,
2011-05-25,43.9,43.9,41.65,42.55,23298,EQ,,,
2011-05-26,42.5,44.0,41.75,41.8,22650,EQ,,,
2011-05-27,42.05,43.15,40.7,41.15,76597,EQ,,,
2011-05-30,41.5,42.0,40.05,40.45,49621,EQ,,,
2011-05-31,40.5,41.4,39.75,40.0,128609,EQ,,,
2011-06-01,40.95,40.95,39.9,40.25,51925,EQ,,,
2011-06-02,40.05,42.4,39.65,41.0,134153,EQ,,,
2011-06-03,41.9,41.95,40.75,40.9,18756,EQ,,,
2011-06-06,42.0,42.0,39.7,39.85,32645,EQ,,,
2011-06-07,40.0,40.45,39.85,40.0,19705,EQ,,,
2011-06-08,41.25,41.25,39.8,40.15,18314,EQ,,,
2011-06-09,40.5,40.5,39.65,40.0,12735,EQ,,,
2011-06-10,40.95,40.95,39.5,39.65,19882,EQ,,,
2011-06-13,40.0,40.0,38.75,39.05,18354,EQ,,,
2011-06-14,40.0,40.0,39.05,39.2,13428,EQ,,,
2011-06-15,39.5,39.55,38.95,39.05,13469,EQ,,,
2011-06-16,39.5,39.5,38.6,38.65,26068,EQ,,,
2011-06-17,37.55,39.75,36.8,37.4,99217,EQ,,,
2011-06-20,37.95,37.95,36.0,36.35,32638,EQ,,,
2011-06-21,36.5,37.15,36.3,36.4,13301,EQ,,,
2011-06-22,36.6,36.8,35.6,35.8,20130,EQ,,,
2011-06-23,36.3,36.3,35.5,35.8,17537,EQ,,,
2011-06-24,35.55,36.5,35.55,35.75,28179,EQ,,,
2011-06-27,35.7,37.45,35.5,37.0,37876,EQ,,,
2011-06-28,37.15,37.15,35.65,35.9,28274,EQ,,,
2011-06-29,36.8,36.8,35.55,35.75,33286,EQ,,,
2011-06-30,36.4,36.45,35.6,36.3,38569,EQ,,,
2011-07-01,36.85,37.5,35.6,35.8,114763,EQ,,,
2011-07-04,36.1,36.9,35.8,36.7,44747,EQ,,,
2011-07-05,37.0,37.0,36.35,36.4,18495,EQ,,,
2011-07-06,36.75,36.95,36.0,36.2,24482,EQ,,,
2011-07-07,36.5,36.75,36.15,36.55,18350,EQ,,,
2011-07-08,37.0,38.95,36.5,37.45,158981,EQ,,,
2011-07-11,37.25,38.95,36.55,37.6,106767,EQ,,,
2011-07-12,37.25,37.8,36.3,36.55,37372,EQ,,,
2011-07-13,36.7,37.25,36.7,36.85,19322,EQ,,,
2011-07-14,36.65,39.65,36.65,38.5,242438,EQ,,,
2011-07-15,38.5,38.9,37.05,37.4,38444,EQ,,,
2011-07-18,37.55,38.45,36.8,37.0,65522,EQ,,,
2011-07-19,36.7,37.5,36.7,36.85,25124,EQ,,,
2011-07-20,37.4,37.5,36.15,36.35,42133,EQ,,,
2011-07-21,36.2,36.45,35.3,35.5,48371,EQ,,,
2011-07-22,35.5,36.65,35.5,35.75,178557,EQ,,,
2011-07-25,35.5,36.4,35.5,35.85,66259,EQ,,,
2011-07-26,36.0,36.3,35.45,35.6,20368,EQ,,,
2011-07-27,35.95,35.95,35.05,35.35,13866,EQ,,,
2011-07-28,35.3,35.3,35.0,35.05,19506,EQ,,,
2011-07-29,35.25,35.55,35.05,35.25,16185,EQ,,,
2011-08-01,35.3,35.5,34.5,34.65,27545,EQ,,,
2011-08-02,34.15,34.75,34.0,34.0,17819,EQ,,,
2011-08-03,34.0,34.0,33.1,33.7,26165,EQ,,,
2011-08-04,34.5,34.6,33.5,34.1,13048,EQ,,,
2011-08-05,33.65,34.0,32.3,33.3,40679,EQ,,,
2011-08-08,32.05,33.1,31.55,32.2,23277,EQ,,,
2011-08-09,31.5,32.05,30.8,31.0,31786,EQ,,,
2011-08-10,31.3,32.75,31.3,31.8,10561,EQ,,,
2011-08-11,31.75,32.3,31.15,31.65,6878,EQ,,,
2011-08-12,32.6,36.5,32.5,34.95,660816,EQ,,,
2011-08-16,35.25,35.95,32.55,32.8,60229,EQ,,,
2011-08-17,33.0,33.0,31.0,31.45,32940,EQ,,,
2011-08-18,32.25,32.25,30.7,30.95,26960,EQ,,,
2011-08-19,30.55,30.95,30.0,30.5,35427,EQ,,,
2011-08-22,30.25,32.4,30.1,31.75,14527,EQ,,,
2011-08-23,31.75,32.5,31.55,31.85,14782,EQ,,,
2011-08-24,32.0,32.65,31.75,31.95,9342,EQ,,,
2011-08-25,32.0,32.25,31.25,31.4,8232,EQ,,,
2011-08-26,31.1,32.45,31.1,31.35,29613,EQ,,,
2011-08-29,31.5,33.5,31.45,32.75,67198,EQ,,,
2011-08-30,32.5,33.5,32.5,32.8,13784,EQ,,,
2011-09-02,33.5,34.3,32.6,33.75,28144,EQ,,,
2011-09-05,33.55,34.6,33.55,34.0,11652,EQ,,,
2011-09-06,33.55,34.2,33.25,34.0,9991,EQ,,,
2011-09-07,34.4,35.45,34.0,35.1,26181,EQ,,,
2011-09-08,35.45,35.95,35.05,35.5,9987,EQ,,,
2011-09-09,35.7,36.0,33.75,34.2,14469,EQ,,,
2011-09-12,34.95,35.45,33.25,33.55,9839,EQ,,,
2011-09-13,33.35,34.4,33.35,34.1,12300,EQ,,,
2011-09-14,34.3,34.3,33.1,33.7,11551,EQ,,,
2011-09-15,33.55,34.45,33.35,33.95,9894,EQ,,,
2011-09-16,34.4,34.95,33.6,33.8,18454,EQ,,,
2011-09-19,34.95,34.95,33.8,34.0,4856,EQ,,,
2011-09-20,33.55,35.2,33.55,35.05,13374,EQ,,,
2011-09-21,34.75,37.1,34.75,36.2,80820,EQ,,,
2011-09-22,36.0,36.2,33.8,34.1,12756,EQ,,,
2011-09-23,33.65,33.9,32.75,33.2,17198,EQ,,,
2011-09-26,33.5,33.7,32.25,32.5,8609,EQ,,,
2011-09-27,32.9,34.0,32.9,33.8,11590,EQ,,,
2011-09-28,34.0,34.25,32.6,33.05,8607,EQ,,,
2011-09-29,32.75,33.0,32.05,32.7,8879,EQ,,,
2011-09-30,32.95,33.05,32.35,32.6,3929,EQ,,,
2011-10-03,32.1,33.5,31.75,32.8,8937,EQ,,,
2011-10-04,32.3,33.0,31.65,31.75,29134,EQ,,,
2011-10-05,32.0,32.25,30.95,31.05,14961,EQ,,,
2011-10-07,31.35,34.05,30.95,32.05,39982,EQ,,,
2011-10-10,32.2,32.2,31.0,31.15,25953,EQ,,,
2011-10-11,31.4,32.0,31.05,31.2,27908,EQ,,,
2011-10-12,30.65,33.4,30.6,32.55,24859,EQ,,,
2011-10-13,32.6,33.65,32.6,32.95,22584,EQ,,,
2011-10-14,33.0,33.0,31.6,31.7,13425,EQ,,,
2011-10-17,32.0,32.5,31.9,32.05,7302,EQ,,,
2011-10-18,32.3,32.5,31.1,31.35,30799,EQ,,,
2011-10-19,31.9,32.0,31.4,31.7,7860,EQ,,,
2011-10-20,31.9,31.9,30.85,31.1,15373,EQ,,,
2011-10-21,31.4,32.5,30.95,31.05,14293,EQ,,,
2011-10-24,31.5,31.6,30.85,31.0,13478,EQ,,,
2011-10-25,31.05,32.65,30.85,31.3,67712,EQ,,,
2011-10-26,31.25,31.9,31.25,31.75,5850,EQ,,,
2011-10-28,31.6,32.8,31.6,32.5,26811,EQ,,,
2011-10-31,32.2,32.8,31.9,32.2,16084,EQ,,,
2011-11-01,32.0,32.75,31.75,31.9,10687,EQ,,,
2011-11-02,31.9,32.1,31.75,31.9,10415,EQ,,,
2011-11-03,31.65,32.3,31.6,32.0,7903,EQ,,,
2011-11-04,32.15,34.0,32.1,32.8,46455,EQ,,,
2011-11-08,32.8,33.0,31.85,32.15,16073,EQ,,,
2011-11-09,32.4,32.8,31.6,31.8,6472,EQ,,,
2011-11-11,31.5,32.0,31.1,31.25,12730,EQ,,,
2011-11-14,31.15,31.5,29.75,29.95,17426,EQ,,,
2011-11-15,29.8,30.45,29.2,29.35,11174,EQ,,,
2011-11-16,29.2,29.45,28.55,29.0,7317,EQ,,,
2011-11-17,28.55,29.25,27.5,27.8,9755,EQ,,,
2011-11-18,27.9,29.5,26.85,27.85,28835,EQ,,,
2011-11-21,27.55,27.75,26.55,26.95,9423,EQ,,,
2011-11-22,27.0,27.4,26.05,26.2,11778,EQ,,,
2011-11-23,26.15,26.75,25.3,25.7,27391,EQ,,,
2011-11-24,25.6,25.75,25.0,25.6,6922,EQ,,,
2011-11-25,25.4,26.8,25.1,26.6,18353,EQ,,,
2011-11-28,26.5,27.25,26.25,27.1,6000,EQ,,,
2011-11-29,27.25,27.45,26.75,26.85,2547,EQ,,,
2011-11-30,26.5,27.5,26.4,26.8,3045,EQ,,,
2011-12-01,27.5,27.5,26.65,27.3,5618,EQ,,,
2011-12-02,27.0,27.9,26.6,27.75,2656,EQ,,,
2011-12-05,27.25,28.45,26.65,27.65,2695,EQ,,,
2011-12-07,27.1,28.75,27.1,27.65,9622,EQ,,,
2011-12-08,27.3,27.55,26.0,26.5,4813,EQ,,,
2011-12-09,25.75,26.0,24.95,25.05,29739,EQ,,,
2011-12-12,25.4,25.85,24.25,24.5,18342,EQ,,,
2011-12-13,24.2,24.85,23.6,24.1,7485,EQ,,,
2011-12-14,23.15,24.4,22.5,22.9,12084,EQ,,,
2011-12-15,23.95,24.95,22.0,22.25,33249,EQ,,,
2011-12-16,22.15,22.75,21.7,21.8,35463,EQ,,,
2011-12-19,21.75,21.9,18.85,20.5,40630,EQ,,,
2011-12-20,21.0,21.0,19.65,20.5,8731,EQ,,,
2011-12-21,20.55,21.95,20.55,20.9,9152,EQ,,,
2011-12-22,20.55,21.4,20.55,21.2,7242,EQ,,,
2011-12-23,21.4,21.95,21.0,21.5,5478,EQ,,,
2011-12-26,21.15,22.0,21.1,21.5,4474,EQ,,,
2011-12-27,22.25,22.25,21.25,21.55,3263,EQ,,,
2011-12-28,21.55,21.9,21.0,21.1,7145,EQ,,,
2011-12-29,20.75,21.5,20.6,21.25,6460,EQ,,,
2011-12-30,21.0,21.4,20.75,20.95,5644,EQ,,,
2012-01-02,20.9,21.45,20.15,20.55,4122,EQ,,,
2012-01-03,21.45,21.7,20.75,21.1,11114,EQ,,,
2012-01-04,20.9,22.7,20.9,22.1,10441,EQ,,,
2012-01-05,22.5,25.7,22.5,23.9,141546,EQ,,,
2012-01-06,23.3,23.9,22.7,23.3,18648,EQ,,,
2012-01-07,23.3,23.6,23.0,23.45,1633,EQ,,,
2012-01-09,23.45,24.0,22.6,23.75,8759,EQ,,,
2012-01-10,24.0,26.9,24.0,25.7,51614,EQ,,,
2012-01-11,25.95,28.95,25.25,27.5,91291,EQ,,,
2012-01-12,27.0,27.95,26.25,26.95,22733,EQ,,,
2012-01-13,26.7,29.45,26.6,28.15,44055,EQ,,,
2012-01-16,27.75,28.15,27.55,28.1,9284,EQ,,,
2012-01-17,28.6,29.95,28.3,29.05,34698,EQ,,,
2012-01-18,29.0,34.5,28.55,31.9,442362,EQ,,,
2012-01-19,32.25,34.2,31.0,32.5,128660,EQ,,,
2012-01-20,32.65,33.1,30.75,31.05,38633,EQ,,,
2012-01-23,31.5,33.25,31.05,31.9,47656,EQ,,,
2012-01-24,32.5,32.5,30.5,31.0,28014,EQ,,,
2012-01-25,31.5,32.4,31.0,31.3,75582,EQ,,,
2012-01-27,31.3,32.0,30.3,30.5,36039,EQ,,,
2012-01-30,30.0,31.4,29.3,29.9,21216,EQ,,,
2012-01-31,30.0,31.25,29.7,30.65,19006,EQ,,,
2012-02-01,30.65,31.6,30.5,31.2,14048,EQ,,,
2012-02-02,31.4,32.35,31.2,31.7,36507,EQ,,,
2012-02-03,32.0,34.95,31.65,33.95,127644,EQ,,,
2012-02-06,35.0,37.3,35.0,36.05,103229,EQ,,,
2012-02-07,35.75,37.0,33.65,34.4,76114,EQ,,,
2012-02-08,34.1,37.1,34.05,35.95,108960,EQ,,,
2012-02-09,35.3,35.6,32.25,34.95,62085,EQ,,,
2012-02-10,34.55,36.0,34.0,34.3,27855,EQ,,,
2012-02-13,34.9,35.65,34.05,35.15,20669,EQ,,,
2012-02-14,34.75,37.3,34.65,36.8,73175,EQ,,,
2012-02-15,36.55,37.75,36.55,36.75,44969,EQ,,,
2012-02-16,36.65,39.5,35.3,38.9,101277,EQ,,,
2012-02-17,39.4,40.75,36.85,37.9,58899,EQ,,,
2012-02-21,38.1,40.45,36.7,39.05,162376,EQ,,,
2012-02-22,39.4,40.0,36.65,37.0,31877,EQ,,,
2012-02-23,37.0,37.0,34.9,35.9,20468,EQ,,,
2012-02-24,36.4,36.4,34.1,34.95,15227,EQ,,,
2012-02-27,34.8,34.8,33.05,33.35,15006,EQ,,,
2012-02-28,33.7,34.2,33.05,33.55,38038,EQ,,,
2012-02-29,34.45,35.2,33.6,33.75,56132,EQ,,,
2012-03-01,33.7,34.0,32.8,32.95,23702,EQ,,,
2012-03-02,33.0,33.6,31.75,32.05,22076,EQ,,,
2012-03-03,32.25,32.25,31.95,32.1,1368,EQ,,,
2012-03-05,31.55,32.2,31.0,31.45,9805,EQ,,,
2012-03-06,31.8,32.35,30.2,30.7,12209,EQ,,,
2012-03-07,30.25,30.8,29.5,29.75,14467,EQ,,,
2012-03-09,29.5,32.0,29.5,30.4,12845,EQ,,,
2012-03-12,30.45,31.75,30.45,30.85,12409,EQ,,,
2012-03-13,30.85,31.6,30.75,31.25,63267,EQ,,,
2012-03-14,31.85,31.85,30.5,30.8,16894,EQ,,,
2012-03-15,28.5,31.0,28.5,29.5,19193,EQ,,,
2012-03-16,29.3,30.25,29.0,29.2,12552,EQ,,,
2012-03-19,29.0,30.5,28.6,29.2,7951,EQ,,,
2012-03-20,29.0,29.95,28.5,29.25,24807,EQ,,,
2012-03-21,29.75,30.0,28.5,29.9,11227,EQ,,,
2012-03-22,30.35,30.4,28.55,28.7,8738,EQ,,,
2012-03-23,28.5,30.45,28.45,29.95,9730,EQ,,,
2012-03-26,29.8,30.5,28.55,28.65,8895,EQ,,,
2012-03-27,29.4,29.5,27.1,28.25,45560,EQ,,,
2012-03-28,28.25,28.7,27.1,27.45,28814,EQ,,,
2012-03-29,27.05,29.6,27.05,29.45,12828,EQ,,,
2012-03-30,29.2,29.6,28.1,28.7,17208,EQ,,,
2012-04-02,29.4,29.9,29.0,29.65,9734,EQ,,,
2012-04-03,29.1,30.75,29.1,30.2,13609,EQ,,,
2012-04-04,29.55,30.5,29.55,30.35,6067,EQ,,,
2012-04-09,30.75,30.95,29.55,29.75,9834,EQ,,,
2012-04-10,29.6,30.1,29.25,29.65,3264,EQ,,,
2012-04-11,29.5,30.0,29.15,29.35,6573,EQ,,,
2012-04-12,29.9,30.0,28.7,28.95,4547,EQ,,,
2012-04-13,28.7,30.2,28.7,29.1,8917,EQ,,,
2012-04-16,29.0,29.5,28.9,29.15,7143,EQ,,,
2012-04-17,28.7,30.0,28.7,29.65,8627,EQ,,,
2012-04-18,30.15,30.45,29.75,29.9,10767,EQ,,,
2012-04-19,29.8,30.45,29.5,30.15,8464,EQ,,,
2012-04-20,29.75,30.05,29.15,29.35,8097,EQ,,,
2012-04-23,29.3,29.75,27.95,28.1,4648,EQ,,,
2012-04-24,27.7,28.5,27.65,28.0,5842,EQ,,,
2012-04-25,28.45,28.45,27.15,28.0,4114,EQ,,,
2012-04-26,27.75,28.45,27.5,27.85,2603,EQ,,,
2012-04-27,27.65,27.85,27.1,27.5,5480,EQ,,,
2012-04-28,27.2,28.0,27.1,27.95,896,EQ,,,
2012-04-30,28.75,28.8,27.25,27.65,23476,EQ,,,
2012-05-02,27.55,28.5,27.5,27.65,3286,EQ,,,
2012-05-03,28.05,28.05,27.25,27.55,4754,EQ,,,
2012-05-04,27.75,27.75,27.25,27.55,15492,EQ,,,
2012-05-07,28.85,28.85,27.0,27.7,6671,EQ,,,
2012-05-08,27.25,28.4,27.25,27.25,11311,EQ,,,
2012-05-09,27.0,27.25,25.75,26.8,7465,EQ,,,
2012-05-10,27.0,27.55,26.55,26.9,4486,EQ,,,
2012-05-11,26.5,27.25,26.1,26.5,5453,EQ,,,
2012-05-14,26.3,26.5,25.05,25.55,11899,EQ,,,
2012-05-15,25.3,25.3,24.25,24.5,14880,EQ,,,
2012-05-16,24.5,24.5,23.25,23.75,23316,EQ,,,
2012-05-17,23.5,24.2,22.7,22.85,18986,EQ,,,
2012-05-18,22.55,23.65,22.55,23.45,6190,EQ,,,
2012-05-21,23.2,24.1,22.9,23.0,30837,EQ,,,
2012-05-22,23.15,23.45,23.0,23.05,16702,EQ,,,
2012-05-23,23.0,23.3,22.55,22.7,10328,EQ,,,
2012-05-24,23.3,24.75,23.15,23.8,38634,EQ,,,
2012-05-25,24.0,24.9,23.85,24.05,14180,EQ,,,
2012-05-28,24.1,24.6,23.8,24.4,52394,EQ,,,
2012-05-29,24.25,28.25,24.25,26.35,137916,EQ,,,
2012-05-30,26.35,26.35,24.55,24.8,28913,EQ,,,
2012-05-31,24.55,24.75,24.0,24.25,15212,EQ,,,
2012-06-01,23.95,26.2,23.55,25.1,28294,EQ,,,
2012-06-04,24.95,24.95,24.0,24.3,13975,EQ,,,
2012-06-05,24.25,24.9,23.95,24.1,12157,EQ,,,
2012-06-06,23.95,24.95,23.8,24.5,27243,EQ,,,
2012-06-07,24.75,25.6,24.5,25.0,59875,EQ,,,
2012-06-08,24.7,25.95,24.25,25.3,18245,EQ,,,
2012-06-11,25.5,26.6,25.5,25.6,28053,EQ,,,
2012-06-12,25.05,26.0,25.05,25.5,7344,EQ,,,
2012-06-13,25.4,26.2,25.3,25.4,6906,EQ,,,
2012-06-14,25.9,25.9,24.75,25.0,9784,EQ,,,
2012-06-15,25.0,25.45,23.15,23.6,45624,EQ,,,
2012-06-18,24.0,24.8,23.8,24.2,20086,EQ,,,
2012-06-19,23.8,24.4,23.6,23.8,8967,EQ,,,
2012-06-20,23.75,24.4,23.55,23.95,13543,EQ,,,
2012-06-21,23.85,24.25,23.75,23.95,20512,EQ,,,
2012-06-22,23.9,25.35,23.55,24.85,25170,EQ,,,
2012-06-25,24.65,26.1,24.35,24.5,33630,EQ,,,
2012-06-26,24.85,24.95,24.25,24.45,25982,EQ,,,
2012-06-27,24.2,24.95,24.2,24.5,14583,EQ,,,
2012-06-28,26.9,28.5,25.55,27.95,942878,EQ,,,
2012-06-29,28.7,28.7,27.2,27.8,269604,EQ,,,
2012-07-02,27.8,28.45,27.65,27.95,48075,EQ,,,
2012-07-03,28.3,28.7,27.7,28.05,72881,EQ,,,
2012-07-04,27.8,28.75,27.75,28.2,51671,EQ,,,
2012-07-05,28.0,28.55,27.85,27.95,107299,EQ,,,
2012-07-06,28.0,28.0,27.1,27.3,35968,EQ,,,
2012-07-09,27.2,27.5,26.8,27.05,40528,EQ,,,
2012-07-10,27.4,27.4,26.05,26.95,30135,EQ,,,
2012-07-11,26.8,27.75,26.75,26.95,20758,EQ,,,
2012-07-12,26.95,26.95,26.05,26.5,20038,EQ,,,
2012-07-13,26.95,27.15,25.45,26.15,19891,EQ,,,
2012-07-16,25.85,26.5,25.55,26.0,10667,EQ,,,
2012-07-17,26.15,26.45,25.7,25.9,8825,EQ,,,
2012-07-18,26.35,27.25,25.75,26.2,41612,EQ,,,
2012-07-19,26.75,26.75,25.55,25.8,12914,EQ,,,
2012-07-20,25.8,26.0,25.55,25.7,8167,EQ,,,
2012-07-23,25.55,25.55,24.7,25.1,8643,EQ,,,
2012-07-24,25.1,25.5,25.1,25.35,8112,EQ,,,
2012-07-25,25.1,25.45,25.05,25.15,6307,EQ,,,
2012-07-26,25.2,25.2,23.9,24.7,18632,EQ,,,
2012-07-27,25.25,25.45,24.05,24.25,12381,EQ,,,
2012-07-30,22.45,24.45,22.45,23.95,23770,EQ,,,
2012-07-31,23.95,24.2,23.55,23.65,18110,EQ,,,
2012-08-01,23.5,23.95,23.5,23.65,52431,EQ,,,
2012-08-02,23.9,24.4,23.65,24.0,6137,EQ,,,
2012-08-03,23.65,24.35,23.6,24.1,4267,EQ,,,
2012-08-06,24.35,25.45,24.05,24.95,40009,EQ,,,
2012-08-07,24.55,26.0,24.55,25.1,91597,EQ,,,
2012-08-08,25.8,27.25,25.4,25.75,241379,EQ,,,
2012-08-09,25.9,25.9,24.65,24.95,22456,EQ,,,
2012-08-10,24.95,25.45,23.8,23.9,66018,EQ,,,
2012-08-13,23.9,24.7,23.9,24.2,11141,EQ,,,
2012-08-14,24.3,24.3,23.8,23.9,43806,EQ,,,
2012-08-16,24.85,24.85,22.95,23.65,25970,EQ,,,
2012-08-17,23.75,24.2,23.0,23.3,34903,EQ,,,
2012-08-21,23.35,24.0,23.2,23.5,28709,EQ,,,
2012-08-22,23.6,24.4,23.05,23.8,69898,EQ,,,
2012-08-23,24.15,24.25,23.6,24.1,35497,EQ,,,
2012-08-24,23.55,23.95,23.5,23.65,22203,EQ,,,
2012-08-27,23.55,24.0,23.15,23.35,19020,EQ,,,
2012-08-28,23.75,24.4,23.0,23.35,26899,EQ,,,
2012-08-29,23.75,24.7,23.7,23.85,58818,EQ,,,
2012-08-30,24.05,24.05,23.55,23.95,22353,EQ,,,
2012-08-31,23.8,24.2,23.3,23.5,42011,EQ,,,
2012-09-03,23.9,24.0,23.5,23.65,42303,EQ,,,
2012-09-04,23.75,23.9,23.15,23.2,41952,EQ,,,
2012-09-05,23.8,23.9,23.1,23.2,9142,EQ,,,
2012-09-06,23.5,23.9,23.05,23.8,15081,EQ,,,
2012-09-07,23.65,24.25,23.6,23.9,18471,EQ,,,
2012-09-08,24.0,24.65,23.75,24.35,5793,EQ,,,
2012-09-10,24.4,24.4,23.5,23.75,37094,EQ,,,
2012-09-11,23.55,24.15,23.05,23.65,21141,EQ,,,
2012-09-12,24.0,24.4,23.5,23.8,54354,EQ,,,
2012-09-13,23.75,24.0,23.65,23.75,18570,EQ,,,
2012-09-14,23.8,24.45,23.8,24.25,37103,EQ,,,
2012-09-17,24.6,26.65,24.6,26.45,197285,EQ,,,
2012-09-18,26.5,27.45,25.85,26.95,172183,EQ,,,
2012-09-20,26.3,28.35,25.65,27.6,83976,EQ,,,
2012-09-21,27.75,30.45,27.4,30.0,202206,EQ,,,
2012-09-24,29.9,31.45,29.85,30.0,114726,EQ,,,
2012-09-25,30.0,31.45,29.6,29.9,84226,EQ,,,
2012-09-26,30.45,30.95,29.5,29.9,59958,EQ,,,
2012-09-27,30.5,30.5,29.0,29.3,31042,EQ,,,
2012-09-28,29.0,30.25,29.0,29.5,26025,EQ,,,
2012-10-01,29.5,30.7,29.25,30.35,31506,EQ,,,
2012-10-03,30.5,31.0,30.0,30.65,24174,EQ,,,
2012-10-04,30.8,34.25,30.5,33.2,196432,EQ,,,
2012-10-05,33.8,35.15,31.75,32.5,200542,EQ,,,
2012-10-08,32.6,33.7,30.8,32.6,46631,EQ,,,
2012-10-09,32.6,34.0,32.5,33.1,57300,EQ,,,
2012-10-10,32.75,32.75,31.0,31.45,50806,EQ,,,
2012-10-11,31.25,33.45,30.6,32.85,94497,EQ,,,
2012-10-12,33.0,33.55,32.5,32.55,29628,EQ,,,
2012-10-15,32.5,33.05,31.4,31.85,39049,EQ,,,
2012-10-16,32.45,32.9,31.25,31.45,25602,EQ,,,
2012-10-17,31.55,32.5,31.15,31.45,10192,EQ,,,
2012-10-18,31.4,32.95,31.4,32.6,23016,EQ,,,
2012-10-19,33.0,34.7,32.6,34.1,154262,EQ,,,
2012-10-22,34.1,34.45,32.9,33.0,44483,EQ,,,
2012-10-23,33.05,38.45,33.05,36.4,1840513,EQ,,,
2012-10-25,36.25,37.45,34.9,35.35,444311,EQ,,,
2012-10-26,35.7,35.75,33.55,33.75,85886,EQ,,,
2012-10-29,33.5,34.95,33.0,33.7,51064,EQ,,,
2012-10-30,33.55,33.85,32.05,32.5,64791,EQ,,,
2012-10-31,32.5,33.4,31.65,32.75,41932,EQ,,,
2012-11-01,32.8,34.25,32.5,33.35,73728,EQ,,,
2012-11-02,33.85,35.85,33.7,34.9,314991,EQ,,,
2012-11-05,35.2,35.45,33.65,34.0,173503,EQ,,,
2012-11-06,33.55,34.4,32.75,33.7,117463,EQ,,,
2012-11-07,34.0,34.9,33.1,33.85,173733,EQ,,,
2012-11-08,33.5,35.6,33.1,34.6,232628,EQ,,,
2012-11-09,35.25,37.6,34.95,36.1,645252,EQ,,,
2012-11-12,36.15,36.75,35.25,36.2,152479,EQ,,,
2012-11-13,36.1,37.2,36.1,36.75,68024,EQ,,,
2012-11-15,36.5,36.7,35.25,36.1,85724,EQ,,,
2012-11-16,36.25,36.55,34.2,34.6,68034,EQ,,,
2012-11-19,34.6,34.95,33.5,33.9,40224,EQ,,,
2012-11-20,34.4,34.4,32.6,32.8,49460,EQ,,,
2012-11-21,33.35,34.9,32.8,33.8,88578,EQ,,,
2012-11-22,33.8,34.85,33.65,33.8,44216,EQ,,,
2012-11-23,34.0,34.4,32.8,33.4,50097,EQ,,,
2012-11-26,33.25,33.8,32.85,33.25,39226,EQ,,,
2012-11-27,33.65,36.45,33.35,35.2,214011,EQ,,,
2012-11-29,35.6,36.0,34.95,35.3,98729,EQ,,,
2012-11-30,35.05,37.15,35.05,36.6,302956,EQ,,,
2012-12-03,36.75,36.8,36.0,36.2,58823,EQ,,,
2012-12-04,36.0,37.3,35.8,36.1,70697,EQ,,,
2012-12-05,37.0,39.45,36.55,38.6,379047,EQ,,,
2012-12-06,39.05,41.0,39.05,40.55,539797,EQ,,,
2012-12-07,40.95,41.85,40.25,40.85,217339,EQ,,,
2012-12-10,41.3,41.3,39.7,39.9,57861,EQ,,,
2012-12-11,40.25,40.4,38.35,39.15,61213,EQ,,,
2012-12-12,39.4,40.95,38.65,40.4,93335,EQ,,,
2012-12-13,40.8,42.7,39.8,40.15,373421,EQ,,,
2012-12-14,41.0,41.95,40.05,41.45,185308,EQ,,,
2012-12-17,41.5,43.4,41.4,42.7,302600,EQ,,,
2012-12-18,42.9,48.6,41.8,47.45,1308134,EQ,,,
2012-12-19,48.05,56.2,47.3,55.0,4424103,EQ,,,
2012-12-20,55.0,55.7,49.55,50.45,1637366,EQ,,,
2012-12-21,50.05,52.45,49.0,50.8,1429084,EQ,,,
2012-12-24,52.4,53.8,49.7,50.3,823326,EQ,,,
2012-12-26,50.65,50.9,49.15,50.0,329755,EQ,,,
2012-12-27,50.0,50.25,47.8,48.4,294268,EQ,,,
2012-12-28,48.8,50.0,47.05,47.3,297875,EQ,,,
2012-12-31,47.25,48.4,46.1,46.6,207718,EQ,,,
2013-01-01,46.95,48.0,46.75,47.2,319724,EQ,,,
2013-01-02,47.6,49.75,47.4,49.3,788205,EQ,,,
2013-01-03,49.55,50.85,49.3,49.7,578364,EQ,,,
2013-01-04,49.95,51.0,49.0,49.85,335105,EQ,,,
2013-01-07,50.05,51.2,49.3,49.75,445326,EQ,,,
2013-01-08,49.7,50.2,49.15,49.55,130906,EQ,,,
2013-01-09,49.8,51.4,49.5,49.6,368091,EQ,,,
2013-01-10,50.05,50.15,48.05,48.2,169612,EQ,,,
2013-01-11,48.4,48.4,46.0,46.4,134699,EQ,,,
2013-01-14,46.5,46.5,44.45,46.15,236679,EQ,,,
2013-01-15,46.3,47.6,46.0,46.5,165100,EQ,,,
2013-01-16,46.5,46.65,45.0,45.1,104179,EQ,,,
2013-01-17,45.25,46.45,44.85,45.6,98312,EQ,,,
2013-01-18,46.15,46.15,44.5,44.65,95288,EQ,,,
2013-01-21,44.9,46.45,44.8,45.0,102236,EQ,,,
2013-01-22,45.2,45.45,43.0,43.6,107134,EQ,,,
2013-01-23,44.15,44.15,42.05,42.8,83324,EQ,,,
2013-01-24,42.5,42.8,39.0,39.45,158961,EQ,,,
2013-01-25,39.5,40.9,38.7,40.4,124340,EQ,,,
2013-01-28,40.5,41.7,40.5,41.25,57827,EQ,,,
2013-01-29,41.5,42.65,39.0,39.85,136090,EQ,,,
2013-01-30,39.85,41.2,38.75,39.35,142727,EQ,,,
2013-01-31,39.45,40.25,39.1,39.4,97172,EQ,,,
2013-02-01,39.45,40.4,38.8,39.2,67353,EQ,,,
2013-02-04,39.55,39.65,38.5,39.05,70154,EQ,,,
2013-02-05,38.55,39.25,37.5,38.9,61647,EQ,,,
2013-02-06,38.95,40.0,38.5,38.85,43094,EQ,,,
2013-02-07,38.8,40.3,38.65,39.5,86547,EQ,,,
2013-02-08,39.55,39.9,38.7,39.7,85518,EQ,,,
2013-02-11,39.8,40.0,39.4,39.8,67883,EQ,,,
2013-02-12,39.7,41.3,39.25,39.75,140923,EQ,,,
2013-02-13,40.3,41.65,38.75,39.7,102662,EQ,,,
2013-02-14,39.1,40.15,39.1,39.95,74029,EQ,,,
2013-02-15,39.1,40.4,39.1,40.0,78119,EQ,,,
2013-02-18,40.0,43.0,39.5,39.8,29166,EQ,,,
2013-02-19,39.8,41.5,39.8,40.65,69744,EQ,,,
2013-02-20,40.75,41.25,40.05,40.35,24169,EQ,,,
2013-02-21,40.25,40.25,38.8,39.3,63352,EQ,,,
2013-02-22,39.0,39.7,38.6,39.05,11769,EQ,,,
2013-02-25,39.1,40.0,35.95,37.95,49023,EQ,,,
2013-02-26,38.5,39.3,36.25,37.6,36089,EQ,,,
2013-02-27,37.55,38.0,35.55,36.65,28662,EQ,,,
2013-02-28,37.05,37.9,34.05,34.85,38927,EQ,,,
2013-03-01,35.05,35.3,34.25,34.5,21663,EQ,,,
2013-03-04,33.65,34.3,31.75,32.25,36577,EQ,,,
2013-03-05,32.45,33.5,32.35,33.25,28461,EQ,,,
2013-03-06,33.75,35.75,33.7,35.4,93449,EQ,,,
2013-03-07,35.65,35.95,34.85,35.45,39951,EQ,,,
2013-03-08,35.75,36.65,34.9,35.45,48405,EQ,,,
2013-03-11,35.6,36.1,34.9,35.1,24242,EQ,,,
2013-03-12,35.3,35.95,33.45,34.4,43222,EQ,,,
2013-03-13,34.0,34.6,32.85,33.2,37546,EQ,,,
2013-03-14,33.5,34.6,33.0,34.15,31370,EQ,,,
2013-03-15,34.4,34.75,32.35,32.65,46216,EQ,,,
2013-03-18,32.8,32.8,32.25,32.45,9936,EQ,,,
2013-03-19,32.55,32.9,31.5,31.65,20529,EQ,,,
2013-03-20,31.55,31.85,29.4,29.9,33647,EQ,,,
2013-03-21,30.05,30.5,28.2,28.8,67200,EQ,,,
2013-03-22,29.5,29.5,27.2,28.25,39123,EQ,,,
2013-03-25,28.55,29.7,28.15,28.4,33087,EQ,,,
2013-03-26,27.55,30.0,27.5,28.05,27984,EQ,,,
2013-03-28,27.8,28.75,27.5,28.55,19263,EQ,,,
2013-04-01,29.0,30.95,28.25,30.6,48953,EQ,,,
2013-04-02,30.6,35.65,30.5,35.1,441623,EQ,,,
2013-04-03,35.2,36.0,33.0,33.25,91301,EQ,,,
2013-04-04,32.9,33.45,31.55,31.85,37478,EQ,,,
2013-04-05,32.2,32.45,31.5,31.9,16127,EQ,,,
2013-04-08,32.05,32.5,31.05,31.4,14549,EQ,,,
2013-04-09,32.15,32.75,31.05,31.3,26402,EQ,,,
2013-04-10,31.45,32.0,30.6,31.7,29603,EQ,,,
2013-04-11,31.5,32.85,31.5,31.8,17500,EQ,,,
2013-04-12,31.55,31.9,31.0,31.4,14606,EQ,,,
2013-04-15,31.0,33.9,31.0,33.2,110014,EQ,,,
2013-04-16,33.2,34.05,32.3,33.6,36314,EQ,,,
2013-04-17,34.25,34.7,33.5,33.7,39713,EQ,,,
2013-04-18,33.8,34.25,33.25,33.55,26885,EQ,,,
2013-04-22,34.45,37.1,34.3,36.1,235513,EQ,,,
2013-04-23,36.25,37.3,36.0,36.3,85106,EQ,,,
2013-04-25,36.6,37.7,36.55,36.75,107823,EQ,,,
2013-04-26,36.85,37.1,35.5,35.65,40372,EQ,,,
2013-04-29,34.4,35.5,34.4,35.1,27085,EQ,,,
2013-04-30,35.5,36.0,34.3,35.2,30793,EQ,,,
2013-05-02,36.05,36.75,35.25,35.5,68820,EQ,,,
2013-05-03,35.85,35.85,34.45,34.7,37507,EQ,,,
2013-05-06,34.7,37.5,34.55,36.7,205763,EQ,,,
2013-05-07,36.7,37.75,36.2,36.55,78110,EQ,,,
2013-05-08,41.5,41.95,38.55,38.95,1180095,EQ,,,
2013-05-09,39.6,39.7,37.75,38.0,199839,EQ,,,
2013-05-10,37.15,38.6,37.15,37.45,72988,EQ,,,
2013-05-11,37.5,37.5,36.55,37.15,11225,EQ,,,
2013-05-13,36.65,37.7,35.35,35.6,68444,EQ,,,
2013-05-14,35.75,36.7,35.05,35.4,74000,EQ,,,
2013-05-15,35.9,37.15,35.9,36.65,100795,EQ,,,
2013-05-16,36.9,37.45,36.65,37.0,115254,EQ,,,
2013-05-17,37.6,38.65,37.55,37.75,191031,EQ,,,
2013-05-20,37.55,38.65,36.4,36.6,97707,EQ,,,
2013-05-21,36.2,37.0,36.05,36.1,24862,EQ,,,
2013-05-22,36.1,37.1,35.2,35.35,62085,EQ,,,
2013-05-23,35.0,35.65,32.75,33.3,70067,EQ,,,
2013-05-24,34.4,34.9,33.55,34.1,38547,EQ,,,
2013-05-27,34.0,35.1,34.0,34.6,25692,EQ,,,
2013-05-28,34.5,36.55,34.5,35.95,55128,EQ,,,
2013-05-29,36.2,36.2,34.6,34.8,21714,EQ,,,
2013-05-30,34.55,36.4,34.55,35.05,25111,EQ,,,
2013-05-31,35.95,35.95,33.75,34.25,48748,EQ,,,
2013-06-03,33.0,34.6,33.0,34.4,32602,EQ,,,
2013-06-04,36.25,36.25,33.8,33.95,16503,EQ,,,
2013-06-05,33.8,34.25,33.25,33.65,12746,EQ,,,
2013-06-06,33.7,33.75,32.7,33.4,16169,EQ,,,
2013-06-07,33.3,34.9,33.1,33.4,40780,EQ,,,
2013-06-10,33.4,34.25,32.1,32.6,14634,EQ,,,
2013-06-11,32.5,32.5,30.65,31.7,23119,EQ,,,
2013-06-12,31.25,31.8,30.5,30.9,17231,EQ,,,
2013-06-13,30.85,32.15,29.8,30.85,16818,EQ,,,
2013-06-14,30.8,31.85,30.8,31.25,14274,EQ,,,
2013-06-17,31.25,31.85,30.75,31.3,7716,EQ,,,
2013-06-18,31.05,31.65,30.8,31.45,9265,EQ,,,
2013-06-19,31.45,32.55,31.3,32.05,11492,EQ,,,
2013-06-20,31.85,31.85,30.1,30.5,14668,EQ,,,
2013-06-21,30.5,31.45,30.25,30.9,11251,EQ,,,
2013-06-24,30.3,30.7,28.15,29.05,14896,EQ,,,
2013-06-25,29.3,29.95,28.25,29.3,13182,EQ,,,
2013-06-26,29.5,29.75,28.6,28.8,13517,EQ,,,
2013-06-27,28.55,29.5,28.25,28.85,15959,EQ,,,
2013-06-28,28.9,31.2,28.9,30.25,17951,EQ,,,
2013-07-01,30.5,32.9,30.35,32.6,67240,EQ,,,
2013-07-02,33.35,33.35,31.55,32.1,19622,EQ,,,
2013-07-03,31.9,31.9,29.0,29.3,68120,EQ,,,
2013-07-04,29.05,30.2,29.05,29.6,29483,EQ,,,
2013-07-05,29.8,30.5,29.55,29.65,19402,EQ,,,
2013-07-08,29.3,29.5,29.0,29.2,8167,EQ,,,
2013-07-09,29.05,29.9,29.05,29.75,13435,EQ,,,
2013-07-10,29.75,30.65,29.1,29.45,14347,EQ,,,
2013-07-11,29.6,30.35,29.45,29.75,21273,EQ,,,
2013-07-12,29.8,29.8,29.3,29.45,11938,EQ,,,
2013-07-15,29.0,30.2,29.0,29.75,18987,EQ,,,
2013-07-16,29.75,29.75,28.65,29.2,12506,EQ,,,
2013-07-17,29.25,29.25,28.6,28.7,15385,EQ,,,
2013-07-18,28.5,29.2,28.5,29.05,9826,EQ,,,
2013-07-19,28.3,29.35,28.3,28.6,22206,EQ,,,
2013-07-22,28.0,28.5,27.8,28.1,12940,EQ,,,
2013-07-23,28.5,28.5,27.8,28.2,9464,EQ,,,
2013-07-24,28.0,28.0,26.95,27.4,6302,EQ,,,
2013-07-25,27.65,29.3,27.05,27.4,57129,EQ,,,
2013-07-26,27.35,27.8,26.15,26.65,20449,EQ,,,
2013-07-29,26.65,26.85,25.6,26.35,21612,EQ,,,
2013-07-30,26.85,27.0,25.3,25.45,36110,EQ,,,
2013-07-31,25.25,25.75,24.05,24.85,21590,EQ,,,
2013-08-01,24.75,25.85,24.0,24.1,45709,EQ,,,
2013-08-02,24.1,24.4,23.75,23.8,22458,EQ,,,
2013-08-05,23.75,25.15,23.0,24.55,26848,EQ,,,
2013-08-06,24.25,24.25,22.75,23.15,40135,EQ,,,
2013-08-07,22.55,25.6,22.5,24.85,68293,EQ,,,
2013-08-08,25.4,27.25,24.15,26.7,52405,EQ,,,
2013-08-12,25.9,28.35,25.9,27.95,27330,EQ,,,
2013-08-13,28.0,28.7,27.0,28.45,37212,EQ,,,
2013-08-14,28.6,28.6,28.0,28.15,12056,EQ,,,
2013-08-16,28.0,29.75,25.9,26.0,21110,EQ,,,
2013-08-19,26.0,26.0,23.95,25.0,21637,EQ,,,
2013-08-20,24.75,25.75,24.35,25.35,39776,EQ,,,
2013-08-21,25.4,26.35,24.55,24.7,11315,EQ,,,
2013-08-22,26.75,26.75,24.15,25.0,10180,EQ,,,
2013-08-23,24.95,25.85,24.7,25.3,9332,EQ,,,
2013-08-26,25.5,26.5,25.5,26.25,10890,EQ,,,
2013-08-27,25.85,25.9,25.05,25.05,13505,EQ,,,
2013-08-28,25.0,25.65,24.1,25.25,8859,EQ,,,
2013-08-29,25.3,25.85,25.0,25.55,9419,EQ,,,
2013-08-30,25.85,26.0,24.95,25.1,12392,EQ,,,
2013-09-02,25.05,25.5,24.8,24.95,18077,EQ,,,
2013-09-03,26.0,26.0,24.6,24.85,15266,EQ,,,
2013-09-04,24.8,25.0,24.1,24.8,5652,EQ,,,
2013-09-05,24.1,25.9,24.1,25.4,11641,EQ,,,
2013-09-06,25.55,25.9,25.0,25.3,10953,EQ,,,
2013-09-10,25.5,28.0,25.5,26.7,65146,EQ,,,
2013-09-11,26.6,27.75,26.5,27.05,80300,EQ,,,
2013-09-12,27.2,27.8,26.8,26.95,39653,EQ,,,
2013-09-13,27.35,29.0,27.05,27.8,53811,EQ,,,
2013-09-16,28.45,28.45,26.9,27.1,19288,EQ,,,
2013-09-17,26.9,27.35,26.5,26.9,12265,EQ,,,
2013-09-18,27.65,27.65,26.5,26.8,4794,EQ,,,
2013-09-19,27.5,28.55,27.5,27.9,33129,EQ,,,
2013-09-20,27.9,28.2,26.5,26.85,27672,EQ,,,
2013-09-23,26.6,27.45,26.6,26.8,8609,EQ,,,
2013-09-24,26.6,26.8,26.0,26.25,7142,EQ,,,
2013-09-25,26.35,26.75,26.1,26.3,7264,EQ,,,
2013-09-26,26.2,27.5,26.1,27.05,11578,EQ,,,
2013-09-27,27.5,28.0,26.05,26.85,32361,EQ,,,
2013-09-30,26.75,26.9,25.7,26.2,12595,EQ,,,
2013-10-01,26.0,26.35,25.65,25.8,10993,EQ,,,
2013-10-03,26.2,26.9,25.9,26.2,26971,EQ,,,
2013-10-04,25.95,27.7,25.95,26.85,37407,EQ,,,
2013-10-07,25.95,27.4,25.95,26.9,32691,EQ,,,
2013-10-08,28.0,29.25,28.0,28.3,183207,EQ,,,
2013-10-09,28.0,31.0,27.95,29.8,323269,EQ,,,
2013-10-10,29.95,31.3,29.95,30.1,136879,EQ,,,
2013-10-11,30.7,30.8,29.5,29.8,73448,EQ,,,
2013-10-14,29.75,29.75,28.9,29.05,44679,EQ,,,
2013-10-15,29.3,29.65,28.3,28.6,30625,EQ,,,
2013-10-17,28.6,28.9,27.7,27.95,20368,EQ,,,
2013-10-18,27.55,28.15,27.55,27.8,43288,EQ,,,
2013-10-21,27.7,28.75,27.7,28.25,41787,EQ,,,
2013-10-22,28.4,29.5,28.3,28.75,63389,EQ,,,
2013-10-23,29.75,30.25,28.75,29.05,187572,EQ,,,
2013-10-24,29.45,29.55,28.35,28.65,54746,EQ,,,
2013-10-25,28.55,29.0,28.0,28.55,22306,EQ,,,
2013-10-28,28.5,29.75,27.5,27.75,43407,EQ,,,
2013-10-29,27.75,28.85,27.35,28.3,79793,EQ,,,
2013-10-30,28.3,29.3,28.25,28.3,171540,EQ,,,
2013-10-31,28.5,28.8,27.8,28.05,37439,EQ,,,
2013-11-01,28.0,29.15,28.0,28.4,74481,EQ,,,
2013-11-03,28.5,29.0,27.8,28.65,16802,EQ,,,
2013-11-05,28.65,29.95,27.75,29.2,224406,EQ,,,
2013-11-06,29.2,30.2,29.2,29.5,139982,EQ,,,
2013-11-07,29.5,31.6,29.05,30.05,555838,EQ,,,
2013-11-08,30.35,30.35,28.95,29.45,75673,EQ,,,
2013-11-11,29.75,29.75,28.35,28.6,29310,EQ,,,
2013-11-12,27.65,29.2,27.6,27.7,77354,EQ,,,
2013-11-13,27.7,28.15,27.0,27.45,77054,EQ,,,
2013-11-14,27.45,28.25,27.35,27.5,25444,EQ,,,
2013-11-18,27.55,28.6,27.55,28.05,67518,EQ,,,
2013-11-19,28.3,29.0,28.0,28.15,65110,EQ,,,
2013-11-20,28.45,28.75,27.75,28.0,65269,EQ,,,
2013-11-21,28.45,28.45,27.15,27.4,41018,EQ,,,
2013-11-22,27.95,28.4,27.1,27.35,26453,EQ,,,
2013-11-25,27.65,28.15,27.55,27.7,26185,EQ,,,
2013-11-26,27.9,27.95,27.4,27.45,110032,EQ,,,
2013-11-27,27.05,27.95,27.05,27.1,17554,EQ,,,
2013-11-28,27.55,27.7,27.05,27.1,39503,EQ,,,
2013-11-29,27.65,28.5,27.5,28.1,70882,EQ,,,
2013-12-02,28.7,28.7,28.1,28.25,92279,EQ,,,
2013-12-03,28.0,28.7,28.0,28.45,46827,EQ,,,
2013-12-04,28.5,30.05,28.3,29.0,144305,EQ,,,
2013-12-05,29.45,29.9,29.15,29.5,50649,EQ,,,
2013-12-06,29.6,30.4,29.3,29.8,74713,EQ,,,
2013-12-09,30.35,30.35,29.2,29.5,38327,EQ,,,
2013-12-10,29.25,29.45,28.25,28.65,19375,EQ,,,
2013-12-11,28.55,28.6,27.65,28.3,10986,EQ,,,
2013-12-12,28.1,28.8,28.0,28.4,26010,EQ,,,
2013-12-13,28.9,28.9,28.25,28.4,64003,EQ,,,
2013-12-16,28.7,28.7,27.8,28.0,12376,EQ,,,
2013-12-17,28.3,28.3,27.5,27.55,12688,EQ,,,
2013-12-18,27.55,32.6,27.5,31.75,5396450,EQ,,,
2013-12-19,31.7,32.15,29.85,30.1,416027,EQ,,,
2013-12-20,30.4,31.45,29.4,31.1,280023,EQ,,,
2013-12-23,31.2,31.7,30.8,31.15,195995,EQ,,,
2013-12-24,31.2,31.35,30.4,30.65,69243,EQ,,,
2013-12-26,30.75,33.55,30.75,31.4,372307,EQ,,,
2013-12-27,31.5,32.5,31.1,31.8,277352,EQ,,,
2013-12-30,31.8,32.05,30.75,30.95,76953,EQ,,,
2013-12-31,31.0,31.45,29.3,30.2,139083,EQ,,,
2014-01-01,30.25,31.9,30.25,31.25,223037,EQ,,,
2014-01-02,31.45,32.95,30.3,30.5,298205,EQ,,,
2014-01-03,30.4,32.25,30.1,31.7,262652,EQ,,,
2014-01-06,31.55,32.4,31.1,31.45,98799,EQ,,,
2014-01-07,31.5,31.55,30.25,30.5,102224,EQ,,,
2014-01-08,30.8,31.75,30.5,30.7,112192,EQ,,,
2014-01-09,30.5,31.4,30.3,30.5,54815,EQ,,,
2014-01-10,30.7,32.25,30.05,30.7,177735,EQ,,,
2014-01-13,30.75,31.6,30.25,30.65,52793,EQ,,,
2014-01-14,30.5,31.0,29.5,30.25,109806,EQ,,,
2014-01-15,30.5,30.7,30.1,30.25,16570,EQ,,,
2014-01-16,30.1,30.8,29.55,29.75,33655,EQ,,,
2014-01-17,29.05,30.0,29.0,29.1,30579,EQ,,,
2014-01-20,29.95,29.95,28.55,29.3,24336,EQ,,,
2014-01-21,29.5,29.75,29.05,29.3,21225,EQ,,,
2014-01-22,29.2,30.25,29.0,29.5,48449,EQ,,,
2014-01-23,29.9,30.95,29.3,30.1,102098,EQ,,,
2014-01-24,30.0,30.0,29.1,29.2,22781,EQ,,,
2014-01-27,28.9,29.0,27.75,28.3,42713,EQ,,,
2014-01-28,28.35,28.7,27.8,27.95,49261,EQ,,,
2014-01-29,28.35,29.0,28.1,28.4,35317,EQ,,,
2014-01-30,28.0,29.9,28.0,29.2,200242,EQ,,,
2014-01-31,29.2,29.75,28.7,29.45,50802,EQ,,,
2014-02-03,29.4,29.5,28.65,29.0,30810,EQ,,,
2014-02-04,28.5,29.05,28.1,28.85,20673,EQ,,,
2014-02-05,28.75,29.45,28.5,28.85,14568,EQ,,,
2014-02-06,28.3,29.25,28.3,28.45,13348,EQ,,,
2014-02-07,28.55,29.0,28.2,28.25,16786,EQ,,,
2014-02-10,28.25,28.9,28.05,28.45,16554,EQ,,,
2014-02-11,28.65,28.8,28.35,28.4,9133,EQ,,,
2014-02-12,28.5,28.75,28.3,28.4,5822,EQ,,,
2014-02-13,28.1,28.45,27.75,27.8,12851,EQ,,,
2014-02-14,27.8,27.95,27.5,27.7,14757,EQ,,,
2014-02-17,27.25,28.1,27.25,27.55,9479,EQ,,,
2014-02-18,27.25,28.9,27.25,28.45,88367,EQ,,,
2014-02-19,28.15,28.2,27.55,27.8,10374,EQ,,,
2014-02-20,27.55,27.95,27.4,27.55,7511,EQ,,,
2014-02-21,27.55,27.85,27.5,27.65,8014,EQ,,,
2014-02-24,27.5,27.8,27.25,27.35,7196,EQ,,,
2014-02-25,27.1,27.7,27.1,27.4,16215,EQ,,,
2014-02-26,27.8,27.8,27.25,27.4,18909,EQ,,,
2014-02-28,27.5,27.6,27.2,27.4,31084,EQ,,,
2014-03-03,27.05,28.25,27.05,27.7,14640,EQ,,,
2014-03-04,27.25,28.95,27.25,28.3,54606,EQ,,,
2014-03-05,28.0,29.75,28.0,29.0,150773,EQ,,,
2014-03-06,28.55,29.45,28.25,29.2,58991,EQ,,,
2014-03-07,29.0,30.6,29.0,30.05,105086,EQ,,,
2014-03-10,29.25,31.6,29.25,31.15,124854,EQ,,,
2014-03-11,31.15,32.6,30.05,31.15,310045,EQ,,,
2014-03-12,31.05,31.6,30.1,30.35,38518,EQ,,,
2014-03-13,30.15,30.8,29.55,29.75,27587,EQ,,,
2014-03-14,29.5,29.85,29.05,29.6,22911,EQ,,,
2014-03-18,29.65,30.3,29.3,29.45,40584,EQ,,,
2014-03-19,29.85,30.35,29.1,30.1,47150,EQ,,,
2014-03-20,29.75,29.9,29.15,29.25,32912,EQ,,,
2014-03-21,29.05,30.45,29.05,29.3,85831,EQ,,,
2014-03-22,29.3,29.65,29.3,29.5,1506,EQ,,,
2014-03-24,29.25,30.4,28.55,29.35,88070,EQ,,,
2014-03-25,29.25,29.65,28.65,28.8,44990,EQ,,,
2014-03-26,28.75,30.0,28.75,29.0,35009,EQ,,,
2014-03-27,28.85,29.6,28.85,29.1,63081,EQ,,,
2014-03-28,28.9,31.15,28.9,30.5,194274,EQ,,,
2014-03-31,30.9,31.3,30.25,30.55,91706,EQ,,,
2014-04-01,31.0,31.0,30.4,30.5,24651,EQ,,,
2014-04-02,31.0,32.45,30.35,31.75,131869,EQ,,,
2014-04-03,31.6,32.5,31.25,31.6,101446,EQ,,,
2014-04-04,31.6,32.95,30.4,32.35,203860,EQ,,,
2014-04-07,32.75,34.2,32.25,33.35,269973,EQ,,,
2014-04-09,33.35,34.4,33.35,34.0,121034,EQ,,,
2014-04-10,34.0,36.9,34.0,35.85,320520,EQ,,,
2014-04-11,35.3,36.4,35.05,35.9,118666,EQ,,,
2014-04-15,35.9,36.7,35.35,36.1,84370,EQ,,,
2014-04-16,36.0,36.5,34.1,34.4,86112,EQ,,,
2014-04-17,34.5,35.95,34.3,35.3,68223,EQ,,,
2014-04-21,35.45,37.0,35.3,36.1,68005,EQ,,,
2014-04-22,36.4,36.75,36.05,36.4,50880,EQ,,,
2014-04-23,35.95,36.45,35.3,35.65,19238,EQ,,,
2014-04-25,36.0,36.7,35.2,36.1,52475,EQ,,,
2014-04-28,35.6,37.4,35.6,36.85,128314,EQ,,,
2014-04-29,36.05,38.95,36.05,37.75,142348,EQ,,,
2014-04-30,38.0,38.5,36.25,36.8,60158,EQ,,,
2014-05-02,36.5,37.9,36.5,37.45,41827,EQ,,,
2014-05-05,37.25,37.6,36.25,36.4,24437,EQ,,,
2014-05-06,35.7,37.45,35.6,37.0,36632,EQ,,,
2014-05-07,36.8,39.7,36.8,38.8,218376,EQ,,,
2014-05-08,41.0,42.4,39.15,39.85,740564,EQ,,,
2014-05-09,40.3,40.3,38.25,38.75,155081,EQ,,,
2014-05-12,39.0,41.7,39.0,40.25,204331,EQ,,,
2014-05-13,41.0,41.35,40.25,40.4,192366,EQ,,,
2014-05-14,40.55,41.05,40.1,40.4,97959,EQ,,,
2014-05-15,40.4,41.75,40.05,40.75,140219,EQ,,,
2014-05-16,41.5,43.2,40.6,41.0,167946,EQ,,,
2014-05-19,40.85,45.4,40.85,44.9,306292,EQ,,,
2014-05-20,45.85,48.4,45.4,46.25,326066,EQ,,,
2014-05-21,46.5,51.5,46.5,49.7,425243,EQ,,,
2014-05-22,50.15,51.5,48.75,49.7,147475,EQ,,,
2014-05-23,50.95,54.7,50.0,53.75,443042,EQ,,,
2014-05-26,55.05,55.25,46.25,49.25,318819,EQ,,,
2014-05-27,48.75,50.5,44.45,49.7,239746,EQ,,,
2014-05-28,49.7,52.15,48.05,48.2,143325,EQ,,,
2014-05-29,48.05,50.0,47.5,48.2,103986,EQ,,,
2014-05-30,49.5,49.5,47.6,47.8,48033,EQ,,,
2014-06-02,48.0,51.5,46.6,50.6,167835,EQ,,,
2014-06-03,51.35,51.35,49.5,50.6,91455,EQ,,,
2014-06-04,50.3,52.0,50.15,51.7,113379,EQ,,,
2014-06-05,52.65,58.3,52.1,57.05,382969,EQ,,,
2014-06-06,61.0,68.45,59.5,66.95,1607862,EQ,,,
2014-06-09,69.6,71.25,65.0,69.5,832624,EQ,,,
2014-06-10,69.5,69.5,65.9,68.25,216818,EQ,,,
2014-06-11,70.95,70.95,65.0,67.7,232078,EQ,,,
2014-06-12,68.5,69.65,66.5,69.05,112469,EQ,,,
2014-06-13,68.5,69.05,62.0,65.0,348198,EQ,,,
2014-06-16,64.0,64.05,59.5,62.5,130065,EQ,,,
2014-06-17,62.6,64.25,60.0,62.6,125475,EQ,,,
2014-06-18,62.6,64.0,60.65,62.65,87665,EQ,,,
2014-06-19,63.25,64.45,61.55,62.05,57228,EQ,,,
2014-06-20,62.0,62.0,60.5,60.7,18259,EQ,,,
2014-06-23,60.1,62.95,58.6,61.9,69457,EQ,,,
2014-06-24,63.2,65.3,61.5,64.7,264300,EQ,,,
2014-06-25,68.0,69.0,63.35,64.55,227117,EQ,,,
2014-06-26,64.0,64.5,62.15,62.55,72022,EQ,,,
2014-06-27,62.0,64.0,60.0,60.55,74874,EQ,,,
2014-06-30,60.05,62.95,60.05,61.9,59846,EQ,,,
2014-07-01,62.25,63.2,61.0,61.25,48627,EQ,,,
2014-07-02,62.1,62.6,61.5,61.75,48260,EQ,,,
2014-07-03,60.55,64.0,60.55,62.35,75757,EQ,,,
2014-07-04,62.0,63.95,62.0,62.9,171927,EQ,,,
2014-07-07,63.05,63.5,62.05,62.6,44022,EQ,,,
2014-07-08,62.5,62.6,59.0,60.05,76904,EQ,,,
2014-07-09,59.5,60.0,57.05,59.1,25732,EQ,,,
2014-07-10,58.5,64.75,57.55,63.65,219071,EQ,,,
2014-07-11,64.2,65.95,59.45,60.0,98218,EQ,,,
2014-07-14,60.25,63.0,57.05,61.35,45673,EQ,,,
2014-07-15,60.25,62.75,60.25,61.55,80017,EQ,,,
2014-07-16,61.55,64.25,61.0,63.1,123261,EQ,,,
2014-07-17,62.75,63.5,62.05,62.55,26635,EQ,,,
2014-07-18,62.25,65.0,61.5,64.0,139288,EQ,,,
2014-07-21,63.0,67.0,63.0,65.95,376320,EQ,,,
2014-07-22,66.45,67.5,66.0,66.5,149596,EQ,,,
2014-07-23,66.25,67.0,65.75,66.25,83128,EQ,,,
2014-07-24,65.8,66.05,63.1,65.0,42705,EQ,,,
2014-07-25,64.0,66.95,63.55,65.2,123217,EQ,,,
2014-07-28,64.65,66.35,63.55,64.95,88659,EQ,,,
2014-07-30,63.8,67.5,63.8,64.55,230044,EQ,,,
2014-07-31,64.25,66.45,63.8,64.1,26045,EQ,,,
2014-08-01,63.8,67.5,63.35,64.85,85577,EQ,,,
2014-08-04,65.45,71.4,65.0,69.25,707474,EQ,,,
2014-08-05,69.95,70.5,68.15,68.95,224984,EQ,,,
2014-08-06,67.5,67.5,64.65,66.2,160951,EQ,,,
2014-08-07,65.1,66.3,61.55,65.7,202208,EQ,,,
2014-08-08,63.5,64.9,60.8,61.35,64613,EQ,,,
2014-08-11,63.0,64.45,61.55,62.4,51575,EQ,,,
2014-08-12,61.0,62.85,60.55,61.35,27057,EQ,,,
2014-08-13,61.0,62.85,60.0,60.45,45488,EQ,,,
2014-08-14,59.85,61.3,58.7,60.3,28652,EQ,,,
2014-08-18,59.6,62.5,59.6,62.1,22489,EQ,,,
2014-08-19,62.5,62.5,61.3,61.45,13662,EQ,,,
2014-08-20,60.9,63.5,60.75,63.05,44661,EQ,,,
2014-08-21,64.25,64.25,60.75,60.95,27687,EQ,,,
2014-08-22,61.3,63.2,61.1,62.9,61364,EQ,,,
2014-08-25,64.25,64.25,62.35,63.05,45543,EQ,,,
2014-08-26,63.05,63.05,61.75,62.5,15624,EQ,,,
2014-08-27,61.75,63.45,61.75,62.6,25397,EQ,,,
2014-08-28,62.15,63.2,62.15,62.6,17030,EQ,,,
2014-09-01,62.0,72.8,61.25,67.75,718622,EQ,,,
2014-09-02,68.5,68.95,65.0,65.9,145788,EQ,,,
2014-09-03,67.0,68.1,65.5,66.8,90444,EQ,,,
2014-09-04,66.8,66.8,63.8,64.7,33096,EQ,,,
2014-09-05,63.05,67.6,63.05,65.65,87314,EQ,,,
2014-09-08,64.0,67.35,64.0,66.8,72999,EQ,,,
2014-09-09,68.0,69.0,66.8,68.1,179767,EQ,,,
2014-09-10,68.0,72.25,67.3,71.3,408196,EQ,,,
2014-09-11,72.4,74.5,71.55,72.7,361423,EQ,,,
2014-09-12,72.5,77.25,72.5,76.45,449139,EQ,,,
2014-09-15,76.45,80.0,73.45,79.0,401427,EQ,,,
2014-09-16,79.05,80.5,70.05,72.6,239468,EQ,,,
2014-09-17,73.0,75.95,70.55,74.2,144654,EQ,,,
2014-09-18,74.0,77.25,73.0,75.1,105016,EQ,,,
2014-09-19,75.1,76.55,73.55,74.3,60368,EQ,,,
2014-09-22,71.35,74.5,71.35,72.55,56920,EQ,,,
2014-09-23,72.0,76.15,72.0,73.4,157743,EQ,,,
2014-09-24,72.8,73.9,70.5,71.65,34906,EQ,,,
2014-09-25,72.4,73.95,67.55,68.2,146193,EQ,,,
2014-09-26,67.75,70.85,65.05,70.1,59070,EQ,,,
2014-09-29,70.8,71.85,69.5,70.8,20796,EQ,,,
2014-09-30,69.75,72.4,69.75,71.6,30985,EQ,,,
2014-10-01,71.5,72.2,68.2,70.4,21215,EQ,,,
2014-10-07,70.4,74.9,69.95,72.75,90756,EQ,,,
2014-10-08,71.5,73.0,70.6,70.7,21578,EQ,,,
2014-10-09,70.4,74.2,70.4,71.45,31832,EQ,,,
2014-10-10,70.85,71.5,69.4,70.05,11485,EQ,,,
2014-10-13,68.5,71.35,68.5,70.45,12136,EQ,,,
2014-10-14,70.0,71.45,68.0,68.5,15717,EQ,,,
2014-10-16,68.0,69.35,65.8,66.05,18913,EQ,,,
2014-10-17,66.5,67.9,64.5,65.05,26063,EQ,,,
2014-10-20,66.1,68.6,64.0,64.2,58418,EQ,,,
2014-10-21,64.45,65.75,64.45,64.75,20518,EQ,,,
2014-10-22,65.5,65.5,64.9,65.0,19440,EQ,,,
2014-10-23,67.25,67.25,65.0,65.6,8819,EQ,,,
2014-10-27,66.0,67.0,65.95,66.55,22697,EQ,,,
2014-10-28,66.35,67.45,66.15,67.2,14817,EQ,,,
2014-10-29,67.8,69.35,67.75,68.65,39928,EQ,,,
2014-10-30,71.0,76.5,70.05,71.65,355803,EQ,,,
2014-10-31,72.1,73.9,72.1,72.8,74252,EQ,,,
2014-11-03,73.4,75.0,72.5,74.15,73903,EQ,,,
2014-11-05,76.5,79.25,74.3,77.1,298077,EQ,,,
2014-11-07,77.55,77.8,72.55,76.1,63671,EQ,,,
2014-11-10,77.0,77.0,74.3,74.75,40064,EQ,,,
2014-11-11,74.75,75.5,73.25,74.9,39383,EQ,,,
2014-11-12,75.0,75.25,71.5,72.05,57807,EQ,,,
2014-11-13,72.0,73.5,71.05,71.45,25659,EQ,,,
2014-11-14,72.0,73.35,70.2,71.1,34044,EQ,,,
2014-11-17,71.75,72.5,70.3,71.25,29676,EQ,,,
2014-11-18,70.5,72.5,69.2,69.7,44211,EQ,,,
2014-11-19,69.5,76.0,69.5,72.65,192911,EQ,,,
2014-11-20,73.25,73.7,71.0,71.3,52454,EQ,,,
2014-11-21,71.3,73.15,70.1,70.6,51656,EQ,,,
2014-11-24,70.5,71.85,70.0,70.6,37096,EQ,,,
2014-11-25,70.35,71.0,67.5,68.95,35386,EQ,,,
2014-11-26,68.5,72.85,68.5,71.6,35295,EQ,,,
2014-11-27,71.1,72.4,70.0,70.25,19730,EQ,,,
2014-11-28,69.85,71.75,69.55,70.2,21035,EQ,,,
2014-12-01,69.95,73.7,69.2,72.9,94227,EQ,,,
2014-12-02,73.0,73.0,70.0,71.5,28318,EQ,,,
2014-12-03,71.35,73.5,71.3,72.85,48695,EQ,,,
2014-12-04,74.0,80.0,73.55,78.8,680203,EQ,,,
2014-12-05,80.4,85.0,79.1,79.9,1223909,EQ,,,
2014-12-08,79.5,79.55,74.3,78.4,299749,EQ,,,
2014-12-09,77.5,80.0,74.7,75.5,124289,EQ,,,
2014-12-10,75.5,77.8,75.05,77.15,92665,EQ,,,
2014-12-11,76.5,77.5,74.85,75.75,44702,EQ,,,
2014-12-12,75.1,77.5,73.05,73.6,63277,EQ,,,
2014-12-15,73.6,74.95,70.7,71.0,91054,EQ,,,
2014-12-16,70.5,71.8,69.0,69.25,58870,EQ,,,
2014-12-17,69.0,70.1,65.95,69.15,88859,EQ,,,
2014-12-18,69.5,72.85,69.05,71.6,72849,EQ,,,
2014-12-19,71.75,73.0,71.05,72.5,54144,EQ,,,
2014-12-22,72.5,73.5,71.5,72.7,21625,EQ,,,
2014-12-23,72.3,73.45,70.55,71.5,23065,EQ,,,
2014-12-24,71.0,73.0,71.0,71.65,18826,EQ,,,
2014-12-26,71.65,72.75,70.85,71.2,18389,EQ,,,
2014-12-29,71.0,73.3,71.0,71.55,14882,EQ,,,
2014-12-30,72.0,74.0,71.8,72.3,31930,EQ,,,
2014-12-31,72.05,77.45,71.8,76.55,198959,EQ,,,
2015-01-01,77.0,77.2,74.35,74.95,67334,EQ,,,
2015-01-02,74.5,78.5,74.0,74.55,164639,EQ,,,
2015-01-05,74.55,75.85,72.5,73.3,77660,EQ,,,
2015-01-06,72.95,74.4,70.45,71.8,91958,EQ,,,
2015-01-07,72.0,72.65,69.65,71.0,33649,EQ,,,
2015-01-08,72.45,77.75,67.9,77.0,204361,EQ,,,
2015-01-09,81.5,88.5,81.5,83.3,2376000,EQ,,,
2015-01-12,83.5,84.95,81.15,81.9,410323,EQ,,,
2015-01-13,81.9,83.5,80.05,81.8,197213,EQ,,,
2015-01-14,81.6,82.4,80.05,80.65,83981,EQ,,,
2015-01-15,81.05,84.2,80.05,81.4,309965,EQ,,,
2015-01-16,81.85,84.4,79.75,82.3,270856,EQ,,,
2015-01-19,82.75,83.45,80.55,81.9,106243,EQ,,,
2015-01-20,81.05,85.4,81.05,84.05,204729,EQ,,,
2015-01-21,85.0,87.2,84.05,84.5,447717,EQ,,,
2015-01-22,84.85,85.5,83.0,85.0,130665,EQ,,,
2015-01-23,85.05,86.15,83.15,83.6,72014,EQ,,,
2015-01-27,83.6,87.0,83.1,85.4,217390,EQ,,,
2015-01-28,85.25,86.4,83.75,84.3,85414,EQ,,,
2015-01-29,84.0,86.0,83.0,84.65,125626,EQ,,,
2015-01-30,85.5,88.9,83.1,85.25,458705,EQ,,,
2015-02-02,89.95,90.0,85.8,86.5,455122,EQ,,,
2015-02-03,87.9,88.1,84.05,84.45,108471,EQ,,,
2015-02-04,86.7,86.7,81.8,82.55,105422,EQ,,,
2015-02-05,82.0,82.35,80.65,80.95,85524,EQ,,,
2015-02-06,80.95,80.95,77.6,77.9,86297,EQ,,,
2015-02-09,77.35,79.7,75.5,77.6,81706,EQ,,,
2015-02-10,77.5,82.25,77.5,79.8,123363,EQ,,,
2015-02-11,79.8,82.95,79.8,82.05,101625,EQ,,,
2015-02-12,82.85,82.85,81.05,81.5,90484,EQ,,,
2015-02-13,81.8,83.75,81.6,82.3,56738,EQ,,,
2015-02-16,81.75,82.5,78.75,79.3,64822,EQ,,,
2015-02-18,79.3,81.75,78.6,80.8,60505,EQ,,,
2015-02-19,80.95,81.45,79.6,80.0,30387,EQ,,,
2015-02-20,80.1,85.7,78.5,80.55,488897,EQ,,,
2015-02-23,80.9,81.4,78.75,79.1,63826,EQ,,,
2015-02-24,79.45,79.85,78.1,79.15,76019,EQ,,,
2015-02-25,79.45,80.8,77.0,77.6,93794,EQ,,,
2015-02-26,77.8,79.95,77.05,78.7,69155,EQ,,,
2015-02-27,78.25,82.0,76.85,80.2,159872,EQ,,,
2015-02-28,80.8,82.55,77.5,78.2,267912,EQ,,,
2015-03-02,78.95,81.45,78.0,80.0,85942,EQ,,,
2015-03-03,80.0,81.1,78.95,80.05,54081,EQ,,,
2015-03-04,80.8,81.95,78.1,78.8,79290,EQ,,,
2015-03-05,78.75,80.45,78.25,78.8,43629,EQ,,,
2015-03-09,78.6,78.6,76.25,76.75,63904,EQ,,,
2015-03-10,76.5,79.5,76.35,78.2,54791,EQ,,,
2015-03-11,77.75,79.0,76.35,76.7,35453,EQ,,,
2015-03-12,77.0,77.95,76.5,76.7,28707,EQ,,,
2015-03-13,77.0,78.9,74.6,74.95,54312,EQ,,,
2015-03-16,74.0,75.0,72.75,73.6,32455,EQ,,,
2015-03-17,74.0,74.7,72.55,72.8,34168,EQ,,,
2015-03-18,73.0,73.8,71.5,71.9,25582,EQ,,,
2015-03-19,71.95,74.25,71.95,73.4,40555,EQ,,,
2015-03-20,72.6,73.1,69.25,69.85,195657,EQ,,,
2015-03-23,72.5,72.5,67.1,67.6,162056,EQ,,,
2015-03-24,69.3,71.2,67.3,70.15,118776,EQ,,,
2015-03-25,70.9,71.25,68.85,69.5,157297,EQ,,,
2015-03-26,69.05,69.85,67.75,69.35,60243,EQ,,,
2015-03-27,68.05,70.0,68.05,69.75,70876,EQ,,,
2015-03-30,71.95,71.95,69.1,70.1,22344,EQ,,,
2015-03-31,70.0,73.5,70.0,71.5,95509,EQ,,,
2015-04-01,71.9,72.55,70.1,72.05,36484,EQ,,,
2015-04-06,72.3,74.95,69.4,73.65,97470,EQ,,,
2015-04-07,74.05,76.7,73.0,76.3,59803,EQ,,,
2015-04-08,77.2,81.5,76.0,78.4,271214,EQ,,,
2015-04-09,79.15,79.2,77.25,77.45,48828,EQ,,,
2015-04-10,76.55,77.45,75.8,76.35,35791,EQ,,,
2015-04-13,76.85,78.0,75.3,77.2,33476,EQ,,,
2015-04-15,78.0,80.0,76.1,76.6,49904,EQ,,,
2015-04-16,75.5,77.0,74.25,74.65,23448,EQ,,,
2015-04-17,74.95,76.0,73.6,75.05,34138,EQ,,,
2015-04-20,75.5,76.95,73.7,74.7,30740,EQ,,,
2015-04-21,73.65,75.95,72.8,73.25,26479,EQ,,,
2015-04-22,72.5,75.5,72.5,75.35,39085,EQ,,,
2015-04-23,76.0,76.15,74.5,74.85,23422,EQ,,,
2015-04-24,75.2,75.2,70.9,72.4,34359,EQ,,,
2015-04-27,71.15,74.0,70.5,72.6,45006,EQ,,,
2015-04-28,72.6,75.2,72.3,74.25,36098,EQ,,,
2015-04-29,75.0,78.2,73.55,77.45,145037,EQ,,,
2015-04-30,78.5,78.5,75.5,75.95,13860,EQ,,,
2015-05-04,76.1,79.25,74.0,77.75,34701,EQ,,,
2015-05-05,77.25,77.5,76.1,76.55,18103,EQ,,,
2015-05-06,76.3,76.55,73.5,75.05,37762,EQ,,,
2015-05-07,74.0,75.45,73.75,75.0,26714,EQ,,,
2015-05-08,75.0,77.0,75.0,75.35,15224,EQ,,,
2015-05-11,75.4,77.0,75.0,75.2,18455,EQ,,,
2015-05-12,74.5,76.5,73.6,75.1,16910,EQ,,,
2015-05-13,76.45,77.0,74.25,75.5,16993,EQ,,,
2015-05-14,75.1,76.0,73.75,74.75,7239,EQ,,,
2015-05-15,76.0,77.25,74.65,76.6,114966,EQ,,,
2015-05-18,77.25,80.65,77.0,80.0,195272,EQ,,,
2015-05-19,80.7,82.8,79.5,81.8,132213,EQ,,,
2015-05-20,81.0,83.45,78.1,79.6,120175,EQ,,,
2015-05-21,76.5,76.5,73.6,75.2,221901,EQ,,,
2015-05-22,74.5,76.75,74.0,74.3,40751,EQ,,,
2015-05-25,73.0,74.5,72.05,72.5,21550,EQ,,,
2015-05-26,72.5,72.95,70.55,71.3,26936,EQ,,,
2015-05-27,70.55,72.45,70.45,71.55,21863,EQ,,,
2015-05-28,71.9,72.5,71.05,71.95,15645,EQ,,,
2015-05-29,70.55,73.65,70.55,72.5,33516,EQ,,,
2015-06-01,72.5,73.4,72.5,73.1,26196,EQ,,,
2015-06-02,72.5,73.4,71.95,72.5,68435,EQ,,,
2015-06-03,72.05,72.45,66.7,69.2,40554,EQ,,,
2015-06-04,68.8,71.2,67.5,69.95,40622,EQ,,,
2015-06-05,69.8,70.55,68.6,69.0,18165,EQ,,,
2015-06-08,71.8,71.8,67.5,68.75,23681,EQ,,,
2015-06-09,68.75,70.9,68.75,70.3,19120,EQ,,,
2015-06-10,70.35,71.0,68.75,70.05,14437,EQ,,,
2015-06-11,70.05,71.0,68.8,69.4,30323,EQ,,,
2015-06-12,69.05,70.05,68.75,69.0,13789,EQ,,,
2015-06-15,69.25,70.0,67.5,69.6,26053,EQ,,,
2015-06-16,68.65,70.0,68.65,69.1,25278,EQ,,,
2015-06-17,69.0,70.5,68.55,69.25,36995,EQ,,,
2015-06-18,70.0,70.0,69.1,69.55,6838,EQ,,,
2015-06-19,69.75,70.45,69.05,69.15,11594,EQ,,,
2015-06-22,68.6,72.0,68.6,70.4,13186,EQ,,,
2015-06-23,70.6,71.15,69.5,69.95,10974,EQ,,,
2015-06-24,69.75,70.75,69.4,69.8,14395,EQ,,,
2015-06-25,70.45,71.3,69.55,70.1,9259,EQ,,,
2015-06-26,71.5,71.5,68.05,68.6,28676,EQ,,,
2015-06-29,68.0,68.5,66.2,67.75,25499,EQ,,,
2015-06-30,71.35,80.0,70.0,75.0,657580,EQ,,,
2015-07-01,73.6,75.45,72.05,73.1,79115,EQ,,,
2015-07-02,73.95,74.9,71.35,72.05,36490,EQ,,,
2015-07-03,71.6,73.4,70.5,71.0,22512,EQ,,,
2015-07-06,70.5,72.35,69.25,71.4,26706,EQ,,,
2015-07-07,72.5,73.0,70.05,72.0,341106,EQ,,,
2015-07-08,72.75,74.45,70.6,72.7,108128,EQ,,,
2015-07-09,72.75,74.9,71.5,72.65,35265,EQ,,,
2015-07-10,73.9,73.9,71.6,71.75,9908,EQ,,,
2015-07-13,70.25,74.0,70.25,73.3,22171,EQ,,,
2015-07-14,73.5,73.9,72.85,73.3,12449,EQ,,,
2015-07-15,73.25,74.9,72.5,73.25,24921,EQ,,,
2015-07-16,74.75,74.75,72.55,73.6,12309,EQ,,,
2015-07-17,73.1,74.75,72.0,74.2,24610,EQ,,,
2015-07-20,72.65,74.9,72.55,74.05,39602,EQ,,,
2015-07-21,73.75,74.45,73.75,74.0,49818,EQ,,,
2015-07-22,73.75,74.7,72.1,72.85,92451,EQ,,,
2015-07-23,72.5,74.2,72.0,73.55,24497,EQ,,,
2015-07-24,73.75,74.4,72.65,73.7,25950,EQ,,,
2015-07-27,73.25,74.0,71.8,73.3,26274,EQ,,,
2015-07-28,72.45,74.35,72.45,73.55,10519,EQ,,,
2015-07-29,74.5,74.5,71.0,71.45,26538,EQ,,,
2015-07-30,72.45,72.75,69.0,69.7,38940,EQ,,,
2015-07-31,68.6,72.0,68.6,71.55,41163,EQ,,,
2015-08-03,71.25,74.0,71.25,73.4,52980,EQ,,,
2015-08-04,74.15,74.4,72.25,73.75,23343,EQ,,,
2015-08-05,74.5,75.1,73.5,74.1,56266,EQ,,,
2015-08-06,81.5,82.4,77.0,77.65,890825,EQ,,,
2015-08-07,78.35,78.35,74.5,77.3,126120,EQ,,,
2015-08-10,77.5,78.7,75.75,77.5,110022,EQ,,,
2015-08-11,77.25,77.85,76.25,77.25,43076,EQ,,,
2015-08-12,77.7,77.95,74.15,74.95,69094,EQ,,,
2015-08-13,75.45,77.95,74.65,75.2,109591,EQ,,,
2015-08-14,75.1,77.45,74.5,76.1,31438,EQ,,,
2015-08-17,77.15,77.15,73.7,76.0,51435,EQ,,,
2015-08-18,76.1,77.0,74.5,75.05,17854,EQ,,,
2015-08-19,74.8,76.2,72.75,73.15,44731,EQ,,,
2015-08-20,73.0,75.45,72.3,74.5,26246,EQ,,,
2015-08-21,71.8,75.85,71.75,74.65,40337,EQ,,,
2015-08-24,73.0,73.0,67.3,67.7,56990,EQ,,,
2015-08-25,67.05,70.7,60.5,62.9,40892,EQ,,,
2015-08-26,66.5,66.5,62.55,65.35,16880,EQ,,,
2015-08-27,65.75,69.0,65.0,68.35,40085,EQ,,,
2015-08-28,69.0,72.35,66.25,67.1,23993,EQ,,,
2015-08-31,68.75,68.95,65.5,68.1,69722,EQ,,,
2015-09-01,67.5,68.5,66.05,66.8,21929,EQ,,,
2015-09-02,66.85,69.0,66.1,68.3,19313,EQ,,,
2015-09-03,68.85,70.0,66.2,69.55,31235,EQ,,,
2015-09-04,69.5,69.5,65.0,66.1,36529,EQ,,,
2015-09-07,66.5,66.7,64.95,65.3,35164,EQ,,,
2015-09-08,65.25,65.9,63.55,65.05,22736,EQ,,,
2015-09-09,66.2,67.3,65.75,66.1,53535,EQ,,,
2015-09-10,66.5,66.5,64.0,65.2,8921,EQ,,,
2015-09-11,65.8,66.9,65.5,66.55,16105,EQ,,,
2015-09-14,66.5,70.4,65.5,69.2,35432,EQ,,,
2015-09-15,69.2,71.0,67.65,69.1,16170,EQ,,,
2015-09-16,68.3,70.5,66.7,68.6,19885,EQ,,,
2015-09-18,70.4,70.4,68.05,68.75,12817,EQ,,,
2015-09-21,66.8,68.95,66.1,68.0,13277,EQ,,,
2015-09-22,68.2,68.9,65.25,65.9,27317,EQ,,,
2015-09-23,66.4,67.25,65.95,66.7,9891,EQ,,,
2015-09-24,67.0,67.7,66.05,67.25,7002,EQ,,,
2015-09-28,67.0,68.0,67.0,67.25,8184,EQ,,,
2015-09-29,66.8,74.4,66.5,71.1,88636,EQ,,,
2015-09-30,72.7,81.5,72.15,79.15,267590,EQ,,,
2015-10-01,80.0,80.0,74.25,75.2,82815,EQ,,,
2015-10-05,75.2,76.3,73.3,73.8,36248,EQ,,,
2015-10-06,74.5,79.0,72.7,77.9,78190,EQ,,,
2015-10-07,77.95,80.15,77.0,77.65,71511,EQ,,,
2015-10-08,77.7,79.55,76.65,77.55,57786,EQ,,,
2015-10-09,77.15,79.5,77.15,78.95,41265,EQ,,,
2015-10-12,79.5,80.2,77.05,78.65,44387,EQ,,,
2015-10-13,79.6,83.8,78.1,80.65,301047,EQ,,,
2015-10-14,80.95,82.7,80.65,81.1,62620,EQ,,,
2015-10-15,82.0,82.1,77.8,78.05,31118,EQ,,,
2015-10-16,77.6,78.75,76.95,77.05,19236,EQ,,,
2015-10-19,77.0,77.45,75.5,76.1,14558,EQ,,,
2015-10-20,76.05,78.95,75.75,76.9,21730,EQ,,,
2015-10-21,76.85,79.25,76.75,78.4,22780,EQ,,,
2015-10-23,77.75,79.4,75.5,76.25,9607,EQ,,,
2015-10-26,76.5,78.05,75.5,77.35,18222,EQ,,,
2015-10-27,78.45,78.45,76.7,77.3,9778,EQ,,,
2015-10-28,76.5,78.75,76.25,77.65,12330,EQ,,,
2015-10-29,77.4,78.7,76.55,78.05,10151,EQ,,,
2015-10-30,78.1,78.9,76.0,76.55,9048,EQ,,,
2015-11-02,75.55,77.9,75.55,76.85,13326,EQ,,,
2015-11-03,80.1,83.0,78.6,81.2,367573,EQ,,,
2015-11-04,81.5,82.5,80.3,80.9,64068,EQ,,,
2015-11-05,80.9,81.95,77.4,78.0,39484,EQ,,,
2015-11-06,79.2,79.6,75.65,76.1,22377,EQ,,,
2015-11-09,72.5,77.8,72.5,77.5,20958,EQ,,,
2015-11-10,77.0,77.5,76.55,76.85,9634,EQ,,,
2015-11-11,76.5,78.95,76.5,77.7,3290,EQ,,,
2015-11-13,78.4,82.25,77.45,78.6,22265,EQ,,,
2015-11-16,78.5,82.0,77.5,80.6,29333,EQ,,,
2015-11-17,80.7,81.5,78.6,79.3,33114,EQ,,,
2015-11-18,79.1,80.95,78.8,79.75,35192,EQ,,,
2015-11-19,79.15,81.95,78.75,79.0,42929,EQ,,,
2015-11-20,78.65,80.8,78.65,80.25,24797,EQ,,,
2015-11-23,80.75,86.4,80.0,85.15,292336,EQ,,,
2015-11-24,86.45,86.95,82.0,83.0,66951,EQ,,,
2015-11-26,81.8,83.75,80.05,80.65,50777,EQ,,,
2015-11-27,81.65,82.0,80.3,81.6,36728,EQ,,,
2015-11-30,81.9,82.05,80.2,81.2,19972,EQ,,,
2015-12-01,81.75,82.05,81.0,81.8,24819,EQ,,,
2015-12-02,81.5,83.7,81.0,81.9,41525,EQ,,,
2015-12-03,81.5,82.45,79.95,80.5,20310,EQ,,,
2015-12-04,78.95,83.2,78.95,80.3,29192,EQ,,,
2015-12-07,80.75,81.85,80.1,80.8,8685,EQ,,,
2015-12-08,80.2,81.0,77.1,78.0,39923,EQ,,,
2015-12-09,78.75,79.0,75.35,75.65,22340,EQ,,,
2015-12-10,77.35,77.9,75.25,76.9,16099,EQ,,,
2015-12-11,76.9,78.15,75.0,75.6,14522,EQ,,,
2015-12-14,75.1,76.5,75.0,75.25,10778,EQ,,,
2015-12-15,75.35,76.25,75.0,75.2,9535,EQ,,,
2015-12-16,76.65,76.65,75.25,75.6,8818,EQ,,,
2015-12-17,76.0,78.25,75.75,77.65,20240,EQ,,,
2015-12-18,78.2,78.2,76.25,76.55,43496,EQ,,,
2015-12-21,76.25,78.5,75.85,77.9,163485,EQ,,,
2015-12-22,78.95,79.5,75.95,76.45,49422,EQ,,,
2015-12-23,76.05,77.5,76.05,76.85,17374,EQ,,,
2015-12-24,76.5,78.95,75.85,78.4,45369,EQ,,,
2015-12-28,80.05,80.05,76.8,77.2,18895,EQ,,,
2015-12-29,77.2,78.25,76.3,76.7,12277,EQ,,,
2015-12-30,76.55,77.5,76.1,77.25,10683,EQ,,,
2015-12-31,77.2,77.95,76.45,76.85,5823,EQ,,,
2016-01-01,77.45,77.5,76.55,76.8,9332,EQ,,,
2016-01-04,76.55,78.2,76.5,77.5,24023,EQ,,,
2016-01-05,77.0,77.35,76.3,76.6,11208,EQ,,,
2016-01-06,76.6,77.25,76.0,76.8,14700,EQ,,,
2016-01-07,76.25,76.5,74.0,74.25,24983,EQ,,,
2016-01-08,74.15,76.75,74.0,75.85,16884,EQ,,,
2016-01-11,75.5,76.45,74.5,74.95,8846,EQ,,,
2016-01-12,74.95,75.7,74.0,74.2,8013,EQ,,,
2016-01-13,74.0,74.95,65.0,71.9,23064,EQ,,,
2016-01-14,71.9,71.9,67.75,68.8,16799,EQ,,,
2016-01-15,69.9,70.7,67.55,68.3,14718,EQ,,,
2016-01-18,67.5,72.5,66.05,67.1,21901,EQ,,,
2016-01-19,66.35,69.2,66.0,68.25,36197,EQ,,,
2016-01-20,67.75,69.45,66.15,68.05,94325,EQ,,,
2016-01-21,68.2,69.7,67.6,68.35,19396,EQ,,,
2016-01-22,67.85,69.9,67.85,68.5,24597,EQ,,,
2016-01-25,67.5,70.6,67.5,68.2,7707,EQ,,,
2016-01-27,68.5,69.35,68.3,68.65,9458,EQ,,,
2016-01-28,68.0,78.9,68.0,77.8,1026474,EQ,,,
2016-01-29,78.25,79.25,75.05,77.8,178087,EQ,,,
2016-02-01,78.85,79.45,76.5,78.05,48555,EQ,,,
2016-02-02,74.5,74.5,71.0,72.5,211147,EQ,,,
2016-02-03,71.6,74.3,70.0,72.85,154160,EQ,,,
2016-02-04,73.1,74.1,72.5,73.1,24265,EQ,,,
2016-02-05,72.4,74.35,71.5,73.15,19025,EQ,,,
2016-02-08,74.0,75.75,72.1,74.65,540781,EQ,,,
2016-02-09,71.8,73.45,71.6,72.1,11042,EQ,,,
2016-02-10,71.65,73.3,71.5,72.85,54269,EQ,,,
2016-02-11,71.5,74.45,71.05,72.85,63123,EQ,,,
2016-02-12,71.05,71.5,68.2,69.2,19341,EQ,,,
2016-02-15,70.0,72.85,70.0,70.45,9948,EQ,,,
2016-02-16,72.25,73.45,67.6,68.15,24881,EQ,,,
2016-02-17,67.65,70.0,66.15,69.65,21009,EQ,,,
2016-02-18,69.7,70.4,67.55,68.0,16654,EQ,,,
2016-02-19,69.0,69.0,67.55,68.3,3694,EQ,,,
2016-02-22,67.8,69.75,67.0,67.9,6586,EQ,,,
2016-02-23,67.6,68.9,67.6,67.65,4627,EQ,,,
2016-02-24,69.0,69.0,65.6,67.0,99317,EQ,,,
2016-02-25,68.0,68.35,67.05,67.2,5004,EQ,,,
2016-02-26,67.25,68.9,67.0,67.3,13179,EQ,,,
2016-02-29,65.3,67.7,65.3,67.3,5652,EQ,,,
2016-03-01,68.5,70.0,68.05,69.3,6437,EQ,,,
2016-03-02,69.9,71.95,68.8,71.1,14388,EQ,,,
2016-03-03,71.2,76.45,69.1,72.2,91472,EQ,,,
2016-03-04,72.5,72.5,69.8,70.3,23077,EQ,,,
2016-03-08,68.65,70.95,68.05,68.95,17185,EQ,,,
2016-03-09,68.85,72.85,68.75,70.9,37659,EQ,,,
2016-03-10,70.5,70.8,69.25,69.8,11085,EQ,,,
2016-03-11,70.0,72.45,67.85,69.1,31510,EQ,,,
2016-03-14,70.95,71.3,68.15,69.7,19298,EQ,,,
2016-03-15,69.7,72.0,68.6,70.0,15947,EQ,,,
2016-03-16,69.65,70.3,69.05,69.75,65978,EQ,,,
2016-03-17,71.4,72.4,68.75,69.35,6715,EQ,,,
2016-03-18,69.55,70.3,68.8,69.25,4995,EQ,,,
2016-03-21,68.0,70.7,68.0,70.15,12330,EQ,,,
2016-03-22,70.0,70.9,69.1,70.1,16790,EQ,,,
2016-03-23,70.0,70.5,69.35,69.8,4869,EQ,,,
2016-03-28,68.3,70.45,68.3,69.35,6724,EQ,,,
2016-03-29,70.0,70.3,69.0,69.8,213454,EQ,,,
2016-03-30,70.0,71.35,69.75,71.0,13201,EQ,,,
2016-03-31,74.35,74.45,71.5,72.1,256234,EQ,,,
2016-04-01,73.9,73.9,71.0,71.6,26800,EQ,,,
2016-04-04,72.0,72.2,69.8,70.25,24254,EQ,,,
2016-04-05,71.2,71.45,69.75,69.75,19991,EQ,,,
2016-04-06,70.45,70.45,69.35,69.8,11985,EQ,,,
2016-04-07,70.05,71.4,67.5,69.55,417686,EQ,,,
2016-04-08,70.4,71.25,68.1,71.05,28872,EQ,,,
2016-04-11,71.05,71.9,70.1,70.95,11361,EQ,,,
2016-04-12,71.25,71.55,69.65,70.9,17136,EQ,,,
2016-04-13,71.45,72.4,70.05,71.6,325246,EQ,,,
2016-04-18,69.05,75.9,69.05,74.3,81140,EQ,,,
2016-04-20,73.75,74.45,72.65,74.0,15688,EQ,,,
2016-04-21,74.0,75.0,74.0,74.5,32446,EQ,,,
2016-04-22,74.7,75.0,74.0,74.5,8972,EQ,,,
2016-04-25,74.95,76.45,74.0,75.5,222849,EQ,,,
2016-04-26,75.4,75.8,75.0,75.25,11538,EQ,,,
2016-04-27,75.0,85.0,75.0,77.5,392950,EQ,,,
2016-04-28,77.6,79.5,72.5,75.25,73333,EQ,,,
2016-04-29,75.35,76.85,74.95,75.1,29361,EQ,,,
2016-05-02,75.7,75.7,74.15,75.1,6574,EQ,,,
2016-05-03,74.6,76.3,74.6,75.35,17290,EQ,,,
2016-05-04,75.0,78.0,73.0,76.0,28659,EQ,,,
2016-05-05,76.5,77.0,75.55,76.15,24304,EQ,,,
2016-05-06,75.85,77.5,75.85,76.0,8769,EQ,,,
2016-05-09,73.9,77.25,73.9,76.0,13547,EQ,,,
2016-05-10,74.6,77.15,74.6,76.6,11699,EQ,,,
2016-05-11,76.0,77.75,76.0,76.2,6720,EQ,,,
2016-05-12,75.7,76.25,75.2,76.0,14382,EQ,,,
2016-05-13,75.45,77.3,73.75,76.0,232636,EQ,,,
2016-05-16,74.6,78.45,74.6,76.0,33275,EQ,,,
2016-05-17,76.5,77.5,75.5,76.0,79251,EQ,,,
2016-05-18,76.45,76.75,75.25,76.0,8227,EQ,,,
2016-05-19,77.2,77.5,76.0,77.0,42921,EQ,,,
2016-05-20,77.75,77.75,75.5,76.0,29142,EQ,,,
2016-05-23,75.7,76.9,74.5,74.95,9975,EQ,,,
2016-05-24,74.75,76.1,74.75,75.7,17054,EQ,,,
2016-05-25,76.0,77.5,75.5,76.0,10474,EQ,,,
2016-05-26,75.7,77.0,75.2,75.5,168482,EQ,,,
2016-05-27,76.0,78.2,75.05,76.1,37837,EQ,,,
2016-05-30,76.2,77.25,74.5,74.75,22542,EQ,,,
2016-05-31,74.75,76.45,74.0,74.55,7370,EQ,,,
2016-06-01,75.0,76.0,73.5,74.5,18235,EQ,,,
2016-06-02,74.95,80.0,73.75,77.75,539549,EQ,,,
2016-06-03,78.5,78.5,76.5,76.9,16437,EQ,,,
2016-06-06,76.5,77.95,75.05,75.45,11284,EQ,,,
2016-06-07,76.0,76.0,75.05,75.25,3729,EQ,,,
2016-06-08,75.95,77.35,75.05,76.0,5215,EQ,,,
2016-06-09,77.1,78.5,75.95,77.25,23251,EQ,,,
2016-06-10,77.2,78.5,77.2,77.6,16675,EQ,,,
2016-06-13,76.5,78.3,75.7,77.5,26328,EQ,,,
2016-06-14,77.35,78.25,77.35,77.5,7884,EQ,,,
2016-06-15,77.5,78.2,77.35,78.1,11830,EQ,,,
2016-06-16,77.5,82.4,77.4,79.3,146801,EQ,,,
2016-06-17,80.0,94.45,78.1,89.95,902003,EQ,,,
2016-06-20,86.0,87.35,82.1,82.6,377580,EQ,,,
2016-06-21,82.5,85.7,80.75,81.2,236626,EQ,,,
2016-06-22,81.3,83.45,79.1,79.6,108031,EQ,,,
2016-06-23,79.65,80.75,79.0,79.75,52156,EQ,,,
2016-06-24,76.85,77.9,75.05,77.5,74626,EQ,,,
2016-06-27,76.0,80.5,76.0,78.05,54767,EQ,,,
2016-06-28,78.2,79.7,77.5,77.9,35864,EQ,,,
2016-06-29,77.75,79.85,77.75,78.55,50578,EQ,,,
2016-06-30,79.1,82.1,79.0,80.2,52352,EQ,,,
2016-07-01,80.25,81.45,79.85,80.0,29148,EQ,,,
2016-07-04,80.0,83.75,80.0,80.75,80220,EQ,,,
2016-07-05,83.5,83.95,81.5,81.85,109784,EQ,,,
2016-07-07,82.4,84.0,81.0,81.05,64318,EQ,,,
2016-07-08,81.5,82.85,80.8,82.0,61139,EQ,,,
2016-07-11,81.0,82.5,80.55,81.35,21204,EQ,,,
2016-07-12,81.35,82.0,80.95,81.1,17938,EQ,,,
2016-07-13,81.25,81.7,80.5,81.0,22167,EQ,,,
2016-07-14,81.1,81.75,80.65,80.8,23159,EQ,,,
2016-07-15,80.8,82.0,80.3,81.05,17165,EQ,,,
2016-07-18,80.1,81.25,79.0,79.2,16863,EQ,,,
2016-07-19,79.5,79.9,79.0,79.15,6215,EQ,,,
2016-07-20,79.0,80.0,79.0,79.9,15484,EQ,,,
2016-07-21,80.0,90.0,79.6,84.65,373769,EQ,,,
2016-07-22,84.75,89.3,82.6,87.05,476168,EQ,,,
2016-07-25,87.8,88.4,83.75,84.3,68029,EQ,,,
2016-07-26,84.9,86.5,84.4,85.1,41067,EQ,,,
2016-07-27,85.0,85.45,82.85,84.4,95939,EQ,,,
2016-07-28,84.2,88.9,83.2,83.5,17370,EQ,,,
2016-07-29,83.05,87.6,83.05,86.3,47129,EQ,,,
2016-08-01,86.9,86.9,84.0,84.2,22471,EQ,,,
2016-08-02,83.75,84.95,82.6,83.35,16337,EQ,,,
2016-08-03,83.0,84.35,82.1,82.45,13148,EQ,,,
2016-08-04,82.25,87.25,79.3,82.7,259300,EQ,,,
2016-08-05,82.0,84.85,80.6,81.35,20503,EQ,,,
2016-08-08,81.2,82.5,80.05,81.85,33070,EQ,,,
2016-08-09,82.95,82.95,80.3,80.75,10630,EQ,,,
2016-08-10,80.75,80.75,79.55,79.9,15741,EQ,,,
2016-08-11,80.0,80.5,78.05,79.2,14788,EQ,,,
2016-08-12,79.25,80.5,78.55,79.15,15146,EQ,,,
2016-08-16,79.0,80.5,78.0,79.9,18686,EQ,,,
2016-08-17,80.0,84.2,79.55,83.15,52308,EQ,,,
2016-08-18,83.45,84.6,82.2,83.7,43222,EQ,,,
2016-08-19,84.05,86.9,83.05,85.85,60108,EQ,,,
2016-08-22,86.2,87.75,85.0,87.5,62411,EQ,,,
2016-08-23,87.5,88.7,85.6,86.0,305445,EQ,,,
2016-08-24,86.0,86.9,85.1,85.7,7435,EQ,,,
2016-08-25,86.0,86.25,84.05,85.2,28909,EQ,,,
2016-08-26,85.25,87.0,84.5,84.95,67364,EQ,,,
2016-08-29,85.0,86.0,85.0,85.15,9669,EQ,,,
2016-08-30,85.0,87.0,85.0,85.0,9829,EQ,,,
2016-08-31,85.0,87.5,85.0,85.15,21139,EQ,,,
2016-09-01,85.55,86.05,85.0,85.6,13198,EQ,,,
2016-09-02,85.0,86.45,85.0,85.55,7326,EQ,,,
2016-09-06,85.3,86.45,85.0,85.45,12742,EQ,,,
2016-09-07,85.2,87.0,85.0,85.5,24611,EQ,,,
2016-09-08,85.85,90.9,85.5,89.0,140926,EQ,,,
2016-09-09,89.85,89.85,86.6,87.1,19502,EQ,,,
2016-09-12,86.5,86.8,86.5,86.5,32194,EQ,,,
2016-09-14,86.5,88.5,86.5,87.35,31385,EQ,,,
2016-09-15,87.25,87.95,86.5,86.5,152722,EQ,,,
2016-09-16,88.5,88.5,85.35,87.5,19593,EQ,,,
2016-09-19,89.5,90.2,88.35,89.3,67332,EQ,,,
2016-09-20,89.3,89.3,87.4,87.55,13910,EQ,,,
2016-09-21,87.6,88.95,87.5,87.5,22091,EQ,,,
2016-09-22,87.5,89.45,86.5,87.5,537914,EQ,,,
2016-09-23,87.5,94.45,85.55,90.5,307198,EQ,,,
2016-09-26,91.35,93.45,87.5,88.55,69596,EQ,,,
2016-09-27,88.4,88.7,86.65,86.95,15420,EQ,,,
2016-09-28,89.0,89.0,86.0,86.75,14313,EQ,,,
2016-09-29,86.75,88.95,85.0,86.0,156452,EQ,,,
2016-09-30,85.5,88.0,83.4,86.8,17312,EQ,,,
2016-10-03,87.0,88.0,85.5,87.5,22265,EQ,,,
2016-10-04,87.0,88.0,86.5,87.35,14297,EQ,,,
2016-10-05,88.45,89.95,86.3,87.55,27801,EQ,,,
2016-10-06,87.5,88.45,86.65,87.35,11603,EQ,,,
2016-10-07,87.0,88.4,87.0,87.7,10018,EQ,,,
2016-10-10,87.1,88.25,87.0,87.8,4163,EQ,,,
2016-10-13,86.0,88.9,86.0,87.65,23104,EQ,,,
2016-10-14,88.45,92.0,87.25,88.85,228689,EQ,,,
2016-10-17,88.5,89.5,85.8,87.85,7824,EQ,,,
2016-10-18,89.4,89.4,87.05,87.5,4684,EQ,,,
2016-10-19,87.7,89.7,87.7,89.35,24797,EQ,,,
2016-10-20,91.0,91.0,87.25,87.8,4472,EQ,,,
2016-10-21,87.75,91.0,87.75,89.95,17288,EQ,,,
2016-10-24,90.1,90.5,86.95,89.5,9088,EQ,,,
2016-10-25,89.0,90.5,89.0,89.0,6366,EQ,,,
2016-10-26,88.5,91.0,87.7,90.25,16818,EQ,,,
2016-10-27,90.2,93.95,90.0,90.05,248873,EQ,,,
2016-10-28,89.7,90.5,88.55,90.0,15898,EQ,,,
2016-10-30,92.45,92.45,88.55,89.2,4230,EQ,,,
2016-11-01,88.9,90.5,88.05,90.05,10329,EQ,,,
2016-11-02,88.5,89.95,87.55,89.0,10679,EQ,,,
2016-11-03,88.9,90.5,88.9,90.0,11898,EQ,,,
2016-11-04,88.55,90.0,88.55,89.65,18785,EQ,,,
2016-11-07,88.7,91.45,87.55,87.65,7859,EQ,,,
2016-11-08,87.75,89.0,86.2,87.45,25429,EQ,,,
2016-11-09,80.0,83.45,70.0,82.5,61949,EQ,,,
2016-11-10,83.0,85.0,81.0,81.35,9630,EQ,,,
2016-11-11,80.95,82.25,79.15,80.3,21872,EQ,,,
2016-11-15,77.5,81.0,76.1,77.6,14318,EQ,,,
2016-11-16,76.6,79.95,75.8,78.3,14523,EQ,,,
2016-11-17,75.6,78.8,75.6,76.55,6878,EQ,,,
2016-11-18,76.5,77.5,75.25,75.9,18821,EQ,,,
2016-11-21,76.0,79.2,72.85,78.55,71092,EQ,,,
2016-11-22,80.0,84.95,76.7,83.0,52078,EQ,,,
2016-11-23,84.5,85.0,80.55,80.75,10535,EQ,,,
2016-11-24,80.75,82.2,80.75,81.45,11912,EQ,,,
2016-11-25,81.5,84.4,79.25,79.8,114992,EQ,,,
2016-11-28,79.05,79.45,76.7,77.2,71534,EQ,,,
2016-11-29,77.2,79.0,75.65,75.8,32433,EQ,,,
2016-11-30,76.15,76.5,75.5,76.1,47403,EQ,,,
2016-12-01,76.0,77.75,74.2,75.5,9564,EQ,,,
2016-12-02,74.3,77.5,74.0,76.05,8048,EQ,,,
2016-12-05,75.4,77.45,75.4,76.05,1778,EQ,,,
2016-12-06,76.0,77.0,75.5,76.55,6127,EQ,,,
2016-12-07,76.0,77.55,75.5,76.5,6492,EQ,,,
2016-12-08,77.0,77.5,75.65,76.85,5902,EQ,,,
2016-12-09,76.75,78.8,75.5,76.45,4395,EQ,,,
2016-12-12,76.0,79.5,75.5,78.55,10203,EQ,,,
2016-12-13,77.5,80.5,77.5,79.15,23093,EQ,,,
2016-12-14,78.5,80.45,75.5,76.15,7740,EQ,,,
2016-12-15,75.05,80.45,75.05,79.3,25373,EQ,,,
2016-12-16,81.25,82.2,78.05,79.1,47801,EQ,,,
2016-12-19,79.9,80.0,76.1,76.65,18934,EQ,,,
2016-12-20,76.4,77.35,75.05,75.5,52663,EQ,,,
2016-12-21,74.9,75.75,74.5,74.8,61397,EQ,,,
2016-12-22,74.0,75.4,73.5,75.05,7970,EQ,,,
2016-12-23,74.0,75.4,73.65,74.0,3053,EQ,,,
2016-12-26,72.5,74.45,72.5,72.8,4377,EQ,,,
2016-12-27,72.85,75.2,72.65,74.65,2979,EQ,,,
2016-12-28,74.05,75.4,73.55,74.95,9035,EQ,,,
2016-12-29,73.4,74.9,73.4,74.6,3118,EQ,,,
2016-12-30,75.05,75.25,74.15,75.05,2297,EQ,,,
2017-01-02,75.5,77.25,74.75,76.0,10678,EQ,,,
2017-01-03,76.15,77.5,75.75,76.8,17541,EQ,,,
2017-01-04,76.7,77.0,76.0,76.3,5896,EQ,,,
2017-01-05,76.5,77.0,76.0,76.5,14376,EQ,,,
2017-01-06,76.0,77.45,76.0,76.35,10010,EQ,,,
2017-01-09,76.75,78.45,76.0,77.7,15816,EQ,,,
2017-01-10,77.7,78.0,77.5,77.55,6854,EQ,,,
2017-01-11,77.5,78.0,77.5,77.7,10913,EQ,,,
2017-01-12,78.05,78.05,77.5,77.5,8642,EQ,,,
2017-01-13,77.6,78.1,77.5,77.6,23474,EQ,,,
2017-01-16,77.5,78.5,77.5,77.65,5609,EQ,,,
2017-01-17,77.95,77.95,77.5,77.8,7029,EQ,,,
2017-01-18,77.5,78.0,77.05,77.75,20526,EQ,,,
2017-01-19,78.45,78.45,77.5,77.5,7989,EQ,,,
2017-01-20,77.5,77.95,76.3,77.5,10073,EQ,,,
2017-01-23,76.55,79.45,76.55,79.0,21692,EQ,,,
2017-01-24,79.0,80.0,78.05,78.5,9666,EQ,,,
2017-01-25,78.5,79.75,78.25,78.5,1959,EQ,,,
2017-01-27,79.5,79.5,78.15,78.55,15829,EQ,,,
2017-01-30,79.15,79.75,78.0,79.4,11151,EQ,,,
2017-01-31,78.4,79.1,77.3,78.7,5021,EQ,,,
2017-02-01,79.45,80.25,78.05,79.45,18909,EQ,,,
2017-02-02,79.15,81.0,79.15,80.6,29326,EQ,,,
2017-02-03,81.2,82.0,80.5,81.6,34939,EQ,,,
2017-02-06,81.6,81.6,78.8,79.05,46421,EQ,,,
2017-02-07,79.85,80.5,78.9,79.1,24607,EQ,,,
2017-02-08,80.5,81.25,79.55,80.2,55549,EQ,,,
2017-02-09,79.65,85.0,79.3,84.5,168698,EQ,,,
2017-02-10,86.4,87.45,84.7,85.0,61950,EQ,,,
2017-02-13,86.0,86.0,82.0,82.45,13398,EQ,,,
2017-02-14,82.45,83.0,82.15,82.6,11133,EQ,,,
2017-02-15,82.45,83.0,80.05,80.7,9249,EQ,,,
2017-02-16,79.55,82.45,79.05,80.6,12902,EQ,,,
2017-02-17,80.55,82.9,80.55,81.55,7700,EQ,,,
2017-02-20,81.25,89.95,80.5,85.1,476135,EQ,,,
2017-02-21,87.45,88.5,85.0,86.05,35361,EQ,,,
2017-02-22,86.0,86.0,82.65,83.8,10765,EQ,,,
2017-02-23,81.85,87.15,81.85,85.0,89807,EQ,,,
2017-02-27,84.8,86.7,84.5,84.95,43337,EQ,,,
2017-02-28,84.65,86.0,83.8,85.7,84227,EQ,,,
2017-03-01,85.0,88.75,84.95,88.0,625387,EQ,,,
2017-03-02,88.3,90.0,86.9,89.75,99881,EQ,,,
2017-03-03,89.35,91.1,89.2,89.75,124065,EQ,,,
2017-03-06,89.5,91.95,88.05,91.0,39561,EQ,,,
2017-03-07,91.1,106.95,90.55,101.15,1434061,EQ,,,
2017-03-08,101.9,101.95,94.6,96.7,239849,EQ,,,
2017-03-09,96.7,100.3,95.6,98.85,186293,EQ,,,
2017-03-10,99.5,108.75,98.2,105.4,529458,EQ,,,
2017-03-14,105.55,108.75,102.2,106.15,126094,EQ,,,
2017-03-15,106.45,119.95,104.5,114.25,1134010,EQ,,,
2017-03-16,114.5,121.85,114.5,120.4,959245,EQ,,,
2017-03-17,120.6,121.25,115.55,116.35,190439,EQ,,,
2017-03-20,115.5,115.5,111.5,114.7,120106,EQ,,,
2017-03-21,114.0,117.45,111.8,114.2,598877,EQ,,,
2017-03-22,113.0,117.4,110.0,111.35,350308,EQ,,,
2017-03-23,112.0,116.95,112.0,114.65,219201,EQ,,,
2017-03-24,114.95,115.95,111.3,112.1,58425,EQ,,,
2017-03-27,113.75,113.75,109.1,110.25,37681,EQ,,,
2017-03-28,110.9,112.5,108.3,109.4,40026,EQ,,,
2017-03-29,112.0,117.4,108.65,112.85,168127,EQ,,,
2017-03-30,112.35,121.45,110.5,117.3,615969,EQ,,,
2017-03-31,117.5,124.2,114.4,115.75,740578,EQ,,,
2017-04-03,116.0,119.8,114.05,116.05,125070,EQ,,,
2017-04-05,116.95,125.2,115.15,123.9,513440,EQ,,,
2017-04-06,123.25,123.8,120.15,122.35,123231,EQ,,,
2017-04-07,122.35,125.5,118.75,120.15,77204,EQ,,,
2017-04-10,120.5,124.95,120.4,122.0,80388,EQ,,,
2017-04-11,121.85,124.25,120.6,121.05,42396,EQ,,,
2017-04-12,121.5,122.8,116.15,118.7,47362,EQ,,,
2017-04-13,119.3,124.85,117.5,119.9,114219,EQ,,,
2017-04-17,121.7,126.5,118.65,121.05,234024,EQ,,,
2017-04-18,121.95,122.65,115.75,117.1,82885,EQ,,,
2017-04-19,116.3,119.5,116.0,117.6,51839,EQ,,,
2017-04-20,117.0,120.5,117.0,119.0,48451,EQ,,,
2017-04-21,121.4,122.2,118.5,119.5,112789,EQ,,,
2017-04-24,121.85,123.85,120.0,121.5,181922,EQ,,,
2017-04-25,121.95,129.4,121.1,127.55,641549,EQ,,,
2017-04-26,129.5,130.0,123.1,124.4,169517,EQ,,,
2017-04-27,125.0,126.4,123.5,124.85,69577,EQ,,,
2017-04-28,125.45,125.65,122.5,123.15,53991,EQ,,,
2017-05-02,123.0,125.2,121.6,121.9,61321,EQ,,,
2017-05-03,121.9,125.5,121.55,122.15,150355,EQ,,,
2017-05-04,122.15,124.2,119.5,120.4,84244,EQ,,,
2017-05-05,120.5,122.95,119.1,119.8,73862,EQ,,,
2017-05-08,119.8,122.35,119.25,120.5,637875,EQ,,,
2017-05-09,122.0,123.0,121.15,122.5,198207,EQ,,,
2017-05-10,123.2,124.7,120.05,121.15,78182,EQ,,,
2017-05-11,121.25,124.5,121.25,122.65,34796,EQ,,,
2017-05-12,123.25,123.45,120.8,122.75,50140,EQ,,,
2017-05-15,122.75,124.4,120.8,122.5,33293,EQ,,,
2017-05-16,125.5,126.45,123.55,124.9,88554,EQ,,,
2017-05-17,125.1,126.8,122.8,126.2,103659,EQ,,,
2017-05-18,125.75,125.75,121.25,124.1,41818,EQ,,,
2017-05-19,123.2,126.1,123.0,125.1,55725,EQ,,,
2017-05-22,126.0,129.35,123.5,123.7,82433,EQ,,,
2017-05-23,130.0,130.0,118.45,121.1,176461,EQ,,,
2017-05-24,121.0,126.0,121.0,122.9,92910,EQ,,,
2017-05-25,123.5,125.5,122.9,124.45,33417,EQ,,,
2017-05-26,125.15,128.7,123.0,125.5,152015,EQ,,,
2017-05-29,125.5,127.2,124.25,125.2,48316,EQ,,,
2017-05-30,125.5,127.5,123.4,126.05,272558,EQ,,,
2017-05-31,127.0,127.1,125.25,125.8,21175,EQ,,,
2017-06-01,127.5,129.1,126.75,127.5,230627,EQ,,,
2017-06-02,128.0,129.25,125.8,126.95,47191,EQ,,,
2017-06-05,127.0,143.6,127.0,135.8,451967,EQ,,,
2017-06-06,134.55,136.75,130.0,130.6,66867,EQ,,,
2017-06-07,130.45,139.35,130.4,134.65,227945,EQ,,,
2017-06-08,135.0,135.75,131.75,132.8,54964,EQ,,,
2017-06-09,133.45,136.1,133.05,135.05,230219,EQ,,,
2017-06-12,134.95,135.25,131.0,132.2,27767,EQ,,,
2017-06-13,133.1,134.5,132.1,132.85,22145,EQ,,,
2017-06-14,133.2,133.75,131.15,132.05,17029,EQ,,,
2017-06-15,132.55,145.85,132.55,144.2,495387,EQ,,,
2017-06-16,145.75,146.45,141.25,142.75,246277,EQ,,,
2017-06-19,144.05,151.75,143.8,147.4,729655,EQ,,,
2017-06-20,148.85,148.85,143.0,144.2,64072,EQ,,,
2017-06-21,144.7,147.0,141.55,142.35,82163,EQ,,,
2017-06-22,142.3,144.55,136.3,136.9,512618,EQ,,,
2017-06-23,138.0,138.95,132.5,135.05,46422,EQ,,,
2017-06-27,135.2,136.95,131.25,133.7,532758,EQ,,,
2017-06-28,133.1,136.3,131.4,134.05,50789,EQ,,,
2017-06-29,136.25,136.25,127.0,130.7,568349,EQ,,,
2017-06-30,130.7,130.7,126.0,129.2,45502,EQ,,,
2017-07-03,131.9,134.95,131.3,132.25,75317,EQ,,,
2017-07-04,133.15,134.0,129.0,130.3,62253,EQ,,,
2017-07-05,130.0,133.0,129.55,130.2,41474,EQ,,,
2017-07-06,130.95,139.3,130.25,132.35,344212,EQ,,,
2017-07-07,133.0,133.0,129.8,130.6,67372,EQ,,,
2017-07-10,131.15,132.95,131.0,132.2,11195,EQ,,,
2017-07-11,134.5,138.5,133.75,135.25,390038,EQ,,,
2017-07-12,136.45,143.85,136.1,139.0,217328,EQ,,,
2017-07-13,139.9,141.25,138.2,139.05,69366,EQ,,,
2017-07-14,139.75,139.9,134.95,136.9,46057,EQ,,,
2017-07-17,138.2,143.0,137.5,139.9,110361,EQ,,,
2017-07-18,139.9,142.2,137.5,138.95,56535,EQ,,,
2017-07-19,139.7,140.65,135.5,136.85,33595,EQ,,,
2017-07-20,136.0,138.4,134.35,135.7,29114,EQ,,,
2017-07-21,137.2,137.2,135.0,135.4,22353,EQ,,,
2017-07-24,134.0,136.75,133.5,135.55,20111,EQ,,,
2017-07-25,136.9,139.1,134.3,137.65,25024,EQ,,,
2017-07-26,137.0,147.5,136.0,141.0,288890,EQ,,,
2017-07-27,141.95,142.25,138.0,138.8,66740,EQ,,,
2017-07-28,141.85,141.85,137.5,139.35,33364,EQ,,,
2017-07-31,140.5,142.2,139.5,139.9,39384,EQ,,,
2017-08-01,141.25,142.5,137.0,137.95,50701,EQ,,,
2017-08-02,138.35,140.0,136.4,137.2,37237,EQ,,,
2017-08-03,138.5,140.2,131.0,133.1,49887,EQ,,,
2017-08-04,133.1,136.0,133.1,134.55,47747,EQ,,,
2017-08-07,136.4,140.95,135.5,137.65,53579,EQ,,,
2017-08-08,139.15,139.5,135.0,137.5,32761,EQ,,,
2017-08-09,138.0,141.5,129.9,131.9,76811,EQ,,,
2017-08-10,130.25,132.95,124.45,126.35,97831,EQ,,,
2017-08-11,121.1,127.95,119.5,125.7,57143,EQ,,,
2017-08-14,127.25,133.5,127.25,131.9,25648,EQ,,,
2017-08-16,134.4,135.65,132.5,134.0,38336,EQ,,,
2017-08-17,134.95,134.95,131.0,132.05,24522,EQ,,,
2017-08-18,133.15,133.5,131.0,131.95,14459,EQ,,,
2017-08-21,131.6,134.8,130.55,133.15,24001,EQ,,,
2017-08-22,135.4,135.4,129.4,131.05,243071,EQ,,,
2017-08-23,130.6,133.5,129.8,131.1,19354,EQ,,,
2017-08-24,131.1,134.0,131.0,132.0,52423,EQ,,,
2017-08-28,131.3,136.0,131.1,134.4,17190,EQ,,,
2017-08-29,134.75,137.1,130.5,131.6,41524,EQ,,,
2017-08-30,133.9,135.0,132.0,132.25,17770,EQ,,,
2017-08-31,131.8,134.35,131.8,132.75,18542,EQ,,,
2017-09-01,133.4,136.75,132.85,135.1,43526,EQ,,,
2017-09-04,137.0,137.0,131.3,132.25,43647,EQ,,,
2017-09-05,132.05,137.4,132.0,133.7,46154,EQ,,,
2017-09-06,133.3,137.2,132.95,134.8,26418,EQ,,,
2017-09-07,136.15,138.0,133.55,134.6,50258,EQ,,,
2017-09-08,135.8,135.8,133.0,133.35,54012,EQ,,,
2017-09-11,134.65,135.0,132.5,133.15,46224,EQ,,,
2017-09-12,132.0,134.95,131.65,134.0,152111,EQ,,,
2017-09-13,134.0,136.75,133.0,134.45,51353,EQ,,,
2017-09-14,135.5,137.9,134.2,136.75,45493,EQ,,,
2017-09-15,135.75,137.4,134.5,135.1,178121,EQ,,,
2017-09-18,135.05,136.75,132.65,134.55,38032,EQ,,,
2017-09-19,135.0,136.0,132.25,134.95,1181614,EQ,,,
2017-09-20,134.0,135.7,131.55,132.0,125709,EQ,,,
2017-09-21,133.95,133.95,128.0,128.8,76438,EQ,,,
2017-09-22,127.15,129.5,125.0,126.1,161571,EQ,,,
2017-09-25,127.4,127.4,122.75,124.6,47332,EQ,,,
2017-09-26,125.95,127.4,122.5,125.25,44225,EQ,,,
2017-09-27,127.5,128.2,121.05,122.0,33034,EQ,,,
2017-09-28,122.2,125.5,119.0,120.1,172956,EQ,,,
2017-09-29,120.8,125.35,120.3,124.8,25707,EQ,,,
2017-10-03,122.6,127.9,122.6,125.9,39123,EQ,,,
2017-10-04,124.3,126.95,123.1,125.15,99341,EQ,,,
2017-10-05,125.6,125.6,122.1,123.05,37538,EQ,,,
2017-10-06,123.35,124.65,121.0,121.95,113713,EQ,,,
2017-10-09,120.55,130.95,120.55,127.7,635430,EQ,,,
2017-10-10,129.6,132.7,128.5,129.5,79956,EQ,,,
2017-10-11,129.65,133.05,125.9,131.75,69501,EQ,,,
2017-10-12,131.0,133.95,130.15,132.95,52845,EQ,,,
2017-10-13,132.7,134.95,130.55,131.55,36834,EQ,,,
2017-10-16,134.2,135.5,133.0,134.0,72478,EQ,,,
2017-10-17,135.4,136.6,134.05,134.45,72962,EQ,,,
2017-10-18,134.8,135.95,133.0,133.55,19429,EQ,,,
2017-10-19,137.5,137.5,133.55,134.55,12724,EQ,,,
2017-10-23,136.45,136.5,132.5,133.5,431678,EQ,,,
2017-10-24,135.0,138.9,133.6,134.95,112469,EQ,,,
2017-10-25,137.65,137.65,131.75,132.85,39009,EQ,,,
2017-10-26,134.45,136.45,132.5,134.45,27016,EQ,,,
2017-10-27,136.0,136.5,133.05,133.3,33335,EQ,,,
2017-10-30,134.5,135.75,132.5,133.15,33447,EQ,,,
2017-10-31,133.75,134.45,131.65,132.25,22940,EQ,,,
2017-11-01,133.0,135.9,131.3,134.95,288623,EQ,,,
2017-11-02,135.7,135.75,132.55,133.55,29681,EQ,,,
2017-11-03,131.65,145.0,130.3,139.65,144814,EQ,,,
2017-11-06,141.5,144.0,137.55,142.6,137592,EQ,,,
2017-11-07,143.5,145.0,138.0,142.55,81324,EQ,,,
2017-11-08,142.15,143.45,140.4,141.35,45253,EQ,,,
2017-11-09,141.1,144.75,140.9,141.6,23918,EQ,,,
2017-11-10,140.0,145.0,140.0,141.55,41090,EQ,,,
2017-11-13,143.95,147.45,141.55,142.0,43862,EQ,,,
2017-11-14,141.5,143.7,137.6,138.25,21467,EQ,,,
2017-11-15,138.0,138.05,132.65,134.3,17092,EQ,,,
2017-11-16,134.0,137.25,132.25,136.6,18802,EQ,,,
2017-11-17,139.45,142.5,137.75,141.2,317327,EQ,,,
2017-11-20,141.05,145.0,141.05,142.7,55584,EQ,,,
2017-11-21,144.95,146.0,143.45,144.25,251379,EQ,,,
2017-11-22,144.85,158.5,144.05,151.4,889272,EQ,,,
2017-11-23,152.75,153.85,147.55,149.05,162636,EQ,,,
2017-11-24,150.0,153.4,148.5,149.45,402298,EQ,,,
2017-11-27,149.5,152.25,147.95,149.45,66684,EQ,,,
2017-11-28,149.5,153.2,145.0,147.4,129966,EQ,,,
2017-11-29,148.4,162.15,148.0,150.6,822887,EQ,,,
2017-11-30,149.2,154.5,147.85,152.0,211114,EQ,,,
2017-12-01,153.3,156.2,149.6,150.85,203730,EQ,,,
2017-12-04,152.15,153.7,149.0,149.85,125080,EQ,,,
2017-12-05,151.05,152.3,147.8,148.7,106774,EQ,,,
2017-12-06,147.95,150.95,146.05,148.4,175905,EQ,,,
2017-12-07,149.15,151.0,146.9,148.35,137485,EQ,,,
2017-12-08,149.45,151.0,147.5,148.35,85064,EQ,,,
2017-12-11,149.75,150.5,148.1,149.3,73786,EQ,,,
2017-12-12,149.9,150.5,148.25,149.05,66057,EQ,,,
2017-12-13,149.65,151.35,147.05,148.55,185643,EQ,,,
2017-12-14,150.0,154.5,145.6,151.55,382183,EQ,,,
2017-12-15,154.15,154.45,147.65,149.0,142740,EQ,,,
2017-12-18,150.5,151.9,145.0,148.75,102625,EQ,,,
2017-12-19,148.3,152.0,148.3,150.1,120035,EQ,,,
2017-12-20,150.9,152.0,149.0,149.85,85830,EQ,,,
2017-12-21,150.9,158.5,150.5,156.7,318990,EQ,,,
2017-12-22,160.0,161.9,157.25,160.0,374769,EQ,,,
2017-12-26,161.0,161.75,155.0,156.1,167429,EQ,,,
2017-12-27,157.35,160.0,154.6,155.3,87547,EQ,,,
2017-12-28,155.55,157.5,155.55,156.1,43563,EQ,,,
2017-12-29,157.25,158.25,153.0,157.55,173114,EQ,,,
2018-01-01,161.0,162.45,155.55,156.7,149147,EQ,,,
2018-01-02,157.25,158.5,152.15,153.7,87646,EQ,,,
2018-01-03,155.35,157.5,153.3,154.0,68539,EQ,,,
2018-01-04,154.0,155.35,151.0,153.8,109817,EQ,,,
2018-01-05,154.75,155.05,153.5,154.1,50061,EQ,,,
2018-01-08,158.05,159.0,156.0,156.75,113510,EQ,,,
2018-01-09,158.0,158.05,155.5,156.4,49166,EQ,,,
2018-01-10,157.4,158.5,155.0,156.1,42939,EQ,,,
2018-01-11,155.0,159.0,155.0,157.65,62800,EQ,,,
2018-01-12,156.35,160.0,156.35,157.7,84090,EQ,,,
2018-01-15,158.5,159.7,154.0,155.3,87275,EQ,,,
2018-01-16,156.45,158.45,154.5,154.75,51387,EQ,,,
2018-01-17,155.15,155.15,151.45,152.2,37194,EQ,,,
2018-01-18,152.45,154.45,147.3,147.8,63804,EQ,,,
2018-01-19,147.8,149.65,145.25,145.9,48037,EQ,,,
2018-01-22,147.1,149.5,145.1,146.2,35965,EQ,,,
2018-01-23,145.5,152.45,145.5,151.4,57298,EQ,,,
2018-01-24,152.45,152.45,145.7,148.0,66562,EQ,,,
2018-01-25,155.0,155.0,146.0,146.6,29926,EQ,,,
2018-01-29,148.2,148.2,142.7,144.05,55267,EQ,,,
2018-01-30,143.3,147.0,139.55,140.0,43771,EQ,,,
2018-01-31,139.5,146.4,137.5,142.7,67628,EQ,,,
2018-02-01,143.95,147.55,142.4,144.8,46525,EQ,,,
2018-02-02,144.8,144.8,136.4,139.45,78643,EQ,,,
2018-02-05,131.05,142.4,130.85,139.4,37555,EQ,,,
2018-02-06,137.0,143.65,130.85,140.15,107653,EQ,,,
2018-02-07,142.45,145.25,140.45,143.9,27696,EQ,,,
2018-02-08,144.5,151.0,141.25,150.0,305327,EQ,,,
2018-02-09,140.05,149.05,140.05,147.7,35423,EQ,,,
2018-02-12,150.0,150.55,147.7,147.95,14803,EQ,,,
2018-02-14,148.85,150.05,147.5,148.4,18483,EQ,,,
2018-02-15,148.5,148.75,136.6,140.25,91543,EQ,,,
2018-02-16,142.9,146.5,140.75,142.6,128592,EQ,,,
2018-02-19,143.3,143.55,138.05,140.3,18913,EQ,,,
2018-02-20,141.2,145.0,137.6,141.35,34279,EQ,,,
2018-02-21,142.6,142.95,139.0,141.4,25675,EQ,,,
2018-02-22,139.0,141.4,138.75,139.45,11125,EQ,,,
2018-02-23,139.45,143.0,139.45,140.9,10509,EQ,,,
2018-02-26,142.0,142.9,139.15,140.5,34483,EQ,,,
2018-02-27,142.15,143.0,140.55,142.45,75288,EQ,,,
2018-02-28,142.0,143.95,141.05,142.65,25623,EQ,,,
2018-03-01,142.0,143.6,140.0,141.15,47070,EQ,,,
2018-03-05,141.95,141.95,136.05,136.4,17955,EQ,,,
2018-03-06,138.0,138.95,135.55,137.4,103111,EQ,,,
2018-03-07,138.5,138.5,130.5,135.75,46848,EQ,,,
2018-03-08,138.4,138.4,134.0,135.05,35572,EQ,,,
2018-03-09,134.15,137.65,134.15,136.1,28287,EQ,,,
2018-03-12,138.05,138.65,135.15,136.75,25172,EQ,,,
2018-03-13,137.2,138.25,134.75,137.6,30237,EQ,,,
2018-03-14,137.0,138.85,135.8,137.2,100041,EQ,,,
2018-03-15,137.0,138.5,136.1,137.05,109165,EQ,,,
2018-03-16,137.7,137.7,134.55,135.85,90012,EQ,,,
2018-03-19,136.0,136.9,131.2,132.15,16179,EQ,,,
2018-03-20,132.25,132.25,125.8,127.6,28402,EQ,,,
2018-03-21,128.5,132.4,126.5,127.95,98916,EQ,,,
2018-03-22,127.0,129.1,127.0,128.0,69483,EQ,,,
2018-03-23,127.0,130.4,124.75,127.25,31264,EQ,,,
2018-03-26,127.0,128.25,122.5,123.55,16369,EQ,,,
2018-03-27,126.4,126.9,124.05,125.3,23821,EQ,,,
2018-03-28,124.4,126.1,122.5,122.8,11583,EQ,,,
2018-04-02,123.0,134.0,123.0,131.75,22818,EQ,,,
2018-04-03,131.75,135.9,130.4,132.45,49626,EQ,,,
2018-04-04,132.45,133.5,127.55,128.65,21068,EQ,,,
2018-04-05,130.0,134.5,128.9,129.65,72746,EQ,,,
2018-04-06,133.1,134.0,131.0,131.6,122206,EQ,,,
2018-04-09,132.2,133.8,130.0,130.45,33662,EQ,,,
2018-04-10,131.5,132.25,128.75,129.35,19647,EQ,,,
2018-04-11,130.35,130.35,126.65,128.2,315296,EQ,,,
2018-04-12,127.9,130.0,125.0,125.9,31786,EQ,,,
2018-04-13,126.85,127.45,125.05,125.35,90177,EQ,,,
2018-04-16,125.0,125.2,123.4,125.0,14787,EQ,,,
2018-04-17,125.5,127.45,124.1,124.75,37833,EQ,,,
2018-04-18,126.0,126.0,123.1,123.35,37096,EQ,,,
2018-04-19,123.1,124.9,122.55,123.8,53432,EQ,,,
2018-04-20,122.65,128.5,122.65,125.8,35269,EQ,,,
2018-04-23,126.4,130.55,124.05,124.95,54629,EQ,,,
2018-04-24,125.3,130.45,125.3,129.7,562813,EQ,,,
2018-04-25,130.95,154.5,128.5,140.2,1521043,EQ,,,
2018-04-26,140.0,141.4,132.85,135.75,141081,EQ,,,
2018-04-27,135.8,140.1,133.25,139.7,112159,EQ,,,
2018-04-30,140.25,143.0,139.0,140.85,71267,EQ,,,
2018-05-02,140.75,145.5,136.0,138.2,39995,EQ,,,
2018-05-03,136.75,138.5,134.3,137.6,178422,EQ,,,
2018-05-04,138.4,138.4,134.75,136.0,41683,EQ,,,
2018-05-07,136.3,136.3,132.15,132.95,21686,EQ,,,
2018-05-08,135.0,135.0,132.0,133.7,103205,EQ,,,
2018-05-09,137.0,137.0,131.6,132.5,12253,EQ,,,
2018-05-10,133.25,134.0,129.5,130.25,12127,EQ,,,
2018-05-11,130.85,134.35,130.55,132.15,28650,EQ,,,
2018-05-14,135.0,135.0,130.25,131.6,36750,EQ,,,
2018-05-15,129.0,133.0,127.45,128.4,38257,EQ,,,
2018-05-16,127.15,133.25,126.25,128.6,26527,EQ,,,
2018-05-17,125.5,125.75,120.15,122.8,91718,EQ,,,
2018-05-18,120.7,127.4,120.7,125.6,162420,EQ,,,
2018-05-21,124.0,128.7,119.0,120.4,41534,EQ,,,
2018-05-22,120.45,124.9,120.45,123.5,20404,EQ,,,
2018-05-23,125.0,125.05,120.75,123.7,19275,EQ,,,
2018-05-24,124.5,124.75,122.5,123.55,7952,EQ,,,
2018-05-25,122.95,124.95,120.5,122.95,14688,EQ,,,
2018-05-28,122.45,125.0,122.15,123.95,13161,EQ,,,
2018-05-29,122.95,124.5,120.0,121.15,25707,EQ,,,
2018-05-30,120.5,125.0,120.0,123.0,21685,EQ,,,
2018-05-31,122.5,125.0,121.55,122.6,31111,EQ,,,
2018-06-01,122.75,123.85,120.0,122.35,13140,EQ,,,
2018-06-04,121.9,123.25,117.0,117.5,29566,EQ,,,
2018-06-05,118.0,119.8,112.0,115.4,336942,EQ,,,
2018-06-06,112.75,119.95,112.75,115.55,33043,EQ,,,
2018-06-07,115.0,125.5,115.0,124.3,34574,EQ,,,
2018-06-08,124.9,125.1,120.15,122.9,161521,EQ,,,
2018-06-11,122.5,125.0,121.45,124.05,25572,EQ,,,
2018-06-12,124.0,127.4,121.65,126.1,52174,EQ,,,
2018-06-13,126.2,127.5,122.5,123.5,24806,EQ,,,
2018-06-14,123.0,123.05,121.1,122.4,17193,EQ,,,
2018-06-15,120.95,123.05,120.95,122.45,268062,EQ,,,
2018-06-18,122.5,122.5,119.65,120.7,18944,EQ,,,
2018-06-19,120.7,120.7,117.0,117.45,23703,EQ,,,
2018-06-20,120.0,121.0,112.75,115.35,147481,EQ,,,
2018-06-21,115.5,117.7,112.75,113.5,86134,EQ,,,
2018-06-22,115.0,115.0,112.0,112.75,30697,EQ,,,
2018-06-25,115.95,115.95,108.4,108.65,37970,EQ,,,
2018-06-26,109.3,110.9,106.75,109.2,32218,EQ,,,
2018-06-27,109.55,110.35,106.1,107.8,55683,EQ,,,
2018-06-28,107.8,108.0,105.1,105.5,18499,EQ,,,
2018-06-29,105.55,108.6,105.05,106.1,12388,EQ,,,
2018-07-02,106.4,107.75,104.0,104.45,17486,EQ,,,
2018-07-03,102.65,106.0,102.65,104.55,20611,EQ,,,
2018-07-04,103.0,109.7,103.0,107.75,21721,EQ,,,
2018-07-05,107.6,112.4,101.9,102.4,24195,EQ,,,
2018-07-06,102.4,104.95,101.75,102.1,25351,EQ,,,
2018-07-09,103.25,105.9,102.0,103.1,166666,EQ,,,
2018-07-10,103.15,104.95,101.0,103.0,47229,EQ,,,
2018-07-11,103.0,104.5,100.0,101.0,173924,EQ,,,
2018-07-12,101.0,102.5,100.05,100.35,52507,EQ,,,
2018-07-13,100.0,100.9,98.05,99.1,16001,EQ,,,
2018-07-16,99.1,99.1,96.0,96.1,32348,EQ,,,
2018-07-17,96.1,97.25,95.35,95.55,16910,EQ,,,
2018-07-18,97.45,97.45,93.5,94.45,21649,EQ,,,
2018-07-19,94.35,95.0,89.1,91.3,229279,EQ,,,
2018-07-20,91.5,94.0,90.05,92.05,33809,EQ,,,
2018-07-23,92.05,93.6,91.55,92.5,35742,EQ,,,
2018-07-24,92.5,95.95,91.5,92.45,30729,EQ,,,
2018-07-25,94.0,95.5,92.9,93.55,36933,EQ,,,
2018-07-26,94.15,94.45,92.75,93.1,11776,EQ,,,
2018-07-27,93.1,94.85,92.45,93.1,48097,EQ,,,
2018-07-30,94.9,95.0,92.75,93.85,22235,EQ,,,
2018-07-31,94.0,107.95,93.55,98.3,433582,EQ,,,
2018-08-01,99.0,101.5,97.5,98.35,42122,EQ,,,
2018-08-02,98.5,98.5,96.0,96.25,189205,EQ,,,
2018-08-03,96.5,98.0,96.0,97.0,601185,EQ,,,
2018-08-06,97.5,99.5,96.8,97.55,22444,EQ,,,
2018-08-07,98.95,98.95,95.0,96.3,17453,EQ,,,
2018-08-08,95.1,97.45,95.0,95.95,39141,EQ,,,
2018-08-09,95.95,95.95,94.4,94.95,72980,EQ,,,
2018-08-10,95.0,96.0,93.5,94.75,51764,EQ,,,
2018-08-13,93.5,98.55,93.5,95.0,527543,EQ,,,
2018-08-14,96.4,97.5,95.05,97.15,63321,EQ,,,
2018-08-16,99.5,99.5,96.05,97.35,270067,EQ,,,
2018-08-17,98.5,98.85,96.1,96.5,90611,EQ,,,
2018-08-20,96.65,98.5,95.5,96.1,142509,EQ,,,
2018-08-21,96.15,98.5,95.8,97.65,91914,EQ,,,
2018-08-23,97.5,99.5,96.8,99.05,61982,EQ,,,
2018-08-24,100.0,101.9,99.0,99.85,53535,EQ,,,
2018-08-27,100.85,104.25,100.5,103.65,95866,EQ,,,
2018-08-28,104.6,105.0,98.65,102.05,62198,EQ,,,
2018-08-29,102.8,104.5,101.5,103.8,58507,EQ,,,
2018-08-30,105.0,109.5,103.85,107.65,132259,EQ,,,
2018-08-31,107.65,107.65,104.5,105.1,23865,EQ,,,
2018-09-03,108.0,111.5,106.15,109.2,394351,EQ,,,
2018-09-04,109.4,110.75,105.55,107.15,47271,EQ,,,
2018-09-05,107.5,109.5,103.55,107.95,280197,EQ,,,
2018-09-06,108.5,110.0,106.0,108.35,18341,EQ,,,
2018-09-07,110.5,110.5,107.1,108.85,21663,EQ,,,
2018-09-10,107.5,109.9,103.25,104.45,24842,EQ,,,
2018-09-11,102.55,105.0,99.05,99.95,18848,EQ,,,
2018-09-12,100.75,101.45,97.55,98.45,88296,EQ,,,
2018-09-14,98.6,104.0,98.6,101.9,24124,EQ,,,
2018-09-17,102.45,102.45,99.0,100.1,20688,EQ,,,
2018-09-18,99.35,101.6,99.35,100.1,27176,EQ,,,
2018-09-19,101.5,103.2,100.0,100.7,12714,EQ,,,
2018-09-21,100.6,101.5,99.0,99.35,33159,EQ,,,
2018-09-24,97.4,99.5,95.0,95.35,23129,EQ,,,
2018-09-25,96.4,99.45,94.15,97.85,93868,EQ,,,
2018-09-26,99.8,99.8,96.3,98.5,14942,EQ,,,
2018-09-27,97.1,99.55,97.0,97.5,33826,EQ,,,
2018-09-28,95.6,98.9,92.3,95.0,60019,EQ,,,
2018-10-01,95.0,97.45,89.8,95.2,41009,EQ,,,
2018-10-03,95.25,96.4,93.75,95.2,20244,EQ,,,
2018-10-04,95.5,95.5,93.1,94.7,19515,EQ,,,
2018-10-05,93.05,95.2,93.05,94.7,17008,EQ,,,
2018-10-08,92.6,95.0,92.5,93.85,13787,EQ,,,
2018-10-09,94.9,94.9,92.75,94.25,39539,EQ,,,
2018-10-10,92.65,97.35,92.65,96.5,9816,EQ,,,
2018-10-11,96.5,97.4,92.5,95.8,9595,EQ,,,
2018-10-12,95.25,97.1,93.8,95.05,31992,EQ,,,
2018-10-15,97.5,108.5,94.3,100.3,274552,EQ,,,
2018-10-16,100.0,101.7,93.35,97.3,35474,EQ,,,
2018-10-17,99.5,99.5,94.9,95.8,14375,EQ,,,
2018-10-19,94.0,96.5,93.5,94.85,11377,EQ,,,
2018-10-22,94.75,95.65,93.05,94.9,144725,EQ,,,
2018-10-23,93.1,95.45,92.45,92.85,26772,EQ,,,
2018-10-24,93.05,94.65,87.5,89.95,258524,EQ,,,
2018-10-25,89.5,89.5,85.0,85.35,26888,EQ,,,
2018-10-26,83.5,84.0,80.05,81.45,34019,EQ,,,
2018-10-29,80.5,82.25,79.3,79.9,38404,EQ,,,
2018-10-30,79.5,84.1,78.25,80.0,149374,EQ,,,
2018-10-31,80.1,81.4,78.95,80.0,170801,EQ,,,
2018-11-01,80.5,90.95,80.5,87.75,49355,EQ,,,
2018-11-02,88.0,90.0,87.25,88.15,32708,EQ,,,
2018-11-05,89.1,90.0,87.2,89.2,9571,EQ,,,
2018-11-06,91.0,91.0,85.6,88.05,12432,EQ,,,
2018-11-07,88.05,90.85,88.05,89.65,4645,EQ,,,
2018-11-09,91.0,91.0,87.9,89.0,6711,EQ,,,
2018-11-12,89.8,90.25,86.0,88.45,18806,EQ,,,
2018-11-13,92.45,94.5,87.5,88.85,109572,EQ,,,
2018-11-14,90.0,91.4,89.55,90.4,99760,EQ,,,
2018-11-15,91.5,93.4,90.25,91.9,36302,EQ,,,
2018-11-16,90.55,94.0,90.5,92.65,27006,EQ,,,
2018-11-19,96.5,96.5,92.5,95.5,22463,EQ,,,
2018-11-20,96.45,96.45,94.1,95.6,18209,EQ,,,
2018-11-21,95.3,96.9,94.6,95.2,38875,EQ,,,
2018-11-22,95.2,98.4,94.55,97.2,58951,EQ,,,
2018-11-26,97.5,98.2,95.75,96.7,48410,EQ,,,
2018-11-27,96.0,104.95,96.0,96.75,98529,EQ,,,
2018-11-28,96.25,97.7,95.15,96.5,15143,EQ,,,
2018-11-29,97.0,97.5,95.05,96.4,12870,EQ,,,
2018-11-30,98.2,98.75,95.5,98.45,25106,EQ,,,
2018-12-03,99.9,102.1,96.05,99.65,20093,EQ,,,
2018-12-04,97.55,102.55,97.55,101.5,9114,EQ,,,
2018-12-05,101.3,104.7,98.4,99.95,32881,EQ,,,
2018-12-06,99.5,100.7,95.75,97.75,9806,EQ,,,
2018-12-07,97.8,98.0,95.95,96.25,6402,EQ,,,
2018-12-10,93.85,95.5,92.5,93.9,14252,EQ,,,
2018-12-11,91.6,96.35,91.6,95.2,28256,EQ,,,
2018-12-12,95.05,100.1,94.75,99.5,46939,EQ,,,
2018-12-13,99.1,103.0,98.75,102.1,11306,EQ,,,
2018-12-14,101.8,102.4,99.5,99.85,11535,EQ,,,
2018-12-17,100.1,104.0,100.1,102.75,39770,EQ,,,
2018-12-18,102.95,103.95,100.25,102.25,11881,EQ,,,
2018-12-19,102.5,103.5,100.75,101.75,17923,EQ,,,
2018-12-20,103.5,104.35,102.1,102.8,20290,EQ,,,
2018-12-21,102.5,104.5,101.9,102.95,19288,EQ,,,
2018-12-24,102.5,105.9,101.05,103.6,36768,EQ,,,
2018-12-26,107.0,122.45,106.1,118.0,1811440,EQ,,,
2018-12-27,118.55,119.2,111.85,113.0,373324,EQ,,,
2018-12-28,112.6,113.75,109.1,110.3,96409,EQ,,,
2018-12-31,110.35,114.85,107.6,109.0,250935,EQ,,,
2019-01-01,109.9,112.25,109.25,110.5,85328,EQ,,,
2019-01-02,110.5,110.75,105.65,107.0,67367,EQ,,,
2019-01-03,108.5,108.95,105.5,106.9,143411,EQ,,,
2019-01-04,106.9,107.75,105.0,106.4,36089,EQ,,,
2019-01-07,106.05,107.45,105.4,105.8,59762,EQ,,,
2019-01-08,105.4,109.95,105.4,106.45,145363,EQ,,,
2019-01-09,107.45,107.65,103.85,104.95,130662,EQ,,,
2019-01-10,105.9,105.95,102.55,103.0,34617,EQ,,,
2019-01-11,103.85,104.9,101.35,102.25,41314,EQ,,,
2019-01-14,101.95,102.8,99.55,100.0,26081,EQ,,,
2019-01-15,100.0,101.4,99.1,99.4,34835,EQ,,,
2019-01-16,99.3,107.4,99.3,104.3,186870,EQ,,,
2019-01-17,105.5,113.15,105.5,107.3,1381777,EQ,,,
2019-01-18,106.9,106.9,104.65,105.35,126639,EQ,,,
2019-01-21,107.0,107.5,101.9,103.45,121650,EQ,,,
2019-01-22,103.95,105.55,102.8,103.2,115613,EQ,,,
2019-01-23,104.05,106.4,103.0,105.5,162538,EQ,,,
2019-01-24,105.5,108.35,104.7,105.8,125043,EQ,,,
2019-01-25,106.45,107.25,101.8,103.25,60972,EQ,,,
2019-01-28,104.95,105.8,101.0,101.6,53982,EQ,,,
2019-01-29,101.6,105.95,101.0,104.45,58517,EQ,,,
2019-01-30,105.4,107.6,101.9,104.3,87820,EQ,,,
2019-01-31,104.5,106.0,104.5,105.2,49477,EQ,,,
2019-02-01,105.4,107.4,103.7,105.55,90699,EQ,,,
2019-02-04,105.5,105.55,103.0,103.95,26863,EQ,,,
2019-02-05,104.45,104.45,100.7,102.2,24736,EQ,,,
2019-02-06,104.25,104.5,101.65,103.6,208617,EQ,,,
2019-02-07,103.9,104.9,102.8,103.8,30726,EQ,,,
2019-02-08,104.0,104.75,101.75,102.5,52104,EQ,,,
2019-02-11,103.0,103.0,95.35,97.7,106581,EQ,,,
2019-02-12,96.1,97.9,93.8,95.95,86085,EQ,,,
2019-02-13,98.15,99.95,96.25,97.45,78361,EQ,,,
2019-02-14,97.0,98.0,96.5,97.4,20015,EQ,,,
2019-02-15,97.6,98.95,97.25,97.9,20170,EQ,,,
2019-02-18,98.8,99.0,97.5,98.05,26528,EQ,,,
2019-02-19,101.0,103.35,97.4,98.9,178507,EQ,,,
2019-02-20,100.9,101.0,98.3,99.65,72050,EQ,,,
2019-02-21,99.2,100.45,97.55,98.2,42710,EQ,,,
2019-02-22,97.75,100.3,97.75,99.6,42066,EQ,,,
2019-02-25,104.8,105.85,98.75,100.1,224207,EQ,,,
2019-02-26,97.45,99.7,95.95,98.45,63502,EQ,,,
2019-02-27,98.45,100.4,97.15,97.65,91087,EQ,,,
2019-02-28,97.75,99.95,97.75,98.55,29058,EQ,,,
2019-03-01,99.5,101.95,98.6,100.9,61605,EQ,,,
2019-03-05,102.55,103.5,99.5,100.25,113707,EQ,,,
2019-03-06,100.25,107.0,100.25,103.95,263779,EQ,,,
2019-03-07,104.15,111.0,103.0,110.0,439670,EQ,,,
2019-03-08,110.5,117.0,107.5,111.85,652528,EQ,,,
2019-03-11,111.55,112.7,108.8,110.0,111708,EQ,,,
2019-03-12,110.55,116.2,110.55,115.3,242147,EQ,,,
2019-03-13,115.7,117.4,112.55,115.55,166456,EQ,,,
2019-03-14,115.9,115.9,113.15,114.6,82367,EQ,,,
2019-03-15,114.75,116.05,113.15,113.3,55348,EQ,,,
2019-03-18,113.5,129.5,113.15,122.3,1321470,EQ,,,
2019-03-19,120.8,124.45,120.25,121.2,271629,EQ,,,
2019-03-20,121.2,127.4,120.0,122.9,341182,EQ,,,
2019-03-22,122.5,129.5,121.25,123.85,319619,EQ,,,
2019-03-25,121.1,122.95,120.0,121.0,88744,EQ,,,
2019-03-26,121.5,126.85,121.0,122.9,197374,EQ,,,
2019-03-27,123.45,124.4,121.6,123.5,109281,EQ,,,
2019-03-28,124.9,125.05,120.5,121.4,55359,EQ,,,
2019-03-29,121.7,127.5,121.7,125.3,164793,EQ,,,
2019-04-01,126.35,129.0,125.9,127.15,84289,EQ,,,
2019-04-02,128.45,131.5,124.65,125.4,252032,EQ,,,
2019-04-03,126.2,128.6,122.5,123.7,174934,EQ,,,
2019-04-04,124.4,126.05,120.55,121.55,75357,EQ,,,
2019-04-05,122.0,124.25,121.7,123.05,50347,EQ,,,
2019-04-08,123.85,126.8,120.85,122.5,133685,EQ,,,
2019-04-09,123.7,125.5,123.05,124.1,65668,EQ,,,
2019-04-10,123.5,126.25,123.5,125.2,83482,EQ,,,
2019-04-11,125.0,126.95,121.25,121.85,48264,EQ,,,
2019-04-12,122.5,124.4,122.15,123.05,29524,EQ,,,
2019-04-15,124.7,125.5,123.5,124.3,40188,EQ,,,
2019-04-16,125.25,125.35,122.5,123.4,31341,EQ,,,
2019-04-18,124.0,124.0,119.5,122.35,31444,EQ,,,
2019-04-22,122.95,122.95,118.7,119.9,41735,EQ,,,
2019-04-23,119.95,122.5,119.3,119.75,20503,EQ,,,
2019-04-24,119.5,120.5,114.1,116.9,40361,EQ,,,
2019-04-25,117.35,117.65,114.65,115.3,27651,EQ,,,
2019-04-26,115.9,116.05,114.05,114.65,9630,EQ,,,
2019-04-30,114.0,114.25,109.7,110.95,46595,EQ,,,
2019-05-02,110.95,116.65,109.75,112.15,37605,EQ,,,
2019-05-03,113.5,113.8,111.05,112.4,12982,EQ,,,
2019-05-06,111.2,115.9,109.5,111.05,45523,EQ,,,
2019-05-07,111.5,115.45,111.15,114.8,79732,EQ,,,
2019-05-08,117.5,120.25,112.55,113.95,374445,EQ,,,
2019-05-09,112.1,119.9,112.1,117.85,172344,EQ,,,
2019-05-10,119.75,121.95,117.0,117.9,83910,EQ,,,
2019-05-13,118.5,119.45,113.0,114.7,50897,EQ,,,
2019-05-14,113.0,114.65,112.0,113.35,35762,EQ,,,
2019-05-15,114.7,117.0,113.0,113.3,29877,EQ,,,
2019-05-16,114.0,115.0,113.8,114.5,31745,EQ,,,
2019-05-17,114.35,118.0,114.35,116.0,26445,EQ,,,
2019-05-20,118.6,124.6,117.8,122.9,61308,EQ,,,
2019-05-21,123.2,124.6,122.0,122.8,26579,EQ,,,
2019-05-22,121.5,123.25,116.75,119.35,41273,EQ,,,
2019-05-23,118.7,124.5,118.0,121.15,103717,EQ,,,
2019-05-24,120.05,127.95,120.05,127.25,106467,EQ,,,
2019-05-27,127.4,134.0,124.25,126.1,136978,EQ,,,
2019-05-28,126.4,133.25,126.05,129.95,111874,EQ,,,
2019-05-29,129.85,129.85,123.65,124.95,40285,EQ,,,
2019-05-30,125.25,129.5,125.05,127.0,38488,EQ,,,
2019-05-31,126.95,127.7,124.0,125.65,29384,EQ,,,
2019-06-03,124.0,128.6,124.0,125.9,32085,EQ,,,
2019-06-04,125.0,126.95,124.6,126.05,24777,EQ,,,
2019-06-06,127.5,129.2,122.5,123.55,122964,EQ,,,
2019-06-07,123.75,127.15,122.55,124.75,41460,EQ,,,
2019-06-10,127.95,128.5,124.5,125.9,82760,EQ,,,
2019-06-11,126.75,128.0,126.75,127.25,126201,EQ,,,
2019-06-12,126.0,126.95,125.6,126.1,33478,EQ,,,
2019-06-13,125.6,126.2,124.4,125.05,19328,EQ,,,
2019-06-14,125.05,128.95,123.5,125.4,42312,EQ,,,
2019-06-17,123.5,124.45,122.75,123.0,12048,EQ,,,
2019-06-18,122.95,123.55,120.0,120.1,33100,EQ,,,
2019-06-19,120.1,123.25,118.5,119.8,84898,EQ,,,
2019-06-20,118.55,126.0,117.5,122.0,131884,EQ,,,
2019-06-21,122.0,126.0,121.15,125.5,75384,EQ,,,
2019-06-24,126.1,127.0,124.0,125.3,21715,EQ,,,
2019-06-25,125.95,126.7,120.75,123.1,48702,EQ,,,
2019-06-26,122.9,126.5,122.6,125.6,65982,EQ,,,
2019-06-27,125.0,133.5,125.0,130.9,243475,EQ,,,
2019-06-28,128.15,132.0,123.5,129.1,201432,EQ,,,
2019-07-01,128.5,130.5,126.55,129.8,31978,EQ,,,
2019-07-02,131.5,135.0,128.6,133.9,65378,EQ,,,
2019-07-03,132.6,139.4,132.5,137.95,121539,EQ,,,
2019-07-04,137.2,141.0,137.2,138.65,69818,EQ,,,
2019-07-05,138.85,139.25,135.0,135.4,45997,EQ,,,
2019-07-08,136.5,137.35,132.9,135.5,168004,EQ,,,
2019-07-09,135.0,138.55,129.25,137.3,62132,EQ,,,
2019-07-10,136.9,140.95,132.5,133.35,99120,EQ,,,
2019-07-11,138.0,138.0,131.3,133.4,105641,EQ,,,
2019-07-12,132.5,134.95,130.05,133.95,48827,EQ,,,
2019-07-15,135.05,135.85,130.6,133.4,92486,EQ,,,
2019-07-16,134.45,139.0,132.6,136.7,323273,EQ,,,
2019-07-17,136.45,138.8,135.65,137.5,145435,EQ,,,
2019-07-18,136.8,139.95,136.8,138.1,65721,EQ,,,
2019-07-19,138.25,138.8,134.95,136.8,43401,EQ,,,
2019-07-22,134.1,142.5,134.05,136.2,95103,EQ,,,
2019-07-23,136.3,141.2,136.0,140.1,38000,EQ,,,
2019-07-24,141.9,141.9,135.8,140.3,50380,EQ,,,
2019-07-25,140.0,142.5,137.3,139.95,162169,EQ,,,
2019-07-26,139.0,139.1,135.35,135.95,34423,EQ,,,
2019-07-29,136.1,136.35,135.0,135.2,20296,EQ,,,
2019-07-30,135.1,137.9,130.0,131.3,81054,EQ,,,
2019-07-31,130.25,131.95,126.05,130.8,156377,EQ,,,
2019-08-01,128.8,131.2,127.45,129.15,42624,EQ,,,
2019-08-02,127.0,132.0,125.9,131.15,50154,EQ,,,
2019-08-05,130.85,135.5,128.95,134.9,31648,EQ,,,
2019-08-06,134.9,138.75,131.3,135.8,24840,EQ,,,
2019-08-07,135.8,139.5,134.25,136.15,40256,EQ,,,
2019-08-08,135.3,138.5,135.0,136.0,45368,EQ,,,
2019-08-09,137.5,139.3,132.65,133.9,41545,EQ,,,
2019-08-13,133.75,134.35,131.3,132.55,16049,EQ,,,
2019-08-14,133.1,135.0,130.1,133.75,34953,EQ,,,
2019-08-16,131.75,137.0,131.75,135.4,59237,EQ,,,
2019-08-19,136.7,147.5,135.0,137.3,140805,EQ,,,
2019-08-20,137.5,139.5,136.7,138.35,240305,EQ,,,
2019-08-21,139.0,139.0,134.3,136.05,55735,EQ,,,
2019-08-22,135.05,136.1,132.5,132.9,136531,EQ,,,
2019-08-23,132.0,136.3,131.7,133.4,199373,EQ,,,
2019-08-26,135.5,136.85,132.7,135.5,358647,EQ,,,
2019-08-27,136.6,140.2,135.55,138.95,127621,EQ,,,
2019-08-28,142.55,152.8,140.25,150.3,605497,EQ,,,
2019-08-29,150.0,154.5,142.6,149.5,516124,EQ,,,
2019-08-30,148.0,151.5,145.6,149.8,141459,EQ,,,
2019-09-03,149.35,150.1,146.25,148.35,134476,EQ,,,
2019-09-04,147.75,150.0,146.3,147.75,225489,EQ,,,
2019-09-05,148.5,149.25,146.65,148.45,32025,EQ,,,
2019-09-06,150.75,153.75,146.4,148.6,189315,EQ,,,
2019-09-09,149.2,149.2,146.25,147.8,78048,EQ,,,
2019-09-11,148.45,149.2,145.8,147.15,253392,EQ,,,
2019-09-12,148.05,148.6,140.65,147.45,157661,EQ,,,
2019-09-13,147.0,149.0,146.25,148.5,201112,EQ,,,
2019-09-16,147.7,150.75,143.0,146.05,148395,EQ,,,
2019-09-17,145.75,147.35,144.0,144.4,164173,EQ,,,
2019-09-18,145.0,145.7,140.9,143.3,59903,EQ,,,
2019-09-19,142.7,144.55,142.05,143.5,169475,EQ,,,
2019-09-20,144.65,147.75,138.85,145.6,273181,EQ,,,
2019-09-23,148.9,151.5,143.05,151.25,597603,EQ,,,
2019-09-24,149.6,152.6,144.1,147.5,328304,EQ,,,
2019-09-25,147.8,149.2,143.5,145.4,63216,EQ,,,
2019-09-26,144.25,149.25,144.25,148.6,157621,EQ,,,
2019-09-27,149.75,153.0,145.5,151.9,148368,EQ,,,
2019-09-30,152.25,167.25,147.0,161.5,426014,EQ,4935.0,86.33,190539.0
2019-10-01,164.25,164.8,150.45,153.35,175341,EQ,8563.0,20.48,63521.0
2019-10-03,151.5,160.15,147.3,156.45,191118,EQ,9305.0,20.54,85431.0
2019-10-04,157.5,161.1,150.05,153.45,101971,EQ,4452.0,22.9,39327.0
2019-10-07,151.55,152.85,143.7,145.55,193466,EQ,4783.0,40.45,148437.0
2019-10-09,145.55,152.2,144.1,149.9,96240,EQ,7260.0,13.26,39098.0
2019-10-10,149.8,150.7,146.3,147.25,38111,EQ,1768.0,21.56,10391.0
2019-10-11,147.65,148.5,144.65,145.65,41643,EQ,2948.0,14.13,15986.0
2019-10-14,146.25,147.4,142.5,143.1,62250,EQ,2545.0,24.46,36371.0
2019-10-15,144.35,144.35,139.9,142.7,76874,EQ,2767.0,27.78,44210.0
2019-10-16,143.6,144.75,141.95,143.05,53645,EQ,2984.0,17.98,25361.0
2019-10-17,143.05,146.6,142.25,143.5,81424,EQ,7487.0,10.88,47875.0
2019-10-18,144.05,149.2,144.0,148.45,103233,EQ,5937.0,17.39,64686.0
2019-10-22,149.85,154.5,144.8,146.35,189356,EQ,4175.0,45.35,149995.0
2019-10-23,147.5,152.6,146.3,150.6,79232,EQ,3864.0,20.51,48207.0
2019-10-24,150.6,152.2,143.5,144.55,56593,EQ,4648.0,12.18,34643.0
2019-10-25,145.4,145.4,139.9,142.85,40113,EQ,2282.0,17.58,23461.0
2019-10-29,141.4,148.9,140.65,146.85,69844,EQ,8585.0,8.14,44001.0
2019-10-30,144.2,157.4,144.2,154.9,106483,EQ,4043.0,26.34,63021.0
2019-10-31,155.3,156.3,149.25,154.7,137743,EQ,11128.0,12.38,77174.0
2019-11-01,154.7,156.1,149.9,154.8,54630,EQ,4239.0,12.89,24142.0
2019-11-04,153.8,157.4,150.85,156.0,148462,EQ,14986.0,9.91,123604.0
2019-11-05,156.75,156.75,150.15,154.15,48399,EQ,6145.0,7.88,22653.0
2019-11-06,156.3,160.5,152.3,154.1,190423,EQ,8514.0,22.37,89663.0
2019-11-07,157.6,159.4,152.5,155.45,177636,EQ,4584.0,38.75,102522.0
2019-11-08,158.25,167.7,157.5,159.7,624647,EQ,27032.0,23.11,318662.0
2019-11-11,159.7,164.55,158.6,162.8,128049,EQ,15572.0,8.22,84220.0
2019-11-13,162.75,166.1,151.65,161.7,246324,EQ,12136.0,20.3,123290.0
2019-11-14,163.2,163.2,154.35,155.0,89623,EQ,4820.0,18.59,46452.0
2019-11-15,156.6,162.0,155.0,160.15,138200,EQ,3769.0,36.67,80550.0
2019-11-18,160.5,164.0,159.45,160.85,94251,EQ,6283.0,15.0,55345.0
2019-11-19,161.25,161.25,157.6,159.85,54685,EQ,2263.0,24.16,36825.0
2019-11-20,160.75,160.9,155.6,156.75,52009,EQ,2504.0,20.77,35147.0
2019-11-21,156.6,157.6,154.75,155.9,150549,EQ,5075.0,29.66,130852.0
2019-11-22,155.85,156.5,148.55,150.25,49724,EQ,2160.0,23.02,30337.0
2019-11-25,151.5,152.8,147.8,149.75,64676,EQ,2479.0,26.09,41837.0
2019-11-26,149.95,165.0,140.25,146.05,856671,EQ,16649.0,51.45,649743.0
2019-11-27,145.1,148.5,144.5,146.85,72773,EQ,2670.0,27.26,42375.0
2019-11-28,146.3,152.9,146.3,150.65,87220,EQ,3310.0,26.35,54978.0
2019-11-29,150.65,154.5,149.25,153.75,65952,EQ,2663.0,24.77,39427.0
2019-12-02,153.75,154.95,150.1,151.3,54504,EQ,2259.0,24.13,35872.0
2019-12-03,152.1,154.5,146.25,149.95,57075,EQ,2178.0,26.21,29941.0
2019-12-04,150.0,153.0,148.1,152.2,55836,EQ,4443.0,12.57,31375.0
2019-12-05,152.6,153.5,149.25,150.65,34191,EQ,3035.0,11.27,19808.0
2019-12-06,151.35,153.0,148.15,152.3,43490,EQ,2388.0,18.21,32451.0
2019-12-09,152.3,154.9,150.4,151.15,29132,EQ,3126.0,9.32,17861.0
2019-12-10,152.1,152.1,148.9,150.5,34662,EQ,3377.0,10.26,23262.0
2019-12-11,150.8,153.0,148.0,150.25,27344,EQ,2036.0,13.43,15814.0
2019-12-12,149.5,153.25,149.5,152.2,18260,EQ,1085.0,16.83,9960.0
2019-12-13,152.9,156.5,152.15,154.55,94528,EQ,4461.0,21.19,52008.0
2019-12-16,155.2,158.65,154.45,157.6,272732,EQ,36341.0,7.5,189478.0
2019-12-17,158.75,159.0,155.65,156.9,310258,EQ,32175.0,9.64,283511.0
2019-12-18,156.2,159.0,151.6,156.05,96635,EQ,6378.0,15.15,39613.0
2019-12-19,155.25,158.25,154.65,157.55,86353,EQ,20876.0,4.14,70525.0
2019-12-20,156.25,161.9,156.25,158.2,36640,EQ,1833.0,19.99,15281.0
2019-12-23,158.9,164.9,156.25,161.55,235032,EQ,3756.0,62.58,137505.0
2019-12-24,162.5,163.65,160.9,161.65,96724,EQ,1378.0,70.19,76886.0
2019-12-26,161.3,162.0,159.75,161.2,221882,EQ,3427.0,64.75,191409.0
2019-12-27,159.5,162.75,158.05,161.5,193462,EQ,2839.0,68.14,166960.0
2019-12-30,162.05,164.0,160.75,162.0,58600,EQ,1780.0,32.92,47009.0
2019-12-31,161.25,165.0,161.25,163.9,106455,EQ,2193.0,48.54,76251.0
2020-01-01,165.0,165.75,159.55,161.1,107560,EQ,4100.0,26.23,83380.0
2020-01-02,161.9,165.75,161.25,164.6,40980,EQ,1685.0,24.32,23868.0
2020-01-03,162.1,164.8,159.3,161.7,47370,EQ,2705.0,17.51,33025.0
2020-01-06,162.3,166.0,157.6,163.35,66360,EQ,1851.0,35.85,43477.0
2020-01-07,162.0,173.8,162.0,168.75,429362,EQ,12388.0,34.66,251920.0
2020-01-08,165.75,171.0,161.35,168.4,339126,EQ,3654.0,92.81,281534.0
2020-01-09,168.8,170.5,165.0,168.75,439738,EQ,2439.0,180.29,396140.0
2020-01-10,170.7,176.0,166.5,168.85,203626,EQ,4414.0,46.13,132584.0
2020-01-13,167.3,176.25,167.3,175.15,90706,EQ,3097.0,29.29,49569.0
2020-01-14,174.05,175.1,172.45,172.6,27581,EQ,921.0,29.95,17193.0
2020-01-15,172.4,178.45,171.0,174.8,107573,EQ,3444.0,31.23,56576.0
2020-01-16,176.25,176.95,171.95,174.05,37047,EQ,2126.0,17.43,16540.0
2020-01-17,174.0,174.7,169.9,172.6,35174,EQ,1448.0,24.29,19162.0
2020-01-20,173.25,174.95,169.75,171.9,61331,EQ,4553.0,13.47,36188.0
2020-01-21,171.75,171.9,168.0,169.7,23981,EQ,1135.0,21.13,14837.0
2020-01-22,171.7,173.25,168.25,171.1,94413,EQ,6335.0,14.9,79030.0
2020-01-23,168.9,175.0,168.9,171.85,101877,EQ,11262.0,9.05,53959.0
2020-01-24,172.8,174.1,169.6,171.75,60246,EQ,5751.0,10.48,36110.0
2020-01-27,169.0,172.2,167.9,169.6,45970,EQ,2849.0,16.14,24848.0
2020-01-28,170.9,175.1,167.65,172.55,389510,EQ,3608.0,107.96,344038.0
2020-01-29,173.75,175.2,169.95,171.4,75598,EQ,1737.0,43.52,54928.0
2020-01-30,172.8,175.45,169.6,171.1,162775,EQ,1985.0,82.0,150266.0
2020-01-31,172.4,184.45,169.9,179.7,696133,EQ,12778.0,54.48,292684.0
2020-02-03,163.9,173.6,162.4,172.55,336369,EQ,5029.0,66.89,283949.0
2020-02-04,173.9,177.7,171.55,175.15,77606,EQ,8097.0,9.58,43333.0
2020-02-05,176.6,179.9,171.1,174.1,176283,EQ,3256.0,54.14,122535.0
2020-02-06,172.5,181.85,171.1,179.8,317679,EQ,5913.0,53.73,210898.0
2020-02-07,178.75,181.3,175.0,176.75,42509,EQ,2185.0,19.45,15448.0
2020-02-10,174.8,179.25,169.3,176.55,74878,EQ,5597.0,13.38,43789.0
2020-02-11,178.15,179.25,171.75,173.65,127506,EQ,3046.0,41.86,97206.0
2020-02-12,174.75,174.75,168.8,170.8,42167,EQ,1762.0,23.93,22079.0
2020-02-13,170.25,175.7,169.2,172.2,127839,EQ,5606.0,22.8,103172.0
2020-02-14,173.75,174.7,169.25,170.5,37020,EQ,1788.0,20.7,9761.0
2020-02-17,169.65,173.15,167.7,171.3,35234,EQ,4980.0,7.08,18062.0
2020-02-18,171.7,171.75,167.25,169.65,36601,EQ,2313.0,15.82,15027.0
2020-02-19,168.4,172.5,168.4,171.8,23143,EQ,3240.0,7.14,11740.0
2020-02-20,171.15,191.2,170.05,180.65,642329,EQ,13588.0,47.27,249868.0
2020-02-24,176.65,180.0,167.55,171.4,115568,EQ,4844.0,23.86,59986.0
2020-02-25,173.45,175.8,169.75,173.85,313682,EQ,3787.0,82.83,259284.0
2020-02-26,171.4,179.05,171.1,177.1,204906,EQ,4320.0,47.43,155999.0
2020-02-27,177.0,179.7,172.85,175.0,322817,EQ,7481.0,43.15,256903.0
2020-02-28,168.9,181.45,165.75,173.65,577067,EQ,14871.0,38.8,384967.0
2020-03-02,173.25,177.95,160.0,163.05,130369,EQ,8066.0,16.16,49415.0
2020-03-03,164.4,168.75,163.4,167.35,45657,EQ,1772.0,25.77,26851.0
2020-03-04,166.1,168.75,165.75,166.3,216717,EQ,2153.0,100.66,200100.0
2020-03-05,166.2,167.3,162.1,165.7,16707,EQ,982.0,17.01,8760.0
2020-03-06,164.8,165.75,159.0,164.0,23081,EQ,1136.0,20.32,11016.0
2020-03-09,161.25,161.95,155.25,156.25,137483,EQ,2473.0,55.59,69085.0
2020-03-11,154.9,162.0,154.9,156.2,139757,EQ,2614.0,53.46,112636.0
2020-03-12,141.75,155.25,141.75,143.3,218696,EQ,3024.0,72.32,178292.0
2020-03-13,128.9,153.45,116.6,141.6,734223,EQ,6694.0,109.68,662464.0
2020-03-16,136.5,146.25,132.0,135.8,330629,EQ,10937.0,30.23,285167.0
2020-03-17,134.25,140.8,129.05,131.0,728877,EQ,5854.0,124.51,670511.0
2020-03-18,135.0,135.7,119.2,126.1,79892,EQ,2759.0,28.96,48144.0
2020-03-19,115.1,130.65,113.95,119.95,204559,EQ,7027.0,29.11,140899.0
2020-03-20,121.9,126.5,115.5,117.5,711293,EQ,9904.0,71.82,547621.0
2020-03-23,99.1,115.7,93.45,93.45,763129,EQ,4289.0,177.93,731728.0
2020-03-24,94.1,97.5,84.1,89.75,72792,EQ,2847.0,25.57,39212.0
2020-03-25,90.0,94.45,80.8,84.95,568681,EQ,7212.0,78.85,513859.0
2020-03-26,89.2,93.4,87.85,93.4,28361,EQ,933.0,30.4,19914.0
2020-03-27,97.5,102.75,93.0,95.1,118728,EQ,1898.0,62.55,101899.0
2020-03-30,95.1,95.3,88.5,90.8,30015,EQ,838.0,35.82,25817.0
2020-03-31,98.25,99.4,92.15,97.6,29406,EQ,2082.0,14.12,22398.0
2020-04-01,98.95,107.25,93.75,103.05,161087,EQ,1141.0,141.18,139276.0
2020-04-03,111.45,111.45,94.6,97.6,86267,EQ,1589.0,54.29,60034.0
2020-04-07,101.25,103.45,93.75,102.3,20066,EQ,893.0,22.47,15706.0
2020-04-08,104.75,112.45,100.5,106.9,131845,EQ,1614.0,81.69,114367.0
2020-04-09,109.8,112.35,103.0,109.85,317988,EQ,3867.0,82.23,293456.0
2020-04-13,111.7,111.7,100.85,103.15,76243,EQ,,,
2020-04-15,101.3,113.5,96.0,103.05,327846,EQ,7393.0,44.35,244046.0
2020-04-16,101.3,106.25,97.6,99.65,352288,EQ,7102.0,49.6,295652.0
2020-04-17,104.55,104.55,97.65,99.65,414110,EQ,9819.0,42.17,298956.0
2020-04-20,102.0,105.75,98.5,99.6,402331,EQ,7774.0,51.75,276624.0
2020-04-21,99.0,100.1,90.9,92.3,321587,EQ,10531.0,30.54,247649.0
2020-04-22,93.0,95.2,91.7,93.0,62580,EQ,1991.0,31.43,15617.0
2020-04-23,96.0,99.55,90.95,93.5,668829,EQ,8984.0,74.45,128174.0
2020-04-24,92.55,93.05,89.6,90.05,81671,EQ,1997.0,40.9,47139.0
2020-04-27,90.1,93.0,87.0,88.95,105561,EQ,3745.0,28.19,64331.0
2020-04-28,89.25,91.95,87.8,89.2,77287,EQ,2880.0,26.84,42471.0
2020-04-29,90.0,91.95,88.5,89.0,68393,EQ,1823.0,37.52,34972.0
2020-04-30,90.4,92.95,89.25,89.65,224645,EQ,4648.0,48.33,115499.0
2020-05-04,89.45,90.45,85.1,85.45,204088,EQ,3805.0,53.64,167471.0
2020-05-05,88.0,88.0,82.6,84.85,116390,EQ,3436.0,33.87,74603.0
2020-05-06,85.1,87.1,82.9,83.65,39336,EQ,1219.0,32.27,24175.0
2020-05-07,84.3,85.95,82.3,83.15,189810,EQ,2585.0,73.43,133998.0
2020-05-08,85.1,85.5,75.1,79.35,614037,EQ,11728.0,52.36,448374.0
2020-05-11,81.4,82.45,73.7,76.0,440558,EQ,6541.0,67.35,269817.0
2020-05-12,76.1,78.4,73.6,77.0,149993,EQ,2738.0,54.78,54055.0
2020-05-13,79.5,79.8,75.15,75.8,329452,EQ,8876.0,37.12,230020.0
2020-05-14,76.2,78.0,75.95,76.9,80049,EQ,2293.0,34.91,46539.0
2020-05-15,78.15,78.35,73.9,75.4,319564,EQ,8819.0,36.24,260090.0
2020-05-18,75.7,75.7,70.85,72.5,183087,EQ,3426.0,53.44,128240.0
2020-05-19,73.45,73.45,70.3,71.7,99519,EQ,2406.0,41.36,58639.0
2020-05-20,72.3,74.25,71.7,73.0,43484,EQ,1203.0,36.15,23023.0
2020-05-21,74.15,74.5,68.3,69.0,422664,EQ,7887.0,53.59,229880.0
2020-05-22,69.05,71.0,67.9,70.45,144716,EQ,2491.0,58.1,84487.0
2020-05-26,71.25,73.1,70.3,72.8,98633,EQ,2224.0,44.35,67954.0
2020-05-27,73.45,74.6,70.3,73.75,769657,EQ,6401.0,120.24,617044.0
2020-05-28,73.1,77.2,72.85,75.75,92591,EQ,2122.0,43.63,50282.0
2020-05-29,76.9,79.35,73.45,75.2,793870,EQ,9978.0,79.56,558692.0
2020-06-01,78.3,78.55,76.5,77.9,80696,EQ,1711.0,47.16,45431.0
2020-06-02,79.45,85.65,77.9,84.4,848504,EQ,7428.0,114.23,341340.0
2020-06-03,86.8,87.3,83.7,84.65,172073,EQ,2624.0,65.58,88829.0
2020-06-04,84.75,86.25,80.7,83.25,132967,EQ,3563.0,37.32,70350.0
2020-06-05,84.75,90.75,83.25,89.6,307212,EQ,5534.0,55.51,130477.0
2020-06-08,93.5,105.7,91.1,100.45,608166,EQ,10726.0,56.7,262891.0
2020-06-09,102.35,102.65,94.85,95.95,210151,EQ,4429.0,47.45,109856.0
2020-06-10,94.6,101.0,93.4,98.3,125836,EQ,2666.0,47.2,82059.0
2020-06-11,95.25,98.3,94.5,97.1,120314,EQ,2492.0,48.28,91680.0
2020-06-12,90.0,99.15,79.6,97.0,165188,EQ,3842.0,43.0,89344.0
2020-06-15,98.95,99.7,90.7,93.75,78222,EQ,1728.0,45.27,39810.0
2020-06-16,98.25,98.25,89.6,91.7,98969,EQ,2491.0,39.73,68646.0
2020-06-17,90.75,108.75,87.0,102.1,812848,EQ,9336.0,87.07,177140.0
2020-06-18,105.0,107.75,99.8,103.2,792278,EQ,10021.0,79.06,472096.0
2020-06-19,104.8,108.75,102.4,106.8,1076699,EQ,9788.0,110.0,649469.0
2020-06-22,118.5,118.5,107.3,109.65,2562020,EQ,31296.0,81.86,1046185.0
2020-06-23,111.55,112.5,108.0,110.8,556346,EQ,8343.0,66.68,276403.0
2020-06-24,112.5,112.8,108.1,108.85,263575,EQ,3999.0,65.91,151506.0
2020-06-25,108.85,109.5,102.75,107.25,170430,EQ,4917.0,34.66,66264.0
2020-06-26,107.5,109.25,107.25,108.05,93274,EQ,3672.0,25.4,54958.0
2020-06-29,107.25,107.75,100.6,101.3,252017,EQ,5987.0,42.09,201765.0
2020-06-30,103.0,105.0,101.3,101.95,124907,EQ,2559.0,48.81,62605.0
2020-07-01,103.1,103.1,100.5,102.15,90318,EQ,1931.0,46.77,58127.0
2020-07-02,102.75,103.4,97.95,98.6,336947,EQ,10290.0,32.75,247927.0
2020-07-03,99.2,100.0,97.3,99.1,153250,EQ,2664.0,57.53,94171.0
2020-07-06,105.75,115.5,98.75,112.55,2244246,EQ,17405.0,128.94,823588.0
2020-07-07,114.9,119.85,106.7,108.8,3120653,EQ,32107.0,97.2,1150569.0
2020-07-08,109.4,109.6,103.5,104.75,290673,EQ,5103.0,56.96,146641.0
2020-07-09,108.6,108.6,105.85,106.7,278097,EQ,3900.0,71.31,81441.0
2020-07-10,105.75,109.25,104.3,106.1,196027,EQ,3527.0,55.58,73127.0
2020-07-13,106.5,107.2,104.45,105.7,142159,EQ,2478.0,57.37,67606.0
2020-07-14,105.5,105.5,100.9,103.5,152197,EQ,3936.0,38.67,74991.0
2020-07-15,103.5,105.0,102.75,103.45,139385,EQ,2403.0,58.0,71420.0
2020-07-16,103.5,104.75,99.1,102.8,144103,EQ,3238.0,44.5,71401.0
2020-07-17,103.8,103.9,100.1,101.6,71976,EQ,1625.0,44.29,37309.0
2020-07-20,101.6,102.6,98.0,101.25,434337,EQ,1653.0,262.76,383878.0
2020-07-21,102.7,110.25,100.6,108.1,970306,EQ,11826.0,82.05,200532.0
2020-07-22,107.9,107.9,104.1,106.6,153271,EQ,3085.0,49.68,56116.0
2020-07-23,106.05,109.6,102.75,106.55,281742,EQ,3275.0,86.03,126842.0
2020-07-24,104.85,106.75,103.6,105.1,89910,EQ,1604.0,56.05,46899.0
2020-07-27,105.75,106.25,101.7,103.65,148073,EQ,2961.0,50.01,94178.0
2020-07-28,104.35,106.0,102.8,105.0,127817,EQ,2612.0,48.93,64884.0
2020-07-29,105.0,106.7,103.5,104.75,115461,EQ,3486.0,33.12,65876.0
2020-07-30,104.75,109.5,104.25,106.6,475322,EQ,4575.0,103.9,296318.0
2020-07-31,106.05,106.8,105.0,105.35,119450,EQ,3298.0,36.22,74674.0
2020-08-03,106.25,106.9,104.0,104.45,396189,EQ,1812.0,218.65,350484.0
2020-08-04,104.3,107.2,103.9,105.0,56223,EQ,2064.0,27.24,28541.0
2020-08-05,105.0,106.6,103.0,103.6,177065,EQ,4276.0,41.41,109259.0
2020-08-06,104.05,105.75,101.95,104.2,253779,EQ,5380.0,47.17,181394.0
2020-08-07,105.15,106.7,103.65,104.15,181825,EQ,4429.0,41.05,107287.0
2020-08-10,104.9,113.85,104.9,111.15,923831,EQ,10490.0,88.07,296906.0
2020-08-11,113.2,114.0,108.75,109.45,317948,EQ,6749.0,47.11,157924.0
2020-08-12,108.75,112.45,107.65,109.75,131448,EQ,3569.0,36.83,59991.0
2020-08-13,110.05,112.45,109.3,111.2,195087,EQ,3459.0,56.4,96406.0
2020-08-14,111.4,115.5,109.5,112.05,638719,EQ,11183.0,57.12,266341.0
2020-08-17,114.7,114.7,111.2,113.35,324111,EQ,5941.0,54.55,166940.0
2020-08-18,114.15,119.25,112.15,113.35,1414344,EQ,18740.0,75.47,835457.0
2020-08-19,113.9,117.0,113.25,116.45,914701,EQ,8963.0,102.05,685167.0
2020-08-20,117.0,125.2,115.15,123.0,1696931,EQ,17600.0,96.42,873526.0
2020-08-21,123.75,130.4,123.75,128.75,860502,EQ,13312.0,64.64,418618.0
2020-08-24,129.5,130.4,123.75,124.25,286351,EQ,6723.0,42.59,181233.0
2020-08-25,125.95,132.4,124.6,127.45,522504,EQ,10004.0,52.23,219780.0
2020-08-26,128.3,131.25,127.9,128.9,477102,EQ,3890.0,122.65,365370.0
2020-08-27,129.5,138.4,129.1,135.25,688233,EQ,10114.0,68.05,296132.0
2020-08-28,136.3,139.1,135.0,136.2,231356,EQ,8448.0,27.39,148850.0
2020-08-31,137.45,138.7,128.6,131.0,331000,EQ,14756.0,22.43,232644.0
2020-09-01,127.7,131.8,125.9,127.6,141656,EQ,4921.0,28.79,89696.0
2020-09-02,126.75,131.2,125.05,128.6,155521,EQ,3895.0,39.93,86922.0
2020-09-03,129.25,130.05,124.25,125.3,52584,EQ,2655.0,19.81,32004.0
2020-09-04,123.65,126.75,121.7,123.1,61469,EQ,1645.0,37.37,35306.0
2020-09-07,122.25,133.1,120.05,131.25,176868,EQ,5067.0,34.91,91999.0
2020-09-08,131.2,131.2,122.3,123.7,85502,EQ,2606.0,32.81,29908.0
2020-09-09,123.75,124.1,117.8,119.7,97823,EQ,3868.0,25.29,34973.0
2020-09-10,120.7,124.6,118.2,120.4,59238,EQ,1506.0,39.33,28317.0
2020-09-11,120.4,126.45,119.4,121.7,170243,EQ,4083.0,41.7,29711.0
2020-09-14,122.05,131.1,122.0,129.9,460074,EQ,8035.0,57.26,363249.0
2020-09-15,130.5,132.5,124.9,128.35,170892,EQ,3825.0,44.68,96890.0
2020-09-16,129.0,131.0,126.2,127.4,160893,EQ,4015.0,40.07,62330.0
2020-09-17,126.4,128.65,124.5,126.8,395045,EQ,2649.0,149.13,340927.0
2020-09-18,131.1,132.95,128.0,131.2,521261,EQ,8575.0,60.79,321464.0
2020-09-21,132.05,134.5,121.55,126.9,130907,EQ,4824.0,27.14,64623.0
2020-09-22,125.25,126.2,118.5,122.3,79019,EQ,2308.0,34.24,26700.0
2020-09-23,122.95,128.2,119.6,124.85,129940,EQ,3197.0,40.64,54498.0
2020-09-24,121.1,124.0,118.1,119.95,47926,EQ,1916.0,25.01,16489.0
2020-09-25,119.95,122.8,115.9,117.8,124663,EQ,3704.0,33.66,57510.0
2020-09-28,119.25,122.15,119.25,121.7,62714,EQ,,,
2020-09-29,122.25,123.05,120.4,122.05,53298,EQ,1761.0,30.27,32704.0
2020-09-30,123.0,123.2,121.4,122.2,28447,EQ,1086.0,26.19,16618.0
2020-10-01,122.4,126.75,122.4,125.9,79930,EQ,3178.0,25.15,44144.0
2020-10-05,126.5,127.75,125.9,127.15,41305,EQ,1265.0,32.65,22180.0
2020-10-06,128.5,137.0,128.25,134.85,260504,EQ,5103.0,51.05,103189.0
2020-10-07,135.3,135.5,126.9,128.0,81483,EQ,2775.0,29.36,34620.0
2020-10-08,128.3,131.85,127.8,128.25,108273,EQ,5737.0,18.87,79836.0
2020-10-09,129.15,131.0,125.9,127.5,41070,EQ,1534.0,26.77,13964.0
2020-10-12,127.65,127.7,122.45,124.45,36497,EQ,1772.0,20.6,16397.0
2020-10-13,124.6,127.5,122.65,123.7,106971,EQ,2806.0,38.12,61862.0
2020-10-14,123.05,124.35,121.0,121.4,28622,EQ,1264.0,22.64,20373.0
2020-10-15,123.0,127.3,118.5,119.35,105240,EQ,2864.0,36.75,29296.0
2020-10-16,120.45,122.2,117.7,119.3,59259,EQ,2030.0,29.19,37762.0
2020-10-19,119.95,122.15,119.6,120.2,122393,EQ,1032.0,118.6,14656.0
2020-10-20,121.9,130.4,120.0,129.05,542699,EQ,5120.0,106.0,400933.0
2020-10-21,129.9,142.5,126.2,135.7,1347024,EQ,12230.0,110.14,829657.0
2020-10-22,134.2,135.5,131.45,133.1,208638,EQ,4377.0,47.67,87157.0
2020-10-23,133.1,133.75,129.4,131.25,114897,EQ,2266.0,50.7,72210.0
2020-10-26,131.55,133.5,129.45,131.0,348014,EQ,1553.0,224.09,314027.0
2020-10-27,131.2,131.2,127.85,130.45,95742,EQ,2290.0,41.81,70677.0
2020-10-28,131.1,136.4,129.0,134.9,147852,EQ,3019.0,48.97,90242.0
2020-10-29,133.4,138.65,128.2,131.5,103573,EQ,4581.0,22.61,51876.0
2020-10-30,131.0,135.5,131.0,134.45,94415,EQ,2606.0,36.23,56000.0
2020-11-02,138.0,138.0,133.3,135.8,210436,EQ,8622.0,24.41,118832.0
2020-11-03,137.0,138.1,133.55,137.0,60435,EQ,2631.0,22.97,29605.0
2020-11-04,137.0,138.75,133.25,137.1,319212,EQ,2193.0,145.56,281531.0
2020-11-05,138.75,160.8,137.75,152.7,1339806,EQ,15323.0,87.44,515311.0
2020-11-06,150.75,152.2,146.5,149.0,437241,EQ,4906.0,89.12,292047.0
2020-11-09,148.35,150.7,145.5,146.45,84023,EQ,2050.0,40.99,43388.0
2020-11-10,145.5,152.9,143.6,151.6,149879,EQ,3570.0,41.98,73778.0
2020-11-11,150.0,151.5,143.3,145.55,104204,EQ,3700.0,28.16,47497.0
2020-11-12,144.9,149.55,142.65,145.5,130555,EQ,3904.0,33.44,54021.0
2020-11-13,145.55,157.15,145.55,153.5,598561,EQ,9559.0,62.62,257167.0
2020-11-17,154.6,165.0,154.6,163.95,1520061,EQ,20686.0,73.48,1037978.0
2020-11-18,162.25,171.25,161.2,163.3,418102,EQ,8613.0,48.54,180985.0
2020-11-19,162.55,167.8,161.45,163.3,200373,EQ,6217.0,32.23,83457.0
2020-11-20,164.6,167.6,162.2,165.2,136450,EQ,6545.0,20.85,59221.0
2020-11-23,165.5,166.0,162.65,163.9,52341,EQ,1680.0,31.16,26275.0
2020-11-24,162.4,166.1,161.3,162.65,175590,EQ,3341.0,52.56,71295.0
2020-11-25,162.75,169.2,162.0,163.9,505321,EQ,4526.0,111.65,343657.0
2020-11-26,162.8,165.75,162.25,164.3,303080,EQ,3130.0,96.83,253627.0
2020-11-27,164.95,167.65,162.4,164.0,271243,EQ,3928.0,69.05,210940.0
2020-12-01,163.1,166.45,163.05,165.1,118260,EQ,4430.0,26.7,59182.0
2020-12-02,165.0,172.5,164.05,167.1,598563,EQ,12395.0,48.29,212006.0
2020-12-03,168.45,175.35,167.3,174.1,827597,EQ,10666.0,77.59,547488.0
2020-12-04,174.7,175.45,170.45,173.25,214489,EQ,3131.0,68.5,133919.0
2020-12-07,173.25,176.35,170.25,171.4,476785,EQ,4705.0,101.34,402285.0
2020-12-08,171.55,174.4,170.25,171.8,165832,EQ,4955.0,33.47,93574.0
2020-12-09,173.9,177.0,170.3,173.4,338720,EQ,6046.0,56.02,219009.0
2020-12-10,171.75,175.1,169.2,172.4,167443,EQ,5597.0,29.92,92693.0
2020-12-11,172.4,177.75,172.4,176.3,433334,EQ,6198.0,69.92,253877.0
2020-12-14,177.6,180.6,173.9,177.95,226181,EQ,5116.0,44.21,131713.0
2020-12-15,178.7,183.45,173.25,177.75,336249,EQ,11175.0,30.09,181496.0
2020-12-16,178.6,183.0,177.2,180.95,510480,EQ,4943.0,103.27,363321.0
2020-12-17,181.75,186.7,179.15,185.4,349894,EQ,7263.0,48.17,235446.0
2020-12-18,187.5,191.25,177.0,182.45,833302,EQ,9917.0,84.03,607766.0
2020-12-21,179.6,187.5,173.3,180.15,671063,EQ,13581.0,49.41,423122.0
2020-12-22,180.75,186.0,164.85,184.85,297705,EQ,16810.0,17.71,151171.0
2020-12-23,185.8,186.75,179.7,180.75,139516,EQ,4474.0,31.18,48069.0
2020-12-24,183.75,186.55,179.0,185.45,141516,EQ,3571.0,39.63,72858.0
2020-12-28,186.0,190.5,182.4,185.3,476365,EQ,6535.0,72.89,326530.0
2020-12-29,186.25,187.4,180.75,183.7,72434,EQ,3501.0,20.69,36453.0
2020-12-30,182.6,187.0,181.75,184.6,98228,EQ,3873.0,25.36,59987.0
2020-12-31,185.5,189.7,184.6,186.8,231262,EQ,7217.0,32.04,95940.0
2021-01-01,186.8,188.4,183.4,187.05,58504,EQ,1978.0,29.58,27064.0
2021-01-04,187.95,194.25,184.0,189.5,555832,EQ,8772.0,63.36,282975.0
2021-01-05,188.3,194.05,186.75,192.8,313537,EQ,5376.0,58.32,185120.0
2021-01-06,193.95,193.95,187.5,188.6,153202,EQ,3898.0,39.3,95430.0
2021-01-07,190.55,195.0,189.8,193.65,215698,EQ,4494.0,48.0,126834.0
2021-01-08,197.8,197.8,194.3,196.65,134589,EQ,3141.0,42.85,74764.0
2021-01-11,198.0,205.95,196.9,200.8,485216,EQ,13712.0,35.39,317423.0
2021-01-12,201.0,206.25,199.65,206.2,326752,EQ,7132.0,45.81,242399.0
2021-01-13,207.35,210.85,196.65,201.2,266202,EQ,8948.0,29.75,139620.0
2021-01-14,201.2,209.15,198.75,205.75,569553,EQ,18447.0,30.88,122250.0
2021-01-15,206.25,207.7,195.9,200.3,124631,EQ,11796.0,10.57,59485.0
2021-01-18,198.35,198.35,191.75,194.35,99503,EQ,5505.0,18.08,32812.0
2021-01-19,195.5,202.2,193.6,195.95,289318,EQ,10231.0,28.28,160552.0
2021-01-20,194.7,197.2,188.25,190.05,248761,EQ,8655.0,28.74,118814.0
2021-01-21,190.25,198.75,184.8,188.95,244722,EQ,10375.0,23.59,111107.0
2021-01-22,187.9,192.3,181.25,183.25,223453,EQ,11068.0,20.19,108951.0
2021-01-25,183.5,188.3,177.2,185.9,209074,EQ,3497.0,59.79,152381.0
2021-01-27,186.8,186.8,174.1,176.8,71193,EQ,3054.0,23.31,27256.0
2021-01-28,174.0,179.8,166.05,170.2,339620,EQ,12805.0,26.52,199050.0
2021-01-29,172.35,186.05,169.65,182.0,302177,EQ,15044.0,20.09,140428.0
2021-02-01,182.65,190.75,176.6,184.6,388365,EQ,11599.0,33.48,118949.0
2021-02-02,186.7,191.95,185.6,188.0,177252,EQ,5704.0,31.08,103090.0
2021-02-03,189.0,196.3,186.2,192.65,89932,EQ,3491.0,25.76,43897.0
2021-02-04,193.6,201.75,190.8,198.55,173663,EQ,3629.0,47.85,85316.0
2021-02-05,199.9,205.5,198.8,202.85,302099,EQ,5807.0,52.02,116212.0
2021-02-08,203.8,219.65,202.3,214.05,687517,EQ,17607.0,39.05,318255.0
2021-02-09,215.6,219.0,212.6,216.65,509436,EQ,14959.0,34.06,331528.0
2021-02-10,216.0,217.0,210.0,214.25,231629,EQ,8301.0,27.9,98679.0
2021-02-11,215.3,217.55,208.8,214.2,207731,EQ,9940.0,20.9,119897.0
2021-02-12,215.3,217.5,212.6,216.5,221503,EQ,12114.0,18.28,157241.0
2021-02-15,217.3,221.25,206.25,209.4,226351,EQ,5650.0,40.06,63190.0
2021-02-16,210.5,214.5,209.5,211.35,85075,EQ,4603.0,18.48,34724.0
2021-02-17,208.5,217.0,208.5,211.3,143264,EQ,7198.0,19.9,78434.0
2021-02-18,212.4,214.4,208.9,211.5,89824,EQ,3806.0,23.6,46854.0
2021-02-19,211.4,215.25,205.3,211.1,147217,EQ,7069.0,20.83,105101.0
2021-02-22,212.15,220.0,211.5,213.7,413860,EQ,14700.0,28.15,261742.0
2021-02-23,216.4,220.05,212.0,216.95,431994,EQ,23087.0,18.71,273103.0
2021-02-24,219.25,223.75,198.75,216.6,273846,EQ,9031.0,30.32,145675.0
2021-02-25,217.9,221.6,216.9,219.0,215166,EQ,7478.0,28.77,141678.0
2021-02-26,220.75,223.5,212.25,217.4,248681,EQ,9523.0,26.11,132673.0
2021-03-01,217.6,223.85,217.5,219.15,248115,EQ,6410.0,38.71,176954.0
2021-03-02,221.0,224.75,218.8,221.95,206673,EQ,7050.0,29.32,134443.0
2021-03-03,222.75,223.9,220.1,221.25,139094,EQ,6157.0,22.59,104615.0
2021-03-04,221.25,224.25,216.75,218.6,272528,EQ,13752.0,19.82,182966.0
2021-03-05,220.75,220.75,213.75,214.8,165545,EQ,7249.0,22.84,108335.0
2021-03-08,215.9,223.3,213.75,215.1,485232,EQ,19158.0,25.33,273601.0
2021-03-09,219.65,219.65,211.7,217.6,427430,EQ,12858.0,33.24,323609.0
2021-03-10,217.9,220.6,215.6,217.5,228295,EQ,8354.0,27.33,158773.0
2021-03-12,217.6,219.7,213.3,214.5,247539,EQ,9615.0,25.75,172412.0
2021-03-15,215.6,217.5,210.3,212.8,171258,EQ,11135.0,15.38,125877.0
2021-03-16,216.0,216.0,207.0,209.3,364064,EQ,13034.0,27.93,275818.0
2021-03-17,211.5,211.5,195.0,203.65,174143,EQ,10072.0,17.29,95318.0
2021-03-18,204.7,206.0,189.0,194.8,211858,EQ,11412.0,18.56,118062.0
2021-03-19,193.0,198.25,182.5,187.2,2602362,EQ,36803.0,70.71,2288115.0
2021-03-22,187.2,190.6,182.25,188.6,182657,EQ,10218.0,17.88,101161.0
2021-03-23,189.6,190.5,188.0,189.1,169561,EQ,6772.0,25.04,113544.0
2021-03-24,190.85,194.95,182.55,188.45,123415,EQ,4995.0,24.71,77326.0
2021-03-25,189.4,191.95,180.1,186.7,180324,EQ,11311.0,15.94,76012.0
2021-03-26,188.2,206.25,184.3,202.6,222985,EQ,9308.0,23.96,73359.0
2021-03-30,203.25,227.5,189.1,211.85,318216,EQ,11230.0,28.34,175893.0
2021-03-31,209.2,214.6,203.35,208.4,239345,EQ,11770.0,20.34,124132.0
2021-04-01,210.75,210.75,196.6,200.5,561864,EQ,22054.0,25.48,398129.0
2021-04-05,200.25,200.8,191.25,194.95,632474,EQ,8033.0,78.73,555376.0
2021-04-06,200.55,200.55,195.5,197.9,129544,EQ,9447.0,13.71,47800.0
2021-04-07,197.15,206.25,195.0,200.15,174624,EQ,13630.0,12.81,67337.0
2021-04-08,201.4,204.6,198.75,202.1,211249,EQ,13067.0,16.17,160815.0
2021-04-09,201.7,203.8,196.75,199.6,85084,EQ,6503.0,13.08,44524.0
2021-04-12,197.95,197.95,187.7,191.85,1904626,EQ,9010.0,211.39,1795909.0
2021-04-13,195.0,202.3,193.6,199.8,298163,EQ,11903.0,25.05,100997.0
2021-04-15,195.8,198.7,190.3,192.1,183582,EQ,9669.0,18.99,90055.0
2021-04-16,192.65,192.65,187.5,188.7,167222,EQ,10007.0,16.71,95419.0
2021-04-19,187.0,188.7,177.1,186.15,146363,EQ,7675.0,19.07,69637.0
2021-04-20,187.1,187.15,181.9,185.1,142155,EQ,6391.0,22.24,74632.0
2021-04-22,180.25,182.5,178.5,179.75,280915,EQ,11853.0,23.7,174805.0
2021-04-23,178.5,179.9,174.8,176.6,106085,EQ,9768.0,10.86,49743.0
2021-04-26,176.95,184.05,176.6,180.15,130456,EQ,6750.0,19.33,54913.0
2021-04-27,184.5,194.25,181.4,183.3,326636,EQ,8996.0,36.31,133279.0
2021-04-28,184.8,189.55,183.1,185.75,195877,EQ,11830.0,16.56,122941.0
2021-04-29,187.15,193.05,183.8,190.05,174312,EQ,6435.0,27.09,81722.0
2021-04-30,191.0,192.9,187.5,187.8,67480,EQ,1859.0,36.3,41566.0
2021-05-03,189.0,191.3,185.85,187.55,218465,EQ,7769.0,28.12,168873.0
2021-05-04,189.0,192.65,186.8,188.2,66362,EQ,2653.0,25.01,47466.0
2021-05-05,189.2,194.0,188.0,191.65,98783,EQ,4545.0,21.73,59742.0
2021-05-06,194.0,194.0,189.8,190.7,176405,EQ,954.0,184.91,166827.0
2021-05-07,193.0,201.45,191.25,192.1,195694,EQ,4677.0,41.84,80781.0
2021-05-10,191.25,193.5,189.1,190.75,255093,EQ,5258.0,48.52,191471.0
2021-05-11,188.85,189.7,182.3,184.6,329023,EQ,15354.0,21.43,202026.0
2021-05-12,184.6,190.4,183.9,187.55,131115,EQ,5365.0,24.44,77081.0
2021-05-14,190.5,190.5,180.1,182.9,167475,EQ,8068.0,20.76,101726.0
2021-05-17,187.1,190.9,182.3,185.05,328530,EQ,10108.0,32.5,113830.0
2021-05-18,188.9,189.75,183.8,187.5,352705,EQ,5660.0,62.32,281008.0
2021-05-19,196.6,210.0,190.5,194.8,2505444,EQ,59572.0,42.06,504288.0
2021-05-20,194.25,201.75,190.5,198.05,785960,EQ,21333.0,36.84,401391.0
2021-05-21,200.15,203.75,198.95,201.8,841237,EQ,22949.0,36.66,636487.0
2021-05-24,203.25,204.75,201.2,202.9,476279,EQ,9993.0,47.66,331073.0
2021-05-25,202.9,205.05,200.0,201.85,181616,EQ,7102.0,25.57,112827.0
2021-05-26,201.85,202.0,198.95,199.95,90741,EQ,2512.0,36.12,39769.0
2021-05-27,201.35,201.8,196.15,199.35,1230806,EQ,14455.0,85.15,1048595.0
2021-05-28,201.8,202.0,196.9,198.8,262289,EQ,8148.0,32.19,188074.0
2021-05-31,200.2,200.8,193.1,194.2,122502,EQ,4895.0,25.03,64716.0
2021-06-01,195.0,196.4,193.55,195.0,264436,EQ,2162.0,122.31,227831.0
2021-06-02,196.1,201.5,195.75,199.9,194299,EQ,6017.0,32.29,97612.0
2021-06-03,204.2,207.65,201.0,202.0,609641,EQ,12494.0,48.79,200219.0
2021-06-04,203.95,206.8,200.25,201.35,142408,EQ,4608.0,30.9,62194.0
2021-06-07,205.35,205.5,198.9,200.25,191421,EQ,5708.0,33.54,129873.0
2021-06-08,201.5,211.35,200.5,209.5,622347,EQ,12886.0,48.3,271147.0
2021-06-09,211.75,213.65,198.9,202.7,306737,EQ,7615.0,40.28,114385.0
2021-06-10,202.7,210.0,202.7,207.65,266442,EQ,4589.0,58.06,148526.0
2021-06-11,209.15,211.5,207.8,209.5,97971,EQ,2720.0,36.02,44323.0
2021-06-14,210.7,216.75,202.9,210.8,751012,EQ,13416.0,55.98,231305.0
2021-06-15,211.9,216.65,208.7,212.9,258506,EQ,7886.0,32.78,115320.0
2021-06-16,212.85,215.0,211.0,213.35,160472,EQ,2746.0,58.44,110339.0
2021-06-17,210.05,212.6,208.35,209.75,156625,EQ,5913.0,26.49,105573.0
2021-06-18,209.8,212.6,194.6,206.4,451746,EQ,17524.0,25.78,272120.0
2021-06-21,205.4,213.75,201.95,209.3,142185,EQ,4852.0,29.3,62867.0
2021-06-22,211.1,224.9,210.4,215.3,898076,EQ,21205.0,42.35,289776.0
2021-06-23,214.7,221.15,210.4,218.15,342733,EQ,10107.0,33.91,149897.0
2021-06-24,218.15,220.9,214.65,218.6,208748,EQ,4200.0,49.7,142516.0
2021-06-25,218.55,218.55,213.75,214.85,204505,EQ,6689.0,30.57,145514.0
2021-06-28,214.5,217.1,212.0,213.0,104773,EQ,5375.0,19.49,55390.0
2021-06-29,211.0,212.7,207.75,208.85,240653,EQ,11378.0,21.15,149936.0
2021-06-30,209.25,212.05,201.5,209.8,433464,EQ,9459.0,45.83,315549.0
2021-07-01,209.25,212.8,204.7,206.4,172958,EQ,7483.0,23.11,92812.0
2021-07-02,209.9,211.4,207.45,210.1,98124,EQ,5515.0,17.79,52659.0
2021-07-05,211.85,215.0,208.7,210.8,271775,EQ,12613.0,21.55,164851.0
2021-07-06,212.85,220.1,210.9,214.7,373054,EQ,17659.0,21.13,164688.0
2021-07-07,216.0,224.15,214.15,221.25,1268195,EQ,17191.0,73.77,774078.0
2021-07-08,223.5,240.75,223.5,229.55,3089006,EQ,58038.0,53.22,425082.0
2021-07-09,229.55,239.25,229.55,237.35,1121797,EQ,30136.0,37.22,473908.0
2021-07-12,240.75,248.15,240.0,242.5,1394691,EQ,31318.0,44.53,480018.0
2021-07-13,244.5,247.75,238.4,243.45,564200,EQ,19992.0,28.22,216008.0
2021-07-14,245.4,250.6,243.75,246.0,424578,EQ,13580.0,31.26,190884.0
2021-07-15,244.5,268.5,234.95,260.2,2124312,EQ,48900.0,43.44,644757.0
2021-07-16,262.5,264.4,252.8,254.35,1165517,EQ,30554.0,38.15,495939.0
2021-07-19,252.35,253.8,240.95,242.4,347129,EQ,11974.0,28.99,144543.0
2021-07-20,243.0,244.6,234.0,234.9,782483,EQ,18324.0,42.7,343550.0
2021-07-22,237.05,247.05,235.95,238.55,284832,EQ,8750.0,32.55,86528.0
2021-07-23,240.8,243.0,234.75,236.3,463757,EQ,12087.0,38.37,239686.0
2021-07-26,235.6,242.25,235.15,240.8,266965,EQ,11228.0,23.78,109921.0
2021-07-27,239.5,245.9,232.55,238.55,293884,EQ,12469.0,23.57,123304.0
2021-07-28,240.25,252.9,237.65,244.75,516597,EQ,16131.0,32.03,125009.0
2021-07-29,246.55,254.2,241.65,243.2,614225,EQ,14815.0,41.46,160164.0
2021-07-30,242.8,247.7,239.8,244.7,304010,EQ,6588.0,46.15,192015.0
2021-08-02,243.55,256.5,240.6,250.7,1563984,EQ,36334.0,43.04,516659.0
2021-08-03,252.65,263.2,252.0,259.3,1415452,EQ,45021.0,31.44,584243.0
2021-08-04,262.3,267.75,249.75,253.55,1280317,EQ,33201.0,38.56,408835.0
2021-08-05,254.9,256.0,243.45,252.6,464889,EQ,13353.0,34.82,226674.0
2021-08-06,246.0,258.1,243.05,250.9,304726,EQ,8335.0,36.56,75213.0
2021-08-09,254.15,261.75,247.4,255.2,871656,EQ,31558.0,27.62,370294.0
2021-08-10,255.2,255.8,243.15,246.1,223222,EQ,5707.0,39.11,86962.0
2021-08-11,244.5,246.75,231.65,242.45,795702,EQ,14455.0,55.05,353661.0
2021-08-12,244.05,255.9,243.6,253.2,730239,EQ,10247.0,71.26,452033.0
2021-08-13,255.0,255.15,243.9,246.75,246491,EQ,10820.0,22.78,67859.0
2021-08-16,248.6,248.6,225.95,235.55,542306,EQ,11384.0,47.64,248631.0
2021-08-17,232.65,247.4,219.1,245.75,526220,EQ,17934.0,29.34,146042.0
2021-08-18,246.5,250.35,240.35,246.2,202275,EQ,6409.0,31.56,73275.0
2021-08-20,242.9,243.35,236.1,236.3,126064,EQ,4911.0,25.67,50543.0
2021-08-23,234.85,239.8,226.1,232.9,207980,EQ,5417.0,38.39,80228.0
2021-08-24,234.1,238.1,226.75,233.0,253836,EQ,9058.0,28.02,115532.0
2021-08-25,236.9,239.6,228.2,230.3,135431,EQ,6776.0,19.99,41597.0
2021-08-26,233.15,233.15,227.25,229.6,117061,EQ,5506.0,21.26,38749.0
2021-08-27,232.4,235.5,224.1,225.75,295034,EQ,10764.0,27.41,111846.0
2021-08-30,227.25,237.85,227.25,234.2,508771,EQ,33860.0,15.03,310981.0
2021-08-31,234.2,251.9,233.45,250.85,1126726,EQ,25781.0,43.7,292872.0
2021-09-01,250.85,288.75,247.55,269.8,5329061,EQ,109463.0,48.68,1261852.0
2021-09-02,265.5,281.05,261.4,278.05,1864216,EQ,42003.0,44.38,445346.0
2021-09-03,278.75,284.1,272.4,277.6,1209818,EQ,36988.0,32.71,390552.0
2021-09-06,279.5,298.85,279.4,295.3,3322941,EQ,84183.0,39.47,1002414.0
2021-09-07,294.0,305.8,285.9,300.25,1997481,EQ,55581.0,35.94,612242.0
2021-09-08,299.25,309.75,294.85,301.2,1500582,EQ,42528.0,35.28,436720.0
2021-09-09,295.5,305.25,294.75,298.7,635238,EQ,19454.0,32.65,183026.0
2021-09-13,298.7,303.0,295.8,300.55,435879,EQ,10289.0,42.36,119140.0
2021-09-14,301.85,307.4,300.0,301.0,430988,EQ,9536.0,45.2,114958.0
2021-09-15,301.0,301.85,293.4,295.2,273256,EQ,11075.0,24.67,107787.0
2021-09-16,296.2,300.0,288.75,292.45,361820,EQ,12414.0,29.15,148638.0
2021-09-17,294.0,303.2,277.2,281.1,871240,EQ,22548.0,38.64,289713.0
2021-09-20,277.35,289.5,272.05,275.45,540714,EQ,16443.0,32.88,155916.0
2021-09-21,276.0,305.2,268.75,300.9,1571127,EQ,42419.0,37.04,311747.0
2021-09-22,309.75,316.25,298.9,305.35,2910873,EQ,70619.0,41.22,395419.0
2021-09-23,305.6,329.25,301.0,315.6,3422675,EQ,74123.0,46.18,653355.0
2021-09-24,315.75,319.45,307.0,314.35,1181496,EQ,36312.0,32.54,286778.0
2021-09-27,314.35,327.4,310.0,316.6,1450568,EQ,30491.0,47.57,509087.0
2021-09-28,318.0,319.0,301.0,305.15,632097,EQ,22308.0,28.33,167870.0
2021-09-29,300.0,305.6,292.7,295.2,891721,EQ,22049.0,40.44,293372.0
2021-09-30,295.9,313.9,294.8,307.5,1196651,EQ,27839.0,42.98,223584.0
2021-10-01,308.35,313.8,304.5,307.95,728778,EQ,18833.0,38.7,282023.0
2021-10-04,307.95,324.9,307.95,320.3,1072994,EQ,32159.0,33.37,454751.0
2021-10-05,320.3,333.75,320.0,331.7,699092,EQ,19756.0,35.39,203092.0
2021-10-06,335.0,341.25,332.6,334.0,1673097,EQ,27808.0,60.17,1059731.0
2021-10-07,337.3,357.5,334.6,351.8,2183068,EQ,59719.0,36.56,852183.0
2021-10-08,351.8,351.8,343.75,346.5,704637,EQ,18117.0,38.89,374569.0
2021-10-11,349.4,372.7,346.8,356.25,1247873,EQ,75204.0,16.59,560020.0
2021-10-12,351.0,352.4,340.55,346.65,835055,EQ,30852.0,27.07,259494.0
2021-10-13,350.1,358.8,340.9,346.8,598707,EQ,32838.0,18.23,230870.0
2021-10-14,348.7,350.0,342.85,346.45,385574,EQ,11791.0,32.7,167272.0
2021-10-18,346.2,349.0,330.75,332.5,291547,EQ,13743.0,21.21,108388.0
2021-10-19,334.45,351.6,326.5,331.6,594664,EQ,50271.0,11.83,198005.0
2021-10-20,330.7,334.5,319.45,327.55,443135,EQ,22077.0,20.07,133063.0
2021-10-21,329.8,341.95,311.65,318.4,397317,EQ,20258.0,19.61,74755.0
2021-10-22,321.75,341.25,321.75,336.4,605905,EQ,36490.0,16.6,147239.0
2021-10-25,339.0,350.2,317.8,324.65,670341,EQ,46970.0,14.27,230876.0
2021-10-26,325.7,355.9,325.5,349.3,1014442,EQ,43839.0,23.14,275545.0
2021-10-27,350.9,352.4,342.0,347.3,386463,EQ,16016.0,24.13,184262.0
2021-10-28,347.9,347.9,328.6,331.7,239373,EQ,13412.0,17.85,64618.0
2021-10-29,332.25,354.1,320.85,348.1,602051,EQ,21728.0,27.71,238722.0
2021-11-01,352.3,361.5,343.5,358.9,623520,EQ,24152.0,25.82,128566.0
2021-11-02,361.4,396.6,352.5,376.35,3134338,EQ,89458.0,35.04,744605.0
2021-11-03,376.5,385.75,360.75,374.45,1023884,EQ,31543.0,32.46,157896.0
2021-11-04,375.0,377.25,367.9,372.5,126356,EQ,31543.0,4.01,157896.0
2021-11-08,372.55,376.45,366.1,371.0,205146,EQ,9318.0,22.02,58115.0
2021-11-09,371.15,383.85,365.4,370.6,497900,EQ,15279.0,32.59,148788.0
2021-11-10,369.7,373.5,357.6,362.95,293556,EQ,8885.0,33.04,145934.0
2021-11-11,363.0,373.3,362.5,366.75,223666,EQ,9270.0,24.13,62095.0
2021-11-12,372.0,380.25,365.35,376.8,390785,EQ,13645.0,28.64,123811.0
2021-11-15,379.9,389.95,372.85,377.15,653963,EQ,19544.0,33.46,250635.0
2021-11-16,375.7,382.8,373.1,379.15,214435,EQ,8726.0,24.57,74706.0
2021-11-17,374.1,388.0,374.1,384.8,523281,EQ,15657.0,33.42,291869.0
2021-11-18,382.95,384.35,367.9,370.9,238341,EQ,12701.0,18.77,62814.0
2021-11-22,363.75,373.5,301.2,349.3,1980409,EQ,72671.0,27.25,573461.0
2021-11-23,345.0,370.4,342.4,359.15,583612,EQ,25746.0,22.67,109777.0
2021-11-24,357.6,367.45,356.05,361.55,302618,EQ,13568.0,22.3,79721.0
2021-11-25,361.55,382.5,355.0,379.1,606021,EQ,29745.0,20.37,167984.0
2021-11-26,370.5,380.85,349.45,355.8,470540,EQ,36423.0,12.92,134678.0
2021-11-29,349.5,352.5,331.55,339.0,493280,EQ,31963.0,15.43,125663.0
2021-11-30,338.25,392.9,330.0,376.85,1901891,EQ,52494.0,36.23,1001147.0
2021-12-01,384.75,386.85,364.75,373.05,714122,EQ,38587.0,18.51,127559.0
2021-12-02,371.7,375.0,366.0,368.95,270813,EQ,16925.0,16.0,62231.0
2021-12-03,368.85,374.25,364.0,369.9,241804,EQ,14605.0,16.56,54505.0
2021-12-06,367.9,374.2,365.1,368.0,317965,EQ,13589.0,23.4,119414.0
2021-12-07,370.5,387.75,368.3,376.0,767146,EQ,36621.0,20.95,189609.0
2021-12-08,379.3,383.9,377.35,379.3,352799,EQ,21350.0,16.52,173872.0
2021-12-09,382.3,382.3,367.1,370.85,212657,EQ,9932.0,21.41,57751.0
2021-12-10,369.4,372.1,366.0,368.95,175260,EQ,8540.0,20.52,41954.0
2021-12-13,371.0,374.35,353.5,356.2,263628,EQ,9748.0,27.04,88528.0
2021-12-14,355.7,366.75,350.05,361.9,224184,EQ,10713.0,20.93,39650.0
2021-12-15,363.35,365.15,351.1,353.9,125942,EQ,6481.0,19.43,25459.0
2021-12-16,356.25,359.3,347.85,352.5,155375,EQ,17390.0,8.93,47717.0
2021-12-17,354.7,357.5,337.95,341.5,191067,EQ,9378.0,20.37,65725.0
2021-12-20,330.0,333.75,311.25,322.6,346607,EQ,14952.0,23.18,116731.0
2021-12-21,326.05,341.2,326.05,338.05,292098,EQ,14102.0,20.71,49521.0
2021-12-22,340.9,376.8,337.8,366.1,3057624,EQ,81326.0,37.6,658339.0
2021-12-23,364.5,374.95,360.15,371.8,704045,EQ,23916.0,29.44,217165.0
2021-12-24,369.75,372.75,361.65,370.55,577386,EQ,27265.0,21.18,157968.0
2021-12-27,371.2,372.75,360.4,367.85,339382,EQ,13288.0,25.54,140261.0
2021-12-28,369.0,376.75,365.15,369.05,424899,EQ,17791.0,23.88,138521.0
2021-12-29,368.8,374.6,361.5,367.6,496170,EQ,19224.0,25.81,170873.0
2021-12-30,368.25,383.9,361.5,374.2,1516949,EQ,47674.0,31.82,343768.0
2021-12-31,375.0,381.6,363.75,367.7,415295,EQ,19591.0,21.2,147118.0
2022-01-03,368.8,374.25,364.4,370.55,464105,EQ,12776.0,36.33,214974.0
2022-01-04,370.6,373.1,354.3,356.3,544224,EQ,23141.0,23.52,232839.0
2022-01-05,356.05,360.1,348.15,350.35,543258,EQ,20429.0,26.59,217147.0
2022-01-06,349.9,349.9,333.75,335.9,641682,EQ,33981.0,18.88,304599.0
2022-01-07,337.6,341.25,329.8,331.0,697860,EQ,27939.0,24.98,305345.0
2022-01-10,335.25,343.3,331.3,341.25,666313,EQ,23601.0,28.23,336608.0
2022-01-11,344.8,352.15,341.4,347.8,714197,EQ,19209.0,37.18,311027.0
2022-01-12,347.8,359.25,347.7,352.7,545567,EQ,16219.0,33.64,161665.0
2022-01-13,353.25,363.8,350.75,358.2,422014,EQ,22134.0,19.07,162078.0
2022-01-14,356.55,365.4,354.1,358.45,281086,EQ,13917.0,20.2,70398.0
2022-01-17,358.45,377.55,356.25,375.05,732183,EQ,22430.0,32.64,247326.0
2022-01-18,377.2,398.25,372.05,376.4,2462437,EQ,85566.0,28.78,397614.0
2022-01-19,370.9,379.0,360.65,374.25,405554,EQ,15990.0,25.36,79409.0
2022-01-20,375.75,391.3,375.0,388.3,1111886,EQ,33168.0,33.52,336011.0
2022-01-21,386.1,386.1,370.05,375.9,845019,EQ,25668.0,32.92,362630.0
2022-01-24,378.25,388.15,345.85,362.0,1387747,EQ,45242.0,30.67,477729.0
2022-01-25,356.25,375.7,349.0,363.5,334719,EQ,18189.0,18.4,61933.0
2022-01-27,360.0,369.8,350.45,353.45,260334,EQ,11311.0,23.02,69592.0
2022-01-28,353.5,366.45,353.5,355.7,239827,EQ,10355.0,23.16,83424.0
2022-01-31,357.0,381.45,357.0,374.9,748517,EQ,23875.0,31.35,319608.0
2022-02-01,381.75,393.0,372.85,376.35,609421,EQ,26411.0,23.07,129930.0
2022-02-02,378.85,405.0,378.7,391.3,1284331,EQ,35938.0,35.74,278122.0
2022-02-03,393.75,399.4,387.5,393.95,352692,EQ,13953.0,25.28,94519.0
2022-02-04,404.2,404.2,374.8,379.7,1234110,EQ,38508.0,32.05,343394.0
2022-02-07,376.5,383.15,363.0,372.75,524472,EQ,23765.0,22.07,96007.0
2022-02-08,375.0,389.9,367.25,386.0,514111,EQ,22644.0,22.7,128513.0
2022-02-09,388.5,391.9,368.9,371.8,440788,EQ,17310.0,25.46,144809.0
2022-02-10,371.6,384.75,367.5,381.1,383972,EQ,13072.0,29.37,83345.0
2022-02-11,375.0,380.65,369.75,371.9,233567,EQ,9056.0,25.79,51376.0
2022-02-14,366.75,366.75,353.5,358.1,259531,EQ,13864.0,18.72,73315.0
2022-02-15,356.5,370.5,356.5,362.7,256759,EQ,14911.0,17.22,64605.0
2022-02-16,364.5,376.9,363.85,371.9,292996,EQ,10938.0,26.79,55297.0
2022-02-17,372.35,380.8,366.95,374.45,350612,EQ,14405.0,24.34,77293.0
2022-02-18,372.0,378.7,368.25,370.7,203449,EQ,14853.0,13.7,66857.0
2022-02-21,366.85,374.9,361.7,372.0,227039,EQ,18638.0,12.18,71512.0
2022-02-22,356.3,376.6,356.3,369.45,242144,EQ,10940.0,22.13,76456.0
2022-02-23,372.0,381.2,368.5,373.75,455743,EQ,16004.0,28.48,226111.0
2022-02-24,359.0,372.4,345.1,350.8,340635,EQ,14858.0,22.93,107781.0
2022-02-25,356.2,374.9,356.2,371.3,251924,EQ,13508.0,18.65,74004.0
2022-02-28,371.25,379.85,364.1,372.7,529532,EQ,20575.0,25.74,226914.0
2022-03-02,369.75,374.8,367.6,371.4,308052,EQ,15462.0,19.92,168043.0
2022-03-03,372.75,387.7,354.85,360.3,355140,EQ,12415.0,28.61,110884.0
2022-03-04,360.0,364.8,357.25,358.7,416261,EQ,12950.0,32.14,236821.0
2022-03-07,355.5,355.5,321.75,326.7,552297,EQ,,,
2022-03-08,328.45,336.6,321.4,331.3,558872,EQ,33599.0,16.63,193062.0
2022-03-09,333.75,348.4,327.0,336.7,451905,EQ,23122.0,19.54,141783.0
2022-03-10,345.0,347.4,330.75,335.25,323700,EQ,14643.0,22.11,117811.0
2022-03-11,337.55,340.3,331.45,335.6,230780,EQ,17564.0,13.14,89772.0
2022-03-14,327.25,344.9,327.25,341.35,332498,EQ,21794.0,15.26,121315.0
2022-03-15,340.35,352.45,339.25,350.0,568814,EQ,34402.0,16.53,203035.0
2022-03-16,356.95,363.0,351.5,359.25,437501,EQ,17656.0,24.78,192447.0
2022-03-17,361.2,405.0,361.2,396.85,1488811,EQ,56380.0,26.41,521529.0
2022-03-21,399.75,399.75,384.75,391.4,606143,EQ,19368.0,31.3,202516.0
2022-03-22,392.0,397.15,375.55,382.6,335332,EQ,20377.0,16.46,108506.0
2022-03-23,392.35,393.75,381.0,383.6,530612,EQ,20076.0,26.43,196232.0
2022-03-24,386.25,393.6,383.6,387.75,406979,EQ,23329.0,17.45,148985.0
2022-03-25,389.05,392.25,383.1,385.75,233468,EQ,12382.0,18.86,81047.0
2022-03-28,387.6,388.3,379.0,381.35,175965,EQ,8361.0,21.05,60793.0
2022-03-29,385.1,400.9,384.45,389.4,1079259,EQ,42559.0,25.36,331870.0
2022-03-30,393.7,399.0,390.85,394.75,349602,EQ,12654.0,27.63,147277.0
2022-03-31,395.25,416.0,376.95,387.65,2362746,EQ,65288.0,36.19,694647.0
2022-04-01,386.1,396.5,380.8,392.8,393452,EQ,12868.0,30.58,116713.0
2022-04-04,395.9,397.85,390.05,392.7,242845,EQ,12071.0,20.12,95372.0
2022-04-05,393.0,395.6,378.85,381.55,494651,EQ,19679.0,25.14,197298.0
2022-04-06,381.0,381.0,369.85,374.4,461777,EQ,15906.0,29.03,194329.0
2022-04-07,375.75,388.5,374.35,377.85,556825,EQ,22526.0,24.72,242052.0
2022-04-08,382.85,384.7,375.0,380.15,245834,EQ,9582.0,25.66,93503.0
2022-04-11,379.1,387.5,378.4,382.9,569216,EQ,9866.0,57.69,427810.0
2022-04-12,381.9,383.9,365.25,370.55,257307,EQ,20387.0,12.62,111643.0
2022-04-13,372.5,376.55,361.9,366.3,119586,EQ,8927.0,13.4,49670.0
2022-04-18,366.0,395.8,364.2,367.05,211322,EQ,9512.0,22.22,58723.0
2022-04-19,366.2,372.7,357.0,363.1,112041,EQ,5048.0,22.2,40660.0
2022-04-20,366.5,372.0,357.75,360.1,192988,EQ,12816.0,15.06,79179.0
2022-04-21,362.9,370.5,351.1,361.35,330702,EQ,13389.0,24.7,172410.0
2022-04-22,357.5,363.7,355.25,356.5,512088,EQ,7742.0,66.14,391050.0
2022-04-25,350.3,352.75,342.0,342.5,487372,EQ,16761.0,29.08,272863.0
2022-04-26,347.9,354.7,345.75,348.1,372493,EQ,10781.0,34.55,232615.0
2022-04-27,341.35,350.65,341.35,348.9,97956,EQ,4404.0,22.24,34070.0
2022-04-28,349.5,353.9,341.6,343.8,93675,EQ,4302.0,21.77,27656.0
2022-04-29,345.0,358.7,337.5,341.85,192587,EQ,6517.0,29.55,60244.0
2022-05-02,336.0,348.0,330.75,341.95,440716,EQ,18177.0,24.25,268137.0
2022-05-04,342.4,346.5,331.4,335.1,222534,EQ,14220.0,15.65,96250.0
2022-05-05,340.7,344.9,334.45,336.05,271162,EQ,11609.0,23.36,145367.0
2022-05-06,326.75,333.7,321.75,326.9,249072,EQ,16267.0,15.31,116103.0
2022-05-09,324.0,326.7,308.5,314.55,435457,EQ,16860.0,25.83,271261.0
2022-05-10,312.7,321.65,309.6,314.75,425017,EQ,23399.0,18.16,240907.0
2022-05-12,300.75,306.75,282.1,296.15,241807,EQ,15225.0,15.88,63319.0
2022-05-13,294.75,316.0,293.35,305.9,430997,EQ,21987.0,19.6,179970.0
2022-05-16,310.5,326.25,306.5,321.4,339601,EQ,13638.0,24.9,150872.0
2022-05-17,320.85,330.0,318.75,329.25,289773,EQ,11847.0,24.46,205541.0
2022-05-18,332.0,334.2,323.15,326.6,256587,EQ,23628.0,10.86,149280.0
2022-05-19,320.25,334.1,315.45,325.3,235616,EQ,13416.0,17.56,87816.0
2022-05-20,326.0,339.7,326.0,337.25,294617,EQ,8075.0,36.49,170529.0
2022-05-23,341.25,348.7,333.95,342.75,484452,EQ,20062.0,24.15,217504.0
2022-05-24,342.2,344.15,333.0,334.25,88351,EQ,6064.0,14.57,23950.0
2022-05-25,335.6,340.95,333.4,333.9,110135,EQ,6110.0,18.03,45636.0
2022-05-26,333.8,338.55,328.7,331.7,290864,EQ,10489.0,27.73,164323.0
2022-05-27,333.7,335.7,326.0,332.4,215110,EQ,6682.0,32.19,141795.0
2022-05-30,332.25,345.0,332.25,343.4,100957,EQ,5774.0,17.48,26476.0
2022-05-31,339.1,355.3,339.1,348.5,1109109,EQ,17961.0,61.75,268879.0
2022-06-01,349.85,352.1,339.0,343.0,132622,EQ,10001.0,13.26,46546.0
2022-06-02,342.0,346.45,340.4,344.8,66116,EQ,5170.0,12.79,28096.0
2022-06-03,345.75,350.75,342.75,344.95,82667,EQ,5939.0,13.92,33226.0
2022-06-06,344.95,349.5,342.2,345.25,578306,EQ,11806.0,48.98,468372.0
2022-06-07,339.1,343.4,337.5,340.15,438382,EQ,7145.0,61.36,364054.0
2022-06-08,341.6,349.9,337.5,346.65,479802,EQ,12688.0,37.82,365547.0
2022-06-09,346.5,351.0,344.0,347.9,136092,EQ,13957.0,9.75,78162.0
2022-06-10,348.0,351.0,341.25,341.9,81282,EQ,4685.0,17.35,33417.0
2022-06-13,337.5,341.9,333.75,335.15,89757,EQ,9542.0,9.41,46758.0
2022-06-14,330.0,345.35,330.0,339.45,220913,EQ,14128.0,15.64,93280.0
2022-06-15,341.2,346.4,339.2,341.8,83097,EQ,6585.0,12.62,33994.0
2022-06-16,341.8,349.15,333.75,340.3,647835,EQ,11245.0,57.61,568430.0
2022-06-17,338.25,341.2,330.0,332.0,239228,EQ,13989.0,17.1,137333.0
2022-06-20,333.3,341.25,327.4,335.8,173595,EQ,15944.0,10.89,86147.0
2022-06-21,337.5,340.4,329.25,331.05,166363,EQ,8002.0,20.79,81441.0
2022-06-22,331.3,337.4,319.85,322.45,112008,EQ,7128.0,15.71,33995.0
2022-06-23,321.0,337.5,321.0,330.1,230781,EQ,17798.0,12.97,87285.0
2022-06-24,331.5,336.0,324.25,329.25,69323,EQ,4289.0,16.16,18769.0
2022-06-27,331.9,342.0,327.15,331.15,166488,EQ,8149.0,20.43,95541.0
2022-06-28,337.5,350.2,332.9,335.15,1570830,EQ,43071.0,36.47,174853.0
2022-06-29,328.6,333.8,328.6,332.0,139804,EQ,7903.0,17.69,54538.0
2022-06-30,331.4,336.75,322.9,333.3,201132,EQ,8649.0,23.25,84487.0
2022-07-01,329.25,335.6,327.05,332.8,140806,EQ,4174.0,33.73,63202.0
2022-07-04,332.8,335.2,326.6,328.55,44941,EQ,2985.0,15.06,13685.0
2022-07-05,329.2,335.25,326.25,328.1,80881,EQ,4190.0,19.3,24297.0
2022-07-06,328.5,335.25,325.7,332.5,164457,EQ,6904.0,23.82,67726.0
2022-07-07,333.65,342.0,333.15,339.35,454357,EQ,14267.0,31.85,292478.0
2022-07-08,340.75,341.9,332.5,333.9,64096,EQ,3354.0,19.11,24805.0
2022-07-11,331.9,341.2,328.1,339.15,104937,EQ,6132.0,17.11,36420.0
2022-07-12,337.35,352.15,336.75,349.7,259685,EQ,9508.0,27.31,86212.0
2022-07-13,352.5,357.75,338.6,341.35,254323,EQ,11035.0,23.05,73882.0
2022-07-14,343.45,347.35,336.2,338.4,115246,EQ,7743.0,14.88,44037.0
2022-07-15,341.25,343.75,338.5,340.2,28813,EQ,2330.0,12.37,10121.0
2022-07-18,344.1,351.75,340.55,349.7,83074,EQ,5110.0,16.26,37037.0
2022-07-19,349.5,365.5,344.35,361.05,339451,EQ,11452.0,29.64,110889.0
2022-07-20,363.75,363.75,356.5,358.35,138616,EQ,6147.0,22.55,51714.0
2022-07-21,360.2,363.0,354.1,357.4,80919,EQ,4506.0,17.96,29129.0
2022-07-22,359.95,364.5,354.8,362.35,114323,EQ,4821.0,23.71,48980.0
2022-07-25,362.8,367.5,360.3,366.2,109116,EQ,4983.0,21.9,59094.0
2022-07-26,366.2,368.3,360.25,362.5,136346,EQ,9108.0,14.97,53454.0
2022-07-27,360.6,363.05,350.5,354.95,108514,EQ,8067.0,13.45,63147.0
2022-07-28,355.9,367.7,354.95,366.25,106689,EQ,5006.0,21.31,50971.0
2022-07-29,370.5,375.0,362.45,370.15,199929,EQ,8319.0,24.03,89524.0
2022-08-01,370.1,371.15,358.7,363.85,154313,EQ,7928.0,19.46,64365.0
2022-08-02,364.8,369.1,352.65,361.55,143393,EQ,12387.0,11.58,55763.0
2022-08-03,378.75,391.05,372.4,379.9,1876324,EQ,59475.0,31.55,388136.0
2022-08-04,381.0,389.25,377.85,386.5,429252,EQ,16607.0,25.85,193699.0
2022-08-05,386.4,388.95,380.4,386.05,258814,EQ,12132.0,21.33,157779.0
2022-08-08,386.25,390.75,381.2,389.35,201141,EQ,,,
2022-08-10,390.0,395.25,388.95,393.05,293812,EQ,13330.0,22.04,176711.0
2022-08-11,397.5,398.0,378.75,380.0,157807,EQ,8478.0,18.61,73175.0
2022-08-12,378.75,393.75,377.55,385.4,481219,EQ,14212.0,33.86,330521.0
2022-08-16,385.5,391.5,377.3,380.6,183069,EQ,8739.0,20.95,90699.0
2022-08-17,381.0,385.4,373.5,376.5,197573,EQ,10076.0,19.61,110760.0
2022-08-18,377.85,380.9,372.75,373.9,157948,EQ,11260.0,14.03,76095.0
2022-08-19,375.45,376.6,372.7,375.0,83563,EQ,5173.0,16.15,40714.0
2022-08-22,375.4,377.85,361.0,366.0,142414,EQ,7612.0,18.71,72805.0
2022-08-23,361.5,382.5,361.5,379.75,81955,EQ,6664.0,12.3,34548.0
2022-08-24,379.5,384.5,373.65,378.4,100376,EQ,7612.0,13.19,36841.0
2022-08-25,378.5,382.7,373.45,375.3,97792,EQ,8244.0,11.86,33772.0
2022-08-26,377.1,379.45,372.0,373.7,48416,EQ,8270.0,5.85,24054.0
2022-08-29,357.85,380.55,357.85,373.1,83368,EQ,5991.0,13.92,26107.0
2022-08-30,372.75,384.75,372.75,384.2,124131,EQ,4833.0,25.68,72877.0
2022-09-01,381.0,388.05,378.75,386.45,150158,EQ,8587.0,17.49,66949.0
2022-09-02,386.25,393.75,385.2,391.4,146363,EQ,5290.0,27.67,75167.0
2022-09-05,393.45,409.15,386.6,402.25,528079,EQ,19607.0,26.93,189385.0
2022-09-06,405.75,429.75,405.1,426.3,1489326,EQ,36681.0,40.6,399590.0
2022-09-07,423.75,431.55,416.6,422.35,493348,EQ,16970.0,29.07,168617.0
2022-09-08,423.75,427.7,416.45,423.1,227533,EQ,9371.0,24.28,89030.0
2022-09-09,423.1,438.75,417.1,420.6,511296,EQ,21535.0,23.74,196794.0
2022-09-12,438.75,438.75,428.65,430.9,460715,EQ,21331.0,21.6,156347.0
2022-09-13,433.45,434.25,429.4,432.1,231823,EQ,16689.0,13.89,133925.0
2022-09-14,426.95,438.3,423.05,435.4,317008,EQ,9378.0,33.8,181720.0
2022-09-15,436.35,437.85,423.1,426.8,293588,EQ,14244.0,20.61,212307.0
2022-09-16,426.8,438.3,412.5,419.25,401216,EQ,19287.0,20.8,191257.0
2022-09-19,420.0,421.3,398.25,401.15,263805,EQ,17231.0,15.31,112828.0
2022-09-20,404.25,422.9,402.75,418.3,186278,EQ,10439.0,17.84,71008.0
2022-09-21,419.9,426.6,394.5,397.1,282577,EQ,13922.0,20.3,109846.0
2022-09-22,395.25,402.7,393.9,397.45,127723,EQ,7073.0,18.06,47550.0
2022-09-23,397.5,403.5,386.35,388.8,105304,EQ,6647.0,15.84,41702.0
2022-09-26,380.25,385.3,347.85,368.5,629142,EQ,31929.0,19.7,220940.0
2022-09-27,375.75,383.25,365.0,379.4,124314,EQ,7951.0,15.64,43476.0
2022-09-28,379.4,386.25,356.25,378.95,184126,EQ,11505.0,16.0,75382.0
2022-09-29,380.6,391.5,372.85,378.3,237071,EQ,25067.0,9.46,102778.0
2022-09-30,377.25,386.2,371.95,381.5,296791,EQ,19709.0,15.06,140838.0
2022-10-03,378.85,390.1,376.45,387.5,257454,EQ,15601.0,16.5,118561.0
2022-10-04,389.8,394.8,379.1,381.2,382361,EQ,15774.0,24.24,251548.0
2022-10-06,384.0,391.5,384.0,389.0,186120,EQ,11048.0,16.85,67722.0
2022-10-07,387.75,394.5,381.45,390.4,249566,EQ,13231.0,18.86,123418.0
2022-10-10,389.6,389.6,382.8,384.85,85279,EQ,5579.0,15.29,37187.0
2022-10-11,386.8,386.8,366.75,369.35,260655,EQ,15759.0,16.54,84593.0
2022-10-12,371.2,389.85,370.0,386.75,500801,EQ,28811.0,17.38,123224.0
2022-10-13,382.95,384.8,364.6,368.6,242119,EQ,16272.0,14.88,64058.0
2022-10-14,373.4,379.3,365.05,371.05,282220,EQ,15118.0,18.67,109940.0
2022-10-17,371.25,377.7,364.15,367.45,150885,EQ,11790.0,12.8,54504.0
2022-10-18,371.25,380.2,369.9,375.7,238932,EQ,16438.0,14.54,117645.0
2022-10-19,377.6,379.05,366.4,369.5,124907,EQ,6211.0,20.11,47912.0
2022-10-20,370.5,375.3,367.9,371.4,260837,EQ,16196.0,16.11,171135.0
2022-10-21,373.2,378.7,367.3,367.95,106956,EQ,7076.0,15.12,53203.0
2022-10-24,371.15,377.85,368.3,376.1,27987,EQ,980.0,28.56,16891.0
2022-10-25,377.2,377.2,363.05,366.25,156221,EQ,5676.0,27.52,100045.0
2022-10-27,368.1,383.2,366.25,378.85,238913,EQ,10720.0,22.29,91118.0
2022-10-28,378.7,380.4,369.75,371.2,59328,EQ,5742.0,10.33,27483.0
2022-10-31,373.05,381.55,368.25,374.65,147332,EQ,12296.0,11.98,53214.0
2022-11-01,375.0,380.3,372.35,374.75,169849,EQ,24685.0,6.88,99856.0
2022-11-02,376.6,388.3,369.0,374.35,423409,EQ,19357.0,21.87,247937.0
2022-11-03,373.5,375.0,371.25,372.25,61402,EQ,5867.0,10.47,23985.0
2022-11-04,373.7,379.5,372.4,374.4,68649,EQ,6417.0,10.7,30413.0
2022-11-07,376.3,387.0,375.1,383.65,165656,EQ,9828.0,16.86,66857.0
2022-11-09,384.0,395.1,382.6,384.95,415224,EQ,17469.0,23.77,280071.0
2022-11-10,382.9,390.4,378.85,382.4,117902,EQ,10530.0,11.2,56583.0
2022-11-11,386.4,390.3,384.75,389.35,156769,EQ,14792.0,10.6,70725.0
2022-11-14,390.1,393.75,382.7,388.0,113379,EQ,10779.0,10.52,50182.0
2022-11-15,389.95,390.6,367.95,372.65,267759,EQ,10779.0,24.84,50182.0
2022-11-16,373.0,374.5,358.65,365.05,245128,EQ,10878.0,22.53,148915.0
2022-11-17,366.75,372.4,357.75,359.2,216415,EQ,17342.0,12.48,84978.0
2022-11-18,361.85,367.5,356.35,357.8,154902,EQ,12197.0,12.7,81164.0
2022-11-21,359.8,362.25,356.9,360.4,157986,EQ,9227.0,17.12,77528.0
2022-11-22,362.0,362.2,346.5,351.1,209367,EQ,13589.0,15.41,126402.0
2022-11-23,353.25,355.85,345.1,348.25,219424,EQ,8303.0,26.43,163708.0
2022-11-24,350.0,354.7,347.3,352.4,95000,EQ,8754.0,10.85,46523.0
2022-11-25,354.0,362.8,350.15,359.8,120454,EQ,11714.0,10.28,49352.0
2022-11-28,361.45,367.5,360.35,366.4,84558,EQ,4350.0,19.44,46912.0
2022-11-29,367.45,371.25,358.0,361.9,113223,EQ,9217.0,12.28,50530.0
2022-11-30,360.65,366.75,360.0,364.7,140414,EQ,8727.0,16.09,75938.0
2022-12-01,366.35,381.6,362.1,376.2,451406,EQ,17338.0,26.04,175838.0
2022-12-02,377.25,377.25,368.6,370.7,264618,EQ,7676.0,34.47,157063.0
2022-12-05,372.7,375.75,371.3,374.05,143664,EQ,9110.0,15.77,65144.0
2022-12-06,373.9,375.45,370.6,374.6,68284,EQ,6183.0,11.04,32371.0
2022-12-07,376.25,376.25,362.25,363.6,127202,EQ,8471.0,15.02,59096.0
2022-12-08,363.6,374.05,358.5,361.3,162534,EQ,7793.0,20.86,64447.0
2022-12-09,362.9,364.5,349.05,351.5,157187,EQ,7996.0,19.66,63271.0
2022-12-12,352.3,355.1,347.7,353.8,71664,EQ,5018.0,14.28,21228.0
2022-12-13,354.85,360.0,352.9,357.35,53908,EQ,5493.0,9.81,21268.0
2022-12-14,359.1,360.7,349.5,355.5,115505,EQ,7639.0,15.12,44530.0
2022-12-15,357.2,357.75,341.25,344.0,380787,EQ,22470.0,16.95,244434.0
2022-12-16,346.8,346.8,337.9,341.3,284381,EQ,19844.0,14.33,142460.0
2022-12-19,343.0,344.05,337.5,342.3,165033,EQ,10686.0,15.44,86343.0
2022-12-20,344.6,344.6,335.25,336.3,297997,EQ,11091.0,26.87,201019.0
2022-12-21,341.25,350.9,338.75,345.2,422001,EQ,21715.0,19.43,146412.0
2022-12-22,345.2,347.4,333.45,340.0,164243,EQ,22320.0,7.36,67925.0
2022-12-23,336.9,359.0,336.05,353.4,993184,EQ,37263.0,26.65,381065.0
2022-12-26,352.5,360.7,350.1,354.2,333963,EQ,16131.0,20.7,194655.0
2022-12-27,356.5,358.2,348.1,352.9,260040,EQ,9780.0,26.59,167765.0
2022-12-28,351.4,358.5,350.85,352.45,97078,EQ,7589.0,12.79,38735.0
2022-12-29,353.95,358.1,349.3,353.0,512321,EQ,8958.0,57.19,449501.0
2022-12-30,356.55,357.9,347.25,348.8,315846,EQ,12603.0,25.06,183398.0
2023-01-02,350.25,352.3,347.25,348.85,103908,EQ,7959.0,13.06,54313.0
2023-01-03,348.85,355.65,346.55,349.75,149016,EQ,12706.0,11.73,85609.0
2023-01-04,348.75,348.75,341.25,342.05,54059,EQ,4351.0,12.42,21902.0
2023-01-05,345.4,347.0,337.95,344.15,168128,EQ,13645.0,12.32,104202.0
2023-01-06,339.0,348.75,339.0,345.5,114667,EQ,11622.0,9.87,41477.0
2023-01-09,347.25,348.5,340.9,342.2,57738,EQ,4987.0,11.58,31138.0
2023-01-10,342.05,343.9,336.95,338.7,74692,EQ,7759.0,9.63,39867.0
2023-01-11,339.0,340.3,334.0,336.05,54152,EQ,3576.0,15.14,26884.0
2023-01-12,335.25,342.75,330.4,331.4,151028,EQ,10335.0,14.61,82234.0
2023-01-13,332.4,333.25,323.0,327.95,331766,EQ,25543.0,12.99,231590.0
2023-01-16,328.1,339.7,328.1,336.45,221336,EQ,10346.0,21.39,68017.0
2023-01-17,334.5,351.7,332.25,347.55,273586,EQ,12717.0,21.51,95314.0
2023-01-18,347.55,348.75,339.9,342.2,133818,EQ,7276.0,18.39,83593.0
2023-01-19,339.0,342.75,337.55,341.05,59801,EQ,4788.0,12.49,27357.0
2023-01-20,344.5,344.55,336.8,341.3,76410,EQ,4777.0,16.0,31351.0
2023-01-23,338.7,341.65,331.9,334.15,202436,EQ,12131.0,16.69,120937.0
2023-01-24,332.25,346.9,332.25,344.25,109204,EQ,5893.0,18.53,60039.0
2023-01-25,344.25,344.25,334.8,337.3,99338,EQ,9617.0,10.33,35536.0
2023-01-27,334.9,341.25,331.65,338.25,197812,EQ,13803.0,14.33,131117.0
2023-01-30,340.0,345.0,335.3,337.55,277131,EQ,29262.0,9.47,214394.0
2023-01-31,338.3,346.4,333.15,344.45,355946,EQ,17491.0,20.35,288936.0
2023-02-01,346.3,355.0,344.6,348.55,206174,EQ,12108.0,17.03,125232.0
2023-02-02,350.35,356.25,343.95,352.7,130403,EQ,9684.0,13.47,65892.0
2023-02-03,354.5,361.35,351.2,358.95,89867,EQ,6018.0,14.93,33534.0
2023-02-06,358.5,365.35,354.1,363.55,77643,EQ,6729.0,11.54,30958.0
2023-02-07,368.6,371.25,353.4,368.3,185028,EQ,15373.0,12.04,75409.0
2023-02-08,365.35,377.25,363.2,375.2,363781,EQ,11691.0,31.12,295415.0
2023-02-09,375.05,377.25,365.85,376.35,148029,EQ,6351.0,23.31,88444.0
2023-02-10,367.5,376.5,363.75,371.0,141884,EQ,6305.0,22.5,39253.0
2023-02-13,371.25,382.2,357.0,358.95,266045,EQ,16993.0,15.66,79716.0
2023-02-14,360.0,363.75,348.15,359.2,191320,EQ,13481.0,14.19,69385.0
2023-02-15,357.75,369.75,357.05,367.35,64604,EQ,3420.0,18.89,31231.0
2023-02-16,369.2,373.35,362.6,365.8,117634,EQ,6701.0,17.55,59058.0
2023-02-17,365.25,372.25,363.8,368.7,42866,EQ,3157.0,13.58,15827.0
2023-02-20,365.7,374.7,360.0,361.25,252045,EQ,8623.0,29.23,164069.0
2023-02-21,362.9,364.9,358.0,361.4,34827,EQ,3362.0,10.36,10312.0
2023-02-22,358.55,364.5,356.5,363.4,68288,EQ,5572.0,12.26,40266.0
2023-02-23,360.1,363.8,356.5,357.9,65915,EQ,3530.0,18.67,28244.0
2023-02-24,358.1,359.55,348.85,350.35,93953,EQ,8942.0,10.51,50536.0
2023-02-27,351.7,360.75,341.2,357.45,237407,EQ,11386.0,20.85,130081.0
2023-02-28,359.25,370.5,356.25,365.75,292725,EQ,11478.0,25.5,156933.0
2023-03-01,363.5,367.85,355.6,356.9,111048,EQ,8319.0,13.35,48946.0
2023-03-02,356.6,360.4,353.2,357.4,151594,EQ,10349.0,14.65,102420.0
2023-03-03,357.15,359.65,354.5,357.7,174847,EQ,5617.0,31.13,141883.0
2023-03-06,359.2,363.0,356.3,358.9,193825,EQ,7653.0,25.33,153256.0
2023-03-08,354.0,358.9,349.5,352.9,216623,EQ,13133.0,16.49,131059.0
2023-03-09,353.25,354.0,348.8,350.55,209437,EQ,11421.0,18.34,146625.0
2023-03-10,350.05,353.0,346.55,347.65,95291,EQ,8318.0,11.46,55290.0
2023-03-13,347.65,347.65,340.4,342.9,144841,EQ,9617.0,15.06,103338.0
2023-03-14,343.55,349.85,336.1,340.1,72258,EQ,8536.0,8.47,33224.0
2023-03-15,341.2,350.5,334.7,343.35,164207,EQ,10561.0,15.55,107227.0
2023-03-16,342.75,342.75,336.75,338.7,59819,EQ,7899.0,7.57,29870.0
2023-03-17,339.0,354.0,338.1,349.9,118161,EQ,10984.0,10.76,60732.0
2023-03-20,354.0,360.65,345.0,350.8,37306,EQ,3033.0,12.3,13090.0
2023-03-21,348.85,353.7,348.1,351.1,21810,EQ,1691.0,12.9,9764.0
2023-03-22,350.0,354.4,346.55,348.7,37104,EQ,4089.0,9.07,9085.0
2023-03-23,346.65,351.3,345.1,347.25,36952,EQ,2340.0,15.79,17276.0
2023-03-24,344.25,348.35,341.2,341.35,41449,EQ,3382.0,12.26,21173.0
2023-03-27,337.5,352.4,337.5,349.0,96066,EQ,6488.0,14.81,49439.0
2023-03-28,350.85,351.5,337.9,341.0,86939,EQ,7296.0,11.92,42741.0
2023-03-29,337.9,352.5,337.9,345.15,105914,EQ,8977.0,11.8,60307.0
2023-03-31,346.9,360.0,345.85,356.0,92844,EQ,10688.0,8.69,49507.0
2023-04-03,356.25,359.9,351.75,357.55,47735,EQ,6458.0,7.39,23852.0
2023-04-05,359.25,359.25,349.0,351.7,57329,EQ,6893.0,8.32,26734.0
2023-04-06,353.5,358.1,351.05,355.4,48686,EQ,3502.0,13.9,16131.0
2023-04-10,355.4,371.1,354.6,368.25,225525,EQ,12038.0,18.73,92187.0
2023-04-11,371.25,373.35,357.55,362.0,172212,EQ,13661.0,12.61,84144.0
2023-04-12,363.4,365.0,361.7,363.55,49120,EQ,7669.0,6.41,30737.0
2023-04-13,364.5,368.0,360.4,361.15,53110,EQ,4844.0,10.96,26817.0
2023-04-17,361.3,380.0,360.75,374.0,222022,EQ,13113.0,16.93,98329.0
2023-04-18,372.0,378.7,370.5,375.75,109704,EQ,12833.0,8.55,54165.0
2023-04-19,375.5,381.75,370.95,373.9,114666,EQ,19552.0,5.86,57998.0
2023-04-20,374.25,376.85,370.9,374.25,52202,EQ,4457.0,11.71,30520.0
2023-04-21,374.05,374.35,364.5,366.65,38917,EQ,2535.0,15.35,17916.0
2023-04-24,370.4,370.4,363.3,366.85,30595,EQ,2956.0,10.35,11846.0
2023-04-25,368.2,371.55,361.5,370.05,100231,EQ,8329.0,12.03,56085.0
2023-04-26,370.1,374.25,365.65,373.3,127824,EQ,12629.0,10.12,84222.0
2023-04-27,375.0,376.5,369.2,374.65,99351,EQ,9192.0,10.81,64904.0
2023-04-28,373.75,380.25,371.15,376.4,120707,EQ,6626.0,18.22,84488.0
2023-05-02,379.5,385.1,374.65,380.4,291034,EQ,19427.0,14.98,186687.0
2023-05-03,377.75,391.4,377.75,389.45,351217,EQ,9725.0,36.11,235632.0
2023-05-04,390.65,397.5,385.0,396.2,297392,EQ,9481.0,31.37,215003.0
2023-05-05,392.25,402.4,392.25,398.0,160434,EQ,17150.0,9.35,77347.0
2023-05-08,398.25,401.95,393.85,397.3,200588,EQ,13928.0,14.4,129461.0
2023-05-09,399.0,406.25,398.1,403.95,203156,EQ,10076.0,20.16,136354.0
2023-05-10,405.15,412.5,399.05,407.6,99036,EQ,8275.0,11.97,58180.0
2023-05-11,409.7,409.7,402.85,405.8,322108,EQ,7084.0,45.47,284211.0
2023-05-12,407.4,410.05,403.45,406.6,63087,EQ,6217.0,10.15,42714.0
2023-05-15,407.25,416.25,399.25,404.05,282848,EQ,12624.0,22.41,148160.0
2023-05-16,404.4,412.3,401.6,404.0,237585,EQ,9870.0,24.07,180709.0
2023-05-17,405.55,412.5,403.5,407.0,136313,EQ,6425.0,21.22,62757.0
2023-05-18,408.6,408.6,390.75,392.45,124386,EQ,9488.0,13.11,49304.0
2023-05-19,394.5,409.45,393.9,407.05,262809,EQ,17883.0,14.7,70520.0
2023-05-22,406.55,406.55,393.95,395.35,93363,EQ,4392.0,21.26,42318.0
2023-05-23,397.8,404.25,393.0,400.05,77612,EQ,5427.0,14.3,33258.0
2023-05-24,400.4,411.75,394.7,403.15,97844,EQ,5020.0,19.49,41979.0
2023-05-25,404.2,408.7,394.0,404.45,696887,EQ,7312.0,95.31,601313.0
2023-05-26,408.6,417.2,403.2,406.55,382367,EQ,10702.0,35.73,240138.0
2023-05-29,413.25,413.25,406.15,410.0,317975,EQ,11713.0,27.15,256260.0
2023-05-30,411.6,411.75,401.35,405.25,72217,EQ,7636.0,9.46,31252.0
2023-05-31,405.65,426.75,402.25,421.95,397092,EQ,18448.0,21.52,228133.0
2023-06-01,424.1,429.05,420.8,427.25,181055,EQ,12909.0,14.03,119320.0
2023-06-02,426.1,428.9,421.5,425.1,74484,EQ,6159.0,12.09,39276.0
2023-06-05,428.4,430.65,420.15,428.0,107321,EQ,6619.0,16.21,58883.0
2023-06-06,430.3,437.25,427.1,430.8,293528,EQ,8529.0,34.42,191389.0
2023-06-07,431.65,432.75,421.7,430.55,101151,EQ,7302.0,13.85,44313.0
2023-06-08,431.0,431.0,414.1,419.3,86606,EQ,5661.0,15.3,47913.0
2023-06-09,417.0,417.95,410.4,411.3,219774,EQ,3562.0,61.7,180489.0
2023-06-12,414.0,425.95,409.6,423.8,104102,EQ,7438.0,14.0,32582.0
2023-06-13,426.0,440.0,423.9,434.3,577579,EQ,20740.0,27.85,320836.0
2023-06-14,435.8,438.75,429.2,433.6,192002,EQ,11050.0,17.38,73946.0
2023-06-15,437.2,446.25,430.9,445.4,347690,EQ,13531.0,25.7,156118.0
2023-06-16,445.5,446.2,432.8,436.05,141545,EQ,8018.0,17.65,69078.0
2023-06-19,441.0,455.75,435.75,447.5,409285,EQ,17115.0,23.91,125899.0
2023-06-20,447.5,448.4,438.0,439.7,130521,EQ,8638.0,15.11,60590.0
2023-06-21,440.25,444.75,435.1,439.9,59684,EQ,3495.0,17.08,25179.0
2023-06-22,442.1,443.7,431.25,435.35,80108,EQ,5064.0,15.82,38829.0
2023-06-23,433.25,434.95,420.9,424.1,119703,EQ,8096.0,14.79,53518.0
2023-06-26,423.75,438.6,419.3,433.35,103467,EQ,8982.0,11.52,53858.0
2023-06-27,435.0,441.7,426.7,438.7,200632,EQ,12178.0,16.47,111341.0
2023-06-28,441.45,443.9,432.05,434.2,495134,EQ,8560.0,57.84,444689.0
2023-06-30,440.2,442.35,428.25,431.4,117470,EQ,5099.0,23.04,66370.0
2023-07-03,429.75,436.0,417.2,421.8,131007,EQ,9468.0,13.84,65204.0
2023-07-04,426.0,432.05,422.35,424.7,71971,EQ,5077.0,14.18,36948.0
2023-07-05,426.8,427.5,414.75,419.35,122089,EQ,7064.0,17.28,70344.0
2023-07-06,421.45,423.65,412.6,417.8,269785,EQ,14982.0,18.01,184627.0
2023-07-07,419.25,421.45,414.2,416.9,118767,EQ,8410.0,14.12,74025.0
2023-07-10,416.95,427.5,415.2,417.25,184027,EQ,16367.0,11.24,77740.0
2023-07-11,418.8,422.2,416.6,419.65,58589,EQ,6905.0,8.49,32004.0
2023-07-12,420.0,438.0,419.0,435.7,346115,EQ,16959.0,20.41,232142.0
2023-07-13,438.4,449.65,430.65,434.45,315808,EQ,17067.0,18.5,157498.0
2023-07-14,438.8,439.45,428.3,430.1,158238,EQ,8962.0,17.66,115834.0
2023-07-17,430.1,442.1,428.9,440.65,107352,EQ,7526.0,14.26,59875.0
2023-07-18,442.85,445.6,435.1,441.35,119930,EQ,8440.0,14.21,69445.0
2023-07-19,443.55,449.2,438.8,443.0,232004,EQ,5723.0,40.54,196114.0
2023-07-20,446.25,446.25,431.25,432.4,185929,EQ,8655.0,21.48,137516.0
2023-07-21,433.7,433.7,425.1,431.0,80425,EQ,14195.0,5.67,35897.0
2023-07-24,433.75,433.8,424.4,428.2,109704,EQ,6728.0,16.31,77659.0
2023-07-25,429.65,431.9,419.45,421.95,90859,EQ,12343.0,7.36,52391.0
2023-07-26,423.35,429.4,422.45,427.85,64982,EQ,7090.0,9.17,37955.0
2023-07-27,429.75,437.25,422.3,433.95,123292,EQ,9159.0,13.46,72061.0
2023-07-28,436.4,440.3,432.85,435.7,172988,EQ,11297.0,15.31,109767.0
2023-07-31,435.7,445.75,435.1,443.8,108391,EQ,7376.0,14.7,63432.0
2023-08-01,446.0,446.5,437.75,439.9,88934,EQ,7289.0,12.2,51656.0
2023-08-02,436.7,445.05,427.55,430.5,88090,EQ,9483.0,9.29,38318.0
2023-08-03,427.5,441.8,424.1,436.85,87414,EQ,7570.0,11.55,33789.0
2023-08-04,440.3,452.2,432.7,447.95,142047,EQ,11031.0,12.88,62212.0
2023-08-07,450.2,450.3,430.55,441.9,183098,EQ,17711.0,10.34,91950.0
2023-08-08,437.9,447.85,436.7,441.35,111228,EQ,6877.0,16.17,48920.0
2023-08-09,423.4,430.3,414.5,424.45,846693,EQ,41286.0,20.51,431099.0
2023-08-10,426.3,457.5,420.9,448.5,300604,EQ,15078.0,19.94,119660.0
2023-08-11,448.7,448.7,437.6,444.7,157881,EQ,7374.0,21.41,87645.0
2023-08-14,447.0,447.05,429.8,440.8,99765,EQ,9802.0,10.18,39298.0
2023-08-16,443.1,443.1,431.2,434.5,251355,EQ,6727.0,37.37,208090.0
2023-08-17,435.8,441.1,427.5,438.15,160518,EQ,14940.0,10.74,102223.0
2023-08-18,438.65,443.85,433.6,437.75,101926,EQ,8518.0,11.97,53821.0
2023-08-21,437.5,446.25,434.35,444.05,139170,EQ,8279.0,16.81,96600.0
2023-08-22,456.7,458.5,438.75,444.75,613906,EQ,21453.0,28.62,262355.0
2023-08-23,441.95,449.95,439.55,447.2,92792,EQ,8456.0,10.97,44705.0
2023-08-24,447.75,450.4,432.95,438.0,93946,EQ,7154.0,13.13,45728.0
2023-08-25,437.25,442.15,432.35,440.55,188691,EQ,12397.0,15.22,134066.0
2023-08-28,446.2,447.0,435.95,437.6,73433,EQ,7907.0,9.29,29856.0
2023-08-29,439.85,448.5,435.0,447.4,496002,EQ,9357.0,53.01,427520.0
2023-08-30,452.25,452.25,441.8,446.45,197584,EQ,6230.0,31.71,150932.0
2023-08-31,448.2,448.2,441.75,444.6,117486,EQ,6838.0,17.18,81090.0
2023-09-01,444.85,450.0,442.6,446.25,84373,EQ,4763.0,17.71,50390.0
2023-09-04,461.25,481.9,457.65,472.75,1156848,EQ,42724.0,27.08,341822.0
2023-09-05,476.15,478.45,471.05,473.65,175389,EQ,9829.0,17.84,87073.0
2023-09-06,476.2,487.45,465.4,468.1,286603,EQ,16926.0,16.93,106148.0
2023-09-07,468.75,480.0,468.75,476.15,233554,EQ,9806.0,23.82,152825.0
2023-09-08,474.75,482.05,474.25,478.3,197866,EQ,7977.0,24.8,133747.0
2023-09-11,478.3,482.45,472.9,476.3,98978,EQ,8281.0,11.95,55706.0
2023-09-12,476.6,476.95,444.95,454.45,287079,EQ,20126.0,14.26,140375.0
2023-09-13,457.5,466.5,447.6,462.8,111099,EQ,14409.0,7.71,44365.0
2023-09-14,465.2,468.25,459.2,462.95,72479,EQ,10060.0,7.2,33891.0
2023-09-15,468.75,468.75,457.55,464.9,166302,EQ,15348.0,10.84,100079.0
2023-09-18,468.65,475.5,452.25,457.3,184927,EQ,7632.0,24.23,110575.0
2023-09-20,452.3,460.3,436.8,439.3,262394,EQ,12244.0,21.43,171890.0
2023-09-21,438.75,444.7,431.4,433.4,119831,EQ,7350.0,16.3,53109.0
2023-09-22,435.7,436.55,428.45,433.1,423104,EQ,14205.0,29.79,318777.0
2023-09-25,432.95,445.5,431.5,442.1,87056,EQ,7729.0,11.26,30105.0
2023-09-26,446.25,447.8,438.1,441.5,85709,EQ,8949.0,9.58,35295.0
2023-09-27,442.5,446.9,437.25,438.1,86983,EQ,9525.0,9.13,39813.0
2023-09-28,445.5,445.5,426.0,430.35,209044,EQ,17058.0,12.25,113506.0
2023-09-29,433.5,437.8,423.75,425.9,488797,EQ,25669.0,19.04,314123.0
2023-10-03,426.05,438.8,426.05,435.95,213135,EQ,17975.0,11.86,128090.0
2023-10-04,437.25,439.25,429.05,433.1,136088,EQ,8584.0,15.85,61657.0
2023-10-05,433.1,438.6,432.15,434.9,91584,EQ,6375.0,14.37,49469.0
2023-10-06,437.6,446.8,435.7,444.95,176502,EQ,8752.0,20.17,87140.0
2023-10-09,444.7,459.35,438.0,449.85,270582,EQ,14679.0,18.43,77566.0
2023-10-10,449.25,470.85,445.75,455.5,498780,EQ,27705.0,18.0,228827.0
2023-10-11,459.7,461.95,453.75,458.55,234641,EQ,9667.0,24.27,154997.0
2023-10-12,458.55,461.9,452.5,458.45,86875,EQ,5613.0,15.48,39833.0
2023-10-13,456.75,467.6,454.5,466.05,128884,EQ,8445.0,15.26,57468.0
2023-10-16,466.05,469.3,456.4,458.1,159125,EQ,6264.0,25.4,102953.0
2023-10-17,461.3,470.25,458.5,466.4,177094,EQ,10801.0,16.4,136469.0
2023-10-18,466.4,475.75,459.75,468.8,278911,EQ,14950.0,18.66,206521.0
2023-10-19,471.0,471.0,456.4,460.95,100221,EQ,5200.0,19.27,48104.0
2023-10-20,460.95,463.5,453.8,458.8,153607,EQ,9609.0,15.99,91677.0
2023-10-23,461.2,462.35,444.05,451.3,69548,EQ,5951.0,11.69,33737.0
2023-10-25,450.0,459.7,445.5,451.7,122956,EQ,10529.0,11.68,66730.0
2023-10-26,451.25,452.4,435.85,449.45,145576,EQ,11043.0,13.18,93442.0
2023-10-27,450.05,468.75,447.4,465.1,128210,EQ,10417.0,12.31,58704.0
2023-10-30,463.5,467.3,457.5,464.6,180531,EQ,11473.0,15.74,134782.0
2023-10-31,466.0,469.15,456.8,461.6,423222,EQ,5920.0,71.49,377965.0
2023-11-01,462.35,474.0,452.7,466.6,305164,EQ,11419.0,26.72,177268.0
2023-11-02,466.6,474.0,465.3,470.35,133525,EQ,9537.0,14.0,61761.0
2023-11-03,472.7,506.2,472.7,500.6,801383,EQ,27955.0,28.67,309394.0
2023-11-06,513.0,539.15,507.75,511.6,1914423,EQ,69533.0,27.53,372564.0
2023-11-07,513.4,516.15,498.75,500.55,239781,EQ,21260.0,11.28,79378.0
2023-11-08,499.6,531.75,498.8,521.05,584373,EQ,26484.0,22.07,221188.0
2023-11-09,533.05,562.65,513.0,521.6,2808769,EQ,85737.0,32.76,378888.0
2023-11-10,526.85,540.75,521.3,525.7,569549,EQ,27202.0,20.94,118839.0
2023-11-12,535.25,536.5,527.5,531.4,47745,EQ,1997.0,23.91,14554.0
2023-11-13,533.25,535.8,521.1,527.2,161983,EQ,9885.0,16.39,64824.0
2023-11-15,539.55,553.5,528.55,552.0,550448,EQ,26066.0,21.12,203085.0
2023-11-16,550.55,551.95,532.55,535.95,194150,EQ,12288.0,15.8,67504.0
2023-11-17,550.4,572.25,544.9,554.85,1329703,EQ,45891.0,28.98,192049.0
2023-11-20,559.45,561.2,545.65,549.45,195701,EQ,14107.0,13.87,57519.0
2023-11-21,552.75,566.2,550.1,561.8,240218,EQ,16495.0,14.56,96380.0
2023-11-22,564.75,564.75,546.0,554.0,313959,EQ,16275.0,19.29,210745.0
2023-11-23,555.0,564.0,552.1,562.7,151213,EQ,7128.0,21.21,64770.0
2023-11-24,564.75,564.75,551.25,553.25,92490,EQ,5796.0,15.96,39425.0
2023-11-28,560.2,583.5,555.25,580.3,679783,EQ,41507.0,16.38,245611.0
2023-11-29,583.95,588.85,571.6,583.65,225580,EQ,22277.0,10.13,91732.0
2023-11-30,581.15,618.6,578.7,612.2,507549,EQ,27896.0,18.19,248535.0
2023-12-01,612.0,701.2,612.0,628.9,1825525,EQ,99733.0,18.3,373850.0
2023-12-04,659.25,659.25,628.85,633.25,434623,EQ,31678.0,13.72,201416.0
2023-12-05,644.85,668.8,637.9,653.35,1117978,EQ,52468.0,21.31,294302.0
2023-12-06,646.75,652.2,632.3,635.2,209235,EQ,16029.0,13.05,79308.0
2023-12-07,641.2,647.25,627.75,630.55,307429,EQ,19241.0,15.98,135226.0
2023-12-08,633.3,636.5,609.75,616.9,353881,EQ,25322.0,13.98,187062.0
2023-12-11,621.6,624.0,614.25,619.7,152959,EQ,14077.0,10.87,63780.0
2023-12-12,626.25,626.25,601.35,603.8,202955,EQ,12125.0,16.74,128107.0
2023-12-13,605.6,614.95,594.75,609.6,275581,EQ,17110.0,16.11,132128.0
2023-12-14,612.15,643.4,612.15,638.9,1018251,EQ,35330.0,28.82,543241.0
2023-12-15,641.25,688.0,628.4,639.8,2221788,EQ,130176.0,17.07,750110.0
2023-12-18,642.75,656.2,628.05,644.1,400870,EQ,29459.0,13.61,160964.0
2023-12-19,643.5,654.5,638.25,645.1,1218820,EQ,27054.0,45.05,509146.0
2023-12-20,650.25,655.8,643.5,646.15,751301,EQ,22819.0,32.92,564494.0
2023-12-21,639.0,667.15,630.3,650.25,281467,EQ,24095.0,11.68,86455.0
2023-12-22,660.0,665.9,646.6,651.6,215991,EQ,14416.0,14.98,70383.0
2023-12-26,651.1,655.65,635.25,644.6,255969,EQ,14538.0,17.61,108126.0
2023-12-27,644.6,685.5,641.7,663.85,1329740,EQ,52070.0,25.54,566619.0
2023-12-28,666.75,676.5,657.15,674.05,418096,EQ,15652.0,26.71,274243.0
2023-12-29,674.9,681.65,666.25,672.55,277863,EQ,11264.0,24.67,164521.0
2024-01-01,673.5,690.0,666.75,671.1,259042,EQ,15981.0,16.21,119300.0
2024-01-02,672.1,676.5,656.25,658.1,229127,EQ,17013.0,13.47,113462.0
2024-01-03,661.0,666.55,647.4,652.0,422705,EQ,22580.0,18.72,303931.0
2024-01-04,654.0,738.7,652.6,692.2,4175600,EQ,152236.0,27.43,1080674.0
2024-01-05,696.6,718.4,689.25,706.35,1329868,EQ,51037.0,26.06,676744.0
2024-01-08,705.6,712.4,694.3,704.65,527425,EQ,26326.0,20.03,295648.0
2024-01-09,716.2,750.0,702.05,708.9,1635500,EQ,62605.0,26.12,551387.0
2024-01-10,716.1,727.4,699.8,705.15,534035,EQ,26336.0,20.28,225339.0
2024-01-11,705.2,718.95,700.55,707.05,389742,EQ,16605.0,23.47,200180.0
2024-01-12,707.3,731.25,702.75,728.8,518497,EQ,35103.0,14.77,245037.0
2024-01-15,732.6,735.55,720.0,728.75,187761,EQ,14927.0,12.58,98022.0
2024-01-16,727.8,738.8,716.6,730.7,395423,EQ,23248.0,17.01,227820.0
2024-01-17,719.95,740.5,716.5,733.0,415999,EQ,19160.0,21.71,250696.0
2024-01-18,727.5,748.5,722.9,743.9,863933,EQ,25719.0,33.59,631094.0
2024-01-19,749.25,761.5,718.55,726.15,437991,EQ,31372.0,13.96,186822.0
2024-01-20,736.6,740.2,727.5,733.0,361920,EQ,7093.0,51.02,293350.0
2024-01-23,735.15,736.2,684.0,692.95,304042,EQ,27687.0,10.98,166676.0
2024-01-24,700.5,717.1,677.65,712.7,289320,EQ,29574.0,9.78,117801.0
2024-01-25,713.05,734.1,708.05,731.2,180525,EQ,12782.0,14.12,76090.0
2024-01-29,735.0,758.15,731.3,755.3,214591,EQ,14945.0,14.36,115900.0
2024-01-30,761.4,799.95,732.0,740.4,436488,EQ,35519.0,12.29,133448.0
2024-01-31,747.55,778.5,743.75,768.95,371040,EQ,19025.0,19.5,173244.0
2024-02-01,769.5,780.3,744.0,757.1,229954,EQ,13005.0,17.68,143007.0
2024-02-02,760.5,787.45,757.1,774.05,503262,EQ,18081.0,27.83,358306.0
2024-02-05,772.5,798.75,759.2,778.6,177448,EQ,19160.0,9.26,73297.0
2024-02-06,795.0,807.55,750.75,796.65,209332,EQ,24703.0,8.47,91576.0
2024-02-07,802.5,831.0,789.65,802.0,435929,EQ,31435.0,13.87,226707.0
2024-02-08,803.95,804.4,765.1,769.15,297857,EQ,23045.0,12.93,154380.0
2024-02-09,774.75,774.75,736.55,749.15,213893,EQ,15427.0,13.86,89661.0
2024-02-12,755.2,757.1,718.3,730.3,165466,EQ,16428.0,10.07,58717.0
2024-02-13,731.9,734.0,705.65,713.9,359414,EQ,21646.0,16.6,187842.0
2024-02-14,712.35,731.2,706.55,719.8,177472,EQ,15059.0,11.79,77531.0
2024-02-15,719.8,749.7,719.8,739.6,217748,EQ,19008.0,11.46,138881.0
2024-02-16,748.35,776.3,738.2,761.7,264844,EQ,17316.0,15.29,100726.0
2024-02-19,768.75,771.05,739.5,748.05,100575,EQ,10547.0,9.54,24925.0
2024-02-20,749.95,756.9,732.85,737.65,273082,EQ,13404.0,20.37,177169.0
2024-02-21,740.9,763.8,737.5,753.75,313516,EQ,26111.0,12.01,160222.0
2024-02-22,777.75,791.45,737.25,752.9,714726,EQ,43640.0,16.38,121325.0
2024-02-23,752.9,757.5,744.5,752.6,218074,EQ,9906.0,22.01,139777.0
2024-02-26,755.95,758.6,740.95,750.75,76910,EQ,8616.0,8.93,32457.0
2024-02-27,749.25,773.25,739.6,767.7,147048,EQ,12667.0,11.61,76790.0
2024-02-28,765.6,771.05,739.5,746.25,123085,EQ,16098.0,7.65,52237.0
2024-02-29,747.1,795.0,737.25,750.7,1660829,EQ,71034.0,23.38,363743.0
2024-03-01,750.75,759.0,740.25,746.45,129488,EQ,11419.0,11.34,53377.0
2024-03-02,757.25,759.4,735.4,753.7,8208,EQ,1024.0,8.02,3451.0
2024-03-04,764.25,766.5,744.0,750.0,155075,EQ,10551.0,14.7,75968.0
2024-03-05,760.5,760.9,725.25,729.7,199532,EQ,14931.0,13.36,88328.0
2024-03-06,734.25,738.8,692.3,702.65,293767,EQ,27299.0,10.76,153344.0
2024-03-07,702.65,704.05,673.55,686.1,397708,EQ,28092.0,14.16,192449.0
2024-03-11,680.85,688.4,643.4,656.9,552781,EQ,50117.0,11.03,312383.0
2024-03-12,656.85,658.6,635.1,644.25,432858,EQ,30016.0,14.42,295963.0
2024-03-13,637.5,653.8,620.25,643.6,669801,EQ,55208.0,12.13,411968.0
2024-03-14,633.75,652.1,622.95,633.55,895656,EQ,36926.0,24.26,710253.0
2024-03-15,633.3,665.9,625.5,652.0,540251,EQ,43451.0,12.43,285634.0
2024-03-18,651.95,654.65,635.2,641.2,234862,EQ,17562.0,13.37,138212.0
2024-03-19,642.4,657.0,634.6,650.4,497578,EQ,21774.0,22.85,385565.0
2024-03-20,657.05,667.05,636.75,656.4,182841,EQ,16597.0,11.02,75414.0
2024-03-21,660.0,690.0,656.4,678.2,626815,EQ,22319.0,28.08,360394.0
2024-03-22,681.7,731.2,679.55,699.0,1238932,EQ,61474.0,20.15,312169.0
2024-03-26,701.9,703.2,666.45,682.75,763195,EQ,39209.0,19.46,388954.0
2024-03-27,681.75,717.75,681.7,692.8,730300,EQ,43312.0,16.86,128253.0
2024-03-28,693.35,708.05,681.2,701.5,438524,EQ,22266.0,19.69,259001.0
2024-04-01,706.25,725.2,701.6,717.4,204855,EQ,16956.0,12.08,61725.0
2024-04-02,721.5,724.75,709.6,713.15,185312,EQ,14856.0,12.47,83962.0
2024-04-03,713.15,723.75,703.5,707.55,187215,EQ,13049.0,14.35,107432.0
2024-04-04,721.6,722.9,706.0,718.35,305657,EQ,16287.0,18.77,153684.0
2024-04-05,718.35,736.65,711.9,723.55,624117,EQ,33150.0,18.83,398871.0
2024-04-08,734.0,754.6,718.25,722.55,372990,EQ,24464.0,15.25,157521.0
2024-04-09,729.1,748.5,722.4,738.8,706374,EQ,26727.0,26.43,501948.0
2024-04-10,746.95,749.6,732.75,740.05,527405,EQ,27161.0,19.42,367062.0
2024-04-12,736.5,762.75,735.85,752.2,431847,EQ,21969.0,19.66,194585.0
2024-04-15,714.0,747.55,714.0,737.05,339488,EQ,19645.0,17.28,164694.0
2024-04-16,735.0,750.4,733.3,745.6,165737,EQ,18600.0,8.91,80497.0
2024-04-18,772.4,794.2,764.35,772.7,1455954,EQ,74404.0,19.57,533236.0
2024-04-19,750.0,776.2,749.25,761.75,399853,EQ,32033.0,12.48,191481.0
2024-04-22,776.25,776.25,727.7,732.4,330128,EQ,24739.0,13.34,160223.0
2024-04-23,739.6,755.2,736.65,751.65,349983,EQ,23150.0,15.12,182802.0
2024-04-24,757.25,771.0,751.9,765.3,249329,EQ,25119.0,9.93,121209.0
2024-04-25,765.7,783.0,765.0,780.8,237799,EQ,22845.0,10.41,109300.0
2024-04-26,783.85,821.2,754.45,765.3,523104,EQ,51283.0,10.2,189031.0
2024-04-29,776.6,776.6,750.75,760.45,218769,EQ,23812.0,9.19,124755.0
2024-04-30,761.25,780.4,757.85,774.7,217706,EQ,33033.0,6.59,111528.0
2024-05-02,774.7,781.1,764.85,774.2,175935,EQ,26278.0,6.7,99416.0
2024-05-03,774.95,780.0,760.7,765.45,448779,EQ,14922.0,30.07,366280.0
2024-05-06,766.5,844.5,758.3,832.55,2107806,EQ,88899.0,23.71,526972.0
2024-05-07,842.0,865.4,807.0,820.4,1295429,EQ,60199.0,21.52,361563.0
2024-05-08,818.7,839.25,804.45,831.4,180121,EQ,14898.0,12.09,78642.0
2024-05-09,832.4,843.6,784.25,789.15,123178,EQ,12947.0,9.51,43450.0
2024-05-10,794.55,804.85,768.0,778.45,285186,EQ,23183.0,12.3,102489.0
2024-05-13,778.5,782.85,752.3,759.9,156058,EQ,17126.0,9.11,71509.0
2024-05-14,760.4,769.45,742.5,751.55,157175,EQ,13465.0,11.67,65859.0
2024-05-15,756.7,823.5,756.7,810.85,959935,EQ,52664.0,18.23,235479.0
2024-05-16,819.65,834.4,800.6,826.45,614737,EQ,37729.0,16.29,140064.0
2024-05-17,820.55,900.0,816.8,892.85,998114,EQ,61288.0,16.29,282145.0
2024-05-18,897.75,908.25,885.0,896.5,43398,EQ,3146.0,13.79,17737.0
2024-05-21,887.0,951.7,881.6,904.35,1008622,EQ,87789.0,11.49,465144.0
2024-05-22,900.05,901.7,879.5,895.35,651119,EQ,40610.0,16.03,469335.0
2024-05-23,899.6,963.35,896.85,948.4,1117545,EQ,50015.0,22.34,429558.0
2024-05-24,952.5,975.0,935.8,948.5,598466,EQ,31624.0,18.92,238984.0
2024-05-27,950.1,970.4,949.9,957.65,373001,EQ,28520.0,13.08,198749.0
2024-05-28,965.2,966.15,911.25,919.0,377816,EQ,30531.0,12.37,191965.0
2024-05-29,974.3,998.6,921.75,932.8,2806217,EQ,130058.0,21.58,585247.0
2024-05-30,934.35,937.4,909.15,926.6,455828,EQ,19795.0,23.03,270737.0
2024-05-31,926.6,977.25,924.8,962.7,773169,EQ,41994.0,18.41,226727.0
2024-06-03,1012.5,1040.2,990.0,1027.6,547786,EQ,33842.0,16.19,188249.0
2024-06-04,1023.0,1023.0,902.2,921.4,627869,EQ,52320.0,12.0,274497.0
2024-06-05,951.75,952.5,871.0,907.15,370914,EQ,35195.0,10.54,194821.0
2024-06-06,920.6,1018.5,918.75,988.2,1189641,EQ,78677.0,15.12,357965.0
2024-06-07,986.2,1074.45,975.15,1042.0,852029,EQ,61643.0,13.82,287652.0
2024-06-10,1046.4,1080.0,1031.25,1034.95,385634,EQ,29864.0,12.91,201401.0
2024-06-11,1046.8,1073.25,1035.1,1049.55,497237,EQ,42804.0,11.62,231674.0
2024-06-12,1051.6,1058.9,1003.6,1007.7,619643,EQ,41932.0,14.78,290507.0
2024-06-13,1022.2,1040.25,1009.4,1022.05,499469,EQ,39288.0,12.71,190786.0
2024-06-14,1026.6,1077.75,1011.0,1017.25,734758,EQ,48254.0,15.23,236688.0
2024-06-18,1025.25,1040.6,1006.85,1027.0,1075905,EQ,51191.0,21.02,732636.0
2024-06-19,1025.95,1028.7,985.4,988.45,479486,EQ,26923.0,17.81,331528.0
2024-06-20,1009.5,1034.8,993.8,1005.4,550813,EQ,35396.0,15.56,125078.0
2024-06-21,1007.8,1031.3,1003.6,1019.35,222592,EQ,20927.0,10.64,88892.0
2024-06-24,1008.75,1088.95,996.75,1065.5,690253,EQ,31388.0,21.99,343943.0
2024-06-25,1083.75,1089.8,1018.0,1043.0,455024,EQ,34002.0,13.38,148686.0
2024-06-26,1033.6,1039.5,1016.25,1019.5,158164,EQ,14614.0,10.82,74529.0
2024-06-27,1019.5,1033.8,998.55,1011.8,335354,EQ,22131.0,15.15,180955.0
2024-06-28,1030.5,1041.6,1005.75,1011.3,248783,EQ,22660.0,10.98,101096.0
2024-07-01,1019.05,1026.9,1003.75,1014.3,156382,EQ,17091.0,9.15,67274.0
2024-07-02,1020.0,1054.4,1019.65,1025.8,444086,EQ,41923.0,10.59,174640.0
2024-07-03,1034.9,1047.0,1019.9,1026.1,85858,EQ,11261.0,7.62,42078.0
2024-07-04,1070.25,1071.75,1030.7,1038.45,865935,EQ,40936.0,21.15,197082.0
2024-07-05,1035.1,1038.7,1000.5,1008.35,267605,EQ,19781.0,13.53,118425.0
2024-07-08,1008.35,1012.5,971.25,973.7,296024,EQ,19067.0,15.53,183172.0
2024-07-09,978.2,979.55,968.5,971.5,626412,EQ,17066.0,36.71,507239.0
2024-07-10,976.5,1017.7,976.45,1011.25,386313,EQ,30672.0,12.59,103465.0
2024-07-11,1011.25,1016.3,967.5,975.45,345050,EQ,22307.0,15.47,188837.0
2024-07-12,990.0,995.25,969.4,983.9,225101,EQ,21651.0,10.4,55989.0
2024-07-15,989.25,991.35,942.75,944.85,317470,EQ,28439.0,11.16,153442.0
2024-07-16,952.5,997.45,947.25,973.15,711879,EQ,42904.0,16.59,238830.0
2024-07-18,975.05,989.45,947.25,955.6,269954,EQ,20343.0,13.27,135835.0
2024-07-19,960.25,961.5,932.05,952.45,322277,EQ,34775.0,9.27,221792.0
2024-07-22,938.25,947.65,924.3,941.0,239857,EQ,36917.0,6.5,141096.0
2024-07-23,945.5,952.3,897.1,903.35,907136,EQ,77025.0,11.78,621843.0
2024-07-24,903.75,913.1,880.55,896.2,823793,EQ,49091.0,16.78,542713.0
2024-07-25,888.05,930.6,885.8,913.9,709406,EQ,40445.0,17.54,422228.0
2024-07-26,913.9,944.15,913.0,938.5,281657,EQ,32689.0,8.62,151211.0
2024-07-29,941.55,968.1,941.55,956.1,197524,EQ,16824.0,11.74,97729.0
2024-07-30,964.45,984.7,953.6,956.7,309705,EQ,25525.0,12.13,157804.0
2024-07-31,961.45,962.8,939.15,943.3,272977,EQ,30182.0,9.04,186245.0
2024-08-01,945.2,962.15,934.2,943.5,193491,EQ,26722.0,7.24,112302.0
2024-08-02,933.8,933.8,896.25,898.9,241377,EQ,27809.0,8.68,145504.0
2024-08-05,877.5,880.95,835.5,843.2,375033,EQ,58794.0,6.38,196510.0
2024-08-06,904.0,935.25,862.55,868.1,1324247,EQ,68443.0,19.35,395083.0
2024-08-07,880.6,894.1,854.9,881.7,273463,EQ,30115.0,9.08,115274.0
2024-08-08,885.0,899.2,865.3,869.75,338145,EQ,25940.0,13.04,177205.0
2024-08-09,882.05,882.7,839.6,844.05,467959,EQ,26300.0,17.79,315197.0
2024-08-12,825.0,856.25,817.35,854.35,384166,EQ,38681.0,9.93,198053.0
2024-08-13,854.35,855.0,829.35,840.6,606800,EQ,34597.0,17.54,490385.0
2024-08-14,852.55,852.6,834.0,841.1,360284,EQ,14409.0,25.0,300123.0
2024-08-16,858.05,871.85,836.25,864.25,1130217,EQ,41083.0,27.51,917050.0
2024-08-19,871.5,871.5,855.8,860.0,111809,EQ,11475.0,9.74,57677.0
2024-08-20,862.45,884.9,855.6,876.8,1039967,EQ,23720.0,43.84,885608.0
2024-08-21,877.55,897.2,860.2,864.65,244987,EQ,17088.0,14.34,110511.0
2024-08-22,869.25,873.35,856.5,863.1,162137,EQ,13761.0,11.78,80017.0
2024-08-23,862.55,874.25,840.9,848.15,272373,EQ,23614.0,11.53,160914.0
2024-08-26,859.9,878.1,843.1,865.75,482576,EQ,24441.0,19.74,353851.0
2024-08-27,864.75,894.75,860.3,891.3,275117,EQ,17803.0,15.45,169088.0
2024-08-28,897.4,898.25,870.8,880.2,298409,EQ,29134.0,10.24,179117.0
2024-08-29,877.5,909.0,874.75,901.65,370295,EQ,28643.0,12.93,196766.0
2024-08-30,912.6,920.8,895.3,903.4,342427,EQ,25083.0,13.65,199458.0
2024-09-02,915.0,951.75,905.5,930.8,888325,EQ,46965.0,18.91,389221.0
2024-09-03,960.0,976.5,929.25,933.8,997978,EQ,47283.0,21.11,230142.0
2024-09-04,919.8,954.0,919.8,951.35,612560,EQ,39521.0,15.5,415585.0
2024-09-05,952.5,979.5,949.2,976.55,565136,EQ,24933.0,22.67,413617.0
2024-09-06,979.7,999.75,978.35,989.05,597373,EQ,41344.0,14.45,376441.0
2024-09-09,984.4,988.5,973.2,984.0,862268,EQ,48280.0,17.86,636456.0
2024-09-10,986.25,994.15,977.9,988.4,430894,EQ,29071.0,14.82,315257.0
2024-09-11,988.4,994.3,983.15,990.3,307552,EQ,17266.0,17.81,249886.0
2024-09-12,990.0,993.2,981.7,990.15,389281,EQ,24487.0,15.9,305712.0
2024-09-13,993.0,1011.75,993.0,1001.65,329650,EQ,45185.0,7.3,194466.0
2024-09-16,1006.5,1016.25,1002.05,1013.4,194988,EQ,13075.0,14.91,137981.0
2024-09-17,1013.4,1024.5,997.45,1015.85,129046,EQ,9983.0,12.93,65711.0
2024-09-18,1023.0,1026.9,1012.3,1021.15,566095,EQ,23162.0,24.44,484145.0
2024-09-19,1023.75,1026.75,988.75,995.9,527498,EQ,43853.0,12.03,336372.0
2024-09-20,1007.2,1032.0,993.75,999.35,640015,EQ,35553.0,18.0,421260.0
2024-09-23,1007.45,1014.35,993.6,1000.2,97493,EQ,9151.0,10.65,51412.0
2024-09-24,1000.0,1004.1,988.75,994.65,431447,EQ,16758.0,25.75,355331.0
2024-09-25,990.8,1021.3,989.0,1000.3,481003,EQ,16753.0,28.71,362672.0
2024-09-26,1009.0,1014.55,997.5,1008.55,588697,EQ,24912.0,23.63,470617.0
2024-09-27,1008.75,1086.5,1005.35,1060.9,1051988,EQ,53335.0,19.72,621916.0
2024-09-30,1050.0,1079.95,1037.95,1062.8,425519,EQ,35865.0,11.86,204144.0
2024-10-01,1068.0,1077.75,1053.0,1073.35,352447,EQ,29218.0,12.06,225562.0
2024-10-03,1050.0,1058.5,1023.75,1027.3,380995,EQ,33013.0,11.54,242506.0
2024-10-04,1026.7,1064.8,1018.1,1027.5,675188,EQ,36576.0,18.46,466981.0
2024-10-07,1032.7,1050.7,1016.9,1034.05,2470388,EQ,46816.0,52.77,2229394.0
2024-10-08,1041.75,1057.5,999.8,1007.75,356305,EQ,27557.0,12.93,88594.0
2024-10-09,1007.75,1038.8,1002.8,1009.55,162049,EQ,16069.0,10.08,55730.0
2024-10-10,1019.25,1031.6,973.5,977.65,472122,EQ,14051.0,33.6,357949.0
2024-10-11,981.65,987.75,962.8,971.05,81526,EQ,10210.0,7.98,23333.0
2024-10-14,965.25,971.5,948.95,958.1,201181,EQ,18717.0,10.75,115883.0
2024-10-15,960.0,995.8,946.5,992.5,250811,EQ,28532.0,8.79,105973.0
2024-10-16,989.85,999.75,973.35,992.05,178288,EQ,19471.0,9.16,92528.0
2024-10-17,992.05,999.0,957.75,961.95,209232,EQ,23713.0,8.82,153880.0
2024-10-18,963.05,968.95,934.55,957.95,97619,EQ,12071.0,8.09,57350.0
2024-10-21,963.75,978.7,938.15,944.9,104927,EQ,19137.0,5.48,43803.0
2024-10-22,942.0,982.5,896.05,908.9,521830,EQ,51786.0,10.08,114399.0
2024-10-23,906.2,915.4,880.65,900.7,125637,EQ,19938.0,6.3,52346.0
2024-10-24,902.25,913.4,881.25,891.0,122270,EQ,19479.0,6.28,51020.0
2024-10-25,893.2,909.45,862.6,885.4,270796,EQ,24073.0,11.25,173453.0
2024-10-28,870.05,880.7,857.25,873.6,523820,EQ,28094.0,18.65,414210.0
2024-10-29,876.75,909.0,850.5,893.85,283383,EQ,27319.0,10.37,141872.0
2024-10-30,890.2,910.45,888.7,897.8,82571,EQ,14219.0,5.81,41673.0
2024-10-31,905.8,914.2,872.3,884.1,418924,EQ,50596.0,8.28,250337.0
2024-11-01,918.75,963.5,893.9,938.7,658277,EQ,43743.0,15.05,55904.0
2024-11-04,928.2,929.8,880.35,887.1,378085,EQ,48483.0,7.8,159052.0
2024-11-05,888.45,918.75,877.75,913.9,323514,EQ,27482.0,11.77,193448.0
2024-11-06,913.9,945.0,899.25,904.25,351371,EQ,32770.0,10.72,170364.0
2024-11-07,904.25,918.7,859.65,866.6,433812,EQ,31998.0,13.56,294542.0
2024-11-08,884.25,885.8,837.15,843.15,386048,EQ,45226.0,8.54,163207.0
2024-11-11,841.15,846.6,818.8,828.1,261734,EQ,26966.0,9.71,167546.0
2024-11-12,828.25,859.55,828.1,843.55,357127,EQ,54482.0,6.55,158824.0
2024-11-13,837.05,839.55,795.0,804.8,291671,EQ,43783.0,6.66,134789.0
2024-11-14,789.0,825.0,786.8,821.65,494881,EQ,39804.0,12.43,280899.0
2024-11-18,824.05,861.0,824.05,851.25,731565,EQ,57836.0,12.65,311327.0
2024-11-19,847.5,879.5,842.4,861.95,342707,EQ,42807.0,8.01,160229.0
2024-11-21,867.05,908.25,862.65,884.6,809562,EQ,54965.0,14.73,194351.0
2024-11-22,888.6,906.4,882.6,895.8,179165,EQ,18490.0,9.69,72084.0
2024-11-25,911.2,948.75,897.25,920.9,942001,EQ,45894.0,20.53,547617.0
2024-11-26,930.15,938.2,900.75,905.2,215804,EQ,23350.0,9.24,108272.0
2024-11-27,905.2,933.45,903.15,914.75,160138,EQ,22254.0,7.2,62032.0
2024-11-28,920.25,939.7,916.1,921.45,162250,EQ,20019.0,8.1,63320.0
2024-11-29,922.5,936.75,909.0,930.7,151940,EQ,20466.0,7.42,74207.0
2024-12-02,939.0,941.25,919.0,936.0,94562,EQ,16639.0,5.68,41438.0
2024-12-03,935.95,968.9,928.1,963.65,365409,EQ,34764.0,10.51,213027.0
2024-12-04,966.2,976.15,951.05,972.8,188605,EQ,20460.0,9.22,98042.0
2024-12-05,981.75,993.7,967.55,977.3,180965,EQ,26578.0,6.81,87472.0
2024-12-06,979.3,1005.4,960.25,981.85,183021,EQ,18525.0,9.88,85194.0
2024-12-09,975.0,990.0,957.05,959.3,194674,EQ,26757.0,7.28,118401.0
2024-12-10,964.55,982.5,954.95,960.05,421717,EQ,40964.0,10.29,282786.0
2024-12-11,967.5,969.8,923.25,926.95,248953,EQ,39905.0,6.24,117632.0
2024-12-12,926.95,941.8,920.4,937.75,373738,EQ,34923.0,10.7,251171.0
2024-12-13,934.5,948.75,924.3,936.1,283619,EQ,34323.0,8.26,156846.0
2024-12-16,938.25,975.0,938.25,966.3,504617,EQ,23986.0,21.04,371506.0
2024-12-17,966.75,1002.6,960.05,974.15,429525,EQ,49317.0,8.71,210220.0
2024-12-18,977.05,977.85,949.35,956.5,104689,EQ,11816.0,8.86,47822.0
2024-12-19,945.0,988.9,923.45,977.2,418038,EQ,45808.0,9.13,135769.0
2024-12-20,979.5,979.5,911.45,927.5,401892,EQ,25689.0,15.64,222831.0
2024-12-23,939.8,1004.0,933.2,943.8,1201280,EQ,79045.0,15.2,170518.0
2024-12-24,943.8,951.75,928.5,948.6,88283,EQ,14234.0,6.2,22972.0
2024-12-26,948.6,957.0,928.55,934.65,48965,EQ,6438.0,7.61,17094.0
2024-12-27,934.5,945.0,926.3,935.0,60131,EQ,8996.0,6.68,20591.0
2024-12-30,930.05,936.0,916.5,920.0,85690,EQ,15956.0,5.37,45547.0
2024-12-31,919.45,939.7,915.05,932.25,137652,EQ,12994.0,10.59,86959.0
2025-01-01,932.25,942.15,922.5,930.1,41316,EQ,6160.0,6.71,13189.0
2025-01-02,931.55,962.2,926.3,957.85,139396,EQ,14685.0,9.49,66919.0
2025-01-03,952.1,978.25,952.05,971.3,309407,EQ,33023.0,9.37,190160.0
2025-01-06,985.75,985.75,933.8,940.5,176642,EQ,21377.0,8.26,73695.0
2025-01-07,933.0,948.5,925.55,936.65,79591,EQ,11826.0,6.73,30995.0
2025-01-08,941.2,942.7,912.75,916.25,461734,EQ,15796.0,29.23,364635.0
2025-01-09,908.3,917.95,885.0,888.4,192743,EQ,10447.0,18.45,142717.0
2025-01-10,889.1,893.0,855.15,861.2,180929,EQ,11435.0,15.82,131597.0
2025-01-13,844.75,854.25,791.25,797.25,530473,EQ,54989.0,9.65,354114.0
2025-01-14,797.25,822.55,791.3,810.95,113528,EQ,19170.0,5.92,53808.0
2025-01-15,810.0,834.0,803.3,827.8,131581,EQ,22239.0,5.92,66953.0
2025-01-16,835.4,875.05,835.4,853.35,264657,EQ,27373.0,9.67,139836.0
2025-01-17,841.9,853.9,840.05,849.8,81095,EQ,14447.0,5.61,38944.0
2025-01-20,856.55,861.05,830.8,852.75,111388,EQ,13032.0,8.55,71639.0
2025-01-21,854.9,856.1,828.75,834.4,112376,EQ,16559.0,6.79,61264.0
2025-01-22,832.5,839.8,791.8,802.3,206255,EQ,27831.0,7.41,129894.0
2025-01-23,802.45,807.65,786.2,792.85,480569,EQ,39249.0,12.24,389157.0
2025-01-24,799.1,820.45,768.15,773.1,322798,EQ,55132.0,5.86,198413.0
2025-01-27,769.9,774.35,747.8,763.4,628514,EQ,35092.0,17.91,517055.0
2025-01-28,762.9,771.75,738.2,760.4,232190,EQ,38312.0,6.06,126376.0
2025-01-29,759.75,905.5,759.75,819.8,858010,EQ,82238.0,10.43,158772.0
2025-01-30,886.5,886.5,825.8,835.4,1270911,EQ,86603.0,14.68,125164.0
2025-01-31,843.75,882.0,831.5,878.3,327844,EQ,37670.0,8.7,147465.0
2025-02-01,865.6,888.5,850.65,872.85,140834,EQ,18849.0,7.47,39560.0
2025-02-03,854.5,919.65,852.05,872.45,850571,EQ,75867.0,11.21,213580.0
2025-02-04,874.55,901.8,859.1,868.55,320510,EQ,47045.0,6.81,117142.0
2025-02-05,869.95,880.45,861.75,869.0,225116,EQ,25974.0,8.67,120399.0
2025-02-06,872.05,876.85,842.05,866.6,168771,EQ,25552.0,6.61,58481.0
2025-02-07,861.9,872.7,847.45,860.0,177852,EQ,11201.0,15.88,114567.0
2025-02-10,859.95,861.0,823.5,829.05,326258,EQ,41389.0,7.88,243688.0
2025-02-11,828.75,829.85,790.5,793.85,152773,EQ,24236.0,6.3,65312.0
2025-02-12,795.7,799.8,759.7,769.55,387091,EQ,25796.0,15.01,271463.0
2025-02-13,769.55,796.7,759.2,769.65,117903,EQ,18282.0,6.45,47466.0
2025-02-14,769.65,778.0,753.0,762.6,115001,EQ,19553.0,5.88,59123.0
2025-02-17,764.2,764.25,734.25,740.5,168479,EQ,26321.0,6.4,72455.0
2025-02-18,741.0,746.85,724.5,730.4,142683,EQ,12688.0,11.25,95316.0
2025-02-19,731.2,771.55,726.35,767.9,266869,EQ,33636.0,7.93,142802.0
2025-02-20,761.25,783.35,753.8,762.75,201857,EQ,12768.0,15.81,146017.0
2025-02-21,763.5,788.45,750.75,754.55,132979,EQ,21353.0,6.23,36943.0
2025-02-24,754.6,765.25,738.75,747.95,150450,EQ,23928.0,6.29,70860.0
2025-02-25,747.75,750.3,727.0,732.15,145434,EQ,18198.0,7.99,77819.0
2025-02-27,729.75,753.75,725.3,734.3,137785,EQ,28425.0,4.85,56713.0
2025-02-28,727.45,750.6,699.15,710.3,315086,EQ,36120.0,8.72,156468.0
2025-03-03,710.25,720.4,693.5,705.0,173961,EQ,25121.0,6.92,99299.0
2025-03-04,696.8,717.5,686.15,711.2,105041,EQ,18264.0,5.75,35914.0
2025-03-05,709.3,732.75,705.0,723.8,262443,EQ,29019.0,9.04,143656.0
2025-03-06,734.0,748.9,716.8,718.65,129279,EQ,19163.0,6.75,54571.0
2025-03-07,727.5,746.35,709.7,715.75,536807,EQ,38436.0,13.97,93489.0
2025-03-10,715.75,731.5,707.4,717.9,151043,EQ,20213.0,7.47,40473.0
2025-03-11,712.45,723.75,693.2,714.6,173570,EQ,25505.0,6.81,53132.0
2025-03-12,714.6,735.7,706.35,732.35,293594,EQ,33856.0,8.67,107638.0
2025-03-13,729.0,732.0,705.0,712.85,284025,EQ,43403.0,6.54,99380.0
2025-03-17,720.9,720.9,698.25,702.5,319570,EQ,23493.0,13.6,140831.0
2025-03-18,704.65,715.0,691.1,703.05,1193238,EQ,35228.0,33.87,901687.0
2025-03-19,712.45,716.25,702.4,711.3,439275,EQ,31893.0,13.77,299435.0
2025-03-20,719.95,723.75,710.6,717.95,518181,EQ,35170.0,14.73,283384.0
2025-03-21,719.25,739.95,707.25,722.9,1655532,EQ,53761.0,30.79,1182466.0
2025-03-24,731.25,772.5,731.25,745.2,1406554,EQ,123990.0,11.34,535234.0
2025-03-25,768.65,793.4,729.0,734.5,1123876,EQ,68042.0,16.52,237572.0
2025-03-26,738.0,753.0,728.75,732.0,332416,EQ,25243.0,13.17,132659.0
2025-03-27,729.75,747.0,724.95,745.05,261338,EQ,27121.0,9.64,119672.0
2025-03-28,745.05,750.0,721.9,732.5,226342,EQ,24008.0,9.43,120999.0
2025-04-01,738.55,738.55,714.3,718.85,334660,EQ,18746.0,17.85,203886.0
2025-04-02,718.85,751.3,718.5,734.2,618270,EQ,41892.0,14.76,151204.0
2025-04-03,733.5,743.45,723.85,739.4,122198,EQ,13290.0,9.19,44064.0
2025-04-04,738.65,741.75,709.2,711.8,200643,EQ,24250.0,8.27,79262.0
2025-04-07,644.95,688.95,639.0,671.9,307363,EQ,26678.0,11.52,145749.0
2025-04-08,708.2,708.2,682.5,692.95,653284,EQ,52911.0,12.35,394325.0
2025-04-09,690.9,697.1,677.3,682.0,112204,EQ,13300.0,8.44,55167.0
2025-04-11,690.25,704.75,680.3,700.95,893045,EQ,26371.0,33.86,730120.0
2025-04-15,711.1,732.1,702.0,729.5,249701,EQ,29204.0,8.55,118479.0
2025-04-16,729.65,739.2,724.95,737.35,169014,EQ,20299.0,8.33,70224.0
2025-04-17,735.7,744.75,732.0,739.3,331762,EQ,14722.0,22.54,275174.0
2025-04-21,739.5,759.0,734.85,756.4,316163,EQ,18307.0,17.27,198803.0
2025-04-22,764.0,779.25,760.1,775.35,302361,EQ,19885.0,15.21,108536.0
2025-04-23,779.25,790.1,770.6,786.55,437071,EQ,27262.0,16.03,274512.0
2025-04-24,783.65,795.65,767.25,778.05,202301,EQ,18978.0,10.66,105126.0
2025-04-25,781.9,785.9,749.3,767.25,229473,EQ,29444.0,7.79,110233.0
2025-04-28,767.25,783.0,758.95,768.7,200118,EQ,24908.0,8.03,109906.0
2025-04-29,775.55,779.9,746.25,760.6,194298,EQ,17964.0,10.82,87203.0
2025-04-30,765.55,781.9,747.15,771.45,449921,EQ,47615.0,9.45,225851.0
2025-05-02,758.6,766.95,736.6,740.25,127445,EQ,21234.0,6.0,57067.0
2025-05-05,742.7,767.4,739.4,765.55,220541,EQ,29929.0,7.37,100477.0
2025-05-06,765.55,771.45,744.55,748.0,342171,EQ,16623.0,20.58,252833.0
2025-05-07,742.6,767.25,741.0,763.5,79780,EQ,10202.0,7.82,37723.0
2025-05-08,764.9,770.4,738.8,752.05,84741,EQ,12775.0,6.63,44914.0
2025-05-09,746.25,767.2,733.6,762.4,200584,EQ,22531.0,8.9,80888.0
2025-05-12,773.25,784.55,770.05,779.05,249067,EQ,16813.0,14.81,146087.0
2025-05-13,781.3,815.85,778.55,810.3,331108,EQ,22632.0,14.63,225309.0
2025-05-14,810.75,828.2,801.6,819.15,335869,EQ,36047.0,9.32,148645.0
2025-05-15,821.25,832.4,787.5,798.8,455124,EQ,36185.0,12.58,170115.0
2025-05-16,802.5,841.35,792.6,831.45,692353,EQ,39550.0,17.51,416759.0
2025-05-19,837.05,845.6,820.1,836.4,335846,EQ,23798.0,14.11,187941.0
2025-05-20,840.3,841.95,822.0,832.7,312484,EQ,24357.0,12.83,192532.0
2025-05-21,836.3,843.4,820.4,833.1,169713,EQ,14665.0,11.57,79422.0
2025-05-22,831.75,836.9,817.9,825.45,182004,EQ,20031.0,9.09,100156.0
2025-05-23,826.8,835.7,814.7,817.65,307846,EQ,12527.0,24.57,245769.0
2025-05-26,817.65,829.4,809.25,812.25,156019,EQ,17428.0,8.95,77558.0
2025-05-27,812.25,818.6,800.85,808.0,214656,EQ,13408.0,16.01,144998.0
2025-05-28,815.2,819.5,803.4,815.05,234247,EQ,27832.0,8.42,163978.0
2025-05-29,817.5,834.75,810.45,831.45,436844,EQ,28345.0,15.41,334701.0
2025-05-30,838.9,839.3,811.0,820.8,377017,EQ,31912.0,11.81,248866.0
2025-06-02,823.7,890.9,814.3,882.2,919235,EQ,67458.0,13.63,249376.0
2025-06-03,883.5,929.4,870.0,923.9,782498,EQ,56186.0,13.93,332988.0
2025-06-04,918.75,920.2,897.75,909.75,431650,EQ,55790.0,7.74,251156.0
2025-06-05,913.5,999.0,895.65,945.9,2860767,EQ,156847.0,18.24,454503.0
2025-06-06,945.0,993.75,935.85,958.5,1027462,EQ,62197.0,16.52,409380.0
2025-06-09,961.4,963.8,934.8,939.5,545348,EQ,56303.0,9.69,314805.0
2025-06-10,941.7,952.65,917.55,923.3,371317,EQ,39226.0,9.47,189853.0
2025-06-11,929.4,939.7,919.1,926.1,275667,EQ,35591.0,7.75,168398.0
2025-06-12,926.2,933.3,895.65,907.55,363470,EQ,26442.0,13.75,180168.0
2025-06-13,881.25,896.25,877.65,889.05,350891,EQ,27947.0,12.56,206049.0
2025-06-16,893.4,908.9,877.65,896.9,207427,EQ,22513.0,9.21,65769.0
2025-06-17,897.45,906.0,881.25,883.1,202410,EQ,28080.0,7.21,110058.0
2025-06-18,885.7,897.0,871.3,875.8,142812,EQ,15554.0,9.18,63971.0
2025-06-19,874.5,878.55,844.5,851.55,301179,EQ,24121.0,12.49,181583.0
2025-06-20,855.75,878.55,852.15,858.45,307984,EQ,32185.0,9.57,86793.0
2025-06-23,855.75,868.5,851.2,856.7,149718,EQ,25975.0,5.76,60022.0
2025-06-24,870.0,881.25,852.2,856.8,311048,EQ,34621.0,8.98,170267.0
2025-06-25,863.2,871.8,852.3,868.5,102608,EQ,12605.0,8.14,40811.0
2025-06-26,874.3,876.3,844.5,846.0,205629,EQ,16685.0,12.32,96005.0
2025-06-27,852.75,856.9,829.05,832.0,210370,EQ,21101.0,9.97,97204.0
2025-06-30,841.9,841.9,827.6,832.35,229763,EQ,22333.0,10.29,136748.0
2025-07-01,833.2,836.85,816.4,821.2,279900,EQ,17535.0,15.96,165762.0
2025-07-02,824.9,832.1,791.8,794.5,273376,EQ,24246.0,11.28,142628.0
2025-07-03,796.55,802.5,784.8,788.4,299266,EQ,18992.0,15.76,172348.0
2025-07-04,793.5,809.2,782.7,805.0,370382,EQ,19516.0,18.98,233225.0
2025-07-07,808.4,823.5,802.1,818.7,164723,EQ,12633.0,13.04,79554.0
2025-07-08,823.8,843.75,818.7,840.7,461833,EQ,43676.0,10.57,212178.0
2025-07-09,839.25,843.3,806.25,808.05,292934,EQ,27461.0,10.67,112679.0
2025-07-10,815.05,823.8,801.0,809.9,175561,EQ,19404.0,9.05,64240.0
2025-07-11,806.85,809.9,789.9,797.25,582716,EQ,21717.0,26.83,486908.0
2025-07-14,802.8,821.25,797.5,813.7,243489,EQ,36667.0,6.64,111241.0
2025-07-15,821.2,826.55,810.9,818.25,372202,EQ,30291.0,12.29,252237.0
2025-07-16,823.8,853.5,822.75,836.25,721318,EQ,48033.0,15.02,178640.0
2025-07-17,842.9,856.5,831.8,848.85,679931,EQ,32484.0,20.93,484237.0
2025-07-18,852.6,852.6,830.6,833.85,372109,EQ,27564.0,13.5,271389.0
2025-07-21,842.25,843.75,820.2,826.2,185712,EQ,21498.0,8.64,73331.0
2025-07-22,839.85,846.6,813.75,815.2,379773,EQ,28210.0,13.46,184278.0
2025-07-23,816.0,817.2,771.4,787.05,1193958,EQ,49174.0,24.28,791256.0
2025-07-24,791.25,802.5,787.5,795.9,205751,EQ,20685.0,9.95,86106.0
2025-07-25,793.4,800.3,780.75,793.2,323273,EQ,19124.0,16.9,206292.0
2025-07-28,794.55,794.55,757.0,760.35,557612,EQ,36566.0,15.25,404197.0
2025-07-29,754.5,769.5,745.4,756.75,459388,EQ,41312.0,11.12,275856.0
2025-07-30,756.75,761.25,723.75,740.4,510640,EQ,27203.0,18.77,376365.0
2025-07-31,719.9,758.6,719.2,755.85,630051,EQ,40350.0,15.61,400866.0
2025-08-01,753.0,760.8,733.2,737.05,216706,EQ,13219.0,16.39,108823.0
2025-08-04,737.1,747.0,727.2,739.0,124957,EQ,12339.0,10.13,63332.0
2025-08-05,743.2,747.9,728.7,744.6,124464,EQ,11584.0,10.74,62561.0
2025-08-06,744.0,748.8,723.0,726.55,250041,EQ,11160.0,22.41,165432.0
2025-08-07,717.1,726.7,705.0,715.6,205043,EQ,17988.0,11.4,105643.0
2025-08-08,715.6,722.1,707.4,710.85,711610,EQ,22125.0,32.16,610778.0
2025-08-11,720.0,725.7,711.0,721.0,127382,EQ,15647.0,8.14,41184.0
2025-08-12,726.45,733.4,715.05,730.65,123311,EQ,9971.0,12.37,74600.0
2025-08-13,734.85,735.0,717.3,724.65,175538,EQ,18386.0,9.55,94945.0
2025-08-14,738.75,754.95,670.6,703.2,3201681,EQ,155157.0,20.64,854120.0
2025-08-18,707.25,729.3,699.4,721.95,492360,EQ,27860.0,17.67,249662.0
2025-08-19,724.8,725.25,706.3,716.8,634512,EQ,29062.0,21.83,432598.0
2025-08-20,721.8,722.3,716.25,717.2,93637,EQ,10362.0,9.04,42835.0
2025-08-21,719.7,728.55,712.35,725.7,233516,EQ,23072.0,10.12,127850.0
2025-08-22,732.0,732.0,719.6,721.9,97917,EQ,8395.0,11.66,37729.0
2025-08-25,732.1,741.75,725.05,726.45,276781,EQ,26336.0,10.51,120347.0
2025-08-26,727.5,729.7,705.75,708.15,163862,EQ,17944.0,9.13,84141.0
2025-08-28,706.9,720.0,691.0,714.7,292163,EQ,30621.0,9.54,172293.0
2025-08-29,712.05,713.55,690.1,692.3,185737,EQ,24779.0,7.5,83349.0
2025-09-01,690.75,702.85,688.5,695.45,114250,EQ,13199.0,8.66,44882.0
2025-09-02,698.5,700.5,690.0,694.4,238239,EQ,21495.0,11.08,155839.0
2025-09-03,696.0,708.75,692.6,698.9,245704,EQ,18549.0,13.25,139711.0
2025-09-04,708.75,710.95,693.8,696.35,96336,EQ,10053.0,9.58,42676.0
2025-09-05,699.0,700.8,681.75,682.75,477593,EQ,22465.0,21.26,335999.0
2025-09-08,692.5,694.9,679.7,681.75,350647,EQ,23383.0,15.0,196448.0
2025-09-09,689.2,694.8,676.7,678.25,466392,EQ,21463.0,21.73,256748.0
2025-09-10,682.45,704.85,679.4,701.9,544953,EQ,24508.0,22.24,365746.0
2025-09-11,706.1,711.6,699.2,700.7,179878,EQ,17719.0,10.15,76358.0
2025-09-12,704.25,711.0,695.25,709.2,163999,EQ,11161.0,14.69,102062.0
2025-09-15,713.25,729.55,708.75,727.55,260474,EQ,19821.0,13.14,129061.0
2025-09-16,729.0,733.5,707.75,714.45,542440,EQ,39931.0,13.58,292481.0
2025-09-17,720.0,723.2,708.8,712.35,182987,EQ,15455.0,11.84,78913.0
2025-09-18,714.75,723.0,711.0,714.95,393976,EQ,15499.0,25.42,269383.0
2025-09-19,716.5,717.4,698.3,703.0,484950,EQ,26654.0,18.19,323081.0
2025-09-22,708.75,708.75,690.6,693.45,301230,EQ,18903.0,15.94,161596.0
2025-09-23,703.5,707.3,684.75,685.75,302517,EQ,19063.0,15.87,123696.0
2025-09-24,687.4,692.55,681.15,686.2,499674,EQ,20972.0,23.83,362855.0
2025-09-25,689.25,700.4,684.6,690.35,278566,EQ,22667.0,12.29,166119.0
2025-09-26,689.6,692.6,675.05,678.8,560409,EQ,27124.0,20.66,436798.0
2025-09-29,682.4,683.5,660.1,665.8,580713,EQ,53313.0,10.89,353332.0
2025-09-30,669.65,679.35,664.5,672.05,654011,EQ,24229.0,26.99,511988.0
2025-10-01,672.1,673.85,669.15,671.55,248767,EQ,22316.0,11.15,190660.0
2025-10-03,672.1,679.15,667.8,672.55,305265,EQ,44978.0,6.79,224491.0
2025-10-06,681.7,681.7,662.4,670.4,484380,EQ,55604.0,8.71,299412.0
2025-10-07,684.1,699.0,670.4,694.85,1148432,EQ,52111.0,22.04,235169.0
2025-10-08,698.95,698.95,677.85,684.15,438740,EQ,26817.0,16.36,223660.0
2025-10-09,689.5,694.75,681.55,689.3,198579,EQ,17110.0,11.61,93542.0
2025-10-10,689.3,719.55,684.0,707.0,549444,EQ,25792.0,21.3,200493.0
2025-10-13,705.0,705.0,691.95,697.85,122677,EQ,9850.0,12.45,50086.0
2025-10-14,697.9,700.95,681.35,686.2,221626,EQ,16540.0,13.4,135029.0
2025-10-15,684.05,723.35,682.5,717.6,748668,EQ,31462.0,23.8,306394.0
2025-10-16,717.6,733.0,715.25,725.8,428800,EQ,32648.0,13.13,187354.0
2025-10-17,725.8,742.5,723.0,735.65,501280,EQ,31660.0,15.83,285610.0
2025-10-20,739.5,740.6,728.65,734.3,193393,EQ,17918.0,10.79,115732.0
2025-10-21,734.3,740.95,729.55,735.65,26176,EQ,3173.0,8.25,13382.0
2025-10-23,735.65,756.0,726.4,748.35,830521,EQ,34761.0,23.89,228928.0
2025-10-24,746.85,761.3,746.4,750.3,467221,EQ,28211.0,16.56,235089.0
2025-10-27,754.5,780.0,749.95,776.9,557531,EQ,31226.0,17.85,272010.0
2025-10-28,777.0,780.8,755.5,758.3,412378,EQ,21419.0,19.25,278059.0
2025-10-29,762.1,778.55,761.8,775.9,172573,EQ,11275.0,15.31,89184.0
2025-10-30,778.5,781.5,761.95,779.2,345831,EQ,23263.0,14.87,193072.0
2025-10-31,783.3,802.0,773.0,778.3,617988,EQ,43412.0,14.24,297099.0
2025-11-03,779.2,795.0,769.7,781.05,392667,EQ,22472.0,17.47,248927.0
2025-11-04,769.65,775.65,759.9,763.5,285004,EQ,23159.0,12.31,156174.0
2025-11-06,761.7,765.7,736.1,744.75,266984,EQ,19549.0,13.66,163688.0
2025-11-07,738.0,742.4,729.0,735.0,270289,EQ,25913.0,10.43,153244.0
2025-11-10,736.95,745.4,731.3,733.8,274264,EQ,18219.0,15.05,192009.0
2025-11-11,733.8,737.05,718.1,726.3,173393,EQ,16066.0,10.79,83957.0
2025-11-12,727.5,734.05,714.7,719.2,337132,EQ,20200.0,16.69,210599.0
2025-11-13,719.05,724.35,706.6,713.05,233482,EQ,18321.0,12.74,131382.0
2025-11-14,709.95,715.4,704.4,708.15,525552,EQ,10513.0,49.99,448977.0
2025-11-17,708.15,721.05,705.15,709.05,180669,EQ,10666.0,16.94,113939.0
2025-11-18,712.0,712.8,693.75,694.5,120760,EQ,10305.0,11.72,71447.0
2025-11-19,694.0,697.95,689.3,693.9,82411,EQ,7193.0,11.46,36476.0
2025-11-20,700.5,700.5,685.2,692.5,126292,EQ,11396.0,11.08,68518.0
2025-11-21,692.5,692.55,673.2,674.05,165327,EQ,10643.0,15.53,92658.0
2025-11-24,674.9,675.4,638.05,652.3,584271,EQ,25361.0,23.04,428834.0
2025-11-25,648.75,681.7,648.75,674.4,1073988,EQ,40446.0,26.55,609875.0
2025-11-26,677.05,686.2,668.25,683.7,175196,EQ,12708.0,13.79,59017.0
2025-11-27,693.55,696.4,670.5,673.9,329056,EQ,20936.0,15.72,149098.0
2025-11-28,673.95,676.2,666.45,671.3,119425,EQ,8743.0,13.66,70683.0
2025-12-01,677.95,680.85,666.0,674.1,288963,EQ,14352.0,20.13,168360.0
2025-12-02,677.6,679.4,663.1,667.4,119668,EQ,9245.0,12.94,63033.0
2025-12-03,667.4,669.3,658.9,664.2,85576,EQ,8087.0,10.58,38607.0
2025-12-04,660.95,672.4,657.1,668.65,107023,EQ,8262.0,12.95,48718.0
2025-12-05,671.25,681.6,657.1,662.35,295866,EQ,26345.0,11.23,152839.0
2025-12-08,662.35,664.7,634.9,645.5,600605,EQ,27453.0,21.88,462002.0
2025-12-09,645.0,645.95,628.9,641.95,1040075,EQ,40711.0,25.55,743328.0
2025-12-10,645.4,664.3,642.5,656.65,321748,EQ,21611.0,14.89,141933.0
2025-12-11,655.9,662.0,648.75,653.55,131602,EQ,8554.0,15.38,52601.0
2025-12-12,659.6,665.9,653.2,664.55,128353,EQ,9766.0,13.14,67272.0
2025-12-15,664.55,667.05,650.0,663.3,239323,EQ,9673.0,24.74,142955.0
2025-12-16,658.5,658.5,642.4,644.0,267451,EQ,13166.0,20.31,176414.0
2025-12-17,645.75,646.85,638.9,645.0,103462,EQ,12383.0,8.36,51808.0
2025-12-18,643.5,660.45,632.3,657.1,197667,EQ,16314.0,12.12,97254.0
2025-12-19,655.9,655.9,644.3,650.2,130800,EQ,16488.0,7.93,68693.0
2025-12-22,652.5,658.6,646.95,655.3,129853,EQ,12589.0,10.31,55992.0
2025-12-23,656.2,661.1,650.25,659.6,160066,EQ,17267.0,9.27,79936.0
2025-12-24,656.95,664.2,653.6,659.6,92480,EQ,7182.0,12.88,39798.0
2025-12-26,659.05,663.0,652.55,660.05,80841,EQ,5419.0,14.92,36079.0
2025-12-29,666.0,666.0,652.55,659.1,91728,EQ,9399.0,9.76,41588.0
2025-12-30,658.5,658.5,647.85,652.65,94023,EQ,8359.0,11.25,38204.0
2025-12-31,655.95,666.25,653.2,663.75,105722,EQ,9223.0,11.46,59841.0
2026-01-01,664.45,675.0,656.85,672.5,80473,EQ,6652.0,12.1,41884.0
2026-01-02,673.45,675.0,660.9,667.85,182439,EQ,13084.0,13.94,76003.0
2026-01-05,668.25,678.75,662.5,676.95,266012,EQ,22246.0,11.96,140262.0
2026-01-06,676.55,677.6,664.95,668.55,356805,EQ,8666.0,41.17,298380.0
2026-01-07,668.45,678.3,660.8,665.2,404490,EQ,14179.0,28.53,314667.0
2026-01-08,661.5,671.8,648.8,651.55,240045,EQ,20389.0,11.77,100686.0
2026-01-09,648.75,651.7,634.25,644.15,305465,EQ,25376.0,12.04,169693.0
2026-01-12,641.3,659.8,628.9,654.2,339617,EQ,26787.0,12.68,166738.0
2026-01-13,652.5,654.85,636.0,641.95,400819,EQ,31038.0,12.91,244007.0
2026-01-14,638.25,645.0,629.3,631.8,447398,EQ,16743.0,26.72,340757.0
2026-01-16,633.1,634.8,621.45,628.0,378627,EQ,28491.0,13.29,247593.0
2026-01-19,622.3,623.85,599.55,605.25,1127333,EQ,76414.0,14.75,778356.0
2026-01-20,605.25,608.95,586.9,594.05,440242,EQ,44428.0,9.91,237525.0
2026-01-21,585.0,595.1,575.25,577.95,889124,EQ,59400.0,14.97,570562.0
2026-01-22,580.0,587.25,577.1,584.85,707401,EQ,48649.0,14.54,434847.0
2026-01-23,585.4,590.7,563.3,570.1,1405372,EQ,60038.0,23.41,1055099.0
2026-01-27,573.15,574.25,550.0,553.4,1015499,EQ,48512.0,20.93,706804.0
2026-01-28,549.75,560.5,546.1,551.5,258935,EQ,16947.0,15.28,140277.0
2026-01-29,557.85,557.85,538.3,550.85,414773,EQ,32832.0,12.63,259013.0
2026-01-30,549.15,567.85,541.2,564.2,502904,EQ,26313.0,19.11,156588.0
2026-02-01,566.25,569.05,551.3,554.55,89804,EQ,8207.0,10.94,23985.0
2026-02-02,551.3,562.05,538.45,554.1,484561,EQ,23699.0,20.45,351300.0
2026-02-03,566.9,589.9,565.4,586.6,713951,EQ,49678.0,14.37,386166.0
2026-02-04,586.5,599.9,575.6,596.5,205226,EQ,13797.0,14.87,95673.0
2026-02-05,590.6,590.95,572.25,578.6,432244,EQ,22594.0,19.13,280664.0
2026-02-06,574.6,584.65,566.2,572.3,319319,EQ,16595.0,19.24,106779.0
2026-02-09,575.9,608.6,575.9,605.5,351326,EQ,14566.0,24.12,128976.0
2026-02-10,608.5,608.8,593.5,601.8,234097,EQ,12459.0,18.79,96022.0
2026-02-11,600.0,604.9,595.55,601.85,73711,EQ,6353.0,11.6,33340.0
2026-02-12,600.75,600.8,585.7,597.4,161083,EQ,8966.0,17.97,75602.0
2026-02-13,590.3,594.4,567.75,572.2,233611,EQ,18816.0,12.42,87698.0
2026-02-16,567.0,570.0,557.8,560.85,485717,EQ,22598.0,21.49,332859.0
2026-02-17,558.9,564.4,555.0,557.0,205543,EQ,12260.0,16.77,117216.0
2026-02-18,557.25,558.3,549.1,555.2,508910,EQ,13671.0,37.23,389024.0
2026-02-19,556.0,558.0,552.1,555.1,495892,EQ,23695.0,20.93,343595.0
2026-02-20,555.1,556.85,548.7,555.5,180145,EQ,20190.0,8.92,106912.0
2026-02-23,555.65,566.25,554.6,561.25,191280,EQ,11349.0,16.85,86234.0
2026-02-24,558.45,564.95,545.45,547.4,198918,EQ,13909.0,14.3,110974.0
2026-02-25,549.75,551.6,528.75,535.75,350767,EQ,16503.0,21.25,168490.0
2026-02-26,538.6,548.9,535.6,537.1,115524,EQ,9840.0,11.74,52427.0
2026-02-27,541.9,546.3,513.75,520.55,1214924,EQ,39778.0,30.54,705828.0
2026-03-02,510.0,522.35,501.1,508.95,542766,EQ,26632.0,20.38,260963.0
2026-03-04,501.1,503.4,486.8,491.9,367832,EQ,23344.0,15.76,223298.0
2026-03-05,494.25,507.05,493.95,503.2,292027,EQ,18065.0,16.17,163114.0
2026-03-06,499.5,508.95,496.3,499.15,411565,EQ,13697.0,30.05,294427.0
2026-03-09,487.5,503.25,481.45,497.25,217098,EQ,14602.0,14.87,122176.0
2026-03-10,500.85,505.7,489.85,503.6,152698,EQ,12826.0,11.91,67912.0
2026-03-11,510.0,517.4,501.8,504.0,257147,EQ,19555.0,13.15,99889.0
2026-03-12,498.5,510.0,487.7,498.75,241725,EQ,13291.0,18.19,124901.0
2026-03-13,489.95,496.1,485.0,490.3,190158,EQ,11224.0,16.94,106480.0
2026-03-16,487.5,494.65,474.85,488.05,229692,EQ,14470.0,15.87,90785.0
2026-03-17,486.0,490.45,478.3,486.95,386654,EQ,20341.0,19.01,256249.0
2026-03-18,486.95,521.2,486.95,514.6,370633,EQ,18337.0,20.21,136346.0
2026-03-19,507.05,507.05,480.45,493.95,171285,EQ,12750.0,13.43,64077.0
2026-03-20,494.2,499.5,480.05,482.9,210646,EQ,10909.0,19.31,108522.0
2026-03-23,482.9,482.9,450.75,476.0,205893,EQ,13542.0,15.2,98476.0
2026-03-24,485.55,487.5,472.7,484.05,224326,EQ,17079.0,13.13,126622.0
2026-03-25,490.45,506.45,487.65,503.15,338988,EQ,22248.0,15.24,125817.0
2026-03-27,506.25,564.7,504.0,518.35,23368035,EQ,448566.0,52.09,1488552.0
2026-03-30,508.0,508.0,483.75,488.05,1817056,EQ,58961.0,30.82,482073.0
2026-04-01,504.75,506.95,489.75,504.45,462882,EQ,19873.0,23.29,84842.0
2026-04-02,492.9,520.8,484.3,515.65,392068,EQ,18219.0,21.52,91513.0
2026-04-06,516.0,521.1,505.1,518.15,204206,EQ,13195.0,15.48,61262.0
2026-04-07,519.75,527.2,511.5,518.6,210997,EQ,10426.0,20.24,64692.0
2026-04-08,540.0,551.25,527.4,538.55,990079,EQ,68634.0,14.43,622494.0
2026-04-09,541.1,541.1,523.5,525.8,626682,EQ,22155.0,28.29,382817.0
2026-04-10,528.45,546.65,528.45,542.4,607038,EQ,17516.0,34.66,422780.0
2026-04-13,527.6,564.15,519.75,559.0,495522,EQ,26607.0,18.62,179821.0
2026-04-15,569.95,571.0,552.15,554.25,1554176,EQ,36828.0,42.2,1129776.0
2026-04-16,587.65,590.6,549.3,553.9,2135301,EQ,54367.0,39.28,696287.0
2026-04-17,557.05,577.1,553.7,571.7,820182,EQ,24775.0,33.11,393690.0
2026-04-20,570.95,585.0,559.5,581.8,402033,EQ,16889.0,23.8,183465.0
2026-04-21,584.4,599.1,582.7,592.7,311907,EQ,13057.0,23.89,141963.0
2026-04-22,598.05,602.65,590.4,594.45,237867,EQ,18432.0,12.91,122979.0
2026-04-23,597.9,598.5,582.8,588.7,162948,EQ,18193.0,8.96,71727.0
2026-04-24,588.75,589.9,573.1,581.6,130079,EQ,16277.0,7.99,51502.0
2026-04-27,582.9,597.75,582.9,590.05,95350,EQ,6557.0,14.54,37460.0
2026-04-28,593.55,610.5,591.25,600.5,381676,EQ,20253.0,18.85,160166.0
2026-04-29,603.5,606.35,595.75,598.1,161382,EQ,8918.0,18.1,82994.0
2026-04-30,601.65,605.6,586.5,592.5,222163,EQ,15515.0,14.32,81284.0
2026-05-04,598.5,605.85,591.8,593.6,269216,EQ,18535.0,14.52,136700.0
2026-05-05,595.5,607.35,581.35,593.85,270798,EQ,23508.0,11.52,116697.0
2026-05-06,603.2,612.0,596.25,606.7,376785,EQ,20598.0,18.29,216013.0
2026-05-07,594.4,598.5,575.5,579.85,754155,EQ,52712.0,14.31,304516.0
2026-05-08,579.85,582.75,567.2,568.7,291777,EQ,14877.0,19.61,103367.0
2026-05-11,571.95,571.95,555.15,562.25,468221,EQ,27941.0,16.76,312084.0
2026-05-12,562.1,562.1,536.7,539.1,406145,EQ,64251.0,6.32,208266.0
2026-05-13,538.5,547.3,516.0,521.2,348060,EQ,28170.0,12.36,127545.0
2026-05-14,522.05,527.8,509.25,525.55,150983,EQ,10495.0,14.39,32602.0
2026-05-15,525.55,527.55,513.75,516.2,75928,EQ,6851.0,11.08,29389.0
2026-05-18,515.0,515.0,493.4,497.6,259840,EQ,24229.0,10.72,119816.0
2026-05-19,498.7,500.25,492.75,496.05,267663,EQ,28557.0,9.37,137021.0
2026-05-20,491.25,514.45,480.1,509.8,390366,EQ,20382.0,19.15,74479.0
2026-05-21,512.5,514.8,499.05,501.4,189971,EQ,10527.0,18.05,64813.0
2026-05-22,505.5,506.2,488.25,504.1,385973,EQ,13970.0,27.63,158092.0
2026-05-25,506.2,512.85,501.0,502.15,149059,EQ,10346.0,14.41,62807.0
2026-05-26,506.4,510.75,498.95,504.35,159943,EQ,11160.0,14.33,56293.0
2026-05-27,504.1,504.7,489.95,494.8,335192,EQ,18161.0,18.46,177961.0
2026-05-29,496.2,500.7,484.45,489.25,472781,EQ,26640.0,17.75,296389.0
2026-06-01,489.8,496.6,486.0,495.0,212878,EQ,11627.0,18.31,122124.0
2026-06-02,492.8,495.0,485.25,487.9,225850,EQ,9928.0,22.75,110314.0
2026-06-03,490.3,492.0,480.55,490.65,281715,EQ,19988.0,14.09,158457.0
2026-06-04,489.05,490.65,480.8,487.0,325695,EQ,10643.0,30.6,164744.0
2026-06-05,485.8,491.6,480.6,488.55,354926,EQ,18772.0,18.91,196279.0
2026-06-08,480.0,486.55,477.45,482.35,110361,EQ,5561.0,19.85,56180.0
2026-06-09,486.45,490.95,481.2,487.1,206205,EQ,8557.0,24.1,92577.0
2026-06-10,487.1,495.0,484.55,486.15,137101,EQ,7900.0,17.35,64867.0
2026-06-11,483.0,489.35,482.75,486.35,121291,EQ,8632.0,14.05,53182.0
2026-06-12,495.0,511.4,490.9,508.95,327570,EQ,15009.0,21.82,158293.0
2026-06-15,516.75,522.75,506.9,513.1,417115,EQ,29689.0,14.05,223191.0
2026-06-16,517.85,543.55,514.6,540.2,1149914,EQ,47612.0,24.15,455443.0
2026-06-17,559.7,595.95,555.05,565.85,7407008,EQ,139218.0,53.2,810174.0
2026-06-18,565.0,566.05,550.15,554.6,1096632,EQ,32997.0,33.23,328740.0
2026-06-19,550.6,550.6,540.1,545.45,528183,EQ,17729.0,29.79,245668.0
2026-06-22,545.45,550.0,532.25,535.4,716014,EQ,34838.0,20.55,299024.0
2026-06-23,534.0,537.0,520.0,523.6,633342,EQ,38263.0,16.55,318077.0
2026-06-24,524.0,553.65,519.0,543.55,830543,EQ,29703.0,27.96,279664.0
2026-06-25,544.0,545.6,518.8,525.2,916724,EQ,44443.0,20.63,390954.0
2026-06-29,526.0,527.95,498.0,501.9,866444,EQ,32721.0,26.48,416471.0
2026-06-30,501.2,503.7,493.05,500.65,548036,EQ,21829.0,25.11,274381.0
2026-07-01,500.0,506.0,496.35,502.7,602614,EQ,26740,22.54,358328
2026-07-02,506.9,508.4,498.25,501.25,416270,EQ,23827,17.47,218185
2026-07-03,504.9,519.45,499.9,513.85,1141899,EQ,56268,20.29,714297
2026-07-06,518.95,545.5,508.8,537.35,3071796,EQ,101316,30.32,1054326
2026-07-07,535.0,540.05,513.25,516.4,1370117,EQ,40109,34.16,851353
2026-07-08,516.3,524.8,496.75,502.75,954369,EQ,40036,23.84,419608
2026-07-09,502.75,537.15,500.0,534.0,2343245,EQ,56379,41.56,1089782
2026-07-10,537.8,578.0,529.6,574.6,2703568,EQ,65112,41.52,1139441
2026-07-13,570.0,575.4,564.0,569.7,718680,EQ,19127,37.57,227743
2026-07-14,564.05,576.0,555.2,556.25,385871,EQ,17416,22.16,161621
2026-07-15,556.3,566.5,556.3,560.8,335715,EQ,16045,20.92,145561
2026-07-16,571.0,571.0,552.7,554.85,256037,EQ,17647,14.51,88738
2026-07-17,555.0,568.0,544.0,566.65,444778,EQ,19623,22.67,173335
2026-07-20,567.2,567.8,553.1,563.8,285807,EQ,14871,19.22,140900
2026-07-21,561.9,572.0,558.05,568.2,237234,EQ,9656,24.57,103102
2026-07-22,565.85,567.7,542.0,545.2,263178,EQ,12902,20.4,103486
2026-07-23,539.8,542.85,525.2,526.8,318958,EQ,15970,19.97,156923
2026-07-24,521.0,528.55,515.6,525.45,221965,EQ,14612,15.19,84497
2026-07-27,528.0,545.5,526.15,543.45,410222,EQ,14590,28.12,218264
2026-07-28,546.0,562.75,543.45,560.2,604649,EQ,25972,23.28,188038
2026-07-29,562.3,565.9,557.15,564.25,213417,EQ,10333,20.65,75145
2026-07-30,567.4,570.0,561.2,565.1,260406,EQ,15871,16.41,142252
2026-07-31,565.55,582.0,565.0,580.2,678597,EQ,38670,17.55,345376
2026-08-03,581.95,587.55,575.0,583.65,430693,EQ,19297,22.32,253888
2026-08-04,581.55,585.95,575.3,580.2,290721,EQ,16583,17.53,194632
2026-08-05,583.1,588.45,567.6,570.3,167388,EQ,14104,11.87,74819
2026-08-06,570.95,579.25,564.1,571.95,196857,EQ,11684,16.85,95993
2026-08-07,568.8,585.8,568.35,581.95,449734,EQ,29197,15.4,201331
2026-08-10,581.95,613.75,580.8,607.7,1730213,EQ,53477,32.35,566296
2026-08-11,611.05,619.45,601.35,605.1,551988,EQ,19736,27.97,204280
2026-08-12,605.5,607.65,585.45,592.95,308751,EQ,14999,20.58,115438
2026-08-13,597.15,597.15,582.8,589.65,184828,EQ,13410,13.78,77096
2026-08-14,593.0,605.9,585.1,591.55,448246,EQ,19346,23.17,187621
2026-08-17,590.35,600.75,576.0,593.7,527798,EQ,27057,19.51,197665
2026-08-18,598.9,600.0,585.0,588.9,358457,EQ,13735,26.1,197099
2026-08-19,589.05,594.05,582.15,587.7,228030,EQ,8836,25.81,152316
2026-08-20,590.0,629.45,588.85,625.75,1512316,EQ,35825,42.21,528373
2026-08-21,625.75,642.5,619.15,639.3,1199270,EQ,45494,26.36,434802
2026-08-24,639.0,663.7,629.05,654.1,1256244,EQ,47283,26.57,481007
2026-08-25,659.4,671.0,643.3,660.9,804919,EQ,39095,20.59,304875
2026-08-26,663.5,665.05,646.75,655.1,462198,EQ,16157,28.61,250286
2026-08-27,655.15,660.25,648.0,656.75,234455,EQ,12282,19.09,82250
2026-08-28,657.1,657.75,640.4,642.25,249374,EQ,12265,20.33,103283
2026-08-31,640.0,658.75,632.05,655.85,345067,EQ,22394,15.41,130877
