Date,Open,High,Low,Close,Volume,Series,TOTAL_TRADES,QTY_PER_TRADE,DLV_QTY
1998-09-09,1.7,1.7,1.5,1.6,53000,EQ,,,
1998-09-10,1.5,1.6,1.5,1.5,40100,EQ,,,
1998-09-11,1.55,1.6,1.4,1.55,40400,EQ,,,
1998-09-14,1.55,1.55,1.4,1.4,56400,EQ,,,
1998-09-15,1.4,1.4,1.4,1.4,14300,EQ,,,
1998-09-16,1.45,1.5,1.4,1.4,41800,EQ,,,
1998-09-17,1.45,1.55,1.4,1.45,21600,EQ,,,
1998-09-18,1.4,1.5,1.4,1.45,9800,EQ,,,
1998-09-21,1.45,1.45,1.4,1.4,6800,EQ,,,
1998-09-22,1.45,1.45,1.4,1.4,16600,EQ,,,
1998-09-23,1.4,1.4,1.4,1.4,15100,EQ,,,
1998-09-24,1.35,1.45,1.35,1.4,15400,EQ,,,
1998-09-25,1.35,1.4,1.3,1.3,22700,EQ,,,
1998-09-28,1.35,1.35,1.25,1.3,19600,EQ,,,
1998-09-29,1.3,1.3,1.2,1.2,39200,EQ,,,
1998-09-30,0.95,1.3,0.95,1.25,7100,EQ,,,
1998-10-05,1.2,1.2,1.15,1.15,10300,EQ,,,
1998-10-06,1.1,1.2,1.1,1.15,12100,EQ,,,
1998-10-07,1.2,1.3,1.2,1.25,7300,EQ,,,
1998-10-08,1.3,1.3,1.2,1.2,6600,EQ,,,
1998-10-09,1.2,1.2,1.1,1.15,7500,EQ,,,
1998-10-12,1.15,1.2,1.15,1.2,5000,EQ,,,
1998-10-13,1.2,1.2,0.95,1.0,12200,EQ,,,
1998-10-14,1.0,1.2,1.0,1.15,7500,EQ,,,
1998-10-15,1.1,1.15,1.1,1.15,2300,EQ,,,
1998-10-16,1.05,1.2,1.05,1.15,13000,EQ,,,
1998-10-19,1.1,1.1,1.1,1.1,1200,EQ,,,
1998-10-20,1.1,1.1,1.0,1.0,11400,EQ,,,
1998-10-22,1.1,1.1,1.05,1.1,3200,EQ,,,
1998-10-23,1.1,1.2,1.1,1.15,9600,EQ,,,
1998-10-26,1.2,1.25,1.15,1.2,14000,EQ,,,
1998-10-27,1.15,1.2,1.1,1.2,8800,EQ,,,
1998-10-28,0.95,1.2,0.95,1.15,4900,EQ,,,
1998-10-29,1.1,1.2,1.1,1.2,1300,EQ,,,
1998-10-30,1.2,1.2,1.15,1.15,5200,EQ,,,
1998-10-31,1.2,1.2,1.15,1.15,800,EQ,,,
1998-11-02,1.15,1.25,1.1,1.1,5400,EQ,,,
1998-11-03,1.1,1.15,1.1,1.1,6300,EQ,,,
1998-11-05,1.15,1.15,1.15,1.15,1400,EQ,,,
1998-11-06,1.1,1.2,1.1,1.15,2900,EQ,,,
1998-11-09,1.2,1.2,1.15,1.15,1900,EQ,,,
1998-11-10,1.15,1.15,1.1,1.15,5700,EQ,,,
1998-11-11,1.15,1.15,1.15,1.15,3100,EQ,,,
1998-11-12,1.15,1.15,1.1,1.1,2600,EQ,,,
1998-11-13,0.85,1.15,0.85,1.1,800,EQ,,,
1998-11-16,1.1,1.1,1.1,1.1,1600,EQ,,,
1998-11-17,1.1,1.1,1.05,1.05,7500,EQ,,,
1998-11-18,1.1,1.2,1.1,1.1,18400,EQ,,,
1998-11-19,1.1,1.1,1.05,1.05,12100,EQ,,,
1998-11-20,1.1,1.1,1.05,1.05,5800,EQ,,,
1998-11-21,1.05,1.1,1.05,1.1,2300,EQ,,,
1998-11-23,1.05,1.05,1.0,1.0,8200,EQ,,,
1998-11-24,1.0,1.0,1.0,1.0,10000,EQ,,,
1998-11-26,1.0,1.05,1.0,1.0,4500,EQ,,,
1998-11-27,1.0,1.0,1.0,1.0,3700,EQ,,,
1998-11-28,1.0,1.0,1.0,1.0,1100,EQ,,,
1998-11-30,1.0,1.0,1.0,1.0,1100,EQ,,,
1998-12-01,1.0,1.05,1.0,1.05,900,EQ,,,
1998-12-02,1.05,1.05,1.0,1.05,800,EQ,,,
1998-12-03,1.05,1.05,1.05,1.05,800,EQ,,,
1998-12-04,1.0,1.0,1.0,1.0,1100,EQ,,,
1998-12-07,1.0,1.0,1.0,1.0,1900,EQ,,,
1998-12-08,1.0,1.0,0.95,1.0,2200,EQ,,,
1998-12-09,1.0,1.0,1.0,1.0,1400,EQ,,,
1998-12-10,0.95,1.0,0.95,1.0,2000,EQ,,,
1998-12-11,1.0,1.0,1.0,1.0,800,EQ,,,
1998-12-14,1.0,1.0,1.0,1.0,1200,EQ,,,
1998-12-15,1.0,1.0,1.0,1.0,3300,EQ,,,
1998-12-16,1.0,1.0,1.0,1.0,1400,EQ,,,
1998-12-17,1.0,1.1,1.0,1.0,9700,EQ,,,
1998-12-18,1.05,1.05,1.0,1.0,400,EQ,,,
1998-12-21,1.0,1.0,1.0,1.0,10200,EQ,,,
1998-12-22,1.0,1.0,0.95,1.0,2200,EQ,,,
1998-12-23,0.95,1.0,0.75,1.0,600,EQ,,,
1998-12-24,1.0,1.0,1.0,1.0,800,EQ,,,
1998-12-28,0.95,1.0,0.95,1.0,1000,EQ,,,
1998-12-29,1.0,1.0,1.0,1.0,1400,EQ,,,
1998-12-30,1.0,1.1,1.0,1.05,4600,EQ,,,
1998-12-31,1.05,1.05,1.05,1.05,3800,EQ,,,
1999-01-01,1.05,1.05,1.0,1.05,1300,EQ,,,
1999-01-04,1.0,1.05,1.0,1.0,1700,EQ,,,
1999-01-05,1.05,1.05,1.0,1.0,3600,EQ,,,
1999-01-06,1.0,1.0,1.0,1.0,300,EQ,,,
1999-01-07,1.0,1.1,1.0,1.1,4100,EQ,,,
1999-01-08,1.1,1.1,1.1,1.1,4600,EQ,,,
1999-01-11,1.1,1.1,1.1,1.1,3600,EQ,,,
1999-01-12,1.05,1.1,1.05,1.1,2400,EQ,,,
1999-01-13,1.1,1.15,1.05,1.05,600,EQ,,,
1999-01-14,1.05,1.1,1.05,1.1,1800,EQ,,,
1999-01-15,1.05,1.05,1.05,1.05,700,EQ,,,
1999-01-18,1.1,1.1,1.05,1.05,1100,EQ,,,
1999-01-19,1.05,1.05,1.0,1.05,3800,EQ,,,
1999-01-21,1.05,1.05,1.0,1.05,1200,EQ,,,
1999-01-22,1.0,1.05,1.0,1.0,2000,EQ,,,
1999-01-25,1.0,1.0,0.95,0.95,3800,EQ,,,
1999-01-27,1.05,1.05,1.0,1.05,1800,EQ,,,
1999-01-28,1.0,1.0,1.0,1.0,700,EQ,,,
1999-01-29,1.05,1.05,1.0,1.0,1900,EQ,,,
1999-02-01,1.0,1.0,1.0,1.0,3100,EQ,,,
1999-02-02,1.05,1.05,1.0,1.0,3500,EQ,,,
1999-02-03,0.95,1.0,0.95,1.0,600,EQ,,,
1999-02-04,1.0,1.05,1.0,1.05,200,EQ,,,
1999-02-05,1.0,1.0,1.0,1.0,1500,EQ,,,
1999-02-08,1.0,1.0,0.95,1.0,700,EQ,,,
1999-02-09,1.0,1.0,0.95,0.95,12600,EQ,,,
1999-02-10,1.0,1.0,1.0,1.0,1800,EQ,,,
1999-02-11,1.0,1.0,0.95,1.0,1100,EQ,,,
1999-02-12,1.0,1.0,1.0,1.0,1100,EQ,,,
1999-02-15,1.0,1.05,1.0,1.0,1500,EQ,,,
1999-02-16,0.95,1.0,0.9,0.95,9300,EQ,,,
1999-02-17,0.8,0.95,0.8,0.95,1200,EQ,,,
1999-02-18,1.0,1.0,1.0,1.0,1600,EQ,,,
1999-02-19,0.95,0.95,0.95,0.95,1000,EQ,,,
1999-02-22,1.0,1.0,1.0,1.0,1100,EQ,,,
1999-02-23,0.95,0.95,0.95,0.95,2000,EQ,,,
1999-02-24,0.95,0.95,0.95,0.95,200,EQ,,,
1999-02-25,0.95,0.95,0.95,0.95,1000,EQ,,,
1999-02-26,0.95,0.95,0.95,0.95,1100,EQ,,,
1999-02-27,0.95,1.05,0.95,1.0,1400,EQ,,,
1999-03-01,0.95,0.95,0.95,0.95,4300,EQ,,,
1999-03-03,1.0,1.1,1.0,1.1,25200,EQ,,,
1999-03-04,1.1,1.1,1.0,1.05,3700,EQ,,,
1999-03-05,1.1,1.1,1.05,1.1,4400,EQ,,,
1999-03-08,1.1,1.1,1.0,1.05,4200,EQ,,,
1999-03-09,1.1,1.1,1.0,1.1,14200,EQ,,,
1999-03-10,1.05,1.1,1.05,1.05,1900,EQ,,,
1999-03-11,1.05,1.1,1.05,1.1,4800,EQ,,,
1999-03-12,1.1,1.1,1.1,1.1,9400,EQ,,,
1999-03-15,1.05,1.1,1.05,1.05,10900,EQ,,,
1999-03-16,1.0,1.1,1.0,1.1,15100,EQ,,,
1999-03-17,1.1,1.1,1.05,1.05,2200,EQ,,,
1999-03-18,1.05,1.05,1.0,1.05,4900,EQ,,,
1999-03-19,1.05,1.05,1.0,1.05,1100,EQ,,,
1999-03-20,1.05,1.05,1.05,1.05,500,EQ,,,
1999-03-22,1.05,1.1,1.0,1.0,5400,EQ,,,
1999-03-23,1.0,1.05,0.95,0.95,7700,EQ,,,
1999-03-24,1.05,1.05,1.0,1.0,500,EQ,,,
1999-03-25,1.05,1.05,0.95,1.0,2800,EQ,,,
1999-03-26,1.0,1.0,0.95,1.0,800,EQ,,,
1999-03-30,1.05,1.05,0.95,0.95,3000,EQ,,,
1999-03-31,0.95,1.0,0.95,1.0,1400,EQ,,,
1999-04-01,1.0,1.0,1.0,1.0,600,EQ,,,
1999-04-05,1.0,1.0,0.95,0.95,300,EQ,,,
1999-04-06,0.95,1.0,0.95,1.0,2400,EQ,,,
1999-04-07,0.95,0.95,0.95,0.95,600,EQ,,,
1999-04-08,1.0,1.0,0.95,1.0,1800,EQ,,,
1999-04-09,0.95,0.95,0.95,0.95,800,EQ,,,
1999-04-12,0.95,0.95,0.95,0.95,800,EQ,,,
1999-04-13,0.95,0.95,0.9,0.95,2900,EQ,,,
1999-04-15,0.95,0.95,0.95,0.95,100,EQ,,,
1999-04-16,0.95,0.95,0.95,0.95,2900,EQ,,,
1999-04-17,0.95,0.95,0.95,0.95,200,EQ,,,
1999-04-19,0.95,0.95,0.95,0.95,100,EQ,,,
1999-04-20,0.9,0.9,0.85,0.9,800,EQ,,,
1999-04-21,0.95,0.95,0.95,0.95,600,EQ,,,
1999-04-22,0.95,0.95,0.95,0.95,1200,EQ,,,
1999-04-23,0.95,0.95,0.95,0.95,1200,EQ,,,
1999-04-26,0.85,0.85,0.85,0.85,4700,EQ,,,
1999-04-28,0.9,0.9,0.85,0.9,1700,EQ,,,
1999-04-29,0.95,0.95,0.9,0.9,200,EQ,,,
1999-04-30,0.95,0.95,0.95,0.95,1100,EQ,,,
1999-05-03,0.95,0.95,0.95,0.95,400,EQ,,,
1999-05-04,0.9,0.95,0.85,0.9,4400,EQ,,,
1999-05-05,0.95,0.95,0.85,0.9,1500,EQ,,,
1999-05-06,0.95,0.95,0.95,0.95,100,EQ,,,
1999-05-07,0.95,0.95,0.95,0.95,200,EQ,,,
1999-05-10,0.9,0.95,0.9,0.95,900,EQ,,,
1999-05-11,0.95,0.95,0.95,0.95,800,EQ,,,
1999-05-12,0.95,0.95,0.95,0.95,100,EQ,,,
1999-05-13,0.95,1.0,0.95,0.95,1600,EQ,,,
1999-05-14,0.95,0.95,0.95,0.95,1000,EQ,,,
1999-05-17,0.95,0.95,0.95,0.95,400,EQ,,,
1999-05-18,0.95,0.95,0.95,0.95,3000,EQ,,,
1999-05-19,1.0,1.05,0.95,1.05,6800,EQ,,,
1999-05-20,1.05,1.05,0.95,0.95,6000,EQ,,,
1999-05-21,1.0,1.0,1.0,1.0,300,EQ,,,
1999-05-24,0.9,0.95,0.9,0.95,1900,EQ,,,
1999-05-25,1.05,1.05,0.95,0.95,2400,EQ,,,
1999-05-26,1.0,1.0,1.0,1.0,100,EQ,,,
1999-05-27,0.95,0.95,0.95,0.95,200,EQ,,,
1999-05-28,0.95,0.95,0.95,0.95,100,EQ,,,
1999-06-01,0.95,0.95,0.95,0.95,1200,EQ,,,
1999-06-03,1.0,1.0,0.95,1.0,700,EQ,,,
1999-06-07,1.0,1.0,1.0,1.0,100,EQ,,,
1999-06-08,0.95,1.0,0.95,0.95,700,EQ,,,
1999-06-09,0.95,0.95,0.95,0.95,300,EQ,,,
1999-06-10,1.05,1.05,0.95,0.95,1000,EQ,,,
1999-06-11,1.0,1.0,0.95,0.95,900,EQ,,,
1999-06-14,0.95,0.95,0.95,0.95,1600,EQ,,,
1999-06-15,1.0,1.0,0.95,0.95,1800,EQ,,,
1999-06-16,0.95,0.95,0.95,0.95,400,EQ,,,
1999-06-17,1.0,1.0,0.95,0.95,700,EQ,,,
1999-06-18,0.95,0.95,0.95,0.95,600,EQ,,,
1999-06-21,0.95,0.95,0.95,0.95,700,EQ,,,
1999-06-22,0.95,0.95,0.95,0.95,4300,EQ,,,
1999-06-23,0.9,0.9,0.9,0.9,100,EQ,,,
1999-06-24,0.95,1.0,0.95,0.95,2100,EQ,,,
1999-06-25,0.95,0.95,0.95,0.95,1800,EQ,,,
1999-06-28,0.95,0.95,0.95,0.95,300,EQ,,,
1999-06-29,0.95,1.0,0.95,1.0,3000,EQ,,,
1999-06-30,1.0,1.0,1.0,1.0,200,EQ,,,
1999-07-01,1.0,1.0,1.0,1.0,1400,EQ,,,
1999-07-02,0.95,1.0,0.95,1.0,700,EQ,,,
1999-07-05,0.95,1.0,0.95,1.0,2800,EQ,,,
1999-07-06,1.0,1.1,1.0,1.0,2700,EQ,,,
1999-07-07,1.0,1.0,1.0,1.0,300,EQ,,,
1999-07-08,1.0,1.05,1.0,1.05,700,EQ,,,
1999-07-09,1.05,1.1,1.05,1.1,7400,EQ,,,
1999-07-12,1.2,1.2,1.1,1.15,7400,EQ,,,
1999-07-13,1.2,1.2,1.1,1.15,14200,EQ,,,
1999-07-14,1.2,1.25,1.2,1.25,10200,EQ,,,
1999-07-15,1.25,1.25,1.2,1.25,12500,EQ,,,
1999-07-16,1.2,1.25,1.2,1.2,5400,EQ,,,
1999-07-19,1.5,1.5,1.2,1.2,2400,EQ,,,
1999-07-20,1.2,1.25,1.15,1.2,4500,EQ,,,
1999-07-21,1.2,1.2,1.1,1.15,18400,EQ,,,
1999-07-22,1.15,1.15,1.1,1.1,2100,EQ,,,
1999-07-23,1.05,1.05,1.05,1.05,2300,EQ,,,
1999-07-26,1.05,1.05,1.05,1.05,3500,EQ,,,
1999-07-27,1.05,1.05,1.0,1.0,2300,EQ,,,
1999-07-28,1.0,1.0,1.0,1.0,1800,EQ,,,
1999-07-29,1.0,1.0,1.0,1.0,800,EQ,,,
1999-07-30,1.0,1.0,0.95,1.0,4300,EQ,,,
1999-08-02,1.0,1.0,1.0,1.0,300,EQ,,,
1999-08-03,1.0,1.0,1.0,1.0,600,EQ,,,
1999-08-04,1.0,1.0,1.0,1.0,3600,EQ,,,
1999-08-05,1.0,1.0,1.0,1.0,2000,EQ,,,
1999-08-06,1.0,1.0,1.0,1.0,2000,EQ,,,
1999-08-09,1.0,1.0,0.9,1.0,700,EQ,,,
1999-08-10,0.95,1.0,0.95,0.95,3600,EQ,,,
1999-08-11,0.95,1.0,0.95,0.95,3400,EQ,,,
1999-08-12,1.0,1.0,1.0,1.0,200,EQ,,,
1999-08-13,1.0,1.0,0.95,0.95,2700,EQ,,,
1999-08-16,1.0,1.0,0.95,0.95,1800,EQ,,,
1999-08-17,1.0,1.0,1.0,1.0,2400,EQ,,,
1999-08-18,1.0,1.05,1.0,1.0,3900,EQ,,,
1999-08-19,1.0,1.0,0.95,1.0,3700,EQ,,,
1999-08-20,0.95,1.0,0.95,0.95,2800,EQ,,,
1999-08-23,1.0,1.0,0.95,1.0,8000,EQ,,,
1999-08-24,1.0,1.0,0.95,1.0,10600,EQ,,,
1999-08-25,1.1,1.1,1.0,1.0,14400,EQ,,,
1999-08-26,1.05,1.05,1.05,1.05,3900,EQ,,,
1999-08-27,1.05,1.1,1.0,1.05,4500,EQ,,,
1999-08-30,1.0,1.05,1.0,1.0,1300,EQ,,,
1999-08-31,1.0,1.0,1.0,1.0,1900,EQ,,,
1999-09-01,1.0,1.1,1.0,1.1,4100,EQ,,,
1999-09-02,1.1,1.1,1.0,1.05,2200,EQ,,,
1999-09-03,1.0,1.05,1.0,1.0,800,EQ,,,
1999-09-06,1.0,1.05,1.0,1.0,1500,EQ,,,
1999-09-07,1.0,1.0,1.0,1.0,5500,EQ,,,
1999-09-08,1.0,1.0,1.0,1.0,500,EQ,,,
1999-09-09,1.05,1.05,1.0,1.05,1200,EQ,,,
1999-09-10,1.05,1.05,1.0,1.0,1400,EQ,,,
1999-09-14,1.0,1.0,0.95,0.95,3100,EQ,,,
1999-09-15,1.0,1.0,0.95,1.0,3000,EQ,,,
1999-09-16,1.0,1.0,1.0,1.0,3400,EQ,,,
1999-09-17,0.95,1.0,0.95,1.0,1000,EQ,,,
1999-09-20,0.95,0.95,0.95,0.95,200,EQ,,,
1999-09-21,1.0,1.0,0.95,1.0,2900,EQ,,,
1999-09-22,1.05,1.05,1.0,1.0,2600,EQ,,,
1999-09-23,1.0,1.0,0.95,1.0,7500,EQ,,,
1999-09-24,1.0,1.0,1.0,1.0,2600,EQ,,,
1999-09-27,0.95,1.0,0.95,0.95,2000,EQ,,,
1999-09-28,0.95,0.95,0.95,0.95,10000,EQ,,,
1999-09-29,0.95,1.0,0.95,0.95,5700,EQ,,,
1999-09-30,1.0,1.0,1.0,1.0,3700,EQ,,,
1999-10-01,1.0,1.0,1.0,1.0,1400,EQ,,,
1999-10-04,0.95,1.0,0.95,1.0,3600,EQ,,,
1999-10-05,1.0,1.0,0.95,1.0,6100,EQ,,,
1999-10-06,1.0,1.0,1.0,1.0,1000,EQ,,,
1999-10-07,1.0,1.0,1.0,1.0,1000,EQ,,,
1999-10-08,0.95,1.0,0.95,0.95,2800,EQ,,,
1999-10-11,1.0,1.0,1.0,1.0,7900,EQ,,,
1999-10-12,1.0,1.0,1.0,1.0,2200,EQ,,,
1999-10-13,1.2,1.2,1.0,1.05,800,EQ,,,
1999-10-14,1.0,1.05,1.0,1.05,6300,EQ,,,
1999-10-15,1.05,1.05,1.0,1.0,4600,EQ,,,
1999-10-18,1.0,1.05,1.0,1.0,8000,EQ,,,
1999-10-20,1.0,1.0,1.0,1.0,3000,EQ,,,
1999-10-21,1.05,1.05,0.95,0.95,5500,EQ,,,
1999-10-22,1.0,1.0,0.95,0.95,1100,EQ,,,
1999-10-23,1.0,1.0,1.0,1.0,3700,EQ,,,
1999-10-25,1.0,1.0,1.0,1.0,4700,EQ,,,
1999-10-26,1.0,1.0,0.95,0.95,8600,EQ,,,
1999-10-27,0.95,1.0,0.95,1.0,1800,EQ,,,
1999-10-28,1.0,1.0,1.0,1.0,2100,EQ,,,
1999-10-29,0.95,1.0,0.95,1.0,2600,EQ,,,
1999-11-01,1.0,1.0,1.0,1.0,6400,EQ,,,
1999-11-02,1.0,1.0,0.95,1.0,5100,EQ,,,
1999-11-03,1.0,1.0,0.95,1.0,2400,EQ,,,
1999-11-04,1.0,1.0,0.95,1.0,3800,EQ,,,
1999-11-05,1.0,1.0,0.95,1.0,4600,EQ,,,
1999-11-09,0.95,0.95,0.95,0.95,8600,EQ,,,
1999-11-10,1.0,1.0,1.0,1.0,2400,EQ,,,
1999-11-11,1.0,1.0,1.0,1.0,2000,EQ,,,
1999-11-12,1.0,1.0,1.0,1.0,900,EQ,,,
1999-11-15,1.0,1.0,0.95,1.0,3300,EQ,,,
1999-11-16,1.0,1.0,0.95,0.95,7000,EQ,,,
1999-11-17,0.95,1.0,0.95,1.0,1600,EQ,,,
1999-11-18,1.0,1.0,1.0,1.0,1900,EQ,,,
1999-11-19,1.0,1.0,0.9,0.95,1200,EQ,,,
1999-11-22,0.95,1.0,0.95,0.95,5600,EQ,,,
1999-11-24,1.0,1.0,0.95,1.0,2500,EQ,,,
1999-11-25,0.95,1.0,0.95,1.0,1000,EQ,,,
1999-11-26,1.0,1.0,1.0,1.0,1100,EQ,,,
1999-11-29,0.95,1.0,0.95,1.0,2200,EQ,,,
1999-11-30,1.0,1.0,1.0,1.0,2000,EQ,,,
1999-12-01,1.0,1.0,0.95,1.0,900,EQ,,,
1999-12-02,1.0,1.0,1.0,1.0,1900,EQ,,,
1999-12-03,1.05,1.1,1.05,1.05,4300,EQ,,,
1999-12-06,1.2,1.25,1.0,1.2,14300,EQ,,,
1999-12-07,1.3,1.3,1.15,1.15,10600,EQ,,,
1999-12-08,1.25,1.25,1.1,1.1,10100,EQ,,,
1999-12-09,1.2,1.3,1.2,1.2,6300,EQ,,,
1999-12-10,1.2,1.2,1.15,1.2,3300,EQ,,,
1999-12-13,1.1,1.15,1.05,1.1,2200,EQ,,,
1999-12-14,1.15,1.15,1.1,1.1,2400,EQ,,,
1999-12-15,1.2,1.25,1.2,1.2,8300,EQ,,,
1999-12-16,1.3,1.3,1.2,1.25,6900,EQ,,,
1999-12-17,1.3,1.3,1.2,1.25,7900,EQ,,,
1999-12-20,1.3,1.3,1.25,1.3,8400,EQ,,,
1999-12-21,1.3,1.3,1.2,1.2,10800,EQ,,,
1999-12-22,1.3,1.3,1.25,1.25,7000,EQ,,,
1999-12-23,1.3,1.3,1.3,1.3,7500,EQ,,,
1999-12-24,1.4,1.45,1.4,1.45,12000,EQ,,,
1999-12-27,1.4,1.4,1.3,1.3,11300,EQ,,,
1999-12-28,1.3,1.3,1.25,1.25,11700,EQ,,,
1999-12-29,1.3,1.3,1.3,1.3,2200,EQ,,,
1999-12-30,1.3,1.3,1.3,1.3,2100,EQ,,,
2000-01-03,1.3,1.4,1.3,1.3,7000,EQ,,,
2000-01-04,1.3,1.3,1.25,1.3,5100,EQ,,,
2000-01-05,1.3,1.3,1.2,1.25,5700,EQ,,,
2000-01-06,1.3,1.3,1.25,1.3,5100,EQ,,,
2000-01-07,1.2,1.3,1.2,1.25,3800,EQ,,,
2000-01-10,1.25,1.25,1.1,1.15,1200,EQ,,,
2000-01-11,1.25,1.25,1.1,1.15,5700,EQ,,,
2000-01-12,1.15,1.2,1.15,1.2,1300,EQ,,,
2000-01-13,1.2,1.2,1.15,1.15,1600,EQ,,,
2000-01-14,1.15,1.15,1.15,1.15,300,EQ,,,
2000-01-17,1.25,1.3,1.2,1.2,1600,EQ,,,
2000-01-18,1.2,1.25,1.15,1.2,5400,EQ,,,
2000-01-19,1.2,1.25,1.2,1.2,1200,EQ,,,
2000-01-20,1.2,1.2,1.2,1.2,1900,EQ,,,
2000-01-21,1.2,1.2,1.15,1.15,1800,EQ,,,
2000-01-24,1.2,1.2,1.15,1.15,3000,EQ,,,
2000-01-25,1.1,1.2,1.1,1.15,4200,EQ,,,
2000-01-27,1.2,1.4,1.2,1.3,15300,EQ,,,
2000-01-28,1.25,1.4,1.25,1.3,12400,EQ,,,
2000-01-31,1.3,1.4,1.3,1.3,10400,EQ,,,
2000-02-01,1.4,1.4,1.3,1.4,21900,EQ,,,
2000-02-02,1.5,1.5,1.4,1.5,25000,EQ,,,
2000-02-03,1.6,1.6,1.6,1.6,27800,EQ,,,
2000-02-04,1.6,1.7,1.55,1.6,25500,EQ,,,
2000-02-07,1.6,1.7,1.55,1.7,33700,EQ,,,
2000-02-08,1.7,1.7,1.55,1.55,25600,EQ,,,
2000-02-09,1.6,1.6,1.45,1.45,5600,EQ,,,
2000-02-10,1.4,1.55,1.4,1.55,18100,EQ,,,
2000-02-11,1.65,1.7,1.4,1.5,7700,EQ,,,
2000-02-14,1.4,1.4,1.35,1.4,3100,EQ,,,
2000-02-15,1.35,1.35,1.3,1.3,11100,EQ,,,
2000-02-16,1.35,1.4,1.3,1.3,4900,EQ,,,
2000-02-17,1.35,1.4,1.35,1.4,4200,EQ,,,
2000-02-18,1.3,1.35,1.3,1.3,2500,EQ,,,
2000-02-21,1.3,1.4,1.3,1.4,7600,EQ,,,
2000-02-22,1.35,1.4,1.3,1.3,12300,EQ,,,
2000-02-23,1.3,1.4,1.25,1.35,8300,EQ,,,
2000-02-24,1.3,1.4,1.3,1.3,3100,EQ,,,
2000-02-25,1.4,1.4,1.3,1.3,3400,EQ,,,
2000-02-28,1.35,1.35,1.2,1.25,7700,EQ,,,
2000-02-29,1.25,1.3,1.2,1.2,12500,EQ,,,
2000-03-01,1.3,1.3,1.3,1.3,3300,EQ,,,
2000-03-02,1.35,1.4,1.25,1.3,9900,EQ,,,
2000-03-03,1.25,1.3,1.2,1.3,5100,EQ,,,
2000-03-06,1.3,1.3,1.3,1.3,4500,EQ,,,
2000-03-07,1.25,1.3,1.2,1.2,6800,EQ,,,
2000-03-08,1.4,1.4,1.2,1.2,2100,EQ,,,
2000-03-09,1.2,1.25,1.2,1.2,600,EQ,,,
2000-03-10,1.15,1.25,1.15,1.2,700,EQ,,,
2000-03-13,1.2,1.25,1.1,1.2,1700,EQ,,,
2000-03-14,1.2,1.25,1.2,1.2,2500,EQ,,,
2000-03-15,1.35,1.35,1.2,1.25,2500,EQ,,,
2000-03-16,1.2,1.25,1.2,1.2,5700,EQ,,,
2000-03-21,1.05,1.1,1.05,1.1,4600,EQ,,,
2000-03-22,1.3,1.3,1.1,1.2,3300,EQ,,,
2000-03-23,1.1,1.2,1.1,1.2,600,EQ,,,
2000-03-24,1.2,1.2,1.1,1.1,3800,EQ,,,
2000-03-27,1.0,1.25,1.0,1.25,3500,EQ,,,
2000-03-28,1.1,1.3,1.1,1.3,8600,EQ,,,
2000-03-29,1.3,1.3,1.2,1.25,3300,EQ,,,
2000-03-30,1.1,1.25,1.1,1.25,800,EQ,,,
2000-03-31,1.25,1.25,1.2,1.2,400,EQ,,,
2000-04-03,1.3,1.3,1.2,1.25,3400,EQ,,,
2000-04-04,1.2,1.2,1.15,1.15,1600,EQ,,,
2000-04-05,1.15,1.15,1.15,1.15,1900,EQ,,,
2000-04-06,1.15,1.15,1.1,1.1,3000,EQ,,,
2000-04-07,1.15,1.2,1.15,1.15,4700,EQ,,,
2000-04-10,1.15,1.2,1.1,1.1,2000,EQ,,,
2000-04-11,1.1,1.2,1.1,1.1,2500,EQ,,,
2000-04-12,1.2,1.2,1.1,1.15,2000,EQ,,,
2000-04-13,1.1,1.2,1.1,1.15,1900,EQ,,,
2000-04-17,1.1,1.1,1.1,1.1,1100,EQ,,,
2000-04-18,1.2,1.2,1.1,1.1,4800,EQ,,,
2000-04-19,1.2,1.2,1.1,1.2,1400,EQ,,,
2000-04-20,1.1,1.1,1.1,1.1,100,EQ,,,
2000-04-24,1.2,1.25,1.2,1.2,3100,EQ,,,
2000-04-25,1.15,1.2,0.95,1.1,5900,EQ,,,
2000-04-26,1.1,1.15,1.1,1.1,10700,EQ,,,
2000-04-27,1.2,1.2,1.1,1.1,3500,EQ,,,
2000-04-28,1.1,1.15,1.1,1.15,6400,EQ,,,
2000-05-02,1.15,1.2,1.1,1.1,8300,EQ,,,
2000-05-03,1.0,1.1,1.0,1.1,3600,EQ,,,
2000-05-04,1.1,1.15,1.1,1.1,2800,EQ,,,
2000-05-05,1.15,1.15,1.1,1.1,1100,EQ,,,
2000-05-08,1.1,1.15,1.1,1.1,1700,EQ,,,
2000-05-09,1.15,1.2,1.1,1.1,2300,EQ,,,
2000-05-10,1.1,1.15,1.1,1.15,800,EQ,,,
2000-05-11,1.1,1.15,1.1,1.1,1500,EQ,,,
2000-05-12,1.1,1.1,1.05,1.1,4800,EQ,,,
2000-05-15,1.05,1.1,1.05,1.1,600,EQ,,,
2000-05-16,1.1,1.1,1.05,1.05,2300,EQ,,,
2000-05-17,1.1,1.1,1.05,1.05,200,EQ,,,
2000-05-18,1.05,1.05,1.05,1.05,500,EQ,,,
2000-05-19,1.05,1.05,1.05,1.05,1600,EQ,,,
2000-05-22,1.05,1.05,1.05,1.05,500,EQ,,,
2000-05-23,1.0,1.05,1.0,1.05,400,EQ,,,
2000-05-24,1.1,1.1,1.05,1.1,800,EQ,,,
2000-05-25,1.1,1.1,1.05,1.05,400,EQ,,,
2000-05-26,1.05,1.05,1.05,1.05,1000,EQ,,,
2000-05-29,1.05,1.1,1.05,1.1,2000,EQ,,,
2000-05-30,1.1,1.3,1.1,1.2,3000,EQ,,,
2000-05-31,1.1,1.1,1.05,1.1,2400,EQ,,,
2000-06-01,1.1,1.1,1.1,1.1,700,EQ,,,
2000-06-02,1.1,1.1,1.05,1.05,5700,EQ,,,
2000-06-05,1.1,1.1,1.1,1.1,2400,EQ,,,
2000-06-06,1.1,1.1,1.1,1.1,4200,EQ,,,
2000-06-07,1.1,1.2,1.1,1.15,3900,EQ,,,
2000-06-08,1.15,1.3,1.1,1.25,8600,EQ,,,
2000-06-09,1.3,1.3,1.25,1.25,1800,EQ,,,
2000-06-12,1.25,1.3,1.2,1.25,2200,EQ,,,
2000-06-13,1.3,1.3,1.2,1.25,2700,EQ,,,
2000-06-14,1.2,1.25,1.2,1.25,3200,EQ,,,
2000-06-15,1.25,1.25,1.2,1.25,3500,EQ,,,
2000-06-16,1.25,1.3,1.25,1.25,3600,EQ,,,
2000-06-19,1.3,1.3,1.3,1.3,900,EQ,,,
2000-06-20,1.2,1.3,1.2,1.3,4100,EQ,,,
2000-06-21,1.2,1.25,1.2,1.25,1400,EQ,,,
2000-06-22,1.25,1.25,1.2,1.25,1000,EQ,,,
2000-06-23,1.25,1.25,1.25,1.25,900,EQ,,,
2000-06-26,1.25,1.25,1.2,1.2,1100,EQ,,,
2000-06-27,1.25,1.25,1.2,1.2,3000,EQ,,,
2000-06-28,1.2,1.2,1.2,1.2,100,EQ,,,
2000-06-29,1.2,1.2,1.2,1.2,2100,EQ,,,
2000-06-30,1.25,1.25,1.2,1.2,1000,EQ,,,
2000-07-03,1.2,1.2,1.2,1.2,1900,EQ,,,
2000-07-04,1.2,1.25,1.2,1.25,2600,EQ,,,
2000-07-05,1.2,1.2,1.2,1.2,1000,EQ,,,
2000-07-06,1.2,1.2,1.2,1.2,1800,EQ,,,
2000-07-07,1.2,1.2,1.2,1.2,2400,EQ,,,
2000-07-10,1.2,1.2,1.2,1.2,4100,EQ,,,
2000-07-11,1.2,1.2,1.2,1.2,4100,EQ,,,
2000-07-12,1.2,1.2,1.2,1.2,500,EQ,,,
2000-07-13,1.2,1.2,1.2,1.2,2500,EQ,,,
2000-07-14,1.2,1.2,1.2,1.2,100,EQ,,,
2000-07-17,1.25,1.25,1.15,1.2,3500,EQ,,,
2000-07-18,1.2,1.25,1.2,1.2,6000,EQ,,,
2000-07-19,1.3,1.3,1.25,1.25,3900,EQ,,,
2000-07-20,1.3,1.3,1.25,1.3,6400,EQ,,,
2000-07-21,1.3,1.3,1.25,1.3,4200,EQ,,,
2000-07-24,1.25,1.3,1.25,1.25,3300,EQ,,,
2000-07-25,1.25,1.3,1.2,1.3,7200,EQ,,,
2000-07-26,1.3,1.3,1.15,1.2,2900,EQ,,,
2000-07-27,1.15,1.15,1.1,1.1,3200,EQ,,,
2000-07-28,1.05,1.1,1.05,1.1,4400,EQ,,,
2000-07-31,1.1,1.1,1.1,1.1,6400,EQ,,,
2000-08-01,1.15,1.15,1.1,1.1,4500,EQ,,,
2000-08-02,1.1,1.1,1.1,1.1,4400,EQ,,,
2000-08-03,1.1,1.1,1.1,1.1,2300,EQ,,,
2000-08-04,1.1,1.1,1.1,1.1,1800,EQ,,,
2000-08-07,1.15,1.15,1.1,1.1,600,EQ,,,
2000-08-08,1.1,1.1,1.1,1.1,800,EQ,,,
2000-08-09,1.1,1.1,1.1,1.1,1000,EQ,,,
2000-08-10,1.15,1.15,1.1,1.1,3100,EQ,,,
2000-08-11,1.1,1.1,1.1,1.1,1800,EQ,,,
2000-08-14,1.1,1.1,1.1,1.1,200,EQ,,,
2000-08-16,1.1,1.1,1.1,1.1,500,EQ,,,
2000-08-17,1.1,1.1,1.1,1.1,300,EQ,,,
2000-08-18,1.1,1.1,1.1,1.1,300,EQ,,,
2000-08-21,1.1,1.1,1.1,1.1,1200,EQ,,,
2000-08-22,1.1,1.1,1.05,1.1,3500,EQ,,,
2000-08-25,1.05,1.1,1.0,1.1,800,EQ,,,
2000-08-28,1.1,1.1,1.1,1.1,1000,EQ,,,
2000-08-29,1.15,1.15,1.1,1.1,800,EQ,,,
2000-08-30,1.1,1.1,1.1,1.1,900,EQ,,,
2000-08-31,1.1,1.1,1.1,1.1,500,EQ,,,
2000-09-04,1.1,1.1,1.1,1.1,500,EQ,,,
2000-09-05,1.2,1.2,1.1,1.1,800,EQ,,,
2000-09-06,1.2,1.2,1.2,1.2,100,EQ,,,
2000-09-07,1.15,1.2,1.15,1.2,600,EQ,,,
2000-09-08,1.2,1.2,1.15,1.15,1700,EQ,,,
2000-09-11,1.25,1.25,1.15,1.2,2700,EQ,,,
2000-09-12,1.2,1.2,1.2,1.2,3500,EQ,,,
2000-09-13,1.2,1.3,1.2,1.2,1300,EQ,,,
2000-09-14,1.2,1.2,1.15,1.2,900,EQ,,,
2000-09-15,1.2,1.2,1.1,1.2,1800,EQ,,,
2000-09-18,1.15,1.15,1.15,1.15,600,EQ,,,
2000-09-19,1.1,1.15,1.05,1.1,3800,EQ,,,
2000-09-20,1.2,1.2,1.2,1.2,1601,EQ,,,
2000-09-21,1.2,1.2,1.2,1.2,2442,EQ,,,
2000-09-22,1.2,1.2,1.2,1.2,500,EQ,,,
2000-09-25,1.2,1.2,1.2,1.2,1200,EQ,,,
2000-09-26,1.2,1.2,1.15,1.2,820,EQ,,,
2000-09-28,1.25,1.3,1.2,1.2,1900,EQ,,,
2000-09-29,1.2,1.2,1.15,1.15,1400,EQ,,,
2000-10-03,1.2,1.2,1.15,1.2,205,EQ,,,
2000-10-09,1.2,1.2,1.2,1.2,50,EQ,,,
2000-10-10,1.2,1.2,1.2,1.2,50,EQ,,,
2000-10-11,0.85,1.15,0.85,1.15,101,EQ,,,
2000-10-12,1.15,1.15,1.15,1.15,550,EQ,,,
2000-10-13,1.2,1.2,1.2,1.2,300,EQ,,,
2000-10-16,1.0,1.2,1.0,1.2,360,EQ,,,
2000-10-17,1.1,1.2,1.1,1.1,1998,EQ,,,
2000-10-18,1.15,1.15,1.1,1.1,2600,EQ,,,
2000-10-19,1.15,1.15,1.1,1.1,1150,EQ,,,
2000-10-20,1.2,1.2,1.1,1.1,309,EQ,,,
2000-10-23,1.1,1.15,1.1,1.1,2939,EQ,,,
2000-10-24,1.1,1.1,1.05,1.1,3232,EQ,,,
2000-10-27,1.1,1.15,1.1,1.15,1200,EQ,,,
2000-10-30,1.1,1.1,1.1,1.1,102,EQ,,,
2000-10-31,1.15,1.15,1.1,1.1,101,EQ,,,
2000-11-01,1.15,1.15,1.1,1.1,1159,EQ,,,
2000-11-02,1.15,1.15,1.1,1.15,2550,EQ,,,
2000-11-03,1.15,1.2,1.1,1.2,2250,EQ,,,
2000-11-06,1.15,1.25,1.15,1.2,1900,EQ,,,
2000-11-07,1.2,1.2,1.2,1.2,867,EQ,,,
2000-11-08,1.2,1.2,1.2,1.2,1400,EQ,,,
2000-11-09,1.2,1.2,1.2,1.2,1400,EQ,,,
2000-11-10,1.25,1.25,1.2,1.2,712,EQ,,,
2000-11-13,1.15,1.2,1.15,1.2,950,EQ,,,
2000-11-14,1.2,1.2,1.2,1.2,1516,EQ,,,
2000-11-15,1.2,1.25,1.2,1.2,1400,EQ,,,
2000-11-16,1.25,1.25,1.2,1.25,2000,EQ,,,
2000-11-17,1.25,1.25,1.2,1.2,1475,EQ,,,
2000-11-20,1.2,1.25,1.2,1.2,1465,EQ,,,
2000-11-21,1.2,1.3,1.2,1.3,1100,EQ,,,
2000-11-22,1.2,1.25,1.2,1.25,954,EQ,,,
2000-11-23,1.25,1.3,1.25,1.25,910,EQ,,,
2000-11-24,1.25,1.25,1.2,1.25,350,EQ,,,
2000-11-27,1.2,1.25,1.2,1.25,422,EQ,,,
2000-11-28,1.2,1.25,1.2,1.2,1612,EQ,,,
2000-11-29,1.25,1.25,1.2,1.2,1440,EQ,,,
2000-11-30,1.25,1.25,1.2,1.2,863,EQ,,,
2000-12-01,1.25,1.25,1.25,1.25,320,EQ,,,
2000-12-04,1.2,1.2,1.2,1.2,2495,EQ,,,
2000-12-05,1.2,1.2,1.2,1.2,3233,EQ,,,
2000-12-06,1.2,1.2,1.2,1.2,2950,EQ,,,
2000-12-07,1.2,1.3,1.2,1.25,3055,EQ,,,
2000-12-08,1.25,1.3,1.25,1.3,12227,EQ,,,
2000-12-11,1.3,1.4,1.3,1.4,11985,EQ,,,
2000-12-12,1.55,1.55,1.3,1.4,22306,EQ,,,
2000-12-13,1.5,1.55,1.45,1.55,19559,EQ,,,
2000-12-14,1.45,1.5,1.4,1.4,15390,EQ,,,
2000-12-15,1.4,1.4,1.3,1.3,6251,EQ,,,
2000-12-18,1.25,1.35,1.25,1.25,3299,EQ,,,
2000-12-19,1.3,1.3,1.25,1.3,6236,EQ,,,
2000-12-20,1.25,1.35,1.25,1.35,3000,EQ,,,
2000-12-21,1.3,1.4,1.3,1.4,4516,EQ,,,
2000-12-22,1.35,1.4,1.3,1.3,1118,EQ,,,
2000-12-26,1.25,1.3,1.25,1.3,5435,EQ,,,
2000-12-27,1.3,1.4,1.3,1.3,2941,EQ,,,
2000-12-28,1.3,1.35,1.3,1.35,935,EQ,,,
2000-12-29,1.3,1.35,1.3,1.35,2764,EQ,,,
2001-01-01,1.4,1.4,1.3,1.3,2941,EQ,,,
2001-01-02,1.3,1.3,1.3,1.3,3035,EQ,,,
2001-01-03,1.35,1.4,1.3,1.4,4700,EQ,,,
2001-01-04,1.5,1.5,1.4,1.4,1400,EQ,,,
2001-01-05,1.4,1.45,1.4,1.4,2905,EQ,,,
2001-01-08,1.4,1.4,1.4,1.4,826,EQ,,,
2001-01-09,1.4,1.4,1.4,1.4,4308,EQ,,,
2001-01-10,1.4,1.4,1.35,1.35,1770,EQ,,,
2001-01-11,1.4,1.4,1.35,1.35,500,EQ,,,
2001-01-12,1.4,1.5,1.35,1.4,8175,EQ,,,
2001-01-15,1.4,1.45,1.4,1.4,4723,EQ,,,
2001-01-16,1.4,1.55,1.4,1.55,7601,EQ,,,
2001-01-17,1.45,1.55,1.4,1.4,11275,EQ,,,
2001-01-18,1.5,1.55,1.45,1.5,11350,EQ,,,
2001-01-19,1.55,1.55,1.5,1.5,7250,EQ,,,
2001-01-22,1.5,1.55,1.5,1.5,6625,EQ,,,
2001-01-23,1.5,1.55,1.5,1.55,9777,EQ,,,
2001-01-24,1.55,1.65,1.55,1.65,9409,EQ,,,
2001-01-25,1.75,1.8,1.7,1.75,11473,EQ,,,
2001-01-29,1.7,1.7,1.6,1.65,5593,EQ,,,
2001-01-30,1.7,1.7,1.6,1.6,5662,EQ,,,
2001-01-31,1.6,1.7,1.6,1.7,14040,EQ,,,
2001-02-01,1.7,1.8,1.7,1.7,8123,EQ,,,
2001-02-02,1.8,1.9,1.8,1.85,19608,EQ,,,
2001-02-05,1.9,1.9,1.7,1.75,7784,EQ,,,
2001-02-06,1.75,1.8,1.7,1.75,8087,EQ,,,
2001-02-07,1.75,1.85,1.75,1.8,5410,EQ,,,
2001-02-08,1.8,1.9,1.8,1.9,11025,EQ,,,
2001-02-09,1.9,2.0,1.9,2.0,22276,EQ,,,
2001-02-12,2.15,2.15,1.9,2.0,29707,EQ,,,
2001-02-13,1.95,2.0,1.85,1.9,13258,EQ,,,
2001-02-14,1.9,2.05,1.8,2.05,29805,EQ,,,
2001-02-15,2.05,2.1,2.0,2.05,41840,EQ,,,
2001-02-16,2.0,2.05,1.9,1.9,19450,EQ,,,
2001-02-19,1.9,1.9,1.8,1.9,12793,EQ,,,
2001-02-20,1.9,1.95,1.9,1.9,14980,EQ,,,
2001-02-21,1.95,2.0,1.9,1.95,12485,EQ,,,
2001-02-22,1.9,1.9,1.9,1.9,19076,EQ,,,
2001-02-23,1.9,1.9,1.9,1.9,8755,EQ,,,
2001-02-26,1.9,1.9,1.75,1.8,3455,EQ,,,
2001-02-27,1.8,1.9,1.8,1.8,8349,EQ,,,
2001-02-28,1.9,1.9,1.8,1.85,13555,EQ,,,
2001-03-01,1.9,1.95,1.8,1.8,10550,EQ,,,
2001-03-02,1.9,1.9,1.8,1.8,5205,EQ,,,
2001-03-05,1.85,1.85,1.7,1.7,5466,EQ,,,
2001-03-07,1.7,1.75,1.55,1.7,9200,EQ,,,
2001-03-08,1.8,1.8,1.6,1.6,7400,EQ,,,
2001-03-09,1.6,1.6,1.5,1.55,9570,EQ,,,
2001-03-12,1.6,1.6,1.4,1.4,3830,EQ,,,
2001-03-13,1.4,1.55,1.3,1.5,6107,EQ,,,
2001-03-14,1.5,1.55,1.5,1.5,3948,EQ,,,
2001-03-15,1.5,1.55,1.4,1.5,9592,EQ,,,
2001-03-16,1.45,1.55,1.45,1.5,3400,EQ,,,
2001-03-19,1.55,1.55,1.4,1.4,2592,EQ,,,
2001-03-20,1.35,1.45,1.35,1.4,7350,EQ,,,
2001-03-21,1.35,1.45,1.35,1.45,800,EQ,,,
2001-03-22,1.55,1.55,1.45,1.5,3400,EQ,,,
2001-03-23,1.5,1.5,1.45,1.45,1720,EQ,,,
2001-03-26,1.4,1.5,1.4,1.4,987,EQ,,,
2001-03-27,1.5,1.5,1.4,1.4,3987,EQ,,,
2001-03-28,1.55,1.55,1.4,1.45,3905,EQ,,,
2001-03-29,1.5,1.5,1.4,1.45,2600,EQ,,,
2001-03-30,1.45,1.5,1.4,1.5,2320,EQ,,,
2001-04-02,1.4,1.4,1.35,1.4,1616,EQ,,,
2001-04-03,1.35,1.45,1.35,1.4,5954,EQ,,,
2001-04-04,1.4,1.45,1.4,1.4,2850,EQ,,,
2001-04-06,1.3,1.45,1.3,1.4,2812,EQ,,,
2001-04-09,1.4,1.4,1.4,1.4,400,EQ,,,
2001-04-10,1.4,1.4,1.35,1.4,4030,EQ,,,
2001-04-11,1.4,1.4,1.4,1.4,2251,EQ,,,
2001-04-12,1.4,1.4,1.35,1.4,1402,EQ,,,
2001-04-16,1.4,1.45,1.35,1.4,2402,EQ,,,
2001-04-17,1.35,1.45,1.35,1.4,3458,EQ,,,
2001-04-18,1.45,1.5,1.45,1.5,2087,EQ,,,
2001-04-19,1.55,1.55,1.45,1.45,6258,EQ,,,
2001-04-20,1.45,1.5,1.4,1.45,4406,EQ,,,
2001-04-23,1.45,1.5,1.4,1.4,3071,EQ,,,
2001-04-24,1.4,1.45,1.4,1.4,3546,EQ,,,
2001-04-25,1.5,1.5,1.4,1.4,7820,EQ,,,
2001-04-26,1.4,1.45,1.4,1.4,6499,EQ,,,
2001-04-27,1.4,1.4,1.4,1.4,1300,EQ,,,
2001-04-30,1.35,1.4,1.3,1.4,3302,EQ,,,
2001-05-02,1.5,1.5,1.35,1.4,1780,EQ,,,
2001-05-03,1.4,1.45,1.4,1.4,1501,EQ,,,
2001-05-04,1.4,1.4,1.35,1.35,2371,EQ,,,
2001-05-07,1.4,1.4,1.35,1.4,2421,EQ,,,
2001-05-08,1.4,1.4,1.3,1.3,4880,EQ,,,
2001-05-09,1.35,1.35,1.3,1.35,1750,EQ,,,
2001-05-10,1.35,1.35,1.35,1.35,700,EQ,,,
2001-05-11,1.35,1.35,1.3,1.3,1701,EQ,,,
2001-05-14,1.3,1.35,1.3,1.35,3869,EQ,,,
2001-05-15,1.3,1.3,1.3,1.3,1360,EQ,,,
2001-05-16,1.3,1.4,1.3,1.4,2250,EQ,,,
2001-05-17,1.45,1.45,1.3,1.35,7750,EQ,,,
2001-05-18,1.4,1.4,1.35,1.4,1960,EQ,,,
2001-05-21,1.3,1.35,1.3,1.35,3400,EQ,,,
2001-05-22,1.35,1.4,1.3,1.35,4052,EQ,,,
2001-05-23,1.35,1.4,1.35,1.4,4754,EQ,,,
2001-05-24,1.35,1.4,1.35,1.4,1552,EQ,,,
2001-05-25,1.4,1.4,1.35,1.4,2390,EQ,,,
2001-05-28,1.3,1.4,1.3,1.35,726,EQ,,,
2001-05-29,1.35,1.45,1.35,1.4,3806,EQ,,,
2001-05-30,1.5,1.5,1.4,1.4,1850,EQ,,,
2001-05-31,1.4,1.4,1.4,1.4,6983,EQ,,,
2001-06-01,1.4,1.4,1.4,1.4,950,EQ,,,
2001-06-04,1.4,1.4,1.4,1.4,1482,EQ,,,
2001-06-05,1.35,1.4,1.3,1.3,2345,EQ,,,
2001-06-06,1.35,1.4,1.35,1.4,475,EQ,,,
2001-06-07,1.35,1.35,1.3,1.3,3260,EQ,,,
2001-06-08,1.35,1.4,1.35,1.35,319,EQ,,,
2001-06-11,1.4,1.4,1.35,1.35,1477,EQ,,,
2001-06-12,1.4,1.4,1.35,1.35,3489,EQ,,,
2001-06-13,1.4,1.4,1.4,1.4,3401,EQ,,,
2001-06-14,1.4,1.4,1.4,1.4,2200,EQ,,,
2001-06-15,1.4,1.5,1.35,1.4,1900,EQ,,,
2001-06-18,1.4,1.4,1.35,1.35,2000,EQ,,,
2001-06-19,1.4,1.4,1.35,1.35,4050,EQ,,,
2001-06-21,1.4,1.4,1.35,1.35,2049,EQ,,,
2001-06-22,1.4,1.4,1.4,1.4,3105,EQ,,,
2001-06-25,1.35,1.4,1.3,1.3,6840,EQ,,,
2001-06-26,1.4,1.4,1.35,1.35,7167,EQ,,,
2001-06-27,1.4,1.4,1.4,1.4,4465,EQ,,,
2001-06-28,1.4,1.4,1.4,1.4,4037,EQ,,,
2001-06-29,1.4,1.45,1.4,1.4,3160,EQ,,,
2001-07-03,1.4,1.4,1.4,1.4,1,EQ,,,
2001-07-04,1.4,1.4,1.4,1.4,620,EQ,,,
2001-07-05,1.45,1.45,1.45,1.45,100,EQ,,,
2001-07-06,1.5,1.55,1.4,1.45,3209,BE,,,
2001-07-09,1.55,1.55,1.55,1.55,2,EQ,,,
2001-07-10,1.4,1.5,1.4,1.45,950,BE,,,
2001-07-11,1.55,1.55,1.55,1.55,300,EQ,,,
2001-07-12,1.45,1.5,1.45,1.5,4250,BE,,,
2001-07-13,1.5,1.5,1.45,1.45,4919,BE,,,
2001-07-16,1.5,1.5,1.5,1.5,1070,BE,,,
2001-07-17,1.45,1.5,1.45,1.45,2405,BE,,,
2001-07-18,1.5,1.5,1.5,1.5,200,EQ,,,
2001-07-19,1.4,1.5,1.4,1.5,750,EQ,,,
2001-07-20,1.5,1.55,1.45,1.55,3951,BE,,,
2001-07-23,1.55,1.55,1.55,1.55,100,BE,,,
2001-07-24,1.5,1.5,1.5,1.5,950,BE,,,
2001-07-25,1.5,1.5,1.5,1.5,200,EQ,,,
2001-07-26,1.35,1.35,1.35,1.35,1000,EQ,,,
2001-07-27,1.5,1.5,1.35,1.35,300,EQ,,,
2001-07-30,1.5,1.5,1.5,1.5,1602,EQ,,,
2001-07-31,1.55,1.55,1.4,1.45,600,EQ,,,
2001-08-01,1.55,1.55,1.45,1.45,890,EQ,,,
2001-08-02,1.5,1.5,1.5,1.5,3400,EQ,,,
2001-08-03,1.5,1.5,1.45,1.5,14128,EQ,,,
2001-08-06,1.35,1.35,1.3,1.3,200,EQ,,,
2001-08-07,1.3,1.3,1.3,1.3,25,EQ,,,
2001-08-08,1.4,1.4,1.3,1.3,2110,BE,,,
2001-08-09,1.3,1.3,1.3,1.3,202,EQ,,,
2001-08-10,1.3,1.3,1.3,1.3,1300,BE,,,
2001-08-13,1.3,1.3,1.3,1.3,200,EQ,,,
2001-08-14,1.4,1.4,1.3,1.35,1100,EQ,,,
2001-08-16,1.3,1.3,1.3,1.3,500,EQ,,,
2001-08-17,1.3,1.3,1.3,1.3,180,EQ,,,
2001-08-20,1.3,1.3,1.3,1.3,5870,BE,,,
2001-08-21,1.25,1.3,1.25,1.3,200,EQ,,,
2001-08-23,1.25,1.25,1.15,1.2,13880,BE,,,
2001-08-24,1.2,1.2,1.1,1.15,17097,BE,,,
2001-08-27,1.15,1.2,1.1,1.2,7611,BE,,,
2001-08-28,1.25,1.25,1.25,1.25,1,EQ,,,
2001-08-29,1.2,1.2,1.2,1.2,1500,BE,,,
2001-08-30,1.2,1.2,1.2,1.2,1288,BE,,,
2001-08-31,1.15,1.15,1.15,1.15,100,EQ,,,
2001-09-03,1.2,1.2,1.15,1.15,400,EQ,,,
2001-09-04,1.2,1.2,1.2,1.2,1400,BE,,,
2001-09-05,1.2,1.2,1.2,1.2,200,EQ,,,
2001-09-06,1.2,1.2,1.2,1.2,800,BE,,,
2001-09-07,1.1,1.1,1.1,1.1,100,EQ,,,
2001-09-10,1.2,1.2,1.2,1.2,300,EQ,,,
2001-09-11,1.2,1.2,1.2,1.2,1704,BE,,,
2001-09-12,1.1,1.2,1.1,1.2,2300,BE,,,
2001-09-13,1.1,1.1,1.1,1.1,600,EQ,,,
2001-09-14,1.1,1.15,1.1,1.1,6226,BE,,,
2001-09-17,1.0,1.0,1.0,1.0,600,EQ,,,
2001-09-18,1.05,1.2,1.05,1.2,6268,BE,,,
2001-09-19,1.1,1.2,1.1,1.15,2563,BE,,,
2001-09-20,1.1,1.15,1.1,1.1,130,EQ,,,
2001-09-21,1.2,1.2,1.1,1.1,7658,BE,,,
2001-09-24,1.1,1.1,1.1,1.1,1635,EQ,,,
2001-09-25,1.1,1.1,1.1,1.1,1000,EQ,,,
2001-09-26,1.1,1.1,1.1,1.1,830,EQ,,,
2001-09-27,1.1,1.1,1.1,1.1,75,EQ,,,
2001-09-28,1.1,1.1,1.1,1.1,393,EQ,,,
2001-10-01,1.1,1.1,1.1,1.1,700,EQ,,,
2001-10-03,1.1,1.1,1.1,1.1,50,EQ,,,
2001-10-04,1.1,1.15,1.1,1.1,2350,BE,,,
2001-10-05,1.1,1.1,1.1,1.1,1300,EQ,,,
2001-10-08,1.1,1.1,1.1,1.1,1743,BE,,,
2001-10-09,1.1,1.1,1.1,1.1,2800,BE,,,
2001-10-10,1.1,1.15,1.1,1.15,1600,EQ,,,
2001-10-11,1.1,1.15,1.1,1.1,1500,EQ,,,
2001-10-12,1.1,1.1,1.1,1.1,1950,EQ,,,
2001-10-15,1.1,1.1,1.1,1.1,100,EQ,,,
2001-10-16,1.15,1.2,1.15,1.15,570,EQ,,,
2001-10-17,1.15,1.15,1.1,1.1,570,EQ,,,
2001-10-18,1.15,1.15,1.15,1.15,25,EQ,,,
2001-10-19,1.15,1.15,1.15,1.15,5097,BE,,,
2001-10-22,1.15,1.15,1.15,1.15,100,EQ,,,
2001-10-23,1.2,1.2,1.2,1.2,2120,BE,,,
2001-10-24,1.2,1.2,1.15,1.2,1855,BE,,,
2001-10-25,1.2,1.2,1.2,1.2,50,EQ,,,
2001-10-29,1.15,1.2,1.15,1.2,3850,BE,,,
2001-10-30,1.2,1.2,1.2,1.2,2300,BE,,,
2001-10-31,1.15,1.2,1.15,1.2,300,EQ,,,
2001-11-01,1.2,1.2,1.2,1.2,25,EQ,,,
2001-11-02,1.2,1.2,1.2,1.2,350,EQ,,,
2001-11-05,1.2,1.2,1.2,1.2,5,EQ,,,
2001-11-06,1.15,1.15,1.15,1.15,52,EQ,,,
2001-11-07,1.15,1.2,1.15,1.2,305,EQ,,,
2001-11-08,1.2,1.2,1.2,1.2,25,EQ,,,
2001-11-09,1.2,1.2,1.2,1.2,250,EQ,,,
2001-11-12,1.2,1.2,1.2,1.2,400,EQ,,,
2001-11-13,1.2,1.2,1.2,1.2,900,EQ,,,
2001-11-14,1.25,1.25,1.2,1.2,200,EQ,,,
2001-11-15,1.2,1.2,1.2,1.2,104,EQ,,,
2001-11-19,1.2,1.3,1.2,1.3,801,EQ,,,
2001-11-20,1.25,1.3,1.25,1.3,2,EQ,,,
2001-11-21,1.3,1.3,1.3,1.3,200,EQ,,,
2001-11-22,1.3,1.3,1.2,1.25,1500,EQ,,,
2001-11-23,1.25,1.25,1.25,1.25,100,EQ,,,
2001-11-26,1.3,1.3,1.3,1.3,650,EQ,,,
2001-11-27,1.3,1.3,1.3,1.3,1000,EQ,,,
2001-11-28,1.2,1.3,1.2,1.25,1322,EQ,,,
2001-11-29,1.3,1.3,1.3,1.3,40,EQ,,,
2001-12-03,1.3,1.3,1.3,1.3,501,EQ,,,
2001-12-04,1.3,1.3,1.25,1.25,1964,EQ,,,
2001-12-05,1.25,1.3,1.25,1.3,548,EQ,,,
2001-12-06,1.25,1.3,1.25,1.3,300,EQ,,,
2001-12-07,1.35,1.35,1.3,1.3,601,EQ,,,
2001-12-10,1.3,1.3,1.3,1.3,1100,EQ,,,
2001-12-11,1.3,1.3,1.3,1.3,1635,EQ,,,
2001-12-12,1.3,1.3,1.3,1.3,25,EQ,,,
2001-12-13,1.3,1.3,1.3,1.3,3083,BE,,,
2001-12-14,1.25,1.3,1.25,1.3,850,EQ,,,
2001-12-18,1.3,1.3,1.3,1.3,300,EQ,,,
2001-12-19,1.3,1.3,1.25,1.25,400,EQ,,,
2001-12-20,1.25,1.25,1.2,1.2,1853,BE,,,
2001-12-21,1.2,1.25,1.2,1.2,2216,BE,,,
2001-12-24,1.2,1.25,1.2,1.2,3300,BE,,,
2001-12-26,1.25,1.25,1.2,1.2,1390,BE,,,
2001-12-27,1.2,1.2,1.2,1.2,1889,BE,,,
2001-12-28,1.2,1.2,1.2,1.2,6303,BE,,,
2001-12-31,1.25,1.25,1.2,1.25,626,EQ,,,
2002-01-01,1.25,1.3,1.2,1.2,3000,EQ,,,
2002-01-02,1.15,1.25,1.15,1.2,2100,EQ,,,
2002-01-03,1.25,1.3,1.2,1.25,1465,EQ,,,
2002-01-04,1.2,1.25,1.2,1.25,1000,EQ,,,
2002-01-07,1.25,1.3,1.25,1.3,2519,EQ,,,
2002-01-08,1.3,1.3,1.2,1.2,2783,EQ,,,
2002-01-09,1.2,1.25,1.2,1.25,4156,EQ,,,
2002-01-10,1.2,1.3,1.2,1.25,903,EQ,,,
2002-01-11,1.3,1.3,1.2,1.2,1205,EQ,,,
2002-01-14,1.2,1.2,1.2,1.2,95,EQ,,,
2002-01-15,1.2,1.2,1.2,1.2,1300,EQ,,,
2002-01-16,1.25,1.25,1.2,1.2,4387,EQ,,,
2002-01-17,1.2,1.25,1.2,1.25,1600,EQ,,,
2002-01-18,1.25,1.25,1.2,1.2,2747,EQ,,,
2002-01-21,1.25,1.25,1.2,1.2,830,EQ,,,
2002-01-22,1.25,1.3,1.25,1.25,2848,EQ,,,
2002-01-23,1.3,1.3,1.25,1.25,3810,EQ,,,
2002-01-24,1.25,1.3,1.25,1.25,1790,EQ,,,
2002-01-25,1.25,1.25,1.2,1.2,2645,EQ,,,
2002-01-28,1.25,1.25,1.2,1.25,5455,EQ,,,
2002-01-29,1.25,1.25,1.25,1.25,3400,EQ,,,
2002-01-30,1.3,1.3,1.2,1.2,12100,EQ,,,
2002-01-31,1.25,1.25,1.2,1.25,1765,EQ,,,
2002-02-01,1.25,1.25,1.2,1.25,2978,EQ,,,
2002-02-04,1.3,1.3,1.3,1.3,5903,EQ,,,
2002-02-05,1.3,1.3,1.3,1.3,6380,EQ,,,
2002-02-06,1.3,1.3,1.3,1.3,11863,EQ,,,
2002-02-07,1.3,1.4,1.3,1.3,6777,EQ,,,
2002-02-08,1.35,1.35,1.3,1.3,6310,EQ,,,
2002-02-11,1.35,1.4,1.3,1.4,7835,EQ,,,
2002-02-12,1.4,1.4,1.35,1.4,7020,EQ,,,
2002-02-13,1.3,1.4,1.3,1.4,5375,EQ,,,
2002-02-14,1.35,1.4,1.35,1.4,6544,EQ,,,
2002-02-15,1.4,1.5,1.4,1.45,10597,EQ,,,
2002-02-18,1.55,1.7,1.55,1.65,36714,EQ,,,
2002-02-19,1.7,1.7,1.5,1.55,16136,EQ,,,
2002-02-20,1.4,1.55,1.4,1.5,5697,EQ,,,
2002-02-21,1.55,1.55,1.45,1.5,8001,EQ,,,
2002-02-22,1.5,1.55,1.5,1.5,5485,EQ,,,
2002-02-25,1.55,1.55,1.45,1.45,4504,EQ,,,
2002-02-26,1.5,1.6,1.5,1.55,9668,EQ,,,
2002-02-27,1.55,1.55,1.5,1.5,4820,EQ,,,
2002-02-28,1.5,1.55,1.3,1.35,6972,EQ,,,
2002-03-01,1.35,1.45,1.35,1.4,15037,EQ,,,
2002-03-04,1.45,1.5,1.4,1.45,6042,EQ,,,
2002-03-05,1.45,1.45,1.4,1.45,3409,EQ,,,
2002-03-06,1.5,1.55,1.45,1.5,14605,EQ,,,
2002-03-07,1.4,1.55,1.4,1.55,11790,EQ,,,
2002-03-08,1.55,1.6,1.55,1.55,16324,EQ,,,
2002-03-11,1.5,1.55,1.5,1.5,3425,EQ,,,
2002-03-12,1.45,1.55,1.45,1.5,7419,EQ,,,
2002-03-13,1.55,1.55,1.5,1.5,2975,EQ,,,
2002-03-14,1.55,1.55,1.5,1.5,5846,EQ,,,
2002-03-15,1.5,1.55,1.5,1.5,19184,EQ,,,
2002-03-18,1.6,1.6,1.55,1.55,13906,EQ,,,
2002-03-19,1.55,1.55,1.55,1.55,6650,EQ,,,
2002-03-20,1.55,1.55,1.5,1.55,4271,EQ,,,
2002-03-21,1.55,1.6,1.4,1.5,15217,EQ,,,
2002-03-22,1.45,1.5,1.4,1.45,7004,EQ,,,
2002-03-26,1.55,1.55,1.5,1.5,5184,EQ,,,
2002-03-27,1.55,1.55,1.5,1.5,6645,EQ,,,
2002-03-28,1.5,1.5,1.5,1.5,3045,EQ,,,
2002-04-01,1.5,1.6,1.5,1.55,12113,EQ,,,
2002-04-02,1.55,1.55,1.5,1.5,10609,EQ,,,
2002-04-03,1.55,1.55,1.5,1.5,3239,EQ,,,
2002-04-04,1.55,1.55,1.5,1.5,2600,EQ,,,
2002-04-05,1.5,1.55,1.5,1.55,7495,EQ,,,
2002-04-08,1.5,1.55,1.5,1.55,4865,EQ,,,
2002-04-09,1.5,1.55,1.5,1.55,10775,EQ,,,
2002-04-10,1.55,1.55,1.5,1.55,7675,EQ,,,
2002-04-11,1.55,1.55,1.5,1.5,4350,EQ,,,
2002-04-12,1.5,1.5,1.45,1.5,4349,EQ,,,
2002-04-15,1.45,1.5,1.4,1.5,5650,EQ,,,
2002-04-16,1.5,1.5,1.5,1.5,5443,EQ,,,
2002-04-17,1.45,1.55,1.45,1.5,7210,EQ,,,
2002-04-18,1.5,1.55,1.5,1.55,7345,EQ,,,
2002-04-19,1.5,1.55,1.45,1.55,14640,EQ,,,
2002-04-22,1.5,1.5,1.5,1.5,4350,EQ,,,
2002-04-23,1.5,1.55,1.5,1.55,2500,EQ,,,
2002-04-24,1.55,1.55,1.45,1.5,7836,EQ,,,
2002-04-25,1.5,1.55,1.5,1.55,3303,EQ,,,
2002-04-26,1.55,1.55,1.5,1.55,5900,EQ,,,
2002-04-29,1.55,1.7,1.55,1.55,19841,EQ,,,
2002-04-30,1.55,1.6,1.55,1.55,9235,EQ,,,
2002-05-02,1.55,1.6,1.55,1.6,15675,EQ,,,
2002-05-03,1.6,1.6,1.55,1.55,4250,EQ,,,
2002-05-06,1.6,1.6,1.55,1.55,7750,EQ,,,
2002-05-07,1.55,1.6,1.55,1.55,11525,EQ,,,
2002-05-08,1.55,1.6,1.55,1.55,14254,EQ,,,
2002-05-09,1.55,1.55,1.55,1.55,10021,EQ,,,
2002-05-10,1.5,1.55,1.5,1.55,6378,EQ,,,
2002-05-13,1.55,1.55,1.55,1.55,11472,EQ,,,
2002-05-14,1.55,1.55,1.55,1.55,4134,EQ,,,
2002-05-15,1.55,1.55,1.55,1.55,4222,EQ,,,
2002-05-16,1.55,1.55,1.55,1.55,2865,EQ,,,
2002-05-17,1.5,1.55,1.5,1.55,2796,EQ,,,
2002-05-20,1.5,1.55,1.5,1.5,8639,EQ,,,
2002-05-21,1.35,1.5,1.35,1.4,9150,EQ,,,
2002-05-22,1.4,1.45,1.4,1.4,3930,EQ,,,
2002-05-23,1.55,1.55,1.4,1.45,6015,EQ,,,
2002-05-24,1.55,1.55,1.45,1.5,7758,EQ,,,
2002-05-27,1.5,1.6,1.5,1.55,11657,EQ,,,
2002-05-28,1.55,1.7,1.55,1.6,26910,EQ,,,
2002-05-29,1.7,1.8,1.65,1.75,98573,EQ,,,
2002-05-30,1.8,1.85,1.7,1.75,68653,EQ,,,
2002-05-31,1.75,1.75,1.7,1.7,32021,EQ,,,
2002-06-03,1.8,1.8,1.7,1.75,19345,EQ,,,
2002-06-04,1.85,2.05,1.8,1.9,51396,EQ,,,
2002-06-05,1.9,2.05,1.9,2.0,67129,EQ,,,
2002-06-06,2.05,2.05,1.9,1.95,31471,EQ,,,
2002-06-07,1.95,1.95,1.9,1.9,22653,EQ,,,
2002-06-10,2.05,2.05,1.9,1.95,15487,EQ,,,
2002-06-11,1.95,2.0,1.95,1.95,30245,EQ,,,
2002-06-12,2.0,2.0,1.9,1.95,34500,EQ,,,
2002-06-13,2.05,2.05,1.9,2.0,26221,EQ,,,
2002-06-14,2.05,2.05,1.95,1.95,18022,EQ,,,
2002-06-17,2.0,2.1,1.95,2.05,34553,EQ,,,
2002-06-18,2.05,2.05,2.0,2.0,22209,EQ,,,
2002-06-19,2.05,2.05,2.0,2.0,14992,EQ,,,
2002-06-20,2.05,2.05,2.0,2.05,22085,EQ,,,
2002-06-21,2.05,2.15,2.05,2.05,50446,EQ,,,
2002-06-24,2.1,2.15,2.1,2.15,25068,EQ,,,
2002-06-25,2.1,2.2,2.05,2.05,23000,EQ,,,
2002-06-26,2.15,2.15,2.05,2.05,13720,EQ,,,
2002-06-27,2.1,2.1,2.0,2.05,5901,EQ,,,
2002-06-28,2.05,2.1,2.05,2.05,12529,EQ,,,
2002-07-01,2.05,2.2,2.05,2.2,30898,EQ,,,
2002-07-02,2.2,2.25,2.2,2.2,26901,EQ,,,
2002-07-03,2.2,2.2,2.2,2.2,21590,EQ,,,
2002-07-04,2.2,2.2,2.2,2.2,16642,EQ,,,
2002-07-05,2.2,2.2,2.2,2.2,18875,EQ,,,
2002-07-08,2.2,2.25,2.2,2.2,30627,EQ,,,
2002-07-09,2.2,2.3,2.2,2.25,38152,EQ,,,
2002-07-10,2.3,2.35,2.25,2.3,28906,EQ,,,
2002-07-11,2.3,2.3,2.2,2.2,31625,EQ,,,
2002-07-12,2.25,2.3,2.2,2.25,14779,EQ,,,
2002-07-15,2.2,2.2,2.15,2.2,32425,EQ,,,
2002-07-16,2.2,2.2,2.15,2.2,28178,EQ,,,
2002-07-17,2.2,2.2,2.1,2.1,30385,EQ,,,
2002-07-18,2.1,2.15,2.1,2.1,18514,EQ,,,
2002-07-19,2.15,2.15,2.05,2.1,19264,EQ,,,
2002-07-22,2.0,2.1,2.0,2.05,26752,EQ,,,
2002-07-23,2.05,2.05,2.05,2.05,7831,EQ,,,
2002-07-24,2.05,2.1,2.05,2.05,13545,EQ,,,
2002-07-25,2.1,2.1,2.05,2.05,17063,EQ,,,
2002-07-26,2.1,2.1,2.0,2.05,21848,EQ,,,
2002-07-29,1.95,2.05,1.95,2.05,13355,EQ,,,
2002-07-30,2.05,2.05,1.9,1.95,26980,EQ,,,
2002-07-31,1.9,2.0,1.9,1.95,18031,EQ,,,
2002-08-01,2.0,2.05,1.95,2.0,8955,EQ,,,
2002-08-02,2.05,2.05,1.95,2.05,12690,EQ,,,
2002-08-05,2.05,2.1,2.05,2.05,15315,EQ,,,
2002-08-06,2.05,2.1,2.05,2.1,15390,EQ,,,
2002-08-07,2.05,2.2,2.05,2.1,34045,EQ,,,
2002-08-08,2.15,2.15,2.1,2.1,22564,EQ,,,
2002-08-09,2.1,2.15,2.1,2.1,23077,EQ,,,
2002-08-12,2.2,2.2,2.1,2.1,41766,EQ,,,
2002-08-13,2.1,2.15,2.05,2.1,48752,EQ,,,
2002-08-14,1.9,1.9,1.7,1.75,61895,EQ,,,
2002-08-16,1.75,1.75,1.7,1.7,22741,EQ,,,
2002-08-19,1.75,1.75,1.7,1.7,18093,EQ,,,
2002-08-20,1.7,1.7,1.6,1.6,45313,EQ,,,
2002-08-21,1.6,1.7,1.6,1.65,14856,EQ,,,
2002-08-22,1.65,1.7,1.65,1.65,8071,EQ,,,
2002-08-23,1.65,1.7,1.65,1.7,22764,EQ,,,
2002-08-26,1.7,1.7,1.7,1.7,6020,EQ,,,
2002-08-27,1.7,1.7,1.7,1.7,7445,EQ,,,
2002-08-28,1.7,1.7,1.7,1.7,6465,EQ,,,
2002-08-29,1.7,1.7,1.65,1.65,5222,EQ,,,
2002-08-30,1.95,1.95,1.65,1.7,2937,EQ,,,
2002-09-02,1.7,1.7,1.7,1.7,4900,EQ,,,
2002-09-03,1.7,1.7,1.7,1.7,11664,EQ,,,
2002-09-04,1.7,1.7,1.7,1.7,6651,EQ,,,
2002-09-05,1.7,1.7,1.7,1.7,8602,EQ,,,
2002-09-06,2.05,2.05,1.7,1.7,13777,EQ,,,
2002-09-09,1.9,1.9,1.7,1.75,7500,EQ,,,
2002-09-11,1.9,1.9,1.75,1.8,9670,EQ,,,
2002-09-12,1.8,1.85,1.75,1.8,10048,EQ,,,
2002-09-13,1.85,1.85,1.7,1.8,9127,EQ,,,
2002-09-16,1.9,1.9,1.8,1.85,15642,EQ,,,
2002-09-17,1.8,1.85,1.8,1.8,8512,EQ,,,
2002-09-18,1.9,1.9,1.7,1.75,10667,EQ,,,
2002-09-19,1.9,1.9,1.7,1.75,3055,EQ,,,
2002-09-20,1.9,1.9,1.7,1.8,4965,EQ,,,
2002-09-23,1.75,1.8,1.75,1.75,2700,EQ,,,
2002-09-24,1.9,1.9,1.7,1.8,4685,EQ,,,
2002-09-25,1.9,1.9,1.7,1.8,3577,EQ,,,
2002-09-26,2.1,2.1,1.75,1.8,3927,EQ,,,
2002-09-27,2.1,2.1,1.75,1.8,5531,EQ,,,
2002-09-30,2.05,2.05,1.8,1.85,11687,EQ,,,
2002-10-01,1.85,1.85,1.8,1.8,5724,EQ,,,
2002-10-03,1.85,1.85,1.8,1.8,5403,EQ,,,
2002-10-04,1.8,1.85,1.8,1.8,11230,EQ,,,
2002-10-07,1.85,1.85,1.7,1.8,6257,EQ,,,
2002-10-08,1.8,1.85,1.8,1.8,8620,EQ,,,
2002-10-09,1.8,1.85,1.8,1.8,7825,EQ,,,
2002-10-10,1.75,1.85,1.75,1.8,9250,EQ,,,
2002-10-11,2.1,2.1,1.8,1.85,43377,EQ,,,
2002-10-14,1.75,1.9,1.75,1.9,8461,EQ,,,
2002-10-16,1.85,1.9,1.85,1.9,18404,EQ,,,
2002-10-17,1.9,1.9,1.85,1.85,5875,EQ,,,
2002-10-18,1.9,1.9,1.85,1.9,8298,EQ,,,
2002-10-21,1.9,1.9,1.9,1.9,2700,EQ,,,
2002-10-22,1.9,1.9,1.85,1.9,9353,EQ,,,
2002-10-23,1.85,1.9,1.85,1.9,6461,EQ,,,
2002-10-24,1.85,1.85,1.8,1.8,9768,EQ,,,
2002-10-25,1.85,1.85,1.8,1.85,4292,EQ,,,
2002-10-28,1.85,1.9,1.8,1.85,6010,EQ,,,
2002-10-29,1.9,1.9,1.85,1.85,8251,EQ,,,
2002-10-30,1.85,1.85,1.85,1.85,7325,EQ,,,
2002-10-31,1.85,1.85,1.85,1.85,10551,EQ,,,
2002-11-01,1.8,1.85,1.8,1.8,5670,EQ,,,
2002-11-04,1.8,1.85,1.8,1.85,4257,EQ,,,
2002-11-05,1.85,1.85,1.8,1.85,9231,EQ,,,
2002-11-07,1.85,1.85,1.8,1.85,32201,EQ,,,
2002-11-08,1.85,1.85,1.8,1.85,10410,EQ,,,
2002-11-11,1.85,1.85,1.8,1.85,9168,EQ,,,
2002-11-12,1.8,1.85,1.8,1.85,4175,EQ,,,
2002-11-13,1.8,1.85,1.8,1.85,2900,EQ,,,
2002-11-14,2.05,2.05,1.8,1.85,3986,EQ,,,
2002-11-15,1.9,1.9,1.85,1.85,4889,EQ,,,
2002-11-18,1.85,1.9,1.85,1.9,8235,EQ,,,
2002-11-20,2.05,2.05,1.85,1.9,93697,EQ,,,
2002-11-21,2.0,2.0,1.9,1.9,5634,EQ,,,
2002-11-22,1.9,1.95,1.9,1.9,17780,EQ,,,
2002-11-25,1.9,1.95,1.9,1.95,9683,EQ,,,
2002-11-26,1.95,2.0,1.95,1.95,8298,EQ,,,
2002-11-27,1.95,2.0,1.95,1.95,6599,EQ,,,
2002-11-28,1.95,2.0,1.9,2.0,8394,EQ,,,
2002-11-29,2.0,2.05,1.9,2.0,11517,EQ,,,
2002-12-02,2.05,2.05,1.95,2.05,12361,EQ,,,
2002-12-03,2.0,2.0,1.95,2.0,16299,EQ,,,
2002-12-04,1.9,2.05,1.9,2.0,7330,EQ,,,
2002-12-05,1.95,2.0,1.95,2.0,5029,EQ,,,
2002-12-06,1.95,2.0,1.95,1.95,15558,EQ,,,
2002-12-09,2.0,2.05,1.95,2.0,15275,EQ,,,
2002-12-10,2.0,2.0,1.95,2.0,4370,EQ,,,
2002-12-11,1.95,2.0,1.95,2.0,10215,EQ,,,
2002-12-12,2.0,2.05,2.0,2.05,20333,EQ,,,
2002-12-13,2.05,2.05,2.05,2.05,28193,EQ,,,
2002-12-16,2.05,2.1,2.05,2.05,25006,EQ,,,
2002-12-17,2.05,2.05,2.05,2.05,11087,EQ,,,
2002-12-18,2.05,2.05,2.05,2.05,12086,EQ,,,
2002-12-19,2.05,2.05,2.05,2.05,12822,EQ,,,
2002-12-20,2.05,2.05,2.05,2.05,6679,EQ,,,
2002-12-23,2.05,2.05,2.05,2.05,7825,EQ,,,
2002-12-24,2.05,2.05,2.05,2.05,8643,EQ,,,
2002-12-26,2.05,2.05,2.05,2.05,7570,EQ,,,
2002-12-27,2.05,2.05,2.05,2.05,11119,EQ,,,
2002-12-30,2.05,2.05,2.05,2.05,20299,EQ,,,
2002-12-31,2.05,2.05,2.05,2.05,21816,EQ,,,
2003-01-01,2.05,2.05,2.05,2.05,18627,EQ,,,
2003-01-02,2.05,2.05,2.05,2.05,4480,EQ,,,
2003-01-03,2.15,2.2,2.05,2.05,7270,EQ,,,
2003-01-06,2.05,2.05,2.05,2.05,15518,EQ,,,
2003-01-07,2.05,2.05,2.05,2.05,9400,EQ,,,
2003-01-08,2.05,2.05,2.05,2.05,6700,EQ,,,
2003-01-09,2.05,2.05,2.05,2.05,5063,EQ,,,
2003-01-10,2.05,2.15,2.05,2.1,18245,EQ,,,
2003-01-13,2.1,2.15,2.05,2.05,23539,EQ,,,
2003-01-14,2.1,2.2,2.1,2.2,23850,EQ,,,
2003-01-15,2.35,2.35,2.2,2.2,17981,EQ,,,
2003-01-16,2.2,2.2,2.2,2.2,28135,EQ,,,
2003-01-17,2.25,2.25,2.2,2.2,23562,EQ,,,
2003-01-20,2.3,2.3,2.2,2.25,36071,EQ,,,
2003-01-21,2.55,2.55,2.3,2.3,48854,EQ,,,
2003-01-22,2.5,2.5,2.3,2.35,69921,EQ,,,
2003-01-23,2.3,2.4,2.25,2.25,40821,EQ,,,
2003-01-24,2.3,2.3,2.2,2.2,31900,EQ,,,
2003-01-27,2.2,2.2,2.05,2.05,21079,EQ,,,
2003-01-28,2.1,2.2,2.05,2.2,18165,EQ,,,
2003-01-29,2.2,2.2,2.2,2.2,26839,EQ,,,
2003-01-30,2.2,2.2,2.1,2.15,5727,EQ,,,
2003-01-31,2.15,2.15,2.05,2.1,16804,EQ,,,
2003-02-03,2.2,2.2,2.1,2.2,4225,EQ,,,
2003-02-04,2.2,2.2,2.2,2.2,33566,EQ,,,
2003-02-05,2.2,2.2,2.15,2.2,8420,EQ,,,
2003-02-06,2.2,2.2,2.15,2.15,12598,EQ,,,
2003-02-07,2.2,2.2,2.2,2.2,8350,EQ,,,
2003-02-10,2.15,2.2,2.1,2.1,9527,EQ,,,
2003-02-11,2.1,2.15,2.1,2.1,3965,EQ,,,
2003-02-12,2.1,2.15,2.1,2.1,3500,EQ,,,
2003-02-14,2.1,2.1,2.1,2.1,4774,EQ,,,
2003-02-17,2.2,2.2,2.15,2.2,9555,EQ,,,
2003-02-18,2.2,2.2,2.2,2.2,21490,EQ,,,
2003-02-19,2.2,2.2,2.2,2.2,29785,EQ,,,
2003-02-20,2.2,2.3,2.2,2.2,35963,EQ,,,
2003-02-21,2.2,2.2,2.2,2.2,11304,EQ,,,
2003-02-24,2.25,2.25,2.2,2.2,10730,EQ,,,
2003-02-25,2.2,2.2,2.2,2.2,10146,EQ,,,
2003-02-26,2.2,2.2,2.2,2.2,8475,EQ,,,
2003-02-27,2.2,2.2,2.2,2.2,10950,EQ,,,
2003-02-28,2.2,2.3,2.2,2.2,74347,EQ,,,
2003-03-03,2.25,2.3,2.25,2.25,24362,EQ,,,
2003-03-04,2.2,2.3,2.2,2.25,28747,EQ,,,
2003-03-05,2.2,2.2,2.2,2.2,14615,EQ,,,
2003-03-06,2.2,2.25,2.2,2.2,11817,EQ,,,
2003-03-07,2.2,2.2,2.2,2.2,14194,EQ,,,
2003-03-10,2.2,2.2,2.2,2.2,6136,EQ,,,
2003-03-11,2.1,2.2,2.1,2.2,4739,EQ,,,
2003-03-12,2.35,2.35,2.2,2.2,8119,EQ,,,
2003-03-13,2.2,2.2,2.2,2.2,10813,EQ,,,
2003-03-17,2.2,2.2,2.1,2.15,18900,EQ,,,
2003-03-19,2.2,2.2,2.2,2.2,19184,EQ,,,
2003-03-20,1.8,2.2,1.8,2.2,14685,EQ,,,
2003-03-21,2.2,2.2,2.2,2.2,15555,EQ,,,
2003-03-22,2.2,2.25,2.2,2.2,5610,EQ,,,
2003-03-24,2.2,2.2,2.2,2.2,6675,EQ,,,
2003-03-25,2.2,2.2,2.2,2.2,6760,EQ,,,
2003-03-26,2.2,2.3,2.2,2.25,41480,EQ,,,
2003-03-27,2.2,2.35,2.2,2.3,62239,EQ,,,
2003-03-28,2.3,2.35,2.2,2.3,25119,EQ,,,
2003-03-31,2.25,2.4,2.25,2.3,10806,EQ,,,
2003-04-01,2.3,2.3,2.3,2.3,15634,EQ,,,
2003-04-02,2.3,2.35,2.3,2.3,10037,EQ,,,
2003-04-03,2.3,2.35,2.3,2.35,14378,EQ,,,
2003-04-04,2.3,2.5,2.3,2.45,47513,EQ,,,
2003-04-07,2.5,2.5,2.45,2.45,88960,EQ,,,
2003-04-08,2.55,2.55,2.35,2.5,32133,EQ,,,
2003-04-09,2.5,2.5,2.5,2.5,22260,EQ,,,
2003-04-10,2.5,2.5,2.45,2.5,36202,EQ,,,
2003-04-11,2.5,2.55,2.45,2.45,14448,EQ,,,
2003-04-15,2.5,2.5,2.45,2.45,11706,EQ,,,
2003-04-16,2.5,2.5,2.45,2.45,10678,EQ,,,
2003-04-17,2.45,2.5,2.45,2.5,11468,EQ,,,
2003-04-21,2.5,2.5,2.5,2.5,7064,EQ,,,
2003-04-22,2.5,2.5,2.45,2.5,13419,EQ,,,
2003-04-23,2.5,2.5,2.45,2.45,16924,EQ,,,
2003-04-24,2.45,2.5,2.45,2.45,8781,EQ,,,
2003-04-25,2.5,2.5,2.45,2.5,4711,EQ,,,
2003-04-28,2.45,2.5,2.45,2.5,8446,EQ,,,
2003-04-29,2.55,2.55,2.45,2.45,18357,EQ,,,
2003-04-30,2.5,2.5,2.45,2.45,16120,EQ,,,
2003-05-02,2.5,2.5,2.45,2.5,16466,EQ,,,
2003-05-05,2.55,2.55,2.5,2.55,30916,EQ,,,
2003-05-06,2.55,2.6,2.55,2.55,17759,EQ,,,
2003-05-07,2.55,2.55,2.5,2.5,13582,EQ,,,
2003-05-08,2.55,2.55,2.5,2.5,8429,EQ,,,
2003-05-09,2.5,2.55,2.5,2.55,21336,EQ,,,
2003-05-12,2.55,2.8,2.55,2.75,52248,EQ,,,
2003-05-13,2.75,2.8,2.7,2.7,63962,EQ,,,
2003-05-14,2.75,2.8,2.65,2.7,21502,EQ,,,
2003-05-15,2.75,2.75,2.7,2.75,19590,EQ,,,
2003-05-16,2.75,2.75,2.6,2.7,27951,EQ,,,
2003-05-19,2.75,2.75,2.6,2.65,22089,EQ,,,
2003-05-20,2.6,2.65,2.55,2.6,19254,EQ,,,
2003-05-21,2.65,2.75,2.65,2.75,29654,EQ,,,
2003-05-22,2.75,2.8,2.65,2.65,40318,EQ,,,
2003-05-23,2.65,2.8,2.65,2.7,30673,EQ,,,
2003-05-26,2.8,2.8,2.75,2.75,48307,EQ,,,
2003-05-27,2.8,2.85,2.8,2.8,74076,EQ,,,
2003-05-28,2.8,2.85,2.8,2.8,79478,EQ,,,
2003-05-29,2.8,3.05,2.8,2.9,186651,EQ,,,
2003-05-30,2.95,3.05,2.9,2.9,86290,EQ,,,
2003-06-02,2.9,2.9,2.8,2.8,83543,EQ,,,
2003-06-03,2.9,2.9,2.8,2.8,85654,EQ,,,
2003-06-04,2.85,2.95,2.85,2.9,107155,EQ,,,
2003-06-05,2.95,2.95,2.8,2.85,122877,EQ,,,
2003-06-06,2.9,2.9,2.85,2.85,95101,EQ,,,
2003-06-09,2.95,3.05,2.8,2.8,29724,EQ,,,
2003-06-10,2.85,2.85,2.75,2.75,43070,EQ,,,
2003-06-11,2.8,2.8,2.75,2.8,29292,EQ,,,
2003-06-12,2.8,2.8,2.8,2.8,23068,EQ,,,
2003-06-13,2.8,2.8,2.8,2.8,14794,EQ,,,
2003-06-16,2.8,2.8,2.75,2.75,19956,EQ,,,
2003-06-17,2.8,2.8,2.75,2.8,25657,EQ,,,
2003-06-18,2.8,2.8,2.8,2.8,20861,EQ,,,
2003-06-19,2.8,2.8,2.75,2.75,28858,EQ,,,
2003-06-20,2.8,2.8,2.75,2.8,27774,EQ,,,
2003-06-23,2.8,2.8,2.8,2.8,12463,EQ,,,
2003-06-24,2.8,2.8,2.8,2.8,20121,EQ,,,
2003-06-25,2.8,2.9,2.8,2.85,29441,EQ,,,
2003-06-26,2.85,2.85,2.8,2.8,19926,EQ,,,
2003-06-27,2.8,2.9,2.8,2.85,11887,EQ,,,
2003-06-30,2.9,2.9,2.8,2.85,25961,EQ,,,
2003-07-01,2.85,2.9,2.8,2.85,34601,EQ,,,
2003-07-02,2.8,2.9,2.8,2.9,21580,EQ,,,
2003-07-03,2.85,2.9,2.8,2.9,54687,EQ,,,
2003-07-04,2.9,2.95,2.9,2.9,58772,EQ,,,
2003-07-07,2.9,3.2,2.9,3.1,122074,EQ,,,
2003-07-08,3.2,3.2,3.0,3.05,79127,EQ,,,
2003-07-09,3.1,3.2,3.05,3.05,31211,EQ,,,
2003-07-10,3.2,3.2,2.95,2.95,19888,EQ,,,
2003-07-11,3.0,3.05,3.0,3.0,22559,EQ,,,
2003-07-14,3.1,3.1,3.05,3.1,43385,EQ,,,
2003-07-15,3.1,3.2,3.05,3.1,81945,EQ,,,
2003-07-16,3.05,3.2,3.05,3.15,91168,EQ,,,
2003-07-17,3.15,3.2,3.15,3.2,64965,EQ,,,
2003-07-18,3.1,3.2,3.1,3.2,52322,EQ,,,
2003-07-21,3.2,3.3,3.2,3.2,106885,EQ,,,
2003-07-22,3.2,3.2,3.05,3.1,92940,EQ,,,
2003-07-23,3.1,3.2,3.05,3.1,66488,EQ,,,
2003-07-24,3.15,3.2,3.1,3.1,31445,EQ,,,
2003-07-25,3.1,3.2,3.1,3.2,53718,EQ,,,
2003-07-28,3.2,3.3,3.2,3.25,133705,EQ,,,
2003-07-29,3.3,3.5,3.25,3.4,176110,EQ,,,
2003-07-30,3.5,3.6,3.45,3.55,173307,EQ,,,
2003-07-31,3.7,3.95,3.65,3.7,209220,EQ,,,
2003-08-01,4.1,4.1,3.75,3.8,184592,EQ,,,
2003-08-04,3.8,3.95,3.8,3.9,107451,EQ,,,
2003-08-05,4.1,4.1,3.7,3.75,103875,EQ,,,
2003-08-06,3.7,3.85,3.7,3.75,81502,EQ,,,
2003-08-07,3.95,3.95,3.8,3.8,68645,EQ,,,
2003-08-08,3.9,3.9,3.8,3.8,55776,EQ,,,
2003-08-11,3.7,3.85,3.7,3.8,63990,EQ,,,
2003-08-12,3.85,3.9,3.75,3.85,83800,EQ,,,
2003-08-13,3.85,3.9,3.8,3.85,59307,EQ,,,
2003-08-14,3.95,3.95,3.85,3.95,105539,EQ,,,
2003-08-18,3.95,3.95,3.95,3.95,96852,EQ,,,
2003-08-19,3.55,3.7,3.45,3.5,86174,EQ,,,
2003-08-20,3.55,3.55,3.35,3.4,58915,EQ,,,
2003-08-21,3.4,3.45,3.35,3.4,53919,EQ,,,
2003-08-22,3.4,3.5,3.35,3.4,41519,EQ,,,
2003-08-25,3.4,3.45,3.1,3.2,83787,EQ,,,
2003-08-26,3.05,3.2,3.05,3.2,62378,EQ,,,
2003-08-27,3.25,3.3,3.2,3.25,54115,EQ,,,
2003-08-28,3.4,3.4,3.2,3.2,73413,EQ,,,
2003-08-29,3.2,3.2,3.2,3.2,41241,EQ,,,
2003-09-01,3.2,3.2,3.1,3.15,34267,EQ,,,
2003-09-02,3.2,3.2,3.1,3.1,32092,EQ,,,
2003-09-03,3.15,3.2,3.1,3.1,28836,EQ,,,
2003-09-04,3.1,3.2,3.05,3.1,27249,EQ,,,
2003-09-05,3.1,3.2,3.05,3.05,28133,EQ,,,
2003-09-08,3.1,3.2,3.05,3.1,27750,EQ,,,
2003-09-09,3.15,3.15,3.1,3.1,40143,EQ,,,
2003-09-10,3.1,3.3,3.05,3.25,60936,EQ,,,
2003-09-11,3.25,3.45,3.25,3.35,104990,EQ,,,
2003-09-12,3.4,3.45,3.3,3.4,110462,EQ,,,
2003-09-15,3.55,3.55,3.3,3.3,137955,EQ,,,
2003-09-16,3.35,3.4,3.25,3.3,52383,EQ,,,
2003-09-17,3.45,3.45,3.3,3.3,37738,EQ,,,
2003-09-18,3.3,3.3,3.2,3.2,37733,EQ,,,
2003-09-19,3.1,3.25,3.1,3.2,26680,EQ,,,
2003-09-22,3.25,3.3,3.2,3.2,17355,EQ,,,
2003-09-23,3.2,3.2,3.2,3.2,12975,EQ,,,
2003-09-24,3.2,3.2,3.2,3.2,20092,EQ,,,
2003-09-25,3.2,3.2,3.2,3.2,16163,EQ,,,
2003-09-26,3.2,3.2,3.2,3.2,18457,EQ,,,
2003-09-29,3.3,3.3,3.2,3.2,25631,EQ,,,
2003-09-30,3.35,3.35,3.2,3.25,52606,EQ,,,
2003-10-01,3.2,3.3,3.2,3.2,32491,EQ,,,
2003-10-03,3.2,3.35,3.2,3.25,19035,EQ,,,
2003-10-06,3.25,3.35,3.25,3.3,20359,EQ,,,
2003-10-07,3.35,3.35,3.2,3.25,27979,EQ,,,
2003-10-08,3.25,3.35,3.2,3.2,29621,EQ,,,
2003-10-09,3.3,3.35,3.25,3.35,28347,EQ,,,
2003-10-10,3.35,3.35,3.25,3.3,22071,EQ,,,
2003-10-13,3.25,3.4,3.2,3.25,30630,EQ,,,
2003-10-14,3.35,3.35,3.25,3.25,36156,EQ,,,
2003-10-15,3.25,3.35,3.25,3.25,22155,EQ,,,
2003-10-16,3.35,3.4,3.25,3.3,33512,EQ,,,
2003-10-17,3.4,3.5,3.3,3.4,47283,EQ,,,
2003-10-20,3.4,3.5,3.35,3.35,50312,EQ,,,
2003-10-21,3.4,3.4,3.2,3.25,37588,EQ,,,
2003-10-22,3.2,3.3,3.2,3.25,20778,EQ,,,
2003-10-23,3.2,3.3,3.2,3.25,9628,EQ,,,
2003-10-24,3.3,3.3,3.2,3.25,8365,EQ,,,
2003-10-25,3.35,3.35,3.2,3.3,5810,EQ,,,
2003-10-27,3.35,3.4,3.25,3.35,19190,EQ,,,
2003-10-28,3.3,3.4,3.3,3.35,19173,EQ,,,
2003-10-29,3.4,3.4,3.3,3.35,30365,EQ,,,
2003-10-30,3.45,3.45,3.25,3.3,57098,EQ,,,
2003-10-31,3.3,3.4,3.3,3.4,30249,EQ,,,
2003-11-03,3.5,3.55,3.25,3.4,48516,EQ,,,
2003-11-04,3.4,3.4,3.3,3.4,34353,EQ,,,
2003-11-05,3.35,3.4,3.35,3.4,16592,EQ,,,
2003-11-06,3.4,3.4,3.35,3.4,20224,EQ,,,
2003-11-07,3.5,3.5,3.35,3.35,20102,EQ,,,
2003-11-10,3.25,3.4,3.25,3.35,9455,EQ,,,
2003-11-11,3.35,3.4,3.3,3.3,36080,EQ,,,
2003-11-12,3.3,3.4,3.3,3.4,29723,EQ,,,
2003-11-13,3.4,3.4,3.35,3.35,24031,EQ,,,
2003-11-14,3.4,3.4,3.35,3.35,24465,EQ,,,
2003-11-15,3.3,3.35,3.3,3.35,4240,EQ,,,
2003-11-17,3.3,3.35,3.3,3.35,15250,EQ,,,
2003-11-18,3.35,3.4,3.35,3.35,25451,EQ,,,
2003-11-19,3.35,3.4,3.3,3.35,20761,EQ,,,
2003-11-20,3.35,3.4,3.3,3.3,16057,EQ,,,
2003-11-21,3.25,3.35,3.2,3.25,21862,EQ,,,
2003-11-24,3.25,3.4,3.25,3.35,11770,EQ,,,
2003-11-25,3.35,3.4,3.3,3.35,14260,EQ,,,
2003-11-27,3.4,3.4,3.35,3.4,12179,EQ,,,
2003-11-28,3.4,3.4,3.35,3.35,18651,EQ,,,
2003-12-01,3.35,3.4,3.35,3.35,24165,EQ,,,
2003-12-02,3.35,3.55,3.35,3.5,82695,EQ,,,
2003-12-03,3.55,3.8,3.55,3.65,116095,EQ,,,
2003-12-04,3.75,4.25,3.7,3.75,101330,EQ,,,
2003-12-05,3.85,3.9,3.55,3.6,103250,EQ,,,
2003-12-08,3.7,3.95,3.65,3.95,133538,EQ,,,
2003-12-09,3.95,4.3,3.95,4.25,145662,EQ,,,
2003-12-10,4.65,4.65,4.25,4.3,175823,EQ,,,
2003-12-11,4.45,4.45,4.1,4.1,93899,EQ,,,
2003-12-12,4.2,4.25,4.05,4.15,70318,EQ,,,
2003-12-15,4.25,4.3,4.2,4.3,81878,EQ,,,
2003-12-16,4.3,4.4,4.25,4.3,104702,EQ,,,
2003-12-17,4.35,4.45,4.3,4.3,79048,EQ,,,
2003-12-18,4.35,4.6,4.3,4.5,134059,EQ,,,
2003-12-19,4.6,4.6,4.45,4.5,73403,EQ,,,
2003-12-22,4.6,4.7,4.5,4.6,88815,EQ,,,
2003-12-23,4.7,4.8,4.6,4.7,73027,EQ,,,
2003-12-24,4.75,5.3,4.7,5.15,288584,EQ,,,
2003-12-26,5.25,6.15,5.2,5.45,274176,EQ,,,
2003-12-29,5.6,5.7,5.45,5.5,195989,EQ,,,
2003-12-30,5.6,5.6,5.05,5.2,149026,EQ,,,
2003-12-31,5.25,5.3,5.0,5.05,95447,EQ,,,
2004-01-01,5.05,5.2,5.05,5.2,52515,EQ,,,
2004-01-02,5.3,5.4,5.2,5.3,87167,EQ,,,
2004-01-05,5.3,5.4,5.1,5.15,55505,EQ,,,
2004-01-06,5.15,5.15,4.85,4.95,65300,EQ,,,
2004-01-07,4.75,4.95,4.65,4.7,66425,EQ,,,
2004-01-08,4.85,4.95,4.8,4.95,41333,EQ,,,
2004-01-09,5.1,5.1,4.9,4.95,69282,EQ,,,
2004-01-12,4.95,4.95,4.7,4.75,55522,EQ,,,
2004-01-13,4.65,4.85,4.65,4.8,49710,EQ,,,
2004-01-14,4.9,4.95,4.85,4.85,48559,EQ,,,
2004-01-15,4.95,5.4,4.95,5.15,180026,EQ,,,
2004-01-16,5.3,5.3,4.7,4.9,133973,EQ,,,
2004-01-19,4.85,4.95,4.65,4.75,52942,EQ,,,
2004-01-20,4.85,4.9,4.7,4.75,33971,EQ,,,
2004-01-21,4.7,4.75,4.3,4.4,38408,EQ,,,
2004-01-22,4.3,4.45,3.95,4.0,81514,EQ,,,
2004-01-23,4.3,4.3,3.8,4.3,55876,EQ,,,
2004-01-27,4.6,4.7,4.5,4.55,49987,EQ,,,
2004-01-28,4.6,4.6,4.3,4.4,37243,EQ,,,
2004-01-29,4.55,4.55,4.4,4.4,27453,EQ,,,
2004-01-30,4.5,4.5,4.3,4.3,31501,EQ,,,
2004-02-03,4.45,4.45,3.95,3.95,52452,EQ,,,
2004-02-04,3.8,4.1,3.8,4.0,41967,EQ,,,
2004-02-05,4.05,4.3,4.0,4.1,35664,EQ,,,
2004-02-06,4.1,4.15,4.0,4.1,20153,EQ,,,
2004-02-09,4.3,4.3,4.15,4.25,23364,EQ,,,
2004-02-10,4.3,4.3,4.15,4.2,21777,EQ,,,
2004-02-11,4.15,4.3,4.1,4.1,18356,EQ,,,
2004-02-12,4.25,4.25,4.1,4.2,18071,EQ,,,
2004-02-13,4.1,4.25,4.1,4.2,21238,EQ,,,
2004-02-16,4.15,4.3,4.15,4.3,29018,EQ,,,
2004-02-17,4.45,4.45,4.3,4.4,55085,EQ,,,
2004-02-18,4.45,4.45,4.4,4.4,33557,EQ,,,
2004-02-19,4.35,4.45,4.3,4.3,46432,EQ,,,
2004-02-20,4.3,4.3,4.2,4.3,25083,EQ,,,
2004-02-23,4.25,4.3,4.15,4.15,20936,EQ,,,
2004-02-24,4.2,4.3,4.1,4.15,16274,EQ,,,
2004-02-25,4.1,4.15,4.05,4.1,15747,EQ,,,
2004-02-26,4.1,4.2,4.0,4.05,12807,EQ,,,
2004-02-27,4.2,4.2,4.0,4.05,24028,EQ,,,
2004-03-01,4.1,4.25,4.1,4.2,15307,EQ,,,
2004-03-03,4.15,4.3,4.15,4.15,14543,EQ,,,
2004-03-04,4.3,4.3,4.05,4.1,9278,EQ,,,
2004-03-05,4.1,4.1,4.0,4.1,14099,EQ,,,
2004-03-08,4.05,4.3,3.95,4.2,26017,EQ,,,
2004-03-09,4.15,4.25,4.15,4.25,24424,EQ,,,
2004-03-10,4.2,4.2,4.1,4.1,12020,EQ,,,
2004-03-11,4.15,4.2,4.1,4.1,11782,EQ,,,
2004-03-12,4.15,4.15,4.05,4.1,24032,EQ,,,
2004-03-15,4.2,4.2,4.05,4.1,28018,EQ,,,
2004-03-16,4.1,4.1,4.0,4.0,14661,EQ,,,
2004-03-17,4.0,4.1,3.9,4.05,46000,EQ,,,
2004-03-18,4.1,4.15,3.95,4.05,58726,EQ,,,
2004-03-19,4.05,4.1,3.95,4.0,13611,EQ,,,
2004-03-22,4.0,4.0,3.95,3.95,14046,EQ,,,
2004-03-23,3.9,3.95,3.75,3.8,24525,EQ,,,
2004-03-24,3.8,3.8,3.7,3.75,19797,EQ,,,
2004-03-25,3.8,3.9,3.8,3.85,12943,EQ,,,
2004-03-26,3.9,4.1,3.9,3.95,33179,EQ,,,
2004-03-29,4.0,4.4,4.0,4.1,30150,EQ,,,
2004-03-30,4.15,4.3,4.15,4.3,25112,EQ,,,
2004-03-31,4.25,4.3,4.2,4.3,41081,EQ,,,
2004-04-01,4.3,4.45,4.3,4.3,44000,EQ,,,
2004-04-02,4.4,4.4,4.3,4.3,29199,EQ,,,
2004-04-05,4.45,4.6,4.45,4.45,52976,EQ,,,
2004-04-06,4.55,4.55,4.3,4.4,30586,EQ,,,
2004-04-07,4.45,4.45,4.3,4.35,20446,EQ,,,
2004-04-08,4.4,4.6,4.3,4.55,56432,EQ,,,
2004-04-12,4.6,4.85,4.55,4.7,86328,EQ,,,
2004-04-13,4.75,4.8,4.65,4.7,69922,EQ,,,
2004-04-15,5.6,5.6,4.75,4.9,67067,EQ,,,
2004-04-16,4.95,5.05,4.9,4.9,87160,EQ,,,
2004-04-17,4.95,4.95,4.85,4.95,27996,EQ,,,
2004-04-19,4.95,5.05,4.85,4.95,115102,EQ,,,
2004-04-20,4.95,4.95,4.75,4.9,40672,EQ,,,
2004-04-21,4.9,5.15,4.8,5.05,94314,EQ,,,
2004-04-22,5.25,5.3,5.0,5.05,55063,EQ,,,
2004-04-23,5.15,5.3,5.05,5.25,78013,EQ,,,
2004-04-27,5.0,5.05,4.75,5.0,114327,EQ,,,
2004-04-28,4.9,4.95,4.7,4.8,49255,EQ,,,
2004-04-29,4.8,4.95,4.75,4.9,18179,EQ,,,
2004-04-30,4.9,5.3,4.85,5.25,122363,EQ,,,
2004-05-03,5.0,5.3,5.0,5.3,145211,EQ,,,
2004-05-04,5.35,5.4,5.05,5.15,50873,EQ,,,
2004-05-05,5.3,5.3,5.05,5.15,33298,EQ,,,
2004-05-06,5.25,5.3,5.15,5.25,67088,EQ,,,
2004-05-07,5.2,5.4,5.15,5.3,105022,EQ,,,
2004-05-10,5.25,5.3,5.15,5.3,59884,EQ,,,
2004-05-11,4.95,5.1,4.85,4.9,44645,EQ,,,
2004-05-12,4.65,5.2,4.6,5.1,93392,EQ,,,
2004-05-13,4.85,5.45,4.7,5.3,166010,EQ,,,
2004-05-14,5.45,5.45,4.4,4.55,92298,EQ,,,
2004-05-17,4.15,4.3,3.6,4.0,61836,EQ,,,
2004-05-18,3.95,4.4,3.95,4.3,44171,EQ,,,
2004-05-19,4.4,4.65,4.35,4.6,49830,EQ,,,
2004-05-20,4.7,4.85,4.6,4.65,25921,EQ,,,
2004-05-21,4.6,4.6,4.45,4.6,35942,EQ,,,
2004-05-24,4.65,4.85,4.65,4.7,43779,EQ,,,
2004-05-25,5.05,5.5,5.05,5.15,170706,EQ,,,
2004-05-26,5.35,5.4,5.25,5.25,113373,EQ,,,
2004-05-27,5.15,5.3,5.05,5.05,70760,EQ,,,
2004-05-28,5.05,5.05,4.9,4.9,61203,EQ,,,
2004-05-31,4.9,4.9,4.7,4.7,47382,EQ,,,
2004-06-01,4.9,4.9,4.75,4.75,29682,EQ,,,
2004-06-02,4.85,4.9,4.8,4.9,23914,EQ,,,
2004-06-03,4.95,4.95,4.75,4.8,30243,EQ,,,
2004-06-04,4.7,4.85,4.7,4.75,19434,EQ,,,
2004-06-07,4.8,4.85,4.7,4.75,16535,EQ,,,
2004-06-08,4.75,4.9,4.7,4.85,18826,EQ,,,
2004-06-09,4.9,4.95,4.9,4.9,26979,EQ,,,
2004-06-10,4.9,4.95,4.9,4.9,29772,EQ,,,
2004-06-11,4.9,4.95,4.85,4.9,19370,EQ,,,
2004-06-14,4.9,4.9,4.7,4.7,26459,EQ,,,
2004-06-15,4.8,4.85,4.75,4.75,28090,EQ,,,
2004-06-16,4.9,4.9,4.7,4.75,13829,EQ,,,
2004-06-17,4.7,4.75,4.7,4.75,16682,EQ,,,
2004-06-18,4.7,4.8,4.7,4.75,28045,EQ,,,
2004-06-21,4.75,4.75,4.7,4.7,29845,EQ,,,
2004-06-22,4.7,4.7,4.6,4.65,18901,EQ,,,
2004-06-23,4.65,4.7,4.6,4.6,30974,EQ,,,
2004-06-24,4.6,4.6,4.55,4.6,20230,EQ,,,
2004-06-25,4.6,4.7,4.6,4.7,33113,EQ,,,
2004-06-28,4.7,4.75,4.7,4.75,24232,EQ,,,
2004-06-29,4.75,4.9,4.75,4.9,45411,EQ,,,
2004-06-30,4.9,4.95,4.85,4.9,35311,EQ,,,
2004-07-01,4.9,4.9,4.9,4.9,16745,EQ,,,
2004-07-02,4.9,4.95,4.85,4.95,33318,EQ,,,
2004-07-05,4.7,4.9,4.6,4.85,83553,EQ,,,
2004-07-06,4.85,4.95,4.85,4.85,55686,EQ,,,
2004-07-07,4.9,4.9,4.9,4.9,43132,EQ,,,
2004-07-08,4.9,4.9,4.75,4.85,42373,EQ,,,
2004-07-09,4.7,4.95,4.7,4.95,41659,EQ,,,
2004-07-12,4.95,4.95,4.9,4.95,33129,EQ,,,
2004-07-13,5.0,5.05,4.95,5.0,73812,EQ,,,
2004-07-14,5.05,5.1,5.0,5.05,78730,EQ,,,
2004-07-15,5.05,5.05,4.95,5.05,143882,EQ,,,
2004-07-16,4.65,4.65,4.45,4.5,66329,EQ,,,
2004-07-19,4.5,4.6,4.45,4.5,43531,EQ,,,
2004-07-20,4.45,4.5,4.3,4.3,42035,EQ,,,
2004-07-21,4.3,4.3,4.25,4.3,21114,EQ,,,
2004-07-22,4.3,4.3,4.15,4.3,33622,EQ,,,
2004-07-23,4.3,4.3,4.3,4.3,16860,EQ,,,
2004-07-26,4.0,4.2,4.0,4.05,57668,EQ,,,
2004-07-27,4.1,4.1,4.0,4.05,23596,EQ,,,
2004-07-28,4.1,4.15,4.0,4.05,15660,EQ,,,
2004-07-29,4.1,4.3,4.05,4.1,18020,EQ,,,
2004-07-30,4.1,4.1,4.0,4.0,14854,EQ,,,
2004-08-02,4.25,4.6,3.85,3.95,32421,EQ,,,
2004-08-03,3.85,3.95,3.85,3.95,25466,EQ,,,
2004-08-04,4.0,4.0,3.9,3.9,20161,EQ,,,
2004-08-05,3.9,3.95,3.85,3.95,29499,EQ,,,
2004-08-06,3.95,3.95,3.95,3.95,20058,EQ,,,
2004-08-09,3.9,3.95,3.85,3.9,15665,EQ,,,
2004-08-10,3.9,3.9,3.8,3.8,31793,EQ,,,
2004-08-11,3.8,3.9,3.75,3.75,26240,EQ,,,
2004-08-12,3.7,3.75,3.65,3.65,26974,EQ,,,
2004-08-13,3.65,3.7,3.55,3.6,31858,EQ,,,
2004-08-16,3.6,3.6,3.55,3.55,15137,EQ,,,
2004-08-17,3.6,3.65,3.55,3.65,19250,EQ,,,
2004-08-18,3.65,3.75,3.65,3.65,18523,EQ,,,
2004-08-19,3.7,3.7,3.65,3.7,20945,EQ,,,
2004-08-20,3.55,3.65,3.55,3.55,11391,EQ,,,
2004-08-23,3.55,3.55,3.4,3.45,22864,EQ,,,
2004-08-24,3.4,3.5,3.35,3.5,20803,EQ,,,
2004-08-25,3.45,3.5,3.35,3.4,32892,EQ,,,
2004-08-26,3.45,3.55,3.4,3.5,24449,EQ,,,
2004-08-27,3.55,3.6,3.5,3.55,24278,EQ,,,
2004-08-30,3.55,3.7,3.55,3.65,27970,EQ,,,
2004-08-31,3.75,3.75,3.6,3.65,26548,EQ,,,
2004-09-01,3.7,3.7,3.6,3.65,16126,EQ,,,
2004-09-02,3.65,3.75,3.6,3.7,33554,EQ,,,
2004-09-03,3.7,3.8,3.7,3.8,21125,EQ,,,
2004-09-06,3.8,3.8,3.75,3.8,32093,EQ,,,
2004-09-07,3.8,3.8,3.7,3.8,14208,EQ,,,
2004-09-08,3.8,3.8,3.7,3.8,25343,EQ,,,
2004-09-09,3.85,3.9,3.7,3.9,41797,EQ,,,
2004-09-10,3.8,3.9,3.8,3.9,34045,EQ,,,
2004-09-13,3.8,3.85,3.7,3.75,17537,EQ,,,
2004-09-14,3.7,3.75,3.55,3.7,20906,EQ,,,
2004-09-15,3.7,3.8,3.7,3.7,29098,EQ,,,
2004-09-16,3.7,3.75,3.7,3.7,15268,EQ,,,
2004-09-17,3.75,3.95,3.75,3.9,71021,EQ,,,
2004-09-20,3.95,4.0,3.9,3.9,25851,EQ,,,
2004-09-21,3.95,3.95,3.85,3.9,9055,EQ,,,
2004-09-22,3.9,3.95,3.9,3.95,25404,EQ,,,
2004-09-23,3.95,4.0,3.95,3.95,38624,EQ,,,
2004-09-24,3.95,4.0,3.95,3.95,36099,EQ,,,
2004-09-27,4.0,4.3,4.0,4.1,123201,EQ,,,
2004-09-28,4.15,4.2,3.95,4.0,51464,EQ,,,
2004-09-29,4.0,4.05,3.95,4.0,21964,EQ,,,
2004-09-30,4.05,4.1,4.0,4.1,37056,EQ,,,
2004-10-01,4.1,4.15,4.1,4.1,38842,EQ,,,
2004-10-04,4.15,4.25,4.0,4.1,39989,EQ,,,
2004-10-05,4.15,4.25,4.1,4.1,52292,EQ,,,
2004-10-06,4.15,4.25,4.0,4.0,54719,EQ,,,
2004-10-07,4.0,4.05,3.95,4.0,31960,EQ,,,
2004-10-08,4.0,4.05,4.0,4.05,20930,EQ,,,
2004-10-09,4.1,4.1,4.05,4.1,7660,EQ,,,
2004-10-11,4.1,4.15,4.0,4.0,34969,EQ,,,
2004-10-12,4.0,4.0,4.0,4.0,29820,EQ,,,
2004-10-14,3.95,4.0,3.95,4.0,9116,EQ,,,
2004-10-15,4.0,4.05,3.95,3.95,18164,EQ,,,
2004-10-18,4.0,4.0,3.95,3.95,9125,EQ,,,
2004-10-19,3.95,4.0,3.95,3.95,15560,EQ,,,
2004-10-20,4.0,4.0,3.95,3.95,8176,EQ,,,
2004-10-21,3.95,4.0,3.95,3.95,9989,EQ,,,
2004-10-25,3.95,3.95,3.85,3.85,16486,EQ,,,
2004-10-26,3.95,3.95,3.9,3.95,9443,EQ,,,
2004-10-27,3.95,3.95,3.85,3.95,28632,EQ,,,
2004-10-28,3.9,3.95,3.85,3.9,10802,EQ,,,
2004-10-29,3.9,4.0,3.9,3.95,40996,EQ,,,
2004-11-01,4.0,4.0,3.95,4.0,21632,EQ,,,
2004-11-02,3.95,4.1,3.95,4.05,30525,EQ,,,
2004-11-03,4.1,4.1,4.05,4.05,23026,EQ,,,
2004-11-04,3.95,4.1,3.95,4.1,22629,EQ,,,
2004-11-05,4.0,4.05,3.95,3.95,74119,EQ,,,
2004-11-08,3.95,4.05,3.95,4.0,19569,EQ,,,
2004-11-09,4.0,4.0,3.95,3.95,15887,EQ,,,
2004-11-10,4.0,4.45,3.95,4.3,179269,EQ,,,
2004-11-11,4.5,4.6,4.25,4.3,222479,EQ,,,
2004-11-12,4.3,4.4,4.3,4.3,28273,EQ,,,
2004-11-16,4.35,4.5,4.3,4.3,49294,EQ,,,
2004-11-17,4.3,4.4,4.3,4.3,62020,EQ,,,
2004-11-18,4.35,4.6,4.35,4.5,113994,EQ,,,
2004-11-19,4.55,4.6,4.3,4.35,82366,EQ,,,
2004-11-22,4.45,4.45,4.35,4.4,25065,EQ,,,
2004-11-23,4.5,4.55,4.4,4.45,26902,EQ,,,
2004-11-24,4.5,4.5,4.4,4.4,31887,EQ,,,
2004-11-25,4.4,4.45,4.35,4.4,27143,EQ,,,
2004-11-29,4.3,4.55,4.3,4.45,39468,EQ,,,
2004-11-30,4.45,4.5,4.35,4.4,25447,EQ,,,
2004-12-01,4.4,4.45,4.3,4.4,33693,EQ,,,
2004-12-02,4.3,4.65,4.3,4.45,197357,EQ,,,
2004-12-03,4.45,4.55,4.45,4.45,46440,EQ,,,
2004-12-06,4.6,4.95,4.6,4.7,171111,EQ,,,
2004-12-07,4.7,4.75,4.65,4.65,66306,EQ,,,
2004-12-08,4.75,4.75,4.7,4.7,60396,EQ,,,
2004-12-09,4.65,4.75,4.65,4.7,53184,EQ,,,
2004-12-10,4.75,4.75,4.6,4.7,47035,EQ,,,
2004-12-13,4.65,4.7,4.6,4.7,36107,EQ,,,
2004-12-14,4.7,4.75,4.7,4.7,56659,EQ,,,
2004-12-15,4.75,4.75,4.7,4.7,64471,EQ,,,
2004-12-16,4.7,5.0,4.65,4.95,215051,EQ,,,
2004-12-17,5.05,5.85,5.0,5.75,1184171,EQ,,,
2004-12-20,5.8,6.7,5.8,6.05,1511468,EQ,,,
2004-12-21,6.15,6.2,5.7,5.85,715471,EQ,,,
2004-12-22,5.8,5.9,5.6,5.7,322334,EQ,,,
2004-12-23,5.8,6.1,5.7,5.95,474112,EQ,,,
2004-12-24,6.0,6.1,5.8,5.8,243017,EQ,,,
2004-12-27,5.8,6.0,5.8,5.85,120244,EQ,,,
2004-12-28,5.95,5.95,5.7,5.7,89244,EQ,,,
2004-12-29,5.75,5.8,5.55,5.6,109784,EQ,,,
2004-12-30,5.7,6.15,5.7,5.85,575579,EQ,,,
2004-12-31,5.95,6.05,5.8,5.95,284344,EQ,,,
2005-01-03,5.95,6.1,5.95,5.95,157708,EQ,,,
2005-01-04,5.95,6.0,5.8,5.85,93987,EQ,,,
2005-01-05,5.9,5.9,5.3,5.5,149905,EQ,,,
2005-01-06,5.55,5.8,5.2,5.5,200283,EQ,,,
2005-01-07,5.6,5.8,5.5,5.6,114661,EQ,,,
2005-01-10,5.7,5.85,5.7,5.8,100748,EQ,,,
2005-01-11,5.75,5.8,5.45,5.5,93034,EQ,,,
2005-01-12,5.6,5.6,5.25,5.25,81082,EQ,,,
2005-01-13,5.25,5.8,5.25,5.8,351035,EQ,,,
2005-01-14,5.85,5.95,5.5,5.6,461783,EQ,,,
2005-01-17,5.8,5.9,5.6,5.8,240480,EQ,,,
2005-01-18,5.8,5.8,5.6,5.6,91955,EQ,,,
2005-01-19,5.6,5.65,5.5,5.5,76702,EQ,,,
2005-01-20,5.5,5.5,5.4,5.45,95805,EQ,,,
2005-01-24,5.55,5.55,5.25,5.3,54636,EQ,,,
2005-01-25,5.2,5.3,5.2,5.3,56570,EQ,,,
2005-01-27,5.35,5.4,5.3,5.3,34600,EQ,,,
2005-01-28,5.3,5.5,5.3,5.45,58756,EQ,,,
2005-01-31,5.6,5.6,5.4,5.4,68723,EQ,,,
2005-02-01,5.4,5.45,5.3,5.3,79268,EQ,,,
2005-02-02,5.5,5.5,5.3,5.3,40098,EQ,,,
2005-02-03,5.4,5.6,5.3,5.5,92478,EQ,,,
2005-02-04,5.6,5.6,5.45,5.6,92957,EQ,,,
2005-02-07,5.6,5.6,5.5,5.6,86393,EQ,,,
2005-02-08,5.3,5.6,5.3,5.5,55311,EQ,,,
2005-02-09,5.3,5.6,5.3,5.5,48164,EQ,,,
2005-02-10,5.45,5.6,5.35,5.4,40533,EQ,,,
2005-02-11,5.45,5.95,5.45,5.8,314637,EQ,,,
2005-02-14,5.8,5.85,5.6,5.6,81462,EQ,,,
2005-02-15,5.6,5.6,5.5,5.55,40095,EQ,,,
2005-02-16,5.5,5.65,5.5,5.5,57485,EQ,,,
2005-02-17,5.5,5.5,5.45,5.45,18377,EQ,,,
2005-02-18,5.45,5.5,5.45,5.45,21313,EQ,,,
2005-02-21,5.45,5.5,5.4,5.45,22588,EQ,,,
2005-02-22,5.45,5.55,5.45,5.5,64880,EQ,,,
2005-02-23,5.5,5.65,5.45,5.5,78567,EQ,,,
2005-02-24,5.45,5.55,5.45,5.5,26669,EQ,,,
2005-02-25,5.5,5.5,5.35,5.4,30770,EQ,,,
2005-02-28,5.45,5.55,5.35,5.45,48051,EQ,,,
2005-03-01,5.5,5.8,5.5,5.5,102290,EQ,,,
2005-03-02,5.6,5.6,5.5,5.5,44454,EQ,,,
2005-03-03,5.6,5.6,5.55,5.6,58853,EQ,,,
2005-03-04,5.6,5.6,5.45,5.5,36964,EQ,,,
2005-03-07,5.55,5.7,5.5,5.6,87384,EQ,,,
2005-03-08,5.6,5.95,5.6,5.8,250537,EQ,,,
2005-03-09,5.8,5.85,5.55,5.6,97967,EQ,,,
2005-03-10,5.6,5.7,5.5,5.6,41053,EQ,,,
2005-03-11,5.65,5.8,5.6,5.6,42789,EQ,,,
2005-03-14,5.45,5.6,5.45,5.5,38933,EQ,,,
2005-03-15,5.5,5.55,5.45,5.45,25413,EQ,,,
2005-03-16,5.45,5.55,5.45,5.45,30560,EQ,,,
2005-03-17,5.5,5.55,5.35,5.4,34410,EQ,,,
2005-03-18,5.5,5.6,5.4,5.5,53721,EQ,,,
2005-03-21,5.55,5.6,5.45,5.5,31261,EQ,,,
2005-03-22,5.5,5.5,5.3,5.3,45412,EQ,,,
2005-03-23,5.45,5.45,5.25,5.3,32244,EQ,,,
2005-03-24,5.2,5.3,5.1,5.15,33709,EQ,,,
2005-03-28,5.2,5.3,5.1,5.2,38298,EQ,,,
2005-03-29,5.1,5.3,5.0,5.05,42908,EQ,,,
2005-03-30,5.05,5.15,5.05,5.1,27714,EQ,,,
2005-03-31,5.1,5.3,5.1,5.2,36242,EQ,,,
2005-04-01,5.4,5.4,5.2,5.35,32351,EQ,,,
2005-04-04,5.5,5.5,5.3,5.35,22836,EQ,,,
2005-04-05,5.3,5.35,5.2,5.2,31037,EQ,,,
2005-04-06,5.25,5.3,5.2,5.2,13680,EQ,,,
2005-04-07,5.3,5.3,5.25,5.3,12421,EQ,,,
2005-04-08,5.3,5.3,5.2,5.2,25641,EQ,,,
2005-04-11,5.15,5.2,5.05,5.15,16591,EQ,,,
2005-04-12,5.1,5.3,5.1,5.25,13842,EQ,,,
2005-04-13,5.2,5.3,5.2,5.3,13792,EQ,,,
2005-04-15,5.15,5.25,5.05,5.15,19752,EQ,,,
2005-04-18,5.05,5.15,5.0,5.1,22757,EQ,,,
2005-04-19,5.2,5.2,5.0,5.05,21053,EQ,,,
2005-04-20,5.2,5.2,5.0,5.05,19150,EQ,,,
2005-04-21,5.0,5.2,5.0,5.2,20036,EQ,,,
2005-04-22,5.2,5.3,5.2,5.25,14430,EQ,,,
2005-04-25,5.3,5.3,5.2,5.3,17641,EQ,,,
2005-04-26,5.25,5.3,5.25,5.3,9435,EQ,,,
2005-04-27,5.4,5.4,5.2,5.25,8412,EQ,,,
2005-04-28,5.25,5.4,5.2,5.25,19631,EQ,,,
2005-04-29,5.2,5.3,5.15,5.2,18824,EQ,,,
2005-05-02,5.2,5.25,5.0,5.05,29592,EQ,,,
2005-05-03,5.0,5.1,5.0,5.05,15479,EQ,,,
2005-05-04,5.4,5.4,5.05,5.2,24875,EQ,,,
2005-05-05,5.4,5.8,5.4,5.55,442054,EQ,,,
2005-05-06,5.6,5.6,5.3,5.4,72656,EQ,,,
2005-05-09,5.4,5.45,5.35,5.4,45847,EQ,,,
2005-05-10,5.5,5.6,5.45,5.45,69128,EQ,,,
2005-05-11,5.45,5.6,5.35,5.5,37460,EQ,,,
2005-05-12,5.5,5.6,5.5,5.6,71372,EQ,,,
2005-05-13,5.5,5.6,5.45,5.5,37623,EQ,,,
2005-05-16,5.6,5.6,5.55,5.6,20098,EQ,,,
2005-05-17,5.5,5.6,5.5,5.6,38403,EQ,,,
2005-05-18,5.5,5.65,5.5,5.6,50035,EQ,,,
2005-05-19,5.65,5.7,5.6,5.7,49521,EQ,,,
2005-05-20,5.7,6.1,5.6,5.95,219478,EQ,,,
2005-05-23,6.0,6.5,5.95,6.15,183503,EQ,,,
2005-05-24,6.2,6.2,5.85,6.0,103261,EQ,,,
2005-05-25,6.1,6.25,6.0,6.1,159935,EQ,,,
2005-05-26,6.25,6.25,6.05,6.15,65535,EQ,,,
2005-05-27,6.15,6.2,5.95,5.95,74349,EQ,,,
2005-05-30,5.95,6.1,5.8,5.85,35990,EQ,,,
2005-05-31,5.8,5.95,5.8,5.9,38422,EQ,,,
2005-06-01,5.9,6.0,5.8,5.9,36212,EQ,,,
2005-06-02,5.95,6.15,5.8,5.8,92241,EQ,,,
2005-06-03,5.75,5.9,5.7,5.75,84353,EQ,,,
2005-06-04,5.8,5.9,5.6,5.65,42243,EQ,,,
2005-06-06,5.75,5.8,5.65,5.7,35703,EQ,,,
2005-06-07,5.7,5.8,5.7,5.8,38800,EQ,,,
2005-06-08,5.8,5.85,5.8,5.8,33559,EQ,,,
2005-06-09,5.8,5.95,5.7,5.75,29623,EQ,,,
2005-06-10,5.75,5.8,5.65,5.7,32562,EQ,,,
2005-06-13,5.8,5.8,5.6,5.6,26616,EQ,,,
2005-06-14,5.65,5.85,5.6,5.8,48154,EQ,,,
2005-06-15,5.8,5.95,5.8,5.8,42322,EQ,,,
2005-06-16,5.8,5.85,5.65,5.65,29215,EQ,,,
2005-06-17,5.7,5.7,5.6,5.6,20782,EQ,,,
2005-06-20,5.65,5.8,5.45,5.5,45305,EQ,,,
2005-06-21,5.5,5.65,5.4,5.5,50781,EQ,,,
2005-06-22,5.55,5.55,5.3,5.45,40825,EQ,,,
2005-06-23,5.45,5.8,5.45,5.6,53180,EQ,,,
2005-06-24,5.6,5.65,5.6,5.6,24337,EQ,,,
2005-06-27,5.65,5.65,5.5,5.6,15335,EQ,,,
2005-06-28,5.5,5.6,5.45,5.5,25547,EQ,,,
2005-06-29,5.5,5.55,5.4,5.5,14874,EQ,,,
2005-06-30,5.5,5.5,5.45,5.5,11870,EQ,,,
2005-07-01,5.6,5.8,5.5,5.6,43633,EQ,,,
2005-07-04,5.65,5.65,5.6,5.6,26124,EQ,,,
2005-07-05,5.8,5.8,5.6,5.75,36511,EQ,,,
2005-07-06,5.7,6.0,5.65,5.95,256536,EQ,,,
2005-07-07,5.95,6.0,5.8,5.8,198966,EQ,,,
2005-07-08,5.8,5.95,5.8,5.95,149729,EQ,,,
2005-07-11,5.95,6.1,5.95,5.95,79420,EQ,,,
2005-07-12,5.95,6.0,5.9,5.95,54249,EQ,,,
2005-07-13,5.95,6.1,5.95,5.95,102771,EQ,,,
2005-07-14,5.95,6.1,5.95,6.0,69501,EQ,,,
2005-07-15,5.95,6.15,5.95,6.1,83006,EQ,,,
2005-07-18,6.2,6.2,6.1,6.15,175038,EQ,,,
2005-07-19,6.0,6.0,5.8,5.95,93251,EQ,,,
2005-07-20,5.95,5.95,5.8,5.8,61385,EQ,,,
2005-07-21,5.8,5.85,5.6,5.65,50867,EQ,,,
2005-07-22,5.75,5.75,5.6,5.65,39543,EQ,,,
2005-07-25,5.8,5.8,5.6,5.7,31693,EQ,,,
2005-07-26,5.65,5.75,5.6,5.6,29899,EQ,,,
2005-07-27,5.7,5.7,5.6,5.6,13397,EQ,,,
2005-07-29,5.75,5.8,5.6,5.65,55662,EQ,,,
2005-08-01,5.7,5.7,5.5,5.5,55570,EQ,,,
2005-08-02,5.6,5.6,5.5,5.6,49016,EQ,,,
2005-08-03,5.6,5.65,5.5,5.55,26356,EQ,,,
2005-08-04,5.55,5.6,5.5,5.6,26907,EQ,,,
2005-08-05,5.6,5.65,5.6,5.6,25323,EQ,,,
2005-08-08,5.65,5.7,5.6,5.6,35771,EQ,,,
2005-08-09,5.6,5.75,5.55,5.6,41585,EQ,,,
2005-08-10,5.6,5.9,5.6,5.8,93194,EQ,,,
2005-08-11,5.85,5.95,5.8,5.85,112933,EQ,,,
2005-08-12,5.95,5.95,5.8,5.85,39412,EQ,,,
2005-08-16,5.95,5.95,5.8,5.8,12202,EQ,,,
2005-08-17,5.8,5.95,5.8,5.8,32662,EQ,,,
2005-08-18,5.8,5.9,5.75,5.8,28144,EQ,,,
2005-08-19,5.8,6.1,5.8,5.95,79722,EQ,,,
2005-08-22,5.95,6.05,5.9,5.9,96447,EQ,,,
2005-08-23,5.9,6.0,5.65,5.7,68639,EQ,,,
2005-08-24,5.8,5.8,5.5,5.6,53644,EQ,,,
2005-08-25,5.6,5.8,5.6,5.7,56852,EQ,,,
2005-08-26,5.7,5.8,5.6,5.7,23485,EQ,,,
2005-08-29,5.8,5.8,5.6,5.7,41104,EQ,,,
2005-08-30,5.7,5.85,5.7,5.8,32445,EQ,,,
2005-08-31,5.65,5.85,5.65,5.8,41155,EQ,,,
2005-09-01,5.9,6.1,5.8,5.95,182521,EQ,,,
2005-09-02,6.1,6.3,5.95,6.15,489431,EQ,,,
2005-09-05,6.2,6.6,6.2,6.4,365122,EQ,,,
2005-09-06,6.5,6.55,6.2,6.35,105518,EQ,,,
2005-09-08,6.4,6.4,6.3,6.3,80321,EQ,,,
2005-09-09,6.3,6.35,6.2,6.2,64140,EQ,,,
2005-09-12,6.25,6.55,6.2,6.45,197887,EQ,,,
2005-09-13,6.45,6.7,6.45,6.6,203099,EQ,,,
2005-09-14,6.7,7.1,6.65,6.8,528276,EQ,,,
2005-09-15,6.95,7.0,6.9,6.95,157886,EQ,,,
2005-09-16,6.9,7.0,6.7,6.75,168066,EQ,,,
2005-09-19,6.8,7.0,6.8,6.9,121858,EQ,,,
2005-09-20,6.9,7.0,6.6,6.65,86177,EQ,,,
2005-09-21,6.55,6.65,6.2,6.5,111579,EQ,,,
2005-09-22,6.2,6.45,5.95,5.95,123786,EQ,,,
2005-09-23,5.45,6.2,5.3,6.15,108484,EQ,,,
2005-09-26,6.2,6.75,6.2,6.65,112815,EQ,,,
2005-09-27,6.7,6.7,6.45,6.5,58354,EQ,,,
2005-09-28,6.65,6.65,6.4,6.45,38342,EQ,,,
2005-09-29,6.55,6.7,6.4,6.45,94019,EQ,,,
2005-09-30,6.5,6.5,6.2,6.3,66462,EQ,,,
2005-10-03,6.45,6.55,6.35,6.5,59965,EQ,,,
2005-10-04,6.5,6.65,6.5,6.65,87743,EQ,,,
2005-10-05,6.65,6.8,6.4,6.55,59287,EQ,,,
2005-10-06,6.4,6.55,6.35,6.45,54745,EQ,,,
2005-10-07,6.5,6.65,6.3,6.4,75047,EQ,,,
2005-10-10,6.6,6.6,6.35,6.4,39104,EQ,,,
2005-10-11,6.4,6.45,6.2,6.3,40757,EQ,,,
2005-10-13,6.35,6.5,6.25,6.3,26593,EQ,,,
2005-10-14,6.2,6.3,6.05,6.2,69074,EQ,,,
2005-10-17,6.2,6.2,6.1,6.15,46194,EQ,,,
2005-10-18,6.15,6.2,6.0,6.05,21660,EQ,,,
2005-10-19,6.05,6.05,5.8,5.95,56878,EQ,,,
2005-10-20,6.1,6.1,5.65,5.7,44598,EQ,,,
2005-10-21,5.8,5.8,5.6,5.8,33250,EQ,,,
2005-10-24,5.95,5.95,5.7,5.75,16245,EQ,,,
2005-10-25,5.7,5.85,5.7,5.8,28123,EQ,,,
2005-10-26,5.8,5.8,5.6,5.6,79183,EQ,,,
2005-10-27,5.7,5.7,5.5,5.6,13466,EQ,,,
2005-10-28,5.65,5.65,5.45,5.5,26360,EQ,,,
2005-10-31,5.5,5.7,5.5,5.6,22139,EQ,,,
2005-11-01,5.65,5.8,5.65,5.8,9204,EQ,,,
2005-11-02,5.65,5.75,5.6,5.7,15199,EQ,,,
2005-11-07,5.85,5.95,5.8,5.8,42732,EQ,,,
2005-11-08,5.8,6.1,5.8,5.95,67263,EQ,,,
2005-11-09,6.2,6.2,5.95,5.95,55188,EQ,,,
2005-11-10,6.1,6.1,5.9,5.95,34539,EQ,,,
2005-11-11,5.95,6.1,5.95,5.95,44083,EQ,,,
2005-11-14,6.1,6.1,5.9,5.95,51282,EQ,,,
2005-11-16,5.95,6.0,5.8,5.95,37889,EQ,,,
2005-11-17,5.95,6.0,5.85,5.9,41727,EQ,,,
2005-11-18,5.9,5.95,5.8,5.85,29312,EQ,,,
2005-11-21,5.95,5.95,5.85,5.9,38115,EQ,,,
2005-11-22,5.9,5.9,5.8,5.8,18365,EQ,,,
2005-11-23,5.8,5.95,5.8,5.85,15726,EQ,,,
2005-11-24,5.95,5.95,5.8,5.8,23830,EQ,,,
2005-11-25,5.8,5.9,5.8,5.85,18530,EQ,,,
2005-11-26,5.9,5.95,5.8,5.85,10489,EQ,,,
2005-11-28,5.85,5.95,5.8,5.9,52940,EQ,,,
2005-11-29,5.85,5.9,5.8,5.8,12155,EQ,,,
2005-11-30,5.9,5.95,5.8,5.85,43183,EQ,,,
2005-12-01,5.9,5.95,5.8,5.9,20209,EQ,,,
2005-12-02,5.9,5.95,5.8,5.8,26708,EQ,,,
2005-12-05,5.95,5.95,5.8,5.8,30645,EQ,,,
2005-12-06,5.85,5.85,5.8,5.8,11327,EQ,,,
2005-12-07,5.8,5.9,5.8,5.8,29783,EQ,,,
2005-12-08,5.9,5.9,5.7,5.8,31311,EQ,,,
2005-12-09,5.9,5.9,5.8,5.8,14623,EQ,,,
2005-12-12,6.1,6.1,5.8,5.8,37541,EQ,,,
2005-12-13,5.9,5.9,5.8,5.85,15947,EQ,,,
2005-12-14,5.95,5.95,5.8,5.85,46589,EQ,,,
2005-12-15,5.9,5.9,5.8,5.8,33678,EQ,,,
2005-12-16,5.8,5.85,5.8,5.8,23784,EQ,,,
2005-12-19,5.9,5.9,5.8,5.8,13967,EQ,,,
2005-12-20,5.8,5.8,5.8,5.8,45355,EQ,,,
2005-12-21,5.8,5.9,5.8,5.8,26171,EQ,,,
2005-12-22,5.8,5.85,5.8,5.8,9722,EQ,,,
2005-12-23,5.8,5.85,5.75,5.8,11659,EQ,,,
2005-12-26,5.75,5.8,5.6,5.6,29718,EQ,,,
2005-12-27,5.6,5.8,5.6,5.75,24769,EQ,,,
2005-12-28,5.65,5.8,5.6,5.75,14979,EQ,,,
2005-12-29,5.7,5.75,5.65,5.7,18703,EQ,,,
2005-12-30,5.8,5.8,5.7,5.75,27937,EQ,,,
2006-01-02,5.9,5.95,5.8,5.8,14782,EQ,,,
2006-01-03,5.8,6.0,5.8,5.95,100272,EQ,,,
2006-01-04,5.95,6.1,5.95,6.0,53526,EQ,,,
2006-01-05,6.2,6.9,6.2,6.5,659002,EQ,,,
2006-01-06,6.65,7.65,6.55,7.25,2404504,EQ,,,
2006-01-09,7.25,7.45,6.75,6.9,660528,EQ,,,
2006-01-10,6.9,7.25,6.75,7.0,419568,EQ,,,
2006-01-12,7.0,7.1,6.9,7.0,156973,EQ,,,
2006-01-13,7.0,7.1,6.8,6.9,106290,EQ,,,
2006-01-16,6.8,6.95,6.65,6.7,119747,EQ,,,
2006-01-17,6.7,6.8,6.5,6.5,66539,EQ,,,
2006-01-18,6.5,6.6,6.4,6.5,54334,EQ,,,
2006-01-19,6.5,6.7,6.5,6.65,58785,EQ,,,
2006-01-20,6.65,6.75,6.3,6.7,61356,EQ,,,
2006-01-23,6.65,6.7,6.4,6.65,70209,EQ,,,
2006-01-24,6.7,7.1,6.65,6.8,137421,EQ,,,
2006-01-25,6.9,7.0,6.7,6.75,80091,EQ,,,
2006-01-27,6.9,6.9,6.7,6.75,53297,EQ,,,
2006-01-30,6.8,7.0,6.7,6.7,56313,EQ,,,
2006-01-31,6.75,6.8,6.7,6.7,40126,EQ,,,
2006-02-01,6.8,7.4,6.7,6.8,290268,EQ,,,
2006-02-02,6.85,7.0,6.55,6.75,220353,EQ,,,
2006-02-03,6.8,7.2,6.8,7.1,367533,EQ,,,
2006-02-06,7.3,7.4,7.1,7.15,268874,EQ,,,
2006-02-07,7.25,7.25,6.85,6.95,156146,EQ,,,
2006-02-08,6.8,7.2,6.75,7.0,120047,EQ,,,
2006-02-10,7.1,7.3,7.0,7.15,170605,EQ,,,
2006-02-13,7.15,7.4,7.05,7.25,172446,EQ,,,
2006-02-14,7.35,7.4,7.05,7.05,94553,EQ,,,
2006-02-15,7.3,7.3,7.1,7.1,81688,EQ,,,
2006-02-16,7.2,7.3,7.05,7.1,101679,EQ,,,
2006-02-17,7.2,7.2,7.05,7.05,70897,EQ,,,
2006-02-20,7.1,7.1,7.0,7.05,60275,EQ,,,
2006-02-21,7.1,7.1,7.0,7.05,60140,EQ,,,
2006-02-22,7.05,7.1,7.0,7.05,42503,EQ,,,
2006-02-23,7.05,7.15,7.0,7.0,76255,EQ,,,
2006-02-24,7.05,7.05,7.0,7.0,81830,EQ,,,
2006-02-27,7.0,7.1,7.0,7.0,61676,EQ,,,
2006-02-28,7.0,7.25,6.9,6.95,109281,EQ,,,
2006-03-01,7.05,7.05,6.85,6.9,51098,EQ,,,
2006-03-02,7.25,7.25,6.85,6.9,44710,EQ,,,
2006-03-03,6.95,7.0,6.85,6.9,58351,EQ,,,
2006-03-06,7.1,7.1,6.8,6.8,50241,EQ,,,
2006-03-07,6.85,7.55,6.85,7.25,357716,EQ,,,
2006-03-08,7.25,7.3,6.9,7.0,127644,EQ,,,
2006-03-09,7.0,7.15,6.9,7.05,54725,EQ,,,
2006-03-10,7.25,7.4,7.0,7.1,137294,EQ,,,
2006-03-13,7.1,7.2,7.0,7.0,39868,EQ,,,
2006-03-14,6.95,7.1,6.95,7.0,59284,EQ,,,
2006-03-16,7.2,7.2,6.95,7.0,28666,EQ,,,
2006-03-17,7.0,7.05,6.9,6.95,33360,EQ,,,
2006-03-20,7.0,7.0,6.8,6.85,28923,EQ,,,
2006-03-21,7.0,7.1,6.8,7.1,64103,EQ,,,
2006-03-22,7.1,7.4,6.95,7.0,136546,EQ,,,
2006-03-23,6.95,7.1,6.95,7.0,36556,EQ,,,
2006-03-24,6.95,7.1,6.85,6.9,52368,EQ,,,
2006-03-27,7.1,7.1,6.95,6.95,36764,EQ,,,
2006-03-28,6.85,7.05,6.85,6.95,33439,EQ,,,
2006-03-29,6.95,7.0,6.9,6.95,20425,EQ,,,
2006-03-30,6.95,7.0,6.85,6.9,40830,EQ,,,
2006-03-31,7.0,7.05,6.95,6.95,42250,EQ,,,
2006-04-03,7.05,7.25,7.0,7.15,83476,EQ,,,
2006-04-04,7.2,7.25,7.0,7.1,54257,EQ,,,
2006-04-05,7.15,7.2,7.05,7.15,59453,EQ,,,
2006-04-07,7.2,7.2,7.0,7.05,60327,EQ,,,
2006-04-10,7.05,7.1,7.0,7.05,48189,EQ,,,
2006-04-12,7.0,7.05,6.95,7.0,53832,EQ,,,
2006-04-13,6.95,7.0,6.7,6.9,70837,EQ,,,
2006-04-17,6.95,7.0,6.8,6.95,36290,EQ,,,
2006-04-18,7.05,7.05,6.9,7.0,54245,EQ,,,
2006-04-19,6.95,7.0,6.85,6.95,28329,EQ,,,
2006-04-20,6.85,7.1,6.85,7.05,68714,EQ,,,
2006-04-21,7.05,7.05,6.95,7.0,48733,EQ,,,
2006-04-24,7.0,7.1,6.9,6.95,50652,EQ,,,
2006-04-25,6.9,6.95,6.65,6.75,26269,EQ,,,
2006-04-26,6.95,7.0,6.7,6.8,27152,EQ,,,
2006-04-27,6.9,6.95,6.75,6.9,30843,EQ,,,
2006-04-28,6.7,6.85,6.5,6.8,31704,EQ,,,
2006-04-29,6.8,6.95,6.8,6.85,18868,EQ,,,
2006-05-02,6.95,7.1,6.9,7.0,61225,EQ,,,
2006-05-03,7.0,7.15,7.0,7.1,47629,EQ,,,
2006-05-04,7.1,7.1,6.95,7.0,30074,EQ,,,
2006-05-05,7.4,7.4,6.95,7.0,31369,EQ,,,
2006-05-08,7.1,7.1,7.0,7.0,20006,EQ,,,
2006-05-09,7.0,7.1,6.95,7.0,37884,EQ,,,
2006-05-10,7.0,7.25,7.0,7.15,62656,EQ,,,
2006-05-11,7.2,7.3,7.1,7.15,39704,EQ,,,
2006-05-12,7.1,7.15,7.0,7.1,23926,EQ,,,
2006-05-15,5.85,7.25,5.85,6.85,60826,EQ,,,
2006-05-16,7.0,7.0,6.4,6.65,53149,EQ,,,
2006-05-17,6.95,6.95,6.75,6.95,22567,EQ,,,
2006-05-18,6.8,6.8,6.5,6.55,37435,EQ,,,
2006-05-19,6.75,6.75,6.1,6.2,78799,EQ,,,
2006-05-22,6.25,7.45,5.2,5.95,49414,EQ,,,
2006-05-23,6.5,6.5,5.8,6.4,35099,EQ,,,
2006-05-24,6.4,6.45,6.2,6.3,31631,EQ,,,
2006-05-25,6.4,6.4,6.15,6.3,17800,EQ,,,
2006-05-26,5.6,6.75,5.6,6.5,46789,EQ,,,
2006-05-29,6.5,6.65,6.4,6.5,19426,EQ,,,
2006-05-30,6.5,6.65,6.45,6.6,24127,EQ,,,
2006-05-31,6.45,6.45,6.25,6.3,29214,EQ,,,
2006-06-01,6.45,6.55,6.1,6.15,29992,EQ,,,
2006-06-02,5.8,6.25,5.8,5.95,38455,EQ,,,
2006-06-05,6.0,6.2,5.9,5.95,16064,EQ,,,
2006-06-06,5.8,5.95,5.8,5.95,13504,EQ,,,
2006-06-07,5.9,6.0,5.6,5.7,46922,EQ,,,
2006-06-08,5.6,6.0,5.4,5.45,63595,EQ,,,
2006-06-09,5.45,5.6,5.3,5.45,38217,EQ,,,
2006-06-12,5.5,5.65,5.45,5.6,28912,EQ,,,
2006-06-13,5.6,5.7,5.3,5.3,28061,EQ,,,
2006-06-14,5.5,5.5,5.25,5.3,19099,EQ,,,
2006-06-15,5.45,5.6,5.35,5.55,13162,EQ,,,
2006-06-16,6.0,6.0,5.6,5.7,26891,EQ,,,
2006-06-19,5.6,5.8,5.6,5.7,15637,EQ,,,
2006-06-20,5.6,5.7,5.55,5.6,6264,EQ,,,
2006-06-21,5.75,6.0,5.7,5.95,38930,EQ,,,
2006-06-22,6.4,6.4,6.1,6.2,36384,EQ,,,
2006-06-23,6.1,6.1,5.95,6.1,17628,EQ,,,
2006-06-25,6.15,6.15,5.95,6.0,1725,EQ,,,
2006-06-26,5.95,6.1,5.8,5.8,31087,EQ,,,
2006-06-27,5.7,5.8,5.6,5.6,31860,EQ,,,
2006-06-28,5.6,5.75,5.3,5.6,18048,EQ,,,
2006-06-29,5.75,5.8,5.7,5.75,8362,EQ,,,
2006-06-30,5.8,5.85,5.75,5.8,11391,EQ,,,
2006-07-03,5.8,5.95,5.8,5.85,15669,EQ,,,
2006-07-04,5.9,5.95,5.8,5.95,15600,EQ,,,
2006-07-05,5.8,5.95,5.8,5.95,6241,EQ,,,
2006-07-06,5.9,5.9,5.8,5.85,10409,EQ,,,
2006-07-07,5.85,5.95,5.8,5.85,11213,EQ,,,
2006-07-10,5.8,5.95,5.8,5.85,12276,EQ,,,
2006-07-11,5.95,5.95,5.85,5.95,8780,EQ,,,
2006-07-12,5.8,6.15,5.6,6.1,34299,EQ,,,
2006-07-13,6.1,6.5,6.0,6.4,65253,EQ,,,
2006-07-14,6.4,6.55,6.25,6.5,48650,EQ,,,
2006-07-17,6.55,6.65,6.45,6.5,59985,EQ,,,
2006-07-18,6.5,6.55,6.4,6.5,79441,EQ,,,
2006-07-19,6.45,6.55,6.4,6.4,112003,EQ,,,
2006-07-20,6.3,6.65,6.3,6.5,22500,EQ,,,
2006-07-21,6.5,6.55,6.4,6.5,20362,EQ,,,
2006-07-24,6.4,6.55,6.4,6.5,25067,EQ,,,
2006-07-25,6.5,6.7,6.5,6.55,23038,EQ,,,
2006-07-26,6.7,6.7,6.55,6.6,12752,EQ,,,
2006-07-27,6.7,6.7,6.55,6.65,26775,EQ,,,
2006-07-28,6.7,7.3,6.7,7.1,151370,EQ,,,
2006-07-31,7.3,7.35,7.05,7.1,63728,EQ,,,
2006-08-01,7.0,7.15,7.0,7.1,28003,EQ,,,
2006-08-02,7.3,7.4,7.1,7.3,76935,EQ,,,
2006-08-03,7.4,7.4,7.3,7.35,49328,EQ,,,
2006-08-04,7.3,7.4,7.3,7.4,85720,EQ,,,
2006-08-07,7.4,7.4,7.3,7.35,28514,EQ,,,
2006-08-08,7.4,7.6,7.3,7.4,49432,EQ,,,
2006-08-09,7.6,7.6,7.3,7.4,28201,EQ,,,
2006-08-10,8.25,8.25,7.3,7.3,99888,EQ,,,
2006-08-11,7.4,7.8,7.25,7.7,138639,EQ,,,
2006-08-14,8.05,8.05,7.3,7.35,31672,EQ,,,
2006-08-16,7.75,7.75,7.3,7.3,25605,EQ,,,
2006-08-17,7.4,7.4,7.25,7.35,21054,EQ,,,
2006-08-18,7.4,7.4,7.3,7.35,18879,EQ,,,
2006-08-21,7.25,7.4,7.25,7.35,24736,EQ,,,
2006-08-22,7.4,8.0,7.3,7.7,165512,EQ,,,
2006-08-23,7.75,7.9,7.4,7.5,38850,EQ,,,
2006-08-24,7.6,7.65,7.35,7.5,29642,EQ,,,
2006-08-25,7.7,7.7,7.3,7.4,89886,EQ,,,
2006-08-28,7.35,7.5,7.3,7.35,18232,EQ,,,
2006-08-29,7.4,7.4,7.3,7.35,35828,EQ,,,
2006-08-30,7.35,7.35,7.1,7.15,37065,EQ,,,
2006-08-31,7.35,7.35,7.1,7.15,22645,EQ,,,
2006-09-01,7.1,7.3,7.1,7.15,21730,EQ,,,
2006-09-04,7.15,7.25,7.05,7.1,26112,EQ,,,
2006-09-05,7.25,7.25,7.05,7.1,14397,EQ,,,
2006-09-06,7.1,7.2,7.1,7.1,17428,EQ,,,
2006-09-07,7.2,7.4,7.2,7.3,50982,EQ,,,
2006-09-08,7.4,7.4,7.3,7.4,17497,EQ,,,
2006-09-11,7.3,7.4,7.25,7.3,30731,EQ,,,
2006-09-12,7.25,7.4,7.25,7.3,73117,EQ,,,
2006-09-13,7.5,7.6,7.3,7.35,17658,EQ,,,
2006-09-14,7.4,7.4,6.9,7.35,36516,EQ,,,
2006-09-15,7.3,7.35,7.3,7.3,15270,EQ,,,
2006-09-18,7.35,7.7,7.3,7.6,105028,EQ,,,
2006-09-19,7.4,7.6,7.3,7.35,19537,EQ,,,
2006-09-20,7.3,7.4,7.25,7.35,20474,EQ,,,
2006-09-21,7.7,7.7,7.3,7.3,11313,EQ,,,
2006-09-22,7.3,7.35,7.25,7.25,11516,EQ,,,
2006-09-25,7.25,7.55,7.25,7.45,81174,EQ,,,
2006-09-26,7.4,7.65,7.4,7.45,39170,EQ,,,
2006-09-27,7.55,7.9,7.5,7.7,177242,EQ,,,
2006-09-28,7.7,7.9,7.7,7.7,46351,EQ,,,
2006-09-29,7.8,7.8,7.45,7.6,23241,EQ,,,
2006-10-03,7.7,7.7,7.55,7.7,30111,EQ,,,
2006-10-04,7.7,7.7,7.55,7.6,19076,EQ,,,
2006-10-05,7.65,7.75,7.6,7.7,62892,EQ,,,
2006-10-06,7.7,7.9,7.65,7.65,30670,EQ,,,
2006-10-09,7.65,7.9,7.65,7.8,39174,EQ,,,
2006-10-10,7.95,7.95,7.7,7.7,19829,EQ,,,
2006-10-11,7.8,7.8,7.6,7.7,15531,EQ,,,
2006-10-12,7.7,7.7,7.6,7.7,10695,EQ,,,
2006-10-13,7.7,7.8,7.6,7.65,13669,EQ,,,
2006-10-16,7.4,7.9,7.4,7.75,49095,EQ,,,
2006-10-17,7.8,8.0,7.7,7.75,69392,EQ,,,
2006-10-18,7.8,7.9,7.7,7.7,70452,EQ,,,
2006-10-19,7.75,7.75,7.7,7.7,15728,EQ,,,
2006-10-20,7.7,7.8,7.7,7.75,10686,EQ,,,
2006-10-21,7.65,7.8,7.65,7.75,11412,EQ,,,
2006-10-23,7.7,7.8,7.7,7.75,5461,EQ,,,
2006-10-26,7.7,7.9,7.7,7.75,26071,EQ,,,
2006-10-27,7.75,7.95,7.75,7.9,33499,EQ,,,
2006-10-30,7.9,7.9,7.7,7.75,22947,EQ,,,
2006-10-31,7.9,7.9,7.4,7.6,40289,EQ,,,
2006-11-01,7.45,7.75,7.45,7.7,78517,EQ,,,
2006-11-02,7.75,7.85,7.7,7.75,14590,EQ,,,
2006-11-03,7.7,8.05,7.7,7.9,68274,EQ,,,
2006-11-06,7.95,7.95,7.7,7.75,16675,EQ,,,
2006-11-07,7.8,7.9,7.7,7.7,19528,EQ,,,
2006-11-08,7.7,7.9,7.7,7.7,12903,EQ,,,
2006-11-09,7.7,7.7,7.65,7.7,20890,EQ,,,
2006-11-10,7.7,7.7,7.7,7.7,11318,EQ,,,
2006-11-13,7.9,7.9,7.7,7.7,15005,EQ,,,
2006-11-14,7.7,7.85,7.7,7.7,31493,EQ,,,
2006-11-15,7.7,7.8,7.6,7.7,59310,EQ,,,
2006-11-16,7.85,8.3,7.8,8.0,216466,EQ,,,
2006-11-17,8.05,8.25,7.8,7.9,55719,EQ,,,
2006-11-20,8.0,8.0,7.7,7.85,16523,EQ,,,
2006-11-21,7.8,8.0,7.8,7.95,23855,EQ,,,
2006-11-22,7.9,8.6,7.9,8.4,149516,EQ,,,
2006-11-23,8.6,8.6,8.25,8.3,50956,EQ,,,
2006-11-24,8.35,8.35,8.05,8.15,22408,EQ,,,
2006-11-27,8.45,9.55,8.45,9.35,332568,EQ,,,
2006-11-28,9.35,10.05,9.05,9.65,431894,EQ,,,
2006-11-29,9.8,10.25,9.7,10.1,265585,EQ,,,
2006-11-30,10.3,10.8,10.1,10.55,433925,EQ,,,
2006-12-01,11.45,11.65,10.3,10.4,615899,EQ,,,
2006-12-04,10.55,10.55,10.05,10.1,119214,EQ,,,
2006-12-05,10.3,10.3,9.7,9.75,62286,EQ,,,
2006-12-06,9.85,9.85,9.5,9.6,57494,EQ,,,
2006-12-07,9.95,9.95,9.5,9.55,26380,EQ,,,
2006-12-08,10.25,10.25,9.4,9.9,92039,EQ,,,
2006-12-11,9.9,10.05,9.4,9.5,68406,EQ,,,
2006-12-12,9.3,9.55,9.1,9.2,79536,EQ,,,
2006-12-13,8.8,9.55,8.8,9.3,30384,EQ,,,
2006-12-14,9.3,9.7,9.3,9.55,19918,EQ,,,
2006-12-15,9.55,10.2,9.55,10.05,50546,EQ,,,
2006-12-18,10.25,10.3,9.95,10.0,31831,EQ,,,
2006-12-19,9.95,10.0,9.6,9.85,29886,EQ,,,
2006-12-20,9.95,10.05,9.65,9.7,17433,EQ,,,
2006-12-21,9.75,9.9,9.7,9.8,17349,EQ,,,
2006-12-22,9.8,9.95,9.7,9.7,14379,EQ,,,
2006-12-26,9.9,10.2,9.85,9.95,171282,EQ,,,
2006-12-27,10.05,10.1,9.85,9.95,18387,EQ,,,
2006-12-28,9.95,10.1,9.85,10.0,31025,EQ,,,
2006-12-29,10.05,10.25,10.0,10.1,43868,EQ,,,
2007-01-02,10.2,10.75,10.05,10.6,559005,EQ,,,
2007-01-03,10.7,10.8,10.2,10.3,168807,EQ,,,
2007-01-04,10.45,10.45,10.15,10.25,39733,EQ,,,
2007-01-05,10.3,10.45,10.2,10.3,29153,EQ,,,
2007-01-08,10.35,10.4,10.05,10.3,32207,EQ,,,
2007-01-09,10.3,10.55,10.3,10.4,59046,EQ,,,
2007-01-10,10.4,10.55,10.3,10.3,45753,EQ,,,
2007-01-11,10.4,10.7,10.35,10.45,65058,EQ,,,
2007-01-12,10.7,11.0,10.45,10.6,87972,EQ,,,
2007-01-15,10.85,10.85,10.6,10.7,30590,EQ,,,
2007-01-16,10.75,11.0,10.65,10.85,58521,EQ,,,
2007-01-17,11.0,11.0,10.75,10.75,27074,EQ,,,
2007-01-18,10.85,10.9,10.7,10.8,28341,EQ,,,
2007-01-19,10.75,10.85,10.7,10.7,15132,EQ,,,
2007-01-22,10.9,10.9,10.7,10.7,11255,EQ,,,
2007-01-23,10.75,10.75,10.45,10.55,12069,EQ,,,
2007-01-24,10.4,10.75,10.35,10.55,17860,EQ,,,
2007-01-25,10.45,10.7,10.45,10.65,19075,EQ,,,
2007-01-29,10.7,10.8,10.5,10.55,20836,EQ,,,
2007-01-31,10.15,10.75,9.95,10.5,31783,EQ,,,
2007-02-01,10.5,10.6,10.4,10.5,12364,EQ,,,
2007-02-02,10.55,10.75,10.45,10.6,39610,EQ,,,
2007-02-05,10.75,10.75,10.55,10.6,19022,EQ,,,
2007-02-06,10.65,10.75,10.45,10.7,22721,EQ,,,
2007-02-07,10.7,10.85,10.6,10.75,36117,EQ,,,
2007-02-08,10.75,10.9,10.75,10.8,26447,EQ,,,
2007-02-09,10.8,11.0,10.4,10.85,74106,EQ,,,
2007-02-12,11.0,11.0,10.4,10.5,27845,EQ,,,
2007-02-13,10.25,10.7,10.25,10.6,41037,EQ,,,
2007-02-14,10.1,10.45,10.1,10.4,30741,EQ,,,
2007-02-15,10.35,10.75,10.35,10.6,16359,EQ,,,
2007-02-19,10.45,10.7,10.45,10.6,42460,EQ,,,
2007-02-20,10.7,10.75,10.45,10.6,25792,EQ,,,
2007-02-21,10.55,10.7,10.55,10.7,27271,EQ,,,
2007-02-22,10.7,10.75,10.4,10.6,25250,EQ,,,
2007-02-23,10.3,10.55,10.3,10.4,21319,EQ,,,
2007-02-26,10.1,10.4,10.05,10.3,36128,EQ,,,
2007-02-27,11.45,11.45,10.3,10.3,16607,EQ,,,
2007-02-28,9.95,10.1,9.55,9.8,14454,EQ,,,
2007-03-01,10.1,10.1,9.6,9.85,8500,EQ,,,
2007-03-02,9.7,9.95,9.3,9.4,29308,EQ,,,
2007-03-05,9.5,9.5,8.35,8.5,37649,EQ,,,
2007-03-06,8.8,9.1,8.7,8.8,24994,EQ,,,
2007-03-07,8.95,8.95,8.35,8.45,10897,EQ,,,
2007-03-08,8.5,8.75,8.25,8.5,41353,EQ,,,
2007-03-09,8.7,8.85,8.55,8.8,27677,EQ,,,
2007-03-12,8.9,9.1,8.7,8.8,20510,EQ,,,
2007-03-13,9.0,9.1,8.85,9.0,5963,EQ,,,
2007-03-14,8.45,8.9,8.35,8.8,9078,EQ,,,
2007-03-15,9.0,9.0,8.7,8.8,4346,EQ,,,
2007-03-16,8.8,8.9,8.5,8.65,18406,EQ,,,
2007-03-19,8.7,8.8,8.55,8.6,8209,EQ,,,
2007-03-20,8.6,9.2,8.6,9.05,17668,EQ,,,
2007-03-21,9.05,10.3,9.0,9.8,223510,EQ,,,
2007-03-22,9.95,10.15,9.95,10.05,103061,EQ,,,
2007-03-23,10.05,10.85,10.0,10.4,243508,EQ,,,
2007-03-26,10.6,10.7,10.15,10.25,53890,EQ,,,
2007-03-28,10.1,10.6,9.95,10.45,38433,EQ,,,
2007-03-29,10.4,10.4,10.2,10.25,19430,EQ,,,
2007-03-30,10.55,10.55,9.95,10.05,41532,EQ,,,
2007-04-02,9.5,9.8,9.4,9.6,20158,EQ,,,
2007-04-03,9.7,9.8,9.5,9.6,12940,EQ,,,
2007-04-04,9.6,10.15,9.6,10.1,30258,EQ,,,
2007-04-05,9.85,10.1,9.85,10.0,28178,EQ,,,
2007-04-09,10.05,10.2,10.05,10.1,14972,EQ,,,
2007-04-10,10.05,10.4,9.95,10.1,20491,EQ,,,
2007-04-11,10.05,10.4,10.05,10.4,29823,EQ,,,
2007-04-12,10.3,10.35,10.05,10.3,12945,EQ,,,
2007-04-13,10.25,10.55,10.0,10.4,32165,EQ,,,
2007-04-16,10.05,10.65,10.05,10.5,29211,EQ,,,
2007-04-17,10.9,10.9,10.3,10.55,10118,EQ,,,
2007-04-18,10.55,10.6,10.3,10.45,7751,EQ,,,
2007-04-19,10.4,10.6,10.4,10.55,41409,EQ,,,
2007-04-20,10.7,10.7,10.4,10.4,5481,EQ,,,
2007-04-23,10.4,10.45,10.3,10.3,4210,EQ,,,
2007-04-24,10.15,10.6,10.1,10.6,14273,EQ,,,
2007-04-25,10.6,10.6,10.3,10.45,11014,EQ,,,
2007-04-26,10.4,10.65,10.35,10.55,14176,EQ,,,
2007-04-27,10.55,10.7,10.4,10.55,32808,EQ,,,
2007-04-30,10.6,10.75,10.4,10.55,10758,EQ,,,
2007-05-03,10.7,11.1,10.6,11.0,102920,EQ,,,
2007-05-04,11.35,11.9,11.05,11.45,162374,EQ,,,
2007-05-07,11.9,11.9,11.2,11.25,38888,EQ,,,
2007-05-08,11.8,11.8,10.9,11.05,14920,EQ,,,
2007-05-09,11.05,11.15,11.05,11.15,13552,EQ,,,
2007-05-10,11.45,11.6,11.15,11.5,57971,EQ,,,
2007-05-11,11.45,11.6,11.35,11.45,9781,EQ,,,
2007-05-14,11.55,11.6,11.45,11.5,12754,EQ,,,
2007-05-15,11.5,11.7,11.5,11.6,14264,EQ,,,
2007-05-16,11.75,11.8,11.6,11.75,26528,EQ,,,
2007-05-17,11.8,11.8,11.65,11.8,28321,EQ,,,
2007-05-18,11.9,12.1,11.8,11.95,27971,EQ,,,
2007-05-21,12.1,12.6,12.1,12.5,86008,EQ,,,
2007-05-22,12.65,12.8,12.45,12.55,40531,EQ,,,
2007-05-23,12.7,12.8,12.4,12.45,26324,EQ,,,
2007-05-24,12.65,12.8,12.1,12.25,11385,EQ,,,
2007-05-25,12.05,12.35,12.05,12.25,16759,EQ,,,
2007-05-28,12.5,12.5,12.3,12.35,22168,EQ,,,
2007-05-29,12.7,12.7,12.1,12.2,12021,EQ,,,
2007-05-30,12.2,12.45,12.2,12.3,13470,EQ,,,
2007-05-31,12.2,12.5,12.2,12.4,12075,EQ,,,
2007-06-01,12.25,12.65,12.25,12.5,18137,EQ,,,
2007-06-04,12.8,12.8,12.3,12.4,16477,EQ,,,
2007-06-05,12.1,12.45,12.1,12.25,6502,EQ,,,
2007-06-06,13.4,13.4,12.1,12.2,12415,EQ,,,
2007-06-07,11.85,12.4,11.85,12.15,9342,EQ,,,
2007-06-08,12.1,12.25,11.95,12.1,6128,EQ,,,
2007-06-11,12.4,12.4,11.75,11.8,15223,EQ,,,
2007-06-12,11.95,12.2,11.85,12.1,9789,EQ,,,
2007-06-13,11.85,12.35,11.85,12.2,11803,EQ,,,
2007-06-14,12.4,12.4,11.5,11.9,19549,EQ,,,
2007-06-15,12.0,12.3,11.9,11.95,19875,EQ,,,
2007-06-18,12.1,12.1,11.8,11.9,14555,EQ,,,
2007-06-19,11.8,12.25,11.8,12.15,5777,EQ,,,
2007-06-20,11.9,12.25,11.9,12.1,10526,EQ,,,
2007-06-21,12.4,13.1,12.2,12.9,77010,EQ,,,
2007-06-22,12.8,13.15,12.55,12.65,12789,EQ,,,
2007-06-25,12.65,12.7,12.4,12.55,5681,EQ,,,
2007-06-26,12.7,12.8,12.6,12.8,21100,EQ,,,
2007-06-27,12.9,13.35,12.7,13.0,29627,EQ,,,
2007-06-28,12.95,13.25,12.8,13.05,16103,EQ,,,
2007-06-29,13.0,13.3,13.0,13.15,11907,EQ,,,
2007-07-02,13.3,13.5,13.1,13.35,24942,EQ,,,
2007-07-03,13.5,13.9,13.3,13.8,31049,EQ,,,
2007-07-04,13.9,13.95,13.7,13.8,27372,EQ,,,
2007-07-05,13.8,14.1,13.7,13.9,16656,EQ,,,
2007-07-06,13.75,13.9,13.6,13.75,19704,EQ,,,
2007-07-09,13.95,13.95,13.35,13.6,20508,EQ,,,
2007-07-10,13.7,13.8,13.45,13.7,19566,EQ,,,
2007-07-11,13.45,13.75,13.1,13.65,21346,EQ,,,
2007-07-12,13.5,13.85,13.5,13.7,13729,EQ,,,
2007-07-13,14.0,14.15,13.75,14.0,32343,EQ,,,
2007-07-16,14.15,14.4,13.95,14.05,22874,EQ,,,
2007-07-17,14.15,14.3,13.95,14.05,11525,EQ,,,
2007-07-18,14.25,14.25,13.95,14.1,9930,EQ,,,
2007-07-19,14.25,14.25,13.95,14.05,19586,EQ,,,
2007-07-20,14.25,14.25,13.9,13.95,4060,EQ,,,
2007-07-23,14.15,14.25,14.0,14.15,10790,EQ,,,
2007-07-24,14.2,14.65,13.95,14.45,50860,EQ,,,
2007-07-25,14.4,14.8,14.15,14.3,15896,EQ,,,
2007-07-26,14.4,14.6,14.3,14.4,11000,EQ,,,
2007-07-27,14.3,14.6,14.15,14.5,24972,EQ,,,
2007-07-30,14.5,14.5,14.15,14.3,4455,EQ,,,
2007-07-31,14.5,14.5,14.15,14.4,19258,EQ,,,
2007-08-01,14.25,14.7,14.1,14.3,35872,EQ,,,
2007-08-02,14.25,14.7,14.25,14.6,18024,EQ,,,
2007-08-03,14.8,14.9,14.55,14.75,24119,EQ,,,
2007-08-06,14.4,14.8,14.25,14.65,24718,EQ,,,
2007-08-07,14.9,14.9,14.55,14.75,22749,EQ,,,
2007-08-08,14.95,15.2,14.8,15.15,31832,EQ,,,
2007-08-09,15.4,15.4,14.85,14.95,15519,EQ,,,
2007-08-10,14.55,14.7,14.25,14.3,20410,EQ,,,
2007-08-13,14.4,14.6,14.05,14.45,20802,EQ,,,
2007-08-14,14.3,14.7,14.15,14.3,14938,EQ,,,
2007-08-16,13.95,14.15,13.45,13.7,17550,EQ,,,
2007-08-17,13.45,13.9,12.95,13.25,17002,EQ,,,
2007-08-20,13.55,13.55,13.0,13.1,10614,EQ,,,
2007-08-21,13.1,13.3,11.8,12.1,19335,EQ,,,
2007-08-22,12.8,12.8,11.8,11.8,24585,EQ,,,
2007-08-23,12.55,12.55,11.15,11.65,20769,EQ,,,
2007-08-24,12.35,12.35,11.7,11.8,22778,EQ,,,
2007-08-27,11.95,12.1,11.75,11.85,66913,EQ,,,
2007-08-28,11.95,12.35,11.8,12.25,17373,EQ,,,
2007-08-29,12.35,12.95,12.05,12.7,20562,EQ,,,
2007-08-30,12.85,12.85,12.55,12.8,13893,EQ,,,
2007-08-31,12.95,13.2,12.8,13.1,19147,EQ,,,
2007-09-03,13.15,13.6,13.15,13.5,27641,EQ,,,
2007-09-04,13.75,13.8,13.4,13.5,20397,EQ,,,
2007-09-05,13.45,13.7,13.4,13.55,13084,EQ,,,
2007-09-06,13.4,13.8,13.4,13.65,29126,EQ,,,
2007-09-07,13.95,13.95,13.6,13.7,24451,EQ,,,
2007-09-10,13.05,13.75,13.05,13.7,37102,EQ,,,
2007-09-11,13.95,13.95,13.7,13.8,11200,EQ,,,
2007-09-12,14.15,14.75,14.0,14.15,32604,EQ,,,
2007-09-13,14.45,14.5,14.05,14.3,10529,EQ,,,
2007-09-14,14.7,14.7,13.8,13.85,11126,EQ,,,
2007-09-17,14.15,14.15,13.7,13.75,8957,EQ,,,
2007-09-18,13.5,13.95,13.5,13.8,13654,EQ,,,
2007-09-19,14.3,14.5,14.1,14.15,29419,EQ,,,
2007-09-20,14.25,14.5,14.1,14.3,28671,EQ,,,
2007-09-21,14.25,14.5,13.5,13.6,35630,EQ,,,
2007-09-24,14.05,14.15,13.8,14.05,26349,EQ,,,
2007-09-25,14.15,14.15,13.6,13.8,25135,EQ,,,
2007-09-26,13.95,14.15,13.8,14.0,45777,EQ,,,
2007-09-27,14.15,14.15,13.6,13.65,51064,EQ,,,
2007-09-28,13.65,14.05,13.2,13.7,46099,EQ,,,
2007-10-01,13.95,14.55,13.5,14.45,116358,EQ,,,
2007-10-03,15.0,15.0,13.4,13.6,144579,EQ,,,
2007-10-04,14.15,14.15,13.5,13.7,18940,EQ,,,
2007-10-05,13.95,13.95,13.6,13.7,16457,EQ,,,
2007-10-08,13.6,13.75,13.1,13.6,43844,EQ,,,
2007-10-09,13.8,13.8,13.2,13.65,21366,EQ,,,
2007-10-10,14.25,14.25,13.55,13.65,18786,EQ,,,
2007-10-11,13.5,13.7,13.4,13.5,15949,EQ,,,
2007-10-12,13.7,13.75,13.5,13.5,10557,EQ,,,
2007-10-15,13.45,13.8,13.3,13.55,15001,EQ,,,
2007-10-16,14.15,14.15,13.4,13.55,18105,EQ,,,
2007-10-17,12.45,13.95,12.25,13.7,16266,EQ,,,
2007-10-18,13.65,13.9,13.5,13.75,23096,EQ,,,
2007-10-19,12.9,13.65,12.9,13.05,11702,EQ,,,
2007-10-22,12.65,13.3,12.65,12.9,21171,EQ,,,
2007-10-23,13.5,13.5,13.0,13.4,6849,EQ,,,
2007-10-24,13.65,13.65,13.3,13.4,9005,EQ,,,
2007-10-25,13.35,13.6,13.35,13.4,11432,EQ,,,
2007-10-26,13.8,14.05,13.45,13.85,38901,EQ,,,
2007-10-29,14.15,14.3,14.0,14.25,66245,EQ,,,
2007-10-30,14.25,14.4,13.9,14.1,32132,EQ,,,
2007-10-31,14.3,14.3,13.95,14.05,15274,EQ,,,
2007-11-01,14.0,14.25,13.65,14.0,17378,EQ,,,
2007-11-02,13.65,14.4,13.45,14.1,30267,EQ,,,
2007-11-05,14.55,14.8,14.2,14.5,45643,EQ,,,
2007-11-06,14.5,14.6,14.15,14.2,18468,EQ,,,
2007-11-07,14.55,14.55,14.15,14.25,15642,EQ,,,
2007-11-08,14.1,14.6,13.85,14.55,18643,EQ,,,
2007-11-09,16.7,16.7,14.4,14.8,13070,EQ,,,
2007-11-12,14.7,14.75,14.3,14.6,20415,EQ,,,
2007-11-13,14.6,14.9,14.5,14.7,22108,EQ,,,
2007-11-14,14.9,15.15,14.8,14.8,19685,EQ,,,
2007-11-15,14.8,14.85,14.6,14.75,27439,EQ,,,
2007-11-16,14.85,15.2,14.55,15.0,30322,EQ,,,
2007-11-19,15.0,15.2,15.0,15.2,23840,EQ,,,
2007-11-20,15.2,15.65,15.15,15.3,38918,EQ,,,
2007-11-21,15.4,15.4,14.8,14.9,21734,EQ,,,
2007-11-22,14.55,15.05,14.45,14.6,13880,EQ,,,
2007-11-23,14.6,14.85,14.6,14.7,8083,EQ,,,
2007-11-26,15.0,15.0,14.6,14.8,11789,EQ,,,
2007-11-27,14.8,14.8,14.5,14.55,7254,EQ,,,
2007-11-28,14.5,14.7,14.4,14.45,9761,EQ,,,
2007-11-29,14.7,14.8,14.3,14.55,30298,EQ,,,
2007-11-30,14.8,14.8,14.4,14.45,14947,EQ,,,
2007-12-03,14.8,15.15,14.6,14.9,37195,EQ,,,
2007-12-04,15.2,15.55,14.9,15.5,40796,EQ,,,
2007-12-05,15.55,16.25,15.55,16.1,31320,EQ,,,
2007-12-06,16.6,16.7,16.05,16.5,31821,EQ,,,
2007-12-07,16.55,19.45,16.4,18.5,212030,EQ,,,
2007-12-10,19.3,20.5,18.9,19.65,112812,EQ,,,
2007-12-11,20.15,21.4,20.15,20.95,148222,EQ,,,
2007-12-12,20.95,22.6,19.65,21.75,110817,EQ,,,
2007-12-13,22.1,26.1,21.4,26.1,357521,EQ,,,
2007-12-14,27.35,28.7,25.7,26.25,313340,EQ,,,
2007-12-17,27.9,28.2,23.85,24.5,99632,EQ,,,
2007-12-18,24.8,25.0,23.55,23.7,40970,EQ,,,
2007-12-19,24.05,24.8,23.35,24.5,54537,EQ,,,
2007-12-20,24.2,24.95,22.7,23.25,15890,EQ,,,
2007-12-24,23.35,24.1,22.95,23.05,29103,EQ,,,
2007-12-26,23.55,23.8,23.25,23.35,17958,EQ,,,
2007-12-27,23.55,23.85,22.8,22.95,13346,EQ,,,
2007-12-28,23.05,23.35,22.4,22.6,14248,EQ,,,
2007-12-31,22.9,24.85,22.7,24.85,36743,EQ,,,
2008-01-01,26.45,27.35,26.05,26.45,67410,EQ,,,
2008-01-02,28.75,29.15,27.55,29.15,141206,EQ,,,
2008-01-03,29.8,32.05,29.3,30.55,182561,EQ,,,
2008-01-04,30.95,31.2,29.2,29.5,57645,EQ,,,
2008-01-07,29.25,30.6,28.3,30.1,59143,EQ,,,
2008-01-08,30.35,30.7,28.8,29.25,33968,EQ,,,
2008-01-09,29.8,30.05,28.5,29.3,33082,EQ,,,
2008-01-10,29.8,30.05,28.1,28.25,25478,EQ,,,
2008-01-11,29.3,29.3,27.35,27.9,35238,EQ,,,
2008-01-14,28.75,28.75,27.25,27.45,46287,EQ,,,
2008-01-15,27.4,28.8,27.4,27.55,26714,EQ,,,
2008-01-16,27.25,27.9,27.05,27.35,30684,EQ,,,
2008-01-17,27.9,28.3,27.3,27.45,34886,EQ,,,
2008-01-18,27.45,27.7,26.2,26.6,31781,EQ,,,
2008-01-21,27.15,27.15,25.3,25.3,23499,EQ,,,
2008-01-22,24.05,24.05,24.05,24.05,3609,EQ,,,
2008-01-23,23.55,25.3,23.55,25.3,186268,EQ,,,
2008-01-24,26.5,26.5,26.05,26.5,306277,EQ,,,
2008-01-25,27.85,27.85,26.8,27.8,340501,EQ,,,
2008-01-28,28.6,29.15,26.55,28.45,382767,EQ,,,
2008-01-29,29.7,29.8,27.2,27.8,346314,EQ,,,
2008-01-30,28.5,28.5,26.75,27.4,141779,EQ,,,
2008-01-31,27.55,28.2,26.05,26.85,103120,EQ,,,
2008-02-01,26.65,27.25,25.55,25.6,169914,EQ,,,
2008-02-04,26.05,26.8,24.95,26.45,235169,EQ,,,
2008-02-05,25.7,26.5,25.7,26.0,109053,EQ,,,
2008-02-06,24.85,26.05,24.8,25.6,201088,EQ,,,
2008-02-07,25.4,26.3,24.95,25.1,145850,EQ,,,
2008-02-08,25.7,25.7,24.2,24.45,162282,EQ,,,
2008-02-11,24.2,24.5,23.25,23.35,188445,EQ,,,
2008-02-12,23.25,24.1,22.15,22.15,81487,EQ,,,
2008-02-13,22.3,22.85,21.1,21.1,639839,EQ,,,
2008-02-14,22.1,22.1,21.65,22.1,179552,EQ,,,
2008-02-15,23.1,23.25,22.3,23.25,177705,EQ,,,
2008-02-18,24.4,24.4,23.65,24.4,198609,EQ,,,
2008-02-19,25.4,25.7,23.85,24.1,324909,EQ,,,
2008-02-20,24.1,24.8,23.8,23.9,595767,EQ,,,
2008-02-21,24.8,25.1,22.95,23.7,280147,EQ,,,
2008-02-22,22.65,24.2,22.65,24.05,142866,EQ,,,
2008-02-25,23.85,24.65,23.2,23.6,149796,EQ,,,
2008-02-26,23.85,24.2,23.8,23.85,288152,EQ,,,
2008-02-27,24.2,24.45,23.85,23.9,138183,EQ,,,
2008-02-28,24.7,24.7,23.85,23.9,157588,EQ,,,
2008-02-29,23.85,24.15,23.85,23.9,148179,EQ,,,
2008-03-03,23.85,24.05,23.85,23.85,176046,EQ,,,
2008-03-04,24.1,24.2,22.7,22.7,158303,EQ,,,
2008-03-05,22.8,22.8,21.6,21.6,88578,EQ,,,
2008-03-07,20.8,20.8,20.55,20.55,48731,EQ,,,
2008-03-10,20.55,20.55,16.95,19.25,380713,EQ,,,
2008-03-11,19.25,21.75,18.3,20.7,238796,EQ,,,
2008-03-12,21.95,22.8,19.25,20.2,183659,EQ,,,
2008-03-13,19.25,20.45,17.95,18.7,260097,EQ,,,
2008-03-14,19.55,20.6,18.25,19.15,496359,EQ,,,
2008-03-17,17.95,18.75,16.7,17.0,374592,EQ,,,
2008-03-18,15.5,17.95,15.5,16.0,309455,EQ,,,
2008-03-19,18.55,18.55,15.5,15.65,349140,EQ,,,
2008-03-24,16.35,16.7,14.25,14.5,303612,EQ,,,
2008-03-25,15.2,17.0,14.85,16.55,1117083,EQ,,,
2008-03-26,17.1,17.7,16.05,16.6,626917,EQ,,,
2008-03-27,16.95,17.45,16.2,17.15,464901,EQ,,,
2008-03-28,17.55,18.4,17.3,18.2,403482,EQ,,,
2008-03-31,17.95,18.2,17.35,17.55,255603,EQ,,,
2008-04-01,17.8,17.9,17.3,17.55,250566,EQ,,,
2008-04-02,18.35,18.55,17.5,17.6,223151,EQ,,,
2008-04-03,17.5,17.8,17.1,17.25,199018,EQ,,,
2008-04-04,17.6,17.6,17.05,17.05,232609,EQ,,,
2008-04-07,17.35,17.65,17.05,17.4,172458,EQ,,,
2008-04-08,17.6,17.85,17.2,17.6,128980,EQ,,,
2008-04-09,17.4,17.95,17.4,17.85,93075,EQ,,,
2008-04-10,17.65,18.5,17.65,18.2,226533,EQ,,,
2008-04-11,18.55,18.55,17.95,18.3,82497,EQ,,,
2008-04-15,18.05,18.5,17.9,18.2,83869,EQ,,,
2008-04-16,18.4,19.5,18.15,19.3,282044,EQ,,,
2008-04-17,19.9,20.0,19.3,19.7,248443,EQ,,,
2008-04-21,19.25,23.45,19.1,20.85,309665,EQ,,,
2008-04-22,20.8,21.45,19.85,21.15,199608,EQ,,,
2008-04-23,22.0,22.25,20.8,21.2,169186,EQ,,,
2008-04-24,21.5,21.7,21.1,21.1,265009,EQ,,,
2008-04-25,21.1,21.5,20.8,20.95,96004,EQ,,,
2008-04-28,21.15,21.5,20.45,20.5,114780,EQ,,,
2008-04-29,20.45,21.1,20.0,20.7,139521,EQ,,,
2008-04-30,20.3,21.1,20.3,20.75,105391,EQ,,,
2008-05-02,21.35,21.35,20.35,20.5,313347,EQ,,,
2008-05-05,21.0,21.0,20.3,20.35,189630,EQ,,,
2008-05-06,20.35,20.45,20.15,20.45,133469,EQ,,,
2008-05-07,20.45,20.45,20.15,20.2,84813,EQ,,,
2008-05-08,20.8,20.8,19.3,19.4,197262,EQ,,,
2008-05-09,19.85,19.85,19.25,19.25,84126,EQ,,,
2008-05-12,20.4,22.95,18.3,19.7,134929,EQ,,,
2008-05-13,19.9,20.3,18.95,19.1,132903,EQ,,,
2008-05-14,19.0,19.3,18.55,18.7,99429,EQ,,,
2008-05-15,19.4,19.4,19.0,19.15,67152,EQ,,,
2008-05-16,19.55,19.6,19.0,19.45,76474,EQ,,,
2008-05-20,19.75,20.3,19.05,19.7,160493,EQ,,,
2008-05-21,19.05,19.95,19.05,19.8,65513,EQ,,,
2008-05-22,19.3,20.15,18.8,18.95,220589,EQ,,,
2008-05-23,19.6,20.3,19.3,19.7,545077,EQ,,,
2008-05-26,20.45,20.6,18.55,18.7,136842,EQ,,,
2008-05-27,18.7,19.25,18.5,18.55,71967,EQ,,,
2008-05-28,18.2,18.65,17.95,18.35,89427,EQ,,,
2008-05-29,18.55,18.55,18.05,18.2,57637,EQ,,,
2008-05-30,18.5,18.5,18.05,18.2,89482,EQ,,,
2008-06-02,18.5,18.5,17.1,17.3,87442,EQ,,,
2008-06-03,17.2,18.55,15.55,17.05,155938,EQ,,,
2008-06-04,17.95,17.95,16.7,16.9,83748,EQ,,,
2008-06-05,17.25,17.35,16.7,16.75,121343,EQ,,,
2008-06-06,17.25,17.35,16.7,16.75,104880,EQ,,,
2008-06-09,16.1,16.7,15.85,16.1,146831,EQ,,,
2008-06-10,16.1,16.55,15.65,15.95,140087,EQ,,,
2008-06-11,16.2,16.55,15.7,16.35,127693,EQ,,,
2008-06-12,15.85,17.6,15.55,17.45,215136,EQ,,,
2008-06-13,17.2,18.1,17.2,17.8,158443,EQ,,,
2008-06-16,17.9,18.4,17.65,17.75,87861,EQ,,,
2008-06-17,17.35,18.25,17.35,17.6,153303,EQ,,,
2008-06-18,17.9,20.05,17.45,17.8,560883,EQ,,,
2008-06-19,17.6,17.95,17.35,17.4,88128,EQ,,,
2008-06-20,17.6,17.9,16.7,17.0,140478,EQ,,,
2008-06-23,16.5,16.7,15.55,15.65,182005,EQ,,,
2008-06-24,15.8,16.7,15.65,15.85,199183,EQ,,,
2008-06-25,15.5,15.95,15.3,15.5,188065,EQ,,,
2008-06-26,15.95,15.95,15.05,15.5,241147,EQ,,,
2008-06-27,15.2,15.6,14.9,15.2,153162,EQ,,,
2008-06-30,17.05,17.05,14.3,14.5,121592,EQ,,,
2008-07-01,14.5,14.5,13.75,14.15,214503,EQ,,,
2008-07-02,13.7,15.5,13.65,14.4,241033,EQ,,,
2008-07-03,15.15,15.15,13.7,14.05,252551,EQ,,,
2008-07-04,13.9,14.5,13.8,14.15,177854,EQ,,,
2008-07-07,14.0,15.15,14.0,14.5,255895,EQ,,,
2008-07-08,14.25,14.45,13.75,14.15,196100,EQ,,,
2008-07-09,14.6,15.05,14.0,14.15,160434,EQ,,,
2008-07-10,14.3,14.45,14.0,14.15,110797,EQ,,,
2008-07-11,14.5,14.55,13.8,13.95,196296,EQ,,,
2008-07-14,13.7,13.75,13.4,13.6,109943,EQ,,,
2008-07-15,13.3,13.7,13.1,13.2,78811,EQ,,,
2008-07-16,13.2,13.45,11.15,12.7,183864,EQ,,,
2008-07-17,13.3,13.3,12.45,12.55,104127,EQ,,,
2008-07-18,12.9,13.1,12.55,12.95,113981,EQ,,,
2008-07-21,13.0,13.1,12.7,12.85,77221,EQ,,,
2008-07-22,13.1,13.9,12.8,13.7,228971,EQ,,,
2008-07-23,14.8,16.5,14.25,15.4,378630,EQ,,,
2008-07-24,16.4,16.6,14.75,15.35,352319,EQ,,,
2008-07-25,14.9,15.1,14.6,14.9,114434,EQ,,,
2008-07-28,15.65,15.65,14.9,15.2,62132,EQ,,,
2008-07-29,14.75,14.95,13.95,14.5,133119,EQ,,,
2008-07-30,14.85,16.7,14.85,15.4,547606,EQ,,,
2008-07-31,15.75,15.8,14.95,15.1,151202,EQ,,,
2008-08-01,14.85,15.45,14.85,15.2,128870,EQ,,,
2008-08-04,15.2,15.6,15.2,15.35,125186,EQ,,,
2008-08-05,15.4,16.0,15.4,15.85,236832,EQ,,,
2008-08-06,16.3,16.7,16.1,16.4,373195,EQ,,,
2008-08-07,16.25,17.35,16.2,16.95,311288,EQ,,,
2008-08-08,17.0,17.8,17.0,17.55,328221,EQ,,,
2008-08-11,17.85,18.75,17.85,18.5,301040,EQ,,,
2008-08-12,18.85,19.25,18.65,19.0,309395,EQ,,,
2008-08-13,18.95,18.95,17.95,18.5,186987,EQ,,,
2008-08-14,18.4,18.55,17.95,18.1,135996,EQ,,,
2008-08-18,18.05,18.25,17.5,17.7,101731,EQ,,,
2008-08-19,17.35,18.2,17.35,17.6,50494,EQ,,,
2008-08-20,17.9,18.15,17.0,17.15,98970,EQ,,,
2008-08-21,17.35,17.35,16.6,16.7,110753,EQ,,,
2008-08-22,16.2,16.7,16.2,16.55,40580,EQ,,,
2008-08-25,16.9,17.05,16.25,16.45,57413,EQ,,,
2008-08-26,16.2,16.65,16.2,16.55,47518,EQ,,,
2008-08-27,16.7,16.7,16.05,16.2,69716,EQ,,,
2008-08-28,16.2,16.7,15.85,16.35,51860,EQ,,,
2008-08-29,16.75,17.0,16.45,16.75,173792,EQ,,,
2008-09-01,16.3,17.0,16.15,16.75,63752,EQ,,,
2008-09-02,16.15,18.2,16.15,18.0,430207,EQ,,,
2008-09-04,18.2,18.25,17.1,17.5,158170,EQ,,,
2008-09-05,15.5,17.85,15.5,17.5,113224,EQ,,,
2008-09-08,17.75,18.55,17.65,18.2,259225,EQ,,,
2008-09-09,18.05,18.2,17.35,17.5,105202,EQ,,,
2008-09-10,17.0,17.85,17.0,17.6,53382,EQ,,,
2008-09-11,17.75,17.75,17.2,17.35,59810,EQ,,,
2008-09-12,17.55,17.55,17.1,17.2,62778,EQ,,,
2008-09-15,16.9,17.25,16.25,16.7,89158,EQ,,,
2008-09-16,16.7,16.85,15.8,16.7,118652,EQ,,,
2008-09-17,17.2,17.2,16.2,16.35,79712,EQ,,,
2008-09-18,16.1,16.1,14.85,15.75,150856,EQ,,,
2008-09-19,16.35,17.3,16.3,16.5,98970,EQ,,,
2008-09-22,16.55,16.7,16.1,16.2,51036,EQ,,,
2008-09-23,15.8,16.2,15.65,15.8,59243,EQ,,,
2008-09-24,16.0,16.2,15.55,15.6,68099,EQ,,,
2008-09-25,15.95,16.1,15.5,15.65,49638,EQ,,,
2008-09-26,15.65,15.85,14.85,15.2,69661,EQ,,,
2008-09-29,15.2,15.2,14.25,14.4,122676,EQ,,,
2008-09-30,14.25,14.85,13.65,14.45,162638,EQ,,,
2008-10-01,14.45,14.8,14.25,14.5,72680,EQ,,,
2008-10-03,14.05,14.45,13.75,14.05,83223,EQ,,,
2008-10-06,14.35,14.35,13.0,13.45,154670,EQ,,,
2008-10-07,13.9,15.5,12.4,13.0,263528,EQ,,,
2008-10-08,12.5,12.75,11.5,12.1,282576,EQ,,,
2008-10-10,12.15,12.15,10.55,11.6,348578,EQ,,,
2008-10-13,12.25,12.85,12.15,12.35,159639,EQ,,,
2008-10-14,13.15,13.6,12.35,12.45,176081,EQ,,,
2008-10-15,11.8,12.4,11.7,11.8,127595,EQ,,,
2008-10-16,11.45,12.1,11.2,11.8,166114,EQ,,,
2008-10-17,11.95,12.4,11.65,11.8,111709,EQ,,,
2008-10-20,12.2,12.2,11.05,11.4,953464,EQ,,,
2008-10-21,11.45,12.05,11.05,11.2,212843,EQ,,,
2008-10-22,11.25,11.25,10.55,10.75,255587,EQ,,,
2008-10-23,10.55,10.7,9.35,9.55,578591,EQ,,,
2008-10-24,9.6,9.95,8.5,8.75,784821,EQ,,,
2008-10-27,8.45,9.25,8.15,8.8,297615,EQ,,,
2008-10-28,9.35,9.7,9.3,9.4,105626,EQ,,,
2008-10-29,9.4,10.0,9.4,9.7,126325,EQ,,,
2008-10-31,9.7,10.05,9.6,10.0,138678,EQ,,,
2008-11-03,10.1,11.05,10.1,10.4,351908,EQ,,,
2008-11-04,10.55,11.15,10.25,11.05,243162,EQ,,,
2008-11-05,11.45,11.8,10.65,10.8,244189,EQ,,,
2008-11-06,10.55,11.15,10.05,10.95,196144,EQ,,,
2008-11-07,10.6,11.1,10.4,10.7,167491,EQ,,,
2008-11-10,11.05,11.1,10.55,10.6,193468,EQ,,,
2008-11-11,10.4,10.85,10.3,10.6,207134,EQ,,,
2008-11-12,10.4,10.65,10.25,10.5,75852,EQ,,,
2008-11-14,10.85,11.0,10.3,10.4,95982,EQ,,,
2008-11-17,10.3,10.4,9.8,9.9,100150,EQ,,,
2008-11-18,9.8,9.8,8.55,8.7,370975,EQ,,,
2008-11-19,8.85,9.0,8.3,8.35,270151,EQ,,,
2008-11-20,8.35,8.35,7.5,8.05,229432,EQ,,,
2008-11-21,8.05,8.3,7.9,8.05,213207,EQ,,,
2008-11-24,8.2,8.35,8.0,8.05,137880,EQ,,,
2008-11-25,8.55,8.6,7.7,7.85,176725,EQ,,,
2008-11-26,7.9,7.9,7.35,7.55,258077,EQ,,,
2008-11-28,7.4,8.3,7.4,8.15,135537,EQ,,,
2008-12-01,8.05,8.55,7.7,7.7,236907,EQ,,,
2008-12-02,7.7,7.7,7.5,7.7,131942,EQ,,,
2008-12-03,7.7,7.8,7.6,7.7,163456,EQ,,,
2008-12-04,7.7,8.1,7.7,8.0,174973,EQ,,,
2008-12-05,7.9,8.2,7.9,8.05,180413,EQ,,,
2008-12-08,8.3,8.7,8.2,8.35,218929,EQ,,,
2008-12-10,8.1,8.5,8.05,8.4,128403,EQ,,,
2008-12-11,8.55,8.95,8.35,8.8,216005,EQ,,,
2008-12-12,8.7,9.25,8.45,9.2,188879,EQ,,,
2008-12-15,9.0,9.55,8.8,9.1,258229,EQ,,,
2008-12-16,9.0,9.55,8.8,9.25,222935,EQ,,,
2008-12-17,9.25,9.55,8.95,9.05,148122,EQ,,,
2008-12-18,9.05,9.2,8.8,9.05,130282,EQ,,,
2008-12-19,9.25,9.55,8.9,9.25,150959,EQ,,,
2008-12-22,9.4,9.75,8.9,9.1,375435,EQ,,,
2008-12-23,9.1,9.7,8.7,8.85,215921,EQ,,,
2008-12-24,8.85,8.95,8.6,8.8,89789,EQ,,,
2008-12-26,9.15,9.15,8.45,8.65,166984,EQ,,,
2008-12-29,8.7,9.05,8.45,8.85,85985,EQ,,,
2008-12-30,9.0,9.3,8.7,9.25,154895,EQ,,,
2008-12-31,9.3,9.7,9.0,9.05,267538,EQ,,,
2009-01-01,9.1,9.55,9.1,9.45,240496,EQ,,,
2009-01-02,9.7,9.75,9.25,9.35,450204,EQ,,,
2009-01-05,9.7,10.15,9.55,9.95,616488,EQ,,,
2009-01-06,9.95,10.15,9.6,9.7,303194,EQ,,,
2009-01-07,9.9,9.95,8.45,9.1,337565,EQ,,,
2009-01-09,9.4,9.4,8.45,8.9,190665,EQ,,,
2009-01-12,8.55,8.9,8.55,8.7,117195,EQ,,,
2009-01-13,9.05,9.05,8.35,8.5,133908,EQ,,,
2009-01-14,8.7,8.85,8.55,8.75,89177,EQ,,,
2009-01-15,8.7,8.7,8.45,8.6,85958,EQ,,,
2009-01-16,8.7,8.8,8.6,8.7,103784,EQ,,,
2009-01-19,8.75,8.85,8.6,8.7,66799,EQ,,,
2009-01-20,8.55,8.9,8.5,8.8,61179,EQ,,,
2009-01-21,8.55,8.85,8.3,8.45,141804,EQ,,,
2009-01-22,8.65,8.65,8.05,8.15,165229,EQ,,,
2009-01-23,8.35,8.5,8.05,8.35,132273,EQ,,,
2009-01-27,8.5,8.75,8.25,8.35,178557,EQ,,,
2009-01-28,8.35,8.7,8.35,8.6,116609,EQ,,,
2009-01-29,8.75,9.0,8.6,8.8,147493,EQ,,,
2009-01-30,8.85,8.85,8.3,8.35,304439,EQ,,,
2009-02-02,8.5,8.5,8.3,8.3,175514,EQ,,,
2009-02-03,8.45,8.45,8.2,8.35,73206,EQ,,,
2009-02-04,8.5,8.5,7.95,8.0,219439,EQ,,,
2009-02-05,8.0,8.0,7.65,7.75,174438,EQ,,,
2009-02-06,7.7,8.05,7.7,8.0,193355,EQ,,,
2009-02-09,8.05,8.45,7.9,8.3,133527,EQ,,,
2009-02-10,8.35,8.6,8.2,8.3,73560,EQ,,,
2009-02-11,8.25,8.45,8.05,8.35,105672,EQ,,,
2009-02-12,8.35,8.55,8.3,8.5,139266,EQ,,,
2009-02-13,8.7,8.95,8.55,8.7,213828,EQ,,,
2009-02-16,8.7,8.9,7.9,8.2,232178,EQ,,,
2009-02-17,8.05,8.2,7.9,8.0,130979,EQ,,,
2009-02-18,8.05,8.1,7.9,8.0,92656,EQ,,,
2009-02-19,8.1,8.2,7.75,7.9,99166,EQ,,,
2009-02-20,7.8,8.0,7.8,7.9,96156,EQ,,,
2009-02-24,7.8,7.9,7.4,7.7,136075,EQ,,,
2009-02-25,8.0,8.0,7.8,7.9,50023,EQ,,,
2009-02-26,8.0,8.0,7.5,7.7,59104,EQ,,,
2009-02-27,7.7,7.8,7.45,7.6,137135,EQ,,,
2009-03-02,7.6,7.6,7.35,7.4,150068,EQ,,,
2009-03-03,7.3,7.4,7.3,7.3,122881,EQ,,,
2009-03-04,7.5,7.5,7.25,7.3,107933,EQ,,,
2009-03-05,7.6,7.6,7.25,7.3,77094,EQ,,,
2009-03-06,7.3,7.3,7.0,7.2,97759,EQ,,,
2009-03-09,7.2,7.3,7.0,7.1,57087,EQ,,,
2009-03-12,7.15,7.3,7.1,7.15,77313,EQ,,,
2009-03-13,7.3,7.3,7.0,7.15,85890,EQ,,,
2009-03-16,7.35,7.35,7.15,7.3,70924,EQ,,,
2009-03-17,7.4,7.55,7.25,7.3,74453,EQ,,,
2009-03-18,7.4,7.5,7.25,7.3,101484,EQ,,,
2009-03-19,7.4,7.5,7.25,7.4,150394,EQ,,,
2009-03-20,7.3,7.5,7.2,7.3,84807,EQ,,,
2009-03-23,7.4,7.5,7.3,7.4,112839,EQ,,,
2009-03-24,7.5,8.0,7.3,7.4,287953,EQ,,,
2009-03-25,7.4,7.6,7.3,7.4,110103,EQ,,,
2009-03-26,7.6,7.7,7.4,7.55,158152,EQ,,,
2009-03-27,7.6,8.1,7.6,7.85,260090,EQ,,,
2009-03-30,7.7,7.8,7.4,7.6,148669,EQ,,,
2009-03-31,7.7,7.7,7.5,7.6,109705,EQ,,,
2009-04-01,7.6,7.85,7.6,7.75,160775,EQ,,,
2009-04-02,7.95,8.15,7.75,7.95,289481,EQ,,,
2009-04-06,8.35,8.35,8.0,8.25,257817,EQ,,,
2009-04-08,8.15,9.25,8.0,9.15,611834,EQ,,,
2009-04-09,9.3,9.5,8.75,9.1,487156,EQ,,,
2009-04-13,9.45,9.85,9.2,9.6,582544,EQ,,,
2009-04-15,9.8,10.55,9.35,10.4,661735,EQ,,,
2009-04-16,10.45,10.85,9.95,10.1,541943,EQ,,,
2009-04-17,10.1,11.0,10.05,10.3,701972,EQ,,,
2009-04-20,10.3,11.1,9.7,10.0,354924,EQ,,,
2009-04-21,10.0,10.1,9.55,9.85,370853,EQ,,,
2009-04-22,10.05,10.3,9.55,9.7,297108,EQ,,,
2009-04-23,9.6,9.7,9.4,9.55,187007,EQ,,,
2009-04-24,9.45,9.8,9.45,9.7,122743,EQ,,,
2009-04-27,9.7,10.1,9.55,9.65,316960,EQ,,,
2009-04-28,9.5,10.85,9.5,10.0,973050,EQ,,,
2009-04-29,10.6,10.85,10.25,10.3,1860649,EQ,,,
2009-05-04,10.45,10.75,10.15,10.3,489186,EQ,,,
2009-05-05,10.4,10.5,10.15,10.25,302515,EQ,,,
2009-05-06,10.0,10.55,10.0,10.15,384814,EQ,,,
2009-05-07,10.15,10.4,10.05,10.1,178789,EQ,,,
2009-05-08,10.2,10.25,9.7,9.8,337183,EQ,,,
2009-05-11,9.95,10.0,9.55,9.7,177850,EQ,,,
2009-05-12,9.6,10.0,9.35,9.7,221822,EQ,,,
2009-05-13,9.7,10.0,9.55,9.7,190454,EQ,,,
2009-05-14,9.5,9.85,9.4,9.65,146495,EQ,,,
2009-05-15,9.7,9.95,9.65,9.8,148947,EQ,,,
2009-05-18,11.05,11.15,10.85,11.0,2300,EQ,,,
2009-05-19,11.8,12.1,10.25,11.2,1804196,EQ,,,
2009-05-20,11.2,13.45,11.2,13.45,1808669,EQ,,,
2009-05-21,13.95,16.2,13.95,15.85,1378684,EQ,,,
2009-05-22,15.8,17.3,14.7,16.0,2239322,EQ,,,
2009-05-25,16.55,17.05,16.2,16.7,1210268,EQ,,,
2009-05-26,16.7,17.05,15.05,15.2,1199303,EQ,,,
2009-05-27,15.5,15.55,14.6,14.9,819981,EQ,,,
2009-05-28,14.9,15.35,14.8,15.0,386574,EQ,,,
2009-05-29,15.0,15.5,14.85,15.15,981265,EQ,,,
2009-06-01,15.2,15.5,15.05,15.25,683207,EQ,,,
2009-06-02,15.5,15.5,14.9,15.15,516587,EQ,,,
2009-06-03,15.35,15.5,15.1,15.2,545162,EQ,,,
2009-06-04,15.4,16.7,15.2,16.35,1534779,EQ,,,
2009-06-05,16.8,17.7,16.2,16.3,1214550,EQ,,,
2009-06-08,16.6,17.05,15.2,15.45,771095,EQ,,,
2009-06-09,15.5,16.25,14.9,15.7,473271,EQ,,,
2009-06-10,16.05,16.55,15.5,15.8,520943,EQ,,,
2009-06-11,16.05,16.55,15.5,15.55,865589,EQ,,,
2009-06-12,16.55,16.55,15.5,15.55,721861,EQ,,,
2009-06-15,15.5,15.8,14.9,15.1,325508,EQ,,,
2009-06-16,15.1,15.1,14.3,14.9,294143,EQ,,,
2009-06-17,14.9,15.2,14.25,14.35,477538,EQ,,,
2009-06-18,14.5,14.6,13.4,13.8,508319,EQ,,,
2009-06-19,13.95,14.25,13.45,13.7,342707,EQ,,,
2009-06-22,14.0,14.55,13.7,14.15,411013,EQ,,,
2009-06-23,14.55,14.75,13.9,14.05,784706,EQ,,,
2009-06-24,14.25,15.05,13.85,14.35,1144843,EQ,,,
2009-06-25,14.8,14.8,13.95,14.05,402678,EQ,,,
2009-06-26,14.15,14.2,13.8,14.1,456543,EQ,,,
2009-06-29,14.35,14.7,14.2,14.6,678943,EQ,,,
2009-06-30,15.15,15.2,14.3,14.35,559983,EQ,,,
2009-07-01,14.65,14.8,14.15,14.15,808039,EQ,,,
2009-07-02,14.5,14.5,13.85,13.95,329699,EQ,,,
2009-07-03,14.05,14.2,13.7,13.8,363582,EQ,,,
2009-07-06,13.8,14.25,12.8,13.0,460385,EQ,,,
2009-07-07,13.45,13.45,12.4,12.55,367905,EQ,,,
2009-07-08,13.3,13.3,11.8,12.1,363551,EQ,,,
2009-07-09,12.1,12.55,11.9,12.45,200639,EQ,,,
2009-07-10,12.65,13.1,12.2,12.25,435800,EQ,,,
2009-07-13,11.15,12.25,11.15,11.9,242275,EQ,,,
2009-07-14,12.25,12.9,12.1,12.35,541998,EQ,,,
2009-07-15,12.55,13.3,12.5,13.1,434840,EQ,,,
2009-07-16,13.6,13.8,13.0,13.1,353305,EQ,,,
2009-07-17,13.4,13.6,13.15,13.4,300723,EQ,,,
2009-07-20,13.6,13.8,13.3,13.7,337365,EQ,,,
2009-07-21,13.7,13.7,13.4,13.6,215936,EQ,,,
2009-07-22,13.7,13.95,13.4,13.55,319226,EQ,,,
2009-07-23,13.8,14.0,13.65,13.95,296317,EQ,,,
2009-07-24,14.0,14.45,14.0,14.3,528183,EQ,,,
2009-07-27,14.45,14.8,14.35,14.8,499295,EQ,,,
2009-07-28,14.8,15.2,14.8,14.8,371572,EQ,,,
2009-07-29,14.8,14.85,14.2,14.5,316018,EQ,,,
2009-07-30,14.45,14.8,14.15,14.25,360427,EQ,,,
2009-07-31,14.45,14.8,14.15,14.25,443706,EQ,,,
2009-08-03,14.25,14.75,14.25,14.5,383562,EQ,,,
2009-08-04,14.55,14.85,14.45,14.8,529355,EQ,,,
2009-08-05,14.7,14.85,14.45,14.5,533184,EQ,,,
2009-08-06,14.5,14.5,13.65,13.7,828971,EQ,,,
2009-08-07,13.85,14.6,13.4,14.35,736869,EQ,,,
2009-08-10,14.5,14.6,14.0,14.2,742638,EQ,,,
2009-08-11,14.2,14.25,13.75,13.8,287259,EQ,,,
2009-08-12,13.65,14.1,13.6,13.95,267978,EQ,,,
2009-08-13,14.15,14.8,13.95,14.6,858939,EQ,,,
2009-08-14,14.45,14.75,14.2,14.6,712945,EQ,,,
2009-08-17,14.25,14.55,13.95,14.05,483849,EQ,,,
2009-08-18,13.95,14.15,13.85,14.0,289657,EQ,,,
2009-08-19,14.1,14.15,13.65,13.8,281592,EQ,,,
2009-08-20,13.95,14.15,13.7,13.8,272792,EQ,,,
2009-08-21,13.9,14.5,13.8,14.25,583791,EQ,,,
2009-08-24,14.45,14.85,14.4,14.6,743118,EQ,,,
2009-08-25,14.6,14.9,14.5,14.75,522811,EQ,,,
2009-08-26,14.75,15.1,14.75,15.0,475219,EQ,,,
2009-08-27,15.1,15.45,15.05,15.1,498206,EQ,,,
2009-08-28,15.2,16.4,14.9,15.85,1290350,EQ,,,
2009-08-31,15.65,17.35,15.6,17.0,3759847,EQ,,,
2009-09-01,17.05,17.8,15.8,15.95,1951538,EQ,,,
2009-09-02,16.6,16.7,15.65,16.2,809091,EQ,,,
2009-09-03,16.4,16.55,15.85,16.05,594725,EQ,,,
2009-09-04,16.2,16.25,15.8,16.0,445387,EQ,,,
2009-09-07,16.2,16.55,16.1,16.2,564088,EQ,,,
2009-09-08,16.25,16.5,15.8,16.0,645786,EQ,,,
2009-09-09,16.1,17.15,15.55,16.9,1488846,EQ,,,
2009-09-10,17.2,17.3,16.2,16.3,1342065,EQ,,,
2009-09-11,16.55,17.2,16.2,17.0,1557441,EQ,,,
2009-09-14,16.7,17.6,16.4,17.0,1532865,EQ,,,
2009-09-15,17.3,18.1,17.05,17.8,2162929,EQ,,,
2009-09-16,17.95,18.2,17.45,17.55,1128566,EQ,,,
2009-09-17,17.65,17.9,17.15,17.2,819113,EQ,,,
2009-09-18,17.2,17.9,16.7,17.55,956963,EQ,,,
2009-09-22,17.55,17.65,16.9,17.05,844308,EQ,,,
2009-09-23,17.1,17.75,16.9,16.95,1168499,EQ,,,
2009-09-24,17.2,17.75,16.5,17.55,1210453,EQ,,,
2009-09-25,17.45,18.7,17.35,18.2,3261392,EQ,,,
2009-09-29,19.25,19.25,18.65,18.85,2429439,EQ,,,
2009-09-30,18.95,19.3,18.5,19.1,1560357,EQ,,,
2009-10-01,19.15,19.3,18.65,18.7,1084723,EQ,,,
2009-10-05,19.3,19.3,17.95,18.1,745449,EQ,,,
2009-10-06,18.35,18.45,17.6,17.9,773663,EQ,,,
2009-10-07,18.15,18.5,17.8,17.9,729526,EQ,,,
2009-10-08,17.95,18.2,17.6,17.8,472085,EQ,,,
2009-10-09,17.95,17.95,16.9,17.05,756922,EQ,,,
2009-10-12,17.2,17.35,17.05,17.2,390639,EQ,,,
2009-10-14,17.35,18.55,17.3,18.35,1458309,EQ,,,
2009-10-15,18.5,18.55,17.85,18.05,625340,EQ,,,
2009-10-16,18.2,18.6,17.9,18.5,1175168,EQ,,,
2009-10-17,18.5,19.05,18.5,18.95,736156,EQ,,,
2009-10-20,19.3,19.55,18.55,18.95,2984004,EQ,,,
2009-10-21,19.3,19.6,18.7,18.85,1678607,EQ,,,
2009-10-22,19.2,19.2,17.95,18.2,709888,EQ,,,
2009-10-23,19.1,19.1,18.0,18.1,898996,EQ,,,
2009-10-26,18.25,18.55,17.5,17.6,488256,EQ,,,
2009-10-27,17.85,17.85,16.85,17.0,719513,EQ,,,
2009-10-28,17.35,17.35,16.45,16.75,747298,EQ,,,
2009-10-29,17.0,17.0,16.4,16.75,347944,EQ,,,
2009-10-30,16.9,17.65,16.55,16.65,990073,EQ,,,
2009-11-03,17.3,17.3,15.5,16.0,666208,EQ,,,
2009-11-04,16.45,16.9,16.05,16.7,1009657,EQ,,,
2009-11-05,16.9,17.25,16.4,16.9,809736,EQ,,,
2009-11-06,17.95,18.5,17.2,17.9,1148081,EQ,,,
2009-11-09,18.2,18.65,17.7,18.55,1209493,EQ,,,
2009-11-10,18.65,18.95,18.15,18.2,1195839,EQ,,,
2009-11-11,18.55,18.9,18.2,18.55,2042220,EQ,,,
2009-11-12,16.3,16.9,15.65,16.3,1982535,EQ,,,
2009-11-13,16.35,16.4,15.65,15.85,846571,EQ,,,
2009-11-16,15.8,16.1,15.55,15.6,577352,EQ,,,
2009-11-17,15.65,15.8,15.5,15.5,290986,EQ,,,
2009-11-18,15.55,15.75,15.4,15.65,617986,EQ,,,
2009-11-19,15.65,15.65,15.2,15.35,455258,EQ,,,
2009-11-20,15.3,15.75,15.2,15.65,599920,EQ,,,
2009-11-23,15.8,16.5,15.5,16.1,1176167,EQ,,,
2009-11-24,16.1,16.25,15.85,16.05,774572,EQ,,,
2009-11-25,15.85,16.1,15.8,15.95,385249,EQ,,,
2009-11-26,15.95,15.95,15.35,15.5,346253,EQ,,,
2009-11-27,15.5,15.5,14.85,15.2,490756,EQ,,,
2009-11-30,15.5,15.85,15.2,15.65,565290,EQ,,,
2009-12-01,15.65,15.9,15.5,15.8,426856,EQ,,,
2009-12-02,15.85,16.05,15.75,15.85,514448,EQ,,,
2009-12-03,15.95,16.1,15.55,15.6,359811,EQ,,,
2009-12-04,15.5,15.75,15.4,15.5,246423,EQ,,,
2009-12-07,15.5,15.85,15.2,15.45,712187,EQ,,,
2009-12-08,15.5,16.05,15.5,15.65,800445,EQ,,,
2009-12-09,15.5,15.95,15.2,15.55,450001,EQ,,,
2009-12-10,15.8,15.8,15.5,15.55,324405,EQ,,,
2009-12-11,15.55,15.8,15.4,15.5,470337,EQ,,,
2009-12-14,15.55,15.85,15.4,15.5,922621,EQ,,,
2009-12-15,15.5,15.8,14.9,15.05,778455,EQ,,,
2009-12-16,15.2,15.2,14.8,15.0,365853,EQ,,,
2009-12-17,15.35,15.35,14.85,15.0,293609,EQ,,,
2009-12-18,15.1,15.1,14.85,14.9,284734,EQ,,,
2009-12-21,14.85,15.1,14.65,14.8,270951,EQ,,,
2009-12-22,14.85,14.95,14.8,14.8,336976,EQ,,,
2009-12-23,15.0,15.2,14.85,15.1,587397,EQ,,,
2009-12-24,14.85,15.5,14.85,15.2,644617,EQ,,,
2009-12-29,15.25,15.4,15.2,15.35,271448,EQ,,,
2009-12-30,15.35,15.95,15.3,15.85,1555695,EQ,,,
2009-12-31,15.95,16.2,15.85,15.95,605796,EQ,,,
2010-01-04,16.1,16.45,15.8,16.1,1051140,EQ,,,
2010-01-05,16.3,16.55,16.15,16.25,613702,EQ,,,
2010-01-06,16.4,16.4,15.85,16.15,1263180,EQ,,,
2010-01-07,16.7,16.7,16.0,16.2,1774087,EQ,,,
2010-01-08,16.35,16.35,16.1,16.2,641455,EQ,,,
2010-01-11,14.6,16.4,14.6,16.3,636494,EQ,,,
2010-01-12,16.25,16.65,16.1,16.3,864431,EQ,,,
2010-01-13,16.3,16.55,15.95,16.5,758225,EQ,,,
2010-01-14,16.7,16.7,16.25,16.3,427289,EQ,,,
2010-01-15,16.4,16.55,16.3,16.5,545572,EQ,,,
2010-01-18,16.6,19.8,16.6,19.35,12675240,EQ,,,
2010-01-19,20.3,20.95,18.95,19.35,16983979,EQ,,,
2010-01-20,19.6,19.85,18.95,19.1,2747540,EQ,,,
2010-01-21,19.2,19.2,18.1,18.4,2242687,EQ,,,
2010-01-22,17.95,18.85,17.1,18.4,3045214,EQ,,,
2010-01-25,18.25,18.55,17.9,18.1,1230994,EQ,,,
2010-01-27,17.95,18.25,16.85,17.3,1243345,EQ,,,
2010-01-28,17.45,18.2,17.3,17.7,1402422,EQ,,,
2010-01-29,17.2,18.55,17.05,18.5,1998200,EQ,,,
2010-02-01,18.65,18.75,18.2,18.6,1439347,EQ,,,
2010-02-02,18.95,19.15,18.35,18.5,1054543,EQ,,,
2010-02-03,18.5,18.85,18.2,18.4,804789,EQ,,,
2010-02-04,17.85,19.1,17.85,18.4,1350408,EQ,,,
2010-02-05,17.0,18.1,17.0,17.8,1338425,EQ,,,
2010-02-06,17.9,18.2,17.8,17.9,166655,EQ,,,
2010-02-08,17.95,18.5,17.85,18.4,1205850,EQ,,,
2010-02-09,18.25,18.35,17.95,18.1,553141,EQ,,,
2010-02-10,18.2,18.25,17.9,18.0,319399,EQ,,,
2010-02-11,18.5,18.5,18.05,18.25,571877,EQ,,,
2010-02-15,18.25,19.1,18.25,18.45,531996,EQ,,,
2010-02-16,18.55,18.7,17.85,18.15,854169,EQ,,,
2010-02-17,18.65,19.0,18.35,18.5,1103015,EQ,,,
2010-02-18,18.65,18.65,18.45,18.55,633931,EQ,,,
2010-02-19,18.5,18.85,17.65,17.9,1554126,EQ,,,
2010-02-22,18.55,18.55,17.85,17.95,392990,EQ,,,
2010-02-23,18.05,18.2,17.65,17.9,409201,EQ,,,
2010-02-24,17.8,17.9,17.55,17.6,1309112,EQ,,,
2010-02-25,17.8,17.8,17.5,17.7,360515,EQ,,,
2010-02-26,17.95,18.5,17.5,18.05,780543,EQ,,,
2010-03-02,18.15,18.55,18.15,18.2,372887,EQ,,,
2010-03-03,18.55,18.55,18.15,18.4,720116,EQ,,,
2010-03-04,18.55,18.95,18.4,18.55,2103584,EQ,,,
2010-03-05,18.8,18.8,18.3,18.4,523724,EQ,,,
2010-03-08,18.55,18.65,18.2,18.4,567814,EQ,,,
2010-03-09,18.55,18.7,18.2,18.55,858085,EQ,,,
2010-03-10,18.55,18.55,17.9,17.95,969515,EQ,,,
2010-03-11,17.9,17.95,17.45,17.9,471012,EQ,,,
2010-03-12,17.9,18.25,17.6,17.7,512561,EQ,,,
2010-03-15,17.65,17.8,17.4,17.45,442132,EQ,,,
2010-03-16,17.45,17.75,17.45,17.6,554556,EQ,,,
2010-03-17,17.85,17.85,17.45,17.5,455171,EQ,,,
2010-03-18,17.5,17.6,17.0,17.1,556640,EQ,,,
2010-03-19,17.35,17.5,16.9,17.0,1908361,EQ,,,
2010-03-22,16.7,17.3,16.55,16.9,519969,EQ,,,
2010-03-23,17.1,17.2,16.9,16.95,353202,EQ,,,
2010-03-25,17.0,17.35,16.95,17.2,560092,EQ,,,
2010-03-26,17.6,17.9,17.35,17.65,693688,EQ,,,
2010-03-29,17.75,17.9,17.45,17.5,553613,EQ,,,
2010-03-30,17.35,17.9,17.2,17.6,654447,EQ,,,
2010-03-31,17.75,17.9,17.55,17.8,453947,EQ,,,
2010-04-01,17.8,18.0,17.6,17.9,572340,EQ,,,
2010-04-05,18.1,18.5,17.9,18.35,948387,EQ,,,
2010-04-06,18.2,18.5,18.1,18.15,685617,EQ,,,
2010-04-07,18.2,18.5,18.1,18.2,1034766,EQ,,,
2010-04-08,17.95,18.35,17.95,18.05,434726,EQ,,,
2010-04-09,18.0,18.35,17.6,17.9,757570,EQ,,,
2010-04-12,17.95,18.05,17.75,17.8,401051,EQ,,,
2010-04-13,17.95,21.3,17.8,20.8,16544826,EQ,,,
2010-04-15,20.8,20.85,19.4,19.6,5841094,EQ,,,
2010-04-16,19.5,20.0,19.3,19.6,1417051,EQ,,,
2010-04-19,19.3,19.9,18.75,19.6,1286436,EQ,,,
2010-04-20,19.7,20.3,19.45,20.0,1935767,EQ,,,
2010-04-21,20.05,20.3,19.3,19.6,1344976,EQ,,,
2010-04-22,19.2,20.2,19.2,19.6,1660543,EQ,,,
2010-04-23,19.7,20.15,19.55,20.05,1553236,EQ,,,
2010-04-26,20.0,20.25,19.8,20.0,966537,EQ,,,
2010-04-27,19.85,21.75,19.75,21.4,9359464,EQ,,,
2010-04-28,20.6,21.3,20.2,20.8,3497690,EQ,,,
2010-04-29,21.0,21.2,20.8,20.85,1191375,EQ,,,
2010-04-30,21.1,21.4,20.8,20.85,1065567,EQ,,,
2010-05-03,20.85,21.2,20.5,20.6,726453,EQ,,,
2010-05-04,20.6,20.95,19.6,19.75,784616,EQ,,,
2010-05-05,19.25,23.55,19.25,20.4,1978322,EQ,,,
2010-05-06,20.1,22.4,20.1,21.9,6158651,EQ,,,
2010-05-07,21.1,21.5,20.5,20.8,2878382,EQ,,,
2010-05-10,20.8,21.85,20.8,21.5,2275029,EQ,,,
2010-05-11,21.55,21.55,20.85,21.0,827410,EQ,,,
2010-05-12,21.0,21.25,20.45,20.8,655217,EQ,,,
2010-05-13,21.05,21.05,20.5,20.6,613910,EQ,,,
2010-05-14,20.5,20.8,20.3,20.45,624148,EQ,,,
2010-05-17,17.8,20.8,17.8,20.6,736962,EQ,,,
2010-05-18,20.6,20.95,20.45,20.6,629510,EQ,,,
2010-05-19,20.8,22.0,20.55,20.75,3030295,EQ,,,
2010-05-20,20.95,21.15,20.5,20.85,1075640,EQ,,,
2010-05-21,20.6,20.7,20.2,20.55,639047,EQ,,,
2010-05-24,20.8,21.0,20.45,20.55,438566,EQ,,,
2010-05-25,20.5,20.65,19.55,19.7,518214,EQ,,,
2010-05-26,19.85,20.7,19.3,20.2,925340,EQ,,,
2010-05-27,20.4,20.45,20.15,20.25,509771,EQ,,,
2010-05-28,20.5,21.1,20.4,20.7,865197,EQ,,,
2010-05-31,20.8,21.4,20.7,21.1,1570627,EQ,,,
2010-06-01,21.3,22.45,20.95,21.95,5395926,EQ,,,
2010-06-02,21.7,22.6,21.55,22.0,4859484,EQ,,,
2010-06-03,22.55,22.6,21.6,21.7,3009286,EQ,,,
2010-06-04,21.7,22.3,21.6,21.7,2553858,EQ,,,
2010-06-07,21.1,21.65,20.5,21.4,1404956,EQ,,,
2010-06-08,21.5,21.8,20.8,20.95,1066779,EQ,,,
2010-06-09,20.95,21.4,20.9,20.95,824005,EQ,,,
2010-06-10,21.2,21.2,20.8,20.85,916925,EQ,,,
2010-06-11,21.1,21.3,20.9,20.95,704118,EQ,,,
2010-06-14,21.2,21.3,20.95,21.2,700828,EQ,,,
2010-06-15,21.2,21.5,21.0,21.4,813168,EQ,,,
2010-06-16,21.4,21.65,21.2,21.3,992415,EQ,,,
2010-06-17,21.3,21.35,20.9,21.15,474113,EQ,,,
2010-06-18,21.3,21.3,20.9,20.95,369442,EQ,,,
2010-06-21,21.0,21.35,20.8,20.9,403864,EQ,,,
2010-06-22,21.1,21.4,20.8,20.9,1523430,EQ,,,
2010-06-23,20.95,21.35,20.85,21.2,722176,EQ,,,
2010-06-24,21.1,22.6,21.1,22.0,6186558,EQ,,,
2010-06-25,22.15,22.15,21.4,21.55,1126800,EQ,,,
2010-06-28,21.85,22.3,21.5,22.25,1793979,EQ,,,
2010-06-29,22.3,22.6,21.85,22.0,1604400,EQ,,,
2010-06-30,22.0,22.7,21.95,22.45,2726495,EQ,,,
2010-07-01,22.0,22.5,22.0,22.35,1009763,EQ,,,
2010-07-02,22.2,23.5,22.05,23.05,3645239,EQ,,,
2010-07-05,22.65,23.05,22.0,22.65,873957,EQ,,,
2010-07-06,22.4,23.0,22.4,22.65,857952,EQ,,,
2010-07-07,22.6,23.45,22.5,23.1,1681549,EQ,,,
2010-07-08,23.5,23.5,22.95,23.05,1549709,EQ,,,
2010-07-09,23.1,23.85,23.1,23.7,2274687,EQ,,,
2010-07-12,23.7,23.9,23.35,23.45,1127011,EQ,,,
2010-07-13,23.7,23.9,23.45,23.8,1222915,EQ,,,
2010-07-14,23.85,24.0,23.6,23.7,902352,EQ,,,
2010-07-15,23.7,24.3,23.6,24.1,1359858,EQ,,,
2010-07-16,24.2,24.75,24.15,24.65,1905888,EQ,,,
2010-07-19,24.75,25.05,24.55,24.85,1225313,EQ,,,
2010-07-20,25.05,25.2,24.8,24.95,1294219,EQ,,,
2010-07-21,24.9,25.05,24.3,24.4,1407795,EQ,,,
2010-07-22,23.9,24.35,23.85,24.15,813666,EQ,,,
2010-07-23,24.4,24.4,23.9,24.1,914804,EQ,,,
2010-07-26,24.1,24.2,23.6,23.8,589151,EQ,,,
2010-07-27,23.55,24.35,23.0,23.85,725915,EQ,,,
2010-07-28,24.05,24.1,23.55,23.85,734651,EQ,,,
2010-07-29,23.7,24.6,23.7,24.5,932122,EQ,,,
2010-07-30,24.8,24.9,24.5,24.5,866251,EQ,,,
2010-08-02,24.9,25.4,24.65,24.7,1341840,EQ,,,
2010-08-03,24.95,24.95,24.5,24.7,970458,EQ,,,
2010-08-04,24.95,24.95,24.5,24.7,702878,EQ,,,
2010-08-05,24.9,24.95,24.55,24.6,850664,EQ,,,
2010-08-06,24.8,26.2,24.65,25.4,3155697,EQ,,,
2010-08-09,25.7,26.2,25.55,25.8,1417075,EQ,,,
2010-08-10,26.15,26.15,25.4,25.7,1117452,EQ,,,
2010-08-11,25.9,25.9,25.1,25.3,806446,EQ,,,
2010-08-12,24.8,25.8,24.55,25.65,1029397,EQ,,,
2010-08-13,25.85,27.8,25.7,27.25,3236386,EQ,,,
2010-08-16,27.55,28.45,27.05,28.1,2593728,EQ,,,
2010-08-17,28.2,30.55,28.15,29.4,5736844,EQ,,,
2010-08-18,29.6,30.2,29.4,29.55,1872140,EQ,,,
2010-08-19,29.9,29.9,28.85,29.3,1220195,EQ,,,
2010-08-20,29.2,29.8,28.6,29.35,1987643,EQ,,,
2010-08-23,29.6,29.8,29.0,29.3,1406915,EQ,,,
2010-08-24,29.8,29.8,28.65,28.95,1672605,EQ,,,
2010-08-25,28.5,29.0,27.3,28.55,2200188,EQ,,,
2010-08-26,28.75,29.05,27.9,28.05,703310,EQ,,,
2010-08-27,28.05,28.9,27.65,27.95,1252017,EQ,,,
2010-08-30,28.7,28.7,27.05,27.25,1165930,EQ,,,
2010-08-31,27.25,27.25,26.7,27.1,982181,EQ,,,
2010-09-01,27.25,28.05,27.2,27.9,742352,EQ,,,
2010-09-02,28.4,28.4,27.9,28.1,951871,EQ,,,
2010-09-03,28.45,28.65,27.75,28.55,1004860,EQ,,,
2010-09-06,28.8,28.8,28.4,28.6,1066028,EQ,,,
2010-09-07,28.65,29.0,28.45,28.8,760715,EQ,,,
2010-09-08,28.45,29.0,28.45,28.85,726169,EQ,,,
2010-09-09,28.9,29.0,28.5,28.65,438633,EQ,,,
2010-09-13,28.7,29.0,28.1,28.3,1118949,EQ,,,
2010-09-14,28.7,28.8,28.3,28.45,932603,EQ,,,
2010-09-15,28.7,30.3,28.35,29.65,2145523,EQ,,,
2010-09-16,29.8,30.2,28.95,29.15,2034563,EQ,,,
2010-09-17,30.2,30.2,28.6,28.8,789727,EQ,,,
2010-09-20,29.3,29.8,28.4,29.35,2010662,EQ,,,
2010-09-21,29.8,29.8,28.6,28.7,752341,EQ,,,
2010-09-22,28.8,28.9,27.95,28.1,774272,EQ,,,
2010-09-23,27.9,28.6,27.55,28.2,1322373,EQ,,,
2010-09-24,28.3,28.45,27.95,28.3,837621,EQ,,,
2010-09-27,28.45,29.05,28.3,28.6,1014821,EQ,,,
2010-09-28,28.7,28.75,28.2,28.3,487780,EQ,,,
2010-09-29,28.35,28.65,27.95,28.0,403229,EQ,,,
2010-09-30,27.9,28.2,27.6,27.95,380229,EQ,,,
2010-10-01,27.95,28.45,27.8,28.25,550768,EQ,,,
2010-10-04,28.3,29.5,28.3,29.15,1939484,EQ,,,
2010-10-05,29.15,29.55,29.15,29.2,922379,EQ,,,
2010-10-06,29.45,29.8,29.2,29.45,1353226,EQ,,,
2010-10-07,29.4,29.65,28.7,28.8,729996,EQ,,,
2010-10-08,29.1,29.3,28.4,29.2,692997,EQ,,,
2010-10-11,29.45,29.8,29.05,29.4,1482538,EQ,,,
2010-10-12,29.0,30.2,29.0,29.35,1781440,EQ,,,
2010-10-13,29.45,29.8,29.0,29.1,1019516,EQ,,,
2010-10-14,29.4,29.7,28.7,28.9,691029,EQ,,,
2010-10-15,29.15,29.3,28.7,28.7,726546,EQ,,,
2010-10-18,28.75,29.0,28.2,28.6,493757,EQ,,,
2010-10-19,28.5,28.75,28.4,28.5,760925,EQ,,,
2010-10-20,28.5,28.6,28.05,28.1,720155,EQ,,,
2010-10-21,28.25,28.7,28.25,28.45,291075,EQ,,,
2010-10-22,28.9,28.9,28.3,28.4,453081,EQ,,,
2010-10-25,28.7,29.7,28.4,28.6,660879,EQ,,,
2010-10-26,28.75,28.9,28.4,28.45,733851,EQ,,,
2010-10-27,28.5,29.6,28.2,29.3,1780110,EQ,,,
2010-10-28,29.8,32.0,29.45,31.2,12849782,EQ,,,
2010-10-29,31.3,32.5,30.85,31.35,7320435,EQ,,,
2010-11-01,32.1,32.35,30.9,31.3,3602095,EQ,,,
2010-11-02,31.3,31.45,30.55,30.8,2123418,EQ,,,
2010-11-03,30.8,31.3,30.3,30.45,1378568,EQ,,,
2010-11-04,30.5,30.65,30.15,30.3,1017220,EQ,,,
2010-11-05,30.95,31.7,30.4,31.3,871061,EQ,,,
2010-11-08,30.5,31.7,30.5,30.85,1149697,EQ,,,
2010-11-09,30.95,31.45,30.4,30.55,989116,EQ,,,
2010-11-10,30.6,31.55,30.45,30.55,2073338,EQ,,,
2010-11-11,30.9,31.5,30.5,30.55,1544232,EQ,,,
2010-11-12,30.8,30.9,29.6,29.9,1038239,EQ,,,
2010-11-15,30.4,31.35,29.45,30.9,3661080,EQ,,,
2010-11-16,31.4,31.5,29.85,30.1,2417815,EQ,,,
2010-11-18,30.35,30.95,28.6,30.4,1827083,EQ,,,
2010-11-19,30.4,30.7,29.8,30.15,1041463,EQ,,,
2010-11-22,30.4,30.85,29.8,30.55,795386,EQ,,,
2010-11-23,30.3,30.85,29.45,30.7,1206364,EQ,,,
2010-11-24,30.7,30.85,29.8,30.05,674959,EQ,,,
2010-11-25,30.1,30.4,29.3,29.55,733019,EQ,,,
2010-11-26,29.8,31.75,27.95,30.9,3781044,EQ,,,
2010-11-29,31.55,31.6,30.1,30.8,740173,EQ,,,
2010-11-30,30.7,31.25,30.1,30.85,1470520,EQ,,,
2010-12-01,30.95,31.9,30.95,31.45,1792681,EQ,,,
2010-12-02,31.7,32.55,31.35,32.0,1992716,EQ,,,
2010-12-03,32.2,33.1,31.35,31.65,2200719,EQ,,,
2010-12-06,32.1,32.45,30.85,31.0,934109,EQ,,,
2010-12-07,31.25,31.25,30.2,30.7,696385,EQ,,,
2010-12-08,30.4,30.95,29.3,29.65,1003733,EQ,,,
2010-12-09,29.65,29.8,27.95,28.15,1019189,EQ,,,
2010-12-10,27.4,29.05,26.75,28.3,1157084,EQ,,,
2010-12-13,28.7,29.3,28.5,29.0,505192,EQ,,,
2010-12-14,29.2,29.6,28.9,29.4,514990,EQ,,,
2010-12-15,30.0,30.4,28.95,29.2,740937,EQ,,,
2010-12-16,29.15,29.45,28.6,29.0,866154,EQ,,,
2010-12-20,28.8,29.4,28.8,29.05,346832,EQ,,,
2010-12-21,29.05,31.55,29.0,31.1,2180348,EQ,,,
2010-12-22,31.9,33.4,30.85,31.25,17437241,EQ,,,
2010-12-23,31.4,31.8,30.55,31.1,2210999,EQ,,,
2010-12-24,31.0,31.45,30.7,30.85,1124611,EQ,,,
2010-12-27,30.85,31.45,30.5,30.65,739093,EQ,,,
2010-12-28,30.45,31.05,30.3,30.5,654318,EQ,,,
2010-12-29,30.4,30.8,29.8,30.2,768517,EQ,,,
2010-12-30,30.1,30.6,30.1,30.2,590985,EQ,,,
2010-12-31,30.75,31.1,30.25,30.75,837791,EQ,,,
2011-01-03,31.2,31.25,30.55,30.8,498141,EQ,,,
2011-01-04,30.8,31.5,30.5,31.2,1067815,EQ,,,
2011-01-05,31.1,31.3,30.45,30.5,657119,EQ,,,
2011-01-06,30.65,30.75,29.45,29.6,834733,EQ,,,
2011-01-07,29.45,29.65,28.45,28.6,938681,EQ,,,
2011-01-10,28.5,28.8,27.1,27.2,1167110,EQ,,,
2011-01-11,27.15,27.75,26.8,27.1,894205,EQ,,,
2011-01-12,27.5,27.55,26.05,27.2,1171973,EQ,,,
2011-01-13,27.25,28.45,27.2,28.25,1667011,EQ,,,
2011-01-14,28.2,28.8,27.5,27.8,1062173,EQ,,,
2011-01-17,27.9,28.1,27.2,27.25,493573,EQ,,,
2011-01-18,27.55,27.8,27.3,27.45,318686,EQ,,,
2011-01-19,27.8,27.95,27.25,27.8,517246,EQ,,,
2011-01-20,27.8,28.5,27.45,28.3,639456,EQ,,,
2011-01-21,28.25,28.7,28.05,28.6,641242,EQ,,,
2011-01-24,28.6,29.0,28.4,28.6,260658,EQ,,,
2011-01-25,28.8,28.9,27.35,27.6,607162,EQ,,,
2011-01-27,27.55,27.8,26.9,27.15,613367,EQ,,,
2011-01-28,27.05,27.2,26.05,26.3,672541,EQ,,,
2011-01-31,26.05,26.7,25.15,26.05,851409,EQ,,,
2011-02-01,26.45,26.45,25.7,25.9,416384,EQ,,,
2011-02-02,26.05,26.3,23.65,24.0,1866503,EQ,,,
2011-02-03,23.55,25.3,22.55,24.9,1080417,EQ,,,
2011-02-04,24.85,25.55,24.05,24.2,782074,EQ,,,
2011-02-07,24.5,24.55,23.7,24.05,811867,EQ,,,
2011-02-08,24.05,24.4,23.25,23.6,494644,EQ,,,
2011-02-09,24.05,24.5,21.6,23.0,805586,EQ,,,
2011-02-10,22.95,23.5,22.45,23.05,1156439,EQ,,,
2011-02-11,23.35,23.8,22.65,23.75,800096,EQ,,,
2011-02-14,23.85,26.0,23.85,25.75,1182704,EQ,,,
2011-02-15,26.05,26.45,25.4,26.3,1015329,EQ,,,
2011-02-16,26.6,27.1,26.15,27.0,621480,EQ,,,
2011-02-17,27.25,27.8,26.9,27.4,858470,EQ,,,
2011-02-18,27.45,29.15,27.4,28.45,2120496,EQ,,,
2011-02-21,28.5,28.8,27.5,28.05,544945,EQ,,,
2011-02-22,27.9,28.2,27.3,28.05,378325,EQ,,,
2011-02-23,28.05,28.05,27.2,27.7,504465,EQ,,,
2011-02-24,27.2,27.7,26.05,26.2,417588,EQ,,,
2011-02-25,26.45,26.8,24.95,25.5,456119,EQ,,,
2011-02-28,26.8,27.75,25.5,27.15,1358785,EQ,,,
2011-03-01,27.4,28.2,27.3,28.1,887480,EQ,,,
2011-03-03,28.2,28.2,27.25,27.8,718509,EQ,,,
2011-03-04,28.35,28.75,27.9,27.95,420736,EQ,,,
2011-03-07,27.75,27.95,27.1,27.65,368281,EQ,,,
2011-03-08,28.1,28.6,27.8,28.4,539132,EQ,,,
2011-03-09,28.4,28.6,28.1,28.4,323440,EQ,,,
2011-03-10,28.4,28.75,27.95,28.45,364903,EQ,,,
2011-03-11,27.9,28.5,27.9,28.4,294969,EQ,,,
2011-03-14,28.4,28.5,28.05,28.3,313229,EQ,,,
2011-03-15,27.8,28.35,27.4,28.1,316846,EQ,,,
2011-03-16,28.45,28.5,27.8,27.95,186462,EQ,,,
2011-03-17,27.9,28.3,27.8,28.1,225233,EQ,,,
2011-03-18,28.0,28.1,26.8,27.15,234557,EQ,,,
2011-03-21,26.8,27.55,26.75,26.75,387279,EQ,,,
2011-03-22,27.1,27.1,26.55,26.6,353637,EQ,,,
2011-03-23,27.1,27.15,26.6,26.8,386366,EQ,,,
2011-03-24,26.8,27.7,26.8,27.4,366081,EQ,,,
2011-03-25,27.45,27.9,27.45,27.7,493638,EQ,,,
2011-03-28,27.45,27.9,27.3,27.4,554985,EQ,,,
2011-03-29,27.4,28.05,27.35,27.8,310814,EQ,,,
2011-03-30,28.15,28.35,27.45,27.7,795309,EQ,,,
2011-03-31,27.85,28.1,27.65,27.8,322030,EQ,,,
2011-04-01,28.0,29.0,27.8,28.7,846968,EQ,,,
2011-04-04,29.9,30.7,29.45,30.2,3105801,EQ,,,
2011-04-05,29.8,30.7,29.8,30.4,1059357,EQ,,,
2011-04-06,30.5,30.5,29.9,30.1,583705,EQ,,,
2011-04-07,30.35,30.35,29.8,30.1,573007,EQ,,,
2011-04-08,30.1,30.2,29.45,29.6,2123152,EQ,,,
2011-04-11,29.65,29.8,28.8,28.95,254521,EQ,,,
2011-04-13,28.8,30.5,28.8,30.25,1324594,EQ,,,
2011-04-15,30.45,30.5,29.25,29.4,1103967,EQ,,,
2011-04-18,29.65,30.35,28.3,28.6,513785,EQ,,,
2011-04-19,28.5,29.1,28.25,28.6,787407,EQ,,,
2011-04-20,29.0,29.25,28.45,28.8,560065,EQ,,,
2011-04-21,29.0,29.3,28.4,28.55,628001,EQ,,,
2011-04-25,28.5,28.95,27.6,27.8,692353,EQ,,,
2011-04-26,27.9,28.8,27.35,28.65,1043500,EQ,,,
2011-04-27,28.8,28.8,27.5,27.6,988166,EQ,,,
2011-04-28,27.85,27.9,27.25,27.4,458348,EQ,,,
2011-04-29,27.45,27.75,26.65,27.0,461842,EQ,,,
2011-05-02,27.25,27.5,26.65,27.1,308396,EQ,,,
2011-05-03,27.05,27.5,26.45,26.6,587550,EQ,,,
2011-05-04,26.65,26.65,26.15,26.4,451313,EQ,,,
2011-05-05,26.45,27.0,25.9,26.05,355273,EQ,,,
2011-05-06,26.3,26.6,25.4,26.4,350825,EQ,,,
2011-05-09,26.6,26.8,26.05,26.7,235361,EQ,,,
2011-05-10,26.65,26.85,26.2,26.6,201976,EQ,,,
2011-05-11,26.4,27.25,26.3,26.9,396878,EQ,,,
2011-05-12,26.45,26.9,26.45,26.65,274866,EQ,,,
2011-05-13,27.9,27.9,26.45,26.7,290939,EQ,,,
2011-05-16,26.45,26.95,26.35,26.45,169977,EQ,,,
2011-05-17,26.45,26.65,26.0,26.05,193672,EQ,,,
2011-05-18,26.3,26.45,25.75,25.9,166454,EQ,,,
2011-05-19,26.05,26.05,25.75,25.9,214827,EQ,,,
2011-05-20,25.7,26.45,25.7,26.1,189659,EQ,,,
2011-05-23,25.6,26.05,25.6,25.8,156262,EQ,,,
2011-05-24,26.05,26.45,25.7,26.2,329689,EQ,,,
2011-05-25,26.05,26.35,25.85,26.05,194148,EQ,,,
2011-05-26,26.0,26.45,26.0,26.2,293124,EQ,,,
2011-05-27,26.15,27.4,26.15,27.2,1485931,EQ,,,
2011-05-30,27.25,27.85,26.05,26.45,1046640,EQ,,,
2011-05-31,26.6,27.55,26.6,27.4,833249,EQ,,,
2011-06-01,27.9,27.9,27.15,27.25,378089,EQ,,,
2011-06-02,27.2,28.1,26.85,27.8,884007,EQ,,,
2011-06-03,27.8,28.05,27.25,27.4,160128,EQ,,,
2011-06-06,27.45,27.8,26.8,27.65,251608,EQ,,,
2011-06-07,27.45,28.65,27.45,28.3,601515,EQ,,,
2011-06-08,28.1,28.35,27.9,28.0,233861,EQ,,,
2011-06-09,28.4,28.4,27.9,27.95,216065,EQ,,,
2011-06-10,28.4,28.4,27.8,27.95,319417,EQ,,,
2011-06-13,28.05,28.2,27.7,28.1,254900,EQ,,,
2011-06-14,28.3,28.3,27.9,27.95,143907,EQ,,,
2011-06-15,28.05,28.1,27.8,27.9,155230,EQ,,,
2011-06-16,27.8,28.0,27.7,27.9,210536,EQ,,,
2011-06-17,28.05,28.1,27.8,27.9,175238,EQ,,,
2011-06-20,28.05,28.1,27.55,27.85,333214,EQ,,,
2011-06-21,27.8,28.1,27.7,27.8,344522,EQ,,,
2011-06-22,26.75,28.1,26.75,27.4,168926,EQ,,,
2011-06-23,27.55,27.8,27.2,27.25,207336,EQ,,,
2011-06-24,27.8,27.8,27.3,27.55,361258,EQ,,,
2011-06-27,27.9,28.75,27.75,27.85,353534,EQ,,,
2011-06-28,27.95,28.05,27.4,27.8,345979,EQ,,,
2011-06-29,27.55,27.9,27.55,27.7,156905,EQ,,,
2011-06-30,27.85,27.9,27.55,27.65,444059,EQ,,,
2011-07-01,27.9,27.95,27.7,27.9,246221,EQ,,,
2011-07-04,27.95,29.45,27.9,28.95,936991,EQ,,,
2011-07-05,29.0,29.2,28.45,29.05,460540,EQ,,,
2011-07-06,29.15,30.1,29.15,29.9,1231447,EQ,,,
2011-07-07,30.2,30.2,29.45,29.9,524969,EQ,,,
2011-07-08,29.95,30.6,29.6,30.4,1485289,EQ,,,
2011-07-11,30.4,30.8,29.8,30.4,583029,EQ,,,
2011-07-12,30.2,30.4,29.7,29.9,450988,EQ,,,
2011-07-13,29.8,30.2,29.8,30.15,184428,EQ,,,
2011-07-14,29.9,31.25,29.8,30.95,1113386,EQ,,,
2011-07-15,31.25,31.3,30.4,30.7,344997,EQ,,,
2011-07-18,30.95,31.15,30.3,30.5,212508,EQ,,,
2011-07-19,30.7,30.7,30.1,30.2,163613,EQ,,,
2011-07-20,30.15,30.7,29.9,30.1,149835,EQ,,,
2011-07-21,30.1,30.25,29.9,30.1,219836,EQ,,,
2011-07-22,30.2,31.05,29.9,30.95,808496,EQ,,,
2011-07-25,30.95,31.25,30.6,30.8,388442,EQ,,,
2011-07-26,30.5,30.95,30.2,30.45,469822,EQ,,,
2011-07-27,30.45,30.6,30.1,30.4,248157,EQ,,,
2011-07-28,30.3,30.5,30.15,30.3,242191,EQ,,,
2011-07-29,30.3,31.1,30.2,30.5,899135,EQ,,,
2011-08-01,30.85,30.95,29.8,29.8,205464,EQ,,,
2011-08-02,29.6,30.0,29.6,29.9,146298,EQ,,,
2011-08-03,29.15,30.2,29.15,29.95,323426,EQ,,,
2011-08-04,30.3,30.4,29.9,29.95,188349,EQ,,,
2011-08-05,29.15,29.35,28.5,29.25,435921,EQ,,,
2011-08-08,29.15,29.15,27.05,28.1,698748,EQ,,,
2011-08-09,27.85,28.15,26.8,27.9,355971,EQ,,,
2011-08-10,28.45,29.3,28.4,29.2,252251,EQ,,,
2011-08-11,29.75,29.75,28.65,29.15,180317,EQ,,,
2011-08-12,29.05,29.3,28.5,28.9,162442,EQ,,,
2011-08-16,29.25,29.3,28.35,28.5,143087,EQ,,,
2011-08-17,28.6,28.75,27.85,27.9,141104,EQ,,,
2011-08-18,28.2,28.2,26.6,26.85,404272,EQ,,,
2011-08-19,24.5,27.25,24.5,26.9,833145,EQ,,,
2011-08-22,27.0,27.0,26.3,26.6,474696,EQ,,,
2011-08-23,26.8,27.65,26.8,27.55,247252,EQ,,,
2011-08-24,27.85,27.85,26.95,27.55,174030,EQ,,,
2011-08-25,27.75,27.75,26.95,27.2,193064,EQ,,,
2011-08-26,27.8,27.95,27.1,27.25,312659,EQ,,,
2011-08-29,27.8,27.8,27.2,27.5,125216,EQ,,,
2011-08-30,27.8,29.05,27.55,28.5,321503,EQ,,,
2011-09-02,28.7,29.0,27.95,28.8,217507,EQ,,,
2011-09-05,28.8,29.45,27.55,29.4,409150,EQ,,,
2011-09-06,29.3,29.65,28.6,29.45,204433,EQ,,,
2011-09-07,29.6,29.8,29.0,29.05,211022,EQ,,,
2011-09-08,28.9,29.3,28.7,29.15,138578,EQ,,,
2011-09-09,29.2,29.25,28.6,28.6,111253,EQ,,,
2011-09-12,28.05,28.45,27.9,28.05,145181,EQ,,,
2011-09-13,28.0,28.4,27.75,27.8,89096,EQ,,,
2011-09-14,27.95,28.15,27.45,27.8,106545,EQ,,,
2011-09-15,28.15,28.3,27.45,28.05,133935,EQ,,,
2011-09-16,28.2,28.3,27.7,27.8,134412,EQ,,,
2011-09-19,27.55,28.1,27.1,27.95,468119,EQ,,,
2011-09-20,27.9,28.7,27.7,28.7,273598,EQ,,,
2011-09-21,28.95,29.05,28.5,28.65,165642,EQ,,,
2011-09-22,28.05,28.4,27.4,27.5,208345,EQ,,,
2011-09-23,27.25,27.55,26.35,27.35,171511,EQ,,,
2011-09-26,27.3,27.65,26.65,26.8,207439,EQ,,,
2011-09-27,27.15,27.45,26.85,26.95,130740,EQ,,,
2011-09-28,26.9,27.7,26.9,27.55,151504,EQ,,,
2011-09-29,27.45,27.7,27.1,27.65,99963,EQ,,,
2011-09-30,27.45,27.65,26.75,27.4,103716,EQ,,,
2011-10-03,26.75,27.25,26.75,27.1,87573,EQ,,,
2011-10-04,26.8,27.2,26.65,26.7,97958,EQ,,,
2011-10-05,26.65,27.05,26.55,26.65,111691,EQ,,,
2011-10-07,26.8,27.25,26.45,26.6,185555,EQ,,,
2011-10-10,26.9,27.2,26.35,26.95,235427,EQ,,,
2011-10-11,27.3,27.35,26.5,26.8,153882,EQ,,,
2011-10-12,26.75,27.1,26.55,27.0,125448,EQ,,,
2011-10-13,27.1,27.35,26.8,26.9,99205,EQ,,,
2011-10-14,27.05,27.05,26.45,26.6,207382,EQ,,,
2011-10-17,26.95,26.95,26.65,26.8,83814,EQ,,,
2011-10-18,26.2,26.65,26.2,26.5,65053,EQ,,,
2011-10-19,26.65,26.95,26.65,26.85,170754,EQ,,,
2011-10-20,26.7,26.8,26.35,26.7,102199,EQ,,,
2011-10-21,26.95,27.35,26.45,27.25,297975,EQ,,,
2011-10-24,27.8,27.9,26.55,26.7,101012,EQ,,,
2011-10-25,26.8,27.1,26.6,26.95,99343,EQ,,,
2011-10-26,27.1,27.4,26.9,27.2,59306,EQ,,,
2011-10-28,27.3,28.25,26.8,28.05,396743,EQ,,,
2011-10-31,27.9,28.45,27.55,28.3,362440,EQ,,,
2011-11-01,28.1,28.5,27.5,27.9,141975,EQ,,,
2011-11-02,27.9,28.65,27.9,28.25,325557,EQ,,,
2011-11-03,28.4,28.6,27.95,28.3,267801,EQ,,,
2011-11-04,28.5,28.9,28.3,28.45,167764,EQ,,,
2011-11-08,29.75,30.4,28.3,28.6,345920,EQ,,,
2011-11-09,28.7,29.25,28.6,28.7,416080,EQ,,,
2011-11-11,28.5,28.5,27.9,28.0,245923,EQ,,,
2011-11-14,28.5,28.5,26.95,27.25,164934,EQ,,,
2011-11-15,27.25,27.5,26.4,26.6,149800,EQ,,,
2011-11-16,26.8,26.8,26.05,26.3,133049,EQ,,,
2011-11-17,26.3,27.1,26.05,26.8,143480,EQ,,,
2011-11-18,26.65,27.1,26.2,26.9,281728,EQ,,,
2011-11-21,26.65,26.8,26.3,26.45,726163,EQ,,,
2011-11-22,26.35,26.9,25.4,26.45,191280,EQ,,,
2011-11-23,27.55,27.55,26.2,26.65,229173,EQ,,,
2011-11-24,26.65,27.6,26.4,27.2,189440,EQ,,,
2011-11-25,27.25,27.6,26.95,27.4,170381,EQ,,,
2011-11-28,28.05,28.05,27.25,27.4,104348,EQ,,,
2011-11-29,27.45,27.45,26.8,26.9,67687,EQ,,,
2011-11-30,26.65,27.0,26.65,26.7,73074,EQ,,,
2011-12-01,27.25,27.45,26.6,26.65,205933,EQ,,,
2011-12-02,27.85,27.85,26.45,26.9,110401,EQ,,,
2011-12-05,27.2,27.4,26.8,27.0,81296,EQ,,,
2011-12-07,27.15,27.25,26.8,27.2,165171,EQ,,,
2011-12-08,26.85,27.2,26.85,27.15,94916,EQ,,,
2011-12-09,26.8,27.4,26.8,27.25,190844,EQ,,,
2011-12-12,27.25,27.5,26.35,26.7,350465,EQ,,,
2011-12-13,27.1,27.1,26.45,26.8,150052,EQ,,,
2011-12-14,27.1,27.1,26.35,26.6,95257,EQ,,,
2011-12-15,26.6,26.8,26.45,26.75,138574,EQ,,,
2011-12-16,26.9,27.1,26.35,26.6,192022,EQ,,,
2011-12-19,26.35,26.6,24.2,24.65,465475,EQ,,,
2011-12-20,25.4,25.4,24.5,24.65,183012,EQ,,,
2011-12-21,24.95,25.2,24.6,25.0,189534,EQ,,,
2011-12-22,25.3,25.3,24.75,25.0,143750,EQ,,,
2011-12-23,24.85,26.15,24.85,26.0,310555,EQ,,,
2011-12-26,26.35,26.5,25.6,26.3,126031,EQ,,,
2011-12-27,26.6,26.9,26.0,26.6,187752,EQ,,,
2011-12-28,26.95,26.95,25.85,26.2,159259,EQ,,,
2011-12-29,25.95,26.5,25.9,26.35,79314,EQ,,,
2011-12-30,26.6,26.95,26.2,26.85,162548,EQ,,,
2012-01-02,27.1,27.1,26.05,26.4,65291,EQ,,,
2012-01-03,26.9,26.9,25.8,26.05,252524,EQ,,,
2012-01-04,26.05,26.65,26.05,26.45,149763,EQ,,,
2012-01-05,26.45,26.6,26.05,26.05,73449,EQ,,,
2012-01-06,26.05,26.3,25.9,25.95,69591,EQ,,,
2012-01-07,26.45,26.45,26.05,26.2,9599,EQ,,,
2012-01-09,26.1,26.45,25.8,25.9,103159,EQ,,,
2012-01-10,26.05,26.3,25.7,26.05,180259,EQ,,,
2012-01-11,26.35,26.9,25.9,26.05,270402,EQ,,,
2012-01-12,26.3,26.45,25.9,26.0,148161,EQ,,,
2012-01-13,26.25,28.25,26.05,26.55,1140194,EQ,,,
2012-01-16,26.8,26.8,26.0,26.15,233173,EQ,,,
2012-01-17,26.35,26.65,25.95,26.0,498078,EQ,,,
2012-01-18,26.35,26.35,25.4,25.6,208120,EQ,,,
2012-01-19,25.9,26.05,25.6,26.0,205426,EQ,,,
2012-01-20,26.45,26.45,25.7,25.95,295374,EQ,,,
2012-01-23,25.7,26.3,25.35,25.4,399424,EQ,,,
2012-01-24,25.0,26.45,25.0,25.75,701207,EQ,,,
2012-01-25,26.2,26.8,25.9,26.7,983691,EQ,,,
2012-01-27,27.15,27.45,26.8,27.1,813288,EQ,,,
2012-01-30,27.1,27.1,26.1,26.25,389272,EQ,,,
2012-01-31,26.5,27.2,26.35,26.85,1194161,EQ,,,
2012-02-01,26.95,27.45,26.45,26.6,474876,EQ,,,
2012-02-02,26.75,27.1,26.45,26.5,289906,EQ,,,
2012-02-03,26.5,26.65,26.3,26.3,331811,EQ,,,
2012-02-06,26.6,27.1,26.4,26.8,389519,EQ,,,
2012-02-07,26.8,27.8,26.8,27.1,820980,EQ,,,
2012-02-08,27.25,28.0,27.1,27.75,759185,EQ,,,
2012-02-09,28.15,29.4,27.65,29.05,1299490,EQ,,,
2012-02-10,30.0,30.85,28.5,30.7,1795965,EQ,,,
2012-02-13,30.7,30.85,29.3,30.1,480379,EQ,,,
2012-02-14,30.15,30.7,29.8,30.15,911393,EQ,,,
2012-02-15,30.2,31.05,30.2,30.8,890490,EQ,,,
2012-02-16,30.85,30.95,30.5,30.75,281747,EQ,,,
2012-02-17,31.05,31.15,30.0,30.15,316588,EQ,,,
2012-02-21,30.2,30.7,29.8,29.95,199059,EQ,,,
2012-02-22,29.95,30.2,28.7,28.95,375502,EQ,,,
2012-02-23,28.8,29.15,28.3,28.8,219596,EQ,,,
2012-02-24,29.0,29.05,28.5,28.8,144915,EQ,,,
2012-02-27,29.0,29.0,27.95,28.15,267144,EQ,,,
2012-02-28,28.4,28.9,28.1,28.55,150711,EQ,,,
2012-02-29,29.55,29.55,28.8,29.3,251883,EQ,,,
2012-03-01,29.3,29.6,28.6,28.8,108591,EQ,,,
2012-03-02,29.0,29.35,28.7,28.85,125203,EQ,,,
2012-03-03,29.55,29.55,28.8,29.0,9434,EQ,,,
2012-03-05,29.45,29.45,28.7,28.9,71298,EQ,,,
2012-03-06,28.9,29.45,28.55,29.3,265189,EQ,,,
2012-03-07,29.3,29.3,28.4,29.15,168111,EQ,,,
2012-03-09,29.2,29.45,28.7,29.3,199460,EQ,,,
2012-03-12,29.8,30.1,28.4,28.9,343024,EQ,,,
2012-03-13,29.45,29.6,29.15,29.5,269452,EQ,,,
2012-03-14,29.8,30.8,29.45,29.8,1001906,EQ,,,
2012-03-15,29.8,30.2,29.6,30.05,482511,EQ,,,
2012-03-16,29.85,30.45,29.85,30.35,424674,EQ,,,
2012-03-19,30.4,30.7,29.8,30.2,548318,EQ,,,
2012-03-20,30.3,30.8,30.1,30.2,489917,EQ,,,
2012-03-21,30.25,31.2,30.2,30.45,1096992,EQ,,,
2012-03-22,30.95,30.95,29.85,30.0,416789,EQ,,,
2012-03-23,29.8,30.9,29.8,30.3,819907,EQ,,,
2012-03-26,30.2,30.8,29.45,30.4,1379240,EQ,,,
2012-03-27,30.1,30.55,29.45,30.4,295044,EQ,,,
2012-03-28,29.8,30.65,27.9,30.35,496504,EQ,,,
2012-03-29,30.2,30.35,29.45,29.45,173922,EQ,,,
2012-03-30,30.6,30.6,29.2,30.1,297270,EQ,,,
2012-04-02,29.8,30.95,29.8,30.6,266607,EQ,,,
2012-04-03,30.95,31.6,30.6,30.75,524919,EQ,,,
2012-04-04,30.85,30.85,29.55,30.05,158597,EQ,,,
2012-04-09,30.2,30.2,29.45,29.65,144236,EQ,,,
2012-04-10,30.2,30.2,29.45,29.75,94020,EQ,,,
2012-04-11,29.6,29.9,29.45,29.7,125828,EQ,,,
2012-04-12,29.8,30.2,29.6,29.7,81398,EQ,,,
2012-04-13,29.15,30.2,29.15,29.8,134467,EQ,,,
2012-04-16,30.15,30.2,29.45,29.7,91970,EQ,,,
2012-04-17,30.05,30.2,29.55,29.7,127288,EQ,,,
2012-04-18,30.0,30.0,29.5,29.8,147021,EQ,,,
2012-04-19,30.05,30.05,29.6,29.6,95172,EQ,,,
2012-04-20,30.0,30.0,29.45,29.8,95968,EQ,,,
2012-04-23,29.9,29.9,29.45,29.8,628701,EQ,,,
2012-04-24,30.2,30.2,29.75,30.1,144485,EQ,,,
2012-04-25,29.45,30.3,29.45,30.2,568724,EQ,,,
2012-04-26,29.8,30.2,29.8,30.1,149619,EQ,,,
2012-04-27,30.2,30.65,29.9,30.15,204408,EQ,,,
2012-04-28,30.2,30.2,29.45,30.05,9676,EQ,,,
2012-04-30,30.1,30.5,30.05,30.2,107423,EQ,,,
2012-05-02,29.8,30.65,29.8,30.5,251260,EQ,,,
2012-05-03,30.7,30.7,30.1,30.55,241967,EQ,,,
2012-05-04,30.4,30.55,30.1,30.4,206910,EQ,,,
2012-05-07,30.15,30.3,29.45,30.15,328000,EQ,,,
2012-05-08,29.9,30.4,29.8,30.1,72666,EQ,,,
2012-05-09,29.7,30.7,29.45,30.2,127327,EQ,,,
2012-05-10,29.85,30.2,29.6,29.9,110913,EQ,,,
2012-05-11,29.7,29.85,29.55,29.8,228052,EQ,,,
2012-05-14,30.2,30.2,29.3,29.4,110579,EQ,,,
2012-05-15,29.15,29.45,28.85,28.9,88737,EQ,,,
2012-05-16,29.0,29.15,27.75,28.1,185044,EQ,,,
2012-05-17,28.5,28.7,27.85,28.25,93379,EQ,,,
2012-05-18,27.9,29.8,27.9,29.5,755174,EQ,,,
2012-05-21,29.8,30.1,29.5,29.7,174770,EQ,,,
2012-05-22,29.8,30.2,29.45,30.1,269668,EQ,,,
2012-05-23,29.3,30.15,29.3,29.8,107828,EQ,,,
2012-05-24,29.65,30.25,29.6,29.8,171866,EQ,,,
2012-05-25,29.85,30.1,29.7,29.8,65327,EQ,,,
2012-05-28,29.6,30.05,29.6,29.7,53498,EQ,,,
2012-05-29,29.8,29.8,28.5,29.7,54021,EQ,,,
2012-05-30,29.3,30.0,29.3,29.75,124886,EQ,,,
2012-05-31,29.7,29.75,27.6,28.1,774208,EQ,,,
2012-06-01,29.0,29.4,28.5,28.6,97038,EQ,,,
2012-06-04,28.95,28.95,28.05,28.7,81273,EQ,,,
2012-06-05,29.0,29.1,28.6,28.8,103372,EQ,,,
2012-06-06,29.15,29.6,29.05,29.45,234659,EQ,,,
2012-06-07,29.45,30.15,29.2,29.95,227836,EQ,,,
2012-06-08,29.45,30.2,29.45,30.2,115040,EQ,,,
2012-06-11,29.9,30.65,29.8,30.2,137750,EQ,,,
2012-06-12,30.1,30.75,29.6,30.7,285280,EQ,,,
2012-06-13,30.85,31.15,30.6,30.7,334639,EQ,,,
2012-06-14,30.9,30.9,30.1,30.2,84562,EQ,,,
2012-06-15,30.2,30.4,30.1,30.2,84782,EQ,,,
2012-06-18,30.2,30.6,29.25,29.8,252452,EQ,,,
2012-06-19,30.25,30.7,29.8,30.55,237361,EQ,,,
2012-06-20,30.85,30.85,29.95,30.1,93601,EQ,,,
2012-06-21,30.7,30.7,29.85,30.15,109197,EQ,,,
2012-06-22,30.25,30.7,29.9,30.6,551727,EQ,,,
2012-06-25,30.7,31.55,30.7,31.3,1025447,EQ,,,
2012-06-26,31.6,32.6,31.3,32.35,1524839,EQ,,,
2012-06-27,32.55,32.8,31.4,31.7,2961402,EQ,,,
2012-06-28,32.0,32.2,31.6,31.7,2439297,EQ,,,
2012-06-29,31.9,32.6,31.9,32.3,411636,EQ,,,
2012-07-02,32.3,33.2,31.75,33.05,592133,EQ,,,
2012-07-03,33.2,33.95,32.9,33.75,874228,EQ,,,
2012-07-04,33.55,33.95,32.3,32.6,370618,EQ,,,
2012-07-05,32.65,33.6,32.55,33.3,498673,EQ,,,
2012-07-06,33.5,33.8,32.6,33.2,431630,EQ,,,
2012-07-09,33.2,33.95,32.65,33.55,776555,EQ,,,
2012-07-10,33.6,33.6,33.2,33.25,239974,EQ,,,
2012-07-11,33.25,33.7,32.9,33.2,243329,EQ,,,
2012-07-12,33.2,33.25,32.7,32.8,232137,EQ,,,
2012-07-13,32.85,33.2,32.6,32.7,112642,EQ,,,
2012-07-16,32.7,33.4,31.75,32.05,204982,EQ,,,
2012-07-17,32.65,32.65,31.9,32.0,90557,EQ,,,
2012-07-18,31.9,32.2,31.7,31.95,98604,EQ,,,
2012-07-19,32.2,32.5,31.8,31.95,247099,EQ,,,
2012-07-20,32.15,32.95,31.9,32.85,188194,EQ,,,
2012-07-23,33.1,33.1,32.35,32.8,177933,EQ,,,
2012-07-24,32.75,33.1,32.05,32.2,125812,EQ,,,
2012-07-25,32.15,32.4,31.9,32.05,81272,EQ,,,
2012-07-26,32.35,32.45,31.9,32.05,98376,EQ,,,
2012-07-27,32.15,32.65,31.7,31.9,134774,EQ,,,
2012-07-30,32.3,32.45,32.05,32.1,94603,EQ,,,
2012-07-31,32.15,32.3,31.9,32.2,200065,EQ,,,
2012-08-01,32.1,32.85,32.1,32.5,110426,EQ,,,
2012-08-02,32.6,33.5,32.3,33.4,349397,EQ,,,
2012-08-03,33.25,34.3,32.9,33.15,1618372,EQ,,,
2012-08-06,33.8,33.8,31.2,31.7,788554,EQ,,,
2012-08-07,31.9,32.8,31.7,32.15,346578,EQ,,,
2012-08-08,32.5,32.5,31.75,31.95,191660,EQ,,,
2012-08-09,32.1,32.2,31.85,32.05,209827,EQ,,,
2012-08-10,31.9,32.05,31.25,31.6,265121,EQ,,,
2012-08-13,31.6,31.95,31.5,31.6,170471,EQ,,,
2012-08-14,31.6,32.05,31.6,31.8,144198,EQ,,,
2012-08-16,31.6,31.9,31.25,31.35,212637,EQ,,,
2012-08-17,31.5,31.75,31.3,31.35,100401,EQ,,,
2012-08-21,31.6,31.7,30.8,30.95,252364,EQ,,,
2012-08-22,30.7,31.35,30.4,31.2,253423,EQ,,,
2012-08-23,30.95,31.8,30.95,31.7,188778,EQ,,,
2012-08-24,31.6,31.9,31.6,31.6,249675,EQ,,,
2012-08-27,31.6,31.9,31.6,31.6,158198,EQ,,,
2012-08-28,31.6,32.05,31.6,31.9,181581,EQ,,,
2012-08-29,31.75,31.9,31.6,31.8,102403,EQ,,,
2012-08-30,31.65,31.85,31.6,31.7,99713,EQ,,,
2012-08-31,36.25,36.25,31.65,32.05,219161,EQ,,,
2012-09-03,31.7,32.35,31.7,32.25,656602,EQ,,,
2012-09-04,32.55,32.55,32.05,32.5,131384,EQ,,,
2012-09-05,32.3,32.6,32.05,32.3,341369,EQ,,,
2012-09-06,32.2,32.4,32.05,32.2,253137,EQ,,,
2012-09-07,32.2,32.6,31.65,31.7,218767,EQ,,,
2012-09-08,32.2,32.2,31.9,32.05,9765,EQ,,,
2012-09-10,32.0,32.0,31.6,31.7,172321,EQ,,,
2012-09-11,31.75,31.9,30.85,31.1,229520,EQ,,,
2012-09-12,31.1,31.65,31.1,31.45,91002,EQ,,,
2012-09-13,31.45,31.75,31.2,31.55,587966,EQ,,,
2012-09-14,31.5,32.05,31.5,31.7,169979,EQ,,,
2012-09-17,31.9,32.2,31.65,31.7,247258,EQ,,,
2012-09-18,31.95,32.5,31.9,32.1,390377,EQ,,,
2012-09-20,32.05,33.2,31.6,32.8,521065,EQ,,,
2012-09-21,33.2,33.95,32.9,33.15,725419,EQ,,,
2012-09-24,33.35,33.5,32.55,32.6,253889,EQ,,,
2012-09-25,32.8,32.9,32.05,32.2,215658,EQ,,,
2012-09-26,32.1,32.35,31.95,32.2,392732,EQ,,,
2012-09-27,32.4,32.75,32.2,32.5,175804,EQ,,,
2012-09-28,32.5,33.2,32.3,32.55,504925,EQ,,,
2012-10-01,32.8,33.2,32.4,33.05,240511,EQ,,,
2012-10-03,33.1,35.6,32.8,35.4,1345321,EQ,,,
2012-10-04,35.95,36.2,34.75,35.2,986783,EQ,,,
2012-10-05,35.8,35.8,34.8,35.6,504822,EQ,,,
2012-10-08,35.6,35.95,35.0,35.3,336104,EQ,,,
2012-10-09,35.4,35.6,35.05,35.35,458039,EQ,,,
2012-10-10,34.95,35.3,34.3,34.75,354606,EQ,,,
2012-10-11,29.45,35.6,29.45,35.45,303398,EQ,,,
2012-10-12,33.55,36.8,33.5,36.55,1526289,EQ,,,
2012-10-15,37.05,37.2,35.95,36.1,642536,EQ,,,
2012-10-16,36.4,36.5,35.3,35.45,197142,EQ,,,
2012-10-17,35.8,35.8,35.3,35.6,101517,EQ,,,
2012-10-18,35.6,36.95,35.55,36.65,460471,EQ,,,
2012-10-19,36.65,36.65,35.6,36.3,231574,EQ,,,
2012-10-22,36.3,36.3,35.8,35.95,620161,EQ,,,
2012-10-23,35.8,37.1,35.6,35.8,341883,EQ,,,
2012-10-25,36.15,36.2,35.55,35.9,399542,EQ,,,
2012-10-26,35.8,35.8,34.7,34.9,231683,EQ,,,
2012-10-29,34.75,35.6,33.2,35.25,143465,EQ,,,
2012-10-30,35.3,35.7,34.5,34.8,167379,EQ,,,
2012-10-31,34.9,35.45,34.7,35.2,200537,EQ,,,
2012-11-01,35.3,36.7,35.3,36.4,783941,EQ,,,
2012-11-02,36.7,37.2,36.6,37.0,868596,EQ,,,
2012-11-05,38.45,38.45,36.1,36.4,1442612,EQ,,,
2012-11-06,36.45,36.75,36.15,36.55,503504,EQ,,,
2012-11-07,36.8,37.2,36.4,36.9,532842,EQ,,,
2012-11-08,37.05,37.05,36.55,36.7,367764,EQ,,,
2012-11-09,36.7,36.9,36.4,36.6,255605,EQ,,,
2012-11-12,36.8,37.95,36.65,36.9,2587666,EQ,,,
2012-11-13,37.7,37.7,36.9,37.1,588037,EQ,,,
2012-11-15,37.1,37.3,36.8,37.1,1872291,EQ,,,
2012-11-16,37.2,37.25,36.3,36.65,1447951,EQ,,,
2012-11-19,36.75,37.2,36.55,36.55,2239310,EQ,,,
2012-11-20,36.8,38.65,36.55,37.7,3567794,EQ,,,
2012-11-21,38.1,38.1,37.3,37.9,1726425,EQ,,,
2012-11-22,34.0,34.0,30.95,31.7,1651513,EQ,,,
2012-11-23,31.3,32.0,30.95,31.1,658034,EQ,,,
2012-11-26,31.2,31.6,29.85,31.1,960003,EQ,,,
2012-11-27,31.25,31.8,31.15,31.3,561010,EQ,,,
2012-11-29,32.2,32.8,31.25,32.25,1308653,EQ,,,
2012-11-30,32.45,32.8,32.2,32.2,624750,EQ,,,
2012-12-03,32.35,35.95,32.35,34.5,1962694,EQ,,,
2012-12-04,34.5,36.2,34.3,34.6,1179880,EQ,,,
2012-12-05,35.0,35.75,34.4,34.7,1068010,EQ,,,
2012-12-06,35.2,35.6,34.6,35.4,763584,EQ,,,
2012-12-07,35.45,37.0,35.3,36.7,2135408,EQ,,,
2012-12-10,36.9,37.65,36.55,36.8,1633643,EQ,,,
2012-12-11,36.9,37.1,35.45,35.6,997303,EQ,,,
2012-12-12,35.2,36.15,34.9,35.05,508106,EQ,,,
2012-12-13,35.75,35.75,34.4,34.55,465409,EQ,,,
2012-12-14,34.9,35.15,34.5,34.9,664754,EQ,,,
2012-12-17,30.2,36.4,30.2,34.6,537635,EQ,,,
2012-12-18,34.65,34.95,34.15,34.6,582885,EQ,,,
2012-12-19,35.3,35.6,34.9,35.2,1004114,EQ,,,
2012-12-20,35.15,35.15,34.3,34.45,300682,EQ,,,
2012-12-21,34.6,34.6,33.95,34.05,358829,EQ,,,
2012-12-24,35.2,35.2,30.95,34.1,182251,EQ,,,
2012-12-26,28.95,34.95,28.95,34.6,478541,EQ,,,
2012-12-27,34.9,35.8,34.7,35.6,881871,EQ,,,
2012-12-28,35.9,36.1,34.9,35.05,761079,EQ,,,
2012-12-31,35.3,35.3,34.25,34.6,356803,EQ,,,
2013-01-01,34.9,36.05,34.7,35.9,542873,EQ,,,
2013-01-02,35.6,36.3,35.6,35.75,285566,EQ,,,
2013-01-03,36.1,36.1,35.6,35.85,343884,EQ,,,
2013-01-04,36.1,37.0,35.85,36.95,1036274,EQ,,,
2013-01-07,37.15,37.6,36.55,36.8,532819,EQ,,,
2013-01-08,36.55,37.1,36.35,36.55,749449,EQ,,,
2013-01-09,36.75,37.05,36.05,36.1,200839,EQ,,,
2013-01-10,37.6,37.6,36.1,36.3,215257,EQ,,,
2013-01-11,36.4,36.4,35.95,36.2,226020,EQ,,,
2013-01-14,36.2,37.1,36.1,37.05,461549,EQ,,,
2013-01-15,37.05,37.65,36.95,37.55,598720,EQ,,,
2013-01-16,37.7,38.05,37.5,37.7,649930,EQ,,,
2013-01-17,38.1,38.25,36.9,37.1,350824,EQ,,,
2013-01-18,37.1,37.5,36.65,37.3,405904,EQ,,,
2013-01-21,37.4,37.65,37.2,37.35,410811,EQ,,,
2013-01-22,37.3,38.45,37.15,38.05,862007,EQ,,,
2013-01-23,37.7,38.8,37.2,37.9,729065,EQ,,,
2013-01-24,38.1,38.8,37.65,38.6,1160151,EQ,,,
2013-01-25,39.05,39.2,37.7,37.95,1893594,EQ,,,
2013-01-28,37.2,38.35,35.2,37.85,531402,EQ,,,
2013-01-29,37.75,38.2,37.3,37.7,770455,EQ,,,
2013-01-30,37.8,38.45,37.6,38.25,972793,EQ,,,
2013-01-31,38.05,38.45,37.8,38.35,222786,EQ,,,
2013-02-01,38.35,39.2,38.35,38.7,588215,EQ,,,
2013-02-04,39.05,39.55,38.8,39.3,1602386,EQ,,,
2013-02-05,39.25,39.3,38.35,38.6,257507,EQ,,,
2013-02-06,40.05,40.05,38.05,38.25,287612,EQ,,,
2013-02-07,37.8,38.45,37.8,38.0,145385,EQ,,,
2013-02-08,38.7,38.7,37.1,37.7,1755104,EQ,,,
2013-02-11,37.75,38.1,37.1,37.45,239482,EQ,,,
2013-02-12,37.8,37.8,36.95,37.0,264472,EQ,,,
2013-02-13,37.3,37.5,37.0,37.1,170171,EQ,,,
2013-02-14,37.1,37.3,36.75,37.0,192926,EQ,,,
2013-02-15,36.4,36.75,36.15,36.55,412615,EQ,,,
2013-02-18,36.3,36.7,35.6,35.75,241995,EQ,,,
2013-02-19,35.95,36.3,35.45,35.95,234041,EQ,,,
2013-02-20,36.55,36.55,35.7,36.05,372660,EQ,,,
2013-02-21,35.9,35.95,35.3,35.4,504092,EQ,,,
2013-02-22,35.45,35.45,34.5,34.65,197185,EQ,,,
2013-02-25,34.9,36.55,34.8,36.05,771965,EQ,,,
2013-02-26,36.2,36.2,35.1,35.3,227678,EQ,,,
2013-02-27,35.4,35.95,35.05,35.8,222432,EQ,,,
2013-02-28,36.55,36.55,33.55,34.15,1557593,EQ,,,
2013-03-01,34.7,35.2,34.1,34.8,292337,EQ,,,
2013-03-04,35.05,35.05,34.5,35.0,278995,EQ,,,
2013-03-05,34.95,35.8,34.6,34.7,104632,EQ,,,
2013-03-06,35.25,35.45,34.3,35.3,323738,EQ,,,
2013-03-07,35.9,35.9,35.05,35.2,64254,EQ,,,
2013-03-08,35.3,35.6,34.95,35.1,107675,EQ,,,
2013-03-11,35.15,35.3,34.75,34.9,75394,EQ,,,
2013-03-12,35.1,35.15,34.3,34.55,188829,EQ,,,
2013-03-13,35.3,35.3,34.3,34.45,72965,EQ,,,
2013-03-14,34.55,34.7,33.55,34.3,96484,EQ,,,
2013-03-15,34.6,34.85,33.8,33.9,104378,EQ,,,
2013-03-18,31.6,35.9,31.6,33.7,109244,EQ,,,
2013-03-19,33.95,33.95,32.2,32.55,335196,EQ,,,
2013-03-20,32.35,32.55,31.9,32.25,243238,EQ,,,
2013-03-21,32.5,32.7,32.15,32.2,221625,EQ,,,
2013-03-22,31.7,32.55,31.7,32.3,240809,EQ,,,
2013-03-25,32.8,33.2,32.05,33.0,319269,EQ,,,
2013-03-26,33.45,33.95,32.2,32.55,85428,EQ,,,
2013-03-28,32.7,32.9,32.3,32.55,125537,EQ,,,
2013-04-01,35.05,35.05,32.2,32.95,85117,EQ,,,
2013-04-02,32.95,33.95,32.75,33.8,124811,EQ,,,
2013-04-03,33.5,34.0,33.5,33.8,118750,EQ,,,
2013-04-04,33.55,33.8,33.2,33.4,205603,EQ,,,
2013-04-05,32.85,33.7,32.4,32.55,100541,EQ,,,
2013-04-08,32.25,33.45,32.2,33.2,141317,EQ,,,
2013-04-09,33.2,33.8,32.9,33.55,267205,EQ,,,
2013-04-10,33.5,33.55,32.65,33.5,207089,EQ,,,
2013-04-11,33.55,34.0,33.25,33.7,126391,EQ,,,
2013-04-12,33.95,34.2,32.9,34.05,444806,EQ,,,
2013-04-15,33.5,33.65,32.8,33.25,300180,EQ,,,
2013-04-16,33.0,33.7,33.0,33.35,110349,EQ,,,
2013-04-17,33.3,33.95,32.9,33.55,162264,EQ,,,
2013-04-18,31.1,34.3,31.1,34.2,343077,EQ,,,
2013-04-22,34.65,35.3,34.4,35.1,403291,EQ,,,
2013-04-23,35.45,36.0,33.95,34.35,364828,EQ,,,
2013-04-25,34.1,35.2,34.1,34.7,172317,EQ,,,
2013-04-26,34.2,34.9,33.8,33.95,93416,EQ,,,
2013-04-29,33.55,34.3,33.5,33.55,97565,EQ,,,
2013-04-30,34.05,34.6,33.55,33.95,190582,EQ,,,
2013-05-02,33.8,34.7,33.25,33.55,179055,EQ,,,
2013-05-03,33.7,34.05,33.2,33.4,125769,EQ,,,
2013-05-06,33.4,33.85,32.95,33.65,142920,EQ,,,
2013-05-07,33.65,33.95,33.5,33.6,107462,EQ,,,
2013-05-08,33.5,33.8,33.2,33.3,82625,EQ,,,
2013-05-09,33.0,33.65,32.85,32.9,146880,EQ,,,
2013-05-10,32.9,33.45,32.9,33.25,113722,EQ,,,
2013-05-11,33.45,33.6,33.2,33.55,17219,EQ,,,
2013-05-13,33.5,34.15,32.8,33.6,201102,EQ,,,
2013-05-14,33.65,33.7,33.2,33.55,65759,EQ,,,
2013-05-15,33.8,35.05,33.7,34.45,555874,EQ,,,
2013-05-16,34.7,35.25,34.3,34.45,284493,EQ,,,
2013-05-17,34.4,34.6,33.7,34.35,236121,EQ,,,
2013-05-20,34.65,35.6,34.6,34.9,1134229,EQ,,,
2013-05-21,35.25,35.3,34.3,34.6,376658,EQ,,,
2013-05-22,34.4,35.05,34.4,34.8,231740,EQ,,,
2013-05-23,35.05,35.05,34.4,34.6,303986,EQ,,,
2013-05-24,34.4,35.05,34.4,34.9,135561,EQ,,,
2013-05-27,34.9,35.2,34.65,35.05,224317,EQ,,,
2013-05-28,35.05,35.4,34.95,35.05,138629,EQ,,,
2013-05-29,34.7,36.2,34.7,35.9,299710,EQ,,,
2013-05-30,35.3,35.6,34.9,35.05,130658,EQ,,,
2013-05-31,34.95,34.95,34.1,34.3,116354,EQ,,,
2013-06-03,34.3,34.6,33.9,34.4,88870,EQ,,,
2013-06-04,34.1,34.95,34.1,34.4,101948,EQ,,,
2013-06-05,34.1,34.6,32.9,33.8,212590,EQ,,,
2013-06-06,33.8,34.1,33.35,33.8,155625,EQ,,,
2013-06-07,33.55,34.45,33.55,33.95,496321,EQ,,,
2013-06-10,33.8,34.45,33.8,34.1,135666,EQ,,,
2013-06-11,33.55,34.2,33.55,34.05,165191,EQ,,,
2013-06-12,33.95,34.15,33.55,34.1,130819,EQ,,,
2013-06-13,33.7,33.8,33.45,33.55,115808,EQ,,,
2013-06-14,33.55,35.1,33.55,34.8,523717,EQ,,,
2013-06-17,34.8,35.0,34.55,34.85,751175,EQ,,,
2013-06-18,34.7,34.95,34.6,34.7,120404,EQ,,,
2013-06-19,34.3,35.9,34.3,35.0,394501,EQ,,,
2013-06-20,34.65,34.65,34.1,34.4,212950,EQ,,,
2013-06-21,34.3,34.85,34.1,34.5,162830,EQ,,,
2013-06-24,34.45,34.45,34.1,34.25,220000,EQ,,,
2013-06-25,34.1,34.3,34.1,34.25,154279,EQ,,,
2013-06-26,34.25,34.6,33.6,33.95,159849,EQ,,,
2013-06-27,33.8,33.95,33.5,33.75,94477,EQ,,,
2013-06-28,33.7,34.3,33.7,34.25,125414,EQ,,,
2013-07-01,34.25,34.7,33.9,34.0,106966,EQ,,,
2013-07-02,33.7,34.3,33.7,34.1,66497,EQ,,,
2013-07-03,33.55,34.35,33.55,34.1,105995,EQ,,,
2013-07-04,33.8,34.4,33.8,34.15,94216,EQ,,,
2013-07-05,34.1,34.35,34.0,34.1,51345,EQ,,,
2013-07-08,33.6,34.3,33.6,34.1,129429,EQ,,,
2013-07-09,34.1,34.3,33.9,34.1,109908,EQ,,,
2013-07-10,33.8,34.25,33.8,34.1,130690,EQ,,,
2013-07-11,33.85,34.3,33.85,34.1,215569,EQ,,,
2013-07-12,34.0,34.3,33.55,33.75,109080,EQ,,,
2013-07-15,33.65,33.75,33.1,33.2,143117,EQ,,,
2013-07-16,33.2,34.25,32.8,33.55,270357,EQ,,,
2013-07-17,33.5,33.75,32.9,33.5,105223,EQ,,,
2013-07-18,33.35,34.1,33.2,33.45,269771,EQ,,,
2013-07-19,33.45,33.8,32.3,32.9,138394,EQ,,,
2013-07-22,33.45,33.45,31.95,32.25,157952,EQ,,,
2013-07-23,32.25,32.9,32.25,32.5,223416,EQ,,,
2013-07-24,32.5,32.5,31.45,31.7,523920,EQ,,,
2013-07-25,31.6,31.6,30.2,30.4,638310,EQ,,,
2013-07-26,30.5,30.95,27.95,29.1,652215,EQ,,,
2013-07-29,29.0,29.55,28.7,28.9,562917,EQ,,,
2013-07-30,30.5,30.5,29.15,29.3,1013425,EQ,,,
2013-07-31,29.3,29.55,28.3,29.25,328119,EQ,,,
2013-08-01,29.45,29.8,29.05,29.6,319085,EQ,,,
2013-08-02,29.45,29.5,28.35,28.7,285937,EQ,,,
2013-08-05,28.75,29.3,28.5,29.15,208801,EQ,,,
2013-08-06,29.0,29.15,28.3,28.55,357246,EQ,,,
2013-08-07,28.95,28.95,27.1,28.2,372229,EQ,,,
2013-08-08,28.1,28.5,27.9,28.1,257022,EQ,,,
2013-08-12,28.2,28.2,27.9,27.95,251229,EQ,,,
2013-08-13,28.15,28.25,27.8,28.1,265549,EQ,,,
2013-08-14,28.45,28.5,27.95,28.15,113278,EQ,,,
2013-08-16,28.3,28.3,27.2,27.5,190520,EQ,,,
2013-08-19,27.85,27.85,26.05,27.1,407986,EQ,,,
2013-08-20,27.2,27.6,26.3,27.5,246003,EQ,,,
2013-08-21,28.4,28.7,26.95,27.1,323568,EQ,,,
2013-08-22,26.9,27.35,26.65,27.1,141178,EQ,,,
2013-08-23,26.9,27.8,26.9,27.25,119857,EQ,,,
2013-08-26,27.8,27.95,27.25,27.3,142588,EQ,,,
2013-08-27,27.35,27.55,26.45,26.55,127166,EQ,,,
2013-08-28,26.3,26.65,25.1,25.75,366699,EQ,,,
2013-08-29,26.35,26.5,25.0,25.1,196710,EQ,,,
2013-08-30,25.2,25.7,24.55,24.7,377777,EQ,,,
2013-09-02,24.8,25.15,24.5,24.7,309568,EQ,,,
2013-09-03,24.75,25.05,24.05,24.2,425638,EQ,,,
2013-09-04,24.8,24.8,23.45,23.55,286378,EQ,,,
2013-09-05,24.2,25.55,24.2,25.35,477414,EQ,,,
2013-09-06,25.7,26.05,25.1,25.7,280426,EQ,,,
2013-09-10,26.35,26.35,25.4,25.65,355918,EQ,,,
2013-09-11,25.65,26.6,25.4,26.5,396443,EQ,,,
2013-09-12,26.65,27.1,25.9,26.3,318204,EQ,,,
2013-09-13,26.3,27.1,26.05,26.9,399263,EQ,,,
2013-09-16,26.95,27.25,26.7,26.95,282334,EQ,,,
2013-09-17,27.2,27.4,26.8,27.25,299187,EQ,,,
2013-09-18,26.95,27.55,26.75,26.8,130113,EQ,,,
2013-09-19,27.55,27.95,27.25,27.85,578824,EQ,,,
2013-09-20,27.9,28.0,26.8,27.2,263705,EQ,,,
2013-09-23,27.5,27.5,26.95,27.0,330374,EQ,,,
2013-09-24,26.75,27.0,26.55,26.8,201625,EQ,,,
2013-09-25,27.2,27.2,26.45,26.6,196723,EQ,,,
2013-09-26,26.9,26.9,26.45,26.7,179992,EQ,,,
2013-09-27,26.75,27.1,26.65,26.95,286863,EQ,,,
2013-09-30,27.15,27.15,26.05,26.3,165673,EQ,,,
2013-10-01,26.35,26.75,26.35,26.65,97076,EQ,,,
2013-10-03,26.95,26.95,26.5,26.8,195020,EQ,,,
2013-10-04,26.9,26.9,26.5,26.65,132822,EQ,,,
2013-10-07,26.8,26.8,26.25,26.4,158162,EQ,,,
2013-10-08,26.85,27.25,26.45,26.6,277419,EQ,,,
2013-10-09,26.65,26.9,26.45,26.8,250399,EQ,,,
2013-10-10,26.8,27.1,26.75,26.9,337109,EQ,,,
2013-10-11,26.45,28.5,26.45,28.35,1148928,EQ,,,
2013-10-14,28.0,30.85,28.0,29.9,2056518,EQ,,,
2013-10-15,30.25,30.25,28.3,28.8,538067,EQ,,,
2013-10-17,29.1,29.8,28.3,28.6,591755,EQ,,,
2013-10-18,29.0,29.3,28.6,28.9,409530,EQ,,,
2013-10-21,28.8,30.2,28.8,29.9,671401,EQ,,,
2013-10-22,30.7,30.7,29.6,30.0,522725,EQ,,,
2013-10-23,30.15,30.35,29.3,29.7,358168,EQ,,,
2013-10-24,29.8,30.2,29.35,29.45,296828,EQ,,,
2013-10-25,30.05,30.05,28.8,28.95,168577,EQ,,,
2013-10-28,29.15,29.3,28.6,28.7,156063,EQ,,,
2013-10-29,29.15,29.45,28.45,29.15,266720,EQ,,,
2013-10-30,29.45,29.45,28.8,29.0,240883,EQ,,,
2013-10-31,29.05,29.85,29.05,29.8,438793,EQ,,,
2013-11-01,30.3,30.8,29.8,29.9,1299766,EQ,,,
2013-11-03,30.4,30.6,30.3,30.5,186926,EQ,,,
2013-11-05,30.4,30.95,29.9,30.7,889855,EQ,,,
2013-11-06,31.3,31.55,30.5,30.55,804796,EQ,,,
2013-11-07,31.7,32.15,30.0,30.25,1083996,EQ,,,
2013-11-08,30.1,30.85,29.35,29.55,1189282,EQ,,,
2013-11-11,30.3,30.3,29.05,29.2,341757,EQ,,,
2013-11-12,29.2,29.8,29.2,29.6,360651,EQ,,,
2013-11-13,29.75,29.8,28.95,29.15,342632,EQ,,,
2013-11-14,29.2,29.55,28.7,28.95,427821,EQ,,,
2013-11-18,28.95,29.4,28.95,29.05,292186,EQ,,,
2013-11-19,29.45,29.45,28.9,29.3,291350,EQ,,,
2013-11-20,29.15,29.5,29.15,29.4,266210,EQ,,,
2013-11-21,29.15,29.7,29.0,29.3,242153,EQ,,,
2013-11-22,29.35,29.75,29.35,29.5,259363,EQ,,,
2013-11-25,29.45,29.7,29.15,29.25,207621,EQ,,,
2013-11-26,29.15,29.45,28.95,29.2,246427,EQ,,,
2013-11-27,29.2,29.45,28.95,29.2,148181,EQ,,,
2013-11-28,29.7,29.7,29.0,29.3,258959,EQ,,,
2013-11-29,29.55,30.75,29.2,30.5,707852,EQ,,,
2013-12-02,30.95,31.6,30.55,30.8,1739512,EQ,,,
2013-12-03,30.95,30.95,30.1,30.35,279236,EQ,,,
2013-12-04,30.4,30.5,29.8,29.85,251452,EQ,,,
2013-12-05,30.2,30.95,29.95,30.4,718340,EQ,,,
2013-12-06,30.45,31.05,29.8,30.9,528785,EQ,,,
2013-12-09,31.2,31.5,30.5,30.8,428884,EQ,,,
2013-12-10,30.95,30.95,29.9,30.1,229069,EQ,,,
2013-12-11,29.8,30.5,29.8,30.3,170600,EQ,,,
2013-12-12,30.0,30.4,29.9,30.2,180265,EQ,,,
2013-12-13,30.1,30.1,29.8,29.8,132598,EQ,,,
2013-12-16,30.1,30.1,29.7,29.8,174595,EQ,,,
2013-12-17,29.8,30.2,29.6,29.8,219121,EQ,,,
2013-12-18,29.8,30.4,29.55,30.15,226027,EQ,,,
2013-12-19,30.35,30.45,29.8,30.1,182853,EQ,,,
2013-12-20,30.05,30.2,29.8,29.85,242944,EQ,,,
2013-12-23,30.3,31.2,29.9,31.1,1085847,EQ,,,
2013-12-24,30.95,31.3,30.5,30.55,388467,EQ,,,
2013-12-26,30.55,31.2,30.5,30.8,419047,EQ,,,
2013-12-27,30.8,31.15,30.7,30.85,364137,EQ,,,
2013-12-30,30.95,31.9,30.85,31.8,1212310,EQ,,,
2013-12-31,31.9,32.2,31.2,32.05,964384,EQ,,,
2014-01-01,32.2,32.2,31.6,31.9,321599,EQ,,,
2014-01-02,31.9,32.2,30.7,31.35,642910,EQ,,,
2014-01-03,31.3,31.7,30.9,31.4,271519,EQ,,,
2014-01-06,31.7,31.7,31.0,31.35,197070,EQ,,,
2014-01-07,31.35,31.55,30.95,31.3,780684,EQ,,,
2014-01-08,31.25,31.5,31.1,31.3,393413,EQ,,,
2014-01-09,31.7,32.1,31.1,31.3,316946,EQ,,,
2014-01-10,31.6,31.6,31.05,31.3,259020,EQ,,,
2014-01-13,31.3,31.35,30.75,30.8,135509,EQ,,,
2014-01-14,30.7,31.75,30.7,31.55,362134,EQ,,,
2014-01-15,31.8,31.9,30.95,30.95,392019,EQ,,,
2014-01-16,31.0,31.9,30.75,31.7,393771,EQ,,,
2014-01-17,31.55,31.7,31.2,31.3,240287,EQ,,,
2014-01-20,30.95,31.35,30.9,31.3,218586,EQ,,,
2014-01-21,31.1,31.5,31.1,31.3,189778,EQ,,,
2014-01-22,31.25,31.4,31.25,31.3,170375,EQ,,,
2014-01-23,31.2,31.45,31.2,31.3,168318,EQ,,,
2014-01-24,31.05,31.35,31.05,31.3,192088,EQ,,,
2014-01-27,30.95,31.1,30.75,30.95,462855,EQ,,,
2014-01-28,30.95,31.25,30.95,30.95,177930,EQ,,,
2014-01-29,31.05,31.05,30.5,30.7,158664,EQ,,,
2014-01-30,30.55,30.7,29.9,30.2,198255,EQ,,,
2014-01-31,30.2,30.45,30.1,30.3,95127,EQ,,,
2014-02-03,30.45,30.6,29.85,30.1,120053,EQ,,,
2014-02-04,29.9,30.2,29.8,30.1,174947,EQ,,,
2014-02-05,30.2,30.45,29.8,30.1,98014,EQ,,,
2014-02-06,30.4,30.75,30.0,30.5,594911,EQ,,,
2014-02-07,30.45,30.65,30.1,30.2,173743,EQ,,,
2014-02-10,30.2,30.4,30.1,30.1,91622,EQ,,,
2014-02-11,30.1,30.25,29.8,30.05,176740,EQ,,,
2014-02-12,29.9,30.2,29.8,29.9,164702,EQ,,,
2014-02-13,30.1,30.2,29.8,30.1,395981,EQ,,,
2014-02-14,30.1,30.2,29.8,29.8,138391,EQ,,,
2014-02-17,29.8,30.0,29.3,29.4,203333,EQ,,,
2014-02-18,29.2,29.8,29.05,29.15,244457,EQ,,,
2014-02-19,29.45,29.65,29.05,29.2,113147,EQ,,,
2014-02-20,29.15,29.35,28.8,29.05,157753,EQ,,,
2014-02-21,29.05,29.3,28.8,28.8,139484,EQ,,,
2014-02-24,28.85,29.1,28.3,28.4,174236,EQ,,,
2014-02-25,28.3,28.9,28.3,28.4,171353,EQ,,,
2014-02-26,28.7,29.2,28.4,28.7,248558,EQ,,,
2014-02-28,29.1,29.1,28.6,28.7,174381,EQ,,,
2014-03-03,28.7,29.0,28.45,28.6,124054,EQ,,,
2014-03-04,28.55,29.65,28.55,29.45,734224,EQ,,,
2014-03-05,29.75,30.45,29.45,30.1,878923,EQ,,,
2014-03-06,30.2,30.5,30.1,30.4,439760,EQ,,,
2014-03-07,30.7,31.1,30.4,30.5,666609,EQ,,,
2014-03-10,30.5,31.3,30.4,31.1,600551,EQ,,,
2014-03-11,31.2,31.5,30.8,31.25,727893,EQ,,,
2014-03-12,30.95,31.1,30.5,30.6,151702,EQ,,,
2014-03-13,30.85,31.55,30.6,30.75,675544,EQ,,,
2014-03-14,30.95,30.95,30.2,30.7,155976,EQ,,,
2014-03-18,30.7,30.95,30.6,30.85,163930,EQ,,,
2014-03-19,31.2,31.2,29.15,30.85,262456,EQ,,,
2014-03-20,30.85,30.95,30.55,30.9,266749,EQ,,,
2014-03-21,30.8,31.5,30.7,30.95,453888,EQ,,,
2014-03-22,30.95,31.2,30.7,31.0,755239,EQ,,,
2014-03-24,31.3,32.05,30.85,31.85,796623,EQ,,,
2014-03-25,31.85,31.9,31.5,31.6,404804,EQ,,,
2014-03-26,31.5,32.5,31.5,32.2,853516,EQ,,,
2014-03-27,32.2,33.2,31.75,32.95,887892,EQ,,,
2014-03-28,32.95,33.5,32.9,33.1,537640,EQ,,,
2014-03-31,33.2,33.55,33.0,33.4,451054,EQ,,,
2014-04-01,33.5,33.7,32.45,32.8,454608,EQ,,,
2014-04-02,32.9,33.55,32.75,33.2,376317,EQ,,,
2014-04-03,33.45,33.5,32.25,32.8,452965,EQ,,,
2014-04-04,32.8,32.8,32.2,32.55,346500,EQ,,,
2014-04-07,32.8,32.85,31.45,31.65,392959,EQ,,,
2014-04-09,32.2,32.55,31.8,32.3,523449,EQ,,,
2014-04-10,32.6,34.6,32.6,34.4,2737772,EQ,,,
2014-04-11,34.65,34.7,33.55,33.8,529318,EQ,,,
2014-04-15,34.1,34.4,33.55,34.1,409077,EQ,,,
2014-04-16,34.1,34.7,33.75,34.35,628788,EQ,,,
2014-04-17,34.65,35.95,34.15,35.65,1375832,EQ,,,
2014-04-21,36.1,36.25,35.4,35.95,859935,EQ,,,
2014-04-22,35.95,36.1,35.65,35.95,585725,EQ,,,
2014-04-23,35.95,36.3,35.5,36.25,523046,EQ,,,
2014-04-25,35.95,36.45,35.6,35.95,515364,EQ,,,
2014-04-28,35.6,36.35,35.6,36.25,417451,EQ,,,
2014-04-29,36.55,36.55,35.7,36.0,476543,EQ,,,
2014-04-30,35.8,36.95,35.8,36.3,846848,EQ,,,
2014-05-02,36.55,36.65,35.9,36.2,320001,EQ,,,
2014-05-05,36.15,36.45,35.95,36.0,182345,EQ,,,
2014-05-06,36.65,38.45,36.55,38.25,2690359,EQ,,,
2014-05-07,38.55,38.65,37.9,38.2,1170049,EQ,,,
2014-05-08,37.9,40.3,37.9,39.95,2088290,EQ,,,
2014-05-09,40.25,40.25,39.2,39.55,916946,EQ,,,
2014-05-12,39.75,40.05,39.2,39.9,1459936,EQ,,,
2014-05-13,40.25,40.85,39.55,40.3,1337005,EQ,,,
2014-05-14,40.3,40.3,39.4,40.0,1079106,EQ,,,
2014-05-15,39.7,40.4,39.7,40.0,873784,EQ,,,
2014-05-16,40.3,41.25,40.1,40.9,1953663,EQ,,,
2014-05-19,40.9,42.8,40.9,42.5,1023615,EQ,,,
2014-05-20,42.8,43.4,42.45,42.7,455215,EQ,,,
2014-05-21,43.15,43.15,42.55,42.8,379034,EQ,,,
2014-05-22,43.1,46.1,43.1,45.2,1434235,EQ,,,
2014-05-23,46.05,46.3,44.95,45.25,735848,EQ,,,
2014-05-26,46.1,46.7,43.4,43.9,1935440,EQ,,,
2014-05-27,43.4,44.05,42.05,42.2,903153,EQ,,,
2014-05-28,42.45,45.85,42.45,43.2,1017317,EQ,,,
2014-05-29,44.6,44.6,40.95,41.45,1839791,EQ,,,
2014-05-30,42.1,42.55,41.85,42.2,563472,EQ,,,
2014-06-02,42.4,43.3,42.4,43.0,472593,EQ,,,
2014-06-03,43.35,43.45,42.8,42.95,436628,EQ,,,
2014-06-04,42.7,43.55,42.7,43.45,641115,EQ,,,
2014-06-05,43.85,44.3,43.4,43.75,1467060,EQ,,,
2014-06-06,44.05,44.45,43.45,43.8,692710,EQ,,,
2014-06-09,44.3,45.95,44.05,45.55,890531,EQ,,,
2014-06-10,45.85,45.85,43.3,44.05,1465082,EQ,,,
2014-06-11,44.25,44.75,43.3,44.25,744492,EQ,,,
2014-06-12,44.55,45.3,43.45,44.95,403602,EQ,,,
2014-06-13,45.2,48.9,44.05,44.45,2614455,EQ,,,
2014-06-16,44.8,45.35,43.5,45.2,676344,EQ,,,
2014-06-17,45.2,46.0,44.25,45.5,453341,EQ,,,
2014-06-18,45.55,46.1,45.1,45.65,798879,EQ,,,
2014-06-19,45.85,46.3,45.2,45.3,362653,EQ,,,
2014-06-20,45.55,46.3,45.2,45.9,1308757,EQ,,,
2014-06-23,46.2,46.3,45.95,46.25,563347,EQ,,,
2014-06-24,46.5,47.6,46.25,46.9,1039134,EQ,,,
2014-06-25,46.9,48.15,46.1,46.25,830254,EQ,,,
2014-06-26,46.4,46.9,46.15,46.2,471183,EQ,,,
2014-06-27,46.3,46.8,46.1,46.55,525363,EQ,,,
2014-06-30,46.8,47.45,46.1,46.55,1207330,EQ,,,
2014-07-01,48.05,48.35,46.9,47.1,851561,EQ,,,
2014-07-02,47.35,47.85,46.7,47.1,566133,EQ,,,
2014-07-03,47.45,47.6,46.85,46.95,557615,EQ,,,
2014-07-04,47.05,47.1,46.25,46.55,389450,EQ,,,
2014-07-07,46.85,47.05,46.3,46.55,475040,EQ,,,
2014-07-08,46.5,46.7,45.75,46.1,954892,EQ,,,
2014-07-09,45.95,46.45,45.6,45.95,481670,EQ,,,
2014-07-10,45.9,47.3,45.25,45.9,766016,EQ,,,
2014-07-11,45.9,46.6,45.75,45.95,427100,EQ,,,
2014-07-14,45.95,46.6,45.8,46.15,1124220,EQ,,,
2014-07-15,46.75,47.2,45.3,46.2,946805,EQ,,,
2014-07-16,46.5,47.2,46.5,47.05,588886,EQ,,,
2014-07-17,47.1,51.2,46.95,50.25,3003595,EQ,,,
2014-07-18,49.35,50.8,49.3,50.05,884522,EQ,,,
2014-07-21,50.2,50.8,49.0,49.25,510322,EQ,,,
2014-07-22,50.2,50.2,47.75,47.85,481898,EQ,,,
2014-07-23,48.2,48.95,47.65,47.8,248074,EQ,,,
2014-07-24,47.9,48.05,46.9,47.15,261771,EQ,,,
2014-07-25,47.35,47.35,46.55,46.65,364522,EQ,,,
2014-07-28,46.5,47.5,46.05,46.65,248082,EQ,,,
2014-07-30,46.8,46.9,45.95,46.1,152929,EQ,,,
2014-07-31,45.95,46.5,45.55,45.65,275917,EQ,,,
2014-08-01,45.35,46.4,45.25,45.6,238844,EQ,,,
2014-08-04,45.4,46.4,45.4,46.2,173663,EQ,,,
2014-08-05,46.5,46.6,45.2,46.1,277410,EQ,,,
2014-08-06,46.4,46.95,45.4,46.0,720875,EQ,,,
2014-08-07,45.9,46.5,44.9,45.2,346687,EQ,,,
2014-08-08,44.85,45.85,43.85,45.2,425097,EQ,,,
2014-08-11,45.25,45.6,44.05,44.2,298151,EQ,,,
2014-08-12,44.15,44.8,44.15,44.6,185126,EQ,,,
2014-08-13,44.25,45.75,43.75,45.15,351882,EQ,,,
2014-08-14,45.05,47.2,44.45,46.8,599828,EQ,,,
2014-08-18,46.55,47.05,46.45,46.55,285926,EQ,,,
2014-08-19,46.8,47.05,46.25,46.6,179288,EQ,,,
2014-08-20,46.8,46.9,46.1,46.55,167647,EQ,,,
2014-08-21,46.25,48.45,45.95,47.4,2021515,EQ,,,
2014-08-22,47.45,49.0,46.9,48.4,1092138,EQ,,,
2014-08-25,48.4,48.95,47.9,48.55,381717,EQ,,,
2014-08-26,48.2,49.55,48.2,48.95,482301,EQ,,,
2014-08-27,48.95,49.2,48.2,48.85,298705,EQ,,,
2014-08-28,48.95,48.95,47.55,47.8,145695,EQ,,,
2014-09-01,47.8,48.3,47.8,48.15,244337,EQ,,,
2014-09-02,48.4,49.3,47.9,48.7,384350,EQ,,,
2014-09-03,48.4,49.3,48.4,48.95,327138,EQ,,,
2014-09-04,48.85,48.95,48.35,48.8,235007,EQ,,,
2014-09-05,48.55,49.1,47.5,47.7,388644,EQ,,,
2014-09-08,47.55,48.65,47.55,48.55,196613,EQ,,,
2014-09-09,48.25,49.3,47.9,49.0,300552,EQ,,,
2014-09-10,49.6,51.3,49.35,50.8,1708673,EQ,,,
2014-09-11,51.15,53.15,51.15,53.0,1867434,EQ,,,
2014-09-12,53.35,54.35,52.55,53.0,875889,EQ,,,
2014-09-15,53.25,53.3,52.35,52.65,462198,EQ,,,
2014-09-16,52.55,53.3,50.5,50.8,660462,EQ,,,
2014-09-17,50.8,51.95,49.95,51.1,475662,EQ,,,
2014-09-18,51.2,53.05,50.8,52.7,707206,EQ,,,
2014-09-19,52.7,53.25,52.45,52.7,391750,EQ,,,
2014-09-22,52.7,53.3,51.5,51.7,521959,EQ,,,
2014-09-23,51.45,52.45,50.3,50.7,455396,EQ,,,
2014-09-24,50.45,51.45,49.85,50.85,314236,EQ,,,
2014-09-25,51.2,51.4,46.9,48.55,459893,EQ,,,
2014-09-26,49.6,51.95,49.6,51.4,1604229,EQ,,,
2014-09-29,51.9,53.6,51.2,53.35,875954,EQ,,,
2014-09-30,52.85,54.05,52.85,53.25,933199,EQ,,,
2014-10-01,53.1,55.1,53.0,53.2,1176977,EQ,,,
2014-10-07,52.75,53.3,52.0,52.4,2540221,EQ,,,
2014-10-08,52.1,52.7,51.7,52.4,2915268,EQ,,,
2014-10-09,52.4,53.0,52.1,52.5,828169,EQ,,,
2014-10-10,52.2,52.4,51.5,52.1,197793,EQ,,,
2014-10-13,51.95,52.4,51.55,51.9,300092,EQ,,,
2014-10-14,52.0,52.3,51.75,52.0,398184,EQ,,,
2014-10-16,51.95,52.2,49.9,50.85,281786,EQ,,,
2014-10-17,50.8,51.9,50.8,51.6,308051,EQ,,,
2014-10-20,51.8,52.1,51.15,51.3,265098,EQ,,,
2014-10-21,51.3,51.75,50.8,51.3,298345,EQ,,,
2014-10-22,51.6,51.8,51.2,51.4,756172,EQ,,,
2014-10-23,51.45,51.6,51.2,51.45,77400,EQ,,,
2014-10-27,51.5,51.75,49.95,50.5,248458,EQ,,,
2014-10-28,50.0,50.5,49.9,50.3,352708,EQ,,,
2014-10-29,50.6,50.8,50.0,50.45,212954,EQ,,,
2014-10-30,50.2,50.95,50.2,50.85,332137,EQ,,,
2014-10-31,51.15,52.7,50.9,52.55,779827,EQ,,,
2014-11-03,52.55,52.85,51.65,51.8,457353,EQ,,,
2014-11-05,51.8,52.3,50.4,50.9,529892,EQ,,,
2014-11-07,51.5,52.25,50.05,50.55,1405725,EQ,,,
2014-11-10,50.8,51.3,50.5,51.2,336097,EQ,,,
2014-11-11,51.4,52.95,50.75,52.7,979791,EQ,,,
2014-11-12,53.05,53.2,52.4,53.0,926073,EQ,,,
2014-11-13,53.15,56.3,52.7,55.5,1637027,EQ,,,
2014-11-14,56.05,56.6,55.1,56.1,844619,EQ,,,
2014-11-17,56.45,56.5,55.2,55.7,400599,EQ,,,
2014-11-18,55.7,57.35,55.7,57.05,683993,EQ,,,
2014-11-19,57.05,58.3,56.45,57.2,607750,EQ,,,
2014-11-20,57.1,57.6,55.25,56.3,507182,EQ,,,
2014-11-21,57.45,58.55,57.25,58.15,1237298,EQ,,,
2014-11-24,58.3,60.4,58.3,59.6,940449,EQ,,,
2014-11-25,59.3,59.55,56.8,57.6,1052042,EQ,,,
2014-11-26,57.35,58.25,57.35,57.6,249306,EQ,,,
2014-11-27,57.05,57.6,55.75,56.0,802228,EQ,,,
2014-11-28,56.45,58.25,56.4,57.55,867879,EQ,,,
2014-12-01,57.9,58.1,56.45,56.6,278839,EQ,,,
2014-12-02,56.45,57.35,55.75,57.05,810638,EQ,,,
2014-12-03,57.35,58.5,57.1,57.65,932122,EQ,,,
2014-12-04,57.65,58.15,57.05,57.5,362712,EQ,,,
2014-12-05,57.55,58.05,57.1,57.5,811802,EQ,,,
2014-12-08,57.2,58.25,56.8,57.2,369681,EQ,,,
2014-12-09,57.2,58.0,56.3,57.2,599677,EQ,,,
2014-12-10,57.35,60.4,56.6,57.5,1904733,EQ,,,
2014-12-11,57.55,58.05,56.75,56.9,583419,EQ,,,
2014-12-12,57.05,57.4,56.0,56.25,510199,EQ,,,
2014-12-15,56.05,57.2,55.75,56.95,373359,EQ,,,
2014-12-16,56.45,56.8,54.7,55.1,1007351,EQ,,,
2014-12-17,54.55,55.4,53.5,53.9,681849,EQ,,,
2014-12-18,54.4,55.45,52.8,54.85,464471,EQ,,,
2014-12-19,55.3,56.35,55.15,56.0,329475,EQ,,,
2014-12-22,56.05,57.55,55.9,57.35,498172,EQ,,,
2014-12-23,57.65,58.9,56.15,58.65,847197,EQ,,,
2014-12-24,58.55,58.8,57.45,57.8,231962,EQ,,,
2014-12-26,58.05,58.2,57.2,57.8,244654,EQ,,,
2014-12-29,58.1,58.1,57.25,57.45,190148,EQ,,,
2014-12-30,57.2,58.2,57.2,57.6,188525,EQ,,,
2014-12-31,57.8,59.0,57.55,58.35,605112,EQ,,,
2015-01-01,58.05,58.85,57.95,58.45,155763,EQ,,,
2015-01-02,58.85,59.2,58.2,58.35,566397,EQ,,,
2015-01-05,59.8,61.05,59.5,60.3,1780311,EQ,,,
2015-01-06,60.0,60.75,59.2,60.2,765507,EQ,,,
2015-01-07,60.1,61.2,59.6,60.15,485155,EQ,,,
2015-01-08,60.55,62.15,59.8,60.05,3820286,EQ,,,
2015-01-09,60.5,60.55,59.5,59.9,660810,EQ,,,
2015-01-12,60.05,61.35,59.5,60.65,718531,EQ,,,
2015-01-13,60.4,60.95,59.6,59.8,410252,EQ,,,
2015-01-14,59.7,60.35,58.3,58.7,543376,EQ,,,
2015-01-15,59.8,60.7,59.3,59.45,553402,EQ,,,
2015-01-16,59.45,59.5,58.65,58.75,259348,EQ,,,
2015-01-19,58.75,58.95,58.0,58.2,346940,EQ,,,
2015-01-20,57.95,59.45,57.95,59.15,892791,EQ,,,
2015-01-21,59.15,59.8,58.4,59.05,890391,EQ,,,
2015-01-22,59.15,59.5,57.95,58.15,384846,EQ,,,
2015-01-23,58.8,59.15,57.35,57.8,319096,EQ,,,
2015-01-27,58.9,60.55,58.35,59.2,1566116,EQ,,,
2015-01-28,58.55,59.35,58.1,59.1,336278,EQ,,,
2015-01-29,59.45,59.45,57.5,58.8,581424,EQ,,,
2015-01-30,58.9,59.1,57.6,57.85,341610,EQ,,,
2015-02-02,57.95,59.0,57.15,57.8,398773,EQ,,,
2015-02-03,57.8,58.3,57.5,57.6,193438,EQ,,,
2015-02-04,57.65,57.95,55.75,56.05,413322,EQ,,,
2015-02-05,56.05,62.55,55.85,58.95,3016518,EQ,,,
2015-02-06,58.95,60.7,58.5,58.7,488830,EQ,,,
2015-02-09,58.4,59.25,58.1,58.55,237957,EQ,,,
2015-02-10,58.55,59.5,58.3,59.15,217907,EQ,,,
2015-02-11,59.15,59.5,58.55,59.3,229870,EQ,,,
2015-02-12,59.05,59.3,57.8,58.2,367749,EQ,,,
2015-02-13,58.3,58.8,57.9,58.45,390749,EQ,,,
2015-02-16,58.45,59.15,57.85,58.55,384568,EQ,,,
2015-02-18,58.9,61.35,58.65,60.5,1324782,EQ,,,
2015-02-19,60.75,62.1,60.2,61.85,985786,EQ,,,
2015-02-20,62.2,62.85,61.0,61.3,867598,EQ,,,
2015-02-23,61.3,62.45,60.6,61.0,715228,EQ,,,
2015-02-24,61.0,62.0,60.75,61.9,1345208,EQ,,,
2015-02-25,62.0,62.25,60.5,60.8,462325,EQ,,,
2015-02-26,60.95,61.7,60.2,61.55,386506,EQ,,,
2015-02-27,61.55,61.95,61.35,61.8,541206,EQ,,,
2015-02-28,62.0,62.5,60.9,61.7,360752,EQ,,,
2015-03-02,61.7,62.5,61.1,61.8,832865,EQ,,,
2015-03-03,62.0,63.1,61.4,62.2,2196485,EQ,,,
2015-03-04,63.2,63.5,61.7,61.95,597390,EQ,,,
2015-03-05,62.2,62.2,61.2,61.5,311403,EQ,,,
2015-03-09,61.8,62.0,60.8,61.4,1384634,EQ,,,
2015-03-10,61.1,61.9,60.4,60.75,520583,EQ,,,
2015-03-11,61.05,61.05,59.6,60.05,957733,EQ,,,
2015-03-12,60.15,61.7,59.8,61.35,294090,EQ,,,
2015-03-13,61.7,61.9,60.8,61.0,303410,EQ,,,
2015-03-16,60.2,61.3,59.6,59.85,171748,EQ,,,
2015-03-17,60.2,60.85,59.2,59.7,269870,EQ,,,
2015-03-18,59.9,60.25,59.05,59.8,8269984,EQ,,,
2015-03-19,60.05,60.5,59.4,60.05,351233,EQ,,,
2015-03-20,60.1,60.1,59.25,59.5,241096,EQ,,,
2015-03-23,59.8,60.05,58.3,58.65,476512,EQ,,,
2015-03-24,58.0,60.55,58.0,60.05,378394,EQ,,,
2015-03-25,60.05,60.4,59.6,59.85,442827,EQ,,,
2015-03-26,59.9,60.05,59.05,59.5,358926,EQ,,,
2015-03-27,59.5,62.2,58.7,59.4,11095127,EQ,,,
2015-03-30,60.1,60.7,59.05,59.5,240654,EQ,,,
2015-03-31,59.5,60.75,59.45,60.05,460956,EQ,,,
2015-04-01,60.35,61.2,59.8,60.95,182702,EQ,,,
2015-04-06,61.9,61.9,59.8,60.05,171416,EQ,,,
2015-04-07,60.3,60.5,59.65,60.1,657135,EQ,,,
2015-04-08,60.4,60.45,59.85,60.05,219017,EQ,,,
2015-04-09,60.4,60.4,58.4,58.75,1129932,EQ,,,
2015-04-10,60.15,60.55,58.55,59.05,808346,EQ,,,
2015-04-13,59.3,59.9,58.8,58.9,398731,EQ,,,
2015-04-15,59.3,59.8,59.2,59.35,505209,EQ,,,
2015-04-16,59.3,59.55,58.9,59.3,166980,EQ,,,
2015-04-17,59.45,59.8,58.8,58.95,241534,EQ,,,
2015-04-20,59.0,59.25,57.75,58.15,440371,EQ,,,
2015-04-21,58.0,58.8,57.8,58.3,252909,EQ,,,
2015-04-22,58.35,59.15,58.2,58.6,471659,EQ,,,
2015-04-23,58.7,59.05,58.4,58.75,431311,EQ,,,
2015-04-24,58.55,59.7,58.3,59.3,349369,EQ,,,
2015-04-27,59.0,59.0,57.2,57.7,411588,EQ,,,
2015-04-28,58.0,58.3,56.85,57.1,2206898,EQ,,,
2015-04-29,57.1,58.5,57.1,58.1,462409,EQ,,,
2015-04-30,58.35,59.2,57.9,58.5,572558,EQ,,,
2015-05-04,58.8,59.45,58.55,59.25,213493,EQ,,,
2015-05-05,58.95,59.55,58.7,58.8,251582,EQ,,,
2015-05-06,58.9,60.4,58.9,59.8,463836,EQ,,,
2015-05-07,60.4,60.4,59.3,59.5,772124,EQ,,,
2015-05-08,59.35,60.0,59.2,59.5,574814,EQ,,,
2015-05-11,59.2,60.2,58.5,58.9,278681,EQ,,,
2015-05-12,58.9,59.8,58.35,59.55,188444,EQ,,,
2015-05-13,59.25,62.8,59.1,61.9,1138496,EQ,,,
2015-05-14,62.65,62.65,60.85,62.45,637189,EQ,,,
2015-05-15,62.6,62.6,61.55,61.9,195447,EQ,,,
2015-05-18,61.7,62.15,61.05,61.55,186450,EQ,,,
2015-05-19,61.85,62.0,61.1,61.3,202877,EQ,,,
2015-05-20,61.5,61.95,61.25,61.9,242901,EQ,,,
2015-05-21,61.55,62.2,61.25,61.55,155863,EQ,,,
2015-05-22,61.9,62.8,61.55,61.7,383705,EQ,,,
2015-05-25,63.2,64.45,63.2,63.7,1378550,EQ,,,
2015-05-26,63.85,63.85,61.55,61.85,444139,EQ,,,
2015-05-27,61.7,62.85,61.3,62.45,287860,EQ,,,
2015-05-28,62.75,63.2,61.6,62.65,759715,EQ,,,
2015-05-29,62.65,64.15,62.15,63.7,330605,EQ,,,
2015-06-01,63.4,64.35,62.9,63.9,404579,EQ,,,
2015-06-02,63.85,64.0,62.6,63.55,400371,EQ,,,
2015-06-03,62.9,63.8,61.2,63.0,270235,EQ,,,
2015-06-04,62.75,63.8,62.75,63.5,260706,EQ,,,
2015-06-05,63.2,63.8,62.85,63.55,405751,EQ,,,
2015-06-08,63.95,63.95,62.0,62.3,206766,EQ,,,
2015-06-09,62.3,63.15,61.9,62.9,406632,EQ,,,
2015-06-10,62.8,64.4,62.55,64.1,848927,EQ,,,
2015-06-11,64.4,65.45,62.0,62.35,642407,EQ,,,
2015-06-12,62.1,63.2,61.0,61.6,4150653,EQ,,,
2015-06-15,62.2,63.2,59.9,60.85,640913,EQ,,,
2015-06-16,61.05,62.6,60.8,62.45,403943,EQ,,,
2015-06-17,62.2,63.55,61.55,62.85,512406,EQ,,,
2015-06-18,63.2,63.85,62.9,63.7,415857,EQ,,,
2015-06-19,63.85,63.85,62.75,63.0,121905,EQ,,,
2015-06-22,62.7,63.85,62.7,63.1,283643,EQ,,,
2015-06-23,63.85,64.1,62.65,63.2,595221,EQ,,,
2015-06-24,62.9,63.25,61.7,61.95,398863,EQ,,,
2015-06-25,61.7,63.05,61.7,62.9,318494,EQ,,,
2015-06-26,62.6,62.95,62.1,62.8,190906,EQ,,,
2015-06-29,61.9,62.9,61.75,62.75,301103,EQ,,,
2015-06-30,62.8,63.2,62.1,62.55,1166000,EQ,,,
2015-07-01,62.65,63.35,62.55,62.9,368306,EQ,,,
2015-07-02,63.4,63.75,62.95,63.35,653567,EQ,,,
2015-07-03,63.65,64.65,63.2,63.5,762692,EQ,,,
2015-07-06,62.15,62.9,62.0,62.6,570625,EQ,,,
2015-07-07,63.05,63.2,62.05,62.2,444622,EQ,,,
2015-07-08,63.2,63.2,62.2,62.8,744304,EQ,,,
2015-07-09,63.2,63.2,62.35,62.55,736705,EQ,,,
2015-07-10,62.9,63.05,61.95,62.5,337958,EQ,,,
2015-07-13,62.8,63.55,62.45,63.2,569981,EQ,,,
2015-07-14,63.8,63.8,62.3,63.3,829887,EQ,,,
2015-07-15,63.55,63.55,62.45,63.0,1025285,EQ,,,
2015-07-16,63.0,63.2,62.8,63.1,262695,EQ,,,
2015-07-17,62.9,63.2,62.5,62.8,309064,EQ,,,
2015-07-20,62.6,63.05,62.0,62.5,408476,EQ,,,
2015-07-21,62.55,63.05,61.9,62.15,422330,EQ,,,
2015-07-22,62.3,62.55,62.0,62.2,222430,EQ,,,
2015-07-23,62.25,62.3,61.9,62.1,588340,EQ,,,
2015-07-24,62.2,62.25,60.55,60.8,314008,EQ,,,
2015-07-27,61.1,62.95,60.65,62.0,310644,EQ,,,
2015-07-28,61.45,63.25,61.35,62.8,622745,EQ,,,
2015-07-29,63.0,63.0,61.9,62.5,294056,EQ,,,
2015-07-30,62.55,62.9,61.7,62.8,282629,EQ,,,
2015-07-31,62.5,63.05,62.2,62.65,248874,EQ,,,
2015-08-03,62.45,62.6,61.9,62.2,262093,EQ,,,
2015-08-04,62.15,63.1,61.7,62.3,330353,EQ,,,
2015-08-05,62.6,62.7,61.85,62.35,369574,EQ,,,
2015-08-06,62.6,62.6,62.0,62.45,324166,EQ,,,
2015-08-07,62.3,62.45,61.9,61.95,208406,EQ,,,
2015-08-10,62.2,62.6,62.0,62.3,339811,EQ,,,
2015-08-11,62.55,62.7,61.7,61.9,150700,EQ,,,
2015-08-12,61.9,62.65,60.8,62.0,1313493,EQ,,,
2015-08-13,62.65,62.65,61.0,61.2,188268,EQ,,,
2015-08-14,61.05,62.45,60.8,62.2,263033,EQ,,,
2015-08-17,62.2,62.3,61.1,61.6,170645,EQ,,,
2015-08-18,61.9,62.05,60.6,60.75,222022,EQ,,,
2015-08-19,61.0,61.7,60.5,61.35,503190,EQ,,,
2015-08-20,61.05,62.0,60.85,61.85,1041791,EQ,,,
2015-08-21,61.2,61.25,59.55,60.35,255717,EQ,,,
2015-08-24,59.5,59.5,55.75,56.2,431130,EQ,,,
2015-08-25,56.45,58.5,55.85,57.75,640364,EQ,,,
2015-08-26,57.95,59.85,57.4,59.4,829522,EQ,,,
2015-08-27,60.4,60.4,58.9,60.1,321208,EQ,,,
2015-08-28,60.45,60.7,58.9,59.85,214384,EQ,,,
2015-08-31,59.5,59.95,59.1,59.45,293540,EQ,,,
2015-09-01,58.35,58.95,57.95,58.3,214132,EQ,,,
2015-09-02,58.3,58.8,57.15,57.55,470262,EQ,,,
2015-09-03,57.85,58.3,57.15,58.0,406844,EQ,,,
2015-09-04,58.3,58.3,56.65,57.2,297766,EQ,,,
2015-09-07,57.05,58.25,57.05,57.55,370770,EQ,,,
2015-09-08,57.85,58.9,57.05,58.7,531330,EQ,,,
2015-09-09,58.9,59.8,58.65,59.25,456067,EQ,,,
2015-09-10,58.95,58.95,57.8,58.1,264298,EQ,,,
2015-09-11,58.4,58.4,57.8,58.05,489224,EQ,,,
2015-09-14,58.3,58.3,57.75,57.85,297634,EQ,,,
2015-09-15,58.15,58.15,57.35,57.55,1292588,EQ,,,
2015-09-16,57.8,57.8,57.05,57.2,492391,EQ,,,
2015-09-18,57.55,57.65,52.9,54.55,1775883,EQ,,,
2015-09-21,54.65,57.05,54.65,56.95,1970697,EQ,,,
2015-09-22,57.05,57.15,56.3,56.55,1417237,EQ,,,
2015-09-23,56.45,57.15,56.2,57.0,410939,EQ,,,
2015-09-24,57.1,57.35,56.75,56.95,303871,EQ,,,
2015-09-28,56.95,57.2,56.8,57.0,858761,EQ,,,
2015-09-29,56.7,57.2,55.75,56.5,3541148,EQ,,,
2015-09-30,56.8,57.05,56.7,57.0,273776,EQ,,,
2015-10-01,57.05,57.3,56.6,56.9,578063,EQ,,,
2015-10-05,57.2,57.2,56.75,56.95,967575,EQ,,,
2015-10-06,57.05,57.15,56.8,56.95,365384,EQ,,,
2015-10-07,56.95,57.05,55.75,55.95,303978,EQ,,,
2015-10-08,56.25,56.25,55.5,55.7,606451,EQ,,,
2015-10-09,55.7,56.85,55.3,56.45,387097,EQ,,,
2015-10-12,56.45,57.05,56.05,56.55,189690,EQ,,,
2015-10-13,56.85,56.85,55.9,56.05,217584,EQ,,,
2015-10-14,55.75,56.4,55.3,55.45,198515,EQ,,,
2015-10-15,55.75,55.75,54.85,54.95,186760,EQ,,,
2015-10-16,55.1,55.9,54.8,55.7,238584,EQ,,,
2015-10-19,55.7,55.75,55.4,55.65,551072,EQ,,,
2015-10-20,55.75,55.75,54.6,55.1,313254,EQ,,,
2015-10-21,54.8,55.1,53.0,53.3,448734,EQ,,,
2015-10-23,53.6,55.15,53.4,55.1,494429,EQ,,,
2015-10-26,55.4,55.7,54.55,54.7,173354,EQ,,,
2015-10-27,54.7,54.8,53.8,54.5,547763,EQ,,,
2015-10-28,54.55,54.65,53.8,54.4,421965,EQ,,,
2015-10-29,54.7,54.7,53.35,53.8,1335582,EQ,,,
2015-10-30,53.8,56.3,53.8,55.7,813337,EQ,,,
2015-11-02,55.45,56.0,54.8,55.7,324155,EQ,,,
2015-11-03,55.8,55.8,54.2,54.9,538405,EQ,,,
2015-11-04,54.65,55.15,53.8,53.9,553080,EQ,,,
2015-11-05,53.6,54.2,53.35,53.75,470945,EQ,,,
2015-11-06,54.05,54.05,52.4,52.85,1260831,EQ,,,
2015-11-09,52.55,54.2,52.45,53.35,322343,EQ,,,
2015-11-10,53.6,53.85,53.1,53.6,264674,EQ,,,
2015-11-11,53.9,54.4,53.6,54.1,43600,EQ,,,
2015-11-13,53.5,53.9,52.35,52.7,757079,EQ,,,
2015-11-16,52.7,53.1,52.35,52.85,252303,EQ,,,
2015-11-17,52.9,53.9,52.4,53.6,691834,EQ,,,
2015-11-18,53.6,53.7,52.7,53.45,837151,EQ,,,
2015-11-19,53.75,54.7,53.0,54.4,1774648,EQ,,,
2015-11-20,54.4,55.9,54.05,55.7,1080677,EQ,,,
2015-11-23,55.75,56.05,55.0,55.7,255765,EQ,,,
2015-11-24,55.7,55.75,55.4,55.7,208659,EQ,,,
2015-11-26,55.4,55.7,54.8,55.05,248864,EQ,,,
2015-11-27,55.1,55.7,54.9,55.4,237663,EQ,,,
2015-11-30,55.75,55.75,52.7,53.15,968660,EQ,,,
2015-12-01,53.3,54.2,52.7,53.1,774555,EQ,,,
2015-12-02,53.45,53.75,52.7,53.2,504584,EQ,,,
2015-12-03,53.3,53.6,52.7,53.0,441206,EQ,,,
2015-12-04,53.2,53.6,52.7,53.2,629110,EQ,,,
2015-12-07,53.5,54.5,53.3,54.15,346635,EQ,,,
2015-12-08,54.45,55.15,53.9,54.8,267758,EQ,,,
2015-12-09,54.5,55.15,54.5,54.95,287871,EQ,,,
2015-12-10,55.15,55.7,54.85,55.4,169002,EQ,,,
2015-12-11,55.5,55.75,54.85,55.6,274525,EQ,,,
2015-12-14,55.3,55.7,54.55,54.95,309281,EQ,,,
2015-12-15,54.6,56.75,54.55,56.45,397469,EQ,,,
2015-12-16,57.35,57.55,56.15,56.7,634622,EQ,,,
2015-12-17,57.0,57.25,55.9,56.45,808996,EQ,,,
2015-12-18,56.45,57.0,56.15,56.45,610859,EQ,,,
2015-12-21,56.75,57.55,55.9,57.1,363273,EQ,,,
2015-12-22,57.6,58.2,56.45,57.1,411185,EQ,,,
2015-12-23,56.8,57.45,56.4,56.75,474621,EQ,,,
2015-12-24,57.05,57.35,56.45,56.75,517642,EQ,,,
2015-12-28,56.45,56.95,56.05,56.2,208642,EQ,,,
2015-12-29,56.1,57.05,55.9,56.35,236828,EQ,,,
2015-12-30,56.35,56.95,56.2,56.65,144502,EQ,,,
2015-12-31,56.45,57.55,56.2,57.1,129276,EQ,,,
2016-01-01,57.05,57.5,56.5,57.25,71646,EQ,,,
2016-01-04,57.35,57.35,56.05,57.05,151239,EQ,,,
2016-01-05,56.75,56.95,56.05,56.35,167955,EQ,,,
2016-01-06,56.4,56.65,56.05,56.3,136925,EQ,,,
2016-01-07,56.0,56.1,55.3,55.7,187421,EQ,,,
2016-01-08,55.2,56.05,55.2,55.6,289944,EQ,,,
2016-01-11,55.75,55.75,53.7,54.2,406406,EQ,,,
2016-01-12,53.9,54.5,52.35,52.7,288096,EQ,,,
2016-01-13,52.7,53.6,50.6,51.05,390284,EQ,,,
2016-01-14,51.4,52.0,50.3,51.85,1205334,EQ,,,
2016-01-15,51.85,52.0,50.8,50.95,209855,EQ,,,
2016-01-18,51.3,51.45,48.8,49.65,353834,EQ,,,
2016-01-19,49.3,50.35,49.3,50.05,274153,EQ,,,
2016-01-20,49.75,49.75,48.35,49.3,892261,EQ,,,
2016-01-21,49.6,50.2,48.65,48.7,156296,EQ,,,
2016-01-22,49.0,50.05,48.95,49.15,884916,EQ,,,
2016-01-25,49.45,49.55,48.2,48.65,202352,EQ,,,
2016-01-27,48.65,49.85,48.35,49.3,218128,EQ,,,
2016-01-28,49.3,49.9,49.0,49.45,139449,EQ,,,
2016-01-29,49.3,50.05,49.3,49.6,1088924,EQ,,,
2016-02-01,50.45,51.7,49.3,51.3,223720,EQ,,,
2016-02-02,51.95,51.95,50.2,50.6,920058,EQ,,,
2016-02-03,50.05,50.8,49.55,50.5,234481,EQ,,,
2016-02-04,50.5,50.8,50.25,50.5,129153,EQ,,,
2016-02-05,50.6,51.3,49.55,50.45,174613,EQ,,,
2016-02-08,50.45,53.0,50.3,52.3,201476,EQ,,,
2016-02-09,52.3,53.0,51.45,52.7,561042,EQ,,,
2016-02-10,52.7,52.7,51.3,51.7,399589,EQ,,,
2016-02-11,51.45,52.35,49.6,51.2,1109489,EQ,,,
2016-02-12,51.45,52.65,50.0,52.0,453087,EQ,,,
2016-02-15,52.3,52.7,52.05,52.45,162264,EQ,,,
2016-02-16,52.45,52.65,51.2,51.75,107057,EQ,,,
2016-02-17,52.65,52.65,51.15,51.8,150610,EQ,,,
2016-02-18,51.95,51.95,50.95,51.75,275321,EQ,,,
2016-02-19,51.75,51.95,51.4,51.75,99784,EQ,,,
2016-02-22,51.8,52.35,51.55,52.3,258408,EQ,,,
2016-02-23,52.5,52.5,50.75,51.15,187019,EQ,,,
2016-02-24,51.55,52.05,51.2,51.7,434148,EQ,,,
2016-02-25,51.7,51.8,50.05,50.5,6464900,EQ,,,
2016-02-26,50.6,52.0,50.55,51.4,698672,EQ,,,
2016-02-29,51.7,55.4,51.45,52.3,562963,EQ,,,
2016-03-01,52.55,54.5,52.05,53.95,1148248,EQ,,,
2016-03-02,54.55,55.6,54.0,54.8,373498,EQ,,,
2016-03-03,54.9,55.75,54.55,55.25,251028,EQ,,,
2016-03-04,55.7,55.7,54.6,55.05,174262,EQ,,,
2016-03-08,54.75,55.1,53.9,54.2,169677,EQ,,,
2016-03-09,53.95,55.15,53.95,54.95,112415,EQ,,,
2016-03-10,54.7,55.5,52.85,53.2,201480,EQ,,,
2016-03-11,52.75,53.8,52.7,52.95,154028,EQ,,,
2016-03-14,53.3,55.05,53.3,54.6,246155,EQ,,,
2016-03-15,54.3,55.1,54.3,54.7,964877,EQ,,,
2016-03-16,54.45,54.7,53.55,53.9,1026312,EQ,,,
2016-03-17,54.2,55.3,53.8,55.0,445970,EQ,,,
2016-03-18,55.1,55.35,54.4,55.1,137310,EQ,,,
2016-03-21,55.1,56.45,54.8,56.3,562833,EQ,,,
2016-03-22,56.95,57.05,55.9,56.45,1181611,EQ,,,
2016-03-23,56.6,56.95,56.45,56.8,273351,EQ,,,
2016-03-28,56.05,57.5,53.2,54.55,499392,EQ,,,
2016-03-29,55.15,57.25,55.05,56.5,394220,EQ,,,
2016-03-30,56.55,58.75,55.8,58.1,484746,EQ,,,
2016-03-31,58.3,59.0,56.7,58.75,336179,EQ,,,
2016-04-01,58.45,60.7,58.45,60.25,381892,EQ,,,
2016-04-04,61.2,61.2,59.5,60.05,229384,EQ,,,
2016-04-05,60.05,60.3,59.2,59.8,347520,EQ,,,
2016-04-06,59.5,60.55,57.75,59.9,445163,EQ,,,
2016-04-07,59.6,60.05,58.1,58.8,243390,EQ,,,
2016-04-08,58.35,58.85,58.3,58.6,105512,EQ,,,
2016-04-11,58.3,58.55,57.8,58.0,112779,EQ,,,
2016-04-12,58.1,59.9,57.95,59.5,338985,EQ,,,
2016-04-13,60.15,61.35,59.95,60.15,3308001,EQ,,,
2016-04-18,60.45,61.35,58.9,59.0,166125,EQ,,,
2016-04-20,59.3,59.8,57.8,58.1,211455,EQ,,,
2016-04-21,58.1,58.95,57.95,58.15,389577,EQ,,,
2016-04-22,58.45,59.25,57.55,58.75,468961,EQ,,,
2016-04-25,58.3,59.2,58.3,59.0,601980,EQ,,,
2016-04-26,58.75,59.5,58.7,59.15,172453,EQ,,,
2016-04-27,59.2,59.45,58.5,59.1,143460,EQ,,,
2016-04-28,58.85,59.2,58.1,58.4,170682,EQ,,,
2016-04-29,58.05,58.9,57.95,58.2,215356,EQ,,,
2016-05-02,58.0,58.45,57.8,58.2,202845,EQ,,,
2016-05-03,58.3,60.15,57.8,59.5,355428,EQ,,,
2016-05-04,59.8,59.85,58.55,59.65,197881,EQ,,,
2016-05-05,59.9,59.9,59.2,59.5,511405,EQ,,,
2016-05-06,59.2,59.8,59.15,59.5,211838,EQ,,,
2016-05-09,59.75,60.15,58.55,59.45,295724,EQ,,,
2016-05-10,59.45,60.1,59.45,59.65,189640,EQ,,,
2016-05-11,59.9,59.9,59.05,59.5,134062,EQ,,,
2016-05-12,59.5,59.8,59.5,59.6,86547,EQ,,,
2016-05-13,59.5,60.2,59.3,59.95,153688,EQ,,,
2016-05-16,60.05,60.25,59.45,59.65,159753,EQ,,,
2016-05-17,59.45,60.25,59.2,60.15,602319,EQ,,,
2016-05-18,60.45,61.2,59.8,61.0,227064,EQ,,,
2016-05-19,61.0,61.7,60.8,61.5,255589,EQ,,,
2016-05-20,61.35,61.85,60.2,60.75,127512,EQ,,,
2016-05-23,61.3,64.4,59.35,63.9,2292261,EQ,,,
2016-05-24,63.85,65.05,62.75,64.9,1353643,EQ,,,
2016-05-25,65.05,65.05,63.3,64.35,419011,EQ,,,
2016-05-26,64.95,65.05,64.2,64.6,350782,EQ,,,
2016-05-27,64.6,66.95,64.6,66.15,923300,EQ,,,
2016-05-30,66.15,66.65,64.9,66.4,409854,EQ,,,
2016-05-31,66.3,66.6,65.5,66.05,280201,EQ,,,
2016-06-01,66.3,66.3,65.8,65.95,222837,EQ,,,
2016-06-02,65.4,66.65,65.1,66.35,407468,EQ,,,
2016-06-03,66.65,66.65,64.8,65.05,292676,EQ,,,
2016-06-06,65.3,65.65,64.1,65.35,195424,EQ,,,
2016-06-07,65.4,65.95,64.15,64.6,200865,EQ,,,
2016-06-08,64.9,66.8,64.6,66.55,510702,EQ,,,
2016-06-09,66.55,68.2,65.8,67.6,618896,EQ,,,
2016-06-10,67.3,69.55,67.1,68.0,836551,EQ,,,
2016-06-13,67.7,68.65,66.3,67.85,780670,EQ,,,
2016-06-14,67.6,68.2,67.0,67.15,359642,EQ,,,
2016-06-15,67.25,67.9,67.05,67.75,273507,EQ,,,
2016-06-16,67.75,67.75,65.7,66.85,301056,EQ,,,
2016-06-17,67.15,68.1,67.1,67.65,317385,EQ,,,
2016-06-20,67.8,68.55,67.1,68.2,274407,EQ,,,
2016-06-21,68.5,68.5,66.95,67.25,97385,EQ,,,
2016-06-22,67.0,68.8,66.95,68.2,371875,EQ,,,
2016-06-23,68.2,68.45,67.0,68.2,185047,EQ,,,
2016-06-24,67.6,67.6,65.8,66.3,426424,EQ,,,
2016-06-27,66.55,68.5,66.1,68.15,287767,EQ,,,
2016-06-28,67.9,68.6,67.0,67.7,229182,EQ,,,
2016-06-29,67.45,68.8,67.45,68.7,230878,EQ,,,
2016-06-30,68.7,74.0,68.35,72.15,1641231,EQ,,,
2016-07-01,72.8,75.55,72.8,74.65,1395516,EQ,,,
2016-07-04,75.4,76.25,72.8,75.25,985447,EQ,,,
2016-07-05,74.05,77.5,74.0,77.3,933263,EQ,,,
2016-07-07,77.2,77.5,74.6,75.4,536607,EQ,,,
2016-07-08,75.85,75.85,73.0,73.55,290155,EQ,,,
2016-07-11,74.15,75.0,73.6,73.8,150507,EQ,,,
2016-07-12,74.15,75.15,73.65,74.5,282295,EQ,,,
2016-07-13,74.8,74.8,72.55,74.0,294493,EQ,,,
2016-07-14,73.35,74.5,73.25,74.35,259818,EQ,,,
2016-07-15,74.65,75.0,73.8,74.4,375059,EQ,,,
2016-07-18,74.7,75.95,73.6,74.05,288015,EQ,,,
2016-07-19,74.15,75.3,73.8,74.15,144434,EQ,,,
2016-07-20,74.5,75.35,73.95,75.05,276316,EQ,,,
2016-07-21,75.95,75.95,75.05,75.7,483304,EQ,,,
2016-07-22,76.2,76.8,75.7,76.0,219994,EQ,,,
2016-07-25,75.7,78.35,75.1,77.75,405928,EQ,,,
2016-07-26,78.6,79.3,77.2,77.65,305256,EQ,,,
2016-07-27,77.9,79.6,77.55,79.1,251375,EQ,,,
2016-07-28,79.3,81.1,79.3,80.45,389142,EQ,,,
2016-07-29,80.75,81.2,79.15,80.5,235634,EQ,,,
2016-08-01,81.1,81.1,77.5,79.3,389474,EQ,,,
2016-08-02,79.15,79.65,76.95,77.8,418817,EQ,,,
2016-08-03,77.95,79.7,76.9,77.3,201629,EQ,,,
2016-08-04,77.05,78.1,76.45,77.05,210096,EQ,,,
2016-08-05,77.35,77.9,76.9,77.4,152332,EQ,,,
2016-08-08,77.5,79.3,77.1,79.1,186676,EQ,,,
2016-08-09,78.8,80.9,78.5,80.6,235678,EQ,,,
2016-08-10,81.2,84.55,79.4,81.05,1960256,EQ,,,
2016-08-11,81.05,81.15,79.6,80.15,250285,EQ,,,
2016-08-12,79.55,80.15,78.0,79.3,282680,EQ,,,
2016-08-16,79.0,80.55,78.7,80.3,228756,EQ,,,
2016-08-17,80.6,80.7,79.3,80.05,135325,EQ,,,
2016-08-18,80.35,83.3,80.1,82.95,487546,EQ,,,
2016-08-19,83.7,84.55,83.0,83.6,292163,EQ,,,
2016-08-22,83.3,83.3,77.8,82.7,282330,EQ,,,
2016-08-23,82.5,82.95,81.2,82.3,155629,EQ,,,
2016-08-24,82.05,82.7,79.4,80.3,247875,EQ,,,
2016-08-25,80.6,81.75,80.45,81.3,273793,EQ,,,
2016-08-26,81.55,81.55,79.1,80.55,235995,EQ,,,
2016-08-29,80.45,81.75,79.4,81.2,185114,EQ,,,
2016-08-30,81.55,83.65,81.1,83.1,336521,EQ,,,
2016-08-31,83.2,84.3,80.3,81.65,296749,EQ,,,
2016-09-01,81.95,82.1,80.6,81.75,183972,EQ,,,
2016-09-02,82.0,83.0,81.2,82.6,316984,EQ,,,
2016-09-06,82.6,83.35,79.45,80.3,775384,EQ,,,
2016-09-07,82.15,82.45,80.45,81.65,295775,EQ,,,
2016-09-08,81.4,84.2,81.4,83.8,571333,EQ,,,
2016-09-09,83.45,91.7,81.75,86.25,1809928,EQ,,,
2016-09-12,85.65,85.65,82.95,84.15,501681,EQ,,,
2016-09-14,83.1,84.2,82.0,82.85,534423,EQ,,,
2016-09-15,83.15,83.45,81.55,82.0,236497,EQ,,,
2016-09-16,82.45,83.8,81.65,81.95,728590,EQ,,,
2016-09-19,82.7,82.7,80.8,81.2,284893,EQ,,,
2016-09-20,80.65,81.8,80.0,80.8,271304,EQ,,,
2016-09-21,80.8,82.05,80.35,81.6,157645,EQ,,,
2016-09-22,81.8,83.05,80.3,80.8,329800,EQ,,,
2016-09-23,81.1,81.25,79.45,79.8,354181,EQ,,,
2016-09-26,80.05,81.5,79.8,80.95,290877,EQ,,,
2016-09-27,81.25,81.8,80.7,81.2,448375,EQ,,,
2016-09-28,81.2,82.7,81.2,82.3,523954,EQ,,,
2016-09-29,82.45,83.0,80.9,82.4,902771,EQ,,,
2016-09-30,81.55,82.45,80.6,81.9,500039,EQ,,,
2016-10-03,81.55,88.0,81.55,83.85,1491254,EQ,,,
2016-10-04,84.5,86.75,83.05,85.9,556290,EQ,,,
2016-10-05,85.9,86.2,83.35,85.3,840854,EQ,,,
2016-10-06,85.45,86.05,83.7,84.7,200908,EQ,,,
2016-10-07,86.05,86.05,83.6,85.3,204105,EQ,,,
2016-10-10,85.3,87.25,85.25,86.8,263168,EQ,,,
2016-10-13,86.8,87.8,84.2,87.2,737332,EQ,,,
2016-10-14,86.85,90.5,86.8,89.2,439179,EQ,,,
2016-10-17,90.15,90.15,86.9,88.65,756661,EQ,,,
2016-10-18,88.3,89.55,87.8,88.2,207107,EQ,,,
2016-10-19,87.9,89.2,87.65,88.65,1403717,EQ,,,
2016-10-20,88.35,92.95,87.8,90.5,2947495,EQ,,,
2016-10-21,91.2,91.3,89.15,89.4,961087,EQ,,,
2016-10-24,91.0,91.7,87.7,88.3,673722,EQ,,,
2016-10-25,88.65,90.15,88.6,89.2,430459,EQ,,,
2016-10-26,89.8,90.45,88.7,89.5,279521,EQ,,,
2016-10-27,89.5,90.55,88.45,90.05,1222782,EQ,,,
2016-10-28,90.25,92.95,89.9,92.45,4289189,EQ,,,
2016-10-30,92.6,93.55,92.35,92.75,77623,EQ,,,
2016-11-01,92.45,93.55,91.45,92.75,615890,EQ,,,
2016-11-02,92.35,93.55,91.7,93.0,694983,EQ,,,
2016-11-03,92.95,93.3,92.2,92.65,355867,EQ,,,
2016-11-04,92.95,92.95,89.55,92.7,650508,EQ,,,
2016-11-07,93.55,93.55,92.45,93.25,2904311,EQ,,,
2016-11-08,94.25,94.25,93.3,93.95,383125,EQ,,,
2016-11-09,90.2,92.9,88.9,91.45,2067436,EQ,,,
2016-11-10,92.85,94.55,91.55,93.7,3866092,EQ,,,
2016-11-11,93.95,94.85,88.5,92.25,2697015,EQ,,,
2016-11-15,90.4,90.9,85.55,86.5,724047,EQ,,,
2016-11-16,87.4,88.8,82.7,83.6,371782,EQ,,,
2016-11-17,84.3,85.55,81.2,81.55,503464,EQ,,,
2016-11-18,81.55,86.3,79.3,85.25,649847,EQ,,,
2016-11-21,85.55,87.4,79.65,80.5,1294254,EQ,,,
2016-11-22,81.2,83.65,80.2,83.35,696513,EQ,,,
2016-11-23,84.85,84.85,81.25,83.25,282476,EQ,,,
2016-11-24,83.5,83.5,80.7,81.15,517397,EQ,,,
2016-11-25,82.6,86.15,81.5,85.2,550646,EQ,,,
2016-11-28,85.15,85.15,82.7,83.25,244937,EQ,,,
2016-11-29,84.95,84.95,82.45,83.25,174437,EQ,,,
2016-11-30,83.85,85.9,82.85,83.5,1937180,EQ,,,
2016-12-01,84.1,85.0,82.5,84.55,925194,EQ,,,
2016-12-02,83.95,84.95,82.9,83.95,285761,EQ,,,
2016-12-05,84.5,86.0,83.15,85.3,430287,EQ,,,
2016-12-06,85.55,86.8,85.05,86.5,350840,EQ,,,
2016-12-07,86.8,87.35,85.6,86.2,216986,EQ,,,
2016-12-08,85.75,86.15,85.25,85.55,152310,EQ,,,
2016-12-09,85.55,86.0,83.55,83.8,726668,EQ,,,
2016-12-12,84.0,84.1,82.55,83.1,146537,EQ,,,
2016-12-13,82.95,84.0,82.75,83.0,613686,EQ,,,
2016-12-14,83.05,83.7,80.2,80.65,568206,EQ,,,
2016-12-15,80.6,81.95,80.3,80.65,283473,EQ,,,
2016-12-16,81.6,81.6,79.4,80.35,213750,EQ,,,
2016-12-19,82.0,82.0,80.05,80.35,190149,EQ,,,
2016-12-20,80.35,82.35,79.3,82.3,818506,EQ,,,
2016-12-21,81.9,82.3,80.3,80.35,331774,EQ,,,
2016-12-22,79.8,81.1,79.8,80.45,179518,EQ,,,
2016-12-23,80.2,82.3,80.0,81.35,147184,EQ,,,
2016-12-26,82.2,82.2,80.0,81.55,151912,EQ,,,
2016-12-27,81.35,82.05,80.3,81.0,117513,EQ,,,
2016-12-28,80.35,81.2,78.8,79.6,263182,EQ,,,
2016-12-29,80.6,80.8,79.3,79.9,149730,EQ,,,
2016-12-30,80.6,81.2,79.45,80.05,2769481,EQ,,,
2017-01-02,80.65,81.7,79.45,80.4,238176,EQ,,,
2017-01-03,81.15,82.3,79.75,82.0,459450,EQ,,,
2017-01-04,83.0,83.0,80.8,81.4,251694,EQ,,,
2017-01-05,82.9,83.9,81.85,83.7,277518,EQ,,,
2017-01-06,86.5,86.5,84.35,86.05,258934,EQ,,,
2017-01-09,86.6,86.8,85.3,86.4,311180,EQ,,,
2017-01-10,86.05,86.15,84.65,85.7,319985,EQ,,,
2017-01-11,85.7,86.75,85.7,86.2,348517,EQ,,,
2017-01-12,86.8,86.8,84.0,84.4,231074,EQ,,,
2017-01-13,85.85,88.45,84.65,87.7,281832,EQ,,,
2017-01-16,87.4,88.65,85.6,88.4,260862,EQ,,,
2017-01-17,88.2,89.25,86.5,88.7,218288,EQ,,,
2017-01-18,88.4,89.25,86.8,87.55,265540,EQ,,,
2017-01-19,87.55,88.95,86.45,86.8,389530,EQ,,,
2017-01-20,87.1,88.45,86.15,88.0,292003,EQ,,,
2017-01-23,87.1,90.1,86.45,89.8,544236,EQ,,,
2017-01-24,90.2,90.2,88.6,89.15,631293,EQ,,,
2017-01-25,89.15,92.95,88.95,91.8,950774,EQ,,,
2017-01-27,92.55,96.1,92.05,95.8,935141,EQ,,,
2017-01-30,95.5,95.5,89.1,89.8,619758,EQ,,,
2017-01-31,90.5,93.55,88.7,93.0,346402,EQ,,,
2017-02-01,92.9,95.8,91.45,95.2,500169,EQ,,,
2017-02-02,94.9,99.8,93.05,99.25,826574,EQ,,,
2017-02-03,98.65,102.9,98.65,102.55,1028290,EQ,,,
2017-02-06,102.25,104.45,101.35,103.3,474649,EQ,,,
2017-02-07,103.3,103.3,100.25,100.7,255211,EQ,,,
2017-02-08,101.5,103.45,96.4,97.6,1038473,EQ,,,
2017-02-09,99.55,99.55,91.3,93.1,1311770,EQ,,,
2017-02-10,93.5,98.25,93.3,97.0,938326,EQ,,,
2017-02-13,97.3,97.3,94.45,95.35,388358,EQ,,,
2017-02-14,95.55,96.45,92.35,93.25,458170,EQ,,,
2017-02-15,93.25,96.65,92.9,96.2,582303,EQ,,,
2017-02-16,96.05,96.4,94.2,94.6,232763,EQ,,,
2017-02-17,95.95,95.95,92.65,93.6,1710323,EQ,,,
2017-02-20,94.2,94.55,92.5,92.95,662720,EQ,,,
2017-02-21,93.55,94.55,92.05,93.5,1925715,EQ,,,
2017-02-22,95.15,95.15,92.7,92.95,662104,EQ,,,
2017-02-23,93.55,93.55,91.45,91.8,435503,EQ,,,
2017-02-27,91.35,92.1,89.45,90.4,926352,EQ,,,
2017-02-28,90.5,90.5,89.25,89.45,773407,EQ,,,
2017-03-01,90.2,92.1,89.95,90.85,1112200,EQ,,,
2017-03-02,92.05,92.05,89.25,89.5,301970,EQ,,,
2017-03-03,89.95,90.3,88.75,89.2,341500,EQ,,,
2017-03-06,90.45,91.7,88.25,88.75,311990,EQ,,,
2017-03-07,88.2,89.6,87.2,87.65,329366,EQ,,,
2017-03-08,87.9,88.7,86.9,87.45,415675,EQ,,,
2017-03-09,87.8,87.8,84.6,85.3,431728,EQ,,,
2017-03-10,86.3,86.85,84.95,85.4,976079,EQ,,,
2017-03-14,88.0,88.3,85.95,86.7,853920,EQ,,,
2017-03-15,87.6,92.05,87.4,91.8,1212658,EQ,,,
2017-03-16,92.35,92.95,91.15,91.7,3156082,EQ,,,
2017-03-17,91.7,92.3,89.3,90.95,636265,EQ,,,
2017-03-20,91.55,91.9,89.55,90.3,668864,EQ,,,
2017-03-21,90.95,90.95,89.0,90.5,377075,EQ,,,
2017-03-22,89.85,91.7,88.65,89.1,524409,EQ,,,
2017-03-23,89.9,90.5,88.1,88.3,347422,EQ,,,
2017-03-24,88.65,90.5,88.65,89.2,413853,EQ,,,
2017-03-27,90.5,90.5,87.7,88.2,928866,EQ,,,
2017-03-28,89.05,89.8,88.0,88.4,527389,EQ,,,
2017-03-29,89.35,89.8,87.5,88.05,839878,EQ,,,
2017-03-30,88.8,90.45,88.35,89.85,505790,EQ,,,
2017-03-31,89.85,94.6,89.6,93.95,1078588,EQ,,,
2017-04-03,93.55,95.15,93.1,94.0,378845,EQ,,,
2017-04-05,94.75,95.7,93.65,94.6,373215,EQ,,,
2017-04-06,94.6,95.95,94.1,94.7,389274,EQ,,,
2017-04-07,95.05,96.1,94.3,94.8,364425,EQ,,,
2017-04-10,95.4,95.45,93.95,94.9,1500432,EQ,,,
2017-04-11,95.4,95.8,94.6,95.15,273924,EQ,,,
2017-04-12,96.0,96.0,91.3,92.55,1290777,EQ,,,
2017-04-13,93.55,94.05,91.2,93.35,1131843,EQ,,,
2017-04-17,94.25,94.25,91.95,93.1,278556,EQ,,,
2017-04-18,93.95,94.85,91.7,92.1,929722,EQ,,,
2017-04-19,92.05,92.4,91.1,92.05,555548,EQ,,,
2017-04-20,92.95,92.95,91.5,92.1,250215,EQ,,,
2017-04-21,92.35,93.95,92.05,92.5,350777,EQ,,,
2017-04-24,92.95,94.3,92.05,94.1,330236,EQ,,,
2017-04-25,94.15,95.4,92.6,94.8,1046330,EQ,,,
2017-04-26,95.5,100.0,95.5,99.4,1911727,EQ,,,
2017-04-27,100.4,100.6,98.25,98.7,899524,EQ,,,
2017-04-28,99.8,102.8,98.8,102.15,1027278,EQ,,,
2017-05-02,102.2,102.25,100.25,101.8,644058,EQ,,,
2017-05-03,102.8,104.1,101.35,102.65,991346,EQ,,,
2017-05-04,103.7,103.8,101.1,102.0,672301,EQ,,,
2017-05-05,103.4,105.5,101.75,103.45,811687,EQ,,,
2017-05-08,103.4,103.4,101.5,102.7,673628,EQ,,,
2017-05-09,103.05,104.8,102.55,104.45,340112,EQ,,,
2017-05-10,104.2,105.3,104.05,104.4,835187,EQ,,,
2017-05-11,104.4,108.95,104.4,107.4,843354,EQ,,,
2017-05-12,108.45,108.45,106.1,107.75,581085,EQ,,,
2017-05-15,107.55,114.05,106.6,112.7,1034957,EQ,,,
2017-05-16,112.7,113.85,110.3,111.35,487004,EQ,,,
2017-05-17,111.55,113.2,108.2,109.5,1240592,EQ,,,
2017-05-18,110.0,110.2,107.9,108.25,276742,EQ,,,
2017-05-19,107.85,108.7,103.2,104.95,284585,EQ,,,
2017-05-22,106.6,106.6,101.05,101.7,277726,EQ,,,
2017-05-23,104.15,105.25,100.45,104.2,378919,EQ,,,
2017-05-24,104.15,105.95,102.8,103.8,381669,EQ,,,
2017-05-25,103.5,104.75,102.1,104.3,318179,EQ,,,
2017-05-26,105.3,107.2,101.5,106.55,501950,EQ,,,
2017-05-29,107.2,112.7,101.8,102.4,1722527,EQ,,,
2017-05-30,103.5,104.75,102.9,103.5,214797,EQ,,,
2017-05-31,103.5,106.6,103.5,106.1,227387,EQ,,,
2017-06-01,105.15,108.85,105.15,107.7,465698,EQ,,,
2017-06-02,108.95,109.6,106.9,107.4,401661,EQ,,,
2017-06-05,107.9,108.45,106.6,106.8,120640,EQ,,,
2017-06-06,107.15,107.65,105.1,105.25,161368,EQ,,,
2017-06-07,105.25,107.75,105.25,107.45,216118,EQ,,,
2017-06-08,108.2,108.35,106.6,107.7,201180,EQ,,,
2017-06-09,108.25,108.5,107.1,108.35,230204,EQ,,,
2017-06-12,109.1,110.45,107.2,108.2,1872184,EQ,,,
2017-06-13,109.05,109.05,107.6,108.3,324428,EQ,,,
2017-06-14,109.05,126.85,106.7,119.2,1330333,EQ,,,
2017-06-15,118.95,118.95,110.0,110.95,1181758,EQ,,,
2017-06-16,110.3,114.55,110.3,113.2,1458845,EQ,,,
2017-06-19,114.6,114.6,112.5,113.7,188203,EQ,,,
2017-06-20,114.6,114.6,110.05,110.7,659366,EQ,,,
2017-06-21,111.45,112.9,110.95,112.1,176505,EQ,,,
2017-06-22,111.55,113.05,110.6,111.4,311666,EQ,,,
2017-06-23,112.65,112.65,110.7,111.2,227286,EQ,,,
2017-06-27,111.6,112.85,110.15,110.85,847417,EQ,,,
2017-06-28,112.1,112.5,109.6,110.0,170682,EQ,,,
2017-06-29,110.05,113.85,110.05,112.95,811817,EQ,,,
2017-06-30,112.2,112.9,109.25,109.6,365600,EQ,,,
2017-07-03,110.6,112.8,109.3,112.05,242276,EQ,,,
2017-07-04,114.25,114.5,112.0,112.9,284168,EQ,,,
2017-07-05,113.45,114.05,110.05,111.3,355454,EQ,,,
2017-07-06,111.1,112.2,110.8,111.55,513327,EQ,,,
2017-07-07,112.8,113.3,111.2,112.55,150843,EQ,,,
2017-07-10,111.55,114.9,111.55,114.55,90882,EQ,,,
2017-07-11,115.85,116.3,112.9,113.75,1138652,EQ,,,
2017-07-12,114.3,114.5,113.0,113.45,313207,EQ,,,
2017-07-13,117.95,121.35,115.6,118.7,881346,EQ,,,
2017-07-14,119.3,121.9,116.9,117.55,347392,EQ,,,
2017-07-17,119.25,119.25,115.15,115.65,273879,EQ,,,
2017-07-18,116.6,117.25,112.6,113.65,370626,EQ,,,
2017-07-19,114.55,114.55,111.15,111.85,220251,EQ,,,
2017-07-20,112.5,113.0,109.4,110.15,294281,EQ,,,
2017-07-21,109.75,110.45,108.4,108.85,360211,EQ,,,
2017-07-24,109.05,109.15,107.4,108.2,453418,EQ,,,
2017-07-25,109.0,111.25,107.75,110.9,374478,EQ,,,
2017-07-26,111.8,112.5,110.2,111.4,366902,EQ,,,
2017-07-27,112.25,114.95,110.45,114.55,1584061,EQ,,,
2017-07-28,113.8,114.55,112.3,114.2,288264,EQ,,,
2017-07-31,115.6,122.75,111.15,120.2,908766,EQ,,,
2017-08-01,120.0,121.7,116.05,119.3,845643,EQ,,,
2017-08-02,118.3,120.5,115.9,116.75,327681,EQ,,,
2017-08-03,116.75,117.65,115.9,116.55,165543,EQ,,,
2017-08-04,116.9,116.9,113.5,114.55,419776,EQ,,,
2017-08-07,117.8,117.95,115.8,116.65,441096,EQ,,,
2017-08-08,117.25,117.3,113.6,114.7,307813,EQ,,,
2017-08-09,114.55,117.55,109.4,110.45,1490491,EQ,,,
2017-08-10,111.75,111.75,105.7,106.95,449487,EQ,,,
2017-08-11,109.0,109.0,101.6,105.8,386822,EQ,,,
2017-08-14,108.4,108.4,105.7,106.4,167171,EQ,,,
2017-08-16,108.3,108.35,105.35,107.9,223905,EQ,,,
2017-08-17,109.7,109.7,107.05,108.95,280239,EQ,,,
2017-08-18,108.4,108.4,104.6,105.1,1317818,EQ,,,
2017-08-21,105.7,107.5,105.15,106.1,234873,EQ,,,
2017-08-22,107.75,108.4,106.0,106.7,219773,EQ,,,
2017-08-23,106.35,108.4,106.35,108.0,226893,EQ,,,
2017-08-24,108.0,111.15,107.2,110.6,628334,EQ,,,
2017-08-28,111.9,111.9,108.05,108.4,454482,EQ,,,
2017-08-29,108.1,109.75,107.1,108.5,192981,EQ,,,
2017-08-30,107.75,109.6,105.1,108.4,268622,EQ,,,
2017-08-31,109.1,109.1,107.25,108.35,138775,EQ,,,
2017-09-01,108.15,110.05,108.05,109.4,486186,EQ,,,
2017-09-04,109.35,110.5,108.8,109.5,349534,EQ,,,
2017-09-05,108.8,110.45,108.5,110.0,222680,EQ,,,
2017-09-06,108.55,110.45,108.55,110.15,174660,EQ,,,
2017-09-07,110.4,111.15,107.8,109.1,465864,EQ,,,
2017-09-08,109.05,109.35,108.75,109.1,95093,EQ,,,
2017-09-11,108.75,111.5,108.75,111.1,337030,EQ,,,
2017-09-12,112.4,114.5,110.8,113.7,577500,EQ,,,
2017-09-13,114.55,115.85,112.25,114.45,522215,EQ,,,
2017-09-14,115.6,115.6,112.5,114.4,167295,EQ,,,
2017-09-15,113.85,114.55,112.7,113.65,468852,EQ,,,
2017-09-18,113.8,118.75,113.2,115.55,1179915,EQ,,,
2017-09-19,115.25,116.6,113.75,115.75,398642,EQ,,,
2017-09-20,115.75,115.85,112.25,112.55,1056577,EQ,,,
2017-09-21,112.5,113.25,111.2,111.95,583668,EQ,,,
2017-09-22,111.9,112.1,108.75,109.25,210220,EQ,,,
2017-09-25,109.7,109.7,105.7,106.2,755498,EQ,,,
2017-09-26,105.85,106.6,103.7,105.4,841137,EQ,,,
2017-09-27,107.6,107.6,101.45,102.1,791204,EQ,,,
2017-09-28,103.35,107.4,100.25,106.85,829823,EQ,,,
2017-09-29,107.75,112.35,106.0,110.65,946543,EQ,,,
2017-10-03,110.65,113.5,110.05,111.95,350996,EQ,,,
2017-10-04,112.15,113.45,110.5,112.15,401550,EQ,,,
2017-10-05,113.1,113.1,110.8,111.85,229545,EQ,,,
2017-10-06,112.5,113.05,110.45,111.7,198114,EQ,,,
2017-10-09,113.2,113.2,110.1,110.45,211283,EQ,,,
2017-10-10,111.8,111.8,107.4,108.3,587176,EQ,,,
2017-10-11,110.45,110.45,107.9,108.65,967721,EQ,,,
2017-10-12,109.1,109.4,107.45,107.75,120592,EQ,,,
2017-10-13,108.95,110.25,107.4,108.8,228892,EQ,,,
2017-10-16,110.2,110.2,107.85,108.95,2661974,EQ,,,
2017-10-17,108.95,110.3,108.1,109.3,176888,EQ,,,
2017-10-18,109.7,110.05,108.2,108.85,797540,EQ,,,
2017-10-19,109.1,109.1,106.7,107.45,79799,EQ,,,
2017-10-23,106.45,109.75,106.1,108.9,377525,EQ,,,
2017-10-24,109.1,109.6,107.75,108.95,250951,EQ,,,
2017-10-25,109.75,110.25,106.6,106.8,313697,EQ,,,
2017-10-26,108.4,108.7,107.15,107.8,157369,EQ,,,
2017-10-27,108.85,109.1,106.85,108.8,1112425,EQ,,,
2017-10-30,109.7,109.7,107.55,108.85,373122,EQ,,,
2017-10-31,109.45,110.45,108.55,110.15,205469,EQ,,,
2017-11-01,111.0,111.15,108.95,109.6,215477,EQ,,,
2017-11-02,108.95,110.45,108.2,109.05,178336,EQ,,,
2017-11-03,110.4,112.6,108.2,111.4,443348,EQ,,,
2017-11-06,111.7,112.3,110.1,110.5,217810,EQ,,,
2017-11-07,110.2,112.7,109.45,111.95,451623,EQ,,,
2017-11-08,112.5,114.9,110.25,112.15,1000654,EQ,,,
2017-11-09,112.5,113.2,109.85,110.6,799422,EQ,,,
2017-11-10,110.6,112.3,110.0,111.0,168795,EQ,,,
2017-11-13,109.9,113.85,109.9,113.45,411220,EQ,,,
2017-11-14,114.5,114.7,110.25,110.5,2323097,EQ,,,
2017-11-15,111.1,111.8,110.05,110.45,219516,EQ,,,
2017-11-16,110.45,111.55,110.45,111.15,158097,EQ,,,
2017-11-17,113.2,113.2,111.3,111.8,160405,EQ,,,
2017-11-20,111.8,112.5,111.25,111.95,1107886,EQ,,,
2017-11-21,111.8,112.95,111.45,111.95,219547,EQ,,,
2017-11-22,112.15,114.55,111.0,112.55,3161125,EQ,,,
2017-11-23,112.45,113.75,110.5,112.0,200650,EQ,,,
2017-11-24,112.5,113.75,111.1,113.15,191343,EQ,,,
2017-11-27,113.2,113.2,109.8,110.2,210180,EQ,,,
2017-11-28,110.1,112.4,109.75,111.6,243736,EQ,,,
2017-11-29,112.4,112.4,110.35,111.2,178731,EQ,,,
2017-11-30,111.2,114.5,110.2,114.2,573892,EQ,,,
2017-12-01,114.55,118.7,114.2,117.0,1915847,EQ,,,
2017-12-04,117.6,119.95,114.25,119.8,1230712,EQ,,,
2017-12-05,119.8,122.75,117.5,122.6,923718,EQ,,,
2017-12-06,123.1,123.4,118.4,121.95,564336,EQ,,,
2017-12-07,120.2,122.8,120.2,122.4,379274,EQ,,,
2017-12-08,122.75,122.75,120.0,122.05,253789,EQ,,,
2017-12-11,124.1,124.1,122.75,123.2,821271,EQ,,,
2017-12-12,124.4,124.4,119.75,121.2,450332,EQ,,,
2017-12-13,122.6,122.6,120.05,121.95,257317,EQ,,,
2017-12-14,122.1,122.35,120.25,121.3,206271,EQ,,,
2017-12-15,122.35,122.35,119.3,121.55,293236,EQ,,,
2017-12-18,122.6,122.6,118.0,121.0,1286780,EQ,,,
2017-12-19,122.5,122.5,120.2,120.9,218996,EQ,,,
2017-12-20,122.05,122.05,117.55,118.3,406360,EQ,,,
2017-12-21,121.25,121.25,118.65,120.25,175832,EQ,,,
2017-12-22,121.35,121.7,120.2,121.45,441117,EQ,,,
2017-12-26,121.95,123.75,119.45,122.3,316741,EQ,,,
2017-12-27,122.85,122.85,120.1,121.9,246806,EQ,,,
2017-12-28,122.6,122.6,119.45,121.85,1002823,EQ,,,
2017-12-29,121.55,123.4,120.35,122.6,601498,EQ,,,
2018-01-01,123.1,123.1,120.85,121.6,195467,EQ,,,
2018-01-02,122.65,122.65,120.0,120.95,377585,EQ,,,
2018-01-03,122.05,122.2,119.9,121.65,382064,EQ,,,
2018-01-04,121.0,121.7,120.0,120.5,261065,EQ,,,
2018-01-05,120.5,121.0,119.3,120.0,613721,EQ,,,
2018-01-08,120.7,120.7,119.2,119.75,244565,EQ,,,
2018-01-09,120.5,120.5,118.65,119.2,552253,EQ,,,
2018-01-10,119.0,120.2,118.4,119.5,504880,EQ,,,
2018-01-11,119.25,119.65,118.3,119.3,209880,EQ,,,
2018-01-12,119.75,119.75,118.4,119.15,298904,EQ,,,
2018-01-15,119.05,122.3,119.05,121.5,436794,EQ,,,
2018-01-16,121.6,121.6,117.45,119.05,343170,EQ,,,
2018-01-17,119.65,120.6,118.0,119.95,246275,EQ,,,
2018-01-18,123.4,124.1,119.2,120.55,570885,EQ,,,
2018-01-19,120.05,121.1,118.7,119.9,408638,EQ,,,
2018-01-22,119.6,120.3,117.8,119.0,383914,EQ,,,
2018-01-23,119.0,119.25,117.6,118.7,746094,EQ,,,
2018-01-24,119.9,121.35,118.0,118.4,2056838,EQ,,,
2018-01-25,119.3,119.3,117.4,117.8,165236,EQ,,,
2018-01-29,117.85,118.65,112.35,112.95,416474,EQ,,,
2018-01-30,113.85,114.1,109.9,111.4,753693,EQ,,,
2018-01-31,111.1,111.8,107.75,108.2,805319,EQ,,,
2018-02-01,108.4,111.5,107.75,110.0,1729425,EQ,,,
2018-02-02,108.4,111.0,107.75,108.05,842852,EQ,,,
2018-02-05,104.4,108.0,104.4,107.3,1567702,EQ,,,
2018-02-06,102.5,107.05,102.5,106.45,399796,EQ,,,
2018-02-07,107.05,109.7,100.6,106.7,1611990,EQ,,,
2018-02-08,108.95,111.75,105.6,110.6,1326684,EQ,,,
2018-02-09,109.75,111.1,108.4,110.6,1133364,EQ,,,
2018-02-12,110.8,115.1,110.65,113.75,807769,EQ,,,
2018-02-14,112.7,113.85,112.4,112.65,635673,EQ,,,
2018-02-15,111.35,116.4,111.35,115.15,6759015,EQ,,,
2018-02-16,117.8,118.65,115.0,118.1,742090,EQ,,,
2018-02-19,112.65,120.7,111.8,118.4,2476061,EQ,,,
2018-02-20,119.2,120.85,114.0,118.7,860651,EQ,,,
2018-02-21,120.0,120.0,116.9,117.7,349690,EQ,,,
2018-02-22,117.9,117.9,115.0,116.0,267343,EQ,,,
2018-02-23,117.2,117.2,115.4,116.05,296168,EQ,,,
2018-02-26,118.65,118.65,114.95,117.15,267804,EQ,,,
2018-02-27,117.75,118.6,115.85,117.55,289632,EQ,,,
2018-02-28,116.6,119.6,116.1,119.2,758251,EQ,,,
2018-03-01,119.3,123.7,118.6,123.2,1727585,EQ,,,
2018-03-05,122.65,125.4,121.25,123.95,819435,EQ,,,
2018-03-06,125.1,125.1,122.1,124.1,1145322,EQ,,,
2018-03-07,124.1,124.1,122.2,123.5,2487877,EQ,,,
2018-03-08,123.4,124.0,122.5,122.75,1333152,EQ,,,
2018-03-09,122.75,123.1,122.1,122.7,897827,EQ,,,
2018-03-12,122.75,124.45,121.65,123.9,1587282,EQ,,,
2018-03-13,122.7,125.95,122.6,125.6,1924267,EQ,,,
2018-03-14,126.1,126.1,122.75,123.8,727922,EQ,,,
2018-03-15,124.1,124.85,121.7,122.3,485194,EQ,,,
2018-03-16,121.7,123.95,117.6,119.2,4237800,EQ,,,
2018-03-19,118.7,121.0,117.35,120.2,320954,EQ,,,
2018-03-20,118.0,121.25,116.9,119.3,457788,EQ,,,
2018-03-21,120.55,121.0,118.85,120.55,277184,EQ,,,
2018-03-22,120.65,121.1,117.65,118.6,311924,EQ,,,
2018-03-23,115.95,119.05,115.0,115.9,556504,EQ,,,
2018-03-26,115.9,116.5,113.25,114.65,877151,EQ,,,
2018-03-27,115.25,121.25,114.4,115.4,1433020,EQ,,,
2018-03-28,116.3,119.0,112.7,117.55,818373,EQ,,,
2018-04-02,116.9,119.9,115.9,119.2,424455,EQ,,,
2018-04-03,119.15,122.75,117.25,121.35,643657,EQ,,,
2018-04-04,121.35,123.4,119.6,122.5,475216,EQ,,,
2018-04-05,122.7,122.85,119.45,120.95,552272,EQ,,,
2018-04-06,120.1,121.35,119.65,120.65,381027,EQ,,,
2018-04-09,122.35,122.35,118.65,119.45,306178,EQ,,,
2018-04-10,119.3,122.75,119.05,122.3,753254,EQ,,,
2018-04-11,122.75,122.85,121.9,122.7,562286,EQ,,,
2018-04-12,122.65,122.8,121.7,122.7,247422,EQ,,,
2018-04-13,122.75,122.75,122.05,122.6,194268,EQ,,,
2018-04-16,121.4,124.75,121.4,122.85,2466107,EQ,,,
2018-04-17,123.9,124.3,122.4,123.25,2223356,EQ,,,
2018-04-18,122.9,124.0,118.85,122.6,382602,EQ,,,
2018-04-19,122.25,123.7,121.4,123.25,382261,EQ,,,
2018-04-20,123.4,124.7,122.2,122.65,907697,EQ,,,
2018-04-23,122.75,123.55,122.05,123.2,250605,EQ,,,
2018-04-24,123.4,124.1,122.25,123.45,1273294,EQ,,,
2018-04-25,123.1,129.25,121.6,126.7,653490,EQ,,,
2018-04-26,128.15,128.15,122.2,123.8,636998,EQ,,,
2018-04-27,123.4,124.7,122.65,124.2,245237,EQ,,,
2018-04-30,124.65,126.1,123.8,125.35,162053,EQ,,,
2018-05-02,123.85,126.75,123.85,125.95,1157640,EQ,,,
2018-05-03,126.15,128.85,124.3,127.8,460249,EQ,,,
2018-05-04,128.7,128.85,125.8,127.15,1057196,EQ,,,
2018-05-07,127.5,127.5,126.0,126.85,221648,EQ,,,
2018-05-08,127.4,132.25,126.3,130.45,627744,EQ,,,
2018-05-09,129.2,130.2,128.45,129.15,326714,EQ,,,
2018-05-10,128.35,129.5,125.0,128.9,521101,EQ,,,
2018-05-11,128.8,129.55,126.85,127.9,818763,EQ,,,
2018-05-14,129.6,129.6,126.4,127.3,181122,EQ,,,
2018-05-15,127.3,130.6,127.1,129.5,494824,EQ,,,
2018-05-16,128.2,128.8,124.9,126.95,788486,EQ,,,
2018-05-17,128.75,129.2,126.7,128.25,315455,EQ,,,
2018-05-18,127.6,129.55,127.6,128.8,391880,EQ,,,
2018-05-21,128.5,129.25,125.5,127.1,441325,EQ,,,
2018-05-22,127.4,128.35,124.9,125.8,383379,EQ,,,
2018-05-23,126.1,128.1,125.1,125.75,570032,EQ,,,
2018-05-24,126.05,129.95,120.0,125.05,3161933,EQ,,,
2018-05-25,126.8,126.8,123.4,124.6,832785,EQ,,,
2018-05-28,126.1,126.1,124.0,124.75,739017,EQ,,,
2018-05-29,125.3,126.1,123.75,125.25,805237,EQ,,,
2018-05-30,124.1,126.5,122.8,124.9,816141,EQ,,,
2018-05-31,125.15,138.65,125.15,133.9,5159761,EQ,,,
2018-06-01,133.65,133.65,129.9,130.3,560488,EQ,,,
2018-06-04,130.25,132.2,128.25,130.0,520792,EQ,,,
2018-06-05,129.0,130.4,125.5,126.8,385587,EQ,,,
2018-06-06,127.7,127.7,125.6,126.9,283147,EQ,,,
2018-06-07,127.35,130.0,126.2,128.45,332969,EQ,,,
2018-06-08,128.0,128.0,126.3,127.5,265607,EQ,,,
2018-06-11,127.5,128.55,126.2,126.45,162159,EQ,,,
2018-06-12,127.4,127.4,125.45,126.85,195844,EQ,,,
2018-06-13,128.0,128.0,125.5,126.05,198178,EQ,,,
2018-06-14,126.15,129.55,125.45,128.45,332705,EQ,,,
2018-06-15,128.85,129.55,126.55,127.85,296086,EQ,,,
2018-06-18,128.05,128.05,126.2,126.65,138316,EQ,,,
2018-06-19,126.5,127.35,125.8,126.3,190108,EQ,,,
2018-06-20,127.0,127.0,125.0,125.95,190300,EQ,,,
2018-06-21,125.1,126.4,124.75,125.2,149092,EQ,,,
2018-06-22,124.2,125.6,124.1,125.3,335967,EQ,,,
2018-06-25,126.2,127.45,125.4,126.4,308443,EQ,,,
2018-06-26,126.2,128.1,125.5,126.1,192467,EQ,,,
2018-06-27,125.45,127.05,124.1,125.0,191401,EQ,,,
2018-06-28,125.6,126.15,124.2,125.25,151631,EQ,,,
2018-06-29,127.35,127.35,125.1,125.9,613871,EQ,,,
2018-07-02,126.4,126.8,124.75,126.2,1556640,EQ,,,
2018-07-03,126.8,128.6,125.2,127.75,218086,EQ,,,
2018-07-04,128.6,128.8,126.25,128.05,139526,EQ,,,
2018-07-05,128.8,129.2,126.5,127.3,250473,EQ,,,
2018-07-06,127.7,129.15,127.5,128.0,134241,EQ,,,
2018-07-09,129.55,129.55,126.8,127.5,284644,EQ,,,
2018-07-10,137.2,138.0,128.45,130.15,805057,EQ,,,
2018-07-11,130.6,131.25,129.3,130.55,205072,EQ,,,
2018-07-12,131.1,132.15,128.65,131.35,1091271,EQ,,,
2018-07-13,131.35,132.4,129.25,132.0,279419,EQ,,,
2018-07-16,132.55,132.55,126.3,127.2,216745,EQ,,,
2018-07-17,128.25,133.45,123.9,132.1,607084,EQ,,,
2018-07-18,132.1,132.9,129.8,130.1,1930095,EQ,,,
2018-07-19,131.0,131.0,125.6,126.95,856142,EQ,,,
2018-07-20,127.95,128.7,126.75,127.1,103435,EQ,,,
2018-07-23,127.5,129.55,126.25,127.7,1429138,EQ,,,
2018-07-24,126.85,128.2,125.65,126.1,1834092,EQ,,,
2018-07-25,126.1,126.8,126.0,126.2,120372,EQ,,,
2018-07-26,126.2,128.2,126.2,126.8,463756,EQ,,,
2018-07-27,127.8,127.8,126.2,126.7,175125,EQ,,,
2018-07-30,126.4,127.5,126.05,126.85,154846,EQ,,,
2018-07-31,127.45,130.9,124.55,128.9,557481,EQ,,,
2018-08-01,129.55,132.45,127.5,130.65,362717,EQ,,,
2018-08-02,130.3,130.5,127.7,128.1,235194,EQ,,,
2018-08-03,128.25,128.9,127.1,127.25,146162,EQ,,,
2018-08-06,128.95,128.95,127.25,127.8,186578,EQ,,,
2018-08-07,128.8,130.7,127.95,130.45,935748,EQ,,,
2018-08-08,130.95,144.75,129.05,133.8,2309020,EQ,,,
2018-08-09,133.8,136.05,132.15,134.0,229932,EQ,,,
2018-08-10,134.25,135.2,131.6,133.0,174885,EQ,,,
2018-08-13,131.8,132.8,130.1,131.55,200615,EQ,,,
2018-08-14,132.75,139.5,132.0,138.9,700411,EQ,,,
2018-08-16,138.75,139.4,136.0,137.3,439995,EQ,,,
2018-08-17,137.6,138.75,136.3,137.35,344514,EQ,,,
2018-08-20,137.85,139.5,135.5,136.25,393105,EQ,,,
2018-08-21,137.25,140.7,136.6,138.9,767266,EQ,,,
2018-08-23,138.9,139.9,138.0,138.75,286588,EQ,,,
2018-08-24,139.85,141.65,137.25,141.1,548779,EQ,,,
2018-08-27,140.25,142.7,139.1,141.1,473263,EQ,,,
2018-08-28,141.55,145.45,140.65,144.7,593078,EQ,,,
2018-08-29,144.75,152.2,144.4,150.7,1571672,EQ,,,
2018-08-30,152.25,153.75,149.5,152.0,935248,EQ,,,
2018-08-31,151.9,155.25,150.05,151.9,2406242,EQ,,,
2018-09-03,152.55,152.55,146.25,146.6,627302,EQ,,,
2018-09-04,147.0,147.0,140.6,141.0,494571,EQ,,,
2018-09-05,140.95,140.95,137.25,139.5,1034902,EQ,,,
2018-09-06,140.25,140.3,135.1,136.4,1118797,EQ,,,
2018-09-07,136.5,140.4,135.75,139.65,704259,EQ,,,
2018-09-10,139.1,141.0,137.5,140.45,762637,EQ,,,
2018-09-11,140.25,145.8,138.35,141.85,667113,EQ,,,
2018-09-12,143.25,143.25,138.0,139.15,934913,EQ,,,
2018-09-14,139.5,139.8,136.9,137.85,719224,EQ,,,
2018-09-17,137.95,137.95,135.7,136.95,488828,EQ,,,
2018-09-18,137.9,138.0,134.3,134.9,686421,EQ,,,
2018-09-19,135.1,136.75,129.8,133.9,921067,EQ,,,
2018-09-21,136.4,138.5,121.55,135.0,1130339,EQ,,,
2018-09-24,137.25,137.25,133.55,135.3,531187,EQ,,,
2018-09-25,135.0,135.3,130.95,133.85,1341962,EQ,,,
2018-09-26,132.75,138.4,132.75,137.85,444782,EQ,,,
2018-09-27,137.4,139.45,135.1,136.55,392256,EQ,,,
2018-09-28,135.75,136.55,130.95,133.3,1483860,EQ,,,
2018-10-01,132.05,133.75,127.7,128.95,598024,EQ,,,
2018-10-03,130.3,130.3,125.7,126.5,727377,EQ,,,
2018-10-04,126.7,126.7,121.9,124.45,1669879,EQ,,,
2018-10-05,124.4,124.4,118.8,121.4,999565,EQ,,,
2018-10-08,120.4,127.45,117.8,127.0,335781,EQ,,,
2018-10-09,127.5,127.9,121.05,125.5,1091872,EQ,,,
2018-10-10,124.1,129.7,122.6,129.1,1282588,EQ,,,
2018-10-11,128.15,128.9,122.9,127.7,754559,EQ,,,
2018-10-12,127.4,129.5,126.0,127.8,1899473,EQ,,,
2018-10-15,127.8,128.55,124.9,125.1,243409,EQ,,,
2018-10-16,125.6,125.85,124.1,124.6,1401276,EQ,,,
2018-10-17,124.8,129.55,123.2,127.35,883284,EQ,,,
2018-10-19,127.5,130.35,123.15,128.7,749271,EQ,,,
2018-10-22,128.5,128.95,125.45,126.1,287031,EQ,,,
2018-10-23,124.4,130.05,124.4,129.3,442854,EQ,,,
2018-10-24,129.7,130.45,128.0,129.4,281253,EQ,,,
2018-10-25,129.5,129.5,126.3,128.9,326382,EQ,,,
2018-10-26,127.05,128.2,123.45,125.75,1004285,EQ,,,
2018-10-29,125.6,128.2,124.1,127.45,417481,EQ,,,
2018-10-30,126.65,129.1,126.25,128.55,364595,EQ,,,
2018-10-31,127.55,128.85,126.4,127.6,881840,EQ,,,
2018-11-01,127.1,128.1,126.1,126.7,902749,EQ,,,
2018-11-02,127.1,128.7,125.3,126.95,2519302,EQ,,,
2018-11-05,128.8,128.8,124.95,125.5,409261,EQ,,,
2018-11-06,126.0,126.0,123.4,124.7,275936,EQ,,,
2018-11-07,123.75,125.25,123.4,125.2,54794,EQ,,,
2018-11-09,125.6,125.6,123.1,123.4,887881,EQ,,,
2018-11-12,124.8,124.85,123.2,123.8,825988,EQ,,,
2018-11-13,123.75,124.3,123.5,123.95,362774,EQ,,,
2018-11-14,124.25,125.2,122.75,123.1,478816,EQ,,,
2018-11-15,124.4,124.4,122.25,123.0,535966,EQ,,,
2018-11-16,123.0,123.55,122.3,122.9,299115,EQ,,,
2018-11-19,123.75,125.3,123.05,124.15,303901,EQ,,,
2018-11-20,124.15,126.7,123.75,125.75,436181,EQ,,,
2018-11-21,125.75,126.35,124.15,125.9,269475,EQ,,,
2018-11-22,125.9,127.5,124.2,125.2,397658,EQ,,,
2018-11-26,125.2,131.05,123.8,130.1,617363,EQ,,,
2018-11-27,129.75,133.1,129.0,132.5,403151,EQ,,,
2018-11-28,132.0,134.25,132.0,132.6,483031,EQ,,,
2018-11-29,133.35,134.7,131.3,132.8,450221,EQ,,,
2018-11-30,132.8,134.3,129.8,130.75,985066,EQ,,,
2018-12-03,131.2,131.6,127.2,128.15,841110,EQ,,,
2018-12-04,128.6,129.9,127.85,129.6,298173,EQ,,,
2018-12-05,129.45,133.35,128.65,132.25,2953521,EQ,,,
2018-12-06,132.4,134.2,132.0,133.3,1386769,EQ,,,
2018-12-07,134.1,134.35,129.4,132.15,773741,EQ,,,
2018-12-10,132.7,132.7,127.7,128.25,534076,EQ,,,
2018-12-11,127.5,133.1,126.05,132.45,376007,EQ,,,
2018-12-12,132.75,134.0,131.25,133.5,1134922,EQ,,,
2018-12-13,133.5,136.0,132.75,134.05,1011898,EQ,,,
2018-12-14,134.3,134.9,133.55,134.25,929497,EQ,,,
2018-12-17,135.2,135.25,132.8,133.3,1211425,EQ,,,
2018-12-18,132.8,135.75,132.8,134.0,583410,EQ,,,
2018-12-19,133.55,138.4,133.55,137.55,473143,EQ,,,
2018-12-20,137.85,140.5,136.15,139.6,5219885,EQ,,,
2018-12-21,138.9,146.25,138.9,145.45,1631079,EQ,,,
2018-12-24,145.5,146.75,138.8,140.65,515832,EQ,,,
2018-12-26,140.25,140.55,136.95,138.75,618983,EQ,,,
2018-12-27,138.75,140.2,138.4,138.8,370355,EQ,,,
2018-12-28,139.45,142.2,138.8,140.65,743508,EQ,,,
2018-12-31,142.3,147.25,141.15,146.3,936491,EQ,,,
2019-01-01,146.25,146.25,144.4,145.35,151344,EQ,,,
2019-01-02,146.8,148.3,139.95,144.8,676388,EQ,,,
2019-01-03,144.75,146.95,144.0,144.5,893574,EQ,,,
2019-01-04,145.5,147.2,144.6,146.25,582067,EQ,,,
2019-01-07,144.8,147.25,142.1,142.6,354031,EQ,,,
2019-01-08,142.5,146.2,142.1,145.6,1709640,EQ,,,
2019-01-09,146.9,148.5,141.25,143.95,1059701,EQ,,,
2019-01-10,144.7,146.2,143.7,144.1,630182,EQ,,,
2019-01-11,144.75,144.8,142.75,143.05,566681,EQ,,,
2019-01-14,143.1,144.7,141.1,142.05,1449858,EQ,,,
2019-01-15,142.5,142.55,141.25,142.1,318410,EQ,,,
2019-01-16,141.85,142.7,138.85,139.55,491963,EQ,,,
2019-01-17,139.6,143.55,139.6,142.2,460685,EQ,,,
2019-01-18,143.05,144.05,141.45,143.0,291852,EQ,,,
2019-01-21,143.0,144.75,141.5,143.2,574758,EQ,,,
2019-01-22,142.55,144.0,140.6,142.5,559940,EQ,,,
2019-01-23,142.05,142.5,139.1,140.2,382549,EQ,,,
2019-01-24,140.85,143.2,139.7,142.55,902113,EQ,,,
2019-01-25,143.05,143.05,141.05,141.6,821492,EQ,,,
2019-01-28,141.75,144.0,138.8,143.05,1332819,EQ,,,
2019-01-29,142.5,144.7,139.2,144.25,1298670,EQ,,,
2019-01-30,144.75,145.8,142.5,145.5,945956,EQ,,,
2019-01-31,145.5,146.05,142.35,143.25,674779,EQ,,,
2019-02-01,144.45,144.45,141.4,142.1,1712175,EQ,,,
2019-02-04,143.2,143.2,140.6,141.45,448316,EQ,,,
2019-02-05,142.4,142.4,140.45,141.05,437974,EQ,,,
2019-02-06,140.3,141.0,138.75,139.1,350520,EQ,,,
2019-02-07,140.2,142.9,139.15,141.95,219587,EQ,,,
2019-02-08,141.7,141.7,139.25,139.95,164621,EQ,,,
2019-02-11,139.65,141.7,139.6,140.45,151501,EQ,,,
2019-02-12,139.6,141.0,139.6,140.0,194760,EQ,,,
2019-02-13,140.05,140.75,137.6,138.05,927586,EQ,,,
2019-02-14,139.5,139.5,133.8,136.6,543101,EQ,,,
2019-02-15,135.8,137.25,135.0,135.1,215309,EQ,,,
2019-02-18,136.1,136.4,134.25,134.8,453932,EQ,,,
2019-02-19,134.3,135.4,133.4,133.6,125531,EQ,,,
2019-02-20,133.65,134.95,132.4,132.7,220002,EQ,,,
2019-02-21,132.75,134.8,131.7,133.65,179361,EQ,,,
2019-02-22,134.2,134.95,132.3,134.1,351668,EQ,,,
2019-02-25,134.5,134.8,131.6,132.8,413347,EQ,,,
2019-02-26,131.6,135.7,131.6,133.7,585100,EQ,,,
2019-02-27,135.0,135.65,132.8,134.8,1376230,EQ,,,
2019-02-28,135.75,138.75,133.4,137.6,1216311,EQ,,,
2019-03-01,137.0,141.4,135.8,140.95,360429,EQ,,,
2019-03-05,141.0,143.25,139.3,140.0,1260018,EQ,,,
2019-03-06,140.0,143.8,140.0,142.3,1511961,EQ,,,
2019-03-07,142.5,142.9,139.5,140.3,230510,EQ,,,
2019-03-08,140.25,142.25,138.4,139.6,861180,EQ,,,
2019-03-11,141.7,141.75,139.6,141.1,781466,EQ,,,
2019-03-12,142.05,142.05,140.4,141.3,620904,EQ,,,
2019-03-13,141.5,142.65,140.0,140.95,1342432,EQ,,,
2019-03-14,140.3,140.6,139.6,140.0,432273,EQ,,,
2019-03-15,140.25,142.05,139.15,141.5,1469835,EQ,,,
2019-03-18,141.75,145.3,141.4,142.5,1749934,EQ,,,
2019-03-19,143.65,145.05,141.45,144.35,532411,EQ,,,
2019-03-20,144.75,144.75,142.2,144.4,327607,EQ,,,
2019-03-22,143.65,150.8,143.65,150.4,2242993,EQ,,,
2019-03-25,150.0,152.2,148.4,150.1,1170887,EQ,,,
2019-03-26,150.5,152.05,149.25,150.35,434287,EQ,,,
2019-03-27,150.0,154.1,149.95,150.8,1097213,EQ,,,
2019-03-28,151.7,152.2,150.25,151.0,398563,EQ,,,
2019-03-29,151.5,154.5,147.4,153.65,1345503,EQ,,,
2019-04-01,154.5,156.35,151.6,154.9,1175708,EQ,,,
2019-04-02,154.9,155.25,150.05,151.9,774492,EQ,,,
2019-04-03,152.25,152.95,147.4,149.5,731215,EQ,,,
2019-04-04,150.15,153.0,147.15,152.45,649044,EQ,,,
2019-04-05,152.45,153.0,149.15,151.8,1006524,EQ,,,
2019-04-08,152.45,153.2,149.3,149.95,539063,EQ,,,
2019-04-09,149.9,151.9,148.5,150.5,237607,EQ,,,
2019-04-10,150.3,151.45,148.9,150.05,338792,EQ,,,
2019-04-11,150.3,150.3,147.8,148.3,406281,EQ,,,
2019-04-12,148.1,149.7,148.05,148.6,252481,EQ,,,
2019-04-15,149.05,149.8,147.5,147.85,360275,EQ,,,
2019-04-16,147.75,152.25,147.75,149.8,554665,EQ,,,
2019-04-18,150.75,152.25,150.75,151.55,545526,EQ,,,
2019-04-22,152.05,153.4,148.45,150.15,2440561,EQ,,,
2019-04-23,150.55,154.9,150.2,153.35,2149119,EQ,,,
2019-04-24,153.8,154.9,150.75,154.4,998300,EQ,,,
2019-04-25,152.8,153.65,148.85,151.1,690736,EQ,,,
2019-04-26,151.85,154.1,148.2,150.5,1475377,EQ,,,
2019-04-30,150.25,153.0,148.7,152.1,826314,EQ,,,
2019-05-02,152.0,152.1,148.5,149.3,352846,EQ,,,
2019-05-03,149.9,151.1,147.95,148.25,309495,EQ,,,
2019-05-06,147.75,149.6,147.1,147.6,254513,EQ,,,
2019-05-07,147.95,148.7,146.6,148.35,544610,EQ,,,
2019-05-08,147.65,150.0,144.9,148.05,602373,EQ,,,
2019-05-09,147.25,150.0,145.7,149.45,526032,EQ,,,
2019-05-10,149.95,150.45,148.75,149.65,676603,EQ,,,
2019-05-13,149.3,150.2,146.6,147.55,556455,EQ,,,
2019-05-14,146.55,148.5,146.2,146.8,306358,EQ,,,
2019-05-15,146.8,147.6,146.05,147.25,350057,EQ,,,
2019-05-16,147.15,148.7,146.6,147.2,244727,EQ,,,
2019-05-17,147.25,150.6,147.25,149.25,958910,EQ,,,
2019-05-20,150.75,153.9,150.0,153.5,1403887,EQ,,,
2019-05-21,152.6,157.4,151.6,156.8,1794063,EQ,,,
2019-05-22,156.75,157.5,154.1,156.7,1021515,EQ,,,
2019-05-23,157.65,162.4,156.4,161.0,2525752,EQ,,,
2019-05-24,161.2,163.0,158.3,159.45,843018,EQ,,,
2019-05-27,159.45,162.75,159.45,162.1,798056,EQ,,,
2019-05-28,162.0,163.9,161.3,162.4,899152,EQ,,,
2019-05-29,162.0,162.55,160.6,161.2,212843,EQ,,,
2019-05-30,159.75,159.95,158.45,159.25,354115,EQ,,,
2019-05-31,159.7,161.25,158.3,159.0,754072,EQ,,,
2019-06-03,158.95,161.4,157.9,160.5,1237398,EQ,,,
2019-06-04,160.4,162.75,159.15,162.15,813560,EQ,,,
2019-06-06,160.55,162.0,159.25,161.8,778664,EQ,,,
2019-06-07,162.75,162.75,160.75,161.8,296981,EQ,,,
2019-06-10,162.75,162.9,160.55,162.15,357013,EQ,,,
2019-06-11,162.0,163.5,161.35,162.75,659284,EQ,,,
2019-06-12,163.05,163.5,161.7,162.8,510874,EQ,,,
2019-06-13,162.4,163.3,162.4,162.8,1049169,EQ,,,
2019-06-14,164.25,164.25,162.0,162.7,346605,EQ,,,
2019-06-17,162.7,163.4,161.25,162.85,306013,EQ,,,
2019-06-18,161.65,162.75,159.95,161.05,636037,EQ,,,
2019-06-19,160.5,161.75,157.5,159.6,995718,EQ,,,
2019-06-20,158.25,160.5,154.4,158.95,581273,EQ,,,
2019-06-21,159.5,160.55,156.45,159.1,563567,EQ,,,
2019-06-24,159.5,160.7,157.0,158.9,255801,EQ,,,
2019-06-25,159.0,161.4,158.05,160.7,530463,EQ,,,
2019-06-26,161.05,162.75,159.1,162.05,675925,EQ,,,
2019-06-27,162.0,165.4,160.7,162.5,388581,EQ,,,
2019-06-28,162.0,164.25,160.95,163.55,346006,EQ,,,
2019-07-01,163.9,164.35,161.0,163.6,210062,EQ,,,
2019-07-02,163.45,163.5,161.3,161.85,184540,EQ,,,
2019-07-03,163.45,163.5,159.5,160.1,954745,EQ,,,
2019-07-04,159.7,160.3,157.65,158.05,1026703,EQ,,,
2019-07-05,158.25,158.55,152.9,154.45,1406371,EQ,,,
2019-07-08,155.9,157.3,148.9,150.0,940772,EQ,,,
2019-07-09,150.15,154.5,145.55,149.7,1651118,EQ,,,
2019-07-10,150.0,152.5,148.6,149.3,549270,EQ,,,
2019-07-11,150.3,153.1,149.6,152.5,225455,EQ,,,
2019-07-12,153.35,153.75,151.1,153.4,128378,EQ,,,
2019-07-15,152.9,154.4,151.15,153.8,197737,EQ,,,
2019-07-16,153.75,157.0,152.8,155.5,474154,EQ,,,
2019-07-17,154.5,158.15,154.0,156.95,946552,EQ,,,
2019-07-18,156.0,157.0,151.5,153.8,559527,EQ,,,
2019-07-19,154.05,154.45,148.9,150.4,699593,EQ,,,
2019-07-22,151.9,152.55,147.1,148.1,1232137,EQ,,,
2019-07-23,147.75,151.3,146.85,150.5,763404,EQ,,,
2019-07-24,151.45,151.9,146.9,147.1,453323,EQ,,,
2019-07-25,148.35,150.4,146.75,147.7,345224,EQ,,,
2019-07-26,147.7,148.0,145.65,146.3,614347,EQ,,,
2019-07-29,147.5,147.75,145.0,146.5,397808,EQ,,,
2019-07-30,146.5,147.4,145.2,146.0,933719,EQ,,,
2019-07-31,142.9,146.2,142.9,145.3,547474,EQ,,,
2019-08-01,144.4,145.35,143.5,144.25,530809,EQ,,,
2019-08-02,136.25,143.95,136.25,143.2,687030,EQ,,,
2019-08-05,142.5,142.5,138.2,139.15,437056,EQ,,,
2019-08-06,138.0,141.2,136.55,140.5,1297067,EQ,,,
2019-08-07,139.75,150.5,139.1,148.35,784257,EQ,,,
2019-08-08,147.8,149.2,142.75,145.7,1645092,EQ,,,
2019-08-09,148.4,149.25,144.3,146.65,1609735,EQ,,,
2019-08-13,148.5,148.5,144.1,144.7,869844,EQ,,,
2019-08-14,145.35,146.25,142.6,143.15,338948,EQ,,,
2019-08-16,143.5,147.75,142.5,146.5,1469867,EQ,,,
2019-08-19,147.35,150.1,145.65,148.75,960560,EQ,,,
2019-08-20,149.85,150.8,148.75,150.35,966012,EQ,,,
2019-08-21,150.75,151.9,148.95,149.8,465077,EQ,,,
2019-08-22,149.6,149.85,145.1,147.05,492940,EQ,,,
2019-08-23,145.0,146.25,143.3,143.9,416383,EQ,,,
2019-08-26,147.0,147.0,138.75,142.15,981143,EQ,,,
2019-08-27,143.0,148.1,143.0,146.9,678784,EQ,,,
2019-08-28,147.8,147.8,144.1,144.9,176120,EQ,,,
2019-08-29,144.9,146.1,142.6,144.6,224834,EQ,,,
2019-08-30,144.1,153.35,144.1,152.3,648181,EQ,,,
2019-09-03,150.0,150.0,146.25,147.0,332246,EQ,,,
2019-09-04,146.25,146.25,143.8,144.45,329050,EQ,,,
2019-09-05,146.25,148.9,145.85,147.0,487256,EQ,,,
2019-09-06,145.9,148.95,145.05,148.15,2549404,EQ,,,
2019-09-09,148.5,150.1,147.1,149.0,346292,EQ,,,
2019-09-11,148.55,149.8,147.15,149.25,736223,EQ,,,
2019-09-12,149.25,150.75,146.3,147.1,312395,EQ,,,
2019-09-13,146.6,149.9,146.6,149.25,1285594,EQ,,,
2019-09-16,149.25,150.0,148.3,149.85,722787,EQ,,,
2019-09-17,149.6,149.7,148.0,149.4,723578,EQ,,,
2019-09-18,148.2,150.4,148.2,149.9,489012,EQ,,,
2019-09-19,149.9,150.15,147.8,149.15,399632,EQ,,,
2019-09-20,149.25,162.7,148.3,159.8,2396780,EQ,,,
2019-09-23,159.8,162.75,156.4,162.0,1099430,EQ,,,
2019-09-24,161.9,167.9,161.3,166.85,1435545,EQ,,,
2019-09-25,166.5,170.25,165.0,166.8,1247206,EQ,,,
2019-09-26,165.0,170.25,159.75,168.5,2324388,EQ,,,
2019-09-27,169.3,169.3,162.0,162.8,842915,EQ,,,
2019-09-30,163.5,164.9,159.4,164.0,440370,EQ,6734.0,65.4,210437.0
2019-10-01,162.8,163.4,157.65,158.5,1144332,EQ,14464.0,79.12,958665.0
2019-10-03,157.5,159.7,154.5,158.45,409418,EQ,14794.0,27.67,235976.0
2019-10-04,159.15,165.25,157.65,163.2,1222349,EQ,20639.0,59.23,707318.0
2019-10-07,164.2,167.2,160.8,166.1,471989,EQ,5770.0,81.8,281624.0
2019-10-09,166.45,168.2,164.25,166.85,310301,EQ,6939.0,44.72,165989.0
2019-10-10,165.1,166.9,162.5,165.4,386725,EQ,8736.0,44.27,200999.0
2019-10-11,165.35,168.0,164.25,166.3,531470,EQ,13733.0,38.7,330367.0
2019-10-14,165.75,165.85,162.25,163.15,194760,EQ,9520.0,20.46,92821.0
2019-10-15,164.2,164.2,159.4,160.45,404695,EQ,16031.0,25.24,248183.0
2019-10-16,160.5,162.55,159.75,160.25,361810,EQ,20064.0,18.03,233167.0
2019-10-17,160.5,165.4,160.0,162.7,749231,EQ,13266.0,56.48,216244.0
2019-10-18,162.75,167.4,159.4,161.65,1026344,EQ,23398.0,43.86,639335.0
2019-10-22,160.5,162.3,155.6,157.6,1670781,EQ,36417.0,45.88,1195826.0
2019-10-23,157.65,160.5,155.3,156.8,2685226,EQ,12299.0,218.33,2460619.0
2019-10-24,157.25,158.9,155.65,156.5,1058047,EQ,8925.0,118.55,829393.0
2019-10-25,156.7,159.5,153.8,157.2,1962720,EQ,14344.0,136.83,1652861.0
2019-10-29,160.3,160.45,157.2,158.45,723640,EQ,9132.0,79.24,598250.0
2019-10-30,159.0,159.0,156.0,156.25,269978,EQ,5468.0,49.37,165932.0
2019-10-31,156.25,159.55,155.6,158.9,977043,EQ,14598.0,66.93,759036.0
2019-11-01,157.5,160.75,157.5,159.7,782700,EQ,10167.0,76.98,670703.0
2019-11-04,159.75,161.15,157.75,159.15,580093,EQ,16745.0,34.64,379979.0
2019-11-05,160.1,160.1,153.25,155.1,1245138,EQ,16805.0,74.09,978481.0
2019-11-06,155.6,157.1,153.5,154.05,394748,EQ,8350.0,47.28,249134.0
2019-11-07,153.75,159.4,153.1,158.75,1215034,EQ,18899.0,64.29,590963.0
2019-11-08,158.65,160.9,157.55,160.0,437998,EQ,4520.0,96.9,263853.0
2019-11-11,160.65,162.0,159.8,161.0,726913,EQ,26494.0,27.44,485225.0
2019-11-13,161.0,161.25,154.9,155.35,640239,EQ,20799.0,30.78,406497.0
2019-11-14,156.3,156.4,152.4,154.9,352318,EQ,11917.0,29.56,219094.0
2019-11-15,155.85,159.15,155.85,158.45,874010,EQ,17102.0,51.11,595013.0
2019-11-18,159.75,162.6,157.4,160.9,1748154,EQ,15652.0,111.69,1247106.0
2019-11-19,161.8,162.45,160.9,161.45,661461,EQ,12686.0,52.14,408226.0
2019-11-20,161.9,161.9,159.3,161.0,328109,EQ,7651.0,42.88,157219.0
2019-11-21,161.75,162.0,159.5,161.25,553053,EQ,10704.0,51.67,325489.0
2019-11-22,161.3,163.1,159.8,160.95,696336,EQ,6257.0,111.29,483618.0
2019-11-25,162.15,162.75,160.75,162.0,263765,EQ,3874.0,68.09,162960.0
2019-11-26,162.7,164.75,162.0,164.3,558344,EQ,7663.0,72.86,368967.0
2019-11-27,164.3,164.95,163.1,164.45,317609,EQ,9091.0,34.94,186245.0
2019-11-28,164.75,167.05,163.8,165.35,1433710,EQ,13667.0,104.9,1103809.0
2019-11-29,166.5,170.25,166.1,168.6,1190492,EQ,13707.0,86.85,829169.0
2019-12-02,168.0,176.2,162.75,173.1,1506075,EQ,17020.0,88.49,802502.0
2019-12-03,172.05,173.05,169.8,170.4,464639,EQ,7650.0,60.74,316456.0
2019-12-04,169.9,172.5,169.5,172.4,694981,EQ,12539.0,55.43,534736.0
2019-12-05,173.2,176.0,171.0,175.0,1125140,EQ,13291.0,84.65,898215.0
2019-12-06,176.1,177.75,171.75,173.65,1188430,EQ,12891.0,92.19,902824.0
2019-12-09,174.7,177.0,170.5,172.25,2015519,EQ,11157.0,180.65,1810900.0
2019-12-10,172.9,175.2,168.9,171.25,819325,EQ,6874.0,119.19,665732.0
2019-12-11,172.25,176.3,172.15,175.9,630197,EQ,12029.0,52.39,401876.0
2019-12-12,176.25,177.0,171.75,174.85,241444,EQ,4091.0,59.02,132386.0
2019-12-13,174.75,175.2,171.8,173.3,266387,EQ,4558.0,58.44,165098.0
2019-12-16,174.1,174.1,170.25,170.65,550531,EQ,20991.0,26.23,439041.0
2019-12-17,171.6,176.0,170.3,171.9,1819603,EQ,28139.0,64.66,1048921.0
2019-12-18,172.7,175.1,172.7,174.5,435577,EQ,9324.0,46.72,288727.0
2019-12-19,174.75,175.45,170.25,170.9,415277,EQ,9799.0,42.38,298513.0
2019-12-20,171.95,172.7,166.5,167.5,642080,EQ,14765.0,43.49,416083.0
2019-12-23,167.5,171.4,166.55,170.0,379500,EQ,5090.0,74.56,221780.0
2019-12-24,170.1,171.8,169.5,171.2,240876,EQ,3667.0,65.69,173156.0
2019-12-26,171.5,172.5,168.15,172.05,359974,EQ,3752.0,95.94,245243.0
2019-12-27,172.05,175.1,170.9,174.05,1271094,EQ,11913.0,106.7,390609.0
2019-12-30,174.4,176.25,172.75,176.15,419447,EQ,5369.0,78.12,255608.0
2019-12-31,176.1,176.6,174.1,175.45,442226,EQ,8720.0,50.71,299331.0
2020-01-01,176.55,176.55,173.7,175.1,904067,EQ,4711.0,191.91,749749.0
2020-01-02,175.75,176.25,172.85,173.85,510686,EQ,4789.0,106.64,393651.0
2020-01-03,173.6,173.9,170.8,171.4,559865,EQ,7699.0,72.72,449053.0
2020-01-06,171.75,172.3,169.5,170.65,883404,EQ,8044.0,109.82,750549.0
2020-01-07,171.25,173.0,170.2,170.9,394160,EQ,4478.0,88.02,265999.0
2020-01-08,170.25,175.95,169.5,173.2,699894,EQ,15512.0,45.12,449616.0
2020-01-09,173.2,177.5,172.15,172.9,833885,EQ,14435.0,57.77,342070.0
2020-01-10,173.6,176.25,172.95,175.6,1043244,EQ,3835.0,272.03,905185.0
2020-01-13,176.55,176.9,173.8,174.5,289833,EQ,6824.0,42.47,184579.0
2020-01-14,174.1,176.25,174.1,176.2,389303,EQ,7218.0,53.94,312601.0
2020-01-15,176.25,182.9,175.55,182.2,1701508,EQ,18826.0,90.38,727091.0
2020-01-16,183.0,187.0,181.5,181.6,654644,EQ,11736.0,55.78,336092.0
2020-01-17,182.25,185.2,178.55,183.35,523778,EQ,9005.0,58.17,311314.0
2020-01-20,183.35,183.75,178.2,179.2,192183,EQ,3497.0,54.96,103974.0
2020-01-21,179.25,180.0,177.8,178.65,653824,EQ,12118.0,53.95,555581.0
2020-01-22,178.65,180.7,176.35,177.25,229257,EQ,9574.0,23.95,138610.0
2020-01-23,178.4,180.0,176.85,178.6,364920,EQ,18331.0,19.91,229634.0
2020-01-24,178.85,180.35,177.0,178.4,992458,EQ,37560.0,26.42,800274.0
2020-01-27,176.25,179.2,175.75,176.95,1162884,EQ,36912.0,31.5,853198.0
2020-01-28,175.9,182.5,175.9,181.8,1006664,EQ,19519.0,51.57,784862.0
2020-01-29,181.5,182.3,176.85,178.35,596792,EQ,11569.0,51.59,388978.0
2020-01-30,179.25,179.3,175.5,175.7,353907,EQ,6492.0,54.51,254687.0
2020-01-31,176.65,176.65,172.5,173.45,1062871,EQ,29808.0,35.66,857102.0
2020-02-03,175.5,175.65,171.15,172.75,768070,EQ,14994.0,51.23,609558.0
2020-02-04,173.8,174.2,170.35,172.45,1603538,EQ,10773.0,148.85,1429484.0
2020-02-05,172.5,173.4,171.5,172.4,1158159,EQ,12835.0,90.23,1016796.0
2020-02-06,173.6,176.1,172.4,175.1,448642,EQ,6104.0,73.5,308774.0
2020-02-07,176.2,179.35,174.1,176.6,911255,EQ,21012.0,43.37,662744.0
2020-02-10,177.0,177.0,172.2,172.95,394111,EQ,9348.0,42.16,288373.0
2020-02-11,172.55,174.1,169.95,172.6,1610664,EQ,27062.0,59.52,1427372.0
2020-02-12,173.6,175.1,170.3,170.85,891805,EQ,18431.0,48.39,571608.0
2020-02-13,171.85,171.85,164.7,166.9,1847129,EQ,23598.0,78.27,1556184.0
2020-02-14,167.9,167.9,163.3,165.25,1703627,EQ,29788.0,57.19,1244190.0
2020-02-17,165.4,166.25,162.75,165.25,1147459,EQ,14606.0,78.56,791228.0
2020-02-18,164.95,166.6,164.45,165.45,997111,EQ,17809.0,55.99,734223.0
2020-02-19,165.75,166.65,165.4,166.05,253625,EQ,4153.0,61.07,143235.0
2020-02-20,166.15,168.4,165.8,167.1,1315395,EQ,12790.0,102.85,1090499.0
2020-02-24,167.1,168.2,165.05,166.4,1240074,EQ,11622.0,106.7,1058713.0
2020-02-25,166.8,167.25,163.65,164.5,610531,EQ,17626.0,34.64,480689.0
2020-02-26,165.0,165.0,162.75,163.1,665945,EQ,8249.0,80.73,567113.0
2020-02-27,164.15,165.7,161.6,165.25,591673,EQ,10205.0,57.98,437903.0
2020-02-28,163.1,165.0,160.35,161.45,1547402,EQ,31690.0,48.83,1264572.0
2020-03-02,161.35,162.75,157.95,159.35,544692,EQ,14724.0,36.99,386006.0
2020-03-03,161.25,163.5,159.1,162.85,412743,EQ,11962.0,34.5,246021.0
2020-03-04,162.25,163.4,157.4,162.5,1101933,EQ,13492.0,81.67,800647.0
2020-03-05,162.4,162.75,157.9,160.45,902821,EQ,13309.0,67.84,676483.0
2020-03-06,158.85,158.85,155.25,156.35,1256420,EQ,10030.0,125.27,1083591.0
2020-03-09,155.25,155.6,141.5,149.9,1262891,EQ,15258.0,82.77,965531.0
2020-03-11,149.9,154.5,148.55,151.8,1155754,EQ,26612.0,43.43,929473.0
2020-03-12,144.1,150.0,139.5,142.1,2208800,EQ,20426.0,108.14,1747791.0
2020-03-13,122.25,147.3,122.25,146.25,1556089,EQ,29085.0,53.5,1159903.0
2020-03-16,142.7,143.95,134.85,135.1,1206642,EQ,31387.0,38.44,920528.0
2020-03-17,137.5,138.35,130.55,131.4,1059006,EQ,20424.0,51.85,741405.0
2020-03-18,132.4,132.7,120.45,124.1,2079058,EQ,28719.0,72.39,1607124.0
2020-03-19,120.0,120.0,103.6,110.55,4597598,EQ,32167.0,142.93,3624037.0
2020-03-20,110.5,124.5,106.0,122.25,2099907,EQ,31611.0,66.43,1500412.0
2020-03-23,117.75,117.75,97.8,97.8,1837764,EQ,27684.0,66.38,1426564.0
2020-03-24,100.5,102.05,90.0,97.45,1495385,EQ,31666.0,47.22,1054707.0
2020-03-25,92.45,102.75,90.1,99.4,1016137,EQ,26278.0,38.67,600662.0
2020-03-26,102.3,113.75,97.6,101.55,1987634,EQ,64045.0,31.03,1203914.0
2020-03-27,108.0,110.85,94.75,98.15,2594160,EQ,84238.0,30.8,1861496.0
2020-03-30,96.0,97.9,90.9,92.2,1563979,EQ,46745.0,33.46,1130027.0
2020-03-31,96.0,98.5,89.1,96.8,2215682,EQ,70195.0,31.56,1568150.0
2020-04-01,96.75,96.75,89.3,89.85,2466852,EQ,42316.0,58.3,2007377.0
2020-04-03,90.75,92.25,83.25,85.45,2383409,EQ,41141.0,57.93,1813818.0
2020-04-07,88.5,88.5,82.5,86.2,2105018,EQ,22831.0,92.2,1422314.0
2020-04-08,86.2,92.25,84.15,89.2,1244062,EQ,16163.0,76.97,686357.0
2020-04-09,91.5,98.05,90.95,97.1,942287,EQ,13732.0,68.62,614430.0
2020-04-13,98.25,104.3,94.9,98.0,1802570,EQ,,,
2020-04-15,99.5,104.2,95.0,96.95,1855884,EQ,40152.0,46.22,1339796.0
2020-04-16,97.6,97.85,93.45,94.55,1614397,EQ,26697.0,60.47,1144631.0
2020-04-17,98.2,101.6,95.2,98.6,2989478,EQ,25388.0,117.75,1967185.0
2020-04-20,101.25,104.6,96.75,97.9,1484815,EQ,30104.0,49.32,701499.0
2020-04-21,97.3,97.3,94.6,95.35,1491002,EQ,15239.0,97.84,1238707.0
2020-04-22,96.75,97.0,93.6,94.05,923007,EQ,21333.0,43.27,614617.0
2020-04-23,94.05,96.0,93.1,93.95,1363859,EQ,19906.0,68.51,859827.0
2020-04-24,93.1,94.35,89.4,91.35,2259291,EQ,27231.0,82.97,1620405.0
2020-04-27,91.35,92.5,89.4,91.6,2500154,EQ,34709.0,72.03,1836927.0
2020-04-28,92.8,94.45,90.75,93.7,1292299,EQ,19244.0,67.15,859933.0
2020-04-29,94.3,102.75,93.0,101.1,1922108,EQ,45877.0,41.9,928859.0
2020-04-30,103.5,109.4,99.55,108.25,4230190,EQ,40773.0,103.75,2683732.0
2020-05-04,105.0,105.0,100.6,101.25,2985903,EQ,23317.0,128.06,2592195.0
2020-05-05,101.6,104.75,101.6,103.35,1044508,EQ,14156.0,73.79,687231.0
2020-05-06,103.1,107.55,101.8,105.95,1215646,EQ,25878.0,46.98,676680.0
2020-05-07,105.0,108.2,104.5,104.9,1555335,EQ,8784.0,177.06,1351929.0
2020-05-08,105.8,106.75,101.85,102.85,399568,EQ,5852.0,68.28,264897.0
2020-05-11,103.45,104.65,99.8,100.3,629430,EQ,32260.0,19.51,443799.0
2020-05-12,100.1,100.9,94.5,95.65,888137,EQ,36361.0,24.43,547037.0
2020-05-13,103.05,103.05,96.4,97.65,1790342,EQ,28931.0,61.88,1297186.0
2020-05-14,96.45,104.9,96.1,99.85,4375191,EQ,82581.0,52.98,2534449.0
2020-05-15,100.5,103.5,99.05,102.15,848879,EQ,24261.0,34.99,422176.0
2020-05-18,102.75,102.75,93.0,93.7,1209710,EQ,15017.0,80.56,953696.0
2020-05-19,96.4,96.4,92.6,95.2,951174,EQ,17847.0,53.3,596070.0
2020-05-20,95.0,98.25,94.55,97.6,891476,EQ,17541.0,50.82,593144.0
2020-05-21,97.6,100.0,97.0,98.1,928016,EQ,24290.0,38.21,578944.0
2020-05-22,98.1,99.3,94.65,95.5,1805744,EQ,18077.0,99.89,1528925.0
2020-05-26,95.25,96.4,91.5,92.15,754056,EQ,9530.0,79.12,548571.0
2020-05-27,93.1,94.9,91.6,93.75,1797019,EQ,26603.0,67.55,1446313.0
2020-05-28,94.85,97.9,94.45,97.0,1032918,EQ,17206.0,60.03,706171.0
2020-05-29,97.35,102.8,95.6,101.7,1373893,EQ,20681.0,66.43,1062775.0
2020-06-01,102.4,106.9,102.4,106.35,1142081,EQ,21393.0,53.39,773866.0
2020-06-02,107.4,108.7,103.2,104.6,852485,EQ,9780.0,87.17,541040.0
2020-06-03,106.5,113.05,104.7,108.45,5245693,EQ,29719.0,176.51,3307274.0
2020-06-04,108.0,110.0,102.25,103.15,961556,EQ,20390.0,47.16,554082.0
2020-06-05,103.55,104.95,100.65,101.85,1826640,EQ,13501.0,135.3,1201129.0
2020-06-08,104.6,105.75,101.75,102.0,1659775,EQ,11156.0,148.78,1160005.0
2020-06-09,103.65,104.75,101.25,101.6,869136,EQ,11121.0,78.15,434840.0
2020-06-10,102.4,102.4,100.15,100.7,1206733,EQ,11152.0,108.21,797075.0
2020-06-11,100.8,104.2,100.55,102.7,1122164,EQ,16061.0,69.87,694270.0
2020-06-12,94.5,101.55,94.5,100.95,777362,EQ,10510.0,73.96,380710.0
2020-06-15,100.85,102.5,97.5,99.0,724414,EQ,9516.0,76.13,362161.0
2020-06-16,100.7,102.0,96.0,97.9,735468,EQ,8883.0,82.8,361171.0
2020-06-17,97.9,100.1,96.8,99.7,1218528,EQ,18088.0,67.37,560673.0
2020-06-18,100.05,103.4,99.0,102.6,766298,EQ,22139.0,34.61,447147.0
2020-06-19,99.75,100.9,91.85,95.3,9838308,EQ,104505.0,94.14,5130974.0
2020-06-22,97.5,97.9,94.35,94.65,3407373,EQ,63978.0,53.26,1996034.0
2020-06-23,95.6,95.6,93.1,93.55,3646112,EQ,52972.0,68.83,2476575.0
2020-06-24,93.75,94.2,89.5,90.1,11055206,EQ,61278.0,180.41,8087666.0
2020-06-25,90.1,94.4,88.65,92.1,5128070,EQ,42481.0,120.71,2315806.0
2020-06-26,92.8,93.75,91.9,93.3,1507584,EQ,13000.0,115.97,794814.0
2020-06-29,93.7,93.7,90.4,91.0,1382401,EQ,15432.0,89.58,685741.0
2020-06-30,92.3,92.55,90.2,91.0,1489874,EQ,11998.0,124.18,739709.0
2020-07-01,91.05,93.0,90.5,91.9,3899696,EQ,16684.0,233.74,2683425.0
2020-07-02,92.2,94.1,91.9,93.15,3108015,EQ,25301.0,122.84,2050647.0
2020-07-03,93.15,93.7,92.05,92.7,1051169,EQ,11126.0,94.48,602279.0
2020-07-06,92.6,95.6,92.6,94.9,5216439,EQ,26299.0,198.35,3783224.0
2020-07-07,95.4,99.15,94.5,98.05,4206552,EQ,35552.0,118.32,1972430.0
2020-07-08,99.0,102.3,98.55,101.05,5688563,EQ,43002.0,132.29,2895250.0
2020-07-09,101.55,104.6,101.25,103.8,3659028,EQ,33957.0,107.75,1961906.0
2020-07-10,103.8,104.0,98.6,99.2,2650611,EQ,43445.0,61.01,1449370.0
2020-07-13,99.8,100.5,95.5,95.8,2093785,EQ,57885.0,36.17,1209158.0
2020-07-14,96.1,96.65,92.6,93.55,1833721,EQ,21360.0,85.85,964398.0
2020-07-15,94.5,95.65,90.45,91.0,2689800,EQ,29864.0,90.07,1749639.0
2020-07-16,92.1,92.25,89.8,90.7,1650147,EQ,27908.0,59.13,755699.0
2020-07-17,91.05,93.7,90.8,93.1,1449132,EQ,19872.0,72.92,650579.0
2020-07-20,94.1,94.45,91.9,92.9,2148964,EQ,35389.0,60.72,1383720.0
2020-07-21,93.2,94.9,93.2,94.5,4118715,EQ,26202.0,157.19,3505570.0
2020-07-22,94.9,95.25,93.0,93.2,957964,EQ,18788.0,50.99,559749.0
2020-07-23,93.3,94.7,93.0,94.2,1266930,EQ,22333.0,56.73,907962.0
2020-07-24,93.0,95.95,91.55,94.55,5138442,EQ,21998.0,233.59,3445537.0
2020-07-27,95.25,95.25,91.7,91.95,603116,EQ,7311.0,82.49,353894.0
2020-07-28,92.05,92.85,90.75,91.05,708221,EQ,6869.0,103.1,462414.0
2020-07-29,91.7,92.55,90.75,91.1,2569645,EQ,7370.0,348.66,2197424.0
2020-07-30,91.85,93.8,90.4,92.15,1850159,EQ,18007.0,102.75,813988.0
2020-07-31,91.9,92.5,90.6,90.9,807011,EQ,9197.0,87.75,468057.0
2020-08-03,90.65,91.05,88.1,88.35,1457128,EQ,26353.0,55.29,1027758.0
2020-08-04,89.25,90.0,87.6,87.7,1239931,EQ,16887.0,73.43,823997.0
2020-08-05,87.8,89.25,86.7,87.15,1123836,EQ,12539.0,89.63,693184.0
2020-08-06,87.5,90.3,87.1,89.25,1973338,EQ,19395.0,101.74,1142226.0
2020-08-07,89.3,92.6,89.3,92.2,2432231,EQ,20418.0,119.12,1407039.0
2020-08-10,92.15,93.3,89.4,89.85,1393577,EQ,17294.0,80.58,850140.0
2020-08-11,90.0,91.45,88.9,89.45,1338070,EQ,13790.0,97.03,808935.0
2020-08-12,89.8,90.35,87.75,88.45,1531760,EQ,13641.0,112.29,961016.0
2020-08-13,88.75,89.4,87.4,87.6,1562145,EQ,16021.0,97.51,1119110.0
2020-08-14,91.5,93.35,90.4,91.0,11408432,EQ,60246.0,189.36,6422303.0
2020-08-17,92.25,93.7,90.8,92.95,3956109,EQ,87044.0,45.45,3158543.0
2020-08-18,93.45,94.1,92.05,92.75,3960643,EQ,41516.0,95.4,2449749.0
2020-08-19,93.2,93.25,92.65,92.85,3167952,EQ,35975.0,88.06,2671625.0
2020-08-20,92.85,94.1,91.9,93.4,5677089,EQ,46558.0,121.94,4541869.0
2020-08-21,94.15,99.1,93.55,97.0,6487010,EQ,67778.0,95.71,3756767.0
2020-08-24,97.6,100.0,96.95,97.5,2919986,EQ,46309.0,63.05,1529483.0
2020-08-25,98.1,99.55,97.9,98.3,3572835,EQ,55464.0,64.42,2140717.0
2020-08-26,99.7,103.05,99.0,101.0,8451278,EQ,73124.0,115.57,4430455.0
2020-08-27,101.6,107.25,101.6,104.05,7427799,EQ,87137.0,85.24,3903832.0
2020-08-28,104.8,114.0,104.4,112.5,11332930,EQ,61953.0,182.93,5168519.0
2020-08-31,114.75,116.9,100.5,101.25,9495863,EQ,66962.0,141.81,4806244.0
2020-09-01,102.35,108.75,101.3,105.25,5543479,EQ,63483.0,87.32,2449661.0
2020-09-02,105.05,107.5,102.85,107.0,1438605,EQ,14069.0,102.25,399780.0
2020-09-03,107.75,110.0,105.55,109.0,2458224,EQ,17051.0,144.17,1442353.0
2020-09-04,105.4,108.0,103.75,105.75,1490908,EQ,18040.0,82.64,553022.0
2020-09-07,105.85,106.45,104.25,105.0,808482,EQ,8789.0,91.99,379639.0
2020-09-08,105.0,105.5,101.35,102.4,662883,EQ,9680.0,68.48,324108.0
2020-09-09,102.0,102.0,97.0,97.85,2797659,EQ,16865.0,165.89,1964239.0
2020-09-10,99.2,100.9,98.3,100.25,1181885,EQ,22328.0,52.93,529262.0
2020-09-11,100.25,101.8,99.2,100.4,1014132,EQ,11711.0,86.6,376806.0
2020-09-14,102.75,112.9,102.0,107.75,7598796,EQ,75724.0,100.35,3694311.0
2020-09-15,108.85,110.35,107.6,109.3,1212038,EQ,12167.0,99.62,587802.0
2020-09-16,109.8,110.0,106.6,107.75,815143,EQ,21254.0,38.35,433274.0
2020-09-17,107.2,109.5,105.85,106.85,1462992,EQ,28916.0,50.59,810580.0
2020-09-18,107.8,109.0,106.55,107.9,1084928,EQ,12918.0,83.99,671893.0
2020-09-21,106.65,108.15,101.9,104.35,811205,EQ,12490.0,64.95,350073.0
2020-09-22,103.5,103.5,99.0,101.35,1466557,EQ,17880.0,82.02,638771.0
2020-09-23,102.3,104.2,99.2,101.3,674187,EQ,9240.0,72.96,277581.0
2020-09-24,101.6,101.75,99.1,100.25,705919,EQ,21432.0,32.94,381797.0
2020-09-25,101.25,102.4,99.0,100.35,1039827,EQ,16562.0,62.78,496198.0
2020-09-28,101.4,102.5,99.4,101.75,1116872,EQ,,,
2020-09-29,101.75,104.25,101.35,102.1,2932685,EQ,9615.0,305.01,2245858.0
2020-09-30,101.4,105.75,101.3,104.8,2801369,EQ,20719.0,135.21,2077693.0
2020-10-01,105.75,107.0,105.15,106.1,728744,EQ,6975.0,104.48,349509.0
2020-10-05,106.15,109.4,106.15,108.0,1184070,EQ,9868.0,119.99,766994.0
2020-10-06,108.8,109.05,106.35,108.4,1429166,EQ,17388.0,82.19,891940.0
2020-10-07,108.2,108.95,104.0,108.25,1375322,EQ,16521.0,83.25,688785.0
2020-10-08,108.25,111.4,107.25,110.7,1645538,EQ,17559.0,93.71,1140828.0
2020-10-09,110.7,114.75,110.6,113.2,3699931,EQ,30513.0,121.26,2618131.0
2020-10-12,114.0,115.25,111.0,112.4,2407315,EQ,20608.0,116.81,1807107.0
2020-10-13,111.3,111.75,107.3,108.05,801095,EQ,7967.0,100.55,394254.0
2020-10-14,107.25,108.05,104.45,106.35,892633,EQ,6394.0,139.6,340130.0
2020-10-15,106.4,107.85,104.3,105.8,777396,EQ,7531.0,103.23,276992.0
2020-10-16,106.4,108.3,105.05,107.75,964154,EQ,7094.0,135.91,400643.0
2020-10-19,108.7,112.5,106.15,112.3,1681472,EQ,17373.0,96.79,828402.0
2020-10-20,112.25,112.85,108.2,112.15,2792541,EQ,22198.0,125.8,1211687.0
2020-10-21,112.2,113.8,109.9,110.8,1670675,EQ,25065.0,66.65,1111387.0
2020-10-22,109.9,112.05,109.45,111.55,995903,EQ,10930.0,91.12,643543.0
2020-10-23,111.1,113.45,110.8,112.7,1091875,EQ,7296.0,149.65,818704.0
2020-10-26,115.35,116.25,112.1,113.1,3287269,EQ,26975.0,121.86,2224032.0
2020-10-27,113.75,116.9,110.95,116.5,1808107,EQ,18592.0,97.25,639732.0
2020-10-28,115.5,120.0,113.55,115.1,1607847,EQ,22862.0,70.33,728482.0
2020-10-29,113.75,113.85,111.4,111.75,1237115,EQ,10841.0,114.11,800162.0
2020-10-30,111.15,113.9,110.25,110.75,1023636,EQ,9211.0,111.13,669909.0
2020-11-02,111.75,115.9,111.4,114.5,896807,EQ,12109.0,74.06,343909.0
2020-11-03,113.25,119.85,112.5,118.85,2742468,EQ,24526.0,111.82,1022427.0
2020-11-04,117.55,120.95,117.1,118.9,1109584,EQ,17633.0,62.93,438586.0
2020-11-05,118.1,121.7,118.1,121.1,1279804,EQ,10954.0,116.83,750311.0
2020-11-06,121.15,125.4,118.5,125.0,1472475,EQ,27306.0,53.92,827294.0
2020-11-09,126.0,141.4,125.4,137.9,4178963,EQ,36571.0,114.27,1799785.0
2020-11-10,136.0,140.2,133.0,137.8,4950388,EQ,40788.0,121.37,2802608.0
2020-11-11,137.85,138.65,133.6,135.1,1826375,EQ,33606.0,54.35,842985.0
2020-11-12,135.15,136.1,132.1,133.55,1595662,EQ,15944.0,100.08,797135.0
2020-11-13,133.1,141.2,129.3,140.05,2735835,EQ,25214.0,108.5,978042.0
2020-11-17,140.65,144.0,137.45,141.1,2279455,EQ,24350.0,93.61,965692.0
2020-11-18,141.65,150.0,139.9,148.75,3451832,EQ,24334.0,141.85,2053825.0
2020-11-19,148.4,148.4,142.5,144.1,1331297,EQ,16155.0,82.41,580540.0
2020-11-20,142.9,145.65,135.4,137.1,3308873,EQ,52206.0,63.38,1743507.0
2020-11-23,138.75,140.25,135.85,137.8,1367561,EQ,14386.0,95.06,540287.0
2020-11-24,138.1,140.5,136.35,137.5,1898858,EQ,12977.0,146.32,1332912.0
2020-11-25,139.5,140.75,132.0,132.7,2257833,EQ,16833.0,134.13,1252703.0
2020-11-26,133.85,135.7,129.1,129.5,1544250,EQ,19099.0,80.86,741035.0
2020-11-27,130.5,140.25,130.5,139.55,3409635,EQ,28906.0,117.96,1754252.0
2020-12-01,140.25,140.6,135.4,136.6,1593673,EQ,20895.0,76.27,859974.0
2020-12-02,137.85,139.2,135.1,136.3,2309556,EQ,19608.0,117.79,1449764.0
2020-12-03,136.3,137.5,133.2,133.95,1612736,EQ,12720.0,126.79,1032199.0
2020-12-04,135.1,136.55,133.5,134.55,1325223,EQ,17712.0,74.82,646411.0
2020-12-07,135.65,136.1,131.3,131.9,1898285,EQ,22443.0,84.58,1209294.0
2020-12-08,132.3,134.8,129.65,130.3,1659518,EQ,19739.0,84.07,823627.0
2020-12-09,131.8,132.75,130.2,131.15,1560181,EQ,17413.0,89.6,838910.0
2020-12-10,132.0,134.1,129.45,130.25,1850152,EQ,24103.0,76.76,921961.0
2020-12-11,131.25,133.45,129.55,132.65,1966267,EQ,18258.0,107.69,1040809.0
2020-12-14,133.45,140.2,132.75,138.8,3258211,EQ,28765.0,113.27,1723150.0
2020-12-15,138.7,141.45,136.25,139.95,2528871,EQ,35577.0,71.08,1401591.0
2020-12-16,141.25,142.35,139.9,141.4,1897832,EQ,72694.0,26.11,1111689.0
2020-12-17,141.75,142.1,137.25,138.25,1804762,EQ,18321.0,98.51,1002906.0
2020-12-18,138.75,139.1,134.25,135.15,2190835,EQ,43329.0,50.56,1348482.0
2020-12-21,134.25,134.6,130.5,131.65,1700038,EQ,34115.0,49.83,1090818.0
2020-12-22,129.8,132.7,126.15,128.6,1674856,EQ,15233.0,109.95,836871.0
2020-12-23,129.8,139.35,129.05,135.3,3152570,EQ,25925.0,121.6,1117158.0
2020-12-24,136.6,137.2,131.8,133.65,1489723,EQ,30344.0,49.09,611146.0
2020-12-28,134.75,137.15,132.85,136.55,1259819,EQ,22930.0,54.94,542049.0
2020-12-29,137.75,137.75,133.8,135.2,1218307,EQ,18344.0,66.41,718863.0
2020-12-30,134.95,135.0,132.75,133.6,1059595,EQ,13723.0,77.21,715062.0
2020-12-31,133.7,135.75,132.75,135.1,1596041,EQ,40165.0,39.74,979055.0
2021-01-01,135.1,136.2,134.3,135.35,953580,EQ,23017.0,41.43,572567.0
2021-01-04,135.85,136.75,133.65,134.3,2023601,EQ,34269.0,59.05,1176683.0
2021-01-05,134.1,137.6,131.3,137.0,5081290,EQ,28041.0,181.21,4068944.0
2021-01-06,137.95,139.45,135.9,137.0,2519586,EQ,36499.0,69.03,1139065.0
2021-01-07,138.35,139.5,137.5,138.7,2185259,EQ,14502.0,150.69,1606680.0
2021-01-08,139.1,140.75,136.75,138.5,3000359,EQ,36728.0,81.69,2008253.0
2021-01-11,139.25,139.9,136.45,137.1,1212529,EQ,12257.0,98.93,700709.0
2021-01-12,137.2,138.35,133.2,134.2,3131889,EQ,28330.0,110.55,2208051.0
2021-01-13,135.15,136.0,131.3,133.5,2873142,EQ,35752.0,80.36,1800102.0
2021-01-14,132.75,135.7,131.25,133.05,3398086,EQ,31362.0,108.35,1975861.0
2021-01-15,133.6,134.9,129.8,130.35,1811808,EQ,24465.0,74.06,1027804.0
2021-01-18,130.35,131.6,128.25,129.25,1177211,EQ,30954.0,38.03,614649.0
2021-01-19,129.35,132.25,129.35,131.6,1580073,EQ,8562.0,184.54,1178916.0
2021-01-20,132.4,133.0,130.6,131.2,2187343,EQ,9815.0,222.86,1624398.0
2021-01-21,132.0,133.1,130.5,130.95,646621,EQ,6146.0,105.21,287377.0
2021-01-22,131.25,131.8,129.1,130.7,1600145,EQ,12749.0,125.51,1264297.0
2021-01-25,131.6,132.65,127.3,130.4,2711135,EQ,17417.0,155.66,1293389.0
2021-01-27,130.3,131.9,124.55,125.5,3308748,EQ,36057.0,91.76,1959506.0
2021-01-28,123.75,126.6,122.75,125.6,822685,EQ,13159.0,62.52,414411.0
2021-01-29,126.6,128.2,124.7,126.95,861693,EQ,14212.0,60.63,423627.0
2021-02-01,127.55,130.1,125.3,129.3,2820784,EQ,34646.0,81.42,1741771.0
2021-02-02,131.2,136.5,129.8,136.2,3796147,EQ,25920.0,146.46,2016607.0
2021-02-03,136.5,137.5,133.55,136.9,2341714,EQ,14173.0,165.22,1551468.0
2021-02-04,135.6,135.6,130.75,131.9,4505182,EQ,37863.0,118.99,2741987.0
2021-02-05,132.75,135.6,127.0,128.3,2486181,EQ,23068.0,107.78,1277410.0
2021-02-08,129.75,131.45,128.4,128.9,1630051,EQ,11041.0,147.64,876587.0
2021-02-09,130.2,130.85,124.7,125.0,4055863,EQ,37944.0,106.89,2131374.0
2021-02-10,127.1,128.6,122.3,123.1,3118639,EQ,25242.0,123.55,1630909.0
2021-02-11,123.7,126.5,122.6,123.0,2177753,EQ,34624.0,62.9,1245787.0
2021-02-12,123.75,125.0,121.1,122.2,2365065,EQ,37241.0,63.51,1220280.0
2021-02-15,123.4,127.95,122.65,126.75,5375343,EQ,37323.0,144.02,3806754.0
2021-02-16,128.0,129.35,123.3,124.3,5645652,EQ,25354.0,222.67,3896712.0
2021-02-17,124.1,126.5,123.3,125.0,1621176,EQ,15810.0,102.54,791582.0
2021-02-18,125.75,127.2,124.0,125.25,1972436,EQ,19155.0,102.97,1085483.0
2021-02-19,125.2,125.5,122.55,123.35,1699902,EQ,23824.0,71.35,896374.0
2021-02-22,124.05,124.4,119.05,120.0,1979845,EQ,25301.0,78.25,1235515.0
2021-02-23,120.0,122.95,120.0,120.85,1798376,EQ,26303.0,68.37,1112365.0
2021-02-24,121.5,124.65,120.05,123.7,1260888,EQ,16696.0,75.52,891781.0
2021-02-25,125.9,127.7,125.05,125.6,5565970,EQ,29488.0,188.75,4134207.0
2021-02-26,122.6,124.7,121.95,124.0,1943754,EQ,25472.0,76.31,956380.0
2021-03-01,125.15,127.25,124.7,126.6,1461860,EQ,26524.0,55.11,786957.0
2021-03-02,128.15,134.45,127.15,131.7,6863895,EQ,48494.0,141.54,3134838.0
2021-03-03,132.75,137.6,131.9,136.0,18275463,EQ,65747.0,277.97,10895225.0
2021-03-04,134.9,142.3,132.75,135.5,13975656,EQ,75744.0,184.51,6173768.0
2021-03-05,135.7,137.0,129.35,130.05,4240564,EQ,40227.0,105.42,1647016.0
2021-03-08,132.1,134.0,128.85,131.3,2460499,EQ,27252.0,90.29,840273.0
2021-03-09,132.75,134.55,125.25,128.8,5746414,EQ,37936.0,151.48,1904903.0
2021-03-10,129.75,130.9,126.0,129.3,3134003,EQ,22855.0,137.13,1324841.0
2021-03-12,131.25,132.0,127.9,129.15,3870535,EQ,24509.0,157.92,2300892.0
2021-03-15,129.4,129.55,125.75,128.4,2147412,EQ,19767.0,108.64,1017276.0
2021-03-16,128.6,129.6,127.1,127.65,1004833,EQ,6461.0,155.52,369408.0
2021-03-17,127.7,129.25,126.0,126.8,2078840,EQ,16760.0,124.04,985670.0
2021-03-18,127.5,129.9,120.05,125.5,4038162,EQ,41170.0,98.09,1729423.0
2021-03-19,124.45,129.0,122.05,127.15,5772184,EQ,23085.0,250.04,4502708.0
2021-03-22,127.9,128.05,125.55,127.25,986324,EQ,12090.0,81.58,384779.0
2021-03-23,127.5,128.9,126.0,126.5,1331486,EQ,15410.0,86.4,585178.0
2021-03-24,126.0,126.75,122.15,122.9,2785434,EQ,12326.0,225.98,1832918.0
2021-03-25,122.9,123.55,116.85,120.6,2878881,EQ,17306.0,166.35,1385777.0
2021-03-26,120.75,123.75,119.05,119.7,1577014,EQ,13405.0,117.64,598743.0
2021-03-30,121.5,121.5,112.5,115.4,5510475,EQ,33981.0,162.16,3142141.0
2021-03-31,116.75,120.0,116.0,116.95,3763648,EQ,35117.0,107.17,1657945.0
2021-04-01,117.35,121.45,117.35,120.8,1502566,EQ,15143.0,99.23,428321.0
2021-04-05,120.8,121.35,116.3,117.2,1785738,EQ,36094.0,49.47,837279.0
2021-04-06,117.75,118.8,116.3,116.6,1206564,EQ,17897.0,67.42,535594.0
2021-04-07,118.1,124.9,117.7,124.1,5977836,EQ,42230.0,141.55,1486029.0
2021-04-08,125.6,126.5,123.9,124.6,2557930,EQ,26965.0,94.86,1015408.0
2021-04-09,124.85,126.3,122.3,124.15,1496054,EQ,13364.0,111.95,515079.0
2021-04-12,122.25,122.8,117.8,119.7,3582250,EQ,29217.0,122.61,2048182.0
2021-04-13,119.25,123.45,119.2,121.85,1422539,EQ,14049.0,101.26,717732.0
2021-04-15,120.75,124.1,119.15,121.5,2168104,EQ,16083.0,134.81,859310.0
2021-04-16,121.35,123.65,120.75,121.4,1619017,EQ,10650.0,152.02,759046.0
2021-04-19,118.6,120.1,116.75,118.5,2111519,EQ,15149.0,139.38,1226391.0
2021-04-20,119.3,120.75,118.4,118.7,1088175,EQ,14105.0,77.15,542383.0
2021-04-22,116.3,120.0,116.3,119.6,1311193,EQ,14259.0,91.96,685012.0
2021-04-23,119.25,126.4,119.0,124.2,4221417,EQ,37115.0,113.74,1755284.0
2021-04-26,125.05,125.75,122.4,123.7,3014688,EQ,51945.0,58.04,978738.0
2021-04-27,123.35,124.9,122.65,123.4,1019306,EQ,14331.0,71.13,383341.0
2021-04-28,123.8,127.9,123.05,126.5,3881289,EQ,24764.0,156.73,1776511.0
2021-04-29,127.5,128.8,126.0,126.5,1789363,EQ,16527.0,108.27,644885.0
2021-04-30,125.55,127.0,124.1,125.05,1447507,EQ,7799.0,185.6,865132.0
2021-05-03,121.55,127.6,121.55,127.15,2052774,EQ,11364.0,180.64,1026392.0
2021-05-04,127.5,129.0,124.0,125.2,4528692,EQ,10415.0,434.82,3653779.0
2021-05-05,126.7,128.2,124.5,127.35,3330540,EQ,12659.0,263.1,2335692.0
2021-05-06,128.0,130.35,126.9,128.05,2194011,EQ,14486.0,151.46,590759.0
2021-05-07,128.6,130.1,127.5,127.9,1025359,EQ,9781.0,104.83,345969.0
2021-05-10,127.95,128.9,124.65,125.5,1900660,EQ,15841.0,119.98,941767.0
2021-05-11,124.0,126.4,123.65,124.6,1242977,EQ,14339.0,86.69,541076.0
2021-05-12,124.5,126.2,123.6,124.3,982059,EQ,11325.0,86.72,222459.0
2021-05-14,124.55,125.6,121.7,122.3,2259343,EQ,13283.0,170.09,1214692.0
2021-05-17,122.4,127.4,122.4,126.95,1918059,EQ,12940.0,148.23,626088.0
2021-05-18,128.55,128.8,126.15,128.1,2059753,EQ,14099.0,146.09,850279.0
2021-05-19,128.2,129.75,127.05,127.45,1559947,EQ,13015.0,119.86,486996.0
2021-05-20,128.1,130.9,127.3,128.75,3359483,EQ,20371.0,164.91,864870.0
2021-05-21,129.75,131.8,129.45,131.3,3636647,EQ,23144.0,157.13,1684850.0
2021-05-24,135.0,135.0,131.25,132.25,4895773,EQ,31760.0,154.15,1643713.0
2021-05-25,133.5,134.05,129.0,129.8,1490056,EQ,13990.0,106.51,500877.0
2021-05-26,130.5,131.05,127.4,130.75,1855668,EQ,16979.0,109.29,535213.0
2021-05-27,131.2,131.95,128.4,130.4,2214659,EQ,14455.0,153.21,920529.0
2021-05-28,130.8,131.55,129.2,130.3,950380,EQ,7189.0,132.2,319218.0
2021-05-31,129.35,133.45,127.2,129.25,3710646,EQ,22172.0,167.36,859220.0
2021-06-01,129.4,129.5,124.9,125.3,3785119,EQ,40232.0,94.08,2039091.0
2021-06-02,125.25,126.4,124.9,125.65,1822014,EQ,11482.0,158.68,905698.0
2021-06-03,126.6,127.4,125.2,125.45,1681046,EQ,11586.0,145.09,829442.0
2021-06-04,125.9,126.7,124.15,124.45,1899228,EQ,16303.0,116.5,820325.0
2021-06-07,125.65,127.0,124.25,125.5,2533506,EQ,17692.0,143.2,764867.0
2021-06-08,125.3,126.05,123.55,124.0,2894729,EQ,19920.0,145.32,1674315.0
2021-06-09,124.5,125.7,122.55,123.15,1554825,EQ,10410.0,149.36,641762.0
2021-06-10,123.9,125.25,122.6,125.0,2624813,EQ,18515.0,141.77,1261216.0
2021-06-11,125.8,130.4,125.3,126.9,6913004,EQ,42351.0,163.23,2823569.0
2021-06-14,127.5,129.2,124.9,127.4,2842585,EQ,17465.0,162.76,1073157.0
2021-06-15,128.25,128.65,126.15,126.5,1164121,EQ,14238.0,81.76,499309.0
2021-06-16,126.75,127.35,124.9,125.85,1276700,EQ,13540.0,94.29,491302.0
2021-06-17,124.9,125.25,122.65,124.3,2062415,EQ,14203.0,145.21,955821.0
2021-06-18,125.05,125.1,120.75,123.2,2318992,EQ,15915.0,145.71,942666.0
2021-06-21,121.5,124.25,121.35,123.9,1434415,EQ,12029.0,119.25,627923.0
2021-06-22,124.95,125.25,122.3,122.6,1245411,EQ,12005.0,103.74,620508.0
2021-06-23,122.75,126.85,122.75,126.05,5147600,EQ,16656.0,309.05,3585188.0
2021-06-24,126.75,131.25,125.9,129.65,10896506,EQ,54660.0,199.35,3892753.0
2021-06-25,130.8,133.05,129.8,130.6,4909014,EQ,33099.0,148.31,2092235.0
2021-06-28,131.6,131.95,127.6,128.25,2349256,EQ,16449.0,142.82,998127.0
2021-06-29,128.25,129.4,126.0,127.3,1781994,EQ,10096.0,176.5,662301.0
2021-06-30,127.3,127.95,124.65,124.95,1327940,EQ,11029.0,120.4,685845.0
2021-07-01,125.7,125.9,123.55,123.8,1134525,EQ,11398.0,99.54,592403.0
2021-07-02,124.35,124.35,122.8,123.2,1418397,EQ,11762.0,120.59,725998.0
2021-07-05,123.2,125.15,123.2,123.65,1249027,EQ,8473.0,147.41,554742.0
2021-07-06,123.65,126.6,123.5,124.25,2499806,EQ,11266.0,221.89,1157980.0
2021-07-07,124.45,125.05,123.3,123.7,1474851,EQ,6143.0,240.09,758540.0
2021-07-08,123.75,124.7,120.9,121.85,1828162,EQ,10442.0,175.08,987155.0
2021-07-09,120.75,121.7,120.1,121.1,2425856,EQ,30965.0,78.34,1378967.0
2021-07-12,121.75,122.9,120.9,121.35,1715901,EQ,13677.0,125.46,1019888.0
2021-07-13,122.25,122.7,121.25,122.2,1472504,EQ,10977.0,134.14,986369.0
2021-07-14,122.55,122.6,121.4,121.85,1487976,EQ,17778.0,83.7,1039484.0
2021-07-15,121.95,123.55,121.0,121.15,1503756,EQ,8903.0,168.9,766643.0
2021-07-16,121.5,121.85,120.8,121.4,1184176,EQ,10158.0,116.58,850504.0
2021-07-19,120.0,120.75,118.1,119.0,2625777,EQ,20830.0,126.06,1460126.0
2021-07-20,119.9,119.9,114.9,115.15,1994270,EQ,14503.0,137.51,964926.0
2021-07-22,115.5,117.0,115.5,115.7,941760,EQ,6632.0,142.0,395360.0
2021-07-23,116.25,117.75,115.6,116.7,952220,EQ,8747.0,108.86,389114.0
2021-07-26,116.7,116.9,114.95,115.25,1008850,EQ,10243.0,98.49,520380.0
2021-07-27,115.9,116.1,112.95,113.7,1478220,EQ,10817.0,136.66,867255.0
2021-07-28,113.7,114.55,111.4,112.25,1281275,EQ,9039.0,141.75,533441.0
2021-07-29,112.9,114.0,112.25,112.7,1761201,EQ,7695.0,228.88,1055267.0
2021-07-30,112.7,114.2,112.4,112.7,1272801,EQ,9952.0,127.89,713278.0
2021-08-02,113.3,115.6,113.0,113.5,1607938,EQ,18661.0,86.17,777462.0
2021-08-03,113.55,115.0,112.3,113.75,1426554,EQ,12792.0,111.52,693918.0
2021-08-04,113.75,118.0,113.6,115.95,3054842,EQ,21157.0,144.39,694100.0
2021-08-05,116.25,116.5,113.05,114.8,1349655,EQ,17780.0,75.91,512509.0
2021-08-06,115.4,116.05,114.7,114.9,801838,EQ,6552.0,122.38,228275.0
2021-08-09,114.75,117.0,113.3,116.35,3128312,EQ,26296.0,118.97,2019523.0
2021-08-10,117.3,117.5,114.2,114.8,3074732,EQ,16052.0,191.55,1779978.0
2021-08-11,114.4,115.25,111.95,114.1,1291713,EQ,11081.0,116.57,499157.0
2021-08-12,114.65,115.15,113.3,113.95,773468,EQ,8308.0,93.1,325576.0
2021-08-13,113.9,114.4,112.4,112.7,620681,EQ,5929.0,104.69,306822.0
2021-08-16,112.95,112.95,110.3,110.9,986836,EQ,9919.0,99.49,465600.0
2021-08-17,111.1,111.4,106.9,109.45,2130256,EQ,13990.0,152.27,911211.0
2021-08-18,110.2,112.8,109.1,112.1,4459490,EQ,16104.0,276.92,3269971.0
2021-08-20,112.0,112.0,109.5,109.7,942381,EQ,10804.0,87.23,367666.0
2021-08-23,108.75,110.7,107.85,109.1,1076403,EQ,7853.0,137.07,464100.0
2021-08-24,110.25,111.7,108.4,110.1,1062638,EQ,6109.0,173.95,394438.0
2021-08-25,109.5,110.95,109.5,109.85,884241,EQ,8378.0,105.54,461248.0
2021-08-26,109.85,110.4,108.15,108.4,1113048,EQ,18468.0,60.27,657251.0
2021-08-27,108.0,112.0,108.0,111.2,3387422,EQ,12667.0,267.42,2244186.0
2021-08-30,111.4,114.2,111.4,113.9,2171131,EQ,17754.0,122.29,1339043.0
2021-08-31,113.9,115.15,112.4,113.8,1832677,EQ,22364.0,81.95,744515.0
2021-09-01,113.6,121.1,113.5,120.05,7634327,EQ,45382.0,168.22,2072843.0
2021-09-02,119.2,119.6,116.1,117.55,2472275,EQ,11978.0,206.4,849973.0
2021-09-03,117.5,118.45,114.55,115.65,2117766,EQ,13530.0,156.52,771637.0
2021-09-06,115.7,117.3,114.7,117.1,1114123,EQ,7779.0,143.22,492553.0
2021-09-07,117.7,118.05,114.95,115.55,878112,EQ,7131.0,123.14,246939.0
2021-09-08,115.65,117.5,115.2,116.5,868818,EQ,6345.0,136.93,338805.0
2021-09-09,116.75,117.0,116.0,116.55,534738,EQ,6332.0,84.45,253566.0
2021-09-13,116.4,117.4,115.8,116.65,418884,EQ,5951.0,70.39,186355.0
2021-09-14,116.85,119.5,116.75,117.7,1539491,EQ,14628.0,105.24,417299.0
2021-09-15,118.55,118.55,116.65,116.9,1632555,EQ,10489.0,155.64,1131101.0
2021-09-16,117.4,120.85,116.65,118.25,4356431,EQ,24550.0,177.45,2014995.0
2021-09-17,120.0,120.0,114.5,115.15,1898871,EQ,12565.0,151.12,658056.0
2021-09-20,114.7,115.6,111.8,112.25,1284987,EQ,10300.0,124.76,505746.0
2021-09-21,112.5,112.9,110.25,112.45,1197247,EQ,8477.0,141.23,405828.0
2021-09-22,113.5,113.6,111.2,112.4,1020114,EQ,11865.0,85.98,405215.0
2021-09-23,113.25,114.75,112.95,114.4,1061717,EQ,12519.0,84.81,500878.0
2021-09-24,114.45,115.25,112.0,112.45,842401,EQ,9070.0,92.88,360095.0
2021-09-27,112.25,113.85,112.1,113.25,1385605,EQ,13958.0,99.27,728231.0
2021-09-28,113.85,114.7,112.1,112.9,719498,EQ,8922.0,80.64,295419.0
2021-09-29,113.5,120.75,111.75,119.55,8355078,EQ,50262.0,166.23,5018466.0
2021-09-30,118.5,122.95,117.75,118.25,4820978,EQ,37658.0,128.02,1358911.0
2021-10-01,118.1,120.05,116.75,119.0,2216227,EQ,18138.0,122.19,703017.0
2021-10-04,119.25,120.75,118.35,119.75,2188659,EQ,17171.0,127.46,1084744.0
2021-10-05,119.25,120.0,118.25,118.5,887948,EQ,9454.0,93.92,409651.0
2021-10-06,118.4,123.6,118.4,119.25,4924292,EQ,34110.0,144.37,1263804.0
2021-10-07,120.55,121.8,119.5,120.0,1779037,EQ,13587.0,130.94,788955.0
2021-10-08,120.75,125.6,120.25,123.85,7167614,EQ,54230.0,132.17,2689725.0
2021-10-11,125.3,127.95,124.25,126.65,5111032,EQ,56213.0,90.92,2243297.0
2021-10-12,126.3,127.6,124.9,127.1,3211188,EQ,20629.0,155.66,2076714.0
2021-10-13,128.25,129.35,124.85,126.7,2046049,EQ,18576.0,110.14,804464.0
2021-10-14,127.35,129.7,126.45,128.5,2724655,EQ,25645.0,106.25,1376786.0
2021-10-18,130.75,130.75,127.4,128.25,2545315,EQ,23740.0,107.22,1342636.0
2021-10-19,128.25,128.8,124.15,124.75,1993464,EQ,26749.0,74.52,1065064.0
2021-10-20,124.25,127.3,122.45,125.9,2145567,EQ,31936.0,67.18,891492.0
2021-10-21,125.85,128.85,124.15,127.8,3164738,EQ,30450.0,103.93,1237992.0
2021-10-22,128.25,129.4,124.45,127.15,2005281,EQ,18139.0,110.55,732218.0
2021-10-25,128.25,134.8,123.7,132.2,8863132,EQ,53960.0,164.25,2865783.0
2021-10-26,133.75,137.95,131.4,135.8,10779683,EQ,76459.0,140.99,3969343.0
2021-10-27,136.85,136.9,130.65,131.3,2559104,EQ,19509.0,131.18,910708.0
2021-10-28,132.45,132.45,126.5,127.25,1963648,EQ,17269.0,113.71,687724.0
2021-10-29,128.2,129.4,123.0,126.1,2205870,EQ,22006.0,100.24,982650.0
2021-11-01,127.5,127.6,123.75,125.6,1129075,EQ,10636.0,106.16,435165.0
2021-11-02,125.25,128.85,124.35,127.55,1740449,EQ,14642.0,118.87,658253.0
2021-11-03,127.5,130.3,126.05,126.45,1496387,EQ,12315.0,121.51,428209.0
2021-11-04,129.4,131.5,127.5,130.7,1317342,EQ,12315.0,106.97,428209.0
2021-11-08,131.25,131.3,127.65,129.05,1226213,EQ,10053.0,121.97,396073.0
2021-11-09,129.7,130.2,126.5,127.9,1030383,EQ,8360.0,123.25,417029.0
2021-11-10,127.55,129.25,126.15,126.4,905474,EQ,12366.0,73.22,445561.0
2021-11-11,127.1,127.1,122.65,123.4,1953389,EQ,12325.0,158.49,1165290.0
2021-11-12,123.55,124.5,121.85,122.9,1912776,EQ,12930.0,147.93,967198.0
2021-11-15,122.9,124.0,120.85,121.4,1369838,EQ,13623.0,100.55,556126.0
2021-11-16,121.5,122.25,118.7,119.3,1593130,EQ,18561.0,85.83,920780.0
2021-11-17,119.25,120.4,117.15,117.45,1622474,EQ,12500.0,129.8,1010227.0
2021-11-18,117.4,118.9,116.25,117.0,1431886,EQ,15040.0,95.21,601758.0
2021-11-22,118.05,118.45,112.9,114.1,1858975,EQ,16482.0,112.79,932319.0
2021-11-23,114.0,115.7,111.85,114.8,2209129,EQ,17385.0,127.07,1373202.0
2021-11-24,114.75,116.5,114.45,115.4,1291014,EQ,15931.0,81.04,611423.0
2021-11-25,115.6,116.0,113.95,114.4,869250,EQ,9004.0,96.54,378948.0
2021-11-26,112.9,113.85,110.6,110.9,2048521,EQ,17512.0,116.98,879160.0
2021-11-29,110.6,111.1,107.1,108.6,1131666,EQ,11155.0,101.45,488203.0
2021-11-30,109.5,111.0,108.05,108.5,2091998,EQ,16365.0,127.83,1090692.0
2021-12-01,108.5,110.2,108.1,109.4,810062,EQ,8784.0,92.22,447657.0
2021-12-02,110.0,110.0,108.45,109.1,1888928,EQ,17187.0,109.9,1375992.0
2021-12-03,109.85,109.9,107.65,108.15,1098495,EQ,7431.0,147.83,551443.0
2021-12-06,108.15,108.85,106.6,107.0,876336,EQ,8682.0,100.94,429776.0
2021-12-07,108.0,110.1,107.5,108.8,2467932,EQ,12500.0,197.43,1218370.0
2021-12-08,110.2,110.65,109.2,109.55,1767185,EQ,11862.0,148.98,981085.0
2021-12-09,110.55,110.55,108.95,109.5,1270791,EQ,6514.0,195.09,840569.0
2021-12-10,110.05,112.9,109.75,112.45,2496171,EQ,17399.0,143.47,1120586.0
2021-12-13,113.5,113.9,111.35,111.6,1537017,EQ,8774.0,175.18,889050.0
2021-12-14,111.2,111.6,109.95,110.7,922594,EQ,11701.0,78.85,462663.0
2021-12-15,110.7,111.65,109.2,109.4,748609,EQ,6064.0,123.45,410139.0
2021-12-16,109.5,110.0,107.0,107.55,1311298,EQ,11657.0,112.49,735200.0
2021-12-17,107.3,107.9,104.6,105.0,1332040,EQ,10558.0,126.16,717111.0
2021-12-20,104.75,104.85,96.5,101.2,5720954,EQ,29311.0,195.18,4040178.0
2021-12-21,101.3,103.35,100.25,100.7,1023792,EQ,10838.0,94.46,412372.0
2021-12-22,101.3,102.7,100.65,101.9,1492326,EQ,13255.0,112.59,956571.0
2021-12-23,101.8,103.1,101.7,101.95,1121808,EQ,12172.0,92.16,655669.0
2021-12-24,102.05,102.6,99.95,100.25,689178,EQ,6880.0,100.17,299483.0
2021-12-27,98.3,99.75,97.85,99.0,2183778,EQ,8442.0,258.68,1411641.0
2021-12-28,99.75,102.0,98.7,101.3,3504063,EQ,14034.0,249.68,1670084.0
2021-12-29,100.95,103.95,100.2,103.4,3248017,EQ,17075.0,190.22,2042027.0
2021-12-30,103.25,103.6,101.45,101.95,2642747,EQ,10738.0,246.11,2110165.0
2021-12-31,102.4,102.4,100.7,101.0,1552392,EQ,6725.0,230.84,1082910.0
2022-01-03,101.25,104.2,101.0,103.95,1503638,EQ,15332.0,98.07,912633.0
2022-01-04,103.95,106.8,103.7,106.45,2576588,EQ,15958.0,161.46,1421522.0
2022-01-05,106.8,109.9,105.2,108.2,4468337,EQ,30456.0,146.71,2880026.0
2022-01-06,108.0,108.0,104.6,105.0,4416454,EQ,23258.0,189.89,2937707.0
2022-01-07,104.6,106.6,104.0,104.55,6258154,EQ,25361.0,246.76,3790902.0
2022-01-10,105.75,110.2,104.75,109.5,4504051,EQ,31666.0,142.24,2444726.0
2022-01-11,110.2,110.2,107.5,108.25,1159834,EQ,8411.0,137.89,407078.0
2022-01-12,108.75,109.7,108.4,109.25,957090,EQ,15675.0,61.06,442023.0
2022-01-13,109.5,112.9,108.2,112.25,3463630,EQ,18552.0,186.7,1404053.0
2022-01-14,111.0,111.95,109.65,110.2,939320,EQ,7789.0,120.6,438049.0
2022-01-17,110.3,112.25,108.85,109.6,2194557,EQ,12274.0,178.8,764455.0
2022-01-18,109.7,110.25,107.25,107.75,1474684,EQ,15842.0,93.09,822322.0
2022-01-19,108.0,108.2,106.9,107.95,756287,EQ,9487.0,79.72,308108.0
2022-01-20,108.0,109.1,107.6,108.05,978720,EQ,9523.0,102.77,592626.0
2022-01-21,107.2,107.75,104.4,105.7,1257405,EQ,14299.0,87.94,551999.0
2022-01-24,106.35,106.5,102.6,104.0,1402427,EQ,14621.0,95.92,617052.0
2022-01-25,102.75,108.15,102.7,107.2,1285754,EQ,17915.0,71.77,515261.0
2022-01-27,106.45,108.1,105.5,107.45,3199046,EQ,20798.0,153.82,1950378.0
2022-01-28,107.45,110.6,107.1,107.55,1499763,EQ,16759.0,89.49,648887.0
2022-01-31,108.7,109.05,107.05,107.8,813529,EQ,11344.0,71.71,320265.0
2022-02-01,107.95,109.65,107.45,108.7,862204,EQ,10382.0,83.05,377217.0
2022-02-02,109.5,111.8,109.15,110.2,3478938,EQ,28148.0,123.59,1367015.0
2022-02-03,110.9,111.0,108.2,108.5,3073735,EQ,44994.0,68.31,843011.0
2022-02-04,109.4,109.4,107.75,108.25,1161616,EQ,19596.0,59.28,508441.0
2022-02-07,107.9,108.5,104.25,104.9,4337671,EQ,30325.0,143.04,2402957.0
2022-02-08,105.7,106.05,102.45,104.4,4525520,EQ,22287.0,203.06,730643.0
2022-02-09,104.75,105.6,103.9,104.85,1947520,EQ,39895.0,48.82,1130029.0
2022-02-10,105.7,105.7,104.25,104.9,917906,EQ,22942.0,40.01,463753.0
2022-02-11,104.25,104.75,101.85,102.1,898637,EQ,7784.0,115.45,496121.0
2022-02-14,100.75,101.2,98.45,99.15,1415671,EQ,17137.0,82.61,772868.0
2022-02-15,99.0,101.15,97.2,100.45,2296672,EQ,19494.0,117.81,1226001.0
2022-02-16,101.25,102.15,98.4,98.7,3200696,EQ,21456.0,149.17,979138.0
2022-02-17,98.75,99.6,97.25,98.85,5409501,EQ,18589.0,291.01,4071845.0
2022-02-18,98.85,99.3,96.15,96.65,3966263,EQ,23522.0,168.62,816044.0
2022-02-21,95.7,97.25,94.65,95.85,1262568,EQ,12155.0,103.87,521530.0
2022-02-22,94.3,96.7,93.65,96.2,1627570,EQ,8840.0,184.11,834098.0
2022-02-23,96.7,97.7,96.2,97.0,1733141,EQ,16242.0,106.71,1172497.0
2022-02-24,94.1,95.6,91.1,92.1,3276167,EQ,23958.0,136.75,2142650.0
2022-02-25,93.25,96.0,92.5,93.65,2756667,EQ,13674.0,201.6,1711643.0
2022-02-28,92.25,94.1,92.0,93.85,1173741,EQ,8872.0,132.3,704333.0
2022-03-02,93.5,93.7,89.75,90.3,3011079,EQ,24803.0,121.4,1965512.0
2022-03-03,91.8,92.1,89.0,89.7,4508362,EQ,18441.0,244.47,932106.0
2022-03-04,89.9,91.0,87.55,88.3,2787337,EQ,17449.0,159.74,1205423.0
2022-03-07,87.6,87.6,81.75,82.75,2887417,EQ,,,
2022-03-08,83.15,88.55,82.9,87.9,2140830,EQ,13430.0,159.41,546255.0
2022-03-09,89.5,90.8,87.55,90.5,1954593,EQ,13597.0,143.75,757071.0
2022-03-10,92.4,94.5,91.65,92.5,4767210,EQ,44080.0,108.15,2182473.0
2022-03-11,92.25,93.5,91.4,92.3,2167812,EQ,18614.0,116.46,1286333.0
2022-03-14,92.2,92.85,90.0,90.25,1632775,EQ,12934.0,126.24,1092315.0
2022-03-15,91.1,91.45,89.25,89.75,3074427,EQ,21948.0,140.08,1677827.0
2022-03-16,91.45,91.45,89.8,90.35,2763689,EQ,15602.0,177.14,1566959.0
2022-03-17,91.1,92.1,90.1,90.5,2949099,EQ,13103.0,225.07,2120395.0
2022-03-21,91.0,91.35,89.4,89.85,1499728,EQ,11879.0,126.25,849934.0
2022-03-22,89.85,90.6,88.3,90.0,2225261,EQ,10435.0,213.25,1299729.0
2022-03-23,90.75,95.5,90.4,94.2,7430540,EQ,35904.0,206.96,3453304.0
2022-03-24,93.0,94.75,92.85,93.05,1569339,EQ,15078.0,104.08,615968.0
2022-03-25,93.75,94.4,92.45,93.5,1547475,EQ,8321.0,185.97,868980.0
2022-03-28,93.45,95.0,92.7,93.25,2257593,EQ,13758.0,164.09,976920.0
2022-03-29,94.0,95.45,93.65,94.75,4350913,EQ,22122.0,196.68,2409493.0
2022-03-30,96.3,97.45,94.2,95.0,5443375,EQ,32935.0,165.28,2998565.0
2022-03-31,95.95,98.0,94.65,96.7,4740524,EQ,22975.0,206.33,2294201.0
2022-04-01,97.1,101.1,96.8,100.7,1968075,EQ,12787.0,153.91,613434.0
2022-04-04,100.7,103.15,99.7,102.4,5839316,EQ,27236.0,214.4,2007934.0
2022-04-05,103.65,107.5,102.1,104.5,6158046,EQ,26824.0,229.57,2944118.0
2022-04-06,103.65,106.8,103.65,106.1,2512391,EQ,27419.0,91.63,1379158.0
2022-04-07,106.4,107.65,104.7,105.0,1752825,EQ,10201.0,171.83,939915.0
2022-04-08,106.25,106.25,104.45,105.05,2727571,EQ,7144.0,381.8,1917729.0
2022-04-11,105.25,106.65,104.6,106.2,860911,EQ,8594.0,100.18,376726.0
2022-04-12,106.1,106.1,102.6,103.55,1543273,EQ,10817.0,142.67,873429.0
2022-04-13,103.9,105.4,103.7,104.55,738395,EQ,5104.0,144.67,265115.0
2022-04-18,104.8,104.8,102.1,102.45,598170,EQ,4321.0,138.43,210101.0
2022-04-19,103.0,104.95,98.25,99.3,1528228,EQ,18687.0,81.78,596162.0
2022-04-20,99.8,100.95,99.15,100.0,789484,EQ,6426.0,122.86,244045.0
2022-04-21,101.2,103.75,100.25,103.1,943059,EQ,8994.0,104.85,291937.0
2022-04-22,102.75,102.75,100.6,101.3,829651,EQ,4366.0,190.03,397863.0
2022-04-25,100.1,101.6,99.15,101.0,987779,EQ,6837.0,144.48,405349.0
2022-04-26,101.55,105.4,101.5,104.85,1676901,EQ,12798.0,131.03,716413.0
2022-04-27,104.6,106.25,103.05,104.1,2558395,EQ,34470.0,74.22,959473.0
2022-04-28,104.85,105.25,103.5,104.9,1433955,EQ,10399.0,137.89,682416.0
2022-04-29,105.0,106.25,102.2,102.8,1000520,EQ,7093.0,141.06,306520.0
2022-05-02,102.8,102.8,99.85,100.55,651115,EQ,5281.0,123.29,207358.0
2022-05-04,101.25,102.4,98.55,99.1,1376463,EQ,18119.0,75.97,516442.0
2022-05-05,100.1,101.05,97.05,97.6,1124661,EQ,9900.0,113.6,493562.0
2022-05-06,96.0,96.75,93.8,94.4,995089,EQ,6888.0,144.47,265280.0
2022-05-09,94.4,94.65,92.5,93.2,526730,EQ,7789.0,67.62,140119.0
2022-05-10,93.1,94.1,90.6,91.15,659939,EQ,6758.0,97.65,247383.0
2022-05-12,91.4,91.4,88.15,89.5,1386841,EQ,9575.0,144.84,723885.0
2022-05-13,90.4,92.5,88.9,89.25,693923,EQ,5874.0,118.13,159096.0
2022-05-16,89.25,92.2,88.8,91.6,1311838,EQ,12004.0,109.28,498184.0
2022-05-17,92.6,94.55,91.2,94.35,1012063,EQ,10959.0,92.35,468629.0
2022-05-18,93.9,95.0,92.65,93.65,3207372,EQ,11181.0,286.86,2609690.0
2022-05-19,90.8,94.3,90.25,93.7,1125410,EQ,8480.0,132.71,397725.0
2022-05-20,94.85,94.85,92.95,93.8,586582,EQ,6181.0,94.9,220399.0
2022-05-23,94.7,96.15,93.7,94.7,698443,EQ,5774.0,120.96,266271.0
2022-05-24,94.35,95.2,93.2,94.4,620466,EQ,3984.0,155.74,200641.0
2022-05-25,94.9,95.3,92.8,94.65,1182831,EQ,11641.0,101.61,557940.0
2022-05-26,94.9,95.75,91.25,94.9,1125933,EQ,8371.0,134.5,419441.0
2022-05-27,95.75,97.0,94.3,94.95,934582,EQ,9158.0,102.05,113985.0
2022-05-30,99.4,104.45,94.2,103.95,10972377,EQ,65024.0,168.74,3167749.0
2022-05-31,102.75,106.1,102.0,105.1,3522486,EQ,21673.0,162.53,1246336.0
2022-06-01,105.1,107.75,104.3,106.7,2126959,EQ,13596.0,156.44,752234.0
2022-06-02,106.7,109.9,105.45,106.6,5437303,EQ,34938.0,155.63,1057655.0
2022-06-03,107.75,108.35,107.0,107.4,2269699,EQ,37980.0,59.76,996737.0
2022-06-06,107.2,108.3,104.6,105.05,2206938,EQ,24741.0,89.2,699273.0
2022-06-07,104.3,105.8,103.1,105.55,1250695,EQ,9193.0,136.05,371598.0
2022-06-08,105.75,106.5,101.25,104.0,3886406,EQ,11726.0,331.43,2976395.0
2022-06-09,103.1,105.3,102.4,104.9,2426374,EQ,10821.0,224.23,1713798.0
2022-06-10,103.25,104.15,101.5,102.7,1490494,EQ,11471.0,129.94,510929.0
2022-06-13,101.25,101.5,99.0,100.2,1236920,EQ,9764.0,126.68,412837.0
2022-06-14,98.95,101.9,98.95,100.45,1395242,EQ,13877.0,100.54,740614.0
2022-06-15,100.6,101.5,99.3,100.6,1144158,EQ,13988.0,81.8,468649.0
2022-06-16,100.9,102.1,97.15,97.8,1936838,EQ,23507.0,82.39,918751.0
2022-06-17,97.45,98.5,96.1,96.4,1911001,EQ,14915.0,128.13,975249.0
2022-06-20,95.3,96.45,92.15,93.1,2511544,EQ,16180.0,155.23,1305783.0
2022-06-21,93.1,94.45,93.0,93.5,1431397,EQ,13307.0,107.57,795445.0
2022-06-22,93.75,93.75,90.5,91.1,2267780,EQ,38408.0,59.04,909316.0
2022-06-23,91.8,93.35,90.75,92.9,1798846,EQ,30100.0,59.76,697564.0
2022-06-24,94.3,95.8,92.6,95.5,4233796,EQ,19898.0,212.77,3010405.0
2022-06-27,96.75,103.45,96.5,102.95,10650113,EQ,52789.0,201.75,1958517.0
2022-06-28,102.55,104.0,102.0,102.75,3799379,EQ,33831.0,112.3,903272.0
2022-06-29,102.4,103.55,100.9,102.7,2911436,EQ,21276.0,136.84,1103574.0
2022-06-30,102.2,103.25,99.15,99.8,1587319,EQ,13809.0,114.95,540382.0
2022-07-01,99.75,102.75,98.2,101.6,1461281,EQ,11309.0,129.21,437955.0
2022-07-04,101.35,105.05,100.45,103.75,2455089,EQ,15473.0,158.67,725864.0
2022-07-05,104.4,107.55,104.25,105.3,5516713,EQ,33613.0,164.12,2847576.0
2022-07-06,105.3,106.4,103.6,106.0,2649574,EQ,26801.0,98.86,1522975.0
2022-07-07,106.8,109.35,106.3,108.7,2380678,EQ,16976.0,140.24,943626.0
2022-07-08,109.9,110.1,107.4,108.65,1091294,EQ,13152.0,82.98,351033.0
2022-07-11,108.1,112.5,107.7,111.8,3627676,EQ,20205.0,179.54,2082761.0
2022-07-12,111.7,113.2,110.85,111.3,4095676,EQ,40855.0,100.25,1808632.0
2022-07-13,112.4,113.7,110.6,113.0,2392634,EQ,26094.0,91.69,689450.0
2022-07-14,113.25,113.75,110.7,112.7,3295411,EQ,12321.0,267.46,2110041.0
2022-07-15,113.5,114.15,112.85,113.65,1219432,EQ,10965.0,111.21,438851.0
2022-07-18,114.4,115.9,113.35,115.6,1629888,EQ,22603.0,72.11,745898.0
2022-07-19,115.35,119.6,114.75,118.5,2168823,EQ,11494.0,188.69,785122.0
2022-07-20,120.0,120.65,117.1,118.3,2284544,EQ,13065.0,174.86,828940.0
2022-07-21,118.8,121.6,117.7,120.1,4981989,EQ,21681.0,229.79,2940796.0
2022-07-22,120.7,123.75,119.95,123.05,3500749,EQ,22710.0,154.15,1845596.0
2022-07-25,121.7,123.4,119.55,121.15,2632344,EQ,13519.0,194.71,1425063.0
2022-07-26,120.2,122.2,119.95,121.65,3828253,EQ,30947.0,123.7,2118199.0
2022-07-27,121.4,122.7,120.2,121.4,2589784,EQ,13854.0,186.93,1445840.0
2022-07-28,121.4,122.3,120.45,120.85,1402878,EQ,8806.0,159.31,465587.0
2022-07-29,120.95,122.15,119.3,120.65,1149715,EQ,11689.0,98.36,583125.0
2022-08-01,120.75,121.45,119.3,120.8,900415,EQ,8293.0,108.58,344678.0
2022-08-02,120.4,123.45,120.4,122.45,1283137,EQ,10267.0,124.98,496778.0
2022-08-03,122.45,122.9,120.25,121.9,903287,EQ,4655.0,194.05,380302.0
2022-08-04,122.6,124.7,118.4,119.9,2413288,EQ,11770.0,205.04,818496.0
2022-08-05,119.3,122.3,119.3,120.8,745927,EQ,8620.0,86.53,210185.0
2022-08-08,121.65,122.6,119.3,122.1,1053581,EQ,,,
2022-08-10,123.6,133.45,123.0,132.5,16531585,EQ,121146.0,136.46,5992485.0
2022-08-11,133.6,133.6,130.4,131.35,5189779,EQ,26147.0,198.48,3157587.0
2022-08-12,131.3,133.5,129.8,132.75,4356850,EQ,26859.0,162.21,2907171.0
2022-08-16,135.0,135.0,132.75,133.7,3279017,EQ,16333.0,200.76,2254326.0
2022-08-17,133.75,135.0,132.8,133.3,4050015,EQ,39465.0,102.62,2643748.0
2022-08-18,133.3,135.35,131.75,134.15,3212799,EQ,14905.0,215.55,2105619.0
2022-08-19,134.1,139.3,131.2,131.9,8542022,EQ,42214.0,202.35,4238761.0
2022-08-22,131.25,131.55,126.95,128.8,2189947,EQ,20648.0,106.06,846322.0
2022-08-23,128.4,135.55,126.1,134.2,3819325,EQ,27791.0,137.43,1255072.0
2022-08-24,133.9,134.8,132.5,133.5,2959469,EQ,11672.0,253.55,1811123.0
2022-08-25,134.3,142.7,134.3,142.1,7579118,EQ,35624.0,212.75,3158804.0
2022-08-26,142.9,143.95,139.7,141.0,7139801,EQ,41986.0,170.05,3234708.0
2022-08-29,133.5,135.5,130.5,134.35,6783911,EQ,41610.0,163.04,3080517.0
2022-08-30,135.75,137.75,133.2,134.95,5576635,EQ,21355.0,261.14,3293591.0
2022-09-01,134.25,136.25,133.9,135.8,3482284,EQ,19942.0,174.62,2209881.0
2022-09-02,136.5,138.2,134.0,135.1,1638529,EQ,10244.0,159.95,593008.0
2022-09-05,135.1,136.25,127.5,134.0,1344423,EQ,9150.0,146.93,409318.0
2022-09-06,134.25,135.45,131.25,132.4,1608451,EQ,14217.0,113.14,660485.0
2022-09-07,131.2,132.4,128.35,128.9,1909096,EQ,18424.0,103.62,952628.0
2022-09-08,130.15,134.55,129.9,134.0,3123135,EQ,32526.0,96.02,1148354.0
2022-09-09,134.9,135.6,133.1,133.9,1720117,EQ,15429.0,111.49,752201.0
2022-09-12,134.8,138.75,134.25,137.65,2076596,EQ,14020.0,148.12,1184281.0
2022-09-13,138.0,139.95,135.4,136.25,2431551,EQ,21858.0,111.24,1385867.0
2022-09-14,134.55,141.4,134.25,138.95,2556013,EQ,18644.0,137.1,958917.0
2022-09-15,140.05,141.35,136.6,137.05,2199444,EQ,35181.0,62.52,1087410.0
2022-09-16,137.2,139.9,132.6,133.7,2365120,EQ,19771.0,119.63,876239.0
2022-09-19,133.7,136.6,131.95,135.1,2253157,EQ,12718.0,177.16,926485.0
2022-09-20,136.25,140.25,136.1,138.35,3333222,EQ,18850.0,176.83,1547679.0
2022-09-21,138.0,145.75,137.5,139.75,9773327,EQ,62025.0,157.57,2927860.0
2022-09-22,138.75,139.9,132.7,134.9,4734389,EQ,27505.0,172.13,918182.0
2022-09-23,135.5,135.75,130.8,132.1,3821741,EQ,20095.0,190.18,1865165.0
2022-09-26,131.2,132.6,128.75,130.05,2938525,EQ,28242.0,104.05,1366846.0
2022-09-27,131.05,132.4,127.1,128.6,4857726,EQ,23556.0,206.22,3245827.0
2022-09-28,128.25,129.35,127.25,128.45,3199481,EQ,14390.0,222.34,1723465.0
2022-09-29,129.8,131.15,126.05,128.8,4518964,EQ,16079.0,281.05,2623415.0
2022-09-30,129.0,132.35,127.1,130.6,1850818,EQ,14113.0,131.14,674107.0
2022-10-03,130.05,131.1,124.1,126.75,1158193,EQ,11325.0,102.27,396733.0
2022-10-04,129.35,131.2,128.2,129.7,3109874,EQ,14495.0,214.55,1681729.0
2022-10-06,130.35,131.4,128.25,128.55,2731841,EQ,18033.0,151.49,1392846.0
2022-10-07,128.25,135.0,128.0,134.25,6075115,EQ,39166.0,155.11,2544199.0
2022-10-10,133.75,135.0,131.25,134.25,3421704,EQ,25348.0,134.99,1213575.0
2022-10-11,134.25,136.5,131.3,132.5,2334395,EQ,21858.0,106.8,692435.0
2022-10-12,133.5,139.5,133.5,138.85,7047192,EQ,41193.0,171.08,2321493.0
2022-10-13,139.3,139.4,134.7,136.5,2624508,EQ,19849.0,132.22,619866.0
2022-10-14,139.8,141.35,137.05,138.05,3828072,EQ,42121.0,90.88,901860.0
2022-10-17,138.6,146.25,138.0,144.8,7123465,EQ,44946.0,158.49,1894265.0
2022-10-18,146.0,146.5,143.3,145.0,4361335,EQ,30102.0,144.89,1201017.0
2022-10-19,145.0,147.45,143.9,144.9,2957849,EQ,22465.0,131.66,994182.0
2022-10-20,144.75,144.95,139.8,140.3,3336342,EQ,27877.0,119.68,1574578.0
2022-10-21,141.05,143.3,138.75,139.1,2443155,EQ,19010.0,128.52,632090.0
2022-10-24,142.2,142.9,139.45,140.3,326119,EQ,4430.0,73.62,141370.0
2022-10-25,140.25,141.7,138.75,140.05,1850454,EQ,28512.0,64.9,836584.0
2022-10-27,140.9,143.9,139.5,141.35,3553111,EQ,19669.0,180.65,1597167.0
2022-10-28,141.15,143.5,139.05,140.8,1231013,EQ,10125.0,121.58,364521.0
2022-10-31,142.25,142.35,138.0,139.5,1924954,EQ,30625.0,62.86,770767.0
2022-11-01,140.0,143.35,139.0,139.3,2234105,EQ,18362.0,121.67,716216.0
2022-11-02,140.0,142.2,139.1,139.75,1666122,EQ,17938.0,92.88,598162.0
2022-11-03,139.75,142.5,139.1,140.8,3183955,EQ,36671.0,86.82,1549308.0
2022-11-04,141.15,144.4,140.45,142.55,4966475,EQ,36201.0,137.19,2368077.0
2022-11-07,144.0,149.45,143.25,147.2,10138415,EQ,80225.0,126.37,2297994.0
2022-11-09,148.85,149.95,143.65,145.0,6111860,EQ,38450.0,158.96,1920602.0
2022-11-10,145.0,147.4,141.05,144.5,3871392,EQ,31008.0,124.85,1219898.0
2022-11-11,145.65,147.4,141.5,142.3,3881754,EQ,31890.0,121.72,1832664.0
2022-11-14,141.1,143.8,137.45,138.45,5054829,EQ,28735.0,175.91,2721780.0
2022-11-15,139.05,143.35,137.85,142.55,4659728,EQ,28735.0,162.16,2721780.0
2022-11-16,142.6,144.4,140.7,142.15,2460384,EQ,24190.0,101.71,842664.0
2022-11-17,142.3,142.3,139.3,140.7,1611500,EQ,16344.0,98.6,617007.0
2022-11-18,140.65,141.7,134.8,137.0,3161659,EQ,23293.0,135.73,1042247.0
2022-11-21,136.8,138.4,134.25,137.65,2214856,EQ,21840.0,101.41,908392.0
2022-11-22,138.4,139.25,136.4,138.35,1709198,EQ,12502.0,136.71,647903.0
2022-11-23,139.1,140.6,138.1,138.7,1769202,EQ,10211.0,173.26,719816.0
2022-11-24,139.4,140.8,136.45,138.15,2173414,EQ,12095.0,179.7,1094476.0
2022-11-25,139.05,140.85,138.4,139.9,1515546,EQ,13152.0,115.23,464274.0
2022-11-28,140.05,143.0,139.9,142.45,2290313,EQ,9451.0,242.34,1393803.0
2022-11-29,143.3,143.65,139.8,140.05,1240479,EQ,11046.0,112.3,392781.0
2022-11-30,140.8,142.6,138.8,141.6,3539834,EQ,16677.0,212.26,2472070.0
2022-12-01,142.3,146.6,141.6,142.1,6254194,EQ,34341.0,182.12,3038207.0
2022-12-02,142.9,144.75,142.45,143.75,3569588,EQ,18860.0,189.27,2048659.0
2022-12-05,144.0,149.55,143.45,146.75,6629358,EQ,46227.0,143.41,2143517.0
2022-12-06,147.35,148.2,144.9,145.95,2473508,EQ,21405.0,115.56,804584.0
2022-12-07,146.9,147.65,142.8,143.7,3416465,EQ,26949.0,126.78,1553724.0
2022-12-08,144.7,147.85,144.0,147.1,2298730,EQ,21090.0,109.0,763732.0
2022-12-09,147.5,148.1,142.3,144.1,1702231,EQ,16477.0,103.31,535249.0
2022-12-12,144.7,146.2,142.25,145.8,1391170,EQ,15565.0,89.38,486500.0
2022-12-13,145.55,150.4,145.55,146.85,4828983,EQ,41048.0,117.64,1298645.0
2022-12-14,148.0,152.8,147.0,152.3,8146578,EQ,49174.0,165.67,2706425.0
2022-12-15,152.9,153.75,147.4,148.2,5394259,EQ,49699.0,108.54,1734333.0
2022-12-16,146.6,148.75,142.15,142.65,3732999,EQ,35239.0,105.93,982952.0
2022-12-19,143.7,145.9,140.8,144.8,3498770,EQ,22880.0,152.92,1410130.0
2022-12-20,144.8,145.45,139.6,141.6,2243367,EQ,24130.0,92.97,697719.0
2022-12-21,136.0,136.65,129.0,132.95,23969206,EQ,126748.0,189.11,7027495.0
2022-12-22,134.25,135.85,131.45,132.25,3802897,EQ,33242.0,114.4,1019711.0
2022-12-23,130.75,131.25,123.75,124.15,5259317,EQ,39062.0,134.64,1267535.0
2022-12-26,123.75,133.0,111.75,131.95,6746754,EQ,42146.0,160.08,1482625.0
2022-12-27,134.05,134.05,130.7,133.1,2294299,EQ,15222.0,150.72,335797.0
2022-12-28,133.5,133.9,130.6,131.25,1831043,EQ,21108.0,86.75,586629.0
2022-12-29,130.2,135.0,127.5,133.65,2635501,EQ,15656.0,168.34,738623.0
2022-12-30,134.6,136.5,133.05,135.3,2787207,EQ,16070.0,173.44,719829.0
2023-01-02,135.4,136.8,133.1,133.7,1840216,EQ,16807.0,109.49,571414.0
2023-01-03,133.9,135.7,133.1,134.2,1749309,EQ,10079.0,173.56,366852.0
2023-01-04,134.2,135.0,131.35,134.0,2148254,EQ,15327.0,140.16,668414.0
2023-01-05,134.6,134.9,131.9,133.4,1574435,EQ,24616.0,63.96,771429.0
2023-01-06,134.0,134.4,130.1,131.55,1685832,EQ,20218.0,83.38,658903.0
2023-01-09,132.25,133.65,128.25,128.6,3727839,EQ,21546.0,173.02,2009147.0
2023-01-10,129.1,129.55,123.45,124.25,3228354,EQ,36087.0,89.46,1328493.0
2023-01-11,124.9,125.6,122.9,124.65,3501079,EQ,43952.0,79.66,1877285.0
2023-01-12,125.3,126.0,123.0,124.25,2195788,EQ,42041.0,52.23,1153737.0
2023-01-13,124.85,125.15,123.1,123.8,3244111,EQ,24214.0,133.98,1712805.0
2023-01-16,124.55,125.65,122.8,124.0,3815362,EQ,25404.0,150.19,1293168.0
2023-01-17,124.5,124.5,119.25,120.35,4666342,EQ,44116.0,105.77,2729669.0
2023-01-18,120.4,120.65,117.9,119.75,5163812,EQ,27136.0,190.29,3326018.0
2023-01-19,119.7,121.0,118.65,119.6,2040868,EQ,28707.0,71.09,1145469.0
2023-01-20,120.15,120.85,118.95,119.8,2032491,EQ,18385.0,110.55,1221061.0
2023-01-23,120.2,120.25,117.85,118.8,1725353,EQ,16434.0,104.99,883789.0
2023-01-24,119.4,119.55,116.05,116.6,1879753,EQ,18767.0,100.16,974779.0
2023-01-25,116.2,116.25,113.6,114.4,3054483,EQ,33955.0,89.96,2029202.0
2023-01-27,111.8,115.4,111.8,113.65,2425844,EQ,23600.0,102.79,1001681.0
2023-01-30,113.2,115.0,111.4,114.2,1948211,EQ,13528.0,144.01,606324.0
2023-01-31,114.8,119.6,113.9,118.95,2885522,EQ,23011.0,125.4,1486017.0
2023-02-01,119.9,120.4,114.2,115.95,1716303,EQ,19905.0,86.22,780550.0
2023-02-02,116.2,119.85,115.1,117.35,2024539,EQ,19395.0,104.38,721777.0
2023-02-03,117.95,119.4,116.3,118.25,964594,EQ,9287.0,103.86,386477.0
2023-02-06,118.25,120.5,117.55,118.75,2256069,EQ,19459.0,115.94,1009743.0
2023-02-07,119.2,120.15,117.65,119.5,1937832,EQ,17219.0,112.54,903100.0
2023-02-08,119.55,120.25,116.35,119.85,2375564,EQ,15814.0,150.22,846750.0
2023-02-09,119.6,120.4,117.3,117.95,1779573,EQ,11577.0,153.72,909063.0
2023-02-10,117.4,121.4,117.4,120.05,2905255,EQ,19522.0,148.82,494586.0
2023-02-13,117.75,117.75,99.8,101.2,27708041,EQ,146494.0,189.14,6630974.0
2023-02-14,101.25,106.0,99.2,103.6,20372667,EQ,104034.0,195.83,5115315.0
2023-02-15,103.5,105.0,101.4,103.4,7290156,EQ,49441.0,147.45,2829684.0
2023-02-16,104.25,106.6,103.5,105.9,5417507,EQ,37155.0,145.81,2382006.0
2023-02-17,104.45,107.7,102.9,104.0,6433191,EQ,28053.0,229.32,2920082.0
2023-02-20,104.5,104.75,102.75,103.15,1887850,EQ,16052.0,117.61,550033.0
2023-02-21,103.5,104.15,101.05,101.3,2468447,EQ,24832.0,99.41,889019.0
2023-02-22,100.5,101.6,98.7,99.2,4104191,EQ,23944.0,171.41,2504703.0
2023-02-23,99.75,99.9,96.75,99.4,6129857,EQ,51267.0,119.57,2739704.0
2023-02-24,99.8,101.25,98.75,100.95,3037415,EQ,31842.0,95.39,1201239.0
2023-02-27,101.25,102.3,100.2,101.25,4174557,EQ,28747.0,145.22,2514343.0
2023-02-28,101.6,104.35,101.4,103.85,3400716,EQ,23614.0,144.01,1974900.0
2023-03-01,103.85,106.35,103.85,106.0,3033796,EQ,21303.0,142.41,1451396.0
2023-03-02,105.45,106.9,105.45,105.8,969787,EQ,12873.0,75.33,408978.0
2023-03-03,105.8,107.6,105.75,106.65,1410009,EQ,14507.0,97.2,512509.0
2023-03-06,107.25,107.6,106.25,106.75,1266794,EQ,13959.0,90.75,671603.0
2023-03-08,106.9,107.25,104.6,106.15,4332197,EQ,16826.0,257.47,2765151.0
2023-03-09,106.7,107.2,104.8,105.2,2967680,EQ,13288.0,223.34,2057854.0
2023-03-10,104.95,104.95,102.8,103.55,5872986,EQ,16431.0,357.43,4845085.0
2023-03-13,103.8,103.8,100.3,100.75,6405118,EQ,38154.0,167.88,3978273.0
2023-03-14,100.3,102.9,99.2,100.7,4696511,EQ,37518.0,125.18,2356816.0
2023-03-15,102.1,102.75,98.9,99.35,4238019,EQ,13291.0,318.86,3017547.0
2023-03-16,99.8,99.8,95.8,97.6,6886975,EQ,40360.0,170.64,3876438.0
2023-03-17,98.3,99.4,96.75,97.7,2072847,EQ,19269.0,107.57,809550.0
2023-03-20,96.9,98.85,94.85,95.35,2447767,EQ,16558.0,147.83,1319323.0
2023-03-21,96.0,96.8,95.25,96.25,2546307,EQ,16218.0,157.0,1130046.0
2023-03-22,96.75,97.85,95.9,96.95,985198,EQ,9613.0,102.49,246385.0
2023-03-23,97.1,97.1,95.55,95.85,983307,EQ,6968.0,141.12,289303.0
2023-03-24,95.95,96.25,93.25,93.7,2879478,EQ,14654.0,196.5,1490436.0
2023-03-27,94.15,94.9,91.35,93.15,2404279,EQ,23851.0,100.8,830275.0
2023-03-28,93.6,93.7,90.3,90.7,3012417,EQ,12309.0,244.73,2007826.0
2023-03-29,90.9,92.3,90.25,91.9,3876153,EQ,16556.0,234.12,2670867.0
2023-03-31,92.35,95.9,92.3,94.4,3220329,EQ,21081.0,152.76,1557571.0
2023-04-03,95.25,96.4,94.55,96.15,763082,EQ,5931.0,128.66,230257.0
2023-04-05,95.3,96.4,92.95,93.75,6569972,EQ,17003.0,386.4,4901196.0
2023-04-06,94.25,94.8,93.2,93.7,3189122,EQ,15756.0,202.41,1719670.0
2023-04-10,94.75,95.25,93.4,94.25,3023520,EQ,15723.0,192.3,2033936.0
2023-04-11,94.9,95.65,93.4,93.7,2896783,EQ,18888.0,153.37,1920957.0
2023-04-12,94.05,94.3,92.8,93.1,2200450,EQ,22399.0,98.24,1345500.0
2023-04-13,94.5,95.85,93.15,94.5,4451734,EQ,30198.0,147.42,2093276.0
2023-04-17,94.9,97.65,94.6,97.45,4722246,EQ,56465.0,83.63,1850599.0
2023-04-18,98.05,98.6,96.6,97.45,4077822,EQ,40613.0,100.41,1405773.0
2023-04-19,97.8,98.0,96.1,96.5,2634657,EQ,25152.0,104.75,1146384.0
2023-04-20,96.75,100.45,96.05,99.9,6126145,EQ,33628.0,182.17,2017893.0
2023-04-21,100.2,100.2,96.55,97.9,5106012,EQ,28122.0,181.57,2038057.0
2023-04-24,98.5,101.4,97.3,100.85,4393553,EQ,25446.0,172.66,1667006.0
2023-04-25,100.6,101.6,99.1,99.95,4176960,EQ,21854.0,191.13,1359677.0
2023-04-26,99.95,100.9,98.0,99.9,3009548,EQ,17265.0,174.31,744671.0
2023-04-27,108.0,109.5,103.35,104.75,29263151,EQ,91678.0,319.19,8207086.0
2023-04-28,105.1,106.5,104.25,106.25,5961127,EQ,26169.0,227.79,3307674.0
2023-05-02,106.9,107.45,105.6,107.1,4065158,EQ,19424.0,209.29,2287319.0
2023-05-03,106.9,108.2,106.05,106.85,6947083,EQ,24225.0,286.77,1177747.0
2023-05-04,106.9,107.5,106.0,106.7,831405,EQ,5989.0,138.82,315120.0
2023-05-05,106.7,107.55,101.85,102.1,4011294,EQ,21272.0,188.57,1476282.0
2023-05-08,103.05,103.65,99.95,103.1,2694035,EQ,17721.0,152.02,843242.0
2023-05-09,103.75,105.75,102.4,104.1,3354119,EQ,15070.0,222.57,1392797.0
2023-05-10,104.9,104.9,102.35,103.45,2245242,EQ,14956.0,150.12,869449.0
2023-05-11,104.0,105.1,103.2,104.2,1267586,EQ,12631.0,100.36,495111.0
2023-05-12,104.35,104.6,102.9,103.65,1171422,EQ,10649.0,110.0,522016.0
2023-05-15,103.75,106.6,102.2,106.0,2038111,EQ,11776.0,173.07,760628.0
2023-05-16,105.75,105.75,103.7,104.0,3509665,EQ,16082.0,218.24,1043963.0
2023-05-17,104.25,105.95,103.9,105.45,2680806,EQ,14575.0,183.93,1032153.0
2023-05-18,105.75,107.0,104.05,104.3,3011836,EQ,14282.0,210.88,1392514.0
2023-05-19,104.3,105.9,103.55,105.35,1896784,EQ,9329.0,203.32,550155.0
2023-05-22,105.5,105.85,103.55,105.5,2338113,EQ,11161.0,209.49,567066.0
2023-05-23,105.65,106.75,104.6,106.05,1899874,EQ,14960.0,127.0,777264.0
2023-05-24,105.7,105.9,104.75,105.0,1104587,EQ,6851.0,161.23,488623.0
2023-05-25,105.0,105.0,102.1,103.1,1985045,EQ,15517.0,127.93,852154.0
2023-05-26,103.85,105.4,103.1,104.55,2157130,EQ,12019.0,179.48,1005914.0
2023-05-29,100.9,100.9,94.0,94.25,23948387,EQ,105053.0,227.96,11573837.0
2023-05-30,95.25,95.5,93.35,93.6,7264152,EQ,31743.0,228.84,3339672.0
2023-05-31,94.15,94.35,93.4,93.85,2385148,EQ,30091.0,79.26,1281486.0
2023-06-01,93.4,93.75,91.7,92.6,15647347,EQ,38065.0,411.07,10906496.0
2023-06-02,93.35,93.8,92.35,92.6,5699009,EQ,40972.0,139.1,3179164.0
2023-06-05,92.95,94.65,92.85,94.0,5637309,EQ,47598.0,118.44,3200241.0
2023-06-06,94.0,94.85,93.4,94.0,2378880,EQ,22421.0,106.1,1287105.0
2023-06-07,94.45,94.7,93.6,94.3,2760684,EQ,19391.0,142.37,1435175.0
2023-06-08,94.3,95.15,93.8,94.1,2835601,EQ,21159.0,134.01,1344494.0
2023-06-09,94.15,95.05,93.25,93.4,2927877,EQ,16345.0,179.13,1623195.0
2023-06-12,94.0,94.0,93.0,93.35,1449698,EQ,13562.0,106.89,679732.0
2023-06-13,93.95,93.95,93.15,93.3,1825350,EQ,10377.0,175.9,1094775.0
2023-06-14,93.8,94.25,93.1,93.75,2619390,EQ,25811.0,101.48,1604117.0
2023-06-15,93.85,94.4,92.9,93.1,1932231,EQ,13193.0,146.46,1105141.0
2023-06-16,93.2,94.3,92.9,93.5,1980587,EQ,13662.0,144.97,1040772.0
2023-06-19,94.05,94.1,92.7,93.25,2935717,EQ,14412.0,203.7,1474580.0
2023-06-20,93.3,93.7,92.8,93.4,1988950,EQ,15396.0,129.19,936684.0
2023-06-21,93.7,94.15,93.0,93.75,2976275,EQ,17143.0,173.61,1688172.0
2023-06-22,93.8,94.4,92.4,92.95,2534039,EQ,11527.0,219.84,1178631.0
2023-06-23,93.2,93.2,89.6,89.95,5279965,EQ,38590.0,136.82,2811397.0
2023-06-26,90.75,92.05,89.75,91.6,4828475,EQ,15585.0,309.82,2730913.0
2023-06-27,92.4,93.7,91.7,93.5,3351532,EQ,17185.0,195.03,1556912.0
2023-06-28,93.75,94.25,91.95,92.5,3867582,EQ,39438.0,98.07,2262791.0
2023-06-30,92.6,95.85,92.3,95.5,11231891,EQ,30257.0,371.22,7088247.0
2023-07-03,96.15,96.6,94.5,95.8,7200049,EQ,32040.0,224.72,3205358.0
2023-07-04,96.55,96.95,94.5,95.7,5144607,EQ,26155.0,196.7,2029738.0
2023-07-05,95.6,97.9,94.95,97.45,6147640,EQ,25764.0,238.61,2809308.0
2023-07-06,97.45,99.2,97.0,98.4,4701730,EQ,24074.0,195.3,2120957.0
2023-07-07,98.65,99.4,96.8,98.0,3940306,EQ,17795.0,221.43,1347144.0
2023-07-10,98.6,98.6,95.55,96.4,4324964,EQ,22052.0,196.13,2469317.0
2023-07-11,96.7,97.5,96.4,96.7,1818676,EQ,18488.0,98.37,852150.0
2023-07-12,97.1,97.5,96.1,96.5,1898077,EQ,15523.0,122.28,909484.0
2023-07-13,96.5,97.45,94.6,94.7,2589321,EQ,20703.0,125.07,1176048.0
2023-07-14,95.55,96.7,94.95,95.85,2292169,EQ,12798.0,179.1,1161952.0
2023-07-17,96.5,98.7,95.8,98.35,3771312,EQ,19027.0,198.21,1510716.0
2023-07-18,98.95,99.0,96.9,97.45,2598841,EQ,15550.0,167.13,1004120.0
2023-07-19,97.85,98.4,97.2,97.35,1249428,EQ,8734.0,143.05,522714.0
2023-07-20,97.75,98.0,96.9,97.35,1569425,EQ,10353.0,151.59,666990.0
2023-07-21,96.9,100.25,96.8,98.5,7843686,EQ,30994.0,253.07,3407161.0
2023-07-24,98.25,99.3,97.5,97.8,4056759,EQ,18584.0,218.29,2098702.0
2023-07-25,98.3,98.75,97.05,97.25,2710803,EQ,14910.0,181.81,1557878.0
2023-07-26,97.7,99.7,97.4,98.9,4174151,EQ,20286.0,205.77,1905504.0
2023-07-27,99.5,101.7,98.7,100.65,7988304,EQ,42156.0,189.49,3570261.0
2023-07-28,101.75,101.75,100.1,100.5,2107106,EQ,13172.0,159.97,911437.0
2023-07-31,100.85,101.0,99.7,99.9,2421031,EQ,13187.0,183.59,1349301.0
2023-08-01,100.5,101.95,100.15,101.0,2352779,EQ,11383.0,206.69,866552.0
2023-08-02,100.95,100.95,97.1,98.2,3327559,EQ,17924.0,185.65,1464126.0
2023-08-03,98.45,98.75,97.25,98.2,1548034,EQ,11990.0,129.11,609150.0
2023-08-04,98.95,100.25,98.55,99.55,3236137,EQ,13174.0,245.65,1715712.0
2023-08-07,99.8,100.5,98.85,100.1,1886913,EQ,10739.0,175.71,1015608.0
2023-08-08,100.5,101.45,99.4,100.0,2568623,EQ,13901.0,184.78,1045290.0
2023-08-09,99.9,100.45,99.4,100.25,1068946,EQ,7702.0,138.79,455538.0
2023-08-10,100.5,100.9,99.0,99.5,1432872,EQ,8494.0,168.69,596648.0
2023-08-11,99.2,99.35,96.2,96.8,3756983,EQ,17719.0,212.03,2073715.0
2023-08-14,94.5,94.5,90.4,91.1,15633076,EQ,79774.0,195.97,6584712.0
2023-08-16,91.1,92.25,90.15,91.7,3673945,EQ,18761.0,195.83,1547380.0
2023-08-17,92.3,92.9,91.6,91.95,2419438,EQ,15416.0,156.94,1246585.0
2023-08-18,92.2,92.45,90.8,91.4,2802190,EQ,15331.0,182.78,1571784.0
2023-08-21,91.5,92.0,90.8,91.75,3351437,EQ,15155.0,221.14,2051702.0
2023-08-22,91.9,94.1,91.6,92.95,4792713,EQ,19425.0,246.73,2635746.0
2023-08-23,93.45,95.2,92.55,94.7,5818940,EQ,26266.0,221.54,3264641.0
2023-08-24,95.9,95.9,93.4,93.55,4141010,EQ,18475.0,224.14,1947212.0
2023-08-25,93.3,93.75,92.05,92.85,2815788,EQ,16138.0,174.48,1240895.0
2023-08-28,93.7,93.9,92.75,93.5,4351128,EQ,12589.0,345.63,2700860.0
2023-08-29,93.7,94.1,93.4,93.65,1965729,EQ,9042.0,217.4,1171162.0
2023-08-30,93.75,94.15,93.4,93.6,2755635,EQ,17937.0,153.63,1620945.0
2023-08-31,93.75,94.0,90.05,92.55,3058074,EQ,42743.0,71.55,1621758.0
2023-09-01,92.55,94.45,92.55,94.2,4401592,EQ,24436.0,180.13,3154504.0
2023-09-04,94.9,96.05,94.5,95.6,3974033,EQ,32621.0,121.82,2327348.0
2023-09-05,95.95,97.1,95.6,96.85,3790118,EQ,30916.0,122.59,2383234.0
2023-09-06,97.15,97.45,96.3,96.7,2772836,EQ,28895.0,95.96,1720282.0
2023-09-07,96.7,99.5,96.4,98.95,7776360,EQ,37891.0,205.23,3231440.0
2023-09-08,99.75,100.9,99.2,99.4,5656884,EQ,47467.0,119.18,2080391.0
2023-09-11,100.1,103.4,99.8,101.7,10261318,EQ,63999.0,160.34,4717884.0
2023-09-12,102.3,102.4,97.35,97.7,5640792,EQ,47286.0,119.29,2672060.0
2023-09-13,98.35,99.6,96.85,99.35,3466756,EQ,33945.0,102.13,1336150.0
2023-09-14,99.9,100.55,98.6,98.95,3028842,EQ,37477.0,80.82,1405383.0
2023-09-15,99.2,100.1,99.05,99.4,3685050,EQ,30359.0,121.38,964858.0
2023-09-18,99.5,100.95,99.1,99.8,3886695,EQ,36622.0,106.13,1668850.0
2023-09-20,99.0,100.05,97.7,98.2,3105163,EQ,35597.0,87.23,1320659.0
2023-09-21,98.0,99.1,96.55,96.95,3215060,EQ,36598.0,87.85,1284941.0
2023-09-22,97.5,98.9,97.0,97.25,2298340,EQ,30827.0,74.56,974818.0
2023-09-25,97.5,97.8,96.15,97.05,2581546,EQ,19169.0,134.67,915279.0
2023-09-26,97.05,97.45,96.2,96.55,2414063,EQ,15318.0,157.6,1277771.0
2023-09-27,96.05,97.0,95.8,96.7,3644388,EQ,16551.0,220.19,1754990.0
2023-09-28,97.05,97.4,93.75,94.05,4223692,EQ,23341.0,180.96,2356871.0
2023-09-29,94.7,95.5,94.35,95.0,2694307,EQ,10882.0,247.59,1582440.0
2023-10-03,95.2,95.3,94.25,94.65,2750958,EQ,16409.0,167.65,1365068.0
2023-10-04,94.5,95.0,93.1,93.75,3437781,EQ,15298.0,224.72,1132796.0
2023-10-05,94.3,95.2,93.6,93.85,1860096,EQ,9167.0,202.91,709808.0
2023-10-06,94.4,97.35,93.9,96.7,4174649,EQ,17235.0,242.22,2193978.0
2023-10-09,96.0,96.05,93.95,94.3,3597974,EQ,16392.0,219.5,1625318.0
2023-10-10,94.8,101.4,94.7,101.05,24182067,EQ,95066.0,254.37,8775549.0
2023-10-11,102.0,106.1,101.6,105.6,24802698,EQ,79162.0,313.32,12513122.0
2023-10-12,105.6,106.4,103.95,104.8,7023251,EQ,30506.0,230.23,2712724.0
2023-10-13,104.65,105.6,102.2,102.8,4463140,EQ,19433.0,229.67,2094683.0
2023-10-16,103.0,104.5,102.7,104.2,3984686,EQ,21571.0,184.72,2152108.0
2023-10-17,104.75,105.75,104.0,104.3,3630073,EQ,19178.0,189.28,1790446.0
2023-10-18,104.3,107.6,103.7,104.6,12145138,EQ,48699.0,249.39,4488329.0
2023-10-19,104.55,104.55,103.2,103.8,2295470,EQ,11965.0,191.85,758011.0
2023-10-20,103.65,104.55,102.05,102.35,2758920,EQ,17493.0,157.72,1173757.0
2023-10-23,103.25,103.25,97.35,97.8,4661767,EQ,23139.0,201.47,2392076.0
2023-10-25,98.95,100.65,97.4,98.45,5153305,EQ,22939.0,224.65,2452059.0
2023-10-26,98.05,98.2,95.85,97.05,4206648,EQ,27920.0,150.67,1782434.0
2023-10-27,98.95,101.1,98.0,100.05,4471149,EQ,24340.0,183.7,1392922.0
2023-10-30,98.95,102.85,98.5,100.25,9573396,EQ,40272.0,237.72,3192279.0
2023-10-31,100.75,104.2,100.45,103.6,9032416,EQ,35822.0,252.15,2784989.0
2023-11-01,103.55,104.25,102.5,103.0,3674582,EQ,15045.0,244.24,1896600.0
2023-11-02,103.8,104.65,102.9,103.1,3362467,EQ,20076.0,167.49,1660996.0
2023-11-03,103.9,105.4,103.6,104.1,3067226,EQ,20701.0,148.17,1522764.0
2023-11-06,104.9,104.9,103.75,104.25,1845918,EQ,10890.0,169.51,881701.0
2023-11-07,104.25,104.45,102.5,103.6,1856415,EQ,10849.0,171.11,736500.0
2023-11-08,104.15,104.9,103.4,104.35,3064803,EQ,16907.0,181.27,1980802.0
2023-11-09,104.35,109.1,104.05,107.9,10723118,EQ,50261.0,213.35,3925961.0
2023-11-10,108.2,108.6,106.0,106.7,3323006,EQ,20564.0,161.59,1249564.0
2023-11-12,107.6,108.2,107.3,107.75,632733,EQ,5696.0,111.08,464880.0
2023-11-13,107.3,107.85,106.1,107.5,2311896,EQ,12403.0,186.4,1012763.0
2023-11-15,108.0,109.1,107.05,107.8,4669080,EQ,20862.0,223.81,1628324.0
2023-11-16,107.8,110.9,107.0,110.4,8309032,EQ,37543.0,221.32,3599600.0
2023-11-17,109.8,112.0,107.8,110.5,7222810,EQ,35619.0,202.78,2244317.0
2023-11-20,111.55,114.75,110.0,112.7,9385300,EQ,40746.0,230.34,3385742.0
2023-11-21,113.25,113.9,112.1,113.25,3661892,EQ,19074.0,191.98,2058184.0
2023-11-22,113.25,113.45,110.75,111.6,1823396,EQ,13878.0,131.39,762031.0
2023-11-23,111.6,112.1,109.3,109.6,2939229,EQ,14837.0,198.1,1428182.0
2023-11-24,110.15,110.75,109.05,109.35,1601643,EQ,14086.0,113.7,514444.0
2023-11-28,109.5,111.3,108.75,110.55,2837514,EQ,13470.0,210.65,1511558.0
2023-11-29,111.45,111.5,109.95,110.4,1849208,EQ,14869.0,124.37,868812.0
2023-11-30,110.6,111.2,108.9,109.75,3702888,EQ,26924.0,137.53,2187796.0
2023-12-01,111.15,113.15,110.7,111.6,3462050,EQ,29288.0,118.21,1585055.0
2023-12-04,113.9,114.45,112.3,112.9,2787839,EQ,24220.0,115.1,1194314.0
2023-12-05,113.25,117.0,113.2,114.95,6241533,EQ,35087.0,177.89,2214886.0
2023-12-06,116.15,116.15,114.05,115.35,3786933,EQ,19684.0,192.39,2434518.0
2023-12-07,115.5,117.6,114.05,115.9,4628324,EQ,26966.0,171.64,1420751.0
2023-12-08,117.0,117.5,114.9,116.85,9771682,EQ,28624.0,341.38,6275269.0
2023-12-11,118.45,119.8,116.95,117.5,4808210,EQ,29721.0,161.78,2072676.0
2023-12-12,118.7,119.5,117.1,117.85,4168291,EQ,23902.0,174.39,1958126.0
2023-12-13,118.4,120.0,117.5,118.85,6186711,EQ,37404.0,165.4,3197481.0
2023-12-14,120.4,120.7,119.6,120.05,2450161,EQ,18414.0,133.06,1419879.0
2023-12-15,120.4,121.4,119.5,120.4,5381112,EQ,29033.0,185.34,3445452.0
2023-12-18,120.6,125.85,119.6,123.95,8303425,EQ,52200.0,159.07,2988043.0
2023-12-19,124.25,124.9,121.45,121.65,3126125,EQ,21810.0,143.33,1362175.0
2023-12-20,122.25,123.6,115.25,116.7,5719050,EQ,34218.0,167.14,2687835.0
2023-12-21,113.3,113.95,109.25,111.8,14566785,EQ,77912.0,186.96,5546469.0
2023-12-22,112.6,113.1,109.4,109.85,5830750,EQ,47942.0,121.62,2818561.0
2023-12-26,109.5,112.6,109.35,111.7,3844505,EQ,27338.0,140.63,1614128.0
2023-12-27,112.25,112.3,110.3,110.95,3235634,EQ,21109.0,153.28,1545392.0
2023-12-28,111.4,113.0,110.75,111.7,4072000,EQ,26900.0,151.38,1820300.0
2023-12-29,111.9,112.95,111.05,111.75,3360996,EQ,23846.0,140.95,1702462.0
2024-01-01,112.4,114.7,111.95,114.2,4698244,EQ,29870.0,157.29,2119040.0
2024-01-02,114.7,115.25,112.0,113.4,3160012,EQ,22431.0,140.88,1227813.0
2024-01-03,113.2,115.65,113.0,114.7,3998380,EQ,28788.0,138.89,1887112.0
2024-01-04,115.4,116.1,114.4,115.4,2842465,EQ,28550.0,99.56,1326072.0
2024-01-05,115.5,116.2,114.2,114.85,3280827,EQ,36326.0,90.32,1747427.0
2024-01-08,115.35,115.35,111.55,111.95,3173310,EQ,30728.0,103.27,1608237.0
2024-01-09,112.15,113.4,111.0,111.5,3218200,EQ,24631.0,130.66,1673096.0
2024-01-10,111.7,111.7,108.15,109.25,4463464,EQ,29744.0,150.06,1964414.0
2024-01-11,109.6,111.7,109.6,110.9,1488878,EQ,15832.0,94.04,499608.0
2024-01-12,111.7,112.95,110.85,111.45,2421654,EQ,14560.0,166.32,918469.0
2024-01-15,112.4,115.1,111.25,113.9,3989166,EQ,19706.0,202.43,1485627.0
2024-01-16,114.4,115.1,111.4,112.7,3188888,EQ,21531.0,148.11,1325239.0
2024-01-17,111.0,111.8,107.55,108.2,4506573,EQ,24433.0,184.45,2133317.0
2024-01-18,108.1,108.9,105.35,107.6,3612774,EQ,19683.0,183.55,1499187.0
2024-01-19,108.85,109.4,107.2,107.75,2322753,EQ,14749.0,157.49,1034284.0
2024-01-20,108.5,108.7,107.7,108.1,1039682,EQ,5984.0,173.74,516123.0
2024-01-23,108.85,109.15,104.0,104.45,2938201,EQ,22807.0,128.83,1191173.0
2024-01-24,104.25,105.55,102.55,104.7,3961629,EQ,26317.0,150.53,1659200.0
2024-01-25,105.0,106.5,104.5,105.9,1684131,EQ,38362.0,43.9,536606.0
2024-01-29,106.05,108.0,106.05,107.55,2219843,EQ,24164.0,91.87,1016645.0
2024-01-30,107.75,108.75,106.9,107.3,1508116,EQ,16412.0,91.89,714505.0
2024-01-31,107.25,109.2,107.05,108.7,2300996,EQ,18184.0,126.54,1117241.0
2024-02-01,109.25,109.25,106.2,107.9,2821484,EQ,15513.0,181.88,1061435.0
2024-02-02,106.6,109.4,102.65,102.95,14617493,EQ,65005.0,224.87,7091861.0
2024-02-05,103.5,104.9,101.4,101.95,8703760,EQ,54336.0,160.18,4722307.0
2024-02-06,102.65,102.65,98.9,99.65,13337011,EQ,63375.0,210.45,7785312.0
2024-02-07,100.5,101.05,98.15,98.35,11314084,EQ,75937.0,148.99,7042894.0
2024-02-08,99.0,101.45,98.75,99.35,7759447,EQ,73290.0,105.87,3786744.0
2024-02-09,100.5,100.5,97.9,99.65,5669684,EQ,68310.0,83.0,2531702.0
2024-02-12,100.9,100.95,97.8,98.1,4900768,EQ,25679.0,190.85,2274615.0
2024-02-13,99.4,101.25,97.6,100.65,6051653,EQ,27239.0,222.17,2095168.0
2024-02-14,100.05,102.55,99.25,102.2,3993053,EQ,22341.0,178.73,2018297.0
2024-02-15,102.95,103.3,102.2,103.1,2880567,EQ,30353.0,94.9,1583628.0
2024-02-16,103.85,105.9,103.35,104.9,6445331,EQ,26975.0,238.94,3228749.0
2024-02-19,105.1,105.55,103.0,103.4,3548597,EQ,20271.0,175.06,1458401.0
2024-02-20,103.6,103.6,101.6,102.2,4489873,EQ,22296.0,201.38,2669676.0
2024-02-21,102.75,102.95,100.0,100.3,5292956,EQ,23972.0,220.8,3447591.0
2024-02-22,100.5,101.6,99.7,101.35,2242286,EQ,10167.0,220.55,970169.0
2024-02-23,102.05,102.4,100.9,101.4,1269752,EQ,9912.0,128.1,552513.0
2024-02-26,101.8,102.35,100.8,101.1,2405119,EQ,12794.0,187.99,1091883.0
2024-02-27,101.6,102.35,100.9,102.0,4644216,EQ,10262.0,452.56,3432564.0
2024-02-28,102.1,103.9,99.7,100.25,4464297,EQ,24193.0,184.53,1467837.0
2024-02-29,100.1,102.2,98.6,101.35,4209839,EQ,19536.0,215.49,2173198.0
2024-03-01,101.75,103.4,101.7,103.15,2735779,EQ,18083.0,151.29,1354385.0
2024-03-02,103.6,104.25,103.05,103.65,287754,EQ,2460.0,116.97,176704.0
2024-03-04,104.2,104.95,103.45,104.85,3800708,EQ,20143.0,188.69,2300719.0
2024-03-05,104.7,105.2,102.9,103.15,4224029,EQ,26182.0,161.33,2755881.0
2024-03-06,103.2,103.35,101.25,102.5,3152062,EQ,17841.0,176.68,1665430.0
2024-03-07,102.95,103.2,102.2,102.55,1678802,EQ,15289.0,109.8,837100.0
2024-03-11,102.8,102.8,99.45,99.7,2958334,EQ,23826.0,124.16,1603077.0
2024-03-12,99.8,100.3,98.1,98.3,2313273,EQ,20397.0,113.41,1022482.0
2024-03-13,98.85,99.2,94.7,95.1,3007735,EQ,27359.0,109.94,1249745.0
2024-03-14,95.3,97.8,94.05,97.1,3255269,EQ,16472.0,197.62,1530644.0
2024-03-15,96.65,97.1,95.5,96.45,1827961,EQ,12806.0,142.74,723994.0
2024-03-18,97.35,97.8,96.1,96.35,2125228,EQ,11932.0,178.11,1126327.0
2024-03-19,96.45,96.65,95.15,95.65,1900488,EQ,18534.0,102.54,968945.0
2024-03-20,96.1,96.9,94.75,96.6,2625171,EQ,37960.0,69.16,1308506.0
2024-03-21,97.45,100.25,96.7,99.9,4093696,EQ,27862.0,146.93,1751880.0
2024-03-22,99.8,103.2,99.8,101.6,4277665,EQ,24621.0,173.74,1759521.0
2024-03-26,100.6,102.7,100.6,101.9,1983300,EQ,13235.0,149.85,937795.0
2024-03-27,102.0,102.75,101.25,101.65,3539318,EQ,17637.0,200.68,2208038.0
2024-03-28,101.7,103.55,101.0,101.35,2859127,EQ,17498.0,163.4,1371691.0
2024-04-01,102.4,105.45,102.2,104.9,4454319,EQ,27051.0,164.66,2884460.0
2024-04-02,105.15,108.75,104.9,108.55,6213002,EQ,44747.0,138.85,2956623.0
2024-04-03,108.0,112.9,107.55,112.3,8822438,EQ,35486.0,248.62,4906649.0
2024-04-04,113.3,118.6,112.9,115.5,16202794,EQ,68373.0,236.98,4902118.0
2024-04-05,116.2,119.1,114.4,118.3,12126632,EQ,47872.0,253.31,5811990.0
2024-04-08,118.3,118.55,114.0,116.0,5467389,EQ,26419.0,206.95,2720401.0
2024-04-09,116.0,118.0,115.8,117.2,5688622,EQ,29098.0,195.5,3381353.0
2024-04-10,116.95,120.1,116.05,119.55,5742002,EQ,23132.0,248.23,3430819.0
2024-04-12,118.5,119.25,116.3,116.8,2912973,EQ,20985.0,138.81,1421706.0
2024-04-15,113.8,117.45,113.2,116.3,4030082,EQ,23146.0,174.12,1918519.0
2024-04-16,115.4,116.25,113.4,114.9,2236724,EQ,18831.0,118.78,808714.0
2024-04-18,114.95,117.45,114.15,114.55,2010614,EQ,15536.0,129.42,792581.0
2024-04-19,112.1,116.6,112.1,115.8,4600018,EQ,35812.0,128.45,1967827.0
2024-04-22,117.0,117.9,116.3,117.5,3968026,EQ,23946.0,165.71,2687521.0
2024-04-23,118.4,118.4,115.85,116.9,2011131,EQ,13874.0,144.96,842423.0
2024-04-24,117.2,117.85,116.25,116.6,2086097,EQ,12465.0,167.36,1110623.0
2024-04-25,117.4,118.35,116.6,117.8,2415940,EQ,13701.0,176.33,1155799.0
2024-04-26,118.25,121.95,117.7,120.2,6661835,EQ,37486.0,177.72,2097681.0
2024-04-29,122.25,122.25,118.9,119.2,4841524,EQ,23291.0,207.87,2162503.0
2024-04-30,119.25,122.8,119.25,120.5,4858754,EQ,30095.0,161.45,1805169.0
2024-05-02,121.4,122.0,119.15,121.6,4009958,EQ,29668.0,135.16,2082075.0
2024-05-03,122.25,122.25,119.7,120.8,3034824,EQ,16115.0,188.32,1574533.0
2024-05-06,120.75,122.55,119.15,119.85,4264955,EQ,19631.0,217.26,1216433.0
2024-05-07,119.7,120.4,114.55,115.75,4934728,EQ,20354.0,242.45,1563399.0
2024-05-08,115.55,117.15,114.75,114.9,1648267,EQ,10507.0,156.87,659851.0
2024-05-09,114.4,115.4,108.55,109.4,2090764,EQ,16682.0,125.33,727893.0
2024-05-10,109.7,112.7,108.8,112.4,2301726,EQ,16337.0,140.89,452358.0
2024-05-13,112.45,114.05,110.0,112.6,1323650,EQ,10711.0,123.58,431887.0
2024-05-14,112.7,116.25,112.65,116.0,1760192,EQ,12815.0,137.35,756343.0
2024-05-15,116.2,116.6,114.2,114.8,703716,EQ,7677.0,91.67,241735.0
2024-05-16,115.85,116.0,113.45,115.4,809995,EQ,8815.0,91.89,319666.0
2024-05-17,115.55,116.1,113.6,113.9,983286,EQ,10649.0,92.34,337507.0
2024-05-18,114.7,116.2,113.75,114.8,280452,EQ,1909.0,146.91,183894.0
2024-05-21,113.9,113.9,107.25,108.75,13673674,EQ,57025.0,239.78,6187926.0
2024-05-22,109.5,109.85,107.75,107.9,3711841,EQ,21148.0,175.52,1575926.0
2024-05-23,108.0,108.75,107.15,108.05,2644538,EQ,15695.0,168.5,1250779.0
2024-05-24,108.2,109.45,107.55,108.65,7432106,EQ,25989.0,285.97,5137057.0
2024-05-27,109.0,109.8,108.0,108.4,3389187,EQ,23951.0,141.51,1631489.0
2024-05-28,108.6,109.1,107.25,108.15,2197572,EQ,14770.0,148.79,868912.0
2024-05-29,107.6,107.9,106.4,106.7,2334972,EQ,13383.0,174.47,1193020.0
2024-05-30,106.35,107.5,105.85,106.9,5073331,EQ,18926.0,268.06,3315110.0
2024-05-31,107.3,110.25,106.75,107.3,4680444,EQ,25395.0,184.31,1390988.0
2024-06-03,111.3,111.3,108.7,110.4,3932154,EQ,22709.0,173.15,1636495.0
2024-06-04,110.9,110.9,97.8,101.65,9878146,EQ,65149.0,151.62,4545513.0
2024-06-05,103.5,109.4,103.1,108.35,7105334,EQ,43547.0,163.16,3419595.0
2024-06-06,108.4,110.75,108.05,109.1,2627460,EQ,27327.0,96.15,1175024.0
2024-06-07,109.1,111.3,108.95,110.3,2220837,EQ,24911.0,89.15,962598.0
2024-06-10,111.0,111.7,110.25,110.75,2729070,EQ,16784.0,162.6,1305779.0
2024-06-11,111.0,114.3,110.25,112.1,3577609,EQ,25606.0,139.72,1007430.0
2024-06-12,112.65,113.45,111.6,111.95,1938740,EQ,15152.0,127.95,619675.0
2024-06-13,112.5,113.15,110.95,111.2,6029496,EQ,17173.0,351.1,4239779.0
2024-06-14,111.75,114.0,110.8,113.55,2896525,EQ,32009.0,90.49,1282818.0
2024-06-18,114.6,118.45,113.85,118.0,10632872,EQ,63322.0,167.92,3193068.0
2024-06-19,119.25,120.45,116.95,117.8,7444261,EQ,58628.0,126.97,2099047.0
2024-06-20,120.4,125.6,119.45,124.7,32585663,EQ,149567.0,217.87,7080119.0
2024-06-21,125.8,125.8,121.55,122.25,7225939,EQ,46763.0,154.52,3036420.0
2024-06-24,121.55,122.2,119.1,121.7,4196364,EQ,34457.0,121.79,1608529.0
2024-06-25,121.65,127.2,119.1,126.15,20250566,EQ,90302.0,224.25,7041804.0
2024-06-26,127.5,127.5,124.85,125.65,6189156,EQ,41253.0,150.03,1864468.0
2024-06-27,125.65,126.6,124.5,125.4,3529357,EQ,37420.0,94.32,1500690.0
2024-06-28,126.1,128.85,124.15,125.3,6163692,EQ,45198.0,136.37,2402260.0
2024-07-01,126.0,126.15,124.2,124.55,1873540,EQ,21322.0,87.87,799453.0
2024-07-02,124.6,127.05,124.35,125.05,4755390,EQ,26435.0,179.89,1700543.0
2024-07-03,125.25,128.6,125.0,127.55,6292333,EQ,41879.0,150.25,2167134.0
2024-07-04,127.9,131.05,126.15,129.6,5337355,EQ,37166.0,143.61,2196826.0
2024-07-05,128.25,129.1,127.1,127.5,4079561,EQ,21335.0,191.21,2461340.0
2024-07-08,126.9,127.4,122.7,123.45,4440706,EQ,30804.0,144.16,2113208.0
2024-07-09,124.05,126.0,123.65,124.25,1978031,EQ,17208.0,114.95,642846.0
2024-07-10,124.5,125.5,120.65,123.7,3375868,EQ,28326.0,119.18,930851.0
2024-07-11,123.7,123.7,121.4,121.8,2722736,EQ,22157.0,122.88,1219915.0
2024-07-12,121.9,123.2,119.7,120.0,2574316,EQ,18422.0,139.74,1217299.0
2024-07-15,120.05,122.15,119.75,121.85,1440820,EQ,13002.0,110.82,478289.0
2024-07-16,122.25,122.55,119.25,119.7,2425715,EQ,22085.0,109.84,1431803.0
2024-07-18,119.7,120.9,118.2,119.15,1963715,EQ,18296.0,107.33,649175.0
2024-07-19,118.25,119.15,115.15,116.75,2601976,EQ,22038.0,118.07,981674.0
2024-07-22,115.75,118.75,115.0,118.35,1361363,EQ,11719.0,116.17,541261.0
2024-07-23,118.35,118.4,114.0,117.7,2288857,EQ,16969.0,134.88,655412.0
2024-07-24,117.7,121.55,117.05,120.5,2306748,EQ,14521.0,158.86,913088.0
2024-07-25,120.0,120.0,118.5,119.3,2556300,EQ,16060.0,159.17,1597489.0
2024-07-26,120.5,120.5,114.75,119.85,4928487,EQ,24424.0,201.79,1541424.0
2024-07-29,122.25,131.1,121.55,126.9,16592612,EQ,88870.0,186.71,3697420.0
2024-07-30,126.8,130.9,126.15,129.65,10288453,EQ,52313.0,196.67,4305741.0
2024-07-31,129.4,130.05,128.0,129.2,3613885,EQ,27749.0,130.23,1998755.0
2024-08-01,129.0,132.6,127.55,128.8,5071569,EQ,31520.0,160.9,1882315.0
2024-08-02,126.4,128.45,123.8,125.2,6569213,EQ,24904.0,263.78,4301206.0
2024-08-05,120.2,123.9,117.95,121.9,5671194,EQ,35740.0,158.68,1811615.0
2024-08-06,122.65,125.1,121.5,121.75,2769591,EQ,28441.0,97.38,976643.0
2024-08-07,124.0,124.5,121.5,122.9,1363814,EQ,15582.0,87.52,557583.0
2024-08-08,122.85,125.05,122.0,123.1,2270065,EQ,20938.0,108.42,848102.0
2024-08-09,123.0,126.3,122.0,122.45,2372223,EQ,17521.0,135.39,544261.0
2024-08-12,121.5,124.4,121.15,123.6,1554055,EQ,22259.0,69.82,575646.0
2024-08-13,123.55,124.0,120.8,121.35,1077205,EQ,12543.0,85.88,381919.0
2024-08-14,121.35,122.05,119.7,120.65,1434336,EQ,17915.0,80.06,568092.0
2024-08-16,121.5,123.7,121.5,123.4,1257008,EQ,9764.0,128.74,379338.0
2024-08-19,122.85,125.6,122.85,124.5,1273107,EQ,14021.0,90.8,453578.0
2024-08-20,125.25,128.1,124.15,127.55,2431284,EQ,16902.0,143.85,1143261.0
2024-08-21,127.5,128.6,125.75,127.35,2547134,EQ,26035.0,97.83,1122303.0
2024-08-22,127.55,129.0,126.6,126.8,3154381,EQ,30405.0,103.75,1412275.0
2024-08-23,127.7,127.7,124.2,124.65,1266812,EQ,10926.0,115.94,510640.0
2024-08-26,124.65,126.4,124.65,125.9,1256901,EQ,15249.0,82.43,568443.0
2024-08-27,125.9,127.85,125.3,127.5,2346357,EQ,15926.0,147.33,1136419.0
2024-08-28,128.0,128.9,126.8,127.25,2072176,EQ,14285.0,145.06,922796.0
2024-08-29,127.25,127.25,124.95,126.1,2195654,EQ,16572.0,132.49,1014202.0
2024-08-30,126.75,131.25,126.5,128.0,6746711,EQ,47062.0,143.36,1789657.0
2024-09-02,129.6,129.6,126.4,127.8,2983383,EQ,20965.0,142.3,1266173.0
2024-09-03,128.6,128.6,126.7,126.95,1350702,EQ,13893.0,97.22,706768.0
2024-09-04,127.0,128.4,125.9,126.2,4056028,EQ,18225.0,222.55,1890002.0
2024-09-05,127.5,130.75,126.75,128.3,3631318,EQ,25613.0,141.78,1215861.0
2024-09-06,129.3,129.75,123.9,124.8,3914742,EQ,31973.0,122.44,977884.0
2024-09-09,124.8,126.5,123.4,125.65,3948457,EQ,33545.0,117.71,1694560.0
2024-09-10,126.0,126.75,125.3,126.1,1216807,EQ,19708.0,61.74,590440.0
2024-09-11,126.45,127.1,122.55,123.0,1702355,EQ,13432.0,126.74,589542.0
2024-09-12,123.75,125.6,123.1,124.25,3220711,EQ,28750.0,112.02,719736.0
2024-09-13,124.9,129.15,124.35,128.35,3812613,EQ,29065.0,131.18,828536.0
2024-09-16,129.35,129.35,126.3,126.95,1568535,EQ,16094.0,97.46,617491.0
2024-09-17,127.85,128.55,126.35,127.85,2215563,EQ,20943.0,105.79,885270.0
2024-09-18,127.5,128.15,125.5,126.1,1422856,EQ,16743.0,84.98,589271.0
2024-09-19,126.1,127.85,122.25,125.7,1853261,EQ,19158.0,96.74,550484.0
2024-09-20,126.2,126.65,124.25,125.8,1789474,EQ,16520.0,108.32,861821.0
2024-09-23,126.7,128.55,125.75,127.5,3189767,EQ,26459.0,120.56,1730233.0
2024-09-24,127.95,127.95,124.75,125.4,1320450,EQ,12018.0,109.87,608249.0
2024-09-25,125.55,126.6,124.6,125.3,1566333,EQ,19386.0,80.8,606255.0
2024-09-26,125.3,125.75,123.7,124.35,3491866,EQ,21221.0,164.55,2231724.0
2024-09-27,124.6,125.75,122.55,122.9,4724570,EQ,23339.0,202.43,3221468.0
2024-09-30,123.75,124.5,122.1,122.95,2599388,EQ,23636.0,109.98,1047972.0
2024-10-01,123.55,124.2,121.95,122.9,2002516,EQ,20310.0,98.6,377179.0
2024-10-03,122.05,122.9,119.5,120.8,2830329,EQ,35929.0,78.78,556278.0
2024-10-04,120.8,121.4,118.35,118.8,1121140,EQ,13120.0,85.45,397386.0
2024-10-07,119.25,120.4,114.35,115.1,1693216,EQ,19706.0,85.92,558606.0
2024-10-08,114.75,119.25,114.35,118.0,2640611,EQ,29213.0,90.39,1226142.0
2024-10-09,118.5,119.25,115.45,115.7,1015250,EQ,17239.0,58.89,439245.0
2024-10-10,116.0,117.65,115.15,115.5,1590362,EQ,24075.0,66.06,423653.0
2024-10-11,115.6,116.5,114.75,115.4,1013706,EQ,16681.0,60.77,418150.0
2024-10-14,115.65,116.1,113.6,115.45,2764312,EQ,25010.0,110.53,1663689.0
2024-10-15,115.85,117.0,114.9,116.4,2318912,EQ,21457.0,108.07,1230561.0
2024-10-16,116.7,116.75,115.5,116.55,1256285,EQ,12529.0,100.27,661528.0
2024-10-17,116.45,116.95,114.6,115.0,1525549,EQ,11314.0,134.84,854408.0
2024-10-18,114.4,116.3,113.4,115.85,1674478,EQ,13646.0,122.71,822414.0
2024-10-21,119.15,119.15,112.65,112.95,4029954,EQ,34547.0,116.65,1974168.0
2024-10-22,123.0,129.75,120.85,126.4,91268516,EQ,312403.0,292.15,10861418.0
2024-10-23,123.0,128.65,122.9,125.35,20197643,EQ,88920.0,227.14,4644299.0
2024-10-24,126.65,129.5,125.1,127.3,13911640,EQ,82814.0,167.99,6100318.0
2024-10-25,128.1,128.6,125.4,128.25,5029668,EQ,44349.0,113.41,1615660.0
2024-10-28,129.5,131.9,128.2,128.9,18024889,EQ,72583.0,248.33,7563163.0
2024-10-29,129.6,133.4,128.65,132.7,16649356,EQ,90735.0,183.49,8797805.0
2024-10-30,132.65,134.45,130.25,130.8,6910078,EQ,45560.0,151.67,2445360.0
2024-10-31,129.75,132.2,129.5,131.8,3771592,EQ,30817.0,122.39,1792022.0
2024-11-01,132.6,134.25,132.0,133.35,1250707,EQ,12346.0,101.3,586513.0
2024-11-04,133.95,135.15,130.95,133.85,5734041,EQ,43780.0,130.97,1672313.0
2024-11-05,133.5,135.15,131.7,134.2,4378845,EQ,44978.0,97.36,1480507.0
2024-11-06,134.25,136.0,133.1,134.55,3825703,EQ,28930.0,132.24,1256631.0
2024-11-07,134.6,136.5,134.2,135.7,2817202,EQ,31351.0,89.86,899247.0
2024-11-08,135.7,136.7,133.35,134.1,4300753,EQ,30852.0,139.4,2298837.0
2024-11-11,133.5,133.5,130.1,130.75,2316053,EQ,22456.0,103.14,1044593.0
2024-11-12,131.25,132.4,129.95,130.6,4540898,EQ,31834.0,142.64,2325948.0
2024-11-13,130.35,131.1,126.9,128.0,4106697,EQ,33255.0,123.49,1786259.0
2024-11-14,128.0,129.95,128.0,129.2,4229357,EQ,25422.0,166.37,2476189.0
2024-11-18,127.6,129.85,126.4,128.45,3137876,EQ,18929.0,165.77,1704883.0
2024-11-19,129.1,130.95,127.25,127.95,3102692,EQ,19618.0,158.16,1758138.0
2024-11-21,127.95,128.4,125.05,127.55,1994787,EQ,23439.0,85.11,849515.0
2024-11-22,127.55,129.9,127.5,128.85,2728526,EQ,26511.0,102.92,1028460.0
2024-11-25,130.5,131.0,129.4,130.35,1976198,EQ,14814.0,133.4,1076274.0
2024-11-26,130.15,134.7,129.9,134.4,4571501,EQ,46617.0,98.07,1253483.0
2024-11-27,135.0,136.35,132.8,133.7,2282489,EQ,22079.0,103.38,574405.0
2024-11-28,133.5,136.25,133.5,134.75,3122787,EQ,36256.0,86.13,1177490.0
2024-11-29,134.25,135.45,133.5,134.65,1420556,EQ,16333.0,86.97,613140.0
2024-12-02,134.65,136.25,132.6,135.8,2510930,EQ,16744.0,149.96,875252.0
2024-12-03,136.5,138.1,136.0,137.2,2685715,EQ,26191.0,102.54,956374.0
2024-12-04,137.8,139.7,137.1,138.65,3210573,EQ,24725.0,129.85,1171993.0
2024-12-05,138.4,139.8,137.5,139.1,3865697,EQ,24900.0,155.25,1112964.0
2024-12-06,140.25,140.3,137.45,138.7,4020303,EQ,58351.0,68.9,1463262.0
2024-12-09,138.6,140.9,138.05,139.7,2259760,EQ,36944.0,61.17,890078.0
2024-12-10,139.5,140.55,138.75,139.6,1395816,EQ,38182.0,36.56,728351.0
2024-12-11,139.6,140.6,138.75,139.4,689544,EQ,17055.0,40.43,319506.0
2024-12-12,139.3,139.5,136.4,136.75,1466381,EQ,13243.0,110.73,670813.0
2024-12-13,135.75,137.75,134.75,137.5,1296137,EQ,15506.0,83.59,557191.0
2024-12-16,137.45,140.75,137.45,140.2,2293047,EQ,26506.0,86.51,1192375.0
2024-12-17,139.5,140.35,136.3,136.8,1810639,EQ,17885.0,101.24,781191.0
2024-12-18,137.0,137.15,134.25,134.6,1662955,EQ,15506.0,107.25,923036.0
2024-12-19,132.4,135.6,132.2,135.1,2371468,EQ,33030.0,71.8,852654.0
2024-12-20,135.0,135.8,130.8,131.55,4017121,EQ,24993.0,160.73,2421869.0
2024-12-23,132.9,132.9,130.05,130.9,3144525,EQ,15150.0,207.56,984983.0
2024-12-24,130.5,131.25,129.1,130.95,1624871,EQ,24959.0,65.1,817301.0
2024-12-26,130.9,132.3,129.5,130.15,1626092,EQ,16563.0,98.18,703014.0
2024-12-27,130.05,132.65,129.25,129.5,821931,EQ,17726.0,46.37,380776.0
2024-12-30,129.5,131.15,128.5,129.35,1623083,EQ,19226.0,84.42,766974.0
2024-12-31,128.9,129.55,127.7,129.25,911941,EQ,11324.0,80.53,401760.0
2025-01-01,129.0,130.5,127.75,130.35,548481,EQ,8419.0,65.15,103952.0
2025-01-02,130.5,132.55,129.2,132.15,1690533,EQ,20318.0,83.2,959838.0
2025-01-03,132.6,133.05,130.75,131.6,1103343,EQ,20315.0,54.31,547718.0
2025-01-06,131.25,131.55,126.1,126.6,2194877,EQ,26653.0,82.35,1230601.0
2025-01-07,127.4,129.1,127.1,127.7,755910,EQ,10233.0,73.87,196971.0
2025-01-08,127.85,128.6,125.7,126.7,2499078,EQ,21571.0,115.85,421788.0
2025-01-09,126.75,127.35,124.65,126.85,1278504,EQ,14756.0,86.64,637385.0
2025-01-10,126.2,126.7,123.6,123.95,1655335,EQ,16887.0,98.02,833516.0
2025-01-13,121.35,123.9,120.85,121.55,1602532,EQ,92849.0,17.26,598934.0
2025-01-14,122.25,126.1,121.95,125.55,2859492,EQ,20339.0,140.59,1665347.0
2025-01-15,125.9,127.3,124.5,126.65,967272,EQ,22201.0,43.57,329013.0
2025-01-16,126.65,129.75,126.65,129.05,1152671,EQ,17668.0,65.24,515354.0
2025-01-17,129.15,129.8,128.25,129.2,702406,EQ,12711.0,55.26,259440.0
2025-01-20,128.5,131.25,128.5,130.65,878262,EQ,14197.0,61.86,369811.0
2025-01-21,130.25,131.9,129.4,129.6,1358674,EQ,18681.0,72.73,578531.0
2025-01-22,129.4,129.7,126.75,129.05,1036015,EQ,21210.0,48.85,522406.0
2025-01-23,129.0,129.0,126.4,127.7,2679093,EQ,24982.0,107.24,1407058.0
2025-01-24,128.25,128.7,124.6,125.75,2542140,EQ,41813.0,60.8,1261833.0
2025-01-27,125.2,126.75,121.9,122.65,1775009,EQ,22127.0,80.22,610914.0
2025-01-28,123.1,126.15,121.05,125.35,2669892,EQ,23635.0,112.96,1086101.0
2025-01-29,124.7,130.1,124.45,129.75,1436280,EQ,15389.0,93.33,455102.0
2025-01-30,129.25,131.6,127.2,129.9,1551901,EQ,20882.0,74.32,504084.0
2025-01-31,129.45,130.85,129.05,130.3,1372784,EQ,17578.0,78.1,623778.0
2025-02-01,133.5,134.6,127.5,128.55,4818992,EQ,36103.0,133.48,2318064.0
2025-02-03,122.55,132.6,121.95,129.95,5167077,EQ,50040.0,103.26,1870007.0
2025-02-04,131.1,133.25,128.1,132.65,2335754,EQ,43132.0,54.15,1083706.0
2025-02-05,132.75,135.3,132.25,134.55,2552841,EQ,37381.0,68.29,1313868.0
2025-02-06,135.35,135.7,128.7,129.85,2241590,EQ,22080.0,101.52,789228.0
2025-02-07,128.75,131.05,128.35,130.65,1111568,EQ,16975.0,65.48,484548.0
2025-02-10,131.2,131.8,127.65,128.7,1141552,EQ,13559.0,84.19,518774.0
2025-02-11,127.5,128.5,123.55,125.0,2380352,EQ,24650.0,96.57,1519909.0
2025-02-12,124.35,125.7,121.65,124.85,1581550,EQ,23058.0,68.59,877058.0
2025-02-13,126.1,128.35,121.5,124.45,2161647,EQ,34485.0,62.68,709859.0
2025-02-14,124.5,124.95,119.55,120.35,1396785,EQ,28923.0,48.29,632925.0
2025-02-17,120.0,120.95,118.15,120.65,1526877,EQ,28471.0,53.63,619209.0
2025-02-18,120.6,120.6,116.7,118.3,3839307,EQ,36266.0,105.87,2962515.0
2025-02-19,117.7,119.7,116.25,118.45,4253722,EQ,53432.0,79.61,2114393.0
2025-02-20,118.4,118.4,115.8,116.45,2951180,EQ,43026.0,68.59,1787231.0
2025-02-21,116.9,117.4,112.7,113.25,1681970,EQ,19572.0,85.94,702054.0
2025-02-24,112.8,113.9,110.35,110.95,4479012,EQ,34797.0,128.72,2729154.0
2025-02-25,112.1,112.25,109.0,111.5,9403000,EQ,45285.0,207.64,7558366.0
2025-02-27,112.1,113.9,108.0,109.9,8635926,EQ,75888.0,113.8,5998488.0
2025-02-28,110.0,113.55,109.9,110.85,4137880,EQ,42676.0,96.96,2118904.0
2025-03-03,111.1,112.75,108.2,112.0,2584278,EQ,54889.0,47.08,1343068.0
2025-03-04,111.55,113.25,109.95,110.3,1563627,EQ,28398.0,55.06,715635.0
2025-03-05,110.3,115.65,110.3,114.7,1502555,EQ,23655.0,63.52,784451.0
2025-03-06,115.5,118.3,115.1,117.55,2105290,EQ,51210.0,41.11,1272871.0
2025-03-07,117.4,118.05,115.65,116.95,2370315,EQ,33636.0,70.47,1607373.0
2025-03-10,117.6,118.9,114.2,116.1,1277389,EQ,34161.0,37.39,755592.0
2025-03-11,115.1,115.35,109.0,109.8,1827945,EQ,29806.0,61.33,868823.0
2025-03-12,110.25,112.5,109.5,111.45,1340706,EQ,24909.0,53.82,676007.0
2025-03-13,112.4,112.8,110.35,111.8,1056886,EQ,33553.0,31.5,628241.0
2025-03-17,111.8,115.3,110.3,114.8,2264957,EQ,32486.0,69.72,1328297.0
2025-03-18,115.35,117.4,112.65,115.65,1955805,EQ,34212.0,57.17,1112360.0
2025-03-19,116.2,117.8,115.1,116.75,1443137,EQ,27590.0,52.31,665789.0
2025-03-20,117.1,119.6,116.55,118.9,1777475,EQ,32977.0,53.9,963946.0
2025-03-21,120.15,122.7,118.9,120.05,3920238,EQ,52046.0,75.32,2055170.0
2025-03-24,120.15,121.4,118.6,119.1,2960186,EQ,30661.0,96.55,1889609.0
2025-03-25,120.35,120.65,117.75,118.9,1584616,EQ,22930.0,69.11,973699.0
2025-03-26,118.4,120.45,118.15,119.05,1630808,EQ,24461.0,66.67,1106475.0
2025-03-27,118.65,120.35,107.2,115.55,5788969,EQ,56624.0,102.24,3650628.0
2025-03-28,117.05,120.2,115.9,117.9,2875838,EQ,52127.0,55.17,1243094.0
2025-04-01,117.9,122.05,114.1,120.05,3080499,EQ,60071.0,51.28,1607163.0
2025-04-02,120.0,121.7,118.0,121.15,1428181,EQ,35487.0,40.25,853999.0
2025-04-03,119.6,124.35,119.6,123.3,2337865,EQ,28833.0,81.08,1471453.0
2025-04-04,122.7,123.75,120.75,122.2,1811317,EQ,24410.0,74.2,1351348.0
2025-04-07,112.15,120.15,112.15,118.65,4075708,EQ,53761.0,75.81,2143252.0
2025-04-08,123.75,125.4,117.45,121.4,1899147,EQ,28930.0,65.65,882132.0
2025-04-09,120.75,121.05,118.15,119.85,1811578,EQ,76588.0,23.65,1035380.0
2025-04-11,119.85,125.55,119.0,125.25,2528788,EQ,43287.0,58.42,1476678.0
2025-04-15,125.55,127.7,122.7,126.85,6073434,EQ,59178.0,102.63,4308857.0
2025-04-16,126.75,129.85,126.25,129.6,1299487,EQ,29026.0,44.77,782218.0
2025-04-17,129.6,134.35,129.1,133.45,3890991,EQ,53805.0,72.32,2846699.0
2025-04-21,133.7,137.2,132.5,134.55,4431557,EQ,97021.0,45.68,3139169.0
2025-04-22,134.85,138.95,133.2,137.65,3905568,EQ,86883.0,44.95,2715072.0
2025-04-23,137.65,138.3,131.85,132.65,2215625,EQ,39530.0,56.05,1133357.0
2025-04-24,132.65,136.95,132.0,135.85,2390435,EQ,39985.0,59.78,1202930.0
2025-04-25,135.75,136.9,130.6,133.05,1671829,EQ,41295.0,40.49,796072.0
2025-04-28,132.05,135.3,132.05,133.9,820380,EQ,18359.0,44.69,425254.0
2025-04-29,134.6,137.1,133.5,135.4,1828960,EQ,23179.0,78.91,1078666.0
2025-04-30,135.25,135.9,130.9,132.4,1695485,EQ,46622.0,36.37,904317.0
2025-05-02,131.5,134.25,129.0,130.1,1282131,EQ,46093.0,27.82,713949.0
2025-05-05,135.4,137.25,132.15,136.95,6146411,EQ,66043.0,93.07,1785191.0
2025-05-06,136.95,138.0,135.1,135.9,2472430,EQ,31407.0,78.72,930730.0
2025-05-07,132.45,136.7,132.3,136.05,1935727,EQ,30800.0,62.85,1050828.0
2025-05-08,135.15,138.75,133.9,135.0,2803682,EQ,38196.0,73.4,1411788.0
2025-05-09,130.1,134.5,130.1,133.25,1321525,EQ,35889.0,36.82,569958.0
2025-05-12,136.15,138.75,134.65,137.95,1891007,EQ,20960.0,90.22,1110166.0
2025-05-13,137.95,143.25,135.55,143.05,4960370,EQ,43906.0,112.98,2464118.0
2025-05-14,144.75,147.2,143.25,145.8,4755278,EQ,40136.0,118.48,2543201.0
2025-05-15,145.8,145.85,143.1,144.2,1367255,EQ,33322.0,41.03,606933.0
2025-05-16,144.2,145.55,143.9,145.2,1263758,EQ,18627.0,67.85,702179.0
2025-05-19,145.2,146.0,141.75,142.6,1363642,EQ,21194.0,64.34,781792.0
2025-05-20,143.85,145.65,142.9,145.1,1638285,EQ,25449.0,64.38,880718.0
2025-05-21,145.5,148.2,144.55,147.8,3002061,EQ,35941.0,83.53,1610487.0
2025-05-22,147.8,148.05,145.15,146.5,1663196,EQ,25399.0,65.48,974325.0
2025-05-23,146.4,147.9,145.0,147.15,1844515,EQ,26989.0,68.34,1152572.0
2025-05-26,148.05,148.35,146.1,147.1,1492469,EQ,35616.0,41.9,795494.0
2025-05-27,147.05,147.7,144.05,145.05,2407714,EQ,47574.0,50.61,1848335.0
2025-05-28,145.5,146.8,144.65,145.65,1160951,EQ,29428.0,39.45,693529.0
2025-05-29,145.8,146.9,144.45,145.75,1257276,EQ,39666.0,31.7,804463.0
2025-05-30,145.75,147.75,144.3,146.8,2263850,EQ,41400.0,54.68,1343802.0
2025-06-02,146.25,149.7,145.0,149.0,4406952,EQ,49424.0,89.17,3099967.0
2025-06-03,149.6,153.0,148.3,151.7,6116892,EQ,111502.0,54.86,4148817.0
2025-06-04,153.0,153.0,147.85,148.3,1355968,EQ,32869.0,41.25,732779.0
2025-06-05,147.65,149.6,146.85,149.05,1304782,EQ,36720.0,35.53,685067.0
2025-06-06,150.0,151.6,148.5,150.9,1336958,EQ,24938.0,53.61,740792.0
2025-06-09,153.0,153.75,150.75,153.5,2854330,EQ,40426.0,70.61,1960938.0
2025-06-10,153.8,156.3,153.8,154.7,1987644,EQ,28863.0,68.86,1200498.0
2025-06-11,154.7,154.9,149.6,149.95,1468060,EQ,27028.0,54.32,890884.0
2025-06-12,150.65,152.2,145.9,146.4,1157653,EQ,19797.0,58.48,592302.0
2025-06-13,141.25,147.75,141.25,147.15,1150536,EQ,27391.0,42.0,520090.0
2025-06-16,147.7,147.7,144.0,146.45,1246280,EQ,32492.0,38.36,696174.0
2025-06-17,146.6,148.65,143.45,144.6,1270318,EQ,25138.0,50.53,703549.0
2025-06-18,144.45,146.25,144.25,145.1,1386119,EQ,20244.0,68.47,1005982.0
2025-06-19,144.6,146.4,141.8,143.7,857016,EQ,24977.0,34.31,469508.0
2025-06-20,142.75,144.9,142.5,143.1,787518,EQ,15595.0,50.5,458476.0
2025-06-23,142.1,144.75,140.3,143.7,2072910,EQ,60153.0,34.46,1226019.0
2025-06-24,145.9,146.05,144.7,145.15,1766274,EQ,17722.0,99.67,1362057.0
2025-06-25,144.8,149.9,144.75,149.25,2405490,EQ,31566.0,76.21,1399057.0
2025-06-26,150.0,154.3,149.05,153.85,3540311,EQ,79447.0,44.56,1864326.0
2025-06-27,155.1,155.1,151.8,154.35,1677328,EQ,34056.0,49.25,1069733.0
2025-06-30,156.4,165.75,153.8,164.05,7214554,EQ,76077.0,94.83,3596754.0
2025-07-01,161.25,174.25,160.5,172.9,8373774,EQ,113658.0,73.68,3597799.0
2025-07-02,169.6,174.4,164.6,166.1,6649580,EQ,80458.0,82.65,1970256.0
2025-07-03,166.5,167.6,162.1,162.65,2845297,EQ,44824.0,63.48,1407505.0
2025-07-04,162.65,165.75,158.9,162.95,2116720,EQ,37531.0,56.4,868656.0
2025-07-07,162.25,165.0,160.25,164.15,1635466,EQ,36928.0,44.29,898250.0
2025-07-08,163.8,165.0,160.1,161.4,2133687,EQ,50545.0,42.21,1257217.0
2025-07-09,161.25,165.0,160.2,163.8,1459732,EQ,36218.0,40.3,646119.0
2025-07-10,163.8,166.0,160.1,160.65,1312324,EQ,28582.0,45.91,641699.0
2025-07-11,160.5,162.3,156.9,157.6,1330721,EQ,29680.0,44.84,706374.0
2025-07-14,157.35,162.05,156.25,160.4,1437063,EQ,41393.0,34.72,802746.0
2025-07-15,160.5,164.2,160.4,163.55,1400701,EQ,30654.0,45.69,792417.0
2025-07-16,164.3,164.5,162.0,163.5,1068130,EQ,23198.0,46.04,462685.0
2025-07-17,164.25,164.9,161.35,162.35,1150584,EQ,26698.0,43.1,800117.0
2025-07-18,162.35,163.5,158.5,159.35,801641,EQ,15439.0,51.92,481114.0
2025-07-21,159.4,159.95,157.65,159.2,836297,EQ,33992.0,24.6,443365.0
2025-07-22,159.75,160.65,157.5,158.5,1289356,EQ,21805.0,59.13,813221.0
2025-07-23,158.5,161.0,156.85,160.5,742553,EQ,24834.0,29.9,400134.0
2025-07-24,160.5,161.25,156.15,157.0,1583721,EQ,38812.0,40.8,959536.0
2025-07-25,156.45,158.1,155.1,156.8,1215874,EQ,21069.0,57.71,645469.0
2025-07-28,156.1,157.0,152.9,153.5,1503953,EQ,34215.0,43.96,930793.0
2025-07-29,153.8,155.2,151.85,153.25,767549,EQ,21723.0,35.33,404382.0
2025-07-30,150.25,156.95,150.25,155.3,1603871,EQ,32625.0,49.16,814858.0
2025-07-31,153.75,161.5,151.85,160.7,2145952,EQ,28550.0,75.16,1242665.0
2025-08-01,162.3,168.4,158.45,160.4,7723901,EQ,114680.0,67.35,4163411.0
2025-08-04,161.2,163.2,159.4,162.75,2084346,EQ,38470.0,54.18,1340843.0
2025-08-05,163.6,164.9,161.25,162.95,2465787,EQ,63789.0,38.66,1733850.0
2025-08-06,162.1,162.8,160.25,161.0,3618450,EQ,64025.0,56.52,2939447.0
2025-08-07,159.4,162.4,159.2,161.7,665918,EQ,26684.0,24.96,318992.0
2025-08-08,161.7,162.7,156.05,157.6,983893,EQ,20427.0,48.17,558857.0
2025-08-11,158.9,159.85,155.65,156.8,1098369,EQ,26497.0,41.45,671581.0
2025-08-12,156.75,158.15,155.8,156.5,1066090,EQ,21036.0,50.68,864113.0
2025-08-13,157.5,161.1,157.5,158.05,1505234,EQ,15790.0,95.33,1108686.0
2025-08-14,158.3,159.95,157.3,158.5,1093685,EQ,38111.0,28.7,790009.0
2025-08-18,160.1,162.75,158.7,160.4,935920,EQ,19593.0,47.77,535523.0
2025-08-19,160.85,160.95,158.3,159.3,785690,EQ,22565.0,34.82,415263.0
2025-08-20,161.25,162.65,159.45,160.2,1191955,EQ,25587.0,46.58,615733.0
2025-08-21,159.75,163.75,159.15,162.15,1136238,EQ,22702.0,50.05,573006.0
2025-08-22,163.9,164.2,158.3,158.75,1729985,EQ,22202.0,77.92,1368005.0
2025-08-25,158.85,159.25,152.85,153.5,3157878,EQ,51410.0,61.43,2061401.0
2025-08-26,153.0,153.65,149.65,151.9,2364911,EQ,57193.0,41.35,1459162.0
2025-08-28,151.35,151.8,148.05,148.9,1712294,EQ,41006.0,41.76,1181960.0
2025-08-29,148.5,150.15,146.35,147.05,924209,EQ,31007.0,29.81,525633.0
2025-09-01,145.6,148.9,145.6,148.0,1156163,EQ,32683.0,35.38,707041.0
2025-09-02,148.95,151.2,148.0,150.55,648184,EQ,34048.0,19.04,424949.0
2025-09-03,150.7,151.25,146.8,148.5,1986817,EQ,37684.0,52.72,1188342.0
2025-09-04,148.65,149.45,145.1,145.55,990421,EQ,19356.0,51.17,640143.0
2025-09-05,146.2,151.0,145.7,150.05,2110513,EQ,33813.0,62.42,1030598.0
2025-09-08,150.8,153.0,147.05,147.95,2075313,EQ,32824.0,63.23,1163640.0
2025-09-09,149.1,152.0,149.1,150.75,2632537,EQ,44926.0,58.6,1881743.0
2025-09-10,151.15,152.95,149.65,152.0,1836311,EQ,37502.0,48.97,1325030.0
2025-09-11,150.8,152.6,150.05,151.25,3322831,EQ,37339.0,88.99,2768300.0
2025-09-12,151.95,154.5,150.8,153.3,2105289,EQ,24484.0,85.99,1570125.0
2025-09-15,153.2,155.75,152.3,154.8,1202142,EQ,17780.0,67.61,763826.0
2025-09-16,155.1,156.45,152.7,152.9,4461835,EQ,37176.0,120.02,3969503.0
2025-09-17,153.75,154.75,151.95,152.5,1605638,EQ,25049.0,64.1,1219069.0
2025-09-18,153.25,156.6,152.1,155.6,3259292,EQ,42441.0,76.8,2116573.0
2025-09-19,155.6,159.55,154.6,158.95,2789034,EQ,23706.0,117.65,2122425.0
2025-09-22,158.35,158.9,154.15,154.65,1091053,EQ,29232.0,37.32,602198.0
2025-09-23,155.1,156.25,153.25,153.75,1098427,EQ,13130.0,83.66,722998.0
2025-09-24,154.6,159.3,154.3,158.3,2404127,EQ,30346.0,79.22,1215113.0
2025-09-25,159.0,160.35,157.9,159.5,2525337,EQ,45472.0,55.54,1586243.0
2025-09-26,159.6,159.6,154.05,155.75,1501441,EQ,40168.0,37.38,877376.0
2025-09-29,156.45,158.15,154.35,157.6,1597422,EQ,32777.0,48.74,997272.0
2025-09-30,157.6,160.5,156.05,160.3,1860071,EQ,20782.0,89.5,1290275.0
2025-10-01,159.75,161.1,157.0,159.05,1440650,EQ,35396.0,40.7,723044.0
2025-10-03,159.0,162.75,157.9,161.5,1627940,EQ,22222.0,73.26,945448.0
2025-10-06,162.4,166.0,161.85,165.45,4629057,EQ,51691.0,89.55,3380872.0
2025-10-07,165.0,166.8,159.8,164.8,4524043,EQ,43373.0,104.31,3121232.0
2025-10-08,163.5,164.1,160.1,160.8,862442,EQ,22189.0,38.87,510723.0
2025-10-09,161.2,161.25,158.8,160.05,594828,EQ,12056.0,49.34,280374.0
2025-10-10,160.05,162.45,159.1,161.1,723194,EQ,27210.0,26.58,415603.0
2025-10-13,160.3,164.15,159.35,163.3,1670567,EQ,25120.0,66.5,1193175.0
2025-10-14,164.2,164.2,158.7,159.8,970355,EQ,22933.0,42.31,503380.0
2025-10-15,159.75,164.6,158.7,164.0,1823308,EQ,26218.0,69.54,1219757.0
2025-10-16,163.1,166.0,162.35,165.3,969135,EQ,29413.0,32.95,601381.0
2025-10-17,164.95,166.75,163.7,164.45,684435,EQ,17139.0,39.93,370590.0
2025-10-20,165.3,173.4,163.1,169.8,4228822,EQ,73282.0,57.71,2192218.0
2025-10-21,168.75,172.95,168.0,169.6,267433,EQ,5880.0,45.48,114847.0
2025-10-23,168.75,175.1,166.9,172.65,2977432,EQ,45256.0,65.79,1612849.0
2025-10-24,172.5,173.4,166.7,167.4,1435400,EQ,28287.0,50.74,760339.0
2025-10-27,167.4,175.9,167.3,173.7,3707753,EQ,54451.0,68.09,1869724.0
2025-10-28,173.3,180.0,171.45,179.45,4965037,EQ,43186.0,114.97,2834557.0
2025-10-29,180.0,180.45,175.9,177.1,1842329,EQ,24515.0,75.15,985038.0
2025-10-30,177.4,178.0,173.95,176.75,1867372,EQ,24095.0,77.5,955957.0
2025-10-31,176.75,176.95,168.75,171.5,1986958,EQ,28041.0,70.86,1078710.0
2025-11-03,171.1,177.75,170.35,177.05,1593293,EQ,28578.0,55.75,607075.0
2025-11-04,188.25,195.6,182.35,194.0,39015302,EQ,281891.0,138.41,8843022.0
2025-11-06,194.25,198.15,188.2,191.15,8055700,EQ,70704.0,113.94,2723821.0
2025-11-07,189.0,193.2,183.85,191.55,4907843,EQ,74686.0,65.71,2337624.0
2025-11-10,190.65,192.2,189.0,190.4,2026421,EQ,32386.0,62.57,1154578.0
2025-11-11,191.65,196.65,191.0,195.65,2805980,EQ,44897.0,62.5,1531077.0
2025-11-12,195.75,196.6,187.5,188.75,3898770,EQ,33643.0,115.89,2321633.0
2025-11-13,187.5,198.0,185.1,195.0,3207244,EQ,29601.0,108.35,1991356.0
2025-11-14,194.5,203.6,192.2,202.95,6549179,EQ,54860.0,119.38,3757749.0
2025-11-17,204.0,212.3,203.35,208.45,11057775,EQ,109525.0,100.96,5877494.0
2025-11-18,208.45,209.85,204.4,209.05,4909048,EQ,70926.0,69.21,3285820.0
2025-11-19,207.65,208.05,199.5,205.75,3603214,EQ,74255.0,48.52,1579323.0
2025-11-20,207.7,209.0,198.1,199.1,2777419,EQ,35362.0,78.54,1398242.0
2025-11-21,199.1,201.75,195.1,197.05,2183521,EQ,41650.0,52.43,1040351.0
2025-11-24,197.2,204.9,196.5,203.6,7450902,EQ,107947.0,69.02,4721765.0
2025-11-25,204.9,208.05,201.25,205.35,3879135,EQ,60135.0,64.51,1884051.0
2025-11-26,205.35,211.05,202.25,209.0,3686879,EQ,55545.0,66.38,1984743.0
2025-11-27,207.7,207.7,204.2,206.25,1334385,EQ,23333.0,57.19,742153.0
2025-11-28,206.25,208.45,202.5,203.3,1363221,EQ,22704.0,60.04,693767.0
2025-12-01,204.3,213.0,204.0,212.2,5449422,EQ,100583.0,54.18,2893674.0
2025-12-02,210.75,211.3,203.6,204.75,2399772,EQ,39500.0,60.75,1129042.0
2025-12-03,204.0,206.6,197.8,205.55,4861110,EQ,71288.0,68.19,2765220.0
2025-12-04,206.3,207.2,198.55,202.2,1721691,EQ,24344.0,70.72,642859.0
2025-12-05,202.1,205.35,201.1,203.9,2292869,EQ,36624.0,62.61,1205814.0
2025-12-08,203.75,203.75,195.15,198.65,1537470,EQ,31824.0,48.31,935607.0
2025-12-09,198.9,200.0,195.8,198.3,1759950,EQ,39083.0,45.03,1059360.0
2025-12-10,198.4,203.7,197.25,198.55,2439075,EQ,51811.0,47.08,1405298.0
2025-12-11,199.45,199.45,194.35,196.6,1065696,EQ,22601.0,47.15,537031.0
2025-12-12,197.0,206.6,196.0,205.0,4295305,EQ,55327.0,77.63,3026375.0
2025-12-15,204.75,208.3,203.0,205.7,1191946,EQ,24204.0,49.25,582437.0
2025-12-16,204.0,208.5,201.4,202.9,1660819,EQ,22243.0,74.67,990219.0
2025-12-17,203.15,207.4,202.05,206.35,1566483,EQ,36349.0,43.1,869925.0
2025-12-18,205.75,207.0,200.85,206.4,2174094,EQ,33692.0,64.53,1415914.0
2025-12-19,206.25,209.5,204.95,209.15,1334208,EQ,20567.0,64.87,794874.0
2025-12-22,209.25,213.8,208.5,212.35,2544158,EQ,31491.0,80.79,1383121.0
2025-12-23,212.3,216.75,211.95,216.45,1507417,EQ,36088.0,41.77,828042.0
2025-12-24,216.75,222.75,215.5,222.05,3114282,EQ,36168.0,86.11,1763262.0
2025-12-26,223.4,223.4,217.5,219.25,2311411,EQ,45626.0,50.66,1318964.0
2025-12-29,218.3,225.65,213.75,224.2,2775308,EQ,57282.0,48.45,1848511.0
2025-12-30,224.95,226.65,215.3,223.05,6631945,EQ,131001.0,50.63,3649636.0
2025-12-31,223.4,225.1,216.25,218.1,2404251,EQ,122729.0,19.59,1237789.0
2026-01-01,217.0,217.9,214.55,216.75,1412527,EQ,53451.0,26.43,739453.0
2026-01-02,217.45,218.0,214.7,216.4,1512259,EQ,39010.0,38.77,783611.0
2026-01-05,216.4,220.0,215.6,218.0,1164561,EQ,40038.0,29.09,651363.0
2026-01-06,218.0,222.15,216.1,221.05,2027334,EQ,61335.0,33.05,1189666.0
2026-01-07,220.5,220.65,213.8,218.2,1583542,EQ,31720.0,49.92,890915.0
2026-01-08,217.9,220.4,208.4,209.6,2125568,EQ,52173.0,40.74,1253798.0
2026-01-09,208.9,213.2,208.4,210.8,1427566,EQ,41365.0,34.51,807197.0
2026-01-12,208.55,209.0,195.75,197.3,6407930,EQ,87836.0,72.95,3875313.0
2026-01-13,198.7,210.0,198.7,207.9,3510711,EQ,45134.0,77.78,1510516.0
2026-01-14,206.25,209.95,204.9,207.4,2308844,EQ,35239.0,65.52,1258738.0
2026-01-16,207.4,211.45,203.3,204.75,1636721,EQ,30920.0,52.93,903526.0
2026-01-19,202.25,205.1,199.35,202.7,1537638,EQ,33699.0,45.63,680545.0
2026-01-20,202.7,205.75,198.8,203.25,2233847,EQ,44624.0,50.06,1294839.0
2026-01-21,202.55,211.55,199.4,209.8,2024915,EQ,41619.0,48.65,1123159.0
2026-01-22,211.6,214.5,208.55,212.4,1376522,EQ,24974.0,55.12,631345.0
2026-01-23,213.0,213.0,205.0,206.6,1194672,EQ,25816.0,46.28,600873.0
2026-01-27,203.45,215.6,202.55,213.2,3129864,EQ,48303.0,64.8,1785892.0
2026-01-28,215.25,220.9,212.05,220.0,1520239,EQ,26032.0,58.4,710658.0
2026-01-29,221.25,221.25,212.6,218.8,2533078,EQ,47699.0,53.11,1447118.0
2026-01-30,217.5,228.5,216.75,226.3,3463960,EQ,58470.0,59.24,2106271.0
2026-02-01,226.3,226.3,203.6,212.8,1583104,EQ,30214.0,52.4,602136.0
2026-02-02,213.1,216.45,205.45,214.1,1829222,EQ,36774.0,49.74,861063.0
2026-02-03,243.0,243.1,220.1,223.9,5927045,EQ,117124.0,50.6,2703386.0
2026-02-04,223.9,225.0,217.4,219.1,2387670,EQ,49575.0,48.16,1401903.0
2026-02-05,219.75,222.4,218.5,220.25,970491,EQ,32445.0,29.91,507340.0
2026-02-06,220.25,221.75,217.05,219.35,1285620,EQ,26349.0,48.79,768406.0
2026-02-09,222.3,223.4,215.25,217.4,1791768,EQ,38643.0,46.37,1024027.0
2026-02-10,217.4,218.05,214.5,215.3,800034,EQ,21481.0,37.24,493052.0
2026-02-11,216.05,220.4,214.6,218.0,923707,EQ,32372.0,28.53,476612.0
2026-02-12,217.85,217.9,211.1,214.8,1151293,EQ,31214.0,36.88,533090.0
2026-02-13,214.8,216.0,211.3,213.1,538191,EQ,13743.0,39.16,147566.0
2026-02-16,211.9,211.9,206.3,206.9,2243943,EQ,52292.0,42.91,1537263.0
2026-02-17,206.9,209.85,201.15,207.05,2066496,EQ,42612.0,48.5,996967.0
2026-02-18,207.3,217.8,207.25,215.45,2045745,EQ,49103.0,41.66,1019496.0
2026-02-19,217.5,217.85,211.8,213.4,1145349,EQ,33374.0,34.32,742115.0
2026-02-20,211.5,213.4,207.95,211.3,1450459,EQ,38917.0,37.27,735267.0
2026-02-23,211.3,219.6,211.25,218.3,2504882,EQ,39925.0,62.74,1455958.0
2026-02-24,218.3,218.5,213.4,216.65,1316197,EQ,19773.0,66.57,712240.0
2026-02-25,216.0,221.15,215.3,217.45,1379491,EQ,41252.0,33.44,827906.0
2026-02-26,217.5,219.3,213.95,217.95,871191,EQ,23846.0,36.53,475630.0
2026-02-27,217.25,217.25,210.4,212.3,1956492,EQ,42787.0,45.73,1268154.0
2026-03-02,203.25,210.55,203.25,208.0,1772131,EQ,45907.0,38.6,1136048.0
2026-03-04,204.75,205.6,194.3,195.8,2664457,EQ,61972.0,42.99,1769131.0
2026-03-05,198.7,201.8,197.1,201.1,2041343,EQ,64293.0,31.75,1316801.0
2026-03-06,201.3,201.5,193.55,194.8,1974924,EQ,48177.0,40.99,1160419.0
2026-03-09,190.5,190.5,183.4,185.0,2495315,EQ,67945.0,36.73,1435972.0
2026-03-10,187.5,192.4,183.15,188.55,2512388,EQ,48957.0,51.32,1521170.0
2026-03-11,188.55,193.3,184.4,185.3,1740886,EQ,36373.0,47.86,928845.0
2026-03-12,184.4,185.2,179.5,182.9,2955678,EQ,50931.0,58.03,1754142.0
2026-03-13,181.9,181.9,172.0,173.6,2489273,EQ,76909.0,32.37,1313450.0
2026-03-16,172.5,187.75,169.85,181.9,9441485,EQ,116882.0,80.78,2419194.0
2026-03-17,180.7,182.45,177.8,180.05,3111960,EQ,47021.0,66.18,1804765.0
2026-03-18,179.9,189.15,179.9,188.4,2811323,EQ,58869.0,47.76,1607753.0
2026-03-19,185.55,185.55,179.3,183.1,2173475,EQ,48330.0,44.97,1144597.0
2026-03-20,185.15,186.55,179.5,181.0,1265582,EQ,28862.0,43.85,580228.0
2026-03-23,179.95,179.95,173.05,175.75,1600262,EQ,31714.0,50.46,890548.0
2026-03-24,180.0,181.35,174.15,176.65,2983174,EQ,60445.0,49.35,1766366.0
2026-03-25,176.6,192.75,176.6,189.7,5782925,EQ,81086.0,71.32,2979365.0
2026-03-27,186.4,194.15,183.1,190.3,4523260,EQ,80292.0,56.34,2595735.0
2026-03-30,186.05,187.0,176.8,179.9,3375336,EQ,75344.0,44.8,1482745.0
2026-04-01,187.5,188.8,177.0,179.75,2548115,EQ,94346.0,27.01,1007040.0
2026-04-02,177.0,181.1,172.45,180.35,2195530,EQ,54717.0,40.13,1094790.0
2026-04-06,182.15,189.9,178.5,187.45,5664468,EQ,87289.0,64.89,3235427.0
2026-04-07,185.65,188.25,183.8,186.4,2503790,EQ,39660.0,63.13,1765234.0
2026-04-08,192.75,196.9,190.05,191.35,3995117,EQ,70666.0,56.54,2429210.0
2026-04-09,192.3,194.6,187.9,189.35,2547718,EQ,36249.0,70.28,1639697.0
2026-04-10,190.1,193.5,190.1,192.85,2418067,EQ,33443.0,72.3,1667291.0
2026-04-13,191.25,191.25,186.25,187.1,1626697,EQ,39511.0,41.17,911168.0
2026-04-15,187.1,190.35,185.25,189.05,2927424,EQ,60307.0,48.54,1825283.0
2026-04-16,189.75,190.9,185.55,187.35,2692194,EQ,50628.0,53.18,1730565.0
2026-04-17,187.35,195.1,186.65,193.35,3513019,EQ,47103.0,74.58,2292895.0
2026-04-20,196.05,206.25,192.55,199.3,8439006,EQ,121773.0,69.3,2535797.0
2026-04-21,202.75,205.5,197.15,198.7,6352245,EQ,49066.0,129.46,4168885.0
2026-04-22,199.3,203.55,198.75,202.6,5249034,EQ,47256.0,111.08,4089222.0
2026-04-23,202.6,203.55,197.6,199.15,1617606,EQ,49732.0,32.53,845421.0
2026-04-24,199.15,200.45,195.0,196.9,1472909,EQ,32649.0,45.11,752489.0
2026-04-27,198.0,205.9,197.85,203.4,2888445,EQ,41041.0,70.38,1913628.0
2026-04-28,211.15,220.15,204.9,206.75,17001285,EQ,168211.0,101.07,3587355.0
2026-04-29,207.75,211.85,205.8,208.05,2775552,EQ,41716.0,66.53,1245910.0
2026-04-30,207.8,208.05,201.45,202.55,1698427,EQ,34972.0,48.57,834739.0
2026-05-04,203.25,206.85,201.8,203.9,2113460,EQ,58786.0,35.95,1211751.0
2026-05-05,203.15,204.0,198.95,202.0,2358753,EQ,46663.0,50.55,1408348.0
2026-05-06,206.25,211.9,201.25,204.75,3043911,EQ,55421.0,54.92,1138313.0
2026-05-07,204.7,205.4,201.45,203.15,1169101,EQ,21084.0,55.45,580651.0
2026-05-08,203.3,203.65,193.6,195.25,5432812,EQ,76352.0,71.15,2712931.0
2026-05-11,194.15,194.15,187.0,190.65,6477139,EQ,75433.0,85.87,3099133.0
2026-05-12,190.65,191.2,182.3,183.35,1160599,EQ,18430.0,62.97,524556.0
2026-05-13,183.75,187.05,181.75,184.2,2216783,EQ,49775.0,44.54,1135903.0
2026-05-14,185.85,188.3,181.8,185.1,1142316,EQ,22870.0,49.95,594299.0
2026-05-15,185.1,189.4,183.8,188.0,1507884,EQ,38720.0,38.94,740345.0
2026-05-18,187.95,187.95,184.2,186.55,1034551,EQ,35718.0,28.96,529716.0
2026-05-19,186.05,189.6,184.3,188.3,1276451,EQ,20780.0,61.43,705115.0
2026-05-20,187.45,188.6,185.6,187.55,2020917,EQ,34588.0,58.43,1685167.0
2026-05-21,188.6,190.0,185.15,189.1,1386922,EQ,25563.0,54.26,768768.0
2026-05-22,188.3,190.95,185.7,186.4,731177,EQ,17779.0,41.13,295715.0
2026-05-25,188.85,189.8,186.9,187.4,897950,EQ,27171.0,33.05,566685.0
2026-05-26,188.95,192.6,187.4,190.6,1814654,EQ,33240.0,54.59,1051600.0
2026-05-27,191.3,191.75,188.15,190.4,872260,EQ,22224.0,39.25,518658.0
2026-05-29,190.4,193.75,190.35,191.6,1373425,EQ,29794.0,46.1,800669.0
2026-06-01,192.8,193.95,187.6,190.6,1735666,EQ,32915.0,52.73,953316.0
2026-06-02,190.5,190.6,185.45,187.2,1212615,EQ,19657.0,61.69,535765.0
2026-06-03,187.75,188.6,183.05,186.95,1479958,EQ,28645.0,51.67,773202.0
2026-06-04,186.95,188.55,183.75,184.6,1568058,EQ,32314.0,48.53,1021416.0
2026-06-05,185.25,186.1,182.4,183.65,1323695,EQ,73066.0,18.12,752756.0
2026-06-08,182.25,186.0,179.25,185.25,1691064,EQ,39558.0,42.75,955042.0
2026-06-09,185.85,193.6,184.55,192.3,4631410,EQ,46839.0,98.88,3237294.0
2026-06-10,194.2,196.8,187.65,189.85,3538216,EQ,54095.0,65.41,2338972.0
2026-06-11,190.5,195.7,190.3,192.6,3145166,EQ,46557.0,67.56,1973354.0
2026-06-12,197.4,208.5,196.5,201.7,6852764,EQ,87816.0,78.04,2304480.0
2026-06-15,205.7,207.85,198.2,199.35,4608069,EQ,62851.0,73.32,2628027.0
2026-06-16,197.85,206.5,197.5,205.45,3502570,EQ,39681.0,88.27,1820454.0
2026-06-17,205.0,205.4,199.45,200.45,3913500,EQ,60814.0,64.35,2248894.0
2026-06-18,200.1,202.05,197.1,198.35,2533691,EQ,29783.0,85.07,1406387.0
2026-06-19,198.0,201.25,196.0,196.65,1253441,EQ,22976.0,54.55,711005.0
2026-06-22,196.65,199.05,194.55,197.95,1185375,EQ,19589.0,60.51,489553.0
2026-06-23,197.95,200.6,195.75,198.3,1506292,EQ,23020.0,65.43,750464.0
2026-06-24,199.5,205.25,197.05,204.6,3584174,EQ,39731.0,90.21,1763522.0
2026-06-25,206.15,206.9,196.75,198.85,3879534,EQ,52101.0,74.46,2150432.0
2026-06-29,199.75,206.1,199.2,201.5,6336187,EQ,73944.0,85.69,3285423.0
2026-06-30,202.95,209.5,202.5,208.6,3818201,EQ,78162.0,48.85,2185567.0
2026-07-01,208.0,217.52,206.71,216.05,3912286,EQ,58254,67.16,2174435
2026-07-02,215.9,219.0,214.53,217.8,4341794,EQ,73332,59.21,2818202
2026-07-03,216.9,220.24,215.67,216.76,1479646,EQ,30418,48.64,785787
2026-07-06,212.0,225.5,212.0,224.69,2710562,EQ,47290,57.32,1343775
2026-07-07,224.65,231.82,223.28,227.97,3849032,EQ,49610,77.59,1792727
2026-07-08,226.0,228.56,217.53,220.08,3779085,EQ,71117,53.14,2140923
2026-07-09,222.7,231.0,217.55,229.09,2994116,EQ,41373,72.37,1515743
2026-07-10,230.95,231.48,226.25,229.33,2654713,EQ,41870,63.4,1554400
2026-07-13,226.5,227.48,223.56,225.13,1301126,EQ,26344,49.39,741582
2026-07-14,224.0,225.55,220.06,221.3,1175916,EQ,29138,40.36,650881
2026-07-15,220.21,224.75,217.63,220.21,2595607,EQ,44376,58.49,1728628
2026-07-16,222.37,225.44,220.01,220.88,882521,EQ,25292,34.89,428311
2026-07-17,221.11,225.5,218.23,224.63,1792388,EQ,24862,72.09,1054457
2026-07-20,224.63,227.49,221.8,224.98,1092039,EQ,26009,41.99,479244
2026-07-21,224.91,234.4,224.5,229.83,4751678,EQ,76383,62.21,2411690
2026-07-22,228.41,229.03,223.15,223.53,1247485,EQ,20286,61.49,728861
2026-07-23,222.5,223.6,219.01,219.89,1718303,EQ,26914,63.84,1042562
2026-07-24,219.4,220.99,217.01,219.75,1635177,EQ,35451,46.12,987359
2026-07-27,221.0,226.99,220.6,221.45,1372673,EQ,22711,60.44,727865
2026-07-28,221.1,245.38,217.95,238.14,20864618,EQ,208246,100.19,7095696
2026-07-29,236.0,236.0,224.69,228.86,7988538,EQ,94948,84.14,3476312
2026-07-30,227.7,228.0,214.44,215.48,5918636,EQ,71760,82.48,3167158
2026-07-31,214.7,216.84,205.51,206.5,5323234,EQ,56033,95.0,2642128
2026-08-03,208.5,210.48,202.6,204.65,2349845,EQ,34009,69.09,1239084
2026-08-04,204.0,205.0,200.74,201.47,4808855,EQ,32419,148.33,3536485
2026-08-05,201.49,205.68,201.49,204.56,3142532,EQ,46537,67.53,1776109
2026-08-06,205.0,210.1,203.22,208.39,3131786,EQ,36412,86.01,1579505
2026-08-07,209.0,215.0,207.49,212.0,3440800,EQ,57358,59.99,1675198
2026-08-10,213.06,217.25,212.86,216.42,2880002,EQ,35311,81.56,1777211
2026-08-11,215.34,215.67,210.1,213.69,2247321,EQ,38722,58.04,1110368
2026-08-12,214.0,218.6,212.38,215.85,1867608,EQ,34260,54.51,879759
2026-08-13,215.85,216.0,207.25,210.52,1974875,EQ,34687,56.93,1164768
2026-08-14,209.25,212.0,208.01,208.64,1351730,EQ,37091,36.44,667653
2026-08-17,208.0,216.4,204.81,215.2,3296615,EQ,76214,43.25,1779467
2026-08-18,215.0,223.0,214.85,222.18,3912107,EQ,105789,36.98,2003970
2026-08-19,222.19,225.85,219.58,221.03,5707017,EQ,72134,79.12,3323585
2026-08-20,225.0,225.23,218.0,219.35,1274243,EQ,25484,50.0,675575
2026-08-21,219.35,220.94,216.5,217.3,727772,EQ,21446,33.94,334779
2026-08-24,217.3,219.16,211.34,212.2,1480490,EQ,22131,66.9,791611
2026-08-25,213.89,224.0,212.48,221.6,4102236,EQ,52198,78.59,1329774
2026-08-26,222.0,227.69,221.95,226.8,2348389,EQ,38397,61.16,1040864
2026-08-27,225.7,230.7,225.14,229.23,2031290,EQ,39630,51.26,881758
2026-08-28,229.05,230.92,221.77,222.24,1085352,EQ,21072,51.51,504747
2026-08-31,222.0,230.44,220.0,229.19,4962483,EQ,55152,89.98,2340218
