Date,Open,High,Low,Close,Volume,Series,TOTAL_TRADES,QTY_PER_TRADE,DLV_QTY
2016-09-16,2.75,2.9,2.5,2.55,229821,EQ,,,
2016-09-19,2.6,2.7,2.6,2.65,51068,EQ,,,
2016-09-20,2.65,2.7,2.6,2.65,27511,EQ,,,
2016-09-21,2.65,2.7,2.6,2.65,50781,EQ,,,
2016-09-22,2.7,2.7,2.6,2.65,18350,EQ,,,
2016-09-23,2.65,2.65,2.6,2.6,12837,EQ,,,
2016-09-26,2.6,2.65,2.55,2.65,21190,EQ,,,
2016-09-27,2.65,2.65,2.6,2.6,11379,EQ,,,
2016-09-28,2.6,2.6,2.5,2.55,19224,EQ,,,
2016-09-29,2.6,2.6,2.35,2.4,34734,EQ,,,
2016-09-30,2.4,2.5,2.3,2.45,19738,EQ,,,
2016-10-03,2.45,2.55,2.4,2.5,15717,EQ,,,
2016-10-04,2.5,2.55,2.5,2.5,11048,EQ,,,
2016-10-05,2.5,2.55,2.35,2.5,18265,EQ,,,
2016-10-06,2.5,2.6,2.45,2.5,22796,EQ,,,
2016-10-07,2.55,2.6,2.55,2.55,18311,EQ,,,
2016-10-10,2.55,2.55,2.5,2.55,8830,EQ,,,
2016-10-13,2.55,2.55,2.45,2.45,13823,EQ,,,
2016-10-14,2.45,2.55,2.45,2.55,13776,EQ,,,
2016-10-17,2.6,2.7,2.6,2.6,114134,EQ,,,
2016-10-18,2.6,2.7,2.6,2.65,45956,EQ,,,
2016-10-19,2.65,2.75,2.65,2.7,68185,EQ,,,
2016-10-20,2.75,2.8,2.65,2.7,63347,EQ,,,
2016-10-21,2.7,2.7,2.6,2.65,34864,EQ,,,
2016-10-24,2.65,2.7,2.6,2.65,57779,EQ,,,
2016-10-25,2.65,2.65,2.6,2.65,16976,EQ,,,
2016-10-26,2.65,2.7,2.65,2.65,65353,EQ,,,
2016-10-27,2.7,2.7,2.6,2.65,24429,EQ,,,
2016-10-28,2.8,3.1,2.7,3.0,698984,EQ,,,
2016-10-30,3.05,3.1,3.05,3.05,61826,EQ,,,
2016-11-01,3.1,3.1,2.9,2.95,110721,EQ,,,
2016-11-02,2.95,2.95,2.8,2.8,68205,EQ,,,
2016-11-03,2.8,2.8,2.65,2.65,73434,EQ,,,
2016-11-04,2.65,2.75,2.55,2.6,78978,EQ,,,
2016-11-07,2.65,2.75,2.6,2.6,81760,EQ,,,
2016-11-08,2.65,2.7,2.6,2.6,45892,EQ,,,
2016-11-09,2.4,2.6,2.3,2.55,116755,EQ,,,
2016-11-10,2.65,2.65,2.55,2.6,42264,EQ,,,
2016-11-11,2.6,2.6,2.5,2.55,41701,EQ,,,
2016-11-15,2.6,2.6,2.4,2.4,55315,EQ,,,
2016-11-16,2.5,2.55,2.45,2.45,34589,EQ,,,
2016-11-17,2.5,2.5,2.4,2.4,27371,EQ,,,
2016-11-18,2.45,2.5,2.35,2.45,38756,EQ,,,
2016-11-21,2.5,2.55,2.35,2.4,36129,EQ,,,
2016-11-22,2.4,2.5,2.35,2.4,22106,EQ,,,
2016-11-23,2.4,2.45,2.35,2.4,37261,EQ,,,
2016-11-24,2.4,2.5,2.4,2.45,26207,EQ,,,
2016-11-25,2.5,2.5,2.45,2.45,42279,EQ,,,
2016-11-28,2.45,2.5,2.4,2.45,42882,EQ,,,
2016-11-29,2.45,2.5,2.4,2.5,28478,EQ,,,
2016-11-30,2.5,2.65,2.45,2.65,87482,EQ,,,
2016-12-01,2.65,2.7,2.6,2.6,31486,EQ,,,
2016-12-02,2.6,2.6,2.5,2.55,22319,EQ,,,
2016-12-05,2.55,2.6,2.55,2.55,22260,EQ,,,
2016-12-06,2.6,2.6,2.5,2.55,23583,EQ,,,
2016-12-07,2.55,2.6,2.5,2.55,12642,EQ,,,
2016-12-08,2.55,2.6,2.55,2.6,20962,EQ,,,
2016-12-09,2.6,2.6,2.55,2.55,19940,EQ,,,
2016-12-12,2.55,2.6,2.55,2.6,23187,EQ,,,
2016-12-13,2.6,2.65,2.55,2.6,24596,EQ,,,
2016-12-14,2.6,2.6,2.55,2.55,8460,EQ,,,
2016-12-15,2.6,2.6,2.55,2.6,18837,EQ,,,
2016-12-16,2.6,2.65,2.55,2.6,14760,EQ,,,
2016-12-19,2.65,2.65,2.6,2.6,17208,EQ,,,
2016-12-20,2.6,2.6,2.5,2.5,33791,EQ,,,
2016-12-21,2.55,2.55,2.4,2.45,54834,EQ,,,
2016-12-22,2.5,2.5,2.4,2.4,41796,EQ,,,
2016-12-23,2.45,2.5,2.4,2.4,15875,EQ,,,
2016-12-26,2.4,2.45,2.35,2.35,24710,EQ,,,
2016-12-27,2.4,2.45,2.35,2.4,12013,EQ,,,
2016-12-28,2.4,2.75,2.4,2.55,294021,EQ,,,
2016-12-29,2.55,2.6,2.55,2.55,63216,EQ,,,
2016-12-30,2.6,2.6,2.5,2.5,41921,EQ,,,
2017-01-02,2.55,2.6,2.5,2.5,26261,EQ,,,
2017-01-03,2.5,2.55,2.5,2.5,25162,EQ,,,
2017-01-04,2.55,2.6,2.5,2.55,44800,EQ,,,
2017-01-05,2.6,2.6,2.5,2.55,86214,EQ,,,
2017-01-06,2.55,2.55,2.4,2.45,61841,EQ,,,
2017-01-09,2.45,2.45,2.4,2.45,29234,EQ,,,
2017-01-10,2.45,2.5,2.45,2.45,33198,EQ,,,
2017-01-11,2.45,2.55,2.45,2.5,45231,EQ,,,
2017-01-12,2.5,2.5,2.45,2.5,37374,EQ,,,
2017-01-13,2.5,2.5,2.45,2.5,11476,EQ,,,
2017-01-16,2.45,2.5,2.45,2.5,19423,EQ,,,
2017-01-17,2.5,2.5,2.45,2.45,20760,EQ,,,
2017-01-18,2.45,2.45,2.35,2.4,56906,EQ,,,
2017-01-19,2.4,2.5,2.4,2.4,27996,EQ,,,
2017-01-20,2.4,2.45,2.4,2.4,24346,EQ,,,
2017-01-23,2.4,2.45,2.4,2.4,18320,EQ,,,
2017-01-24,2.4,2.45,2.4,2.4,22547,EQ,,,
2017-01-25,2.45,2.5,2.4,2.45,27315,EQ,,,
2017-01-27,2.5,2.5,2.45,2.45,27025,EQ,,,
2017-01-30,2.45,2.5,2.45,2.5,32162,EQ,,,
2017-01-31,2.5,2.5,2.45,2.45,28120,EQ,,,
2017-02-01,2.55,2.75,2.5,2.7,447668,EQ,,,
2017-02-02,2.7,2.7,2.6,2.6,66910,EQ,,,
2017-02-03,2.6,2.65,2.6,2.65,29994,EQ,,,
2017-02-06,2.65,2.7,2.65,2.7,57416,EQ,,,
2017-02-07,2.7,2.7,2.6,2.65,29212,EQ,,,
2017-02-08,2.65,2.7,2.6,2.6,18503,EQ,,,
2017-02-09,2.6,2.7,2.6,2.65,59482,EQ,,,
2017-02-10,2.7,2.7,2.6,2.65,17678,EQ,,,
2017-02-13,2.65,2.65,2.6,2.65,21476,EQ,,,
2017-02-14,2.65,2.65,2.55,2.6,32792,EQ,,,
2017-02-15,2.55,2.6,2.5,2.5,26450,EQ,,,
2017-02-16,2.5,2.55,2.5,2.55,18321,EQ,,,
2017-02-17,2.55,2.65,2.55,2.6,40719,EQ,,,
2017-02-20,2.6,2.6,2.55,2.6,17883,EQ,,,
2017-02-21,2.6,2.65,2.55,2.6,22002,EQ,,,
2017-02-22,2.55,2.65,2.55,2.6,27232,EQ,,,
2017-02-23,2.65,2.65,2.6,2.6,18276,EQ,,,
2017-02-27,2.6,2.6,2.55,2.55,20057,EQ,,,
2017-02-28,2.6,2.6,2.5,2.55,16609,EQ,,,
2017-03-01,2.55,2.6,2.55,2.55,29246,EQ,,,
2017-03-02,2.6,2.6,2.55,2.55,34154,EQ,,,
2017-03-03,2.5,3.0,2.5,2.75,333702,EQ,,,
2017-03-06,2.75,2.8,2.7,2.75,47136,EQ,,,
2017-03-07,2.75,2.8,2.7,2.7,33057,EQ,,,
2017-03-08,2.7,2.7,2.6,2.7,28156,EQ,,,
2017-03-09,2.65,2.7,2.65,2.7,16663,EQ,,,
2017-03-10,2.75,2.75,2.65,2.65,20555,EQ,,,
2017-03-14,2.7,2.85,2.7,2.7,128194,EQ,,,
2017-03-15,2.75,2.8,2.7,2.7,28493,EQ,,,
2017-03-16,2.7,2.7,2.7,2.7,19297,EQ,,,
2017-03-17,2.8,2.8,2.7,2.7,21023,EQ,,,
2017-03-20,2.7,2.7,2.65,2.65,14554,EQ,,,
2017-03-21,2.65,2.7,2.6,2.65,24560,EQ,,,
2017-03-22,2.65,2.65,2.6,2.65,13533,EQ,,,
2017-03-23,2.65,2.7,2.65,2.65,22561,EQ,,,
2017-03-24,2.65,2.7,2.65,2.65,25538,EQ,,,
2017-03-27,2.7,2.8,2.7,2.8,116548,EQ,,,
2017-03-28,2.8,2.85,2.8,2.8,54067,EQ,,,
2017-03-29,2.85,2.85,2.7,2.7,142984,EQ,,,
2017-03-30,2.75,2.95,2.75,2.75,95627,EQ,,,
2017-03-31,2.8,2.8,2.7,2.75,84922,EQ,,,
2017-04-03,2.75,2.85,2.7,2.8,62118,EQ,,,
2017-04-05,2.85,2.85,2.75,2.8,69085,EQ,,,
2017-04-06,2.8,2.85,2.75,2.8,37025,EQ,,,
2017-04-07,2.8,2.8,2.75,2.75,22991,EQ,,,
2017-04-10,2.75,2.8,2.7,2.75,39451,EQ,,,
2017-04-11,2.7,2.8,2.7,2.75,37620,EQ,,,
2017-04-12,2.8,2.8,2.7,2.75,19614,EQ,,,
2017-04-13,2.7,2.8,2.6,2.7,57671,EQ,,,
2017-04-17,2.7,2.85,2.7,2.7,85354,EQ,,,
2017-04-18,2.7,2.75,2.65,2.7,44094,EQ,,,
2017-04-19,2.7,2.7,2.65,2.7,24116,EQ,,,
2017-04-20,2.7,2.75,2.65,2.7,84820,EQ,,,
2017-04-21,2.7,2.7,2.65,2.7,40222,EQ,,,
2017-04-24,2.65,2.7,2.65,2.65,35013,EQ,,,
2017-04-25,2.65,2.7,2.65,2.7,26702,EQ,,,
2017-04-26,2.7,2.7,2.6,2.65,169518,EQ,,,
2017-04-27,2.65,2.65,2.6,2.6,42264,EQ,,,
2017-04-28,2.6,2.65,2.6,2.65,36013,EQ,,,
2017-05-02,2.65,2.7,2.65,2.65,21460,EQ,,,
2017-05-03,2.65,2.7,2.6,2.7,45335,EQ,,,
2017-05-04,2.65,2.7,2.65,2.7,64808,EQ,,,
2017-05-05,2.65,2.7,2.6,2.6,262350,EQ,,,
2017-05-08,2.65,2.65,2.6,2.6,28107,EQ,,,
2017-05-09,2.6,2.6,2.6,2.6,12941,EQ,,,
2017-05-10,2.6,2.65,2.6,2.6,23313,EQ,,,
2017-05-11,2.6,2.6,2.55,2.55,27399,EQ,,,
2017-05-12,2.6,2.6,2.55,2.6,18129,EQ,,,
2017-05-15,2.6,2.6,2.55,2.55,28211,EQ,,,
2017-05-16,2.55,2.75,2.55,2.65,109688,EQ,,,
2017-05-17,2.65,2.7,2.6,2.6,31921,EQ,,,
2017-05-18,2.6,2.6,2.55,2.6,27573,EQ,,,
2017-05-19,2.6,2.6,2.55,2.6,43357,EQ,,,
2017-05-22,2.65,2.7,2.6,2.65,29783,EQ,,,
2017-05-23,2.7,2.7,2.6,2.6,59129,EQ,,,
2017-05-24,2.6,2.6,2.3,2.35,201189,EQ,,,
2017-05-25,2.4,2.45,2.35,2.4,47838,EQ,,,
2017-05-26,2.4,2.45,2.3,2.35,83802,EQ,,,
2017-05-29,2.4,2.5,2.35,2.45,60844,EQ,,,
2017-05-30,2.4,2.45,2.4,2.4,21779,EQ,,,
2017-05-31,2.4,2.4,2.4,2.4,14917,EQ,,,
2017-06-01,2.45,2.5,2.4,2.4,24011,EQ,,,
2017-06-02,2.45,2.45,2.4,2.4,15891,EQ,,,
2017-06-05,2.4,2.4,2.4,2.4,16020,EQ,,,
2017-06-06,2.45,2.45,2.4,2.45,12130,EQ,,,
2017-06-07,2.45,2.45,2.4,2.4,20749,EQ,,,
2017-06-08,2.45,2.45,2.4,2.4,12164,EQ,,,
2017-06-09,2.4,2.4,2.4,2.4,18180,EQ,,,
2017-06-12,2.4,2.4,2.35,2.4,16858,EQ,,,
2017-06-13,2.4,2.4,2.35,2.35,13681,EQ,,,
2017-06-14,2.4,2.4,2.35,2.35,16241,EQ,,,
2017-06-15,2.35,2.45,2.35,2.4,32248,EQ,,,
2017-06-16,2.45,2.45,2.4,2.4,10621,EQ,,,
2017-06-19,2.4,2.45,2.35,2.4,21001,EQ,,,
2017-06-20,2.4,2.4,2.35,2.4,13771,EQ,,,
2017-06-21,2.4,2.4,2.35,2.35,12748,EQ,,,
2017-06-22,2.35,2.4,2.35,2.35,13566,EQ,,,
2017-06-23,2.4,2.4,2.35,2.35,17646,EQ,,,
2017-06-27,2.35,2.35,2.3,2.3,11650,EQ,,,
2017-06-28,2.3,2.35,2.25,2.3,13223,EQ,,,
2017-06-29,2.3,2.3,2.3,2.3,10823,EQ,,,
2017-06-30,2.3,2.35,2.3,2.3,10937,EQ,,,
2017-07-03,2.4,2.45,2.35,2.4,45753,EQ,,,
2017-07-04,2.45,2.45,2.3,2.3,34989,EQ,,,
2017-07-05,2.35,2.35,2.3,2.35,9550,EQ,,,
2017-07-06,2.35,2.4,2.35,2.35,14184,EQ,,,
2017-07-07,2.35,2.35,2.35,2.35,7337,EQ,,,
2017-07-10,2.4,2.4,2.4,2.4,9036,EQ,,,
2017-07-11,2.4,2.4,2.4,2.4,9518,EQ,,,
2017-07-12,2.4,2.4,2.35,2.4,17551,EQ,,,
2017-07-13,2.4,2.4,2.35,2.35,16799,EQ,,,
2017-07-14,2.4,2.4,2.35,2.35,21464,EQ,,,
2017-07-17,2.4,2.5,2.3,2.4,48873,EQ,,,
2017-07-18,2.45,2.65,2.45,2.6,424300,EQ,,,
2017-07-19,2.6,2.65,2.6,2.6,127001,EQ,,,
2017-07-20,2.65,2.65,2.45,2.55,105527,EQ,,,
2017-07-21,2.45,2.6,2.4,2.45,132218,EQ,,,
2017-07-24,2.5,2.6,2.45,2.5,85714,EQ,,,
2017-07-25,2.5,2.5,2.45,2.45,31375,EQ,,,
2017-07-26,2.45,2.5,2.45,2.45,19291,EQ,,,
2017-07-27,2.5,2.5,2.4,2.45,24607,EQ,,,
2017-07-28,2.5,2.5,2.4,2.4,30342,EQ,,,
2017-07-31,2.4,2.45,2.4,2.4,17382,EQ,,,
2017-08-01,2.4,2.45,2.4,2.4,17496,EQ,,,
2017-08-02,2.4,2.4,2.4,2.4,9886,EQ,,,
2017-08-03,2.4,2.4,2.35,2.35,24589,EQ,,,
2017-08-04,2.35,2.4,2.35,2.4,17333,EQ,,,
2017-08-07,2.35,2.45,2.35,2.4,19925,EQ,,,
2017-08-08,2.4,2.45,2.3,2.35,25650,EQ,,,
2017-08-09,2.35,2.35,2.3,2.3,26238,EQ,,,
2017-08-10,2.3,2.3,2.25,2.25,29684,EQ,,,
2017-08-11,2.3,2.3,2.2,2.25,31387,EQ,,,
2017-08-14,2.3,2.3,2.25,2.25,26837,EQ,,,
2017-08-16,2.3,2.4,2.3,2.4,57990,EQ,,,
2017-08-17,2.4,2.45,2.4,2.45,33222,EQ,,,
2017-08-18,2.45,2.45,2.4,2.4,21850,EQ,,,
2017-08-21,2.45,2.45,2.4,2.45,25444,EQ,,,
2017-08-22,2.45,2.45,2.4,2.4,16105,EQ,,,
2017-08-23,2.45,2.45,2.4,2.4,10024,EQ,,,
2017-08-24,2.4,2.45,2.4,2.4,10330,EQ,,,
2017-08-28,2.45,2.45,2.35,2.4,13181,EQ,,,
2017-08-29,2.4,2.4,2.35,2.35,11026,EQ,,,
2017-08-30,2.35,2.4,2.35,2.35,11330,EQ,,,
2017-08-31,2.35,2.4,2.35,2.35,9562,EQ,,,
2017-09-01,2.35,2.4,2.35,2.35,14237,EQ,,,
2017-09-04,2.4,2.4,2.35,2.4,30614,EQ,,,
2017-09-05,2.45,2.5,2.4,2.45,28996,EQ,,,
2017-09-06,2.45,2.5,2.4,2.5,21852,EQ,,,
2017-09-07,2.4,2.5,2.4,2.45,23546,EQ,,,
2017-09-08,2.45,2.45,2.4,2.4,11172,EQ,,,
2017-09-11,2.4,2.45,2.35,2.35,20218,EQ,,,
2017-09-12,2.35,2.4,2.35,2.35,19051,EQ,,,
2017-09-13,2.35,2.35,2.35,2.35,15516,EQ,,,
2017-09-14,2.35,2.35,2.3,2.35,13393,EQ,,,
2017-09-15,2.35,2.35,2.3,2.3,39235,EQ,,,
2017-09-18,2.3,2.3,2.3,2.3,23250,EQ,,,
2017-09-19,2.3,2.35,2.3,2.3,16136,EQ,,,
2017-09-20,2.3,2.35,2.3,2.3,14920,EQ,,,
2017-09-21,2.3,2.3,2.3,2.3,29757,EQ,,,
2017-09-22,2.3,2.3,2.25,2.25,13573,EQ,,,
2017-09-25,2.25,2.25,1.9,2.2,26536,EQ,,,
2017-09-26,2.25,2.3,2.2,2.2,17185,EQ,,,
2017-09-27,2.25,2.25,2.15,2.15,17291,EQ,,,
2017-09-28,2.25,2.25,2.15,2.2,9390,EQ,,,
2017-09-29,2.2,2.3,2.1,2.3,23786,EQ,,,
2017-10-03,2.3,2.35,2.3,2.35,16264,EQ,,,
2017-10-04,2.35,2.35,2.3,2.35,14711,EQ,,,
2017-10-05,2.35,2.4,2.3,2.35,12919,EQ,,,
2017-10-06,2.35,2.45,2.35,2.4,24349,EQ,,,
2017-10-09,2.4,2.4,2.35,2.4,35318,EQ,,,
2017-10-10,2.4,2.4,2.35,2.4,17373,EQ,,,
2017-10-11,2.4,2.4,2.3,2.3,25715,EQ,,,
2017-10-12,2.3,2.35,2.3,2.35,16117,EQ,,,
2017-10-13,2.35,2.4,2.35,2.35,13656,EQ,,,
2017-10-16,2.4,2.4,2.3,2.35,28223,EQ,,,
2017-10-17,2.35,2.35,2.3,2.35,15947,EQ,,,
2017-10-18,2.35,2.35,2.3,2.35,9994,EQ,,,
2017-10-19,2.35,2.35,2.3,2.35,8295,EQ,,,
2017-10-23,2.4,2.4,2.3,2.3,20186,EQ,,,
2017-10-24,2.3,2.3,2.25,2.3,21635,EQ,,,
2017-10-25,2.3,2.3,2.25,2.25,18890,EQ,,,
2017-10-26,2.25,2.3,2.2,2.25,31982,EQ,,,
2017-10-27,2.25,2.3,2.2,2.25,38513,EQ,,,
2017-10-30,2.25,2.3,2.2,2.25,55396,EQ,,,
2017-10-31,2.25,2.35,2.2,2.25,51582,EQ,,,
2017-11-01,2.3,2.3,2.25,2.25,24834,EQ,,,
2017-11-02,2.25,2.25,2.2,2.25,24173,EQ,,,
2017-11-03,2.25,2.3,2.25,2.3,31763,EQ,,,
2017-11-06,2.3,2.3,2.25,2.3,41503,EQ,,,
2017-11-07,2.3,2.3,2.25,2.25,34704,EQ,,,
2017-11-08,2.3,2.3,2.2,2.25,36313,EQ,,,
2017-11-09,2.3,2.4,2.3,2.3,252286,EQ,,,
2017-11-10,2.3,2.3,2.2,2.25,59258,EQ,,,
2017-11-13,2.3,2.3,2.2,2.2,44007,EQ,,,
2017-11-14,2.2,2.2,2.15,2.2,43903,EQ,,,
2017-11-15,2.2,2.2,2.15,2.15,34889,EQ,,,
2017-11-16,2.2,2.2,2.15,2.15,23052,EQ,,,
2017-11-17,2.15,2.15,2.1,2.1,47095,EQ,,,
2017-11-20,2.1,2.2,2.1,2.15,32210,EQ,,,
2017-11-21,2.15,2.15,2.1,2.15,23674,EQ,,,
2017-11-22,2.15,2.15,2.1,2.15,37731,EQ,,,
2017-11-23,2.1,2.15,2.1,2.15,19885,EQ,,,
2017-11-24,2.15,2.15,2.1,2.15,23509,EQ,,,
2017-11-27,2.15,2.4,2.15,2.25,174094,EQ,,,
2017-11-28,2.3,2.3,2.25,2.25,32431,EQ,,,
2017-11-29,2.25,2.25,2.2,2.2,50384,EQ,,,
2017-11-30,2.2,2.2,2.1,2.15,50111,EQ,,,
2017-12-01,2.15,2.25,2.15,2.25,56047,EQ,,,
2017-12-04,2.25,2.3,2.2,2.2,39064,EQ,,,
2017-12-05,2.2,2.25,2.2,2.25,12829,EQ,,,
2017-12-06,2.25,2.25,2.2,2.2,10988,EQ,,,
2017-12-07,2.25,2.25,2.2,2.2,10583,EQ,,,
2017-12-08,2.2,2.2,2.2,2.2,21140,EQ,,,
2017-12-11,2.2,2.25,2.2,2.2,25991,EQ,,,
2017-12-12,2.2,2.25,2.2,2.25,22884,EQ,,,
2017-12-13,2.25,2.3,2.25,2.25,36009,EQ,,,
2017-12-14,2.3,2.3,2.25,2.25,22011,EQ,,,
2017-12-15,2.3,2.3,2.25,2.25,17643,EQ,,,
2017-12-18,2.25,2.25,2.2,2.25,24318,EQ,,,
2017-12-19,2.25,2.4,2.25,2.4,109642,EQ,,,
2017-12-20,2.4,2.45,2.35,2.4,137600,EQ,,,
2017-12-21,2.4,2.4,2.25,2.4,36880,EQ,,,
2017-12-22,2.4,2.5,2.4,2.4,114173,EQ,,,
2017-12-26,2.45,2.5,2.45,2.5,130960,EQ,,,
2017-12-27,2.5,2.65,2.5,2.55,182069,EQ,,,
2017-12-28,2.6,2.6,2.55,2.55,69916,EQ,,,
2017-12-29,2.6,2.6,2.5,2.5,32369,EQ,,,
2018-01-01,2.55,2.6,2.5,2.55,34937,EQ,,,
2018-01-02,2.5,2.6,2.45,2.5,47009,EQ,,,
2018-01-03,2.5,2.55,2.5,2.5,43392,EQ,,,
2018-01-04,2.55,2.65,2.5,2.6,92393,EQ,,,
2018-01-05,2.65,2.85,2.6,2.8,287710,EQ,,,
2018-01-08,2.85,3.05,2.8,2.95,413155,EQ,,,
2018-01-09,3.0,3.0,2.85,2.9,137898,EQ,,,
2018-01-10,2.95,3.05,2.85,2.95,84909,EQ,,,
2018-01-11,2.95,3.5,2.9,3.5,1154406,EQ,,,
2018-01-12,3.5,3.5,3.2,3.2,823487,EQ,,,
2018-01-15,3.25,3.5,3.25,3.3,315166,EQ,,,
2018-01-16,3.3,3.35,3.1,3.1,137251,EQ,,,
2018-01-17,3.1,3.1,2.9,2.95,239711,EQ,,,
2018-01-18,2.95,3.1,2.85,2.85,145956,EQ,,,
2018-01-19,2.85,2.9,2.75,2.85,123111,EQ,,,
2018-01-22,2.9,3.1,2.85,3.05,175811,EQ,,,
2018-01-23,3.05,3.1,2.9,2.95,70992,EQ,,,
2018-01-24,2.95,2.95,2.8,2.8,54588,EQ,,,
2018-01-25,2.8,2.9,2.8,2.8,59968,EQ,,,
2018-01-29,2.85,2.95,2.8,2.85,50432,EQ,,,
2018-01-30,2.85,2.85,2.75,2.8,46249,EQ,,,
2018-01-31,2.85,3.0,2.8,2.9,72651,EQ,,,
2018-02-01,2.9,2.95,2.8,2.85,37904,EQ,,,
2018-02-02,2.75,2.85,2.5,2.6,79986,EQ,,,
2018-02-05,2.5,2.8,2.5,2.75,78856,EQ,,,
2018-02-06,2.5,2.65,2.4,2.6,95237,EQ,,,
2018-02-07,2.5,2.55,2.1,2.4,194977,EQ,,,
2018-02-08,2.4,2.5,2.4,2.45,104409,EQ,,,
2018-02-09,2.35,2.45,2.35,2.4,40696,EQ,,,
2018-02-12,2.45,2.5,2.45,2.45,37236,EQ,,,
2018-02-14,2.45,2.5,2.4,2.4,50894,EQ,,,
2018-02-15,2.4,2.45,2.3,2.3,56396,EQ,,,
2018-02-16,2.3,2.4,2.3,2.35,33147,EQ,,,
2018-02-19,2.35,2.35,2.2,2.25,59179,EQ,,,
2018-02-20,2.25,2.3,2.25,2.25,24476,EQ,,,
2018-02-21,2.25,2.25,2.2,2.25,17649,EQ,,,
2018-02-22,2.25,2.25,2.2,2.2,34697,EQ,,,
2018-02-23,2.25,2.55,2.25,2.5,142240,EQ,,,
2018-02-26,2.55,2.6,2.35,2.5,98953,EQ,,,
2018-02-27,2.5,2.5,2.35,2.4,38742,EQ,,,
2018-02-28,2.4,2.5,2.4,2.4,33075,EQ,,,
2018-03-01,2.45,2.5,2.4,2.4,26541,EQ,,,
2018-03-05,2.4,2.4,2.3,2.35,23771,EQ,,,
2018-03-06,2.35,2.4,2.3,2.35,17465,EQ,,,
2018-03-07,2.3,2.3,2.2,2.25,26402,EQ,,,
2018-03-08,2.3,2.35,2.2,2.3,48254,EQ,,,
2018-03-09,2.3,2.35,2.25,2.3,28679,EQ,,,
2018-03-12,2.3,2.3,2.25,2.25,22240,EQ,,,
2018-03-13,2.25,2.3,2.25,2.25,24316,EQ,,,
2018-03-14,2.2,2.3,2.2,2.25,24425,EQ,,,
2018-03-15,2.25,2.3,2.25,2.3,18367,EQ,,,
2018-03-16,2.3,2.3,2.25,2.25,23316,EQ,,,
2018-03-19,2.3,2.3,2.2,2.2,33235,EQ,,,
2018-03-20,2.2,2.2,2.15,2.15,33948,EQ,,,
2018-03-21,2.2,2.25,2.2,2.2,26107,EQ,,,
2018-03-22,2.2,2.2,2.15,2.2,16622,EQ,,,
2018-03-23,2.15,2.2,2.1,2.1,60523,EQ,,,
2018-03-26,2.1,2.1,2.05,2.05,59010,EQ,,,
2018-03-27,2.1,2.1,2.0,2.0,47656,EQ,,,
2018-03-28,2.0,2.0,1.95,2.0,130386,EQ,,,
2018-04-02,2.0,2.05,2.0,2.0,113550,EQ,,,
2018-04-03,2.0,2.05,2.0,2.0,119305,EQ,,,
2018-04-04,2.05,2.4,2.0,2.4,377887,EQ,,,
2018-04-05,2.6,2.7,2.45,2.5,531021,EQ,,,
2018-04-06,2.5,2.5,2.35,2.45,163781,EQ,,,
2018-04-09,2.4,2.6,2.4,2.5,190672,EQ,,,
2018-04-10,2.5,2.55,2.45,2.5,42128,EQ,,,
2018-04-11,2.5,2.5,2.45,2.5,37734,EQ,,,
2018-04-12,2.5,2.5,2.4,2.4,34245,EQ,,,
2018-04-13,2.45,2.45,2.35,2.4,21111,EQ,,,
2018-04-16,2.35,2.5,2.3,2.5,93958,EQ,,,
2018-04-17,2.5,2.5,2.45,2.5,46574,EQ,,,
2018-04-18,2.5,2.5,2.4,2.4,26967,EQ,,,
2018-04-19,2.4,2.45,2.4,2.4,18827,EQ,,,
2018-04-20,2.4,2.4,2.35,2.35,15693,EQ,,,
2018-04-23,2.35,2.45,2.35,2.35,20917,EQ,,,
2018-04-24,2.4,2.4,2.35,2.35,14110,EQ,,,
2018-04-25,2.35,2.35,2.3,2.35,17415,EQ,,,
2018-04-26,2.3,2.35,2.3,2.35,24313,EQ,,,
2018-04-27,2.35,2.35,2.3,2.3,14209,EQ,,,
2018-04-30,2.3,2.75,2.25,2.55,728399,EQ,,,
2018-05-02,2.55,2.6,2.4,2.4,150498,EQ,,,
2018-05-03,2.4,2.45,2.35,2.4,50102,EQ,,,
2018-05-04,2.4,2.45,2.3,2.35,44955,EQ,,,
2018-05-07,2.35,2.4,2.35,2.35,20333,EQ,,,
2018-05-08,2.35,2.4,2.3,2.35,20245,EQ,,,
2018-05-09,2.35,2.55,2.35,2.4,205582,EQ,,,
2018-05-10,2.4,2.5,2.35,2.35,40582,EQ,,,
2018-05-11,2.4,2.4,2.3,2.3,28558,EQ,,,
2018-05-14,2.35,2.35,2.2,2.25,89622,EQ,,,
2018-05-15,2.15,2.15,2.05,2.1,108084,EQ,,,
2018-05-16,2.1,2.15,2.0,2.1,43372,EQ,,,
2018-05-17,2.1,2.25,2.1,2.2,45319,EQ,,,
2018-05-18,2.2,2.2,2.1,2.15,18440,EQ,,,
2018-05-21,2.15,2.15,2.0,2.05,33309,EQ,,,
2018-05-22,2.05,2.1,2.0,2.1,25723,EQ,,,
2018-05-23,2.1,2.1,2.05,2.05,25157,EQ,,,
2018-05-24,2.05,2.1,2.0,2.05,16730,EQ,,,
2018-05-25,2.05,2.05,2.0,2.05,16197,EQ,,,
2018-05-28,2.05,2.25,2.0,2.15,83699,EQ,,,
2018-05-29,2.15,2.25,2.1,2.15,58494,EQ,,,
2018-05-30,2.15,2.15,2.05,2.1,28956,EQ,,,
2018-05-31,2.1,2.1,2.05,2.05,19243,EQ,,,
2018-06-01,2.05,2.1,2.0,2.05,13851,EQ,,,
2018-06-04,2.05,2.1,1.9,1.9,42402,EQ,,,
2018-06-05,1.9,2.0,1.85,1.9,59884,EQ,,,
2018-06-06,1.9,2.0,1.9,1.95,24564,EQ,,,
2018-06-07,1.95,2.05,1.9,2.0,26147,EQ,,,
2018-06-08,2.0,2.0,1.95,2.0,9779,EQ,,,
2018-06-11,2.0,2.1,2.0,2.0,23613,EQ,,,
2018-06-12,2.0,2.1,2.0,2.05,19109,EQ,,,
2018-06-13,2.05,2.1,2.05,2.05,15151,EQ,,,
2018-06-14,2.05,2.1,2.0,2.1,21735,EQ,,,
2018-06-15,2.1,2.3,2.05,2.2,178836,EQ,,,
2018-06-18,2.2,2.25,2.15,2.2,29281,EQ,,,
2018-06-19,2.2,2.2,2.1,2.15,32042,EQ,,,
2018-06-20,2.15,2.15,2.05,2.05,24502,EQ,,,
2018-06-21,2.1,2.1,2.05,2.05,14446,EQ,,,
2018-06-22,2.05,2.1,2.0,2.05,17140,EQ,,,
2018-06-25,2.05,2.05,1.95,2.0,15546,EQ,,,
2018-06-26,2.0,2.05,1.95,2.0,21840,EQ,,,
2018-06-27,2.0,2.05,1.95,1.95,33918,EQ,,,
2018-06-28,1.95,1.95,1.9,1.95,19333,EQ,,,
2018-06-29,1.95,2.05,1.95,2.0,24626,EQ,,,
2018-07-02,2.0,2.05,2.0,2.0,19508,EQ,,,
2018-07-03,1.95,2.0,1.95,2.0,6972,EQ,,,
2018-07-04,1.95,2.0,1.95,1.95,7964,EQ,,,
2018-07-05,1.95,2.0,1.95,1.95,9330,EQ,,,
2018-07-06,1.95,1.95,1.85,1.9,27346,EQ,,,
2018-07-09,1.95,2.0,1.9,1.95,13092,EQ,,,
2018-07-10,1.95,2.0,1.95,1.95,14891,EQ,,,
2018-07-11,1.95,1.95,1.95,1.95,14078,EQ,,,
2018-07-12,1.95,2.1,1.95,2.0,63073,EQ,,,
2018-07-13,1.95,2.0,1.95,1.95,13069,EQ,,,
2018-07-16,1.95,1.95,1.9,1.9,12271,EQ,,,
2018-07-17,1.95,1.95,1.9,1.95,7550,EQ,,,
2018-07-18,1.95,2.0,1.9,1.9,12102,EQ,,,
2018-07-19,1.9,1.95,1.55,1.6,244396,EQ,,,
2018-07-20,1.6,1.6,1.35,1.55,134560,EQ,,,
2018-07-23,1.5,1.55,1.5,1.5,64276,EQ,,,
2018-07-24,1.5,1.6,1.5,1.6,65929,EQ,,,
2018-07-25,1.6,1.7,1.6,1.6,68589,EQ,,,
2018-07-26,1.65,1.65,1.55,1.6,32089,EQ,,,
2018-07-27,1.6,1.65,1.6,1.6,28643,EQ,,,
2018-07-30,1.6,1.65,1.6,1.6,31523,EQ,,,
2018-07-31,1.65,1.7,1.6,1.65,43363,EQ,,,
2018-08-01,1.7,2.0,1.7,2.0,488938,EQ,,,
2018-08-02,2.05,2.05,1.85,1.85,303461,EQ,,,
2018-08-03,1.85,1.95,1.85,1.9,68905,EQ,,,
2018-08-06,1.85,1.9,1.8,1.85,38638,EQ,,,
2018-08-07,1.85,1.9,1.75,1.75,38846,EQ,,,
2018-08-08,1.8,1.8,1.7,1.75,40380,EQ,,,
2018-08-09,1.75,1.8,1.75,1.8,19394,EQ,,,
2018-08-10,1.8,2.0,1.8,1.9,262574,EQ,,,
2018-08-13,1.95,1.95,1.7,1.9,64871,EQ,,,
2018-08-14,1.9,1.95,1.75,1.8,61984,EQ,,,
2018-08-16,1.8,1.9,1.75,1.85,46986,EQ,,,
2018-08-17,1.85,2.0,1.85,1.95,70169,EQ,,,
2018-08-20,1.95,2.1,1.95,1.95,201315,EQ,,,
2018-08-21,1.95,2.0,1.9,1.95,53013,EQ,,,
2018-08-23,1.95,2.0,1.9,1.95,55233,EQ,,,
2018-08-24,2.0,2.05,1.95,2.0,380182,EQ,,,
2018-08-27,2.0,2.0,1.9,1.9,78314,EQ,,,
2018-08-28,1.9,1.9,1.85,1.85,31070,EQ,,,
2018-08-29,1.85,1.9,1.85,1.85,31801,EQ,,,
2018-08-30,1.85,1.9,1.85,1.85,18768,EQ,,,
2018-08-31,1.9,1.9,1.85,1.85,18063,EQ,,,
2018-09-03,1.9,1.9,1.85,1.85,14946,EQ,,,
2018-09-04,1.85,1.9,1.8,1.8,19527,EQ,,,
2018-09-05,1.8,1.8,1.75,1.8,18337,EQ,,,
2018-09-06,1.8,1.85,1.8,1.8,19741,EQ,,,
2018-09-07,1.85,1.85,1.8,1.8,11539,EQ,,,
2018-09-10,1.85,1.95,1.8,1.9,70483,EQ,,,
2018-09-11,1.95,1.95,1.75,1.85,38326,EQ,,,
2018-09-12,1.85,1.85,1.8,1.8,23668,EQ,,,
2018-09-14,1.85,1.9,1.8,1.85,20301,EQ,,,
2018-09-17,1.85,1.9,1.85,1.85,11582,EQ,,,
2018-09-18,1.85,1.9,1.75,1.8,11371,EQ,,,
2018-09-19,1.8,1.85,1.75,1.8,16729,EQ,,,
2018-09-21,1.8,1.95,1.7,1.75,32563,EQ,,,
2018-09-24,1.75,1.8,1.65,1.7,17153,EQ,,,
2018-09-25,1.7,1.75,1.6,1.65,24294,EQ,,,
2018-09-26,1.65,1.7,1.6,1.65,15335,EQ,,,
2018-09-27,1.65,1.7,1.6,1.6,13983,EQ,,,
2018-09-28,1.65,1.65,1.45,1.5,26953,EQ,,,
2018-10-01,1.5,1.5,1.2,1.45,47169,EQ,,,
2018-10-03,1.5,1.65,1.45,1.6,74711,EQ,,,
2018-10-04,1.55,1.6,1.5,1.55,35877,EQ,,,
2018-10-05,1.55,1.6,1.55,1.6,43495,EQ,,,
2018-10-08,1.65,1.7,1.6,1.65,64414,EQ,,,
2018-10-09,1.7,1.7,1.6,1.65,28375,EQ,,,
2018-10-10,1.7,1.7,1.65,1.7,21192,EQ,,,
2018-10-11,1.95,1.95,1.8,1.85,83043,EQ,,,
2018-10-12,1.85,1.9,1.85,1.85,27063,EQ,,,
2018-10-15,1.9,1.9,1.7,1.8,36039,EQ,,,
2018-10-16,1.9,1.95,1.85,1.9,27510,EQ,,,
2018-10-17,1.95,1.95,1.85,1.85,36293,EQ,,,
2018-10-19,1.85,1.9,1.7,1.75,38644,EQ,,,
2018-10-22,1.8,1.95,1.75,1.8,19441,EQ,,,
2018-10-23,1.75,1.8,1.6,1.7,28401,EQ,,,
2018-10-24,1.75,1.8,1.7,1.7,13632,EQ,,,
2018-10-25,1.7,1.7,1.7,1.7,12163,EQ,,,
2018-10-26,1.7,1.7,1.65,1.7,19399,EQ,,,
2018-10-29,1.7,1.7,1.6,1.65,10786,EQ,,,
2018-10-30,1.65,1.7,1.65,1.65,14272,EQ,,,
2018-10-31,1.7,1.75,1.7,1.7,17688,EQ,,,
2018-11-01,1.75,1.8,1.7,1.75,15792,EQ,,,
2018-11-02,1.75,1.75,1.7,1.75,12059,EQ,,,
2018-11-05,1.8,1.8,1.7,1.75,9383,EQ,,,
2018-11-06,1.75,1.85,1.7,1.7,63802,EQ,,,
2018-11-07,1.7,1.7,1.55,1.7,25894,EQ,,,
2018-11-09,1.7,1.7,1.65,1.65,15451,EQ,,,
2018-11-12,1.65,1.7,1.6,1.65,14498,EQ,,,
2018-11-13,1.65,1.7,1.6,1.65,35180,EQ,,,
2018-11-14,1.65,1.65,1.6,1.6,14272,EQ,,,
2018-11-15,1.6,1.65,1.6,1.6,7718,EQ,,,
2018-11-16,1.6,1.65,1.55,1.6,23023,EQ,,,
2018-11-19,1.6,1.6,1.55,1.6,11302,EQ,,,
2018-11-20,1.6,1.65,1.6,1.65,20754,EQ,,,
2018-11-21,1.65,1.7,1.6,1.65,26236,EQ,,,
2018-11-22,1.65,1.65,1.6,1.65,9904,EQ,,,
2018-11-26,1.6,1.7,1.6,1.7,53167,EQ,,,
2018-11-27,1.65,1.7,1.6,1.65,15043,EQ,,,
2018-11-28,1.6,1.65,1.6,1.65,4677,EQ,,,
2018-11-29,1.6,1.65,1.6,1.6,6303,EQ,,,
2018-11-30,1.6,1.7,1.6,1.65,34672,EQ,,,
2018-12-03,1.65,1.7,1.6,1.6,29722,EQ,,,
2018-12-04,1.6,1.65,1.6,1.6,16670,EQ,,,
2018-12-05,1.6,1.6,1.6,1.6,6619,EQ,,,
2018-12-06,1.6,1.6,1.55,1.6,16085,EQ,,,
2018-12-07,1.6,1.6,1.55,1.6,6467,EQ,,,
2018-12-10,1.6,1.6,1.5,1.55,11740,EQ,,,
2018-12-11,1.5,1.6,1.45,1.55,9619,EQ,,,
2018-12-12,1.55,1.6,1.55,1.55,17838,EQ,,,
2018-12-13,1.55,1.6,1.55,1.55,21597,EQ,,,
2018-12-14,1.55,1.55,1.55,1.55,5579,EQ,,,
2018-12-17,1.55,1.6,1.55,1.55,4480,EQ,,,
2018-12-18,1.55,1.6,1.55,1.55,16317,EQ,,,
2018-12-19,1.55,1.75,1.55,1.7,132727,EQ,,,
2018-12-20,1.7,1.8,1.65,1.7,200138,EQ,,,
2018-12-21,1.7,1.75,1.65,1.65,27100,EQ,,,
2018-12-24,1.65,1.65,1.6,1.65,22650,EQ,,,
2018-12-26,1.65,1.65,1.4,1.55,236821,EQ,,,
2018-12-27,1.55,1.6,1.55,1.55,26025,EQ,,,
2018-12-28,1.55,1.6,1.55,1.6,35178,EQ,,,
2018-12-31,1.65,1.7,1.55,1.6,123434,EQ,,,
2019-01-01,1.6,1.65,1.55,1.6,34466,EQ,,,
2019-01-02,1.6,1.6,1.6,1.6,21396,EQ,,,
2019-01-03,1.6,1.6,1.55,1.55,16453,EQ,,,
2019-01-04,1.6,1.6,1.55,1.6,17568,EQ,,,
2019-01-07,1.6,1.6,1.5,1.55,19893,EQ,,,
2019-01-08,1.55,1.55,1.5,1.55,18322,EQ,,,
2019-01-09,1.55,1.6,1.55,1.55,15156,EQ,,,
2019-01-10,1.55,1.6,1.55,1.55,16087,EQ,,,
2019-01-11,1.55,1.55,1.55,1.55,11523,EQ,,,
2019-01-14,1.55,1.55,1.55,1.55,9695,EQ,,,
2019-01-15,1.55,1.55,1.55,1.55,23578,EQ,,,
2019-01-16,1.55,1.55,1.5,1.55,19165,EQ,,,
2019-01-17,1.55,1.55,1.5,1.5,12859,EQ,,,
2019-01-18,1.55,1.55,1.5,1.5,8905,EQ,,,
2019-01-21,1.5,1.5,1.4,1.4,48145,EQ,,,
2019-01-22,1.45,1.45,1.4,1.45,38561,EQ,,,
2019-01-23,1.35,1.4,1.3,1.35,130909,EQ,,,
2019-01-24,1.35,1.35,1.3,1.3,32273,EQ,,,
2019-01-25,1.35,1.35,1.3,1.3,33274,EQ,,,
2019-01-28,1.3,1.35,1.25,1.3,30901,EQ,,,
2019-01-29,1.3,1.35,1.3,1.3,8932,EQ,,,
2019-01-30,1.3,1.35,1.3,1.3,13196,EQ,,,
2019-01-31,1.3,1.3,1.3,1.3,13826,EQ,,,
2019-02-01,1.25,1.3,1.25,1.25,13827,EQ,,,
2019-02-04,1.25,1.3,1.2,1.2,21659,EQ,,,
2019-02-05,1.2,1.25,1.2,1.2,10156,EQ,,,
2019-02-06,1.25,1.25,1.15,1.15,22537,EQ,,,
2019-02-07,1.15,1.2,1.15,1.15,16694,EQ,,,
2019-02-08,1.2,1.25,1.1,1.25,32442,EQ,,,
2019-02-11,1.25,1.35,1.2,1.25,48481,EQ,,,
2019-02-12,1.25,1.25,1.2,1.2,7526,EQ,,,
2019-02-13,1.2,1.25,1.2,1.2,5283,EQ,,,
2019-02-14,1.2,1.2,1.15,1.15,19279,EQ,,,
2019-02-15,1.15,1.25,1.15,1.2,31220,EQ,,,
2019-02-18,1.2,1.2,1.15,1.15,24891,EQ,,,
2019-02-19,1.15,1.2,1.15,1.2,5850,EQ,,,
2019-02-20,1.2,1.2,1.15,1.15,9075,EQ,,,
2019-02-21,1.15,1.2,1.15,1.2,9894,EQ,,,
2019-02-22,1.2,1.3,1.2,1.2,21195,EQ,,,
2019-02-25,1.2,1.25,1.2,1.25,8023,EQ,,,
2019-02-26,1.2,1.25,1.2,1.2,10776,EQ,,,
2019-02-27,1.2,1.25,1.15,1.15,14196,EQ,,,
2019-02-28,1.2,1.2,1.2,1.2,7141,EQ,,,
2019-03-01,1.2,1.25,1.2,1.2,31405,EQ,,,
2019-03-05,1.25,1.35,1.2,1.3,76077,EQ,,,
2019-03-06,1.3,1.4,1.3,1.35,65764,EQ,,,
2019-03-07,1.35,1.35,1.3,1.3,21630,EQ,,,
2019-03-08,1.3,1.3,1.3,1.3,13616,EQ,,,
2019-03-11,1.3,1.35,1.3,1.3,14843,EQ,,,
2019-03-12,1.35,1.4,1.35,1.4,68628,EQ,,,
2019-03-13,1.4,1.65,1.4,1.6,563108,EQ,,,
2019-03-14,1.6,1.7,1.5,1.55,249645,EQ,,,
2019-03-15,1.55,1.6,1.45,1.5,57534,EQ,,,
2019-03-18,1.5,1.55,1.4,1.45,41430,EQ,,,
2019-03-19,1.45,1.5,1.45,1.45,29400,EQ,,,
2019-03-20,1.45,1.5,1.4,1.4,26935,EQ,,,
2019-03-22,1.4,1.45,1.4,1.45,45145,EQ,,,
2019-03-25,1.45,1.45,1.4,1.4,29533,EQ,,,
2019-03-26,1.4,1.4,1.35,1.4,23166,EQ,,,
2019-03-27,1.4,1.4,1.35,1.35,40347,EQ,,,
2019-03-28,1.35,1.5,1.35,1.4,68134,EQ,,,
2019-03-29,1.4,1.4,1.35,1.4,30893,EQ,,,
2019-04-01,1.4,1.5,1.4,1.4,26484,EQ,,,
2019-04-02,1.4,1.45,1.4,1.4,17367,EQ,,,
2019-04-03,1.4,1.45,1.4,1.4,13237,EQ,,,
2019-04-04,1.4,1.45,1.4,1.4,7225,EQ,,,
2019-04-05,1.4,1.45,1.4,1.4,15516,EQ,,,
2019-04-08,1.4,1.4,1.4,1.4,10411,EQ,,,
2019-04-09,1.4,1.4,1.4,1.4,8888,EQ,,,
2019-04-10,1.4,1.4,1.4,1.4,10610,EQ,,,
2019-04-11,1.4,1.4,1.35,1.35,20082,EQ,,,
2019-04-12,1.35,1.4,1.3,1.35,21288,EQ,,,
2019-04-15,1.35,1.5,1.35,1.35,28515,EQ,,,
2019-04-16,1.35,1.4,1.35,1.35,16238,EQ,,,
2019-04-18,1.35,1.4,1.3,1.35,13006,EQ,,,
2019-04-22,1.35,1.35,1.3,1.35,14021,EQ,,,
2019-04-23,1.35,1.35,1.3,1.3,9551,EQ,,,
2019-04-24,1.3,1.35,1.3,1.3,4543,EQ,,,
2019-04-25,1.3,1.35,1.3,1.3,6571,EQ,,,
2019-04-26,1.3,1.35,1.3,1.3,7950,EQ,,,
2019-04-30,1.3,1.35,1.25,1.3,17271,EQ,,,
2019-05-02,1.3,1.3,1.25,1.25,8640,EQ,,,
2019-05-03,1.25,1.3,1.25,1.25,10314,EQ,,,
2019-05-06,1.25,1.25,1.2,1.2,17366,EQ,,,
2019-05-07,1.2,1.25,1.2,1.2,11995,EQ,,,
2019-05-08,1.2,1.25,1.15,1.2,21782,EQ,,,
2019-05-09,1.2,1.2,1.15,1.2,9256,EQ,,,
2019-05-10,1.2,1.25,1.2,1.2,12029,EQ,,,
2019-05-13,1.25,1.25,1.2,1.2,10076,EQ,,,
2019-05-14,1.2,1.2,1.15,1.2,12048,EQ,,,
2019-05-15,1.2,1.35,1.2,1.2,23970,EQ,,,
2019-05-16,1.2,1.2,1.2,1.2,5946,EQ,,,
2019-05-17,1.2,1.2,1.2,1.2,12278,EQ,,,
2019-05-20,1.25,1.3,1.2,1.25,14453,EQ,,,
2019-05-21,1.25,1.25,1.2,1.2,16248,EQ,,,
2019-05-22,1.2,1.25,1.2,1.2,18210,EQ,,,
2019-05-23,1.2,1.25,1.15,1.2,28305,EQ,,,
2019-05-24,1.2,1.2,1.2,1.2,33421,EQ,,,
2019-05-27,1.2,1.45,1.2,1.4,252163,EQ,,,
2019-05-28,1.4,1.5,1.35,1.4,138305,EQ,,,
2019-05-29,1.45,1.5,1.45,1.45,66783,EQ,,,
2019-05-30,1.5,1.5,1.4,1.4,65225,EQ,,,
2019-05-31,1.4,1.45,1.35,1.35,21989,EQ,,,
2019-06-03,1.4,1.5,1.35,1.45,131630,EQ,,,
2019-06-04,1.45,1.5,1.4,1.4,33140,EQ,,,
2019-06-06,1.45,1.45,1.35,1.35,13593,EQ,,,
2019-06-07,1.35,1.4,1.3,1.3,17353,EQ,,,
2019-06-10,1.3,1.35,1.3,1.3,16041,EQ,,,
2019-06-11,1.3,1.3,1.25,1.3,16197,EQ,,,
2019-06-12,1.3,1.3,1.25,1.3,10227,EQ,,,
2019-06-13,1.3,1.3,1.25,1.25,18522,EQ,,,
2019-06-14,1.3,1.3,1.25,1.25,13711,EQ,,,
2019-06-17,1.25,1.25,1.2,1.2,17014,EQ,,,
2019-06-18,1.2,1.2,1.2,1.2,8491,EQ,,,
2019-06-19,1.2,1.2,1.1,1.15,20970,EQ,,,
2019-06-20,1.15,1.2,1.1,1.15,14474,EQ,,,
2019-06-21,1.15,1.2,1.15,1.15,14001,EQ,,,
2019-06-24,1.2,1.25,1.15,1.2,8466,EQ,,,
2019-06-25,1.2,1.2,1.15,1.2,7510,EQ,,,
2019-06-26,1.2,1.3,1.2,1.25,24825,EQ,,,
2019-06-27,1.25,1.3,1.2,1.2,11845,EQ,,,
2019-06-28,1.2,1.25,1.2,1.2,10505,EQ,,,
2019-07-01,1.2,1.2,1.15,1.2,9428,EQ,,,
2019-07-02,1.2,1.2,1.15,1.15,10016,EQ,,,
2019-07-03,1.15,1.2,1.15,1.2,8411,EQ,,,
2019-07-04,1.2,1.2,1.15,1.15,18567,EQ,,,
2019-07-05,1.15,1.15,1.1,1.15,8624,EQ,,,
2019-07-08,1.15,1.15,1.1,1.15,14210,EQ,,,
2019-07-09,1.15,1.15,1.1,1.1,10753,EQ,,,
2019-07-10,1.15,1.2,1.1,1.15,16231,EQ,,,
2019-07-11,1.15,1.15,1.15,1.15,5672,EQ,,,
2019-07-12,1.15,1.15,1.1,1.1,10122,EQ,,,
2019-07-15,1.1,1.15,1.1,1.1,16593,EQ,,,
2019-07-16,1.1,1.1,1.05,1.05,18229,EQ,,,
2019-07-17,1.05,1.15,1.05,1.1,25010,EQ,,,
2019-07-18,1.1,1.15,1.05,1.05,34538,EQ,,,
2019-07-19,1.1,1.1,1.05,1.05,17313,EQ,,,
2019-07-22,1.05,1.1,1.05,1.1,21637,EQ,,,
2019-07-23,1.2,1.3,1.2,1.3,200710,EQ,,,
2019-07-24,1.45,1.5,1.35,1.35,804948,EQ,,,
2019-07-25,1.35,1.4,1.3,1.35,151508,EQ,,,
2019-07-26,1.3,1.35,1.25,1.3,41913,EQ,,,
2019-07-29,1.25,1.3,1.2,1.2,42695,EQ,,,
2019-07-30,1.2,1.4,1.2,1.25,147155,EQ,,,
2019-07-31,1.2,1.25,1.2,1.2,57787,EQ,,,
2019-08-01,1.2,1.25,1.2,1.2,24555,EQ,,,
2019-08-02,1.2,1.3,1.2,1.25,43076,EQ,,,
2019-08-05,1.25,1.35,1.2,1.3,35453,EQ,,,
2019-08-06,1.3,1.35,1.25,1.3,24444,EQ,,,
2019-08-07,1.3,1.35,1.3,1.3,37232,EQ,,,
2019-08-08,1.3,1.35,1.25,1.3,18039,EQ,,,
2019-08-09,1.35,1.35,1.3,1.3,20347,EQ,,,
2019-08-13,1.3,1.3,1.25,1.25,19641,EQ,,,
2019-08-14,1.3,1.3,1.25,1.25,12367,EQ,,,
2019-08-16,1.3,1.3,1.25,1.3,15000,EQ,,,
2019-08-19,1.35,1.4,1.3,1.35,87928,EQ,,,
2019-08-20,1.35,1.35,1.3,1.3,27510,EQ,,,
2019-08-21,1.3,1.3,1.25,1.25,13746,EQ,,,
2019-08-22,1.25,1.3,1.25,1.25,23414,EQ,,,
2019-08-23,1.25,1.3,1.2,1.25,30980,EQ,,,
2019-08-26,1.35,1.35,1.3,1.3,54443,EQ,,,
2019-08-27,1.3,1.35,1.3,1.3,28680,EQ,,,
2019-08-28,1.35,1.35,1.3,1.3,38308,EQ,,,
2019-08-29,1.3,1.35,1.3,1.3,16014,EQ,,,
2019-08-30,1.3,1.3,1.3,1.3,15917,EQ,,,
2019-09-03,1.3,1.3,1.3,1.3,11990,EQ,,,
2019-09-04,1.3,1.3,1.25,1.3,17228,EQ,,,
2019-09-05,1.3,1.3,1.3,1.3,16510,EQ,,,
2019-09-06,1.3,1.35,1.3,1.3,27605,EQ,,,
2019-09-09,1.35,1.35,1.3,1.35,28704,EQ,,,
2019-09-11,1.35,1.4,1.35,1.35,56803,EQ,,,
2019-09-12,1.35,1.4,1.35,1.4,38913,EQ,,,
2019-09-13,1.35,1.45,1.35,1.4,66599,EQ,,,
2019-09-16,1.4,1.5,1.4,1.45,60637,EQ,,,
2019-09-17,1.45,1.5,1.4,1.45,28064,EQ,,,
2019-09-18,1.4,1.45,1.4,1.4,25194,EQ,,,
2019-09-19,1.4,1.4,1.35,1.4,24713,EQ,,,
2019-09-20,1.4,1.4,1.4,1.4,31108,EQ,,,
2019-09-23,1.45,1.5,1.4,1.4,32525,EQ,,,
2019-09-24,1.4,1.45,1.4,1.4,20520,EQ,,,
2019-09-25,1.4,1.4,1.4,1.4,18210,EQ,,,
2019-09-26,1.4,1.4,1.4,1.4,17101,EQ,,,
2019-09-27,1.45,1.45,1.4,1.4,13824,EQ,,,
2019-09-30,1.4,1.4,1.4,1.4,13895,EQ,406.0,34.22,7090.0
2019-10-01,1.4,1.4,1.35,1.35,14127,EQ,370.0,38.18,9734.0
2019-10-03,1.35,1.4,1.3,1.35,9603,EQ,430.0,22.33,6016.0
2019-10-04,1.35,1.35,1.3,1.3,17478,EQ,740.0,23.62,11114.0
2019-10-07,1.3,1.3,1.25,1.25,21493,EQ,427.0,50.33,18478.0
2019-10-09,1.25,1.45,1.25,1.4,108049,EQ,2752.0,39.26,37574.0
2019-10-10,1.4,1.4,1.35,1.4,12203,EQ,423.0,28.85,9056.0
2019-10-11,1.4,1.4,1.35,1.35,8894,EQ,353.0,25.2,6246.0
2019-10-14,1.35,1.4,1.35,1.4,12897,EQ,446.0,28.92,10837.0
2019-10-15,1.4,1.4,1.35,1.4,8048,EQ,300.0,26.83,6252.0
2019-10-16,1.4,1.4,1.35,1.35,2823,EQ,162.0,17.43,1923.0
2019-10-17,1.4,1.4,1.35,1.35,15036,EQ,554.0,27.14,11630.0
2019-10-18,1.35,1.4,1.35,1.35,24896,EQ,624.0,39.9,16015.0
2019-10-22,1.35,1.4,1.35,1.4,22186,EQ,607.0,36.55,13544.0
2019-10-23,1.4,1.65,1.4,1.6,667757,EQ,11153.0,59.87,205978.0
2019-10-24,1.65,1.7,1.55,1.6,138266,EQ,3484.0,39.69,58961.0
2019-10-25,1.6,1.85,1.6,1.75,267287,EQ,7391.0,36.16,69594.0
2019-10-29,1.75,1.8,1.7,1.75,67244,EQ,2242.0,29.99,33598.0
2019-10-30,1.75,1.8,1.7,1.75,50684,EQ,1724.0,29.4,18248.0
2019-10-31,1.75,1.85,1.75,1.8,57453,EQ,1872.0,30.69,32019.0
2019-11-01,1.8,2.0,1.8,1.95,218060,EQ,5572.0,39.13,91422.0
2019-11-04,1.95,2.05,1.95,2.05,160214,EQ,3866.0,41.44,68734.0
2019-11-05,2.05,2.1,2.0,2.05,130181,EQ,3433.0,37.92,66370.0
2019-11-06,2.05,2.1,2.0,2.05,63084,EQ,1516.0,41.61,34623.0
2019-11-07,2.05,2.05,2.0,2.05,54538,EQ,1582.0,34.47,35572.0
2019-11-08,2.05,2.3,2.0,2.2,323456,EQ,6936.0,46.63,128557.0
2019-11-11,2.25,2.4,2.0,2.05,713072,EQ,14599.0,48.84,272872.0
2019-11-13,2.1,2.2,1.95,2.0,252600,EQ,5375.0,47.0,136028.0
2019-11-14,2.0,2.15,1.95,2.0,195051,EQ,5464.0,35.7,70859.0
2019-11-15,2.1,2.1,2.0,2.0,93791,EQ,2694.0,34.81,42085.0
2019-11-18,2.05,2.05,2.05,2.05,74743,EQ,1385.0,53.97,42066.0
2019-11-19,2.05,2.1,1.9,1.95,120589,EQ,4307.0,28.0,78428.0
2019-11-20,1.95,2.05,1.95,2.0,154543,EQ,6539.0,23.63,77625.0
2019-11-21,2.0,2.0,1.9,1.95,47531,EQ,1788.0,26.58,22503.0
2019-11-22,1.95,1.95,1.9,1.9,41177,EQ,986.0,41.76,21882.0
2019-11-25,1.9,1.95,1.85,1.9,33157,EQ,898.0,36.92,19355.0
2019-11-26,1.9,1.9,1.85,1.85,29729,EQ,950.0,31.29,16666.0
2019-11-27,1.85,1.9,1.8,1.85,50093,EQ,1039.0,48.21,27179.0
2019-11-28,1.85,2.05,1.85,2.0,203726,EQ,6642.0,30.67,67836.0
2019-11-29,2.0,2.1,2.0,2.0,123306,EQ,3956.0,31.17,51564.0
2019-12-02,2.0,2.1,2.0,2.05,71681,EQ,2233.0,32.1,37748.0
2019-12-03,2.05,2.05,2.0,2.0,33935,EQ,1139.0,29.79,20659.0
2019-12-04,2.0,2.0,1.95,2.0,44581,EQ,1812.0,24.6,19209.0
2019-12-05,2.0,2.05,1.95,1.95,28489,EQ,994.0,28.66,14402.0
2019-12-06,2.0,2.0,1.95,1.95,30581,EQ,829.0,36.89,14951.0
2019-12-09,1.95,2.0,1.95,2.0,32360,EQ,852.0,37.98,23841.0
2019-12-10,2.0,2.05,1.9,1.95,35012,EQ,917.0,38.18,20935.0
2019-12-11,1.95,2.0,1.9,1.95,23614,EQ,678.0,34.83,11694.0
2019-12-12,1.95,2.0,1.9,1.95,28266,EQ,1150.0,24.58,17273.0
2019-12-13,1.95,2.0,1.9,1.95,23256,EQ,785.0,29.63,12235.0
2019-12-16,1.9,1.95,1.9,1.95,18609,EQ,1126.0,16.53,9043.0
2019-12-17,1.95,2.0,1.95,2.0,42890,EQ,1164.0,36.85,21924.0
2019-12-18,2.0,2.0,1.95,2.0,26801,EQ,771.0,34.76,17181.0
2019-12-19,2.0,2.1,1.95,2.05,109608,EQ,2541.0,43.14,57769.0
2019-12-20,2.05,2.1,2.0,2.05,65219,EQ,1326.0,49.18,37547.0
2019-12-23,2.05,2.1,2.0,2.0,51489,EQ,1219.0,42.24,32424.0
2019-12-24,2.05,2.1,2.05,2.05,35924,EQ,955.0,37.62,18200.0
2019-12-26,2.05,2.15,2.05,2.1,153655,EQ,3805.0,40.38,67595.0
2019-12-27,2.15,2.25,2.15,2.2,228567,EQ,6266.0,36.48,86924.0
2019-12-30,2.2,2.2,2.2,2.2,72606,EQ,1692.0,42.91,39157.0
2019-12-31,2.2,2.25,2.15,2.2,57063,EQ,1316.0,43.36,30304.0
2020-01-01,2.2,2.25,2.2,2.2,27199,EQ,921.0,29.53,16374.0
2020-01-02,2.2,2.3,2.2,2.25,61435,EQ,1984.0,30.97,22332.0
2020-01-03,2.25,2.25,2.15,2.15,65891,EQ,2007.0,32.83,43543.0
2020-01-06,2.15,2.15,1.9,2.0,116642,EQ,3147.0,37.06,56774.0
2020-01-07,2.05,2.1,2.05,2.05,50637,EQ,1242.0,40.77,25219.0
2020-01-08,2.0,2.0,1.95,2.0,72423,EQ,2214.0,32.71,35103.0
2020-01-09,2.05,2.15,2.05,2.1,79634,EQ,2271.0,35.07,43470.0
2020-01-10,2.1,2.15,2.1,2.1,44834,EQ,1341.0,33.43,28615.0
2020-01-13,2.15,2.25,2.15,2.25,149583,EQ,3077.0,48.61,96034.0
2020-01-14,2.25,2.45,2.25,2.4,469313,EQ,10077.0,46.57,177256.0
2020-01-15,2.45,2.45,2.3,2.35,248463,EQ,5098.0,48.74,123143.0
2020-01-16,2.4,2.45,2.4,2.4,113159,EQ,2341.0,48.34,60114.0
2020-01-17,2.45,2.55,2.4,2.5,302895,EQ,5603.0,54.06,146798.0
2020-01-20,2.55,2.6,2.5,2.5,474324,EQ,7399.0,64.11,206826.0
2020-01-21,2.5,2.5,2.3,2.35,228987,EQ,5528.0,41.42,137333.0
2020-01-22,2.35,2.35,2.25,2.25,113914,EQ,2982.0,38.2,73719.0
2020-01-23,2.3,2.45,2.3,2.4,171864,EQ,3790.0,45.35,68130.0
2020-01-24,2.4,2.45,2.35,2.4,72951,EQ,2168.0,33.65,37077.0
2020-01-27,2.4,2.45,2.3,2.35,48536,EQ,1581.0,30.7,25697.0
2020-01-28,2.35,2.4,2.25,2.3,60154,EQ,2799.0,21.49,29035.0
2020-01-29,2.3,2.35,2.25,2.3,41397,EQ,1677.0,24.69,20064.0
2020-01-30,2.3,2.3,2.15,2.2,72114,EQ,2044.0,35.28,44351.0
2020-01-31,2.2,2.25,2.2,2.2,53710,EQ,1526.0,35.2,25010.0
2020-02-03,2.15,2.25,2.1,2.2,66015,EQ,2701.0,24.44,36508.0
2020-02-04,2.25,2.3,2.2,2.3,57879,EQ,1986.0,29.14,32274.0
2020-02-05,2.3,2.4,2.3,2.3,51979,EQ,2117.0,24.55,21133.0
2020-02-06,2.3,2.35,2.2,2.25,49966,EQ,1541.0,32.42,30352.0
2020-02-07,2.25,2.3,2.2,2.25,30526,EQ,950.0,32.13,18053.0
2020-02-10,2.2,2.25,2.15,2.2,45568,EQ,1332.0,34.21,30970.0
2020-02-11,2.2,2.25,2.1,2.15,55712,EQ,1524.0,36.56,35878.0
2020-02-12,2.15,2.2,2.15,2.15,48984,EQ,1461.0,33.53,32952.0
2020-02-13,2.15,2.2,2.15,2.2,47085,EQ,1356.0,34.72,21205.0
2020-02-14,2.2,2.2,2.1,2.15,47623,EQ,1648.0,28.9,29134.0
2020-02-17,2.15,2.25,2.15,2.2,101667,EQ,2650.0,38.36,48306.0
2020-02-18,2.2,2.25,2.2,2.2,61963,EQ,1517.0,40.85,38329.0
2020-02-19,2.25,2.4,2.2,2.35,191369,EQ,4478.0,42.74,101963.0
2020-02-20,2.4,2.4,2.3,2.35,78571,EQ,2324.0,33.81,46675.0
2020-02-24,2.3,2.3,2.15,2.2,69907,EQ,2216.0,31.55,44428.0
2020-02-25,2.2,2.25,2.15,2.2,57556,EQ,1533.0,37.54,34499.0
2020-02-26,2.15,2.2,2.15,2.15,48717,EQ,1242.0,39.22,27517.0
2020-02-27,2.15,2.15,2.0,2.05,107803,EQ,2557.0,42.16,77190.0
2020-02-28,1.95,2.0,1.65,1.8,171548,EQ,3656.0,46.92,117389.0
2020-03-02,1.85,2.0,1.8,1.9,149417,EQ,3983.0,37.51,56901.0
2020-03-03,1.95,1.95,1.85,1.9,52862,EQ,1722.0,30.7,20553.0
2020-03-04,1.95,1.95,1.8,1.85,53342,EQ,1931.0,27.62,28713.0
2020-03-05,1.9,1.95,1.85,1.9,47280,EQ,1412.0,33.48,20996.0
2020-03-06,1.8,1.85,1.8,1.85,63029,EQ,2107.0,29.91,32626.0
2020-03-09,1.75,1.8,1.7,1.7,61069,EQ,1868.0,32.69,40344.0
2020-03-11,1.75,1.85,1.7,1.8,71048,EQ,1732.0,41.02,40734.0
2020-03-12,1.65,1.7,1.65,1.65,83336,EQ,1900.0,43.86,61598.0
2020-03-13,1.5,1.75,1.45,1.7,87391,EQ,1896.0,46.09,40983.0
2020-03-16,1.65,1.75,1.55,1.6,37038,EQ,1462.0,25.33,18971.0
2020-03-17,1.6,1.65,1.6,1.6,39486,EQ,1108.0,35.64,21167.0
2020-03-18,1.65,1.65,1.3,1.35,85068,EQ,2414.0,35.24,55650.0
2020-03-19,1.35,1.4,1.2,1.4,63077,EQ,2135.0,29.54,38207.0
2020-03-20,1.45,1.5,1.35,1.45,50236,EQ,1415.0,35.5,30404.0
2020-03-23,1.3,1.35,1.2,1.25,60044,EQ,1538.0,39.04,38529.0
2020-03-24,1.25,1.35,1.2,1.25,42468,EQ,1059.0,40.1,24084.0
2020-03-25,1.25,1.45,1.2,1.3,56470,EQ,1260.0,44.82,35188.0
2020-03-26,1.4,1.45,1.3,1.4,88201,EQ,1839.0,47.96,51871.0
2020-03-27,1.45,1.5,1.4,1.4,48522,EQ,1366.0,35.52,28930.0
2020-03-30,1.4,1.4,1.35,1.35,51593,EQ,1225.0,42.12,28749.0
2020-03-31,1.35,1.45,1.35,1.4,49080,EQ,1331.0,36.87,25278.0
2020-04-01,1.45,1.45,1.35,1.4,33047,EQ,1083.0,30.51,17930.0
2020-04-03,1.4,1.45,1.4,1.45,21607,EQ,739.0,29.24,14265.0
2020-04-07,1.5,1.65,1.45,1.6,80476,EQ,2675.0,30.08,41498.0
2020-04-08,1.55,1.75,1.55,1.65,78827,EQ,3127.0,25.21,36366.0
2020-04-09,1.7,1.7,1.45,1.65,60255,EQ,1794.0,33.59,29021.0
2020-04-13,1.65,1.7,1.6,1.7,45761,EQ,,,
2020-04-15,1.7,1.8,1.65,1.7,82874,EQ,2633.0,31.48,35931.0
2020-04-16,1.7,1.8,1.65,1.75,29439,EQ,1142.0,25.78,17042.0
2020-04-17,1.8,1.85,1.75,1.8,55725,EQ,1811.0,30.77,25988.0
2020-04-20,1.85,1.85,1.8,1.85,87665,EQ,1759.0,49.84,56277.0
2020-04-21,1.85,1.85,1.75,1.75,59258,EQ,1575.0,37.62,32828.0
2020-04-22,1.75,1.75,1.7,1.75,47125,EQ,1045.0,45.1,29682.0
2020-04-23,1.8,1.8,1.7,1.75,30503,EQ,835.0,36.53,16856.0
2020-04-24,1.75,1.75,1.7,1.7,27929,EQ,1214.0,23.01,12300.0
2020-04-27,1.75,1.75,1.7,1.75,31588,EQ,1213.0,26.04,16249.0
2020-04-28,1.75,1.8,1.75,1.8,36513,EQ,815.0,44.8,26111.0
2020-04-29,1.8,1.85,1.8,1.8,48134,EQ,1398.0,34.43,30009.0
2020-04-30,1.85,1.85,1.75,1.8,33134,EQ,1291.0,25.67,18470.0
2020-05-04,1.75,1.8,1.6,1.65,96789,EQ,2620.0,36.94,43164.0
2020-05-05,1.7,1.7,1.6,1.6,49880,EQ,1124.0,44.38,31884.0
2020-05-06,1.7,1.7,1.6,1.65,15476,EQ,604.0,25.62,8644.0
2020-05-07,1.65,1.7,1.6,1.65,8830,EQ,411.0,21.48,5158.0
2020-05-08,1.7,1.7,1.6,1.6,20469,EQ,868.0,23.58,13295.0
2020-05-11,1.6,1.65,1.6,1.65,23976,EQ,960.0,24.98,11007.0
2020-05-12,1.65,1.65,1.55,1.6,18155,EQ,768.0,23.64,9745.0
2020-05-13,1.7,1.7,1.6,1.6,27515,EQ,759.0,36.25,17167.0
2020-05-14,1.6,1.65,1.6,1.6,13142,EQ,469.0,28.02,8481.0
2020-05-15,1.6,1.65,1.6,1.6,13065,EQ,438.0,29.83,7872.0
2020-05-18,1.65,1.65,1.55,1.55,23312,EQ,774.0,30.12,14097.0
2020-05-19,1.55,1.6,1.55,1.55,12984,EQ,537.0,24.18,8349.0
2020-05-20,1.55,1.6,1.55,1.55,30041,EQ,628.0,47.84,23976.0
2020-05-21,1.55,1.7,1.55,1.65,40818,EQ,1308.0,31.21,22859.0
2020-05-22,1.65,1.7,1.6,1.6,22619,EQ,831.0,27.22,11726.0
2020-05-26,1.65,1.7,1.6,1.65,40501,EQ,1044.0,38.79,23482.0
2020-05-27,1.65,1.7,1.6,1.65,44602,EQ,1444.0,30.89,24488.0
2020-05-28,1.65,1.7,1.65,1.7,68692,EQ,1361.0,50.47,41098.0
2020-05-29,1.65,1.65,1.65,1.65,24146,EQ,654.0,36.92,15613.0
2020-06-01,1.65,1.7,1.65,1.65,42768,EQ,1280.0,33.41,24118.0
2020-06-02,1.7,1.7,1.65,1.65,26459,EQ,946.0,27.97,16721.0
2020-06-03,1.7,1.7,1.7,1.7,42934,EQ,966.0,44.45,27227.0
2020-06-04,1.7,1.7,1.65,1.65,30753,EQ,949.0,32.41,16512.0
2020-06-05,1.7,1.8,1.65,1.75,96683,EQ,2436.0,39.69,40879.0
2020-06-08,1.8,1.85,1.75,1.8,134110,EQ,2385.0,56.23,82671.0
2020-06-09,1.8,1.8,1.7,1.75,53957,EQ,1475.0,36.58,36491.0
2020-06-10,1.85,1.85,1.8,1.8,177296,EQ,3603.0,49.21,72537.0
2020-06-11,1.8,1.8,1.75,1.8,75554,EQ,2050.0,36.86,38377.0
2020-06-12,1.7,1.75,1.7,1.75,48596,EQ,1399.0,34.74,26594.0
2020-06-15,1.85,1.85,1.75,1.8,43169,EQ,1393.0,30.99,26758.0
2020-06-16,1.8,1.8,1.7,1.75,52112,EQ,1833.0,28.43,29138.0
2020-06-17,1.75,1.8,1.7,1.75,36262,EQ,938.0,38.66,19793.0
2020-06-18,1.7,2.0,1.7,1.9,425984,EQ,10749.0,39.63,132706.0
2020-06-19,1.9,2.1,1.9,2.05,299459,EQ,6916.0,43.3,140229.0
2020-06-22,2.1,2.15,2.05,2.05,164012,EQ,4391.0,37.35,89834.0
2020-06-23,2.1,2.1,2.0,2.0,66375,EQ,2483.0,26.73,40520.0
2020-06-24,2.0,2.05,1.9,1.95,94794,EQ,2873.0,32.99,50817.0
2020-06-25,1.9,1.95,1.9,1.9,44383,EQ,1452.0,30.57,25550.0
2020-06-26,1.95,2.0,1.95,1.95,54839,EQ,2510.0,21.85,28634.0
2020-06-29,2.0,2.05,1.95,2.05,139879,EQ,4048.0,34.56,69490.0
2020-06-30,2.05,2.15,2.05,2.1,154334,EQ,4253.0,36.29,70042.0
2020-07-01,2.25,2.45,2.15,2.2,1097058,EQ,21799.0,50.33,275547.0
2020-07-02,2.2,2.25,2.1,2.1,189571,EQ,5126.0,36.98,88528.0
2020-07-03,2.1,2.2,2.1,2.1,113169,EQ,3133.0,36.12,41939.0
2020-07-06,2.15,2.15,2.1,2.1,94390,EQ,2785.0,33.89,54684.0
2020-07-07,2.1,2.2,2.1,2.15,138578,EQ,3439.0,40.3,69480.0
2020-07-08,2.15,2.2,2.1,2.1,139219,EQ,2970.0,46.88,66596.0
2020-07-09,2.1,2.15,2.1,2.1,69591,EQ,1808.0,38.49,37403.0
2020-07-10,2.1,2.15,2.1,2.1,143183,EQ,3061.0,46.78,42138.0
2020-07-13,2.15,2.3,2.1,2.2,442577,EQ,9946.0,44.5,137428.0
2020-07-14,2.2,2.2,2.1,2.15,96216,EQ,2601.0,36.99,48117.0
2020-07-15,2.15,2.2,2.1,2.1,103066,EQ,3053.0,33.76,44446.0
2020-07-16,2.1,2.1,2.05,2.1,70632,EQ,2272.0,31.09,42413.0
2020-07-17,2.1,2.15,2.1,2.1,59526,EQ,2104.0,28.29,24839.0
2020-07-20,2.1,2.15,2.1,2.1,57133,EQ,1992.0,28.68,25284.0
2020-07-21,2.1,2.15,2.1,2.1,56953,EQ,2008.0,28.36,33329.0
2020-07-22,2.1,2.15,2.05,2.1,44564,EQ,1660.0,26.85,27098.0
2020-07-23,2.1,2.1,2.05,2.1,27138,EQ,1088.0,24.94,15991.0
2020-07-24,2.1,2.1,2.05,2.1,56071,EQ,2227.0,25.18,26762.0
2020-07-27,2.1,2.1,2.05,2.05,46852,EQ,1704.0,27.5,24761.0
2020-07-28,2.05,2.1,2.05,2.05,57181,EQ,2025.0,28.24,28289.0
2020-07-29,2.05,2.1,2.05,2.05,73072,EQ,2063.0,35.42,37693.0
2020-07-30,2.1,2.1,2.05,2.05,58080,EQ,2034.0,28.55,34754.0
2020-07-31,2.05,2.1,2.05,2.1,60263,EQ,1984.0,30.37,29346.0
2020-08-03,2.1,2.35,2.1,2.3,603773,EQ,15029.0,40.17,262579.0
2020-08-04,2.35,2.4,2.2,2.25,248326,EQ,7315.0,33.95,101253.0
2020-08-05,2.25,2.3,2.25,2.3,70565,EQ,2169.0,32.53,42613.0
2020-08-06,2.3,2.4,2.25,2.3,130905,EQ,4209.0,31.1,63033.0
2020-08-07,2.3,2.35,2.3,2.3,54436,EQ,1825.0,29.83,32542.0
2020-08-10,2.35,2.6,2.3,2.5,683792,EQ,15361.0,44.51,227169.0
2020-08-11,2.55,2.7,2.5,2.5,351721,EQ,10115.0,34.77,167254.0
2020-08-12,2.5,2.5,2.4,2.45,98550,EQ,3876.0,25.43,52246.0
2020-08-13,2.45,2.55,2.4,2.45,67666,EQ,2612.0,25.91,37143.0
2020-08-14,2.45,2.5,2.3,2.4,109482,EQ,3991.0,27.43,58772.0
2020-08-17,2.4,2.5,2.4,2.45,86422,EQ,3179.0,27.19,47705.0
2020-08-18,2.5,2.55,2.5,2.5,112906,EQ,3189.0,35.4,70350.0
2020-08-19,2.55,2.6,2.55,2.55,106753,EQ,3564.0,29.95,59309.0
2020-08-20,2.5,2.55,2.45,2.55,78937,EQ,3346.0,23.59,47815.0
2020-08-21,2.55,2.6,2.55,2.55,135231,EQ,3941.0,34.31,81256.0
2020-08-24,2.6,2.85,2.6,2.8,494903,EQ,10961.0,45.15,213910.0
2020-08-25,2.85,2.95,2.8,2.85,427521,EQ,11799.0,36.23,207114.0
2020-08-26,2.9,2.95,2.8,2.85,352722,EQ,9557.0,36.91,177856.0
2020-08-27,2.65,2.65,2.5,2.55,619949,EQ,15883.0,39.03,289944.0
2020-08-28,2.55,2.6,2.3,2.35,611886,EQ,15920.0,38.44,303598.0
2020-08-31,2.35,2.4,2.1,2.2,386528,EQ,11884.0,32.53,190671.0
2020-09-01,2.15,2.3,2.15,2.25,147519,EQ,4545.0,32.46,73612.0
2020-09-02,2.25,2.35,2.25,2.3,84148,EQ,2456.0,34.26,49531.0
2020-09-03,2.3,2.35,2.3,2.3,86545,EQ,2469.0,35.05,49449.0
2020-09-04,2.25,2.35,2.2,2.25,81907,EQ,3284.0,24.94,31648.0
2020-09-07,2.3,2.3,2.15,2.2,138835,EQ,5243.0,26.48,74194.0
2020-09-08,2.2,2.25,2.2,2.2,64451,EQ,2012.0,32.03,28806.0
2020-09-09,2.15,2.2,2.1,2.15,81622,EQ,3268.0,24.98,44961.0
2020-09-10,2.15,2.2,2.15,2.15,44872,EQ,1522.0,29.48,25373.0
2020-09-11,2.2,2.2,2.15,2.15,56948,EQ,2038.0,27.94,22404.0
2020-09-14,2.2,2.3,2.2,2.25,104133,EQ,3732.0,27.9,61017.0
2020-09-15,2.3,2.3,2.2,2.2,53941,EQ,2236.0,24.12,34566.0
2020-09-16,2.25,2.25,2.2,2.2,53946,EQ,2504.0,21.54,29082.0
2020-09-17,2.2,2.25,2.2,2.2,44841,EQ,1717.0,26.12,25039.0
2020-09-18,2.2,2.3,2.2,2.3,148691,EQ,4992.0,29.79,66121.0
2020-09-21,2.3,2.3,2.15,2.2,68914,EQ,2739.0,25.16,34590.0
2020-09-22,2.2,2.2,2.0,2.15,60022,EQ,2725.0,22.03,27929.0
2020-09-23,2.2,2.25,2.1,2.15,46451,EQ,2080.0,22.33,22095.0
2020-09-24,2.1,2.15,2.1,2.1,57969,EQ,2249.0,25.78,30780.0
2020-09-25,2.1,2.15,2.1,2.1,65426,EQ,2191.0,29.86,31025.0
2020-09-28,2.15,2.25,2.15,2.2,61431,EQ,,,
2020-09-29,2.2,2.25,2.15,2.15,36064,EQ,1823.0,19.78,18235.0
2020-09-30,2.2,2.2,2.15,2.15,28719,EQ,1543.0,18.61,13067.0
2020-10-01,2.2,2.2,2.2,2.2,36435,EQ,1613.0,22.59,16104.0
2020-10-05,2.2,2.25,2.2,2.2,48937,EQ,1380.0,35.46,24304.0
2020-10-06,2.2,2.2,2.2,2.2,35306,EQ,979.0,36.06,18162.0
2020-10-07,2.2,2.2,2.15,2.15,36581,EQ,1523.0,24.02,15862.0
2020-10-08,2.2,2.2,2.15,2.15,39238,EQ,1487.0,26.39,20122.0
2020-10-09,2.15,2.15,2.1,2.15,29572,EQ,1137.0,26.01,11266.0
2020-10-12,2.15,2.2,2.1,2.15,39419,EQ,1990.0,19.81,17456.0
2020-10-13,2.15,2.15,2.1,2.1,52846,EQ,1654.0,31.95,26817.0
2020-10-14,2.1,2.15,2.1,2.1,23463,EQ,879.0,26.69,14665.0
2020-10-15,2.15,2.15,2.1,2.1,21067,EQ,853.0,24.7,14039.0
2020-10-16,2.1,2.15,2.1,2.1,26435,EQ,1116.0,23.69,12542.0
2020-10-19,2.1,2.1,2.05,2.05,52599,EQ,2034.0,25.86,30434.0
2020-10-20,2.05,2.1,2.05,2.05,36864,EQ,1141.0,32.31,19625.0
2020-10-21,2.05,2.15,2.05,2.1,34034,EQ,1807.0,18.83,10953.0
2020-10-22,2.1,2.1,2.1,2.1,17513,EQ,740.0,23.67,7524.0
2020-10-23,2.1,2.15,2.0,2.1,43318,EQ,1707.0,25.38,27132.0
2020-10-26,2.1,2.15,2.05,2.05,38437,EQ,1513.0,25.4,24282.0
2020-10-27,2.05,2.1,2.05,2.1,24127,EQ,889.0,27.14,11852.0
2020-10-28,2.1,2.1,2.05,2.1,19574,EQ,893.0,21.92,11121.0
2020-10-29,2.05,2.1,2.0,2.05,34336,EQ,1487.0,23.09,21209.0
2020-10-30,2.1,2.15,2.05,2.1,35732,EQ,1153.0,30.99,19552.0
2020-11-02,2.1,2.1,2.05,2.05,22329,EQ,1006.0,22.2,10980.0
2020-11-03,2.1,2.1,2.1,2.1,39790,EQ,1709.0,23.28,24237.0
2020-11-04,2.05,2.1,2.05,2.1,42702,EQ,1504.0,28.39,22106.0
2020-11-05,2.1,2.15,2.1,2.15,84761,EQ,1921.0,44.12,46592.0
2020-11-06,2.1,2.1,2.0,2.05,151608,EQ,4141.0,36.61,82871.0
2020-11-09,2.05,2.05,1.95,1.95,165043,EQ,5318.0,31.03,105452.0
2020-11-10,1.95,2.0,1.9,1.95,69858,EQ,2403.0,29.07,34641.0
2020-11-11,1.95,2.0,1.95,1.95,28001,EQ,1157.0,24.2,15084.0
2020-11-12,1.95,2.0,1.95,1.95,33180,EQ,921.0,36.03,18242.0
2020-11-13,1.95,2.0,1.95,1.95,48371,EQ,1546.0,31.29,24989.0
2020-11-17,2.0,2.3,2.0,2.25,493367,EQ,9764.0,50.53,217451.0
2020-11-18,2.25,2.3,2.15,2.2,228544,EQ,4798.0,47.63,112991.0
2020-11-19,2.2,2.2,2.1,2.15,106437,EQ,3018.0,35.27,59942.0
2020-11-20,2.15,2.2,2.15,2.15,67327,EQ,2137.0,31.51,30780.0
2020-11-23,2.15,2.45,2.15,2.35,1675715,EQ,27249.0,61.5,373374.0
2020-11-24,2.35,2.4,2.3,2.3,211006,EQ,5218.0,40.44,97351.0
2020-11-25,2.35,2.35,2.25,2.25,106156,EQ,3229.0,32.88,56821.0
2020-11-26,2.25,2.3,2.2,2.25,49428,EQ,1591.0,31.07,21281.0
2020-11-27,2.25,2.35,2.25,2.3,62801,EQ,2038.0,30.82,33120.0
2020-12-01,2.3,2.35,2.25,2.35,157197,EQ,3709.0,42.38,86242.0
2020-12-02,2.35,2.4,2.3,2.35,143709,EQ,2847.0,50.48,84278.0
2020-12-03,2.4,2.4,2.3,2.35,128818,EQ,2935.0,43.89,73490.0
2020-12-04,2.4,2.55,2.35,2.5,612460,EQ,11923.0,51.37,263507.0
2020-12-07,2.55,2.6,2.5,2.5,408294,EQ,8913.0,45.81,203386.0
2020-12-08,2.6,2.65,2.5,2.55,359224,EQ,8240.0,43.6,154083.0
2020-12-09,2.55,2.6,2.5,2.5,117764,EQ,2976.0,39.57,61440.0
2020-12-10,2.5,2.5,2.4,2.45,99800,EQ,2990.0,33.38,49686.0
2020-12-11,2.45,2.55,2.45,2.5,151541,EQ,3648.0,41.54,89218.0
2020-12-14,2.55,2.6,2.5,2.5,96679,EQ,2483.0,38.94,59967.0
2020-12-15,2.5,2.5,2.45,2.45,62523,EQ,1796.0,34.81,40894.0
2020-12-16,2.45,2.55,2.45,2.5,113541,EQ,2255.0,50.35,68841.0
2020-12-17,2.5,2.5,2.45,2.5,60209,EQ,1329.0,45.3,42939.0
2020-12-18,2.45,2.5,2.4,2.4,83339,EQ,2562.0,32.53,42700.0
2020-12-21,2.45,2.45,2.2,2.25,174522,EQ,4260.0,40.97,116629.0
2020-12-22,2.2,2.3,2.15,2.25,90538,EQ,3210.0,28.2,35925.0
2020-12-23,2.25,2.35,2.25,2.35,54749,EQ,1826.0,29.98,27249.0
2020-12-24,2.35,2.5,2.3,2.5,250198,EQ,4155.0,60.22,126707.0
2020-12-28,2.4,2.5,2.4,2.4,213089,EQ,6288.0,33.89,89451.0
2020-12-29,2.45,2.5,2.4,2.5,173439,EQ,4013.0,43.22,86703.0
2020-12-30,2.5,2.55,2.45,2.5,712297,EQ,11568.0,61.57,152487.0
2020-12-31,2.5,2.5,2.45,2.45,68654,EQ,2289.0,29.99,40053.0
2021-01-01,2.45,2.5,2.45,2.45,63982,EQ,1633.0,39.18,36780.0
2021-01-04,2.45,2.45,2.4,2.45,81919,EQ,1919.0,42.69,44941.0
2021-01-05,2.45,2.5,2.4,2.45,81201,EQ,1990.0,40.8,50709.0
2021-01-06,2.45,2.45,2.4,2.4,72362,EQ,2560.0,28.27,42177.0
2021-01-07,2.4,2.45,2.35,2.4,109938,EQ,2589.0,42.46,63477.0
2021-01-08,2.4,2.45,2.4,2.4,52464,EQ,1819.0,28.84,29958.0
2021-01-11,2.4,2.4,2.35,2.35,48376,EQ,1827.0,26.48,29417.0
2021-01-12,2.35,2.4,2.35,2.35,42165,EQ,1641.0,25.69,24735.0
2021-01-13,2.35,2.4,2.3,2.3,64091,EQ,2283.0,28.07,37790.0
2021-01-14,2.3,2.35,2.3,2.35,40123,EQ,1398.0,28.7,22637.0
2021-01-15,2.35,2.35,2.3,2.3,42909,EQ,1409.0,30.45,25991.0
2021-01-18,2.3,2.35,2.25,2.3,48657,EQ,1377.0,35.34,27369.0
2021-01-19,2.35,2.35,2.3,2.3,24845,EQ,838.0,29.65,15499.0
2021-01-20,2.3,2.35,2.3,2.3,33762,EQ,1223.0,27.61,17937.0
2021-01-21,2.3,2.3,2.25,2.25,52495,EQ,2011.0,26.1,30237.0
2021-01-22,2.25,2.25,2.2,2.2,50671,EQ,1759.0,28.81,32690.0
2021-01-25,2.25,2.25,2.15,2.15,57940,EQ,2118.0,27.36,30773.0
2021-01-27,2.15,2.2,2.15,2.2,34618,EQ,1269.0,27.28,19913.0
2021-01-28,2.15,2.2,2.15,2.15,30591,EQ,1298.0,23.57,16645.0
2021-01-29,2.2,2.2,2.15,2.15,23461,EQ,1005.0,23.34,12800.0
2021-02-01,2.15,2.2,2.15,2.2,19935,EQ,1025.0,19.45,9132.0
2021-02-02,2.2,2.25,2.2,2.2,38403,EQ,1240.0,30.97,24843.0
2021-02-03,2.2,2.25,2.2,2.2,69021,EQ,1305.0,52.89,49520.0
2021-02-04,2.25,2.25,2.2,2.25,34968,EQ,1130.0,30.95,18358.0
2021-02-05,2.25,2.25,2.2,2.2,33544,EQ,1204.0,27.86,22135.0
2021-02-08,2.25,2.3,2.2,2.3,71099,EQ,2006.0,35.44,40809.0
2021-02-09,2.3,2.35,2.25,2.3,36317,EQ,1108.0,32.78,19334.0
2021-02-10,2.3,2.35,2.25,2.25,56368,EQ,1660.0,33.96,32758.0
2021-02-11,2.25,2.25,2.15,2.2,99424,EQ,2626.0,37.86,63299.0
2021-02-12,2.2,2.25,2.15,2.2,42094,EQ,1323.0,31.82,26472.0
2021-02-15,2.2,2.2,2.1,2.15,86411,EQ,2927.0,29.52,48322.0
2021-02-16,2.15,2.15,2.1,2.15,46163,EQ,1462.0,31.58,32165.0
2021-02-17,2.15,2.15,2.1,2.1,54760,EQ,2360.0,23.2,35246.0
2021-02-18,2.15,2.15,2.1,2.1,51324,EQ,1304.0,39.36,31447.0
2021-02-19,2.1,2.2,2.1,2.15,42840,EQ,1544.0,27.75,20360.0
2021-02-22,2.15,2.15,2.1,2.1,35487,EQ,1347.0,26.35,22004.0
2021-02-23,2.1,2.15,2.1,2.1,48311,EQ,1830.0,26.4,26145.0
2021-02-24,2.1,2.15,2.0,2.1,17848,EQ,680.0,26.25,11853.0
2021-02-25,2.1,2.15,2.1,2.1,36832,EQ,1092.0,33.73,17694.0
2021-02-26,2.1,2.1,2.05,2.1,33229,EQ,1059.0,31.38,19523.0
2021-03-01,2.1,2.1,2.1,2.1,34090,EQ,1066.0,31.98,21649.0
2021-03-02,2.1,2.15,2.1,2.1,61138,EQ,1631.0,37.48,29928.0
2021-03-03,2.15,2.2,2.1,2.15,73581,EQ,1614.0,45.59,41795.0
2021-03-04,2.15,2.15,2.1,2.15,60585,EQ,1624.0,37.31,35104.0
2021-03-05,2.15,2.15,2.1,2.1,36287,EQ,1192.0,30.44,22290.0
2021-03-08,2.1,2.25,2.1,2.2,153653,EQ,3838.0,40.03,75252.0
2021-03-09,2.2,2.3,2.2,2.2,187763,EQ,4966.0,37.81,72322.0
2021-03-10,2.2,2.4,2.2,2.35,522579,EQ,13877.0,37.66,195565.0
2021-03-12,2.4,2.4,2.25,2.3,112056,EQ,4498.0,24.91,56949.0
2021-03-15,2.3,2.3,2.25,2.3,95384,EQ,2759.0,34.57,49589.0
2021-03-16,2.35,2.4,2.25,2.3,78551,EQ,2591.0,30.32,39004.0
2021-03-17,2.3,2.3,2.2,2.2,50368,EQ,1804.0,27.92,25919.0
2021-03-18,2.25,2.3,2.15,2.15,91724,EQ,3449.0,26.59,49508.0
2021-03-19,2.15,2.3,2.1,2.25,120332,EQ,6235.0,19.3,46225.0
2021-03-22,2.25,2.25,2.2,2.2,36504,EQ,3003.0,12.16,16183.0
2021-03-23,2.2,2.25,2.15,2.15,39549,EQ,3440.0,11.5,20035.0
2021-03-24,2.15,2.25,2.15,2.2,53218,EQ,4044.0,13.16,22910.0
2021-03-25,2.2,2.2,2.1,2.1,62684,EQ,2906.0,21.57,40721.0
2021-03-26,2.15,2.15,2.1,2.1,53792,EQ,1844.0,29.17,29414.0
2021-03-30,2.1,2.15,2.1,2.1,43909,EQ,2939.0,14.94,22265.0
2021-03-31,2.1,2.15,2.1,2.1,50104,EQ,2307.0,21.72,28604.0
2021-04-01,2.1,2.15,2.1,2.15,39522,EQ,1547.0,25.55,20562.0
2021-04-05,2.15,2.25,2.1,2.2,85913,EQ,2918.0,29.44,44805.0
2021-04-06,2.2,2.25,2.2,2.25,57569,EQ,1860.0,30.95,29205.0
2021-04-07,2.25,2.25,2.2,2.2,23380,EQ,1481.0,15.79,13828.0
2021-04-08,2.2,2.2,2.2,2.2,34359,EQ,1738.0,19.77,19623.0
2021-04-09,2.2,2.25,2.2,2.25,58929,EQ,2288.0,25.76,31050.0
2021-04-12,2.2,2.3,2.15,2.15,154267,EQ,5118.0,30.14,80239.0
2021-04-13,2.2,2.2,2.15,2.15,42500,EQ,2528.0,16.81,22308.0
2021-04-15,2.15,2.25,2.15,2.15,40717,EQ,2031.0,20.05,20671.0
2021-04-16,2.2,2.2,2.15,2.2,21450,EQ,910.0,23.57,11474.0
2021-04-19,2.1,2.2,2.05,2.1,44673,EQ,2329.0,19.18,20196.0
2021-04-20,2.2,2.2,2.1,2.1,25663,EQ,1154.0,22.24,15811.0
2021-04-22,2.15,2.25,2.15,2.25,136685,EQ,3303.0,41.38,68610.0
2021-04-23,2.25,2.3,2.2,2.2,75034,EQ,2101.0,35.71,41276.0
2021-04-26,2.2,2.3,2.15,2.2,40731,EQ,1496.0,27.23,22339.0
2021-04-27,2.2,2.2,2.2,2.2,30272,EQ,1296.0,23.36,16934.0
2021-04-28,2.2,2.25,2.15,2.2,49241,EQ,1503.0,32.76,26103.0
2021-04-29,2.25,2.25,2.15,2.2,36394,EQ,1350.0,26.96,21499.0
2021-04-30,2.2,2.25,2.15,2.2,32261,EQ,1154.0,27.96,18805.0
2021-05-03,2.2,2.4,2.2,2.35,325580,EQ,8235.0,39.54,162631.0
2021-05-04,2.4,2.45,2.25,2.3,152001,EQ,4232.0,35.92,76888.0
2021-05-05,2.3,2.35,2.3,2.3,36092,EQ,1649.0,21.89,21726.0
2021-05-06,2.35,2.35,2.3,2.3,35064,EQ,1089.0,32.2,23301.0
2021-05-07,2.45,2.5,2.4,2.4,253687,EQ,5908.0,42.94,131769.0
2021-05-10,2.45,2.45,2.4,2.4,172726,EQ,6478.0,26.66,107411.0
2021-05-11,2.4,2.4,2.3,2.35,64231,EQ,2968.0,21.64,40902.0
2021-05-12,2.3,2.4,2.3,2.35,40878,EQ,2011.0,20.33,24546.0
2021-05-14,2.3,2.35,2.25,2.25,54334,EQ,3011.0,18.05,36257.0
2021-05-17,2.3,2.3,2.25,2.3,39368,EQ,2218.0,17.75,24874.0
2021-05-18,2.3,2.35,2.3,2.3,68293,EQ,2920.0,23.39,30432.0
2021-05-19,2.3,2.3,2.25,2.25,49915,EQ,2462.0,20.27,36739.0
2021-05-20,2.3,2.3,2.2,2.25,54053,EQ,2495.0,21.66,31885.0
2021-05-21,2.3,2.35,2.3,2.35,74210,EQ,2783.0,26.67,47302.0
2021-05-24,2.35,2.45,2.35,2.4,261258,EQ,8701.0,30.03,96914.0
2021-05-25,2.45,2.45,2.35,2.4,125434,EQ,5227.0,24.0,65574.0
2021-05-26,2.4,2.4,2.3,2.35,68187,EQ,3153.0,21.63,38416.0
2021-05-27,2.35,2.4,2.3,2.4,72555,EQ,2912.0,24.92,41018.0
2021-05-28,2.4,2.5,2.35,2.35,84118,EQ,2799.0,30.05,55069.0
2021-05-31,2.3,2.4,2.3,2.4,115687,EQ,7794.0,14.84,58046.0
2021-06-01,2.45,2.45,2.35,2.4,74247,EQ,2864.0,25.92,45123.0
2021-06-02,2.4,2.45,2.4,2.4,127253,EQ,4166.0,30.55,77536.0
2021-06-03,2.45,2.55,2.45,2.5,420379,EQ,10876.0,38.65,192310.0
2021-06-04,2.3,2.35,2.3,2.3,551031,EQ,14034.0,39.26,293413.0
2021-06-07,2.35,2.35,2.3,2.3,183519,EQ,5831.0,31.47,119198.0
2021-06-08,2.3,2.3,2.25,2.25,163490,EQ,4956.0,32.99,96246.0
2021-06-09,2.25,2.3,2.25,2.25,129665,EQ,5242.0,24.74,64481.0
2021-06-10,2.25,2.3,2.25,2.3,117363,EQ,2784.0,42.16,70636.0
2021-06-11,2.3,2.3,2.25,2.25,114833,EQ,3567.0,32.19,76278.0
2021-06-14,2.2,2.25,2.2,2.25,104467,EQ,3275.0,31.9,58094.0
2021-06-15,2.25,2.3,2.25,2.25,113890,EQ,2828.0,40.27,74186.0
2021-06-16,2.25,2.25,2.2,2.2,112070,EQ,3469.0,32.31,77107.0
2021-06-17,2.2,2.2,2.15,2.2,66947,EQ,2541.0,26.35,44036.0
2021-06-18,2.2,2.2,2.1,2.15,149504,EQ,5264.0,28.4,81492.0
2021-06-21,2.1,2.25,2.1,2.2,75853,EQ,2923.0,25.95,42409.0
2021-06-22,2.25,2.3,2.2,2.25,112383,EQ,3176.0,35.39,73720.0
2021-06-23,2.25,2.25,2.2,2.2,86764,EQ,3232.0,26.85,53050.0
2021-06-24,2.2,2.2,2.2,2.2,28634,EQ,1290.0,22.2,16081.0
2021-06-25,2.2,2.2,2.2,2.2,39160,EQ,1599.0,24.49,20745.0
2021-06-28,2.2,2.2,2.2,2.2,39055,EQ,1558.0,25.07,21949.0
2021-06-29,2.2,2.2,2.15,2.2,48945,EQ,2082.0,23.51,26382.0
2021-06-30,2.2,2.3,2.2,2.25,141108,EQ,4048.0,34.86,85675.0
2021-07-01,2.25,2.3,2.25,2.25,57245,EQ,1976.0,28.97,36204.0
2021-07-02,2.25,2.4,2.25,2.4,570071,EQ,13365.0,42.65,400011.0
2021-07-05,2.5,2.6,2.45,2.5,679066,EQ,20675.0,32.84,340907.0
2021-07-06,2.5,2.55,2.45,2.45,214385,EQ,7177.0,29.87,120458.0
2021-07-07,2.45,2.45,2.4,2.4,89740,EQ,3341.0,26.86,50538.0
2021-07-08,2.4,2.5,2.35,2.4,127294,EQ,5361.0,23.74,65891.0
2021-07-09,2.35,2.45,2.35,2.45,101408,EQ,3391.0,29.91,60628.0
2021-07-12,2.4,2.55,2.4,2.5,328546,EQ,9668.0,33.98,172098.0
2021-07-13,2.5,2.55,2.45,2.5,100845,EQ,3966.0,25.43,56875.0
2021-07-14,2.5,2.55,2.45,2.5,110789,EQ,4427.0,25.03,57171.0
2021-07-15,2.5,2.55,2.5,2.5,124523,EQ,4302.0,28.95,75462.0
2021-07-16,2.5,2.65,2.5,2.6,592467,EQ,15605.0,37.97,241868.0
2021-07-19,2.6,2.7,2.6,2.65,511410,EQ,15818.0,32.33,243882.0
2021-07-20,2.65,2.7,2.5,2.55,218825,EQ,9001.0,24.31,96566.0
2021-07-22,2.55,2.55,2.5,2.5,129285,EQ,4877.0,26.51,72149.0
2021-07-23,2.5,2.55,2.45,2.45,98727,EQ,3814.0,25.89,54784.0
2021-07-26,2.5,2.6,2.45,2.55,190498,EQ,6155.0,30.95,97509.0
2021-07-27,2.55,2.6,2.5,2.5,96915,EQ,3679.0,26.34,56194.0
2021-07-28,2.5,2.5,2.4,2.45,97532,EQ,3994.0,24.42,49052.0
2021-07-29,2.5,2.55,2.5,2.5,64898,EQ,3838.0,16.91,30940.0
2021-07-30,2.5,2.5,2.45,2.45,69330,EQ,2778.0,24.96,38713.0
2021-08-02,2.5,2.55,2.45,2.45,123719,EQ,5413.0,22.86,63274.0
2021-08-03,2.5,2.5,2.4,2.45,95433,EQ,3743.0,25.5,59140.0
2021-08-04,2.45,2.45,2.4,2.4,83985,EQ,2721.0,30.87,54506.0
2021-08-05,2.4,2.4,2.35,2.35,74431,EQ,3391.0,21.95,36345.0
2021-08-06,2.35,2.4,2.35,2.4,99469,EQ,3022.0,32.91,39269.0
2021-08-09,2.45,2.5,2.4,2.45,92053,EQ,3430.0,26.84,41933.0
2021-08-10,2.4,2.45,2.3,2.35,90527,EQ,4047.0,22.37,45234.0
2021-08-11,2.4,2.4,2.2,2.3,120428,EQ,5665.0,21.26,57257.0
2021-08-12,2.35,2.45,2.3,2.4,59647,EQ,2977.0,20.04,32234.0
2021-08-13,2.35,2.45,2.35,2.4,58768,EQ,2925.0,20.09,34454.0
2021-08-16,2.4,2.45,2.3,2.35,51751,EQ,3509.0,14.75,27424.0
2021-08-17,2.4,2.4,2.3,2.35,35051,EQ,2499.0,14.03,19662.0
2021-08-18,2.35,2.35,2.3,2.3,27061,EQ,1859.0,14.56,13395.0
2021-08-20,2.3,2.35,2.25,2.3,55351,EQ,3718.0,14.89,29221.0
2021-08-23,2.35,2.35,2.2,2.25,39065,EQ,3336.0,11.71,18758.0
2021-08-24,2.25,2.3,2.25,2.25,18885,EQ,1232.0,15.33,10743.0
2021-08-25,2.3,2.3,2.25,2.3,31947,EQ,1141.0,28.0,16950.0
2021-08-26,2.3,2.35,2.3,2.3,23821,EQ,890.0,26.77,13881.0
2021-08-27,2.3,2.35,2.25,2.25,21742,EQ,1462.0,14.87,11311.0
2021-08-30,2.3,2.3,2.25,2.3,17560,EQ,1172.0,14.98,9949.0
2021-08-31,2.3,2.3,2.25,2.25,41700,EQ,1372.0,30.39,29873.0
2021-09-01,2.3,2.3,2.25,2.25,25896,EQ,1253.0,20.67,16625.0
2021-09-02,2.25,2.3,2.25,2.25,24921,EQ,1202.0,20.73,13901.0
2021-09-03,2.25,2.45,2.25,2.45,189600,EQ,7570.0,25.05,77623.0
2021-09-06,2.45,2.45,2.35,2.35,78041,EQ,3414.0,22.86,47797.0
2021-09-07,2.35,2.4,2.3,2.3,42183,EQ,1943.0,21.71,21565.0
2021-09-08,2.3,2.35,2.25,2.3,74400,EQ,2116.0,35.16,51502.0
2021-09-09,2.3,2.3,2.25,2.3,37075,EQ,4655.0,7.96,17036.0
2021-09-13,2.35,2.4,2.3,2.35,81052,EQ,3727.0,21.75,35272.0
2021-09-14,2.35,2.35,2.3,2.3,40485,EQ,1881.0,21.52,26328.0
2021-09-15,2.3,2.4,2.3,2.35,58606,EQ,1907.0,30.73,27801.0
2021-09-16,2.35,2.35,2.35,2.35,36456,EQ,1730.0,21.07,24232.0
2021-09-17,2.35,2.35,2.3,2.3,53577,EQ,2099.0,25.53,30995.0
2021-09-20,2.25,2.35,2.25,2.3,32485,EQ,1460.0,22.25,20581.0
2021-09-21,2.25,2.3,2.25,2.3,26351,EQ,1431.0,18.41,17338.0
2021-09-22,2.3,2.3,2.25,2.3,22497,EQ,1237.0,18.19,13512.0
2021-09-23,2.3,2.3,2.25,2.3,33868,EQ,1564.0,21.65,21577.0
2021-09-24,2.3,2.3,2.25,2.3,50125,EQ,2020.0,24.81,34760.0
2021-09-27,2.3,2.3,2.25,2.25,23096,EQ,1317.0,17.54,15960.0
2021-09-28,2.25,2.3,2.25,2.25,31272,EQ,1469.0,21.29,19974.0
2021-09-29,2.25,2.3,2.2,2.3,41111,EQ,1494.0,27.52,20888.0
2021-09-30,2.3,2.3,2.3,2.3,43967,EQ,2004.0,21.94,26216.0
2021-10-01,2.3,2.35,2.25,2.3,76825,EQ,2622.0,29.3,38420.0
2021-10-04,2.35,2.4,2.35,2.4,87390,EQ,2806.0,31.14,54106.0
2021-10-05,2.4,2.4,2.35,2.35,55433,EQ,2421.0,22.9,32602.0
2021-10-06,2.35,2.4,2.35,2.35,83803,EQ,4254.0,19.7,45848.0
2021-10-07,2.35,2.35,2.3,2.35,46036,EQ,2279.0,20.2,24166.0
2021-10-08,2.35,2.35,2.35,2.35,26313,EQ,1034.0,25.45,19095.0
2021-10-11,2.35,2.4,2.35,2.35,80017,EQ,2280.0,35.1,52007.0
2021-10-12,2.4,2.4,2.35,2.4,84451,EQ,3783.0,22.32,48059.0
2021-10-13,2.4,2.45,2.4,2.45,95034,EQ,4592.0,20.7,62146.0
2021-10-14,2.45,2.45,2.4,2.4,55128,EQ,2494.0,22.1,34200.0
2021-10-18,2.45,2.45,2.4,2.4,75991,EQ,1799.0,42.24,59755.0
2021-10-19,2.4,2.45,2.35,2.4,60293,EQ,1983.0,30.4,39553.0
2021-10-20,2.4,2.4,2.3,2.3,39346,EQ,2210.0,17.8,20182.0
2021-10-21,2.35,2.35,2.3,2.3,35774,EQ,2457.0,14.56,14381.0
2021-10-22,2.3,2.35,2.2,2.25,70161,EQ,4344.0,16.15,27817.0
2021-10-25,2.25,2.3,2.25,2.25,23427,EQ,1654.0,14.16,13360.0
2021-10-26,2.3,2.3,2.25,2.3,12465,EQ,896.0,13.91,7003.0
2021-10-27,2.3,2.3,2.25,2.3,25523,EQ,1661.0,15.37,13441.0
2021-10-28,2.3,2.3,2.25,2.25,20639,EQ,1039.0,19.86,12301.0
2021-10-29,2.25,2.25,2.2,2.25,31502,EQ,2046.0,15.4,14305.0
2021-11-01,2.25,2.3,2.25,2.25,22822,EQ,948.0,24.07,12118.0
2021-11-02,2.25,2.4,2.25,2.3,39993,EQ,1458.0,27.43,20355.0
2021-11-03,2.35,2.35,2.2,2.25,36269,EQ,1845.0,19.66,18669.0
2021-11-04,2.3,2.35,2.25,2.3,13680,EQ,1845.0,7.41,18669.0
2021-11-08,2.35,2.35,2.3,2.3,29912,EQ,1536.0,19.47,18083.0
2021-11-09,2.3,2.35,2.3,2.3,34911,EQ,1616.0,21.6,18126.0
2021-11-10,2.3,2.4,2.3,2.4,70992,EQ,1664.0,42.66,48260.0
2021-11-11,2.35,2.4,2.35,2.35,24355,EQ,1188.0,20.5,16555.0
2021-11-12,2.35,2.4,2.3,2.35,21769,EQ,1594.0,13.66,12132.0
2021-11-15,2.3,2.35,2.2,2.2,92631,EQ,2988.0,31.0,69950.0
2021-11-16,2.2,2.25,2.2,2.2,43378,EQ,1859.0,23.33,27774.0
2021-11-17,2.2,2.25,2.2,2.2,27754,EQ,1274.0,21.78,16524.0
2021-11-18,2.2,2.25,2.15,2.2,49048,EQ,1860.0,26.37,20731.0
2021-11-22,2.2,2.25,2.15,2.15,28664,EQ,1727.0,16.6,18655.0
2021-11-23,2.15,2.25,2.15,2.2,28077,EQ,1656.0,16.95,13763.0
2021-11-24,2.25,2.25,2.2,2.2,17179,EQ,1004.0,17.11,9662.0
2021-11-25,2.2,2.2,2.2,2.2,17179,EQ,1047.0,16.41,9990.0
2021-11-26,2.2,2.2,2.1,2.15,39463,EQ,2027.0,19.47,26032.0
2021-11-29,2.15,2.15,2.05,2.1,29677,EQ,1648.0,18.01,15868.0
2021-11-30,2.1,2.15,2.1,2.1,23563,EQ,1346.0,17.51,13397.0
2021-12-01,2.15,2.25,2.1,2.1,14311,EQ,1064.0,13.45,6971.0
2021-12-02,2.15,2.15,2.1,2.15,9959,EQ,779.0,12.78,5356.0
2021-12-03,2.15,2.15,2.1,2.15,25946,EQ,921.0,28.17,16513.0
2021-12-06,2.15,2.2,2.1,2.1,13899,EQ,896.0,15.51,8142.0
2021-12-07,2.1,2.15,2.1,2.1,15659,EQ,978.0,16.01,8903.0
2021-12-08,2.15,2.15,2.1,2.15,21617,EQ,1214.0,17.81,13385.0
2021-12-09,2.15,2.15,2.1,2.15,10236,EQ,639.0,16.02,5654.0
2021-12-10,2.15,2.2,2.15,2.15,22098,EQ,776.0,28.48,15464.0
2021-12-13,2.2,2.2,2.15,2.2,29574,EQ,956.0,30.94,15658.0
2021-12-14,2.2,2.2,2.15,2.2,19767,EQ,641.0,30.84,13330.0
2021-12-15,2.2,2.4,2.2,2.25,242001,EQ,6369.0,38.0,92870.0
2021-12-16,2.25,2.35,2.2,2.25,83859,EQ,3810.0,22.01,25927.0
2021-12-17,2.25,2.3,2.2,2.2,48571,EQ,1884.0,25.78,16988.0
2021-12-20,2.2,2.2,2.15,2.15,38750,EQ,1728.0,22.42,26442.0
2021-12-21,2.15,2.2,2.15,2.15,16236,EQ,825.0,19.68,9582.0
2021-12-22,2.15,2.2,2.15,2.15,48452,EQ,2844.0,17.04,24949.0
2021-12-23,2.15,2.2,2.15,2.15,20925,EQ,874.0,23.94,13923.0
2021-12-24,2.2,2.2,2.15,2.15,16975,EQ,648.0,26.2,10971.0
2021-12-27,2.2,2.2,2.15,2.15,20819,EQ,815.0,25.54,13087.0
2021-12-28,2.15,2.2,2.15,2.2,40455,EQ,969.0,41.75,22752.0
2021-12-29,2.25,2.25,2.15,2.2,15278,EQ,637.0,23.98,10143.0
2021-12-30,2.15,2.2,2.15,2.2,24081,EQ,882.0,27.3,12779.0
2021-12-31,2.2,2.25,2.2,2.2,31085,EQ,1295.0,24.0,17403.0
2022-01-03,2.25,2.25,2.2,2.25,24229,EQ,1066.0,22.73,14736.0
2022-01-04,2.25,2.25,2.2,2.25,20356,EQ,1060.0,19.2,10679.0
2022-01-05,2.25,2.25,2.2,2.2,25598,EQ,1058.0,24.19,18142.0
2022-01-06,2.2,2.3,2.2,2.25,46770,EQ,1665.0,28.09,24085.0
2022-01-07,2.2,2.25,2.15,2.2,49566,EQ,1468.0,33.76,19937.0
2022-01-10,2.2,2.3,2.2,2.25,40783,EQ,2111.0,19.32,21824.0
2022-01-11,2.25,2.25,2.2,2.25,22102,EQ,876.0,25.23,13580.0
2022-01-12,2.25,2.25,2.2,2.25,21931,EQ,1012.0,21.67,12568.0
2022-01-13,2.25,2.3,2.2,2.25,31886,EQ,1541.0,20.69,17721.0
2022-01-14,2.25,2.25,2.2,2.2,29055,EQ,1013.0,28.68,17671.0
2022-01-17,2.25,2.25,2.2,2.25,42185,EQ,1165.0,36.21,21388.0
2022-01-18,2.25,2.25,2.2,2.2,24182,EQ,893.0,27.08,17383.0
2022-01-19,2.2,2.2,2.2,2.2,13692,EQ,938.0,14.6,8346.0
2022-01-20,2.2,2.2,2.2,2.2,19600,EQ,701.0,27.96,12429.0
2022-01-21,2.2,2.2,2.15,2.2,16858,EQ,852.0,19.79,10658.0
2022-01-24,2.2,2.2,2.05,2.1,36776,EQ,1917.0,19.18,22689.0
2022-01-25,2.05,2.15,2.05,2.1,24829,EQ,1288.0,19.28,13972.0
2022-01-27,2.1,2.1,2.05,2.1,27169,EQ,1183.0,22.97,18434.0
2022-01-28,2.1,2.15,2.1,2.1,17753,EQ,934.0,19.01,8886.0
2022-01-31,2.15,2.2,2.1,2.15,33116,EQ,1587.0,20.87,16363.0
2022-02-01,2.15,2.15,2.1,2.15,22324,EQ,1160.0,19.24,9896.0
2022-02-02,2.15,2.15,2.15,2.15,20473,EQ,973.0,21.04,11648.0
2022-02-03,2.25,2.4,2.25,2.3,415605,EQ,11622.0,35.76,158330.0
2022-02-04,2.35,2.35,2.3,2.3,59448,EQ,2280.0,26.07,30229.0
2022-02-07,2.3,2.3,2.25,2.25,30532,EQ,1014.0,30.11,19871.0
2022-02-08,2.25,2.3,2.2,2.25,30464,EQ,1374.0,22.17,16351.0
2022-02-09,2.3,2.3,2.2,2.25,18697,EQ,898.0,20.82,9657.0
2022-02-10,2.2,2.25,2.2,2.2,23479,EQ,1261.0,18.62,11351.0
2022-02-11,2.2,2.25,2.2,2.25,18881,EQ,888.0,21.26,10324.0
2022-02-14,2.2,2.3,2.2,2.25,82002,EQ,2417.0,33.93,53994.0
2022-02-15,2.15,2.15,2.05,2.1,101432,EQ,5015.0,20.23,53439.0
2022-02-16,2.1,2.2,2.1,2.15,54995,EQ,1539.0,35.73,37095.0
2022-02-17,2.2,2.2,2.15,2.15,18290,EQ,466.0,39.25,12529.0
2022-02-18,2.15,2.2,2.15,2.15,33478,EQ,828.0,40.43,25789.0
2022-02-21,2.15,2.15,2.1,2.1,22978,EQ,736.0,31.22,15094.0
2022-02-22,2.1,2.1,2.05,2.1,20896,EQ,845.0,24.73,13862.0
2022-02-23,2.15,2.15,2.1,2.1,10401,EQ,420.0,24.76,7222.0
2022-02-24,2.0,2.1,1.9,2.0,68273,EQ,2651.0,25.75,40533.0
2022-02-25,2.1,2.15,2.05,2.1,40388,EQ,897.0,45.03,26566.0
2022-02-28,2.1,2.15,2.0,2.15,16768,EQ,559.0,30.0,11381.0
2022-03-02,2.1,2.2,2.1,2.2,46000,EQ,1068.0,43.07,35906.0
2022-03-03,2.2,2.25,2.15,2.2,19436,EQ,601.0,32.34,13314.0
2022-03-04,2.1,2.25,2.1,2.15,26285,EQ,957.0,27.47,19303.0
2022-03-07,2.1,2.15,2.1,2.15,32472,EQ,,,
2022-03-08,2.1,2.3,2.1,2.3,132871,EQ,3031.0,43.84,83030.0
2022-03-09,2.3,2.4,2.25,2.35,93013,EQ,2278.0,40.83,64145.0
2022-03-10,2.35,2.4,2.3,2.3,57358,EQ,2919.0,19.65,22650.0
2022-03-11,2.35,2.35,2.3,2.3,32836,EQ,1381.0,23.78,23599.0
2022-03-14,2.3,2.35,2.25,2.3,25566,EQ,945.0,27.05,17246.0
2022-03-15,2.25,2.4,2.25,2.35,118658,EQ,3606.0,32.91,68825.0
2022-03-16,2.35,2.4,2.35,2.4,89766,EQ,5071.0,17.7,55937.0
2022-03-17,2.45,2.45,2.4,2.4,71865,EQ,2263.0,31.76,53810.0
2022-03-21,2.4,2.45,2.4,2.4,53451,EQ,1687.0,31.68,39116.0
2022-03-22,2.4,2.45,2.4,2.45,41276,EQ,1391.0,29.67,30132.0
2022-03-23,2.45,2.5,2.4,2.45,53036,EQ,1719.0,30.85,36173.0
2022-03-24,2.45,2.45,2.35,2.4,44934,EQ,1678.0,26.78,33120.0
2022-03-25,2.4,2.4,2.3,2.35,54248,EQ,1751.0,30.98,40313.0
2022-03-28,2.35,2.4,2.35,2.35,45233,EQ,1162.0,38.93,36333.0
2022-03-29,2.4,2.45,2.35,2.35,34870,EQ,1346.0,25.91,23304.0
2022-03-30,2.4,2.4,2.3,2.35,35659,EQ,1785.0,19.98,22507.0
2022-03-31,2.35,2.45,2.3,2.35,96554,EQ,3621.0,26.67,54549.0
2022-04-01,2.35,2.4,2.35,2.35,40619,EQ,1648.0,24.65,27004.0
2022-04-04,2.35,2.45,2.35,2.45,114473,EQ,2798.0,40.91,84160.0
2022-04-05,2.5,2.6,2.45,2.5,198953,EQ,8097.0,24.57,88137.0
2022-04-06,2.5,2.55,2.45,2.55,89876,EQ,2689.0,33.42,59547.0
2022-04-07,2.55,2.55,2.5,2.5,76409,EQ,2191.0,34.87,49553.0
2022-04-08,2.5,2.55,2.45,2.5,36363,EQ,1117.0,32.55,26255.0
2022-04-11,2.5,2.6,2.5,2.55,79766,EQ,2929.0,27.23,42695.0
2022-04-12,2.55,2.55,2.4,2.45,35982,EQ,1334.0,26.97,22592.0
2022-04-13,2.45,2.55,2.4,2.5,45224,EQ,1573.0,28.75,28949.0
2022-04-18,2.6,2.9,2.55,2.75,752578,EQ,23660.0,31.81,259082.0
2022-04-19,2.8,2.85,2.65,2.7,236330,EQ,8669.0,27.26,122717.0
2022-04-20,2.75,2.75,2.65,2.7,98704,EQ,4714.0,20.94,49272.0
2022-04-21,2.7,3.15,2.7,3.05,1093523,EQ,28353.0,38.57,395402.0
2022-04-22,3.0,3.2,2.9,3.15,529879,EQ,18332.0,28.9,149008.0
2022-04-25,3.15,3.15,2.95,3.0,203672,EQ,8297.0,24.55,81819.0
2022-04-26,3.05,3.15,2.85,2.9,179691,EQ,11714.0,15.34,91701.0
2022-04-27,2.85,3.0,2.8,2.85,175376,EQ,6743.0,26.01,87509.0
2022-04-28,2.9,3.3,2.85,3.1,514891,EQ,14500.0,35.51,226931.0
2022-04-29,3.1,3.25,3.0,3.0,276522,EQ,7803.0,35.44,115042.0
2022-05-02,2.95,3.3,2.9,3.2,503563,EQ,17224.0,29.24,228050.0
2022-05-04,3.2,3.5,3.2,3.45,1516282,EQ,40001.0,37.91,484078.0
2022-05-05,3.5,3.55,3.35,3.45,443681,EQ,12914.0,34.36,184610.0
2022-05-06,3.35,3.35,2.75,2.8,1369787,EQ,30382.0,45.09,508433.0
2022-05-09,2.85,2.9,2.65,2.65,179152,EQ,6736.0,26.6,65110.0
2022-05-10,2.65,2.75,2.4,2.5,165677,EQ,5972.0,27.74,77512.0
2022-05-12,2.3,2.45,2.25,2.35,134754,EQ,3676.0,36.66,49217.0
2022-05-13,2.5,2.5,2.35,2.4,83860,EQ,2014.0,41.64,51837.0
2022-05-16,2.4,2.45,2.25,2.3,57729,EQ,2029.0,28.45,28808.0
2022-05-17,2.4,2.55,2.35,2.55,140051,EQ,3669.0,38.17,63803.0
2022-05-18,2.55,2.65,2.5,2.6,79391,EQ,3017.0,26.31,35991.0
2022-05-19,2.5,2.55,2.4,2.5,52879,EQ,2012.0,26.28,27411.0
2022-05-20,2.55,2.6,2.45,2.55,45499,EQ,1509.0,30.15,25160.0
2022-05-23,2.55,2.6,2.45,2.45,51171,EQ,2087.0,24.52,27891.0
2022-05-24,2.5,2.5,2.4,2.4,30978,EQ,1528.0,20.27,15401.0
2022-05-25,2.4,2.55,2.3,2.3,80524,EQ,1653.0,48.71,62884.0
2022-05-26,2.3,2.4,2.25,2.35,43818,EQ,1960.0,22.36,18535.0
2022-05-27,2.4,2.4,2.35,2.4,26344,EQ,1256.0,20.97,15855.0
2022-05-30,2.4,2.45,2.35,2.45,35675,EQ,1767.0,20.19,20701.0
2022-05-31,2.45,2.5,2.4,2.4,32726,EQ,1440.0,22.73,17875.0
2022-06-01,2.45,2.45,2.35,2.4,38843,EQ,1319.0,29.45,19579.0
2022-06-02,2.4,2.4,2.35,2.4,33526,EQ,1039.0,32.27,22646.0
2022-06-03,2.4,2.4,2.3,2.35,32835,EQ,1319.0,24.89,16989.0
2022-06-06,2.3,2.35,2.3,2.35,21215,EQ,1163.0,18.24,10791.0
2022-06-07,2.35,2.35,2.3,2.3,21468,EQ,1525.0,14.08,10564.0
2022-06-08,2.35,2.35,2.3,2.3,26763,EQ,1480.0,18.08,14780.0
2022-06-09,2.3,2.3,2.25,2.3,53127,EQ,973.0,54.6,45672.0
2022-06-10,2.3,2.3,2.2,2.2,49329,EQ,1775.0,27.79,34088.0
2022-06-13,2.2,2.2,2.15,2.15,51623,EQ,2247.0,22.97,33203.0
2022-06-14,2.2,2.2,2.1,2.15,25778,EQ,1447.0,17.81,14792.0
2022-06-15,2.15,2.2,2.1,2.2,19664,EQ,1334.0,14.74,10451.0
2022-06-16,2.2,2.2,2.1,2.1,17478,EQ,1555.0,11.24,9217.0
2022-06-17,2.15,2.15,2.0,2.05,70505,EQ,2893.0,24.37,38760.0
2022-06-20,2.05,2.1,2.0,2.0,37433,EQ,1647.0,22.73,27253.0
2022-06-21,2.05,2.1,2.0,2.1,20840,EQ,1411.0,14.77,10303.0
2022-06-22,2.1,2.15,2.05,2.1,21480,EQ,1262.0,17.02,12591.0
2022-06-23,2.1,2.1,2.05,2.1,17213,EQ,1637.0,10.51,7191.0
2022-06-24,2.15,2.15,2.1,2.1,12676,EQ,885.0,14.32,6064.0
2022-06-27,2.1,2.3,2.1,2.2,40711,EQ,2280.0,17.86,17291.0
2022-06-28,2.2,2.2,2.15,2.15,16355,EQ,928.0,17.62,9200.0
2022-06-29,2.1,2.2,2.1,2.15,7767,EQ,725.0,10.71,2996.0
2022-06-30,2.2,2.2,2.1,2.15,9680,EQ,465.0,20.82,5410.0
2022-07-01,2.15,2.2,2.1,2.15,10696,EQ,509.0,21.01,5685.0
2022-07-04,2.15,2.25,2.15,2.2,13154,EQ,598.0,22.0,8174.0
2022-07-05,2.25,2.25,2.2,2.2,11364,EQ,484.0,23.48,7467.0
2022-07-06,2.1,2.25,2.1,2.2,16239,EQ,482.0,33.69,9392.0
2022-07-07,2.2,2.25,2.2,2.2,19087,EQ,805.0,23.71,9013.0
2022-07-08,2.2,2.25,2.2,2.25,10812,EQ,605.0,17.87,5084.0
2022-07-11,2.2,2.3,2.2,2.25,15623,EQ,587.0,26.61,11748.0
2022-07-12,2.25,2.3,2.25,2.25,9983,EQ,644.0,15.5,5713.0
2022-07-13,2.3,2.3,2.2,2.2,9913,EQ,660.0,15.02,6305.0
2022-07-14,2.2,2.25,2.2,2.2,11707,EQ,514.0,22.78,7543.0
2022-07-15,2.15,2.25,2.15,2.25,12858,EQ,669.0,19.22,8103.0
2022-07-18,2.25,2.3,2.2,2.3,25153,EQ,993.0,25.33,17169.0
2022-07-19,2.3,2.35,2.25,2.3,16998,EQ,740.0,22.97,9451.0
2022-07-20,2.35,2.35,2.3,2.3,20929,EQ,772.0,27.11,13021.0
2022-07-21,2.3,2.35,2.25,2.3,26538,EQ,1128.0,23.53,16048.0
2022-07-22,2.3,2.3,2.25,2.3,19141,EQ,958.0,19.98,11715.0
2022-07-25,2.3,2.3,2.2,2.25,20456,EQ,1052.0,19.44,13422.0
2022-07-26,2.25,2.3,2.2,2.2,48737,EQ,1524.0,31.98,29532.0
2022-07-27,2.2,2.25,2.2,2.25,15244,EQ,702.0,21.72,10924.0
2022-07-28,2.25,2.25,2.2,2.2,17527,EQ,744.0,23.56,12171.0
2022-07-29,2.2,2.2,2.2,2.2,13915,EQ,656.0,21.21,9425.0
2022-08-01,2.2,2.25,2.2,2.25,18743,EQ,918.0,20.42,11396.0
2022-08-02,2.25,2.25,2.2,2.25,13951,EQ,768.0,18.17,7926.0
2022-08-03,2.25,2.25,2.2,2.2,11564,EQ,636.0,18.18,6830.0
2022-08-04,2.25,2.25,2.2,2.2,17159,EQ,815.0,21.05,10313.0
2022-08-05,2.2,2.25,2.2,2.2,17605,EQ,878.0,20.05,10484.0
2022-08-08,2.2,2.25,2.2,2.2,13754,EQ,,,
2022-08-10,2.2,2.2,2.15,2.15,21696,EQ,1227.0,17.68,16017.0
2022-08-11,2.2,2.2,2.15,2.2,23277,EQ,1141.0,20.4,14017.0
2022-08-12,2.2,2.25,2.2,2.25,76585,EQ,2287.0,33.49,49874.0
2022-08-16,2.2,2.3,2.2,2.25,22676,EQ,951.0,23.84,13432.0
2022-08-17,2.25,2.25,2.2,2.25,23035,EQ,791.0,29.12,14588.0
2022-08-18,2.25,2.25,2.2,2.2,27929,EQ,1082.0,25.81,17184.0
2022-08-19,2.25,2.25,2.2,2.2,29112,EQ,984.0,29.59,21239.0
2022-08-22,2.2,2.2,2.2,2.2,14924,EQ,1615.0,9.24,6180.0
2022-08-23,2.2,2.2,2.2,2.2,10906,EQ,659.0,16.55,5890.0
2022-08-24,2.2,2.2,2.1,2.15,43630,EQ,1501.0,29.07,30724.0
2022-08-25,2.15,2.2,2.15,2.15,28953,EQ,1228.0,23.58,18229.0
2022-08-26,2.2,2.2,2.2,2.2,19019,EQ,871.0,21.84,10421.0
2022-08-29,2.1,2.2,2.1,2.2,20789,EQ,827.0,25.14,13314.0
2022-08-30,2.2,2.2,2.15,2.2,25823,EQ,994.0,25.98,15838.0
2022-09-01,2.2,2.45,2.15,2.4,111086,EQ,2776.0,40.02,79347.0
2022-09-02,2.4,2.45,2.3,2.3,78599,EQ,3061.0,25.68,45130.0
2022-09-05,2.3,2.35,2.3,2.3,26796,EQ,1299.0,20.63,15421.0
2022-09-06,2.3,2.35,2.25,2.3,20648,EQ,1022.0,20.2,12848.0
2022-09-07,2.25,2.35,2.25,2.3,37706,EQ,1119.0,33.7,25123.0
2022-09-08,2.35,2.4,2.3,2.3,64307,EQ,2428.0,26.49,32655.0
2022-09-09,2.35,2.35,2.3,2.3,55916,EQ,1617.0,34.58,31298.0
2022-09-12,2.3,2.35,2.3,2.35,28338,EQ,1159.0,24.45,15465.0
2022-09-13,2.35,2.35,2.25,2.3,66946,EQ,1416.0,47.28,48630.0
2022-09-14,2.25,2.35,2.25,2.3,37544,EQ,1343.0,27.96,22531.0
2022-09-15,2.3,2.35,2.25,2.3,23852,EQ,1312.0,18.18,14561.0
2022-09-16,2.3,2.45,2.3,2.3,165045,EQ,6141.0,26.88,61180.0
2022-09-19,2.35,2.35,2.3,2.35,36432,EQ,1930.0,18.88,18970.0
2022-09-20,2.35,2.35,2.3,2.3,28337,EQ,1367.0,20.73,16723.0
2022-09-21,2.3,2.35,2.3,2.3,40120,EQ,1363.0,29.44,21991.0
2022-09-22,2.3,2.4,2.3,2.35,40929,EQ,1422.0,28.78,24940.0
2022-09-23,2.4,2.45,2.35,2.35,110040,EQ,3804.0,28.93,62767.0
2022-09-26,2.35,2.35,2.3,2.3,56117,EQ,1846.0,30.4,31526.0
2022-09-27,2.3,2.45,2.3,2.35,48165,EQ,2152.0,22.38,25548.0
2022-09-28,2.4,2.4,2.35,2.4,47957,EQ,2154.0,22.26,26823.0
2022-09-29,2.45,2.55,2.4,2.45,86715,EQ,3804.0,22.8,45048.0
2022-09-30,2.4,2.45,2.3,2.35,66288,EQ,3480.0,19.05,34835.0
2022-10-03,2.35,2.35,2.3,2.3,30781,EQ,1488.0,20.69,18487.0
2022-10-04,2.35,2.4,2.3,2.35,22552,EQ,1052.0,21.44,13931.0
2022-10-06,2.4,2.4,2.3,2.3,29110,EQ,1276.0,22.81,18524.0
2022-10-07,2.35,2.4,2.35,2.35,28464,EQ,752.0,37.85,22368.0
2022-10-10,2.35,2.5,2.3,2.5,177053,EQ,5070.0,34.92,113168.0
2022-10-11,2.5,2.5,2.4,2.45,62854,EQ,1721.0,36.52,41098.0
2022-10-12,2.5,2.6,2.45,2.45,114814,EQ,3663.0,31.34,59412.0
2022-10-13,2.45,2.5,2.4,2.45,21260,EQ,1264.0,16.82,12509.0
2022-10-14,2.5,2.5,2.35,2.4,27066,EQ,1212.0,22.33,19791.0
2022-10-17,2.4,2.45,2.35,2.4,60717,EQ,3363.0,18.05,21085.0
2022-10-18,2.45,2.45,2.35,2.4,18315,EQ,1490.0,12.29,10141.0
2022-10-19,2.35,2.4,2.3,2.35,34710,EQ,1478.0,23.48,16861.0
2022-10-20,2.35,2.35,2.3,2.3,27758,EQ,1191.0,23.31,16717.0
2022-10-21,2.35,2.35,2.25,2.3,50671,EQ,1316.0,38.5,34228.0
2022-10-24,2.3,2.35,2.3,2.3,8044,EQ,577.0,13.94,4417.0
2022-10-25,2.3,2.3,2.3,2.3,10798,EQ,626.0,17.25,6196.0
2022-10-27,2.3,2.3,2.3,2.3,17331,EQ,596.0,29.08,12939.0
2022-10-28,2.3,2.35,2.3,2.3,14605,EQ,493.0,29.62,9511.0
2022-10-31,2.3,2.35,2.3,2.3,33739,EQ,649.0,51.99,26652.0
2022-11-01,2.3,2.4,2.3,2.35,33488,EQ,1314.0,25.49,17263.0
2022-11-02,2.35,2.4,2.35,2.35,15200,EQ,551.0,27.59,8668.0
2022-11-03,2.3,2.35,2.3,2.3,17693,EQ,642.0,27.56,12277.0
2022-11-04,2.3,2.35,2.3,2.3,11338,EQ,597.0,18.99,6136.0
2022-11-07,2.3,2.35,2.25,2.3,42677,EQ,1166.0,36.6,26910.0
2022-11-09,2.35,2.35,2.3,2.3,41988,EQ,1149.0,36.54,30001.0
2022-11-10,2.3,2.4,2.3,2.35,37446,EQ,1096.0,34.17,26645.0
2022-11-11,2.4,2.4,2.35,2.35,41480,EQ,1408.0,29.46,27640.0
2022-11-14,2.4,2.55,2.4,2.5,222066,EQ,5141.0,43.2,157671.0
2022-11-15,2.65,2.65,2.5,2.5,187321,EQ,5141.0,36.44,157671.0
2022-11-16,2.55,2.6,2.5,2.5,148597,EQ,3672.0,40.47,83815.0
2022-11-17,2.5,2.6,2.5,2.6,80474,EQ,3668.0,21.94,51796.0
2022-11-18,2.6,2.7,2.6,2.6,118068,EQ,4912.0,24.04,67187.0
2022-11-21,2.65,2.65,2.5,2.55,36561,EQ,1940.0,18.85,19316.0
2022-11-22,2.55,2.6,2.5,2.55,31162,EQ,1352.0,23.05,21280.0
2022-11-23,2.55,2.55,2.5,2.55,37195,EQ,1365.0,27.25,26963.0
2022-11-24,2.55,2.6,2.5,2.55,36952,EQ,1373.0,26.91,22110.0
2022-11-25,2.55,2.55,2.5,2.5,54462,EQ,1607.0,33.89,38470.0
2022-11-28,2.5,2.55,2.5,2.55,37397,EQ,1435.0,26.06,23776.0
2022-11-29,2.55,2.6,2.5,2.55,21474,EQ,1058.0,20.3,12226.0
2022-11-30,2.55,2.55,2.5,2.5,22785,EQ,1000.0,22.78,16411.0
2022-12-01,2.5,2.55,2.5,2.5,31301,EQ,1573.0,19.9,22201.0
2022-12-02,2.5,2.5,2.45,2.5,32019,EQ,1240.0,25.82,21232.0
2022-12-05,2.5,2.5,2.45,2.45,25710,EQ,859.0,29.93,18626.0
2022-12-06,2.45,2.5,2.45,2.5,43092,EQ,949.0,45.41,33944.0
2022-12-07,2.5,2.5,2.45,2.45,21105,EQ,838.0,25.18,13568.0
2022-12-08,2.45,2.5,2.4,2.5,63304,EQ,1759.0,35.99,40821.0
2022-12-09,2.5,2.55,2.5,2.5,44705,EQ,1955.0,22.87,25060.0
2022-12-12,2.5,2.5,2.45,2.45,55192,EQ,2589.0,21.32,20918.0
2022-12-13,2.5,2.5,2.45,2.45,39340,EQ,1768.0,22.25,20986.0
2022-12-14,2.45,2.45,2.4,2.45,19245,EQ,989.0,19.46,13433.0
2022-12-15,2.45,2.45,2.4,2.4,16072,EQ,1221.0,13.16,10030.0
2022-12-16,2.4,2.45,2.35,2.4,47116,EQ,1737.0,27.12,29320.0
2022-12-19,2.45,2.6,2.45,2.5,125394,EQ,3413.0,36.74,53167.0
2022-12-20,2.5,2.55,2.5,2.5,42542,EQ,1745.0,24.38,28157.0
2022-12-21,2.55,2.55,2.4,2.4,104865,EQ,2889.0,36.3,62072.0
2022-12-22,2.45,2.55,2.35,2.45,145685,EQ,4065.0,35.84,99313.0
2022-12-23,2.45,2.45,2.35,2.35,45038,EQ,2249.0,20.03,28514.0
2022-12-26,2.35,2.45,2.3,2.45,32225,EQ,1977.0,16.3,18695.0
2022-12-27,2.5,2.55,2.45,2.55,35635,EQ,2385.0,14.94,20926.0
2022-12-28,2.55,2.9,2.5,2.75,927430,EQ,21819.0,42.51,236117.0
2022-12-29,2.75,2.75,2.65,2.65,134398,EQ,6175.0,21.76,47345.0
2022-12-30,2.65,2.8,2.65,2.75,127231,EQ,5828.0,21.83,44771.0
2023-01-02,2.75,2.8,2.65,2.7,54851,EQ,2805.0,19.55,29592.0
2023-01-03,2.7,2.8,2.7,2.7,109775,EQ,4154.0,26.43,44454.0
2023-01-04,2.7,2.95,2.7,2.85,537650,EQ,16127.0,33.34,132183.0
2023-01-05,2.85,2.85,2.75,2.8,101159,EQ,4700.0,21.52,47169.0
2023-01-06,2.75,2.85,2.75,2.8,80382,EQ,3196.0,25.15,33106.0
2023-01-09,2.85,2.85,2.7,2.75,101088,EQ,4744.0,21.31,55337.0
2023-01-10,2.75,2.8,2.7,2.75,33020,EQ,1823.0,18.11,19046.0
2023-01-11,2.75,2.85,2.7,2.75,112053,EQ,6229.0,17.99,40528.0
2023-01-12,2.75,2.75,2.7,2.7,32212,EQ,2759.0,11.68,17402.0
2023-01-13,2.7,2.75,2.7,2.7,47291,EQ,2760.0,17.13,27674.0
2023-01-16,2.7,2.8,2.7,2.8,65259,EQ,3138.0,20.8,40242.0
2023-01-17,2.8,2.8,2.7,2.7,43473,EQ,2251.0,19.31,23300.0
2023-01-18,2.75,2.75,2.65,2.7,42258,EQ,1882.0,22.45,28796.0
2023-01-19,2.65,2.7,2.65,2.7,25166,EQ,1381.0,18.22,13839.0
2023-01-20,2.7,2.8,2.65,2.75,87527,EQ,4985.0,17.56,44299.0
2023-01-23,2.75,2.8,2.65,2.65,44395,EQ,2413.0,18.4,22755.0
2023-01-24,2.65,2.7,2.6,2.6,46745,EQ,2268.0,20.61,27952.0
2023-01-25,2.65,2.65,2.55,2.55,30921,EQ,2013.0,15.36,19729.0
2023-01-27,2.55,2.55,2.5,2.5,47651,EQ,3528.0,13.51,23709.0
2023-01-30,2.55,2.7,2.5,2.65,86957,EQ,5097.0,17.06,51832.0
2023-01-31,2.8,2.8,2.7,2.75,212736,EQ,7614.0,27.94,72357.0
2023-02-01,2.75,2.85,2.65,2.7,94028,EQ,6586.0,14.28,44059.0
2023-02-02,2.7,2.75,2.65,2.65,54590,EQ,2699.0,20.23,37638.0
2023-02-03,2.65,2.65,2.6,2.6,54498,EQ,3662.0,14.88,25094.0
2023-02-06,2.6,2.75,2.6,2.7,88394,EQ,4757.0,18.58,47804.0
2023-02-07,2.75,2.75,2.7,2.75,53091,EQ,3319.0,16.0,32486.0
2023-02-08,2.75,2.75,2.7,2.75,25271,EQ,1898.0,13.31,11208.0
2023-02-09,2.7,2.8,2.7,2.75,88759,EQ,4284.0,20.72,47391.0
2023-02-10,2.75,2.8,2.7,2.75,49711,EQ,3549.0,14.01,24324.0
2023-02-13,2.75,2.75,2.7,2.7,38832,EQ,2190.0,17.73,21365.0
2023-02-14,2.7,2.7,2.6,2.65,34824,EQ,2550.0,13.66,16059.0
2023-02-15,2.6,2.7,2.6,2.65,41330,EQ,2383.0,17.34,23482.0
2023-02-16,2.65,2.7,2.6,2.65,33373,EQ,2547.0,13.1,16908.0
2023-02-17,2.65,2.7,2.65,2.65,19250,EQ,1486.0,12.95,9684.0
2023-02-20,2.65,2.65,2.55,2.6,41379,EQ,2283.0,18.12,26408.0
2023-02-21,2.6,2.6,2.5,2.55,35126,EQ,1616.0,21.74,23382.0
2023-02-22,2.5,2.5,2.45,2.45,58614,EQ,2652.0,22.1,37746.0
2023-02-23,2.45,2.55,2.45,2.55,42955,EQ,2823.0,15.22,17802.0
2023-02-24,2.55,2.6,2.45,2.5,44424,EQ,3444.0,12.9,13355.0
2023-02-27,2.45,2.5,2.4,2.45,20435,EQ,1402.0,14.58,12542.0
2023-02-28,2.45,2.55,2.45,2.5,27225,EQ,1821.0,14.95,13184.0
2023-03-01,2.5,2.55,2.5,2.55,17826,EQ,1634.0,10.91,9648.0
2023-03-02,2.55,2.55,2.5,2.5,24204,EQ,1662.0,14.56,14271.0
2023-03-03,2.5,2.6,2.5,2.55,24295,EQ,1641.0,14.8,14321.0
2023-03-06,2.6,2.65,2.6,2.6,38748,EQ,2048.0,18.92,17100.0
2023-03-08,2.6,2.6,2.55,2.55,28922,EQ,1886.0,15.34,18496.0
2023-03-09,2.55,2.6,2.55,2.55,20015,EQ,939.0,21.32,12109.0
2023-03-10,2.55,2.55,2.5,2.5,23034,EQ,1496.0,15.4,10061.0
2023-03-13,2.5,2.55,2.4,2.45,35992,EQ,1940.0,18.55,20307.0
2023-03-14,2.4,2.5,2.4,2.4,49620,EQ,1622.0,30.59,33345.0
2023-03-15,2.45,2.5,2.4,2.45,28926,EQ,1429.0,20.24,19630.0
2023-03-16,2.45,2.45,2.4,2.4,24979,EQ,980.0,25.49,16928.0
2023-03-17,2.45,2.45,2.4,2.4,6629,EQ,418.0,15.86,3173.0
2023-03-20,2.4,2.45,2.4,2.45,9228,EQ,542.0,17.03,5450.0
2023-03-21,2.45,2.45,2.4,2.45,14795,EQ,1497.0,9.88,8220.0
2023-03-22,2.45,2.5,2.45,2.45,18539,EQ,685.0,27.06,13506.0
2023-03-23,2.45,2.5,2.45,2.45,14494,EQ,706.0,20.53,9606.0
2023-03-24,2.45,2.45,2.45,2.45,36442,EQ,680.0,53.59,28106.0
2023-03-27,2.45,2.45,2.4,2.45,16603,EQ,713.0,23.29,11702.0
2023-03-28,2.4,2.45,2.4,2.4,24671,EQ,961.0,25.67,16447.0
2023-03-29,2.4,2.45,2.4,2.4,38862,EQ,809.0,48.04,30542.0
2023-03-31,2.4,2.55,2.4,2.55,39797,EQ,1939.0,20.52,25673.0
2023-04-03,2.5,2.55,2.5,2.55,18483,EQ,1014.0,18.23,9921.0
2023-04-05,2.55,2.6,2.55,2.55,19626,EQ,1036.0,18.94,11013.0
2023-04-06,2.6,2.65,2.55,2.65,39666,EQ,1661.0,23.88,26425.0
2023-04-10,2.65,2.65,2.6,2.6,14856,EQ,653.0,22.75,11811.0
2023-04-11,2.6,2.7,2.6,2.65,33736,EQ,1041.0,32.41,20946.0
2023-04-12,2.7,2.7,2.65,2.65,17783,EQ,835.0,21.3,9887.0
2023-04-13,2.65,2.7,2.65,2.65,10702,EQ,710.0,15.07,6540.0
2023-04-17,2.65,2.75,2.6,2.7,35122,EQ,1287.0,27.29,26422.0
2023-04-18,2.7,2.75,2.6,2.65,31680,EQ,1006.0,31.49,22468.0
2023-04-19,2.65,2.7,2.6,2.65,24344,EQ,1620.0,15.03,10756.0
2023-04-20,2.65,2.7,2.65,2.7,24783,EQ,1109.0,22.35,15998.0
2023-04-21,2.7,2.95,2.65,2.85,276270,EQ,8288.0,33.33,111728.0
2023-04-24,2.85,2.9,2.8,2.85,43654,EQ,2487.0,17.55,25489.0
2023-04-25,2.8,2.95,2.8,2.9,82774,EQ,3142.0,26.34,46227.0
2023-04-26,2.9,2.95,2.85,2.85,72799,EQ,3393.0,21.46,37006.0
2023-04-27,2.9,2.9,2.7,2.75,63122,EQ,3377.0,18.69,39753.0
2023-04-28,2.8,2.85,2.75,2.8,44074,EQ,2720.0,16.2,25024.0
2023-05-02,2.8,2.85,2.8,2.85,43461,EQ,1446.0,30.06,32251.0
2023-05-03,2.8,2.9,2.75,2.75,38418,EQ,1937.0,19.83,24958.0
2023-05-04,2.75,2.85,2.7,2.75,44054,EQ,2212.0,19.92,25218.0
2023-05-05,2.75,2.75,2.65,2.65,45658,EQ,2647.0,17.25,29873.0
2023-05-08,2.65,2.75,2.65,2.7,34886,EQ,1963.0,17.77,20129.0
2023-05-09,2.75,2.75,2.7,2.7,34620,EQ,1640.0,21.11,19883.0
2023-05-10,2.75,2.75,2.65,2.65,23891,EQ,1479.0,16.15,16155.0
2023-05-11,2.65,2.7,2.65,2.65,14730,EQ,747.0,19.72,8862.0
2023-05-12,2.65,2.7,2.65,2.65,18990,EQ,1022.0,18.58,11978.0
2023-05-15,2.65,2.7,2.6,2.6,55067,EQ,1821.0,30.24,43938.0
2023-05-16,2.6,2.7,2.6,2.65,44035,EQ,1472.0,29.92,26300.0
2023-05-17,2.7,2.7,2.6,2.6,28689,EQ,1491.0,19.24,17452.0
2023-05-18,2.6,2.65,2.55,2.6,38491,EQ,982.0,39.2,28310.0
2023-05-19,2.6,2.6,2.55,2.55,98912,EQ,1739.0,56.88,77522.0
2023-05-22,2.55,2.65,2.55,2.6,21124,EQ,1157.0,18.26,12667.0
2023-05-23,2.6,2.75,2.6,2.7,64642,EQ,2334.0,27.7,41889.0
2023-05-24,2.7,2.7,2.65,2.65,28054,EQ,1563.0,17.95,17955.0
2023-05-25,2.65,2.65,2.6,2.6,14031,EQ,841.0,16.68,9665.0
2023-05-26,2.65,2.7,2.6,2.7,42841,EQ,1523.0,28.13,30735.0
2023-05-29,2.65,2.7,2.6,2.6,71763,EQ,1592.0,45.08,50351.0
2023-05-30,2.6,2.65,2.6,2.6,34355,EQ,1895.0,18.13,20091.0
2023-05-31,2.6,2.6,2.55,2.55,35067,EQ,1336.0,26.25,23485.0
2023-06-01,2.6,2.6,2.55,2.55,28126,EQ,1322.0,21.28,15726.0
2023-06-02,2.6,2.6,2.45,2.5,89051,EQ,4146.0,21.48,58366.0
2023-06-05,2.5,2.5,2.45,2.45,109756,EQ,3446.0,31.85,70349.0
2023-06-06,2.45,2.5,2.4,2.45,57428,EQ,2720.0,21.11,35332.0
2023-06-07,2.45,2.5,2.45,2.5,60282,EQ,2539.0,23.74,37941.0
2023-06-08,2.5,2.6,2.5,2.5,89471,EQ,4183.0,21.39,40305.0
2023-06-09,2.5,2.6,2.5,2.6,86072,EQ,3849.0,22.36,60648.0
2023-06-12,2.7,2.7,2.6,2.65,108429,EQ,3876.0,27.97,60666.0
2023-06-13,2.65,2.65,2.6,2.65,31248,EQ,2028.0,15.41,16828.0
2023-06-14,2.65,2.65,2.6,2.6,33120,EQ,1706.0,19.41,17473.0
2023-06-15,2.6,2.65,2.6,2.6,30661,EQ,1718.0,17.85,16260.0
2023-06-16,2.65,2.65,2.6,2.6,64260,EQ,2467.0,26.05,34780.0
2023-06-19,2.6,2.65,2.6,2.6,23856,EQ,1431.0,16.67,13293.0
2023-06-20,2.6,2.65,2.6,2.6,16383,EQ,1022.0,16.03,9572.0
2023-06-21,2.6,2.65,2.55,2.6,30571,EQ,1518.0,20.14,17801.0
2023-06-22,2.6,2.6,2.55,2.55,30676,EQ,1930.0,15.89,15925.0
2023-06-23,2.55,2.55,2.5,2.5,17275,EQ,1328.0,13.01,9646.0
2023-06-26,2.5,2.55,2.5,2.5,10236,EQ,672.0,15.23,5671.0
2023-06-27,2.5,2.55,2.5,2.55,13960,EQ,737.0,18.94,8139.0
2023-06-28,2.55,2.55,2.45,2.5,36727,EQ,1592.0,23.07,26833.0
2023-06-30,2.5,2.55,2.5,2.5,22724,EQ,1553.0,14.63,14309.0
2023-07-03,2.5,2.55,2.5,2.5,25601,EQ,1411.0,18.14,15187.0
2023-07-04,2.5,2.5,2.45,2.45,34867,EQ,1585.0,22.0,21942.0
2023-07-05,2.5,2.5,2.45,2.45,46922,EQ,1844.0,25.45,36686.0
2023-07-06,2.45,2.5,2.45,2.45,33363,EQ,1769.0,18.86,21038.0
2023-07-07,2.45,2.5,2.4,2.45,76435,EQ,4381.0,17.45,49825.0
2023-07-10,2.45,2.5,2.4,2.5,46234,EQ,1760.0,26.27,26337.0
2023-07-11,2.5,2.55,2.5,2.5,86942,EQ,3335.0,26.07,35614.0
2023-07-12,2.55,2.55,2.45,2.45,30677,EQ,1854.0,16.55,20352.0
2023-07-13,2.5,2.5,2.45,2.45,18872,EQ,760.0,24.83,14285.0
2023-07-14,2.45,2.55,2.45,2.55,64580,EQ,2517.0,25.66,43031.0
2023-07-17,2.55,2.6,2.55,2.6,103120,EQ,3493.0,29.52,61999.0
2023-07-18,2.6,2.65,2.6,2.6,54440,EQ,1912.0,28.47,39527.0
2023-07-19,2.6,2.65,2.6,2.6,45106,EQ,1682.0,26.82,22531.0
2023-07-20,2.6,2.8,2.6,2.7,188692,EQ,6476.0,29.14,116313.0
2023-07-21,2.75,3.05,2.7,3.0,1333083,EQ,28609.0,46.6,432498.0
2023-07-24,3.05,3.25,3.0,3.0,625696,EQ,17037.0,36.73,248459.0
2023-07-25,3.05,3.05,2.9,2.95,203246,EQ,6151.0,33.04,99424.0
2023-07-26,2.95,3.05,2.9,2.95,213104,EQ,6171.0,34.53,97538.0
2023-07-27,2.95,3.05,2.9,2.9,87584,EQ,5076.0,17.25,37376.0
2023-07-28,2.9,2.95,2.85,2.9,83049,EQ,3159.0,26.29,39934.0
2023-07-31,2.9,2.9,2.8,2.85,192075,EQ,5615.0,34.21,115716.0
2023-08-01,2.65,2.85,2.6,2.7,558128,EQ,12778.0,43.68,231434.0
2023-08-02,2.7,2.95,2.7,2.8,729143,EQ,21298.0,34.24,191697.0
2023-08-03,2.85,2.9,2.7,2.85,170220,EQ,5794.0,29.38,53698.0
2023-08-04,2.9,2.9,2.8,2.8,38983,EQ,1962.0,19.87,21027.0
2023-08-07,2.85,2.95,2.85,2.85,139008,EQ,5582.0,24.9,61107.0
2023-08-08,2.85,2.9,2.8,2.85,51641,EQ,2467.0,20.93,34499.0
2023-08-09,2.85,2.85,2.8,2.85,34059,EQ,1616.0,21.08,20953.0
2023-08-10,2.85,2.95,2.85,2.9,192743,EQ,6305.0,30.57,98421.0
2023-08-11,2.95,3.45,2.95,3.3,2469159,EQ,54270.0,45.5,620823.0
2023-08-14,3.4,3.4,3.2,3.2,418796,EQ,15627.0,26.8,116765.0
2023-08-16,3.25,3.25,3.1,3.15,131150,EQ,6275.0,20.9,53769.0
2023-08-17,3.15,3.3,3.15,3.25,180712,EQ,8296.0,21.78,72449.0
2023-08-18,3.25,3.3,3.15,3.2,112201,EQ,5471.0,20.51,40711.0
2023-08-21,3.25,3.35,3.2,3.3,262677,EQ,11705.0,22.44,106811.0
2023-08-22,3.35,3.35,3.25,3.25,100841,EQ,5388.0,18.72,46902.0
2023-08-23,3.3,3.7,3.3,3.4,1562817,EQ,42421.0,36.84,372193.0
2023-08-24,3.5,3.5,3.35,3.4,205689,EQ,8751.0,23.5,87206.0
2023-08-25,3.4,3.4,3.25,3.3,166713,EQ,8396.0,19.86,65472.0
2023-08-28,3.3,3.45,3.25,3.45,240296,EQ,11122.0,21.61,100422.0
2023-08-29,3.4,3.5,3.35,3.45,266747,EQ,10197.0,26.16,110718.0
2023-08-30,3.5,3.6,3.45,3.55,342204,EQ,13371.0,25.59,158265.0
2023-08-31,3.6,3.7,3.55,3.65,390001,EQ,9522.0,40.96,209984.0
2023-09-01,3.7,3.8,3.65,3.75,469429,EQ,14536.0,32.29,217566.0
2023-09-04,3.8,3.85,3.7,3.75,212168,EQ,10165.0,20.87,72801.0
2023-09-05,3.75,3.8,3.65,3.7,213246,EQ,8122.0,26.26,70802.0
2023-09-06,3.75,3.9,3.7,3.8,304983,EQ,12352.0,24.69,113173.0
2023-09-07,3.85,3.85,3.75,3.85,144460,EQ,6825.0,21.17,75156.0
2023-09-08,3.85,4.0,3.75,3.95,281455,EQ,7415.0,37.96,173562.0
2023-09-11,4.05,4.3,3.6,4.3,1645610,EQ,37852.0,43.47,664920.0
2023-09-12,4.2,4.25,3.85,3.9,665554,EQ,21685.0,30.69,269845.0
2023-09-13,3.95,4.25,3.9,4.15,559187,EQ,19446.0,28.76,183599.0
2023-09-14,4.15,4.2,4.1,4.15,178278,EQ,7756.0,22.99,69623.0
2023-09-15,4.2,4.2,4.0,4.05,152941,EQ,7096.0,21.55,55782.0
2023-09-18,4.05,4.15,4.0,4.0,169680,EQ,9437.0,17.98,49379.0
2023-09-20,4.05,4.05,3.9,3.95,89006,EQ,4940.0,18.02,34757.0
2023-09-21,4.0,4.0,3.9,3.95,51121,EQ,2833.0,18.04,20778.0
2023-09-22,3.9,4.05,3.85,3.9,107481,EQ,6066.0,17.72,37515.0
2023-09-25,3.9,3.95,3.85,3.85,79955,EQ,5766.0,13.87,18988.0
2023-09-26,3.85,3.95,3.8,3.85,46905,EQ,2856.0,16.42,20403.0
2023-09-27,3.85,4.1,3.85,4.1,275073,EQ,10807.0,25.45,126422.0
2023-09-28,4.1,4.1,4.05,4.05,220463,EQ,10161.0,21.7,127715.0
2023-09-29,4.05,4.15,4.05,4.1,76530,EQ,5388.0,14.2,44601.0
2023-10-03,4.15,4.15,4.0,4.15,136302,EQ,6593.0,20.67,75502.0
2023-10-04,4.1,4.15,4.05,4.15,151207,EQ,5758.0,26.26,71762.0
2023-10-05,4.15,4.2,4.1,4.1,91568,EQ,5978.0,15.32,31739.0
2023-10-06,4.1,4.25,4.1,4.15,148896,EQ,10896.0,13.67,54881.0
2023-10-09,4.0,4.15,4.0,4.15,107859,EQ,7126.0,15.14,52587.0
2023-10-10,4.1,4.2,4.0,4.05,109637,EQ,6234.0,17.59,38262.0
2023-10-11,4.05,4.05,3.95,4.0,146376,EQ,5909.0,24.77,74349.0
2023-10-12,3.95,4.8,3.95,4.75,2767830,EQ,78620.0,35.21,576579.0
2023-10-13,4.75,4.9,4.6,4.7,1193093,EQ,40911.0,29.16,206138.0
2023-10-16,4.7,5.0,4.6,4.65,697368,EQ,28167.0,24.76,171015.0
2023-10-17,4.7,4.85,4.65,4.75,226398,EQ,9861.0,22.96,84792.0
2023-10-18,4.8,4.85,4.65,4.8,382881,EQ,19052.0,20.1,122132.0
2023-10-19,4.8,5.0,4.75,4.95,1833972,EQ,30474.0,60.18,402929.0
2023-10-20,4.9,5.3,4.9,5.2,1773175,EQ,60847.0,29.14,489576.0
2023-10-23,5.25,5.55,5.0,5.05,779928,EQ,32604.0,23.92,215632.0
2023-10-25,5.1,5.3,5.05,5.25,403664,EQ,25908.0,15.58,86438.0
2023-10-26,5.25,5.25,5.05,5.2,311590,EQ,21407.0,14.56,66088.0
2023-10-27,5.25,6.25,5.25,6.0,2326328,EQ,76972.0,30.22,497217.0
2023-10-30,6.05,6.25,5.9,6.15,1290339,EQ,31901.0,40.45,363343.0
2023-10-31,6.2,6.4,6.2,6.3,758531,EQ,26402.0,28.73,336285.0
2023-11-01,6.3,6.35,6.15,6.25,208082,EQ,12561.0,16.57,80702.0
2023-11-02,6.3,7.05,6.25,6.9,1097876,EQ,64143.0,17.12,293366.0
2023-11-03,6.95,7.45,6.5,7.3,898759,EQ,30607.0,29.36,274226.0
2023-11-06,7.3,7.65,7.15,7.5,584634,EQ,17064.0,34.26,216950.0
2023-11-07,7.45,7.7,7.3,7.6,238968,EQ,10534.0,22.69,94112.0
2023-11-08,7.65,7.75,7.15,7.4,209760,EQ,9185.0,22.84,105831.0
2023-11-09,7.1,7.85,6.9,7.45,476074,EQ,15894.0,29.95,156966.0
2023-11-10,7.4,8.15,7.4,8.15,482136,EQ,9649.0,49.97,286095.0
2023-11-12,8.5,9.0,8.5,8.9,671901,EQ,8458.0,79.44,260631.0
2023-11-13,8.8,9.2,8.5,9.0,487980,EQ,18408.0,26.51,145117.0
2023-11-15,9.15,9.25,8.7,8.8,322981,EQ,12373.0,26.1,149310.0
2023-11-16,8.8,8.9,8.35,8.55,290299,EQ,8798.0,33.0,127402.0
2023-11-17,8.6,9.1,8.6,8.8,302957,EQ,12296.0,24.64,122692.0
2023-11-20,8.85,8.95,8.7,8.8,135436,EQ,7518.0,18.01,60627.0
2023-11-21,8.85,8.85,8.6,8.75,104218,EQ,6029.0,17.29,51871.0
2023-11-22,8.8,8.8,8.55,8.65,75924,EQ,4774.0,15.9,36361.0
2023-11-23,8.7,9.25,8.65,8.85,211376,EQ,15193.0,13.91,77486.0
2023-11-24,8.85,9.0,8.8,8.85,57284,EQ,4427.0,12.94,22144.0
2023-11-28,8.8,8.8,8.3,8.45,118601,EQ,6182.0,19.18,61968.0
2023-11-29,8.4,8.65,8.05,8.6,222155,EQ,8615.0,25.79,97957.0
2023-11-30,8.6,8.65,8.4,8.5,56678,EQ,2520.0,22.49,35780.0
2023-12-01,8.5,8.55,8.3,8.35,56696,EQ,4707.0,12.05,30817.0
2023-12-04,8.45,8.75,8.25,8.65,110472,EQ,4276.0,25.84,64880.0
2023-12-05,8.7,9.15,8.65,9.0,391404,EQ,12647.0,30.95,133118.0
2023-12-06,9.15,9.25,8.85,9.05,248856,EQ,11576.0,21.5,74455.0
2023-12-07,9.05,9.75,8.75,9.4,200011,EQ,8235.0,24.29,103534.0
2023-12-08,9.45,9.65,9.15,9.25,134774,EQ,4579.0,29.43,78925.0
2023-12-11,9.25,9.9,9.15,9.35,73749,EQ,4466.0,16.51,42764.0
2023-12-12,9.4,9.5,9.25,9.35,105366,EQ,2620.0,40.22,34518.0
2023-12-13,9.0,9.35,8.85,9.0,79064,BE,976.0,81.01,79064.0
2023-12-14,9.05,9.1,8.5,8.9,61877,BE,1224.0,50.55,61877.0
2023-12-15,8.7,9.1,8.7,8.85,36452,BE,565.0,64.52,36452.0
2023-12-18,8.6,9.05,8.6,9.0,39429,BE,706.0,55.85,39429.0
2023-12-19,8.8,9.2,8.8,9.1,61891,BE,608.0,101.79,61891.0
2023-12-20,9.25,9.3,8.75,8.8,65914,BE,846.0,77.91,65914.0
2023-12-21,8.8,9.1,8.7,8.95,13468,BE,429.0,31.39,13468.0
2023-12-22,8.95,9.25,8.95,9.2,65189,BE,678.0,96.15,65189.0
2023-12-26,9.4,9.7,9.1,9.7,52469,BE,1032.0,50.84,52469.0
2023-12-27,10.15,10.15,10.15,10.15,22962,BE,357.0,64.32,22962.0
2023-12-28,10.65,10.65,10.65,10.65,14808,BE,223.0,66.4,14808.0
2023-12-29,11.2,11.2,11.2,11.2,48616,BE,265.0,183.46,48616.0
2024-01-01,11.75,11.75,10.65,11.7,164028,BE,1996.0,82.18,164028.0
2024-01-02,11.65,11.65,11.1,11.35,75138,BE,1456.0,51.61,75138.0
2024-01-03,11.5,11.95,11.1,11.95,170492,BE,1327.0,128.48,170492.0
2024-01-04,12.5,12.55,12.15,12.55,77009,BE,1311.0,58.74,77009.0
2024-01-05,13.15,13.15,12.8,13.15,50409,BE,954.0,52.84,50409.0
2024-01-08,13.8,13.8,13.8,13.8,12978,BE,335.0,38.74,12978.0
2024-01-09,14.5,14.5,14.5,14.5,21655,BE,377.0,57.44,21655.0
2024-01-10,15.2,15.2,14.6,15.2,160736,BE,4539.0,35.41,160736.0
2024-01-11,16.0,16.0,15.35,16.0,72482,BE,2636.0,27.5,72482.0
2024-01-12,16.2,16.8,16.0,16.8,168274,BE,4775.0,35.24,168274.0
2024-01-15,17.2,17.6,17.0,17.6,77564,BE,2883.0,26.9,77564.0
2024-01-16,18.5,18.5,17.75,18.5,97285,BE,3627.0,26.82,97285.0
2024-01-17,19.45,19.45,18.8,19.45,201957,BE,3609.0,55.96,201957.0
2024-01-18,19.6,20.2,18.45,18.65,185128,BE,6668.0,27.76,185128.0
2024-01-19,18.8,18.8,17.75,17.75,142630,BE,3726.0,38.28,142630.0
2024-01-20,17.7,18.6,16.85,18.6,166638,BE,3403.0,48.97,166638.0
2024-01-23,18.65,19.4,17.9,18.15,109327,BE,2208.0,49.51,109327.0
2024-01-24,18.95,18.95,17.3,18.15,89289,BE,2453.0,36.4,89289.0
2024-01-25,18.3,18.4,17.4,17.7,41788,BE,2485.0,16.82,41788.0
2024-01-29,18.0,18.4,17.05,18.0,58959,BE,3154.0,18.69,58959.0
2024-01-30,18.1,18.1,17.6,17.75,35659,BE,1312.0,27.18,35659.0
2024-01-31,17.5,18.0,17.45,17.6,19086,BE,1039.0,18.37,19086.0
2024-02-01,18.35,18.35,17.2,17.6,36295,BE,1042.0,34.83,36295.0
2024-02-02,17.6,17.6,16.85,17.1,50143,BE,2419.0,20.73,50143.0
2024-02-05,17.1,17.95,17.1,17.95,69015,BE,2082.0,33.15,69015.0
2024-02-06,18.8,18.85,18.15,18.85,40030,BE,1170.0,34.21,40030.0
2024-02-07,19.8,19.8,19.8,19.8,20839,BE,595.0,35.02,20839.0
2024-02-08,20.8,20.8,20.8,20.8,95652,BE,1251.0,76.46,95652.0
2024-02-09,21.85,21.85,19.75,20.0,104893,BE,3987.0,26.31,104893.0
2024-02-12,19.35,19.75,19.0,19.25,61074,BE,1401.0,43.59,61074.0
2024-02-13,18.9,20.0,18.85,19.7,39647,BE,1385.0,28.63,39647.0
2024-02-14,19.3,19.6,18.7,19.5,27874,BE,878.0,31.75,27874.0
2024-02-15,19.5,20.5,19.3,20.45,56099,BE,1390.0,40.36,56099.0
2024-02-16,20.65,21.3,20.5,20.85,80575,BE,1669.0,48.28,80575.0
2024-02-19,21.05,21.9,20.85,21.9,38662,BE,1197.0,32.3,38662.0
2024-02-20,22.9,23.0,22.2,23.0,101529,BE,2643.0,38.41,101529.0
2024-02-21,23.35,24.0,22.15,22.6,49955,BE,2765.0,18.07,49955.0
2024-02-22,22.9,23.4,21.45,22.5,58513,BE,1981.0,29.54,58513.0
2024-02-23,22.7,23.65,21.5,23.35,50031,BE,1552.0,32.24,50031.0
2024-02-26,24.5,24.55,23.7,24.55,38862,BE,1167.0,33.3,38862.0
2024-02-27,25.75,25.75,25.65,25.75,47451,BE,580.0,81.81,47451.0
2024-02-28,27.05,27.05,25.75,27.0,78967,BE,3692.0,21.39,78967.0
2024-02-29,26.5,28.0,25.65,27.0,67227,BE,3368.0,19.96,67227.0
2024-03-01,27.0,28.0,26.7,27.35,80734,BE,2221.0,36.35,80734.0
2024-03-02,27.9,27.9,26.0,26.95,37313,BE,1930.0,19.33,37313.0
2024-03-04,26.9,26.9,25.6,25.6,66909,BE,3033.0,22.06,66909.0
2024-03-05,24.35,26.1,24.35,25.15,110695,BE,2727.0,40.59,110695.0
2024-03-06,24.6,25.15,23.9,23.9,79045,BE,1683.0,46.97,79045.0
2024-03-07,22.7,25.1,22.7,24.65,125055,BE,2534.0,49.35,125055.0
2024-03-11,23.4,25.1,23.4,23.4,103293,BE,2062.0,50.09,103293.0
2024-03-12,22.25,24.6,22.25,24.6,151915,BE,2311.0,65.74,151915.0
2024-03-13,24.9,24.9,23.35,23.35,22364,BE,1190.0,18.79,22364.0
2024-03-14,22.2,22.2,22.2,22.2,15509,BE,829.0,18.71,15509.0
2024-03-15,21.1,22.2,21.1,21.3,92518,BE,1808.0,51.17,92518.0
2024-03-18,20.2,21.0,20.2,20.2,17598,BE,620.0,28.38,17598.0
2024-03-19,19.2,19.9,19.2,19.2,193455,BE,1649.0,117.32,193455.0
2024-03-20,18.3,19.5,18.25,19.1,81678,BE,2683.0,30.44,81678.0
2024-03-21,19.85,20.05,19.6,20.05,12848,BE,330.0,38.93,12848.0
2024-03-22,21.05,21.05,21.05,21.05,4783,BE,231.0,20.71,4783.0
2024-03-26,22.1,22.1,22.1,22.1,17685,BE,980.0,18.05,17685.0
2024-03-27,23.0,23.25,22.1,23.25,53819,BE,4125.0,13.05,53819.0
2024-03-28,24.35,24.4,23.5,24.25,84288,BE,4072.0,20.7,84288.0
2024-04-01,24.3,24.5,23.0,23.5,88908,BE,5085.0,17.48,88908.0
2024-04-02,23.5,24.0,23.3,23.55,72291,BE,5310.0,13.61,72291.0
2024-04-03,24.1,24.1,23.3,23.45,86517,BE,5343.0,16.19,86517.0
2024-04-04,24.6,24.6,24.6,24.6,1579485,BE,6474.0,243.97,1579485.0
2024-04-05,24.5,25.85,24.1,25.85,3252738,BE,24583.0,132.32,3252738.0
2024-04-08,26.5,26.85,25.0,25.45,1528950,BE,14875.0,102.79,1528950.0
2024-04-09,26.75,26.75,26.7,26.75,2023105,BE,10610.0,190.68,2023105.0
2024-04-10,26.8,27.65,26.0,26.65,1914322,BE,15730.0,121.7,1914322.0
2024-04-12,26.6,26.6,25.35,25.55,1351693,BE,12543.0,107.76,1351693.0
2024-04-15,24.35,25.3,24.35,24.4,917495,BE,10890.0,84.25,917495.0
2024-04-16,24.15,25.25,23.4,24.4,700571,BE,6501.0,107.76,700571.0
2024-04-18,24.8,24.8,23.3,23.5,727013,BE,10146.0,71.66,727013.0
2024-04-19,23.2,23.2,22.4,22.6,1663834,BE,7821.0,212.74,1663834.0
2024-04-22,22.8,23.6,21.65,21.85,1157887,BE,6297.0,183.88,1157887.0
2024-04-23,22.2,22.35,22.0,22.2,1465335,BE,5117.0,286.37,1465335.0
2024-04-24,22.55,23.2,22.05,22.5,1021907,BE,4834.0,211.4,1021907.0
2024-04-25,22.5,22.5,21.9,22.0,1076053,BE,6414.0,167.77,1076053.0
2024-04-26,22.0,22.4,20.9,21.2,867635,BE,8444.0,102.75,867635.0
2024-04-29,21.6,22.25,21.2,22.25,585076,BE,3752.0,155.94,585076.0
2024-04-30,22.0,22.6,21.6,21.65,972040,BE,7120.0,136.52,972040.0
2024-05-02,21.65,21.8,20.9,21.0,918605,BE,8180.0,112.3,918605.0
2024-05-03,21.05,21.2,20.8,20.85,1282615,BE,6952.0,184.5,1282615.0
2024-05-06,20.6,21.15,19.9,20.0,1600446,BE,8869.0,180.45,1600446.0
2024-05-07,19.95,20.0,19.2,19.25,967079,BE,7588.0,127.45,967079.0
2024-05-08,19.2,20.2,19.0,20.2,868485,BE,5981.0,145.21,868485.0
2024-05-09,21.2,21.2,20.2,20.5,1127020,BE,7482.0,150.63,1127020.0
2024-05-10,20.7,20.95,19.5,19.9,472002,BE,4683.0,100.79,472002.0
2024-05-13,19.8,19.9,19.05,19.2,980032,BE,6048.0,162.04,980032.0
2024-05-14,19.3,20.15,19.0,19.4,1500936,BE,4014.0,373.93,1500936.0
2024-05-15,19.4,19.9,19.0,19.5,918420,BE,3641.0,252.24,918420.0
2024-05-16,19.7,20.0,19.3,19.4,469795,BE,3418.0,137.45,469795.0
2024-05-17,19.35,19.6,19.0,19.35,951796,BE,2955.0,322.1,951796.0
2024-05-18,19.45,19.55,19.2,19.3,104036,BE,1605.0,64.82,104036.0
2024-05-21,19.3,19.3,18.5,18.55,1857397,BE,10185.0,182.37,1857397.0
2024-05-22,18.4,19.15,18.4,18.75,742871,BE,3720.0,199.7,742871.0
2024-05-23,19.05,19.7,18.35,19.7,826457,BE,5489.0,150.57,826457.0
2024-05-24,20.7,20.7,20.0,20.45,779671,BE,5214.0,149.53,779671.0
2024-05-27,20.7,20.7,19.6,19.75,522287,BE,4641.0,112.54,522287.0
2024-05-28,19.6,19.95,19.0,19.2,520415,BE,3360.0,154.89,520415.0
2024-05-29,19.35,19.35,18.6,18.85,1462447,BE,4216.0,346.88,1462447.0
2024-05-30,18.85,19.35,18.75,18.8,1490642,BE,2385.0,625.01,1490642.0
2024-05-31,19.1,19.15,18.5,18.6,787104,BE,3589.0,219.31,787104.0
2024-06-03,18.9,19.5,17.85,18.3,2632930,BE,6807.0,386.8,2632930.0
2024-06-04,18.4,18.75,17.4,17.55,1600145,BE,6586.0,242.96,1600145.0
2024-06-05,18.0,18.4,17.7,17.9,514713,BE,3896.0,132.11,514713.0
2024-06-06,18.2,18.8,18.05,18.8,512117,BE,1904.0,268.97,512117.0
2024-06-07,19.0,19.4,19.0,19.1,595838,BE,3209.0,185.68,595838.0
2024-06-10,19.4,19.55,19.15,19.2,509695,BE,2900.0,175.76,509695.0
2024-06-11,19.4,19.4,19.1,19.15,310820,BE,2667.0,116.54,310820.0
2024-06-12,19.3,19.4,19.05,19.05,362122,BE,2226.0,162.68,362122.0
2024-06-13,19.2,19.3,19.0,19.0,403400,BE,1764.0,228.68,403400.0
2024-06-14,19.35,19.45,19.05,19.05,689279,BE,3859.0,178.62,689279.0
2024-06-18,19.1,19.3,18.9,18.95,623418,BE,3317.0,187.95,623418.0
2024-06-19,19.1,19.1,18.65,18.7,287926,BE,3284.0,87.68,287926.0
2024-06-20,18.75,18.95,18.45,18.85,1161394,BE,4067.0,285.57,1161394.0
2024-06-21,18.9,19.2,18.7,19.15,2765808,BE,2804.0,986.38,2765808.0
2024-06-24,19.15,19.3,18.65,18.75,3338990,BE,3848.0,867.72,3338990.0
2024-06-25,19.0,19.1,18.5,18.6,1531723,BE,2574.0,595.07,1531723.0
2024-06-26,18.6,18.8,18.5,18.5,1085108,BE,2407.0,450.81,1085108.0
2024-06-27,18.8,18.8,18.3,18.35,906019,BE,2764.0,327.79,906019.0
2024-06-28,18.4,18.55,18.0,18.2,1436590,BE,3407.0,421.66,1436590.0
2024-07-01,18.2,18.4,17.85,17.9,587690,BE,4816.0,122.03,587690.0
2024-07-02,18.0,18.2,17.85,17.9,299020,BE,2754.0,108.58,299020.0
2024-07-03,17.9,18.2,17.6,17.6,595070,BE,6176.0,96.35,595070.0
2024-07-04,17.75,17.9,17.35,17.4,1996865,BE,5142.0,388.34,1996865.0
2024-07-05,17.4,18.0,17.15,17.95,1556433,BE,5019.0,310.11,1556433.0
2024-07-08,18.2,18.25,17.4,17.55,437982,BE,5067.0,86.44,437982.0
2024-07-09,17.8,18.0,17.5,17.55,1910693,BE,3065.0,623.39,1910693.0
2024-07-10,17.5,17.75,17.25,17.3,281003,BE,2931.0,95.87,281003.0
2024-07-11,17.3,17.65,17.2,17.6,1558403,BE,3081.0,505.81,1558403.0
2024-07-12,17.6,17.8,17.25,17.4,383728,BE,4023.0,95.38,383728.0
2024-07-15,17.55,17.7,17.4,17.6,832376,BE,2197.0,378.87,832376.0
2024-07-16,17.7,17.7,17.25,17.4,885678,BE,3200.0,276.77,885678.0
2024-07-18,17.75,17.75,16.8,16.9,535717,BE,4077.0,131.4,535717.0
2024-07-19,16.8,17.2,16.55,16.75,553375,BE,3993.0,138.59,553375.0
2024-07-22,16.6,16.85,16.45,16.75,524227,BE,3125.0,167.75,524227.0
2024-07-23,16.75,16.8,16.45,16.65,267146,BE,2771.0,96.41,267146.0
2024-07-24,16.8,16.9,16.6,16.75,150137,BE,2304.0,65.16,150137.0
2024-07-25,16.6,16.85,16.6,16.7,154363,BE,1895.0,81.46,154363.0
2024-07-26,17.55,17.55,17.55,17.55,174106,BE,906.0,192.17,174106.0
2024-07-29,18.45,18.45,18.45,18.45,329465,BE,1263.0,260.86,329465.0
2024-07-30,19.35,19.35,19.35,19.35,808623,BE,1113.0,726.53,808623.0
2024-07-31,19.2,19.2,18.45,18.45,1606799,BE,7576.0,212.09,1606799.0
2024-08-01,18.95,18.95,18.35,18.4,353422,BE,3079.0,114.78,353422.0
2024-08-02,18.4,18.4,17.9,18.1,219522,BE,2571.0,85.38,219522.0
2024-08-05,17.6,18.0,17.2,17.4,1102996,BE,3846.0,286.79,1102996.0
2024-08-06,17.6,18.25,17.4,18.25,608701,BE,926.0,657.34,608701.0
2024-08-07,19.15,19.15,19.15,19.15,346492,BE,1041.0,332.85,346492.0
2024-08-08,20.1,20.1,20.1,20.1,461308,BE,1280.0,360.4,461308.0
2024-08-09,21.15,21.15,21.15,21.15,1036406,BE,1333.0,777.5,1036406.0
2024-08-12,21.0,21.0,20.05,20.1,1625482,BE,7931.0,204.95,1625482.0
2024-08-13,20.1,21.1,19.7,20.2,693415,BE,4546.0,152.53,693415.0
2024-08-14,20.7,20.7,19.25,19.5,898464,BE,3805.0,236.13,898464.0
2024-08-16,19.6,20.4,19.3,19.65,325412,BE,2879.0,113.03,325412.0
2024-08-19,20.0,20.35,18.65,18.95,720116,BE,4370.0,164.79,720116.0
2024-08-20,19.25,19.25,18.0,18.0,911283,BE,5743.0,158.68,911283.0
2024-08-21,18.05,18.05,17.4,17.5,747204,BE,6343.0,117.8,747204.0
2024-08-22,18.15,18.15,17.35,17.7,1502825,BE,5492.0,273.64,1502825.0
2024-08-23,18.0,18.0,17.2,17.45,2324277,BE,5703.0,407.55,2324277.0
2024-08-26,17.8,17.8,17.0,17.4,700542,BE,5347.0,131.02,700542.0
2024-08-27,17.45,17.6,17.3,17.4,588735,BE,3130.0,188.09,588735.0
2024-08-28,17.4,17.55,17.2,17.35,523135,BE,4018.0,130.2,523135.0
2024-08-29,17.35,17.5,17.0,17.35,457502,BE,2923.0,156.52,457502.0
2024-08-30,17.5,17.5,17.0,17.05,554408,BE,4310.0,128.63,554408.0
2024-09-02,17.4,17.4,17.05,17.15,338973,BE,2710.0,125.08,338973.0
2024-09-03,17.3,17.35,17.1,17.1,396634,BE,2279.0,174.04,396634.0
2024-09-04,17.3,17.35,16.8,17.25,217740,BE,2633.0,82.7,217740.0
2024-09-05,17.5,17.55,17.0,17.35,194868,BE,2108.0,92.44,194868.0
2024-09-06,17.35,17.35,17.0,17.05,303168,BE,3799.0,79.8,303168.0
2024-09-09,17.15,17.15,16.7,16.75,443252,BE,3899.0,113.68,443252.0
2024-09-10,17.0,17.2,16.75,16.95,252667,BE,2369.0,106.66,252667.0
2024-09-11,17.15,17.25,16.8,16.95,414333,BE,2968.0,139.6,414333.0
2024-09-12,17.0,17.15,16.6,16.9,204111,BE,2254.0,90.56,204111.0
2024-09-13,17.05,17.25,16.8,17.05,824753,BE,2514.0,328.06,824753.0
2024-09-16,17.15,17.3,16.8,17.0,678917,BE,2981.0,227.75,678917.0
2024-09-17,17.4,17.4,16.55,17.0,314081,BE,2998.0,104.76,314081.0
2024-09-18,17.3,17.55,16.85,16.95,1885407,BE,3884.0,485.43,1885407.0
2024-09-19,17.35,17.4,16.65,16.9,456475,BE,3879.0,117.68,456475.0
2024-09-20,17.1,17.35,16.8,17.25,427581,BE,2607.0,164.01,427581.0
2024-09-23,17.4,17.5,17.0,17.3,312020,BE,3092.0,100.91,312020.0
2024-09-24,17.3,17.5,17.1,17.2,142633,BE,1715.0,83.17,142633.0
2024-09-25,17.45,17.45,16.85,17.0,251764,BE,2474.0,101.76,251764.0
2024-09-26,17.2,17.2,16.8,16.85,171246,BE,2488.0,68.83,171246.0
2024-09-27,16.9,17.05,16.55,16.6,472262,BE,3099.0,152.39,472262.0
2024-09-30,16.8,16.8,16.25,16.5,312572,BE,3024.0,103.36,312572.0
2024-10-01,16.6,16.75,16.3,16.4,799174,BE,2213.0,361.13,799174.0
2024-10-03,16.05,16.4,15.7,16.25,210107,BE,3313.0,63.42,210107.0
2024-10-04,15.9,16.2,15.6,15.9,229469,BE,3116.0,73.64,229469.0
2024-10-07,16.1,16.6,15.4,16.0,300714,BE,3365.0,89.37,300714.0
2024-10-08,16.15,16.15,15.6,16.0,145032,BE,2371.0,61.17,145032.0
2024-10-09,16.2,16.3,16.0,16.2,106885,BE,1435.0,74.48,106885.0
2024-10-10,16.5,16.5,15.9,16.0,155793,BE,1627.0,95.75,155793.0
2024-10-11,16.1,16.1,15.6,15.9,104653,BE,1929.0,54.25,104653.0
2024-10-14,15.9,16.1,15.65,15.85,106326,BE,1624.0,65.47,106326.0
2024-10-15,15.6,15.9,15.6,15.85,121991,BE,1916.0,63.67,121991.0
2024-10-16,15.85,15.9,15.7,15.8,565981,BE,1188.0,476.41,565981.0
2024-10-17,15.8,15.9,15.45,15.8,113079,BE,1774.0,63.74,113079.0
2024-10-18,15.8,15.8,15.2,15.4,190418,BE,2397.0,79.44,190418.0
2024-10-21,15.45,15.7,15.0,15.1,120665,BE,2175.0,55.48,120665.0
2024-10-22,15.3,15.3,14.3,14.8,481748,BE,3565.0,135.13,481748.0
2024-10-23,14.8,15.4,14.1,15.3,575350,BE,2890.0,199.08,575350.0
2024-10-24,15.25,15.4,14.8,15.0,270450,BE,1314.0,205.82,270450.0
2024-10-25,15.2,15.2,14.25,14.75,248675,BE,1996.0,124.59,248675.0
2024-10-28,14.0,14.95,14.0,14.8,162664,EQ,2542.0,63.99,120094.0
2024-10-29,15.0,15.55,15.0,15.55,1159704,EQ,2746.0,422.32,1053858.0
2024-10-30,15.55,16.3,15.55,15.8,1590456,EQ,4166.0,381.77,1432541.0
2024-10-31,16.15,16.25,15.8,16.15,183922,EQ,2340.0,78.6,92745.0
2024-11-01,16.25,16.75,16.2,16.5,208290,EQ,2215.0,94.04,160684.0
2024-11-04,16.5,16.9,16.0,16.65,351401,EQ,3882.0,90.52,226790.0
2024-11-05,16.8,17.45,16.35,17.3,555149,EQ,5202.0,106.72,386994.0
2024-11-06,17.45,17.5,17.15,17.25,396743,EQ,4411.0,89.94,274089.0
2024-11-07,17.4,17.4,16.8,17.0,156806,EQ,2429.0,64.56,103460.0
2024-11-08,17.0,17.45,16.6,16.8,413411,EQ,3822.0,108.17,245953.0
2024-11-11,17.15,17.2,16.55,16.8,215844,EQ,3127.0,69.03,133186.0
2024-11-12,17.0,17.0,16.6,16.85,184163,EQ,2457.0,74.95,137900.0
2024-11-13,17.45,17.45,16.4,16.8,422130,EQ,4313.0,97.87,271523.0
2024-11-14,17.05,17.05,16.4,16.8,252700,EQ,2842.0,88.92,140712.0
2024-11-18,16.8,17.0,16.45,16.8,406296,EQ,3148.0,129.06,328861.0
2024-11-19,16.9,17.1,16.7,16.8,713602,EQ,2361.0,302.25,648287.0
2024-11-21,16.8,16.85,16.15,16.6,252729,EQ,2573.0,98.22,185756.0
2024-11-22,16.6,17.05,16.4,16.6,259308,EQ,2914.0,88.99,152496.0
2024-11-25,17.05,17.1,16.6,16.7,216520,EQ,2665.0,81.25,133295.0
2024-11-26,16.85,16.85,16.45,16.65,173923,EQ,4724.0,36.82,112195.0
2024-11-27,16.6,16.75,16.45,16.6,159846,EQ,3962.0,40.34,112114.0
2024-11-28,16.6,16.8,16.4,16.55,216873,EQ,3272.0,66.28,145405.0
2024-11-29,16.7,18.0,16.6,17.25,1129135,EQ,10866.0,103.91,591019.0
2024-12-02,17.4,17.45,17.0,17.1,267113,EQ,3751.0,71.21,149827.0
2024-12-03,17.15,17.45,17.1,17.2,233115,EQ,3645.0,63.95,146287.0
2024-12-04,17.5,17.95,16.6,16.8,833310,EQ,6729.0,123.84,440279.0
2024-12-05,17.0,17.0,16.5,16.6,381023,EQ,4129.0,92.28,244260.0
2024-12-06,16.6,16.8,16.35,16.4,347523,EQ,4201.0,82.72,237386.0
2024-12-09,16.6,16.75,16.25,16.3,270346,EQ,5504.0,49.12,174266.0
2024-12-10,16.55,16.55,16.2,16.3,295599,EQ,2972.0,99.46,172072.0
2024-12-11,16.4,16.85,16.25,16.35,1390876,EQ,4400.0,316.11,1107865.0
2024-12-12,16.2,16.45,16.2,16.2,210240,EQ,4079.0,51.54,142409.0
2024-12-13,16.4,16.5,16.0,16.4,252254,EQ,3198.0,78.88,145698.0
2024-12-16,16.7,16.7,16.2,16.25,195736,EQ,2429.0,80.58,103075.0
2024-12-17,16.3,16.4,16.0,16.05,224934,EQ,3169.0,70.98,127042.0
2024-12-18,16.2,16.2,15.7,15.8,402303,EQ,3876.0,103.79,287927.0
2024-12-19,15.8,16.2,15.55,15.85,691697,EQ,6038.0,114.56,332331.0
2024-12-20,16.0,16.2,15.4,15.6,1111276,EQ,3838.0,289.55,570398.0
2024-12-23,16.0,16.8,15.2,15.4,672691,EQ,6265.0,107.37,253139.0
2024-12-24,15.7,15.7,15.15,15.3,278545,EQ,4940.0,56.39,129353.0
2024-12-26,15.5,15.55,14.75,15.35,448235,EQ,8842.0,50.69,190977.0
2024-12-27,15.55,15.65,15.3,15.5,134677,EQ,2511.0,53.63,55137.0
2024-12-30,15.6,15.7,15.25,15.3,196790,EQ,3259.0,60.38,100085.0
2024-12-31,15.45,15.45,15.05,15.15,170401,EQ,3168.0,53.79,76356.0
2025-01-01,15.55,15.55,15.15,15.2,169629,EQ,2254.0,75.26,82838.0
2025-01-02,15.4,15.4,15.1,15.15,190116,EQ,2572.0,73.92,92512.0
2025-01-03,15.4,16.35,15.35,15.95,922275,EQ,8312.0,110.96,295329.0
2025-01-06,15.95,17.55,15.6,15.95,1347954,EQ,7667.0,175.81,656520.0
2025-01-07,15.95,16.15,15.5,15.75,567621,EQ,4103.0,138.34,384238.0
2025-01-08,15.95,15.95,15.4,15.5,256904,EQ,2612.0,98.36,173645.0
2025-01-09,15.75,15.8,15.25,15.65,226755,EQ,3075.0,73.74,105993.0
2025-01-10,15.65,15.75,14.4,14.7,625351,EQ,6883.0,90.85,362237.0
2025-01-13,14.75,14.9,13.75,13.95,468341,EQ,7047.0,66.46,266679.0
2025-01-14,14.4,14.4,13.75,13.95,458860,EQ,4807.0,95.46,314281.0
2025-01-15,14.3,14.3,13.85,13.9,316723,EQ,3593.0,88.15,140934.0
2025-01-16,14.25,14.55,13.9,14.5,331307,EQ,4320.0,76.69,164059.0
2025-01-17,14.8,14.8,14.3,14.4,262555,EQ,3246.0,80.89,121131.0
2025-01-20,14.7,14.7,14.2,14.35,458454,EQ,3230.0,141.94,343175.0
2025-01-21,14.45,14.5,14.0,14.3,308820,EQ,3335.0,92.6,141015.0
2025-01-22,14.3,14.3,13.8,14.0,369034,EQ,3552.0,103.89,243460.0
2025-01-23,14.05,14.2,13.9,13.95,201906,EQ,2342.0,86.21,96847.0
2025-01-24,14.0,14.4,13.75,14.0,607280,EQ,5502.0,110.37,148159.0
2025-01-27,14.2,14.2,13.6,13.65,451572,EQ,4966.0,90.93,206801.0
2025-01-28,13.8,14.4,13.3,14.15,727500,EQ,5344.0,136.13,289653.0
2025-01-29,14.2,14.3,14.0,14.15,281475,EQ,3191.0,88.21,99100.0
2025-01-30,14.15,14.35,14.15,14.25,171246,EQ,2557.0,66.97,85251.0
2025-01-31,14.4,14.5,14.2,14.3,268905,EQ,3018.0,89.1,122494.0
2025-02-01,14.4,14.5,13.7,14.05,258786,EQ,3052.0,84.79,110579.0
2025-02-03,14.2,15.15,13.9,15.0,868724,EQ,8867.0,97.97,335046.0
2025-02-04,15.6,15.65,15.15,15.5,949420,EQ,12250.0,77.5,353596.0
2025-02-05,15.8,15.85,15.4,15.75,627475,EQ,8052.0,77.93,209415.0
2025-02-06,16.1,16.1,15.0,15.15,965514,EQ,9089.0,106.23,314094.0
2025-02-07,15.35,15.35,14.6,14.75,343704,EQ,5112.0,67.23,105565.0
2025-02-10,15.0,15.0,14.3,14.5,302944,EQ,4251.0,71.26,105563.0
2025-02-11,14.6,14.6,13.85,14.0,350966,EQ,4658.0,75.35,126236.0
2025-02-12,13.8,14.0,13.3,13.85,1657072,EQ,5525.0,299.92,1323395.0
2025-02-13,14.05,15.0,13.8,14.65,2655459,EQ,9656.0,275.01,1644368.0
2025-02-14,14.7,15.1,13.25,13.85,1410062,EQ,11582.0,121.75,263287.0
2025-02-17,13.8,14.25,13.2,13.95,2748931,EQ,9423.0,291.73,1132601.0
2025-02-18,14.15,14.15,13.2,13.4,378316,EQ,4561.0,82.95,136175.0
2025-02-19,13.4,14.4,13.4,14.0,1682305,EQ,17949.0,93.73,1169380.0
2025-02-20,14.1,14.1,13.7,13.85,234016,EQ,3694.0,63.35,94142.0
2025-02-21,13.8,14.0,13.65,13.7,254233,EQ,5945.0,42.76,109160.0
2025-02-24,13.65,14.2,13.4,13.9,485119,EQ,6213.0,78.08,155980.0
2025-02-25,13.75,14.2,13.6,13.75,1336425,EQ,3645.0,366.65,607577.0
2025-02-27,14.0,14.05,13.4,13.55,1414156,EQ,5001.0,282.77,603409.0
2025-02-28,13.4,13.95,13.0,13.6,740657,EQ,6915.0,107.11,312527.0
2025-03-03,13.6,13.75,13.05,13.3,628849,EQ,5023.0,125.19,310235.0
2025-03-04,13.15,13.2,12.8,12.85,466198,EQ,4738.0,98.4,176666.0
2025-03-05,12.85,13.15,12.8,12.95,301050,EQ,2801.0,107.48,155179.0
2025-03-06,13.0,13.6,13.0,13.45,626160,EQ,4840.0,129.37,229657.0
2025-03-07,13.5,13.55,13.05,13.15,302816,EQ,3946.0,76.74,132535.0
2025-03-10,13.2,13.4,12.8,13.1,232848,EQ,2495.0,93.33,84256.0
2025-03-11,12.9,12.95,12.6,12.6,347562,EQ,3987.0,87.17,179170.0
2025-03-12,12.6,13.2,12.6,12.75,974398,EQ,3993.0,244.03,544667.0
2025-03-13,12.75,12.9,12.55,12.8,825929,EQ,3351.0,246.47,617837.0
2025-03-17,12.7,12.75,12.5,12.6,340901,EQ,3300.0,103.3,174521.0
2025-03-18,12.7,12.7,12.5,12.6,877064,EQ,3533.0,248.25,589106.0
2025-03-19,12.8,12.8,12.45,12.7,499582,EQ,2883.0,173.29,273974.0
2025-03-20,12.8,12.85,12.6,12.6,339210,EQ,3959.0,85.68,160946.0
2025-03-21,12.75,13.6,12.6,13.2,3473682,EQ,5108.0,680.05,1264259.0
2025-03-24,13.5,13.55,13.0,13.4,518816,EQ,3404.0,152.41,296376.0
2025-03-25,13.6,13.6,12.8,13.0,960298,EQ,4712.0,203.8,610520.0
2025-03-26,13.0,13.05,12.65,12.8,841169,EQ,5009.0,167.93,489261.0
2025-03-27,12.75,12.95,12.55,12.7,3323478,EQ,5717.0,581.33,1860245.0
2025-03-28,12.8,12.9,12.4,12.55,2437686,EQ,4752.0,512.98,1894298.0
2025-04-01,12.55,12.75,12.2,12.3,775534,EQ,5543.0,139.91,427989.0
2025-04-02,12.5,12.5,11.85,12.15,780966,EQ,6095.0,128.13,435514.0
2025-04-03,12.2,12.2,12.0,12.1,1352106,EQ,3318.0,407.51,1199800.0
2025-04-04,12.05,12.1,11.5,11.75,815858,EQ,6208.0,131.42,412866.0
2025-04-07,11.4,12.95,11.15,11.5,6651773,EQ,38220.0,174.04,979594.0
2025-04-08,12.0,12.3,11.8,12.05,1405061,EQ,8972.0,156.61,373659.0
2025-04-09,12.25,13.1,11.9,12.0,3113455,EQ,15642.0,199.04,611567.0
2025-04-11,12.3,12.4,11.85,12.15,1121167,EQ,10026.0,111.83,201508.0
2025-04-15,12.15,14.25,12.1,13.25,8101140,EQ,34956.0,231.75,1514051.0
2025-04-16,13.35,15.55,13.3,14.75,12984720,EQ,60020.0,216.34,2949547.0
2025-04-17,14.9,15.6,14.4,14.95,7089262,EQ,30964.0,228.95,1582482.0
2025-04-21,15.2,15.2,14.6,14.6,959160,EQ,5468.0,175.41,399155.0
2025-04-22,14.65,14.95,14.2,14.8,1002131,EQ,4342.0,230.8,456710.0
2025-04-23,14.9,15.05,14.6,14.65,680398,EQ,3623.0,187.8,361287.0
2025-04-24,14.65,14.75,14.45,14.65,539292,EQ,2050.0,263.07,380784.0
2025-04-25,14.6,15.25,14.3,14.8,1214364,EQ,6413.0,189.36,488594.0
2025-04-28,14.45,15.5,14.35,15.35,1509093,EQ,6178.0,244.27,717006.0
2025-04-29,15.5,15.65,15.0,15.5,986761,EQ,7288.0,135.4,420884.0
2025-04-30,15.25,15.85,15.15,15.65,1194720,EQ,7802.0,153.13,519368.0
2025-05-02,15.45,16.4,15.45,16.3,3928381,EQ,18681.0,210.29,2131812.0
2025-05-05,16.2,17.0,16.15,16.6,3227313,EQ,17311.0,186.43,1970064.0
2025-05-06,16.65,17.05,16.4,16.8,1929096,EQ,8013.0,240.75,1075653.0
2025-05-07,16.7,17.0,16.05,17.0,2297086,EQ,6442.0,356.58,1614489.0
2025-05-08,17.0,17.15,16.5,16.7,3497509,EQ,5167.0,676.89,1641481.0
2025-05-09,15.9,17.0,15.9,16.85,1220982,EQ,4606.0,265.09,523896.0
2025-05-12,16.85,17.4,16.85,17.35,1281558,EQ,5376.0,238.39,543164.0
2025-05-13,17.3,17.3,16.8,17.2,1059975,EQ,4531.0,233.94,335783.0
2025-05-14,17.2,17.6,16.9,17.4,2805133,EQ,6124.0,458.06,2278550.0
2025-05-15,17.5,18.9,17.3,18.6,3337310,EQ,20217.0,165.07,1592924.0
2025-05-16,18.8,19.0,18.25,18.6,1759576,EQ,8739.0,201.35,759441.0
2025-05-19,18.6,19.05,18.15,18.95,1116705,EQ,8212.0,135.98,680054.0
2025-05-20,19.05,19.5,18.65,19.25,1621886,EQ,9142.0,177.41,783324.0
2025-05-21,19.65,19.75,18.6,19.45,1772766,EQ,10298.0,172.15,646376.0
2025-05-22,18.35,20.3,18.3,19.85,4350837,EQ,18542.0,234.65,1773357.0
2025-05-23,20.0,20.8,19.7,20.75,3671863,EQ,15603.0,235.33,1484191.0
2025-05-26,20.75,21.7,20.4,21.35,3012600,EQ,20302.0,148.39,1496961.0
2025-05-27,21.5,21.5,20.6,20.85,2963384,EQ,12450.0,238.02,2095419.0
2025-05-28,20.8,21.3,20.25,21.0,3289070,EQ,14456.0,227.52,2228514.0
2025-05-29,20.85,21.8,20.85,21.7,3061754,EQ,12324.0,248.44,2089095.0
2025-05-30,21.95,22.1,21.35,21.65,4845904,EQ,10659.0,454.63,3126443.0
2025-06-02,21.5,21.9,21.2,21.75,636286,EQ,6125.0,103.88,316501.0
2025-06-03,21.85,22.7,21.55,22.25,3694347,EQ,11363.0,325.12,2963075.0
2025-06-04,22.45,22.7,21.95,22.4,3538803,EQ,8405.0,421.04,1798937.0
2025-06-05,22.5,22.6,21.85,22.05,1583879,EQ,5920.0,267.55,1290426.0
2025-06-06,22.25,22.25,21.45,21.6,842964,EQ,5414.0,155.7,402556.0
2025-06-09,21.6,21.8,20.3,20.55,2232221,EQ,10397.0,214.7,1729264.0
2025-06-10,20.65,20.65,19.5,20.3,2611904,EQ,10407.0,250.98,1716473.0
2025-06-11,20.3,20.5,19.5,19.5,2236691,EQ,7198.0,310.74,1622270.0
2025-06-12,19.5,19.8,19.05,19.2,2090657,EQ,6416.0,325.85,1544722.0
2025-06-13,18.8,19.9,18.45,19.35,1447951,EQ,9691.0,149.41,799702.0
2025-06-16,19.15,19.2,18.45,18.6,458317,EQ,4464.0,102.67,198327.0
2025-06-17,18.7,18.85,18.4,18.45,839181,EQ,3921.0,214.02,598209.0
2025-06-18,18.45,18.7,18.05,18.2,857035,EQ,4839.0,177.11,402721.0
2025-06-19,18.35,18.5,17.7,18.05,711478,EQ,5055.0,140.75,374171.0
2025-06-20,18.0,18.8,17.85,18.6,898174,EQ,6214.0,144.54,468225.0
2025-06-23,18.2,18.65,18.2,18.5,2123939,EQ,4132.0,514.02,1386352.0
2025-06-24,18.7,19.5,18.55,19.2,1761274,EQ,10815.0,162.85,797616.0
2025-06-25,19.5,20.9,19.4,20.75,3539636,EQ,14404.0,245.74,1378917.0
2025-06-26,21.05,21.15,20.6,20.8,2905875,EQ,7288.0,398.72,1710847.0
2025-06-27,20.9,21.75,20.6,21.4,2720613,EQ,8947.0,304.08,1286374.0
2025-06-30,21.4,21.8,21.35,21.5,1015835,EQ,5892.0,172.41,521220.0
2025-07-01,21.55,22.0,21.45,21.9,2630763,EQ,8006.0,328.6,1096814.0
2025-07-02,21.9,21.9,21.3,21.4,824031,EQ,4638.0,177.67,467781.0
2025-07-03,21.65,22.15,21.45,21.9,2050166,EQ,5898.0,347.6,1003244.0
2025-07-04,22.05,22.2,21.55,21.75,1113071,EQ,5722.0,194.52,573126.0
2025-07-07,21.8,21.95,21.55,21.6,668793,EQ,4599.0,145.42,365248.0
2025-07-08,21.6,21.85,21.3,21.6,906331,EQ,4006.0,226.24,457485.0
2025-07-09,21.7,22.1,21.6,21.6,2139801,EQ,4457.0,480.1,1578855.0
2025-07-10,21.9,22.05,21.65,21.9,897361,EQ,4386.0,204.6,556197.0
2025-07-11,21.95,23.8,21.95,23.7,11381715,EQ,72278.0,157.47,5119018.0
2025-07-14,23.8,25.9,23.8,25.3,10137323,EQ,87317.0,116.1,3299671.0
2025-07-15,26.0,27.2,25.6,26.7,12037267,EQ,71219.0,169.02,4006839.0
2025-07-16,27.0,27.6,25.5,26.25,13181533,EQ,68146.0,193.43,3291604.0
2025-07-17,25.85,26.8,25.7,26.75,5638929,EQ,32948.0,171.15,1677040.0
2025-07-18,27.0,29.6,26.85,29.35,33469530,EQ,151146.0,221.44,7875474.0
2025-07-21,30.0,30.35,28.45,29.25,12623197,EQ,61121.0,206.53,3673845.0
2025-07-22,29.35,29.85,29.1,29.6,8291224,EQ,33229.0,249.52,3076541.0
2025-07-23,29.7,29.9,29.4,29.5,2781237,EQ,15567.0,178.66,1099163.0
2025-07-24,29.6,29.7,29.1,29.45,6393469,EQ,14975.0,426.94,2930113.0
2025-07-25,29.6,30.95,29.3,29.6,5743911,EQ,36837.0,155.93,2059915.0
2025-07-28,29.75,30.4,29.75,29.9,2644366,EQ,18544.0,142.6,1243769.0
2025-07-29,30.0,30.7,29.75,30.2,4161865,EQ,17230.0,241.55,1911245.0
2025-07-30,30.4,30.6,29.85,30.05,3085257,EQ,12244.0,251.98,1949674.0
2025-07-31,29.6,30.4,29.6,30.2,2946445,EQ,13522.0,217.9,1771859.0
2025-08-01,30.4,32.55,30.1,31.65,9955958,EQ,62295.0,159.82,3906768.0
2025-08-04,32.0,33.8,31.65,33.45,12282982,EQ,71938.0,170.74,4185364.0
2025-08-05,33.7,33.8,30.2,32.45,11349111,EQ,66844.0,169.79,2462764.0
2025-08-06,32.45,33.95,32.45,33.45,6081040,EQ,34295.0,177.32,1720303.0
2025-08-07,33.5,33.8,33.15,33.6,3811203,EQ,18857.0,202.11,1170091.0
2025-08-08,33.75,33.8,33.25,33.55,2787871,EQ,17405.0,160.18,740944.0
2025-08-11,33.8,34.7,31.8,33.05,10742232,EQ,59635.0,180.13,4111484.0
2025-08-12,33.2,33.55,32.85,33.1,2975274,EQ,18045.0,164.88,1078488.0
2025-08-13,33.3,33.7,32.7,33.55,3525406,EQ,18549.0,190.06,1076329.0
2025-08-14,33.7,33.75,33.05,33.6,4008470,EQ,13238.0,302.8,1665429.0
2025-08-18,34.35,34.45,33.1,34.35,5608228,EQ,25606.0,219.02,2044790.0
2025-08-19,34.4,34.45,33.95,34.35,2539929,EQ,9346.0,271.77,1706018.0
2025-08-20,34.45,34.55,33.2,33.35,5827243,EQ,27444.0,212.33,3237033.0
2025-08-21,33.2,34.8,33.2,34.25,5169589,EQ,22699.0,227.75,2531057.0
2025-08-22,34.35,34.5,33.9,34.4,4175342,EQ,9045.0,461.62,2806586.0
2025-08-25,34.6,34.6,34.05,34.35,1269185,EQ,10516.0,120.69,462210.0
2025-08-26,34.4,34.55,33.8,34.0,1349814,EQ,12378.0,109.05,535621.0
2025-08-28,34.0,34.7,33.8,34.4,2809676,EQ,13418.0,209.4,915043.0
2025-08-29,34.4,34.6,34.05,34.45,2841813,EQ,9025.0,314.88,1092398.0
2025-09-01,34.6,34.7,34.2,34.5,4231378,EQ,11295.0,374.62,2365885.0
2025-09-02,34.6,37.4,34.25,36.2,3435460,EQ,21524.0,159.61,1166542.0
2025-09-03,37.3,37.3,34.25,36.1,6962268,EQ,49656.0,140.21,2206126.0
2025-09-04,36.35,36.6,34.6,35.8,3546959,EQ,22434.0,158.11,1588641.0
2025-09-05,35.9,36.25,34.8,35.05,2330275,EQ,12351.0,188.67,1631932.0
2025-09-08,35.0,38.4,32.85,37.6,8311876,EQ,71223.0,116.7,2420360.0
2025-09-09,37.6,39.8,37.45,39.3,5037025,EQ,43402.0,116.06,1416004.0
2025-09-10,39.4,40.8,38.75,40.55,4955926,EQ,30519.0,162.39,1886966.0
2025-09-11,40.55,40.9,39.65,40.3,2897331,EQ,26962.0,107.46,1104175.0
2025-09-12,40.4,41.2,38.2,39.65,4138235,EQ,34085.0,121.41,1704136.0
2025-09-15,39.9,41.6,39.65,41.5,5750289,EQ,25709.0,223.67,2648613.0
2025-09-16,41.8,42.05,40.3,40.95,4028618,EQ,22773.0,176.9,1610610.0
2025-09-17,41.1,42.55,40.5,41.75,5212332,EQ,22907.0,227.54,1685122.0
2025-09-18,41.75,42.15,41.15,41.4,1118168,EQ,13556.0,82.49,401112.0
2025-09-19,41.55,43.2,41.3,42.9,2562151,EQ,20508.0,124.93,1156514.0
2025-09-22,42.95,43.6,42.2,43.6,3404928,EQ,17562.0,193.88,1864879.0
2025-09-23,43.65,44.2,42.9,44.0,2884229,EQ,17481.0,164.99,1373203.0
2025-09-24,43.6,44.6,43.05,44.4,3229586,EQ,15726.0,205.37,1533493.0
2025-09-25,44.4,44.5,43.4,43.65,1494782,EQ,14430.0,103.59,865814.0
2025-09-26,43.4,44.3,42.7,43.1,2152356,EQ,19959.0,107.84,725720.0
2025-09-29,43.45,44.3,42.7,44.0,2235688,EQ,14326.0,156.06,954840.0
2025-09-30,44.2,44.2,42.65,43.0,1314203,EQ,14576.0,90.16,622245.0
2025-10-01,43.3,44.1,42.7,43.45,1751042,EQ,10635.0,164.65,817017.0
2025-10-03,43.85,44.5,42.4,42.95,1958865,EQ,17496.0,111.96,1218009.0
2025-10-06,43.6,43.9,43.1,43.5,952788,EQ,10843.0,87.87,509214.0
2025-10-07,43.8,44.4,42.85,43.0,1239447,EQ,20087.0,61.7,582036.0
2025-10-08,43.2,43.6,41.8,42.95,1856641,EQ,21870.0,84.89,1208969.0
2025-10-09,43.1,49.7,42.1,48.05,23925251,EQ,195105.0,122.63,4338534.0
2025-10-10,47.6,49.6,46.7,49.25,5035484,EQ,50217.0,100.27,1879238.0
2025-10-13,48.4,50.2,48.4,49.7,3671034,EQ,31531.0,116.43,1161569.0
2025-10-14,49.9,50.4,49.1,49.9,2527807,EQ,22486.0,112.42,1063783.0
2025-10-15,50.3,50.6,49.8,50.05,1832729,EQ,20612.0,88.92,803887.0
2025-10-16,50.3,50.85,49.85,50.75,2367295,EQ,19333.0,122.45,1436079.0
2025-10-17,50.7,50.95,48.95,50.4,1726994,EQ,23918.0,72.2,681250.0
2025-10-20,50.8,50.8,50.0,50.4,1063034,EQ,13767.0,77.22,713564.0
2025-10-21,50.8,51.0,49.6,50.15,258279,EQ,5248.0,49.21,123223.0
2025-10-23,50.2,50.45,47.75,48.2,2483851,EQ,27714.0,89.62,1222371.0
2025-10-24,48.0,48.75,45.4,47.0,1447501,EQ,19608.0,73.82,589348.0
2025-10-27,47.0,48.7,47.0,47.5,2273261,EQ,20939.0,108.57,1145520.0
2025-10-28,47.7,49.85,47.4,49.0,3841380,EQ,32209.0,119.26,1346605.0
2025-10-29,49.6,50.2,47.4,48.0,3859325,EQ,27217.0,141.8,1906439.0
2025-10-30,48.35,48.6,46.8,47.25,2159954,EQ,15944.0,135.47,927030.0
2025-10-31,47.0,47.5,46.3,46.7,1779872,EQ,15363.0,115.85,815647.0
2025-11-03,46.2,50.0,46.0,48.9,3360461,EQ,35991.0,93.37,1023305.0
2025-11-04,49.2,49.4,47.85,48.2,735439,EQ,12600.0,58.37,304748.0
2025-11-06,49.8,51.7,48.6,49.1,2967536,EQ,33628.0,88.25,1107176.0
2025-11-07,49.1,52.4,48.45,52.1,5318786,EQ,54697.0,97.24,2194930.0
2025-11-10,54.0,54.0,50.8,52.25,2659023,EQ,32466.0,81.9,919150.0
2025-11-11,52.55,52.8,50.1,50.65,1434447,EQ,22158.0,64.74,753809.0
2025-11-12,50.9,57.0,50.65,55.9,12291195,EQ,127245.0,96.59,2376130.0
2025-11-13,56.65,57.8,53.65,57.6,6821731,EQ,65453.0,104.22,1374878.0
2025-11-14,58.0,62.8,58.0,62.55,9522164,EQ,98609.0,96.56,2354774.0
2025-11-17,63.0,63.0,60.8,61.7,2835584,EQ,35273.0,80.39,766750.0
2025-11-18,62.1,62.95,61.1,62.75,2551795,EQ,34186.0,74.64,878617.0
2025-11-19,63.1,67.4,63.1,66.25,10486086,EQ,127177.0,82.45,1702196.0
2025-11-20,67.15,67.15,65.1,65.9,3684702,EQ,46714.0,78.88,998099.0
2025-11-21,66.25,67.7,65.7,67.4,3197773,EQ,39325.0,81.32,662697.0
2025-11-24,67.85,69.15,66.45,67.45,4040180,EQ,50148.0,80.57,1036460.0
2025-11-25,67.95,68.4,66.8,67.3,1845456,EQ,25195.0,73.25,480768.0
2025-11-26,67.2,67.9,60.8,64.0,2775967,EQ,37562.0,73.9,1106833.0
2025-11-27,64.75,66.65,64.55,65.75,2573501,EQ,31545.0,81.58,745927.0
2025-11-28,66.2,66.65,65.2,65.85,1341683,EQ,22349.0,60.03,454406.0
2025-12-01,66.5,70.35,64.8,69.8,6787269,EQ,73499.0,92.35,1203153.0
2025-12-02,69.9,71.9,69.35,70.6,4119779,EQ,51271.0,80.35,1034574.0
2025-12-03,70.95,74.0,70.85,73.7,4298113,EQ,42186.0,101.88,1299398.0
2025-12-04,74.4,75.0,73.1,74.75,4562009,EQ,48164.0,94.72,1299348.0
2025-12-05,74.8,74.95,71.5,73.0,2864165,EQ,38352.0,74.68,733088.0
2025-12-08,73.1,76.6,73.1,76.0,3931842,EQ,51170.0,76.84,953653.0
2025-12-09,76.5,78.4,74.65,78.3,5361626,EQ,52270.0,102.58,1244696.0
2025-12-10,78.3,78.8,77.2,77.9,2950891,EQ,32570.0,90.6,735606.0
2025-12-11,77.95,79.0,77.45,78.9,2034623,EQ,23528.0,86.48,502061.0
2025-12-12,79.2,79.8,77.4,78.8,3029369,EQ,27414.0,110.5,1268918.0
2025-12-15,78.8,83.8,78.4,81.9,6227118,EQ,68528.0,90.87,1414961.0
2025-12-16,82.8,84.8,81.7,84.25,4039133,EQ,44289.0,91.2,1406129.0
2025-12-17,84.8,86.2,84.65,85.85,3129856,EQ,39107.0,80.03,1050452.0
2025-12-18,87.0,88.4,82.25,88.25,6692768,EQ,68347.0,97.92,1457466.0
2025-12-19,88.8,89.8,87.5,89.55,4041419,EQ,39671.0,101.87,1261120.0
2025-12-22,90.2,91.8,90.05,91.6,2842261,EQ,35071.0,81.04,1107559.0
2025-12-23,94.4,95.0,91.1,93.8,4124631,EQ,52269.0,78.91,1144898.0
2025-12-24,94.4,94.95,92.2,94.5,4926446,EQ,55182.0,89.28,1307437.0
2025-12-26,94.8,95.95,94.4,95.9,2543470,EQ,32049.0,79.36,1152181.0
2025-12-29,96.3,98.65,96.15,97.3,4799694,EQ,61952.0,77.47,1649463.0
2025-12-30,98.0,102.4,96.55,101.8,9500398,EQ,95888.0,99.08,1832646.0
2025-12-31,103.0,104.05,101.0,103.6,5020034,EQ,61287.0,81.91,1548789.0
2026-01-01,104.3,105.0,103.6,105.0,3595774,EQ,35904.0,100.15,1300132.0
2026-01-02,105.2,105.4,84.0,84.0,22326875,EQ,208180.0,107.25,6258792.0
2026-01-05,68.2,81.8,67.4,78.0,60033545,EQ,547074.0,109.74,8992510.0
2026-01-06,79.2,88.8,78.4,85.8,52154250,EQ,491826.0,106.04,4569732.0
2026-01-07,87.95,93.8,84.3,86.75,32376224,EQ,307942.0,105.14,4061267.0
2026-01-08,87.0,87.6,78.0,79.85,17542839,EQ,176121.0,99.61,3215901.0
2026-01-09,79.85,87.95,78.5,84.9,24410500,EQ,203558.0,119.92,3322429.0
2026-01-12,86.6,87.85,85.0,86.25,18372643,EQ,155229.0,118.36,2673266.0
2026-01-13,86.25,89.0,86.0,87.75,12417088,EQ,101499.0,122.34,2153400.0
2026-01-14,87.95,93.8,87.2,92.95,11006948,EQ,100572.0,109.44,2324103.0
2026-01-16,95.0,96.6,86.0,91.7,14004870,EQ,144329.0,97.03,2279345.0
2026-01-19,92.0,93.8,83.6,85.0,10976848,EQ,129129.0,85.01,2488352.0
2026-01-20,85.2,87.25,80.0,80.65,10767880,EQ,124968.0,86.17,1650191.0
2026-01-21,80.8,82.45,73.1,75.3,14607410,EQ,171171.0,85.34,2145275.0
2026-01-22,78.0,83.9,73.2,82.05,24203889,EQ,237087.0,102.09,2545135.0
2026-01-23,84.8,85.25,78.2,79.45,18797849,EQ,178420.0,105.36,2678637.0
2026-01-27,79.6,81.4,76.75,79.3,14676780,EQ,150387.0,97.59,2168797.0
2026-01-28,79.75,80.85,78.75,79.45,5476725,EQ,60297.0,90.83,1267285.0
2026-01-29,80.1,80.35,77.25,78.05,4179492,EQ,50626.0,82.56,960523.0
2026-01-30,81.2,88.4,74.8,80.2,38635358,EQ,379491.0,101.81,3980849.0
2026-02-01,82.6,86.85,78.9,81.3,22539907,EQ,234799.0,96.0,2375276.0
2026-02-02,82.6,83.95,80.4,81.65,10323154,EQ,106881.0,96.59,1641141.0
2026-02-03,84.65,85.0,82.5,83.05,4716870,EQ,41275.0,114.28,1044454.0
2026-02-04,83.05,86.75,82.25,85.5,4963366,EQ,52063.0,95.33,1181683.0
2026-02-05,85.6,86.6,83.2,84.0,5228090,EQ,39589.0,132.06,1744344.0
2026-02-06,84.4,85.25,83.2,84.55,2951462,EQ,26913.0,109.67,765639.0
2026-02-09,85.05,85.45,83.8,84.25,2943021,EQ,25021.0,117.62,670652.0
2026-02-10,84.4,88.0,84.0,87.0,5546126,EQ,56162.0,98.75,1374346.0
2026-02-11,87.5,87.9,85.4,86.8,2794977,EQ,31317.0,89.25,593642.0
2026-02-12,86.8,87.3,85.25,85.85,2216312,EQ,23689.0,93.56,438943.0
2026-02-13,85.2,85.35,83.6,84.2,2748964,EQ,27404.0,100.31,798079.0
2026-02-16,84.2,84.2,80.4,81.25,2763564,EQ,33332.0,82.91,886848.0
2026-02-17,81.25,86.85,80.35,85.9,5820420,EQ,61640.0,94.43,1536274.0
2026-02-18,86.2,89.0,83.45,84.6,6793895,EQ,69140.0,98.26,1495397.0
2026-02-19,84.8,85.15,82.45,82.85,2336691,EQ,29447.0,79.35,726037.0
2026-02-20,83.0,86.0,82.1,85.05,4784145,EQ,42966.0,111.35,1647336.0
2026-02-23,85.15,85.55,83.85,84.55,2007584,EQ,22965.0,87.42,616371.0
2026-02-24,84.4,84.8,83.0,83.4,1857278,EQ,21341.0,87.03,756077.0
2026-02-25,83.6,85.2,82.0,82.55,2549635,EQ,31703.0,80.42,824233.0
2026-02-26,82.7,83.4,81.8,82.75,1927484,EQ,20019.0,96.28,716183.0
2026-02-27,82.4,82.65,81.0,81.3,1474075,EQ,15958.0,92.37,652362.0
2026-03-02,78.0,79.4,76.0,76.9,4089290,EQ,49295.0,82.96,1854651.0
2026-03-04,75.2,77.75,74.35,75.85,2527399,EQ,37033.0,68.25,671807.0
2026-03-05,77.2,82.35,76.6,81.1,7359947,EQ,86449.0,85.14,1724417.0
2026-03-06,82.55,83.9,79.4,80.45,6371108,EQ,63135.0,100.91,1861000.0
2026-03-09,82.0,93.2,81.9,91.6,81903060,EQ,261026.0,313.77,8847016.0
2026-03-10,94.05,95.85,91.1,92.85,60601012,EQ,155970.0,388.54,6877838.0
2026-03-11,91.75,91.8,85.35,86.9,26823218,EQ,102533.0,261.61,8090474.0
2026-03-12,86.1,86.4,80.3,81.35,27937542,EQ,58833.0,474.86,10813757.0
2026-03-13,81.25,81.4,75.75,76.25,20557308,EQ,56900.0,361.29,7955222.0
2026-03-16,75.9,80.1,74.6,78.75,20328803,EQ,69952.0,290.61,3357085.0
2026-03-17,80.1,80.95,78.75,79.05,14325096,EQ,40920.0,350.08,5901992.0
2026-03-18,79.5,80.4,79.05,79.3,6832421,EQ,20809.0,328.34,2750048.0
2026-03-19,78.75,79.95,78.0,78.8,8273546,EQ,21106.0,392.0,3466874.0
2026-03-20,78.8,82.0,78.8,79.6,8752224,EQ,28009.0,312.48,3278582.0
2026-03-23,79.6,81.2,77.0,80.1,10772919,EQ,32809.0,328.35,3097692.0
2026-03-24,83.15,83.15,79.75,80.55,10552964,EQ,24974.0,422.56,5360099.0
2026-03-25,80.9,82.35,80.3,80.65,8995343,EQ,22694.0,396.38,4206034.0
2026-03-27,80.9,86.75,80.15,84.65,33938276,EQ,70308.0,482.71,13798041.0
2026-03-30,84.7,85.75,82.8,83.1,20149712,EQ,32498.0,620.03,10707672.0
2026-04-01,85.9,89.75,84.8,86.84,20009639,EQ,69206.0,289.13,5063168.0
2026-04-02,85.5,87.95,84.8,87.54,16239629,EQ,34896.0,465.37,6027716.0
2026-04-06,88.48,89.55,86.54,88.55,13695625,EQ,37797.0,362.35,4438246.0
2026-04-07,88.0,89.89,85.76,86.34,15171400,EQ,40408.0,375.46,5975155.0
2026-04-08,89.99,92.91,88.09,91.84,22440140,EQ,55494.0,404.37,9345998.0
2026-04-09,92.19,94.0,91.01,92.52,16300223,EQ,45141.0,361.1,4390391.0
2026-04-10,93.1,94.49,92.74,93.73,14202577,EQ,34470.0,412.03,6868117.0
2026-04-13,92.69,93.2,90.22,92.45,9788476,EQ,29277.0,334.34,4223251.0
2026-04-15,94.0,95.57,93.05,93.4,12722072,EQ,36729.0,346.38,6478489.0
2026-04-16,93.5,96.38,93.5,95.58,15497743,EQ,34596.0,447.96,7509297.0
2026-04-17,96.0,103.59,95.76,103.16,39966379,EQ,109273.0,365.75,13367818.0
2026-04-20,104.5,108.0,101.52,105.42,39327495,EQ,134241.0,292.96,10335161.0
2026-04-21,106.49,110.0,104.05,109.92,34135847,EQ,87005.0,392.34,11886796.0
2026-04-22,110.19,113.0,110.13,112.94,22906515,EQ,65844.0,347.89,8019532.0
2026-04-23,113.71,115.2,109.02,113.13,21464289,EQ,82186.0,261.17,8318170.0
2026-04-24,114.0,115.85,111.0,113.09,10252836,EQ,50912.0,201.38,3297651.0
2026-04-27,113.46,114.45,111.95,112.26,7623672,EQ,38852.0,196.22,3074044.0
2026-04-28,112.49,112.9,111.0,111.53,7373877,EQ,23412.0,314.96,3081105.0
2026-04-29,111.7,116.0,111.7,115.84,12621491,EQ,47373.0,266.43,5485747.0
2026-04-30,116.0,119.99,116.0,119.58,14716726,EQ,63293.0,232.52,5310611.0
2026-05-04,121.0,126.94,120.52,126.72,21208756,EQ,72583.0,292.2,8759532.0
2026-05-05,127.3,131.37,127.13,130.86,25426646,EQ,79635.0,319.29,8294586.0
2026-05-06,132.01,132.49,119.0,126.49,31836221,EQ,138899.0,229.2,9035529.0
2026-05-07,127.49,131.36,127.39,131.14,15204073,EQ,56978.0,266.84,5428886.0
2026-05-08,131.0,133.92,129.59,133.56,13727472,EQ,46670.0,294.14,4934767.0
2026-05-11,131.0,133.19,130.0,130.96,10545019,EQ,50649.0,208.2,4161714.0
2026-05-12,131.0,132.68,116.5,119.62,28585229,EQ,150363.0,190.11,9655505.0
2026-05-13,120.49,124.75,120.48,122.14,13596211,EQ,67895.0,200.25,4793882.0
2026-05-14,123.49,126.0,122.5,123.08,11341273,EQ,42504.0,266.83,5004600.0
2026-05-15,124.39,124.7,119.43,120.36,11157881,EQ,56938.0,195.97,4167938.0
2026-05-18,121.0,125.25,119.0,120.84,24714599,EQ,101829.0,242.71,7105597.0
2026-05-19,121.99,122.45,113.01,114.34,25786567,EQ,98913.0,260.7,9606132.0
2026-05-20,113.87,120.0,111.71,119.44,15603536,EQ,64408.0,242.26,4440042.0
2026-05-21,120.4,122.94,119.65,120.16,14484922,EQ,50493.0,286.87,5410150.0
2026-05-22,120.5,122.6,120.01,120.31,11158350,EQ,31091.0,358.89,4691618.0
2026-05-25,121.0,124.95,121.0,124.69,13549225,EQ,45936.0,294.96,5714756.0
2026-05-26,125.0,129.0,124.97,127.84,11886797,EQ,50497.0,235.4,4883369.0
2026-05-27,128.42,130.5,128.0,128.9,8569088,EQ,32573.0,263.07,3685977.0
2026-05-29,129.55,130.59,128.0,129.06,10644521,EQ,32811.0,324.42,3612385.0
2026-06-01,129.65,131.5,128.0,129.09,10032982,EQ,36414.0,275.53,3312439.0
2026-06-02,129.1,130.0,124.7,128.35,13950546,EQ,42268.0,330.05,6148513.0
2026-06-03,129.11,130.77,128.0,129.8,9280138,EQ,26454.0,350.8,3960452.0
2026-06-04,129.8,135.0,129.55,133.09,15465563,EQ,52950.0,292.08,5666851.0
2026-06-05,134.0,137.9,133.65,137.1,15150953,EQ,59078.0,256.46,5649683.0
2026-06-08,135.5,141.69,134.0,140.37,19784952,EQ,82701.0,239.23,6266164.0
2026-06-09,141.34,146.0,141.2,145.86,22355705,EQ,66708.0,335.13,8358166.0
2026-06-10,147.0,151.0,146.72,150.59,23289241,EQ,95290.0,244.4,8210058.0
2026-06-11,151.3,156.6,142.49,155.18,46400839,EQ,207926.0,223.16,10183248.0
2026-06-12,157.66,160.0,157.0,159.97,23033543,EQ,85783.0,268.51,7551433.0
2026-06-15,163.75,164.97,162.36,164.83,18403212,EQ,68676.0,267.97,7303069.0
2026-06-16,164.1,165.0,152.52,164.89,32502732,EQ,110630.0,293.8,9087866.0
2026-06-17,164.99,171.0,155.0,166.18,22652204,EQ,85611.0,264.59,8210845.0
2026-06-18,162.98,170.5,161.23,169.19,33831014,EQ,148950.0,227.13,7770282.0
2026-06-19,170.25,177.0,170.25,176.92,32137212,EQ,99108.0,324.26,13607217.0
2026-06-22,178.61,179.95,174.01,179.79,31288147,EQ,130477.0,239.8,6266446.0
2026-06-23,180.5,182.7,180.49,181.99,13602976,EQ,73518.0,185.03,4321119.0
2026-06-24,182.2,182.88,174.35,179.48,32698078,EQ,147559.0,221.59,8708325.0
2026-06-25,179.91,183.0,179.04,182.61,19903977,EQ,56655.0,351.32,6633433.0
2026-06-29,183.53,189.0,183.53,188.4,29827579,EQ,78656.0,379.22,10376744.0
2026-06-30,189.75,191.0,186.0,189.93,21752495,EQ,98221.0,221.46,5957870.0
2026-07-01,192.33,194.25,191.11,193.38,16742994,EQ,80459,208.09,5386165
2026-07-02,194.75,195.01,190.11,192.06,19870325,EQ,98150,202.45,6566072
2026-07-03,192.0,199.97,191.18,198.84,28356657,EQ,104176,272.2,7501299
2026-07-06,200.26,214.0,200.25,213.09,65084299,EQ,265506,245.13,14863924
2026-07-07,217.0,221.65,207.35,221.11,86186965,EQ,384022,224.43,14926860
2026-07-08,222.33,226.0,176.89,196.98,77637002,EQ,392803,197.65,19475194
2026-07-09,196.0,216.86,196.0,210.01,104267938,EQ,542973,192.03,17354066
2026-07-10,218.0,222.0,206.11,212.24,101356189,EQ,471805,214.83,13623151
2026-07-13,212.24,215.25,205.0,206.83,60588172,EQ,293007,206.78,12139891
2026-07-14,207.9,217.99,207.76,216.77,61486978,EQ,273430,224.87,14649174
2026-07-15,219.39,223.0,213.75,219.66,45298666,EQ,225577,200.81,7725204
2026-07-16,220.75,222.0,208.22,212.98,43210670,EQ,227565,189.88,9883345
2026-07-17,213.3,216.7,206.43,214.78,38003173,EQ,177107,214.58,8605365
2026-07-20,214.4,216.8,201.0,207.27,62639495,EQ,281782,222.3,12936888
2026-07-21,207.74,212.99,207.7,211.25,25264150,EQ,132213,191.09,5217287
2026-07-22,211.25,213.36,203.81,206.9,26836688,EQ,116508,230.34,7999308
2026-07-23,207.5,210.79,206.05,208.52,14577564,EQ,62610,232.83,3571274
2026-07-24,208.72,213.99,206.09,213.43,25099817,EQ,105277,238.42,7973289
2026-07-27,214.56,222.0,213.75,221.46,24777700,EQ,117455,210.95,8601787
2026-07-28,222.59,232.0,221.7,231.83,44976415,EQ,166678,269.84,16880547
2026-07-29,233.8,234.25,226.04,233.77,35604405,EQ,163342,217.97,7824820
2026-07-30,234.0,234.5,226.27,228.94,20377656,EQ,98629,206.61,6326541
2026-07-31,230.3,234.45,229.44,230.62,12456414,EQ,75739,164.46,3368056
2026-08-03,231.5,234.38,229.0,230.95,11488664,EQ,67980,169.0,3865889
2026-08-04,234.1,239.99,233.35,237.99,28917322,EQ,125433,230.54,8607755
2026-08-05,240.0,254.0,240.0,252.11,48743248,EQ,202825,240.32,13934596
2026-08-06,254.0,263.0,253.8,262.61,38625175,EQ,202474,190.77,10478291
2026-08-07,264.0,267.0,239.28,262.13,46030388,EQ,316805,145.3,11987059
2026-08-10,266.1,267.95,256.8,262.71,25888287,EQ,182152,142.12,7036003
2026-08-11,265.02,277.0,264.7,276.65,37869272,EQ,210792,179.65,10383086
2026-08-12,281.0,290.0,279.42,289.87,48203967,EQ,274197,175.8,10953551
2026-08-13,291.25,295.0,281.11,294.86,46358975,EQ,290510,159.58,9536445
2026-08-14,295.0,299.0,288.01,293.88,25656653,EQ,212591,120.69,6917462
2026-08-17,294.51,295.35,235.11,267.32,59146915,EQ,513343,115.22,16034847
2026-08-18,273.0,285.7,257.21,284.03,68917290,EQ,635844,108.39,14031400
2026-08-19,285.45,290.9,277.21,284.56,33857821,EQ,283119,119.59,7496133
2026-08-20,286.1,286.1,280.0,282.43,25940605,EQ,153919,168.53,8335703
2026-08-21,281.99,288.0,281.9,284.58,16664215,EQ,125055,133.26,5256745
