Date,Open,High,Low,Close,Volume,Series,TOTAL_TRADES,QTY_PER_TRADE,DLV_QTY
2018-05-15,8.5,8.9,8.4,8.9,1868000,ST,,,
2018-05-16,9.0,9.0,8.45,8.45,308000,ST,,,
2018-05-17,8.05,8.05,8.05,8.05,126000,ST,,,
2018-05-18,7.7,8.45,7.65,7.65,616000,ST,,,
2018-05-21,7.4,7.5,7.3,7.3,70000,ST,,,
2018-05-22,6.9,7.55,6.9,7.2,192000,ST,,,
2018-05-23,7.2,7.3,6.85,6.85,136000,ST,,,
2018-05-24,6.9,6.9,6.6,6.65,112000,ST,,,
2018-05-25,6.75,6.75,6.45,6.65,104000,ST,,,
2018-05-28,6.9,6.95,6.9,6.95,60000,ST,,,
2018-05-29,7.7,8.3,7.3,7.5,254000,SM,,,
2018-05-30,7.25,8.0,7.25,7.6,102000,SM,,,
2018-05-31,7.55,7.6,7.2,7.3,66000,SM,,,
2018-06-01,7.25,7.45,7.0,7.1,46000,SM,,,
2018-06-04,7.0,7.35,7.0,7.0,42000,SM,,,
2018-06-05,7.0,7.4,6.7,7.2,46000,SM,,,
2018-06-06,7.1,7.6,7.1,7.5,18000,SM,,,
2018-06-07,7.65,7.65,7.4,7.5,36000,SM,,,
2018-06-08,7.5,7.5,7.3,7.4,8000,SM,,,
2018-06-11,7.5,7.55,7.4,7.45,14000,SM,,,
2018-06-12,7.45,7.6,7.45,7.55,24000,SM,,,
2018-06-13,7.3,7.6,7.3,7.6,18000,SM,,,
2018-06-14,7.4,7.6,7.35,7.6,28000,SM,,,
2018-06-18,7.2,7.4,7.1,7.3,18000,SM,,,
2018-06-19,7.0,7.2,6.8,7.0,38000,SM,,,
2018-06-20,7.45,7.45,7.05,7.15,12000,SM,,,
2018-06-21,7.2,7.2,7.05,7.05,12000,SM,,,
2018-06-22,7.05,7.15,6.8,6.9,28000,SM,,,
2018-06-25,7.2,7.2,7.0,7.0,6000,SM,,,
2018-06-26,6.9,7.0,6.85,6.85,12000,SM,,,
2018-06-27,6.85,6.85,6.4,6.75,52000,SM,,,
2018-06-28,6.8,6.8,6.55,6.75,8000,SM,,,
2018-06-29,6.9,6.9,6.9,6.9,2000,SM,,,
2018-07-02,6.8,6.8,6.4,6.6,18000,SM,,,
2018-07-04,6.5,7.0,6.5,6.9,16000,SM,,,
2018-07-05,6.9,6.95,6.5,6.85,24000,SM,,,
2018-07-09,6.8,6.9,6.8,6.9,8000,SM,,,
2018-07-11,6.7,7.05,6.7,7.0,20000,SM,,,
2018-07-12,7.0,7.3,7.0,7.3,12000,SM,,,
2018-07-13,7.35,7.35,7.35,7.35,2000,SM,,,
2018-07-16,7.0,7.0,7.0,7.0,20000,SM,,,
2018-07-17,7.05,7.05,6.95,6.95,16000,SM,,,
2018-07-18,7.0,7.35,7.0,7.3,88000,SM,,,
2018-07-19,7.3,7.3,7.0,7.15,14000,SM,,,
2018-07-20,7.2,7.2,7.1,7.15,50000,SM,,,
2018-07-23,7.2,7.35,7.2,7.35,10000,SM,,,
2018-07-24,7.4,7.4,7.3,7.3,26000,SM,,,
2018-07-25,7.3,7.3,7.2,7.3,38000,SM,,,
2018-07-26,7.2,7.2,7.2,7.2,4000,SM,,,
2018-07-27,7.0,7.0,7.0,7.0,2000,SM,,,
2018-07-30,7.3,7.55,7.3,7.5,30000,SM,,,
2018-07-31,7.65,7.7,7.55,7.7,18000,SM,,,
2018-08-01,7.6,9.1,7.6,8.95,256000,SM,,,
2018-08-02,9.0,9.75,9.0,9.5,152000,SM,,,
2018-08-03,9.6,9.6,8.65,9.1,84000,SM,,,
2018-08-06,9.0,9.05,8.2,8.95,106000,SM,,,
2018-08-07,8.4,8.7,8.4,8.6,6000,SM,,,
2018-08-08,8.35,9.2,8.25,9.15,90000,SM,,,
2018-08-13,8.6,8.9,8.6,8.7,10000,SM,,,
2018-08-14,8.5,8.9,8.5,8.85,12000,SM,,,
2018-08-16,9.0,9.0,8.9,8.9,4000,SM,,,
2018-08-17,9.1,9.2,9.05,9.2,16000,SM,,,
2018-08-20,9.2,9.5,9.2,9.5,46000,SM,,,
2018-08-21,9.6,9.6,9.3,9.3,24000,SM,,,
2018-08-23,9.0,9.25,9.0,9.05,50000,SM,,,
2018-08-24,9.1,9.1,9.1,9.1,8000,SM,,,
2018-08-27,9.0,9.0,8.7,8.7,16000,SM,,,
2018-08-28,8.4,8.9,8.4,8.5,22000,SM,,,
2018-08-29,8.5,8.5,8.1,8.1,50000,SM,,,
2018-08-30,8.2,8.2,8.05,8.05,28000,SM,,,
2018-08-31,7.8,7.8,7.8,7.8,4000,SM,,,
2018-09-03,8.15,8.15,7.85,7.9,44000,SM,,,
2018-09-04,8.0,8.0,7.9,7.9,8000,SM,,,
2018-09-05,7.85,7.85,7.7,7.8,14000,SM,,,
2018-09-06,7.9,7.9,7.8,7.8,4000,SM,,,
2018-09-11,7.85,8.6,7.8,8.5,158000,SM,,,
2018-09-12,8.45,8.6,8.2,8.6,58000,SM,,,
2018-09-14,8.1,8.8,7.9,8.3,86000,SM,,,
2018-09-17,8.1,8.1,8.0,8.0,10000,SM,,,
2018-09-18,7.9,7.95,7.1,7.4,58000,SM,,,
2018-09-19,7.6,7.6,7.3,7.4,32000,SM,,,
2018-09-21,7.2,7.2,6.85,6.85,34000,SM,,,
2018-09-24,6.9,7.1,6.5,6.7,52000,SM,,,
2018-09-26,6.7,6.7,6.0,6.3,60000,SM,,,
2018-09-28,6.4,6.5,6.3,6.3,16000,SM,,,
2018-10-01,6.0,6.2,6.0,6.1,22000,SM,,,
2018-10-03,6.2,6.5,6.2,6.4,14000,SM,,,
2018-10-04,6.2,6.5,6.2,6.25,14000,SM,,,
2018-10-05,6.1,6.2,6.0,6.1,18000,SM,,,
2018-10-08,6.0,6.1,6.0,6.1,12000,SM,,,
2018-10-09,6.05,6.05,5.9,5.9,10000,SM,,,
2018-10-10,6.0,6.35,6.0,6.3,12000,SM,,,
2018-10-11,6.4,6.4,6.2,6.2,8000,SM,,,
2018-10-12,6.4,6.6,6.1,6.35,8000,SM,,,
2018-10-16,6.4,6.4,6.4,6.4,2000,SM,,,
2018-10-17,6.4,6.4,6.4,6.4,2000,SM,,,
2018-10-22,6.2,6.4,6.2,6.35,6000,SM,,,
2018-10-23,6.1,6.1,6.1,6.1,2000,SM,,,
2018-10-26,6.2,6.5,5.8,6.1,32000,SM,,,
2018-10-29,6.2,7.15,6.2,7.15,26000,SM,,,
2018-10-31,6.9,7.4,6.9,7.4,6000,SM,,,
2018-11-02,7.65,7.65,7.65,7.65,2000,SM,,,
2018-11-06,7.0,7.0,7.0,7.0,12000,SM,,,
2018-11-07,7.2,7.2,7.2,7.2,2000,SM,,,
2018-11-09,7.0,7.0,7.0,7.0,4000,SM,,,
2018-11-12,7.6,7.6,7.35,7.4,8000,SM,,,
2018-11-13,7.0,7.05,6.65,6.9,36000,SM,,,
2018-11-14,6.6,6.6,6.5,6.5,14000,SM,,,
2018-11-15,6.9,6.9,6.5,6.8,8000,SM,,,
2018-11-16,6.6,6.6,6.3,6.3,6000,SM,,,
2018-11-19,6.1,6.5,6.1,6.4,18000,SM,,,
2018-11-20,6.3,6.5,5.9,6.1,40000,SM,,,
2018-11-21,6.4,6.4,6.3,6.3,4000,SM,,,
2018-11-22,6.3,6.3,6.1,6.1,10000,SM,,,
2018-11-26,6.1,6.1,6.1,6.1,24000,SM,,,
2018-11-27,6.1,6.1,5.9,5.9,16000,SM,,,
2018-11-28,5.8,5.8,5.4,5.65,44000,SM,,,
2018-11-29,5.5,5.5,5.05,5.1,32000,SM,,,
2018-11-30,5.05,5.3,4.7,5.3,54000,SM,,,
2018-12-03,5.3,5.95,5.0,5.4,34000,SM,,,
2018-12-04,5.5,5.5,4.7,4.8,22000,SM,,,
2018-12-05,4.9,4.9,4.5,4.75,46000,SM,,,
2018-12-06,4.4,4.5,4.4,4.5,52000,SM,,,
2018-12-07,4.5,4.5,4.5,4.5,2000,SM,,,
2018-12-11,4.65,4.65,4.65,4.65,2000,SM,,,
2018-12-12,4.7,4.8,4.7,4.8,4000,SM,,,
2018-12-13,4.85,5.2,4.85,5.0,8000,SM,,,
2018-12-14,5.05,5.05,4.95,4.95,6000,SM,,,
2018-12-17,4.95,5.1,4.8,4.8,36000,SM,,,
2018-12-18,4.85,4.9,4.85,4.9,4000,SM,,,
2018-12-19,4.7,4.7,4.6,4.6,20000,SM,,,
2018-12-20,4.7,4.7,4.7,4.7,4000,SM,,,
2018-12-24,4.7,4.7,4.6,4.6,4000,SM,,,
2018-12-27,4.65,4.65,4.6,4.6,4000,SM,,,
2018-12-28,4.6,4.6,4.6,4.6,6000,SM,,,
2018-12-31,4.55,4.55,4.5,4.5,12000,SM,,,
2019-01-01,4.4,4.4,4.4,4.4,2000,SM,,,
2019-01-03,4.4,4.4,4.4,4.4,2000,SM,,,
2019-01-07,4.2,4.2,3.95,4.0,56000,SM,,,
2019-01-08,4.0,4.2,4.0,4.2,46000,SM,,,
2019-01-09,4.1,4.4,4.1,4.4,4000,SM,,,
2019-01-11,4.7,4.7,4.5,4.5,4000,SM,,,
2019-01-14,4.25,4.25,4.25,4.25,2000,SM,,,
2019-01-15,4.55,4.55,4.5,4.5,4000,SM,,,
2019-01-18,4.6,4.6,4.6,4.6,2000,SM,,,
2019-01-21,4.4,4.4,4.4,4.4,2000,SM,,,
2019-01-22,4.5,4.5,4.5,4.5,2000,SM,,,
2019-01-25,4.2,4.75,4.2,4.7,18000,SM,,,
2019-01-28,4.2,4.6,4.15,4.25,58000,SM,,,
2019-01-29,4.3,4.3,4.3,4.3,2000,SM,,,
2019-01-30,4.3,4.3,4.25,4.25,12000,SM,,,
2019-01-31,4.7,4.7,4.5,4.5,8000,SM,,,
2019-02-01,4.55,4.55,4.55,4.55,2000,SM,,,
2019-02-06,4.2,4.2,4.0,4.0,18000,SM,,,
2019-02-07,4.2,4.3,4.2,4.3,4000,SM,,,
2019-02-08,4.2,4.4,4.0,4.2,24000,SM,,,
2019-02-11,4.1,4.5,4.0,4.2,24000,SM,,,
2019-02-13,4.1,4.1,4.0,4.0,26000,SM,,,
2019-02-18,4.1,4.1,4.1,4.1,2000,SM,,,
2019-02-22,4.0,4.0,4.0,4.0,4000,SM,,,
2019-02-26,4.05,4.6,4.05,4.4,6000,SM,,,
2019-02-28,4.0,4.0,4.0,4.0,4000,SM,,,
2019-03-05,4.3,4.35,4.3,4.35,4000,SM,,,
2019-03-06,4.35,4.4,4.3,4.4,58000,SM,,,
2019-03-07,4.5,4.5,4.5,4.5,4000,SM,,,
2019-03-08,4.5,4.5,4.5,4.5,46000,SM,,,
2019-03-11,4.45,4.55,4.3,4.3,32000,SM,,,
2019-03-12,4.5,5.0,4.5,4.7,10000,SM,,,
2019-03-14,5.0,5.0,5.0,5.0,2000,SM,,,
2019-03-18,5.1,5.1,5.1,5.1,6000,SM,,,
2019-03-19,5.2,5.3,5.2,5.3,16000,SM,,,
2019-03-20,4.45,5.7,4.45,4.65,6000,SM,,,
2019-03-25,4.5,4.5,4.5,4.5,14000,SM,,,
2019-03-26,5.2,5.2,4.7,4.7,4000,SM,,,
2019-03-27,4.6,5.2,4.6,4.7,34000,SM,,,
2019-03-28,4.6,4.6,4.6,4.6,8000,SM,,,
2019-03-29,4.6,4.6,4.3,4.35,26000,SM,,,
2019-04-01,4.35,4.35,4.35,4.35,2000,SM,,,
2019-04-05,4.9,4.9,4.4,4.4,16000,SM,,,
2019-04-09,4.4,4.4,4.4,4.4,2000,SM,,,
2019-04-12,5.1,5.2,4.55,4.75,18000,SM,,,
2019-04-16,5.15,5.15,5.15,5.15,8000,SM,,,
2019-04-22,4.45,4.8,4.45,4.8,6000,SM,,,
2019-04-23,4.35,4.5,4.35,4.45,6000,SM,,,
2019-04-24,4.95,4.95,4.3,4.4,10000,SM,,,
2019-04-30,4.4,4.4,4.4,4.4,2000,SM,,,
2019-05-02,4.3,4.3,4.2,4.25,6000,SM,,,
2019-05-03,4.1,4.1,3.9,4.0,50000,SM,,,
2019-05-06,4.0,4.0,4.0,4.0,14000,SM,,,
2019-05-07,4.0,4.1,3.85,4.0,16000,SM,,,
2019-05-10,4.0,4.0,4.0,4.0,12000,SM,,,
2019-05-13,3.9,3.9,3.8,3.9,8000,SM,,,
2019-05-14,3.9,4.15,3.9,4.05,12000,SM,,,
2019-05-15,4.0,4.0,4.0,4.0,2000,SM,,,
2019-05-21,4.6,4.6,4.45,4.45,4000,SM,,,
2019-05-22,3.9,3.9,3.7,3.8,10000,SM,,,
2019-05-24,4.2,4.2,4.2,4.2,2000,SM,,,
2019-06-03,4.1,4.1,4.1,4.1,2000,SM,,,
2019-06-04,3.9,3.9,3.9,3.9,2000,SM,,,
2019-06-07,3.95,4.0,3.95,4.0,8000,SM,,,
2019-06-11,4.0,4.0,4.0,4.0,4000,SM,,,
2019-06-12,4.0,4.0,4.0,4.0,4000,SM,,,
2019-06-13,4.0,4.0,4.0,4.0,2000,SM,,,
2019-06-14,3.6,4.0,3.2,4.0,18000,SM,,,
2019-06-17,4.0,4.0,4.0,4.0,2000,SM,,,
2019-06-19,4.0,4.0,4.0,4.0,2000,SM,,,
2019-06-20,4.0,4.0,4.0,4.0,2000,SM,,,
2019-06-25,3.9,4.25,3.9,4.25,6000,SM,,,
2019-07-02,4.0,4.0,4.0,4.0,4000,SM,,,
2019-07-05,4.0,4.0,4.0,4.0,4000,SM,,,
2019-07-15,3.65,3.7,3.65,3.7,12000,SM,,,
2019-07-16,4.0,4.0,4.0,4.0,6000,SM,,,
2019-07-18,4.0,4.0,4.0,4.0,2000,SM,,,
2019-07-19,4.0,4.0,4.0,4.0,4000,SM,,,
2019-07-22,3.9,4.0,3.9,4.0,4000,SM,,,
2019-07-25,4.0,4.0,4.0,4.0,2000,SM,,,
2019-07-26,4.0,4.0,3.95,3.95,16000,SM,,,
2019-07-29,3.8,4.0,3.8,4.0,4000,SM,,,
2019-07-30,4.1,4.1,4.0,4.0,4000,SM,,,
2019-07-31,4.0,4.0,4.0,4.0,10000,SM,,,
2019-08-02,4.2,4.2,4.2,4.2,2000,SM,,,
2019-08-05,4.2,4.2,4.0,4.0,46000,SM,,,
2019-08-06,4.0,4.0,4.0,4.0,12000,SM,,,
2019-08-07,4.0,4.0,4.0,4.0,12000,SM,,,
2019-08-08,3.9,4.2,3.9,4.2,6000,SM,,,
2019-08-13,3.9,4.0,3.85,3.9,70000,SM,,,
2019-08-16,3.8,3.9,3.8,3.9,6000,SM,,,
2019-08-19,3.3,3.75,3.3,3.75,18000,SM,,,
2019-08-21,3.45,3.7,3.45,3.55,8000,SM,,,
2019-08-22,3.4,3.4,3.4,3.4,16000,SM,,,
2019-08-27,3.3,3.3,3.3,3.3,2000,SM,,,
2019-08-29,3.3,3.3,3.3,3.3,4000,SM,,,
2019-09-04,2.65,3.2,2.65,3.2,4000,SM,,,
2019-09-06,3.3,3.3,3.3,3.3,2000,SM,,,
2019-09-09,3.2,3.25,3.2,3.25,4000,SM,,,
2019-09-11,3.5,3.5,3.5,3.5,4000,SM,,,
2019-09-16,3.3,3.3,3.3,3.3,4000,SM,,,
2019-09-20,3.7,3.7,3.7,3.7,4000,SM,,,
2019-09-23,3.2,3.4,3.2,3.2,50000,SM,,,
2019-09-24,3.0,3.1,2.9,3.1,54000,SM,,,
2019-09-26,3.4,3.4,3.2,3.4,6000,SM,,,
2019-09-30,3.35,3.35,3.35,3.35,2000,SM,,,
2019-10-03,2.85,2.85,2.85,2.85,2000,SM,1.0,2000.0,2000.0
2019-10-04,2.55,2.8,2.55,2.8,4000,SM,2.0,2000.0,2000.0
2019-10-07,3.05,3.05,3.05,3.05,2000,SM,1.0,2000.0,2000.0
2019-10-14,3.25,3.25,3.25,3.25,2000,SM,1.0,2000.0,2000.0
2019-10-16,2.9,3.2,2.9,3.05,4000,SM,2.0,2000.0,4000.0
2019-10-18,3.05,3.05,3.05,3.05,2000,SM,1.0,2000.0,2000.0
2019-10-24,3.1,3.1,3.1,3.1,2000,SM,1.0,2000.0,2000.0
2019-10-30,3.2,3.2,3.2,3.2,4000,SM,2.0,2000.0,4000.0
2019-10-31,3.15,3.15,3.1,3.1,4000,SM,2.0,2000.0,4000.0
2019-11-01,3.0,3.0,3.0,3.0,8000,SM,4.0,2000.0,8000.0
2019-11-04,2.9,3.1,2.7,3.1,6000,SM,3.0,2000.0,4000.0
2019-11-05,2.85,2.9,2.85,2.9,4000,SM,2.0,2000.0,2000.0
2019-11-11,3.4,3.4,3.4,3.4,2000,SM,1.0,2000.0,2000.0
2019-11-13,2.8,3.45,2.75,2.75,24000,SM,11.0,2181.82,10000.0
2019-11-14,2.7,2.7,2.4,2.5,8000,SM,4.0,2000.0,6000.0
2019-11-15,2.3,2.5,2.15,2.5,12000,SM,6.0,2000.0,10000.0
2019-11-19,2.3,2.3,2.0,2.1,48000,SM,24.0,2000.0,36000.0
2019-11-20,2.2,2.2,1.9,1.9,20000,SM,10.0,2000.0,14000.0
2019-11-21,2.0,2.0,2.0,2.0,2000,SM,1.0,2000.0,2000.0
2019-11-25,2.1,2.1,2.1,2.1,12000,SM,3.0,4000.0,12000.0
2019-12-03,2.0,2.0,2.0,2.0,4000,SM,2.0,2000.0,4000.0
2019-12-04,2.2,2.2,2.0,2.0,4000,SM,2.0,2000.0,4000.0
2019-12-05,2.0,2.0,2.0,2.0,2000,SM,1.0,2000.0,2000.0
2019-12-06,1.9,1.9,1.9,1.9,4000,SM,2.0,2000.0,2000.0
2019-12-09,1.9,1.9,1.9,1.9,2000,SM,1.0,2000.0,2000.0
2019-12-11,1.9,1.9,1.9,1.9,4000,SM,2.0,2000.0,2000.0
2019-12-12,1.9,1.9,1.9,1.9,6000,SM,3.0,2000.0,6000.0
2019-12-18,1.95,1.95,1.95,1.95,2000,SM,1.0,2000.0,2000.0
2019-12-23,2.05,2.05,2.05,2.05,2000,SM,1.0,2000.0,2000.0
2019-12-24,2.1,2.1,1.95,1.95,6000,SM,3.0,2000.0,6000.0
2019-12-31,1.85,2.05,1.85,2.05,6000,SM,3.0,2000.0,4000.0
2020-01-06,1.95,2.15,1.95,2.1,16000,SM,8.0,2000.0,8000.0
2020-01-13,2.2,2.2,2.2,2.2,2000,SM,1.0,2000.0,2000.0
2020-01-16,2.1,2.2,2.1,2.2,14000,SM,7.0,2000.0,8000.0
2020-01-20,2.1,2.15,2.1,2.1,26000,SM,9.0,2888.89,22000.0
2020-01-21,2.05,2.05,2.0,2.0,18000,SM,9.0,2000.0,16000.0
2020-01-23,2.05,2.05,2.05,2.05,2000,SM,1.0,2000.0,2000.0
2020-01-24,2.0,2.15,2.0,2.15,20000,SM,8.0,2500.0,20000.0
2020-01-29,2.25,2.25,2.25,2.25,2000,SM,1.0,2000.0,2000.0
2020-01-30,2.25,2.25,2.25,2.25,6000,SM,3.0,2000.0,4000.0
2020-01-31,2.15,2.25,2.15,2.15,12000,SM,6.0,2000.0,10000.0
2020-02-03,2.1,2.1,1.95,1.95,6000,SM,3.0,2000.0,6000.0
2020-02-04,1.95,1.95,1.9,1.95,6000,SM,3.0,2000.0,4000.0
2020-02-05,1.9,1.9,1.85,1.85,34000,SM,12.0,2833.33,32000.0
2020-02-06,1.8,1.95,1.8,1.95,28000,SM,14.0,2000.0,24000.0
2020-02-11,1.85,1.95,1.85,1.9,62000,SM,20.0,3100.0,56000.0
2020-02-12,1.85,1.95,1.8,1.9,30000,SM,9.0,3333.33,26000.0
2020-02-13,1.8,1.9,1.8,1.9,36000,SM,12.0,3000.0,34000.0
2020-02-18,1.85,1.85,1.85,1.85,4000,SM,2.0,2000.0,4000.0
2020-02-19,1.9,1.9,1.9,1.9,4000,SM,1.0,4000.0,4000.0
2020-02-20,2.0,2.0,2.0,2.0,6000,SM,3.0,2000.0,6000.0
2020-02-28,1.9,1.95,1.9,1.95,8000,SM,4.0,2000.0,6000.0
2020-03-02,2.0,2.0,1.9,1.95,12000,SM,6.0,2000.0,12000.0
2020-03-04,1.95,1.95,1.95,1.95,4000,SM,1.0,4000.0,4000.0
2020-03-05,1.95,1.95,1.95,1.95,8000,SM,4.0,2000.0,8000.0
2020-03-09,1.9,1.9,1.9,1.9,8000,SM,2.0,4000.0,8000.0
2020-03-12,1.8,1.8,1.8,1.8,38000,SM,12.0,3166.67,36000.0
2020-03-13,1.75,1.75,1.75,1.75,66000,SM,17.0,3882.35,64000.0
2020-03-16,1.7,1.75,1.65,1.65,38000,SM,12.0,3166.67,36000.0
2020-03-17,1.65,1.65,1.55,1.55,22000,SM,4.0,5500.0,22000.0
2020-03-18,1.5,1.55,1.5,1.5,18000,SM,4.0,4500.0,18000.0
2020-03-19,1.4,1.4,1.4,1.4,6000,SM,3.0,2000.0,4000.0
2020-03-20,1.35,1.35,1.35,1.35,2000,SM,1.0,2000.0,2000.0
2020-03-23,1.35,1.35,1.35,1.35,22000,SM,5.0,4400.0,22000.0
2020-03-26,1.4,1.4,1.4,1.4,2000,SM,1.0,2000.0,2000.0
2020-03-27,1.35,1.45,1.35,1.35,8000,SM,4.0,2000.0,6000.0
2020-04-15,1.45,1.45,1.45,1.45,2000,SM,1.0,2000.0,2000.0
2020-04-16,1.45,1.45,1.45,1.45,2000,SM,1.0,2000.0,2000.0
2020-04-17,1.45,1.45,1.45,1.45,2000,SM,1.0,2000.0,2000.0
2020-04-20,1.45,1.45,1.45,1.45,2000,SM,1.0,2000.0,2000.0
2020-04-21,1.45,1.45,1.45,1.45,2000,SM,1.0,2000.0,2000.0
2020-04-23,1.5,1.5,1.5,1.5,2000,SM,1.0,2000.0,2000.0
2020-05-05,1.45,1.55,1.45,1.55,18000,SM,4.0,4500.0,16000.0
2020-05-19,1.5,1.5,1.5,1.5,24000,SM,11.0,2181.82,20000.0
2020-05-26,1.55,1.55,1.55,1.55,2000,SM,1.0,2000.0,2000.0
2020-05-27,1.65,1.65,1.65,1.65,2000,SM,1.0,2000.0,2000.0
2020-05-28,1.7,1.7,1.7,1.7,2000,SM,1.0,2000.0,2000.0
2020-05-29,1.8,1.8,1.8,1.8,14000,SM,5.0,2800.0,14000.0
2020-06-01,1.9,1.9,1.9,1.9,16000,SM,2.0,8000.0,16000.0
2020-06-02,1.95,1.95,1.95,1.95,10000,SM,1.0,10000.0,10000.0
2020-06-03,2.05,2.05,2.05,2.05,8000,SM,3.0,2666.67,8000.0
2020-06-05,2.05,2.1,2.0,2.1,22000,SM,10.0,2200.0,20000.0
2020-06-08,2.1,2.2,2.05,2.2,34000,SM,14.0,2428.57,34000.0
2020-06-09,2.35,2.35,2.35,2.35,14000,SM,3.0,4666.67,14000.0
2020-06-10,2.45,2.45,2.45,2.45,16000,SM,8.0,2000.0,12000.0
2020-06-11,2.55,2.55,2.55,2.55,22000,SM,6.0,3666.67,22000.0
2020-06-12,2.7,2.7,2.7,2.7,8000,SM,2.0,4000.0,8000.0
2020-06-15,2.8,2.8,2.8,2.8,8000,SM,3.0,2666.67,8000.0
2020-06-16,2.8,2.95,2.8,2.95,22000,SM,8.0,2750.0,18000.0
2020-06-17,3.1,3.1,3.0,3.1,10000,SM,5.0,2000.0,8000.0
2020-06-18,3.1,3.1,2.95,2.95,16000,SM,6.0,2666.67,16000.0
2020-06-22,3.0,3.0,3.0,3.0,4000,SM,1.0,4000.0,4000.0
2020-06-24,2.85,2.85,2.85,2.85,14000,SM,1.0,14000.0,14000.0
2020-07-02,2.7,2.7,2.7,2.7,4000,SM,2.0,2000.0,4000.0
2020-07-06,2.6,2.6,2.6,2.6,2000,SM,1.0,2000.0,2000.0
2020-07-07,2.45,2.5,2.45,2.45,6000,SM,3.0,2000.0,6000.0
2020-07-08,2.35,2.35,2.35,2.35,2000,SM,1.0,2000.0,2000.0
2020-07-09,2.2,2.2,2.2,2.2,4000,SM,2.0,2000.0,4000.0
2020-07-10,2.1,2.2,2.1,2.1,16000,SM,7.0,2285.71,14000.0
2020-07-13,2.05,2.2,2.0,2.2,12000,SM,6.0,2000.0,8000.0
2020-07-14,2.15,2.15,2.1,2.1,12000,SM,5.0,2400.0,10000.0
2020-07-15,2.1,2.1,2.1,2.1,2000,SM,1.0,2000.0,2000.0
2020-07-16,2.2,2.2,2.2,2.2,14000,SM,4.0,3500.0,14000.0
2020-07-17,2.2,2.3,2.2,2.3,8000,SM,4.0,2000.0,8000.0
2020-07-20,2.4,2.45,2.4,2.45,24000,SM,6.0,4000.0,22000.0
2020-07-21,2.5,2.55,2.5,2.55,4000,SM,2.0,2000.0,4000.0
2020-07-23,2.45,2.45,2.4,2.4,6000,SM,3.0,2000.0,2000.0
2020-07-24,2.3,2.3,2.3,2.3,2000,SM,1.0,2000.0,2000.0
2020-07-30,2.2,2.2,2.2,2.2,4000,SM,2.0,2000.0,4000.0
2020-07-31,2.2,2.3,2.1,2.15,24000,SM,4.0,6000.0,22000.0
2020-08-04,2.25,2.25,2.25,2.25,2000,SM,1.0,2000.0,2000.0
2020-08-07,2.25,2.25,2.25,2.25,66000,SM,1.0,66000.0,66000.0
2020-08-10,2.4,2.4,2.4,2.4,2000,SM,1.0,2000.0,2000.0
2020-08-12,2.5,2.5,2.5,2.5,12000,SM,4.0,3000.0,12000.0
2020-08-19,2.6,2.6,2.6,2.6,4000,SM,2.0,2000.0,4000.0
2020-08-20,2.6,2.6,2.6,2.6,2000,SM,1.0,2000.0,2000.0
2020-08-26,2.5,2.5,2.5,2.5,2000,SM,1.0,2000.0,2000.0
2020-08-28,2.6,2.6,2.6,2.6,2000,SM,1.0,2000.0,2000.0
2020-09-04,2.5,2.5,2.5,2.5,2000,SM,1.0,2000.0,2000.0
2020-09-08,2.5,2.5,2.5,2.5,2000,SM,1.0,2000.0,2000.0
2020-09-17,2.5,2.5,2.5,2.5,10000,SM,5.0,2000.0,10000.0
2020-09-21,2.6,2.6,2.6,2.6,4000,SM,1.0,4000.0,4000.0
2020-09-22,2.75,2.75,2.7,2.75,20000,SM,9.0,2222.22,16000.0
2020-09-23,2.9,2.9,2.6,2.75,26000,SM,11.0,2363.64,22000.0
2020-09-24,2.65,2.9,2.65,2.9,6000,SM,3.0,2000.0,4000.0
2020-09-25,3.0,3.0,3.0,3.0,6000,SM,3.0,2000.0,6000.0
2020-09-28,3.15,3.15,3.15,3.15,2000,SM,,,
2020-09-29,3.35,3.35,3.35,3.35,6000,SM,2.0,3000.0,6000.0
2020-09-30,3.15,3.5,3.15,3.5,8000,SM,4.0,2000.0,6000.0
2020-10-05,3.65,3.65,3.65,3.65,70000,SM,26.0,2692.31,70000.0
2020-10-06,3.8,3.8,3.8,3.8,2000,SM,1.0,2000.0,2000.0
2020-10-07,4.0,4.0,4.0,4.0,4000,SM,2.0,2000.0,4000.0
2020-10-08,4.2,4.2,4.2,4.2,2000,SM,1.0,2000.0,2000.0
2020-10-09,4.4,4.4,4.4,4.4,4000,SM,2.0,2000.0,4000.0
2020-10-12,4.65,4.65,4.2,4.65,82000,SM,36.0,2277.78,72000.0
2020-10-13,4.9,4.9,4.9,4.9,22000,SM,6.0,3666.67,22000.0
2020-10-14,5.1,5.1,5.1,5.1,12000,SM,3.0,4000.0,12000.0
2020-10-15,5.35,5.35,5.35,5.35,8000,SM,2.0,4000.0,8000.0
2020-10-16,5.65,5.65,5.1,5.65,218000,SM,68.0,3205.88,174000.0
2020-10-19,5.8,5.8,5.35,5.35,22000,SM,11.0,2000.0,16000.0
2020-10-20,5.4,5.4,5.1,5.1,24000,SM,12.0,2000.0,18000.0
2020-10-21,5.1,5.1,4.85,4.85,6000,SM,3.0,2000.0,4000.0
2020-10-22,4.85,5.0,4.8,5.0,28000,SM,13.0,2153.85,22000.0
2020-10-23,5.0,5.25,5.0,5.0,18000,SM,9.0,2000.0,14000.0
2020-10-26,4.8,4.9,4.75,4.75,14000,SM,7.0,2000.0,8000.0
2020-10-27,4.5,4.5,4.5,4.5,4000,SM,2.0,2000.0,2000.0
2020-10-28,4.3,4.3,4.3,4.3,2000,SM,1.0,2000.0,2000.0
2020-10-29,4.1,4.1,4.1,4.1,6000,SM,3.0,2000.0,4000.0
2020-11-03,3.9,4.0,3.9,3.9,10000,SM,4.0,2500.0,8000.0
2020-11-04,3.7,3.7,3.7,3.7,10000,SM,4.0,2500.0,8000.0
2020-11-05,3.5,3.5,3.5,3.5,4000,SM,2.0,2000.0,4000.0
2020-11-06,3.55,3.55,3.55,3.55,6000,SM,3.0,2000.0,6000.0
2020-11-09,3.5,3.7,3.5,3.65,18000,SM,9.0,2000.0,10000.0
2020-11-10,3.55,3.55,3.45,3.5,20000,SM,8.0,2500.0,10000.0
2020-11-11,3.5,3.55,3.5,3.55,4000,SM,2.0,2000.0,4000.0
2020-11-12,3.7,3.7,3.7,3.7,6000,SM,3.0,2000.0,6000.0
2020-11-13,3.7,3.9,3.55,3.9,12000,SM,6.0,2000.0,8000.0
2020-11-17,4.1,4.3,4.1,4.3,18000,SM,9.0,2000.0,12000.0
2020-11-18,4.5,4.5,4.5,4.5,8000,SM,4.0,2000.0,2000.0
2020-11-19,4.7,4.7,4.7,4.7,2000,SM,1.0,2000.0,2000.0
2020-11-20,4.95,4.95,4.8,4.8,4000,SM,2.0,2000.0,4000.0
2020-11-23,4.8,4.8,4.7,4.7,8000,SM,4.0,2000.0,4000.0
2020-11-25,4.7,4.7,4.45,4.45,8000,SM,3.0,2666.67,6000.0
2020-12-01,4.25,4.25,4.25,4.25,10000,SM,5.0,2000.0,4000.0
2020-12-02,4.05,4.25,4.05,4.05,12000,SM,6.0,2000.0,8000.0
2020-12-03,3.85,3.85,3.85,3.85,4000,SM,2.0,2000.0,2000.0
2020-12-04,3.9,3.9,3.7,3.7,16000,SM,8.0,2000.0,8000.0
2020-12-08,3.55,3.7,3.55,3.65,6000,SM,3.0,2000.0,4000.0
2020-12-09,3.85,3.85,3.85,3.85,12000,SM,6.0,2000.0,8000.0
2020-12-14,4.0,4.0,4.0,4.0,2000,SM,1.0,2000.0,2000.0
2020-12-15,3.8,4.0,3.8,4.0,4000,SM,2.0,2000.0,2000.0
2020-12-16,3.8,4.15,3.8,4.05,22000,SM,11.0,2000.0,14000.0
2020-12-17,4.25,4.25,4.25,4.25,4000,SM,2.0,2000.0,4000.0
2020-12-18,4.45,4.45,4.45,4.45,12000,SM,6.0,2000.0,12000.0
2020-12-21,4.65,4.7,4.35,4.35,26000,SM,13.0,2000.0,8000.0
2020-12-22,4.3,4.3,4.15,4.15,4000,SM,2.0,2000.0,2000.0
2020-12-23,4.3,4.35,4.3,4.35,10000,SM,5.0,2000.0,10000.0
2020-12-24,4.55,4.55,4.55,4.55,2000,SM,1.0,2000.0,2000.0
2020-12-28,4.6,4.7,4.6,4.6,8000,SM,4.0,2000.0,6000.0
2020-12-29,4.8,4.85,4.65,4.8,50000,SM,23.0,2173.91,46000.0
2020-12-30,5.05,5.05,4.9,5.05,52000,SM,26.0,2000.0,44000.0
2020-12-31,5.2,5.3,5.0,5.3,26000,SM,13.0,2000.0,22000.0
2021-01-01,5.5,5.55,5.5,5.55,30000,SM,15.0,2000.0,20000.0
2021-01-04,5.85,5.85,5.8,5.85,60000,SM,28.0,2142.86,46000.0
2021-01-05,5.9,6.15,5.6,6.15,72000,SM,33.0,2181.82,56000.0
2021-01-06,6.0,6.0,5.8,5.8,30000,SM,15.0,2000.0,22000.0
2021-01-07,5.55,5.85,5.55,5.55,46000,SM,23.0,2000.0,32000.0
2021-01-08,5.7,5.8,5.55,5.8,28000,SM,12.0,2333.33,20000.0
2021-01-11,5.85,6.0,5.7,5.9,16000,SM,8.0,2000.0,14000.0
2021-01-12,5.7,5.85,5.7,5.8,14000,SM,6.0,2333.33,8000.0
2021-01-13,5.6,5.75,5.55,5.65,32000,SM,14.0,2285.71,24000.0
2021-01-14,5.65,5.65,5.65,5.65,2000,SM,1.0,2000.0,2000.0
2021-01-15,5.55,5.55,5.35,5.35,14000,SM,6.0,2333.33,14000.0
2021-01-18,5.2,5.2,5.2,5.2,2000,SM,1.0,2000.0,2000.0
2021-01-19,5.25,5.45,5.2,5.4,14000,SM,6.0,2333.33,10000.0
2021-01-20,5.25,5.25,5.25,5.25,4000,SM,2.0,2000.0,2000.0
2021-01-21,5.2,5.25,5.15,5.25,6000,SM,3.0,2000.0,4000.0
2021-01-25,5.0,5.3,5.0,5.3,12000,SM,6.0,2000.0,8000.0
2021-01-27,5.3,5.3,5.25,5.25,4000,SM,2.0,2000.0,2000.0
2021-01-28,5.4,5.4,5.25,5.25,4000,SM,2.0,2000.0,4000.0
2021-01-29,5.25,5.25,5.25,5.25,2000,SM,1.0,2000.0,2000.0
2021-02-01,5.25,5.25,5.25,5.25,2000,SM,1.0,2000.0,2000.0
2021-02-02,5.05,5.05,5.05,5.05,6000,SM,3.0,2000.0,4000.0
2021-02-03,5.1,5.1,5.0,5.0,8000,SM,4.0,2000.0,4000.0
2021-02-04,5.1,5.25,5.1,5.25,6000,SM,3.0,2000.0,4000.0
2021-02-05,5.2,5.2,5.2,5.2,2000,SM,1.0,2000.0,2000.0
2021-02-08,5.1,5.2,5.1,5.15,4000,SM,2.0,2000.0,4000.0
2021-02-09,5.25,5.3,5.25,5.3,4000,SM,2.0,2000.0,4000.0
2021-02-10,5.2,5.2,5.2,5.2,2000,SM,1.0,2000.0,2000.0
2021-02-16,5.25,5.25,4.95,4.95,10000,SM,5.0,2000.0,6000.0
2021-02-17,4.75,4.75,4.75,4.75,8000,SM,4.0,2000.0,6000.0
2021-02-18,4.5,4.7,4.5,4.6,12000,SM,6.0,2000.0,8000.0
2021-02-19,4.5,4.5,4.4,4.4,6000,SM,3.0,2000.0,4000.0
2021-02-22,4.35,4.5,4.3,4.5,10000,SM,5.0,2000.0,8000.0
2021-02-23,4.5,4.5,4.5,4.5,2000,SM,1.0,2000.0,2000.0
2021-02-24,4.6,4.6,4.55,4.6,10000,SM,5.0,2000.0,6000.0
2021-02-25,4.45,4.45,4.45,4.45,4000,SM,2.0,2000.0,2000.0
2021-03-02,4.5,4.5,4.5,4.5,2000,SM,1.0,2000.0,2000.0
2021-03-04,4.3,4.3,4.3,4.3,8000,SM,4.0,2000.0,6000.0
2021-03-05,4.05,4.05,4.05,4.05,8000,SM,4.0,2000.0,6000.0
2021-03-08,4.0,4.0,3.85,3.9,12000,SM,6.0,2000.0,6000.0
2021-03-09,3.95,4.0,3.95,4.0,4000,SM,2.0,2000.0,4000.0
2021-03-12,4.1,4.1,4.1,4.1,2000,SM,1.0,2000.0,2000.0
2021-03-15,4.1,4.1,4.1,4.1,2000,SM,1.0,2000.0,2000.0
2021-03-16,4.1,4.1,4.1,4.1,2000,SM,1.0,2000.0,2000.0
2021-03-17,4.1,4.1,3.9,4.0,10000,SM,5.0,2000.0,8000.0
2021-03-18,4.0,4.0,3.8,3.85,32000,SM,9.0,3555.56,26000.0
2021-03-19,3.85,3.85,3.8,3.8,6000,SM,3.0,2000.0,6000.0
2021-03-22,3.9,3.9,3.85,3.85,4000,SM,2.0,2000.0,4000.0
2021-03-25,3.95,3.95,3.95,3.95,4000,SM,2.0,2000.0,4000.0
2021-03-26,3.9,3.9,3.8,3.8,6000,SM,3.0,2000.0,4000.0
2021-03-30,3.9,3.9,3.8,3.9,12000,SM,6.0,2000.0,8000.0
2021-04-01,4.0,4.0,4.0,4.0,4000,SM,2.0,2000.0,4000.0
2021-04-05,4.1,4.1,4.1,4.1,2000,SM,1.0,2000.0,2000.0
2021-04-06,4.0,4.0,3.9,3.9,8000,SM,4.0,2000.0,4000.0
2021-04-07,3.9,3.9,3.9,3.9,2000,SM,1.0,2000.0,2000.0
2021-04-08,3.9,3.9,3.9,3.9,2000,SM,1.0,2000.0,2000.0
2021-04-09,3.9,3.9,3.8,3.8,8000,SM,4.0,2000.0,6000.0
2021-04-12,3.8,3.8,3.8,3.8,4000,SM,2.0,2000.0,4000.0
2021-04-15,3.8,3.8,3.8,3.8,2000,SM,1.0,2000.0,2000.0
2021-04-16,3.8,3.9,3.8,3.9,6000,SM,3.0,2000.0,6000.0
2021-04-20,3.9,3.9,3.75,3.75,4000,SM,2.0,2000.0,4000.0
2021-04-23,3.9,3.95,3.9,3.95,10000,SM,3.0,3333.33,10000.0
2021-04-26,3.8,3.8,3.75,3.75,4000,SM,2.0,2000.0,4000.0
2021-04-27,3.7,3.7,3.6,3.6,4000,SM,2.0,2000.0,4000.0
2021-04-28,3.65,3.65,3.65,3.65,2000,SM,1.0,2000.0,2000.0
2021-05-04,3.8,3.8,3.8,3.8,14000,SM,5.0,2800.0,12000.0
2021-05-05,3.75,3.8,3.75,3.8,12000,SM,6.0,2000.0,10000.0
2021-05-06,3.8,3.8,3.8,3.8,10000,SM,2.0,5000.0,10000.0
2021-05-07,3.7,3.8,3.7,3.8,14000,SM,6.0,2333.33,10000.0
2021-05-10,3.75,3.75,3.7,3.7,10000,SM,5.0,2000.0,8000.0
2021-05-11,3.7,3.7,3.7,3.7,2000,SM,1.0,2000.0,2000.0
2021-05-12,3.7,3.7,3.65,3.7,14000,SM,6.0,2333.33,14000.0
2021-05-17,3.7,3.8,3.7,3.8,70000,SM,13.0,5384.62,68000.0
2021-05-18,3.75,3.8,3.65,3.65,70000,SM,6.0,11666.67,68000.0
2021-05-19,3.75,3.75,3.6,3.6,18000,SM,8.0,2250.0,18000.0
2021-05-20,3.65,3.65,3.65,3.65,2000,SM,1.0,2000.0,2000.0
2021-05-21,3.8,3.85,3.8,3.8,20000,SM,8.0,2500.0,18000.0
2021-05-24,4.0,4.0,4.0,4.0,24000,SM,10.0,2400.0,18000.0
2021-05-25,4.1,4.1,3.8,3.95,26000,SM,13.0,2000.0,20000.0
2021-05-27,3.9,3.9,3.75,3.75,58000,SM,13.0,4461.54,54000.0
2021-05-28,3.95,3.95,3.95,3.95,8000,SM,4.0,2000.0,6000.0
2021-05-31,4.0,4.0,4.0,4.0,2000,SM,1.0,2000.0,2000.0
2021-06-01,3.9,3.9,3.8,3.8,46000,SM,3.0,15333.33,46000.0
2021-06-02,3.75,4.0,3.75,4.0,36000,SM,6.0,6000.0,34000.0
2021-06-03,4.2,4.2,4.15,4.2,14000,SM,6.0,2333.33,12000.0
2021-06-04,4.4,4.4,4.1,4.4,22000,SM,10.0,2200.0,12000.0
2021-06-07,4.6,4.6,4.6,4.6,4000,SM,2.0,2000.0,4000.0
2021-06-08,4.85,4.85,4.85,4.85,4000,SM,2.0,2000.0,4000.0
2021-06-09,5.1,5.1,5.1,5.1,14000,SM,7.0,2000.0,14000.0
2021-06-10,5.15,5.3,5.0,5.0,26000,SM,13.0,2000.0,14000.0
2021-06-11,4.8,4.8,4.75,4.75,8000,SM,4.0,2000.0,6000.0
2021-06-14,4.6,4.65,4.5,4.5,10000,SM,5.0,2000.0,6000.0
2021-06-15,4.3,4.3,4.3,4.3,16000,SM,8.0,2000.0,10000.0
2021-06-16,4.1,4.1,4.1,4.1,10000,SM,5.0,2000.0,8000.0
2021-06-17,3.95,4.1,3.9,4.1,14000,SM,6.0,2333.33,12000.0
2021-06-18,4.1,4.1,4.1,4.1,2000,SM,1.0,2000.0,2000.0
2021-06-21,3.9,3.9,3.9,3.9,2000,SM,1.0,2000.0,2000.0
2021-06-22,3.75,4.0,3.75,4.0,10000,SM,5.0,2000.0,8000.0
2021-06-23,4.2,4.2,4.2,4.2,6000,SM,3.0,2000.0,4000.0
2021-06-24,4.4,4.4,4.4,4.4,2000,SM,1.0,2000.0,2000.0
2021-06-25,4.65,4.65,4.65,4.65,2000,SM,1.0,2000.0,2000.0
2021-06-28,4.85,4.85,4.85,4.85,4000,SM,2.0,2000.0,4000.0
2021-06-29,5.1,5.1,5.1,5.1,4000,SM,2.0,2000.0,4000.0
2021-06-30,5.35,5.35,5.05,5.05,16000,SM,8.0,2000.0,14000.0
2021-07-01,5.05,5.3,5.0,5.0,10000,SM,5.0,2000.0,8000.0
2021-07-02,5.0,5.0,5.0,5.0,4000,SM,2.0,2000.0,4000.0
2021-07-05,5.0,5.25,5.0,5.25,18000,SM,9.0,2000.0,12000.0
2021-07-06,5.3,5.3,5.25,5.25,6000,SM,3.0,2000.0,6000.0
2021-07-07,5.25,5.25,5.0,5.0,6000,SM,3.0,2000.0,4000.0
2021-07-08,4.8,4.8,4.8,4.8,4000,SM,2.0,2000.0,2000.0
2021-07-13,4.6,4.6,4.6,4.6,2000,SM,1.0,2000.0,2000.0
2021-07-14,4.4,4.4,4.35,4.35,14000,SM,7.0,2000.0,8000.0
2021-07-15,4.4,4.4,4.3,4.3,12000,SM,6.0,2000.0,8000.0
2021-07-16,4.1,4.1,4.1,4.1,6000,SM,3.0,2000.0,2000.0
2021-07-19,4.3,4.3,4.2,4.3,40000,SM,3.0,13333.33,40000.0
2021-07-20,4.55,4.55,4.55,4.55,4000,SM,2.0,2000.0,4000.0
2021-07-22,4.7,4.75,4.6,4.75,8000,SM,4.0,2000.0,8000.0
2021-07-23,5.0,5.0,5.0,5.0,4000,SM,2.0,2000.0,2000.0
2021-07-27,4.95,4.95,4.75,4.75,10000,SM,5.0,2000.0,6000.0
2021-07-30,4.9,5.0,4.9,5.0,8000,SM,4.0,2000.0,6000.0
2021-08-02,4.9,4.9,4.9,4.9,4000,SM,2.0,2000.0,4000.0
2021-08-03,4.7,4.7,4.7,4.7,2000,SM,1.0,2000.0,2000.0
2021-08-09,4.5,4.75,4.45,4.75,12000,SM,5.0,2400.0,8000.0
2021-08-10,4.6,4.7,4.6,4.6,12000,SM,3.0,4000.0,10000.0
2021-08-11,4.6,4.65,4.6,4.6,10000,SM,5.0,2000.0,10000.0
2021-08-12,4.7,4.7,4.7,4.7,4000,SM,2.0,2000.0,4000.0
2021-08-13,4.8,4.8,4.5,4.6,16000,SM,7.0,2285.71,12000.0
2021-08-17,4.6,4.6,4.6,4.6,6000,SM,2.0,3000.0,6000.0
2021-08-18,4.7,4.7,4.7,4.7,6000,SM,2.0,3000.0,6000.0
2021-08-20,4.5,4.65,4.5,4.6,12000,SM,6.0,2000.0,8000.0
2021-08-23,4.5,4.6,4.4,4.6,14000,SM,6.0,2333.33,8000.0
2021-08-24,4.6,4.6,4.6,4.6,4000,SM,2.0,2000.0,4000.0
2021-08-25,4.6,4.6,4.6,4.6,4000,SM,2.0,2000.0,4000.0
2021-08-26,4.8,4.85,4.8,4.8,22000,SM,11.0,2000.0,18000.0
2021-08-27,4.8,4.8,4.6,4.65,10000,SM,5.0,2000.0,8000.0
2021-08-30,4.85,4.85,4.85,4.85,6000,SM,3.0,2000.0,6000.0
2021-08-31,5.0,5.1,4.8,5.0,52000,SM,24.0,2166.67,32000.0
2021-09-01,5.2,5.25,4.95,4.95,8000,SM,4.0,2000.0,2000.0
2021-09-03,4.9,4.95,4.9,4.95,4000,SM,2.0,2000.0,2000.0
2021-09-06,4.9,4.9,4.9,4.9,6000,SM,3.0,2000.0,4000.0
2021-09-07,4.7,4.7,4.7,4.7,2000,SM,1.0,2000.0,2000.0
2021-09-09,4.8,4.8,4.6,4.6,12000,SM,6.0,2000.0,10000.0
2021-09-13,4.5,4.5,4.4,4.4,8000,SM,4.0,2000.0,6000.0
2021-09-14,4.5,4.55,4.5,4.55,12000,SM,4.0,3000.0,10000.0
2021-09-15,4.5,4.5,4.5,4.5,4000,SM,2.0,2000.0,4000.0
2021-09-20,4.6,4.6,4.6,4.6,4000,SM,2.0,2000.0,4000.0
2021-09-24,4.55,4.85,4.55,4.55,22000,SM,11.0,2000.0,12000.0
2021-09-28,4.5,4.5,4.4,4.4,6000,SM,3.0,2000.0,4000.0
2021-09-29,4.4,4.4,4.25,4.25,4000,SM,2.0,2000.0,4000.0
2021-10-01,4.35,4.45,4.35,4.45,6000,SM,3.0,2000.0,6000.0
2021-10-04,4.7,4.7,4.7,4.7,8000,SM,4.0,2000.0,6000.0
2021-10-05,4.9,4.9,4.65,4.75,8000,SM,4.0,2000.0,4000.0
2021-10-07,4.7,4.7,4.5,4.55,6000,SM,3.0,2000.0,4000.0
2021-10-08,4.75,4.75,4.75,4.75,10000,SM,5.0,2000.0,6000.0
2021-10-11,4.95,5.0,4.95,5.0,18000,SM,8.0,2250.0,8000.0
2021-10-12,5.25,5.25,5.2,5.25,24000,SM,12.0,2000.0,18000.0
2021-10-13,5.5,5.5,5.2,5.2,28000,SM,14.0,2000.0,18000.0
2021-10-14,5.2,5.45,5.2,5.2,20000,SM,10.0,2000.0,12000.0
2021-10-18,5.45,5.45,5.2,5.45,30000,SM,15.0,2000.0,16000.0
2021-10-19,5.55,5.55,5.2,5.4,18000,SM,8.0,2250.0,14000.0
2021-10-20,5.25,5.3,5.15,5.15,12000,SM,6.0,2000.0,12000.0
2021-10-21,5.2,5.2,4.9,4.9,18000,SM,8.0,2250.0,16000.0
2021-10-22,5.1,5.1,5.1,5.1,6000,SM,3.0,2000.0,6000.0
2021-10-26,5.0,5.0,5.0,5.0,4000,SM,2.0,2000.0,4000.0
2021-10-27,5.0,5.0,5.0,5.0,2000,SM,1.0,2000.0,2000.0
2021-11-02,4.8,4.8,4.8,4.8,4000,SM,2.0,2000.0,4000.0
2021-11-08,5.0,5.05,4.8,4.95,38000,SM,15.0,2533.33,32000.0
2021-11-09,4.95,4.95,4.95,4.95,4000,SM,2.0,2000.0,4000.0
2021-11-10,4.95,5.2,4.95,5.1,6000,SM,3.0,2000.0,6000.0
2021-11-11,5.35,5.35,5.3,5.35,12000,SM,6.0,2000.0,10000.0
2021-11-12,5.4,5.4,5.15,5.15,10000,SM,5.0,2000.0,6000.0
2021-11-15,5.1,5.1,5.1,5.1,2000,SM,1.0,2000.0,2000.0
2021-11-16,5.0,5.1,5.0,5.0,6000,SM,3.0,2000.0,4000.0
2021-11-18,4.9,4.9,4.9,4.9,4000,SM,2.0,2000.0,2000.0
2021-11-22,5.1,5.15,5.1,5.15,44000,SM,16.0,2750.0,40000.0
2021-11-23,5.4,5.4,5.4,5.4,18000,SM,9.0,2000.0,16000.0
2021-11-24,5.65,5.65,5.65,5.65,16000,SM,8.0,2000.0,10000.0
2021-11-25,5.95,5.95,5.95,5.95,8000,SM,4.0,2000.0,8000.0
2021-11-26,6.25,6.25,5.9,6.25,66000,SM,24.0,2750.0,60000.0
2021-11-29,6.25,6.5,5.95,5.95,58000,SM,21.0,2761.9,38000.0
2021-11-30,5.65,5.95,5.65,5.65,50000,SM,17.0,2941.18,30000.0
2021-12-01,5.5,5.6,5.35,5.6,16000,SM,6.0,2666.67,16000.0
2021-12-02,5.4,5.45,5.3,5.35,12000,SM,6.0,2000.0,10000.0
2021-12-03,5.5,5.6,5.5,5.6,6000,SM,3.0,2000.0,6000.0
2021-12-06,5.7,5.8,5.6,5.8,8000,SM,4.0,2000.0,4000.0
2021-12-07,5.65,6.0,5.65,6.0,18000,SM,9.0,2000.0,12000.0
2021-12-08,6.0,6.2,6.0,6.15,14000,SM,7.0,2000.0,8000.0
2021-12-09,5.95,6.2,5.9,6.0,14000,SM,7.0,2000.0,8000.0
2021-12-10,6.05,6.05,5.8,5.8,8000,SM,4.0,2000.0,6000.0
2021-12-13,5.8,5.9,5.8,5.8,10000,SM,5.0,2000.0,8000.0
2021-12-14,5.8,5.8,5.8,5.8,18000,SM,8.0,2250.0,16000.0
2021-12-16,5.8,5.8,5.7,5.7,16000,SM,4.0,4000.0,16000.0
2021-12-17,5.8,6.0,5.8,5.95,24000,SM,9.0,2666.67,24000.0
2021-12-20,5.8,6.25,5.8,6.25,46000,SM,19.0,2421.05,34000.0
2021-12-21,6.55,6.55,6.45,6.55,32000,SM,13.0,2461.54,24000.0
2021-12-22,6.9,6.9,6.8,6.9,64000,SM,32.0,2000.0,48000.0
2021-12-23,6.8,7.2,6.8,7.1,160000,SM,67.0,2388.06,114000.0
2021-12-24,7.45,7.45,7.2,7.45,78000,SM,36.0,2166.67,48000.0
2021-12-27,7.8,7.8,7.8,7.8,38000,SM,15.0,2533.33,32000.0
2021-12-28,8.2,8.2,7.95,8.2,70000,SM,31.0,2258.06,46000.0
2021-12-29,8.6,8.6,8.6,8.6,30000,SM,14.0,2142.86,26000.0
2021-12-30,9.05,9.05,8.2,8.4,54000,SM,25.0,2160.0,42000.0
2021-12-31,8.5,8.5,8.0,8.0,26000,SM,13.0,2000.0,20000.0
2022-01-03,7.8,8.0,7.6,7.85,68000,SM,28.0,2428.57,48000.0
2022-01-04,7.8,7.95,7.45,7.6,38000,SM,17.0,2235.29,28000.0
2022-01-05,7.7,8.0,7.7,8.0,14000,SM,7.0,2000.0,8000.0
2022-01-06,8.3,8.4,8.3,8.4,34000,SM,16.0,2125.0,22000.0
2022-01-07,8.8,8.8,8.7,8.8,30000,SM,15.0,2000.0,20000.0
2022-01-10,9.2,9.2,9.2,9.2,20000,SM,10.0,2000.0,18000.0
2022-01-11,9.25,9.6,9.05,9.05,36000,SM,17.0,2117.65,24000.0
2022-01-12,9.4,9.4,8.6,8.65,18000,SM,9.0,2000.0,16000.0
2022-01-13,8.7,9.1,8.7,9.1,20000,SM,10.0,2000.0,18000.0
2022-01-14,9.4,9.5,9.1,9.4,26000,SM,11.0,2363.64,18000.0
2022-01-17,9.8,9.85,9.4,9.85,22000,SM,11.0,2000.0,12000.0
2022-01-18,10.3,10.3,9.9,10.1,32000,SM,16.0,2000.0,24000.0
2022-01-19,10.0,10.55,9.6,9.7,48000,SM,23.0,2086.96,28000.0
2022-01-20,10.0,10.0,10.0,10.0,2000,SM,1.0,2000.0,2000.0
2022-01-21,10.4,10.5,10.4,10.5,22000,SM,11.0,2000.0,14000.0
2022-01-24,11.0,11.0,10.0,10.5,56000,SM,26.0,2153.85,46000.0
2022-01-25,10.2,10.9,10.2,10.9,8000,SM,4.0,2000.0,8000.0
2022-01-27,11.1,11.45,11.1,11.45,34000,SM,17.0,2000.0,28000.0
2022-01-28,12.0,12.0,12.0,12.0,2000,SM,1.0,2000.0,2000.0
2022-01-31,12.6,12.6,12.6,12.6,16000,SM,8.0,2000.0,12000.0
2022-02-01,13.25,13.25,13.25,13.25,8000,SM,4.0,2000.0,6000.0
2022-02-02,13.9,13.9,12.6,12.6,32000,SM,14.0,2285.71,30000.0
2022-02-03,11.95,11.95,11.95,11.95,6000,SM,2.0,3000.0,6000.0
2022-02-04,11.35,12.55,11.35,12.55,64000,SM,26.0,2461.54,38000.0
2022-02-07,13.2,13.2,13.2,13.2,20000,SM,10.0,2000.0,18000.0
2022-02-08,13.3,13.3,13.0,13.0,4000,SM,2.0,2000.0,2000.0
2022-02-09,12.8,12.8,12.8,12.8,2000,SM,1.0,2000.0,2000.0
2022-02-10,12.6,12.6,12.6,12.6,2000,SM,1.0,2000.0,2000.0
2022-02-11,12.2,12.2,12.0,12.0,6000,SM,3.0,2000.0,6000.0
2022-02-14,11.5,12.0,11.5,12.0,12000,SM,6.0,2000.0,8000.0
2022-02-15,11.7,11.95,11.7,11.95,4000,SM,2.0,2000.0,4000.0
2022-02-16,11.7,11.7,11.7,11.7,2000,SM,1.0,2000.0,2000.0
2022-02-17,11.4,11.4,11.4,11.4,4000,SM,2.0,2000.0,4000.0
2022-02-18,11.7,11.95,11.7,11.95,6000,SM,3.0,2000.0,4000.0
2022-02-21,11.7,12.2,11.4,12.05,22000,SM,10.0,2200.0,14000.0
2022-02-22,11.45,12.1,11.45,12.1,18000,SM,9.0,2000.0,12000.0
2022-02-23,11.8,11.8,11.8,11.8,8000,SM,4.0,2000.0,4000.0
2022-02-24,11.25,11.25,11.25,11.25,6000,SM,3.0,2000.0,4000.0
2022-02-25,11.5,11.5,10.8,10.8,14000,SM,7.0,2000.0,10000.0
2022-02-28,11.0,11.35,11.0,11.35,4000,SM,2.0,2000.0,4000.0
2022-03-02,11.4,11.4,11.4,11.4,2000,SM,1.0,2000.0,2000.0
2022-03-04,11.5,11.7,11.5,11.5,6000,SM,3.0,2000.0,4000.0
2022-03-07,11.2,11.4,11.2,11.2,10000,SM,,,
2022-03-10,11.6,11.6,11.6,11.6,2000,SM,1.0,2000.0,2000.0
2022-03-11,11.3,11.3,11.1,11.1,6000,SM,3.0,2000.0,4000.0
2022-03-14,11.1,11.1,11.1,11.1,4000,SM,2.0,2000.0,4000.0
2022-03-21,11.0,11.0,11.0,11.0,2000,SM,1.0,2000.0,2000.0
2022-03-22,10.95,11.1,10.95,11.1,4000,SM,2.0,2000.0,4000.0
2022-03-23,11.3,11.65,11.3,11.65,12000,SM,6.0,2000.0,8000.0
2022-03-24,11.65,11.65,11.65,11.65,2000,SM,1.0,2000.0,2000.0
2022-03-25,11.4,11.4,11.4,11.4,2000,SM,1.0,2000.0,2000.0
2022-03-28,11.2,11.7,11.2,11.6,6000,SM,3.0,2000.0,4000.0
2022-03-30,11.8,12.0,11.8,12.0,6000,SM,3.0,2000.0,6000.0
2022-04-01,12.3,12.6,12.3,12.45,4000,SM,2.0,2000.0,4000.0
2022-04-04,12.3,12.9,12.3,12.7,8000,SM,4.0,2000.0,8000.0
2022-04-05,12.7,12.7,12.7,12.7,4000,SM,2.0,2000.0,4000.0
2022-04-06,12.8,12.8,12.55,12.55,4000,SM,2.0,2000.0,4000.0
2022-04-07,12.5,12.5,12.4,12.4,8000,SM,4.0,2000.0,6000.0
2022-04-11,13.0,13.0,13.0,13.0,18000,SM,9.0,2000.0,18000.0
2022-04-12,13.65,13.65,13.65,13.65,47708,EQ,56.0,851.93,46700.0
2022-04-13,14.35,14.35,14.35,14.35,5450,EQ,13.0,419.23,5450.0
2022-04-18,15.05,15.05,15.05,15.05,7351,EQ,29.0,253.48,7350.0
2022-04-19,15.8,15.8,15.4,15.8,34420,EQ,339.0,101.53,28595.0
2022-04-20,16.1,16.6,15.0,16.2,35282,EQ,531.0,66.44,25683.0
2022-04-21,16.9,16.9,15.4,16.1,13783,EQ,349.0,39.49,8693.0
2022-04-22,16.1,16.8,15.5,15.8,10084,EQ,269.0,37.49,6613.0
2022-04-25,16.4,16.4,15.0,15.2,10525,EQ,202.0,52.1,6987.0
2022-04-26,15.2,15.2,14.45,14.45,9812,EQ,183.0,53.62,7479.0
2022-04-27,14.9,14.9,13.75,14.05,6519,EQ,108.0,60.36,4968.0
2022-04-28,14.7,14.75,13.8,14.5,4352,EQ,88.0,49.45,3088.0
2022-04-29,15.2,15.2,13.8,15.1,8000,EQ,111.0,72.07,5877.0
2022-05-02,15.85,15.85,14.5,15.15,3509,EQ,100.0,35.09,2543.0
2022-05-04,15.6,15.85,14.5,15.75,10117,EQ,122.0,82.93,8605.0
2022-05-05,16.0,16.5,15.6,15.7,5714,EQ,90.0,63.49,4389.0
2022-05-06,15.7,15.95,14.95,15.0,4579,EQ,90.0,50.88,3316.0
2022-05-09,14.85,14.85,14.25,14.45,5371,EQ,69.0,77.84,4437.0
2022-05-10,15.15,15.15,14.15,14.7,1515,EQ,44.0,34.43,1070.0
2022-05-12,13.25,13.25,13.25,13.25,3115,EQ,32.0,97.34,3090.0
2022-05-13,13.0,13.75,12.6,12.65,3586,EQ,73.0,49.12,2904.0
2022-05-16,13.05,13.3,12.05,12.6,3938,EQ,83.0,47.45,3059.0
2022-05-17,12.95,13.2,12.0,13.2,2682,EQ,70.0,38.31,1520.0
2022-05-18,12.8,13.85,12.55,13.1,3940,EQ,121.0,32.56,1697.0
2022-05-19,13.15,13.3,12.5,13.1,3146,EQ,53.0,59.36,2334.0
2022-05-20,13.1,13.55,12.55,13.05,1950,EQ,76.0,25.66,1576.0
2022-05-23,13.6,13.6,12.6,13.35,337,EQ,17.0,19.82,226.0
2022-05-24,13.7,13.7,12.7,12.85,875,EQ,28.0,31.25,823.0
2022-05-25,12.45,12.5,12.2,12.2,3523,EQ,43.0,81.93,3292.0
2022-05-26,11.8,11.8,11.6,11.6,4926,EQ,44.0,111.95,4596.0
2022-05-27,11.5,12.1,11.0,11.65,11755,EQ,74.0,158.85,9782.0
2022-05-30,11.2,12.2,11.2,12.2,793,EQ,27.0,29.37,684.0
2022-05-31,12.2,12.75,11.75,11.8,828,EQ,54.0,15.33,364.0
2022-06-01,12.2,12.2,11.3,11.95,1651,EQ,63.0,26.21,1348.0
2022-06-02,11.5,12.15,11.5,12.05,533,EQ,10.0,53.3,435.0
2022-06-03,11.5,12.0,11.45,11.45,2875,EQ,66.0,43.56,2432.0
2022-06-06,11.1,11.95,11.05,11.75,1702,EQ,64.0,26.59,1284.0
2022-06-07,12.8,12.8,11.3,11.95,3988,EQ,174.0,22.92,2469.0
2022-06-08,13.0,13.0,11.5,11.8,2453,EQ,100.0,24.53,1035.0
2022-06-09,13.0,13.0,11.5,11.95,12216,EQ,695.0,17.58,4478.0
2022-06-10,11.95,12.2,11.7,12.05,594,EQ,71.0,8.37,182.0
2022-06-13,11.55,11.55,10.85,11.15,1390,EQ,70.0,19.86,968.0
2022-06-14,11.1,11.15,10.3,10.4,7194,EQ,293.0,24.55,5574.0
2022-06-15,10.75,11.4,9.45,10.95,8184,EQ,199.0,41.13,3519.0
2022-06-16,12.05,12.05,10.2,10.5,6917,EQ,323.0,21.41,3806.0
2022-06-17,11.45,11.45,9.65,9.85,6679,EQ,153.0,43.65,4967.0
2022-06-20,9.9,10.4,9.7,9.85,2218,EQ,66.0,33.61,1874.0
2022-06-21,9.7,10.2,9.7,10.2,2219,EQ,26.0,85.35,2064.0
2022-06-22,11.1,11.1,9.9,10.9,3988,EQ,111.0,35.93,2961.0
2022-06-23,10.9,11.2,9.9,10.25,2120,EQ,68.0,31.18,1842.0
2022-06-24,10.2,10.8,9.85,10.8,907,EQ,37.0,24.51,787.0
2022-06-27,10.55,11.2,10.55,10.75,3301,EQ,95.0,34.75,1739.0
2022-06-28,10.25,11.8,10.25,11.8,24745,EQ,865.0,28.61,16227.0
2022-06-29,12.4,13.0,11.8,12.9,42339,EQ,1346.0,31.46,21229.0
2022-06-30,13.1,13.85,12.05,12.8,17378,EQ,647.0,26.86,10244.0
2022-07-01,13.65,13.9,12.2,13.65,11367,EQ,285.0,39.88,7283.0
2022-07-04,13.8,14.3,13.8,14.3,26503,EQ,287.0,92.34,17619.0
2022-07-05,15.05,15.05,14.7,15.05,56808,EQ,406.0,139.92,32583.0
2022-07-06,15.8,15.8,14.3,14.3,8413,EQ,158.0,53.25,5571.0
2022-07-07,13.65,14.7,13.55,14.0,9976,EQ,224.0,44.54,7430.0
2022-07-08,14.55,14.6,13.4,13.65,3259,EQ,115.0,28.34,1906.0
2022-07-11,13.7,14.2,13.15,13.85,2561,EQ,85.0,30.13,1972.0
2022-07-12,14.35,14.35,13.15,13.15,8532,EQ,195.0,43.75,6139.0
2022-07-13,13.15,13.7,12.7,13.55,3361,EQ,139.0,24.18,1624.0
2022-07-14,14.1,14.1,12.9,13.0,5661,EQ,150.0,37.74,4225.0
2022-07-15,13.1,13.2,12.5,13.2,3926,EQ,144.0,27.26,2998.0
2022-07-18,13.65,13.8,12.6,12.75,4837,EQ,175.0,27.64,2870.0
2022-07-19,13.2,13.4,12.8,13.4,8086,EQ,150.0,53.91,6481.0
2022-07-20,14.05,14.05,14.0,14.05,5771,EQ,78.0,73.99,5582.0
2022-07-21,14.5,14.75,14.4,14.75,12026,EQ,159.0,75.64,10440.0
2022-07-22,15.05,15.5,14.05,14.25,7346,EQ,208.0,35.32,4726.0
2022-07-25,14.7,14.95,13.5,14.95,14670,EQ,265.0,55.36,9901.0
2022-07-26,15.7,15.7,15.15,15.65,22541,EQ,341.0,66.1,14631.0
2022-07-27,16.2,16.45,16.2,16.45,34972,EQ,223.0,156.83,29253.0
2022-07-28,17.25,17.25,17.0,17.25,20456,EQ,203.0,100.77,15513.0
2022-07-29,17.5,18.15,16.55,17.25,75310,EQ,604.0,124.69,54766.0
2022-08-01,17.25,17.5,16.4,16.4,24566,EQ,429.0,57.26,19905.0
2022-08-02,15.6,16.45,15.55,15.85,39193,EQ,529.0,74.09,28088.0
2022-08-03,15.95,15.95,15.05,15.1,26670,EQ,263.0,101.41,23426.0
2022-08-04,14.55,15.45,14.5,15.2,8779,EQ,187.0,46.95,5476.0
2022-08-05,15.2,15.9,14.7,15.3,16665,EQ,189.0,88.17,12755.0
2022-08-08,15.8,15.8,13.75,14.25,23668,EQ,,,
2022-08-10,15.0,15.0,13.0,13.9,29875,EQ,441.0,67.74,21038.0
2022-08-11,13.95,15.3,13.9,15.1,17825,EQ,360.0,49.51,12011.0
2022-08-12,16.2,16.65,15.25,16.65,33550,EQ,539.0,62.24,22519.0
2022-08-16,17.9,18.15,17.0,17.5,28411,EQ,530.0,53.61,20084.0
2022-08-17,17.9,19.25,17.8,19.25,86275,EQ,1027.0,84.01,55144.0
2022-08-18,19.6,19.95,18.6,18.9,41391,EQ,898.0,46.09,23066.0
2022-08-19,18.9,19.85,18.55,19.8,18693,EQ,395.0,47.32,11497.0
2022-08-22,19.8,20.7,19.7,20.45,14919,EQ,453.0,32.93,8498.0
2022-08-23,20.45,20.75,20.0,20.4,13574,EQ,516.0,26.31,8655.0
2022-08-24,20.6,21.35,20.05,20.9,13954,EQ,312.0,44.72,8965.0
2022-08-25,20.5,21.9,20.45,21.8,24926,BE,192.0,129.82,24926.0
2022-08-26,22.45,22.45,20.75,20.75,20486,BE,237.0,86.44,20486.0
2022-08-29,20.5,21.15,19.7,19.7,14954,BE,161.0,92.88,14954.0
2022-08-30,19.7,20.5,18.7,19.15,10262,BE,156.0,65.78,10262.0
2022-09-01,19.9,20.1,19.65,20.1,9318,BE,90.0,103.53,9318.0
2022-09-02,21.1,21.1,19.5,20.25,13991,BE,165.0,84.79,13991.0
2022-09-05,21.15,21.15,19.3,19.8,7402,BE,136.0,54.43,7402.0
2022-09-06,20.0,20.0,18.8,18.8,15057,BE,165.0,91.25,15057.0
2022-09-07,18.8,19.2,17.9,18.5,5568,BE,161.0,34.58,5568.0
2022-09-08,18.5,19.4,18.2,19.2,5257,BE,110.0,47.79,5257.0
2022-09-09,20.0,20.0,19.2,19.75,7358,BE,97.0,75.86,7358.0
2022-09-12,20.05,20.65,19.0,20.5,5430,BE,110.0,49.36,5430.0
2022-09-13,20.5,21.5,20.5,21.2,2989,BE,88.0,33.97,2989.0
2022-09-14,20.5,22.0,20.1,21.05,5467,BE,137.0,39.91,5467.0
2022-09-15,21.05,21.6,20.1,20.55,1133,BE,69.0,16.42,1133.0
2022-09-16,20.4,21.0,19.55,19.55,4074,BE,124.0,32.85,4074.0
2022-09-19,20.15,20.15,18.85,19.75,2111,BE,50.0,42.22,2111.0
2022-09-20,19.4,20.55,19.4,20.0,7156,BE,78.0,91.74,7156.0
2022-09-21,20.9,20.9,19.15,20.2,2753,BE,32.0,86.03,2753.0
2022-09-22,20.2,20.6,19.5,19.95,3102,BE,55.0,56.4,3102.0
2022-09-23,19.75,20.5,19.1,19.25,7499,BE,76.0,98.67,7499.0
2022-09-26,19.85,19.85,18.3,18.3,8474,BE,98.0,86.47,8474.0
2022-09-27,18.3,18.85,17.4,18.25,2173,BE,68.0,31.96,2173.0
2022-09-28,18.25,18.8,18.0,18.8,1781,BE,29.0,61.41,1781.0
2022-09-29,19.2,19.2,17.85,17.9,2027,BE,36.0,56.31,2027.0
2022-09-30,18.3,18.8,17.9,18.7,626,BE,34.0,18.41,626.0
2022-10-03,19.4,19.6,18.0,19.5,5870,BE,80.0,73.38,5870.0
2022-10-04,19.2,19.9,18.65,19.8,4830,BE,71.0,68.03,4830.0
2022-10-06,19.9,19.9,18.8,18.8,4908,BE,97.0,50.6,4908.0
2022-10-07,17.95,19.7,17.85,18.1,10943,BE,109.0,100.39,10943.0
2022-10-10,18.1,18.9,17.5,18.3,3110,BE,68.0,45.74,3110.0
2022-10-11,18.4,18.4,17.55,17.85,3370,BE,35.0,96.29,3370.0
2022-10-12,17.6,18.35,16.95,18.15,6326,BE,94.0,67.3,6326.0
2022-10-13,18.05,18.05,17.35,17.7,990,BE,22.0,45.0,990.0
2022-10-14,17.05,17.9,17.05,17.35,2482,BE,41.0,60.54,2482.0
2022-10-17,16.6,17.5,16.5,16.65,5655,BE,112.0,50.49,5655.0
2022-10-18,16.05,16.95,16.05,16.5,3816,BE,79.0,48.3,3816.0
2022-10-19,16.2,17.3,16.2,17.3,3967,BE,52.0,76.29,3967.0
2022-10-20,17.9,18.2,16.85,17.8,1922,BE,62.0,31.0,1922.0
2022-10-21,18.6,18.6,17.95,18.5,725,BE,25.0,29.0,725.0
2022-10-24,19.4,19.4,17.75,18.65,1722,BE,48.0,35.88,1722.0
2022-10-25,17.85,19.5,17.85,18.4,1013,BE,39.0,25.97,1013.0
2022-10-27,18.4,18.9,17.5,18.35,2042,BE,39.0,52.36,2042.0
2022-10-28,18.45,18.45,17.55,17.8,6930,BE,28.0,247.5,6930.0
2022-10-31,17.0,18.5,17.0,18.15,4416,BE,50.0,88.32,4416.0
2022-11-01,18.4,18.4,17.35,17.6,2899,BE,42.0,69.02,2899.0
2022-11-02,17.9,17.9,17.1,17.65,1711,BE,44.0,38.89,1711.0
2022-11-03,18.55,18.55,18.0,18.55,12871,BE,123.0,104.64,12871.0
2022-11-04,19.4,19.45,18.5,19.45,14017,BE,146.0,96.01,14017.0
2022-11-07,20.4,20.4,20.4,20.4,3560,BE,47.0,75.74,3560.0
2022-11-09,21.45,21.45,19.4,21.15,31421,BE,361.0,87.04,31421.0
2022-11-10,20.7,21.6,20.1,21.3,8187,BE,102.0,80.26,8187.0
2022-11-11,22.35,22.35,20.35,20.8,6848,BE,107.0,64.0,6848.0
2022-11-14,21.0,21.35,19.8,19.8,8453,BE,91.0,92.89,8453.0
2022-11-15,19.7,19.7,18.8,18.8,9930,BE,91.0,109.12,9930.0
2022-11-16,18.8,18.8,17.85,17.85,13713,BE,196.0,69.96,13713.0
2022-11-17,17.0,18.65,17.0,18.2,7638,BE,97.0,78.74,7638.0
2022-11-18,18.2,18.95,17.7,18.75,3090,BE,63.0,49.05,3090.0
2022-11-21,18.7,19.3,18.05,18.65,2429,BE,51.0,47.63,2429.0
2022-11-22,18.95,19.25,17.7,18.45,2079,BE,44.0,47.25,2079.0
2022-11-23,17.9,18.45,17.65,17.8,6144,BE,97.0,63.34,6144.0
2022-11-24,17.8,18.1,16.9,17.75,13158,BE,1461.0,9.01,13158.0
2022-11-25,17.75,17.75,17.4,17.55,2625,BE,53.0,49.53,2625.0
2022-11-28,17.0,18.0,16.7,17.1,7343,BE,119.0,61.71,7343.0
2022-11-29,17.1,17.3,17.1,17.3,3200,BE,63.0,50.79,3200.0
2022-11-30,17.8,18.15,17.35,18.15,2194,BE,66.0,33.24,2194.0
2022-12-01,18.7,18.7,18.15,18.15,1733,BE,42.0,41.26,1733.0
2022-12-02,17.5,19.05,17.5,19.05,7881,BE,69.0,114.22,7881.0
2022-12-05,19.95,20.0,18.1,19.2,5337,BE,82.0,65.09,5337.0
2022-12-06,18.8,19.4,18.25,18.4,3394,EQ,121.0,28.05,2037.0
2022-12-07,17.85,18.4,17.65,17.95,6321,EQ,177.0,35.71,3443.0
2022-12-08,18.3,18.8,18.0,18.8,4099,EQ,133.0,30.82,3208.0
2022-12-09,19.6,19.75,18.9,19.75,8619,EQ,127.0,67.87,8042.0
2022-12-12,20.55,20.75,20.1,20.75,11333,EQ,170.0,66.66,9834.0
2022-12-13,21.8,21.8,21.8,21.8,8626,EQ,97.0,88.93,7956.0
2022-12-14,22.55,22.85,20.7,20.7,20804,EQ,624.0,33.34,13385.0
2022-12-15,20.8,20.8,19.7,19.95,5819,EQ,217.0,26.82,3987.0
2022-12-16,19.95,20.7,18.95,19.35,14069,EQ,449.0,31.33,5681.0
2022-12-19,19.0,20.3,18.85,20.1,3194,EQ,163.0,19.6,1830.0
2022-12-20,21.0,21.0,19.35,19.6,3966,EQ,129.0,30.74,2595.0
2022-12-21,19.6,19.6,18.6,18.6,9548,EQ,217.0,44.0,6125.0
2022-12-22,18.2,19.55,17.7,19.35,12345,EQ,331.0,37.3,8330.0
2022-12-23,19.6,20.3,18.4,18.55,15129,EQ,472.0,32.05,9178.0
2022-12-26,17.9,19.05,17.9,19.0,4275,EQ,275.0,15.55,2667.0
2022-12-27,19.9,19.9,19.0,19.25,5698,EQ,235.0,24.25,3402.0
2022-12-28,19.5,19.5,18.4,18.45,4197,EQ,317.0,13.24,2627.0
2022-12-29,18.8,19.1,18.65,18.8,1840,EQ,135.0,13.63,1328.0
2022-12-30,19.35,19.75,18.8,19.1,3898,EQ,176.0,22.15,2803.0
2023-01-02,20.0,20.0,18.5,18.65,7200,EQ,321.0,22.43,5026.0
2023-01-03,18.3,19.25,17.7,17.95,27480,EQ,660.0,41.64,15554.0
2023-01-04,18.45,18.8,18.0,18.45,4714,EQ,166.0,28.4,3954.0
2023-01-05,19.0,19.05,17.85,17.9,4638,EQ,148.0,31.34,3397.0
2023-01-06,18.4,18.7,17.85,18.45,3252,EQ,124.0,26.23,2418.0
2023-01-09,19.0,19.0,17.6,18.05,11902,EQ,247.0,48.19,8595.0
2023-01-10,18.55,18.55,17.75,17.9,8393,EQ,275.0,30.52,5462.0
2023-01-11,17.8,18.45,17.35,17.85,4566,EQ,183.0,24.95,2706.0
2023-01-12,18.3,18.3,17.15,17.65,3351,EQ,106.0,31.61,1736.0
2023-01-13,18.15,18.15,17.1,17.5,2869,EQ,118.0,24.31,2067.0
2023-01-16,17.6,18.0,16.85,17.15,4192,EQ,102.0,41.1,3138.0
2023-01-17,17.6,18.0,17.5,17.8,3306,EQ,116.0,28.5,2390.0
2023-01-18,18.6,18.6,17.2,17.55,6830,EQ,219.0,31.19,3781.0
2023-01-19,17.6,18.1,17.1,17.2,5578,EQ,327.0,17.06,3518.0
2023-01-20,16.8,18.05,16.8,17.95,3885,EQ,97.0,40.05,3042.0
2023-01-23,18.1,18.25,17.15,17.25,7784,EQ,314.0,24.79,5155.0
2023-01-24,17.0,18.0,17.0,17.7,2753,EQ,68.0,40.49,2443.0
2023-01-25,18.1,18.1,17.65,17.9,1881,EQ,109.0,17.26,1375.0
2023-01-27,17.9,18.1,17.2,17.55,2557,EQ,117.0,21.85,1862.0
2023-01-30,17.15,18.0,17.0,17.3,2613,EQ,93.0,28.1,2278.0
2023-01-31,17.9,17.9,17.2,17.35,915,EQ,79.0,11.58,415.0
2023-02-01,16.85,17.8,16.8,17.1,5809,EQ,188.0,30.9,3850.0
2023-02-02,17.1,17.95,17.0,17.4,7926,EQ,307.0,25.82,1960.0
2023-02-03,17.05,17.9,16.65,17.0,5909,EQ,304.0,19.44,3384.0
2023-02-06,17.8,17.8,16.8,17.3,6417,EQ,276.0,23.25,4184.0
2023-02-07,17.6,18.1,17.2,17.9,3518,EQ,146.0,24.1,2250.0
2023-02-08,17.9,17.9,16.5,16.9,7494,EQ,196.0,38.23,6251.0
2023-02-09,16.8,17.3,16.4,17.1,6510,EQ,310.0,21.0,4435.0
2023-02-10,17.4,17.5,16.3,16.7,3993,EQ,358.0,11.15,2820.0
2023-02-13,16.6,17.3,16.0,16.3,4433,EQ,182.0,24.36,2781.0
2023-02-14,16.0,16.9,15.8,15.9,7093,EQ,325.0,21.82,5457.0
2023-02-15,16.0,17.0,15.8,16.7,2597,EQ,99.0,26.23,2012.0
2023-02-16,16.75,16.75,16.2,16.25,2038,EQ,97.0,21.01,1142.0
2023-02-17,15.1,16.35,15.1,16.3,2564,EQ,116.0,22.1,1622.0
2023-02-20,16.65,16.65,15.55,15.75,4252,EQ,109.0,39.01,3054.0
2023-02-21,16.0,16.0,15.35,15.65,1254,EQ,44.0,28.5,1109.0
2023-02-22,16.1,16.1,15.0,15.2,4054,EQ,141.0,28.75,2689.0
2023-02-23,15.8,16.4,13.7,13.85,13879,EQ,585.0,23.72,9360.0
2023-02-24,14.8,15.2,13.75,14.1,11628,EQ,476.0,24.43,7186.0
2023-02-27,14.3,14.3,13.8,13.95,1227,EQ,62.0,19.79,852.0
2023-02-28,14.4,14.4,13.6,13.95,1317,EQ,123.0,10.71,613.0
2023-03-01,14.4,15.2,13.9,14.75,6939,EQ,176.0,39.43,3306.0
2023-03-02,15.2,16.2,14.2,16.0,15167,EQ,1335.0,11.36,4690.0
2023-03-03,15.95,16.8,15.9,16.35,8588,EQ,493.0,17.42,6291.0
2023-03-06,17.1,17.1,15.25,15.7,18904,EQ,2457.0,7.69,4410.0
2023-03-08,14.9,16.1,14.9,15.9,2392,EQ,97.0,24.66,1631.0
2023-03-09,16.4,16.4,15.05,15.7,9105,EQ,841.0,10.83,1624.0
2023-03-10,14.9,15.75,14.9,15.2,7043,EQ,669.0,10.53,2838.0
2023-03-13,15.7,16.5,14.7,14.8,9267,EQ,870.0,10.65,5471.0
2023-03-14,15.7,15.7,14.55,14.8,10266,EQ,788.0,13.03,7041.0
2023-03-15,15.5,16.3,15.0,16.3,18856,EQ,440.0,42.85,14625.0
2023-03-16,17.2,17.95,16.65,16.95,34552,EQ,1692.0,20.42,10223.0
2023-03-17,17.1,17.25,16.3,17.05,6732,EQ,624.0,10.79,3145.0
2023-03-20,17.7,17.7,16.1,17.1,12933,EQ,1735.0,7.45,4404.0
2023-03-21,16.5,17.3,16.5,16.8,2779,EQ,358.0,7.76,721.0
2023-03-22,16.8,17.15,16.0,16.55,3663,EQ,538.0,6.81,887.0
2023-03-23,16.2,16.95,15.8,16.55,3139,EQ,239.0,13.13,1610.0
2023-03-24,17.0,17.0,15.9,16.8,4168,EQ,933.0,4.47,881.0
2023-03-27,17.0,17.0,16.1,16.5,2139,EQ,313.0,6.83,1192.0
2023-03-28,16.8,17.3,16.5,17.0,11719,EQ,553.0,21.19,9210.0
2023-03-29,17.1,17.1,16.3,16.6,2977,EQ,142.0,20.96,2157.0
2023-03-31,16.1,18.25,16.1,17.7,15158,EQ,581.0,26.09,9802.0
2023-04-03,19.4,19.4,17.7,17.9,11833,EQ,693.0,17.08,5483.0
2023-04-05,16.6,17.9,16.6,17.4,8197,EQ,350.0,23.42,3631.0
2023-04-06,17.9,19.0,17.5,18.55,10743,EQ,363.0,29.6,6888.0
2023-04-10,19.0,19.9,18.2,18.4,30756,EQ,578.0,53.21,23790.0
2023-04-11,18.5,18.7,17.65,18.05,7731,EQ,315.0,24.54,5177.0
2023-04-12,18.05,19.4,18.0,18.5,5329,EQ,230.0,23.17,3309.0
2023-04-13,18.5,19.25,18.0,18.4,4289,EQ,281.0,15.26,2849.0
2023-04-17,19.6,19.6,17.4,18.05,5556,EQ,273.0,20.35,3623.0
2023-04-18,18.8,19.0,17.3,17.45,7046,EQ,422.0,16.7,4709.0
2023-04-19,18.0,18.2,17.6,17.9,2092,EQ,104.0,20.12,1023.0
2023-04-20,18.25,18.5,17.0,17.45,9981,EQ,682.0,14.63,3683.0
2023-04-21,17.8,17.8,17.1,17.45,2876,EQ,336.0,8.56,1267.0
2023-04-24,17.85,17.85,16.8,17.05,2964,EQ,122.0,24.3,1929.0
2023-04-25,17.45,17.7,16.9,17.6,2297,EQ,182.0,12.62,990.0
2023-04-26,17.9,18.0,16.9,17.1,6809,EQ,286.0,23.81,5275.0
2023-04-27,17.45,18.4,17.1,17.9,4813,EQ,198.0,24.31,3202.0
2023-04-28,17.6,18.2,17.0,17.15,9632,EQ,488.0,19.74,7585.0
2023-05-02,17.5,17.9,16.9,17.15,7237,EQ,342.0,21.16,4475.0
2023-05-03,17.2,18.0,16.75,16.85,13406,EQ,592.0,22.65,9056.0
2023-05-04,16.9,17.4,16.85,17.05,8517,EQ,811.0,10.5,4943.0
2023-05-05,17.2,17.45,16.9,17.1,11699,EQ,248.0,47.17,9245.0
2023-05-08,17.15,17.4,16.7,17.0,14871,EQ,518.0,28.71,12512.0
2023-05-09,17.1,17.25,16.9,17.0,19464,EQ,273.0,71.3,17908.0
2023-05-10,17.0,17.1,16.7,17.0,2385,EQ,175.0,13.63,1559.0
2023-05-11,16.8,17.2,16.8,17.05,2670,EQ,228.0,11.71,1948.0
2023-05-12,17.2,18.0,16.8,17.75,10209,EQ,516.0,19.78,7259.0
2023-05-15,18.0,18.85,17.7,17.85,10470,EQ,511.0,20.49,6245.0
2023-05-16,17.8,18.25,17.5,17.65,9199,EQ,406.0,22.66,7112.0
2023-05-17,17.8,17.85,17.25,17.4,10514,EQ,156.0,67.4,9640.0
2023-05-18,17.7,17.7,17.0,17.1,4566,EQ,403.0,11.33,2302.0
2023-05-19,17.4,17.5,16.7,16.75,13475,EQ,337.0,39.99,11693.0
2023-05-22,16.75,17.5,16.7,17.35,4357,EQ,235.0,18.54,3120.0
2023-05-23,17.7,18.15,17.25,17.6,8282,EQ,592.0,13.99,4404.0
2023-05-24,17.6,18.15,17.0,17.2,20808,EQ,1120.0,18.58,13127.0
2023-05-25,17.5,17.5,16.9,17.0,13759,EQ,618.0,22.26,11135.0
2023-05-26,17.4,20.2,17.0,17.55,41179,EQ,1015.0,40.57,21792.0
2023-05-29,18.4,18.4,16.7,16.85,30139,EQ,1299.0,23.2,18712.0
2023-05-30,17.45,17.45,16.05,16.35,21966,EQ,760.0,28.9,14638.0
2023-05-31,16.65,17.6,16.45,16.85,30521,EQ,1304.0,23.41,15089.0
2023-06-01,17.25,17.25,16.1,16.6,9177,EQ,394.0,23.29,6400.0
2023-06-02,16.65,16.75,16.45,16.6,7474,EQ,244.0,30.63,4805.0
2023-06-05,16.95,17.4,16.3,16.65,22001,EQ,981.0,22.43,11961.0
2023-06-06,17.0,17.05,16.55,16.75,19759,EQ,1150.0,17.18,6239.0
2023-06-07,17.2,17.5,16.75,17.0,50361,EQ,2027.0,24.85,35946.0
2023-06-08,17.5,18.1,16.75,16.8,108847,EQ,4386.0,24.82,76173.0
2023-06-09,17.15,17.2,16.2,16.8,56222,EQ,3107.0,18.1,26383.0
2023-06-12,17.4,17.4,16.3,16.4,34362,EQ,2049.0,16.77,15524.0
2023-06-13,16.75,16.9,16.45,16.7,64935,EQ,1924.0,33.75,41314.0
2023-06-14,17.15,17.7,16.6,16.75,64317,EQ,2778.0,23.15,29758.0
2023-06-15,16.9,17.05,16.55,16.7,41412,EQ,3040.0,13.62,21587.0
2023-06-16,16.8,17.0,16.6,16.8,27835,EQ,772.0,36.06,17256.0
2023-06-19,17.0,17.35,16.7,17.15,12174,EQ,482.0,25.26,8576.0
2023-06-20,17.75,17.75,16.7,16.8,22647,EQ,689.0,32.87,14608.0
2023-06-21,17.0,17.0,16.2,16.4,20675,EQ,630.0,32.82,14997.0
2023-06-22,16.8,16.9,16.25,16.4,13794,EQ,725.0,19.03,7648.0
2023-06-23,17.0,17.0,16.3,16.8,16527,EQ,439.0,37.65,8935.0
2023-06-26,17.0,17.0,16.4,16.55,13008,EQ,458.0,28.4,7487.0
2023-06-27,16.95,16.95,16.55,16.75,10485,EQ,177.0,59.24,7735.0
2023-06-28,17.0,17.0,16.5,16.6,21220,EQ,593.0,35.78,17176.0
2023-06-30,17.0,17.0,16.6,16.7,19650,EQ,629.0,31.24,15566.0
2023-07-03,16.7,19.55,16.5,16.9,141546,EQ,3198.0,44.26,67198.0
2023-07-04,17.05,17.45,16.65,16.8,146676,EQ,2587.0,56.7,101255.0
2023-07-05,16.8,17.75,16.8,17.05,160656,EQ,2619.0,61.34,120448.0
2023-07-06,17.3,17.45,17.0,17.1,95632,EQ,2445.0,39.11,75847.0
2023-07-07,17.2,17.4,16.8,16.85,78351,EQ,1499.0,52.27,58109.0
2023-07-10,17.25,17.3,16.6,16.85,39019,EQ,1142.0,34.17,22188.0
2023-07-11,17.0,17.4,16.8,16.95,164097,EQ,2950.0,55.63,121881.0
2023-07-12,17.2,17.55,16.8,16.9,111863,EQ,3590.0,31.16,63039.0
2023-07-13,17.2,17.2,16.4,16.65,175192,EQ,3745.0,46.78,107567.0
2023-07-14,16.9,17.05,16.6,16.8,41556,EQ,2153.0,19.3,28322.0
2023-07-17,17.1,18.9,16.8,17.85,258092,EQ,3745.0,68.92,140804.0
2023-07-18,18.8,19.8,17.25,17.55,1736522,EQ,21088.0,82.35,670710.0
2023-07-19,18.05,21.05,17.9,21.05,1340830,EQ,15996.0,83.82,484145.0
2023-07-20,23.0,25.3,22.6,25.3,1396877,EQ,12899.0,108.29,393210.0
2023-07-21,27.0,27.8,25.2,26.35,1880442,EQ,24511.0,76.72,313501.0
2023-07-24,25.7,26.3,23.7,24.6,309995,EQ,6915.0,44.83,145636.0
2023-07-25,24.5,26.95,23.25,26.1,304483,EQ,5626.0,54.12,123293.0
2023-07-26,27.05,27.4,25.5,27.4,103760,BE,962.0,107.86,103760.0
2023-07-27,28.0,28.7,26.4,27.1,86987,BE,1119.0,77.74,86987.0
2023-07-28,26.1,27.5,26.1,26.3,27453,BE,583.0,47.09,27453.0
2023-07-31,27.2,27.3,25.5,26.05,38732,BE,750.0,51.64,38732.0
2023-08-01,26.0,27.2,25.6,26.6,35479,BE,535.0,66.32,35479.0
2023-08-02,27.2,27.2,25.3,25.9,39147,BE,677.0,57.82,39147.0
2023-08-03,25.85,27.2,25.3,27.2,47062,BE,481.0,97.84,47062.0
2023-08-04,28.45,28.55,27.6,28.55,28495,BE,367.0,77.64,28495.0
2023-08-07,29.9,29.9,27.75,28.45,67833,BE,907.0,74.79,67833.0
2023-08-08,28.3,29.9,28.3,29.9,52256,BE,490.0,106.64,52256.0
2023-08-09,31.25,31.4,30.65,31.4,35111,BE,275.0,127.68,35111.0
2023-08-10,32.95,32.95,32.1,32.9,79716,BE,1079.0,73.88,79716.0
2023-08-11,32.25,32.25,32.25,32.25,1938,BE,,,
2023-08-14,31.6,31.6,31.6,31.6,2292,BE,,,
2023-08-16,32.25,32.25,32.25,32.25,46425,BE,,,
2023-08-17,32.9,32.9,32.9,32.9,6185,BE,,,
2023-08-18,33.55,33.55,33.55,33.55,13965,BE,,,
2023-08-21,34.2,34.2,34.2,34.2,11553,BE,,,
2023-08-22,34.9,34.9,34.9,34.9,8728,BE,,,
2023-08-23,35.6,35.6,35.6,35.6,5487,BE,,,
2023-08-24,36.3,36.3,36.3,36.3,3335,BE,,,
2023-08-25,37.05,37.05,35.6,35.6,32373,BE,358.0,90.43,32373.0
2023-08-28,36.3,36.3,36.3,36.3,13389,BE,203.0,65.96,13389.0
2023-08-29,37.0,37.0,37.0,37.0,9695,BE,122.0,79.47,9695.0
2023-08-30,37.75,37.75,37.75,37.75,6999,BE,85.0,82.34,6999.0
2023-08-31,38.5,38.5,38.5,38.5,4569,BE,54.0,84.61,4569.0
2023-09-01,39.3,39.3,39.3,39.3,7565,BE,46.0,164.46,7565.0
2023-09-04,40.05,40.05,40.05,40.05,6608,BE,68.0,97.18,6608.0
2023-09-05,40.85,40.85,40.85,40.85,4071,BE,54.0,75.39,4071.0
2023-09-06,41.7,41.7,40.05,40.05,21531,BE,317.0,67.92,21531.0
2023-09-07,39.25,39.25,39.25,39.25,14368,BE,202.0,71.13,14368.0
2023-09-08,38.45,38.45,38.45,38.45,6089,BE,151.0,40.32,6089.0
2023-09-11,37.7,37.7,37.7,37.7,4585,BE,120.0,38.21,4585.0
2023-09-12,36.95,36.95,36.95,36.95,4303,BE,63.0,68.3,4303.0
2023-09-13,36.2,36.2,36.2,36.2,14442,BE,82.0,176.12,14442.0
2023-09-14,35.5,35.5,35.5,35.5,9390,BE,103.0,91.17,9390.0
2023-09-15,34.8,36.2,34.8,36.2,58769,BE,388.0,151.47,58769.0
2023-09-18,36.9,36.9,36.9,36.9,11386,BE,85.0,133.95,11386.0
2023-09-20,36.9,36.95,36.9,36.9,21479,BE,176.0,122.04,21479.0
2023-09-21,36.15,36.15,36.15,36.15,27557,BE,128.0,215.29,27557.0
2023-09-22,35.45,35.45,35.45,35.45,13978,BE,112.0,124.8,13978.0
2023-09-25,35.0,36.9,33.65,33.8,24203,BE,640.0,37.82,24203.0
2023-09-26,34.4,35.5,32.1,34.65,38580,BE,812.0,47.51,38580.0
2023-09-27,34.5,36.4,34.5,36.4,12307,BE,293.0,42.0,12307.0
2023-09-28,38.0,38.2,37.5,38.2,22538,BE,369.0,61.08,22538.0
2023-09-29,39.5,40.1,38.2,40.1,14320,BE,270.0,53.04,14320.0
2023-10-03,41.8,42.1,40.4,42.1,23249,BE,507.0,45.86,23249.0
2023-10-04,44.2,44.2,41.9,44.2,43751,BE,794.0,55.1,43751.0
2023-10-05,45.1,45.1,45.0,45.0,14023,BE,241.0,58.19,14023.0
2023-10-06,45.9,45.9,45.9,45.9,8893,BE,111.0,80.12,8893.0
2023-10-09,45.9,46.8,45.9,46.8,17622,BE,191.0,92.26,17622.0
2023-10-10,47.75,47.75,47.3,47.3,9781,BE,160.0,61.13,9781.0
2023-10-11,48.2,48.2,48.0,48.0,8219,BE,156.0,52.69,8219.0
2023-10-12,48.9,48.95,48.9,48.9,11937,BE,213.0,56.04,11937.0
2023-10-13,49.9,49.9,49.5,49.5,14517,BE,161.0,90.17,14517.0
2023-10-16,48.7,48.7,48.5,48.5,6264,BE,187.0,33.5,6264.0
2023-10-17,47.55,47.55,47.55,47.55,1754,BE,81.0,21.65,1754.0
2023-10-18,46.6,46.6,46.6,46.6,27166,BE,179.0,151.77,27166.0
2023-10-19,46.0,46.0,45.65,45.65,18728,BE,196.0,95.55,18728.0
2023-10-20,46.0,46.55,46.0,46.55,11722,BE,115.0,101.93,11722.0
2023-10-23,47.5,47.5,47.4,47.4,16159,BE,146.0,110.68,16159.0
2023-10-25,48.2,48.2,46.45,46.45,10340,BE,190.0,54.42,10340.0
2023-10-26,45.5,45.5,45.5,45.5,4870,BE,108.0,45.09,4870.0
2023-10-27,46.45,46.45,46.45,46.45,4885,BE,77.0,63.44,4885.0
2023-10-30,47.35,47.35,47.35,47.35,2679,BE,31.0,86.42,2679.0
2023-10-31,48.3,48.3,48.3,48.3,3539,BE,41.0,86.32,3539.0
2023-11-01,49.25,49.25,49.25,49.25,6068,BE,36.0,168.56,6068.0
2023-11-02,50.25,50.25,50.25,50.25,9624,BE,105.0,91.66,9624.0
2023-11-03,51.25,51.25,51.25,51.25,3520,BE,57.0,61.75,3520.0
2023-11-06,52.3,52.3,52.3,52.3,18588,BE,92.0,202.04,18588.0
2023-11-07,53.35,53.35,51.25,51.25,12133,BE,155.0,78.28,12133.0
2023-11-08,50.2,50.35,50.2,50.35,11911,BE,153.0,77.85,11911.0
2023-11-09,51.35,51.35,49.35,49.35,7988,BE,135.0,59.17,7988.0
2023-11-10,50.35,50.35,49.4,49.4,11130,BE,200.0,55.65,11130.0
2023-11-12,50.3,51.9,50.3,51.85,9768,BE,289.0,33.8,9768.0
2023-11-13,54.35,54.45,54.2,54.45,11054,BE,227.0,48.7,11054.0
2023-11-15,57.15,57.15,57.15,57.15,11746,BE,216.0,54.38,11746.0
2023-11-16,59.7,60.0,58.0,60.0,22076,BE,330.0,66.9,22076.0
2023-11-17,63.0,63.0,63.0,63.0,35558,BE,586.0,60.68,35558.0
2023-11-20,66.15,66.15,59.85,61.7,66975,BE,1647.0,40.66,66975.0
2023-11-21,62.0,64.8,61.7,64.8,18277,BE,345.0,52.98,18277.0
2023-11-22,66.1,66.1,66.1,66.1,6771,BE,91.0,74.41,6771.0
2023-11-23,67.4,67.4,67.4,67.4,2797,BE,53.0,52.77,2797.0
2023-11-24,68.75,68.75,68.75,68.75,2362,BE,66.0,35.79,2362.0
2023-11-28,70.1,70.1,69.8,69.9,18801,BE,268.0,70.15,18801.0
2023-11-29,70.0,70.0,69.9,70.0,8163,BE,181.0,45.1,8163.0
2023-11-30,70.0,70.0,69.85,69.85,8160,BE,119.0,68.57,8160.0
2023-12-01,69.85,69.85,68.5,68.5,11587,BE,181.0,64.02,11587.0
2023-12-04,67.8,67.8,67.15,67.15,12494,BE,159.0,78.58,12494.0
2023-12-05,66.0,66.0,65.8,65.8,5694,BE,154.0,36.97,5694.0
2023-12-06,64.45,64.45,64.45,64.45,5340,BE,137.0,38.98,5340.0
2023-12-07,63.2,63.2,63.2,63.2,5004,BE,113.0,44.28,5004.0
2023-12-08,61.9,61.9,61.9,61.9,37908,BE,340.0,111.49,37908.0
2023-12-11,61.05,61.1,60.7,61.1,21910,BE,298.0,73.52,21910.0
2023-12-12,62.3,62.3,62.3,62.3,3982,BE,70.0,56.89,3982.0
2023-12-13,63.55,63.55,63.55,63.55,5714,BE,66.0,86.58,5714.0
2023-12-14,64.85,64.85,64.85,64.85,3449,BE,29.0,118.93,3449.0
2023-12-15,66.15,66.15,66.15,66.15,3079,BE,39.0,78.95,3079.0
2023-12-18,67.45,67.45,64.8,64.8,24448,BE,291.0,84.01,24448.0
2023-12-19,64.8,64.8,63.5,63.5,11698,BE,201.0,58.2,11698.0
2023-12-20,64.1,64.1,62.25,62.25,22527,BE,237.0,95.05,22527.0
2023-12-21,61.0,61.5,61.0,61.5,27487,BE,258.0,106.54,27487.0
2023-12-22,62.75,62.75,62.75,62.75,26216,BE,184.0,142.48,26216.0
2023-12-26,63.9,63.9,62.0,62.0,10877,BE,187.0,58.17,10877.0
2023-12-27,63.0,63.25,63.0,63.25,3514,BE,49.0,71.71,3514.0
2023-12-28,64.5,64.5,64.5,64.5,2640,BE,47.0,56.17,2640.0
2023-12-29,65.8,65.8,65.7,65.8,11603,BE,146.0,79.47,11603.0
2024-01-01,68.95,69.1,67.0,69.1,10872,BE,449.0,24.21,10872.0
2024-01-02,72.5,72.5,72.2,72.5,9852,BE,213.0,46.25,9852.0
2024-01-03,76.15,76.15,76.15,76.15,17229,BE,189.0,91.16,17229.0
2024-01-04,79.95,79.95,74.0,79.95,50578,BE,1257.0,40.24,50578.0
2024-01-05,81.8,83.95,76.5,83.95,51886,BE,1030.0,50.37,51886.0
2024-01-08,88.1,88.1,85.0,88.1,42372,BE,1162.0,36.46,42372.0
2024-01-09,90.1,90.6,83.7,89.6,37528,BE,1448.0,25.92,37528.0
2024-01-10,89.6,89.6,87.8,87.8,6163,BE,185.0,33.31,6163.0
2024-01-11,86.05,86.05,86.05,86.05,5205,BE,158.0,32.94,5205.0
2024-01-12,84.35,84.35,84.35,84.35,13484,BE,279.0,48.33,13484.0
2024-01-15,82.65,82.65,82.65,82.65,5901,BE,172.0,34.31,5901.0
2024-01-16,81.0,81.0,81.0,81.0,14449,BE,185.0,78.1,14449.0
2024-01-17,79.4,79.4,79.4,79.4,8731,BE,226.0,38.63,8731.0
2024-01-18,77.8,80.95,77.8,80.95,22780,BE,285.0,79.93,22780.0
2024-01-19,82.6,82.6,82.6,82.6,2599,BE,34.0,76.44,2599.0
2024-01-20,84.1,84.2,84.0,84.0,10810,BE,168.0,64.35,10810.0
2024-01-23,83.9,83.9,82.3,82.3,4334,BE,123.0,35.24,4334.0
2024-01-24,80.65,82.3,80.65,82.3,7847,BE,163.0,48.14,7847.0
2024-01-25,82.3,82.3,80.65,80.65,7468,BE,170.0,43.93,7468.0
2024-01-29,79.05,79.05,79.05,79.05,8226,BE,220.0,37.39,8226.0
2024-01-30,80.6,80.6,80.6,80.6,11850,BE,141.0,84.04,11850.0
2024-01-31,82.2,82.25,82.2,82.25,5867,BE,125.0,46.94,5867.0
2024-02-01,83.9,83.9,82.5,82.5,3885,BE,93.0,41.77,3885.0
2024-02-02,84.15,84.15,82.5,84.15,5869,BE,132.0,44.46,5869.0
2024-02-05,85.5,85.5,83.8,83.8,4942,BE,134.0,36.88,4942.0
2024-02-06,83.8,83.8,82.1,82.1,2554,BE,104.0,24.56,2554.0
2024-02-07,83.0,83.0,82.5,82.5,4017,BE,120.0,33.48,4017.0
2024-02-08,82.1,82.1,81.0,81.7,4640,BE,92.0,50.43,4640.0
2024-02-09,81.7,81.7,80.05,80.05,8925,BE,165.0,54.09,8925.0
2024-02-12,80.0,80.0,78.45,78.8,19639,BE,221.0,88.86,19639.0
2024-02-13,78.8,79.0,78.8,78.8,8247,BE,129.0,63.93,8247.0
2024-02-14,77.25,80.0,77.25,80.0,5862,BE,145.0,40.43,5862.0
2024-02-15,79.9,79.9,78.4,78.4,9047,BE,253.0,35.76,9047.0
2024-02-16,79.95,79.95,79.9,79.9,9078,BE,122.0,74.41,9078.0
2024-02-19,80.0,83.9,80.0,83.9,7436,BE,175.0,42.49,7436.0
2024-02-20,88.1,88.1,80.2,88.1,24543,BE,509.0,48.22,24543.0
2024-02-21,91.9,92.5,90.9,92.5,36504,BE,883.0,41.34,36504.0
2024-02-22,96.4,97.1,96.1,97.1,20362,BE,572.0,35.6,20362.0
2024-02-23,101.9,101.95,94.5,101.2,47373,BE,1542.0,30.72,47373.0
2024-02-26,102.55,106.25,100.6,106.25,26282,BE,1056.0,24.89,26282.0
2024-02-27,110.0,110.0,101.1,107.8,19357,BE,1075.0,18.01,19357.0
2024-02-28,105.6,105.6,105.6,105.6,7089,BE,207.0,34.25,7089.0
2024-02-29,103.5,103.5,103.5,103.5,3766,BE,107.0,35.2,3766.0
2024-03-01,101.45,101.45,101.45,101.45,4769,BE,102.0,46.75,4769.0
2024-03-02,99.4,99.4,99.4,99.4,3258,BE,60.0,54.3,3258.0
2024-03-04,97.45,97.45,97.45,97.45,3632,BE,145.0,25.05,3632.0
2024-03-05,95.5,95.5,95.5,95.5,2729,BE,126.0,21.66,2729.0
2024-03-06,93.6,93.6,93.6,93.6,2491,BE,113.0,22.04,2491.0
2024-03-07,91.7,91.7,91.7,91.7,3164,BE,160.0,19.77,3164.0
2024-03-11,89.9,89.9,89.9,89.9,1634,BE,119.0,13.73,1634.0
2024-03-12,88.1,88.1,88.1,88.1,4670,BE,125.0,37.36,4670.0
2024-03-13,86.3,86.3,86.3,86.3,2377,BE,70.0,33.96,2377.0
2024-03-14,84.6,84.6,84.6,84.6,5742,BE,174.0,33.0,5742.0
2024-03-15,82.9,82.9,82.9,82.9,4487,BE,134.0,33.49,4487.0
2024-03-18,81.25,81.25,81.25,81.25,3926,BE,194.0,20.24,3926.0
2024-03-19,79.6,79.6,79.6,79.6,12859,BE,276.0,46.59,12859.0
2024-03-20,78.05,81.2,78.05,81.2,30675,BE,485.0,63.25,30675.0
2024-03-21,82.85,82.85,82.85,82.85,4552,BE,63.0,72.25,4552.0
2024-03-22,84.5,84.5,84.5,84.5,3862,BE,62.0,62.29,3862.0
2024-03-26,86.15,86.15,86.15,86.15,7137,BE,82.0,87.04,7137.0
2024-03-27,87.9,87.9,87.8,87.9,21395,BE,260.0,82.29,21395.0
2024-03-28,89.65,89.65,89.65,89.65,12074,BE,236.0,51.16,12074.0
2024-04-01,91.45,91.45,91.45,91.45,15512,BE,236.0,65.73,15512.0
2024-04-02,93.25,93.25,93.25,93.25,11039,BE,171.0,64.56,11039.0
2024-04-03,95.15,95.15,95.15,95.15,11818,BE,143.0,82.64,11818.0
2024-04-04,97.05,97.05,96.55,97.05,20643,BE,186.0,110.98,20643.0
2024-04-05,98.95,98.95,98.95,98.95,5558,BE,84.0,66.17,5558.0
2024-04-08,103.9,103.9,100.6,103.9,17682,BE,590.0,29.97,17682.0
2024-04-09,108.0,109.1,98.7,99.95,33385,BE,1126.0,29.65,33385.0
2024-04-10,99.4,99.4,94.95,95.25,14852,BE,834.0,17.81,14852.0
2024-04-12,100.0,100.0,95.6,99.9,35841,BE,909.0,39.43,35841.0
2024-04-15,95.0,104.6,94.9,101.75,19616,BE,949.0,20.67,19616.0
2024-04-16,106.0,106.0,99.0,99.95,12079,BE,543.0,22.24,12079.0
2024-04-18,103.5,103.6,98.0,101.4,23086,BE,638.0,36.18,23086.0
2024-04-19,103.4,103.45,96.6,99.5,14978,BE,501.0,29.9,14978.0
2024-04-22,102.5,104.45,100.0,104.45,33307,BE,505.0,65.95,33307.0
2024-04-23,107.0,109.7,105.0,109.65,40201,BE,1428.0,28.15,40201.0
2024-04-24,111.5,115.1,110.35,115.1,29860,BE,842.0,35.46,29860.0
2024-04-25,119.0,120.0,109.35,119.15,37494,BE,1447.0,25.91,37494.0
2024-04-26,124.5,124.8,115.2,116.05,21440,BE,1050.0,20.42,21440.0
2024-04-29,118.0,118.5,110.25,112.4,21569,BE,938.0,22.99,21569.0
2024-04-30,110.7,115.5,108.5,110.95,18906,BE,690.0,27.4,18906.0
2024-05-02,113.1,115.0,106.0,107.35,20183,BE,850.0,23.74,20183.0
2024-05-03,111.5,112.75,103.5,112.75,26890,BE,728.0,36.94,26890.0
2024-05-06,115.9,117.7,111.4,117.0,19175,BE,956.0,20.06,19175.0
2024-05-07,120.0,120.0,111.2,113.3,14992,BE,1207.0,12.42,14992.0
2024-05-08,111.3,116.2,107.65,112.55,14185,BE,1535.0,9.24,14185.0
2024-05-09,112.4,112.4,107.2,110.75,15789,BE,761.0,20.75,15789.0
2024-05-10,110.7,110.7,105.8,107.05,9898,BE,556.0,17.8,9898.0
2024-05-13,107.0,111.2,101.7,108.85,34106,BE,973.0,35.05,34106.0
2024-05-14,111.0,113.0,108.0,109.1,30975,BE,546.0,56.73,30975.0
2024-05-15,111.1,111.1,107.1,108.0,12591,BE,452.0,27.86,12591.0
2024-05-16,110.0,110.0,102.6,102.7,51535,BE,1641.0,31.4,51535.0
2024-05-17,104.7,104.7,99.0,102.4,17431,BE,754.0,23.12,17431.0
2024-05-18,100.6,105.1,100.6,102.15,5670,BE,268.0,21.16,5670.0
2024-05-21,104.9,104.9,100.0,102.4,12360,BE,620.0,19.94,12360.0
2024-05-22,102.4,106.5,100.0,101.35,23902,BE,670.0,35.67,23902.0
2024-05-23,104.9,105.5,101.0,103.2,23252,BE,562.0,41.37,23252.0
2024-05-24,103.2,105.1,98.05,102.25,42215,BE,978.0,43.16,42215.0
2024-05-27,107.35,107.35,107.35,107.35,10248,BE,163.0,62.87,10248.0
2024-05-28,112.75,112.75,112.75,112.75,19483,BE,197.0,98.9,19483.0
2024-05-29,118.35,118.35,118.35,118.35,16151,BE,176.0,91.77,16151.0
2024-05-30,124.3,124.3,124.3,124.3,10864,BE,188.0,57.79,10864.0
2024-05-31,130.5,130.5,130.5,130.5,53118,BE,417.0,127.38,53118.0
2024-06-03,137.0,137.0,133.15,137.0,54822,BE,1205.0,45.5,54822.0
2024-06-04,142.5,143.85,132.0,143.85,132557,BE,2396.0,55.32,132557.0
2024-06-05,151.05,151.05,150.35,151.05,34355,BE,816.0,42.1,34355.0
2024-06-06,158.6,158.6,158.6,158.6,17195,BE,341.0,50.43,17195.0
2024-06-07,166.55,166.55,151.1,166.5,74560,BE,2959.0,25.2,74560.0
2024-06-10,173.65,174.85,170.0,174.85,17480,BE,514.0,34.01,17480.0
2024-06-11,183.6,183.6,183.6,183.6,7760,BE,208.0,37.31,7760.0
2024-06-12,192.75,192.75,184.5,192.75,62074,BE,2560.0,24.25,62074.0
2024-06-13,200.0,200.0,183.1,183.1,56231,BE,2263.0,24.85,56231.0
2024-06-14,173.95,173.95,173.95,173.95,16069,BE,875.0,18.36,16069.0
2024-06-18,166.0,182.65,166.0,182.4,109034,BE,3416.0,31.92,109034.0
2024-06-19,182.2,182.2,173.25,175.6,44612,BE,2435.0,18.32,44612.0
2024-06-20,184.4,184.4,178.6,182.4,59452,BE,3198.0,18.59,59452.0
2024-06-21,182.4,190.0,178.0,181.2,24531,BE,1467.0,16.72,24531.0
2024-06-24,180.0,190.25,180.0,190.25,37314,BE,1857.0,20.09,37314.0
2024-06-25,199.5,199.8,180.8,182.4,76592,BE,3314.0,23.11,76592.0
2024-06-26,180.0,181.9,173.3,173.3,98625,BE,2956.0,33.36,98625.0
2024-06-27,170.0,170.0,164.6,164.6,55398,BE,3284.0,16.87,55398.0
2024-06-28,164.6,172.85,161.1,172.85,26303,BE,1408.0,18.68,26303.0
2024-07-01,164.2,169.5,164.2,164.3,85887,BE,2891.0,29.71,85887.0
2024-07-02,157.5,166.0,156.9,158.95,74062,BE,3304.0,22.42,74062.0
2024-07-03,158.5,164.5,151.0,153.35,106871,BE,3939.0,27.13,106871.0
2024-07-04,153.3,161.0,149.6,161.0,35662,BE,1631.0,21.87,35662.0
2024-07-05,163.0,169.05,163.0,169.05,28811,BE,1243.0,23.18,28811.0
2024-07-08,177.5,177.5,169.05,174.4,50174,BE,2305.0,21.77,50174.0
2024-07-09,172.0,174.9,165.7,168.2,30092,BE,2083.0,14.45,30092.0
2024-07-10,159.8,164.9,159.8,159.8,30543,BE,2168.0,14.09,30543.0
2024-07-11,151.8,167.75,151.8,158.8,45845,BE,3317.0,13.82,45845.0
2024-07-12,159.0,159.0,150.9,151.45,36675,BE,2800.0,13.1,36675.0
2024-07-15,151.95,159.05,151.55,159.05,26060,BE,1281.0,20.34,26060.0
2024-07-16,160.1,166.0,156.1,161.15,28683,EQ,2669.0,10.75,23186.0
2024-07-18,169.2,169.2,169.2,169.2,143435,EQ,2481.0,57.81,108124.0
2024-07-19,177.65,177.65,177.65,177.65,40514,EQ,1384.0,29.27,40514.0
2024-07-22,185.0,185.5,169.25,181.8,124682,BE,4221.0,29.54,124682.0
2024-07-23,183.4,184.5,172.7,179.6,43328,BE,3746.0,11.57,43328.0
2024-07-24,179.7,179.7,170.6,170.65,48469,BE,4847.0,10.0,48469.0
2024-07-25,168.0,170.3,162.15,166.95,29652,BE,3057.0,9.7,29652.0
2024-07-26,167.15,175.3,160.0,175.3,68554,BE,3381.0,20.28,68554.0
2024-07-29,173.0,183.0,173.0,173.95,37732,BE,1677.0,22.5,37732.0
2024-07-30,177.0,178.5,168.0,172.45,28525,BE,1193.0,23.91,28525.0
2024-07-31,172.0,178.0,170.0,175.05,24916,BE,1124.0,22.17,24916.0
2024-08-01,178.0,178.0,170.0,173.6,16820,BE,991.0,16.97,16820.0
2024-08-02,170.1,175.0,167.1,173.9,22659,BE,1265.0,17.91,22659.0
2024-08-05,166.0,167.0,165.2,165.2,26158,BE,1726.0,15.16,26158.0
2024-08-06,165.2,171.3,156.95,157.45,42243,BE,2480.0,17.03,42243.0
2024-08-07,160.5,165.3,157.0,165.3,18611,BE,918.0,20.27,18611.0
2024-08-08,167.3,171.9,165.1,168.7,17610,BE,909.0,19.37,17610.0
2024-08-09,169.0,171.2,165.4,169.55,15916,BE,880.0,18.09,15916.0
2024-08-12,172.9,178.05,172.9,178.05,33460,BE,1117.0,29.96,33460.0
2024-08-13,183.6,186.95,172.5,186.95,32748,BE,1338.0,24.48,32748.0
2024-08-14,196.3,196.3,187.1,196.3,58237,BE,1256.0,46.37,58237.0
2024-08-16,196.3,206.1,186.45,206.1,70266,BE,2341.0,30.02,70266.0
2024-08-19,216.4,216.4,216.4,216.4,20579,BE,517.0,39.8,20579.0
2024-08-20,227.2,227.2,227.2,227.2,8779,BE,262.0,33.51,8779.0
2024-08-21,238.55,238.55,238.55,238.55,7781,BE,220.0,35.37,7781.0
2024-08-22,250.5,250.5,250.5,250.5,15627,BE,340.0,45.96,15627.0
2024-08-23,250.4,263.0,237.95,253.15,136293,BE,4772.0,28.56,136293.0
2024-08-26,255.0,265.8,240.5,262.55,97107,BE,5188.0,18.72,97107.0
2024-08-27,260.0,260.0,249.4,249.4,44218,BE,3089.0,14.31,44218.0
2024-08-28,249.4,249.9,237.15,238.35,49777,BE,3266.0,15.24,49777.0
2024-08-29,230.0,250.0,229.5,244.0,30582,BE,2080.0,14.7,30582.0
2024-08-30,248.85,252.5,241.0,244.9,13472,BE,1230.0,10.95,13472.0
2024-09-02,245.9,245.9,232.65,233.2,32652,BE,2596.0,12.58,32652.0
2024-09-03,231.4,244.85,230.0,244.0,21461,BE,1367.0,15.7,21461.0
2024-09-04,243.0,255.0,235.0,249.2,25663,BE,1557.0,16.48,25663.0
2024-09-05,254.0,261.65,250.0,261.65,31084,BE,1510.0,20.59,31084.0
2024-09-06,274.7,274.7,266.9,274.7,31467,BE,1233.0,25.52,31467.0
2024-09-09,273.5,287.8,263.1,275.95,41568,BE,2938.0,14.15,41568.0
2024-09-10,280.0,284.8,262.15,269.45,26446,BE,1915.0,13.81,26446.0
2024-09-11,270.0,282.9,260.15,282.9,35560,BE,1321.0,26.92,35560.0
2024-09-12,282.9,296.5,275.0,278.25,35521,BE,2327.0,15.26,35521.0
2024-09-13,284.5,284.5,271.0,278.4,15671,BE,1456.0,10.76,15671.0
2024-09-16,278.4,288.6,264.5,269.8,28907,BE,2309.0,12.52,28907.0
2024-09-17,279.0,283.0,269.8,275.4,21969,BE,1544.0,14.23,21969.0
2024-09-18,284.4,284.4,265.0,275.35,14336,BE,1222.0,11.73,14336.0
2024-09-19,280.8,287.8,268.1,278.2,19142,BE,1655.0,11.57,19142.0
2024-09-20,280.0,292.0,278.0,289.3,30177,BE,2030.0,14.87,30177.0
2024-09-23,295.2,303.75,295.0,303.75,39869,BE,1340.0,29.75,39869.0
2024-09-24,308.5,318.95,306.0,318.95,20809,BE,732.0,28.43,20809.0
2024-09-25,334.9,334.9,334.9,334.9,23338,BE,364.0,64.12,23338.0
2024-09-26,348.5,348.5,319.1,337.95,86309,BE,5829.0,14.81,86309.0
2024-09-27,335.1,335.1,321.05,321.05,28117,BE,2314.0,12.15,28117.0
2024-09-30,305.0,332.4,305.0,311.7,49112,BE,3639.0,13.5,49112.0
2024-10-01,305.5,319.4,300.0,304.65,25244,BE,2922.0,8.64,25244.0
2024-10-03,296.0,319.85,289.4,319.85,61453,BE,2750.0,22.35,61453.0
2024-10-04,323.4,327.25,304.0,308.5,31846,BE,2546.0,12.51,31846.0
2024-10-07,295.0,305.0,293.1,293.1,32449,BE,2458.0,13.2,32449.0
2024-10-08,278.45,304.55,278.45,286.45,44688,BE,3000.0,14.9,44688.0
2024-10-09,289.9,294.2,281.05,288.9,24018,BE,2151.0,11.17,24018.0
2024-10-10,288.9,303.35,284.8,303.35,23202,BE,1013.0,22.9,23202.0
2024-10-11,318.5,318.5,318.5,318.5,10810,BE,424.0,25.5,10810.0
2024-10-14,334.45,334.45,334.45,334.45,12792,BE,561.0,22.8,12792.0
2024-10-15,351.15,351.15,351.15,351.15,12993,BE,437.0,29.73,12993.0
2024-10-16,368.7,368.7,354.0,368.7,53736,BE,2296.0,23.4,53736.0
2024-10-17,376.1,382.9,353.0,364.75,46248,BE,4314.0,10.72,46248.0
2024-10-18,357.4,382.95,346.5,382.95,37281,BE,1953.0,19.09,37281.0
2024-10-21,382.9,401.5,368.5,381.2,41603,BE,3493.0,11.91,41603.0
2024-10-22,370.0,377.1,362.15,362.15,19946,BE,2084.0,9.57,19946.0
2024-10-23,344.05,374.5,344.05,353.05,45501,BE,3399.0,13.39,45501.0
2024-10-24,347.7,355.0,335.4,336.9,34409,BE,3083.0,11.16,34409.0
2024-10-25,340.0,353.75,325.0,353.75,34361,BE,2565.0,13.4,34361.0
2024-10-28,371.0,371.45,360.0,371.45,17114,BE,1412.0,12.12,17114.0
2024-10-29,390.0,390.0,380.0,390.0,16377,BE,600.0,27.3,16377.0
2024-10-30,409.5,409.5,409.5,409.5,8566,BE,354.0,24.2,8566.0
2024-10-31,430.0,430.0,430.0,430.0,12941,BE,419.0,30.89,12941.0
2024-11-01,451.5,451.5,430.5,451.5,59946,BE,2794.0,21.46,59946.0
2024-11-04,451.2,474.05,428.9,474.05,94155,BE,7571.0,12.44,94155.0
2024-11-05,473.8,497.75,460.8,497.75,64831,BE,3734.0,17.36,64831.0
2024-11-06,522.65,522.65,522.65,522.65,5053,BE,386.0,13.09,5053.0
2024-11-07,548.75,548.75,515.0,539.1,137142,BE,12835.0,10.69,137142.0
2024-11-08,519.1,520.0,512.15,512.15,25386,BE,2855.0,8.89,25386.0
2024-11-11,486.55,486.55,486.55,486.55,12693,BE,1780.0,7.13,12693.0
2024-11-12,473.0,505.0,462.2,488.4,121571,BE,9463.0,12.85,121571.0
2024-11-13,464.0,478.3,464.0,464.0,41242,BE,3102.0,13.3,41242.0
2024-11-14,440.8,440.8,440.8,440.8,12433,BE,1536.0,8.09,12433.0
2024-11-18,425.1,462.85,418.75,462.85,86667,BE,4996.0,17.35,86667.0
2024-11-19,462.8,462.8,439.7,439.8,67324,BE,7167.0,9.39,67324.0
2024-11-21,418.15,459.0,418.0,447.4,37576,BE,4630.0,8.12,37576.0
2024-11-22,447.4,454.8,431.15,441.25,18712,BE,3092.0,6.05,18712.0
2024-11-25,450.0,450.0,422.5,424.8,32524,BE,3924.0,8.29,32524.0
2024-11-26,424.5,430.0,410.1,424.55,16137,BE,2404.0,6.71,16137.0
2024-11-27,430.0,445.75,426.0,445.75,20991,BE,1297.0,16.18,20991.0
2024-11-28,468.05,468.05,450.0,467.15,100736,BE,6219.0,16.2,100736.0
2024-11-29,450.0,459.5,443.8,443.8,38780,BE,3615.0,10.73,38780.0
2024-12-02,427.5,448.35,427.5,442.15,32425,BE,3648.0,8.89,32425.0
2024-12-03,449.15,454.4,427.2,433.6,29812,BE,3778.0,7.89,29812.0
2024-12-04,437.0,447.3,432.0,435.75,21382,BE,2081.0,10.27,21382.0
2024-12-05,442.0,445.5,427.9,429.5,28603,BE,3137.0,9.12,28603.0
2024-12-06,429.5,439.0,419.5,430.05,28082,BE,2798.0,10.04,28082.0
2024-12-09,425.0,430.05,416.5,421.75,27987,BE,3131.0,8.94,27987.0
2024-12-10,425.75,442.8,423.1,442.8,44450,BE,3380.0,13.15,44450.0
2024-12-11,433.5,438.9,422.6,430.25,20995,BE,3426.0,6.13,20995.0
2024-12-12,427.0,437.5,415.0,421.4,23246,BE,3629.0,6.41,23246.0
2024-12-13,424.0,430.5,416.0,429.1,15758,BE,2536.0,6.21,15758.0
2024-12-16,423.1,439.0,420.0,427.55,15098,BE,2976.0,5.07,15098.0
2024-12-17,423.5,429.85,421.0,424.65,17842,BE,2781.0,6.42,17842.0
2024-12-18,427.5,428.9,403.45,407.9,29178,BE,3714.0,7.86,29178.0
2024-12-19,395.0,407.6,387.5,401.55,63124,BE,5528.0,11.42,63124.0
2024-12-20,401.5,412.5,388.1,393.15,30051,BE,4244.0,7.08,30051.0
2024-12-23,394.0,399.8,378.0,388.35,43246,BE,4203.0,10.29,43246.0
2024-12-24,388.35,394.9,370.65,390.0,53328,BE,3877.0,13.75,53328.0
2024-12-26,398.9,404.9,386.4,388.4,16640,BE,2588.0,6.43,16640.0
2024-12-27,384.5,390.0,370.2,382.55,24979,BE,3297.0,7.58,24979.0
2024-12-30,372.0,387.9,369.1,385.5,30891,BE,6809.0,4.54,30891.0
2024-12-31,380.5,404.8,380.5,404.8,20045,BE,2174.0,9.22,20045.0
2025-01-01,412.45,425.0,410.0,424.25,52394,BE,4296.0,12.2,52394.0
2025-01-02,417.1,425.1,405.1,423.2,28396,BE,4054.0,7.0,28396.0
2025-01-03,421.8,421.8,406.0,410.15,21445,BE,3354.0,6.39,21445.0
2025-01-06,409.0,412.5,390.0,399.7,27168,BE,4763.0,5.7,27168.0
2025-01-07,399.7,419.65,395.1,419.65,16952,BE,1790.0,9.47,16952.0
2025-01-08,427.0,431.0,405.45,430.15,31602,BE,4037.0,7.83,31602.0
2025-01-09,435.0,440.5,414.5,430.2,17978,BE,3095.0,5.81,17978.0
2025-01-10,430.2,435.0,408.7,415.4,20746,BE,3257.0,6.37,20746.0
2025-01-13,400.15,408.9,394.6,394.6,21194,BE,3096.0,6.85,21194.0
2025-01-14,375.5,410.0,375.5,391.85,25916,BE,3598.0,7.2,25916.0
2025-01-15,394.9,400.0,380.0,392.0,15993,BE,2012.0,7.95,15993.0
2025-01-16,400.0,400.0,378.0,387.25,17355,BE,1845.0,9.41,17355.0
2025-01-17,379.25,389.5,379.25,382.1,12274,BE,1985.0,6.18,12274.0
2025-01-20,390.5,400.0,383.3,390.9,15302,BE,1592.0,9.61,15302.0
2025-01-21,395.8,395.8,377.5,382.2,18643,BE,2128.0,8.76,18643.0
2025-01-22,388.0,388.0,363.05,367.15,30729,BE,3305.0,9.3,30729.0
2025-01-23,348.8,348.8,348.8,348.8,10305,BE,1497.0,6.88,10305.0
2025-01-24,331.35,331.35,331.35,331.35,6332,BE,1048.0,6.04,6332.0
2025-01-27,314.8,314.8,314.8,314.8,4602,BE,885.0,5.2,4602.0
2025-01-28,299.05,299.05,299.05,299.05,5528,BE,903.0,6.12,5528.0
2025-01-29,284.1,284.1,284.1,284.1,45596,BE,1536.0,29.68,45596.0
2025-01-30,269.9,269.9,269.9,269.9,17670,BE,1302.0,13.57,17670.0
2025-01-31,256.4,256.4,256.4,256.4,18212,BE,1576.0,11.56,18212.0
2025-02-01,243.6,243.6,243.6,243.6,13182,BE,1385.0,9.52,13182.0
2025-02-03,231.4,231.4,231.4,231.4,9779,BE,1142.0,8.56,9779.0
2025-02-04,219.85,219.85,219.85,219.85,13426,BE,1302.0,10.31,13426.0
2025-02-05,212.6,230.85,212.6,230.85,205277,BE,1538.0,133.47,205277.0
2025-02-06,242.35,242.35,242.35,242.35,17462,BE,1733.0,10.08,17462.0
2025-02-07,240.0,246.0,230.25,230.25,218376,BE,7990.0,27.33,218376.0
2025-02-10,234.0,234.0,218.75,218.75,162326,EQ,3368.0,48.2,68134.0
2025-02-11,207.8,207.8,207.8,207.8,14724,EQ,1568.0,9.39,14724.0
2025-02-12,197.4,216.9,197.4,212.95,287140,EQ,12653.0,22.69,166053.0
2025-02-13,214.2,223.6,208.25,214.85,117828,EQ,4980.0,23.66,48117.0
2025-02-14,215.1,225.6,204.1,204.1,106020,EQ,6552.0,16.18,63772.0
2025-02-17,196.25,206.0,193.9,203.8,152085,EQ,7620.0,19.96,85037.0
2025-02-18,204.0,212.4,197.25,200.15,40341,EQ,4881.0,8.26,21978.0
2025-02-19,200.15,210.2,200.15,210.2,30632,EQ,1547.0,19.8,23613.0
2025-02-20,214.5,220.7,208.8,220.7,57935,EQ,1992.0,29.08,29540.0
2025-02-21,225.65,231.7,215.15,219.4,123962,EQ,7974.0,15.55,59133.0
2025-02-24,215.5,215.5,208.45,208.45,188175,EQ,3914.0,48.08,56086.0
2025-02-25,204.4,211.6,198.0,198.8,114131,EQ,8859.0,12.88,61506.0
2025-02-27,196.5,198.8,188.85,189.3,114207,EQ,6305.0,18.11,60463.0
2025-02-28,184.1,194.5,179.85,181.1,255650,EQ,9634.0,26.54,152970.0
2025-03-03,185.4,190.15,175.1,187.6,150921,EQ,7756.0,19.46,40824.0
2025-03-04,182.0,197.0,180.1,190.2,150861,EQ,5714.0,26.4,52347.0
2025-03-05,189.3,199.7,188.75,199.7,46416,EQ,2977.0,15.59,28003.0
2025-03-06,209.7,209.7,196.7,198.9,196127,EQ,8118.0,24.16,76823.0
2025-03-07,193.3,204.9,190.4,192.2,91620,EQ,6763.0,13.55,45162.0
2025-03-10,192.5,195.6,182.6,182.6,58866,EQ,3925.0,15.0,35800.0
2025-03-11,173.45,181.6,173.45,174.1,111802,EQ,5556.0,20.12,47216.0
2025-03-12,173.1,182.85,171.0,181.15,85725,EQ,5780.0,14.83,45792.0
2025-03-13,182.5,183.9,176.0,181.1,50419,EQ,4227.0,11.93,25501.0
2025-03-17,181.1,190.15,180.0,183.1,90838,EQ,5185.0,17.52,50328.0
2025-03-18,186.5,192.25,185.0,192.25,92865,EQ,3112.0,29.84,51492.0
2025-03-19,196.6,201.85,196.0,201.85,27371,EQ,901.0,30.38,21675.0
2025-03-20,211.95,211.95,205.0,208.55,189424,EQ,5009.0,37.82,70249.0
2025-03-21,213.0,218.95,207.05,218.95,180029,EQ,7002.0,25.71,81498.0
2025-03-24,224.5,229.9,221.0,229.9,47004,EQ,1869.0,25.15,29482.0
2025-03-25,234.65,241.4,222.0,225.15,211886,EQ,11799.0,17.96,75070.0
2025-03-26,225.15,227.6,213.9,213.9,75299,EQ,4933.0,15.26,39800.0
2025-03-27,209.1,217.9,207.6,215.05,67877,EQ,6023.0,11.27,28433.0
2025-03-28,216.25,218.5,208.0,212.0,57097,EQ,5663.0,10.08,33907.0
2025-04-01,212.4,214.8,201.4,201.8,74455,EQ,6717.0,11.08,41773.0
2025-04-02,200.25,204.5,197.0,200.5,49592,EQ,5508.0,9.0,27231.0
2025-04-03,193.1,209.45,193.1,202.15,74623,EQ,6692.0,11.15,38667.0
2025-04-04,203.0,203.0,192.05,195.2,68135,EQ,6025.0,11.31,42447.0
2025-04-07,185.4,189.0,185.4,185.4,38339,EQ,1849.0,20.73,22109.0
2025-04-08,189.15,192.8,189.15,189.9,34409,EQ,3781.0,9.1,19488.0
2025-04-09,190.0,190.9,181.15,187.95,29891,EQ,4226.0,7.07,16066.0
2025-04-11,197.35,197.35,188.0,189.95,85677,EQ,5052.0,16.96,37373.0
2025-04-15,195.45,199.45,192.15,199.45,66325,EQ,3409.0,19.46,31878.0
2025-04-16,203.0,203.95,197.7,200.3,42641,EQ,5552.0,7.68,27337.0
2025-04-17,200.3,210.35,190.3,190.3,204498,EQ,11051.0,18.5,96683.0
2025-04-21,180.8,185.5,180.8,180.8,221125,EQ,5184.0,42.66,117736.0
2025-04-22,177.15,189.85,173.2,189.85,346022,EQ,15704.0,22.03,185895.0
2025-04-23,194.3,199.35,193.0,199.35,140810,EQ,4540.0,31.02,64597.0
2025-04-24,208.0,209.3,205.05,209.3,54621,EQ,851.0,64.18,41997.0
2025-04-25,198.85,219.75,198.85,219.75,497291,EQ,15287.0,32.53,257273.0
2025-04-28,230.75,230.75,230.75,230.75,31072,EQ,572.0,54.32,30572.0
2025-04-29,242.25,242.25,242.25,242.25,93605,EQ,1218.0,76.85,33203.0
2025-04-30,247.0,254.3,231.7,241.5,208901,EQ,17810.0,11.73,111183.0
2025-05-02,244.2,253.55,231.6,252.15,132139,EQ,8768.0,15.07,70407.0
2025-05-05,259.0,264.75,255.2,264.75,89055,EQ,3483.0,25.57,58355.0
2025-05-06,270.0,276.7,252.65,256.8,163726,EQ,13522.0,12.11,90933.0
2025-05-07,251.7,269.6,251.7,269.6,86039,EQ,5954.0,14.45,45517.0
2025-05-08,276.5,283.1,273.6,281.1,128352,EQ,4838.0,26.53,62601.0
2025-05-09,275.0,280.0,267.05,267.15,219088,EQ,8211.0,26.68,107628.0
2025-05-12,280.5,280.5,272.0,280.5,132496,EQ,7161.0,18.5,79085.0
2025-05-13,280.5,290.75,274.2,287.15,164151,EQ,14702.0,11.17,81362.0
2025-05-14,289.8,291.95,276.0,280.8,112733,EQ,12408.0,9.09,63677.0
2025-05-15,280.7,291.1,270.45,284.4,97787,EQ,7690.0,12.72,50746.0
2025-05-16,285.0,298.6,280.0,282.2,143084,EQ,9814.0,14.58,57045.0
2025-05-19,284.8,284.9,270.7,276.9,84735,EQ,9656.0,8.78,45928.0
2025-05-20,278.9,284.8,263.05,274.25,87689,EQ,7956.0,11.02,49742.0
2025-05-21,278.0,287.95,272.5,286.55,94015,EQ,6396.0,14.7,58633.0
2025-05-22,286.55,294.5,283.85,291.8,72085,EQ,6699.0,10.76,34915.0
2025-05-23,291.5,306.4,283.5,299.85,144104,EQ,10838.0,13.3,55301.0
2025-05-26,302.6,302.6,290.6,292.3,60141,EQ,6384.0,9.42,35738.0
2025-05-27,292.3,292.3,285.0,286.4,39165,EQ,6220.0,6.3,20485.0
2025-05-28,288.0,288.0,276.6,278.2,43174,EQ,5426.0,7.96,27173.0
2025-05-29,282.2,292.1,276.0,282.8,64974,EQ,5686.0,11.43,27213.0
2025-05-30,287.9,296.95,284.35,286.8,294189,EQ,17952.0,16.39,153611.0
2025-06-02,287.7,293.45,284.5,289.55,63717,EQ,7513.0,8.48,32505.0
2025-06-03,292.8,294.75,280.45,281.5,61423,EQ,7804.0,7.87,40746.0
2025-06-04,281.5,287.95,278.1,283.9,34469,EQ,5000.0,6.89,18224.0
2025-06-05,286.8,287.8,278.35,280.35,62920,EQ,6191.0,10.16,38784.0
2025-06-06,281.4,283.15,271.5,273.1,67837,EQ,9100.0,7.45,40114.0
2025-06-09,273.2,280.5,266.5,267.8,74476,EQ,9691.0,7.69,48151.0
2025-06-10,267.9,280.4,265.1,272.95,71700,EQ,8144.0,8.8,35995.0
2025-06-11,273.5,275.5,264.5,267.05,56997,EQ,6789.0,8.4,32875.0
2025-06-12,267.05,273.35,262.6,264.95,68077,EQ,7900.0,8.62,36194.0
2025-06-13,260.0,267.4,258.8,261.85,53343,EQ,6967.0,7.66,27175.0
2025-06-16,260.0,263.2,251.7,259.35,54921,EQ,8979.0,6.12,27292.0
2025-06-17,262.2,266.25,256.6,258.15,41028,EQ,5401.0,7.6,21315.0
2025-06-18,259.0,265.0,256.3,259.45,32765,EQ,4158.0,7.88,14816.0
2025-06-19,260.0,260.0,249.45,250.4,51264,EQ,7257.0,7.06,28133.0
2025-06-20,250.4,254.4,248.5,250.95,42576,EQ,5484.0,7.76,23690.0
2025-06-23,247.6,255.6,247.5,253.5,36938,EQ,5953.0,6.2,18637.0
2025-06-24,257.0,260.0,252.7,256.35,42679,EQ,5465.0,7.81,19928.0
2025-06-25,256.0,259.65,249.85,250.85,36852,EQ,5403.0,6.82,20786.0
2025-06-26,253.8,254.7,247.2,249.25,66636,EQ,6718.0,9.92,39502.0
2025-06-27,249.0,261.7,249.0,261.7,134571,EQ,7049.0,19.09,81852.0
2025-06-30,269.9,274.8,263.4,265.2,171302,EQ,10720.0,15.98,85258.0
2025-07-01,266.6,268.5,258.5,267.1,71743,EQ,6713.0,10.69,39067.0
2025-07-02,270.0,271.5,258.2,259.45,57903,EQ,7557.0,7.66,28896.0
2025-07-03,261.5,261.5,253.5,254.35,41209,EQ,5852.0,7.04,22695.0
2025-07-04,256.0,257.9,250.0,250.95,37024,EQ,5771.0,6.42,21080.0
2025-07-07,251.2,255.0,247.4,248.55,30809,EQ,4928.0,6.25,18969.0
2025-07-08,250.6,250.6,245.0,247.25,22301,EQ,3697.0,6.03,12214.0
2025-07-09,250.0,259.6,248.2,255.05,75432,EQ,7804.0,9.67,41024.0
2025-07-10,257.7,258.4,252.0,253.35,26721,EQ,4290.0,6.23,17003.0
2025-07-11,255.5,255.5,250.0,250.25,18363,EQ,3662.0,5.01,11373.0
2025-07-14,253.5,253.5,242.3,243.65,36022,EQ,6816.0,5.28,21694.0
2025-07-15,243.65,246.2,235.5,236.3,63654,EQ,10124.0,6.29,38600.0
2025-07-16,236.9,239.4,233.1,236.7,61150,EQ,7182.0,8.51,38845.0
2025-07-17,239.0,248.55,234.0,248.2,100647,EQ,9142.0,11.01,59827.0
2025-07-18,250.9,254.0,240.0,241.55,69127,EQ,9735.0,7.1,33506.0
2025-07-21,243.0,247.4,238.5,240.9,37271,EQ,5187.0,7.19,17643.0
2025-07-22,243.2,252.05,241.75,249.55,71184,EQ,8579.0,8.3,34859.0
2025-07-23,237.05,237.05,237.05,237.05,13392,EQ,1491.0,8.98,13392.0
2025-07-24,225.2,225.2,225.2,225.2,10058,EQ,1393.0,7.22,10058.0
2025-07-25,213.95,213.95,213.95,213.95,10612,EQ,1422.0,7.46,10612.0
2025-07-28,203.25,209.9,203.25,203.25,164243,EQ,3458.0,47.5,111749.0
2025-07-29,196.0,213.45,193.1,213.45,326923,EQ,22053.0,14.82,148271.0
2025-07-30,220.0,220.0,206.3,210.35,79576,EQ,8344.0,9.54,44926.0
2025-07-31,207.45,215.6,201.2,207.9,78777,EQ,9091.0,8.67,35954.0
2025-08-01,204.9,209.8,204.45,206.6,43465,EQ,5095.0,8.53,20376.0
2025-08-04,207.1,216.9,205.0,216.85,67851,EQ,5090.0,13.33,45069.0
2025-08-05,218.0,220.0,211.5,213.7,37422,EQ,4357.0,8.59,21466.0
2025-08-06,210.8,214.8,205.0,207.45,40365,EQ,5738.0,7.03,21986.0
2025-08-07,204.5,212.25,201.5,208.5,52214,EQ,6836.0,7.64,27246.0
2025-08-08,208.4,210.0,201.2,202.7,26806,EQ,4180.0,6.41,14348.0
2025-08-11,202.7,207.0,199.0,202.9,33704,EQ,4610.0,7.31,15238.0
2025-08-12,206.8,210.0,201.45,207.45,34481,EQ,4172.0,8.26,18313.0
2025-08-13,209.5,209.9,206.1,208.1,28506,EQ,3432.0,8.31,18022.0
2025-08-14,209.5,209.5,204.2,206.35,30693,EQ,3747.0,8.19,17881.0
2025-08-18,210.0,214.9,207.0,210.4,38436,EQ,5485.0,7.01,18954.0
2025-08-19,213.7,219.45,208.15,216.0,37923,EQ,6070.0,6.25,19528.0
2025-08-20,218.0,236.4,213.5,230.55,85579,EQ,10236.0,8.36,40423.0
2025-08-21,230.0,243.0,226.8,233.1,75163,EQ,9122.0,8.24,39044.0
2025-08-22,230.5,236.0,229.0,234.4,39861,EQ,5227.0,7.63,20317.0
2025-08-25,235.5,240.5,233.8,236.25,41431,EQ,4779.0,8.67,21350.0
2025-08-26,239.5,239.5,226.5,236.05,46951,EQ,6124.0,7.67,23349.0
2025-08-28,247.45,247.45,229.5,235.3,108389,EQ,10403.0,10.42,52697.0
2025-08-29,238.0,238.0,228.4,229.5,59806,EQ,6250.0,9.57,39300.0
2025-09-01,228.0,231.9,223.0,227.0,60811,EQ,5494.0,11.07,32809.0
2025-09-02,229.5,246.6,225.55,240.3,93427,EQ,9120.0,10.24,45360.0
2025-09-03,255.0,264.35,248.1,264.35,303681,EQ,13121.0,23.14,104198.0
2025-09-04,279.95,289.35,264.35,286.75,438965,EQ,33646.0,13.05,152883.0
2025-09-05,282.5,296.45,275.85,290.0,201614,EQ,20047.0,10.06,69921.0
2025-09-08,294.4,299.9,290.4,296.15,85073,EQ,13182.0,6.45,40832.0
2025-09-09,299.0,310.95,290.75,310.95,177169,EQ,9552.0,18.55,80048.0
2025-09-10,312.0,326.5,312.0,326.5,125642,EQ,8284.0,15.17,57813.0
2025-09-11,330.0,342.8,318.4,324.65,320583,EQ,25413.0,12.61,107918.0
2025-09-12,323.1,325.5,308.4,308.4,104991,EQ,9684.0,10.84,61933.0
2025-09-15,303.6,320.0,297.6,301.45,150056,EQ,16595.0,9.04,77094.0
2025-09-16,305.0,310.0,300.0,301.65,58540,EQ,6885.0,8.5,23719.0
2025-09-17,306.0,314.5,295.55,297.95,84424,EQ,10086.0,8.37,33187.0
2025-09-18,300.0,302.4,293.25,295.65,55974,EQ,8037.0,6.96,24622.0
2025-09-19,298.0,307.5,295.4,304.0,91080,EQ,11451.0,7.95,38664.0
2025-09-22,305.0,319.2,303.6,319.2,57761,EQ,4665.0,12.38,40605.0
2025-09-23,324.0,335.15,323.0,335.15,190016,EQ,7633.0,24.89,81790.0
2025-09-24,342.85,346.9,318.4,321.85,221986,EQ,22188.0,10.0,89950.0
2025-09-25,330.9,337.95,320.4,332.05,123230,EQ,13298.0,9.27,45759.0
2025-09-26,334.0,348.65,325.0,345.1,276623,EQ,24919.0,11.1,106241.0
2025-09-29,349.7,357.0,327.85,330.55,252587,EQ,23088.0,10.94,85859.0
2025-09-30,328.9,335.1,317.1,320.45,116753,EQ,13779.0,8.47,42871.0
2025-10-01,323.0,336.45,320.1,336.45,100433,EQ,9098.0,11.04,47408.0
2025-10-03,345.0,353.25,341.05,353.25,98922,EQ,3801.0,26.03,45120.0
2025-10-06,361.45,370.95,359.0,370.95,75231,EQ,3605.0,20.87,43683.0
2025-10-07,389.45,389.45,363.9,374.35,344233,EQ,33914.0,10.15,131499.0
2025-10-08,372.0,382.0,363.0,372.7,130039,EQ,15113.0,8.6,49115.0
2025-10-09,376.0,376.0,342.6,346.55,219701,EQ,27229.0,8.07,96634.0
2025-10-10,346.5,351.3,336.7,340.8,111052,EQ,14856.0,7.48,39748.0
2025-10-13,334.0,336.5,323.1,330.05,163423,EQ,19792.0,8.26,71816.0
2025-10-14,332.0,334.5,317.0,319.7,140930,EQ,17304.0,8.14,55454.0
2025-10-15,319.7,329.5,314.2,320.15,129274,EQ,14985.0,8.63,47160.0
2025-10-16,320.0,324.0,312.1,320.95,106163,EQ,11303.0,9.39,45613.0
2025-10-17,323.0,332.1,313.2,324.15,152721,EQ,14448.0,10.57,65797.0
2025-10-20,329.9,331.8,316.35,318.1,67056,EQ,8875.0,7.56,26938.0
2025-10-21,319.0,325.0,318.0,319.85,14283,EQ,2116.0,6.75,6953.0
2025-10-23,322.4,322.9,313.2,320.75,79088,EQ,8640.0,9.15,42629.0
2025-10-24,321.5,322.8,301.0,306.8,74004,EQ,8724.0,8.48,38356.0
2025-10-27,310.0,334.1,305.85,317.6,174963,EQ,18632.0,9.39,75086.0
2025-10-28,319.15,320.5,311.0,311.95,65002,EQ,8386.0,7.75,35226.0
2025-10-29,315.0,315.1,308.1,309.1,49590,EQ,6504.0,7.62,22956.0
2025-10-30,309.1,313.5,307.1,311.8,43842,EQ,5227.0,8.39,18927.0
2025-10-31,312.0,316.4,307.8,309.25,38734,EQ,4668.0,8.3,16430.0
2025-11-03,310.0,312.5,304.0,304.85,39410,EQ,5455.0,7.22,19763.0
2025-11-04,303.0,313.0,302.65,311.35,55655,EQ,6664.0,8.35,28457.0
2025-11-06,311.0,311.0,294.25,304.8,101280,EQ,11861.0,8.54,49288.0
2025-11-07,300.0,311.35,293.4,307.7,92269,EQ,13449.0,6.86,38877.0
2025-11-10,307.0,312.05,297.55,304.85,72690,EQ,9018.0,8.06,37568.0
2025-11-11,304.85,307.8,277.15,292.45,276383,EQ,32281.0,8.56,97725.0
2025-11-12,289.4,294.7,273.25,291.55,330298,EQ,32603.0,10.13,140770.0
2025-11-13,291.55,295.0,280.1,281.2,81797,EQ,10417.0,7.85,35048.0
2025-11-14,281.0,281.2,263.4,264.7,156734,EQ,17226.0,9.1,100535.0
2025-11-17,260.2,266.0,258.05,261.15,135780,EQ,14490.0,9.37,62952.0
2025-11-18,261.0,265.95,250.75,258.9,137808,EQ,14791.0,9.32,54051.0
2025-11-19,258.9,262.05,256.0,260.35,73560,EQ,8410.0,8.75,33595.0
2025-11-20,267.5,267.9,256.3,258.55,78341,EQ,8434.0,9.29,31427.0
2025-11-21,254.1,256.85,247.0,247.9,59011,EQ,8250.0,7.15,29062.0
2025-11-24,247.5,247.55,230.7,232.85,115582,EQ,14473.0,7.99,59910.0
2025-11-25,232.0,240.6,230.0,232.6,103188,EQ,13914.0,7.42,39607.0
2025-11-26,233.7,240.8,231.5,234.55,76864,EQ,10751.0,7.15,24656.0
2025-11-27,237.4,239.5,230.0,231.0,60856,EQ,9138.0,6.66,27273.0
2025-11-28,230.5,231.4,225.5,226.2,70341,EQ,9289.0,7.57,38709.0
2025-12-01,227.1,234.45,226.2,229.0,83064,EQ,12118.0,6.85,29690.0
2025-12-02,229.3,229.5,220.0,220.4,62835,EQ,9164.0,6.86,34058.0
2025-12-03,220.7,221.15,211.4,214.25,141444,EQ,14416.0,9.81,84801.0
2025-12-04,217.0,225.0,210.85,220.45,150458,EQ,14151.0,10.63,56410.0
2025-12-05,224.45,231.1,210.0,212.4,162517,EQ,14126.0,11.5,71086.0
2025-12-08,214.4,215.0,200.0,202.3,121978,EQ,12946.0,9.42,61965.0
2025-12-09,201.2,219.95,198.3,215.0,182116,EQ,20295.0,8.97,59666.0
2025-12-10,216.2,224.8,207.4,208.55,133417,EQ,15256.0,8.75,54403.0
2025-12-11,208.6,212.05,205.5,210.6,74577,EQ,10868.0,6.86,29039.0
2025-12-12,210.9,214.8,209.0,210.5,84593,EQ,9888.0,8.56,36017.0
2025-12-15,210.5,212.3,205.1,210.25,74138,EQ,10337.0,7.17,33190.0
2025-12-16,210.25,211.25,203.05,203.95,71650,EQ,9641.0,7.43,42324.0
2025-12-17,200.1,204.6,200.1,201.4,40512,EQ,5757.0,7.04,20631.0
2025-12-18,200.0,203.5,199.0,201.0,49447,EQ,7606.0,6.5,20334.0
2025-12-19,201.0,208.5,200.2,206.3,78269,EQ,9158.0,8.55,31826.0
2025-12-22,209.5,214.3,206.6,207.95,82802,EQ,9970.0,8.31,36430.0
2025-12-23,208.0,210.65,205.5,209.55,45047,EQ,7724.0,5.83,20460.0
2025-12-24,210.0,212.8,207.2,207.95,31746,EQ,5084.0,6.24,14611.0
2025-12-26,208.5,208.85,204.2,205.1,31159,EQ,4125.0,7.55,17404.0
2025-12-29,205.0,205.0,194.2,195.5,105748,EQ,11443.0,9.24,63026.0
2025-12-30,195.65,197.55,190.0,196.35,116879,EQ,11475.0,10.19,58419.0
2025-12-31,197.1,202.0,196.6,199.15,79461,EQ,9109.0,8.72,36982.0
2026-01-01,199.15,202.1,197.5,199.9,50833,EQ,6537.0,7.78,25748.0
2026-01-02,200.3,206.85,197.6,202.75,86603,EQ,11018.0,7.86,35896.0
2026-01-05,206.2,212.7,199.55,208.85,145881,EQ,16919.0,8.62,57550.0
2026-01-06,210.45,210.5,200.45,203.55,71808,EQ,9603.0,7.48,26914.0
2026-01-07,203.55,205.55,200.7,202.45,57473,EQ,5946.0,9.67,25650.0
2026-01-08,201.1,221.0,201.0,203.7,222062,EQ,24145.0,9.2,62563.0
2026-01-09,203.7,210.05,200.0,203.75,158036,EQ,18256.0,8.66,50017.0
2026-01-12,183.35,205.6,183.35,202.55,201317,EQ,23327.0,8.63,45184.0
2026-01-13,202.2,206.85,197.45,198.8,49426,EQ,5738.0,8.61,19714.0
2026-01-14,202.5,214.2,199.65,202.4,179768,EQ,16933.0,10.62,48913.0
2026-01-16,206.5,222.65,205.9,222.65,302113,EQ,14723.0,20.52,122871.0
2026-01-19,231.5,235.55,215.2,224.3,310507,EQ,26630.0,11.66,94825.0
2026-01-20,225.2,227.65,211.6,215.0,153299,EQ,15002.0,10.22,43501.0
2026-01-21,214.4,215.7,204.8,206.45,114485,EQ,12739.0,8.99,33699.0
2026-01-22,212.8,215.0,203.0,208.15,64892,EQ,7236.0,8.97,26695.0
2026-01-23,209.7,209.7,202.0,203.05,46918,EQ,5107.0,9.19,23107.0
2026-01-27,208.0,208.9,200.1,204.0,55625,EQ,7492.0,7.42,19253.0
2026-01-28,205.0,209.4,205.0,207.65,45375,EQ,5564.0,8.16,20377.0
2026-01-29,208.5,212.5,202.5,204.15,52141,EQ,5508.0,9.47,21577.0
2026-01-30,203.8,213.7,200.05,212.25,74795,EQ,7874.0,9.5,31479.0
2026-02-01,213.2,233.45,212.8,229.65,289918,EQ,21536.0,13.46,108753.0
2026-02-02,233.9,252.6,230.55,243.9,458044,EQ,32653.0,14.03,143026.0
2026-02-03,259.85,263.3,248.4,260.1,218995,EQ,20061.0,10.92,77037.0
2026-02-04,253.0,257.95,243.5,245.25,177590,EQ,18448.0,9.63,68733.0
2026-02-05,244.0,248.95,236.0,236.7,75624,EQ,8580.0,8.81,26056.0
2026-02-06,236.0,255.1,234.0,249.8,203107,EQ,21702.0,9.36,44047.0
2026-02-09,256.0,268.2,255.0,263.45,178763,EQ,22196.0,8.05,58925.0
2026-02-10,266.9,267.5,257.35,258.05,90959,EQ,10805.0,8.42,34711.0
2026-02-11,257.8,265.55,255.1,263.3,100164,EQ,12060.0,8.31,28358.0
2026-02-12,263.7,263.7,254.2,255.05,87937,EQ,10638.0,8.27,44174.0
2026-02-13,253.0,253.0,248.0,248.5,98736,EQ,12921.0,7.64,37904.0
2026-02-16,246.4,263.35,243.45,258.3,158022,EQ,21623.0,7.31,47279.0
2026-02-17,258.3,259.5,253.85,255.7,67959,EQ,10757.0,6.32,21571.0
2026-02-18,256.0,306.8,256.0,285.05,2239301,EQ,175223.0,12.78,339828.0
2026-02-19,288.0,323.75,287.5,296.35,1888814,EQ,168223.0,11.23,236614.0
2026-02-20,297.5,301.5,285.6,287.85,657086,EQ,66725.0,9.85,127744.0
2026-02-23,291.4,291.4,254.0,256.95,713255,EQ,65161.0,10.95,204884.0
2026-02-24,248.9,254.9,244.1,244.1,73069,BE,6339.0,11.53,73069.0
2026-02-25,241.8,256.3,240.2,256.05,92773,BE,5838.0,15.89,92773.0
2026-02-26,260.0,266.0,257.5,260.15,59616,BE,4306.0,13.84,59616.0
2026-02-27,252.7,264.5,247.2,257.2,53217,BE,4543.0,11.71,53217.0
2026-03-02,244.35,252.0,244.35,245.7,75503,BE,6569.0,11.49,75503.0
2026-03-04,245.85,245.85,233.4,233.4,72973,BE,6074.0,12.01,72973.0
2026-03-05,233.4,243.0,223.1,232.7,60405,BE,4524.0,13.35,60405.0
2026-03-06,231.0,235.9,225.5,231.05,40492,BE,3342.0,12.12,40492.0
2026-03-09,220.0,234.0,219.5,230.7,72432,BE,6424.0,11.28,72432.0
2026-03-10,234.8,242.2,231.6,242.2,38619,BE,3154.0,12.24,38619.0
2026-03-11,246.0,248.4,235.1,237.25,33919,BE,2918.0,11.62,33919.0
2026-03-12,235.1,235.5,225.4,234.25,33826,BE,2453.0,13.79,33826.0
2026-03-13,231.5,237.4,230.0,230.3,34817,BE,2748.0,12.67,34817.0
2026-03-16,230.1,232.55,219.0,221.1,48465,BE,4463.0,10.86,48465.0
2026-03-17,222.2,224.4,215.15,219.6,28911,BE,2780.0,10.4,28911.0
2026-03-18,223.0,228.0,220.5,225.85,48609,BE,3021.0,16.09,48609.0
2026-03-19,219.5,233.3,219.5,228.5,43171,BE,2753.0,15.68,43171.0
2026-03-20,230.1,234.8,222.65,226.2,23812,BE,2048.0,11.63,23812.0
2026-03-23,221.2,222.5,215.2,216.2,43174,BE,3718.0,11.61,43174.0
2026-03-24,222.4,226.8,214.2,216.1,46895,BE,3104.0,15.11,46895.0
2026-03-25,219.3,226.0,216.5,224.8,45680,BE,2540.0,17.98,45680.0
2026-03-27,224.0,224.0,213.55,213.55,74558,BE,4635.0,16.09,74558.0
2026-03-30,205.2,210.0,202.9,205.4,98350,BE,5378.0,18.29,98350.0
2026-04-01,212.5,215.65,212.0,215.65,34946,BE,2053.0,17.02,34946.0
2026-04-02,210.0,226.2,207.2,224.85,42576,BE,2797.0,15.22,42576.0
2026-04-06,225.5,233.9,225.2,230.05,35168,BE,2447.0,14.37,35168.0
2026-04-07,231.5,238.0,229.0,234.6,36318,BE,2377.0,15.28,36318.0
2026-04-08,243.5,246.35,240.0,246.35,49247,BE,2807.0,17.54,49247.0
2026-04-09,243.0,250.0,238.0,242.35,36920,BE,2851.0,12.95,36920.0
2026-04-10,244.3,248.8,243.0,245.0,20617,BE,1608.0,12.82,20617.0
2026-04-13,239.8,249.5,236.0,246.85,37309,BE,2803.0,13.31,37309.0
2026-04-15,252.0,259.2,249.5,259.2,53441,BE,3532.0,15.13,53441.0
2026-04-16,263.0,272.15,257.4,271.15,84371,BE,4901.0,17.22,84371.0
2026-04-17,274.0,283.5,272.55,280.6,62964,BE,4426.0,14.23,62964.0
2026-04-20,280.6,280.6,268.0,270.9,57559,BE,4399.0,13.08,57559.0
2026-04-21,273.6,284.45,273.6,284.45,63120,BE,2983.0,21.16,63120.0
2026-04-22,292.9,298.65,284.9,293.6,144935,BE,8223.0,17.63,144935.0
2026-04-23,294.3,299.6,285.0,290.65,88756,BE,4719.0,18.81,88756.0
2026-04-24,290.6,292.0,278.25,290.3,85545,BE,5469.0,15.64,85545.0
2026-04-27,290.3,304.8,284.0,304.8,102267,BE,5087.0,20.1,102267.0
2026-04-28,308.8,309.75,292.2,297.85,69324,BE,4597.0,15.08,69324.0
2026-04-29,298.8,309.9,292.2,293.85,86553,BE,4792.0,18.06,86553.0
2026-04-30,297.9,297.9,282.5,288.4,50183,BE,4952.0,10.13,50183.0
2026-05-04,291.0,291.0,280.5,283.15,84183,BE,4084.0,20.61,84183.0
2026-05-05,290.75,297.3,285.0,297.3,109323,BE,6462.0,16.92,109323.0
2026-05-06,303.0,312.15,300.0,312.15,83411,BE,5517.0,15.12,83411.0
2026-05-07,319.4,327.75,317.5,327.75,68774,BE,2785.0,24.69,68774.0
2026-05-08,337.0,344.1,320.1,343.45,168808,BE,9508.0,17.75,168808.0
2026-05-11,344.0,360.6,330.65,360.55,197299,BE,10879.0,18.14,197299.0
2026-05-12,359.2,359.2,342.5,342.5,76453,BE,6290.0,12.15,76453.0
2026-05-13,325.4,325.4,325.4,325.4,19617,BE,1918.0,10.23,19617.0
2026-05-14,314.1,339.8,309.15,327.05,163196,BE,9968.0,16.37,163196.0
2026-05-15,317.0,324.3,310.7,311.65,73882,BE,4757.0,15.53,73882.0
2026-05-18,296.1,309.9,296.1,302.45,84808,BE,5310.0,15.97,84808.0
2026-05-19,295.0,317.55,295.0,317.55,62094,EQ,3543.0,17.53,37564.0
2026-05-20,329.55,333.45,323.2,333.15,294517,EQ,13900.0,21.19,119385.0
2026-05-21,339.55,349.6,333.5,340.95,140353,EQ,11401.0,12.31,64765.0
2026-05-22,344.55,357.95,332.0,357.85,198175,EQ,15104.0,13.12,109494.0
2026-05-25,369.9,375.75,355.1,370.2,257636,EQ,16590.0,15.53,119673.0
2026-05-26,370.2,388.7,367.0,388.45,228433,EQ,11441.0,19.97,113335.0
2026-05-27,392.5,406.0,391.1,395.15,222973,EQ,17352.0,12.85,96971.0
2026-05-29,397.0,407.0,381.3,392.25,313538,EQ,26386.0,11.88,135873.0
2026-06-01,410.0,411.85,402.25,411.85,248727,EQ,7415.0,33.54,115608.0
2026-06-02,428.0,432.45,416.5,432.45,204649,EQ,9351.0,21.89,107467.0
2026-06-03,447.0,453.8,410.8,410.8,450792,EQ,45969.0,9.81,202567.0
2026-06-04,399.0,431.35,393.0,431.35,215019,EQ,16211.0,13.26,111990.0
2026-06-05,452.9,452.9,452.9,452.9,83746,EQ,817.0,102.5,83746.0
2026-06-08,441.0,444.8,430.3,430.3,2467251,EQ,18722.0,131.78,1154249.0
2026-06-09,408.8,425.9,408.8,408.8,3491521,EQ,24749.0,141.08,1613232.0
2026-06-10,402.2,408.0,388.4,388.4,1751202,EQ,18944.0,92.44,955572.0
2026-06-11,369.0,369.0,369.0,369.0,220311,EQ,3683.0,59.82,215317.0
2026-06-12,374.0,387.4,361.2,386.4,6228077,EQ,56066.0,111.08,2197288.0
2026-06-15,395.0,405.7,371.0,373.9,4301429,EQ,53395.0,80.56,1477676.0
2026-06-16,379.4,389.0,373.4,382.5,1386909,EQ,22285.0,62.24,555817.0
2026-06-17,386.9,398.9,381.9,386.4,1236447,EQ,21685.0,57.02,493145.0
2026-06-18,390.0,405.7,388.4,405.7,2392972,EQ,14318.0,167.13,1181927.0
2026-06-19,419.0,425.9,415.0,425.9,558938,EQ,4144.0,134.88,431573.0
2026-06-22,437.0,447.1,424.2,447.1,3014749,EQ,30732.0,98.1,1408417.0
2026-06-23,455.0,469.4,424.8,433.0,4134531,EQ,57554.0,71.84,1703413.0
2026-06-24,433.0,448.8,412.3,418.2,1672183,EQ,30444.0,54.93,785289.0
2026-06-25,432.0,433.4,410.3,412.3,1439517,EQ,23973.0,60.05,775347.0
2026-06-29,414.0,415.0,391.7,395.4,1549018,EQ,21063.0,73.54,559735.0
2026-06-30,398.0,410.4,391.9,396.3,986293,EQ,20206.0,48.81,428843.0
2026-07-01,398.45,410.95,397.0,402.7,898114,EQ,16912,53.11,352229
2026-07-02,402.8,406.9,383.2,388.2,1408128,EQ,22517,62.54,669818
2026-07-03,388.2,396.1,377.0,382.0,1728129,EQ,26715,64.69,837998
2026-07-06,383.6,391.95,374.0,381.7,1092285,EQ,19407,56.28,510747
2026-07-07,384.0,386.65,369.05,371.3,688160,EQ,16112,42.71,359554
2026-07-08,371.3,389.0,366.0,378.8,1701866,EQ,30224,56.31,652268
2026-07-09,378.85,397.7,377.6,397.7,1393285,EQ,11104,125.48,714129
2026-07-10,405.0,414.0,394.35,397.9,1071224,EQ,20744,51.64,489874
2026-07-13,392.35,397.45,384.15,386.95,751831,EQ,18208,41.29,399478
2026-07-14,386.95,405.0,380.0,394.6,1171985,EQ,22883,51.22,501277
2026-07-15,397.9,414.3,397.55,410.9,2148139,EQ,22002,97.63,937659
2026-07-16,416.95,426.9,400.45,423.5,1838322,EQ,29635,62.03,823025
2026-07-17,420.05,442.0,402.35,404.95,2414292,EQ,42914,56.26,1083588
2026-07-20,400.0,425.15,399.2,425.15,2515611,EQ,17660,142.45,1389393
2026-07-21,433.7,446.4,430.35,446.4,2758582,EQ,25502,108.17,1266059
2026-07-22,468.7,468.7,468.7,468.7,121637,EQ,973,125.01,121636
2026-07-23,492.1,492.1,492.1,492.1,114305,EQ,909,125.75,114305
2026-07-24,509.0,516.7,492.1,516.7,7140040,EQ,27917,255.76,2730593
2026-07-27,534.0,542.5,534.0,542.5,429556,EQ,1898,226.32,359916
2026-07-28,560.0,567.8,515.4,515.4,5885813,EQ,109604,53.7,2431429
2026-07-29,507.0,529.9,489.65,491.45,5202149,EQ,55954,92.97,1793275
2026-07-30,495.0,499.75,472.9,492.55,1788213,EQ,34556,51.75,698634
2026-07-31,517.15,517.15,510.1,517.15,217316,EQ,951,228.51,212691
2026-08-03,536.35,543.0,526.9,543.0,539520,EQ,4742,113.77,356236
2026-08-04,552.0,570.15,551.6,570.15,2968119,EQ,37923,78.27,1241421
2026-08-05,574.0,598.65,562.5,598.65,2619172,EQ,41286,63.44,1002999
2026-08-06,594.35,627.7,580.5,605.7,3029968,EQ,67117,45.14,1078350
2026-08-07,593.0,617.45,575.45,575.45,2106565,EQ,37279,56.51,1042804
2026-08-10,572.0,604.2,551.35,602.8,3378109,EQ,46288,72.98,1203783
2026-08-11,580.0,631.6,580.0,627.4,863149,BE,12287,70.25,863149
2026-08-12,630.55,657.4,602.2,631.4,1123508,BE,16330,68.8,1123508
2026-08-13,629.65,649.0,619.0,635.0,629029,BE,11009,57.14,629029
2026-08-14,641.05,666.75,636.0,666.75,1171587,BE,16185,72.39,1171587
2026-08-17,698.0,698.0,646.75,686.15,1184896,BE,19402,61.07,1184896
2026-08-18,672.0,686.95,656.0,664.55,890449,BE,22586,39.42,890449
2026-08-19,636.8,655.0,631.35,631.35,860290,BE,14625,58.82,860290
2026-08-20,613.0,650.0,601.3,623.85,861719,BE,12065,71.42,861719
2026-08-21,625.0,635.0,612.0,621.6,461723,BE,11993,38.5,461723
