Date,Open,High,Low,Close,Volume,Series,TOTAL_TRADES,QTY_PER_TRADE,DLV_QTY
2007-12-31,61.65,77.9,56.65,74.9,9316883,EQ,,,
2008-01-01,79.15,85.8,73.6,79.5,4006769,EQ,,,
2008-01-02,79.8,81.15,74.4,74.9,1128741,EQ,,,
2008-01-03,77.5,77.5,67.8,68.7,594166,EQ,,,
2008-01-04,71.2,74.15,68.85,70.1,570092,EQ,,,
2008-01-07,69.3,72.5,67.7,70.15,331708,EQ,,,
2008-01-08,70.95,71.65,66.5,67.25,231502,EQ,,,
2008-01-09,66.65,67.65,63.4,65.7,222380,EQ,,,
2008-01-10,68.0,68.1,59.15,60.6,98308,EQ,,,
2008-01-11,61.8,62.1,56.8,58.9,125444,EQ,,,
2008-01-14,59.5,60.5,58.3,59.0,73997,EQ,,,
2008-01-15,59.5,60.65,56.8,57.8,59708,EQ,,,
2008-01-16,58.65,60.0,52.5,54.4,44597,EQ,,,
2008-01-17,54.8,65.3,53.65,64.4,391024,EQ,,,
2008-01-18,65.0,73.95,62.7,63.85,1553883,EQ,,,
2008-01-21,63.3,64.8,51.65,53.05,228888,EQ,,,
2008-01-22,50.6,55.5,42.5,54.15,69219,EQ,,,
2008-01-23,56.0,61.65,50.0,58.6,70304,EQ,,,
2008-01-24,59.15,61.5,52.65,56.9,70373,EQ,,,
2008-01-25,59.05,60.65,53.8,57.0,30067,EQ,,,
2008-01-28,55.0,61.3,54.15,58.7,57614,EQ,,,
2008-01-29,58.5,60.3,55.0,56.1,36938,EQ,,,
2008-01-30,55.0,56.65,54.5,55.65,54397,EQ,,,
2008-01-31,56.3,58.1,53.65,56.4,40091,EQ,,,
2008-02-01,55.0,57.5,53.0,53.8,16719,EQ,,,
2008-02-04,55.3,59.8,55.15,58.5,76428,EQ,,,
2008-02-05,57.5,59.3,57.0,57.3,23524,EQ,,,
2008-02-06,56.0,57.5,52.8,56.75,24456,EQ,,,
2008-02-07,56.65,59.5,56.4,57.1,32256,EQ,,,
2008-02-08,57.0,57.5,56.3,56.7,17757,EQ,,,
2008-02-11,55.15,56.5,49.15,52.45,27072,EQ,,,
2008-02-12,56.3,56.3,50.15,51.3,15706,EQ,,,
2008-02-13,52.0,53.65,51.25,51.4,17886,EQ,,,
2008-02-14,53.3,53.3,51.65,52.15,10925,EQ,,,
2008-02-15,52.15,54.1,50.0,52.9,12843,EQ,,,
2008-02-18,54.0,59.75,52.3,57.0,45967,EQ,,,
2008-02-19,57.0,57.0,55.0,55.65,19054,EQ,,,
2008-02-20,51.65,55.0,51.65,53.0,6759,EQ,,,
2008-02-21,54.15,54.5,53.3,54.15,13853,EQ,,,
2008-02-22,52.0,53.8,51.8,53.4,5896,EQ,,,
2008-02-25,53.65,53.8,52.0,53.0,6187,EQ,,,
2008-02-26,52.65,54.5,52.65,54.0,14267,EQ,,,
2008-02-27,54.3,55.8,53.1,53.5,6838,EQ,,,
2008-02-28,53.0,55.0,52.8,54.6,7646,EQ,,,
2008-02-29,52.7,55.0,52.7,53.3,7894,EQ,,,
2008-03-03,52.5,56.65,50.0,53.3,26830,EQ,,,
2008-03-04,51.7,54.3,48.3,48.8,12356,EQ,,,
2008-03-05,49.8,50.65,48.35,50.1,10047,EQ,,,
2008-03-07,48.15,50.8,47.65,50.15,33858,EQ,,,
2008-03-10,47.8,48.65,47.0,47.6,8151,EQ,,,
2008-03-11,48.75,49.5,47.15,48.4,4193,EQ,,,
2008-03-12,49.3,51.6,46.65,47.9,8605,EQ,,,
2008-03-13,48.8,48.8,41.65,43.0,8308,EQ,,,
2008-03-14,44.65,48.3,42.75,44.7,14477,EQ,,,
2008-03-17,42.5,43.3,40.4,41.65,27143,EQ,,,
2008-03-18,41.8,42.5,33.8,41.7,11340,EQ,,,
2008-03-19,42.5,42.8,37.5,38.6,5401,EQ,,,
2008-03-24,38.65,38.65,34.2,37.6,10526,EQ,,,
2008-03-25,35.6,42.0,35.6,40.3,11314,EQ,,,
2008-03-26,40.0,41.4,40.0,40.4,4293,EQ,,,
2008-03-27,37.4,41.5,37.4,40.1,8136,EQ,,,
2008-03-28,39.9,45.5,39.9,44.2,14438,EQ,,,
2008-03-31,44.8,44.8,40.35,41.1,6283,EQ,,,
2008-04-01,41.5,42.0,40.65,40.9,4497,EQ,,,
2008-04-02,42.8,43.3,40.5,41.6,8069,EQ,,,
2008-04-03,40.85,45.0,40.65,43.65,12104,EQ,,,
2008-04-04,42.0,43.15,40.0,40.5,7874,EQ,,,
2008-04-07,41.5,42.5,40.5,42.3,6026,EQ,,,
2008-04-08,41.3,42.65,41.3,42.4,2687,EQ,,,
2008-04-09,43.8,49.5,43.3,47.15,120405,EQ,,,
2008-04-10,48.3,48.3,45.65,46.7,21674,EQ,,,
2008-04-11,45.8,47.5,45.8,46.9,7491,EQ,,,
2008-04-15,45.5,48.65,45.5,47.05,6091,EQ,,,
2008-04-16,47.8,48.3,46.9,47.15,7967,EQ,,,
2008-04-17,48.1,48.8,47.0,47.65,14486,EQ,,,
2008-04-21,48.5,49.8,48.1,49.2,8229,EQ,,,
2008-04-22,49.15,50.65,48.3,48.5,2651,EQ,,,
2008-04-23,48.15,49.15,47.0,47.65,1267,EQ,,,
2008-04-24,47.65,48.8,46.5,46.75,3937,EQ,,,
2008-04-25,46.25,47.8,46.15,46.9,53279,EQ,,,
2008-04-28,47.45,47.65,46.15,47.2,1808,EQ,,,
2008-04-29,47.0,51.65,47.0,50.4,9965,EQ,,,
2008-04-30,50.8,54.15,50.0,51.8,22403,EQ,,,
2008-05-02,53.3,54.15,52.5,53.15,32459,EQ,,,
2008-05-05,54.15,54.6,52.8,53.1,6958,EQ,,,
2008-05-06,47.5,52.6,47.5,51.8,4756,EQ,,,
2008-05-07,52.0,52.5,46.9,51.1,3804,EQ,,,
2008-05-08,47.5,50.8,47.5,50.15,5139,EQ,,,
2008-05-09,50.0,50.3,49.85,50.0,7647,EQ,,,
2008-05-12,41.8,48.65,41.8,48.4,3912,EQ,,,
2008-05-13,55.65,55.65,47.5,48.55,2591,EQ,,,
2008-05-14,47.7,49.65,47.7,49.0,5937,EQ,,,
2008-05-15,48.0,49.8,47.6,48.1,2489,EQ,,,
2008-05-16,47.65,49.6,47.65,48.5,2217,EQ,,,
2008-05-20,48.0,49.65,47.3,48.4,3303,EQ,,,
2008-05-21,49.3,49.3,47.5,48.3,2211,EQ,,,
2008-05-22,47.8,48.65,47.4,48.3,1551,EQ,,,
2008-05-23,49.15,49.15,46.65,47.0,2166,EQ,,,
2008-05-26,44.15,49.8,44.15,46.75,4415,EQ,,,
2008-05-27,47.5,48.65,47.1,47.8,8753,EQ,,,
2008-05-28,47.5,48.0,47.35,47.75,3071,EQ,,,
2008-05-29,47.25,47.65,45.8,47.0,1811,EQ,,,
2008-05-30,47.5,47.5,45.4,46.75,6817,EQ,,,
2008-06-02,46.25,48.3,45.15,45.3,2012,EQ,,,
2008-06-03,44.3,44.3,41.9,42.9,3168,EQ,,,
2008-06-04,42.5,44.6,40.3,41.1,2340,EQ,,,
2008-06-05,40.85,41.15,39.4,39.65,2366,EQ,,,
2008-06-06,40.2,41.8,40.2,41.4,3777,EQ,,,
2008-06-09,39.7,41.65,39.15,39.8,5958,EQ,,,
2008-06-10,39.4,41.4,39.4,41.0,6360,EQ,,,
2008-06-11,40.9,41.15,39.9,40.2,736,EQ,,,
2008-06-12,39.3,40.7,39.15,40.5,1748,EQ,,,
2008-06-13,40.5,44.15,40.0,40.65,1132,EQ,,,
2008-06-16,40.9,42.75,40.9,41.9,2481,EQ,,,
2008-06-17,41.85,42.65,41.65,42.1,1239,EQ,,,
2008-06-18,42.1,42.65,40.6,40.9,1041,EQ,,,
2008-06-19,40.65,40.8,40.1,40.35,780,EQ,,,
2008-06-20,39.1,40.8,38.65,40.0,3063,EQ,,,
2008-06-23,38.3,48.0,37.0,41.65,6513,EQ,,,
2008-06-24,40.9,41.2,38.6,40.4,4242,EQ,,,
2008-06-25,37.8,41.65,37.5,38.5,2403,EQ,,,
2008-06-26,39.65,39.75,37.15,37.9,1418,EQ,,,
2008-06-27,37.15,38.1,37.0,37.5,2509,EQ,,,
2008-06-30,36.85,40.0,35.0,37.4,2585,EQ,,,
2008-07-01,35.65,36.65,33.3,33.5,1821,EQ,,,
2008-07-02,33.3,34.5,32.1,34.2,3998,EQ,,,
2008-07-03,33.8,33.8,32.0,32.5,1208,EQ,,,
2008-07-04,32.5,33.8,32.5,33.3,2050,EQ,,,
2008-07-07,33.5,35.0,33.4,33.9,1212,EQ,,,
2008-07-08,31.7,33.3,31.7,32.4,1580,EQ,,,
2008-07-09,34.0,34.1,33.0,33.6,1786,EQ,,,
2008-07-10,33.3,34.0,33.15,33.6,1275,EQ,,,
2008-07-11,33.8,33.9,32.1,32.9,2522,EQ,,,
2008-07-14,32.8,32.8,31.8,32.3,1142,EQ,,,
2008-07-15,32.6,32.6,29.3,29.9,2330,EQ,,,
2008-07-16,28.8,31.8,28.8,30.4,3576,EQ,,,
2008-07-17,30.6,30.65,29.8,30.6,470,EQ,,,
2008-07-18,31.25,31.7,30.3,31.0,1848,EQ,,,
2008-07-21,31.6,31.6,30.0,30.25,817,EQ,,,
2008-07-22,30.7,32.3,30.7,31.5,1099,EQ,,,
2008-07-23,32.25,34.65,31.6,33.6,4391,EQ,,,
2008-07-24,33.65,35.8,33.5,34.0,4116,EQ,,,
2008-07-25,34.0,35.0,32.65,34.6,12065,EQ,,,
2008-07-28,33.65,34.1,33.65,33.75,1219,EQ,,,
2008-07-29,34.1,34.1,32.1,32.4,855,EQ,,,
2008-07-30,32.0,33.3,31.85,32.4,1453,EQ,,,
2008-07-31,32.0,33.3,31.9,33.1,1115,EQ,,,
2008-08-01,32.65,33.3,32.05,32.6,762,EQ,,,
2008-08-04,33.8,34.0,33.0,33.4,1837,EQ,,,
2008-08-05,34.0,35.0,32.65,33.1,1781,EQ,,,
2008-08-06,34.15,39.65,33.75,34.3,3910,EQ,,,
2008-08-07,34.15,35.65,33.8,34.25,1301,EQ,,,
2008-08-08,33.5,34.75,32.7,33.1,3118,EQ,,,
2008-08-11,33.65,35.6,33.65,34.0,1222,EQ,,,
2008-08-12,33.8,34.3,33.1,33.6,1186,EQ,,,
2008-08-13,33.35,33.35,31.7,32.9,24162,EQ,,,
2008-08-14,32.5,33.1,32.5,32.7,1372,EQ,,,
2008-08-18,32.15,33.65,32.15,33.2,880,EQ,,,
2008-08-19,32.65,34.1,32.5,33.1,1679,EQ,,,
2008-08-20,33.0,33.7,32.8,33.25,1989,EQ,,,
2008-08-21,33.35,36.15,32.7,32.9,1683,EQ,,,
2008-08-22,33.0,33.2,32.1,32.9,1172,EQ,,,
2008-08-25,32.65,33.5,32.6,32.9,402,EQ,,,
2008-08-26,32.25,32.65,31.7,32.6,806,EQ,,,
2008-08-27,32.5,32.75,31.8,32.0,753,EQ,,,
2008-08-28,32.25,32.5,30.8,30.9,1854,EQ,,,
2008-08-29,32.3,33.5,31.6,32.6,3227,EQ,,,
2008-09-01,32.65,33.3,31.75,32.8,2369,EQ,,,
2008-09-02,33.2,33.5,32.5,33.25,2508,EQ,,,
2008-09-04,34.0,34.0,32.5,32.8,836,EQ,,,
2008-09-05,32.15,33.3,32.15,32.6,604,EQ,,,
2008-09-08,32.7,33.3,32.5,32.65,648,EQ,,,
2008-09-09,32.4,33.3,32.3,32.8,1284,EQ,,,
2008-09-10,32.65,33.3,32.0,32.5,1254,EQ,,,
2008-09-11,32.15,33.0,31.8,32.2,1204,EQ,,,
2008-09-12,32.0,32.0,30.0,30.4,3668,EQ,,,
2008-09-15,28.3,31.4,26.25,27.9,3174,EQ,,,
2008-09-16,26.7,27.3,26.4,27.2,1460,EQ,,,
2008-09-17,27.0,28.0,26.1,26.35,1993,EQ,,,
2008-09-18,26.3,26.3,24.2,25.7,2105,EQ,,,
2008-09-19,25.85,27.5,25.0,25.3,3511,EQ,,,
2008-09-22,25.8,26.1,23.35,25.1,16506,EQ,,,
2008-09-23,24.2,24.5,23.7,23.9,6100,EQ,,,
2008-09-24,24.5,26.0,23.0,25.1,3607,EQ,,,
2008-09-25,25.0,25.0,24.0,24.25,1071,EQ,,,
2008-09-26,24.0,24.7,22.6,22.9,1305,EQ,,,
2008-09-29,22.0,22.8,19.7,20.2,3456,EQ,,,
2008-09-30,17.05,21.7,17.05,19.9,5374,EQ,,,
2008-10-01,19.7,20.8,19.5,20.0,1219,EQ,,,
2008-10-03,20.0,20.1,18.7,18.9,1336,EQ,,,
2008-10-06,18.2,18.7,16.7,17.2,1939,EQ,,,
2008-10-07,17.3,17.6,16.0,16.75,1851,EQ,,,
2008-10-08,14.3,16.05,14.3,15.4,1770,EQ,,,
2008-10-10,15.0,15.8,13.7,14.5,1716,EQ,,,
2008-10-13,14.3,16.25,14.25,14.7,2216,EQ,,,
2008-10-14,16.2,17.2,15.8,16.7,3041,EQ,,,
2008-10-15,15.8,15.8,14.8,15.0,829,EQ,,,
2008-10-16,14.4,15.55,13.35,15.0,1791,EQ,,,
2008-10-17,14.5,15.0,14.2,14.6,2392,EQ,,,
2008-10-20,15.0,16.2,15.0,15.5,1297,EQ,,,
2008-10-21,15.05,17.5,15.05,17.05,2472,EQ,,,
2008-10-22,17.05,17.5,15.8,16.7,46492,EQ,,,
2008-10-23,16.0,17.5,15.6,16.7,869,EQ,,,
2008-10-24,15.5,16.2,14.7,15.1,2061,EQ,,,
2008-10-27,15.2,15.2,12.2,13.2,3088,EQ,,,
2008-10-28,13.4,15.0,13.4,14.5,1051,EQ,,,
2008-10-29,15.2,16.0,13.55,15.4,1681,EQ,,,
2008-10-31,14.7,16.5,14.7,16.3,1719,EQ,,,
2008-11-03,16.7,17.2,16.5,16.75,921,EQ,,,
2008-11-04,16.0,19.2,16.0,17.25,2359,EQ,,,
2008-11-05,16.7,18.3,16.7,16.7,51687,EQ,,,
2008-11-06,16.5,16.5,15.4,15.9,961,EQ,,,
2008-11-07,15.3,18.2,15.2,17.4,86019,EQ,,,
2008-11-10,17.5,19.2,17.3,18.6,4445,EQ,,,
2008-11-11,17.4,18.3,17.4,17.75,874,EQ,,,
2008-11-12,17.5,18.8,16.9,18.2,1639,EQ,,,
2008-11-14,18.8,18.8,17.7,18.0,1250,EQ,,,
2008-11-17,17.3,18.3,17.0,17.9,898,EQ,,,
2008-11-18,17.7,17.9,16.9,16.9,637,EQ,,,
2008-11-19,16.8,17.8,16.8,17.4,1213,EQ,,,
2008-11-20,16.8,17.0,15.9,16.0,4847,EQ,,,
2008-11-21,15.3,16.25,15.0,16.2,1538,EQ,,,
2008-11-24,16.2,16.8,15.5,16.2,1901,EQ,,,
2008-11-25,16.2,16.55,16.2,16.2,957,EQ,,,
2008-11-26,15.8,16.8,15.8,16.65,745,EQ,,,
2008-11-28,17.5,17.5,15.8,16.4,853,EQ,,,
2008-12-01,15.8,16.25,15.8,16.15,354,BE,,,
2008-12-02,15.8,15.8,15.75,15.8,408,BE,,,
2008-12-03,15.95,16.5,15.95,16.2,401,BE,,,
2008-12-04,15.9,15.9,15.9,15.9,76,BE,,,
2008-12-05,15.8,16.7,15.5,15.9,208,BE,,,
2008-12-08,15.4,16.7,15.4,15.8,42,BE,,,
2008-12-10,15.5,16.5,15.5,15.8,235,BE,,,
2008-12-11,16.5,16.5,16.5,16.5,90,BE,,,
2008-12-12,16.2,17.15,15.8,16.5,409,BE,,,
2008-12-15,16.5,17.25,16.5,16.5,517,BE,,,
2008-12-16,16.7,17.3,16.7,17.0,778,BE,,,
2008-12-17,17.2,17.9,17.0,17.1,1820,BE,,,
2008-12-18,16.8,17.5,16.7,17.5,378,BE,,,
2008-12-19,16.8,17.7,16.8,17.7,654,BE,,,
2008-12-22,17.8,17.8,16.8,16.9,192,BE,,,
2008-12-23,17.3,17.3,16.2,16.3,278,BE,,,
2008-12-24,15.7,15.8,15.7,15.8,206,BE,,,
2008-12-26,15.35,16.5,15.3,15.5,214,BE,,,
2008-12-29,15.8,16.0,15.3,16.0,265,BE,,,
2008-12-30,16.0,16.25,15.45,15.7,341,BE,,,
2008-12-31,15.5,16.2,15.3,15.5,596,BE,,,
2009-01-01,15.8,16.2,15.6,15.8,3148,BE,,,
2009-01-02,15.85,16.5,15.5,16.3,578,BE,,,
2009-01-05,16.5,16.5,16.0,16.0,210,BE,,,
2009-01-06,16.3,16.3,15.4,16.25,332,BE,,,
2009-01-07,16.4,16.4,15.5,16.4,383,BE,,,
2009-01-09,16.2,16.2,15.6,16.1,405,BE,,,
2009-01-12,15.3,16.0,15.3,15.3,176,BE,,,
2009-01-13,15.3,15.3,15.05,15.05,301,BE,,,
2009-01-14,15.8,15.8,14.4,15.7,201,BE,,,
2009-01-15,15.55,15.55,14.9,15.3,281,BE,,,
2009-01-16,16.0,16.0,14.55,15.7,729,BE,,,
2009-01-19,15.0,16.1,15.0,16.0,252,BE,,,
2009-01-20,15.8,15.8,15.2,15.3,635,BE,,,
2009-01-21,16.0,16.0,15.8,15.8,1080,BE,,,
2009-01-22,16.5,16.6,15.3,15.3,396,BE,,,
2009-01-23,15.5,15.8,15.0,15.2,285,BE,,,
2009-01-27,15.2,15.9,15.2,15.8,299,BE,,,
2009-01-28,15.8,16.0,15.3,15.3,675,BE,,,
2009-01-29,15.8,16.1,15.8,16.1,1386,BE,,,
2009-01-30,15.8,16.2,15.8,16.05,243,BE,,,
2009-02-02,15.7,16.65,15.7,15.8,531,BE,,,
2009-02-03,16.5,16.6,15.4,16.55,465,BE,,,
2009-02-04,15.85,16.0,15.8,16.0,65,BE,,,
2009-02-05,16.5,16.7,15.8,16.2,540,BE,,,
2009-02-06,16.2,16.2,15.9,16.0,437,BE,,,
2009-02-09,16.7,16.7,16.0,16.55,354,BE,,,
2009-02-10,15.9,16.5,15.9,16.5,835,BE,,,
2009-02-11,16.5,16.65,16.0,16.5,228,BE,,,
2009-02-12,16.5,16.8,16.3,16.7,590,BE,,,
2009-02-13,16.7,17.0,16.3,16.55,1181,BE,,,
2009-02-16,16.55,16.55,16.3,16.3,66,BE,,,
2009-02-17,15.9,15.9,15.9,15.9,80,BE,,,
2009-02-18,16.2,16.2,15.8,15.8,146,BE,,,
2009-02-19,15.7,16.5,15.5,15.5,164,BE,,,
2009-02-20,15.5,15.7,15.5,15.55,335,BE,,,
2009-02-24,15.55,15.8,15.5,15.55,1724,BE,,,
2009-02-25,15.8,16.3,15.7,15.7,1309,BE,,,
2009-02-26,15.7,15.8,15.7,15.7,111,BE,,,
2009-02-27,15.3,16.1,15.3,16.1,93,BE,,,
2009-03-02,15.5,16.05,15.5,15.8,523,EQ,,,
2009-03-03,15.3,15.9,15.3,15.5,25446,EQ,,,
2009-03-04,15.0,16.05,15.0,15.4,571,EQ,,,
2009-03-05,15.5,16.1,15.3,15.4,537,EQ,,,
2009-03-06,15.0,15.5,15.0,15.4,255,EQ,,,
2009-03-09,15.2,15.3,15.0,15.2,367,EQ,,,
2009-03-12,14.8,16.5,14.8,15.2,630,EQ,,,
2009-03-13,15.0,16.5,15.0,16.2,5603,EQ,,,
2009-03-16,17.5,17.8,16.5,17.6,2367,EQ,,,
2009-03-17,18.1,19.4,18.1,19.4,2132,EQ,,,
2009-03-18,19.7,20.35,19.7,19.9,5275,EQ,,,
2009-03-19,19.25,20.35,19.25,20.05,2725,EQ,,,
2009-03-20,20.0,20.5,19.7,20.1,3496,EQ,,,
2009-03-23,19.7,20.8,19.2,20.2,1308,EQ,,,
2009-03-24,20.75,20.75,19.7,20.0,1625,EQ,,,
2009-03-25,19.05,20.5,19.0,19.9,663,EQ,,,
2009-03-26,19.9,20.65,19.8,20.0,1056,EQ,,,
2009-03-27,19.0,20.25,19.0,20.0,493,EQ,,,
2009-03-30,19.2,20.4,19.0,19.05,1139,EQ,,,
2009-03-31,19.2,20.05,19.2,19.7,396,EQ,,,
2009-04-01,20.3,20.65,18.7,20.6,1058,EQ,,,
2009-04-02,20.8,21.3,19.7,20.0,1672,EQ,,,
2009-04-06,20.5,21.0,20.4,21.0,2167,EQ,,,
2009-04-08,21.0,22.05,21.0,22.05,704,EQ,,,
2009-04-09,22.2,23.2,22.2,23.2,868,EQ,,,
2009-04-13,23.2,24.3,23.2,24.3,1365,EQ,,,
2009-04-15,25.5,25.5,25.0,25.5,668,EQ,,,
2009-04-16,26.8,26.8,26.8,26.8,1565,EQ,,,
2009-04-17,28.2,28.2,28.2,28.2,441,EQ,,,
2009-04-20,29.6,29.6,29.6,29.6,204,EQ,,,
2009-04-21,31.05,31.05,31.05,31.05,422,EQ,,,
2009-04-22,32.6,32.6,29.5,29.5,5891,EQ,,,
2009-04-23,29.2,29.2,28.0,28.0,971,EQ,,,
2009-04-24,26.7,29.45,26.7,29.4,2766,EQ,,,
2009-04-27,30.25,30.25,29.0,29.2,630,EQ,,,
2009-04-28,30.0,30.4,28.4,28.6,1835,EQ,,,
2009-04-29,29.8,29.8,27.8,28.4,854,EQ,,,
2009-05-04,29.0,29.3,27.1,27.1,1163,EQ,,,
2009-05-05,28.2,28.5,27.2,27.65,702,EQ,,,
2009-05-06,26.7,28.7,26.3,26.7,2409,EQ,,,
2009-05-07,26.7,27.0,25.5,26.8,1060,EQ,,,
2009-05-08,26.5,28.2,25.9,26.7,1507,EQ,,,
2009-05-11,27.65,27.7,25.35,25.6,796,EQ,,,
2009-05-12,25.25,25.8,24.7,25.05,2693,EQ,,,
2009-05-13,26.15,26.3,25.0,25.5,1851,EQ,,,
2009-05-14,25.0,26.8,25.0,26.8,3749,EQ,,,
2009-05-15,26.7,28.1,26.7,28.1,1408,EQ,,,
2009-05-19,29.55,29.55,29.55,29.55,1816,EQ,,,
2009-05-20,30.9,31.0,30.9,31.0,652,EQ,,,
2009-05-21,32.6,32.6,31.7,31.8,2268,EQ,,,
2009-05-22,33.3,33.4,30.4,32.7,15631,EQ,,,
2009-05-25,31.2,34.4,31.2,34.25,4208,EQ,,,
2009-05-26,35.0,35.8,33.5,33.9,1450,EQ,,,
2009-05-27,34.0,35.3,34.0,34.75,1621,EQ,,,
2009-05-28,34.0,34.0,33.1,33.6,2789,EQ,,,
2009-05-29,33.3,35.15,32.3,34.6,3720,EQ,,,
2009-06-01,36.25,36.25,35.4,36.25,3493,EQ,,,
2009-06-02,37.0,37.7,35.0,36.5,2073,EQ,,,
2009-06-03,37.5,37.5,35.35,36.75,1969,EQ,,,
2009-06-04,37.15,37.3,35.8,36.85,1860,EQ,,,
2009-06-05,36.8,38.65,36.8,37.4,7050,EQ,,,
2009-06-08,36.8,39.25,35.65,39.25,7006,EQ,,,
2009-06-09,40.25,41.25,40.0,41.25,2097,EQ,,,
2009-06-10,43.3,43.3,43.3,43.3,1953,EQ,,,
2009-06-11,45.5,45.5,41.8,44.6,13649,EQ,,,
2009-06-12,44.7,46.15,44.15,45.7,4827,EQ,,,
2009-06-15,45.15,46.5,43.5,43.55,3712,EQ,,,
2009-06-16,43.5,45.7,43.5,45.5,2757,EQ,,,
2009-06-17,44.15,47.3,43.8,44.4,1621,EQ,,,
2009-06-18,43.15,46.3,42.15,42.9,4097,EQ,,,
2009-06-19,44.8,44.8,42.35,42.6,4950,EQ,,,
2009-06-22,44.3,44.6,41.9,42.9,60504,EQ,,,
2009-06-23,42.5,42.5,41.4,42.25,1648,EQ,,,
2009-06-24,44.0,44.0,41.65,42.25,1143,EQ,,,
2009-06-25,43.75,43.8,42.15,42.15,602,EQ,,,
2009-06-26,42.2,43.8,40.8,43.3,138309,EQ,,,
2009-06-29,45.5,45.5,45.5,45.5,1138,EQ,,,
2009-06-30,46.65,47.75,45.15,45.5,5867,EQ,,,
2009-07-01,45.05,47.5,43.2,46.4,3749,EQ,,,
2009-07-02,46.0,47.75,45.0,45.35,660,EQ,,,
2009-07-03,45.0,45.8,43.6,43.9,2953,EQ,,,
2009-07-06,43.85,44.65,41.9,42.65,743,EQ,,,
2009-07-07,42.65,43.65,42.0,43.0,1413,EQ,,,
2009-07-08,43.3,43.3,40.0,40.6,1802,EQ,,,
2009-07-09,40.15,41.5,39.15,40.9,3415,EQ,,,
2009-07-10,40.0,41.0,39.5,40.65,1775,EQ,,,
2009-07-13,37.5,39.1,36.65,36.65,2168,EQ,,,
2009-07-14,38.3,40.4,37.5,39.5,1372,EQ,,,
2009-07-15,42.5,42.5,38.35,40.65,1606,EQ,,,
2009-07-16,41.0,43.65,41.0,41.65,973,EQ,,,
2009-07-17,40.4,42.5,40.4,41.6,1784,EQ,,,
2009-07-20,40.5,42.8,40.5,42.1,1579,EQ,,,
2009-07-21,41.15,42.5,41.15,42.0,1268,EQ,,,
2009-07-22,44.65,44.65,41.15,42.75,1340,EQ,,,
2009-07-23,42.5,44.15,42.5,43.5,838,EQ,,,
2009-07-24,44.0,47.8,43.65,47.8,7460,EQ,,,
2009-07-27,48.5,52.6,45.8,51.2,34081,EQ,,,
2009-07-28,48.35,52.45,47.0,48.7,5306,EQ,,,
2009-07-29,47.15,49.8,45.6,45.9,3813,EQ,,,
2009-07-30,46.8,48.0,46.15,46.75,2813,EQ,,,
2009-07-31,47.3,49.0,46.2,47.1,4139,EQ,,,
2009-08-03,50.0,51.8,46.65,50.1,15566,EQ,,,
2009-08-04,51.65,53.3,48.5,51.5,10310,EQ,,,
2009-08-05,52.4,55.8,50.6,54.5,20721,EQ,,,
2009-08-06,54.3,55.0,50.0,51.05,11914,EQ,,,
2009-08-07,55.5,55.5,48.4,49.6,9042,EQ,,,
2009-08-10,52.3,52.5,48.6,49.4,3698,EQ,,,
2009-08-11,48.75,53.0,47.75,52.0,7524,EQ,,,
2009-08-12,52.5,57.2,52.5,55.4,736618,EQ,,,
2009-08-13,55.8,57.5,53.3,54.3,14676,EQ,,,
2009-08-14,55.3,56.15,54.15,54.4,8229,EQ,,,
2009-08-17,53.65,55.8,52.6,53.1,16059,EQ,,,
2009-08-18,52.5,55.0,52.5,54.7,5461,EQ,,,
2009-08-19,54.65,55.3,53.8,54.3,3903,EQ,,,
2009-08-20,54.45,54.45,52.6,53.0,5557,EQ,,,
2009-08-21,52.65,53.1,51.65,52.15,2867,EQ,,,
2009-08-24,51.65,53.15,51.65,52.45,5370,EQ,,,
2009-08-25,50.0,57.7,50.0,57.6,23475,EQ,,,
2009-08-26,58.3,61.3,55.65,57.6,35128,EQ,,,
2009-08-27,58.3,58.65,55.8,57.7,19631,EQ,,,
2009-08-28,60.0,60.0,56.0,58.9,10844,EQ,,,
2009-08-31,58.15,63.9,56.2,60.2,46283,EQ,,,
2009-09-01,61.0,62.8,60.0,60.75,19240,EQ,,,
2009-09-02,60.0,61.6,58.8,59.15,9969,EQ,,,
2009-09-03,60.0,60.8,58.8,59.5,2721,EQ,,,
2009-09-04,59.15,60.3,58.6,59.3,3642,EQ,,,
2009-09-07,59.5,60.8,58.3,58.8,7266,EQ,,,
2009-09-08,58.65,61.0,57.65,58.1,10351,EQ,,,
2009-09-09,59.8,59.8,57.5,58.1,4132,EQ,,,
2009-09-10,58.4,59.0,55.8,57.3,5459,EQ,,,
2009-09-11,57.5,62.5,55.3,60.5,24986,EQ,,,
2009-09-14,61.65,61.65,57.8,58.0,12523,EQ,,,
2009-09-15,59.15,59.3,58.05,58.4,6344,EQ,,,
2009-09-16,58.3,60.15,58.3,59.4,6450,EQ,,,
2009-09-17,59.5,60.0,56.8,57.55,9405,EQ,,,
2009-09-18,57.55,60.65,57.0,58.15,14054,EQ,,,
2009-09-22,58.1,61.3,57.15,60.7,31380,EQ,,,
2009-09-23,60.15,61.65,60.15,60.7,21068,EQ,,,
2009-09-24,60.15,63.6,57.5,61.8,42951,EQ,,,
2009-09-25,60.65,64.8,60.65,61.65,36789,EQ,,,
2009-09-29,62.0,63.0,59.15,60.0,10298,EQ,,,
2009-09-30,60.0,64.15,60.0,62.7,45710,EQ,,,
2009-10-01,62.0,63.0,61.4,62.15,5613,EQ,,,
2009-10-05,61.4,61.65,60.65,60.8,6780,EQ,,,
2009-10-06,60.15,63.65,60.15,63.15,15545,EQ,,,
2009-10-07,61.9,68.15,61.9,65.3,24286,EQ,,,
2009-10-08,64.8,66.4,63.65,64.7,6164,EQ,,,
2009-10-09,66.65,68.0,63.65,64.45,15936,EQ,,,
2009-10-12,64.15,66.15,62.9,63.65,4353,EQ,,,
2009-10-14,64.95,65.0,64.15,64.15,3439,EQ,,,
2009-10-15,64.3,65.0,64.3,64.4,2900,EQ,,,
2009-10-16,64.3,64.95,64.1,64.15,5554,EQ,,,
2009-10-17,60.2,65.8,60.2,65.3,2734,EQ,,,
2009-10-20,64.15,65.8,63.05,64.3,3578,EQ,,,
2009-10-21,64.15,65.25,64.15,64.15,1587,EQ,,,
2009-10-22,64.65,64.65,63.6,63.9,3431,EQ,,,
2009-10-23,64.3,64.95,64.1,64.15,1838,EQ,,,
2009-10-26,62.0,67.0,60.0,64.7,14062,EQ,,,
2009-10-27,63.5,65.0,62.5,64.1,25867,EQ,,,
2009-10-28,64.15,66.65,61.3,65.7,14397,EQ,,,
2009-10-29,64.3,66.65,63.5,64.4,7818,EQ,,,
2009-10-30,65.8,66.65,63.5,64.2,7430,EQ,,,
2009-11-03,64.15,64.8,62.65,63.3,17435,EQ,,,
2009-11-04,62.65,64.95,62.65,63.6,3970,EQ,,,
2009-11-05,66.5,66.5,62.65,65.15,5266,EQ,,,
2009-11-06,66.5,71.45,64.5,69.45,47424,EQ,,,
2009-11-09,69.8,72.15,69.8,70.5,15633,EQ,,,
2009-11-10,70.75,71.65,68.8,69.0,7809,EQ,,,
2009-11-11,68.3,69.3,66.9,68.8,2506,EQ,,,
2009-11-12,70.0,70.0,67.45,67.6,1711,EQ,,,
2009-11-13,67.65,67.65,65.0,65.9,3294,EQ,,,
2009-11-16,66.8,67.8,65.3,66.0,3221,EQ,,,
2009-11-17,65.0,68.15,65.0,66.4,5545,EQ,,,
2009-11-18,67.45,67.95,66.15,67.2,4689,EQ,,,
2009-11-19,67.15,67.3,65.1,65.5,2352,EQ,,,
2009-11-20,65.1,65.6,64.65,65.15,1628,EQ,,,
2009-11-23,65.0,65.6,64.4,64.9,2016,EQ,,,
2009-11-24,65.0,66.0,64.75,65.45,1418,EQ,,,
2009-11-25,68.3,68.3,63.3,64.6,2750,EQ,,,
2009-11-26,66.45,67.5,63.5,63.85,2350,EQ,,,
2009-11-27,60.3,63.5,60.3,62.8,3400,EQ,,,
2009-11-30,63.3,65.65,63.3,64.6,2278,EQ,,,
2009-12-01,65.4,67.3,63.8,65.9,10815,EQ,,,
2009-12-02,66.4,68.1,65.0,65.7,17080,EQ,,,
2009-12-03,66.45,66.5,64.3,64.95,5011,EQ,,,
2009-12-04,64.3,66.4,64.3,65.4,9098,EQ,,,
2009-12-07,64.65,66.35,64.65,65.6,16380,EQ,,,
2009-12-08,65.8,65.8,65.0,65.65,7076,EQ,,,
2009-12-09,65.0,65.8,65.0,65.6,1104,EQ,,,
2009-12-10,66.3,66.3,65.3,65.6,17248,EQ,,,
2009-12-11,66.1,67.5,65.5,66.8,6885,EQ,,,
2009-12-14,65.85,68.0,65.8,66.1,3105,EQ,,,
2009-12-15,65.65,66.6,62.65,63.6,14307,EQ,,,
2009-12-16,63.65,68.1,63.0,67.5,6660,EQ,,,
2009-12-17,65.3,67.65,65.15,66.65,1771,EQ,,,
2009-12-18,66.1,68.3,66.0,66.9,5567,EQ,,,
2009-12-21,67.0,68.1,66.4,66.65,7590,EQ,,,
2009-12-22,67.5,67.65,66.5,66.7,4132,EQ,,,
2009-12-23,67.5,69.8,66.65,68.4,8234,EQ,,,
2009-12-24,67.5,71.15,67.5,68.45,6850,EQ,,,
2009-12-29,69.15,71.15,68.5,69.8,8842,EQ,,,
2009-12-30,69.8,70.0,68.9,69.1,9809,EQ,,,
2009-12-31,68.8,70.5,68.8,69.35,9145,EQ,,,
2010-01-04,68.6,71.2,68.5,70.75,4768,EQ,,,
2010-01-05,71.45,80.0,70.3,74.45,48596,EQ,,,
2010-01-06,75.7,77.65,73.6,74.6,11255,EQ,,,
2010-01-07,74.3,75.5,74.15,74.6,4622,EQ,,,
2010-01-08,74.95,79.0,74.3,78.5,24901,EQ,,,
2010-01-11,78.5,79.95,76.15,76.65,6840,EQ,,,
2010-01-12,79.9,79.9,75.0,75.15,3392,EQ,,,
2010-01-13,78.25,78.25,74.3,75.3,4165,EQ,,,
2010-01-14,76.45,78.65,75.5,76.75,15282,EQ,,,
2010-01-15,76.0,78.3,76.0,77.85,9057,EQ,,,
2010-01-18,78.3,79.65,76.85,79.15,11139,EQ,,,
2010-01-19,80.0,85.0,78.4,81.5,51021,EQ,,,
2010-01-20,83.15,84.8,81.7,82.65,14061,EQ,,,
2010-01-21,79.65,83.9,78.5,79.6,5841,EQ,,,
2010-01-22,77.5,79.95,73.5,78.15,37692,EQ,,,
2010-01-25,78.3,78.8,76.65,77.45,8683,EQ,,,
2010-01-27,78.15,78.15,70.1,72.45,13579,EQ,,,
2010-01-28,76.0,84.15,69.15,73.0,10925,EQ,,,
2010-01-29,73.0,76.3,70.0,75.2,12187,EQ,,,
2010-02-01,75.65,80.3,74.15,79.8,20596,EQ,,,
2010-02-02,80.3,81.3,77.0,78.3,9334,EQ,,,
2010-02-03,78.3,79.15,76.9,78.3,3333,EQ,,,
2010-02-04,76.65,79.0,76.65,78.1,3626,EQ,,,
2010-02-05,77.5,78.0,73.65,75.95,5387,EQ,,,
2010-02-06,76.65,76.65,74.3,75.8,863,EQ,,,
2010-02-08,75.8,76.65,74.15,76.15,2298,EQ,,,
2010-02-09,76.65,76.65,75.0,76.3,1398,EQ,,,
2010-02-10,75.9,76.45,74.0,74.95,1081,EQ,,,
2010-02-11,74.65,76.6,74.0,75.35,1533,EQ,,,
2010-02-15,75.8,76.25,70.8,74.1,1447,EQ,,,
2010-02-16,73.3,74.8,73.3,74.3,3190,EQ,,,
2010-02-17,74.5,75.8,74.5,75.6,1344,EQ,,,
2010-02-18,75.75,75.8,73.3,75.65,1313,EQ,,,
2010-02-19,75.0,75.0,73.5,73.8,1220,EQ,,,
2010-02-22,76.3,76.3,73.3,73.8,3232,EQ,,,
2010-02-23,74.15,74.15,72.15,72.5,3748,EQ,,,
2010-02-24,72.5,73.5,72.5,73.0,759,EQ,,,
2010-02-25,72.1,75.25,72.1,73.6,5432,EQ,,,
2010-02-26,72.7,74.8,71.3,71.9,3349,EQ,,,
2010-03-02,72.65,78.5,71.3,76.1,3795,EQ,,,
2010-03-03,75.0,77.5,75.0,75.95,1807,EQ,,,
2010-03-04,74.8,76.65,74.8,75.2,1383,EQ,,,
2010-03-05,78.0,87.65,77.3,83.1,179736,EQ,,,
2010-03-08,84.15,85.8,81.65,82.4,28969,EQ,,,
2010-03-09,82.5,83.8,79.8,80.6,6711,EQ,,,
2010-03-10,80.9,82.4,78.65,78.95,6412,EQ,,,
2010-03-11,79.0,80.5,78.35,79.2,3818,EQ,,,
2010-03-12,77.5,80.0,77.5,79.2,2527,EQ,,,
2010-03-15,80.25,80.85,76.7,79.1,58300,EQ,,,
2010-03-16,79.0,88.1,78.5,85.5,53801,EQ,,,
2010-03-17,84.0,87.15,83.8,85.1,15619,EQ,,,
2010-03-18,84.65,89.95,83.9,89.3,35951,EQ,,,
2010-03-19,89.3,92.3,85.0,86.8,40777,EQ,,,
2010-03-22,86.65,89.95,85.8,88.8,15085,EQ,,,
2010-03-23,91.15,91.65,88.15,89.95,11265,EQ,,,
2010-03-25,91.5,91.5,88.65,89.3,4107,EQ,,,
2010-03-26,89.8,91.15,88.35,88.8,3110,EQ,,,
2010-03-29,89.15,89.25,86.0,86.2,3522,EQ,,,
2010-03-30,88.3,89.15,85.2,85.9,3229,EQ,,,
2010-03-31,87.4,87.5,82.7,83.3,5056,EQ,,,
2010-04-01,84.15,86.3,83.0,84.0,8701,EQ,,,
2010-04-05,84.0,86.15,84.0,85.15,9678,EQ,,,
2010-04-06,85.3,86.8,84.35,85.95,3044,EQ,,,
2010-04-07,85.95,86.65,85.5,86.15,4535,EQ,,,
2010-04-08,85.3,86.45,82.8,84.2,8996,EQ,,,
2010-04-09,84.5,85.65,84.15,85.0,8062,EQ,,,
2010-04-12,83.3,85.8,83.3,83.7,3909,EQ,,,
2010-04-13,83.8,84.6,83.0,83.3,8341,EQ,,,
2010-04-15,83.3,84.95,83.3,83.95,3359,EQ,,,
2010-04-16,83.3,85.3,83.3,84.7,2457,EQ,,,
2010-04-19,81.9,83.8,81.8,82.8,1308,EQ,,,
2010-04-20,83.25,86.0,82.8,84.65,4057,EQ,,,
2010-04-21,85.0,95.8,83.9,90.6,172298,EQ,,,
2010-04-22,91.0,98.1,89.5,94.2,174359,EQ,,,
2010-04-23,94.65,96.3,93.3,95.3,31143,EQ,,,
2010-04-26,96.15,98.15,95.3,96.9,16888,EQ,,,
2010-04-27,94.3,97.1,93.5,94.3,3979,EQ,,,
2010-04-28,93.7,93.7,91.0,91.6,4449,EQ,,,
2010-04-29,90.8,94.15,90.7,92.5,4955,EQ,,,
2010-04-30,93.3,94.8,90.25,90.9,3286,EQ,,,
2010-05-03,90.9,92.5,90.15,92.0,3788,EQ,,,
2010-05-04,92.5,92.8,88.3,89.0,4244,EQ,,,
2010-05-05,88.3,90.65,83.5,89.7,4682,EQ,,,
2010-05-06,90.5,90.65,87.5,89.45,2653,EQ,,,
2010-05-07,86.65,88.0,83.5,87.2,2491,EQ,,,
2010-05-10,88.5,90.0,88.5,88.8,1338,EQ,,,
2010-05-11,89.5,93.65,88.3,89.55,5336,EQ,,,
2010-05-12,90.6,90.8,87.1,87.9,1219,EQ,,,
2010-05-13,87.0,89.8,87.0,87.65,1254,EQ,,,
2010-05-14,86.8,89.8,85.9,86.95,1036,EQ,,,
2010-05-17,84.3,87.3,84.3,85.6,2839,EQ,,,
2010-05-18,87.5,87.5,84.15,84.9,32816,EQ,,,
2010-05-19,84.15,84.8,81.3,82.65,2271,EQ,,,
2010-05-20,83.3,85.0,82.65,83.1,2204,EQ,,,
2010-05-21,80.1,83.3,76.65,82.1,2457,EQ,,,
2010-05-24,81.3,86.45,81.3,84.95,4349,EQ,,,
2010-05-25,84.15,85.5,80.2,81.4,1923,EQ,,,
2010-05-26,80.5,85.15,80.5,85.0,4235,EQ,,,
2010-05-27,85.5,85.8,83.35,84.7,1511,EQ,,,
2010-05-28,84.75,86.0,84.65,85.0,5311,EQ,,,
2010-05-31,80.8,86.5,80.8,84.25,886,EQ,,,
2010-06-01,85.6,85.65,83.3,84.1,32085,EQ,,,
2010-06-02,84.15,85.0,83.3,84.45,725,EQ,,,
2010-06-03,92.5,97.4,90.0,93.2,258079,EQ,,,
2010-06-04,92.85,93.95,91.0,92.7,49313,EQ,,,
2010-06-07,92.3,94.95,91.3,92.2,30909,EQ,,,
2010-06-08,93.7,98.3,88.1,88.8,29341,EQ,,,
2010-06-09,89.15,91.15,87.65,88.6,14280,EQ,,,
2010-06-10,87.0,89.9,87.0,89.1,4716,EQ,,,
2010-06-11,90.0,91.3,89.5,90.1,4459,EQ,,,
2010-06-14,90.5,91.75,89.2,91.4,6983,EQ,,,
2010-06-15,92.5,92.5,90.7,91.9,5639,EQ,,,
2010-06-16,91.0,97.7,90.9,92.8,214412,EQ,,,
2010-06-17,95.8,110.8,93.3,106.8,512766,EQ,,,
2010-06-18,108.2,109.8,101.15,102.35,141949,EQ,,,
2010-06-21,104.0,107.1,101.0,104.2,46989,EQ,,,
2010-06-22,103.3,103.7,101.55,101.9,14225,EQ,,,
2010-06-23,101.65,106.3,100.8,105.5,34340,EQ,,,
2010-06-24,104.8,105.5,103.0,103.8,7444,EQ,,,
2010-06-25,103.3,103.8,100.15,100.9,7470,EQ,,,
2010-06-28,101.0,104.3,100.0,102.0,6285,EQ,,,
2010-06-29,101.65,104.3,101.65,102.6,8486,EQ,,,
2010-06-30,101.65,103.3,101.0,101.4,5626,EQ,,,
2010-07-01,101.3,103.0,100.75,102.8,2827,EQ,,,
2010-07-02,101.8,107.1,101.8,106.0,24288,EQ,,,
2010-07-05,104.2,119.7,104.2,113.45,439144,EQ,,,
2010-07-06,113.3,114.8,110.3,111.0,71269,EQ,,,
2010-07-07,111.65,117.4,108.6,111.4,101866,EQ,,,
2010-07-08,114.1,114.1,110.2,110.5,20158,EQ,,,
2010-07-09,111.65,113.0,109.0,110.2,13569,EQ,,,
2010-07-12,110.5,112.3,108.5,109.3,12804,EQ,,,
2010-07-13,109.0,114.2,109.0,111.8,38029,EQ,,,
2010-07-14,112.3,112.8,109.7,110.0,12699,EQ,,,
2010-07-15,111.3,118.7,110.5,114.1,152806,EQ,,,
2010-07-16,114.95,115.8,113.35,114.6,22215,EQ,,,
2010-07-19,113.7,120.8,113.7,116.9,136680,EQ,,,
2010-07-20,118.1,119.7,116.3,116.95,26847,EQ,,,
2010-07-21,118.2,118.3,114.0,114.95,18304,EQ,,,
2010-07-22,115.2,117.3,114.2,115.4,24264,EQ,,,
2010-07-23,124.5,125.0,115.25,116.8,16918,EQ,,,
2010-07-26,115.5,118.0,112.5,115.7,8379,EQ,,,
2010-07-27,112.5,115.95,111.0,112.1,7542,EQ,,,
2010-07-28,111.5,112.4,110.0,110.7,8076,EQ,,,
2010-07-29,112.1,112.1,110.0,110.8,5225,EQ,,,
2010-07-30,108.8,111.75,108.8,111.6,26765,EQ,,,
2010-08-02,112.5,118.0,111.3,116.8,54533,EQ,,,
2010-08-03,116.8,117.75,114.6,115.45,14386,EQ,,,
2010-08-04,115.45,117.6,114.75,115.8,19680,EQ,,,
2010-08-05,115.9,121.0,115.75,119.4,33904,EQ,,,
2010-08-06,118.75,133.7,117.5,130.5,369586,EQ,,,
2010-08-09,131.75,138.45,129.25,130.95,237530,EQ,,,
2010-08-10,130.95,135.5,127.5,129.4,132204,EQ,,,
2010-08-11,127.5,135.0,127.5,132.2,121656,EQ,,,
2010-08-12,130.5,132.4,127.9,130.3,25863,EQ,,,
2010-08-13,129.55,135.6,128.9,131.75,38453,EQ,,,
2010-08-16,132.05,138.5,131.75,136.15,90397,EQ,,,
2010-08-17,136.0,142.2,136.0,141.4,87526,EQ,,,
2010-08-18,142.0,145.75,135.0,138.5,54573,EQ,,,
2010-08-19,138.75,141.0,136.4,138.65,44426,EQ,,,
2010-08-20,138.65,138.7,136.4,137.5,15162,EQ,,,
2010-08-23,138.45,139.75,135.55,136.1,11331,EQ,,,
2010-08-24,137.45,137.45,131.75,133.75,19571,EQ,,,
2010-08-25,135.95,136.0,129.5,133.3,15337,EQ,,,
2010-08-26,133.75,135.45,132.1,133.9,6690,EQ,,,
2010-08-27,132.5,135.25,132.0,133.5,15200,EQ,,,
2010-08-30,129.5,141.25,129.5,137.3,45462,EQ,,,
2010-08-31,137.3,137.3,131.6,134.95,25837,EQ,,,
2010-09-01,133.8,138.15,133.8,135.7,7023,EQ,,,
2010-09-02,132.75,138.3,132.75,137.05,6979,EQ,,,
2010-09-03,135.75,141.25,135.75,137.7,27504,EQ,,,
2010-09-06,136.5,138.7,133.0,137.8,20982,EQ,,,
2010-09-07,137.5,139.5,135.5,136.5,6737,EQ,,,
2010-09-08,135.5,138.75,132.05,133.5,24096,EQ,,,
2010-09-09,134.25,138.95,132.8,137.7,30018,EQ,,,
2010-09-13,137.7,141.5,135.5,136.5,27633,EQ,,,
2010-09-14,137.0,139.75,134.5,138.0,18777,EQ,,,
2010-09-15,138.75,139.75,136.25,137.1,5280,EQ,,,
2010-09-16,133.0,137.1,132.5,132.8,21854,EQ,,,
2010-09-17,134.7,136.2,130.8,132.4,13089,EQ,,,
2010-09-20,134.2,134.45,128.25,129.25,10478,EQ,,,
2010-09-21,131.2,131.5,124.8,125.6,216905,EQ,,,
2010-09-22,128.0,134.4,127.5,128.8,45003,EQ,,,
2010-09-23,130.0,130.0,127.5,127.8,4761,EQ,,,
2010-09-24,126.85,129.75,126.75,127.3,10055,EQ,,,
2010-09-27,129.2,129.2,126.5,126.7,12321,EQ,,,
2010-09-28,127.25,127.45,124.5,126.8,17565,EQ,,,
2010-09-29,128.95,139.25,128.95,132.7,331402,EQ,,,
2010-09-30,133.75,145.95,133.75,144.7,419900,EQ,,,
2010-10-01,145.25,148.3,143.25,146.3,211760,EQ,,,
2010-10-04,147.0,157.7,143.75,154.4,321404,EQ,,,
2010-10-05,155.75,159.5,149.5,154.9,100436,EQ,,,
2010-10-06,156.2,158.95,155.0,155.9,37939,EQ,,,
2010-10-07,156.75,157.0,149.5,151.4,30994,EQ,,,
2010-10-08,150.75,153.75,149.5,150.7,24975,EQ,,,
2010-10-11,152.75,154.9,150.5,151.45,9109,EQ,,,
2010-10-12,151.9,153.75,147.9,152.4,13862,EQ,,,
2010-10-13,153.7,153.95,151.4,152.45,9442,EQ,,,
2010-10-14,152.75,154.2,150.0,150.5,9324,EQ,,,
2010-10-15,153.5,153.5,148.8,149.05,4817,EQ,,,
2010-10-18,154.8,154.8,147.5,150.6,3804,EQ,,,
2010-10-19,151.45,152.0,148.5,149.45,6492,EQ,,,
2010-10-20,143.1,151.25,143.1,149.8,36646,EQ,,,
2010-10-21,150.0,158.2,148.75,154.3,143055,EQ,,,
2010-10-22,156.1,157.5,152.5,153.4,35530,EQ,,,
2010-10-25,154.7,154.7,151.25,151.65,4741,EQ,,,
2010-10-26,151.0,153.1,149.5,151.0,8868,EQ,,,
2010-10-27,150.0,153.95,148.0,148.55,36713,EQ,,,
2010-10-28,150.75,153.7,149.5,152.05,11522,EQ,,,
2010-10-29,150.25,153.75,150.1,151.3,9673,EQ,,,
2010-11-01,147.5,153.25,145.4,152.2,7787,EQ,,,
2010-11-02,152.5,153.0,146.7,152.3,6757,EQ,,,
2010-11-03,153.0,154.6,149.0,152.05,5255,EQ,,,
2010-11-04,152.5,155.2,152.5,154.2,9757,EQ,,,
2010-11-05,155.0,155.5,151.25,153.4,1557,EQ,,,
2010-11-08,155.2,155.2,152.75,153.85,58059,EQ,,,
2010-11-09,154.95,154.95,151.3,151.9,4455,EQ,,,
2010-11-10,151.75,153.4,150.5,151.7,4576,EQ,,,
2010-11-11,153.15,161.2,151.3,157.55,52197,EQ,,,
2010-11-12,157.7,171.5,157.5,165.45,190306,EQ,,,
2010-11-15,166.25,174.45,165.85,170.9,148934,EQ,,,
2010-11-16,172.0,173.2,165.3,168.9,40987,EQ,,,
2010-11-18,170.45,174.5,165.3,168.4,83404,EQ,,,
2010-11-19,168.75,173.7,167.5,169.8,100622,EQ,,,
2010-11-22,171.1,183.0,170.05,178.6,108464,EQ,,,
2010-11-23,178.75,199.7,176.05,187.4,280192,EQ,,,
2010-11-24,188.75,192.5,169.05,171.4,63897,EQ,,,
2010-11-25,172.5,179.6,168.5,170.55,33550,EQ,,,
2010-11-26,172.25,175.0,165.0,170.55,83799,EQ,,,
2010-11-29,170.5,176.25,167.5,172.25,45705,EQ,,,
2010-11-30,172.5,175.2,170.5,174.2,21465,EQ,,,
2010-12-01,174.2,177.5,172.5,173.8,7242,EQ,,,
2010-12-02,173.8,187.2,173.8,180.4,37119,EQ,,,
2010-12-03,181.2,187.45,175.25,182.5,33264,EQ,,,
2010-12-06,180.3,190.45,180.3,187.7,45710,EQ,,,
2010-12-07,185.3,188.7,178.8,183.3,11817,EQ,,,
2010-12-08,185.0,186.2,181.5,183.05,20229,EQ,,,
2010-12-09,178.9,185.75,170.75,173.95,14021,EQ,,,
2010-12-10,169.25,185.5,167.65,182.1,9715,EQ,,,
2010-12-13,183.75,186.7,175.0,181.4,19549,EQ,,,
2010-12-14,184.95,184.95,179.3,180.3,9255,EQ,,,
2010-12-15,181.25,181.25,176.0,177.7,9476,EQ,,,
2010-12-16,178.95,181.2,174.25,175.3,5251,EQ,,,
2010-12-20,177.5,178.7,172.8,173.4,10464,EQ,,,
2010-12-21,173.75,178.75,172.75,175.05,8449,EQ,,,
2010-12-22,177.45,177.5,173.25,174.2,4283,EQ,,,
2010-12-23,172.5,179.75,172.5,173.6,2809,EQ,,,
2010-12-24,173.0,175.5,172.0,173.5,2665,EQ,,,
2010-12-27,175.0,178.45,172.5,174.05,2317,EQ,,,
2010-12-28,171.0,176.25,169.05,170.9,5745,EQ,,,
2010-12-29,170.9,173.75,170.7,171.9,2078,EQ,,,
2010-12-30,172.5,182.5,172.5,180.1,84883,EQ,,,
2010-12-31,180.1,182.5,177.0,179.95,32754,EQ,,,
2011-01-03,183.5,183.7,177.75,178.95,3085,EQ,,,
2011-01-04,180.0,180.0,173.8,174.5,7871,EQ,,,
2011-01-05,177.25,179.5,170.0,174.7,49309,EQ,,,
2011-01-06,176.6,176.6,172.0,172.8,3739,EQ,,,
2011-01-07,171.3,175.0,170.05,171.55,7420,EQ,,,
2011-01-10,174.7,174.75,161.25,162.5,22595,EQ,,,
2011-01-11,167.5,167.5,157.25,163.25,137599,EQ,,,
2011-01-12,165.95,165.95,158.75,159.45,11788,EQ,,,
2011-01-13,160.5,161.5,156.75,158.05,8619,EQ,,,
2011-01-14,157.75,159.7,154.2,155.65,7313,EQ,,,
2011-01-17,157.45,157.45,151.6,153.8,23174,EQ,,,
2011-01-18,155.0,156.2,153.25,154.05,7982,EQ,,,
2011-01-19,154.9,157.2,153.0,155.2,7353,EQ,,,
2011-01-20,153.1,154.25,151.5,152.7,20994,EQ,,,
2011-01-21,154.6,154.6,149.3,150.95,41805,EQ,,,
2011-01-24,153.25,155.5,150.3,154.2,23258,EQ,,,
2011-01-25,156.5,167.95,156.0,164.2,94144,EQ,,,
2011-01-27,166.1,177.75,160.45,171.05,131426,EQ,,,
2011-01-28,168.8,170.9,158.8,168.35,42997,EQ,,,
2011-01-31,167.2,174.95,160.75,170.55,19406,EQ,,,
2011-02-01,171.2,171.2,162.8,164.05,6287,EQ,,,
2011-02-02,167.5,168.75,162.0,164.25,75579,EQ,,,
2011-02-03,163.0,168.75,162.8,163.5,9046,EQ,,,
2011-02-04,166.2,166.2,158.75,162.05,14222,EQ,,,
2011-02-07,161.0,162.9,155.3,157.0,11871,EQ,,,
2011-02-08,155.25,156.95,150.75,152.7,5950,EQ,,,
2011-02-09,150.25,157.25,143.8,152.55,12040,EQ,,,
2011-02-10,155.2,155.7,148.9,152.0,7802,EQ,,,
2011-02-11,151.3,162.45,150.0,161.05,9763,EQ,,,
2011-02-14,163.0,165.0,158.1,162.7,17005,EQ,,,
2011-02-15,161.0,169.25,158.0,168.05,17146,EQ,,,
2011-02-16,165.7,167.0,160.9,164.4,15584,EQ,,,
2011-02-17,166.5,166.5,159.4,164.9,11222,EQ,,,
2011-02-18,165.0,172.8,164.1,167.3,84001,EQ,,,
2011-02-21,164.3,166.0,161.95,165.95,14010,EQ,,,
2011-02-22,163.25,166.0,160.6,165.8,14323,EQ,,,
2011-02-23,163.75,164.5,160.6,162.0,5060,EQ,,,
2011-02-24,160.5,164.2,158.0,159.9,8715,EQ,,,
2011-02-25,160.0,160.5,156.75,157.45,3200,EQ,,,
2011-02-28,160.5,164.7,156.25,162.5,83764,EQ,,,
2011-03-01,160.8,168.75,160.8,164.95,117860,EQ,,,
2011-03-03,166.25,167.5,163.0,164.05,103551,EQ,,,
2011-03-04,162.75,166.3,162.0,162.95,35125,EQ,,,
2011-03-07,158.15,165.6,158.15,163.6,8620,EQ,,,
2011-03-08,163.5,163.5,160.5,161.3,2807,EQ,,,
2011-03-09,164.75,164.75,160.8,162.9,11451,EQ,,,
2011-03-10,160.0,164.95,160.0,163.4,9093,EQ,,,
2011-03-11,160.65,170.45,159.5,160.4,16760,EQ,,,
2011-03-14,161.25,162.5,158.75,162.2,3802,EQ,,,
2011-03-15,156.7,162.5,156.5,160.8,4587,EQ,,,
2011-03-16,160.95,163.05,156.25,157.8,11723,EQ,,,
2011-03-17,157.5,158.5,154.05,154.85,6089,EQ,,,
2011-03-18,159.7,161.25,155.8,156.8,7664,EQ,,,
2011-03-21,159.5,161.0,156.75,157.4,7829,EQ,,,
2011-03-22,160.45,160.45,155.5,155.9,7326,EQ,,,
2011-03-23,159.95,162.5,155.55,162.2,9240,EQ,,,
2011-03-24,162.75,162.75,158.0,160.4,27676,EQ,,,
2011-03-25,161.5,161.75,159.4,160.25,2877,EQ,,,
2011-03-28,161.2,161.2,158.0,158.2,12083,EQ,,,
2011-03-29,156.8,161.7,156.8,159.8,62908,EQ,,,
2011-03-30,161.5,162.5,160.0,161.5,27893,EQ,,,
2011-03-31,164.95,164.95,159.3,161.2,7959,EQ,,,
2011-04-01,162.2,162.75,158.8,161.45,6117,EQ,,,
2011-04-04,161.5,162.5,160.75,161.55,7723,EQ,,,
2011-04-05,162.5,176.25,160.25,172.7,21592,EQ,,,
2011-04-06,174.0,183.75,174.0,179.05,30263,EQ,,,
2011-04-07,179.25,189.7,179.0,187.3,58857,EQ,,,
2011-04-08,178.2,191.25,178.2,187.9,43436,EQ,,,
2011-04-11,191.7,193.25,179.7,180.6,13939,EQ,,,
2011-04-13,182.1,191.75,179.7,188.8,30815,EQ,,,
2011-04-15,190.0,190.0,183.8,186.4,5278,EQ,,,
2011-04-18,188.7,188.7,179.05,180.3,5230,EQ,,,
2011-04-19,178.8,181.8,177.8,179.5,4904,EQ,,,
2011-04-20,181.9,189.25,180.55,181.5,14778,EQ,,,
2011-04-21,183.6,186.0,178.15,179.95,5353,EQ,,,
2011-04-25,178.8,180.9,176.75,177.45,5096,EQ,,,
2011-04-26,177.75,178.95,176.3,176.95,3827,EQ,,,
2011-04-27,179.45,179.45,176.75,178.2,2526,EQ,,,
2011-04-28,180.25,180.25,175.9,178.05,1814,EQ,,,
2011-04-29,176.25,178.6,172.65,175.05,4240,EQ,,,
2011-05-02,175.25,175.25,170.75,171.4,2685,EQ,,,
2011-05-03,169.25,175.0,168.8,173.0,1585,EQ,,,
2011-05-04,175.0,175.5,171.3,172.0,1918,EQ,,,
2011-05-05,171.8,174.75,165.0,167.05,2706,EQ,,,
2011-05-06,165.5,172.2,164.25,166.1,6825,EQ,,,
2011-05-09,170.9,173.7,164.25,170.95,10000,EQ,,,
2011-05-10,172.75,178.75,172.5,176.8,22160,EQ,,,
2011-05-11,177.0,177.9,176.0,176.3,5414,EQ,,,
2011-05-12,176.5,178.75,172.75,177.2,7093,EQ,,,
2011-05-13,171.2,177.3,171.2,175.9,1501,EQ,,,
2011-05-16,177.75,178.35,173.8,177.05,2023,EQ,,,
2011-05-17,177.75,177.75,171.6,175.5,2286,EQ,,,
2011-05-18,175.0,194.9,167.5,184.5,462830,EQ,,,
2011-05-19,185.0,189.7,173.05,184.5,248586,EQ,,,
2011-05-20,184.25,189.95,181.4,188.65,95571,EQ,,,
2011-05-23,180.0,196.2,180.0,192.8,54403,EQ,,,
2011-05-24,194.0,206.95,190.4,200.3,243519,EQ,,,
2011-05-25,197.5,206.1,196.55,198.8,57149,EQ,,,
2011-05-26,199.7,208.75,198.85,206.4,56139,EQ,,,
2011-05-27,209.5,210.0,198.1,200.3,35439,EQ,,,
2011-05-30,200.5,203.75,195.5,196.55,28507,EQ,,,
2011-05-31,197.0,199.75,191.0,191.9,18041,EQ,,,
2011-06-01,196.2,198.6,192.0,194.6,25739,EQ,,,
2011-06-02,192.5,198.2,192.5,194.4,15080,EQ,,,
2011-06-03,197.4,212.25,194.1,207.5,1196527,EQ,,,
2011-06-06,207.5,213.5,201.25,203.55,88261,EQ,,,
2011-06-07,204.75,210.4,204.75,207.9,45163,EQ,,,
2011-06-08,207.5,214.45,207.5,210.4,69899,EQ,,,
2011-06-09,210.6,215.2,209.05,209.9,33481,EQ,,,
2011-06-10,212.0,212.0,202.25,204.7,33241,EQ,,,
2011-06-13,204.75,208.0,202.5,202.9,22095,EQ,,,
2011-06-14,203.75,206.1,198.05,199.7,173083,EQ,,,
2011-06-15,200.0,205.5,199.5,200.2,149003,EQ,,,
2011-06-16,198.5,201.6,196.5,197.2,7411,EQ,,,
2011-06-17,198.0,201.25,194.75,199.55,44948,EQ,,,
2011-06-20,202.5,202.5,190.0,195.2,15697,EQ,,,
2011-06-21,195.25,198.75,193.25,198.2,6728,EQ,,,
2011-06-22,197.5,198.5,193.75,197.5,9292,EQ,,,
2011-06-23,195.0,199.75,193.3,198.9,6727,EQ,,,
2011-06-24,205.0,207.0,197.55,198.7,78431,EQ,,,
2011-06-27,198.25,204.0,198.25,201.6,63317,EQ,,,
2011-06-28,202.45,208.7,201.6,203.8,208482,EQ,,,
2011-06-29,206.85,209.7,205.6,208.2,61128,EQ,,,
2011-06-30,209.75,215.0,208.05,211.05,56084,EQ,,,
2011-07-01,211.8,216.2,206.3,208.0,60251,EQ,,,
2011-07-04,209.75,211.3,206.6,210.0,7337,EQ,,,
2011-07-05,210.5,212.35,209.5,210.9,50960,EQ,,,
2011-07-06,211.2,211.8,208.05,209.0,2704,EQ,,,
2011-07-07,210.9,213.7,208.25,212.5,7606,EQ,,,
2011-07-08,213.5,218.75,208.05,210.1,51930,EQ,,,
2011-07-11,217.5,217.5,208.3,212.95,46535,EQ,,,
2011-07-12,211.25,214.25,208.0,209.3,5428,EQ,,,
2011-07-13,212.1,217.5,210.55,211.7,9383,EQ,,,
2011-07-14,213.4,213.5,210.6,212.4,2539,EQ,,,
2011-07-15,211.4,213.2,207.75,208.9,4494,EQ,,,
2011-07-18,210.25,212.0,207.5,208.05,2537,EQ,,,
2011-07-19,212.4,212.4,206.2,210.05,5431,EQ,,,
2011-07-20,212.4,217.5,208.05,210.1,57473,EQ,,,
2011-07-21,208.8,214.45,208.75,210.0,7396,EQ,,,
2011-07-22,211.5,212.35,209.5,210.2,4537,EQ,,,
2011-07-25,209.0,211.25,208.25,210.1,4852,EQ,,,
2011-07-26,211.25,211.25,206.25,210.4,4739,EQ,,,
2011-07-27,211.0,212.25,208.3,209.95,2038,EQ,,,
2011-07-28,210.0,213.8,203.45,205.0,22041,EQ,,,
2011-07-29,203.75,207.0,201.0,202.4,128594,EQ,,,
2011-08-01,200.0,204.25,198.85,201.45,63441,EQ,,,
2011-08-02,203.9,203.9,196.35,200.0,149509,EQ,,,
2011-08-03,197.5,199.5,194.0,196.7,9063,EQ,,,
2011-08-04,199.5,202.95,198.75,201.0,6989,EQ,,,
2011-08-05,192.5,198.0,188.05,196.35,11495,EQ,,,
2011-08-08,181.9,193.25,181.9,191.3,9700,EQ,,,
2011-08-09,192.5,192.5,185.8,190.0,16809,EQ,,,
2011-08-10,198.0,198.45,193.1,197.2,5658,EQ,,,
2011-08-11,196.25,200.0,194.0,198.8,2803,EQ,,,
2011-08-12,198.45,201.2,195.25,197.4,35817,EQ,,,
2011-08-16,200.0,212.1,193.2,197.1,101187,EQ,,,
2011-08-17,195.25,199.7,194.5,197.7,5066,EQ,,,
2011-08-18,195.75,197.0,191.1,192.55,41416,EQ,,,
2011-08-19,191.5,191.6,185.3,186.7,42469,EQ,,,
2011-08-22,179.2,187.25,176.55,180.3,42033,EQ,,,
2011-08-23,194.75,194.75,176.5,179.9,35630,EQ,,,
2011-08-24,179.15,182.45,177.5,179.9,18376,EQ,,,
2011-08-25,177.75,182.7,177.25,180.8,9057,EQ,,,
2011-08-26,182.5,185.95,174.0,176.0,20222,EQ,,,
2011-08-29,176.75,182.1,175.15,176.6,7929,EQ,,,
2011-08-30,179.4,183.7,177.5,181.0,8883,EQ,,,
2011-09-02,181.25,184.9,177.8,182.5,16512,EQ,,,
2011-09-05,185.0,185.65,179.75,180.55,9374,EQ,,,
2011-09-06,181.0,182.45,178.25,179.7,2549,EQ,,,
2011-09-07,179.9,183.2,178.75,180.9,7813,EQ,,,
2011-09-08,178.05,182.5,178.05,180.5,25420,EQ,,,
2011-09-09,181.05,181.05,177.8,178.8,5586,EQ,,,
2011-09-12,179.25,179.9,176.25,178.2,22615,EQ,,,
2011-09-13,178.95,179.0,176.65,177.6,13944,EQ,,,
2011-09-14,176.3,181.25,176.25,178.8,11917,EQ,,,
2011-09-15,179.95,181.2,178.5,180.1,3754,EQ,,,
2011-09-16,180.25,181.25,178.75,179.7,2582,EQ,,,
2011-09-19,178.75,179.6,176.55,179.2,1444,EQ,,,
2011-09-20,176.6,182.0,176.6,181.4,4013,EQ,,,
2011-09-21,180.25,191.75,180.25,184.2,166453,EQ,,,
2011-09-22,184.5,184.95,180.6,182.45,4932,EQ,,,
2011-09-23,175.65,182.75,173.15,179.85,36261,EQ,,,
2011-09-26,171.25,180.0,171.25,177.0,7197,EQ,,,
2011-09-27,175.25,181.75,175.25,178.7,2662,EQ,,,
2011-09-28,177.0,187.25,177.0,184.4,6974,EQ,,,
2011-09-29,180.0,186.2,180.0,181.8,9248,EQ,,,
2011-09-30,180.3,185.7,178.8,182.4,2470,EQ,,,
2011-10-03,179.0,181.25,177.5,180.1,4367,EQ,,,
2011-10-04,178.25,183.7,178.25,181.9,18502,EQ,,,
2011-10-05,180.0,182.5,178.1,180.4,1845,EQ,,,
2011-10-07,182.45,182.5,178.75,180.95,1735,EQ,,,
2011-10-10,183.7,183.7,180.4,182.5,2367,EQ,,,
2011-10-11,181.5,185.95,181.5,183.1,853,EQ,,,
2011-10-12,183.5,186.25,178.8,183.9,4288,EQ,,,
2011-10-13,183.1,186.25,183.1,184.25,2805,EQ,,,
2011-10-14,183.8,185.75,183.25,184.3,1532,EQ,,,
2011-10-17,197.5,197.5,185.0,187.9,1487,EQ,,,
2011-10-18,187.55,187.55,180.05,184.3,894,EQ,,,
2011-10-19,185.0,192.25,181.4,184.0,79145,EQ,,,
2011-10-20,182.5,187.45,181.6,183.95,61308,EQ,,,
2011-10-21,183.25,185.0,178.85,181.8,4673,EQ,,,
2011-10-24,181.8,184.95,181.8,183.3,2643,EQ,,,
2011-10-25,182.5,184.8,181.4,181.7,1335,EQ,,,
2011-10-26,184.95,184.95,182.8,184.3,960,EQ,,,
2011-10-28,182.75,185.45,178.85,183.9,3268,EQ,,,
2011-10-31,183.75,187.4,182.5,186.75,4446,EQ,,,
2011-11-01,187.2,187.45,185.0,185.95,2016,EQ,,,
2011-11-02,187.45,189.95,185.25,186.8,4442,EQ,,,
2011-11-03,187.5,187.5,185.2,186.6,1549,EQ,,,
2011-11-04,211.1,211.1,186.45,193.7,4305,EQ,,,
2011-11-08,195.0,198.75,193.25,198.2,6108,EQ,,,
2011-11-09,198.25,198.75,191.5,192.45,5290,EQ,,,
2011-11-11,191.25,194.95,190.25,192.7,2294,EQ,,,
2011-11-14,195.0,195.0,190.3,192.2,1885,EQ,,,
2011-11-15,193.5,193.5,184.65,189.2,6244,EQ,,,
2011-11-16,180.55,188.0,180.55,186.1,2845,EQ,,,
2011-11-17,185.5,188.2,182.9,184.6,1860,EQ,,,
2011-11-18,182.5,184.9,180.8,183.45,1638,EQ,,,
2011-11-21,184.9,184.9,178.0,179.45,3654,EQ,,,
2011-11-22,177.75,184.7,177.75,183.2,1764,EQ,,,
2011-11-23,179.1,183.7,179.1,182.5,6121,EQ,,,
2011-11-24,182.8,182.8,179.25,181.2,6298,EQ,,,
2011-11-25,181.5,184.4,181.2,181.4,2456,EQ,,,
2011-11-28,183.0,188.5,154.15,186.05,14212,EQ,,,
2011-11-29,186.25,187.45,183.75,185.2,877,EQ,,,
2011-11-30,184.75,184.75,181.0,181.7,1934,EQ,,,
2011-12-01,182.5,186.9,182.5,183.0,2085,EQ,,,
2011-12-02,184.7,187.5,181.7,186.3,1830,EQ,,,
2011-12-05,182.5,188.7,182.5,186.35,1489,EQ,,,
2011-12-07,193.75,193.75,190.0,192.95,8986,EQ,,,
2011-12-08,195.0,195.0,188.8,190.2,2645,EQ,,,
2011-12-09,189.75,192.25,187.3,189.1,3272,EQ,,,
2011-12-12,190.5,192.25,182.75,183.8,5164,EQ,,,
2011-12-13,184.25,187.75,183.1,184.75,8605,EQ,,,
2011-12-14,186.25,188.7,183.4,184.15,3017,EQ,,,
2011-12-15,183.8,185.0,178.8,179.9,6942,EQ,,,
2011-12-16,180.0,182.4,174.4,175.2,6593,EQ,,,
2011-12-19,175.0,177.5,164.5,172.8,8244,EQ,,,
2011-12-20,173.75,175.0,170.25,171.1,54203,EQ,,,
2011-12-21,173.45,173.5,169.0,171.6,11657,EQ,,,
2011-12-22,168.75,169.25,166.3,167.4,16399,EQ,,,
2011-12-23,172.0,172.2,169.5,170.45,1258,EQ,,,
2011-12-26,174.75,177.45,170.0,176.1,4936,EQ,,,
2011-12-27,175.0,177.75,173.0,174.8,3910,EQ,,,
2011-12-28,173.0,178.5,173.0,175.05,2036,EQ,,,
2011-12-29,175.1,175.5,173.8,174.4,1296,EQ,,,
2011-12-30,174.3,176.45,170.25,172.5,4819,EQ,,,
2012-01-02,175.0,179.45,173.75,174.3,2169,EQ,,,
2012-01-03,178.25,178.25,175.0,176.4,1507,EQ,,,
2012-01-04,175.3,181.4,175.3,179.45,3568,EQ,,,
2012-01-05,182.5,182.5,177.5,178.8,11076,EQ,,,
2012-01-06,180.0,180.0,178.75,178.8,2423,EQ,,,
2012-01-07,180.0,180.0,176.75,177.8,322,EQ,,,
2012-01-09,178.75,182.5,177.5,179.7,1010,EQ,,,
2012-01-10,179.25,182.0,178.7,179.6,11282,EQ,,,
2012-01-11,180.0,181.2,178.8,179.7,2501,EQ,,,
2012-01-12,178.75,180.6,175.05,176.0,45575,EQ,,,
2012-01-13,176.5,181.2,170.0,172.1,7125,EQ,,,
2012-01-16,172.5,175.0,171.25,173.4,8141,EQ,,,
2012-01-17,176.7,179.7,174.9,177.55,6210,EQ,,,
2012-01-18,179.75,179.9,176.5,177.55,71725,EQ,,,
2012-01-19,180.45,180.45,176.25,177.5,3668,EQ,,,
2012-01-20,177.5,180.0,176.5,177.25,54019,EQ,,,
2012-01-23,178.75,181.25,177.5,179.45,2382,EQ,,,
2012-01-24,180.0,180.5,177.5,179.05,49398,EQ,,,
2012-01-25,180.5,181.75,177.75,178.4,102752,EQ,,,
2012-01-27,179.3,181.2,178.0,178.7,79889,EQ,,,
2012-01-30,170.55,181.25,167.05,178.75,106549,EQ,,,
2012-01-31,178.75,183.45,178.75,179.9,4516,EQ,,,
2012-02-01,181.0,181.0,177.5,179.0,4495,EQ,,,
2012-02-02,179.75,180.0,177.75,179.7,6320,EQ,,,
2012-02-03,178.0,180.5,177.5,179.8,13758,EQ,,,
2012-02-06,182.45,187.45,178.75,183.2,28947,EQ,,,
2012-02-07,184.5,185.2,181.25,184.05,4440,EQ,,,
2012-02-08,181.5,184.7,181.5,182.55,1639,EQ,,,
2012-02-09,182.5,183.45,180.3,181.55,5247,EQ,,,
2012-02-10,184.45,184.7,181.3,182.05,1143,EQ,,,
2012-02-13,182.0,185.0,181.25,183.75,4013,EQ,,,
2012-02-14,181.5,190.0,179.8,185.1,56979,EQ,,,
2012-02-15,189.25,191.75,182.45,186.85,136057,EQ,,,
2012-02-16,188.75,196.25,186.3,193.3,13879,EQ,,,
2012-02-17,196.25,199.8,192.5,194.2,10759,EQ,,,
2012-02-21,194.0,197.5,191.75,196.4,8125,EQ,,,
2012-02-22,195.5,197.1,188.8,190.45,5277,EQ,,,
2012-02-23,189.25,192.5,186.4,192.2,2657,EQ,,,
2012-02-24,193.6,195.45,190.25,191.3,2518,EQ,,,
2012-02-27,188.75,191.95,186.4,189.7,6063,EQ,,,
2012-02-28,191.0,193.0,189.5,192.3,2713,EQ,,,
2012-02-29,191.75,194.25,188.0,189.35,6111,EQ,,,
2012-03-01,191.95,192.0,188.5,190.2,1527,EQ,,,
2012-03-02,192.45,192.45,188.25,190.05,1509,EQ,,,
2012-03-03,190.7,191.0,188.8,189.85,78,EQ,,,
2012-03-05,190.0,192.5,184.3,187.35,8878,EQ,,,
2012-03-06,187.5,188.75,184.25,185.6,9995,EQ,,,
2012-03-07,187.45,188.7,185.5,186.8,68805,EQ,,,
2012-03-09,185.0,193.5,185.0,192.4,12085,EQ,,,
2012-03-12,193.45,193.45,191.0,192.5,10343,EQ,,,
2012-03-13,192.7,193.0,189.75,192.45,17625,EQ,,,
2012-03-14,193.4,193.7,188.8,190.7,104216,EQ,,,
2012-03-15,190.75,193.3,190.0,190.95,30019,EQ,,,
2012-03-16,191.5,192.75,187.5,189.9,1822,EQ,,,
2012-03-19,188.25,191.45,186.5,187.3,1374,EQ,,,
2012-03-20,186.75,189.7,181.3,185.35,113010,EQ,,,
2012-03-21,186.25,187.2,183.1,183.9,6613,EQ,,,
2012-03-22,184.75,184.9,178.8,179.8,39117,EQ,,,
2012-03-23,181.5,184.45,180.3,182.05,45173,EQ,,,
2012-03-26,192.45,192.45,181.25,184.0,28776,EQ,,,
2012-03-27,182.5,185.75,181.4,183.4,96685,EQ,,,
2012-03-28,182.5,183.45,182.05,183.2,5202,EQ,,,
2012-03-29,180.5,183.6,180.0,181.95,5162,EQ,,,
2012-03-30,180.05,184.95,180.05,183.55,15779,EQ,,,
2012-04-02,185.0,185.0,182.0,183.7,17257,EQ,,,
2012-04-03,184.0,185.0,182.6,183.2,31678,EQ,,,
2012-04-04,184.0,184.45,182.75,183.75,19447,EQ,,,
2012-04-09,180.0,183.75,180.0,182.3,2804,EQ,,,
2012-04-10,183.7,183.7,180.4,182.9,5657,EQ,,,
2012-04-11,182.5,183.7,181.25,181.45,35410,EQ,,,
2012-04-12,183.75,183.75,181.25,182.95,41686,EQ,,,
2012-04-13,188.75,188.75,181.5,183.6,26894,EQ,,,
2012-04-16,185.0,190.0,181.9,187.5,24282,EQ,,,
2012-04-17,188.75,188.75,182.8,184.85,8398,EQ,,,
2012-04-18,187.2,187.2,182.0,182.7,29563,EQ,,,
2012-04-19,184.25,184.25,177.55,181.3,24017,EQ,,,
2012-04-20,181.7,182.9,179.05,181.0,8634,EQ,,,
2012-04-23,176.55,181.25,176.55,179.9,13943,EQ,,,
2012-04-24,179.9,179.95,177.1,178.95,21997,EQ,,,
2012-04-25,183.95,183.95,177.7,180.0,39145,EQ,,,
2012-04-26,180.25,185.0,178.75,184.5,7309,EQ,,,
2012-04-27,182.75,185.65,181.75,184.7,3505,EQ,,,
2012-04-28,184.5,184.5,182.0,182.1,204,EQ,,,
2012-04-30,183.7,184.7,183.2,183.6,2208,EQ,,,
2012-05-02,184.95,185.0,181.3,182.7,12580,EQ,,,
2012-05-03,181.0,184.75,180.3,181.9,9961,EQ,,,
2012-05-04,181.5,187.5,181.5,184.3,4846,EQ,,,
2012-05-07,185.5,185.5,181.6,182.7,2867,EQ,,,
2012-05-08,181.0,184.95,181.0,182.45,1499,EQ,,,
2012-05-09,184.75,184.75,181.25,182.6,3733,EQ,,,
2012-05-10,184.8,184.8,181.9,182.7,5551,EQ,,,
2012-05-11,182.4,184.25,181.5,183.9,2573,EQ,,,
2012-05-14,188.75,188.75,182.0,183.8,4525,EQ,,,
2012-05-15,183.75,185.5,183.75,184.55,3722,EQ,,,
2012-05-16,181.3,188.25,181.3,183.6,5118,EQ,,,
2012-05-17,183.55,189.9,183.5,188.2,11768,EQ,,,
2012-05-18,186.25,193.6,175.55,179.55,84996,EQ,,,
2012-05-21,181.25,181.5,175.0,175.6,17840,EQ,,,
2012-05-22,175.25,180.75,165.8,172.3,57166,EQ,,,
2012-05-23,171.65,172.5,171.05,171.4,24023,EQ,,,
2012-05-24,171.4,174.25,168.75,170.0,9830,EQ,,,
2012-05-25,172.3,172.3,165.3,166.9,35899,EQ,,,
2012-05-28,167.2,167.5,165.25,165.55,5109,EQ,,,
2012-05-29,165.5,165.5,156.6,157.7,21644,EQ,,,
2012-05-30,157.7,157.8,153.55,156.2,22730,EQ,,,
2012-05-31,156.0,157.45,154.75,155.2,21509,EQ,,,
2012-06-01,154.75,155.25,154.25,154.8,10555,EQ,,,
2012-06-04,154.25,158.75,153.25,156.1,38287,EQ,,,
2012-06-05,154.5,156.25,153.75,154.8,26655,EQ,,,
2012-06-06,155.0,159.25,155.0,157.7,6715,EQ,,,
2012-06-07,155.9,159.25,155.8,158.7,14647,EQ,,,
2012-06-08,156.75,159.35,155.6,157.8,6171,EQ,,,
2012-06-11,158.0,158.95,156.75,158.2,3924,EQ,,,
2012-06-12,159.05,159.95,156.0,157.3,3888,EQ,,,
2012-06-13,161.75,162.5,153.4,154.1,8729,EQ,,,
2012-06-14,156.2,156.2,153.9,155.1,2169,EQ,,,
2012-06-15,155.0,157.7,153.9,156.3,8949,EQ,,,
2012-06-18,157.5,158.7,154.55,157.9,7504,EQ,,,
2012-06-19,158.7,158.7,153.0,154.3,19753,EQ,,,
2012-06-20,154.4,157.45,153.75,155.7,4417,EQ,,,
2012-06-21,155.75,156.2,152.5,153.2,16262,EQ,,,
2012-06-22,173.5,173.5,152.85,154.8,2775,EQ,,,
2012-06-25,155.0,155.0,152.5,152.7,9272,EQ,,,
2012-06-26,152.8,153.9,150.4,151.1,12558,EQ,,,
2012-06-27,152.0,153.7,146.55,148.3,38067,EQ,,,
2012-06-28,148.25,151.0,142.8,145.3,128068,EQ,,,
2012-06-29,145.5,155.45,143.2,151.6,106431,EQ,,,
2012-07-02,151.5,157.5,151.5,156.8,11739,EQ,,,
2012-07-03,157.0,164.95,157.0,162.3,55451,EQ,,,
2012-07-04,162.0,164.45,162.0,163.1,4165,EQ,,,
2012-07-05,164.25,166.95,162.0,165.4,2817,EQ,,,
2012-07-06,166.0,168.0,165.75,167.2,4980,EQ,,,
2012-07-09,167.5,167.5,162.5,164.05,3706,EQ,,,
2012-07-10,163.5,167.4,163.5,164.05,2151,EQ,,,
2012-07-11,165.0,166.0,161.9,162.4,1663,EQ,,,
2012-07-12,160.55,165.5,160.5,163.5,1106,EQ,,,
2012-07-13,166.2,167.0,161.3,162.95,2051,EQ,,,
2012-07-16,163.0,163.45,158.75,159.8,2264,EQ,,,
2012-07-17,159.8,161.0,155.65,156.9,1126,EQ,,,
2012-07-18,156.25,159.2,155.25,156.0,1385,EQ,,,
2012-07-19,152.5,160.5,152.5,157.95,2023,EQ,,,
2012-07-20,156.5,159.5,155.0,155.7,7306,EQ,,,
2012-07-23,158.25,158.5,154.25,156.55,1151,EQ,,,
2012-07-24,155.25,179.5,153.0,175.8,375024,EQ,,,
2012-07-25,180.0,183.7,172.5,180.1,302825,EQ,,,
2012-07-26,180.55,183.7,173.5,175.45,94234,EQ,,,
2012-07-27,177.2,177.7,168.8,170.6,12627,EQ,,,
2012-07-30,171.75,176.75,171.75,173.4,10653,EQ,,,
2012-07-31,174.2,175.0,169.25,170.1,8619,EQ,,,
2012-08-01,172.45,176.2,170.85,175.1,14110,EQ,,,
2012-08-02,176.0,177.45,174.7,176.55,10127,EQ,,,
2012-08-03,176.9,178.7,174.55,177.6,8140,EQ,,,
2012-08-06,176.7,178.75,176.7,177.8,3845,EQ,,,
2012-08-07,177.75,183.0,177.75,180.0,8174,EQ,,,
2012-08-08,181.0,189.65,180.0,182.7,28844,EQ,,,
2012-08-09,184.0,192.0,180.25,187.55,39621,EQ,,,
2012-08-10,189.6,205.7,188.8,195.4,162397,EQ,,,
2012-08-13,193.7,197.75,190.25,191.8,45972,EQ,,,
2012-08-14,191.75,198.7,191.75,196.15,22686,EQ,,,
2012-08-16,196.25,203.7,195.8,199.75,35018,EQ,,,
2012-08-17,202.4,202.4,193.75,198.45,16204,EQ,,,
2012-08-21,199.95,202.0,195.0,199.4,32472,EQ,,,
2012-08-22,199.4,207.5,197.05,199.5,53726,EQ,,,
2012-08-23,202.1,204.5,196.5,197.6,34197,EQ,,,
2012-08-24,196.25,199.4,196.2,196.4,16934,EQ,,,
2012-08-27,196.25,197.75,191.55,192.3,3079,EQ,,,
2012-08-28,191.3,195.95,190.25,193.9,5784,EQ,,,
2012-08-29,193.7,193.7,185.3,186.1,6624,EQ,,,
2012-08-30,186.5,187.5,182.8,185.8,9252,EQ,,,
2012-08-31,180.9,194.5,180.9,190.5,14139,EQ,,,
2012-09-03,191.5,193.5,188.75,189.25,2958,EQ,,,
2012-09-04,189.0,191.95,187.6,189.3,4731,EQ,,,
2012-09-05,187.8,192.0,187.8,190.2,2317,EQ,,,
2012-09-06,190.0,197.25,190.0,196.8,10093,EQ,,,
2012-09-07,199.75,203.8,197.75,203.2,28410,EQ,,,
2012-09-08,202.6,205.75,202.5,204.0,1435,EQ,,,
2012-09-10,206.25,211.9,202.8,207.9,90588,EQ,,,
2012-09-11,211.2,215.4,208.2,214.1,34647,EQ,,,
2012-09-12,217.4,219.75,212.25,213.4,18722,EQ,,,
2012-09-13,222.25,224.75,212.8,222.2,32269,EQ,,,
2012-09-14,202.4,227.5,202.4,217.0,16601,EQ,,,
2012-09-17,217.5,221.15,207.5,209.0,28680,EQ,,,
2012-09-18,210.5,211.0,202.5,204.2,10590,EQ,,,
2012-09-20,200.05,203.95,196.55,197.9,20108,EQ,,,
2012-09-21,204.2,213.0,200.4,209.2,45580,EQ,,,
2012-09-24,212.5,212.5,200.5,202.0,49800,EQ,,,
2012-09-25,203.45,203.45,195.5,197.4,40185,EQ,,,
2012-09-26,197.75,198.0,192.05,193.1,23500,EQ,,,
2012-09-27,192.5,195.1,187.8,191.5,142265,EQ,,,
2012-09-28,194.25,197.4,192.05,193.45,9531,EQ,,,
2012-10-01,196.2,196.2,192.5,194.3,5244,EQ,,,
2012-10-03,198.95,198.95,192.5,193.4,7881,EQ,,,
2012-10-04,192.5,196.5,192.5,195.45,23861,EQ,,,
2012-10-05,196.25,198.5,192.7,195.95,7095,EQ,,,
2012-10-08,196.5,196.7,192.9,194.4,3605,EQ,,,
2012-10-09,193.75,195.0,192.8,193.8,3772,EQ,,,
2012-10-10,193.8,194.5,188.3,190.3,5174,EQ,,,
2012-10-11,192.5,193.75,190.0,192.45,3498,EQ,,,
2012-10-12,192.0,196.75,192.0,195.55,5444,EQ,,,
2012-10-15,196.95,206.4,195.95,200.05,23564,EQ,,,
2012-10-16,202.5,203.7,199.0,200.2,7314,EQ,,,
2012-10-17,200.5,203.45,198.3,199.5,7104,EQ,,,
2012-10-18,199.5,205.0,199.1,202.2,7716,EQ,,,
2012-10-19,202.3,207.5,179.5,185.3,201144,EQ,,,
2012-10-22,182.8,184.75,180.0,182.4,61385,EQ,,,
2012-10-23,182.4,185.0,178.75,179.5,9763,EQ,,,
2012-10-25,180.0,181.2,174.8,177.8,19772,EQ,,,
2012-10-26,180.0,181.3,176.0,178.05,18212,EQ,,,
2012-10-29,181.0,181.0,174.8,175.4,16478,EQ,,,
2012-10-30,177.4,177.4,173.0,173.8,83894,EQ,,,
2012-10-31,172.55,173.75,170.0,170.55,8583,EQ,,,
2012-11-01,170.5,172.4,166.5,167.55,15471,EQ,,,
2012-11-02,171.7,171.7,165.05,168.2,26984,EQ,,,
2012-11-05,167.5,169.0,165.25,166.4,136107,EQ,,,
2012-11-06,165.8,166.35,165.0,165.75,22525,EQ,,,
2012-11-07,165.75,166.8,164.0,165.95,15117,EQ,,,
2012-11-08,165.75,166.25,163.0,163.85,10032,EQ,,,
2012-11-09,163.85,165.5,161.95,162.55,13816,EQ,,,
2012-11-12,162.85,163.75,160.0,160.4,8502,EQ,,,
2012-11-13,162.5,163.75,160.25,161.8,3854,EQ,,,
2012-11-15,162.0,163.75,158.8,160.45,17284,EQ,,,
2012-11-16,160.75,165.5,159.0,162.4,81282,EQ,,,
2012-11-19,160.5,171.2,160.5,165.2,52753,EQ,,,
2012-11-20,166.3,170.1,165.6,168.65,12629,EQ,,,
2012-11-21,170.0,176.9,168.0,174.4,38207,EQ,,,
2012-11-22,174.25,175.65,169.95,174.2,18770,EQ,,,
2012-11-23,175.0,177.6,172.05,176.5,21060,EQ,,,
2012-11-26,176.25,178.5,176.05,177.8,6901,EQ,,,
2012-11-27,178.75,183.3,177.5,181.6,11193,EQ,,,
2012-11-29,182.2,187.0,180.3,185.3,12634,EQ,,,
2012-11-30,184.3,192.35,179.4,182.4,210938,EQ,,,
2012-12-03,181.9,186.2,180.75,183.75,28502,EQ,,,
2012-12-04,184.25,185.75,182.5,183.75,54684,EQ,,,
2012-12-05,183.75,184.75,181.0,182.5,7428,EQ,,,
2012-12-06,182.6,184.7,181.4,182.7,7934,EQ,,,
2012-12-07,182.2,184.0,181.3,182.55,6108,EQ,,,
2012-12-10,182.05,187.0,178.8,179.3,11161,EQ,,,
2012-12-11,180.0,184.0,179.0,179.8,25388,EQ,,,
2012-12-12,181.8,182.95,178.9,180.9,56154,EQ,,,
2012-12-13,180.05,181.7,176.95,177.7,14993,EQ,,,
2012-12-14,176.75,181.25,176.0,177.7,5484,EQ,,,
2012-12-17,175.0,180.6,175.0,177.3,25790,EQ,,,
2012-12-18,176.6,179.7,175.5,176.4,2272,EQ,,,
2012-12-19,175.7,178.75,174.5,175.1,35348,EQ,,,
2012-12-20,180.5,180.5,174.65,175.0,9787,EQ,,,
2012-12-21,173.8,176.2,173.5,174.8,19641,EQ,,,
2012-12-24,173.0,176.25,172.45,174.95,6552,EQ,,,
2012-12-26,175.5,175.5,167.5,171.2,164348,EQ,,,
2012-12-27,174.1,174.9,167.6,170.3,13690,EQ,,,
2012-12-28,170.0,174.7,168.9,172.75,7316,EQ,,,
2012-12-31,174.7,177.25,169.0,171.2,12236,EQ,,,
2013-01-01,175.75,176.75,169.7,172.1,4713,EQ,,,
2013-01-02,172.55,175.2,170.85,174.05,30480,EQ,,,
2013-01-03,175.0,175.0,171.3,171.9,4276,EQ,,,
2013-01-04,170.25,173.6,170.25,171.9,4978,EQ,,,
2013-01-07,173.25,176.3,173.25,174.8,24125,EQ,,,
2013-01-08,174.9,175.5,171.8,172.9,3027,EQ,,,
2013-01-09,173.0,174.5,172.25,172.45,1212,EQ,,,
2013-01-10,173.7,181.0,172.5,175.55,8666,EQ,,,
2013-01-11,176.45,186.75,175.8,177.1,84525,EQ,,,
2013-01-14,175.0,178.75,172.5,175.4,5366,EQ,,,
2013-01-15,175.6,178.75,174.5,178.0,5354,EQ,,,
2013-01-16,175.0,177.5,172.75,174.6,2060,EQ,,,
2013-01-17,174.5,180.0,173.5,174.4,5898,EQ,,,
2013-01-18,173.75,175.0,170.45,171.05,24369,EQ,,,
2013-01-21,170.05,177.5,170.05,173.25,5434,EQ,,,
2013-01-22,170.15,175.0,167.8,168.7,22839,EQ,,,
2013-01-23,168.9,172.1,165.0,165.4,6634,EQ,,,
2013-01-24,169.25,170.0,163.25,164.7,39051,EQ,,,
2013-01-25,162.5,167.5,155.75,157.7,107203,EQ,,,
2013-01-28,164.9,171.25,157.0,158.1,347656,EQ,,,
2013-01-29,158.4,161.0,158.4,159.65,19450,EQ,,,
2013-01-30,162.25,162.25,152.6,155.95,40854,EQ,,,
2013-01-31,157.0,160.0,155.05,156.4,11003,EQ,,,
2013-02-01,155.5,159.95,155.4,156.2,7649,EQ,,,
2013-02-04,157.5,158.5,155.8,156.3,8471,EQ,,,
2013-02-05,158.1,159.95,156.25,157.55,9461,EQ,,,
2013-02-06,157.5,160.25,157.5,159.35,6991,EQ,,,
2013-02-07,158.75,159.9,155.5,157.6,7052,EQ,,,
2013-02-08,158.0,158.7,155.75,156.4,7305,EQ,,,
2013-02-11,156.3,157.5,155.9,156.2,6314,EQ,,,
2013-02-12,156.4,157.5,154.5,155.05,6527,EQ,,,
2013-02-13,157.45,157.45,155.05,156.25,19446,EQ,,,
2013-02-14,155.6,157.45,155.6,156.4,8159,EQ,,,
2013-02-15,155.3,158.0,155.25,156.2,8823,EQ,,,
2013-02-18,157.45,157.45,156.25,156.35,5782,EQ,,,
2013-02-19,156.5,158.25,156.25,157.3,8298,EQ,,,
2013-02-20,157.2,159.0,156.25,158.5,6971,EQ,,,
2013-02-21,158.1,164.5,157.5,161.4,18148,EQ,,,
2013-02-22,161.5,163.1,154.05,155.8,11921,EQ,,,
2013-02-25,155.75,159.7,155.75,158.8,10944,EQ,,,
2013-02-26,157.55,159.0,156.0,157.5,8809,EQ,,,
2013-02-27,157.5,158.25,152.0,152.7,6412,EQ,,,
2013-02-28,153.25,156.4,150.0,151.7,7073,EQ,,,
2013-03-01,151.25,156.25,150.0,154.95,9274,EQ,,,
2013-03-04,155.0,156.2,151.25,151.7,18157,EQ,,,
2013-03-05,155.0,156.25,150.3,154.4,7801,EQ,,,
2013-03-06,159.0,159.0,153.6,157.6,10190,EQ,,,
2013-03-07,157.5,160.5,157.0,159.55,15472,EQ,,,
2013-03-08,160.0,163.0,158.0,162.2,9009,EQ,,,
2013-03-11,160.0,163.7,159.8,162.05,24785,EQ,,,
2013-03-12,162.25,162.4,160.25,161.7,10167,EQ,,,
2013-03-13,161.95,163.75,158.25,162.5,13884,EQ,,,
2013-03-14,162.75,162.75,161.25,161.5,2138,EQ,,,
2013-03-15,162.5,163.1,160.1,162.2,16583,EQ,,,
2013-03-18,162.0,163.75,161.25,163.5,7022,EQ,,,
2013-03-19,164.5,166.75,161.25,162.55,21985,EQ,,,
2013-03-20,164.4,164.75,161.2,161.8,14284,EQ,,,
2013-03-21,162.5,162.5,150.1,153.2,33845,EQ,,,
2013-03-22,155.0,157.25,150.95,153.05,7164,EQ,,,
2013-03-25,152.5,156.0,149.25,151.3,21729,EQ,,,
2013-03-26,153.55,154.25,149.5,151.2,18395,EQ,,,
2013-03-28,151.75,153.7,149.95,150.7,16760,EQ,,,
2013-04-01,150.85,156.55,150.75,155.8,1786,EQ,,,
2013-04-02,153.8,158.25,152.5,157.0,1691,EQ,,,
2013-04-03,157.0,158.75,156.0,157.2,3185,EQ,,,
2013-04-04,157.2,158.5,156.95,157.45,35402,EQ,,,
2013-04-05,158.45,160.0,157.25,158.15,46869,EQ,,,
2013-04-08,158.5,162.0,156.8,157.6,3447,EQ,,,
2013-04-09,157.75,158.25,157.5,157.5,1032,EQ,,,
2013-04-10,162.0,174.45,160.25,165.1,286327,EQ,,,
2013-04-11,167.25,171.0,161.9,168.4,50366,EQ,,,
2013-04-12,169.25,169.95,163.75,168.4,22660,EQ,,,
2013-04-15,172.45,172.45,164.5,165.7,26733,EQ,,,
2013-04-16,164.75,167.1,160.05,165.1,54347,EQ,,,
2013-04-17,163.8,167.25,161.25,162.3,12772,EQ,,,
2013-04-18,161.3,164.7,160.75,161.8,9328,EQ,,,
2013-04-22,161.0,162.2,158.75,159.9,3471,EQ,,,
2013-04-23,160.95,160.95,156.3,156.9,9990,EQ,,,
2013-04-25,156.9,157.95,153.75,154.25,46210,EQ,,,
2013-04-26,156.25,158.5,150.95,151.5,6707,EQ,,,
2013-04-29,154.95,154.95,152.5,153.45,1972,EQ,,,
2013-04-30,153.9,155.8,151.4,152.4,2742,EQ,,,
2013-05-02,151.5,155.0,151.25,152.95,8717,EQ,,,
2013-05-03,154.9,154.9,151.5,152.2,3848,EQ,,,
2013-05-06,155.0,155.0,151.25,152.3,2843,EQ,,,
2013-05-07,155.0,157.25,151.25,153.2,13605,EQ,,,
2013-05-08,157.0,157.0,152.25,152.9,9210,EQ,,,
2013-05-09,155.75,155.75,152.55,153.5,2656,EQ,,,
2013-05-10,155.25,155.25,151.4,153.9,5660,EQ,,,
2013-05-11,154.75,154.75,152.6,153.1,216,EQ,,,
2013-05-13,152.5,155.0,150.0,151.0,6451,EQ,,,
2013-05-14,153.7,153.75,151.25,152.6,9916,EQ,,,
2013-05-15,152.5,154.25,151.65,152.45,8341,EQ,,,
2013-05-16,156.05,159.75,152.5,156.8,23575,EQ,,,
2013-05-17,153.8,158.5,153.0,153.95,5006,EQ,,,
2013-05-20,153.75,155.7,153.25,153.55,9120,EQ,,,
2013-05-21,154.5,156.2,152.8,153.05,21017,EQ,,,
2013-05-22,153.5,154.9,152.1,153.6,10978,EQ,,,
2013-05-23,153.7,155.8,152.25,154.6,8656,EQ,,,
2013-05-24,153.0,166.25,151.75,162.1,51330,EQ,,,
2013-05-27,163.5,166.9,161.4,166.0,51892,EQ,,,
2013-05-28,167.5,171.95,164.95,169.8,21568,EQ,,,
2013-05-29,168.5,175.0,167.0,171.9,30605,EQ,,,
2013-05-30,166.8,173.5,166.8,171.4,14527,EQ,,,
2013-05-31,170.75,179.5,170.0,175.7,58746,EQ,,,
2013-06-03,176.25,178.75,171.5,173.7,8380,EQ,,,
2013-06-04,177.95,177.95,172.5,173.25,46888,EQ,,,
2013-06-05,175.0,175.65,171.0,171.6,30340,EQ,,,
2013-06-06,172.45,180.4,170.3,172.95,63593,EQ,,,
2013-06-07,171.3,177.0,169.55,170.8,104806,EQ,,,
2013-06-10,170.1,174.2,170.05,171.4,5064,EQ,,,
2013-06-11,171.25,174.25,170.4,173.7,26439,EQ,,,
2013-06-12,171.3,172.5,170.4,171.25,9542,EQ,,,
2013-06-13,171.25,172.25,171.25,171.25,3005,EQ,,,
2013-06-14,171.3,173.5,171.25,171.3,3535,EQ,,,
2013-06-17,171.75,174.0,171.4,173.3,2135,EQ,,,
2013-06-18,172.0,179.8,172.0,178.2,10060,EQ,,,
2013-06-19,179.0,185.55,176.95,182.3,23255,EQ,,,
2013-06-20,180.0,185.0,175.05,177.0,23473,EQ,,,
2013-06-21,179.7,182.5,177.5,177.6,15490,EQ,,,
2013-06-24,177.8,179.8,175.0,177.6,10105,EQ,,,
2013-06-25,175.8,181.25,173.55,178.35,26198,EQ,,,
2013-06-26,181.75,182.0,175.55,178.5,55666,EQ,,,
2013-06-27,178.85,179.6,171.8,174.0,4691,EQ,,,
2013-06-28,174.75,180.3,172.0,178.8,20963,EQ,,,
2013-07-01,177.0,192.25,177.0,187.6,12595,EQ,,,
2013-07-02,187.8,189.75,183.25,184.55,24373,EQ,,,
2013-07-03,184.5,185.2,177.5,178.7,4218,EQ,,,
2013-07-04,179.0,184.5,179.0,183.75,12039,EQ,,,
2013-07-05,183.25,187.25,183.25,185.05,3979,EQ,,,
2013-07-08,185.0,187.0,184.5,186.7,3797,EQ,,,
2013-07-09,186.25,195.45,186.25,190.05,38230,EQ,,,
2013-07-10,190.0,191.45,187.5,187.95,3430,EQ,,,
2013-07-11,188.75,194.5,187.55,193.8,19407,EQ,,,
2013-07-12,194.0,198.5,191.4,197.4,16678,EQ,,,
2013-07-15,195.3,202.45,195.3,200.05,10181,EQ,,,
2013-07-16,196.25,201.25,192.5,200.05,42450,EQ,,,
2013-07-17,196.5,203.05,196.5,200.05,28942,EQ,,,
2013-07-18,201.2,203.45,198.6,199.0,11229,EQ,,,
2013-07-19,197.55,214.95,197.55,201.8,185920,EQ,,,
2013-07-22,201.8,203.4,197.65,199.4,56510,EQ,,,
2013-07-23,200.7,200.75,195.25,196.05,15083,EQ,,,
2013-07-24,196.25,197.0,185.5,187.35,15524,EQ,,,
2013-07-25,184.6,187.5,179.25,180.7,9784,EQ,,,
2013-07-26,181.25,182.75,175.0,175.8,15762,EQ,,,
2013-07-29,175.0,184.5,175.0,182.6,25358,EQ,,,
2013-07-30,184.5,189.55,179.6,181.2,16252,EQ,,,
2013-07-31,180.0,182.5,175.0,181.75,31587,EQ,,,
2013-08-01,177.9,183.75,177.9,182.55,4868,EQ,,,
2013-08-02,182.75,185.0,181.3,184.4,5601,EQ,,,
2013-08-05,182.8,186.45,182.8,185.0,2600,EQ,,,
2013-08-06,192.5,194.1,189.4,192.2,41824,EQ,,,
2013-08-07,191.25,198.4,191.25,196.3,25507,EQ,,,
2013-08-08,196.45,198.25,194.8,196.4,19841,EQ,,,
2013-08-12,197.5,202.5,196.25,200.9,21420,EQ,,,
2013-08-13,196.95,198.25,191.3,195.9,16676,EQ,,,
2013-08-14,198.7,198.7,194.0,196.3,65359,EQ,,,
2013-08-16,195.0,197.5,192.2,194.95,12322,EQ,,,
2013-08-19,191.75,195.7,188.0,195.2,3900,EQ,,,
2013-08-20,194.95,197.15,188.4,193.9,11564,EQ,,,
2013-08-21,192.5,195.0,187.5,190.1,12753,EQ,,,
2013-08-22,188.25,193.7,184.7,192.15,57605,EQ,,,
2013-08-23,193.8,197.2,192.25,195.2,13485,EQ,,,
2013-08-26,196.5,199.7,195.75,196.8,5087,EQ,,,
2013-08-27,196.5,197.5,195.75,196.7,6807,EQ,,,
2013-08-28,194.05,201.25,191.4,199.9,18244,EQ,,,
2013-08-29,200.0,208.5,197.0,206.2,20665,EQ,,,
2013-08-30,206.5,210.0,204.0,208.15,11988,EQ,,,
2013-09-02,210.0,218.0,209.5,212.7,28079,EQ,,,
2013-09-03,207.75,217.5,207.75,215.0,24326,EQ,,,
2013-09-04,215.5,217.5,204.0,207.3,30663,EQ,,,
2013-09-05,205.25,211.9,203.4,207.3,21944,EQ,,,
2013-09-06,206.0,208.3,204.2,206.25,16821,EQ,,,
2013-09-10,205.0,207.5,202.5,203.8,19926,EQ,,,
2013-09-11,206.5,206.5,201.8,202.45,25640,EQ,,,
2013-09-12,202.75,204.9,202.75,204.3,3778,EQ,,,
2013-09-13,205.0,209.0,204.25,205.6,12823,EQ,,,
2013-09-16,205.0,210.0,205.0,208.4,7056,EQ,,,
2013-09-17,208.25,214.5,208.25,212.7,13268,EQ,,,
2013-09-18,214.3,215.0,211.85,214.7,4438,EQ,,,
2013-09-19,215.0,217.3,213.0,213.9,8945,EQ,,,
2013-09-20,211.3,217.5,208.0,213.25,32673,EQ,,,
2013-09-23,211.5,216.55,210.25,213.05,4483,EQ,,,
2013-09-24,216.2,216.2,210.05,213.3,3843,EQ,,,
2013-09-25,211.25,217.5,211.25,216.55,8616,EQ,,,
2013-09-26,213.75,217.5,211.8,213.75,29556,EQ,,,
2013-09-27,210.3,215.0,210.3,213.75,62292,EQ,,,
2013-09-30,215.0,216.2,208.4,211.5,31044,EQ,,,
2013-10-01,210.0,217.5,208.75,216.6,5709,EQ,,,
2013-10-03,215.5,221.0,215.1,220.0,7637,EQ,,,
2013-10-04,217.85,223.5,215.9,221.7,8961,EQ,,,
2013-10-07,221.9,227.0,221.9,225.6,10522,EQ,,,
2013-10-08,227.0,240.4,223.05,236.7,65158,EQ,,,
2013-10-09,236.25,248.75,233.25,246.9,90778,EQ,,,
2013-10-10,246.75,258.75,246.75,253.05,80870,EQ,,,
2013-10-11,251.25,261.2,251.25,258.9,85089,EQ,,,
2013-10-14,258.2,267.1,256.75,261.9,85854,EQ,,,
2013-10-15,264.25,267.5,251.25,253.1,19143,EQ,,,
2013-10-17,251.25,259.5,235.25,239.6,16725,EQ,,,
2013-10-18,240.0,240.0,226.8,237.8,20545,EQ,,,
2013-10-21,240.0,246.25,234.0,236.2,11830,EQ,,,
2013-10-22,234.5,240.5,228.8,232.8,8297,EQ,,,
2013-10-23,232.5,239.2,222.8,227.4,12280,EQ,,,
2013-10-24,228.75,238.75,225.7,231.8,61875,EQ,,,
2013-10-25,232.5,256.2,232.5,245.0,303214,EQ,,,
2013-10-28,245.3,267.75,245.3,262.3,167384,EQ,,,
2013-10-29,261.0,262.25,250.0,253.3,27568,EQ,,,
2013-10-30,256.6,260.0,248.8,252.7,20497,EQ,,,
2013-10-31,258.2,258.2,247.5,250.55,12108,EQ,,,
2013-11-01,251.7,255.5,248.8,252.1,10826,EQ,,,
2013-11-03,259.5,259.5,254.25,255.55,2759,EQ,,,
2013-11-05,256.25,261.7,250.55,257.4,61341,EQ,,,
2013-11-06,257.25,293.75,253.9,281.55,237971,EQ,,,
2013-11-07,282.75,292.0,281.5,285.8,111738,EQ,,,
2013-11-08,286.1,292.5,281.0,285.75,77224,EQ,,,
2013-11-11,283.6,284.5,271.75,276.15,21838,EQ,,,
2013-11-12,272.8,287.35,272.8,278.5,15022,EQ,,,
2013-11-13,281.2,285.5,270.0,283.05,125706,EQ,,,
2013-11-14,283.25,305.05,283.25,300.6,397284,EQ,,,
2013-11-18,301.25,311.0,285.25,288.0,57079,EQ,,,
2013-11-19,289.9,295.0,288.0,289.9,15652,EQ,,,
2013-11-20,290.0,292.0,281.7,284.1,10831,EQ,,,
2013-11-21,285.2,285.2,272.5,273.25,15300,EQ,,,
2013-11-22,276.6,282.45,270.25,271.9,20614,EQ,,,
2013-11-25,275.0,280.0,273.2,277.4,10510,EQ,,,
2013-11-26,273.25,287.95,273.25,284.8,14326,EQ,,,
2013-11-27,283.0,291.0,277.5,278.5,8622,EQ,,,
2013-11-28,276.5,282.5,266.75,271.35,16154,EQ,,,
2013-11-29,272.75,281.25,269.6,271.3,12168,EQ,,,
2013-12-02,273.7,277.5,270.0,272.9,7857,EQ,,,
2013-12-03,271.5,279.5,268.0,271.9,100840,EQ,,,
2013-12-04,274.5,274.5,263.0,264.75,20990,EQ,,,
2013-12-05,270.65,270.65,265.0,268.6,9722,EQ,,,
2013-12-06,270.0,277.25,268.75,271.3,26756,EQ,,,
2013-12-09,273.0,274.0,253.75,259.4,19481,EQ,,,
2013-12-10,261.25,268.6,261.25,262.1,125488,EQ,,,
2013-12-11,262.5,264.9,257.5,260.5,42386,EQ,,,
2013-12-12,260.55,262.5,257.75,259.0,3982,EQ,,,
2013-12-13,260.0,260.0,252.75,255.0,6356,EQ,,,
2013-12-16,258.7,274.7,251.8,272.0,110740,EQ,,,
2013-12-17,272.5,280.6,265.0,266.5,54839,EQ,,,
2013-12-18,268.55,268.55,263.0,264.8,4808,EQ,,,
2013-12-19,269.5,273.75,265.0,267.4,23430,EQ,,,
2013-12-20,269.0,278.75,266.5,275.0,169670,EQ,,,
2013-12-23,277.3,281.7,270.55,275.35,70742,EQ,,,
2013-12-24,277.75,280.0,272.25,273.9,46244,EQ,,,
2013-12-26,275.65,275.85,265.5,266.75,37183,EQ,,,
2013-12-27,267.5,271.75,263.7,264.8,45783,EQ,,,
2013-12-30,266.25,269.75,262.5,263.4,13517,EQ,,,
2013-12-31,263.75,267.5,262.5,266.3,17229,EQ,,,
2014-01-01,268.7,274.75,265.0,268.7,27601,EQ,,,
2014-01-02,272.0,272.5,266.25,267.1,25734,EQ,,,
2014-01-03,267.5,269.9,263.75,268.4,20656,EQ,,,
2014-01-06,268.1,271.25,264.5,265.25,14956,EQ,,,
2014-01-07,271.25,271.25,258.95,261.75,58994,EQ,,,
2014-01-08,265.0,265.0,255.3,257.2,53770,EQ,,,
2014-01-09,257.5,263.7,257.25,261.25,101391,EQ,,,
2014-01-10,263.75,278.75,263.75,276.3,229207,EQ,,,
2014-01-13,278.4,284.15,269.45,273.05,115298,EQ,,,
2014-01-14,275.75,279.7,274.4,277.05,28267,EQ,,,
2014-01-15,277.5,281.15,272.6,274.75,18435,EQ,,,
2014-01-16,277.25,286.9,273.75,283.4,44188,EQ,,,
2014-01-17,285.8,285.85,270.5,273.9,29950,EQ,,,
2014-01-20,277.75,296.0,275.0,291.4,89636,EQ,,,
2014-01-21,293.7,297.5,273.75,285.6,152679,EQ,,,
2014-01-22,283.75,291.0,283.3,287.7,26515,EQ,,,
2014-01-23,287.5,289.7,286.0,288.1,7309,EQ,,,
2014-01-24,286.25,290.0,286.25,287.7,15508,EQ,,,
2014-01-27,281.25,291.25,279.7,289.0,24475,EQ,,,
2014-01-28,288.7,303.7,285.0,300.0,73245,EQ,,,
2014-01-29,303.2,305.95,300.3,303.9,19985,EQ,,,
2014-01-30,302.5,311.55,299.4,304.3,28479,EQ,,,
2014-01-31,305.0,310.4,301.25,304.75,9169,EQ,,,
2014-02-03,297.2,314.2,297.2,309.5,20865,EQ,,,
2014-02-04,308.75,312.0,301.75,304.05,37859,EQ,,,
2014-02-05,305.0,305.0,295.5,298.75,8578,EQ,,,
2014-02-06,298.9,300.0,281.5,284.4,13254,EQ,,,
2014-02-07,284.0,291.25,279.75,281.5,9351,EQ,,,
2014-02-10,285.0,291.25,283.0,288.25,9152,EQ,,,
2014-02-11,286.0,297.45,286.0,292.4,11391,EQ,,,
2014-02-12,292.5,310.0,292.5,301.2,13216,EQ,,,
2014-02-13,303.0,308.0,295.25,297.25,23876,EQ,,,
2014-02-14,301.0,308.7,298.2,304.6,17642,EQ,,,
2014-02-17,304.5,308.75,304.5,307.2,9752,EQ,,,
2014-02-18,305.5,310.95,298.75,302.5,21962,EQ,,,
2014-02-19,304.7,310.0,304.7,308.2,11905,EQ,,,
2014-02-20,308.0,342.75,307.75,329.8,236364,EQ,,,
2014-02-21,330.0,339.25,321.25,327.4,82034,EQ,,,
2014-02-24,328.25,337.5,328.25,332.1,35518,EQ,,,
2014-02-25,334.75,338.0,331.25,334.8,45464,EQ,,,
2014-02-26,334.7,341.2,333.65,335.05,63408,EQ,,,
2014-02-28,335.45,338.05,331.25,333.1,25082,EQ,,,
2014-03-03,332.5,332.5,328.0,330.8,22973,EQ,,,
2014-03-04,333.0,333.0,316.25,319.6,27351,EQ,,,
2014-03-05,320.0,324.2,319.1,321.4,18081,EQ,,,
2014-03-06,322.0,333.75,317.5,320.2,25089,EQ,,,
2014-03-07,329.9,329.9,296.2,302.0,51279,EQ,,,
2014-03-10,317.55,317.55,286.4,287.0,35708,EQ,,,
2014-03-11,281.5,307.5,281.5,297.7,43687,EQ,,,
2014-03-12,300.0,300.0,294.0,294.9,12304,EQ,,,
2014-03-13,295.75,297.5,287.75,289.0,19617,EQ,,,
2014-03-14,291.2,292.25,285.25,286.4,11113,EQ,,,
2014-03-18,288.75,291.2,282.5,284.0,4997,EQ,,,
2014-03-19,283.0,287.25,271.5,272.6,28003,EQ,,,
2014-03-20,282.0,282.0,272.5,274.4,18233,EQ,,,
2014-03-21,272.1,276.0,265.0,265.55,37465,EQ,,,
2014-03-22,270.75,274.0,265.75,271.8,3325,EQ,,,
2014-03-24,274.9,277.5,270.0,273.0,33509,EQ,,,
2014-03-25,270.5,276.0,270.5,274.55,18253,EQ,,,
2014-03-26,275.0,280.0,269.0,269.9,28187,EQ,,,
2014-03-27,274.25,274.25,262.0,264.9,15144,EQ,,,
2014-03-28,268.65,268.7,257.5,260.9,38535,EQ,,,
2014-03-31,267.5,267.5,260.75,265.25,29002,EQ,,,
2014-04-01,267.75,278.3,267.5,273.7,26593,EQ,,,
2014-04-02,275.25,284.0,275.0,279.0,95521,EQ,,,
2014-04-03,281.25,300.0,277.5,293.2,54282,EQ,,,
2014-04-04,293.25,317.5,293.2,310.65,245739,EQ,,,
2014-04-07,313.25,320.0,296.5,306.55,158021,EQ,,,
2014-04-09,301.25,312.5,301.2,308.9,10130,EQ,,,
2014-04-10,310.0,312.4,299.25,305.5,187918,EQ,,,
2014-04-11,302.25,309.75,298.25,306.5,130143,EQ,,,
2014-04-15,316.75,316.75,303.75,307.7,8035,EQ,,,
2014-04-16,307.0,312.5,306.25,309.05,13157,EQ,,,
2014-04-17,309.05,315.0,302.9,310.75,9146,EQ,,,
2014-04-21,311.8,312.5,307.5,308.0,5245,EQ,,,
2014-04-22,302.5,313.75,302.5,311.05,9588,EQ,,,
2014-04-23,311.0,312.5,306.25,307.5,8702,EQ,,,
2014-04-25,308.75,309.9,290.75,300.4,44128,EQ,,,
2014-04-28,301.25,307.25,297.25,302.2,10124,EQ,,,
2014-04-29,305.0,306.1,295.4,304.5,22578,EQ,,,
2014-04-30,306.2,306.2,300.4,303.25,14176,EQ,,,
2014-05-02,300.05,314.75,300.05,309.95,138232,EQ,,,
2014-05-05,309.5,312.5,309.5,311.3,45096,EQ,,,
2014-05-06,311.25,315.15,307.5,309.4,2991,EQ,,,
2014-05-07,312.5,312.5,300.5,302.15,13027,EQ,,,
2014-05-08,304.7,306.1,295.1,302.7,8523,EQ,,,
2014-05-09,302.25,307.0,297.65,305.5,3035,EQ,,,
2014-05-12,304.75,312.5,298.0,311.5,11341,EQ,,,
2014-05-13,311.2,318.6,307.85,315.9,15603,EQ,,,
2014-05-14,315.0,318.75,314.05,316.65,16044,EQ,,,
2014-05-15,313.65,316.2,306.0,307.55,8195,EQ,,,
2014-05-16,316.25,316.25,290.25,305.5,63569,EQ,,,
2014-05-19,303.0,305.5,295.0,295.4,22131,EQ,,,
2014-05-20,294.5,304.75,292.6,301.2,29437,EQ,,,
2014-05-21,304.0,304.25,282.75,287.3,34409,EQ,,,
2014-05-22,287.3,290.9,277.9,280.55,127569,EQ,,,
2014-05-23,279.0,282.5,276.0,277.7,17649,EQ,,,
2014-05-26,292.5,292.5,266.6,269.5,51090,EQ,,,
2014-05-27,272.7,273.0,262.9,268.75,72611,EQ,,,
2014-05-28,273.05,273.75,266.75,268.05,16879,EQ,,,
2014-05-29,270.7,272.5,265.5,269.8,61103,EQ,,,
2014-05-30,270.75,282.5,267.0,273.8,24321,EQ,,,
2014-06-02,275.5,288.75,275.5,282.0,27839,EQ,,,
2014-06-03,282.5,302.5,282.5,299.8,48406,EQ,,,
2014-06-04,302.5,304.7,287.1,293.75,20331,EQ,,,
2014-06-05,291.25,295.2,281.5,284.5,17797,EQ,,,
2014-06-06,289.75,292.25,282.7,290.5,12634,EQ,,,
2014-06-09,294.5,301.25,290.7,299.2,9720,EQ,,,
2014-06-10,298.7,301.5,292.5,298.7,12772,EQ,,,
2014-06-11,298.75,302.5,290.0,293.1,54379,EQ,,,
2014-06-12,293.75,293.75,288.0,290.0,40035,EQ,,,
2014-06-13,290.0,302.35,288.75,292.25,65317,EQ,,,
2014-06-16,293.75,298.35,290.3,293.5,7544,EQ,,,
2014-06-17,295.0,300.7,294.0,294.7,59059,EQ,,,
2014-06-18,296.0,298.95,285.25,288.5,15888,EQ,,,
2014-06-19,295.0,295.0,289.3,292.8,7730,EQ,,,
2014-06-20,294.25,299.5,292.1,293.0,18625,EQ,,,
2014-06-23,292.0,296.7,289.15,291.4,7445,EQ,,,
2014-06-24,289.4,295.0,289.4,292.9,16645,EQ,,,
2014-06-25,290.0,293.75,289.0,291.05,17960,EQ,,,
2014-06-26,290.1,292.5,289.0,291.1,7957,EQ,,,
2014-06-27,291.0,292.25,289.0,289.95,64979,EQ,,,
2014-06-30,290.5,298.5,289.25,289.9,43069,EQ,,,
2014-07-01,293.25,297.5,292.0,292.55,28001,EQ,,,
2014-07-02,287.5,293.75,283.75,290.4,22365,EQ,,,
2014-07-03,291.25,296.0,287.35,290.25,31392,EQ,,,
2014-07-04,291.75,293.7,290.0,292.45,20530,EQ,,,
2014-07-07,292.4,312.0,291.4,301.7,53897,EQ,,,
2014-07-08,302.5,318.45,300.3,303.05,44000,EQ,,,
2014-07-09,307.5,312.75,298.95,305.25,37422,EQ,,,
2014-07-10,302.5,310.0,302.5,308.4,17248,EQ,,,
2014-07-11,309.0,313.75,299.75,308.6,14174,EQ,,,
2014-07-14,310.5,313.1,293.0,297.55,17978,EQ,,,
2014-07-15,300.2,303.7,285.25,291.5,24075,EQ,,,
2014-07-16,291.5,297.5,289.5,290.0,7451,EQ,,,
2014-07-17,296.0,321.75,291.05,294.9,10543,EQ,,,
2014-07-18,292.75,297.5,291.25,292.9,5966,EQ,,,
2014-07-21,292.8,296.65,274.25,276.25,45666,EQ,,,
2014-07-22,276.25,286.25,276.25,281.0,16276,EQ,,,
2014-07-23,288.2,303.5,283.75,299.6,106776,EQ,,,
2014-07-24,300.95,312.0,300.0,302.25,66108,EQ,,,
2014-07-25,298.25,310.0,297.5,309.5,17708,EQ,,,
2014-07-28,312.2,312.2,302.9,306.05,6296,EQ,,,
2014-07-30,306.05,309.6,297.9,308.1,8478,EQ,,,
2014-07-31,306.75,331.25,305.0,322.9,151851,EQ,,,
2014-08-01,324.5,328.25,315.05,322.75,29209,EQ,,,
2014-08-04,325.0,325.0,314.5,315.6,32125,EQ,,,
2014-08-05,312.75,331.4,312.75,329.0,144660,EQ,,,
2014-08-06,330.0,332.25,319.0,320.4,20425,EQ,,,
2014-08-07,320.4,320.4,299.7,305.15,24449,EQ,,,
2014-08-08,313.0,313.0,301.2,302.4,12677,EQ,,,
2014-08-11,308.7,312.4,302.25,306.7,21130,EQ,,,
2014-08-12,307.5,311.5,304.5,310.1,16609,EQ,,,
2014-08-13,312.5,314.0,307.35,312.7,7372,EQ,,,
2014-08-14,312.7,316.6,310.0,314.8,10148,EQ,,,
2014-08-18,312.75,324.4,312.75,322.75,9540,EQ,,,
2014-08-19,319.5,323.9,315.0,317.25,4909,EQ,,,
2014-08-20,318.25,318.25,312.0,313.4,10061,EQ,,,
2014-08-21,314.25,323.5,311.5,318.1,7192,EQ,,,
2014-08-22,317.4,322.5,312.5,316.4,9361,EQ,,,
2014-08-25,316.4,322.0,310.9,320.35,10739,EQ,,,
2014-08-26,318.75,324.7,318.75,322.45,11787,EQ,,,
2014-08-27,322.5,351.9,322.5,339.8,155712,EQ,,,
2014-08-28,343.0,343.0,335.55,340.05,22473,EQ,,,
2014-09-01,343.75,361.25,334.15,343.6,174561,EQ,,,
2014-09-02,342.8,346.5,337.5,338.9,151246,EQ,,,
2014-09-03,337.75,343.75,337.5,341.5,31825,EQ,,,
2014-09-04,345.0,345.0,332.55,336.0,35141,EQ,,,
2014-09-05,339.75,340.7,329.5,331.45,53819,EQ,,,
2014-09-08,331.75,340.0,331.75,337.4,16605,EQ,,,
2014-09-09,331.25,341.25,326.6,328.5,9330,EQ,,,
2014-09-10,328.75,337.3,328.0,328.8,6384,EQ,,,
2014-09-11,325.75,348.7,325.75,335.7,48374,EQ,,,
2014-09-12,333.75,339.1,333.75,336.6,19343,EQ,,,
2014-09-15,333.25,353.5,332.25,349.0,33336,EQ,,,
2014-09-16,349.0,349.0,338.7,344.0,39118,EQ,,,
2014-09-17,342.5,342.5,339.2,339.8,15677,EQ,,,
2014-09-18,341.75,347.25,336.55,338.75,23253,EQ,,,
2014-09-19,342.5,351.25,342.5,347.1,115053,EQ,,,
2014-09-22,345.0,350.25,341.25,343.7,53664,EQ,,,
2014-09-23,341.3,345.0,333.75,337.1,7769,EQ,,,
2014-09-24,334.4,342.5,330.25,334.25,11024,EQ,,,
2014-09-25,332.75,337.5,331.25,335.6,4785,EQ,,,
2014-09-26,333.25,338.75,331.25,337.95,11985,EQ,,,
2014-09-29,335.25,349.5,330.25,347.5,79717,EQ,,,
2014-09-30,344.0,350.0,342.5,348.4,111205,EQ,,,
2014-10-01,345.0,360.55,345.0,351.95,56270,EQ,,,
2014-10-07,352.0,360.5,338.75,342.55,43325,EQ,,,
2014-10-08,339.8,346.0,335.4,342.1,6474,EQ,,,
2014-10-09,341.25,347.1,339.5,342.0,5631,EQ,,,
2014-10-10,340.4,346.5,339.5,344.2,2883,EQ,,,
2014-10-13,342.5,350.0,339.4,340.5,7659,EQ,,,
2014-10-14,342.25,347.25,340.25,344.25,6140,EQ,,,
2014-10-16,342.75,350.0,326.25,333.7,14920,EQ,,,
2014-10-17,332.75,342.5,326.25,340.05,7929,EQ,,,
2014-10-20,347.0,347.0,336.0,338.05,5887,EQ,,,
2014-10-21,338.75,348.5,338.75,341.5,7413,EQ,,,
2014-10-22,345.6,346.5,338.0,343.75,56522,EQ,,,
2014-10-23,344.0,349.7,342.7,345.7,1162,EQ,,,
2014-10-27,346.25,347.5,339.0,340.25,2415,EQ,,,
2014-10-28,340.25,344.25,335.75,337.75,8006,EQ,,,
2014-10-29,338.0,338.05,336.5,337.9,74505,EQ,,,
2014-10-30,342.5,342.5,333.5,336.95,77618,EQ,,,
2014-10-31,332.75,332.75,320.4,324.75,61791,EQ,,,
2014-11-03,330.0,330.0,322.0,327.35,13713,EQ,,,
2014-11-05,328.5,329.5,323.75,325.8,54525,EQ,,,
2014-11-07,325.0,327.5,320.1,323.8,18655,EQ,,,
2014-11-10,323.8,328.75,323.8,325.4,41566,EQ,,,
2014-11-11,328.75,328.75,324.25,325.3,30826,EQ,,,
2014-11-12,325.0,325.4,320.0,320.75,42517,EQ,,,
2014-11-13,320.0,325.0,317.5,322.55,69059,EQ,,,
2014-11-14,322.5,325.8,322.5,323.6,46795,EQ,,,
2014-11-17,323.6,323.6,319.8,321.4,7416,EQ,,,
2014-11-18,325.0,325.0,308.75,310.05,72113,EQ,,,
2014-11-19,318.0,318.0,300.7,304.2,62078,EQ,,,
2014-11-20,305.5,312.0,305.5,310.4,5865,EQ,,,
2014-11-21,321.0,321.0,303.25,313.2,7291,EQ,,,
2014-11-24,312.5,326.4,312.5,320.0,53992,EQ,,,
2014-11-25,320.0,323.75,316.0,321.9,11142,EQ,,,
2014-11-26,318.65,322.25,315.0,320.0,9699,EQ,,,
2014-11-27,316.8,320.0,314.75,317.9,5274,EQ,,,
2014-11-28,316.3,320.0,312.3,314.6,12791,EQ,,,
2014-12-01,316.25,320.8,310.75,313.6,15486,EQ,,,
2014-12-02,314.55,316.7,312.0,314.6,38985,EQ,,,
2014-12-03,315.7,317.2,312.0,312.9,10028,EQ,,,
2014-12-04,313.0,317.0,312.8,314.4,19315,EQ,,,
2014-12-05,316.25,316.25,310.2,311.05,108856,EQ,,,
2014-12-08,312.5,312.5,292.5,295.6,48341,EQ,,,
2014-12-09,299.75,310.0,296.5,299.05,54158,EQ,,,
2014-12-10,299.05,304.5,299.05,301.4,20169,EQ,,,
2014-12-11,303.25,303.25,295.9,299.5,59280,EQ,,,
2014-12-12,301.5,309.1,295.0,300.3,100360,EQ,,,
2014-12-15,298.5,306.2,295.75,304.4,11515,EQ,,,
2014-12-16,306.2,306.2,300.0,302.55,11990,EQ,,,
2014-12-17,300.75,304.7,292.8,303.75,16507,EQ,,,
2014-12-18,301.0,312.5,300.6,309.05,5529,EQ,,,
2014-12-19,306.0,313.5,306.0,308.2,8225,EQ,,,
2014-12-22,307.9,317.5,305.4,313.0,30303,EQ,,,
2014-12-23,310.05,322.5,310.05,321.1,21400,EQ,,,
2014-12-24,319.05,325.0,318.6,323.3,15207,EQ,,,
2014-12-26,322.0,325.0,316.5,318.9,4633,EQ,,,
2014-12-29,317.25,328.75,315.0,327.55,14567,EQ,,,
2014-12-30,325.5,333.75,322.3,328.5,8176,EQ,,,
2014-12-31,326.5,328.75,325.25,326.8,14965,EQ,,,
2015-01-01,324.75,328.25,321.25,322.35,2363,EQ,,,
2015-01-02,324.5,333.6,324.2,331.0,12066,EQ,,,
2015-01-05,331.0,334.8,328.75,331.05,17834,EQ,,,
2015-01-06,332.5,332.5,314.5,317.65,12009,EQ,,,
2015-01-07,314.5,326.7,314.5,317.9,6842,EQ,,,
2015-01-08,315.6,330.5,315.6,327.7,12268,EQ,,,
2015-01-09,325.05,329.75,324.5,326.9,5297,EQ,,,
2015-01-12,331.0,331.2,323.6,326.25,4299,EQ,,,
2015-01-13,324.65,330.0,322.5,326.9,8354,EQ,,,
2015-01-14,325.0,328.5,322.0,326.55,6584,EQ,,,
2015-01-15,324.05,329.75,323.9,326.1,4041,EQ,,,
2015-01-16,325.4,329.05,325.0,326.7,2118,EQ,,,
2015-01-19,326.5,330.55,324.0,327.05,6849,EQ,,,
2015-01-20,325.75,330.5,325.75,328.85,6961,EQ,,,
2015-01-21,330.0,333.6,325.0,327.1,11629,EQ,,,
2015-01-22,325.5,332.3,320.5,325.05,82088,EQ,,,
2015-01-23,325.3,329.2,316.15,319.6,9140,EQ,,,
2015-01-27,316.4,325.0,314.05,318.1,7491,EQ,,,
2015-01-28,318.1,332.25,316.1,327.7,49797,EQ,,,
2015-01-29,323.0,329.75,320.4,323.2,20381,EQ,,,
2015-01-30,328.75,330.0,314.0,320.5,62090,EQ,,,
2015-02-02,320.5,326.4,315.25,319.55,47946,EQ,,,
2015-02-03,323.1,323.75,318.0,321.05,5535,EQ,,,
2015-02-04,325.75,325.75,318.75,320.25,57488,EQ,,,
2015-02-05,318.05,320.9,313.5,316.25,4682,EQ,,,
2015-02-06,317.7,317.7,300.0,303.4,10497,EQ,,,
2015-02-09,302.5,304.85,294.75,298.5,17622,EQ,,,
2015-02-10,300.0,304.75,297.75,300.0,21765,EQ,,,
2015-02-11,300.0,305.0,298.75,304.1,9439,EQ,,,
2015-02-12,304.55,316.0,304.55,313.6,39560,EQ,,,
2015-02-13,317.5,324.25,310.5,317.0,6617,EQ,,,
2015-02-16,312.8,324.0,311.25,318.6,226524,EQ,,,
2015-02-18,319.25,323.95,316.25,318.4,40581,EQ,,,
2015-02-19,322.5,324.5,316.4,320.8,17395,EQ,,,
2015-02-20,322.4,347.5,318.75,320.5,599669,EQ,,,
2015-02-23,322.25,326.0,311.25,312.6,25800,EQ,,,
2015-02-24,315.0,317.5,308.25,311.15,161979,EQ,,,
2015-02-25,313.75,316.75,308.9,310.55,5863,EQ,,,
2015-02-26,313.25,315.0,310.4,313.3,7952,EQ,,,
2015-02-27,316.7,324.7,308.25,321.6,16475,EQ,,,
2015-02-28,322.5,335.0,317.5,331.65,28536,EQ,,,
2015-03-02,332.5,349.75,328.0,346.6,82441,EQ,,,
2015-03-03,349.75,353.6,341.5,350.9,74858,EQ,,,
2015-03-04,351.2,362.5,350.8,355.55,36904,EQ,,,
2015-03-05,350.35,413.75,350.35,392.3,264639,EQ,,,
2015-03-09,387.5,410.2,375.25,406.3,120884,EQ,,,
2015-03-10,406.75,415.0,400.25,409.7,120783,EQ,,,
2015-03-11,406.25,412.0,385.5,387.75,27083,EQ,,,
2015-03-12,387.75,399.0,383.75,390.45,20830,EQ,,,
2015-03-13,389.75,392.5,376.25,378.55,24804,EQ,,,
2015-03-16,374.1,381.5,366.25,369.5,18723,EQ,,,
2015-03-17,374.8,374.8,349.75,356.2,35969,EQ,,,
2015-03-18,355.0,374.7,355.0,358.4,37419,EQ,,,
2015-03-19,365.0,365.0,356.75,361.4,9865,EQ,,,
2015-03-20,362.5,404.5,358.75,397.4,281378,EQ,,,
2015-03-23,392.25,393.75,373.55,385.5,21444,EQ,,,
2015-03-24,385.5,385.5,378.75,381.6,15977,EQ,,,
2015-03-25,383.75,402.3,378.75,392.65,53233,EQ,,,
2015-03-26,396.25,400.7,384.0,396.3,40072,EQ,,,
2015-03-27,398.5,398.5,390.0,393.1,15416,EQ,,,
2015-03-30,393.75,432.5,393.75,399.0,45138,EQ,,,
2015-03-31,403.0,410.65,394.5,396.4,31440,EQ,,,
2015-04-01,400.95,424.25,398.75,400.2,123468,EQ,,,
2015-04-06,400.25,410.0,392.55,402.1,22736,EQ,,,
2015-04-07,400.0,401.5,390.0,393.2,30231,EQ,,,
2015-04-08,393.75,407.25,392.8,402.9,24353,EQ,,,
2015-04-09,400.0,405.0,395.5,397.4,13221,EQ,,,
2015-04-10,396.5,402.0,392.55,394.7,11132,EQ,,,
2015-04-13,395.9,399.5,389.55,392.2,8725,EQ,,,
2015-04-15,393.6,395.0,378.85,382.4,11019,EQ,,,
2015-04-16,386.25,405.0,381.2,394.55,34141,EQ,,,
2015-04-17,394.4,398.75,387.5,394.55,10423,EQ,,,
2015-04-20,396.6,396.6,375.0,377.9,14687,EQ,,,
2015-04-21,386.1,396.75,380.25,394.7,23244,EQ,,,
2015-04-22,396.75,399.75,382.4,391.05,29362,EQ,,,
2015-04-23,395.75,400.5,382.25,395.25,15226,EQ,,,
2015-04-24,391.75,399.25,385.5,395.9,12575,EQ,,,
2015-04-27,397.5,397.5,366.25,390.6,25249,EQ,,,
2015-04-28,386.4,399.0,376.25,395.65,22378,EQ,,,
2015-04-29,386.5,406.25,386.5,400.4,11030,EQ,,,
2015-04-30,396.1,403.75,390.0,398.65,18365,EQ,,,
2015-05-04,399.75,407.25,393.5,397.0,9079,EQ,,,
2015-05-05,397.0,399.5,396.25,396.7,4490,EQ,,,
2015-05-06,398.75,399.7,383.5,389.2,7193,EQ,,,
2015-05-07,392.5,399.05,384.0,394.5,21240,EQ,,,
2015-05-08,396.75,397.5,390.5,393.35,4286,EQ,,,
2015-05-11,393.35,399.4,391.25,393.7,1929,EQ,,,
2015-05-12,394.95,407.0,388.55,397.05,11903,EQ,,,
2015-05-13,396.05,403.8,388.75,394.85,5264,EQ,,,
2015-05-14,394.8,403.0,392.75,400.25,3389,EQ,,,
2015-05-15,403.75,408.7,396.25,402.25,7086,EQ,,,
2015-05-18,399.0,408.75,399.0,404.9,5506,EQ,,,
2015-05-19,407.5,407.5,394.5,396.45,5187,EQ,,,
2015-05-20,405.75,406.25,390.0,392.1,3225,EQ,,,
2015-05-21,397.75,403.2,391.25,401.5,5131,EQ,,,
2015-05-22,402.0,405.0,395.0,398.75,4033,EQ,,,
2015-05-25,404.5,404.5,376.5,383.6,21019,EQ,,,
2015-05-26,383.0,407.0,379.5,401.1,47022,EQ,,,
2015-05-27,398.0,398.75,388.9,394.6,22634,EQ,,,
2015-05-28,400.0,400.0,383.0,396.2,20837,EQ,,,
2015-05-29,394.5,399.2,391.25,395.0,40332,EQ,,,
2015-06-01,396.25,396.25,390.6,392.15,28363,EQ,,,
2015-06-02,392.5,392.5,380.5,383.1,18605,EQ,,,
2015-06-03,387.5,387.5,367.6,377.55,25435,EQ,,,
2015-06-04,367.75,397.9,367.75,394.2,12422,EQ,,,
2015-06-05,394.25,406.25,394.25,402.7,19033,EQ,,,
2015-06-08,396.5,404.4,395.7,398.0,3782,EQ,,,
2015-06-09,393.0,398.6,389.7,391.9,3010,EQ,,,
2015-06-10,392.5,400.0,392.5,396.55,5278,EQ,,,
2015-06-11,399.35,399.35,385.7,388.8,4979,EQ,,,
2015-06-12,393.1,396.5,382.75,385.9,3262,EQ,,,
2015-06-15,394.25,395.0,386.25,393.55,2964,EQ,,,
2015-06-16,396.2,396.2,387.5,389.95,3597,EQ,,,
2015-06-17,392.5,395.55,392.25,393.5,2897,EQ,,,
2015-06-18,397.5,397.5,390.0,392.05,3802,EQ,,,
2015-06-19,394.85,394.85,387.7,392.05,15269,EQ,,,
2015-06-22,396.0,396.0,388.0,391.6,22066,EQ,,,
2015-06-23,392.5,396.5,389.3,390.9,12462,EQ,,,
2015-06-24,394.25,395.35,387.7,388.65,6942,EQ,,,
2015-06-25,391.5,394.4,382.75,388.6,17067,EQ,,,
2015-06-26,385.0,393.0,385.0,388.65,7917,EQ,,,
2015-06-29,391.9,391.9,381.75,382.8,4831,EQ,,,
2015-06-30,390.0,390.0,370.0,372.0,18126,EQ,,,
2015-07-01,373.75,390.0,373.75,381.9,17174,EQ,,,
2015-07-02,384.25,390.1,378.25,380.55,7499,EQ,,,
2015-07-03,381.7,384.2,377.75,378.8,10661,EQ,,,
2015-07-06,377.25,383.75,375.7,379.7,10675,EQ,,,
2015-07-07,382.45,384.85,378.75,380.2,6827,EQ,,,
2015-07-08,383.1,383.1,370.9,372.25,23492,EQ,,,
2015-07-09,367.75,376.2,367.75,372.7,8364,EQ,,,
2015-07-10,373.0,373.5,364.75,367.35,4414,EQ,,,
2015-07-13,374.5,374.5,362.75,365.0,17313,EQ,,,
2015-07-14,369.1,379.3,366.0,370.6,9506,EQ,,,
2015-07-15,373.0,374.5,366.75,370.35,11016,EQ,,,
2015-07-16,371.8,372.3,363.6,368.7,10768,EQ,,,
2015-07-17,367.5,378.75,366.6,368.4,9874,EQ,,,
2015-07-20,366.5,372.25,366.5,367.9,4808,EQ,,,
2015-07-21,372.05,372.05,351.25,357.75,25351,EQ,,,
2015-07-22,361.25,361.25,351.7,359.05,17289,EQ,,,
2015-07-23,362.0,366.2,358.5,364.5,39360,EQ,,,
2015-07-24,361.5,370.0,356.75,359.4,19734,EQ,,,
2015-07-27,362.5,362.5,356.65,358.0,31129,EQ,,,
2015-07-28,358.55,369.7,350.5,354.9,8284,EQ,,,
2015-07-29,357.5,386.5,355.0,379.4,28590,EQ,,,
2015-07-30,380.25,384.7,372.75,375.6,12078,EQ,,,
2015-07-31,377.6,382.85,368.75,371.25,5030,EQ,,,
2015-08-03,379.85,379.85,367.75,375.4,4926,EQ,,,
2015-08-04,375.6,382.0,367.5,369.05,6135,EQ,,,
2015-08-05,372.5,377.75,364.5,366.0,6124,EQ,,,
2015-08-06,370.0,393.75,370.0,381.3,23499,EQ,,,
2015-08-07,382.0,384.6,372.5,377.5,7096,EQ,,,
2015-08-10,379.9,405.0,375.25,399.0,61311,EQ,,,
2015-08-11,410.4,444.25,408.75,422.1,238287,EQ,,,
2015-08-12,427.0,436.0,412.5,423.8,55634,EQ,,,
2015-08-13,423.8,425.75,410.75,413.9,38104,EQ,,,
2015-08-14,413.75,425.0,403.0,422.9,26226,EQ,,,
2015-08-17,421.0,428.0,421.0,424.3,26506,EQ,,,
2015-08-18,420.5,451.7,420.5,441.75,72174,EQ,,,
2015-08-19,436.25,441.6,430.3,432.5,22666,EQ,,,
2015-08-20,432.5,440.0,410.7,418.4,14210,EQ,,,
2015-08-21,418.4,432.5,413.1,422.5,15934,EQ,,,
2015-08-24,420.0,425.0,391.05,402.8,25075,EQ,,,
2015-08-25,404.25,425.0,398.25,414.25,28157,EQ,,,
2015-08-26,408.75,424.75,406.5,410.2,11065,EQ,,,
2015-08-27,419.9,446.0,416.1,430.0,35138,EQ,,,
2015-08-28,435.0,442.5,422.5,429.1,13778,EQ,,,
2015-08-31,422.5,437.5,415.25,418.1,11524,EQ,,,
2015-09-01,418.0,422.75,402.5,412.5,14625,EQ,,,
2015-09-02,420.0,424.7,406.25,419.6,12267,EQ,,,
2015-09-03,420.0,446.0,420.0,440.4,40230,EQ,,,
2015-09-04,443.0,443.0,415.25,426.1,12731,EQ,,,
2015-09-07,425.0,432.0,403.75,406.9,8122,EQ,,,
2015-09-08,407.5,419.5,403.75,407.8,8336,EQ,,,
2015-09-09,415.75,442.0,406.25,435.6,46363,EQ,,,
2015-09-10,429.75,438.5,421.25,434.7,12002,EQ,,,
2015-09-11,436.9,457.1,435.25,442.0,55752,EQ,,,
2015-09-14,437.75,450.0,427.6,432.6,14502,EQ,,,
2015-09-15,435.5,438.6,426.0,427.7,8090,EQ,,,
2015-09-16,428.75,433.7,407.75,424.2,12242,EQ,,,
2015-09-18,418.8,432.5,412.75,418.7,19170,EQ,,,
2015-09-21,418.75,420.5,411.2,412.8,8276,EQ,,,
2015-09-22,417.5,418.8,402.75,406.2,16194,EQ,,,
2015-09-23,406.2,406.2,394.25,396.0,45184,EQ,,,
2015-09-24,393.55,407.5,392.0,397.5,13604,EQ,,,
2015-09-28,397.0,403.75,394.0,398.0,4458,EQ,,,
2015-09-29,399.75,402.25,387.5,393.3,13668,EQ,,,
2015-09-30,394.5,402.5,393.75,396.7,9705,EQ,,,
2015-10-01,401.1,402.5,393.75,396.35,11673,EQ,,,
2015-10-05,405.95,439.75,402.5,427.8,79324,EQ,,,
2015-10-06,434.7,446.25,430.75,435.6,41255,EQ,,,
2015-10-07,435.5,437.0,424.0,426.2,9547,EQ,,,
2015-10-08,427.05,428.75,417.75,426.5,11511,EQ,,,
2015-10-09,428.6,430.25,407.5,415.9,28775,EQ,,,
2015-10-12,416.25,422.5,416.25,420.2,15047,EQ,,,
2015-10-13,418.0,425.5,418.0,424.7,9185,EQ,,,
2015-10-14,421.4,432.0,419.6,424.9,8007,EQ,,,
2015-10-15,426.3,449.5,426.25,448.1,38869,EQ,,,
2015-10-16,443.25,454.7,443.2,448.4,26510,EQ,,,
2015-10-19,454.4,454.5,446.05,450.1,13949,EQ,,,
2015-10-20,449.75,450.3,445.5,448.3,9109,EQ,,,
2015-10-21,449.1,455.0,441.25,450.45,22625,EQ,,,
2015-10-23,457.5,497.25,453.1,458.0,59038,EQ,,,
2015-10-26,463.75,472.9,459.8,468.2,25662,EQ,,,
2015-10-27,468.75,473.75,466.25,469.3,15308,EQ,,,
2015-10-28,472.1,473.7,465.0,470.8,12553,EQ,,,
2015-10-29,470.75,474.5,460.6,463.8,7860,EQ,,,
2015-10-30,471.0,471.0,455.0,456.9,7243,EQ,,,
2015-11-02,459.25,471.2,449.65,453.45,14344,EQ,,,
2015-11-03,463.5,482.5,463.5,469.4,124679,EQ,,,
2015-11-04,471.25,479.75,465.6,466.9,39364,EQ,,,
2015-11-05,465.0,471.25,440.0,446.0,109416,EQ,,,
2015-11-06,447.5,456.0,440.6,445.1,14143,EQ,,,
2015-11-09,439.75,453.8,430.25,432.7,27127,EQ,,,
2015-11-10,437.4,442.4,426.25,429.5,14055,EQ,,,
2015-11-11,430.0,437.25,430.0,436.4,2395,EQ,,,
2015-11-13,435.0,446.25,426.25,443.8,9161,EQ,,,
2015-11-16,443.8,456.5,427.9,455.4,17231,EQ,,,
2015-11-17,453.7,466.2,443.5,462.75,22944,EQ,,,
2015-11-18,462.75,462.75,450.5,453.0,5503,EQ,,,
2015-11-19,458.4,466.7,456.25,460.5,14278,EQ,,,
2015-11-20,461.0,465.25,459.25,461.9,5761,EQ,,,
2015-11-23,463.75,463.75,452.5,455.75,5472,EQ,,,
2015-11-24,461.0,462.2,451.3,456.75,5295,EQ,,,
2015-11-26,457.5,458.75,447.5,450.15,3623,EQ,,,
2015-11-27,454.5,458.0,447.75,455.2,5646,EQ,,,
2015-11-30,457.5,463.1,453.75,458.4,13073,EQ,,,
2015-12-01,458.75,473.5,450.25,469.0,31042,EQ,,,
2015-12-02,468.5,471.25,460.0,464.9,8292,EQ,,,
2015-12-03,464.75,465.25,454.5,461.5,18098,EQ,,,
2015-12-04,465.5,466.5,458.25,463.4,27306,EQ,,,
2015-12-07,464.9,467.5,460.9,463.3,11086,EQ,,,
2015-12-08,463.25,463.25,456.25,457.8,5531,EQ,,,
2015-12-09,458.75,462.4,445.6,450.3,19020,EQ,,,
2015-12-10,451.25,460.0,440.0,443.9,48988,EQ,,,
2015-12-11,447.5,454.95,445.0,447.6,32239,EQ,,,
2015-12-14,448.5,451.45,445.5,447.6,32230,EQ,,,
2015-12-15,450.0,454.6,448.7,451.2,49033,EQ,,,
2015-12-16,453.5,468.6,451.25,465.7,82610,EQ,,,
2015-12-17,526.65,526.65,470.0,475.6,82721,EQ,,,
2015-12-18,479.7,498.4,470.3,488.6,25710,EQ,,,
2015-12-21,488.6,491.7,462.7,468.75,61345,EQ,,,
2015-12-22,476.6,476.6,459.0,465.0,86290,EQ,,,
2015-12-23,472.7,484.9,455.0,483.7,45237,EQ,,,
2015-12-24,481.7,497.3,469.0,494.6,61293,EQ,,,
2015-12-28,494.8,506.7,479.4,481.2,23786,EQ,,,
2015-12-29,488.0,488.0,478.3,479.3,18219,EQ,,,
2015-12-30,480.0,483.25,466.0,469.5,29814,EQ,,,
2015-12-31,478.0,478.0,470.0,474.0,20004,EQ,,,
2016-01-01,476.65,480.35,472.7,476.5,11718,EQ,,,
2016-01-04,477.3,479.6,461.7,467.0,16656,EQ,,,
2016-01-05,470.0,473.5,463.6,464.0,7889,EQ,,,
2016-01-06,465.6,471.7,462.9,464.1,19408,EQ,,,
2016-01-07,465.0,479.7,459.9,470.3,30809,EQ,,,
2016-01-08,479.3,479.3,461.7,465.95,51607,EQ,,,
2016-01-11,468.8,474.25,456.0,459.7,17354,EQ,,,
2016-01-12,462.65,463.3,453.7,455.5,12779,EQ,,,
2016-01-13,463.3,463.3,436.5,446.25,29344,EQ,,,
2016-01-14,441.7,453.3,438.05,448.4,15538,EQ,,,
2016-01-15,447.3,452.0,425.0,428.2,14887,EQ,,,
2016-01-18,428.35,436.15,406.7,434.0,31239,EQ,,,
2016-01-19,434.0,438.3,418.5,433.5,85717,EQ,,,
2016-01-20,425.5,443.0,424.0,433.0,57901,EQ,,,
2016-01-21,432.15,453.3,422.7,450.65,35915,EQ,,,
2016-01-22,445.4,460.0,440.0,458.1,9543,EQ,,,
2016-01-25,454.75,462.7,451.7,456.85,20337,EQ,,,
2016-01-27,460.25,471.7,451.0,469.2,16777,EQ,,,
2016-01-28,462.3,477.0,462.05,473.9,9233,EQ,,,
2016-01-29,474.65,477.3,461.7,469.95,20920,EQ,,,
2016-02-01,469.7,473.0,443.7,447.2,78535,EQ,,,
2016-02-02,452.15,456.7,446.75,450.05,79552,EQ,,,
2016-02-03,450.05,453.3,427.7,444.2,44064,EQ,,,
2016-02-04,444.3,450.7,440.0,443.8,16088,EQ,,,
2016-02-05,448.1,450.0,446.7,448.1,83722,EQ,,,
2016-02-08,448.4,449.3,443.0,447.25,61987,EQ,,,
2016-02-09,447.4,447.7,440.0,442.8,25540,EQ,,,
2016-02-10,441.25,450.0,435.7,442.2,55952,EQ,,,
2016-02-11,442.2,447.3,436.65,440.2,30861,EQ,,,
2016-02-12,437.7,443.35,418.4,441.1,83980,EQ,,,
2016-02-15,440.8,451.7,436.3,443.5,6955,EQ,,,
2016-02-16,440.0,443.3,422.35,438.2,24261,EQ,,,
2016-02-17,439.3,446.3,427.7,439.6,23844,EQ,,,
2016-02-18,441.7,444.0,438.3,441.3,43320,EQ,,,
2016-02-19,433.7,445.2,430.5,443.0,43474,EQ,,,
2016-02-22,443.1,453.7,443.0,449.3,6029,EQ,,,
2016-02-23,450.0,450.0,368.4,445.7,71930,EQ,,,
2016-02-24,440.5,445.5,439.0,441.7,7885,EQ,,,
2016-02-25,441.7,446.85,440.0,445.6,15629,EQ,,,
2016-02-26,443.7,446.8,441.0,443.25,19997,EQ,,,
2016-02-29,443.3,443.3,436.0,440.95,22791,EQ,,,
2016-03-01,437.7,450.0,437.7,450.0,129575,EQ,,,
2016-03-02,451.9,453.3,441.9,444.9,12052,EQ,,,
2016-03-03,444.4,451.7,438.4,448.6,22737,EQ,,,
2016-03-04,450.0,451.7,431.7,443.1,114074,EQ,,,
2016-03-08,450.0,450.0,435.0,440.0,44776,EQ,,,
2016-03-09,441.7,443.35,435.0,438.3,34415,EQ,,,
2016-03-10,439.3,442.7,436.3,439.15,2892,EQ,,,
2016-03-11,439.4,443.3,435.1,438.25,18010,EQ,,,
2016-03-14,440.65,440.7,435.15,438.3,15300,EQ,,,
2016-03-15,438.3,440.0,426.7,433.0,22893,EQ,,,
2016-03-16,426.0,433.3,426.0,429.75,25376,EQ,,,
2016-03-17,436.3,436.3,425.2,427.2,21696,EQ,,,
2016-03-18,427.0,427.3,421.7,423.5,16446,EQ,,,
2016-03-21,425.0,430.3,420.75,422.0,14955,EQ,,,
2016-03-22,421.0,424.8,418.5,420.2,26141,EQ,,,
2016-03-23,420.3,420.3,400.0,405.75,66236,EQ,,,
2016-03-28,412.7,412.7,396.7,399.85,27320,EQ,,,
2016-03-29,401.0,411.0,397.7,409.75,224444,EQ,,,
2016-03-30,406.65,430.0,406.6,426.5,38831,EQ,,,
2016-03-31,426.3,433.7,418.7,433.05,33552,EQ,,,
2016-04-01,428.1,441.1,426.65,433.9,7583,EQ,,,
2016-04-04,440.5,444.0,433.3,440.75,6549,EQ,,,
2016-04-05,433.4,448.0,433.4,441.65,14456,EQ,,,
2016-04-06,441.7,445.2,438.3,442.7,3899,EQ,,,
2016-04-07,441.25,446.7,441.25,443.5,4480,EQ,,,
2016-04-08,441.55,448.3,441.55,447.2,9372,EQ,,,
2016-04-11,441.7,447.3,438.3,441.2,82543,EQ,,,
2016-04-12,441.0,443.3,435.0,442.2,3001,EQ,,,
2016-04-13,445.0,455.7,436.1,441.1,33919,EQ,,,
2016-04-18,446.5,454.0,440.7,449.6,33771,EQ,,,
2016-04-20,456.0,458.25,446.0,453.25,7721,EQ,,,
2016-04-21,460.0,460.0,451.6,453.0,12584,EQ,,,
2016-04-22,452.7,452.7,441.7,446.4,5308,EQ,,,
2016-04-25,446.4,455.0,437.1,451.0,8517,EQ,,,
2016-04-26,445.4,450.9,437.0,441.5,34391,EQ,,,
2016-04-27,441.5,445.65,438.05,439.7,7228,EQ,,,
2016-04-28,438.5,443.3,428.7,430.5,14954,EQ,,,
2016-04-29,430.3,441.3,430.3,439.9,8905,EQ,,,
2016-05-02,439.3,448.0,433.7,442.55,5660,EQ,,,
2016-05-03,438.3,442.3,435.2,440.4,8434,EQ,,,
2016-05-04,438.35,447.3,435.1,443.5,13285,EQ,,,
2016-05-05,441.7,445.0,432.5,436.4,13656,EQ,,,
2016-05-06,437.5,443.25,430.0,438.3,8131,EQ,,,
2016-05-09,440.5,445.0,437.8,443.7,6143,EQ,,,
2016-05-10,447.3,447.3,440.0,444.6,3466,EQ,,,
2016-05-11,440.7,444.25,436.7,438.75,16446,EQ,,,
2016-05-12,440.0,468.3,436.0,462.5,38950,EQ,,,
2016-05-13,464.8,476.25,458.2,463.9,24899,EQ,,,
2016-05-16,470.0,470.0,454.1,463.3,17824,EQ,,,
2016-05-17,468.3,468.3,457.4,463.5,10342,EQ,,,
2016-05-18,466.7,487.3,459.5,474.2,35519,EQ,,,
2016-05-19,476.7,486.7,469.0,483.4,17747,EQ,,,
2016-05-20,483.3,510.75,460.4,470.0,149304,EQ,,,
2016-05-23,467.0,477.7,461.4,465.8,62913,EQ,,,
2016-05-24,469.6,469.95,458.3,466.6,14368,EQ,,,
2016-05-25,467.2,471.3,457.9,467.0,20523,EQ,,,
2016-05-26,462.7,470.6,456.75,458.3,17602,EQ,,,
2016-05-27,463.0,463.0,449.1,451.5,27716,EQ,,,
2016-05-30,453.3,463.3,448.3,458.7,15129,EQ,,,
2016-05-31,455.0,486.3,454.2,475.2,37452,EQ,,,
2016-06-01,475.0,481.3,467.1,477.2,15174,EQ,,,
2016-06-02,473.7,481.0,470.5,479.9,19137,EQ,,,
2016-06-03,475.7,479.45,464.6,465.9,7164,EQ,,,
2016-06-06,472.5,491.6,465.2,472.75,37220,EQ,,,
2016-06-07,475.15,480.0,472.0,478.4,10709,EQ,,,
2016-06-08,474.0,489.2,474.0,487.1,29631,EQ,,,
2016-06-09,491.0,519.65,482.75,507.7,357062,EQ,,,
2016-06-10,502.0,519.25,502.0,513.05,57508,EQ,,,
2016-06-13,504.0,510.3,494.55,498.6,12446,EQ,,,
2016-06-14,500.0,504.2,495.7,499.95,3961,EQ,,,
2016-06-15,501.35,508.3,494.2,497.45,12649,EQ,,,
2016-06-16,498.0,499.5,484.25,487.8,167994,EQ,,,
2016-06-17,492.95,494.2,475.7,488.6,29588,EQ,,,
2016-06-20,491.45,493.0,481.4,484.4,5053,EQ,,,
2016-06-21,481.2,488.2,476.7,479.5,57569,EQ,,,
2016-06-22,480.65,486.3,473.45,478.65,11597,EQ,,,
2016-06-23,478.3,480.0,468.7,472.9,14435,EQ,,,
2016-06-24,466.7,472.3,442.25,470.7,10818,EQ,,,
2016-06-27,470.7,476.2,468.0,473.4,7365,EQ,,,
2016-06-28,475.7,488.0,471.7,484.0,9521,EQ,,,
2016-06-29,485.4,487.95,481.7,484.55,3344,EQ,,,
2016-06-30,485.0,492.7,476.3,482.0,15544,EQ,,,
2016-07-01,484.7,484.7,474.0,478.2,7570,EQ,,,
2016-07-04,478.5,483.4,469.5,471.2,9738,EQ,,,
2016-07-05,475.65,479.3,465.3,470.6,6793,EQ,,,
2016-07-07,477.5,486.7,468.0,483.5,18438,EQ,,,
2016-07-08,486.7,495.0,477.05,484.6,14086,EQ,,,
2016-07-11,483.35,489.25,477.6,480.5,4212,EQ,,,
2016-07-12,486.5,488.0,478.3,483.5,29017,EQ,,,
2016-07-13,483.3,494.7,482.7,490.6,6388,EQ,,,
2016-07-14,491.25,509.7,484.3,500.0,288755,EQ,,,
2016-07-15,500.0,503.0,485.0,487.6,5785,EQ,,,
2016-07-18,494.8,494.8,484.2,489.0,6293,EQ,,,
2016-07-19,491.25,513.3,489.3,507.9,61535,EQ,,,
2016-07-20,508.0,518.3,494.2,510.2,22200,EQ,,,
2016-07-21,510.0,516.65,504.6,506.5,3485,EQ,,,
2016-07-22,513.0,513.0,500.0,503.1,6663,EQ,,,
2016-07-25,505.4,514.1,495.0,506.7,10105,EQ,,,
2016-07-26,504.65,504.7,496.0,497.7,2385,EQ,,,
2016-07-27,500.2,510.3,494.0,509.35,8039,EQ,,,
2016-07-28,507.4,533.0,507.4,516.0,79255,EQ,,,
2016-07-29,516.0,528.0,514.15,518.7,17169,EQ,,,
2016-08-01,528.0,528.0,500.0,509.75,19061,EQ,,,
2016-08-02,510.0,526.0,506.7,511.5,14519,EQ,,,
2016-08-03,511.3,515.75,500.7,508.35,3982,EQ,,,
2016-08-04,508.8,519.3,506.7,512.05,5736,EQ,,,
2016-08-05,504.3,518.3,504.3,513.7,4630,EQ,,,
2016-08-08,513.65,525.0,505.0,521.9,45245,EQ,,,
2016-08-09,524.5,530.0,512.15,524.4,5110,EQ,,,
2016-08-10,524.3,529.6,504.5,508.25,8013,EQ,,,
2016-08-11,512.0,512.2,501.7,505.25,9733,EQ,,,
2016-08-12,507.3,510.0,502.5,505.9,2124,EQ,,,
2016-08-16,509.7,547.45,506.7,535.55,49461,EQ,,,
2016-08-17,535.3,551.65,512.4,518.35,65549,EQ,,,
2016-08-18,519.0,532.4,519.0,526.55,9929,EQ,,,
2016-08-19,531.3,531.65,520.6,523.65,5042,EQ,,,
2016-08-22,529.8,529.95,517.0,521.25,5737,EQ,,,
2016-08-23,525.0,529.3,517.45,522.65,5900,EQ,,,
2016-08-24,530.0,539.2,526.75,529.15,23611,EQ,,,
2016-08-25,528.65,538.0,527.5,530.0,12469,EQ,,,
2016-08-26,528.0,545.3,526.75,542.9,16261,EQ,,,
2016-08-29,546.65,553.75,530.0,541.1,30390,EQ,,,
2016-08-30,562.3,594.8,531.7,537.7,329613,EQ,,,
2016-08-31,541.3,543.55,530.4,536.7,52695,EQ,,,
2016-09-01,540.65,540.65,520.7,523.75,81883,EQ,,,
2016-09-02,528.0,530.0,521.65,523.1,48487,EQ,,,
2016-09-06,524.0,532.6,521.15,528.4,9767,EQ,,,
2016-09-07,532.95,533.0,516.65,518.0,31408,EQ,,,
2016-09-08,526.65,528.65,516.65,520.3,14974,EQ,,,
2016-09-09,521.6,523.25,511.7,512.5,18450,EQ,,,
2016-09-12,510.0,510.0,501.7,504.9,9336,EQ,,,
2016-09-14,504.7,515.7,504.7,508.55,6058,EQ,,,
2016-09-15,509.95,516.55,507.75,513.6,4053,EQ,,,
2016-09-16,514.4,517.55,508.35,513.2,32290,EQ,,,
2016-09-19,514.8,516.65,508.4,516.35,6366,EQ,,,
2016-09-20,511.7,516.65,508.4,514.0,6219,EQ,,,
2016-09-21,516.6,516.75,508.5,510.85,12776,EQ,,,
2016-09-22,514.75,516.0,503.15,504.6,15468,EQ,,,
2016-09-23,509.9,511.1,503.7,504.0,14370,EQ,,,
2016-09-26,503.7,507.1,498.4,499.85,38298,EQ,,,
2016-09-27,499.7,506.7,493.5,498.95,14821,EQ,,,
2016-09-28,499.8,501.7,493.9,498.5,14089,EQ,,,
2016-09-29,496.7,501.3,491.7,494.4,21186,EQ,,,
2016-09-30,494.4,504.6,491.85,501.2,20898,EQ,,,
2016-10-03,497.4,500.95,496.7,497.8,10781,EQ,,,
2016-10-04,500.0,506.6,494.25,498.5,266405,EQ,,,
2016-10-05,500.2,503.3,496.7,499.7,22682,EQ,,,
2016-10-06,503.25,510.0,500.8,506.3,8492,EQ,,,
2016-10-07,508.3,516.3,494.1,498.65,47000,EQ,,,
2016-10-10,501.6,508.2,500.0,505.5,18962,EQ,,,
2016-10-13,512.9,512.9,502.15,506.5,25725,EQ,,,
2016-10-14,509.3,509.3,504.0,505.7,17521,EQ,,,
2016-10-17,521.65,521.65,510.8,514.2,81918,EQ,,,
2016-10-18,526.65,549.6,520.4,543.6,218251,EQ,,,
2016-10-19,545.0,549.8,540.2,544.1,57633,EQ,,,
2016-10-20,544.0,547.75,542.6,546.4,36696,EQ,,,
2016-10-21,545.0,545.3,538.65,541.2,30974,EQ,,,
2016-10-24,543.3,551.3,541.9,547.5,60892,EQ,,,
2016-10-25,550.0,554.65,546.1,553.5,75930,EQ,,,
2016-10-26,554.65,560.0,550.5,557.0,97346,EQ,,,
2016-10-27,531.0,531.0,496.7,500.0,72559,EQ,,,
2016-10-28,501.6,508.2,500.0,506.0,12119,EQ,,,
2016-10-30,506.0,512.5,504.35,506.75,1670,EQ,,,
2016-11-01,512.65,512.65,503.3,504.5,4398,EQ,,,
2016-11-02,503.25,503.25,497.3,498.5,12617,EQ,,,
2016-11-03,498.9,505.0,495.0,499.1,7176,EQ,,,
2016-11-04,498.3,502.1,495.0,499.75,15315,EQ,,,
2016-11-07,502.2,513.0,495.1,503.1,36318,EQ,,,
2016-11-08,493.3,505.65,492.7,499.4,134998,EQ,,,
2016-11-09,480.3,496.2,470.0,474.6,110422,EQ,,,
2016-11-10,478.7,486.0,470.9,473.9,57609,EQ,,,
2016-11-11,473.8,482.6,464.1,468.7,30930,EQ,,,
2016-11-15,479.3,479.3,450.2,465.65,27240,EQ,,,
2016-11-16,465.6,472.6,458.1,462.8,41024,EQ,,,
2016-11-17,464.3,481.7,461.65,470.1,42682,EQ,,,
2016-11-18,478.0,480.3,464.7,474.8,16790,EQ,,,
2016-11-21,473.3,483.3,473.3,482.6,15729,EQ,,,
2016-11-22,483.7,489.2,470.0,487.0,15529,EQ,,,
2016-11-23,488.3,490.0,477.0,486.6,4989,EQ,,,
2016-11-24,486.4,490.2,482.75,489.1,6361,EQ,,,
2016-11-25,487.0,506.9,486.0,505.4,16541,EQ,,,
2016-11-28,500.7,512.3,496.75,498.75,8521,EQ,,,
2016-11-29,505.5,505.5,492.55,494.75,3378,EQ,,,
2016-11-30,501.65,501.65,493.7,500.1,7089,EQ,,,
2016-12-01,506.7,506.7,495.0,496.7,14597,EQ,,,
2016-12-02,501.7,505.2,494.0,504.1,10574,EQ,,,
2016-12-05,506.0,506.0,491.7,494.75,11654,EQ,,,
2016-12-06,494.65,498.7,493.3,495.6,3671,EQ,,,
2016-12-07,495.7,499.65,486.7,488.4,3591,EQ,,,
2016-12-08,489.9,498.3,488.0,495.2,7044,EQ,,,
2016-12-09,495.0,502.3,494.95,496.1,2123,EQ,,,
2016-12-12,496.0,500.0,490.0,492.5,4078,EQ,,,
2016-12-13,492.3,495.0,477.0,478.7,6544,EQ,,,
2016-12-14,469.0,490.8,469.0,478.2,4552,EQ,,,
2016-12-15,471.7,483.3,466.7,467.7,11707,EQ,,,
2016-12-16,461.7,469.0,460.0,466.65,108987,EQ,,,
2016-12-19,463.3,470.0,454.45,467.6,454460,EQ,,,
2016-12-20,465.0,469.6,463.7,464.8,274665,EQ,,,
2016-12-21,464.5,466.25,458.3,459.3,7915,EQ,,,
2016-12-22,460.7,461.65,447.1,450.8,27715,EQ,,,
2016-12-23,453.3,453.65,446.7,448.45,30322,EQ,,,
2016-12-26,454.7,458.3,446.7,450.7,6575,EQ,,,
2016-12-27,458.3,458.3,449.7,452.75,15876,EQ,,,
2016-12-28,457.1,460.6,452.0,454.9,6449,EQ,,,
2016-12-29,457.2,466.3,455.0,465.4,5210,EQ,,,
2016-12-30,466.7,474.7,465.0,466.7,10178,EQ,,,
2017-01-02,471.25,474.7,466.3,472.2,8526,EQ,,,
2017-01-03,473.3,473.3,464.2,465.85,23622,EQ,,,
2017-01-04,473.0,473.3,466.3,472.05,30815,EQ,,,
2017-01-05,473.3,478.7,473.3,475.5,22090,EQ,,,
2017-01-06,474.3,483.3,468.5,471.7,15163,EQ,,,
2017-01-09,473.35,476.3,468.7,473.0,4026,EQ,,,
2017-01-10,476.35,479.5,472.7,474.25,4487,EQ,,,
2017-01-11,472.3,481.7,472.3,480.6,11337,EQ,,,
2017-01-12,480.7,480.7,476.3,477.4,7765,EQ,,,
2017-01-13,475.1,480.7,472.7,475.8,6568,EQ,,,
2017-01-16,475.5,480.15,475.5,478.15,4499,EQ,,,
2017-01-17,479.5,483.25,476.5,477.2,7885,EQ,,,
2017-01-18,477.05,488.0,476.7,485.6,13129,EQ,,,
2017-01-19,486.2,494.8,485.0,493.75,47303,EQ,,,
2017-01-20,497.3,497.7,493.75,496.5,42517,EQ,,,
2017-01-23,496.7,501.6,493.35,499.8,15859,EQ,,,
2017-01-24,501.1,502.1,499.2,500.1,6708,EQ,,,
2017-01-25,501.65,504.7,498.4,502.9,6613,EQ,,,
2017-01-27,502.9,503.0,498.4,500.9,5277,EQ,,,
2017-01-30,501.7,506.7,493.35,505.95,11024,EQ,,,
2017-01-31,495.0,506.3,495.0,503.8,8414,EQ,,,
2017-02-01,506.7,506.7,497.2,500.1,25386,EQ,,,
2017-02-02,500.15,516.3,500.0,506.65,9048,EQ,,,
2017-02-03,512.65,512.65,496.0,496.7,41279,EQ,,,
2017-02-06,503.3,503.3,497.0,501.7,7452,EQ,,,
2017-02-07,501.7,501.7,493.3,495.5,25955,EQ,,,
2017-02-08,503.3,503.3,486.7,489.85,24524,EQ,,,
2017-02-09,486.0,490.9,466.7,471.1,52380,EQ,,,
2017-02-10,475.0,476.45,466.7,470.75,15749,EQ,,,
2017-02-13,471.7,473.65,465.0,469.7,26308,EQ,,,
2017-02-14,471.3,471.3,460.5,464.6,38516,EQ,,,
2017-02-15,466.3,468.0,461.7,466.5,18840,EQ,,,
2017-02-16,466.5,467.45,453.5,454.9,17878,EQ,,,
2017-02-17,458.3,459.6,456.85,458.1,12319,EQ,,,
2017-02-20,461.0,462.9,451.7,461.3,6324,EQ,,,
2017-02-21,458.7,465.0,458.7,462.3,3216,EQ,,,
2017-02-22,459.1,463.5,453.35,455.05,14100,EQ,,,
2017-02-23,451.7,456.0,446.7,450.0,53279,EQ,,,
2017-02-27,450.0,458.0,450.0,453.9,15419,EQ,,,
2017-02-28,454.75,457.9,447.7,449.35,18874,EQ,,,
2017-03-01,448.75,454.35,448.3,450.2,12143,EQ,,,
2017-03-02,451.95,453.7,436.7,441.3,35352,EQ,,,
2017-03-03,441.3,443.35,438.7,442.1,15634,EQ,,,
2017-03-06,444.2,444.2,437.0,441.5,57619,EQ,,,
2017-03-07,445.3,449.4,440.7,443.0,29328,EQ,,,
2017-03-08,446.6,453.7,439.3,448.75,54178,EQ,,,
2017-03-09,446.1,471.3,446.1,462.4,51070,EQ,,,
2017-03-10,462.7,464.7,458.7,460.1,17534,EQ,,,
2017-03-14,463.0,464.7,450.3,464.6,27999,EQ,,,
2017-03-15,464.25,466.3,450.65,460.0,61211,EQ,,,
2017-03-16,463.3,465.0,457.8,463.5,49980,EQ,,,
2017-03-17,463.25,469.25,461.55,468.0,32059,EQ,,,
2017-03-20,462.7,469.4,461.7,464.1,7456,EQ,,,
2017-03-21,467.6,468.0,462.9,467.5,11543,EQ,,,
2017-03-22,465.7,466.7,456.8,458.15,115648,EQ,,,
2017-03-23,462.35,467.5,458.4,466.7,5304,EQ,,,
2017-03-24,468.0,468.0,456.8,458.05,11868,EQ,,,
2017-03-27,453.0,461.7,453.0,455.0,21193,EQ,,,
2017-03-28,457.8,461.5,457.3,458.8,4075,EQ,,,
2017-03-29,464.0,464.0,456.8,461.5,11880,EQ,,,
2017-03-30,462.0,463.25,457.8,459.1,27859,EQ,,,
2017-03-31,466.0,476.2,459.2,470.2,25160,EQ,,,
2017-04-03,468.0,473.0,467.0,469.2,3057,EQ,,,
2017-04-05,473.3,473.35,462.0,465.2,8434,EQ,,,
2017-04-06,462.9,465.4,460.0,464.0,2552,EQ,,,
2017-04-07,472.7,472.7,460.0,465.3,5738,EQ,,,
2017-04-10,466.7,466.7,458.4,459.8,4097,EQ,,,
2017-04-11,459.9,467.6,450.0,465.6,12425,EQ,,,
2017-04-12,465.6,468.2,454.0,458.5,3509,EQ,,,
2017-04-13,455.3,460.0,453.2,456.9,5598,EQ,,,
2017-04-17,454.0,459.6,450.3,451.6,5389,EQ,,,
2017-04-18,452.7,457.2,439.3,441.55,23825,EQ,,,
2017-04-19,443.35,446.0,435.3,443.1,15854,EQ,,,
2017-04-20,444.8,444.8,436.0,440.8,17217,EQ,,,
2017-04-21,440.8,443.0,436.05,438.0,57567,EQ,,,
2017-04-24,442.0,442.3,435.0,437.7,109776,EQ,,,
2017-04-25,441.3,441.75,435.3,440.2,13121,EQ,,,
2017-04-26,437.4,439.0,431.0,434.6,23838,EQ,,,
2017-04-27,435.0,437.7,431.5,432.5,187039,EQ,,,
2017-04-28,433.3,439.65,430.25,433.4,28694,EQ,,,
2017-05-02,435.0,440.0,425.0,429.1,18126,EQ,,,
2017-05-03,431.7,435.0,425.0,433.5,14186,EQ,,,
2017-05-04,436.0,441.6,429.4,439.4,8155,EQ,,,
2017-05-05,442.3,442.3,433.3,434.3,6214,EQ,,,
2017-05-08,436.7,443.0,429.0,437.5,8281,EQ,,,
2017-05-09,443.3,445.5,439.3,443.55,8932,EQ,,,
2017-05-10,446.7,452.9,445.3,449.1,7038,EQ,,,
2017-05-11,453.3,453.3,441.3,444.55,4050,EQ,,,
2017-05-12,444.6,444.6,439.25,439.7,3980,EQ,,,
2017-05-15,443.3,449.2,439.0,445.6,7629,EQ,,,
2017-05-16,448.15,448.2,440.0,441.7,5113,EQ,,,
2017-05-17,441.75,443.65,438.7,441.1,6892,EQ,,,
2017-05-18,441.0,443.8,432.3,433.7,9479,EQ,,,
2017-05-19,436.7,438.0,431.0,433.0,5660,EQ,,,
2017-05-22,443.0,443.0,433.0,433.7,3166,EQ,,,
2017-05-23,441.0,441.0,429.0,431.25,4858,EQ,,,
2017-05-24,432.8,434.0,425.0,426.25,3250,EQ,,,
2017-05-25,429.7,431.5,418.3,424.25,8173,EQ,,,
2017-05-26,426.6,448.0,426.6,441.3,8909,EQ,,,
2017-05-29,433.8,440.6,426.65,431.3,6383,EQ,,,
2017-05-30,433.3,446.0,427.1,442.55,15679,EQ,,,
2017-05-31,442.7,443.6,431.7,434.85,20948,EQ,,,
2017-06-01,439.95,440.0,426.7,428.75,6035,EQ,,,
2017-06-02,435.0,435.0,426.0,429.8,9573,EQ,,,
2017-06-05,430.0,448.65,425.7,427.1,15264,EQ,,,
2017-06-06,433.2,443.3,426.6,438.9,11449,EQ,,,
2017-06-07,440.0,445.2,433.4,437.4,7774,EQ,,,
2017-06-08,437.7,447.65,436.0,446.0,9636,EQ,,,
2017-06-09,447.15,447.3,440.7,442.7,4941,EQ,,,
2017-06-12,447.0,447.0,439.6,439.9,5211,EQ,,,
2017-06-13,440.6,444.9,440.05,443.75,7478,EQ,,,
2017-06-14,439.2,444.2,439.2,441.9,4677,EQ,,,
2017-06-15,445.4,445.4,438.3,439.2,6635,EQ,,,
2017-06-16,439.35,452.6,433.7,447.2,19459,EQ,,,
2017-06-19,447.2,452.9,442.7,444.2,7700,EQ,,,
2017-06-20,447.2,447.75,443.4,444.7,5174,EQ,,,
2017-06-21,440.4,444.15,435.05,436.8,5345,EQ,,,
2017-06-22,439.3,440.8,433.3,435.0,6118,EQ,,,
2017-06-23,436.9,437.8,433.75,436.45,4487,EQ,,,
2017-06-27,431.7,442.6,431.7,439.2,5701,EQ,,,
2017-06-28,440.0,440.0,431.7,433.7,5665,EQ,,,
2017-06-29,436.0,436.3,428.7,433.3,8974,EQ,,,
2017-06-30,434.35,443.2,426.7,440.6,7690,EQ,,,
2017-07-03,433.4,436.7,428.75,435.5,17627,EQ,,,
2017-07-04,433.4,441.6,432.0,435.7,109121,EQ,,,
2017-07-05,435.7,440.0,433.0,435.75,3736,EQ,,,
2017-07-06,433.3,435.7,433.3,434.1,3114,EQ,,,
2017-07-07,430.7,435.0,430.7,432.95,6346,EQ,,,
2017-07-10,433.35,446.7,432.0,436.1,1301,EQ,,,
2017-07-11,439.6,441.65,435.7,438.2,3495,EQ,,,
2017-07-12,438.4,445.9,432.7,442.4,13492,EQ,,,
2017-07-13,440.1,442.0,437.0,441.5,10305,EQ,,,
2017-07-14,441.3,464.6,433.35,456.6,41810,EQ,,,
2017-07-17,462.7,462.7,446.7,447.4,6294,EQ,,,
2017-07-18,440.75,447.3,437.1,439.85,4124,EQ,,,
2017-07-19,444.9,445.7,436.0,443.25,6522,EQ,,,
2017-07-20,440.7,442.1,436.7,439.6,15594,EQ,,,
2017-07-21,441.0,441.65,436.0,437.6,3091,EQ,,,
2017-07-24,436.7,437.3,431.7,432.5,12327,EQ,,,
2017-07-25,437.65,437.65,430.3,432.1,7646,EQ,,,
2017-07-26,431.3,433.85,428.3,429.1,7763,EQ,,,
2017-07-27,431.35,433.2,427.1,431.45,7021,EQ,,,
2017-07-28,436.3,436.3,425.0,427.6,4427,EQ,,,
2017-07-31,431.7,435.0,423.7,432.7,32511,EQ,,,
2017-08-01,432.3,434.5,425.0,426.8,6735,EQ,,,
2017-08-02,431.1,431.1,426.0,427.4,3759,EQ,,,
2017-08-03,428.6,428.65,421.7,423.7,4189,EQ,,,
2017-08-04,420.7,425.6,420.0,421.25,3683,EQ,,,
2017-08-07,421.7,431.0,421.7,429.35,6516,EQ,,,
2017-08-08,432.3,432.35,426.7,429.6,5991,EQ,,,
2017-08-09,427.4,430.0,423.7,428.4,3550,EQ,,,
2017-08-10,431.7,431.7,415.3,416.25,4933,EQ,,,
2017-08-11,413.3,425.0,406.7,417.4,11241,EQ,,,
2017-08-14,423.3,428.6,419.7,426.5,5947,EQ,,,
2017-08-16,427.0,430.0,419.3,427.0,19502,EQ,,,
2017-08-17,421.0,426.7,421.0,426.2,7162,EQ,,,
2017-08-18,426.0,426.7,421.85,425.05,4794,EQ,,,
2017-08-21,425.1,426.7,413.4,425.95,8358,EQ,,,
2017-08-22,425.3,425.3,416.55,418.1,5321,EQ,,,
2017-08-23,420.3,428.7,420.0,426.1,12740,EQ,,,
2017-08-24,428.7,428.7,417.1,420.35,3050,EQ,,,
2017-08-28,420.7,425.6,420.3,422.8,11698,EQ,,,
2017-08-29,421.0,424.1,418.3,421.35,5702,EQ,,,
2017-08-30,420.7,427.0,420.7,421.65,13005,EQ,,,
2017-08-31,421.95,425.0,417.0,421.35,16926,EQ,,,
2017-09-01,420.1,425.1,419.0,420.9,5897,EQ,,,
2017-09-04,421.0,422.7,416.7,418.0,8896,EQ,,,
2017-09-05,423.0,423.0,413.3,415.1,24183,EQ,,,
2017-09-06,415.0,421.3,406.7,412.95,10456,EQ,,,
2017-09-07,415.0,422.0,415.0,417.7,7052,EQ,,,
2017-09-08,417.4,420.2,414.0,415.55,9342,EQ,,,
2017-09-11,416.3,417.0,411.7,413.2,10512,EQ,,,
2017-09-12,416.3,416.7,412.3,414.2,18971,EQ,,,
2017-09-13,413.4,417.3,407.3,409.2,9935,EQ,,,
2017-09-14,410.1,411.7,397.0,400.1,121018,EQ,,,
2017-09-15,395.0,402.65,387.05,390.5,120115,EQ,,,
2017-09-18,390.4,394.7,387.3,389.3,34600,EQ,,,
2017-09-19,391.6,401.2,389.35,400.7,54667,EQ,,,
2017-09-20,401.65,403.3,396.0,397.75,13002,EQ,,,
2017-09-21,399.75,406.3,392.0,403.65,22852,EQ,,,
2017-09-22,405.7,406.0,392.3,398.0,42238,EQ,,,
2017-09-25,395.3,405.0,387.0,399.7,16487,EQ,,,
2017-09-26,400.0,408.6,393.95,407.8,11170,EQ,,,
2017-09-27,411.0,414.3,400.2,408.9,19066,EQ,,,
2017-09-28,410.0,410.0,394.05,404.55,31230,EQ,,,
2017-09-29,405.0,422.0,400.4,415.85,37061,EQ,,,
2017-10-03,421.7,433.2,412.35,419.4,35660,EQ,,,
2017-10-04,426.0,426.0,413.7,417.9,6236,EQ,,,
2017-10-05,422.3,428.3,410.4,413.75,4568,EQ,,,
2017-10-06,422.7,422.7,410.2,412.2,5004,EQ,,,
2017-10-09,412.3,416.0,401.1,406.5,43728,EQ,,,
2017-10-10,409.25,413.2,404.05,405.3,34454,EQ,,,
2017-10-11,406.3,419.7,405.0,411.6,49327,EQ,,,
2017-10-12,412.2,414.2,403.7,408.5,16229,EQ,,,
2017-10-13,408.7,421.7,405.8,418.7,40010,EQ,,,
2017-10-16,418.7,422.3,413.0,419.25,23448,EQ,,,
2017-10-17,419.65,440.0,413.7,433.2,58364,EQ,,,
2017-10-18,425.6,439.8,421.7,434.7,26352,EQ,,,
2017-10-19,430.0,440.0,426.3,427.4,1522,EQ,,,
2017-10-23,426.65,433.0,417.2,420.6,7200,EQ,,,
2017-10-24,420.1,420.1,416.2,417.55,4378,EQ,,,
2017-10-25,423.8,423.8,410.1,415.5,15152,EQ,,,
2017-10-26,415.5,417.0,410.4,411.9,3094,EQ,,,
2017-10-27,410.05,417.0,408.3,414.6,5673,EQ,,,
2017-10-30,420.0,424.0,413.3,421.75,25876,EQ,,,
2017-10-31,421.75,432.3,417.0,426.7,37037,EQ,,,
2017-11-01,431.6,431.6,421.35,426.95,19891,EQ,,,
2017-11-02,420.3,433.3,411.0,430.05,32859,EQ,,,
2017-11-03,421.75,433.0,419.3,427.3,26185,EQ,,,
2017-11-06,429.7,429.7,420.0,424.7,8236,EQ,,,
2017-11-07,425.0,429.3,421.1,424.75,13083,EQ,,,
2017-11-08,424.0,428.3,421.9,426.8,8864,EQ,,,
2017-11-09,423.7,433.7,423.3,430.35,25410,EQ,,,
2017-11-10,425.5,435.9,424.05,428.15,17767,EQ,,,
2017-11-13,433.0,433.0,421.75,423.2,18081,EQ,,,
2017-11-14,423.2,427.0,421.7,424.5,402225,EQ,,,
2017-11-15,430.3,430.3,421.7,423.4,51810,EQ,,,
2017-11-16,429.65,434.65,423.3,428.25,92962,EQ,,,
2017-11-17,431.0,432.4,421.75,424.5,7288,EQ,,,
2017-11-20,429.1,434.65,425.0,433.95,6589,EQ,,,
2017-11-21,434.4,437.7,431.7,434.75,9795,EQ,,,
2017-11-22,436.1,440.0,431.0,436.75,6404,EQ,,,
2017-11-23,438.2,438.7,433.6,437.2,6883,EQ,,,
2017-11-24,440.0,458.3,433.4,447.9,181892,EQ,,,
2017-11-27,450.0,461.7,450.0,460.9,92860,EQ,,,
2017-11-28,461.7,464.7,457.7,459.3,178822,EQ,,,
2017-11-29,462.3,462.3,441.6,449.1,25801,EQ,,,
2017-11-30,453.3,466.6,445.2,458.3,12125,EQ,,,
2017-12-01,463.0,466.3,456.7,459.75,7297,EQ,,,
2017-12-04,457.3,465.0,455.85,461.4,5624,EQ,,,
2017-12-05,461.5,464.2,450.3,455.4,5193,EQ,,,
2017-12-06,456.7,461.05,449.2,459.7,12698,EQ,,,
2017-12-07,457.6,466.65,455.7,463.7,10172,EQ,,,
2017-12-08,466.65,474.0,455.0,463.4,17816,EQ,,,
2017-12-11,463.0,463.0,456.75,461.4,16175,EQ,,,
2017-12-12,462.65,462.65,458.3,460.1,11175,EQ,,,
2017-12-13,460.9,462.9,439.0,451.6,21861,EQ,,,
2017-12-14,449.5,451.7,440.4,441.25,11381,EQ,,,
2017-12-15,456.7,456.7,425.0,427.6,107673,EQ,,,
2017-12-18,439.7,450.8,430.0,448.7,72219,EQ,,,
2017-12-19,456.25,456.25,445.7,452.6,216240,EQ,,,
2017-12-20,454.3,456.75,450.7,452.3,77190,EQ,,,
2017-12-21,453.3,459.0,452.0,455.9,17069,EQ,,,
2017-12-22,466.7,528.0,463.75,498.0,1810637,EQ,,,
2017-12-26,502.0,517.65,500.0,510.8,525468,EQ,,,
2017-12-27,516.65,520.65,510.0,516.4,368718,EQ,,,
2017-12-28,519.8,521.6,513.65,520.0,128886,EQ,,,
2017-12-29,523.0,525.8,517.0,523.9,47556,EQ,,,
2018-01-01,526.3,531.8,522.0,524.0,72551,EQ,,,
2018-01-02,526.15,526.65,520.4,521.6,42595,EQ,,,
2018-01-03,526.6,528.3,516.0,517.4,56021,EQ,,,
2018-01-04,521.25,521.3,515.0,516.6,42594,EQ,,,
2018-01-05,519.65,519.65,511.3,512.6,54666,EQ,,,
2018-01-08,514.0,515.25,507.3,508.2,60540,EQ,,,
2018-01-09,507.35,510.0,505.0,506.2,31830,EQ,,,
2018-01-10,507.0,521.6,506.7,508.7,103338,EQ,,,
2018-01-11,510.7,516.3,509.35,511.7,38581,EQ,,,
2018-01-12,514.0,515.0,508.0,509.0,27692,EQ,,,
2018-01-15,514.65,516.65,510.3,511.6,28157,EQ,,,
2018-01-16,514.3,514.75,510.0,510.75,26161,EQ,,,
2018-01-17,511.7,513.3,508.0,508.4,32822,EQ,,,
2018-01-18,511.3,513.25,508.7,509.5,15827,EQ,,,
2018-01-19,510.3,516.65,508.8,513.4,49062,EQ,,,
2018-01-22,513.3,519.3,513.3,517.55,20965,EQ,,,
2018-01-23,520.0,523.3,518.3,519.85,26957,EQ,,,
2018-01-24,526.65,536.3,525.0,527.65,147856,EQ,,,
2018-01-25,530.0,533.3,528.4,529.9,51409,EQ,,,
2018-01-29,533.3,535.0,528.35,529.3,58467,EQ,,,
2018-01-30,530.0,533.25,507.0,510.4,149525,EQ,,,
2018-01-31,500.3,508.2,495.45,503.1,161615,EQ,,,
2018-02-01,503.7,521.15,500.0,519.5,120364,EQ,,,
2018-02-02,488.3,496.3,483.3,493.75,51622,EQ,,,
2018-02-05,471.7,493.3,471.7,478.2,13872,EQ,,,
2018-02-06,462.7,465.7,450.0,460.75,36869,EQ,,,
2018-02-07,466.7,467.8,439.0,442.3,30777,EQ,,,
2018-02-08,442.8,456.7,440.2,446.7,19787,EQ,,,
2018-02-09,440.0,455.2,437.0,448.75,10380,EQ,,,
2018-02-12,448.75,456.3,440.3,441.5,15516,EQ,,,
2018-02-14,449.65,459.3,442.9,453.5,28650,EQ,,,
2018-02-15,456.7,456.7,444.7,447.5,9389,EQ,,,
2018-02-16,450.7,451.6,440.0,442.2,5968,EQ,,,
2018-02-19,440.3,448.3,433.2,435.4,115854,EQ,,,
2018-02-20,440.0,441.6,435.0,439.15,7986,EQ,,,
2018-02-21,440.3,441.6,436.1,439.1,5916,EQ,,,
2018-02-22,440.3,453.3,437.7,451.2,10923,EQ,,,
2018-02-23,452.3,460.0,442.0,445.65,19722,EQ,,,
2018-02-26,446.7,452.8,445.35,449.3,11134,EQ,,,
2018-02-27,450.0,455.0,447.5,450.2,11573,EQ,,,
2018-02-28,448.3,465.0,447.9,456.15,19265,EQ,,,
2018-03-01,459.0,459.95,455.55,457.8,7327,EQ,,,
2018-03-05,462.0,466.6,452.9,462.9,12548,EQ,,,
2018-03-06,463.3,471.0,453.4,460.0,12697,EQ,,,
2018-03-07,453.3,457.3,451.05,453.1,5919,EQ,,,
2018-03-08,458.2,458.2,435.7,452.4,24112,EQ,,,
2018-03-09,448.0,465.0,447.0,461.5,10661,EQ,,,
2018-03-12,460.0,464.6,446.0,452.0,20900,EQ,,,
2018-03-13,440.5,453.3,440.3,446.0,14378,EQ,,,
2018-03-14,442.0,446.0,440.3,440.7,17389,EQ,,,
2018-03-15,440.0,441.7,434.0,435.15,27094,EQ,,,
2018-03-16,435.0,438.25,425.4,426.6,32378,EQ,,,
2018-03-19,426.3,428.25,408.3,411.2,16464,EQ,,,
2018-03-20,410.0,415.0,403.7,405.2,26804,EQ,,,
2018-03-21,405.3,411.3,400.0,400.2,30972,EQ,,,
2018-03-22,400.0,404.3,398.5,399.5,58024,EQ,,,
2018-03-23,396.7,418.35,391.7,404.9,48776,EQ,,,
2018-03-26,412.0,412.0,387.5,389.95,25357,EQ,,,
2018-03-27,390.05,405.0,388.7,401.4,38742,EQ,,,
2018-03-28,399.3,403.0,395.3,400.5,16102,EQ,,,
2018-04-02,406.7,406.7,400.4,401.75,3791,EQ,,,
2018-04-03,401.7,406.7,401.7,404.5,17885,EQ,,,
2018-04-04,404.5,409.3,401.7,402.7,5428,EQ,,,
2018-04-05,405.55,414.3,405.0,413.6,9072,EQ,,,
2018-04-06,414.65,416.25,411.4,414.0,6410,EQ,,,
2018-04-09,422.3,422.3,414.7,415.4,6896,EQ,,,
2018-04-10,416.0,417.5,413.0,415.1,5699,EQ,,,
2018-04-11,413.95,416.7,411.7,414.55,5219,EQ,,,
2018-04-12,415.3,420.0,414.0,416.2,21748,EQ,,,
2018-04-13,416.6,424.6,415.3,419.4,10826,EQ,,,
2018-04-16,419.0,425.0,416.65,424.75,4172,EQ,,,
2018-04-17,425.75,428.0,421.7,426.1,3363,EQ,,,
2018-04-18,421.1,424.1,418.4,422.1,7046,EQ,,,
2018-04-19,421.5,429.9,419.25,426.55,13873,EQ,,,
2018-04-20,426.6,452.8,421.7,450.2,37526,EQ,,,
2018-04-23,453.3,465.7,439.5,447.7,104085,EQ,,,
2018-04-24,450.0,452.75,443.4,446.0,10082,EQ,,,
2018-04-25,443.4,451.7,436.3,440.4,16207,EQ,,,
2018-04-26,446.0,446.0,437.75,442.5,26696,EQ,,,
2018-04-27,445.7,446.3,431.9,442.6,11140,EQ,,,
2018-04-30,443.0,451.5,441.3,444.75,5060,EQ,,,
2018-05-02,445.4,449.75,441.0,442.3,25415,EQ,,,
2018-05-03,443.3,445.0,437.1,440.9,61960,EQ,,,
2018-05-04,436.7,448.0,436.7,444.4,6224,EQ,,,
2018-05-07,446.7,446.7,431.0,441.9,11861,EQ,,,
2018-05-08,445.0,448.0,442.0,445.5,83876,EQ,,,
2018-05-09,445.3,449.8,442.7,447.95,35216,EQ,,,
2018-05-10,448.2,451.3,444.2,450.4,9428,EQ,,,
2018-05-11,446.1,462.2,446.1,458.5,32832,EQ,,,
2018-05-14,458.7,459.7,450.0,451.5,5551,EQ,,,
2018-05-15,450.0,450.9,438.7,442.7,10324,EQ,,,
2018-05-16,440.4,446.7,436.7,442.45,8073,EQ,,,
2018-05-17,442.3,451.3,440.4,448.5,5292,EQ,,,
2018-05-18,446.0,449.0,441.7,441.9,8259,EQ,,,
2018-05-21,441.9,445.0,439.7,442.7,16327,EQ,,,
2018-05-22,440.0,445.6,435.2,440.3,11084,EQ,,,
2018-05-23,441.7,446.6,438.3,442.4,6393,EQ,,,
2018-05-24,441.3,441.3,417.05,428.25,46910,EQ,,,
2018-05-25,425.35,433.25,423.3,425.0,20114,EQ,,,
2018-05-28,424.0,428.3,424.0,425.1,60322,EQ,,,
2018-05-29,425.2,429.0,425.0,426.5,9779,EQ,,,
2018-05-30,426.6,442.9,425.7,435.6,18529,EQ,,,
2018-05-31,435.3,441.3,432.9,440.55,18935,EQ,,,
2018-06-01,440.1,442.5,433.7,436.1,9176,EQ,,,
2018-06-04,435.75,439.75,431.75,433.7,5354,EQ,,,
2018-06-05,432.5,433.3,425.7,426.9,7701,EQ,,,
2018-06-06,430.7,437.0,425.7,433.7,13462,EQ,,,
2018-06-07,427.0,443.85,425.3,428.1,17281,EQ,,,
2018-06-08,431.6,433.7,426.0,432.4,7007,EQ,,,
2018-06-11,430.0,437.7,427.2,428.5,100498,EQ,,,
2018-06-12,434.8,437.0,426.7,434.0,25602,EQ,,,
2018-06-13,433.7,437.5,428.5,435.3,12334,EQ,,,
2018-06-14,435.2,435.2,425.1,432.0,21288,EQ,,,
2018-06-15,427.1,436.8,427.1,434.3,15985,EQ,,,
2018-06-18,431.0,435.0,425.25,427.25,14569,EQ,,,
2018-06-19,425.0,434.3,420.2,431.8,13212,EQ,,,
2018-06-20,430.0,441.6,426.7,438.7,28725,EQ,,,
2018-06-21,431.5,449.0,431.5,447.0,21198,EQ,,,
2018-06-22,447.3,455.8,427.7,437.2,40687,EQ,,,
2018-06-25,437.0,444.8,433.3,442.1,6843,EQ,,,
2018-06-26,441.25,444.0,437.7,439.4,5898,EQ,,,
2018-06-27,436.75,441.4,430.0,431.2,6068,EQ,,,
2018-06-28,430.0,432.6,420.0,426.6,12833,EQ,,,
2018-06-29,432.9,438.3,421.5,433.4,22698,EQ,,,
2018-07-02,430.7,431.0,425.7,427.2,3194,EQ,,,
2018-07-03,426.0,436.3,423.3,433.5,7606,EQ,,,
2018-07-04,432.6,432.6,426.0,429.25,5001,EQ,,,
2018-07-05,426.7,439.8,426.35,434.9,16811,EQ,,,
2018-07-06,433.7,434.4,427.4,433.25,29264,EQ,,,
2018-07-09,438.7,438.7,428.7,432.4,17823,EQ,,,
2018-07-10,430.3,436.5,429.5,433.25,27094,EQ,,,
2018-07-11,434.1,434.7,428.45,433.25,40288,EQ,,,
2018-07-12,434.7,434.7,429.3,433.3,32585,EQ,,,
2018-07-13,433.3,436.7,431.0,433.75,22368,EQ,,,
2018-07-16,433.75,433.75,408.3,414.5,22625,EQ,,,
2018-07-17,415.3,433.3,414.4,431.5,17716,EQ,,,
2018-07-18,430.0,430.0,420.4,421.65,7175,EQ,,,
2018-07-19,421.3,429.3,416.7,420.0,22444,EQ,,,
2018-07-20,420.0,432.7,417.7,430.1,21797,EQ,,,
2018-07-23,432.3,434.7,424.7,433.3,12003,EQ,,,
2018-07-24,432.1,434.8,431.95,433.4,16893,EQ,,,
2018-07-25,435.0,435.0,427.9,431.9,3131,EQ,,,
2018-07-26,433.3,433.3,426.1,428.5,4543,EQ,,,
2018-07-27,430.0,430.0,425.0,426.4,3292,EQ,,,
2018-07-30,427.3,433.3,425.0,430.0,7757,EQ,,,
2018-07-31,431.7,431.8,426.3,430.9,4068,EQ,,,
2018-08-01,431.65,433.0,422.5,423.4,4637,EQ,,,
2018-08-02,426.3,429.7,417.3,417.7,4419,EQ,,,
2018-08-03,417.7,429.8,412.7,417.6,9440,EQ,,,
2018-08-06,419.0,424.2,418.3,421.8,3007,EQ,,,
2018-08-07,426.0,430.0,406.45,419.95,33031,EQ,,,
2018-08-08,414.2,416.7,408.0,408.75,11364,EQ,,,
2018-08-09,408.75,413.2,405.7,409.1,2873,EQ,,,
2018-08-10,413.0,413.0,393.3,399.7,55421,EQ,,,
2018-08-13,399.7,399.9,383.0,383.9,65546,EQ,,,
2018-08-14,389.3,389.3,381.0,382.0,56885,EQ,,,
2018-08-16,382.4,383.3,368.3,368.7,16849,EQ,,,
2018-08-17,368.7,373.3,367.3,370.5,16485,EQ,,,
2018-08-20,373.3,378.5,370.2,372.3,8710,EQ,,,
2018-08-21,374.0,376.3,369.0,370.1,6772,EQ,,,
2018-08-23,373.2,376.3,365.2,370.9,28199,EQ,,,
2018-08-24,367.5,373.3,365.2,366.3,13334,EQ,,,
2018-08-27,366.7,372.9,366.3,367.5,7394,EQ,,,
2018-08-28,369.9,369.9,361.7,363.0,7497,EQ,,,
2018-08-29,363.3,366.6,357.3,360.05,11029,EQ,,,
2018-08-30,360.0,365.5,355.4,359.9,11920,EQ,,,
2018-08-31,359.9,365.4,353.7,357.35,40290,EQ,,,
2018-09-03,357.3,359.7,349.2,351.5,177573,EQ,,,
2018-09-04,351.75,352.9,347.2,348.4,11218,EQ,,,
2018-09-05,348.4,352.75,345.0,347.05,7892,EQ,,,
2018-09-06,347.05,354.2,346.3,348.25,72485,EQ,,,
2018-09-07,348.3,354.9,344.4,351.25,113731,EQ,,,
2018-09-10,354.9,373.3,346.7,363.75,429287,EQ,,,
2018-09-11,363.75,373.3,358.75,365.7,39288,EQ,,,
2018-09-12,367.7,367.7,363.7,365.05,28191,EQ,,,
2018-09-14,365.5,381.9,364.3,377.6,33474,EQ,,,
2018-09-17,381.7,393.3,381.3,391.5,32048,EQ,,,
2018-09-18,395.6,398.05,370.7,371.75,11321,EQ,,,
2018-09-19,375.9,380.0,361.75,363.7,8868,EQ,,,
2018-09-21,364.3,379.0,362.25,376.9,90198,EQ,,,
2018-09-24,367.0,375.0,365.4,366.75,19992,EQ,,,
2018-09-25,361.7,376.7,353.3,368.7,11287,EQ,,,
2018-09-26,363.7,373.7,360.3,368.75,7201,EQ,,,
2018-09-27,373.3,376.5,354.3,362.2,8097,EQ,,,
2018-09-28,369.25,369.25,349.05,353.2,8099,EQ,,,
2018-10-01,346.7,354.5,341.0,351.8,5322,EQ,,,
2018-10-03,348.35,356.3,346.45,349.55,6849,EQ,,,
2018-10-04,345.3,352.9,340.05,343.5,4023,EQ,,,
2018-10-05,343.3,346.05,339.3,342.65,3739,EQ,,,
2018-10-08,342.3,352.7,338.3,347.7,16822,EQ,,,
2018-10-09,347.7,353.35,345.7,351.25,5633,EQ,,,
2018-10-10,350.35,361.0,350.0,352.05,3981,EQ,,,
2018-10-11,350.0,354.25,345.0,349.5,4929,EQ,,,
2018-10-12,353.9,357.05,345.0,352.0,4594,EQ,,,
2018-10-15,356.6,358.7,349.5,352.9,11314,EQ,,,
2018-10-16,353.55,358.3,352.2,357.0,1901,EQ,,,
2018-10-17,358.4,370.3,355.95,357.65,7933,EQ,,,
2018-10-19,362.3,369.3,348.2,362.4,6429,EQ,,,
2018-10-22,363.3,363.8,350.0,352.25,5280,EQ,,,
2018-10-23,357.5,357.5,349.3,349.75,5897,EQ,,,
2018-10-24,349.9,355.0,348.7,351.65,8155,EQ,,,
2018-10-25,349.0,354.3,348.3,352.05,2296,EQ,,,
2018-10-26,353.9,354.05,348.4,352.25,2125,EQ,,,
2018-10-29,354.1,354.1,350.0,352.55,1481,EQ,,,
2018-10-30,353.75,355.25,345.55,350.7,4114,EQ,,,
2018-10-31,346.7,356.7,346.7,354.65,3124,EQ,,,
2018-11-01,358.3,375.3,349.9,357.25,38459,EQ,,,
2018-11-02,357.25,364.9,354.3,357.3,6603,EQ,,,
2018-11-05,357.7,361.7,353.3,354.75,4224,EQ,,,
2018-11-06,354.8,359.9,349.9,352.6,1614,EQ,,,
2018-11-07,350.4,356.9,347.3,355.7,580,EQ,,,
2018-11-09,351.3,372.2,351.3,369.7,11100,EQ,,,
2018-11-12,366.7,372.15,359.7,361.6,27793,EQ,,,
2018-11-13,357.7,362.0,351.9,360.15,2617,EQ,,,
2018-11-14,364.3,364.3,352.0,354.2,1540,EQ,,,
2018-11-15,354.75,409.8,350.0,390.85,106838,EQ,,,
2018-11-16,388.35,393.2,375.0,380.75,8137,EQ,,,
2018-11-19,386.3,386.3,371.7,372.8,2079,EQ,,,
2018-11-20,372.8,372.8,365.7,367.9,6169,EQ,,,
2018-11-21,373.3,373.3,360.0,361.7,5518,EQ,,,
2018-11-22,363.3,365.65,358.6,360.8,5325,EQ,,,
2018-11-26,360.0,361.0,353.7,358.5,2126,EQ,,,
2018-11-27,353.35,360.1,351.7,354.05,5790,EQ,,,
2018-11-28,358.0,359.4,352.7,353.4,6741,EQ,,,
2018-11-29,351.7,360.65,350.5,353.5,58436,EQ,,,
2018-11-30,353.3,358.0,333.7,337.9,70412,EQ,,,
2018-12-03,346.3,346.3,338.0,338.5,4856,EQ,,,
2018-12-04,335.7,368.05,335.7,355.7,35039,EQ,,,
2018-12-05,355.7,370.0,350.0,357.4,19659,EQ,,,
2018-12-06,357.4,363.3,348.6,354.7,12011,EQ,,,
2018-12-07,354.8,356.3,348.0,349.55,10622,EQ,,,
2018-12-10,354.0,366.7,335.1,356.35,11398,EQ,,,
2018-12-11,356.7,366.7,350.0,357.0,8631,EQ,,,
2018-12-12,352.0,368.3,352.0,358.7,8299,EQ,,,
2018-12-13,358.85,366.75,358.85,365.4,6613,EQ,,,
2018-12-14,365.4,374.7,362.7,366.65,105355,EQ,,,
2018-12-17,366.75,376.7,357.7,367.4,118738,EQ,,,
2018-12-18,370.0,375.7,364.3,367.9,9216,EQ,,,
2018-12-19,369.4,369.95,360.3,362.75,7323,EQ,,,
2018-12-20,363.55,375.3,359.35,372.05,9250,EQ,,,
2018-12-21,376.3,376.3,353.3,358.2,9937,EQ,,,
2018-12-24,359.3,359.3,345.4,355.7,2084,EQ,,,
2018-12-26,355.7,362.0,348.3,358.7,6809,EQ,,,
2018-12-27,355.3,374.7,355.3,371.55,11938,EQ,,,
2018-12-28,371.7,374.3,363.7,365.0,5969,EQ,,,
2018-12-31,361.7,369.9,356.7,358.1,3680,EQ,,,
2019-01-01,356.9,365.4,356.9,358.4,1352,EQ,,,
2019-01-02,360.7,365.0,358.45,364.2,1409,EQ,,,
2019-01-03,364.7,368.55,358.0,359.5,5762,EQ,,,
2019-01-04,358.55,360.4,358.0,358.1,1214,EQ,,,
2019-01-07,358.0,360.15,354.05,356.65,1113,EQ,,,
2019-01-08,354.7,358.05,354.0,355.0,700,EQ,,,
2019-01-09,354.0,358.25,348.45,349.8,2488,EQ,,,
2019-01-10,350.0,363.0,350.0,360.7,3148,EQ,,,
2019-01-11,363.25,363.25,353.7,356.5,1519,EQ,,,
2019-01-14,358.3,359.55,350.5,354.5,2146,EQ,,,
2019-01-15,354.1,356.7,351.7,352.9,1924,EQ,,,
2019-01-16,358.0,370.0,353.3,367.2,12721,EQ,,,
2019-01-17,368.7,371.25,356.0,364.8,5425,EQ,,,
2019-01-18,366.0,366.05,358.45,360.0,769,EQ,,,
2019-01-21,357.0,362.65,355.7,356.5,2205,EQ,,,
2019-01-22,355.0,357.9,350.5,355.2,16375,EQ,,,
2019-01-23,355.9,359.9,351.3,355.15,4544,EQ,,,
2019-01-24,360.0,360.0,353.0,357.1,6428,EQ,,,
2019-01-25,357.7,358.4,350.4,351.75,2275,EQ,,,
2019-01-28,351.0,352.7,346.75,348.7,2883,EQ,,,
2019-01-29,347.4,351.9,344.4,347.45,1340,EQ,,,
2019-01-30,348.3,352.3,341.7,347.5,6643,EQ,,,
2019-01-31,349.7,365.0,328.4,358.1,60186,EQ,,,
2019-02-01,358.7,358.75,345.0,346.1,61240,EQ,,,
2019-02-04,346.0,349.0,337.5,340.55,3026,EQ,,,
2019-02-05,341.9,342.9,333.0,333.4,3808,EQ,,,
2019-02-06,335.1,347.0,327.3,341.8,7960,EQ,,,
2019-02-07,345.0,345.0,335.0,338.8,6040,EQ,,,
2019-02-08,338.3,344.25,335.3,336.5,6116,EQ,,,
2019-02-11,335.5,348.3,328.3,334.8,6753,EQ,,,
2019-02-12,341.9,341.9,326.7,328.3,9443,EQ,,,
2019-02-13,327.7,334.3,325.3,331.9,7942,EQ,,,
2019-02-14,329.9,340.05,325.35,336.4,5788,EQ,,,
2019-02-15,335.8,355.0,333.9,340.2,9596,EQ,,,
2019-02-18,340.7,341.5,328.0,328.75,2868,EQ,,,
2019-02-19,333.0,333.0,328.0,328.8,2055,EQ,,,
2019-02-20,329.4,331.9,326.7,326.9,3923,EQ,,,
2019-02-21,327.35,331.5,327.0,327.4,40670,EQ,,,
2019-02-22,327.5,333.0,326.9,332.0,6926,EQ,,,
2019-02-25,330.3,341.2,327.0,337.0,6565,EQ,,,
2019-02-26,334.9,346.9,329.55,342.9,6878,EQ,,,
2019-02-27,339.0,344.0,333.7,334.7,6689,EQ,,,
2019-02-28,339.65,348.3,332.7,345.5,7497,EQ,,,
2019-03-01,348.3,358.3,340.0,351.25,6406,EQ,,,
2019-03-05,346.0,351.25,342.1,346.5,10784,EQ,,,
2019-03-06,346.75,357.4,342.7,345.75,10378,EQ,,,
2019-03-07,347.05,350.0,342.25,344.9,9850,EQ,,,
2019-03-08,362.05,370.0,362.0,364.9,102048,EQ,,,
2019-03-11,373.25,373.25,363.7,366.1,23780,EQ,,,
2019-03-12,367.0,367.0,363.7,364.6,52359,EQ,,,
2019-03-13,366.0,371.3,364.4,367.2,44257,EQ,,,
2019-03-14,369.3,391.1,367.1,382.0,344491,EQ,,,
2019-03-15,386.3,386.3,371.0,372.1,107625,EQ,,,
2019-03-18,373.0,376.4,371.0,374.3,25487,EQ,,,
2019-03-19,376.7,381.0,376.5,378.7,39052,EQ,,,
2019-03-20,380.3,380.7,376.75,378.0,27433,EQ,,,
2019-03-22,388.3,391.65,383.3,384.5,247365,EQ,,,
2019-03-25,385.0,385.7,381.8,383.1,64674,EQ,,,
2019-03-26,385.6,386.0,379.2,379.65,52126,EQ,,,
2019-03-27,380.3,383.2,378.5,379.4,27950,EQ,,,
2019-03-28,379.3,384.55,378.4,383.0,30525,EQ,,,
2019-03-29,380.8,385.0,380.8,382.55,42674,EQ,,,
2019-04-01,383.9,385.3,381.15,381.5,32021,EQ,,,
2019-04-02,381.7,382.5,378.7,379.5,25548,EQ,,,
2019-04-03,380.6,382.7,378.1,378.95,20100,EQ,,,
2019-04-04,380.0,380.2,377.4,377.9,13598,EQ,,,
2019-04-05,377.9,379.0,376.6,377.05,12855,EQ,,,
2019-04-08,378.3,378.35,375.7,376.2,16154,EQ,,,
2019-04-09,376.4,377.6,375.5,376.1,8831,EQ,,,
2019-04-10,376.45,376.75,375.0,375.45,18275,EQ,,,
2019-04-11,375.3,375.4,374.3,374.55,9106,EQ,,,
2019-04-12,374.5,375.05,372.4,372.9,16889,EQ,,,
2019-04-15,373.0,376.65,371.7,374.5,13461,EQ,,,
2019-04-16,375.1,378.3,375.1,376.4,19206,EQ,,,
2019-04-18,376.4,381.0,375.05,376.7,27957,EQ,,,
2019-04-22,381.3,384.65,377.75,378.6,36310,EQ,,,
2019-04-23,378.6,380.4,377.2,377.8,22316,EQ,,,
2019-04-24,378.0,380.3,378.0,379.2,12606,EQ,,,
2019-04-25,379.4,381.0,375.4,375.9,32726,EQ,,,
2019-04-26,378.0,379.95,376.7,377.55,25931,EQ,,,
2019-04-30,382.7,385.0,380.7,381.9,94240,EQ,,,
2019-05-02,380.7,383.3,380.7,382.3,76063,EQ,,,
2019-05-03,382.3,382.7,379.0,380.7,45749,EQ,,,
2019-05-06,381.0,382.8,380.05,380.7,49037,EQ,,,
2019-05-07,381.0,381.5,377.7,378.0,83007,EQ,,,
2019-05-08,378.0,379.6,362.3,366.55,109900,EQ,,,
2019-05-09,338.0,343.3,331.7,332.75,91196,EQ,,,
2019-05-10,331.7,334.4,328.3,331.8,23091,EQ,,,
2019-05-13,325.55,328.0,312.7,313.4,30745,EQ,,,
2019-05-14,310.4,323.25,305.5,317.2,21286,EQ,,,
2019-05-15,322.7,323.0,314.6,315.4,7989,EQ,,,
2019-05-16,316.0,316.35,310.3,310.75,4914,EQ,,,
2019-05-17,310.4,312.0,307.3,310.0,5789,EQ,,,
2019-05-20,312.7,312.7,307.7,309.0,6240,EQ,,,
2019-05-21,309.7,318.3,309.0,313.9,8771,EQ,,,
2019-05-22,312.0,313.7,308.7,309.7,5119,EQ,,,
2019-05-23,313.7,316.4,301.0,302.5,9745,EQ,,,
2019-05-24,308.3,315.8,306.7,308.4,34247,EQ,,,
2019-05-27,310.0,311.3,307.3,309.85,23743,EQ,,,
2019-05-28,308.7,311.3,308.3,309.4,10655,EQ,,,
2019-05-29,311.6,311.6,308.25,308.9,5123,EQ,,,
2019-05-30,309.0,314.3,309.0,312.6,7597,EQ,,,
2019-05-31,313.3,313.4,310.2,311.1,9080,EQ,,,
2019-06-03,310.7,311.7,309.6,311.15,5816,EQ,,,
2019-06-04,310.7,313.0,310.0,312.4,8390,EQ,,,
2019-06-06,316.65,316.65,310.4,311.7,8874,EQ,,,
2019-06-07,311.0,313.1,310.3,312.05,6053,EQ,,,
2019-06-10,314.5,316.3,309.0,314.55,11507,EQ,,,
2019-06-11,314.6,315.9,308.35,308.65,5922,EQ,,,
2019-06-12,308.7,308.7,302.0,304.0,9523,EQ,,,
2019-06-13,304.0,304.3,299.7,300.8,5519,EQ,,,
2019-06-14,299.7,301.25,296.0,297.0,4076,EQ,,,
2019-06-17,296.0,299.65,292.15,293.0,3073,EQ,,,
2019-06-18,292.15,295.0,292.15,292.9,2157,EQ,,,
2019-06-19,293.3,293.3,285.0,287.75,3443,EQ,,,
2019-06-20,288.3,288.3,280.0,280.9,4695,EQ,,,
2019-06-21,279.45,279.45,256.7,262.5,68724,EQ,,,
2019-06-24,262.5,264.5,258.3,261.9,21431,EQ,,,
2019-06-25,260.7,260.7,250.75,256.7,33396,EQ,,,
2019-06-26,256.7,262.0,253.3,256.9,54517,EQ,,,
2019-06-27,256.9,261.1,256.7,257.3,7701,EQ,,,
2019-06-28,256.7,258.35,253.3,255.55,7550,EQ,,,
2019-07-01,256.3,257.3,253.3,256.8,12311,EQ,,,
2019-07-02,254.7,257.4,254.7,256.7,29616,EQ,,,
2019-07-03,258.0,258.0,252.0,252.4,7247,EQ,,,
2019-07-04,251.7,254.0,250.7,252.9,9960,EQ,,,
2019-07-05,253.35,253.35,236.0,243.4,55286,EQ,,,
2019-07-08,243.7,243.7,231.7,233.15,14967,EQ,,,
2019-07-09,230.0,230.0,224.4,226.1,50995,EQ,,,
2019-07-10,226.1,227.3,224.0,224.35,7112,EQ,,,
2019-07-11,223.7,226.65,223.3,223.5,10622,EQ,,,
2019-07-12,223.0,225.0,221.0,221.6,25022,EQ,,,
2019-07-15,220.35,233.3,211.25,228.2,30570,EQ,,,
2019-07-16,227.85,234.65,220.9,230.0,43609,EQ,,,
2019-07-17,230.0,230.3,225.3,226.65,26547,EQ,,,
2019-07-18,223.3,226.7,221.0,222.7,15192,EQ,,,
2019-07-19,220.0,222.65,210.0,211.3,10348,EQ,,,
2019-07-22,212.0,212.0,200.7,204.1,10269,EQ,,,
2019-07-23,204.0,209.5,201.0,202.8,11888,EQ,,,
2019-07-24,204.7,204.7,200.7,201.5,8797,EQ,,,
2019-07-25,198.3,207.0,198.3,200.2,10802,EQ,,,
2019-07-26,200.1,200.1,193.3,194.9,8375,EQ,,,
2019-07-29,193.3,201.45,191.45,199.6,9359,EQ,,,
2019-07-30,199.6,202.05,189.3,193.6,51006,EQ,,,
2019-07-31,193.3,200.7,185.3,198.9,27496,EQ,,,
2019-08-01,194.0,206.65,194.0,198.55,14617,EQ,,,
2019-08-02,198.6,198.6,192.3,193.5,3805,EQ,,,
2019-08-05,185.0,187.0,168.85,171.55,56803,EQ,,,
2019-08-06,166.7,173.0,166.6,170.8,33018,EQ,,,
2019-08-07,170.8,176.25,169.3,173.8,19748,EQ,,,
2019-08-08,170.7,177.0,170.7,176.2,12112,EQ,,,
2019-08-09,176.2,197.4,176.0,185.4,21932,EQ,,,
2019-08-13,185.0,185.0,170.8,172.1,11571,EQ,,,
2019-08-14,172.95,176.3,170.0,171.1,6099,EQ,,,
2019-08-16,167.7,177.65,160.4,163.9,45100,EQ,,,
2019-08-19,165.3,167.3,164.0,166.4,20913,EQ,,,
2019-08-20,164.0,169.3,164.0,166.9,8477,EQ,,,
2019-08-21,166.7,168.95,160.6,161.55,10321,EQ,,,
2019-08-22,162.7,162.7,150.7,157.15,23549,EQ,,,
2019-08-23,151.8,156.95,150.75,154.85,9288,EQ,,,
2019-08-26,158.7,158.7,147.7,150.45,37770,EQ,,,
2019-08-27,150.2,158.3,147.95,149.95,28703,EQ,,,
2019-08-28,149.7,155.9,149.7,152.0,17318,EQ,,,
2019-08-29,150.0,153.3,149.7,150.1,4564,EQ,,,
2019-08-30,149.1,151.05,149.0,150.05,4339,EQ,,,
2019-09-03,153.3,153.35,150.95,151.75,259594,EQ,,,
2019-09-04,152.2,163.3,152.2,159.55,32895,EQ,,,
2019-09-05,157.35,163.3,153.3,155.95,6594,EQ,,,
2019-09-06,155.0,158.8,153.2,154.4,29596,EQ,,,
2019-09-09,155.65,156.3,153.3,153.95,181667,EQ,,,
2019-09-11,156.6,163.35,153.95,157.15,25281,EQ,,,
2019-09-12,158.1,158.3,155.7,156.0,6683,EQ,,,
2019-09-13,156.3,158.1,155.75,156.2,159687,EQ,,,
2019-09-16,156.7,184.4,156.0,177.45,356840,EQ,,,
2019-09-17,173.3,177.0,165.35,166.85,65803,EQ,,,
2019-09-18,169.95,174.7,165.55,173.4,48047,EQ,,,
2019-09-19,171.0,174.6,166.7,167.4,72941,EQ,,,
2019-09-20,166.7,171.8,159.3,160.9,75612,EQ,,,
2019-09-23,165.0,165.0,155.7,156.2,140220,EQ,,,
2019-09-24,156.4,158.6,149.2,151.7,50708,EQ,,,
2019-09-25,153.3,155.0,146.7,148.0,35510,EQ,,,
2019-09-26,150.7,152.1,146.7,147.15,24284,EQ,,,
2019-09-27,149.3,149.3,146.7,147.55,12488,EQ,,,
2019-09-30,146.0,148.3,144.3,144.9,8121,EQ,1029.0,7.89,4466.0
2019-10-01,144.4,146.4,141.0,141.95,12021,EQ,1074.0,11.19,6906.0
2019-10-03,139.7,142.4,137.4,138.45,13403,EQ,1105.0,12.13,8975.0
2019-10-04,138.5,138.7,131.7,132.0,22335,EQ,2847.0,7.85,15027.0
2019-10-07,133.4,134.9,132.4,133.0,49541,EQ,2131.0,23.25,44249.0
2019-10-09,132.9,134.9,132.3,133.0,13012,EQ,1007.0,12.92,6798.0
2019-10-10,133.3,133.7,132.3,132.5,9504,EQ,348.0,27.31,7694.0
2019-10-11,132.4,133.2,129.95,130.3,13991,EQ,964.0,14.51,8019.0
2019-10-14,131.7,132.0,130.0,131.0,7691,EQ,656.0,11.72,3441.0
2019-10-15,131.0,132.7,130.7,131.2,7702,EQ,649.0,11.87,4378.0
2019-10-16,131.1,132.6,129.4,130.35,20182,EQ,2037.0,9.91,14984.0
2019-10-17,130.3,141.7,129.2,138.0,28680,EQ,2900.0,9.89,14703.0
2019-10-18,137.4,147.0,136.35,142.65,34774,EQ,2471.0,14.07,23100.0
2019-10-22,144.0,147.0,139.7,144.8,18946,EQ,2045.0,9.26,12453.0
2019-10-23,144.4,144.4,141.7,141.8,9191,EQ,688.0,13.36,6641.0
2019-10-24,141.7,144.3,141.7,141.75,5299,EQ,552.0,9.6,3457.0
2019-10-25,144.8,158.85,140.35,149.2,52640,EQ,4103.0,12.83,21177.0
2019-10-29,154.95,155.8,150.0,153.2,19186,EQ,1115.0,17.21,14201.0
2019-10-30,154.3,156.2,148.5,149.25,17596,EQ,1813.0,9.71,12211.0
2019-10-31,150.3,154.55,148.05,150.55,13893,EQ,1050.0,13.23,8768.0
2019-11-01,150.55,152.45,148.7,149.55,9005,EQ,604.0,14.91,6699.0
2019-11-04,150.0,153.95,150.0,152.4,15890,EQ,749.0,21.21,11086.0
2019-11-05,153.95,153.95,146.65,147.05,136952,EQ,846.0,161.88,133222.0
2019-11-06,147.6,148.3,142.3,145.9,8750,EQ,746.0,11.73,4523.0
2019-11-07,146.0,147.55,143.0,143.95,8082,EQ,931.0,8.68,5386.0
2019-11-08,144.3,149.3,144.0,144.8,15289,EQ,1530.0,9.99,7257.0
2019-11-11,145.7,148.55,144.7,147.6,13478,EQ,869.0,15.51,8758.0
2019-11-13,146.7,151.7,146.5,147.9,31798,EQ,3952.0,8.05,26736.0
2019-11-14,150.0,151.4,146.7,147.8,17758,EQ,2126.0,8.35,11334.0
2019-11-15,148.1,150.6,144.3,144.95,19656,EQ,1624.0,12.1,13771.0
2019-11-18,148.3,148.3,144.0,144.6,21859,EQ,1658.0,13.18,17934.0
2019-11-19,145.0,148.0,142.7,144.65,8946,EQ,753.0,11.88,6269.0
2019-11-20,144.7,145.0,138.6,141.05,42642,EQ,1614.0,26.42,33758.0
2019-11-21,141.7,141.7,138.3,139.9,50485,EQ,1129.0,44.72,44232.0
2019-11-22,140.0,167.9,140.0,167.45,1041249,EQ,32910.0,31.64,94381.0
2019-11-25,170.0,193.3,170.0,184.4,1575706,EQ,44422.0,35.47,121543.0
2019-11-26,180.3,187.6,166.5,169.9,404041,EQ,13562.0,29.79,71967.0
2019-11-27,170.55,181.3,165.5,177.9,531135,EQ,18504.0,28.7,53599.0
2019-11-28,179.5,179.95,171.9,173.8,192818,EQ,6822.0,28.26,87150.0
2019-11-29,174.3,182.9,171.75,176.9,125072,EQ,6099.0,20.51,31811.0
2019-12-02,176.9,178.15,169.4,170.4,27919,EQ,1908.0,14.63,13382.0
2019-12-03,170.4,174.9,166.4,167.3,40256,EQ,2686.0,14.99,15230.0
2019-12-04,167.0,173.3,165.8,168.3,41105,EQ,2941.0,13.98,15565.0
2019-12-05,169.9,170.05,166.3,166.6,23807,EQ,1609.0,14.8,12154.0
2019-12-06,168.2,169.95,161.3,163.1,33832,EQ,2254.0,15.01,15540.0
2019-12-09,164.55,165.9,157.0,158.65,24454,EQ,1370.0,17.85,9413.0
2019-12-10,159.9,174.3,156.7,167.8,248932,EQ,12786.0,19.47,33062.0
2019-12-11,166.7,172.85,161.7,168.75,82270,EQ,4532.0,18.15,16460.0
2019-12-12,169.3,171.95,166.8,170.45,39667,EQ,2015.0,19.69,15218.0
2019-12-13,171.6,171.7,166.3,167.4,17609,EQ,1229.0,14.33,8031.0
2019-12-16,169.9,180.8,166.85,175.8,224544,EQ,11099.0,20.23,36702.0
2019-12-17,177.6,180.7,175.0,179.3,84429,EQ,5200.0,16.24,21248.0
2019-12-18,180.65,183.2,176.7,180.7,60405,EQ,3428.0,17.62,12720.0
2019-12-19,180.7,182.9,177.9,180.5,37048,EQ,2060.0,17.98,11184.0
2019-12-20,181.0,186.1,180.3,185.4,70039,EQ,4400.0,15.92,28361.0
2019-12-23,184.2,188.7,182.85,187.6,45912,EQ,3807.0,12.06,15493.0
2019-12-24,185.7,190.95,185.7,189.9,33481,EQ,3686.0,9.08,12227.0
2019-12-26,190.9,191.7,182.3,185.3,56152,EQ,3987.0,14.08,14247.0
2019-12-27,186.6,186.7,181.8,183.8,33774,EQ,3008.0,11.23,10266.0
2019-12-30,183.8,189.0,181.85,186.3,29121,EQ,4716.0,6.17,8966.0
2019-12-31,187.0,192.7,184.4,189.3,36197,EQ,2971.0,12.18,16588.0
2020-01-01,190.65,223.3,187.7,212.4,873009,EQ,34931.0,24.99,83751.0
2020-01-02,213.3,218.3,209.5,214.05,234035,EQ,9587.0,24.41,50112.0
2020-01-03,213.7,236.6,211.3,222.35,561386,EQ,23504.0,23.88,69894.0
2020-01-06,221.7,226.25,211.9,217.5,181749,EQ,9561.0,19.01,45400.0
2020-01-07,221.0,229.3,218.45,224.5,160571,EQ,8627.0,18.61,26585.0
2020-01-08,221.8,225.8,220.3,222.5,72759,EQ,3857.0,18.86,13411.0
2020-01-09,224.4,228.3,222.0,222.9,63095,EQ,4174.0,15.12,18995.0
2020-01-10,224.9,226.3,222.3,223.4,33853,EQ,3519.0,9.62,13733.0
2020-01-13,224.0,230.0,222.0,225.55,52974,EQ,3235.0,16.38,17792.0
2020-01-14,226.7,230.0,223.4,227.4,70591,EQ,5153.0,13.7,35313.0
2020-01-15,229.2,229.9,222.5,223.9,142935,EQ,2403.0,59.48,118334.0
2020-01-16,224.7,236.0,222.95,230.0,95814,EQ,4706.0,20.36,42966.0
2020-01-17,230.0,234.0,224.05,225.4,52984,EQ,3343.0,15.85,20416.0
2020-01-20,225.5,227.3,218.3,220.4,31641,EQ,1965.0,16.1,16720.0
2020-01-21,221.7,224.65,216.7,223.2,60903,EQ,4290.0,14.2,31386.0
2020-01-22,224.8,224.8,218.0,219.55,80274,EQ,2405.0,33.38,64804.0
2020-01-23,219.7,223.3,219.0,221.0,28377,EQ,1176.0,24.13,21630.0
2020-01-24,221.6,227.05,221.4,223.4,39498,EQ,2839.0,13.91,21015.0
2020-01-27,223.3,229.0,222.8,226.9,43283,EQ,3399.0,12.73,22278.0
2020-01-28,228.3,228.3,221.3,223.3,29994,EQ,1242.0,24.15,24000.0
2020-01-29,223.3,225.4,220.3,221.6,8432,EQ,746.0,11.3,3702.0
2020-01-30,223.3,223.3,207.5,208.8,31947,EQ,3325.0,9.61,17535.0
2020-01-31,223.3,223.3,208.4,210.7,150951,EQ,8198.0,18.41,47798.0
2020-02-03,202.3,207.6,200.7,201.8,32246,EQ,2760.0,11.68,14744.0
2020-02-04,205.95,206.25,201.75,202.95,16375,EQ,1170.0,14.0,7794.0
2020-02-05,203.3,213.0,202.0,208.05,47348,EQ,2322.0,20.39,25829.0
2020-02-06,207.7,214.65,207.7,210.85,25701,EQ,1984.0,12.95,13754.0
2020-02-07,209.0,212.8,209.0,211.2,13833,EQ,1112.0,12.44,9262.0
2020-02-10,211.7,212.0,204.35,205.65,18505,EQ,1932.0,9.58,13932.0
2020-02-11,208.6,209.5,204.0,207.2,15626,EQ,1551.0,10.07,8960.0
2020-02-12,203.4,212.6,203.4,205.4,26036,EQ,1953.0,13.33,18354.0
2020-02-13,205.3,216.0,205.3,208.4,40466,EQ,3147.0,12.86,18871.0
2020-02-14,209.55,213.3,205.2,205.9,25184,EQ,2217.0,11.36,10587.0
2020-02-17,206.5,207.25,201.7,202.8,15086,EQ,1299.0,11.61,10069.0
2020-02-18,206.3,208.0,199.3,200.9,27166,EQ,4106.0,6.62,17636.0
2020-02-19,200.7,206.9,200.2,203.05,37230,EQ,2712.0,13.73,20417.0
2020-02-20,201.0,209.8,201.0,207.8,22799,EQ,2002.0,11.39,13201.0
2020-02-24,205.0,210.8,204.4,205.65,25660,EQ,3738.0,6.86,17864.0
2020-02-25,203.3,206.3,200.4,201.35,12927,EQ,1152.0,11.22,7605.0
2020-02-26,197.0,205.9,195.7,196.2,27696,EQ,4019.0,6.89,16006.0
2020-02-27,196.2,198.05,191.7,192.5,9064,EQ,1111.0,8.16,5514.0
2020-02-28,190.7,190.7,176.2,180.9,20852,EQ,2022.0,10.31,12796.0
2020-03-02,183.6,189.3,148.3,173.55,49811,EQ,3099.0,16.07,22618.0
2020-03-03,173.55,183.3,173.55,180.05,190857,EQ,1069.0,178.54,5116.0
2020-03-04,183.0,202.7,178.8,189.05,367906,EQ,11589.0,31.75,27134.0
2020-03-05,191.7,195.0,185.6,191.0,163410,EQ,3355.0,48.71,137046.0
2020-03-06,188.0,201.7,178.35,194.2,225710,EQ,3641.0,61.99,14562.0
2020-03-09,190.0,193.3,161.9,167.55,145501,EQ,3768.0,38.61,117806.0
2020-03-11,164.1,170.0,162.1,165.1,22789,EQ,1822.0,12.51,8889.0
2020-03-12,160.0,160.0,152.2,154.4,26059,EQ,1793.0,14.53,19370.0
2020-03-13,146.7,155.0,123.55,153.4,22288,EQ,1779.0,12.53,11966.0
2020-03-16,150.5,150.5,136.7,138.3,23337,EQ,3047.0,7.66,9898.0
2020-03-17,138.0,140.2,130.2,130.9,16721,EQ,1704.0,9.81,8791.0
2020-03-18,134.0,134.05,127.8,128.9,33179,EQ,1465.0,22.65,26075.0
2020-03-19,123.3,126.6,115.0,117.85,26808,EQ,2183.0,12.28,18082.0
2020-03-20,117.3,134.95,117.3,125.4,31031,EQ,2566.0,12.09,10930.0
2020-03-23,120.0,125.45,110.0,123.15,18541,EQ,1137.0,16.31,13788.0
2020-03-24,120.5,147.8,106.7,127.3,42557,EQ,3173.0,13.41,30511.0
2020-03-25,124.4,128.1,124.4,125.0,15462,EQ,1443.0,10.72,12346.0
2020-03-26,124.95,131.7,122.3,127.9,25093,EQ,3334.0,7.53,13615.0
2020-03-27,126.7,129.65,124.2,124.6,22634,EQ,2416.0,9.37,12912.0
2020-03-30,123.3,130.3,121.4,123.45,41825,EQ,8145.0,5.14,21304.0
2020-03-31,124.7,126.3,120.7,121.8,14866,EQ,1594.0,9.33,8309.0
2020-04-01,121.7,122.3,119.4,120.6,6632,EQ,671.0,9.88,3625.0
2020-04-03,121.3,125.0,120.0,124.6,8246,EQ,757.0,10.89,5704.0
2020-04-07,126.7,126.7,122.7,123.6,28031,EQ,3870.0,7.24,18992.0
2020-04-08,123.65,125.3,120.0,120.2,24722,EQ,2801.0,8.83,18179.0
2020-04-09,121.6,127.3,121.6,124.85,19370,EQ,1638.0,11.83,11616.0
2020-04-13,124.0,139.3,123.4,135.45,77445,EQ,,,
2020-04-15,141.2,156.0,136.7,148.85,157103,EQ,19264.0,8.16,60737.0
2020-04-16,147.0,170.7,145.4,154.8,413503,EQ,25760.0,16.05,139640.0
2020-04-17,156.7,161.95,155.3,156.4,58887,EQ,4620.0,12.75,27433.0
2020-04-20,157.3,158.3,153.7,155.35,23932,EQ,1680.0,14.25,10937.0
2020-04-21,152.0,154.3,145.7,147.9,17713,EQ,1498.0,11.82,14118.0
2020-04-22,147.9,150.3,140.0,145.9,15444,EQ,1383.0,11.17,8778.0
2020-04-23,146.3,156.0,146.3,152.7,19230,EQ,2047.0,9.39,11783.0
2020-04-24,152.7,153.0,140.9,147.05,25577,EQ,1679.0,15.23,13866.0
2020-04-27,147.0,151.65,146.0,149.15,8547,EQ,1245.0,6.87,4962.0
2020-04-28,151.95,162.9,148.3,155.3,33967,EQ,3432.0,9.9,16272.0
2020-04-29,158.2,158.5,153.8,155.25,12756,EQ,1330.0,9.59,6385.0
2020-04-30,157.8,158.8,154.05,155.0,17719,EQ,1402.0,12.64,9839.0
2020-05-04,152.7,152.7,147.45,148.9,12564,EQ,1486.0,8.45,7978.0
2020-05-05,149.3,150.3,145.0,145.65,9781,EQ,1594.0,6.14,5692.0
2020-05-06,145.3,146.65,141.6,143.4,15064,EQ,2552.0,5.9,7638.0
2020-05-07,144.0,166.3,142.75,155.8,340522,EQ,16694.0,20.4,53256.0
2020-05-08,156.0,158.3,146.9,147.65,41093,EQ,2857.0,14.38,15797.0
2020-05-11,148.3,149.1,143.4,143.8,21794,EQ,1535.0,14.2,9096.0
2020-05-12,143.7,145.2,142.0,144.15,22385,EQ,1543.0,14.51,9309.0
2020-05-13,146.0,151.7,145.3,147.5,27320,EQ,2235.0,12.22,11872.0
2020-05-14,146.2,147.0,143.4,144.1,10632,EQ,883.0,12.04,6177.0
2020-05-15,144.7,146.85,140.0,142.1,43279,EQ,3258.0,13.28,25584.0
2020-05-18,140.7,141.7,127.85,128.45,49502,EQ,3890.0,12.73,30562.0
2020-05-19,128.8,134.3,128.3,130.2,31334,EQ,2299.0,13.63,13574.0
2020-05-20,130.0,132.3,129.7,130.9,18772,EQ,2511.0,7.48,12635.0
2020-05-21,131.3,131.65,128.4,128.75,41839,EQ,2617.0,15.99,30489.0
2020-05-22,129.65,135.0,128.0,130.7,24835,EQ,2323.0,10.69,15165.0
2020-05-26,129.7,138.3,129.7,134.8,48540,EQ,2728.0,17.79,31174.0
2020-05-27,134.8,137.45,132.7,135.3,113264,EQ,2496.0,45.38,104226.0
2020-05-28,137.05,139.9,135.7,138.9,28698,EQ,3492.0,8.22,17261.0
2020-05-29,138.9,139.9,130.7,132.2,152362,EQ,5390.0,28.27,127225.0
2020-06-01,132.7,136.95,132.55,135.45,42222,EQ,4005.0,10.54,26671.0
2020-06-02,136.0,139.6,134.3,136.85,65689,EQ,4496.0,14.61,45973.0
2020-06-03,138.3,143.4,137.0,139.95,219647,EQ,13654.0,16.09,142681.0
2020-06-04,141.3,143.3,137.7,138.3,79052,EQ,5810.0,13.61,46016.0
2020-06-05,138.7,141.7,137.2,138.9,87832,EQ,5762.0,15.24,55079.0
2020-06-08,142.3,145.3,141.2,143.7,168335,EQ,11140.0,15.11,90997.0
2020-06-09,145.55,148.15,142.3,143.0,180538,EQ,12647.0,14.28,105484.0
2020-06-10,141.7,141.7,134.7,136.0,156683,EQ,8163.0,19.19,82651.0
2020-06-11,136.7,139.35,132.85,133.6,71824,EQ,3567.0,20.14,36846.0
2020-06-12,131.3,134.9,130.0,133.3,54400,EQ,3144.0,17.3,26942.0
2020-06-15,134.6,136.15,133.4,135.0,30144,EQ,1726.0,17.46,15196.0
2020-06-16,135.4,143.2,135.0,141.8,150075,EQ,4778.0,31.41,63518.0
2020-06-17,142.3,145.0,140.0,142.0,1763038,EQ,2930.0,601.72,43381.0
2020-06-18,148.5,162.7,148.3,153.7,619640,EQ,20738.0,29.88,152646.0
2020-06-19,153.4,157.9,148.4,149.35,93779,EQ,5802.0,16.16,49018.0
2020-06-22,151.3,153.9,145.3,150.9,109204,EQ,5616.0,19.45,40797.0
2020-06-23,150.9,153.3,148.7,151.45,46953,EQ,2814.0,16.69,19129.0
2020-06-24,153.3,153.3,148.0,150.4,72374,EQ,3951.0,18.32,42090.0
2020-06-25,145.7,149.7,145.7,146.55,33184,EQ,2072.0,16.02,16154.0
2020-06-26,148.3,151.95,147.2,148.35,79209,EQ,9652.0,8.21,32480.0
2020-06-29,150.0,150.3,145.5,148.45,31729,EQ,2268.0,13.99,14168.0
2020-06-30,148.3,152.3,146.85,148.75,38667,EQ,2798.0,13.82,15115.0
2020-07-01,148.8,151.8,146.7,150.7,37827,EQ,2199.0,17.2,22405.0
2020-07-02,151.7,164.95,151.3,157.25,601994,EQ,20236.0,29.75,160018.0
2020-07-03,157.2,161.2,154.3,158.9,144255,EQ,9014.0,16.0,48915.0
2020-07-06,169.0,175.95,154.4,159.9,1566381,EQ,51072.0,30.67,299455.0
2020-07-07,156.55,160.0,156.0,158.3,230434,EQ,9409.0,24.49,127131.0
2020-07-08,159.55,159.55,153.3,154.5,174213,EQ,6668.0,26.13,83908.0
2020-07-09,154.95,161.3,153.3,159.8,351981,EQ,16515.0,21.31,220116.0
2020-07-10,158.7,161.0,156.0,158.4,222582,EQ,10070.0,22.1,146449.0
2020-07-13,160.9,163.0,159.7,160.05,164073,EQ,6823.0,24.05,112259.0
2020-07-14,160.05,163.0,158.5,161.65,132733,EQ,4376.0,30.33,90675.0
2020-07-15,161.95,170.7,161.3,166.8,371658,EQ,19054.0,19.51,232843.0
2020-07-16,167.7,176.2,167.35,174.7,1959461,EQ,33054.0,59.28,1572445.0
2020-07-17,174.7,174.7,170.05,171.3,265616,EQ,24200.0,10.98,177188.0
2020-07-20,173.6,174.0,170.0,171.55,156896,EQ,10197.0,15.39,107319.0
2020-07-21,171.8,176.0,170.4,174.45,369070,EQ,29464.0,12.53,249664.0
2020-07-22,174.3,178.3,164.3,165.7,333908,EQ,9968.0,33.5,236300.0
2020-07-23,165.3,168.3,160.0,160.9,222753,EQ,7643.0,29.14,59025.0
2020-07-24,159.35,163.3,157.3,158.9,117446,EQ,4862.0,24.16,52669.0
2020-07-27,158.9,162.95,158.9,160.4,104831,EQ,15712.0,6.67,62303.0
2020-07-28,163.0,163.0,158.8,159.45,67876,EQ,7734.0,8.78,39634.0
2020-07-29,160.0,161.4,158.4,159.25,46510,EQ,3734.0,12.46,24981.0
2020-07-30,159.4,161.0,154.7,155.45,37590,EQ,3522.0,10.67,23453.0
2020-07-31,155.0,160.7,155.0,160.0,163155,EQ,12588.0,12.96,119539.0
2020-08-03,160.0,161.45,158.7,159.9,51223,EQ,4764.0,10.75,32238.0
2020-08-04,159.7,161.15,155.7,157.8,44216,EQ,5523.0,8.01,25013.0
2020-08-05,158.3,159.95,154.4,155.45,84513,EQ,4557.0,18.55,62934.0
2020-08-06,156.0,161.0,153.5,155.8,122455,EQ,9400.0,13.03,54434.0
2020-08-07,156.7,162.8,156.3,160.35,359825,EQ,12831.0,28.04,281990.0
2020-08-10,161.5,166.3,160.4,163.3,139290,EQ,13408.0,10.39,77165.0
2020-08-11,164.9,173.65,164.9,170.7,215825,EQ,8163.0,26.44,115281.0
2020-08-12,171.6,178.95,170.7,173.1,186319,EQ,10789.0,17.27,78786.0
2020-08-13,181.5,207.7,181.5,207.7,674880,EQ,16453.0,41.02,333974.0
2020-08-14,216.0,245.0,210.7,225.3,1784615,EQ,79196.0,22.53,314128.0
2020-08-17,225.4,242.3,219.0,238.4,621815,EQ,34198.0,18.18,206905.0
2020-08-18,234.5,241.3,230.0,231.8,141471,EQ,8693.0,16.27,51459.0
2020-08-19,234.7,238.3,225.5,227.6,132086,EQ,9380.0,14.08,65669.0
2020-08-20,228.0,241.3,227.7,237.7,226397,EQ,17400.0,13.01,102295.0
2020-08-21,239.3,249.8,238.2,245.55,364350,EQ,18799.0,19.38,210410.0
2020-08-24,260.0,269.7,256.05,265.2,568195,EQ,27031.0,21.02,252777.0
2020-08-25,270.0,270.7,254.5,254.9,261948,EQ,19220.0,13.63,156293.0
2020-08-26,256.9,262.0,250.5,259.15,147375,EQ,13383.0,11.01,67130.0
2020-08-27,261.3,266.65,256.7,262.2,142485,EQ,9294.0,15.33,79207.0
2020-08-28,264.75,265.0,256.7,257.2,63381,EQ,5611.0,11.3,43968.0
2020-08-31,258.3,259.25,232.4,234.7,158185,EQ,11773.0,13.44,94659.0
2020-09-01,236.7,249.7,225.0,231.1,149277,EQ,10579.0,14.11,70934.0
2020-09-02,235.0,248.3,233.5,246.25,150174,EQ,11331.0,13.25,87896.0
2020-09-03,249.0,256.7,247.3,252.9,122901,EQ,7339.0,16.75,79331.0
2020-09-04,245.0,251.3,241.7,244.5,104874,EQ,5486.0,19.12,75083.0
2020-09-07,246.5,248.4,237.0,240.4,39264,EQ,4363.0,9.0,21223.0
2020-09-08,242.55,246.5,235.3,236.4,65412,EQ,4562.0,14.34,40789.0
2020-09-09,236.7,239.3,231.7,235.0,93441,EQ,4263.0,21.92,47459.0
2020-09-10,237.35,240.7,235.05,237.3,31698,EQ,3893.0,8.14,14577.0
2020-09-11,238.3,245.3,237.7,243.9,69003,EQ,9104.0,7.58,39013.0
2020-09-14,247.0,258.9,246.7,256.95,164924,EQ,19538.0,8.44,93552.0
2020-09-15,258.3,260.0,253.3,256.3,58627,EQ,5996.0,9.78,37907.0
2020-09-16,259.8,264.3,256.7,261.7,115566,EQ,8073.0,14.32,53813.0
2020-09-17,259.7,264.4,254.05,255.55,95031,EQ,10005.0,9.5,45425.0
2020-09-18,257.8,260.7,247.7,257.9,146017,EQ,14947.0,9.77,88125.0
2020-09-21,259.3,261.7,243.1,245.05,118711,EQ,9480.0,12.52,55874.0
2020-09-22,245.3,246.6,230.0,239.0,61933,EQ,7052.0,8.78,30993.0
2020-09-23,239.0,241.7,230.0,231.2,106277,EQ,9521.0,11.16,58257.0
2020-09-24,227.7,237.95,223.3,229.55,114617,EQ,9389.0,12.21,41355.0
2020-09-25,233.7,238.3,232.2,236.0,68883,EQ,5202.0,13.24,34699.0
2020-09-28,237.35,241.3,235.0,238.0,43274,EQ,,,
2020-09-29,240.7,245.9,234.7,237.9,116311,EQ,9258.0,12.56,55890.0
2020-09-30,239.3,239.3,233.3,233.7,49283,EQ,4015.0,12.27,25287.0
2020-10-01,236.0,237.9,231.9,232.5,40182,EQ,3905.0,10.29,16587.0
2020-10-05,235.7,244.8,235.3,241.85,146488,EQ,10016.0,14.63,70282.0
2020-10-06,243.3,244.7,236.7,239.3,71011,EQ,5464.0,13.0,39977.0
2020-10-07,240.7,244.95,237.4,239.1,94223,EQ,6593.0,14.29,38595.0
2020-10-08,243.7,250.55,237.2,240.45,245828,EQ,13285.0,18.5,85292.0
2020-10-09,241.7,244.0,237.2,238.5,58812,EQ,5915.0,9.94,26491.0
2020-10-12,239.65,243.3,235.05,236.5,221772,EQ,6136.0,36.14,162156.0
2020-10-13,238.0,240.0,235.7,236.95,55760,EQ,5164.0,10.8,29816.0
2020-10-14,238.95,243.9,232.6,240.4,147826,EQ,10912.0,13.55,77860.0
2020-10-15,241.3,243.7,232.7,233.7,76219,EQ,6613.0,11.53,38885.0
2020-10-16,237.65,239.8,231.75,233.4,61846,EQ,4613.0,13.41,29968.0
2020-10-19,236.2,236.8,232.6,234.25,32004,EQ,2383.0,13.43,13148.0
2020-10-20,234.3,239.7,232.2,238.5,53538,EQ,3127.0,17.12,28899.0
2020-10-21,240.0,243.05,237.0,238.5,93416,EQ,5256.0,17.77,66280.0
2020-10-22,238.3,241.3,236.4,239.2,35987,EQ,2334.0,15.42,20450.0
2020-10-23,239.2,241.3,238.5,240.0,23798,EQ,2204.0,10.8,15160.0
2020-10-26,236.7,239.3,235.0,236.7,20329,EQ,1659.0,12.25,11455.0
2020-10-27,235.0,237.0,232.3,234.5,84951,EQ,4878.0,17.42,26939.0
2020-10-28,234.0,236.3,230.3,231.7,32837,EQ,2973.0,11.05,20315.0
2020-10-29,231.7,231.7,223.35,224.05,29550,EQ,3331.0,8.87,16086.0
2020-10-30,224.2,233.3,224.2,231.0,34545,EQ,1922.0,17.97,16741.0
2020-11-02,228.0,233.0,223.3,224.0,28746,EQ,3270.0,8.79,15340.0
2020-11-03,227.7,229.3,223.0,224.4,20967,EQ,1913.0,10.96,7766.0
2020-11-04,224.4,227.8,223.55,225.1,15938,EQ,2164.0,7.37,7210.0
2020-11-05,226.7,240.7,226.7,238.0,83600,EQ,5016.0,16.67,39826.0
2020-11-06,248.3,255.7,234.3,237.4,296117,EQ,15574.0,19.01,148551.0
2020-11-09,240.0,245.3,237.6,243.2,103018,EQ,9960.0,10.34,56067.0
2020-11-10,243.3,243.3,235.4,237.2,51286,EQ,5002.0,10.25,29121.0
2020-11-11,236.7,239.5,235.4,237.3,39062,EQ,2405.0,16.24,27327.0
2020-11-12,237.7,239.8,235.2,236.2,163248,EQ,3493.0,46.74,142722.0
2020-11-13,236.2,239.7,232.7,238.2,221677,EQ,4154.0,53.36,193498.0
2020-11-17,241.3,241.3,237.45,238.8,34038,EQ,4163.0,8.18,19744.0
2020-11-18,240.0,240.0,235.7,236.1,33703,EQ,3152.0,10.69,19705.0
2020-11-19,238.3,239.0,236.0,236.9,31952,EQ,4167.0,7.67,18740.0
2020-11-20,237.0,241.05,236.0,238.0,40599,EQ,2400.0,16.92,23582.0
2020-11-23,240.0,242.6,238.0,238.8,55220,EQ,3744.0,14.75,36796.0
2020-11-24,239.9,241.0,236.3,238.9,74015,EQ,1821.0,40.65,61927.0
2020-11-25,239.0,240.5,236.7,238.55,34531,EQ,2164.0,15.96,22235.0
2020-11-26,239.0,239.2,236.85,238.05,17085,EQ,1136.0,15.04,9868.0
2020-11-27,238.3,246.0,237.5,241.55,97648,EQ,5674.0,17.21,50311.0
2020-12-01,241.7,244.9,240.7,243.0,54020,EQ,4082.0,13.23,31865.0
2020-12-02,243.3,245.8,238.3,240.0,33755,EQ,2477.0,13.63,20216.0
2020-12-03,241.7,266.4,239.0,263.25,699786,EQ,34089.0,20.53,261013.0
2020-12-04,266.7,276.5,260.0,261.7,524013,EQ,31519.0,16.63,258284.0
2020-12-07,261.7,268.0,261.7,262.6,88243,EQ,6183.0,14.27,42247.0
2020-12-08,264.9,273.0,256.7,258.2,221375,EQ,15086.0,14.67,121565.0
2020-12-09,260.3,274.0,260.3,272.45,329894,EQ,14932.0,22.09,121377.0
2020-12-10,272.3,272.3,262.3,267.4,168056,EQ,10215.0,16.45,61367.0
2020-12-11,266.35,278.0,266.3,269.6,241617,EQ,10904.0,22.16,79857.0
2020-12-14,276.7,281.3,270.25,271.5,189609,EQ,8002.0,23.7,84077.0
2020-12-15,273.0,275.5,268.4,272.45,98200,EQ,3953.0,24.84,38755.0
2020-12-16,275.0,277.0,268.3,271.9,111056,EQ,5122.0,21.68,62458.0
2020-12-17,272.9,274.0,265.2,268.5,51662,EQ,2907.0,17.77,28579.0
2020-12-18,271.6,272.9,263.75,266.1,91880,EQ,5197.0,17.68,44859.0
2020-12-21,264.0,266.7,241.7,245.5,112528,EQ,8619.0,13.06,56218.0
2020-12-22,248.3,257.95,239.4,256.5,117005,EQ,8972.0,13.04,47336.0
2020-12-23,258.3,293.3,257.9,289.5,817265,EQ,30617.0,26.69,264467.0
2020-12-24,296.7,301.7,283.7,292.7,413940,EQ,18365.0,22.54,111284.0
2020-12-28,292.7,302.3,290.7,297.9,189595,EQ,8699.0,21.8,79493.0
2020-12-29,300.0,309.3,290.0,302.95,303747,EQ,14962.0,20.3,99590.0
2020-12-30,303.3,303.45,297.6,300.5,63726,EQ,4920.0,12.95,33923.0
2020-12-31,300.5,302.0,290.6,294.4,35932,EQ,2506.0,14.34,15632.0
2021-01-01,296.6,299.5,292.0,295.4,39609,EQ,2658.0,14.9,15526.0
2021-01-04,295.4,297.7,291.0,294.45,46701,EQ,3101.0,15.06,20389.0
2021-01-05,292.7,310.5,288.35,301.9,250212,EQ,16209.0,15.44,90054.0
2021-01-06,304.6,311.2,295.7,301.25,102531,EQ,5223.0,19.63,47539.0
2021-01-07,301.6,307.3,298.5,300.45,109868,EQ,9474.0,11.6,68935.0
2021-01-08,302.5,307.3,301.0,304.9,81999,EQ,3594.0,22.82,47661.0
2021-01-11,308.0,313.7,302.65,307.4,109248,EQ,5341.0,20.45,45658.0
2021-01-12,305.3,316.45,303.0,311.7,89660,EQ,5120.0,17.51,40252.0
2021-01-13,313.1,326.65,310.5,323.7,169234,EQ,8786.0,19.26,85829.0
2021-01-14,328.9,339.85,326.4,334.25,398738,EQ,18364.0,21.71,154172.0
2021-01-15,334.0,344.8,328.0,337.05,195857,EQ,10879.0,18.0,78000.0
2021-01-18,334.7,339.7,317.35,326.5,169075,EQ,9699.0,17.43,78058.0
2021-01-19,333.3,333.3,320.0,321.85,79702,EQ,3018.0,26.41,59687.0
2021-01-20,321.7,330.45,321.7,325.8,63865,EQ,2064.0,30.94,48588.0
2021-01-21,329.6,343.0,326.0,334.3,96463,EQ,5915.0,16.31,48930.0
2021-01-22,333.3,339.3,328.9,331.0,72487,EQ,5062.0,14.32,42295.0
2021-01-25,331.4,336.65,319.75,325.2,59847,EQ,6270.0,9.54,30120.0
2021-01-27,326.3,331.5,323.7,325.8,86625,EQ,6506.0,13.31,39394.0
2021-01-28,325.0,338.3,320.75,325.5,150298,EQ,5140.0,29.24,113107.0
2021-01-29,326.3,340.7,324.55,329.35,208816,EQ,9397.0,22.22,150116.0
2021-02-01,326.75,331.6,313.7,326.1,83091,EQ,8764.0,9.48,42749.0
2021-02-02,326.6,336.7,321.7,327.9,56947,EQ,4976.0,11.44,26131.0
2021-02-03,329.5,348.0,329.2,332.25,230839,EQ,12110.0,19.06,97454.0
2021-02-04,333.3,346.0,332.65,342.9,135193,EQ,5824.0,23.21,87227.0
2021-02-05,344.75,347.0,331.9,334.5,80586,EQ,6095.0,13.22,45010.0
2021-02-08,337.25,337.25,327.2,329.5,81653,EQ,3252.0,25.11,64046.0
2021-02-09,330.0,332.95,321.1,323.05,28700,EQ,2670.0,10.75,15664.0
2021-02-10,323.05,328.0,317.0,319.2,27756,EQ,2563.0,10.83,9316.0
2021-02-11,321.6,331.7,320.0,329.7,41495,EQ,3913.0,10.6,15550.0
2021-02-12,332.9,332.9,318.7,321.8,46727,EQ,3374.0,13.85,24055.0
2021-02-15,323.4,325.8,311.6,314.6,45126,EQ,3271.0,13.8,23300.0
2021-02-16,316.6,319.3,305.0,307.1,42319,EQ,3419.0,12.38,21384.0
2021-02-17,309.7,324.9,308.4,318.7,102020,EQ,6437.0,15.85,35864.0
2021-02-18,323.2,327.7,320.45,323.8,63435,EQ,5495.0,11.54,22893.0
2021-02-19,324.6,325.3,319.9,323.7,38926,EQ,3916.0,9.94,19341.0
2021-02-22,323.3,324.7,312.9,315.25,33889,EQ,5998.0,5.65,16571.0
2021-02-23,316.25,321.3,311.0,312.3,28203,EQ,2568.0,10.98,9422.0
2021-02-24,313.6,324.7,310.4,312.5,16477,EQ,1316.0,12.52,6998.0
2021-02-25,314.05,319.7,307.6,308.0,58564,EQ,3007.0,19.48,45074.0
2021-02-26,307.7,316.3,306.3,309.6,67904,EQ,3489.0,19.46,38076.0
2021-03-01,311.25,313.95,308.3,311.9,28648,EQ,2511.0,11.41,16957.0
2021-03-02,314.8,323.3,313.05,320.0,36277,EQ,3543.0,10.24,17559.0
2021-03-03,323.0,337.0,313.3,329.5,108110,EQ,5511.0,19.62,51578.0
2021-03-04,328.0,343.3,325.25,333.0,99776,EQ,7611.0,13.11,43249.0
2021-03-05,332.9,349.7,327.6,330.0,118210,EQ,10638.0,11.11,42456.0
2021-03-08,332.7,334.3,327.05,329.25,26652,EQ,3170.0,8.41,11039.0
2021-03-09,329.3,331.3,320.0,322.4,25804,EQ,3943.0,6.54,12549.0
2021-03-10,324.55,327.65,322.0,325.1,124130,EQ,3420.0,36.3,109350.0
2021-03-12,326.3,331.3,318.5,324.05,40801,EQ,4088.0,9.98,21850.0
2021-03-15,328.3,330.0,321.0,323.1,34901,EQ,4021.0,8.68,15311.0
2021-03-16,326.3,338.3,322.35,330.25,74972,EQ,10639.0,7.05,30206.0
2021-03-17,333.0,345.0,331.7,338.0,122600,EQ,10081.0,12.16,54413.0
2021-03-18,343.3,344.4,322.3,324.95,60118,EQ,5654.0,10.63,23705.0
2021-03-19,327.55,328.3,313.4,322.0,40762,EQ,3878.0,10.51,17423.0
2021-03-22,324.0,324.3,319.8,321.3,13544,EQ,1236.0,10.96,6640.0
2021-03-23,323.0,328.65,322.0,324.9,25451,EQ,3772.0,6.75,14948.0
2021-03-24,326.6,338.3,323.15,336.5,51283,EQ,3279.0,15.64,29407.0
2021-03-25,341.7,341.7,326.0,333.75,41707,EQ,3296.0,12.65,24327.0
2021-03-26,336.6,344.7,333.3,342.9,70196,EQ,6094.0,11.52,34786.0
2021-03-30,351.7,370.0,351.0,358.55,384678,EQ,31664.0,12.15,88808.0
2021-03-31,363.3,376.7,360.55,367.7,314695,EQ,22394.0,14.05,94400.0
2021-04-01,373.0,376.7,366.65,369.5,54768,EQ,4858.0,11.27,20131.0
2021-04-05,373.6,383.3,364.8,373.65,87730,EQ,7991.0,10.98,30826.0
2021-04-06,370.25,383.0,367.7,378.4,62392,EQ,4990.0,12.5,30099.0
2021-04-07,379.3,388.3,372.0,380.2,57157,EQ,5442.0,10.5,28382.0
2021-04-08,386.0,404.7,382.75,400.9,105223,EQ,9218.0,11.41,53911.0
2021-04-09,400.0,408.3,398.05,407.0,77016,EQ,6715.0,11.47,32318.0
2021-04-12,400.3,414.6,386.7,401.7,103637,EQ,7506.0,13.81,53724.0
2021-04-13,401.7,416.0,375.0,384.75,105616,EQ,11865.0,8.9,37177.0
2021-04-15,387.65,390.0,370.7,378.05,32574,EQ,3990.0,8.16,14079.0
2021-04-16,381.5,397.9,381.35,388.65,69619,EQ,5243.0,13.28,24029.0
2021-04-19,383.3,402.9,370.0,398.75,94056,EQ,7670.0,12.26,51907.0
2021-04-20,402.7,415.0,396.7,407.5,72240,EQ,6613.0,10.92,27841.0
2021-04-22,405.0,406.7,393.7,402.35,29484,EQ,3608.0,8.17,12999.0
2021-04-23,398.7,423.7,393.4,398.55,114694,EQ,11781.0,9.74,23066.0
2021-04-26,398.3,404.45,387.6,390.4,36465,EQ,4609.0,7.91,15455.0
2021-04-27,390.3,398.2,386.7,388.55,25673,EQ,2214.0,11.6,13968.0
2021-04-28,389.3,402.3,389.3,392.6,26774,EQ,2345.0,11.42,13294.0
2021-04-29,396.25,416.0,391.0,410.2,81227,EQ,7297.0,11.13,45498.0
2021-04-30,404.2,422.0,403.0,415.25,79271,EQ,7202.0,11.01,36045.0
2021-05-03,415.0,425.0,412.45,422.2,36897,EQ,3511.0,10.51,13856.0
2021-05-04,424.6,431.0,411.6,413.9,30702,EQ,2988.0,10.28,13691.0
2021-05-05,413.7,441.7,410.7,431.8,114502,EQ,8870.0,12.91,22989.0
2021-05-06,435.2,436.7,421.7,424.6,26107,EQ,3353.0,7.79,14512.0
2021-05-07,424.55,435.7,421.7,425.2,46232,EQ,2273.0,20.34,34613.0
2021-05-10,425.2,435.7,412.8,416.7,21159,EQ,2959.0,7.15,11661.0
2021-05-11,416.7,420.0,405.7,410.6,20411,EQ,3429.0,5.95,11851.0
2021-05-12,420.0,420.0,389.0,399.25,48721,EQ,6364.0,7.66,28796.0
2021-05-14,404.0,411.0,400.9,407.0,28312,EQ,2853.0,9.92,21242.0
2021-05-17,409.2,409.2,393.55,399.25,15801,EQ,1871.0,8.45,9721.0
2021-05-18,399.25,401.4,394.0,398.2,19071,EQ,2163.0,8.82,11251.0
2021-05-19,398.3,406.7,390.0,393.35,11489,EQ,1340.0,8.57,5853.0
2021-05-20,393.3,406.6,387.0,403.4,30199,EQ,3627.0,8.33,17566.0
2021-05-21,407.0,408.0,395.0,398.1,15655,EQ,2270.0,6.9,10255.0
2021-05-24,393.7,396.7,388.7,390.9,28120,EQ,2991.0,9.4,16988.0
2021-05-25,393.9,396.7,380.5,386.05,17617,EQ,2514.0,7.01,12147.0
2021-05-26,385.0,386.05,368.0,373.6,58266,EQ,5838.0,9.98,30774.0
2021-05-27,366.7,400.3,366.3,393.2,69153,EQ,7007.0,9.87,30536.0
2021-05-28,400.0,415.0,393.35,412.1,90097,EQ,7598.0,11.86,39529.0
2021-05-31,415.9,421.8,408.7,420.05,64086,EQ,6694.0,9.57,34114.0
2021-06-01,420.2,422.25,410.35,418.0,36775,EQ,4491.0,8.19,22420.0
2021-06-02,416.7,441.3,414.0,421.95,69889,EQ,5524.0,12.65,23116.0
2021-06-03,426.2,433.0,416.9,422.9,49016,EQ,5653.0,8.67,28134.0
2021-06-04,426.7,426.7,411.0,422.55,57771,EQ,5321.0,10.86,39145.0
2021-06-07,422.6,428.7,416.7,425.7,32879,EQ,4089.0,8.04,23021.0
2021-06-08,429.3,454.35,425.35,441.6,137614,EQ,10454.0,13.16,62367.0
2021-06-09,446.7,453.25,430.0,430.9,47450,EQ,4663.0,10.18,28045.0
2021-06-10,434.0,459.7,434.0,448.1,162281,EQ,12221.0,13.28,62761.0
2021-06-11,528.0,537.7,528.0,537.7,256117,EQ,5422.0,47.24,162682.0
2021-06-14,576.65,625.0,566.7,590.0,754996,EQ,65544.0,11.52,220572.0
2021-06-15,599.3,616.0,573.3,582.15,304078,EQ,28028.0,10.85,143825.0
2021-06-16,580.0,591.3,565.0,575.25,105761,EQ,9749.0,10.85,61735.0
2021-06-17,566.0,581.6,541.3,561.15,77261,EQ,7314.0,10.56,38399.0
2021-06-18,561.15,589.2,558.3,587.5,136131,BE,3699.0,36.8,136131.0
2021-06-21,600.0,606.65,560.75,568.75,89519,BE,4947.0,18.1,89519.0
2021-06-22,589.65,597.15,571.95,597.1,60235,BE,2208.0,27.28,60235.0
2021-06-23,606.3,606.3,588.3,596.65,28226,BE,2042.0,13.82,28226.0
2021-06-24,598.0,610.25,588.3,607.85,151569,BE,4594.0,32.99,151569.0
2021-06-25,610.0,610.9,589.0,599.5,31149,BE,3198.0,9.74,31149.0
2021-06-28,606.3,612.6,583.3,597.8,65909,BE,2628.0,25.08,65909.0
2021-06-29,598.3,620.0,598.3,615.4,61210,BE,2871.0,21.32,61210.0
2021-06-30,619.9,646.15,613.3,646.15,106309,BE,5851.0,18.17,106309.0
2021-07-01,662.0,678.45,651.65,678.45,104416,BE,4246.0,24.59,104416.0
2021-07-02,706.65,708.3,678.45,695.15,41530,BE,5087.0,8.16,41530.0
2021-07-05,700.0,716.65,678.3,708.0,35115,BE,3258.0,10.78,35115.0
2021-07-06,714.9,714.9,691.65,700.3,42597,BE,4094.0,10.4,42597.0
2021-07-07,700.0,703.3,683.65,700.25,92542,BE,1356.0,68.25,92542.0
2021-07-08,701.65,731.65,690.0,714.0,206479,BE,2328.0,88.69,206479.0
2021-07-09,726.65,726.65,695.0,702.5,162621,BE,1449.0,112.23,162621.0
2021-07-12,702.65,716.65,698.3,700.9,23880,BE,2681.0,8.91,23880.0
2021-07-13,714.65,714.65,693.3,694.15,135385,BE,2142.0,63.2,135385.0
2021-07-14,700.0,716.65,693.3,712.05,38972,BE,1453.0,26.82,38972.0
2021-07-15,720.1,747.65,717.3,746.1,45476,BE,3254.0,13.98,45476.0
2021-07-16,747.65,748.3,733.3,743.0,69364,BE,1329.0,52.19,69364.0
2021-07-19,746.65,759.9,740.0,750.7,28109,BE,1634.0,17.2,28109.0
2021-07-20,750.7,758.0,735.3,740.4,83774,BE,2549.0,32.87,83774.0
2021-07-22,733.65,758.3,733.3,737.5,64258,BE,2706.0,23.75,64258.0
2021-07-23,726.7,745.0,716.65,723.4,15464,BE,1333.0,11.6,15464.0
2021-07-26,703.7,721.5,693.3,702.7,21561,BE,1738.0,12.41,21561.0
2021-07-27,696.0,717.65,683.65,707.6,38896,BE,915.0,42.51,38896.0
2021-07-28,714.5,714.5,690.0,697.75,37672,BE,1025.0,36.75,37672.0
2021-07-29,696.65,730.0,683.7,727.5,20586,BE,1016.0,20.26,20586.0
2021-07-30,727.5,759.9,727.5,748.4,21285,BE,1703.0,12.5,21285.0
2021-08-02,750.0,778.3,750.0,769.75,22548,BE,2363.0,9.54,22548.0
2021-08-03,783.3,786.6,756.2,769.7,24541,BE,2081.0,11.79,24541.0
2021-08-04,788.0,793.3,731.7,739.4,31937,BE,1808.0,17.66,31937.0
2021-08-05,749.9,749.9,702.45,711.4,15619,BE,1451.0,10.76,15619.0
2021-08-06,711.4,723.3,690.0,705.7,4364,BE,493.0,8.85,4364.0
2021-08-09,741.0,741.0,673.65,697.6,26113,BE,1389.0,18.8,26113.0
2021-08-10,700.0,726.0,679.3,699.0,51143,BE,1461.0,35.01,51143.0
2021-08-11,700.0,706.65,664.05,683.4,54163,BE,2191.0,24.72,54163.0
2021-08-12,655.0,716.3,650.35,706.7,53716,BE,951.0,56.48,53716.0
2021-08-13,713.25,725.15,706.7,723.5,34342,BE,2460.0,13.96,34342.0
2021-08-16,759.6,759.6,759.6,759.6,67737,BE,2532.0,26.75,67737.0
2021-08-17,797.6,797.6,770.0,776.6,81042,BE,8491.0,9.54,81042.0
2021-08-18,783.0,783.3,758.3,772.9,26178,BE,2736.0,9.57,26178.0
2021-08-20,762.5,766.3,750.3,752.4,20373,BE,3040.0,6.7,20373.0
2021-08-23,752.4,758.3,714.75,719.8,27721,BE,2943.0,9.42,27721.0
2021-08-24,683.8,755.75,683.8,753.7,27832,BE,4708.0,5.91,27832.0
2021-08-25,758.65,782.3,731.7,738.0,14522,BE,2570.0,5.65,14522.0
2021-08-26,740.65,762.0,731.3,751.5,58246,BE,3512.0,16.58,58246.0
2021-08-27,750.0,755.0,739.4,752.6,62029,BE,2667.0,23.26,62029.0
2021-08-30,758.2,763.2,746.65,749.9,12237,BE,1435.0,8.53,12237.0
2021-08-31,740.3,766.65,737.0,754.65,73211,BE,1587.0,46.13,73211.0
2021-09-01,749.35,752.35,727.0,733.05,144862,BE,2771.0,52.28,144862.0
2021-09-02,736.05,749.0,726.65,731.8,19053,BE,2364.0,8.06,19053.0
2021-09-03,732.15,753.5,732.15,746.65,31561,BE,1921.0,16.43,31561.0
2021-09-06,756.3,756.65,733.7,736.5,19379,BE,1875.0,10.34,19379.0
2021-09-07,733.3,737.0,723.3,727.1,23002,BE,1843.0,12.48,23002.0
2021-09-08,726.65,736.65,723.3,734.35,10058,BE,1178.0,8.54,10058.0
2021-09-09,733.3,741.4,730.0,733.95,13186,BE,1679.0,7.85,13186.0
2021-09-13,736.3,739.0,728.4,731.25,17653,BE,2344.0,7.53,17653.0
2021-09-14,733.65,751.65,733.65,746.0,146564,BE,3153.0,46.48,146564.0
2021-09-15,758.3,783.0,757.3,782.95,51261,BE,4880.0,10.5,51261.0
2021-09-16,819.0,819.0,763.65,775.75,44402,BE,5604.0,7.92,44402.0
2021-09-17,776.65,811.0,756.3,803.5,97915,BE,8522.0,11.49,97915.0
2021-09-20,795.0,795.0,766.65,771.0,47894,EQ,6742.0,7.1,35426.0
2021-09-21,770.0,781.5,750.0,763.0,41418,EQ,6476.0,6.4,32392.0
2021-09-22,763.65,770.6,754.1,762.6,112513,EQ,5199.0,21.64,104211.0
2021-09-23,770.65,773.2,755.3,764.05,81871,EQ,6581.0,12.44,70988.0
2021-09-24,764.05,783.65,753.35,760.25,55861,EQ,8085.0,6.91,36151.0
2021-09-27,762.9,770.0,754.6,757.9,94427,EQ,9040.0,10.45,83443.0
2021-09-28,757.9,761.25,750.0,752.65,38830,EQ,5913.0,6.57,30504.0
2021-09-29,726.3,735.0,724.65,731.9,41090,EQ,3678.0,11.17,32022.0
2021-09-30,733.3,734.0,713.3,721.35,55964,EQ,3741.0,14.96,46466.0
2021-10-01,710.4,738.0,708.0,735.45,64601,EQ,6079.0,10.63,54120.0
2021-10-04,733.0,749.65,723.3,737.6,38141,EQ,4942.0,7.72,27496.0
2021-10-05,743.0,751.9,740.4,745.5,31437,EQ,4451.0,7.06,25527.0
2021-10-06,748.65,752.65,733.3,739.0,34306,EQ,2946.0,11.64,27139.0
2021-10-07,743.3,756.4,725.0,729.8,64859,EQ,2836.0,22.87,59659.0
2021-10-08,736.15,765.9,734.3,753.75,77705,EQ,3230.0,24.06,66105.0
2021-10-11,760.0,788.3,750.0,776.9,72159,EQ,8103.0,8.91,32648.0
2021-10-12,789.65,789.65,751.65,757.2,28859,EQ,4477.0,6.45,18945.0
2021-10-13,754.2,773.15,744.3,749.0,58970,EQ,3493.0,16.88,51964.0
2021-10-14,758.0,774.0,750.55,766.7,104451,EQ,4064.0,25.7,97286.0
2021-10-18,772.0,789.65,753.65,758.2,50653,EQ,8077.0,6.27,35302.0
2021-10-19,770.0,770.0,736.85,745.5,69153,EQ,4977.0,13.89,61030.0
2021-10-20,745.5,750.5,723.3,731.5,22449,EQ,3994.0,5.62,14035.0
2021-10-21,724.65,732.6,678.3,683.25,44210,EQ,7104.0,6.22,31566.0
2021-10-22,699.3,713.2,678.25,683.1,25413,EQ,4647.0,5.47,16700.0
2021-10-25,683.1,686.2,585.2,653.4,64372,EQ,10268.0,6.27,39468.0
2021-10-26,653.05,685.6,650.35,678.5,60502,EQ,6283.0,9.63,49955.0
2021-10-27,683.9,773.6,678.5,737.7,126347,EQ,13172.0,9.59,66347.0
2021-10-28,756.0,756.0,720.4,729.8,59015,EQ,7215.0,8.18,44010.0
2021-10-29,723.3,747.4,717.0,726.8,47146,EQ,7429.0,6.35,37534.0
2021-11-01,711.65,740.0,711.65,729.1,80022,EQ,12867.0,6.22,61098.0
2021-11-02,734.0,743.0,705.3,715.6,61776,EQ,4199.0,14.71,51882.0
2021-11-03,790.0,823.3,768.3,780.9,326893,EQ,32246.0,10.14,133541.0
2021-11-04,785.0,805.0,785.0,794.6,24588,EQ,32246.0,0.76,133541.0
2021-11-08,803.6,817.0,780.9,787.0,70264,EQ,8754.0,8.03,37929.0
2021-11-09,788.9,803.0,783.3,793.2,60084,EQ,7228.0,8.31,39202.0
2021-11-10,784.8,803.15,776.65,800.0,98559,EQ,9260.0,10.64,75725.0
2021-11-11,798.3,803.3,785.1,791.15,30202,EQ,5474.0,5.52,19890.0
2021-11-12,796.6,796.6,783.1,789.1,43492,EQ,8259.0,5.27,29557.0
2021-11-15,799.3,833.3,795.0,822.1,121441,EQ,13100.0,9.27,64449.0
2021-11-16,833.3,838.15,825.85,829.1,42670,EQ,5993.0,7.12,24305.0
2021-11-17,833.0,873.6,784.0,803.1,85009,EQ,11536.0,7.37,43186.0
2021-11-18,800.3,815.6,768.1,800.9,46951,EQ,7033.0,6.68,22913.0
2021-11-22,820.0,820.0,768.0,776.3,49172,EQ,10226.0,4.81,26185.0
2021-11-23,780.0,789.5,741.0,766.0,43965,EQ,9370.0,4.69,26707.0
2021-11-24,784.65,789.3,753.65,765.1,47582,EQ,10614.0,4.48,28940.0
2021-11-25,765.0,783.3,765.0,777.4,44432,EQ,7828.0,5.68,21834.0
2021-11-26,764.65,783.3,764.65,768.55,33750,EQ,8970.0,3.76,21023.0
2021-11-29,756.65,761.6,701.15,719.4,47505,EQ,9985.0,4.76,29520.0
2021-11-30,716.65,778.3,676.0,729.4,388459,EQ,38680.0,10.04,313607.0
2021-12-01,716.65,735.0,702.9,714.25,117186,EQ,13347.0,8.78,59254.0
2021-12-02,729.0,731.5,691.65,709.8,35242,EQ,5226.0,6.74,18444.0
2021-12-03,710.0,724.4,708.3,710.15,41425,EQ,6385.0,6.49,26089.0
2021-12-06,721.65,725.0,670.35,695.2,34194,EQ,4940.0,6.92,15742.0
2021-12-07,700.0,711.65,672.0,707.0,73166,EQ,10347.0,7.07,47660.0
2021-12-08,708.0,716.65,700.0,703.0,40331,EQ,5486.0,7.35,23866.0
2021-12-09,707.3,735.0,695.0,732.15,61455,EQ,9873.0,6.22,39734.0
2021-12-10,740.5,740.5,714.7,718.7,29712,EQ,4465.0,6.65,17950.0
2021-12-13,716.65,725.1,707.95,713.0,123045,EQ,5099.0,24.13,104553.0
2021-12-14,713.25,755.3,710.0,739.05,69910,EQ,8949.0,7.81,34262.0
2021-12-15,743.7,750.0,731.7,743.95,114085,EQ,4118.0,27.7,102698.0
2021-12-16,750.65,758.3,740.0,747.9,62241,EQ,5747.0,10.83,35827.0
2021-12-17,755.3,760.0,744.9,753.95,31847,EQ,4035.0,7.89,20957.0
2021-12-20,753.95,753.95,738.3,745.1,37404,EQ,5657.0,6.61,23849.0
2021-12-21,748.2,762.0,748.2,750.9,28340,EQ,5339.0,5.31,20106.0
2021-12-22,750.9,783.65,750.6,766.4,86979,EQ,10897.0,7.98,46521.0
2021-12-23,770.75,774.7,760.0,763.8,17961,EQ,2684.0,6.69,10659.0
2021-12-24,779.0,803.3,778.8,786.35,64150,EQ,8010.0,8.01,26425.0
2021-12-27,792.4,799.9,779.65,789.75,50939,EQ,6304.0,8.08,28531.0
2021-12-28,799.9,849.15,796.4,830.45,151272,EQ,16858.0,8.97,69629.0
2021-12-29,833.3,859.8,796.7,809.6,191763,EQ,11356.0,16.89,137892.0
2021-12-30,810.8,827.0,800.4,812.35,34925,EQ,4717.0,7.4,15263.0
2021-12-31,817.75,880.65,817.2,870.65,166200,EQ,18630.0,8.92,60331.0
2022-01-03,905.0,984.3,888.3,929.1,848162,EQ,83013.0,10.22,126257.0
2022-01-04,935.0,950.0,910.65,926.8,214055,EQ,30160.0,7.1,44719.0
2022-01-05,930.9,975.65,923.3,938.2,228368,EQ,33731.0,6.77,48389.0
2022-01-06,928.65,936.6,911.7,921.95,116125,EQ,16336.0,7.11,50670.0
2022-01-07,929.75,930.0,896.7,902.8,77809,EQ,11793.0,6.6,43154.0
2022-01-10,933.3,956.3,918.3,927.75,156335,EQ,24484.0,6.39,63872.0
2022-01-11,935.65,959.4,921.65,944.4,149945,EQ,20042.0,7.48,69432.0
2022-01-12,954.6,960.3,943.3,949.0,80827,EQ,12943.0,6.24,36886.0
2022-01-13,956.4,990.0,938.3,970.75,174061,EQ,18797.0,9.26,65284.0
2022-01-14,973.6,973.6,940.35,950.25,122029,EQ,17789.0,6.86,77331.0
2022-01-17,950.0,978.3,946.7,968.3,62568,EQ,7628.0,8.2,26371.0
2022-01-18,975.65,975.65,923.65,939.1,143875,EQ,18892.0,7.62,76254.0
2022-01-19,940.0,944.65,911.65,925.8,73628,EQ,10978.0,6.71,36490.0
2022-01-20,925.65,941.9,895.1,899.65,67605,EQ,10077.0,6.71,37584.0
2022-01-21,899.65,901.1,835.0,854.45,97793,EQ,17118.0,5.71,46856.0
2022-01-24,859.4,931.4,790.0,804.3,275364,EQ,24546.0,11.22,192506.0
2022-01-25,805.0,861.0,783.3,826.4,197024,EQ,26380.0,7.47,105433.0
2022-01-27,816.65,824.3,784.0,791.4,50890,EQ,8626.0,5.9,20607.0
2022-01-28,781.15,816.3,767.15,772.2,75275,EQ,9441.0,7.97,33401.0
2022-01-31,772.0,795.1,751.9,783.95,112465,EQ,18293.0,6.15,37703.0
2022-02-01,804.6,823.0,792.9,816.65,64417,EQ,9010.0,7.15,28702.0
2022-02-02,826.6,841.15,824.15,830.6,39005,EQ,5636.0,6.92,15813.0
2022-02-03,850.0,858.3,803.7,814.1,95608,EQ,11615.0,8.23,33221.0
2022-02-04,819.0,821.9,809.65,817.75,34343,EQ,5156.0,6.66,14122.0
2022-02-07,817.75,829.6,806.65,815.25,44223,EQ,6736.0,6.57,22053.0
2022-02-08,806.65,822.1,783.2,788.2,38337,EQ,6093.0,6.29,13518.0
2022-02-09,793.7,803.3,772.65,777.9,35616,EQ,7405.0,4.81,15631.0
2022-02-10,785.75,792.9,781.6,788.25,50130,EQ,4948.0,10.13,29516.0
2022-02-11,785.0,796.6,783.15,791.2,61625,EQ,5412.0,11.39,43129.0
2022-02-14,760.5,781.65,755.0,765.3,41966,EQ,7296.0,5.75,20305.0
2022-02-15,780.0,793.15,733.7,784.9,58828,EQ,13456.0,4.37,26388.0
2022-02-16,793.0,793.0,767.4,777.0,33529,EQ,6155.0,5.45,18684.0
2022-02-17,782.0,782.0,746.65,751.8,57678,EQ,8880.0,6.5,27648.0
2022-02-18,756.4,756.4,733.7,737.15,26074,EQ,3708.0,7.03,11486.0
2022-02-21,717.65,728.75,703.3,712.65,62256,EQ,10746.0,5.79,30082.0
2022-02-22,700.4,733.0,691.0,702.1,95322,EQ,13022.0,7.32,45325.0
2022-02-23,708.0,743.15,708.0,739.0,71328,EQ,9806.0,7.27,35214.0
2022-02-24,726.65,736.4,684.3,711.1,70169,EQ,10299.0,6.81,34644.0
2022-02-25,711.1,744.0,711.1,730.15,39613,EQ,5680.0,6.97,19853.0
2022-02-28,732.4,732.4,700.65,716.9,53839,EQ,7673.0,7.02,29379.0
2022-03-02,717.0,732.6,707.0,710.0,28893,EQ,6080.0,4.75,15517.0
2022-03-03,716.4,731.2,711.9,724.5,32875,EQ,4394.0,7.48,15283.0
2022-03-04,721.3,755.9,713.9,747.25,82023,EQ,12709.0,6.45,39433.0
2022-03-07,725.1,795.0,720.65,775.2,101364,EQ,,,
2022-03-08,768.7,816.6,768.7,801.4,96981,EQ,14304.0,6.78,41691.0
2022-03-09,805.0,839.65,805.0,825.9,63460,EQ,8565.0,7.41,23886.0
2022-03-10,838.0,847.3,812.5,819.05,58975,EQ,12497.0,4.72,31959.0
2022-03-11,810.1,850.0,806.65,836.5,112686,EQ,9552.0,11.8,75833.0
2022-03-14,838.75,850.0,806.6,818.1,76854,EQ,7033.0,10.93,49994.0
2022-03-15,820.65,831.8,802.3,813.9,63096,EQ,7233.0,8.72,45965.0
2022-03-16,820.0,826.15,800.15,806.0,19590,EQ,2308.0,8.49,10553.0
2022-03-17,818.1,818.1,771.3,776.65,46096,EQ,6180.0,7.46,26557.0
2022-03-21,778.0,785.75,763.3,768.8,28864,EQ,4894.0,5.9,14747.0
2022-03-22,767.0,798.3,767.0,788.85,43738,EQ,7771.0,5.63,20886.0
2022-03-23,792.0,809.65,783.3,786.7,28559,EQ,4121.0,6.93,10932.0
2022-03-24,785.0,797.9,754.5,783.25,114113,EQ,9339.0,12.22,74638.0
2022-03-25,795.0,795.0,763.65,766.7,42110,EQ,5801.0,7.26,26077.0
2022-03-28,755.65,766.3,740.65,749.3,42319,EQ,5864.0,7.22,23404.0
2022-03-29,758.25,776.3,741.0,769.9,79913,EQ,10629.0,7.52,44353.0
2022-03-30,776.3,786.3,766.65,776.4,47532,EQ,3856.0,12.33,34404.0
2022-03-31,781.9,800.0,768.25,790.4,75393,EQ,10432.0,7.23,33620.0
2022-04-01,802.65,802.65,777.2,785.65,53769,EQ,3943.0,13.64,40354.0
2022-04-04,794.65,799.3,784.65,795.0,31341,EQ,3138.0,9.99,21243.0
2022-04-05,789.3,813.2,788.3,805.5,61658,EQ,6213.0,9.92,39878.0
2022-04-06,803.25,841.0,803.25,831.05,73236,EQ,9767.0,7.5,28595.0
2022-04-07,843.5,851.3,819.8,830.1,50060,EQ,8639.0,5.79,20361.0
2022-04-08,827.3,845.0,817.0,839.35,23908,EQ,4722.0,5.06,10353.0
2022-04-11,847.1,848.2,804.0,812.9,30649,EQ,4969.0,6.17,16232.0
2022-04-12,813.0,813.0,782.65,786.9,28677,EQ,4877.0,5.88,13228.0
2022-04-13,792.3,806.65,790.95,801.4,15165,EQ,2756.0,5.5,6991.0
2022-04-18,797.65,797.8,783.3,789.4,41174,EQ,4745.0,8.68,25722.0
2022-04-19,785.0,833.0,783.6,808.65,63785,EQ,12680.0,5.03,30316.0
2022-04-20,813.65,816.0,777.55,809.15,94285,EQ,12265.0,7.69,60757.0
2022-04-21,813.3,820.4,801.4,811.1,26829,EQ,4807.0,5.58,14204.0
2022-04-22,810.65,818.75,785.0,787.05,42496,EQ,5405.0,7.86,32298.0
2022-04-25,783.65,799.25,771.0,778.4,22103,EQ,3405.0,6.49,9816.0
2022-04-26,783.3,797.65,778.65,793.5,30857,EQ,6992.0,4.41,16485.0
2022-04-27,787.3,793.3,763.3,790.15,17888,EQ,2084.0,8.58,9296.0
2022-04-28,790.0,830.0,789.2,810.85,39510,EQ,4726.0,8.36,13797.0
2022-04-29,817.75,817.75,796.65,802.6,18907,EQ,2739.0,6.9,10087.0
2022-05-02,796.0,799.3,773.8,786.0,20827,EQ,5044.0,4.13,8147.0
2022-05-04,783.65,788.6,753.3,761.2,39000,EQ,6196.0,6.29,18466.0
2022-05-05,761.65,785.9,757.5,771.65,19181,EQ,4112.0,4.66,8082.0
2022-05-06,763.65,763.65,737.5,747.9,16211,EQ,3951.0,4.1,6475.0
2022-05-09,739.75,744.75,720.0,729.0,19521,EQ,3809.0,5.12,8221.0
2022-05-10,724.0,740.9,700.0,708.9,22154,EQ,4246.0,5.22,10295.0
2022-05-12,688.4,716.65,675.9,701.9,38241,EQ,8856.0,4.32,15084.0
2022-05-13,715.65,729.65,700.4,707.5,18956,EQ,3459.0,5.48,8345.0
2022-05-16,714.0,733.3,708.4,729.4,18870,EQ,4545.0,4.15,9048.0
2022-05-17,733.3,747.5,726.65,744.7,11592,EQ,2756.0,4.21,4892.0
2022-05-18,749.0,757.6,717.05,723.8,14091,EQ,3375.0,4.18,7823.0
2022-05-19,708.4,716.6,698.3,712.1,30177,EQ,7433.0,4.06,19423.0
2022-05-20,713.7,735.0,713.7,731.0,43163,EQ,7062.0,6.11,35178.0
2022-05-23,734.3,745.0,722.0,724.6,13834,EQ,3638.0,3.8,7083.0
2022-05-24,733.0,786.0,727.1,736.9,98789,EQ,18170.0,5.44,22161.0
2022-05-25,740.0,755.6,690.05,697.1,60297,EQ,8614.0,7.0,33896.0
2022-05-26,695.0,707.5,658.4,679.25,51637,EQ,8237.0,6.27,30564.0
2022-05-27,663.3,690.4,638.5,684.9,99145,EQ,20646.0,4.8,44382.0
2022-05-30,688.3,711.65,683.3,705.8,67931,EQ,10609.0,6.4,40233.0
2022-05-31,705.3,705.3,672.0,677.6,56911,EQ,8533.0,6.67,28139.0
2022-06-01,678.0,726.75,663.65,711.2,87011,EQ,16848.0,5.16,29820.0
2022-06-02,703.65,719.0,698.3,703.25,31342,EQ,5228.0,6.0,14640.0
2022-06-03,711.4,718.3,702.05,709.9,25410,EQ,3747.0,6.78,11807.0
2022-06-06,700.0,710.65,693.7,703.2,17741,EQ,3485.0,5.09,8347.0
2022-06-07,700.35,708.75,695.3,700.4,18546,EQ,2489.0,7.45,10850.0
2022-06-08,706.4,709.65,695.65,705.65,12331,EQ,2373.0,5.2,6744.0
2022-06-09,704.65,710.3,698.25,708.1,8275,EQ,1776.0,4.66,4148.0
2022-06-10,706.3,708.4,700.0,706.3,10126,EQ,1641.0,6.17,5554.0
2022-06-13,706.3,706.3,681.9,685.25,29089,EQ,6164.0,4.72,14456.0
2022-06-14,688.3,701.9,677.3,681.6,16115,EQ,2910.0,5.54,8973.0
2022-06-15,674.5,701.8,674.5,691.8,35392,EQ,3369.0,10.51,26106.0
2022-06-16,693.0,697.15,624.3,639.0,126089,EQ,20637.0,6.11,63051.0
2022-06-17,646.65,649.95,611.3,627.1,39852,EQ,8735.0,4.56,16416.0
2022-06-20,633.25,634.3,623.25,627.1,55045,EQ,10732.0,5.13,37074.0
2022-06-21,627.3,634.0,622.65,626.1,33195,EQ,5976.0,5.55,19008.0
2022-06-22,630.0,646.65,620.3,628.15,63902,EQ,12442.0,5.14,37906.0
2022-06-23,629.65,642.8,629.65,638.1,28424,EQ,4921.0,5.78,15123.0
2022-06-24,643.65,659.5,636.3,641.15,31759,EQ,4207.0,7.55,15521.0
2022-06-27,648.1,666.65,648.0,664.4,17033,EQ,3601.0,4.73,8462.0
2022-06-28,657.0,662.6,635.0,644.5,29302,EQ,4150.0,7.06,16278.0
2022-06-29,634.0,661.6,634.0,641.15,28597,EQ,3983.0,7.18,15178.0
2022-06-30,635.1,650.65,635.1,640.1,34728,EQ,3094.0,11.22,25009.0
2022-07-01,640.1,640.1,629.6,635.0,12475,EQ,2082.0,5.99,6782.0
2022-07-04,643.0,645.95,633.3,635.65,30371,EQ,2887.0,10.52,23998.0
2022-07-05,641.1,661.6,637.0,651.1,24817,EQ,3126.0,7.94,12838.0
2022-07-06,659.3,662.5,650.0,659.9,10551,EQ,1887.0,5.59,7412.0
2022-07-07,663.0,679.6,662.2,676.7,12175,EQ,2752.0,4.42,6293.0
2022-07-08,685.65,690.0,680.0,687.15,16145,EQ,2172.0,7.43,9633.0
2022-07-11,680.7,690.25,672.3,676.9,29751,EQ,3514.0,8.47,22402.0
2022-07-12,682.0,694.1,675.9,684.75,15452,EQ,2355.0,6.56,9331.0
2022-07-13,692.65,692.65,681.1,688.7,8259,EQ,1452.0,5.69,5835.0
2022-07-14,689.3,697.9,677.0,691.65,23438,EQ,4528.0,5.18,10926.0
2022-07-15,691.0,711.65,683.3,708.8,42289,EQ,6640.0,6.37,20877.0
2022-07-18,710.0,716.3,697.6,703.7,27507,EQ,5337.0,5.15,8242.0
2022-07-19,703.25,717.6,698.9,713.0,10576,EQ,2845.0,3.72,6774.0
2022-07-20,718.3,740.0,710.3,729.0,21164,EQ,4439.0,4.77,9150.0
2022-07-21,731.65,765.0,731.65,742.5,40570,EQ,9416.0,4.31,17247.0
2022-07-22,746.2,752.3,727.3,742.0,21484,EQ,4258.0,5.05,9403.0
2022-07-25,740.2,741.9,725.15,729.15,5778,EQ,1939.0,2.98,3378.0
2022-07-26,730.0,732.8,707.0,710.9,14429,EQ,2534.0,5.69,8129.0
2022-07-27,710.0,716.65,704.5,708.3,12300,EQ,2345.0,5.25,6345.0
2022-07-28,713.0,720.0,700.4,702.65,27183,EQ,4321.0,6.29,15705.0
2022-07-29,706.4,731.65,706.25,724.7,33579,EQ,9053.0,3.71,18821.0
2022-08-01,731.0,731.0,722.0,724.1,16076,EQ,3370.0,4.77,10939.0
2022-08-02,724.0,737.65,724.0,732.1,26736,EQ,3995.0,6.69,17025.0
2022-08-03,792.0,838.65,754.0,763.5,599572,EQ,74451.0,8.05,142378.0
2022-08-04,768.3,780.0,754.0,761.2,66307,EQ,10313.0,6.43,25026.0
2022-08-05,769.4,769.4,754.0,758.4,34348,EQ,5111.0,6.72,14676.0
2022-08-08,766.3,779.65,761.3,768.15,50313,EQ,,,
2022-08-10,756.65,758.6,710.0,714.65,138255,EQ,14951.0,9.25,80535.0
2022-08-11,723.0,729.3,715.3,720.9,159765,EQ,7413.0,21.55,129144.0
2022-08-12,721.0,743.9,716.1,737.4,49226,EQ,7198.0,6.84,24823.0
2022-08-16,744.8,748.3,735.0,739.85,22769,EQ,4547.0,5.01,11987.0
2022-08-17,733.65,746.65,733.5,745.05,34106,EQ,4212.0,8.1,25158.0
2022-08-18,744.9,758.35,735.0,751.15,45933,EQ,8371.0,5.49,30785.0
2022-08-19,752.65,765.0,746.7,751.5,27216,EQ,5981.0,4.55,13544.0
2022-08-22,746.65,746.65,735.45,743.4,19525,EQ,2635.0,7.41,13640.0
2022-08-23,738.3,750.0,730.6,743.45,23132,EQ,4225.0,5.48,12187.0
2022-08-24,746.3,756.0,743.5,750.4,15067,EQ,3153.0,4.78,8751.0
2022-08-25,736.65,745.6,731.7,734.6,77889,EQ,9400.0,8.29,56133.0
2022-08-26,740.75,742.65,732.0,733.25,18262,EQ,2669.0,6.84,12482.0
2022-08-29,722.65,730.0,714.65,716.3,36321,EQ,3853.0,9.43,25567.0
2022-08-30,716.3,727.0,700.0,702.0,47323,EQ,7101.0,6.66,29765.0
2022-09-01,703.3,714.0,695.0,707.25,28229,EQ,4144.0,6.81,12500.0
2022-09-02,712.0,725.0,704.2,717.1,27513,EQ,4718.0,5.83,11163.0
2022-09-05,717.1,724.3,710.4,719.7,18826,EQ,4583.0,4.11,10545.0
2022-09-06,722.65,723.3,709.4,715.65,21966,EQ,3248.0,6.76,12256.0
2022-09-07,710.65,729.25,710.65,725.1,17936,EQ,2841.0,6.31,11816.0
2022-09-08,725.3,742.0,723.45,738.5,21989,EQ,3720.0,5.91,11434.0
2022-09-09,743.3,750.0,733.75,742.4,22530,EQ,4220.0,5.34,12209.0
2022-09-12,743.65,758.35,740.0,743.65,37718,EQ,4760.0,7.92,23724.0
2022-09-13,761.6,790.0,758.6,770.1,130378,EQ,14014.0,9.3,41773.0
2022-09-14,760.0,776.3,757.4,769.8,36298,EQ,4068.0,8.92,19684.0
2022-09-15,771.65,776.3,763.3,767.8,27632,EQ,4103.0,6.73,15278.0
2022-09-16,771.3,774.6,737.0,746.9,46183,EQ,7493.0,6.16,28520.0
2022-09-19,746.3,747.4,710.8,716.2,56118,EQ,9727.0,5.77,33842.0
2022-09-20,723.0,739.5,711.0,724.5,40301,EQ,6013.0,6.7,20235.0
2022-09-21,764.5,772.5,756.0,761.55,181614,EQ,8377.0,21.68,115019.0
2022-09-22,759.5,761.0,728.3,746.4,48934,EQ,8301.0,5.89,12319.0
2022-09-23,746.4,749.55,731.3,736.5,15309,EQ,2994.0,5.11,5914.0
2022-09-26,737.0,747.5,712.5,734.5,45444,EQ,10769.0,4.22,20984.0
2022-09-27,744.5,750.0,729.65,745.7,28631,EQ,6777.0,4.22,15209.0
2022-09-28,745.0,745.0,725.0,727.95,15629,EQ,2950.0,5.3,6996.0
2022-09-29,734.5,740.0,720.0,727.0,14140,EQ,3118.0,4.53,7514.0
2022-09-30,725.0,727.15,710.0,712.4,36077,EQ,7088.0,5.09,23681.0
2022-10-03,712.0,717.7,686.0,696.25,20476,EQ,4348.0,4.71,8779.0
2022-10-04,701.0,709.5,688.95,696.4,31963,EQ,11411.0,2.8,14203.0
2022-10-06,699.5,719.9,696.4,711.9,60308,EQ,11502.0,5.24,46522.0
2022-10-07,710.5,750.0,696.9,730.3,137881,EQ,11894.0,11.59,68048.0
2022-10-10,722.5,723.05,710.0,714.2,15815,EQ,4136.0,3.82,7729.0
2022-10-11,717.5,717.8,675.05,680.75,38394,EQ,6918.0,5.55,19774.0
2022-10-12,684.15,688.85,667.5,674.65,35105,EQ,7054.0,4.98,19618.0
2022-10-13,674.95,677.45,650.5,658.65,30759,EQ,4978.0,6.18,14839.0
2022-10-14,662.5,669.7,649.5,655.2,51122,EQ,5763.0,8.87,31678.0
2022-10-17,655.0,661.5,650.5,655.25,20799,EQ,2920.0,7.12,13699.0
2022-10-18,656.5,665.0,650.5,656.2,20329,EQ,4938.0,4.12,8010.0
2022-10-19,656.2,656.2,642.0,647.2,28272,EQ,5217.0,5.42,9850.0
2022-10-20,646.9,661.5,636.0,639.5,25159,EQ,3750.0,6.71,11958.0
2022-10-21,642.65,647.75,637.65,643.45,12660,EQ,2045.0,6.19,5213.0
2022-10-24,639.0,650.0,638.5,648.5,4155,EQ,670.0,6.2,2838.0
2022-10-25,651.7,656.5,643.4,649.95,14632,EQ,2010.0,7.28,9364.0
2022-10-27,650.5,655.25,638.0,642.6,36252,EQ,5595.0,6.48,27034.0
2022-10-28,635.5,640.65,627.0,636.15,11313,EQ,2485.0,4.55,6912.0
2022-10-31,637.5,663.0,636.1,659.85,31420,EQ,5522.0,5.69,16428.0
2022-11-01,663.15,674.5,656.0,665.5,33237,EQ,5015.0,6.63,16413.0
2022-11-02,665.0,665.0,648.4,655.75,56134,EQ,8553.0,6.56,43872.0
2022-11-03,646.5,666.7,646.5,660.5,21550,EQ,3393.0,6.35,9935.0
2022-11-04,682.5,699.95,668.75,674.6,127720,EQ,11186.0,11.42,38531.0
2022-11-07,680.0,681.0,666.5,670.1,17124,EQ,2887.0,5.93,8447.0
2022-11-09,679.95,687.5,662.85,682.0,24306,EQ,3155.0,7.7,12063.0
2022-11-10,682.45,689.4,675.0,687.15,40564,EQ,4749.0,8.54,25458.0
2022-11-11,714.95,747.45,696.0,701.3,457594,EQ,32450.0,14.1,165055.0
2022-11-14,704.5,717.15,699.2,710.25,58144,EQ,6824.0,8.52,17118.0
2022-11-15,704.5,716.75,704.5,710.9,21231,EQ,6824.0,3.11,17118.0
2022-11-16,722.5,734.25,715.25,719.15,67146,EQ,11421.0,5.88,27681.0
2022-11-17,717.5,724.5,707.5,712.2,29225,EQ,5486.0,5.33,16006.0
2022-11-18,712.0,719.0,695.5,699.55,34966,EQ,5109.0,6.84,23480.0
2022-11-21,703.0,706.6,695.5,699.7,59126,EQ,3701.0,15.98,51238.0
2022-11-22,702.3,710.5,697.6,700.4,28329,EQ,4913.0,5.77,15672.0
2022-11-23,702.55,710.5,702.15,705.7,15880,EQ,3023.0,5.25,8831.0
2022-11-24,707.45,719.4,707.05,715.95,57765,EQ,3812.0,15.15,42075.0
2022-11-25,717.5,734.45,713.5,714.5,76970,EQ,11502.0,6.69,48281.0
2022-11-28,718.25,731.5,715.0,728.75,137205,EQ,5978.0,22.95,111757.0
2022-11-29,732.4,741.5,710.5,713.15,57837,EQ,5477.0,10.56,34803.0
2022-11-30,716.9,728.75,716.9,724.15,42836,EQ,3324.0,12.89,25787.0
2022-12-01,728.95,734.5,720.55,723.7,50755,EQ,2547.0,19.93,36776.0
2022-12-02,727.0,735.5,723.05,725.0,44071,EQ,3006.0,14.66,33370.0
2022-12-05,732.0,736.75,717.5,719.7,30812,EQ,3313.0,9.3,20413.0
2022-12-06,720.0,723.45,707.0,709.0,37047,EQ,3589.0,10.32,26494.0
2022-12-07,712.7,712.7,704.0,704.35,26598,EQ,2672.0,9.95,16716.0
2022-12-08,705.0,712.5,700.6,704.9,58400,EQ,4607.0,12.68,41386.0
2022-12-09,705.05,707.5,693.8,696.5,33357,EQ,3474.0,9.6,23788.0
2022-12-12,695.5,701.45,695.0,697.7,18074,EQ,3570.0,5.06,11658.0
2022-12-13,710.9,710.9,688.85,690.7,38335,EQ,6446.0,5.95,24178.0
2022-12-14,694.3,700.0,692.9,698.8,20827,EQ,2878.0,7.24,11101.0
2022-12-15,707.45,709.0,686.25,689.35,161984,EQ,12369.0,13.1,70393.0
2022-12-16,690.5,691.6,688.35,689.45,37366,EQ,4095.0,9.12,27291.0
2022-12-19,693.3,693.3,678.5,680.1,29368,EQ,4907.0,5.98,18896.0
2022-12-20,682.45,682.45,669.0,669.95,41653,EQ,5598.0,7.44,29442.0
2022-12-21,672.5,685.5,670.5,676.7,69164,EQ,5373.0,12.87,52426.0
2022-12-22,680.5,698.0,675.65,692.65,50369,EQ,6877.0,7.32,23844.0
2022-12-23,691.5,693.5,677.0,684.05,46601,EQ,10915.0,4.27,27591.0
2022-12-26,652.95,683.95,610.5,665.2,118698,EQ,13301.0,8.92,33066.0
2022-12-27,664.5,668.0,652.55,657.75,32865,EQ,3020.0,10.88,15086.0
2022-12-28,652.05,655.0,646.8,648.75,22378,EQ,2661.0,8.41,12680.0
2022-12-29,648.5,648.75,636.0,638.75,28911,EQ,4295.0,6.73,17606.0
2022-12-30,641.5,645.85,636.8,639.65,18721,EQ,2897.0,6.46,10800.0
2023-01-02,640.5,648.35,635.0,638.3,16217,EQ,2084.0,7.78,7872.0
2023-01-03,639.0,648.0,638.5,639.25,15784,EQ,2086.0,7.57,9379.0
2023-01-04,639.0,641.4,634.9,637.1,19831,EQ,1993.0,9.95,13464.0
2023-01-05,642.5,642.5,632.5,637.5,18589,EQ,2711.0,6.86,13527.0
2023-01-06,635.0,639.5,630.0,634.25,13620,EQ,2902.0,4.69,7118.0
2023-01-09,637.6,652.2,630.5,646.8,76438,EQ,7813.0,9.78,37598.0
2023-01-10,645.0,672.5,635.65,669.1,37420,EQ,6078.0,6.16,17370.0
2023-01-11,668.0,710.0,660.4,699.5,261621,EQ,23111.0,11.32,40700.0
2023-01-12,699.5,707.5,682.6,704.45,44857,EQ,6041.0,7.43,16123.0
2023-01-13,698.75,707.5,690.75,701.9,25258,EQ,4839.0,5.22,9533.0
2023-01-16,701.9,706.5,692.0,702.9,33169,EQ,5616.0,5.91,10077.0
2023-01-17,709.95,709.95,691.5,701.0,19217,EQ,2954.0,6.51,6205.0
2023-01-18,701.0,715.5,700.05,711.6,20239,EQ,2727.0,7.42,9932.0
2023-01-19,708.6,717.5,701.6,714.55,17622,EQ,3726.0,4.73,9475.0
2023-01-20,718.3,718.3,695.5,699.35,24782,EQ,2809.0,8.82,16110.0
2023-01-23,697.5,698.9,683.0,693.2,19233,EQ,3189.0,6.03,9148.0
2023-01-24,696.85,714.4,695.0,707.15,31900,EQ,3369.0,9.47,16412.0
2023-01-25,709.45,720.0,704.0,715.95,26738,EQ,3722.0,7.18,16827.0
2023-01-27,719.0,722.4,695.5,703.4,36543,EQ,7657.0,4.77,19160.0
2023-01-30,704.5,722.5,704.5,711.3,38435,EQ,6306.0,6.09,19531.0
2023-01-31,708.0,739.7,708.0,726.3,37509,EQ,5622.0,6.67,20367.0
2023-02-01,730.0,744.0,725.8,732.75,120129,EQ,4869.0,24.67,94069.0
2023-02-02,732.0,741.0,718.25,726.4,23749,EQ,4163.0,5.7,11829.0
2023-02-03,740.0,766.0,737.75,747.95,225495,EQ,23700.0,9.51,78974.0
2023-02-06,752.5,777.15,741.1,752.2,113459,EQ,11395.0,9.96,68371.0
2023-02-07,752.5,764.0,746.25,756.2,77487,EQ,8236.0,9.41,51312.0
2023-02-08,759.95,764.0,740.1,744.2,78244,EQ,9674.0,8.09,52030.0
2023-02-09,737.45,752.5,726.0,735.1,92588,EQ,12210.0,7.58,53221.0
2023-02-10,730.5,748.45,729.7,737.6,47472,EQ,6393.0,7.43,25376.0
2023-02-13,745.25,747.8,731.15,739.7,71490,EQ,5971.0,11.97,38117.0
2023-02-14,743.9,743.9,730.6,737.1,19417,EQ,1963.0,9.89,12503.0
2023-02-15,736.95,737.45,696.85,703.0,111834,EQ,12590.0,8.88,65690.0
2023-02-16,708.9,737.5,703.0,735.8,58884,EQ,6918.0,8.51,21335.0
2023-02-17,738.0,738.1,722.85,728.5,27812,EQ,5011.0,5.55,11518.0
2023-02-20,728.5,732.25,710.5,717.75,59723,EQ,7599.0,7.86,30808.0
2023-02-21,724.1,735.0,708.2,728.4,16697,EQ,3678.0,4.54,5522.0
2023-02-22,724.5,733.0,712.1,729.65,29736,EQ,3964.0,7.5,14454.0
2023-02-23,729.5,749.0,717.5,742.2,56215,EQ,6880.0,8.17,22277.0
2023-02-24,737.5,754.95,726.0,731.5,62406,EQ,7791.0,8.01,37387.0
2023-02-27,723.3,723.3,706.8,712.25,43342,EQ,6425.0,6.75,23673.0
2023-02-28,715.0,722.0,692.6,697.4,42472,EQ,6448.0,6.59,23571.0
2023-03-01,700.3,712.0,695.3,705.4,33462,EQ,9339.0,3.58,17413.0
2023-03-02,709.1,726.5,707.2,723.2,31590,EQ,7282.0,4.34,18763.0
2023-03-03,734.5,734.5,712.5,715.3,35225,EQ,8542.0,4.12,17413.0
2023-03-06,722.9,734.4,712.65,717.3,49260,EQ,8789.0,5.6,26230.0
2023-03-08,717.5,724.0,712.9,721.05,24368,EQ,3995.0,6.1,14795.0
2023-03-09,715.0,722.0,697.9,698.8,39365,EQ,5655.0,6.96,19640.0
2023-03-10,702.4,760.5,674.0,742.4,257973,EQ,20490.0,12.59,120286.0
2023-03-13,747.5,749.5,710.0,713.9,83967,EQ,9499.0,8.84,45161.0
2023-03-14,713.9,717.0,691.5,704.65,36133,EQ,5802.0,6.23,13169.0
2023-03-15,707.5,714.5,697.5,706.1,25866,EQ,3469.0,7.46,12718.0
2023-03-16,701.0,704.0,686.0,694.1,30441,EQ,5068.0,6.01,14647.0
2023-03-17,699.5,700.0,682.8,689.4,22466,EQ,4447.0,5.05,11689.0
2023-03-20,690.0,699.5,671.45,679.15,50820,EQ,8305.0,6.12,27264.0
2023-03-21,684.5,715.3,669.95,698.25,141766,EQ,11636.0,12.18,58665.0
2023-03-22,698.0,702.5,687.5,693.0,60742,EQ,3781.0,16.07,47433.0
2023-03-23,692.8,693.1,675.05,677.6,37793,EQ,5861.0,6.45,21412.0
2023-03-24,682.5,682.5,653.6,660.65,85026,EQ,7263.0,11.71,53065.0
2023-03-27,664.95,680.55,663.6,670.35,90092,EQ,6430.0,14.01,59866.0
2023-03-28,669.5,679.0,646.05,654.65,39788,EQ,6426.0,6.19,19455.0
2023-03-29,648.15,656.5,643.1,649.4,63841,EQ,7560.0,8.44,39612.0
2023-03-31,659.5,662.0,639.0,645.2,50269,EQ,9380.0,5.36,26193.0
2023-04-03,645.2,658.65,645.2,651.8,14173,EQ,2815.0,5.03,5969.0
2023-04-05,652.4,681.65,647.65,677.2,55409,EQ,7737.0,7.16,25285.0
2023-04-06,677.2,679.45,663.0,670.5,39902,EQ,6215.0,6.42,21697.0
2023-04-10,671.0,687.0,665.4,674.1,16856,EQ,3343.0,5.04,9082.0
2023-04-11,675.4,680.0,671.0,672.35,12499,EQ,1956.0,6.39,8737.0
2023-04-12,668.55,680.0,665.6,671.25,42694,EQ,7763.0,5.5,32767.0
2023-04-13,671.25,675.0,663.0,669.1,70060,EQ,13415.0,5.22,55674.0
2023-04-17,660.9,666.5,651.4,657.3,43735,EQ,12478.0,3.5,24064.0
2023-04-18,657.1,657.5,639.0,644.3,67369,EQ,9039.0,7.45,43109.0
2023-04-19,649.35,665.0,640.5,644.1,80349,EQ,10916.0,7.36,25184.0
2023-04-20,644.5,648.7,636.0,638.3,36977,EQ,5435.0,6.8,17196.0
2023-04-21,643.15,661.95,641.25,659.3,87296,EQ,10302.0,8.47,31273.0
2023-04-24,655.0,674.25,654.5,664.5,36604,EQ,5469.0,6.69,14492.0
2023-04-25,664.5,666.5,650.0,653.45,191997,EQ,3812.0,50.37,179505.0
2023-04-26,658.75,680.0,654.0,673.2,73429,EQ,10633.0,6.91,27517.0
2023-04-27,679.9,679.9,660.0,670.3,29390,EQ,3766.0,7.8,14470.0
2023-04-28,673.45,680.4,663.2,677.75,28037,EQ,3223.0,8.7,14209.0
2023-05-02,682.3,691.9,679.9,687.1,36592,EQ,5626.0,6.5,19454.0
2023-05-03,688.5,697.5,685.0,687.15,33823,EQ,4540.0,7.45,15604.0
2023-05-04,685.05,692.5,682.6,689.9,19830,EQ,4439.0,4.47,10461.0
2023-05-05,700.0,700.0,685.0,695.4,25061,EQ,4511.0,5.56,14772.0
2023-05-08,695.4,704.25,692.65,696.25,12642,EQ,2895.0,4.37,5879.0
2023-05-09,696.4,703.4,675.5,677.1,44766,EQ,9066.0,4.94,27060.0
2023-05-10,680.7,680.7,664.5,673.7,27213,EQ,4526.0,6.01,13861.0
2023-05-11,674.55,682.5,670.0,671.1,24824,EQ,4920.0,5.05,14831.0
2023-05-12,671.2,673.8,655.75,660.1,45702,EQ,5949.0,7.68,25672.0
2023-05-15,659.95,664.95,657.5,663.25,69579,EQ,2879.0,24.17,59362.0
2023-05-16,663.25,673.45,658.55,667.3,89622,EQ,5537.0,16.19,68701.0
2023-05-17,667.4,680.45,667.4,676.75,26076,EQ,3533.0,7.38,12892.0
2023-05-18,677.4,690.0,675.5,688.65,27593,EQ,3172.0,8.7,15652.0
2023-05-19,689.5,700.0,680.5,697.35,31295,EQ,3125.0,10.01,21375.0
2023-05-22,700.85,721.4,696.75,714.25,65316,EQ,9064.0,7.21,25629.0
2023-05-23,712.5,732.5,712.0,728.1,50431,EQ,5422.0,9.3,27874.0
2023-05-24,732.5,765.0,721.45,740.4,101256,EQ,11124.0,9.1,42624.0
2023-05-25,744.5,747.5,702.6,705.6,48821,EQ,6101.0,8.0,21444.0
2023-05-26,710.0,774.5,710.0,769.15,761414,EQ,47883.0,15.9,124285.0
2023-05-29,776.5,838.5,760.5,806.3,944832,EQ,63188.0,14.95,113094.0
2023-05-30,808.0,824.9,791.05,808.5,187616,EQ,17554.0,10.69,32819.0
2023-05-31,806.75,832.5,786.3,814.85,226291,EQ,18388.0,12.31,96799.0
2023-06-01,817.0,822.0,802.0,803.95,58800,EQ,6803.0,8.64,23017.0
2023-06-02,807.5,820.0,792.95,806.4,62656,EQ,7276.0,8.61,23190.0
2023-06-05,812.0,860.0,802.6,857.4,336079,EQ,27826.0,12.08,94705.0
2023-06-06,857.5,879.0,847.5,855.2,167791,EQ,14606.0,11.49,48767.0
2023-06-07,862.5,870.0,840.5,842.45,89640,EQ,7388.0,12.13,47163.0
2023-06-08,842.45,858.5,834.8,852.1,64945,EQ,6678.0,9.73,21249.0
2023-06-09,858.75,859.6,847.1,856.45,33461,EQ,3896.0,8.59,16329.0
2023-06-12,857.0,861.0,850.0,857.1,41700,EQ,3861.0,10.8,27892.0
2023-06-13,858.75,867.5,825.5,834.3,84463,EQ,5269.0,16.03,59540.0
2023-06-14,833.0,849.5,795.0,799.5,126919,EQ,12347.0,10.28,63076.0
2023-06-15,804.5,820.0,800.0,816.25,102466,EQ,12077.0,8.48,53125.0
2023-06-16,818.55,840.5,818.55,829.6,89719,EQ,6820.0,13.16,49996.0
2023-06-19,835.0,899.0,835.0,890.0,628919,EQ,41139.0,15.29,184972.0
2023-06-20,891.0,910.0,865.2,881.3,362934,EQ,26442.0,13.73,160825.0
2023-06-21,884.7,892.5,862.0,866.7,121528,EQ,11315.0,10.74,66311.0
2023-06-22,875.0,887.5,858.5,876.15,160595,EQ,12745.0,12.6,78964.0
2023-06-23,878.5,878.5,843.05,847.0,46381,EQ,5390.0,8.61,21559.0
2023-06-26,847.5,880.0,847.0,868.3,111332,EQ,8838.0,12.6,64604.0
2023-06-27,872.3,872.9,840.8,846.55,119067,EQ,13917.0,8.56,47614.0
2023-06-28,854.9,860.0,840.5,843.95,109241,EQ,8171.0,13.37,80498.0
2023-06-30,848.4,873.8,805.5,812.5,140365,EQ,12237.0,11.47,68257.0
2023-07-03,820.9,828.65,799.0,821.9,133366,EQ,13670.0,9.76,63948.0
2023-07-04,830.0,830.0,812.55,820.6,48001,EQ,6542.0,7.34,23758.0
2023-07-05,824.5,827.3,805.5,807.55,50279,EQ,7853.0,6.4,27216.0
2023-07-06,808.5,845.0,800.5,838.7,180720,EQ,13181.0,13.71,94506.0
2023-07-07,842.0,849.9,812.5,846.2,65872,EQ,9288.0,7.09,27817.0
2023-07-10,849.5,882.0,835.7,876.5,158285,EQ,13667.0,11.58,93986.0
2023-07-11,881.0,895.0,875.65,886.1,98331,EQ,10925.0,9.0,55354.0
2023-07-12,886.1,886.1,864.05,871.35,74412,EQ,8894.0,8.37,44249.0
2023-07-13,872.7,876.9,843.5,849.0,64333,EQ,6847.0,9.4,33829.0
2023-07-14,857.0,871.35,852.5,865.85,95997,EQ,21918.0,4.38,52875.0
2023-07-17,869.5,921.0,868.2,913.85,253869,EQ,19840.0,12.8,70545.0
2023-07-18,915.0,926.2,897.5,904.9,104399,EQ,9487.0,11.0,36889.0
2023-07-19,913.4,913.4,884.0,895.7,58586,EQ,8460.0,6.93,21948.0
2023-07-20,895.0,902.6,879.6,882.3,39123,EQ,5397.0,7.25,19565.0
2023-07-21,874.25,890.0,870.0,884.5,46454,EQ,5986.0,7.76,20833.0
2023-07-24,884.5,902.5,870.15,887.6,64114,EQ,7882.0,8.13,24595.0
2023-07-25,888.95,888.95,860.9,864.5,31867,EQ,4886.0,6.52,18821.0
2023-07-26,865.0,869.05,840.5,848.4,38834,EQ,5737.0,6.77,19117.0
2023-07-27,851.55,859.8,816.05,825.0,56051,EQ,8409.0,6.67,29484.0
2023-07-28,833.3,865.0,831.45,856.35,92404,EQ,11639.0,7.94,20346.0
2023-07-31,861.5,877.5,850.5,859.65,37625,EQ,7129.0,5.28,15471.0
2023-08-01,864.7,867.5,853.3,858.4,18264,EQ,3219.0,5.67,8250.0
2023-08-02,858.4,863.5,832.5,851.8,23938,EQ,4132.0,5.79,10453.0
2023-08-03,850.0,863.5,839.0,860.1,27276,EQ,3919.0,6.96,13881.0
2023-08-04,864.1,872.25,846.1,851.0,32011,EQ,4984.0,6.42,17821.0
2023-08-07,852.5,889.95,851.0,880.6,75920,EQ,9380.0,8.09,26150.0
2023-08-08,883.5,887.45,870.5,885.25,35799,EQ,5554.0,6.45,16943.0
2023-08-09,885.3,887.7,875.0,883.7,48688,EQ,6395.0,7.61,31394.0
2023-08-10,870.0,878.75,854.15,871.65,89990,EQ,9174.0,9.81,51024.0
2023-08-11,865.0,865.0,843.7,854.7,157810,EQ,12506.0,12.62,113960.0
2023-08-14,854.7,855.3,830.0,849.35,47404,EQ,7697.0,6.16,19600.0
2023-08-16,847.5,849.1,814.5,821.4,58672,EQ,6738.0,8.71,31577.0
2023-08-17,825.7,833.0,808.5,825.1,58046,EQ,5623.0,10.32,36068.0
2023-08-18,824.15,829.25,813.6,823.8,21093,EQ,3268.0,6.45,10178.0
2023-08-21,823.8,826.0,812.5,814.1,41059,EQ,5315.0,7.73,27316.0
2023-08-22,824.0,824.0,806.45,808.5,25372,EQ,3351.0,7.57,14211.0
2023-08-23,812.0,816.9,800.5,804.6,39895,EQ,7529.0,5.3,25013.0
2023-08-24,804.6,826.3,798.8,800.5,66209,EQ,6913.0,9.58,41863.0
2023-08-25,791.3,819.5,791.0,800.75,109717,EQ,9536.0,11.51,65978.0
2023-08-28,812.5,818.5,801.15,809.1,42313,EQ,8132.0,5.2,22851.0
2023-08-29,809.1,817.65,803.05,815.7,72786,EQ,6212.0,11.72,59553.0
2023-08-30,819.7,831.5,813.3,824.5,39673,EQ,7554.0,5.25,20741.0
2023-08-31,825.6,828.0,803.4,812.05,66369,EQ,7111.0,9.33,47446.0
2023-09-01,806.8,816.3,803.5,812.4,40969,EQ,7247.0,5.65,25056.0
2023-09-04,821.9,834.5,804.5,830.95,72376,EQ,13299.0,5.44,40558.0
2023-09-05,834.5,850.0,827.5,846.3,85125,EQ,11760.0,7.24,46986.0
2023-09-06,856.0,862.5,827.3,837.05,52012,EQ,8843.0,5.88,24267.0
2023-09-07,838.0,850.85,828.8,840.55,28851,EQ,5371.0,5.37,14598.0
2023-09-08,844.0,859.55,838.0,854.75,48471,EQ,6237.0,7.77,25372.0
2023-09-11,859.5,901.9,857.0,895.45,135550,EQ,16132.0,8.4,55159.0
2023-09-12,913.5,913.5,844.5,875.55,81941,EQ,12164.0,6.74,34031.0
2023-09-13,867.95,875.0,847.1,865.1,54495,EQ,8448.0,6.45,31076.0
2023-09-14,873.7,893.4,867.4,884.6,84825,EQ,8399.0,10.1,40860.0
2023-09-15,885.95,962.0,885.0,925.5,725441,EQ,47934.0,15.13,131153.0
2023-09-18,927.2,937.0,911.5,923.4,102115,EQ,10041.0,10.17,39427.0
2023-09-20,922.5,934.95,887.5,929.45,82951,EQ,11648.0,7.12,31661.0
2023-09-21,925.0,925.0,903.5,916.25,51823,EQ,8320.0,6.23,24995.0
2023-09-22,905.1,920.35,877.0,886.9,51483,EQ,7128.0,7.22,22265.0
2023-09-25,896.9,905.0,885.0,900.4,37050,EQ,7012.0,5.28,19661.0
2023-09-26,900.4,904.3,878.5,884.45,43346,EQ,5802.0,7.47,28459.0
2023-09-27,899.5,926.75,889.0,896.7,129057,EQ,17623.0,7.32,53796.0
2023-09-28,907.0,925.0,890.5,898.45,31640,EQ,5021.0,6.3,12122.0
2023-09-29,902.0,922.8,885.0,900.9,43205,EQ,7356.0,5.87,19338.0
2023-10-03,900.0,935.9,899.1,930.4,112864,EQ,9972.0,11.32,76056.0
2023-10-04,922.5,942.5,905.05,928.4,99569,EQ,8324.0,11.96,62130.0
2023-10-05,924.0,1024.5,908.05,1011.1,770675,EQ,43888.0,17.56,205633.0
2023-10-06,1019.0,1084.35,990.0,1073.9,665657,EQ,46623.0,14.28,170704.0
2023-10-09,1075.0,1075.0,1026.55,1045.6,191758,EQ,16945.0,11.32,67288.0
2023-10-10,1050.0,1074.5,1030.5,1043.15,149655,EQ,10618.0,14.09,82265.0
2023-10-11,1043.2,1125.0,1040.35,1084.0,552088,EQ,41187.0,13.4,126727.0
2023-10-12,1084.0,1089.0,1069.0,1077.05,151135,EQ,11519.0,13.12,77272.0
2023-10-13,1072.5,1099.45,1030.5,1045.3,135913,EQ,10949.0,12.41,68250.0
2023-10-16,1059.8,1072.15,1030.5,1036.9,78773,EQ,11619.0,6.78,34706.0
2023-10-17,1045.0,1052.45,1032.5,1036.75,31242,EQ,5161.0,6.05,12469.0
2023-10-18,1042.5,1043.85,1006.25,1026.65,35030,EQ,6023.0,5.82,15584.0
2023-10-19,1021.5,1035.0,1010.05,1026.6,43170,EQ,7718.0,5.59,22147.0
2023-10-20,1026.6,1032.5,1000.0,1008.5,24790,EQ,4786.0,5.18,13420.0
2023-10-23,1011.5,1011.5,932.75,968.4,186198,EQ,23235.0,8.01,83817.0
2023-10-25,985.0,985.0,939.1,968.15,113874,EQ,20783.0,5.48,61912.0
2023-10-26,959.35,967.0,935.5,949.9,92777,EQ,15133.0,6.13,53761.0
2023-10-27,959.9,987.4,955.1,974.8,52763,EQ,12537.0,4.21,24983.0
2023-10-30,971.0,1004.3,957.5,988.7,74961,EQ,15601.0,4.8,32890.0
2023-10-31,993.0,997.2,971.1,979.0,158002,EQ,7776.0,20.32,136085.0
2023-11-01,980.5,993.5,963.0,990.2,57973,EQ,14080.0,4.12,33007.0
2023-11-02,994.5,1001.3,970.5,988.4,52914,EQ,9110.0,5.81,23425.0
2023-11-03,989.3,1002.8,980.0,983.45,17424,EQ,3724.0,4.68,8256.0
2023-11-06,984.0,1031.9,981.5,1021.55,70924,EQ,7995.0,8.87,32313.0
2023-11-07,1022.3,1052.5,1007.5,1047.1,75596,EQ,8788.0,8.6,38736.0
2023-11-08,1055.0,1055.0,1028.75,1044.4,47014,EQ,7831.0,6.0,23570.0
2023-11-09,1049.9,1065.0,1001.0,1028.1,37257,EQ,6999.0,5.32,13234.0
2023-11-10,1083.95,1097.5,1055.0,1075.95,383952,EQ,31752.0,12.09,60808.0
2023-11-12,1090.0,1119.0,1080.1,1101.65,74400,EQ,4129.0,18.02,42251.0
2023-11-13,1110.0,1168.95,1101.1,1159.3,291130,EQ,27065.0,10.76,103062.0
2023-11-15,1172.0,1234.0,1140.4,1215.8,435202,EQ,40495.0,10.75,173321.0
2023-11-16,1220.0,1236.7,1175.5,1184.5,127291,EQ,15743.0,8.09,58521.0
2023-11-17,1190.75,1237.1,1188.8,1207.3,131102,EQ,19935.0,6.58,50678.0
2023-11-20,1210.0,1232.4,1187.45,1198.55,67287,EQ,11189.0,6.01,24478.0
2023-11-21,1192.5,1232.1,1156.6,1168.7,111919,EQ,15184.0,7.37,46432.0
2023-11-22,1172.95,1380.0,1168.7,1313.6,1350246,EQ,106095.0,12.73,121992.0
2023-11-23,1291.0,1337.5,1253.5,1325.15,389980,EQ,37729.0,10.34,75726.0
2023-11-24,1320.6,1330.45,1276.0,1294.6,225207,EQ,20831.0,10.81,78246.0
2023-11-28,1299.8,1306.9,1238.45,1245.5,128221,EQ,18298.0,7.01,55975.0
2023-11-29,1256.5,1317.7,1247.5,1304.3,194446,EQ,19911.0,9.77,60986.0
2023-11-30,1300.0,1364.4,1269.3,1338.45,209641,EQ,27692.0,7.57,101572.0
2023-12-01,1355.0,1355.0,1306.4,1316.45,100112,EQ,13500.0,7.42,35781.0
2023-12-04,1375.3,1378.0,1302.15,1314.1,73172,EQ,12063.0,6.07,33875.0
2023-12-05,1315.0,1332.95,1285.6,1296.3,62846,EQ,9170.0,6.85,22472.0
2023-12-06,1296.7,1308.25,1269.1,1279.4,37810,EQ,6617.0,5.71,15270.0
2023-12-07,1288.0,1312.5,1280.0,1306.15,40210,EQ,5870.0,6.85,13010.0
2023-12-08,1315.0,1315.0,1262.5,1271.7,34274,EQ,5018.0,6.83,13346.0
2023-12-11,1290.8,1305.0,1272.75,1286.8,37789,EQ,6610.0,5.72,12634.0
2023-12-12,1300.0,1302.95,1228.5,1238.85,75871,EQ,12941.0,5.86,38588.0
2023-12-13,1240.1,1287.5,1239.4,1248.65,71722,EQ,15050.0,4.77,28048.0
2023-12-14,1267.4,1292.45,1245.4,1261.1,120991,EQ,11569.0,10.46,71602.0
2023-12-15,1267.75,1300.5,1261.0,1271.3,141299,EQ,18081.0,7.81,77336.0
2023-12-18,1274.9,1278.4,1247.5,1256.35,63901,EQ,8441.0,7.57,35889.0
2023-12-19,1265.5,1279.95,1241.3,1267.2,108572,EQ,8666.0,12.53,81577.0
2023-12-20,1267.2,1312.4,1251.5,1272.3,155924,EQ,19495.0,8.0,53467.0
2023-12-21,1269.5,1279.95,1232.0,1264.3,81905,EQ,11766.0,6.96,33280.0
2023-12-22,1266.15,1306.5,1266.15,1290.05,73772,EQ,10458.0,7.05,34846.0
2023-12-26,1289.95,1320.45,1272.55,1307.9,132353,EQ,16088.0,8.23,41593.0
2023-12-27,1310.5,1328.35,1280.4,1297.75,150498,EQ,11682.0,12.88,102431.0
2023-12-28,1305.0,1340.2,1293.2,1317.15,144303,EQ,12919.0,11.17,95364.0
2023-12-29,1323.3,1325.9,1283.2,1295.8,66981,EQ,11104.0,6.03,35697.0
2024-01-01,1310.2,1317.5,1270.0,1276.95,73500,EQ,11610.0,6.33,33936.0
2024-01-02,1282.5,1294.0,1242.0,1252.65,113297,EQ,16962.0,6.68,55710.0
2024-01-03,1259.45,1299.7,1252.5,1291.5,65612,EQ,10624.0,6.18,28719.0
2024-01-04,1295.0,1295.0,1267.5,1277.6,45252,EQ,6792.0,6.66,24592.0
2024-01-05,1282.4,1295.0,1257.1,1286.3,60790,EQ,11590.0,5.25,24746.0
2024-01-08,1287.15,1298.95,1265.0,1270.2,29675,EQ,5572.0,5.33,11463.0
2024-01-09,1276.6,1310.0,1276.6,1296.8,47647,EQ,7305.0,6.52,22913.0
2024-01-10,1304.9,1307.7,1275.5,1292.1,37988,EQ,6552.0,5.8,11141.0
2024-01-11,1292.1,1327.0,1289.5,1317.95,78187,EQ,14434.0,5.42,37732.0
2024-01-12,1341.0,1412.5,1316.1,1354.5,626940,EQ,60181.0,10.42,174983.0
2024-01-15,1378.0,1414.0,1363.0,1398.95,144037,EQ,20891.0,6.89,49307.0
2024-01-16,1405.0,1409.45,1360.4,1374.8,60396,EQ,11063.0,5.46,28077.0
2024-01-17,1374.8,1375.0,1345.4,1351.8,57753,EQ,10495.0,5.5,32232.0
2024-01-18,1358.55,1366.95,1280.8,1323.5,85230,EQ,12964.0,6.57,44591.0
2024-01-19,1328.5,1345.0,1315.9,1334.2,35502,EQ,7092.0,5.01,13676.0
2024-01-20,1334.2,1342.3,1317.5,1330.05,14421,EQ,3265.0,4.42,7483.0
2024-01-23,1343.5,1343.5,1291.1,1306.9,37779,EQ,9933.0,3.8,17924.0
2024-01-24,1296.5,1332.5,1295.1,1327.8,29228,EQ,8410.0,3.48,11292.0
2024-01-25,1330.35,1337.8,1297.15,1304.9,30051,EQ,6650.0,4.52,16728.0
2024-01-29,1305.15,1354.95,1305.0,1348.7,48049,EQ,9226.0,5.21,28009.0
2024-01-30,1374.45,1375.45,1322.2,1333.4,59805,EQ,14972.0,3.99,28206.0
2024-01-31,1335.95,1374.0,1334.95,1363.6,45424,EQ,7802.0,5.82,24722.0
2024-02-01,1370.0,1395.0,1341.0,1381.1,31609,EQ,6710.0,4.71,15512.0
2024-02-02,1390.1,1402.5,1338.0,1343.5,231961,EQ,16054.0,14.45,179410.0
2024-02-05,1341.0,1341.0,1285.95,1312.3,85615,EQ,13757.0,6.22,46143.0
2024-02-06,1317.55,1341.45,1316.0,1333.95,33466,EQ,9182.0,3.64,18560.0
2024-02-07,1348.0,1350.7,1315.0,1317.9,24747,EQ,6393.0,3.87,12742.0
2024-02-08,1317.95,1322.9,1263.3,1267.95,109830,EQ,13646.0,8.05,78850.0
2024-02-09,1274.3,1283.8,1225.0,1238.2,164959,EQ,9400.0,17.55,134322.0
2024-02-12,1238.5,1272.5,1190.5,1199.75,51173,EQ,12646.0,4.05,23427.0
2024-02-13,1191.5,1203.1,1182.1,1197.6,52591,EQ,11328.0,4.64,24598.0
2024-02-14,1181.65,1199.4,1176.0,1181.9,50353,EQ,4498.0,11.19,34964.0
2024-02-15,1188.0,1192.1,1152.5,1159.0,77476,EQ,12749.0,6.08,45059.0
2024-02-16,1175.0,1187.45,1155.95,1160.1,330867,EQ,24955.0,13.26,284100.0
2024-02-19,1139.0,1206.0,1139.0,1156.15,356587,EQ,25274.0,14.11,282551.0
2024-02-20,1164.65,1212.45,1150.6,1202.1,141004,EQ,15682.0,8.99,71300.0
2024-02-21,1195.5,1261.85,1189.55,1224.5,115047,EQ,15288.0,7.53,55021.0
2024-02-22,1228.15,1245.0,1204.5,1241.0,55890,EQ,11215.0,4.98,24696.0
2024-02-23,1240.0,1260.0,1230.0,1247.8,43690,EQ,7746.0,5.64,15252.0
2024-02-26,1249.8,1250.0,1213.0,1221.1,34078,EQ,5090.0,6.7,15586.0
2024-02-27,1221.1,1253.95,1215.0,1243.4,31021,EQ,6454.0,4.81,14856.0
2024-02-28,1258.85,1274.95,1228.15,1244.4,43703,EQ,7065.0,6.19,15286.0
2024-02-29,1249.35,1276.0,1225.4,1260.95,108524,EQ,10457.0,10.38,72029.0
2024-03-01,1256.25,1284.5,1240.5,1249.45,30956,EQ,4609.0,6.72,21444.0
2024-03-02,1274.45,1274.45,1236.0,1259.3,2340,EQ,441.0,5.31,1632.0
2024-03-04,1245.55,1254.6,1237.5,1249.9,14971,EQ,3816.0,3.92,7466.0
2024-03-05,1248.0,1256.25,1236.75,1249.05,53603,EQ,5392.0,9.94,32773.0
2024-03-06,1249.9,1249.9,1179.9,1217.8,96594,EQ,12434.0,7.77,46786.0
2024-03-07,1217.5,1237.5,1200.0,1217.1,38922,EQ,5010.0,7.77,18752.0
2024-03-11,1236.3,1236.3,1190.9,1200.0,48995,EQ,6477.0,7.56,32858.0
2024-03-12,1205.95,1209.15,1180.0,1202.1,39423,EQ,5840.0,6.75,25027.0
2024-03-13,1182.1,1195.0,1136.1,1167.15,56187,EQ,11434.0,4.91,28649.0
2024-03-14,1167.15,1232.1,1167.15,1224.3,36285,EQ,6948.0,5.22,16107.0
2024-03-15,1214.3,1247.9,1191.5,1212.95,87423,EQ,11479.0,7.62,55192.0
2024-03-18,1216.0,1251.0,1210.0,1230.65,74649,EQ,11881.0,6.28,53170.0
2024-03-19,1250.95,1275.0,1146.15,1166.85,217027,EQ,21964.0,9.88,127375.0
2024-03-20,1167.5,1197.65,1167.5,1177.8,48561,EQ,7465.0,6.51,23528.0
2024-03-21,1180.05,1219.4,1168.75,1179.0,58524,EQ,7587.0,7.71,29889.0
2024-03-22,1171.8,1214.0,1162.8,1205.2,39600,EQ,7551.0,5.24,16169.0
2024-03-26,1201.5,1214.0,1165.1,1170.9,60552,EQ,12970.0,4.67,30745.0
2024-03-27,1171.0,1199.5,1171.0,1193.55,26408,EQ,6791.0,3.89,13689.0
2024-03-28,1194.7,1207.35,1168.0,1183.65,59087,EQ,7187.0,8.22,38633.0
2024-04-01,1175.0,1214.7,1171.2,1196.6,31788,EQ,7341.0,4.33,15571.0
2024-04-02,1199.95,1210.0,1185.0,1190.3,26047,EQ,4848.0,5.37,11817.0
2024-04-03,1199.8,1233.95,1187.9,1225.3,66840,EQ,11160.0,5.99,33046.0
2024-04-04,1232.6,1274.95,1230.0,1238.65,170742,EQ,19136.0,8.92,84411.0
2024-04-05,1249.5,1253.2,1218.3,1238.4,87598,EQ,7370.0,11.89,61468.0
2024-04-08,1253.0,1262.2,1227.1,1239.15,127062,EQ,11417.0,11.13,95377.0
2024-04-09,1249.0,1249.0,1220.0,1239.0,39977,EQ,7456.0,5.36,26827.0
2024-04-10,1237.5,1259.45,1234.3,1242.7,23375,EQ,4409.0,5.3,10186.0
2024-04-12,1246.5,1252.35,1213.75,1218.45,35840,EQ,4383.0,8.18,21810.0
2024-04-15,1215.5,1237.45,1181.1,1230.65,35880,EQ,6553.0,5.48,16064.0
2024-04-16,1225.5,1239.7,1190.0,1221.4,36272,EQ,6014.0,6.03,22986.0
2024-04-18,1221.95,1233.0,1218.8,1224.95,21451,EQ,3570.0,6.01,14440.0
2024-04-19,1207.5,1221.15,1194.95,1204.1,39748,EQ,9766.0,4.07,24115.0
2024-04-22,1175.0,1197.65,1161.45,1165.0,66049,EQ,8659.0,7.63,35624.0
2024-04-23,1180.5,1182.45,1161.5,1176.2,18900,EQ,3856.0,4.9,8614.0
2024-04-24,1180.0,1224.25,1171.15,1205.55,43135,EQ,5340.0,8.08,18342.0
2024-04-25,1202.0,1232.4,1185.55,1227.4,28105,EQ,4096.0,6.86,15577.0
2024-04-26,1227.4,1234.6,1211.1,1215.3,26369,EQ,4739.0,5.56,13456.0
2024-04-29,1210.8,1253.3,1203.4,1242.3,27015,EQ,5000.0,5.4,11120.0
2024-04-30,1242.45,1249.0,1222.5,1231.8,22350,EQ,3699.0,6.04,11202.0
2024-05-02,1232.0,1242.5,1212.75,1224.95,18687,EQ,4588.0,4.07,10286.0
2024-05-03,1224.95,1239.6,1205.0,1209.45,21179,EQ,4759.0,4.45,11874.0
2024-05-06,1207.9,1235.0,1177.3,1185.45,27594,EQ,4521.0,6.1,14160.0
2024-05-07,1180.05,1196.8,1155.0,1191.85,28750,EQ,6334.0,4.54,15909.0
2024-05-08,1179.9,1194.9,1157.5,1187.4,15763,EQ,3688.0,4.27,7797.0
2024-05-09,1187.4,1202.4,1160.2,1166.85,19137,EQ,4879.0,3.92,9994.0
2024-05-10,1184.5,1186.5,1140.15,1147.8,54464,EQ,8231.0,6.62,34117.0
2024-05-13,1164.5,1164.5,1075.65,1087.85,133150,EQ,19825.0,6.72,73777.0
2024-05-14,1091.0,1140.0,1064.5,1122.35,132654,EQ,25051.0,5.3,59561.0
2024-05-15,1132.0,1165.95,1131.05,1151.2,53132,EQ,8220.0,6.46,24749.0
2024-05-16,1172.45,1207.0,1170.0,1200.95,80758,EQ,12142.0,6.65,29284.0
2024-05-17,1170.0,1174.95,1126.0,1139.4,441981,EQ,60367.0,7.32,178863.0
2024-05-18,1158.95,1190.5,1157.45,1183.1,22578,EQ,5544.0,4.07,14937.0
2024-05-21,1182.25,1182.25,1152.5,1171.9,66898,EQ,16186.0,4.13,37990.0
2024-05-22,1171.9,1176.95,1150.0,1159.75,66055,EQ,15368.0,4.3,37242.0
2024-05-23,1165.45,1170.7,1135.0,1138.1,60918,EQ,12555.0,4.85,40227.0
2024-05-24,1144.5,1152.35,1121.0,1122.1,63565,EQ,13468.0,4.72,46224.0
2024-05-27,1129.0,1134.0,1076.5,1090.4,314062,EQ,36303.0,8.65,186247.0
2024-05-28,1096.7,1104.3,1079.6,1090.45,71111,EQ,13974.0,5.09,41641.0
2024-05-29,1094.9,1110.3,1086.8,1107.3,37507,EQ,9049.0,4.14,19921.0
2024-05-30,1107.2,1120.0,1100.0,1107.5,32729,EQ,7618.0,4.3,17669.0
2024-05-31,1114.85,1114.85,1092.2,1096.95,40787,EQ,7452.0,5.47,25109.0
2024-06-03,1120.0,1122.5,1089.5,1095.65,47585,EQ,8793.0,5.41,26700.0
2024-06-04,1098.9,1114.9,1066.1,1081.6,75730,EQ,12557.0,6.03,41635.0
2024-06-05,1087.0,1092.7,1057.0,1064.6,138583,EQ,16891.0,8.2,90909.0
2024-06-06,1075.1,1116.0,1075.1,1110.5,84426,EQ,13763.0,6.13,56446.0
2024-06-07,1116.5,1170.0,1111.75,1159.3,122147,EQ,16602.0,7.36,61865.0
2024-06-10,1171.0,1215.9,1160.5,1203.3,216310,EQ,24115.0,8.97,143113.0
2024-06-11,1203.0,1213.6,1185.05,1201.4,73991,EQ,16501.0,4.48,46544.0
2024-06-12,1204.0,1207.4,1190.0,1193.45,32923,EQ,7507.0,4.39,16838.0
2024-06-13,1199.4,1212.2,1194.0,1206.1,36526,EQ,7566.0,4.83,23460.0
2024-06-14,1205.4,1205.4,1189.1,1190.1,36426,EQ,6350.0,5.74,26975.0
2024-06-18,1196.1,1224.5,1182.45,1184.65,77198,EQ,11538.0,6.69,40312.0
2024-06-19,1188.0,1196.0,1175.0,1191.1,47563,EQ,9874.0,4.82,22676.0
2024-06-20,1190.0,1198.5,1169.25,1187.55,125785,EQ,11168.0,11.26,97984.0
2024-06-21,1200.0,1256.0,1192.5,1203.25,219206,EQ,28691.0,7.64,72870.0
2024-06-24,1203.1,1208.5,1174.75,1181.2,124903,EQ,15888.0,7.86,81726.0
2024-06-25,1199.0,1208.3,1179.0,1182.95,106919,EQ,15205.0,7.03,57705.0
2024-06-26,1194.7,1216.85,1191.5,1204.35,60205,EQ,10300.0,5.85,32574.0
2024-06-27,1210.0,1214.5,1192.55,1197.9,49482,EQ,10784.0,4.59,29743.0
2024-06-28,1205.0,1215.4,1202.5,1209.55,33241,EQ,5711.0,5.82,19603.0
2024-07-01,1218.0,1226.9,1192.6,1222.4,129155,EQ,17547.0,7.36,78581.0
2024-07-02,1227.5,1235.0,1221.0,1228.6,119609,EQ,17095.0,7.0,96481.0
2024-07-03,1238.2,1262.5,1225.65,1259.25,160251,EQ,18733.0,8.55,94516.0
2024-07-04,1237.6,1281.5,1236.6,1258.4,106289,EQ,13931.0,7.63,43704.0
2024-07-05,1258.0,1262.45,1244.3,1250.8,44932,EQ,4192.0,10.72,32009.0
2024-07-08,1250.8,1259.9,1231.35,1250.6,120345,EQ,8095.0,14.87,96383.0
2024-07-09,1242.0,1257.25,1233.6,1251.4,33551,EQ,7300.0,4.6,15774.0
2024-07-10,1249.95,1275.0,1220.3,1269.85,61745,EQ,9579.0,6.45,32243.0
2024-07-11,1269.85,1274.35,1250.6,1260.0,36667,EQ,7120.0,5.15,19712.0
2024-07-12,1260.0,1322.5,1251.85,1277.05,148076,EQ,20783.0,7.12,57618.0
2024-07-15,1286.5,1286.5,1254.5,1264.0,36336,EQ,6944.0,5.23,14702.0
2024-07-16,1264.0,1265.25,1241.35,1248.75,30622,EQ,5679.0,5.39,15762.0
2024-07-18,1237.5,1251.8,1220.5,1238.1,63574,EQ,5710.0,11.13,9977.0
2024-07-19,1232.6,1255.6,1209.95,1216.15,30636,EQ,7112.0,4.31,12283.0
2024-07-22,1195.0,1222.65,1190.0,1217.3,41236,EQ,8496.0,4.85,21564.0
2024-07-23,1199.5,1222.4,1175.5,1191.0,83667,EQ,14314.0,5.85,44535.0
2024-07-24,1191.85,1218.5,1187.5,1215.55,37555,EQ,7146.0,5.26,19614.0
2024-07-25,1214.5,1214.5,1187.1,1196.6,38679,EQ,7531.0,5.14,21733.0
2024-07-26,1198.0,1208.55,1187.0,1195.25,30459,EQ,6311.0,4.83,15072.0
2024-07-29,1199.95,1213.15,1177.75,1182.8,136117,EQ,7919.0,17.19,115048.0
2024-07-30,1182.6,1207.0,1168.5,1199.8,60913,EQ,10396.0,5.86,36656.0
2024-07-31,1206.85,1206.85,1188.55,1197.8,60425,EQ,9496.0,6.36,45770.0
2024-08-01,1197.8,1240.0,1197.8,1221.6,55581,EQ,10766.0,5.16,29400.0
2024-08-02,1220.0,1225.5,1205.0,1219.95,32620,EQ,5484.0,5.95,19585.0
2024-08-05,1200.0,1215.0,1162.9,1209.95,89187,EQ,16044.0,5.56,46747.0
2024-08-06,1207.95,1249.95,1205.8,1242.9,153297,EQ,18143.0,8.45,110906.0
2024-08-07,1261.5,1261.5,1201.8,1243.1,78237,EQ,11260.0,6.95,41811.0
2024-08-08,1247.5,1268.45,1236.3,1263.6,66124,EQ,10483.0,6.31,48216.0
2024-08-09,1275.0,1287.5,1218.0,1240.7,77563,EQ,14493.0,5.35,41876.0
2024-08-12,1229.0,1282.5,1229.0,1278.0,58918,EQ,11320.0,5.2,38431.0
2024-08-13,1285.0,1292.85,1238.55,1242.3,116062,EQ,13096.0,8.86,90882.0
2024-08-14,1230.0,1234.95,1185.5,1201.1,34452,EQ,6547.0,5.26,16401.0
2024-08-16,1201.1,1254.9,1201.1,1243.65,96577,EQ,9331.0,10.35,74299.0
2024-08-19,1235.1,1379.15,1235.1,1349.35,388509,EQ,39954.0,9.72,95468.0
2024-08-20,1361.5,1366.5,1318.05,1344.4,84293,EQ,14510.0,5.81,36370.0
2024-08-21,1353.95,1384.5,1322.4,1377.4,110862,EQ,16854.0,6.58,57338.0
2024-08-22,1370.0,1392.0,1330.0,1341.15,47980,EQ,9245.0,5.19,20734.0
2024-08-23,1343.0,1364.5,1324.3,1359.4,39722,EQ,5789.0,6.86,23625.0
2024-08-26,1374.95,1387.5,1353.25,1378.4,34443,EQ,7013.0,4.91,20556.0
2024-08-27,1382.35,1480.45,1366.3,1404.6,547806,EQ,53149.0,10.31,202462.0
2024-08-28,1423.9,1463.0,1407.0,1429.9,143258,EQ,19545.0,7.33,54880.0
2024-08-29,1435.0,1454.7,1397.7,1418.1,79186,EQ,11734.0,6.75,32276.0
2024-08-30,1419.45,1462.5,1408.7,1451.9,66880,EQ,10797.0,6.19,34090.0
2024-09-02,1472.0,1497.5,1412.6,1427.3,198869,EQ,23432.0,8.49,69874.0
2024-09-03,1436.0,1472.5,1417.8,1449.8,137354,EQ,16301.0,8.43,82163.0
2024-09-04,1424.0,1451.3,1424.0,1435.0,68872,EQ,9042.0,7.62,45042.0
2024-09-05,1440.9,1461.5,1435.0,1452.45,79727,EQ,11021.0,7.23,35414.0
2024-09-06,1455.0,1480.45,1409.0,1416.3,124982,EQ,18438.0,6.78,68076.0
2024-09-09,1432.5,1437.55,1346.2,1388.1,67709,EQ,11649.0,5.81,26471.0
2024-09-10,1388.1,1397.0,1368.1,1377.7,77001,EQ,13116.0,5.87,42466.0
2024-09-11,1400.0,1410.9,1379.8,1395.0,126429,EQ,21028.0,6.01,66808.0
2024-09-12,1429.35,1429.35,1377.7,1397.6,58126,EQ,12682.0,4.58,27059.0
2024-09-13,1400.55,1432.0,1388.75,1406.9,77308,EQ,12394.0,6.24,45229.0
2024-09-16,1400.0,1430.0,1369.0,1383.8,70926,EQ,7813.0,9.08,45890.0
2024-09-17,1383.9,1387.5,1350.0,1355.2,90632,EQ,8069.0,11.23,60460.0
2024-09-18,1354.0,1364.0,1325.0,1351.25,48028,EQ,8789.0,5.46,25334.0
2024-09-19,1357.5,1374.5,1342.85,1354.25,59429,EQ,15145.0,3.92,27072.0
2024-09-20,1371.3,1371.3,1343.8,1352.7,34778,EQ,7947.0,4.38,16466.0
2024-09-23,1352.7,1370.0,1340.0,1360.95,56274,EQ,9775.0,5.76,34890.0
2024-09-24,1361.1,1404.65,1353.8,1362.6,71210,EQ,12986.0,5.48,27240.0
2024-09-25,1351.65,1559.0,1350.0,1439.8,2440492,EQ,202605.0,12.05,267007.0
2024-09-26,1447.95,1510.0,1440.1,1482.5,664606,EQ,60889.0,10.92,166898.0
2024-09-27,1492.35,1532.5,1485.6,1498.65,333202,EQ,38888.0,8.57,114876.0
2024-09-30,1498.65,1512.45,1455.0,1504.0,138102,EQ,19826.0,6.97,59370.0
2024-10-01,1504.0,1549.5,1497.5,1539.6,207288,EQ,22490.0,9.22,67574.0
2024-10-03,1488.5,1530.0,1487.5,1500.65,68314,EQ,12357.0,5.53,21581.0
2024-10-04,1490.5,1527.5,1454.9,1510.75,103404,EQ,19094.0,5.42,42155.0
2024-10-07,1512.0,1608.5,1493.6,1538.5,612816,EQ,67738.0,9.05,155521.0
2024-10-08,1518.1,1589.8,1494.45,1570.6,262771,EQ,22966.0,11.44,131810.0
2024-10-09,1584.0,1590.0,1553.15,1559.95,114798,EQ,11550.0,9.94,56081.0
2024-10-10,1564.25,1573.4,1527.6,1534.7,94325,EQ,13649.0,6.91,49662.0
2024-10-11,1534.7,1554.7,1520.5,1545.3,45112,EQ,8072.0,5.59,18543.0
2024-10-14,1551.05,1554.0,1492.1,1525.95,101753,EQ,14501.0,7.02,51413.0
2024-10-15,1524.5,1551.5,1502.55,1534.6,82840,EQ,15605.0,5.31,38502.0
2024-10-16,1527.45,1528.6,1478.1,1497.3,48645,EQ,8475.0,5.74,16919.0
2024-10-17,1497.4,1517.2,1486.45,1504.9,134189,EQ,8899.0,15.08,109893.0
2024-10-18,1501.5,1520.45,1467.0,1502.15,45660,EQ,13086.0,3.49,19854.0
2024-10-21,1500.5,1506.35,1457.5,1464.55,27355,EQ,5865.0,4.66,11777.0
2024-10-22,1471.0,1473.6,1412.4,1422.25,62447,EQ,12030.0,5.19,33948.0
2024-10-23,1427.0,1445.0,1411.1,1420.3,71811,EQ,17310.0,4.15,39699.0
2024-10-24,1414.5,1419.7,1361.3,1392.0,57597,EQ,11773.0,4.89,25372.0
2024-10-25,1383.0,1398.95,1353.65,1386.4,84830,EQ,19179.0,4.42,44441.0
2024-10-28,1389.5,1393.35,1325.55,1360.3,117405,EQ,19810.0,5.93,56338.0
2024-10-29,1364.15,1436.0,1362.9,1430.45,92031,EQ,19204.0,4.79,20926.0
2024-10-30,1428.2,1504.5,1425.45,1492.4,87876,EQ,15686.0,5.6,29593.0
2024-10-31,1492.4,1499.7,1450.0,1455.3,59119,EQ,9954.0,5.94,25817.0
2024-11-01,1475.0,1491.1,1465.0,1480.9,6578,EQ,986.0,6.67,3593.0
2024-11-04,1473.5,1502.2,1450.5,1499.1,74067,EQ,16043.0,4.62,32461.0
2024-11-05,1500.0,1547.0,1480.8,1519.95,116310,EQ,19266.0,6.04,53754.0
2024-11-06,1575.0,1672.65,1484.3,1642.4,1390879,EQ,155552.0,8.94,332642.0
2024-11-07,1619.95,1715.0,1594.7,1647.7,508776,EQ,54443.0,9.35,126569.0
2024-11-08,1655.4,1663.2,1610.0,1620.1,133564,EQ,19588.0,6.82,45632.0
2024-11-11,1607.5,1705.0,1600.0,1690.4,290581,EQ,43402.0,6.7,62686.0
2024-11-12,1692.5,1721.5,1650.0,1660.85,199297,EQ,30211.0,6.6,67069.0
2024-11-13,1638.1,1693.95,1638.1,1661.2,132151,EQ,28930.0,4.57,48343.0
2024-11-14,1685.0,1707.75,1662.5,1669.75,104941,EQ,19136.0,5.48,55416.0
2024-11-18,1660.15,1699.5,1556.6,1564.4,163834,EQ,30185.0,5.43,74309.0
2024-11-19,1564.4,1662.0,1564.4,1612.0,157270,EQ,31103.0,5.06,64089.0
2024-11-21,1612.0,1681.2,1586.3,1657.4,193006,EQ,26942.0,7.16,78184.0
2024-11-22,1670.5,1694.9,1623.75,1633.8,114159,EQ,19819.0,5.76,41628.0
2024-11-25,1647.0,1684.45,1631.15,1654.6,68451,EQ,12331.0,5.55,28909.0
2024-11-26,1671.2,1709.2,1670.0,1689.25,100832,EQ,17618.0,5.72,43319.0
2024-11-27,1706.75,1757.9,1681.8,1731.4,296770,EQ,38516.0,7.71,75137.0
2024-11-28,1743.45,1763.0,1712.5,1727.9,97376,EQ,15370.0,6.34,37787.0
2024-11-29,1735.0,1755.5,1718.7,1743.65,89397,EQ,13629.0,6.56,38023.0
2024-12-02,1755.0,1779.0,1722.5,1771.0,110456,EQ,15263.0,7.24,46027.0
2024-12-03,1771.05,1797.8,1760.0,1779.1,74679,EQ,17012.0,4.39,32154.0
2024-12-04,1770.0,1812.4,1768.8,1805.7,81925,EQ,14399.0,5.69,38057.0
2024-12-05,1800.0,1855.5,1800.0,1850.4,112151,EQ,20089.0,5.58,46308.0
2024-12-06,1862.3,1936.8,1802.5,1807.9,219099,EQ,31305.0,7.0,56972.0
2024-12-09,1817.45,1850.0,1807.9,1839.4,62319,EQ,13610.0,4.58,22163.0
2024-12-10,1837.55,1875.0,1826.35,1862.7,62102,EQ,11524.0,5.39,22663.0
2024-12-11,1922.5,1930.0,1871.45,1898.4,219915,EQ,28182.0,7.8,73871.0
2024-12-12,1905.0,1937.25,1891.95,1917.4,90552,EQ,12875.0,7.03,34156.0
2024-12-13,1914.5,1921.6,1890.0,1907.8,81182,EQ,12538.0,6.47,39642.0
2024-12-16,1925.0,1938.5,1910.0,1916.7,127000,EQ,10870.0,11.68,85377.0
2024-12-17,1926.5,1926.5,1865.8,1878.6,113641,EQ,14849.0,7.65,66271.0
2024-12-18,1885.0,1907.8,1845.5,1869.95,76442,EQ,20778.0,3.68,34744.0
2024-12-19,1899.5,1899.5,1851.7,1869.4,127186,EQ,17872.0,7.12,83784.0
2024-12-20,1874.4,1882.9,1787.2,1804.45,58201,EQ,13304.0,4.37,27926.0
2024-12-23,1818.95,1846.4,1798.1,1805.95,107112,EQ,17750.0,6.03,65555.0
2024-12-24,1834.0,1834.0,1761.5,1812.9,73836,EQ,14229.0,5.19,24248.0
2024-12-26,1809.05,1814.8,1751.4,1776.0,61044,EQ,9296.0,6.57,27348.0
2024-12-27,1774.9,1831.3,1765.6,1825.05,69551,EQ,10054.0,6.92,37558.0
2024-12-30,1815.0,1824.6,1720.0,1751.2,158016,EQ,26115.0,6.05,82986.0
2024-12-31,1756.25,1759.0,1726.5,1741.7,125717,EQ,13863.0,9.07,70535.0
2025-01-01,1778.9,1839.75,1695.6,1733.5,273340,EQ,52081.0,5.25,95300.0
2025-01-02,1749.9,1774.5,1735.1,1758.65,136398,EQ,16262.0,8.39,74288.0
2025-01-03,1774.4,1784.45,1740.7,1753.8,59463,EQ,10062.0,5.91,34101.0
2025-01-06,1753.8,1763.6,1680.55,1694.5,65363,EQ,16914.0,3.86,28999.0
2025-01-07,1683.0,1715.0,1667.7,1695.3,82893,EQ,15147.0,5.47,45203.0
2025-01-08,1678.5,1699.5,1660.0,1667.75,59347,EQ,10146.0,5.85,25063.0
2025-01-09,1657.5,1665.7,1625.5,1634.65,45112,EQ,12305.0,3.67,25450.0
2025-01-10,1634.5,1681.6,1620.0,1634.95,69628,EQ,18009.0,3.87,30685.0
2025-01-13,1622.0,1654.2,1575.0,1601.6,82756,EQ,23157.0,3.57,41076.0
2025-01-14,1582.5,1657.6,1576.95,1594.2,94788,EQ,23306.0,4.07,43055.0
2025-01-15,1615.0,1624.2,1562.95,1607.4,174078,EQ,23740.0,7.33,119300.0
2025-01-16,1635.0,1645.0,1607.0,1633.5,33770,EQ,10649.0,3.17,16054.0
2025-01-17,1630.0,1634.8,1595.3,1601.4,30454,EQ,6156.0,4.95,12740.0
2025-01-20,1601.4,1632.75,1587.8,1621.7,30170,EQ,9802.0,3.08,12417.0
2025-01-21,1622.8,1633.1,1595.95,1621.65,57906,EQ,13443.0,4.31,33212.0
2025-01-22,1615.0,1622.8,1532.45,1577.6,76501,EQ,26601.0,2.88,36757.0
2025-01-23,1572.0,1620.5,1559.9,1588.6,103949,EQ,15148.0,6.86,66795.0
2025-01-24,1592.35,1612.5,1526.0,1534.0,135497,EQ,20112.0,6.74,101072.0
2025-01-27,1519.95,1520.0,1461.65,1497.9,75086,EQ,18234.0,4.12,43119.0
2025-01-28,1492.5,1497.9,1439.85,1490.4,48528,EQ,14824.0,3.27,22990.0
2025-01-29,1487.5,1575.0,1487.45,1566.5,48398,EQ,10211.0,4.74,25933.0
2025-01-30,1490.0,1529.7,1465.5,1502.0,185494,EQ,28450.0,6.52,112037.0
2025-01-31,1502.2,1537.0,1473.4,1529.1,78320,EQ,14495.0,5.4,40323.0
2025-02-01,1531.5,1610.0,1531.5,1600.65,39163,EQ,9289.0,4.22,12860.0
2025-02-03,1572.5,1616.15,1540.0,1606.15,118912,EQ,15378.0,7.73,82287.0
2025-02-04,1607.5,1628.7,1589.3,1598.0,58406,EQ,12721.0,4.59,31205.0
2025-02-05,1597.0,1658.65,1584.6,1649.5,48607,EQ,11423.0,4.26,23776.0
2025-02-06,1648.75,1648.75,1569.45,1590.25,138364,EQ,15273.0,9.06,96766.0
2025-02-07,1578.5,1632.8,1575.0,1597.45,55283,EQ,11563.0,4.78,25742.0
2025-02-10,1610.9,1612.3,1555.5,1573.9,40749,EQ,8727.0,4.67,20597.0
2025-02-11,1557.6,1573.95,1503.75,1519.2,37812,EQ,10448.0,3.62,13524.0
2025-02-12,1520.0,1623.0,1465.0,1546.7,37174,EQ,9864.0,3.77,15301.0
2025-02-13,1545.25,1562.3,1500.0,1539.8,55737,EQ,15714.0,3.55,31311.0
2025-02-14,1539.8,1565.0,1475.5,1550.05,57914,EQ,13865.0,4.18,23455.0
2025-02-17,1550.1,1575.0,1475.7,1499.85,84690,EQ,19882.0,4.26,37043.0
2025-02-18,1500.0,1527.4,1475.0,1513.95,54665,EQ,18660.0,2.93,33529.0
2025-02-19,1501.1,1566.45,1501.1,1556.2,31607,EQ,10236.0,3.09,13129.0
2025-02-20,1575.0,1579.5,1541.55,1560.3,26215,EQ,7447.0,3.52,9295.0
2025-02-21,1526.0,1612.5,1526.0,1559.45,87957,EQ,21222.0,4.14,35815.0
2025-02-24,1546.9,1548.95,1510.0,1537.65,52310,EQ,10153.0,5.15,34094.0
2025-02-25,1517.5,1544.9,1500.6,1509.6,38900,EQ,10446.0,3.72,15110.0
2025-02-27,1509.5,1518.95,1466.5,1475.45,40418,EQ,10022.0,4.03,21175.0
2025-02-28,1475.45,1499.5,1406.1,1416.95,69059,EQ,12829.0,5.38,36306.0
2025-03-03,1415.0,1425.9,1305.0,1311.3,118956,EQ,27880.0,4.27,57086.0
2025-03-04,1253.35,1340.75,1250.0,1333.8,202928,EQ,42116.0,4.82,101447.0
2025-03-05,1301.5,1405.95,1301.5,1346.35,154796,EQ,37049.0,4.18,60024.0
2025-03-06,1364.85,1409.5,1334.5,1393.7,76078,EQ,17960.0,4.24,32322.0
2025-03-07,1393.5,1425.5,1379.1,1396.55,40159,EQ,10152.0,3.96,16591.0
2025-03-10,1382.6,1407.5,1342.9,1348.4,48668,EQ,14281.0,3.41,21443.0
2025-03-11,1329.5,1337.9,1277.15,1296.1,63620,EQ,15681.0,4.06,23825.0
2025-03-12,1299.35,1339.3,1276.9,1307.6,107857,EQ,21969.0,4.91,58782.0
2025-03-13,1285.5,1310.0,1249.1,1260.6,97430,EQ,17474.0,5.58,47562.0
2025-03-17,1260.6,1297.65,1250.0,1255.95,50612,EQ,13294.0,3.81,19058.0
2025-03-18,1263.3,1307.3,1257.55,1285.6,57137,EQ,11916.0,4.79,20737.0
2025-03-19,1300.8,1318.55,1280.5,1292.25,48353,EQ,9429.0,5.13,17781.0
2025-03-20,1306.25,1325.1,1296.0,1310.4,37935,EQ,9366.0,4.05,15260.0
2025-03-21,1297.5,1386.3,1292.5,1374.65,117567,EQ,22345.0,5.26,79590.0
2025-03-24,1367.5,1394.95,1357.4,1379.1,42443,EQ,10757.0,3.95,19693.0
2025-03-25,1379.75,1407.5,1362.5,1384.8,146102,EQ,16694.0,8.75,107017.0
2025-03-26,1390.0,1399.9,1361.3,1371.3,52778,EQ,9858.0,5.35,27142.0
2025-03-27,1371.3,1396.5,1347.2,1381.6,45542,EQ,10851.0,4.2,18315.0
2025-03-28,1397.5,1397.5,1362.3,1388.5,54204,EQ,14398.0,3.76,31942.0
2025-04-01,1380.0,1397.5,1352.5,1368.8,21958,EQ,8366.0,2.62,10770.0
2025-04-02,1368.95,1379.9,1338.2,1372.7,27973,EQ,7973.0,3.51,15260.0
2025-04-03,1350.4,1400.65,1347.6,1390.65,27967,EQ,7938.0,3.52,14539.0
2025-04-04,1390.8,1399.45,1292.5,1321.8,48093,EQ,10072.0,4.77,22783.0
2025-04-07,1084.0,1275.0,1084.0,1248.4,91535,EQ,25085.0,3.65,37332.0
2025-04-08,1255.55,1287.5,1221.5,1251.1,49798,EQ,14440.0,3.45,20459.0
2025-04-09,1239.5,1239.5,1192.5,1207.0,56761,EQ,14612.0,3.88,30612.0
2025-04-11,1250.0,1261.3,1185.55,1201.1,127591,EQ,26311.0,4.85,77300.0
2025-04-15,1210.0,1279.5,1210.0,1253.05,59227,EQ,17937.0,3.3,26484.0
2025-04-16,1270.1,1279.0,1247.5,1258.6,21291,EQ,7573.0,2.81,9732.0
2025-04-17,1257.5,1257.5,1239.05,1251.6,23670,EQ,6327.0,3.74,12338.0
2025-04-21,1274.5,1298.8,1252.5,1290.2,34159,EQ,7751.0,4.41,15088.0
2025-04-22,1299.95,1304.0,1271.0,1281.7,19183,EQ,5086.0,3.77,8361.0
2025-04-23,1292.5,1347.0,1282.5,1322.1,90305,EQ,21130.0,4.27,26020.0
2025-04-24,1320.0,1335.65,1302.8,1327.5,42899,EQ,9458.0,4.54,23608.0
2025-04-25,1318.5,1324.05,1265.5,1281.8,29772,EQ,9511.0,3.13,11439.0
2025-04-28,1266.0,1300.8,1265.35,1271.55,25685,EQ,7701.0,3.34,11386.0
2025-04-29,1277.9,1303.95,1270.0,1300.55,19930,EQ,5410.0,3.68,6921.0
2025-04-30,1300.55,1300.55,1250.0,1257.55,54174,EQ,14061.0,3.85,29740.0
2025-05-02,1265.4,1270.85,1240.5,1249.3,41234,EQ,8584.0,4.8,20914.0
2025-05-05,1255.5,1270.7,1237.5,1245.6,22701,EQ,6987.0,3.25,8875.0
2025-05-06,1258.05,1258.05,1185.05,1203.55,40199,EQ,10215.0,3.94,22149.0
2025-05-07,1188.05,1222.35,1182.0,1214.4,41350,EQ,9610.0,4.3,21694.0
2025-05-08,1222.5,1254.95,1212.6,1226.8,23030,EQ,7754.0,2.97,9147.0
2025-05-09,1176.65,1241.9,1176.65,1224.7,29894,EQ,9534.0,3.14,11723.0
2025-05-12,1257.4,1299.75,1243.0,1295.6,37421,EQ,9588.0,3.9,18313.0
2025-05-13,1312.0,1365.05,1282.55,1352.2,57052,EQ,12511.0,4.56,25814.0
2025-05-14,1352.55,1385.95,1340.8,1374.35,45877,EQ,12369.0,3.71,20640.0
2025-05-15,1440.4,1604.5,1439.4,1578.0,1829637,EQ,132758.0,13.78,293622.0
2025-05-16,1587.5,1662.0,1562.5,1650.9,307265,EQ,38959.0,7.89,57677.0
2025-05-19,1642.75,1647.5,1601.85,1641.7,60121,EQ,10375.0,5.79,21022.0
2025-05-20,1641.45,1697.5,1620.05,1681.6,95077,EQ,11671.0,8.15,32060.0
2025-05-21,1690.0,1747.0,1667.5,1704.95,110291,EQ,14030.0,7.86,34777.0
2025-05-22,1690.9,1702.75,1680.55,1689.5,28051,EQ,4883.0,5.74,12081.0
2025-05-23,1682.5,1693.95,1660.3,1678.4,26854,EQ,5363.0,5.01,13877.0
2025-05-26,1688.5,1698.05,1663.75,1681.6,33696,EQ,5743.0,5.87,13492.0
2025-05-27,1673.2,1712.5,1665.05,1703.7,28066,EQ,7396.0,3.79,11778.0
2025-05-28,1725.0,1768.8,1668.7,1681.5,109986,EQ,21366.0,5.15,47349.0
2025-05-29,1695.0,1760.1,1695.0,1754.8,79303,EQ,9578.0,8.28,33797.0
2025-05-30,1766.5,1780.2,1739.65,1771.05,193899,EQ,19595.0,9.9,161157.0
2025-06-02,1762.95,1785.0,1718.45,1732.7,37008,EQ,8504.0,4.35,20189.0
2025-06-03,1715.5,1778.5,1715.5,1763.75,26049,EQ,7840.0,3.32,15949.0
2025-06-04,1767.5,1780.65,1741.25,1751.1,35057,EQ,6591.0,5.32,21596.0
2025-06-05,1751.1,1809.0,1751.1,1786.3,87066,EQ,6608.0,13.18,67419.0
2025-06-06,1792.5,1807.6,1788.35,1803.15,16445,EQ,3441.0,4.78,9583.0
2025-06-09,1783.8,1834.35,1783.8,1823.9,36305,EQ,5718.0,6.35,21544.0
2025-06-10,1839.0,1865.0,1817.6,1844.35,27161,EQ,5667.0,4.79,14931.0
2025-06-11,1842.5,1879.95,1815.1,1838.05,45252,EQ,7454.0,6.07,21305.0
2025-06-12,1830.05,1890.0,1714.0,1839.35,124690,EQ,15842.0,7.87,65168.0
2025-06-13,1824.85,1824.85,1773.05,1788.4,43400,EQ,7965.0,5.45,19981.0
2025-06-16,1775.05,1812.5,1737.65,1804.25,21599,EQ,4362.0,4.95,10987.0
2025-06-17,1820.0,1827.5,1787.5,1812.85,32192,EQ,5100.0,6.31,18711.0
2025-06-18,1823.5,1825.0,1747.65,1808.4,38193,EQ,5353.0,7.13,20925.0
2025-06-19,1797.5,1817.95,1721.25,1736.3,35932,EQ,6653.0,5.4,19284.0
2025-06-20,1734.55,1745.0,1684.6,1695.1,44495,EQ,7515.0,5.92,26141.0
2025-06-23,1694.5,1752.9,1691.5,1740.85,37256,EQ,9649.0,3.86,17118.0
2025-06-24,1749.95,1777.35,1740.95,1754.1,31944,EQ,6277.0,5.09,14947.0
2025-06-25,1774.0,1819.9,1746.9,1754.95,68331,EQ,13035.0,5.24,33127.0
2025-06-26,1754.95,1774.25,1740.0,1756.8,27609,EQ,6575.0,4.2,14438.0
2025-06-27,1774.0,1783.25,1720.75,1754.8,79723,EQ,20151.0,3.96,44345.0
2025-06-30,1771.55,1775.1,1717.5,1750.6,42112,EQ,9500.0,4.43,20133.0
2025-07-01,1750.6,1754.15,1722.7,1736.3,30458,EQ,7160.0,4.25,16204.0
2025-07-02,1736.0,1739.95,1707.0,1719.55,24772,EQ,6942.0,3.57,12877.0
2025-07-03,1710.0,1742.5,1698.05,1707.2,42375,EQ,10184.0,4.16,22721.0
2025-07-04,1718.85,1739.5,1694.0,1703.25,26519,EQ,7734.0,3.43,13660.0
2025-07-07,1695.0,1722.2,1676.0,1706.85,34496,EQ,8084.0,4.27,20682.0
2025-07-08,1697.5,1741.8,1677.75,1684.4,27564,EQ,11312.0,2.44,15535.0
2025-07-09,1694.95,1706.0,1660.5,1686.0,34765,EQ,11303.0,3.08,17413.0
2025-07-10,1690.2,1710.7,1669.3,1705.15,29442,EQ,8349.0,3.53,16131.0
2025-07-11,1696.65,1787.1,1684.8,1740.6,130913,EQ,22977.0,5.7,54952.0
2025-07-14,1737.5,1809.5,1719.5,1796.0,57703,EQ,15541.0,3.71,22548.0
2025-07-15,1796.0,1818.1,1774.85,1781.6,44248,EQ,8798.0,5.03,26065.0
2025-07-16,1795.0,1812.95,1773.75,1786.0,33392,EQ,10754.0,3.11,17130.0
2025-07-17,1786.0,1855.0,1786.0,1834.55,173983,EQ,22791.0,7.63,106168.0
2025-07-18,1848.0,1885.35,1830.6,1857.85,83464,EQ,18622.0,4.48,25804.0
2025-07-21,1857.85,1874.95,1821.0,1856.1,27688,EQ,9510.0,2.91,11722.0
2025-07-22,1850.0,1883.3,1845.4,1868.0,34953,EQ,7389.0,4.73,17712.0
2025-07-23,1872.5,1892.5,1832.4,1840.9,37481,EQ,10187.0,3.68,20635.0
2025-07-24,1840.9,1878.75,1813.0,1829.5,28284,EQ,9754.0,2.9,14591.0
2025-07-25,1869.35,1960.45,1807.55,1823.4,620008,EQ,76995.0,8.05,120053.0
2025-07-28,1841.65,1915.0,1829.75,1887.05,275512,EQ,49474.0,5.57,112268.0
2025-07-29,1884.0,1907.2,1853.0,1861.0,85768,EQ,12279.0,6.98,48917.0
2025-07-30,1861.0,1936.3,1861.0,1892.05,149615,EQ,27336.0,5.47,61295.0
2025-07-31,1861.0,1912.5,1854.2,1883.6,60394,EQ,11912.0,5.07,32942.0
2025-08-01,1907.5,1971.5,1875.0,1899.6,245463,EQ,43322.0,5.67,66320.0
2025-08-04,1914.5,2100.0,1891.05,2043.65,447087,EQ,51952.0,8.61,144314.0
2025-08-05,2017.5,2024.55,1978.35,1988.55,117911,EQ,22265.0,5.3,59177.0
2025-08-06,1985.0,1995.75,1930.0,1975.8,79199,EQ,15161.0,5.22,41334.0
2025-08-07,1970.0,2074.25,1949.4,2057.25,210988,EQ,40100.0,5.26,48368.0
2025-08-08,2054.0,2075.45,2010.0,2054.65,162981,EQ,31829.0,5.12,54063.0
2025-08-11,2056.7,2100.0,2034.1,2054.45,124903,EQ,28302.0,4.41,75567.0
2025-08-12,2051.0,2057.5,2023.0,2047.15,46931,EQ,12908.0,3.64,23352.0
2025-08-13,2049.5,2072.95,1972.8,1994.65,91539,EQ,17564.0,5.21,39348.0
2025-08-14,1994.65,2044.65,1980.25,1998.6,64969,EQ,10784.0,6.02,34536.0
2025-08-18,2042.5,2050.0,1940.05,1956.25,64846,EQ,15373.0,4.22,31102.0
2025-08-19,1945.25,2042.0,1945.2,2020.6,68501,EQ,16258.0,4.21,32450.0
2025-08-20,2030.0,2036.5,1981.0,1994.95,40684,EQ,8494.0,4.79,20536.0
2025-08-21,2011.0,2011.0,1980.05,1999.25,22403,EQ,5377.0,4.17,7165.0
2025-08-22,2016.45,2016.45,1936.5,1948.75,40482,EQ,8233.0,4.92,16431.0
2025-08-25,1955.0,2140.0,1955.0,2119.4,1141778,EQ,136484.0,8.37,207171.0
2025-08-26,2124.4,2320.0,2093.0,2227.45,717756,EQ,81238.0,8.84,118956.0
2025-08-28,2220.2,2220.2,2109.5,2122.55,179000,EQ,25289.0,7.08,34863.0
2025-08-29,2087.75,2166.5,2070.0,2110.65,136728,EQ,24882.0,5.5,20224.0
2025-09-01,2106.95,2264.35,2094.3,2248.4,347573,EQ,52381.0,6.64,62405.0
2025-09-02,2247.5,2300.0,2210.8,2267.25,169679,EQ,26999.0,6.28,30756.0
2025-09-03,2237.5,2255.0,2187.55,2204.0,96272,EQ,15869.0,6.07,23217.0
2025-09-04,2210.0,2263.8,2170.8,2219.5,73165,EQ,12693.0,5.76,13215.0
2025-09-05,2210.0,2215.8,2129.5,2145.3,56132,EQ,9289.0,6.04,21291.0
2025-09-08,2137.5,2157.2,2107.0,2117.25,47068,EQ,9621.0,4.89,15195.0
2025-09-09,2115.9,2202.0,2110.0,2169.1,141899,EQ,26780.0,5.3,25485.0
2025-09-10,2192.5,2289.2,2149.6,2237.5,254451,EQ,38450.0,6.62,58833.0
2025-09-11,2229.0,2300.0,2203.0,2254.55,135487,EQ,21580.0,6.28,28249.0
2025-09-12,2242.5,2249.5,2205.0,2214.65,53245,EQ,9163.0,5.81,21326.0
2025-09-15,2212.7,2222.8,2168.55,2185.1,38633,EQ,8983.0,4.3,16211.0
2025-09-16,2185.1,2242.8,2172.9,2187.4,54021,EQ,9792.0,5.52,17376.0
2025-09-17,2197.5,2206.9,2168.2,2197.2,26406,EQ,6589.0,4.01,8674.0
2025-09-18,2214.25,2266.05,2190.0,2204.5,86540,EQ,16782.0,5.16,26578.0
2025-09-19,2215.45,2243.5,2102.0,2135.15,122585,EQ,19048.0,6.44,54206.0
2025-09-22,2144.95,2168.0,2116.3,2132.05,48894,EQ,11493.0,4.25,18246.0
2025-09-23,2132.5,2167.5,2115.75,2125.45,30816,EQ,8434.0,3.65,12324.0
2025-09-24,2116.5,2118.2,2023.9,2049.75,111294,EQ,21412.0,5.2,49226.0
2025-09-25,2040.35,2183.5,2033.6,2123.5,304776,EQ,46682.0,6.53,29329.0
2025-09-26,2118.9,2138.0,2050.5,2078.45,156878,EQ,16145.0,9.72,88796.0
2025-09-29,2056.0,2067.95,2015.0,2024.6,84025,EQ,18606.0,4.52,30220.0
2025-09-30,2025.95,2070.5,1991.4,2007.85,71605,EQ,12432.0,5.76,17501.0
2025-10-01,2010.0,2024.0,1969.5,1986.75,46065,EQ,9799.0,4.7,18749.0
2025-10-03,1994.9,2019.45,1953.0,1964.0,70572,EQ,10928.0,6.46,35851.0
2025-10-06,1978.0,2022.5,1958.65,2009.4,63487,EQ,16148.0,3.93,21687.0
2025-10-07,2024.9,2024.9,1990.5,2004.95,22180,EQ,6088.0,3.64,10361.0
2025-10-08,2021.7,2055.0,1993.25,2030.5,42390,EQ,8720.0,4.86,13434.0
2025-10-09,2040.5,2040.5,1967.5,1984.5,27758,EQ,7250.0,3.83,11433.0
2025-10-10,2002.0,2048.85,1976.6,2042.05,47875,EQ,10894.0,4.39,18756.0
2025-10-13,2026.45,2089.5,2005.5,2072.2,49834,EQ,10544.0,4.73,19660.0
2025-10-14,2087.5,2087.5,2012.5,2015.5,36160,EQ,7303.0,4.95,19993.0
2025-10-15,2018.9,2079.05,1996.8,2042.7,31713,EQ,7776.0,4.08,10382.0
2025-10-16,2050.0,2065.25,2029.4,2056.0,25772,EQ,8544.0,3.02,12680.0
2025-10-17,2050.5,2086.3,2028.8,2034.85,26262,EQ,7080.0,3.71,9903.0
2025-10-20,2087.0,2196.5,2076.95,2157.2,433578,EQ,50126.0,8.65,143568.0
2025-10-21,2179.5,2263.5,2167.95,2219.9,51926,EQ,6874.0,7.55,20126.0
2025-10-23,2219.9,2227.5,2152.7,2171.9,128047,EQ,19860.0,6.45,52914.0
2025-10-24,2194.5,2260.0,2150.5,2223.3,105996,EQ,19325.0,5.48,35091.0
2025-10-27,2278.9,2415.0,2254.5,2393.65,2320421,EQ,241411.0,9.61,316692.0
2025-10-28,2349.55,2393.5,2342.0,2358.7,131267,EQ,20446.0,6.42,31174.0
2025-10-29,2357.3,2357.3,2246.25,2319.8,181819,EQ,24797.0,7.33,56824.0
2025-10-30,2315.0,2374.95,2314.95,2360.65,128353,EQ,20768.0,6.18,42822.0
2025-10-31,2353.95,2414.3,2347.65,2363.8,118006,EQ,16798.0,7.03,42819.0
2025-11-03,2370.0,2412.0,2349.3,2366.5,113743,EQ,19166.0,5.93,48236.0
2025-11-04,2378.95,2433.95,2352.5,2369.2,210995,EQ,36515.0,5.78,85676.0
2025-11-06,2384.0,2392.5,2277.1,2284.95,82406,EQ,15705.0,5.25,38646.0
2025-11-07,2290.0,2290.0,2126.0,2139.75,154008,EQ,24005.0,6.42,74764.0
2025-11-10,2139.75,2192.25,2128.75,2181.7,86287,EQ,14898.0,5.79,38062.0
2025-11-11,2177.5,2240.0,2158.0,2170.85,108911,EQ,17162.0,6.35,43086.0
2025-11-12,2188.05,2275.5,2180.35,2243.75,196740,EQ,35243.0,5.58,89745.0
2025-11-13,2254.5,2285.6,2213.7,2223.4,81692,EQ,16670.0,4.9,34763.0
2025-11-14,2234.5,2238.0,2187.1,2200.3,42590,EQ,9146.0,4.66,17583.0
2025-11-17,2200.3,2292.35,2200.3,2282.55,92268,EQ,18369.0,5.02,38682.0
2025-11-18,2285.0,2288.95,2222.5,2225.95,42350,EQ,8821.0,4.8,19000.0
2025-11-19,2229.5,2270.2,2205.15,2212.7,68488,EQ,14659.0,4.67,29312.0
2025-11-20,2234.7,2310.0,2213.1,2297.85,84743,EQ,10140.0,8.36,56556.0
2025-11-21,2279.1,2289.0,2219.05,2228.55,141023,EQ,18888.0,7.47,97188.0
2025-11-24,2231.85,2277.3,2200.0,2259.5,59448,EQ,12334.0,4.82,32231.0
2025-11-25,2250.8,2257.55,2202.0,2214.1,40828,EQ,8109.0,5.03,19890.0
2025-11-26,2239.15,2239.15,2193.65,2214.4,45260,EQ,9443.0,4.79,19800.0
2025-11-27,2229.5,2256.0,2216.35,2245.2,31938,EQ,6064.0,5.27,11614.0
2025-11-28,2245.2,2307.0,2228.65,2275.35,75938,EQ,14071.0,5.4,33429.0
2025-12-01,2280.0,2355.5,2261.85,2344.9,145757,EQ,25271.0,5.77,54342.0
2025-12-02,2328.5,2407.5,2328.5,2397.4,217389,EQ,30057.0,7.23,76770.0
2025-12-03,2397.4,2479.5,2343.4,2455.7,316753,EQ,34111.0,9.29,179946.0
2025-12-04,2452.5,2462.2,2414.5,2448.3,83965,EQ,12777.0,6.57,32227.0
2025-12-05,2440.1,2440.1,2399.85,2416.1,44951,EQ,9961.0,4.51,18451.0
2025-12-08,2408.5,2408.5,2333.0,2380.15,97726,EQ,21207.0,4.61,38413.0
2025-12-09,2384.3,2384.3,2237.5,2249.45,225816,EQ,31874.0,7.08,129266.0
2025-12-10,2252.5,2270.0,2195.0,2206.95,100527,EQ,17954.0,5.6,43878.0
2025-12-11,2200.0,2251.45,2162.5,2220.95,94250,EQ,24872.0,3.79,37035.0
2025-12-12,2220.0,2285.95,2206.65,2246.25,61125,EQ,18620.0,3.28,28362.0
2025-12-15,2255.45,2337.0,2231.65,2325.2,64899,EQ,15518.0,4.18,24836.0
2025-12-16,2320.5,2320.5,2225.5,2233.95,66975,EQ,12124.0,5.52,31683.0
2025-12-17,2256.0,2320.1,2211.5,2229.2,142534,EQ,27145.0,5.25,25538.0
2025-12-18,2233.25,2256.9,2215.0,2234.1,26730,EQ,6931.0,3.86,9241.0
2025-12-19,2248.45,2277.5,2225.0,2262.25,45561,EQ,9200.0,4.95,18515.0
2025-12-22,2272.5,2335.0,2262.75,2329.4,71629,EQ,16723.0,4.28,28462.0
2025-12-23,2331.95,2415.0,2290.5,2392.95,81986,EQ,13571.0,6.04,33549.0
2025-12-24,2392.95,2412.5,2368.2,2393.35,53844,EQ,9606.0,5.61,29983.0
2025-12-26,2391.5,2391.5,2334.95,2340.7,21459,EQ,4848.0,4.43,7444.0
2025-12-29,2340.5,2345.0,2276.8,2296.4,58543,EQ,10426.0,5.62,35944.0
2025-12-30,2306.95,2319.25,2217.5,2236.35,82693,EQ,23262.0,3.55,42379.0
2025-12-31,2253.25,2359.7,2240.05,2347.65,69178,EQ,15565.0,4.44,35441.0
2026-01-01,2344.0,2427.7,2321.95,2410.85,110052,EQ,26973.0,4.08,33863.0
2026-01-02,2407.5,2407.5,2353.1,2360.75,29666,EQ,8690.0,3.41,11955.0
2026-01-05,2360.75,2413.3,2345.95,2387.5,57406,EQ,15510.0,3.7,26938.0
2026-01-06,2405.35,2472.95,2382.35,2401.3,105633,EQ,23974.0,4.41,37437.0
2026-01-07,2391.3,2420.0,2370.15,2386.05,27007,EQ,7204.0,3.75,11113.0
2026-01-08,2389.65,2395.0,2358.65,2375.7,33579,EQ,7801.0,4.3,17821.0
2026-01-09,2393.6,2394.45,2275.6,2299.25,49272,EQ,18465.0,2.67,23386.0
2026-01-12,2302.45,2325.25,2262.05,2298.2,47874,EQ,14423.0,3.32,24987.0
2026-01-13,2284.2,2325.0,2277.5,2297.1,22467,EQ,6859.0,3.28,8786.0
2026-01-14,2295.15,2333.95,2285.75,2301.3,38268,EQ,11454.0,3.34,22454.0
2026-01-16,2301.3,2359.9,2286.3,2315.55,45683,EQ,12805.0,3.57,26878.0
2026-01-19,2315.55,2326.45,2222.0,2229.65,57389,EQ,13694.0,4.19,30413.0
2026-01-20,2231.5,2262.5,2148.5,2172.5,49032,EQ,10760.0,4.56,22602.0
2026-01-21,2150.0,2166.1,2075.5,2100.05,58097,EQ,12078.0,4.81,29778.0
2026-01-22,2171.5,2245.0,2160.0,2173.95,232356,EQ,37663.0,6.17,53183.0
2026-01-23,2197.5,2199.5,2142.55,2161.95,38812,EQ,10228.0,3.79,19147.0
2026-01-27,2164.95,2232.5,2102.4,2204.85,73634,EQ,17169.0,4.29,38117.0
2026-01-28,2205.0,2258.5,2189.75,2211.35,50816,EQ,11344.0,4.48,21165.0
2026-01-29,2211.0,2409.5,2187.5,2341.3,476180,EQ,65293.0,7.29,87512.0
2026-01-30,2350.0,2400.0,2277.7,2325.6,165456,EQ,22908.0,7.22,77188.0
2026-02-01,2349.9,2373.5,2298.3,2322.0,35482,EQ,7992.0,4.44,12642.0
2026-02-02,2312.5,2429.0,2282.95,2421.2,157449,EQ,30063.0,5.24,57055.0
2026-02-03,2494.0,2497.5,2424.0,2473.5,133628,EQ,22374.0,5.97,63298.0
2026-02-04,2473.5,2473.5,2229.75,2265.55,272487,EQ,37892.0,7.19,99169.0
2026-02-05,2250.0,2272.45,2226.5,2248.6,74164,EQ,13003.0,5.7,32448.0
2026-02-06,2225.0,2233.6,2062.1,2092.95,163725,EQ,27327.0,5.99,67871.0
2026-02-09,2112.5,2174.8,2070.0,2083.75,246540,EQ,34570.0,7.13,120813.0
2026-02-10,2063.0,2086.0,1984.55,1992.5,342953,EQ,31076.0,11.04,207209.0
2026-02-11,1992.5,2009.95,1932.5,1945.95,163156,EQ,28486.0,5.73,72623.0
2026-02-12,1945.0,1969.2,1859.25,1864.3,207233,EQ,37685.0,5.5,87571.0
2026-02-13,1801.35,1914.95,1777.2,1833.05,240196,EQ,37707.0,6.37,83962.0
2026-02-16,1806.0,1866.7,1785.5,1814.6,151540,EQ,20237.0,7.49,69463.0
2026-02-17,1815.0,1916.5,1792.55,1804.85,274920,EQ,41616.0,6.61,59512.0
2026-02-18,1819.5,1840.0,1771.0,1823.2,124991,EQ,19332.0,6.47,39464.0
2026-02-19,1840.85,1847.95,1777.5,1790.4,71948,EQ,12980.0,5.54,19573.0
2026-02-20,1790.4,1805.0,1762.5,1776.75,72412,EQ,14070.0,5.15,30118.0
2026-02-23,1787.5,1797.45,1728.55,1736.25,74195,EQ,14307.0,5.19,37273.0
2026-02-24,1725.0,1729.65,1666.35,1672.8,74845,EQ,15047.0,4.97,38985.0
2026-02-25,1680.5,1713.45,1637.0,1648.95,105681,EQ,20854.0,5.07,46653.0
2026-02-26,1657.5,1696.0,1646.2,1651.05,259301,EQ,41616.0,6.23,111689.0
2026-02-27,1663.35,1667.55,1580.0,1586.2,149212,EQ,28259.0,5.28,76056.0
2026-03-02,1513.0,1629.5,1500.6,1541.85,163144,EQ,27157.0,6.01,74013.0
2026-03-04,1511.5,1637.95,1497.4,1610.15,379710,EQ,50569.0,7.51,90647.0
2026-03-05,1604.55,1643.0,1519.3,1548.3,131139,EQ,29317.0,4.47,50656.0
2026-03-06,1547.5,1599.25,1504.2,1510.9,95350,EQ,18315.0,5.21,23498.0
2026-03-09,1497.5,1525.0,1470.0,1499.35,107749,EQ,18671.0,5.77,49371.0
2026-03-10,1538.75,1584.0,1526.15,1570.1,110582,EQ,20382.0,5.43,46569.0
2026-03-11,1590.0,1642.5,1549.25,1557.2,128805,EQ,19825.0,6.5,51611.0
2026-03-12,1559.0,1604.5,1516.25,1575.9,85573,EQ,14841.0,5.77,32992.0
2026-03-13,1571.1,1608.0,1480.0,1576.6,372789,EQ,29437.0,12.66,133379.0
2026-03-16,1555.0,1567.4,1493.1,1528.6,182306,EQ,18240.0,9.99,54698.0
2026-03-17,1525.0,1539.5,1464.0,1474.7,225228,EQ,31196.0,7.22,93502.0
2026-03-18,1465.4,1522.7,1461.1,1486.0,171836,EQ,22451.0,7.65,76466.0
2026-03-19,1475.0,1498.5,1451.2,1456.8,173783,EQ,23648.0,7.35,66112.0
2026-03-20,1475.0,1497.9,1450.0,1469.0,157266,EQ,15602.0,10.08,78349.0
2026-03-23,1455.0,1471.1,1400.0,1403.7,189724,EQ,23259.0,8.16,101210.0
2026-03-24,1457.2,1472.3,1401.5,1461.4,195605,EQ,23364.0,8.37,97992.0
2026-03-25,1461.4,1517.0,1453.9,1495.6,123060,EQ,15332.0,8.03,54670.0
2026-03-27,1475.9,1485.7,1419.6,1462.8,381117,EQ,44595.0,8.55,180639.0
2026-03-30,1450.1,1450.1,1375.0,1387.2,305001,EQ,40586.0,7.51,138505.0
2026-04-01,1416.9,1493.5,1412.1,1484.2,246271,EQ,29220.0,8.43,97143.0
2026-04-02,1431.0,1455.5,1405.3,1446.9,301587,EQ,34458.0,8.75,149347.0
2026-04-06,1461.4,1508.0,1432.0,1503.4,103604,EQ,16089.0,6.44,37906.0
2026-04-07,1503.4,1532.9,1488.1,1495.2,177905,EQ,21500.0,8.27,91005.0
2026-04-08,1565.0,1572.9,1511.4,1544.5,137383,EQ,20893.0,6.58,61628.0
2026-04-09,1544.3,1544.3,1485.0,1495.9,225507,EQ,23318.0,9.67,106123.0
2026-04-10,1499.6,1510.0,1477.6,1498.5,365816,EQ,24645.0,14.84,221923.0
2026-04-13,1481.8,1481.8,1441.7,1450.5,227929,EQ,18171.0,12.54,129151.0
2026-04-15,1470.0,1513.6,1462.8,1489.1,428487,EQ,35773.0,11.98,276344.0
2026-04-16,1520.0,1603.4,1512.3,1551.3,1037418,EQ,65939.0,15.73,339856.0
2026-04-17,1563.7,1650.0,1555.8,1631.1,613573,EQ,39444.0,15.56,229336.0
2026-04-20,1630.0,1667.8,1590.0,1619.8,494699,EQ,34475.0,14.35,206495.0
2026-04-21,1630.0,1636.8,1560.0,1564.1,254895,EQ,17214.0,14.81,117588.0
2026-04-22,1564.0,1576.6,1475.2,1499.5,606629,EQ,39457.0,15.37,334631.0
2026-04-23,1502.0,1522.7,1473.2,1484.5,333962,EQ,27516.0,12.14,177256.0
2026-04-24,1493.1,1508.0,1434.0,1468.0,257800,EQ,21781.0,11.84,129993.0
2026-04-27,1492.4,1509.0,1457.4,1479.3,125896,EQ,13033.0,9.66,52333.0
2026-04-28,1479.3,1487.9,1441.9,1449.1,140386,EQ,14680.0,9.56,68533.0
2026-04-29,1456.1,1484.4,1406.5,1416.2,192357,EQ,13258.0,14.51,112073.0
2026-04-30,1416.2,1453.9,1393.4,1429.0,192014,EQ,14744.0,13.02,77474.0
2026-05-04,1442.7,1445.0,1385.2,1419.3,436752,EQ,31246.0,13.98,236286.0
2026-05-05,1419.0,1477.9,1409.5,1448.8,391208,EQ,26873.0,14.56,189230.0
2026-05-06,1460.9,1594.9,1458.9,1581.5,722545,EQ,47637.0,15.17,240550.0
2026-05-07,1594.2,1625.0,1560.0,1593.7,342449,EQ,35331.0,9.69,120656.0
2026-05-08,1590.0,1692.4,1589.2,1668.7,661747,EQ,46462.0,14.24,269782.0
2026-05-11,1665.0,1714.0,1612.9,1688.0,413708,EQ,33697.0,12.28,175270.0
2026-05-12,1695.0,1695.0,1618.0,1638.4,266780,EQ,25669.0,10.39,116101.0
2026-05-13,1632.0,1632.0,1513.6,1531.7,664313,EQ,48253.0,13.77,222708.0
2026-05-14,1555.5,1580.0,1465.2,1518.5,563850,EQ,47281.0,11.93,196355.0
2026-05-15,1536.0,1577.6,1466.2,1483.1,254332,EQ,22717.0,11.2,90939.0
2026-05-18,1460.0,1498.0,1436.5,1474.4,195399,EQ,19200.0,10.18,81042.0
2026-05-19,1492.9,1617.6,1490.0,1553.8,1682493,EQ,88701.0,18.97,263319.0
2026-05-20,1553.9,1575.8,1513.0,1518.1,181636,EQ,15169.0,11.97,68725.0
2026-05-21,1531.0,1562.6,1519.1,1537.0,187361,EQ,12884.0,14.54,83855.0
2026-05-22,1544.9,1585.9,1529.1,1577.7,211283,EQ,12956.0,16.31,115156.0
2026-05-25,1580.5,1621.0,1570.6,1588.1,242118,EQ,20755.0,11.67,106858.0
2026-05-26,1587.4,1604.0,1554.5,1567.3,165942,EQ,14452.0,11.48,78317.0
2026-05-27,1565.1,1575.0,1529.8,1540.9,133040,EQ,11371.0,11.7,53939.0
2026-05-29,1547.3,1556.4,1489.0,1507.8,186077,EQ,18770.0,9.91,95071.0
2026-06-01,1516.6,1539.3,1467.2,1474.1,177318,EQ,22436.0,7.9,87999.0
2026-06-02,1465.1,1551.0,1447.0,1517.2,298335,EQ,28378.0,10.51,132715.0
2026-06-03,1519.0,1524.2,1423.7,1439.4,436344,EQ,34635.0,12.6,246392.0
2026-06-04,1431.7,1432.0,1403.0,1407.6,246205,EQ,23968.0,10.27,110507.0
2026-06-05,1410.0,1431.0,1371.2,1380.1,186264,EQ,16013.0,11.63,80744.0
2026-06-08,1375.0,1408.0,1341.2,1384.8,207300,EQ,20611.0,10.06,72982.0
2026-06-09,1384.8,1421.8,1362.0,1415.1,241360,EQ,26850.0,8.99,99441.0
2026-06-10,1415.0,1424.9,1354.0,1359.8,148597,EQ,14673.0,10.13,73204.0
2026-06-11,1361.9,1369.0,1321.0,1336.9,164063,EQ,17909.0,9.16,69266.0
2026-06-12,1354.3,1399.9,1344.4,1396.0,118498,EQ,11230.0,10.55,53200.0
2026-06-15,1435.0,1446.0,1396.7,1406.1,248967,EQ,24038.0,10.36,133473.0
2026-06-16,1410.0,1444.0,1401.2,1436.1,178469,EQ,19354.0,9.22,81179.0
2026-06-17,1448.8,1472.0,1425.0,1456.4,190252,EQ,18343.0,10.37,82721.0
2026-06-18,1456.0,1456.0,1420.1,1448.1,179854,EQ,19700.0,9.13,78387.0
2026-06-19,1440.0,1440.0,1393.0,1418.7,242043,EQ,24975.0,9.69,98322.0
2026-06-22,1418.7,1459.3,1418.7,1449.8,127294,EQ,14010.0,9.09,53553.0
2026-06-23,1442.7,1442.7,1378.0,1384.5,364084,EQ,29903.0,12.18,216759.0
2026-06-24,1390.9,1412.0,1377.8,1394.1,219440,EQ,16886.0,13.0,115908.0
2026-06-25,1399.0,1413.1,1375.6,1404.5,225774,EQ,16941.0,13.33,106167.0
2026-06-29,1387.1,1403.4,1332.0,1345.3,470586,EQ,40174.0,11.71,273966.0
2026-06-30,1359.9,1373.8,1320.0,1324.9,283014,EQ,28250.0,10.02,158589.0
2026-07-01,1330.0,1364.8,1328.2,1332.4,104142,EQ,10789,9.65,48237
2026-07-02,1341.3,1439.9,1341.1,1391.3,911226,EQ,47961,19.0,258437
2026-07-03,1404.0,1511.8,1404.0,1488.8,1311540,EQ,76323,17.18,254506
2026-07-06,1499.0,1525.0,1464.9,1498.3,325951,EQ,30818,10.58,155182
2026-07-07,1500.0,1517.3,1482.0,1501.5,158255,EQ,18976,8.34,64118
2026-07-08,1494.0,1529.9,1462.0,1477.3,224401,EQ,25155,8.92,106543
2026-07-09,1484.6,1566.7,1465.4,1556.4,440139,EQ,38489,11.44,182784
2026-07-10,1563.9,1629.0,1560.0,1621.7,484381,EQ,40483,11.97,253185
2026-07-13,1615.0,1670.3,1602.1,1662.9,309915,EQ,33492,9.25,144879
2026-07-14,1658.4,1723.0,1620.0,1718.3,551894,EQ,43030,12.83,276688
2026-07-15,1715.0,1747.0,1666.1,1713.7,474652,EQ,48029,9.88,208571
2026-07-16,1705.2,1787.0,1698.1,1759.7,503070,EQ,44202,11.38,238053
2026-07-17,1760.0,2025.0,1744.2,1979.8,3503720,EQ,169347,20.69,623261
2026-07-20,1926.0,1976.0,1803.2,1877.5,1618496,EQ,103759,15.6,193329
2026-07-21,1876.9,1945.0,1865.2,1924.0,377469,EQ,27744,13.61,86616
2026-07-22,1935.4,1974.4,1865.2,1946.9,382826,EQ,32397,11.82,171899
2026-07-23,1912.0,1918.0,1855.1,1889.4,320454,EQ,29161,10.99,105700
2026-07-24,1880.5,1898.6,1811.0,1861.5,205758,EQ,23659,8.7,75904
2026-07-27,1860.0,1896.0,1735.0,1811.7,436178,EQ,42380,10.29,161206
2026-07-28,1811.7,1932.4,1811.7,1897.7,464365,EQ,34100,13.62,80936
2026-07-29,1914.5,1964.4,1864.6,1951.8,335707,EQ,26740,12.55,126393
2026-07-30,1890.0,1994.6,1890.0,1910.9,211972,EQ,23025,9.21,70662
2026-07-31,1910.9,1914.0,1834.8,1845.5,208459,EQ,32444,6.43,95070
2026-08-03,1860.1,1945.0,1852.0,1922.2,159968,EQ,18099,8.84,59704
2026-08-04,1898.2,1945.0,1882.0,1919.2,98270,EQ,10323,9.52,35927
2026-08-05,1924.9,1939.5,1895.0,1917.8,99708,EQ,9603,10.38,42185
2026-08-06,1890.0,1898.0,1811.3,1872.4,773314,EQ,62259,12.42,449452
2026-08-07,1859.2,1895.0,1756.3,1769.1,378424,EQ,33591,11.27,208472
2026-08-10,1769.0,1794.0,1750.0,1763.3,137850,EQ,11240,12.26,71029
2026-08-11,1765.0,1830.0,1733.0,1795.6,240474,EQ,24632,9.76,88354
2026-08-12,1806.0,1822.0,1781.4,1810.2,98896,EQ,10032,9.86,51617
2026-08-13,1790.0,1881.0,1770.2,1869.4,180076,EQ,17422,10.34,85567
2026-08-14,1879.0,1925.4,1862.1,1897.0,179772,EQ,16942,10.61,72051
2026-08-17,1891.6,1891.6,1829.5,1848.9,172306,EQ,14420,11.95,106378
2026-08-18,1850.1,1854.0,1773.9,1805.2,141785,EQ,17495,8.1,58077
2026-08-19,1806.0,1855.2,1791.0,1832.9,122581,EQ,12999,9.43,44246
2026-08-20,1835.0,1840.8,1797.0,1804.8,158765,EQ,21279,7.46,104680
2026-08-21,1812.1,1831.7,1785.2,1815.7,77989,EQ,8596,9.07,33451
2026-08-24,1815.7,1869.3,1812.2,1822.8,126574,EQ,18843,6.72,53381
2026-08-25,1836.8,1890.0,1815.0,1879.5,192701,EQ,21721,8.87,71657
2026-08-26,1891.4,1962.5,1891.4,1944.0,390435,EQ,32363,12.06,150415
2026-08-27,1942.0,1972.2,1915.3,1940.9,181165,EQ,23092,7.85,76165
2026-08-28,1938.9,1998.0,1930.0,1955.5,188636,EQ,20551,9.18,67147
2026-08-31,1955.5,2062.0,1937.7,1976.9,1175626,EQ,86208,13.64,209757
