Date,Open,High,Low,Close,Volume,Series,TOTAL_TRADES,QTY_PER_TRADE,DLV_QTY
2005-08-29,10.95,11.4,9.8,10.1,172537,EQ,,,
2005-08-30,10.15,10.15,9.55,9.6,97639,EQ,,,
2005-08-31,10.0,10.0,9.5,9.55,62384,EQ,,,
2005-09-01,9.7,9.7,9.55,9.55,20534,EQ,,,
2005-09-02,9.7,9.7,9.4,9.45,26192,EQ,,,
2005-09-05,9.75,9.8,9.2,9.3,129652,EQ,,,
2005-09-06,9.4,10.75,9.3,10.4,300055,EQ,,,
2005-09-08,12.45,12.45,10.5,10.7,241281,EQ,,,
2005-09-09,10.8,10.9,10.35,10.4,111365,EQ,,,
2005-09-12,10.65,11.2,10.55,11.05,109667,EQ,,,
2005-09-13,11.1,12.9,10.9,12.25,300911,EQ,,,
2005-09-14,12.45,12.8,11.6,11.95,268728,EQ,,,
2005-09-15,11.85,12.3,11.85,11.95,82174,EQ,,,
2005-09-16,12.1,12.5,11.9,11.95,82463,EQ,,,
2005-09-19,12.0,12.1,11.4,11.85,70473,EQ,,,
2005-09-20,11.9,11.9,11.1,11.2,44330,EQ,,,
2005-09-21,11.2,11.4,10.05,10.8,39583,EQ,,,
2005-09-22,11.25,11.25,9.6,9.7,26421,EQ,,,
2005-09-23,9.75,10.1,9.4,9.95,25271,EQ,,,
2005-09-26,10.05,10.75,10.05,10.6,17813,EQ,,,
2005-09-27,10.8,11.1,10.75,10.85,21171,EQ,,,
2005-09-28,10.75,10.8,10.35,10.45,6396,EQ,,,
2005-09-29,10.75,10.75,9.8,10.1,9106,EQ,,,
2005-09-30,9.9,9.95,9.45,9.75,16391,EQ,,,
2005-10-03,9.9,10.1,9.7,9.85,13739,EQ,,,
2005-10-04,10.0,10.45,9.8,9.95,14961,EQ,,,
2005-10-05,9.9,10.2,9.75,9.8,5935,EQ,,,
2005-10-06,10.2,10.2,9.65,9.65,6465,EQ,,,
2005-10-07,9.7,9.9,9.4,9.4,22275,EQ,,,
2005-10-10,9.45,9.55,9.3,9.35,10573,EQ,,,
2005-10-11,9.3,9.4,9.2,9.25,9601,EQ,,,
2005-10-13,9.3,9.3,9.1,9.1,8136,EQ,,,
2005-10-14,9.15,9.2,8.6,8.8,17134,EQ,,,
2005-10-17,8.85,8.85,8.55,8.65,10947,EQ,,,
2005-10-18,8.85,8.85,8.6,8.7,4200,EQ,,,
2005-10-19,8.7,8.8,8.2,8.25,12276,EQ,,,
2005-10-20,8.25,8.35,7.0,7.65,11913,EQ,,,
2005-10-21,7.6,8.1,7.5,8.0,11436,EQ,,,
2005-10-24,8.1,8.25,7.9,7.95,10811,EQ,,,
2005-10-25,8.1,8.1,7.85,7.95,2339,EQ,,,
2005-10-26,8.0,8.0,7.9,7.9,2805,EQ,,,
2005-10-27,7.9,8.0,7.5,7.65,9460,EQ,,,
2005-10-28,7.65,7.65,7.1,7.2,15368,EQ,,,
2005-10-31,7.4,7.4,6.9,7.4,23914,EQ,,,
2005-11-01,7.8,7.95,7.65,7.9,9910,EQ,,,
2005-11-02,7.65,7.95,7.6,7.9,7736,EQ,,,
2005-11-07,7.95,8.0,7.7,7.75,33006,EQ,,,
2005-11-08,7.65,8.0,7.65,7.7,74988,EQ,,,
2005-11-09,7.9,8.05,7.8,7.9,23093,EQ,,,
2005-11-10,7.9,8.1,7.7,7.7,59841,EQ,,,
2005-11-11,7.7,7.9,7.65,7.7,44507,EQ,,,
2005-11-14,7.65,7.85,7.6,7.7,14662,EQ,,,
2005-11-16,8.2,8.2,7.5,7.6,54680,EQ,,,
2005-11-17,7.7,8.0,7.55,7.6,114142,EQ,,,
2005-11-18,7.6,7.8,7.6,7.7,158385,EQ,,,
2005-11-21,7.75,7.95,7.7,7.9,18665,EQ,,,
2005-11-22,7.9,9.1,7.9,8.9,170814,EQ,,,
2005-11-23,9.0,9.4,8.65,9.0,127738,EQ,,,
2005-11-24,9.0,9.7,9.0,9.15,118359,EQ,,,
2005-11-25,9.25,9.3,8.8,8.85,47460,EQ,,,
2005-11-26,8.8,9.15,8.8,8.95,20341,EQ,,,
2005-11-28,9.1,9.4,8.85,8.9,26712,EQ,,,
2005-11-29,8.8,8.85,8.4,8.45,30228,EQ,,,
2005-11-30,8.55,8.7,7.55,8.2,35414,EQ,,,
2005-12-01,8.2,8.3,8.05,8.25,45270,EQ,,,
2005-12-02,8.2,8.65,8.2,8.3,54663,EQ,,,
2005-12-05,8.35,8.5,8.3,8.4,26729,EQ,,,
2005-12-06,8.55,9.9,8.4,9.5,347644,EQ,,,
2005-12-07,9.55,9.9,9.4,9.7,242491,EQ,,,
2005-12-08,9.65,10.0,9.6,9.85,113924,EQ,,,
2005-12-09,10.05,10.3,9.95,10.05,88719,EQ,,,
2005-12-12,10.1,10.65,9.8,10.4,129708,EQ,,,
2005-12-13,10.55,10.85,10.25,10.65,113112,EQ,,,
2005-12-14,10.6,10.75,10.15,10.35,64103,EQ,,,
2005-12-15,10.45,10.45,9.75,10.05,27478,EQ,,,
2005-12-16,10.15,10.15,10.0,10.0,17914,EQ,,,
2005-12-19,9.5,10.3,9.5,10.0,15676,EQ,,,
2005-12-20,10.0,10.1,9.85,10.0,26876,EQ,,,
2005-12-21,10.05,10.15,9.95,10.0,30346,EQ,,,
2005-12-22,10.05,10.3,10.0,10.15,33993,EQ,,,
2005-12-23,10.6,11.25,10.2,10.3,75875,EQ,,,
2005-12-26,10.4,10.75,10.1,10.15,41119,EQ,,,
2005-12-27,10.2,12.2,10.0,12.1,422038,EQ,,,
2005-12-28,12.45,14.3,12.1,14.0,3102859,EQ,,,
2005-12-29,14.1,15.3,13.6,14.8,2884692,EQ,,,
2005-12-30,14.9,15.45,14.6,14.8,1203034,EQ,,,
2006-01-02,14.9,16.3,14.9,16.3,1105274,EQ,,,
2006-01-03,16.7,17.8,16.2,16.45,1500096,EQ,,,
2006-01-04,16.5,17.35,16.15,16.4,619849,EQ,,,
2006-01-05,16.6,16.6,15.9,16.0,346327,EQ,,,
2006-01-06,16.0,16.0,15.3,15.4,203627,EQ,,,
2006-01-09,15.75,16.9,15.45,16.9,266129,EQ,,,
2006-01-10,16.95,18.15,16.95,17.2,629510,EQ,,,
2006-01-12,17.1,18.6,16.5,18.0,636749,EQ,,,
2006-01-13,18.2,19.8,18.1,19.8,333773,EQ,,,
2006-01-16,20.3,20.8,19.05,19.4,634759,EQ,,,
2006-01-17,19.65,20.4,18.7,18.85,259069,EQ,,,
2006-01-18,18.9,19.0,17.9,17.9,228635,EQ,,,
2006-01-19,18.4,18.85,17.85,18.85,110536,EQ,,,
2006-01-20,19.65,19.75,19.35,19.75,23877,EQ,,,
2006-01-23,20.25,20.8,19.8,20.8,319577,EQ,,,
2006-01-24,21.6,21.8,21.0,21.8,124523,EQ,,,
2006-01-25,22.9,22.9,22.65,22.9,29142,EQ,,,
2006-01-27,24.05,24.05,21.95,22.4,461659,EQ,,,
2006-01-30,23.1,23.55,21.4,21.5,182721,EQ,,,
2006-01-31,21.7,22.6,20.55,22.5,355758,EQ,,,
2006-02-01,23.2,23.2,21.4,21.4,213588,EQ,,,
2006-02-02,21.75,22.0,20.55,20.65,112137,EQ,,,
2006-02-03,20.7,21.0,20.15,20.35,95215,EQ,,,
2006-02-06,20.8,21.4,19.55,21.4,78440,EQ,,,
2006-02-07,22.4,22.4,21.45,21.55,97688,EQ,,,
2006-02-08,21.0,21.45,20.7,20.9,74965,EQ,,,
2006-02-10,21.4,21.4,19.9,20.25,99271,EQ,,,
2006-02-13,20.5,20.85,20.0,20.15,46307,EQ,,,
2006-02-14,19.85,21.15,19.8,21.15,106620,EQ,,,
2006-02-15,22.15,22.15,20.25,20.35,137001,EQ,,,
2006-02-16,20.8,21.2,20.3,20.35,51952,EQ,,,
2006-02-17,20.75,20.75,19.35,19.55,44054,EQ,,,
2006-02-20,19.5,19.95,18.9,19.15,47197,EQ,,,
2006-02-21,19.7,19.9,19.05,19.3,50444,EQ,,,
2006-02-22,19.35,19.35,18.5,18.55,33397,EQ,,,
2006-02-23,18.45,19.5,18.1,19.4,181622,EQ,,,
2006-02-24,19.75,20.1,19.0,19.15,90146,EQ,,,
2006-02-27,19.1,19.95,18.9,19.1,78147,EQ,,,
2006-02-28,19.35,19.9,18.6,19.3,117181,EQ,,,
2006-03-01,19.4,20.3,19.05,20.3,81830,EQ,,,
2006-03-02,21.3,21.3,19.8,20.0,110052,EQ,,,
2006-03-03,19.8,20.2,19.65,19.7,33856,EQ,,,
2006-03-06,19.95,19.95,19.35,19.4,38949,EQ,,,
2006-03-07,19.65,19.65,18.75,19.15,20828,EQ,,,
2006-03-08,18.85,19.1,18.2,18.2,83706,EQ,,,
2006-03-09,18.45,18.6,17.3,17.5,43384,EQ,,,
2006-03-10,17.6,18.4,17.6,18.4,47466,EQ,,,
2006-03-13,19.3,19.3,19.3,19.3,13020,EQ,,,
2006-03-14,20.2,20.3,20.2,20.3,67450,EQ,,,
2006-03-16,21.3,21.3,19.4,19.6,210175,EQ,,,
2006-03-17,19.7,20.6,19.0,20.55,179284,EQ,,,
2006-03-20,21.1,21.6,21.1,21.6,165250,EQ,,,
2006-03-21,22.5,22.7,22.5,22.7,64316,EQ,,,
2006-03-22,23.4,23.8,21.6,22.3,277026,EQ,,,
2006-03-23,22.7,23.45,22.65,23.45,157435,EQ,,,
2006-03-24,24.6,24.65,23.7,24.65,252702,EQ,,,
2006-03-27,25.0,25.55,24.0,24.25,217918,EQ,,,
2006-03-28,24.8,25.3,23.05,23.05,237905,EQ,,,
2006-03-29,23.1,23.7,22.1,22.8,136826,EQ,,,
2006-03-30,22.8,23.55,22.35,22.55,63706,EQ,,,
2006-03-31,22.9,23.35,22.25,22.4,64932,EQ,,,
2006-04-03,22.65,23.55,22.65,23.3,168762,EQ,,,
2006-04-04,23.7,23.7,22.4,22.6,81970,EQ,,,
2006-04-05,22.9,23.15,22.35,22.4,57197,EQ,,,
2006-04-07,23.1,23.55,22.35,23.1,247126,EQ,,,
2006-04-10,23.6,24.25,22.7,24.25,243988,EQ,,,
2006-04-12,24.45,25.1,23.05,23.1,287650,EQ,,,
2006-04-13,23.05,23.7,22.05,22.6,86552,EQ,,,
2006-04-17,23.0,23.6,22.65,22.95,62051,EQ,,,
2006-04-18,23.2,23.4,22.2,22.4,54757,EQ,,,
2006-04-19,22.95,23.25,22.2,22.4,51095,EQ,,,
2006-04-20,22.8,22.8,22.05,22.1,22869,EQ,,,
2006-04-21,22.65,22.8,21.75,22.1,43021,EQ,,,
2006-04-24,22.1,23.2,22.1,23.2,52858,EQ,,,
2006-04-25,23.85,23.85,22.35,22.5,49591,EQ,,,
2006-04-26,22.5,23.1,22.4,22.65,33225,EQ,,,
2006-04-27,22.65,23.25,22.5,22.6,34644,EQ,,,
2006-04-28,22.1,22.4,21.6,22.2,35509,EQ,,,
2006-04-29,22.7,23.25,22.35,22.45,27209,EQ,,,
2006-05-02,22.75,23.1,22.65,22.7,26276,EQ,,,
2006-05-03,22.35,23.25,22.35,22.8,46920,EQ,,,
2006-05-04,22.9,23.5,22.7,22.9,61485,EQ,,,
2006-05-05,23.4,24.05,23.4,23.8,161800,EQ,,,
2006-05-08,24.15,24.95,24.15,24.95,93960,EQ,,,
2006-05-09,25.4,26.2,25.4,26.2,81350,EQ,,,
2006-05-10,27.5,27.5,25.2,25.65,200373,EQ,,,
2006-05-11,25.65,26.4,24.6,25.4,101155,EQ,,,
2006-05-12,25.2,26.25,24.75,25.4,81616,EQ,,,
2006-05-15,25.4,25.4,24.15,24.2,43539,EQ,,,
2006-05-16,23.55,24.0,22.95,23.2,42385,EQ,,,
2006-05-17,23.6,24.25,23.5,23.8,24210,EQ,,,
2006-05-18,22.85,23.1,22.65,22.65,12684,EQ,,,
2006-05-19,22.5,23.2,21.5,21.5,15143,EQ,,,
2006-05-22,21.5,22.05,20.45,20.45,19354,EQ,,,
2006-05-23,19.4,20.4,19.4,20.1,20932,EQ,,,
2006-05-24,19.5,21.1,19.1,19.3,15711,EQ,,,
2006-05-25,18.9,19.65,18.6,19.25,16039,EQ,,,
2006-05-26,19.9,20.2,19.65,20.0,21754,EQ,,,
2006-05-29,20.65,21.0,20.4,20.55,25646,EQ,,,
2006-05-30,20.55,20.85,19.6,20.0,10986,EQ,,,
2006-05-31,19.45,19.45,19.0,19.1,14593,EQ,,,
2006-06-01,19.5,19.95,18.2,18.2,14102,EQ,,,
2006-06-02,18.45,18.75,17.35,17.6,33192,EQ,,,
2006-06-05,18.2,18.5,17.85,18.45,22562,EQ,,,
2006-06-06,17.85,18.15,17.5,17.8,15025,EQ,,,
2006-06-07,17.2,17.55,16.9,16.9,7366,EQ,,,
2006-06-08,16.95,16.95,16.1,16.1,576,EQ,,,
2006-06-09,15.75,15.9,15.25,15.25,37348,EQ,,,
2006-06-12,15.25,15.25,14.5,14.5,17671,EQ,,,
2006-06-13,14.5,14.5,13.8,13.8,572,EQ,,,
2006-06-14,13.35,13.35,13.1,13.1,5085,EQ,,,
2006-06-15,12.65,13.75,12.45,13.75,29946,EQ,,,
2006-06-16,14.4,14.5,14.25,14.5,14161,EQ,,,
2006-06-19,15.0,15.2,14.65,15.2,27563,EQ,,,
2006-06-20,15.3,15.95,14.55,15.95,8986,EQ,,,
2006-06-21,16.75,16.75,16.75,16.75,2296,EQ,,,
2006-06-22,17.6,17.6,17.6,17.6,7015,EQ,,,
2006-06-23,18.45,18.5,17.1,18.45,98553,EQ,,,
2006-06-25,19.35,19.35,18.05,18.55,6317,EQ,,,
2006-06-26,18.75,18.9,17.6,17.6,17923,EQ,,,
2006-06-27,17.25,17.25,16.75,16.75,8160,EQ,,,
2006-06-28,16.1,17.35,15.9,16.85,11812,EQ,,,
2006-06-29,16.65,17.5,16.65,16.85,7886,EQ,,,
2006-06-30,17.1,17.5,16.65,17.15,26314,EQ,,,
2006-07-03,17.25,17.25,16.35,16.45,4674,EQ,,,
2006-07-04,16.3,16.9,16.0,16.15,2236,EQ,,,
2006-07-05,16.5,16.9,16.05,16.15,9662,EQ,,,
2006-07-06,16.8,16.8,15.65,16.0,6763,EQ,,,
2006-07-07,16.3,16.5,15.2,15.4,10786,EQ,,,
2006-07-10,15.15,15.3,14.75,15.0,18574,EQ,,,
2006-07-11,14.75,15.75,14.7,15.1,6833,EQ,,,
2006-07-12,14.55,15.4,14.55,15.0,8475,EQ,,,
2006-07-13,15.0,15.4,14.85,15.1,5864,EQ,,,
2006-07-14,14.65,15.3,14.65,15.15,7131,EQ,,,
2006-07-17,14.7,15.9,14.7,15.2,13673,EQ,,,
2006-07-18,15.15,15.3,14.7,14.8,9387,EQ,,,
2006-07-19,15.15,15.5,14.4,14.6,7053,EQ,,,
2006-07-20,14.7,14.9,14.25,14.75,3989,EQ,,,
2006-07-21,14.3,14.5,14.0,14.15,5347,EQ,,,
2006-07-24,14.4,14.4,13.45,13.5,5427,EQ,,,
2006-07-25,13.8,14.1,13.4,13.75,10117,EQ,,,
2006-07-26,13.8,14.5,13.8,14.5,11569,EQ,,,
2006-07-27,15.0,15.2,14.7,15.2,3710,EQ,,,
2006-07-28,15.95,15.95,15.95,15.95,1467,EQ,,,
2006-07-31,16.5,16.65,16.05,16.1,18238,EQ,,,
2006-08-01,16.35,16.35,15.35,15.75,3647,EQ,,,
2006-08-02,16.3,16.35,15.5,15.65,6931,EQ,,,
2006-08-03,15.7,16.4,15.65,15.95,30083,EQ,,,
2006-08-04,15.75,16.3,15.55,15.75,13755,EQ,,,
2006-08-07,15.5,15.65,15.2,15.55,12606,EQ,,,
2006-08-08,15.55,16.3,15.4,15.6,5641,EQ,,,
2006-08-09,15.4,16.1,15.0,15.65,26005,EQ,,,
2006-08-10,15.95,16.4,15.95,16.4,37618,EQ,,,
2006-08-11,17.1,17.1,16.05,16.2,28794,EQ,,,
2006-08-14,16.8,17.0,16.55,16.7,20837,EQ,,,
2006-08-16,16.95,17.4,16.6,16.7,25075,EQ,,,
2006-08-17,16.2,17.2,16.2,16.45,12125,EQ,,,
2006-08-18,16.35,16.65,16.3,16.3,4700,EQ,,,
2006-08-21,16.4,16.5,16.25,16.35,3860,EQ,,,
2006-08-22,16.4,17.1,15.95,16.7,12027,EQ,,,
2006-08-23,16.7,17.55,16.55,17.5,55211,EQ,,,
2006-08-24,17.5,18.25,16.95,17.35,63663,EQ,,,
2006-08-25,17.85,18.1,17.35,17.8,31583,EQ,,,
2006-08-28,18.0,18.2,17.25,17.95,35768,EQ,,,
2006-08-29,18.0,18.85,17.4,17.65,58123,EQ,,,
2006-08-30,18.05,18.45,17.5,17.95,57635,EQ,,,
2006-08-31,18.05,18.2,17.5,17.55,11337,EQ,,,
2006-09-01,17.6,18.1,17.35,17.5,23563,EQ,,,
2006-09-04,17.8,18.05,17.25,17.4,13765,EQ,,,
2006-09-05,18.15,18.3,17.35,18.3,100117,EQ,,,
2006-09-06,18.85,19.2,18.3,19.0,50076,EQ,,,
2006-09-07,19.05,19.9,18.75,19.0,89881,EQ,,,
2006-09-08,18.85,19.65,18.6,19.05,59208,EQ,,,
2006-09-11,19.3,19.3,18.1,18.1,17707,EQ,,,
2006-09-12,18.0,18.65,17.6,18.15,60540,EQ,,,
2006-09-13,18.55,19.05,18.4,18.55,19739,EQ,,,
2006-09-14,18.65,18.7,17.9,18.1,14657,EQ,,,
2006-09-15,17.9,18.5,17.85,18.0,11566,EQ,,,
2006-09-18,18.1,18.3,17.7,17.9,9299,EQ,,,
2006-09-19,18.05,18.3,17.6,17.8,10321,EQ,,,
2006-09-20,17.85,17.85,17.55,17.6,3753,EQ,,,
2006-09-21,17.75,17.9,17.55,17.6,4224,EQ,,,
2006-09-22,17.55,17.85,17.5,17.55,7140,EQ,,,
2006-09-25,18.0,18.4,17.5,17.5,4032,EQ,,,
2006-09-26,17.7,17.7,17.4,17.55,4211,EQ,,,
2006-09-27,17.4,17.85,17.4,17.6,7517,EQ,,,
2006-09-28,17.7,17.8,17.4,17.45,4627,EQ,,,
2006-09-29,17.5,18.25,17.4,18.05,7262,EQ,,,
2006-10-03,18.4,18.4,17.6,17.8,7539,EQ,,,
2006-10-04,17.9,18.3,17.6,17.7,10651,EQ,,,
2006-10-05,17.9,18.0,17.6,17.75,8041,EQ,,,
2006-10-06,17.85,18.0,17.55,17.75,27299,EQ,,,
2006-10-09,17.7,18.0,17.25,17.75,12084,EQ,,,
2006-10-10,18.3,18.35,17.85,17.9,13411,EQ,,,
2006-10-11,18.4,18.4,17.55,17.6,9785,EQ,,,
2006-10-12,17.55,17.85,17.55,17.75,3653,EQ,,,
2006-10-13,18.0,18.0,17.6,17.8,11571,EQ,,,
2006-10-16,18.3,18.4,17.65,17.8,14964,EQ,,,
2006-10-17,17.7,17.95,17.5,17.5,3140,EQ,,,
2006-10-18,17.55,17.8,17.45,17.6,2753,EQ,,,
2006-10-19,17.6,17.7,16.85,17.45,12197,EQ,,,
2006-10-20,17.7,17.7,17.3,17.5,4016,EQ,,,
2006-10-21,18.3,18.3,17.5,17.6,2578,EQ,,,
2006-10-23,17.6,17.6,17.5,17.55,3036,EQ,,,
2006-10-26,17.6,17.7,17.3,17.35,4213,EQ,,,
2006-10-27,17.4,17.8,17.3,17.65,7345,EQ,,,
2006-10-30,18.0,18.15,17.5,17.55,12495,EQ,,,
2006-10-31,17.55,17.55,17.25,17.35,6787,EQ,,,
2006-11-01,17.8,18.2,17.3,18.2,25847,EQ,,,
2006-11-02,18.3,19.1,18.0,18.3,34672,EQ,,,
2006-11-03,18.3,18.6,18.0,18.1,10352,EQ,,,
2006-11-06,18.15,19.0,17.8,19.0,60064,EQ,,,
2006-11-07,19.7,19.7,18.1,18.55,12528,EQ,,,
2006-11-08,18.6,18.75,18.1,18.3,17705,EQ,,,
2006-11-09,18.3,18.5,17.8,17.85,9853,EQ,,,
2006-11-10,18.0,18.15,17.5,17.5,19901,EQ,,,
2006-11-13,17.7,18.4,17.7,18.25,14744,EQ,,,
2006-11-14,18.7,18.7,17.6,17.9,6504,EQ,,,
2006-11-15,17.85,18.7,17.8,18.25,22312,EQ,,,
2006-11-16,18.45,18.45,17.6,17.75,26186,EQ,,,
2006-11-17,17.65,17.85,17.1,17.25,14330,EQ,,,
2006-11-20,16.5,17.25,16.5,16.8,15910,EQ,,,
2006-11-21,16.95,17.2,16.7,16.8,15145,EQ,,,
2006-11-22,17.2,17.25,16.65,16.7,5733,EQ,,,
2006-11-23,16.95,17.1,16.4,16.55,6886,EQ,,,
2006-11-24,16.55,16.95,16.2,16.3,3927,EQ,,,
2006-11-27,16.6,17.15,16.4,17.1,49406,EQ,,,
2006-11-28,17.35,17.85,17.25,17.6,29338,EQ,,,
2006-11-29,18.0,18.5,18.0,18.5,18406,EQ,,,
2006-11-30,19.2,19.2,18.0,18.15,38545,EQ,,,
2006-12-01,18.45,18.6,18.1,18.2,15008,EQ,,,
2006-12-04,18.7,18.7,17.85,18.3,19100,EQ,,,
2006-12-05,18.6,18.6,18.1,18.2,10805,EQ,,,
2006-12-06,18.65,18.7,18.0,18.15,10118,EQ,,,
2006-12-07,18.05,18.2,17.85,17.9,7854,EQ,,,
2006-12-08,18.0,18.0,17.55,17.65,7239,EQ,,,
2006-12-11,17.75,17.8,16.75,16.9,21519,EQ,,,
2006-12-12,16.8,16.9,16.0,16.0,9860,EQ,,,
2006-12-13,16.0,16.2,15.3,15.9,17645,EQ,,,
2006-12-14,16.35,16.55,15.75,16.15,16357,EQ,,,
2006-12-15,16.5,16.95,16.5,16.8,21790,EQ,,,
2006-12-18,16.95,17.1,16.35,16.8,13139,EQ,,,
2006-12-19,16.35,16.95,16.3,16.4,8917,EQ,,,
2006-12-20,16.4,16.7,16.1,16.15,4625,EQ,,,
2006-12-21,15.9,16.2,15.9,16.0,1899,EQ,,,
2006-12-22,15.9,16.05,15.9,16.0,9579,EQ,,,
2006-12-26,16.1,16.1,15.8,15.85,12876,EQ,,,
2006-12-27,16.2,16.2,15.5,15.7,22616,EQ,,,
2006-12-28,15.8,16.0,15.65,15.75,11789,EQ,,,
2006-12-29,16.0,16.0,15.3,15.4,10395,EQ,,,
2007-01-02,15.9,16.2,15.9,16.2,47010,EQ,,,
2007-01-03,17.0,17.0,16.9,17.0,11442,EQ,,,
2007-01-04,17.85,17.85,17.0,17.85,233818,EQ,,,
2007-01-05,18.15,18.55,17.15,17.35,94750,EQ,,,
2007-01-08,17.55,18.0,17.2,17.3,37600,EQ,,,
2007-01-09,17.55,17.7,17.1,17.2,28549,EQ,,,
2007-01-10,17.7,17.7,16.35,16.5,21800,EQ,,,
2007-01-11,17.25,17.25,16.5,16.6,14992,EQ,,,
2007-01-12,16.8,16.9,16.35,16.5,18149,EQ,,,
2007-01-15,16.8,16.8,16.5,16.65,16494,EQ,,,
2007-01-16,16.8,17.5,16.8,17.45,90979,EQ,,,
2007-01-17,18.0,18.35,17.7,18.35,54742,EQ,,,
2007-01-18,19.1,19.25,19.1,19.25,20855,EQ,,,
2007-01-19,19.5,20.2,18.6,20.2,256547,EQ,,,
2007-01-22,20.9,21.2,20.25,21.2,291746,EQ,,,
2007-01-23,21.4,22.1,20.55,21.4,268413,EQ,,,
2007-01-24,21.45,22.45,21.05,22.45,155021,EQ,,,
2007-01-25,23.05,23.6,22.7,23.6,104150,EQ,,,
2007-01-29,24.6,24.75,23.85,24.75,267388,EQ,,,
2007-01-31,25.5,26.0,23.7,24.95,289341,EQ,,,
2007-02-01,26.2,26.2,24.9,26.2,513719,EQ,,,
2007-02-02,26.1,27.1,25.3,25.7,281183,EQ,,,
2007-02-05,25.65,26.85,24.75,26.15,744671,EQ,,,
2007-02-06,25.65,26.25,24.85,25.1,123082,EQ,,,
2007-02-07,25.35,25.5,23.85,23.9,174803,EQ,,,
2007-02-08,23.1,23.9,23.1,23.35,71003,EQ,,,
2007-02-09,23.5,24.45,22.35,22.85,106329,EQ,,,
2007-02-12,22.05,22.8,21.7,21.7,28916,EQ,,,
2007-02-13,20.8,22.8,20.7,21.05,48783,EQ,,,
2007-02-14,20.95,21.15,20.1,20.55,27862,EQ,,,
2007-02-15,21.15,21.55,21.15,21.55,14742,EQ,,,
2007-02-19,22.35,22.6,21.8,22.0,65419,EQ,,,
2007-02-20,22.3,22.3,21.05,21.2,25691,EQ,,,
2007-02-21,21.2,21.2,20.2,20.4,24813,EQ,,,
2007-02-22,20.3,21.4,20.3,21.1,48362,EQ,,,
2007-02-23,21.45,21.45,20.05,20.05,26217,EQ,,,
2007-02-26,19.65,20.15,19.05,19.1,20731,EQ,,,
2007-02-27,19.1,20.0,18.75,19.7,20020,EQ,,,
2007-02-28,19.05,20.25,18.7,18.85,28463,EQ,,,
2007-03-01,19.0,19.65,18.85,19.35,30433,EQ,,,
2007-03-02,19.75,20.1,18.4,18.4,5579,BE,,,
2007-03-05,18.6,18.6,17.5,17.5,1718,BE,,,
2007-03-06,17.25,17.25,16.7,17.05,9174,BE,,,
2007-03-07,16.3,17.1,16.2,16.2,3590,BE,,,
2007-03-08,15.45,15.8,15.4,15.5,14734,BE,,,
2007-03-09,15.9,15.9,14.8,15.2,11470,BE,,,
2007-03-12,14.7,15.8,14.7,15.65,11311,BE,,,
2007-03-13,16.0,16.4,15.75,16.15,4000,BE,,,
2007-03-14,15.65,15.9,15.4,15.65,13203,BE,,,
2007-03-15,15.8,16.3,15.8,16.1,9270,BE,,,
2007-03-16,16.05,16.05,15.3,15.55,12017,BE,,,
2007-03-19,15.05,15.75,15.05,15.4,983,BE,,,
2007-03-20,16.1,16.15,15.4,16.05,3207,BE,,,
2007-03-21,15.3,16.15,15.3,15.5,5834,BE,,,
2007-03-22,15.75,16.0,15.5,15.6,5767,BE,,,
2007-03-23,15.5,15.75,15.4,15.4,1858,BE,,,
2007-03-26,15.4,15.4,14.7,15.0,8835,BE,,,
2007-03-28,14.3,15.0,14.25,14.3,11538,BE,,,
2007-03-29,14.3,14.85,14.3,14.55,2647,BE,,,
2007-03-30,14.4,15.3,14.4,15.3,3084,BE,,,
2007-04-02,16.0,16.0,14.55,14.75,9636,BE,,,
2007-04-03,15.15,15.4,14.9,15.15,1812,BE,,,
2007-04-04,15.75,15.9,15.2,15.3,2645,BE,,,
2007-04-05,15.0,15.6,15.0,15.4,2750,BE,,,
2007-04-09,15.7,16.1,15.6,15.7,14610,BE,,,
2007-04-10,16.0,16.5,15.55,16.3,9656,BE,,,
2007-04-11,17.0,17.05,16.4,16.55,9788,BE,,,
2007-04-12,17.05,17.05,16.2,16.45,3528,BE,,,
2007-04-13,16.95,16.95,16.5,16.65,2550,BE,,,
2007-04-16,16.5,17.2,16.05,16.95,1130,BE,,,
2007-04-17,16.8,16.95,16.3,16.6,3698,BE,,,
2007-04-18,16.4,17.2,16.3,16.5,4677,BE,,,
2007-04-19,16.5,16.5,16.1,16.25,2837,BE,,,
2007-04-20,15.75,16.95,15.75,16.4,3502,BE,,,
2007-04-23,16.5,16.6,15.6,16.1,4135,BE,,,
2007-04-24,15.9,16.35,15.8,15.85,2230,BE,,,
2007-04-25,15.15,16.5,15.15,15.9,1273,BE,,,
2007-04-26,15.8,15.9,15.15,15.2,4843,BE,,,
2007-04-27,14.9,15.45,14.7,15.25,7304,BE,,,
2007-04-30,15.4,15.65,15.0,15.1,2609,BE,,,
2007-05-03,15.6,15.75,15.15,15.25,2531,BE,,,
2007-05-04,15.15,15.6,15.15,15.3,33362,BE,,,
2007-05-07,16.0,16.05,15.3,15.4,3943,BE,,,
2007-05-08,15.3,15.65,14.85,14.9,4441,BE,,,
2007-05-09,15.3,15.3,14.55,14.9,7959,BE,,,
2007-05-10,15.0,15.2,14.8,14.9,3414,BE,,,
2007-05-11,14.7,15.4,14.7,14.8,1440,BE,,,
2007-05-14,14.85,15.15,14.6,14.95,1985,BE,,,
2007-05-15,14.85,14.85,14.55,14.6,5039,BE,,,
2007-05-16,14.6,15.0,14.6,14.85,15320,BE,,,
2007-05-17,14.85,15.15,14.6,14.9,2860,BE,,,
2007-05-18,14.7,14.8,14.5,14.7,2298,BE,,,
2007-05-21,14.8,15.0,14.5,14.65,9067,BE,,,
2007-05-22,14.4,14.9,14.25,14.3,15357,BE,,,
2007-05-23,14.4,14.55,14.25,14.3,3062,BE,,,
2007-05-24,14.5,14.5,14.1,14.2,4514,BE,,,
2007-05-25,14.1,14.4,14.1,14.1,5760,BE,,,
2007-05-28,14.3,14.4,13.95,14.05,5579,BE,,,
2007-05-29,14.3,14.4,14.15,14.35,2630,BE,,,
2007-05-30,14.0,14.25,13.85,14.15,2342,BE,,,
2007-05-31,14.25,14.25,13.7,14.05,3411,BE,,,
2007-06-01,14.1,14.2,13.95,14.1,3160,BE,,,
2007-06-04,13.8,14.0,13.4,13.65,13822,BE,,,
2007-06-05,13.8,14.0,13.6,13.9,4743,BE,,,
2007-06-06,13.9,13.95,13.65,13.7,8505,BE,,,
2007-06-07,13.8,13.8,13.4,13.6,2326,BE,,,
2007-06-08,14.05,14.25,13.9,14.25,4212,EQ,,,
2007-06-11,14.95,14.95,14.7,14.95,21010,EQ,,,
2007-06-12,15.55,15.6,14.45,14.9,17591,EQ,,,
2007-06-13,14.9,15.5,14.4,14.6,5103,EQ,,,
2007-06-14,14.4,15.0,14.4,14.7,8283,EQ,,,
2007-06-15,14.5,15.25,14.5,14.8,18390,EQ,,,
2007-06-18,14.55,14.8,14.05,14.15,6313,EQ,,,
2007-06-19,13.55,14.2,13.55,13.85,9388,EQ,,,
2007-06-20,13.8,14.15,13.7,14.0,11394,EQ,,,
2007-06-21,14.15,14.15,13.8,13.9,7111,EQ,,,
2007-06-22,13.95,13.95,13.45,13.5,20252,EQ,,,
2007-06-25,13.75,14.15,13.55,14.15,30933,EQ,,,
2007-06-26,14.9,14.9,14.3,14.45,46340,EQ,,,
2007-06-27,14.15,14.9,13.8,14.5,46557,EQ,,,
2007-06-28,14.5,14.7,14.0,14.1,12067,EQ,,,
2007-06-29,14.25,14.25,13.55,13.75,28884,EQ,,,
2007-07-02,13.8,14.4,13.7,14.1,28592,EQ,,,
2007-07-03,14.4,14.4,13.65,13.85,12598,EQ,,,
2007-07-04,13.8,14.5,13.65,14.5,304028,EQ,,,
2007-07-05,14.6,14.6,13.85,14.05,150539,EQ,,,
2007-07-06,13.9,15.45,13.9,14.5,724492,EQ,,,
2007-07-09,14.4,15.0,14.15,14.3,215127,EQ,,,
2007-07-10,14.3,14.55,13.85,14.0,25236,EQ,,,
2007-07-11,14.05,14.35,14.0,14.05,13552,EQ,,,
2007-07-12,13.5,14.3,13.5,14.1,22240,EQ,,,
2007-07-13,14.0,14.25,13.9,14.0,21118,EQ,,,
2007-07-16,14.2,14.25,14.0,14.15,16342,EQ,,,
2007-07-17,14.3,14.3,13.9,13.9,13368,EQ,,,
2007-07-18,14.1,14.2,13.9,14.05,11948,EQ,,,
2007-07-19,14.15,14.15,13.8,13.95,11889,EQ,,,
2007-07-20,14.2,14.2,13.65,13.65,18552,EQ,,,
2007-07-23,13.7,13.9,13.4,13.6,15869,EQ,,,
2007-07-24,13.9,13.9,13.1,13.2,15771,EQ,,,
2007-07-25,12.95,13.25,12.75,12.85,16069,EQ,,,
2007-07-26,12.8,13.05,12.65,12.75,14710,EQ,,,
2007-07-27,12.8,12.9,12.3,12.35,9382,EQ,,,
2007-07-30,12.45,12.45,11.4,11.75,46052,EQ,,,
2007-07-31,12.1,12.65,11.85,12.25,33177,EQ,,,
2007-08-01,11.9,12.35,11.8,11.95,43807,EQ,,,
2007-08-02,12.0,12.25,11.6,11.7,22642,EQ,,,
2007-08-03,12.1,12.4,11.6,11.7,10461,EQ,,,
2007-08-06,11.5,11.6,11.15,11.2,13708,EQ,,,
2007-08-07,11.4,11.4,10.9,11.0,29026,EQ,,,
2007-08-08,11.7,11.7,10.95,11.4,34946,EQ,,,
2007-08-09,11.85,11.85,11.25,11.5,69143,EQ,,,
2007-08-10,11.1,11.3,11.0,11.25,9656,EQ,,,
2007-08-13,11.55,12.25,11.55,11.8,22441,EQ,,,
2007-08-14,12.0,12.0,11.15,11.3,29947,EQ,,,
2007-08-16,11.1,11.5,10.95,11.2,13676,EQ,,,
2007-08-17,11.0,11.5,10.5,10.8,19366,EQ,,,
2007-08-20,11.3,11.35,10.95,11.0,7035,EQ,,,
2007-08-21,11.1,11.25,10.75,10.9,8343,EQ,,,
2007-08-22,10.85,10.95,10.5,10.6,6368,EQ,,,
2007-08-23,10.9,10.95,10.4,10.55,13370,EQ,,,
2007-08-24,10.6,10.6,10.4,10.5,19799,EQ,,,
2007-08-27,10.65,10.8,10.5,10.75,41972,EQ,,,
2007-08-28,10.55,11.0,10.55,10.8,5488,EQ,,,
2007-08-29,10.8,10.9,10.6,10.85,3989,EQ,,,
2007-08-30,11.25,11.8,11.0,11.65,21833,EQ,,,
2007-08-31,11.85,12.8,11.85,12.8,21655,EQ,,,
2007-09-03,13.6,13.9,13.15,13.3,66617,EQ,,,
2007-09-04,13.5,13.5,12.95,13.05,23956,EQ,,,
2007-09-05,13.25,13.7,13.0,13.1,23355,EQ,,,
2007-09-06,13.35,13.35,12.8,12.95,21672,EQ,,,
2007-09-07,12.8,13.05,12.75,12.8,12356,EQ,,,
2007-09-10,12.65,12.8,12.4,12.7,10445,EQ,,,
2007-09-11,12.65,12.75,12.35,12.6,8815,EQ,,,
2007-09-12,12.8,12.8,12.45,12.6,10752,EQ,,,
2007-09-13,12.8,12.8,12.4,12.4,12010,EQ,,,
2007-09-14,12.4,12.5,12.05,12.15,12449,EQ,,,
2007-09-17,11.85,12.7,11.85,12.4,29649,EQ,,,
2007-09-18,12.15,12.85,12.15,12.65,18995,EQ,,,
2007-09-19,13.1,13.1,12.6,12.65,11488,EQ,,,
2007-09-20,12.5,13.5,12.15,13.25,50005,EQ,,,
2007-09-21,13.6,13.6,12.55,12.65,23949,EQ,,,
2007-09-24,12.75,12.75,12.4,12.45,15880,EQ,,,
2007-09-25,12.3,12.55,12.25,12.3,3464,EQ,,,
2007-09-26,12.45,12.45,12.0,12.1,25692,EQ,,,
2007-09-27,12.2,12.3,11.85,11.9,14592,EQ,,,
2007-09-28,12.0,12.1,11.65,11.8,22985,EQ,,,
2007-10-01,11.85,12.0,11.5,11.6,28611,EQ,,,
2007-10-03,11.85,11.85,11.1,11.2,27044,EQ,,,
2007-10-04,11.25,11.25,11.0,11.15,25607,EQ,,,
2007-10-05,11.25,11.55,10.5,10.6,52089,EQ,,,
2007-10-08,10.8,11.25,10.45,10.6,33102,EQ,,,
2007-10-09,10.6,10.8,10.35,10.45,139699,EQ,,,
2007-10-10,10.65,11.25,10.35,10.4,62253,EQ,,,
2007-10-11,10.5,10.75,9.85,10.1,37289,EQ,,,
2007-10-12,10.1,10.65,10.0,10.05,96543,EQ,,,
2007-10-15,10.2,10.4,10.2,10.3,24356,EQ,,,
2007-10-16,10.35,10.35,10.1,10.25,6520,EQ,,,
2007-10-17,9.6,10.25,9.6,10.0,11555,EQ,,,
2007-10-18,10.2,10.3,9.9,10.0,14059,EQ,,,
2007-10-19,9.9,10.0,9.45,9.5,7294,EQ,,,
2007-10-22,9.75,9.75,9.3,9.45,10149,EQ,,,
2007-10-23,9.7,9.75,9.4,9.5,18006,EQ,,,
2007-10-24,9.65,9.7,9.25,9.35,16721,EQ,,,
2007-10-25,9.45,9.55,9.15,9.2,20421,EQ,,,
2007-10-26,9.35,9.5,9.1,9.15,21316,EQ,,,
2007-10-29,9.4,9.5,9.1,9.2,92313,EQ,,,
2007-10-30,9.3,9.3,9.0,9.1,35786,EQ,,,
2007-10-31,9.25,9.25,9.0,9.05,16906,EQ,,,
2007-11-01,9.15,9.25,8.6,8.65,62119,EQ,,,
2007-11-02,8.4,9.5,8.4,9.5,27532,EQ,,,
2007-11-05,10.35,10.5,9.75,10.5,61469,EQ,,,
2007-11-06,11.5,11.55,11.1,11.55,67007,EQ,,,
2007-11-07,12.1,12.1,10.95,10.95,88259,EQ,,,
2007-11-08,10.6,10.6,10.4,10.4,11895,EQ,,,
2007-11-09,10.7,10.95,10.35,10.6,14900,EQ,,,
2007-11-12,10.35,10.35,10.05,10.2,12503,EQ,,,
2007-11-13,10.45,10.7,9.8,10.0,19355,EQ,,,
2007-11-14,10.3,10.5,10.05,10.1,13109,EQ,,,
2007-11-15,10.05,10.6,10.05,10.25,15254,EQ,,,
2007-11-16,10.5,10.5,10.1,10.2,26061,EQ,,,
2007-11-19,10.5,10.55,10.2,10.35,30012,EQ,,,
2007-11-20,10.4,10.5,10.2,10.3,12007,EQ,,,
2007-11-21,10.1,10.4,9.8,9.8,16197,EQ,,,
2007-11-22,10.15,10.15,9.35,9.5,12666,EQ,,,
2007-11-23,9.5,9.75,9.45,9.5,7667,EQ,,,
2007-11-26,9.85,9.85,9.45,9.55,11060,EQ,,,
2007-11-27,9.4,9.75,9.4,9.5,5901,EQ,,,
2007-11-28,9.65,9.65,9.45,9.5,18095,EQ,,,
2007-11-29,9.45,9.7,9.45,9.5,6302,EQ,,,
2007-11-30,9.5,9.6,9.45,9.5,10553,EQ,,,
2007-12-03,9.7,10.0,9.65,9.8,21701,EQ,,,
2007-12-04,9.9,10.3,9.8,10.3,52997,EQ,,,
2007-12-05,10.85,10.85,10.6,10.85,48690,EQ,,,
2007-12-06,11.35,11.35,10.5,10.55,54567,EQ,,,
2007-12-07,10.95,10.95,10.3,10.4,19179,EQ,,,
2007-12-10,10.65,10.9,10.3,10.9,31132,EQ,,,
2007-12-11,11.5,11.5,11.4,11.5,31541,EQ,,,
2007-12-12,11.8,12.05,11.5,12.05,141478,EQ,,,
2007-12-13,12.65,12.65,12.55,12.65,31083,EQ,,,
2007-12-14,13.1,13.3,12.65,12.8,128041,EQ,,,
2007-12-17,12.8,12.8,12.15,12.15,53349,EQ,,,
2007-12-18,12.0,12.0,11.55,11.8,32491,EQ,,,
2007-12-19,11.85,12.4,11.85,12.3,43807,EQ,,,
2007-12-20,12.55,12.9,12.15,12.25,46298,EQ,,,
2007-12-24,12.55,12.6,12.0,12.15,26190,EQ,,,
2007-12-26,12.15,12.45,11.9,11.95,46067,EQ,,,
2007-12-27,12.0,12.55,11.9,12.55,45949,EQ,,,
2007-12-28,13.05,13.2,12.5,13.2,70497,EQ,,,
2007-12-31,13.9,13.9,13.5,13.9,23178,BE,,,
2008-01-01,14.1,14.55,13.2,14.5,72834,BE,,,
2008-01-02,15.15,15.2,13.9,14.7,43861,BE,,,
2008-01-03,15.0,15.3,14.4,14.7,48772,BE,,,
2008-01-04,15.0,15.0,14.25,14.75,42450,BE,,,
2008-01-07,15.0,15.15,14.25,14.4,25152,BE,,,
2008-01-08,14.85,14.85,13.7,13.7,27973,BE,,,
2008-01-09,13.1,13.5,13.0,13.05,18043,BE,,,
2008-01-10,13.6,13.6,12.4,12.5,12847,BE,,,
2008-01-11,12.1,12.3,11.9,12.0,6810,BE,,,
2008-01-14,11.9,12.6,11.9,12.6,28581,BE,,,
2008-01-15,13.15,13.15,11.95,11.95,28943,BE,,,
2008-01-16,11.95,12.5,11.35,11.35,11771,BE,,,
2008-01-17,11.0,11.9,10.8,11.6,34906,BE,,,
2008-01-18,11.4,12.0,11.05,11.05,39136,BE,,,
2008-01-21,10.75,10.75,10.5,10.5,4508,BE,,,
2008-01-22,10.15,10.15,10.0,10.0,210,BE,,,
2008-01-23,10.35,10.35,9.5,9.5,3893,BE,,,
2008-01-24,9.75,9.75,9.0,9.0,4142,BE,,,
2008-01-25,9.3,9.45,8.55,9.25,28755,BE,,,
2008-01-28,9.4,9.4,8.8,8.8,19243,BE,,,
2008-01-29,8.85,9.25,8.35,8.85,21557,BE,,,
2008-01-30,8.85,9.15,8.55,9.0,9925,BE,,,
2008-01-31,8.65,9.1,8.55,8.6,7415,BE,,,
2008-02-01,8.6,8.85,8.4,8.8,7662,BE,,,
2008-02-04,9.1,9.1,8.8,9.0,12455,BE,,,
2008-02-05,9.25,9.25,8.8,9.0,17846,BE,,,
2008-02-06,8.95,8.95,8.7,8.8,3932,BE,,,
2008-02-07,8.75,9.1,8.7,8.8,7325,BE,,,
2008-02-08,8.7,8.95,8.55,8.6,7054,BE,,,
2008-02-11,8.85,8.85,8.15,8.15,9188,BE,,,
2008-02-12,8.1,8.1,7.7,7.7,1492,BE,,,
2008-02-13,7.5,8.15,7.35,7.45,20778,BE,,,
2008-02-14,7.5,7.85,7.5,7.85,8179,BE,,,
2008-02-15,7.85,8.2,7.4,8.1,7712,BE,,,
2008-02-18,8.45,8.5,8.45,8.5,8529,BE,,,
2008-02-19,8.95,8.95,8.95,8.95,5471,BE,,,
2008-02-20,9.3,9.4,9.1,9.4,40031,BE,,,
2008-02-21,9.85,9.85,9.4,9.85,8727,BE,,,
2008-02-22,10.35,10.35,9.4,10.05,14293,BE,,,
2008-02-25,10.25,10.25,9.55,9.7,11334,BE,,,
2008-02-26,9.7,10.1,9.25,9.4,13235,BE,,,
2008-02-27,9.4,9.4,9.0,9.1,8298,BE,,,
2008-02-28,8.95,9.0,8.7,8.8,6458,BE,,,
2008-02-29,8.45,9.1,8.35,8.55,13576,EQ,,,
2008-03-03,8.4,8.7,8.3,8.4,4731,EQ,,,
2008-03-04,8.3,8.4,8.0,8.0,5138,EQ,,,
2008-03-05,7.8,8.2,7.6,8.0,5906,EQ,,,
2008-03-07,7.65,7.9,7.65,7.65,15016,EQ,,,
2008-03-10,7.5,7.5,7.25,7.4,25896,EQ,,,
2008-03-11,7.4,7.75,7.35,7.75,5569,EQ,,,
2008-03-12,8.0,8.15,8.0,8.1,6253,EQ,,,
2008-03-13,8.1,8.1,7.7,7.7,4417,EQ,,,
2008-03-14,8.0,8.0,7.35,7.5,7947,EQ,,,
2008-03-17,7.1,7.45,7.1,7.1,14039,EQ,,,
2008-03-18,7.1,7.1,6.8,6.8,12692,EQ,,,
2008-03-19,6.75,6.75,6.45,6.45,23199,EQ,,,
2008-03-24,6.45,6.45,6.1,6.1,16242,EQ,,,
2008-03-25,6.0,6.4,5.8,6.4,27634,EQ,,,
2008-03-26,6.6,6.75,6.5,6.75,29809,EQ,,,
2008-03-27,7.1,7.1,7.1,7.1,6756,EQ,,,
2008-03-28,7.4,7.4,7.2,7.4,22920,EQ,,,
2008-03-31,7.8,7.8,7.5,7.8,4848,EQ,,,
2008-04-01,8.2,8.2,8.2,8.2,6253,EQ,,,
2008-04-02,8.6,8.6,8.6,8.6,1951,EQ,,,
2008-04-03,9.1,9.1,8.2,8.2,42481,EQ,,,
2008-04-04,7.8,7.95,7.8,7.8,14414,EQ,,,
2008-04-07,7.7,8.2,7.7,8.05,11159,EQ,,,
2008-04-08,7.9,8.3,7.9,8.2,5189,EQ,,,
2008-04-09,8.55,8.55,8.1,8.2,4931,EQ,,,
2008-04-10,8.05,8.55,8.05,8.3,4207,EQ,,,
2008-04-11,8.0,8.5,8.0,8.15,3704,EQ,,,
2008-04-15,7.95,8.4,7.75,7.8,33575,EQ,,,
2008-04-16,8.05,8.2,7.9,8.0,6091,EQ,,,
2008-04-17,8.2,8.3,8.0,8.1,6647,EQ,,,
2008-04-21,8.5,8.5,8.15,8.35,8609,EQ,,,
2008-04-22,8.25,8.4,8.25,8.3,6845,EQ,,,
2008-04-23,8.25,8.35,8.2,8.3,4301,EQ,,,
2008-04-24,8.2,8.3,8.2,8.2,3885,EQ,,,
2008-04-25,7.9,8.4,7.9,8.0,11776,EQ,,,
2008-04-28,8.4,8.45,8.4,8.45,5775,EQ,,,
2008-04-29,8.85,8.85,8.45,8.6,15771,EQ,,,
2008-04-30,9.05,9.05,8.95,9.05,18163,EQ,,,
2008-05-02,8.6,9.5,8.6,9.25,38328,EQ,,,
2008-05-05,8.9,9.2,8.85,8.9,11576,EQ,,,
2008-05-06,8.8,9.15,8.55,8.85,8707,EQ,,,
2008-05-07,8.9,9.3,8.8,8.9,30889,EQ,,,
2008-05-08,9.15,9.15,8.0,8.55,29553,EQ,,,
2008-05-09,8.45,8.6,7.95,8.05,9122,EQ,,,
2008-05-12,8.05,8.1,7.8,8.0,5372,EQ,,,
2008-05-13,8.0,8.3,8.0,8.1,7214,EQ,,,
2008-05-14,8.25,8.4,7.95,8.1,6362,EQ,,,
2008-05-15,8.3,8.9,8.3,8.6,17513,EQ,,,
2008-05-16,8.8,8.85,8.25,8.3,5596,EQ,,,
2008-05-20,8.2,8.5,8.2,8.45,4848,EQ,,,
2008-05-21,8.4,8.5,8.2,8.4,2780,EQ,,,
2008-05-22,8.3,8.35,8.1,8.2,10046,EQ,,,
2008-05-23,8.8,8.8,8.0,8.1,7606,EQ,,,
2008-05-26,7.85,8.1,7.85,7.9,3375,EQ,,,
2008-05-27,7.9,8.2,7.7,7.75,3462,EQ,,,
2008-05-28,8.05,8.05,7.5,7.7,2166,EQ,,,
2008-05-29,7.8,7.9,7.6,7.65,2612,EQ,,,
2008-05-30,7.9,7.9,7.5,7.6,3558,EQ,,,
2008-06-02,7.6,7.65,7.35,7.4,8459,EQ,,,
2008-06-03,7.2,7.3,6.9,7.05,9152,EQ,,,
2008-06-04,7.05,7.2,6.9,7.1,4129,EQ,,,
2008-06-05,7.05,7.1,6.55,7.05,9239,EQ,,,
2008-06-06,7.05,7.25,7.05,7.05,2133,EQ,,,
2008-06-09,7.05,7.05,6.75,6.9,4053,EQ,,,
2008-06-10,7.2,7.4,6.85,7.05,7906,EQ,,,
2008-06-11,7.0,7.2,6.95,7.1,2896,EQ,,,
2008-06-12,7.1,7.1,6.75,6.9,1141,EQ,,,
2008-06-13,7.45,7.45,7.05,7.1,5563,EQ,,,
2008-06-16,7.2,7.4,7.05,7.1,54675,EQ,,,
2008-06-17,7.1,7.4,7.05,7.2,11053,EQ,,,
2008-06-18,7.05,7.35,7.05,7.1,4433,EQ,,,
2008-06-19,6.7,7.15,6.6,7.05,2568,EQ,,,
2008-06-20,6.95,7.1,6.9,7.0,7720,EQ,,,
2008-06-23,7.0,7.05,6.8,6.8,3873,EQ,,,
2008-06-24,6.75,7.0,6.75,6.9,1864,EQ,,,
2008-06-25,6.65,6.95,6.65,6.9,5421,EQ,,,
2008-06-26,6.9,6.9,6.9,6.9,4904,EQ,,,
2008-06-27,6.65,6.8,6.5,6.6,8362,EQ,,,
2008-06-30,6.65,6.75,6.3,6.3,29319,EQ,,,
2008-07-01,6.1,6.4,6.05,6.3,10179,EQ,,,
2008-07-02,6.1,6.4,5.9,6.0,5661,EQ,,,
2008-07-03,6.05,6.15,6.0,6.1,2143,EQ,,,
2008-07-04,5.9,6.1,5.85,5.9,1870,EQ,,,
2008-07-07,6.0,6.5,5.95,6.05,6146,EQ,,,
2008-07-08,6.0,6.1,5.95,6.0,3991,EQ,,,
2008-07-09,6.15,6.25,6.0,6.05,5340,EQ,,,
2008-07-10,6.45,6.45,6.0,6.05,2639,EQ,,,
2008-07-11,6.45,6.6,5.95,6.05,3238,EQ,,,
2008-07-14,6.0,6.1,6.0,6.05,684,EQ,,,
2008-07-15,6.0,6.0,5.8,5.85,38353,EQ,,,
2008-07-16,5.85,5.95,5.7,5.7,63190,EQ,,,
2008-07-17,6.0,6.0,5.7,5.75,4688,EQ,,,
2008-07-18,5.75,5.8,5.7,5.8,1360,EQ,,,
2008-07-21,5.85,5.95,5.85,5.85,8553,EQ,,,
2008-07-22,5.85,5.95,5.85,5.95,4658,EQ,,,
2008-07-23,6.0,6.45,5.85,6.0,7077,EQ,,,
2008-07-24,6.15,6.4,5.9,6.15,7318,EQ,,,
2008-07-25,6.15,6.15,5.95,6.1,7186,EQ,,,
2008-07-28,6.0,6.15,6.0,6.15,2540,EQ,,,
2008-07-29,6.3,6.3,5.95,6.1,7051,EQ,,,
2008-07-30,6.15,6.15,5.9,6.0,3139,EQ,,,
2008-07-31,6.1,6.25,5.95,6.0,2704,EQ,,,
2008-08-01,5.95,6.1,5.9,6.05,1250,EQ,,,
2008-08-04,6.05,6.15,5.95,6.1,3430,EQ,,,
2008-08-05,6.0,6.2,6.0,6.05,7131,EQ,,,
2008-08-06,6.1,6.15,6.1,6.15,5440,EQ,,,
2008-08-07,6.2,6.2,6.0,6.1,4000,EQ,,,
2008-08-08,6.1,6.1,6.0,6.0,8409,EQ,,,
2008-08-11,6.0,6.15,6.0,6.05,8512,EQ,,,
2008-08-12,6.0,6.15,6.0,6.1,10055,EQ,,,
2008-08-13,6.0,6.2,6.0,6.1,7309,EQ,,,
2008-08-14,6.15,6.15,6.0,6.0,5470,EQ,,,
2008-08-18,6.0,6.05,5.9,6.0,6743,EQ,,,
2008-08-19,5.9,6.15,5.9,6.0,4219,EQ,,,
2008-08-20,6.0,6.1,6.0,6.0,2721,EQ,,,
2008-08-21,6.0,6.05,6.0,6.0,2701,EQ,,,
2008-08-22,6.0,6.1,6.0,6.0,3001,EQ,,,
2008-08-25,6.1,6.1,6.0,6.0,984,EQ,,,
2008-08-26,5.85,6.0,5.85,6.0,2280,EQ,,,
2008-08-27,5.95,6.05,5.95,6.0,6475,EQ,,,
2008-08-28,6.0,6.1,6.0,6.0,4115,EQ,,,
2008-08-29,5.85,6.0,5.85,6.0,5193,EQ,,,
2008-09-01,5.55,6.0,5.55,6.0,5195,EQ,,,
2008-09-02,6.0,6.1,5.95,6.0,2006,EQ,,,
2008-09-04,6.0,6.15,6.0,6.0,1711,EQ,,,
2008-09-05,6.0,6.15,6.0,6.05,17186,EQ,,,
2008-09-08,6.0,6.15,6.0,6.0,5506,EQ,,,
2008-09-09,5.95,6.1,5.95,6.05,4725,EQ,,,
2008-09-10,6.1,6.1,6.0,6.0,2521,EQ,,,
2008-09-11,6.0,6.05,6.0,6.0,7672,EQ,,,
2008-09-12,6.05,6.05,6.0,6.0,2703,EQ,,,
2008-09-15,6.0,6.1,5.85,5.85,14859,EQ,,,
2008-09-16,5.55,6.0,5.55,5.7,13640,EQ,,,
2008-09-17,5.85,5.85,5.7,5.7,6373,EQ,,,
2008-09-18,5.55,5.55,5.15,5.3,15513,EQ,,,
2008-09-19,5.55,5.55,5.4,5.4,4152,EQ,,,
2008-09-22,5.55,5.65,5.55,5.55,4296,EQ,,,
2008-09-23,5.55,5.6,5.55,5.6,1389,EQ,,,
2008-09-24,5.55,5.6,5.55,5.55,12770,EQ,,,
2008-09-25,5.55,5.6,5.55,5.55,608,EQ,,,
2008-09-26,5.55,5.6,5.55,5.55,3915,EQ,,,
2008-09-29,5.55,5.6,5.4,5.5,18980,EQ,,,
2008-09-30,4.7,5.5,4.7,5.4,4458,EQ,,,
2008-10-01,5.4,5.5,5.4,5.5,998,EQ,,,
2008-10-03,5.4,5.55,5.25,5.3,46634,EQ,,,
2008-10-06,5.25,5.3,5.25,5.25,10057,EQ,,,
2008-10-07,5.25,5.3,5.25,5.3,2764,EQ,,,
2008-10-08,4.95,5.05,4.95,4.95,2555,EQ,,,
2008-10-10,4.5,4.7,4.2,4.3,5596,EQ,,,
2008-10-13,4.5,4.8,4.5,4.55,3987,EQ,,,
2008-10-14,5.25,5.25,4.5,4.5,9152,EQ,,,
2008-10-15,4.5,4.6,4.5,4.5,2014,EQ,,,
2008-10-16,4.5,4.5,4.2,4.5,5176,EQ,,,
2008-10-17,4.3,4.9,3.6,4.45,23192,EQ,,,
2008-10-20,4.5,4.5,4.15,4.25,8130,EQ,,,
2008-10-21,4.35,4.35,3.95,4.05,2107,EQ,,,
2008-10-22,4.05,4.2,3.5,3.6,6995,EQ,,,
2008-10-23,3.2,3.35,2.95,3.05,12654,EQ,,,
2008-10-24,2.8,3.05,2.5,2.7,6500,EQ,,,
2008-10-27,2.25,2.65,2.2,2.35,13412,EQ,,,
2008-10-28,2.45,2.6,2.45,2.5,3326,EQ,,,
2008-10-29,2.4,2.65,2.4,2.4,4858,EQ,,,
2008-10-31,2.3,2.6,2.3,2.6,3072,EQ,,,
2008-11-03,2.65,2.85,2.65,2.8,3486,EQ,,,
2008-11-04,2.7,2.95,2.7,2.9,6559,EQ,,,
2008-11-05,3.0,3.05,2.8,2.85,5716,EQ,,,
2008-11-06,2.8,2.85,2.8,2.8,2134,EQ,,,
2008-11-07,2.7,2.85,2.65,2.75,2480,EQ,,,
2008-11-10,2.85,2.85,2.75,2.85,598,EQ,,,
2008-11-11,2.7,2.95,2.7,2.8,4601,EQ,,,
2008-11-12,2.6,2.85,2.6,2.8,933,EQ,,,
2008-11-14,2.85,2.85,2.6,2.7,2426,EQ,,,
2008-11-17,2.65,2.75,2.6,2.6,515,EQ,,,
2008-11-18,2.55,2.6,2.55,2.55,2594,EQ,,,
2008-11-19,2.5,2.5,2.45,2.45,1005,EQ,,,
2008-11-20,2.3,2.3,2.3,2.3,1470,EQ,,,
2008-11-21,2.25,2.4,2.2,2.25,420,EQ,,,
2008-11-24,2.2,2.3,2.2,2.3,1325,EQ,,,
2008-11-25,2.25,2.25,2.25,2.25,219,EQ,,,
2008-11-26,2.25,2.25,2.2,2.25,1164,EQ,,,
2008-11-28,2.25,2.3,2.25,2.25,775,EQ,,,
2008-12-01,2.2,2.3,2.2,2.3,343,EQ,,,
2008-12-02,2.3,2.3,2.2,2.3,1107,EQ,,,
2008-12-03,2.3,2.3,2.3,2.3,1573,EQ,,,
2008-12-04,2.25,2.35,2.25,2.3,1631,EQ,,,
2008-12-05,2.35,2.35,2.25,2.35,562,EQ,,,
2008-12-08,2.3,2.3,2.3,2.3,1066,EQ,,,
2008-12-10,2.25,2.3,2.25,2.3,1662,EQ,,,
2008-12-11,2.25,2.4,2.25,2.3,4181,EQ,,,
2008-12-12,2.3,2.4,2.3,2.3,1815,EQ,,,
2008-12-15,2.3,2.45,2.3,2.4,1963,EQ,,,
2008-12-16,2.5,2.5,2.5,2.5,1704,EQ,,,
2008-12-17,2.6,2.65,2.6,2.65,550,EQ,,,
2008-12-18,2.6,2.8,2.6,2.8,2159,EQ,,,
2008-12-19,2.9,2.9,2.7,2.85,2020,EQ,,,
2008-12-22,2.7,2.8,2.7,2.8,973,EQ,,,
2008-12-23,2.7,2.85,2.6,2.6,1661,EQ,,,
2008-12-24,2.55,2.6,2.55,2.6,298,EQ,,,
2008-12-26,2.6,2.6,2.55,2.55,2018,EQ,,,
2008-12-29,2.45,2.55,2.45,2.5,351,EQ,,,
2008-12-30,2.5,2.6,2.5,2.5,326,EQ,,,
2008-12-31,2.5,2.5,2.4,2.45,819,EQ,,,
2009-01-01,2.55,2.55,2.55,2.55,60,EQ,,,
2009-01-02,2.55,2.65,2.55,2.65,1204,EQ,,,
2009-01-05,2.8,2.8,2.7,2.75,6315,EQ,,,
2009-01-06,2.8,2.8,2.65,2.7,3450,EQ,,,
2009-01-07,2.55,2.9,2.45,2.55,1321,EQ,,,
2009-01-09,2.4,2.5,2.3,2.5,2769,EQ,,,
2009-01-12,2.35,2.5,2.2,2.2,2700,EQ,,,
2009-01-13,2.1,2.25,2.1,2.15,1558,EQ,,,
2009-01-14,2.1,2.3,2.1,2.3,1147,EQ,,,
2009-01-15,2.2,2.2,2.15,2.2,1134,EQ,,,
2009-01-16,2.15,2.25,2.15,2.25,847,EQ,,,
2009-01-19,2.2,2.2,2.2,2.2,200,EQ,,,
2009-01-20,2.2,2.3,2.2,2.2,625,EQ,,,
2009-01-21,2.2,2.25,2.1,2.2,630,EQ,,,
2009-01-22,2.1,2.3,2.1,2.2,940,EQ,,,
2009-01-23,2.15,2.15,2.15,2.15,450,EQ,,,
2009-01-27,2.1,2.2,2.1,2.2,99,EQ,,,
2009-01-28,2.15,2.25,2.1,2.2,2082,EQ,,,
2009-01-29,2.3,2.3,2.1,2.15,1262,EQ,,,
2009-01-30,2.3,2.3,2.15,2.25,1543,EQ,,,
2009-02-02,2.2,2.25,2.1,2.2,5949,EQ,,,
2009-02-03,2.2,2.35,2.2,2.25,117,EQ,,,
2009-02-04,2.15,2.25,2.15,2.15,760,EQ,,,
2009-02-05,2.15,2.2,2.1,2.1,5158,EQ,,,
2009-02-06,2.1,2.2,1.9,2.05,2460,EQ,,,
2009-02-09,2.15,2.15,2.05,2.15,2190,EQ,,,
2009-02-10,2.1,2.2,2.1,2.1,1695,EQ,,,
2009-02-11,2.1,2.15,2.1,2.15,300,EQ,,,
2009-02-12,2.2,2.2,2.0,2.1,1849,EQ,,,
2009-02-13,2.2,2.2,2.1,2.2,1035,EQ,,,
2009-02-16,2.2,2.25,2.1,2.15,4559,EQ,,,
2009-02-17,2.1,2.1,2.05,2.05,3305,EQ,,,
2009-02-18,2.1,2.1,2.0,2.05,982,EQ,,,
2009-02-19,2.0,2.1,2.0,2.1,681,EQ,,,
2009-02-20,2.0,2.05,1.95,2.05,464,EQ,,,
2009-02-24,2.0,2.05,1.95,2.0,1330,EQ,,,
2009-02-25,1.95,2.1,1.95,2.05,3335,EQ,,,
2009-02-26,2.0,2.05,2.0,2.05,833,EQ,,,
2009-02-27,2.05,2.05,1.95,2.0,616,EQ,,,
2009-03-02,1.95,2.1,1.95,2.0,675,EQ,,,
2009-03-03,1.95,1.95,1.95,1.95,625,EQ,,,
2009-03-04,1.8,2.0,1.75,1.8,3331,EQ,,,
2009-03-05,1.8,1.9,1.75,1.75,2080,EQ,,,
2009-03-06,1.7,1.8,1.7,1.7,197,EQ,,,
2009-03-09,1.8,1.8,1.6,1.7,3811,EQ,,,
2009-03-12,1.65,1.7,1.6,1.6,1890,EQ,,,
2009-03-13,1.75,1.75,1.6,1.6,2183,EQ,,,
2009-03-16,1.65,1.75,1.65,1.7,1692,EQ,,,
2009-03-17,1.7,1.85,1.7,1.7,934,EQ,,,
2009-03-18,1.8,1.8,1.65,1.7,4635,EQ,,,
2009-03-19,1.7,1.75,1.65,1.7,3453,EQ,,,
2009-03-20,1.65,1.75,1.65,1.7,1072,EQ,,,
2009-03-23,1.65,1.9,1.65,1.85,8322,EQ,,,
2009-03-24,1.8,1.8,1.75,1.8,6044,EQ,,,
2009-03-25,1.7,1.85,1.7,1.8,5095,EQ,,,
2009-03-26,1.8,1.85,1.7,1.75,10762,EQ,,,
2009-03-27,1.7,1.9,1.7,1.75,4604,EQ,,,
2009-03-30,1.75,1.9,1.75,1.8,3223,EQ,,,
2009-03-31,1.7,1.75,1.7,1.75,272,EQ,,,
2009-04-01,1.7,1.9,1.7,1.85,2243,EQ,,,
2009-04-02,1.9,2.05,1.85,1.95,8337,EQ,,,
2009-04-06,1.95,2.35,1.95,2.35,12265,EQ,,,
2009-04-08,2.35,2.8,2.35,2.8,12921,EQ,,,
2009-04-09,3.05,3.1,2.95,3.0,13529,EQ,,,
2009-04-13,3.1,3.3,2.8,2.85,14017,EQ,,,
2009-04-15,2.7,3.05,2.7,2.9,10431,EQ,,,
2009-04-16,3.05,3.2,2.85,3.05,18564,EQ,,,
2009-04-17,3.2,3.3,2.9,2.9,10633,EQ,,,
2009-04-20,3.05,3.05,2.8,2.8,1638,BE,,,
2009-04-21,2.75,2.9,2.65,2.65,1885,BE,,,
2009-04-22,2.7,2.8,2.6,2.6,1750,BE,,,
2009-04-23,2.7,2.7,2.55,2.65,1594,BE,,,
2009-04-24,2.6,2.7,2.6,2.65,3069,BE,,,
2009-04-27,2.6,2.8,2.6,2.8,1920,BE,,,
2009-04-28,2.7,2.9,2.7,2.75,718,BE,,,
2009-04-29,2.6,2.7,2.6,2.65,2831,BE,,,
2009-05-04,2.6,2.7,2.6,2.6,659,BE,,,
2009-05-05,2.7,2.75,2.7,2.75,2100,BE,,,
2009-05-06,2.6,2.85,2.6,2.85,1470,BE,,,
2009-05-07,2.7,2.75,2.7,2.7,1220,BE,,,
2009-05-08,2.7,2.8,2.6,2.6,740,BE,,,
2009-05-11,2.6,2.75,2.6,2.6,1935,BE,,,
2009-05-12,2.5,2.7,2.5,2.55,700,BE,,,
2009-05-13,2.5,2.65,2.5,2.6,1780,BE,,,
2009-05-14,2.55,2.7,2.5,2.55,1160,BE,,,
2009-05-15,2.5,2.6,2.45,2.5,7295,BE,,,
2009-05-19,2.6,2.6,2.6,2.6,3530,BE,,,
2009-05-20,2.7,2.8,2.7,2.8,828,BE,,,
2009-05-21,2.9,2.9,2.9,2.9,2795,BE,,,
2009-05-22,3.0,3.05,3.0,3.05,2113,BE,,,
2009-05-25,3.2,3.2,3.2,3.2,676,BE,,,
2009-05-26,3.4,3.4,3.4,3.4,1278,BE,,,
2009-05-27,3.5,3.55,3.5,3.55,836,BE,,,
2009-05-28,3.7,3.7,3.7,3.7,547,BE,,,
2009-05-29,3.9,3.9,3.9,3.9,1337,BE,,,
2009-06-01,4.1,4.1,4.1,4.1,1140,BE,,,
2009-06-02,4.3,4.3,4.3,4.3,7915,BE,,,
2009-06-03,4.55,4.55,4.55,4.55,1107,BE,,,
2009-06-04,4.75,4.75,4.5,4.75,5191,BE,,,
2009-06-05,5.0,5.0,5.0,5.0,1380,BE,,,
2009-06-08,5.3,5.3,4.75,5.0,18410,BE,,,
2009-06-09,4.7,4.9,4.7,4.8,3998,BE,,,
2009-06-10,5.0,5.0,4.65,4.65,6530,BE,,,
2009-06-11,4.7,4.7,4.45,4.55,2642,BE,,,
2009-06-12,4.8,4.8,4.3,4.5,4033,BE,,,
2009-06-15,4.3,4.55,4.3,4.5,4506,BE,,,
2009-06-16,4.5,4.55,4.45,4.45,1983,BE,,,
2009-06-17,4.65,4.7,4.3,4.7,7465,BE,,,
2009-06-18,4.8,4.85,4.5,4.5,9340,BE,,,
2009-06-19,4.3,4.45,4.3,4.35,2769,BE,,,
2009-06-22,4.6,4.6,4.3,4.3,2810,BE,,,
2009-06-23,4.1,4.25,4.1,4.2,2579,BE,,,
2009-06-24,4.2,4.35,4.1,4.3,2400,BE,,,
2009-06-25,4.45,4.5,4.15,4.5,2120,BE,,,
2009-06-26,4.7,4.7,4.7,4.7,3526,BE,,,
2009-06-29,4.95,4.95,4.9,4.95,1783,BE,,,
2009-06-30,5.2,5.2,5.2,5.2,10101,BE,,,
2009-07-01,5.2,5.5,5.2,5.5,13973,BE,,,
2009-07-02,5.65,5.75,5.2,5.2,8359,BE,,,
2009-07-03,5.2,5.2,4.95,4.95,1260,BE,,,
2009-07-06,4.75,4.9,4.7,4.7,3005,BE,,,
2009-07-07,4.45,4.55,4.45,4.45,599,BE,,,
2009-07-08,4.3,4.45,4.3,4.3,125,BE,,,
2009-07-09,4.1,4.1,4.05,4.1,840,BE,,,
2009-07-10,4.0,4.0,3.9,3.9,1811,BE,,,
2009-07-13,3.75,3.75,3.75,3.75,5,BE,,,
2009-07-14,3.6,3.8,3.55,3.75,5345,BE,,,
2009-07-15,3.95,3.95,3.65,3.9,3662,BE,,,
2009-07-16,3.9,4.1,3.8,4.0,3001,BE,,,
2009-07-17,3.9,4.2,3.9,4.0,5396,BE,,,
2009-07-20,4.15,4.15,4.0,4.05,4640,BE,,,
2009-07-21,3.9,4.1,3.85,3.95,1120,BE,,,
2009-07-22,3.8,4.1,3.75,4.0,6482,BE,,,
2009-07-23,3.9,4.1,3.9,4.0,2645,BE,,,
2009-07-24,4.05,4.05,3.85,4.0,30900,BE,,,
2009-07-27,3.9,4.0,3.8,3.9,2400,BE,,,
2009-07-28,3.75,3.9,3.75,3.8,2183,BE,,,
2009-07-29,3.8,4.0,3.75,3.75,4200,BE,,,
2009-07-30,3.6,3.9,3.6,3.75,3333,BE,,,
2009-07-31,3.65,3.9,3.6,3.8,5456,BE,,,
2009-08-03,3.65,3.9,3.65,3.8,2094,BE,,,
2009-08-04,3.8,3.9,3.75,3.8,1416,BE,,,
2009-08-05,3.6,4.0,3.6,3.95,3018,BE,,,
2009-08-06,3.9,4.05,3.9,3.95,4118,BE,,,
2009-08-07,4.1,4.1,3.75,3.75,5053,BE,,,
2009-08-10,3.6,3.8,3.6,3.65,1821,BE,,,
2009-08-11,3.5,3.8,3.5,3.7,2449,BE,,,
2009-08-12,3.65,3.75,3.65,3.7,1329,BE,,,
2009-08-13,3.8,3.85,3.75,3.75,1174,BE,,,
2009-08-14,3.9,3.9,3.75,3.75,655,BE,,,
2009-08-17,3.8,3.9,3.8,3.85,473,BE,,,
2009-08-18,3.8,3.85,3.7,3.8,1320,BE,,,
2009-08-19,3.85,3.95,3.8,3.8,1998,BE,,,
2009-08-20,3.8,3.9,3.8,3.9,1463,BE,,,
2009-08-21,3.75,3.9,3.75,3.85,1171,EQ,,,
2009-08-24,4.0,4.05,3.85,3.9,2000,EQ,,,
2009-08-25,3.75,4.0,3.75,4.0,3790,EQ,,,
2009-08-26,4.1,4.2,4.0,4.2,4446,EQ,,,
2009-08-27,4.2,4.4,4.2,4.4,1926,EQ,,,
2009-08-28,4.6,4.6,4.6,4.6,4045,EQ,,,
2009-08-31,4.85,4.85,4.5,4.85,15466,EQ,,,
2009-09-01,4.7,4.9,4.6,4.6,6469,EQ,,,
2009-09-02,4.65,4.65,4.45,4.45,1800,EQ,,,
2009-09-03,4.3,4.65,4.3,4.45,2546,EQ,,,
2009-09-04,4.45,4.6,4.45,4.45,1302,EQ,,,
2009-09-07,4.3,4.6,4.3,4.45,5184,EQ,,,
2009-09-08,4.65,4.65,4.35,4.6,8702,EQ,,,
2009-09-09,4.4,4.5,4.35,4.4,3215,EQ,,,
2009-09-10,4.25,4.45,4.25,4.35,3875,EQ,,,
2009-09-11,4.3,4.4,4.15,4.3,2932,EQ,,,
2009-09-14,4.35,4.45,4.25,4.4,9720,EQ,,,
2009-09-15,4.5,4.5,4.2,4.35,492,EQ,,,
2009-09-16,4.55,4.55,4.2,4.4,2861,EQ,,,
2009-09-17,4.6,4.6,4.3,4.55,16197,EQ,,,
2009-09-18,4.7,4.7,4.45,4.6,8564,EQ,,,
2009-09-22,4.65,4.75,4.45,4.7,20413,EQ,,,
2009-09-23,4.9,4.9,4.45,4.5,5274,EQ,,,
2009-09-24,4.3,4.45,4.3,4.4,3700,EQ,,,
2009-09-25,4.35,4.6,4.35,4.4,4992,EQ,,,
2009-09-29,4.4,4.6,4.4,4.55,21259,EQ,,,
2009-09-30,4.5,4.6,4.45,4.5,4528,EQ,,,
2009-10-01,4.6,4.6,4.35,4.4,3430,EQ,,,
2009-10-05,4.5,4.6,4.3,4.55,54689,EQ,,,
2009-10-06,4.3,4.65,4.3,4.6,18171,EQ,,,
2009-10-07,4.65,4.7,4.55,4.65,8946,EQ,,,
2009-10-08,4.7,4.7,4.65,4.65,6717,EQ,,,
2009-10-09,4.65,4.7,4.65,4.65,8972,EQ,,,
2009-10-12,4.6,4.85,4.5,4.75,10892,EQ,,,
2009-10-14,4.8,5.0,4.6,5.0,34342,EQ,,,
2009-10-15,5.2,5.2,5.0,5.2,15918,EQ,,,
2009-10-16,5.5,5.5,5.25,5.5,18040,EQ,,,
2009-10-17,5.75,5.8,5.55,5.75,15060,EQ,,,
2009-10-20,5.85,6.05,5.8,6.05,14677,EQ,,,
2009-10-21,6.3,6.35,5.85,6.15,75297,EQ,,,
2009-10-22,6.25,6.25,5.85,5.85,20354,EQ,,,
2009-10-23,6.1,6.1,5.85,5.85,9614,EQ,,,
2009-10-26,5.7,5.75,5.6,5.6,5452,EQ,,,
2009-10-27,5.35,5.55,5.35,5.4,5150,EQ,,,
2009-10-28,5.2,5.55,5.2,5.35,4360,EQ,,,
2009-10-29,5.35,5.5,5.1,5.45,2731,EQ,,,
2009-10-30,5.45,5.65,5.4,5.5,4248,BE,,,
2009-11-03,5.4,5.4,5.25,5.35,940,BE,,,
2009-11-04,5.1,5.25,5.1,5.15,1582,BE,,,
2009-11-05,4.95,5.25,4.95,5.05,4340,BE,,,
2009-11-06,5.1,5.3,5.0,5.15,643,BE,,,
2009-11-09,5.35,5.35,5.15,5.25,909,BE,,,
2009-11-10,5.5,5.5,5.0,5.05,1497,BE,,,
2009-11-11,5.3,5.3,5.1,5.3,1226,BE,,,
2009-11-12,5.4,5.4,5.1,5.15,1886,BE,,,
2009-11-13,5.1,5.3,4.95,5.3,1490,BE,,,
2009-11-16,5.1,5.4,5.05,5.15,202998,BE,,,
2009-11-17,5.2,5.3,5.2,5.3,2211,BE,,,
2009-11-18,5.25,5.3,5.15,5.25,3300,BE,,,
2009-11-19,5.4,5.4,5.25,5.25,1800,BE,,,
2009-11-20,5.25,5.35,5.25,5.25,1356,EQ,,,
2009-11-23,5.3,5.4,5.25,5.25,4768,EQ,,,
2009-11-24,5.3,5.35,5.15,5.25,3080,EQ,,,
2009-11-25,5.25,5.3,5.25,5.25,2655,EQ,,,
2009-11-26,5.3,5.3,5.25,5.25,5125,EQ,,,
2009-11-27,5.25,5.4,5.1,5.25,6859,EQ,,,
2009-11-30,5.3,5.3,5.2,5.25,1720,EQ,,,
2009-12-01,5.25,5.25,5.15,5.2,1855,EQ,,,
2009-12-02,5.0,5.2,5.0,5.15,2078,EQ,,,
2009-12-03,5.0,5.25,5.0,5.2,1843,EQ,,,
2009-12-04,5.05,5.3,5.0,5.15,3053,EQ,,,
2009-12-07,5.3,5.4,5.2,5.2,5605,EQ,,,
2009-12-08,5.35,5.35,5.2,5.2,1827,EQ,,,
2009-12-09,5.1,5.35,5.1,5.25,5127,EQ,,,
2009-12-10,5.15,5.35,5.15,5.25,6158,EQ,,,
2009-12-11,5.3,5.35,5.25,5.25,4532,EQ,,,
2009-12-14,5.3,5.45,5.3,5.35,7986,EQ,,,
2009-12-15,5.3,5.4,5.25,5.3,4445,EQ,,,
2009-12-16,5.25,5.45,5.25,5.45,7761,EQ,,,
2009-12-17,5.25,5.7,5.25,5.7,27019,EQ,,,
2009-12-18,5.9,6.0,5.85,6.0,7972,EQ,,,
2009-12-21,6.15,6.3,6.0,6.3,27081,EQ,,,
2009-12-22,6.6,6.6,6.6,6.6,10193,EQ,,,
2009-12-23,6.95,6.95,6.3,6.4,25606,EQ,,,
2009-12-24,6.4,6.7,6.4,6.55,11811,EQ,,,
2009-12-29,6.85,6.9,6.85,6.9,3355,EQ,,,
2009-12-30,7.25,7.25,6.65,6.8,52361,EQ,,,
2009-12-31,6.9,6.9,6.45,6.45,10046,EQ,,,
2010-01-04,6.45,6.55,6.45,6.45,8307,EQ,,,
2010-01-05,6.5,6.8,6.5,6.8,13057,EQ,,,
2010-01-06,6.9,7.1,6.9,7.1,15350,EQ,,,
2010-01-07,7.35,7.35,6.8,7.05,29731,EQ,,,
2010-01-08,7.15,7.4,7.05,7.4,24853,EQ,,,
2010-01-11,7.75,7.8,7.25,7.35,30139,EQ,,,
2010-01-12,7.35,7.55,7.2,7.25,9270,EQ,,,
2010-01-13,7.1,7.4,6.9,7.15,9689,EQ,,,
2010-01-14,7.4,7.45,7.1,7.2,7440,EQ,,,
2010-01-15,7.25,7.5,7.2,7.2,15162,EQ,,,
2010-01-18,7.5,7.5,7.1,7.3,13333,EQ,,,
2010-01-19,7.5,7.5,7.1,7.25,14135,EQ,,,
2010-01-20,7.2,7.4,7.2,7.2,3500,EQ,,,
2010-01-21,7.2,7.2,6.9,7.0,7661,EQ,,,
2010-01-22,6.7,7.35,6.65,7.3,23646,EQ,,,
2010-01-25,7.35,7.6,6.95,7.0,16261,EQ,,,
2010-01-27,7.15,7.2,6.7,6.75,12977,EQ,,,
2010-01-28,6.65,7.0,6.65,6.7,8232,EQ,,,
2010-01-29,6.5,6.6,6.4,6.55,4429,EQ,,,
2010-02-01,6.5,6.85,6.5,6.7,4020,EQ,,,
2010-02-02,7.0,7.0,6.6,6.7,6129,EQ,,,
2010-02-03,6.6,6.8,6.6,6.7,3360,EQ,,,
2010-02-04,6.75,6.75,6.45,6.5,1138,EQ,,,
2010-02-05,6.5,6.5,6.2,6.2,805,EQ,,,
2010-02-06,6.2,6.4,6.0,6.35,390,EQ,,,
2010-02-08,6.2,6.6,6.15,6.4,2743,EQ,,,
2010-02-09,6.4,6.4,6.3,6.3,4202,EQ,,,
2010-02-10,6.4,6.45,6.3,6.3,1870,EQ,,,
2010-02-11,6.3,6.65,6.2,6.6,6115,EQ,,,
2010-02-15,6.5,6.65,6.25,6.25,8164,EQ,,,
2010-02-16,6.4,6.4,6.1,6.1,1990,EQ,,,
2010-02-17,6.4,6.4,6.15,6.2,6011,EQ,,,
2010-02-18,6.2,6.5,6.1,6.5,10031,EQ,,,
2010-02-19,6.75,6.8,6.45,6.8,31192,EQ,,,
2010-02-22,7.1,7.15,7.1,7.15,8468,EQ,,,
2010-02-23,7.2,7.2,7.0,7.0,20294,EQ,,,
2010-02-24,6.95,6.95,6.65,6.65,7784,EQ,,,
2010-02-25,6.65,7.0,6.35,6.95,20968,EQ,,,
2010-02-26,7.0,7.1,6.85,7.0,5981,EQ,,,
2010-03-02,6.95,7.05,6.9,7.0,6943,EQ,,,
2010-03-03,7.3,7.3,6.9,6.95,5475,EQ,,,
2010-03-04,7.25,7.25,6.8,6.95,11200,EQ,,,
2010-03-05,6.95,6.95,6.8,6.85,5951,EQ,,,
2010-03-08,6.9,7.05,6.8,6.8,4177,EQ,,,
2010-03-09,6.8,7.05,6.7,6.75,9284,EQ,,,
2010-03-10,6.8,6.85,6.65,6.7,2414,EQ,,,
2010-03-11,6.7,6.85,6.6,6.6,1621,EQ,,,
2010-03-12,6.75,6.8,6.5,6.7,11752,EQ,,,
2010-03-15,6.6,6.7,6.5,6.55,2885,EQ,,,
2010-03-16,6.9,7.0,6.5,6.6,3887,EQ,,,
2010-03-17,6.5,6.7,6.5,6.6,4320,EQ,,,
2010-03-18,6.65,6.7,6.5,6.7,2201,EQ,,,
2010-03-19,6.75,7.2,6.5,7.05,31627,EQ,,,
2010-03-22,7.05,7.55,6.95,7.4,70158,EQ,,,
2010-03-23,7.55,7.6,7.0,7.1,26147,EQ,,,
2010-03-25,7.05,7.25,7.05,7.05,3554,EQ,,,
2010-03-26,7.05,7.05,6.7,6.8,26345,EQ,,,
2010-03-29,6.5,7.1,6.5,7.0,16562,EQ,,,
2010-03-30,7.05,7.15,6.9,7.0,10109,EQ,,,
2010-03-31,7.4,7.4,6.85,7.0,7553,EQ,,,
2010-04-01,7.2,7.2,6.8,7.0,7388,EQ,,,
2010-04-05,6.9,7.15,6.9,7.0,6309,EQ,,,
2010-04-06,7.05,7.25,6.95,7.0,6157,EQ,,,
2010-04-07,7.0,7.45,7.0,7.25,20576,EQ,,,
2010-04-08,7.3,7.3,6.9,7.0,18480,EQ,,,
2010-04-09,7.25,7.25,7.0,7.1,10967,EQ,,,
2010-04-12,7.45,7.45,6.95,7.1,10834,EQ,,,
2010-04-13,7.1,7.4,7.1,7.35,8146,EQ,,,
2010-04-15,7.35,7.55,7.15,7.35,31415,EQ,,,
2010-04-16,7.75,7.75,6.9,7.05,11821,EQ,,,
2010-04-19,7.1,7.15,6.95,7.1,4538,EQ,,,
2010-04-20,7.1,7.4,7.1,7.3,11308,EQ,,,
2010-04-21,7.15,7.5,7.15,7.35,7351,EQ,,,
2010-04-22,7.25,7.55,7.25,7.4,14926,EQ,,,
2010-04-23,7.4,7.4,7.15,7.2,10095,EQ,,,
2010-04-26,7.1,7.3,7.0,7.05,6774,EQ,,,
2010-04-27,7.2,7.2,7.0,7.05,2629,EQ,,,
2010-04-28,6.95,7.1,6.95,7.05,3282,EQ,,,
2010-04-29,7.05,7.1,6.95,7.05,3788,EQ,,,
2010-04-30,7.0,7.1,6.85,7.0,4489,EQ,,,
2010-05-03,6.6,7.25,6.6,6.95,9536,EQ,,,
2010-05-04,7.05,7.05,6.5,6.65,14688,EQ,,,
2010-05-05,6.5,6.7,6.4,6.4,38526,EQ,,,
2010-05-06,6.3,6.65,6.3,6.5,5807,EQ,,,
2010-05-07,6.3,6.45,6.15,6.4,5761,EQ,,,
2010-05-10,6.6,6.7,6.35,6.6,10164,EQ,,,
2010-05-11,6.45,6.7,6.45,6.65,9467,EQ,,,
2010-05-12,6.6,6.9,6.6,6.8,13319,EQ,,,
2010-05-13,6.7,6.95,6.7,6.85,4202,EQ,,,
2010-05-14,6.6,7.1,6.6,6.9,38993,EQ,,,
2010-05-17,6.8,7.25,6.65,7.05,14087,EQ,,,
2010-05-18,7.35,7.4,7.15,7.3,23586,EQ,,,
2010-05-19,7.3,7.4,6.85,6.95,8399,EQ,,,
2010-05-20,7.2,7.35,6.75,7.0,108215,EQ,,,
2010-05-21,6.7,7.1,6.7,7.0,11380,EQ,,,
2010-05-24,6.9,7.05,6.75,6.8,7727,EQ,,,
2010-05-25,7.0,7.0,6.5,6.5,5716,EQ,,,
2010-05-26,6.75,6.8,6.6,6.7,3904,EQ,,,
2010-05-27,6.85,7.05,6.7,6.75,3088,EQ,,,
2010-05-28,6.75,7.0,6.75,6.75,2772,EQ,,,
2010-05-31,6.7,6.95,6.6,6.7,4859,EQ,,,
2010-06-01,6.5,6.75,6.5,6.75,1529,EQ,,,
2010-06-02,6.65,6.8,6.6,6.7,3119,EQ,,,
2010-06-03,6.75,6.85,6.7,6.8,3354,EQ,,,
2010-06-04,7.25,7.25,6.6,6.7,1921,EQ,,,
2010-06-07,6.45,6.7,6.3,6.6,8218,EQ,,,
2010-06-08,6.4,6.65,6.4,6.5,1969,EQ,,,
2010-06-09,6.5,6.7,6.5,6.55,3478,EQ,,,
2010-06-10,6.5,7.25,6.5,6.75,53078,EQ,,,
2010-06-11,7.0,7.0,6.6,6.75,5195,EQ,,,
2010-06-14,6.75,6.8,6.5,6.7,4740,EQ,,,
2010-06-15,6.75,6.8,6.55,6.65,12069,EQ,,,
2010-06-16,6.6,6.7,6.6,6.6,2554,EQ,,,
2010-06-17,6.7,6.75,6.6,6.7,5161,EQ,,,
2010-06-18,6.7,7.0,6.7,6.75,10881,EQ,,,
2010-06-21,6.7,6.8,6.7,6.75,3437,EQ,,,
2010-06-22,6.7,6.8,6.7,6.75,3047,EQ,,,
2010-06-23,6.8,6.8,6.65,6.7,6430,EQ,,,
2010-06-24,6.8,6.8,6.6,6.6,10634,EQ,,,
2010-06-25,6.65,6.7,6.6,6.65,4347,EQ,,,
2010-06-28,6.7,6.7,6.6,6.65,2521,EQ,,,
2010-06-29,6.7,6.7,6.6,6.6,3127,EQ,,,
2010-06-30,6.9,6.9,6.6,6.7,7473,EQ,,,
2010-07-01,6.7,6.7,6.55,6.6,7718,EQ,,,
2010-07-02,6.7,6.7,6.5,6.6,11199,EQ,,,
2010-07-05,6.5,6.6,6.4,6.45,6161,EQ,,,
2010-07-06,6.55,6.7,6.45,6.5,7991,EQ,,,
2010-07-07,6.5,6.8,6.5,6.65,9921,EQ,,,
2010-07-08,6.75,7.25,6.7,7.0,54428,EQ,,,
2010-07-09,7.0,7.4,6.75,7.05,74797,EQ,,,
2010-07-12,7.0,7.2,6.9,7.0,3796,EQ,,,
2010-07-13,6.95,7.0,6.8,6.9,2386,EQ,,,
2010-07-14,6.5,8.0,6.5,7.75,110892,EQ,,,
2010-07-15,7.7,8.0,7.3,7.55,132831,EQ,,,
2010-07-16,7.6,8.1,7.25,7.7,126153,EQ,,,
2010-07-19,8.2,8.2,7.4,7.7,14288,EQ,,,
2010-07-20,8.1,8.1,7.4,7.5,5490,EQ,,,
2010-07-21,7.5,7.6,7.4,7.45,4711,EQ,,,
2010-07-22,7.35,7.9,7.25,7.75,37031,EQ,,,
2010-07-23,7.8,7.95,7.5,7.55,21273,EQ,,,
2010-07-26,7.5,7.6,7.25,7.3,7707,EQ,,,
2010-07-27,7.2,7.65,7.2,7.35,5167,EQ,,,
2010-07-28,7.2,7.7,7.2,7.6,43850,EQ,,,
2010-07-29,7.95,8.0,7.55,7.6,66052,EQ,,,
2010-07-30,7.65,7.75,7.35,7.4,16864,EQ,,,
2010-08-02,7.25,7.55,7.25,7.4,9838,EQ,,,
2010-08-03,7.3,7.5,7.25,7.4,13641,EQ,,,
2010-08-04,7.65,7.9,7.55,7.6,62323,EQ,,,
2010-08-05,7.75,7.75,7.6,7.7,20241,EQ,,,
2010-08-06,7.7,8.6,7.7,8.25,224623,EQ,,,
2010-08-09,8.3,8.6,8.3,8.35,107639,EQ,,,
2010-08-10,8.3,8.3,7.9,8.0,23036,EQ,,,
2010-08-11,8.05,9.4,8.0,9.25,492113,EQ,,,
2010-08-12,9.3,9.75,9.05,9.25,389381,EQ,,,
2010-08-13,9.0,9.3,8.5,8.6,73857,EQ,,,
2010-08-16,8.8,9.1,8.3,8.45,52409,EQ,,,
2010-08-17,8.3,8.8,8.2,8.3,21200,EQ,,,
2010-08-18,8.55,8.6,8.1,8.2,30310,EQ,,,
2010-08-19,8.15,8.85,8.15,8.7,57533,EQ,,,
2010-08-20,8.85,8.85,8.3,8.4,20113,BE,,,
2010-08-23,8.35,8.4,8.15,8.25,11751,BE,,,
2010-08-24,8.25,8.4,8.05,8.25,25401,BE,,,
2010-08-25,8.05,8.3,7.95,8.0,10203,BE,,,
2010-08-26,7.7,8.05,7.7,7.9,6277,BE,,,
2010-08-27,7.8,7.85,7.6,7.7,9506,BE,,,
2010-08-30,7.65,7.9,7.4,7.4,6170,BE,,,
2010-08-31,7.35,7.55,7.25,7.35,5038,BE,,,
2010-09-01,7.35,7.6,7.25,7.4,6457,BE,,,
2010-09-02,7.1,7.6,7.1,7.4,4200,BE,,,
2010-09-03,7.25,7.6,7.25,7.4,1548,BE,,,
2010-09-06,7.65,7.65,7.45,7.6,3586,BE,,,
2010-09-07,7.6,7.65,7.35,7.45,12671,BE,,,
2010-09-08,7.2,7.5,7.2,7.45,10142,BE,,,
2010-09-09,7.7,7.7,7.4,7.6,3261,BE,,,
2010-09-13,7.5,7.8,7.35,7.7,13187,BE,,,
2010-09-14,7.65,7.8,7.55,7.6,4034,BE,,,
2010-09-15,7.4,7.7,7.35,7.4,6186,BE,,,
2010-09-16,7.5,7.7,7.35,7.4,6433,BE,,,
2010-09-17,7.2,7.55,7.2,7.4,4433,BE,,,
2010-09-20,7.7,7.7,7.3,7.35,4631,BE,,,
2010-09-21,7.65,7.65,7.15,7.3,5521,BE,,,
2010-09-22,7.1,7.6,7.1,7.3,3328,BE,,,
2010-09-23,7.5,7.5,7.2,7.25,4151,BE,,,
2010-09-24,7.15,7.4,7.15,7.3,2372,BE,,,
2010-09-27,7.25,7.45,7.2,7.2,6400,BE,,,
2010-09-28,7.1,7.35,7.1,7.2,3821,BE,,,
2010-09-29,7.2,7.2,7.1,7.15,2598,BE,,,
2010-09-30,7.15,7.15,7.0,7.05,4041,BE,,,
2010-10-01,7.2,7.25,7.05,7.1,7501,BE,,,
2010-10-04,7.4,7.4,7.1,7.2,1698,BE,,,
2010-10-05,6.95,7.3,6.95,7.1,4237,BE,,,
2010-10-06,7.2,7.25,7.1,7.2,3397,BE,,,
2010-10-07,7.0,7.25,7.0,7.1,4395,BE,,,
2010-10-08,7.2,7.25,7.05,7.05,2697,BE,,,
2010-10-11,7.05,7.3,7.05,7.15,2250,BE,,,
2010-10-12,7.2,7.25,7.1,7.2,2555,BE,,,
2010-10-13,7.1,7.45,7.1,7.4,5760,BE,,,
2010-10-14,7.75,7.8,7.35,7.6,26922,BE,,,
2010-10-15,7.5,7.6,7.25,7.45,4982,BE,,,
2010-10-18,7.1,7.4,7.1,7.25,6361,BE,,,
2010-10-19,7.25,7.4,7.15,7.25,5790,BE,,,
2010-10-20,7.1,7.25,7.1,7.25,1292,BE,,,
2010-10-21,7.15,7.35,7.15,7.2,1783,BE,,,
2010-10-22,7.1,7.25,7.1,7.15,801,BE,,,
2010-10-25,7.1,7.2,7.0,7.0,4286,BE,,,
2010-10-26,7.0,7.2,7.0,7.1,573,BE,,,
2010-10-27,7.1,7.35,7.1,7.2,3187,BE,,,
2010-10-28,7.25,7.5,7.2,7.4,13634,BE,,,
2010-10-29,7.35,7.35,7.05,7.1,6566,BE,,,
2010-11-01,7.0,7.3,7.0,7.2,3880,BE,,,
2010-11-02,7.05,7.55,7.05,7.35,14060,BE,,,
2010-11-03,7.65,7.7,7.2,7.55,12089,BE,,,
2010-11-04,7.7,7.7,7.35,7.6,9842,BE,,,
2010-11-05,7.9,8.0,7.7,7.9,12942,BE,,,
2010-11-08,8.3,8.3,7.95,8.0,9651,BE,,,
2010-11-09,8.2,8.2,7.7,7.9,5934,BE,,,
2010-11-10,7.95,8.2,7.95,8.0,8514,BE,,,
2010-11-11,7.9,8.0,7.7,7.75,3189,BE,,,
2010-11-12,7.7,7.95,7.65,7.8,5971,BE,,,
2010-11-15,7.6,7.6,7.5,7.5,2663,BE,,,
2010-11-16,7.6,7.75,7.2,7.25,5575,BE,,,
2010-11-18,7.35,7.6,7.1,7.2,3348,BE,,,
2010-11-19,7.1,7.25,7.0,7.0,3009,BE,,,
2010-11-22,7.0,7.25,7.0,7.1,2811,BE,,,
2010-11-23,7.2,7.2,7.05,7.05,2400,BE,,,
2010-11-24,7.05,7.25,6.9,7.1,1170,BE,,,
2010-11-25,6.95,7.1,6.95,7.0,2465,BE,,,
2010-11-26,6.95,6.95,6.65,6.8,6316,BE,,,
2010-11-29,6.45,6.75,6.45,6.5,8892,BE,,,
2010-11-30,6.3,6.75,6.3,6.5,4393,BE,,,
2010-12-01,6.45,6.75,6.45,6.55,3865,BE,,,
2010-12-02,6.45,6.85,6.4,6.55,9401,BE,,,
2010-12-03,6.45,6.9,6.35,6.45,7795,EQ,,,
2010-12-06,6.75,6.75,6.4,6.5,3235,EQ,,,
2010-12-07,6.5,6.5,6.4,6.45,908,EQ,,,
2010-12-08,6.45,6.5,6.4,6.4,4383,EQ,,,
2010-12-09,6.2,6.4,6.1,6.1,2214,EQ,,,
2010-12-10,6.0,6.25,6.0,6.1,5691,EQ,,,
2010-12-13,6.05,6.25,6.0,6.1,3673,EQ,,,
2010-12-14,6.1,6.2,6.1,6.1,2426,EQ,,,
2010-12-15,6.3,6.4,6.0,6.25,2040,EQ,,,
2010-12-16,6.15,6.3,6.1,6.1,811,EQ,,,
2010-12-20,6.35,6.4,6.05,6.25,6492,EQ,,,
2010-12-21,6.15,6.3,6.1,6.1,5404,EQ,,,
2010-12-22,6.25,6.4,6.15,6.4,833,EQ,,,
2010-12-23,6.2,6.25,6.1,6.2,1445,EQ,,,
2010-12-24,6.15,6.3,6.1,6.2,812,EQ,,,
2010-12-27,6.4,6.4,6.1,6.15,832,EQ,,,
2010-12-28,6.0,6.35,6.0,6.2,3647,EQ,,,
2010-12-29,6.25,6.3,6.15,6.2,4280,EQ,,,
2010-12-30,6.2,6.4,6.2,6.2,2466,EQ,,,
2010-12-31,6.05,6.5,6.05,6.35,7241,EQ,,,
2011-01-03,6.5,6.55,6.35,6.4,3313,EQ,,,
2011-01-04,6.6,6.6,6.3,6.5,4825,EQ,,,
2011-01-05,6.7,6.7,6.45,6.5,3404,EQ,,,
2011-01-06,6.55,6.55,6.45,6.5,1712,EQ,,,
2011-01-07,6.4,6.7,6.4,6.4,1354,EQ,,,
2011-01-10,6.4,6.4,6.2,6.25,1260,EQ,,,
2011-01-11,6.0,6.45,6.0,6.2,2270,EQ,,,
2011-01-12,6.1,6.45,6.1,6.2,2009,EQ,,,
2011-01-13,6.1,6.3,6.1,6.15,3490,EQ,,,
2011-01-14,5.8,6.2,5.8,5.95,2379,EQ,,,
2011-01-17,6.05,6.05,5.8,5.85,5022,EQ,,,
2011-01-18,5.6,6.0,5.6,5.7,12128,EQ,,,
2011-01-19,5.6,5.95,5.6,5.85,4572,EQ,,,
2011-01-20,5.95,5.95,5.65,5.8,1447,EQ,,,
2011-01-21,5.75,5.9,5.65,5.9,1374,EQ,,,
2011-01-24,5.8,5.85,5.6,5.6,1778,EQ,,,
2011-01-25,5.55,5.8,5.55,5.6,2779,EQ,,,
2011-01-27,5.6,5.7,5.45,5.5,2979,EQ,,,
2011-01-28,5.45,5.45,5.3,5.35,3027,EQ,,,
2011-01-31,5.0,5.5,5.0,5.4,2558,EQ,,,
2011-02-01,5.65,5.95,5.3,5.55,2657,EQ,,,
2011-02-02,5.5,5.75,5.5,5.6,2170,EQ,,,
2011-02-03,5.5,5.55,5.15,5.2,13054,EQ,,,
2011-02-04,5.5,5.5,5.25,5.45,1879,EQ,,,
2011-02-07,5.55,5.55,5.3,5.55,451,EQ,,,
2011-02-08,5.6,5.6,5.3,5.3,1704,EQ,,,
2011-02-09,5.85,5.85,4.8,4.85,5055,EQ,,,
2011-02-10,4.5,5.0,4.4,4.85,6857,EQ,,,
2011-02-11,5.05,5.05,4.9,4.95,1090,EQ,,,
2011-02-14,5.35,5.4,4.95,5.25,1744,EQ,,,
2011-02-15,5.3,5.3,5.15,5.3,4604,EQ,,,
2011-02-16,5.3,5.3,5.2,5.25,3360,EQ,,,
2011-02-17,5.3,5.3,5.2,5.25,2412,EQ,,,
2011-02-18,5.35,5.35,5.2,5.3,3888,EQ,,,
2011-02-21,5.2,5.25,5.0,5.15,9416,EQ,,,
2011-02-22,5.5,5.5,5.0,5.05,6425,EQ,,,
2011-02-23,5.1,5.1,5.0,5.0,1942,EQ,,,
2011-02-24,5.05,5.05,4.9,4.9,4279,EQ,,,
2011-02-25,5.25,5.25,4.7,4.7,3224,EQ,,,
2011-02-28,4.7,4.7,4.3,4.7,8325,EQ,,,
2011-03-01,4.65,4.9,4.6,4.8,1485,EQ,,,
2011-03-03,4.4,4.8,4.4,4.8,2654,EQ,,,
2011-03-04,4.8,4.95,4.75,4.85,1791,EQ,,,
2011-03-07,4.7,5.0,4.65,4.95,5078,EQ,,,
2011-03-08,4.95,5.4,4.95,5.2,9900,EQ,,,
2011-03-09,5.25,5.4,5.2,5.4,2072,EQ,,,
2011-03-10,5.2,5.4,5.2,5.4,1161,EQ,,,
2011-03-11,5.25,5.3,5.1,5.2,5935,EQ,,,
2011-03-14,5.25,5.4,5.25,5.25,1200,EQ,,,
2011-03-15,5.3,5.3,5.3,5.3,51,EQ,,,
2011-03-16,5.3,5.5,5.3,5.4,3860,EQ,,,
2011-03-17,4.85,5.65,4.85,5.3,2196,EQ,,,
2011-03-18,5.3,5.3,5.2,5.25,2102,EQ,,,
2011-03-21,4.95,5.3,4.95,5.3,1390,EQ,,,
2011-03-22,5.3,5.3,5.3,5.3,2000,EQ,,,
2011-03-24,5.05,5.4,5.0,5.2,3402,EQ,,,
2011-03-25,5.2,5.2,5.2,5.2,750,EQ,,,
2011-03-28,5.0,5.7,5.0,5.05,5989,EQ,,,
2011-03-29,5.45,5.45,4.95,5.05,4778,EQ,,,
2011-03-30,4.95,5.35,4.7,5.3,7865,EQ,,,
2011-03-31,5.3,6.4,5.3,6.4,105241,EQ,,,
2011-04-01,6.75,7.0,5.95,6.2,45081,EQ,,,
2011-04-04,6.6,6.7,6.05,6.5,15437,EQ,,,
2011-04-05,6.15,6.7,6.15,6.55,4570,EQ,,,
2011-04-06,6.45,6.45,6.3,6.3,7350,EQ,,,
2011-04-07,6.15,6.5,6.1,6.25,2295,EQ,,,
2011-04-08,6.25,6.25,6.0,6.1,1043,EQ,,,
2011-04-11,6.1,6.15,5.85,5.9,3464,EQ,,,
2011-04-13,5.7,6.35,5.55,6.25,20466,EQ,,,
2011-04-15,6.05,6.15,5.85,5.9,4946,EQ,,,
2011-04-18,5.9,6.15,5.8,5.9,4045,EQ,,,
2011-04-19,7.05,7.05,5.8,5.95,3636,EQ,,,
2011-04-20,5.9,6.05,5.85,5.9,2821,EQ,,,
2011-04-21,5.95,6.0,5.75,5.75,1140,EQ,,,
2011-04-25,5.7,5.9,5.7,5.75,858,EQ,,,
2011-04-26,5.75,5.85,5.65,5.8,2835,EQ,,,
2011-04-27,5.65,5.8,5.5,5.5,3719,EQ,,,
2011-04-28,5.7,5.7,5.35,5.5,2193,EQ,,,
2011-04-29,5.4,5.6,4.95,5.0,19624,EQ,,,
2011-05-02,5.15,5.45,5.0,5.2,9688,EQ,,,
2011-05-03,5.05,5.4,4.95,5.0,8243,EQ,,,
2011-05-04,4.9,5.2,4.8,4.95,2640,EQ,,,
2011-05-05,4.9,4.9,4.9,4.9,576,EQ,,,
2011-05-06,4.7,5.1,4.7,5.05,1195,EQ,,,
2011-05-09,4.8,5.25,4.8,5.1,1811,EQ,,,
2011-05-10,4.85,5.3,4.85,5.05,2308,EQ,,,
2011-05-11,4.95,4.95,4.8,4.9,2987,EQ,,,
2011-05-12,4.85,5.05,4.8,5.0,2188,EQ,,,
2011-05-13,4.8,5.05,4.8,5.0,475,EQ,,,
2011-05-16,4.95,5.2,4.95,5.0,2299,EQ,,,
2011-05-17,5.0,5.1,4.9,4.9,3885,EQ,,,
2011-05-18,5.05,5.05,5.0,5.0,130,EQ,,,
2011-05-19,4.8,5.1,4.8,4.95,4055,EQ,,,
2011-05-20,5.05,5.2,4.8,4.85,3705,EQ,,,
2011-05-23,4.8,5.1,4.8,5.05,3953,EQ,,,
2011-05-24,4.8,5.1,4.8,5.1,214,EQ,,,
2011-05-25,4.8,5.05,4.8,4.95,1594,EQ,,,
2011-05-26,4.85,4.85,4.85,4.85,388,EQ,,,
2011-05-27,5.15,5.15,4.85,4.9,1405,EQ,,,
2011-05-30,4.9,4.9,4.9,4.9,100,EQ,,,
2011-05-31,4.8,5.1,4.8,4.9,1126,EQ,,,
2011-06-01,5.15,5.15,5.0,5.1,975,EQ,,,
2011-06-02,4.8,5.05,4.8,5.0,2620,EQ,,,
2011-06-06,4.9,4.9,4.8,4.9,2590,EQ,,,
2011-06-07,4.8,4.9,4.8,4.85,1314,EQ,,,
2011-06-08,4.85,4.9,4.75,4.8,2782,EQ,,,
2011-06-09,4.8,5.0,4.8,4.9,937,EQ,,,
2011-06-10,4.85,4.95,4.7,4.85,1581,EQ,,,
2011-06-13,4.95,5.2,4.95,5.05,1550,EQ,,,
2011-06-14,5.05,5.35,5.05,5.3,5409,EQ,,,
2011-06-15,5.25,5.5,5.25,5.4,2275,EQ,,,
2011-06-16,5.25,5.5,5.25,5.3,20574,EQ,,,
2011-06-17,5.4,5.5,5.3,5.4,7090,EQ,,,
2011-06-20,5.25,5.55,5.25,5.25,6094,EQ,,,
2011-06-21,5.25,5.35,5.25,5.3,2704,EQ,,,
2011-06-22,5.25,5.35,5.25,5.25,2171,EQ,,,
2011-06-23,5.25,5.3,5.25,5.3,310,EQ,,,
2011-06-24,5.3,5.35,5.3,5.35,315,EQ,,,
2011-06-27,5.05,5.65,5.05,5.3,4337,EQ,,,
2011-06-28,5.3,5.35,5.3,5.35,1485,EQ,,,
2011-06-29,6.0,6.0,5.3,5.3,1360,EQ,,,
2011-06-30,5.3,5.5,5.3,5.45,385,EQ,,,
2011-07-01,5.25,5.45,5.25,5.35,2141,EQ,,,
2011-07-04,5.3,5.4,5.3,5.4,350,EQ,,,
2011-07-05,5.95,5.95,5.3,5.35,486,EQ,,,
2011-07-06,5.8,5.8,5.35,5.4,2965,EQ,,,
2011-07-07,6.0,6.0,4.9,5.3,1094,EQ,,,
2011-07-08,5.1,5.65,5.1,5.45,2735,EQ,,,
2011-07-11,6.0,6.0,5.3,5.3,237,EQ,,,
2011-07-12,5.4,5.6,5.25,5.4,3175,EQ,,,
2011-07-13,5.35,5.5,5.3,5.35,1803,EQ,,,
2011-07-14,5.95,5.95,5.25,5.35,745,EQ,,,
2011-07-15,5.3,5.7,5.3,5.5,14908,EQ,,,
2011-07-18,5.5,5.5,5.4,5.45,653,EQ,,,
2011-07-19,5.85,5.85,5.25,5.55,4273,EQ,,,
2011-07-20,5.55,5.55,5.4,5.4,984,EQ,,,
2011-07-21,5.4,5.4,5.0,5.3,4102,EQ,,,
2011-07-22,5.25,5.4,5.25,5.35,17593,EQ,,,
2011-07-25,5.3,5.4,5.25,5.4,7005,EQ,,,
2011-07-26,5.7,6.45,5.4,5.5,11741,EQ,,,
2011-07-27,5.55,5.55,5.3,5.4,1067,EQ,,,
2011-07-28,5.15,5.5,5.15,5.35,2600,EQ,,,
2011-07-29,5.7,5.7,5.25,5.25,1660,EQ,,,
2011-08-01,5.5,5.5,5.25,5.25,1075,EQ,,,
2011-08-02,5.15,5.2,4.7,4.85,12173,EQ,,,
2011-08-03,4.85,5.2,4.6,5.15,3021,EQ,,,
2011-08-04,5.1,5.1,4.85,4.85,1358,EQ,,,
2011-08-05,4.8,4.9,4.7,4.9,2006,EQ,,,
2011-08-08,4.45,5.0,4.45,4.5,2755,EQ,,,
2011-08-09,4.3,4.5,4.25,4.3,2623,EQ,,,
2011-08-10,4.45,4.65,4.3,4.3,3084,EQ,,,
2011-08-11,4.45,4.6,4.3,4.45,2328,EQ,,,
2011-08-12,4.7,4.7,4.4,4.45,46996,EQ,,,
2011-08-16,4.45,4.55,4.1,4.2,3969,EQ,,,
2011-08-17,4.2,4.3,3.8,4.0,1488,EQ,,,
2011-08-18,3.95,4.15,3.95,3.95,1102,EQ,,,
2011-08-19,3.8,4.0,3.6,3.7,3891,EQ,,,
2011-08-22,3.7,4.05,3.7,4.0,2491,EQ,,,
2011-08-23,3.9,4.8,3.9,4.8,11337,EQ,,,
2011-08-24,5.45,5.5,4.75,5.2,26240,EQ,,,
2011-08-25,5.25,5.25,4.7,4.95,1747,EQ,,,
2011-08-26,5.1,5.1,4.35,4.4,4625,EQ,,,
2011-08-29,4.5,4.7,4.5,4.7,602,EQ,,,
2011-08-30,4.5,5.2,4.5,4.7,2626,EQ,,,
2011-09-02,4.95,4.95,4.4,4.6,2051,EQ,,,
2011-09-05,4.65,4.9,4.35,4.35,5544,EQ,,,
2011-09-06,4.65,4.7,4.55,4.65,1460,EQ,,,
2011-09-07,4.65,5.25,4.65,5.2,5106,EQ,,,
2011-09-08,5.8,5.8,5.0,5.15,21520,EQ,,,
2011-09-09,5.2,5.2,4.95,5.0,7102,EQ,,,
2011-09-12,5.1,5.4,5.1,5.15,1224,EQ,,,
2011-09-13,5.25,5.25,5.1,5.1,933,EQ,,,
2011-09-14,5.2,5.25,5.1,5.2,2995,EQ,,,
2011-09-15,5.1,5.2,5.1,5.2,1525,EQ,,,
2011-09-16,5.2,5.3,5.1,5.2,13497,EQ,,,
2011-09-19,5.25,5.45,5.15,5.2,13916,EQ,,,
2011-09-20,5.15,5.35,5.1,5.25,7070,EQ,,,
2011-09-21,5.15,5.35,5.15,5.25,1111,EQ,,,
2011-09-22,5.15,5.2,5.1,5.1,4788,EQ,,,
2011-09-23,4.95,5.0,4.8,5.0,1528,EQ,,,
2011-09-26,4.95,5.05,4.9,5.05,1137,EQ,,,
2011-09-27,5.05,5.05,4.95,5.0,162,EQ,,,
2011-09-28,5.25,5.25,4.7,4.8,895,EQ,,,
2011-09-29,4.8,4.95,4.75,4.8,2367,EQ,,,
2011-09-30,4.85,5.1,4.85,5.05,29,EQ,,,
2011-10-03,4.9,5.2,4.5,4.7,4502,EQ,,,
2011-10-04,4.7,4.7,4.65,4.65,177,EQ,,,
2011-10-05,4.65,4.65,4.25,4.45,3973,EQ,,,
2011-10-07,4.5,4.95,4.5,4.6,8571,EQ,,,
2011-10-10,4.65,4.7,4.55,4.65,2110,EQ,,,
2011-10-11,4.7,5.3,4.7,5.05,11008,EQ,,,
2011-10-12,5.0,5.7,4.95,5.35,15629,EQ,,,
2011-10-13,5.25,5.8,4.75,5.1,13489,EQ,,,
2011-10-14,5.45,5.45,5.0,5.0,2420,EQ,,,
2011-10-17,5.35,5.35,4.95,5.0,1628,EQ,,,
2011-10-18,4.9,5.2,4.7,4.9,3230,EQ,,,
2011-10-19,4.8,5.0,4.8,4.9,142,EQ,,,
2011-10-20,4.85,5.1,4.85,5.0,1734,EQ,,,
2011-10-21,4.95,5.2,4.8,4.95,3596,EQ,,,
2011-10-24,4.95,5.0,4.9,5.0,864,EQ,,,
2011-10-25,5.0,5.0,4.95,5.0,450,EQ,,,
2011-10-26,5.2,5.25,5.0,5.1,1590,EQ,,,
2011-10-28,5.05,5.3,4.95,5.05,1709,EQ,,,
2011-10-31,4.9,4.95,4.85,4.9,289,EQ,,,
2011-11-01,4.8,4.9,4.8,4.8,263,EQ,,,
2011-11-02,4.7,4.9,4.65,4.9,17,EQ,,,
2011-11-03,4.7,5.0,4.7,4.9,671,EQ,,,
2011-11-04,4.8,4.8,4.8,4.8,560,EQ,,,
2011-11-08,4.7,4.75,4.7,4.75,6,EQ,,,
2011-11-09,4.7,4.85,4.7,4.75,160,EQ,,,
2011-11-11,4.7,4.95,4.5,4.55,3149,EQ,,,
2011-11-14,4.65,4.8,4.65,4.7,2253,EQ,,,
2011-11-15,4.65,4.7,4.45,4.55,11160,EQ,,,
2011-11-16,4.55,4.55,4.55,4.55,12250,EQ,,,
2011-11-17,4.5,4.55,4.5,4.55,5605,EQ,,,
2011-11-18,4.55,4.55,4.5,4.5,1687,EQ,,,
2011-11-21,4.55,4.6,4.55,4.6,1589,EQ,,,
2011-11-22,4.6,4.85,4.35,4.4,7834,EQ,,,
2011-11-23,4.5,4.65,4.45,4.45,3110,EQ,,,
2011-11-24,4.4,4.65,4.4,4.65,364,EQ,,,
2011-11-25,4.9,4.95,4.65,4.75,1824,EQ,,,
2011-11-28,5.4,5.4,4.6,4.8,3230,EQ,,,
2011-11-29,4.9,4.9,4.55,4.6,412,EQ,,,
2011-11-30,4.8,4.8,4.5,4.5,405,EQ,,,
2011-12-01,4.55,4.7,4.45,4.5,1981,EQ,,,
2011-12-02,4.5,4.5,4.1,4.35,3244,EQ,,,
2011-12-05,4.5,4.5,4.2,4.35,842,EQ,,,
2011-12-07,4.45,4.45,4.3,4.4,1423,EQ,,,
2011-12-08,4.5,4.5,4.3,4.45,1822,EQ,,,
2011-12-09,4.35,4.45,4.3,4.45,855,EQ,,,
2011-12-12,4.35,4.5,4.15,4.3,1807,EQ,,,
2011-12-13,4.2,4.4,4.1,4.25,3258,EQ,,,
2011-12-14,4.15,4.3,4.1,4.1,1020,EQ,,,
2011-12-15,4.3,4.3,4.1,4.1,2525,EQ,,,
2011-12-16,4.05,4.15,3.8,3.9,3618,EQ,,,
2011-12-19,3.8,4.0,3.8,3.8,200,EQ,,,
2011-12-20,3.65,3.9,3.6,3.75,1495,EQ,,,
2011-12-21,4.0,4.0,3.9,3.9,3,EQ,,,
2011-12-22,3.75,4.0,3.7,3.9,129,EQ,,,
2011-12-23,3.75,3.75,3.75,3.75,106,EQ,,,
2011-12-26,4.05,4.05,3.9,3.9,1004,EQ,,,
2011-12-27,3.75,4.05,3.75,3.9,879,EQ,,,
2011-12-28,3.75,4.15,3.7,3.8,386,EQ,,,
2011-12-29,3.75,3.9,3.7,3.9,568,EQ,,,
2011-12-30,3.75,4.35,3.6,3.7,1021,EQ,,,
2012-01-02,3.9,3.9,3.6,3.65,204,EQ,,,
2012-01-03,3.8,3.9,3.6,3.65,681,EQ,,,
2012-01-04,3.7,3.7,3.7,3.7,50,EQ,,,
2012-01-05,3.75,3.75,3.75,3.75,183,EQ,,,
2012-01-06,4.0,4.0,3.7,3.8,399,EQ,,,
2012-01-07,4.2,4.2,3.65,3.8,5213,EQ,,,
2012-01-09,3.65,3.9,3.65,3.75,132,EQ,,,
2012-01-10,4.25,4.25,3.8,3.9,700,EQ,,,
2012-01-11,3.9,4.05,3.9,4.05,995,EQ,,,
2012-01-12,4.1,4.1,4.05,4.05,1449,EQ,,,
2012-01-13,3.9,4.05,3.8,4.05,3496,EQ,,,
2012-01-16,4.35,4.35,4.0,4.2,1815,EQ,,,
2012-01-17,4.5,4.5,4.1,4.2,1530,EQ,,,
2012-01-18,4.35,4.5,4.05,4.05,1149,EQ,,,
2012-01-19,4.25,4.25,4.25,4.25,1,EQ,,,
2012-01-20,4.1,4.3,4.0,4.1,793,EQ,,,
2012-01-23,4.05,4.35,3.85,4.1,1122,EQ,,,
2012-01-24,4.35,4.35,4.0,4.0,471,EQ,,,
2012-01-25,4.1,4.25,4.05,4.25,56,EQ,,,
2012-01-27,4.25,4.9,4.25,4.3,7877,EQ,,,
2012-01-30,4.7,4.7,4.3,4.3,584,EQ,,,
2012-01-31,4.5,4.5,4.3,4.45,2966,EQ,,,
2012-02-01,4.35,4.5,4.35,4.45,411,EQ,,,
2012-02-02,4.6,4.65,4.45,4.65,2186,EQ,,,
2012-02-03,4.7,4.8,4.5,4.65,2643,EQ,,,
2012-02-06,4.55,4.75,4.55,4.75,3816,EQ,,,
2012-02-07,4.65,4.75,4.55,4.65,3034,EQ,,,
2012-02-08,4.75,4.85,4.7,4.75,2959,EQ,,,
2012-02-09,4.85,4.9,4.65,4.75,2519,EQ,,,
2012-02-10,4.9,4.95,4.7,4.9,2489,EQ,,,
2012-02-13,4.9,5.0,4.7,4.8,2177,EQ,,,
2012-02-14,4.95,5.0,4.85,4.95,6407,EQ,,,
2012-02-15,4.95,5.0,4.75,4.8,8858,EQ,,,
2012-02-16,4.7,4.9,4.7,4.8,7573,EQ,,,
2012-02-17,4.8,4.85,4.6,4.6,3315,EQ,,,
2012-02-21,4.75,4.75,4.4,4.45,11459,EQ,,,
2012-02-22,4.45,4.5,4.4,4.45,3920,EQ,,,
2012-02-23,4.45,4.5,4.4,4.5,1688,EQ,,,
2012-02-24,4.45,4.45,4.1,4.2,8638,EQ,,,
2012-02-27,4.2,4.3,4.15,4.15,1004,EQ,,,
2012-02-28,4.25,4.5,4.1,4.35,2776,EQ,,,
2012-02-29,4.7,4.7,4.2,4.25,4437,EQ,,,
2012-03-01,4.3,4.35,4.1,4.2,798,EQ,,,
2012-03-02,4.1,4.3,4.1,4.25,737,EQ,,,
2012-03-05,4.1,4.2,4.05,4.05,3088,EQ,,,
2012-03-06,4.1,4.1,4.0,4.0,399,EQ,,,
2012-03-07,4.3,4.3,3.8,3.95,1695,EQ,,,
2012-03-09,3.9,4.15,3.8,4.0,578,EQ,,,
2012-03-12,4.25,4.25,3.95,4.1,1006,EQ,,,
2012-03-13,4.2,4.2,4.0,4.0,1447,EQ,,,
2012-03-14,4.0,4.15,3.95,4.0,693,EQ,,,
2012-03-15,3.95,4.1,3.85,3.85,825,EQ,,,
2012-03-16,3.85,4.1,3.85,3.9,544,EQ,,,
2012-03-19,4.0,4.05,3.9,3.9,384,EQ,,,
2012-03-21,4.05,4.05,3.75,3.8,4399,EQ,,,
2012-03-22,4.0,4.0,3.8,3.8,165,EQ,,,
2012-03-23,3.6,4.1,3.6,3.8,3034,EQ,,,
2012-03-26,3.75,3.9,3.7,3.7,1029,EQ,,,
2012-03-27,3.6,3.75,3.5,3.6,8531,EQ,,,
2012-03-28,3.45,3.5,3.4,3.4,1824,EQ,,,
2012-03-29,3.45,3.6,3.3,3.6,371,EQ,,,
2012-03-30,3.6,3.8,3.4,3.5,3574,EQ,,,
2012-04-02,3.45,3.7,3.4,3.5,2352,EQ,,,
2012-04-03,3.6,3.65,3.6,3.6,1618,EQ,,,
2012-04-04,3.55,3.7,3.55,3.6,883,EQ,,,
2012-04-09,3.85,3.85,3.55,3.65,2649,EQ,,,
2012-04-10,3.6,3.75,3.55,3.7,130,EQ,,,
2012-04-11,3.7,3.7,3.7,3.7,1,EQ,,,
2012-04-12,3.7,3.75,3.55,3.65,1747,EQ,,,
2012-04-13,3.6,3.75,3.6,3.75,1013,EQ,,,
2012-04-16,3.9,3.9,3.45,3.5,3905,EQ,,,
2012-04-17,3.55,3.7,3.55,3.55,914,EQ,,,
2012-04-18,3.5,3.7,3.5,3.7,1044,EQ,,,
2012-04-19,3.75,4.0,3.7,3.75,2382,EQ,,,
2012-04-20,3.75,4.0,3.75,4.0,2201,EQ,,,
2012-04-23,3.8,4.0,3.7,3.8,729,EQ,,,
2012-04-24,3.8,3.95,3.7,3.9,1486,EQ,,,
2012-04-25,3.75,3.95,3.75,3.8,1493,EQ,,,
2012-04-26,3.7,3.75,3.6,3.7,1972,EQ,,,
2012-04-27,3.65,3.7,3.55,3.65,1243,EQ,,,
2012-04-30,3.6,3.6,3.6,3.6,23,EQ,,,
2012-05-02,3.75,3.75,3.6,3.6,95,EQ,,,
2012-05-03,3.6,3.75,3.5,3.6,654,EQ,,,
2012-05-04,3.6,3.7,3.45,3.7,2768,EQ,,,
2012-05-07,3.6,3.75,3.4,3.65,48,EQ,,,
2012-05-08,3.6,3.6,3.4,3.5,854,EQ,,,
2012-05-09,3.5,3.5,3.45,3.45,2924,EQ,,,
2012-05-10,3.35,3.4,3.35,3.4,1850,EQ,,,
2012-05-11,3.4,3.55,3.2,3.5,1425,EQ,,,
2012-05-14,3.4,3.5,3.4,3.45,517,EQ,,,
2012-05-15,3.3,3.5,3.3,3.5,1077,EQ,,,
2012-05-16,3.4,3.5,3.4,3.4,550,EQ,,,
2012-05-17,3.5,3.55,3.4,3.4,1332,EQ,,,
2012-05-18,3.35,3.5,3.35,3.4,1495,EQ,,,
2012-05-21,3.5,3.5,3.35,3.35,3042,EQ,,,
2012-05-22,3.4,3.4,3.4,3.4,200,EQ,,,
2012-05-23,3.6,3.6,3.2,3.3,1042,EQ,,,
2012-05-25,3.25,3.3,3.15,3.3,1809,EQ,,,
2012-05-28,3.45,3.45,3.4,3.4,155,EQ,,,
2012-05-29,3.45,3.5,3.4,3.5,656,EQ,,,
2012-05-30,3.45,3.5,3.35,3.5,1319,EQ,,,
2012-05-31,3.45,3.9,3.3,3.4,9023,EQ,,,
2012-06-01,3.6,3.6,3.45,3.5,706,EQ,,,
2012-06-04,3.45,3.6,3.45,3.5,1482,EQ,,,
2012-06-05,3.4,3.45,3.4,3.45,267,EQ,,,
2012-06-06,3.45,3.6,3.45,3.5,889,EQ,,,
2012-06-07,3.4,3.6,3.35,3.45,2942,EQ,,,
2012-06-08,3.7,3.7,3.4,3.45,559,EQ,,,
2012-06-11,3.5,3.5,3.4,3.4,1810,EQ,,,
2012-06-12,3.95,3.95,3.4,3.45,3658,EQ,,,
2012-06-13,3.5,3.6,3.45,3.55,1144,EQ,,,
2012-06-14,3.5,3.6,3.45,3.55,621,EQ,,,
2012-06-15,3.65,3.7,3.45,3.5,372,EQ,,,
2012-06-18,3.5,3.5,3.4,3.45,571,EQ,,,
2012-06-19,3.5,3.5,3.45,3.5,1182,EQ,,,
2012-06-20,3.5,3.5,3.45,3.45,230,EQ,,,
2012-06-21,3.5,3.5,3.45,3.5,53,EQ,,,
2012-06-22,3.4,3.5,3.4,3.5,1582,EQ,,,
2012-06-25,3.7,3.7,3.5,3.5,252,EQ,,,
2012-06-26,3.45,3.55,3.45,3.45,1234,EQ,,,
2012-06-27,3.5,3.5,3.45,3.45,92,EQ,,,
2012-06-28,3.45,4.1,3.4,4.1,27842,EQ,,,
2012-06-29,4.9,4.95,4.35,4.8,265120,EQ,,,
2012-07-02,4.7,4.7,4.3,4.35,19791,EQ,,,
2012-07-03,4.35,4.5,4.1,4.2,8719,EQ,,,
2012-07-04,4.2,4.45,4.1,4.2,4289,EQ,,,
2012-07-05,4.1,4.25,4.1,4.15,4709,EQ,,,
2012-07-06,4.45,4.45,4.1,4.15,3608,EQ,,,
2012-07-09,4.1,4.2,3.95,4.0,2464,EQ,,,
2012-07-10,4.2,4.2,4.0,4.1,511,EQ,,,
2012-07-11,4.2,4.2,4.0,4.05,3321,EQ,,,
2012-07-12,4.0,4.05,3.9,4.0,2984,EQ,,,
2012-07-13,4.0,4.0,3.8,3.95,2669,EQ,,,
2012-07-16,3.95,4.05,3.95,4.0,1276,EQ,,,
2012-07-17,4.15,4.2,3.8,3.9,2006,EQ,,,
2012-07-18,4.05,4.05,3.8,3.8,655,EQ,,,
2012-07-19,3.9,4.0,3.8,3.9,1406,EQ,,,
2012-07-20,3.9,3.9,3.8,3.8,464,EQ,,,
2012-07-23,3.85,3.95,3.8,3.85,1245,EQ,,,
2012-07-24,3.8,3.85,3.7,3.75,1966,EQ,,,
2012-07-25,4.0,4.0,3.85,3.9,1689,EQ,,,
2012-07-26,4.0,4.0,3.8,3.8,262,EQ,,,
2012-07-27,3.8,3.8,3.45,3.6,1052,EQ,,,
2012-07-30,3.6,3.85,3.6,3.65,1185,EQ,,,
2012-07-31,3.8,3.8,3.65,3.7,186,EQ,,,
2012-08-01,3.7,3.7,3.7,3.7,1100,EQ,,,
2012-08-02,3.9,3.9,3.75,3.75,647,EQ,,,
2012-08-03,3.5,3.75,3.5,3.75,674,EQ,,,
2012-08-07,3.75,3.9,3.7,3.7,1712,EQ,,,
2012-08-08,3.7,3.8,3.7,3.7,814,EQ,,,
2012-08-09,3.65,3.75,3.65,3.65,1338,EQ,,,
2012-08-10,3.7,3.75,3.65,3.75,1716,EQ,,,
2012-08-13,3.7,3.75,3.7,3.75,293,EQ,,,
2012-08-14,3.9,3.9,3.7,3.85,507,EQ,,,
2012-08-16,3.8,3.8,3.7,3.7,954,EQ,,,
2012-08-17,3.75,3.75,3.5,3.7,6454,EQ,,,
2012-08-21,3.6,3.8,3.3,3.6,3793,EQ,,,
2012-08-22,3.55,3.75,3.55,3.7,2204,EQ,,,
2012-08-23,3.6,3.7,3.6,3.6,1269,EQ,,,
2012-08-24,3.7,4.0,3.7,3.75,8127,EQ,,,
2012-08-27,3.8,4.1,3.8,4.0,11946,EQ,,,
2012-08-28,4.0,4.2,3.95,4.0,2670,EQ,,,
2012-08-29,4.05,4.05,4.0,4.0,1275,EQ,,,
2012-08-30,4.05,4.05,4.0,4.0,1102,EQ,,,
2012-08-31,3.9,4.05,3.9,4.0,2491,EQ,,,
2012-09-03,3.95,4.0,3.95,4.0,1832,EQ,,,
2012-09-04,4.0,4.0,3.95,4.0,1692,EQ,,,
2012-09-05,4.0,4.1,3.9,4.0,5942,EQ,,,
2012-09-06,3.9,4.1,3.75,4.0,2542,EQ,,,
2012-09-07,4.0,4.0,4.0,4.0,1000,EQ,,,
2012-09-10,4.0,4.0,3.9,4.0,2726,EQ,,,
2012-09-11,3.9,4.1,3.9,4.0,2880,EQ,,,
2012-09-12,4.0,4.05,4.0,4.0,1484,EQ,,,
2012-09-13,3.95,4.3,3.9,4.3,19685,EQ,,,
2012-09-14,4.2,4.5,4.1,4.45,8697,EQ,,,
2012-09-17,4.65,5.1,4.2,4.9,36977,EQ,,,
2012-09-18,4.8,5.1,4.5,4.6,39185,EQ,,,
2012-09-20,4.7,4.7,4.3,4.5,28413,EQ,,,
2012-09-21,4.45,4.6,4.45,4.45,3013,EQ,,,
2012-09-24,4.4,4.5,4.4,4.45,796,EQ,,,
2012-09-25,4.4,4.6,4.4,4.5,38623,EQ,,,
2012-09-26,4.45,4.65,4.45,4.5,2440,EQ,,,
2012-09-27,4.65,4.75,4.45,4.65,9662,EQ,,,
2012-09-28,4.6,4.6,4.45,4.45,11465,EQ,,,
2012-10-01,4.5,4.65,4.5,4.6,3063,EQ,,,
2012-10-03,4.5,4.6,4.5,4.55,2274,EQ,,,
2012-10-04,4.5,4.6,4.45,4.55,5141,EQ,,,
2012-10-05,4.8,4.8,4.5,4.5,7493,EQ,,,
2012-10-08,4.45,4.65,4.45,4.5,570,EQ,,,
2012-10-09,4.5,4.6,4.5,4.5,875,EQ,,,
2012-10-10,4.5,4.6,4.5,4.6,4267,EQ,,,
2012-10-11,4.5,4.6,4.45,4.45,1779,EQ,,,
2012-10-12,4.35,4.45,4.35,4.45,927,EQ,,,
2012-10-15,4.4,4.4,4.15,4.3,3052,EQ,,,
2012-10-16,4.2,4.3,4.2,4.3,317,EQ,,,
2012-10-17,4.5,4.5,4.1,4.25,1168,EQ,,,
2012-10-18,4.2,4.45,4.2,4.45,311,EQ,,,
2012-10-19,4.45,4.7,4.45,4.6,5084,EQ,,,
2012-10-22,4.6,4.65,4.45,4.45,4849,EQ,,,
2012-10-23,4.45,4.45,4.35,4.4,492,EQ,,,
2012-10-25,4.4,4.45,4.3,4.3,954,EQ,,,
2012-10-26,4.35,4.35,4.3,4.3,227,EQ,,,
2012-10-29,4.3,4.3,4.2,4.25,507,EQ,,,
2012-10-30,4.25,4.5,4.2,4.3,884,EQ,,,
2012-10-31,4.3,4.3,4.25,4.3,653,EQ,,,
2012-11-01,4.45,4.45,4.2,4.3,2170,EQ,,,
2012-11-02,4.5,4.5,4.2,4.25,605,EQ,,,
2012-11-05,4.05,4.3,4.05,4.25,800,EQ,,,
2012-11-06,4.2,4.4,4.05,4.3,529,EQ,,,
2012-11-08,4.45,4.6,4.4,4.4,5849,EQ,,,
2012-11-09,4.65,4.65,4.4,4.4,3674,EQ,,,
2012-11-12,4.35,4.35,4.3,4.3,1290,EQ,,,
2012-11-13,4.5,4.6,4.25,4.5,2771,EQ,,,
2012-11-15,4.45,4.6,4.35,4.45,4242,EQ,,,
2012-11-16,4.45,4.5,4.3,4.45,3051,EQ,,,
2012-11-19,4.6,4.65,4.35,4.45,3740,EQ,,,
2012-11-20,4.4,4.55,4.35,4.45,4275,EQ,,,
2012-11-21,4.45,4.7,4.45,4.65,5588,EQ,,,
2012-11-22,4.9,4.9,4.4,4.65,2994,EQ,,,
2012-11-23,4.65,4.65,4.45,4.5,3178,EQ,,,
2012-11-26,4.45,4.5,4.35,4.45,1493,EQ,,,
2012-11-27,4.45,4.45,4.35,4.35,1555,EQ,,,
2012-11-29,4.5,4.5,4.35,4.45,1947,EQ,,,
2012-11-30,4.45,4.55,4.4,4.5,7740,EQ,,,
2012-12-03,4.8,4.8,4.45,4.45,1879,EQ,,,
2012-12-04,4.45,4.5,4.25,4.5,1981,EQ,,,
2012-12-05,4.45,4.6,4.45,4.45,5062,EQ,,,
2012-12-06,4.5,4.5,4.3,4.3,3792,EQ,,,
2012-12-07,4.35,4.45,4.3,4.3,3465,EQ,,,
2012-12-10,4.3,4.35,4.3,4.3,4085,EQ,,,
2012-12-11,4.3,4.3,4.15,4.2,922,EQ,,,
2012-12-12,4.3,4.3,4.15,4.2,2843,EQ,,,
2012-12-13,4.35,4.35,4.15,4.2,2404,EQ,,,
2012-12-14,4.15,4.15,4.05,4.1,199,EQ,,,
2012-12-17,4.15,4.3,4.05,4.1,3402,EQ,,,
2012-12-18,4.1,4.1,4.1,4.1,739,EQ,,,
2012-12-19,4.1,4.2,4.1,4.15,6942,EQ,,,
2012-12-20,4.35,4.35,4.0,4.0,5381,EQ,,,
2012-12-21,4.1,4.1,4.0,4.0,3710,EQ,,,
2012-12-24,4.0,4.0,3.9,4.0,942,EQ,,,
2012-12-26,4.0,4.1,4.0,4.05,3705,EQ,,,
2012-12-27,4.2,4.5,4.1,4.2,47938,EQ,,,
2012-12-28,4.15,4.2,4.1,4.15,1719,EQ,,,
2012-12-31,4.15,4.15,4.05,4.1,858,EQ,,,
2013-01-01,4.1,4.25,4.1,4.25,1346,EQ,,,
2013-01-02,4.3,4.4,4.2,4.3,2903,EQ,,,
2013-01-03,4.35,4.65,4.35,4.45,27254,EQ,,,
2013-01-04,4.5,4.5,4.3,4.3,1596,EQ,,,
2013-01-07,4.3,4.45,4.2,4.3,4959,EQ,,,
2013-01-08,4.45,4.45,4.3,4.4,2923,EQ,,,
2013-01-09,4.35,4.35,4.3,4.3,2989,EQ,,,
2013-01-10,4.3,4.3,4.3,4.3,820,EQ,,,
2013-01-11,4.3,4.3,4.15,4.2,3129,EQ,,,
2013-01-14,4.2,4.3,4.1,4.15,3150,EQ,,,
2013-01-15,4.15,4.25,4.15,4.15,3818,EQ,,,
2013-01-16,4.1,4.2,4.0,4.05,3684,EQ,,,
2013-01-17,4.15,4.15,4.0,4.05,1021,EQ,,,
2013-01-18,4.0,4.05,4.0,4.0,3716,EQ,,,
2013-01-21,4.0,4.05,3.9,4.0,4917,EQ,,,
2013-01-22,4.0,4.1,4.0,4.05,797,EQ,,,
2013-01-23,4.1,4.1,4.1,4.1,100,EQ,,,
2013-01-24,4.05,4.1,3.95,4.0,2286,EQ,,,
2013-01-25,3.95,4.1,3.95,4.05,962,EQ,,,
2013-01-28,4.0,4.1,3.9,4.05,588,EQ,,,
2013-01-29,4.0,4.0,3.9,3.95,1358,EQ,,,
2013-01-30,3.9,4.0,3.9,3.95,1305,EQ,,,
2013-01-31,3.9,3.95,3.9,3.95,850,EQ,,,
2013-02-01,4.1,4.1,3.95,4.0,585,EQ,,,
2013-02-04,4.0,4.0,4.0,4.0,4098,EQ,,,
2013-02-05,3.95,3.95,3.6,3.65,8155,EQ,,,
2013-02-06,3.95,3.95,3.7,3.75,3746,EQ,,,
2013-02-07,3.8,3.8,3.7,3.75,2567,EQ,,,
2013-02-08,3.85,3.9,3.7,3.85,5095,EQ,,,
2013-02-11,3.9,3.9,3.7,3.8,192,EQ,,,
2013-02-12,3.9,3.9,3.7,3.8,1304,EQ,,,
2013-02-13,3.75,3.8,3.7,3.75,173,EQ,,,
2013-02-14,3.9,3.9,3.7,3.75,576,EQ,,,
2013-02-15,3.7,3.7,3.6,3.7,1906,EQ,,,
2013-02-18,3.65,3.8,3.65,3.75,1880,EQ,,,
2013-02-19,3.75,3.8,3.7,3.7,267,EQ,,,
2013-02-20,3.65,4.0,3.65,3.95,1627,EQ,,,
2013-02-21,4.0,4.0,3.75,3.8,3180,EQ,,,
2013-02-22,3.8,3.85,3.75,3.85,2006,EQ,,,
2013-02-25,3.75,3.75,3.5,3.6,4050,EQ,,,
2013-02-26,3.55,3.6,3.5,3.55,2193,EQ,,,
2013-02-27,3.55,3.55,3.45,3.45,6124,EQ,,,
2013-02-28,3.4,3.65,3.4,3.45,2401,EQ,,,
2013-03-01,3.4,3.45,3.35,3.45,502,EQ,,,
2013-03-04,3.3,3.3,3.3,3.3,141,EQ,,,
2013-03-05,3.25,3.45,3.15,3.3,1435,EQ,,,
2013-03-06,3.4,3.45,3.4,3.4,1057,EQ,,,
2013-03-07,3.45,3.5,3.4,3.45,915,EQ,,,
2013-03-08,3.4,3.5,3.35,3.45,2247,EQ,,,
2013-03-11,3.5,3.5,3.45,3.5,10741,EQ,,,
2013-03-12,3.5,3.55,3.45,3.45,8635,EQ,,,
2013-03-13,3.4,3.5,3.3,3.5,1267,EQ,,,
2013-03-14,3.4,3.45,3.35,3.4,139,EQ,,,
2013-03-15,3.4,3.45,3.3,3.4,1090,EQ,,,
2013-03-18,3.4,3.4,3.3,3.4,1908,EQ,,,
2013-03-19,3.35,3.4,3.3,3.3,1360,EQ,,,
2013-03-20,3.25,3.3,3.2,3.2,3271,EQ,,,
2013-03-21,3.2,3.3,3.15,3.2,6500,EQ,,,
2013-03-22,3.2,3.2,3.0,3.05,1393,EQ,,,
2013-03-25,3.05,3.15,2.95,3.0,2389,EQ,,,
2013-03-26,3.0,3.0,2.8,2.8,14973,EQ,,,
2013-03-28,2.9,3.05,2.85,3.05,505,EQ,,,
2013-04-01,2.95,3.05,2.9,3.05,3138,EQ,,,
2013-04-02,3.0,3.25,2.9,3.05,309,EQ,,,
2013-04-04,3.05,3.05,3.05,3.05,128,EQ,,,
2013-04-05,2.95,3.3,2.95,3.2,1254,EQ,,,
2013-04-08,3.0,3.3,2.9,3.05,718,EQ,,,
2013-04-09,3.05,3.05,3.05,3.05,200,EQ,,,
2013-04-10,3.05,3.05,2.8,2.95,3010,EQ,,,
2013-04-11,3.05,3.05,3.0,3.0,804,EQ,,,
2013-04-12,3.15,3.15,3.15,3.15,300,EQ,,,
2013-04-15,2.95,3.1,2.9,3.05,424,EQ,,,
2013-04-16,3.05,3.45,3.05,3.4,5719,EQ,,,
2013-04-17,3.35,3.7,3.35,3.45,1114,EQ,,,
2013-04-18,3.3,3.5,3.3,3.4,477,EQ,,,
2013-04-22,3.3,3.35,3.3,3.3,410,EQ,,,
2013-04-23,3.3,3.5,3.3,3.4,1402,EQ,,,
2013-04-25,3.45,3.55,3.3,3.3,1605,EQ,,,
2013-04-26,3.35,3.4,3.3,3.3,2317,EQ,,,
2013-04-29,3.45,3.9,3.35,3.5,2487,EQ,,,
2013-04-30,3.5,3.5,3.35,3.4,2599,EQ,,,
2013-05-02,3.55,3.55,3.5,3.5,2,EQ,,,
2013-05-03,3.45,3.45,3.3,3.3,2070,EQ,,,
2013-05-06,3.3,3.4,3.3,3.3,1993,EQ,,,
2013-05-07,3.2,3.6,3.2,3.5,2376,EQ,,,
2013-05-08,3.45,3.55,3.4,3.5,1238,EQ,,,
2013-05-09,3.75,3.75,3.3,3.4,3213,EQ,,,
2013-05-10,3.35,3.45,3.35,3.4,1168,EQ,,,
2013-05-11,3.35,3.35,3.3,3.3,100,EQ,,,
2013-05-13,3.35,3.4,3.35,3.4,303,EQ,,,
2013-05-15,3.3,3.7,3.3,3.4,3071,EQ,,,
2013-05-16,3.35,3.55,3.2,3.3,766,EQ,,,
2013-05-17,3.6,3.6,3.15,3.2,1066,EQ,,,
2013-05-20,3.3,3.8,3.15,3.55,9021,EQ,,,
2013-05-21,3.55,3.55,3.4,3.4,1884,EQ,,,
2013-05-22,3.55,3.55,3.35,3.5,252,EQ,,,
2013-05-23,3.3,3.6,3.25,3.3,1154,EQ,,,
2013-05-24,3.25,3.4,3.2,3.2,1545,EQ,,,
2013-05-27,3.15,3.2,3.1,3.2,440,EQ,,,
2013-05-28,3.2,3.25,3.15,3.15,200,EQ,,,
2013-05-29,3.2,3.2,3.2,3.2,11,EQ,,,
2013-05-30,3.15,3.25,3.15,3.2,118,EQ,,,
2013-05-31,3.15,3.2,2.9,3.05,1267,EQ,,,
2013-06-03,3.05,3.2,2.9,3.05,1924,EQ,,,
2013-06-04,3.05,3.05,3.0,3.0,5711,EQ,,,
2013-06-05,3.0,3.0,2.9,2.9,3425,EQ,,,
2013-06-06,2.9,2.9,2.85,2.9,605,EQ,,,
2013-06-07,2.9,3.2,2.9,3.0,2066,EQ,,,
2013-06-10,3.05,3.15,3.0,3.0,1948,EQ,,,
2013-06-11,3.0,3.0,3.0,3.0,1041,EQ,,,
2013-06-12,3.0,3.05,3.0,3.0,206,EQ,,,
2013-06-13,2.95,2.95,2.9,2.9,420,EQ,,,
2013-06-14,2.9,2.9,2.9,2.9,3716,EQ,,,
2013-06-18,2.9,3.0,2.85,2.9,677,EQ,,,
2013-06-20,2.9,2.9,2.85,2.9,4769,EQ,,,
2013-06-21,2.9,3.0,2.85,2.95,2763,EQ,,,
2013-06-24,2.85,2.9,2.85,2.9,1453,EQ,,,
2013-06-25,2.85,3.0,2.75,2.9,2236,EQ,,,
2013-06-26,2.85,3.0,2.85,2.95,3326,EQ,,,
2013-06-27,2.95,3.05,2.8,3.05,3308,EQ,,,
2013-06-28,2.9,3.0,2.9,3.0,1076,EQ,,,
2013-07-01,2.95,3.15,2.85,2.95,1274,EQ,,,
2013-07-02,3.0,3.05,3.0,3.05,898,EQ,,,
2013-07-03,2.95,3.1,2.9,2.95,406,EQ,,,
2013-07-04,2.9,3.0,2.9,3.0,159,EQ,,,
2013-07-05,3.05,3.45,3.05,3.15,5637,EQ,,,
2013-07-08,3.0,3.15,3.0,3.05,308,EQ,,,
2013-07-09,3.05,3.2,3.05,3.2,182,EQ,,,
2013-07-10,3.15,3.15,3.05,3.05,9,EQ,,,
2013-07-11,3.05,3.05,2.95,3.0,1359,EQ,,,
2013-07-12,3.0,3.1,2.95,3.0,455,EQ,,,
2013-07-15,2.95,3.05,2.9,2.9,464,EQ,,,
2013-07-16,2.9,3.05,2.9,3.0,265,EQ,,,
2013-07-17,2.95,2.95,2.95,2.95,794,EQ,,,
2013-07-18,2.95,2.95,2.9,2.9,1783,EQ,,,
2013-07-19,2.9,3.0,2.9,2.95,1739,EQ,,,
2013-07-22,3.0,3.4,2.95,3.2,3634,EQ,,,
2013-07-23,3.3,3.3,3.05,3.1,563,EQ,,,
2013-07-24,3.05,3.35,3.05,3.3,1188,EQ,,,
2013-07-25,3.2,3.2,3.05,3.05,475,EQ,,,
2013-07-26,3.2,3.2,3.05,3.05,1573,EQ,,,
2013-07-29,3.0,3.1,3.0,3.1,1453,EQ,,,
2013-07-30,3.0,3.2,3.0,3.15,5583,EQ,,,
2013-07-31,3.05,3.15,3.05,3.15,1149,EQ,,,
2013-08-01,3.05,3.15,3.0,3.15,607,EQ,,,
2013-08-02,3.15,3.2,3.0,3.05,1636,EQ,,,
2013-08-05,3.0,3.05,2.8,2.9,3566,EQ,,,
2013-08-06,2.85,2.9,2.7,2.7,3294,EQ,,,
2013-08-07,2.65,2.8,2.65,2.75,971,EQ,,,
2013-08-08,2.65,2.9,2.6,2.8,1579,EQ,,,
2013-08-12,2.75,3.0,2.7,2.9,3429,EQ,,,
2013-08-13,2.85,3.05,2.8,3.0,5306,EQ,,,
2013-08-14,2.9,3.1,2.85,2.9,2696,EQ,,,
2013-08-16,2.85,3.0,2.8,2.9,1260,EQ,,,
2013-08-19,2.85,3.0,2.8,2.85,771,EQ,,,
2013-08-20,2.85,2.85,2.8,2.8,2068,EQ,,,
2013-08-21,2.95,2.95,2.8,2.8,789,EQ,,,
2013-08-22,2.9,2.9,2.75,2.8,1946,EQ,,,
2013-08-23,2.8,2.95,2.8,2.9,644,EQ,,,
2013-08-26,2.9,2.9,2.9,2.9,502,EQ,,,
2013-08-27,3.0,3.0,2.85,2.85,118,EQ,,,
2013-08-28,3.15,3.15,2.85,2.95,1102,EQ,,,
2013-08-29,3.05,3.05,2.85,2.85,2626,EQ,,,
2013-08-30,2.85,2.85,2.85,2.85,500,EQ,,,
2013-09-02,2.8,2.95,2.75,2.95,20,EQ,,,
2013-09-03,2.9,2.9,2.8,2.8,100,EQ,,,
2013-09-04,2.7,2.9,2.7,2.85,1432,EQ,,,
2013-09-05,2.8,2.9,2.8,2.85,428,EQ,,,
2013-09-06,2.85,2.9,2.8,2.9,2663,EQ,,,
2013-09-10,2.8,3.05,2.8,2.95,1341,EQ,,,
2013-09-11,2.9,3.1,2.85,3.1,2960,EQ,,,
2013-09-12,3.05,3.3,3.0,3.05,1498,EQ,,,
2013-09-13,3.05,3.05,3.05,3.05,163,EQ,,,
2013-09-16,2.95,3.0,2.85,2.9,1069,EQ,,,
2013-09-17,2.85,3.05,2.85,3.05,2695,EQ,,,
2013-09-18,3.1,3.1,3.05,3.05,300,EQ,,,
2013-09-19,3.0,3.1,2.9,3.05,1214,EQ,,,
2013-09-20,3.05,3.05,3.0,3.0,342,EQ,,,
2013-09-23,3.1,3.1,2.9,2.95,892,EQ,,,
2013-09-24,3.05,3.2,3.05,3.1,2456,EQ,,,
2013-09-25,3.05,3.15,3.05,3.15,202,EQ,,,
2013-09-26,3.05,3.25,3.05,3.25,370,EQ,,,
2013-09-27,3.2,3.25,3.15,3.25,203,EQ,,,
2013-09-30,3.25,3.25,3.2,3.2,202,EQ,,,
2013-10-01,3.15,3.3,3.1,3.25,890,EQ,,,
2013-10-03,3.15,3.25,3.15,3.2,351,EQ,,,
2013-10-04,3.15,3.15,3.15,3.15,102,EQ,,,
2013-10-07,3.2,3.75,3.15,3.7,11486,EQ,,,
2013-10-08,3.9,4.2,3.55,3.55,4466,EQ,,,
2013-10-09,3.55,3.6,3.4,3.55,1913,EQ,,,
2013-10-10,3.55,3.65,3.4,3.6,557,EQ,,,
2013-10-11,3.7,3.7,3.45,3.45,845,EQ,,,
2013-10-14,3.45,3.55,3.35,3.45,4186,EQ,,,
2013-10-15,3.45,3.45,3.25,3.3,3506,EQ,,,
2013-10-17,3.4,3.4,3.3,3.3,1850,EQ,,,
2013-10-18,3.25,3.5,3.25,3.5,2368,EQ,,,
2013-10-21,3.4,3.55,3.3,3.55,121,EQ,,,
2013-10-22,3.5,3.55,3.45,3.55,1726,EQ,,,
2013-10-23,3.5,3.5,3.4,3.5,935,EQ,,,
2013-10-24,3.5,3.65,3.5,3.55,1028,EQ,,,
2013-10-25,3.45,3.5,3.4,3.45,544,EQ,,,
2013-10-28,3.5,3.5,3.25,3.3,2628,EQ,,,
2013-10-29,3.25,3.4,3.2,3.4,609,EQ,,,
2013-10-30,3.4,3.4,3.15,3.3,1318,EQ,,,
2013-10-31,3.35,3.4,3.3,3.4,1452,EQ,,,
2013-11-01,3.5,3.5,3.35,3.35,1228,EQ,,,
2013-11-03,3.5,3.5,3.5,3.5,100,EQ,,,
2013-11-05,3.5,3.5,3.3,3.35,3593,EQ,,,
2013-11-06,3.3,3.4,3.2,3.3,1836,EQ,,,
2013-11-07,3.35,3.5,3.35,3.4,1377,EQ,,,
2013-11-08,3.4,3.4,3.05,3.35,7016,EQ,,,
2013-11-11,3.4,3.4,3.05,3.25,10518,EQ,,,
2013-11-12,3.2,3.2,3.2,3.2,901,EQ,,,
2013-11-13,3.2,3.65,3.2,3.3,1962,EQ,,,
2013-11-14,3.15,3.3,3.05,3.2,4613,EQ,,,
2013-11-18,3.2,3.25,3.05,3.2,1938,EQ,,,
2013-11-19,3.2,3.2,3.15,3.2,2086,EQ,,,
2013-11-20,3.2,3.35,3.2,3.25,617,EQ,,,
2013-11-21,3.2,3.35,3.2,3.3,78,EQ,,,
2013-11-22,3.4,3.4,3.1,3.2,1224,EQ,,,
2013-11-25,3.2,3.4,3.2,3.35,636,EQ,,,
2013-11-26,3.4,3.45,3.3,3.35,749,EQ,,,
2013-11-27,3.3,3.4,3.3,3.3,4035,EQ,,,
2013-11-28,3.2,3.4,3.2,3.35,839,EQ,,,
2013-11-29,3.4,3.45,3.3,3.35,2100,EQ,,,
2013-12-02,3.5,3.5,3.3,3.3,5211,EQ,,,
2013-12-03,3.25,3.45,3.25,3.3,586,EQ,,,
2013-12-04,3.4,3.4,3.3,3.3,127,EQ,,,
2013-12-05,3.3,3.4,3.3,3.35,314,EQ,,,
2013-12-06,3.25,3.4,3.25,3.3,4986,EQ,,,
2013-12-09,3.5,3.5,3.25,3.3,1056,EQ,,,
2013-12-10,3.3,3.3,3.2,3.2,1040,EQ,,,
2013-12-11,3.4,3.4,3.2,3.2,710,EQ,,,
2013-12-12,3.3,3.3,3.2,3.2,65,EQ,,,
2013-12-13,3.2,3.2,3.15,3.15,2145,EQ,,,
2013-12-16,3.15,3.15,3.05,3.1,148,EQ,,,
2013-12-17,3.05,3.15,3.05,3.05,262,EQ,,,
2013-12-18,3.05,3.15,3.05,3.1,81,EQ,,,
2013-12-19,3.05,3.05,3.05,3.05,700,EQ,,,
2013-12-20,3.05,3.1,3.0,3.05,1088,EQ,,,
2013-12-23,3.2,3.2,3.05,3.1,1132,EQ,,,
2013-12-24,3.1,3.2,3.05,3.05,608,EQ,,,
2013-12-26,3.25,3.25,3.15,3.2,704,EQ,,,
2013-12-27,3.3,3.35,3.15,3.25,1665,EQ,,,
2013-12-30,3.2,3.25,3.2,3.2,4407,EQ,,,
2013-12-31,3.2,3.2,3.1,3.2,1309,EQ,,,
2014-01-01,3.15,3.2,3.1,3.2,1512,EQ,,,
2014-01-02,3.15,3.35,3.15,3.3,6681,EQ,,,
2014-01-03,3.2,3.4,3.2,3.3,1225,EQ,,,
2014-01-06,3.15,3.35,3.15,3.3,2772,EQ,,,
2014-01-07,3.4,3.7,3.4,3.65,11139,EQ,,,
2014-01-08,3.7,3.75,3.6,3.65,2112,EQ,,,
2014-01-09,3.5,3.6,3.45,3.5,1544,EQ,,,
2014-01-10,3.5,3.5,3.4,3.4,1124,EQ,,,
2014-01-13,3.45,3.6,3.35,3.4,583,EQ,,,
2014-01-14,3.3,3.45,3.3,3.4,315,EQ,,,
2014-01-15,3.3,3.45,3.2,3.35,1874,EQ,,,
2014-01-16,3.55,3.55,3.4,3.4,1544,EQ,,,
2014-01-17,3.4,3.4,3.3,3.3,752,EQ,,,
2014-01-20,3.3,3.55,3.25,3.25,925,EQ,,,
2014-01-21,3.3,3.3,3.2,3.2,1570,EQ,,,
2014-01-22,3.25,3.3,3.2,3.3,104,EQ,,,
2014-01-23,3.45,3.45,3.25,3.3,154,EQ,,,
2014-01-24,3.2,3.2,3.2,3.2,1177,EQ,,,
2014-01-27,3.2,3.3,3.2,3.2,776,EQ,,,
2014-01-28,3.15,3.25,3.1,3.1,341,EQ,,,
2014-01-29,3.15,3.15,3.05,3.05,252,EQ,,,
2014-01-30,3.05,3.05,2.9,3.05,571,EQ,,,
2014-01-31,3.3,3.3,3.05,3.1,2481,EQ,,,
2014-02-03,3.25,3.25,3.05,3.05,1387,EQ,,,
2014-02-04,3.0,3.3,3.0,3.05,1071,EQ,,,
2014-02-05,3.05,3.2,3.05,3.1,795,EQ,,,
2014-02-06,3.05,3.25,3.05,3.2,715,EQ,,,
2014-02-07,3.35,3.35,3.15,3.15,825,EQ,,,
2014-02-10,3.15,3.2,3.15,3.2,970,EQ,,,
2014-02-11,3.2,3.2,3.15,3.15,752,EQ,,,
2014-02-12,3.2,3.2,3.15,3.15,7014,EQ,,,
2014-02-13,3.15,3.2,3.05,3.2,1214,EQ,,,
2014-02-14,3.15,3.2,3.05,3.1,946,EQ,,,
2014-02-17,3.15,3.15,3.05,3.1,552,EQ,,,
2014-02-18,3.15,3.2,3.05,3.1,2431,EQ,,,
2014-02-19,3.2,3.2,3.1,3.2,1786,EQ,,,
2014-02-20,3.15,3.15,3.1,3.1,285,EQ,,,
2014-02-21,3.15,3.15,3.05,3.05,684,EQ,,,
2014-02-24,3.25,3.25,3.1,3.2,2504,EQ,,,
2014-02-25,3.15,3.2,3.1,3.1,586,EQ,,,
2014-02-26,3.7,3.7,3.1,3.1,879,EQ,,,
2014-02-28,3.05,3.05,3.05,3.05,665,EQ,,,
2014-03-03,3.05,3.05,3.0,3.0,1372,EQ,,,
2014-03-04,3.0,3.1,3.0,3.05,809,EQ,,,
2014-03-05,3.05,3.2,3.05,3.15,1111,EQ,,,
2014-03-06,3.3,3.3,3.05,3.2,847,EQ,,,
2014-03-07,3.25,3.35,3.2,3.2,8048,EQ,,,
2014-03-10,3.2,3.3,3.2,3.25,1442,EQ,,,
2014-03-11,3.2,3.2,3.15,3.2,713,EQ,,,
2014-03-12,3.15,3.2,3.05,3.05,845,EQ,,,
2014-03-13,3.05,3.15,3.05,3.05,3188,EQ,,,
2014-03-14,3.0,3.1,3.0,3.05,1322,EQ,,,
2014-03-18,3.05,3.05,3.0,3.05,2536,EQ,,,
2014-03-19,3.05,3.05,3.0,3.05,3206,EQ,,,
2014-03-20,3.05,3.05,3.0,3.0,7722,EQ,,,
2014-03-21,3.0,3.05,3.0,3.05,3486,EQ,,,
2014-03-24,3.25,3.25,2.95,3.0,2400,EQ,,,
2014-03-25,3.25,3.25,2.85,3.0,2257,EQ,,,
2014-03-26,3.0,3.0,3.0,3.0,585,EQ,,,
2014-03-27,3.2,3.2,3.0,3.0,3529,EQ,,,
2014-03-28,2.95,3.05,2.95,3.0,1358,EQ,,,
2014-03-31,3.05,3.05,3.0,3.0,1800,EQ,,,
2014-04-02,3.0,3.15,3.0,3.05,1749,EQ,,,
2014-04-03,3.05,3.15,3.0,3.15,4099,EQ,,,
2014-04-04,3.1,3.2,3.05,3.2,458,EQ,,,
2014-04-07,3.15,3.15,3.05,3.05,638,EQ,,,
2014-04-09,3.05,3.2,3.05,3.15,494,EQ,,,
2014-04-10,3.15,3.15,3.05,3.1,1087,EQ,,,
2014-04-11,3.05,3.25,3.05,3.25,1610,EQ,,,
2014-04-15,3.15,3.15,3.05,3.05,1406,EQ,,,
2014-04-16,3.1,3.1,3.05,3.05,6409,EQ,,,
2014-04-17,3.15,3.15,3.05,3.05,1116,EQ,,,
2014-04-21,3.15,3.25,3.05,3.2,7525,EQ,,,
2014-04-22,3.3,3.3,3.15,3.15,2427,EQ,,,
2014-04-23,3.2,3.4,3.2,3.3,9220,EQ,,,
2014-04-25,3.25,3.4,3.2,3.2,6367,EQ,,,
2014-04-28,3.15,3.35,3.05,3.35,6354,EQ,,,
2014-04-29,3.3,3.4,3.3,3.35,3280,EQ,,,
2014-04-30,3.35,3.4,3.25,3.25,13951,EQ,,,
2014-05-02,3.4,3.7,3.35,3.5,27014,EQ,,,
2014-05-05,3.6,3.75,3.5,3.55,12686,EQ,,,
2014-05-06,3.5,3.5,3.4,3.45,601,EQ,,,
2014-05-07,3.45,3.8,3.45,3.7,16613,EQ,,,
2014-05-08,3.75,4.2,3.6,4.1,44313,EQ,,,
2014-05-09,4.15,4.15,3.8,3.9,8064,EQ,,,
2014-05-12,3.8,4.05,3.7,3.8,6477,EQ,,,
2014-05-13,3.85,3.9,3.55,3.65,7085,EQ,,,
2014-05-14,3.6,4.05,3.6,3.95,8596,EQ,,,
2014-05-15,3.8,3.95,3.65,3.75,2212,EQ,,,
2014-05-16,3.75,3.85,3.6,3.65,8000,EQ,,,
2014-05-19,3.65,3.85,3.65,3.8,2203,EQ,,,
2014-05-20,3.8,4.0,3.8,3.95,6319,EQ,,,
2014-05-21,3.9,4.15,3.9,4.1,6842,EQ,,,
2014-05-22,4.25,4.8,4.25,4.3,44257,EQ,,,
2014-05-23,4.45,4.45,4.25,4.35,4175,EQ,,,
2014-05-26,4.5,5.15,4.5,4.95,60446,EQ,,,
2014-05-27,4.9,5.15,4.9,5.0,26834,EQ,,,
2014-05-28,4.95,5.2,4.9,5.1,22993,EQ,,,
2014-05-29,5.1,5.2,5.0,5.0,11332,EQ,,,
2014-05-30,4.95,5.0,4.85,4.9,7029,EQ,,,
2014-06-02,4.95,5.2,4.95,5.1,29972,EQ,,,
2014-06-03,5.1,5.25,4.95,5.2,11429,EQ,,,
2014-06-04,5.1,5.25,4.95,5.2,17681,EQ,,,
2014-06-05,5.1,5.25,5.0,5.05,17967,EQ,,,
2014-06-06,5.2,5.3,4.95,5.25,12148,EQ,,,
2014-06-09,5.35,5.9,5.1,5.35,12064,EQ,,,
2014-06-10,5.5,5.5,5.1,5.25,7656,EQ,,,
2014-06-11,5.25,5.5,5.05,5.3,16502,EQ,,,
2014-06-12,5.4,5.5,5.0,5.45,8313,EQ,,,
2014-06-13,5.25,5.5,5.15,5.3,11130,BE,,,
2014-06-16,5.15,5.3,5.05,5.15,5821,BE,,,
2014-06-17,4.95,5.1,4.95,5.1,1367,BE,,,
2014-06-18,5.0,5.1,5.0,5.1,2430,BE,,,
2014-06-19,5.0,5.0,4.9,4.9,2022,BE,,,
2014-06-20,4.65,4.95,4.65,4.85,2325,BE,,,
2014-06-23,4.95,5.05,4.85,4.9,4527,BE,,,
2014-06-24,5.1,5.1,4.95,5.1,31108,BE,,,
2014-06-25,5.0,5.2,4.95,5.0,1611,BE,,,
2014-06-26,4.8,5.2,4.8,5.1,4268,BE,,,
2014-06-27,5.0,5.2,5.0,5.1,447,BE,,,
2014-06-30,5.0,5.35,5.0,5.35,14717,EQ,,,
2014-07-01,5.3,5.5,5.3,5.35,1043,EQ,,,
2014-07-02,5.15,5.5,5.15,5.4,4618,EQ,,,
2014-07-03,5.4,5.5,5.35,5.35,7008,EQ,,,
2014-07-04,5.3,5.6,5.3,5.45,5972,EQ,,,
2014-07-07,5.35,5.6,5.35,5.5,22077,EQ,,,
2014-07-08,5.55,5.6,5.5,5.5,2093,EQ,,,
2014-07-09,5.4,5.55,5.4,5.4,18142,EQ,,,
2014-07-10,5.4,5.4,5.35,5.4,9569,EQ,,,
2014-07-11,5.3,5.4,5.3,5.4,4293,EQ,,,
2014-07-14,5.4,5.45,5.3,5.45,17952,EQ,,,
2014-07-15,5.3,5.5,5.3,5.5,12804,EQ,,,
2014-07-16,5.5,5.55,5.3,5.55,3934,EQ,,,
2014-07-17,5.5,5.6,5.5,5.5,1101,EQ,,,
2014-07-18,5.5,5.5,5.4,5.5,4699,EQ,,,
2014-07-21,5.5,5.5,5.5,5.5,347,EQ,,,
2014-07-22,5.6,5.6,5.4,5.55,4985,EQ,,,
2014-07-23,5.4,5.6,5.4,5.55,2487,EQ,,,
2014-07-24,5.5,5.5,5.4,5.5,12328,EQ,,,
2014-07-25,5.5,5.5,5.4,5.4,5490,EQ,,,
2014-07-28,5.4,5.5,5.4,5.4,2638,EQ,,,
2014-07-30,5.4,5.4,5.4,5.4,3816,EQ,,,
2014-07-31,5.3,5.4,5.15,5.4,3694,EQ,,,
2014-08-01,5.3,5.5,5.3,5.4,321,EQ,,,
2014-08-04,5.2,5.5,5.2,5.5,477,EQ,,,
2014-08-05,5.5,5.5,5.45,5.45,250,EQ,,,
2014-08-06,5.35,5.45,5.3,5.45,5847,EQ,,,
2014-08-07,5.55,5.6,5.4,5.55,9330,EQ,,,
2014-08-08,5.3,5.55,5.3,5.55,1815,EQ,,,
2014-08-11,5.4,5.4,5.4,5.4,4249,EQ,,,
2014-08-12,5.5,5.5,5.25,5.3,3263,EQ,,,
2014-08-13,5.4,5.55,5.25,5.55,8830,EQ,,,
2014-08-14,5.2,5.25,5.15,5.2,767,EQ,,,
2014-08-18,5.2,5.4,5.0,5.3,5811,EQ,,,
2014-08-19,5.15,5.3,5.15,5.3,661,EQ,,,
2014-08-20,5.2,5.25,5.2,5.25,1477,EQ,,,
2014-08-21,5.15,5.2,5.05,5.1,2767,EQ,,,
2014-08-22,5.25,5.25,5.1,5.1,1795,EQ,,,
2014-08-25,5.15,5.15,5.0,5.0,1497,EQ,,,
2014-08-26,5.0,5.0,4.6,4.65,7751,EQ,,,
2014-08-27,4.7,4.7,4.5,4.65,3410,EQ,,,
2014-08-28,4.6,4.6,4.5,4.5,1185,EQ,,,
2014-09-01,4.65,4.65,4.6,4.65,5220,EQ,,,
2014-09-02,4.6,4.7,4.6,4.65,3420,EQ,,,
2014-09-03,4.65,4.7,4.6,4.6,5717,EQ,,,
2014-09-04,4.65,4.65,4.45,4.45,5774,EQ,,,
2014-09-05,4.6,4.65,4.5,4.6,4850,EQ,,,
2014-09-08,4.5,4.65,4.5,4.55,8233,EQ,,,
2014-09-09,4.65,4.7,4.6,4.65,6710,EQ,,,
2014-09-10,4.6,4.65,4.6,4.65,2933,EQ,,,
2014-09-11,4.65,4.65,4.6,4.65,4229,EQ,,,
2014-09-12,4.6,4.8,4.6,4.7,9180,EQ,,,
2014-09-15,4.6,4.8,4.55,4.7,7277,EQ,,,
2014-09-16,4.6,4.65,4.1,4.2,8420,EQ,,,
2014-09-17,4.45,4.45,4.1,4.15,5715,EQ,,,
2014-09-18,4.25,4.3,4.1,4.2,3427,EQ,,,
2014-09-19,4.2,4.3,4.2,4.2,5252,EQ,,,
2014-09-22,4.2,4.75,4.2,4.7,29133,EQ,,,
2014-09-23,4.9,4.9,4.45,4.45,5947,EQ,,,
2014-09-24,4.4,4.6,4.3,4.4,4890,EQ,,,
2014-09-25,4.35,4.45,4.1,4.2,2875,EQ,,,
2014-09-26,4.1,4.35,4.0,4.2,4779,EQ,,,
2014-09-29,4.35,4.35,4.2,4.2,2057,EQ,,,
2014-09-30,4.3,4.9,4.2,4.8,47713,EQ,,,
2014-10-01,4.65,4.8,4.6,4.7,7745,EQ,,,
2014-10-07,4.65,4.95,4.6,4.6,8318,EQ,,,
2014-10-08,4.75,4.9,4.6,4.6,3918,EQ,,,
2014-10-09,4.7,4.8,4.55,4.7,5441,EQ,,,
2014-10-10,4.65,4.7,4.35,4.65,3355,EQ,,,
2014-10-14,4.6,4.6,4.6,4.6,140,EQ,,,
2014-10-16,4.55,4.65,4.4,4.55,4040,EQ,,,
2014-10-17,4.5,4.6,4.5,4.6,567,EQ,,,
2014-10-20,4.5,4.7,4.45,4.7,12903,EQ,,,
2014-10-21,4.6,4.7,4.4,4.6,11177,EQ,,,
2014-10-22,4.8,4.8,4.5,4.55,2085,EQ,,,
2014-10-23,4.45,4.75,4.3,4.7,2993,EQ,,,
2014-10-27,4.65,4.65,4.25,4.3,13755,EQ,,,
2014-10-28,4.45,4.5,4.3,4.3,7174,EQ,,,
2014-10-29,4.45,4.45,4.25,4.3,2882,EQ,,,
2014-10-30,4.2,4.2,4.0,4.1,7847,EQ,,,
2014-10-31,4.05,4.2,3.9,4.1,14405,EQ,,,
2014-11-03,4.1,4.1,3.85,4.0,10575,EQ,,,
2014-11-05,4.0,4.0,3.9,3.9,6142,EQ,,,
2014-11-07,4.0,4.3,3.85,4.15,10363,EQ,,,
2014-11-10,4.05,4.6,4.05,4.5,20995,EQ,,,
2014-11-11,4.65,4.65,4.25,4.35,6026,EQ,,,
2014-11-12,4.3,4.35,4.25,4.3,1540,EQ,,,
2014-11-13,4.3,4.35,4.2,4.25,2459,EQ,,,
2014-11-14,4.9,5.05,4.55,4.6,39711,EQ,,,
2014-11-17,4.5,4.8,4.3,4.65,13625,EQ,,,
2014-11-18,4.65,4.65,4.6,4.6,4515,EQ,,,
2014-11-19,4.6,4.6,4.5,4.6,1322,EQ,,,
2014-11-20,4.5,4.6,4.35,4.5,7538,EQ,,,
2014-11-21,4.5,4.65,4.5,4.5,9089,EQ,,,
2014-11-24,4.65,4.65,4.3,4.35,10064,EQ,,,
2014-11-25,4.3,4.45,4.25,4.4,5517,EQ,,,
2014-11-26,4.35,4.45,4.25,4.4,2646,EQ,,,
2014-11-27,4.3,4.45,4.2,4.45,6704,EQ,,,
2014-11-28,4.45,4.55,4.4,4.5,2747,EQ,,,
2014-12-01,4.65,4.85,4.6,4.7,15511,EQ,,,
2014-12-02,4.8,4.85,4.5,4.7,21179,EQ,,,
2014-12-03,4.7,4.7,4.55,4.65,3964,EQ,,,
2014-12-04,4.6,4.8,4.35,4.6,7191,EQ,,,
2014-12-05,4.7,4.75,4.4,4.45,10600,EQ,,,
2014-12-08,4.6,4.6,4.3,4.4,3460,EQ,,,
2014-12-09,4.35,4.6,4.25,4.25,6126,EQ,,,
2014-12-10,4.35,4.65,4.35,4.45,5964,EQ,,,
2014-12-11,4.35,4.8,4.3,4.7,9118,EQ,,,
2014-12-12,4.7,4.8,4.7,4.7,7446,EQ,,,
2014-12-15,4.75,4.75,4.4,4.5,3690,EQ,,,
2014-12-16,4.45,4.6,4.35,4.35,17348,EQ,,,
2014-12-17,4.4,4.45,4.3,4.3,3583,EQ,,,
2014-12-18,4.4,4.5,4.35,4.5,2654,EQ,,,
2014-12-19,4.5,4.5,4.4,4.45,607,EQ,,,
2014-12-22,4.5,4.5,4.25,4.45,2092,EQ,,,
2014-12-23,4.5,4.6,4.4,4.45,1450,EQ,,,
2014-12-24,4.4,4.5,4.35,4.45,3607,EQ,,,
2014-12-26,4.4,4.5,4.35,4.5,1281,EQ,,,
2014-12-29,4.45,4.6,4.4,4.45,1804,EQ,,,
2014-12-30,4.4,4.45,4.35,4.4,306,EQ,,,
2014-12-31,4.5,4.6,4.35,4.45,2403,EQ,,,
2015-01-01,4.6,4.6,4.25,4.3,4712,EQ,,,
2015-01-02,4.4,4.55,4.35,4.35,1818,EQ,,,
2015-01-05,4.35,4.5,4.35,4.45,1252,EQ,,,
2015-01-06,4.45,4.45,4.3,4.3,1772,EQ,,,
2015-01-07,4.3,4.45,4.1,4.1,22354,EQ,,,
2015-01-08,4.1,4.2,4.1,4.1,10941,EQ,,,
2015-01-09,4.1,4.1,4.05,4.1,4612,EQ,,,
2015-01-12,4.0,4.1,4.0,4.1,10562,EQ,,,
2015-01-13,4.05,4.1,4.0,4.05,7618,EQ,,,
2015-01-14,4.05,4.05,3.9,4.0,5265,EQ,,,
2015-01-15,4.1,4.1,3.95,4.0,7311,EQ,,,
2015-01-16,4.05,4.05,4.0,4.0,990,EQ,,,
2015-01-19,4.05,4.05,4.0,4.05,2168,EQ,,,
2015-01-20,4.05,4.05,4.0,4.0,13570,EQ,,,
2015-01-21,4.0,4.1,3.95,4.0,34160,EQ,,,
2015-01-22,4.0,4.4,4.0,4.05,56804,EQ,,,
2015-01-23,4.25,4.3,4.1,4.2,10811,EQ,,,
2015-01-27,4.25,4.3,4.1,4.15,1343,EQ,,,
2015-01-28,4.3,4.3,4.05,4.1,7470,EQ,,,
2015-01-29,4.2,4.3,4.1,4.2,8671,EQ,,,
2015-01-30,4.2,4.35,4.1,4.15,6128,EQ,,,
2015-02-02,4.25,4.6,4.25,4.5,18493,EQ,,,
2015-02-03,4.65,4.65,4.35,4.5,12823,EQ,,,
2015-02-04,4.6,4.9,4.6,4.7,12858,EQ,,,
2015-02-05,4.7,4.9,4.7,4.75,15191,EQ,,,
2015-02-06,4.9,4.9,4.4,4.45,5530,EQ,,,
2015-02-09,4.8,4.8,4.3,4.35,4751,EQ,,,
2015-02-10,4.3,4.75,4.2,4.55,1417,EQ,,,
2015-02-11,4.45,4.55,4.3,4.45,602,EQ,,,
2015-02-12,4.45,4.6,4.35,4.45,1661,EQ,,,
2015-02-13,4.35,4.35,4.1,4.1,12370,EQ,,,
2015-02-16,3.9,4.2,3.8,4.0,16896,EQ,,,
2015-02-18,4.15,4.2,3.95,4.05,4208,EQ,,,
2015-02-19,4.1,4.1,3.95,4.0,4497,EQ,,,
2015-02-20,4.2,4.2,3.95,4.0,3556,EQ,,,
2015-02-23,4.35,4.35,3.95,4.05,7875,EQ,,,
2015-02-24,4.1,4.1,3.95,4.05,3208,EQ,,,
2015-02-25,4.0,4.1,4.0,4.0,5510,EQ,,,
2015-02-26,4.0,4.0,3.95,3.95,5916,EQ,,,
2015-02-27,4.0,4.05,4.0,4.0,3497,EQ,,,
2015-02-28,4.3,4.3,3.9,4.0,1968,EQ,,,
2015-03-02,4.0,4.0,3.85,3.9,3141,EQ,,,
2015-03-03,4.05,4.05,3.8,3.85,3247,EQ,,,
2015-03-04,3.9,4.1,3.75,3.8,2050,EQ,,,
2015-03-05,3.8,3.8,3.65,3.7,8548,EQ,,,
2015-03-09,3.5,3.9,3.5,3.65,4675,EQ,,,
2015-03-10,3.75,3.75,3.6,3.6,3205,EQ,,,
2015-03-11,3.9,3.9,3.5,3.5,1705,EQ,,,
2015-03-12,3.7,3.7,3.5,3.6,1616,EQ,,,
2015-03-13,3.7,3.7,3.5,3.65,1828,EQ,,,
2015-03-16,3.75,3.75,3.4,3.6,2050,EQ,,,
2015-03-17,3.75,3.75,3.4,3.4,12183,EQ,,,
2015-03-18,3.6,3.6,3.2,3.4,2773,EQ,,,
2015-03-19,3.4,3.6,3.4,3.45,5094,EQ,,,
2015-03-20,3.4,3.4,3.2,3.35,4906,EQ,,,
2015-03-23,3.55,3.55,3.2,3.25,3661,EQ,,,
2015-03-24,3.25,3.4,3.2,3.2,2588,EQ,,,
2015-03-25,3.2,3.4,3.2,3.2,25464,EQ,,,
2015-03-26,3.15,3.3,2.95,3.3,6448,EQ,,,
2015-03-27,3.25,3.3,3.1,3.2,5451,EQ,,,
2015-03-30,3.3,3.5,3.2,3.5,1461,EQ,,,
2015-03-31,3.6,3.6,3.3,3.4,502,EQ,,,
2015-04-01,3.4,3.4,3.35,3.4,2122,EQ,,,
2015-04-06,3.55,3.55,3.4,3.55,2230,EQ,,,
2015-04-07,3.55,3.6,3.45,3.5,1891,EQ,,,
2015-04-08,3.5,3.75,3.5,3.75,2367,EQ,,,
2015-04-09,3.8,3.9,3.6,3.65,3432,EQ,,,
2015-04-10,3.6,3.75,3.6,3.7,2091,EQ,,,
2015-04-13,3.7,3.75,3.7,3.75,1350,EQ,,,
2015-04-15,3.75,3.75,3.55,3.6,7360,EQ,,,
2015-04-16,3.7,3.7,3.5,3.6,1375,EQ,,,
2015-04-17,3.55,3.55,3.4,3.5,2676,EQ,,,
2015-04-20,3.45,3.55,3.35,3.4,5225,EQ,,,
2015-04-21,3.55,3.75,3.5,3.6,757,EQ,,,
2015-04-22,3.6,3.7,3.6,3.6,1839,EQ,,,
2015-04-23,3.6,3.7,3.5,3.55,460,EQ,,,
2015-04-24,3.7,3.7,3.35,3.5,158,EQ,,,
2015-04-27,3.5,3.65,3.5,3.6,1806,EQ,,,
2015-04-28,3.5,3.6,3.4,3.45,933,EQ,,,
2015-04-29,3.5,3.55,3.2,3.35,6500,EQ,,,
2015-04-30,3.45,3.5,3.25,3.3,7081,EQ,,,
2015-05-04,3.4,3.4,3.05,3.2,31044,EQ,,,
2015-05-05,3.25,3.3,3.15,3.2,2009,EQ,,,
2015-05-06,3.15,3.3,3.15,3.25,114,EQ,,,
2015-05-07,3.2,3.3,3.05,3.1,2224,EQ,,,
2015-05-08,3.2,3.2,3.1,3.2,3427,EQ,,,
2015-05-11,3.4,3.4,3.2,3.2,1749,EQ,,,
2015-05-12,3.15,3.25,3.05,3.15,3226,EQ,,,
2015-05-13,3.15,3.4,3.1,3.35,6738,EQ,,,
2015-05-14,3.4,3.45,3.3,3.3,1698,EQ,,,
2015-05-15,3.3,3.4,3.2,3.3,312,EQ,,,
2015-05-18,3.4,3.45,3.35,3.4,671,EQ,,,
2015-05-19,3.45,3.5,3.45,3.5,3340,EQ,,,
2015-05-20,3.45,3.55,3.3,3.4,479,EQ,,,
2015-05-21,3.4,3.4,3.2,3.35,3539,EQ,,,
2015-05-22,3.4,3.45,3.25,3.35,707,EQ,,,
2015-05-25,3.45,3.6,3.45,3.55,7169,EQ,,,
2015-05-26,3.8,4.3,3.8,4.3,63914,EQ,,,
2015-05-27,4.45,4.75,4.1,4.55,127662,EQ,,,
2015-05-28,4.65,4.65,4.25,4.25,3460,EQ,,,
2015-05-29,4.2,4.45,4.1,4.3,6720,EQ,,,
2015-06-01,4.45,4.45,4.15,4.25,5169,EQ,,,
2015-06-02,4.2,4.3,4.1,4.2,10067,EQ,,,
2015-06-03,4.2,4.2,3.8,3.95,11750,EQ,,,
2015-06-04,4.1,4.1,3.8,4.0,13746,EQ,,,
2015-06-05,3.95,4.0,3.95,4.0,1861,EQ,,,
2015-06-08,3.95,4.0,3.85,4.0,6379,EQ,,,
2015-06-09,4.0,4.0,4.0,4.0,170,EQ,,,
2015-06-10,4.0,4.15,3.95,4.0,7352,EQ,,,
2015-06-11,4.2,4.2,3.85,3.85,4022,EQ,,,
2015-06-12,3.85,4.0,3.85,3.95,1419,EQ,,,
2015-06-15,4.25,4.3,4.1,4.2,6499,EQ,,,
2015-06-16,4.15,4.2,4.05,4.15,1867,EQ,,,
2015-06-17,4.1,4.35,4.05,4.1,3517,EQ,,,
2015-06-18,4.0,4.2,3.9,4.1,3888,EQ,,,
2015-06-19,4.05,4.1,4.05,4.1,237,EQ,,,
2015-06-22,4.05,4.1,4.0,4.1,1352,EQ,,,
2015-06-23,4.0,4.1,3.8,4.1,4244,EQ,,,
2015-06-24,4.05,4.1,4.0,4.0,1775,EQ,,,
2015-06-25,4.0,4.1,3.9,4.05,5604,EQ,,,
2015-06-26,4.0,4.1,3.95,4.05,3792,EQ,,,
2015-06-29,4.0,4.05,3.8,4.05,3129,EQ,,,
2015-06-30,4.15,4.15,3.95,4.0,3379,EQ,,,
2015-07-01,4.15,4.2,4.05,4.1,5455,EQ,,,
2015-07-02,4.1,4.1,4.05,4.1,1940,EQ,,,
2015-07-06,4.15,4.3,4.1,4.3,5179,EQ,,,
2015-07-07,4.3,4.55,4.2,4.4,15692,EQ,,,
2015-07-08,4.35,4.4,4.2,4.3,4938,EQ,,,
2015-07-09,4.2,4.65,4.2,4.45,15647,EQ,,,
2015-07-10,4.55,4.55,4.45,4.45,1434,EQ,,,
2015-07-13,4.5,4.5,4.4,4.4,1125,EQ,,,
2015-07-14,4.5,4.9,4.45,4.8,18079,EQ,,,
2015-07-15,4.8,4.95,4.65,4.8,10617,EQ,,,
2015-07-16,4.9,4.95,4.65,4.8,7091,EQ,,,
2015-07-17,4.8,4.95,4.8,4.9,7273,EQ,,,
2015-07-20,5.0,5.4,4.9,5.2,30695,EQ,,,
2015-07-21,5.2,5.5,4.8,5.0,69441,EQ,,,
2015-07-22,5.1,5.1,4.9,4.9,3252,EQ,,,
2015-07-23,4.9,5.2,4.9,5.0,10550,EQ,,,
2015-07-24,4.95,5.3,4.9,5.05,22043,EQ,,,
2015-07-27,5.0,5.0,4.55,4.8,12224,EQ,,,
2015-07-28,4.95,5.2,4.75,5.05,17548,EQ,,,
2015-07-29,5.2,5.2,4.95,5.0,2609,EQ,,,
2015-07-30,5.1,5.2,5.0,5.1,5815,EQ,,,
2015-07-31,4.95,5.25,4.95,5.05,19153,EQ,,,
2015-08-03,5.0,5.05,4.8,4.95,10330,EQ,,,
2015-08-04,4.95,5.0,4.85,4.9,11684,EQ,,,
2015-08-05,4.9,5.0,4.85,4.9,5690,EQ,,,
2015-08-06,4.9,5.1,4.9,5.0,7983,EQ,,,
2015-08-07,4.9,5.0,4.9,5.0,6793,EQ,,,
2015-08-10,5.0,5.95,5.0,5.4,103258,EQ,,,
2015-08-11,5.5,5.9,5.4,5.6,84408,EQ,,,
2015-08-12,5.8,6.45,5.6,5.95,104510,EQ,,,
2015-08-13,5.95,6.15,5.4,5.55,18753,EQ,,,
2015-08-14,5.9,6.2,5.5,5.9,32490,EQ,,,
2015-08-17,5.85,6.05,5.8,5.9,12960,EQ,,,
2015-08-18,5.9,7.05,5.9,7.05,151643,EQ,,,
2015-08-19,7.55,7.75,6.55,6.95,134595,EQ,,,
2015-08-20,7.05,7.25,6.5,6.6,28115,EQ,,,
2015-08-21,6.45,7.15,6.4,7.0,27270,EQ,,,
2015-08-24,6.45,7.35,5.85,6.0,50148,EQ,,,
2015-08-25,5.75,6.6,5.3,5.6,68518,EQ,,,
2015-08-26,5.75,6.15,5.5,5.8,26476,EQ,,,
2015-08-27,6.1,6.95,6.1,6.85,58256,EQ,,,
2015-08-28,6.85,7.3,6.75,6.9,52323,EQ,,,
2015-08-31,6.9,7.35,6.8,7.1,35910,EQ,,,
2015-09-01,7.05,7.2,6.7,7.0,54815,EQ,,,
2015-09-02,7.05,7.05,6.8,7.0,19521,EQ,,,
2015-09-03,7.15,7.3,6.8,6.8,35284,EQ,,,
2015-09-04,7.0,7.15,6.2,6.4,29551,EQ,,,
2015-09-07,6.45,6.45,6.0,6.1,12572,EQ,,,
2015-09-08,6.0,6.1,5.6,5.95,25219,EQ,,,
2015-09-09,6.15,6.4,6.1,6.15,18036,EQ,,,
2015-09-10,6.15,6.4,6.0,6.2,9125,EQ,,,
2015-09-11,6.4,6.45,6.15,6.3,9103,EQ,,,
2015-09-14,6.2,6.55,6.05,6.5,8117,EQ,,,
2015-09-15,6.5,6.55,6.35,6.35,8633,EQ,,,
2015-09-16,6.4,6.4,6.15,6.25,9434,EQ,,,
2015-09-18,6.15,6.2,5.95,6.15,13246,EQ,,,
2015-09-21,6.2,6.3,5.9,6.1,3859,EQ,,,
2015-09-22,6.05,6.25,5.85,5.9,5767,EQ,,,
2015-09-23,6.15,6.15,5.85,5.95,9612,EQ,,,
2015-09-24,6.1,6.1,5.75,5.95,9722,EQ,,,
2015-09-28,5.85,5.95,5.6,5.8,4020,EQ,,,
2015-09-29,5.85,5.95,5.7,5.8,1020,EQ,,,
2015-09-30,5.7,6.15,5.7,5.8,6774,EQ,,,
2015-10-01,5.85,6.0,5.8,5.85,5248,EQ,,,
2015-10-05,5.75,6.3,5.7,5.9,12243,EQ,,,
2015-10-06,5.9,6.0,5.85,5.95,8324,EQ,,,
2015-10-07,5.95,6.1,5.9,5.95,8631,EQ,,,
2015-10-08,5.85,6.5,5.85,6.4,28833,EQ,,,
2015-10-09,6.6,6.8,6.45,6.6,29585,EQ,,,
2015-10-12,6.9,6.9,6.4,6.45,17439,EQ,,,
2015-10-13,6.4,6.5,6.2,6.25,7711,EQ,,,
2015-10-14,6.45,6.5,6.2,6.25,3230,EQ,,,
2015-10-15,6.2,6.6,6.15,6.35,11683,EQ,,,
2015-10-16,6.2,6.5,6.1,6.15,6518,EQ,,,
2015-10-19,6.1,6.35,6.1,6.15,1526,EQ,,,
2015-10-20,6.1,6.25,6.0,6.1,7396,EQ,,,
2015-10-21,6.1,6.2,5.7,5.85,37819,EQ,,,
2015-10-23,6.15,6.15,5.85,5.9,6496,EQ,,,
2015-10-26,5.95,6.3,5.95,6.2,7798,EQ,,,
2015-10-27,6.1,6.2,5.95,6.15,4755,EQ,,,
2015-10-28,6.1,6.3,6.1,6.3,6141,EQ,,,
2015-10-29,6.45,6.45,6.2,6.3,8516,EQ,,,
2015-10-30,6.4,6.4,6.0,6.05,4497,EQ,,,
2015-11-02,6.0,6.35,5.9,6.2,10179,EQ,,,
2015-11-03,6.15,6.4,6.1,6.25,7307,EQ,,,
2015-11-04,6.4,7.55,6.4,7.55,302382,EQ,,,
2015-11-05,7.7,7.8,6.7,6.75,117433,EQ,,,
2015-11-06,6.75,7.15,6.5,6.7,31558,EQ,,,
2015-11-09,6.3,6.5,5.8,6.3,45144,EQ,,,
2015-11-10,6.2,6.4,5.95,6.15,18159,EQ,,,
2015-11-11,6.4,6.65,6.2,6.25,3849,EQ,,,
2015-11-13,6.45,6.5,6.1,6.15,10887,EQ,,,
2015-11-16,6.1,6.4,6.0,6.15,8135,EQ,,,
2015-11-17,6.2,6.3,5.8,5.95,28650,EQ,,,
2015-11-18,5.95,6.6,5.85,5.95,30594,EQ,,,
2015-11-19,6.2,6.2,5.95,6.1,9007,EQ,,,
2015-11-20,6.05,6.3,5.95,6.0,13330,EQ,,,
2015-11-23,6.0,6.25,5.85,6.1,18261,EQ,,,
2015-11-24,6.1,6.2,5.95,6.0,6863,EQ,,,
2015-11-26,6.0,6.2,5.8,5.8,25960,EQ,,,
2015-11-27,6.15,6.15,5.85,6.05,14555,EQ,,,
2015-11-30,6.15,6.15,5.95,6.05,9131,EQ,,,
2015-12-01,6.15,6.7,6.15,6.4,140550,EQ,,,
2015-12-02,6.5,6.8,6.4,6.45,44864,EQ,,,
2015-12-03,6.55,6.95,6.4,6.7,37688,EQ,,,
2015-12-04,6.6,6.8,6.5,6.5,15090,EQ,,,
2015-12-07,6.7,6.9,6.5,6.75,24525,EQ,,,
2015-12-08,6.7,6.8,6.6,6.7,20591,EQ,,,
2015-12-09,6.7,6.7,6.4,6.45,17400,EQ,,,
2015-12-10,6.7,6.7,6.45,6.55,16218,EQ,,,
2015-12-11,6.5,7.65,6.5,7.4,292422,EQ,,,
2015-12-14,7.15,8.8,6.95,8.6,451058,EQ,,,
2015-12-15,8.6,9.15,8.2,8.5,368953,EQ,,,
2015-12-16,8.5,8.95,8.2,8.2,132344,EQ,,,
2015-12-17,8.3,8.6,8.25,8.4,84095,EQ,,,
2015-12-18,8.35,9.25,8.3,8.8,216190,EQ,,,
2015-12-21,8.8,9.4,8.8,9.2,122062,EQ,,,
2015-12-22,9.25,9.6,9.0,9.1,68492,EQ,,,
2015-12-23,9.05,9.25,8.6,8.75,47077,EQ,,,
2015-12-24,8.75,8.9,8.4,8.5,59284,EQ,,,
2015-12-28,8.45,8.7,8.3,8.3,39060,EQ,,,
2015-12-29,8.5,8.5,7.7,7.85,48949,EQ,,,
2015-12-30,7.8,8.6,7.8,8.2,71683,EQ,,,
2015-12-31,8.3,8.5,8.2,8.35,32475,EQ,,,
2016-01-01,8.45,8.8,8.2,8.3,44505,EQ,,,
2016-01-04,8.3,8.3,7.85,7.95,38321,EQ,,,
2016-01-05,8.1,8.2,7.85,7.95,39986,EQ,,,
2016-01-06,7.95,8.5,7.85,7.95,47618,EQ,,,
2016-01-07,8.0,8.0,7.35,7.65,45971,EQ,,,
2016-01-08,7.65,7.95,7.6,7.7,18365,EQ,,,
2016-01-11,7.65,7.95,7.3,7.85,31927,EQ,,,
2016-01-12,7.85,8.15,7.7,7.9,24957,EQ,,,
2016-01-13,8.1,8.2,7.15,7.55,62588,EQ,,,
2016-01-14,7.4,7.95,7.2,7.45,12528,EQ,,,
2016-01-15,7.6,7.65,7.1,7.25,21083,EQ,,,
2016-01-18,7.25,7.4,6.2,6.45,32185,EQ,,,
2016-01-19,6.45,6.8,5.85,6.6,38087,EQ,,,
2016-01-20,6.55,6.55,6.2,6.35,9229,EQ,,,
2016-01-21,6.4,6.6,6.1,6.2,14253,EQ,,,
2016-01-22,6.2,6.9,6.2,6.5,8145,EQ,,,
2016-01-25,6.6,6.75,6.5,6.7,11906,EQ,,,
2016-01-27,6.65,7.5,6.4,7.1,48914,EQ,,,
2016-01-28,7.25,7.5,7.0,7.15,16467,EQ,,,
2016-01-29,7.05,7.6,7.0,7.25,8455,EQ,,,
2016-02-01,7.6,7.6,7.0,7.1,31756,EQ,,,
2016-02-02,7.35,7.35,7.05,7.05,4520,EQ,,,
2016-02-03,6.9,6.9,6.5,6.8,8496,EQ,,,
2016-02-04,7.25,7.25,6.45,6.5,10639,EQ,,,
2016-02-05,6.45,6.8,6.1,6.35,29748,EQ,,,
2016-02-08,6.6,6.75,6.35,6.65,9632,EQ,,,
2016-02-09,6.6,7.0,6.4,6.8,8263,EQ,,,
2016-02-10,6.75,7.5,6.75,6.85,25068,EQ,,,
2016-02-11,7.4,7.5,6.3,6.7,58338,EQ,,,
2016-02-12,6.9,7.2,6.0,7.0,28623,EQ,,,
2016-02-15,7.5,8.0,7.2,7.5,40585,EQ,,,
2016-02-16,7.8,7.95,6.95,7.2,17205,EQ,,,
2016-02-17,7.25,7.4,7.05,7.3,16577,EQ,,,
2016-02-18,7.5,7.65,7.25,7.4,15574,EQ,,,
2016-02-19,7.3,7.4,7.1,7.25,12126,EQ,,,
2016-02-22,7.25,7.45,7.2,7.4,8704,EQ,,,
2016-02-23,7.5,7.5,6.95,7.0,9399,EQ,,,
2016-02-24,6.9,7.05,6.7,6.8,5816,EQ,,,
2016-02-25,6.95,7.05,6.5,6.55,5386,EQ,,,
2016-02-26,6.75,6.75,5.75,6.15,44250,EQ,,,
2016-02-29,6.1,6.25,5.95,6.15,6744,EQ,,,
2016-03-01,6.15,6.9,6.1,6.55,20085,EQ,,,
2016-03-02,6.55,6.8,6.45,6.8,22246,EQ,,,
2016-03-03,7.3,7.3,6.75,6.9,8330,EQ,,,
2016-03-04,6.9,6.9,6.8,6.85,3622,EQ,,,
2016-03-08,6.8,6.9,6.45,6.5,20071,EQ,,,
2016-03-09,6.4,6.7,6.35,6.6,9941,EQ,,,
2016-03-10,6.6,6.75,6.45,6.5,7271,EQ,,,
2016-03-11,6.5,6.65,6.4,6.55,5378,EQ,,,
2016-03-14,6.6,6.7,6.45,6.5,6707,EQ,,,
2016-03-15,6.45,6.75,6.4,6.65,10445,EQ,,,
2016-03-16,6.5,6.6,6.4,6.45,2691,EQ,,,
2016-03-17,6.45,6.7,6.45,6.5,1585,EQ,,,
2016-03-18,6.6,6.7,6.5,6.5,7139,EQ,,,
2016-03-21,6.6,6.65,6.35,6.5,10618,EQ,,,
2016-03-22,6.7,6.7,6.5,6.65,9779,EQ,,,
2016-03-23,6.75,6.75,6.5,6.55,3211,EQ,,,
2016-03-28,6.6,6.7,6.3,6.4,2149,EQ,,,
2016-03-29,6.45,6.45,6.15,6.2,5901,EQ,,,
2016-03-30,6.2,6.4,6.2,6.3,5837,EQ,,,
2016-03-31,6.4,6.6,6.4,6.4,6982,EQ,,,
2016-04-01,6.45,6.6,6.35,6.55,3797,EQ,,,
2016-04-04,6.5,6.7,6.5,6.65,2562,EQ,,,
2016-04-05,6.55,6.55,6.4,6.4,2615,EQ,,,
2016-04-06,6.45,6.7,6.4,6.65,5255,EQ,,,
2016-04-07,6.6,6.8,6.5,6.55,5997,EQ,,,
2016-04-08,6.55,7.05,6.45,7.0,15988,EQ,,,
2016-04-11,7.35,7.35,7.0,7.05,5713,EQ,,,
2016-04-12,7.0,7.2,7.0,7.0,9652,EQ,,,
2016-04-13,7.0,7.2,7.0,7.1,7326,EQ,,,
2016-04-18,7.1,7.2,7.0,7.0,3479,EQ,,,
2016-04-20,7.2,7.2,7.05,7.1,6681,EQ,,,
2016-04-21,7.2,7.7,7.1,7.5,25087,EQ,,,
2016-04-22,7.5,7.9,7.5,7.6,24175,EQ,,,
2016-04-25,7.65,8.4,7.4,8.0,58903,EQ,,,
2016-04-26,8.25,8.4,7.8,7.85,19320,EQ,,,
2016-04-27,7.85,7.9,7.55,7.6,17569,EQ,,,
2016-04-28,7.6,7.6,7.25,7.3,7535,EQ,,,
2016-04-29,7.3,7.55,7.25,7.35,7705,EQ,,,
2016-05-02,7.35,7.65,7.25,7.3,11319,EQ,,,
2016-05-03,7.25,7.6,7.0,7.05,15702,EQ,,,
2016-05-04,7.0,7.05,6.8,6.95,4033,EQ,,,
2016-05-05,7.0,7.1,6.85,7.0,6032,EQ,,,
2016-05-06,6.95,7.0,6.8,6.8,2075,EQ,,,
2016-05-09,7.05,7.05,6.8,7.0,4790,EQ,,,
2016-05-10,7.0,7.0,6.85,6.95,4066,EQ,,,
2016-05-11,7.25,7.45,6.8,7.35,11559,EQ,,,
2016-05-12,7.6,8.3,7.6,7.85,51964,EQ,,,
2016-05-13,8.05,8.05,7.6,7.6,15290,EQ,,,
2016-05-16,7.65,7.75,7.6,7.6,3339,EQ,,,
2016-05-17,7.65,7.9,7.65,7.7,10656,EQ,,,
2016-05-18,7.7,7.75,7.6,7.6,4997,EQ,,,
2016-05-19,7.65,7.95,7.6,7.8,18771,EQ,,,
2016-05-20,7.8,7.95,7.6,7.85,14069,EQ,,,
2016-05-23,7.8,7.9,7.7,7.75,14569,EQ,,,
2016-05-24,8.0,8.0,7.6,7.8,30920,EQ,,,
2016-05-25,7.75,7.9,7.7,7.75,9076,EQ,,,
2016-05-26,7.75,7.95,7.6,7.8,20517,EQ,,,
2016-05-27,7.8,7.9,7.75,7.8,38768,EQ,,,
2016-05-30,7.95,8.2,7.75,8.0,47813,EQ,,,
2016-05-31,7.95,8.0,7.7,7.95,30680,EQ,,,
2016-06-01,8.0,8.2,7.95,8.05,30930,EQ,,,
2016-06-02,8.05,8.7,7.7,8.55,100490,EQ,,,
2016-06-03,8.7,9.15,8.6,9.0,189941,EQ,,,
2016-06-06,9.0,9.05,8.5,8.75,27560,EQ,,,
2016-06-07,8.9,8.9,8.5,8.6,14781,EQ,,,
2016-06-08,8.6,9.0,8.3,8.85,29559,EQ,,,
2016-06-09,8.9,9.0,8.6,8.9,19331,EQ,,,
2016-06-10,8.95,9.0,8.7,8.85,16811,EQ,,,
2016-06-13,8.8,8.85,8.55,8.8,13898,EQ,,,
2016-06-14,8.8,9.25,8.5,8.95,47286,EQ,,,
2016-06-15,8.9,9.05,8.7,8.85,18684,EQ,,,
2016-06-16,9.15,9.25,8.8,9.1,21563,EQ,,,
2016-06-17,9.25,9.5,9.1,9.45,37914,EQ,,,
2016-06-20,9.2,11.3,9.15,11.3,302414,EQ,,,
2016-06-21,11.85,12.65,11.45,11.9,709360,EQ,,,
2016-06-22,12.0,12.4,10.95,11.15,187532,EQ,,,
2016-06-23,11.05,12.55,11.05,11.8,536399,EQ,,,
2016-06-24,10.8,11.9,10.25,11.8,196783,EQ,,,
2016-06-27,11.85,13.9,11.4,13.45,736086,EQ,,,
2016-06-28,13.6,14.05,12.4,13.1,532746,EQ,,,
2016-06-29,13.35,13.7,13.0,13.1,142258,EQ,,,
2016-06-30,13.3,13.6,12.35,12.45,164800,EQ,,,
2016-07-01,12.65,12.8,12.15,12.2,96448,EQ,,,
2016-07-04,12.3,12.65,11.75,11.95,160281,EQ,,,
2016-07-05,12.1,12.25,11.75,11.8,83626,EQ,,,
2016-07-07,12.0,12.2,11.75,11.8,44399,EQ,,,
2016-07-08,12.05,12.1,11.8,11.85,40868,EQ,,,
2016-07-11,12.1,12.85,12.0,12.5,134523,EQ,,,
2016-07-12,12.5,12.5,11.85,12.1,36555,EQ,,,
2016-07-13,12.25,12.25,11.8,11.9,24716,EQ,,,
2016-07-14,12.15,12.35,11.85,11.9,28326,EQ,,,
2016-07-15,12.0,12.0,11.5,11.55,19205,EQ,,,
2016-07-18,11.55,11.95,11.55,11.55,19246,EQ,,,
2016-07-19,11.6,11.7,11.3,11.35,11966,EQ,,,
2016-07-20,11.3,11.8,11.1,11.5,27321,EQ,,,
2016-07-21,11.55,11.8,10.9,11.0,43500,EQ,,,
2016-07-22,11.1,11.5,11.0,11.15,36121,EQ,,,
2016-07-25,11.0,11.6,11.0,11.5,57806,EQ,,,
2016-07-26,11.7,11.9,11.4,11.6,35891,EQ,,,
2016-07-27,11.65,11.75,11.1,11.2,26096,EQ,,,
2016-07-28,11.2,11.5,11.1,11.25,14455,EQ,,,
2016-07-29,11.2,11.5,11.15,11.25,31989,EQ,,,
2016-08-01,11.25,11.55,11.2,11.2,24958,EQ,,,
2016-08-02,11.1,11.5,10.9,11.15,22607,EQ,,,
2016-08-03,11.1,11.1,10.8,10.9,17937,EQ,,,
2016-08-04,11.1,11.1,10.65,10.75,11038,EQ,,,
2016-08-05,10.75,10.95,10.4,10.65,44430,EQ,,,
2016-08-08,10.95,11.05,10.0,10.25,41108,EQ,,,
2016-08-09,10.2,10.45,10.1,10.3,13490,EQ,,,
2016-08-10,10.3,10.55,10.05,10.2,17567,EQ,,,
2016-08-11,10.2,10.5,10.05,10.15,18836,EQ,,,
2016-08-12,10.35,11.05,9.9,10.75,38221,EQ,,,
2016-08-16,10.9,11.6,10.65,10.9,55956,EQ,,,
2016-08-17,10.95,11.15,10.85,10.95,7662,EQ,,,
2016-08-18,11.0,11.4,10.8,11.25,33780,EQ,,,
2016-08-19,11.25,11.3,10.9,10.95,31194,EQ,,,
2016-08-22,11.25,11.25,10.7,11.1,46931,EQ,,,
2016-08-23,11.0,11.1,10.75,11.0,40347,EQ,,,
2016-08-24,11.0,11.2,10.9,11.0,69369,EQ,,,
2016-08-25,11.2,11.2,10.9,10.95,12279,EQ,,,
2016-08-26,11.1,11.15,10.75,10.8,18855,EQ,,,
2016-08-29,10.8,11.05,10.6,10.9,12027,EQ,,,
2016-08-30,10.95,10.95,10.4,10.5,27586,EQ,,,
2016-08-31,10.6,10.6,9.7,9.85,69491,EQ,,,
2016-09-01,9.6,10.3,9.6,10.15,66709,EQ,,,
2016-09-02,10.4,10.8,10.2,10.65,42524,EQ,,,
2016-09-06,10.8,11.0,10.55,11.0,39323,EQ,,,
2016-09-07,10.95,11.3,10.95,11.05,33693,EQ,,,
2016-09-08,11.0,11.1,10.2,10.4,65294,EQ,,,
2016-09-09,10.6,11.05,10.35,10.8,35782,EQ,,,
2016-09-12,10.5,10.65,10.25,10.5,18257,EQ,,,
2016-09-14,10.65,10.95,10.65,10.8,24703,EQ,,,
2016-09-15,10.8,10.95,10.65,10.9,16260,EQ,,,
2016-09-16,10.85,11.0,10.6,10.6,18455,EQ,,,
2016-09-19,10.75,10.8,10.5,10.6,9845,EQ,,,
2016-09-20,10.6,10.75,10.3,10.4,20760,EQ,,,
2016-09-21,10.55,10.55,10.3,10.45,13293,EQ,,,
2016-09-22,10.5,10.65,10.25,10.45,10976,EQ,,,
2016-09-23,10.4,11.0,10.35,10.7,24475,EQ,,,
2016-09-26,10.65,10.65,10.3,10.35,19318,EQ,,,
2016-09-27,10.4,10.9,10.3,10.75,35411,EQ,,,
2016-09-28,10.75,11.05,10.5,11.0,30351,EQ,,,
2016-09-29,10.95,11.25,10.1,10.45,88560,EQ,,,
2016-09-30,10.4,10.9,9.95,10.6,18547,EQ,,,
2016-10-03,10.65,11.25,10.35,11.0,31972,EQ,,,
2016-10-04,11.1,11.2,10.5,10.85,32223,EQ,,,
2016-10-05,10.8,11.2,10.8,11.15,23562,EQ,,,
2016-10-06,10.95,11.2,10.9,11.0,12243,EQ,,,
2016-10-07,11.1,11.45,10.8,11.25,47530,EQ,,,
2016-10-10,11.4,13.3,11.4,12.9,601739,EQ,,,
2016-10-13,12.75,13.15,12.4,12.5,120737,EQ,,,
2016-10-14,12.45,12.75,11.65,11.95,104249,EQ,,,
2016-10-17,12.1,12.45,11.65,11.8,66003,EQ,,,
2016-10-18,11.95,12.25,11.75,11.8,20841,EQ,,,
2016-10-19,11.95,12.25,11.85,11.9,20812,EQ,,,
2016-10-20,12.0,12.4,11.75,11.95,39310,EQ,,,
2016-10-21,12.0,12.25,11.9,12.0,22957,EQ,,,
2016-10-24,12.4,12.7,12.0,12.5,66487,EQ,,,
2016-10-25,12.65,12.65,11.85,12.1,37290,EQ,,,
2016-10-26,12.15,12.25,12.0,12.1,27165,EQ,,,
2016-10-27,12.15,12.25,11.25,11.7,54202,EQ,,,
2016-10-28,11.6,11.95,11.55,11.6,19317,EQ,,,
2016-10-30,11.8,11.95,11.5,11.6,8788,EQ,,,
2016-11-01,11.7,11.7,11.25,11.35,17478,EQ,,,
2016-11-02,11.55,11.55,11.0,11.05,18473,EQ,,,
2016-11-03,11.25,12.55,11.25,11.4,51734,EQ,,,
2016-11-04,11.25,11.4,10.55,10.7,18412,EQ,,,
2016-11-07,11.0,11.4,10.5,11.15,26524,EQ,,,
2016-11-08,11.45,11.45,10.8,10.9,9618,EQ,,,
2016-11-09,9.45,10.5,8.75,10.2,157849,EQ,,,
2016-11-10,11.1,11.1,10.15,10.3,27625,EQ,,,
2016-11-11,10.2,10.45,9.95,10.35,22395,EQ,,,
2016-11-15,10.4,10.5,9.25,9.8,21259,EQ,,,
2016-11-16,10.1,10.1,9.25,9.75,27338,EQ,,,
2016-11-17,9.6,10.2,9.45,9.75,16479,EQ,,,
2016-11-18,10.05,10.05,9.4,9.5,7380,EQ,,,
2016-11-21,9.45,9.7,8.8,8.9,13088,EQ,,,
2016-11-22,9.1,9.3,8.1,8.8,31923,EQ,,,
2016-11-23,8.85,9.65,8.55,9.4,21068,EQ,,,
2016-11-24,9.6,9.6,9.1,9.4,3695,EQ,,,
2016-11-25,9.65,9.7,9.3,9.45,3632,EQ,,,
2016-11-28,9.3,9.6,9.15,9.4,7646,EQ,,,
2016-11-29,9.3,10.05,9.3,9.5,14891,EQ,,,
2016-11-30,9.45,9.7,9.4,9.5,5140,EQ,,,
2016-12-01,9.45,10.0,9.3,9.7,11694,EQ,,,
2016-12-02,9.6,10.05,9.45,9.75,10496,EQ,,,
2016-12-05,9.65,10.45,9.65,10.3,32918,EQ,,,
2016-12-06,10.45,10.6,10.05,10.35,17774,EQ,,,
2016-12-07,10.4,10.6,10.25,10.4,11393,EQ,,,
2016-12-08,10.6,10.75,10.25,10.4,9763,EQ,,,
2016-12-09,10.5,10.65,10.1,10.4,26030,EQ,,,
2016-12-12,10.3,10.8,10.2,10.55,6942,EQ,,,
2016-12-13,10.35,10.75,10.2,10.4,3424,EQ,,,
2016-12-14,10.25,10.4,10.0,10.2,10009,EQ,,,
2016-12-15,10.6,10.6,10.05,10.3,13376,EQ,,,
2016-12-16,10.4,10.5,10.05,10.15,7178,EQ,,,
2016-12-19,10.1,10.4,10.05,10.25,10246,EQ,,,
2016-12-20,10.2,10.35,10.1,10.25,5105,EQ,,,
2016-12-21,10.2,10.4,10.05,10.25,7875,EQ,,,
2016-12-22,10.25,10.3,9.75,10.0,7802,EQ,,,
2016-12-23,9.9,10.1,9.65,9.75,6589,EQ,,,
2016-12-26,10.05,10.1,9.15,9.45,8739,EQ,,,
2016-12-27,9.7,9.7,9.3,9.55,3623,EQ,,,
2016-12-28,9.75,9.85,9.4,9.5,5755,EQ,,,
2016-12-29,9.5,9.7,9.3,9.5,3242,EQ,,,
2016-12-30,9.8,9.95,9.35,9.7,4487,EQ,,,
2017-01-02,9.6,10.4,9.6,10.25,9062,EQ,,,
2017-01-03,10.1,10.65,10.1,10.6,7471,EQ,,,
2017-01-04,10.6,11.85,10.6,11.75,63378,EQ,,,
2017-01-05,12.45,12.6,11.85,12.1,91911,EQ,,,
2017-01-06,12.1,12.35,11.7,11.85,43427,EQ,,,
2017-01-09,11.9,11.9,11.25,11.3,15163,EQ,,,
2017-01-10,11.4,11.7,11.4,11.55,7379,EQ,,,
2017-01-11,11.65,11.7,11.45,11.6,7499,EQ,,,
2017-01-12,11.5,11.55,11.4,11.45,6596,EQ,,,
2017-01-13,11.35,11.35,11.0,11.05,8436,EQ,,,
2017-01-16,11.2,11.5,11.15,11.4,12498,EQ,,,
2017-01-17,11.65,11.8,11.45,11.7,18253,EQ,,,
2017-01-18,11.7,11.85,11.5,11.8,12635,EQ,,,
2017-01-19,11.8,11.95,11.5,11.9,19182,EQ,,,
2017-01-20,11.9,11.9,11.25,11.3,5508,EQ,,,
2017-01-23,11.55,11.55,11.1,11.2,7864,EQ,,,
2017-01-24,11.25,11.55,11.1,11.15,6933,EQ,,,
2017-01-25,11.1,11.25,11.1,11.15,2941,EQ,,,
2017-01-27,11.25,11.7,11.15,11.5,19872,EQ,,,
2017-01-30,11.6,11.95,11.6,11.8,24836,EQ,,,
2017-01-31,11.7,11.95,11.55,11.75,14329,EQ,,,
2017-02-01,11.9,12.15,11.75,11.9,24157,EQ,,,
2017-02-02,12.0,12.3,11.85,12.25,31042,EQ,,,
2017-02-03,12.45,13.4,12.25,12.85,163201,EQ,,,
2017-02-06,12.8,13.3,12.5,12.65,53983,EQ,,,
2017-02-07,12.65,13.15,12.45,12.75,39493,EQ,,,
2017-02-08,13.0,13.0,12.35,12.45,14147,EQ,,,
2017-02-09,12.7,12.7,11.8,12.1,30350,EQ,,,
2017-02-10,12.0,12.9,12.0,12.5,29786,EQ,,,
2017-02-13,13.3,13.3,12.3,12.45,64267,EQ,,,
2017-02-14,11.95,12.0,11.4,11.55,61186,EQ,,,
2017-02-15,11.85,12.0,11.05,11.5,41750,EQ,,,
2017-02-16,11.55,11.85,11.3,11.5,25467,EQ,,,
2017-02-17,11.5,11.5,11.1,11.15,22689,EQ,,,
2017-02-20,11.2,11.2,10.85,11.0,21005,EQ,,,
2017-02-21,11.1,11.4,10.9,10.9,11301,EQ,,,
2017-02-22,11.1,11.1,10.05,10.75,25829,EQ,,,
2017-02-23,10.8,11.15,10.75,10.9,17763,EQ,,,
2017-02-27,10.95,11.05,10.85,10.9,5307,EQ,,,
2017-02-28,10.9,11.05,10.6,10.85,11318,EQ,,,
2017-03-01,11.1,11.1,10.7,10.95,5602,EQ,,,
2017-03-02,10.95,11.25,10.85,10.9,11116,EQ,,,
2017-03-03,10.85,10.95,10.65,10.9,12747,EQ,,,
2017-03-06,11.25,11.25,10.9,11.0,4185,EQ,,,
2017-03-07,11.1,11.1,10.8,10.9,4908,EQ,,,
2017-03-08,10.95,11.2,10.6,10.7,24114,EQ,,,
2017-03-09,10.8,10.9,10.65,10.85,3557,EQ,,,
2017-03-10,10.8,10.9,10.65,10.85,13820,EQ,,,
2017-03-14,10.95,10.95,10.7,10.85,10225,EQ,,,
2017-03-15,10.8,10.9,10.5,10.9,7097,EQ,,,
2017-03-16,10.9,11.0,10.75,10.95,6412,EQ,,,
2017-03-17,11.1,11.1,10.7,10.75,10378,EQ,,,
2017-03-20,10.9,11.4,10.55,11.15,37108,EQ,,,
2017-03-21,12.3,13.35,12.3,13.35,721929,EQ,,,
2017-03-22,13.8,14.35,13.2,13.35,589007,EQ,,,
2017-03-23,13.6,14.05,13.05,13.7,179164,EQ,,,
2017-03-24,13.9,14.0,13.1,13.2,75082,EQ,,,
2017-03-27,13.4,13.5,13.1,13.25,45058,EQ,,,
2017-03-28,13.2,13.45,13.15,13.2,28061,EQ,,,
2017-03-29,13.45,13.5,13.0,13.1,25699,EQ,,,
2017-03-30,13.3,13.3,13.05,13.15,16204,EQ,,,
2017-03-31,13.15,13.65,12.9,13.0,33198,EQ,,,
2017-04-03,12.75,13.35,12.75,13.1,30191,EQ,,,
2017-04-05,13.35,13.6,13.2,13.3,40614,EQ,,,
2017-04-06,13.35,13.5,13.3,13.3,18779,EQ,,,
2017-04-07,13.3,13.5,13.05,13.1,28168,EQ,,,
2017-04-10,13.25,13.9,13.1,13.7,79749,EQ,,,
2017-04-11,14.1,14.95,13.8,14.25,219717,EQ,,,
2017-04-12,14.3,14.4,13.75,14.1,56461,EQ,,,
2017-04-13,14.35,14.85,14.2,14.5,101279,EQ,,,
2017-04-17,14.7,14.9,14.25,14.75,70638,EQ,,,
2017-04-18,14.75,14.95,14.25,14.4,37712,EQ,,,
2017-04-19,14.7,14.7,14.15,14.3,14198,EQ,,,
2017-04-20,14.95,14.95,14.25,14.35,17859,EQ,,,
2017-04-21,14.7,14.7,13.95,14.3,17798,EQ,,,
2017-04-24,14.4,14.5,14.25,14.3,10803,EQ,,,
2017-04-25,14.35,14.6,14.25,14.3,27299,EQ,,,
2017-04-26,14.3,14.55,13.95,14.1,30388,EQ,,,
2017-04-27,14.25,14.25,13.8,13.85,21759,EQ,,,
2017-04-28,13.8,14.2,13.8,14.05,16274,EQ,,,
2017-05-02,14.25,14.3,13.7,13.85,20992,EQ,,,
2017-05-03,13.85,14.1,13.7,13.85,13883,EQ,,,
2017-05-04,14.05,14.05,13.4,13.55,22972,EQ,,,
2017-05-05,13.95,13.95,13.2,13.45,18051,EQ,,,
2017-05-08,14.05,14.5,13.4,14.2,308736,EQ,,,
2017-05-09,14.25,14.25,13.4,13.6,75226,EQ,,,
2017-05-10,13.6,13.8,13.4,13.5,25848,EQ,,,
2017-05-11,13.65,13.65,13.2,13.35,16629,EQ,,,
2017-05-12,13.3,13.5,13.1,13.15,13840,EQ,,,
2017-05-15,13.6,13.6,13.05,13.3,6844,EQ,,,
2017-05-16,13.2,13.5,13.2,13.3,11304,EQ,,,
2017-05-17,13.3,13.3,13.1,13.2,4409,EQ,,,
2017-05-18,13.8,13.8,13.2,13.45,29392,EQ,,,
2017-05-19,13.35,13.65,13.2,13.3,12812,EQ,,,
2017-05-22,13.35,13.7,13.25,13.3,11653,EQ,,,
2017-05-23,13.75,13.75,12.75,13.0,20719,EQ,,,
2017-05-24,13.05,13.2,12.55,12.65,12922,EQ,,,
2017-05-25,12.5,13.35,12.3,12.55,20905,EQ,,,
2017-05-26,12.9,13.15,12.6,12.8,10132,EQ,,,
2017-05-29,13.2,13.8,12.4,12.95,35269,EQ,,,
2017-05-30,12.8,12.8,12.45,12.55,13226,EQ,,,
2017-05-31,12.6,12.8,12.5,12.55,4346,EQ,,,
2017-06-01,12.75,12.75,12.4,12.55,7017,EQ,,,
2017-06-02,12.75,13.1,12.5,12.65,7294,EQ,,,
2017-06-05,12.75,13.35,12.6,12.8,26197,EQ,,,
2017-06-06,12.9,13.1,12.6,12.8,11226,EQ,,,
2017-06-07,12.95,12.95,12.25,12.5,15757,EQ,,,
2017-06-08,12.45,12.65,12.4,12.6,15627,EQ,,,
2017-06-09,12.65,12.65,12.4,12.5,8371,EQ,,,
2017-06-12,12.6,12.75,12.5,12.5,8056,EQ,,,
2017-06-13,12.4,12.65,12.4,12.5,8904,EQ,,,
2017-06-14,12.45,12.65,12.4,12.45,7168,EQ,,,
2017-06-15,12.3,12.5,12.15,12.2,18151,EQ,,,
2017-06-16,12.3,12.45,12.2,12.3,12048,EQ,,,
2017-06-19,12.35,12.5,12.1,12.25,10641,EQ,,,
2017-06-20,12.25,12.5,12.2,12.3,7616,EQ,,,
2017-06-21,12.4,12.6,12.3,12.5,11171,EQ,,,
2017-06-22,12.65,13.0,12.5,12.6,13353,EQ,,,
2017-06-23,12.8,12.8,12.25,12.3,9191,EQ,,,
2017-06-27,12.5,12.55,12.15,12.2,8896,EQ,,,
2017-06-28,12.15,12.4,12.1,12.4,4550,EQ,,,
2017-06-29,12.5,12.5,12.15,12.15,6780,EQ,,,
2017-06-30,12.3,12.3,12.1,12.1,6841,EQ,,,
2017-07-03,12.35,12.35,12.05,12.1,6482,EQ,,,
2017-07-04,12.15,12.4,12.05,12.1,5513,EQ,,,
2017-07-05,12.25,12.4,12.1,12.25,6393,EQ,,,
2017-07-06,12.25,12.5,12.15,12.25,18608,EQ,,,
2017-07-07,12.45,12.45,12.15,12.2,6798,EQ,,,
2017-07-10,12.25,12.55,12.0,12.4,7822,EQ,,,
2017-07-11,12.5,12.8,12.2,12.25,13683,EQ,,,
2017-07-12,12.35,12.5,12.2,12.25,8963,EQ,,,
2017-07-13,12.35,12.35,12.15,12.2,12918,EQ,,,
2017-07-14,12.15,12.3,12.1,12.1,13551,EQ,,,
2017-07-17,12.05,12.45,12.05,12.25,12673,EQ,,,
2017-07-18,12.25,12.45,12.15,12.2,6090,EQ,,,
2017-07-19,12.35,12.35,12.1,12.25,10884,EQ,,,
2017-07-20,12.15,12.35,12.0,12.05,20629,EQ,,,
2017-07-21,12.1,12.3,12.1,12.2,16459,EQ,,,
2017-07-24,12.25,12.35,12.1,12.15,14090,EQ,,,
2017-07-25,12.1,12.3,12.1,12.1,6937,EQ,,,
2017-07-26,12.1,12.6,12.05,12.4,27329,EQ,,,
2017-07-27,12.65,13.55,12.65,12.9,186047,EQ,,,
2017-07-28,13.0,13.25,12.65,12.7,18858,EQ,,,
2017-07-31,12.95,13.25,12.5,12.65,16577,EQ,,,
2017-08-01,12.8,12.8,12.3,12.35,11254,EQ,,,
2017-08-02,12.45,12.85,12.3,12.65,35534,EQ,,,
2017-08-03,12.65,12.8,12.4,12.45,6268,EQ,,,
2017-08-04,12.45,12.7,12.45,12.55,10651,EQ,,,
2017-08-07,12.65,12.65,12.35,12.4,8279,EQ,,,
2017-08-08,12.5,12.6,12.1,12.15,19542,EQ,,,
2017-08-09,12.2,12.3,12.05,12.15,16264,EQ,,,
2017-08-10,12.35,12.35,11.4,11.6,35128,EQ,,,
2017-08-11,11.45,11.55,10.9,11.45,16915,EQ,,,
2017-08-14,11.55,11.9,10.6,11.75,14277,EQ,,,
2017-08-16,11.7,12.1,11.7,11.8,5835,EQ,,,
2017-08-17,11.7,12.45,11.7,12.35,26261,EQ,,,
2017-08-18,12.4,12.6,12.4,12.5,32785,EQ,,,
2017-08-21,12.8,13.3,12.65,12.75,25244,EQ,,,
2017-08-22,12.9,13.15,12.75,12.8,15411,EQ,,,
2017-08-23,12.75,12.85,12.5,12.65,12390,EQ,,,
2017-08-24,12.75,13.0,12.6,12.65,13019,EQ,,,
2017-08-28,12.6,13.15,12.6,12.8,17415,EQ,,,
2017-08-29,12.85,12.85,12.1,12.4,16748,EQ,,,
2017-08-30,12.5,12.75,12.5,12.6,9255,EQ,,,
2017-08-31,12.75,12.75,12.25,12.4,12600,EQ,,,
2017-09-01,12.3,13.65,12.3,13.4,102729,EQ,,,
2017-09-04,13.8,14.5,13.5,13.75,172064,EQ,,,
2017-09-05,13.8,13.85,13.4,13.65,31987,EQ,,,
2017-09-06,13.55,14.25,13.4,14.0,89130,EQ,,,
2017-09-07,13.95,14.25,13.6,13.95,62728,EQ,,,
2017-09-08,14.1,14.15,13.6,13.75,27415,EQ,,,
2017-09-11,13.7,14.0,13.35,13.5,19547,EQ,,,
2017-09-12,13.35,13.35,12.6,12.65,123630,EQ,,,
2017-09-13,12.8,12.9,12.3,12.45,28626,EQ,,,
2017-09-14,12.5,12.6,12.1,12.2,42867,EQ,,,
2017-09-15,12.2,12.45,12.1,12.25,9579,EQ,,,
2017-09-18,12.25,12.45,12.15,12.15,24553,EQ,,,
2017-09-19,12.3,12.45,11.8,12.0,29449,EQ,,,
2017-09-20,12.05,12.25,11.95,12.0,13978,EQ,,,
2017-09-21,12.2,12.2,11.9,12.05,32349,EQ,,,
2017-09-22,12.1,12.1,11.7,11.8,19586,EQ,,,
2017-09-25,12.05,12.05,11.6,11.7,19745,EQ,,,
2017-09-26,11.85,11.9,11.6,11.8,11054,EQ,,,
2017-09-27,11.9,11.9,11.6,11.65,11626,EQ,,,
2017-09-28,11.85,11.85,11.6,11.75,7330,EQ,,,
2017-09-29,11.8,11.9,11.65,11.8,6364,EQ,,,
2017-10-03,11.9,12.2,11.8,11.9,57647,EQ,,,
2017-10-04,11.9,12.05,11.5,11.6,24803,EQ,,,
2017-10-05,11.6,11.75,11.55,11.6,8540,EQ,,,
2017-10-06,11.65,11.85,11.6,11.7,8472,EQ,,,
2017-10-09,11.9,12.25,11.9,11.95,45305,EQ,,,
2017-10-10,12.05,12.15,11.8,11.9,20027,EQ,,,
2017-10-11,11.9,12.05,11.75,11.8,15235,EQ,,,
2017-10-12,11.85,11.85,11.55,11.85,9257,EQ,,,
2017-10-13,11.9,11.9,11.6,11.65,15909,EQ,,,
2017-10-16,11.75,11.9,11.7,11.8,6017,EQ,,,
2017-10-17,11.85,12.25,11.65,11.9,70447,EQ,,,
2017-10-18,12.05,12.05,11.65,11.75,19418,EQ,,,
2017-10-19,11.9,12.0,11.8,11.9,5557,EQ,,,
2017-10-23,12.0,12.1,11.8,11.85,23066,EQ,,,
2017-10-24,11.95,11.95,11.7,11.85,11444,EQ,,,
2017-10-25,11.8,11.95,11.75,11.85,12440,EQ,,,
2017-10-26,11.9,11.95,11.8,11.8,9956,EQ,,,
2017-10-27,11.9,11.9,11.65,11.7,14344,EQ,,,
2017-10-30,11.7,11.8,11.6,11.8,22896,EQ,,,
2017-10-31,11.75,11.8,11.55,11.7,21259,EQ,,,
2017-11-01,11.75,11.9,11.5,11.6,35531,EQ,,,
2017-11-02,11.65,11.8,11.55,11.65,24404,EQ,,,
2017-11-03,11.75,11.75,11.55,11.65,19150,EQ,,,
2017-11-06,11.65,11.85,11.6,11.8,24225,EQ,,,
2017-11-07,11.75,11.8,11.55,11.55,12106,EQ,,,
2017-11-08,11.65,11.65,11.5,11.5,8762,EQ,,,
2017-11-09,11.6,11.65,11.15,11.25,20495,EQ,,,
2017-11-10,11.4,11.45,11.15,11.3,21259,EQ,,,
2017-11-13,11.25,11.35,11.0,11.15,15380,EQ,,,
2017-11-14,11.3,11.35,10.85,11.0,10712,EQ,,,
2017-11-15,11.15,11.25,10.8,11.1,12710,EQ,,,
2017-11-16,11.1,11.25,11.1,11.15,4758,EQ,,,
2017-11-17,11.25,11.5,10.9,11.2,15747,EQ,,,
2017-11-20,11.25,11.3,11.0,11.15,9992,EQ,,,
2017-11-21,11.1,11.5,11.1,11.3,28506,EQ,,,
2017-11-22,11.25,12.1,11.25,11.65,69518,EQ,,,
2017-11-23,11.8,11.9,11.5,11.8,10186,EQ,,,
2017-11-24,11.65,14.1,11.45,13.65,565053,EQ,,,
2017-11-27,13.35,14.0,12.9,13.0,170850,EQ,,,
2017-11-28,12.9,13.05,12.4,12.5,69503,EQ,,,
2017-11-29,12.4,12.8,12.15,12.3,36421,EQ,,,
2017-11-30,12.65,12.65,12.05,12.25,24759,EQ,,,
2017-12-01,12.4,12.65,11.8,12.1,104149,EQ,,,
2017-12-04,12.15,12.15,11.75,11.8,26918,EQ,,,
2017-12-05,11.95,11.95,11.5,11.75,15710,EQ,,,
2017-12-06,11.85,11.9,11.6,11.65,13551,EQ,,,
2017-12-07,11.6,11.8,11.55,11.6,17085,EQ,,,
2017-12-08,11.7,11.8,11.55,11.75,10807,EQ,,,
2017-12-11,11.9,13.5,11.9,13.0,357487,EQ,,,
2017-12-12,13.3,13.3,12.6,12.9,66214,EQ,,,
2017-12-13,12.75,13.0,12.25,12.7,31585,EQ,,,
2017-12-14,12.6,12.8,12.1,12.25,17568,EQ,,,
2017-12-15,12.3,12.85,12.0,12.25,19725,EQ,,,
2017-12-18,12.25,12.45,12.05,12.25,15423,EQ,,,
2017-12-19,12.4,13.15,12.35,12.7,69311,EQ,,,
2017-12-20,12.95,13.3,12.65,12.8,63899,EQ,,,
2017-12-21,12.9,13.0,12.4,12.5,32641,EQ,,,
2017-12-22,12.65,12.9,12.4,12.8,20691,EQ,,,
2017-12-26,13.0,13.0,12.5,12.6,16162,EQ,,,
2017-12-27,12.75,12.75,12.4,12.4,21229,EQ,,,
2017-12-28,12.5,12.85,12.4,12.65,29348,EQ,,,
2017-12-29,12.8,13.2,12.5,12.65,30223,EQ,,,
2018-01-01,12.6,12.75,12.45,12.5,16964,EQ,,,
2018-01-02,12.6,12.65,12.4,12.5,13777,EQ,,,
2018-01-03,12.9,13.05,12.35,12.8,70948,EQ,,,
2018-01-04,13.0,13.0,12.65,12.75,19828,EQ,,,
2018-01-05,13.0,13.0,12.5,12.8,25794,EQ,,,
2018-01-08,13.0,13.15,12.75,12.9,14097,EQ,,,
2018-01-09,13.15,13.5,12.65,13.1,109459,EQ,,,
2018-01-10,13.25,13.35,12.5,12.65,62460,EQ,,,
2018-01-11,12.75,13.35,12.65,12.85,39306,EQ,,,
2018-01-12,13.0,13.15,12.55,13.0,41329,EQ,,,
2018-01-15,13.05,13.15,12.65,12.7,23231,EQ,,,
2018-01-16,12.85,13.0,12.05,12.2,43943,EQ,,,
2018-01-17,12.2,12.45,12.0,12.25,40369,EQ,,,
2018-01-18,12.3,12.45,11.85,11.9,28175,EQ,,,
2018-01-19,12.1,13.5,12.1,12.25,47422,EQ,,,
2018-01-22,12.55,12.55,12.15,12.25,28360,EQ,,,
2018-01-23,12.4,12.7,11.85,12.1,102465,EQ,,,
2018-01-24,12.25,12.25,11.85,11.9,25181,EQ,,,
2018-01-25,11.9,12.2,11.8,11.9,19423,EQ,,,
2018-01-29,12.3,12.4,11.85,11.95,27375,EQ,,,
2018-01-30,12.0,12.1,11.7,11.8,9563,EQ,,,
2018-01-31,11.8,11.9,11.4,11.5,27032,EQ,,,
2018-02-01,11.45,11.85,11.4,11.5,30216,EQ,,,
2018-02-02,11.45,11.6,10.95,11.3,39090,EQ,,,
2018-02-05,11.25,11.8,10.9,11.4,26647,EQ,,,
2018-02-06,10.85,11.3,10.85,11.2,22153,EQ,,,
2018-02-07,11.4,11.4,11.1,11.3,12802,EQ,,,
2018-02-08,11.3,11.5,11.25,11.4,9031,EQ,,,
2018-02-09,11.7,12.0,11.25,11.55,12110,EQ,,,
2018-02-12,12.1,12.1,11.75,11.9,23558,EQ,,,
2018-02-14,11.9,12.9,11.85,12.2,66003,EQ,,,
2018-02-15,12.4,12.45,12.05,12.2,21373,EQ,,,
2018-02-16,12.35,12.35,11.3,11.55,23194,EQ,,,
2018-02-19,11.55,11.55,10.7,10.85,37501,EQ,,,
2018-02-20,11.2,11.2,10.7,10.9,20393,EQ,,,
2018-02-21,11.1,11.4,10.5,10.6,55985,EQ,,,
2018-02-22,10.65,11.0,10.6,10.8,20112,EQ,,,
2018-02-23,10.9,11.1,10.9,10.95,26406,EQ,,,
2018-02-26,11.35,11.35,10.7,10.95,22334,EQ,,,
2018-02-27,11.2,11.2,10.5,10.55,40448,EQ,,,
2018-02-28,10.85,10.85,10.5,10.6,30215,EQ,,,
2018-03-01,10.7,11.5,10.4,10.55,18228,EQ,,,
2018-03-05,10.65,10.95,10.45,10.7,117031,EQ,,,
2018-03-06,11.0,11.0,10.6,10.65,8081,EQ,,,
2018-03-07,10.5,10.75,10.35,10.55,18099,EQ,,,
2018-03-08,10.55,10.7,10.3,10.4,20549,EQ,,,
2018-03-09,10.55,10.55,10.4,10.4,9986,EQ,,,
2018-03-12,10.6,10.75,10.3,10.3,12324,EQ,,,
2018-03-13,10.3,10.4,9.85,10.0,129041,EQ,,,
2018-03-14,10.0,10.25,9.75,9.8,130897,EQ,,,
2018-03-15,10.0,10.2,9.7,9.75,76588,EQ,,,
2018-03-16,9.75,10.05,9.75,9.95,18670,EQ,,,
2018-03-19,9.95,10.35,9.8,10.15,15023,EQ,,,
2018-03-20,10.05,10.25,9.75,10.0,11478,EQ,,,
2018-03-21,10.05,10.35,9.9,10.0,16176,EQ,,,
2018-03-22,10.0,10.1,9.75,9.8,14876,EQ,,,
2018-03-23,9.75,9.75,9.1,9.2,42310,EQ,,,
2018-03-26,9.3,9.4,8.6,9.15,35234,EQ,,,
2018-03-27,9.15,9.4,8.9,9.05,28852,EQ,,,
2018-03-28,9.05,9.15,8.8,8.85,16069,EQ,,,
2018-04-02,9.25,9.75,9.0,9.7,12610,EQ,,,
2018-04-03,9.6,10.05,9.4,9.85,6405,EQ,,,
2018-04-04,10.05,10.75,9.95,10.3,16974,EQ,,,
2018-04-05,10.4,10.75,10.0,10.1,16309,EQ,,,
2018-04-06,10.2,10.3,9.65,10.0,17648,EQ,,,
2018-04-09,10.2,10.65,9.9,10.2,8624,EQ,,,
2018-04-10,10.2,10.35,9.95,10.05,11257,EQ,,,
2018-04-11,10.1,10.3,9.9,10.05,8566,EQ,,,
2018-04-12,10.05,10.3,9.9,10.0,9708,EQ,,,
2018-04-13,10.15,10.3,9.95,10.0,10356,EQ,,,
2018-04-16,10.05,10.9,9.95,10.2,19676,EQ,,,
2018-04-17,10.5,10.75,10.1,10.6,14716,EQ,,,
2018-04-18,10.7,11.7,10.5,11.2,86640,EQ,,,
2018-04-19,11.4,13.2,11.3,13.0,858745,EQ,,,
2018-04-20,13.0,14.15,12.75,12.8,941084,EQ,,,
2018-04-23,12.75,12.9,11.45,11.6,162262,EQ,,,
2018-04-24,11.5,12.05,11.25,11.3,33332,EQ,,,
2018-04-25,11.45,11.5,10.95,11.2,39347,EQ,,,
2018-04-26,11.35,11.35,10.8,10.9,17608,EQ,,,
2018-04-27,10.85,11.25,10.85,11.05,21856,EQ,,,
2018-04-30,11.55,13.3,11.3,13.3,518475,EQ,,,
2018-05-02,13.75,14.05,12.15,12.35,300621,EQ,,,
2018-05-03,12.45,12.75,11.65,11.75,62937,EQ,,,
2018-05-04,11.95,12.1,11.25,11.3,77545,EQ,,,
2018-05-07,11.7,11.85,11.35,11.55,25075,EQ,,,
2018-05-08,11.5,11.65,11.3,11.3,19814,EQ,,,
2018-05-09,11.45,11.65,10.6,10.85,63244,EQ,,,
2018-05-10,11.0,11.1,10.7,10.85,24629,EQ,,,
2018-05-11,10.95,11.0,10.8,10.9,7608,EQ,,,
2018-05-14,10.9,11.0,10.6,10.75,11034,EQ,,,
2018-05-15,10.75,11.0,10.7,10.75,9066,EQ,,,
2018-05-16,10.85,10.95,10.4,10.6,8618,EQ,,,
2018-05-17,10.75,11.1,10.75,11.05,9097,EQ,,,
2018-05-18,11.05,11.5,10.7,10.8,18323,EQ,,,
2018-05-21,10.8,10.95,10.3,10.4,19878,EQ,,,
2018-05-22,10.3,10.55,9.75,10.35,19252,EQ,,,
2018-05-23,10.6,10.9,10.05,10.3,13264,EQ,,,
2018-05-24,10.1,10.75,10.1,10.45,5392,EQ,,,
2018-05-25,10.6,10.65,10.4,10.6,2881,EQ,,,
2018-05-28,10.6,10.8,10.4,10.6,8460,EQ,,,
2018-05-29,10.65,10.75,10.3,10.65,5015,EQ,,,
2018-05-30,10.75,10.75,10.3,10.4,9494,EQ,,,
2018-05-31,10.55,10.75,9.85,10.3,16373,EQ,,,
2018-06-01,10.45,10.6,10.1,10.3,8070,EQ,,,
2018-06-04,10.35,10.4,9.9,10.0,11611,EQ,,,
2018-06-05,10.0,10.1,9.55,9.75,9366,EQ,,,
2018-06-06,9.75,10.1,9.5,10.05,7038,EQ,,,
2018-06-07,10.15,10.9,9.8,10.35,17559,EQ,,,
2018-06-08,10.3,10.45,9.95,10.05,5636,EQ,,,
2018-06-11,10.0,10.4,9.8,10.0,12324,EQ,,,
2018-06-12,10.0,10.3,9.9,10.0,10057,EQ,,,
2018-06-13,10.05,10.6,10.0,10.1,6874,EQ,,,
2018-06-14,10.25,10.25,9.95,10.0,5205,EQ,,,
2018-06-15,10.4,10.4,9.35,9.7,25736,EQ,,,
2018-06-18,9.45,9.7,9.25,9.55,10512,EQ,,,
2018-06-19,9.75,9.75,9.4,9.5,3694,EQ,,,
2018-06-20,9.75,9.75,9.15,9.35,10754,EQ,,,
2018-06-21,9.3,9.7,9.0,9.1,25610,EQ,,,
2018-06-22,9.3,9.3,8.9,9.0,13883,EQ,,,
2018-06-25,9.05,9.25,8.9,9.1,6367,EQ,,,
2018-06-26,9.2,9.5,9.05,9.15,11937,EQ,,,
2018-06-27,9.15,9.2,8.45,8.6,25461,EQ,,,
2018-06-28,8.95,9.0,8.2,8.4,28509,EQ,,,
2018-06-29,8.75,9.0,8.3,8.4,23637,EQ,,,
2018-07-02,8.4,8.8,8.25,8.35,12773,EQ,,,
2018-07-03,8.25,8.5,8.2,8.3,10491,EQ,,,
2018-07-04,8.4,8.5,8.3,8.35,9605,EQ,,,
2018-07-05,8.3,8.55,8.3,8.45,6836,EQ,,,
2018-07-06,8.5,8.75,8.35,8.45,7218,EQ,,,
2018-07-09,8.4,8.6,8.35,8.5,11416,EQ,,,
2018-07-10,8.4,8.65,8.4,8.5,8489,EQ,,,
2018-07-11,8.55,8.55,8.3,8.35,19997,EQ,,,
2018-07-12,8.25,8.55,8.25,8.35,9645,EQ,,,
2018-07-13,8.4,8.5,7.8,7.95,20419,EQ,,,
2018-07-16,8.2,8.4,7.95,8.0,5299,EQ,,,
2018-07-17,8.1,8.2,8.0,8.1,3665,EQ,,,
2018-07-18,8.25,8.25,7.8,8.0,8971,EQ,,,
2018-07-19,8.15,8.15,7.65,7.7,6965,EQ,,,
2018-07-20,7.6,8.1,7.5,8.0,8625,EQ,,,
2018-07-23,8.1,8.5,8.0,8.45,12117,EQ,,,
2018-07-24,8.1,9.1,8.1,8.9,21391,EQ,,,
2018-07-25,9.0,9.1,8.45,8.8,8602,EQ,,,
2018-07-26,9.0,9.15,8.65,8.9,14236,EQ,,,
2018-07-27,9.0,9.15,8.9,8.95,3975,EQ,,,
2018-07-30,9.1,9.25,8.85,9.15,5506,EQ,,,
2018-07-31,9.3,9.3,8.85,9.2,4882,EQ,,,
2018-08-01,9.35,9.65,9.15,9.4,8932,EQ,,,
2018-08-02,9.4,9.4,9.1,9.35,3231,EQ,,,
2018-08-03,9.45,9.45,9.3,9.35,5488,EQ,,,
2018-08-06,9.5,10.2,9.5,10.0,13131,EQ,,,
2018-08-07,10.3,10.3,9.4,9.5,14362,EQ,,,
2018-08-08,9.45,10.5,9.45,10.25,10492,EQ,,,
2018-08-09,10.2,10.5,10.1,10.2,11181,EQ,,,
2018-08-10,10.4,10.45,9.9,10.25,4458,EQ,,,
2018-08-13,10.45,10.95,10.1,10.75,21629,EQ,,,
2018-08-14,10.8,11.45,10.8,11.15,23972,EQ,,,
2018-08-16,11.1,11.2,10.55,10.9,14845,EQ,,,
2018-08-17,11.05,11.2,10.8,10.95,9222,EQ,,,
2018-08-20,11.4,11.4,11.05,11.25,23441,EQ,,,
2018-08-21,11.25,11.6,10.75,11.25,10665,EQ,,,
2018-08-23,11.25,11.4,10.65,11.0,12148,EQ,,,
2018-08-24,11.3,11.3,10.65,11.0,8528,EQ,,,
2018-08-27,11.25,11.8,11.1,11.25,41400,EQ,,,
2018-08-28,11.35,11.35,11.1,11.3,10218,EQ,,,
2018-08-29,11.3,11.4,11.1,11.25,13923,EQ,,,
2018-08-30,11.4,11.55,11.1,11.35,15505,EQ,,,
2018-08-31,11.55,11.8,11.45,11.55,13621,EQ,,,
2018-09-03,11.85,11.9,11.3,11.6,16692,EQ,,,
2018-09-04,11.8,12.0,11.1,11.7,23178,EQ,,,
2018-09-05,12.75,12.9,12.15,12.25,147743,EQ,,,
2018-09-06,12.15,12.15,11.8,11.9,16382,EQ,,,
2018-09-07,12.1,12.1,11.55,11.6,9747,EQ,,,
2018-09-10,11.7,12.0,11.5,11.75,15419,EQ,,,
2018-09-11,12.0,12.0,11.1,11.2,18025,EQ,,,
2018-09-12,11.2,11.5,10.9,11.1,16378,EQ,,,
2018-09-14,11.15,11.5,10.9,11.0,10533,EQ,,,
2018-09-17,11.2,11.2,10.7,10.8,19775,EQ,,,
2018-09-18,10.95,11.15,10.55,10.75,21738,EQ,,,
2018-09-19,10.95,11.2,10.4,10.5,18764,EQ,,,
2018-09-21,10.65,10.65,10.3,10.3,14602,EQ,,,
2018-09-24,10.35,10.65,9.6,10.6,23497,EQ,,,
2018-09-25,10.4,10.8,10.15,10.45,24545,EQ,,,
2018-09-26,10.65,10.8,10.25,10.45,5520,EQ,,,
2018-09-27,10.35,10.95,10.3,10.65,10107,EQ,,,
2018-09-28,10.5,10.65,9.8,10.45,26419,EQ,,,
2018-10-01,10.35,10.8,9.8,10.75,13935,EQ,,,
2018-10-03,10.5,10.75,10.25,10.35,13393,EQ,,,
2018-10-04,10.6,11.4,10.25,10.95,28786,EQ,,,
2018-10-05,11.25,11.25,10.1,10.7,21604,EQ,,,
2018-10-08,10.65,11.4,10.65,11.25,39988,EQ,,,
2018-10-09,11.25,11.55,11.0,11.25,27637,EQ,,,
2018-10-10,11.35,11.55,11.15,11.3,6825,EQ,,,
2018-10-11,11.3,11.35,10.6,11.15,7569,EQ,,,
2018-10-12,11.25,11.85,10.65,11.6,13100,EQ,,,
2018-10-15,11.55,11.6,10.9,11.45,6301,EQ,,,
2018-10-16,11.5,11.7,11.3,11.6,11408,EQ,,,
2018-10-17,11.65,11.65,11.25,11.45,18200,EQ,,,
2018-10-19,11.25,11.45,10.8,11.25,17892,EQ,,,
2018-10-22,11.25,11.55,10.9,11.0,4944,EQ,,,
2018-10-23,11.0,11.4,10.8,10.9,3185,EQ,,,
2018-10-24,10.95,11.25,10.55,10.65,1774,EQ,,,
2018-10-25,10.5,10.8,10.25,10.6,9676,EQ,,,
2018-10-26,10.55,11.1,10.1,10.75,11496,EQ,,,
2018-10-29,10.9,11.0,10.65,10.8,6166,EQ,,,
2018-10-30,11.05,11.05,10.7,10.85,1418,EQ,,,
2018-10-31,10.8,11.3,10.6,10.95,12477,EQ,,,
2018-11-01,10.95,11.2,10.75,10.9,6131,EQ,,,
2018-11-02,11.05,11.45,10.7,11.05,3955,EQ,,,
2018-11-05,11.4,11.55,11.3,11.35,11134,EQ,,,
2018-11-06,11.4,11.5,11.2,11.3,4113,EQ,,,
2018-11-07,11.55,11.55,11.3,11.5,2066,EQ,,,
2018-11-09,11.55,11.55,11.3,11.4,5410,EQ,,,
2018-11-12,11.55,11.8,11.55,11.75,13175,EQ,,,
2018-11-13,11.75,11.9,11.6,11.7,7893,EQ,,,
2018-11-14,12.0,12.15,11.35,11.95,14570,EQ,,,
2018-11-15,11.85,11.9,11.3,11.5,13978,EQ,,,
2018-11-16,11.6,12.0,11.55,11.85,33739,EQ,,,
2018-11-19,12.3,12.3,11.7,12.0,24624,EQ,,,
2018-11-20,12.1,12.1,11.6,11.8,8215,EQ,,,
2018-11-21,11.8,12.1,11.55,12.0,12047,EQ,,,
2018-11-22,12.1,12.15,11.75,12.0,17077,EQ,,,
2018-11-26,12.0,12.2,11.6,12.1,27538,EQ,,,
2018-11-27,12.1,12.95,12.1,12.8,96400,EQ,,,
2018-11-28,13.0,13.65,12.75,13.3,187174,EQ,,,
2018-11-29,13.4,13.5,12.75,12.8,20936,EQ,,,
2018-11-30,12.9,13.55,12.9,13.4,79600,EQ,,,
2018-12-03,13.3,13.5,12.8,13.0,25789,EQ,,,
2018-12-04,13.1,14.0,13.1,13.7,121990,EQ,,,
2018-12-05,13.9,13.9,13.15,13.55,27580,EQ,,,
2018-12-06,13.4,13.55,13.15,13.4,20175,EQ,,,
2018-12-07,13.5,13.55,13.3,13.45,22037,EQ,,,
2018-12-10,13.45,13.8,12.8,13.15,81975,EQ,,,
2018-12-11,13.2,13.55,13.1,13.5,61234,EQ,,,
2018-12-12,13.6,13.75,13.2,13.3,102467,EQ,,,
2018-12-13,13.6,13.6,13.3,13.4,426489,EQ,,,
2018-12-14,13.3,13.6,13.1,13.4,335425,EQ,,,
2018-12-17,13.45,13.6,13.2,13.4,382794,EQ,,,
2018-12-18,13.4,13.4,12.95,13.05,13111,EQ,,,
2018-12-19,13.0,13.3,12.85,13.05,10646,EQ,,,
2018-12-20,12.9,13.05,12.6,13.0,16675,EQ,,,
2018-12-21,13.0,13.3,12.75,12.8,3483,EQ,,,
2018-12-24,12.9,13.0,12.05,12.2,13440,EQ,,,
2018-12-26,11.9,12.15,11.65,11.8,11228,EQ,,,
2018-12-27,12.1,12.75,11.8,12.1,9475,EQ,,,
2018-12-28,12.4,12.4,11.95,12.2,2631,EQ,,,
2018-12-31,12.4,12.75,11.85,12.15,14793,EQ,,,
2019-01-01,12.45,12.6,12.1,12.5,3723,EQ,,,
2019-01-02,12.4,12.45,12.1,12.2,3940,EQ,,,
2019-01-03,12.3,12.55,12.1,12.3,2778,EQ,,,
2019-01-04,12.5,12.55,11.85,11.95,3141,EQ,,,
2019-01-07,12.25,12.25,11.8,11.8,3017,EQ,,,
2019-01-08,11.85,12.45,11.6,12.25,12048,EQ,,,
2019-01-09,12.25,12.75,12.0,12.2,11392,EQ,,,
2019-01-10,12.6,12.6,12.1,12.15,2683,EQ,,,
2019-01-11,12.15,12.25,12.05,12.15,2838,EQ,,,
2019-01-14,12.25,12.25,12.0,12.05,2106,EQ,,,
2019-01-15,12.0,12.2,11.9,12.05,6110,EQ,,,
2019-01-16,12.1,12.1,11.75,11.9,4058,EQ,,,
2019-01-17,11.85,12.6,11.8,12.45,11673,EQ,,,
2019-01-18,12.45,13.0,12.15,12.85,54028,EQ,,,
2019-01-21,13.8,14.0,13.1,13.3,195687,EQ,,,
2019-01-22,13.35,13.35,12.5,12.9,34108,EQ,,,
2019-01-23,12.8,12.9,12.35,12.5,11272,EQ,,,
2019-01-24,12.45,12.45,12.0,12.1,8724,EQ,,,
2019-01-25,12.05,12.35,11.8,11.9,8263,EQ,,,
2019-01-28,11.7,11.8,11.0,11.15,19148,EQ,,,
2019-01-29,11.1,11.5,11.0,11.35,7539,EQ,,,
2019-01-30,11.3,12.0,11.3,11.6,11589,EQ,,,
2019-01-31,11.6,11.85,11.5,11.6,2757,EQ,,,
2019-02-01,11.6,11.9,11.15,11.4,5267,EQ,,,
2019-02-04,11.5,12.6,11.25,12.2,16813,EQ,,,
2019-02-05,12.5,12.6,11.75,12.35,26613,EQ,,,
2019-02-06,12.4,12.7,11.9,12.45,8557,EQ,,,
2019-02-07,12.4,12.85,12.1,12.4,34917,EQ,,,
2019-02-08,12.4,13.05,12.15,12.8,17113,EQ,,,
2019-02-11,12.75,13.3,12.45,12.8,23155,EQ,,,
2019-02-12,12.7,13.0,12.35,12.7,8383,EQ,,,
2019-02-13,12.85,13.5,12.3,13.05,40561,EQ,,,
2019-02-14,13.65,13.7,12.8,13.1,38860,EQ,,,
2019-02-15,13.4,13.4,12.75,12.9,13420,EQ,,,
2019-02-18,13.0,13.05,12.65,12.8,9382,EQ,,,
2019-02-19,12.95,13.1,12.6,12.95,3592,EQ,,,
2019-02-20,13.1,13.1,12.5,12.55,6143,EQ,,,
2019-02-21,12.45,12.6,12.4,12.5,4334,EQ,,,
2019-02-22,12.45,13.0,12.35,12.65,4938,EQ,,,
2019-02-25,12.6,13.0,12.4,12.65,7350,EQ,,,
2019-02-26,12.6,12.65,12.2,12.35,5538,EQ,,,
2019-02-27,12.4,12.5,12.1,12.25,8488,EQ,,,
2019-02-28,12.25,12.45,12.25,12.35,2470,EQ,,,
2019-03-01,12.5,12.65,12.4,12.5,7280,EQ,,,
2019-03-05,12.3,13.0,12.3,12.9,21617,EQ,,,
2019-03-06,13.4,13.6,12.65,13.4,23812,EQ,,,
2019-03-07,13.2,13.35,12.8,12.9,10369,EQ,,,
2019-03-08,13.05,13.35,12.95,13.1,9947,EQ,,,
2019-03-11,13.35,13.5,13.0,13.15,19995,EQ,,,
2019-03-12,13.35,13.35,12.8,12.8,12603,EQ,,,
2019-03-13,13.1,13.3,12.8,13.05,7390,EQ,,,
2019-03-14,13.15,13.15,12.75,12.8,19406,EQ,,,
2019-03-15,13.05,13.05,12.45,12.55,19877,EQ,,,
2019-03-18,12.65,13.4,12.45,12.6,10253,EQ,,,
2019-03-19,12.6,12.85,12.45,12.55,6473,EQ,,,
2019-03-20,12.6,12.7,12.1,12.15,18925,EQ,,,
2019-03-22,11.6,11.85,10.85,11.25,115532,EQ,,,
2019-03-25,10.95,11.05,10.7,10.75,41735,EQ,,,
2019-03-26,10.6,11.65,10.5,11.3,55986,EQ,,,
2019-03-27,11.5,11.5,10.8,10.9,20614,EQ,,,
2019-03-28,10.8,11.4,10.8,11.35,27319,EQ,,,
2019-03-29,11.35,11.4,10.95,11.05,19360,EQ,,,
2019-04-01,11.25,11.5,11.0,11.15,37262,EQ,,,
2019-04-02,11.1,11.2,10.95,11.05,49246,EQ,,,
2019-04-03,11.2,11.2,11.0,11.0,16895,EQ,,,
2019-04-04,11.05,11.5,11.0,11.45,37976,EQ,,,
2019-04-05,11.4,11.55,11.3,11.5,13310,EQ,,,
2019-04-08,11.6,12.15,11.55,11.75,71442,EQ,,,
2019-04-09,11.8,11.85,11.5,11.65,6584,EQ,,,
2019-04-10,11.6,11.65,11.4,11.45,7244,EQ,,,
2019-04-11,11.5,11.6,11.2,11.25,3776,EQ,,,
2019-04-12,11.3,11.7,11.2,11.6,15051,EQ,,,
2019-04-15,11.55,11.55,11.15,11.3,5732,EQ,,,
2019-04-16,11.3,11.4,10.95,11.05,29157,EQ,,,
2019-04-18,11.05,11.85,10.95,11.65,23063,EQ,,,
2019-04-22,12.0,12.1,11.65,11.75,68229,EQ,,,
2019-04-23,11.8,12.0,11.6,11.65,15270,EQ,,,
2019-04-24,11.6,11.75,11.4,11.5,10332,EQ,,,
2019-04-25,11.6,11.65,11.5,11.6,10039,EQ,,,
2019-04-26,11.8,11.8,11.3,11.45,3708,EQ,,,
2019-04-30,11.4,13.7,11.4,13.7,1125039,EQ,,,
2019-05-02,14.3,16.4,13.85,15.6,3012766,EQ,,,
2019-05-03,15.8,16.2,15.1,15.35,825596,EQ,,,
2019-05-06,15.2,17.7,14.75,17.15,1140827,EQ,,,
2019-05-07,18.0,18.0,16.2,16.4,394067,EQ,,,
2019-05-08,16.35,16.65,15.6,16.05,261532,EQ,,,
2019-05-09,16.05,16.5,14.95,15.5,248886,EQ,,,
2019-05-10,15.55,15.7,14.75,14.95,134610,EQ,,,
2019-05-13,14.8,15.5,14.4,14.65,87656,EQ,,,
2019-05-14,14.8,14.8,13.85,14.15,117253,EQ,,,
2019-05-15,14.45,15.55,14.25,14.8,289884,EQ,,,
2019-05-16,15.0,15.4,14.4,14.75,76180,EQ,,,
2019-05-17,14.75,15.3,14.4,14.7,69923,EQ,,,
2019-05-20,15.1,15.6,15.0,15.3,90781,EQ,,,
2019-05-21,15.3,15.5,14.4,14.6,57559,EQ,,,
2019-05-22,14.65,15.25,14.5,15.0,62851,EQ,,,
2019-05-23,15.15,15.5,14.55,14.9,153959,EQ,,,
2019-05-24,14.4,16.4,13.6,16.4,1006653,EQ,,,
2019-05-27,16.8,18.0,16.75,17.9,546956,EQ,,,
2019-05-28,18.45,18.6,16.4,17.0,228533,EQ,,,
2019-05-29,16.7,18.0,16.65,17.35,189467,EQ,,,
2019-05-30,17.35,17.7,16.9,17.0,56708,EQ,,,
2019-05-31,16.8,17.3,16.1,16.6,95781,EQ,,,
2019-06-03,16.65,16.9,16.2,16.3,46933,EQ,,,
2019-06-04,16.2,17.55,16.1,16.7,136568,EQ,,,
2019-06-06,16.7,16.95,16.15,16.2,39430,EQ,,,
2019-06-07,16.6,16.65,15.65,16.0,51757,EQ,,,
2019-06-10,16.15,17.25,16.0,16.85,177775,EQ,,,
2019-06-11,16.9,16.9,16.2,16.4,32431,EQ,,,
2019-06-12,16.35,17.1,16.1,16.5,68167,EQ,,,
2019-06-13,16.65,17.8,16.4,17.6,253379,EQ,,,
2019-06-14,17.6,20.5,17.35,19.5,1183228,EQ,,,
2019-06-17,19.5,19.5,18.0,18.2,202198,EQ,,,
2019-06-18,18.75,19.1,18.2,18.4,135540,EQ,,,
2019-06-19,18.65,19.2,16.5,17.0,197213,EQ,,,
2019-06-20,17.2,17.75,16.7,17.2,104561,EQ,,,
2019-06-21,17.5,18.9,17.25,18.0,165395,EQ,,,
2019-06-24,18.15,18.7,17.2,17.85,102351,EQ,,,
2019-06-25,18.1,19.4,17.7,18.2,314983,EQ,,,
2019-06-26,18.4,18.9,17.95,18.55,105085,EQ,,,
2019-06-27,18.7,18.85,17.9,18.2,113161,EQ,,,
2019-06-28,18.3,19.3,18.2,18.75,198636,EQ,,,
2019-07-01,18.95,19.75,18.85,19.1,181620,EQ,,,
2019-07-02,19.2,19.3,18.7,18.8,62924,EQ,,,
2019-07-03,18.9,19.45,18.85,19.15,107096,EQ,,,
2019-07-04,19.3,19.35,18.75,18.85,72452,EQ,,,
2019-07-05,18.7,19.05,17.6,17.95,139388,EQ,,,
2019-07-08,17.65,17.8,16.3,17.0,101604,EQ,,,
2019-07-09,16.85,17.25,16.2,16.7,107935,EQ,,,
2019-07-10,16.55,17.35,16.35,17.05,119998,EQ,,,
2019-07-11,17.15,17.25,16.8,17.05,36655,EQ,,,
2019-07-12,17.05,17.1,16.5,16.7,56915,EQ,,,
2019-07-15,16.9,17.0,16.2,16.3,55287,EQ,,,
2019-07-16,16.4,16.95,16.05,16.6,98768,EQ,,,
2019-07-17,16.65,17.0,16.2,16.5,41630,EQ,,,
2019-07-18,16.35,16.65,16.05,16.05,31210,EQ,,,
2019-07-19,16.25,16.5,14.9,15.2,73935,EQ,,,
2019-07-22,14.9,15.0,14.3,14.5,59334,EQ,,,
2019-07-23,14.6,14.65,14.2,14.5,55600,EQ,,,
2019-07-24,14.5,14.8,14.4,14.55,61229,EQ,,,
2019-07-25,14.55,14.7,13.8,14.15,28124,EQ,,,
2019-07-26,14.15,15.6,13.9,15.3,110192,EQ,,,
2019-07-29,15.3,15.5,14.7,14.9,34453,EQ,,,
2019-07-30,14.85,15.4,13.8,13.95,71155,EQ,,,
2019-07-31,14.05,14.8,13.35,13.5,73948,EQ,,,
2019-08-01,13.65,14.1,13.4,13.6,36580,EQ,,,
2019-08-02,13.6,14.0,13.35,13.9,34960,EQ,,,
2019-08-05,13.1,13.8,13.1,13.7,41204,EQ,,,
2019-08-06,13.5,13.95,13.4,13.7,37965,EQ,,,
2019-08-07,13.65,14.1,13.5,13.6,21730,EQ,,,
2019-08-08,13.65,13.8,13.35,13.7,21870,EQ,,,
2019-08-09,13.75,14.05,13.6,13.6,23169,EQ,,,
2019-08-13,13.65,14.55,13.65,13.75,43035,EQ,,,
2019-08-14,13.9,14.05,13.8,13.9,25264,EQ,,,
2019-08-16,13.9,14.15,13.65,14.0,20979,EQ,,,
2019-08-19,14.0,15.3,13.85,14.55,60057,EQ,,,
2019-08-20,14.8,15.15,14.2,14.7,92872,EQ,,,
2019-08-21,15.3,15.3,14.3,14.3,35344,EQ,,,
2019-08-22,14.6,14.6,13.4,13.6,46343,EQ,,,
2019-08-23,13.5,13.9,13.2,13.75,37075,EQ,,,
2019-08-26,14.0,14.9,14.0,14.8,80028,EQ,,,
2019-08-27,15.0,15.45,14.8,15.15,41469,EQ,,,
2019-08-28,15.2,15.5,14.2,14.4,59389,EQ,,,
2019-08-29,14.3,14.85,14.1,14.3,16351,EQ,,,
2019-08-30,14.3,14.55,14.15,14.35,15099,EQ,,,
2019-09-03,14.5,14.65,14.1,14.3,16820,EQ,,,
2019-09-04,14.5,15.3,14.45,15.1,28468,EQ,,,
2019-09-05,15.3,15.7,14.85,15.5,37633,EQ,,,
2019-09-06,15.5,15.65,14.9,15.55,23947,EQ,,,
2019-09-09,15.5,16.15,15.05,16.1,57223,EQ,,,
2019-09-11,16.2,17.45,16.2,17.05,136218,EQ,,,
2019-09-12,17.25,17.4,16.35,17.2,68962,EQ,,,
2019-09-13,17.35,18.15,17.0,17.85,102664,EQ,,,
2019-09-16,17.65,18.55,17.55,18.0,92707,EQ,,,
2019-09-17,18.1,18.1,16.8,17.0,95082,EQ,,,
2019-09-18,17.35,17.55,16.9,17.15,32089,EQ,,,
2019-09-19,17.0,17.25,16.5,16.9,53344,EQ,,,
2019-09-20,16.85,18.55,16.85,17.45,106933,EQ,,,
2019-09-23,18.0,18.25,17.35,17.75,54372,EQ,,,
2019-09-24,17.85,18.45,17.2,18.15,52857,EQ,,,
2019-09-25,18.25,19.6,18.15,18.8,155596,EQ,,,
2019-09-26,18.9,21.4,18.5,20.0,304961,EQ,,,
2019-09-27,20.25,21.55,20.0,21.1,252118,EQ,,,
2019-09-30,21.15,21.35,19.9,20.5,112214,EQ,2266.0,49.52,46820.0
2019-10-01,20.5,20.7,19.05,19.7,92645,EQ,2866.0,32.33,49763.0
2019-10-03,20.35,20.45,19.25,20.0,58846,EQ,2274.0,25.88,28358.0
2019-10-04,20.2,20.5,19.7,19.8,32855,EQ,874.0,37.59,18101.0
2019-10-07,19.4,20.25,19.35,19.6,31675,EQ,1104.0,28.69,18491.0
2019-10-09,19.6,20.25,19.6,19.95,65955,EQ,1408.0,46.84,45669.0
2019-10-10,20.05,20.4,19.25,19.7,57301,EQ,1243.0,46.1,35823.0
2019-10-11,19.75,20.1,19.05,19.7,44568,EQ,1077.0,41.38,26641.0
2019-10-14,19.8,20.35,19.7,20.2,32769,EQ,673.0,48.69,24682.0
2019-10-15,20.4,21.3,19.3,20.15,138334,EQ,2421.0,57.14,69471.0
2019-10-16,19.95,20.4,19.65,19.95,42881,EQ,518.0,82.78,34532.0
2019-10-17,19.3,19.95,19.3,19.75,30818,EQ,573.0,53.78,20907.0
2019-10-18,19.8,20.35,19.65,19.8,28076,EQ,503.0,55.82,17788.0
2019-10-22,19.9,20.7,19.55,19.8,76573,EQ,2903.0,26.38,37597.0
2019-10-23,19.7,20.25,19.35,19.6,38286,EQ,1732.0,22.11,21461.0
2019-10-24,19.65,19.9,19.15,19.45,52824,EQ,2717.0,19.44,18627.0
2019-10-25,19.9,19.9,19.25,19.7,24001,EQ,864.0,27.78,14835.0
2019-10-29,20.05,22.8,19.8,22.0,432674,EQ,6954.0,62.22,200245.0
2019-10-30,22.05,22.4,21.15,21.3,92349,EQ,1787.0,51.68,62960.0
2019-10-31,21.5,21.75,20.5,20.8,80053,EQ,2730.0,29.32,39856.0
2019-11-01,21.05,21.85,20.8,20.95,80030,EQ,2122.0,37.71,36840.0
2019-11-04,21.1,21.55,20.6,21.0,63337,EQ,1109.0,57.11,39403.0
2019-11-05,21.2,21.4,20.85,21.2,38085,EQ,1241.0,30.69,22925.0
2019-11-06,21.3,21.35,20.8,21.0,64690,EQ,1026.0,63.05,37117.0
2019-11-07,21.2,21.3,20.9,21.1,31396,EQ,615.0,51.05,23003.0
2019-11-08,20.9,22.65,20.9,22.0,161168,EQ,2550.0,63.2,75439.0
2019-11-11,21.85,21.85,17.6,19.4,347697,EQ,7004.0,49.64,180683.0
2019-11-13,19.65,20.5,19.0,19.7,74170,EQ,1374.0,53.98,41027.0
2019-11-14,19.9,20.0,19.35,19.75,58445,EQ,1297.0,45.06,27896.0
2019-11-15,19.95,20.5,19.65,20.15,48671,EQ,1812.0,26.86,23932.0
2019-11-18,19.85,20.85,19.05,19.85,51659,EQ,1077.0,47.97,33226.0
2019-11-19,19.95,20.1,19.5,20.0,53433,EQ,808.0,66.13,42350.0
2019-11-20,20.35,20.85,19.9,20.1,53419,EQ,1735.0,30.79,26077.0
2019-11-21,20.3,20.35,20.05,20.2,21464,EQ,477.0,45.0,13259.0
2019-11-22,20.0,20.25,19.5,19.8,45539,EQ,1180.0,38.59,28815.0
2019-11-25,19.6,20.1,19.55,19.7,38654,EQ,1033.0,37.42,25627.0
2019-11-26,19.9,20.0,19.2,19.3,33773,EQ,727.0,46.46,28223.0
2019-11-27,19.65,19.9,19.2,19.35,57027,EQ,1615.0,35.31,36987.0
2019-11-28,19.65,19.7,19.2,19.3,23746,EQ,648.0,36.65,15061.0
2019-11-29,19.35,19.7,19.2,19.4,38290,EQ,965.0,39.68,24889.0
2019-12-02,19.75,21.65,19.5,21.15,240942,EQ,5693.0,42.32,86362.0
2019-12-03,21.5,22.3,21.0,21.35,117784,EQ,3074.0,38.32,46756.0
2019-12-04,21.45,21.6,21.0,21.2,32808,EQ,827.0,39.67,16755.0
2019-12-05,21.45,21.9,21.05,21.2,18349,EQ,588.0,31.21,10992.0
2019-12-06,21.7,21.7,21.0,21.45,23014,EQ,812.0,28.34,11605.0
2019-12-09,21.45,21.45,21.15,21.2,16687,EQ,516.0,32.34,10670.0
2019-12-10,21.3,22.7,21.1,21.2,94219,EQ,2252.0,41.84,42068.0
2019-12-11,21.45,21.65,20.8,20.95,23477,EQ,532.0,44.13,16003.0
2019-12-12,21.35,21.35,19.7,20.2,72876,EQ,1871.0,38.95,26148.0
2019-12-13,20.05,21.1,20.05,20.5,50254,EQ,1150.0,43.7,24678.0
2019-12-16,21.0,21.0,20.1,20.3,19736,EQ,660.0,29.9,10310.0
2019-12-17,20.4,20.65,20.25,20.4,19675,EQ,493.0,39.91,7728.0
2019-12-18,20.55,21.4,20.35,20.9,33573,EQ,936.0,35.87,14220.0
2019-12-19,20.9,21.3,20.55,20.9,38946,EQ,1537.0,25.34,18752.0
2019-12-20,21.0,22.5,21.0,22.3,143978,EQ,4619.0,31.17,55744.0
2019-12-23,22.3,22.45,20.95,21.5,58617,EQ,2070.0,28.32,24349.0
2019-12-24,21.75,21.85,21.05,21.25,21416,EQ,577.0,37.12,14054.0
2019-12-26,21.25,21.6,21.05,21.2,15848,EQ,762.0,20.8,7317.0
2019-12-27,21.3,21.75,21.25,21.4,28078,EQ,500.0,56.16,22551.0
2019-12-30,21.35,21.75,21.05,21.4,36537,EQ,1396.0,26.17,17329.0
2019-12-31,21.5,21.5,21.2,21.35,8191,EQ,377.0,21.73,4868.0
2020-01-01,21.55,21.6,21.2,21.25,5145,EQ,254.0,20.26,2901.0
2020-01-02,21.0,24.0,21.0,23.5,239675,EQ,3994.0,60.01,121116.0
2020-01-03,23.6,24.6,23.0,23.55,211858,EQ,5197.0,40.77,88792.0
2020-01-06,23.0,23.4,22.1,22.3,83542,EQ,1984.0,42.11,45173.0
2020-01-07,22.4,23.5,22.4,22.75,47160,EQ,1523.0,30.97,22915.0
2020-01-08,22.1,23.85,22.1,23.4,68336,EQ,2288.0,29.87,31920.0
2020-01-09,23.45,24.4,22.95,23.1,50499,EQ,1303.0,38.76,27032.0
2020-01-10,23.15,24.0,22.6,22.75,41916,EQ,1815.0,23.09,16110.0
2020-01-13,22.75,23.5,22.65,22.8,21068,EQ,1896.0,11.11,10343.0
2020-01-14,22.95,23.55,22.95,23.15,18222,EQ,493.0,36.96,10457.0
2020-01-15,23.4,23.4,22.8,23.05,12679,EQ,626.0,20.25,7926.0
2020-01-16,23.35,23.35,22.8,23.0,17768,EQ,744.0,23.88,12404.0
2020-01-17,23.0,23.55,22.8,23.0,20975,EQ,884.0,23.73,10124.0
2020-01-20,22.95,24.0,22.8,23.35,50191,EQ,1180.0,42.53,29103.0
2020-01-21,23.5,23.65,22.9,23.0,16591,EQ,457.0,36.3,8845.0
2020-01-22,23.35,23.4,22.8,23.0,35180,EQ,637.0,55.23,23140.0
2020-01-23,23.2,23.35,22.85,23.2,15553,EQ,304.0,51.16,10665.0
2020-01-24,23.25,23.3,22.8,22.95,16111,EQ,498.0,32.35,11720.0
2020-01-27,22.8,23.0,22.65,22.85,22770,EQ,585.0,38.92,14741.0
2020-01-28,22.8,23.25,22.65,23.0,30944,EQ,701.0,44.14,23446.0
2020-01-29,23.0,24.0,22.65,22.9,47801,EQ,1541.0,31.02,19972.0
2020-01-30,22.95,23.35,22.3,22.6,50778,EQ,1054.0,48.18,33915.0
2020-01-31,22.7,22.8,19.25,22.1,194125,EQ,4000.0,48.53,91434.0
2020-02-03,21.3,22.4,20.85,21.9,56176,EQ,1690.0,33.24,26236.0
2020-02-04,22.35,22.35,21.35,22.0,35049,EQ,823.0,42.59,24172.0
2020-02-05,22.0,22.35,21.6,21.85,31150,EQ,582.0,53.52,21946.0
2020-02-06,22.05,22.9,22.05,22.35,36238,EQ,728.0,49.78,25173.0
2020-02-07,22.35,23.4,22.3,22.85,22423,EQ,917.0,24.45,14238.0
2020-02-10,23.3,23.3,22.45,22.6,10931,EQ,534.0,20.47,7237.0
2020-02-11,22.95,23.15,22.7,22.95,15326,EQ,465.0,32.96,13617.0
2020-02-12,23.4,24.45,23.0,23.4,86350,EQ,1974.0,43.74,49642.0
2020-02-13,23.8,24.4,21.3,23.3,101438,EQ,2590.0,39.17,52044.0
2020-02-14,23.1,23.75,22.8,23.2,24348,EQ,1124.0,21.66,18930.0
2020-02-17,23.2,23.45,22.8,23.0,45557,EQ,514.0,88.63,35005.0
2020-02-18,23.0,23.25,22.35,22.85,41048,EQ,492.0,83.43,31706.0
2020-02-19,22.8,23.25,22.1,22.7,44399,EQ,884.0,50.23,35728.0
2020-02-20,22.5,23.1,22.4,22.6,17953,EQ,399.0,44.99,12155.0
2020-02-24,22.5,22.5,22.1,22.15,16242,EQ,598.0,27.16,9471.0
2020-02-25,22.7,24.0,22.35,23.25,496649,EQ,3093.0,160.57,436470.0
2020-02-26,23.25,26.45,22.8,25.7,693030,EQ,8647.0,80.15,383697.0
2020-02-27,26.0,27.7,24.1,24.95,346219,EQ,6567.0,52.72,104513.0
2020-02-28,24.2,24.7,22.95,23.45,239307,EQ,2588.0,92.47,160498.0
2020-03-02,23.7,24.1,21.75,22.15,118800,EQ,3213.0,36.97,61981.0
2020-03-03,22.35,22.9,21.8,22.1,40566,EQ,1184.0,34.26,18835.0
2020-03-04,22.1,22.65,20.3,21.0,64370,EQ,1641.0,39.23,40175.0
2020-03-05,21.4,22.2,21.15,21.25,17858,EQ,646.0,27.64,7895.0
2020-03-06,20.25,21.2,19.65,20.7,31971,EQ,1148.0,27.85,17841.0
2020-03-09,20.6,20.7,17.85,18.75,79864,EQ,2211.0,36.12,47012.0
2020-03-11,18.3,19.95,18.05,19.0,49114,EQ,1689.0,29.08,23413.0
2020-03-12,18.6,18.6,15.45,16.25,54540,EQ,1791.0,30.45,30317.0
2020-03-13,13.85,16.8,13.05,15.35,109900,EQ,2816.0,39.03,43172.0
2020-03-16,14.95,15.0,13.55,13.8,48312,EQ,2084.0,23.18,24390.0
2020-03-17,14.4,14.55,13.05,13.75,29000,EQ,966.0,30.02,15389.0
2020-03-18,13.8,14.1,11.6,12.0,35615,EQ,1332.0,26.74,24289.0
2020-03-19,12.05,13.2,10.95,13.2,40397,EQ,1061.0,38.07,21657.0
2020-03-20,14.1,14.4,12.2,13.4,31113,EQ,954.0,32.61,14147.0
2020-03-23,12.75,12.75,12.1,12.1,16029,EQ,436.0,36.76,13531.0
2020-03-24,12.45,12.7,11.05,11.55,17617,EQ,550.0,32.03,10914.0
2020-03-25,10.85,12.7,10.85,12.55,14141,EQ,508.0,27.84,8702.0
2020-03-26,13.2,13.85,12.0,13.5,22054,EQ,747.0,29.52,15075.0
2020-03-27,14.65,14.65,12.6,12.8,32886,EQ,814.0,40.4,22004.0
2020-03-30,13.2,13.2,12.25,12.55,13109,EQ,477.0,27.48,7374.0
2020-03-31,12.65,13.35,12.65,13.1,12456,EQ,562.0,22.16,8025.0
2020-04-01,13.4,13.4,12.3,12.9,9288,EQ,375.0,24.77,4535.0
2020-04-03,13.3,13.3,12.6,12.7,8720,EQ,443.0,19.68,6164.0
2020-04-07,13.05,13.5,12.65,13.3,31576,EQ,731.0,43.2,16290.0
2020-04-08,13.05,13.65,12.75,12.95,25669,EQ,1191.0,21.55,13793.0
2020-04-09,13.45,15.45,13.2,14.6,150644,EQ,2899.0,51.96,65688.0
2020-04-13,14.7,14.9,13.2,13.35,106504,EQ,,,
2020-04-15,13.4,13.65,12.65,12.7,96002,EQ,1256.0,76.43,77303.0
2020-04-16,12.7,12.85,11.85,12.0,127297,EQ,1925.0,66.13,98641.0
2020-04-17,12.3,12.8,12.0,12.7,100021,EQ,1261.0,79.32,63143.0
2020-04-20,13.0,13.1,12.5,12.6,45657,EQ,1081.0,42.24,25793.0
2020-04-21,12.0,12.45,11.6,11.7,66320,EQ,995.0,66.65,47256.0
2020-04-22,11.45,12.3,11.45,12.1,57208,EQ,788.0,72.6,35312.0
2020-04-23,12.3,13.4,11.8,12.75,207643,EQ,2513.0,82.63,82157.0
2020-04-24,12.65,12.85,11.8,12.05,79146,EQ,1597.0,49.56,46272.0
2020-04-27,12.3,12.6,12.05,12.25,42413,EQ,830.0,51.1,26512.0
2020-04-28,12.6,12.65,12.1,12.45,38641,EQ,782.0,49.41,21422.0
2020-04-29,12.25,12.65,12.15,12.5,35262,EQ,666.0,52.95,22572.0
2020-04-30,12.9,12.9,12.45,12.5,29210,EQ,591.0,49.42,17798.0
2020-05-04,12.3,12.35,11.8,11.95,39361,EQ,782.0,50.33,25736.0
2020-05-05,12.2,12.4,11.85,11.95,14861,EQ,421.0,35.3,8687.0
2020-05-06,12.35,12.45,11.8,12.15,32124,EQ,716.0,44.87,15572.0
2020-05-07,12.0,12.45,11.95,12.3,18765,EQ,563.0,33.33,13149.0
2020-05-08,12.65,12.65,12.2,12.3,9401,EQ,227.0,41.41,6977.0
2020-05-11,12.6,12.6,12.3,12.3,12035,EQ,260.0,46.29,9543.0
2020-05-12,12.3,12.4,11.95,12.1,26036,EQ,443.0,58.77,18760.0
2020-05-13,12.75,12.75,12.0,12.3,20730,EQ,455.0,45.56,14358.0
2020-05-14,12.15,12.65,12.15,12.6,20547,EQ,421.0,48.81,17013.0
2020-05-15,12.6,12.7,12.25,12.4,16970,EQ,441.0,38.48,11499.0
2020-05-18,12.55,12.55,12.0,12.4,28081,EQ,385.0,72.94,22859.0
2020-05-19,12.55,12.55,12.1,12.25,14585,EQ,230.0,63.41,13049.0
2020-05-20,12.4,12.45,12.1,12.3,7411,EQ,180.0,41.17,5585.0
2020-05-21,12.3,12.45,12.2,12.25,8307,EQ,241.0,34.47,5906.0
2020-05-22,12.25,12.5,12.15,12.15,7594,EQ,179.0,42.42,6139.0
2020-05-26,12.45,12.6,12.15,12.5,14279,EQ,291.0,49.07,10357.0
2020-05-27,12.5,12.6,12.3,12.5,12490,EQ,323.0,38.67,8932.0
2020-05-28,12.5,13.2,12.45,12.8,47357,EQ,1020.0,46.43,24402.0
2020-05-29,12.65,13.5,12.65,13.05,50957,EQ,908.0,56.12,34495.0
2020-06-01,13.1,14.1,13.1,13.65,47132,EQ,860.0,54.8,31530.0
2020-06-02,14.1,14.1,13.6,13.6,25106,EQ,612.0,41.02,18945.0
2020-06-03,14.05,16.2,13.5,15.5,325886,EQ,4727.0,68.94,129760.0
2020-06-04,15.9,16.35,15.35,15.9,165971,EQ,2872.0,57.79,94445.0
2020-06-05,16.1,17.35,15.75,16.8,137430,EQ,1988.0,69.13,68872.0
2020-06-08,17.05,17.45,16.9,17.2,73715,EQ,1337.0,55.13,47849.0
2020-06-09,17.2,17.25,16.1,16.3,50516,EQ,1493.0,33.84,23683.0
2020-06-10,16.6,16.8,15.55,16.6,38817,EQ,1119.0,34.69,15386.0
2020-06-11,16.6,18.1,15.75,17.15,187053,EQ,4392.0,42.59,65750.0
2020-06-12,16.5,17.1,15.95,17.0,30762,EQ,856.0,35.94,15413.0
2020-06-15,17.2,18.1,16.65,16.8,36854,EQ,894.0,41.22,21891.0
2020-06-16,17.35,17.35,16.2,16.45,48679,EQ,1038.0,46.9,29765.0
2020-06-17,16.9,16.9,15.55,16.35,26380,EQ,733.0,35.99,13297.0
2020-06-18,16.55,17.8,16.4,17.55,142144,EQ,2889.0,49.2,49180.0
2020-06-19,17.8,18.75,16.95,17.5,121424,EQ,2693.0,45.09,65165.0
2020-06-22,17.7,18.15,17.35,17.45,55821,EQ,1182.0,47.23,32909.0
2020-06-23,17.0,17.4,16.35,17.0,56209,EQ,1373.0,40.94,35345.0
2020-06-24,17.4,17.4,15.95,16.1,68118,EQ,1839.0,37.04,45505.0
2020-06-25,15.65,16.75,15.3,15.65,62003,EQ,1886.0,32.88,34650.0
2020-06-26,15.65,16.0,14.85,15.1,122756,EQ,2953.0,41.57,72112.0
2020-06-29,15.15,15.65,14.7,15.5,56789,EQ,1532.0,37.07,25580.0
2020-06-30,15.55,15.9,15.15,15.4,91603,EQ,1092.0,83.89,75417.0
2020-07-01,15.75,15.75,15.15,15.3,14111,EQ,588.0,24.0,7051.0
2020-07-02,15.35,15.85,15.35,15.55,32660,EQ,1009.0,32.37,18985.0
2020-07-03,15.85,16.05,15.4,15.55,25365,EQ,992.0,25.57,13059.0
2020-07-06,15.75,17.2,15.4,16.35,165416,EQ,4279.0,38.66,70408.0
2020-07-07,16.35,17.0,15.9,16.25,75671,EQ,1870.0,40.47,34172.0
2020-07-08,16.35,16.6,16.0,16.1,23260,EQ,797.0,29.18,15269.0
2020-07-09,16.2,16.9,16.2,16.35,94757,EQ,1951.0,48.57,41935.0
2020-07-10,16.7,16.7,16.05,16.15,32750,EQ,1330.0,24.62,15244.0
2020-07-13,16.5,16.9,15.9,16.15,73676,EQ,1213.0,60.74,44283.0
2020-07-14,16.05,16.3,15.9,16.1,46984,EQ,777.0,60.47,32993.0
2020-07-15,16.4,17.4,16.0,16.4,160281,EQ,2850.0,56.24,54221.0
2020-07-16,16.35,16.65,16.1,16.3,50148,EQ,1252.0,40.05,19647.0
2020-07-17,16.6,16.6,16.3,16.4,24350,EQ,647.0,37.64,15872.0
2020-07-20,16.7,16.7,16.15,16.3,44142,EQ,1113.0,39.66,21505.0
2020-07-21,16.3,17.8,16.15,16.55,184937,EQ,3500.0,52.84,103233.0
2020-07-22,16.7,17.5,16.4,17.15,119148,EQ,2167.0,54.98,47538.0
2020-07-23,17.2,17.7,16.6,17.1,100809,EQ,2147.0,46.95,36068.0
2020-07-24,17.05,17.2,16.65,16.8,19212,EQ,773.0,24.85,10674.0
2020-07-27,17.2,17.2,16.6,16.8,59675,EQ,1465.0,40.73,22751.0
2020-07-28,16.8,17.0,16.55,16.65,24448,EQ,672.0,36.38,12253.0
2020-07-29,16.75,18.5,16.7,17.6,534368,EQ,8476.0,63.04,126481.0
2020-07-30,17.75,18.3,16.7,16.95,118409,EQ,2490.0,47.55,57028.0
2020-07-31,16.95,17.05,16.7,16.8,31688,EQ,799.0,39.66,20712.0
2020-08-03,16.7,17.35,16.25,16.6,63172,EQ,1370.0,46.11,36309.0
2020-08-04,16.95,17.05,16.65,16.8,30227,EQ,769.0,39.31,15316.0
2020-08-05,17.2,17.2,16.2,16.5,58669,EQ,1433.0,40.94,32835.0
2020-08-06,16.5,17.6,16.25,16.9,131031,EQ,2609.0,50.22,52250.0
2020-08-07,17.0,17.2,16.8,17.0,29597,EQ,769.0,38.49,17474.0
2020-08-10,16.8,17.2,16.8,17.0,33546,EQ,806.0,41.62,21629.0
2020-08-11,17.1,17.5,16.85,17.15,84390,EQ,1755.0,48.09,35330.0
2020-08-12,17.05,17.5,16.9,17.0,22049,EQ,748.0,29.48,11668.0
2020-08-13,17.05,17.25,16.9,17.0,20981,EQ,615.0,34.12,14526.0
2020-08-14,17.0,19.4,16.95,17.4,565090,EQ,9720.0,58.14,145510.0
2020-08-17,17.5,17.5,17.1,17.3,47663,EQ,1201.0,39.69,24604.0
2020-08-18,17.55,17.9,17.35,17.5,53312,EQ,1076.0,49.55,25655.0
2020-08-19,17.5,18.0,17.35,17.4,56622,EQ,1284.0,44.1,34193.0
2020-08-20,17.4,17.9,17.2,17.6,43809,EQ,910.0,48.14,23605.0
2020-08-21,17.8,18.15,17.4,17.65,50533,EQ,1121.0,45.08,26756.0
2020-08-24,17.75,18.45,17.6,17.9,108138,EQ,2014.0,53.69,53717.0
2020-08-25,17.9,18.2,17.1,17.5,58233,EQ,1411.0,41.27,33424.0
2020-08-26,17.55,17.75,17.45,17.55,36393,EQ,972.0,37.44,17711.0
2020-08-27,17.55,17.9,17.5,17.55,31457,EQ,823.0,38.22,16718.0
2020-08-28,17.4,17.95,17.25,17.35,60081,EQ,1569.0,38.29,29835.0
2020-08-31,17.55,17.6,15.75,17.45,150255,EQ,2726.0,55.12,87126.0
2020-09-01,17.25,17.4,16.85,17.3,34286,EQ,520.0,65.93,26192.0
2020-09-02,17.6,17.85,17.5,17.75,39838,EQ,801.0,49.74,26020.0
2020-09-03,17.75,17.95,17.4,17.5,19509,EQ,723.0,26.98,12544.0
2020-09-04,17.35,17.7,16.35,17.45,35284,EQ,811.0,43.51,21077.0
2020-09-07,17.5,17.95,17.25,17.3,18802,EQ,621.0,30.28,11614.0
2020-09-08,17.2,17.5,17.1,17.3,29247,EQ,613.0,47.71,23225.0
2020-09-09,17.15,17.5,16.7,17.45,31590,EQ,732.0,43.16,24702.0
2020-09-10,17.45,17.5,17.3,17.4,17428,EQ,516.0,33.78,11595.0
2020-09-11,17.55,19.0,17.4,18.7,145223,EQ,2760.0,52.62,99838.0
2020-09-14,18.85,19.7,18.5,18.8,95051,EQ,1919.0,49.53,54429.0
2020-09-15,19.0,20.1,18.9,19.75,99978,EQ,2058.0,48.58,57503.0
2020-09-16,20.1,21.1,19.95,20.2,168098,EQ,4066.0,41.34,61994.0
2020-09-17,20.05,20.4,19.6,19.9,29788,EQ,966.0,30.84,14126.0
2020-09-18,19.9,20.8,19.8,20.05,41796,EQ,1344.0,31.1,21775.0
2020-09-21,19.5,20.2,18.1,18.3,49182,EQ,1497.0,32.85,31031.0
2020-09-22,18.6,18.6,17.1,18.45,50821,EQ,1822.0,27.89,22493.0
2020-09-23,18.7,19.15,17.9,18.8,33939,EQ,1231.0,27.57,12853.0
2020-09-24,18.6,18.8,18.05,18.25,12190,EQ,544.0,22.41,6174.0
2020-09-25,18.1,19.35,18.1,19.2,45075,EQ,823.0,54.77,30147.0
2020-09-28,19.65,20.1,18.9,19.15,21226,EQ,,,
2020-09-29,19.35,19.6,18.75,18.9,9203,EQ,344.0,26.75,5164.0
2020-09-30,19.0,19.2,18.7,18.95,16572,EQ,446.0,37.16,10506.0
2020-10-01,18.85,19.2,18.5,18.85,38096,EQ,630.0,60.47,20453.0
2020-10-05,18.9,20.1,18.9,19.1,52843,EQ,1423.0,37.13,28228.0
2020-10-06,19.45,20.7,19.3,19.9,146034,EQ,2924.0,49.94,41029.0
2020-10-07,20.1,20.25,19.8,19.95,17078,EQ,513.0,33.29,9704.0
2020-10-08,19.95,20.2,19.75,19.9,17479,EQ,402.0,43.48,10365.0
2020-10-09,20.15,20.15,19.5,19.6,12164,EQ,449.0,27.09,7276.0
2020-10-12,20.1,20.2,19.05,19.1,22893,EQ,724.0,31.62,11184.0
2020-10-13,19.4,19.4,18.5,18.7,21954,EQ,494.0,44.44,13980.0
2020-10-14,18.45,18.85,18.4,18.65,9429,EQ,433.0,21.78,4926.0
2020-10-15,18.6,18.75,18.0,18.2,23061,EQ,819.0,28.16,6067.0
2020-10-16,18.25,19.05,18.15,18.8,18884,EQ,660.0,28.61,10160.0
2020-10-19,18.95,19.9,18.5,19.6,36122,EQ,1044.0,34.6,23488.0
2020-10-20,19.55,20.55,19.55,20.35,78185,EQ,1571.0,49.77,43020.0
2020-10-21,20.5,20.7,20.0,20.3,27959,EQ,763.0,36.64,16495.0
2020-10-22,20.5,21.6,20.4,21.3,74328,EQ,1932.0,38.47,40257.0
2020-10-23,21.3,24.15,21.1,23.05,218156,EQ,4023.0,54.23,57013.0
2020-10-26,23.25,25.15,22.4,22.8,428845,EQ,6706.0,63.95,94269.0
2020-10-27,22.35,23.2,21.9,22.85,56450,EQ,1845.0,30.6,24906.0
2020-10-28,23.25,23.25,22.4,22.5,35599,EQ,557.0,63.91,27263.0
2020-10-29,22.5,22.8,21.9,22.6,21829,EQ,497.0,43.92,13314.0
2020-10-30,22.8,23.0,22.4,22.9,29690,EQ,453.0,65.54,23423.0
2020-11-02,22.9,23.55,22.5,22.8,9526,EQ,338.0,28.18,6459.0
2020-11-03,23.5,23.5,22.25,22.5,14302,EQ,542.0,26.39,6745.0
2020-11-04,22.6,22.6,22.1,22.2,6684,EQ,335.0,19.95,3868.0
2020-11-05,22.45,23.85,22.3,23.0,42825,EQ,1064.0,40.25,21014.0
2020-11-06,23.0,23.85,23.0,23.5,51599,EQ,761.0,67.8,22760.0
2020-11-09,24.0,24.45,23.1,23.25,81686,EQ,1826.0,44.73,38507.0
2020-11-10,23.1,23.6,22.8,23.0,26032,EQ,648.0,40.17,15725.0
2020-11-11,23.25,24.25,23.2,23.55,60109,EQ,1238.0,48.55,38895.0
2020-11-12,23.4,23.75,22.85,23.05,43034,EQ,978.0,44.0,29146.0
2020-11-13,23.2,24.1,22.85,23.85,54868,EQ,1322.0,41.5,29378.0
2020-11-17,23.95,24.15,23.1,23.5,29676,EQ,914.0,32.47,16680.0
2020-11-18,23.3,24.0,23.1,23.6,26539,EQ,784.0,33.85,12069.0
2020-11-19,23.4,23.55,22.7,23.0,15814,EQ,682.0,23.19,9828.0
2020-11-20,23.25,23.65,22.55,23.1,23621,EQ,863.0,27.37,11517.0
2020-11-23,23.1,23.45,22.8,22.9,17469,EQ,550.0,31.76,8834.0
2020-11-24,23.0,23.6,22.8,22.95,39111,EQ,807.0,48.46,21618.0
2020-11-25,23.25,24.15,23.05,23.7,73231,EQ,1264.0,57.94,52371.0
2020-11-26,23.9,24.45,23.4,23.7,38882,EQ,939.0,41.41,17875.0
2020-11-27,24.2,24.2,23.25,23.4,16016,EQ,484.0,33.09,10902.0
2020-12-01,23.85,23.85,23.25,23.4,15150,EQ,495.0,30.61,7184.0
2020-12-02,24.0,24.75,23.0,24.4,87269,EQ,1445.0,60.39,45970.0
2020-12-03,24.45,25.3,24.3,24.4,42148,EQ,919.0,45.86,23437.0
2020-12-04,24.7,24.85,23.7,24.25,48349,EQ,1146.0,42.19,16253.0
2020-12-07,24.7,25.25,23.7,24.4,48714,EQ,1318.0,36.96,15785.0
2020-12-08,24.75,24.85,24.1,24.55,51572,EQ,1097.0,47.01,23265.0
2020-12-09,24.85,24.9,24.3,24.45,22519,EQ,547.0,41.17,13781.0
2020-12-10,24.85,25.5,23.7,25.3,76418,EQ,1412.0,54.12,40863.0
2020-12-11,25.35,26.4,25.2,25.35,145769,EQ,2479.0,58.8,73975.0
2020-12-14,25.75,29.9,25.2,29.25,461568,EQ,6425.0,71.84,197527.0
2020-12-15,30.1,31.8,29.4,30.2,392235,EQ,10045.0,39.05,148285.0
2020-12-16,30.55,31.0,29.45,29.8,87760,EQ,2611.0,33.61,40006.0
2020-12-17,30.1,30.6,29.0,29.3,65035,EQ,1880.0,34.59,34624.0
2020-12-18,30.1,30.7,27.9,30.35,156458,EQ,3421.0,45.73,63674.0
2020-12-21,33.75,35.2,28.5,30.8,836970,EQ,16551.0,50.57,273141.0
2020-12-22,31.65,34.35,30.5,33.8,612908,EQ,11846.0,51.74,147583.0
2020-12-23,34.0,35.05,32.85,33.2,255571,EQ,6787.0,37.66,86305.0
2020-12-24,33.6,33.95,32.1,32.6,127835,EQ,3596.0,35.55,60921.0
2020-12-28,32.55,37.5,32.25,36.25,558965,EQ,10037.0,55.69,182536.0
2020-12-29,36.2,36.75,34.75,35.0,216080,EQ,6803.0,31.76,87700.0
2020-12-30,35.35,35.35,33.4,33.8,132764,EQ,4287.0,30.97,69278.0
2020-12-31,33.85,36.25,33.6,35.1,208891,EQ,4940.0,42.29,82777.0
2021-01-01,35.2,35.8,34.2,34.35,77219,EQ,2342.0,32.97,38171.0
2021-01-04,34.7,35.55,33.9,34.5,84125,EQ,1991.0,42.25,39128.0
2021-01-05,34.2,35.4,34.0,34.55,80326,EQ,1861.0,43.16,39303.0
2021-01-06,35.05,37.9,34.6,34.95,531358,EQ,8625.0,61.61,175466.0
2021-01-07,35.3,37.4,34.1,35.2,584064,EQ,9276.0,62.97,150115.0
2021-01-08,35.3,36.25,34.3,34.4,189324,EQ,3606.0,52.5,93008.0
2021-01-11,34.9,35.35,34.1,34.3,138906,EQ,2852.0,48.7,78148.0
2021-01-12,34.05,34.5,33.15,33.55,108198,EQ,2602.0,41.58,59790.0
2021-01-13,34.3,34.3,32.3,32.75,89750,EQ,2490.0,36.04,48556.0
2021-01-14,32.9,33.4,31.8,32.2,53615,EQ,1662.0,32.26,27834.0
2021-01-15,32.7,32.7,30.8,31.3,85850,EQ,1783.0,48.15,52537.0
2021-01-18,31.05,31.5,29.45,30.5,123216,EQ,2509.0,49.11,63191.0
2021-01-19,31.2,32.8,31.2,32.55,108357,EQ,2536.0,42.73,46652.0
2021-01-20,32.8,32.8,31.75,31.9,44198,EQ,1726.0,25.61,20276.0
2021-01-21,32.15,32.5,30.9,31.1,56009,EQ,1884.0,29.73,25724.0
2021-01-22,31.05,31.8,30.6,30.95,50747,EQ,2067.0,24.55,23375.0
2021-01-25,31.2,33.8,31.2,33.0,248515,EQ,5210.0,47.7,77449.0
2021-01-27,33.25,33.75,31.9,32.1,89249,EQ,2916.0,30.61,47204.0
2021-01-28,31.8,33.0,31.6,32.8,45247,EQ,1709.0,26.48,18650.0
2021-01-29,33.1,33.1,31.95,32.3,29841,EQ,1307.0,22.83,15781.0
2021-02-01,32.55,35.3,30.75,33.55,167343,EQ,3123.0,53.58,45841.0
2021-02-02,33.9,35.05,33.3,33.7,92759,EQ,2344.0,39.57,42748.0
2021-02-03,33.65,34.2,32.4,33.0,65142,EQ,1692.0,38.5,36288.0
2021-02-04,32.95,34.15,31.9,32.05,180187,EQ,3532.0,51.02,123266.0
2021-02-05,32.1,33.45,32.0,32.8,89043,EQ,2015.0,44.19,39196.0
2021-02-08,33.2,34.05,33.0,33.9,103924,EQ,2097.0,49.56,60801.0
2021-02-09,34.25,34.5,33.3,33.5,48395,EQ,943.0,51.32,24845.0
2021-02-10,33.85,34.0,33.15,33.8,36308,EQ,1087.0,33.4,17861.0
2021-02-11,33.6,35.9,33.35,35.0,300804,EQ,5585.0,53.86,152264.0
2021-02-12,36.0,39.4,36.0,38.0,585830,EQ,12165.0,48.16,272831.0
2021-02-15,39.15,45.6,39.15,45.6,583600,EQ,11311.0,51.6,262065.0
2021-02-16,52.2,53.25,48.1,49.0,1211281,EQ,37878.0,31.98,285985.0
2021-02-17,48.75,50.85,45.9,49.7,245827,EQ,8964.0,27.42,89321.0
2021-02-18,49.8,51.0,48.0,48.6,97872,EQ,3254.0,30.08,55952.0
2021-02-19,48.8,50.25,45.2,46.6,106876,EQ,5357.0,19.95,55695.0
2021-02-22,47.2,48.75,46.5,46.8,61159,EQ,3579.0,17.09,35939.0
2021-02-23,47.4,51.5,46.85,51.5,197150,EQ,4422.0,44.58,116054.0
2021-02-24,53.1,55.5,51.0,52.1,209820,EQ,5355.0,39.18,119215.0
2021-02-25,52.2,53.3,50.7,52.25,104277,EQ,5850.0,17.83,54670.0
2021-02-26,51.6,52.5,48.8,50.75,88457,EQ,4120.0,21.47,43757.0
2021-03-01,51.75,54.15,51.75,52.35,58905,EQ,2135.0,27.59,24111.0
2021-03-02,53.4,53.5,50.8,51.4,52417,EQ,1774.0,29.55,30431.0
2021-03-03,52.35,53.1,51.2,52.4,68023,EQ,2176.0,31.26,33944.0
2021-03-04,52.3,52.3,50.25,51.15,53000,EQ,1837.0,28.85,28441.0
2021-03-05,51.15,52.6,49.9,50.2,44693,EQ,1611.0,27.74,24391.0
2021-03-08,51.55,51.6,49.35,49.6,25010,EQ,916.0,27.3,15313.0
2021-03-09,50.55,50.55,48.3,48.65,25580,EQ,1127.0,22.7,16113.0
2021-03-10,49.8,52.2,48.75,50.2,90701,EQ,3036.0,29.88,29244.0
2021-03-12,50.95,54.45,50.3,50.75,157986,EQ,5559.0,28.42,63516.0
2021-03-15,51.3,52.3,49.1,52.0,107126,EQ,5013.0,21.37,39190.0
2021-03-16,52.05,52.3,50.3,50.65,37812,EQ,1672.0,22.61,20221.0
2021-03-17,51.15,51.2,47.55,48.45,47437,EQ,1899.0,24.98,28805.0
2021-03-18,49.35,50.1,46.55,48.15,57597,EQ,2701.0,21.32,26971.0
2021-03-19,48.15,53.0,44.75,53.0,407784,EQ,8922.0,45.71,133011.0
2021-03-22,53.7,54.3,51.05,51.8,120134,EQ,5312.0,22.62,60885.0
2021-03-23,52.0,52.95,50.55,51.05,46134,EQ,1433.0,32.19,27237.0
2021-03-24,51.5,51.5,48.75,49.0,40755,EQ,1644.0,24.79,22607.0
2021-03-25,49.9,50.85,46.8,50.0,57429,EQ,2440.0,23.54,25719.0
2021-03-26,50.9,52.05,49.55,50.0,37665,EQ,1902.0,19.8,17787.0
2021-03-30,50.25,51.75,50.25,51.15,62329,EQ,2305.0,27.04,23846.0
2021-03-31,51.75,52.45,50.95,51.15,37915,EQ,1211.0,31.31,23346.0
2021-04-01,52.05,52.8,50.8,51.05,25200,EQ,1083.0,23.27,14796.0
2021-04-05,50.4,51.0,48.85,49.25,31890,EQ,1181.0,27.0,21797.0
2021-04-06,49.7,50.85,49.4,49.85,28918,EQ,1059.0,27.31,18119.0
2021-04-07,49.55,50.2,48.8,49.85,49437,EQ,1499.0,32.98,25526.0
2021-04-08,49.95,59.1,49.95,55.35,602314,EQ,16609.0,36.26,196361.0
2021-04-09,55.5,59.05,55.35,56.5,278351,EQ,17862.0,15.58,77456.0
2021-04-12,55.9,55.9,49.5,49.9,173670,EQ,9752.0,17.81,98803.0
2021-04-13,50.6,54.45,50.4,51.5,141123,EQ,7641.0,18.47,38561.0
2021-04-15,51.6,52.95,46.2,50.85,45736,EQ,2133.0,21.44,20916.0
2021-04-16,50.7,54.0,50.7,52.6,165409,EQ,6108.0,27.08,49513.0
2021-04-19,51.0,52.0,50.4,51.05,64782,EQ,4294.0,15.09,33278.0
2021-04-20,51.3,52.35,48.95,50.1,66022,EQ,2042.0,32.33,36774.0
2021-04-22,50.25,53.4,50.25,51.9,126986,EQ,4273.0,29.72,45559.0
2021-04-23,51.8,52.1,50.65,51.0,41483,EQ,1470.0,28.22,22408.0
2021-04-26,51.6,53.25,50.9,52.55,74292,EQ,2157.0,34.44,47095.0
2021-04-27,52.7,55.65,52.7,54.45,293597,EQ,7881.0,37.25,118853.0
2021-04-28,55.2,57.0,54.8,55.15,127009,EQ,8525.0,14.9,62252.0
2021-04-29,56.25,56.55,53.6,54.5,79534,EQ,3073.0,25.88,39577.0
2021-04-30,53.55,55.05,53.3,53.9,73692,EQ,2318.0,31.79,40370.0
2021-05-03,54.3,57.75,54.25,55.95,142737,EQ,4029.0,35.43,78888.0
2021-05-04,56.5,57.7,54.75,55.45,117239,EQ,5326.0,22.01,50874.0
2021-05-05,55.8,56.65,55.7,56.35,42964,EQ,1829.0,23.49,24900.0
2021-05-06,56.7,60.55,55.3,59.4,280884,EQ,7602.0,36.95,123043.0
2021-05-07,60.0,63.25,59.1,60.05,449474,EQ,20403.0,22.03,189656.0
2021-05-10,60.7,61.9,59.85,60.2,112340,EQ,8655.0,12.98,64179.0
2021-05-11,59.55,62.3,59.0,59.9,115820,EQ,5198.0,22.28,55683.0
2021-05-12,59.25,61.7,59.25,59.8,171169,EQ,9160.0,18.69,78904.0
2021-05-14,60.75,61.5,56.3,59.75,159181,EQ,10451.0,15.23,84674.0
2021-05-17,60.2,63.7,60.0,60.8,278746,EQ,14158.0,19.69,128581.0
2021-05-18,61.3,62.7,61.05,61.9,86542,EQ,3692.0,23.44,41505.0
2021-05-19,61.95,62.3,60.0,60.4,88577,EQ,3870.0,22.89,59243.0
2021-05-20,61.05,62.1,60.45,61.3,62517,EQ,3166.0,19.75,32170.0
2021-05-21,61.95,64.8,61.15,63.5,313812,EQ,15521.0,20.22,111842.0
2021-05-24,64.0,66.45,63.9,65.3,191443,EQ,8953.0,21.38,85579.0
2021-05-25,65.7,66.4,62.8,64.15,174948,EQ,8220.0,21.28,94286.0
2021-05-26,61.5,70.2,58.5,65.15,1174732,EQ,42990.0,27.33,273001.0
2021-05-27,65.8,67.5,64.6,65.55,181778,EQ,9308.0,19.53,91564.0
2021-05-28,66.0,66.15,63.15,63.5,97483,EQ,5220.0,18.67,62417.0
2021-05-31,63.9,63.9,61.9,62.4,91068,EQ,5531.0,16.47,52126.0
2021-06-01,62.4,63.5,60.6,61.5,66090,EQ,3598.0,18.37,43067.0
2021-06-02,61.65,62.9,59.4,62.6,59082,EQ,3442.0,17.17,30723.0
2021-06-03,61.65,63.55,61.65,62.35,37487,EQ,2022.0,18.54,21456.0
2021-06-04,62.55,64.2,62.55,62.95,78376,EQ,3589.0,21.84,38525.0
2021-06-07,63.4,65.6,62.25,64.05,169606,EQ,7991.0,21.22,71277.0
2021-06-08,64.45,64.95,62.25,62.6,87535,EQ,3385.0,25.86,55186.0
2021-06-09,63.0,64.15,61.0,61.35,58991,EQ,3336.0,17.68,36718.0
2021-06-10,61.9,62.8,61.5,62.3,45982,EQ,2714.0,16.94,26365.0
2021-06-11,62.8,63.65,62.2,62.3,69287,EQ,3220.0,21.52,46475.0
2021-06-14,62.75,64.05,59.55,63.55,123688,EQ,4515.0,27.39,81781.0
2021-06-15,63.9,66.4,63.7,65.25,122072,EQ,4497.0,27.15,87301.0
2021-06-16,65.55,66.3,64.95,65.3,89663,EQ,4581.0,19.57,61515.0
2021-06-17,63.8,69.5,63.8,66.35,280070,EQ,12731.0,22.0,144830.0
2021-06-18,66.85,68.55,63.8,68.2,141129,EQ,5174.0,27.28,75516.0
2021-06-21,66.3,70.35,66.3,69.2,112639,EQ,5768.0,19.53,72909.0
2021-06-22,70.05,70.95,69.35,70.0,79354,EQ,4703.0,16.87,52145.0
2021-06-23,71.25,71.25,69.75,69.95,73178,EQ,2693.0,27.17,50959.0
2021-06-24,70.95,73.35,70.5,70.7,84502,EQ,4048.0,20.88,46981.0
2021-06-25,71.4,71.85,68.4,68.8,43459,EQ,2383.0,18.24,24170.0
2021-06-28,70.05,71.1,69.0,69.3,100949,EQ,4816.0,20.96,46076.0
2021-06-29,70.1,70.5,66.45,67.65,83492,EQ,4691.0,17.8,46163.0
2021-06-30,68.4,69.3,67.05,67.35,56282,EQ,3205.0,17.56,36457.0
2021-07-01,67.2,68.5,66.15,67.3,42544,EQ,1903.0,22.36,26368.0
2021-07-02,67.5,70.05,67.5,69.05,55293,EQ,3372.0,16.4,37475.0
2021-07-05,69.45,70.25,68.7,69.15,29506,EQ,2100.0,14.05,18431.0
2021-07-06,69.75,80.1,68.3,75.1,713720,EQ,31474.0,22.68,228109.0
2021-07-07,76.3,87.45,75.8,84.7,715956,EQ,27446.0,26.09,249357.0
2021-07-08,85.2,86.6,79.5,81.0,208889,EQ,11597.0,18.01,116894.0
2021-07-09,81.0,85.5,80.55,82.7,202333,EQ,7466.0,27.1,80070.0
2021-07-12,82.7,83.5,80.25,81.1,70930,EQ,4046.0,17.53,41795.0
2021-07-13,81.9,83.25,81.0,81.35,43333,EQ,2247.0,19.28,22868.0
2021-07-14,82.05,86.25,81.3,84.4,194556,EQ,6026.0,32.29,83947.0
2021-07-15,84.7,86.3,83.0,84.1,114499,EQ,3698.0,30.96,60431.0
2021-07-16,84.1,90.75,84.1,89.05,331633,EQ,7077.0,46.86,204601.0
2021-07-19,87.2,92.05,86.7,90.2,231094,EQ,7580.0,30.49,92114.0
2021-07-20,90.0,91.3,85.65,87.1,131116,EQ,5318.0,24.66,70374.0
2021-07-22,90.0,91.65,87.3,88.15,149754,EQ,5639.0,26.56,87971.0
2021-07-23,88.5,88.9,86.25,86.45,57536,EQ,2766.0,20.8,37077.0
2021-07-26,87.6,90.0,87.6,89.6,95292,EQ,5417.0,17.59,63131.0
2021-07-27,90.7,91.0,88.5,89.5,61710,EQ,3364.0,18.34,41278.0
2021-07-28,89.4,90.3,87.4,88.7,44871,EQ,2799.0,16.03,23176.0
2021-07-29,88.8,89.55,88.2,88.7,22418,EQ,1557.0,14.4,12346.0
2021-07-30,88.5,92.55,88.5,89.55,114238,EQ,5773.0,19.79,52881.0
2021-08-02,91.2,92.2,89.25,89.9,69866,EQ,5181.0,13.49,42209.0
2021-08-03,90.15,91.5,89.25,89.4,52916,EQ,2015.0,26.26,33461.0
2021-08-04,90.1,90.5,89.25,90.05,54926,EQ,1940.0,28.31,39099.0
2021-08-05,91.5,95.85,89.55,95.2,187448,EQ,7247.0,25.87,106517.0
2021-08-06,96.0,101.25,94.65,99.35,220467,EQ,11446.0,19.26,81124.0
2021-08-09,103.65,107.85,99.15,105.0,244380,EQ,12242.0,19.96,138559.0
2021-08-10,105.0,107.7,93.75,100.65,472010,EQ,20344.0,23.2,203750.0
2021-08-11,102.15,104.85,96.0,101.95,168394,EQ,10004.0,16.83,78496.0
2021-08-12,103.2,108.75,103.2,104.5,201186,EQ,9855.0,20.41,81309.0
2021-08-13,105.45,111.6,105.15,108.95,212971,EQ,11182.0,19.05,123776.0
2021-08-16,110.25,114.15,108.4,113.5,150784,EQ,7996.0,18.86,70865.0
2021-08-17,114.45,114.45,110.7,113.15,65768,EQ,4340.0,15.15,30843.0
2021-08-18,112.8,118.35,112.75,117.6,124559,EQ,10010.0,12.44,61113.0
2021-08-20,117.6,117.6,109.9,112.4,83149,EQ,6833.0,12.17,44292.0
2021-08-23,112.5,115.5,103.9,105.15,129883,EQ,8578.0,15.14,66157.0
2021-08-24,105.0,105.7,97.5,102.95,161518,EQ,8410.0,19.21,72228.0
2021-08-25,105.0,105.3,100.5,103.45,39851,EQ,2867.0,13.9,20283.0
2021-08-26,103.65,104.25,99.15,100.25,43098,EQ,2954.0,14.59,26169.0
2021-08-27,101.1,102.95,99.45,101.95,38628,EQ,2628.0,14.7,19333.0
2021-08-30,99.95,112.5,99.75,109.9,206254,EQ,12072.0,17.09,68727.0
2021-08-31,113.4,113.4,108.15,108.65,65291,EQ,3855.0,16.94,37129.0
2021-09-01,109.95,109.95,106.95,107.4,45137,EQ,2859.0,15.79,32181.0
2021-09-02,107.75,110.25,107.75,108.7,26926,EQ,1649.0,16.33,15024.0
2021-09-03,109.95,110.4,107.25,107.9,30230,EQ,1980.0,15.27,17362.0
2021-09-06,109.5,112.35,109.0,110.5,44015,EQ,2851.0,15.44,22893.0
2021-09-07,110.5,111.7,109.5,110.7,37577,EQ,1988.0,18.9,25158.0
2021-09-08,111.05,132.85,110.1,128.9,805265,EQ,34094.0,23.62,179754.0
2021-09-09,130.2,142.1,129.0,138.25,630391,EQ,30451.0,20.7,156199.0
2021-09-13,139.65,161.25,139.65,153.1,1184118,EQ,59078.0,20.04,290693.0
2021-09-14,156.25,160.5,150.0,152.75,289527,EQ,21522.0,13.45,119850.0
2021-09-15,152.7,152.75,145.7,147.15,169115,EQ,15187.0,11.14,86801.0
2021-09-16,147.8,152.1,141.5,143.85,106949,EQ,8774.0,12.19,52447.0
2021-09-17,144.7,145.1,133.9,135.8,152236,EQ,15068.0,10.1,89887.0
2021-09-20,135.0,140.75,130.0,134.9,151996,EQ,12630.0,12.03,54235.0
2021-09-21,135.8,148.35,132.0,146.85,415413,EQ,27326.0,15.2,114907.0
2021-09-22,147.0,149.25,142.0,144.05,199814,EQ,13777.0,14.5,65423.0
2021-09-23,145.75,146.95,141.0,141.85,73739,EQ,6592.0,11.19,40323.0
2021-09-24,143.05,143.7,137.0,138.6,74976,EQ,6808.0,11.01,35379.0
2021-09-27,140.05,143.25,136.95,140.75,69559,EQ,7194.0,9.67,22305.0
2021-09-28,141.95,145.5,138.3,140.2,55357,EQ,5504.0,10.06,19551.0
2021-09-29,139.5,140.55,138.0,139.15,26300,EQ,2986.0,8.81,13025.0
2021-09-30,139.8,144.75,139.2,139.75,52748,EQ,7007.0,7.53,19351.0
2021-10-01,139.75,140.95,138.0,138.8,35806,EQ,3888.0,9.21,17260.0
2021-10-04,139.5,143.25,139.1,140.25,105319,EQ,6530.0,16.13,27462.0
2021-10-05,140.8,146.85,140.6,144.7,193122,EQ,17156.0,11.26,63331.0
2021-10-06,145.45,146.95,140.25,140.95,92630,EQ,9608.0,9.64,36337.0
2021-10-07,142.75,149.85,141.9,144.6,206848,EQ,13533.0,15.28,52017.0
2021-10-08,146.85,150.0,143.1,147.35,184443,EQ,11987.0,15.39,53255.0
2021-10-11,148.8,149.2,143.7,144.1,145491,EQ,8544.0,17.03,41425.0
2021-10-12,144.45,145.5,140.4,140.8,99785,EQ,5795.0,17.22,36992.0
2021-10-13,142.0,143.8,141.0,141.25,45889,EQ,3808.0,12.05,24667.0
2021-10-14,141.9,146.25,141.15,143.8,88721,EQ,8040.0,11.03,42850.0
2021-10-18,147.0,149.85,144.0,144.7,138438,EQ,10555.0,13.12,60266.0
2021-10-19,146.85,147.7,142.5,143.8,93327,EQ,7277.0,12.82,48067.0
2021-10-20,144.05,145.45,135.9,139.3,95598,EQ,9351.0,10.22,43487.0
2021-10-21,139.5,143.4,138.05,141.75,85743,EQ,7430.0,11.54,26067.0
2021-10-22,143.0,146.1,139.9,143.35,75868,EQ,7289.0,10.41,37910.0
2021-10-25,144.05,145.5,136.5,142.0,75874,EQ,8267.0,9.18,39034.0
2021-10-26,139.5,148.5,138.65,146.95,89216,EQ,6486.0,13.76,50383.0
2021-10-27,149.85,168.6,149.85,164.5,732793,EQ,62759.0,11.68,193461.0
2021-10-28,168.3,172.35,151.7,154.3,287930,EQ,25524.0,11.28,105550.0
2021-10-29,152.25,152.25,140.45,147.1,180323,EQ,16410.0,10.99,44921.0
2021-11-01,148.5,152.55,143.55,144.45,70801,EQ,7251.0,9.76,31682.0
2021-11-02,145.2,153.6,144.55,151.55,112365,EQ,9274.0,12.12,40952.0
2021-11-03,154.3,156.15,150.8,154.6,132774,EQ,11051.0,12.01,45871.0
2021-11-04,155.55,155.9,153.8,154.65,25307,EQ,11051.0,2.29,45871.0
2021-11-08,154.35,162.65,142.55,144.75,305313,EQ,28699.0,10.64,99605.0
2021-11-09,144.9,146.9,141.75,142.7,127219,EQ,9777.0,13.01,50858.0
2021-11-10,142.65,144.0,135.95,137.9,224881,EQ,12577.0,17.88,66543.0
2021-11-11,139.5,140.1,135.95,137.05,80454,EQ,6427.0,12.52,32002.0
2021-11-12,139.5,139.5,135.0,135.6,151672,EQ,13051.0,11.62,51397.0
2021-11-15,138.0,138.0,135.15,135.7,64493,EQ,6519.0,9.89,23016.0
2021-11-16,136.9,141.75,136.5,139.8,115065,EQ,11453.0,10.05,41158.0
2021-11-17,141.15,143.25,139.2,140.4,92125,EQ,8803.0,10.47,29595.0
2021-11-18,140.4,141.1,135.75,136.7,69349,EQ,8331.0,8.32,27063.0
2021-11-22,137.4,139.45,124.5,126.9,100587,EQ,10556.0,9.53,44091.0
2021-11-23,126.9,134.5,126.0,133.4,91650,EQ,9499.0,9.65,26623.0
2021-11-24,134.35,138.45,133.65,136.0,47856,EQ,4859.0,9.85,18077.0
2021-11-25,135.1,136.75,133.75,134.8,29300,EQ,3038.0,9.64,12645.0
2021-11-26,133.5,136.2,130.2,130.75,59769,EQ,7257.0,8.24,21741.0
2021-11-29,129.0,129.0,113.7,120.4,93871,EQ,11086.0,8.47,36751.0
2021-11-30,120.3,127.2,120.0,120.2,77241,EQ,11834.0,6.53,27443.0
2021-12-01,121.45,123.3,120.1,121.25,36757,EQ,3607.0,10.19,13166.0
2021-12-02,121.8,124.5,120.65,122.95,44091,EQ,4838.0,9.11,16233.0
2021-12-03,123.0,131.5,123.0,127.8,107713,EQ,10026.0,10.74,28676.0
2021-12-06,128.8,131.95,123.4,126.25,46273,EQ,3938.0,11.75,19799.0
2021-12-07,126.3,127.3,123.95,125.4,36850,EQ,3915.0,9.41,15492.0
2021-12-08,126.75,131.2,125.0,129.4,46578,EQ,4173.0,11.16,21085.0
2021-12-09,129.75,130.9,126.7,127.0,30995,EQ,3540.0,8.76,14274.0
2021-12-10,126.75,128.0,126.0,127.1,23008,EQ,2411.0,9.54,10301.0
2021-12-13,127.75,130.3,126.15,126.5,25679,EQ,3012.0,8.53,10106.0
2021-12-14,126.0,128.0,125.15,126.2,21803,EQ,2303.0,9.47,9009.0
2021-12-15,126.4,127.15,123.5,124.35,27926,EQ,3176.0,8.79,11865.0
2021-12-16,124.5,125.65,120.65,121.4,35152,EQ,3993.0,8.8,19565.0
2021-12-17,123.0,127.95,117.4,121.05,136872,EQ,12262.0,11.16,30020.0
2021-12-20,118.95,121.5,113.4,116.75,109352,EQ,10407.0,10.51,28463.0
2021-12-21,117.1,122.3,117.1,118.95,35922,EQ,3792.0,9.47,13391.0
2021-12-22,121.35,121.35,117.75,118.05,25058,EQ,2996.0,8.36,12803.0
2021-12-23,119.1,122.05,118.5,119.0,34700,EQ,3396.0,10.22,11758.0
2021-12-24,118.9,120.0,115.9,117.5,24091,EQ,2289.0,10.52,13005.0
2021-12-27,117.0,117.5,113.7,114.7,36957,EQ,3553.0,10.4,18151.0
2021-12-28,115.65,125.05,115.45,121.6,63334,EQ,5201.0,12.18,26110.0
2021-12-29,121.6,124.1,120.2,122.15,22415,EQ,2425.0,9.24,9567.0
2021-12-30,121.5,123.15,121.2,121.75,43044,EQ,1976.0,21.78,34089.0
2021-12-31,121.5,124.65,121.5,124.3,27666,EQ,2570.0,10.76,15322.0
2022-01-03,125.25,133.35,125.25,132.45,169944,EQ,12285.0,13.83,76553.0
2022-01-04,133.9,136.5,132.0,133.35,83202,EQ,7840.0,10.61,39885.0
2022-01-05,133.3,133.3,130.5,131.65,44258,EQ,4620.0,9.58,23600.0
2022-01-06,132.45,140.85,129.45,137.4,119048,EQ,9165.0,12.99,50900.0
2022-01-07,138.6,140.0,136.05,136.8,47759,EQ,5531.0,8.63,27445.0
2022-01-10,138.0,138.0,135.0,135.25,34158,EQ,3752.0,9.1,17929.0
2022-01-11,135.25,139.4,134.85,135.4,42861,EQ,4062.0,10.55,18713.0
2022-01-12,135.9,156.3,135.9,150.8,585806,EQ,41167.0,14.23,183876.0
2022-01-13,152.25,155.7,144.6,146.3,244059,EQ,20335.0,12.0,115538.0
2022-01-14,147.0,153.0,146.8,148.65,102368,EQ,10659.0,9.6,45460.0
2022-01-17,149.75,155.25,149.75,152.2,103634,EQ,8597.0,12.05,54041.0
2022-01-18,152.95,153.9,146.25,147.7,48681,EQ,5443.0,8.94,25262.0
2022-01-19,148.2,149.0,145.2,147.7,34694,EQ,4518.0,7.68,12501.0
2022-01-20,147.7,149.85,145.3,147.4,58907,EQ,4784.0,12.31,38610.0
2022-01-21,147.1,151.5,146.25,149.0,61054,EQ,5456.0,11.19,28330.0
2022-01-24,149.3,150.05,133.7,136.6,148035,EQ,13824.0,10.71,58148.0
2022-01-25,133.5,137.9,126.2,135.5,103985,EQ,11366.0,9.15,39843.0
2022-01-27,133.5,137.0,130.65,134.0,34852,EQ,3389.0,10.28,16472.0
2022-01-28,134.85,140.6,132.75,133.8,39297,EQ,4044.0,9.72,18196.0
2022-01-31,137.85,138.8,133.8,134.7,32871,EQ,3064.0,10.73,14666.0
2022-02-01,136.35,140.25,134.8,138.15,58230,EQ,4622.0,12.6,21506.0
2022-02-02,139.5,149.0,138.85,147.55,102800,EQ,8095.0,12.7,51093.0
2022-02-03,148.8,150.9,145.5,147.1,70143,EQ,6222.0,11.27,35981.0
2022-02-04,146.4,150.6,146.4,148.75,50637,EQ,5469.0,9.26,19035.0
2022-02-07,148.65,149.25,142.55,145.4,31765,EQ,2658.0,11.95,15182.0
2022-02-08,146.7,149.85,135.05,137.95,179399,EQ,18932.0,9.48,56391.0
2022-02-09,141.15,144.6,135.1,135.8,111294,EQ,11797.0,9.43,42599.0
2022-02-10,136.65,137.75,131.25,132.2,89755,EQ,7546.0,11.89,48998.0
2022-02-11,131.1,131.25,123.0,123.5,121485,EQ,10050.0,12.09,66609.0
2022-02-14,123.5,125.95,117.0,119.6,119097,EQ,11745.0,10.14,32003.0
2022-02-15,120.2,123.5,117.2,122.15,99323,EQ,8483.0,11.71,35344.0
2022-02-16,125.9,132.9,124.95,129.8,129786,EQ,10262.0,12.65,39455.0
2022-02-17,130.5,134.25,127.5,128.6,72107,EQ,7571.0,9.52,25428.0
2022-02-18,128.85,129.1,121.8,123.3,49365,EQ,5453.0,9.05,19695.0
2022-02-21,123.0,123.0,117.4,117.95,88007,EQ,7798.0,11.29,39086.0
2022-02-22,116.25,117.0,112.85,113.75,70224,EQ,6767.0,10.38,29039.0
2022-02-23,114.3,119.25,114.15,116.2,48171,EQ,4776.0,10.09,15854.0
2022-02-24,113.55,114.75,102.1,104.65,134771,EQ,11666.0,11.55,58185.0
2022-02-25,108.0,115.35,106.8,113.5,94390,EQ,6201.0,15.22,35028.0
2022-02-28,112.35,112.9,106.65,110.35,77482,EQ,6028.0,12.85,34529.0
2022-03-02,109.5,112.2,106.8,107.9,99610,EQ,7705.0,12.93,31934.0
2022-03-03,110.05,116.4,110.05,112.45,101804,EQ,6787.0,15.0,26253.0
2022-03-04,112.5,115.5,111.75,112.95,106340,EQ,6427.0,16.55,34198.0
2022-03-07,112.4,112.7,108.15,109.55,62897,EQ,,,
2022-03-08,110.05,112.35,109.65,110.9,28872,EQ,1990.0,14.51,11347.0
2022-03-09,113.25,115.05,111.6,112.9,97592,EQ,6047.0,16.14,22679.0
2022-03-10,114.6,117.35,113.25,113.95,72915,EQ,5912.0,12.33,23630.0
2022-03-11,113.95,117.7,112.7,115.6,64533,EQ,4502.0,14.33,24876.0
2022-03-14,116.4,121.5,114.85,120.5,78195,EQ,5715.0,13.68,25753.0
2022-03-15,121.2,123.05,115.85,116.25,71804,EQ,6257.0,11.48,27965.0
2022-03-16,118.5,121.6,117.0,117.7,45922,EQ,3655.0,12.56,16837.0
2022-03-17,123.0,123.6,119.25,120.35,73162,EQ,4927.0,14.85,34992.0
2022-03-21,123.0,126.65,121.5,122.3,71465,EQ,5826.0,12.27,27887.0
2022-03-22,123.6,123.6,120.2,121.55,38356,EQ,2822.0,13.59,17280.0
2022-03-23,123.6,124.0,119.7,120.25,47267,EQ,3631.0,13.02,23264.0
2022-03-24,120.75,122.0,106.8,114.0,111689,EQ,6594.0,16.94,44053.0
2022-03-25,118.45,119.8,115.2,118.6,92129,EQ,6156.0,14.97,43013.0
2022-03-28,119.9,134.9,119.3,130.3,820215,EQ,16018.0,51.21,262563.0
2022-03-29,131.6,131.85,123.75,125.95,415519,EQ,9899.0,41.98,135473.0
2022-03-30,125.95,125.95,117.2,119.5,321983,EQ,7055.0,45.64,173459.0
2022-03-31,120.0,120.1,112.5,113.35,489755,EQ,9234.0,53.04,257342.0
2022-04-01,112.9,124.4,112.9,120.0,571438,EQ,10874.0,52.55,204350.0
2022-04-04,121.15,125.8,120.15,121.6,340139,EQ,7428.0,45.79,156420.0
2022-04-05,123.0,123.4,120.0,120.75,219577,EQ,4969.0,44.19,99958.0
2022-04-06,120.7,121.7,119.1,119.75,175970,EQ,3859.0,45.6,102244.0
2022-04-07,121.2,122.8,117.75,118.25,227778,EQ,4487.0,50.76,116208.0
2022-04-08,120.0,120.5,114.75,118.1,213031,EQ,4177.0,51.0,101863.0
2022-04-11,118.15,119.9,117.75,118.05,187608,EQ,5135.0,36.54,91202.0
2022-04-12,117.8,118.75,114.75,115.3,139267,EQ,3565.0,39.07,84728.0
2022-04-13,115.9,117.4,113.9,114.65,127559,EQ,2812.0,45.36,60036.0
2022-04-18,116.95,116.95,113.3,114.1,193035,EQ,5042.0,38.29,80686.0
2022-04-19,114.7,115.45,110.6,111.55,214396,EQ,5780.0,37.09,90135.0
2022-04-20,113.15,114.25,108.85,111.3,178387,EQ,5151.0,34.63,82207.0
2022-04-21,112.25,115.25,111.5,114.1,181480,EQ,4646.0,39.06,65439.0
2022-04-22,112.65,115.1,111.75,113.45,133590,EQ,4343.0,30.76,67055.0
2022-04-25,112.2,116.25,111.4,114.35,173275,EQ,5153.0,33.63,84181.0
2022-04-26,115.5,116.05,111.0,111.8,220211,EQ,4856.0,45.35,74623.0
2022-04-27,111.45,114.75,111.45,113.3,195428,EQ,6150.0,31.78,76269.0
2022-04-28,113.3,114.7,111.4,112.3,145433,EQ,4130.0,35.21,67755.0
2022-04-29,112.4,113.5,111.15,111.9,69244,EQ,2435.0,28.44,38953.0
2022-05-02,111.15,113.0,107.05,109.1,103413,EQ,3679.0,28.11,48016.0
2022-05-04,109.1,114.7,108.8,112.3,362763,EQ,9788.0,37.06,96818.0
2022-05-05,113.7,123.5,113.6,119.25,829043,EQ,15681.0,52.87,336518.0
2022-05-06,116.9,117.4,112.7,114.45,232499,EQ,5691.0,40.85,105328.0
2022-05-09,112.5,113.1,108.8,109.85,129343,EQ,3528.0,36.66,51984.0
2022-05-10,109.85,111.6,105.75,106.7,134758,EQ,4406.0,30.59,54310.0
2022-05-12,100.4,100.4,95.25,96.5,142724,EQ,3565.0,40.03,82815.0
2022-05-13,100.45,104.85,98.35,99.9,165208,EQ,3788.0,43.61,63956.0
2022-05-16,101.85,103.1,97.6,99.15,150240,EQ,3486.0,43.1,64367.0
2022-05-17,99.2,102.15,99.2,100.45,113875,EQ,2318.0,49.13,69679.0
2022-05-18,101.25,113.6,101.25,111.5,319188,EQ,6256.0,51.02,105167.0
2022-05-19,109.5,116.9,102.75,113.3,495938,EQ,10123.0,48.99,148842.0
2022-05-20,114.0,120.4,111.15,114.8,627414,EQ,13785.0,45.51,131696.0
2022-05-23,114.0,114.55,105.75,106.9,231096,EQ,5909.0,39.11,107456.0
2022-05-24,106.95,108.4,102.1,102.95,178756,EQ,4961.0,36.03,98322.0
2022-05-25,104.25,104.95,96.4,100.0,178260,EQ,4346.0,41.02,95516.0
2022-05-26,99.0,99.8,96.05,97.7,250070,EQ,6121.0,40.85,105000.0
2022-05-27,101.25,105.0,99.2,102.75,185853,EQ,3943.0,47.13,64557.0
2022-05-30,103.75,107.9,102.75,105.45,103806,EQ,2036.0,50.99,39887.0
2022-05-31,106.35,106.4,103.4,103.8,78153,EQ,2118.0,36.9,41402.0
2022-06-01,104.35,106.5,103.15,103.8,64574,EQ,1439.0,44.87,35739.0
2022-06-02,104.9,106.0,103.5,104.1,67228,EQ,1513.0,44.43,36677.0
2022-06-03,105.1,105.75,102.75,103.25,65950,EQ,1653.0,39.9,30016.0
2022-06-06,104.9,105.75,101.6,103.9,75552,EQ,2044.0,36.96,32938.0
2022-06-07,102.8,104.25,101.35,102.05,46238,EQ,1378.0,33.55,30012.0
2022-06-08,102.85,103.9,101.3,101.95,48026,EQ,1557.0,30.85,19326.0
2022-06-09,102.0,105.0,101.25,104.3,64457,EQ,1781.0,36.19,36110.0
2022-06-10,104.25,104.65,102.1,103.4,34359,EQ,1212.0,28.35,19055.0
2022-06-13,101.25,103.4,97.55,97.95,132745,EQ,3993.0,33.24,80112.0
2022-06-14,96.0,99.75,96.0,96.8,83639,EQ,2543.0,32.89,38892.0
2022-06-15,98.65,100.45,96.85,98.8,56878,EQ,1966.0,28.93,36939.0
2022-06-16,99.75,101.05,95.4,96.25,65913,EQ,2200.0,29.96,39928.0
2022-06-17,95.3,98.2,93.0,94.6,84998,EQ,2754.0,30.86,46235.0
2022-06-20,95.2,97.5,87.8,90.1,166824,EQ,3773.0,44.22,93597.0
2022-06-21,90.15,95.95,90.15,95.3,50760,EQ,1995.0,25.44,22051.0
2022-06-22,95.75,96.4,93.0,93.85,31035,EQ,1264.0,24.55,17081.0
2022-06-23,93.8,100.95,93.8,98.05,119510,EQ,3234.0,36.95,50723.0
2022-06-24,101.25,102.0,98.55,99.95,53141,EQ,1532.0,34.69,27396.0
2022-06-27,100.6,107.9,100.6,107.05,256954,EQ,4511.0,56.96,134919.0
2022-06-28,107.85,107.9,103.95,105.15,91471,EQ,2445.0,37.41,42841.0
2022-06-29,103.6,108.55,102.15,104.75,85072,EQ,2614.0,32.54,37493.0
2022-06-30,104.75,107.25,103.5,103.9,49888,EQ,1620.0,30.8,22693.0
2022-07-01,105.5,105.5,103.25,104.0,47990,EQ,1442.0,33.28,17525.0
2022-07-04,105.4,107.5,102.9,103.9,74766,EQ,2922.0,25.59,31055.0
2022-07-05,104.0,106.5,102.75,104.7,93702,EQ,2452.0,38.21,41771.0
2022-07-06,103.7,106.0,102.8,104.25,46822,EQ,1779.0,26.32,24111.0
2022-07-07,106.25,114.7,104.65,113.6,785923,EQ,13063.0,60.16,325148.0
2022-07-08,114.8,115.1,111.75,112.4,191873,EQ,3060.0,62.7,103483.0
2022-07-11,112.9,114.4,111.0,113.4,126557,EQ,1903.0,66.5,83779.0
2022-07-12,114.2,114.75,112.4,112.7,82131,EQ,1635.0,50.23,48970.0
2022-07-13,114.0,116.9,113.2,113.75,143512,EQ,2978.0,48.19,66439.0
2022-07-14,113.25,114.75,112.2,113.6,167024,EQ,1948.0,85.74,108162.0
2022-07-15,114.1,114.7,112.4,113.2,97718,EQ,1339.0,72.98,68922.0
2022-07-18,114.3,116.25,112.95,113.5,108073,EQ,2227.0,48.53,57288.0
2022-07-19,115.05,119.95,113.5,116.5,284617,EQ,5675.0,50.15,113626.0
2022-07-20,117.3,118.4,114.8,115.25,113724,EQ,2454.0,46.34,75392.0
2022-07-21,114.75,116.15,112.4,112.9,77900,EQ,1864.0,41.79,48741.0
2022-07-22,112.9,114.0,112.2,112.5,115873,EQ,1671.0,69.34,79331.0
2022-07-25,113.6,114.5,112.4,112.6,91651,EQ,2166.0,42.31,48424.0
2022-07-26,113.0,113.5,112.4,112.5,68932,EQ,1033.0,66.73,48874.0
2022-07-27,112.55,113.15,112.4,112.5,39652,EQ,827.0,47.95,26520.0
2022-07-28,113.8,113.8,112.35,112.5,66311,EQ,962.0,68.93,42846.0
2022-07-29,112.9,115.2,112.5,112.8,57317,EQ,1603.0,35.76,35188.0
2022-08-01,113.4,115.5,112.7,113.35,105033,EQ,2178.0,48.22,53808.0
2022-08-02,113.9,115.4,113.3,114.2,94130,EQ,2121.0,44.38,52325.0
2022-08-03,115.05,115.05,112.7,114.15,66030,EQ,1490.0,44.32,39906.0
2022-08-04,115.4,119.25,114.4,115.25,230826,EQ,4740.0,48.7,102010.0
2022-08-05,114.75,116.9,113.3,113.95,91030,EQ,2371.0,38.39,50289.0
2022-08-08,115.0,115.1,113.25,113.6,108616,EQ,,,
2022-08-10,108.8,109.9,102.95,104.1,386534,EQ,9858.0,39.21,250189.0
2022-08-11,106.8,107.75,102.7,103.8,206454,EQ,6142.0,33.61,115867.0
2022-08-12,104.2,105.7,103.1,103.65,111811,EQ,3238.0,34.53,65649.0
2022-08-16,105.7,106.5,103.5,103.95,94375,EQ,3338.0,28.27,54706.0
2022-08-17,104.9,108.45,104.2,106.6,133370,EQ,4030.0,33.09,70030.0
2022-08-18,107.2,107.4,103.5,105.65,153271,EQ,4329.0,35.41,78049.0
2022-08-19,106.0,109.5,104.6,105.5,126418,EQ,3168.0,39.9,74456.0
2022-08-22,106.05,106.9,102.85,103.9,134516,EQ,3977.0,33.82,70379.0
2022-08-23,102.1,105.5,101.5,104.5,215837,EQ,8311.0,25.97,100971.0
2022-08-24,104.5,106.9,104.5,105.1,113501,EQ,3302.0,34.37,67421.0
2022-08-25,106.05,107.2,105.3,105.9,111716,EQ,1960.0,57.0,59682.0
2022-08-26,107.25,110.9,106.8,108.4,178991,EQ,3130.0,57.19,100982.0
2022-08-29,106.5,107.2,104.25,104.85,180595,EQ,3227.0,55.96,101078.0
2022-08-30,105.1,110.5,105.1,108.5,171988,EQ,2551.0,67.42,106891.0
2022-09-01,107.85,110.15,106.4,108.6,192764,EQ,3703.0,52.06,105945.0
2022-09-02,108.6,110.25,105.1,105.75,148191,EQ,3486.0,42.51,76836.0
2022-09-05,105.05,107.3,103.95,104.5,188175,EQ,3303.0,56.97,119619.0
2022-09-06,105.6,105.75,103.5,104.3,111776,EQ,2812.0,39.75,64125.0
2022-09-07,105.4,106.1,104.35,105.4,100637,EQ,2401.0,41.91,53465.0
2022-09-08,106.3,107.6,105.15,106.15,87406,EQ,1726.0,50.64,52229.0
2022-09-09,106.15,107.25,104.25,104.75,129292,EQ,3286.0,39.35,74400.0
2022-09-12,106.3,107.75,105.0,105.4,134629,EQ,2442.0,55.13,80610.0
2022-09-13,106.3,107.15,105.7,106.6,96700,EQ,1509.0,64.08,59942.0
2022-09-14,104.6,106.85,104.6,105.4,90639,EQ,1676.0,54.08,60308.0
2022-09-15,105.4,106.35,105.0,105.15,70109,EQ,1265.0,55.42,36970.0
2022-09-16,105.15,106.0,101.6,102.7,171848,EQ,5977.0,28.75,107029.0
2022-09-19,102.7,104.85,100.3,101.15,125656,EQ,4857.0,25.87,74682.0
2022-09-20,102.1,104.9,101.3,102.15,67567,EQ,2718.0,24.86,30858.0
2022-09-21,102.4,104.0,101.25,101.75,83041,EQ,2974.0,27.92,40892.0
2022-09-22,101.3,102.9,101.3,102.25,58618,EQ,2286.0,25.64,32156.0
2022-09-23,102.4,103.45,100.9,101.3,61375,EQ,2667.0,23.01,33936.0
2022-09-26,99.25,100.7,91.75,94.25,210921,EQ,7229.0,29.18,131819.0
2022-09-27,95.25,96.5,93.75,94.7,71427,EQ,2645.0,27.0,39422.0
2022-09-28,94.9,96.9,93.85,94.4,110354,EQ,2688.0,41.05,52305.0
2022-09-29,94.15,96.3,93.4,93.85,55678,EQ,1587.0,35.08,32277.0
2022-09-30,95.3,95.3,92.6,93.0,104235,EQ,2541.0,41.02,62540.0
2022-10-03,93.95,94.9,92.1,92.4,61287,EQ,1898.0,32.29,41679.0
2022-10-04,94.15,95.15,92.6,93.1,63586,EQ,1624.0,39.15,34043.0
2022-10-06,93.6,100.5,93.6,98.2,247110,EQ,4383.0,56.38,102231.0
2022-10-07,98.2,101.95,96.85,98.65,169977,EQ,2763.0,61.52,61706.0
2022-10-10,97.9,99.35,96.1,97.0,72430,EQ,2133.0,33.96,37051.0
2022-10-11,97.75,97.75,95.25,96.1,55292,EQ,1636.0,33.8,34221.0
2022-10-12,96.4,98.2,94.05,94.55,70604,EQ,1743.0,40.51,38272.0
2022-10-13,95.85,95.95,93.75,94.2,52849,EQ,1599.0,33.05,30406.0
2022-10-14,95.7,95.7,93.1,93.5,91210,EQ,1727.0,52.81,49499.0
2022-10-17,94.45,101.95,93.0,93.7,110021,EQ,2066.0,53.25,62327.0
2022-10-18,95.6,95.6,93.4,93.9,80508,EQ,1344.0,59.9,50734.0
2022-10-19,94.1,99.8,93.25,95.8,201093,EQ,2949.0,68.19,89282.0
2022-10-20,95.3,97.5,93.8,94.2,83586,EQ,1667.0,50.14,41563.0
2022-10-21,94.5,95.0,91.85,92.05,126917,EQ,2383.0,53.26,76381.0
2022-10-24,92.4,94.45,92.35,93.8,41088,EQ,1204.0,34.13,32637.0
2022-10-25,94.0,94.5,90.8,91.7,71422,EQ,2026.0,35.25,41869.0
2022-10-27,92.15,93.6,91.5,91.9,56270,EQ,1653.0,34.04,33328.0
2022-10-28,92.2,98.25,91.45,96.7,431354,EQ,4994.0,86.37,192366.0
2022-10-31,98.2,98.2,93.8,94.25,71978,EQ,2156.0,33.38,44370.0
2022-11-01,95.25,95.25,92.8,93.0,101772,EQ,2139.0,47.58,70674.0
2022-11-02,93.0,108.3,92.25,104.45,2318508,EQ,26344.0,88.01,509709.0
2022-11-03,103.8,108.75,102.25,107.0,538192,EQ,7922.0,67.94,154510.0
2022-11-04,107.05,107.85,103.6,104.2,145691,EQ,3323.0,43.84,73320.0
2022-11-07,105.35,106.25,103.5,104.2,117773,EQ,2339.0,50.35,62295.0
2022-11-09,105.0,105.35,100.6,101.9,168130,EQ,2856.0,58.87,93163.0
2022-11-10,102.65,102.7,99.2,100.95,85049,EQ,2590.0,32.84,46117.0
2022-11-11,102.45,105.2,93.95,96.4,511753,EQ,10207.0,50.14,211783.0
2022-11-14,96.75,98.9,95.95,96.85,103992,EQ,2437.0,42.67,56220.0
2022-11-15,97.5,98.0,95.3,95.8,73268,EQ,2437.0,30.06,56220.0
2022-11-16,96.45,98.35,95.25,97.5,186494,EQ,2719.0,68.59,97064.0
2022-11-17,97.85,97.85,95.6,95.95,69957,EQ,1187.0,58.94,43572.0
2022-11-18,96.05,97.45,94.8,96.25,141558,EQ,1960.0,72.22,91370.0
2022-11-21,96.25,97.1,93.75,94.3,81814,EQ,2008.0,40.74,51078.0
2022-11-22,93.9,95.9,90.8,92.5,180428,EQ,2937.0,61.43,108111.0
2022-11-23,92.5,93.8,91.5,92.25,116151,EQ,2586.0,44.92,67554.0
2022-11-24,92.5,94.3,92.4,93.35,77343,EQ,1481.0,52.22,36836.0
2022-11-25,94.5,94.5,92.75,93.55,62258,EQ,1319.0,47.2,37821.0
2022-11-28,93.7,95.05,92.6,92.95,99160,EQ,1711.0,57.95,57715.0
2022-11-29,93.7,98.2,93.0,97.4,420267,EQ,5208.0,80.7,181673.0
2022-11-30,98.1,106.65,97.7,101.6,1396185,EQ,15740.0,88.7,485533.0
2022-12-01,102.2,105.45,101.6,102.65,252910,EQ,4312.0,58.65,132978.0
2022-12-02,102.8,109.4,102.75,107.0,714771,EQ,8782.0,81.39,304121.0
2022-12-05,108.0,110.85,107.0,108.0,352750,EQ,4465.0,79.0,194899.0
2022-12-06,108.5,108.7,104.3,104.6,158421,EQ,3126.0,50.68,93695.0
2022-12-07,104.6,108.5,104.5,106.6,231975,EQ,4464.0,51.97,102639.0
2022-12-08,107.25,107.95,105.05,105.55,93047,EQ,2066.0,45.04,48506.0
2022-12-09,105.8,106.4,101.25,101.75,146990,EQ,3499.0,42.01,87417.0
2022-12-12,101.85,104.3,100.95,102.05,110901,EQ,2944.0,37.67,46078.0
2022-12-13,103.35,104.25,100.8,101.3,113297,EQ,2931.0,38.65,61756.0
2022-12-14,102.15,102.5,100.65,101.3,105541,EQ,1964.0,53.74,63520.0
2022-12-15,102.25,103.65,100.0,101.2,132059,EQ,2314.0,57.07,73580.0
2022-12-16,100.1,102.45,99.4,100.0,91469,EQ,2093.0,43.7,44513.0
2022-12-19,100.0,102.3,100.0,101.0,77073,EQ,1861.0,41.41,36382.0
2022-12-20,101.0,101.5,97.6,98.5,98175,EQ,2317.0,42.37,49929.0
2022-12-21,99.2,103.15,94.8,96.15,171624,EQ,4385.0,39.14,82503.0
2022-12-22,96.05,98.05,93.0,94.7,137322,EQ,3986.0,34.45,69093.0
2022-12-23,94.7,95.6,91.3,92.3,178187,EQ,5461.0,32.63,95564.0
2022-12-26,94.05,95.7,92.3,92.7,225425,EQ,5239.0,43.03,142243.0
2022-12-27,94.3,101.25,94.1,98.15,334700,EQ,7047.0,47.5,107788.0
2022-12-28,97.5,99.0,96.25,96.5,88877,EQ,2621.0,33.91,39404.0
2022-12-29,96.5,104.25,96.0,102.85,592971,EQ,8157.0,72.69,194818.0
2022-12-30,103.5,104.85,100.5,101.3,137460,EQ,3274.0,41.99,66777.0
2023-01-02,101.9,103.4,100.35,101.9,108390,EQ,2079.0,52.14,50976.0
2023-01-03,102.85,102.85,100.05,100.7,85088,EQ,1971.0,43.17,45014.0
2023-01-04,100.9,102.7,99.35,100.3,112251,EQ,2318.0,48.43,61251.0
2023-01-05,101.2,101.75,99.0,99.7,63047,EQ,1628.0,38.73,33965.0
2023-01-06,100.45,101.95,98.5,99.1,84872,EQ,2480.0,34.22,42660.0
2023-01-09,101.1,101.75,98.7,98.95,69451,EQ,1567.0,44.32,40899.0
2023-01-10,98.95,110.0,95.85,104.15,1407123,EQ,20723.0,67.9,495523.0
2023-01-11,106.8,109.7,104.3,108.4,1308234,EQ,19532.0,66.98,603987.0
2023-01-12,110.25,125.9,109.8,123.4,7517489,EQ,66784.0,112.56,1195198.0
2023-01-13,122.9,130.4,121.7,124.2,3456019,EQ,30822.0,112.13,649784.0
2023-01-16,123.75,125.3,119.4,124.35,1167195,EQ,13626.0,85.66,339066.0
2023-01-17,124.5,125.45,120.75,121.7,379428,EQ,5272.0,71.97,153466.0
2023-01-18,122.65,129.3,120.9,124.65,1109533,EQ,13778.0,80.53,314205.0
2023-01-19,124.2,129.45,123.2,127.05,744379,EQ,9859.0,75.5,250292.0
2023-01-20,127.5,127.9,121.3,122.7,373185,EQ,6264.0,59.58,166787.0
2023-01-23,123.55,130.6,123.3,125.85,726900,EQ,11001.0,66.08,259098.0
2023-01-24,126.35,128.2,120.85,122.75,485974,EQ,6228.0,78.03,188581.0
2023-01-25,123.5,125.6,121.05,122.75,393168,EQ,5787.0,67.94,122850.0
2023-01-27,123.55,125.25,114.25,116.6,559961,EQ,8766.0,63.88,247816.0
2023-01-30,116.65,120.1,114.55,115.65,367135,EQ,6283.0,58.43,107976.0
2023-01-31,116.3,126.75,115.7,123.7,752898,EQ,10164.0,74.07,190248.0
2023-02-01,124.5,134.25,121.8,125.2,2299892,EQ,29141.0,78.92,610475.0
2023-02-02,124.6,130.35,123.8,129.35,902443,EQ,14432.0,62.53,291314.0
2023-02-03,128.65,129.9,124.2,125.6,492287,EQ,7619.0,64.61,153458.0
2023-02-06,125.9,129.0,123.85,126.0,354205,EQ,5651.0,62.68,142801.0
2023-02-07,126.1,127.85,121.0,123.2,316118,EQ,4237.0,74.61,131628.0
2023-02-08,122.9,126.0,118.5,119.6,508876,EQ,6834.0,74.46,232837.0
2023-02-09,120.3,123.65,120.3,121.8,269895,EQ,4289.0,62.93,82084.0
2023-02-10,122.2,123.6,111.0,111.95,1014798,EQ,14229.0,71.32,408997.0
2023-02-13,112.6,119.3,109.3,115.6,768002,EQ,10209.0,75.23,233332.0
2023-02-14,116.6,116.95,112.3,113.3,299465,EQ,5090.0,58.83,107164.0
2023-02-15,113.4,120.75,112.55,114.7,428356,EQ,7395.0,57.93,89661.0
2023-02-16,114.15,117.5,113.75,115.05,354100,EQ,5526.0,64.08,85048.0
2023-02-17,114.6,116.9,114.0,115.25,219742,EQ,3396.0,64.71,71578.0
2023-02-20,115.25,116.7,113.9,114.5,198620,EQ,3115.0,63.76,71604.0
2023-02-21,114.8,115.65,113.6,114.5,153534,EQ,2605.0,58.94,64204.0
2023-02-22,114.1,114.6,108.25,109.45,321860,EQ,5689.0,56.58,161712.0
2023-02-23,110.15,111.55,109.05,109.35,133422,EQ,2725.0,48.96,47140.0
2023-02-24,109.7,111.4,106.95,107.8,181425,EQ,3653.0,49.66,79982.0
2023-02-27,107.75,107.75,102.55,103.65,327005,EQ,5818.0,56.21,166661.0
2023-02-28,104.2,105.7,102.0,104.3,228316,EQ,3514.0,64.97,104109.0
2023-03-01,104.9,106.4,104.3,105.35,179364,EQ,2720.0,65.94,90306.0
2023-03-02,104.4,106.35,100.0,102.4,284393,EQ,4117.0,69.08,151733.0
2023-03-03,102.45,105.5,102.0,104.95,199061,EQ,3392.0,58.69,93844.0
2023-03-06,105.8,107.15,103.9,104.55,233441,EQ,3651.0,63.94,96064.0
2023-03-08,104.75,105.7,103.4,104.9,114231,EQ,2124.0,53.78,52685.0
2023-03-09,105.4,107.5,104.5,106.0,162441,EQ,2671.0,60.82,62584.0
2023-03-10,105.7,105.7,102.85,103.4,218192,EQ,3307.0,65.98,134452.0
2023-03-13,104.2,104.5,99.7,100.25,198490,EQ,3448.0,57.57,90710.0
2023-03-14,101.0,101.1,97.1,98.4,231039,EQ,3412.0,67.71,125168.0
2023-03-15,99.0,101.6,98.75,99.6,119622,EQ,2683.0,44.59,55188.0
2023-03-16,99.05,99.65,96.0,97.95,230733,EQ,3735.0,61.78,75345.0
2023-03-17,98.25,100.25,97.4,98.25,102813,EQ,2596.0,39.6,44487.0
2023-03-20,98.2,98.5,96.4,97.5,137519,EQ,2649.0,51.91,64470.0
2023-03-21,97.9,101.2,97.9,99.4,179105,EQ,3186.0,56.22,99143.0
2023-03-22,99.8,101.85,99.35,100.5,111579,EQ,2459.0,45.38,60766.0
2023-03-23,100.25,103.35,99.3,101.6,233675,EQ,3126.0,74.75,125932.0
2023-03-24,101.55,101.6,97.5,98.3,130833,EQ,2571.0,50.89,74119.0
2023-03-27,98.75,99.2,93.15,94.1,303680,EQ,5067.0,59.93,187018.0
2023-03-28,96.0,96.7,93.4,94.15,294324,EQ,4967.0,59.26,192147.0
2023-03-29,95.6,97.35,94.6,96.5,135139,EQ,2526.0,53.5,81982.0
2023-03-31,97.95,99.0,95.0,96.4,117274,EQ,2415.0,48.56,59193.0
2023-04-03,98.0,99.45,97.05,98.45,149427,EQ,2268.0,65.88,88887.0
2023-04-05,99.5,100.1,97.6,98.45,129440,EQ,2459.0,52.64,63890.0
2023-04-06,99.1,106.0,98.85,104.65,427360,EQ,6506.0,65.69,178982.0
2023-04-10,104.75,105.35,103.1,104.6,166765,EQ,3088.0,54.0,98371.0
2023-04-11,105.35,108.7,104.35,105.7,251088,EQ,3852.0,65.18,101090.0
2023-04-12,105.75,106.75,103.45,105.5,153754,EQ,3321.0,46.3,73092.0
2023-04-13,106.0,107.25,105.0,105.2,75224,EQ,1391.0,54.08,39948.0
2023-04-17,105.4,106.4,100.65,102.5,156468,EQ,2540.0,61.6,104063.0
2023-04-18,102.25,103.05,98.5,101.95,157322,EQ,3426.0,45.92,73734.0
2023-04-19,102.35,108.6,102.05,104.0,369912,EQ,6287.0,58.84,122465.0
2023-04-20,104.9,108.4,104.85,106.1,214470,EQ,3420.0,62.71,76064.0
2023-04-21,106.75,106.75,103.45,104.3,122334,EQ,2108.0,58.03,65866.0
2023-04-24,104.9,106.0,102.2,102.8,118861,EQ,2432.0,48.87,61330.0
2023-04-25,103.3,108.1,102.8,106.0,325590,EQ,4321.0,75.35,137490.0
2023-04-26,107.25,107.35,105.0,106.1,145794,EQ,2471.0,59.0,69267.0
2023-04-27,106.9,108.75,106.25,107.55,243053,EQ,3579.0,67.91,93763.0
2023-04-28,108.0,113.7,107.95,111.1,1202986,EQ,11938.0,100.77,437363.0
2023-05-02,111.65,112.4,108.2,109.1,257517,EQ,4231.0,60.86,140289.0
2023-05-03,109.15,111.5,107.7,108.5,197765,EQ,3822.0,51.74,87507.0
2023-05-04,108.95,115.8,108.0,110.85,698268,EQ,8304.0,84.09,220111.0
2023-05-05,112.1,113.75,109.1,110.2,356752,EQ,4829.0,73.88,169280.0
2023-05-08,110.65,112.1,108.8,109.6,209380,EQ,4146.0,50.5,112719.0
2023-05-09,110.9,111.15,108.75,109.05,198349,EQ,2647.0,74.93,117137.0
2023-05-10,109.8,110.35,108.4,110.0,124849,EQ,1899.0,65.74,55313.0
2023-05-11,110.5,111.0,109.15,110.6,165269,EQ,2509.0,65.87,81508.0
2023-05-12,110.55,112.9,109.9,110.5,254770,EQ,3066.0,83.1,127631.0
2023-05-15,110.95,117.6,110.25,113.3,845368,EQ,8663.0,97.58,448853.0
2023-05-16,113.95,114.15,110.75,111.3,376734,EQ,4611.0,81.7,212340.0
2023-05-17,111.6,113.0,109.4,110.2,273983,EQ,3848.0,71.2,137180.0
2023-05-18,110.85,111.8,105.25,106.15,417010,EQ,6448.0,64.67,285799.0
2023-05-19,106.75,108.85,106.55,108.1,271359,EQ,3898.0,69.61,115167.0
2023-05-22,100.5,102.5,99.4,99.8,684661,EQ,9566.0,71.57,380109.0
2023-05-23,101.25,102.2,100.25,100.5,271075,EQ,3886.0,69.76,123505.0
2023-05-24,100.75,100.9,99.0,99.4,226729,EQ,3431.0,66.08,131273.0
2023-05-25,99.4,99.75,97.9,98.6,149524,EQ,2590.0,57.73,82296.0
2023-05-26,99.1,99.8,97.9,98.3,138586,EQ,2449.0,56.59,91741.0
2023-05-29,98.35,99.7,97.9,98.55,163081,EQ,2561.0,63.68,84789.0
2023-05-30,98.55,99.55,98.0,99.0,104633,EQ,1945.0,53.8,64804.0
2023-05-31,98.9,99.75,98.2,98.55,116985,EQ,1842.0,63.51,74764.0
2023-06-01,98.55,101.95,98.55,100.15,218281,EQ,3086.0,70.73,111634.0
2023-06-02,100.75,102.6,100.5,101.3,142579,EQ,2282.0,62.48,65732.0
2023-06-05,101.95,102.35,99.0,99.4,172940,EQ,3277.0,52.77,112395.0
2023-06-06,98.95,100.45,98.9,100.25,106319,EQ,2122.0,50.1,54103.0
2023-06-07,100.7,101.2,100.25,100.6,107728,EQ,1911.0,56.37,63234.0
2023-06-08,101.1,101.25,99.4,100.35,103386,EQ,1852.0,55.82,59175.0
2023-06-09,100.8,101.05,99.2,99.55,141575,EQ,2024.0,69.95,85575.0
2023-06-12,100.25,100.35,98.25,98.6,208429,EQ,4781.0,43.6,135119.0
2023-06-13,98.9,99.55,97.25,98.15,323120,EQ,4235.0,76.3,166112.0
2023-06-14,99.1,99.4,96.1,97.25,479755,EQ,5957.0,80.54,201633.0
2023-06-15,97.7,98.75,96.7,97.1,284580,EQ,3218.0,88.43,145142.0
2023-06-16,97.75,98.15,97.1,97.6,209017,EQ,4323.0,48.35,112487.0
2023-06-19,97.15,98.2,96.2,96.65,229476,EQ,4666.0,49.18,140573.0
2023-06-20,97.05,99.0,95.3,97.8,597242,EQ,7476.0,79.89,262378.0
2023-06-21,98.2,98.75,96.3,96.9,308441,EQ,3272.0,94.27,159344.0
2023-06-22,98.25,101.6,98.1,98.4,940236,EQ,8554.0,109.92,392495.0
2023-06-23,98.6,99.4,95.9,96.5,512876,EQ,6418.0,79.91,266169.0
2023-06-26,97.5,100.3,96.8,97.1,677008,EQ,6274.0,107.91,327434.0
2023-06-27,97.9,99.75,97.1,98.15,615500,EQ,5290.0,116.35,235041.0
2023-06-28,98.85,99.15,97.5,97.7,259659,EQ,2546.0,101.99,128941.0
2023-06-30,98.2,98.55,96.95,97.5,239878,EQ,2686.0,89.31,132198.0
2023-07-03,98.0,98.45,97.15,97.4,246534,EQ,2674.0,92.2,163601.0
2023-07-04,97.45,98.0,96.05,96.4,329883,EQ,3285.0,100.42,184127.0
2023-07-05,96.4,97.95,96.4,96.8,225232,EQ,2752.0,81.84,124169.0
2023-07-06,97.0,99.35,96.75,97.5,672304,EQ,6011.0,111.85,224012.0
2023-07-07,98.25,98.8,96.8,97.1,378108,EQ,4171.0,90.65,223858.0
2023-07-10,98.1,98.6,96.95,97.2,343661,EQ,2892.0,118.83,188682.0
2023-07-11,98.2,98.2,97.05,97.45,334862,EQ,2108.0,158.85,241165.0
2023-07-12,97.5,97.85,96.4,97.05,303137,EQ,2741.0,110.59,193314.0
2023-07-13,97.5,97.5,96.25,96.55,192254,EQ,2343.0,82.05,110235.0
2023-07-14,96.5,96.75,93.15,93.7,756583,EQ,7908.0,95.67,524303.0
2023-07-17,93.8,95.2,93.0,93.7,451933,EQ,4826.0,93.65,284390.0
2023-07-18,94.0,94.6,92.95,93.4,389410,EQ,3412.0,114.13,300035.0
2023-07-19,93.75,94.45,93.5,93.8,338521,EQ,2452.0,138.06,235684.0
2023-07-20,94.05,96.9,93.45,96.45,504561,EQ,5519.0,91.42,320591.0
2023-07-21,94.45,95.8,93.95,94.95,235550,EQ,2869.0,82.1,117118.0
2023-07-24,94.95,95.75,94.0,94.3,165808,EQ,2581.0,64.24,92273.0
2023-07-25,94.55,95.15,93.15,93.6,254747,EQ,2948.0,86.41,150521.0
2023-07-26,93.7,93.95,93.4,93.5,177149,EQ,2208.0,80.23,132557.0
2023-07-27,94.05,94.5,93.25,93.65,212088,EQ,2088.0,101.57,137808.0
2023-07-28,94.05,95.85,94.0,94.8,191926,EQ,2519.0,76.19,96027.0
2023-07-31,96.0,96.95,95.3,96.1,202447,EQ,2796.0,72.41,107187.0
2023-08-01,96.7,98.7,96.15,98.05,268973,EQ,3010.0,89.36,164900.0
2023-08-02,98.55,100.9,97.9,98.8,405854,EQ,4936.0,82.22,217822.0
2023-08-03,98.8,99.7,96.8,97.35,153078,EQ,2353.0,65.06,74377.0
2023-08-04,97.7,98.1,96.4,96.85,138720,EQ,2100.0,66.06,82673.0
2023-08-07,98.3,99.4,96.95,98.05,268884,EQ,3042.0,88.39,142109.0
2023-08-08,98.55,99.1,94.1,95.0,377113,EQ,5163.0,73.04,159944.0
2023-08-09,93.95,101.95,93.4,99.5,1183451,EQ,12092.0,97.87,514084.0
2023-08-10,97.5,99.3,96.3,96.7,528227,EQ,6004.0,87.98,277644.0
2023-08-11,97.05,97.65,95.3,95.7,220932,EQ,2765.0,79.9,136245.0
2023-08-14,95.45,95.7,93.85,95.0,149386,EQ,2496.0,59.85,77347.0
2023-08-16,95.0,95.4,93.85,94.7,169853,EQ,2470.0,68.77,93382.0
2023-08-17,94.8,95.55,94.15,94.35,138248,EQ,2051.0,67.41,90892.0
2023-08-18,94.9,95.2,94.05,94.55,118991,EQ,1689.0,70.45,62622.0
2023-08-21,95.1,95.4,93.75,94.0,202842,EQ,2776.0,73.07,135779.0
2023-08-22,94.4,96.4,93.9,95.55,276659,EQ,2758.0,100.31,170965.0
2023-08-23,96.2,96.7,93.75,94.6,197155,EQ,2272.0,86.78,121368.0
2023-08-24,95.3,95.6,94.5,94.9,138983,EQ,1837.0,75.66,79000.0
2023-08-25,94.7,95.25,93.95,94.1,160009,EQ,2042.0,78.36,92881.0
2023-08-28,94.3,94.75,93.4,93.5,169365,EQ,2522.0,67.16,102799.0
2023-08-29,93.95,95.05,93.9,94.55,154318,EQ,1930.0,79.96,95177.0
2023-08-30,95.25,96.95,94.6,95.7,276325,EQ,3591.0,76.95,157257.0
2023-08-31,97.35,97.35,93.75,94.45,210545,EQ,2654.0,79.33,120209.0
2023-09-01,94.9,95.5,93.8,94.6,174914,EQ,2472.0,70.76,104899.0
2023-09-04,95.35,95.7,94.45,94.75,180257,EQ,2425.0,74.33,110202.0
2023-09-05,95.2,96.4,94.35,95.15,225338,EQ,2433.0,92.62,137647.0
2023-09-06,95.75,96.4,94.8,95.7,181401,EQ,2370.0,76.54,112794.0
2023-09-07,95.75,99.15,95.3,98.3,587098,EQ,6084.0,96.5,352892.0
2023-09-08,99.0,103.35,99.0,100.7,1261294,EQ,10426.0,120.98,577762.0
2023-09-11,101.25,102.1,99.8,100.55,305622,EQ,3655.0,83.62,202592.0
2023-09-12,100.85,101.5,94.95,95.35,451173,EQ,5114.0,88.22,261572.0
2023-09-13,95.85,98.0,94.9,97.1,252402,EQ,2791.0,90.43,122981.0
2023-09-14,97.15,99.0,96.4,97.15,222974,EQ,2427.0,91.87,124532.0
2023-09-15,97.75,98.85,96.8,97.4,136804,EQ,2006.0,68.2,71678.0
2023-09-18,97.45,98.5,96.15,97.15,189908,EQ,2372.0,80.06,121331.0
2023-09-20,95.8,97.45,95.3,95.85,144115,EQ,2336.0,61.69,88921.0
2023-09-21,95.85,97.1,95.4,95.6,146618,EQ,2628.0,55.79,76461.0
2023-09-22,95.7,96.4,95.15,95.35,109679,EQ,1798.0,61.0,58469.0
2023-09-25,96.25,96.6,95.2,95.5,103630,EQ,1757.0,58.98,56426.0
2023-09-26,95.95,96.55,95.25,95.6,89933,EQ,1671.0,53.82,53902.0
2023-09-27,96.1,96.4,94.1,94.95,234999,EQ,2147.0,109.45,164004.0
2023-09-28,95.85,96.15,94.2,94.8,139439,EQ,2323.0,60.03,85751.0
2023-09-29,94.85,95.6,94.65,95.0,94833,EQ,1711.0,55.43,56261.0
2023-10-03,95.3,96.2,94.65,94.9,104227,EQ,2127.0,49.0,62581.0
2023-10-04,95.7,95.7,94.05,94.25,107860,EQ,2008.0,53.72,74617.0
2023-10-05,94.5,95.55,94.5,95.0,107966,EQ,1628.0,66.32,66162.0
2023-10-06,95.6,96.4,95.0,96.1,148371,EQ,1755.0,84.54,80459.0
2023-10-09,95.6,95.6,93.4,93.8,231442,EQ,2764.0,83.73,165370.0
2023-10-10,95.2,105.2,93.8,98.4,2997731,EQ,28571.0,104.92,966344.0
2023-10-11,99.35,102.6,98.8,99.5,637794,EQ,5984.0,106.58,261775.0
2023-10-12,100.05,100.7,98.0,99.1,316256,EQ,3739.0,84.58,160135.0
2023-10-13,98.65,100.5,98.35,99.75,279375,EQ,3471.0,80.49,165235.0
2023-10-16,100.85,104.75,100.2,102.85,835272,EQ,8596.0,97.17,447146.0
2023-10-17,103.45,104.9,100.9,101.5,373194,EQ,4629.0,80.62,200530.0
2023-10-18,101.95,102.25,98.3,98.65,348036,EQ,4511.0,77.15,206458.0
2023-10-19,98.2,101.25,98.0,99.9,234079,EQ,3030.0,77.25,100550.0
2023-10-20,99.9,100.65,97.2,97.6,172042,EQ,2972.0,57.89,87670.0
2023-10-23,97.6,98.4,93.8,94.1,296321,EQ,5651.0,52.44,165265.0
2023-10-25,94.15,97.1,92.25,93.5,283007,EQ,4490.0,63.03,135458.0
2023-10-26,94.2,96.0,90.2,95.0,233306,EQ,4217.0,55.33,103558.0
2023-10-27,95.6,97.45,95.25,96.35,227303,EQ,2850.0,79.76,123489.0
2023-10-30,96.7,96.95,94.3,94.65,149775,EQ,2422.0,61.84,88317.0
2023-10-31,95.1,95.8,94.1,94.3,108998,EQ,1704.0,63.97,53457.0
2023-11-01,94.3,97.45,94.3,96.35,206743,EQ,3188.0,64.85,113971.0
2023-11-02,96.2,97.2,95.05,95.9,123575,EQ,1523.0,81.14,78469.0
2023-11-03,96.35,96.5,94.7,94.9,121043,EQ,1874.0,64.59,69849.0
2023-11-06,95.6,96.75,94.9,95.6,147409,EQ,2137.0,68.98,72954.0
2023-11-07,95.9,96.6,95.35,95.8,100569,EQ,1413.0,71.17,55542.0
2023-11-08,96.4,100.05,96.15,98.75,412511,EQ,4291.0,96.13,219161.0
2023-11-09,99.7,103.5,98.6,99.8,915278,EQ,7908.0,115.74,403031.0
2023-11-10,100.25,104.1,99.85,102.7,1287453,EQ,11253.0,114.41,480795.0
2023-11-12,105.7,106.85,104.65,105.5,574890,EQ,7663.0,75.02,441995.0
2023-11-13,106.45,106.5,103.6,106.1,577270,EQ,5548.0,104.05,317904.0
2023-11-15,106.7,108.2,106.6,107.85,514943,EQ,4381.0,117.54,328382.0
2023-11-16,106.85,108.7,106.1,106.6,373375,EQ,4048.0,92.24,217299.0
2023-11-17,106.6,108.4,106.5,107.4,300721,EQ,3399.0,88.47,167958.0
2023-11-20,109.2,127.0,109.15,123.5,6800327,EQ,52019.0,130.73,1716040.0
2023-11-21,126.5,127.5,122.3,126.2,1880811,EQ,14384.0,130.76,751683.0
2023-11-22,127.1,133.1,126.6,130.0,2232171,EQ,18798.0,118.75,675023.0
2023-11-23,130.75,131.2,126.2,128.55,830546,EQ,7260.0,114.4,294859.0
2023-11-24,128.9,131.65,127.9,129.5,669795,EQ,5642.0,118.72,224228.0
2023-11-28,132.0,140.6,129.75,131.8,4197880,EQ,27635.0,151.9,1366761.0
2023-11-29,131.65,144.25,129.45,139.2,4160609,EQ,27872.0,149.28,1369256.0
2023-11-30,139.9,140.2,135.4,136.15,1012340,EQ,9867.0,102.6,491229.0
2023-12-01,136.65,141.75,135.1,136.0,998209,EQ,10739.0,92.95,528793.0
2023-12-04,136.65,138.6,126.4,128.8,1503774,EQ,14942.0,100.64,871976.0
2023-12-05,129.1,131.0,121.2,122.5,1112297,EQ,12450.0,89.34,615310.0
2023-12-06,123.75,125.3,121.6,123.2,496255,EQ,4994.0,99.37,274310.0
2023-12-07,124.5,129.2,121.4,127.15,849285,EQ,8119.0,104.6,362692.0
2023-12-08,127.45,135.6,123.8,134.55,1692160,EQ,9295.0,182.05,1247866.0
2023-12-11,133.85,133.85,129.0,129.55,488250,EQ,6247.0,78.16,287863.0
2023-12-12,129.7,130.25,124.6,128.4,560905,EQ,6196.0,90.53,339740.0
2023-12-13,128.6,129.7,126.9,127.6,225662,EQ,2376.0,94.98,133120.0
2023-12-14,128.25,130.9,128.0,128.7,252203,EQ,2862.0,88.12,166136.0
2023-12-15,130.45,130.9,127.55,128.15,246817,EQ,2820.0,87.52,156233.0
2023-12-18,128.25,132.3,127.6,130.6,438854,EQ,4712.0,93.14,264992.0
2023-12-19,132.0,132.0,127.9,128.25,178498,EQ,2705.0,65.99,111723.0
2023-12-20,128.9,131.25,118.1,120.5,560780,EQ,7638.0,73.42,305621.0
2023-12-21,120.0,131.9,115.45,130.15,1215712,EQ,11178.0,108.76,451609.0
2023-12-22,130.7,134.8,127.5,133.6,1029626,EQ,10400.0,99.0,516088.0
2023-12-26,134.25,137.1,130.6,131.7,586669,EQ,5935.0,98.85,307903.0
2023-12-27,132.5,133.4,128.8,129.9,324673,EQ,4018.0,80.8,151003.0
2023-12-28,130.35,131.15,127.6,128.0,338837,EQ,3941.0,85.98,209587.0
2023-12-29,127.55,129.0,126.15,127.9,332116,EQ,4089.0,81.22,163188.0
2024-01-01,128.55,132.2,127.85,129.4,519980,EQ,5962.0,87.22,253098.0
2024-01-02,129.75,131.3,127.35,128.4,342459,EQ,4134.0,82.84,185641.0
2024-01-03,128.4,131.85,128.1,130.0,310938,EQ,3779.0,82.28,131918.0
2024-01-04,131.25,143.1,131.25,140.25,3717183,EQ,36572.0,101.64,1560961.0
2024-01-05,141.2,141.35,136.5,136.95,655946,EQ,8302.0,79.01,321922.0
2024-01-08,138.0,140.25,135.2,136.65,514058,EQ,6066.0,84.74,190932.0
2024-01-09,137.2,140.05,136.15,137.0,354881,EQ,4425.0,80.2,167961.0
2024-01-10,138.1,141.4,132.85,134.1,613656,EQ,6534.0,93.92,299225.0
2024-01-11,135.2,138.7,134.1,134.85,442084,EQ,5511.0,80.22,222467.0
2024-01-12,135.4,136.0,129.8,131.75,414255,EQ,4976.0,83.25,274958.0
2024-01-15,131.75,132.4,126.4,128.65,893420,EQ,9795.0,91.21,457304.0
2024-01-16,128.8,131.25,126.35,128.9,476092,EQ,5009.0,95.05,219670.0
2024-01-17,128.35,129.55,127.1,128.3,277218,EQ,3793.0,73.09,142249.0
2024-01-18,127.65,129.0,123.3,126.45,383549,EQ,5379.0,71.3,168885.0
2024-01-19,127.45,129.0,126.8,128.4,220312,EQ,3180.0,69.28,107494.0
2024-01-20,128.95,136.6,128.4,133.1,835545,EQ,8030.0,104.05,477171.0
2024-01-23,134.4,134.4,123.0,124.6,722636,EQ,9184.0,78.68,358423.0
2024-01-24,124.5,127.95,123.0,126.5,300495,EQ,3816.0,78.75,129998.0
2024-01-25,135.0,138.0,131.75,134.95,1360649,EQ,14526.0,93.67,527092.0
2024-01-29,135.65,135.7,129.7,131.5,457482,EQ,5854.0,78.15,225909.0
2024-01-30,130.7,135.4,129.75,132.75,435427,EQ,4906.0,88.75,171478.0
2024-01-31,132.75,135.0,130.35,131.35,292170,EQ,3555.0,82.19,149835.0
2024-02-01,132.8,136.85,129.8,131.55,575699,EQ,7169.0,80.3,189716.0
2024-02-02,133.45,148.1,132.8,144.65,5954572,EQ,51408.0,115.83,2214463.0
2024-02-05,147.75,154.5,143.25,145.1,3274448,EQ,33068.0,99.02,1251081.0
2024-02-06,145.95,146.2,139.0,142.95,1001705,EQ,10241.0,97.81,355528.0
2024-02-07,144.0,145.95,135.8,138.1,707474,EQ,8518.0,83.06,293770.0
2024-02-08,137.8,153.75,132.1,150.3,4576595,EQ,32790.0,139.57,1526662.0
2024-02-09,153.0,156.3,145.1,151.4,2615209,EQ,28303.0,92.4,882610.0
2024-02-12,152.25,155.9,140.25,141.6,1445417,EQ,17243.0,83.83,540392.0
2024-02-13,142.4,152.25,137.65,147.25,1451023,EQ,11650.0,124.55,782159.0
2024-02-14,145.35,161.2,144.1,154.25,3493286,EQ,34424.0,101.48,1204587.0
2024-02-15,155.85,159.0,151.6,152.35,1405385,EQ,14169.0,99.19,433142.0
2024-02-16,152.85,158.25,150.75,153.85,1368402,EQ,13674.0,100.07,477026.0
2024-02-19,153.9,154.85,148.7,150.2,840652,EQ,9483.0,88.65,296659.0
2024-02-20,150.0,162.4,147.9,153.6,2332237,EQ,22076.0,105.65,705232.0
2024-02-21,153.8,158.55,150.0,150.8,1150112,EQ,11291.0,101.86,319881.0
2024-02-22,152.1,155.2,147.15,151.35,740417,EQ,8234.0,89.92,256422.0
2024-02-23,150.6,151.35,148.75,149.5,602982,EQ,5605.0,107.58,171981.0
2024-02-26,149.5,153.4,143.3,144.2,875724,EQ,8309.0,105.39,380145.0
2024-02-27,144.0,147.2,143.3,144.85,1012537,EQ,9058.0,111.78,240355.0
2024-02-28,145.65,146.6,135.9,137.3,1075168,EQ,11352.0,94.71,453426.0
2024-02-29,138.35,140.4,136.0,138.35,588968,EQ,5803.0,101.49,135146.0
2024-03-01,139.45,142.3,138.8,140.4,294977,EQ,3793.0,77.77,141324.0
2024-03-02,141.3,144.75,140.6,143.0,68700,EQ,1044.0,65.8,51187.0
2024-03-04,144.0,144.05,138.7,139.75,424395,EQ,4803.0,88.36,208546.0
2024-03-05,138.25,146.25,137.3,143.3,810201,EQ,8551.0,94.75,350096.0
2024-03-06,143.3,143.8,136.5,137.8,404722,EQ,6131.0,66.01,170039.0
2024-03-07,138.2,139.45,134.3,135.2,356677,EQ,4135.0,86.26,132082.0
2024-03-11,136.45,137.8,130.3,135.2,612932,EQ,5771.0,106.21,278278.0
2024-03-12,136.4,136.45,130.2,133.45,783090,EQ,7236.0,108.22,204340.0
2024-03-13,134.25,137.25,123.4,125.6,1107828,EQ,8592.0,128.94,526415.0
2024-03-14,125.55,134.85,123.95,132.8,501064,EQ,5760.0,86.99,154928.0
2024-03-15,135.0,135.6,128.45,130.05,240638,EQ,3324.0,72.39,79758.0
2024-03-18,131.55,133.35,128.2,131.05,303052,EQ,3471.0,87.31,121588.0
2024-03-19,131.6,133.0,127.9,129.3,185084,EQ,2828.0,65.45,77683.0
2024-03-20,129.35,130.9,126.1,126.7,214541,EQ,3125.0,68.65,84956.0
2024-03-21,126.4,138.75,126.35,136.1,1088732,EQ,7848.0,138.73,644768.0
2024-03-22,134.95,137.05,132.8,134.1,244259,EQ,3595.0,67.94,107854.0
2024-03-26,133.55,135.55,130.95,131.8,304520,EQ,3165.0,96.21,169014.0
2024-03-27,132.0,133.5,126.25,127.4,494744,EQ,5589.0,88.52,294245.0
2024-03-28,128.25,132.1,127.6,128.2,286427,EQ,2952.0,97.03,148189.0
2024-04-01,129.7,142.05,129.0,140.5,873553,EQ,9076.0,96.25,343834.0
2024-04-02,140.05,141.5,137.05,137.5,409376,EQ,4308.0,95.03,226441.0
2024-04-03,138.75,141.45,137.8,138.25,507741,EQ,4907.0,103.47,243680.0
2024-04-04,139.4,146.8,138.8,143.7,870899,EQ,8127.0,107.16,316277.0
2024-04-05,144.0,145.4,139.9,142.15,483099,EQ,5308.0,91.01,229393.0
2024-04-08,142.5,144.05,139.1,140.0,398588,EQ,4244.0,93.92,191173.0
2024-04-09,141.75,142.8,135.6,136.85,349887,EQ,4447.0,78.68,175259.0
2024-04-10,138.6,140.35,135.8,136.4,199229,EQ,2600.0,76.63,101004.0
2024-04-12,138.0,139.9,135.3,135.95,340915,EQ,5221.0,65.3,128386.0
2024-04-15,127.85,133.25,127.8,130.6,645624,EQ,7122.0,90.65,289095.0
2024-04-16,130.5,133.5,130.15,131.6,288570,EQ,4249.0,67.91,134004.0
2024-04-18,132.7,133.55,127.5,128.55,400491,EQ,4314.0,92.84,198465.0
2024-04-19,128.2,130.85,126.8,128.65,258731,EQ,3772.0,68.59,103077.0
2024-04-22,131.25,133.75,129.4,131.6,320725,EQ,4469.0,71.77,143932.0
2024-04-23,131.6,132.6,129.4,130.3,186347,EQ,2426.0,76.81,105447.0
2024-04-24,131.55,132.95,129.8,130.6,222313,EQ,2885.0,77.06,116965.0
2024-04-25,130.6,136.2,129.3,134.3,391186,EQ,4796.0,81.57,200791.0
2024-04-26,134.25,134.75,132.35,132.8,278597,EQ,4261.0,65.38,178697.0
2024-04-29,132.95,133.9,130.5,131.0,164623,EQ,3091.0,53.26,104613.0
2024-04-30,131.2,133.15,131.0,131.3,151670,EQ,1824.0,83.15,83022.0
2024-05-02,132.4,132.8,129.7,130.25,159895,EQ,2274.0,70.31,99639.0
2024-05-03,129.9,131.05,128.6,128.95,130445,EQ,2233.0,58.42,81237.0
2024-05-06,129.3,130.05,127.0,127.9,149993,EQ,2815.0,53.28,84413.0
2024-05-07,128.55,128.55,123.35,123.95,317592,EQ,4735.0,67.07,190642.0
2024-05-08,123.75,125.0,122.05,123.5,214917,EQ,4024.0,53.41,120335.0
2024-05-09,123.45,124.45,119.3,120.2,179460,EQ,3425.0,52.4,97353.0
2024-05-10,122.95,123.4,119.9,121.5,182421,EQ,4502.0,40.52,99792.0
2024-05-13,121.95,122.3,117.8,120.4,237743,EQ,4318.0,55.06,99561.0
2024-05-14,120.5,126.2,120.4,123.45,286369,EQ,4077.0,70.24,114842.0
2024-05-15,123.5,124.9,122.6,123.5,131760,EQ,2039.0,64.62,82624.0
2024-05-16,123.8,125.0,120.8,122.3,176616,EQ,2697.0,65.49,95502.0
2024-05-17,122.75,126.75,122.1,124.6,173824,EQ,2943.0,59.06,87102.0
2024-05-18,124.85,128.85,124.85,128.35,94904,EQ,973.0,97.54,78160.0
2024-05-21,129.65,129.65,124.5,125.05,409613,EQ,4576.0,89.51,167381.0
2024-05-22,129.3,129.3,121.5,122.6,613003,EQ,7075.0,86.64,207060.0
2024-05-23,122.25,132.55,122.25,130.05,2083753,EQ,21256.0,98.03,601679.0
2024-05-24,131.35,132.3,128.3,130.85,777187,EQ,9351.0,83.11,277776.0
2024-05-27,131.25,131.25,126.9,127.4,262852,EQ,3592.0,73.18,161101.0
2024-05-28,127.5,127.5,123.0,123.35,215618,EQ,2799.0,77.03,137127.0
2024-05-29,123.15,124.25,121.55,122.15,177429,EQ,2797.0,63.44,101668.0
2024-05-30,122.25,122.9,120.65,121.05,139105,EQ,2635.0,52.79,95183.0
2024-05-31,121.6,122.7,116.6,117.1,583146,EQ,5303.0,109.97,440860.0
2024-06-03,121.4,122.1,117.0,117.35,327621,EQ,4826.0,67.89,178750.0
2024-06-04,118.4,118.4,108.1,111.8,578457,EQ,7065.0,81.88,370563.0
2024-06-05,112.5,125.4,107.65,123.5,580996,EQ,6681.0,86.96,324786.0
2024-06-06,125.2,129.7,123.7,127.55,414704,EQ,4293.0,96.6,251368.0
2024-06-07,129.5,129.5,124.9,125.2,289730,EQ,4415.0,65.62,168845.0
2024-06-10,126.95,126.95,124.7,125.65,159834,EQ,2619.0,61.03,87906.0
2024-06-11,125.75,127.5,123.7,124.25,428466,EQ,5633.0,76.06,202332.0
2024-06-12,124.4,125.6,124.1,124.55,210622,EQ,3642.0,57.83,127141.0
2024-06-13,124.55,126.05,123.5,125.7,190557,EQ,3256.0,58.52,112254.0
2024-06-14,126.75,127.5,122.95,123.8,475519,EQ,5552.0,85.65,292254.0
2024-06-18,124.5,124.95,119.8,120.9,507133,EQ,6241.0,81.26,330544.0
2024-06-19,121.1,122.9,118.3,120.55,414670,EQ,5014.0,82.7,196855.0
2024-06-20,121.1,124.05,120.2,123.25,304544,EQ,3962.0,76.87,160783.0
2024-06-21,123.7,124.4,121.5,121.65,214569,EQ,3051.0,70.33,125543.0
2024-06-24,121.5,122.25,119.25,120.15,262219,EQ,4616.0,56.81,152254.0
2024-06-25,120.15,126.7,120.15,124.35,1129869,EQ,9426.0,119.87,532359.0
2024-06-26,125.3,125.3,122.85,123.7,237190,EQ,3726.0,63.66,125292.0
2024-06-27,123.9,124.35,120.75,121.35,179090,EQ,3759.0,47.64,103526.0
2024-06-28,123.6,123.6,120.0,120.55,284474,EQ,3453.0,82.38,163181.0
2024-07-01,120.75,124.65,120.0,121.25,466025,EQ,5396.0,86.36,247331.0
2024-07-02,121.7,123.6,120.9,122.3,287053,EQ,3646.0,78.73,136680.0
2024-07-03,122.55,124.5,122.4,123.05,229167,EQ,2883.0,79.49,132841.0
2024-07-04,123.0,135.75,123.0,132.95,3088237,EQ,27031.0,114.25,1247649.0
2024-07-05,134.25,135.4,130.75,132.7,869629,EQ,12838.0,67.74,391919.0
2024-07-08,133.2,136.5,130.5,131.95,874165,EQ,11520.0,75.88,393977.0
2024-07-09,132.6,138.75,131.45,138.1,1179723,EQ,14313.0,82.42,632872.0
2024-07-10,136.5,138.3,129.85,131.9,594069,EQ,9050.0,65.64,287748.0
2024-07-11,132.0,141.0,131.95,137.95,2036212,EQ,19332.0,105.33,550631.0
2024-07-12,138.75,141.0,135.0,135.45,795662,EQ,8835.0,90.06,363277.0
2024-07-15,135.75,136.4,132.0,132.65,413109,EQ,5826.0,70.91,191757.0
2024-07-16,133.5,134.6,129.0,129.25,471573,EQ,5666.0,83.23,255436.0
2024-07-18,129.25,133.5,129.25,132.3,413692,EQ,6888.0,60.06,192468.0
2024-07-19,132.1,132.25,126.5,127.3,268543,EQ,6194.0,43.36,155945.0
2024-07-22,123.75,130.2,123.75,127.8,239299,EQ,4602.0,52.0,112267.0
2024-07-23,128.15,139.35,123.75,138.25,1731054,EQ,20470.0,84.57,623970.0
2024-07-24,139.6,147.5,139.15,140.05,1947815,EQ,26853.0,72.54,866292.0
2024-07-25,138.15,145.7,137.05,141.15,669885,EQ,9403.0,71.24,265458.0
2024-07-26,142.0,146.25,138.85,145.2,973037,EQ,11981.0,81.22,524328.0
2024-07-29,145.5,145.5,140.9,141.7,485609,EQ,5963.0,81.44,279012.0
2024-07-30,141.6,144.0,139.3,142.85,417052,EQ,5871.0,71.04,205404.0
2024-07-31,144.0,146.25,140.35,141.3,487560,EQ,5146.0,94.75,246410.0
2024-08-01,141.9,143.25,139.5,140.05,303665,EQ,4081.0,74.41,129923.0
2024-08-02,139.9,141.4,137.2,139.0,282155,EQ,4503.0,62.66,134684.0
2024-08-05,136.5,138.75,132.0,134.25,615956,EQ,11966.0,51.48,304323.0
2024-08-06,135.1,141.5,134.3,135.35,622080,EQ,11265.0,55.22,250714.0
2024-08-07,135.9,144.45,135.4,139.6,765958,EQ,10314.0,74.26,229876.0
2024-08-08,140.6,147.0,139.65,145.3,1778259,EQ,20411.0,87.12,684342.0
2024-08-09,147.35,156.0,145.3,148.85,3713650,EQ,31301.0,118.64,1315923.0
2024-08-12,148.35,155.25,147.8,150.7,1544392,EQ,17037.0,90.65,413753.0
2024-08-13,150.1,180.85,150.1,180.05,12672442,EQ,95679.0,132.45,2671535.0
2024-08-14,183.75,189.0,172.05,179.5,5086204,EQ,48656.0,104.53,1017900.0
2024-08-16,181.5,181.65,163.85,174.75,2502432,EQ,22520.0,111.12,621044.0
2024-08-19,178.05,183.75,175.2,176.3,1225164,EQ,12106.0,101.2,530216.0
2024-08-20,178.1,185.15,175.5,183.65,1035845,EQ,10898.0,95.05,410377.0
2024-08-21,185.25,199.1,182.0,196.3,3134821,EQ,29978.0,104.57,966614.0
2024-08-22,197.25,204.0,194.5,201.4,1706667,EQ,16942.0,100.74,737511.0
2024-08-23,201.75,218.25,201.4,214.6,2353009,EQ,24940.0,94.35,757698.0
2024-08-26,214.9,218.15,202.5,203.3,1190301,EQ,15664.0,75.99,548575.0
2024-08-27,203.3,243.95,197.1,243.95,4242092,EQ,33155.0,127.95,1275791.0
2024-08-28,249.0,265.5,236.25,252.9,5050030,EQ,58702.0,86.03,1294622.0
2024-08-29,249.6,258.75,238.1,241.75,1475567,EQ,21407.0,68.93,490409.0
2024-08-30,243.75,250.05,234.0,241.45,958428,EQ,15237.0,62.9,336688.0
2024-09-02,247.5,249.0,234.15,235.45,580615,EQ,9035.0,64.26,244893.0
2024-09-03,239.0,259.0,229.5,254.45,3557838,EQ,24640.0,144.39,1723748.0
2024-09-04,255.0,260.25,246.1,252.35,1351023,EQ,18671.0,72.36,460270.0
2024-09-05,255.0,266.25,249.4,254.1,1667076,EQ,23920.0,69.69,606513.0
2024-09-06,255.65,261.2,237.6,248.6,1168430,EQ,18601.0,62.82,447165.0
2024-09-09,248.6,272.1,244.0,259.1,2884798,EQ,34758.0,83.0,1092788.0
2024-09-10,261.7,263.85,252.95,255.1,1087219,EQ,14193.0,76.6,482506.0
2024-09-11,255.75,270.0,254.3,257.45,1277622,EQ,15876.0,80.48,438239.0
2024-09-12,261.0,268.1,257.25,265.4,775826,EQ,10931.0,70.97,366262.0
2024-09-13,269.4,291.75,265.7,289.4,2688173,EQ,32945.0,81.6,912013.0
2024-09-16,292.3,300.0,277.75,280.4,1456987,EQ,24400.0,59.71,532905.0
2024-09-17,281.25,281.9,272.25,277.1,683597,EQ,11343.0,60.27,283183.0
2024-09-18,280.3,281.4,260.35,262.1,932703,EQ,15982.0,58.36,523481.0
2024-09-19,263.2,270.65,252.8,259.45,801664,EQ,14056.0,57.03,307856.0
2024-09-20,261.0,277.5,259.6,268.0,864506,EQ,14349.0,60.25,321108.0
2024-09-23,268.5,291.75,264.0,284.4,1532240,EQ,25226.0,60.74,522613.0
2024-09-24,286.5,289.5,276.0,278.15,604481,EQ,12432.0,48.62,260758.0
2024-09-25,279.95,282.85,273.4,275.75,394416,EQ,8402.0,46.94,146539.0
2024-09-26,276.05,277.25,263.25,271.7,581789,EQ,11134.0,52.25,213126.0
2024-09-27,273.7,281.05,269.2,274.65,543313,EQ,9613.0,56.52,217863.0
2024-09-30,272.25,275.75,254.2,259.75,760618,EQ,13290.0,57.23,410903.0
2024-10-01,260.0,266.1,258.85,263.05,533363,EQ,9584.0,55.65,176151.0
2024-10-03,259.1,261.4,250.0,253.0,369945,EQ,8101.0,45.67,182958.0
2024-10-04,252.75,262.45,244.05,253.95,685374,EQ,12050.0,56.88,273068.0
2024-10-07,261.75,261.75,230.6,232.65,1097999,EQ,16523.0,66.45,599495.0
2024-10-08,231.75,255.9,228.8,255.9,528545,EQ,7398.0,71.44,279464.0
2024-10-09,262.5,281.5,262.5,281.5,1047523,EQ,7653.0,136.88,549675.0
2024-10-10,281.5,286.3,267.7,269.7,916097,EQ,16256.0,56.35,413440.0
2024-10-11,271.1,276.0,265.7,268.3,346613,EQ,7495.0,46.25,119090.0
2024-10-14,270.75,285.0,265.85,275.5,1143922,EQ,21192.0,53.98,371887.0
2024-10-15,277.5,290.2,271.1,276.3,833475,EQ,16883.0,49.37,309343.0
2024-10-16,276.75,303.9,276.05,297.45,2253230,EQ,29967.0,75.19,887789.0
2024-10-17,298.5,299.8,280.15,282.3,952392,EQ,17512.0,54.39,400458.0
2024-10-18,281.05,291.75,266.35,288.45,1188698,EQ,18458.0,64.4,366994.0
2024-10-21,291.45,296.8,280.1,282.1,575668,EQ,15302.0,37.62,242746.0
2024-10-22,282.65,282.75,263.3,264.85,718085,EQ,14302.0,50.21,330663.0
2024-10-23,263.25,276.0,259.3,271.0,608737,EQ,13170.0,46.22,156714.0
2024-10-24,272.1,274.5,264.6,267.2,381499,EQ,8525.0,44.75,140544.0
2024-10-25,267.4,269.8,248.65,252.75,529090,EQ,12707.0,41.64,216063.0
2024-10-28,257.85,269.8,246.0,265.25,644744,EQ,13440.0,47.97,191285.0
2024-10-29,267.0,269.1,258.75,264.7,328209,EQ,7436.0,44.14,112490.0
2024-10-30,264.4,273.5,262.5,268.55,272881,EQ,7463.0,36.56,109935.0
2024-10-31,268.5,272.25,262.7,265.6,221231,EQ,5026.0,44.02,84778.0
2024-11-01,266.35,272.3,265.7,268.95,117154,EQ,2999.0,39.06,69128.0
2024-11-04,268.45,268.45,254.3,257.8,349290,EQ,8064.0,43.31,168380.0
2024-11-05,257.85,267.0,257.85,264.7,218932,EQ,6145.0,35.63,99980.0
2024-11-06,266.15,284.25,265.5,278.8,754267,EQ,12984.0,58.09,351491.0
2024-11-07,278.55,293.0,256.6,265.2,1521649,EQ,23822.0,63.88,450270.0
2024-11-08,271.5,273.7,255.45,259.65,706916,EQ,11741.0,60.21,317357.0
2024-11-11,256.1,261.0,247.55,255.2,371340,EQ,7934.0,46.8,141063.0
2024-11-12,256.05,258.4,244.85,247.2,305716,EQ,6737.0,45.38,140533.0
2024-11-13,247.2,251.0,232.5,234.1,535509,EQ,9995.0,53.58,311845.0
2024-11-14,234.0,242.0,231.65,234.4,317801,EQ,7318.0,43.43,105434.0
2024-11-18,237.75,242.25,229.0,231.6,333880,EQ,6824.0,48.93,117105.0
2024-11-19,234.0,250.8,234.0,235.4,446293,EQ,10170.0,43.88,151490.0
2024-11-21,237.75,245.25,231.8,242.15,341718,EQ,9446.0,36.18,122141.0
2024-11-22,243.6,247.5,236.45,237.85,202152,EQ,5886.0,34.34,101392.0
2024-11-25,242.7,246.2,232.5,235.05,283217,EQ,6393.0,44.3,115183.0
2024-11-26,236.1,239.25,231.7,237.2,440785,EQ,7719.0,57.1,213953.0
2024-11-27,237.6,239.6,230.25,237.4,391029,EQ,7082.0,55.21,156941.0
2024-11-28,236.3,244.5,236.15,238.4,360647,EQ,7211.0,50.01,162769.0
2024-11-29,238.9,241.5,235.6,238.5,191218,EQ,3628.0,52.71,87913.0
2024-12-02,238.5,262.35,237.75,262.35,934393,EQ,18996.0,49.19,423611.0
2024-12-03,261.8,269.1,255.0,259.4,813823,EQ,18103.0,44.96,350721.0
2024-12-04,259.4,276.0,259.4,271.7,912470,EQ,18927.0,48.21,350626.0
2024-12-05,275.8,278.6,271.55,275.45,551488,EQ,13656.0,40.38,242247.0
2024-12-06,278.3,330.5,274.5,314.2,6932032,EQ,78856.0,87.91,2057442.0
2024-12-09,317.85,334.1,313.5,315.25,3032398,EQ,41303.0,73.42,1147779.0
2024-12-10,318.2,321.35,308.9,314.85,604663,EQ,10696.0,56.53,216437.0
2024-12-11,315.75,316.55,306.0,310.6,370496,EQ,7518.0,49.28,154396.0
2024-12-12,313.5,323.25,310.65,312.95,540598,EQ,9568.0,56.5,222374.0
2024-12-13,312.7,321.75,303.8,316.55,655035,EQ,12240.0,53.52,253120.0
2024-12-16,319.3,340.5,312.05,327.7,2091363,EQ,34021.0,61.47,708382.0
2024-12-17,327.75,341.05,322.9,325.2,1026010,EQ,16941.0,60.56,433717.0
2024-12-18,324.7,325.75,311.4,315.05,540050,EQ,12646.0,42.71,237767.0
2024-12-19,303.75,335.55,302.3,326.5,1277035,EQ,24877.0,51.33,371328.0
2024-12-20,329.9,330.0,306.15,308.3,575565,EQ,12529.0,45.94,268524.0
2024-12-23,311.7,314.3,300.75,305.5,417807,EQ,9603.0,43.51,152119.0
2024-12-24,306.45,313.8,301.55,307.1,483117,EQ,10304.0,46.89,143400.0
2024-12-26,308.55,315.95,295.45,307.75,725351,EQ,14630.0,49.58,229544.0
2024-12-27,309.0,309.0,291.1,294.3,817791,EQ,20345.0,40.2,376086.0
2024-12-30,292.65,293.25,280.5,281.9,917356,EQ,15220.0,60.27,440327.0
2024-12-31,281.9,292.8,280.05,289.5,520433,EQ,10780.0,48.28,191620.0
2025-01-01,290.6,295.35,283.4,286.6,372355,EQ,7437.0,50.07,156208.0
2025-01-02,287.9,321.6,287.25,312.25,3060628,EQ,50134.0,61.05,657709.0
2025-01-03,313.1,329.25,310.5,318.5,1502850,EQ,26247.0,57.26,408210.0
2025-01-06,318.75,321.5,306.05,312.05,1046663,EQ,17201.0,60.85,435550.0
2025-01-07,313.35,374.25,313.35,370.5,9365502,EQ,120506.0,77.72,1695616.0
2025-01-08,365.3,369.35,354.4,359.2,2032919,EQ,30822.0,65.96,501288.0
2025-01-09,361.85,378.6,348.85,353.35,1856886,EQ,27286.0,68.05,547836.0
2025-01-10,355.55,371.25,339.45,350.75,1552173,EQ,24437.0,63.52,454916.0
2025-01-13,344.85,365.85,340.2,351.4,1350820,EQ,22751.0,59.37,418952.0
2025-01-14,355.85,405.7,345.15,389.95,5083907,EQ,80720.0,62.98,1028119.0
2025-01-15,396.75,405.0,384.65,391.05,1751789,EQ,27566.0,63.55,442568.0
2025-01-16,397.4,426.75,386.45,391.45,2556726,EQ,44756.0,57.13,557179.0
2025-01-17,391.75,402.0,387.75,394.0,994037,EQ,19644.0,50.6,196512.0
2025-01-20,396.15,408.2,390.5,392.8,856041,EQ,16401.0,52.19,237769.0
2025-01-21,395.4,399.75,368.65,370.4,1154314,EQ,20615.0,55.99,531948.0
2025-01-22,373.05,373.05,336.75,358.1,1745566,EQ,34375.0,50.78,587330.0
2025-01-23,363.75,366.0,351.8,354.45,769770,EQ,16753.0,45.95,186978.0
2025-01-24,354.0,355.7,328.35,334.15,1099761,EQ,19419.0,56.63,418631.0
2025-01-27,330.8,340.1,305.05,328.55,2195290,EQ,33151.0,66.22,708521.0
2025-01-28,333.7,337.9,307.45,321.65,1903750,EQ,31109.0,61.2,514050.0
2025-01-29,321.6,352.1,319.4,349.1,1674332,EQ,30251.0,55.35,408436.0
2025-01-30,351.0,388.5,338.4,366.8,2949281,EQ,45825.0,64.36,604794.0
2025-01-31,371.05,376.95,361.9,368.9,1104154,EQ,21246.0,51.97,266594.0
2025-02-01,370.4,403.35,366.1,390.4,1878159,EQ,32916.0,57.06,432587.0
2025-02-03,389.25,406.5,379.95,402.4,1736632,EQ,32957.0,52.69,414335.0
2025-02-04,408.4,422.25,396.1,406.9,1675209,EQ,31515.0,53.16,470810.0
2025-02-05,408.0,415.1,393.0,399.05,1492213,EQ,31613.0,47.2,487601.0
2025-02-06,399.75,410.65,393.55,399.2,1061531,EQ,25624.0,41.43,369538.0
2025-02-07,400.5,404.4,363.2,367.4,2861683,EQ,52565.0,54.44,711447.0
2025-02-10,373.4,377.95,339.3,342.1,1882165,EQ,36592.0,51.44,574215.0
2025-02-11,344.0,345.15,287.7,305.2,4444606,EQ,74840.0,59.39,1200110.0
2025-02-12,305.25,337.5,295.05,317.9,4125902,EQ,74084.0,55.69,877560.0
2025-02-13,318.75,320.35,300.1,302.6,1864189,EQ,32689.0,57.03,567767.0
2025-02-14,304.4,304.65,279.9,289.75,2190772,EQ,39919.0,54.88,560184.0
2025-02-17,284.2,299.25,274.85,295.55,1958011,EQ,38187.0,51.27,427867.0
2025-02-18,295.55,297.0,258.8,269.5,3319353,EQ,50597.0,65.6,878993.0
2025-02-19,267.0,306.2,263.0,301.3,2815208,EQ,45442.0,61.95,422855.0
2025-02-20,295.3,311.1,290.7,302.2,1544556,EQ,25089.0,61.56,241303.0
2025-02-21,299.25,310.5,288.75,298.6,1845568,EQ,26149.0,70.58,386196.0
2025-02-24,288.75,299.9,284.1,292.35,1067876,EQ,19349.0,55.19,225287.0
2025-02-25,295.3,298.5,289.8,294.75,801908,EQ,13131.0,61.07,127169.0
2025-02-27,296.95,297.2,276.9,280.3,837472,EQ,14216.0,58.91,238707.0
2025-02-28,276.35,287.8,269.85,274.9,1350338,EQ,21207.0,63.67,263288.0
2025-03-03,270.75,279.0,254.3,268.3,1442800,EQ,27347.0,52.76,324824.0
2025-03-04,265.4,286.9,264.0,279.1,1397791,EQ,24647.0,56.71,257710.0
2025-03-05,279.1,295.4,279.1,293.55,890537,EQ,15019.0,59.29,251734.0
2025-03-06,298.45,299.8,289.6,291.5,727672,EQ,13170.0,55.25,219027.0
2025-03-07,291.7,297.95,288.2,292.0,831110,EQ,13591.0,61.15,195815.0
2025-03-10,294.35,315.0,288.05,303.55,2201733,EQ,38337.0,57.43,461746.0
2025-03-11,298.35,307.5,291.75,305.0,1008896,EQ,17649.0,57.16,152648.0
2025-03-12,308.6,310.4,294.6,297.3,697615,EQ,13301.0,52.45,191911.0
2025-03-13,299.85,303.0,287.2,289.6,691510,EQ,12393.0,55.8,211659.0
2025-03-17,291.75,297.7,286.0,288.5,494955,EQ,9939.0,49.8,115725.0
2025-03-18,291.0,307.5,289.35,305.95,847473,EQ,16537.0,51.25,233892.0
2025-03-19,308.85,323.6,308.0,312.1,1249521,EQ,20795.0,60.09,317705.0
2025-03-20,314.25,316.95,307.55,310.1,910577,EQ,16546.0,55.03,268157.0
2025-03-21,310.5,315.7,304.3,306.7,829970,EQ,12905.0,64.31,331975.0
2025-03-24,309.75,319.2,304.15,306.0,1002419,EQ,14841.0,67.54,328301.0
2025-03-25,308.25,311.15,293.25,294.8,595412,EQ,13610.0,43.75,234209.0
2025-03-26,295.4,298.2,285.55,289.9,846635,EQ,15988.0,52.95,286428.0
2025-03-27,289.6,295.5,286.5,289.1,868126,EQ,12675.0,68.49,330285.0
2025-03-28,291.75,295.5,278.65,281.6,942441,EQ,11968.0,78.75,425416.0
2025-04-01,275.85,288.1,272.25,283.85,570005,EQ,11542.0,49.39,159209.0
2025-04-02,285.15,289.9,277.75,287.9,459248,EQ,9625.0,47.71,120101.0
2025-04-03,270.75,279.0,259.0,276.3,1748405,EQ,32534.0,53.74,543305.0
2025-04-04,270.95,275.0,221.05,230.6,3191859,EQ,43474.0,73.42,1305613.0
2025-04-07,191.3,219.4,188.5,215.9,2291736,EQ,39284.0,58.34,663283.0
2025-04-08,221.3,230.15,216.1,223.7,1839099,EQ,28527.0,64.47,546032.0
2025-04-09,217.5,220.85,196.9,204.35,2451885,EQ,36687.0,66.83,786445.0
2025-04-11,225.85,245.15,225.85,245.15,5805998,EQ,36388.0,159.56,1272084.0
2025-04-15,256.6,291.0,255.1,286.0,7642535,EQ,110016.0,69.47,964550.0
2025-04-16,284.5,291.05,274.7,282.35,2623980,EQ,39372.0,66.65,563552.0
2025-04-17,282.85,306.7,282.4,297.7,3897627,EQ,55303.0,70.48,716788.0
2025-04-21,299.4,303.0,289.5,294.95,1071612,EQ,13973.0,76.69,270759.0
2025-04-22,297.0,303.0,288.0,290.6,1082351,EQ,14122.0,76.64,495099.0
2025-04-23,295.5,296.75,283.7,285.7,671794,EQ,9738.0,68.99,294240.0
2025-04-24,286.05,286.05,275.25,276.7,498533,EQ,11478.0,43.43,225664.0
2025-04-25,277.5,297.7,261.05,289.35,1630742,EQ,30308.0,53.81,525218.0
2025-04-28,289.35,290.65,278.25,279.45,498277,EQ,9532.0,52.27,216114.0
2025-04-29,282.0,282.9,272.05,273.65,448908,EQ,8545.0,52.53,183042.0
2025-04-30,275.25,287.1,267.85,275.05,910790,EQ,17378.0,52.41,278401.0
2025-05-02,272.5,278.95,265.1,267.6,579556,EQ,12149.0,47.7,199597.0
2025-05-05,268.5,288.45,267.1,283.05,871678,EQ,18341.0,47.53,261131.0
2025-05-06,284.85,285.0,268.2,271.05,499827,EQ,10462.0,47.78,197798.0
2025-05-07,266.4,268.35,254.5,264.05,1269937,EQ,21627.0,58.72,460950.0
2025-05-08,269.15,274.7,261.75,263.2,659271,EQ,13351.0,49.38,191261.0
2025-05-09,257.7,262.7,255.1,261.55,508971,EQ,10503.0,48.46,121460.0
2025-05-12,278.15,278.15,270.0,272.55,517675,EQ,9764.0,53.02,182682.0
2025-05-13,272.55,279.0,270.45,275.9,481169,EQ,9059.0,53.12,184192.0
2025-05-14,276.55,281.55,271.1,275.6,784675,EQ,12697.0,61.8,355459.0
2025-05-15,276.75,281.6,274.7,280.6,671365,EQ,10663.0,62.96,293966.0
2025-05-16,282.4,292.05,279.75,282.9,785107,EQ,13772.0,57.01,340238.0
2025-05-19,284.2,296.8,281.4,293.35,997909,EQ,16905.0,59.03,424000.0
2025-05-20,297.7,298.5,285.5,288.7,518213,EQ,10165.0,50.98,215786.0
2025-05-21,288.7,293.75,285.05,288.55,300216,EQ,6744.0,44.52,108994.0
2025-05-22,288.8,292.4,285.1,287.6,348492,EQ,7275.0,47.9,134257.0
2025-05-23,287.6,292.35,283.3,287.5,404439,EQ,7624.0,53.05,176209.0
2025-05-26,288.75,301.2,284.25,294.6,1961782,EQ,31828.0,61.64,600775.0
2025-05-27,294.6,298.5,288.25,293.9,575368,EQ,10358.0,55.55,226124.0
2025-05-28,293.9,295.5,279.75,280.9,603468,EQ,12194.0,49.49,317187.0
2025-05-29,282.5,286.5,276.7,279.05,398567,EQ,8163.0,48.83,193087.0
2025-05-30,280.5,285.75,276.0,281.7,372968,EQ,7767.0,48.02,146038.0
2025-06-02,281.7,283.35,275.65,276.85,291494,EQ,5905.0,49.36,128671.0
2025-06-03,277.55,281.5,274.2,275.6,229293,EQ,4501.0,50.94,110733.0
2025-06-04,275.7,276.65,272.2,272.85,261580,EQ,5006.0,52.25,128060.0
2025-06-05,273.45,277.9,269.25,270.1,301263,EQ,5390.0,55.89,161073.0
2025-06-06,272.6,276.2,269.1,269.65,331240,EQ,6430.0,51.51,135589.0
2025-06-09,271.5,273.5,261.75,262.5,703589,EQ,13376.0,52.6,412730.0
2025-06-10,262.5,280.4,262.5,269.55,1309283,EQ,21123.0,61.98,478313.0
2025-06-11,270.05,274.9,269.1,272.35,585143,EQ,9681.0,60.44,260419.0
2025-06-12,271.5,276.0,267.55,269.0,370872,EQ,5699.0,65.08,155812.0
2025-06-13,263.45,271.45,262.5,269.25,551901,EQ,8261.0,66.81,147700.0
2025-06-16,269.25,274.5,263.2,272.7,328725,EQ,6916.0,47.53,119434.0
2025-06-17,272.7,275.1,267.1,268.1,310370,EQ,6053.0,51.28,142808.0
2025-06-18,268.1,277.4,266.85,272.8,445727,EQ,8145.0,54.72,155231.0
2025-06-19,271.6,275.2,260.25,261.7,406134,EQ,8012.0,50.69,167187.0
2025-06-20,261.7,264.7,258.2,260.1,461612,EQ,8881.0,51.98,130458.0
2025-06-23,258.0,261.05,255.75,256.3,248575,EQ,5460.0,45.53,112097.0
2025-06-24,259.0,263.8,256.3,257.0,298504,EQ,6234.0,47.88,119898.0
2025-06-25,258.85,262.1,257.0,257.9,217752,EQ,5101.0,42.69,84741.0
2025-06-26,259.1,261.0,254.3,256.5,237692,EQ,4795.0,49.57,99008.0
2025-06-27,257.85,267.4,256.9,259.0,472042,EQ,9409.0,50.17,135084.0
2025-06-30,259.0,260.25,255.5,257.9,268727,EQ,5555.0,48.38,114472.0
2025-07-01,258.75,260.6,256.6,257.6,168393,EQ,3387.0,49.72,75020.0
2025-07-02,258.4,258.75,254.25,256.1,226412,EQ,4108.0,55.11,89218.0
2025-07-03,258.75,258.75,255.0,257.0,124803,EQ,2448.0,50.98,49197.0
2025-07-04,257.0,261.7,255.5,260.8,263429,EQ,5425.0,48.56,111695.0
2025-07-07,260.2,268.9,256.0,257.35,352973,EQ,7566.0,46.65,144093.0
2025-07-08,259.45,262.6,253.9,259.65,274004,EQ,5199.0,52.7,136439.0
2025-07-09,262.25,265.4,256.65,258.4,403631,EQ,7456.0,54.14,124110.0
2025-07-10,258.4,259.7,255.6,256.45,139325,EQ,3170.0,43.95,70735.0
2025-07-11,255.1,256.8,254.25,254.85,143158,EQ,2678.0,53.46,64651.0
2025-07-14,254.85,255.4,250.65,252.45,186412,EQ,4252.0,43.84,71315.0
2025-07-15,252.45,259.6,252.45,257.6,191063,EQ,3796.0,50.33,80506.0
2025-07-16,258.15,260.2,255.9,256.35,118061,EQ,2248.0,52.52,61802.0
2025-07-17,256.7,280.5,256.7,268.4,2344891,EQ,36087.0,64.98,584779.0
2025-07-18,270.7,274.95,267.75,271.85,570549,EQ,9841.0,57.98,196454.0
2025-07-21,274.85,276.0,271.5,273.95,497930,EQ,8129.0,61.25,202804.0
2025-07-22,275.0,275.2,262.5,262.95,488765,EQ,17600.0,27.77,265113.0
2025-07-23,264.0,265.3,258.45,260.8,281204,EQ,5434.0,51.75,126028.0
2025-07-24,264.0,264.15,259.35,260.7,158818,EQ,3369.0,47.14,76884.0
2025-07-25,260.5,263.35,258.75,259.95,142696,EQ,3050.0,46.79,63814.0
2025-07-28,259.3,260.8,250.5,252.8,231018,EQ,5672.0,40.73,110639.0
2025-07-29,252.8,255.75,249.35,251.55,175596,EQ,3767.0,46.61,84189.0
2025-07-30,251.55,256.55,251.25,252.45,158575,EQ,3711.0,42.73,67584.0
2025-07-31,232.5,260.1,230.25,256.85,1136063,EQ,19592.0,57.99,284164.0
2025-08-01,255.8,256.4,247.5,248.6,234626,EQ,6228.0,37.67,94529.0
2025-08-04,249.0,260.85,247.6,256.55,417012,EQ,8471.0,49.23,202296.0
2025-08-05,256.05,265.45,253.2,262.6,348340,EQ,7025.0,49.59,192582.0
2025-08-06,262.5,269.35,255.45,264.5,641437,EQ,12396.0,51.75,219998.0
2025-08-07,257.5,273.75,252.0,271.25,899523,EQ,19431.0,46.29,344116.0
2025-08-08,270.7,273.75,264.8,270.5,611331,EQ,10506.0,58.19,305162.0
2025-08-11,269.25,277.9,266.75,272.95,868919,EQ,15630.0,55.59,383277.0
2025-08-12,277.5,285.7,271.35,274.15,2064841,EQ,33913.0,60.89,582313.0
2025-08-13,277.0,280.4,269.2,275.25,735183,EQ,11074.0,66.39,313958.0
2025-08-14,272.6,274.5,261.45,271.35,1054251,EQ,14973.0,70.41,492453.0
2025-08-18,276.0,276.75,266.25,269.6,689624,EQ,11220.0,61.46,322566.0
2025-08-19,270.45,271.4,265.15,269.25,414779,EQ,10104.0,41.05,166902.0
2025-08-20,265.5,268.5,255.25,260.5,1630835,EQ,17428.0,93.58,785525.0
2025-08-21,259.8,275.25,259.5,272.3,2517474,EQ,25315.0,99.45,1693957.0
2025-08-22,276.75,283.5,266.3,268.7,2212856,EQ,28514.0,77.61,987432.0
2025-08-25,270.95,282.4,265.5,269.8,2035702,EQ,28582.0,71.22,657503.0
2025-08-26,269.2,269.2,261.4,262.75,1470447,EQ,15443.0,95.22,713670.0
2025-08-28,260.25,272.2,255.0,269.1,1018828,EQ,16011.0,63.63,451265.0
2025-08-29,266.4,274.5,266.4,272.3,856038,EQ,12949.0,66.11,450052.0
2025-09-01,271.8,287.9,270.75,284.2,1630933,EQ,30322.0,53.79,837635.0
2025-09-02,285.55,292.5,281.6,283.1,1044632,EQ,22545.0,46.34,433129.0
2025-09-03,284.6,303.4,283.5,301.6,1706591,EQ,27827.0,61.33,674918.0
2025-09-04,303.75,308.85,294.25,297.45,994086,EQ,17158.0,57.94,468917.0
2025-09-05,298.3,318.7,296.25,312.4,1527495,EQ,27377.0,55.79,601520.0
2025-09-08,314.25,319.25,300.8,302.7,939353,EQ,20090.0,46.76,389462.0
2025-09-09,303.75,305.95,296.25,297.8,392109,EQ,8450.0,46.4,187653.0
2025-09-10,298.95,307.35,296.2,298.3,1012350,EQ,20652.0,49.02,391357.0
2025-09-11,299.2,306.3,297.0,302.25,673355,EQ,11475.0,58.68,275084.0
2025-09-12,303.75,310.9,297.4,299.45,883603,EQ,18846.0,46.89,306151.0
2025-09-15,299.9,300.5,293.45,296.75,322680,EQ,6703.0,48.14,129706.0
2025-09-16,296.9,301.4,291.1,292.6,447946,EQ,9078.0,49.34,170765.0
2025-09-17,294.2,302.15,292.75,294.5,651867,EQ,12468.0,52.28,227670.0
2025-09-18,295.5,308.15,288.75,303.0,1415380,EQ,19834.0,71.36,448959.0
2025-09-19,302.4,303.75,296.55,298.9,688417,EQ,9709.0,70.91,313599.0
2025-09-22,298.9,298.9,287.35,288.8,476465,EQ,8792.0,54.19,290555.0
2025-09-23,290.25,292.6,283.5,285.35,450811,EQ,7851.0,57.42,228356.0
2025-09-24,283.8,288.1,281.4,284.75,363319,EQ,7201.0,50.45,153017.0
2025-09-25,284.75,286.0,277.7,278.5,314376,EQ,7403.0,42.47,147584.0
2025-09-26,275.35,282.75,272.15,276.1,1455051,EQ,12742.0,114.19,1036904.0
2025-09-29,279.0,281.65,275.25,277.3,227595,EQ,5210.0,43.68,106830.0
2025-09-30,277.3,298.55,268.5,289.45,593268,EQ,12288.0,48.28,260219.0
2025-10-01,288.35,289.2,281.6,286.8,680967,EQ,9807.0,69.44,361584.0
2025-10-03,286.9,294.7,283.5,292.5,479279,EQ,8288.0,57.83,248049.0
2025-10-06,291.75,292.35,282.4,283.85,291027,EQ,7122.0,40.86,145907.0
2025-10-07,284.3,289.6,282.4,286.0,279723,EQ,6424.0,43.54,88652.0
2025-10-08,286.45,288.5,284.25,285.25,161744,EQ,3679.0,43.96,67679.0
2025-10-09,281.3,284.6,279.5,280.3,180725,EQ,3844.0,47.01,87074.0
2025-10-10,280.5,284.8,277.5,279.65,240178,EQ,5799.0,41.42,114816.0
2025-10-13,275.45,281.6,272.55,278.4,391676,EQ,8499.0,46.08,183687.0
2025-10-14,280.9,280.9,267.75,269.1,471829,EQ,10699.0,44.1,235935.0
2025-10-15,268.2,273.3,267.2,268.1,287993,EQ,6224.0,46.27,147790.0
2025-10-16,269.95,274.1,268.9,272.7,253578,EQ,6271.0,40.44,93393.0
2025-10-17,270.75,273.45,267.75,268.55,170693,EQ,4045.0,42.2,73018.0
2025-10-20,269.8,269.95,264.45,268.1,203274,EQ,4396.0,46.24,87164.0
2025-10-21,264.25,271.2,264.25,269.4,57303,EQ,1449.0,39.55,33617.0
2025-10-23,277.5,285.3,271.7,273.85,622418,EQ,12771.0,48.74,201100.0
2025-10-24,277.5,277.5,264.4,266.6,396517,EQ,11144.0,35.58,194152.0
2025-10-27,267.05,269.5,263.35,268.3,238111,EQ,5587.0,42.62,110047.0
2025-10-28,269.5,270.0,264.85,266.9,158238,EQ,3416.0,46.32,70499.0
2025-10-29,267.0,274.5,265.75,272.9,240580,EQ,4869.0,49.41,132543.0
2025-10-30,272.35,275.0,270.75,271.25,134968,EQ,3000.0,44.99,61982.0
2025-10-31,270.0,273.85,267.1,268.6,114518,EQ,2947.0,38.86,58283.0
2025-11-03,268.55,285.0,268.4,283.15,964560,EQ,13606.0,70.89,526632.0
2025-11-04,282.5,282.5,274.5,275.65,195670,EQ,4514.0,43.35,88607.0
2025-11-06,270.0,273.3,266.3,266.9,244026,EQ,5617.0,43.44,141999.0
2025-11-07,266.9,269.6,262.5,266.15,290646,EQ,5211.0,55.78,136507.0
2025-11-10,267.6,269.25,264.0,264.8,210785,EQ,5048.0,41.76,119004.0
2025-11-11,266.9,267.0,263.6,265.65,166868,EQ,3091.0,53.99,81133.0
2025-11-12,267.0,280.0,263.1,271.65,1357143,EQ,17105.0,79.34,547173.0
2025-11-13,270.4,299.85,268.1,292.55,3431855,EQ,43903.0,78.17,1096600.0
2025-11-14,292.5,300.0,282.1,284.8,1101428,EQ,19128.0,57.58,417945.0
2025-11-17,286.9,288.35,276.8,280.9,517431,EQ,11145.0,46.43,206922.0
2025-11-18,282.55,282.55,276.3,277.15,198261,EQ,5048.0,39.28,98696.0
2025-11-19,287.0,296.5,278.3,282.85,2554460,EQ,44156.0,57.85,605665.0
2025-11-20,285.0,294.3,282.05,291.85,991356,EQ,14405.0,68.82,405609.0
2025-11-21,292.5,306.0,289.0,292.9,1849625,EQ,29183.0,63.38,525894.0
2025-11-24,292.9,293.75,278.6,280.25,457751,EQ,8387.0,54.58,223516.0
2025-11-25,279.0,282.45,276.9,279.6,360124,EQ,8188.0,43.98,114170.0
2025-11-26,280.6,301.3,279.0,299.0,1073303,EQ,18334.0,58.54,419114.0
2025-11-27,299.35,305.25,287.3,293.6,1352821,EQ,19975.0,67.73,498625.0
2025-11-28,294.05,300.3,290.5,298.4,716298,EQ,9129.0,78.46,326888.0
2025-12-01,301.3,305.1,296.0,301.9,867957,EQ,13084.0,66.34,452192.0
2025-12-02,298.85,299.2,291.4,293.4,261726,EQ,6933.0,37.75,107974.0
2025-12-03,291.0,292.9,283.15,285.15,310048,EQ,8245.0,37.6,130079.0
2025-12-04,284.6,289.6,282.75,285.0,215053,EQ,5328.0,40.36,94779.0
2025-12-05,285.0,285.3,279.2,280.55,168507,EQ,5540.0,30.42,80091.0
2025-12-08,280.4,280.4,271.9,274.45,259622,EQ,6516.0,39.84,154337.0
2025-12-09,271.5,283.45,271.5,280.35,337678,EQ,8015.0,42.13,154729.0
2025-12-10,283.45,289.45,277.0,278.2,292536,EQ,8039.0,36.39,113421.0
2025-12-11,279.7,281.9,276.65,279.3,158576,EQ,5067.0,31.3,59185.0
2025-12-12,280.45,282.4,277.65,278.6,177198,EQ,4629.0,38.28,75085.0
2025-12-15,278.85,280.5,276.75,279.4,511419,EQ,4866.0,105.1,425476.0
2025-12-16,279.4,281.25,277.0,279.5,122655,EQ,3304.0,37.12,59635.0
2025-12-17,280.5,280.5,273.75,274.9,142847,EQ,4689.0,30.46,69580.0
2025-12-18,276.6,276.6,270.95,272.0,137574,EQ,4341.0,31.69,64923.0
2025-12-19,272.9,278.25,272.9,277.6,121491,EQ,3585.0,33.89,48402.0
2025-12-22,281.25,283.5,276.1,278.15,317331,EQ,10732.0,29.57,130912.0
2025-12-23,280.4,281.25,274.6,275.3,196123,EQ,8427.0,23.27,105100.0
2025-12-24,275.4,277.85,271.5,272.35,269614,EQ,13657.0,19.74,143169.0
2025-12-26,272.2,274.55,270.0,270.5,219697,EQ,8095.0,27.14,114495.0
2025-12-29,270.5,271.05,263.55,264.35,480428,EQ,9855.0,48.75,339142.0
2025-12-30,264.35,276.25,262.25,269.0,1257752,EQ,5611.0,224.16,810951.0
2025-12-31,270.75,273.5,269.9,271.9,196288,EQ,5140.0,38.19,81755.0
2026-01-01,271.4,273.1,270.1,272.1,121072,EQ,4109.0,29.47,49547.0
2026-01-02,272.25,275.25,270.1,273.4,158619,EQ,3493.0,45.41,79685.0
2026-01-05,272.6,275.25,266.0,267.3,177796,EQ,4698.0,37.85,101445.0
2026-01-06,267.3,294.2,263.7,282.4,628776,EQ,13035.0,48.24,261387.0
2026-01-07,279.75,282.7,276.85,280.15,496254,EQ,12137.0,40.89,133508.0
2026-01-08,281.2,281.5,264.0,265.8,415089,EQ,9808.0,42.32,177849.0
2026-01-09,263.25,269.05,253.7,257.1,576245,EQ,13210.0,43.62,265950.0
2026-01-12,255.05,258.9,247.6,257.35,349858,EQ,9294.0,37.64,138068.0
2026-01-13,258.75,269.8,256.9,259.0,324871,EQ,9068.0,35.83,143777.0
2026-01-14,257.1,260.0,248.35,249.85,411597,EQ,10290.0,40.0,225640.0
2026-01-16,251.85,253.5,247.65,251.05,236446,EQ,4972.0,47.56,118521.0
2026-01-19,250.9,253.65,242.1,245.8,231956,EQ,6199.0,37.42,102645.0
2026-01-20,246.55,251.75,231.0,232.6,626547,EQ,14511.0,43.18,273669.0
2026-01-21,231.05,237.0,216.05,219.4,645279,EQ,16323.0,39.53,299161.0
2026-01-22,225.0,234.4,223.1,232.1,446576,EQ,10668.0,41.86,168906.0
2026-01-23,235.6,235.6,221.25,222.7,361273,EQ,8471.0,42.65,166390.0
2026-01-27,225.0,225.15,212.8,219.4,717106,EQ,13646.0,52.55,324566.0
2026-01-28,223.3,249.35,221.25,241.7,949840,EQ,19778.0,48.03,293218.0
2026-01-29,241.7,242.95,228.75,236.25,489622,EQ,11287.0,43.38,159206.0
2026-01-30,235.55,237.2,231.4,233.35,235203,EQ,6377.0,36.88,74944.0
2026-02-01,233.35,236.15,225.75,229.4,211209,EQ,6441.0,32.79,84863.0
2026-02-02,228.8,233.95,217.35,223.6,594565,EQ,12737.0,46.68,281130.0
2026-02-03,268.3,268.3,256.55,268.3,2402932,EQ,15438.0,155.65,934993.0
2026-02-04,270.75,274.9,264.75,271.3,1848001,EQ,33944.0,54.44,426640.0
2026-02-05,267.85,267.85,259.9,266.2,547703,EQ,10842.0,50.52,195028.0
2026-02-06,266.2,276.75,259.8,274.25,779407,EQ,14990.0,52.0,290023.0
2026-02-09,291.75,321.55,288.75,305.45,8477375,EQ,132340.0,64.06,1555215.0
2026-02-10,306.6,333.0,303.75,308.35,6042330,EQ,85876.0,70.36,1146345.0
2026-02-11,311.15,314.9,292.5,293.9,1700008,EQ,24257.0,70.08,574661.0
2026-02-12,290.25,297.2,287.1,287.8,792351,EQ,11779.0,67.27,249304.0
2026-02-13,283.55,304.9,283.1,295.0,1549411,EQ,25831.0,59.98,323509.0
2026-02-16,294.0,302.75,285.1,294.5,752775,EQ,11392.0,66.08,251663.0
2026-02-17,290.25,301.5,289.7,290.9,569880,EQ,9657.0,59.01,203429.0
2026-02-18,292.4,294.1,280.05,288.15,1186719,EQ,14311.0,82.92,395716.0
2026-02-19,289.15,293.95,281.25,283.9,670054,EQ,13177.0,50.85,234088.0
2026-02-20,281.25,289.7,280.0,285.7,474092,EQ,9488.0,49.97,171170.0
2026-02-23,289.5,290.2,267.2,270.05,1073955,EQ,18429.0,58.28,404335.0
2026-02-24,270.75,270.75,261.0,265.3,414689,EQ,8601.0,48.21,156269.0
2026-02-25,267.0,270.0,256.7,262.7,456145,EQ,7626.0,59.81,189907.0
2026-02-26,264.7,267.75,261.2,264.7,366958,EQ,6860.0,53.49,106092.0
2026-02-27,264.7,266.95,262.5,263.8,253118,EQ,5020.0,50.42,99481.0
2026-03-02,254.25,266.25,248.25,261.1,742403,EQ,13225.0,56.14,250053.0
2026-03-04,255.0,255.0,244.6,246.4,523932,EQ,10140.0,51.67,216505.0
2026-03-05,250.1,253.45,236.0,247.55,896802,EQ,30243.0,29.65,322361.0
2026-03-06,245.6,248.05,240.0,242.3,330403,EQ,6072.0,54.41,131210.0
2026-03-09,234.8,239.85,229.5,234.85,493438,EQ,9038.0,54.6,198977.0
2026-03-10,235.0,246.0,233.9,240.65,505705,EQ,8146.0,62.08,194749.0
2026-03-11,240.75,245.3,232.6,234.8,457774,EQ,7615.0,60.11,218188.0
2026-03-12,234.8,237.95,227.9,234.0,511543,EQ,7921.0,64.58,221813.0
2026-03-13,233.15,233.15,221.25,222.4,733404,EQ,10910.0,67.22,367603.0
2026-03-16,222.75,224.6,213.75,218.9,544668,EQ,11240.0,48.46,225568.0
2026-03-17,219.3,225.45,217.05,222.4,514283,EQ,9496.0,54.16,185104.0
2026-03-18,224.0,232.5,223.6,229.65,546653,EQ,8866.0,61.66,277400.0
2026-03-19,223.9,224.6,217.6,218.6,502042,EQ,8631.0,58.17,258840.0
2026-03-20,220.5,227.1,219.65,222.1,388970,EQ,7379.0,52.71,157658.0
2026-03-23,219.75,220.4,210.0,211.45,424806,EQ,9720.0,43.7,207468.0
2026-03-24,219.2,220.5,207.95,215.05,504903,EQ,11930.0,42.32,204102.0
2026-03-25,219.1,226.2,216.1,218.3,1708355,EQ,11672.0,146.36,1218418.0
2026-03-27,218.3,218.85,208.2,212.55,735547,EQ,12507.0,58.81,374590.0
2026-03-30,208.5,210.0,198.75,201.5,915251,EQ,14403.0,63.55,531098.0
2026-04-01,207.0,224.1,204.55,217.8,837409,EQ,12584.0,66.55,306089.0
2026-04-02,214.5,219.75,207.1,218.7,325285,EQ,5608.0,58.0,96345.0
2026-04-06,219.0,227.15,213.75,225.7,571102,EQ,11295.0,50.56,119774.0
2026-04-07,224.9,231.45,222.8,228.1,430192,EQ,7820.0,55.01,178370.0
2026-04-08,241.1,260.8,234.9,253.6,2254211,EQ,33110.0,68.08,495797.0
2026-04-09,252.45,255.9,246.45,250.05,441680,EQ,7846.0,56.29,124258.0
2026-04-10,251.3,263.0,250.55,259.9,767156,EQ,10698.0,71.71,248770.0
2026-04-13,250.7,260.9,246.65,253.75,558575,EQ,9600.0,58.18,177587.0
2026-04-15,259.5,303.0,258.7,287.6,1729228,EQ,19606.0,88.2,895333.0
2026-04-16,295.5,299.1,284.0,288.85,1121126,EQ,19429.0,57.7,325449.0
2026-04-17,289.5,312.75,287.4,304.6,1117640,EQ,17262.0,64.75,421343.0
2026-04-20,299.8,310.6,293.25,305.45,829606,EQ,13687.0,60.61,327595.0
2026-04-21,307.5,311.25,302.35,308.6,888970,EQ,13321.0,66.73,280893.0
2026-04-22,307.45,309.6,299.5,302.9,558882,EQ,9028.0,61.91,192880.0
2026-04-23,300.0,302.55,294.25,296.6,295700,EQ,6072.0,48.7,93872.0
2026-04-24,296.55,298.2,284.2,285.85,414724,EQ,8805.0,47.1,146834.0
2026-04-27,286.6,294.4,286.6,289.9,252051,EQ,4740.0,53.18,92135.0
2026-04-28,288.75,290.85,285.45,286.7,190917,EQ,3416.0,55.89,95847.0
2026-04-29,285.1,291.75,285.1,290.05,264488,EQ,4021.0,65.78,119646.0
2026-04-30,285.7,288.5,280.25,282.85,245570,EQ,4761.0,51.58,92913.0
2026-05-04,285.0,307.85,280.1,299.5,621568,EQ,8632.0,72.01,239098.0
2026-05-05,296.25,307.45,295.55,304.0,517909,EQ,9939.0,52.11,170859.0
2026-05-06,302.6,314.25,300.0,305.9,692952,EQ,12270.0,56.48,202430.0
2026-05-07,307.5,315.75,303.9,313.0,906884,EQ,12880.0,70.41,384369.0
2026-05-08,314.0,336.5,314.0,326.95,1958141,EQ,31101.0,62.96,709398.0
2026-05-11,318.7,320.9,306.3,312.1,1002548,EQ,18824.0,53.26,294235.0
2026-05-12,311.2,314.1,285.25,287.5,837147,EQ,17376.0,48.18,319292.0
2026-05-13,284.25,295.9,280.5,292.65,806914,EQ,15351.0,52.56,194055.0
2026-05-14,296.1,297.35,284.05,287.8,457810,EQ,8915.0,51.35,143158.0
2026-05-15,287.25,293.35,282.4,283.95,385897,EQ,7612.0,50.7,145771.0
2026-05-18,281.25,286.05,270.35,277.6,434853,EQ,12294.0,35.37,160507.0
2026-05-19,279.0,286.9,279.0,284.8,241271,EQ,7515.0,32.11,78052.0
2026-05-20,283.4,289.0,280.95,285.4,258836,EQ,7642.0,33.87,92081.0
2026-05-21,288.0,292.05,285.3,287.5,211973,EQ,5601.0,37.85,70694.0
2026-05-22,288.75,294.75,287.35,293.5,290962,EQ,5840.0,49.82,127372.0
2026-05-25,297.4,310.3,295.15,305.95,629205,EQ,12852.0,48.96,242869.0
2026-05-26,304.7,309.4,300.4,306.15,284321,EQ,6534.0,43.51,114362.0
2026-05-27,307.5,321.0,294.15,308.95,2562779,EQ,53559.0,47.85,440788.0
2026-05-29,311.2,320.85,302.4,306.7,665767,EQ,14038.0,47.43,280430.0
2026-06-01,307.7,326.25,305.5,307.3,1248104,EQ,23943.0,52.13,437307.0
2026-06-02,308.75,331.5,308.25,318.35,1955838,EQ,34025.0,57.48,671229.0
2026-06-03,320.9,329.25,316.35,326.5,1129953,EQ,21965.0,51.44,435207.0
2026-06-04,330.0,336.5,321.85,323.8,907886,EQ,16680.0,54.43,290017.0
2026-06-05,325.9,328.0,312.4,316.2,510424,EQ,11000.0,46.4,164895.0
2026-06-08,309.45,315.75,305.25,307.75,312882,EQ,7025.0,44.54,120852.0
2026-06-09,308.25,328.5,308.25,325.85,1049106,EQ,17969.0,58.38,381261.0
2026-06-10,328.6,343.5,320.35,323.7,2181166,EQ,42838.0,50.92,640993.0
2026-06-11,319.6,328.3,314.05,317.85,596911,EQ,14718.0,40.56,193935.0
2026-06-12,322.5,363.75,322.5,359.1,8101241,EQ,118143.0,68.57,1358660.0
2026-06-15,360.0,369.0,348.55,351.75,1547840,EQ,25553.0,60.57,471118.0
2026-06-16,349.4,369.7,347.5,364.25,1470919,EQ,22327.0,65.88,457931.0
2026-06-17,367.5,378.75,360.05,375.0,1607470,EQ,22681.0,70.87,696291.0
2026-06-18,370.5,380.6,355.5,359.8,1081001,EQ,17375.0,62.22,386476.0
2026-06-19,354.4,365.4,352.75,355.95,559318,EQ,12492.0,44.77,221012.0
2026-06-22,357.75,360.7,348.4,352.1,588547,EQ,11485.0,51.24,235545.0
2026-06-23,351.7,360.0,349.35,352.1,494550,EQ,10624.0,46.55,151534.0
2026-06-24,353.25,357.0,339.4,348.2,703277,EQ,14752.0,47.67,337267.0
2026-06-25,346.4,352.35,342.45,348.65,466811,EQ,8977.0,52.0,172204.0
2026-06-29,347.35,349.4,337.7,339.5,362437,EQ,7301.0,49.64,159826.0
2026-06-30,331.75,334.9,318.45,333.1,1560429,EQ,34152.0,45.69,573344.0
2026-07-01,334.05,338.5,330.0,334.95,461289,EQ,9718.0,47.47,177961.0
2026-07-02,338.25,348.75,336.1,337.45,835688,EQ,15728.0,53.13,328584.0
2026-07-03,338.9,363.0,334.6,360.3,1540921,EQ,26795.0,57.51,594151.0
2026-07-06,363.6,363.6,346.5,348.6,608570,EQ,12113.0,50.24,327343.0
2026-07-07,349.1,350.2,336.3,337.7,478990,EQ,9234.0,51.87,255846.0
2026-07-08,335.1,335.1,306.0,318.8,1046324,EQ,22435.0,46.64,470186.0
2026-07-09,319.5,324.9,314.05,315.4,962915,EQ,18814.0,51.18,517862.0
2026-07-10,321.5,378.45,317.2,378.0,9982384,EQ,83666.0,119.31,1791399.0
2026-07-13,371.0,393.65,365.75,374.55,3231438,EQ,51440,62.82,582028
2026-07-14,367.6,370.0,352.4,359.5,1124569,EQ,19089,58.91,364141
2026-07-15,361.2,362.0,345.1,357.45,1254536,EQ,23487,53.41,436159
2026-07-16,360.0,365.0,350.8,352.8,820039,EQ,15111,54.27,257311
2026-07-17,350.0,352.95,341.0,345.4,507901,EQ,10745,47.27,228903
2026-07-20,345.4,353.8,338.15,343.95,502232,EQ,10201,49.23,153972
2026-07-21,341.1,347.95,330.95,343.4,951678,EQ,13767,69.13,341866
2026-07-22,345.9,352.0,338.45,341.9,1055724,EQ,15554,67.87,522902
2026-07-23,340.0,356.75,337.75,347.05,896139,EQ,17498,51.21,329967
2026-07-24,347.0,352.0,335.0,349.5,572301,EQ,13254,43.18,181467
2026-07-27,352.15,358.5,352.15,355.75,603390,EQ,11909,50.67,205558
2026-07-28,357.0,364.0,351.5,358.7,789460,EQ,15000,52.63,298457
2026-07-29,358.7,364.4,350.45,352.8,607428,EQ,11047,54.99,237610
2026-07-30,354.75,374.0,354.2,361.5,1473816,EQ,27744,53.12,523741
2026-07-31,363.05,379.4,361.3,375.7,1046622,EQ,18487,56.61,479752
2026-08-03,376.0,381.45,361.1,362.95,765796,EQ,14792,51.77,392137
2026-08-04,363.05,368.0,355.65,361.1,509486,EQ,10506,48.49,197239
2026-08-05,364.5,365.95,360.1,362.15,287739,EQ,5306,54.23,150158
2026-08-06,363.5,382.5,360.15,376.15,1555115,EQ,26994,57.61,667025
2026-08-07,379.9,398.0,359.65,372.9,7430942,EQ,128720,57.73,1570289
