Date,Open,High,Low,Close,Volume,Series,TOTAL_TRADES,QTY_PER_TRADE,DLV_QTY
2015-01-08,24.6,25.25,23.85,24.25,206543,EQ,,,
2015-01-09,24.35,25.15,24.05,24.45,205660,EQ,,,
2015-01-12,24.5,25.05,24.35,24.6,167195,EQ,,,
2015-01-13,24.6,24.7,24.0,24.0,117611,EQ,,,
2015-01-14,24.35,24.4,23.35,23.65,130115,EQ,,,
2015-01-15,23.85,24.5,23.3,23.6,122187,EQ,,,
2015-01-16,23.65,23.65,22.95,23.25,155675,EQ,,,
2015-01-19,23.65,26.65,23.35,25.5,583853,EQ,,,
2015-01-20,26.35,27.15,25.85,26.25,382469,EQ,,,
2015-01-21,26.8,27.8,26.05,26.3,1204677,EQ,,,
2015-01-22,26.5,27.1,25.9,26.05,370297,EQ,,,
2015-01-23,26.55,26.65,25.4,25.65,228679,EQ,,,
2015-01-27,25.75,26.25,24.8,25.05,240700,EQ,,,
2015-01-28,25.0,25.15,24.35,24.5,198390,EQ,,,
2015-01-29,24.5,25.65,24.35,24.65,225314,EQ,,,
2015-01-30,24.75,24.95,24.05,24.25,187137,EQ,,,
2015-02-02,24.35,25.55,24.2,24.95,258842,EQ,,,
2015-02-03,25.2,25.95,24.7,25.0,231752,EQ,,,
2015-02-04,25.2,26.1,25.0,25.6,301283,EQ,,,
2015-02-05,25.6,26.65,25.3,25.55,292386,EQ,,,
2015-02-06,25.8,25.85,24.65,24.9,158906,EQ,,,
2015-02-09,24.95,25.65,24.75,24.85,143511,EQ,,,
2015-02-10,25.25,25.45,24.65,25.0,148028,EQ,,,
2015-02-11,25.05,25.2,24.8,24.9,134108,EQ,,,
2015-02-12,25.0,25.35,24.75,25.05,142945,EQ,,,
2015-02-13,25.1,25.6,24.95,25.1,184733,EQ,,,
2015-02-16,25.45,25.45,24.8,24.95,130203,EQ,,,
2015-02-18,25.0,25.15,23.0,24.65,136625,EQ,,,
2015-02-19,24.7,25.05,24.45,24.65,138044,EQ,,,
2015-02-20,24.85,25.15,24.65,24.9,129529,EQ,,,
2015-02-23,26.6,26.95,25.65,26.05,254805,EQ,,,
2015-02-24,26.3,26.5,25.1,25.3,153774,EQ,,,
2015-02-25,25.35,28.85,25.35,27.55,1018657,EQ,,,
2015-02-26,27.85,28.45,27.15,27.4,339378,EQ,,,
2015-02-27,27.85,28.3,27.35,27.85,213072,EQ,,,
2015-02-28,28.0,28.0,26.75,27.2,165356,EQ,,,
2015-03-02,27.35,27.65,25.7,26.9,237005,EQ,,,
2015-03-03,26.85,27.35,26.3,26.75,200105,EQ,,,
2015-03-04,26.65,27.55,26.35,26.5,160378,EQ,,,
2015-03-05,26.85,27.5,26.4,27.3,188179,EQ,,,
2015-03-09,28.0,28.5,27.25,27.5,466967,EQ,,,
2015-03-10,27.95,27.95,26.75,26.95,170824,EQ,,,
2015-03-11,26.95,27.5,26.45,26.55,164391,EQ,,,
2015-03-12,27.15,27.15,26.55,26.9,154492,EQ,,,
2015-03-13,26.95,27.65,26.45,26.6,207045,EQ,,,
2015-03-16,27.2,27.2,26.0,26.05,146860,EQ,,,
2015-03-17,26.45,26.95,26.05,26.7,206591,EQ,,,
2015-03-18,26.75,26.95,26.15,26.2,147765,EQ,,,
2015-03-19,26.25,26.75,26.05,26.15,137638,EQ,,,
2015-03-20,26.15,26.35,25.05,25.2,151268,EQ,,,
2015-03-23,25.2,25.6,23.4,23.65,152526,EQ,,,
2015-03-24,24.65,26.05,24.65,25.6,405509,EQ,,,
2015-03-25,25.9,25.95,25.0,25.15,161816,EQ,,,
2015-03-26,25.15,25.6,24.65,25.05,148200,EQ,,,
2015-03-27,24.8,25.5,24.4,24.85,146071,EQ,,,
2015-03-30,25.55,25.65,24.85,25.45,135031,EQ,,,
2015-03-31,25.9,27.2,25.9,26.3,235276,EQ,,,
2015-04-01,26.5,27.3,26.0,26.8,184467,EQ,,,
2015-04-06,27.1,27.85,26.75,27.1,213262,EQ,,,
2015-04-07,27.3,27.65,26.35,27.05,159570,EQ,,,
2015-04-08,27.35,27.5,27.0,27.35,163358,EQ,,,
2015-04-09,27.45,27.5,27.0,27.25,135316,EQ,,,
2015-04-10,27.35,29.8,27.2,28.55,579849,EQ,,,
2015-04-13,28.9,29.85,28.9,28.95,304884,EQ,,,
2015-04-15,29.15,29.85,28.7,28.95,208020,EQ,,,
2015-04-16,29.0,30.35,28.9,29.05,296605,EQ,,,
2015-04-17,29.3,29.6,28.55,28.75,146770,EQ,,,
2015-04-20,28.8,28.9,27.7,27.95,138612,EQ,,,
2015-04-21,28.0,28.35,27.15,27.35,127451,EQ,,,
2015-04-22,27.65,32.45,27.35,28.05,177067,EQ,,,
2015-04-23,28.3,30.0,28.2,29.25,369763,EQ,,,
2015-04-24,29.5,30.25,28.35,28.65,239646,EQ,,,
2015-04-27,29.15,29.85,27.4,27.8,176754,EQ,,,
2015-04-28,28.3,29.75,28.05,29.0,482745,EQ,,,
2015-04-29,29.05,29.8,28.35,28.7,186101,EQ,,,
2015-04-30,28.75,28.95,28.1,28.45,106436,EQ,,,
2015-05-04,28.65,29.25,28.25,28.8,115678,EQ,,,
2015-05-05,29.6,31.65,29.5,31.05,627324,EQ,,,
2015-05-06,30.9,32.0,30.05,31.15,496792,EQ,,,
2015-05-07,31.15,33.35,30.75,32.5,628002,EQ,,,
2015-05-08,33.15,35.0,33.15,33.6,427624,EQ,,,
2015-05-11,34.15,34.65,33.65,33.9,179791,EQ,,,
2015-05-12,34.0,34.2,32.35,32.6,145386,EQ,,,
2015-05-13,32.85,34.0,32.6,33.25,122932,EQ,,,
2015-05-14,33.2,33.2,32.55,32.8,85579,EQ,,,
2015-05-15,32.95,34.1,32.85,33.3,116161,EQ,,,
2015-05-18,33.4,33.6,33.0,33.35,109133,EQ,,,
2015-05-19,33.2,33.95,33.05,33.25,111931,EQ,,,
2015-05-20,33.3,33.55,32.85,33.0,77093,EQ,,,
2015-05-21,33.15,33.25,32.5,32.65,64336,EQ,,,
2015-05-22,32.65,33.25,32.65,32.8,97321,EQ,,,
2015-05-25,32.8,33.05,32.2,32.35,117729,EQ,,,
2015-05-26,32.4,32.8,31.0,31.25,129543,EQ,,,
2015-05-27,31.2,31.2,30.0,30.5,104234,EQ,,,
2015-05-28,30.65,31.4,30.3,30.6,100068,EQ,,,
2015-05-29,30.8,31.8,30.7,31.2,96379,EQ,,,
2015-06-01,31.3,31.3,30.25,30.55,89479,EQ,,,
2015-06-02,30.6,30.8,30.05,30.25,80560,EQ,,,
2015-06-03,30.3,30.35,28.0,29.15,106989,EQ,,,
2015-06-04,29.3,29.45,28.35,28.6,58254,EQ,,,
2015-06-05,28.55,29.4,28.55,28.75,62228,EQ,,,
2015-06-08,28.95,29.05,27.1,27.35,84820,EQ,,,
2015-06-09,27.35,27.6,26.6,26.95,65142,EQ,,,
2015-06-10,28.0,31.6,27.95,30.35,429152,EQ,,,
2015-06-11,30.6,31.0,28.65,29.0,132446,EQ,,,
2015-06-12,29.0,29.65,28.25,28.8,67047,EQ,,,
2015-06-15,28.85,29.6,28.75,29.1,94865,EQ,,,
2015-06-16,29.3,29.35,27.65,28.7,55067,EQ,,,
2015-06-17,28.8,30.5,28.8,30.05,104207,EQ,,,
2015-06-18,30.15,31.0,30.0,30.1,79803,EQ,,,
2015-06-19,30.5,30.75,29.4,29.6,74528,EQ,,,
2015-06-22,29.8,30.3,29.55,29.65,64835,EQ,,,
2015-06-23,30.0,30.0,29.35,29.4,81556,EQ,,,
2015-06-24,29.45,29.5,28.95,29.15,56369,EQ,,,
2015-06-25,29.2,29.4,28.8,29.05,80581,EQ,,,
2015-06-26,29.15,29.35,28.8,28.9,49761,EQ,,,
2015-06-29,28.85,28.85,26.65,28.0,97371,EQ,,,
2015-06-30,28.05,28.8,27.85,28.65,63599,EQ,,,
2015-07-01,28.65,29.25,28.35,28.95,66757,EQ,,,
2015-07-02,29.0,30.05,29.0,29.7,117937,EQ,,,
2015-07-03,30.15,30.4,29.4,29.6,53970,EQ,,,
2015-07-06,29.35,30.65,29.0,30.0,84313,EQ,,,
2015-07-07,30.3,31.3,29.85,30.0,72439,EQ,,,
2015-07-08,29.85,29.85,29.0,29.25,49558,EQ,,,
2015-07-09,29.35,30.85,29.05,30.25,58359,EQ,,,
2015-07-10,30.4,34.25,30.35,33.4,480168,EQ,,,
2015-07-13,33.35,37.65,33.35,36.85,1089449,EQ,,,
2015-07-14,36.95,36.95,35.1,36.35,222166,EQ,,,
2015-07-15,35.6,39.3,35.6,36.6,568437,EQ,,,
2015-07-16,36.65,38.35,36.65,37.35,260919,EQ,,,
2015-07-17,37.6,38.2,34.35,34.75,653520,EQ,,,
2015-07-20,34.45,34.65,32.55,33.4,216360,EQ,,,
2015-07-21,33.3,33.35,30.45,31.05,126186,EQ,,,
2015-07-22,31.0,32.8,30.2,32.05,122483,EQ,,,
2015-07-23,32.0,32.65,31.4,32.2,78374,EQ,,,
2015-07-24,32.3,33.6,31.8,32.05,65703,EQ,,,
2015-07-27,31.65,32.3,31.05,31.35,41295,EQ,,,
2015-07-28,31.35,32.65,31.15,31.7,54670,EQ,,,
2015-07-29,31.6,32.65,31.4,32.3,46608,EQ,,,
2015-07-30,32.35,33.35,32.35,32.45,46644,EQ,,,
2015-07-31,32.65,32.95,31.85,32.0,33092,EQ,,,
2015-08-03,31.35,32.55,31.35,32.3,47181,EQ,,,
2015-08-04,32.3,36.5,31.85,35.55,528195,EQ,,,
2015-08-05,37.0,38.95,35.6,36.15,621962,EQ,,,
2015-08-06,36.6,38.0,36.5,36.95,174442,EQ,,,
2015-08-07,36.95,37.65,36.35,37.0,108731,EQ,,,
2015-08-10,37.45,37.75,35.95,36.2,107831,EQ,,,
2015-08-11,36.3,36.95,33.9,35.0,67564,EQ,,,
2015-08-12,34.95,36.0,33.35,33.6,92673,EQ,,,
2015-08-13,33.65,35.0,33.05,33.35,54521,EQ,,,
2015-08-14,34.0,34.0,32.1,33.7,68648,EQ,,,
2015-08-17,33.7,34.8,33.15,34.1,36581,EQ,,,
2015-08-18,34.3,35.5,33.95,34.1,44430,EQ,,,
2015-08-19,34.1,34.6,33.85,34.15,47769,EQ,,,
2015-08-20,33.9,34.6,33.0,33.2,39680,EQ,,,
2015-08-21,32.85,32.85,31.75,32.5,66201,EQ,,,
2015-08-24,31.55,31.55,27.45,28.2,110904,EQ,,,
2015-08-25,28.95,32.0,26.65,29.9,183821,EQ,,,
2015-08-26,29.95,31.0,29.45,29.8,48614,EQ,,,
2015-08-27,30.4,31.2,30.35,30.5,48303,EQ,,,
2015-08-28,30.6,31.65,30.0,30.3,41913,EQ,,,
2015-08-31,30.3,31.35,29.4,30.75,30739,EQ,,,
2015-09-01,30.5,30.5,29.7,29.95,35361,EQ,,,
2015-09-02,29.95,30.25,28.7,28.9,32781,EQ,,,
2015-09-03,28.9,29.65,28.9,29.2,29630,EQ,,,
2015-09-04,29.0,29.1,27.35,28.1,50548,EQ,,,
2015-09-07,27.85,28.25,26.65,26.8,30437,EQ,,,
2015-09-08,27.3,28.0,26.7,27.5,33618,EQ,,,
2015-09-09,28.0,28.65,27.75,28.3,30159,EQ,,,
2015-09-10,27.85,28.0,27.35,27.7,14998,EQ,,,
2015-09-11,27.95,28.65,27.65,28.3,19083,EQ,,,
2015-09-14,28.35,28.65,28.05,28.25,19521,EQ,,,
2015-09-15,28.2,28.5,28.0,28.25,13958,EQ,,,
2015-09-16,28.35,28.4,27.5,28.1,16307,EQ,,,
2015-09-18,28.5,29.0,28.05,28.45,31292,EQ,,,
2015-09-21,28.45,29.0,28.05,28.9,25249,EQ,,,
2015-09-22,28.7,29.65,28.35,28.6,28172,EQ,,,
2015-09-23,28.15,28.6,27.8,28.25,19073,EQ,,,
2015-09-24,28.15,28.8,27.8,28.15,13434,EQ,,,
2015-09-28,28.2,28.4,27.7,27.9,13209,EQ,,,
2015-09-29,27.9,28.9,27.5,28.2,23014,EQ,,,
2015-09-30,28.2,29.3,28.1,29.0,32607,EQ,,,
2015-10-01,28.85,30.0,28.85,29.3,29966,EQ,,,
2015-10-05,29.65,30.0,28.65,29.55,36179,EQ,,,
2015-10-06,29.8,30.0,29.4,29.7,15484,EQ,,,
2015-10-07,29.7,30.3,29.2,29.85,36029,EQ,,,
2015-10-08,29.65,30.1,28.9,29.6,21168,EQ,,,
2015-10-09,29.65,30.25,29.2,29.4,24694,EQ,,,
2015-10-12,29.65,30.7,29.35,29.75,45770,EQ,,,
2015-10-13,29.8,30.65,29.35,30.1,28382,EQ,,,
2015-10-14,30.35,31.0,30.0,30.5,50425,EQ,,,
2015-10-15,30.65,30.75,30.0,30.25,29338,EQ,,,
2015-10-16,30.3,31.35,30.0,30.7,51231,EQ,,,
2015-10-19,31.75,33.35,31.0,32.8,309077,EQ,,,
2015-10-20,33.0,34.25,32.55,32.85,134085,EQ,,,
2015-10-21,33.05,34.0,32.55,33.3,159944,EQ,,,
2015-10-23,33.6,34.6,33.4,34.1,165492,EQ,,,
2015-10-26,34.5,36.35,32.15,33.05,567008,EQ,,,
2015-10-27,33.35,34.35,33.0,33.25,96575,EQ,,,
2015-10-28,34.5,34.8,33.6,33.9,197156,EQ,,,
2015-10-29,33.85,34.15,33.15,33.2,58036,EQ,,,
2015-10-30,33.0,33.65,32.15,32.3,74132,EQ,,,
2015-11-02,32.15,32.45,31.65,31.85,51070,EQ,,,
2015-11-03,31.95,32.65,31.85,32.0,28203,EQ,,,
2015-11-04,32.15,33.35,32.0,32.05,86329,EQ,,,
2015-11-05,32.0,32.0,30.85,31.0,38205,EQ,,,
2015-11-06,30.85,31.35,30.0,30.2,73482,EQ,,,
2015-11-09,29.35,31.35,28.6,31.3,46964,EQ,,,
2015-11-10,31.25,31.25,29.95,30.05,39668,EQ,,,
2015-11-11,30.25,31.7,30.25,30.9,10206,EQ,,,
2015-11-13,30.65,30.9,30.2,30.4,24033,EQ,,,
2015-11-16,30.35,31.1,30.25,30.45,48763,EQ,,,
2015-11-17,30.6,30.85,30.35,30.45,25681,EQ,,,
2015-11-18,30.6,31.0,30.35,30.4,67156,EQ,,,
2015-11-19,30.4,31.25,30.4,30.85,29899,EQ,,,
2015-11-20,30.9,31.0,30.35,30.5,53815,EQ,,,
2015-11-23,30.5,31.0,30.1,30.6,49256,EQ,,,
2015-11-24,30.55,31.25,30.5,30.9,42792,EQ,,,
2015-11-26,30.9,31.3,30.65,30.95,36252,EQ,,,
2015-11-27,30.85,33.3,30.8,32.65,168132,EQ,,,
2015-11-30,32.5,34.65,32.5,33.75,139341,EQ,,,
2015-12-01,33.75,34.15,30.65,32.85,852247,EQ,,,
2015-12-02,32.55,33.15,31.95,32.35,255585,EQ,,,
2015-12-03,32.55,32.55,31.35,31.6,102804,EQ,,,
2015-12-04,31.35,31.95,31.25,31.35,121946,EQ,,,
2015-12-07,31.6,31.8,31.1,31.25,99588,EQ,,,
2015-12-08,31.05,31.65,31.0,31.2,52744,EQ,,,
2015-12-09,31.15,31.3,30.4,30.7,109683,EQ,,,
2015-12-10,30.8,31.4,30.8,31.25,52407,EQ,,,
2015-12-11,31.25,31.55,30.9,31.0,65765,EQ,,,
2015-12-14,30.65,32.95,30.65,32.35,171015,EQ,,,
2015-12-15,32.35,32.5,31.3,31.45,59650,EQ,,,
2015-12-16,31.5,31.95,30.65,31.15,95369,EQ,,,
2015-12-17,31.15,32.15,31.15,31.9,52655,EQ,,,
2015-12-18,31.9,32.65,31.85,32.1,52971,EQ,,,
2015-12-21,32.1,33.65,32.1,33.3,379153,EQ,,,
2015-12-22,33.15,34.85,33.15,34.7,430468,EQ,,,
2015-12-23,34.85,35.75,34.0,34.55,184600,EQ,,,
2015-12-24,34.6,34.85,33.95,34.45,42860,EQ,,,
2015-12-28,34.35,35.35,34.15,34.45,65262,EQ,,,
2015-12-29,34.5,34.95,33.8,34.2,50106,EQ,,,
2015-12-30,34.3,35.5,34.25,34.55,91409,EQ,,,
2015-12-31,34.65,34.8,34.0,34.35,33237,EQ,,,
2016-01-01,34.5,34.85,34.2,34.55,39465,EQ,,,
2016-01-04,34.5,34.55,33.75,34.2,65802,EQ,,,
2016-01-05,34.2,39.05,33.8,38.0,748234,EQ,,,
2016-01-06,38.1,38.35,36.1,36.55,213448,EQ,,,
2016-01-07,35.85,35.85,34.3,34.7,156586,EQ,,,
2016-01-08,35.4,36.85,34.45,36.25,457439,EQ,,,
2016-01-11,35.75,36.25,34.7,35.7,64535,EQ,,,
2016-01-12,35.95,36.1,34.4,34.95,79018,EQ,,,
2016-01-13,35.95,35.95,31.5,33.5,249687,EQ,,,
2016-01-14,32.1,33.65,31.95,32.45,113102,EQ,,,
2016-01-15,32.95,33.15,31.7,31.85,95460,EQ,,,
2016-01-18,31.35,32.75,29.35,31.65,296279,EQ,,,
2016-01-19,31.65,33.25,31.65,32.8,56159,EQ,,,
2016-01-20,32.65,32.65,31.35,31.75,53115,EQ,,,
2016-01-21,31.95,32.85,31.2,32.05,62959,EQ,,,
2016-01-22,32.05,32.95,32.0,32.2,32993,EQ,,,
2016-01-25,32.5,34.65,32.25,33.95,94018,EQ,,,
2016-01-27,33.9,34.65,32.75,33.0,35341,EQ,,,
2016-01-28,32.95,34.05,32.85,33.2,26078,EQ,,,
2016-01-29,33.1,33.6,32.35,32.6,25050,EQ,,,
2016-02-01,32.55,34.15,32.5,32.95,47382,EQ,,,
2016-02-02,32.85,33.85,32.35,32.45,24404,EQ,,,
2016-02-03,32.3,32.35,31.35,32.0,34977,EQ,,,
2016-02-04,32.15,32.75,31.85,32.2,52922,EQ,,,
2016-02-05,32.3,33.15,31.8,32.35,52587,EQ,,,
2016-02-08,32.45,33.55,32.35,32.8,73916,EQ,,,
2016-02-09,32.55,33.15,32.35,32.7,31330,EQ,,,
2016-02-10,32.35,33.1,31.95,32.25,30194,EQ,,,
2016-02-11,32.2,32.65,29.55,29.8,121562,EQ,,,
2016-02-12,29.95,30.65,27.65,29.15,75584,EQ,,,
2016-02-15,29.65,30.6,28.45,28.6,104776,EQ,,,
2016-02-16,28.75,28.95,27.05,27.5,46986,EQ,,,
2016-02-17,27.55,28.0,25.0,26.9,79023,EQ,,,
2016-02-18,26.9,27.8,26.0,26.6,53036,EQ,,,
2016-02-19,26.15,27.6,26.1,27.25,54727,EQ,,,
2016-02-22,27.35,28.0,26.7,27.15,32694,EQ,,,
2016-02-23,27.05,27.25,26.7,26.85,25991,EQ,,,
2016-02-24,26.7,26.95,26.15,26.35,20763,EQ,,,
2016-02-25,26.35,26.95,26.0,26.05,20324,EQ,,,
2016-02-26,26.05,26.8,25.85,26.05,39551,EQ,,,
2016-02-29,26.3,27.65,26.1,26.65,32260,EQ,,,
2016-03-01,26.4,28.0,26.4,27.6,28332,EQ,,,
2016-03-02,27.75,28.9,27.75,28.15,48215,EQ,,,
2016-03-03,28.6,29.4,28.1,29.25,46578,EQ,,,
2016-03-04,29.35,30.45,28.7,29.8,72722,EQ,,,
2016-03-08,30.0,31.25,29.7,30.2,29959,EQ,,,
2016-03-09,30.05,30.15,29.0,29.75,17832,EQ,,,
2016-03-10,29.95,30.15,29.35,29.8,38547,EQ,,,
2016-03-11,29.7,30.35,29.65,29.85,25248,EQ,,,
2016-03-14,30.0,31.0,29.75,30.2,20411,EQ,,,
2016-03-15,30.0,30.15,29.25,29.7,20492,EQ,,,
2016-03-16,29.8,30.0,29.35,29.75,8650,EQ,,,
2016-03-17,30.0,30.4,29.65,29.8,12244,EQ,,,
2016-03-18,30.0,30.25,29.65,29.9,13125,EQ,,,
2016-03-21,30.1,31.25,29.9,30.85,199809,EQ,,,
2016-03-22,31.6,32.75,31.5,32.1,157143,EQ,,,
2016-03-23,32.35,32.35,31.35,31.7,14599,EQ,,,
2016-03-28,31.7,32.0,30.35,30.75,19357,EQ,,,
2016-03-29,30.95,31.35,30.35,30.85,10740,EQ,,,
2016-03-30,30.7,31.35,30.7,31.1,54309,EQ,,,
2016-03-31,31.3,32.5,30.65,31.85,90370,EQ,,,
2016-04-01,32.0,32.3,31.35,31.8,18700,EQ,,,
2016-04-04,32.25,32.25,31.75,31.85,13486,EQ,,,
2016-04-05,31.75,31.75,30.95,31.35,12487,EQ,,,
2016-04-06,31.15,31.4,30.55,31.3,22852,EQ,,,
2016-04-07,31.05,31.2,30.5,30.75,16824,EQ,,,
2016-04-08,30.75,31.55,30.4,31.4,17155,EQ,,,
2016-04-11,31.35,32.65,31.35,32.45,32176,EQ,,,
2016-04-12,32.5,32.65,31.85,32.4,26021,EQ,,,
2016-04-13,32.45,32.6,32.0,32.2,17771,EQ,,,
2016-04-18,32.25,33.0,32.05,32.3,18987,EQ,,,
2016-04-20,32.45,34.25,32.35,33.5,59012,EQ,,,
2016-04-21,33.5,34.0,32.4,32.55,41621,EQ,,,
2016-04-22,32.45,32.95,32.25,32.55,15372,EQ,,,
2016-04-25,32.55,32.95,31.55,32.15,14573,EQ,,,
2016-04-26,31.85,32.6,31.85,32.25,13425,EQ,,,
2016-04-27,32.45,33.45,32.4,32.95,25592,EQ,,,
2016-04-28,33.35,33.35,32.35,32.6,8845,EQ,,,
2016-04-29,33.3,33.3,32.4,32.55,14062,EQ,,,
2016-05-02,32.55,32.55,31.25,32.0,32754,EQ,,,
2016-05-03,32.25,32.55,31.55,31.65,19693,EQ,,,
2016-05-04,31.65,32.15,31.2,31.4,23639,EQ,,,
2016-05-05,31.65,32.15,31.0,31.65,38461,EQ,,,
2016-05-06,31.8,32.65,31.35,32.4,30268,EQ,,,
2016-05-09,32.2,33.15,32.0,32.9,21773,EQ,,,
2016-05-10,33.05,33.3,32.4,32.75,14167,EQ,,,
2016-05-11,32.7,33.65,32.35,32.9,46280,EQ,,,
2016-05-12,32.8,33.35,32.65,33.1,18697,EQ,,,
2016-05-13,33.1,33.1,32.4,32.75,14382,EQ,,,
2016-05-16,33.25,33.35,32.45,33.0,11860,EQ,,,
2016-05-17,32.75,34.5,32.7,33.45,58824,EQ,,,
2016-05-18,33.45,33.55,33.15,33.25,13283,EQ,,,
2016-05-19,33.2,33.75,33.15,33.5,16528,EQ,,,
2016-05-20,33.5,33.5,32.75,32.9,20222,EQ,,,
2016-05-23,32.95,33.45,32.85,32.9,37392,EQ,,,
2016-05-24,32.7,33.15,31.0,31.35,98435,EQ,,,
2016-05-25,33.35,35.0,31.35,31.65,216096,EQ,,,
2016-05-26,32.15,32.85,31.35,32.7,156286,EQ,,,
2016-05-27,33.9,36.45,33.5,35.55,425734,EQ,,,
2016-05-30,35.75,35.8,34.35,35.05,79457,EQ,,,
2016-05-31,34.45,35.4,34.4,35.0,42989,EQ,,,
2016-06-01,34.65,36.6,34.45,36.05,119178,EQ,,,
2016-06-02,36.25,36.55,35.35,36.35,59795,EQ,,,
2016-06-03,36.35,36.6,35.9,36.35,52167,EQ,,,
2016-06-06,35.85,36.3,35.65,35.85,31811,EQ,,,
2016-06-07,35.85,36.65,35.45,35.85,33384,EQ,,,
2016-06-08,35.9,36.6,35.7,35.85,36174,EQ,,,
2016-06-09,36.3,36.6,35.15,35.5,29776,EQ,,,
2016-06-10,35.4,36.35,33.9,34.75,30536,EQ,,,
2016-06-13,34.8,34.8,33.7,34.15,24616,EQ,,,
2016-06-14,34.2,34.7,33.65,34.25,16006,EQ,,,
2016-06-15,34.55,36.35,34.3,36.0,73856,EQ,,,
2016-06-16,36.15,36.35,34.85,35.25,42774,EQ,,,
2016-06-17,35.2,35.85,34.2,34.7,33954,EQ,,,
2016-06-20,34.95,35.75,34.5,34.95,26806,EQ,,,
2016-06-21,34.95,35.9,34.6,35.0,35516,EQ,,,
2016-06-22,35.05,35.2,34.35,34.55,13643,EQ,,,
2016-06-23,34.65,35.25,34.0,34.95,22533,EQ,,,
2016-06-24,33.6,34.2,31.7,33.45,54047,EQ,,,
2016-06-27,33.0,34.3,32.75,33.85,21651,EQ,,,
2016-06-28,34.0,35.0,33.75,34.1,23331,EQ,,,
2016-06-29,34.2,35.0,34.1,34.8,23521,EQ,,,
2016-06-30,35.0,35.25,34.5,34.75,18885,EQ,,,
2016-07-01,35.0,35.4,34.45,34.55,16765,EQ,,,
2016-07-04,34.8,38.0,34.5,36.4,283572,EQ,,,
2016-07-05,36.35,36.35,35.3,35.4,38054,EQ,,,
2016-07-07,35.4,35.75,35.0,35.05,22079,EQ,,,
2016-07-08,35.15,35.45,34.95,35.15,26769,EQ,,,
2016-07-11,35.35,35.9,35.0,35.15,29408,EQ,,,
2016-07-12,35.15,35.6,34.65,34.75,37673,EQ,,,
2016-07-13,34.95,36.25,34.65,35.6,46903,EQ,,,
2016-07-14,35.4,35.5,34.8,35.05,8329,EQ,,,
2016-07-15,35.35,35.35,34.15,34.7,24956,EQ,,,
2016-07-18,34.8,35.5,34.5,34.65,15963,EQ,,,
2016-07-19,34.6,35.1,34.35,34.9,20416,EQ,,,
2016-07-20,34.7,34.95,34.25,34.65,19995,EQ,,,
2016-07-21,34.65,35.25,34.5,34.6,9356,EQ,,,
2016-07-22,34.65,35.1,34.35,34.9,21669,EQ,,,
2016-07-25,34.85,35.4,34.65,34.8,30380,EQ,,,
2016-07-26,34.7,35.15,34.2,34.3,25293,EQ,,,
2016-07-27,34.5,35.4,34.2,34.75,54991,EQ,,,
2016-07-28,34.9,37.4,34.85,36.65,107408,EQ,,,
2016-07-29,36.95,38.35,36.65,37.6,150640,EQ,,,
2016-08-01,37.4,38.95,36.5,38.45,66174,EQ,,,
2016-08-02,38.7,43.25,38.55,41.85,598581,EQ,,,
2016-08-03,41.65,44.75,40.6,42.45,406103,EQ,,,
2016-08-04,42.95,44.35,41.6,42.05,131171,EQ,,,
2016-08-05,42.5,43.55,42.25,42.6,85984,EQ,,,
2016-08-08,42.75,42.85,40.4,41.1,51591,EQ,,,
2016-08-09,41.1,41.15,38.95,39.65,61300,EQ,,,
2016-08-10,39.35,40.35,38.35,39.6,45262,EQ,,,
2016-08-11,39.75,40.0,37.75,38.15,52177,EQ,,,
2016-08-12,37.65,38.7,37.0,37.75,43671,EQ,,,
2016-08-16,37.1,37.3,35.4,36.15,74791,EQ,,,
2016-08-17,36.15,36.3,35.1,35.85,53684,EQ,,,
2016-08-18,35.95,37.65,35.7,37.0,100411,EQ,,,
2016-08-19,36.8,42.6,36.8,41.2,288779,EQ,,,
2016-08-22,41.55,41.6,38.75,39.25,74183,EQ,,,
2016-08-23,39.6,39.6,37.35,37.65,74614,EQ,,,
2016-08-24,37.8,40.45,37.4,39.0,128051,EQ,,,
2016-08-25,39.0,39.6,38.65,38.8,36283,EQ,,,
2016-08-26,39.25,39.45,38.25,38.65,25956,EQ,,,
2016-08-29,38.5,39.8,37.5,38.75,38765,EQ,,,
2016-08-30,38.35,39.3,38.25,38.5,22520,EQ,,,
2016-08-31,38.55,39.35,37.8,38.0,43532,EQ,,,
2016-09-01,38.1,38.35,36.85,37.2,34090,EQ,,,
2016-09-02,37.25,38.35,36.9,37.25,33398,EQ,,,
2016-09-06,37.35,38.75,37.35,37.8,27213,EQ,,,
2016-09-07,38.0,39.1,37.7,38.1,33858,EQ,,,
2016-09-08,38.1,39.35,37.95,39.1,36167,EQ,,,
2016-09-09,39.4,39.4,37.85,38.05,35456,EQ,,,
2016-09-12,37.6,38.0,36.25,36.6,45677,EQ,,,
2016-09-14,37.0,37.4,36.65,37.1,25958,EQ,,,
2016-09-15,37.1,37.9,36.85,37.55,21680,EQ,,,
2016-09-16,37.6,38.95,37.0,37.35,42570,EQ,,,
2016-09-19,37.35,37.35,35.85,36.45,89529,EQ,,,
2016-09-20,36.7,37.0,36.1,36.45,24474,EQ,,,
2016-09-21,37.35,37.35,35.55,36.55,36113,EQ,,,
2016-09-22,36.85,37.3,36.45,36.55,27917,EQ,,,
2016-09-23,36.3,37.25,36.3,36.6,18156,EQ,,,
2016-09-26,36.65,37.15,35.85,36.15,33596,EQ,,,
2016-09-27,36.15,36.55,35.5,35.65,27622,EQ,,,
2016-09-28,35.65,36.0,34.8,35.45,49864,EQ,,,
2016-09-29,35.8,36.15,33.3,33.9,60724,EQ,,,
2016-09-30,33.55,35.0,33.5,34.35,18444,EQ,,,
2016-10-03,34.95,35.65,33.35,34.35,45345,EQ,,,
2016-10-04,34.65,39.65,34.45,37.85,456593,EQ,,,
2016-10-05,38.0,39.0,37.45,38.4,103459,EQ,,,
2016-10-06,40.25,40.35,38.4,38.75,222284,EQ,,,
2016-10-07,38.65,39.65,38.65,39.25,113142,EQ,,,
2016-10-10,39.25,39.4,37.8,38.05,111605,EQ,,,
2016-10-13,38.3,38.65,37.55,38.0,63994,EQ,,,
2016-10-14,38.1,39.65,37.75,39.4,84170,EQ,,,
2016-10-17,39.4,39.4,37.05,39.05,106189,EQ,,,
2016-10-18,39.95,39.95,38.75,39.35,41804,EQ,,,
2016-10-19,39.5,39.6,39.0,39.35,23369,EQ,,,
2016-10-20,39.6,40.0,38.25,38.6,32478,EQ,,,
2016-10-21,38.95,39.15,38.3,38.4,13281,EQ,,,
2016-10-24,38.1,39.2,38.1,38.3,22779,EQ,,,
2016-10-25,38.55,39.0,37.85,38.2,46333,EQ,,,
2016-10-26,38.35,38.35,36.95,37.2,29761,EQ,,,
2016-10-27,37.5,37.95,37.25,37.4,13208,EQ,,,
2016-10-28,37.25,38.35,37.25,37.8,25092,EQ,,,
2016-10-30,37.35,38.65,37.35,38.0,23015,EQ,,,
2016-11-01,38.25,38.65,37.85,38.1,19569,EQ,,,
2016-11-02,37.35,38.1,37.0,37.15,31791,EQ,,,
2016-11-03,37.15,37.9,37.05,37.4,27107,EQ,,,
2016-11-04,37.25,37.25,36.05,36.05,18826,EQ,,,
2016-11-07,37.65,37.65,36.0,36.15,31389,EQ,,,
2016-11-08,36.75,36.95,35.65,36.45,11690,EQ,,,
2016-11-09,33.35,35.65,32.3,34.6,79566,EQ,,,
2016-11-10,36.0,37.4,34.55,36.5,28666,EQ,,,
2016-11-11,36.4,36.55,33.0,34.4,38215,EQ,,,
2016-11-15,32.85,33.35,30.0,30.85,71538,EQ,,,
2016-11-16,30.5,31.2,28.35,28.7,68726,EQ,,,
2016-11-17,28.8,29.5,27.2,27.4,41241,EQ,,,
2016-11-18,27.25,28.45,27.05,27.95,24709,EQ,,,
2016-11-21,28.6,28.6,25.65,26.05,48539,EQ,,,
2016-11-22,26.55,27.5,26.55,27.05,15783,EQ,,,
2016-11-23,27.55,29.25,27.25,28.95,18304,EQ,,,
2016-11-24,28.6,29.85,28.35,28.6,16388,EQ,,,
2016-11-25,29.0,29.65,28.45,29.0,22729,EQ,,,
2016-11-28,29.35,29.65,28.95,29.0,16290,EQ,,,
2016-11-29,29.4,29.65,29.05,29.2,21220,EQ,,,
2016-11-30,28.65,30.8,28.65,30.05,31994,EQ,,,
2016-12-01,30.3,31.8,30.2,30.95,87392,EQ,,,
2016-12-02,30.75,30.9,29.35,29.7,20043,EQ,,,
2016-12-05,31.15,31.15,29.75,30.05,18691,EQ,,,
2016-12-06,30.65,30.8,28.8,29.55,29896,EQ,,,
2016-12-07,30.15,30.65,29.35,29.75,20854,EQ,,,
2016-12-08,30.3,30.65,29.7,29.9,20937,EQ,,,
2016-12-09,29.95,30.35,29.5,29.9,11439,EQ,,,
2016-12-12,29.95,30.45,29.0,29.35,14250,EQ,,,
2016-12-13,29.5,30.15,29.4,29.55,14587,EQ,,,
2016-12-14,29.6,30.6,29.45,29.75,21248,EQ,,,
2016-12-15,29.35,30.4,28.8,29.55,17724,EQ,,,
2016-12-16,29.55,30.0,29.15,29.25,10214,EQ,,,
2016-12-19,29.35,30.0,28.0,28.25,43662,EQ,,,
2016-12-20,28.6,28.65,26.65,27.05,40118,EQ,,,
2016-12-21,27.4,27.55,26.65,27.0,20967,EQ,,,
2016-12-22,27.15,27.3,26.45,27.1,12340,EQ,,,
2016-12-23,27.4,29.35,26.85,28.3,103891,EQ,,,
2016-12-26,28.1,28.1,26.85,27.35,22737,EQ,,,
2016-12-27,27.6,28.15,26.95,27.6,23496,EQ,,,
2016-12-28,27.95,28.5,27.6,27.8,16216,EQ,,,
2016-12-29,28.35,28.8,28.0,28.55,37810,EQ,,,
2016-12-30,28.8,29.2,28.3,29.1,28305,EQ,,,
2017-01-02,29.05,29.65,27.15,28.9,23898,EQ,,,
2017-01-03,28.75,30.0,28.35,29.85,36857,EQ,,,
2017-01-04,30.0,30.8,28.15,28.95,117926,EQ,,,
2017-01-05,29.15,29.85,28.9,29.65,27055,EQ,,,
2017-01-06,29.85,32.45,29.75,30.9,397019,EQ,,,
2017-01-09,31.15,31.3,30.7,30.85,31715,EQ,,,
2017-01-10,30.95,31.15,30.35,30.65,26422,EQ,,,
2017-01-11,30.85,31.7,30.75,31.3,62125,EQ,,,
2017-01-12,31.6,32.45,30.65,30.9,86489,EQ,,,
2017-01-13,31.25,31.25,30.3,30.6,30230,EQ,,,
2017-01-16,30.75,31.0,30.1,30.75,16656,EQ,,,
2017-01-17,30.9,31.35,30.25,30.4,20832,EQ,,,
2017-01-18,30.9,31.0,30.2,30.4,18014,EQ,,,
2017-01-19,31.0,31.1,30.4,30.6,21627,EQ,,,
2017-01-20,30.5,31.25,30.05,30.5,42421,EQ,,,
2017-01-23,30.65,30.95,30.4,30.75,22226,EQ,,,
2017-01-24,30.9,32.0,30.6,31.8,115137,EQ,,,
2017-01-25,31.35,32.4,31.35,31.9,70021,EQ,,,
2017-01-27,31.8,32.25,31.35,31.4,32565,EQ,,,
2017-01-30,31.5,31.7,30.65,30.8,25993,EQ,,,
2017-01-31,31.1,31.1,30.35,30.6,20056,EQ,,,
2017-02-01,30.85,31.0,30.35,30.85,17650,EQ,,,
2017-02-02,30.85,31.35,30.7,31.05,16052,EQ,,,
2017-02-03,31.5,32.0,31.15,31.25,54499,EQ,,,
2017-02-06,31.6,32.35,31.15,31.6,35414,EQ,,,
2017-02-07,31.65,32.45,31.65,31.8,43696,EQ,,,
2017-02-08,32.1,32.3,31.65,31.9,30630,EQ,,,
2017-02-09,31.95,32.35,31.7,32.1,24877,EQ,,,
2017-02-10,32.35,32.4,31.95,32.05,26614,EQ,,,
2017-02-13,29.35,29.35,27.35,28.5,330381,EQ,,,
2017-02-14,28.65,28.8,27.45,27.55,100788,EQ,,,
2017-02-15,27.55,27.65,26.65,26.85,46135,EQ,,,
2017-02-16,27.35,28.0,27.3,27.55,50200,EQ,,,
2017-02-17,28.25,28.85,27.9,28.45,61963,EQ,,,
2017-02-20,28.65,29.35,28.4,28.8,63467,EQ,,,
2017-02-21,29.15,29.3,28.7,28.8,30714,EQ,,,
2017-02-22,29.0,29.1,28.35,28.5,19521,EQ,,,
2017-02-23,28.8,28.8,27.95,28.05,23577,EQ,,,
2017-02-27,29.0,29.0,27.75,28.4,30752,EQ,,,
2017-02-28,28.1,28.55,27.85,27.9,34897,EQ,,,
2017-03-01,28.25,28.4,27.65,28.05,40141,EQ,,,
2017-03-02,28.65,28.65,27.8,27.9,24774,EQ,,,
2017-03-03,27.85,28.25,27.6,27.7,23647,EQ,,,
2017-03-06,27.95,27.95,27.35,27.55,26856,EQ,,,
2017-03-07,27.9,27.9,27.35,27.45,18633,EQ,,,
2017-03-08,27.65,27.75,27.35,27.45,15218,EQ,,,
2017-03-09,27.35,27.65,27.35,27.5,12549,EQ,,,
2017-03-10,27.75,27.95,27.35,27.8,33065,EQ,,,
2017-03-14,28.3,28.5,27.5,27.7,35966,EQ,,,
2017-03-15,27.85,27.85,27.35,27.55,44372,EQ,,,
2017-03-16,27.9,28.05,27.4,27.85,43468,EQ,,,
2017-03-17,28.0,28.25,27.95,28.0,27097,EQ,,,
2017-03-20,28.2,28.2,27.75,27.8,11803,EQ,,,
2017-03-21,27.7,27.9,27.2,27.35,33653,EQ,,,
2017-03-22,27.65,27.65,27.1,27.4,11019,EQ,,,
2017-03-23,27.4,27.7,27.35,27.55,10545,EQ,,,
2017-03-24,27.75,27.85,27.4,27.6,17454,EQ,,,
2017-03-27,27.4,27.75,27.05,27.15,54723,EQ,,,
2017-03-28,27.5,27.5,27.05,27.05,27392,EQ,,,
2017-03-29,27.25,27.3,26.85,26.9,37730,EQ,,,
2017-03-30,26.8,27.65,26.8,27.45,24831,EQ,,,
2017-03-31,27.55,28.35,27.4,28.15,39554,EQ,,,
2017-04-03,28.0,28.35,27.65,28.0,35913,EQ,,,
2017-04-05,28.0,31.05,27.7,29.7,242565,EQ,,,
2017-04-06,29.9,30.15,29.35,29.6,42316,EQ,,,
2017-04-07,29.35,30.15,29.0,29.3,73852,EQ,,,
2017-04-10,29.05,29.55,28.7,29.1,33380,EQ,,,
2017-04-11,29.8,31.05,29.35,30.9,203855,EQ,,,
2017-04-12,31.05,32.0,30.35,30.8,284281,EQ,,,
2017-04-13,30.8,31.0,30.15,30.35,39930,EQ,,,
2017-04-17,30.95,30.95,29.85,30.05,43482,EQ,,,
2017-04-18,30.35,30.65,29.85,29.95,43034,EQ,,,
2017-04-19,30.0,30.1,29.0,29.95,32245,EQ,,,
2017-04-20,30.0,30.15,29.35,29.9,40649,EQ,,,
2017-04-21,30.0,31.15,29.85,30.15,101452,EQ,,,
2017-04-24,30.65,30.65,30.15,30.25,30502,EQ,,,
2017-04-25,30.55,31.15,30.0,30.55,78715,EQ,,,
2017-04-26,30.65,30.65,29.95,30.2,49121,EQ,,,
2017-04-27,30.65,30.65,29.9,29.95,19149,EQ,,,
2017-04-28,30.15,30.5,29.5,29.95,22253,EQ,,,
2017-05-02,29.95,30.35,29.4,29.65,27331,EQ,,,
2017-05-03,30.0,30.0,29.5,29.75,15346,EQ,,,
2017-05-04,30.15,30.5,29.9,30.1,36916,EQ,,,
2017-05-05,30.1,30.5,29.7,29.75,25940,EQ,,,
2017-05-08,29.8,30.35,29.65,30.05,24305,EQ,,,
2017-05-09,30.3,30.3,29.85,30.0,17438,EQ,,,
2017-05-10,30.15,30.3,30.0,30.15,24311,EQ,,,
2017-05-11,30.15,30.2,29.85,29.95,16191,EQ,,,
2017-05-12,30.15,30.15,29.65,29.9,25285,EQ,,,
2017-05-15,30.0,30.15,29.65,29.75,21254,EQ,,,
2017-05-16,30.0,30.35,29.75,29.9,19814,EQ,,,
2017-05-17,29.9,30.35,29.75,30.05,24333,EQ,,,
2017-05-18,30.25,31.4,30.1,30.4,59849,EQ,,,
2017-05-19,30.65,31.35,29.45,29.65,35547,EQ,,,
2017-05-22,30.35,30.35,29.1,29.25,15345,EQ,,,
2017-05-23,29.75,29.85,28.35,28.6,22969,EQ,,,
2017-05-24,28.8,29.45,27.0,27.75,18474,EQ,,,
2017-05-25,27.85,28.15,27.35,27.9,18856,EQ,,,
2017-05-26,28.15,28.65,27.9,28.15,28332,EQ,,,
2017-05-29,28.35,28.65,28.0,28.25,22043,EQ,,,
2017-05-30,28.3,28.95,28.05,28.25,33360,EQ,,,
2017-05-31,28.35,28.65,28.25,28.35,22609,EQ,,,
2017-06-01,28.5,28.65,28.05,28.4,12946,EQ,,,
2017-06-02,28.2,28.5,28.2,28.35,15804,EQ,,,
2017-06-05,28.55,28.55,28.25,28.3,15415,EQ,,,
2017-06-06,28.45,28.6,28.0,28.1,12789,EQ,,,
2017-06-07,28.05,28.1,27.4,27.65,15378,EQ,,,
2017-06-08,27.85,28.0,27.5,27.8,18991,EQ,,,
2017-06-09,28.2,28.95,27.8,28.35,29701,EQ,,,
2017-06-12,28.15,28.8,25.8,27.75,39015,EQ,,,
2017-06-13,27.65,28.15,27.65,27.9,12613,EQ,,,
2017-06-14,27.7,28.2,27.7,28.05,14801,EQ,,,
2017-06-15,27.9,28.15,27.35,27.95,19774,EQ,,,
2017-06-16,27.85,29.15,27.85,28.85,53740,EQ,,,
2017-06-19,29.65,32.5,29.65,31.45,506872,EQ,,,
2017-06-20,31.75,32.35,30.65,30.9,182070,EQ,,,
2017-06-21,31.2,31.35,30.15,30.35,45106,EQ,,,
2017-06-22,30.65,31.35,30.2,30.35,56484,EQ,,,
2017-06-23,30.8,30.8,29.2,29.35,39379,EQ,,,
2017-06-27,29.95,30.2,28.45,28.6,26683,EQ,,,
2017-06-28,28.65,29.15,28.05,28.9,28073,EQ,,,
2017-06-29,28.75,29.5,28.2,28.35,40918,EQ,,,
2017-06-30,28.45,28.9,28.15,28.9,22951,EQ,,,
2017-07-03,28.85,29.15,28.55,28.65,15939,EQ,,,
2017-07-04,28.8,30.0,28.35,29.45,26086,EQ,,,
2017-07-05,29.55,31.0,29.35,30.4,74849,EQ,,,
2017-07-06,29.9,30.35,29.85,30.0,39856,EQ,,,
2017-07-07,30.0,30.9,29.5,30.4,47757,EQ,,,
2017-07-10,30.65,30.65,29.75,30.35,6023,EQ,,,
2017-07-11,30.35,30.65,29.55,29.75,42871,EQ,,,
2017-07-12,30.0,31.65,29.55,30.7,164249,EQ,,,
2017-07-13,30.75,31.35,30.35,30.6,57740,EQ,,,
2017-07-14,30.65,30.65,29.85,30.05,40677,EQ,,,
2017-07-17,30.1,30.25,29.4,29.6,28364,EQ,,,
2017-07-18,29.6,29.95,29.5,29.6,20611,EQ,,,
2017-07-19,29.95,30.15,29.6,30.0,26741,EQ,,,
2017-07-20,30.2,30.65,30.0,30.15,32834,EQ,,,
2017-07-21,30.35,30.6,30.2,30.35,13724,EQ,,,
2017-07-24,31.0,32.25,30.65,30.85,220869,EQ,,,
2017-07-25,31.25,31.5,30.85,31.05,48735,EQ,,,
2017-07-26,31.3,31.65,30.65,30.9,38021,EQ,,,
2017-07-27,30.75,31.3,30.6,30.75,52927,EQ,,,
2017-07-28,30.5,30.9,30.45,30.7,34876,EQ,,,
2017-07-31,30.7,31.55,30.4,30.85,61916,EQ,,,
2017-08-01,31.0,31.2,30.15,30.35,13840,EQ,,,
2017-08-02,30.4,30.6,29.95,30.0,23681,EQ,,,
2017-08-03,29.9,30.2,29.35,29.5,23734,EQ,,,
2017-08-04,29.35,29.55,29.1,29.35,28682,EQ,,,
2017-08-07,29.35,30.15,24.05,28.6,82401,EQ,,,
2017-08-08,28.95,29.5,28.7,28.8,59535,EQ,,,
2017-08-09,28.6,28.7,28.05,28.25,17783,EQ,,,
2017-08-10,28.25,28.45,27.0,27.15,36621,EQ,,,
2017-08-11,26.8,27.95,25.7,26.9,52537,EQ,,,
2017-08-14,26.95,27.65,26.55,26.95,32391,EQ,,,
2017-08-16,27.1,27.35,26.65,27.2,89342,EQ,,,
2017-08-17,27.5,28.25,27.3,27.6,41936,EQ,,,
2017-08-18,27.75,27.75,27.15,27.6,18764,EQ,,,
2017-08-21,27.6,27.95,27.1,27.45,12985,EQ,,,
2017-08-22,27.55,27.65,26.65,26.95,24495,EQ,,,
2017-08-23,27.0,27.25,26.8,26.95,13707,EQ,,,
2017-08-24,27.3,27.35,26.75,26.85,23784,EQ,,,
2017-08-28,27.3,27.3,26.9,27.2,5722,EQ,,,
2017-08-29,27.35,29.0,27.0,28.4,58940,EQ,,,
2017-08-30,29.0,29.2,28.45,28.85,26310,EQ,,,
2017-08-31,28.15,29.0,28.15,28.75,50242,EQ,,,
2017-09-01,28.65,29.1,28.65,28.7,22243,EQ,,,
2017-09-04,28.65,28.95,27.65,28.1,27098,EQ,,,
2017-09-05,28.35,28.6,28.0,28.3,14189,EQ,,,
2017-09-06,27.65,28.85,27.65,28.65,24965,EQ,,,
2017-09-07,28.85,31.8,28.85,31.1,306667,EQ,,,
2017-09-08,31.35,31.65,30.25,30.65,113856,EQ,,,
2017-09-11,30.65,31.85,30.65,31.55,115148,EQ,,,
2017-09-12,31.4,34.25,31.35,33.05,459200,EQ,,,
2017-09-13,33.4,35.15,33.15,33.45,316955,EQ,,,
2017-09-14,33.35,34.1,30.0,32.65,138181,EQ,,,
2017-09-15,31.7,31.7,29.0,29.95,379907,EQ,,,
2017-09-18,30.55,30.55,29.6,29.8,76158,EQ,,,
2017-09-19,30.0,30.25,29.2,29.5,69958,EQ,,,
2017-09-20,29.85,30.05,29.3,29.6,51312,EQ,,,
2017-09-21,29.35,29.85,29.3,29.4,38545,EQ,,,
2017-09-22,29.4,29.65,28.2,28.4,63517,EQ,,,
2017-09-25,28.4,28.85,27.0,27.8,65163,EQ,,,
2017-09-26,27.85,28.75,27.85,28.35,53187,EQ,,,
2017-09-27,28.65,28.65,27.5,27.65,47640,EQ,,,
2017-09-28,28.1,28.1,27.5,27.6,22587,EQ,,,
2017-09-29,27.85,28.0,27.4,27.85,27020,EQ,,,
2017-10-03,27.95,28.2,27.45,27.65,46981,EQ,,,
2017-10-04,27.5,27.9,27.2,27.7,22120,EQ,,,
2017-10-05,27.7,27.95,27.3,27.7,42837,EQ,,,
2017-10-06,28.1,29.0,27.6,28.2,58802,EQ,,,
2017-10-09,28.1,29.8,28.1,28.9,96192,EQ,,,
2017-10-10,29.1,29.3,28.5,28.85,43124,EQ,,,
2017-10-11,29.25,29.25,28.15,28.55,29226,EQ,,,
2017-10-12,28.8,28.95,28.15,28.3,25970,EQ,,,
2017-10-13,28.5,28.6,27.75,27.85,99928,EQ,,,
2017-10-16,27.9,28.15,27.2,27.35,71475,EQ,,,
2017-10-17,27.8,27.8,26.5,26.6,136670,EQ,,,
2017-10-18,27.0,27.0,25.95,26.0,199314,EQ,,,
2017-10-19,26.7,27.05,26.25,26.95,43112,EQ,,,
2017-10-23,27.3,27.3,26.25,26.3,179507,EQ,,,
2017-10-24,26.6,26.65,26.1,26.2,94103,EQ,,,
2017-10-25,26.65,26.65,26.1,26.15,88224,EQ,,,
2017-10-26,26.35,26.5,25.85,26.0,111000,EQ,,,
2017-10-27,26.0,26.65,25.95,26.15,231214,EQ,,,
2017-10-30,26.35,26.6,25.75,25.8,148461,EQ,,,
2017-10-31,26.2,26.2,25.4,25.5,117844,EQ,,,
2017-11-01,25.5,25.75,25.15,25.25,142494,EQ,,,
2017-11-02,25.5,25.85,24.8,24.85,199356,EQ,,,
2017-11-03,25.15,25.5,24.75,25.3,144264,EQ,,,
2017-11-06,25.6,25.7,24.95,25.0,167060,EQ,,,
2017-11-07,25.05,25.3,23.35,23.9,281751,EQ,,,
2017-11-08,24.2,25.25,24.0,24.4,67152,EQ,,,
2017-11-09,24.4,24.85,24.4,24.65,35810,EQ,,,
2017-11-10,24.65,25.0,24.35,24.9,21326,EQ,,,
2017-11-13,25.15,25.15,24.15,24.35,68726,EQ,,,
2017-11-14,24.6,25.4,24.0,24.85,66149,EQ,,,
2017-11-15,24.75,24.8,24.0,24.15,29441,EQ,,,
2017-11-16,24.25,24.5,24.0,24.15,38863,EQ,,,
2017-11-17,24.4,24.6,24.25,24.3,19981,EQ,,,
2017-11-20,23.95,24.75,23.95,24.65,34861,EQ,,,
2017-11-21,24.65,26.1,24.25,25.65,101021,EQ,,,
2017-11-22,25.85,25.95,25.5,25.65,38924,EQ,,,
2017-11-23,25.8,26.15,25.6,25.7,43740,EQ,,,
2017-11-24,25.7,27.3,25.7,26.3,131783,EQ,,,
2017-11-27,26.35,27.75,26.3,27.6,274185,EQ,,,
2017-11-28,28.0,28.45,27.65,27.95,181229,EQ,,,
2017-11-29,28.15,28.25,27.45,27.8,122094,EQ,,,
2017-11-30,27.8,28.15,27.0,27.5,92985,EQ,,,
2017-12-01,27.6,27.75,27.0,27.15,65369,EQ,,,
2017-12-04,27.65,27.65,26.7,26.8,35759,EQ,,,
2017-12-05,26.95,26.95,26.4,26.7,30683,EQ,,,
2017-12-06,27.15,27.35,26.4,26.7,53003,EQ,,,
2017-12-07,26.5,27.0,26.4,26.55,43416,EQ,,,
2017-12-08,27.5,27.6,26.55,27.15,37559,EQ,,,
2017-12-11,27.6,27.6,27.05,27.15,27970,EQ,,,
2017-12-12,27.0,28.6,26.8,27.35,150163,EQ,,,
2017-12-13,27.5,28.0,27.0,27.2,54743,EQ,,,
2017-12-14,27.45,27.95,26.75,26.9,57151,EQ,,,
2017-12-15,27.65,28.1,26.7,26.85,105252,EQ,,,
2017-12-18,26.65,27.75,24.55,27.2,58791,EQ,,,
2017-12-19,27.25,28.25,27.25,28.15,125016,EQ,,,
2017-12-20,27.9,29.4,27.9,28.4,240522,EQ,,,
2017-12-21,28.65,31.05,28.1,30.55,540058,EQ,,,
2017-12-22,30.65,30.8,29.55,29.7,130622,EQ,,,
2017-12-26,30.0,30.6,29.7,29.8,125116,EQ,,,
2017-12-27,30.1,31.8,29.9,30.75,403751,EQ,,,
2017-12-28,30.8,31.2,29.95,30.4,146405,EQ,,,
2017-12-29,30.4,31.1,30.25,30.7,71036,EQ,,,
2018-01-01,30.7,31.65,30.05,30.35,104383,EQ,,,
2018-01-02,30.8,30.9,29.75,29.95,78670,EQ,,,
2018-01-03,30.55,31.1,30.15,30.85,97410,EQ,,,
2018-01-04,31.15,34.65,30.95,32.8,886113,EQ,,,
2018-01-05,33.15,36.0,32.95,34.25,829945,EQ,,,
2018-01-08,34.95,41.1,34.55,36.55,1066357,EQ,,,
2018-01-09,36.65,36.85,35.15,35.85,388797,EQ,,,
2018-01-10,36.3,38.65,35.15,37.75,851796,EQ,,,
2018-01-11,38.1,44.95,37.7,43.45,2583074,EQ,,,
2018-01-12,43.45,44.5,42.15,42.65,1247853,EQ,,,
2018-01-15,42.95,47.5,42.65,45.3,1315695,EQ,,,
2018-01-16,45.35,45.6,42.05,42.8,597661,EQ,,,
2018-01-17,42.35,42.95,40.4,41.15,334108,EQ,,,
2018-01-18,41.5,42.5,39.0,39.95,274458,EQ,,,
2018-01-19,39.85,42.35,38.4,41.9,377911,EQ,,,
2018-01-22,42.15,45.0,41.5,44.0,561466,EQ,,,
2018-01-23,44.05,45.95,43.35,43.8,344100,EQ,,,
2018-01-24,43.75,43.95,41.5,41.9,131240,EQ,,,
2018-01-25,41.95,44.05,41.05,42.65,240206,EQ,,,
2018-01-29,43.25,44.3,42.15,42.3,176168,EQ,,,
2018-01-30,42.65,42.65,40.85,41.15,153242,EQ,,,
2018-01-31,41.6,42.1,40.0,41.0,104015,EQ,,,
2018-02-01,41.4,41.8,39.0,41.3,152127,EQ,,,
2018-02-02,41.0,41.0,34.1,36.0,313648,EQ,,,
2018-02-05,35.0,36.65,34.0,35.55,206478,EQ,,,
2018-02-06,33.35,34.8,31.7,33.7,199421,EQ,,,
2018-02-07,34.6,35.0,33.85,34.75,28123,BE,,,
2018-02-08,34.65,36.5,34.0,36.5,77215,BE,,,
2018-02-09,36.35,37.45,34.7,36.9,37833,BE,,,
2018-02-12,37.0,38.25,36.65,37.35,22045,BE,,,
2018-02-14,37.5,38.15,35.75,36.45,42019,BE,,,
2018-02-15,35.0,37.15,34.6,36.55,97589,BE,,,
2018-02-16,36.95,36.95,34.75,34.75,25144,BE,,,
2018-02-19,33.7,35.1,33.0,34.35,35795,BE,,,
2018-02-20,34.4,34.9,33.15,34.15,61995,BE,,,
2018-02-21,33.0,34.15,33.0,33.45,14982,BE,,,
2018-02-22,33.3,33.3,32.5,32.7,20496,BE,,,
2018-02-23,32.65,34.25,32.65,34.0,26227,BE,,,
2018-02-26,34.0,34.7,33.4,34.25,14659,BE,,,
2018-02-27,34.35,34.35,32.75,33.05,10375,BE,,,
2018-02-28,32.7,34.0,32.7,33.45,10141,BE,,,
2018-03-01,33.25,33.35,33.0,33.05,7651,BE,,,
2018-03-05,33.0,33.35,31.65,32.05,17158,BE,,,
2018-03-06,31.75,33.15,31.2,31.95,27514,BE,,,
2018-03-07,31.35,32.0,30.35,30.5,27439,BE,,,
2018-03-08,31.0,32.0,29.35,30.1,47751,BE,,,
2018-03-09,29.0,30.95,29.0,29.8,6596,BE,,,
2018-03-12,29.85,30.75,28.35,28.35,27697,BE,,,
2018-03-13,28.35,29.5,27.35,29.1,92862,BE,,,
2018-03-14,29.0,29.5,28.65,29.15,10550,BE,,,
2018-03-15,29.25,30.6,29.0,30.6,59246,BE,,,
2018-03-16,31.0,31.65,30.35,31.05,13345,BE,,,
2018-03-19,30.2,30.85,29.5,29.95,19290,BE,,,
2018-03-20,29.95,30.25,28.85,29.05,7361,BE,,,
2018-03-21,30.15,30.5,29.5,29.95,23461,BE,,,
2018-03-22,29.65,30.6,29.35,29.5,20094,BE,,,
2018-03-23,29.05,29.15,28.05,28.15,52753,BE,,,
2018-03-26,28.15,29.55,26.8,27.45,42943,BE,,,
2018-03-27,27.35,28.3,27.35,27.9,18331,BE,,,
2018-03-28,28.0,28.3,27.35,28.0,82189,BE,,,
2018-04-02,27.35,29.0,27.35,27.6,39382,BE,,,
2018-04-03,27.65,28.35,26.35,28.3,30073,BE,,,
2018-04-04,28.3,29.45,27.35,28.55,24174,BE,,,
2018-04-05,28.85,29.85,28.85,29.5,19262,BE,,,
2018-04-06,29.65,30.65,29.25,29.9,12885,BE,,,
2018-04-09,29.85,30.8,29.15,30.5,18764,BE,,,
2018-04-10,30.65,31.65,30.55,30.6,13751,BE,,,
2018-04-11,30.35,31.25,29.05,30.3,77988,BE,,,
2018-04-12,31.0,31.0,29.85,30.4,13925,BE,,,
2018-04-13,30.05,30.95,29.95,30.0,52952,BE,,,
2018-04-16,29.65,30.0,28.5,28.8,245835,BE,,,
2018-04-17,29.95,30.2,29.0,30.2,78428,BE,,,
2018-04-18,30.65,30.65,29.55,30.0,25117,BE,,,
2018-04-19,30.15,30.7,29.85,30.1,10243,BE,,,
2018-04-20,30.0,30.6,29.7,29.95,9829,BE,,,
2018-04-23,29.65,31.25,29.35,30.65,20228,BE,,,
2018-04-24,30.65,30.85,30.0,30.35,8647,BE,,,
2018-04-25,29.7,30.65,29.65,29.95,4868,BE,,,
2018-04-26,31.0,31.0,29.0,29.7,7767,BE,,,
2018-04-27,30.15,30.35,29.35,29.45,9569,BE,,,
2018-04-30,29.35,30.55,29.0,29.95,6210,BE,,,
2018-05-02,30.95,30.95,29.65,30.45,28980,EQ,,,
2018-05-03,30.5,30.5,29.0,29.6,22351,EQ,,,
2018-05-04,29.4,30.0,28.7,29.05,39295,EQ,,,
2018-05-07,29.1,29.2,28.8,28.9,25932,EQ,,,
2018-05-08,28.7,29.45,28.5,28.95,22854,EQ,,,
2018-05-09,28.5,29.45,28.5,29.25,11866,EQ,,,
2018-05-10,29.45,29.45,28.2,28.45,18474,EQ,,,
2018-05-11,28.5,28.85,28.15,28.35,16135,EQ,,,
2018-05-14,28.2,28.2,26.95,27.0,35560,EQ,,,
2018-05-15,27.15,27.8,25.7,26.2,32983,EQ,,,
2018-05-16,26.2,26.8,25.7,26.4,13086,EQ,,,
2018-05-17,25.65,26.8,25.65,26.25,19748,EQ,,,
2018-05-18,26.25,26.6,25.2,25.75,15574,EQ,,,
2018-05-21,26.0,26.55,24.85,25.0,19723,EQ,,,
2018-05-22,24.85,25.7,24.15,25.2,14286,EQ,,,
2018-05-23,25.4,25.65,24.8,25.05,9414,EQ,,,
2018-05-24,25.9,25.95,24.9,25.55,3084,EQ,,,
2018-05-25,25.75,26.25,25.15,25.9,14196,EQ,,,
2018-05-28,25.7,27.2,25.65,27.05,60870,EQ,,,
2018-05-29,27.0,28.25,26.8,26.95,39029,EQ,,,
2018-05-30,27.0,27.6,26.5,26.8,18582,EQ,,,
2018-05-31,26.65,26.65,25.5,25.5,30785,EQ,,,
2018-06-01,25.05,25.55,24.2,24.2,22770,EQ,,,
2018-06-04,24.35,24.35,23.0,23.05,18859,EQ,,,
2018-06-05,23.0,23.0,21.9,22.0,30503,EQ,,,
2018-06-06,22.0,23.1,21.35,22.95,83215,EQ,,,
2018-06-07,22.4,24.05,22.4,24.05,15676,EQ,,,
2018-06-08,24.2,25.25,24.15,25.25,70916,EQ,,,
2018-06-11,25.35,25.85,24.75,25.25,21451,EQ,,,
2018-06-12,25.6,25.7,24.85,25.5,33810,EQ,,,
2018-06-13,25.65,26.0,25.15,25.35,6973,EQ,,,
2018-06-14,25.2,26.25,25.1,25.35,10347,EQ,,,
2018-06-15,25.7,25.8,25.0,25.35,6607,EQ,,,
2018-06-18,25.35,25.75,24.45,24.8,11077,EQ,,,
2018-06-19,24.65,25.5,24.5,25.2,17828,EQ,,,
2018-06-20,25.15,25.3,24.65,25.0,7604,EQ,,,
2018-06-21,25.0,25.5,24.6,24.8,13103,EQ,,,
2018-06-22,24.65,25.25,24.45,24.65,2133,EQ,,,
2018-06-25,24.85,25.2,23.45,23.6,7355,EQ,,,
2018-06-26,23.65,24.35,23.4,24.15,39847,EQ,,,
2018-06-27,23.6,24.35,23.0,23.3,53412,EQ,,,
2018-06-28,22.65,23.65,22.15,22.55,21350,EQ,,,
2018-06-29,22.65,23.65,22.65,23.5,11324,EQ,,,
2018-07-02,23.9,24.35,23.0,23.3,7599,EQ,,,
2018-07-03,23.85,23.85,23.05,23.25,3213,EQ,,,
2018-07-04,23.2,23.95,22.9,23.1,3644,EQ,,,
2018-07-05,23.1,23.5,22.9,22.9,7504,EQ,,,
2018-07-06,23.65,23.65,22.65,23.15,5086,EQ,,,
2018-07-09,23.0,23.65,22.85,23.0,7539,EQ,,,
2018-07-10,23.1,23.7,22.95,23.2,10296,EQ,,,
2018-07-11,23.8,23.8,22.65,23.2,6216,EQ,,,
2018-07-12,23.85,23.85,23.0,23.4,9206,EQ,,,
2018-07-13,23.5,23.9,23.35,23.4,8765,EQ,,,
2018-07-16,24.0,24.0,22.7,23.1,8778,EQ,,,
2018-07-17,23.1,23.7,22.7,22.95,6295,EQ,,,
2018-07-18,23.0,23.35,22.55,22.55,11875,EQ,,,
2018-07-19,23.1,23.15,22.15,22.25,3467,EQ,,,
2018-07-20,22.5,22.65,21.8,22.2,4889,EQ,,,
2018-07-23,23.15,23.15,21.35,21.9,9630,EQ,,,
2018-07-24,22.65,22.65,22.05,22.5,9620,EQ,,,
2018-07-25,21.65,23.6,21.65,23.55,16424,EQ,,,
2018-07-26,23.6,23.85,22.5,23.2,8406,EQ,,,
2018-07-27,23.35,23.95,22.7,23.05,13847,EQ,,,
2018-07-30,23.95,23.95,22.85,23.85,10364,EQ,,,
2018-07-31,23.5,24.25,23.4,23.9,31322,EQ,,,
2018-08-01,24.15,24.15,23.35,23.45,13603,EQ,,,
2018-08-02,23.85,23.85,23.0,23.2,11636,EQ,,,
2018-08-03,23.55,24.25,23.25,23.75,21751,EQ,,,
2018-08-06,23.35,24.15,23.35,23.8,10863,EQ,,,
2018-08-07,23.95,24.15,23.2,23.7,14601,EQ,,,
2018-08-08,23.75,24.0,22.95,23.0,61837,EQ,,,
2018-08-09,23.2,23.65,22.65,22.8,67827,EQ,,,
2018-08-10,23.3,23.3,22.5,22.5,14414,EQ,,,
2018-08-13,22.5,22.85,21.85,22.65,46031,EQ,,,
2018-08-14,22.95,24.25,22.35,23.9,34149,EQ,,,
2018-08-16,24.6,26.0,24.2,25.25,136653,EQ,,,
2018-08-17,26.1,27.75,25.75,27.75,251010,EQ,,,
2018-08-20,28.25,28.3,27.2,27.35,90722,EQ,,,
2018-08-21,26.35,27.65,26.35,26.5,72566,EQ,,,
2018-08-23,26.65,26.85,24.5,25.3,102721,EQ,,,
2018-08-24,25.35,26.35,25.05,25.45,33709,EQ,,,
2018-08-27,25.35,26.25,25.05,25.1,64508,EQ,,,
2018-08-28,25.15,25.65,24.0,24.9,36650,EQ,,,
2018-08-29,25.2,25.45,24.35,24.9,57614,EQ,,,
2018-08-30,25.15,26.45,24.85,26.15,79383,EQ,,,
2018-08-31,26.15,26.6,25.65,26.3,12048,EQ,,,
2018-09-03,26.3,26.5,25.55,25.75,25344,EQ,,,
2018-09-04,25.85,25.85,24.65,24.8,11331,EQ,,,
2018-09-05,24.75,25.2,24.2,24.9,17906,EQ,,,
2018-09-06,26.0,26.0,24.75,24.85,6831,EQ,,,
2018-09-07,25.0,25.85,24.35,25.55,32881,EQ,,,
2018-09-10,24.9,25.5,24.9,25.05,21135,EQ,,,
2018-09-11,25.05,25.6,24.55,24.7,9672,EQ,,,
2018-09-12,24.65,24.95,24.0,24.65,13932,EQ,,,
2018-09-14,24.85,25.45,24.85,25.3,19205,EQ,,,
2018-09-17,25.4,26.3,25.2,26.05,70622,EQ,,,
2018-09-18,26.35,26.35,25.2,25.3,61499,EQ,,,
2018-09-19,25.45,25.85,25.2,25.3,7566,EQ,,,
2018-09-21,25.85,25.85,23.0,23.45,59669,EQ,,,
2018-09-24,23.05,24.0,23.0,23.15,19174,EQ,,,
2018-09-25,22.85,23.85,22.5,22.95,20439,EQ,,,
2018-09-26,23.65,23.65,22.35,22.55,14099,EQ,,,
2018-09-27,22.7,23.0,22.15,22.35,19450,EQ,,,
2018-09-28,22.9,22.95,20.95,21.05,34330,EQ,,,
2018-10-01,22.15,22.15,19.1,21.1,81592,EQ,,,
2018-10-03,21.85,22.65,21.15,21.3,20661,EQ,,,
2018-10-04,21.3,21.3,20.35,20.9,14285,EQ,,,
2018-10-05,20.75,21.15,20.6,20.85,6278,EQ,,,
2018-10-08,21.0,21.2,19.65,20.25,20079,EQ,,,
2018-10-09,20.2,20.85,20.0,20.25,106326,EQ,,,
2018-10-10,20.8,21.15,19.85,20.75,46964,EQ,,,
2018-10-11,20.35,20.85,20.0,20.5,19687,EQ,,,
2018-10-12,21.3,21.65,20.4,20.7,16931,EQ,,,
2018-10-15,21.65,21.65,20.5,21.4,47653,EQ,,,
2018-10-16,21.3,22.65,21.3,22.05,215267,EQ,,,
2018-10-17,21.7,22.6,21.35,21.35,14184,EQ,,,
2018-10-19,21.6,21.65,20.75,21.3,7093,EQ,,,
2018-10-22,22.65,22.65,20.85,21.3,5660,EQ,,,
2018-10-23,21.0,21.0,20.15,20.35,22479,EQ,,,
2018-10-24,20.7,21.0,20.1,20.35,8515,EQ,,,
2018-10-25,20.1,20.25,19.65,20.15,29036,EQ,,,
2018-10-26,20.1,20.5,20.0,20.1,6596,EQ,,,
2018-10-29,20.3,20.95,20.15,20.6,6303,EQ,,,
2018-10-30,20.65,21.4,20.4,20.65,12084,EQ,,,
2018-10-31,20.6,20.85,20.45,20.7,10502,EQ,,,
2018-11-01,20.85,21.35,20.75,21.15,23898,EQ,,,
2018-11-02,21.55,22.3,21.35,22.25,53961,EQ,,,
2018-11-05,22.7,25.1,22.25,24.1,224559,EQ,,,
2018-11-06,24.1,25.5,23.1,23.7,79196,EQ,,,
2018-11-07,24.1,24.6,24.0,24.2,25383,EQ,,,
2018-11-09,23.75,24.35,23.6,24.1,14849,EQ,,,
2018-11-12,24.55,24.55,23.35,23.45,12969,EQ,,,
2018-11-13,23.0,24.15,22.7,23.25,43663,EQ,,,
2018-11-14,23.75,23.8,23.15,23.25,23551,EQ,,,
2018-11-15,23.55,23.6,22.5,22.95,17679,EQ,,,
2018-11-16,24.3,24.3,22.75,23.0,20638,EQ,,,
2018-11-19,23.0,23.55,22.55,22.75,19257,EQ,,,
2018-11-20,22.6,22.6,22.1,22.25,10044,EQ,,,
2018-11-21,22.25,22.65,22.05,22.6,21201,EQ,,,
2018-11-22,23.0,23.0,22.35,22.6,29101,EQ,,,
2018-11-26,22.55,22.55,21.3,21.6,18527,EQ,,,
2018-11-27,21.8,21.8,21.4,21.45,8113,EQ,,,
2018-11-28,21.55,22.85,21.55,21.7,9882,EQ,,,
2018-11-29,22.15,22.45,21.7,22.25,13557,EQ,,,
2018-11-30,22.15,22.45,21.75,22.1,2980,EQ,,,
2018-12-03,22.25,22.6,22.1,22.6,28492,EQ,,,
2018-12-04,22.6,22.9,22.55,22.75,6900,EQ,,,
2018-12-05,22.65,22.9,22.2,22.5,12153,EQ,,,
2018-12-06,22.9,22.9,21.85,22.55,9557,EQ,,,
2018-12-07,22.6,23.15,21.85,21.85,8974,EQ,,,
2018-12-10,21.7,21.7,21.0,21.15,7968,EQ,,,
2018-12-11,22.6,22.6,20.85,21.6,5114,EQ,,,
2018-12-12,21.35,22.55,20.85,21.8,13067,EQ,,,
2018-12-13,22.35,22.35,21.9,22.0,6406,EQ,,,
2018-12-14,21.95,22.2,21.7,21.85,3606,EQ,,,
2018-12-17,22.0,22.25,21.15,21.75,9406,EQ,,,
2018-12-18,21.4,22.3,21.4,21.8,8887,EQ,,,
2018-12-19,21.85,22.9,21.75,22.3,11254,EQ,,,
2018-12-20,22.35,22.9,22.35,22.5,9204,EQ,,,
2018-12-21,22.6,22.6,22.0,22.1,12195,EQ,,,
2018-12-24,21.7,22.65,21.7,21.75,4601,EQ,,,
2018-12-26,21.8,22.0,21.2,21.55,19036,EQ,,,
2018-12-27,21.85,22.25,21.7,21.85,2890,EQ,,,
2018-12-28,21.85,22.2,21.85,22.0,3050,EQ,,,
2018-12-31,22.0,23.25,21.55,22.45,9582,EQ,,,
2019-01-01,22.45,23.1,21.5,23.0,22306,EQ,,,
2019-01-02,22.95,23.0,22.45,22.6,63517,EQ,,,
2019-01-03,22.6,23.35,21.85,22.3,9746,EQ,,,
2019-01-04,22.7,22.7,22.0,22.55,18604,EQ,,,
2019-01-07,22.55,22.65,22.2,22.25,5079,EQ,,,
2019-01-08,22.15,22.65,22.1,22.35,3483,EQ,,,
2019-01-09,22.4,24.2,22.3,23.65,170329,EQ,,,
2019-01-10,23.65,27.1,23.65,26.25,2442063,EQ,,,
2019-01-11,25.7,25.95,24.7,24.95,205290,EQ,,,
2019-01-14,25.0,25.0,24.0,24.2,64691,EQ,,,
2019-01-15,24.8,24.8,24.05,24.45,60207,EQ,,,
2019-01-16,24.6,24.6,23.75,24.2,32361,EQ,,,
2019-01-17,24.2,24.95,23.8,24.45,35818,EQ,,,
2019-01-18,24.5,24.95,23.65,23.95,24228,EQ,,,
2019-01-21,24.2,24.3,23.85,24.0,16452,EQ,,,
2019-01-22,23.7,24.2,23.55,23.95,25221,EQ,,,
2019-01-23,23.85,24.45,23.85,23.95,10849,EQ,,,
2019-01-24,23.7,24.65,23.35,24.1,7728,EQ,,,
2019-01-25,23.85,24.05,22.9,23.3,13628,EQ,,,
2019-01-28,23.15,24.0,22.4,22.75,21499,EQ,,,
2019-01-29,22.4,23.0,21.85,22.4,15673,EQ,,,
2019-01-30,22.95,23.0,22.4,22.55,9494,EQ,,,
2019-01-31,23.5,23.5,22.5,23.0,5959,EQ,,,
2019-02-01,23.05,23.35,22.15,22.7,16760,EQ,,,
2019-02-04,22.5,23.35,22.35,23.05,5160,EQ,,,
2019-02-05,22.7,23.05,22.4,22.6,7411,EQ,,,
2019-02-06,22.45,22.9,22.35,22.35,11682,EQ,,,
2019-02-07,22.75,23.25,21.95,22.65,14110,EQ,,,
2019-02-08,22.05,23.65,22.05,22.55,28660,EQ,,,
2019-02-11,22.5,22.95,22.15,22.3,9880,EQ,,,
2019-02-12,22.15,22.6,21.05,21.25,28043,EQ,,,
2019-02-13,21.6,21.6,20.75,20.95,6693,EQ,,,
2019-02-14,21.3,21.35,19.75,20.95,30232,EQ,,,
2019-02-15,21.3,21.3,20.55,20.65,7677,EQ,,,
2019-02-18,21.05,21.3,20.65,21.0,4137,EQ,,,
2019-02-19,21.05,21.35,20.75,21.15,4017,EQ,,,
2019-02-20,21.0,21.5,20.75,21.05,6098,EQ,,,
2019-02-21,21.05,21.4,20.4,20.95,3066,EQ,,,
2019-02-22,21.0,21.95,20.95,21.85,10205,EQ,,,
2019-02-25,22.2,23.1,21.35,22.3,12998,EQ,,,
2019-02-26,22.0,22.55,20.95,21.7,29288,EQ,,,
2019-02-27,22.15,22.5,21.15,21.2,15159,EQ,,,
2019-02-28,21.4,21.45,20.7,20.95,17420,EQ,,,
2019-03-01,21.3,21.65,21.05,21.45,35621,EQ,,,
2019-03-05,21.6,22.5,21.4,22.4,49667,EQ,,,
2019-03-06,22.15,22.85,21.85,22.15,34199,EQ,,,
2019-03-07,22.15,22.45,21.8,22.15,21288,EQ,,,
2019-03-08,22.15,22.55,22.05,22.3,26755,EQ,,,
2019-03-11,22.85,24.3,22.65,23.45,215390,EQ,,,
2019-03-12,23.75,24.25,23.4,23.9,58124,EQ,,,
2019-03-13,23.65,23.9,23.15,23.25,28816,EQ,,,
2019-03-14,23.25,23.25,22.35,22.9,16226,EQ,,,
2019-03-15,22.7,23.25,22.5,22.7,15201,EQ,,,
2019-03-18,23.15,23.15,22.35,22.4,8935,EQ,,,
2019-03-19,22.3,22.75,21.95,22.15,26953,EQ,,,
2019-03-20,22.35,22.55,22.05,22.1,13144,EQ,,,
2019-03-22,22.55,22.55,21.75,21.9,20875,EQ,,,
2019-03-25,21.7,21.9,21.15,21.35,35267,EQ,,,
2019-03-26,21.65,21.65,21.15,21.35,18577,EQ,,,
2019-03-27,21.45,21.65,21.2,21.3,16513,EQ,,,
2019-03-28,21.4,22.05,21.35,21.5,43910,EQ,,,
2019-03-29,21.65,22.25,21.45,21.55,61912,EQ,,,
2019-04-01,21.75,22.5,21.75,22.15,15437,EQ,,,
2019-04-02,22.25,22.25,21.7,21.95,12336,EQ,,,
2019-04-03,22.15,22.25,21.7,21.75,22049,EQ,,,
2019-04-04,22.2,22.2,21.6,21.65,10349,EQ,,,
2019-04-05,21.6,21.95,21.6,21.7,7117,EQ,,,
2019-04-08,21.8,21.95,21.6,21.7,6353,EQ,,,
2019-04-09,21.7,21.8,21.5,21.7,7128,EQ,,,
2019-04-10,21.75,21.9,21.5,21.6,6422,EQ,,,
2019-04-11,21.7,21.75,21.4,21.65,5153,EQ,,,
2019-04-12,21.75,21.75,21.2,21.5,13219,EQ,,,
2019-04-15,21.55,22.15,21.55,21.85,15525,EQ,,,
2019-04-16,21.9,22.2,21.75,21.85,7121,EQ,,,
2019-04-18,21.85,22.1,21.7,21.85,4037,EQ,,,
2019-04-22,22.3,22.3,21.4,21.55,8087,EQ,,,
2019-04-23,21.7,21.7,21.4,21.55,7961,EQ,,,
2019-04-24,21.55,21.7,21.4,21.55,5647,EQ,,,
2019-04-25,21.75,21.95,21.4,21.55,8493,EQ,,,
2019-04-26,21.55,22.35,21.25,21.45,88171,EQ,,,
2019-04-30,21.65,21.65,21.1,21.15,11106,EQ,,,
2019-05-02,21.8,21.8,20.85,21.0,9907,EQ,,,
2019-05-03,21.35,21.35,20.7,20.9,8781,EQ,,,
2019-05-06,20.05,21.0,20.05,20.8,6849,EQ,,,
2019-05-07,21.05,21.15,20.7,20.9,13750,EQ,,,
2019-05-08,20.75,21.0,20.5,20.65,7014,EQ,,,
2019-05-09,20.8,20.8,19.8,20.0,8569,EQ,,,
2019-05-10,20.45,20.45,19.85,19.9,5774,EQ,,,
2019-05-13,20.1,20.1,18.6,18.85,23851,EQ,,,
2019-05-14,18.5,18.8,17.9,18.2,24015,EQ,,,
2019-05-15,18.05,19.65,18.0,19.3,30255,EQ,,,
2019-05-16,19.3,20.0,19.0,19.85,10975,EQ,,,
2019-05-17,20.2,20.2,19.1,19.35,55304,EQ,,,
2019-05-20,19.6,20.3,18.7,20.15,11344,EQ,,,
2019-05-21,20.5,20.75,19.65,20.0,8175,EQ,,,
2019-05-22,20.1,20.3,19.9,20.05,3875,EQ,,,
2019-05-23,20.65,20.95,20.1,20.65,18157,EQ,,,
2019-05-24,21.1,21.4,20.55,21.25,12047,EQ,,,
2019-05-27,21.65,25.5,21.4,24.95,455859,EQ,,,
2019-05-28,25.65,25.85,23.4,23.6,75244,EQ,,,
2019-05-29,24.15,24.65,23.45,23.7,29210,EQ,,,
2019-05-30,24.0,24.0,23.0,23.2,13195,EQ,,,
2019-05-31,23.95,23.95,22.1,22.35,33542,EQ,,,
2019-06-03,22.75,23.0,22.05,22.6,17271,EQ,,,
2019-06-04,22.95,23.35,22.55,23.0,19643,EQ,,,
2019-06-06,23.15,23.15,22.2,22.35,30912,EQ,,,
2019-06-07,22.0,22.65,21.8,22.4,20119,EQ,,,
2019-06-10,22.4,22.65,22.35,22.5,16725,EQ,,,
2019-06-11,22.5,22.6,22.15,22.5,10159,EQ,,,
2019-06-12,22.75,24.0,22.5,22.95,50626,EQ,,,
2019-06-13,23.5,23.5,22.35,22.65,5768,EQ,,,
2019-06-14,22.5,22.8,22.1,22.35,7539,EQ,,,
2019-06-17,22.05,22.15,21.8,21.85,10100,EQ,,,
2019-06-18,21.65,22.55,21.65,21.7,5426,EQ,,,
2019-06-19,21.7,22.25,21.0,21.35,12539,EQ,,,
2019-06-20,21.2,21.95,21.2,21.35,5368,EQ,,,
2019-06-21,21.45,22.0,21.4,21.6,6015,EQ,,,
2019-06-24,21.65,21.95,21.35,21.5,4576,EQ,,,
2019-06-25,21.35,22.1,20.65,21.15,24004,EQ,,,
2019-06-26,21.2,21.65,21.15,21.5,12355,EQ,,,
2019-06-27,21.65,22.3,21.35,21.8,27324,EQ,,,
2019-06-28,21.35,22.3,21.35,21.45,17210,EQ,,,
2019-07-01,21.65,21.7,21.35,21.45,6047,EQ,,,
2019-07-02,21.35,21.95,21.35,21.75,6002,EQ,,,
2019-07-03,21.4,21.9,21.4,21.85,10257,EQ,,,
2019-07-04,21.65,21.95,21.5,21.7,6890,EQ,,,
2019-07-05,21.7,22.15,21.5,21.65,8362,EQ,,,
2019-07-08,21.35,21.95,20.05,21.1,49965,EQ,,,
2019-07-09,20.65,21.35,20.65,21.3,8129,EQ,,,
2019-07-10,21.1,21.5,21.1,21.35,11480,EQ,,,
2019-07-11,21.95,21.95,21.45,21.7,26650,EQ,,,
2019-07-12,21.35,21.75,21.35,21.6,4648,EQ,,,
2019-07-15,21.45,21.75,21.2,21.55,3814,EQ,,,
2019-07-16,21.35,21.65,21.0,21.05,33990,EQ,,,
2019-07-17,21.3,21.65,21.2,21.55,9286,EQ,,,
2019-07-18,21.45,21.45,20.8,21.0,8727,EQ,,,
2019-07-19,21.0,21.4,20.55,20.8,17840,EQ,,,
2019-07-22,20.55,20.85,19.1,19.65,11953,EQ,,,
2019-07-23,19.7,20.2,19.0,19.5,9911,EQ,,,
2019-07-24,19.2,20.0,18.7,19.4,106425,EQ,,,
2019-07-25,19.65,20.3,19.05,19.5,8470,EQ,,,
2019-07-26,19.1,20.0,19.1,19.6,3739,EQ,,,
2019-07-29,19.15,20.0,19.15,19.4,5216,EQ,,,
2019-07-30,19.45,20.35,19.05,19.2,6869,EQ,,,
2019-07-31,18.65,19.3,17.8,17.95,22850,EQ,,,
2019-08-01,17.65,20.55,17.55,19.5,69476,EQ,,,
2019-08-02,18.6,19.3,18.35,18.5,7312,EQ,,,
2019-08-05,18.35,18.65,17.35,18.2,8699,EQ,,,
2019-08-06,17.85,19.6,17.85,18.6,7628,EQ,,,
2019-08-07,18.45,18.85,17.95,18.15,10817,EQ,,,
2019-08-08,18.15,18.65,18.0,18.35,4190,EQ,,,
2019-08-09,18.7,18.7,18.25,18.5,5089,EQ,,,
2019-08-13,19.35,19.35,18.4,18.65,3659,EQ,,,
2019-08-14,18.95,19.2,18.85,19.0,6361,EQ,,,
2019-08-16,18.7,18.75,18.0,18.35,16635,EQ,,,
2019-08-19,18.65,18.65,18.35,18.35,5156,EQ,,,
2019-08-20,18.35,18.55,18.1,18.3,4969,EQ,,,
2019-08-21,18.35,18.45,17.2,17.65,84107,EQ,,,
2019-08-22,17.65,18.0,16.4,16.65,25159,EQ,,,
2019-08-23,16.65,16.95,15.8,16.9,8587,EQ,,,
2019-08-26,17.05,18.35,16.1,16.6,24771,EQ,,,
2019-08-27,16.75,17.3,16.4,16.6,13099,EQ,,,
2019-08-28,17.45,17.45,16.05,16.5,16895,EQ,,,
2019-08-29,16.65,17.0,16.4,16.75,21734,EQ,,,
2019-08-30,17.0,18.5,16.7,18.1,19856,EQ,,,
2019-09-03,18.35,19.35,18.15,18.65,28050,EQ,,,
2019-09-04,18.65,19.05,18.05,18.15,3262,EQ,,,
2019-09-05,18.1,18.75,18.1,18.35,2581,EQ,,,
2019-09-06,18.35,18.5,18.0,18.25,476,EQ,,,
2019-09-09,19.0,19.0,18.35,18.55,5960,EQ,,,
2019-09-11,18.65,19.75,18.5,19.65,14167,EQ,,,
2019-09-12,19.65,19.95,18.95,19.5,7893,EQ,,,
2019-09-13,19.55,19.65,18.75,19.35,5949,EQ,,,
2019-09-16,19.25,19.8,19.15,19.55,6718,EQ,,,
2019-09-17,19.95,20.35,19.35,19.4,6506,EQ,,,
2019-09-18,19.75,20.25,19.5,19.8,4213,EQ,,,
2019-09-19,19.85,19.95,19.0,19.2,4365,EQ,,,
2019-09-20,19.2,19.9,19.0,19.65,21871,EQ,,,
2019-09-23,20.3,20.5,19.35,20.0,45361,EQ,,,
2019-09-24,19.85,20.4,19.4,19.55,26138,EQ,,,
2019-09-25,19.5,19.95,18.15,18.9,31844,EQ,,,
2019-09-26,19.65,20.2,18.55,20.1,47719,EQ,,,
2019-09-27,20.45,20.85,19.75,20.05,82774,EQ,,,
2019-09-30,20.05,20.05,18.95,19.05,18609,EQ,381.0,48.84,10839.0
2019-10-01,18.95,19.35,17.7,18.2,23376,EQ,198.0,118.06,20507.0
2019-10-03,18.15,18.8,17.85,18.15,8140,EQ,128.0,63.59,6789.0
2019-10-04,18.85,18.85,17.85,17.9,16046,EQ,151.0,106.26,14856.0
2019-10-07,18.15,18.15,17.5,17.55,14672,EQ,93.0,157.76,13797.0
2019-10-09,17.75,17.75,16.7,16.95,30973,EQ,374.0,82.82,24699.0
2019-10-10,16.9,17.45,16.4,16.45,18674,EQ,128.0,145.89,15223.0
2019-10-11,17.15,17.85,16.35,16.5,17376,EQ,286.0,60.76,14409.0
2019-10-14,17.15,17.35,16.55,16.8,2598,EQ,84.0,30.93,1796.0
2019-10-15,16.85,16.85,15.6,16.0,21979,EQ,392.0,56.07,18967.0
2019-10-16,16.6,16.6,15.85,16.15,29364,EQ,262.0,112.08,17518.0
2019-10-17,16.65,16.65,15.7,15.95,14410,EQ,98.0,147.04,13528.0
2019-10-18,15.9,18.15,15.9,17.4,56413,EQ,464.0,121.58,49975.0
2019-10-22,18.25,18.25,17.65,17.7,4813,EQ,108.0,44.56,3375.0
2019-10-23,17.75,17.75,17.0,17.2,7147,EQ,141.0,50.69,4038.0
2019-10-24,17.8,17.8,16.85,16.9,4488,EQ,173.0,25.94,2415.0
2019-10-25,17.0,17.0,16.65,16.75,1744,EQ,65.0,26.83,1540.0
2019-10-29,17.4,17.9,16.75,17.25,9539,EQ,189.0,50.47,5505.0
2019-10-30,18.05,18.05,16.85,17.25,5162,EQ,99.0,52.14,1793.0
2019-10-31,17.1,18.65,17.1,18.3,18852,EQ,363.0,51.93,13250.0
2019-11-01,18.25,18.6,17.7,18.25,6901,EQ,146.0,47.27,4850.0
2019-11-04,18.0,19.25,18.0,19.0,23691,EQ,357.0,66.36,13334.0
2019-11-05,19.0,19.5,18.7,18.7,5424,EQ,88.0,61.64,3564.0
2019-11-06,18.65,19.05,18.0,18.35,5848,EQ,179.0,32.67,3715.0
2019-11-07,18.35,18.95,18.0,18.3,6979,EQ,130.0,53.68,2963.0
2019-11-08,18.35,19.0,17.75,18.25,8379,EQ,115.0,72.86,4607.0
2019-11-11,18.0,18.35,17.7,18.0,8071,EQ,99.0,81.53,2836.0
2019-11-13,17.65,18.0,17.1,17.35,6865,EQ,187.0,36.71,4449.0
2019-11-14,17.75,18.4,17.05,18.1,69693,EQ,465.0,149.88,60383.0
2019-11-15,17.85,17.85,15.15,16.05,71592,EQ,1770.0,40.45,37811.0
2019-11-18,16.65,16.65,15.2,15.65,28490,EQ,613.0,46.48,20451.0
2019-11-19,15.5,15.95,15.5,15.65,9464,EQ,113.0,83.75,6810.0
2019-11-20,15.75,15.8,14.7,15.0,25557,EQ,596.0,42.88,21522.0
2019-11-21,15.55,15.55,14.05,14.55,17528,EQ,637.0,27.52,9191.0
2019-11-22,14.65,15.0,13.95,14.75,12314,EQ,468.0,26.31,8424.0
2019-11-25,14.75,16.35,14.75,15.5,19045,EQ,711.0,26.79,9769.0
2019-11-26,15.35,15.9,15.0,15.1,8466,EQ,321.0,26.37,4695.0
2019-11-27,15.7,16.0,14.4,14.75,8985,EQ,286.0,31.42,5288.0
2019-11-28,14.7,15.6,14.4,15.0,10890,EQ,358.0,30.42,4414.0
2019-11-29,14.6,15.55,14.35,15.0,7624,EQ,329.0,23.17,5036.0
2019-12-02,15.15,15.15,14.65,14.95,7234,EQ,154.0,46.97,5819.0
2019-12-03,14.45,15.15,14.45,14.9,5370,EQ,82.0,65.49,3303.0
2019-12-04,14.9,15.1,14.55,14.8,2615,EQ,91.0,28.74,1705.0
2019-12-05,15.3,15.3,14.35,14.5,8279,EQ,230.0,36.0,5164.0
2019-12-06,14.8,14.95,14.2,14.35,10556,EQ,231.0,45.7,9808.0
2019-12-09,15.25,15.25,14.25,14.35,15992,EQ,145.0,110.29,12424.0
2019-12-10,14.35,14.35,13.55,13.7,15261,EQ,354.0,43.11,10648.0
2019-12-11,14.2,14.9,13.35,14.0,14139,EQ,318.0,44.46,10300.0
2019-12-12,14.35,14.45,13.5,13.65,11387,EQ,353.0,32.26,8207.0
2019-12-13,13.65,14.0,13.05,13.35,16313,EQ,549.0,29.71,11801.0
2019-12-16,13.85,15.75,13.8,14.05,40517,EQ,1003.0,40.4,13223.0
2019-12-17,14.65,15.05,13.45,13.95,22371,EQ,466.0,48.01,11343.0
2019-12-18,14.35,15.0,13.4,14.75,38698,EQ,860.0,45.0,25859.0
2019-12-19,15.15,15.15,14.15,14.3,86249,EQ,418.0,206.34,82033.0
2019-12-20,14.1,14.95,14.1,14.7,8256,EQ,459.0,17.99,5650.0
2019-12-23,15.25,15.25,14.1,14.6,6174,EQ,215.0,28.72,2965.0
2019-12-24,14.65,14.65,14.2,14.4,4359,EQ,147.0,29.65,2958.0
2019-12-26,14.95,14.95,14.2,14.6,20008,EQ,265.0,75.5,7164.0
2019-12-27,14.35,17.35,14.35,15.9,106074,EQ,1470.0,72.16,41480.0
2019-12-30,15.85,18.2,15.55,17.25,98005,EQ,1737.0,56.42,41736.0
2019-12-31,17.4,19.75,17.2,18.3,170731,EQ,2758.0,61.9,48839.0
2020-01-01,18.65,18.95,17.8,18.65,36262,EQ,807.0,44.93,16455.0
2020-01-02,18.7,20.4,18.65,19.1,103153,EQ,849.0,121.5,46531.0
2020-01-03,19.65,21.65,18.4,19.45,112488,EQ,1073.0,104.84,45713.0
2020-01-06,19.9,19.9,17.9,18.4,18140,EQ,431.0,42.09,11367.0
2020-01-07,19.15,19.35,18.5,18.65,22642,EQ,146.0,155.08,14874.0
2020-01-08,19.3,19.3,17.65,18.15,10465,EQ,142.0,73.7,8074.0
2020-01-09,19.4,19.4,18.05,18.3,22938,EQ,257.0,89.25,14094.0
2020-01-10,18.4,19.25,18.05,18.65,42654,EQ,366.0,116.54,28795.0
2020-01-13,18.6,19.15,18.35,18.65,13262,EQ,250.0,53.05,8332.0
2020-01-14,19.0,21.35,18.65,20.45,340658,EQ,2520.0,135.18,154310.0
2020-01-15,20.45,21.25,19.55,20.8,192413,EQ,1206.0,159.55,138390.0
2020-01-16,21.3,21.3,19.6,19.7,56005,EQ,768.0,72.92,38968.0
2020-01-17,19.25,20.35,19.25,19.6,24565,EQ,348.0,70.59,13008.0
2020-01-20,22.65,22.65,19.6,19.8,993930,EQ,6397.0,155.37,355327.0
2020-01-21,19.8,20.25,19.25,19.3,53055,EQ,640.0,82.9,28271.0
2020-01-22,19.0,19.95,18.75,18.9,61484,EQ,608.0,101.12,31511.0
2020-01-23,18.85,19.65,18.65,19.55,80247,EQ,558.0,143.81,39917.0
2020-01-24,19.35,19.4,18.7,18.85,26820,EQ,479.0,55.99,20003.0
2020-01-27,18.45,18.55,18.0,18.1,31993,EQ,440.0,72.71,21101.0
2020-01-28,18.3,18.5,17.45,17.6,82724,EQ,415.0,199.33,70049.0
2020-01-29,17.55,17.85,17.2,17.35,23344,EQ,391.0,59.7,12912.0
2020-01-30,17.35,17.35,16.55,16.65,17689,EQ,489.0,36.17,10540.0
2020-01-31,16.65,17.15,16.1,16.45,30094,EQ,758.0,39.7,18529.0
2020-02-03,15.7,16.0,15.4,15.65,22231,EQ,569.0,39.07,17193.0
2020-02-04,15.7,16.2,15.65,16.1,14214,EQ,244.0,58.25,7253.0
2020-02-05,16.1,16.65,15.65,16.25,26970,EQ,453.0,59.54,15379.0
2020-02-06,16.25,16.55,15.85,16.3,13039,EQ,276.0,47.24,9158.0
2020-02-07,16.35,16.55,15.85,16.15,8821,EQ,266.0,33.16,6637.0
2020-02-10,15.75,16.15,15.05,15.35,15045,EQ,623.0,24.15,8516.0
2020-02-11,15.15,16.65,15.15,15.65,21833,EQ,388.0,56.27,12050.0
2020-02-12,17.25,17.25,16.15,16.6,91905,EQ,1611.0,57.05,29247.0
2020-02-13,16.55,16.55,15.75,16.05,10744,EQ,422.0,25.46,6066.0
2020-02-14,15.9,16.15,15.5,15.6,21747,EQ,256.0,84.95,13327.0
2020-02-17,15.95,16.3,15.0,15.85,29765,EQ,879.0,33.86,16702.0
2020-02-18,15.7,15.7,15.1,15.4,12733,EQ,359.0,35.47,9126.0
2020-02-19,15.65,15.9,15.4,15.5,7806,EQ,176.0,44.35,4589.0
2020-02-20,15.35,16.3,15.2,15.4,30025,EQ,525.0,57.19,15480.0
2020-02-24,15.05,15.25,14.7,14.8,16802,EQ,323.0,52.02,11373.0
2020-02-25,14.9,15.95,14.65,15.25,22153,EQ,281.0,78.84,12902.0
2020-02-26,15.0,15.0,14.7,14.85,6738,EQ,133.0,50.66,4806.0
2020-02-27,14.8,15.0,13.55,14.4,40622,EQ,380.0,106.9,15427.0
2020-02-28,14.05,14.3,13.35,13.55,22398,EQ,442.0,50.67,13902.0
2020-03-02,13.7,14.1,12.85,13.05,11054,EQ,383.0,28.86,4854.0
2020-03-03,13.35,13.35,12.65,13.15,20073,EQ,279.0,71.95,13031.0
2020-03-04,12.85,13.2,12.7,12.85,9640,EQ,219.0,44.02,8018.0
2020-03-05,12.95,13.0,12.55,12.75,8881,EQ,153.0,58.05,6616.0
2020-03-06,12.6,12.6,11.7,12.1,14740,EQ,396.0,37.22,9505.0
2020-03-09,11.65,11.65,10.65,11.15,22899,EQ,498.0,45.98,17286.0
2020-03-11,11.3,11.65,11.1,11.35,11735,EQ,198.0,59.27,9185.0
2020-03-12,10.35,10.6,9.1,9.15,104072,EQ,2422.0,42.97,81313.0
2020-03-13,7.85,11.0,7.35,9.4,292032,EQ,563.0,518.71,269106.0
2020-03-16,9.2,9.65,8.4,9.25,100779,EQ,514.0,196.07,86095.0
2020-03-17,9.0,9.45,7.55,8.05,74433,EQ,1329.0,56.01,49056.0
2020-03-18,8.0,8.6,7.7,7.95,58509,EQ,399.0,146.64,41501.0
2020-03-19,7.65,7.85,7.45,7.65,17106,EQ,395.0,43.31,14144.0
2020-03-20,7.9,8.45,7.7,8.45,36806,EQ,278.0,132.4,34416.0
2020-03-23,8.0,8.0,7.6,7.65,35698,EQ,236.0,151.26,34111.0
2020-03-24,7.65,8.05,6.9,7.5,27801,EQ,371.0,74.94,15882.0
2020-03-25,7.35,8.05,7.0,7.8,33449,EQ,273.0,122.52,15535.0
2020-03-26,7.9,8.55,7.5,8.4,15897,EQ,295.0,53.89,12394.0
2020-03-27,9.0,9.0,8.2,8.35,20993,EQ,249.0,84.31,18562.0
2020-03-30,8.05,8.65,7.9,8.15,4530,EQ,100.0,45.3,4003.0
2020-03-31,8.35,8.85,7.4,8.4,43612,EQ,557.0,78.3,24865.0
2020-04-01,8.85,8.85,8.05,8.55,14305,EQ,273.0,52.4,8752.0
2020-04-03,8.5,9.0,8.4,8.5,11509,EQ,257.0,44.78,8719.0
2020-04-07,8.8,9.0,8.35,8.5,19740,EQ,247.0,79.92,16863.0
2020-04-08,8.35,9.15,8.35,8.75,25662,EQ,189.0,135.78,16087.0
2020-04-09,8.75,9.5,8.75,9.4,32146,EQ,326.0,98.61,25408.0
2020-04-13,9.55,9.65,8.5,8.7,55228,EQ,,,
2020-04-15,8.75,10.0,8.75,9.1,34145,EQ,511.0,66.82,22406.0
2020-04-16,9.2,9.6,8.75,9.35,35177,EQ,428.0,82.19,28268.0
2020-04-17,10.0,10.95,9.0,10.8,162858,EQ,1966.0,82.84,66509.0
2020-04-20,10.95,11.6,10.8,10.85,70847,EQ,1205.0,58.79,49343.0
2020-04-21,10.2,10.55,10.0,10.15,32352,EQ,454.0,71.26,21639.0
2020-04-22,10.15,10.65,9.65,9.95,66109,EQ,666.0,99.26,29129.0
2020-04-23,9.95,10.5,9.95,10.3,15427,EQ,272.0,56.72,8623.0
2020-04-24,9.95,10.0,9.5,9.85,24487,EQ,320.0,76.52,15998.0
2020-04-27,9.7,10.8,9.7,10.4,79155,EQ,788.0,100.45,31226.0
2020-04-28,10.45,10.95,10.35,10.55,10811,EQ,255.0,42.4,7801.0
2020-04-29,10.55,10.85,10.45,10.65,13076,EQ,261.0,50.1,9608.0
2020-04-30,11.55,12.65,11.35,11.45,176384,EQ,1565.0,112.71,84899.0
2020-05-04,11.0,11.0,10.35,10.45,27746,EQ,477.0,58.17,18670.0
2020-05-05,10.35,10.7,10.25,10.45,38870,EQ,368.0,105.62,28813.0
2020-05-06,10.15,10.5,9.9,10.05,35545,EQ,450.0,78.99,21882.0
2020-05-07,10.25,10.6,9.8,10.15,23108,EQ,237.0,97.5,10738.0
2020-05-08,10.3,10.8,9.95,10.0,49377,EQ,468.0,105.51,26240.0
2020-05-11,10.05,10.65,9.95,10.2,21501,EQ,319.0,67.4,12136.0
2020-05-12,10.2,10.55,9.65,9.8,25932,EQ,436.0,59.48,14903.0
2020-05-13,10.3,10.6,9.95,10.0,37322,EQ,310.0,120.39,29555.0
2020-05-14,10.1,10.9,9.85,10.05,121407,EQ,1084.0,112.0,50804.0
2020-05-15,10.05,10.35,9.95,10.1,30152,EQ,287.0,105.06,20711.0
2020-05-18,10.1,10.3,9.5,9.6,23518,EQ,347.0,67.78,16033.0
2020-05-19,9.35,9.9,9.0,9.25,25196,EQ,424.0,59.42,12920.0
2020-05-20,9.35,9.45,9.1,9.2,41463,EQ,202.0,205.26,38269.0
2020-05-21,9.35,9.4,9.1,9.25,7905,EQ,171.0,46.23,4817.0
2020-05-22,9.15,9.45,9.05,9.25,7858,EQ,143.0,54.95,4473.0
2020-05-26,9.25,9.65,9.2,9.35,13955,EQ,219.0,63.72,8982.0
2020-05-27,9.25,9.45,9.15,9.3,9893,EQ,129.0,76.69,6892.0
2020-05-28,9.35,9.6,9.3,9.4,17352,EQ,187.0,92.79,9463.0
2020-05-29,9.45,9.6,9.0,9.5,12623,EQ,235.0,53.71,9393.0
2020-06-01,10.25,10.25,9.6,10.0,27326,EQ,380.0,71.91,22118.0
2020-06-02,10.3,10.9,9.8,10.8,56803,EQ,566.0,100.36,36095.0
2020-06-03,11.0,11.3,10.25,10.45,71437,EQ,600.0,119.06,43162.0
2020-06-04,10.7,12.0,10.2,11.2,108555,EQ,1096.0,99.05,53680.0
2020-06-05,11.35,12.65,11.35,12.45,185239,EQ,1438.0,128.82,100740.0
2020-06-08,13.25,13.25,12.2,12.85,190658,EQ,1649.0,115.62,79417.0
2020-06-09,13.0,13.65,12.35,13.15,304710,EQ,1821.0,167.33,140161.0
2020-06-10,13.15,13.25,12.35,12.5,83746,EQ,516.0,162.3,60881.0
2020-06-11,12.45,12.8,11.85,12.1,42298,EQ,493.0,85.8,28598.0
2020-06-12,12.0,12.25,11.2,12.05,43220,EQ,339.0,127.49,29565.0
2020-06-15,12.0,12.45,11.5,12.1,18765,EQ,262.0,71.62,9294.0
2020-06-16,12.1,12.35,11.2,11.8,73047,EQ,433.0,168.7,35576.0
2020-06-17,11.75,12.1,11.35,11.8,19533,EQ,284.0,68.78,11456.0
2020-06-18,11.8,12.65,11.8,12.15,82724,EQ,597.0,138.57,49835.0
2020-06-19,12.35,13.5,12.15,13.05,153470,EQ,1215.0,126.31,108268.0
2020-06-22,14.0,15.0,14.0,14.2,486328,EQ,3110.0,156.38,254552.0
2020-06-23,14.45,14.65,13.55,13.65,122952,EQ,1690.0,72.75,79757.0
2020-06-24,14.95,15.25,13.65,13.75,344311,EQ,3125.0,110.18,215550.0
2020-06-25,13.95,14.15,13.25,13.95,75744,EQ,928.0,81.62,41813.0
2020-06-26,13.95,14.35,13.8,13.9,64263,EQ,782.0,82.18,42829.0
2020-06-29,13.9,13.95,13.35,13.45,43178,EQ,511.0,84.5,29624.0
2020-06-30,13.55,13.7,12.55,12.8,62785,EQ,662.0,94.84,30848.0
2020-07-01,12.4,13.35,12.35,13.1,48746,EQ,659.0,73.97,28145.0
2020-07-02,13.1,13.3,13.1,13.1,26420,EQ,348.0,75.92,18296.0
2020-07-03,13.1,13.3,13.0,13.1,26709,EQ,395.0,67.62,15563.0
2020-07-06,13.1,14.7,13.05,14.2,196611,EQ,2091.0,94.03,93911.0
2020-07-07,14.15,14.2,13.7,13.85,68093,EQ,815.0,83.55,43017.0
2020-07-08,14.3,14.5,13.75,13.9,100265,EQ,1261.0,79.51,52290.0
2020-07-09,14.1,14.45,13.85,14.25,97480,EQ,939.0,103.81,67457.0
2020-07-10,14.35,14.95,13.85,14.0,279726,EQ,2066.0,135.39,119353.0
2020-07-13,14.15,14.9,14.0,14.15,233700,EQ,1744.0,134.0,69877.0
2020-07-14,14.0,14.45,13.55,13.85,84236,EQ,868.0,97.05,54201.0
2020-07-15,13.9,14.25,13.45,13.95,88946,EQ,1247.0,71.33,43633.0
2020-07-16,14.3,14.35,13.05,13.4,90864,EQ,1188.0,76.48,57860.0
2020-07-17,13.5,13.7,13.15,13.2,69872,EQ,833.0,83.88,47450.0
2020-07-20,13.35,13.35,12.85,13.0,43201,EQ,535.0,80.75,28685.0
2020-07-21,12.95,13.35,12.85,12.95,47230,EQ,535.0,88.28,25394.0
2020-07-22,12.95,13.45,12.85,12.95,118660,EQ,1037.0,114.43,69893.0
2020-07-23,13.95,13.95,13.0,13.25,72637,EQ,819.0,88.69,41670.0
2020-07-24,13.3,13.3,12.9,13.0,24794,EQ,308.0,80.5,15104.0
2020-07-27,12.75,12.9,12.45,12.5,27043,EQ,345.0,78.39,23339.0
2020-07-28,12.75,12.9,12.45,12.6,36569,EQ,486.0,75.24,22518.0
2020-07-29,12.65,12.9,12.5,12.55,39798,EQ,423.0,94.09,22885.0
2020-07-30,12.65,12.7,12.15,12.25,21054,EQ,308.0,68.36,12958.0
2020-07-31,12.2,12.2,11.7,11.75,35338,EQ,516.0,68.48,24687.0
2020-08-03,11.75,11.75,11.35,11.5,28855,EQ,463.0,62.32,16025.0
2020-08-04,11.5,12.15,11.5,11.95,49869,EQ,484.0,103.04,36448.0
2020-08-05,11.95,14.25,11.9,13.7,778151,EQ,5250.0,148.22,264034.0
2020-08-06,14.3,14.3,13.1,13.25,109022,EQ,1238.0,88.06,67819.0
2020-08-07,13.55,13.6,13.2,13.3,42138,EQ,468.0,90.04,25796.0
2020-08-10,13.4,13.6,13.2,13.35,62514,EQ,689.0,90.73,31307.0
2020-08-11,13.55,14.35,13.4,13.7,226446,EQ,1715.0,132.04,102393.0
2020-08-12,13.6,13.85,13.2,13.8,70235,EQ,929.0,75.6,39281.0
2020-08-13,13.8,13.95,13.35,13.5,61185,EQ,686.0,89.19,43647.0
2020-08-14,13.55,13.95,13.3,13.35,88362,EQ,736.0,120.06,61572.0
2020-08-17,13.5,13.6,13.15,13.35,42387,EQ,513.0,82.63,28235.0
2020-08-18,13.45,13.6,13.35,13.55,34240,EQ,378.0,90.58,21565.0
2020-08-19,13.65,14.3,13.4,13.95,149958,EQ,1287.0,116.52,88929.0
2020-08-20,13.8,14.6,13.6,14.2,136424,EQ,1517.0,89.93,91328.0
2020-08-21,14.3,14.55,14.1,14.2,93296,EQ,798.0,116.91,64852.0
2020-08-24,14.3,14.5,14.15,14.25,68548,EQ,722.0,94.94,45961.0
2020-08-25,14.4,14.6,13.85,14.15,60081,EQ,591.0,101.66,40408.0
2020-08-26,13.85,15.65,13.8,15.15,527358,EQ,4403.0,119.77,270759.0
2020-08-27,15.25,15.65,14.5,14.7,139958,EQ,1393.0,100.47,90182.0
2020-08-28,14.75,15.2,13.95,14.1,134526,EQ,1285.0,104.69,87399.0
2020-08-31,14.15,14.35,12.75,13.0,131598,EQ,1353.0,97.26,84074.0
2020-09-01,13.5,13.5,12.75,13.15,43371,EQ,485.0,89.42,27458.0
2020-09-02,13.35,13.5,13.05,13.3,25029,EQ,384.0,65.18,14911.0
2020-09-03,13.25,14.5,13.25,14.0,137787,EQ,1111.0,124.02,60925.0
2020-09-04,13.9,13.9,13.5,13.6,38616,EQ,414.0,93.28,18068.0
2020-09-07,13.6,13.95,13.15,13.3,28266,EQ,230.0,122.9,22358.0
2020-09-08,13.35,13.5,12.9,13.0,13176,EQ,299.0,44.07,9189.0
2020-09-09,12.95,13.5,12.65,12.8,16494,EQ,207.0,79.68,12169.0
2020-09-10,12.95,13.4,12.85,13.05,15304,EQ,239.0,64.03,6392.0
2020-09-11,13.05,13.4,12.7,12.9,22783,EQ,366.0,62.25,15832.0
2020-09-14,13.0,13.4,13.0,13.1,20538,EQ,271.0,75.79,13369.0
2020-09-15,13.1,13.4,13.1,13.2,32829,EQ,293.0,112.04,15804.0
2020-09-16,13.3,14.0,12.85,13.75,91995,EQ,918.0,100.21,43248.0
2020-09-17,13.85,13.85,13.45,13.6,15595,EQ,171.0,91.2,8414.0
2020-09-18,13.65,14.65,13.55,14.0,227717,EQ,1573.0,144.77,86221.0
2020-09-21,14.1,14.1,13.0,13.0,56118,EQ,629.0,89.22,40242.0
2020-09-22,12.95,13.05,12.25,12.75,54368,EQ,636.0,85.48,24506.0
2020-09-23,12.65,13.15,12.55,12.7,23909,EQ,325.0,73.57,12708.0
2020-09-24,12.6,12.6,12.15,12.45,16222,EQ,384.0,42.24,10230.0
2020-09-25,12.6,12.85,12.45,12.8,15812,EQ,204.0,77.51,9513.0
2020-09-28,12.95,13.3,12.85,13.1,30138,EQ,,,
2020-09-29,13.15,13.2,12.85,13.0,13083,EQ,175.0,74.76,9385.0
2020-09-30,12.95,13.15,12.65,12.8,15161,EQ,297.0,51.05,10132.0
2020-10-01,12.95,13.15,12.85,12.9,22102,EQ,173.0,127.76,16898.0
2020-10-05,12.9,13.15,12.75,12.85,19301,EQ,229.0,84.28,14839.0
2020-10-06,13.0,13.0,12.85,12.9,20402,EQ,434.0,47.01,11867.0
2020-10-07,13.25,13.25,12.4,12.5,40850,EQ,562.0,72.69,26920.0
2020-10-08,12.45,12.9,12.3,12.65,27215,EQ,379.0,71.81,17931.0
2020-10-09,12.6,12.8,12.5,12.6,27910,EQ,312.0,89.46,8362.0
2020-10-12,12.85,12.85,12.4,12.45,11273,EQ,196.0,57.52,6510.0
2020-10-13,12.6,12.65,12.2,12.4,15459,EQ,341.0,45.33,8995.0
2020-10-14,12.45,12.75,12.25,12.6,11586,EQ,203.0,57.07,7492.0
2020-10-15,12.45,12.65,12.05,12.15,16984,EQ,176.0,96.5,11029.0
2020-10-16,12.55,12.85,12.15,12.55,16459,EQ,333.0,49.43,9640.0
2020-10-19,12.8,12.95,12.55,12.7,17019,EQ,191.0,89.1,10348.0
2020-10-20,12.65,12.75,12.25,12.55,21283,EQ,263.0,80.92,16078.0
2020-10-21,12.65,13.1,12.35,12.7,76722,EQ,817.0,93.91,49222.0
2020-10-22,12.95,13.15,12.4,12.7,152804,EQ,1057.0,144.56,68795.0
2020-10-23,13.0,13.0,12.6,12.75,26190,EQ,376.0,69.65,10744.0
2020-10-26,12.8,13.0,12.55,12.7,28702,EQ,548.0,52.38,16435.0
2020-10-27,12.6,12.95,12.55,12.75,14890,EQ,195.0,76.36,6905.0
2020-10-28,12.75,13.15,12.65,12.85,30797,EQ,204.0,150.97,22310.0
2020-10-29,12.6,12.85,12.5,12.7,10148,EQ,110.0,92.25,6586.0
2020-10-30,12.95,12.95,12.6,12.65,9216,EQ,115.0,80.14,5898.0
2020-11-02,12.65,12.75,12.55,12.6,12647,EQ,168.0,75.28,7836.0
2020-11-03,12.55,12.8,12.5,12.55,8432,EQ,162.0,52.05,7128.0
2020-11-04,12.7,12.9,12.25,12.75,19727,EQ,252.0,78.28,11763.0
2020-11-05,13.05,13.55,12.4,12.95,174709,EQ,1617.0,108.05,50977.0
2020-11-06,13.05,13.15,12.7,12.9,41566,EQ,497.0,83.63,25805.0
2020-11-09,13.5,13.65,13.15,13.25,95620,EQ,744.0,128.52,70109.0
2020-11-10,13.6,13.6,13.1,13.35,68111,EQ,486.0,140.15,47520.0
2020-11-11,13.3,13.45,13.2,13.25,24212,EQ,218.0,111.06,16046.0
2020-11-12,13.35,14.1,13.3,13.95,64492,EQ,702.0,91.87,51887.0
2020-11-13,13.95,15.15,13.65,14.65,300567,EQ,2112.0,142.31,127017.0
2020-11-17,14.95,15.1,14.5,14.55,90572,EQ,771.0,117.47,58209.0
2020-11-18,14.5,15.15,14.3,14.5,76501,EQ,887.0,86.25,36538.0
2020-11-19,14.35,15.05,14.1,14.5,128000,EQ,1090.0,117.43,60456.0
2020-11-20,14.5,14.7,14.35,14.5,75316,EQ,481.0,156.58,52020.0
2020-11-23,14.5,14.95,14.45,14.85,73587,EQ,865.0,85.07,49775.0
2020-11-24,15.1,16.0,15.1,15.45,544761,EQ,3183.0,171.15,235392.0
2020-11-25,15.65,15.95,14.8,15.0,105825,EQ,894.0,118.37,56185.0
2020-11-26,14.75,15.3,14.75,15.0,124055,EQ,893.0,138.92,63393.0
2020-11-27,15.35,15.85,15.15,15.25,221835,EQ,1324.0,167.55,93876.0
2020-12-01,15.3,15.5,14.7,15.15,112306,EQ,795.0,141.27,57819.0
2020-12-02,15.4,16.6,14.9,16.15,551176,EQ,3393.0,162.45,282980.0
2020-12-03,16.55,17.45,16.5,16.85,388440,EQ,2709.0,143.39,197640.0
2020-12-04,17.15,17.25,15.65,16.35,178606,EQ,1423.0,125.51,94281.0
2020-12-07,16.65,16.65,16.2,16.5,95317,EQ,840.0,113.47,55082.0
2020-12-08,16.55,16.75,15.85,16.2,82781,EQ,787.0,105.19,50354.0
2020-12-09,16.0,17.0,16.0,16.5,109477,EQ,735.0,148.95,47387.0
2020-12-10,16.35,16.35,15.85,16.1,52636,EQ,543.0,96.94,25878.0
2020-12-11,15.9,16.75,15.9,16.3,84985,EQ,623.0,136.41,45577.0
2020-12-14,16.6,19.55,16.4,19.35,1226202,EQ,7476.0,164.02,450234.0
2020-12-15,19.65,19.65,18.15,18.75,263015,EQ,2615.0,100.58,106607.0
2020-12-16,19.0,19.35,18.2,18.5,168615,EQ,1791.0,94.15,90032.0
2020-12-17,18.65,20.0,18.4,18.75,485849,EQ,3490.0,139.21,187424.0
2020-12-18,19.0,19.15,18.0,18.8,161237,EQ,1567.0,102.9,74498.0
2020-12-21,19.15,19.3,16.65,16.9,276958,EQ,2311.0,119.84,157092.0
2020-12-22,17.0,17.45,16.15,17.3,96382,EQ,1203.0,80.12,44234.0
2020-12-23,17.65,18.1,17.35,17.9,98950,EQ,968.0,102.22,57170.0
2020-12-24,18.0,18.5,17.9,18.05,110787,EQ,1035.0,107.04,63909.0
2020-12-28,18.6,18.6,18.1,18.45,62273,EQ,571.0,109.06,40189.0
2020-12-29,18.55,18.9,17.8,18.1,82322,EQ,796.0,103.42,42241.0
2020-12-30,18.0,18.65,17.8,18.35,62152,EQ,826.0,75.24,26969.0
2020-12-31,18.45,18.65,18.2,18.35,97258,EQ,677.0,143.66,57384.0
2021-01-01,18.6,18.6,18.1,18.5,61879,EQ,516.0,119.92,43295.0
2021-01-04,19.1,20.5,18.55,20.15,712034,EQ,4982.0,142.92,237881.0
2021-01-05,20.1,20.45,19.15,19.3,334623,EQ,2272.0,147.28,141045.0
2021-01-06,19.5,23.15,19.2,23.15,3062019,EQ,13797.0,221.93,686811.0
2021-01-07,25.65,27.25,24.75,25.7,2244844,EQ,18077.0,124.18,683011.0
2021-01-08,26.05,26.3,23.95,24.25,469641,EQ,6329.0,74.2,209275.0
2021-01-11,24.25,24.6,22.65,23.2,272514,EQ,3995.0,68.21,134270.0
2021-01-12,23.25,24.9,22.75,23.9,215675,EQ,2945.0,73.23,103465.0
2021-01-13,24.25,27.85,23.3,27.35,4335890,EQ,30621.0,141.6,632514.0
2021-01-14,26.95,27.0,25.45,25.65,376467,EQ,4838.0,77.81,185285.0
2021-01-15,25.9,26.45,24.65,24.8,250522,EQ,3696.0,67.78,93409.0
2021-01-18,24.65,25.0,23.65,24.05,113551,EQ,1964.0,57.82,53910.0
2021-01-19,24.1,24.95,24.1,24.65,90590,EQ,1262.0,71.78,41201.0
2021-01-20,25.3,26.0,25.1,25.25,158572,EQ,2371.0,66.88,62183.0
2021-01-21,25.5,25.6,24.0,24.3,96065,EQ,1514.0,63.45,55308.0
2021-01-22,24.65,24.8,23.5,23.85,114871,EQ,1542.0,74.49,55959.0
2021-01-25,23.75,24.15,22.0,22.65,159794,EQ,2809.0,56.89,55964.0
2021-01-27,23.1,25.3,22.0,23.7,350165,EQ,5663.0,61.83,71548.0
2021-01-28,23.45,24.75,23.2,23.9,123545,EQ,1871.0,66.03,41168.0
2021-01-29,24.15,25.0,23.25,23.45,229009,EQ,4646.0,49.29,31774.0
2021-02-01,23.65,23.95,23.0,23.4,156200,EQ,3611.0,43.26,48618.0
2021-02-02,23.6,23.95,23.1,23.2,116569,EQ,1569.0,74.3,58697.0
2021-02-03,23.35,24.8,23.2,23.8,274943,EQ,3251.0,84.57,102186.0
2021-02-04,23.9,24.35,23.25,23.75,128123,EQ,2052.0,62.44,48095.0
2021-02-05,24.3,24.3,23.35,23.4,103075,EQ,1356.0,76.01,58161.0
2021-02-08,23.65,24.15,23.4,23.55,128604,EQ,2030.0,63.35,46824.0
2021-02-09,23.65,24.0,23.1,23.3,102653,EQ,1517.0,67.67,44453.0
2021-02-10,23.4,26.35,23.15,26.05,864447,EQ,7971.0,108.45,320853.0
2021-02-11,26.0,26.6,25.2,25.3,476315,EQ,4565.0,104.34,197827.0
2021-02-12,25.45,26.4,24.65,25.75,474018,EQ,5783.0,81.97,156275.0
2021-02-15,26.15,26.15,24.35,24.8,305930,EQ,4778.0,64.03,126201.0
2021-02-16,25.55,25.6,24.8,24.9,271959,EQ,3562.0,76.35,97950.0
2021-02-17,24.9,25.5,24.2,24.35,272022,EQ,6093.0,44.65,54735.0
2021-02-18,24.8,25.05,24.2,24.3,114957,EQ,3430.0,33.52,45948.0
2021-02-19,24.25,24.9,23.45,23.65,235968,EQ,4955.0,47.62,65247.0
2021-02-22,23.7,24.6,23.6,23.7,215663,EQ,4577.0,47.12,42877.0
2021-02-23,23.75,24.75,23.75,24.0,220756,EQ,3960.0,55.75,34294.0
2021-02-24,24.25,24.7,23.4,24.15,149384,EQ,2721.0,54.9,40017.0
2021-02-25,24.15,25.35,23.9,24.8,296260,EQ,4559.0,64.98,102499.0
2021-02-26,24.55,24.95,24.1,24.15,231117,EQ,4040.0,57.21,62426.0
2021-03-01,24.2,24.5,23.9,24.05,108729,EQ,1273.0,85.41,53989.0
2021-03-02,24.05,24.65,24.05,24.2,84126,EQ,1076.0,78.18,40935.0
2021-03-03,24.75,25.8,23.85,24.85,351940,EQ,3696.0,95.22,154716.0
2021-03-04,24.6,25.35,24.15,24.65,103266,EQ,1730.0,59.69,41392.0
2021-03-05,24.85,24.95,23.75,24.1,139795,EQ,1858.0,75.24,59699.0
2021-03-08,24.65,24.65,23.75,24.1,104387,EQ,1532.0,68.14,44209.0
2021-03-09,24.1,24.85,23.0,23.55,146315,EQ,4203.0,34.81,59810.0
2021-03-10,23.55,24.3,23.35,23.95,111683,EQ,1458.0,76.6,55902.0
2021-03-12,24.7,24.8,23.4,23.65,193258,EQ,3065.0,63.05,72721.0
2021-03-15,23.65,23.85,23.0,23.1,127437,EQ,1389.0,91.75,77505.0
2021-03-16,23.65,23.7,22.35,22.9,210456,EQ,3066.0,68.64,75957.0
2021-03-17,22.9,23.1,22.0,22.3,60580,EQ,1166.0,51.96,35026.0
2021-03-18,23.0,23.0,21.35,21.65,66310,EQ,1333.0,49.74,32605.0
2021-03-19,21.65,22.15,20.5,22.0,79734,EQ,1188.0,67.12,33997.0
2021-03-22,22.45,22.45,21.4,22.0,35091,EQ,597.0,58.78,17165.0
2021-03-23,22.2,22.55,21.75,22.0,40090,EQ,655.0,61.21,21622.0
2021-03-24,22.0,22.3,21.35,21.45,45664,EQ,580.0,78.73,25930.0
2021-03-25,21.6,21.65,20.5,21.4,52882,EQ,743.0,71.17,31858.0
2021-03-26,21.55,22.05,21.3,21.7,65555,EQ,637.0,102.91,39632.0
2021-03-30,22.5,23.0,21.8,22.5,59060,EQ,857.0,68.91,31745.0
2021-03-31,22.05,22.8,21.5,22.15,61021,EQ,739.0,82.57,27836.0
2021-04-01,22.05,24.6,22.05,24.05,448883,EQ,3581.0,125.35,165923.0
2021-04-05,24.2,24.65,22.8,24.05,210761,EQ,2669.0,78.97,67080.0
2021-04-06,24.05,24.6,23.35,23.75,72437,EQ,1177.0,61.54,35244.0
2021-04-07,23.75,24.8,23.75,23.95,98437,EQ,1303.0,75.55,46755.0
2021-04-08,24.45,27.0,24.25,25.55,932779,EQ,8901.0,104.79,416000.0
2021-04-09,25.55,26.6,24.65,25.75,184122,EQ,4206.0,43.78,95526.0
2021-04-12,25.35,25.65,21.65,22.25,356533,EQ,4328.0,82.38,190940.0
2021-04-13,23.0,23.65,22.55,23.45,95649,EQ,1528.0,62.6,38197.0
2021-04-15,22.95,24.0,22.15,22.85,106703,EQ,2029.0,52.59,41736.0
2021-04-16,23.2,26.45,23.0,24.95,827163,EQ,9730.0,85.01,286169.0
2021-04-19,24.65,24.65,23.4,23.9,144520,EQ,2738.0,52.78,77305.0
2021-04-20,24.55,24.95,23.5,23.75,108582,EQ,1826.0,59.46,59551.0
2021-04-22,24.0,25.0,23.7,24.7,114802,EQ,1684.0,68.17,60046.0
2021-04-23,24.7,26.5,24.7,25.25,479491,EQ,7144.0,67.12,159900.0
2021-04-26,25.7,29.4,25.35,27.85,2211599,EQ,21122.0,104.71,600245.0
2021-04-27,28.05,31.15,27.5,30.45,1778705,EQ,32441.0,54.83,544600.0
2021-04-28,30.55,31.35,29.05,29.5,720875,EQ,15378.0,46.88,297990.0
2021-04-29,29.75,32.65,29.35,31.45,2053351,EQ,20435.0,100.48,606367.0
2021-04-30,31.65,32.25,30.0,30.8,387288,EQ,6285.0,61.62,189019.0
2021-05-03,30.7,32.4,30.05,31.75,302033,EQ,3579.0,84.39,162834.0
2021-05-04,32.05,32.7,30.75,31.15,382370,EQ,4018.0,95.16,211132.0
2021-05-05,31.5,32.1,30.15,30.6,163924,EQ,2917.0,56.2,85963.0
2021-05-06,30.8,31.65,30.45,30.7,132584,EQ,2055.0,64.52,64210.0
2021-05-07,31.0,32.55,30.95,31.55,608959,EQ,7052.0,86.35,180155.0
2021-05-10,31.8,37.85,31.8,37.85,3233313,EQ,25650.0,126.06,741767.0
2021-05-11,36.35,37.65,34.8,35.4,1783023,EQ,28646.0,62.24,692213.0
2021-05-12,35.95,36.35,33.7,33.95,585254,EQ,12376.0,47.29,250550.0
2021-05-14,34.35,34.7,31.15,31.55,411394,EQ,9384.0,43.84,205156.0
2021-05-17,31.95,35.0,31.7,34.1,474060,EQ,8142.0,58.22,164617.0
2021-05-18,34.45,35.1,33.4,33.6,206228,EQ,4446.0,46.39,98583.0
2021-05-19,33.75,34.1,32.75,33.25,145750,EQ,3122.0,46.68,77413.0
2021-05-20,33.0,33.0,31.9,32.2,192329,EQ,3583.0,53.68,108801.0
2021-05-21,32.5,33.65,32.25,32.7,335481,EQ,5699.0,58.87,132703.0
2021-05-24,33.0,33.0,32.35,32.55,121742,EQ,2428.0,50.14,69446.0
2021-05-25,32.7,35.55,32.7,33.85,502375,EQ,7250.0,69.29,163533.0
2021-05-26,33.95,34.5,33.35,33.55,165121,EQ,4046.0,40.81,84516.0
2021-05-27,33.35,33.9,32.65,32.8,134111,EQ,3555.0,37.72,63533.0
2021-05-28,33.2,35.0,33.0,33.1,212245,EQ,4424.0,47.98,96070.0
2021-05-31,33.15,35.85,33.05,35.35,879787,EQ,13265.0,66.32,390127.0
2021-06-01,36.15,36.65,34.25,34.7,776574,EQ,11258.0,68.98,373218.0
2021-06-02,34.4,35.9,34.4,35.2,229911,EQ,4790.0,48.0,107936.0
2021-06-03,35.35,40.35,34.65,37.7,2830299,EQ,30141.0,93.9,1052389.0
2021-06-04,38.15,39.3,35.05,35.75,1271025,EQ,18727.0,67.87,552924.0
2021-06-07,36.05,37.25,35.65,36.35,653596,EQ,8504.0,76.86,360419.0
2021-06-08,36.3,36.6,35.15,35.6,315924,EQ,5237.0,60.33,154948.0
2021-06-09,35.7,36.15,34.4,35.0,299592,EQ,4628.0,64.73,170461.0
2021-06-10,35.2,35.85,35.0,35.25,246501,EQ,5682.0,43.38,83931.0
2021-06-11,35.6,36.95,35.0,36.3,575565,EQ,8517.0,67.58,206023.0
2021-06-14,37.0,37.95,35.65,36.8,1145737,EQ,14277.0,80.25,413431.0
2021-06-15,36.9,38.25,36.8,36.95,653860,EQ,9506.0,68.78,248045.0
2021-06-16,37.15,37.25,36.05,36.55,287164,EQ,5089.0,56.43,143918.0
2021-06-17,36.1,37.65,35.5,36.75,351680,EQ,5282.0,66.58,165722.0
2021-06-18,36.9,36.9,34.75,35.5,393690,EQ,5027.0,78.32,193085.0
2021-06-21,35.15,36.35,34.85,35.85,205126,EQ,3561.0,57.6,79784.0
2021-06-22,36.65,36.9,36.15,36.35,235043,EQ,4509.0,52.13,88055.0
2021-06-23,36.7,37.0,35.55,35.8,151729,EQ,3058.0,49.62,76652.0
2021-06-24,36.15,36.45,35.4,35.45,92496,EQ,1929.0,47.95,48924.0
2021-06-25,35.35,37.6,35.35,37.15,348110,EQ,6023.0,57.8,180537.0
2021-06-28,37.45,39.5,36.35,37.55,1201858,EQ,18094.0,66.42,527795.0
2021-06-29,37.4,38.85,36.5,37.45,423963,EQ,7213.0,58.78,178641.0
2021-06-30,37.65,37.85,36.85,37.05,350103,EQ,5803.0,60.33,166408.0
2021-07-01,35.85,36.05,34.05,35.05,485287,EQ,6312.0,76.88,286168.0
2021-07-02,35.05,37.15,35.0,35.55,548219,EQ,9065.0,60.48,212803.0
2021-07-05,35.65,36.3,35.5,35.9,199826,EQ,3882.0,51.48,109193.0
2021-07-06,35.9,36.45,35.2,35.35,195568,EQ,2610.0,74.93,131202.0
2021-07-07,35.35,36.65,35.15,35.85,236415,EQ,4786.0,49.4,89778.0
2021-07-08,36.1,36.95,35.7,35.95,316237,EQ,6903.0,45.81,138185.0
2021-07-09,36.0,36.45,35.8,36.05,172542,EQ,4120.0,41.88,77447.0
2021-07-12,36.55,43.25,36.2,42.95,3612700,EQ,45971.0,78.59,1224421.0
2021-07-13,45.0,51.5,45.0,51.45,4526988,EQ,57450.0,78.8,1206590.0
2021-07-14,53.65,54.55,50.2,52.3,2555664,EQ,33069.0,77.28,789907.0
2021-07-15,52.0,56.15,51.15,53.85,1900020,EQ,22499.0,84.45,500579.0
2021-07-16,54.0,59.25,54.0,59.05,2205275,EQ,16796.0,131.3,644069.0
2021-07-19,58.65,64.95,56.35,64.95,1448148,EQ,10266.0,141.06,419706.0
2021-07-20,66.7,68.2,66.7,68.2,248733,EQ,1543.0,161.2,158621.0
2021-07-22,71.6,71.6,71.6,71.6,50835,EQ,321.0,158.36,50835.0
2021-07-23,75.15,75.15,75.15,75.15,55278,EQ,397.0,139.24,55278.0
2021-07-26,78.9,78.9,71.4,78.9,2465274,EQ,14469.0,170.38,969698.0
2021-07-27,79.25,82.85,76.65,82.8,999301,EQ,9476.0,105.46,284048.0
2021-07-28,85.15,86.95,83.55,86.95,620325,EQ,8698.0,71.32,245711.0
2021-07-29,88.65,91.25,88.65,91.25,640954,EQ,4511.0,142.09,178778.0
2021-07-30,95.65,95.8,93.35,95.8,581249,EQ,5172.0,112.38,260321.0
2021-08-02,98.7,100.6,98.55,100.6,165569,EQ,1593.0,103.94,109555.0
2021-08-03,105.6,105.6,105.6,105.6,44917,EQ,352.0,127.61,44917.0
2021-08-04,110.9,110.9,100.35,101.4,2234558,EQ,25408.0,87.95,822222.0
2021-08-05,99.65,99.65,95.85,95.85,543574,EQ,4766.0,114.05,353573.0
2021-08-06,91.05,100.3,91.05,97.45,1136750,EQ,12436.0,91.41,384772.0
2021-08-09,100.0,102.35,98.2,101.05,949591,EQ,8292.0,114.52,337266.0
2021-08-10,100.65,100.65,96.0,96.0,329777,EQ,4440.0,74.27,197315.0
2021-08-11,92.0,98.0,91.2,94.7,492686,EQ,6107.0,80.68,157723.0
2021-08-12,96.65,99.45,95.65,96.95,189812,EQ,4961.0,38.26,90632.0
2021-08-13,97.5,99.0,94.05,96.75,119360,EQ,3414.0,34.96,66109.0
2021-08-16,96.0,96.3,92.85,93.7,128496,EQ,2820.0,45.57,71652.0
2021-08-17,93.3,96.0,92.6,94.55,178207,EQ,4093.0,43.54,61552.0
2021-08-18,95.95,96.65,91.5,92.65,111475,EQ,3121.0,35.72,68626.0
2021-08-20,90.0,94.8,89.65,90.5,129847,EQ,3434.0,37.81,82587.0
2021-08-23,90.65,93.0,86.0,89.9,212932,EQ,4369.0,48.74,116183.0
2021-08-24,89.9,91.25,85.8,87.8,101523,EQ,2836.0,35.8,52916.0
2021-08-25,87.8,90.8,84.0,87.55,108597,EQ,2854.0,38.05,52092.0
2021-08-26,88.8,91.1,87.05,89.15,147483,EQ,3130.0,47.12,54349.0
2021-08-27,89.3,93.6,88.2,93.6,155361,EQ,2671.0,58.17,92769.0
2021-08-30,96.2,98.3,95.4,98.3,124078,EQ,935.0,132.7,81365.0
2021-08-31,103.2,103.2,103.2,103.2,42661,EQ,465.0,91.74,42661.0
2021-09-01,108.35,108.35,101.65,103.95,884824,EQ,15174.0,58.31,359238.0
2021-09-02,105.0,105.65,99.15,100.8,185933,EQ,4578.0,40.61,107305.0
2021-09-03,102.0,103.25,99.6,100.5,73611,EQ,2372.0,31.03,39489.0
2021-09-06,102.0,102.6,97.7,99.5,81265,EQ,2710.0,29.99,44171.0
2021-09-07,98.35,100.65,97.65,98.7,42917,EQ,1771.0,24.23,21837.0
2021-09-08,100.55,103.65,99.35,102.65,502480,EQ,5326.0,94.34,220758.0
2021-09-09,101.6,105.3,99.65,102.0,247686,EQ,4682.0,52.9,132504.0
2021-09-13,103.6,104.25,101.15,102.8,161838,EQ,2668.0,60.66,99570.0
2021-09-14,103.0,107.9,102.0,103.4,499337,EQ,5568.0,89.68,165991.0
2021-09-15,104.95,104.95,101.7,103.0,141928,EQ,3056.0,46.44,90705.0
2021-09-16,103.95,104.65,101.75,102.1,74820,EQ,1916.0,39.05,49848.0
2021-09-17,102.1,105.0,100.3,101.9,159773,EQ,3113.0,51.32,70035.0
2021-09-20,101.85,101.85,98.35,99.5,82404,EQ,2223.0,37.07,47320.0
2021-09-21,99.5,103.25,94.5,95.4,181123,EQ,3603.0,50.27,105882.0
2021-09-22,96.2,100.15,94.0,94.6,147287,EQ,2874.0,51.25,100137.0
2021-09-23,95.35,98.65,92.7,94.15,188185,EQ,4104.0,45.85,129809.0
2021-09-24,94.6,95.9,92.65,95.05,153786,EQ,3900.0,39.43,97581.0
2021-09-27,96.95,99.8,96.85,99.7,287538,EQ,3888.0,73.96,136738.0
2021-09-28,101.65,102.8,98.35,100.1,134471,EQ,3554.0,37.84,83315.0
2021-09-29,99.85,105.0,97.75,103.65,182710,EQ,4222.0,43.28,92422.0
2021-09-30,104.0,107.0,104.0,105.15,120690,EQ,3613.0,33.4,70705.0
2021-10-01,105.9,105.9,101.85,103.2,70975,EQ,2365.0,30.01,38855.0
2021-10-04,103.4,105.0,102.0,102.7,55264,EQ,2053.0,26.92,32795.0
2021-10-05,103.85,104.0,101.85,102.15,49473,EQ,1505.0,32.87,27726.0
2021-10-06,103.35,103.35,101.65,101.95,49177,EQ,1430.0,34.39,28417.0
2021-10-07,103.15,105.0,100.0,100.75,71118,EQ,2279.0,31.21,38668.0
2021-10-08,101.5,102.75,98.5,99.6,99081,EQ,2219.0,44.65,52271.0
2021-10-11,101.65,102.3,99.65,101.35,87754,EQ,1359.0,64.57,73451.0
2021-10-12,102.3,104.45,99.35,103.7,110586,EQ,2907.0,38.04,62211.0
2021-10-13,105.0,105.0,100.65,101.2,93123,EQ,2447.0,38.06,62624.0
2021-10-14,102.55,103.5,100.5,101.7,79342,EQ,2199.0,36.08,47267.0
2021-10-18,103.35,104.3,101.2,102.4,102873,EQ,1909.0,53.89,69299.0
2021-10-19,101.35,104.0,98.95,101.15,106285,EQ,2393.0,44.41,76563.0
2021-10-20,100.75,101.25,98.4,99.95,56143,EQ,1346.0,41.71,38434.0
2021-10-21,101.45,103.35,100.2,102.7,124882,EQ,2473.0,50.5,76985.0
2021-10-22,104.0,107.85,103.35,107.5,424733,EQ,6148.0,69.08,260150.0
2021-10-25,110.8,112.65,102.15,102.6,609878,EQ,10078.0,60.52,338833.0
2021-10-26,101.85,104.9,98.35,102.45,169842,EQ,4812.0,35.3,97358.0
2021-10-27,102.45,102.7,100.75,101.5,108517,EQ,2741.0,39.59,61398.0
2021-10-28,101.35,101.65,97.0,97.65,126408,EQ,3696.0,34.2,88989.0
2021-10-29,97.65,98.35,93.7,95.45,83040,EQ,2688.0,30.89,53928.0
2021-11-01,95.45,97.65,93.7,95.0,57280,EQ,1817.0,31.52,32322.0
2021-11-02,96.35,99.7,94.0,98.05,215232,EQ,3237.0,66.49,60940.0
2021-11-03,98.65,100.3,96.85,98.35,28862,EQ,796.0,36.26,17480.0
2021-11-04,98.85,100.55,98.45,99.75,44622,EQ,796.0,56.06,17480.0
2021-11-08,100.0,100.95,98.7,99.4,53337,EQ,1650.0,32.33,29276.0
2021-11-09,99.4,100.4,97.65,97.9,60598,EQ,2404.0,25.21,42532.0
2021-11-10,97.95,98.25,95.35,96.7,40393,EQ,1183.0,34.14,25477.0
2021-11-11,98.9,98.9,96.65,97.25,15446,EQ,633.0,24.4,9310.0
2021-11-12,98.25,98.3,96.05,97.45,32453,EQ,1356.0,23.93,20392.0
2021-11-15,97.85,102.3,97.85,100.5,145451,EQ,2728.0,53.32,103982.0
2021-11-16,102.35,103.65,99.2,99.7,51334,EQ,1467.0,34.99,33745.0
2021-11-17,101.15,101.15,97.55,98.05,31539,EQ,1585.0,19.9,20109.0
2021-11-18,97.7,97.7,93.15,94.05,135818,EQ,2521.0,53.87,89775.0
2021-11-22,94.05,95.25,89.35,89.6,102094,EQ,2835.0,36.01,69161.0
2021-11-23,90.35,93.05,87.1,92.15,78115,EQ,2192.0,35.64,48578.0
2021-11-24,92.35,96.1,91.75,93.5,52628,EQ,1453.0,36.22,27335.0
2021-11-25,94.65,95.0,92.75,94.35,25623,EQ,874.0,29.32,14956.0
2021-11-26,92.0,94.75,90.75,91.35,38287,EQ,1034.0,37.03,23413.0
2021-11-29,91.7,92.15,86.8,89.65,96167,EQ,2465.0,39.01,51916.0
2021-11-30,87.2,91.5,87.2,90.05,39534,EQ,1013.0,39.03,28178.0
2021-12-01,89.1,91.8,89.1,90.8,21354,EQ,687.0,31.08,14440.0
2021-12-02,90.1,91.65,89.7,90.95,19325,EQ,1089.0,17.75,10279.0
2021-12-03,91.0,91.0,86.85,89.55,21543,EQ,985.0,21.87,11372.0
2021-12-06,88.0,91.3,88.0,89.45,29846,EQ,1830.0,16.31,10754.0
2021-12-07,89.65,91.5,89.65,90.65,18024,EQ,1296.0,13.91,8029.0
2021-12-08,91.5,92.25,89.2,90.15,24214,EQ,1074.0,22.55,12503.0
2021-12-09,91.45,91.6,89.35,91.05,21121,EQ,992.0,21.29,12615.0
2021-12-10,90.0,91.5,88.45,90.7,15287,EQ,746.0,20.49,8402.0
2021-12-13,91.5,91.5,87.65,90.35,41002,EQ,1087.0,37.72,24109.0
2021-12-14,90.95,94.85,89.35,94.85,119944,EQ,1907.0,62.9,85660.0
2021-12-15,94.75,99.6,94.65,99.6,122434,EQ,1787.0,68.51,81591.0
2021-12-16,103.25,104.35,99.0,101.8,248164,EQ,3998.0,62.07,163721.0
2021-12-17,104.8,104.8,98.0,101.55,113038,EQ,2023.0,55.88,59281.0
2021-12-20,98.15,102.0,96.75,100.15,109736,EQ,1418.0,77.39,62957.0
2021-12-21,102.95,103.35,100.0,102.75,105981,EQ,1732.0,61.19,61171.0
2021-12-22,102.7,106.45,102.0,104.65,108298,EQ,2228.0,48.61,75584.0
2021-12-23,106.5,106.8,104.0,106.3,119489,EQ,2629.0,45.45,73061.0
2021-12-24,105.6,107.65,104.35,107.2,143750,EQ,3698.0,38.87,72637.0
2021-12-27,106.95,112.55,105.35,112.55,279614,EQ,3418.0,81.81,204443.0
2021-12-28,114.35,118.15,111.0,118.15,246089,EQ,4326.0,56.89,162215.0
2021-12-29,121.65,124.05,120.05,122.45,495640,EQ,6683.0,74.16,228178.0
2021-12-30,123.85,123.85,116.35,117.75,199542,EQ,3698.0,53.96,132241.0
2021-12-31,120.6,123.35,117.65,119.95,83138,EQ,2827.0,29.41,53823.0
2022-01-03,119.05,122.35,116.8,118.1,148767,EQ,4399.0,33.82,73748.0
2022-01-04,121.35,121.65,115.4,117.65,81837,EQ,2249.0,36.39,52583.0
2022-01-05,116.15,123.5,115.65,123.5,229783,EQ,3792.0,60.6,160469.0
2022-01-06,122.35,129.7,120.65,128.15,311102,EQ,7683.0,40.49,171553.0
2022-01-07,130.65,133.35,127.0,131.9,314372,EQ,6415.0,49.01,197108.0
2022-01-10,132.0,133.05,125.3,125.8,245295,EQ,5061.0,48.47,176781.0
2022-01-11,124.25,128.35,119.75,121.25,115057,EQ,3224.0,35.69,73026.0
2022-01-12,127.3,127.3,120.65,125.05,90076,EQ,3177.0,28.35,48286.0
2022-01-13,123.35,123.35,118.8,122.8,48821,BE,633.0,77.13,48821.0
2022-01-14,119.0,124.65,118.35,124.05,44877,BE,486.0,92.34,44877.0
2022-01-17,125.55,129.15,125.55,126.75,111165,BE,932.0,119.28,111165.0
2022-01-18,127.5,128.1,122.65,126.15,70519,BE,778.0,90.64,70519.0
2022-01-19,125.0,125.15,121.35,122.35,39024,BE,505.0,77.28,39024.0
2022-01-20,120.0,123.0,116.6,120.55,61723,BE,813.0,75.92,61723.0
2022-01-21,120.3,120.3,115.0,117.3,47150,BE,457.0,103.17,47150.0
2022-01-24,118.0,118.0,111.45,112.3,68301,BE,430.0,158.84,68301.0
2022-01-25,106.85,117.65,106.7,116.9,34261,BE,499.0,68.66,34261.0
2022-01-27,114.6,118.15,111.5,116.9,33457,BE,383.0,87.36,33457.0
2022-01-28,117.5,118.35,115.35,117.3,19373,BE,277.0,69.94,19373.0
2022-01-31,119.3,119.3,112.0,116.7,42368,BE,340.0,124.61,42368.0
2022-02-01,114.35,118.35,113.35,117.85,11449,BE,281.0,40.74,11449.0
2022-02-02,117.6,117.65,115.45,116.25,60175,BE,265.0,227.08,60175.0
2022-02-03,115.1,117.25,114.0,116.6,15543,BE,286.0,54.35,15543.0
2022-02-04,116.35,116.65,112.7,116.15,21782,BE,341.0,63.88,21782.0
2022-02-07,115.0,115.65,112.35,113.75,12994,BE,241.0,53.92,12994.0
2022-02-08,112.85,113.35,108.1,111.05,39639,BE,485.0,81.73,39639.0
2022-02-09,111.0,111.05,106.35,110.55,15878,BE,292.0,54.38,15878.0
2022-02-10,108.35,111.65,108.0,110.95,11524,BE,299.0,38.54,11524.0
2022-02-11,109.35,111.0,106.65,109.4,22501,BE,379.0,59.37,22501.0
2022-02-14,104.7,108.3,103.95,103.95,11443,BE,305.0,37.52,11443.0
2022-02-15,106.35,108.3,98.8,106.95,33374,BE,572.0,58.35,33374.0
2022-02-16,106.8,108.35,104.0,106.35,17831,BE,274.0,65.08,17831.0
2022-02-17,105.65,109.65,103.65,108.35,16486,BE,337.0,48.92,16486.0
2022-02-18,107.35,111.65,106.0,109.65,19641,BE,319.0,61.57,19641.0
2022-02-21,106.0,108.55,104.15,106.4,11543,BE,267.0,43.23,11543.0
2022-02-22,102.65,107.0,101.35,105.45,19794,BE,372.0,53.21,19794.0
2022-02-23,104.15,106.65,103.35,106.3,29330,BE,215.0,136.42,29330.0
2022-02-24,102.35,104.2,101.0,101.0,20875,BE,235.0,88.83,20875.0
2022-02-25,101.0,106.0,98.35,102.85,24450,BE,377.0,64.85,24450.0
2022-02-28,100.0,103.0,99.0,100.35,7305,BE,228.0,32.04,7305.0
2022-03-02,96.0,101.85,96.0,100.55,11149,BE,155.0,71.93,11149.0
2022-03-03,101.65,102.3,98.65,99.75,5731,BE,147.0,38.99,5731.0
2022-03-04,99.65,99.95,97.35,98.1,23668,BE,246.0,96.21,23668.0
2022-03-07,96.65,98.5,93.35,95.15,7882,BE,,,
2022-03-08,94.35,94.35,90.85,93.15,34841,BE,277.0,125.78,34841.0
2022-03-09,93.55,97.8,93.55,97.45,19825,BE,254.0,78.05,19825.0
2022-03-10,100.8,101.6,96.35,97.4,19004,BE,309.0,61.5,19004.0
2022-03-11,96.65,99.65,96.65,98.55,13621,BE,228.0,59.74,13621.0
2022-03-14,103.45,103.45,100.0,101.25,19929,BE,261.0,76.36,19929.0
2022-03-15,103.0,103.0,97.05,99.7,6475,BE,263.0,24.62,6475.0
2022-03-16,99.7,101.0,98.35,100.2,10962,BE,174.0,63.0,10962.0
2022-03-17,100.05,102.0,100.0,100.2,15424,BE,205.0,75.24,15424.0
2022-03-21,105.2,105.2,100.0,100.7,22067,BE,259.0,85.2,22067.0
2022-03-22,100.7,101.35,98.65,99.55,12851,BE,233.0,55.15,12851.0
2022-03-23,99.0,101.65,98.65,99.1,21930,BE,196.0,111.89,21930.0
2022-03-24,99.65,101.0,94.15,97.95,29495,BE,298.0,98.98,29495.0
2022-03-25,99.3,99.3,96.0,96.85,14054,BE,129.0,108.95,14054.0
2022-03-28,99.3,99.3,95.0,95.05,14494,BE,257.0,56.4,14494.0
2022-03-29,95.35,96.75,91.65,93.45,23926,BE,377.0,63.46,23926.0
2022-03-30,92.2,95.2,92.2,93.95,16808,BE,228.0,73.72,16808.0
2022-03-31,95.65,95.85,91.45,92.6,19236,BE,262.0,73.42,19236.0
2022-04-01,93.35,97.25,90.5,97.2,20058,BE,269.0,74.57,20058.0
2022-04-04,97.35,101.0,97.2,100.15,27567,BE,379.0,72.74,27567.0
2022-04-05,101.0,102.6,97.65,100.15,24632,BE,271.0,90.89,24632.0
2022-04-06,101.0,101.6,97.35,101.15,60731,BE,258.0,235.39,60731.0
2022-04-07,101.65,101.65,99.35,101.0,5096,BE,174.0,29.29,5096.0
2022-04-08,97.45,103.35,97.45,101.95,17277,BE,281.0,61.48,17277.0
2022-04-11,101.95,106.35,100.35,102.2,32778,BE,344.0,95.28,32778.0
2022-04-12,102.15,107.3,102.15,106.35,37787,BE,424.0,89.12,37787.0
2022-04-13,108.0,109.65,101.75,106.75,26881,BE,380.0,70.74,26881.0
2022-04-18,106.3,110.6,104.85,107.3,37092,EQ,497.0,74.63,30094.0
2022-04-19,107.3,108.35,102.55,105.65,32886,EQ,690.0,47.66,25751.0
2022-04-20,103.65,107.35,103.0,105.6,16222,EQ,806.0,20.13,9445.0
2022-04-21,106.6,108.35,103.15,104.7,41829,EQ,1692.0,24.72,15429.0
2022-04-22,104.5,104.55,102.35,103.45,20808,EQ,641.0,32.46,13627.0
2022-04-25,101.65,102.6,99.1,100.05,19994,EQ,882.0,22.67,13540.0
2022-04-26,100.65,101.75,97.7,98.1,18040,EQ,660.0,27.33,12413.0
2022-04-27,98.2,98.9,95.35,96.55,16671,EQ,660.0,25.26,11012.0
2022-04-28,99.6,99.6,95.1,95.7,13039,EQ,375.0,34.77,9510.0
2022-04-29,96.55,100.0,95.2,98.9,57286,EQ,868.0,66.0,43882.0
2022-05-02,99.65,99.65,95.2,96.7,22789,EQ,917.0,24.85,15530.0
2022-05-04,95.65,98.3,94.7,95.4,32664,EQ,615.0,53.11,27024.0
2022-05-05,98.05,98.05,94.05,95.25,39609,EQ,559.0,70.86,28473.0
2022-05-06,93.4,94.0,90.75,91.95,19345,EQ,480.0,40.3,15806.0
2022-05-09,88.65,91.65,87.35,87.75,40524,EQ,649.0,62.44,27550.0
2022-05-10,88.2,90.65,83.4,83.95,49603,EQ,820.0,60.49,41215.0
2022-05-12,80.0,84.0,78.95,82.8,36577,EQ,1374.0,26.62,20836.0
2022-05-13,84.35,86.95,83.5,84.7,68921,EQ,944.0,73.01,46750.0
2022-05-16,83.35,86.35,82.2,83.1,15662,EQ,483.0,32.43,8773.0
2022-05-17,84.0,87.25,82.35,86.45,51640,EQ,712.0,72.53,42395.0
2022-05-18,89.0,89.0,85.7,86.95,31067,EQ,921.0,33.73,23249.0
2022-05-19,82.95,86.65,82.95,84.05,38252,EQ,398.0,96.11,31838.0
2022-05-20,85.6,88.0,85.6,87.4,40429,EQ,605.0,66.82,28020.0
2022-05-23,90.0,91.3,85.65,89.3,46768,EQ,1034.0,45.23,31223.0
2022-05-24,90.65,91.65,89.0,89.35,23393,EQ,638.0,36.67,13748.0
2022-05-25,90.35,93.4,89.5,92.85,48101,EQ,1224.0,39.3,29475.0
2022-05-26,94.35,96.05,92.95,95.6,60775,EQ,1677.0,36.24,40601.0
2022-05-27,99.25,99.25,93.7,98.2,39740,EQ,1088.0,36.53,24831.0
2022-05-30,100.0,100.0,94.0,95.0,19253,EQ,979.0,19.67,10043.0
2022-05-31,94.45,94.75,90.25,91.15,32983,EQ,936.0,35.24,23346.0
2022-06-01,92.25,94.5,88.9,92.9,8071,EQ,426.0,18.95,4834.0
2022-06-02,93.05,93.6,90.7,91.6,6018,EQ,406.0,14.82,3277.0
2022-06-03,92.15,93.7,89.0,93.05,23688,EQ,1537.0,15.41,9500.0
2022-06-06,92.5,97.65,91.95,96.95,33170,EQ,1332.0,24.9,19331.0
2022-06-07,96.95,99.35,94.35,95.8,50731,EQ,1458.0,34.79,32748.0
2022-06-08,97.25,97.65,92.3,95.4,35407,EQ,2760.0,12.83,16915.0
2022-06-09,94.65,97.15,93.75,96.35,13392,EQ,495.0,27.05,6992.0
2022-06-10,94.35,99.85,94.35,98.6,67976,EQ,1859.0,36.57,46753.0
2022-06-13,96.2,99.65,96.2,98.1,71953,EQ,1655.0,43.48,49660.0
2022-06-14,98.15,99.65,93.35,98.75,73904,EQ,1706.0,43.32,32929.0
2022-06-15,98.9,99.65,97.65,98.65,36801,EQ,1246.0,29.54,23899.0
2022-06-16,99.4,99.65,95.55,98.1,63944,EQ,1409.0,45.38,41038.0
2022-06-17,98.0,98.25,94.05,95.2,56981,EQ,1321.0,43.13,39686.0
2022-06-20,96.0,96.05,90.45,93.35,59742,EQ,1487.0,40.18,42831.0
2022-06-21,92.35,94.0,90.4,93.0,23141,EQ,1043.0,22.19,13403.0
2022-06-22,92.2,95.55,91.85,94.7,25129,EQ,1085.0,23.16,15741.0
2022-06-23,95.0,95.35,93.45,94.85,16211,EQ,502.0,32.29,12959.0
2022-06-24,94.45,96.3,93.7,94.55,18643,EQ,466.0,40.01,13804.0
2022-06-27,95.05,95.75,93.75,94.65,27581,EQ,861.0,32.03,15952.0
2022-06-28,94.05,94.7,91.65,92.6,30613,EQ,653.0,46.88,24387.0
2022-06-29,93.35,96.6,91.35,92.35,47505,EQ,2047.0,23.21,31888.0
2022-06-30,94.15,96.0,92.05,95.05,50228,EQ,1331.0,37.74,22285.0
2022-07-01,93.75,97.65,93.75,95.4,43671,EQ,1042.0,41.91,13712.0
2022-07-04,95.95,97.35,95.15,96.55,34148,EQ,1046.0,32.65,13030.0
2022-07-05,96.6,98.2,96.45,97.15,36895,EQ,1021.0,36.14,14359.0
2022-07-06,97.3,97.85,94.55,96.0,38647,EQ,2116.0,18.26,20882.0
2022-07-07,96.25,97.2,93.85,95.2,39676,EQ,1741.0,22.79,12191.0
2022-07-08,94.85,96.25,93.9,95.3,29471,EQ,682.0,43.21,7287.0
2022-07-11,94.35,96.45,94.35,95.8,36839,EQ,641.0,57.47,19011.0
2022-07-12,96.2,96.25,95.1,95.6,23431,EQ,1003.0,23.36,4406.0
2022-07-13,95.7,97.7,95.5,96.8,12579,EQ,500.0,25.16,8627.0
2022-07-14,97.05,97.8,95.6,96.65,22066,EQ,1127.0,19.58,13364.0
2022-07-15,96.65,96.75,94.1,94.9,18067,EQ,906.0,19.94,11604.0
2022-07-18,94.7,95.6,93.4,94.45,37183,EQ,2020.0,18.41,18965.0
2022-07-19,93.9,97.2,92.7,96.45,29365,EQ,875.0,33.56,21260.0
2022-07-20,97.65,98.35,96.3,97.35,40964,EQ,1407.0,29.11,26282.0
2022-07-21,97.3,98.75,96.9,98.1,61302,EQ,1266.0,48.42,50788.0
2022-07-22,98.65,103.0,98.05,103.0,100787,EQ,1804.0,55.87,63052.0
2022-07-25,106.6,108.15,105.85,108.15,319372,EQ,3331.0,95.88,183141.0
2022-07-26,109.95,111.55,104.7,105.8,196044,EQ,4586.0,42.75,97043.0
2022-07-27,105.8,105.8,101.65,102.45,99403,EQ,2709.0,36.69,47968.0
2022-07-28,102.7,104.35,101.7,102.35,108219,EQ,2578.0,41.98,43411.0
2022-07-29,103.5,103.5,101.3,102.3,82688,EQ,2152.0,38.42,28642.0
2022-08-01,103.35,107.4,102.35,105.65,155171,EQ,2588.0,59.96,63320.0
2022-08-02,105.9,106.9,104.25,105.0,75415,EQ,2491.0,30.27,30946.0
2022-08-03,105.3,109.45,103.3,105.6,186788,EQ,4337.0,43.07,92095.0
2022-08-04,106.35,110.85,105.35,110.35,327896,EQ,4657.0,70.41,180502.0
2022-08-05,113.0,120.8,112.25,117.15,382171,EQ,11388.0,33.56,194636.0
2022-08-08,119.6,121.3,112.0,115.35,167887,EQ,,,
2022-08-10,119.3,119.3,114.7,115.45,55921,EQ,2173.0,25.73,30518.0
2022-08-11,115.65,119.35,115.0,117.95,192123,EQ,5020.0,38.27,88811.0
2022-08-12,119.35,119.35,117.35,118.2,101952,EQ,2912.0,35.01,34393.0
2022-08-16,119.25,124.9,119.0,124.3,251141,EQ,8885.0,28.27,108536.0
2022-08-17,127.1,129.0,125.95,127.3,185846,EQ,5501.0,33.78,113171.0
2022-08-18,133.35,133.35,130.0,132.3,245272,EQ,6856.0,35.77,130223.0
2022-08-19,135.65,136.15,126.05,132.5,266014,EQ,8645.0,30.77,152264.0
2022-08-22,132.65,148.5,131.9,132.55,135380,EQ,4349.0,31.13,86574.0
2022-08-23,132.2,134.55,130.45,133.55,104483,EQ,4914.0,21.26,57055.0
2022-08-24,134.1,134.1,132.3,133.75,122037,EQ,3760.0,32.46,46183.0
2022-08-25,133.0,133.75,131.65,132.65,129803,EQ,2629.0,49.37,61659.0
2022-08-26,133.35,141.0,132.25,140.05,439468,EQ,10758.0,40.85,223527.0
2022-08-29,138.15,145.0,136.35,141.95,274198,EQ,6249.0,43.88,119283.0
2022-08-30,142.15,143.9,140.35,142.25,156198,EQ,4374.0,35.71,91383.0
2022-09-01,145.0,145.0,142.7,143.7,167970,EQ,3412.0,49.23,97235.0
2022-09-02,144.45,147.9,144.45,146.45,274339,EQ,5171.0,53.05,178853.0
2022-09-05,146.55,164.4,146.55,161.35,656527,EQ,15214.0,43.15,294619.0
2022-09-06,162.4,170.3,161.85,168.95,549965,EQ,12809.0,42.94,225873.0
2022-09-07,170.65,181.65,170.1,179.65,389856,EQ,9858.0,39.55,179453.0
2022-09-08,182.6,184.0,159.4,167.5,452521,EQ,10990.0,41.18,226385.0
2022-09-09,167.35,167.5,158.65,162.85,220658,EQ,4965.0,44.44,129269.0
2022-09-12,165.0,168.3,163.5,164.15,109501,EQ,2865.0,38.22,70684.0
2022-09-13,165.35,166.65,163.35,164.4,96007,EQ,1960.0,48.98,37287.0
2022-09-14,164.25,166.35,158.4,163.05,165364,EQ,3288.0,50.29,75282.0
2022-09-15,165.0,165.0,160.65,161.65,93693,EQ,2290.0,40.91,43178.0
2022-09-16,162.65,163.25,150.65,161.45,199164,EQ,4056.0,49.1,87892.0
2022-09-19,161.45,164.65,160.75,161.65,60141,EQ,2272.0,26.47,35889.0
2022-09-20,162.95,163.7,157.15,158.7,64280,EQ,2323.0,27.67,35960.0
2022-09-21,158.7,163.35,158.25,162.15,101145,EQ,2253.0,44.89,68365.0
2022-09-22,164.0,165.0,161.65,164.45,107762,EQ,2637.0,40.87,59063.0
2022-09-23,165.0,165.65,162.7,163.15,90810,EQ,2600.0,34.93,39902.0
2022-09-26,163.15,163.15,156.0,157.25,84862,EQ,2312.0,36.71,59964.0
2022-09-27,161.35,161.35,153.0,155.25,89471,EQ,3318.0,26.97,56996.0
2022-09-28,156.65,159.65,152.65,158.2,60795,EQ,2553.0,23.81,38385.0
2022-09-29,159.0,160.2,153.0,155.05,63883,EQ,2760.0,23.15,30766.0
2022-09-30,155.0,159.55,152.7,157.55,117753,EQ,4804.0,24.51,54734.0
2022-10-03,158.25,161.75,156.0,159.4,73293,EQ,3460.0,21.18,48233.0
2022-10-04,160.45,162.9,160.15,161.75,66707,EQ,2510.0,26.58,47655.0
2022-10-06,163.0,164.65,162.0,163.8,89152,EQ,2851.0,31.27,59918.0
2022-10-07,163.8,164.1,159.7,162.15,81467,EQ,2979.0,27.35,53776.0
2022-10-10,161.65,163.7,158.85,161.8,106297,EQ,3545.0,29.99,72309.0
2022-10-11,163.3,163.3,153.75,156.4,124253,EQ,7849.0,15.83,65114.0
2022-10-12,158.35,159.35,150.75,151.45,82096,EQ,4213.0,19.49,48612.0
2022-10-13,151.9,151.9,141.95,148.9,157323,EQ,7402.0,21.25,77942.0
2022-10-14,149.8,151.7,147.35,149.65,92761,EQ,3596.0,25.8,73323.0
2022-10-17,150.65,155.3,148.35,149.6,70256,EQ,2452.0,28.65,42260.0
2022-10-18,150.65,150.65,147.0,147.7,45655,EQ,1501.0,30.42,34435.0
2022-10-19,149.2,153.0,142.2,146.35,111044,EQ,4470.0,24.84,58192.0
2022-10-20,145.95,153.6,144.85,152.5,73477,EQ,3479.0,21.12,39893.0
2022-10-21,154.25,155.35,151.2,153.0,122862,EQ,4840.0,25.38,74749.0
2022-10-24,153.0,155.4,150.0,151.5,24206,EQ,1154.0,20.98,16791.0
2022-10-25,151.8,153.2,146.85,147.65,55311,EQ,3485.0,15.87,36752.0
2022-10-27,148.0,149.5,142.2,144.8,101057,EQ,4613.0,21.91,61963.0
2022-10-28,146.0,147.65,142.8,146.75,77740,EQ,4543.0,17.11,34252.0
2022-10-31,150.95,151.35,147.55,148.85,80740,EQ,4463.0,18.09,52772.0
2022-11-01,147.4,149.9,143.5,144.75,99809,EQ,3295.0,30.29,71868.0
2022-11-02,143.55,146.6,143.55,146.1,30393,EQ,1571.0,19.35,21207.0
2022-11-03,145.9,147.1,143.75,144.35,31361,EQ,4087.0,7.67,15587.0
2022-11-04,143.75,146.3,140.95,142.5,74449,EQ,3814.0,19.52,48281.0
2022-11-07,146.0,146.45,143.4,144.25,67751,EQ,2700.0,25.09,48992.0
2022-11-09,145.8,145.8,143.3,144.15,69189,EQ,3107.0,22.27,32198.0
2022-11-10,145.0,145.5,142.15,142.55,55509,EQ,1878.0,29.56,33413.0
2022-11-11,143.6,149.8,140.65,146.15,106042,EQ,4771.0,22.23,62800.0
2022-11-14,147.0,158.15,147.0,156.35,241938,EQ,7042.0,34.36,145463.0
2022-11-15,157.8,163.35,157.8,161.15,150919,EQ,7042.0,21.43,145463.0
2022-11-16,161.35,162.35,155.8,157.35,122792,EQ,3571.0,34.39,72622.0
2022-11-17,157.75,157.95,154.2,155.4,69448,EQ,2343.0,29.64,36620.0
2022-11-18,155.4,159.0,151.05,154.8,132709,EQ,4994.0,26.57,72173.0
2022-11-21,154.5,154.85,147.55,149.9,98971,EQ,4715.0,20.99,33262.0
2022-11-22,148.55,158.0,148.55,156.95,218806,EQ,6111.0,35.81,93952.0
2022-11-23,157.3,161.35,155.35,156.6,170927,EQ,5341.0,32.0,66676.0
2022-11-24,157.85,160.5,157.0,158.85,227859,EQ,3829.0,59.51,100920.0
2022-11-25,159.8,159.8,156.9,157.75,125073,EQ,2977.0,42.01,57662.0
2022-11-28,158.0,160.75,154.65,157.7,195544,EQ,5813.0,33.64,104983.0
2022-11-29,159.25,160.0,157.7,159.15,263709,EQ,4001.0,65.91,175741.0
2022-11-30,160.0,164.8,158.35,162.45,287594,EQ,6627.0,43.4,123573.0
2022-12-01,163.15,173.0,162.55,164.2,495010,EQ,16028.0,30.88,290551.0
2022-12-02,166.0,168.35,161.75,163.2,222645,EQ,5634.0,39.52,138439.0
2022-12-05,163.8,167.35,163.65,164.6,143521,EQ,4410.0,32.54,104925.0
2022-12-06,164.05,166.05,157.7,163.15,320025,EQ,9116.0,35.11,159183.0
2022-12-07,165.35,165.35,161.1,162.45,141401,EQ,5024.0,28.15,94866.0
2022-12-08,163.95,173.0,162.65,168.1,850510,EQ,13017.0,65.34,470976.0
2022-12-09,169.0,169.9,166.65,168.0,562355,EQ,8175.0,68.79,164083.0
2022-12-12,167.8,174.65,166.65,167.55,431817,EQ,9449.0,45.7,250845.0
2022-12-13,168.65,170.35,164.05,165.7,254107,EQ,5814.0,43.71,165096.0
2022-12-14,166.55,168.3,163.2,164.35,383999,EQ,4329.0,88.7,265623.0
2022-12-15,164.35,167.4,163.85,165.1,218382,EQ,4840.0,45.12,136475.0
2022-12-16,163.65,166.55,163.65,165.65,309822,EQ,5254.0,58.97,82059.0
2022-12-19,166.95,170.0,164.1,165.55,166893,EQ,4131.0,40.4,107378.0
2022-12-20,165.55,172.65,164.35,169.9,360276,EQ,5071.0,71.05,97341.0
2022-12-21,170.65,173.6,162.15,165.7,418267,EQ,5895.0,70.95,175106.0
2022-12-22,165.0,168.05,148.7,151.1,567669,EQ,17494.0,32.45,255540.0
2022-12-23,148.95,150.8,120.9,121.2,1594666,EQ,16323.0,97.69,759864.0
2022-12-26,120.95,131.7,120.35,129.4,500448,EQ,14000.0,35.75,194607.0
2022-12-27,131.95,133.9,127.65,132.0,150712,EQ,4116.0,36.62,74503.0
2022-12-28,132.0,132.9,130.0,130.65,92954,EQ,3356.0,27.7,60220.0
2022-12-29,130.3,131.45,127.55,129.35,63511,EQ,1794.0,35.4,46799.0
2022-12-30,130.4,131.95,125.75,128.0,109760,EQ,2588.0,42.41,77726.0
2023-01-02,127.0,127.95,122.6,126.0,115719,EQ,3675.0,31.49,55947.0
2023-01-03,126.65,131.1,124.05,129.55,108249,EQ,3533.0,30.64,61549.0
2023-01-04,129.0,130.05,125.7,127.6,98077,EQ,3738.0,26.24,38076.0
2023-01-05,129.0,129.0,125.35,127.1,44480,EQ,2041.0,21.79,27273.0
2023-01-06,127.45,127.45,123.65,124.5,73846,EQ,1926.0,38.34,31906.0
2023-01-09,124.7,127.4,123.45,125.25,86102,EQ,2994.0,28.76,46742.0
2023-01-10,125.45,126.8,118.45,126.2,141167,EQ,4343.0,32.5,38843.0
2023-01-11,126.4,128.4,123.7,124.6,104303,EQ,4541.0,22.97,18929.0
2023-01-12,124.55,129.45,119.7,128.15,246342,EQ,10641.0,23.15,76173.0
2023-01-13,129.55,133.35,128.35,130.35,164715,EQ,5724.0,28.78,56419.0
2023-01-16,132.3,142.95,129.6,141.05,382312,EQ,10726.0,35.64,153581.0
2023-01-17,142.95,159.95,140.0,156.45,1213364,EQ,31130.0,38.98,283854.0
2023-01-18,161.3,165.75,157.65,164.45,888471,EQ,24562.0,36.17,187465.0
2023-01-19,164.5,169.0,159.65,162.75,865167,EQ,15498.0,55.82,303809.0
2023-01-20,160.0,164.65,155.55,163.35,398010,EQ,6988.0,56.96,131881.0
2023-01-23,163.35,163.8,155.8,159.55,184342,EQ,3688.0,49.98,89874.0
2023-01-24,158.4,159.95,155.5,157.7,115450,EQ,2230.0,51.77,40652.0
2023-01-25,156.3,157.5,153.35,153.9,64348,EQ,1910.0,33.69,27767.0
2023-01-27,153.3,154.35,143.35,148.15,116192,EQ,3036.0,38.27,72162.0
2023-01-30,143.85,153.35,143.85,148.85,110007,EQ,2055.0,53.53,34745.0
2023-01-31,147.55,152.0,147.55,150.4,59705,EQ,3208.0,18.61,35441.0
2023-02-01,150.65,154.0,145.35,146.85,46410,EQ,2917.0,15.91,22587.0
2023-02-02,146.9,148.15,142.25,144.45,136014,EQ,5581.0,24.37,66781.0
2023-02-03,146.6,147.2,139.4,144.7,99100,EQ,5235.0,18.93,28641.0
2023-02-06,146.55,146.55,135.95,140.7,118580,EQ,4466.0,26.55,50102.0
2023-02-07,144.35,144.85,137.5,143.0,109511,EQ,5402.0,20.27,50238.0
2023-02-08,144.45,149.35,140.05,148.95,197029,EQ,7340.0,26.84,90859.0
2023-02-09,153.3,153.3,147.05,150.95,103229,EQ,3817.0,27.04,50589.0
2023-02-10,149.85,153.35,149.0,151.5,84466,EQ,3282.0,25.74,44291.0
2023-02-13,151.0,151.6,149.35,150.35,57517,EQ,5669.0,10.15,23662.0
2023-02-14,149.55,150.5,147.05,148.35,91213,EQ,7344.0,12.42,45360.0
2023-02-15,147.75,148.35,145.0,146.55,76343,EQ,5321.0,14.35,40120.0
2023-02-16,145.05,147.8,145.05,146.0,27244,EQ,2768.0,9.84,11342.0
2023-02-17,146.0,147.35,142.7,145.05,31295,EQ,2144.0,14.6,13647.0
2023-02-20,146.15,146.7,142.1,142.65,32128,EQ,3323.0,9.67,17654.0
2023-02-21,141.35,142.35,139.15,140.45,58741,EQ,4190.0,14.02,25336.0
2023-02-22,139.9,141.8,138.95,139.55,39994,EQ,3278.0,12.2,22590.0
2023-02-23,141.5,144.35,139.35,142.3,78775,EQ,7354.0,10.71,30977.0
2023-02-24,142.65,144.4,139.35,140.1,64210,EQ,5405.0,11.88,37961.0
2023-02-27,140.15,143.2,138.35,142.65,38001,EQ,3600.0,10.56,18172.0
2023-02-28,141.35,142.75,137.25,137.8,41073,EQ,3943.0,10.42,19819.0
2023-03-01,139.2,142.65,138.5,139.65,75074,EQ,6260.0,11.99,36786.0
2023-03-02,139.0,142.05,139.0,141.7,39741,EQ,2703.0,14.7,24635.0
2023-03-03,142.5,143.65,139.35,140.7,60445,EQ,2650.0,22.81,42535.0
2023-03-06,141.65,142.3,138.05,139.3,73324,EQ,4178.0,17.55,42924.0
2023-03-08,139.3,152.5,138.9,151.4,353781,EQ,10819.0,32.7,148713.0
2023-03-09,151.4,157.0,150.3,156.55,567034,EQ,11582.0,48.96,170453.0
2023-03-10,156.65,156.65,150.4,152.75,100945,EQ,3039.0,33.22,58366.0
2023-03-13,150.9,152.4,146.4,148.4,127976,EQ,5085.0,25.17,69244.0
2023-03-14,147.35,150.65,143.2,144.2,67221,EQ,3804.0,17.67,37599.0
2023-03-15,145.6,145.6,142.65,144.6,28637,EQ,1429.0,20.04,13080.0
2023-03-16,144.05,145.3,140.9,143.75,50660,EQ,2475.0,20.47,32827.0
2023-03-17,141.65,144.95,141.65,144.45,20355,EQ,1277.0,15.94,12911.0
2023-03-20,147.35,147.9,141.2,142.95,49616,EQ,2423.0,20.48,29473.0
2023-03-21,142.65,143.3,141.15,142.05,54996,EQ,1342.0,40.98,44497.0
2023-03-22,141.65,143.95,140.1,141.4,37114,EQ,2220.0,16.72,19603.0
2023-03-23,142.2,143.2,139.6,141.15,37355,EQ,2852.0,13.1,21966.0
2023-03-24,141.65,142.35,136.85,138.4,30446,EQ,1420.0,21.44,21368.0
2023-03-27,138.0,142.7,137.25,141.8,153696,EQ,5544.0,27.72,44929.0
2023-03-28,141.1,142.95,136.05,142.3,222300,EQ,8594.0,25.87,32277.0
2023-03-29,142.65,143.85,137.65,139.85,213240,EQ,5964.0,35.75,44281.0
2023-03-31,143.35,143.4,138.35,141.75,127056,EQ,4180.0,30.4,53857.0
2023-04-03,143.0,143.45,138.35,138.95,35165,EQ,2263.0,15.54,21247.0
2023-04-05,139.75,141.85,138.25,141.25,52771,EQ,2753.0,19.17,36793.0
2023-04-06,140.55,141.8,139.0,140.4,96025,EQ,4053.0,23.69,34463.0
2023-04-10,142.5,142.5,139.1,140.05,58595,EQ,2055.0,28.51,45170.0
2023-04-11,141.25,146.0,139.35,143.35,191648,EQ,7814.0,24.53,75689.0
2023-04-12,144.8,152.0,144.75,150.15,467584,EQ,17520.0,26.69,82614.0
2023-04-13,151.9,154.9,147.7,150.9,287979,EQ,8532.0,33.75,84643.0
2023-04-17,149.35,150.45,142.65,144.55,229365,EQ,11933.0,19.22,77710.0
2023-04-18,144.55,150.3,141.4,149.75,228182,EQ,8000.0,28.52,59167.0
2023-04-19,149.65,151.05,145.4,146.4,165377,EQ,5470.0,30.23,29654.0
2023-04-20,149.3,149.3,143.15,143.85,185691,EQ,9372.0,19.81,40500.0
2023-04-21,144.25,147.95,141.15,143.0,241734,EQ,9852.0,24.54,81394.0
2023-04-24,143.95,145.05,141.7,144.35,206833,EQ,8722.0,23.71,64828.0
2023-04-25,144.65,145.75,142.0,143.0,159447,EQ,6116.0,26.07,64679.0
2023-04-26,143.0,153.25,142.65,151.9,1024139,EQ,34674.0,29.54,224369.0
2023-04-27,154.2,157.5,152.35,153.5,547130,EQ,18429.0,29.69,145873.0
2023-04-28,154.05,155.4,149.35,151.8,592653,EQ,19094.0,31.04,67951.0
2023-05-02,152.25,158.35,147.4,156.8,975374,EQ,21032.0,46.38,181868.0
2023-05-03,156.6,162.65,156.35,161.1,851824,EQ,23846.0,35.72,193468.0
2023-05-04,160.4,163.3,159.35,160.8,819873,EQ,24723.0,33.16,97299.0
2023-05-05,162.0,162.0,157.35,160.35,237172,EQ,6285.0,37.74,105188.0
2023-05-08,160.35,162.2,154.3,156.1,225029,EQ,4912.0,45.81,80117.0
2023-05-09,156.0,159.9,152.5,157.35,530233,EQ,17772.0,29.84,89128.0
2023-05-10,158.5,163.3,157.5,161.2,638162,EQ,17592.0,36.28,137878.0
2023-05-11,160.05,162.25,159.35,160.9,286215,EQ,10262.0,27.89,57705.0
2023-05-12,160.3,162.0,159.7,161.3,425044,EQ,13494.0,31.5,59291.0
2023-05-15,162.0,164.65,154.65,157.1,389801,EQ,13767.0,28.31,100227.0
2023-05-16,158.4,161.3,157.5,159.7,395614,EQ,14208.0,27.84,78490.0
2023-05-17,160.0,160.55,154.65,157.95,465925,EQ,15611.0,29.85,38910.0
2023-05-18,159.35,160.65,157.35,159.45,192380,EQ,6045.0,31.82,55354.0
2023-05-19,159.05,165.5,159.05,162.0,832221,EQ,17717.0,46.97,289288.0
2023-05-22,161.7,163.15,156.15,158.4,263709,EQ,9605.0,27.46,80020.0
2023-05-23,159.6,161.35,155.75,160.45,383990,EQ,11118.0,34.54,89324.0
2023-05-24,161.05,161.05,157.75,159.9,67818,EQ,2457.0,27.6,41040.0
2023-05-25,160.0,160.65,156.4,158.1,360304,EQ,9698.0,37.15,69019.0
2023-05-26,158.75,159.0,150.85,152.4,313158,EQ,8474.0,36.96,139230.0
2023-05-29,154.35,156.25,147.5,152.9,383197,EQ,8524.0,44.96,220326.0
2023-05-30,149.35,152.55,122.35,148.55,2646721,EQ,37253.0,71.05,720868.0
2023-05-31,149.4,159.45,146.55,158.2,523506,EQ,12839.0,40.77,305453.0
2023-06-01,159.55,160.0,152.0,153.35,169608,EQ,5677.0,29.88,70709.0
2023-06-02,154.6,155.95,152.1,152.8,96625,EQ,3223.0,29.98,42782.0
2023-06-05,154.95,155.0,152.15,153.0,64132,EQ,2497.0,25.68,22542.0
2023-06-06,153.75,155.9,150.0,150.3,92699,EQ,3461.0,26.78,51668.0
2023-06-07,151.65,152.3,147.65,148.65,136631,EQ,3332.0,41.01,101925.0
2023-06-08,149.3,154.8,131.1,144.55,1021431,EQ,25970.0,39.33,330495.0
2023-06-09,145.65,146.45,140.95,142.0,157569,EQ,5251.0,30.01,76516.0
2023-06-12,143.4,145.0,139.35,139.95,110211,EQ,3579.0,30.79,62367.0
2023-06-13,141.15,144.6,138.9,142.65,175689,EQ,6262.0,28.06,96380.0
2023-06-14,142.65,144.45,141.8,142.6,45281,EQ,1938.0,23.36,19821.0
2023-06-15,143.6,144.35,141.85,142.4,64885,EQ,5090.0,12.75,24889.0
2023-06-16,143.8,143.8,140.1,140.8,88330,EQ,6626.0,13.33,24788.0
2023-06-19,141.9,144.0,140.55,141.25,93796,EQ,6889.0,13.62,22955.0
2023-06-20,142.0,142.05,139.5,140.3,43162,EQ,2417.0,17.86,22403.0
2023-06-21,139.85,143.65,139.5,141.45,114482,EQ,5470.0,20.93,50886.0
2023-06-22,141.0,142.1,138.75,139.85,97856,EQ,3062.0,31.96,57302.0
2023-06-23,140.65,140.65,137.85,139.0,49607,EQ,1903.0,26.07,34064.0
2023-06-26,138.45,139.1,137.05,138.6,36298,EQ,1743.0,20.83,20721.0
2023-06-27,139.85,140.35,136.9,138.25,39524,EQ,1836.0,21.53,22720.0
2023-06-28,138.45,142.95,132.55,136.6,128445,EQ,4377.0,29.35,77761.0
2023-06-30,135.0,142.65,135.0,141.25,127486,EQ,4982.0,25.59,66558.0
2023-07-03,141.65,144.0,141.25,142.95,121824,EQ,3341.0,36.46,78753.0
2023-07-04,142.0,152.65,140.7,149.95,728843,EQ,15278.0,47.71,393507.0
2023-07-05,149.35,151.65,147.45,148.2,145889,EQ,5457.0,26.73,77039.0
2023-07-06,148.65,150.65,145.65,149.9,119401,EQ,3933.0,30.36,75184.0
2023-07-07,147.05,152.85,147.05,152.2,107101,EQ,3355.0,31.92,62368.0
2023-07-10,154.0,154.15,146.65,148.95,135766,EQ,3733.0,36.37,82968.0
2023-07-11,151.35,151.35,148.0,149.3,65136,EQ,1777.0,36.66,43336.0
2023-07-12,149.9,151.9,146.7,150.95,87836,EQ,2296.0,38.26,44338.0
2023-07-13,151.0,151.8,150.0,150.95,85393,EQ,2267.0,37.67,53913.0
2023-07-14,150.85,153.1,149.1,150.1,245575,EQ,3794.0,64.73,88221.0
2023-07-17,150.0,155.4,150.0,153.25,412683,EQ,7275.0,56.73,99354.0
2023-07-18,153.9,157.35,151.75,156.4,494926,EQ,10912.0,45.36,212984.0
2023-07-19,157.65,164.6,157.0,158.35,1103243,EQ,21357.0,51.66,282925.0
2023-07-20,160.65,160.65,157.3,158.15,285381,EQ,6177.0,46.2,86852.0
2023-07-21,157.85,162.35,156.0,159.55,378031,EQ,8089.0,46.73,153893.0
2023-07-24,159.9,163.7,159.9,162.0,364645,EQ,6841.0,53.3,127635.0
2023-07-25,162.35,164.15,154.65,162.9,255468,EQ,6356.0,40.19,83968.0
2023-07-26,162.7,164.6,160.0,161.15,370370,EQ,8499.0,43.58,122365.0
2023-07-27,162.8,169.0,162.65,166.25,993442,EQ,23735.0,41.86,331676.0
2023-07-28,167.55,168.65,164.65,165.65,301231,EQ,6336.0,47.54,139367.0
2023-07-31,166.55,170.9,166.35,168.8,550817,EQ,13497.0,40.81,197777.0
2023-08-01,170.0,171.6,168.85,170.0,287069,EQ,6412.0,44.77,127883.0
2023-08-02,170.0,170.75,163.35,166.55,259009,EQ,7843.0,33.02,115114.0
2023-08-03,167.45,167.55,163.05,163.75,140499,EQ,4007.0,35.06,72770.0
2023-08-04,165.3,166.5,161.5,162.4,80902,EQ,3478.0,23.26,42270.0
2023-08-07,164.5,164.7,158.35,159.6,176397,EQ,4717.0,37.4,66677.0
2023-08-08,159.6,163.3,158.65,159.15,144718,EQ,5153.0,28.08,44817.0
2023-08-09,159.35,169.65,158.65,169.0,626812,EQ,17161.0,36.53,323744.0
2023-08-10,169.8,173.3,165.65,167.15,350325,EQ,12155.0,28.82,130887.0
2023-08-11,167.05,174.5,166.15,172.75,438939,EQ,12866.0,34.12,243854.0
2023-08-14,173.65,175.3,167.75,172.55,265942,EQ,8485.0,31.34,138973.0
2023-08-16,176.0,183.35,174.7,182.75,906435,EQ,30485.0,29.73,457446.0
2023-08-17,183.35,191.0,183.35,189.3,541529,EQ,17210.0,31.47,234087.0
2023-08-18,189.3,192.0,184.95,186.6,353816,EQ,14109.0,25.08,158937.0
2023-08-21,189.3,191.65,186.65,190.65,180998,EQ,7642.0,23.68,94128.0
2023-08-22,191.95,194.6,188.4,191.35,350909,EQ,14139.0,24.82,126376.0
2023-08-23,191.35,198.85,191.0,198.1,486900,EQ,12839.0,37.92,302032.0
2023-08-24,199.65,201.65,190.7,194.65,328096,EQ,14685.0,22.34,160330.0
2023-08-25,192.9,194.65,187.45,191.45,159442,EQ,9222.0,17.29,77830.0
2023-08-28,191.45,194.65,191.45,192.9,73944,EQ,4691.0,15.76,39336.0
2023-08-29,194.55,194.7,189.65,191.1,88214,EQ,5708.0,15.45,47729.0
2023-08-30,191.55,192.95,186.85,191.9,80235,EQ,3835.0,20.92,47974.0
2023-08-31,193.85,194.25,190.35,190.9,71761,EQ,5471.0,13.12,36483.0
2023-09-01,190.9,195.5,190.8,192.65,74950,EQ,4906.0,15.28,37759.0
2023-09-04,194.2,197.6,193.35,195.8,129505,EQ,6159.0,21.03,76568.0
2023-09-05,195.85,197.9,195.0,196.3,116583,EQ,6454.0,18.06,64221.0
2023-09-06,196.8,198.35,192.4,196.8,92749,EQ,6191.0,14.98,48200.0
2023-09-07,198.75,198.75,194.4,196.25,65037,EQ,4161.0,15.63,33980.0
2023-09-08,198.25,198.25,194.4,194.9,48922,EQ,3669.0,13.33,26865.0
2023-09-11,200.0,209.2,200.0,203.15,268379,EQ,11425.0,23.49,150881.0
2023-09-12,204.8,204.8,188.35,189.2,318941,EQ,17816.0,17.9,153791.0
2023-09-13,187.0,196.0,184.9,194.35,166780,EQ,9456.0,17.64,76036.0
2023-09-14,194.65,197.6,192.05,193.25,82849,EQ,6733.0,12.3,44031.0
2023-09-15,194.8,196.0,193.25,194.2,49719,EQ,4467.0,11.13,27354.0
2023-09-18,195.95,201.25,192.65,197.95,138145,EQ,8940.0,15.45,78898.0
2023-09-20,197.0,203.0,197.0,199.6,214072,EQ,10225.0,20.94,111270.0
2023-09-21,199.95,199.95,193.05,195.65,116721,EQ,8532.0,13.68,58047.0
2023-09-22,198.25,199.35,194.15,195.35,86122,EQ,6117.0,14.08,45887.0
2023-09-25,196.6,197.95,193.6,195.1,58899,EQ,4733.0,12.44,32104.0
2023-09-26,196.2,198.25,192.85,197.0,69146,EQ,4514.0,15.32,43211.0
2023-09-27,196.2,202.65,195.35,197.85,122794,EQ,12025.0,10.21,66240.0
2023-09-28,199.9,206.65,197.1,204.35,610632,EQ,20042.0,30.47,414198.0
2023-09-29,205.65,205.8,201.35,203.25,131208,EQ,6120.0,21.44,80577.0
2023-10-03,202.9,208.35,199.05,207.45,408404,EQ,12372.0,33.01,200031.0
2023-10-04,208.25,214.65,204.35,208.95,622574,EQ,14666.0,42.45,367313.0
2023-10-05,227.5,250.0,223.4,245.7,4241439,EQ,103654.0,40.92,881620.0
2023-10-06,245.0,250.8,240.85,246.15,1004989,EQ,33532.0,29.97,196872.0
2023-10-09,244.5,247.8,236.7,241.85,436151,EQ,22747.0,19.17,142648.0
2023-10-10,243.85,261.65,241.7,251.65,415540,EQ,19022.0,21.85,138497.0
2023-10-11,251.55,258.25,248.65,255.3,194042,EQ,10163.0,19.09,79439.0
2023-10-12,255.55,258.4,253.6,256.75,140427,EQ,7843.0,17.9,55532.0
2023-10-13,255.65,267.65,255.45,261.95,217985,EQ,11710.0,18.62,80098.0
2023-10-16,264.0,269.95,261.65,265.8,233010,EQ,10329.0,22.56,105707.0
2023-10-17,268.25,269.95,261.5,267.45,161615,EQ,7802.0,20.71,63572.0
2023-10-18,268.25,268.25,258.35,262.15,182648,EQ,8382.0,21.79,89231.0
2023-10-19,260.45,265.6,260.0,263.95,86377,EQ,4015.0,21.51,44021.0
2023-10-20,263.35,269.35,263.35,264.75,157120,EQ,6826.0,23.02,64357.0
2023-10-23,264.75,266.15,252.35,253.6,237527,EQ,9583.0,24.79,139224.0
2023-10-25,256.6,263.35,247.75,253.75,312697,EQ,17167.0,18.22,159692.0
2023-10-26,253.65,259.15,245.65,257.15,177623,EQ,14175.0,12.53,78516.0
2023-10-27,255.35,275.8,255.35,274.0,709386,EQ,22555.0,31.45,419368.0
2023-10-30,280.0,286.65,276.65,283.2,414762,EQ,18418.0,22.52,139223.0
2023-10-31,284.95,292.35,282.0,283.45,291577,EQ,16926.0,17.23,94103.0
2023-11-01,284.35,287.7,281.1,285.3,114648,EQ,8867.0,12.93,46141.0
2023-11-02,286.95,300.0,286.95,290.05,353911,EQ,18853.0,18.77,149846.0
2023-11-03,291.65,294.5,287.3,291.6,148076,EQ,10516.0,14.08,56893.0
2023-11-06,296.0,299.0,292.25,295.05,143748,EQ,7569.0,18.99,74180.0
2023-11-07,296.6,297.25,293.55,295.1,62111,EQ,4084.0,15.21,25377.0
2023-11-08,296.3,304.55,295.0,296.65,136586,EQ,8823.0,15.48,45253.0
2023-11-09,297.65,301.65,267.7,279.95,247229,EQ,16333.0,15.14,94404.0
2023-11-10,281.0,297.35,281.0,291.95,245808,EQ,14842.0,16.56,108844.0
2023-11-12,296.65,299.65,294.35,296.3,72595,EQ,3632.0,19.99,51303.0
2023-11-13,297.35,306.65,295.65,304.25,303445,EQ,16057.0,18.9,155436.0
2023-11-15,306.65,310.3,302.35,305.25,141037,EQ,8427.0,16.74,76570.0
2023-11-16,305.0,307.45,298.35,299.85,109925,EQ,7416.0,14.82,53703.0
2023-11-17,300.0,304.55,294.8,296.2,86467,EQ,7914.0,10.93,41672.0
2023-11-20,296.2,299.6,291.2,292.9,88950,EQ,8649.0,10.28,47367.0
2023-11-21,295.3,297.65,291.75,295.1,67532,EQ,6781.0,9.96,32366.0
2023-11-22,296.6,305.0,294.0,301.85,237240,EQ,14677.0,16.16,118529.0
2023-11-23,303.45,304.95,298.35,299.1,59494,EQ,5153.0,11.55,29335.0
2023-11-24,299.1,301.3,294.65,295.4,58278,EQ,5788.0,10.07,31120.0
2023-11-28,296.65,302.65,296.35,298.9,97358,EQ,6801.0,14.32,47413.0
2023-11-29,299.65,301.6,298.35,298.8,68898,EQ,4230.0,16.29,44497.0
2023-11-30,300.0,300.0,290.05,291.45,104863,EQ,8877.0,11.81,69508.0
2023-12-01,290.65,294.65,288.35,289.15,75513,EQ,6153.0,12.27,36460.0
2023-12-04,291.65,295.95,289.85,293.15,111366,EQ,7478.0,14.89,57621.0
2023-12-05,293.35,294.85,286.65,287.5,72072,EQ,5694.0,12.66,44524.0
2023-12-06,290.45,291.6,286.7,288.8,60369,EQ,5269.0,11.46,31492.0
2023-12-07,291.5,295.5,285.0,288.0,75946,EQ,6228.0,12.19,26454.0
2023-12-08,288.0,292.45,285.05,286.35,72077,EQ,6641.0,10.85,32985.0
2023-12-11,287.4,288.9,284.0,285.05,88427,EQ,5896.0,15.0,53486.0
2023-12-12,286.35,291.65,284.5,287.65,92177,EQ,8270.0,11.15,40370.0
2023-12-13,289.8,308.75,288.0,306.9,432925,EQ,25146.0,17.22,206248.0
2023-12-14,313.35,323.0,300.7,303.75,299175,EQ,21753.0,13.75,114682.0
2023-12-15,304.5,313.35,304.2,310.35,149052,EQ,10158.0,14.67,71756.0
2023-12-18,310.0,310.0,303.5,305.2,74415,EQ,6215.0,11.97,42207.0
2023-12-19,306.0,312.65,304.65,308.5,85885,EQ,7135.0,12.04,39717.0
2023-12-20,309.95,315.0,303.35,305.05,132381,EQ,10206.0,12.97,71822.0
2023-12-21,302.65,311.15,301.35,308.3,65925,EQ,6872.0,9.59,29301.0
2023-12-22,308.35,322.65,308.35,311.55,191144,EQ,15297.0,12.5,79709.0
2023-12-26,314.65,318.3,311.7,314.1,83895,EQ,8433.0,9.95,33110.0
2023-12-27,314.65,317.15,310.05,312.55,48861,EQ,5376.0,9.09,23950.0
2023-12-28,314.0,314.3,306.7,313.25,59790,EQ,5344.0,11.19,28908.0
2023-12-29,313.95,317.35,310.1,313.55,72106,EQ,6768.0,10.65,32054.0
2024-01-01,316.65,339.35,314.95,333.75,272703,EQ,20381.0,13.38,129273.0
2024-01-02,335.95,335.95,323.4,325.25,121989,EQ,13415.0,9.09,58793.0
2024-01-03,326.65,331.65,322.15,329.7,65753,EQ,6522.0,10.08,30381.0
2024-01-04,326.7,343.35,325.25,335.95,171101,EQ,17860.0,9.58,73806.0
2024-01-05,336.15,338.25,332.4,336.5,80869,EQ,8054.0,10.04,37869.0
2024-01-08,338.65,341.15,327.1,330.3,106690,EQ,9686.0,11.01,52121.0
2024-01-09,335.0,339.0,330.35,337.45,123130,EQ,8758.0,14.06,75143.0
2024-01-10,339.95,340.0,334.2,338.85,57008,EQ,5378.0,10.6,33245.0
2024-01-11,339.9,341.65,336.35,339.4,113058,EQ,8360.0,13.52,63335.0
2024-01-12,343.2,389.6,337.65,366.55,686688,EQ,42516.0,16.15,254624.0
2024-01-15,375.0,386.0,365.3,379.75,444678,EQ,22856.0,19.46,240857.0
2024-01-16,383.3,385.65,357.6,366.3,267249,EQ,22146.0,12.07,126449.0
2024-01-17,363.0,363.5,353.25,360.5,233986,EQ,14823.0,15.79,84992.0
2024-01-18,366.35,378.75,353.35,376.4,177302,EQ,16234.0,10.92,73087.0
2024-01-19,375.0,375.0,360.35,362.3,168040,EQ,13097.0,12.83,84641.0
2024-01-20,366.65,370.0,361.4,363.55,79525,EQ,4230.0,18.8,45543.0
2024-01-23,368.45,369.9,350.0,350.65,142939,EQ,13284.0,10.76,75036.0
2024-01-24,356.65,362.8,340.0,344.3,247997,EQ,14747.0,16.82,160833.0
2024-01-25,357.35,357.35,332.15,336.45,208180,EQ,14273.0,14.59,130483.0
2024-01-29,338.25,351.7,338.25,348.25,224106,EQ,16155.0,13.87,144610.0
2024-01-30,349.95,357.0,349.8,354.75,137068,EQ,10968.0,12.5,95860.0
2024-01-31,355.6,363.35,346.7,353.85,122105,EQ,13209.0,9.24,74398.0
2024-02-01,358.35,371.85,351.7,356.15,300316,EQ,25474.0,11.79,110108.0
2024-02-02,358.35,366.35,348.4,351.45,131861,EQ,13123.0,10.05,58968.0
2024-02-05,363.35,366.65,355.6,358.7,183163,EQ,9805.0,18.68,109809.0
2024-02-06,361.65,363.0,355.4,359.35,84583,EQ,7766.0,10.89,45536.0
2024-02-07,363.35,363.35,353.7,356.9,57283,EQ,5284.0,10.84,26416.0
2024-02-08,356.9,361.65,352.0,357.25,74058,EQ,6608.0,11.21,41361.0
2024-02-09,354.0,363.3,344.25,347.35,92329,EQ,10852.0,8.51,39832.0
2024-02-12,352.0,352.0,328.35,336.6,78099,EQ,8300.0,9.41,40820.0
2024-02-13,339.35,339.35,323.65,331.7,99218,EQ,11052.0,8.98,45090.0
2024-02-14,326.65,335.0,322.85,331.2,44468,EQ,4873.0,9.13,20882.0
2024-02-15,333.05,336.3,330.05,331.95,57259,EQ,6587.0,8.69,31219.0
2024-02-16,331.95,336.6,323.35,326.25,59980,EQ,5799.0,10.34,33212.0
2024-02-19,333.0,350.35,327.7,348.05,136516,EQ,14069.0,9.7,60770.0
2024-02-20,346.65,348.35,342.3,346.95,54272,EQ,6253.0,8.68,30426.0
2024-02-21,348.3,349.8,336.65,338.7,70916,EQ,9030.0,7.85,40199.0
2024-02-22,338.35,338.35,331.65,332.95,68686,EQ,8617.0,7.97,33522.0
2024-02-23,332.65,336.7,330.8,333.6,44526,EQ,4508.0,9.88,26649.0
2024-02-26,337.6,337.6,329.0,330.35,45405,EQ,4260.0,10.66,25676.0
2024-02-27,331.35,332.65,318.4,321.85,76784,EQ,7136.0,10.76,45473.0
2024-02-28,324.75,327.15,313.1,319.95,176200,EQ,12455.0,14.15,97538.0
2024-02-29,321.4,324.8,318.8,323.7,52080,EQ,5849.0,8.9,21506.0
2024-03-01,326.95,333.0,323.65,326.6,48126,EQ,6203.0,7.76,27153.0
2024-03-02,329.3,330.0,323.35,325.75,7906,EQ,657.0,12.03,4569.0
2024-03-04,325.9,328.3,313.5,314.85,103265,EQ,6434.0,16.05,75970.0
2024-03-05,314.65,314.95,300.35,305.05,159739,EQ,14765.0,10.82,94605.0
2024-03-06,300.5,305.0,290.4,300.8,172635,EQ,14319.0,12.06,97538.0
2024-03-07,300.95,308.0,300.95,306.0,93936,EQ,5828.0,16.12,61349.0
2024-03-11,306.0,306.0,281.65,287.5,145248,EQ,12371.0,11.74,89544.0
2024-03-12,287.35,293.65,269.05,284.4,304676,EQ,39915.0,7.63,157269.0
2024-03-13,284.0,289.65,258.2,262.95,153198,EQ,18146.0,8.44,84165.0
2024-03-14,262.95,285.0,258.45,281.7,171590,EQ,14481.0,11.85,96550.0
2024-03-15,281.7,287.05,273.35,279.2,67297,EQ,7580.0,8.88,32139.0
2024-03-18,281.6,284.7,275.7,280.5,63181,EQ,7139.0,8.85,33219.0
2024-03-19,280.0,284.05,273.7,276.95,46689,EQ,3993.0,11.69,26724.0
2024-03-20,279.7,282.5,266.8,268.75,81926,EQ,9395.0,8.72,46259.0
2024-03-21,272.95,280.35,270.4,275.95,99095,EQ,8117.0,12.21,57726.0
2024-03-22,278.0,296.55,276.85,286.55,140628,EQ,11642.0,12.08,76852.0
2024-03-26,286.55,291.0,280.05,281.2,87952,EQ,6913.0,12.72,53408.0
2024-03-27,285.0,285.3,276.65,278.55,107317,EQ,8282.0,12.96,66173.0
2024-03-28,280.0,296.65,280.0,291.6,146499,EQ,6105.0,24.0,92383.0
2024-04-01,296.05,318.7,296.05,317.25,173690,EQ,13877.0,12.52,73565.0
2024-04-02,326.65,337.2,318.65,323.7,163325,EQ,10361.0,15.76,74376.0
2024-04-03,324.35,333.35,323.25,328.65,80045,EQ,7771.0,10.3,43122.0
2024-04-04,328.0,334.05,324.25,329.35,64979,EQ,6486.0,10.02,29713.0
2024-04-05,328.65,331.65,321.75,324.2,72725,EQ,5407.0,13.45,47897.0
2024-04-08,329.0,329.65,311.0,317.1,72261,EQ,8372.0,8.63,40835.0
2024-04-09,320.95,322.15,311.65,314.55,47297,EQ,4495.0,10.52,25875.0
2024-04-10,317.25,317.7,310.05,311.35,29365,EQ,3463.0,8.48,16006.0
2024-04-12,310.65,314.6,307.35,308.9,35711,EQ,5114.0,6.98,18781.0
2024-04-15,299.65,317.35,287.4,313.35,89211,EQ,10895.0,8.19,41784.0
2024-04-16,310.55,312.8,306.2,307.55,30242,EQ,3667.0,8.25,17889.0
2024-04-18,311.9,318.8,304.0,306.4,68180,EQ,8056.0,8.46,36276.0
2024-04-19,303.65,324.8,288.85,309.65,100392,EQ,13443.0,7.47,42463.0
2024-04-22,313.3,320.8,308.35,312.9,82730,EQ,6739.0,12.28,49917.0
2024-04-23,317.15,317.15,301.7,304.5,96817,EQ,6749.0,14.35,59618.0
2024-04-24,305.35,310.5,301.6,305.2,75535,EQ,5733.0,13.18,42065.0
2024-04-25,306.65,311.45,302.35,303.8,91670,EQ,7280.0,12.59,48100.0
2024-04-26,305.3,305.3,298.15,300.25,105928,EQ,8187.0,12.94,64053.0
2024-04-29,301.85,312.75,298.5,306.2,120777,EQ,8477.0,14.25,81332.0
2024-04-30,307.3,309.95,299.35,301.05,39941,EQ,3911.0,10.21,25500.0
2024-05-02,302.3,308.0,301.65,304.2,58777,EQ,8546.0,6.88,41871.0
2024-05-03,305.8,308.35,300.0,304.4,38718,EQ,3145.0,12.31,22039.0
2024-05-06,305.65,306.0,290.35,293.05,68353,EQ,6092.0,11.22,45260.0
2024-05-07,294.95,308.35,284.45,290.9,94039,EQ,12355.0,7.61,48010.0
2024-05-08,292.2,298.2,289.5,292.65,35481,EQ,4552.0,7.79,16302.0
2024-05-09,294.0,296.25,286.35,287.8,47675,EQ,5747.0,8.3,26603.0
2024-05-10,289.3,303.25,285.65,296.75,49863,EQ,7126.0,7.0,21810.0
2024-05-13,293.75,301.65,286.7,289.25,70737,EQ,6861.0,10.31,35506.0
2024-05-14,290.75,293.65,288.05,289.45,31572,EQ,4606.0,6.85,16334.0
2024-05-15,293.0,297.45,287.35,291.8,93564,EQ,9088.0,10.3,49875.0
2024-05-16,292.3,295.05,289.35,293.6,52114,EQ,5112.0,10.19,31081.0
2024-05-17,294.95,301.0,291.65,298.95,62816,EQ,5659.0,11.1,36098.0
2024-05-18,303.3,313.0,299.0,310.85,43978,EQ,2101.0,20.93,31131.0
2024-05-21,313.5,315.6,306.75,312.9,64412,EQ,6102.0,10.56,37580.0
2024-05-22,316.35,316.35,306.35,310.25,31873,EQ,3480.0,9.16,14839.0
2024-05-23,311.6,311.6,303.9,304.8,56277,EQ,4723.0,11.92,22632.0
2024-05-24,305.35,308.35,297.0,297.85,43242,EQ,4580.0,9.44,24705.0
2024-05-27,299.45,303.3,296.65,298.75,60320,EQ,5020.0,12.02,35808.0
2024-05-28,298.65,306.0,281.1,285.0,364792,EQ,30467.0,11.97,113415.0
2024-05-29,287.75,296.6,286.7,291.7,96562,EQ,8247.0,11.71,33267.0
2024-05-30,290.9,299.65,283.35,284.45,86134,EQ,9719.0,8.86,46537.0
2024-05-31,285.95,298.0,285.35,295.0,128625,EQ,8568.0,15.01,49797.0
2024-06-03,312.65,316.0,293.85,296.95,101874,EQ,7629.0,13.35,45246.0
2024-06-04,292.5,296.25,240.0,269.05,404242,EQ,28036.0,14.42,198941.0
2024-06-05,273.65,284.35,265.55,278.9,72705,EQ,7631.0,9.53,34498.0
2024-06-06,286.6,291.25,281.65,283.65,53663,EQ,5935.0,9.04,27581.0
2024-06-07,283.65,292.65,282.9,290.55,62793,EQ,8315.0,7.55,32816.0
2024-06-10,293.3,294.65,286.7,290.1,59170,EQ,5402.0,10.95,33634.0
2024-06-11,290.15,295.8,290.0,293.5,64910,EQ,6106.0,10.63,34370.0
2024-06-12,293.5,310.6,293.5,307.85,199489,EQ,9494.0,21.01,130897.0
2024-06-13,312.0,316.0,306.7,309.05,114093,EQ,8602.0,13.26,71913.0
2024-06-14,309.05,311.8,303.9,305.35,68175,EQ,6330.0,10.77,33757.0
2024-06-18,306.65,313.35,303.7,312.6,135830,EQ,7599.0,17.87,85996.0
2024-06-19,313.35,315.95,305.65,307.95,98672,EQ,5549.0,17.78,60787.0
2024-06-20,308.95,310.3,305.65,308.3,57021,EQ,3883.0,14.68,32252.0
2024-06-21,309.85,310.35,303.35,304.0,46032,EQ,3838.0,11.99,24760.0
2024-06-24,303.3,310.6,299.1,304.65,102790,EQ,6684.0,15.38,54634.0
2024-06-25,306.25,307.8,300.0,300.3,84611,EQ,4103.0,20.62,55282.0
2024-06-26,301.85,301.95,295.35,299.25,78016,EQ,5210.0,14.97,46983.0
2024-06-27,302.25,304.15,296.05,301.4,79025,EQ,3642.0,21.7,53226.0
2024-06-28,301.4,320.0,300.05,306.7,307309,EQ,15013.0,20.47,162709.0
2024-07-01,307.95,308.8,302.05,303.1,136453,EQ,5260.0,25.94,100446.0
2024-07-02,305.65,307.0,303.0,305.1,159540,EQ,5522.0,28.89,123825.0
2024-07-03,308.35,308.55,304.35,305.25,129035,EQ,5088.0,25.36,82396.0
2024-07-04,305.25,321.45,305.25,312.5,373841,EQ,15370.0,24.32,201116.0
2024-07-05,314.2,326.7,310.15,326.3,259263,EQ,14847.0,17.46,145260.0
2024-07-08,331.35,332.0,322.65,323.7,152104,EQ,7839.0,19.4,94777.0
2024-07-09,324.7,330.0,316.35,317.55,90253,EQ,6099.0,14.8,48542.0
2024-07-10,316.0,317.65,302.35,307.3,164852,EQ,10360.0,15.91,84300.0
2024-07-11,310.85,310.85,300.35,303.35,98556,EQ,7555.0,13.05,54621.0
2024-07-12,307.35,310.9,303.65,307.05,62413,EQ,4429.0,14.09,37812.0
2024-07-15,306.6,309.3,305.0,306.55,54293,EQ,4535.0,11.97,31391.0
2024-07-16,308.0,311.85,305.25,310.25,117629,EQ,6174.0,19.05,74699.0
2024-07-18,308.35,310.3,298.35,300.2,120639,EQ,7128.0,16.92,72535.0
2024-07-19,300.0,300.3,290.65,292.45,136815,EQ,9883.0,13.84,72122.0
2024-07-22,296.65,296.95,288.75,293.0,82587,EQ,7767.0,10.63,44496.0
2024-07-23,293.65,303.25,279.45,301.9,128773,EQ,10994.0,11.71,59980.0
2024-07-24,303.35,316.65,303.35,312.0,161286,EQ,10044.0,16.06,96838.0
2024-07-25,309.3,315.0,307.0,313.85,82589,EQ,6021.0,13.72,55928.0
2024-07-26,313.35,315.85,311.2,312.8,84542,EQ,4549.0,18.58,55028.0
2024-07-29,315.85,320.65,313.35,315.3,202830,EQ,9601.0,21.13,132127.0
2024-07-30,315.0,316.95,297.4,310.45,270095,EQ,19436.0,13.9,121009.0
2024-07-31,312.2,312.6,306.7,308.15,66515,EQ,5537.0,12.01,38348.0
2024-08-01,310.0,311.3,300.85,302.75,84182,EQ,6213.0,13.55,55959.0
2024-08-02,301.0,303.15,296.2,300.85,61623,EQ,4804.0,12.83,39485.0
2024-08-05,295.0,308.9,293.35,295.5,125647,EQ,13605.0,9.24,63120.0
2024-08-06,300.65,302.7,290.0,291.0,70810,EQ,5514.0,12.84,42836.0
2024-08-07,293.75,301.5,293.75,299.7,33016,EQ,3341.0,9.88,17052.0
2024-08-08,300.0,309.3,297.3,301.05,51800,EQ,5777.0,8.97,30712.0
2024-08-09,302.65,313.65,301.65,309.15,141173,EQ,10293.0,13.72,94071.0
2024-08-12,309.15,311.5,304.5,308.65,88935,EQ,5080.0,17.51,43887.0
2024-08-13,313.3,313.35,299.0,300.1,86762,EQ,6404.0,13.55,39405.0
2024-08-14,303.65,303.65,294.35,298.65,30710,EQ,4089.0,7.51,16645.0
2024-08-16,301.85,308.25,299.0,300.25,43965,EQ,3738.0,11.76,20940.0
2024-08-19,301.8,309.45,299.4,301.5,54681,EQ,4150.0,13.18,34183.0
2024-08-20,300.0,304.05,295.6,298.4,110073,EQ,7113.0,15.47,55418.0
2024-08-21,298.65,301.25,295.0,298.75,69154,EQ,5208.0,13.28,42633.0
2024-08-22,301.75,304.0,298.65,299.5,49159,EQ,4181.0,11.76,30557.0
2024-08-23,298.0,303.3,295.35,297.15,63733,EQ,4941.0,12.9,38314.0
2024-08-26,301.6,308.35,298.35,306.7,149972,EQ,6276.0,23.9,86285.0
2024-08-27,302.65,351.2,302.65,347.55,930979,EQ,41909.0,22.21,414170.0
2024-08-28,348.0,378.35,347.65,374.75,1273158,EQ,50357.0,25.28,512203.0
2024-08-29,381.65,393.0,376.75,383.85,747896,EQ,37078.0,20.17,273116.0
2024-08-30,384.35,392.95,379.0,387.95,286415,EQ,17694.0,16.19,100758.0
2024-09-02,391.65,406.35,391.65,404.25,336778,EQ,9973.0,33.77,166513.0
2024-09-03,405.0,408.3,374.0,382.25,408714,EQ,14419.0,28.35,207907.0
2024-09-04,380.0,393.9,378.75,389.55,129107,EQ,5133.0,25.15,54023.0
2024-09-05,389.95,401.65,387.65,398.7,139292,EQ,4574.0,30.45,92122.0
2024-09-06,400.15,419.65,399.2,407.5,342240,EQ,9895.0,34.59,191292.0
2024-09-09,409.4,413.35,403.05,409.95,104811,EQ,5029.0,20.84,48242.0
2024-09-10,409.45,410.95,402.65,405.8,73069,EQ,5053.0,14.46,41619.0
2024-09-11,409.0,413.35,396.35,402.7,119166,EQ,8577.0,13.89,52950.0
2024-09-12,403.25,409.7,399.8,401.3,78677,EQ,6299.0,12.49,42867.0
2024-09-13,402.3,424.9,399.85,410.0,244763,EQ,15720.0,15.57,115009.0
2024-09-16,413.35,435.35,413.35,430.4,445430,EQ,23847.0,18.68,212920.0
2024-09-17,431.0,443.35,422.15,433.85,265214,EQ,14804.0,17.92,127979.0
2024-09-18,434.65,434.65,410.0,415.4,253817,EQ,16470.0,15.41,131758.0
2024-09-19,423.3,424.95,400.35,406.95,131493,EQ,11535.0,11.4,59503.0
2024-09-20,410.1,413.15,399.0,405.9,134607,EQ,9520.0,14.14,70663.0
2024-09-23,407.7,416.65,402.25,410.85,154328,EQ,11207.0,13.77,75044.0
2024-09-24,411.0,411.0,392.05,394.9,154659,EQ,10094.0,15.32,86442.0
2024-09-25,394.15,399.6,389.7,392.25,102711,EQ,8070.0,12.73,52139.0
2024-09-26,392.25,396.65,379.65,381.3,104198,EQ,9372.0,11.12,59241.0
2024-09-27,383.3,396.65,377.7,395.15,145595,EQ,10582.0,13.76,68369.0
2024-09-30,396.65,397.35,386.35,389.0,72954,EQ,6514.0,11.2,39631.0
2024-10-01,392.25,396.35,389.7,391.2,59475,EQ,5167.0,11.51,35459.0
2024-10-03,391.65,394.0,377.65,389.05,166790,EQ,7310.0,22.82,119002.0
2024-10-04,389.95,391.55,369.1,372.2,150548,EQ,12036.0,12.51,84351.0
2024-10-07,373.35,378.15,344.35,354.65,178052,EQ,15354.0,11.6,90508.0
2024-10-08,350.2,371.25,349.0,364.15,190819,EQ,14183.0,13.45,100668.0
2024-10-09,371.45,380.05,355.5,357.3,94956,EQ,9866.0,9.62,51985.0
2024-10-10,358.35,361.65,353.35,354.9,79972,EQ,7124.0,11.23,44048.0
2024-10-11,352.0,364.9,348.45,354.2,136650,EQ,10624.0,12.86,74480.0
2024-10-14,359.75,365.65,352.7,358.25,82341,EQ,7809.0,10.54,46504.0
2024-10-15,359.15,360.3,353.3,355.05,39525,EQ,4785.0,8.26,22160.0
2024-10-16,355.35,371.65,352.65,368.35,107815,EQ,9353.0,11.53,59731.0
2024-10-17,369.5,371.65,351.4,353.25,100574,EQ,9082.0,11.07,56195.0
2024-10-18,356.65,356.65,345.2,349.75,94771,EQ,8810.0,10.76,44856.0
2024-10-21,350.0,354.15,338.35,339.7,57721,EQ,7676.0,7.52,27895.0
2024-10-22,343.0,343.0,320.95,323.4,99442,EQ,12542.0,7.93,52813.0
2024-10-23,327.1,334.5,315.35,330.2,106207,EQ,15092.0,7.04,49123.0
2024-10-24,331.8,334.65,308.85,310.2,183541,EQ,19031.0,9.64,97223.0
2024-10-25,310.0,313.95,299.95,309.7,125029,EQ,16878.0,7.41,51789.0
2024-10-28,310.0,312.6,293.7,301.45,264536,EQ,25033.0,10.57,139709.0
2024-10-29,299.0,315.0,299.0,312.0,133855,EQ,12760.0,10.49,65244.0
2024-10-30,315.15,321.4,310.2,315.45,93769,EQ,10302.0,9.1,46476.0
2024-10-31,313.35,318.05,310.6,312.95,60260,EQ,5907.0,10.2,34212.0
2024-11-01,315.2,323.3,315.2,319.15,33057,EQ,2300.0,14.37,18924.0
2024-11-04,322.05,322.15,307.25,312.1,87911,EQ,9906.0,8.87,43720.0
2024-11-05,312.0,318.35,312.0,316.05,37735,EQ,4440.0,8.5,21412.0
2024-11-06,316.65,331.35,316.65,329.85,78444,EQ,6701.0,11.71,40109.0
2024-11-07,332.95,334.7,324.6,329.05,79537,EQ,8007.0,9.93,37089.0
2024-11-08,330.75,331.45,321.05,322.95,54550,EQ,6144.0,8.88,26905.0
2024-11-11,321.3,323.85,310.4,315.95,75635,EQ,7862.0,9.62,37709.0
2024-11-12,353.35,353.35,330.2,335.5,449378,EQ,42407.0,10.6,147461.0
2024-11-13,334.35,335.5,313.65,315.35,140373,EQ,16332.0,8.59,66281.0
2024-11-14,316.65,319.85,308.0,312.85,87225,EQ,11347.0,7.69,39804.0
2024-11-18,316.65,318.45,307.45,313.8,78535,EQ,7597.0,10.34,40729.0
2024-11-19,314.75,318.0,306.0,308.8,62986,EQ,6877.0,9.16,36121.0
2024-11-21,318.0,324.65,306.85,320.75,173184,EQ,14642.0,11.83,84156.0
2024-11-22,321.65,323.45,312.75,314.65,73747,EQ,7392.0,9.98,35210.0
2024-11-25,318.0,320.5,314.65,315.5,56105,EQ,6182.0,9.08,27418.0
2024-11-26,316.35,326.35,316.3,320.75,76320,EQ,9657.0,7.9,37787.0
2024-11-27,320.75,332.35,318.95,330.8,89160,EQ,8072.0,11.05,44669.0
2024-11-28,330.15,333.35,327.5,331.2,56157,EQ,5101.0,11.01,30050.0
2024-11-29,333.3,333.35,324.25,329.2,75261,EQ,5476.0,13.74,41616.0
2024-12-02,329.2,333.35,326.7,330.2,77224,EQ,8793.0,8.78,46303.0
2024-12-03,332.2,344.9,330.3,334.3,132923,EQ,8244.0,16.12,77558.0
2024-12-04,339.3,341.65,322.75,327.75,103486,EQ,6861.0,15.08,50781.0
2024-12-05,330.25,340.65,328.35,335.65,158943,EQ,9337.0,17.02,84333.0
2024-12-06,336.65,337.65,329.35,330.95,138175,EQ,6279.0,22.01,92602.0
2024-12-09,333.65,334.95,325.1,326.55,84610,EQ,7077.0,11.96,52442.0
2024-12-10,326.55,333.0,325.7,331.75,91295,EQ,6361.0,14.35,51942.0
2024-12-11,332.6,333.3,326.65,327.7,66870,EQ,5034.0,13.28,38076.0
2024-12-12,327.75,330.4,323.0,325.4,53815,EQ,5386.0,9.99,32663.0
2024-12-13,324.7,326.3,317.75,321.85,77516,EQ,6441.0,12.03,39956.0
2024-12-16,322.85,326.7,319.35,320.1,36888,EQ,4088.0,9.02,19833.0
2024-12-17,322.35,325.1,317.7,322.25,61268,EQ,4303.0,14.24,37052.0
2024-12-18,324.0,325.5,316.7,317.9,77122,EQ,4854.0,15.89,49983.0
2024-12-19,319.3,329.1,313.35,321.85,72654,EQ,8007.0,9.07,38481.0
2024-12-20,324.1,324.1,308.85,309.9,143419,EQ,11033.0,13.0,78851.0
2024-12-23,314.55,315.15,301.85,306.35,84377,EQ,7613.0,11.08,43870.0
2024-12-24,308.35,310.0,303.35,304.8,33862,EQ,3711.0,9.12,18697.0
2024-12-26,305.1,314.65,305.1,309.5,106842,EQ,12894.0,8.29,66870.0
2024-12-27,311.25,316.65,310.0,315.7,53597,EQ,4828.0,11.1,31389.0
2024-12-30,317.0,317.0,303.35,306.0,46678,EQ,4478.0,10.42,29140.0
2024-12-31,311.3,311.5,303.05,309.75,41655,EQ,4020.0,10.36,19961.0
2025-01-01,311.65,326.65,309.1,322.65,97181,EQ,7378.0,13.17,48379.0
2025-01-02,325.55,329.2,320.3,324.9,80478,EQ,7837.0,10.27,47443.0
2025-01-03,326.95,333.0,324.55,330.25,76867,EQ,6282.0,12.24,40834.0
2025-01-06,333.7,336.65,312.25,315.65,88381,EQ,10001.0,8.84,38391.0
2025-01-07,316.65,324.85,316.65,320.5,61775,EQ,6431.0,9.61,30013.0
2025-01-08,327.15,327.5,315.25,318.4,42517,EQ,4668.0,9.11,22169.0
2025-01-09,318.4,319.5,299.35,301.4,152302,EQ,11290.0,13.49,91229.0
2025-01-10,304.65,308.15,294.25,296.7,132852,EQ,13443.0,9.88,71885.0
2025-01-13,296.7,296.7,279.2,282.15,118210,EQ,12849.0,9.2,61544.0
2025-01-14,286.6,293.3,283.5,291.05,72452,EQ,6643.0,10.91,36488.0
2025-01-15,294.95,295.45,288.2,289.65,38677,EQ,3720.0,10.4,17657.0
2025-01-16,294.05,299.35,292.0,294.45,65126,EQ,6641.0,9.81,21931.0
2025-01-17,294.45,295.0,286.05,287.65,72692,EQ,6936.0,10.48,40564.0
2025-01-20,291.35,299.65,288.0,298.25,52678,EQ,4784.0,11.01,31243.0
2025-01-21,296.4,303.75,290.65,294.6,54280,EQ,6869.0,7.9,25839.0
2025-01-22,299.1,299.1,281.0,284.2,101259,EQ,9321.0,10.86,61467.0
2025-01-23,283.65,286.65,271.85,278.9,177806,EQ,13996.0,12.7,99401.0
2025-01-24,280.0,285.35,276.5,283.6,77368,EQ,7505.0,10.31,37285.0
2025-01-27,280.35,281.45,262.0,269.4,119113,EQ,13267.0,8.98,54330.0
2025-01-28,270.5,270.65,261.15,266.55,81889,EQ,10685.0,7.66,44048.0
2025-01-29,264.0,286.2,264.0,281.45,94716,EQ,11448.0,8.27,38252.0
2025-01-30,277.65,287.3,277.65,283.9,60903,EQ,8487.0,7.18,21389.0
2025-01-31,282.7,286.0,281.05,283.9,36168,EQ,5173.0,6.99,17584.0
2025-02-01,288.2,289.65,281.2,286.55,57619,EQ,5608.0,10.27,29997.0
2025-02-03,280.7,288.3,273.35,283.0,60832,EQ,9005.0,6.76,27183.0
2025-02-04,286.65,288.3,277.6,282.0,52401,EQ,4819.0,10.87,26983.0
2025-02-05,286.0,291.65,282.7,291.0,55707,EQ,4138.0,13.46,33848.0
2025-02-06,291.25,291.5,280.9,283.4,57355,EQ,4261.0,13.46,36215.0
2025-02-07,286.65,286.65,276.35,277.85,80841,EQ,5376.0,15.04,45426.0
2025-02-10,270.05,274.65,261.65,265.25,83181,EQ,7796.0,10.67,46388.0
2025-02-11,263.35,264.15,243.2,247.55,179325,EQ,18535.0,9.67,91036.0
2025-02-12,250.0,253.85,231.0,248.2,176492,EQ,18668.0,9.45,78485.0
2025-02-13,250.0,252.6,243.65,246.75,61665,EQ,7289.0,8.46,29780.0
2025-02-14,249.9,250.55,229.3,234.25,209043,EQ,16170.0,12.93,116350.0
2025-02-17,232.7,236.65,220.75,222.2,199693,EQ,19847.0,10.06,102952.0
2025-02-18,212.0,215.0,189.25,205.65,1446293,EQ,92804.0,15.58,497335.0
2025-02-19,205.65,223.0,201.55,218.65,306143,EQ,25871.0,11.83,110487.0
2025-02-20,218.25,233.25,214.2,224.05,172708,EQ,19209.0,8.99,82188.0
2025-02-21,225.35,230.0,220.35,226.6,140038,EQ,12036.0,11.63,54293.0
2025-02-24,224.7,227.55,217.05,223.1,93524,EQ,11135.0,8.4,45225.0
2025-02-25,223.5,227.2,220.05,221.25,80263,EQ,7339.0,10.94,42227.0
2025-02-27,220.65,221.95,211.85,215.1,68998,EQ,7253.0,9.51,36336.0
2025-02-28,203.7,214.8,200.55,211.2,151370,EQ,14202.0,10.66,70593.0
2025-03-03,212.65,214.65,196.3,208.35,215130,EQ,16726.0,12.86,109892.0
2025-03-04,203.35,216.45,202.7,213.2,94963,EQ,9232.0,10.29,43229.0
2025-03-05,210.0,222.0,210.0,212.95,154384,EQ,14394.0,10.73,72394.0
2025-03-06,213.7,232.0,213.7,229.2,207544,EQ,18826.0,11.02,77462.0
2025-03-07,225.8,243.0,225.8,239.2,228231,EQ,19265.0,11.85,74200.0
2025-03-10,241.25,245.3,226.7,228.6,125603,EQ,10759.0,11.67,70096.0
2025-03-11,223.35,229.9,220.5,224.05,149334,EQ,8359.0,17.87,101161.0
2025-03-12,224.2,228.4,219.55,221.25,110673,EQ,8865.0,12.48,57893.0
2025-03-13,222.85,224.75,213.0,215.1,99029,EQ,8205.0,12.07,53866.0
2025-03-17,216.15,218.0,207.0,208.25,150268,EQ,10584.0,14.2,83033.0
2025-03-18,209.5,222.35,209.5,219.65,302637,EQ,14989.0,20.19,165764.0
2025-03-19,219.75,238.35,219.75,237.3,308615,EQ,18304.0,16.86,150705.0
2025-03-20,240.0,249.95,238.5,241.0,209381,EQ,17414.0,12.02,103149.0
2025-03-21,243.35,248.3,239.65,243.35,159917,EQ,13663.0,11.7,70628.0
2025-03-24,245.35,256.15,242.65,253.9,257772,EQ,16937.0,15.22,138157.0
2025-03-25,257.85,260.65,250.65,252.2,246737,EQ,15168.0,16.27,140212.0
2025-03-26,253.0,254.45,238.35,240.0,151819,EQ,12783.0,11.88,79816.0
2025-03-27,241.45,244.65,235.0,240.45,220314,EQ,18350.0,12.01,106275.0
2025-03-28,242.0,247.95,231.15,232.9,158101,EQ,13961.0,11.32,85378.0
2025-04-01,235.35,247.65,233.05,245.95,133868,EQ,10538.0,12.7,52988.0
2025-04-02,247.95,248.4,237.55,245.75,109873,EQ,9155.0,12.0,47264.0
2025-04-03,248.35,252.8,239.2,250.75,81596,EQ,7052.0,11.57,38576.0
2025-04-04,251.35,251.35,234.65,237.55,106725,EQ,10921.0,9.77,55714.0
2025-04-07,197.4,225.0,197.4,218.65,204001,EQ,15164.0,13.45,100490.0
2025-04-08,225.6,232.85,222.85,228.95,81761,EQ,7350.0,11.12,38863.0
2025-04-09,222.1,224.8,219.0,220.8,64484,EQ,6909.0,9.33,30918.0
2025-04-11,235.0,244.0,225.2,240.9,272907,EQ,24618.0,11.09,85148.0
2025-04-15,245.7,255.5,242.1,252.3,173996,EQ,13466.0,12.92,85837.0
2025-04-16,254.0,259.75,254.0,258.1,88723,EQ,8728.0,10.17,41551.0
2025-04-17,258.65,259.2,254.8,256.95,63073,EQ,6878.0,9.17,35505.0
2025-04-21,256.95,269.65,256.3,268.35,113524,EQ,7944.0,14.29,62336.0
2025-04-22,270.0,271.95,260.2,262.45,91373,EQ,6909.0,13.23,46174.0
2025-04-23,263.0,271.65,260.0,268.15,96362,EQ,6952.0,13.86,44178.0
2025-04-24,269.25,269.5,263.35,263.65,39985,EQ,3854.0,10.37,20638.0
2025-04-25,263.65,265.8,249.45,254.6,98592,EQ,8877.0,11.11,49049.0
2025-04-28,250.0,258.0,248.35,255.4,64303,EQ,6461.0,9.95,24924.0
2025-04-29,259.25,259.25,246.0,248.05,87704,EQ,8184.0,10.72,44658.0
2025-04-30,244.3,247.6,238.35,240.8,87809,EQ,7900.0,11.12,44378.0
2025-05-02,241.65,245.55,239.3,240.05,50727,EQ,5069.0,10.01,24280.0
2025-05-05,240.8,248.95,238.6,246.35,71587,EQ,7581.0,9.44,34637.0
2025-05-06,246.35,247.05,235.3,237.9,66290,EQ,5143.0,12.89,34784.0
2025-05-07,235.35,240.45,234.4,238.35,119350,EQ,8786.0,13.58,62000.0
2025-05-08,242.65,246.5,235.0,236.6,62673,EQ,5876.0,10.67,31280.0
2025-05-09,233.35,237.8,228.55,229.9,93627,EQ,8407.0,11.14,53070.0
2025-05-12,235.65,269.35,235.65,264.15,524859,EQ,28221.0,18.6,138033.0
2025-05-13,260.35,271.65,260.35,264.85,141727,EQ,9272.0,15.29,65821.0
2025-05-14,266.5,271.65,265.15,270.1,118935,EQ,7564.0,15.72,56413.0
2025-05-15,273.55,274.2,267.2,269.55,135254,EQ,8082.0,16.74,69509.0
2025-05-16,270.15,271.65,264.85,270.85,87347,EQ,4728.0,18.47,39952.0
2025-05-19,272.95,301.55,272.5,298.55,350926,EQ,23564.0,14.89,147240.0
2025-05-20,301.65,325.95,300.0,315.75,486516,EQ,33298.0,14.61,145282.0
2025-05-21,318.25,320.2,302.4,315.65,188289,EQ,14695.0,12.81,59590.0
2025-05-22,309.25,316.65,298.35,303.4,279100,EQ,19276.0,14.48,98049.0
2025-05-23,303.7,304.95,292.0,293.1,143694,EQ,13368.0,10.75,73782.0
2025-05-26,295.45,303.65,294.25,300.4,112733,EQ,10734.0,10.5,51950.0
2025-05-27,301.15,301.4,295.0,297.75,59385,EQ,5368.0,11.06,28459.0
2025-05-28,300.4,302.65,295.0,296.8,94956,EQ,6538.0,14.52,47995.0
2025-05-29,299.4,320.0,298.6,311.0,341613,EQ,22878.0,14.93,103225.0
2025-05-30,312.15,320.0,311.7,313.5,151712,EQ,10335.0,14.68,66568.0
2025-06-02,314.65,323.65,310.15,320.75,162720,EQ,12357.0,13.17,65027.0
2025-06-03,318.35,326.6,318.35,322.85,176638,EQ,8239.0,21.44,91099.0
2025-06-04,322.85,328.0,321.05,323.1,89726,EQ,6407.0,14.0,33174.0
2025-06-05,323.5,326.35,321.65,324.35,66661,EQ,4891.0,13.63,29937.0
2025-06-06,327.25,332.25,321.65,323.5,96105,EQ,7631.0,12.59,35346.0
2025-06-09,321.7,329.4,321.7,327.25,89620,EQ,6473.0,13.85,44003.0
2025-06-10,328.85,331.3,323.0,325.25,62284,EQ,4867.0,12.8,32054.0
2025-06-11,325.25,328.35,322.0,325.0,62274,EQ,5563.0,11.19,29190.0
2025-06-12,325.35,329.85,316.35,318.55,109112,EQ,8151.0,13.39,45119.0
2025-06-13,316.3,338.35,309.35,332.5,206396,EQ,13651.0,15.12,110825.0
2025-06-16,338.5,359.35,335.55,357.65,644949,EQ,36086.0,17.87,227224.0
2025-06-17,366.65,379.65,364.45,373.35,774886,EQ,41681.0,18.59,254291.0
2025-06-18,371.0,371.3,360.45,362.4,240298,EQ,15427.0,15.58,92795.0
2025-06-19,362.85,377.65,355.65,359.35,201654,EQ,16904.0,11.93,62647.0
2025-06-20,353.35,366.0,353.35,362.65,112042,EQ,9604.0,11.67,39707.0
2025-06-23,357.35,369.65,355.6,361.15,175786,EQ,13186.0,13.33,75228.0
2025-06-24,368.35,370.65,358.5,362.4,127826,EQ,9563.0,13.37,44571.0
2025-06-25,366.35,375.65,360.4,367.1,214406,EQ,15625.0,13.72,75701.0
2025-06-26,370.35,371.2,360.5,366.75,97997,EQ,7164.0,13.68,46509.0
2025-06-27,370.0,387.65,361.0,383.05,318763,EQ,17003.0,18.75,155306.0
2025-06-30,385.75,396.0,381.75,392.1,228675,EQ,14391.0,15.89,103727.0
2025-07-01,393.7,396.35,366.75,379.25,323629,EQ,23972.0,13.5,110814.0
2025-07-02,377.75,379.9,367.5,369.6,115016,EQ,9020.0,12.75,51592.0
2025-07-03,367.35,385.65,367.35,382.3,159488,EQ,11370.0,14.03,66792.0
2025-07-04,383.0,385.65,371.65,376.2,104068,EQ,7797.0,13.35,52105.0
2025-07-07,376.0,394.8,371.05,389.95,218308,EQ,15247.0,14.32,97325.0
2025-07-08,387.8,392.15,371.35,378.75,181648,EQ,16739.0,10.85,71311.0
2025-07-09,380.9,387.5,375.0,383.2,112696,EQ,8262.0,13.64,43855.0
2025-07-10,386.0,388.25,374.65,377.75,114167,EQ,7383.0,15.46,48235.0
2025-07-11,377.65,379.75,368.45,370.3,98053,EQ,7336.0,13.37,41985.0
2025-07-14,367.35,378.15,367.35,371.85,111373,EQ,10429.0,10.68,50335.0
2025-07-15,368.65,383.55,368.65,379.65,121813,EQ,7965.0,15.29,70440.0
2025-07-16,380.95,389.35,376.85,387.75,130704,EQ,8065.0,16.21,69262.0
2025-07-17,390.65,391.45,378.35,381.65,89113,EQ,6986.0,12.76,39766.0
2025-07-18,384.35,386.35,377.0,379.8,103137,EQ,6953.0,14.83,49853.0
2025-07-21,378.9,391.35,377.75,389.55,156683,EQ,9709.0,16.14,68386.0
2025-07-22,391.35,394.65,348.55,359.1,584316,EQ,42241.0,13.83,201672.0
2025-07-23,359.1,369.15,357.15,367.5,204396,EQ,12671.0,16.13,90754.0
2025-07-24,368.35,372.95,360.35,364.6,98173,EQ,6892.0,14.24,49629.0
2025-07-25,364.45,368.85,345.15,348.05,206605,EQ,15135.0,13.65,114037.0
2025-07-28,349.65,354.0,335.3,338.95,180311,EQ,14552.0,12.39,92609.0
2025-07-29,345.35,383.25,343.15,378.15,599039,EQ,39922.0,15.01,197659.0
2025-07-30,370.35,381.35,366.65,369.55,146446,EQ,11463.0,12.78,62116.0
2025-07-31,363.35,374.3,359.7,368.75,134641,EQ,11116.0,12.11,63075.0
2025-08-01,366.65,369.95,357.65,358.6,201182,EQ,14295.0,14.07,92939.0
2025-08-04,355.8,364.65,353.95,359.85,58068,EQ,5262.0,11.04,22245.0
2025-08-05,359.85,363.3,346.65,350.15,129015,EQ,9921.0,13.0,75568.0
2025-08-06,352.95,355.55,337.15,343.85,171706,EQ,11025.0,15.57,105429.0
2025-08-07,343.85,344.55,334.95,342.6,84839,EQ,7054.0,12.03,40709.0
2025-08-08,386.15,386.15,337.05,340.15,121782,EQ,11268.0,10.81,44793.0
2025-08-11,341.65,343.35,336.0,338.85,65036,EQ,5875.0,11.07,31618.0
2025-08-12,338.4,340.5,316.65,323.55,210698,EQ,16548.0,12.73,109094.0
2025-08-13,328.85,335.85,327.05,332.2,108608,EQ,9749.0,11.14,52916.0
2025-08-14,334.95,334.95,325.0,326.2,53372,EQ,4735.0,11.27,32213.0
2025-08-18,335.0,335.0,326.4,328.05,79201,EQ,5738.0,13.8,41417.0
2025-08-19,330.95,336.0,328.35,332.9,65622,EQ,5391.0,12.17,37184.0
2025-08-20,335.0,376.0,331.7,366.25,1102455,EQ,61851.0,17.82,330979.0
2025-08-21,363.35,372.95,363.35,367.15,109369,EQ,7405.0,14.77,43419.0
2025-08-22,367.5,380.9,366.75,374.85,223478,EQ,16945.0,13.19,98417.0
2025-08-25,375.0,378.35,369.65,376.6,88968,EQ,6712.0,13.26,48849.0
2025-08-26,376.35,383.0,365.4,368.95,129551,EQ,9560.0,13.55,56107.0
2025-08-28,368.95,388.35,366.0,386.65,298170,EQ,16383.0,18.2,170423.0
2025-08-29,388.35,401.85,384.35,397.05,500196,EQ,34458.0,14.52,197540.0
2025-09-01,402.95,414.65,377.95,381.8,325691,EQ,24812.0,13.13,116720.0
2025-09-02,384.85,393.35,378.55,382.25,106776,EQ,10814.0,9.87,39732.0
2025-09-03,386.65,405.55,381.3,396.6,252154,EQ,19792.0,12.74,108571.0
2025-09-04,398.0,402.15,391.25,395.95,133419,EQ,11393.0,11.71,57915.0
2025-09-05,399.25,414.0,397.6,409.8,327000,EQ,20244.0,16.15,160694.0
2025-09-08,412.0,415.0,405.15,413.55,811646,EQ,12068.0,67.26,672004.0
2025-09-09,421.65,423.35,410.85,421.7,439443,EQ,14279.0,30.78,233173.0
2025-09-10,423.35,430.65,372.35,383.55,1295997,EQ,65976.0,19.64,446593.0
2025-09-11,366.65,372.65,350.0,352.15,955232,EQ,53874.0,17.73,347346.0
2025-09-12,353.25,363.65,350.75,356.4,265435,EQ,14691.0,18.07,96172.0
2025-09-15,356.4,361.65,351.15,355.85,146294,EQ,8503.0,17.2,55993.0
2025-09-16,358.35,369.2,354.4,363.35,202329,EQ,11663.0,17.35,89977.0
2025-09-17,363.35,368.95,362.55,367.85,113385,EQ,7225.0,15.69,48633.0
2025-09-18,367.85,372.65,358.7,362.25,128829,EQ,6613.0,19.48,61589.0
2025-09-19,361.7,374.0,352.15,362.8,262891,EQ,8077.0,32.55,144247.0
2025-09-22,363.35,371.65,363.3,367.3,88364,EQ,6112.0,14.46,44639.0
2025-09-23,370.0,376.0,365.05,373.15,146208,EQ,7404.0,19.75,78855.0
2025-09-24,378.35,416.25,375.05,412.95,1728092,EQ,80699.0,21.41,467857.0
2025-09-25,414.65,417.5,394.35,397.45,301334,EQ,16934.0,17.79,105482.0
2025-09-26,399.15,402.65,386.3,389.6,206595,EQ,13118.0,15.75,82864.0
2025-09-29,392.05,425.0,392.05,419.3,879476,EQ,47601.0,18.48,290332.0
2025-09-30,423.35,431.35,417.0,423.6,737207,EQ,26907.0,27.4,320533.0
2025-10-01,428.35,439.45,421.15,435.55,606917,EQ,26805.0,22.64,204929.0
2025-10-03,438.25,449.65,428.9,432.25,786663,EQ,32775.0,24.0,277826.0
2025-10-06,441.3,443.35,424.25,426.5,334953,EQ,20627.0,16.24,132041.0
2025-10-07,427.65,429.6,410.35,417.8,315839,EQ,17644.0,17.9,126361.0
2025-10-08,417.85,418.65,408.75,415.25,175551,EQ,10994.0,15.97,89542.0
2025-10-09,418.45,436.0,418.35,429.95,343144,EQ,21603.0,15.88,102518.0
2025-10-10,432.8,433.35,421.65,423.35,145745,EQ,9182.0,15.87,60820.0
2025-10-13,423.35,431.35,417.15,429.15,126617,EQ,9733.0,13.01,54468.0
2025-10-14,432.65,437.55,418.4,420.9,141518,EQ,11986.0,11.81,61215.0
2025-10-15,421.6,433.3,417.25,431.75,226169,EQ,15255.0,14.83,86021.0
2025-10-16,435.0,441.65,427.5,431.35,437809,EQ,26658.0,16.42,144255.0
2025-10-17,430.65,433.3,410.85,413.85,246936,EQ,20335.0,12.14,108447.0
2025-10-20,413.65,415.0,402.7,408.65,137496,EQ,11702.0,11.75,53018.0
2025-10-21,409.25,426.65,407.15,422.25,69326,EQ,5552.0,12.49,35372.0
2025-10-23,424.3,426.0,413.05,415.45,99594,EQ,6591.0,15.11,36448.0
2025-10-24,415.45,423.35,413.55,417.55,113920,EQ,7349.0,15.5,42933.0
2025-10-27,419.35,422.15,413.15,419.6,94208,EQ,6201.0,15.19,49885.0
2025-10-28,422.65,430.3,411.0,417.35,201536,EQ,15644.0,12.88,53167.0
2025-10-29,418.95,419.95,410.8,418.05,80770,EQ,4559.0,17.72,36668.0
2025-10-30,420.0,420.2,413.35,416.8,35016,EQ,2556.0,13.7,17602.0
2025-10-31,418.35,422.0,411.7,418.55,101704,EQ,5309.0,19.16,61081.0
2025-11-03,421.65,424.85,417.0,421.45,68762,EQ,3630.0,18.94,36107.0
2025-11-04,425.65,425.65,406.05,408.95,63031,EQ,4186.0,15.06,33905.0
2025-11-06,409.65,411.05,383.4,388.15,168161,EQ,9351.0,17.98,84380.0
2025-11-07,386.65,397.35,385.35,395.4,98275,EQ,5390.0,18.23,46835.0
2025-11-10,394.9,398.8,368.0,380.15,279308,EQ,14486.0,19.28,129783.0
2025-11-11,384.3,394.95,378.35,384.25,157202,EQ,7942.0,19.79,76675.0
2025-11-12,388.75,392.75,384.35,391.25,51323,EQ,3362.0,15.27,26875.0
2025-11-13,391.05,396.25,381.35,383.7,68972,EQ,4529.0,15.23,31316.0
2025-11-14,383.7,389.45,383.15,384.05,43903,EQ,3207.0,13.69,21969.0
2025-11-17,383.35,394.45,383.05,391.6,85140,EQ,3872.0,21.99,57070.0
2025-11-18,391.6,400.25,388.75,398.1,99457,EQ,4897.0,20.31,49745.0
2025-11-19,398.65,399.25,390.75,394.3,73618,EQ,4423.0,16.64,28992.0
2025-11-20,395.25,396.45,386.1,392.05,71224,EQ,5362.0,13.28,24359.0
2025-11-21,392.4,392.45,378.95,381.4,53684,EQ,3833.0,14.01,30451.0
2025-11-24,381.75,384.25,368.6,372.8,103948,EQ,4957.0,20.97,60479.0
2025-11-25,370.0,379.95,370.0,372.55,70753,EQ,3653.0,19.37,37107.0
2025-11-26,373.2,388.35,373.05,385.8,88039,EQ,4715.0,18.67,57483.0
2025-11-27,385.8,388.3,381.5,384.85,74427,EQ,4313.0,17.26,51506.0
2025-11-28,383.35,394.0,381.0,390.9,65277,EQ,3499.0,18.66,46665.0
2025-12-01,393.95,405.95,389.4,395.05,136771,EQ,7548.0,18.12,75671.0
2025-12-02,396.65,396.65,388.05,390.85,56250,EQ,4067.0,13.83,37466.0
2025-12-03,389.65,389.65,376.5,377.4,54661,EQ,4101.0,13.33,30563.0
2025-12-04,379.65,383.55,369.65,375.65,77183,EQ,6521.0,11.84,36169.0
2025-12-05,376.05,384.65,374.05,380.55,41104,EQ,3321.0,12.38,19221.0
2025-12-08,376.85,379.55,368.75,369.55,65777,EQ,3768.0,17.46,44946.0
2025-12-09,368.35,372.35,356.95,364.95,86237,EQ,6189.0,13.93,36624.0
2025-12-10,370.0,375.0,361.35,363.3,38123,EQ,3033.0,12.57,19542.0
2025-12-11,363.3,369.35,358.0,364.15,58225,EQ,4257.0,13.68,31542.0
2025-12-12,368.15,370.8,362.05,365.4,40570,EQ,3741.0,10.84,24174.0
2025-12-15,370.85,375.15,361.65,369.85,104636,EQ,5146.0,20.33,57662.0
2025-12-16,369.65,369.65,356.65,358.85,54986,EQ,3910.0,14.06,32656.0
2025-12-17,358.85,360.5,346.7,350.4,47466,EQ,4076.0,11.65,27165.0
2025-12-18,350.4,351.6,338.35,339.95,82353,EQ,7404.0,11.12,40262.0
2025-12-19,340.0,352.5,339.65,349.75,45033,EQ,4143.0,10.87,21560.0
2025-12-22,355.0,355.35,346.7,351.3,73630,EQ,5573.0,13.21,39092.0
2025-12-23,351.3,357.55,351.3,353.4,43679,EQ,3464.0,12.61,23825.0
2025-12-24,353.75,355.5,349.35,352.05,38245,EQ,2943.0,13.0,23212.0
2025-12-26,352.35,352.4,345.0,346.15,31158,EQ,3518.0,8.86,16961.0
2025-12-29,346.15,359.35,342.8,350.1,94773,EQ,7850.0,12.07,41560.0
2025-12-30,348.4,352.2,339.45,350.2,101180,EQ,5444.0,18.59,59040.0
2025-12-31,342.05,367.35,339.0,362.55,174506,EQ,11665.0,14.96,85275.0
2026-01-01,365.1,365.1,354.35,354.9,40341,EQ,3361.0,12.0,20637.0
2026-01-02,354.9,359.95,351.65,358.15,43065,EQ,3505.0,12.29,24090.0
2026-01-05,356.35,369.65,355.4,366.75,148116,EQ,5532.0,26.77,109189.0
2026-01-06,366.75,373.15,362.65,364.2,70248,EQ,4327.0,16.23,39966.0
2026-01-07,363.95,363.95,353.3,354.6,56636,EQ,4618.0,12.26,29980.0
2026-01-08,351.25,354.95,343.35,344.85,42393,EQ,3495.0,12.13,24034.0
2026-01-09,345.25,371.65,342.35,367.2,239778,EQ,11092.0,21.62,103172.0
2026-01-12,367.0,378.25,355.35,373.55,218007,EQ,14265.0,15.28,78555.0
2026-01-13,376.7,383.35,372.65,381.65,157478,EQ,9371.0,16.8,78067.0
2026-01-14,379.5,383.65,375.25,379.15,59670,EQ,4170.0,14.31,29362.0
2026-01-16,379.15,382.45,368.65,370.95,33756,EQ,2635.0,12.81,18438.0
2026-01-19,368.65,369.05,356.65,359.4,59088,EQ,4420.0,13.37,28118.0
2026-01-20,360.0,369.3,353.75,366.9,108334,EQ,5870.0,18.46,55483.0
2026-01-21,360.05,370.35,354.65,360.55,156459,EQ,8471.0,18.47,84037.0
2026-01-22,360.55,366.0,356.7,358.85,44569,EQ,3296.0,13.52,22059.0
2026-01-23,358.85,359.7,337.45,340.95,57320,EQ,4419.0,12.97,33162.0
2026-01-27,337.4,339.55,329.15,331.85,81913,EQ,5347.0,15.32,48827.0
2026-01-28,334.35,349.65,334.35,346.15,83993,EQ,4490.0,18.71,39014.0
2026-01-29,343.65,350.35,338.75,347.65,56479,EQ,3441.0,16.41,24759.0
2026-01-30,342.45,378.0,340.05,372.9,232695,EQ,9136.0,25.47,145329.0
2026-02-01,374.55,378.05,350.0,353.55,56217,EQ,4130.0,13.61,27655.0
2026-02-02,347.65,358.5,344.15,356.75,46641,EQ,2809.0,16.6,25686.0
2026-02-03,370.5,384.95,366.65,382.5,148176,EQ,7433.0,19.93,99664.0
2026-02-04,379.65,393.0,378.05,387.65,157260,EQ,8249.0,19.06,90492.0
2026-02-05,384.0,388.65,383.35,383.6,21005,EQ,2055.0,10.22,11204.0
2026-02-06,381.65,389.0,381.35,384.0,23071,EQ,2011.0,11.47,13151.0
2026-02-09,380.95,389.95,379.85,382.6,48162,EQ,4126.0,11.67,28079.0
2026-02-10,382.6,386.35,376.1,379.6,33718,EQ,2407.0,14.01,19366.0
2026-02-11,379.6,379.6,363.2,367.05,114564,EQ,4914.0,23.31,57174.0
2026-02-12,365.45,376.0,358.65,373.85,72372,EQ,4411.0,16.41,42319.0
2026-02-13,366.65,376.5,360.0,361.75,126602,EQ,10341.0,12.24,31919.0
2026-02-16,360.0,386.7,360.0,377.55,172838,EQ,9428.0,18.33,89756.0
2026-02-17,379.95,416.35,378.35,405.7,491079,EQ,24221.0,20.27,234083.0
2026-02-18,405.0,416.35,402.65,411.85,205271,EQ,12121.0,16.94,106565.0
2026-02-19,415.95,420.0,402.65,405.45,104232,EQ,6855.0,15.21,50054.0
2026-02-20,401.65,412.15,397.05,401.0,74301,EQ,3928.0,18.92,39737.0
2026-02-23,403.0,408.65,399.65,403.9,74365,EQ,6337.0,11.74,44985.0
2026-02-24,404.0,404.0,386.65,399.45,98336,EQ,8689.0,11.32,47053.0
2026-02-25,400.8,411.3,396.85,401.25,63517,EQ,5073.0,12.52,30364.0
2026-02-26,402.65,408.95,397.0,398.4,39748,EQ,3498.0,11.36,20685.0
2026-02-27,397.0,401.45,390.75,392.25,67971,EQ,4194.0,16.21,28634.0
2026-03-02,370.35,393.55,370.35,378.5,143419,EQ,8925.0,16.07,74557.0
2026-03-04,372.65,374.85,360.0,361.5,153874,EQ,10789.0,14.26,92443.0
2026-03-05,362.0,372.0,356.65,367.85,86455,EQ,6010.0,14.39,41179.0
2026-03-06,366.65,370.2,358.35,360.25,51470,EQ,3929.0,13.1,32094.0
2026-03-09,350.0,356.6,335.5,347.95,128965,EQ,6907.0,18.67,65369.0
2026-03-10,351.0,358.15,348.35,354.85,69058,EQ,4432.0,15.58,32231.0
2026-03-11,359.3,361.8,345.0,346.25,58747,EQ,4354.0,13.49,32215.0
2026-03-12,345.3,354.15,340.7,351.45,66235,EQ,4284.0,15.46,35152.0
2026-03-13,351.45,351.45,338.7,340.8,101078,EQ,5928.0,17.05,58357.0
2026-03-16,336.65,344.4,333.75,341.6,139668,EQ,8953.0,15.6,67824.0
2026-03-17,345.0,354.75,339.3,348.9,57045,EQ,4620.0,12.35,23281.0
2026-03-18,349.0,354.15,348.35,352.45,58990,EQ,3818.0,15.45,31695.0
2026-03-19,345.0,348.0,337.35,338.4,59724,EQ,3649.0,16.37,39569.0
2026-03-20,338.3,347.8,333.65,339.05,75159,EQ,5123.0,14.67,35431.0
2026-03-23,334.65,334.65,305.0,306.6,218318,EQ,12192.0,17.91,111825.0
2026-03-24,318.65,331.0,312.25,324.25,140059,EQ,8183.0,17.12,58520.0
2026-03-25,328.35,342.45,325.65,336.4,93729,EQ,5667.0,16.54,44555.0
2026-03-27,338.65,338.65,325.05,326.65,149234,EQ,9033.0,16.52,92911.0
2026-03-30,327.0,338.75,319.4,328.75,217829,EQ,11866.0,18.36,115175.0
2026-04-01,343.35,349.8,335.4,345.6,76784,EQ,5412.0,14.19,31414.0
2026-04-02,335.0,350.0,331.85,348.6,48682,EQ,3687.0,13.2,22055.0
2026-04-06,348.7,354.4,341.75,350.25,40740,EQ,3701.0,11.01,20157.0
2026-04-07,350.25,356.35,346.25,353.3,43744,EQ,2924.0,14.96,24333.0
2026-04-08,368.9,369.0,358.6,361.5,57742,EQ,3988.0,14.48,29196.0
2026-04-09,363.25,365.05,353.95,357.0,37497,EQ,3762.0,9.97,19102.0
2026-04-10,357.0,374.75,357.0,371.35,106641,EQ,5495.0,19.41,53610.0
2026-04-13,366.6,371.05,357.6,367.0,55658,EQ,3001.0,18.55,32770.0
2026-04-15,373.65,381.15,371.8,378.8,68447,EQ,3165.0,21.63,39812.0
2026-04-16,384.95,408.1,382.2,395.65,244848,EQ,11465.0,21.36,112516.0
2026-04-17,396.65,413.35,396.65,409.7,172985,EQ,6474.0,26.72,107521.0
2026-04-20,409.7,416.7,407.4,409.0,85792,EQ,4062.0,21.12,54262.0
2026-04-21,411.6,418.1,410.55,411.9,80069,EQ,4356.0,18.38,48601.0
2026-04-22,415.0,418.3,406.75,411.35,69071,EQ,3024.0,22.84,36338.0
2026-04-23,411.35,411.8,398.85,403.0,76408,EQ,4216.0,18.12,41258.0
2026-04-24,402.6,405.35,389.0,396.45,54546,EQ,4295.0,12.7,28012.0
2026-04-27,399.25,413.7,397.55,412.25,70948,EQ,4314.0,16.45,39717.0
2026-04-28,414.65,422.8,411.35,416.2,117614,EQ,5612.0,20.96,61211.0
2026-04-29,416.5,429.75,414.8,425.5,139210,EQ,6080.0,22.9,72668.0
2026-04-30,422.65,424.9,409.3,418.2,64799,EQ,3954.0,16.39,29181.0
2026-05-04,424.15,440.0,421.7,433.45,169956,EQ,8508.0,19.98,86683.0
2026-05-05,435.3,463.35,429.15,458.15,509216,EQ,18494.0,27.53,257143.0
2026-05-06,464.15,474.65,460.0,463.7,293770,EQ,15828.0,18.56,134293.0
2026-05-07,466.0,475.5,449.25,468.35,221915,EQ,12101.0,18.34,101239.0
2026-05-08,469.95,491.65,469.95,475.85,457748,EQ,18848.0,24.29,206719.0
2026-05-11,478.55,479.65,460.65,463.25,123053,EQ,8746.0,14.07,65151.0
2026-05-12,455.35,466.15,430.65,435.0,194733,EQ,11430.0,17.04,109615.0
2026-05-13,435.6,448.35,430.0,434.05,148388,EQ,10961.0,13.54,61359.0
2026-05-14,434.05,448.65,431.7,440.85,119665,EQ,10786.0,11.09,55232.0
2026-05-15,453.95,461.55,439.7,443.0,122208,EQ,9664.0,12.65,47718.0
2026-05-18,443.35,449.25,418.35,447.3,201027,EQ,16467.0,12.21,79171.0
2026-05-19,449.65,457.35,444.0,452.75,116556,EQ,9309.0,12.52,56506.0
2026-05-20,450.0,451.65,440.0,449.55,78486,EQ,5978.0,13.13,40275.0
2026-05-21,456.3,483.35,453.65,479.15,582297,EQ,21400.0,27.21,372288.0
2026-05-22,479.35,490.35,475.0,478.55,259570,EQ,13780.0,18.84,121150.0
2026-05-25,482.35,489.95,463.95,472.35,309766,EQ,17221.0,17.99,152210.0
2026-05-26,470.0,485.0,435.0,445.95,1057261,EQ,55384.0,19.09,390040.0
2026-05-27,449.5,464.35,448.35,460.45,225097,EQ,12371.0,18.2,93997.0
2026-05-29,458.35,458.35,427.45,431.8,250201,EQ,14587.0,17.15,140665.0
2026-06-01,433.65,441.35,423.4,439.35,122801,EQ,9277.0,13.24,58573.0
2026-06-02,439.3,445.0,430.0,439.95,74449,EQ,6527.0,11.41,36855.0
2026-06-03,437.7,449.95,432.2,447.85,131828,EQ,10292.0,12.81,62957.0
2026-06-04,447.65,454.65,442.95,448.15,85426,EQ,4787.0,17.85,37016.0
2026-06-05,446.4,464.0,445.35,446.55,138777,EQ,7158.0,19.39,53011.0
2026-06-08,437.65,449.65,436.85,440.75,64902,EQ,5303.0,12.24,29587.0
2026-06-09,441.95,447.65,437.35,444.25,99289,EQ,4670.0,21.26,66694.0
2026-06-10,441.65,450.0,431.7,434.1,78318,EQ,5081.0,15.41,44812.0
2026-06-11,432.0,438.85,423.55,429.7,77347,EQ,6227.0,12.42,40286.0
2026-06-12,435.0,441.65,424.65,437.75,131409,EQ,7063.0,18.61,79786.0
2026-06-15,445.85,449.7,439.0,441.4,66994,EQ,4686.0,14.3,29821.0
2026-06-16,440.35,444.25,435.55,437.9,53773,EQ,4662.0,11.53,28314.0
2026-06-17,438.35,457.85,436.0,450.2,100425,EQ,6229.0,16.12,53897.0
2026-06-18,451.4,455.7,446.15,451.6,60579,EQ,4587.0,13.21,30493.0
2026-06-19,448.45,483.35,444.35,474.45,571773,EQ,23987.0,23.84,249125.0
2026-06-22,494.35,505.35,484.0,494.45,884472,EQ,32723.0,27.03,355822.0
2026-06-23,499.5,500.0,472.55,475.45,189452,EQ,12788.0,14.81,92495.0
2026-06-24,479.85,480.05,468.75,472.6,78874,EQ,5870.0,13.44,37388.0
2026-06-25,474.35,476.65,463.9,468.25,82956,EQ,4997.0,16.6,45631.0
2026-06-29,469.65,496.65,466.0,491.55,1610651,EQ,35722.0,45.09,956343.0
2026-06-30,501.35,508.35,491.7,495.65,290313,EQ,13345.0,21.75,123237.0
2026-07-01,496.95,499.0,487.45,491.6,91814,EQ,5875.0,15.63,54343.0
2026-07-02,494.85,499.65,488.8,496.9,132243,EQ,7085.0,18.67,76498.0
2026-07-03,500.0,512.95,490.0,496.75,227586,EQ,12895.0,17.65,104496.0
2026-07-06,497.35,503.35,490.0,495.8,119281,EQ,7412.0,16.09,56135.0
2026-07-07,494.85,499.65,477.65,494.05,263060,EQ,16291.0,16.15,83235.0
2026-07-08,490.25,503.65,480.0,484.55,193478,EQ,13760.0,14.06,78338.0
2026-07-09,485.05,520.0,485.05,516.6,446905,EQ,21502.0,20.78,215829.0
2026-07-10,524.0,525.0,514.5,521.95,211589,EQ,16634.0,12.72,119866.0
2026-07-13,524.35,557.35,516.85,543.15,783992,EQ,50836.0,15.42,315854.0
2026-07-14,541.65,546.95,525.0,526.5,122209,EQ,12861.0,9.5,56837.0
2026-07-15,530.15,532.1,517.25,524.35,72052,EQ,6346.0,11.35,37355.0
2026-07-16,521.0,527.25,516.25,521.35,76764,EQ,8664.0,8.86,37787.0
2026-07-17,525.15,525.15,507.35,515.55,111255,EQ,10358.0,10.74,58651.0
2026-07-20,515.0,532.35,513.35,520.15,110955,EQ,10517.0,10.55,54638.0
2026-07-21,522.75,530.0,512.65,518.05,117809,EQ,11274.0,10.45,37125.0
2026-07-22,521.15,522.75,512.85,519.0,69272,EQ,9480.0,7.31,33963.0
2026-07-23,523.0,523.0,503.35,508.55,82758,EQ,9760.0,8.48,41546.0
2026-07-24,506.0,511.55,496.05,503.85,93900,EQ,10813.0,8.68,47558.0
2026-07-27,509.6,515.95,501.7,509.2,74674,EQ,7734.0,9.66,41967.0
2026-07-28,516.65,520.35,506.1,508.6,91180,EQ,10394.0,8.77,37594.0
2026-07-29,513.65,516.0,508.75,510.65,51034,EQ,5369.0,9.51,25987.0
2026-07-30,510.0,510.25,491.65,494.9,88585,EQ,9277.0,9.55,52846.0
2026-07-31,494.45,509.35,493.7,505.85,74400,EQ,6428.0,11.57,43565.0
2026-08-03,506.3,511.8,498.75,502.4,132434,EQ,14053.0,9.42,66894.0
2026-08-04,502.4,505.95,499.35,500.75,42163,EQ,3934.0,10.72,26907.0
2026-08-05,501.7,509.65,494.05,499.2,96186,EQ,5997.0,16.04,58621.0
2026-08-06,502.0,524.7,481.65,511.35,1035469,EQ,64673.0,16.01,272262.0
2026-08-07,517.0,531.65,498.35,502.95,517632,EQ,42227.0,12.26,223616.0
2026-08-10,504.75,515.25,491.65,493.2,344737,EQ,27033.0,12.75,179706.0
2026-08-11,482.0,482.95,431.65,443.5,1492136,EQ,68711.0,21.72,641286.0
2026-08-12,446.65,449.95,433.65,435.2,360258,EQ,18263.0,19.73,173466.0
2026-08-13,418.35,434.35,417.35,423.25,388700,EQ,19240.0,20.2,213853.0
2026-08-14,425.0,442.85,422.55,441.55,347558,EQ,19333.0,17.98,171169.0
2026-08-17,445.0,446.9,435.05,437.05,137326,EQ,8463.0,16.23,70057.0
2026-08-18,439.65,448.75,436.65,443.35,224634,EQ,11010.0,20.4,132653.0
2026-08-19,446.65,456.8,438.95,454.45,319719,EQ,14142.0,22.61,173392.0
2026-08-20,461.65,492.35,456.65,479.8,723396,EQ,34204.0,21.15,341137.0
2026-08-21,493.2,494.4,469.8,490.9,646400,EQ,24601.0,26.28,198936.0
