Date,Open,High,Low,Close,Volume,Series,TOTAL_TRADES,QTY_PER_TRADE,DLV_QTY
2006-12-26,49.25,49.25,41.5,45.25,515,EQ,,,
2006-12-27,44.5,45.55,44.5,44.8,121,EQ,,,
2006-12-29,46.6,46.6,45.5,46.0,63,EQ,,,
2007-01-02,45.0,49.65,45.0,48.5,32,EQ,,,
2007-01-03,50.9,52.7,50.0,50.9,532,EQ,,,
2007-01-04,50.0,54.7,50.0,54.1,1005,EQ,,,
2007-01-05,52.0,55.5,52.0,52.85,459,EQ,,,
2007-01-08,52.0,54.85,52.0,54.4,26,EQ,,,
2007-01-09,54.35,54.35,49.95,49.95,31,EQ,,,
2007-01-10,47.55,50.75,46.75,50.7,140,EQ,,,
2007-01-11,48.75,50.0,48.75,50.0,335,EQ,,,
2007-01-12,48.0,52.6,48.0,50.2,14,EQ,,,
2007-01-15,48.55,52.4,48.55,50.5,11,EQ,,,
2007-01-16,50.0,52.45,50.0,51.5,16,EQ,,,
2007-01-17,55.5,56.5,52.0,52.3,215,EQ,,,
2007-01-18,53.3,53.3,51.75,51.75,36,EQ,,,
2007-01-19,52.0,52.4,50.0,50.75,81,EQ,,,
2007-01-22,50.75,56.25,50.0,52.0,15,EQ,,,
2007-01-23,51.25,51.25,48.75,50.05,522,EQ,,,
2007-01-24,51.3,51.3,48.25,48.25,77,EQ,,,
2007-01-25,47.25,49.5,47.25,48.95,24,EQ,,,
2007-01-29,49.95,49.95,49.75,49.75,2,EQ,,,
2007-01-31,48.25,48.25,44.5,44.8,133,EQ,,,
2007-02-01,48.9,48.9,44.0,46.4,75,EQ,,,
2007-02-02,45.5,47.5,44.25,46.9,40,EQ,,,
2007-02-05,45.0,46.25,43.0,45.55,86,EQ,,,
2007-02-06,44.6,44.6,44.5,44.5,51,EQ,,,
2007-02-07,44.0,44.0,42.75,43.1,113,EQ,,,
2007-02-08,43.75,43.75,42.5,42.5,33,EQ,,,
2007-02-09,42.55,42.55,41.45,41.45,61,EQ,,,
2007-02-12,33.65,47.5,33.65,41.9,634,EQ,,,
2007-02-13,39.05,39.75,38.5,38.5,370,EQ,,,
2007-02-14,39.0,39.0,39.0,39.0,3,EQ,,,
2007-02-15,44.75,44.75,39.85,40.1,1074,EQ,,,
2007-02-19,41.25,41.25,41.25,41.25,10,EQ,,,
2007-02-20,38.6,40.9,38.25,39.45,141,EQ,,,
2007-02-21,38.0,40.85,38.0,40.4,57,EQ,,,
2007-02-22,40.25,40.25,40.25,40.25,11,EQ,,,
2007-02-23,38.15,40.15,37.5,37.65,84,EQ,,,
2007-02-26,38.5,41.25,38.25,40.3,1041,EQ,,,
2007-02-27,39.3,41.5,39.05,39.9,459,EQ,,,
2007-02-28,40.0,40.0,37.5,37.5,39,EQ,,,
2007-03-01,37.9,40.0,37.9,38.0,50,EQ,,,
2007-03-02,40.75,40.75,38.5,38.5,46,EQ,,,
2007-03-05,40.2,40.2,35.05,35.1,18,EQ,,,
2007-03-06,40.95,40.95,37.05,37.2,30,EQ,,,
2007-03-07,37.25,38.0,36.75,36.75,100,EQ,,,
2007-03-08,37.5,38.75,36.75,38.7,420,EQ,,,
2007-03-09,37.55,38.7,37.55,38.7,1010,EQ,,,
2007-03-12,37.0,37.0,37.0,37.0,1,EQ,,,
2007-03-13,40.25,40.25,36.6,36.6,800,EQ,,,
2007-03-14,38.75,38.75,35.0,36.25,370,EQ,,,
2007-03-15,36.5,37.25,36.5,37.25,44,EQ,,,
2007-03-16,34.55,34.55,34.5,34.5,20,EQ,,,
2007-03-19,35.75,37.75,35.75,36.25,707,EQ,,,
2007-03-20,35.3,40.75,35.3,36.6,201,EQ,,,
2007-03-21,36.05,36.05,36.05,36.05,10,EQ,,,
2007-03-22,40.0,40.0,37.75,37.75,20,EQ,,,
2007-03-23,38.0,39.0,37.55,39.0,422,EQ,,,
2007-03-26,36.6,39.1,36.6,37.5,1415,EQ,,,
2007-03-28,38.5,38.7,36.95,38.15,1610,EQ,,,
2007-03-30,40.0,40.0,39.5,39.5,14,EQ,,,
2007-04-02,35.85,39.35,35.5,35.6,70,EQ,,,
2007-04-03,35.75,35.75,32.2,35.25,141,EQ,,,
2007-04-04,35.75,37.25,35.55,36.6,230,EQ,,,
2007-04-05,35.5,35.5,35.5,35.5,10,EQ,,,
2007-04-09,37.0,37.5,36.75,37.5,1015,EQ,,,
2007-04-11,39.25,39.25,37.0,37.05,35,EQ,,,
2007-04-12,38.2,38.2,37.5,37.75,90,EQ,,,
2007-04-13,39.5,41.5,39.1,39.1,120,EQ,,,
2007-04-16,40.0,40.45,39.5,39.5,82,EQ,,,
2007-04-17,39.5,40.0,37.5,38.25,244,EQ,,,
2007-04-18,39.25,39.5,39.25,39.5,5,EQ,,,
2007-04-19,37.1,37.1,37.1,37.1,15,EQ,,,
2007-04-20,38.5,39.75,38.1,39.2,244,EQ,,,
2007-04-25,38.5,38.5,38.5,38.5,12,EQ,,,
2007-04-26,36.5,39.0,36.5,38.9,182,EQ,,,
2007-05-03,36.6,36.6,36.6,36.6,100,EQ,,,
2007-05-04,38.5,38.9,37.25,38.15,70,EQ,,,
2007-05-07,38.5,38.5,38.1,38.1,215,EQ,,,
2007-05-08,38.5,38.5,36.75,37.15,25,EQ,,,
2007-05-14,38.5,40.0,38.5,39.5,393,EQ,,,
2007-05-15,40.0,40.0,37.6,39.7,396,EQ,,,
2007-05-16,39.55,41.35,39.55,41.35,657,EQ,,,
2007-05-17,41.25,42.0,40.1,41.3,572,EQ,,,
2007-05-18,41.4,42.1,40.75,41.65,29,EQ,,,
2007-05-21,40.1,40.25,40.0,40.1,79,EQ,,,
2007-05-22,40.0,40.0,40.0,40.0,25,EQ,,,
2007-05-23,40.55,40.55,40.55,40.55,9,EQ,,,
2007-05-24,40.5,41.5,40.0,40.4,151,EQ,,,
2007-05-25,39.75,39.75,39.75,39.75,10,EQ,,,
2007-05-28,39.75,40.5,39.0,40.5,60,EQ,,,
2007-05-30,40.5,40.5,40.15,40.15,40,EQ,,,
2007-05-31,41.5,44.05,41.5,43.5,669,EQ,,,
2007-06-01,44.5,46.25,42.55,43.4,2694,EQ,,,
2007-06-04,44.5,45.0,44.1,44.3,196,EQ,,,
2007-06-05,43.0,45.0,43.0,44.6,182,EQ,,,
2007-06-06,44.75,45.0,43.65,43.75,357,EQ,,,
2007-06-07,43.0,45.0,42.65,44.3,236,EQ,,,
2007-06-08,44.7,48.0,44.0,46.75,277,EQ,,,
2007-06-11,48.5,50.75,46.6,49.2,2588,EQ,,,
2007-06-12,50.0,50.5,49.05,49.75,283,EQ,,,
2007-06-13,49.25,49.75,48.8,49.4,78,EQ,,,
2007-06-14,50.0,52.25,49.0,50.2,787,EQ,,,
2007-06-15,50.05,50.05,45.2,45.2,2229,EQ,,,
2007-06-18,47.5,47.5,41.25,42.65,1980,EQ,,,
2007-06-19,44.6,45.9,43.5,44.65,386,EQ,,,
2007-06-20,46.4,49.0,45.2,45.4,392,EQ,,,
2007-06-21,45.75,46.3,45.5,45.7,1346,EQ,,,
2007-06-22,46.7,46.9,45.8,45.95,157,EQ,,,
2007-06-25,46.5,46.5,41.6,44.55,693,EQ,,,
2007-06-26,43.5,46.0,43.5,45.5,88,EQ,,,
2007-06-27,44.6,44.6,43.5,44.3,200,EQ,,,
2007-06-28,43.8,45.5,43.8,44.2,232,EQ,,,
2007-06-29,44.05,45.0,44.05,44.45,89,EQ,,,
2007-07-02,44.5,45.25,44.5,45.0,1143,EQ,,,
2007-07-03,45.5,45.5,43.25,43.6,668,EQ,,,
2007-07-04,44.0,45.0,44.0,45.0,21,EQ,,,
2007-07-05,43.6,43.6,43.0,43.5,99,EQ,,,
2007-07-06,43.5,43.5,42.0,42.15,594,EQ,,,
2007-07-09,41.5,44.5,38.15,43.2,559,EQ,,,
2007-07-10,44.65,45.5,43.75,44.1,779,EQ,,,
2007-07-11,45.5,45.5,44.0,44.0,127,EQ,,,
2007-07-12,47.35,48.9,44.55,47.6,2034,EQ,,,
2007-07-13,49.25,49.25,47.0,47.25,695,EQ,,,
2007-07-16,48.15,48.25,46.25,47.0,79,EQ,,,
2007-07-17,47.45,48.2,46.25,46.5,270,EQ,,,
2007-07-18,48.2,48.2,46.65,47.4,232,EQ,,,
2007-07-19,47.35,47.7,46.05,47.15,179,EQ,,,
2007-07-20,47.25,47.75,46.05,47.0,459,EQ,,,
2007-07-23,47.5,49.9,47.25,49.0,363,EQ,,,
2007-07-24,50.9,50.9,47.75,49.15,125,EQ,,,
2007-07-25,48.5,48.75,46.15,47.5,678,EQ,,,
2007-07-26,48.5,48.5,47.0,47.2,253,EQ,,,
2007-07-27,47.45,47.45,44.35,46.0,113,EQ,,,
2007-07-30,47.5,47.5,42.8,44.0,761,EQ,,,
2007-07-31,44.0,46.0,43.45,45.6,159,EQ,,,
2007-08-01,44.0,44.0,43.0,43.65,97,EQ,,,
2007-08-02,43.2,43.75,43.2,43.5,33,EQ,,,
2007-08-03,43.35,43.4,42.4,42.45,44,EQ,,,
2007-08-06,40.6,42.5,40.5,42.45,446,EQ,,,
2007-08-07,42.4,43.45,42.1,42.2,124,EQ,,,
2007-08-08,43.5,45.0,43.5,43.7,329,EQ,,,
2007-08-09,45.0,45.1,43.5,43.55,293,EQ,,,
2007-08-10,43.5,44.75,42.25,43.45,327,EQ,,,
2007-08-13,44.45,44.45,44.05,44.4,118,EQ,,,
2007-08-14,44.25,44.25,43.75,43.75,388,EQ,,,
2007-08-16,43.9,44.0,43.0,43.55,268,EQ,,,
2007-08-17,48.5,48.5,41.7,43.05,970,EQ,,,
2007-08-20,43.5,43.5,41.0,41.6,770,EQ,,,
2007-08-21,43.0,43.0,40.5,40.6,148,EQ,,,
2007-08-22,40.05,41.25,39.0,41.2,345,EQ,,,
2007-08-23,41.2,41.25,40.3,40.3,175,EQ,,,
2007-08-24,40.85,42.15,40.85,41.6,74,EQ,,,
2007-08-27,41.3,44.2,41.3,43.45,1200,EQ,,,
2007-08-28,43.75,51.25,43.75,50.3,49691,EQ,,,
2007-08-29,49.25,51.2,48.5,48.85,14818,EQ,,,
2007-08-30,48.75,48.75,46.5,46.85,10014,EQ,,,
2007-08-31,45.4,47.0,45.25,46.0,8999,EQ,,,
2007-09-03,45.75,47.0,42.75,45.2,16324,EQ,,,
2007-09-04,45.6,49.75,45.25,47.7,7849,EQ,,,
2007-09-05,47.75,49.0,46.5,47.5,2908,EQ,,,
2007-09-06,47.0,48.25,46.6,46.65,2454,EQ,,,
2007-09-07,46.25,46.45,45.25,45.6,3058,EQ,,,
2007-09-10,45.5,47.25,43.75,45.25,461,EQ,,,
2007-09-11,44.8,45.5,44.25,44.75,722,EQ,,,
2007-09-12,39.65,46.5,39.65,44.0,903,EQ,,,
2007-09-13,43.55,45.6,43.55,44.8,261,EQ,,,
2007-09-14,45.0,45.0,44.0,44.3,402,EQ,,,
2007-09-17,43.5,44.25,42.55,43.05,415,EQ,,,
2007-09-18,42.75,44.1,42.75,42.95,127,EQ,,,
2007-09-19,43.75,45.0,43.0,44.2,3704,EQ,,,
2007-09-20,43.75,44.05,43.1,43.1,1044,EQ,,,
2007-09-21,43.1,44.15,43.0,43.15,1026,EQ,,,
2007-09-24,43.5,44.0,41.3,41.9,678,EQ,,,
2007-09-25,41.35,43.4,40.05,42.1,816,EQ,,,
2007-09-26,47.0,47.0,41.75,42.75,750,EQ,,,
2007-09-27,43.5,43.5,41.5,42.0,876,EQ,,,
2007-09-28,42.5,43.25,41.75,41.75,458,EQ,,,
2007-10-01,42.5,42.7,41.45,42.0,1404,EQ,,,
2007-10-03,42.5,43.2,42.0,42.5,840,EQ,,,
2007-10-04,38.75,43.7,38.75,42.55,652,EQ,,,
2007-10-05,42.75,48.9,41.5,44.2,7949,EQ,,,
2007-10-08,47.5,47.5,42.0,43.1,1021,EQ,,,
2007-10-09,42.25,43.7,40.25,43.5,1605,EQ,,,
2007-10-10,43.75,43.75,41.9,42.4,1290,EQ,,,
2007-10-11,43.8,43.8,42.25,42.4,716,EQ,,,
2007-10-12,40.25,43.25,40.25,42.6,595,EQ,,,
2007-10-15,41.05,43.25,41.05,43.05,1024,EQ,,,
2007-10-16,42.5,43.25,41.75,42.1,1011,EQ,,,
2007-10-17,40.15,42.5,40.15,40.65,1584,EQ,,,
2007-10-18,41.75,44.75,41.75,42.15,1617,EQ,,,
2007-10-19,42.5,42.5,40.5,40.5,431,EQ,,,
2007-10-22,38.75,40.5,38.5,40.5,314,EQ,,,
2007-10-23,39.25,41.6,38.5,39.6,4177,EQ,,,
2007-10-24,41.25,43.4,39.0,42.05,545,EQ,,,
2007-10-25,42.5,43.45,41.8,42.05,937,EQ,,,
2007-10-26,42.75,43.75,41.25,43.0,1165,EQ,,,
2007-10-29,41.5,41.75,41.5,41.75,20,EQ,,,
2007-10-30,43.75,43.75,41.05,41.25,577,EQ,,,
2007-10-31,41.4,45.9,41.25,44.85,4799,EQ,,,
2007-11-01,45.05,47.5,43.0,44.8,2592,EQ,,,
2007-11-02,41.5,46.75,41.5,44.95,1203,EQ,,,
2007-11-05,40.5,45.6,40.5,42.85,215,EQ,,,
2007-11-06,43.55,44.5,42.8,43.0,310,EQ,,,
2007-11-07,44.75,44.75,40.8,41.5,722,EQ,,,
2007-11-08,43.25,43.25,41.45,43.2,140,EQ,,,
2007-11-09,47.5,47.5,46.2,46.2,26,EQ,,,
2007-11-12,42.5,44.65,41.6,41.6,202,EQ,,,
2007-11-13,43.5,43.5,41.3,41.45,505,EQ,,,
2007-11-14,42.5,43.2,41.55,42.5,187,EQ,,,
2007-11-15,42.1,43.0,42.1,42.25,192,EQ,,,
2007-11-16,42.5,45.0,41.8,42.0,1022,EQ,,,
2007-11-19,47.2,47.75,43.8,46.25,3577,EQ,,,
2007-11-20,47.5,50.7,46.3,48.3,6501,EQ,,,
2007-11-21,48.2,48.75,45.75,46.5,1380,EQ,,,
2007-11-22,47.0,47.0,42.75,44.25,1739,EQ,,,
2007-11-23,46.75,46.75,44.05,44.25,128,EQ,,,
2007-11-26,45.0,46.75,45.0,45.1,247,EQ,,,
2007-11-27,45.0,45.0,43.5,44.5,2828,EQ,,,
2007-11-28,44.5,45.5,43.75,44.2,236,EQ,,,
2007-11-29,43.75,45.0,43.75,45.0,551,EQ,,,
2007-11-30,43.8,44.1,43.5,43.5,358,EQ,,,
2007-12-03,43.75,46.1,42.05,45.25,145,EQ,,,
2007-12-04,42.75,45.0,42.75,43.5,1430,EQ,,,
2007-12-05,43.75,45.25,43.75,44.6,185,EQ,,,
2007-12-06,45.0,46.25,44.0,45.5,2061,EQ,,,
2007-12-07,46.0,46.8,44.5,44.8,1903,EQ,,,
2007-12-10,45.0,46.1,44.25,44.7,951,EQ,,,
2007-12-11,45.5,45.9,44.3,44.3,1010,EQ,,,
2007-12-12,43.9,45.6,43.9,44.7,579,EQ,,,
2007-12-13,44.0,45.95,44.0,45.75,1766,EQ,,,
2007-12-14,45.4,48.5,45.4,47.15,1689,EQ,,,
2007-12-17,46.0,51.6,46.0,48.15,9945,EQ,,,
2007-12-18,46.7,48.4,46.7,47.3,2562,EQ,,,
2007-12-19,46.75,49.2,46.75,48.6,2728,EQ,,,
2007-12-20,48.75,48.75,47.5,47.75,2304,EQ,,,
2007-12-24,48.9,48.9,47.5,47.55,445,EQ,,,
2007-12-26,48.0,52.5,47.8,50.9,3843,EQ,,,
2007-12-27,52.5,54.0,51.25,51.75,5107,EQ,,,
2007-12-28,51.75,53.4,51.75,52.9,2184,EQ,,,
2007-12-31,57.0,58.5,53.45,55.95,6954,EQ,,,
2008-01-01,55.5,56.75,54.25,55.1,5086,EQ,,,
2008-01-02,57.9,66.15,53.5,66.15,18312,EQ,,,
2008-01-03,74.7,74.7,62.55,65.45,13902,EQ,,,
2008-01-04,62.5,68.5,60.75,61.55,5744,EQ,,,
2008-01-07,67.25,67.45,61.0,61.1,4008,EQ,,,
2008-01-08,62.5,62.5,54.75,56.25,3620,EQ,,,
2008-01-09,53.05,56.75,52.8,54.15,2269,EQ,,,
2008-01-10,54.5,55.0,51.25,51.75,2207,EQ,,,
2008-01-11,47.8,52.0,47.5,49.7,3053,EQ,,,
2008-01-14,48.1,52.0,48.1,50.0,4025,EQ,,,
2008-01-15,50.5,52.0,50.5,50.75,298,EQ,,,
2008-01-16,48.0,51.25,48.0,48.65,715,EQ,,,
2008-01-17,56.25,56.25,49.3,52.65,1289,EQ,,,
2008-01-18,52.5,52.5,49.4,49.45,1930,EQ,,,
2008-01-21,50.0,50.25,43.75,44.0,680,EQ,,,
2008-01-22,40.0,47.5,37.5,41.85,1815,EQ,,,
2008-01-23,47.0,47.0,36.25,39.5,977,EQ,,,
2008-01-24,40.25,44.65,39.5,41.65,874,EQ,,,
2008-01-25,41.5,44.4,39.8,43.75,693,EQ,,,
2008-01-28,43.75,43.75,40.0,42.4,284,EQ,,,
2008-01-29,43.2,43.2,40.75,41.7,494,EQ,,,
2008-01-30,43.2,43.2,38.75,39.2,565,EQ,,,
2008-01-31,39.0,39.5,35.75,37.0,916,EQ,,,
2008-02-01,37.5,40.0,37.5,39.5,296,EQ,,,
2008-02-04,42.1,42.3,41.25,42.2,852,EQ,,,
2008-02-05,43.5,43.5,41.7,41.7,539,EQ,,,
2008-02-06,40.55,43.7,37.8,41.2,607,EQ,,,
2008-02-07,41.25,46.7,39.8,40.15,948,EQ,,,
2008-02-08,40.25,41.5,37.8,38.1,244,EQ,,,
2008-02-11,38.0,38.0,32.3,32.5,1718,EQ,,,
2008-02-12,36.2,36.2,31.25,32.3,1556,EQ,,,
2008-02-13,34.75,35.0,32.8,34.45,366,EQ,,,
2008-02-14,33.95,35.5,33.95,35.5,299,EQ,,,
2008-02-15,34.75,35.75,34.0,35.7,451,EQ,,,
2008-02-18,37.5,38.0,36.1,38.0,735,EQ,,,
2008-02-19,37.75,38.6,36.5,37.7,826,EQ,,,
2008-02-20,36.75,38.0,36.0,36.4,307,EQ,,,
2008-02-21,40.6,40.7,34.55,36.9,618,EQ,,,
2008-02-22,35.3,37.5,35.3,36.9,724,EQ,,,
2008-02-25,37.2,39.25,37.2,39.2,543,EQ,,,
2008-02-26,39.25,44.95,39.25,42.55,28755,EQ,,,
2008-02-27,43.85,43.85,41.05,41.1,5255,EQ,,,
2008-02-28,41.25,41.75,39.05,40.25,2758,EQ,,,
2008-02-29,40.0,41.0,38.25,38.3,2889,EQ,,,
2008-03-03,38.75,39.05,36.4,37.0,499,EQ,,,
2008-03-04,37.0,37.0,35.3,35.6,429,EQ,,,
2008-03-05,35.9,39.45,35.3,35.6,238,EQ,,,
2008-03-07,41.25,41.25,32.5,35.1,8689,EQ,,,
2008-03-10,34.0,40.0,31.75,33.45,6145,EQ,,,
2008-03-11,36.0,36.25,33.9,34.85,430,EQ,,,
2008-03-12,35.5,36.6,35.5,35.55,257,EQ,,,
2008-03-13,35.5,35.5,33.75,34.1,425,EQ,,,
2008-03-14,33.75,33.75,32.5,33.75,149,EQ,,,
2008-03-17,30.5,32.5,30.5,30.55,932,EQ,,,
2008-03-18,31.25,31.25,30.0,30.0,583,EQ,,,
2008-03-19,31.25,33.0,29.0,29.55,1615,EQ,,,
2008-03-24,30.0,31.0,29.75,30.7,110,EQ,,,
2008-03-25,30.0,31.25,29.75,30.5,1413,EQ,,,
2008-03-26,30.75,30.75,29.0,30.0,157,EQ,,,
2008-03-27,29.65,33.0,29.65,32.0,5177,EQ,,,
2008-03-28,34.1,34.25,32.0,33.0,1299,EQ,,,
2008-03-31,33.75,34.6,32.5,34.5,145,EQ,,,
2008-04-01,33.75,34.95,33.75,34.0,600,EQ,,,
2008-04-02,33.75,35.25,33.75,35.1,271,EQ,,,
2008-04-03,33.5,36.25,32.9,35.65,299,EQ,,,
2008-04-04,33.75,35.1,33.1,33.25,267,EQ,,,
2008-04-07,34.75,37.0,33.25,33.8,782,EQ,,,
2008-04-08,36.2,36.2,33.5,34.5,120,EQ,,,
2008-04-09,32.5,34.9,32.5,34.85,59,EQ,,,
2008-04-10,33.25,35.0,31.6,32.0,1461,EQ,,,
2008-04-11,32.75,33.75,32.75,33.15,262,EQ,,,
2008-04-15,36.25,36.25,33.2,34.1,147,EQ,,,
2008-04-16,35.25,38.75,35.0,35.0,1425,EQ,,,
2008-04-17,37.5,37.5,35.0,37.05,1136,EQ,,,
2008-04-21,35.5,39.5,35.5,39.5,1106,EQ,,,
2008-04-22,38.0,39.5,36.25,38.2,1221,EQ,,,
2008-04-23,38.75,40.25,36.6,36.6,286,EQ,,,
2008-04-24,36.5,36.9,36.5,36.9,190,EQ,,,
2008-04-25,36.75,39.45,36.25,38.0,643,EQ,,,
2008-04-28,37.5,38.0,35.0,36.5,141,EQ,,,
2008-04-29,35.4,37.5,35.4,37.2,160,EQ,,,
2008-04-30,36.25,36.55,36.25,36.55,154,EQ,,,
2008-05-02,37.55,40.25,34.1,34.65,836,EQ,,,
2008-05-05,36.2,36.95,34.0,34.1,467,EQ,,,
2008-05-06,34.5,34.5,33.75,33.75,710,EQ,,,
2008-05-07,35.25,35.25,35.25,35.25,19,EQ,,,
2008-05-08,33.75,34.0,33.5,34.0,19,EQ,,,
2008-05-09,35.25,35.25,34.75,34.75,116,EQ,,,
2008-05-12,33.5,33.75,32.25,33.75,909,EQ,,,
2008-05-13,33.75,34.9,33.75,34.9,70,EQ,,,
2008-05-14,34.5,35.5,32.6,32.9,268,EQ,,,
2008-05-15,32.9,35.4,32.9,35.25,266,EQ,,,
2008-05-16,35.0,35.25,33.8,33.95,570,EQ,,,
2008-05-20,33.75,35.1,33.75,35.05,205,EQ,,,
2008-05-21,35.5,35.5,32.8,33.8,460,EQ,,,
2008-05-22,37.0,37.0,33.25,34.25,319,EQ,,,
2008-05-23,34.1,34.1,34.1,34.1,55,EQ,,,
2008-05-26,34.5,34.5,34.5,34.5,65,EQ,,,
2008-05-27,33.0,34.25,31.8,31.95,407,EQ,,,
2008-05-28,32.5,32.5,31.75,32.0,177,EQ,,,
2008-05-29,31.5,33.5,31.5,33.25,42,EQ,,,
2008-05-30,31.5,33.5,31.25,32.5,681,EQ,,,
2008-06-02,32.75,32.75,32.75,32.75,200,EQ,,,
2008-06-03,33.75,34.2,30.0,31.1,506,EQ,,,
2008-06-04,32.65,32.65,30.0,30.4,540,EQ,,,
2008-06-05,30.5,31.75,29.75,31.75,42,EQ,,,
2008-06-09,31.2,31.25,30.5,31.25,118,EQ,,,
2008-06-10,30.0,32.45,30.0,30.0,121,EQ,,,
2008-06-11,29.75,32.1,29.6,29.6,174,EQ,,,
2008-06-13,30.0,35.55,30.0,35.55,408,EQ,,,
2008-06-16,42.65,42.65,41.75,42.3,25139,EQ,,,
2008-06-17,43.75,43.75,38.9,39.35,13207,EQ,,,
2008-06-18,39.8,47.0,39.2,42.2,11549,EQ,,,
2008-06-19,43.0,43.2,41.5,42.15,7033,EQ,,,
2008-06-20,45.55,45.55,38.75,39.5,7987,EQ,,,
2008-06-23,40.0,41.6,40.0,40.8,4824,EQ,,,
2008-06-24,42.5,43.5,36.75,36.75,20047,EQ,,,
2008-06-25,36.5,40.0,36.5,39.35,18072,EQ,,,
2008-06-26,41.5,41.6,38.05,38.75,14184,EQ,,,
2008-06-27,38.25,38.4,37.25,37.7,4820,EQ,,,
2008-06-30,38.0,38.0,34.3,35.1,2188,EQ,,,
2008-07-01,37.75,37.75,32.0,32.65,1728,EQ,,,
2008-07-02,34.45,34.45,29.55,31.6,1476,EQ,,,
2008-07-03,31.5,33.6,30.0,32.75,4096,EQ,,,
2008-07-04,32.5,33.7,31.75,32.8,773,EQ,,,
2008-07-07,33.75,34.9,32.6,32.95,2748,EQ,,,
2008-07-08,32.1,34.2,32.0,33.9,1396,EQ,,,
2008-07-09,35.0,35.25,32.45,32.95,5814,EQ,,,
2008-07-10,33.7,33.75,33.05,33.4,3717,EQ,,,
2008-07-11,34.65,34.7,32.5,32.75,2263,EQ,,,
2008-07-14,32.05,33.3,32.05,32.6,602,EQ,,,
2008-07-15,34.5,34.5,32.25,32.5,1345,EQ,,,
2008-07-16,33.25,33.8,32.0,32.95,1071,EQ,,,
2008-07-17,32.5,34.5,32.5,33.55,478,EQ,,,
2008-07-18,32.0,35.65,32.0,34.65,2145,EQ,,,
2008-07-21,34.7,34.7,33.6,34.15,256,EQ,,,
2008-07-22,33.1,35.0,33.1,34.5,724,EQ,,,
2008-07-23,35.0,36.7,35.0,35.5,724,EQ,,,
2008-07-24,36.9,37.15,36.25,36.5,2831,EQ,,,
2008-07-25,36.0,36.7,32.5,36.45,3019,EQ,,,
2008-07-28,36.75,37.5,36.25,36.8,2105,EQ,,,
2008-07-29,36.75,38.15,36.75,37.15,175,EQ,,,
2008-07-30,37.75,38.75,37.75,38.0,215,EQ,,,
2008-07-31,37.5,38.2,37.5,37.5,875,EQ,,,
2008-08-01,37.5,38.5,31.3,37.05,495,EQ,,,
2008-08-04,37.5,37.85,35.1,36.5,1135,EQ,,,
2008-08-05,38.25,38.5,36.65,37.0,260,EQ,,,
2008-08-06,37.4,37.4,37.0,37.25,574,EQ,,,
2008-08-07,37.0,37.9,35.0,36.2,2298,EQ,,,
2008-08-08,37.7,37.75,36.25,37.0,606,EQ,,,
2008-08-11,37.5,38.25,37.0,37.65,558,EQ,,,
2008-08-12,37.5,37.5,37.3,37.5,323,EQ,,,
2008-08-13,37.3,38.0,37.3,38.0,826,EQ,,,
2008-08-14,37.4,38.6,36.1,37.7,1172,EQ,,,
2008-08-18,37.5,38.45,37.1,37.7,948,EQ,,,
2008-08-19,36.75,42.25,35.75,37.0,876,EQ,,,
2008-08-20,38.0,38.0,37.0,37.3,199,EQ,,,
2008-08-21,36.75,38.0,35.75,36.1,486,EQ,,,
2008-08-22,35.75,37.5,35.4,35.9,270,EQ,,,
2008-08-25,35.4,38.0,35.4,36.1,880,EQ,,,
2008-08-26,35.4,36.25,35.4,35.55,376,EQ,,,
2008-08-27,36.25,36.95,35.4,35.4,200,EQ,,,
2008-08-28,37.1,42.35,36.25,36.75,920,EQ,,,
2008-08-29,37.75,37.75,37.0,37.05,325,EQ,,,
2008-09-01,38.45,38.5,36.05,36.85,1533,EQ,,,
2008-09-02,37.2,38.0,36.0,36.6,2788,EQ,,,
2008-09-04,36.5,37.5,36.5,36.75,403,EQ,,,
2008-09-05,36.75,38.0,36.5,37.35,755,EQ,,,
2008-09-08,38.5,38.5,37.5,37.7,1107,EQ,,,
2008-09-09,36.85,38.0,36.85,37.2,532,EQ,,,
2008-09-10,37.2,37.7,36.9,36.9,262,EQ,,,
2008-09-11,44.0,44.0,31.25,36.55,1702,EQ,,,
2008-09-12,37.95,37.95,35.85,36.2,294,EQ,,,
2008-09-15,37.0,37.0,33.0,35.25,648,EQ,,,
2008-09-16,35.0,35.0,32.5,33.2,2228,EQ,,,
2008-09-17,33.05,33.2,32.05,32.5,723,EQ,,,
2008-09-18,32.1,37.0,30.85,33.75,1202,EQ,,,
2008-09-19,33.25,34.5,33.25,33.7,431,EQ,,,
2008-09-22,35.75,35.75,33.55,34.05,748,EQ,,,
2008-09-23,34.1,34.1,33.0,33.2,687,EQ,,,
2008-09-24,34.0,34.25,33.75,33.95,90,EQ,,,
2008-09-25,33.5,34.6,32.75,33.8,1537,EQ,,,
2008-09-26,33.1,34.0,32.5,32.95,1035,EQ,,,
2008-09-29,32.6,32.6,30.8,31.3,1332,EQ,,,
2008-09-30,32.75,32.75,29.25,31.1,871,EQ,,,
2008-10-01,31.25,34.5,30.8,31.2,1680,EQ,,,
2008-10-03,31.4,31.75,30.0,30.2,3285,EQ,,,
2008-10-06,28.0,31.5,27.5,30.95,2181,EQ,,,
2008-10-07,31.0,31.0,27.0,28.8,1342,EQ,,,
2008-10-08,24.75,29.7,23.05,24.05,1566,EQ,,,
2008-10-10,23.0,26.5,21.7,22.5,293,EQ,,,
2008-10-13,26.8,26.8,21.85,23.25,774,EQ,,,
2008-10-14,24.0,25.05,24.0,24.2,356,EQ,,,
2008-10-15,22.6,27.5,21.05,25.3,80,EQ,,,
2008-10-16,21.5,23.0,20.5,23.0,969,EQ,,,
2008-10-17,23.0,23.0,19.05,21.5,1382,EQ,,,
2008-10-20,21.5,24.5,19.7,19.85,576,EQ,,,
2008-10-21,23.4,23.4,21.25,23.0,308,EQ,,,
2008-10-22,21.25,22.0,21.0,21.6,582,EQ,,,
2008-10-23,21.0,25.85,20.5,23.9,986,EQ,,,
2008-10-24,22.25,22.25,19.1,19.1,725,EQ,,,
2008-10-27,19.0,19.5,17.3,19.4,277,EQ,,,
2008-10-28,19.5,23.3,17.5,20.75,356,EQ,,,
2008-10-29,20.0,24.5,18.75,19.1,190,EQ,,,
2008-10-31,20.05,21.7,19.0,20.75,865,EQ,,,
2008-11-03,21.5,22.25,21.5,21.5,410,EQ,,,
2008-11-04,21.25,22.2,19.2,22.2,180,EQ,,,
2008-11-05,21.25,26.5,21.25,24.0,125,EQ,,,
2008-11-06,22.8,22.8,19.5,22.0,855,EQ,,,
2008-11-07,21.05,23.0,21.05,23.0,165,EQ,,,
2008-11-10,21.0,22.9,21.0,21.75,1839,EQ,,,
2008-11-11,21.75,22.0,21.5,22.0,170,EQ,,,
2008-11-12,21.0,22.0,21.0,22.0,1945,EQ,,,
2008-11-14,21.0,22.0,21.0,21.0,1038,EQ,,,
2008-11-17,21.0,21.5,21.0,21.0,2942,EQ,,,
2008-11-18,21.0,21.05,21.0,21.0,710,EQ,,,
2008-11-19,20.0,21.0,20.0,21.0,586,EQ,,,
2008-11-20,20.95,21.5,20.05,21.3,7351,EQ,,,
2008-11-21,20.25,20.25,18.5,18.95,476,EQ,,,
2008-11-24,18.0,20.0,18.0,19.2,358,EQ,,,
2008-11-25,20.0,20.0,18.5,19.7,337,EQ,,,
2008-11-26,18.5,19.0,16.5,19.0,323,EQ,,,
2008-11-28,18.25,18.25,16.7,17.0,154,EQ,,,
2008-12-01,16.0,17.35,16.0,17.35,301,EQ,,,
2008-12-02,14.8,16.5,14.8,16.4,872,EQ,,,
2008-12-03,15.5,17.8,15.5,17.5,776,EQ,,,
2008-12-04,17.3,18.25,17.25,17.5,570,EQ,,,
2008-12-05,17.0,18.0,16.65,17.0,886,EQ,,,
2008-12-08,17.75,18.0,17.0,17.5,832,EQ,,,
2008-12-10,17.45,18.5,17.45,17.5,146,EQ,,,
2008-12-11,18.0,18.0,18.0,18.0,39,EQ,,,
2008-12-12,18.5,21.5,18.5,18.55,520,EQ,,,
2008-12-15,19.0,19.5,19.0,19.5,251,EQ,,,
2008-12-16,19.5,19.5,18.55,19.45,204,EQ,,,
2008-12-17,20.0,22.75,19.45,21.25,3025,EQ,,,
2008-12-18,19.25,21.8,19.25,21.55,839,EQ,,,
2008-12-19,21.0,22.0,20.1,20.1,270,EQ,,,
2008-12-22,21.2,21.25,20.25,20.3,398,EQ,,,
2008-12-23,20.3,21.15,20.3,21.0,605,EQ,,,
2008-12-24,20.6,22.5,20.0,21.7,655,EQ,,,
2008-12-26,22.25,22.25,21.3,22.0,612,EQ,,,
2008-12-29,22.75,23.5,22.25,23.2,1204,EQ,,,
2008-12-30,24.5,24.5,22.75,23.5,888,EQ,,,
2008-12-31,22.0,23.45,22.0,22.0,754,EQ,,,
2009-01-01,20.9,25.9,20.35,24.05,1331,EQ,,,
2009-01-02,22.05,23.75,21.7,22.9,891,EQ,,,
2009-01-05,24.2,24.2,23.0,23.0,550,EQ,,,
2009-01-06,22.5,23.65,22.25,22.5,1181,EQ,,,
2009-01-07,22.5,22.5,20.0,20.2,675,EQ,,,
2009-01-09,20.5,21.0,20.05,20.8,104,EQ,,,
2009-01-12,20.25,21.9,18.0,20.0,832,EQ,,,
2009-01-13,18.1,20.0,18.0,18.3,660,EQ,,,
2009-01-14,17.5,19.2,17.5,18.4,2589,EQ,,,
2009-01-15,18.95,19.0,18.2,18.2,500,EQ,,,
2009-01-16,17.6,19.7,17.6,18.2,815,EQ,,,
2009-01-19,18.0,18.1,17.55,18.05,768,EQ,,,
2009-01-20,18.0,18.9,18.0,18.9,312,EQ,,,
2009-01-21,16.55,18.8,16.55,17.75,1209,EQ,,,
2009-01-22,17.25,17.25,17.25,17.25,88,EQ,,,
2009-01-23,17.5,17.75,17.0,17.2,332,EQ,,,
2009-01-27,16.5,17.6,16.5,17.6,390,EQ,,,
2009-01-28,19.0,19.0,16.5,16.8,530,EQ,,,
2009-01-29,16.2,17.85,16.2,17.8,67,EQ,,,
2009-01-30,17.0,17.9,17.0,17.9,368,EQ,,,
2009-02-02,17.0,17.0,16.25,16.25,644,EQ,,,
2009-02-03,17.0,17.95,15.8,17.55,2086,EQ,,,
2009-02-04,17.5,17.5,17.5,17.5,503,EQ,,,
2009-02-05,17.55,17.55,16.5,17.1,878,EQ,,,
2009-02-06,16.5,18.8,16.5,18.2,403,EQ,,,
2009-02-10,19.95,19.95,18.65,19.1,5551,EQ,,,
2009-02-11,18.0,18.8,18.0,18.15,1086,EQ,,,
2009-02-12,17.65,18.0,17.65,18.0,110,EQ,,,
2009-02-13,20.1,21.6,17.6,19.1,39935,EQ,,,
2009-02-16,19.0,19.05,17.25,17.4,3059,EQ,,,
2009-02-17,17.5,17.5,16.5,16.6,1312,EQ,,,
2009-02-18,16.55,17.05,14.65,16.9,984,EQ,,,
2009-02-19,16.0,17.15,16.0,16.5,675,EQ,,,
2009-02-20,16.25,16.4,15.5,15.8,1014,EQ,,,
2009-02-24,15.0,16.0,15.0,16.0,584,EQ,,,
2009-02-25,16.0,16.0,15.65,15.65,448,EQ,,,
2009-02-26,15.15,15.6,15.1,15.5,311,EQ,,,
2009-02-27,15.0,16.0,15.0,15.0,685,EQ,,,
2009-03-02,15.0,15.0,14.55,14.55,560,EQ,,,
2009-03-03,14.5,14.7,14.25,14.25,385,EQ,,,
2009-03-04,14.5,14.5,13.65,13.9,760,EQ,,,
2009-03-06,13.5,14.3,13.25,13.85,3569,EQ,,,
2009-03-09,14.25,14.25,14.25,14.25,100,EQ,,,
2009-03-12,14.5,14.5,12.8,13.2,1026,EQ,,,
2009-03-13,13.5,14.2,13.25,14.2,500,EQ,,,
2009-03-16,14.25,14.35,13.2,13.25,879,EQ,,,
2009-03-17,13.2,13.75,13.2,13.4,1268,EQ,,,
2009-03-18,13.05,13.9,13.0,13.5,1328,EQ,,,
2009-03-19,14.0,14.55,13.7,14.5,1843,EQ,,,
2009-03-20,13.8,13.8,13.6,13.8,1600,EQ,,,
2009-03-23,15.85,15.85,13.8,14.3,169,EQ,,,
2009-03-24,14.2,14.25,13.4,13.4,2184,EQ,,,
2009-03-25,13.0,14.2,13.0,14.0,577,EQ,,,
2009-03-26,14.95,15.5,13.55,15.2,2534,EQ,,,
2009-03-27,15.95,15.95,15.1,15.1,902,EQ,,,
2009-03-30,14.3,14.4,14.3,14.35,240,EQ,,,
2009-03-31,14.1,16.7,13.3,15.5,845,EQ,,,
2009-04-01,17.8,18.55,17.05,18.55,2218,EQ,,,
2009-04-02,21.8,21.85,19.1,19.6,4031,EQ,,,
2009-04-06,20.5,20.75,20.0,20.55,1028,EQ,,,
2009-04-08,20.7,21.5,19.0,21.0,2562,EQ,,,
2009-04-09,20.0,20.85,19.5,20.15,2471,EQ,,,
2009-04-13,21.0,21.0,19.6,20.0,1060,EQ,,,
2009-04-15,20.8,21.2,20.1,20.7,3118,EQ,,,
2009-04-16,21.5,22.5,18.75,19.5,3551,EQ,,,
2009-04-17,19.0,20.25,18.0,19.1,1708,EQ,,,
2009-04-20,19.95,19.95,19.25,19.5,100,EQ,,,
2009-04-21,19.0,19.9,18.6,19.8,509,EQ,,,
2009-04-22,19.0,20.7,18.75,19.2,446,EQ,,,
2009-04-23,18.0,19.2,18.0,18.8,2380,EQ,,,
2009-04-24,19.0,19.25,18.85,18.85,485,EQ,,,
2009-04-27,19.9,19.9,18.5,18.55,587,EQ,,,
2009-04-28,19.0,19.0,18.25,18.3,450,EQ,,,
2009-04-29,18.25,18.7,17.55,18.6,789,EQ,,,
2009-05-04,17.9,19.65,17.9,18.7,756,EQ,,,
2009-05-05,18.65,18.7,17.8,18.05,3294,EQ,,,
2009-05-06,18.5,18.9,18.5,18.6,740,EQ,,,
2009-05-07,19.0,19.0,18.0,18.8,207,EQ,,,
2009-05-08,18.5,22.5,18.5,19.75,2680,EQ,,,
2009-05-11,19.5,19.9,18.15,18.15,49,EQ,,,
2009-05-12,18.85,21.0,18.1,18.7,2517,EQ,,,
2009-05-13,18.6,19.5,18.6,19.5,501,EQ,,,
2009-05-14,19.0,19.45,18.1,18.85,3264,EQ,,,
2009-05-15,19.25,20.0,19.1,19.8,824,EQ,,,
2009-05-19,20.0,21.5,20.0,21.0,2595,EQ,,,
2009-05-20,22.25,25.2,21.0,25.2,5791,EQ,,,
2009-05-21,27.0,29.0,25.5,26.65,6608,EQ,,,
2009-05-22,27.25,27.25,26.1,26.7,3336,EQ,,,
2009-05-25,27.5,29.4,26.0,29.4,3393,EQ,,,
2009-05-26,32.3,32.35,28.5,28.7,9353,EQ,,,
2009-05-27,29.05,30.5,29.0,30.0,4625,EQ,,,
2009-05-28,30.75,31.5,29.5,30.1,5873,EQ,,,
2009-05-29,30.25,31.0,29.9,30.9,2583,EQ,,,
2009-06-01,31.0,33.5,30.3,33.0,6594,EQ,,,
2009-06-02,33.0,34.9,31.35,32.3,2722,EQ,,,
2009-06-03,33.9,34.0,32.5,33.1,3311,EQ,,,
2009-06-04,32.5,35.0,32.15,34.25,7286,EQ,,,
2009-06-05,33.5,35.6,32.5,32.7,5662,EQ,,,
2009-06-08,32.9,35.0,30.75,31.15,2923,EQ,,,
2009-06-09,29.0,31.9,29.0,31.5,823,EQ,,,
2009-06-10,31.55,32.35,29.6,30.2,5779,EQ,,,
2009-06-11,30.2,30.4,29.0,29.3,779,EQ,,,
2009-06-12,28.9,30.4,27.4,28.15,3013,EQ,,,
2009-06-15,27.6,28.5,26.8,26.8,1190,EQ,,,
2009-06-16,26.4,29.5,26.4,29.3,2325,EQ,,,
2009-06-17,30.5,32.25,29.5,30.5,17769,EQ,,,
2009-06-18,30.5,32.5,27.5,28.6,4009,EQ,,,
2009-06-19,28.55,28.85,27.5,27.75,3100,EQ,,,
2009-06-22,28.0,30.3,28.0,28.65,6228,EQ,,,
2009-06-23,27.75,30.05,27.4,29.8,8896,EQ,,,
2009-06-24,29.5,32.0,29.0,31.1,5522,EQ,,,
2009-06-25,31.95,32.5,30.55,30.9,5196,EQ,,,
2009-06-26,31.5,32.0,30.0,30.75,3699,EQ,,,
2009-06-29,31.5,33.5,30.2,32.6,8693,EQ,,,
2009-06-30,33.75,35.7,31.9,32.15,10044,EQ,,,
2009-07-01,32.5,33.0,31.4,31.95,5866,EQ,,,
2009-07-02,31.5,32.4,30.05,30.8,3790,EQ,,,
2009-07-03,32.45,33.5,30.1,30.4,95765,EQ,,,
2009-07-06,30.2,30.25,27.5,28.0,7079,EQ,,,
2009-07-07,28.5,28.5,25.2,26.15,3475,EQ,,,
2009-07-08,26.0,27.0,23.5,25.2,3806,EQ,,,
2009-07-09,25.2,26.75,25.1,25.35,1392,EQ,,,
2009-07-10,26.0,26.8,24.5,24.7,1051,EQ,,,
2009-07-13,24.5,25.9,22.5,23.1,2702,EQ,,,
2009-07-14,23.5,25.4,23.2,24.45,2111,EQ,,,
2009-07-15,25.0,25.9,25.0,25.65,1185,EQ,,,
2009-07-16,25.7,26.45,25.0,25.05,2145,EQ,,,
2009-07-17,26.1,26.4,25.5,26.1,1551,EQ,,,
2009-07-20,25.75,29.3,25.5,26.5,5855,EQ,,,
2009-07-21,26.75,27.5,26.75,27.35,886,EQ,,,
2009-07-22,27.25,28.0,26.25,26.3,4691,EQ,,,
2009-07-23,28.0,28.0,26.7,27.5,1690,EQ,,,
2009-07-24,27.5,27.75,27.0,27.25,1423,EQ,,,
2009-07-27,27.5,29.4,27.25,27.55,3335,EQ,,,
2009-07-28,26.6,27.5,26.0,27.0,5256,EQ,,,
2009-07-29,28.0,28.0,26.1,26.25,2582,EQ,,,
2009-07-30,26.4,26.4,25.6,25.8,2376,EQ,,,
2009-07-31,26.75,27.9,26.5,26.95,8835,EQ,,,
2009-08-03,26.15,26.95,26.1,26.5,1586,EQ,,,
2009-08-04,25.0,29.5,25.0,27.1,8436,EQ,,,
2009-08-05,25.75,27.9,25.75,26.95,1841,EQ,,,
2009-08-06,26.05,27.7,26.05,26.75,4744,EQ,,,
2009-08-07,26.7,27.2,26.5,26.6,1073,EQ,,,
2009-08-10,26.25,27.45,26.1,26.1,1309,EQ,,,
2009-08-11,25.2,26.9,25.2,25.6,4554,EQ,,,
2009-08-12,25.5,26.2,24.6,25.25,3954,EQ,,,
2009-08-13,27.4,29.0,25.6,28.7,8619,EQ,,,
2009-08-14,29.0,32.45,29.0,31.4,26700,EQ,,,
2009-08-17,33.2,33.2,28.5,29.6,25016,EQ,,,
2009-08-18,30.25,31.25,29.6,30.25,13476,EQ,,,
2009-08-19,30.15,35.4,30.15,32.6,122207,EQ,,,
2009-08-20,33.05,33.7,31.25,31.6,15450,EQ,,,
2009-08-21,31.1,32.7,30.35,31.3,17772,EQ,,,
2009-08-24,31.95,32.1,31.2,31.8,5800,EQ,,,
2009-08-25,31.95,34.6,31.05,32.8,16999,EQ,,,
2009-08-26,33.0,34.75,32.6,34.0,17295,EQ,,,
2009-08-27,34.5,34.5,33.55,34.0,7430,EQ,,,
2009-08-28,34.0,34.95,33.5,33.7,8913,EQ,,,
2009-08-31,33.4,33.4,32.1,32.4,4568,EQ,,,
2009-09-01,32.25,32.9,31.15,31.2,4971,EQ,,,
2009-09-02,32.35,32.35,30.5,31.15,4511,EQ,,,
2009-09-03,31.6,32.5,30.1,31.35,5824,EQ,,,
2009-09-04,31.65,32.1,30.4,30.85,3307,EQ,,,
2009-09-07,31.05,31.85,30.75,31.1,3656,EQ,,,
2009-09-08,31.5,31.5,30.5,30.5,5163,EQ,,,
2009-09-09,30.5,31.5,30.2,30.7,3444,EQ,,,
2009-09-10,31.0,31.35,30.1,30.5,1556,EQ,,,
2009-09-11,30.1,30.25,29.65,30.2,4127,EQ,,,
2009-09-14,29.5,34.75,29.5,33.65,9618,EQ,,,
2009-09-15,35.0,35.0,32.25,32.7,28068,EQ,,,
2009-09-16,32.75,33.5,31.9,32.1,4509,EQ,,,
2009-09-17,32.05,32.45,31.1,31.5,3563,EQ,,,
2009-09-18,31.5,32.0,31.25,31.5,2584,EQ,,,
2009-09-22,32.0,32.0,30.3,31.1,2836,EQ,,,
2009-09-23,31.25,31.45,30.6,30.6,1372,EQ,,,
2009-09-24,30.5,31.7,30.15,30.7,3136,EQ,,,
2009-09-25,30.9,31.25,30.6,30.8,2697,EQ,,,
2009-09-29,30.75,31.75,30.75,31.15,2586,EQ,,,
2009-09-30,31.25,32.4,30.75,31.0,2202,EQ,,,
2009-10-01,30.55,31.8,30.25,30.6,5645,EQ,,,
2009-10-05,30.5,33.0,30.3,30.7,4506,EQ,,,
2009-10-06,31.0,35.25,30.25,33.7,70524,EQ,,,
2009-10-07,33.1,35.0,32.55,33.1,44494,EQ,,,
2009-10-08,32.65,34.1,32.0,32.1,9012,EQ,,,
2009-10-09,32.5,32.5,31.35,31.55,3230,EQ,,,
2009-10-12,31.0,32.65,30.8,31.65,8552,EQ,,,
2009-10-14,31.9,32.45,31.5,31.7,4438,EQ,,,
2009-10-15,32.3,32.3,31.2,31.45,1696,EQ,,,
2009-10-16,31.7,31.9,31.15,31.2,4155,EQ,,,
2009-10-17,30.65,32.4,30.65,31.4,1206,EQ,,,
2009-10-20,31.3,31.9,31.1,31.4,4332,EQ,,,
2009-10-21,31.2,31.7,30.7,30.75,4806,EQ,,,
2009-10-22,30.75,31.25,30.3,30.45,3929,EQ,,,
2009-10-23,30.75,31.4,30.5,31.1,925,EQ,,,
2009-10-26,30.55,32.5,30.5,31.2,11178,EQ,,,
2009-10-27,30.75,31.0,28.8,29.1,4645,EQ,,,
2009-10-28,28.0,30.9,28.0,29.6,1105,EQ,,,
2009-10-29,28.1,29.95,27.0,27.4,11050,EQ,,,
2009-10-30,28.0,28.4,25.95,26.7,4420,EQ,,,
2009-11-03,25.95,27.0,24.2,25.7,4351,EQ,,,
2009-11-04,25.5,26.4,24.75,25.8,1477,EQ,,,
2009-11-05,25.15,26.5,25.15,26.45,1904,EQ,,,
2009-11-06,27.05,27.1,26.45,26.5,690,EQ,,,
2009-11-09,26.1,27.25,25.95,26.75,1683,EQ,,,
2009-11-10,26.75,27.4,26.0,26.05,1754,EQ,,,
2009-11-11,26.0,27.0,25.7,25.75,2208,EQ,,,
2009-11-12,26.9,27.0,26.25,27.0,4700,EQ,,,
2009-11-13,26.8,27.3,26.1,26.3,3496,EQ,,,
2009-11-16,27.4,27.55,26.25,26.7,1381,EQ,,,
2009-11-17,26.3,26.7,26.2,26.7,553,EQ,,,
2009-11-18,26.9,27.0,26.2,26.7,3482,EQ,,,
2009-11-19,27.0,27.6,25.55,25.7,4091,EQ,,,
2009-11-20,25.65,26.5,25.2,26.25,526,EQ,,,
2009-11-23,27.0,27.0,25.55,25.6,2320,EQ,,,
2009-11-24,25.75,26.2,25.6,26.2,630,EQ,,,
2009-11-25,26.1,28.25,25.9,27.7,3032,EQ,,,
2009-11-26,28.0,28.45,26.1,26.25,7247,EQ,,,
2009-11-27,25.2,25.75,24.75,25.55,4374,EQ,,,
2009-11-30,25.2,27.15,25.15,26.75,1012,EQ,,,
2009-12-01,27.0,27.0,26.0,26.25,1786,EQ,,,
2009-12-02,26.3,26.5,26.05,26.25,670,EQ,,,
2009-12-03,26.25,30.5,26.1,28.9,6541,EQ,,,
2009-12-04,28.3,28.75,28.0,28.1,4606,EQ,,,
2009-12-07,28.1,29.25,28.0,28.2,5400,EQ,,,
2009-12-08,28.9,29.75,27.5,28.8,4850,EQ,,,
2009-12-09,29.0,30.5,29.0,30.0,17778,EQ,,,
2009-12-10,30.95,32.0,30.25,31.25,10853,EQ,,,
2009-12-11,30.6,31.7,30.05,30.5,11780,EQ,,,
2009-12-14,30.75,31.5,29.25,29.5,4316,EQ,,,
2009-12-15,29.1,30.0,28.0,28.4,3664,EQ,,,
2009-12-16,28.5,28.5,27.7,28.1,2918,EQ,,,
2009-12-17,27.35,28.8,27.35,28.25,460,EQ,,,
2009-12-18,28.0,28.5,27.0,27.25,3225,EQ,,,
2009-12-21,27.55,28.9,27.5,28.0,5068,EQ,,,
2009-12-22,28.7,30.4,28.0,28.65,12887,EQ,,,
2009-12-23,29.5,30.3,28.45,29.6,10145,EQ,,,
2009-12-24,29.5,30.0,29.2,29.5,6684,EQ,,,
2009-12-29,30.0,32.5,30.0,31.5,23804,EQ,,,
2009-12-30,33.25,33.25,31.1,31.4,13137,EQ,,,
2009-12-31,32.7,32.7,30.65,30.9,7738,EQ,,,
2010-01-04,32.5,32.5,30.65,30.8,4941,EQ,,,
2010-01-05,30.75,31.4,30.25,30.55,4000,EQ,,,
2010-01-06,30.5,31.0,29.8,30.55,9379,EQ,,,
2010-01-07,29.6,31.6,29.6,31.1,6078,EQ,,,
2010-01-08,30.5,31.5,30.3,30.95,5834,EQ,,,
2010-01-11,31.4,32.2,30.4,30.8,6761,EQ,,,
2010-01-12,31.75,31.85,31.0,31.15,9182,EQ,,,
2010-01-13,30.55,31.45,30.55,31.35,973,EQ,,,
2010-01-14,31.75,32.75,31.1,31.5,9122,EQ,,,
2010-01-15,31.55,34.0,31.5,32.9,35199,EQ,,,
2010-01-18,32.9,35.5,32.3,33.8,32976,EQ,,,
2010-01-19,35.8,36.45,33.05,34.65,138903,EQ,,,
2010-01-20,35.9,41.6,35.4,40.6,1101509,EQ,,,
2010-01-21,39.9,39.9,35.5,35.75,116300,EQ,,,
2010-01-22,35.5,35.95,32.5,34.7,82459,EQ,,,
2010-01-25,32.5,37.1,32.5,35.4,99159,EQ,,,
2010-01-27,34.0,35.0,31.4,32.3,34169,EQ,,,
2010-01-28,33.0,33.25,30.5,30.8,30917,EQ,,,
2010-01-29,30.9,31.65,29.0,31.1,28352,EQ,,,
2010-02-01,31.0,33.4,31.0,32.45,37860,EQ,,,
2010-02-02,33.5,34.5,31.5,31.75,21854,EQ,,,
2010-02-03,33.0,33.0,31.65,32.3,12194,EQ,,,
2010-02-04,31.6,32.0,30.3,30.75,15410,EQ,,,
2010-02-05,29.0,29.75,28.6,29.25,15889,EQ,,,
2010-02-06,28.65,30.0,28.65,29.95,1748,EQ,,,
2010-02-08,29.55,31.75,29.55,29.9,30578,EQ,,,
2010-02-09,29.55,30.1,29.1,29.6,14418,EQ,,,
2010-02-10,30.25,30.25,29.05,29.2,13586,EQ,,,
2010-02-11,29.05,35.0,29.05,35.0,316730,EQ,,,
2010-02-15,37.4,41.95,35.5,41.55,2348187,EQ,,,
2010-02-16,42.05,42.05,37.65,38.9,899993,EQ,,,
2010-02-17,39.5,45.9,37.75,43.15,2859009,EQ,,,
2010-02-18,42.85,44.4,41.6,42.6,1156937,EQ,,,
2010-02-19,42.5,44.0,41.1,41.75,618957,EQ,,,
2010-02-22,42.95,42.95,37.6,37.75,667109,EQ,,,
2010-02-23,36.1,37.35,35.1,35.9,713807,EQ,,,
2010-02-24,35.5,37.25,33.4,34.15,1147535,EQ,,,
2010-02-25,34.95,34.95,32.5,32.5,176271,EQ,,,
2010-02-26,32.5,32.5,30.85,30.95,94068,EQ,,,
2010-03-02,31.0,32.2,30.0,31.8,115678,EQ,,,
2010-03-03,31.75,32.25,30.5,31.25,43586,EQ,,,
2010-03-04,31.5,31.75,30.75,31.0,41805,EQ,,,
2010-03-05,31.25,31.4,30.55,31.1,41086,EQ,,,
2010-03-08,31.0,31.7,30.9,31.0,23943,EQ,,,
2010-03-09,30.5,31.05,30.3,30.5,16944,EQ,,,
2010-03-10,30.4,31.6,30.4,30.75,27818,EQ,,,
2010-03-11,31.0,31.0,30.1,30.3,14527,EQ,,,
2010-03-12,30.7,30.7,29.05,29.65,13180,EQ,,,
2010-03-15,29.5,30.0,28.6,28.65,16661,EQ,,,
2010-03-16,28.5,29.25,28.5,29.0,12468,EQ,,,
2010-03-17,27.75,30.0,27.75,29.5,26902,EQ,,,
2010-03-18,29.0,29.9,28.6,28.75,18294,EQ,,,
2010-03-19,28.75,29.15,28.6,28.8,11537,EQ,,,
2010-03-22,28.95,30.0,28.25,28.6,9065,EQ,,,
2010-03-23,28.1,29.25,28.1,28.65,9969,EQ,,,
2010-03-25,28.0,29.1,28.0,28.6,5811,EQ,,,
2010-03-26,28.8,28.8,27.9,28.4,8348,EQ,,,
2010-03-29,28.0,28.4,27.25,27.5,5691,EQ,,,
2010-03-30,27.5,28.25,27.5,27.85,22422,EQ,,,
2010-03-31,27.5,28.25,27.5,27.95,8185,EQ,,,
2010-04-01,28.4,29.1,28.35,28.6,12273,EQ,,,
2010-04-05,29.0,29.9,28.6,29.65,8183,EQ,,,
2010-04-06,29.5,30.7,29.5,30.0,7884,EQ,,,
2010-04-07,29.7,29.9,29.3,29.4,2667,EQ,,,
2010-04-08,29.75,30.45,29.5,29.6,4878,EQ,,,
2010-04-09,29.5,30.0,29.5,29.7,3587,EQ,,,
2010-04-12,30.0,30.7,29.6,29.8,10922,EQ,,,
2010-04-13,29.25,30.5,29.25,29.9,3445,EQ,,,
2010-04-15,30.5,30.5,29.75,29.9,2705,EQ,,,
2010-04-16,29.3,30.0,29.1,29.5,6343,EQ,,,
2010-04-19,29.25,30.25,28.6,29.2,8727,EQ,,,
2010-04-20,30.0,30.0,29.15,29.25,1911,EQ,,,
2010-04-21,29.5,29.95,29.15,29.2,5200,EQ,,,
2010-04-22,29.3,30.2,29.25,29.85,5130,EQ,,,
2010-04-23,30.2,30.25,29.7,30.1,4353,EQ,,,
2010-04-26,30.25,30.55,30.0,30.2,5592,EQ,,,
2010-04-27,30.15,30.3,29.4,29.9,3321,EQ,,,
2010-04-28,29.5,29.9,29.0,29.4,7635,EQ,,,
2010-04-29,29.45,29.95,29.4,29.5,2973,EQ,,,
2010-04-30,30.0,30.0,29.4,29.4,2626,EQ,,,
2010-05-03,29.4,29.7,29.3,29.5,3202,EQ,,,
2010-05-04,29.6,29.6,28.0,28.3,3442,EQ,,,
2010-05-05,27.5,29.0,27.5,28.9,10070,EQ,,,
2010-05-06,29.25,29.4,28.6,29.0,5897,EQ,,,
2010-05-07,27.75,28.65,27.7,27.9,3656,EQ,,,
2010-05-10,29.1,29.4,28.25,28.75,3445,EQ,,,
2010-05-11,28.55,28.95,28.15,28.55,1633,EQ,,,
2010-05-12,29.1,29.1,28.0,28.2,2679,EQ,,,
2010-05-13,28.5,30.0,28.25,29.25,4389,EQ,,,
2010-05-14,28.65,32.15,28.65,30.1,73980,EQ,,,
2010-05-17,29.75,30.0,28.25,29.5,11193,EQ,,,
2010-05-18,29.7,30.7,29.05,29.3,8804,EQ,,,
2010-05-19,28.25,29.2,28.1,28.1,12579,EQ,,,
2010-05-20,29.0,29.1,27.9,28.25,2184,EQ,,,
2010-05-21,27.1,28.0,27.1,27.7,3109,EQ,,,
2010-05-24,28.6,28.6,27.1,27.2,12018,EQ,,,
2010-05-25,26.5,27.8,26.5,27.4,5519,EQ,,,
2010-05-26,27.8,27.8,26.7,27.2,1964,EQ,,,
2010-05-27,27.9,28.2,26.7,27.85,3379,EQ,,,
2010-05-28,27.75,29.2,27.7,28.45,5678,EQ,,,
2010-05-31,27.8,29.75,27.1,29.0,14580,EQ,,,
2010-06-01,28.3,28.95,28.2,28.5,9807,EQ,,,
2010-06-02,28.9,29.0,28.2,28.45,1601,EQ,,,
2010-06-03,28.9,29.5,28.5,29.4,7880,EQ,,,
2010-06-04,29.6,30.0,28.75,29.5,7008,EQ,,,
2010-06-07,28.1,29.0,27.6,28.0,11168,EQ,,,
2010-06-08,28.25,28.6,27.75,27.85,2146,EQ,,,
2010-06-09,27.55,28.75,27.55,28.2,5429,EQ,,,
2010-06-10,28.25,29.2,28.25,28.9,5350,EQ,,,
2010-06-11,29.9,30.2,28.5,29.1,16519,EQ,,,
2010-06-14,28.8,29.4,28.75,29.0,1790,EQ,,,
2010-06-15,28.75,29.5,28.7,29.35,4820,EQ,,,
2010-06-16,28.8,31.35,28.8,30.45,22179,EQ,,,
2010-06-17,30.75,31.7,30.25,31.0,9591,EQ,,,
2010-06-18,31.0,31.25,29.5,29.85,4364,EQ,,,
2010-06-21,29.7,30.7,29.7,30.35,3046,EQ,,,
2010-06-22,30.35,30.9,29.5,29.6,4412,EQ,,,
2010-06-23,29.6,30.7,29.45,30.2,2943,EQ,,,
2010-06-24,30.5,31.5,30.1,30.25,6990,EQ,,,
2010-06-25,30.75,30.95,30.0,30.25,7112,EQ,,,
2010-06-28,30.45,30.5,30.1,30.4,2023,EQ,,,
2010-06-29,30.25,30.7,29.9,29.9,2265,EQ,,,
2010-06-30,29.5,30.3,29.5,29.8,2631,EQ,,,
2010-07-01,30.25,30.4,29.4,29.5,2347,EQ,,,
2010-07-02,30.0,30.0,29.5,29.5,720,EQ,,,
2010-07-05,30.7,30.7,29.0,29.35,1857,EQ,,,
2010-07-06,29.75,30.0,29.4,29.5,2089,EQ,,,
2010-07-07,29.1,30.65,29.1,29.75,1951,EQ,,,
2010-07-08,30.0,30.6,29.9,29.9,2832,EQ,,,
2010-07-09,30.5,30.95,30.0,30.65,7693,EQ,,,
2010-07-12,30.75,31.5,30.45,30.6,4889,EQ,,,
2010-07-13,30.5,30.75,30.25,30.65,4584,EQ,,,
2010-07-14,31.0,32.5,30.55,31.8,33859,EQ,,,
2010-07-15,31.85,35.15,31.3,33.65,111360,EQ,,,
2010-07-16,34.45,34.95,34.25,34.4,57458,EQ,,,
2010-07-19,34.05,34.45,33.5,33.75,11676,EQ,,,
2010-07-20,33.8,36.5,33.3,34.55,173351,EQ,,,
2010-07-21,34.55,35.2,34.05,34.4,16079,EQ,,,
2010-07-22,34.35,34.35,33.6,33.9,5767,EQ,,,
2010-07-23,34.9,34.95,32.6,33.2,17172,EQ,,,
2010-07-26,33.55,34.7,33.15,33.6,33662,EQ,,,
2010-07-27,34.4,34.4,33.15,33.5,3056,EQ,,,
2010-07-28,33.9,33.9,33.0,33.3,8685,EQ,,,
2010-07-29,34.9,34.9,33.0,33.1,7728,EQ,,,
2010-07-30,34.0,34.7,33.05,33.7,27366,EQ,,,
2010-08-02,34.0,34.25,33.7,33.8,5000,EQ,,,
2010-08-03,33.8,34.9,33.5,33.9,8616,EQ,,,
2010-08-04,33.0,33.35,33.0,33.25,6178,EQ,,,
2010-08-05,33.25,35.9,33.0,35.15,48871,EQ,,,
2010-08-06,35.25,35.5,33.25,33.75,15528,EQ,,,
2010-08-09,34.9,34.9,33.6,33.85,5998,EQ,,,
2010-08-10,34.05,34.5,33.3,33.5,2821,EQ,,,
2010-08-11,34.5,34.5,32.55,33.2,11672,EQ,,,
2010-08-12,33.75,33.75,32.85,33.4,4959,EQ,,,
2010-08-13,32.75,33.2,32.4,32.5,10345,EQ,,,
2010-08-16,32.5,32.8,31.9,32.25,6738,EQ,,,
2010-08-17,32.45,32.5,31.25,31.8,4663,EQ,,,
2010-08-18,32.1,32.4,31.8,32.15,965,EQ,,,
2010-08-19,32.5,32.5,32.0,32.2,5701,EQ,,,
2010-08-20,32.7,32.75,32.0,32.15,2870,EQ,,,
2010-08-23,33.45,33.45,31.85,32.0,1408,EQ,,,
2010-08-24,32.5,32.5,31.7,31.75,3341,EQ,,,
2010-08-25,32.5,32.5,31.35,32.05,6827,EQ,,,
2010-08-26,32.5,32.5,31.6,31.8,3305,EQ,,,
2010-08-27,32.5,32.5,31.0,31.2,5811,EQ,,,
2010-08-30,31.7,31.75,30.5,31.2,5775,EQ,,,
2010-08-31,32.75,32.75,30.2,30.5,7892,EQ,,,
2010-09-01,31.4,31.4,30.6,30.7,5624,EQ,,,
2010-09-02,31.0,31.25,30.8,31.1,3132,EQ,,,
2010-09-03,30.7,31.4,30.7,30.85,2580,EQ,,,
2010-09-06,31.5,32.7,30.55,31.9,21787,EQ,,,
2010-09-07,31.6,32.5,31.6,32.0,3654,EQ,,,
2010-09-08,31.95,32.2,31.8,31.8,2157,EQ,,,
2010-09-09,32.4,34.45,31.65,33.8,31034,EQ,,,
2010-09-13,33.9,34.6,32.55,33.1,61872,EQ,,,
2010-09-14,33.4,33.5,32.2,32.4,10340,EQ,,,
2010-09-15,32.5,32.5,31.7,31.7,8915,EQ,,,
2010-09-16,32.45,32.95,31.15,32.35,10816,EQ,,,
2010-09-17,33.4,34.2,32.1,32.75,27193,EQ,,,
2010-09-20,32.5,33.8,32.0,33.35,14353,EQ,,,
2010-09-21,34.35,34.35,32.1,33.6,22514,EQ,,,
2010-09-22,34.5,34.7,32.65,32.85,27626,EQ,,,
2010-09-23,32.85,33.9,32.75,33.35,9756,EQ,,,
2010-09-24,33.9,33.9,32.8,32.9,2118,EQ,,,
2010-09-27,32.5,33.95,32.5,32.5,5283,EQ,,,
2010-09-28,33.4,33.4,32.15,32.7,6166,EQ,,,
2010-09-29,32.75,33.0,31.0,32.0,4844,EQ,,,
2010-09-30,32.5,32.5,32.0,32.0,1635,EQ,,,
2010-10-01,32.7,32.7,31.75,32.1,4568,EQ,,,
2010-10-04,31.6,33.2,31.6,32.35,2665,EQ,,,
2010-10-05,32.85,37.05,32.0,35.25,105536,EQ,,,
2010-10-06,37.45,37.45,34.25,34.5,11970,EQ,,,
2010-10-07,34.55,35.0,33.25,33.5,9306,EQ,,,
2010-10-08,33.55,34.8,32.1,33.75,8867,EQ,,,
2010-10-11,35.0,35.0,33.25,34.9,9193,EQ,,,
2010-10-12,35.5,37.0,34.5,34.75,37507,EQ,,,
2010-10-13,35.0,35.7,34.4,34.8,6608,EQ,,,
2010-10-14,35.7,35.7,33.75,33.95,7414,EQ,,,
2010-10-15,33.5,35.0,33.5,33.8,5670,EQ,,,
2010-10-18,34.5,34.7,33.15,34.15,4936,EQ,,,
2010-10-19,35.2,35.2,33.55,33.85,4683,EQ,,,
2010-10-20,34.9,34.9,33.55,33.75,5934,EQ,,,
2010-10-21,35.0,35.0,33.75,34.35,3262,EQ,,,
2010-10-22,35.0,36.5,33.9,35.65,162413,EQ,,,
2010-10-25,35.5,38.5,35.5,36.55,125999,EQ,,,
2010-10-26,36.9,37.0,35.8,36.1,16306,EQ,,,
2010-10-27,36.45,36.45,35.15,35.5,10239,EQ,,,
2010-10-28,35.9,35.9,35.0,35.4,6814,EQ,,,
2010-10-29,35.25,35.5,34.4,34.45,4717,EQ,,,
2010-11-01,36.0,36.4,34.35,35.5,8127,EQ,,,
2010-11-02,36.0,36.0,34.65,34.75,7128,EQ,,,
2010-11-03,35.75,36.0,34.35,35.35,9899,EQ,,,
2010-11-04,34.9,36.1,34.9,35.45,12370,EQ,,,
2010-11-05,36.0,36.0,35.15,35.85,766,EQ,,,
2010-11-08,35.5,36.6,35.25,35.5,7456,EQ,,,
2010-11-09,36.25,36.5,35.1,36.1,12252,EQ,,,
2010-11-10,36.25,37.25,35.75,36.5,9450,EQ,,,
2010-11-11,38.3,38.3,35.6,37.35,36226,EQ,,,
2010-11-12,38.0,38.0,36.0,36.65,12727,EQ,,,
2010-11-15,37.2,37.2,33.85,35.95,21322,EQ,,,
2010-11-16,36.2,36.9,35.0,35.2,8593,EQ,,,
2010-11-18,35.85,35.85,34.1,34.65,7476,EQ,,,
2010-11-19,34.5,35.0,33.5,33.75,5529,EQ,,,
2010-11-22,33.9,34.4,33.25,34.1,4460,EQ,,,
2010-11-23,34.95,34.95,33.05,33.2,7438,EQ,,,
2010-11-24,34.45,34.45,32.85,33.4,1322,EQ,,,
2010-11-25,32.3,34.0,32.1,32.75,6672,EQ,,,
2010-11-26,33.5,33.5,30.0,31.0,14500,EQ,,,
2010-11-29,31.0,33.0,30.3,31.2,1165,EQ,,,
2010-11-30,31.0,35.0,30.9,32.8,7287,EQ,,,
2010-12-01,33.7,34.5,33.0,33.25,5629,EQ,,,
2010-12-02,34.0,34.75,33.6,34.45,8541,EQ,,,
2010-12-03,35.0,35.0,33.25,33.55,3146,EQ,,,
2010-12-06,34.5,36.9,33.55,34.45,62674,EQ,,,
2010-12-07,35.5,35.5,34.3,34.75,7000,EQ,,,
2010-12-08,35.95,35.95,34.0,34.05,7290,EQ,,,
2010-12-09,34.05,35.45,30.8,31.8,13558,EQ,,,
2010-12-10,32.75,33.1,30.6,32.8,7105,EQ,,,
2010-12-13,34.0,34.0,32.4,32.7,5746,EQ,,,
2010-12-14,33.75,33.75,32.6,33.5,4566,EQ,,,
2010-12-15,33.9,34.5,33.05,33.75,12219,EQ,,,
2010-12-16,33.5,35.0,32.55,33.5,3083,EQ,,,
2010-12-20,33.0,36.3,33.0,34.7,44149,EQ,,,
2010-12-21,35.25,36.2,34.8,35.5,15501,EQ,,,
2010-12-22,36.0,36.0,34.55,34.8,12683,EQ,,,
2010-12-23,35.95,35.95,34.3,34.5,5084,EQ,,,
2010-12-24,35.0,35.25,34.6,34.7,7436,EQ,,,
2010-12-27,35.0,35.65,34.75,35.0,10825,EQ,,,
2010-12-28,35.4,35.4,34.35,35.0,1699,EQ,,,
2010-12-29,35.4,35.4,34.75,35.0,4287,EQ,,,
2010-12-30,33.5,35.95,33.5,34.9,3878,EQ,,,
2010-12-31,35.5,38.6,34.9,37.8,166993,EQ,,,
2011-01-03,38.5,39.4,37.85,38.25,57002,EQ,,,
2011-01-04,39.15,39.15,37.4,37.6,11602,EQ,,,
2011-01-05,38.35,38.35,36.75,37.3,9442,EQ,,,
2011-01-06,38.0,38.0,36.4,36.85,12334,EQ,,,
2011-01-07,37.5,37.5,35.75,36.05,8131,EQ,,,
2011-01-10,36.8,36.8,34.05,34.2,11750,EQ,,,
2011-01-11,34.25,35.4,33.9,34.5,11119,EQ,,,
2011-01-12,34.5,35.7,33.8,35.4,10700,EQ,,,
2011-01-13,35.95,37.65,35.25,36.0,39388,EQ,,,
2011-01-14,35.5,36.2,34.05,34.4,31058,EQ,,,
2011-01-17,35.2,35.2,33.55,33.8,8906,EQ,,,
2011-01-18,34.5,34.9,33.8,34.25,5303,EQ,,,
2011-01-19,35.25,35.25,34.1,34.5,11095,EQ,,,
2011-01-20,33.6,34.9,33.6,34.45,3683,EQ,,,
2011-01-21,36.45,36.45,34.35,34.75,22277,EQ,,,
2011-01-24,34.7,35.7,34.65,35.0,12105,EQ,,,
2011-01-25,34.65,35.15,34.1,34.35,4378,EQ,,,
2011-01-27,34.5,36.7,34.5,35.15,39880,EQ,,,
2011-01-28,35.25,35.3,32.75,33.35,24837,EQ,,,
2011-01-31,33.0,33.3,32.05,32.6,6602,EQ,,,
2011-02-01,32.5,33.85,32.45,32.9,9413,EQ,,,
2011-02-02,32.9,33.4,31.9,32.1,14003,EQ,,,
2011-02-03,32.1,32.1,29.0,29.65,64093,EQ,,,
2011-02-04,30.0,30.75,27.75,29.25,20769,EQ,,,
2011-02-07,30.5,30.5,28.3,28.65,15350,EQ,,,
2011-02-08,28.5,28.5,25.3,25.7,21042,EQ,,,
2011-02-09,25.75,27.1,23.3,25.0,75302,EQ,,,
2011-02-10,26.0,26.2,24.25,24.4,11184,EQ,,,
2011-02-11,24.8,25.75,24.1,25.2,13434,EQ,,,
2011-02-14,25.9,27.0,25.5,26.7,10637,EQ,,,
2011-02-15,26.75,28.25,26.4,27.3,37797,EQ,,,
2011-02-16,28.05,29.0,28.05,28.6,13719,EQ,,,
2011-02-17,28.4,29.85,28.4,29.5,22649,EQ,,,
2011-02-18,30.0,30.95,27.65,28.05,34834,EQ,,,
2011-02-21,27.65,28.7,27.2,28.2,21031,EQ,,,
2011-02-22,28.75,29.1,27.25,28.3,12431,EQ,,,
2011-02-23,28.5,28.7,27.15,27.3,21267,EQ,,,
2011-02-24,27.25,27.9,24.8,25.1,35618,EQ,,,
2011-02-25,25.15,25.7,20.55,21.4,285254,EQ,,,
2011-02-28,21.5,21.8,20.6,21.2,22391,EQ,,,
2011-03-01,21.0,22.25,20.55,21.9,18928,EQ,,,
2011-03-03,21.5,21.9,21.5,21.7,8411,EQ,,,
2011-03-04,24.0,24.0,21.5,21.75,11246,EQ,,,
2011-03-07,21.5,21.5,20.75,20.85,5315,EQ,,,
2011-03-08,21.5,22.25,20.7,21.4,10806,EQ,,,
2011-03-09,21.5,21.9,21.25,21.6,7972,EQ,,,
2011-03-10,21.9,21.9,21.0,21.4,2623,EQ,,,
2011-03-11,20.1,21.9,20.1,21.05,3575,EQ,,,
2011-03-14,21.1,21.8,20.9,21.0,10659,EQ,,,
2011-03-15,21.5,21.8,20.15,20.4,8520,EQ,,,
2011-03-16,21.4,21.45,20.35,20.5,2477,EQ,,,
2011-03-17,20.35,20.5,20.15,20.35,4573,EQ,,,
2011-03-18,20.5,20.6,20.3,20.5,4962,EQ,,,
2011-03-21,21.45,21.45,19.6,20.2,3106,EQ,,,
2011-03-22,20.4,20.6,20.2,20.55,4774,EQ,,,
2011-03-23,20.05,20.5,20.05,20.4,1259,EQ,,,
2011-03-24,20.4,20.6,19.5,20.3,3022,EQ,,,
2011-03-25,20.25,20.55,20.25,20.4,1646,EQ,,,
2011-03-28,20.4,20.4,19.9,20.05,2757,EQ,,,
2011-03-29,20.15,20.9,19.75,20.7,7596,EQ,,,
2011-03-30,22.15,22.15,21.1,21.2,14371,EQ,,,
2011-03-31,20.8,21.25,20.4,20.45,2991,EQ,,,
2011-04-01,20.5,22.75,20.4,22.5,20526,EQ,,,
2011-04-04,23.75,24.9,22.2,24.25,25218,EQ,,,
2011-04-05,23.75,24.5,23.25,23.9,3870,EQ,,,
2011-04-06,23.25,24.25,22.9,23.6,7060,EQ,,,
2011-04-07,23.4,24.0,23.35,23.7,5935,EQ,,,
2011-04-08,23.9,23.95,22.75,22.9,4630,EQ,,,
2011-04-11,23.0,23.9,22.8,23.4,3487,EQ,,,
2011-04-13,22.55,23.75,22.55,23.25,2484,EQ,,,
2011-04-15,22.6,24.4,22.55,22.95,3690,EQ,,,
2011-04-18,22.55,23.55,22.25,22.5,2877,EQ,,,
2011-04-19,22.2,22.9,22.2,22.75,120,EQ,,,
2011-04-20,23.2,23.2,23.0,23.0,1335,EQ,,,
2011-04-21,23.25,23.25,22.55,22.95,1025,EQ,,,
2011-04-25,22.55,24.5,22.55,23.65,13000,EQ,,,
2011-04-26,23.5,24.1,22.5,23.3,13460,EQ,,,
2011-04-27,23.5,23.9,23.15,23.6,2861,EQ,,,
2011-04-28,23.25,23.25,23.05,23.1,6509,EQ,,,
2011-04-29,22.85,23.05,22.8,22.9,765,EQ,,,
2011-05-02,22.65,23.95,22.15,22.55,1468,EQ,,,
2011-05-03,21.55,23.5,21.55,23.15,3832,EQ,,,
2011-05-04,22.5,22.6,21.8,22.0,1327,EQ,,,
2011-05-05,21.6,22.5,21.6,22.0,2422,EQ,,,
2011-05-06,21.3,22.5,21.3,21.95,1266,EQ,,,
2011-05-09,22.25,22.45,22.0,22.25,1926,EQ,,,
2011-05-10,22.9,22.9,21.1,21.4,3993,EQ,,,
2011-05-11,21.0,21.7,20.5,21.5,247,EQ,,,
2011-05-12,21.5,21.5,21.2,21.35,524,EQ,,,
2011-05-13,21.5,22.05,21.5,21.9,1925,EQ,,,
2011-05-16,20.65,22.0,20.65,21.1,1828,EQ,,,
2011-05-17,20.75,21.25,20.05,21.25,2460,EQ,,,
2011-05-18,21.0,21.5,20.55,21.25,2564,EQ,,,
2011-05-19,20.8,21.25,20.8,20.9,358,EQ,,,
2011-05-20,20.2,21.75,20.2,21.4,1283,EQ,,,
2011-05-23,21.6,21.6,20.95,21.0,350,EQ,,,
2011-05-24,20.2,21.25,20.2,20.85,406,EQ,,,
2011-05-25,21.7,21.7,20.85,20.9,2804,EQ,,,
2011-05-26,20.8,21.0,20.5,20.5,342,EQ,,,
2011-05-27,20.25,21.3,20.25,20.6,1895,EQ,,,
2011-05-30,21.0,22.4,21.0,21.7,1987,EQ,,,
2011-05-31,22.9,24.95,22.6,24.3,42284,EQ,,,
2011-06-01,24.3,24.55,23.6,23.75,8896,EQ,,,
2011-06-02,23.8,25.3,23.8,24.3,26147,EQ,,,
2011-06-03,24.2,26.9,24.2,26.1,247950,EQ,,,
2011-06-06,26.35,27.2,25.3,26.0,41936,EQ,,,
2011-06-07,26.0,26.35,26.0,26.05,10750,EQ,,,
2011-06-08,27.2,27.2,23.0,25.4,13686,EQ,,,
2011-06-09,24.9,25.4,24.6,25.0,5663,EQ,,,
2011-06-10,24.5,25.2,24.3,24.5,3276,EQ,,,
2011-06-13,24.0,25.0,24.0,24.7,5008,EQ,,,
2011-06-14,25.0,25.5,24.65,24.9,5961,EQ,,,
2011-06-15,25.4,25.4,24.25,24.7,21504,EQ,,,
2011-06-16,24.3,25.0,24.3,24.8,1472,EQ,,,
2011-06-17,25.0,25.1,24.4,24.55,2949,EQ,,,
2011-06-20,23.1,24.95,22.75,23.1,24626,EQ,,,
2011-06-21,23.5,24.2,23.0,23.4,2486,EQ,,,
2011-06-22,23.25,23.45,22.8,23.25,2775,EQ,,,
2011-06-23,22.75,23.75,22.3,23.35,4280,EQ,,,
2011-06-24,23.5,24.2,23.5,23.9,1845,EQ,,,
2011-06-27,23.0,24.0,23.0,23.6,5612,EQ,,,
2011-06-28,24.0,24.5,23.2,24.4,1194,EQ,,,
2011-06-29,24.4,25.2,23.8,24.7,1590,EQ,,,
2011-06-30,24.2,24.75,24.2,24.45,2197,EQ,,,
2011-07-01,24.9,25.5,24.65,24.75,3315,EQ,,,
2011-07-04,24.6,25.25,24.3,24.6,2533,EQ,,,
2011-07-05,24.6,24.75,23.8,24.1,7092,EQ,,,
2011-07-06,24.5,24.5,24.0,24.0,2132,EQ,,,
2011-07-07,24.0,24.25,23.75,24.2,1338,EQ,,,
2011-07-08,24.2,27.25,24.2,25.2,120327,EQ,,,
2011-07-11,25.0,25.5,25.0,25.3,4866,EQ,,,
2011-07-12,24.5,25.35,24.1,24.7,3646,EQ,,,
2011-07-13,24.75,25.4,24.7,24.8,8513,EQ,,,
2011-07-14,24.75,26.5,24.75,25.7,29959,EQ,,,
2011-07-15,25.15,26.6,25.1,25.25,4487,EQ,,,
2011-07-18,25.05,26.15,25.05,25.9,2601,EQ,,,
2011-07-19,24.5,27.7,24.25,27.0,80314,EQ,,,
2011-07-20,27.45,27.5,26.5,27.0,8746,EQ,,,
2011-07-21,26.4,27.45,26.4,26.7,10005,EQ,,,
2011-07-22,26.7,27.0,26.6,26.75,7176,EQ,,,
2011-07-25,26.8,28.3,26.6,27.4,33695,EQ,,,
2011-07-26,27.9,27.9,26.75,26.9,6150,EQ,,,
2011-07-27,27.0,27.7,26.8,26.9,9159,EQ,,,
2011-07-28,26.8,27.2,26.55,26.75,3542,EQ,,,
2011-07-29,26.5,26.8,25.7,26.1,2568,EQ,,,
2011-08-01,26.0,26.2,24.7,25.9,3762,EQ,,,
2011-08-02,26.4,26.4,25.0,25.1,4996,EQ,,,
2011-08-03,24.5,25.0,24.5,24.9,2658,EQ,,,
2011-08-04,24.9,25.7,24.35,24.6,4266,EQ,,,
2011-08-05,24.35,24.35,21.4,23.75,6336,EQ,,,
2011-08-08,22.5,22.9,21.7,22.0,12178,EQ,,,
2011-08-09,21.0,22.1,20.3,21.55,9704,EQ,,,
2011-08-10,22.0,24.0,22.0,22.25,14424,EQ,,,
2011-08-11,22.25,22.75,21.55,22.0,4566,EQ,,,
2011-08-12,24.0,24.0,22.0,22.4,4368,EQ,,,
2011-08-16,22.9,22.95,21.5,21.55,955,EQ,,,
2011-08-17,21.55,22.75,20.55,21.6,3614,EQ,,,
2011-08-18,21.25,21.7,20.3,20.7,1826,EQ,,,
2011-08-19,20.0,21.15,20.0,20.5,2176,EQ,,,
2011-08-22,19.5,21.2,19.5,21.0,2041,EQ,,,
2011-08-23,20.8,20.95,20.0,20.75,4313,EQ,,,
2011-08-24,20.9,21.8,20.9,20.95,897,EQ,,,
2011-08-25,20.25,21.4,20.25,20.65,1716,EQ,,,
2011-08-26,21.1,21.1,19.75,20.05,7663,EQ,,,
2011-08-29,20.5,21.25,20.25,20.65,2476,EQ,,,
2011-08-30,20.75,21.35,20.75,21.2,869,EQ,,,
2011-09-02,21.05,21.45,20.9,21.0,2321,EQ,,,
2011-09-05,20.45,22.25,20.45,21.85,4048,EQ,,,
2011-09-06,21.75,22.25,21.75,22.05,391,EQ,,,
2011-09-07,21.6,23.1,21.6,22.8,8809,EQ,,,
2011-09-08,23.8,24.2,23.6,23.8,18395,EQ,,,
2011-09-09,24.0,24.0,23.55,23.55,2442,EQ,,,
2011-09-12,23.5,24.0,23.0,23.0,2344,EQ,,,
2011-09-13,22.9,23.1,22.25,22.5,3136,EQ,,,
2011-09-14,22.55,22.75,22.05,22.5,2792,EQ,,,
2011-09-15,22.75,22.9,22.25,22.35,982,EQ,,,
2011-09-16,22.3,22.8,22.2,22.2,2953,EQ,,,
2011-09-19,22.25,22.25,22.1,22.15,760,EQ,,,
2011-09-20,22.35,22.35,22.35,22.35,70,EQ,,,
2011-09-21,24.85,24.85,22.3,23.0,1972,EQ,,,
2011-09-22,22.6,22.6,21.55,21.85,1466,EQ,,,
2011-09-23,21.4,22.5,21.4,21.75,710,EQ,,,
2011-09-26,21.75,22.0,20.25,20.9,3798,EQ,,,
2011-09-27,21.1,21.95,21.05,21.55,2804,EQ,,,
2011-09-28,21.5,21.5,21.25,21.5,374,EQ,,,
2011-09-29,21.0,21.6,20.55,21.25,2103,EQ,,,
2011-09-30,21.05,21.05,20.8,20.8,579,EQ,,,
2011-10-03,21.0,21.5,20.5,20.75,1597,EQ,,,
2011-10-04,20.5,21.55,20.5,20.9,1207,EQ,,,
2011-10-05,20.0,21.2,20.0,20.8,2451,EQ,,,
2011-10-07,22.6,22.6,21.05,21.15,605,EQ,,,
2011-10-10,22.2,22.2,21.4,21.7,2277,EQ,,,
2011-10-11,23.05,23.05,21.9,22.2,1003,EQ,,,
2011-10-12,21.0,22.4,21.0,21.55,3377,EQ,,,
2011-10-13,21.65,22.45,21.65,22.1,2740,EQ,,,
2011-10-14,22.25,22.9,21.65,22.0,6131,EQ,,,
2011-10-17,21.8,22.0,21.8,22.0,263,EQ,,,
2011-10-18,21.75,22.25,21.75,22.1,2419,EQ,,,
2011-10-19,21.9,22.7,21.9,22.25,2745,EQ,,,
2011-10-20,22.0,22.95,22.0,22.75,2363,EQ,,,
2011-10-21,22.25,22.45,21.75,21.9,2614,EQ,,,
2011-10-24,22.45,22.45,21.75,22.0,1973,EQ,,,
2011-10-25,22.0,22.5,21.3,22.0,2276,EQ,,,
2011-10-26,22.0,22.45,21.5,22.45,242,EQ,,,
2011-10-28,22.45,22.95,22.05,22.05,7811,EQ,,,
2011-10-31,22.05,22.75,22.0,22.5,1631,EQ,,,
2011-11-01,22.5,22.6,22.1,22.5,3121,EQ,,,
2011-11-02,22.5,22.7,22.05,22.45,4591,EQ,,,
2011-11-03,22.7,22.75,22.2,22.55,2606,EQ,,,
2011-11-04,23.0,23.6,22.9,23.2,4309,EQ,,,
2011-11-08,22.4,23.5,21.25,23.35,818,EQ,,,
2011-11-09,23.5,23.6,22.85,23.05,2651,EQ,,,
2011-11-11,22.5,22.9,22.25,22.3,668,EQ,,,
2011-11-14,22.3,23.0,21.9,22.5,3127,EQ,,,
2011-11-15,22.05,22.5,21.55,21.7,539,EQ,,,
2011-11-16,21.25,22.0,21.0,21.3,1055,EQ,,,
2011-11-17,21.4,22.0,20.5,21.15,3180,EQ,,,
2011-11-18,20.5,20.6,19.3,19.5,13657,EQ,,,
2011-11-21,19.75,20.2,19.55,20.0,2174,EQ,,,
2011-11-22,20.0,21.0,19.5,19.9,1189,EQ,,,
2011-11-23,19.95,19.95,19.55,19.8,900,EQ,,,
2011-11-24,19.7,19.7,19.1,19.35,2406,EQ,,,
2011-11-25,19.35,19.6,19.25,19.25,2820,EQ,,,
2011-11-28,19.35,20.0,19.35,20.0,987,EQ,,,
2011-11-29,20.0,20.4,20.0,20.2,517,EQ,,,
2011-11-30,20.5,21.5,20.1,20.3,834,EQ,,,
2011-12-01,21.7,21.7,20.5,20.7,1119,EQ,,,
2011-12-02,20.25,21.05,19.75,21.0,1145,EQ,,,
2011-12-05,21.5,21.5,20.75,21.2,584,EQ,,,
2011-12-07,21.9,21.9,20.85,21.15,1758,EQ,,,
2011-12-08,21.9,22.45,20.8,21.25,11882,EQ,,,
2011-12-09,21.25,21.55,21.0,21.0,3460,EQ,,,
2011-12-12,21.1,21.1,20.6,20.6,500,EQ,,,
2011-12-13,20.05,20.9,20.05,20.45,2494,EQ,,,
2011-12-14,20.6,20.6,20.25,20.45,463,EQ,,,
2011-12-15,19.75,19.75,19.4,19.5,1522,EQ,,,
2011-12-16,19.55,20.0,19.2,19.2,2441,EQ,,,
2011-12-19,18.75,19.9,18.5,18.7,1229,EQ,,,
2011-12-20,19.25,19.4,18.4,18.85,737,EQ,,,
2011-12-21,19.4,19.5,19.05,19.4,1902,EQ,,,
2011-12-22,19.4,19.4,19.4,19.4,50,EQ,,,
2011-12-23,19.0,20.4,19.0,19.7,1894,EQ,,,
2011-12-26,20.05,20.5,19.9,20.5,2259,EQ,,,
2011-12-27,20.2,20.7,20.0,20.5,5762,EQ,,,
2011-12-28,20.0,20.4,19.9,19.9,2671,EQ,,,
2011-12-29,19.5,20.35,18.5,19.2,5389,EQ,,,
2011-12-30,19.05,20.0,19.0,19.05,1831,EQ,,,
2012-01-02,19.5,19.5,18.65,19.1,1671,EQ,,,
2012-01-03,18.95,19.5,18.8,19.25,5414,EQ,,,
2012-01-04,19.0,19.7,19.0,19.5,3106,EQ,,,
2012-01-05,19.95,19.95,19.7,19.75,165,EQ,,,
2012-01-06,20.25,20.25,19.5,19.55,496,EQ,,,
2012-01-09,20.95,22.5,20.15,21.4,11408,EQ,,,
2012-01-10,21.3,22.4,21.1,21.5,6045,EQ,,,
2012-01-11,21.0,23.25,21.0,22.55,9341,EQ,,,
2012-01-12,22.0,23.3,21.25,22.35,3576,EQ,,,
2012-01-13,23.1,23.1,22.0,22.75,527,EQ,,,
2012-01-16,22.25,23.5,22.0,23.25,6609,EQ,,,
2012-01-17,22.9,23.1,22.35,22.9,4168,EQ,,,
2012-01-18,23.1,23.4,22.3,22.5,2915,EQ,,,
2012-01-19,22.1,23.0,22.05,22.3,4635,EQ,,,
2012-01-20,22.5,23.2,22.3,22.5,3373,EQ,,,
2012-01-23,23.7,23.75,23.2,23.45,8524,EQ,,,
2012-01-24,23.5,23.6,23.2,23.5,7577,EQ,,,
2012-01-25,23.6,24.55,23.6,24.05,30422,EQ,,,
2012-01-27,24.9,24.9,24.1,24.3,8265,EQ,,,
2012-01-30,24.3,25.0,24.1,24.2,8023,EQ,,,
2012-01-31,24.2,24.4,24.1,24.1,1842,EQ,,,
2012-02-01,25.35,25.35,24.1,24.25,21124,EQ,,,
2012-02-02,24.25,24.4,23.3,23.45,7200,EQ,,,
2012-02-03,23.75,23.85,23.3,23.35,4761,EQ,,,
2012-02-06,24.0,25.0,23.95,24.7,31076,EQ,,,
2012-02-07,24.25,24.95,24.25,24.7,1658,EQ,,,
2012-02-08,24.7,25.25,24.5,24.8,7057,EQ,,,
2012-02-09,26.1,27.45,25.9,26.25,38951,EQ,,,
2012-02-10,27.4,27.4,25.3,25.75,9656,EQ,,,
2012-02-13,26.4,27.75,25.5,26.7,25731,EQ,,,
2012-02-14,25.5,25.75,24.5,24.8,35316,EQ,,,
2012-02-15,25.0,26.25,24.5,25.0,13712,EQ,,,
2012-02-16,24.85,25.75,24.75,25.2,7365,EQ,,,
2012-02-17,25.5,25.7,24.9,25.05,15274,EQ,,,
2012-02-21,25.05,26.1,24.75,24.9,5154,EQ,,,
2012-02-22,24.6,25.25,23.5,24.45,7208,EQ,,,
2012-02-23,24.85,24.85,23.5,23.95,4775,EQ,,,
2012-02-24,23.6,24.5,23.55,24.0,2782,EQ,,,
2012-02-27,23.9,24.0,23.0,23.55,5433,EQ,,,
2012-02-28,23.75,26.4,23.5,25.8,23392,EQ,,,
2012-02-29,26.5,27.2,25.05,25.25,23780,EQ,,,
2012-03-01,24.75,26.05,24.5,25.2,1916,EQ,,,
2012-03-02,24.9,25.75,24.5,24.8,6349,EQ,,,
2012-03-03,24.5,25.5,24.5,24.9,279,EQ,,,
2012-03-05,25.2,25.2,24.05,24.5,3461,EQ,,,
2012-03-06,24.0,24.6,23.75,23.9,6635,EQ,,,
2012-03-07,23.65,24.85,23.6,23.6,4558,EQ,,,
2012-03-09,23.8,24.4,23.6,23.85,6840,EQ,,,
2012-03-12,24.0,24.85,24.0,24.1,10134,EQ,,,
2012-03-13,24.25,24.5,23.1,23.6,33225,EQ,,,
2012-03-14,24.5,24.75,22.25,23.9,296286,EQ,,,
2012-03-15,23.9,23.9,22.75,22.9,4800,EQ,,,
2012-03-16,23.0,23.15,22.25,22.4,4348,EQ,,,
2012-03-19,22.5,22.5,21.5,21.5,7398,EQ,,,
2012-03-20,21.5,22.4,20.25,20.5,12911,EQ,,,
2012-03-21,20.9,21.5,20.0,21.2,6956,EQ,,,
2012-03-22,21.5,22.2,20.75,21.0,6460,EQ,,,
2012-03-23,21.15,21.75,20.1,21.05,3475,EQ,,,
2012-03-26,20.9,22.0,19.25,19.5,12919,EQ,,,
2012-03-27,20.45,20.45,19.1,19.25,6069,EQ,,,
2012-03-28,19.15,20.0,19.15,19.7,7054,EQ,,,
2012-03-29,19.5,19.95,19.5,19.9,799,EQ,,,
2012-03-30,20.0,20.4,19.75,20.1,4017,EQ,,,
2012-04-02,20.15,20.75,20.15,20.4,5105,EQ,,,
2012-04-03,20.45,20.5,20.35,20.4,1741,EQ,,,
2012-04-04,20.5,20.6,20.25,20.25,5421,EQ,,,
2012-04-09,20.25,20.5,20.2,20.3,1276,EQ,,,
2012-04-10,20.3,20.5,20.15,20.45,2252,EQ,,,
2012-04-11,20.75,20.75,19.7,19.9,2606,EQ,,,
2012-04-12,20.35,20.45,19.8,19.9,3319,EQ,,,
2012-04-13,20.25,20.5,19.75,20.2,1140,EQ,,,
2012-04-16,20.0,20.4,19.9,19.9,570,EQ,,,
2012-04-17,20.4,20.4,18.9,19.3,11129,EQ,,,
2012-04-18,19.35,20.15,19.35,20.0,6294,EQ,,,
2012-04-19,20.7,20.85,20.05,20.7,6098,EQ,,,
2012-04-20,20.7,21.5,20.5,21.3,5986,EQ,,,
2012-04-23,20.2,21.5,20.2,20.4,3058,EQ,,,
2012-04-24,20.2,20.5,20.15,20.5,3724,EQ,,,
2012-04-25,20.4,20.4,20.05,20.4,1250,EQ,,,
2012-04-26,20.05,20.5,20.05,20.15,1102,EQ,,,
2012-04-27,20.1,20.25,20.05,20.1,950,EQ,,,
2012-04-28,19.9,19.9,19.9,19.9,100,EQ,,,
2012-04-30,20.0,20.3,19.5,20.3,1034,EQ,,,
2012-05-02,20.0,20.2,19.7,19.7,564,EQ,,,
2012-05-03,19.75,20.1,19.65,19.7,958,EQ,,,
2012-05-04,19.6,19.7,18.9,19.3,1780,EQ,,,
2012-05-07,19.05,19.4,18.25,19.0,4363,EQ,,,
2012-05-08,19.0,19.6,19.0,19.2,668,EQ,,,
2012-05-09,19.75,19.75,18.55,18.65,1801,EQ,,,
2012-05-10,18.75,19.3,18.7,19.0,2314,EQ,,,
2012-05-11,18.65,18.65,18.05,18.3,6821,EQ,,,
2012-05-14,18.4,19.0,18.4,18.95,1673,EQ,,,
2012-05-15,18.5,18.95,18.25,18.65,3607,EQ,,,
2012-05-16,18.5,19.9,18.5,19.4,2454,EQ,,,
2012-05-17,19.25,19.4,18.75,19.4,1764,EQ,,,
2012-05-18,19.0,19.7,18.6,19.5,2077,EQ,,,
2012-05-21,19.25,19.9,19.25,19.7,428,EQ,,,
2012-05-22,19.5,19.5,19.25,19.35,1293,EQ,,,
2012-05-23,19.5,19.75,19.15,19.2,1799,EQ,,,
2012-05-24,19.2,19.2,19.1,19.2,506,EQ,,,
2012-05-25,19.7,20.4,19.4,19.55,1933,EQ,,,
2012-05-28,19.5,20.0,19.25,19.4,1966,EQ,,,
2012-05-29,19.5,20.2,19.3,19.65,3695,EQ,,,
2012-05-30,19.7,19.75,19.5,19.7,984,EQ,,,
2012-05-31,20.0,21.7,20.0,20.55,8537,EQ,,,
2012-06-01,21.9,21.9,20.5,20.8,3406,EQ,,,
2012-06-04,20.25,21.0,20.25,20.7,2188,EQ,,,
2012-06-05,20.75,21.1,20.7,21.0,1003,EQ,,,
2012-06-06,21.1,21.4,21.1,21.25,1852,EQ,,,
2012-06-07,21.5,21.9,20.9,21.1,3453,EQ,,,
2012-06-08,21.0,21.4,20.95,21.2,1190,EQ,,,
2012-06-11,21.25,21.25,20.75,20.8,904,EQ,,,
2012-06-12,20.55,20.85,20.25,20.8,1645,EQ,,,
2012-06-13,20.5,21.25,20.3,21.1,1981,EQ,,,
2012-06-14,21.3,21.3,21.3,21.3,100,EQ,,,
2012-06-15,21.0,21.3,20.05,21.3,40,EQ,,,
2012-06-18,21.2,21.75,21.1,21.55,1008,EQ,,,
2012-06-19,21.0,21.5,20.6,21.3,2639,EQ,,,
2012-06-20,21.0,21.6,21.0,21.5,404,EQ,,,
2012-06-21,21.0,21.25,20.7,21.2,1176,EQ,,,
2012-06-22,20.85,21.0,20.8,21.0,122,EQ,,,
2012-06-25,21.9,22.0,21.2,21.55,2127,EQ,,,
2012-06-26,22.0,22.75,21.25,22.35,3304,EQ,,,
2012-06-27,22.2,23.05,22.05,22.05,1302,EQ,,,
2012-06-28,23.5,23.5,22.0,22.25,1955,EQ,,,
2012-06-29,22.05,22.6,22.0,22.55,3327,EQ,,,
2012-07-02,23.0,23.0,22.1,23.0,2466,EQ,,,
2012-07-03,22.5,22.7,21.8,22.2,934,EQ,,,
2012-07-04,22.7,22.7,21.95,22.0,2441,EQ,,,
2012-07-05,22.0,22.9,21.9,22.7,8716,EQ,,,
2012-07-06,23.9,25.0,22.75,23.4,41133,EQ,,,
2012-07-09,24.4,24.4,22.7,23.0,4088,EQ,,,
2012-07-10,22.75,23.8,22.65,23.2,4441,EQ,,,
2012-07-11,23.6,23.6,23.3,23.3,947,EQ,,,
2012-07-12,23.0,23.0,22.2,22.75,2200,EQ,,,
2012-07-13,23.0,23.65,22.35,23.1,10331,EQ,,,
2012-07-16,23.25,23.95,23.1,23.7,6729,EQ,,,
2012-07-17,24.95,25.4,23.9,24.2,25256,EQ,,,
2012-07-18,24.0,24.3,23.55,23.7,3835,EQ,,,
2012-07-19,24.0,24.5,23.9,24.25,11190,EQ,,,
2012-07-20,24.0,24.1,23.8,23.8,2603,EQ,,,
2012-07-23,24.0,24.4,23.75,23.9,5746,EQ,,,
2012-07-24,24.0,24.1,23.3,23.5,3770,EQ,,,
2012-07-25,23.5,23.5,22.9,23.05,4897,EQ,,,
2012-07-26,23.4,23.4,22.7,23.05,3315,EQ,,,
2012-07-27,23.45,23.75,23.0,23.5,3839,EQ,,,
2012-07-30,23.0,23.5,23.0,23.25,1747,EQ,,,
2012-07-31,22.5,23.0,22.5,22.75,1305,EQ,,,
2012-08-01,22.5,23.4,22.25,22.55,2065,EQ,,,
2012-08-02,23.0,23.0,22.5,22.75,975,EQ,,,
2012-08-03,22.55,23.0,22.25,23.0,2299,EQ,,,
2012-08-06,23.25,23.25,22.0,22.9,3684,EQ,,,
2012-08-07,23.55,24.25,23.0,23.75,12139,EQ,,,
2012-08-08,22.6,22.6,22.1,22.15,14560,EQ,,,
2012-08-09,22.7,22.7,21.8,22.0,3188,EQ,,,
2012-08-10,22.4,22.4,21.75,21.9,493,EQ,,,
2012-08-13,21.75,22.4,21.3,21.8,772,EQ,,,
2012-08-14,21.7,22.0,21.4,21.75,482,EQ,,,
2012-08-16,21.6,21.95,21.6,21.7,606,EQ,,,
2012-08-17,22.2,22.25,21.55,22.0,837,EQ,,,
2012-08-21,22.4,22.5,21.95,22.2,2203,EQ,,,
2012-08-22,22.05,22.05,21.5,21.5,1914,EQ,,,
2012-08-23,21.7,21.7,21.3,21.6,500,EQ,,,
2012-08-24,21.85,21.9,21.4,21.4,901,EQ,,,
2012-08-27,21.4,21.6,21.25,21.35,915,EQ,,,
2012-08-28,25.0,25.0,20.2,21.05,673,EQ,,,
2012-08-29,21.45,21.55,20.6,20.9,1147,EQ,,,
2012-08-30,21.25,21.4,20.75,20.75,996,EQ,,,
2012-08-31,20.6,21.1,20.6,21.1,463,EQ,,,
2012-09-03,20.55,21.3,20.55,21.1,1148,EQ,,,
2012-09-04,21.1,21.1,20.95,20.95,1212,EQ,,,
2012-09-05,20.95,21.35,20.3,20.6,3452,EQ,,,
2012-09-06,20.4,21.1,20.4,20.5,401,EQ,,,
2012-09-07,21.4,21.9,20.7,20.8,2643,EQ,,,
2012-09-08,20.75,21.25,20.5,21.15,704,EQ,,,
2012-09-10,21.15,22.2,21.0,21.3,4691,EQ,,,
2012-09-11,21.9,21.9,21.25,21.4,626,EQ,,,
2012-09-12,21.2,22.0,21.2,21.9,1836,EQ,,,
2012-09-13,21.55,22.75,21.55,21.9,4223,EQ,,,
2012-09-14,21.9,22.0,21.25,21.5,1454,EQ,,,
2012-09-17,21.5,21.7,21.3,21.4,2370,EQ,,,
2012-09-18,21.9,22.5,21.9,22.2,8665,EQ,,,
2012-09-20,22.2,22.5,21.7,22.3,1305,EQ,,,
2012-09-21,22.3,23.9,22.3,23.25,7816,EQ,,,
2012-09-24,24.2,24.5,23.75,23.85,23298,EQ,,,
2012-09-25,24.5,24.5,23.95,24.2,6925,EQ,,,
2012-09-26,24.25,24.4,24.1,24.25,3226,EQ,,,
2012-09-27,24.1,24.3,24.0,24.1,2907,EQ,,,
2012-09-28,23.9,24.25,23.8,24.1,1328,EQ,,,
2012-10-01,24.05,25.3,23.5,24.9,13166,EQ,,,
2012-10-03,24.5,25.1,24.05,24.15,2564,EQ,,,
2012-10-04,24.0,24.7,23.75,24.4,3897,EQ,,,
2012-10-05,27.0,27.0,23.65,24.25,2990,EQ,,,
2012-10-08,24.95,25.1,24.0,24.2,3337,EQ,,,
2012-10-09,24.75,25.45,24.2,24.6,5039,EQ,,,
2012-10-10,24.6,25.0,24.15,24.25,2090,EQ,,,
2012-10-11,24.0,24.45,24.0,24.2,1887,EQ,,,
2012-10-12,24.9,25.0,23.9,23.9,3811,EQ,,,
2012-10-15,23.75,24.5,23.75,24.5,904,EQ,,,
2012-10-16,24.25,24.75,23.6,23.9,2534,EQ,,,
2012-10-17,23.9,23.9,23.75,23.75,505,EQ,,,
2012-10-18,24.5,24.5,23.55,23.85,1555,EQ,,,
2012-10-19,24.5,24.5,23.95,24.0,4408,EQ,,,
2012-10-22,24.0,24.5,22.85,23.4,4116,EQ,,,
2012-10-23,23.4,23.4,23.0,23.2,1391,EQ,,,
2012-10-25,23.2,26.85,23.2,25.4,16679,EQ,,,
2012-10-26,26.0,26.45,25.25,25.5,14641,EQ,,,
2012-10-29,25.05,25.3,24.3,24.5,1608,EQ,,,
2012-10-30,24.55,25.05,24.5,24.5,2056,EQ,,,
2012-10-31,24.2,24.25,23.55,23.6,3783,EQ,,,
2012-11-01,23.4,25.0,23.05,23.7,2238,EQ,,,
2012-11-02,23.7,24.35,23.6,24.05,3166,EQ,,,
2012-11-05,23.9,24.75,23.1,24.1,3658,EQ,,,
2012-11-06,24.5,27.6,23.55,26.35,58025,EQ,,,
2012-11-07,26.9,27.45,25.3,26.1,16533,EQ,,,
2012-11-08,26.35,27.25,26.1,26.55,5133,EQ,,,
2012-11-09,26.25,26.75,25.55,25.85,1701,EQ,,,
2012-11-12,26.4,26.4,25.75,25.75,304,EQ,,,
2012-11-13,26.0,26.4,25.5,26.0,3833,EQ,,,
2012-11-15,25.65,25.75,25.25,25.5,1614,EQ,,,
2012-11-16,25.5,25.8,25.4,25.55,2137,EQ,,,
2012-11-19,25.6,25.6,25.05,25.25,1168,EQ,,,
2012-11-20,25.25,25.85,24.9,24.95,3260,EQ,,,
2012-11-21,24.85,25.4,24.55,24.7,1504,EQ,,,
2012-11-22,25.5,26.4,24.5,26.0,10333,EQ,,,
2012-11-23,25.9,27.15,25.9,26.85,5525,EQ,,,
2012-11-26,26.5,26.5,26.0,26.0,1687,EQ,,,
2012-11-27,26.1,27.6,26.1,27.25,10159,EQ,,,
2012-11-29,27.9,28.85,27.0,27.9,9114,EQ,,,
2012-11-30,27.7,30.4,27.25,29.95,21549,EQ,,,
2012-12-03,29.9,30.2,28.3,28.7,9121,EQ,,,
2012-12-04,28.7,29.15,28.5,28.75,4263,EQ,,,
2012-12-05,28.5,28.9,27.5,27.8,1207,EQ,,,
2012-12-06,27.5,29.4,27.25,29.1,11130,EQ,,,
2012-12-07,28.9,29.5,28.1,28.6,3396,EQ,,,
2012-12-10,28.4,29.7,28.25,29.25,5061,EQ,,,
2012-12-11,29.4,29.7,28.75,28.9,13085,EQ,,,
2012-12-12,29.95,30.9,28.4,30.55,22495,EQ,,,
2012-12-13,31.15,31.15,29.35,29.5,14566,EQ,,,
2012-12-14,29.35,30.2,29.3,29.9,6860,EQ,,,
2012-12-17,30.5,30.5,29.5,29.9,8064,EQ,,,
2012-12-18,30.0,30.6,29.75,30.2,5296,EQ,,,
2012-12-19,30.2,31.25,30.0,31.1,19126,EQ,,,
2012-12-20,31.7,32.0,31.1,31.45,18585,EQ,,,
2012-12-21,31.6,31.6,30.0,30.3,9102,EQ,,,
2012-12-24,30.35,30.35,29.3,29.5,11987,EQ,,,
2012-12-26,30.75,30.75,29.25,30.25,6890,EQ,,,
2012-12-27,30.1,30.5,30.0,30.25,5240,EQ,,,
2012-12-28,30.25,30.8,30.25,30.6,4476,EQ,,,
2012-12-31,30.4,30.75,28.6,28.9,12058,EQ,,,
2013-01-01,29.9,30.25,29.1,29.6,14884,EQ,,,
2013-01-02,30.0,30.4,29.75,30.0,11555,EQ,,,
2013-01-03,29.85,30.9,29.8,30.3,5115,EQ,,,
2013-01-04,31.0,33.75,30.85,32.8,52723,EQ,,,
2013-01-07,34.25,34.5,31.9,32.0,29120,EQ,,,
2013-01-08,32.5,32.8,31.5,31.75,13084,EQ,,,
2013-01-09,32.0,33.9,32.0,33.1,22499,EQ,,,
2013-01-10,33.15,34.4,32.25,32.4,16201,EQ,,,
2013-01-11,33.0,33.25,31.65,31.95,9679,EQ,,,
2013-01-14,32.5,33.1,31.9,32.5,10210,EQ,,,
2013-01-15,33.0,33.4,32.3,32.7,16306,EQ,,,
2013-01-16,32.7,33.1,32.0,32.25,7822,EQ,,,
2013-01-17,32.0,32.9,31.5,31.9,5504,EQ,,,
2013-01-18,32.5,32.5,31.35,31.6,2098,EQ,,,
2013-01-21,31.45,32.0,31.05,31.45,3083,EQ,,,
2013-01-22,31.5,32.45,30.2,30.75,11653,EQ,,,
2013-01-23,31.0,31.25,30.65,30.75,2539,EQ,,,
2013-01-24,31.9,31.9,30.0,30.5,6272,EQ,,,
2013-01-25,30.0,31.2,30.0,30.5,5741,EQ,,,
2013-01-28,30.8,31.4,30.5,30.6,1441,EQ,,,
2013-01-29,30.6,31.0,30.05,30.6,2421,EQ,,,
2013-01-30,31.0,31.0,30.25,30.45,846,EQ,,,
2013-01-31,30.5,30.95,30.5,30.9,152,EQ,,,
2013-02-01,30.75,31.4,30.1,30.75,3562,EQ,,,
2013-02-04,31.5,31.5,30.3,30.5,1660,EQ,,,
2013-02-05,30.4,32.5,28.0,28.55,27335,EQ,,,
2013-02-06,30.0,30.0,27.5,28.2,11026,EQ,,,
2013-02-07,28.7,28.7,27.75,28.45,8214,EQ,,,
2013-02-08,28.75,31.5,28.55,30.85,46974,EQ,,,
2013-02-11,30.85,31.4,30.05,31.0,15797,EQ,,,
2013-02-12,31.3,34.6,30.85,33.65,48423,EQ,,,
2013-02-13,34.45,34.45,32.5,33.15,10436,EQ,,,
2013-02-14,33.0,34.9,31.6,33.9,14806,EQ,,,
2013-02-15,34.05,34.05,32.6,33.15,13701,EQ,,,
2013-02-18,33.0,33.0,32.1,32.65,9095,EQ,,,
2013-02-19,32.6,32.9,32.25,32.45,3130,EQ,,,
2013-02-20,32.5,32.5,31.0,31.5,8841,EQ,,,
2013-02-21,31.55,32.45,31.05,31.35,5621,EQ,,,
2013-02-22,31.1,35.25,31.1,34.7,41614,EQ,,,
2013-02-25,34.8,34.8,32.1,33.05,22016,EQ,,,
2013-02-26,32.0,32.7,30.0,30.35,63070,EQ,,,
2013-02-27,30.0,31.5,29.0,29.55,8532,EQ,,,
2013-02-28,31.25,31.25,27.65,27.9,8518,EQ,,,
2013-03-01,32.0,32.0,28.1,28.6,3827,EQ,,,
2013-03-04,28.4,28.8,28.0,28.2,2451,EQ,,,
2013-03-05,28.25,29.3,25.8,28.2,3737,EQ,,,
2013-03-06,28.5,29.6,28.5,29.1,9554,EQ,,,
2013-03-07,29.0,30.1,28.8,29.7,10122,EQ,,,
2013-03-08,30.0,31.0,29.25,29.75,8367,EQ,,,
2013-03-11,29.6,30.25,29.55,29.75,5268,EQ,,,
2013-03-12,29.5,30.75,27.85,29.0,6523,EQ,,,
2013-03-13,29.0,29.8,27.5,27.8,6897,EQ,,,
2013-03-14,29.0,29.0,28.1,28.6,651,EQ,,,
2013-03-15,30.5,30.5,28.0,28.55,2598,EQ,,,
2013-03-18,28.0,29.6,27.8,28.4,2123,EQ,,,
2013-03-19,28.2,29.35,27.3,28.0,3876,EQ,,,
2013-03-20,27.8,28.5,27.05,27.5,1785,EQ,,,
2013-03-21,27.05,27.05,26.05,26.4,3164,EQ,,,
2013-03-22,26.25,27.0,25.3,26.05,2595,EQ,,,
2013-03-25,25.5,26.95,25.3,26.5,2468,EQ,,,
2013-03-26,25.5,26.5,25.25,25.55,1510,EQ,,,
2013-03-28,25.5,27.0,25.25,25.5,1240,EQ,,,
2013-04-01,25.5,26.5,25.5,26.5,325,EQ,,,
2013-04-02,26.95,26.95,26.85,26.85,202,EQ,,,
2013-04-03,27.75,28.55,27.1,27.25,5122,EQ,,,
2013-04-04,26.5,27.6,25.5,26.15,4568,EQ,,,
2013-04-05,25.9,26.9,25.3,25.75,2120,EQ,,,
2013-04-08,25.65,26.4,25.3,26.0,433,EQ,,,
2013-04-09,25.25,26.5,25.15,25.5,594,EQ,,,
2013-04-10,25.95,26.7,25.1,25.55,2265,EQ,,,
2013-04-11,26.5,26.5,25.0,25.2,998,EQ,,,
2013-04-12,25.3,25.5,24.9,25.45,2971,EQ,,,
2013-04-15,25.0,25.5,24.75,25.4,1005,EQ,,,
2013-04-16,24.9,26.0,24.6,25.5,2025,EQ,,,
2013-04-17,26.95,27.0,25.7,26.0,2320,EQ,,,
2013-04-18,26.05,26.25,25.0,26.1,858,EQ,,,
2013-04-22,25.8,26.0,25.5,25.8,2837,EQ,,,
2013-04-23,25.8,26.2,25.65,25.9,995,EQ,,,
2013-04-25,25.5,26.0,25.5,25.9,332,EQ,,,
2013-04-26,25.35,26.25,25.35,25.5,1993,EQ,,,
2013-04-29,25.8,26.4,25.65,26.15,786,EQ,,,
2013-04-30,26.3,26.85,25.8,26.25,2466,EQ,,,
2013-05-02,26.0,26.65,25.6,25.95,3524,EQ,,,
2013-05-03,25.5,26.3,25.5,25.75,418,EQ,,,
2013-05-06,26.2,26.2,25.4,25.75,1081,EQ,,,
2013-05-07,26.25,27.15,25.6,26.35,5993,EQ,,,
2013-05-08,26.95,27.25,26.2,26.6,2908,EQ,,,
2013-05-09,27.0,27.25,26.3,26.4,4074,EQ,,,
2013-05-10,26.25,27.2,26.25,27.0,1052,EQ,,,
2013-05-11,26.75,26.75,26.75,26.75,400,EQ,,,
2013-05-13,26.6,26.6,26.0,26.25,604,EQ,,,
2013-05-14,26.6,26.6,26.2,26.3,558,EQ,,,
2013-05-15,26.1,27.0,26.1,26.75,1826,EQ,,,
2013-05-16,27.0,27.0,26.6,26.8,2029,EQ,,,
2013-05-17,26.75,28.3,26.75,27.95,9531,EQ,,,
2013-05-20,27.95,29.0,27.95,28.5,20903,EQ,,,
2013-05-21,28.0,28.9,27.6,27.9,5532,EQ,,,
2013-05-22,28.5,28.5,27.05,27.4,2113,EQ,,,
2013-05-23,26.75,27.35,26.25,26.55,3559,EQ,,,
2013-05-24,27.4,28.5,26.55,28.35,4790,EQ,,,
2013-05-27,30.0,31.0,28.85,30.6,39982,EQ,,,
2013-05-28,30.5,30.85,29.25,29.45,11602,EQ,,,
2013-05-29,29.25,29.8,28.55,29.15,4399,EQ,,,
2013-05-30,28.9,29.45,28.2,28.5,7965,EQ,,,
2013-05-31,28.8,29.65,26.1,26.45,21660,EQ,,,
2013-06-03,26.0,26.0,23.8,24.35,16068,EQ,,,
2013-06-04,24.3,24.75,24.0,24.05,6248,EQ,,,
2013-06-05,23.75,24.5,23.2,24.0,1434,EQ,,,
2013-06-06,23.95,24.0,23.6,23.7,5297,EQ,,,
2013-06-07,23.75,24.05,23.65,23.7,3258,EQ,,,
2013-06-10,24.85,24.85,23.5,23.75,521,EQ,,,
2013-06-11,26.0,26.0,23.25,23.75,2992,EQ,,,
2013-06-12,23.0,24.05,23.0,23.25,1009,EQ,,,
2013-06-13,23.0,23.25,22.5,23.1,3467,EQ,,,
2013-06-14,23.0,23.5,22.65,23.0,2611,EQ,,,
2013-06-17,22.05,23.4,22.05,23.0,1008,EQ,,,
2013-06-18,23.45,23.45,23.05,23.15,1578,EQ,,,
2013-06-19,23.5,23.5,23.5,23.5,800,EQ,,,
2013-06-20,23.2,23.35,22.5,22.5,2729,EQ,,,
2013-06-21,22.25,23.2,22.25,22.55,1274,EQ,,,
2013-06-24,23.1,23.1,22.0,22.1,2347,EQ,,,
2013-06-25,21.9,22.25,21.25,21.9,2338,EQ,,,
2013-06-26,21.75,21.75,21.05,21.35,777,EQ,,,
2013-06-27,21.0,21.55,20.75,20.95,3541,EQ,,,
2013-06-28,21.5,21.5,21.05,21.5,1421,EQ,,,
2013-07-01,21.55,22.4,21.55,22.2,1006,EQ,,,
2013-07-02,22.0,22.6,21.85,22.2,944,EQ,,,
2013-07-03,23.0,23.0,21.55,21.55,1664,EQ,,,
2013-07-04,22.2,22.2,21.75,21.8,436,EQ,,,
2013-07-05,22.5,22.5,21.6,21.9,2032,EQ,,,
2013-07-08,21.75,22.3,21.75,22.3,259,EQ,,,
2013-07-09,21.6,22.5,21.6,21.9,2830,EQ,,,
2013-07-10,21.75,22.0,21.65,22.0,1947,EQ,,,
2013-07-11,21.9,22.2,21.8,21.8,835,EQ,,,
2013-07-12,22.5,23.85,22.05,22.7,3296,EQ,,,
2013-07-15,22.0,24.0,22.0,23.6,5090,EQ,,,
2013-07-16,23.95,23.95,23.0,23.2,803,EQ,,,
2013-07-17,23.2,23.5,22.75,22.75,1072,EQ,,,
2013-07-18,23.7,23.7,22.8,22.85,552,EQ,,,
2013-07-19,23.75,23.75,22.3,22.65,2061,EQ,,,
2013-07-22,22.35,23.3,22.3,22.8,936,EQ,,,
2013-07-23,22.8,23.05,22.5,22.55,3139,EQ,,,
2013-07-24,23.5,23.5,22.2,22.7,709,EQ,,,
2013-07-25,22.5,22.5,22.0,22.3,1189,EQ,,,
2013-07-26,22.2,23.2,21.85,22.0,1393,EQ,,,
2013-07-29,21.9,21.9,21.0,21.6,2174,EQ,,,
2013-07-30,21.5,22.0,20.5,21.15,2356,EQ,,,
2013-07-31,20.9,21.85,19.65,20.8,2853,EQ,,,
2013-08-01,20.5,21.2,20.2,20.55,1647,EQ,,,
2013-08-02,20.0,20.9,19.6,20.9,2059,EQ,,,
2013-08-05,20.5,20.5,19.2,19.5,638,EQ,,,
2013-08-06,19.25,22.15,18.5,18.7,3114,EQ,,,
2013-08-07,18.85,19.5,18.0,18.4,5564,EQ,,,
2013-08-08,18.8,19.3,18.8,19.0,500,EQ,,,
2013-08-12,19.05,20.35,19.05,20.0,648,EQ,,,
2013-08-13,19.7,19.7,18.4,19.0,6015,EQ,,,
2013-08-14,19.1,20.4,19.1,20.0,985,EQ,,,
2013-08-16,19.75,19.9,18.7,18.9,1512,EQ,,,
2013-08-19,18.65,19.4,18.4,19.0,1744,EQ,,,
2013-08-20,18.75,19.4,18.5,18.75,921,EQ,,,
2013-08-21,18.85,18.85,18.5,18.6,1551,EQ,,,
2013-08-22,18.5,19.05,18.5,18.65,800,EQ,,,
2013-08-23,18.5,19.15,18.5,18.5,1425,EQ,,,
2013-08-26,18.65,18.9,18.5,18.9,769,EQ,,,
2013-08-27,18.5,19.5,17.8,19.0,1619,EQ,,,
2013-08-28,18.5,18.5,18.0,18.25,2120,EQ,,,
2013-08-29,18.0,18.75,18.0,18.7,280,EQ,,,
2013-08-30,18.9,19.5,18.3,18.3,3366,EQ,,,
2013-09-02,18.5,18.5,17.65,18.25,1685,EQ,,,
2013-09-03,18.5,18.6,17.8,18.0,4774,EQ,,,
2013-09-04,18.0,18.5,17.9,18.2,991,EQ,,,
2013-09-05,18.25,18.65,18.25,18.65,728,EQ,,,
2013-09-06,18.55,19.0,18.25,18.45,1326,EQ,,,
2013-09-10,19.95,19.95,18.3,18.5,1173,EQ,,,
2013-09-11,18.3,18.9,18.25,18.7,3174,EQ,,,
2013-09-12,18.8,18.8,17.95,18.05,3650,EQ,,,
2013-09-13,18.25,18.5,18.0,18.3,2523,EQ,,,
2013-09-16,18.15,18.45,18.1,18.2,2080,EQ,,,
2013-09-17,18.05,18.25,17.9,17.95,1205,EQ,,,
2013-09-18,18.0,18.4,17.55,17.7,2289,EQ,,,
2013-09-19,18.85,18.85,17.9,18.05,11687,EQ,,,
2013-09-20,18.05,19.4,18.05,18.75,1878,EQ,,,
2013-09-23,22.4,22.4,18.35,18.8,4036,EQ,,,
2013-09-24,18.8,19.2,18.55,18.55,1350,EQ,,,
2013-09-25,19.3,19.35,18.6,18.65,1162,EQ,,,
2013-09-26,18.35,18.65,18.1,18.25,2014,EQ,,,
2013-09-27,18.2,18.4,17.9,18.1,2553,EQ,,,
2013-09-30,18.0,18.2,17.7,17.75,1842,EQ,,,
2013-10-01,18.0,18.0,18.0,18.0,1150,EQ,,,
2013-10-03,17.75,18.25,17.7,17.85,7768,EQ,,,
2013-10-04,18.0,18.1,17.75,17.8,1612,EQ,,,
2013-10-07,17.8,18.2,17.8,18.2,1777,EQ,,,
2013-10-08,18.0,18.4,18.0,18.05,1701,EQ,,,
2013-10-09,18.4,18.4,18.1,18.4,263,EQ,,,
2013-10-10,18.0,18.7,18.0,18.1,951,EQ,,,
2013-10-11,18.1,18.7,18.1,18.5,2697,EQ,,,
2013-10-14,18.8,19.1,18.5,18.9,1761,EQ,,,
2013-10-15,18.75,18.75,18.0,18.25,1346,EQ,,,
2013-10-17,18.0,18.5,18.0,18.4,2653,EQ,,,
2013-10-18,18.5,18.7,18.0,18.5,9224,EQ,,,
2013-10-21,19.5,19.85,19.05,19.4,12672,EQ,,,
2013-10-22,19.4,19.9,19.2,19.25,4407,EQ,,,
2013-10-23,19.0,19.95,18.6,19.1,3212,EQ,,,
2013-10-24,19.0,19.05,18.75,18.75,901,EQ,,,
2013-10-25,18.75,19.35,18.2,18.3,12213,EQ,,,
2013-10-28,18.1,18.7,17.75,17.75,311,EQ,,,
2013-10-29,18.25,18.95,17.9,18.3,8395,EQ,,,
2013-10-30,18.75,18.75,18.2,18.25,3794,EQ,,,
2013-10-31,18.8,18.8,18.3,18.7,179,EQ,,,
2013-11-01,18.2,18.5,18.15,18.5,1112,EQ,,,
2013-11-03,18.5,19.2,18.4,19.1,2334,EQ,,,
2013-11-05,18.8,20.5,18.5,20.05,8575,EQ,,,
2013-11-06,20.5,21.15,20.15,20.7,3473,EQ,,,
2013-11-07,20.95,20.95,20.4,20.4,2359,EQ,,,
2013-11-08,20.0,21.05,19.75,20.0,2438,EQ,,,
2013-11-11,20.0,20.2,19.5,19.55,490,EQ,,,
2013-11-12,19.55,19.95,19.5,19.8,851,EQ,,,
2013-11-13,19.7,19.75,19.05,19.2,4365,EQ,,,
2013-11-14,19.0,19.0,17.9,18.9,1376,EQ,,,
2013-11-18,19.2,19.2,18.1,18.2,7477,EQ,,,
2013-11-19,18.5,19.5,18.5,19.4,3797,EQ,,,
2013-11-20,19.1,19.5,18.8,19.1,702,EQ,,,
2013-11-21,18.85,19.05,18.55,18.7,1190,EQ,,,
2013-11-22,18.7,18.75,18.7,18.7,786,EQ,,,
2013-11-25,18.8,18.95,18.5,18.6,4486,EQ,,,
2013-11-26,18.85,18.85,18.1,18.3,2210,EQ,,,
2013-11-27,18.4,18.5,18.4,18.4,2660,EQ,,,
2013-11-28,18.5,18.9,18.4,18.5,4946,EQ,,,
2013-11-29,18.85,19.25,18.75,19.25,6705,EQ,,,
2013-12-02,19.0,19.25,18.6,19.0,2359,EQ,,,
2013-12-03,19.05,19.6,19.05,19.5,3622,EQ,,,
2013-12-04,19.0,19.4,18.9,19.05,627,EQ,,,
2013-12-05,19.5,19.5,19.0,19.25,1210,EQ,,,
2013-12-06,19.0,19.2,18.65,18.9,651,EQ,,,
2013-12-09,18.8,19.3,18.75,18.8,2241,EQ,,,
2013-12-10,19.35,19.35,18.7,18.7,1229,EQ,,,
2013-12-11,18.75,18.75,18.75,18.75,156,EQ,,,
2013-12-12,18.6,19.25,18.55,19.0,6269,EQ,,,
2013-12-13,19.45,19.45,18.75,18.75,7937,EQ,,,
2013-12-16,19.25,19.25,18.9,18.9,263,EQ,,,
2013-12-17,18.85,19.0,18.55,18.8,1930,EQ,,,
2013-12-18,18.8,19.0,18.55,18.6,779,EQ,,,
2013-12-19,18.55,18.6,18.45,18.5,368,EQ,,,
2013-12-20,18.35,18.9,17.95,18.9,524,EQ,,,
2013-12-23,18.9,19.2,18.5,19.1,4234,EQ,,,
2013-12-24,19.05,19.15,18.6,18.95,3558,EQ,,,
2013-12-26,19.1,19.6,18.5,19.4,5467,EQ,,,
2013-12-27,19.25,21.0,19.05,19.6,13393,EQ,,,
2013-12-30,20.0,22.6,20.0,22.0,85227,EQ,,,
2013-12-31,22.0,22.0,20.8,21.15,4756,EQ,,,
2014-01-01,21.5,21.8,21.25,21.5,7348,EQ,,,
2014-01-02,22.1,23.1,20.85,20.95,24058,EQ,,,
2014-01-03,20.75,20.9,20.25,20.7,2846,EQ,,,
2014-01-06,21.5,21.5,20.6,20.85,1241,EQ,,,
2014-01-07,21.0,21.0,20.75,21.0,2537,EQ,,,
2014-01-08,22.5,22.5,19.75,21.75,23620,EQ,,,
2014-01-09,21.55,21.55,21.05,21.15,2163,EQ,,,
2014-01-10,21.0,21.2,19.4,20.25,10298,EQ,,,
2014-01-13,20.0,21.4,20.0,20.1,4004,EQ,,,
2014-01-14,20.0,20.3,19.7,19.8,474,EQ,,,
2014-01-15,19.95,20.2,19.9,19.9,3322,EQ,,,
2014-01-16,19.85,20.1,19.5,19.8,2666,EQ,,,
2014-01-17,20.2,20.2,19.4,19.45,527,EQ,,,
2014-01-20,19.95,19.95,19.2,19.3,1411,EQ,,,
2014-01-21,19.4,19.9,19.25,19.3,2285,EQ,,,
2014-01-22,19.6,19.6,19.25,19.3,499,EQ,,,
2014-01-23,19.2,19.5,18.3,18.7,4040,EQ,,,
2014-01-24,18.7,20.5,18.7,19.35,14384,EQ,,,
2014-01-27,19.1,19.1,18.65,18.7,2004,EQ,,,
2014-01-28,19.15,19.15,18.25,18.35,2806,EQ,,,
2014-01-29,18.9,19.4,18.5,18.6,2106,EQ,,,
2014-01-30,18.4,18.55,17.8,18.25,10059,EQ,,,
2014-01-31,18.5,18.7,18.1,18.45,763,EQ,,,
2014-02-03,18.4,18.95,17.9,18.2,7279,EQ,,,
2014-02-04,18.05,18.4,17.65,17.9,1995,EQ,,,
2014-02-05,17.8,18.9,17.75,18.25,3946,EQ,,,
2014-02-06,18.7,18.7,18.0,18.15,1635,EQ,,,
2014-02-07,18.4,18.4,18.2,18.4,932,EQ,,,
2014-02-10,18.25,18.45,17.7,17.8,4730,EQ,,,
2014-02-11,17.7,17.7,17.1,17.5,9129,EQ,,,
2014-02-12,17.25,17.45,15.7,15.9,52900,EQ,,,
2014-02-13,16.05,16.1,14.15,14.8,41561,EQ,,,
2014-02-14,14.8,15.8,14.3,15.7,24831,EQ,,,
2014-02-17,15.5,16.5,15.1,16.35,13101,EQ,,,
2014-02-18,16.25,17.0,15.5,16.7,10560,EQ,,,
2014-02-19,16.55,17.05,16.1,17.0,11294,EQ,,,
2014-02-20,16.85,16.85,15.65,15.75,10373,EQ,,,
2014-02-21,16.05,16.1,15.6,15.75,3101,EQ,,,
2014-02-24,16.1,16.4,15.65,15.9,6795,EQ,,,
2014-02-25,15.75,15.9,15.2,15.3,4816,EQ,,,
2014-02-26,15.2,15.7,15.1,15.5,3029,EQ,,,
2014-02-28,16.4,16.4,15.1,15.6,1843,EQ,,,
2014-03-03,15.9,16.8,15.75,16.65,15531,EQ,,,
2014-03-04,16.5,16.8,16.1,16.4,5969,EQ,,,
2014-03-05,16.25,16.25,15.5,15.55,5537,EQ,,,
2014-03-06,16.0,17.25,15.65,16.5,13037,EQ,,,
2014-03-07,16.25,16.7,16.0,16.5,9527,EQ,,,
2014-03-10,16.25,16.95,16.1,16.6,3052,EQ,,,
2014-03-11,16.4,17.2,16.1,16.8,2051,EQ,,,
2014-03-12,16.5,17.25,16.3,17.1,1700,EQ,,,
2014-03-13,17.2,18.5,16.8,17.5,30616,EQ,,,
2014-03-14,17.35,17.5,17.1,17.5,877,EQ,,,
2014-03-18,17.5,18.0,16.95,17.0,4095,EQ,,,
2014-03-19,16.95,17.3,16.55,16.65,966,EQ,,,
2014-03-20,16.6,16.9,16.55,16.85,2598,EQ,,,
2014-03-21,16.5,17.0,16.5,16.75,1601,EQ,,,
2014-03-22,17.35,17.35,16.75,16.8,359,EQ,,,
2014-03-24,17.0,17.4,16.75,16.8,2118,EQ,,,
2014-03-25,16.55,17.2,16.55,17.2,569,EQ,,,
2014-03-26,16.9,17.45,16.9,17.3,2694,EQ,,,
2014-03-27,17.1,17.1,16.9,17.0,1206,EQ,,,
2014-03-28,17.0,17.1,16.75,17.0,3416,EQ,,,
2014-03-31,17.4,17.4,16.8,16.95,1837,EQ,,,
2014-04-01,16.8,17.4,16.8,17.0,500,EQ,,,
2014-04-02,17.7,17.75,17.15,17.25,955,EQ,,,
2014-04-03,18.0,18.0,17.0,17.7,6448,EQ,,,
2014-04-04,17.9,17.9,17.15,17.8,1302,EQ,,,
2014-04-07,17.5,18.5,17.4,18.2,8629,EQ,,,
2014-04-09,18.5,19.0,18.4,18.7,4565,EQ,,,
2014-04-10,19.0,19.2,18.4,19.05,13551,EQ,,,
2014-04-11,19.6,20.5,19.6,19.9,47250,EQ,,,
2014-04-15,19.9,19.9,19.5,19.7,4413,EQ,,,
2014-04-16,19.9,19.9,18.15,18.55,6656,EQ,,,
2014-04-17,18.7,18.95,18.2,18.55,4470,EQ,,,
2014-04-21,19.1,20.4,19.0,19.7,35133,EQ,,,
2014-04-22,20.0,20.5,19.55,20.15,23987,EQ,,,
2014-04-23,20.55,22.1,20.55,21.2,69680,EQ,,,
2014-04-25,20.5,21.25,20.3,20.5,11868,EQ,,,
2014-04-28,20.55,21.5,19.8,20.2,10861,EQ,,,
2014-04-29,20.1,20.25,19.2,19.5,11432,EQ,,,
2014-04-30,19.95,20.0,18.75,18.9,8781,EQ,,,
2014-05-02,19.2,19.4,18.6,18.75,5199,EQ,,,
2014-05-05,19.2,19.45,18.6,18.7,4323,EQ,,,
2014-05-06,18.65,18.7,18.2,18.2,5253,EQ,,,
2014-05-07,18.6,18.75,18.0,18.3,4530,EQ,,,
2014-05-08,18.5,18.9,18.5,18.7,1236,EQ,,,
2014-05-09,18.6,18.9,18.2,18.7,3064,EQ,,,
2014-05-12,19.0,19.25,18.6,18.6,4619,EQ,,,
2014-05-13,18.6,19.3,18.6,19.25,9993,EQ,,,
2014-05-14,19.3,20.5,19.2,20.0,16379,EQ,,,
2014-05-15,21.25,21.25,19.55,20.0,13682,EQ,,,
2014-05-16,19.5,21.7,18.9,21.4,28925,EQ,,,
2014-05-19,21.5,25.45,21.5,25.2,97353,EQ,,,
2014-05-20,26.0,27.3,25.25,26.4,86344,EQ,,,
2014-05-21,26.5,29.2,25.65,27.9,81110,EQ,,,
2014-05-22,27.5,28.0,26.3,27.0,42225,EQ,,,
2014-05-23,26.8,27.75,26.4,27.3,30046,EQ,,,
2014-05-26,29.45,32.75,29.25,31.75,271644,EQ,,,
2014-05-27,33.4,33.4,28.6,30.45,57225,EQ,,,
2014-05-28,30.85,32.7,30.05,30.9,44949,EQ,,,
2014-05-29,30.5,30.65,28.65,28.9,24817,EQ,,,
2014-05-30,28.15,31.0,27.6,29.75,47049,EQ,,,
2014-06-02,32.15,32.15,30.5,30.7,29032,EQ,,,
2014-06-03,30.5,31.5,29.1,30.2,29731,EQ,,,
2014-06-04,30.25,31.0,29.1,29.95,29006,EQ,,,
2014-06-05,29.95,30.7,29.25,30.1,15898,EQ,,,
2014-06-06,29.6,30.25,28.6,28.65,13967,BE,,,
2014-06-09,29.95,29.95,27.5,29.4,21867,BE,,,
2014-06-10,30.7,30.7,28.2,29.2,6197,BE,,,
2014-06-11,29.25,29.25,28.05,28.4,7736,BE,,,
2014-06-12,28.0,28.75,27.15,27.4,6865,BE,,,
2014-06-13,27.35,28.3,26.1,26.1,10525,BE,,,
2014-06-16,24.75,26.25,24.75,25.7,3545,BE,,,
2014-06-17,25.0,27.0,25.0,26.95,3622,BE,,,
2014-06-18,27.9,27.9,26.0,27.1,14086,BE,,,
2014-06-19,28.4,28.4,27.05,27.6,14295,BE,,,
2014-06-20,27.55,27.9,26.5,26.7,7515,BE,,,
2014-06-23,28.0,28.0,25.5,25.9,14308,BE,,,
2014-06-24,27.0,27.15,26.25,26.7,3506,BE,,,
2014-06-25,26.1,26.95,26.1,26.6,3111,BE,,,
2014-06-26,26.9,27.0,26.0,26.7,2120,BE,,,
2014-06-27,27.4,27.4,26.4,26.95,4900,BE,,,
2014-06-30,27.7,28.25,27.0,27.95,8262,EQ,,,
2014-07-01,28.0,28.5,27.6,27.95,6225,EQ,,,
2014-07-02,27.3,27.8,27.0,27.55,9559,EQ,,,
2014-07-03,26.6,27.5,26.3,26.9,19691,EQ,,,
2014-07-04,27.85,28.2,27.0,28.2,31027,EQ,,,
2014-07-07,28.5,29.6,28.5,29.6,29967,EQ,,,
2014-07-08,30.7,31.1,28.1,28.3,387218,EQ,,,
2014-07-09,28.1,28.1,26.9,26.9,13371,EQ,,,
2014-07-10,25.6,26.9,25.6,26.5,33135,EQ,,,
2014-07-11,26.5,26.5,25.2,25.2,9304,EQ,,,
2014-07-14,25.0,25.0,24.0,24.0,13404,EQ,,,
2014-07-15,23.5,24.0,22.9,23.3,15007,EQ,,,
2014-07-16,23.5,24.2,22.7,23.0,19112,EQ,,,
2014-07-17,22.9,23.7,22.65,23.5,11770,EQ,,,
2014-07-18,23.3,24.7,23.3,24.5,8505,EQ,,,
2014-07-21,25.25,25.4,24.5,24.5,5710,EQ,,,
2014-07-22,25.55,25.7,24.0,24.4,5840,EQ,,,
2014-07-23,24.25,25.0,24.05,24.25,3815,EQ,,,
2014-07-24,24.0,24.0,23.5,23.9,5180,EQ,,,
2014-07-25,24.0,25.05,23.0,23.25,3833,EQ,,,
2014-07-28,22.15,23.95,22.1,22.3,4701,EQ,,,
2014-07-30,21.9,22.45,21.9,22.05,8447,EQ,,,
2014-07-31,21.3,22.7,21.3,22.2,4121,EQ,,,
2014-08-01,21.5,22.7,21.5,22.15,6388,EQ,,,
2014-08-04,22.2,22.85,22.2,22.7,1059,EQ,,,
2014-08-05,22.25,23.0,22.25,22.5,1645,EQ,,,
2014-08-06,22.05,23.2,22.05,22.75,6985,EQ,,,
2014-08-07,23.9,23.9,23.2,23.9,14221,EQ,,,
2014-08-08,24.7,24.7,23.0,23.25,8312,EQ,,,
2014-08-11,23.0,23.05,22.15,22.4,3119,EQ,,,
2014-08-12,22.05,22.9,22.05,22.5,2663,EQ,,,
2014-08-13,22.25,22.7,21.5,22.1,4064,EQ,,,
2014-08-14,22.9,22.9,21.25,21.65,6534,EQ,,,
2014-08-18,21.5,22.3,21.5,22.3,3697,EQ,,,
2014-08-19,22.5,22.5,22.0,22.15,8744,EQ,,,
2014-08-20,22.25,23.25,21.35,23.25,7316,EQ,,,
2014-08-21,22.25,24.2,22.25,23.9,3955,EQ,,,
2014-08-22,24.65,24.75,23.9,24.2,5476,EQ,,,
2014-08-25,23.5,25.4,23.0,24.25,6798,EQ,,,
2014-08-26,24.0,24.25,23.1,23.5,4628,EQ,,,
2014-08-27,24.0,24.6,22.75,23.05,7671,EQ,,,
2014-08-28,23.9,23.9,23.3,23.4,3296,EQ,,,
2014-09-01,23.5,23.5,22.65,23.3,7305,EQ,,,
2014-09-02,23.05,24.4,23.05,23.3,2940,EQ,,,
2014-09-03,24.0,24.0,23.3,23.4,1646,EQ,,,
2014-09-04,23.75,24.3,23.5,23.55,7903,EQ,,,
2014-09-05,24.2,25.9,24.2,25.9,24436,EQ,,,
2014-09-08,27.0,27.1,25.8,26.15,8970,EQ,,,
2014-09-09,25.75,25.75,25.4,25.65,3780,EQ,,,
2014-09-10,24.95,27.1,24.9,26.3,16522,EQ,,,
2014-09-11,27.2,27.2,26.1,26.6,6093,EQ,,,
2014-09-12,26.9,26.95,26.0,26.25,2968,EQ,,,
2014-09-15,26.75,26.9,26.55,26.6,3906,EQ,,,
2014-09-16,26.5,27.35,25.8,26.0,13373,EQ,,,
2014-09-17,26.0,26.4,25.5,26.0,2437,EQ,,,
2014-09-18,26.0,26.8,25.3,26.5,11566,EQ,,,
2014-09-19,27.5,27.5,26.0,26.2,10671,EQ,,,
2014-09-22,26.75,26.75,25.55,26.0,5250,EQ,,,
2014-09-23,25.75,26.0,24.25,24.7,11467,EQ,,,
2014-09-24,24.75,25.05,24.1,24.9,3391,EQ,,,
2014-09-25,24.5,25.2,23.8,24.35,3456,EQ,,,
2014-09-26,23.5,24.9,23.5,24.5,3493,EQ,,,
2014-09-29,25.55,25.55,24.0,24.1,5754,EQ,,,
2014-09-30,24.25,25.95,24.25,25.5,7618,EQ,,,
2014-10-01,25.4,25.95,25.0,25.3,1453,EQ,,,
2014-10-07,25.05,25.05,23.4,24.0,10686,EQ,,,
2014-10-08,23.4,24.75,23.35,24.05,3796,EQ,,,
2014-10-09,25.0,25.0,23.6,24.0,3699,EQ,,,
2014-10-10,23.8,23.8,22.7,23.5,3447,EQ,,,
2014-10-13,23.75,24.1,23.2,23.7,2724,EQ,,,
2014-10-14,23.5,24.0,23.1,23.4,8630,EQ,,,
2014-10-16,23.05,23.55,22.8,23.2,3067,EQ,,,
2014-10-17,23.7,24.0,22.3,23.25,2827,EQ,,,
2014-10-20,23.1,23.5,23.05,23.25,9069,EQ,,,
2014-10-21,23.4,24.0,23.2,23.6,3243,EQ,,,
2014-10-22,24.0,24.0,23.1,23.75,647,EQ,,,
2014-10-23,24.65,25.0,24.3,24.65,3456,EQ,,,
2014-10-27,25.45,25.6,25.0,25.4,4845,EQ,,,
2014-10-28,25.6,25.65,24.65,25.55,8916,EQ,,,
2014-10-29,25.55,28.0,25.5,27.6,20199,EQ,,,
2014-10-30,27.2,28.25,26.45,27.8,13578,EQ,,,
2014-10-31,27.95,28.0,27.1,27.3,10076,EQ,,,
2014-11-03,27.5,29.5,27.4,29.3,30444,EQ,,,
2014-11-05,32.5,32.5,28.8,31.2,37309,EQ,,,
2014-11-07,31.15,32.75,30.0,30.1,21641,EQ,,,
2014-11-10,29.0,30.1,28.55,29.85,36080,EQ,,,
2014-11-11,29.6,32.05,29.6,31.9,34790,EQ,,,
2014-11-12,31.5,32.5,31.5,31.9,41343,EQ,,,
2014-11-13,32.0,33.4,30.75,30.95,22002,EQ,,,
2014-11-14,30.7,31.75,30.25,30.65,7282,EQ,,,
2014-11-17,30.5,36.75,30.5,36.75,165070,EQ,,,
2014-11-18,37.4,38.25,34.65,35.4,85331,EQ,,,
2014-11-19,36.25,39.0,36.0,36.9,123887,EQ,,,
2014-11-20,36.9,40.35,35.9,39.1,61925,EQ,,,
2014-11-21,40.5,41.0,37.95,38.75,28106,EQ,,,
2014-11-24,39.0,39.3,37.55,38.8,19593,EQ,,,
2014-11-25,38.5,38.5,36.05,36.9,19344,EQ,,,
2014-11-26,36.55,38.5,36.4,38.25,22013,EQ,,,
2014-11-27,39.0,40.5,37.25,38.0,20541,EQ,,,
2014-11-28,38.95,39.9,37.9,38.0,9095,EQ,,,
2014-12-01,37.6,38.95,37.0,37.7,9306,EQ,,,
2014-12-02,37.6,38.6,37.0,38.0,6613,EQ,,,
2014-12-03,38.3,41.75,36.9,40.9,69464,EQ,,,
2014-12-04,41.0,42.25,40.5,40.65,29713,EQ,,,
2014-12-05,40.6,42.35,39.0,40.05,56154,EQ,,,
2014-12-08,40.5,40.5,38.85,39.2,9749,EQ,,,
2014-12-09,39.7,41.7,39.05,40.35,31626,EQ,,,
2014-12-10,40.0,42.2,39.95,41.7,15779,EQ,,,
2014-12-11,41.5,42.35,40.8,41.8,27932,EQ,,,
2014-12-12,42.35,44.9,40.2,42.6,34963,EQ,,,
2014-12-15,43.0,43.0,40.55,40.8,8296,EQ,,,
2014-12-16,40.75,41.95,39.75,40.9,18735,EQ,,,
2014-12-17,40.5,42.0,38.5,41.2,17907,EQ,,,
2014-12-18,42.35,48.0,41.6,45.2,74181,EQ,,,
2014-12-19,46.65,47.45,43.65,44.65,33201,EQ,,,
2014-12-22,45.0,46.25,44.6,45.05,21038,EQ,,,
2014-12-23,47.3,47.3,43.2,44.1,6467,EQ,,,
2014-12-24,43.85,46.0,43.5,44.6,15111,EQ,,,
2014-12-26,44.25,45.45,43.0,43.7,4930,EQ,,,
2014-12-29,43.7,44.75,43.1,43.75,3553,EQ,,,
2014-12-30,43.5,48.0,42.55,44.4,8560,EQ,,,
2014-12-31,44.3,45.9,44.0,44.15,16687,EQ,,,
2015-01-01,43.8,44.8,43.8,44.0,1964,EQ,,,
2015-01-02,44.0,46.4,43.9,44.6,18137,EQ,,,
2015-01-05,44.8,45.5,44.8,45.1,3920,EQ,,,
2015-01-06,44.75,44.75,42.0,42.5,27186,EQ,,,
2015-01-07,44.75,44.75,40.7,42.9,6268,EQ,,,
2015-01-08,44.65,45.25,43.75,44.4,2027,EQ,,,
2015-01-09,45.45,45.45,42.25,42.9,8711,EQ,,,
2015-01-12,44.0,44.0,42.1,43.0,10790,EQ,,,
2015-01-13,44.15,51.5,42.1,49.9,156382,EQ,,,
2015-01-14,50.5,52.4,47.55,49.35,60039,EQ,,,
2015-01-15,48.8,50.55,45.45,46.1,30864,EQ,,,
2015-01-16,46.05,49.0,45.0,47.0,32111,EQ,,,
2015-01-19,48.0,49.0,46.65,47.5,12224,EQ,,,
2015-01-20,47.5,48.4,46.0,46.6,11304,EQ,,,
2015-01-21,46.6,46.9,44.0,44.75,10870,EQ,,,
2015-01-22,44.5,46.4,43.95,45.6,24064,EQ,,,
2015-01-23,45.5,46.1,44.5,44.8,11449,EQ,,,
2015-01-27,45.55,49.2,45.5,46.9,22509,EQ,,,
2015-01-28,46.5,47.0,45.0,45.4,12700,EQ,,,
2015-01-29,45.4,45.9,44.5,45.25,5363,EQ,,,
2015-01-30,45.3,45.65,44.5,44.6,5986,EQ,,,
2015-02-02,45.0,47.25,44.5,46.6,13816,EQ,,,
2015-02-03,47.5,51.65,45.3,49.25,66929,EQ,,,
2015-02-04,48.75,49.65,46.35,46.75,14693,EQ,,,
2015-02-05,47.0,48.55,43.95,44.85,23180,EQ,,,
2015-02-06,44.45,45.4,43.55,43.8,10791,EQ,,,
2015-02-09,43.5,45.0,41.85,42.5,12580,EQ,,,
2015-02-10,42.0,44.45,39.6,41.5,19754,EQ,,,
2015-02-11,42.05,43.5,41.75,42.5,7969,EQ,,,
2015-02-12,41.8,43.9,41.5,42.0,9866,EQ,,,
2015-02-13,43.0,43.9,41.9,42.25,17556,EQ,,,
2015-02-16,43.7,47.5,43.25,43.6,52154,EQ,,,
2015-02-18,43.55,46.0,42.8,44.0,34094,EQ,,,
2015-02-19,46.0,46.0,42.4,44.75,20077,EQ,,,
2015-02-20,45.0,46.2,43.15,44.15,34269,EQ,,,
2015-02-23,45.0,46.15,42.7,43.15,19889,EQ,,,
2015-02-24,43.3,43.3,39.0,41.1,42744,EQ,,,
2015-02-25,41.0,42.0,39.0,39.5,26494,EQ,,,
2015-02-26,40.95,46.5,38.3,44.7,315503,EQ,,,
2015-02-27,46.85,48.0,43.65,45.55,263222,EQ,,,
2015-02-28,45.95,46.0,44.0,44.2,32175,EQ,,,
2015-03-02,43.9,45.4,42.75,44.1,11732,EQ,,,
2015-03-03,43.5,44.8,42.3,43.2,12120,EQ,,,
2015-03-04,43.0,43.85,40.85,41.2,10652,EQ,,,
2015-03-05,41.45,41.5,38.7,39.75,16430,EQ,,,
2015-03-09,39.5,41.0,38.5,39.1,18145,EQ,,,
2015-03-10,40.0,40.0,38.0,38.65,12770,EQ,,,
2015-03-11,39.0,39.0,38.1,38.5,16336,EQ,,,
2015-03-12,38.55,38.9,38.0,38.3,8033,EQ,,,
2015-03-13,38.55,38.65,37.55,37.65,12679,EQ,,,
2015-03-16,37.6,37.6,36.1,36.7,12035,EQ,,,
2015-03-17,36.5,39.5,36.25,37.15,6224,EQ,,,
2015-03-18,36.75,38.0,36.25,37.6,3747,EQ,,,
2015-03-19,37.25,37.95,34.75,35.3,6061,EQ,,,
2015-03-20,35.3,35.75,34.25,34.75,21883,EQ,,,
2015-03-23,35.0,35.0,33.3,33.6,6825,EQ,,,
2015-03-24,33.3,34.5,32.65,33.1,9584,EQ,,,
2015-03-25,33.8,33.8,32.5,33.25,10020,EQ,,,
2015-03-26,33.7,33.7,32.8,32.9,8115,EQ,,,
2015-03-27,32.6,33.5,30.3,31.6,27095,EQ,,,
2015-03-30,31.5,33.8,31.5,32.6,8902,EQ,,,
2015-03-31,33.3,34.15,31.05,32.2,18398,EQ,,,
2015-04-01,33.45,35.5,33.0,35.0,8705,EQ,,,
2015-04-06,37.5,37.5,35.75,36.6,10149,EQ,,,
2015-04-07,36.4,37.25,34.8,37.15,7249,EQ,,,
2015-04-08,38.45,38.45,36.25,36.5,7198,EQ,,,
2015-04-09,36.5,36.6,34.15,35.2,5850,EQ,,,
2015-04-10,36.85,36.85,35.2,35.8,5678,EQ,,,
2015-04-13,36.5,37.35,35.65,36.35,7328,EQ,,,
2015-04-15,37.0,37.0,35.55,35.65,9193,EQ,,,
2015-04-16,35.35,35.9,34.15,35.45,9910,EQ,,,
2015-04-17,35.0,35.65,34.0,34.4,2752,EQ,,,
2015-04-20,34.5,34.5,33.35,33.7,30273,EQ,,,
2015-04-21,34.45,34.7,33.5,33.6,2454,EQ,,,
2015-04-22,34.0,34.4,33.5,33.9,2760,EQ,,,
2015-04-23,33.8,34.0,32.55,32.95,4476,EQ,,,
2015-04-24,32.6,33.15,31.5,32.15,4126,EQ,,,
2015-04-27,34.1,34.1,31.4,31.6,4036,EQ,,,
2015-04-28,33.5,33.5,31.2,32.55,4480,EQ,,,
2015-04-29,33.3,33.35,31.6,32.2,6004,EQ,,,
2015-04-30,32.25,33.75,32.05,32.9,2935,EQ,,,
2015-05-04,33.4,33.95,32.75,33.0,3257,EQ,,,
2015-05-05,33.75,35.2,32.75,34.6,3775,EQ,,,
2015-05-06,34.5,35.3,33.35,33.6,2926,EQ,,,
2015-05-07,34.3,35.0,33.1,33.85,5053,EQ,,,
2015-05-08,35.0,35.0,33.65,34.4,1508,EQ,,,
2015-05-11,34.75,34.75,33.5,34.1,944,EQ,,,
2015-05-12,33.75,33.9,32.0,32.9,1477,EQ,,,
2015-05-13,34.0,34.0,32.6,32.9,3120,EQ,,,
2015-05-14,32.75,34.5,32.75,34.0,2151,EQ,,,
2015-05-15,34.3,34.3,33.0,34.0,811,EQ,,,
2015-05-18,33.5,33.5,32.6,33.25,2689,EQ,,,
2015-05-19,33.4,34.0,32.6,32.8,954,EQ,,,
2015-05-20,33.15,33.15,32.8,33.1,450,EQ,,,
2015-05-21,32.75,33.3,32.25,32.7,3260,EQ,,,
2015-05-22,32.5,33.2,31.6,32.05,2156,EQ,,,
2015-05-25,31.8,32.95,31.8,32.1,1146,EQ,,,
2015-05-26,32.15,33.95,32.1,32.75,4006,EQ,,,
2015-05-27,32.5,38.9,31.85,36.4,131887,EQ,,,
2015-05-28,36.0,37.25,33.15,34.6,16157,EQ,,,
2015-05-29,35.5,35.5,32.85,33.9,9303,EQ,,,
2015-06-01,34.0,36.0,33.7,35.05,4159,EQ,,,
2015-06-02,35.0,35.0,32.75,33.25,6549,EQ,,,
2015-06-03,33.15,33.9,31.75,32.2,11671,EQ,,,
2015-06-04,34.3,34.3,31.2,32.0,5651,EQ,,,
2015-06-05,34.4,34.4,31.6,32.15,3515,EQ,,,
2015-06-08,34.0,34.95,32.5,33.6,4919,EQ,,,
2015-06-09,33.0,34.9,32.7,33.4,10165,EQ,,,
2015-06-10,33.9,33.9,33.1,33.8,169,EQ,,,
2015-06-11,35.5,35.55,31.9,32.8,4992,EQ,,,
2015-06-12,32.5,32.5,26.25,31.5,13688,EQ,,,
2015-06-15,33.5,33.5,29.65,31.4,4382,EQ,,,
2015-06-16,31.3,32.0,30.6,31.7,2864,EQ,,,
2015-06-17,32.5,33.45,31.25,32.0,5986,EQ,,,
2015-06-18,33.0,33.0,32.0,32.25,1451,EQ,,,
2015-06-19,34.0,34.0,31.7,32.4,2130,EQ,,,
2015-06-22,32.5,33.4,32.35,32.65,2724,EQ,,,
2015-06-23,32.5,34.5,32.5,34.2,3463,EQ,,,
2015-06-24,33.5,34.4,32.9,34.3,4096,EQ,,,
2015-06-25,34.0,37.25,33.15,35.5,11679,EQ,,,
2015-06-26,35.75,38.75,35.2,38.05,31355,EQ,,,
2015-06-29,37.75,39.25,36.5,38.9,15248,EQ,,,
2015-06-30,38.5,40.8,38.5,39.25,18693,EQ,,,
2015-07-01,40.75,40.75,38.0,38.8,8258,EQ,,,
2015-07-02,39.25,39.25,38.2,38.7,1849,EQ,,,
2015-07-03,38.5,40.0,37.9,38.8,5240,EQ,,,
2015-07-06,37.8,41.5,37.8,41.0,43022,EQ,,,
2015-07-07,43.95,43.95,39.0,39.5,5868,EQ,,,
2015-07-08,39.5,40.75,38.5,38.7,3598,EQ,,,
2015-07-09,38.6,39.45,37.85,38.05,1590,EQ,,,
2015-07-10,38.0,39.15,37.8,38.0,2029,EQ,,,
2015-07-13,37.8,38.5,36.8,37.9,5146,EQ,,,
2015-07-14,39.1,39.6,38.1,39.0,6088,EQ,,,
2015-07-15,39.75,39.8,37.75,38.25,2716,EQ,,,
2015-07-16,39.2,41.2,38.1,40.3,9968,EQ,,,
2015-07-17,41.7,43.0,40.6,41.9,26524,EQ,,,
2015-07-20,41.75,42.3,40.5,41.85,3417,EQ,,,
2015-07-21,41.55,43.5,41.0,42.65,14314,EQ,,,
2015-07-22,42.25,42.75,41.6,42.4,8058,EQ,,,
2015-07-23,42.0,42.45,41.4,42.0,3389,EQ,,,
2015-07-24,41.5,43.45,40.0,42.65,7250,EQ,,,
2015-07-27,47.45,47.5,44.3,44.95,61520,EQ,,,
2015-07-28,44.9,46.0,44.1,44.5,10490,EQ,,,
2015-07-29,44.5,45.5,44.0,44.4,10147,EQ,,,
2015-07-30,45.0,45.5,43.5,43.6,6685,EQ,,,
2015-07-31,44.95,45.0,43.8,44.75,8190,EQ,,,
2015-08-03,44.5,45.5,43.5,45.15,11108,EQ,,,
2015-08-04,45.0,45.5,44.15,44.65,8142,EQ,,,
2015-08-05,45.5,45.5,44.2,45.0,5461,EQ,,,
2015-08-06,44.5,45.0,41.4,43.0,22542,EQ,,,
2015-08-07,42.5,44.4,42.25,43.6,7008,EQ,,,
2015-08-10,45.0,46.0,42.6,44.2,5973,EQ,,,
2015-08-11,44.25,45.0,44.0,44.85,7413,EQ,,,
2015-08-12,44.5,44.5,43.55,44.15,2225,EQ,,,
2015-08-13,44.65,45.15,42.3,43.05,12711,EQ,,,
2015-08-14,40.95,41.5,38.1,39.85,31413,EQ,,,
2015-08-17,40.5,41.0,39.05,39.75,5142,EQ,,,
2015-08-18,39.5,41.0,38.5,39.1,6354,EQ,,,
2015-08-19,39.95,40.4,38.75,39.4,4857,EQ,,,
2015-08-20,39.5,39.7,38.3,38.55,4299,EQ,,,
2015-08-21,38.5,39.5,37.75,39.2,4556,EQ,,,
2015-08-24,38.5,38.5,35.55,36.3,8714,EQ,,,
2015-08-25,37.5,37.5,32.6,35.05,6131,EQ,,,
2015-08-26,35.0,36.95,34.0,35.1,4195,EQ,,,
2015-08-27,35.0,37.4,35.0,36.65,3861,EQ,,,
2015-08-28,36.0,37.7,34.25,34.55,5221,EQ,,,
2015-08-31,35.1,35.6,34.6,35.25,2394,EQ,,,
2015-09-01,34.75,35.5,34.05,34.55,4000,EQ,,,
2015-09-02,34.25,35.55,34.15,35.25,6158,EQ,,,
2015-09-03,35.4,37.4,35.4,35.75,2657,EQ,,,
2015-09-04,35.5,36.0,34.6,35.0,5962,EQ,,,
2015-09-07,34.5,35.9,33.6,34.25,8140,EQ,,,
2015-09-08,34.95,34.95,33.85,34.3,1091,EQ,,,
2015-09-09,34.15,35.4,33.8,35.0,1614,EQ,,,
2015-09-10,34.75,35.5,34.0,35.5,3537,EQ,,,
2015-09-11,36.0,36.75,34.9,35.55,1714,EQ,,,
2015-09-14,36.5,36.5,34.55,35.65,1829,EQ,,,
2015-09-15,35.75,36.5,35.5,35.5,1245,EQ,,,
2015-09-16,35.05,35.5,34.5,34.9,4081,EQ,,,
2015-09-18,33.55,36.45,33.55,35.75,1545,EQ,,,
2015-09-21,35.8,37.0,35.15,35.9,1706,EQ,,,
2015-09-22,36.0,36.25,34.25,34.7,3766,EQ,,,
2015-09-23,35.3,37.5,34.85,36.25,3508,EQ,,,
2015-09-24,36.25,36.25,35.45,35.6,5101,EQ,,,
2015-09-28,35.65,35.65,35.25,35.5,260,EQ,,,
2015-09-29,35.15,36.4,33.65,35.15,1078,EQ,,,
2015-09-30,34.75,36.0,34.5,35.7,1568,EQ,,,
2015-10-01,37.1,37.1,35.6,36.15,434,EQ,,,
2015-10-05,36.0,43.4,35.3,42.6,17255,EQ,,,
2015-10-06,45.5,45.5,40.8,41.3,13294,EQ,,,
2015-10-07,43.5,43.5,41.5,42.1,19386,EQ,,,
2015-10-08,41.75,42.0,40.75,41.4,2565,EQ,,,
2015-10-09,41.0,41.75,40.5,40.6,2069,EQ,,,
2015-10-12,44.0,44.55,40.6,41.5,6670,EQ,,,
2015-10-13,42.0,44.4,41.75,43.2,11971,EQ,,,
2015-10-14,43.35,43.85,42.0,42.4,6800,EQ,,,
2015-10-15,42.05,43.2,41.65,42.3,8663,EQ,,,
2015-10-16,42.1,43.5,41.75,42.5,6077,EQ,,,
2015-10-19,43.2,43.2,42.4,42.45,1474,EQ,,,
2015-10-20,42.7,42.95,40.9,41.1,2110,EQ,,,
2015-10-21,41.9,41.9,40.5,40.8,2735,EQ,,,
2015-10-23,40.8,41.35,40.75,41.05,3482,EQ,,,
2015-10-26,41.25,41.7,40.0,40.0,2588,EQ,,,
2015-10-27,40.05,40.5,38.65,40.0,4934,EQ,,,
2015-10-28,41.5,41.5,38.6,39.6,4851,EQ,,,
2015-10-29,39.5,42.1,39.5,41.2,3268,EQ,,,
2015-10-30,40.3,42.0,39.85,41.15,2965,EQ,,,
2015-11-02,40.5,41.0,39.75,40.4,1570,EQ,,,
2015-11-03,42.0,42.0,38.4,40.5,3297,EQ,,,
2015-11-04,40.0,41.0,39.75,40.1,977,EQ,,,
2015-11-05,40.5,42.25,39.0,40.0,16817,EQ,,,
2015-11-06,39.5,40.5,38.3,39.15,7256,EQ,,,
2015-11-09,38.75,39.5,37.0,38.6,4419,EQ,,,
2015-11-10,38.65,38.95,38.3,38.6,1148,EQ,,,
2015-11-11,42.25,42.25,39.0,39.7,1989,EQ,,,
2015-11-13,40.0,40.0,38.15,39.0,1861,EQ,,,
2015-11-16,39.25,40.0,39.25,39.25,2080,EQ,,,
2015-11-17,39.0,40.3,38.1,38.6,3529,EQ,,,
2015-11-18,38.7,39.95,38.0,38.55,1954,EQ,,,
2015-11-19,38.8,41.5,38.6,40.55,9982,EQ,,,
2015-11-20,40.65,41.0,39.5,39.8,3873,EQ,,,
2015-11-23,40.85,42.2,40.5,40.9,7979,EQ,,,
2015-11-24,42.0,42.0,40.5,41.0,3370,EQ,,,
2015-11-26,41.5,42.25,41.15,42.0,6112,EQ,,,
2015-11-27,42.1,42.9,41.15,41.8,2590,EQ,,,
2015-11-30,42.2,45.4,42.2,44.4,27437,EQ,,,
2015-12-01,45.4,45.6,43.15,43.65,29090,EQ,,,
2015-12-02,44.5,44.9,43.25,44.25,7258,EQ,,,
2015-12-03,43.5,43.5,42.65,42.75,7377,EQ,,,
2015-12-04,42.1,43.45,41.6,41.6,6522,EQ,,,
2015-12-07,44.1,44.85,40.8,41.3,5360,EQ,,,
2015-12-08,42.4,42.4,40.8,41.3,4375,EQ,,,
2015-12-09,41.0,41.0,39.1,39.75,4382,EQ,,,
2015-12-10,40.1,41.0,39.5,40.75,11282,EQ,,,
2015-12-11,40.9,43.2,40.0,42.25,11078,EQ,,,
2015-12-14,41.75,42.85,41.5,41.95,3038,EQ,,,
2015-12-15,42.5,42.8,41.8,42.05,281,EQ,,,
2015-12-16,42.5,43.2,41.0,41.6,2825,EQ,,,
2015-12-17,41.15,42.15,41.1,41.8,5053,EQ,,,
2015-12-18,43.0,43.15,42.05,42.45,6421,EQ,,,
2015-12-21,43.0,43.0,42.0,42.2,2868,EQ,,,
2015-12-22,41.75,44.55,38.4,43.35,18803,EQ,,,
2015-12-23,43.5,46.4,43.0,45.8,44065,EQ,,,
2015-12-24,46.0,46.0,44.2,45.45,21269,EQ,,,
2015-12-28,45.0,45.5,44.1,44.7,4303,EQ,,,
2015-12-29,44.5,45.5,43.1,43.7,7596,EQ,,,
2015-12-30,43.35,44.9,43.0,44.6,11090,EQ,,,
2015-12-31,44.6,44.9,43.7,44.0,2281,EQ,,,
2016-01-01,43.85,46.0,43.5,45.75,9177,EQ,,,
2016-01-04,45.15,48.5,45.15,46.9,52691,EQ,,,
2016-01-05,46.5,50.0,46.5,48.0,41315,EQ,,,
2016-01-06,49.9,49.9,44.65,45.45,55687,EQ,,,
2016-01-07,45.5,45.5,43.3,43.35,12996,EQ,,,
2016-01-08,44.25,45.5,43.4,44.5,8112,EQ,,,
2016-01-11,46.2,46.2,44.15,44.35,10976,EQ,,,
2016-01-12,45.75,45.75,43.75,44.5,5209,EQ,,,
2016-01-13,44.8,44.8,39.6,42.75,13937,EQ,,,
2016-01-14,42.0,43.5,41.0,42.1,3897,EQ,,,
2016-01-15,43.75,43.75,40.0,42.1,14390,EQ,,,
2016-01-18,40.5,42.4,37.05,39.1,8331,EQ,,,
2016-01-19,38.5,39.1,37.6,38.75,10404,EQ,,,
2016-01-20,38.0,38.25,37.05,37.85,4950,EQ,,,
2016-01-21,39.0,39.0,36.5,37.5,4976,EQ,,,
2016-01-22,39.7,39.7,36.6,38.65,9146,EQ,,,
2016-01-25,39.0,40.55,37.9,38.25,5340,EQ,,,
2016-01-27,38.1,39.2,38.0,39.0,1221,EQ,,,
2016-01-28,39.1,39.15,37.6,38.1,1895,EQ,,,
2016-01-29,39.3,39.35,38.15,39.0,4285,EQ,,,
2016-02-01,39.0,42.15,39.0,41.05,10100,EQ,,,
2016-02-02,41.0,41.6,39.1,39.5,8321,EQ,,,
2016-02-03,39.5,40.0,37.8,38.35,3203,EQ,,,
2016-02-04,38.15,39.9,37.0,37.75,13369,EQ,,,
2016-02-05,38.4,38.4,36.5,37.3,6329,EQ,,,
2016-02-08,38.75,38.75,37.3,37.7,4475,EQ,,,
2016-02-09,37.0,37.0,35.2,36.2,4664,EQ,,,
2016-02-10,36.65,37.0,34.0,35.5,15148,EQ,,,
2016-02-11,35.0,37.5,34.55,35.75,35775,EQ,,,
2016-02-12,36.2,36.2,32.6,33.5,7545,EQ,,,
2016-02-15,35.95,35.95,34.0,34.3,6596,EQ,,,
2016-02-16,35.7,35.7,32.8,33.0,3957,EQ,,,
2016-02-17,32.5,35.2,32.5,34.8,13299,EQ,,,
2016-02-18,35.95,35.95,33.65,34.0,5593,EQ,,,
2016-02-19,35.0,36.0,33.55,35.4,9659,EQ,,,
2016-02-22,36.0,37.2,32.8,34.2,19637,EQ,,,
2016-02-23,34.8,34.8,32.5,33.05,8943,EQ,,,
2016-02-24,33.1,34.7,33.1,33.9,10528,EQ,,,
2016-02-25,35.5,35.5,30.75,31.7,46303,EQ,,,
2016-02-26,31.6,31.6,29.1,30.7,13841,EQ,,,
2016-02-29,30.0,30.5,29.0,29.4,4989,EQ,,,
2016-03-01,29.3,32.5,29.3,32.0,5546,EQ,,,
2016-03-02,31.85,32.9,31.25,31.65,5324,EQ,,,
2016-03-03,30.8,32.5,30.8,32.15,5507,EQ,,,
2016-03-04,32.5,33.25,31.75,31.95,3205,EQ,,,
2016-03-08,33.0,33.0,32.0,32.35,4258,EQ,,,
2016-03-09,32.15,32.5,31.75,32.1,2180,EQ,,,
2016-03-10,33.45,33.45,32.0,32.1,1449,EQ,,,
2016-03-11,32.2,32.5,31.95,31.95,3190,EQ,,,
2016-03-14,31.7,33.0,30.9,31.3,2055,EQ,,,
2016-03-15,31.95,31.95,30.75,31.1,10131,EQ,,,
2016-03-16,31.0,31.5,29.6,31.5,12867,EQ,,,
2016-03-17,31.5,31.95,30.8,31.0,931,EQ,,,
2016-03-18,31.0,31.4,30.0,30.55,26026,EQ,,,
2016-03-21,30.7,31.3,30.7,31.3,37603,EQ,,,
2016-03-22,31.25,31.9,29.5,31.4,4436,EQ,,,
2016-03-23,31.0,32.3,30.5,31.9,9482,EQ,,,
2016-03-28,31.15,31.95,30.55,30.7,4838,EQ,,,
2016-03-29,30.5,31.0,30.4,30.5,2995,EQ,,,
2016-03-30,30.7,30.8,30.5,30.75,3047,EQ,,,
2016-03-31,30.85,31.45,30.3,30.5,2762,EQ,,,
2016-04-01,30.6,31.45,30.6,31.1,378,EQ,,,
2016-04-04,30.9,31.4,30.75,30.8,2443,EQ,,,
2016-04-05,31.5,31.7,31.45,31.6,2822,EQ,,,
2016-04-06,31.4,32.0,31.1,31.5,1190,EQ,,,
2016-04-07,31.25,31.95,30.5,30.9,9805,EQ,,,
2016-04-08,31.45,32.0,31.0,31.3,3256,EQ,,,
2016-04-11,31.6,32.75,31.5,32.25,4315,EQ,,,
2016-04-12,32.25,32.9,32.25,32.7,2409,EQ,,,
2016-04-13,33.0,34.5,32.6,34.0,4998,EQ,,,
2016-04-18,37.5,37.5,33.55,35.1,26909,EQ,,,
2016-04-20,36.5,36.5,34.5,35.0,3697,EQ,,,
2016-04-21,33.75,35.25,33.0,33.5,3935,EQ,,,
2016-04-22,33.75,34.65,33.6,34.0,2494,EQ,,,
2016-04-25,33.85,34.0,33.2,33.6,1424,EQ,,,
2016-04-26,33.2,33.9,33.0,33.5,4156,EQ,,,
2016-04-27,34.0,34.5,33.1,33.2,1539,EQ,,,
2016-04-28,32.9,34.0,32.7,33.2,3267,EQ,,,
2016-04-29,33.85,33.85,33.05,33.1,3122,EQ,,,
2016-05-02,34.4,34.5,33.3,33.5,1758,EQ,,,
2016-05-03,33.1,33.9,33.1,33.4,1797,EQ,,,
2016-05-04,32.6,33.45,32.6,33.15,2112,EQ,,,
2016-05-05,33.2,33.8,33.2,33.3,1093,EQ,,,
2016-05-06,33.2,34.75,33.2,33.65,2191,EQ,,,
2016-05-09,34.9,34.9,33.5,33.75,2282,EQ,,,
2016-05-10,34.65,34.65,32.75,33.2,3330,EQ,,,
2016-05-11,33.2,34.0,33.15,33.5,1289,EQ,,,
2016-05-12,33.5,33.55,32.9,32.9,6238,EQ,,,
2016-05-13,33.5,34.0,32.75,33.0,2791,EQ,,,
2016-05-16,33.05,33.7,32.9,33.0,4409,EQ,,,
2016-05-17,33.0,33.0,31.35,31.6,5812,EQ,,,
2016-05-18,31.5,33.0,31.25,32.9,3201,EQ,,,
2016-05-19,33.0,33.0,32.05,32.75,2665,EQ,,,
2016-05-20,32.85,32.85,31.05,31.4,5961,EQ,,,
2016-05-23,32.6,32.6,30.5,31.4,3805,EQ,,,
2016-05-24,32.0,32.0,30.6,30.9,2117,EQ,,,
2016-05-25,31.6,32.65,30.6,31.4,2065,EQ,,,
2016-05-26,31.0,32.45,31.0,32.0,2196,EQ,,,
2016-05-27,32.5,35.6,31.8,34.75,21559,EQ,,,
2016-05-30,36.0,36.5,33.65,34.15,20226,EQ,,,
2016-05-31,34.25,34.75,33.7,33.85,8442,EQ,,,
2016-06-01,34.9,34.9,33.55,33.8,1480,EQ,,,
2016-06-02,34.9,34.9,33.1,33.5,674,EQ,,,
2016-06-03,34.5,34.5,33.25,33.25,1133,EQ,,,
2016-06-06,34.45,34.45,32.9,33.4,1215,EQ,,,
2016-06-07,34.4,34.4,33.0,33.5,4152,EQ,,,
2016-06-08,34.45,34.45,33.3,33.35,2397,EQ,,,
2016-06-09,33.3,34.0,33.1,33.1,1952,EQ,,,
2016-06-10,33.95,34.15,33.25,33.6,3411,EQ,,,
2016-06-13,34.0,34.55,32.8,34.25,4290,EQ,,,
2016-06-14,35.7,35.7,34.15,34.15,6836,EQ,,,
2016-06-15,35.3,35.3,33.05,33.5,11212,EQ,,,
2016-06-16,35.0,35.0,33.5,33.5,12365,EQ,,,
2016-06-17,34.4,34.4,31.3,32.35,14012,EQ,,,
2016-06-20,32.5,34.0,32.35,32.75,6951,EQ,,,
2016-06-21,33.6,33.6,31.6,32.0,9777,EQ,,,
2016-06-22,32.4,32.4,31.1,31.3,3419,EQ,,,
2016-06-23,32.15,32.35,31.5,32.05,4693,EQ,,,
2016-06-24,31.5,33.0,31.0,32.6,11956,EQ,,,
2016-06-27,34.0,34.0,31.9,32.05,1204,EQ,,,
2016-06-28,33.9,33.9,32.65,32.75,1407,EQ,,,
2016-06-29,33.6,34.45,33.2,33.25,2928,EQ,,,
2016-06-30,34.1,34.4,33.35,33.5,4518,EQ,,,
2016-07-01,34.0,34.2,33.2,34.0,1895,EQ,,,
2016-07-04,34.95,34.95,33.15,33.6,3220,EQ,,,
2016-07-05,34.15,34.15,33.5,33.95,3890,EQ,,,
2016-07-07,34.3,34.95,33.95,34.2,5057,EQ,,,
2016-07-08,35.7,41.0,33.7,40.75,102459,EQ,,,
2016-07-11,42.45,43.35,39.05,39.5,122084,EQ,,,
2016-07-12,40.0,40.4,37.05,37.5,36040,EQ,,,
2016-07-13,38.4,39.5,37.3,37.6,3111,EQ,,,
2016-07-14,37.0,38.4,36.1,37.35,9052,EQ,,,
2016-07-15,37.4,40.6,35.8,39.4,36877,EQ,,,
2016-07-18,39.8,43.25,37.3,40.0,46118,EQ,,,
2016-07-19,41.0,41.0,39.5,39.9,4684,EQ,,,
2016-07-20,40.0,40.0,38.4,39.1,5372,EQ,,,
2016-07-21,40.0,40.2,37.9,38.4,10014,EQ,,,
2016-07-22,39.4,41.45,38.2,38.7,16329,EQ,,,
2016-07-25,40.15,40.15,38.5,39.25,8441,EQ,,,
2016-07-26,39.75,40.0,38.0,38.4,9569,EQ,,,
2016-07-27,38.5,42.15,38.5,41.3,47174,EQ,,,
2016-07-28,40.5,43.2,40.5,41.65,18126,EQ,,,
2016-07-29,42.5,42.5,39.25,39.75,3878,EQ,,,
2016-08-01,41.0,41.0,38.55,39.1,5167,EQ,,,
2016-08-02,40.6,40.6,38.55,39.0,8385,EQ,,,
2016-08-03,38.65,39.5,38.65,38.9,2153,EQ,,,
2016-08-04,40.0,40.5,38.5,39.1,5695,EQ,,,
2016-08-05,38.0,42.5,38.0,41.5,26674,EQ,,,
2016-08-08,42.5,44.0,41.75,43.4,28591,EQ,,,
2016-08-09,43.0,44.4,42.5,42.7,17608,EQ,,,
2016-08-10,42.5,42.9,40.4,41.35,6476,EQ,,,
2016-08-11,42.65,42.65,40.5,41.45,4003,EQ,,,
2016-08-12,42.65,42.65,40.1,40.9,7855,EQ,,,
2016-08-16,42.3,42.3,40.0,40.1,8056,EQ,,,
2016-08-17,41.5,42.0,40.0,40.4,6738,EQ,,,
2016-08-18,41.75,44.0,41.75,43.0,36531,EQ,,,
2016-08-19,43.7,46.0,42.75,45.2,28547,EQ,,,
2016-08-22,44.5,46.45,43.75,45.75,24135,EQ,,,
2016-08-23,45.9,45.9,45.0,45.1,4763,EQ,,,
2016-08-24,45.8,45.85,43.45,44.6,12334,EQ,,,
2016-08-25,45.5,46.5,44.5,44.75,8424,EQ,,,
2016-08-26,45.5,45.5,44.0,44.15,8191,EQ,,,
2016-08-29,45.5,46.75,43.5,44.5,19442,EQ,,,
2016-08-30,44.3,46.2,44.1,44.9,6808,EQ,,,
2016-08-31,45.55,45.65,44.55,44.6,1566,EQ,,,
2016-09-01,43.35,45.3,43.35,44.0,3392,EQ,,,
2016-09-02,44.9,44.95,42.8,43.5,5133,EQ,,,
2016-09-06,44.4,44.75,43.5,43.85,2219,EQ,,,
2016-09-07,43.5,44.0,42.75,43.9,3314,EQ,,,
2016-09-08,44.0,44.5,43.75,43.75,1260,EQ,,,
2016-09-09,43.6,44.85,43.25,43.9,1962,EQ,,,
2016-09-12,43.6,44.4,43.2,43.4,3842,EQ,,,
2016-09-14,41.9,45.75,41.9,45.4,8539,EQ,,,
2016-09-15,44.95,45.5,44.5,45.1,4440,EQ,,,
2016-09-16,45.9,49.2,45.5,46.95,63114,EQ,,,
2016-09-19,47.95,49.0,47.6,48.3,15263,EQ,,,
2016-09-20,48.5,51.5,48.1,50.5,63230,EQ,,,
2016-09-21,50.1,51.0,48.5,48.6,14526,EQ,,,
2016-09-22,49.05,49.75,48.0,48.75,5248,EQ,,,
2016-09-23,48.75,49.0,47.6,47.7,7000,EQ,,,
2016-09-26,47.35,47.7,45.25,45.65,15213,EQ,,,
2016-09-27,47.5,47.5,45.0,45.4,3595,EQ,,,
2016-09-28,47.0,47.0,45.15,45.65,4340,EQ,,,
2016-09-29,46.8,46.8,41.3,43.0,22419,EQ,,,
2016-09-30,43.0,46.5,43.0,44.4,9071,EQ,,,
2016-10-03,45.9,45.95,44.6,45.15,4784,EQ,,,
2016-10-04,45.3,46.2,44.6,44.9,3970,EQ,,,
2016-10-05,46.5,46.5,44.6,45.6,2031,EQ,,,
2016-10-06,46.4,47.1,45.3,45.35,3000,EQ,,,
2016-10-07,45.35,45.6,44.15,45.15,6617,EQ,,,
2016-10-10,45.0,46.7,44.75,45.8,3609,EQ,,,
2016-10-13,46.25,47.35,43.6,44.25,5041,EQ,,,
2016-10-14,45.5,45.5,44.5,44.5,282,EQ,,,
2016-10-17,45.0,45.0,43.6,44.05,3133,EQ,,,
2016-10-18,44.5,45.4,44.1,44.75,2689,EQ,,,
2016-10-19,46.5,46.5,44.75,45.1,3159,EQ,,,
2016-10-20,45.05,46.25,44.8,45.7,3280,EQ,,,
2016-10-21,45.0,47.0,45.0,46.4,5219,EQ,,,
2016-10-24,46.9,47.45,45.5,46.0,1403,EQ,,,
2016-10-25,46.95,47.0,46.1,46.25,2363,EQ,,,
2016-10-26,47.4,47.4,45.55,46.75,4071,EQ,,,
2016-10-27,46.5,46.9,45.2,45.55,1958,EQ,,,
2016-10-28,45.8,46.2,45.8,46.0,1748,EQ,,,
2016-10-30,47.45,48.3,46.25,47.6,5818,EQ,,,
2016-11-01,47.0,57.15,47.0,52.35,335940,EQ,,,
2016-11-02,51.5,54.3,48.65,51.45,78721,EQ,,,
2016-11-03,52.0,52.6,49.5,49.8,21757,EQ,,,
2016-11-04,49.25,51.4,45.8,47.35,43092,EQ,,,
2016-11-07,49.25,51.0,47.1,47.7,15864,EQ,,,
2016-11-08,47.65,49.5,47.3,47.65,4540,EQ,,,
2016-11-09,45.0,46.9,40.0,45.25,44263,EQ,,,
2016-11-10,48.0,49.5,46.5,46.9,9373,EQ,,,
2016-11-11,45.5,47.2,45.5,46.15,6877,EQ,,,
2016-11-15,45.5,45.5,37.85,41.6,27426,EQ,,,
2016-11-16,42.5,45.2,40.05,43.0,15340,EQ,,,
2016-11-17,42.6,43.75,42.5,42.75,4539,EQ,,,
2016-11-18,42.5,43.95,42.5,43.35,10373,EQ,,,
2016-11-21,43.35,43.4,41.1,42.4,9962,EQ,,,
2016-11-22,45.0,45.0,40.5,40.9,5715,EQ,,,
2016-11-23,40.3,43.6,40.3,43.3,8482,EQ,,,
2016-11-24,42.5,43.9,42.5,42.75,2594,EQ,,,
2016-11-25,42.75,44.9,42.75,44.15,2922,EQ,,,
2016-11-28,43.5,44.85,42.75,44.1,2925,EQ,,,
2016-11-29,45.0,46.95,44.4,44.9,5845,EQ,,,
2016-11-30,45.0,46.4,44.75,45.1,1142,EQ,,,
2016-12-01,45.25,46.85,44.75,45.1,2012,EQ,,,
2016-12-02,44.5,46.4,44.5,44.7,2291,EQ,,,
2016-12-05,46.5,46.5,43.65,44.0,3670,EQ,,,
2016-12-06,43.5,44.9,43.15,44.75,1513,EQ,,,
2016-12-07,44.75,45.5,44.25,45.1,4354,EQ,,,
2016-12-08,45.5,46.35,44.9,45.6,1871,EQ,,,
2016-12-09,46.5,46.5,44.05,45.15,1291,EQ,,,
2016-12-12,46.7,47.9,45.45,46.4,35689,EQ,,,
2016-12-13,45.5,47.0,45.1,45.75,1881,EQ,,,
2016-12-14,45.5,45.5,43.1,43.2,14228,EQ,,,
2016-12-15,44.3,44.4,43.5,44.0,4027,EQ,,,
2016-12-16,44.7,45.5,44.0,44.3,20398,EQ,,,
2016-12-19,44.0,45.15,43.05,44.4,1647,EQ,,,
2016-12-20,44.75,44.75,43.05,43.75,3973,EQ,,,
2016-12-21,44.4,44.4,43.2,44.1,1083,EQ,,,
2016-12-22,43.5,43.5,41.8,43.1,6516,EQ,,,
2016-12-23,42.5,43.9,42.1,42.5,2921,EQ,,,
2016-12-26,42.6,42.6,41.15,41.6,2516,EQ,,,
2016-12-27,41.5,43.2,41.1,42.9,2225,EQ,,,
2016-12-28,42.5,43.7,41.75,42.0,656,EQ,,,
2016-12-29,42.15,43.3,42.1,42.4,1270,EQ,,,
2016-12-30,42.65,43.9,42.5,42.8,2909,EQ,,,
2017-01-02,42.9,43.8,37.7,42.25,25701,EQ,,,
2017-01-03,42.3,46.0,42.3,45.0,17902,EQ,,,
2017-01-04,45.5,47.2,45.5,45.85,12089,EQ,,,
2017-01-05,46.25,46.4,45.55,46.0,4680,EQ,,,
2017-01-06,46.5,46.5,45.05,45.7,4151,EQ,,,
2017-01-09,45.4,45.95,45.0,45.8,1565,EQ,,,
2017-01-10,45.8,46.5,45.3,45.45,6520,EQ,,,
2017-01-11,47.25,50.0,47.25,48.9,199750,EQ,,,
2017-01-12,50.4,52.0,47.5,48.65,32400,EQ,,,
2017-01-13,48.65,49.0,47.5,48.6,8867,EQ,,,
2017-01-16,49.05,49.05,47.75,48.3,9552,EQ,,,
2017-01-17,48.5,48.5,47.0,47.15,5079,EQ,,,
2017-01-18,48.45,48.45,47.1,47.2,9268,EQ,,,
2017-01-19,47.5,47.5,46.25,46.6,6090,EQ,,,
2017-01-20,47.4,48.25,45.65,46.6,10298,EQ,,,
2017-01-23,47.75,47.8,45.6,46.75,2329,EQ,,,
2017-01-24,46.7,47.0,46.1,46.45,4364,EQ,,,
2017-01-25,46.5,47.3,46.5,46.75,4057,EQ,,,
2017-01-27,47.0,47.0,45.5,45.8,4438,EQ,,,
2017-01-30,46.0,46.25,44.75,45.05,5551,EQ,,,
2017-01-31,45.7,45.75,43.35,43.7,11692,EQ,,,
2017-02-01,43.25,45.0,42.05,44.3,19353,EQ,,,
2017-02-02,44.25,44.25,42.0,42.95,10477,EQ,,,
2017-02-03,42.55,44.2,42.55,43.3,4389,EQ,,,
2017-02-06,43.95,44.9,43.0,43.5,5080,EQ,,,
2017-02-07,43.0,44.35,42.5,43.25,3916,EQ,,,
2017-02-08,44.15,44.15,42.9,43.1,1093,EQ,,,
2017-02-09,43.05,43.4,42.5,42.85,7726,EQ,,,
2017-02-10,42.5,42.75,41.6,42.1,7943,EQ,,,
2017-02-13,41.5,43.0,40.5,41.6,1682,EQ,,,
2017-02-14,41.5,41.55,39.65,40.5,7633,EQ,,,
2017-02-15,40.1,41.45,38.5,39.15,7587,EQ,,,
2017-02-16,40.0,40.0,38.6,39.9,4354,EQ,,,
2017-02-17,39.5,40.4,38.75,39.8,5024,EQ,,,
2017-02-20,39.75,39.75,39.25,39.5,3140,EQ,,,
2017-02-21,39.6,40.9,37.9,39.65,13088,EQ,,,
2017-02-22,39.8,40.25,39.0,39.6,2628,EQ,,,
2017-02-23,40.0,40.45,38.5,38.9,8142,EQ,,,
2017-02-27,38.6,39.95,38.6,38.9,3282,EQ,,,
2017-02-28,39.45,39.9,38.55,38.9,6828,EQ,,,
2017-03-01,39.0,39.7,38.2,38.6,5775,EQ,,,
2017-03-02,39.3,40.5,38.05,38.5,14485,EQ,,,
2017-03-03,38.6,38.9,37.75,38.1,6347,EQ,,,
2017-03-06,38.15,39.25,38.05,38.9,2035,EQ,,,
2017-03-07,39.0,39.8,38.1,39.45,4419,EQ,,,
2017-03-08,39.25,39.65,38.1,38.6,3401,EQ,,,
2017-03-09,39.6,39.6,38.5,38.55,951,EQ,,,
2017-03-10,38.75,38.75,38.7,38.7,472,EQ,,,
2017-03-14,38.9,39.55,38.8,39.15,3113,EQ,,,
2017-03-15,40.3,40.3,38.55,39.5,2877,EQ,,,
2017-03-16,39.25,40.45,39.25,39.75,6840,EQ,,,
2017-03-17,39.5,40.4,38.65,39.2,4671,EQ,,,
2017-03-20,39.5,40.0,38.7,38.85,3071,EQ,,,
2017-03-21,39.75,39.9,38.6,38.95,2810,EQ,,,
2017-03-22,39.0,39.0,38.05,38.35,5168,EQ,,,
2017-03-23,38.0,40.6,37.5,39.75,11349,EQ,,,
2017-03-24,39.6,41.6,39.6,40.4,5596,EQ,,,
2017-03-27,40.4,41.25,38.5,40.3,9151,EQ,,,
2017-03-28,41.5,41.5,39.75,40.1,7080,EQ,,,
2017-03-29,40.05,40.4,38.7,39.45,15098,EQ,,,
2017-03-30,39.6,40.5,39.6,40.0,340,EQ,,,
2017-03-31,41.4,41.4,38.0,38.9,8772,EQ,,,
2017-04-03,38.8,40.5,38.8,39.1,8933,EQ,,,
2017-04-05,39.5,40.2,39.5,40.0,4711,EQ,,,
2017-04-06,41.6,42.1,40.6,41.4,11958,EQ,,,
2017-04-07,41.65,43.0,41.0,42.35,15284,EQ,,,
2017-04-10,43.0,44.0,42.5,42.65,6803,EQ,,,
2017-04-11,42.65,45.2,42.65,44.5,17003,EQ,,,
2017-04-12,44.1,44.1,42.2,43.3,4157,EQ,,,
2017-04-13,44.0,44.2,42.25,43.0,6625,EQ,,,
2017-04-17,43.0,45.25,42.6,44.5,12607,EQ,,,
2017-04-18,45.5,46.3,43.75,44.6,26073,EQ,,,
2017-04-19,46.4,46.4,44.1,45.75,12183,EQ,,,
2017-04-20,46.5,47.45,46.0,46.2,10008,EQ,,,
2017-04-21,46.5,48.6,45.1,47.25,14006,EQ,,,
2017-04-24,47.0,50.85,47.0,50.2,132845,EQ,,,
2017-04-25,51.0,51.0,48.55,49.5,30641,EQ,,,
2017-04-26,50.0,50.65,48.5,49.65,24497,EQ,,,
2017-04-27,50.35,50.4,49.1,49.6,17099,EQ,,,
2017-04-28,51.4,51.4,49.05,49.9,10554,EQ,,,
2017-05-02,49.9,49.9,47.8,48.0,3924,EQ,,,
2017-05-03,49.0,49.4,46.5,46.6,8583,EQ,,,
2017-05-04,47.35,47.4,45.1,45.75,4185,EQ,,,
2017-05-05,46.0,46.0,43.8,45.0,3986,EQ,,,
2017-05-08,45.0,46.3,44.9,46.05,5780,EQ,,,
2017-05-09,46.5,46.5,45.05,45.2,3884,EQ,,,
2017-05-10,46.0,46.2,44.55,46.1,5460,EQ,,,
2017-05-11,46.75,47.65,45.55,46.4,7118,EQ,,,
2017-05-12,46.05,52.2,44.2,51.2,104628,EQ,,,
2017-05-15,52.5,52.7,49.0,50.4,47126,EQ,,,
2017-05-16,51.95,51.95,48.6,50.1,22559,EQ,,,
2017-05-17,50.75,50.75,48.4,49.5,6066,EQ,,,
2017-05-18,49.0,49.5,47.15,48.45,3624,EQ,,,
2017-05-19,47.7,49.9,45.8,49.25,21284,EQ,,,
2017-05-22,49.8,49.8,46.65,47.7,4168,EQ,,,
2017-05-23,47.15,49.6,45.75,48.6,9325,EQ,,,
2017-05-24,48.0,48.45,45.05,45.2,8631,EQ,,,
2017-05-25,45.2,46.5,44.75,45.4,9710,EQ,,,
2017-05-26,46.4,46.4,44.5,45.0,6611,EQ,,,
2017-05-29,42.5,46.7,42.5,45.95,24400,EQ,,,
2017-05-30,45.0,45.4,44.25,44.8,2001,EQ,,,
2017-05-31,44.5,45.0,43.5,43.65,2466,EQ,,,
2017-06-01,44.25,44.8,42.9,43.45,6216,EQ,,,
2017-06-02,43.6,43.6,42.6,42.95,7455,EQ,,,
2017-06-05,43.0,44.0,42.0,42.15,8481,EQ,,,
2017-06-06,42.65,43.0,41.6,41.8,6245,EQ,,,
2017-06-07,43.0,43.0,42.05,42.25,4841,EQ,,,
2017-06-08,43.0,43.0,42.0,42.1,2894,EQ,,,
2017-06-09,42.0,50.5,42.0,49.2,100006,EQ,,,
2017-06-12,51.5,52.0,46.2,47.5,68362,EQ,,,
2017-06-13,48.8,48.8,46.65,47.4,9176,EQ,,,
2017-06-14,47.5,47.75,46.05,46.9,9031,EQ,,,
2017-06-15,46.5,47.2,44.9,45.4,11833,EQ,,,
2017-06-16,45.3,48.95,45.3,47.3,8206,EQ,,,
2017-06-19,47.5,47.5,46.1,46.75,4606,EQ,,,
2017-06-20,47.45,47.75,46.5,47.2,6984,EQ,,,
2017-06-21,47.2,47.2,46.45,46.5,2800,EQ,,,
2017-06-22,47.0,47.4,45.5,45.55,2809,EQ,,,
2017-06-23,45.3,46.95,44.0,44.7,5025,EQ,,,
2017-06-27,45.05,46.1,43.75,45.65,5207,EQ,,,
2017-06-28,45.1,47.0,45.1,45.55,4833,EQ,,,
2017-06-29,46.75,46.75,45.05,45.3,2722,EQ,,,
2017-06-30,46.4,46.4,44.1,44.6,4411,EQ,,,
2017-07-03,44.6,46.0,44.6,45.25,2679,EQ,,,
2017-07-04,45.5,45.75,44.75,45.6,1304,EQ,,,
2017-07-05,46.4,46.8,43.65,45.4,12133,EQ,,,
2017-07-06,45.5,45.5,44.05,44.6,8562,EQ,,,
2017-07-07,44.0,45.0,43.65,44.3,12340,EQ,,,
2017-07-10,45.0,45.45,44.4,44.5,1042,EQ,,,
2017-07-11,44.5,45.4,43.15,43.5,9158,EQ,,,
2017-07-12,43.5,44.5,43.5,43.9,6719,EQ,,,
2017-07-13,44.0,44.5,43.6,43.8,2941,EQ,,,
2017-07-14,44.2,44.2,42.95,43.65,5231,EQ,,,
2017-07-17,43.75,44.2,43.5,43.6,2956,EQ,,,
2017-07-18,43.5,44.0,42.5,43.6,9377,EQ,,,
2017-07-19,43.6,44.1,43.5,43.65,2705,EQ,,,
2017-07-20,43.45,46.0,43.45,44.7,7497,EQ,,,
2017-07-21,45.15,45.15,44.55,44.9,2712,EQ,,,
2017-07-24,44.6,45.85,44.1,44.25,24287,EQ,,,
2017-07-25,44.0,44.8,43.55,43.65,3573,EQ,,,
2017-07-26,43.75,44.5,43.75,43.8,3037,EQ,,,
2017-07-27,43.6,44.45,43.55,43.65,4130,EQ,,,
2017-07-28,43.25,47.0,42.9,45.1,15254,EQ,,,
2017-07-31,45.0,46.4,44.6,45.3,2697,EQ,,,
2017-08-01,46.4,46.5,45.05,45.1,3792,EQ,,,
2017-08-02,44.75,46.0,44.6,45.45,7347,EQ,,,
2017-08-03,45.1,45.5,43.8,43.9,1854,EQ,,,
2017-08-04,45.5,45.5,43.95,43.95,3728,EQ,,,
2017-08-07,45.0,45.0,43.0,44.2,4733,EQ,,,
2017-08-08,43.5,44.95,43.0,43.1,1681,EQ,,,
2017-08-09,43.15,43.8,42.25,42.6,3584,EQ,,,
2017-08-10,42.3,43.4,40.8,41.35,4215,EQ,,,
2017-08-11,41.5,41.8,39.0,39.5,12824,EQ,,,
2017-08-14,41.95,41.95,40.75,40.9,1666,EQ,,,
2017-08-16,42.0,44.95,41.05,42.9,5614,EQ,,,
2017-08-17,42.9,45.5,42.5,44.2,9209,EQ,,,
2017-08-18,42.8,45.4,42.75,44.15,6766,EQ,,,
2017-08-21,44.15,45.2,43.1,43.4,2831,EQ,,,
2017-08-22,43.6,44.5,43.6,43.65,2736,EQ,,,
2017-08-23,44.4,45.0,43.6,44.7,3171,EQ,,,
2017-08-24,45.0,46.1,44.95,45.3,4407,EQ,,,
2017-08-28,45.0,45.15,44.1,44.85,3983,EQ,,,
2017-08-29,44.5,45.4,44.0,44.0,1952,EQ,,,
2017-08-30,43.9,47.05,43.9,46.15,7839,EQ,,,
2017-08-31,45.5,46.5,44.7,45.6,1312,EQ,,,
2017-09-01,45.3,47.05,45.2,46.4,11308,EQ,,,
2017-09-04,46.25,46.85,45.2,45.5,2969,EQ,,,
2017-09-05,46.4,52.9,46.05,50.3,100042,EQ,,,
2017-09-06,50.0,52.0,49.1,49.4,39821,EQ,,,
2017-09-07,49.2,50.0,46.5,48.25,20810,EQ,,,
2017-09-08,47.7,50.4,47.0,47.9,30431,EQ,,,
2017-09-11,47.75,47.85,46.4,46.5,12120,EQ,,,
2017-09-12,47.2,47.2,45.4,45.7,8618,EQ,,,
2017-09-13,45.7,46.0,45.0,45.05,7123,EQ,,,
2017-09-14,45.4,46.5,44.8,45.7,8431,EQ,,,
2017-09-15,45.0,47.15,44.6,46.05,5683,EQ,,,
2017-09-18,47.35,52.3,46.1,51.65,96127,EQ,,,
2017-09-19,52.3,62.0,52.3,62.0,382653,EQ,,,
2017-09-20,66.95,74.35,63.75,71.6,1204872,EQ,,,
2017-09-21,71.95,71.95,64.45,65.3,227461,EQ,,,
2017-09-22,65.45,69.0,61.0,63.6,142961,EQ,,,
2017-09-25,63.4,65.1,58.1,59.2,71093,EQ,,,
2017-09-26,62.4,62.95,60.5,60.7,40763,EQ,,,
2017-09-27,61.15,62.5,55.55,56.4,40138,EQ,,,
2017-09-28,56.0,57.5,53.6,55.85,18911,BE,,,
2017-09-29,57.5,58.2,55.0,55.5,10443,BE,,,
2017-10-03,58.25,58.25,55.5,56.8,7731,BE,,,
2017-10-04,56.0,58.95,55.85,56.8,19962,BE,,,
2017-10-05,57.0,59.0,56.5,57.0,9933,BE,,,
2017-10-06,56.5,59.0,56.5,58.3,5922,BE,,,
2017-10-09,60.9,60.9,57.0,59.1,4128,BE,,,
2017-10-10,59.5,62.0,57.75,61.9,20904,BE,,,
2017-10-11,62.5,64.95,60.05,61.0,15770,BE,,,
2017-10-12,61.0,61.0,58.55,59.85,7312,BE,,,
2017-10-13,60.0,61.5,57.0,58.8,9877,BE,,,
2017-10-16,57.5,61.65,57.5,60.7,16350,BE,,,
2017-10-17,58.75,59.0,57.3,57.8,9449,BE,,,
2017-10-18,60.4,60.4,55.7,56.65,4662,BE,,,
2017-10-19,58.0,58.0,55.5,56.6,1552,BE,,,
2017-10-23,57.2,58.9,55.5,56.1,2385,BE,,,
2017-10-24,55.5,58.0,55.5,55.8,2279,BE,,,
2017-10-25,58.35,58.35,53.5,54.0,3690,BE,,,
2017-10-26,56.2,56.65,54.5,55.3,9070,BE,,,
2017-10-27,57.5,57.5,54.5,55.65,4697,BE,,,
2017-10-30,55.0,56.4,55.0,56.15,4538,BE,,,
2017-10-31,54.05,56.1,54.05,55.3,3583,BE,,,
2017-11-01,53.5,57.0,53.5,55.6,8416,BE,,,
2017-11-02,55.5,56.0,54.3,55.5,8244,BE,,,
2017-11-03,58.0,58.15,55.0,56.1,3453,BE,,,
2017-11-06,57.7,57.7,56.05,57.2,10357,BE,,,
2017-11-07,57.5,57.5,54.5,55.7,6222,BE,,,
2017-11-08,55.3,56.45,54.0,54.4,7316,BE,,,
2017-11-09,54.0,55.0,52.0,54.0,11832,BE,,,
2017-11-10,54.0,54.0,52.5,53.0,4025,BE,,,
2017-11-13,52.5,52.5,51.15,52.35,5947,BE,,,
2017-11-14,54.3,54.95,50.8,53.6,17158,EQ,,,
2017-11-15,53.1,55.9,53.05,53.1,8020,EQ,,,
2017-11-16,53.1,55.75,53.0,55.3,11971,EQ,,,
2017-11-17,55.5,57.6,54.5,54.9,6789,EQ,,,
2017-11-20,54.3,55.5,54.0,55.35,4681,EQ,,,
2017-11-21,55.05,57.0,55.05,56.2,20393,EQ,,,
2017-11-22,55.5,59.0,55.5,59.0,30432,EQ,,,
2017-11-23,61.0,61.95,60.0,61.95,72210,EQ,,,
2017-11-24,63.75,64.9,59.25,59.7,42343,EQ,,,
2017-11-27,61.8,62.0,59.1,60.6,13792,EQ,,,
2017-11-28,59.7,62.5,59.7,60.7,14962,EQ,,,
2017-11-29,60.3,62.0,60.25,60.5,11602,EQ,,,
2017-11-30,59.55,62.85,59.0,61.7,27711,EQ,,,
2017-12-01,63.7,63.7,60.15,60.65,14931,EQ,,,
2017-12-04,62.9,62.9,58.3,58.8,3160,EQ,,,
2017-12-05,59.4,59.5,59.0,59.45,2236,EQ,,,
2017-12-06,60.7,61.1,58.5,58.7,4551,EQ,,,
2017-12-07,59.1,61.0,58.8,58.85,7437,EQ,,,
2017-12-08,59.1,59.9,58.0,58.45,5286,EQ,,,
2017-12-11,60.5,60.5,57.5,58.2,15649,EQ,,,
2017-12-12,59.0,59.05,57.95,58.65,7616,EQ,,,
2017-12-13,58.0,58.1,57.0,57.65,28506,EQ,,,
2017-12-14,57.5,59.4,57.0,57.95,17751,EQ,,,
2017-12-15,57.3,58.9,57.3,58.45,6316,EQ,,,
2017-12-18,58.45,60.5,57.0,58.5,16491,EQ,,,
2017-12-19,58.5,58.9,58.05,58.65,6464,EQ,,,
2017-12-20,58.5,59.0,58.0,58.8,6185,EQ,,,
2017-12-21,59.85,62.0,58.5,60.7,16256,EQ,,,
2017-12-22,60.55,64.75,60.1,63.6,40531,EQ,,,
2017-12-26,65.0,69.95,65.0,69.95,85943,EQ,,,
2017-12-27,71.15,72.2,65.05,68.05,83878,EQ,,,
2017-12-28,69.4,69.4,67.0,67.3,6344,EQ,,,
2017-12-29,67.0,67.85,66.25,67.1,13811,EQ,,,
2018-01-01,67.0,69.15,66.5,67.55,11633,EQ,,,
2018-01-02,67.5,67.5,62.55,65.1,10321,EQ,,,
2018-01-03,66.05,71.0,66.0,68.4,23496,EQ,,,
2018-01-04,68.3,69.95,67.05,67.9,16403,EQ,,,
2018-01-05,66.8,68.95,64.0,67.1,10609,EQ,,,
2018-01-08,66.0,69.0,66.0,67.75,11900,EQ,,,
2018-01-09,67.05,68.45,65.8,67.4,11880,EQ,,,
2018-01-10,67.8,68.5,66.0,67.25,11560,EQ,,,
2018-01-11,68.0,71.25,67.5,70.85,30587,EQ,,,
2018-01-12,71.45,77.9,70.8,73.2,150790,EQ,,,
2018-01-15,73.6,73.6,66.6,70.75,12239,EQ,,,
2018-01-16,71.65,71.65,65.5,67.4,19398,EQ,,,
2018-01-17,67.4,69.75,61.05,68.9,33527,EQ,,,
2018-01-18,70.1,70.5,64.1,66.1,16946,EQ,,,
2018-01-19,65.0,66.45,64.15,65.0,5825,EQ,,,
2018-01-22,65.5,66.5,64.35,65.45,3411,EQ,,,
2018-01-23,64.3,66.95,64.3,64.9,10147,EQ,,,
2018-01-24,65.5,66.0,63.5,64.0,7695,EQ,,,
2018-01-25,64.0,68.45,62.0,62.9,3851,EQ,,,
2018-01-29,62.9,64.25,61.1,62.1,8197,EQ,,,
2018-01-30,59.0,62.0,59.0,61.1,4420,EQ,,,
2018-01-31,60.0,63.5,58.0,60.15,10802,EQ,,,
2018-02-01,59.6,61.75,58.55,60.3,6320,EQ,,,
2018-02-02,59.5,59.5,56.0,56.6,8684,EQ,,,
2018-02-05,56.5,61.1,50.95,57.0,7342,EQ,,,
2018-02-06,52.1,58.5,52.1,57.05,4246,EQ,,,
2018-02-07,57.1,59.95,57.1,58.4,7617,EQ,,,
2018-02-08,59.5,65.25,57.5,64.9,10674,EQ,,,
2018-02-09,61.2,73.45,61.2,71.6,131953,EQ,,,
2018-02-12,73.0,82.0,73.0,77.2,371626,EQ,,,
2018-02-14,79.0,80.0,73.6,74.7,55613,EQ,,,
2018-02-15,74.55,77.2,67.6,69.2,60095,EQ,,,
2018-02-16,69.25,69.95,66.5,66.6,26172,EQ,,,
2018-02-19,66.55,66.95,61.3,62.3,13934,EQ,,,
2018-02-20,63.5,64.65,62.05,63.7,6720,EQ,,,
2018-02-21,64.95,65.5,64.0,64.3,6707,EQ,,,
2018-02-22,64.0,69.0,62.8,67.6,15774,EQ,,,
2018-02-23,68.9,71.2,66.5,67.9,18055,EQ,,,
2018-02-26,72.3,72.3,68.25,69.15,5109,EQ,,,
2018-02-27,68.5,70.2,65.8,66.45,5204,EQ,,,
2018-02-28,66.15,69.9,64.1,68.85,15643,EQ,,,
2018-03-01,68.0,69.95,66.3,67.35,9350,EQ,,,
2018-03-05,66.5,72.5,66.4,68.8,26446,EQ,,,
2018-03-06,69.1,72.3,67.65,68.6,23512,EQ,,,
2018-03-07,68.6,69.9,66.3,67.75,18786,EQ,,,
2018-03-08,67.0,68.1,63.3,64.25,9529,EQ,,,
2018-03-09,65.75,66.3,63.55,63.8,10140,EQ,,,
2018-03-12,63.9,65.75,62.5,65.1,10781,EQ,,,
2018-03-13,64.9,66.5,64.9,66.0,6005,EQ,,,
2018-03-14,65.5,69.85,65.5,67.2,29985,EQ,,,
2018-03-15,68.3,68.9,67.4,68.5,2024,EQ,,,
2018-03-16,68.25,69.45,66.5,66.6,20368,EQ,,,
2018-03-19,68.15,68.15,62.4,62.8,30217,EQ,,,
2018-03-20,64.1,66.65,62.25,65.65,14573,EQ,,,
2018-03-21,64.35,67.8,64.35,65.5,9028,EQ,,,
2018-03-22,66.6,66.6,65.1,65.5,3735,EQ,,,
2018-03-23,63.8,65.95,63.5,65.3,22999,EQ,,,
2018-03-26,63.5,66.4,63.4,64.7,15243,EQ,,,
2018-03-27,66.35,66.45,65.8,66.4,48486,EQ,,,
2018-03-28,66.4,66.45,64.35,65.45,3752,EQ,,,
2018-04-02,68.65,68.65,65.2,65.8,4551,EQ,,,
2018-04-03,67.15,67.8,66.3,67.0,3900,EQ,,,
2018-04-04,68.45,68.85,66.5,67.3,3184,EQ,,,
2018-04-05,66.15,73.0,66.15,68.05,48247,EQ,,,
2018-04-06,69.0,70.0,66.4,69.1,5322,EQ,,,
2018-04-09,68.8,73.5,68.8,70.95,13746,EQ,,,
2018-04-10,72.4,72.4,67.55,70.5,11769,EQ,,,
2018-04-11,70.6,71.0,68.6,69.5,5398,EQ,,,
2018-04-12,69.2,71.65,69.0,70.3,13737,EQ,,,
2018-04-13,72.15,72.15,69.0,70.1,8851,EQ,,,
2018-04-16,70.9,72.0,70.0,70.95,9660,EQ,,,
2018-04-17,70.5,71.95,70.0,70.0,10698,EQ,,,
2018-04-18,71.45,71.45,69.65,69.8,10268,EQ,,,
2018-04-19,70.8,70.8,68.75,70.05,3571,EQ,,,
2018-04-20,70.0,72.0,69.5,70.9,14665,EQ,,,
2018-04-23,70.95,80.0,70.0,78.8,82162,EQ,,,
2018-04-24,79.4,82.5,74.65,75.15,44186,EQ,,,
2018-04-25,75.9,76.25,72.6,73.1,13471,EQ,,,
2018-04-26,72.95,74.0,72.5,72.8,11449,EQ,,,
2018-04-27,74.8,77.5,72.5,73.3,15036,EQ,,,
2018-04-30,74.4,74.5,72.5,73.0,5910,EQ,,,
2018-05-02,74.4,75.85,70.0,71.8,11467,EQ,,,
2018-05-03,70.75,74.3,70.75,71.3,5031,EQ,,,
2018-05-04,74.1,74.1,70.0,71.0,3825,EQ,,,
2018-05-07,73.3,73.3,70.65,71.2,3615,EQ,,,
2018-05-08,70.3,72.9,70.05,71.65,4629,EQ,,,
2018-05-09,71.15,74.1,71.15,72.25,1009,EQ,,,
2018-05-10,71.3,73.45,70.15,70.55,2071,EQ,,,
2018-05-11,70.35,72.15,68.1,69.5,5523,EQ,,,
2018-05-14,68.8,71.7,67.55,68.4,3945,EQ,,,
2018-05-15,68.15,69.65,65.0,65.9,5355,EQ,,,
2018-05-16,67.9,70.75,62.6,65.45,5197,EQ,,,
2018-05-17,65.35,67.65,65.2,65.4,828,EQ,,,
2018-05-18,65.2,67.7,64.1,65.8,7220,EQ,,,
2018-05-21,65.6,66.5,64.1,65.15,3755,EQ,,,
2018-05-22,65.5,67.7,64.15,66.45,6112,EQ,,,
2018-05-23,65.35,67.15,64.6,65.9,5340,EQ,,,
2018-05-24,64.65,66.9,63.9,64.45,4328,EQ,,,
2018-05-25,64.0,65.9,62.5,64.2,2722,EQ,,,
2018-05-28,66.7,66.7,63.25,65.9,4285,EQ,,,
2018-05-29,65.6,66.75,65.0,65.7,2826,EQ,,,
2018-05-30,65.15,74.95,65.15,72.45,57888,EQ,,,
2018-05-31,73.35,73.35,66.5,67.3,18499,EQ,,,
2018-06-01,68.9,69.1,65.5,66.0,6470,EQ,,,
2018-06-04,65.9,67.75,62.05,62.85,11652,EQ,,,
2018-06-05,63.7,64.4,58.5,60.9,8515,EQ,,,
2018-06-06,61.75,63.0,58.5,59.95,6586,EQ,,,
2018-06-07,62.0,62.0,60.15,60.7,8836,EQ,,,
2018-06-08,62.4,62.75,60.0,60.1,4666,EQ,,,
2018-06-11,62.0,64.5,60.05,60.4,8060,EQ,,,
2018-06-12,61.4,62.1,60.5,61.0,2745,EQ,,,
2018-06-13,63.0,63.0,60.6,61.5,9411,EQ,,,
2018-06-14,62.4,64.0,62.35,63.6,11542,EQ,,,
2018-06-15,65.95,67.4,63.5,64.8,9415,EQ,,,
2018-06-18,64.3,68.45,64.1,66.65,54341,EQ,,,
2018-06-19,65.8,66.95,63.1,63.5,15928,EQ,,,
2018-06-20,64.0,65.0,63.0,64.1,5059,EQ,,,
2018-06-21,64.8,65.5,52.55,58.25,21148,EQ,,,
2018-06-22,59.05,66.0,59.05,61.75,118647,EQ,,,
2018-06-25,61.4,62.1,60.05,61.25,30703,EQ,,,
2018-06-26,61.1,62.0,60.5,60.8,5367,EQ,,,
2018-06-27,60.25,61.2,59.0,59.65,8314,EQ,,,
2018-06-28,60.95,60.95,58.5,58.6,8773,EQ,,,
2018-06-29,59.0,61.2,59.0,61.0,4273,EQ,,,
2018-07-02,60.6,63.0,59.0,59.5,1633,EQ,,,
2018-07-03,59.3,61.25,59.0,59.3,3247,EQ,,,
2018-07-04,60.5,60.5,58.5,59.45,4667,EQ,,,
2018-07-05,60.1,60.1,58.0,58.05,2954,EQ,,,
2018-07-06,59.3,59.3,57.0,57.6,4537,EQ,,,
2018-07-09,58.5,59.9,58.0,58.4,1809,EQ,,,
2018-07-10,59.0,60.5,58.2,59.5,3763,EQ,,,
2018-07-11,61.15,61.15,56.25,57.7,10739,EQ,,,
2018-07-12,59.5,59.5,57.0,57.8,2293,EQ,,,
2018-07-13,57.15,58.25,56.25,57.0,3814,EQ,,,
2018-07-16,56.7,58.65,55.25,55.3,2766,EQ,,,
2018-07-17,57.5,57.5,54.65,55.6,2617,EQ,,,
2018-07-18,57.3,57.3,52.3,52.7,7426,EQ,,,
2018-07-19,54.85,55.95,47.95,50.0,7353,EQ,,,
2018-07-20,49.5,55.2,49.5,53.65,24371,EQ,,,
2018-07-23,54.95,54.95,52.0,54.3,1914,EQ,,,
2018-07-24,56.0,58.85,55.5,58.1,6693,EQ,,,
2018-07-25,60.4,60.4,55.0,56.9,3001,EQ,,,
2018-07-26,58.45,58.45,56.0,56.4,3594,EQ,,,
2018-07-27,58.5,58.5,54.9,55.8,7461,EQ,,,
2018-07-30,57.65,58.8,55.0,58.2,2050,EQ,,,
2018-07-31,60.2,60.2,57.6,59.5,1389,EQ,,,
2018-08-01,61.8,61.8,58.5,59.5,1364,EQ,,,
2018-08-02,59.0,59.5,58.0,59.5,930,EQ,,,
2018-08-03,60.95,61.0,56.35,58.85,4328,EQ,,,
2018-08-06,61.0,61.0,56.65,58.0,2024,EQ,,,
2018-08-07,58.75,60.0,56.75,57.05,7039,EQ,,,
2018-08-08,59.0,62.5,57.5,61.1,12219,EQ,,,
2018-08-09,62.45,63.0,61.3,62.4,7657,EQ,,,
2018-08-10,62.5,62.5,60.65,61.0,1503,EQ,,,
2018-08-13,63.0,64.0,60.75,63.5,22797,EQ,,,
2018-08-14,64.0,64.05,57.5,61.5,42675,EQ,,,
2018-08-16,62.7,63.45,61.55,62.5,5886,EQ,,,
2018-08-17,63.5,63.5,61.8,62.55,2177,EQ,,,
2018-08-20,62.55,62.55,61.2,62.4,4508,EQ,,,
2018-08-21,63.45,67.5,61.65,67.25,35323,EQ,,,
2018-08-23,68.45,69.95,68.0,68.3,77480,EQ,,,
2018-08-24,67.5,68.5,65.0,66.2,10745,EQ,,,
2018-08-27,68.85,71.5,64.8,65.1,7102,EQ,,,
2018-08-28,66.85,68.5,65.6,66.65,24110,EQ,,,
2018-08-29,67.0,67.4,66.5,66.75,3335,EQ,,,
2018-08-30,68.2,68.2,66.1,67.3,6030,EQ,,,
2018-08-31,67.5,71.35,66.6,70.5,18585,EQ,,,
2018-09-03,71.4,71.4,69.5,70.25,3919,EQ,,,
2018-09-04,71.0,73.5,68.5,68.9,7000,EQ,,,
2018-09-05,68.5,69.95,66.0,66.8,2707,EQ,,,
2018-09-06,68.95,68.95,65.4,67.8,4405,EQ,,,
2018-09-07,68.3,68.3,67.25,67.5,1682,EQ,,,
2018-09-10,68.75,68.75,66.5,66.65,1908,EQ,,,
2018-09-11,67.45,67.45,65.1,65.3,1475,EQ,,,
2018-09-12,69.75,69.75,63.5,64.6,7427,EQ,,,
2018-09-14,66.0,66.95,66.0,66.95,1469,EQ,,,
2018-09-17,67.45,67.45,63.1,65.6,1419,EQ,,,
2018-09-18,65.95,66.0,63.65,64.1,3203,EQ,,,
2018-09-19,66.45,66.45,63.0,63.4,700,EQ,,,
2018-09-21,65.9,65.9,58.5,60.8,5208,EQ,,,
2018-09-24,60.0,63.75,59.5,61.0,3196,EQ,,,
2018-09-25,61.5,66.0,54.0,61.45,7672,EQ,,,
2018-09-26,63.3,64.15,59.5,61.9,1919,EQ,,,
2018-09-27,64.45,64.45,59.25,60.05,1920,EQ,,,
2018-09-28,62.5,62.5,57.5,58.5,2632,EQ,,,
2018-10-01,58.5,64.95,54.5,56.9,3109,EQ,,,
2018-10-03,55.5,59.1,55.25,58.6,1020,EQ,,,
2018-10-04,58.0,58.0,55.6,57.5,4173,EQ,,,
2018-10-05,61.0,61.0,52.3,54.6,3301,EQ,,,
2018-10-08,58.4,58.4,52.5,53.05,3669,EQ,,,
2018-10-09,52.5,55.15,52.5,54.0,432,EQ,,,
2018-10-10,55.65,55.65,53.55,55.2,2265,EQ,,,
2018-10-11,54.5,54.5,51.5,52.8,1827,EQ,,,
2018-10-12,57.45,57.45,52.5,54.15,2374,EQ,,,
2018-10-15,59.45,59.45,54.15,58.9,2533,EQ,,,
2018-10-16,61.7,61.7,55.6,56.9,1621,EQ,,,
2018-10-17,60.0,60.0,54.5,54.9,2985,EQ,,,
2018-10-19,56.0,56.65,54.15,56.1,680,EQ,,,
2018-10-22,58.9,58.9,54.65,54.65,200,EQ,,,
2018-10-23,57.0,57.0,54.0,54.5,1009,EQ,,,
2018-10-24,56.4,56.4,52.5,54.1,1327,EQ,,,
2018-10-25,57.5,57.5,53.5,55.2,525,EQ,,,
2018-10-26,55.2,57.6,53.15,56.1,1326,EQ,,,
2018-10-29,56.0,58.0,53.0,55.4,976,EQ,,,
2018-10-30,57.0,66.5,56.3,64.05,133863,EQ,,,
2018-10-31,63.9,64.0,58.3,60.0,27838,EQ,,,
2018-11-01,60.4,61.75,58.25,59.4,14219,EQ,,,
2018-11-02,60.75,62.9,59.6,62.45,13889,EQ,,,
2018-11-05,62.45,64.5,56.85,61.2,27091,EQ,,,
2018-11-06,62.4,62.4,57.6,60.35,9951,EQ,,,
2018-11-07,62.7,62.7,61.5,61.8,3682,EQ,,,
2018-11-09,61.0,61.85,59.5,61.5,2866,EQ,,,
2018-11-12,62.25,62.9,59.6,60.1,2829,EQ,,,
2018-11-13,59.0,61.65,59.0,59.55,598,EQ,,,
2018-11-14,62.65,62.65,59.5,59.6,2036,EQ,,,
2018-11-15,61.9,61.9,58.0,60.2,8020,EQ,,,
2018-11-16,62.0,62.0,58.6,59.4,900,EQ,,,
2018-11-19,61.4,61.4,56.7,59.35,7507,EQ,,,
2018-11-20,62.0,62.4,58.8,58.8,1656,EQ,,,
2018-11-21,60.95,61.0,58.5,59.1,633,EQ,,,
2018-11-22,60.05,60.1,57.9,58.1,774,EQ,,,
2018-11-26,57.85,60.4,57.4,57.5,454,EQ,,,
2018-11-27,59.9,59.9,56.7,57.3,2226,EQ,,,
2018-11-28,58.6,58.75,57.7,58.55,3352,EQ,,,
2018-11-29,59.95,60.0,58.0,58.0,236,EQ,,,
2018-11-30,59.9,59.95,54.45,55.95,7653,EQ,,,
2018-12-03,58.4,58.4,55.5,56.0,1394,EQ,,,
2018-12-04,57.5,57.5,55.55,55.9,1552,EQ,,,
2018-12-05,55.1,56.5,54.25,54.3,4631,EQ,,,
2018-12-06,55.0,55.0,53.6,54.6,7023,EQ,,,
2018-12-07,55.7,56.5,54.0,55.0,2740,EQ,,,
2018-12-10,55.0,56.7,53.5,54.45,1490,EQ,,,
2018-12-11,53.5,55.6,53.1,55.2,1534,EQ,,,
2018-12-12,56.35,60.8,56.2,58.1,16728,EQ,,,
2018-12-13,59.35,59.85,57.7,58.1,2277,EQ,,,
2018-12-14,59.8,59.85,55.0,57.3,2359,EQ,,,
2018-12-17,59.35,59.4,56.15,56.5,1037,EQ,,,
2018-12-18,57.9,57.9,55.5,56.4,1196,EQ,,,
2018-12-19,58.3,58.3,56.55,57.7,2093,EQ,,,
2018-12-20,58.0,59.45,56.65,57.95,4311,EQ,,,
2018-12-21,59.9,59.9,56.0,56.3,5455,EQ,,,
2018-12-24,59.3,59.3,56.55,56.6,710,EQ,,,
2018-12-26,59.0,59.0,55.8,56.5,7987,EQ,,,
2018-12-27,58.7,60.95,56.7,57.1,1781,EQ,,,
2018-12-28,56.7,59.55,56.5,57.0,3826,EQ,,,
2018-12-31,57.95,60.4,56.65,58.0,7060,EQ,,,
2019-01-01,60.6,60.65,57.0,57.05,412,EQ,,,
2019-01-02,58.4,58.4,55.5,56.2,3371,EQ,,,
2019-01-03,57.3,57.3,50.1,50.8,148307,EQ,,,
2019-01-04,53.5,57.5,51.15,52.3,508817,EQ,,,
2019-01-07,52.5,54.25,52.5,53.65,58416,EQ,,,
2019-01-08,54.05,56.25,53.4,55.15,42645,EQ,,,
2019-01-09,55.45,55.65,54.35,54.6,12415,EQ,,,
2019-01-10,56.0,56.5,55.35,56.2,22175,EQ,,,
2019-01-11,57.0,59.75,56.5,58.6,27579,EQ,,,
2019-01-14,61.0,65.15,60.5,61.2,212317,EQ,,,
2019-01-15,60.5,63.15,60.25,62.2,33049,EQ,,,
2019-01-16,63.1,63.1,58.55,59.65,21102,EQ,,,
2019-01-17,60.3,60.4,57.6,58.0,10120,EQ,,,
2019-01-18,59.25,59.25,55.8,56.3,10240,EQ,,,
2019-01-21,57.0,57.5,55.1,56.0,10934,EQ,,,
2019-01-22,55.5,57.5,55.5,56.95,5282,EQ,,,
2019-01-23,56.2,57.5,56.1,56.5,8393,EQ,,,
2019-01-24,56.4,57.5,54.65,55.1,8375,EQ,,,
2019-01-25,55.9,55.9,53.9,54.4,5446,EQ,,,
2019-01-28,55.35,55.4,53.0,53.3,4497,EQ,,,
2019-01-29,54.7,54.75,53.0,53.5,1897,EQ,,,
2019-01-30,55.4,55.45,54.25,55.0,903,EQ,,,
2019-01-31,55.9,57.0,53.65,56.0,4471,EQ,,,
2019-02-01,56.5,56.75,53.55,54.2,3790,EQ,,,
2019-02-04,54.6,55.0,52.0,53.15,5528,EQ,,,
2019-02-05,54.15,54.2,52.75,52.95,4337,EQ,,,
2019-02-06,53.0,53.0,49.9,52.4,9817,EQ,,,
2019-02-07,53.6,53.85,52.25,52.9,4562,EQ,,,
2019-02-08,52.5,53.8,50.55,52.6,2171,EQ,,,
2019-02-11,53.6,53.8,50.05,50.75,8024,EQ,,,
2019-02-12,52.5,57.5,52.0,55.2,123602,EQ,,,
2019-02-13,54.25,55.95,54.25,54.95,13583,EQ,,,
2019-02-14,55.0,56.3,53.0,53.65,7793,EQ,,,
2019-02-15,54.9,55.7,51.7,52.7,6347,EQ,,,
2019-02-18,54.0,54.0,51.7,52.3,2966,EQ,,,
2019-02-19,53.0,53.8,51.8,52.5,2198,EQ,,,
2019-02-20,53.6,53.75,52.6,53.4,1558,EQ,,,
2019-02-21,53.95,54.0,51.25,53.1,4148,EQ,,,
2019-02-22,53.3,54.25,52.7,53.15,3720,EQ,,,
2019-02-25,54.5,55.65,54.0,55.35,5083,EQ,,,
2019-02-26,54.05,55.95,52.2,55.7,14035,EQ,,,
2019-02-27,55.6,56.0,53.05,54.9,6803,EQ,,,
2019-02-28,55.95,56.0,54.35,55.3,7311,EQ,,,
2019-03-01,56.65,59.5,56.0,58.2,16270,EQ,,,
2019-03-05,55.6,60.7,55.6,59.1,17292,EQ,,,
2019-03-06,61.0,61.15,57.05,57.9,4471,EQ,,,
2019-03-07,57.5,59.0,57.0,58.25,4785,EQ,,,
2019-03-08,57.6,58.6,55.8,57.9,2624,EQ,,,
2019-03-11,57.05,60.8,57.0,58.5,5814,EQ,,,
2019-03-12,59.25,60.0,58.55,59.55,3891,EQ,,,
2019-03-13,59.8,60.9,58.95,59.7,7144,EQ,,,
2019-03-14,61.8,62.5,60.1,60.75,9349,EQ,,,
2019-03-15,61.25,61.45,59.5,60.2,6094,EQ,,,
2019-03-18,61.0,62.0,60.0,60.5,4654,EQ,,,
2019-03-19,60.5,60.8,57.5,60.35,3889,EQ,,,
2019-03-20,60.0,61.4,59.6,60.85,2816,EQ,,,
2019-03-22,60.15,61.2,58.9,60.1,5539,EQ,,,
2019-03-25,60.0,60.0,59.05,59.4,959,EQ,,,
2019-03-26,59.1,61.9,59.0,59.75,24930,EQ,,,
2019-03-27,61.5,61.5,55.5,56.8,19192,EQ,,,
2019-03-28,58.4,58.4,55.9,56.5,13380,EQ,,,
2019-03-29,57.5,57.5,56.6,56.9,4180,EQ,,,
2019-04-01,60.5,62.5,59.2,60.25,39061,EQ,,,
2019-04-02,60.5,61.5,60.5,61.4,7298,EQ,,,
2019-04-03,62.0,62.0,60.0,60.75,7115,EQ,,,
2019-04-04,62.0,62.0,57.75,60.5,7645,EQ,,,
2019-04-05,60.0,64.25,58.1,63.65,41368,EQ,,,
2019-04-08,64.0,68.0,62.8,63.65,103689,EQ,,,
2019-04-09,63.8,65.9,63.65,64.0,11934,EQ,,,
2019-04-10,65.0,65.0,61.6,63.0,12186,EQ,,,
2019-04-11,63.0,63.0,61.05,62.15,6598,EQ,,,
2019-04-12,61.5,62.8,61.5,62.5,1643,EQ,,,
2019-04-15,62.55,66.15,62.55,65.95,34027,EQ,,,
2019-04-16,66.1,69.25,66.1,67.55,75922,EQ,,,
2019-04-18,66.1,67.8,64.4,64.85,10442,EQ,,,
2019-04-22,66.0,66.0,64.0,64.45,8155,EQ,,,
2019-04-23,65.0,65.45,64.0,64.15,3600,EQ,,,
2019-04-24,64.15,65.15,63.65,64.05,3455,EQ,,,
2019-04-25,64.5,65.0,63.5,63.95,3814,EQ,,,
2019-04-26,63.95,65.1,62.5,62.95,3866,EQ,,,
2019-04-30,62.95,63.9,62.1,62.5,2474,EQ,,,
2019-05-02,63.0,63.0,61.8,62.1,2004,EQ,,,
2019-05-03,62.0,63.5,61.0,61.6,2174,EQ,,,
2019-05-06,60.4,62.75,60.4,60.55,3929,EQ,,,
2019-05-07,61.0,62.5,60.3,60.65,3518,EQ,,,
2019-05-08,60.0,61.6,59.0,59.2,3998,EQ,,,
2019-05-09,60.3,60.3,58.6,58.8,2603,EQ,,,
2019-05-10,58.6,59.9,58.6,59.2,2424,EQ,,,
2019-05-13,59.5,60.0,57.05,57.35,8075,EQ,,,
2019-05-14,57.0,59.5,57.0,58.2,6159,EQ,,,
2019-05-15,59.4,59.4,56.8,57.25,2214,EQ,,,
2019-05-16,58.65,58.7,57.1,57.5,2199,EQ,,,
2019-05-17,57.0,58.6,57.0,58.0,6738,EQ,,,
2019-05-20,63.0,63.9,60.9,62.4,18427,EQ,,,
2019-05-21,63.9,63.9,60.3,61.2,7472,EQ,,,
2019-05-22,61.5,62.8,61.15,62.7,8825,EQ,,,
2019-05-23,64.45,64.45,61.0,62.2,12165,EQ,,,
2019-05-24,62.5,65.65,61.95,64.6,10813,EQ,,,
2019-05-27,63.5,68.0,61.0,66.25,15849,EQ,,,
2019-05-28,67.4,67.4,64.9,65.5,4571,EQ,,,
2019-05-29,65.5,68.7,65.5,66.75,6620,EQ,,,
2019-05-30,66.0,67.5,65.65,67.0,6434,EQ,,,
2019-05-31,68.0,70.0,63.5,66.65,6432,EQ,,,
2019-06-03,67.4,67.45,65.75,66.1,2723,EQ,,,
2019-06-04,65.05,72.95,65.05,69.5,26975,EQ,,,
2019-06-06,69.5,72.95,69.3,71.05,20018,EQ,,,
2019-06-07,71.1,72.3,68.6,69.9,3868,EQ,,,
2019-06-10,69.0,70.45,68.0,69.1,5276,EQ,,,
2019-06-11,68.5,69.0,67.55,68.2,3999,EQ,,,
2019-06-12,67.75,68.75,66.05,66.95,3912,EQ,,,
2019-06-13,66.95,66.95,64.6,65.8,7609,EQ,,,
2019-06-14,65.4,65.5,64.5,64.75,1709,EQ,,,
2019-06-17,64.95,66.45,61.25,62.65,2901,EQ,,,
2019-06-18,62.3,64.8,61.5,62.65,2410,EQ,,,
2019-06-19,62.8,64.6,61.1,61.95,2543,EQ,,,
2019-06-20,61.5,63.5,61.5,63.0,1680,EQ,,,
2019-06-21,62.6,63.9,62.5,63.15,588,EQ,,,
2019-06-24,64.0,64.0,61.65,62.15,1738,EQ,,,
2019-06-25,63.0,63.8,62.5,63.1,1755,EQ,,,
2019-06-26,64.0,64.4,61.0,63.7,1214,EQ,,,
2019-06-27,64.0,66.9,63.3,64.05,1468,EQ,,,
2019-06-28,64.95,65.95,61.8,62.55,7129,EQ,,,
2019-07-01,65.25,65.6,64.25,64.45,6507,EQ,,,
2019-07-02,64.0,64.5,63.3,64.45,3038,EQ,,,
2019-07-03,64.5,65.0,64.0,64.15,3098,EQ,,,
2019-07-04,64.0,66.5,64.0,65.1,6952,EQ,,,
2019-07-05,65.8,65.8,61.5,62.4,14836,EQ,,,
2019-07-08,61.55,63.7,61.5,62.0,2621,EQ,,,
2019-07-09,63.15,63.15,62.0,62.1,2188,EQ,,,
2019-07-10,63.0,63.75,60.65,61.1,4305,EQ,,,
2019-07-11,61.8,62.3,59.9,60.7,6192,EQ,,,
2019-07-12,62.0,62.7,61.0,62.0,4303,EQ,,,
2019-07-15,60.6,63.0,60.5,60.6,2558,EQ,,,
2019-07-16,60.8,62.25,59.5,60.0,5649,EQ,,,
2019-07-17,62.05,62.05,60.0,60.5,653,EQ,,,
2019-07-18,58.6,61.0,58.5,59.6,2846,EQ,,,
2019-07-19,59.55,60.5,59.25,60.3,2068,EQ,,,
2019-07-22,59.05,60.5,59.0,59.7,5309,EQ,,,
2019-07-23,60.0,65.0,59.15,60.3,1766,EQ,,,
2019-07-24,63.85,63.85,60.0,60.5,1461,EQ,,,
2019-07-25,60.5,61.35,58.6,60.3,2234,EQ,,,
2019-07-26,59.3,60.95,59.3,60.0,703,EQ,,,
2019-07-29,58.65,60.0,58.5,59.05,2127,EQ,,,
2019-07-30,59.05,60.0,56.5,56.7,4190,EQ,,,
2019-07-31,59.0,60.25,55.5,60.2,3670,EQ,,,
2019-08-01,60.05,60.5,57.5,58.35,1355,EQ,,,
2019-08-02,56.6,58.7,56.2,58.65,3298,EQ,,,
2019-08-05,57.6,58.6,56.05,57.75,4056,EQ,,,
2019-08-06,56.8,58.65,55.65,58.65,3432,EQ,,,
2019-08-07,58.85,58.9,57.85,58.4,2808,EQ,,,
2019-08-08,58.1,66.4,57.8,63.3,30047,EQ,,,
2019-08-09,64.65,67.0,62.4,64.0,18099,EQ,,,
2019-08-13,65.85,65.85,63.0,63.9,5692,EQ,,,
2019-08-14,67.45,67.45,63.65,63.95,2712,EQ,,,
2019-08-16,65.0,67.5,62.2,63.9,3976,EQ,,,
2019-08-19,63.9,64.1,62.0,63.0,2997,EQ,,,
2019-08-20,62.5,63.9,61.85,63.0,1808,EQ,,,
2019-08-21,62.95,63.15,61.5,62.3,4390,EQ,,,
2019-08-22,61.6,63.0,60.3,60.65,4713,EQ,,,
2019-08-23,60.15,62.15,60.05,61.0,4298,EQ,,,
2019-08-26,61.55,63.4,61.55,62.5,3837,EQ,,,
2019-08-27,62.0,63.3,61.5,61.75,29373,EQ,,,
2019-08-28,62.9,63.0,60.6,61.9,2560,EQ,,,
2019-08-29,65.0,65.0,61.5,61.95,891,EQ,,,
2019-08-30,61.5,62.4,60.15,60.8,2736,EQ,,,
2019-09-03,60.5,61.5,57.3,60.55,5736,EQ,,,
2019-09-04,59.9,63.5,59.1,60.3,2030,EQ,,,
2019-09-05,60.15,62.75,60.15,61.3,1948,EQ,,,
2019-09-06,61.3,63.15,59.05,61.65,2159,EQ,,,
2019-09-09,60.15,63.15,60.05,62.8,2673,EQ,,,
2019-09-11,62.5,67.3,61.1,65.2,14172,EQ,,,
2019-09-12,66.9,67.3,64.1,64.9,4468,EQ,,,
2019-09-13,64.55,66.5,63.9,65.45,2955,EQ,,,
2019-09-16,65.4,71.0,63.0,69.8,17400,EQ,,,
2019-09-17,73.5,76.3,66.65,67.9,69689,EQ,,,
2019-09-18,67.65,74.1,67.65,73.0,50655,EQ,,,
2019-09-19,73.05,74.5,70.95,71.15,16006,EQ,,,
2019-09-20,71.1,73.5,70.05,71.95,20775,EQ,,,
2019-09-23,75.0,76.8,70.05,76.4,35938,EQ,,,
2019-09-24,75.5,77.0,74.1,75.25,15524,EQ,,,
2019-09-25,74.3,76.0,72.0,74.95,9290,EQ,,,
2019-09-26,76.6,77.25,75.45,76.3,6822,EQ,,,
2019-09-27,77.5,86.85,76.45,82.2,170327,EQ,,,
2019-09-30,83.1,87.5,83.0,83.2,54054,EQ,66.0,819.0,1276.0
2019-10-01,84.9,84.9,75.1,77.2,30730,EQ,997.0,30.82,21118.0
2019-10-03,79.5,79.5,75.5,75.8,15513,EQ,688.0,22.55,8830.0
2019-10-04,75.85,78.2,73.8,75.55,21400,EQ,686.0,31.2,14220.0
2019-10-07,75.3,78.5,75.0,75.55,7020,EQ,399.0,17.59,3557.0
2019-10-09,75.75,81.0,74.3,79.7,20880,EQ,658.0,31.73,12187.0
2019-10-10,78.9,84.5,78.45,82.0,17865,EQ,607.0,29.43,12009.0
2019-10-11,83.45,87.0,80.65,86.5,71034,EQ,2763.0,25.71,28464.0
2019-10-14,87.5,89.95,83.2,85.8,67591,EQ,1835.0,36.83,18469.0
2019-10-15,86.5,87.2,81.3,82.1,17031,EQ,1064.0,16.01,9445.0
2019-10-16,82.1,84.0,81.5,83.45,6332,EQ,286.0,22.14,4285.0
2019-10-17,83.95,84.95,81.7,83.4,8255,EQ,681.0,12.12,4778.0
2019-10-18,84.15,86.0,82.2,83.2,12337,EQ,504.0,24.48,7595.0
2019-10-22,85.0,87.0,82.55,83.45,18969,EQ,662.0,28.65,12368.0
2019-10-23,84.15,84.75,81.85,82.2,13350,EQ,337.0,39.61,11299.0
2019-10-24,82.2,83.8,80.85,81.7,9656,EQ,456.0,21.18,7468.0
2019-10-25,81.25,84.0,80.15,81.1,9188,EQ,475.0,19.34,5117.0
2019-10-29,83.9,84.0,82.0,82.45,7026,EQ,191.0,36.79,5593.0
2019-10-30,81.25,87.5,81.25,86.0,17498,EQ,482.0,36.3,14244.0
2019-10-31,86.95,87.0,84.5,85.35,13989,EQ,282.0,49.61,11691.0
2019-11-01,85.0,92.0,83.1,90.8,78926,EQ,1690.0,46.7,55132.0
2019-11-04,92.4,97.8,90.95,96.4,123187,EQ,2892.0,42.6,67759.0
2019-11-05,97.5,99.0,93.05,93.8,38607,EQ,1695.0,22.78,19814.0
2019-11-06,94.65,95.4,90.45,90.65,16454,EQ,803.0,20.49,11706.0
2019-11-07,91.0,94.5,91.0,93.25,12036,EQ,447.0,26.93,7140.0
2019-11-08,94.0,94.6,91.1,92.4,7192,EQ,306.0,23.5,5145.0
2019-11-11,92.5,95.35,90.0,94.1,39826,EQ,1151.0,34.6,23990.0
2019-11-13,99.95,109.7,99.95,106.2,447712,EQ,9250.0,48.4,176751.0
2019-11-14,106.5,117.5,102.6,108.15,236481,EQ,6232.0,37.95,95080.0
2019-11-15,108.9,109.0,104.05,104.9,40381,EQ,1816.0,22.24,21545.0
2019-11-18,107.5,120.4,104.45,115.95,275831,EQ,8087.0,34.11,81732.0
2019-11-19,115.9,118.5,111.15,114.35,68804,EQ,2943.0,23.38,22249.0
2019-11-20,114.0,117.45,109.0,110.3,33252,EQ,1588.0,20.94,19061.0
2019-11-21,110.5,112.2,109.0,110.25,43480,EQ,1684.0,25.82,12898.0
2019-11-22,111.8,113.5,105.0,105.9,45688,EQ,1936.0,23.6,18228.0
2019-11-25,105.95,110.0,105.95,108.95,28099,EQ,1273.0,22.07,8227.0
2019-11-26,110.5,110.5,105.5,106.1,20087,EQ,1348.0,14.9,8938.0
2019-11-27,107.0,109.75,106.0,108.6,19664,EQ,664.0,29.61,10690.0
2019-11-28,107.5,108.95,105.75,106.3,15410,EQ,635.0,24.27,7490.0
2019-11-29,108.95,108.95,101.15,102.95,16917,EQ,925.0,18.29,8413.0
2019-12-02,102.95,105.0,100.0,100.7,16060,EQ,934.0,17.19,9632.0
2019-12-03,103.9,104.0,97.25,97.7,31918,EQ,1510.0,21.14,20064.0
2019-12-04,99.25,104.8,98.0,102.5,63528,EQ,2154.0,29.49,24679.0
2019-12-05,103.4,103.95,100.3,101.1,14486,EQ,527.0,27.49,10441.0
2019-12-06,101.2,102.3,98.95,100.4,14862,EQ,505.0,29.43,9590.0
2019-12-09,97.6,101.7,97.6,99.15,12646,EQ,481.0,26.29,8193.0
2019-12-10,99.95,100.0,96.1,96.7,16295,EQ,664.0,24.54,11940.0
2019-12-11,99.1,99.15,94.0,95.3,15720,EQ,517.0,30.41,11534.0
2019-12-12,95.75,98.0,95.4,97.5,12236,EQ,378.0,32.37,9517.0
2019-12-13,99.0,104.25,98.6,102.05,27046,EQ,728.0,37.15,19819.0
2019-12-16,104.5,108.0,102.75,104.9,44448,EQ,1798.0,24.72,21980.0
2019-12-17,103.7,106.0,102.8,103.4,11178,EQ,458.0,24.41,7640.0
2019-12-18,104.2,107.0,103.2,105.1,6017,EQ,255.0,23.6,3521.0
2019-12-19,105.45,105.45,103.5,104.0,4614,EQ,197.0,23.42,3162.0
2019-12-20,105.45,105.45,98.25,99.1,18126,EQ,849.0,21.35,13842.0
2019-12-23,99.75,100.5,98.5,99.15,17095,EQ,480.0,35.61,14447.0
2019-12-24,98.9,104.0,98.9,102.55,16488,EQ,872.0,18.91,9674.0
2019-12-26,103.7,103.7,99.05,102.15,8063,EQ,491.0,16.42,4025.0
2019-12-27,101.6,105.75,99.3,102.8,20688,EQ,1596.0,12.96,11417.0
2019-12-30,105.5,106.0,103.2,103.9,27077,EQ,1661.0,16.3,13641.0
2019-12-31,103.25,106.0,102.6,104.85,18352,EQ,1415.0,12.97,9448.0
2020-01-01,104.3,110.7,104.0,109.4,36054,EQ,1678.0,21.49,24263.0
2020-01-02,110.95,118.0,108.5,116.4,56233,EQ,4094.0,13.74,30593.0
2020-01-03,117.45,119.9,111.5,112.6,43498,EQ,3158.0,13.77,21048.0
2020-01-06,112.4,112.4,103.6,107.1,31568,EQ,1572.0,20.08,20053.0
2020-01-07,108.55,112.4,106.05,110.45,17169,EQ,1233.0,13.92,7366.0
2020-01-08,106.1,111.9,105.5,111.1,26092,EQ,1895.0,13.77,13218.0
2020-01-09,111.5,119.5,111.5,118.1,67604,EQ,2270.0,29.78,35739.0
2020-01-10,119.75,127.2,118.3,123.3,120819,EQ,3991.0,30.27,50657.0
2020-01-13,123.3,129.95,123.3,128.1,66240,EQ,2141.0,30.94,33402.0
2020-01-14,131.5,131.9,123.8,130.4,59045,EQ,1807.0,32.68,29804.0
2020-01-15,130.95,134.5,125.8,127.4,56385,EQ,1555.0,36.26,31710.0
2020-01-16,129.3,129.5,122.5,124.0,21371,EQ,1125.0,19.0,13047.0
2020-01-17,124.3,124.3,115.6,120.75,47043,EQ,2466.0,19.08,24999.0
2020-01-20,122.0,125.95,121.0,121.25,23006,EQ,698.0,32.96,16069.0
2020-01-21,121.25,129.3,120.0,128.7,51941,EQ,2822.0,18.41,23409.0
2020-01-22,129.9,131.5,123.3,126.0,32107,EQ,1783.0,18.01,14363.0
2020-01-23,126.0,129.0,124.05,126.4,34275,EQ,1785.0,19.2,19743.0
2020-01-24,126.45,128.5,123.5,127.45,19520,EQ,1780.0,10.97,9851.0
2020-01-27,126.5,126.5,119.05,120.4,26098,EQ,1610.0,16.21,15204.0
2020-01-28,120.4,124.0,119.95,122.2,20745,EQ,1710.0,12.13,12258.0
2020-01-29,123.5,130.1,121.6,127.6,87430,EQ,2564.0,34.1,58636.0
2020-01-30,128.9,131.0,123.5,126.4,52297,EQ,2373.0,22.04,27560.0
2020-01-31,128.0,129.85,124.85,127.4,21991,EQ,936.0,23.49,14316.0
2020-02-03,121.85,124.0,117.25,118.4,25475,EQ,1092.0,23.33,19306.0
2020-02-04,118.5,126.5,118.1,125.2,37250,EQ,1588.0,23.46,26060.0
2020-02-05,126.3,132.1,125.1,128.55,103843,EQ,3066.0,33.87,58022.0
2020-02-06,130.0,134.5,102.85,105.65,506065,EQ,13241.0,38.22,198331.0
2020-02-07,103.5,110.5,96.3,101.4,292435,EQ,7000.0,41.78,110587.0
2020-02-10,103.4,105.5,100.5,101.75,68213,EQ,1645.0,41.47,30293.0
2020-02-11,100.05,103.7,95.15,95.8,83829,EQ,2238.0,37.46,56878.0
2020-02-12,95.5,98.2,87.6,88.85,137293,EQ,3763.0,36.48,83456.0
2020-02-13,89.0,97.7,88.95,96.05,167859,EQ,4618.0,36.35,61364.0
2020-02-14,96.25,96.9,90.6,91.3,39496,EQ,1036.0,38.12,30080.0
2020-02-17,90.95,92.0,87.0,88.2,35471,EQ,819.0,43.31,28508.0
2020-02-18,87.6,89.5,83.75,85.6,38180,EQ,798.0,47.84,28701.0
2020-02-19,85.0,92.5,85.0,91.95,61846,EQ,1117.0,55.37,39214.0
2020-02-20,92.75,93.5,89.9,90.6,34154,EQ,809.0,42.22,14702.0
2020-02-24,91.5,91.95,86.0,86.65,29116,EQ,799.0,36.44,20506.0
2020-02-25,85.5,89.25,85.0,85.7,13150,EQ,686.0,19.17,9357.0
2020-02-26,85.05,92.5,85.0,86.1,54844,EQ,2148.0,25.53,29712.0
2020-02-27,86.1,88.85,85.0,87.8,21784,EQ,602.0,36.19,14114.0
2020-02-28,83.6,84.95,79.65,83.1,41385,EQ,1061.0,39.01,26260.0
2020-03-02,85.0,86.0,81.7,82.9,23377,EQ,544.0,42.97,16875.0
2020-03-03,85.1,85.5,81.45,83.0,14778,EQ,446.0,33.13,9417.0
2020-03-04,82.5,83.1,76.0,78.8,24637,EQ,868.0,28.38,16418.0
2020-03-05,79.5,80.9,72.1,78.1,35226,EQ,1094.0,32.2,17047.0
2020-03-06,74.0,82.0,71.5,80.9,38845,EQ,1141.0,34.04,29515.0
2020-03-09,79.9,79.9,72.85,75.7,46684,EQ,1377.0,33.9,28186.0
2020-03-11,74.25,78.8,74.25,76.35,19273,EQ,667.0,28.9,13801.0
2020-03-12,73.5,73.5,68.7,68.7,25407,EQ,563.0,45.13,16775.0
2020-03-13,63.0,72.35,61.9,69.95,31134,EQ,1047.0,29.74,17754.0
2020-03-16,70.5,70.5,63.5,64.7,15852,EQ,548.0,28.93,10986.0
2020-03-17,65.0,67.3,63.0,63.5,11320,EQ,544.0,20.81,7152.0
2020-03-18,64.8,67.3,57.5,58.1,24011,EQ,926.0,25.93,17766.0
2020-03-19,52.6,59.1,52.5,55.7,18381,EQ,908.0,20.24,11160.0
2020-03-20,56.05,59.4,55.1,56.6,12412,EQ,463.0,26.81,7170.0
2020-03-23,54.25,54.25,50.95,50.95,8491,EQ,427.0,19.89,6927.0
2020-03-24,51.5,53.4,45.9,45.95,20784,EQ,433.0,48.0,17339.0
2020-03-25,45.7,48.2,44.5,47.6,8707,EQ,345.0,25.24,7158.0
2020-03-26,48.95,49.95,48.1,49.95,6883,EQ,78.0,88.24,6872.0
2020-03-27,51.5,52.4,51.5,52.4,5227,EQ,80.0,65.34,5077.0
2020-03-30,55.0,55.0,49.8,55.0,20088,EQ,94.0,213.7,14258.0
2020-03-31,57.5,57.8,57.5,57.8,2789,EQ,43.0,64.86,2789.0
2020-04-01,60.65,60.65,59.45,60.65,8236,EQ,123.0,66.96,7739.0
2020-04-03,63.65,63.65,58.0,63.4,26765,EQ,472.0,56.71,19611.0
2020-04-07,65.0,66.55,61.5,66.55,8816,EQ,188.0,46.89,7284.0
2020-04-08,69.5,69.9,67.25,69.65,15906,EQ,394.0,40.37,12387.0
2020-04-09,72.2,73.1,69.1,72.3,14328,EQ,617.0,23.22,11915.0
2020-04-13,72.3,72.75,68.65,68.65,6147,EQ,,,
2020-04-15,67.5,67.5,65.25,65.55,20749,EQ,427.0,48.59,15999.0
2020-04-16,68.2,68.8,65.5,68.65,4799,EQ,152.0,31.57,4215.0
2020-04-17,71.7,71.7,66.6,69.15,8275,EQ,413.0,20.04,5894.0
2020-04-20,71.9,71.9,67.0,70.3,10935,EQ,397.0,27.54,8243.0
2020-04-21,69.0,69.0,66.8,67.6,12470,EQ,392.0,31.81,8090.0
2020-04-22,66.65,69.5,65.5,68.05,4423,EQ,175.0,25.27,2880.0
2020-04-23,69.4,70.2,68.05,69.1,3784,EQ,149.0,25.4,3407.0
2020-04-24,68.5,68.5,65.65,65.65,7551,EQ,249.0,30.33,5694.0
2020-04-27,65.7,66.0,62.4,62.5,13597,EQ,358.0,37.98,11117.0
2020-04-28,62.5,62.5,59.4,61.3,10125,EQ,313.0,32.35,6910.0
2020-04-29,59.5,63.4,59.5,62.3,3477,EQ,151.0,23.03,2050.0
2020-04-30,62.3,64.5,59.5,61.4,12331,EQ,295.0,41.8,7947.0
2020-05-04,64.0,64.0,59.5,60.35,7473,EQ,250.0,29.89,5000.0
2020-05-05,61.25,63.35,59.0,61.15,9622,EQ,224.0,42.96,6659.0
2020-05-06,60.05,61.5,58.1,61.35,7597,EQ,166.0,45.77,4659.0
2020-05-07,61.5,61.95,60.1,61.65,1798,EQ,55.0,32.69,1326.0
2020-05-08,63.4,63.4,60.0,60.35,3549,EQ,97.0,36.59,2393.0
2020-05-11,62.4,62.4,57.5,59.0,4684,EQ,160.0,29.28,2861.0
2020-05-12,59.0,60.2,57.9,58.9,3692,EQ,124.0,29.77,2981.0
2020-05-13,61.35,61.8,60.0,60.6,5597,EQ,152.0,36.82,4210.0
2020-05-14,60.5,62.5,59.1,61.8,3042,EQ,127.0,23.95,1720.0
2020-05-15,61.8,63.8,61.65,63.5,5838,EQ,131.0,44.56,5141.0
2020-05-18,63.0,66.2,60.3,60.5,4451,EQ,136.0,32.73,3418.0
2020-05-19,60.5,61.5,58.25,61.1,3664,EQ,91.0,40.26,2815.0
2020-05-20,61.45,61.45,59.0,59.2,4051,EQ,97.0,41.76,2792.0
2020-05-21,58.85,59.65,57.0,57.7,11589,EQ,197.0,58.83,9083.0
2020-05-22,57.5,59.35,56.0,57.6,5126,EQ,189.0,27.12,3493.0
2020-05-26,59.85,59.85,54.7,54.85,16745,EQ,257.0,65.16,13572.0
2020-05-27,57.0,57.6,56.95,57.6,4809,EQ,118.0,40.75,3331.0
2020-05-28,60.45,60.45,58.0,58.5,11354,EQ,284.0,39.98,7770.0
2020-05-29,59.0,59.5,57.5,59.15,6559,EQ,148.0,44.32,4406.0
2020-06-01,59.0,60.9,59.0,60.3,6161,EQ,195.0,31.59,4178.0
2020-06-02,60.05,61.0,59.15,60.0,12247,EQ,221.0,55.42,8285.0
2020-06-03,61.45,62.95,60.1,62.85,13527,EQ,331.0,40.87,11449.0
2020-06-04,62.0,64.9,61.8,62.5,7002,EQ,340.0,20.59,4203.0
2020-06-05,62.5,65.65,61.6,64.35,17974,EQ,324.0,55.48,13977.0
2020-06-08,67.0,67.55,66.0,67.3,13982,EQ,272.0,51.4,12091.0
2020-06-09,68.75,69.3,64.0,64.15,11725,EQ,315.0,37.22,9731.0
2020-06-10,64.5,66.25,62.15,62.6,11836,EQ,211.0,56.09,9681.0
2020-06-11,64.0,65.7,61.0,61.6,9138,EQ,196.0,46.62,7611.0
2020-06-12,58.75,61.95,58.5,60.6,13182,EQ,397.0,33.2,7909.0
2020-06-15,63.25,63.25,59.05,59.9,4878,EQ,132.0,36.95,3594.0
2020-06-16,61.25,62.0,59.55,60.6,5766,EQ,206.0,27.99,2943.0
2020-06-17,61.95,62.5,58.0,61.8,7434,EQ,204.0,36.44,5277.0
2020-06-18,61.8,64.85,61.05,64.45,12963,EQ,372.0,34.85,10725.0
2020-06-19,67.6,67.65,66.3,67.25,27447,EQ,404.0,67.94,19257.0
2020-06-22,67.75,70.4,67.5,69.55,15803,EQ,572.0,27.63,10159.0
2020-06-23,70.9,71.0,67.65,69.0,10246,EQ,370.0,27.69,7743.0
2020-06-24,69.95,71.0,66.5,67.65,13821,EQ,490.0,28.21,10048.0
2020-06-25,68.1,68.15,66.0,67.5,5544,EQ,147.0,37.71,4856.0
2020-06-26,70.0,70.0,64.4,65.8,18004,EQ,681.0,26.44,12832.0
2020-06-29,62.55,62.55,62.55,62.55,4410,EQ,108.0,40.83,4410.0
2020-06-30,59.4,59.4,59.4,59.4,10556,EQ,110.0,95.96,10556.0
2020-07-01,56.5,62.0,56.5,60.05,23558,EQ,611.0,38.56,16211.0
2020-07-02,62.8,63.05,62.8,63.05,10279,EQ,73.0,140.81,8754.0
2020-07-03,65.45,66.2,63.25,64.4,28225,EQ,625.0,45.16,19545.0
2020-07-06,64.45,66.2,63.5,65.0,17707,EQ,301.0,58.83,14114.0
2020-07-07,66.0,66.0,62.0,63.2,11354,EQ,442.0,25.69,7877.0
2020-07-08,64.0,64.0,61.5,61.7,6639,EQ,205.0,32.39,5864.0
2020-07-09,62.0,63.3,60.25,61.7,24062,EQ,422.0,57.02,15708.0
2020-07-10,61.6,62.45,60.5,61.05,15031,EQ,328.0,45.83,12748.0
2020-07-13,62.0,62.0,60.0,60.5,7759,EQ,343.0,22.62,6092.0
2020-07-14,60.5,60.5,57.5,58.15,27586,EQ,614.0,44.93,22957.0
2020-07-15,58.7,59.7,56.0,56.5,24532,EQ,505.0,48.58,18412.0
2020-07-16,57.6,58.1,56.5,57.0,12738,EQ,399.0,31.92,10454.0
2020-07-17,57.7,59.8,57.7,59.15,11573,EQ,347.0,33.35,8425.0
2020-07-20,60.0,61.0,58.2,59.1,5723,EQ,347.0,16.49,3756.0
2020-07-21,60.3,60.5,58.5,59.55,10818,EQ,472.0,22.92,6751.0
2020-07-22,59.3,60.5,58.5,59.25,10411,EQ,310.0,33.58,7706.0
2020-07-23,59.0,60.4,57.85,58.55,8708,EQ,310.0,28.09,6415.0
2020-07-24,58.5,59.6,58.3,59.05,13386,EQ,443.0,30.22,11418.0
2020-07-27,58.6,59.75,58.5,59.4,28647,EQ,343.0,83.52,20345.0
2020-07-28,60.05,60.75,58.5,58.65,24702,EQ,394.0,62.7,18471.0
2020-07-29,59.0,59.25,57.55,57.9,13499,EQ,490.0,27.55,9890.0
2020-07-30,58.6,58.6,56.5,56.8,15921,EQ,467.0,34.09,12726.0
2020-07-31,56.5,58.0,54.25,56.0,26978,EQ,967.0,27.9,17614.0
2020-08-03,55.05,58.5,55.05,56.9,10105,EQ,556.0,18.17,6786.0
2020-08-04,57.0,58.75,56.0,56.65,10229,EQ,506.0,20.22,7945.0
2020-08-05,57.5,58.45,56.25,57.1,8157,EQ,348.0,23.44,6154.0
2020-08-06,57.5,57.5,56.5,56.6,10855,EQ,207.0,52.44,9699.0
2020-08-07,57.9,61.5,57.0,59.05,35520,EQ,1349.0,26.33,20913.0
2020-08-10,60.0,61.0,58.0,59.4,16100,EQ,414.0,38.89,11960.0
2020-08-11,59.4,60.0,58.0,58.15,12660,EQ,408.0,31.03,9398.0
2020-08-12,59.0,64.0,57.5,64.0,70123,EQ,891.0,78.7,55488.0
2020-08-13,67.5,69.35,65.15,68.3,172736,EQ,2621.0,65.9,114656.0
2020-08-14,69.5,74.25,69.0,73.1,283200,EQ,2587.0,109.47,150526.0
2020-08-17,77.0,80.4,77.0,80.4,313894,EQ,1061.0,295.85,250019.0
2020-08-18,80.0,83.1,76.4,76.4,406590,EQ,4016.0,101.24,215077.0
2020-08-19,72.6,72.6,72.6,72.6,16043,EQ,277.0,57.92,16043.0
2020-08-20,68.95,68.95,68.95,68.95,16000,EQ,246.0,65.04,16000.0
2020-08-21,65.55,72.4,65.55,72.4,199427,EQ,2761.0,72.23,84867.0
2020-08-24,73.9,74.0,69.0,70.5,53644,EQ,1285.0,41.75,36281.0
2020-08-25,69.55,71.45,68.75,69.9,34435,EQ,896.0,38.43,20801.0
2020-08-26,69.05,71.25,68.75,68.95,33895,EQ,759.0,44.66,25185.0
2020-08-27,70.0,71.2,67.9,69.85,35166,EQ,1013.0,34.71,22076.0
2020-08-28,69.65,70.5,67.75,68.15,31073,EQ,965.0,32.2,21845.0
2020-08-31,67.4,67.9,64.8,65.25,39116,EQ,1144.0,34.19,25400.0
2020-09-01,65.25,65.3,62.15,63.6,15383,EQ,734.0,20.96,8655.0
2020-09-02,63.7,66.25,63.1,64.3,15387,EQ,621.0,24.78,10935.0
2020-09-03,66.25,66.25,64.3,64.95,9484,EQ,606.0,15.65,5618.0
2020-09-04,64.5,66.0,62.8,64.9,16167,EQ,611.0,26.46,11487.0
2020-09-07,64.0,66.1,62.6,64.6,6861,EQ,283.0,24.24,4383.0
2020-09-08,63.75,65.25,62.75,63.15,11329,EQ,467.0,24.26,6968.0
2020-09-09,63.0,63.75,60.7,62.65,7507,EQ,309.0,24.29,6136.0
2020-09-10,63.75,65.0,60.0,63.65,14320,EQ,679.0,21.09,7769.0
2020-09-11,63.65,65.15,62.5,64.65,10430,EQ,392.0,26.61,6599.0
2020-09-14,63.2,66.25,63.0,64.9,15519,EQ,599.0,25.91,9140.0
2020-09-15,65.85,65.9,63.9,64.1,5877,EQ,197.0,29.83,4077.0
2020-09-16,66.2,66.2,63.9,64.8,6070,EQ,239.0,25.4,3517.0
2020-09-17,64.0,64.7,63.8,64.15,8241,EQ,378.0,21.8,4865.0
2020-09-18,64.0,64.95,63.5,64.4,8105,EQ,303.0,26.75,5410.0
2020-09-21,65.5,65.5,62.0,62.0,10825,EQ,352.0,30.75,6553.0
2020-09-22,61.75,62.75,58.9,59.9,28896,EQ,439.0,65.82,14810.0
2020-09-23,59.75,62.3,59.0,59.85,10195,EQ,523.0,19.49,5270.0
2020-09-24,59.1,59.4,57.75,58.65,15918,EQ,251.0,63.42,10269.0
2020-09-25,59.95,61.6,59.15,61.05,8944,EQ,326.0,27.44,6095.0
2020-09-28,61.05,64.1,60.5,63.9,8295,EQ,,,
2020-09-29,63.6,63.6,61.1,62.15,7031,EQ,282.0,24.93,3855.0
2020-09-30,62.6,62.65,60.9,61.1,2603,EQ,94.0,27.69,2142.0
2020-10-01,61.95,63.2,61.3,62.1,4453,EQ,311.0,14.32,3187.0
2020-10-05,64.15,65.2,62.65,65.2,14214,EQ,353.0,40.27,11065.0
2020-10-06,66.9,68.45,66.0,68.25,55185,EQ,813.0,67.88,33135.0
2020-10-07,67.05,68.6,65.3,65.7,16754,EQ,310.0,54.05,13402.0
2020-10-08,66.35,66.35,63.8,64.1,14150,EQ,282.0,50.18,9571.0
2020-10-09,65.85,65.9,63.0,63.4,8362,EQ,198.0,42.23,6964.0
2020-10-12,65.0,69.5,62.5,65.15,14770,EQ,372.0,39.7,9258.0
2020-10-13,65.0,65.65,60.05,63.65,5445,EQ,140.0,38.89,3820.0
2020-10-14,62.0,63.7,61.5,62.55,4246,EQ,184.0,23.08,3595.0
2020-10-15,62.6,63.05,58.75,59.4,15217,EQ,302.0,50.39,10040.0
2020-10-16,61.25,61.5,60.35,60.8,4059,EQ,122.0,33.27,3221.0
2020-10-19,60.15,61.95,60.15,61.5,3515,EQ,118.0,29.79,2120.0
2020-10-20,61.4,62.5,60.35,61.3,2999,EQ,98.0,30.6,2525.0
2020-10-21,62.5,63.5,61.0,62.65,9763,EQ,232.0,42.08,6801.0
2020-10-22,61.9,63.45,61.9,62.85,5795,EQ,157.0,36.91,4343.0
2020-10-23,62.8,63.45,61.5,62.4,4260,EQ,164.0,25.98,3238.0
2020-10-26,63.0,64.7,63.0,63.55,13170,EQ,198.0,66.52,9360.0
2020-10-27,63.6,64.25,62.5,62.8,5636,EQ,170.0,33.15,3902.0
2020-10-28,62.5,64.5,62.1,62.2,2749,EQ,108.0,25.45,1587.0
2020-10-29,61.9,62.0,60.3,61.4,2339,EQ,97.0,24.11,1555.0
2020-10-30,61.85,62.45,60.5,61.0,1603,EQ,88.0,18.22,1243.0
2020-11-02,62.3,62.3,60.6,61.0,3220,EQ,156.0,20.64,2656.0
2020-11-03,61.9,62.45,60.5,60.8,1599,EQ,64.0,24.98,1085.0
2020-11-04,61.25,62.0,60.5,61.4,4996,EQ,154.0,32.44,4538.0
2020-11-05,62.4,63.0,61.1,62.55,38218,EQ,1529.0,25.0,3315.0
2020-11-06,64.25,64.25,61.7,62.5,31876,EQ,1305.0,24.43,3842.0
2020-11-09,63.35,64.3,62.1,63.15,31842,EQ,1451.0,21.94,5923.0
2020-11-10,64.5,64.5,62.1,63.4,7207,EQ,214.0,33.68,5795.0
2020-11-11,67.4,67.4,63.85,65.3,57867,EQ,1667.0,34.71,20975.0
2020-11-12,66.25,66.3,62.0,63.05,14792,EQ,681.0,21.72,9383.0
2020-11-13,63.1,64.45,62.55,63.5,10711,EQ,289.0,37.06,7202.0
2020-11-17,67.0,67.3,61.9,65.7,41598,EQ,1603.0,25.95,16149.0
2020-11-18,65.2,65.2,62.1,64.05,28761,EQ,755.0,38.09,13648.0
2020-11-19,64.5,65.4,63.4,64.45,10020,EQ,233.0,43.0,6372.0
2020-11-20,64.0,66.95,64.0,65.25,24515,EQ,707.0,34.67,12086.0
2020-11-23,64.6,71.8,64.25,71.0,107973,EQ,1793.0,60.22,74929.0
2020-11-24,72.6,76.95,71.45,74.5,206139,EQ,2626.0,78.5,122282.0
2020-11-25,75.0,75.0,70.65,71.8,35907,EQ,729.0,49.26,22675.0
2020-11-26,71.0,74.0,70.45,72.4,22320,EQ,1080.0,20.67,11754.0
2020-11-27,73.7,74.4,71.8,72.3,23693,EQ,1179.0,20.1,11190.0
2020-12-01,73.0,74.8,70.8,71.95,36466,EQ,881.0,41.39,23776.0
2020-12-02,72.8,72.85,71.25,71.65,18396,EQ,433.0,42.48,13001.0
2020-12-03,73.0,73.2,72.1,72.8,13480,EQ,328.0,41.1,8807.0
2020-12-04,74.9,74.9,70.55,71.8,25340,EQ,454.0,55.81,17370.0
2020-12-07,74.0,77.95,72.75,77.1,94813,EQ,1791.0,52.94,55252.0
2020-12-08,78.45,81.75,76.25,78.85,165780,EQ,3167.0,52.35,69693.0
2020-12-09,79.2,79.5,76.3,76.7,22638,EQ,755.0,29.98,14676.0
2020-12-10,77.0,78.0,73.65,76.45,22161,EQ,819.0,27.06,11336.0
2020-12-11,77.3,79.95,73.55,74.8,88340,EQ,2692.0,32.82,43552.0
2020-12-14,75.25,76.05,73.75,74.3,20508,EQ,636.0,32.25,13301.0
2020-12-15,76.2,77.45,70.25,76.1,58622,EQ,1435.0,40.85,30192.0
2020-12-16,76.1,79.0,75.05,75.25,24275,EQ,1028.0,23.61,13259.0
2020-12-17,76.3,77.75,73.2,73.65,21502,EQ,444.0,48.43,16271.0
2020-12-18,78.45,78.45,74.5,74.85,57196,EQ,1944.0,29.42,24854.0
2020-12-21,75.0,79.0,66.3,68.3,192451,EQ,4920.0,39.12,56010.0
2020-12-22,68.5,71.45,65.8,69.9,36779,EQ,1153.0,31.9,15842.0
2020-12-23,71.0,73.5,70.2,72.0,18196,EQ,705.0,25.81,8695.0
2020-12-24,72.75,74.95,71.55,72.0,18368,EQ,464.0,39.59,9599.0
2020-12-28,73.25,74.45,72.6,73.0,8779,EQ,270.0,32.51,5588.0
2020-12-29,73.5,78.5,71.5,76.75,90018,EQ,2300.0,39.14,39156.0
2020-12-30,76.75,77.9,75.05,76.65,45754,EQ,1653.0,27.68,18268.0
2020-12-31,76.85,77.5,74.4,75.75,37764,EQ,777.0,48.6,14703.0
2021-01-01,75.95,76.5,75.2,75.65,9439,EQ,274.0,34.45,6697.0
2021-01-04,76.8,86.9,74.55,79.95,428381,EQ,8686.0,49.32,93440.0
2021-01-05,79.9,82.4,78.0,79.9,146517,EQ,2691.0,54.45,56058.0
2021-01-06,80.0,90.1,79.45,86.55,1576854,EQ,16807.0,93.82,463678.0
2021-01-07,88.35,88.35,82.5,84.5,251251,EQ,6223.0,40.37,91698.0
2021-01-08,84.75,86.1,83.0,83.7,77588,EQ,1652.0,46.97,40824.0
2021-01-11,84.65,84.65,81.0,82.1,86838,EQ,1828.0,47.5,41819.0
2021-01-12,82.5,85.15,81.0,82.1,143543,EQ,4459.0,32.19,38189.0
2021-01-13,82.2,85.9,80.6,81.6,140188,EQ,3260.0,43.0,45119.0
2021-01-14,82.2,82.4,80.35,81.3,34446,EQ,1031.0,33.41,18695.0
2021-01-15,81.0,81.65,78.6,79.1,35325,EQ,920.0,38.4,17870.0
2021-01-18,79.9,79.9,76.1,77.0,36437,EQ,915.0,39.82,21472.0
2021-01-19,78.0,79.7,77.5,77.9,26524,EQ,654.0,40.56,13831.0
2021-01-20,77.95,83.95,77.9,82.5,92658,EQ,2053.0,45.13,50142.0
2021-01-21,83.75,83.95,79.5,80.05,38118,EQ,878.0,43.41,22141.0
2021-01-22,79.95,81.75,77.5,79.4,36543,EQ,922.0,39.63,13089.0
2021-01-25,79.4,81.8,75.15,77.3,33678,EQ,750.0,44.9,12199.0
2021-01-27,77.6,80.1,76.1,77.65,97005,EQ,1919.0,50.55,24506.0
2021-01-28,77.35,78.45,76.5,77.8,17566,EQ,579.0,30.34,8937.0
2021-01-29,78.9,79.1,76.5,76.85,14864,EQ,394.0,37.73,8728.0
2021-02-01,76.75,77.05,74.5,75.55,32335,EQ,757.0,42.71,18871.0
2021-02-02,75.35,77.5,75.35,76.8,13928,EQ,423.0,32.93,8842.0
2021-02-03,75.8,79.25,75.8,76.8,37212,EQ,887.0,41.95,22982.0
2021-02-04,76.8,78.75,76.8,78.0,22670,EQ,554.0,40.92,13214.0
2021-02-05,78.0,78.5,75.6,76.3,21033,EQ,466.0,45.14,13896.0
2021-02-08,77.0,79.5,76.9,79.05,26635,EQ,684.0,38.94,16339.0
2021-02-09,81.5,81.5,77.3,78.3,31217,EQ,872.0,35.8,20037.0
2021-02-10,77.5,80.4,73.15,73.6,105674,EQ,1862.0,56.75,59704.0
2021-02-11,73.0,73.9,71.95,72.85,44272,EQ,1046.0,42.33,22676.0
2021-02-12,73.1,73.1,71.95,72.3,30849,EQ,1183.0,26.08,11887.0
2021-02-15,72.7,72.7,71.1,71.35,28970,EQ,760.0,38.12,18326.0
2021-02-16,71.4,71.9,70.5,70.9,16258,EQ,331.0,49.12,8781.0
2021-02-17,70.9,70.95,70.0,70.3,17823,EQ,415.0,42.95,11827.0
2021-02-18,71.0,72.45,70.7,71.1,19245,EQ,388.0,49.6,13788.0
2021-02-19,70.0,73.0,70.0,70.45,33861,EQ,622.0,54.44,18574.0
2021-02-22,72.0,72.0,68.55,68.95,11747,EQ,341.0,34.45,8617.0
2021-02-23,68.6,69.55,67.5,69.05,12199,EQ,377.0,32.36,7866.0
2021-02-24,69.15,81.0,68.6,70.95,9780,EQ,331.0,29.55,6553.0
2021-02-25,71.45,71.95,71.0,71.8,11272,EQ,242.0,46.58,8204.0
2021-02-26,71.0,71.3,67.4,68.3,23423,EQ,580.0,40.38,18614.0
2021-03-01,68.35,69.95,68.35,69.15,14831,EQ,269.0,55.13,11326.0
2021-03-02,70.5,70.5,68.0,68.9,22844,EQ,670.0,34.1,12456.0
2021-03-03,69.75,70.4,69.45,69.95,18849,EQ,286.0,65.91,15903.0
2021-03-04,69.95,73.85,68.6,70.95,61635,EQ,901.0,68.41,39200.0
2021-03-05,71.9,74.8,70.4,70.6,116967,EQ,1950.0,59.98,49073.0
2021-03-08,72.5,73.0,70.5,70.95,22156,EQ,546.0,40.58,14206.0
2021-03-09,71.9,72.2,69.5,70.45,18094,EQ,513.0,35.27,12129.0
2021-03-10,71.7,71.75,69.05,69.8,13965,EQ,388.0,35.99,8637.0
2021-03-12,70.0,71.1,68.75,68.95,10197,EQ,311.0,32.79,7612.0
2021-03-15,68.75,69.7,66.95,67.3,19832,EQ,658.0,30.14,12636.0
2021-03-16,68.05,68.95,67.5,67.7,17173,EQ,372.0,46.16,13013.0
2021-03-17,68.35,68.45,64.5,65.65,16566,EQ,397.0,41.73,14268.0
2021-03-18,66.5,67.1,61.5,62.8,28073,EQ,621.0,45.21,17357.0
2021-03-19,62.6,65.0,60.6,64.6,20247,EQ,619.0,32.71,12731.0
2021-03-22,65.4,66.0,64.65,65.45,10804,EQ,244.0,44.28,6358.0
2021-03-23,66.85,66.85,64.25,64.4,12940,EQ,272.0,47.57,9568.0
2021-03-24,64.4,65.0,63.0,63.25,6108,EQ,237.0,25.77,4437.0
2021-03-25,64.45,64.45,61.0,61.75,17293,EQ,534.0,32.38,11174.0
2021-03-26,62.5,63.1,60.6,61.0,22648,EQ,437.0,51.83,16323.0
2021-03-30,62.45,62.45,59.3,59.9,16944,EQ,433.0,39.13,12994.0
2021-03-31,60.5,60.5,59.0,59.5,32807,EQ,483.0,67.92,26341.0
2021-04-01,60.0,63.0,59.6,62.6,17410,EQ,430.0,40.49,10031.0
2021-04-05,64.2,64.2,61.3,61.5,8996,EQ,308.0,29.21,5641.0
2021-04-06,62.0,63.0,61.1,62.1,9038,EQ,285.0,31.71,6458.0
2021-04-07,62.4,62.9,61.1,62.3,10805,EQ,335.0,32.25,7936.0
2021-04-08,62.3,64.3,62.05,63.65,19188,EQ,487.0,39.4,13145.0
2021-04-09,63.65,65.4,63.3,64.6,10416,EQ,340.0,30.64,5524.0
2021-04-12,62.1,63.6,60.15,61.6,22307,EQ,471.0,47.36,14861.0
2021-04-13,61.6,62.4,60.6,61.4,8114,EQ,373.0,21.75,4924.0
2021-04-15,61.75,62.0,60.5,60.9,6588,EQ,234.0,28.15,4608.0
2021-04-16,61.9,65.7,61.0,63.55,36985,EQ,737.0,50.18,19566.0
2021-04-19,64.2,64.25,60.8,61.45,11939,EQ,397.0,30.07,8389.0
2021-04-20,61.45,62.05,61.2,61.65,7380,EQ,180.0,41.0,5817.0
2021-04-22,61.15,61.6,60.7,60.8,9928,EQ,250.0,39.71,8194.0
2021-04-23,60.7,61.1,60.05,60.4,10137,EQ,321.0,31.58,7192.0
2021-04-26,60.6,61.8,60.6,61.2,9957,EQ,317.0,31.41,7671.0
2021-04-27,61.75,61.9,61.0,61.8,6364,EQ,304.0,20.93,3998.0
2021-04-28,61.5,62.4,58.5,60.55,23203,EQ,684.0,33.92,14887.0
2021-04-29,61.7,61.8,58.95,61.0,8448,EQ,371.0,22.77,4969.0
2021-04-30,60.0,63.4,59.7,61.2,27826,EQ,657.0,42.35,19223.0
2021-05-03,61.2,62.0,60.5,60.8,11622,EQ,485.0,23.96,7452.0
2021-05-04,61.0,61.55,60.0,60.5,11069,EQ,290.0,38.17,7532.0
2021-05-05,60.55,66.5,60.5,65.05,89509,EQ,1385.0,64.63,49022.0
2021-05-06,66.0,66.0,64.05,65.3,29040,EQ,718.0,40.45,15813.0
2021-05-07,65.3,66.25,64.1,64.8,15403,EQ,521.0,29.56,7260.0
2021-05-10,65.75,65.75,64.3,64.7,19690,EQ,478.0,41.19,12389.0
2021-05-11,64.3,66.0,63.1,65.6,18164,EQ,344.0,52.8,12338.0
2021-05-12,66.45,66.45,64.5,65.1,18518,EQ,378.0,48.99,15161.0
2021-05-14,65.5,68.95,64.0,68.45,84317,EQ,1289.0,65.41,50915.0
2021-05-17,68.95,70.5,66.6,67.25,47395,EQ,1058.0,44.8,24083.0
2021-05-18,69.9,75.45,67.55,73.15,313472,EQ,4030.0,77.78,96215.0
2021-05-19,73.5,73.5,70.5,70.8,51518,EQ,1620.0,31.8,29328.0
2021-05-20,70.6,71.0,68.8,69.0,25861,EQ,1059.0,24.42,15583.0
2021-05-21,69.75,69.75,68.0,68.45,26892,EQ,696.0,38.64,16240.0
2021-05-24,69.45,70.8,68.5,70.3,21494,EQ,634.0,33.9,12787.0
2021-05-25,71.0,73.65,69.3,71.1,80683,EQ,1664.0,48.49,40347.0
2021-05-26,71.4,73.8,70.55,73.15,112481,EQ,1837.0,61.23,59592.0
2021-05-27,73.35,77.15,71.1,74.15,287154,EQ,3284.0,87.44,147639.0
2021-05-28,74.95,75.0,69.15,69.65,72779,EQ,2120.0,34.33,50386.0
2021-05-31,71.3,71.3,68.2,68.95,35181,EQ,1021.0,34.46,21818.0
2021-06-01,69.65,70.15,67.25,67.6,28203,EQ,1057.0,26.68,18968.0
2021-06-02,67.5,69.45,66.7,69.4,26002,EQ,783.0,33.21,15888.0
2021-06-03,70.15,76.0,69.75,74.05,155784,EQ,3285.0,47.42,105037.0
2021-06-04,74.6,74.95,70.65,74.4,50914,EQ,1311.0,38.84,37566.0
2021-06-07,74.6,85.9,73.5,82.2,580262,EQ,10383.0,55.89,205067.0
2021-06-08,82.75,84.5,78.0,83.05,160711,EQ,5302.0,30.31,100225.0
2021-06-09,84.95,86.6,82.0,83.3,231801,EQ,8186.0,28.32,126566.0
2021-06-10,84.0,86.0,81.55,84.4,138563,EQ,4797.0,28.89,78594.0
2021-06-11,81.5,86.8,76.95,85.35,214744,EQ,6674.0,32.18,120185.0
2021-06-14,85.4,88.5,79.9,86.3,169891,EQ,6735.0,25.23,58440.0
2021-06-15,85.25,86.5,83.05,83.8,33600,EQ,1706.0,19.7,22824.0
2021-06-16,83.8,85.0,81.7,82.6,29266,EQ,1194.0,24.51,20986.0
2021-06-17,81.5,82.25,78.55,79.65,26242,EQ,1195.0,21.96,14180.0
2021-06-18,80.5,81.0,73.2,75.7,54715,EQ,1732.0,31.59,34780.0
2021-06-21,75.0,78.25,74.7,76.65,16429,EQ,680.0,24.16,6617.0
2021-06-22,78.45,78.5,75.0,75.65,15016,EQ,466.0,32.22,9723.0
2021-06-23,78.25,78.65,75.1,77.8,35109,EQ,996.0,35.25,15117.0
2021-06-24,78.6,79.45,76.55,76.8,9408,EQ,527.0,17.85,5219.0
2021-06-25,77.0,82.5,76.0,79.7,76095,EQ,2125.0,35.81,32163.0
2021-06-28,79.5,81.85,77.5,78.0,12288,EQ,455.0,27.01,8298.0
2021-06-29,79.15,81.35,76.5,77.05,27671,EQ,955.0,28.97,16315.0
2021-06-30,77.35,80.9,77.0,78.05,50775,EQ,1428.0,35.56,19848.0
2021-07-01,77.1,80.7,77.1,79.7,27459,EQ,972.0,28.25,14301.0
2021-07-02,82.0,82.0,77.1,78.7,17733,EQ,893.0,19.86,6007.0
2021-07-05,78.3,80.95,78.1,78.75,7261,EQ,400.0,18.15,5174.0
2021-07-06,79.25,81.75,78.25,78.7,23426,EQ,1100.0,21.3,11812.0
2021-07-07,77.15,80.0,77.1,78.65,12134,EQ,739.0,16.42,4041.0
2021-07-08,78.8,80.85,77.95,78.2,20983,EQ,776.0,27.04,6555.0
2021-07-09,78.3,81.35,78.3,80.25,37363,EQ,710.0,52.62,17394.0
2021-07-12,81.5,82.1,79.1,79.6,20158,EQ,931.0,21.65,9339.0
2021-07-13,81.45,81.9,79.3,81.15,38514,EQ,811.0,47.49,28066.0
2021-07-14,80.15,84.85,80.1,83.75,75842,EQ,2290.0,33.12,54436.0
2021-07-15,84.9,86.35,84.0,84.4,68766,EQ,1598.0,43.03,42944.0
2021-07-16,85.5,87.5,82.5,84.7,86337,EQ,2133.0,40.48,44000.0
2021-07-19,84.5,85.1,80.95,81.9,32053,EQ,1436.0,22.32,18840.0
2021-07-20,81.75,81.85,77.0,78.0,40346,EQ,2167.0,18.62,19949.0
2021-07-22,79.25,81.2,79.25,80.4,17875,EQ,683.0,26.17,13716.0
2021-07-23,82.45,82.45,78.05,78.7,11929,EQ,464.0,25.71,9183.0
2021-07-26,80.0,80.0,76.4,77.45,24482,EQ,1319.0,18.56,14286.0
2021-07-27,78.5,79.3,76.4,77.15,16256,EQ,765.0,21.25,11346.0
2021-07-28,77.3,79.0,75.15,77.3,25866,EQ,885.0,29.23,11553.0
2021-07-29,78.2,82.3,77.45,80.25,38447,EQ,1201.0,32.01,22590.0
2021-07-30,81.95,81.95,79.0,79.6,22595,EQ,1298.0,17.41,12437.0
2021-08-02,81.3,83.5,78.8,82.4,42770,EQ,1489.0,28.72,18610.0
2021-08-03,82.4,83.2,80.2,80.9,19740,EQ,827.0,23.87,9549.0
2021-08-04,81.15,84.5,79.55,79.9,103305,EQ,2524.0,40.93,57029.0
2021-08-05,81.45,81.45,76.95,78.3,27605,EQ,703.0,39.27,15121.0
2021-08-06,78.45,81.95,77.5,80.1,27866,EQ,703.0,39.64,19155.0
2021-08-09,80.3,80.65,78.5,79.65,17726,EQ,388.0,45.69,13021.0
2021-08-10,80.95,80.95,75.0,76.2,16450,EQ,595.0,27.65,10950.0
2021-08-11,77.05,77.05,72.0,74.0,29516,EQ,992.0,29.75,18645.0
2021-08-12,75.1,83.55,74.0,79.6,112959,EQ,4492.0,25.15,33774.0
2021-08-13,78.9,82.1,78.1,80.9,56747,EQ,1290.0,43.99,33939.0
2021-08-16,79.3,81.35,77.5,77.8,18266,EQ,1087.0,16.8,10318.0
2021-08-17,78.5,79.65,74.5,75.2,22725,EQ,1033.0,22.0,10200.0
2021-08-18,76.0,76.95,73.7,75.75,11367,EQ,557.0,20.41,5770.0
2021-08-20,76.95,83.75,73.6,78.4,178821,EQ,4429.0,40.38,86920.0
2021-08-23,78.75,81.65,76.6,77.3,82885,EQ,1577.0,52.56,57645.0
2021-08-24,77.6,78.45,75.9,76.9,10209,EQ,504.0,20.26,6176.0
2021-08-25,77.9,92.25,77.3,92.25,520353,EQ,6823.0,76.26,189743.0
2021-08-26,100.0,104.95,97.75,99.3,1603957,EQ,50506.0,31.76,285938.0
2021-08-27,97.0,97.85,92.9,93.3,241745,EQ,11171.0,21.64,73436.0
2021-08-30,92.55,93.5,87.6,90.0,159553,EQ,6294.0,25.35,77141.0
2021-08-31,90.45,96.5,87.6,92.5,104092,EQ,3621.0,28.75,57124.0
2021-09-01,93.45,104.7,92.0,100.25,390379,EQ,11568.0,33.75,119648.0
2021-09-02,100.25,100.85,95.3,96.1,60944,EQ,3238.0,18.82,37532.0
2021-09-03,97.25,97.25,92.55,94.2,67288,EQ,3276.0,20.54,39054.0
2021-09-06,94.2,113.0,92.6,113.0,584605,EQ,8193.0,71.35,245415.0
2021-09-07,115.95,116.5,104.5,105.65,326130,EQ,11625.0,28.05,129734.0
2021-09-08,106.3,107.9,101.5,104.9,103563,EQ,6214.0,16.67,46041.0
2021-09-09,104.5,105.95,102.1,103.05,44746,EQ,2381.0,18.79,22454.0
2021-09-13,103.5,109.5,103.25,105.8,95740,EQ,3679.0,26.02,45348.0
2021-09-14,106.0,107.75,102.75,103.3,49586,EQ,2195.0,22.59,27128.0
2021-09-15,103.5,108.0,103.3,105.15,94785,EQ,5970.0,15.88,46543.0
2021-09-16,106.45,106.45,101.05,101.9,45132,EQ,2352.0,19.19,30552.0
2021-09-17,101.9,101.9,92.75,99.0,71030,EQ,3690.0,19.25,43139.0
2021-09-20,99.5,99.5,95.5,95.75,20334,EQ,1361.0,14.94,11925.0
2021-09-21,95.5,98.4,93.95,94.65,17838,EQ,1002.0,17.8,9960.0
2021-09-22,94.65,96.9,94.3,94.8,18794,EQ,905.0,20.77,10201.0
2021-09-23,95.5,107.7,95.5,100.6,149622,EQ,6011.0,24.89,44220.0
2021-09-24,101.05,102.6,97.1,98.55,38606,EQ,1310.0,29.47,22212.0
2021-09-27,96.7,99.15,96.25,97.1,19386,EQ,582.0,33.31,14788.0
2021-09-28,99.3,101.5,95.45,97.7,18751,EQ,815.0,23.01,9751.0
2021-09-29,96.9,98.9,95.0,96.1,15764,EQ,791.0,19.93,8007.0
2021-09-30,96.65,97.75,95.55,97.1,5710,EQ,467.0,12.23,3748.0
2021-10-01,97.1,97.5,95.05,95.85,14986,EQ,819.0,18.3,7295.0
2021-10-04,97.8,97.8,95.55,96.25,13154,EQ,633.0,20.78,7551.0
2021-10-05,96.25,97.75,95.5,96.05,13316,EQ,382.0,34.86,8679.0
2021-10-06,96.2,97.3,94.45,94.95,12557,EQ,462.0,27.18,8228.0
2021-10-07,94.6,96.5,92.75,94.2,13550,EQ,447.0,30.31,9114.0
2021-10-08,95.0,96.45,93.5,94.2,14944,EQ,368.0,40.61,10451.0
2021-10-11,96.25,96.25,93.55,93.6,9494,EQ,364.0,26.08,6868.0
2021-10-12,94.45,94.9,93.4,93.9,10927,EQ,314.0,34.8,8287.0
2021-10-13,95.5,96.5,93.15,93.9,12232,EQ,441.0,27.74,8329.0
2021-10-14,96.2,96.2,93.0,93.4,9150,EQ,349.0,26.22,5465.0
2021-10-18,94.45,95.5,91.0,92.3,20304,EQ,544.0,37.32,16023.0
2021-10-19,92.3,93.2,88.0,89.5,23305,EQ,645.0,36.13,16947.0
2021-10-20,91.0,91.0,85.0,85.4,18506,EQ,617.0,29.99,12494.0
2021-10-21,85.55,87.95,85.55,87.15,7922,EQ,450.0,17.6,5313.0
2021-10-22,89.95,89.95,86.45,87.05,33262,EQ,700.0,47.52,28025.0
2021-10-25,86.5,87.95,82.6,83.45,10844,EQ,420.0,25.82,8017.0
2021-10-26,84.25,97.4,84.0,91.9,79487,EQ,2953.0,26.92,33863.0
2021-10-27,93.95,98.0,90.45,96.7,50978,EQ,1352.0,37.71,36686.0
2021-10-28,98.9,98.9,93.15,95.0,22810,EQ,1308.0,17.44,15450.0
2021-10-29,93.5,97.5,93.0,95.4,27345,EQ,1001.0,27.32,16130.0
2021-11-01,96.95,100.5,94.0,99.65,74567,EQ,2349.0,31.74,52926.0
2021-11-02,101.1,101.1,96.0,97.65,37621,EQ,7047.0,5.34,27073.0
2021-11-03,98.45,98.45,94.5,94.6,14043,EQ,539.0,26.05,10154.0
2021-11-04,97.9,97.9,89.45,95.65,8637,EQ,539.0,16.02,10154.0
2021-11-08,96.0,97.5,94.75,95.15,12704,EQ,625.0,20.33,6249.0
2021-11-09,96.5,98.1,95.5,95.95,12843,EQ,486.0,26.43,6615.0
2021-11-10,95.95,97.0,94.0,94.9,11149,EQ,363.0,30.71,7158.0
2021-11-11,97.45,98.45,95.5,96.35,12611,EQ,427.0,29.53,7859.0
2021-11-12,97.4,97.4,94.95,95.8,12064,EQ,325.0,37.12,9011.0
2021-11-15,95.0,97.15,92.85,93.0,6104,EQ,400.0,15.26,4023.0
2021-11-16,93.65,94.4,92.5,93.1,5745,EQ,258.0,22.27,3439.0
2021-11-17,92.5,93.95,91.05,92.0,4445,EQ,294.0,15.12,2277.0
2021-11-18,93.25,93.95,74.5,85.85,34440,EQ,821.0,41.95,21304.0
2021-11-22,86.0,88.45,82.8,83.95,15269,EQ,615.0,24.83,9559.0
2021-11-23,83.0,87.1,83.0,86.55,8754,EQ,325.0,26.94,5206.0
2021-11-24,88.45,93.5,86.8,89.7,30030,EQ,894.0,33.59,14334.0
2021-11-25,90.0,92.25,88.15,90.5,16193,EQ,1012.0,16.0,9395.0
2021-11-26,90.25,91.85,85.1,85.95,10087,EQ,511.0,19.74,5838.0
2021-11-29,86.0,87.65,82.1,82.8,10250,EQ,375.0,27.33,6606.0
2021-11-30,86.95,86.95,82.8,84.9,6507,EQ,347.0,18.75,3011.0
2021-12-01,83.2,86.6,83.2,85.8,8104,EQ,307.0,26.4,5270.0
2021-12-02,86.45,86.45,83.1,85.1,4803,EQ,253.0,18.98,2776.0
2021-12-03,85.2,87.5,84.0,85.1,10225,EQ,378.0,27.05,5158.0
2021-12-06,87.4,87.4,84.0,84.6,6687,EQ,304.0,22.0,4443.0
2021-12-07,86.5,86.5,84.0,85.8,7389,EQ,305.0,24.23,4394.0
2021-12-08,87.4,88.9,85.85,86.85,6747,EQ,242.0,27.88,4234.0
2021-12-09,88.95,88.95,85.3,86.7,5808,EQ,203.0,28.61,3443.0
2021-12-10,87.05,102.0,87.05,100.35,124539,EQ,4769.0,26.11,64763.0
2021-12-13,101.0,107.0,96.1,104.2,119451,EQ,4407.0,27.1,59351.0
2021-12-14,106.0,106.0,99.8,100.8,25481,EQ,1716.0,14.85,12947.0
2021-12-15,102.5,104.35,97.5,100.5,37744,EQ,2351.0,16.05,23653.0
2021-12-16,100.15,101.75,96.5,97.1,12694,EQ,811.0,15.65,7035.0
2021-12-17,98.75,98.75,92.8,93.95,12873,EQ,682.0,18.88,7033.0
2021-12-20,93.5,93.5,89.0,90.1,12075,EQ,568.0,21.26,6681.0
2021-12-21,90.1,108.1,90.1,107.9,266831,EQ,4436.0,60.15,125398.0
2021-12-22,111.4,123.5,110.0,117.9,627424,EQ,29904.0,20.98,126536.0
2021-12-23,119.25,124.5,115.0,121.8,332289,EQ,14634.0,22.71,107716.0
2021-12-24,121.0,122.45,113.65,115.8,54460,EQ,2310.0,23.58,24899.0
2021-12-27,114.95,127.5,112.6,120.0,180335,EQ,6594.0,27.35,68780.0
2021-12-28,124.6,124.6,117.0,118.55,41923,EQ,1741.0,24.08,18451.0
2021-12-29,118.5,125.0,118.5,120.55,51939,EQ,2381.0,21.81,23891.0
2021-12-30,122.45,122.5,112.5,115.8,37848,EQ,1399.0,27.05,22101.0
2021-12-31,115.95,121.0,115.8,118.1,25723,EQ,1520.0,16.92,12199.0
2022-01-03,119.95,141.75,118.9,140.2,495693,EQ,9975.0,49.69,191054.0
2022-01-04,139.5,144.0,133.2,133.2,35381,BE,571.0,61.96,35381.0
2022-01-05,131.0,134.0,126.6,126.6,14314,BE,344.0,41.61,14314.0
2022-01-06,121.0,132.9,120.25,132.9,43411,BE,722.0,60.13,43411.0
2022-01-07,133.2,133.45,127.5,128.9,19613,BE,461.0,42.54,19613.0
2022-01-10,130.5,133.0,123.3,130.3,23289,BE,510.0,45.66,23289.0
2022-01-11,133.0,134.5,123.8,124.5,35489,BE,571.0,62.15,35489.0
2022-01-12,126.9,126.9,120.85,123.15,14034,BE,348.0,40.33,14034.0
2022-01-13,121.0,123.0,119.5,121.7,13701,BE,239.0,57.33,13701.0
2022-01-14,121.7,121.7,117.4,119.2,17210,BE,331.0,51.99,17210.0
2022-01-17,118.0,123.9,118.0,121.7,12434,BE,228.0,54.54,12434.0
2022-01-18,122.0,125.0,118.1,120.05,11186,BE,174.0,64.29,11186.0
2022-01-19,121.5,122.5,115.5,117.6,13977,BE,204.0,68.51,13977.0
2022-01-20,118.6,119.5,115.0,116.3,9832,BE,212.0,46.38,9832.0
2022-01-21,117.35,119.95,116.4,118.1,10042,BE,193.0,52.03,10042.0
2022-01-24,119.85,119.85,112.2,112.9,8904,BE,252.0,35.33,8904.0
2022-01-25,111.0,117.35,109.3,112.9,10646,BE,159.0,66.96,10646.0
2022-01-27,112.9,114.45,107.5,110.1,11945,BE,214.0,55.82,11945.0
2022-01-28,112.85,115.6,111.95,115.6,9057,BE,116.0,78.08,9057.0
2022-01-31,119.9,119.9,113.3,114.4,3213,BE,107.0,30.03,3213.0
2022-02-01,114.2,116.45,110.6,112.9,3800,BE,131.0,29.01,3800.0
2022-02-02,115.95,118.5,111.8,118.25,9501,BE,159.0,59.75,9501.0
2022-02-03,118.5,119.5,115.5,117.95,8019,BE,126.0,63.64,8019.0
2022-02-04,115.3,119.1,112.85,116.85,4348,BE,128.0,33.97,4348.0
2022-02-07,119.4,122.7,115.5,122.7,16846,BE,153.0,110.1,16846.0
2022-02-08,127.35,127.35,116.8,118.3,10430,BE,158.0,66.01,10430.0
2022-02-09,120.5,120.5,115.3,116.1,4354,BE,102.0,42.69,4354.0
2022-02-10,118.8,118.8,114.0,116.4,3204,BE,89.0,36.0,3204.0
2022-02-11,114.0,117.5,112.5,115.0,5685,BE,142.0,40.04,5685.0
2022-02-14,109.5,109.5,109.25,109.25,6061,BE,108.0,56.12,6061.0
2022-02-15,103.8,103.8,103.8,103.8,15488,BE,107.0,144.75,15488.0
2022-02-16,101.05,106.65,99.0,101.3,28556,BE,293.0,97.46,28556.0
2022-02-17,99.0,104.9,98.7,102.0,3630,BE,95.0,38.21,3630.0
2022-02-18,98.65,104.9,97.0,100.65,10570,BE,203.0,52.07,10570.0
2022-02-21,98.5,98.5,95.6,95.7,8154,BE,170.0,47.96,8154.0
2022-02-22,91.0,96.9,90.95,92.75,5681,BE,184.0,30.88,5681.0
2022-02-23,91.0,97.4,90.5,95.9,4098,BE,107.0,38.3,4098.0
2022-02-24,91.15,95.0,91.15,91.45,5716,BE,218.0,26.22,5716.0
2022-02-25,90.25,95.85,90.25,91.55,3660,BE,129.0,28.37,3660.0
2022-02-28,90.5,96.1,88.5,92.8,5752,BE,114.0,50.46,5752.0
2022-03-02,92.5,94.85,88.3,90.1,10978,BE,212.0,51.78,10978.0
2022-03-03,94.5,94.6,92.5,94.6,4380,BE,106.0,41.32,4380.0
2022-03-04,92.5,97.45,90.05,94.95,11287,BE,151.0,74.75,11287.0
2022-03-07,90.6,94.85,90.2,90.2,13925,BE,,,
2022-03-08,88.45,91.2,87.55,88.15,8878,BE,148.0,59.99,8878.0
2022-03-09,91.95,92.55,90.4,92.15,5605,BE,109.0,51.42,5605.0
2022-03-10,94.8,96.75,93.0,94.0,6084,BE,120.0,50.7,6084.0
2022-03-11,96.0,96.0,90.0,94.6,4615,BE,77.0,59.94,4615.0
2022-03-14,93.0,95.0,92.0,93.5,3158,BE,76.0,41.55,3158.0
2022-03-15,94.95,96.35,90.25,91.9,6920,BE,164.0,42.2,6920.0
2022-03-16,94.9,94.9,91.05,92.85,2545,BE,42.0,60.6,2545.0
2022-03-17,95.85,97.45,93.25,94.65,7214,BE,181.0,39.86,7214.0
2022-03-21,94.5,96.0,92.8,92.95,5188,BE,71.0,73.07,5188.0
2022-03-22,92.8,94.15,91.05,91.85,43718,BE,102.0,428.61,43718.0
2022-03-23,91.55,94.5,91.55,92.8,4480,BE,75.0,59.73,4480.0
2022-03-24,93.8,95.75,91.1,95.6,3029,BE,69.0,43.9,3029.0
2022-03-25,95.75,100.4,92.9,94.4,9151,BE,116.0,78.89,9151.0
2022-03-28,96.95,97.0,92.0,93.85,4743,BE,85.0,55.8,4743.0
2022-03-29,91.6,96.95,91.15,92.0,13263,EQ,411.0,32.27,10253.0
2022-03-30,95.95,95.95,88.2,91.8,10409,EQ,365.0,28.52,5242.0
2022-03-31,92.0,94.1,91.75,92.45,10599,EQ,487.0,21.76,7374.0
2022-04-01,93.5,96.55,93.1,96.35,8655,EQ,421.0,20.56,5932.0
2022-04-04,101.0,101.15,96.5,100.9,20185,EQ,510.0,39.58,16126.0
2022-04-05,103.95,105.9,101.8,105.9,12217,EQ,376.0,32.49,9010.0
2022-04-06,107.4,111.2,103.1,111.2,72805,EQ,1013.0,71.87,48255.0
2022-04-07,117.45,117.45,107.6,109.1,26749,EQ,1048.0,25.52,16839.0
2022-04-08,113.0,113.55,106.2,110.9,16034,EQ,1213.0,13.22,5138.0
2022-04-11,112.95,113.6,105.65,107.25,39805,EQ,1071.0,37.17,17762.0
2022-04-12,105.0,108.6,103.55,104.25,13843,EQ,803.0,17.24,7642.0
2022-04-13,105.0,109.0,100.15,101.75,10304,EQ,838.0,12.3,5822.0
2022-04-18,101.65,102.6,93.05,99.65,9163,EQ,667.0,13.74,3924.0
2022-04-19,99.2,106.0,97.0,100.6,9612,EQ,589.0,16.32,5036.0
2022-04-20,103.4,103.4,98.65,99.95,7325,EQ,750.0,9.77,3180.0
2022-04-21,99.25,109.9,99.25,109.9,36548,EQ,827.0,44.19,20805.0
2022-04-22,110.0,115.0,101.25,109.85,48600,EQ,1384.0,35.12,24114.0
2022-04-25,106.5,109.5,102.5,104.25,20162,EQ,811.0,24.86,14175.0
2022-04-26,105.75,106.35,103.5,104.45,6984,EQ,348.0,20.07,3125.0
2022-04-27,106.75,106.75,102.0,102.2,11493,EQ,549.0,20.93,5917.0
2022-04-28,102.2,103.95,97.7,99.65,34992,EQ,893.0,39.18,18844.0
2022-04-29,103.35,108.9,99.25,102.05,34625,EQ,956.0,36.22,21926.0
2022-05-02,100.0,104.0,100.0,101.65,6602,EQ,413.0,15.99,3909.0
2022-05-04,104.95,105.5,94.5,97.4,27120,EQ,1832.0,14.8,13057.0
2022-05-05,107.1,107.1,94.9,96.9,28325,EQ,960.0,29.51,11238.0
2022-05-06,95.6,99.0,92.7,97.25,10718,EQ,413.0,25.95,6896.0
2022-05-09,99.75,99.75,95.0,95.8,3233,EQ,185.0,17.48,2180.0
2022-05-10,95.0,98.9,92.6,94.8,13700,EQ,1292.0,10.6,5035.0
2022-05-12,92.7,94.5,86.25,88.3,11225,EQ,425.0,26.41,7396.0
2022-05-13,95.95,95.95,89.0,89.5,4835,EQ,373.0,12.96,2384.0
2022-05-16,89.8,93.9,89.0,89.4,4429,EQ,313.0,14.15,2716.0
2022-05-17,93.9,95.8,91.1,94.7,5319,EQ,305.0,17.44,3920.0
2022-05-18,93.0,98.95,93.0,94.55,9571,EQ,657.0,14.57,5498.0
2022-05-19,92.5,97.35,91.15,95.7,2706,EQ,335.0,8.08,1127.0
2022-05-20,97.65,100.0,94.05,97.95,16033,EQ,1030.0,15.57,4168.0
2022-05-23,98.0,100.75,93.8,94.95,7914,EQ,909.0,8.71,3069.0
2022-05-24,95.0,97.2,91.0,92.2,8706,EQ,781.0,11.15,3589.0
2022-05-25,95.9,95.9,91.2,92.95,7042,EQ,338.0,20.83,4144.0
2022-05-26,93.3,95.75,87.5,89.9,10707,EQ,510.0,20.99,4017.0
2022-05-27,91.9,95.45,91.9,93.6,4459,EQ,268.0,16.64,2760.0
2022-05-30,99.35,99.35,92.7,93.35,4419,EQ,237.0,18.65,2500.0
2022-05-31,92.7,95.0,92.7,93.25,2463,EQ,234.0,10.53,1001.0
2022-06-01,92.0,94.3,90.45,92.4,4973,EQ,240.0,20.72,3091.0
2022-06-02,93.8,96.5,92.65,95.3,7662,EQ,250.0,30.65,4436.0
2022-06-03,98.5,98.5,92.5,92.5,5242,EQ,254.0,20.64,2903.0
2022-06-06,94.9,94.9,90.6,91.15,5228,EQ,341.0,15.33,2928.0
2022-06-07,93.5,93.5,88.0,90.9,8724,EQ,732.0,11.92,3307.0
2022-06-08,94.5,94.5,91.1,91.5,3040,EQ,139.0,21.87,1819.0
2022-06-09,93.2,93.45,91.7,92.8,1063,EQ,85.0,12.51,613.0
2022-06-10,91.9,92.2,90.1,91.35,2973,EQ,148.0,20.09,1711.0
2022-06-13,90.5,91.35,85.0,86.6,4433,EQ,313.0,14.16,2606.0
2022-06-14,89.75,89.75,87.5,87.6,2347,EQ,136.0,17.26,1408.0
2022-06-15,90.5,90.5,87.0,88.0,1812,EQ,137.0,13.23,631.0
2022-06-16,92.0,93.45,80.3,81.7,17262,EQ,942.0,18.32,11506.0
2022-06-17,80.0,81.65,77.6,78.35,13658,EQ,594.0,22.99,8932.0
2022-06-20,77.0,87.5,77.0,77.45,17040,EQ,794.0,21.46,5350.0
2022-06-21,81.55,81.55,77.5,79.6,3296,EQ,215.0,15.33,1846.0
2022-06-22,79.55,81.0,78.0,79.15,2652,EQ,84.0,31.57,1739.0
2022-06-23,79.15,82.55,78.65,79.45,1987,EQ,282.0,7.05,513.0
2022-06-24,77.55,89.25,77.55,88.1,23405,EQ,1189.0,19.68,5415.0
2022-06-27,86.75,91.25,86.75,90.85,11270,EQ,481.0,23.43,6417.0
2022-06-28,93.0,93.0,85.65,88.9,4901,EQ,230.0,21.31,3029.0
2022-06-29,88.5,91.0,87.5,90.1,2640,EQ,67.0,39.4,2051.0
2022-06-30,88.9,90.5,88.65,89.8,2663,EQ,68.0,39.16,2273.0
2022-07-01,92.5,92.5,87.2,87.85,2456,EQ,166.0,14.8,1476.0
2022-07-04,88.0,90.5,87.95,90.2,1019,EQ,58.0,17.57,415.0
2022-07-05,91.5,91.5,87.05,87.7,2296,EQ,148.0,15.51,1531.0
2022-07-06,86.75,95.0,86.5,89.9,9583,EQ,560.0,17.11,5111.0
2022-07-07,90.75,92.35,89.0,90.3,3990,EQ,132.0,30.23,3238.0
2022-07-08,93.25,93.25,88.7,91.15,4928,EQ,144.0,34.22,3860.0
2022-07-11,89.1,91.8,89.05,91.25,910,EQ,77.0,11.82,683.0
2022-07-12,91.8,94.8,88.6,93.3,9302,EQ,318.0,29.25,7240.0
2022-07-13,93.5,96.0,90.25,90.9,5463,EQ,545.0,10.02,2342.0
2022-07-14,92.9,93.15,89.05,90.3,1545,EQ,248.0,6.23,550.0
2022-07-15,92.8,92.8,89.0,89.4,1649,EQ,290.0,5.69,872.0
2022-07-18,92.45,92.45,90.05,91.5,1650,EQ,441.0,3.74,487.0
2022-07-19,90.75,92.3,90.0,90.8,2082,EQ,484.0,4.3,483.0
2022-07-20,91.0,96.5,89.0,90.8,5350,EQ,506.0,10.57,2813.0
2022-07-21,91.05,91.45,89.0,89.4,2855,EQ,218.0,13.1,2054.0
2022-07-22,91.1,91.5,88.25,90.0,2991,EQ,279.0,10.72,1895.0
2022-07-25,93.75,93.75,88.8,89.3,3575,EQ,304.0,11.76,1915.0
2022-07-26,89.95,90.85,88.0,88.9,2655,EQ,144.0,18.44,1589.0
2022-07-27,87.6,90.25,87.6,88.3,1757,EQ,109.0,16.12,960.0
2022-07-28,89.5,89.75,88.1,89.1,2434,EQ,131.0,18.58,1198.0
2022-07-29,90.9,92.8,87.6,88.6,2959,EQ,148.0,19.99,1976.0
2022-08-01,89.5,92.5,89.5,92.0,9469,EQ,300.0,31.56,6385.0
2022-08-02,90.2,92.5,87.55,90.3,6004,EQ,302.0,19.88,3501.0
2022-08-03,90.3,92.4,88.8,91.4,4430,EQ,392.0,11.3,1856.0
2022-08-04,90.65,91.8,89.1,89.8,4370,EQ,144.0,30.35,3325.0
2022-08-05,90.0,92.0,89.5,91.6,3840,EQ,200.0,19.2,2455.0
2022-08-08,90.15,91.5,87.6,90.9,8087,EQ,,,
2022-08-10,87.5,88.4,85.0,86.35,14139,EQ,522.0,27.09,9063.0
2022-08-11,86.0,89.7,83.6,84.3,8813,EQ,424.0,20.79,5875.0
2022-08-12,86.75,86.75,83.2,83.6,4220,EQ,229.0,18.43,3183.0
2022-08-16,84.95,84.95,81.75,82.65,12486,EQ,506.0,24.68,8507.0
2022-08-17,82.65,84.45,80.15,82.1,13224,EQ,595.0,22.23,7044.0
2022-08-18,81.75,86.2,81.7,83.95,13393,EQ,516.0,25.96,7426.0
2022-08-19,86.9,86.9,82.05,82.9,8407,EQ,493.0,17.05,4767.0
2022-08-22,83.0,83.95,81.0,82.8,8861,EQ,379.0,23.38,5604.0
2022-08-23,86.4,86.4,81.5,82.4,4803,EQ,260.0,18.47,2983.0
2022-08-24,84.7,86.2,82.5,83.2,11584,EQ,385.0,30.09,6481.0
2022-08-25,84.9,85.0,83.25,84.0,4049,EQ,196.0,20.66,2871.0
2022-08-26,84.05,84.95,82.35,84.5,3773,EQ,182.0,20.73,1889.0
2022-08-29,84.0,86.8,81.6,85.8,7524,EQ,302.0,24.91,4637.0
2022-08-30,86.5,89.2,85.0,85.35,6796,EQ,333.0,20.41,4543.0
2022-09-01,87.5,87.5,83.5,85.9,6775,EQ,299.0,22.66,4031.0
2022-09-02,86.9,86.9,84.5,84.95,5902,EQ,309.0,19.1,4009.0
2022-09-05,84.95,88.3,84.5,86.9,17806,EQ,471.0,37.8,11025.0
2022-09-06,89.2,89.2,85.5,86.05,7820,EQ,196.0,39.9,4796.0
2022-09-07,86.5,87.75,84.0,85.7,3565,EQ,244.0,14.61,2290.0
2022-09-08,87.0,87.4,84.0,85.45,4993,EQ,183.0,27.28,3689.0
2022-09-09,87.0,89.2,85.2,88.0,11185,EQ,364.0,30.73,8344.0
2022-09-12,89.35,103.5,88.9,101.3,145891,EQ,3829.0,38.1,51649.0
2022-09-13,103.75,104.15,99.0,100.9,40160,EQ,1273.0,31.55,18539.0
2022-09-14,100.0,100.0,95.75,96.7,17571,EQ,688.0,25.54,10800.0
2022-09-15,97.5,104.4,97.05,97.7,15354,EQ,734.0,20.92,7451.0
2022-09-16,97.95,98.1,94.0,95.05,7861,EQ,502.0,15.66,4304.0
2022-09-19,96.0,97.75,87.6,91.05,12723,EQ,456.0,27.9,7718.0
2022-09-20,92.95,97.6,92.05,96.4,10480,EQ,441.0,23.76,6861.0
2022-09-21,96.4,115.7,96.4,115.7,195784,EQ,2607.0,75.1,122151.0
2022-09-22,125.0,134.4,121.0,121.8,454554,EQ,14782.0,30.75,120371.0
2022-09-23,120.0,133.4,115.05,126.6,262887,EQ,7249.0,36.27,77269.0
2022-09-26,125.5,126.45,115.9,119.7,43295,EQ,2018.0,21.45,20972.0
2022-09-27,119.95,121.95,115.8,116.6,10954,EQ,663.0,16.52,4471.0
2022-09-28,116.6,118.6,110.05,111.2,12864,EQ,701.0,18.35,7580.0
2022-09-29,113.5,124.45,113.5,116.1,43236,EQ,2319.0,18.64,14395.0
2022-09-30,117.5,120.45,112.5,114.95,16831,EQ,1240.0,13.57,8606.0
2022-10-03,112.15,117.0,107.45,109.25,38438,EQ,1575.0,24.41,20607.0
2022-10-04,113.0,114.5,108.5,109.8,20426,EQ,792.0,25.79,11382.0
2022-10-06,112.35,121.45,108.9,116.7,26920,EQ,902.0,29.84,15802.0
2022-10-07,118.95,125.5,117.0,118.6,20764,EQ,853.0,24.34,12642.0
2022-10-10,119.0,124.25,113.95,122.2,27305,EQ,1136.0,24.04,18842.0
2022-10-11,124.45,124.45,111.35,113.4,34701,EQ,1436.0,24.17,17706.0
2022-10-12,115.7,116.95,111.5,112.15,12428,EQ,576.0,21.58,6957.0
2022-10-13,112.5,120.0,112.5,118.9,19176,EQ,655.0,29.28,13694.0
2022-10-14,122.4,122.4,115.0,116.75,7594,EQ,371.0,20.47,5254.0
2022-10-17,120.0,120.0,112.7,114.5,5477,EQ,352.0,15.56,3739.0
2022-10-18,115.95,115.95,107.8,110.1,14288,EQ,540.0,26.46,8716.0
2022-10-19,110.1,114.1,109.0,111.95,6129,EQ,241.0,25.43,3478.0
2022-10-20,111.5,113.0,111.5,111.9,2068,EQ,152.0,13.61,1364.0
2022-10-21,111.5,111.95,107.1,108.4,6442,EQ,379.0,17.0,4046.0
2022-10-24,109.0,114.45,109.0,111.9,1796,EQ,122.0,14.72,992.0
2022-10-25,112.9,123.45,109.0,120.6,34462,EQ,1019.0,33.82,22074.0
2022-10-27,120.6,124.0,117.6,122.6,24506,EQ,630.0,38.9,17846.0
2022-10-28,123.8,124.2,116.9,117.95,16862,EQ,628.0,26.85,7978.0
2022-10-31,120.95,122.0,114.25,115.1,5521,EQ,258.0,21.4,3899.0
2022-11-01,114.6,121.2,114.6,119.85,11234,EQ,400.0,28.08,8237.0
2022-11-02,121.0,121.45,115.5,116.5,7876,EQ,402.0,19.59,4272.0
2022-11-03,118.55,120.95,115.05,119.2,22973,EQ,534.0,43.02,18645.0
2022-11-04,119.2,120.5,116.2,116.75,8009,EQ,429.0,18.67,4709.0
2022-11-07,119.95,119.95,116.05,116.4,2710,EQ,153.0,17.71,1964.0
2022-11-09,118.0,120.5,112.55,116.95,6881,EQ,431.0,15.97,4091.0
2022-11-10,119.0,119.0,114.1,115.3,3838,EQ,167.0,22.98,2533.0
2022-11-11,115.35,119.8,102.45,107.9,46693,EQ,1494.0,31.25,24372.0
2022-11-14,111.95,117.5,102.0,106.5,25585,EQ,911.0,28.08,14839.0
2022-11-15,108.1,109.95,106.45,107.4,3748,EQ,911.0,4.11,14839.0
2022-11-16,107.4,116.45,107.4,113.65,43549,EQ,850.0,51.23,22367.0
2022-11-17,114.9,122.4,114.05,118.6,48177,EQ,1779.0,27.08,32165.0
2022-11-18,121.3,121.3,115.25,116.2,10121,EQ,631.0,16.04,5617.0
2022-11-21,119.9,121.9,113.1,116.9,12583,EQ,688.0,18.29,7289.0
2022-11-22,117.5,117.55,113.25,114.1,9133,EQ,381.0,23.97,6277.0
2022-11-23,118.65,118.65,115.5,116.8,3194,EQ,199.0,16.05,2012.0
2022-11-24,114.2,117.65,113.0,115.8,5586,EQ,349.0,16.01,3390.0
2022-11-25,115.55,122.0,113.1,118.7,22583,EQ,647.0,34.9,11839.0
2022-11-28,118.7,125.75,116.5,124.45,55596,EQ,1655.0,33.59,30800.0
2022-11-29,127.0,130.2,123.05,124.3,76643,EQ,4601.0,16.66,31735.0
2022-11-30,124.3,126.95,119.0,123.9,31795,EQ,2148.0,14.8,8813.0
2022-12-01,123.5,126.9,120.55,121.0,13113,EQ,697.0,18.81,8747.0
2022-12-02,122.45,122.95,115.8,116.2,19776,EQ,1186.0,16.67,13331.0
2022-12-05,116.1,118.95,116.1,117.1,5201,EQ,380.0,13.69,2731.0
2022-12-06,117.0,120.3,115.9,117.0,6824,EQ,445.0,15.33,3713.0
2022-12-07,118.45,118.95,116.0,116.8,6358,EQ,416.0,15.28,4303.0
2022-12-08,118.9,118.95,113.8,115.6,4765,EQ,252.0,18.91,3107.0
2022-12-09,115.75,118.7,111.8,113.35,8201,EQ,359.0,22.84,5100.0
2022-12-12,113.35,116.0,112.7,114.05,4504,EQ,247.0,18.23,2391.0
2022-12-13,114.05,120.0,113.6,114.7,10638,EQ,327.0,32.53,6080.0
2022-12-14,115.0,116.45,112.7,113.7,5079,EQ,201.0,25.27,3314.0
2022-12-15,117.35,117.35,112.8,114.15,5875,EQ,193.0,30.44,4314.0
2022-12-16,112.55,113.75,112.5,113.1,4403,EQ,157.0,28.04,2869.0
2022-12-19,115.6,115.6,107.5,108.0,11340,EQ,550.0,20.62,7259.0
2022-12-20,108.6,110.3,107.5,109.1,6306,EQ,169.0,37.31,3815.0
2022-12-21,109.7,110.45,104.75,105.8,5126,EQ,362.0,14.16,2922.0
2022-12-22,105.5,109.7,101.15,103.3,9974,EQ,452.0,22.07,6120.0
2022-12-23,103.0,104.95,90.0,92.55,22531,EQ,737.0,30.57,14902.0
2022-12-26,92.9,109.35,92.0,107.15,25296,EQ,1683.0,15.03,11254.0
2022-12-27,107.4,108.95,105.25,106.1,3094,EQ,225.0,13.75,1662.0
2022-12-28,106.05,113.0,105.3,111.0,8952,EQ,395.0,22.66,5862.0
2022-12-29,113.45,115.45,109.4,113.2,7102,EQ,275.0,25.83,4794.0
2022-12-30,113.45,113.7,110.6,111.7,5149,EQ,236.0,21.82,3743.0
2023-01-02,116.75,116.75,108.15,113.7,11158,EQ,564.0,19.78,7143.0
2023-01-03,116.45,117.5,113.1,115.2,5911,EQ,297.0,19.9,4470.0
2023-01-04,115.6,117.5,113.5,116.0,13414,EQ,539.0,24.89,9454.0
2023-01-05,117.45,117.45,113.5,115.3,11935,EQ,257.0,46.44,10116.0
2023-01-06,115.4,116.95,110.0,113.2,5157,EQ,338.0,15.26,3612.0
2023-01-09,117.4,117.4,110.0,110.55,2338,EQ,188.0,12.44,1503.0
2023-01-10,111.0,115.0,108.4,113.25,7119,EQ,163.0,43.67,6018.0
2023-01-11,114.9,116.95,112.55,115.8,6790,EQ,230.0,29.52,5327.0
2023-01-12,115.9,115.9,111.5,112.45,3251,EQ,112.0,29.03,2209.0
2023-01-13,113.1,114.9,113.0,113.55,2326,EQ,61.0,38.13,1947.0
2023-01-16,111.5,114.95,111.5,111.8,1440,EQ,90.0,16.0,1058.0
2023-01-17,111.8,112.45,110.0,111.4,2215,EQ,116.0,19.09,1555.0
2023-01-18,112.7,112.7,111.0,111.95,1057,EQ,79.0,13.38,786.0
2023-01-19,111.3,112.5,111.25,112.2,605,EQ,31.0,19.52,511.0
2023-01-20,111.25,116.35,111.25,114.75,5765,EQ,191.0,30.18,4973.0
2023-01-23,113.8,114.95,110.2,113.7,3805,EQ,104.0,36.59,3142.0
2023-01-24,116.0,116.0,110.0,111.6,3153,EQ,65.0,48.51,2689.0
2023-01-25,110.1,114.9,108.05,110.4,3299,EQ,128.0,25.77,2493.0
2023-01-27,110.05,111.95,108.1,110.4,6658,EQ,400.0,16.64,4759.0
2023-01-30,111.1,113.4,105.2,108.1,2232,EQ,120.0,18.6,1488.0
2023-01-31,110.95,111.45,107.75,110.2,2863,EQ,215.0,13.32,1381.0
2023-02-01,110.45,114.45,104.85,106.45,11335,EQ,267.0,42.45,7188.0
2023-02-02,105.0,115.95,105.0,111.5,18402,EQ,634.0,29.03,6913.0
2023-02-03,113.95,113.95,105.8,107.9,7929,EQ,369.0,21.49,5758.0
2023-02-06,105.5,112.45,102.7,106.0,9493,EQ,322.0,29.48,5962.0
2023-02-07,106.3,107.5,99.95,101.0,10660,EQ,325.0,32.8,7719.0
2023-02-08,101.65,105.7,101.55,103.9,4521,EQ,206.0,21.95,2664.0
2023-02-09,102.95,107.5,102.95,106.75,4432,EQ,417.0,10.63,2020.0
2023-02-10,110.55,110.55,106.1,108.9,11492,EQ,517.0,22.23,8996.0
2023-02-13,107.5,109.45,104.1,104.85,6131,EQ,838.0,7.32,3957.0
2023-02-14,104.55,108.45,102.05,104.4,4167,EQ,224.0,18.6,1707.0
2023-02-15,104.0,106.85,100.6,101.4,4751,EQ,610.0,7.79,2822.0
2023-02-16,106.95,106.95,101.15,103.95,2989,EQ,378.0,7.91,1020.0
2023-02-17,105.95,105.95,100.0,100.7,9580,EQ,1309.0,7.32,4449.0
2023-02-20,104.75,104.75,100.0,100.2,4296,EQ,417.0,10.3,2511.0
2023-02-21,102.85,102.85,100.0,100.3,3656,EQ,220.0,16.62,2862.0
2023-02-22,99.45,102.25,97.5,97.95,5982,EQ,225.0,26.59,4480.0
2023-02-23,97.5,100.95,97.3,97.95,3807,EQ,155.0,24.56,2359.0
2023-02-24,100.6,100.8,97.1,98.1,3147,EQ,174.0,18.09,2504.0
2023-02-27,97.75,98.95,93.15,94.7,4334,EQ,218.0,19.88,2652.0
2023-02-28,94.7,97.5,93.5,94.5,3210,EQ,171.0,18.77,2012.0
2023-03-01,98.95,98.95,94.5,95.2,2872,EQ,145.0,19.81,1914.0
2023-03-02,95.5,97.95,95.5,96.65,1524,EQ,95.0,16.04,941.0
2023-03-03,99.9,99.9,96.05,98.25,3911,EQ,621.0,6.3,1362.0
2023-03-06,99.7,99.7,96.05,97.15,3239,EQ,335.0,9.67,2140.0
2023-03-08,96.0,98.4,96.0,97.8,3718,EQ,172.0,21.62,2584.0
2023-03-09,96.65,100.5,95.55,98.15,5571,EQ,229.0,24.33,3063.0
2023-03-10,104.45,116.25,99.5,107.8,172780,EQ,6175.0,27.98,35690.0
2023-03-13,112.0,114.35,104.55,105.85,18063,EQ,896.0,20.16,9708.0
2023-03-14,107.2,107.2,102.95,104.1,8584,EQ,319.0,26.91,4852.0
2023-03-15,105.35,107.5,103.35,104.45,6861,EQ,341.0,20.12,4169.0
2023-03-16,103.05,105.0,101.0,101.1,3748,EQ,271.0,13.83,2267.0
2023-03-17,101.7,103.7,101.0,101.35,3543,EQ,372.0,9.52,2077.0
2023-03-20,100.0,102.85,99.9,100.4,4755,EQ,226.0,21.04,3445.0
2023-03-21,100.55,103.85,99.1,102.95,3441,EQ,160.0,21.51,2668.0
2023-03-22,102.95,104.0,102.5,102.95,1984,EQ,81.0,24.49,1570.0
2023-03-23,103.0,106.4,102.15,102.7,1974,EQ,271.0,7.28,1429.0
2023-03-24,104.7,104.7,99.45,99.8,2194,EQ,156.0,14.06,1667.0
2023-03-27,100.5,103.9,95.0,97.5,7898,EQ,989.0,7.99,4005.0
2023-03-28,101.5,101.5,96.1,99.45,7188,EQ,680.0,10.57,3806.0
2023-03-29,97.6,100.0,97.4,98.1,3099,EQ,197.0,15.73,2313.0
2023-03-31,98.6,102.0,95.1,96.9,9910,EQ,455.0,21.78,7113.0
2023-04-03,99.95,100.8,96.5,100.4,2393,EQ,224.0,10.68,1573.0
2023-04-05,100.4,106.45,100.15,104.2,3919,EQ,178.0,22.02,2636.0
2023-04-06,104.2,104.35,102.8,103.65,2234,EQ,147.0,15.2,1672.0
2023-04-10,103.65,104.5,101.0,102.2,3216,EQ,169.0,19.03,2023.0
2023-04-11,100.65,103.0,100.65,101.6,1492,EQ,145.0,10.29,899.0
2023-04-12,100.75,103.45,100.75,101.8,1259,EQ,94.0,13.39,901.0
2023-04-13,103.95,104.65,102.1,103.8,18110,EQ,352.0,51.45,15299.0
2023-04-17,106.0,106.15,101.6,102.9,5139,EQ,114.0,45.08,4023.0
2023-04-18,100.75,103.95,100.75,103.1,2843,EQ,93.0,30.57,2238.0
2023-04-19,102.9,102.9,100.0,100.9,5676,EQ,205.0,27.69,4334.0
2023-04-20,100.9,104.2,100.9,102.3,4692,EQ,183.0,25.64,3640.0
2023-04-21,103.65,103.65,100.5,103.0,4022,EQ,133.0,30.24,2698.0
2023-04-24,102.8,108.5,102.8,106.45,10657,EQ,430.0,24.78,6353.0
2023-04-25,109.9,109.9,105.5,108.1,5513,EQ,270.0,20.42,2596.0
2023-04-26,108.5,109.0,106.05,107.35,2899,EQ,109.0,26.6,1740.0
2023-04-27,106.85,107.0,105.1,105.3,2053,EQ,108.0,19.01,1416.0
2023-04-28,106.0,107.5,106.0,107.0,2812,EQ,108.0,26.04,2514.0
2023-05-02,109.3,109.75,105.5,106.8,5325,EQ,325.0,16.38,3020.0
2023-05-03,105.6,120.15,105.6,114.5,78379,EQ,2116.0,37.04,30182.0
2023-05-04,115.0,118.4,112.8,114.5,25169,EQ,1056.0,23.83,15605.0
2023-05-05,116.5,116.5,108.3,110.8,12358,EQ,509.0,24.28,6809.0
2023-05-08,113.95,113.95,110.15,111.3,3101,EQ,500.0,6.2,1478.0
2023-05-09,111.3,113.0,107.55,108.9,10042,EQ,353.0,28.45,7599.0
2023-05-10,109.7,109.75,106.0,108.35,7328,EQ,252.0,29.08,5005.0
2023-05-11,108.5,110.0,106.7,107.15,5272,EQ,386.0,13.66,3372.0
2023-05-12,107.6,111.3,107.5,109.95,22735,EQ,340.0,66.87,18133.0
2023-05-15,112.0,112.0,108.5,109.6,11186,EQ,199.0,56.21,9376.0
2023-05-16,109.1,111.5,107.2,108.1,6418,EQ,266.0,24.13,4107.0
2023-05-17,108.1,109.85,105.3,107.2,18790,EQ,708.0,26.54,15045.0
2023-05-18,108.0,108.95,106.5,107.1,7921,EQ,191.0,41.47,6223.0
2023-05-19,106.5,109.5,105.8,108.95,4655,EQ,175.0,26.6,3624.0
2023-05-22,108.95,110.95,107.5,108.8,7736,EQ,130.0,59.51,5526.0
2023-05-23,107.9,111.5,107.5,109.7,8218,EQ,224.0,36.69,5385.0
2023-05-24,109.7,112.1,109.25,110.3,7003,EQ,190.0,36.86,5420.0
2023-05-25,109.95,118.55,108.5,118.15,36806,EQ,892.0,41.26,28490.0
2023-05-26,118.45,128.75,112.45,124.7,206396,EQ,5136.0,40.19,77197.0
2023-05-29,124.7,149.6,117.8,149.6,444798,EQ,7115.0,62.52,166591.0
2023-05-30,155.8,160.95,143.0,144.85,394812,EQ,12685.0,31.12,114627.0
2023-05-31,146.5,148.75,141.5,145.9,51975,EQ,2874.0,18.08,17402.0
2023-06-01,145.0,148.2,144.0,144.2,33080,EQ,1456.0,22.72,25559.0
2023-06-02,147.45,147.45,141.4,142.05,23599,EQ,1434.0,16.46,10612.0
2023-06-05,143.0,148.9,140.0,141.2,38692,EQ,1782.0,21.71,25388.0
2023-06-06,141.5,149.95,139.0,147.75,51359,EQ,2754.0,18.65,34394.0
2023-06-07,149.95,153.0,147.55,149.75,30197,EQ,1746.0,17.29,17540.0
2023-06-08,150.0,152.0,145.05,145.4,10968,EQ,528.0,20.77,7874.0
2023-06-09,145.0,145.0,138.5,141.2,7163,BE,126.0,56.85,7163.0
2023-06-12,141.0,148.0,140.0,146.85,23262,BE,108.0,215.39,23262.0
2023-06-13,149.0,149.0,142.0,145.3,4973,BE,113.0,44.01,4973.0
2023-06-14,145.0,146.5,142.5,145.3,5828,BE,78.0,74.72,5828.0
2023-06-15,145.0,151.5,141.2,148.15,19560,BE,189.0,103.49,19560.0
2023-06-16,150.5,151.5,143.25,150.0,7801,BE,148.0,52.71,7801.0
2023-06-19,150.0,150.0,145.0,145.6,6156,BE,112.0,54.96,6156.0
2023-06-20,149.5,150.0,144.0,147.9,10744,BE,134.0,80.18,10744.0
2023-06-21,142.5,152.0,142.5,146.4,22179,BE,227.0,97.7,22179.0
2023-06-22,145.0,149.55,145.0,145.3,5194,BE,91.0,57.08,5194.0
2023-06-23,142.9,147.4,139.0,142.5,3304,BE,103.0,32.08,3304.0
2023-06-26,142.6,144.0,140.95,142.2,3798,BE,67.0,56.69,3798.0
2023-06-27,143.3,149.3,143.3,149.3,6971,BE,101.0,69.02,6971.0
2023-06-28,156.7,156.7,156.7,156.7,26438,BE,219.0,120.72,26438.0
2023-06-30,164.55,164.55,153.0,155.05,34743,BE,346.0,100.41,34743.0
2023-07-03,157.5,159.5,147.3,150.7,17842,BE,159.0,112.21,17842.0
2023-07-04,152.0,152.0,143.2,149.3,5417,BE,112.0,48.37,5417.0
2023-07-05,150.5,154.0,143.1,153.4,9385,BE,128.0,73.32,9385.0
2023-07-06,150.0,153.0,147.5,149.05,8636,BE,92.0,93.87,8636.0
2023-07-07,151.0,151.0,144.0,146.5,1481,BE,58.0,25.53,1481.0
2023-07-10,145.0,149.5,142.5,145.5,2791,BE,58.0,48.12,2791.0
2023-07-11,145.5,149.7,145.5,147.3,3762,BE,46.0,81.78,3762.0
2023-07-12,145.15,147.5,145.0,145.05,1503,BE,48.0,31.31,1503.0
2023-07-13,145.05,148.35,143.5,143.7,3867,BE,67.0,57.72,3867.0
2023-07-14,143.7,149.95,140.5,147.1,3114,BE,66.0,47.18,3114.0
2023-07-17,147.5,149.45,144.5,146.05,6550,BE,116.0,56.47,6550.0
2023-07-18,147.5,147.5,141.5,146.2,9105,BE,119.0,76.51,9105.0
2023-07-19,147.45,147.45,142.5,144.4,6249,BE,83.0,75.29,6249.0
2023-07-20,144.4,147.5,142.5,145.35,10141,BE,74.0,137.04,10141.0
2023-07-21,145.0,145.0,140.0,141.8,7159,BE,77.0,92.97,7159.0
2023-07-24,141.8,145.0,138.5,140.5,2233,BE,69.0,32.36,2233.0
2023-07-25,144.0,145.0,141.2,141.5,5183,BE,61.0,84.97,5183.0
2023-07-26,141.5,145.0,138.0,143.2,10153,BE,99.0,102.56,10153.0
2023-07-27,145.0,146.25,141.5,144.1,7922,BE,88.0,90.02,7922.0
2023-07-28,145.5,147.5,143.5,146.15,4007,BE,68.0,58.93,4007.0
2023-07-31,146.15,152.0,144.0,146.5,14340,BE,184.0,77.93,14340.0
2023-08-01,148.5,153.85,147.15,153.35,10296,BE,216.0,47.67,10296.0
2023-08-02,157.4,157.5,151.0,154.7,17871,BE,248.0,72.06,17871.0
2023-08-03,150.5,160.0,150.3,157.1,11092,BE,205.0,54.11,11092.0
2023-08-04,158.0,164.95,149.25,164.95,29935,BE,332.0,90.17,29935.0
2023-08-07,166.65,167.5,160.0,161.4,13429,BE,156.0,86.08,13429.0
2023-08-08,167.4,169.45,159.0,168.05,28372,BE,322.0,88.11,28372.0
2023-08-09,166.0,166.0,159.7,162.8,23250,BE,286.0,81.29,23250.0
2023-08-10,164.0,164.5,155.3,163.2,10957,BE,99.0,110.68,10957.0
2023-08-11,163.45,171.4,159.4,170.8,23326,BE,350.0,66.65,23326.0
2023-08-14,172.95,179.3,165.55,179.1,16013,BE,324.0,49.42,16013.0
2023-08-16,185.4,188.05,179.0,188.05,22543,BE,295.0,76.42,22543.0
2023-08-17,196.75,197.35,180.5,183.9,10878,BE,270.0,40.29,10878.0
2023-08-18,180.0,190.0,176.0,179.15,12319,BE,158.0,77.97,12319.0
2023-08-21,184.2,184.2,171.5,176.5,2687,BE,78.0,34.45,2687.0
2023-08-22,184.35,184.35,175.5,179.7,5051,BE,146.0,34.6,5051.0
2023-08-23,179.7,184.0,175.0,179.1,6157,BE,76.0,81.01,6157.0
2023-08-24,180.0,186.0,179.05,181.1,6755,BE,90.0,75.06,6755.0
2023-08-25,181.0,181.0,176.0,177.8,1629,BE,44.0,37.02,1629.0
2023-08-28,184.0,184.0,175.0,177.7,24129,BE,100.0,241.29,24129.0
2023-08-29,180.0,186.55,180.0,185.9,11776,BE,137.0,85.96,11776.0
2023-08-30,187.5,195.2,187.5,192.1,17605,BE,252.0,69.86,17605.0
2023-08-31,190.25,195.0,183.55,193.25,7149,BE,151.0,47.34,7149.0
2023-09-01,193.0,193.0,189.4,189.4,1219,BE,19.0,64.16,1219.0
2023-09-04,189.4,189.4,185.6,185.6,881,BE,22.0,40.05,881.0
2023-09-05,182.5,182.5,181.9,181.9,5051,BE,45.0,112.24,5051.0
2023-09-06,180.0,180.0,178.3,178.3,2282,BE,35.0,65.2,2282.0
2023-09-07,175.1,176.0,174.75,176.0,4100,BE,62.0,66.13,4100.0
2023-09-08,175.0,178.0,175.0,178.0,5212,BE,37.0,140.86,5212.0
2023-09-11,178.0,181.55,178.0,181.55,11476,BE,19.0,604.0,11476.0
2023-09-12,181.55,182.5,178.5,179.75,882,BE,12.0,73.5,882.0
2023-09-13,176.2,177.25,176.2,177.25,2071,BE,26.0,79.65,2071.0
2023-09-14,178.0,179.5,178.0,179.5,3743,BE,57.0,65.67,3743.0
2023-09-15,176.0,177.0,175.9,175.9,554,BE,24.0,23.08,554.0
2023-09-18,175.5,177.5,175.5,177.5,3163,BE,30.0,105.43,3163.0
2023-09-20,173.95,181.0,173.95,181.0,7826,BE,40.0,195.65,7826.0
2023-09-21,179.75,179.75,177.4,177.4,499,BE,17.0,29.35,499.0
2023-09-22,177.5,177.5,173.85,173.85,1346,BE,22.0,61.18,1346.0
2023-09-25,174.0,174.5,174.0,174.5,598,BE,14.0,42.71,598.0
2023-09-26,171.0,173.9,171.0,173.9,4524,BE,16.0,282.75,4524.0
2023-09-27,172.5,172.5,171.0,171.0,170,BE,6.0,28.33,170.0
2023-09-28,171.0,171.0,169.0,169.0,2857,BE,30.0,95.23,2857.0
2023-09-29,169.5,172.4,168.5,172.4,6766,BE,29.0,233.31,6766.0
2023-10-03,169.95,169.95,168.9,169.5,274,BE,13.0,21.08,274.0
2023-10-04,169.5,169.5,169.45,169.45,284,BE,17.0,16.71,284.0
2023-10-05,166.5,172.85,166.5,172.85,4031,BE,27.0,149.3,4031.0
2023-10-06,176.3,176.3,176.0,176.3,1590,BE,13.0,122.31,1590.0
2023-10-09,176.3,184.2,171.0,180.55,6191,BE,55.0,112.56,6191.0
2023-10-10,182.5,184.05,178.0,181.6,12331,BE,99.0,124.56,12331.0
2023-10-11,185.0,190.5,181.5,184.0,4111,BE,67.0,61.36,4111.0
2023-10-12,190.85,190.9,182.0,189.45,5693,BE,68.0,83.72,5693.0
2023-10-13,189.45,192.0,185.0,189.5,4941,BE,72.0,68.62,4941.0
2023-10-16,187.5,190.0,185.6,186.35,2684,BE,46.0,58.35,2684.0
2023-10-17,186.5,192.45,186.5,189.35,8099,BE,65.0,124.6,8099.0
2023-10-18,191.95,191.95,182.0,187.55,2176,BE,36.0,60.44,2176.0
2023-10-19,183.25,190.4,183.25,185.0,3408,BE,37.0,92.11,3408.0
2023-10-20,185.05,189.15,180.0,182.45,2975,BE,40.0,74.38,2975.0
2023-10-23,172.0,218.95,172.0,208.4,143736,EQ,3587.0,40.07,45737.0
2023-10-25,215.0,237.5,211.6,222.65,188558,EQ,6136.0,30.73,52857.0
2023-10-26,220.55,223.4,202.6,206.9,46725,EQ,1509.0,30.96,27605.0
2023-10-27,205.0,239.95,205.0,234.2,53929,EQ,3646.0,14.79,20760.0
2023-10-30,234.25,248.7,234.0,237.5,61847,EQ,5200.0,11.89,21624.0
2023-10-31,237.5,242.05,227.2,231.2,35653,EQ,4653.0,7.66,9417.0
2023-11-01,231.85,246.3,227.55,238.15,29143,EQ,4954.0,5.88,9002.0
2023-11-02,238.15,249.75,237.35,247.45,49674,EQ,5614.0,8.85,14846.0
2023-11-03,249.4,296.9,248.5,296.9,283041,EQ,15606.0,18.14,96332.0
2023-11-06,315.5,326.6,312.0,326.6,126783,EQ,1497.0,84.69,73345.0
2023-11-07,335.0,339.4,301.05,314.95,137545,EQ,5895.0,23.33,58459.0
2023-11-08,315.25,325.0,306.05,308.8,35468,EQ,2191.0,16.19,14713.0
2023-11-09,310.5,314.75,301.1,302.75,17366,EQ,1179.0,14.73,8574.0
2023-11-10,309.5,333.05,309.5,316.5,66706,EQ,2951.0,22.6,28272.0
2023-11-12,322.9,328.5,315.05,320.4,14176,EQ,520.0,27.26,7614.0
2023-11-13,320.4,322.5,308.5,317.15,13315,EQ,843.0,15.79,7449.0
2023-11-15,320.25,327.65,285.45,288.05,190276,EQ,3837.0,49.59,151770.0
2023-11-16,292.4,316.9,291.0,316.9,55112,EQ,2093.0,26.33,31505.0
2023-11-17,333.0,333.0,307.0,308.15,59751,EQ,3612.0,16.54,29660.0
2023-11-20,309.95,336.95,305.55,327.1,48984,EQ,2724.0,17.98,23515.0
2023-11-21,326.5,355.0,326.5,347.9,72339,EQ,4372.0,16.55,39152.0
2023-11-22,348.0,352.3,331.5,338.7,26246,EQ,1460.0,17.98,17638.0
2023-11-23,349.95,351.4,327.55,330.1,17532,EQ,1198.0,14.63,9549.0
2023-11-24,330.2,340.0,314.4,320.4,23813,EQ,1344.0,17.72,14945.0
2023-11-28,322.5,322.5,300.55,315.7,24303,EQ,1175.0,20.68,10832.0
2023-11-29,319.0,327.0,315.0,317.7,17420,EQ,817.0,21.32,9235.0
2023-11-30,318.5,320.75,303.3,306.25,24876,EQ,1038.0,23.97,15080.0
2023-12-01,310.0,322.5,302.5,304.4,23610,EQ,1267.0,18.63,12809.0
2023-12-04,305.0,318.0,305.0,313.0,23059,EQ,1018.0,22.65,16411.0
2023-12-05,313.1,317.2,305.0,310.2,20392,EQ,842.0,24.22,7388.0
2023-12-06,310.9,311.65,300.5,303.55,19653,EQ,864.0,22.75,11758.0
2023-12-07,303.55,310.0,300.0,305.7,10885,EQ,615.0,17.7,6733.0
2023-12-08,307.5,316.35,300.05,301.7,11831,EQ,783.0,15.11,4518.0
2023-12-11,300.05,307.0,289.55,291.8,19835,EQ,1201.0,16.52,12436.0
2023-12-12,291.75,298.5,285.6,288.2,12253,EQ,776.0,15.79,8062.0
2023-12-13,288.2,292.9,280.5,281.9,9967,EQ,789.0,12.63,5995.0
2023-12-14,282.5,288.7,276.25,284.2,25284,EQ,1034.0,24.45,19531.0
2023-12-15,288.25,294.0,285.8,288.9,28263,EQ,1102.0,25.65,21797.0
2023-12-18,295.4,295.4,277.75,284.2,10904,EQ,715.0,15.25,6712.0
2023-12-19,284.2,287.5,278.0,279.1,19313,EQ,683.0,28.28,14031.0
2023-12-20,279.1,283.75,261.5,263.9,26821,EQ,925.0,29.0,21608.0
2023-12-21,265.1,270.5,262.4,267.8,9309,EQ,624.0,14.92,5679.0
2023-12-22,268.05,280.0,263.0,276.0,21006,EQ,736.0,28.54,14270.0
2023-12-26,281.5,290.5,275.6,277.35,29163,EQ,1077.0,27.08,20825.0
2023-12-27,277.3,283.25,275.25,280.2,14344,EQ,418.0,34.32,12510.0
2023-12-28,278.05,278.1,268.05,269.45,9970,EQ,645.0,15.46,6821.0
2023-12-29,270.5,280.8,268.5,270.0,8609,EQ,472.0,18.24,5132.0
2024-01-01,269.95,277.4,260.05,263.6,15649,EQ,892.0,17.54,10105.0
2024-01-02,263.9,271.5,256.0,265.1,12333,EQ,776.0,15.89,8605.0
2024-01-03,260.1,271.95,260.1,267.6,8131,EQ,546.0,14.89,4730.0
2024-01-04,269.1,279.5,261.05,268.7,17515,EQ,1012.0,17.31,11582.0
2024-01-05,270.0,290.95,270.0,281.05,27898,EQ,1204.0,23.17,14329.0
2024-01-08,282.2,295.0,264.05,266.1,37487,EQ,1831.0,20.47,22572.0
2024-01-09,271.4,286.0,271.3,283.2,14468,EQ,768.0,18.84,8820.0
2024-01-10,290.0,290.0,278.8,286.55,20149,EQ,986.0,20.44,12053.0
2024-01-11,282.25,286.55,273.85,277.2,14762,EQ,774.0,19.07,8447.0
2024-01-12,279.5,285.0,276.0,279.2,6605,EQ,510.0,12.95,3875.0
2024-01-15,275.15,294.5,275.15,287.85,22263,EQ,914.0,24.36,16181.0
2024-01-16,287.9,288.7,271.5,281.95,13204,EQ,603.0,21.9,8222.0
2024-01-17,281.65,281.65,272.5,273.5,9720,EQ,412.0,23.59,6096.0
2024-01-18,272.55,276.5,267.0,274.8,9948,EQ,477.0,20.86,5822.0
2024-01-19,277.45,302.25,277.45,300.45,57296,EQ,2667.0,21.48,32451.0
2024-01-20,311.65,316.5,300.0,302.8,19945,EQ,1152.0,17.31,12305.0
2024-01-23,309.5,309.5,275.0,281.4,28103,EQ,1463.0,19.21,17440.0
2024-01-24,285.2,299.5,280.05,291.25,14164,EQ,855.0,16.57,7522.0
2024-01-25,291.55,294.95,284.0,286.2,4679,EQ,249.0,18.79,3356.0
2024-01-29,287.0,304.9,287.0,294.5,16953,EQ,649.0,26.12,8112.0
2024-01-30,296.4,298.05,286.25,289.8,7979,EQ,418.0,19.09,5050.0
2024-01-31,288.0,291.05,276.2,282.2,11388,EQ,622.0,18.31,7891.0
2024-02-01,280.5,288.4,276.8,279.85,10398,EQ,544.0,19.11,6428.0
2024-02-02,283.25,292.95,283.25,289.45,12300,EQ,683.0,18.01,7996.0
2024-02-05,289.45,294.95,281.05,281.85,8569,EQ,659.0,13.0,5483.0
2024-02-06,285.9,289.0,279.5,281.4,6059,EQ,431.0,14.06,3438.0
2024-02-07,287.45,287.45,280.75,282.7,5278,EQ,414.0,12.75,3063.0
2024-02-08,283.4,288.9,281.0,282.7,6526,EQ,385.0,16.95,4369.0
2024-02-09,289.0,310.0,284.55,294.95,66579,EQ,2736.0,24.33,32315.0
2024-02-12,296.85,298.0,277.5,280.6,16415,EQ,822.0,19.97,9159.0
2024-02-13,287.35,287.35,267.05,275.6,16007,EQ,962.0,16.64,9834.0
2024-02-14,270.0,281.2,270.0,276.9,4548,EQ,321.0,14.17,2982.0
2024-02-15,281.0,285.8,275.0,283.0,9223,EQ,514.0,17.94,5565.0
2024-02-16,283.0,287.3,277.55,279.8,5293,EQ,295.0,17.94,3707.0
2024-02-19,282.5,299.35,282.45,291.7,26669,EQ,1357.0,19.65,14743.0
2024-02-20,293.75,312.65,293.7,307.95,58407,EQ,3352.0,17.42,32341.0
2024-02-21,309.5,312.0,293.8,295.45,17655,EQ,1144.0,15.43,11362.0
2024-02-22,295.55,302.05,285.75,289.2,14231,EQ,853.0,16.68,8831.0
2024-02-23,292.35,292.4,280.0,284.1,7339,EQ,431.0,17.03,3939.0
2024-02-26,295.0,295.0,271.0,281.0,26181,EQ,1131.0,23.15,18114.0
2024-02-27,302.15,309.1,296.2,309.1,164004,EQ,2396.0,68.45,74594.0
2024-02-28,314.5,340.0,314.5,340.0,670860,EQ,11607.0,57.8,188281.0
2024-02-29,350.25,374.0,349.5,361.2,647551,EQ,21775.0,29.74,111931.0
2024-03-01,362.9,379.25,362.05,379.25,77298,EQ,1813.0,42.64,40134.0
2024-03-02,394.95,398.2,391.55,398.2,43968,EQ,1170.0,37.58,24780.0
2024-03-04,402.2,412.0,378.3,378.3,70808,EQ,2397.0,29.54,44695.0
2024-03-05,359.4,359.4,359.4,359.4,9075,EQ,220.0,41.25,9075.0
2024-03-06,341.45,377.35,341.45,341.45,227649,EQ,5803.0,39.23,60188.0
2024-03-07,340.05,358.5,325.0,342.05,99616,EQ,4452.0,22.38,28605.0
2024-03-11,336.55,345.0,325.0,325.0,49207,EQ,1726.0,28.51,15384.0
2024-03-12,313.0,320.0,308.7,308.7,31574,EQ,1242.0,25.42,21490.0
2024-03-13,302.5,316.4,293.3,293.3,82099,EQ,1957.0,41.95,28388.0
2024-03-14,282.5,307.5,278.65,284.75,65800,EQ,5512.0,11.94,27054.0
2024-03-15,275.5,299.0,275.5,296.05,55936,EQ,2348.0,23.82,25494.0
2024-03-18,296.05,297.4,281.65,285.35,23268,EQ,1186.0,19.62,13171.0
2024-03-19,289.85,299.6,276.5,293.85,112854,EQ,2611.0,43.22,40053.0
2024-03-20,291.5,305.0,287.6,290.3,38254,EQ,1608.0,23.79,17979.0
2024-03-21,296.95,304.8,291.5,299.4,43105,EQ,1021.0,42.22,19811.0
2024-03-22,307.0,307.0,295.0,298.05,35420,EQ,1172.0,30.22,13690.0
2024-03-26,294.5,313.0,288.15,293.4,87294,EQ,2709.0,32.22,25656.0
2024-03-27,293.5,307.4,293.5,302.1,31665,EQ,1418.0,22.33,16502.0
2024-03-28,309.5,311.0,299.85,301.9,17472,EQ,972.0,17.98,11110.0
2024-04-01,311.9,311.9,303.05,304.3,9688,EQ,500.0,19.38,6176.0
2024-04-02,307.35,309.0,302.4,307.5,9398,EQ,439.0,21.41,6241.0
2024-04-03,309.0,322.9,297.5,322.9,25062,EQ,947.0,26.46,14273.0
2024-04-04,339.0,339.0,330.5,339.0,32052,EQ,359.0,89.28,22223.0
2024-04-05,337.5,340.75,326.5,327.25,40843,EQ,1996.0,20.46,19649.0
2024-04-08,329.0,335.1,325.0,328.05,19448,EQ,932.0,20.87,12009.0
2024-04-09,332.4,337.0,318.3,321.55,13688,EQ,852.0,16.07,4801.0
2024-04-10,321.55,336.45,315.05,322.2,27311,EQ,1203.0,22.7,6963.0
2024-04-12,322.45,322.45,312.5,314.1,11923,EQ,770.0,15.48,7043.0
2024-04-15,300.5,309.0,297.5,298.7,20149,EQ,1359.0,14.83,12624.0
2024-04-16,298.7,307.8,297.9,304.7,12683,EQ,712.0,17.81,4881.0
2024-04-18,311.5,335.2,310.9,335.2,20906,EQ,571.0,36.61,14863.0
2024-04-19,357.45,368.7,343.5,368.7,113798,EQ,2362.0,48.18,48729.0
2024-04-22,405.5,405.5,386.75,392.5,320916,EQ,8519.0,37.67,124605.0
2024-04-23,388.0,390.0,372.9,376.95,85369,EQ,3612.0,23.63,48759.0
2024-04-24,379.45,383.5,360.0,362.75,52163,EQ,2682.0,19.45,22929.0
2024-04-25,362.75,380.9,362.75,380.9,20911,EQ,448.0,46.68,16229.0
2024-04-26,389.95,399.2,372.05,379.2,39619,EQ,1896.0,20.9,24860.0
2024-04-29,383.5,384.2,363.25,367.6,14553,EQ,1152.0,12.63,9098.0
2024-04-30,374.0,374.0,350.5,353.3,17399,EQ,996.0,17.47,11953.0
2024-05-02,364.5,371.0,353.3,371.0,22150,EQ,524.0,42.27,11415.0
2024-05-03,387.5,387.5,352.75,357.6,37411,EQ,1626.0,23.01,19751.0
2024-05-06,357.6,363.45,350.95,352.7,22970,EQ,1213.0,18.94,11366.0
2024-05-07,357.25,357.25,335.05,335.25,32722,EQ,1363.0,24.01,22284.0
2024-05-08,326.85,352.0,325.0,337.15,26175,EQ,1641.0,15.95,11224.0
2024-05-09,337.5,342.45,324.0,328.15,11116,EQ,830.0,13.39,5630.0
2024-05-10,329.7,340.0,324.4,337.2,15440,EQ,1038.0,14.87,9600.0
2024-05-13,336.9,341.0,323.75,334.05,15093,EQ,972.0,15.53,9433.0
2024-05-14,334.05,350.75,334.05,343.9,17512,EQ,1043.0,16.79,7208.0
2024-05-15,352.0,361.05,346.05,355.2,27427,EQ,1270.0,21.6,13615.0
2024-05-16,361.5,367.5,348.95,352.0,13880,EQ,1004.0,13.82,6925.0
2024-05-17,360.0,360.0,351.85,359.4,10625,EQ,772.0,13.76,7042.0
2024-05-18,364.5,367.2,357.0,364.3,2990,EQ,225.0,13.29,2065.0
2024-05-21,367.5,367.5,350.55,357.9,17889,EQ,1272.0,14.06,10593.0
2024-05-22,357.9,375.75,352.6,375.05,32381,EQ,1962.0,16.5,20823.0
2024-05-23,385.95,385.95,367.05,372.0,26231,EQ,1102.0,23.8,18627.0
2024-05-24,364.5,390.55,364.4,389.8,49336,EQ,1988.0,24.82,35523.0
2024-05-27,399.6,402.0,371.55,377.95,37239,EQ,2279.0,16.34,21328.0
2024-05-28,387.35,396.8,371.5,390.5,237532,EQ,3332.0,71.29,109222.0
2024-05-29,377.05,377.05,370.95,370.95,41865,EQ,720.0,58.15,29093.0
2024-05-30,352.4,365.0,352.4,352.4,24011,EQ,884.0,27.16,20726.0
2024-05-31,334.8,351.7,334.8,344.4,100885,EQ,2393.0,42.16,58120.0
2024-06-03,361.0,361.0,327.5,330.05,62929,EQ,2631.0,23.92,36095.0
2024-06-04,326.0,332.55,313.55,313.7,61026,EQ,1519.0,40.18,49254.0
2024-06-05,313.5,320.2,298.0,314.5,44343,EQ,1598.0,27.75,31207.0
2024-06-06,311.0,330.2,311.0,330.0,21810,EQ,965.0,22.6,16423.0
2024-06-07,330.2,344.35,330.0,334.9,22942,EQ,1230.0,18.65,14300.0
2024-06-10,342.45,342.45,332.5,334.1,9240,EQ,792.0,11.67,5554.0
2024-06-11,334.1,347.5,334.1,346.2,11110,EQ,824.0,13.48,7379.0
2024-06-12,346.0,355.0,330.75,335.25,24076,EQ,1399.0,17.21,16694.0
2024-06-13,347.0,351.7,340.0,342.3,22633,EQ,1407.0,16.09,13433.0
2024-06-14,345.0,345.0,336.8,342.0,11679,EQ,1087.0,10.74,7216.0
2024-06-18,342.5,353.5,341.0,343.4,17543,EQ,1495.0,11.73,10020.0
2024-06-19,352.0,356.9,335.0,336.4,18696,EQ,1110.0,16.84,13435.0
2024-06-20,342.95,353.2,333.75,346.15,32302,EQ,1258.0,25.68,20196.0
2024-06-21,354.5,354.5,339.0,341.1,14295,EQ,901.0,15.87,8602.0
2024-06-24,345.0,345.05,333.5,336.7,13827,EQ,1549.0,8.93,8898.0
2024-06-25,341.0,351.3,340.0,341.2,21529,EQ,1128.0,19.09,15710.0
2024-06-26,348.5,358.2,335.25,337.3,99644,EQ,3477.0,28.66,49957.0
2024-06-27,342.6,346.2,335.0,338.05,20595,EQ,1471.0,14.0,11143.0
2024-06-28,340.45,341.0,329.0,336.5,16379,EQ,1629.0,10.05,9424.0
2024-07-01,338.05,346.7,336.0,342.5,15770,EQ,1458.0,10.82,10447.0
2024-07-02,342.0,351.2,337.5,342.05,11998,EQ,1233.0,9.73,6078.0
2024-07-03,344.95,348.95,341.5,342.6,16956,EQ,1427.0,11.88,11550.0
2024-07-04,340.0,352.45,340.0,347.6,25371,EQ,1531.0,16.57,13806.0
2024-07-05,347.6,357.5,347.6,355.55,22525,EQ,2196.0,10.26,12369.0
2024-07-08,359.0,373.3,353.05,373.3,50562,EQ,2447.0,20.66,34743.0
2024-07-09,382.0,382.0,360.05,367.65,26132,EQ,2042.0,12.8,17005.0
2024-07-10,367.55,368.5,349.25,357.6,25544,EQ,2068.0,12.35,12270.0
2024-07-11,359.65,360.35,349.5,351.85,23631,EQ,1103.0,21.42,18657.0
2024-07-12,358.5,366.5,351.2,362.35,41760,EQ,2065.0,20.22,31301.0
2024-07-15,374.5,374.5,362.55,369.3,23005,EQ,1610.0,14.29,14003.0
2024-07-16,373.9,375.0,357.5,360.15,16653,EQ,1386.0,12.02,11100.0
2024-07-18,362.0,374.0,354.75,365.5,19905,EQ,1505.0,13.23,12257.0
2024-07-19,365.0,366.0,347.25,347.6,15748,EQ,1529.0,10.3,9088.0
2024-07-22,352.25,354.7,348.4,352.4,26605,EQ,1123.0,23.69,23271.0
2024-07-23,357.5,357.5,337.5,345.85,10136,EQ,1418.0,7.15,5994.0
2024-07-24,350.45,363.1,343.8,361.0,18792,EQ,1524.0,12.33,13015.0
2024-07-25,364.95,373.5,353.2,355.2,21126,EQ,1754.0,12.04,9384.0
2024-07-26,355.2,370.5,355.05,358.9,17848,EQ,1922.0,9.29,9729.0
2024-07-29,367.4,372.5,360.4,368.7,26309,EQ,2167.0,12.14,15262.0
2024-07-30,372.3,384.95,369.3,381.2,39263,EQ,2715.0,14.46,22565.0
2024-07-31,387.5,387.5,370.9,376.55,19531,EQ,2482.0,7.87,8846.0
2024-08-01,382.8,395.4,372.0,395.4,145278,EQ,2279.0,63.75,66588.0
2024-08-02,412.5,415.1,398.2,415.1,61356,EQ,1538.0,39.89,38940.0
2024-08-05,432.0,435.9,420.0,428.35,345375,EQ,7827.0,44.13,136477.0
2024-08-06,444.0,448.2,406.95,409.0,104017,EQ,6581.0,15.81,47571.0
2024-08-07,409.0,428.5,400.55,419.3,69875,EQ,4660.0,14.99,32587.0
2024-08-08,423.1,430.5,407.55,411.0,19198,EQ,2114.0,9.08,10608.0
2024-08-09,423.0,431.6,418.0,431.6,14647,EQ,836.0,17.52,12785.0
2024-08-12,453.15,453.15,420.6,424.0,90693,EQ,3490.0,25.99,44566.0
2024-08-13,417.0,436.5,402.8,403.8,39083,EQ,3689.0,10.59,20731.0
2024-08-14,417.5,418.0,388.4,392.7,35688,EQ,3253.0,10.97,16147.0
2024-08-16,406.0,407.5,392.5,406.0,26045,EQ,2417.0,10.78,14533.0
2024-08-19,414.5,426.25,414.5,426.25,17374,EQ,808.0,21.5,13698.0
2024-08-20,447.55,447.55,430.95,447.55,56043,EQ,731.0,76.67,32017.0
2024-08-21,464.0,469.9,449.5,469.9,73163,EQ,3012.0,24.29,46245.0
2024-08-22,489.5,493.4,450.4,473.2,112008,EQ,6174.0,18.14,57858.0
2024-08-23,473.2,487.0,471.25,482.2,46377,EQ,3058.0,15.17,32643.0
2024-08-26,482.2,506.3,482.2,485.6,120583,EQ,3885.0,31.04,60132.0
2024-08-27,487.0,496.0,481.05,488.7,37003,EQ,2685.0,13.78,21086.0
2024-08-28,493.95,503.5,486.15,489.1,31240,EQ,2297.0,13.6,22172.0
2024-08-29,493.6,493.6,464.6,477.75,44237,EQ,2045.0,21.63,29639.0
2024-08-30,479.6,479.6,456.5,459.2,19926,EQ,2522.0,7.9,10532.0
2024-09-02,460.9,465.9,444.75,448.2,17068,EQ,1330.0,12.83,8902.0
2024-09-03,450.0,461.8,445.05,446.85,34897,EQ,2358.0,14.8,24424.0
2024-09-04,447.0,450.5,435.0,444.05,26963,EQ,2051.0,13.15,18935.0
2024-09-05,444.05,459.0,437.5,439.25,22481,EQ,2194.0,10.25,15113.0
2024-09-06,444.5,457.95,440.0,453.7,37506,EQ,2676.0,14.02,22227.0
2024-09-09,463.0,470.0,440.2,448.0,50008,EQ,3215.0,15.55,33719.0
2024-09-10,451.95,470.4,450.05,455.1,53928,EQ,3169.0,17.02,38794.0
2024-09-11,459.75,465.0,441.0,444.95,22545,EQ,2365.0,9.53,11268.0
2024-09-12,451.6,455.0,435.0,441.7,13862,EQ,1622.0,8.55,8339.0
2024-09-13,449.0,449.0,436.4,439.2,9664,EQ,1209.0,7.99,5254.0
2024-09-16,439.2,444.15,425.25,435.5,22243,EQ,2248.0,9.89,11491.0
2024-09-17,435.0,443.7,427.55,431.9,8440,EQ,980.0,8.61,5264.0
2024-09-18,435.0,435.0,410.3,411.25,21829,EQ,2849.0,7.66,14315.0
2024-09-19,412.5,415.4,394.75,399.25,31341,EQ,4276.0,7.33,18725.0
2024-09-20,402.5,411.95,395.35,409.0,8399,EQ,1560.0,5.38,4446.0
2024-09-23,429.5,429.5,429.5,429.5,4361,EQ,172.0,25.35,4347.0
2024-09-24,450.9,450.9,443.0,450.9,120242,EQ,2772.0,43.38,77424.0
2024-09-25,465.0,465.0,434.5,452.4,58242,EQ,5835.0,9.98,30947.0
2024-09-26,452.4,464.4,442.55,444.1,23758,EQ,2767.0,8.59,14370.0
2024-09-27,453.0,453.0,428.5,434.45,26326,EQ,2469.0,10.66,15269.0
2024-09-30,452.5,456.0,434.0,445.85,56701,EQ,3630.0,15.62,27168.0
2024-10-01,452.5,460.0,437.5,447.5,30580,EQ,2311.0,13.23,14263.0
2024-10-03,431.2,452.5,431.2,449.0,26027,EQ,2318.0,11.23,14547.0
2024-10-04,453.5,453.5,435.5,438.45,16791,EQ,1536.0,10.93,8099.0
2024-10-07,438.45,445.3,416.5,416.5,11223,EQ,921.0,12.19,7985.0
2024-10-08,386.4,427.5,386.4,425.4,21890,EQ,2280.0,9.6,9224.0
2024-10-09,439.5,445.95,429.0,442.5,15866,EQ,1772.0,8.95,8440.0
2024-10-10,446.0,446.6,436.7,443.65,9866,EQ,887.0,11.12,6537.0
2024-10-11,446.5,446.7,431.0,441.75,10649,EQ,1228.0,8.67,5400.0
2024-10-14,434.5,441.7,419.0,437.5,13916,EQ,1362.0,10.22,6603.0
2024-10-15,431.1,444.35,429.5,441.3,11497,EQ,1362.0,8.44,5283.0
2024-10-16,445.6,485.4,441.3,485.4,39299,EQ,1768.0,22.23,30799.0
2024-10-17,520.0,533.95,505.25,533.95,361478,EQ,9556.0,37.83,124135.0
2024-10-18,535.0,587.3,506.2,580.85,454315,EQ,29507.0,15.4,91593.0
2024-10-21,590.0,603.75,551.8,551.8,176906,EQ,9735.0,18.17,64946.0
2024-10-22,551.8,551.8,524.25,524.25,28056,EQ,1298.0,21.61,14455.0
2024-10-23,506.7,518.4,498.05,498.2,60764,EQ,2988.0,20.34,29377.0
2024-10-24,508.5,523.1,476.4,523.1,40018,EQ,2998.0,13.35,17491.0
2024-10-25,528.6,542.35,496.95,513.6,41831,EQ,2130.0,19.64,26839.0
2024-10-28,515.0,532.4,487.95,508.75,34640,EQ,2191.0,15.81,18270.0
2024-10-29,506.6,534.15,492.1,526.4,34759,EQ,2751.0,12.64,14822.0
2024-10-30,537.0,552.65,537.0,552.65,21157,EQ,616.0,34.35,19719.0
2024-10-31,580.3,580.3,565.65,580.3,64134,EQ,1673.0,38.33,35882.0
2024-11-01,599.0,609.3,593.0,609.3,40050,EQ,1227.0,32.64,31561.0
2024-11-04,624.0,624.0,578.85,580.15,105008,EQ,6866.0,15.29,57005.0
2024-11-05,570.0,609.15,567.65,609.15,32441,EQ,711.0,45.63,27522.0
2024-11-06,639.6,639.6,609.0,622.3,262144,EQ,8750.0,29.96,97840.0
2024-11-07,620.0,635.95,601.0,612.9,74017,EQ,6253.0,11.84,27658.0
2024-11-08,612.9,625.15,585.75,597.1,43328,EQ,3971.0,10.91,21903.0
2024-11-11,597.1,626.7,571.1,586.0,74050,EQ,4958.0,14.94,28896.0
2024-11-12,590.0,602.5,585.0,588.15,28713,EQ,2536.0,11.32,14612.0
2024-11-13,588.15,599.9,558.75,558.75,43653,EQ,3743.0,11.66,22125.0
2024-11-14,545.0,570.0,541.2,554.1,38374,EQ,4168.0,9.21,16077.0
2024-11-18,542.55,581.75,535.0,578.35,45287,EQ,4147.0,10.92,18362.0
2024-11-19,595.0,605.0,570.0,580.5,49696,EQ,4908.0,10.13,14456.0
2024-11-21,580.0,592.0,553.55,559.1,26832,EQ,3290.0,8.16,14010.0
2024-11-22,565.0,574.0,552.5,569.0,24857,EQ,3014.0,8.25,10371.0
2024-11-25,585.0,585.0,565.0,571.9,13725,EQ,2108.0,6.51,7498.0
2024-11-26,572.8,590.0,570.0,586.4,19336,EQ,2355.0,8.21,10333.0
2024-11-27,591.9,609.5,584.3,602.4,22742,EQ,2531.0,8.99,13181.0
2024-11-28,613.9,615.7,597.5,604.75,42243,EQ,4531.0,9.32,27909.0
2024-11-29,610.5,635.0,592.6,635.0,56694,EQ,2790.0,20.32,38664.0
2024-12-02,659.35,666.75,625.0,666.75,48349,EQ,2117.0,22.84,27029.0
2024-12-03,692.0,700.1,655.5,684.55,123772,EQ,5815.0,21.28,54969.0
2024-12-04,689.75,718.75,670.55,718.35,79286,EQ,6038.0,13.13,42585.0
2024-12-05,724.95,754.25,695.0,702.8,105832,EQ,7028.0,15.06,40730.0
2024-12-06,702.8,737.95,702.8,732.4,50281,EQ,4871.0,10.32,22810.0
2024-12-09,750.0,759.9,734.0,748.65,31407,EQ,3298.0,9.52,16431.0
2024-12-10,756.1,769.5,737.5,748.95,44815,EQ,4906.0,9.13,22650.0
2024-12-11,747.4,786.4,743.0,770.6,73282,EQ,5567.0,13.16,32868.0
2024-12-12,770.5,778.2,754.5,759.6,31668,EQ,3688.0,8.59,13563.0
2024-12-13,768.1,773.5,738.75,756.25,45550,EQ,4900.0,9.3,20194.0
2024-12-16,762.1,794.1,753.4,776.45,46418,EQ,3351.0,13.85,20872.0
2024-12-17,784.1,784.1,742.5,750.25,36625,EQ,3612.0,10.14,20524.0
2024-12-18,757.5,760.0,744.0,747.75,16581,EQ,1975.0,8.4,8828.0
2024-12-19,725.0,764.2,720.55,758.6,22423,EQ,2933.0,7.65,10157.0
2024-12-20,758.5,766.5,720.65,720.65,23370,EQ,2427.0,9.63,13352.0
2024-12-23,720.0,755.0,700.05,728.05,34742,EQ,4642.0,7.48,11524.0
2024-12-24,727.5,731.2,700.6,709.15,23622,EQ,2882.0,8.2,9834.0
2024-12-26,710.0,717.35,673.7,688.1,41092,EQ,3943.0,10.42,18860.0
2024-12-27,681.85,705.95,676.9,690.25,21801,EQ,3260.0,6.69,8120.0
2024-12-30,681.25,689.5,664.6,680.8,31851,EQ,4262.0,7.47,14187.0
2024-12-31,681.0,707.6,673.0,691.55,19541,EQ,2671.0,7.32,6965.0
2025-01-01,696.6,726.1,694.4,705.4,59693,EQ,3049.0,19.58,22366.0
2025-01-02,704.7,713.5,694.0,703.15,22786,EQ,2958.0,7.7,12003.0
2025-01-03,705.25,724.95,698.1,704.55,83116,EQ,5404.0,15.38,30641.0
2025-01-06,707.0,707.0,669.3,669.3,30077,EQ,2040.0,14.74,19735.0
2025-01-07,672.2,697.5,651.65,690.1,37907,EQ,4373.0,8.67,13959.0
2025-01-08,690.1,693.8,662.5,667.3,19366,EQ,2481.0,7.81,10145.0
2025-01-09,672.5,674.0,650.05,653.4,21335,EQ,2422.0,8.81,8874.0
2025-01-10,653.4,665.5,620.7,624.8,31142,EQ,4338.0,7.18,15812.0
2025-01-13,616.5,626.4,593.6,593.6,17171,EQ,2587.0,6.64,10740.0
2025-01-14,592.5,600.0,570.2,588.25,39790,EQ,4983.0,7.99,20745.0
2025-01-15,580.6,605.5,565.6,596.75,40466,EQ,4954.0,8.17,15307.0
2025-01-16,600.0,626.6,600.0,622.9,30652,EQ,2754.0,11.13,17129.0
2025-01-17,640.0,653.4,609.6,646.9,29186,EQ,3281.0,8.9,14211.0
2025-01-20,676.85,676.85,635.35,663.45,23954,EQ,3060.0,7.83,11736.0
2025-01-21,659.6,662.2,630.3,637.2,16957,EQ,2573.0,6.59,8751.0
2025-01-22,640.55,640.55,605.35,614.4,22473,EQ,2223.0,10.11,11887.0
2025-01-23,605.5,634.45,605.0,616.5,12320,EQ,2117.0,5.82,5147.0
2025-01-24,616.5,617.5,585.65,586.3,15743,EQ,1830.0,8.6,9064.0
2025-01-27,582.05,582.05,557.0,557.0,10847,EQ,1272.0,8.53,6349.0
2025-01-28,557.5,574.0,529.15,530.55,27176,EQ,2770.0,9.81,12954.0
2025-01-29,532.95,557.1,522.85,557.1,8034,EQ,820.0,9.8,5185.0
2025-01-30,574.95,584.9,564.3,584.9,6788,EQ,841.0,8.07,4161.0
2025-01-31,610.0,614.15,579.25,614.15,17573,EQ,1921.0,9.15,8857.0
2025-02-01,635.0,644.85,583.45,590.05,51497,EQ,3612.0,14.26,23463.0
2025-02-03,579.5,579.5,560.55,560.55,17150,EQ,1145.0,14.98,9038.0
2025-02-04,552.55,572.05,546.6,555.8,22845,EQ,2796.0,8.17,12342.0
2025-02-05,552.5,572.3,550.35,562.4,17406,EQ,2270.0,7.67,8864.0
2025-02-06,568.0,573.15,543.6,547.0,14788,EQ,2044.0,7.23,7921.0
2025-02-07,545.0,554.9,522.6,533.5,30493,EQ,3916.0,7.79,16559.0
2025-02-10,535.0,535.0,507.5,513.4,16765,EQ,3325.0,5.04,8306.0
2025-02-11,502.5,510.0,473.5,478.45,31993,EQ,4826.0,6.63,18837.0
2025-02-12,482.45,507.5,454.1,492.25,24898,EQ,5079.0,4.9,8045.0
2025-02-13,485.9,538.5,485.9,518.05,41906,EQ,5583.0,7.51,21416.0
2025-02-14,517.5,530.0,502.5,503.5,27152,EQ,3257.0,8.34,16881.0
2025-02-17,485.0,502.0,475.6,491.6,22395,EQ,3068.0,7.3,9149.0
2025-02-18,495.0,495.0,450.0,455.25,25020,EQ,3970.0,6.3,12140.0
2025-02-19,446.0,495.3,441.25,490.5,17149,EQ,3083.0,5.56,9107.0
2025-02-20,486.0,511.9,482.0,497.35,17917,EQ,3106.0,5.77,7591.0
2025-02-21,497.85,507.4,477.75,491.1,19773,EQ,3969.0,4.98,10451.0
2025-02-24,485.0,485.0,463.4,469.0,11208,EQ,2141.0,5.23,6160.0
2025-02-25,465.0,478.0,462.55,466.5,7424,EQ,1853.0,4.01,3163.0
2025-02-27,469.65,472.25,444.0,445.8,14059,EQ,2336.0,6.02,7326.0
2025-02-28,437.5,439.5,419.4,422.05,29186,EQ,3915.0,7.45,16177.0
2025-03-03,422.05,430.25,402.05,420.75,28185,EQ,4266.0,6.61,11378.0
2025-03-04,415.0,442.05,407.45,424.75,26053,EQ,3516.0,7.41,13612.0
2025-03-05,424.5,453.7,424.5,446.1,41666,EQ,3892.0,10.71,24730.0
2025-03-06,446.0,471.0,440.5,459.7,26815,EQ,4200.0,6.38,12166.0
2025-03-07,460.0,470.45,451.0,457.1,19489,EQ,3214.0,6.06,8718.0
2025-03-10,455.55,458.6,435.5,441.9,16650,EQ,1971.0,8.45,10488.0
2025-03-11,430.0,443.5,415.0,433.4,34648,EQ,3853.0,8.99,17009.0
2025-03-12,437.75,437.75,428.35,433.6,10117,EQ,1907.0,5.31,5025.0
2025-03-13,435.2,441.85,425.0,426.95,12363,EQ,1918.0,6.45,7208.0
2025-03-17,431.2,435.45,412.6,416.15,17634,EQ,2107.0,8.37,11607.0
2025-03-18,419.25,457.75,418.55,457.75,27839,EQ,2653.0,10.49,18697.0
2025-03-19,467.5,492.4,463.7,483.75,47962,EQ,5743.0,8.35,20811.0
2025-03-20,484.1,511.95,472.5,497.7,64973,EQ,6016.0,10.8,42531.0
2025-03-21,495.15,547.4,483.8,494.5,132988,EQ,7461.0,17.82,62922.0
2025-03-24,501.0,518.5,492.5,503.35,46010,EQ,3937.0,11.69,22858.0
2025-03-25,503.85,512.2,482.55,488.5,37931,EQ,3498.0,10.84,22220.0
2025-03-26,485.6,492.5,467.6,472.55,30807,EQ,4177.0,7.38,14027.0
2025-03-27,471.4,506.9,460.2,491.2,34778,EQ,3903.0,8.91,16793.0
2025-03-28,493.0,499.0,472.0,474.2,20932,EQ,2571.0,8.14,12230.0
2025-04-01,474.2,485.0,470.0,474.5,15161,EQ,2536.0,5.98,7524.0
2025-04-02,472.5,481.0,462.55,475.4,14007,EQ,2128.0,6.58,6292.0
2025-04-03,478.7,508.0,475.5,493.6,34650,EQ,4345.0,7.97,14596.0
2025-04-04,497.3,498.1,450.6,462.4,36247,EQ,4239.0,8.55,21318.0
2025-04-07,408.05,444.8,399.5,427.4,38338,EQ,7331.0,5.23,15824.0
2025-04-08,436.0,471.0,436.0,461.9,43466,EQ,6041.0,7.2,14304.0
2025-04-09,455.5,458.0,442.5,448.6,20604,EQ,3069.0,6.71,8397.0
2025-04-11,472.5,483.2,455.05,475.75,39967,EQ,5305.0,7.53,17021.0
2025-04-15,487.7,505.0,485.3,495.7,30204,EQ,3842.0,7.86,14202.0
2025-04-16,503.15,510.0,493.25,495.9,26369,EQ,3870.0,6.81,10927.0
2025-04-17,499.95,506.25,489.2,492.7,18539,EQ,3253.0,5.7,6854.0
2025-04-21,498.85,499.95,482.5,487.1,26269,EQ,3789.0,6.93,14302.0
2025-04-22,489.0,502.5,481.75,492.8,23834,EQ,3821.0,6.24,9500.0
2025-04-23,498.95,500.0,482.0,483.6,24242,EQ,3319.0,7.3,12145.0
2025-04-24,483.6,494.0,477.4,488.4,20372,EQ,3671.0,5.55,9255.0
2025-04-25,488.4,492.2,447.0,450.05,62839,EQ,8162.0,7.7,31021.0
2025-04-28,450.05,458.9,442.0,448.6,30048,EQ,3701.0,8.12,14927.0
2025-04-29,451.4,462.5,448.95,453.9,25804,EQ,3167.0,8.15,12130.0
2025-04-30,455.0,456.2,434.75,437.0,25846,EQ,3403.0,7.6,15391.0
2025-05-02,435.7,449.4,435.05,440.7,20817,EQ,2681.0,7.76,12453.0
2025-05-05,445.0,495.2,445.0,468.4,197934,EQ,13518.0,14.64,89919.0
2025-05-06,488.0,514.5,458.0,466.9,443789,EQ,24024.0,18.47,79834.0
2025-05-07,451.0,477.45,451.0,470.7,69913,EQ,8375.0,8.35,15750.0
2025-05-08,474.0,482.95,464.1,467.1,35061,EQ,4682.0,7.49,13327.0
2025-05-09,450.0,465.0,447.5,455.1,30412,EQ,3050.0,9.97,13536.0
2025-05-12,480.0,522.65,475.1,504.2,184918,EQ,16387.0,11.28,47945.0
2025-05-13,504.2,515.0,495.8,513.75,53750,EQ,5283.0,10.17,21210.0
2025-05-14,515.0,523.5,493.45,501.7,66821,EQ,5898.0,11.33,35051.0
2025-05-15,505.7,572.0,505.7,553.1,258748,EQ,21704.0,11.92,66194.0
2025-05-16,561.35,561.35,527.0,531.9,100675,EQ,9690.0,10.39,52955.0
2025-05-19,535.5,542.5,521.85,525.8,56586,EQ,5456.0,10.37,28544.0
2025-05-20,533.7,536.75,507.75,511.05,40591,EQ,4519.0,8.98,21391.0
2025-05-21,510.9,532.4,502.75,528.8,51777,EQ,6470.0,8.0,23128.0
2025-05-22,532.05,599.25,520.0,579.4,179896,EQ,16658.0,10.8,64311.0
2025-05-23,582.45,597.95,572.65,580.9,76784,EQ,10083.0,7.62,33037.0
2025-05-26,582.45,607.75,580.9,590.5,60284,EQ,7202.0,8.37,24402.0
2025-05-27,595.0,604.0,585.05,597.55,49485,EQ,6548.0,7.56,21873.0
2025-05-28,600.0,630.0,600.0,624.65,71084,EQ,7522.0,9.45,35816.0
2025-05-29,627.5,659.35,622.5,642.5,99238,EQ,12548.0,7.91,41040.0
2025-05-30,647.65,652.3,627.5,644.5,59332,EQ,8629.0,6.88,30485.0
2025-06-02,644.4,649.1,633.75,646.9,45649,EQ,4964.0,9.2,25932.0
2025-06-03,645.0,686.9,645.0,667.1,115720,EQ,13846.0,8.36,45030.0
2025-06-04,664.5,688.1,664.5,676.15,54600,EQ,6644.0,8.22,25926.0
2025-06-05,677.45,677.45,659.8,665.8,36296,EQ,5085.0,7.14,18869.0
2025-06-06,665.7,684.8,646.0,652.6,43544,EQ,6024.0,7.23,17398.0
2025-06-09,652.6,670.8,644.85,648.35,28607,EQ,4871.0,5.87,14343.0
2025-06-10,653.55,654.85,632.5,637.55,36748,EQ,6658.0,5.52,20151.0
2025-06-11,640.75,677.45,638.6,662.2,81673,EQ,10745.0,7.6,31471.0
2025-06-12,664.95,664.95,633.0,637.15,32837,EQ,4989.0,6.58,17127.0
2025-06-13,620.0,652.5,619.35,641.9,58200,EQ,7744.0,7.52,24474.0
2025-06-16,643.0,659.85,620.7,657.05,50984,EQ,6319.0,8.07,21604.0
2025-06-17,656.6,666.8,636.55,639.85,35821,EQ,5146.0,6.96,18836.0
2025-06-18,640.05,654.5,637.0,639.9,25506,EQ,3897.0,6.55,12221.0
2025-06-19,647.35,647.35,604.5,614.4,49349,EQ,7893.0,6.25,25749.0
2025-06-20,615.5,640.0,604.4,633.2,38530,EQ,5657.0,6.81,14603.0
2025-06-23,623.05,637.45,617.95,621.0,28105,EQ,5142.0,5.47,11766.0
2025-06-24,628.5,644.4,622.8,636.05,45899,EQ,5683.0,8.08,26632.0
2025-06-25,637.7,662.45,636.4,646.2,74928,EQ,8577.0,8.74,42958.0
2025-06-26,645.85,653.95,617.5,622.35,43758,EQ,6210.0,7.05,24049.0
2025-06-27,629.0,634.65,624.0,630.95,18402,EQ,2829.0,6.5,6959.0
2025-06-30,679.5,694.0,637.5,640.55,393021,EQ,37103.0,10.59,94925.0
2025-07-01,645.1,659.5,643.75,649.55,80883,EQ,7843.0,10.31,31337.0
2025-07-02,652.1,661.35,634.6,657.2,94307,EQ,10109.0,9.33,45207.0
2025-07-03,659.0,662.5,644.85,646.5,38290,EQ,4014.0,9.54,17568.0
2025-07-04,648.0,662.5,647.05,650.3,23427,EQ,2299.0,10.19,11556.0
2025-07-07,662.25,694.0,653.0,671.3,232816,EQ,25614.0,9.09,98146.0
2025-07-08,674.0,684.45,662.5,674.35,71355,EQ,8961.0,7.96,33043.0
2025-07-09,681.2,726.55,679.5,694.9,325921,EQ,34932.0,9.33,88711.0
2025-07-10,697.0,705.65,684.0,688.05,56853,EQ,6525.0,8.71,25466.0
2025-07-11,705.25,705.25,665.6,667.15,57125,EQ,6144.0,9.3,28490.0
2025-07-14,674.5,674.5,648.05,653.0,51995,EQ,6260.0,8.31,26091.0
2025-07-15,658.2,665.0,648.05,658.45,34857,EQ,4163.0,8.37,17874.0
2025-07-16,661.85,661.85,649.5,651.65,29600,EQ,2823.0,10.49,15560.0
2025-07-17,656.5,672.5,648.95,657.45,47808,EQ,5398.0,8.86,19384.0
2025-07-18,664.0,684.4,657.75,665.75,71664,EQ,8055.0,8.9,26527.0
2025-07-21,667.4,677.3,659.9,666.85,26144,EQ,3202.0,8.16,12211.0
2025-07-22,668.8,674.0,661.05,665.1,20328,EQ,2784.0,7.3,10534.0
2025-07-23,665.1,666.0,649.75,654.9,29325,EQ,3306.0,8.87,16330.0
2025-07-24,658.4,672.5,658.4,669.2,52451,EQ,4881.0,10.75,30622.0
2025-07-25,672.5,684.2,664.6,674.9,68397,EQ,7956.0,8.6,37261.0
2025-07-28,665.4,735.0,665.4,713.45,268068,EQ,24095.0,11.13,111541.0
2025-07-29,722.45,856.1,711.4,856.1,1121124,EQ,62125.0,18.05,320166.0
2025-07-30,882.55,999.0,881.1,975.65,3105109,EQ,167515.0,18.54,277735.0
2025-07-31,933.5,968.85,906.25,917.0,399312,EQ,27549.0,14.49,123615.0
2025-08-01,920.0,967.1,911.1,948.05,240701,EQ,17138.0,14.04,70140.0
2025-08-04,961.85,1005.0,955.0,993.35,284902,EQ,18955.0,15.03,85938.0
2025-08-05,1015.0,1015.0,977.55,992.2,84670,EQ,8304.0,10.2,28902.0
2025-08-06,990.05,995.95,941.2,957.45,95380,EQ,8935.0,10.67,43674.0
2025-08-07,954.55,962.95,915.5,924.25,73238,EQ,6698.0,10.93,36707.0
2025-08-08,925.95,931.1,886.45,917.2,72267,EQ,6844.0,10.56,30978.0
2025-08-11,927.45,957.55,920.2,938.4,47267,EQ,5632.0,8.39,15042.0
2025-08-12,987.45,987.45,947.5,953.7,64680,EQ,6490.0,9.97,24642.0
2025-08-13,958.55,973.75,947.45,953.1,42648,EQ,4682.0,9.11,21087.0
2025-08-14,969.95,1010.8,951.1,958.7,96091,EQ,8948.0,10.74,29973.0
2025-08-18,975.5,1038.6,963.6,997.6,160008,EQ,14429.0,11.09,59163.0
2025-08-19,992.5,1030.0,976.5,1017.7,67768,EQ,6090.0,11.13,26585.0
2025-08-20,1024.4,1054.25,915.95,916.0,323914,EQ,14432.0,22.44,116456.0
2025-08-21,915.95,915.95,831.5,845.1,215069,EQ,17484.0,12.3,85389.0
2025-08-22,854.35,858.95,823.75,826.5,89734,EQ,8826.0,10.17,42222.0
2025-08-25,817.5,817.5,795.0,801.4,105815,EQ,9819.0,10.78,55044.0
2025-08-26,802.5,813.7,787.8,791.0,51542,EQ,5616.0,9.18,23184.0
2025-08-28,790.0,790.0,760.25,769.15,49623,EQ,5975.0,8.31,22215.0
2025-08-29,769.95,778.65,750.65,755.1,38130,EQ,4713.0,8.09,16587.0
2025-09-01,750.0,792.85,750.0,781.5,61862,EQ,6752.0,9.16,26013.0
2025-09-02,789.5,804.0,770.45,776.7,49757,EQ,5790.0,8.59,26113.0
2025-09-03,779.9,815.5,779.9,815.5,57321,EQ,4658.0,12.31,34051.0
2025-09-04,825.0,850.0,794.4,799.1,104304,EQ,7951.0,13.12,61751.0
2025-09-05,815.0,839.05,794.45,839.05,45938,EQ,2804.0,16.38,31663.0
2025-09-08,859.5,861.95,817.25,830.15,73327,EQ,8114.0,9.04,34756.0
2025-09-09,839.5,871.65,838.5,871.65,87356,EQ,5628.0,15.52,54962.0
2025-09-10,890.0,897.0,857.55,865.35,86697,EQ,8751.0,9.91,45950.0
2025-09-11,879.5,883.45,831.15,843.8,42668,EQ,5030.0,8.48,23041.0
2025-09-12,860.0,860.0,823.65,834.45,45722,EQ,4331.0,10.56,25612.0
2025-09-15,855.0,855.0,828.5,831.4,19230,EQ,2985.0,6.44,7702.0
2025-09-16,849.95,849.95,808.0,811.95,31828,EQ,3432.0,9.27,22669.0
2025-09-17,817.5,822.05,797.6,806.15,34416,EQ,3834.0,8.98,19966.0
2025-09-18,811.45,827.8,809.9,821.75,31883,EQ,2783.0,11.46,21302.0
2025-09-19,850.0,862.8,845.25,862.8,31027,EQ,1389.0,22.34,24251.0
2025-09-22,884.95,890.25,845.7,852.6,68160,EQ,6036.0,11.29,33825.0
2025-09-23,874.0,874.0,837.15,845.8,25602,EQ,3463.0,7.39,15370.0
2025-09-24,846.3,867.5,845.0,849.8,33447,EQ,4280.0,7.81,15005.0
2025-09-25,846.5,872.5,841.95,854.15,25189,EQ,3188.0,7.9,12984.0
2025-09-26,857.1,869.95,835.5,846.15,46475,EQ,6319.0,7.35,16529.0
2025-09-29,849.55,858.35,819.45,828.3,21772,EQ,3147.0,6.92,8537.0
2025-09-30,827.65,835.25,807.5,814.0,18473,EQ,2369.0,7.8,9770.0
2025-10-01,815.25,842.5,809.5,836.85,17426,EQ,2822.0,6.18,8454.0
2025-10-03,837.5,854.95,833.1,845.55,17993,EQ,2786.0,6.46,9424.0
2025-10-06,847.6,852.5,837.55,841.35,12794,EQ,2000.0,6.4,6652.0
2025-10-07,846.95,862.5,836.0,841.3,19036,EQ,2505.0,7.6,9297.0
2025-10-08,842.2,844.95,820.0,822.75,22608,EQ,2925.0,7.73,13541.0
2025-10-09,826.9,826.9,801.0,805.05,24488,EQ,2705.0,9.05,14373.0
2025-10-10,809.2,827.45,805.5,813.7,15753,EQ,1900.0,8.29,8936.0
2025-10-13,807.5,812.5,792.5,800.05,23424,EQ,2144.0,10.93,13911.0
2025-10-14,800.05,808.0,781.0,802.6,21987,EQ,2442.0,9.0,11142.0
2025-10-15,812.5,819.95,797.6,815.9,16778,EQ,1880.0,8.92,9575.0
2025-10-16,819.35,825.0,795.0,806.7,19701,EQ,2001.0,9.85,11830.0
2025-10-17,801.55,813.45,794.85,800.9,18547,EQ,1936.0,9.58,9807.0
2025-10-20,797.5,809.6,795.0,797.3,16418,EQ,1664.0,9.87,10847.0
2025-10-21,799.5,810.0,783.45,801.8,5904,EQ,1002.0,5.89,3367.0
2025-10-23,804.5,814.2,795.0,800.1,13311,EQ,1324.0,10.05,7730.0
2025-10-24,803.7,806.0,788.45,801.5,15819,EQ,1850.0,8.55,9781.0
2025-10-27,801.5,841.55,799.0,841.55,41736,EQ,3299.0,12.65,23102.0
2025-10-28,865.0,869.35,831.65,855.15,63824,EQ,6029.0,10.59,37881.0
2025-10-29,862.95,875.0,856.05,858.85,36435,EQ,3053.0,11.93,20945.0
2025-10-30,859.5,901.75,859.5,901.75,84659,EQ,5712.0,14.82,51212.0
2025-10-31,912.45,946.8,910.0,926.7,88071,EQ,6292.0,14.0,43552.0
2025-11-03,933.15,946.4,896.75,935.2,55733,EQ,5642.0,9.88,29368.0
2025-11-04,942.0,949.45,923.15,930.4,30348,EQ,2979.0,10.19,18919.0
2025-11-06,930.0,954.95,883.9,920.6,185019,EQ,14080.0,13.14,52448.0
2025-11-07,892.05,892.05,874.6,874.6,30281,EQ,1725.0,17.55,19160.0
2025-11-10,859.5,859.5,830.9,830.9,26482,EQ,1248.0,21.22,16966.0
2025-11-11,795.9,825.5,793.5,807.45,75419,EQ,7089.0,10.64,36617.0
2025-11-12,809.95,823.65,787.5,798.85,38240,EQ,3895.0,9.82,19544.0
2025-11-13,795.6,815.0,779.0,784.1,29516,EQ,3873.0,7.62,17676.0
2025-11-14,790.0,790.0,769.05,780.25,34662,EQ,3608.0,9.61,18589.0
2025-11-17,780.25,800.0,770.5,773.15,30981,EQ,3129.0,9.9,16871.0
2025-11-18,770.05,773.9,755.65,759.45,21346,EQ,2329.0,9.17,12968.0
2025-11-19,760.85,775.0,754.4,764.6,14901,EQ,1923.0,7.75,7218.0
2025-11-20,768.3,772.45,750.45,754.2,17698,EQ,2351.0,7.53,9451.0
2025-11-21,742.65,750.0,724.5,732.2,41682,EQ,4221.0,9.87,22971.0
2025-11-24,722.0,728.55,697.55,709.5,60331,EQ,6118.0,9.86,32315.0
2025-11-25,705.0,730.35,705.0,725.0,20821,EQ,3322.0,6.27,9742.0
2025-11-26,730.0,759.2,723.0,755.7,47747,EQ,3987.0,11.98,25232.0
2025-11-27,755.75,772.0,740.25,767.1,30999,EQ,3014.0,10.29,15205.0
2025-11-28,770.0,777.35,758.9,765.5,16677,EQ,1841.0,9.06,8859.0
2025-12-01,765.5,770.1,750.0,752.7,9901,EQ,1252.0,7.91,4965.0
2025-12-02,757.2,762.5,755.1,758.65,11197,EQ,961.0,11.65,8394.0
2025-12-03,757.5,760.5,720.75,744.55,32418,EQ,3081.0,10.52,15852.0
2025-12-04,751.0,761.5,739.2,756.2,18070,EQ,1754.0,10.3,11467.0
2025-12-05,754.95,761.05,743.5,756.7,14805,EQ,2010.0,7.37,8515.0
2025-12-08,751.0,756.7,714.6,728.65,22586,EQ,2680.0,8.43,12325.0
2025-12-09,730.0,748.45,710.55,744.3,20990,EQ,2585.0,8.12,9767.0
2025-12-10,753.85,753.85,720.15,727.3,10381,EQ,1203.0,8.63,6087.0
2025-12-11,732.55,742.0,722.5,726.3,13980,EQ,1399.0,9.99,7841.0
2025-12-12,726.55,751.3,726.55,742.05,12769,EQ,1698.0,7.52,5807.0
2025-12-15,749.95,749.95,729.3,731.0,8045,EQ,1098.0,7.33,4921.0
2025-12-16,729.3,729.3,713.25,717.25,11590,EQ,988.0,11.73,7146.0
2025-12-17,717.25,725.0,707.55,722.05,9758,EQ,1275.0,7.65,5418.0
2025-12-18,722.05,722.05,700.05,705.9,11905,EQ,1771.0,6.72,6245.0
2025-12-19,706.0,711.95,695.0,701.9,19761,EQ,2047.0,9.65,11682.0
2025-12-22,701.9,730.4,701.5,723.6,18227,EQ,2389.0,7.63,10339.0
2025-12-23,723.6,750.0,719.95,743.55,20844,EQ,2450.0,8.51,10600.0
2025-12-24,745.5,745.5,722.9,730.05,10017,EQ,1643.0,6.1,5734.0
2025-12-26,730.8,773.4,725.3,756.3,36433,EQ,3878.0,9.39,18279.0
2025-12-29,764.3,765.3,740.0,746.3,14665,EQ,1734.0,8.46,7659.0
2025-12-30,759.5,759.55,740.25,746.55,11862,EQ,2027.0,5.85,4464.0
2025-12-31,740.5,762.9,740.5,755.4,11863,EQ,1921.0,6.18,6341.0
2026-01-01,758.0,760.65,748.0,751.4,6480,EQ,960.0,6.75,4173.0
2026-01-02,751.45,751.45,740.5,748.2,10964,EQ,1362.0,8.05,6936.0
2026-01-05,748.2,750.7,737.5,743.1,10165,EQ,1427.0,7.12,6403.0
2026-01-06,743.1,745.85,715.05,728.45,11100,EQ,1737.0,6.39,5678.0
2026-01-07,719.0,753.5,719.0,735.75,29810,EQ,3185.0,9.36,15013.0
2026-01-08,732.05,737.95,706.7,713.8,23200,EQ,3016.0,7.69,11979.0
2026-01-09,724.0,724.0,675.0,692.65,28656,EQ,3583.0,8.0,10480.0
2026-01-12,692.65,692.65,657.6,680.6,26791,EQ,3540.0,7.57,13218.0
2026-01-13,699.0,708.95,680.6,696.35,17015,EQ,2934.0,5.8,7648.0
2026-01-14,682.85,700.0,682.85,695.5,12244,EQ,1565.0,7.82,6852.0
2026-01-16,695.5,714.55,695.05,698.35,11565,EQ,2347.0,4.93,6810.0
2026-01-19,698.0,698.0,668.25,678.7,14457,EQ,2457.0,5.88,7605.0
2026-01-20,678.5,678.5,632.5,639.65,34337,EQ,3940.0,8.71,15889.0
2026-01-21,630.1,644.1,615.0,623.8,32505,EQ,4050.0,8.03,15289.0
2026-01-22,633.15,644.15,612.3,624.65,18952,EQ,2293.0,8.27,7918.0
2026-01-23,628.4,631.45,595.05,603.85,15546,EQ,1881.0,8.26,9611.0
2026-01-27,603.85,623.5,565.2,579.8,40668,EQ,4164.0,9.77,20473.0
2026-01-28,594.5,613.5,582.15,607.95,20410,EQ,2781.0,7.34,9748.0
2026-01-29,612.5,624.2,582.6,599.65,21404,EQ,2830.0,7.56,11216.0
2026-01-30,611.0,631.7,589.35,626.2,21325,EQ,3296.0,6.47,8535.0
2026-02-01,620.0,639.85,600.0,620.8,8841,EQ,1326.0,6.67,4480.0
2026-02-02,626.8,626.8,582.8,618.4,15066,EQ,2438.0,6.18,6294.0
2026-02-03,664.2,680.2,630.8,661.4,45952,EQ,3023.0,15.2,17325.0
2026-02-04,652.6,707.5,652.6,678.2,28742,EQ,2739.0,10.49,12457.0
2026-02-05,678.2,680.5,665.75,676.0,12006,EQ,1615.0,7.43,6028.0
2026-02-06,699.95,726.15,661.5,670.9,99789,EQ,10005.0,9.97,27158.0
2026-02-09,700.0,723.0,690.0,714.3,56994,EQ,5673.0,10.05,27463.0
2026-02-10,721.0,729.0,705.0,709.15,24954,EQ,2747.0,9.08,15051.0
2026-02-11,724.95,754.0,689.35,703.0,320369,EQ,20028.0,16.0,92527.0
2026-02-12,701.5,701.5,675.0,681.95,42090,EQ,5036.0,8.36,17416.0
2026-02-13,677.5,704.7,663.5,679.4,62529,EQ,7074.0,8.84,13625.0
2026-02-16,655.05,664.35,634.0,642.1,78528,EQ,7635.0,10.29,33756.0
2026-02-17,642.1,660.95,642.1,647.35,27481,EQ,2540.0,10.82,9827.0
2026-02-18,651.2,674.0,651.2,669.6,26958,EQ,3324.0,8.11,12592.0
2026-02-19,672.45,678.95,643.0,649.8,29981,EQ,3446.0,8.7,12512.0
2026-02-20,649.0,657.5,644.9,654.2,15889,EQ,2107.0,7.54,7422.0
2026-02-23,657.5,740.95,657.5,711.65,808508,EQ,40598.0,19.91,60458.0
2026-02-24,707.0,718.35,693.0,706.85,47479,EQ,4807.0,9.88,15089.0
2026-02-25,707.0,713.85,680.6,691.55,32174,EQ,3513.0,9.16,17653.0
2026-02-26,688.1,709.45,687.6,702.15,20474,EQ,3163.0,6.47,7512.0
2026-02-27,700.0,718.3,693.05,709.15,24359,EQ,3147.0,7.74,12157.0
2026-03-02,658.95,705.55,658.95,676.95,28379,EQ,4148.0,6.84,10933.0
2026-03-04,658.5,675.0,649.95,664.75,27355,EQ,3966.0,6.9,10816.0
2026-03-05,674.7,683.45,663.45,678.1,18534,EQ,2008.0,9.23,7727.0
2026-03-06,675.0,735.5,671.0,728.4,111404,EQ,9331.0,11.94,32525.0
2026-03-09,722.5,722.5,693.95,709.3,33935,EQ,3163.0,10.73,18177.0
2026-03-10,720.45,731.45,707.95,719.7,14739,EQ,2138.0,6.89,7347.0
2026-03-11,719.9,729.25,707.5,716.65,20836,EQ,3041.0,6.85,8771.0
2026-03-12,716.55,773.4,698.45,755.1,68284,EQ,7466.0,9.15,27853.0
2026-03-13,745.3,754.15,709.0,716.1,43982,EQ,5163.0,8.52,23618.0
2026-03-16,715.0,739.2,693.0,728.25,39451,EQ,4666.0,8.45,15115.0
2026-03-17,721.0,756.0,721.0,739.25,23585,EQ,3349.0,7.04,9543.0
2026-03-18,741.0,772.4,741.0,759.5,41635,EQ,3758.0,11.08,17877.0
2026-03-19,748.1,762.95,736.2,749.5,25087,EQ,2419.0,10.37,13281.0
2026-03-20,752.5,799.0,741.05,744.3,34358,EQ,3997.0,8.6,13571.0
2026-03-23,747.9,761.45,710.0,717.65,44813,EQ,5028.0,8.91,17757.0
2026-03-24,739.5,760.6,727.5,756.3,43332,EQ,5214.0,8.31,18811.0
2026-03-25,775.0,815.0,766.25,794.0,86821,EQ,8228.0,10.55,44869.0
2026-03-27,790.0,798.5,708.5,717.4,265685,EQ,22269.0,11.93,85868.0
2026-03-30,704.6,709.5,657.5,660.1,128980,EQ,4804.0,26.85,64180.0
2026-04-01,677.6,713.45,677.6,702.5,69905,EQ,4197.0,16.66,25345.0
2026-04-02,693.0,698.1,643.7,693.25,106016,EQ,6933.0,15.29,33209.0
2026-04-06,698.25,704.45,661.5,678.75,55023,EQ,3568.0,15.42,22834.0
2026-04-07,679.0,686.0,666.15,677.4,42787,EQ,2735.0,15.64,17376.0
2026-04-08,698.9,717.8,691.0,713.85,64551,EQ,3142.0,20.54,30493.0
2026-04-09,719.5,738.7,702.5,706.2,43545,EQ,2625.0,16.59,19610.0
2026-04-10,715.0,847.4,715.0,840.4,1839095,EQ,47665.0,38.58,190428.0
2026-04-13,819.0,894.8,811.6,847.0,1397571,EQ,50859.0,27.48,186790.0
2026-04-15,848.0,868.45,828.0,845.75,201334,EQ,9974.0,20.19,56079.0
2026-04-16,855.85,915.0,846.45,894.75,394421,EQ,15078.0,26.16,105474.0
2026-04-17,904.3,914.0,884.0,898.65,142191,EQ,6791.0,20.94,49507.0
2026-04-20,885.0,930.0,875.0,884.8,215631,EQ,10382.0,20.77,79776.0
2026-04-21,891.85,914.0,882.55,894.6,79914,EQ,4699.0,17.01,30611.0
2026-04-22,903.0,937.9,885.45,931.7,158857,EQ,8420.0,18.87,71052.0
2026-04-23,932.0,951.0,910.1,917.5,123090,EQ,6641.0,18.53,57707.0
2026-04-24,920.0,943.2,903.3,909.9,115169,EQ,7410.0,15.54,46072.0
2026-04-27,919.6,989.0,919.6,934.2,246962,EQ,15370.0,16.07,102621.0
2026-04-28,934.9,936.1,910.8,922.8,67409,EQ,5424.0,12.43,33373.0
2026-04-29,936.65,942.0,912.25,924.8,58931,EQ,4797.0,12.28,21747.0
2026-04-30,929.0,950.95,908.1,941.7,74374,EQ,6050.0,12.29,27774.0
2026-05-04,951.4,968.8,915.75,941.4,91687,EQ,7271.0,12.61,41455.0
2026-05-05,945.0,959.95,922.05,932.95,69361,EQ,6117.0,11.34,30574.0
2026-05-06,935.0,949.6,870.2,897.75,165428,EQ,12565.0,13.17,61047.0
2026-05-07,897.0,965.0,897.0,948.45,152116,EQ,8642.0,17.6,71976.0
2026-05-08,948.4,956.9,930.1,935.2,64688,EQ,4738.0,13.65,33658.0
2026-05-11,927.0,943.5,910.0,913.45,76731,EQ,5988.0,12.81,34342.0
2026-05-12,913.9,919.65,880.0,882.8,57155,EQ,4971.0,11.5,31446.0
2026-05-13,884.95,922.0,869.1,877.8,59148,EQ,5063.0,11.68,22393.0
2026-05-14,883.1,932.35,883.1,909.65,145314,EQ,7905.0,18.38,50893.0
2026-05-15,900.0,980.45,900.0,946.35,292240,EQ,14814.0,19.73,105414.0
2026-05-18,890.05,938.0,797.55,910.15,1289121,EQ,75408.0,17.1,207116.0
2026-05-19,911.5,1016.0,892.55,992.95,1277212,EQ,65250.0,19.57,194716.0
2026-05-20,1000.0,1005.95,964.05,973.6,197866,EQ,11595.0,17.06,56021.0
2026-05-21,985.0,1020.0,968.25,990.4,195577,EQ,11235.0,17.41,51169.0
2026-05-22,999.0,999.9,949.45,963.65,86030,EQ,5436.0,15.83,27803.0
2026-05-25,972.0,989.1,965.1,972.75,53296,EQ,4427.0,12.04,21939.0
2026-05-26,975.0,1033.45,973.0,999.6,194510,EQ,11912.0,16.33,63043.0
2026-05-27,989.15,1191.0,989.15,1152.35,1014203,EQ,49291.0,20.58,229552.0
2026-05-29,1176.45,1212.1,1095.1,1113.95,570326,EQ,33013.0,17.28,141586.0
2026-06-01,1129.0,1160.0,1073.5,1090.5,132899,EQ,9821.0,13.53,43369.0
2026-06-02,1090.5,1134.9,1073.0,1109.5,120557,EQ,9095.0,13.26,31698.0
2026-06-03,1116.0,1138.9,1086.0,1118.3,103107,EQ,8670.0,11.89,31665.0
2026-06-04,1133.0,1204.4,1130.1,1137.8,252967,EQ,15390.0,16.44,65878.0
2026-06-05,1192.7,1192.7,1105.0,1128.4,137804,EQ,8244.0,16.72,28784.0
2026-06-08,1133.5,1143.0,1063.2,1081.2,122355,EQ,9694.0,12.62,31286.0
2026-06-09,1086.1,1112.2,1060.2,1098.2,155016,EQ,11787.0,13.15,47149.0
2026-06-10,1106.0,1109.5,1046.2,1053.3,72499,EQ,6022.0,12.04,27133.0
2026-06-11,1053.3,1169.0,1043.2,1111.8,568515,EQ,32614.0,17.43,83097.0
2026-06-12,1133.9,1142.0,1110.2,1130.5,96480,EQ,6971.0,13.84,27187.0
2026-06-15,1158.8,1167.4,1123.6,1135.6,91941,EQ,8080.0,11.38,29897.0
2026-06-16,1151.7,1190.0,1132.0,1145.0,158355,EQ,10177.0,15.56,46401.0
2026-06-17,1152.0,1206.0,1143.0,1192.2,229916,EQ,15075.0,15.25,68482.0
2026-06-18,1207.0,1209.9,1142.5,1147.0,129593,EQ,9102.0,14.24,58430.0
2026-06-19,1153.5,1169.4,1135.3,1152.4,63546,EQ,4629.0,13.73,27049.0
2026-06-22,1166.0,1166.7,1139.3,1145.9,42239,EQ,3045.0,13.87,19316.0
2026-06-23,1147.0,1165.0,1115.7,1131.0,63810,EQ,5212.0,12.24,24588.0
2026-06-24,1122.1,1164.0,1119.1,1157.1,59431,EQ,4505.0,13.19,23126.0
2026-06-25,1162.7,1179.0,1111.2,1121.0,76842,EQ,6121.0,12.55,32580.0
2026-06-29,1120.0,1137.9,1070.5,1130.0,95112,EQ,7917.0,12.01,32183.0
2026-06-30,1130.0,1164.0,1128.9,1159.2,55973,EQ,4174.0,13.41,26561.0
2026-07-01,1173.7,1184.0,1140.7,1153.2,70917,EQ,5724,12.39,28525
2026-07-02,1141.2,1174.0,1130.0,1141.3,79522,EQ,5482,14.51,25571
2026-07-03,1149.0,1149.0,1075.0,1092.2,191043,EQ,13536,14.11,69469
2026-07-06,1119.8,1119.8,1071.6,1093.1,81045,EQ,5844,13.87,32071
2026-07-07,1099.7,1103.5,1051.0,1057.6,66948,EQ,4368,15.33,32924
2026-07-08,1062.8,1070.6,1001.0,1025.2,101388,EQ,7783,13.03,35049
2026-07-09,1015.3,1049.7,1015.3,1041.0,47931,EQ,3976,12.06,20132
2026-07-10,1052.0,1062.5,1027.4,1055.1,49199,EQ,4871,10.1,23464
2026-07-13,1044.6,1078.5,1034.9,1052.7,33785,EQ,2920,11.57,16105
2026-07-14,1045.0,1069.1,1029.1,1062.4,42432,EQ,3210,13.22,16649
2026-07-15,1065.5,1274.8,1045.0,1273.6,1163210,EQ,44076,26.39,237397
2026-07-16,1350.0,1399.0,1273.5,1288.3,3689387,EQ,152125,24.25,261495
2026-07-17,1276.0,1284.9,1223.4,1244.5,225672,EQ,14142,15.96,49106
2026-07-20,1244.0,1266.0,1216.8,1252.1,85099,EQ,8262,10.3,21018
2026-07-21,1270.5,1325.0,1258.0,1308.6,187088,EQ,16090,11.63,52562
2026-07-22,1350.0,1350.0,1270.0,1278.4,129059,EQ,9858,13.09,35842
2026-07-23,1270.0,1310.0,1240.0,1285.0,97168,EQ,7778,12.49,39853
2026-07-24,1266.1,1324.8,1255.5,1301.9,64247,EQ,5933,10.83,18074
2026-07-27,1333.3,1359.0,1316.1,1332.3,161969,EQ,12705,12.75,52638
2026-07-28,1332.3,1332.3,1269.9,1311.5,85923,EQ,6670,12.88,30214
2026-07-29,1311.0,1337.0,1275.9,1323.1,94354,EQ,8803,10.72,38314
2026-07-30,1346.0,1355.0,1290.4,1300.4,199318,EQ,13182,15.12,65251
2026-07-31,1305.0,1369.0,1294.4,1338.3,164753,EQ,13710,12.02,49913
2026-08-03,1344.0,1360.0,1319.9,1339.4,80334,EQ,6816,11.79,33893
2026-08-04,1345.0,1388.7,1310.1,1320.4,145123,EQ,10777,13.47,49306
2026-08-05,1325.9,1360.0,1310.1,1330.4,117393,EQ,7114,16.5,49136
2026-08-06,1330.0,1331.5,1286.0,1297.2,88612,EQ,6497,13.64,47383
2026-08-07,1303.9,1328.0,1294.0,1310.2,54460,EQ,4671,11.66,24291
2026-08-10,1310.9,1336.9,1290.0,1293.0,64040,EQ,6073,10.55,32789
2026-08-11,1299.0,1306.3,1162.3,1222.3,566618,EQ,41049,13.8,158563
2026-08-12,1222.2,1269.9,1186.4,1242.4,135027,EQ,10531,12.82,45877
2026-08-13,1253.1,1325.9,1242.0,1253.3,146078,EQ,10626,13.75,42235
2026-08-14,1254.0,1272.1,1242.1,1256.0,66521,EQ,5226,12.73,27348
2026-08-17,1256.0,1277.9,1247.0,1258.6,48041,EQ,4397,10.93,18134
2026-08-18,1250.0,1266.0,1245.1,1261.0,33411,EQ,2003,16.68,19398
2026-08-19,1252.5,1297.6,1245.4,1263.8,58199,EQ,4953,11.75,21989
2026-08-20,1263.8,1292.0,1261.2,1278.4,38594,EQ,3048,12.66,19987
2026-08-21,1275.0,1329.5,1265.0,1273.7,106239,EQ,7927,13.4,40586
