Date,Open,High,Low,Close,Volume,Series,TOTAL_TRADES,QTY_PER_TRADE,DLV_QTY
2008-02-25,9.75,10.0,8.4,9.45,22521617,EQ,,,
2008-02-26,9.8,9.8,9.1,9.25,5365516,EQ,,,
2008-02-27,9.5,10.5,9.3,10.2,14738869,EQ,,,
2008-02-28,10.15,10.7,10.0,10.25,7811243,EQ,,,
2008-02-29,10.0,10.3,9.6,9.7,2006405,EQ,,,
2008-03-03,9.55,10.2,9.2,9.7,3412517,EQ,,,
2008-03-04,9.75,10.2,9.45,9.85,2293406,EQ,,,
2008-03-05,9.85,10.05,9.75,9.8,1106293,EQ,,,
2008-03-07,9.75,10.2,9.1,9.9,1849094,EQ,,,
2008-03-10,9.85,9.95,9.25,9.6,1267839,EQ,,,
2008-03-11,9.5,9.9,9.45,9.7,1159618,EQ,,,
2008-03-12,9.8,10.0,9.6,9.6,612383,EQ,,,
2008-03-13,9.45,9.85,9.25,9.3,525153,EQ,,,
2008-03-14,9.5,9.6,9.2,9.25,368654,EQ,,,
2008-03-17,8.9,9.3,8.75,9.05,230166,EQ,,,
2008-03-18,9.2,9.2,8.8,8.9,120132,EQ,,,
2008-03-19,9.1,9.3,9.0,9.2,253222,EQ,,,
2008-03-24,9.0,9.1,8.0,8.3,301849,EQ,,,
2008-03-25,8.4,8.9,8.3,8.6,379831,EQ,,,
2008-03-26,8.8,8.95,8.2,8.6,225317,EQ,,,
2008-03-27,8.55,9.2,8.4,8.95,1032760,EQ,,,
2008-03-28,9.1,9.25,8.75,8.9,313421,EQ,,,
2008-03-31,8.7,9.05,8.1,8.45,800785,EQ,,,
2008-04-01,8.55,8.75,8.4,8.4,183793,EQ,,,
2008-04-02,8.7,8.75,8.15,8.3,292969,EQ,,,
2008-04-03,8.2,8.6,8.2,8.4,205223,EQ,,,
2008-04-04,8.4,8.75,8.3,8.5,418715,EQ,,,
2008-04-07,8.55,8.95,8.4,8.85,291944,EQ,,,
2008-04-08,8.9,9.5,8.65,8.8,536300,EQ,,,
2008-04-09,8.75,8.95,8.6,8.8,89990,EQ,,,
2008-04-10,8.85,9.05,8.75,8.8,174236,EQ,,,
2008-04-11,8.9,9.2,8.75,9.1,288231,EQ,,,
2008-04-15,9.0,9.65,8.9,9.55,366569,EQ,,,
2008-04-16,9.65,10.95,9.65,10.45,2667624,EQ,,,
2008-04-17,10.65,10.7,10.0,10.2,890512,EQ,,,
2008-04-21,10.3,10.75,10.15,10.45,409318,EQ,,,
2008-04-22,10.55,10.9,10.35,10.55,654828,EQ,,,
2008-04-23,10.55,10.8,10.4,10.5,459156,EQ,,,
2008-04-24,10.85,10.85,9.8,10.1,880442,EQ,,,
2008-04-25,10.2,10.3,9.9,10.0,162735,EQ,,,
2008-04-28,10.1,10.7,9.75,10.6,872541,EQ,,,
2008-04-29,10.6,11.1,10.5,10.65,1463722,EQ,,,
2008-04-30,10.7,11.05,10.6,10.65,1128671,EQ,,,
2008-05-02,10.8,10.95,10.7,10.8,603873,EQ,,,
2008-05-05,10.8,11.0,10.6,10.65,529050,EQ,,,
2008-05-06,10.7,10.75,10.1,10.5,329077,EQ,,,
2008-05-07,10.65,10.9,10.4,10.45,747999,EQ,,,
2008-05-08,10.25,10.7,10.1,10.55,388227,EQ,,,
2008-05-09,10.5,10.5,9.9,10.05,195220,EQ,,,
2008-05-12,10.15,10.2,9.6,10.0,267220,EQ,,,
2008-05-13,10.05,10.55,10.05,10.4,672537,EQ,,,
2008-05-14,10.25,10.5,10.2,10.3,161636,EQ,,,
2008-05-15,10.3,10.45,10.25,10.3,85919,EQ,,,
2008-05-16,10.35,10.65,10.3,10.5,360016,EQ,,,
2008-05-20,10.45,10.55,10.3,10.4,106210,EQ,,,
2008-05-21,10.15,10.65,10.15,10.55,241209,EQ,,,
2008-05-22,10.15,10.55,10.1,10.15,421619,EQ,,,
2008-05-23,10.15,10.3,9.8,9.85,204702,EQ,,,
2008-05-26,9.75,9.8,9.05,9.3,318766,EQ,,,
2008-05-27,9.5,9.55,9.0,9.05,169596,EQ,,,
2008-05-28,9.1,9.25,8.8,9.15,260836,EQ,,,
2008-05-29,9.25,9.3,8.75,9.1,211735,EQ,,,
2008-05-30,9.1,9.7,8.8,9.5,350854,EQ,,,
2008-06-02,9.25,9.7,9.0,9.05,92346,EQ,,,
2008-06-03,8.8,9.35,8.8,9.2,144348,EQ,,,
2008-06-04,9.1,9.35,8.9,9.15,82649,EQ,,,
2008-06-05,9.0,9.65,9.0,9.4,89542,EQ,,,
2008-06-06,9.65,9.85,9.2,9.25,109617,EQ,,,
2008-06-09,8.75,9.3,8.75,9.1,106017,EQ,,,
2008-06-10,8.95,9.2,8.9,9.0,43662,EQ,,,
2008-06-11,9.1,9.2,8.8,8.85,103465,EQ,,,
2008-06-12,8.95,9.15,8.55,9.0,68875,EQ,,,
2008-06-13,9.1,9.1,8.95,9.0,30363,EQ,,,
2008-06-16,9.1,9.4,9.0,9.3,89688,EQ,,,
2008-06-17,9.3,9.5,9.1,9.4,250464,EQ,,,
2008-06-18,9.6,9.75,9.25,9.35,213768,EQ,,,
2008-06-19,9.25,9.35,9.0,9.1,37329,EQ,,,
2008-06-20,9.15,9.2,8.8,9.0,85677,EQ,,,
2008-06-23,8.9,8.95,8.45,8.55,73217,EQ,,,
2008-06-24,8.55,8.75,8.05,8.2,61937,EQ,,,
2008-06-25,8.05,8.4,7.85,8.3,75463,EQ,,,
2008-06-26,8.35,8.55,8.3,8.4,40498,EQ,,,
2008-06-27,8.2,8.2,7.4,7.5,103506,EQ,,,
2008-06-30,7.75,8.2,7.05,7.8,383411,EQ,,,
2008-07-01,7.75,8.1,6.6,7.5,376056,EQ,,,
2008-07-02,7.4,7.85,6.8,7.55,187832,EQ,,,
2008-07-03,7.5,7.75,7.1,7.6,175642,EQ,,,
2008-07-04,7.5,7.75,7.2,7.6,126328,EQ,,,
2008-07-07,7.75,8.05,7.65,7.8,168813,EQ,,,
2008-07-08,7.5,7.7,7.4,7.55,48280,EQ,,,
2008-07-09,7.8,7.9,7.6,7.7,76382,EQ,,,
2008-07-10,7.8,7.85,7.6,7.7,24310,EQ,,,
2008-07-11,7.75,7.8,7.45,7.5,27556,EQ,,,
2008-07-14,7.4,7.7,7.4,7.45,14568,EQ,,,
2008-07-15,7.4,7.4,7.2,7.25,27931,EQ,,,
2008-07-16,7.4,7.4,6.95,6.95,24795,EQ,,,
2008-07-17,7.1,7.3,7.0,7.1,24018,EQ,,,
2008-07-18,7.2,7.35,7.0,7.2,71386,EQ,,,
2008-07-21,7.3,7.3,7.05,7.1,13339,EQ,,,
2008-07-22,7.05,7.5,7.0,7.3,34244,EQ,,,
2008-07-23,7.5,7.7,7.4,7.5,90746,EQ,,,
2008-07-24,7.65,8.15,7.15,7.25,413433,EQ,,,
2008-07-25,7.1,7.3,7.0,7.15,63317,EQ,,,
2008-07-28,7.3,7.35,7.05,7.1,35539,EQ,,,
2008-07-29,7.05,7.25,6.9,6.95,95707,EQ,,,
2008-07-30,7.1,7.2,7.0,7.1,44307,EQ,,,
2008-07-31,7.0,7.1,6.85,6.9,377642,EQ,,,
2008-08-01,6.8,7.1,6.75,7.0,71211,EQ,,,
2008-08-04,7.05,7.3,6.95,7.2,61090,EQ,,,
2008-08-05,7.25,7.55,7.1,7.4,111907,EQ,,,
2008-08-06,7.6,7.65,7.3,7.4,101688,EQ,,,
2008-08-07,7.5,7.5,7.3,7.4,27416,EQ,,,
2008-08-08,7.4,7.45,7.2,7.35,27248,EQ,,,
2008-08-11,7.4,7.9,7.4,7.65,124036,EQ,,,
2008-08-12,7.75,8.3,7.6,8.1,822965,EQ,,,
2008-08-13,7.9,8.2,7.9,8.1,108028,EQ,,,
2008-08-14,7.95,8.1,7.8,7.95,56948,EQ,,,
2008-08-18,8.0,8.2,7.8,7.9,53713,EQ,,,
2008-08-19,8.15,8.15,7.7,7.75,17480,EQ,,,
2008-08-20,7.95,7.95,7.7,7.8,10661,EQ,,,
2008-08-21,7.7,7.8,7.6,7.7,50231,EQ,,,
2008-08-22,7.7,8.0,7.6,7.8,35029,EQ,,,
2008-08-25,7.8,8.1,7.7,7.7,21816,EQ,,,
2008-08-26,7.6,8.0,7.6,7.95,44363,EQ,,,
2008-08-27,8.0,8.05,7.6,7.6,29755,EQ,,,
2008-08-28,7.6,7.75,7.15,7.3,200702,EQ,,,
2008-08-29,7.45,7.9,7.45,7.8,103626,EQ,,,
2008-09-01,7.6,7.95,7.6,7.9,25531,EQ,,,
2008-09-02,8.05,8.2,7.75,8.1,38131,EQ,,,
2008-09-04,7.95,8.2,7.9,7.95,45687,EQ,,,
2008-09-05,7.8,7.95,7.7,7.8,7790,EQ,,,
2008-09-08,8.2,8.2,7.7,7.7,32437,EQ,,,
2008-09-09,7.8,7.9,7.5,7.55,92794,EQ,,,
2008-09-10,7.6,7.6,7.5,7.5,37024,EQ,,,
2008-09-11,7.4,7.5,7.3,7.45,10236,EQ,,,
2008-09-12,7.5,7.5,7.35,7.45,15070,EQ,,,
2008-09-15,6.6,7.5,6.3,6.9,45662,EQ,,,
2008-09-16,6.55,6.9,6.55,6.75,721487,EQ,,,
2008-09-17,6.85,7.0,6.25,6.7,1046793,EQ,,,
2008-09-18,6.5,6.6,6.0,6.4,33907,EQ,,,
2008-09-19,6.7,6.75,6.4,6.45,114559,EQ,,,
2008-09-22,6.6,6.7,6.4,6.45,21387,EQ,,,
2008-09-23,6.45,6.6,6.3,6.4,23204,EQ,,,
2008-09-24,6.5,6.5,6.1,6.15,21687,EQ,,,
2008-09-25,6.4,6.4,5.65,5.8,97417,EQ,,,
2008-09-26,5.8,5.9,5.65,5.8,32781,EQ,,,
2008-09-29,5.7,6.1,5.6,5.9,42996,EQ,,,
2008-09-30,5.9,6.05,5.5,6.0,150664,EQ,,,
2008-10-01,6.05,6.3,5.8,6.2,84253,EQ,,,
2008-10-03,6.15,6.25,6.0,6.2,54420,EQ,,,
2008-10-06,6.05,6.25,5.75,5.85,86668,EQ,,,
2008-10-07,5.75,6.1,4.9,5.0,107162,EQ,,,
2008-10-08,4.75,5.25,4.35,4.9,55178,EQ,,,
2008-10-10,4.65,5.25,4.4,4.9,42734,EQ,,,
2008-10-13,4.6,5.25,4.6,5.0,27488,EQ,,,
2008-10-14,5.4,5.4,4.7,4.95,84146,EQ,,,
2008-10-15,4.7,5.05,4.45,4.85,53656,EQ,,,
2008-10-16,4.6,4.95,4.4,4.8,44474,EQ,,,
2008-10-17,4.75,5.0,4.6,4.8,51835,EQ,,,
2008-10-20,4.95,5.0,4.45,4.65,40834,EQ,,,
2008-10-21,4.7,4.95,4.4,4.8,41692,EQ,,,
2008-10-22,4.6,4.65,4.4,4.45,19870,EQ,,,
2008-10-23,4.05,4.55,4.05,4.5,546198,EQ,,,
2008-10-24,4.25,4.55,4.15,4.4,51738,EQ,,,
2008-10-27,4.4,4.4,3.75,4.1,16377,EQ,,,
2008-10-28,4.5,4.5,4.05,4.2,8361,EQ,,,
2008-10-29,4.2,4.4,4.15,4.25,275309,EQ,,,
2008-10-31,4.25,5.1,4.2,4.75,108977,EQ,,,
2008-11-03,4.65,5.0,4.2,4.3,96970,EQ,,,
2008-11-04,4.25,4.35,4.15,4.2,53858,EQ,,,
2008-11-05,4.35,4.5,3.9,4.0,137918,EQ,,,
2008-11-06,4.1,4.2,3.8,4.0,53866,EQ,,,
2008-11-07,3.9,4.1,3.9,4.0,31773,EQ,,,
2008-11-10,4.1,4.3,4.1,4.15,99752,EQ,,,
2008-11-11,4.1,4.25,4.1,4.15,87603,EQ,,,
2008-11-12,4.1,4.35,4.0,4.0,21837,EQ,,,
2008-11-14,4.05,4.15,3.8,3.8,19732,EQ,,,
2008-11-17,3.8,3.8,3.5,3.55,21684,EQ,,,
2008-11-18,3.5,3.6,3.5,3.5,403943,EQ,,,
2008-11-19,3.55,3.65,3.5,3.5,201217,EQ,,,
2008-11-20,3.5,3.6,3.45,3.5,534236,EQ,,,
2008-11-21,3.5,3.5,3.4,3.5,452064,EQ,,,
2008-11-24,3.6,3.65,3.45,3.5,14231,EQ,,,
2008-11-25,3.55,3.9,3.45,3.5,36296,EQ,,,
2008-11-26,3.55,3.55,3.4,3.45,5055,EQ,,,
2008-11-28,3.4,3.45,3.3,3.4,20763,EQ,,,
2008-12-01,3.4,3.5,3.4,3.4,6740,EQ,,,
2008-12-02,3.25,3.7,3.2,3.6,10031,EQ,,,
2008-12-03,3.6,3.95,3.5,3.9,65877,EQ,,,
2008-12-04,3.95,4.15,3.8,4.1,104337,EQ,,,
2008-12-05,4.2,4.5,4.1,4.4,78544,EQ,,,
2008-12-08,4.6,4.7,4.2,4.3,88943,EQ,,,
2008-12-10,4.3,4.45,4.2,4.4,17074,EQ,,,
2008-12-11,4.35,4.65,4.35,4.6,57607,EQ,,,
2008-12-12,4.45,5.5,4.4,5.35,142222,EQ,,,
2008-12-15,5.55,5.85,5.2,5.3,276663,EQ,,,
2008-12-16,5.2,5.7,5.15,5.6,50782,EQ,,,
2008-12-17,5.6,5.8,5.55,5.65,40900,EQ,,,
2008-12-18,5.65,6.45,5.65,6.4,79307,EQ,,,
2008-12-19,6.4,6.75,6.0,6.6,158632,EQ,,,
2008-12-22,6.6,6.75,6.3,6.4,59774,EQ,,,
2008-12-23,6.15,6.4,6.0,6.2,108389,EQ,,,
2008-12-24,6.2,6.75,5.9,6.55,132771,EQ,,,
2008-12-26,6.6,6.7,6.45,6.55,74945,EQ,,,
2008-12-29,6.4,6.5,5.25,6.4,31304,EQ,,,
2008-12-30,6.45,7.3,6.4,6.65,257718,EQ,,,
2008-12-31,6.75,6.85,6.4,6.45,104601,EQ,,,
2009-01-01,6.4,7.0,6.4,6.8,65738,EQ,,,
2009-01-02,7.0,7.0,6.75,6.8,55842,EQ,,,
2009-01-05,6.95,7.05,6.65,6.7,34059,EQ,,,
2009-01-06,6.6,6.7,6.4,6.6,82698,EQ,,,
2009-01-07,6.5,6.5,5.85,5.9,42091,EQ,,,
2009-01-09,5.7,5.9,4.8,5.8,63442,EQ,,,
2009-01-12,5.5,5.8,5.5,5.6,30863,EQ,,,
2009-01-13,5.6,6.05,5.45,5.6,32171,EQ,,,
2009-01-14,5.55,5.85,5.55,5.65,23697,EQ,,,
2009-01-15,5.4,5.6,5.25,5.3,55575,EQ,,,
2009-01-16,5.5,5.6,5.25,5.35,30885,EQ,,,
2009-01-19,5.3,5.6,5.3,5.4,10746,EQ,,,
2009-01-20,5.3,5.45,5.3,5.4,5015,EQ,,,
2009-01-21,5.25,5.6,5.25,5.45,16823,EQ,,,
2009-01-22,5.15,5.55,5.15,5.4,19705,EQ,,,
2009-01-23,5.4,5.5,5.4,5.4,13398,EQ,,,
2009-01-27,5.45,5.6,5.0,5.4,5980,EQ,,,
2009-01-28,5.4,5.65,5.4,5.5,19686,EQ,,,
2009-01-29,5.6,5.65,5.4,5.6,11914,EQ,,,
2009-01-30,5.35,5.7,5.35,5.6,12938,EQ,,,
2009-02-02,5.65,5.95,5.5,5.55,17914,EQ,,,
2009-02-03,5.5,5.7,5.5,5.6,32458,EQ,,,
2009-02-04,5.6,5.6,5.5,5.5,11412,EQ,,,
2009-02-05,5.65,5.65,5.5,5.5,19567,EQ,,,
2009-02-06,5.7,5.8,5.5,5.6,18139,EQ,,,
2009-02-09,5.65,5.75,5.5,5.6,9289,EQ,,,
2009-02-10,5.55,5.7,5.55,5.65,5293,EQ,,,
2009-02-11,5.65,5.8,5.5,5.65,5604,EQ,,,
2009-02-12,5.55,6.0,5.5,5.8,34201,EQ,,,
2009-02-13,5.6,5.9,5.6,5.65,106624,EQ,,,
2009-02-16,5.8,5.85,5.1,5.3,41407,EQ,,,
2009-02-17,5.25,6.25,5.25,5.45,374228,EQ,,,
2009-02-18,5.45,5.6,5.2,5.3,59764,EQ,,,
2009-02-19,5.45,5.45,4.8,4.9,137315,EQ,,,
2009-02-20,4.85,5.45,4.55,5.1,91179,EQ,,,
2009-02-24,5.35,5.35,4.9,5.05,88482,EQ,,,
2009-02-25,5.4,5.4,4.95,5.0,52391,EQ,,,
2009-02-26,5.3,5.3,4.9,4.95,11006547,EQ,,,
2009-02-27,5.05,5.1,4.9,5.0,178974,EQ,,,
2009-03-02,5.0,5.0,4.75,4.8,13851,EQ,,,
2009-03-03,4.8,4.85,4.75,4.8,12317,EQ,,,
2009-03-04,4.95,4.95,4.6,4.65,21457,EQ,,,
2009-03-05,4.7,4.8,4.65,4.7,31499,EQ,,,
2009-03-06,4.45,4.65,4.45,4.55,10937,EQ,,,
2009-03-09,4.55,4.7,4.3,4.3,19404,EQ,,,
2009-03-12,4.4,4.55,3.95,4.1,247375,EQ,,,
2009-03-13,4.2,4.3,4.1,4.15,452393,EQ,,,
2009-03-16,4.4,4.4,4.1,4.15,54741,EQ,,,
2009-03-17,4.2,4.3,4.0,4.1,57261,EQ,,,
2009-03-18,4.1,4.55,4.1,4.3,288624,EQ,,,
2009-03-19,4.3,4.6,4.1,4.3,131463,EQ,,,
2009-03-20,4.45,4.45,4.0,4.05,226059,EQ,,,
2009-03-23,4.2,4.2,4.0,4.05,152954,EQ,,,
2009-03-24,4.15,4.4,4.05,4.1,489826,EQ,,,
2009-03-25,4.1,4.1,3.9,3.95,113121,EQ,,,
2009-03-26,4.0,4.2,3.8,4.0,265379,EQ,,,
2009-03-27,4.0,4.1,3.85,4.0,135656,EQ,,,
2009-03-30,3.95,4.1,3.9,4.0,86372,EQ,,,
2009-03-31,4.1,4.3,3.9,4.05,474210,EQ,,,
2009-04-01,4.2,4.45,4.05,4.4,247008,EQ,,,
2009-04-02,4.5,4.9,4.4,4.7,717219,EQ,,,
2009-04-06,4.9,5.0,4.65,4.7,867720,EQ,,,
2009-04-08,4.5,4.95,4.3,4.9,428160,EQ,,,
2009-04-09,5.0,5.4,4.8,5.2,4227966,EQ,,,
2009-04-13,5.45,5.65,5.1,5.2,5713365,EQ,,,
2009-04-15,5.15,5.65,5.1,5.6,7123249,EQ,,,
2009-04-16,5.8,5.9,4.85,5.0,5142145,EQ,,,
2009-04-17,5.25,5.45,5.05,5.2,3261399,EQ,,,
2009-04-20,5.35,5.4,5.05,5.15,703682,EQ,,,
2009-04-21,5.1,5.35,4.9,5.2,966170,EQ,,,
2009-04-22,5.2,5.25,4.7,4.8,2196167,EQ,,,
2009-04-23,4.9,5.05,4.4,4.8,1076763,EQ,,,
2009-04-24,4.75,5.1,4.7,5.0,1007395,EQ,,,
2009-04-27,5.05,5.2,4.75,4.85,924666,EQ,,,
2009-04-28,4.9,5.05,4.8,4.85,1387428,EQ,,,
2009-04-29,4.9,4.95,4.65,4.75,1810967,EQ,,,
2009-05-04,4.9,5.05,4.85,4.9,724231,EQ,,,
2009-05-05,4.9,5.1,4.85,4.9,766131,EQ,,,
2009-05-06,4.95,5.3,4.9,5.05,3360049,EQ,,,
2009-05-07,5.15,5.3,5.1,5.15,1543779,EQ,,,
2009-05-08,5.15,5.3,5.0,5.1,1637062,EQ,,,
2009-05-11,5.25,5.3,4.8,5.0,605114,EQ,,,
2009-05-12,4.95,5.05,4.9,5.0,656004,EQ,,,
2009-05-13,5.05,5.45,5.0,5.15,5170553,EQ,,,
2009-05-14,5.1,5.6,4.95,5.5,5104616,EQ,,,
2009-05-15,5.5,5.8,5.35,5.5,3543660,EQ,,,
2009-05-18,5.95,6.6,5.95,6.4,51452,EQ,,,
2009-05-19,6.5,7.0,5.55,6.35,5339118,EQ,,,
2009-05-20,6.3,6.85,6.3,6.6,2309472,EQ,,,
2009-05-21,6.8,7.1,6.55,6.7,3650250,EQ,,,
2009-05-22,6.7,7.0,6.65,6.8,2351729,EQ,,,
2009-05-25,6.8,7.25,6.6,7.1,1875663,EQ,,,
2009-05-26,7.25,7.4,6.7,6.75,1640287,EQ,,,
2009-05-27,6.9,7.1,6.9,7.0,965109,EQ,,,
2009-05-28,7.1,7.15,6.9,6.95,1980077,EQ,,,
2009-05-29,7.05,7.2,6.9,7.1,2408150,EQ,,,
2009-06-01,7.25,7.6,7.15,7.5,3816709,EQ,,,
2009-06-02,7.65,7.65,6.95,7.15,2251951,EQ,,,
2009-06-03,7.25,7.4,7.0,7.2,1178037,EQ,,,
2009-06-04,7.1,7.85,6.9,7.75,4552024,EQ,,,
2009-06-05,7.85,8.05,7.3,7.5,3842496,EQ,,,
2009-06-08,7.55,7.7,6.3,6.6,1867600,EQ,,,
2009-06-09,6.3,7.1,6.05,7.0,1609829,EQ,,,
2009-06-10,7.15,7.4,6.8,7.2,2467603,EQ,,,
2009-06-11,7.2,7.6,7.1,7.35,1849209,EQ,,,
2009-06-12,7.5,7.5,6.9,7.0,1036387,EQ,,,
2009-06-15,6.95,7.05,6.6,6.7,658307,EQ,,,
2009-06-16,6.45,6.9,6.35,6.8,1028153,EQ,,,
2009-06-17,6.85,7.3,6.55,6.7,2836252,EQ,,,
2009-06-18,6.8,6.95,6.3,6.55,873139,EQ,,,
2009-06-19,6.7,7.15,6.55,6.8,2171384,EQ,,,
2009-06-22,7.3,7.3,6.75,7.0,1257021,EQ,,,
2009-06-23,6.85,7.45,6.8,7.4,3345504,EQ,,,
2009-06-24,7.5,7.9,7.4,7.7,3706878,EQ,,,
2009-06-25,7.75,8.1,7.35,7.55,5578819,EQ,,,
2009-06-26,7.7,7.8,7.5,7.75,2687225,EQ,,,
2009-06-29,7.8,7.9,7.6,7.7,1332296,EQ,,,
2009-06-30,7.75,8.0,7.65,7.7,2423747,EQ,,,
2009-07-01,7.75,8.35,7.6,8.15,3261356,EQ,,,
2009-07-02,8.2,8.95,8.1,8.65,5808381,EQ,,,
2009-07-03,8.55,9.1,8.5,8.8,4000105,EQ,,,
2009-07-06,8.9,9.3,7.75,8.05,5121883,EQ,,,
2009-07-07,7.8,8.8,7.8,8.7,4556145,EQ,,,
2009-07-08,8.75,8.75,8.2,8.25,2881063,EQ,,,
2009-07-09,8.3,8.45,8.0,8.25,1469666,EQ,,,
2009-07-10,8.35,8.45,7.95,8.1,997797,EQ,,,
2009-07-13,8.0,8.3,7.65,7.9,1039043,EQ,,,
2009-07-14,8.0,8.45,8.0,8.35,1191899,EQ,,,
2009-07-15,8.45,8.75,8.4,8.6,1653933,EQ,,,
2009-07-16,8.7,8.85,8.4,8.6,1284530,EQ,,,
2009-07-17,8.7,8.75,8.5,8.7,631172,EQ,,,
2009-07-20,8.7,9.1,8.55,9.0,1303955,EQ,,,
2009-07-21,9.0,9.5,8.8,9.1,2169804,EQ,,,
2009-07-22,7.5,9.4,7.5,9.05,1457612,EQ,,,
2009-07-23,9.15,9.25,9.05,9.1,741313,EQ,,,
2009-07-24,9.5,9.5,9.1,9.35,1142361,EQ,,,
2009-07-27,7.5,9.95,7.5,9.7,1448878,EQ,,,
2009-07-28,9.8,10.0,9.5,9.6,878134,EQ,,,
2009-07-29,9.6,9.75,9.0,9.4,1014689,EQ,,,
2009-07-30,9.3,9.4,8.9,9.1,797723,EQ,,,
2009-07-31,9.15,9.45,9.0,9.1,627209,EQ,,,
2009-08-03,9.15,9.25,8.9,9.2,663641,EQ,,,
2009-08-04,9.3,10.1,9.25,9.5,3826016,EQ,,,
2009-08-05,9.5,9.7,9.4,9.55,1172768,EQ,,,
2009-08-06,9.55,10.0,9.4,9.5,2032859,EQ,,,
2009-08-07,9.35,9.5,8.75,8.8,1201088,EQ,,,
2009-08-10,9.0,9.15,8.55,8.7,823272,EQ,,,
2009-08-11,8.7,9.15,8.6,8.9,1051853,EQ,,,
2009-08-12,8.85,9.05,8.6,8.95,650998,EQ,,,
2009-08-13,9.0,9.25,8.8,9.2,567408,EQ,,,
2009-08-14,9.25,9.6,9.15,9.4,1026894,EQ,,,
2009-08-17,8.5,9.25,8.5,8.75,775176,EQ,,,
2009-08-18,8.7,9.4,8.7,9.3,883220,EQ,,,
2009-08-19,9.4,9.6,9.25,9.3,889672,EQ,,,
2009-08-20,9.5,9.6,9.3,9.4,463052,EQ,,,
2009-08-21,9.45,9.45,9.1,9.35,658005,EQ,,,
2009-08-24,9.5,9.75,9.45,9.55,1223776,EQ,,,
2009-08-25,9.5,9.9,9.5,9.75,1180320,EQ,,,
2009-08-26,9.85,10.55,9.85,10.3,2467220,EQ,,,
2009-08-27,10.2,11.35,10.2,10.8,4088203,EQ,,,
2009-08-28,10.9,11.1,10.5,10.65,1482871,EQ,,,
2009-08-31,10.6,11.2,10.5,10.95,3954056,EQ,,,
2009-09-01,11.0,11.25,10.35,10.5,2324281,EQ,,,
2009-09-02,10.35,10.8,9.95,10.1,2596351,EQ,,,
2009-09-03,10.3,10.45,10.15,10.25,1112957,EQ,,,
2009-09-04,10.4,10.4,9.75,10.0,1540832,EQ,,,
2009-09-07,10.2,10.75,10.15,10.65,1521922,EQ,,,
2009-09-08,10.8,10.9,10.35,10.45,1421458,EQ,,,
2009-09-09,10.4,10.6,10.25,10.5,673722,EQ,,,
2009-09-10,10.7,10.8,10.25,10.35,1120976,EQ,,,
2009-09-11,10.45,10.5,10.15,10.2,536222,EQ,,,
2009-09-14,10.15,10.4,10.0,10.25,420558,EQ,,,
2009-09-15,10.35,10.7,10.3,10.4,995451,EQ,,,
2009-09-16,10.5,10.55,10.25,10.3,664883,EQ,,,
2009-09-17,10.4,10.55,10.15,10.45,1407720,EQ,,,
2009-09-18,10.45,10.9,10.45,10.8,2573120,EQ,,,
2009-09-22,10.85,10.9,10.55,10.8,1069084,EQ,,,
2009-09-23,10.8,11.05,10.4,10.5,1343329,EQ,,,
2009-09-24,10.4,10.75,10.25,10.65,737041,EQ,,,
2009-09-25,10.55,10.95,10.45,10.6,950651,EQ,,,
2009-09-29,10.7,10.8,10.55,10.65,499435,EQ,,,
2009-09-30,10.7,10.75,10.55,10.55,480807,EQ,,,
2009-10-01,10.55,10.7,10.4,10.45,642683,EQ,,,
2009-10-05,10.35,10.95,10.25,10.7,909984,EQ,,,
2009-10-06,10.8,11.5,10.55,11.35,4148049,EQ,,,
2009-10-07,11.55,12.25,11.55,11.9,4802368,EQ,,,
2009-10-08,12.05,12.3,11.75,11.95,1673008,EQ,,,
2009-10-09,12.05,12.1,11.85,12.05,1138524,EQ,,,
2009-10-12,12.0,12.6,11.95,12.5,2175879,EQ,,,
2009-10-14,12.7,12.9,12.2,12.5,1807582,EQ,,,
2009-10-15,12.65,13.1,12.6,12.8,3070563,EQ,,,
2009-10-16,12.9,12.95,12.3,12.45,1309770,EQ,,,
2009-10-17,12.55,13.0,12.55,12.9,745460,EQ,,,
2009-10-20,13.0,13.2,12.65,12.8,1280399,EQ,,,
2009-10-21,12.9,12.9,12.4,12.55,1139015,EQ,,,
2009-10-22,12.55,12.7,11.55,11.7,1289459,EQ,,,
2009-10-23,11.95,12.65,11.9,12.4,1301915,EQ,,,
2009-10-26,12.5,13.05,12.15,12.6,2367648,EQ,,,
2009-10-27,12.5,12.5,12.05,12.2,1038837,EQ,,,
2009-10-28,11.95,12.5,11.7,12.2,1105072,EQ,,,
2009-10-29,12.1,12.45,11.25,11.55,1547791,EQ,,,
2009-10-30,11.6,12.2,11.4,11.6,1212252,EQ,,,
2009-11-03,11.45,12.3,11.35,11.65,1579941,EQ,,,
2009-11-04,11.75,12.3,11.75,12.2,715727,EQ,,,
2009-11-05,12.25,12.35,12.0,12.15,615658,EQ,,,
2009-11-06,12.35,12.55,12.2,12.3,1155882,EQ,,,
2009-11-09,12.35,13.5,12.3,13.35,2449621,EQ,,,
2009-11-10,13.6,13.6,12.9,13.2,1475271,EQ,,,
2009-11-11,13.2,13.5,13.15,13.25,1199553,EQ,,,
2009-11-12,13.05,13.75,12.75,13.15,3006698,EQ,,,
2009-11-13,13.15,13.3,12.8,12.9,588170,EQ,,,
2009-11-16,13.05,13.75,13.05,13.7,1489818,EQ,,,
2009-11-17,13.75,13.8,13.35,13.6,1119409,EQ,,,
2009-11-18,13.7,14.0,13.5,13.7,1296929,EQ,,,
2009-11-19,13.7,13.8,13.0,13.1,696093,EQ,,,
2009-11-20,13.0,13.5,13.0,13.25,704930,EQ,,,
2009-11-23,13.3,13.45,13.2,13.35,315096,EQ,,,
2009-11-24,13.4,13.4,13.0,13.2,408276,EQ,,,
2009-11-25,13.3,13.4,12.45,12.55,1304829,EQ,,,
2009-11-26,12.55,12.95,12.45,12.55,966530,EQ,,,
2009-11-27,12.25,12.45,11.75,11.9,1031503,EQ,,,
2009-11-30,12.1,12.6,12.05,12.4,792968,EQ,,,
2009-12-01,12.7,13.05,12.45,12.9,1696590,EQ,,,
2009-12-02,13.0,13.1,12.65,12.8,857746,EQ,,,
2009-12-03,12.8,12.9,12.3,12.4,731256,EQ,,,
2009-12-04,12.25,12.6,12.25,12.5,409187,EQ,,,
2009-12-07,12.5,12.65,12.3,12.4,240030,EQ,,,
2009-12-08,12.4,12.45,12.15,12.35,342352,EQ,,,
2009-12-09,12.3,12.5,12.15,12.3,598445,EQ,,,
2009-12-10,12.4,12.5,12.0,12.1,788669,EQ,,,
2009-12-11,12.3,12.45,12.2,12.3,696096,EQ,,,
2009-12-14,12.3,12.35,12.05,12.25,300373,EQ,,,
2009-12-15,12.35,12.35,12.05,12.1,192064,EQ,,,
2009-12-16,12.0,12.15,11.75,11.95,509957,EQ,,,
2009-12-17,11.9,12.1,11.8,11.85,395361,EQ,,,
2009-12-18,11.85,11.9,11.7,11.75,512876,EQ,,,
2009-12-21,11.8,11.9,11.7,11.85,465398,EQ,,,
2009-12-22,11.9,12.05,11.75,11.8,514304,EQ,,,
2009-12-23,11.85,12.3,11.75,12.25,637755,EQ,,,
2009-12-24,12.3,12.4,11.95,12.1,571786,EQ,,,
2009-12-29,12.15,12.45,12.15,12.25,505301,EQ,,,
2009-12-30,12.3,12.4,12.1,12.2,258428,EQ,,,
2009-12-31,12.3,12.35,12.1,12.3,515050,EQ,,,
2010-01-04,12.3,12.4,11.7,11.9,1159169,EQ,,,
2010-01-05,12.0,12.2,11.8,11.95,825927,EQ,,,
2010-01-06,12.05,12.1,11.85,11.95,531620,EQ,,,
2010-01-07,12.0,12.3,11.9,12.1,1947779,EQ,,,
2010-01-08,11.8,13.2,11.8,13.1,4316388,EQ,,,
2010-01-11,13.25,13.9,13.1,13.3,2731969,EQ,,,
2010-01-12,13.4,13.6,13.05,13.2,1194755,EQ,,,
2010-01-13,12.55,13.25,12.55,13.15,665203,EQ,,,
2010-01-14,13.15,14.05,13.15,13.7,2672440,EQ,,,
2010-01-15,13.8,13.85,13.2,13.4,816727,EQ,,,
2010-01-18,13.4,13.9,13.25,13.85,1524714,EQ,,,
2010-01-19,13.9,13.9,13.2,13.3,609109,EQ,,,
2010-01-20,13.45,13.45,13.2,13.3,332956,EQ,,,
2010-01-21,13.3,13.35,12.65,12.75,503860,EQ,,,
2010-01-22,12.5,12.9,12.0,12.6,771458,EQ,,,
2010-01-25,12.4,12.7,12.25,12.4,280058,EQ,,,
2010-01-27,12.25,12.7,12.0,12.0,495544,EQ,,,
2010-01-28,12.25,12.75,11.75,12.2,833977,EQ,,,
2010-01-29,12.1,12.65,11.9,12.4,775297,EQ,,,
2010-02-01,12.3,13.2,12.25,13.05,752291,EQ,,,
2010-02-02,13.3,13.3,12.8,12.95,537262,EQ,,,
2010-02-03,13.15,13.2,12.8,13.0,392914,EQ,,,
2010-02-04,13.0,13.3,12.65,12.7,577989,EQ,,,
2010-02-05,12.5,12.5,11.8,12.0,626734,EQ,,,
2010-02-06,12.25,12.4,12.2,12.3,122976,EQ,,,
2010-02-08,12.25,12.65,11.95,12.2,605067,EQ,,,
2010-02-09,12.2,12.3,12.1,12.2,287717,EQ,,,
2010-02-10,12.25,12.95,12.25,12.75,903708,EQ,,,
2010-02-11,12.85,13.05,12.7,12.9,1200026,EQ,,,
2010-02-15,13.0,13.0,12.6,12.75,259711,EQ,,,
2010-02-16,12.75,12.85,12.5,12.7,186946,EQ,,,
2010-02-17,12.95,13.05,12.8,12.9,331151,EQ,,,
2010-02-18,12.95,13.3,12.9,12.9,549473,EQ,,,
2010-02-19,12.9,13.15,12.8,13.0,682622,EQ,,,
2010-02-22,13.1,13.25,12.75,12.8,310455,EQ,,,
2010-02-23,12.95,13.0,12.45,12.65,254405,EQ,,,
2010-02-24,12.65,12.7,12.5,12.6,243641,EQ,,,
2010-02-25,12.7,12.95,12.55,12.8,510561,EQ,,,
2010-02-26,12.9,13.25,12.5,12.6,1525626,EQ,,,
2010-03-02,12.75,13.0,12.75,12.95,430276,EQ,,,
2010-03-03,13.0,13.1,12.7,12.9,341959,EQ,,,
2010-03-04,12.9,13.0,12.7,12.8,372532,EQ,,,
2010-03-05,12.8,13.1,12.8,12.9,500434,EQ,,,
2010-03-08,13.0,13.2,12.9,13.05,792533,EQ,,,
2010-03-09,13.05,13.05,12.8,12.85,218339,EQ,,,
2010-03-10,13.0,13.05,12.7,12.9,347310,EQ,,,
2010-03-11,13.0,13.1,12.8,12.9,362801,EQ,,,
2010-03-12,12.95,13.0,12.65,12.7,205537,EQ,,,
2010-03-15,12.75,12.75,12.5,12.55,127104,EQ,,,
2010-03-16,12.65,12.75,12.5,12.65,121315,EQ,,,
2010-03-17,12.8,13.0,12.7,12.95,431288,EQ,,,
2010-03-18,13.0,13.5,12.9,13.4,1485549,EQ,,,
2010-03-19,13.45,13.6,13.25,13.3,630531,EQ,,,
2010-03-22,13.15,13.3,12.9,13.15,562547,EQ,,,
2010-03-23,13.3,13.75,13.3,13.3,623111,EQ,,,
2010-03-25,13.35,13.35,13.0,13.2,199276,EQ,,,
2010-03-26,13.3,13.5,12.9,13.25,323493,EQ,,,
2010-03-29,13.35,13.7,13.2,13.3,821032,EQ,,,
2010-03-30,13.4,13.4,13.0,13.1,369812,EQ,,,
2010-03-31,13.2,13.2,12.7,12.8,348212,EQ,,,
2010-04-01,12.9,13.1,12.9,13.0,354778,EQ,,,
2010-04-05,13.05,13.55,13.05,13.4,1118824,EQ,,,
2010-04-06,13.5,14.05,13.35,13.9,2078292,EQ,,,
2010-04-07,14.1,14.9,14.05,14.5,2710073,EQ,,,
2010-04-08,14.6,14.6,13.8,13.95,575607,EQ,,,
2010-04-09,14.1,14.25,13.9,14.1,395226,EQ,,,
2010-04-12,14.25,14.25,13.9,14.1,252748,EQ,,,
2010-04-13,14.2,14.2,13.7,13.8,404330,EQ,,,
2010-04-15,13.9,14.3,13.5,13.5,640111,EQ,,,
2010-04-16,13.7,13.7,13.35,13.45,340682,EQ,,,
2010-04-19,13.4,13.65,12.7,13.4,239787,EQ,,,
2010-04-20,13.5,14.2,13.35,13.8,771303,EQ,,,
2010-04-21,13.95,14.5,13.95,14.35,1278588,EQ,,,
2010-04-22,14.35,14.4,13.6,13.75,715089,EQ,,,
2010-04-23,13.8,14.2,13.6,14.1,477770,EQ,,,
2010-04-26,14.15,14.3,14.0,14.1,385947,EQ,,,
2010-04-27,14.25,14.75,14.05,14.5,983384,EQ,,,
2010-04-28,14.25,14.4,13.9,14.0,273714,EQ,,,
2010-04-29,14.1,14.4,14.1,14.3,295406,EQ,,,
2010-04-30,14.4,14.85,14.3,14.5,1640424,EQ,,,
2010-05-03,14.2,14.65,14.2,14.5,411872,EQ,,,
2010-05-04,14.5,15.0,13.7,13.9,1655685,EQ,,,
2010-05-05,13.75,14.2,13.3,14.05,766243,EQ,,,
2010-05-06,14.25,14.25,13.6,13.7,738574,EQ,,,
2010-05-07,13.4,13.6,13.25,13.3,553092,EQ,,,
2010-05-10,13.5,14.0,13.5,13.85,455131,EQ,,,
2010-05-11,13.9,14.05,13.6,13.65,191758,EQ,,,
2010-05-12,13.55,13.8,13.3,13.6,325949,EQ,,,
2010-05-13,13.75,14.0,13.7,13.8,226190,EQ,,,
2010-05-14,13.75,13.85,13.4,13.5,163384,EQ,,,
2010-05-17,13.3,13.55,13.2,13.4,367802,EQ,,,
2010-05-18,13.4,13.7,13.4,13.55,251379,EQ,,,
2010-05-19,13.4,13.5,12.8,13.0,293902,EQ,,,
2010-05-20,13.1,13.3,12.9,13.0,205554,EQ,,,
2010-05-21,12.9,13.4,12.6,13.2,299530,EQ,,,
2010-05-24,13.75,13.75,12.95,13.05,168949,EQ,,,
2010-05-25,12.9,13.1,12.1,12.4,446176,EQ,,,
2010-05-26,12.75,12.75,12.3,12.45,324660,EQ,,,
2010-05-27,12.45,13.0,12.3,12.9,472892,EQ,,,
2010-05-28,13.0,13.15,12.9,13.0,209050,EQ,,,
2010-05-31,13.0,13.5,12.9,13.15,885427,EQ,,,
2010-06-01,13.15,13.25,12.75,12.8,295949,EQ,,,
2010-06-02,12.85,13.2,12.8,12.9,371211,EQ,,,
2010-06-03,13.1,13.15,12.85,12.95,280866,EQ,,,
2010-06-04,12.95,13.05,12.8,13.0,289110,EQ,,,
2010-06-07,12.7,13.2,12.35,12.55,882449,EQ,,,
2010-06-08,12.6,12.8,12.3,12.3,660919,EQ,,,
2010-06-09,12.35,12.8,12.3,12.75,879158,EQ,,,
2010-06-10,12.9,13.25,12.8,13.15,635593,EQ,,,
2010-06-11,13.3,14.0,13.25,13.9,1701491,EQ,,,
2010-06-14,14.15,14.45,14.0,14.4,1122865,EQ,,,
2010-06-15,14.45,14.5,13.75,13.95,609223,EQ,,,
2010-06-16,14.05,14.1,13.7,14.0,363795,EQ,,,
2010-06-17,14.0,14.2,13.7,14.0,522263,EQ,,,
2010-06-18,14.05,14.1,13.7,14.0,400317,EQ,,,
2010-06-21,14.2,14.2,13.75,13.8,479050,EQ,,,
2010-06-22,13.8,14.0,13.6,13.7,307009,EQ,,,
2010-06-23,13.65,13.9,13.5,13.6,663960,EQ,,,
2010-06-24,13.6,13.8,13.4,13.55,416242,EQ,,,
2010-06-25,13.25,13.6,13.2,13.35,326719,EQ,,,
2010-06-28,13.45,13.8,13.4,13.7,323720,EQ,,,
2010-06-29,13.75,13.75,13.2,13.5,427609,EQ,,,
2010-06-30,13.4,13.5,13.2,13.4,619201,EQ,,,
2010-07-01,13.35,13.45,13.1,13.15,344005,EQ,,,
2010-07-02,12.9,13.4,12.9,13.15,496817,EQ,,,
2010-07-05,13.2,13.4,13.15,13.2,219453,EQ,,,
2010-07-06,13.05,13.3,13.05,13.1,458774,EQ,,,
2010-07-07,13.1,13.2,12.8,12.9,311628,EQ,,,
2010-07-08,13.0,13.15,13.0,13.1,256504,EQ,,,
2010-07-09,13.2,13.6,13.15,13.25,1390879,EQ,,,
2010-07-12,13.35,13.4,13.1,13.15,422077,EQ,,,
2010-07-13,13.2,13.4,13.05,13.1,872156,EQ,,,
2010-07-14,13.2,13.65,13.2,13.55,3177501,EQ,,,
2010-07-15,13.55,14.0,13.5,13.7,3484225,EQ,,,
2010-07-16,13.9,14.05,13.8,13.85,1427054,EQ,,,
2010-07-19,13.65,14.0,13.55,13.7,1537118,EQ,,,
2010-07-20,13.8,14.0,13.5,13.55,1344881,EQ,,,
2010-07-21,13.65,13.7,13.35,13.45,698545,EQ,,,
2010-07-22,13.4,13.45,13.2,13.3,769445,EQ,,,
2010-07-23,13.35,13.4,12.9,13.0,643097,EQ,,,
2010-07-26,13.25,13.3,12.8,12.9,602845,EQ,,,
2010-07-27,13.0,13.2,12.6,12.8,2313794,EQ,,,
2010-07-28,12.8,13.25,12.8,13.2,1539340,EQ,,,
2010-07-29,13.2,13.75,13.1,13.6,4926049,EQ,,,
2010-07-30,13.65,14.9,13.6,14.6,7999777,EQ,,,
2010-08-02,14.7,14.7,14.3,14.4,3455458,EQ,,,
2010-08-03,14.45,14.5,14.15,14.3,1506433,EQ,,,
2010-08-04,14.25,14.4,14.15,14.3,499409,EQ,,,
2010-08-05,14.5,14.8,14.25,14.35,1438807,EQ,,,
2010-08-06,14.35,14.5,14.2,14.25,413842,EQ,,,
2010-08-09,14.25,14.4,14.1,14.2,608199,EQ,,,
2010-08-10,14.2,14.8,14.2,14.55,2979186,EQ,,,
2010-08-11,14.65,14.7,14.2,14.3,595607,EQ,,,
2010-08-12,14.0,14.45,13.95,14.4,953892,EQ,,,
2010-08-13,14.4,14.7,14.25,14.55,1311234,EQ,,,
2010-08-16,14.65,14.65,14.25,14.4,565637,EQ,,,
2010-08-17,14.45,14.5,14.25,14.3,473981,EQ,,,
2010-08-18,14.4,14.8,14.2,14.65,2945172,EQ,,,
2010-08-19,14.6,15.0,14.55,14.8,4102057,EQ,,,
2010-08-20,14.85,15.3,14.65,15.15,3901412,EQ,,,
2010-08-23,15.3,15.75,15.2,15.4,2980446,EQ,,,
2010-08-24,15.45,15.55,15.0,15.4,2141628,EQ,,,
2010-08-25,15.35,15.4,14.3,14.75,3152716,EQ,,,
2010-08-26,14.85,14.95,14.45,14.5,754941,EQ,,,
2010-08-27,14.55,14.9,14.05,14.2,881620,EQ,,,
2010-08-30,14.3,14.4,14.0,14.0,548292,EQ,,,
2010-08-31,14.0,14.05,13.5,13.9,1114053,EQ,,,
2010-09-01,14.0,14.5,13.9,14.4,602518,EQ,,,
2010-09-02,14.5,14.55,14.0,14.15,681961,EQ,,,
2010-09-03,14.25,14.4,14.05,14.1,329443,EQ,,,
2010-09-06,14.2,14.4,14.0,14.05,720044,EQ,,,
2010-09-07,14.1,14.35,14.0,14.05,680806,EQ,,,
2010-09-08,14.0,14.5,13.95,14.3,1738876,EQ,,,
2010-09-09,14.1,14.8,14.1,14.55,1668619,EQ,,,
2010-09-13,14.65,14.75,14.3,14.35,1319292,EQ,,,
2010-09-14,14.35,14.4,14.1,14.2,462440,EQ,,,
2010-09-15,14.2,14.25,14.0,14.05,386897,EQ,,,
2010-09-16,14.0,14.15,13.6,13.7,625658,EQ,,,
2010-09-17,13.8,14.1,13.45,14.0,1378041,EQ,,,
2010-09-20,14.05,14.15,13.7,13.9,2428348,EQ,,,
2010-09-21,14.0,14.1,13.75,13.8,1881468,EQ,,,
2010-09-22,14.05,14.35,13.9,14.2,1399583,EQ,,,
2010-09-23,14.3,14.4,14.05,14.2,736048,EQ,,,
2010-09-24,14.2,14.25,14.0,14.05,448300,EQ,,,
2010-09-27,14.2,14.25,13.6,13.7,789216,EQ,,,
2010-09-28,13.8,13.9,13.4,13.5,681160,EQ,,,
2010-09-29,13.55,13.6,13.3,13.3,452969,EQ,,,
2010-09-30,13.35,13.4,12.9,13.0,1258538,EQ,,,
2010-10-01,13.1,13.45,12.9,13.3,1046643,EQ,,,
2010-10-04,13.4,13.4,12.95,13.0,640314,EQ,,,
2010-10-05,13.05,13.2,12.9,13.0,734534,EQ,,,
2010-10-06,13.1,13.2,12.8,12.9,1865366,EQ,,,
2010-10-07,12.9,13.75,12.9,13.45,3160697,EQ,,,
2010-10-08,13.5,13.7,13.1,13.2,1143287,EQ,,,
2010-10-11,13.2,13.45,13.1,13.15,728463,EQ,,,
2010-10-12,13.2,13.2,12.9,13.05,632064,EQ,,,
2010-10-13,13.1,13.3,13.0,13.25,1290485,EQ,,,
2010-10-14,13.3,13.3,12.8,12.9,2253663,EQ,,,
2010-10-15,12.9,13.05,12.8,12.85,371201,EQ,,,
2010-10-18,12.8,12.9,12.5,12.55,519206,EQ,,,
2010-10-19,12.65,12.7,12.25,12.3,754443,EQ,,,
2010-10-20,12.4,12.6,12.15,12.2,860840,EQ,,,
2010-10-21,12.3,12.45,12.25,12.4,467089,EQ,,,
2010-10-22,12.45,12.55,12.2,12.3,1156610,EQ,,,
2010-10-25,12.35,13.2,12.3,13.05,1911738,EQ,,,
2010-10-26,13.1,13.3,12.5,12.6,1387942,EQ,,,
2010-10-27,12.65,13.2,12.5,13.1,1279076,EQ,,,
2010-10-28,13.25,13.45,13.0,13.3,1608266,EQ,,,
2010-10-29,13.4,13.55,12.7,13.0,1790787,EQ,,,
2010-11-01,13.05,13.25,12.9,12.95,562134,EQ,,,
2010-11-02,13.2,13.4,12.8,13.0,408824,EQ,,,
2010-11-03,13.1,13.3,12.95,13.2,1570647,EQ,,,
2010-11-04,13.3,13.3,13.05,13.15,634384,EQ,,,
2010-11-05,13.2,13.3,13.15,13.25,131498,EQ,,,
2010-11-08,13.3,13.3,13.0,13.05,346736,EQ,,,
2010-11-09,13.15,13.2,12.9,13.0,428907,EQ,,,
2010-11-10,13.0,13.35,12.9,13.05,935751,EQ,,,
2010-11-11,13.0,13.2,12.9,12.9,902791,EQ,,,
2010-11-12,12.9,12.9,12.3,12.4,706113,EQ,,,
2010-11-15,12.4,12.45,12.1,12.4,558306,EQ,,,
2010-11-16,12.5,12.5,11.6,11.75,1330525,EQ,,,
2010-11-18,11.9,12.1,11.7,12.05,718689,EQ,,,
2010-11-19,12.2,12.55,11.9,12.1,889243,EQ,,,
2010-11-22,12.2,12.6,12.15,12.3,584365,EQ,,,
2010-11-23,12.35,12.4,11.8,11.9,402691,EQ,,,
2010-11-24,11.95,12.1,10.9,11.15,1015891,EQ,,,
2010-11-25,11.5,11.5,9.9,10.2,3186214,EQ,,,
2010-11-26,10.2,10.95,9.7,10.7,3878113,EQ,,,
2010-11-29,10.85,11.9,10.75,11.7,2222948,EQ,,,
2010-11-30,11.7,12.1,11.4,12.05,1325955,EQ,,,
2010-12-01,12.05,12.35,11.85,12.2,872913,EQ,,,
2010-12-02,12.25,12.35,11.7,11.8,730953,EQ,,,
2010-12-03,11.8,12.0,11.3,11.4,825972,EQ,,,
2010-12-06,11.5,11.7,11.0,11.2,990443,EQ,,,
2010-12-07,11.3,11.3,10.2,10.5,2561246,EQ,,,
2010-12-08,10.45,11.05,9.3,9.5,8094292,EQ,,,
2010-12-09,9.6,10.2,9.3,9.6,5108350,EQ,,,
2010-12-10,9.55,10.4,9.4,10.2,2995793,EQ,,,
2010-12-13,10.25,11.0,10.25,10.95,2289809,EQ,,,
2010-12-14,11.0,11.3,10.95,11.2,1266541,EQ,,,
2010-12-15,11.25,11.4,10.85,11.1,761720,EQ,,,
2010-12-16,11.2,11.25,10.9,11.1,391374,EQ,,,
2010-12-20,11.0,11.3,10.85,11.1,291415,EQ,,,
2010-12-21,11.2,11.35,11.05,11.25,300367,EQ,,,
2010-12-22,11.3,11.45,11.0,11.05,405237,EQ,,,
2010-12-23,11.15,11.15,10.5,10.8,683719,EQ,,,
2010-12-24,10.75,11.05,10.7,10.95,452092,EQ,,,
2010-12-27,11.0,11.1,10.75,10.8,219066,EQ,,,
2010-12-28,10.9,10.9,10.8,10.8,138129,EQ,,,
2010-12-29,10.75,11.05,10.75,11.0,249776,EQ,,,
2010-12-30,11.15,11.3,11.0,11.2,553703,EQ,,,
2010-12-31,11.3,11.7,11.15,11.25,1095566,EQ,,,
2011-01-03,11.3,11.6,11.3,11.55,561251,EQ,,,
2011-01-04,11.7,11.7,11.4,11.5,566170,EQ,,,
2011-01-05,11.55,11.55,11.2,11.35,263744,EQ,,,
2011-01-06,11.45,11.55,11.3,11.5,418837,EQ,,,
2011-01-07,11.55,11.55,11.05,11.1,237700,EQ,,,
2011-01-10,11.05,11.05,10.4,10.45,427226,EQ,,,
2011-01-11,10.45,10.75,10.25,10.45,367942,EQ,,,
2011-01-12,10.7,10.95,10.5,10.9,374776,EQ,,,
2011-01-13,10.9,11.05,10.7,10.8,270768,EQ,,,
2011-01-14,10.9,11.05,10.55,10.6,328784,EQ,,,
2011-01-17,10.55,10.65,10.4,10.45,211253,EQ,,,
2011-01-18,10.45,10.5,10.0,10.1,549559,EQ,,,
2011-01-19,10.15,10.35,9.9,10.25,872613,EQ,,,
2011-01-20,10.05,10.3,10.0,10.15,292285,EQ,,,
2011-01-21,10.2,10.7,10.1,10.55,645702,EQ,,,
2011-01-24,10.7,10.8,10.55,10.7,248038,EQ,,,
2011-01-25,10.75,11.3,10.6,11.05,820649,EQ,,,
2011-01-27,11.1,11.3,10.5,10.7,1115338,EQ,,,
2011-01-28,10.65,10.8,9.9,10.05,1008073,EQ,,,
2011-01-31,9.85,10.3,9.75,10.05,793630,EQ,,,
2011-02-01,10.1,10.2,9.4,9.5,1021104,EQ,,,
2011-02-02,9.6,9.8,8.9,9.3,2891498,EQ,,,
2011-02-03,9.3,9.6,9.15,9.55,1547614,EQ,,,
2011-02-04,9.35,9.85,9.3,9.4,1105457,EQ,,,
2011-02-07,9.45,9.8,9.15,9.3,1138134,EQ,,,
2011-02-08,9.3,9.5,7.8,8.05,2957062,EQ,,,
2011-02-09,8.0,8.4,7.55,7.9,4627149,EQ,,,
2011-02-10,8.2,8.35,7.4,8.25,2642683,EQ,,,
2011-02-11,8.3,8.7,8.1,8.55,1328924,EQ,,,
2011-02-14,8.6,8.95,8.6,8.9,970111,EQ,,,
2011-02-15,8.95,9.05,8.6,8.7,1278115,EQ,,,
2011-02-16,8.75,9.15,8.5,9.05,1594720,EQ,,,
2011-02-17,9.15,9.4,8.9,9.2,1973110,EQ,,,
2011-02-18,9.3,10.3,8.6,9.1,8740431,EQ,,,
2011-02-21,9.05,9.6,9.05,9.4,2720770,EQ,,,
2011-02-22,9.35,9.4,8.8,9.35,1306765,EQ,,,
2011-02-23,9.4,9.7,9.2,9.25,1908459,EQ,,,
2011-02-24,9.25,9.4,8.8,9.1,1765599,EQ,,,
2011-02-25,9.25,9.35,8.9,9.0,810586,EQ,,,
2011-02-28,9.2,9.6,9.05,9.2,1813137,EQ,,,
2011-03-01,9.3,9.8,9.25,9.7,1299970,EQ,,,
2011-03-03,9.7,9.7,9.1,9.6,855637,EQ,,,
2011-03-04,9.75,9.8,9.25,9.45,650489,EQ,,,
2011-03-07,9.1,9.4,9.1,9.3,381998,EQ,,,
2011-03-08,9.3,9.4,9.2,9.3,266107,EQ,,,
2011-03-09,9.4,9.55,9.4,9.45,541050,EQ,,,
2011-03-10,9.4,9.5,9.25,9.3,401416,EQ,,,
2011-03-11,9.0,9.3,9.0,9.1,402845,EQ,,,
2011-03-14,9.1,9.35,8.95,9.25,439453,EQ,,,
2011-03-15,9.05,9.2,8.95,9.1,298557,EQ,,,
2011-03-16,9.1,9.45,9.1,9.25,598666,EQ,,,
2011-03-17,9.2,9.3,9.1,9.1,310231,EQ,,,
2011-03-18,9.2,9.3,9.0,9.0,531932,EQ,,,
2011-03-21,8.9,9.4,8.9,9.2,1000362,EQ,,,
2011-03-22,9.3,9.5,9.2,9.4,759289,EQ,,,
2011-03-23,9.45,9.45,9.3,9.35,417488,EQ,,,
2011-03-24,9.4,9.5,9.35,9.4,308320,EQ,,,
2011-03-25,9.45,9.7,9.45,9.7,713294,EQ,,,
2011-03-28,9.65,10.1,9.55,10.0,1322161,EQ,,,
2011-03-29,10.0,10.25,9.95,10.0,1166591,EQ,,,
2011-03-30,10.05,10.9,10.05,10.6,2780583,EQ,,,
2011-03-31,10.7,10.85,10.5,10.6,1209591,EQ,,,
2011-04-01,10.6,10.95,10.6,10.75,781554,EQ,,,
2011-04-04,10.8,10.95,10.7,10.8,648465,EQ,,,
2011-04-05,10.95,11.2,10.8,11.0,1049696,EQ,,,
2011-04-06,11.05,11.2,10.85,11.0,649823,EQ,,,
2011-04-07,11.0,11.45,11.0,11.4,836103,EQ,,,
2011-04-08,11.5,11.5,10.7,10.9,966823,EQ,,,
2011-04-11,10.9,10.9,10.4,10.45,986286,EQ,,,
2011-04-13,10.45,10.7,10.2,10.6,1609979,EQ,,,
2011-04-15,10.5,10.9,10.45,10.7,1146384,EQ,,,
2011-04-18,10.9,11.1,10.4,10.5,2499007,EQ,,,
2011-04-19,10.5,10.6,10.3,10.4,938461,EQ,,,
2011-04-20,10.5,10.7,9.95,10.0,2986633,EQ,,,
2011-04-21,10.15,10.2,9.75,9.8,1434096,EQ,,,
2011-04-25,9.8,10.05,9.65,10.0,1561768,EQ,,,
2011-04-26,10.05,10.1,9.8,10.0,1211093,EQ,,,
2011-04-27,10.0,10.05,9.75,9.8,387102,EQ,,,
2011-04-28,9.9,9.9,9.1,9.2,3002631,EQ,,,
2011-04-29,9.3,9.4,8.55,8.8,3767155,EQ,,,
2011-05-02,8.9,8.95,8.7,8.8,1003160,EQ,,,
2011-05-03,8.8,8.85,8.0,8.05,2337390,EQ,,,
2011-05-04,7.95,8.4,7.9,8.3,2868842,EQ,,,
2011-05-05,8.4,8.6,8.2,8.25,1881031,EQ,,,
2011-05-06,8.4,8.45,7.95,8.1,1916633,EQ,,,
2011-05-09,8.2,8.25,8.05,8.1,1023006,EQ,,,
2011-05-10,8.1,8.15,7.75,7.9,1776227,EQ,,,
2011-05-11,7.9,8.1,7.8,8.05,1086089,EQ,,,
2011-05-12,8.0,8.2,8.0,8.1,1640616,EQ,,,
2011-05-13,8.15,8.35,8.0,8.3,1560178,EQ,,,
2011-05-16,8.35,8.5,8.1,8.45,2082826,EQ,,,
2011-05-17,8.45,8.55,8.05,8.1,1038138,EQ,,,
2011-05-18,8.2,8.2,7.85,8.05,1088145,EQ,,,
2011-05-19,8.1,8.1,7.9,7.95,601428,EQ,,,
2011-05-20,8.05,8.2,7.55,7.8,2886650,EQ,,,
2011-05-23,7.8,7.9,7.65,7.8,1783654,EQ,,,
2011-05-24,7.8,7.8,7.6,7.7,1185346,EQ,,,
2011-05-25,7.6,7.7,7.5,7.6,2078663,EQ,,,
2011-05-26,7.6,7.6,7.25,7.4,1257116,EQ,,,
2011-05-27,7.4,7.65,7.3,7.6,1516343,EQ,,,
2011-05-30,7.8,7.8,7.65,7.75,1020367,EQ,,,
2011-05-31,7.7,8.05,7.7,8.0,2110061,EQ,,,
2011-06-01,8.2,8.25,7.95,8.0,792654,EQ,,,
2011-06-02,7.9,8.0,7.75,7.8,661643,EQ,,,
2011-06-03,7.8,8.0,7.75,7.8,647186,EQ,,,
2011-06-06,7.75,7.8,7.6,7.8,441696,EQ,,,
2011-06-07,7.75,8.1,7.7,8.05,1272305,EQ,,,
2011-06-08,8.1,8.3,8.05,8.2,2379009,EQ,,,
2011-06-09,8.3,8.55,8.25,8.5,2607825,EQ,,,
2011-06-10,8.6,8.6,8.3,8.4,1654755,EQ,,,
2011-06-13,8.4,8.85,8.25,8.8,1840418,EQ,,,
2011-06-14,8.85,8.95,8.65,8.7,1936095,EQ,,,
2011-06-15,8.7,8.75,8.3,8.3,872296,EQ,,,
2011-06-16,8.2,8.4,8.05,8.3,1140280,EQ,,,
2011-06-17,8.35,8.4,8.1,8.15,572446,EQ,,,
2011-06-20,8.2,8.25,7.65,8.05,1304645,EQ,,,
2011-06-21,8.1,8.2,7.9,8.0,710765,EQ,,,
2011-06-22,8.0,8.05,7.8,7.8,480246,EQ,,,
2011-06-23,7.85,8.1,7.7,8.05,988768,EQ,,,
2011-06-24,8.05,8.3,8.05,8.3,915545,EQ,,,
2011-06-27,8.2,8.4,8.1,8.35,497021,EQ,,,
2011-06-28,8.35,8.6,8.35,8.45,550519,EQ,,,
2011-06-29,8.5,8.8,8.45,8.75,1186200,EQ,,,
2011-06-30,8.8,8.8,8.45,8.6,1611731,EQ,,,
2011-07-01,8.8,8.9,8.65,8.7,1099777,EQ,,,
2011-07-04,8.8,9.05,8.7,8.95,1220004,EQ,,,
2011-07-05,9.0,9.05,8.7,8.8,1039699,EQ,,,
2011-07-06,8.75,8.8,8.4,8.45,1004612,EQ,,,
2011-07-07,8.4,8.7,8.4,8.65,760789,EQ,,,
2011-07-08,8.7,8.9,8.65,8.8,1156509,EQ,,,
2011-07-11,8.75,8.85,8.55,8.7,728503,EQ,,,
2011-07-12,8.65,8.65,8.4,8.5,584758,EQ,,,
2011-07-13,8.65,8.95,8.6,8.9,1271566,EQ,,,
2011-07-14,8.95,9.6,8.9,9.4,4654439,EQ,,,
2011-07-15,9.5,9.55,9.3,9.35,2001597,EQ,,,
2011-07-18,9.4,9.55,9.4,9.45,798610,EQ,,,
2011-07-19,9.45,9.5,9.2,9.3,1077171,EQ,,,
2011-07-20,9.3,9.7,9.05,9.35,5153006,EQ,,,
2011-07-21,9.4,9.7,8.95,9.2,7305417,EQ,,,
2011-07-22,9.15,9.55,9.15,9.5,1743152,EQ,,,
2011-07-25,9.4,9.6,9.35,9.4,1822044,EQ,,,
2011-07-26,9.45,9.5,9.1,9.15,801765,EQ,,,
2011-07-27,9.15,9.3,8.4,8.4,4460246,EQ,,,
2011-07-28,8.2,8.55,8.2,8.5,1855000,EQ,,,
2011-07-29,8.45,8.8,8.45,8.7,1465891,EQ,,,
2011-08-01,8.8,8.9,8.2,8.3,1345481,EQ,,,
2011-08-02,8.25,8.3,7.9,7.9,982157,EQ,,,
2011-08-03,7.75,8.15,7.5,8.05,874411,EQ,,,
2011-08-04,8.1,8.3,7.9,8.0,808912,EQ,,,
2011-08-05,7.85,8.25,7.55,8.2,1378979,EQ,,,
2011-08-08,8.0,8.3,7.8,8.15,1215936,EQ,,,
2011-08-09,7.85,8.1,7.8,7.95,994844,EQ,,,
2011-08-10,8.1,8.45,8.1,8.45,1169216,EQ,,,
2011-08-11,8.4,8.4,8.15,8.2,898255,EQ,,,
2011-08-12,8.3,8.35,8.2,8.3,679793,EQ,,,
2011-08-16,8.4,8.4,7.7,7.8,845796,EQ,,,
2011-08-17,7.8,7.8,7.3,7.4,1798304,EQ,,,
2011-08-18,7.55,7.55,6.75,6.8,1923211,EQ,,,
2011-08-19,6.65,7.45,6.6,7.4,3146270,EQ,,,
2011-08-22,7.4,7.7,7.2,7.55,914257,EQ,,,
2011-08-23,7.6,7.9,7.4,7.85,1389434,EQ,,,
2011-08-24,7.9,8.1,7.5,7.6,1180503,EQ,,,
2011-08-25,7.65,7.8,7.25,7.35,1276190,EQ,,,
2011-08-26,7.3,7.4,6.95,7.0,1187402,EQ,,,
2011-08-29,7.2,7.45,7.15,7.3,1113931,EQ,,,
2011-08-30,7.4,7.6,7.3,7.35,769782,EQ,,,
2011-09-02,7.35,7.6,7.2,7.55,989434,EQ,,,
2011-09-05,7.5,8.05,7.4,7.95,1256421,EQ,,,
2011-09-06,8.0,8.2,7.75,8.05,1483753,EQ,,,
2011-09-07,8.15,8.6,8.1,8.5,1431753,EQ,,,
2011-09-08,8.6,8.7,8.4,8.5,1111068,EQ,,,
2011-09-09,8.55,8.7,8.2,8.3,1464307,EQ,,,
2011-09-12,8.15,8.2,7.7,7.8,1212139,EQ,,,
2011-09-13,7.85,8.3,7.85,8.1,2066297,EQ,,,
2011-09-14,8.15,8.45,7.95,8.35,1693455,EQ,,,
2011-09-15,8.45,8.45,8.3,8.35,938069,EQ,,,
2011-09-16,8.4,8.75,8.3,8.7,1796624,EQ,,,
2011-09-19,8.7,8.8,8.55,8.6,792446,EQ,,,
2011-09-20,8.7,8.7,8.45,8.65,984829,EQ,,,
2011-09-21,8.7,8.8,8.6,8.7,1364283,EQ,,,
2011-09-22,8.7,8.7,8.1,8.15,878260,EQ,,,
2011-09-23,8.0,8.3,7.8,8.25,1430745,EQ,,,
2011-09-26,8.25,8.45,8.05,8.4,2026362,EQ,,,
2011-09-27,8.5,8.7,8.4,8.45,926163,EQ,,,
2011-09-28,8.55,8.55,8.05,8.15,1206430,EQ,,,
2011-09-29,8.0,8.3,8.0,8.2,1352218,EQ,,,
2011-09-30,8.25,8.45,8.1,8.15,1045967,EQ,,,
2011-10-03,8.05,8.3,7.85,8.1,1757806,EQ,,,
2011-10-04,8.05,8.3,7.9,8.0,1270920,EQ,,,
2011-10-05,8.1,8.25,8.05,8.1,1168490,EQ,,,
2011-10-07,8.2,8.3,8.1,8.2,807978,EQ,,,
2011-10-10,8.3,8.4,8.2,8.25,985951,EQ,,,
2011-10-11,8.35,8.5,8.2,8.25,10815108,EQ,,,
2011-10-12,8.4,8.5,8.25,8.45,798774,EQ,,,
2011-10-13,8.8,8.8,8.3,8.3,860814,EQ,,,
2011-10-14,8.1,8.5,8.0,8.5,824327,EQ,,,
2011-10-17,8.5,8.7,8.25,8.65,12156042,EQ,,,
2011-10-18,8.6,8.6,8.2,8.3,1518293,EQ,,,
2011-10-19,8.3,8.5,8.3,8.45,822661,EQ,,,
2011-10-20,8.4,8.4,8.05,8.1,1543753,EQ,,,
2011-10-21,8.2,8.2,7.9,7.95,1557884,EQ,,,
2011-10-24,8.05,8.2,7.8,7.9,863681,EQ,,,
2011-10-25,7.9,8.25,7.75,8.1,2335978,EQ,,,
2011-10-26,8.15,8.2,8.05,8.1,292809,EQ,,,
2011-10-28,8.2,8.6,8.2,8.45,2969881,EQ,,,
2011-10-31,8.45,8.45,8.2,8.2,861967,EQ,,,
2011-11-01,8.2,8.3,8.05,8.15,707809,EQ,,,
2011-11-02,8.1,8.4,8.1,8.3,687681,EQ,,,
2011-11-03,8.4,8.45,8.25,8.3,528608,EQ,,,
2011-11-04,8.4,8.55,8.35,8.45,947455,EQ,,,
2011-11-08,8.55,8.6,8.4,8.5,510891,EQ,,,
2011-11-09,8.55,8.55,8.3,8.35,633171,EQ,,,
2011-11-11,8.35,8.55,8.1,8.2,836481,EQ,,,
2011-11-14,8.3,8.4,8.0,8.05,494357,EQ,,,
2011-11-15,8.05,8.15,7.3,7.45,1473728,EQ,,,
2011-11-16,7.45,7.6,7.3,7.35,973975,EQ,,,
2011-11-17,7.4,7.7,7.2,7.3,1282146,EQ,,,
2011-11-18,7.3,7.35,6.9,6.9,1667083,EQ,,,
2011-11-21,6.9,7.05,6.75,6.9,1593353,EQ,,,
2011-11-22,6.95,7.3,6.9,7.1,1057972,EQ,,,
2011-11-23,6.75,7.2,6.75,7.0,1285454,EQ,,,
2011-11-24,7.0,7.25,7.0,7.15,1129702,EQ,,,
2011-11-25,7.1,7.35,7.05,7.2,840515,EQ,,,
2011-11-28,7.4,7.5,7.3,7.4,644952,EQ,,,
2011-11-29,7.4,7.45,7.2,7.3,489002,EQ,,,
2011-11-30,7.15,7.4,7.15,7.4,657005,EQ,,,
2011-12-01,7.6,7.6,7.25,7.35,1072972,EQ,,,
2011-12-02,7.4,7.65,7.3,7.6,891264,EQ,,,
2011-12-05,7.6,7.85,7.55,7.8,1030503,EQ,,,
2011-12-07,7.9,8.0,7.8,7.95,1143488,EQ,,,
2011-12-08,7.9,8.0,7.6,7.7,898911,EQ,,,
2011-12-09,7.45,7.6,7.25,7.4,528035,EQ,,,
2011-12-12,7.5,7.55,7.2,7.3,444708,EQ,,,
2011-12-13,7.25,7.5,7.25,7.45,404738,EQ,,,
2011-12-14,7.45,7.5,7.1,7.2,630400,EQ,,,
2011-12-15,7.2,7.4,6.75,7.3,500574,EQ,,,
2011-12-16,7.4,7.7,7.3,7.35,1161953,EQ,,,
2011-12-19,7.25,7.45,7.1,7.4,706114,EQ,,,
2011-12-20,7.4,7.45,7.1,7.2,773973,EQ,,,
2011-12-21,7.35,7.35,6.8,6.95,2467813,EQ,,,
2011-12-22,6.9,7.2,6.85,7.15,1213423,EQ,,,
2011-12-23,7.2,7.25,6.9,7.0,485249,EQ,,,
2011-12-26,7.1,7.2,6.9,7.1,344469,EQ,,,
2011-12-27,7.0,7.2,6.9,7.0,390079,EQ,,,
2011-12-28,7.0,7.05,6.7,6.8,697583,EQ,,,
2011-12-29,6.8,6.95,6.6,6.7,595062,EQ,,,
2011-12-30,6.65,6.75,6.35,6.5,743783,EQ,,,
2012-01-02,6.4,6.5,6.15,6.3,832008,EQ,,,
2012-01-03,6.25,6.6,6.1,6.45,3183981,EQ,,,
2012-01-04,6.55,6.75,6.5,6.55,902146,EQ,,,
2012-01-05,6.6,6.6,6.3,6.35,1415466,EQ,,,
2012-01-06,6.3,6.35,6.15,6.2,1506314,EQ,,,
2012-01-07,6.3,6.3,6.2,6.25,108251,EQ,,,
2012-01-09,6.25,6.45,6.1,6.4,891068,EQ,,,
2012-01-10,6.45,7.1,6.4,7.05,2890603,EQ,,,
2012-01-11,7.1,7.2,6.85,6.95,1164062,EQ,,,
2012-01-12,6.9,6.9,6.35,6.8,2192118,EQ,,,
2012-01-13,6.8,7.4,6.8,7.25,2196013,EQ,,,
2012-01-16,7.25,7.4,7.05,7.3,1012350,EQ,,,
2012-01-17,7.4,7.8,7.4,7.6,1619389,EQ,,,
2012-01-18,7.7,7.7,7.4,7.45,607893,EQ,,,
2012-01-19,7.5,8.0,7.5,7.95,1652977,EQ,,,
2012-01-20,8.0,8.2,7.8,8.05,1885304,EQ,,,
2012-01-23,8.05,8.2,7.85,8.0,914127,EQ,,,
2012-01-24,8.05,8.75,7.95,8.65,2090147,EQ,,,
2012-01-25,8.75,8.85,8.3,8.4,3613316,EQ,,,
2012-01-27,8.45,8.9,8.3,8.7,3330114,EQ,,,
2012-01-30,8.7,8.7,8.15,8.2,868385,EQ,,,
2012-01-31,8.3,8.8,8.2,8.75,1893453,EQ,,,
2012-02-01,8.7,8.85,8.5,8.7,1387163,EQ,,,
2012-02-02,8.8,8.95,8.7,8.8,2833733,EQ,,,
2012-02-03,8.8,8.85,8.65,8.7,942733,EQ,,,
2012-02-06,8.9,9.1,8.75,8.9,2215534,EQ,,,
2012-02-07,9.0,9.0,8.4,8.45,1617575,EQ,,,
2012-02-08,8.5,8.8,8.4,8.7,2073257,EQ,,,
2012-02-09,8.7,8.75,8.5,8.65,2336446,EQ,,,
2012-02-10,8.65,8.9,8.45,8.55,3100815,EQ,,,
2012-02-13,8.85,8.85,8.35,8.45,1023675,EQ,,,
2012-02-14,8.5,8.9,8.45,8.85,2817590,EQ,,,
2012-02-15,8.9,9.5,8.9,9.45,3637391,EQ,,,
2012-02-16,9.8,10.5,9.45,10.05,7055590,EQ,,,
2012-02-17,10.15,10.5,10.05,10.4,5490715,EQ,,,
2012-02-21,10.5,10.5,10.2,10.45,2017402,EQ,,,
2012-02-22,10.45,10.45,9.1,9.3,2385196,EQ,,,
2012-02-23,8.8,9.25,8.8,9.05,3324817,EQ,,,
2012-02-24,9.2,9.2,8.65,8.7,2165626,EQ,,,
2012-02-27,8.7,8.95,8.3,8.45,1211609,EQ,,,
2012-02-28,8.4,9.45,8.35,9.4,2391452,EQ,,,
2012-02-29,9.5,9.85,8.95,9.2,3290074,EQ,,,
2012-03-01,9.15,9.25,8.6,8.9,2390069,EQ,,,
2012-03-02,8.95,9.5,8.85,9.4,3401221,EQ,,,
2012-03-03,9.35,9.45,9.2,9.3,146407,EQ,,,
2012-03-05,9.3,9.4,8.9,8.95,1908869,EQ,,,
2012-03-06,8.9,9.4,8.8,8.9,2547608,EQ,,,
2012-03-07,8.9,9.0,8.2,8.45,3970713,EQ,,,
2012-03-09,8.6,9.2,8.55,9.1,2738348,EQ,,,
2012-03-12,9.4,9.5,9.2,9.45,2302390,EQ,,,
2012-03-13,9.55,10.0,9.5,9.95,2379140,EQ,,,
2012-03-14,10.05,10.15,9.7,9.8,1555101,EQ,,,
2012-03-15,9.8,9.8,9.35,9.55,1389134,EQ,,,
2012-03-16,10.5,10.5,9.55,9.9,3135396,EQ,,,
2012-03-19,9.9,10.0,9.3,9.35,1846167,EQ,,,
2012-03-20,9.4,10.05,9.35,9.85,3872928,EQ,,,
2012-03-21,9.9,10.4,9.7,10.2,2723659,EQ,,,
2012-03-22,10.2,10.35,9.5,9.55,2588894,EQ,,,
2012-03-23,9.65,9.85,9.5,9.65,2046877,EQ,,,
2012-03-26,9.65,9.75,8.95,9.0,2227096,EQ,,,
2012-03-27,9.15,9.25,8.7,8.9,3502927,EQ,,,
2012-03-28,8.9,9.1,8.8,8.9,2109432,EQ,,,
2012-03-29,8.85,9.0,8.65,9.0,1813513,EQ,,,
2012-03-30,9.05,9.4,9.05,9.35,1341867,EQ,,,
2012-04-02,9.4,9.6,9.3,9.5,1308546,EQ,,,
2012-04-03,9.55,9.75,9.55,9.7,1088981,EQ,,,
2012-04-04,9.6,9.9,9.45,9.8,1162283,EQ,,,
2012-04-09,9.75,9.8,9.45,9.55,980246,EQ,,,
2012-04-10,9.55,9.65,9.25,9.45,683658,EQ,,,
2012-04-11,9.3,9.35,9.1,9.2,1374498,EQ,,,
2012-04-12,9.3,9.45,9.25,9.35,970146,EQ,,,
2012-04-13,9.35,9.75,9.25,9.3,2048983,EQ,,,
2012-04-16,9.25,9.6,9.2,9.55,1052511,EQ,,,
2012-04-17,9.6,10.05,9.5,9.95,2993696,EQ,,,
2012-04-18,10.0,10.25,9.9,9.95,1667491,EQ,,,
2012-04-19,10.0,10.1,9.6,9.7,1560757,EQ,,,
2012-04-20,9.6,9.85,9.4,9.55,924191,EQ,,,
2012-04-23,9.45,9.6,8.9,9.0,1692626,EQ,,,
2012-04-24,9.05,9.2,8.95,9.05,1250162,EQ,,,
2012-04-25,9.2,9.2,8.5,8.55,2842177,EQ,,,
2012-04-26,8.8,8.8,8.2,8.4,3635215,EQ,,,
2012-04-27,8.45,8.6,8.3,8.4,3960321,EQ,,,
2012-04-28,8.5,8.55,8.4,8.5,128879,EQ,,,
2012-04-30,8.5,8.7,8.5,8.6,1379344,EQ,,,
2012-05-02,8.5,8.7,8.3,8.4,1151130,EQ,,,
2012-05-03,8.3,8.4,6.9,7.45,28466329,EQ,,,
2012-05-04,7.45,7.5,6.3,6.45,20180285,EQ,,,
2012-05-07,6.4,6.4,5.55,5.95,25971490,EQ,,,
2012-05-08,5.95,6.35,5.9,6.0,14177432,EQ,,,
2012-05-09,5.95,6.2,5.6,6.1,11193162,EQ,,,
2012-05-10,6.15,6.3,6.0,6.1,5300597,EQ,,,
2012-05-11,6.05,6.1,5.15,5.25,18646242,EQ,,,
2012-05-14,5.3,5.55,5.0,5.45,19655124,EQ,,,
2012-05-15,5.35,5.65,5.2,5.6,14123308,EQ,,,
2012-05-16,5.45,5.9,5.4,5.8,12164684,EQ,,,
2012-05-17,5.8,5.95,5.55,5.65,8956972,EQ,,,
2012-05-18,5.55,5.7,5.3,5.65,7620377,EQ,,,
2012-05-21,5.65,5.95,5.6,5.9,6677630,EQ,,,
2012-05-22,5.95,6.0,5.6,5.6,5125762,EQ,,,
2012-05-23,5.6,5.65,5.4,5.55,5090045,EQ,,,
2012-05-24,5.6,5.65,5.45,5.65,4396528,EQ,,,
2012-05-25,5.65,5.75,5.55,5.65,3026384,EQ,,,
2012-05-28,5.7,5.9,5.6,5.85,3584297,EQ,,,
2012-05-29,5.85,5.9,5.65,5.7,3160078,EQ,,,
2012-05-30,5.75,5.8,5.6,5.65,4882109,EQ,,,
2012-05-31,5.6,5.7,5.5,5.6,5839390,EQ,,,
2012-06-01,5.65,5.8,5.6,5.6,3098268,EQ,,,
2012-06-04,5.6,5.7,5.4,5.65,3173657,EQ,,,
2012-06-05,5.7,5.85,5.65,5.7,2559679,EQ,,,
2012-06-06,5.8,6.15,5.8,6.1,6578594,EQ,,,
2012-06-07,6.2,6.2,5.95,6.0,4279084,EQ,,,
2012-06-08,6.0,6.1,5.9,5.95,3781792,EQ,,,
2012-06-11,5.95,6.2,5.9,5.95,3859354,EQ,,,
2012-06-12,5.9,6.15,5.85,6.1,3227914,EQ,,,
2012-06-13,6.15,6.55,5.95,6.4,6088287,EQ,,,
2012-06-14,6.15,6.5,6.15,6.2,6933692,EQ,,,
2012-06-15,6.3,6.4,6.2,6.3,2515929,EQ,,,
2012-06-18,6.35,6.4,5.9,5.9,3305315,EQ,,,
2012-06-19,5.95,6.1,5.85,6.0,2361792,EQ,,,
2012-06-20,6.05,6.25,6.0,6.2,2444471,EQ,,,
2012-06-21,6.15,6.3,6.1,6.3,3389201,EQ,,,
2012-06-22,6.25,6.4,6.15,6.3,2501330,EQ,,,
2012-06-25,6.35,6.45,6.1,6.15,2405917,EQ,,,
2012-06-26,6.2,6.3,6.1,6.15,1767792,EQ,,,
2012-06-27,6.2,6.3,6.15,6.2,1311108,EQ,,,
2012-06-28,6.2,6.3,6.05,6.1,2371057,EQ,,,
2012-06-29,6.15,6.4,6.15,6.35,2689811,EQ,,,
2012-07-02,6.4,6.7,6.3,6.6,3748721,EQ,,,
2012-07-03,6.65,6.8,6.6,6.75,3864694,EQ,,,
2012-07-04,6.8,6.8,6.65,6.7,2377705,EQ,,,
2012-07-05,6.7,6.85,6.65,6.8,1772232,EQ,,,
2012-07-06,6.8,6.9,6.7,6.85,3180771,EQ,,,
2012-07-09,6.85,6.85,6.5,6.6,2869453,EQ,,,
2012-07-10,6.6,6.85,6.6,6.8,1927757,EQ,,,
2012-07-11,6.8,6.85,6.7,6.7,1482477,EQ,,,
2012-07-12,6.7,6.8,6.6,6.7,1555055,EQ,,,
2012-07-13,6.7,6.8,6.55,6.65,1571602,EQ,,,
2012-07-16,6.7,6.8,6.6,6.7,1814413,EQ,,,
2012-07-17,6.75,6.75,6.55,6.6,1135648,EQ,,,
2012-07-18,6.55,6.7,6.4,6.65,1996467,EQ,,,
2012-07-19,6.65,6.8,6.6,6.65,933696,EQ,,,
2012-07-20,6.65,6.65,6.5,6.55,1059749,EQ,,,
2012-07-23,6.5,6.5,6.25,6.3,1363280,EQ,,,
2012-07-24,6.25,6.3,5.9,6.0,2680811,EQ,,,
2012-07-25,5.95,6.0,5.8,5.9,3603802,EQ,,,
2012-07-26,5.95,6.0,5.75,5.8,4865446,EQ,,,
2012-07-27,5.9,6.1,5.6,5.65,2353913,EQ,,,
2012-07-30,5.75,6.3,5.75,6.3,3864810,EQ,,,
2012-07-31,6.4,6.4,6.05,6.35,3493320,EQ,,,
2012-08-01,6.35,6.5,6.2,6.3,3687600,EQ,,,
2012-08-02,6.35,6.45,6.3,6.4,2415522,EQ,,,
2012-08-03,6.25,6.35,6.15,6.3,1927904,EQ,,,
2012-08-06,6.4,6.45,6.2,6.25,1890332,EQ,,,
2012-08-07,6.25,6.35,5.6,5.8,7393680,EQ,,,
2012-08-08,5.9,6.2,5.9,5.95,7683387,EQ,,,
2012-08-09,6.0,6.1,5.9,5.95,2246246,EQ,,,
2012-08-10,5.9,6.05,5.85,5.95,1208385,EQ,,,
2012-08-13,6.0,6.1,5.9,6.05,1366895,EQ,,,
2012-08-14,6.1,6.1,5.95,6.1,1273355,EQ,,,
2012-08-16,6.1,6.3,6.1,6.25,3336721,EQ,,,
2012-08-17,6.3,6.3,6.0,6.1,1894870,EQ,,,
2012-08-21,6.1,6.3,6.1,6.3,2119925,EQ,,,
2012-08-22,6.3,6.3,6.1,6.2,1183407,EQ,,,
2012-08-23,6.2,6.35,6.2,6.3,2106574,EQ,,,
2012-08-24,6.3,6.35,6.15,6.3,1861239,EQ,,,
2012-08-27,6.25,6.4,6.2,6.3,1834515,EQ,,,
2012-08-28,6.25,6.35,6.0,6.1,2015843,EQ,,,
2012-08-29,6.1,6.15,5.9,6.1,2227045,EQ,,,
2012-08-30,6.1,6.1,6.0,6.05,1967125,EQ,,,
2012-08-31,6.0,6.3,6.0,6.25,1861772,EQ,,,
2012-09-03,6.25,6.45,6.2,6.4,1781285,EQ,,,
2012-09-04,6.4,6.4,6.3,6.35,912442,EQ,,,
2012-09-05,6.3,6.4,6.2,6.3,1483310,EQ,,,
2012-09-06,6.3,6.4,6.1,6.15,1927904,EQ,,,
2012-09-07,6.2,6.4,6.2,6.3,2032520,EQ,,,
2012-09-08,6.3,6.6,6.3,6.4,1582281,EQ,,,
2012-09-10,6.5,6.5,6.2,6.2,2666644,EQ,,,
2012-09-11,6.1,6.15,6.0,6.15,2634323,EQ,,,
2012-09-12,6.15,6.25,6.15,6.2,1122410,EQ,,,
2012-09-13,6.2,6.35,6.15,6.15,15380796,EQ,,,
2012-09-14,6.3,6.4,6.2,6.3,3990820,EQ,,,
2012-09-17,6.5,6.7,6.4,6.6,4494491,EQ,,,
2012-09-18,6.65,7.25,6.6,7.1,9816339,EQ,,,
2012-09-20,7.05,7.1,6.85,7.0,3646549,EQ,,,
2012-09-21,7.0,7.7,7.0,7.55,6102130,EQ,,,
2012-09-24,7.55,7.9,7.4,7.6,5103035,EQ,,,
2012-09-25,7.65,7.75,7.4,7.6,2744545,EQ,,,
2012-09-26,7.55,8.0,7.5,7.9,4529377,EQ,,,
2012-09-27,7.9,7.95,7.6,7.65,3257702,EQ,,,
2012-09-28,7.65,7.9,7.55,7.6,2869277,EQ,,,
2012-10-01,7.6,7.75,7.5,7.7,1691287,EQ,,,
2012-10-03,7.7,7.9,7.7,7.9,1668283,EQ,,,
2012-10-04,7.95,8.05,7.8,7.9,2387824,EQ,,,
2012-10-05,8.0,8.05,7.6,7.85,2758384,EQ,,,
2012-10-08,7.9,7.95,7.6,7.65,1177717,EQ,,,
2012-10-09,7.7,7.8,7.6,7.65,1129411,EQ,,,
2012-10-10,7.65,7.65,7.4,7.45,1171862,EQ,,,
2012-10-11,7.45,7.8,7.3,7.8,2181539,EQ,,,
2012-10-12,7.1,7.9,7.1,7.7,1265164,EQ,,,
2012-10-15,7.7,7.8,7.6,7.7,1054416,EQ,,,
2012-10-16,7.7,7.8,7.35,7.4,1185466,EQ,,,
2012-10-17,7.5,7.7,6.9,7.15,8965263,EQ,,,
2012-10-18,7.15,7.5,7.15,7.45,3278458,EQ,,,
2012-10-19,7.45,7.45,7.2,7.3,1795783,EQ,,,
2012-10-22,7.25,7.3,7.15,7.3,1395329,EQ,,,
2012-10-23,7.15,7.2,7.0,7.05,2026666,EQ,,,
2012-10-25,6.9,6.9,5.7,5.95,24230675,EQ,,,
2012-10-26,5.85,6.15,5.7,5.95,11872904,EQ,,,
2012-10-29,6.0,6.1,5.65,5.75,5696031,EQ,,,
2012-10-30,5.9,6.05,5.75,6.0,9861953,EQ,,,
2012-10-31,5.95,6.15,5.85,6.1,4846708,EQ,,,
2012-11-01,6.15,6.15,5.95,6.1,2709192,EQ,,,
2012-11-02,6.1,6.25,5.9,6.0,6061306,EQ,,,
2012-11-05,5.95,6.1,5.9,6.1,2790102,EQ,,,
2012-11-06,6.1,6.15,6.1,6.1,1288282,EQ,,,
2012-11-07,6.15,6.4,6.1,6.3,2376637,EQ,,,
2012-11-08,6.15,6.3,6.15,6.3,1522182,EQ,,,
2012-11-09,6.25,6.3,6.05,6.05,1742517,EQ,,,
2012-11-12,6.1,6.3,6.1,6.25,2036447,EQ,,,
2012-11-13,6.25,6.3,6.2,6.3,571373,EQ,,,
2012-11-15,6.2,6.5,6.1,6.4,3097388,EQ,,,
2012-11-16,6.4,6.5,6.1,6.15,2700189,EQ,,,
2012-11-19,6.2,6.3,6.0,6.05,2560336,EQ,,,
2012-11-20,6.05,6.1,5.8,5.9,3101151,EQ,,,
2012-11-21,5.85,6.1,5.85,6.0,2607388,EQ,,,
2012-11-22,5.95,6.2,5.95,6.15,2074036,EQ,,,
2012-11-23,6.2,6.2,6.05,6.1,1032107,EQ,,,
2012-11-26,6.15,6.2,6.05,6.1,1303819,EQ,,,
2012-11-27,6.1,6.4,6.1,6.3,2832704,EQ,,,
2012-11-29,6.4,6.8,6.35,6.7,5108461,EQ,,,
2012-11-30,6.75,6.9,6.6,6.8,4264282,EQ,,,
2012-12-03,6.8,6.9,6.7,6.8,2377942,EQ,,,
2012-12-04,6.8,6.9,6.75,6.8,1730158,EQ,,,
2012-12-05,6.8,7.0,6.75,6.9,2607390,EQ,,,
2012-12-06,6.9,7.1,6.8,7.0,3568450,EQ,,,
2012-12-07,7.05,7.25,7.0,7.1,3169466,EQ,,,
2012-12-10,7.1,7.35,7.1,7.2,3364965,EQ,,,
2012-12-11,7.25,7.3,6.95,7.05,2215791,EQ,,,
2012-12-12,7.1,7.2,7.0,7.0,2020268,EQ,,,
2012-12-13,7.05,7.15,6.8,6.85,1721120,EQ,,,
2012-12-14,6.95,7.05,6.9,6.95,1707550,EQ,,,
2012-12-17,6.95,7.0,6.4,6.45,9434733,EQ,,,
2012-12-18,6.45,6.6,6.35,6.45,6756891,EQ,,,
2012-12-19,6.45,6.6,6.4,6.45,3763610,EQ,,,
2012-12-20,6.45,6.5,6.3,6.3,3492047,EQ,,,
2012-12-21,6.3,6.4,6.15,6.3,2399662,EQ,,,
2012-12-24,6.45,6.45,6.2,6.3,1419998,EQ,,,
2012-12-26,6.3,6.4,6.2,6.3,2038371,EQ,,,
2012-12-27,6.35,6.4,6.25,6.3,3335454,EQ,,,
2012-12-28,6.3,6.4,6.25,6.3,1501915,EQ,,,
2012-12-31,6.3,6.45,6.3,6.4,1561153,EQ,,,
2013-01-01,6.4,6.6,6.4,6.5,2223079,EQ,,,
2013-01-02,6.6,6.65,6.55,6.6,2704806,EQ,,,
2013-01-03,6.7,6.7,6.55,6.6,1931275,EQ,,,
2013-01-04,6.65,6.7,6.5,6.6,1664004,EQ,,,
2013-01-07,6.65,6.8,6.65,6.7,2146594,EQ,,,
2013-01-08,6.7,6.85,6.6,6.8,3714186,EQ,,,
2013-01-09,6.8,6.85,6.6,6.6,2068871,EQ,,,
2013-01-10,6.65,6.7,6.45,6.55,1856256,EQ,,,
2013-01-11,6.55,6.6,6.4,6.4,1324950,EQ,,,
2013-01-14,6.4,6.6,6.3,6.6,1303475,EQ,,,
2013-01-15,6.6,6.65,6.45,6.5,1117865,EQ,,,
2013-01-16,6.55,6.6,6.35,6.4,1080251,EQ,,,
2013-01-17,6.4,6.4,6.3,6.3,1499177,EQ,,,
2013-01-18,6.35,6.45,6.3,6.4,1915420,EQ,,,
2013-01-21,6.4,6.45,6.3,6.4,1485846,EQ,,,
2013-01-22,6.4,6.7,6.35,6.4,3332264,EQ,,,
2013-01-23,6.45,6.6,5.95,6.15,2916196,EQ,,,
2013-01-24,6.15,6.15,5.6,5.7,4919095,EQ,,,
2013-01-25,5.7,5.95,5.6,5.85,4373143,EQ,,,
2013-01-28,5.9,6.0,5.9,5.95,1812110,EQ,,,
2013-01-29,5.95,6.0,5.7,5.8,2392270,EQ,,,
2013-01-30,6.0,6.1,5.8,6.0,2681390,EQ,,,
2013-01-31,6.0,6.2,5.85,6.1,2589500,EQ,,,
2013-02-01,6.1,6.2,5.8,5.85,3290789,EQ,,,
2013-02-04,5.9,6.1,5.8,5.9,2705531,EQ,,,
2013-02-05,5.85,6.0,5.85,5.9,1772718,EQ,,,
2013-02-06,5.95,6.3,5.95,6.2,5770233,EQ,,,
2013-02-07,6.25,6.35,6.05,6.1,2881234,EQ,,,
2013-02-08,6.1,6.2,5.95,6.0,2122377,EQ,,,
2013-02-11,5.95,6.0,5.8,5.85,1573611,EQ,,,
2013-02-12,5.8,5.9,5.65,5.8,2208405,EQ,,,
2013-02-13,6.0,6.1,5.65,5.8,1871820,EQ,,,
2013-02-14,5.8,5.85,5.65,5.7,1251398,EQ,,,
2013-02-15,5.7,5.75,5.2,5.55,4729408,EQ,,,
2013-02-18,5.65,5.8,5.6,5.7,1418587,EQ,,,
2013-02-19,5.8,5.9,5.75,5.9,1642125,EQ,,,
2013-02-20,5.9,6.05,5.85,6.0,1659477,EQ,,,
2013-02-21,5.9,6.0,5.8,5.95,2692889,EQ,,,
2013-02-22,5.95,6.0,5.75,5.9,2391669,EQ,,,
2013-02-25,5.9,6.05,5.7,5.9,3020996,EQ,,,
2013-02-26,5.9,5.9,5.65,5.75,1768945,EQ,,,
2013-02-27,5.75,5.95,5.6,5.9,1903616,EQ,,,
2013-02-28,5.95,6.15,5.55,5.65,5622922,EQ,,,
2013-03-01,5.7,5.85,5.6,5.8,1944885,EQ,,,
2013-03-04,5.8,5.9,5.65,5.7,2305835,EQ,,,
2013-03-05,5.75,5.85,5.7,5.8,1543510,EQ,,,
2013-03-06,5.8,5.95,5.8,5.9,1458713,EQ,,,
2013-03-07,5.9,6.0,5.85,5.95,1623557,EQ,,,
2013-03-08,6.0,6.1,5.9,6.0,2213450,EQ,,,
2013-03-11,5.95,6.15,5.95,6.1,1599920,EQ,,,
2013-03-12,6.1,6.1,5.9,5.95,1484684,EQ,,,
2013-03-13,5.95,6.3,5.95,6.1,3260364,EQ,,,
2013-03-14,6.15,6.25,6.0,6.2,2639627,EQ,,,
2013-03-15,6.2,6.3,6.0,6.1,1461460,EQ,,,
2013-03-18,5.95,6.1,5.9,6.1,944189,EQ,,,
2013-03-19,6.15,6.15,5.8,5.8,1887741,EQ,,,
2013-03-20,5.8,5.8,5.45,5.6,1728352,EQ,,,
2013-03-21,5.6,5.75,5.5,5.6,1818771,EQ,,,
2013-03-22,5.6,5.7,5.3,5.5,2828754,EQ,,,
2013-03-25,5.6,5.8,5.55,5.6,1606018,EQ,,,
2013-03-26,5.75,5.75,5.45,5.65,1589249,EQ,,,
2013-03-28,5.65,5.95,5.45,5.65,4149875,EQ,,,
2013-04-01,5.75,5.9,5.65,5.85,2133421,EQ,,,
2013-04-02,5.9,6.0,5.8,5.95,1003764,EQ,,,
2013-04-03,5.95,6.05,5.8,5.8,1197264,EQ,,,
2013-04-04,5.75,5.8,5.65,5.7,1190615,EQ,,,
2013-04-05,5.65,5.8,5.65,5.7,1500470,EQ,,,
2013-04-08,5.8,5.9,5.7,5.8,617525,EQ,,,
2013-04-09,5.85,5.9,5.65,5.7,1085276,EQ,,,
2013-04-10,5.75,5.8,5.6,5.75,2641402,EQ,,,
2013-04-11,5.8,5.85,5.6,5.7,1310262,EQ,,,
2013-04-12,5.7,5.8,5.6,5.7,994085,EQ,,,
2013-04-15,5.65,5.85,5.65,5.75,1157183,EQ,,,
2013-04-16,5.7,6.0,5.7,5.95,1769211,EQ,,,
2013-04-17,6.0,6.1,5.9,5.95,1590874,EQ,,,
2013-04-18,5.9,6.05,5.85,5.95,1318400,EQ,,,
2013-04-22,5.95,6.0,5.8,5.9,1209878,EQ,,,
2013-04-23,5.9,6.05,5.75,5.9,2165487,EQ,,,
2013-04-25,5.9,5.95,5.8,5.9,1123757,EQ,,,
2013-04-26,5.9,5.95,5.75,5.8,736771,EQ,,,
2013-04-29,5.8,5.9,5.8,5.85,650881,EQ,,,
2013-04-30,5.9,5.9,5.7,5.8,780548,EQ,,,
2013-05-02,5.8,5.95,5.8,5.9,849284,EQ,,,
2013-05-03,5.9,5.95,5.8,5.8,1133390,EQ,,,
2013-05-06,5.9,5.95,5.8,5.9,1078983,EQ,,,
2013-05-07,5.9,6.1,5.9,6.0,1485978,EQ,,,
2013-05-08,6.05,6.1,5.95,6.0,1240170,EQ,,,
2013-05-09,6.05,6.1,5.95,6.0,839535,EQ,,,
2013-05-10,5.95,6.1,5.95,6.0,746763,EQ,,,
2013-05-11,6.0,6.0,5.95,6.0,46969,EQ,,,
2013-05-13,5.95,6.0,5.8,5.85,1046587,EQ,,,
2013-05-14,5.85,5.95,5.8,5.85,996616,EQ,,,
2013-05-15,5.9,6.3,5.9,6.2,3857638,EQ,,,
2013-05-16,6.25,6.65,6.25,6.6,3823879,EQ,,,
2013-05-17,6.6,6.6,6.4,6.55,2377241,EQ,,,
2013-05-20,6.55,6.8,6.5,6.65,2056193,EQ,,,
2013-05-21,6.7,6.7,6.4,6.45,1479645,EQ,,,
2013-05-22,6.45,6.5,6.15,6.15,1740940,EQ,,,
2013-05-23,6.1,6.2,5.95,6.1,1893342,EQ,,,
2013-05-24,6.15,6.2,5.95,6.05,1375839,EQ,,,
2013-05-27,6.0,6.3,6.0,6.2,836980,EQ,,,
2013-05-28,6.2,6.35,6.15,6.25,1289597,EQ,,,
2013-05-29,6.25,6.3,6.0,6.15,1822107,EQ,,,
2013-05-30,6.1,6.2,6.0,6.05,1982350,EQ,,,
2013-05-31,6.0,6.1,5.9,5.95,1736092,EQ,,,
2013-06-03,5.95,6.0,5.85,5.9,1193538,EQ,,,
2013-06-04,5.95,6.05,5.8,5.8,1546615,EQ,,,
2013-06-05,5.75,5.85,5.7,5.8,1446763,EQ,,,
2013-06-06,5.8,5.9,5.7,5.8,910438,EQ,,,
2013-06-07,5.75,5.95,5.7,5.9,1523805,EQ,,,
2013-06-10,5.95,5.95,5.75,5.8,1010983,EQ,,,
2013-06-11,5.75,5.85,5.65,5.7,1051241,EQ,,,
2013-06-12,5.7,5.8,5.65,5.75,746841,EQ,,,
2013-06-13,5.7,5.8,5.65,5.7,444008,EQ,,,
2013-06-14,5.75,5.9,5.75,5.8,986207,EQ,,,
2013-06-17,5.8,5.9,5.7,5.8,1646080,EQ,,,
2013-06-18,5.75,5.8,5.7,5.8,1209737,EQ,,,
2013-06-19,5.75,5.9,5.75,5.9,951122,EQ,,,
2013-06-20,5.8,5.8,5.5,5.5,1381957,EQ,,,
2013-06-21,5.45,5.75,5.4,5.5,2088747,EQ,,,
2013-06-24,5.6,5.6,5.15,5.25,1660732,EQ,,,
2013-06-25,5.3,5.3,4.3,4.65,13857926,EQ,,,
2013-06-26,4.75,4.95,4.65,4.9,4840866,EQ,,,
2013-06-27,4.9,5.0,4.5,4.7,4196229,EQ,,,
2013-06-28,4.8,4.9,4.6,4.8,3892302,EQ,,,
2013-07-01,4.85,5.1,4.8,4.95,3577128,EQ,,,
2013-07-02,5.0,5.1,4.9,4.9,3201126,EQ,,,
2013-07-03,4.8,4.8,4.6,4.7,2415413,EQ,,,
2013-07-04,4.7,4.9,4.6,4.75,2494054,EQ,,,
2013-07-05,4.8,4.9,4.5,4.65,1684133,EQ,,,
2013-07-08,4.6,4.7,4.5,4.6,1219601,EQ,,,
2013-07-09,4.65,4.9,4.6,4.85,2085820,EQ,,,
2013-07-10,4.95,4.95,4.75,4.8,1272819,EQ,,,
2013-07-11,4.8,5.1,4.8,5.0,2158005,EQ,,,
2013-07-12,5.1,5.1,4.95,5.0,1210689,EQ,,,
2013-07-15,5.0,5.3,4.95,5.25,2545952,EQ,,,
2013-07-16,5.1,5.15,4.45,4.75,4406336,EQ,,,
2013-07-17,4.75,4.85,4.55,4.6,2290691,EQ,,,
2013-07-18,4.6,4.9,4.6,4.8,1680761,EQ,,,
2013-07-19,4.85,4.9,4.65,4.65,1555906,EQ,,,
2013-07-22,4.65,4.8,4.6,4.7,1767280,EQ,,,
2013-07-23,4.75,4.75,4.6,4.6,1266708,EQ,,,
2013-07-24,4.65,4.65,4.45,4.5,1376427,EQ,,,
2013-07-25,4.5,4.5,4.35,4.4,1312016,EQ,,,
2013-07-26,4.5,4.55,4.2,4.3,1895256,EQ,,,
2013-07-29,4.25,4.3,3.95,4.0,3040593,EQ,,,
2013-07-30,4.0,4.1,3.65,3.7,2447736,EQ,,,
2013-07-31,3.7,3.7,3.6,3.6,1504913,EQ,,,
2013-08-01,3.6,3.65,2.6,2.7,10002675,EQ,,,
2013-08-02,2.75,3.2,2.6,3.1,7472649,EQ,,,
2013-08-05,3.1,3.5,3.05,3.3,5251884,EQ,,,
2013-08-06,3.25,3.4,3.2,3.3,3614394,EQ,,,
2013-08-07,3.35,3.6,3.3,3.5,2879146,EQ,,,
2013-08-08,3.5,3.7,3.3,3.55,7982962,EQ,,,
2013-08-12,3.5,3.65,3.3,3.6,4129719,EQ,,,
2013-08-13,3.6,3.7,3.5,3.65,2055868,EQ,,,
2013-08-14,3.65,3.75,3.6,3.65,1238627,EQ,,,
2013-08-16,3.65,3.7,3.4,3.4,1448446,EQ,,,
2013-08-19,3.35,3.5,3.1,3.4,1493635,EQ,,,
2013-08-20,3.4,3.5,3.3,3.4,1303263,EQ,,,
2013-08-21,3.4,3.5,3.3,3.35,1904028,EQ,,,
2013-08-22,3.35,3.5,3.3,3.5,1931035,EQ,,,
2013-08-23,3.5,3.65,3.5,3.6,1455337,EQ,,,
2013-08-26,3.6,3.7,3.55,3.6,752472,EQ,,,
2013-08-27,3.5,3.5,3.25,3.3,2215953,EQ,,,
2013-08-28,3.1,3.4,2.95,3.1,2153704,EQ,,,
2013-08-29,3.15,3.2,2.95,3.1,3467913,EQ,,,
2013-08-30,3.15,3.2,3.0,3.1,2619569,EQ,,,
2013-09-02,3.15,3.3,3.0,3.2,3225016,EQ,,,
2013-09-03,3.2,3.3,3.0,3.0,1619795,EQ,,,
2013-09-04,3.0,3.1,3.0,3.05,1427361,EQ,,,
2013-09-05,3.1,3.25,3.1,3.2,1586364,EQ,,,
2013-09-06,3.25,3.3,3.15,3.3,1036898,EQ,,,
2013-09-10,3.3,3.45,3.3,3.4,1303419,EQ,,,
2013-09-11,3.4,3.9,3.35,3.9,4706667,EQ,,,
2013-09-12,3.9,3.95,3.6,3.7,2539137,EQ,,,
2013-09-13,3.65,3.9,3.6,3.85,1926117,EQ,,,
2013-09-16,3.9,4.0,3.7,3.75,2273066,EQ,,,
2013-09-17,3.75,3.8,3.7,3.8,805527,EQ,,,
2013-09-18,3.8,3.9,3.7,3.8,1241156,EQ,,,
2013-09-19,3.95,4.1,3.9,4.0,2224398,EQ,,,
2013-09-20,4.0,4.4,3.65,4.3,5353319,EQ,,,
2013-09-23,4.2,4.2,4.0,4.05,1891031,EQ,,,
2013-09-24,4.0,4.1,3.9,4.0,1991793,EQ,,,
2013-09-25,3.95,4.1,3.9,4.0,1295141,EQ,,,
2013-09-26,4.0,4.15,3.95,4.1,1375734,EQ,,,
2013-09-27,4.1,4.15,3.9,3.95,1679640,EQ,,,
2013-09-30,3.8,3.9,3.7,3.75,1332718,EQ,,,
2013-10-01,3.8,3.9,3.7,3.85,1143747,EQ,,,
2013-10-03,3.9,4.0,3.9,4.0,1356901,EQ,,,
2013-10-04,4.0,4.1,3.85,3.95,3087606,EQ,,,
2013-10-07,4.0,4.0,3.85,3.9,2097649,EQ,,,
2013-10-08,3.9,4.0,3.8,3.9,2351210,EQ,,,
2013-10-09,3.9,4.1,3.85,4.0,3850697,EQ,,,
2013-10-10,4.05,4.1,3.9,4.0,1513706,EQ,,,
2013-10-11,4.05,4.05,3.9,3.9,1294630,EQ,,,
2013-10-14,3.9,3.95,3.8,3.85,1140608,EQ,,,
2013-10-15,3.9,4.0,3.8,3.8,1474343,EQ,,,
2013-10-17,3.85,3.9,3.8,3.8,886850,EQ,,,
2013-10-18,3.8,4.0,3.8,3.95,1686853,EQ,,,
2013-10-21,3.95,4.1,3.95,4.05,1963681,EQ,,,
2013-10-22,4.1,4.15,4.05,4.1,2136419,EQ,,,
2013-10-23,4.1,4.1,3.9,3.95,1670924,EQ,,,
2013-10-24,4.0,4.1,3.95,4.0,1822463,EQ,,,
2013-10-25,4.0,4.0,3.8,3.8,1775868,EQ,,,
2013-10-28,3.85,3.9,3.65,3.65,1411354,EQ,,,
2013-10-29,3.7,3.9,3.6,3.85,2322225,EQ,,,
2013-10-30,3.9,3.9,3.8,3.9,1893092,EQ,,,
2013-10-31,3.85,4.1,3.85,4.0,7634007,EQ,,,
2013-11-01,4.0,4.3,4.0,4.25,3308067,EQ,,,
2013-11-03,4.3,4.35,4.2,4.3,692539,EQ,,,
2013-11-05,4.35,5.0,4.3,4.85,10350012,EQ,,,
2013-11-06,4.85,4.9,4.45,4.5,3458910,EQ,,,
2013-11-07,4.5,4.7,4.3,4.35,3834400,EQ,,,
2013-11-08,4.35,4.55,4.35,4.45,2582742,EQ,,,
2013-11-11,4.45,4.5,4.05,4.3,1857546,EQ,,,
2013-11-12,4.35,4.5,4.15,4.2,1857825,EQ,,,
2013-11-13,4.2,4.3,4.1,4.15,1628463,EQ,,,
2013-11-14,4.2,4.55,4.2,4.4,4804906,EQ,,,
2013-11-18,4.45,4.55,4.35,4.5,2831554,EQ,,,
2013-11-19,4.55,4.6,4.45,4.45,3092261,EQ,,,
2013-11-20,4.5,4.65,4.45,4.5,5541856,EQ,,,
2013-11-21,4.5,4.55,4.3,4.3,2391913,EQ,,,
2013-11-22,4.4,4.45,4.3,4.4,1997628,EQ,,,
2013-11-25,4.4,4.55,4.4,4.5,1759646,EQ,,,
2013-11-26,4.5,4.55,4.45,4.5,1367215,EQ,,,
2013-11-27,4.5,4.6,4.45,4.5,1273856,EQ,,,
2013-11-28,4.6,4.85,4.6,4.7,5064870,EQ,,,
2013-11-29,4.7,4.9,4.7,4.85,3046765,EQ,,,
2013-12-02,4.9,5.0,4.8,4.85,2450278,EQ,,,
2013-12-03,4.9,4.9,4.65,4.7,2420164,EQ,,,
2013-12-04,4.7,4.8,4.6,4.65,2291014,EQ,,,
2013-12-05,4.75,4.95,4.75,4.9,5729798,EQ,,,
2013-12-06,4.95,5.1,4.85,4.95,5524935,EQ,,,
2013-12-09,5.2,5.2,5.0,5.1,3203118,EQ,,,
2013-12-10,5.1,5.1,4.8,4.9,1970371,EQ,,,
2013-12-11,4.9,4.9,4.7,4.75,1815574,EQ,,,
2013-12-12,4.75,4.9,4.7,4.8,2470663,EQ,,,
2013-12-13,4.7,4.8,4.55,4.6,2631811,EQ,,,
2013-12-16,4.55,4.6,4.4,4.4,2572656,EQ,,,
2013-12-17,4.45,4.65,4.45,4.45,3490011,EQ,,,
2013-12-18,4.45,4.65,4.45,4.6,3548798,EQ,,,
2013-12-19,4.65,4.65,4.4,4.4,2730693,EQ,,,
2013-12-20,4.4,4.6,4.4,4.6,2478386,EQ,,,
2013-12-23,4.65,4.8,4.6,4.7,2667769,EQ,,,
2013-12-24,4.75,4.8,4.6,4.65,2845994,EQ,,,
2013-12-26,4.65,4.8,4.6,4.65,4019119,EQ,,,
2013-12-27,4.65,4.75,4.6,4.65,2435952,EQ,,,
2013-12-30,4.65,4.7,4.6,4.6,1503493,EQ,,,
2013-12-31,4.6,4.65,4.55,4.6,1800390,EQ,,,
2014-01-01,4.65,4.8,4.65,4.8,2861607,EQ,,,
2014-01-02,4.85,4.95,4.65,4.7,7260346,EQ,,,
2014-01-03,4.65,4.8,4.65,4.8,2312844,EQ,,,
2014-01-06,4.75,4.8,4.6,4.65,2757262,EQ,,,
2014-01-07,4.7,4.7,4.6,4.6,1791125,EQ,,,
2014-01-08,4.65,4.8,4.6,4.7,2784060,EQ,,,
2014-01-09,4.7,4.8,4.55,4.6,2466279,EQ,,,
2014-01-10,4.6,4.7,4.45,4.5,2309099,EQ,,,
2014-01-13,4.45,4.45,4.35,4.4,2169928,EQ,,,
2014-01-14,4.35,4.45,4.3,4.4,2433160,EQ,,,
2014-01-15,4.35,4.45,4.35,4.4,1721349,EQ,,,
2014-01-16,4.4,4.4,4.25,4.3,2279543,EQ,,,
2014-01-17,4.25,4.3,4.0,4.1,3926369,EQ,,,
2014-01-20,4.05,4.2,4.0,4.2,2863518,EQ,,,
2014-01-21,4.2,4.25,4.1,4.2,2856451,EQ,,,
2014-01-22,4.15,4.2,4.15,4.2,1326670,EQ,,,
2014-01-23,4.15,4.25,4.15,4.2,1290961,EQ,,,
2014-01-24,4.2,4.2,4.1,4.1,2146204,EQ,,,
2014-01-27,4.1,4.1,3.65,3.7,4383202,EQ,,,
2014-01-28,3.65,3.8,3.5,3.5,4686066,EQ,,,
2014-01-29,3.6,3.65,3.5,3.55,2528388,EQ,,,
2014-01-30,3.5,3.7,3.35,3.65,4553831,EQ,,,
2014-01-31,3.7,3.9,3.65,3.85,4869607,EQ,,,
2014-02-03,3.8,3.9,3.7,3.7,2326349,EQ,,,
2014-02-04,3.7,3.8,3.6,3.8,2021459,EQ,,,
2014-02-05,3.8,3.8,3.6,3.7,3769550,EQ,,,
2014-02-06,3.7,3.75,3.6,3.6,2599188,EQ,,,
2014-02-07,3.6,3.7,3.6,3.65,2405179,EQ,,,
2014-02-10,3.65,3.7,3.65,3.65,1608993,EQ,,,
2014-02-11,3.65,3.7,3.65,3.65,1389162,EQ,,,
2014-02-12,3.7,3.8,3.65,3.7,2356110,EQ,,,
2014-02-13,3.7,3.7,3.6,3.6,1930827,EQ,,,
2014-02-14,3.6,3.65,3.6,3.65,1098613,EQ,,,
2014-02-17,3.65,3.75,3.65,3.7,1773223,EQ,,,
2014-02-18,3.7,3.8,3.7,3.75,1055706,EQ,,,
2014-02-19,3.7,3.9,3.7,3.85,1723174,EQ,,,
2014-02-20,3.85,3.9,3.75,3.85,2024317,EQ,,,
2014-02-21,3.9,3.9,3.8,3.9,1695366,EQ,,,
2014-02-24,3.85,4.0,3.8,4.0,2183951,EQ,,,
2014-02-25,4.0,4.0,3.8,3.85,2589298,EQ,,,
2014-02-26,3.8,3.9,3.8,3.9,2003621,EQ,,,
2014-02-28,3.9,4.0,3.85,3.95,1573760,EQ,,,
2014-03-03,3.95,4.0,3.9,3.9,1322627,EQ,,,
2014-03-04,3.9,4.1,3.9,4.1,2173680,EQ,,,
2014-03-05,4.15,4.2,4.05,4.1,3805614,EQ,,,
2014-03-06,4.15,4.4,4.15,4.3,4321094,EQ,,,
2014-03-07,4.35,4.7,4.35,4.65,5075907,EQ,,,
2014-03-10,4.65,4.85,4.6,4.8,3772889,EQ,,,
2014-03-11,4.8,5.1,4.8,5.0,4633655,EQ,,,
2014-03-12,5.0,5.1,4.9,5.0,4855261,EQ,,,
2014-03-13,5.05,5.15,4.9,4.9,3748841,EQ,,,
2014-03-14,4.85,5.0,4.75,4.9,4125137,EQ,,,
2014-03-18,4.95,4.95,4.6,4.65,4069948,EQ,,,
2014-03-19,4.7,4.9,4.6,4.75,3622496,EQ,,,
2014-03-20,4.8,4.9,4.7,4.7,2694791,EQ,,,
2014-03-21,4.75,4.85,4.7,4.8,1665139,EQ,,,
2014-03-22,4.8,4.8,4.75,4.75,108062,EQ,,,
2014-03-24,4.8,4.9,4.75,4.8,1980375,EQ,,,
2014-03-25,4.8,4.85,4.8,4.8,1620135,EQ,,,
2014-03-26,4.9,4.95,4.85,4.9,2611555,EQ,,,
2014-03-27,4.9,4.9,4.8,4.8,2337164,EQ,,,
2014-03-28,4.9,5.1,4.8,5.1,5445365,EQ,,,
2014-03-31,5.15,5.2,5.0,5.15,3066277,EQ,,,
2014-04-01,5.25,5.3,5.1,5.2,3021475,EQ,,,
2014-04-02,5.2,5.4,5.15,5.3,2829158,EQ,,,
2014-04-03,5.3,5.4,5.1,5.35,3738689,EQ,,,
2014-04-04,5.4,5.7,5.3,5.6,5311212,EQ,,,
2014-04-07,5.65,5.8,5.45,5.65,4234624,EQ,,,
2014-04-09,5.7,5.9,5.7,5.8,3804916,EQ,,,
2014-04-10,5.85,6.2,5.8,6.1,5267012,EQ,,,
2014-04-11,6.0,6.1,5.9,5.95,2221959,EQ,,,
2014-04-15,6.0,6.0,5.7,5.8,2551375,EQ,,,
2014-04-16,5.8,5.9,5.4,5.5,2285422,EQ,,,
2014-04-17,5.55,5.9,5.5,5.85,2855513,EQ,,,
2014-04-21,5.9,5.95,5.9,5.9,1372909,EQ,,,
2014-04-22,5.9,6.1,5.8,5.95,2513810,EQ,,,
2014-04-23,5.95,6.15,5.75,5.8,4540615,EQ,,,
2014-04-25,5.75,6.0,5.75,5.9,3088875,EQ,,,
2014-04-28,5.85,5.9,5.7,5.85,1371544,EQ,,,
2014-04-29,5.95,6.1,5.9,6.0,5487911,EQ,,,
2014-04-30,6.1,6.1,5.6,5.7,4971155,EQ,,,
2014-05-02,5.8,5.9,5.75,5.8,2875526,EQ,,,
2014-05-05,5.8,5.8,5.65,5.7,2756506,EQ,,,
2014-05-06,5.8,5.9,5.8,5.8,3188302,EQ,,,
2014-05-07,5.8,6.25,5.8,6.2,8544521,EQ,,,
2014-05-08,6.3,6.4,6.15,6.3,7663792,EQ,,,
2014-05-09,6.3,6.6,6.2,6.6,7089741,EQ,,,
2014-05-12,6.65,7.7,6.6,7.4,21368943,EQ,,,
2014-05-13,7.55,8.2,7.55,7.7,18517252,EQ,,,
2014-05-14,7.75,7.95,7.65,7.75,5587420,EQ,,,
2014-05-15,7.8,7.9,7.4,7.6,5992012,EQ,,,
2014-05-16,8.05,8.5,7.6,7.7,11144766,EQ,,,
2014-05-19,7.9,8.85,7.8,8.7,10705843,EQ,,,
2014-05-20,8.75,9.2,8.35,8.95,9555311,EQ,,,
2014-05-21,9.0,9.35,8.9,9.2,7270874,EQ,,,
2014-05-22,9.3,9.6,9.25,9.3,7955014,EQ,,,
2014-05-23,9.45,9.65,9.3,9.5,5030030,EQ,,,
2014-05-26,9.7,10.9,8.9,9.6,22300398,EQ,,,
2014-05-27,9.7,10.2,9.4,9.8,13726210,EQ,,,
2014-05-28,9.9,10.05,9.7,9.9,5689687,EQ,,,
2014-05-29,9.9,9.95,9.5,9.7,5316090,EQ,,,
2014-05-30,9.8,10.15,9.6,9.85,6010451,EQ,,,
2014-06-02,9.9,10.15,9.85,10.1,4046005,EQ,,,
2014-06-03,10.2,10.3,10.0,10.2,4005867,EQ,,,
2014-06-04,10.15,10.45,10.15,10.4,3992561,EQ,,,
2014-06-05,10.4,10.55,10.3,10.45,3164108,EQ,,,
2014-06-06,10.5,10.75,10.45,10.7,4579776,EQ,,,
2014-06-09,10.8,11.0,10.7,10.95,3912660,EQ,,,
2014-06-10,11.0,11.0,10.4,10.55,5036802,EQ,,,
2014-06-11,10.6,10.6,9.95,10.1,5615894,EQ,,,
2014-06-12,10.0,10.05,9.7,9.9,3331499,EQ,,,
2014-06-13,10.0,10.2,9.45,9.6,5457064,EQ,,,
2014-06-16,9.5,9.8,9.05,9.7,4470545,EQ,,,
2014-06-17,9.75,10.55,9.7,10.45,8297277,EQ,,,
2014-06-18,10.55,10.6,10.0,10.2,4506667,EQ,,,
2014-06-19,10.3,10.45,10.1,10.3,3189637,EQ,,,
2014-06-20,10.35,10.4,10.15,10.2,3066763,EQ,,,
2014-06-23,10.2,10.4,10.15,10.3,2148078,EQ,,,
2014-06-24,10.4,10.9,10.4,10.8,6703282,EQ,,,
2014-06-25,10.9,11.5,10.9,11.45,9596727,EQ,,,
2014-06-26,11.55,11.75,11.3,11.3,8018569,EQ,,,
2014-06-27,11.4,11.4,11.0,11.2,5318430,EQ,,,
2014-06-30,11.3,11.5,11.3,11.45,2740061,EQ,,,
2014-07-01,11.55,11.9,11.4,11.8,4763417,EQ,,,
2014-07-02,11.95,12.45,11.9,12.4,7689078,EQ,,,
2014-07-03,12.45,12.7,12.1,12.5,7224905,EQ,,,
2014-07-04,12.6,13.0,12.45,12.85,4566907,EQ,,,
2014-07-07,12.95,13.5,12.9,13.4,6279956,EQ,,,
2014-07-08,13.45,13.8,11.75,12.25,12336539,EQ,,,
2014-07-09,12.1,12.6,11.45,11.8,13526292,EQ,,,
2014-07-10,11.95,13.2,11.3,12.3,18357250,EQ,,,
2014-07-11,12.5,12.8,11.95,12.2,11508174,EQ,,,
2014-07-14,12.25,12.3,11.6,11.85,8861403,EQ,,,
2014-07-15,11.95,12.05,11.7,12.0,6895525,EQ,,,
2014-07-16,12.2,12.8,12.05,12.7,8978289,EQ,,,
2014-07-17,12.75,13.65,12.7,13.5,12937421,EQ,,,
2014-07-18,13.3,13.5,13.05,13.3,8587739,EQ,,,
2014-07-21,13.4,13.5,13.15,13.3,6193701,EQ,,,
2014-07-22,13.4,13.5,12.55,12.9,6387390,EQ,,,
2014-07-23,13.05,13.3,12.8,13.1,6338488,EQ,,,
2014-07-24,13.2,13.3,13.0,13.1,4409142,EQ,,,
2014-07-25,13.1,13.15,12.2,12.45,5912593,EQ,,,
2014-07-28,12.5,12.55,11.55,11.8,6542269,EQ,,,
2014-07-30,11.85,12.1,11.3,11.95,8259550,EQ,,,
2014-07-31,12.4,13.0,12.25,12.9,13850036,EQ,,,
2014-08-01,12.75,12.9,12.4,12.45,7000859,EQ,,,
2014-08-04,12.6,12.8,12.3,12.7,5736407,EQ,,,
2014-08-05,12.85,13.35,12.7,13.3,8992274,EQ,,,
2014-08-06,13.3,13.3,12.8,12.9,5632609,EQ,,,
2014-08-07,12.9,13.0,12.55,12.7,5031035,EQ,,,
2014-08-08,12.4,12.45,12.15,12.25,4774000,EQ,,,
2014-08-11,12.0,12.4,11.9,12.2,7602805,EQ,,,
2014-08-12,12.7,12.8,12.45,12.55,6596411,EQ,,,
2014-08-13,12.5,12.5,11.7,12.15,6767218,EQ,,,
2014-08-14,12.05,12.4,11.85,12.35,5041908,EQ,,,
2014-08-18,12.2,12.75,12.2,12.7,5189825,EQ,,,
2014-08-19,12.8,13.0,12.75,12.95,4701068,EQ,,,
2014-08-20,13.0,13.0,12.7,12.8,2828290,EQ,,,
2014-08-21,12.75,13.2,12.7,13.0,4651435,EQ,,,
2014-08-22,13.0,13.1,12.7,12.8,4734330,EQ,,,
2014-08-25,12.7,12.8,12.4,12.5,2722035,EQ,,,
2014-08-26,12.35,12.55,12.2,12.45,2564378,EQ,,,
2014-08-27,12.6,12.8,12.45,12.75,2795748,EQ,,,
2014-08-28,12.8,12.85,12.5,12.55,4106408,EQ,,,
2014-09-01,12.5,12.5,12.2,12.4,3360645,EQ,,,
2014-09-02,12.4,12.95,12.3,12.9,4881168,EQ,,,
2014-09-03,12.95,13.2,12.8,13.05,5560611,EQ,,,
2014-09-04,13.05,13.05,12.7,12.9,3105782,EQ,,,
2014-09-05,12.9,13.4,12.85,13.3,6330821,EQ,,,
2014-09-08,13.4,13.7,13.05,13.3,5590581,EQ,,,
2014-09-09,13.15,13.5,13.0,13.4,3667353,EQ,,,
2014-09-10,13.4,13.7,13.25,13.3,4688362,EQ,,,
2014-09-11,13.35,13.45,13.15,13.2,2394281,EQ,,,
2014-09-12,13.15,13.3,13.05,13.1,1738025,EQ,,,
2014-09-15,13.05,13.05,12.85,12.95,2242936,EQ,,,
2014-09-16,12.9,13.0,12.4,12.5,3115741,EQ,,,
2014-09-17,12.6,12.7,11.7,12.05,7585346,EQ,,,
2014-09-18,11.9,12.7,11.8,12.6,5222297,EQ,,,
2014-09-19,12.55,12.8,12.1,12.15,5560517,EQ,,,
2014-09-22,12.0,12.35,11.9,12.15,2738607,EQ,,,
2014-09-23,12.05,12.3,11.9,11.95,2248671,EQ,,,
2014-09-24,11.9,12.1,11.1,11.55,4792459,EQ,,,
2014-09-25,11.6,11.8,11.4,11.55,3276726,EQ,,,
2014-09-26,11.45,11.85,10.85,11.7,5027040,EQ,,,
2014-09-29,11.6,12.0,11.6,11.75,2846392,EQ,,,
2014-09-30,11.65,11.8,11.4,11.55,3173753,EQ,,,
2014-10-01,11.55,11.6,11.3,11.4,1915056,EQ,,,
2014-10-07,11.3,11.55,10.95,11.0,2562595,EQ,,,
2014-10-08,10.9,11.1,10.7,11.0,3586949,EQ,,,
2014-10-09,11.1,11.65,11.1,11.55,3320959,EQ,,,
2014-10-10,11.4,11.7,11.25,11.4,3882092,EQ,,,
2014-10-13,11.3,11.7,11.2,11.6,2929569,EQ,,,
2014-10-14,11.6,11.8,11.5,11.65,2564172,EQ,,,
2014-10-16,11.6,11.9,11.3,11.3,3237841,EQ,,,
2014-10-17,11.45,11.6,11.2,11.5,2469080,EQ,,,
2014-10-20,11.8,11.85,11.6,11.7,1946759,EQ,,,
2014-10-21,11.75,12.2,11.7,12.1,4406906,EQ,,,
2014-10-22,12.3,12.4,12.25,12.3,2462311,EQ,,,
2014-10-23,12.4,12.4,12.3,12.3,362821,EQ,,,
2014-10-27,12.35,12.4,12.0,12.15,1807022,EQ,,,
2014-10-28,12.2,12.65,12.15,12.6,3121200,EQ,,,
2014-10-29,12.7,12.85,12.6,12.7,3231502,EQ,,,
2014-10-30,12.7,12.8,12.45,12.7,3073737,EQ,,,
2014-10-31,12.8,12.85,12.4,12.6,1918849,EQ,,,
2014-11-03,12.6,13.05,12.6,12.95,2835854,EQ,,,
2014-11-05,13.0,13.15,12.6,12.8,3805622,EQ,,,
2014-11-07,12.6,13.2,12.6,13.05,3106651,EQ,,,
2014-11-10,13.1,13.75,13.05,13.65,6060604,EQ,,,
2014-11-11,13.8,13.95,13.55,13.7,4802266,EQ,,,
2014-11-12,13.7,13.8,13.4,13.45,2569566,EQ,,,
2014-11-13,13.5,13.7,13.05,13.25,2917930,EQ,,,
2014-11-14,13.3,13.45,13.1,13.4,1193115,EQ,,,
2014-11-17,13.3,13.95,13.1,13.75,2093712,EQ,,,
2014-11-18,13.95,14.35,13.95,14.15,4484704,EQ,,,
2014-11-19,14.2,14.5,13.7,13.95,3966987,EQ,,,
2014-11-20,14.0,14.05,13.5,13.7,2311616,EQ,,,
2014-11-21,13.7,13.95,13.3,13.4,2189702,EQ,,,
2014-11-24,13.5,13.65,13.2,13.2,1762893,EQ,,,
2014-11-25,13.3,13.3,12.7,13.1,2528836,EQ,,,
2014-11-26,13.1,13.1,12.65,12.95,2577761,EQ,,,
2014-11-27,12.95,13.5,12.8,13.4,3397952,EQ,,,
2014-11-28,13.45,13.8,13.4,13.6,2574009,EQ,,,
2014-12-01,13.5,13.7,13.3,13.5,1629851,EQ,,,
2014-12-02,13.6,13.8,13.4,13.5,2360575,EQ,,,
2014-12-03,13.4,13.6,13.25,13.45,2037275,EQ,,,
2014-12-04,13.45,13.55,13.0,13.05,1862266,EQ,,,
2014-12-05,13.05,13.2,12.8,12.9,1530951,EQ,,,
2014-12-08,12.85,13.1,12.7,12.85,1716250,EQ,,,
2014-12-09,12.8,13.0,12.4,12.6,1280808,EQ,,,
2014-12-10,12.5,12.9,12.35,12.85,1925153,EQ,,,
2014-12-11,12.7,12.95,12.5,12.7,1051557,EQ,,,
2014-12-12,12.7,12.85,12.2,12.2,1998997,EQ,,,
2014-12-15,12.1,12.4,11.85,12.3,1439344,EQ,,,
2014-12-16,12.3,12.5,11.9,12.0,1705587,EQ,,,
2014-12-17,11.9,12.3,11.45,12.1,1848990,EQ,,,
2014-12-18,12.25,12.65,12.1,12.55,1604508,EQ,,,
2014-12-19,12.7,12.8,12.4,12.5,1253324,EQ,,,
2014-12-22,12.55,12.8,12.4,12.75,1059769,EQ,,,
2014-12-23,12.65,12.75,12.4,12.55,1018770,EQ,,,
2014-12-24,12.4,12.65,12.3,12.4,2416918,EQ,,,
2014-12-26,12.4,12.55,12.25,12.4,619482,EQ,,,
2014-12-29,12.4,12.8,12.4,12.65,1050055,EQ,,,
2014-12-30,12.8,13.15,12.75,13.0,1975265,EQ,,,
2014-12-31,13.05,13.2,12.8,13.2,1981226,EQ,,,
2015-01-01,13.2,13.3,13.0,13.2,889339,EQ,,,
2015-01-02,13.25,13.45,13.15,13.35,1245087,EQ,,,
2015-01-05,13.25,13.4,11.9,12.2,6012775,EQ,,,
2015-01-06,12.0,12.25,11.7,11.85,6254184,EQ,,,
2015-01-07,11.95,12.1,10.95,11.4,6042363,EQ,,,
2015-01-08,11.7,12.0,11.55,11.9,2812261,EQ,,,
2015-01-09,12.05,12.05,11.7,11.9,2288747,EQ,,,
2015-01-12,11.9,12.35,11.7,12.3,1865385,EQ,,,
2015-01-13,12.3,12.35,11.6,11.8,2616725,EQ,,,
2015-01-14,11.7,11.8,11.45,11.6,1756808,EQ,,,
2015-01-15,12.0,12.25,11.7,11.95,2338428,EQ,,,
2015-01-16,11.9,12.4,11.7,12.35,3170123,EQ,,,
2015-01-19,12.4,12.7,12.2,12.5,2190965,EQ,,,
2015-01-20,12.55,12.75,12.5,12.7,1580747,EQ,,,
2015-01-21,12.7,12.95,12.5,12.7,2017625,EQ,,,
2015-01-22,12.75,12.85,12.5,12.7,815264,EQ,,,
2015-01-23,12.8,12.8,12.25,12.35,1583277,EQ,,,
2015-01-27,12.35,12.7,12.3,12.7,1440744,EQ,,,
2015-01-28,12.5,13.5,12.5,13.35,4568155,EQ,,,
2015-01-29,13.3,13.7,13.1,13.5,5138111,EQ,,,
2015-01-30,13.5,13.8,13.25,13.5,3758822,EQ,,,
2015-02-02,13.4,13.65,13.3,13.5,1726035,EQ,,,
2015-02-03,13.5,13.8,13.3,13.5,2175905,EQ,,,
2015-02-04,13.55,13.6,12.8,13.0,3247081,EQ,,,
2015-02-05,13.0,13.5,12.4,12.7,3719826,EQ,,,
2015-02-06,12.7,13.2,12.7,13.0,2912893,EQ,,,
2015-02-09,12.8,13.4,12.6,12.85,2680843,EQ,,,
2015-02-10,12.85,13.1,12.3,12.7,2371745,EQ,,,
2015-02-11,12.8,13.2,12.7,13.15,1571715,EQ,,,
2015-02-12,13.2,13.3,12.7,13.0,2208379,EQ,,,
2015-02-13,13.05,13.2,12.8,12.9,1836771,EQ,,,
2015-02-16,12.9,13.0,12.55,12.7,1746607,EQ,,,
2015-02-18,12.15,12.7,11.8,12.2,5372754,EQ,,,
2015-02-19,12.3,12.55,12.1,12.45,1657657,EQ,,,
2015-02-20,12.5,12.65,12.2,12.3,1362346,EQ,,,
2015-02-23,12.4,12.55,12.2,12.3,1421631,EQ,,,
2015-02-24,12.3,12.45,11.85,12.4,3338625,EQ,,,
2015-02-25,12.45,12.75,12.3,12.5,2752738,EQ,,,
2015-02-26,12.55,12.6,12.3,12.45,1656327,EQ,,,
2015-02-27,12.6,12.85,12.5,12.8,1580425,EQ,,,
2015-02-28,12.95,13.2,12.4,12.85,3534341,EQ,,,
2015-03-02,13.0,13.3,12.55,12.85,5326091,EQ,,,
2015-03-03,13.1,13.2,12.9,13.1,3493769,EQ,,,
2015-03-04,13.2,13.3,12.55,12.7,3140000,EQ,,,
2015-03-05,12.8,12.9,12.6,12.8,1588759,EQ,,,
2015-03-09,12.7,12.7,12.05,12.1,1771286,EQ,,,
2015-03-10,12.1,12.4,11.8,12.0,1965576,EQ,,,
2015-03-11,12.05,12.25,11.9,11.95,1456254,EQ,,,
2015-03-12,12.1,12.3,11.95,12.25,1693022,EQ,,,
2015-03-13,12.35,12.4,11.7,11.8,2192861,EQ,,,
2015-03-16,11.8,11.8,11.3,11.5,2598910,EQ,,,
2015-03-17,11.6,11.75,11.3,11.5,2282155,EQ,,,
2015-03-18,11.7,11.7,11.5,11.65,1125988,EQ,,,
2015-03-19,11.75,11.95,11.6,11.7,3654603,EQ,,,
2015-03-20,11.75,12.15,11.3,12.05,5382631,EQ,,,
2015-03-23,12.05,12.3,11.95,12.15,2021898,EQ,,,
2015-03-24,12.2,12.4,12.0,12.35,1982158,EQ,,,
2015-03-25,12.4,12.55,12.05,12.5,2463511,EQ,,,
2015-03-26,12.4,12.7,12.25,12.3,3686342,EQ,,,
2015-03-27,12.45,12.5,11.9,12.2,1463920,EQ,,,
2015-03-30,12.25,12.45,12.1,12.25,2002137,EQ,,,
2015-03-31,12.3,12.5,12.1,12.2,1802860,EQ,,,
2015-04-01,12.25,12.55,12.2,12.4,1522073,EQ,,,
2015-04-06,12.5,12.8,12.2,12.7,1533141,EQ,,,
2015-04-07,12.8,12.8,12.45,12.6,936926,EQ,,,
2015-04-08,12.7,13.45,12.6,13.15,3321212,EQ,,,
2015-04-09,13.3,13.35,12.9,13.1,2191637,EQ,,,
2015-04-10,13.1,13.3,12.7,13.0,2189952,EQ,,,
2015-04-13,13.0,13.15,12.8,12.8,1635136,EQ,,,
2015-04-15,12.9,13.05,12.7,12.8,1012607,EQ,,,
2015-04-16,12.8,12.8,12.35,12.5,1117717,EQ,,,
2015-04-17,12.5,12.7,12.25,12.45,867485,EQ,,,
2015-04-20,12.45,12.5,11.95,12.1,1431082,EQ,,,
2015-04-21,12.1,12.2,11.85,11.9,1803783,EQ,,,
2015-04-22,11.95,12.1,11.7,11.85,1888458,EQ,,,
2015-04-23,11.95,12.15,11.9,12.0,1323896,EQ,,,
2015-04-24,11.95,12.0,11.45,11.55,965784,EQ,,,
2015-04-27,11.6,11.6,11.0,11.1,1442362,EQ,,,
2015-04-28,10.9,11.4,10.6,11.3,3231614,EQ,,,
2015-04-29,11.3,11.55,11.15,11.45,1056283,EQ,,,
2015-04-30,11.4,11.8,11.15,11.7,1744357,EQ,,,
2015-05-04,11.7,12.1,11.65,12.0,991172,EQ,,,
2015-05-05,12.05,12.05,11.65,11.75,875635,EQ,,,
2015-05-06,11.65,11.7,10.9,10.9,2254491,EQ,,,
2015-05-07,10.9,11.1,10.55,10.8,2819821,EQ,,,
2015-05-08,11.1,11.5,10.95,11.4,1917071,EQ,,,
2015-05-11,11.4,11.7,11.2,11.55,987977,EQ,,,
2015-05-12,11.55,11.55,11.1,11.2,746608,EQ,,,
2015-05-13,11.3,11.6,11.15,11.5,962879,EQ,,,
2015-05-14,11.45,11.8,11.35,11.8,1378129,EQ,,,
2015-05-15,11.8,11.95,11.7,11.75,1026864,EQ,,,
2015-05-18,11.8,11.85,11.6,11.75,671867,EQ,,,
2015-05-19,11.7,12.1,11.6,12.0,1965533,EQ,,,
2015-05-20,12.0,12.35,11.85,12.1,897012,EQ,,,
2015-05-21,12.35,12.5,12.2,12.3,1636317,EQ,,,
2015-05-22,12.35,12.4,12.1,12.2,773336,EQ,,,
2015-05-25,12.1,12.3,11.95,12.0,914728,EQ,,,
2015-05-26,12.0,12.25,11.95,12.1,1126104,EQ,,,
2015-05-27,11.9,12.3,11.8,12.2,954854,EQ,,,
2015-05-28,12.15,12.4,12.05,12.3,1399415,EQ,,,
2015-05-29,12.4,12.45,12.1,12.35,1091959,EQ,,,
2015-06-01,12.5,12.8,12.5,12.7,1714975,EQ,,,
2015-06-02,12.7,12.8,12.3,12.4,1255172,EQ,,,
2015-06-03,12.3,12.3,11.4,12.1,1751598,EQ,,,
2015-06-04,12.1,12.2,11.7,12.1,964932,EQ,,,
2015-06-05,12.0,12.05,11.65,11.7,1558849,EQ,,,
2015-06-08,11.7,11.7,11.4,11.6,1022477,EQ,,,
2015-06-09,11.5,11.9,11.45,11.7,1079007,EQ,,,
2015-06-10,11.65,11.9,11.4,11.55,1167794,EQ,,,
2015-06-11,11.75,11.75,10.9,11.0,1560943,EQ,,,
2015-06-12,11.0,11.2,10.9,11.05,812081,EQ,,,
2015-06-15,11.05,11.4,10.95,11.25,687550,EQ,,,
2015-06-16,11.3,11.3,10.9,11.05,706500,EQ,,,
2015-06-17,11.1,11.35,11.05,11.25,841189,EQ,,,
2015-06-18,11.3,11.4,11.25,11.35,670596,EQ,,,
2015-06-19,11.4,11.45,11.2,11.4,570260,EQ,,,
2015-06-22,11.4,11.7,11.3,11.6,797811,EQ,,,
2015-06-23,11.65,11.85,11.5,11.8,839420,EQ,,,
2015-06-24,11.85,11.9,11.3,11.4,841671,EQ,,,
2015-06-25,11.35,11.6,11.3,11.5,1300754,EQ,,,
2015-06-26,11.4,11.75,11.3,11.6,1084199,EQ,,,
2015-06-29,11.2,11.6,11.15,11.5,914201,EQ,,,
2015-06-30,11.4,11.75,11.4,11.7,973877,EQ,,,
2015-07-01,11.65,11.9,11.65,11.8,733555,EQ,,,
2015-07-02,11.9,12.2,11.9,12.2,1690924,EQ,,,
2015-07-03,12.2,12.2,11.75,11.8,1349072,EQ,,,
2015-07-06,11.75,11.95,11.5,11.95,751603,EQ,,,
2015-07-07,12.4,12.4,11.85,11.9,1821158,EQ,,,
2015-07-08,11.75,11.9,11.45,11.55,1565621,EQ,,,
2015-07-09,11.65,11.65,11.35,11.4,999243,EQ,,,
2015-07-10,11.45,11.6,11.45,11.5,628401,EQ,,,
2015-07-13,11.5,11.8,11.4,11.75,756404,EQ,,,
2015-07-14,11.8,11.8,11.45,11.5,1084321,EQ,,,
2015-07-15,11.55,12.0,11.5,11.9,1656466,EQ,,,
2015-07-16,12.0,12.05,11.8,12.0,1025651,EQ,,,
2015-07-17,11.95,12.1,11.9,11.9,783218,EQ,,,
2015-07-20,11.95,11.95,11.7,11.9,952501,EQ,,,
2015-07-21,11.85,12.3,11.75,11.8,1535998,EQ,,,
2015-07-22,11.8,12.3,11.7,12.2,1206491,EQ,,,
2015-07-23,11.95,12.8,11.95,12.45,2806693,EQ,,,
2015-07-24,12.45,12.7,12.2,12.3,1322605,EQ,,,
2015-07-27,12.2,12.25,11.8,11.8,1263156,EQ,,,
2015-07-28,11.9,12.0,11.75,11.85,1312122,EQ,,,
2015-07-29,11.9,12.25,11.75,12.2,1672715,EQ,,,
2015-07-30,12.25,12.55,12.1,12.45,2634975,EQ,,,
2015-07-31,12.55,12.6,12.25,12.3,1230171,EQ,,,
2015-08-03,12.35,12.5,12.35,12.5,1131807,EQ,,,
2015-08-04,12.6,12.6,12.1,12.4,960983,EQ,,,
2015-08-05,12.5,13.4,12.3,13.1,3257357,EQ,,,
2015-08-06,13.2,13.3,13.0,13.05,2191167,EQ,,,
2015-08-07,12.95,13.15,12.8,12.9,1674818,EQ,,,
2015-08-10,12.9,13.15,12.5,12.7,1440709,EQ,,,
2015-08-11,12.75,12.9,12.5,12.6,1490024,EQ,,,
2015-08-12,12.5,12.65,11.9,11.95,1290121,EQ,,,
2015-08-13,12.0,12.2,11.5,11.8,1916779,EQ,,,
2015-08-14,11.9,12.6,11.85,12.45,3741288,EQ,,,
2015-08-17,12.55,12.8,12.3,12.7,3004758,EQ,,,
2015-08-18,12.7,12.8,12.35,12.5,1375084,EQ,,,
2015-08-19,12.5,13.05,12.4,13.0,2489500,EQ,,,
2015-08-20,13.0,13.1,12.3,12.4,2712166,EQ,,,
2015-08-21,12.3,12.35,11.9,12.3,2259627,EQ,,,
2015-08-24,11.7,11.8,10.5,10.7,1845742,EQ,,,
2015-08-25,11.2,11.2,9.85,10.6,2397368,EQ,,,
2015-08-26,10.65,11.2,10.4,10.95,1829357,EQ,,,
2015-08-27,11.6,11.6,11.2,11.45,3590206,EQ,,,
2015-08-28,11.45,12.1,11.45,11.9,3340465,EQ,,,
2015-08-31,11.85,12.0,11.6,11.7,1455243,EQ,,,
2015-09-01,11.5,11.9,10.95,11.15,1562300,EQ,,,
2015-09-02,11.3,11.7,10.95,11.05,2366734,EQ,,,
2015-09-03,11.2,11.35,11.1,11.2,1277963,EQ,,,
2015-09-04,11.2,11.2,10.2,10.6,3268951,EQ,,,
2015-09-07,10.8,10.9,10.35,10.6,1773548,EQ,,,
2015-09-08,10.8,10.9,10.35,10.7,2232497,EQ,,,
2015-09-09,11.0,11.2,10.75,11.1,1718152,EQ,,,
2015-09-10,10.9,11.25,10.7,11.1,2155375,EQ,,,
2015-09-11,11.25,11.3,10.9,11.0,1782644,EQ,,,
2015-09-14,11.1,11.3,10.95,11.2,795687,EQ,,,
2015-09-15,11.2,11.3,10.85,10.9,1125836,EQ,,,
2015-09-16,11.0,11.05,10.6,10.65,1226689,EQ,,,
2015-09-18,10.8,11.55,10.8,11.3,4073785,EQ,,,
2015-09-21,11.1,11.55,11.05,11.5,1321319,EQ,,,
2015-09-22,11.6,11.8,10.85,11.2,2396155,EQ,,,
2015-09-23,10.9,11.4,10.9,11.3,1468226,EQ,,,
2015-09-24,11.25,11.4,11.0,11.1,1228062,EQ,,,
2015-09-28,11.15,11.3,10.8,10.9,1194140,EQ,,,
2015-09-29,10.7,11.35,10.7,11.3,2519785,EQ,,,
2015-09-30,11.4,11.9,11.4,11.9,2881831,EQ,,,
2015-10-01,11.95,11.95,11.7,11.8,1668027,EQ,,,
2015-10-05,11.9,12.55,11.9,12.3,2742350,EQ,,,
2015-10-06,12.4,12.95,12.3,12.65,3213052,EQ,,,
2015-10-07,12.6,12.8,12.4,12.65,1103400,EQ,,,
2015-10-08,12.65,12.75,12.2,12.6,1460192,EQ,,,
2015-10-09,12.7,12.9,12.6,12.75,1036227,EQ,,,
2015-10-12,12.7,12.8,12.35,12.45,532323,EQ,,,
2015-10-13,12.5,12.75,12.4,12.6,770569,EQ,,,
2015-10-14,12.5,12.85,12.5,12.7,1253677,EQ,,,
2015-10-15,12.8,12.9,12.6,12.7,1126603,EQ,,,
2015-10-16,12.85,12.85,12.45,12.7,597130,EQ,,,
2015-10-19,12.7,13.6,12.6,13.45,3143773,EQ,,,
2015-10-20,13.55,13.6,13.1,13.25,1504808,EQ,,,
2015-10-21,13.3,13.4,12.8,13.0,3464895,EQ,,,
2015-10-23,13.25,13.25,12.3,12.4,3264363,EQ,,,
2015-10-26,12.5,12.5,12.1,12.2,1462335,EQ,,,
2015-10-27,12.15,12.7,12.1,12.7,1933498,EQ,,,
2015-10-28,12.7,12.9,12.45,12.5,1193059,EQ,,,
2015-10-29,12.55,12.6,12.4,12.4,1215185,EQ,,,
2015-10-30,12.5,12.6,12.2,12.3,827658,EQ,,,
2015-11-02,12.3,12.65,12.2,12.35,1087395,EQ,,,
2015-11-03,12.4,12.5,12.2,12.3,762293,EQ,,,
2015-11-04,12.4,12.5,12.05,12.1,1131399,EQ,,,
2015-11-05,12.05,12.05,11.8,11.85,1284447,EQ,,,
2015-11-06,11.85,12.1,11.75,11.9,851207,EQ,,,
2015-11-09,11.45,12.1,11.45,12.05,924603,EQ,,,
2015-11-10,12.0,12.1,11.85,11.9,727210,EQ,,,
2015-11-11,12.1,12.1,12.0,12.05,108627,EQ,,,
2015-11-13,12.0,12.25,11.9,12.05,848551,EQ,,,
2015-11-16,11.95,12.25,11.9,12.2,775758,EQ,,,
2015-11-17,12.3,12.55,12.05,12.4,839419,EQ,,,
2015-11-18,12.5,12.75,12.35,12.45,2421639,EQ,,,
2015-11-19,12.65,12.75,12.5,12.65,1030202,EQ,,,
2015-11-20,12.75,12.8,12.6,12.65,1101292,EQ,,,
2015-11-23,12.55,12.7,12.4,12.45,503549,EQ,,,
2015-11-24,12.2,12.5,12.2,12.4,1440909,EQ,,,
2015-11-26,12.4,12.8,12.4,12.65,1456375,EQ,,,
2015-11-27,12.7,13.25,12.7,12.85,3031978,EQ,,,
2015-11-30,12.75,12.95,12.7,12.7,853059,EQ,,,
2015-12-01,12.8,12.85,12.35,12.5,1086023,EQ,,,
2015-12-02,12.7,12.7,12.4,12.5,1201361,EQ,,,
2015-12-03,12.45,12.6,12.3,12.35,1135393,EQ,,,
2015-12-04,12.4,12.4,11.95,12.1,1157452,EQ,,,
2015-12-07,12.15,12.3,11.9,12.0,712038,EQ,,,
2015-12-08,12.15,12.3,12.05,12.1,1503221,EQ,,,
2015-12-09,12.1,12.2,11.95,12.0,1813896,EQ,,,
2015-12-10,12.1,12.15,11.65,11.8,1973297,EQ,,,
2015-12-11,11.85,11.95,11.35,11.5,1209019,EQ,,,
2015-12-14,11.45,11.8,11.4,11.7,1073737,EQ,,,
2015-12-15,11.8,11.9,11.6,11.8,1115265,EQ,,,
2015-12-16,11.95,12.75,11.8,12.1,1584155,EQ,,,
2015-12-17,12.0,12.35,12.0,12.3,1765623,EQ,,,
2015-12-18,12.2,12.3,12.1,12.2,831557,EQ,,,
2015-12-21,12.2,12.3,12.1,12.25,675607,EQ,,,
2015-12-22,12.25,12.55,12.25,12.4,979754,EQ,,,
2015-12-23,12.4,12.45,12.2,12.3,474887,EQ,,,
2015-12-24,12.4,12.4,12.2,12.35,541587,EQ,,,
2015-12-28,12.45,12.45,12.3,12.3,290237,EQ,,,
2015-12-29,12.4,12.4,12.05,12.1,807250,EQ,,,
2015-12-30,12.05,12.25,11.95,12.1,820363,EQ,,,
2015-12-31,12.15,12.2,12.0,12.2,725993,EQ,,,
2016-01-01,12.2,12.4,12.1,12.25,619131,EQ,,,
2016-01-04,13.5,13.6,12.6,12.9,7899826,EQ,,,
2016-01-05,13.15,13.15,12.6,12.65,2803906,EQ,,,
2016-01-06,12.65,12.9,12.5,12.6,1800038,EQ,,,
2016-01-07,12.3,12.7,11.8,11.9,2167227,EQ,,,
2016-01-08,12.1,12.4,12.05,12.25,1597235,EQ,,,
2016-01-11,12.05,12.2,11.9,11.95,1816875,EQ,,,
2016-01-12,11.75,11.9,11.45,11.55,1686645,EQ,,,
2016-01-13,11.75,11.75,10.95,11.3,1955757,EQ,,,
2016-01-14,11.05,11.55,10.9,11.3,1572134,EQ,,,
2016-01-15,11.4,11.45,10.7,10.8,1065082,EQ,,,
2016-01-18,10.8,11.0,10.6,10.65,1636886,EQ,,,
2016-01-19,10.8,11.25,10.6,11.15,1880192,EQ,,,
2016-01-20,10.95,11.25,10.85,11.2,2784107,EQ,,,
2016-01-21,11.4,11.7,11.3,11.55,2908401,EQ,,,
2016-01-22,11.7,11.9,11.55,11.8,1752910,EQ,,,
2016-01-25,11.9,11.9,11.65,11.75,858995,EQ,,,
2016-01-27,11.8,11.95,11.6,11.8,983367,EQ,,,
2016-01-28,11.8,11.9,11.7,11.75,1388704,EQ,,,
2016-01-29,11.7,12.4,11.65,12.15,4697475,EQ,,,
2016-02-01,12.2,12.3,12.05,12.2,1161735,EQ,,,
2016-02-02,12.2,12.3,11.8,11.95,907334,EQ,,,
2016-02-03,11.7,11.8,11.45,11.65,1332595,EQ,,,
2016-02-04,11.9,11.9,11.4,11.55,1027372,EQ,,,
2016-02-05,11.55,11.8,11.5,11.7,839548,EQ,,,
2016-02-08,11.8,12.1,11.55,11.65,1464101,EQ,,,
2016-02-09,11.55,11.65,11.2,11.3,1102801,EQ,,,
2016-02-10,11.25,11.35,11.0,11.2,990990,EQ,,,
2016-02-11,11.2,11.3,10.35,10.5,1288906,EQ,,,
2016-02-12,10.55,10.65,9.85,10.2,2228086,EQ,,,
2016-02-15,10.4,10.95,10.4,10.8,1220038,EQ,,,
2016-02-16,10.95,11.05,10.5,10.6,1257368,EQ,,,
2016-02-17,10.65,10.85,10.25,10.7,1984053,EQ,,,
2016-02-18,10.85,11.15,10.7,10.9,1489037,EQ,,,
2016-02-19,10.9,11.05,10.8,10.85,1354814,EQ,,,
2016-02-22,10.95,11.05,10.9,11.0,1075381,EQ,,,
2016-02-23,11.0,11.0,10.7,10.8,819721,EQ,,,
2016-02-24,10.7,10.9,10.55,10.6,1272220,EQ,,,
2016-02-25,10.7,10.7,10.4,10.45,1555801,EQ,,,
2016-02-26,10.65,10.75,10.4,10.65,1420529,EQ,,,
2016-02-29,10.7,11.05,10.55,10.8,3177322,EQ,,,
2016-03-01,10.95,11.25,10.9,11.2,1620758,EQ,,,
2016-03-02,10.85,11.4,10.7,11.3,4997022,EQ,,,
2016-03-03,11.35,11.4,11.1,11.3,1297942,EQ,,,
2016-03-04,11.35,11.6,11.15,11.45,1478468,EQ,,,
2016-03-08,11.55,11.6,11.3,11.4,991749,EQ,,,
2016-03-09,11.35,11.75,11.3,11.7,1074671,EQ,,,
2016-03-10,11.8,11.8,11.45,11.5,987620,EQ,,,
2016-03-11,11.6,11.7,11.4,11.6,638551,EQ,,,
2016-03-14,11.75,11.75,11.5,11.6,736515,EQ,,,
2016-03-15,11.65,11.75,11.55,11.7,721788,EQ,,,
2016-03-16,11.6,11.65,11.3,11.5,1079820,EQ,,,
2016-03-17,11.7,11.8,11.5,11.55,1060652,EQ,,,
2016-03-18,11.7,11.7,11.4,11.55,1167230,EQ,,,
2016-03-21,11.55,11.7,11.55,11.55,846300,EQ,,,
2016-03-22,11.7,11.7,11.55,11.6,710970,EQ,,,
2016-03-23,11.7,11.8,11.6,11.7,850803,EQ,,,
2016-03-28,11.7,11.7,11.25,11.35,813040,EQ,,,
2016-03-29,11.3,11.5,11.1,11.4,1181263,EQ,,,
2016-03-30,11.45,11.55,11.4,11.45,598870,EQ,,,
2016-03-31,11.45,11.7,11.4,11.6,905601,EQ,,,
2016-04-01,11.7,11.95,11.55,11.85,1102571,EQ,,,
2016-04-04,11.95,11.95,11.65,11.7,857605,EQ,,,
2016-04-05,11.75,11.8,11.15,11.2,1214113,EQ,,,
2016-04-06,11.3,11.3,11.05,11.25,1059918,EQ,,,
2016-04-07,11.1,11.3,11.05,11.1,833688,EQ,,,
2016-04-08,11.2,11.2,10.8,10.9,1248341,EQ,,,
2016-04-11,10.9,11.15,10.8,11.1,1248429,EQ,,,
2016-04-12,11.1,11.2,11.0,11.05,971246,EQ,,,
2016-04-13,10.95,11.3,10.95,11.2,1384718,EQ,,,
2016-04-18,11.05,11.15,11.0,11.05,770758,EQ,,,
2016-04-20,11.05,11.2,10.9,11.0,1718701,EQ,,,
2016-04-21,11.1,11.25,11.0,11.05,1641258,EQ,,,
2016-04-22,10.95,11.1,10.95,11.0,973162,EQ,,,
2016-04-25,10.95,11.0,10.55,10.6,1875124,EQ,,,
2016-04-26,10.5,10.8,10.45,10.7,1912470,EQ,,,
2016-04-27,10.7,10.9,10.7,10.8,838846,EQ,,,
2016-04-28,10.85,10.9,10.55,10.6,1199600,EQ,,,
2016-04-29,10.55,10.8,10.55,10.7,1177896,EQ,,,
2016-05-02,10.55,10.8,10.55,10.7,998113,EQ,,,
2016-05-03,10.8,10.95,10.7,10.75,1647574,EQ,,,
2016-05-04,10.7,10.8,10.5,10.55,1105494,EQ,,,
2016-05-05,10.55,10.7,10.45,10.55,844564,EQ,,,
2016-05-06,10.55,10.55,10.4,10.45,724258,EQ,,,
2016-05-09,10.5,11.0,10.5,10.95,1448206,EQ,,,
2016-05-10,10.95,11.05,10.9,10.9,1116371,EQ,,,
2016-05-11,10.85,10.95,10.75,10.8,664117,EQ,,,
2016-05-12,10.8,11.1,10.8,10.95,1442442,EQ,,,
2016-05-13,10.95,11.0,10.7,10.75,567982,EQ,,,
2016-05-16,10.8,10.95,10.7,10.9,595069,EQ,,,
2016-05-17,10.95,11.05,10.75,10.8,670896,EQ,,,
2016-05-18,10.8,11.15,10.75,11.1,815780,EQ,,,
2016-05-19,11.1,11.4,10.8,10.95,2538765,EQ,,,
2016-05-20,11.0,11.2,10.75,10.8,1357135,EQ,,,
2016-05-23,10.85,10.9,10.55,10.6,862628,EQ,,,
2016-05-24,10.6,10.7,10.45,10.5,764920,EQ,,,
2016-05-25,10.55,10.7,10.5,10.6,695955,EQ,,,
2016-05-26,10.6,10.85,10.5,10.7,2174392,EQ,,,
2016-05-27,10.75,11.0,10.7,10.95,1706578,EQ,,,
2016-05-30,11.0,11.05,10.8,10.95,827825,EQ,,,
2016-05-31,10.95,11.1,10.8,11.0,1106593,EQ,,,
2016-06-01,11.05,11.05,10.7,10.75,804725,EQ,,,
2016-06-02,10.75,10.95,10.7,10.9,810365,EQ,,,
2016-06-03,10.95,10.95,10.65,10.7,736722,EQ,,,
2016-06-06,10.7,10.8,10.6,10.65,402217,EQ,,,
2016-06-07,10.55,10.9,10.55,10.9,1243664,EQ,,,
2016-06-08,10.9,10.95,10.7,10.75,1026340,EQ,,,
2016-06-09,10.8,10.95,10.65,10.85,1186072,EQ,,,
2016-06-10,10.9,10.9,10.7,10.7,517373,EQ,,,
2016-06-13,10.65,10.7,10.5,10.6,502411,EQ,,,
2016-06-14,10.6,10.8,10.5,10.6,961477,EQ,,,
2016-06-15,10.65,10.7,10.6,10.65,555113,EQ,,,
2016-06-16,10.65,10.8,10.5,10.55,1022857,EQ,,,
2016-06-17,10.65,10.7,10.55,10.6,499190,EQ,,,
2016-06-20,10.5,10.7,10.5,10.6,614552,EQ,,,
2016-06-21,10.65,10.7,10.55,10.55,447569,EQ,,,
2016-06-22,10.55,10.65,10.45,10.5,826951,EQ,,,
2016-06-23,10.55,10.55,10.45,10.55,468478,EQ,,,
2016-06-24,10.35,10.4,9.8,10.25,1158814,EQ,,,
2016-06-27,10.25,10.4,10.2,10.25,620945,EQ,,,
2016-06-28,10.25,10.4,10.25,10.3,956065,EQ,,,
2016-06-29,10.3,10.55,10.3,10.45,1046561,EQ,,,
2016-06-30,10.55,10.7,10.5,10.7,1720830,EQ,,,
2016-07-01,10.75,10.8,10.6,10.7,800825,EQ,,,
2016-07-04,10.8,10.95,10.75,10.85,1142042,EQ,,,
2016-07-05,10.85,11.0,10.8,10.9,777719,EQ,,,
2016-07-07,11.0,11.15,10.9,10.95,1174798,EQ,,,
2016-07-08,10.9,10.95,10.65,10.7,972791,EQ,,,
2016-07-11,10.75,10.9,10.75,10.8,668264,EQ,,,
2016-07-12,10.95,11.1,10.9,11.05,1652050,EQ,,,
2016-07-13,11.1,11.1,10.8,10.85,881990,EQ,,,
2016-07-14,10.8,11.0,10.8,10.95,555710,EQ,,,
2016-07-15,11.0,11.05,10.8,10.85,836661,EQ,,,
2016-07-18,10.85,10.95,10.7,10.75,527792,EQ,,,
2016-07-19,10.7,10.9,10.7,10.7,912496,EQ,,,
2016-07-20,10.75,10.9,10.75,10.9,575404,EQ,,,
2016-07-21,10.85,11.05,10.75,10.8,1098651,EQ,,,
2016-07-22,10.8,10.85,10.65,10.8,721093,EQ,,,
2016-07-25,10.8,10.95,10.8,10.85,518678,EQ,,,
2016-07-26,10.85,10.9,10.7,10.7,597320,EQ,,,
2016-07-27,10.7,10.8,10.55,10.7,856440,EQ,,,
2016-07-28,10.7,10.8,10.7,10.8,1516647,EQ,,,
2016-07-29,10.8,10.9,10.75,10.8,1143548,EQ,,,
2016-08-01,11.1,11.2,10.7,10.75,3551123,EQ,,,
2016-08-02,10.75,10.8,10.5,10.6,1995519,EQ,,,
2016-08-03,10.6,10.65,10.3,10.3,1020552,EQ,,,
2016-08-04,10.4,10.5,10.3,10.5,1027128,EQ,,,
2016-08-05,10.55,10.6,10.55,10.55,987732,EQ,,,
2016-08-08,10.65,10.75,10.5,10.7,789810,EQ,,,
2016-08-09,10.7,10.7,10.5,10.5,759719,EQ,,,
2016-08-10,10.55,10.6,10.3,10.3,642368,EQ,,,
2016-08-11,10.3,10.6,10.1,10.5,3507518,EQ,,,
2016-08-12,10.55,10.8,10.2,10.3,3676293,EQ,,,
2016-08-16,10.4,10.45,10.2,10.4,1295251,EQ,,,
2016-08-17,10.45,10.55,10.4,10.55,1979200,EQ,,,
2016-08-18,10.55,11.05,10.55,11.0,2472376,EQ,,,
2016-08-19,11.1,11.6,11.0,11.5,5136745,EQ,,,
2016-08-22,11.5,11.9,11.3,11.8,2456130,EQ,,,
2016-08-23,11.8,11.9,11.6,11.7,1751825,EQ,,,
2016-08-24,11.65,11.9,11.6,11.8,1259934,EQ,,,
2016-08-25,11.8,11.9,11.55,11.6,1023264,EQ,,,
2016-08-26,11.7,11.9,11.6,11.65,1453567,EQ,,,
2016-08-29,11.55,11.75,11.45,11.7,821258,EQ,,,
2016-08-30,11.8,11.8,11.6,11.6,699987,EQ,,,
2016-08-31,11.7,11.8,11.25,11.3,2951080,EQ,,,
2016-09-01,11.4,11.6,11.25,11.35,1224286,EQ,,,
2016-09-02,11.45,11.6,11.4,11.55,847535,EQ,,,
2016-09-06,11.6,11.7,11.45,11.5,1241738,EQ,,,
2016-09-07,11.55,11.7,11.45,11.5,1199859,EQ,,,
2016-09-08,11.55,12.7,11.5,12.6,8197446,EQ,,,
2016-09-09,12.7,12.7,12.2,12.3,2961268,EQ,,,
2016-09-12,12.15,12.3,11.7,12.05,4255652,EQ,,,
2016-09-14,12.05,12.4,12.05,12.3,4680813,EQ,,,
2016-09-15,12.4,12.5,12.1,12.2,1516661,EQ,,,
2016-09-16,12.35,12.65,12.2,12.4,3083731,EQ,,,
2016-09-19,12.4,12.45,12.1,12.2,1798851,EQ,,,
2016-09-20,12.3,12.6,12.1,12.4,2923927,EQ,,,
2016-09-21,12.7,12.8,12.4,12.45,5323680,EQ,,,
2016-09-22,12.55,12.65,12.35,12.5,2402252,EQ,,,
2016-09-23,12.5,13.3,12.45,13.05,8382462,EQ,,,
2016-09-26,13.0,13.25,12.8,12.85,4506174,EQ,,,
2016-09-27,13.15,13.3,12.75,12.9,7216020,EQ,,,
2016-09-28,12.9,13.1,12.85,13.0,1858009,EQ,,,
2016-09-29,13.05,13.2,11.75,12.25,5087559,EQ,,,
2016-09-30,12.15,12.45,12.05,12.25,1791020,EQ,,,
2016-10-03,12.4,13.05,12.3,12.8,4611719,EQ,,,
2016-10-04,12.9,12.9,12.45,12.65,2787778,EQ,,,
2016-10-05,12.75,12.8,12.45,12.55,2375185,EQ,,,
2016-10-06,12.55,12.7,12.2,12.35,1613021,EQ,,,
2016-10-07,12.35,12.55,12.2,12.45,1312273,EQ,,,
2016-10-10,12.4,12.4,12.05,12.1,1859200,EQ,,,
2016-10-13,12.05,12.05,11.4,11.6,2011765,EQ,,,
2016-10-14,11.55,12.1,11.55,12.05,1882107,EQ,,,
2016-10-17,12.05,12.2,11.7,11.8,1297523,EQ,,,
2016-10-18,11.95,12.1,11.8,12.0,1275560,EQ,,,
2016-10-19,12.05,12.2,11.95,12.05,935053,EQ,,,
2016-10-20,12.1,12.3,12.05,12.1,1219552,EQ,,,
2016-10-21,12.2,12.55,12.1,12.45,2004973,EQ,,,
2016-10-24,12.5,12.7,12.45,12.55,1467575,EQ,,,
2016-10-25,12.55,12.6,12.3,12.3,544356,EQ,,,
2016-10-26,12.25,12.5,12.05,12.1,934093,EQ,,,
2016-10-27,12.1,12.1,11.7,11.7,2262926,EQ,,,
2016-10-28,11.7,11.9,11.6,11.75,974111,EQ,,,
2016-10-30,11.8,11.85,11.75,11.8,118214,EQ,,,
2016-11-01,11.75,11.8,11.55,11.65,792324,EQ,,,
2016-11-02,11.5,11.5,11.25,11.3,724522,EQ,,,
2016-11-03,11.25,11.45,11.15,11.2,568693,EQ,,,
2016-11-04,11.2,11.2,10.8,10.9,641132,EQ,,,
2016-11-07,11.05,11.35,10.95,11.2,1535625,EQ,,,
2016-11-08,11.3,11.3,11.15,11.3,1176156,EQ,,,
2016-11-09,10.25,10.7,9.7,10.6,2722386,EQ,,,
2016-11-10,10.8,11.15,10.8,10.9,1016107,EQ,,,
2016-11-11,10.75,10.75,10.2,10.25,1250459,EQ,,,
2016-11-15,10.25,10.3,8.9,9.25,3062002,EQ,,,
2016-11-16,9.35,9.55,9.2,9.35,2120250,EQ,,,
2016-11-17,9.35,9.6,9.3,9.4,1286020,EQ,,,
2016-11-18,9.45,9.9,9.3,9.6,2472485,EQ,,,
2016-11-21,9.6,9.7,9.25,9.45,2293070,EQ,,,
2016-11-22,9.55,9.7,8.9,9.1,4485147,EQ,,,
2016-11-23,9.2,9.3,8.9,9.2,4157996,EQ,,,
2016-11-24,9.2,9.6,9.05,9.3,2807567,EQ,,,
2016-11-25,9.35,9.4,9.15,9.3,2054105,EQ,,,
2016-11-28,9.4,9.6,9.3,9.4,1515852,EQ,,,
2016-11-29,9.4,9.55,9.3,9.35,1586147,EQ,,,
2016-11-30,9.4,9.4,9.25,9.3,1794727,EQ,,,
2016-12-01,9.5,9.8,9.2,9.5,8355439,EQ,,,
2016-12-02,9.4,9.55,9.3,9.45,1340088,EQ,,,
2016-12-05,9.5,9.55,9.2,9.4,1133314,EQ,,,
2016-12-06,9.4,9.5,9.3,9.35,967491,EQ,,,
2016-12-07,9.3,9.45,9.25,9.3,1140888,EQ,,,
2016-12-08,9.35,9.7,9.35,9.6,2980062,EQ,,,
2016-12-09,9.6,9.7,9.5,9.55,1040469,EQ,,,
2016-12-12,9.7,9.8,9.55,9.7,1804317,EQ,,,
2016-12-13,9.85,9.85,9.55,9.75,1531883,EQ,,,
2016-12-14,9.8,9.95,9.7,9.75,1416445,EQ,,,
2016-12-15,9.7,9.85,9.6,9.75,729411,EQ,,,
2016-12-16,9.7,9.85,9.55,9.65,693250,EQ,,,
2016-12-19,9.85,9.95,9.7,9.9,1813224,EQ,,,
2016-12-20,9.9,10.1,9.8,9.9,1996774,EQ,,,
2016-12-21,10.0,10.05,9.9,9.95,1240049,EQ,,,
2016-12-22,9.9,10.0,9.7,9.85,1122072,EQ,,,
2016-12-23,9.9,10.0,9.85,9.9,875451,EQ,,,
2016-12-26,9.9,9.9,9.4,9.45,1170528,EQ,,,
2016-12-27,9.4,9.5,9.15,9.45,1950969,EQ,,,
2016-12-28,9.5,9.6,9.4,9.5,1176285,EQ,,,
2016-12-29,9.7,9.8,9.6,9.7,3184521,EQ,,,
2016-12-30,9.7,9.9,9.7,9.8,1095692,EQ,,,
2017-01-02,9.9,10.25,9.8,10.2,1637495,EQ,,,
2017-01-03,10.3,10.35,10.2,10.3,1444908,EQ,,,
2017-01-04,10.3,10.4,10.3,10.35,695083,EQ,,,
2017-01-05,10.4,10.9,10.4,10.7,3804532,EQ,,,
2017-01-06,10.7,10.75,10.55,10.7,1595028,EQ,,,
2017-01-09,10.8,10.8,10.7,10.7,747115,EQ,,,
2017-01-10,10.75,10.9,10.7,10.75,1555685,EQ,,,
2017-01-11,10.8,10.9,10.8,10.8,1182998,EQ,,,
2017-01-12,10.8,10.85,10.55,10.65,538804,EQ,,,
2017-01-13,10.65,10.7,10.5,10.7,720884,EQ,,,
2017-01-16,10.7,10.85,10.55,10.8,941544,EQ,,,
2017-01-17,10.85,11.1,10.8,11.0,1961821,EQ,,,
2017-01-18,11.1,11.1,10.9,11.0,855988,EQ,,,
2017-01-19,11.05,11.1,10.95,11.0,728926,EQ,,,
2017-01-20,10.95,11.05,10.65,10.7,941842,EQ,,,
2017-01-23,10.65,10.75,10.5,10.6,1238016,EQ,,,
2017-01-24,10.65,10.9,10.55,10.9,1126923,EQ,,,
2017-01-25,10.9,11.6,10.8,11.4,6031033,EQ,,,
2017-01-27,11.4,11.7,11.4,11.55,2103515,EQ,,,
2017-01-30,11.55,11.75,11.55,11.6,1103344,EQ,,,
2017-01-31,11.7,11.9,11.5,11.55,1287650,EQ,,,
2017-02-01,11.6,11.95,11.5,11.9,2492539,EQ,,,
2017-02-02,11.9,12.0,11.75,11.85,2339708,EQ,,,
2017-02-03,11.85,11.85,11.65,11.7,843439,EQ,,,
2017-02-06,11.8,11.95,11.7,11.8,1347340,EQ,,,
2017-02-07,11.85,11.9,11.55,11.65,866321,EQ,,,
2017-02-08,11.75,11.85,11.5,11.7,835827,EQ,,,
2017-02-09,11.75,11.95,11.7,11.8,1189930,EQ,,,
2017-02-10,11.85,11.9,11.5,11.65,906569,EQ,,,
2017-02-13,11.7,11.8,11.45,11.6,814819,EQ,,,
2017-02-14,11.6,11.7,11.4,11.5,472697,EQ,,,
2017-02-15,11.55,11.65,11.2,11.3,815089,EQ,,,
2017-02-16,11.3,11.45,11.1,11.4,964558,EQ,,,
2017-02-17,11.45,11.55,11.3,11.4,1134098,EQ,,,
2017-02-20,11.4,11.95,11.4,11.6,4531774,EQ,,,
2017-02-21,11.6,11.75,11.45,11.7,1688352,EQ,,,
2017-02-22,11.65,11.75,11.5,11.55,1104047,EQ,,,
2017-02-23,11.65,11.75,11.45,11.55,1760930,EQ,,,
2017-02-27,11.55,11.65,11.4,11.45,866365,EQ,,,
2017-02-28,11.4,11.7,11.4,11.6,1395891,EQ,,,
2017-03-01,11.6,11.95,11.6,11.9,1744469,EQ,,,
2017-03-02,12.0,12.2,11.35,11.45,3070558,EQ,,,
2017-03-03,11.45,11.6,11.3,11.4,2213585,EQ,,,
2017-03-06,11.4,11.55,11.4,11.45,668302,EQ,,,
2017-03-07,11.5,11.75,11.5,11.55,1623464,EQ,,,
2017-03-08,11.6,11.65,11.35,11.4,1077143,EQ,,,
2017-03-09,11.4,11.4,11.25,11.3,929014,EQ,,,
2017-03-10,11.3,11.45,11.25,11.3,1205104,EQ,,,
2017-03-14,11.6,11.7,11.4,11.5,3368822,EQ,,,
2017-03-15,11.55,12.3,11.55,12.2,5038635,EQ,,,
2017-03-16,12.45,12.45,12.2,12.35,2412842,EQ,,,
2017-03-17,12.3,12.4,12.05,12.2,2657159,EQ,,,
2017-03-20,12.25,12.25,12.0,12.1,1500963,EQ,,,
2017-03-21,12.05,12.1,11.9,12.0,794752,EQ,,,
2017-03-22,11.9,11.9,11.5,11.5,2437143,EQ,,,
2017-03-23,11.6,11.9,11.6,11.7,2273382,EQ,,,
2017-03-24,11.8,11.85,11.7,11.75,1072317,EQ,,,
2017-03-27,11.75,11.8,11.5,11.65,1483614,EQ,,,
2017-03-28,11.7,11.8,11.6,11.65,1785638,EQ,,,
2017-03-29,11.7,11.75,11.6,11.65,1150650,EQ,,,
2017-03-30,11.6,12.0,11.6,11.8,3835088,EQ,,,
2017-03-31,11.85,12.0,11.8,11.8,1519482,EQ,,,
2017-04-03,11.9,12.15,11.8,12.05,2197356,EQ,,,
2017-04-05,12.15,12.15,12.0,12.05,1221794,EQ,,,
2017-04-06,12.0,12.5,11.8,12.25,3060619,EQ,,,
2017-04-07,12.2,12.4,11.8,11.9,2343238,EQ,,,
2017-04-10,11.95,12.0,11.7,11.85,1119682,EQ,,,
2017-04-11,11.9,12.0,11.8,12.0,1658205,EQ,,,
2017-04-12,12.05,12.05,11.7,11.75,1727018,EQ,,,
2017-04-13,11.75,11.9,11.7,11.7,1520503,EQ,,,
2017-04-17,11.75,12.0,11.6,11.95,2620313,EQ,,,
2017-04-18,11.95,13.55,11.95,12.4,17979851,EQ,,,
2017-04-19,12.5,12.85,12.3,12.65,6606554,EQ,,,
2017-04-20,12.7,12.7,11.95,12.0,5415834,EQ,,,
2017-04-21,12.15,12.45,11.95,12.35,6351223,EQ,,,
2017-04-24,12.55,12.7,12.3,12.35,6083286,EQ,,,
2017-04-25,12.55,12.95,12.45,12.75,9658364,EQ,,,
2017-04-26,12.8,12.9,12.35,12.6,4374223,EQ,,,
2017-04-27,12.65,12.9,12.5,12.7,3840314,EQ,,,
2017-04-28,12.8,13.15,12.7,13.05,4217823,EQ,,,
2017-05-02,13.25,13.4,13.0,13.35,4629229,EQ,,,
2017-05-03,13.55,13.6,13.15,13.25,4280187,EQ,,,
2017-05-04,13.2,13.3,12.95,13.2,2572712,EQ,,,
2017-05-05,13.3,13.4,12.6,12.8,4706086,EQ,,,
2017-05-08,12.9,13.05,12.2,12.8,7507755,EQ,,,
2017-05-09,12.8,13.05,12.7,12.95,3785195,EQ,,,
2017-05-10,13.0,13.2,12.9,13.1,2697647,EQ,,,
2017-05-11,13.2,13.25,12.35,13.05,4841973,EQ,,,
2017-05-12,13.25,13.3,12.7,12.8,3012845,EQ,,,
2017-05-15,12.9,13.05,12.8,13.0,822026,EQ,,,
2017-05-16,13.05,13.1,12.75,12.8,1258926,EQ,,,
2017-05-17,12.9,13.0,12.7,12.8,1763014,EQ,,,
2017-05-18,12.7,12.8,12.05,12.15,2422303,EQ,,,
2017-05-19,12.15,12.3,11.8,11.9,1477274,EQ,,,
2017-05-22,12.0,12.05,11.6,11.65,1021113,EQ,,,
2017-05-23,11.65,11.7,10.95,11.25,2050042,EQ,,,
2017-05-24,11.2,11.4,10.7,10.8,1905772,EQ,,,
2017-05-25,10.9,11.3,10.85,11.2,3443210,EQ,,,
2017-05-26,11.2,11.45,11.2,11.35,1164060,EQ,,,
2017-05-29,11.3,11.4,10.95,11.0,1746128,EQ,,,
2017-05-30,10.9,11.25,10.85,11.2,1397086,EQ,,,
2017-05-31,11.5,11.55,11.25,11.4,4603189,EQ,,,
2017-06-01,11.3,11.5,11.2,11.25,1857408,EQ,,,
2017-06-02,11.45,11.65,11.25,11.6,2811313,EQ,,,
2017-06-05,11.7,11.8,11.55,11.7,2826765,EQ,,,
2017-06-06,11.6,11.7,11.4,11.55,2128005,EQ,,,
2017-06-07,11.55,11.7,11.55,11.6,1601759,EQ,,,
2017-06-08,11.65,11.7,11.4,11.45,895355,EQ,,,
2017-06-09,11.45,11.5,11.3,11.45,1032236,EQ,,,
2017-06-12,11.4,11.5,11.3,11.4,1094592,EQ,,,
2017-06-13,11.4,11.45,11.2,11.3,866077,EQ,,,
2017-06-14,11.4,11.45,11.3,11.4,1391767,EQ,,,
2017-06-15,11.4,11.55,11.3,11.4,1271134,EQ,,,
2017-06-16,11.45,11.5,11.35,11.4,1076584,EQ,,,
2017-06-19,11.45,11.5,11.4,11.4,1392440,EQ,,,
2017-06-20,11.45,11.45,11.3,11.4,1362597,EQ,,,
2017-06-21,11.35,11.35,11.1,11.2,1338446,EQ,,,
2017-06-22,11.2,11.3,10.95,11.0,2297411,EQ,,,
2017-06-23,11.0,11.0,10.7,10.75,1502631,EQ,,,
2017-06-27,10.8,10.8,10.2,10.4,2111615,EQ,,,
2017-06-28,10.4,10.4,10.2,10.3,1247877,EQ,,,
2017-06-29,10.4,10.55,10.4,10.5,1542920,EQ,,,
2017-06-30,10.5,10.5,10.4,10.45,866505,EQ,,,
2017-07-03,10.45,10.7,10.45,10.7,906018,EQ,,,
2017-07-04,10.7,10.8,10.6,10.6,817289,EQ,,,
2017-07-05,10.7,10.7,10.6,10.7,1044260,EQ,,,
2017-07-06,10.75,11.05,10.7,10.85,3715866,EQ,,,
2017-07-07,10.95,10.95,10.7,10.7,783254,EQ,,,
2017-07-10,11.0,11.0,10.7,10.9,202952,EQ,,,
2017-07-11,10.9,11.0,10.8,10.8,1060532,EQ,,,
2017-07-12,10.85,11.0,10.8,10.9,1794631,EQ,,,
2017-07-13,10.9,11.0,10.85,10.9,896595,EQ,,,
2017-07-14,10.95,11.1,10.9,10.95,2100982,EQ,,,
2017-07-17,11.0,11.05,10.8,10.8,1202387,EQ,,,
2017-07-18,10.85,10.9,10.7,10.7,1071430,EQ,,,
2017-07-19,10.7,10.9,10.7,10.8,999628,EQ,,,
2017-07-20,10.8,10.95,10.8,10.8,1271274,EQ,,,
2017-07-21,10.85,10.9,10.65,10.7,1011025,EQ,,,
2017-07-24,10.8,11.3,10.7,10.85,10181386,EQ,,,
2017-07-25,11.0,11.0,10.8,10.85,2904393,EQ,,,
2017-07-26,10.9,10.9,10.65,10.75,1792951,EQ,,,
2017-07-27,10.8,11.0,10.8,10.9,5135613,EQ,,,
2017-07-28,10.8,11.3,10.8,11.3,4220600,EQ,,,
2017-07-31,11.25,11.4,11.2,11.3,2773280,EQ,,,
2017-08-01,11.3,11.5,11.2,11.4,2505875,EQ,,,
2017-08-02,11.4,11.45,11.2,11.3,1138864,EQ,,,
2017-08-03,11.2,11.3,10.95,11.0,1427243,EQ,,,
2017-08-04,11.0,11.15,10.9,11.05,1318286,EQ,,,
2017-08-07,11.4,11.4,11.2,11.25,1752474,EQ,,,
2017-08-08,11.35,11.35,10.9,10.95,1982424,EQ,,,
2017-08-09,10.95,10.95,10.4,10.55,3661501,EQ,,,
2017-08-10,10.45,10.6,9.85,10.0,2232732,EQ,,,
2017-08-11,9.9,10.3,9.75,10.15,2645784,EQ,,,
2017-08-14,10.25,10.45,10.2,10.45,1341257,EQ,,,
2017-08-16,10.45,10.7,10.4,10.6,1541510,EQ,,,
2017-08-17,10.65,10.7,10.5,10.55,1104663,EQ,,,
2017-08-18,10.45,10.7,10.4,10.7,1273065,EQ,,,
2017-08-21,10.7,10.75,10.25,10.3,878187,EQ,,,
2017-08-22,10.4,10.7,10.4,10.5,2320320,EQ,,,
2017-08-23,10.5,10.65,10.5,10.6,928285,EQ,,,
2017-08-24,10.65,10.75,10.55,10.6,533049,EQ,,,
2017-08-28,10.65,10.7,10.55,10.6,849387,EQ,,,
2017-08-29,10.5,10.8,10.45,10.5,1818543,EQ,,,
2017-08-30,10.7,10.75,10.6,10.7,929859,EQ,,,
2017-08-31,10.7,10.8,10.6,10.7,2454281,EQ,,,
2017-09-01,10.9,11.0,10.85,10.9,1551798,EQ,,,
2017-09-04,10.9,10.9,10.55,10.65,1107280,EQ,,,
2017-09-05,10.8,10.9,10.7,10.8,1045011,EQ,,,
2017-09-06,10.7,11.0,10.7,10.95,818247,EQ,,,
2017-09-07,11.0,11.05,10.8,10.85,814039,EQ,,,
2017-09-08,10.9,11.0,10.7,10.8,682201,EQ,,,
2017-09-11,10.6,10.8,10.5,10.55,1973082,EQ,,,
2017-09-12,10.6,10.9,10.6,10.7,1684670,EQ,,,
2017-09-13,10.75,10.8,10.6,10.65,587688,EQ,,,
2017-09-14,10.7,11.05,10.65,11.0,2083386,EQ,,,
2017-09-15,10.85,10.95,10.8,10.8,1038768,EQ,,,
2017-09-18,10.9,11.0,10.85,10.95,1488785,EQ,,,
2017-09-19,11.0,11.1,10.7,11.05,1889525,EQ,,,
2017-09-20,11.1,11.3,11.0,11.15,1395933,EQ,,,
2017-09-21,11.1,11.2,10.9,11.1,916905,EQ,,,
2017-09-22,11.0,11.05,10.55,10.7,1723895,EQ,,,
2017-09-25,10.5,10.7,10.25,10.5,1610539,EQ,,,
2017-09-26,10.5,10.65,10.4,10.5,1711160,EQ,,,
2017-09-27,10.55,10.7,10.25,10.3,1505414,EQ,,,
2017-09-28,10.3,11.8,10.3,11.1,21123438,EQ,,,
2017-09-29,10.8,10.95,10.6,10.65,3953293,EQ,,,
2017-10-03,10.75,10.75,10.45,10.5,2398718,EQ,,,
2017-10-04,10.5,10.6,10.4,10.45,1568302,EQ,,,
2017-10-05,10.45,10.55,10.4,10.5,1155135,EQ,,,
2017-10-06,10.5,10.65,10.4,10.45,2228800,EQ,,,
2017-10-09,10.45,10.55,10.4,10.5,2188062,EQ,,,
2017-10-10,10.5,10.6,10.45,10.5,951660,EQ,,,
2017-10-11,10.5,10.55,10.15,10.3,1336111,EQ,,,
2017-10-12,10.3,10.45,10.3,10.4,1120520,EQ,,,
2017-10-13,10.4,10.5,10.3,10.35,1062406,EQ,,,
2017-10-16,10.4,10.45,10.3,10.4,1059385,EQ,,,
2017-10-17,10.4,10.45,10.35,10.4,1273565,EQ,,,
2017-10-18,10.4,10.65,10.35,10.5,1561688,EQ,,,
2017-10-19,10.5,10.5,10.3,10.4,194740,EQ,,,
2017-10-23,10.4,10.6,10.4,10.55,1581181,EQ,,,
2017-10-24,10.6,10.9,10.6,10.7,2738825,EQ,,,
2017-10-25,11.0,11.45,10.9,11.35,6479850,EQ,,,
2017-10-26,11.4,12.05,11.05,11.9,8459232,EQ,,,
2017-10-27,11.95,12.1,11.7,11.8,2826971,EQ,,,
2017-10-30,11.9,12.1,11.7,11.9,1402417,EQ,,,
2017-10-31,11.9,12.5,11.9,12.1,3638700,EQ,,,
2017-11-01,12.2,12.35,12.0,12.0,1589201,EQ,,,
2017-11-02,12.05,12.25,11.9,12.05,1849803,EQ,,,
2017-11-03,12.1,12.3,12.05,12.2,1906083,EQ,,,
2017-11-06,12.2,12.55,12.05,12.3,2654726,EQ,,,
2017-11-07,12.35,12.4,11.75,11.95,1918802,EQ,,,
2017-11-08,11.95,12.0,11.6,11.8,2820531,EQ,,,
2017-11-09,12.0,12.0,11.45,11.6,2527188,EQ,,,
2017-11-10,11.7,11.7,11.3,11.4,1527120,EQ,,,
2017-11-13,11.4,11.55,11.25,11.45,4266226,EQ,,,
2017-11-14,11.5,11.7,11.3,11.55,1993510,EQ,,,
2017-11-15,11.45,11.8,11.15,11.3,1925304,EQ,,,
2017-11-16,11.4,11.55,11.3,11.5,1426185,EQ,,,
2017-11-17,11.55,11.85,11.55,11.65,1636551,EQ,,,
2017-11-20,11.7,11.95,11.6,11.75,1804605,EQ,,,
2017-11-21,11.8,11.85,11.4,11.45,1828950,EQ,,,
2017-11-22,11.5,11.65,11.45,11.55,938223,EQ,,,
2017-11-23,11.6,11.7,11.4,11.5,780244,EQ,,,
2017-11-24,11.55,11.7,11.4,11.6,985113,EQ,,,
2017-11-27,11.6,11.7,11.5,11.6,952496,EQ,,,
2017-11-28,11.55,11.95,11.5,11.75,2050367,EQ,,,
2017-11-29,11.75,11.9,11.65,11.7,1119163,EQ,,,
2017-11-30,11.6,11.6,11.35,11.5,3562241,EQ,,,
2017-12-01,11.5,11.6,11.05,11.1,2028388,EQ,,,
2017-12-04,11.1,11.15,10.6,10.7,2455011,EQ,,,
2017-12-05,10.7,10.7,10.3,10.45,3139126,EQ,,,
2017-12-06,10.45,10.55,10.4,10.5,1780531,EQ,,,
2017-12-07,10.05,10.4,9.7,10.25,17364031,EQ,,,
2017-12-08,10.25,10.35,10.15,10.2,2681925,EQ,,,
2017-12-11,10.2,10.35,10.1,10.2,2632955,EQ,,,
2017-12-12,10.2,10.2,10.05,10.1,2425376,EQ,,,
2017-12-13,10.1,10.15,9.7,9.75,3411363,EQ,,,
2017-12-14,9.9,10.55,9.8,10.45,7284398,EQ,,,
2017-12-15,10.6,10.9,10.5,10.8,3634812,EQ,,,
2017-12-18,10.5,11.2,10.45,11.1,3888373,EQ,,,
2017-12-19,11.1,11.4,11.0,11.4,2688208,EQ,,,
2017-12-20,11.35,11.8,11.25,11.65,2250686,EQ,,,
2017-12-21,11.75,11.75,11.55,11.6,1083704,EQ,,,
2017-12-22,11.6,12.0,11.5,11.8,1945106,EQ,,,
2017-12-26,11.75,11.9,11.55,11.75,1141589,EQ,,,
2017-12-27,11.8,12.0,11.75,11.85,1266767,EQ,,,
2017-12-28,11.9,11.95,11.6,11.7,963317,EQ,,,
2017-12-29,11.7,11.95,11.6,11.9,1285812,EQ,,,
2018-01-01,11.9,11.95,11.6,11.7,663061,EQ,,,
2018-01-02,11.7,11.8,11.35,11.45,1416281,EQ,,,
2018-01-03,11.45,11.9,11.45,11.8,2128151,EQ,,,
2018-01-04,11.95,11.95,11.8,11.85,1873563,EQ,,,
2018-01-05,11.8,12.3,11.8,12.2,2671591,EQ,,,
2018-01-08,12.2,12.4,12.1,12.25,1008807,EQ,,,
2018-01-09,12.3,12.5,12.1,12.3,1274235,EQ,,,
2018-01-10,12.3,12.55,12.3,12.4,1969002,EQ,,,
2018-01-11,12.4,12.5,12.3,12.4,772525,EQ,,,
2018-01-12,12.55,12.6,12.1,12.5,2096684,EQ,,,
2018-01-15,13.0,13.0,12.4,12.45,2614994,EQ,,,
2018-01-16,12.55,12.55,12.0,12.1,1110778,EQ,,,
2018-01-17,12.05,12.4,11.85,12.35,1629462,EQ,,,
2018-01-18,12.4,12.4,11.85,11.95,796718,EQ,,,
2018-01-19,11.95,12.0,11.55,11.85,1624990,EQ,,,
2018-01-22,11.85,12.0,11.8,11.95,774813,EQ,,,
2018-01-23,11.95,12.2,11.9,12.1,1036474,EQ,,,
2018-01-24,12.1,12.2,11.95,12.05,970207,EQ,,,
2018-01-25,12.05,12.25,11.95,12.2,1399633,EQ,,,
2018-01-29,12.25,12.45,12.1,12.25,895271,EQ,,,
2018-01-30,12.2,12.3,12.05,12.2,799850,EQ,,,
2018-01-31,12.1,12.3,11.55,12.05,2097510,EQ,,,
2018-02-01,12.05,12.4,11.7,12.15,2854333,EQ,,,
2018-02-02,12.05,12.1,11.05,11.2,2176847,EQ,,,
2018-02-05,11.0,11.3,10.8,11.2,1217306,EQ,,,
2018-02-06,10.5,11.1,10.45,11.0,1963158,EQ,,,
2018-02-07,11.1,11.2,10.85,10.95,1395784,EQ,,,
2018-02-08,10.95,11.2,10.95,11.15,2840547,EQ,,,
2018-02-09,10.9,11.3,10.9,11.1,1093074,EQ,,,
2018-02-12,11.1,11.4,11.1,11.4,1456179,EQ,,,
2018-02-14,11.5,11.5,11.25,11.45,1526945,EQ,,,
2018-02-15,11.4,11.5,11.2,11.4,1901493,EQ,,,
2018-02-16,11.5,11.6,11.3,11.5,2007597,EQ,,,
2018-02-19,11.5,11.5,11.1,11.3,1043653,EQ,,,
2018-02-20,11.2,11.3,11.05,11.1,816051,EQ,,,
2018-02-21,11.15,11.2,10.9,11.05,1174499,EQ,,,
2018-02-22,11.1,11.1,10.8,10.85,1531919,EQ,,,
2018-02-23,10.9,11.45,10.85,11.35,1014568,EQ,,,
2018-02-26,11.4,11.5,11.3,11.35,729215,EQ,,,
2018-02-27,11.4,11.75,11.4,11.7,1705227,EQ,,,
2018-02-28,11.6,11.7,11.4,11.4,1240495,EQ,,,
2018-03-01,11.4,11.5,11.15,11.2,778837,EQ,,,
2018-03-05,11.1,11.2,10.8,10.95,1159454,EQ,,,
2018-03-06,11.0,11.15,10.75,10.8,751527,EQ,,,
2018-03-07,10.8,10.9,10.6,10.75,1147480,EQ,,,
2018-03-08,10.8,10.85,10.5,10.8,925961,EQ,,,
2018-03-09,10.9,10.9,10.65,10.7,684383,EQ,,,
2018-03-12,10.85,10.9,10.7,10.8,1204421,EQ,,,
2018-03-13,10.85,11.0,10.7,10.8,1982119,EQ,,,
2018-03-14,10.95,11.1,10.85,11.0,4038611,EQ,,,
2018-03-15,11.1,11.1,10.8,10.9,1739376,EQ,,,
2018-03-16,10.9,11.15,10.8,11.05,2985488,EQ,,,
2018-03-19,11.15,11.15,10.8,10.95,1358105,EQ,,,
2018-03-20,11.0,11.05,10.8,10.9,1428327,EQ,,,
2018-03-21,10.9,11.0,10.8,10.9,924878,EQ,,,
2018-03-22,11.0,11.0,10.85,10.9,832815,EQ,,,
2018-03-23,10.8,10.9,10.7,10.8,720894,EQ,,,
2018-03-26,10.8,11.0,10.75,10.95,976776,EQ,,,
2018-03-27,11.05,11.05,10.9,10.95,887773,EQ,,,
2018-03-28,10.95,11.35,10.8,11.15,1933138,EQ,,,
2018-04-02,11.35,11.55,11.3,11.45,1491285,EQ,,,
2018-04-03,11.5,12.25,11.5,12.1,2832618,EQ,,,
2018-04-04,12.1,12.2,11.7,11.75,1975047,EQ,,,
2018-04-05,11.9,12.2,11.85,12.05,1565229,EQ,,,
2018-04-06,12.15,12.3,11.9,12.2,1714021,EQ,,,
2018-04-09,12.2,12.5,12.0,12.4,3546995,EQ,,,
2018-04-10,12.5,12.9,12.25,12.75,2419591,EQ,,,
2018-04-11,12.85,14.1,12.7,14.0,15573017,EQ,,,
2018-04-12,14.0,14.0,13.5,13.65,7491341,EQ,,,
2018-04-13,13.5,13.95,13.45,13.6,5400773,EQ,,,
2018-04-16,13.55,13.7,13.1,13.2,3724862,EQ,,,
2018-04-17,13.2,13.3,12.8,12.9,7873697,EQ,,,
2018-04-18,13.05,13.35,12.7,12.8,6343221,EQ,,,
2018-04-19,12.9,13.25,12.8,13.2,4792998,EQ,,,
2018-04-20,13.05,13.35,12.9,13.2,4010653,EQ,,,
2018-04-23,13.2,13.6,13.0,13.2,5669745,EQ,,,
2018-04-24,13.3,13.5,13.05,13.1,2923767,EQ,,,
2018-04-25,13.0,13.2,12.45,12.7,3365431,EQ,,,
2018-04-26,12.75,13.2,12.45,13.1,3448493,EQ,,,
2018-04-27,13.2,13.45,13.0,13.2,3346667,EQ,,,
2018-04-30,13.25,14.3,13.0,14.05,10611271,EQ,,,
2018-05-02,14.05,14.2,13.3,13.5,6446084,EQ,,,
2018-05-03,13.35,13.55,12.7,13.1,8131400,EQ,,,
2018-05-04,13.2,13.5,13.1,13.3,4066387,EQ,,,
2018-05-07,13.4,13.7,13.2,13.45,2708363,EQ,,,
2018-05-08,13.5,13.5,13.0,13.1,2020952,EQ,,,
2018-05-09,13.05,13.2,12.85,12.95,2932051,EQ,,,
2018-05-10,13.0,13.1,12.8,12.9,2362273,EQ,,,
2018-05-11,13.0,13.05,12.75,12.95,1270687,EQ,,,
2018-05-14,13.0,13.2,12.7,12.9,2458330,EQ,,,
2018-05-15,12.9,13.1,12.4,12.55,2189176,EQ,,,
2018-05-16,12.5,12.8,12.4,12.6,2612374,EQ,,,
2018-05-17,12.7,12.7,12.5,12.55,1273130,EQ,,,
2018-05-18,12.55,12.6,11.6,11.9,2961825,EQ,,,
2018-05-21,11.95,12.0,11.2,11.3,2755398,EQ,,,
2018-05-22,11.25,11.8,11.25,11.6,2184068,EQ,,,
2018-05-23,11.6,11.9,11.3,11.4,1644952,EQ,,,
2018-05-24,11.5,11.6,11.2,11.55,1788665,EQ,,,
2018-05-25,11.55,11.95,11.55,11.8,1531264,EQ,,,
2018-05-28,11.85,12.1,11.6,11.95,1380375,EQ,,,
2018-05-29,11.95,12.2,11.7,11.85,1676467,EQ,,,
2018-05-30,11.7,12.05,11.65,11.9,1188946,EQ,,,
2018-05-31,11.9,12.0,11.45,11.5,2387139,EQ,,,
2018-06-01,11.4,11.75,10.95,11.15,2664821,EQ,,,
2018-06-04,11.15,11.45,11.05,11.3,2257543,EQ,,,
2018-06-05,11.25,11.4,10.9,11.35,2206634,EQ,,,
2018-06-06,11.45,11.85,11.3,11.75,1280858,EQ,,,
2018-06-07,11.9,12.1,11.8,11.95,2150233,EQ,,,
2018-06-08,11.85,12.15,11.7,11.9,2172760,EQ,,,
2018-06-11,11.95,12.05,11.8,11.8,1564983,EQ,,,
2018-06-12,11.85,11.9,11.6,11.8,1576831,EQ,,,
2018-06-13,11.8,11.95,11.75,11.8,904810,EQ,,,
2018-06-14,11.8,11.8,11.55,11.7,987614,EQ,,,
2018-06-15,11.75,11.8,11.3,11.45,1941123,EQ,,,
2018-06-18,11.45,11.5,11.2,11.3,835119,EQ,,,
2018-06-19,11.3,11.4,11.05,11.2,760848,EQ,,,
2018-06-20,11.2,11.4,11.2,11.3,1017752,EQ,,,
2018-06-21,11.3,11.45,11.1,11.2,1174982,EQ,,,
2018-06-22,11.2,11.4,11.05,11.3,914247,EQ,,,
2018-06-25,11.3,11.45,10.95,11.0,797114,EQ,,,
2018-06-26,11.0,11.1,10.9,10.95,705727,EQ,,,
2018-06-27,11.0,11.0,10.45,10.6,1062493,EQ,,,
2018-06-28,10.5,10.7,10.05,10.1,2974169,EQ,,,
2018-06-29,10.2,10.7,10.15,10.55,1616453,EQ,,,
2018-07-02,10.6,10.6,10.1,10.3,1631240,EQ,,,
2018-07-03,10.25,10.5,10.15,10.4,1076630,EQ,,,
2018-07-04,10.4,10.55,10.2,10.5,881369,EQ,,,
2018-07-05,10.5,10.7,10.35,10.45,1837031,EQ,,,
2018-07-06,10.45,10.6,10.3,10.4,1206495,EQ,,,
2018-07-09,10.45,10.7,10.3,10.6,1835327,EQ,,,
2018-07-10,10.7,10.8,10.55,10.65,1118930,EQ,,,
2018-07-11,10.65,10.8,10.5,10.6,1019947,EQ,,,
2018-07-12,10.65,10.75,10.1,10.2,1537731,EQ,,,
2018-07-13,10.3,10.35,10.0,10.2,1216952,EQ,,,
2018-07-16,10.2,10.25,9.3,9.45,3590493,EQ,,,
2018-07-17,9.4,9.8,9.3,9.7,1535327,EQ,,,
2018-07-18,9.95,9.95,9.3,9.55,2122572,EQ,,,
2018-07-19,9.55,9.65,9.2,9.5,2556847,EQ,,,
2018-07-20,9.4,9.55,9.2,9.4,1912561,EQ,,,
2018-07-23,9.4,9.6,9.25,9.45,1581247,EQ,,,
2018-07-24,9.45,10.0,9.4,9.9,2105845,EQ,,,
2018-07-25,9.95,10.2,9.6,9.7,2740670,EQ,,,
2018-07-26,9.8,10.4,9.6,10.3,5051102,EQ,,,
2018-07-27,10.3,10.4,10.05,10.1,1713856,EQ,,,
2018-07-30,10.1,10.35,9.95,10.1,2032113,EQ,,,
2018-07-31,10.1,10.2,9.95,10.05,1428208,EQ,,,
2018-08-01,10.0,10.0,9.7,9.8,1708869,EQ,,,
2018-08-02,9.7,9.9,9.6,9.75,1209383,EQ,,,
2018-08-03,9.8,9.9,9.65,9.75,1882321,EQ,,,
2018-08-06,9.8,10.3,9.8,10.2,3220179,EQ,,,
2018-08-07,10.2,10.3,9.8,9.9,1990967,EQ,,,
2018-08-08,9.9,9.95,9.7,9.8,1541495,EQ,,,
2018-08-09,9.85,10.1,9.75,9.95,2111181,EQ,,,
2018-08-10,9.95,10.05,9.6,9.65,2043792,EQ,,,
2018-08-13,9.55,9.8,9.4,9.5,1116312,EQ,,,
2018-08-14,9.45,9.6,9.4,9.55,1459317,EQ,,,
2018-08-16,9.5,9.7,9.4,9.5,1054683,EQ,,,
2018-08-17,9.55,9.7,9.4,9.4,2052692,EQ,,,
2018-08-20,9.5,9.8,9.45,9.7,2167352,EQ,,,
2018-08-21,9.8,9.8,9.5,9.55,1274945,EQ,,,
2018-08-23,9.55,9.6,9.3,9.4,1731448,EQ,,,
2018-08-24,9.4,9.65,9.35,9.5,2218068,EQ,,,
2018-08-27,9.55,9.95,9.5,9.85,2885314,EQ,,,
2018-08-28,9.9,9.9,9.6,9.7,947757,EQ,,,
2018-08-29,9.7,9.75,9.55,9.6,1152095,EQ,,,
2018-08-30,9.6,9.7,9.45,9.5,1960092,EQ,,,
2018-08-31,9.5,9.6,9.4,9.5,1576717,EQ,,,
2018-09-03,9.5,9.6,9.4,9.45,2258838,EQ,,,
2018-09-04,9.4,9.5,8.45,8.6,6110121,EQ,,,
2018-09-05,8.45,8.9,8.3,8.9,6219657,EQ,,,
2018-09-06,9.0,9.0,8.6,8.9,2589510,EQ,,,
2018-09-07,8.9,9.05,8.7,8.9,1886480,EQ,,,
2018-09-10,8.9,8.95,8.45,8.6,2058700,EQ,,,
2018-09-11,8.65,8.8,8.45,8.5,1121381,EQ,,,
2018-09-12,8.65,8.75,8.4,8.7,1703705,EQ,,,
2018-09-14,8.7,8.95,8.7,8.9,1471207,EQ,,,
2018-09-17,8.8,8.95,8.7,8.7,1474055,EQ,,,
2018-09-18,8.65,8.8,8.5,8.55,1312836,EQ,,,
2018-09-19,8.6,8.65,8.2,8.2,1839205,EQ,,,
2018-09-21,8.35,8.4,7.4,7.7,3455333,EQ,,,
2018-09-24,7.85,7.85,6.95,7.1,3650979,EQ,,,
2018-09-25,7.05,7.15,6.55,6.9,2970088,EQ,,,
2018-09-26,6.95,7.15,6.8,7.1,3114292,EQ,,,
2018-09-27,7.1,7.2,6.8,6.85,3531058,EQ,,,
2018-09-28,6.9,7.0,6.65,6.85,2642532,EQ,,,
2018-10-01,6.8,7.3,6.6,7.2,2461825,EQ,,,
2018-10-03,7.2,7.25,6.8,6.9,3245739,EQ,,,
2018-10-04,6.8,6.95,6.5,6.6,2401418,EQ,,,
2018-10-05,6.5,6.7,6.25,6.4,2286501,EQ,,,
2018-10-08,6.35,6.5,6.05,6.2,1657375,EQ,,,
2018-10-09,6.2,6.4,6.0,6.25,2312901,EQ,,,
2018-10-10,6.3,6.95,6.25,6.75,2251227,EQ,,,
2018-10-11,6.5,6.9,6.4,6.5,1935499,EQ,,,
2018-10-12,6.55,6.8,6.55,6.7,1327327,EQ,,,
2018-10-15,6.7,6.75,6.3,6.4,2762786,EQ,,,
2018-10-16,6.4,6.6,6.4,6.5,1615715,EQ,,,
2018-10-17,6.6,6.65,6.2,6.3,1488984,EQ,,,
2018-10-19,6.25,6.4,5.9,5.95,2527467,EQ,,,
2018-10-22,6.0,6.15,5.9,6.0,1587319,EQ,,,
2018-10-23,5.95,6.25,5.9,6.15,2078238,EQ,,,
2018-10-24,6.25,6.35,6.1,6.2,2163859,EQ,,,
2018-10-25,6.15,6.2,5.95,6.0,1734362,EQ,,,
2018-10-26,6.0,6.15,5.9,6.1,1689096,EQ,,,
2018-10-29,6.1,6.35,5.95,6.3,1330156,EQ,,,
2018-10-30,6.3,6.5,6.25,6.3,2120328,EQ,,,
2018-10-31,6.25,7.1,6.2,6.95,7657633,EQ,,,
2018-11-01,6.95,7.45,6.9,7.2,4148688,EQ,,,
2018-11-02,7.3,7.55,7.2,7.3,2564322,EQ,,,
2018-11-05,7.3,7.3,7.0,7.25,2078577,EQ,,,
2018-11-06,7.25,7.3,6.9,6.95,1428390,EQ,,,
2018-11-07,6.95,7.1,6.95,7.05,178405,EQ,,,
2018-11-09,7.1,7.1,6.8,6.95,1987474,EQ,,,
2018-11-12,7.0,7.3,6.95,7.0,3920805,EQ,,,
2018-11-13,7.0,7.1,6.8,7.1,1526761,EQ,,,
2018-11-14,7.1,7.1,6.85,6.95,916823,EQ,,,
2018-11-15,6.95,7.2,6.9,7.15,1360830,EQ,,,
2018-11-16,7.2,7.25,6.7,6.7,2555459,EQ,,,
2018-11-19,6.75,7.1,6.7,6.95,1862486,EQ,,,
2018-11-20,6.9,7.0,6.8,6.85,1374053,EQ,,,
2018-11-21,6.8,7.2,6.8,7.1,2310849,EQ,,,
2018-11-22,7.1,7.3,7.0,7.1,2906533,EQ,,,
2018-11-26,7.05,7.35,7.0,7.3,2466178,EQ,,,
2018-11-27,7.3,7.7,7.25,7.6,4562316,EQ,,,
2018-11-28,7.7,7.7,7.4,7.6,2758009,EQ,,,
2018-11-29,7.65,7.85,7.4,7.45,3761817,EQ,,,
2018-11-30,7.45,7.6,7.4,7.45,2320245,EQ,,,
2018-12-03,7.45,7.65,7.4,7.45,1902059,EQ,,,
2018-12-04,7.45,7.6,7.4,7.5,1218809,EQ,,,
2018-12-05,7.4,7.5,7.2,7.3,1724682,EQ,,,
2018-12-06,7.2,7.4,7.0,7.25,1773694,EQ,,,
2018-12-07,7.2,7.25,6.9,7.2,2668057,EQ,,,
2018-12-10,7.1,7.1,6.8,6.9,1785870,EQ,,,
2018-12-11,6.9,7.3,6.8,7.25,2100846,EQ,,,
2018-12-12,7.3,7.7,7.2,7.7,1785340,EQ,,,
2018-12-13,7.7,7.8,7.45,7.7,1152174,EQ,,,
2018-12-14,7.65,7.8,7.45,7.6,1313234,EQ,,,
2018-12-17,7.65,7.7,7.55,7.6,661968,EQ,,,
2018-12-18,7.6,7.75,7.5,7.7,1029170,EQ,,,
2018-12-19,7.75,8.2,7.65,8.1,3767000,EQ,,,
2018-12-20,8.1,8.3,8.0,8.25,2425596,EQ,,,
2018-12-21,8.2,8.45,8.1,8.4,3522707,EQ,,,
2018-12-24,8.4,8.4,7.95,8.0,3027346,EQ,,,
2018-12-26,7.95,8.05,7.7,8.0,2152709,EQ,,,
2018-12-27,8.0,8.2,7.85,7.9,2817174,EQ,,,
2018-12-28,7.95,8.1,7.9,8.1,1483344,EQ,,,
2018-12-31,8.1,8.3,8.05,8.2,1557868,EQ,,,
2019-01-01,8.25,8.3,8.1,8.25,880517,EQ,,,
2019-01-02,8.2,8.25,7.9,7.95,1566046,EQ,,,
2019-01-03,7.95,8.0,7.75,7.8,865885,EQ,,,
2019-01-04,7.8,7.95,7.7,7.9,1169053,EQ,,,
2019-01-07,7.95,8.0,7.8,7.9,715798,EQ,,,
2019-01-08,7.9,8.05,7.8,8.0,774166,EQ,,,
2019-01-09,8.05,8.05,7.75,7.8,1099185,EQ,,,
2019-01-10,7.85,7.95,7.8,7.9,820346,EQ,,,
2019-01-11,7.9,7.9,7.7,7.9,791293,EQ,,,
2019-01-14,7.85,7.9,7.6,7.65,984729,EQ,,,
2019-01-15,7.65,7.95,7.6,7.9,953816,EQ,,,
2019-01-16,7.9,7.95,7.7,7.8,918529,EQ,,,
2019-01-17,7.8,7.8,7.7,7.75,805492,EQ,,,
2019-01-18,7.75,7.8,7.4,7.5,1511779,EQ,,,
2019-01-21,7.45,7.5,7.35,7.4,749225,EQ,,,
2019-01-22,7.4,7.55,7.15,7.45,1718122,EQ,,,
2019-01-23,7.45,7.5,7.3,7.35,700595,EQ,,,
2019-01-24,7.4,7.4,7.1,7.2,1231285,EQ,,,
2019-01-25,7.2,7.55,7.2,7.45,2458901,EQ,,,
2019-01-28,7.35,7.5,7.15,7.4,1682967,EQ,,,
2019-01-29,7.35,7.5,7.25,7.45,1300018,EQ,,,
2019-01-30,7.45,7.5,7.2,7.3,863721,EQ,,,
2019-01-31,7.25,7.4,7.1,7.25,2892760,EQ,,,
2019-02-01,7.25,7.5,7.15,7.25,1450004,EQ,,,
2019-02-04,7.2,7.25,6.9,6.95,1340808,EQ,,,
2019-02-05,6.75,6.95,6.0,6.15,10005079,EQ,,,
2019-02-06,6.2,6.5,5.9,6.45,5209923,EQ,,,
2019-02-07,6.4,6.6,6.3,6.4,3417181,EQ,,,
2019-02-08,6.35,6.45,6.25,6.35,1586803,EQ,,,
2019-02-11,6.2,6.4,6.05,6.25,2129877,EQ,,,
2019-02-12,6.2,6.3,6.05,6.1,1510365,EQ,,,
2019-02-13,6.1,6.2,6.0,6.05,1333853,EQ,,,
2019-02-14,6.0,6.2,5.9,6.15,2277287,EQ,,,
2019-02-15,6.15,6.2,5.95,6.05,1608377,EQ,,,
2019-02-18,6.05,6.1,5.45,5.6,4165489,EQ,,,
2019-02-19,5.6,5.8,5.5,5.6,4987157,EQ,,,
2019-02-20,5.65,6.1,5.65,5.9,6350945,EQ,,,
2019-02-21,5.9,6.25,5.8,6.15,3622255,EQ,,,
2019-02-22,6.15,6.55,6.1,6.5,3704382,EQ,,,
2019-02-25,6.6,6.65,6.4,6.6,3134654,EQ,,,
2019-02-26,6.45,6.6,6.3,6.45,1881452,EQ,,,
2019-02-27,6.5,6.9,6.5,6.7,3738266,EQ,,,
2019-02-28,6.75,6.8,6.6,6.7,2701747,EQ,,,
2019-03-01,6.8,7.1,6.8,7.05,2658029,EQ,,,
2019-03-05,7.1,7.6,7.0,7.6,3744229,EQ,,,
2019-03-06,7.5,7.7,7.35,7.5,2920827,EQ,,,
2019-03-07,7.45,7.5,7.35,7.4,971220,EQ,,,
2019-03-08,7.4,7.45,7.3,7.4,968499,EQ,,,
2019-03-11,7.4,7.9,7.35,7.7,6730903,EQ,,,
2019-03-12,7.7,7.85,7.5,7.55,2181600,EQ,,,
2019-03-13,7.55,7.9,7.5,7.6,2965479,EQ,,,
2019-03-14,7.6,7.65,7.45,7.6,1519624,EQ,,,
2019-03-15,7.6,7.65,7.5,7.55,1724246,EQ,,,
2019-03-18,7.55,7.7,7.35,7.5,1926236,EQ,,,
2019-03-19,7.5,7.6,7.45,7.5,2385039,EQ,,,
2019-03-20,7.5,7.5,7.3,7.4,1852288,EQ,,,
2019-03-22,7.4,7.45,7.25,7.3,1423880,EQ,,,
2019-03-25,7.25,7.25,6.9,6.95,2495128,EQ,,,
2019-03-26,7.05,7.2,7.0,7.1,2153127,EQ,,,
2019-03-27,7.2,7.2,7.0,7.1,2051650,EQ,,,
2019-03-28,7.1,7.3,7.05,7.2,2853185,EQ,,,
2019-03-29,7.2,7.4,7.1,7.25,2583659,EQ,,,
2019-04-01,7.3,8.0,7.2,7.8,6477959,EQ,,,
2019-04-02,7.8,7.9,7.55,7.7,3344504,EQ,,,
2019-04-03,7.75,7.9,7.3,7.45,3538106,EQ,,,
2019-04-04,7.45,7.5,7.2,7.2,1680784,EQ,,,
2019-04-05,7.3,7.4,7.15,7.2,2213864,EQ,,,
2019-04-08,7.25,7.35,7.0,7.05,1712774,EQ,,,
2019-04-09,7.1,7.1,6.8,7.05,2474065,EQ,,,
2019-04-10,7.0,7.2,6.85,6.9,2480799,EQ,,,
2019-04-11,6.9,6.95,6.6,6.75,4563299,EQ,,,
2019-04-12,6.75,7.0,6.7,6.95,2872265,EQ,,,
2019-04-15,7.0,7.1,6.9,7.05,2293271,EQ,,,
2019-04-16,7.1,7.2,7.0,7.1,2540488,EQ,,,
2019-04-18,7.15,7.15,6.7,6.8,2442078,EQ,,,
2019-04-22,6.75,6.85,6.6,6.65,1550416,EQ,,,
2019-04-23,6.7,6.7,6.4,6.55,2796607,EQ,,,
2019-04-24,6.55,6.75,6.5,6.7,2026796,EQ,,,
2019-04-25,6.7,6.75,6.55,6.6,1883967,EQ,,,
2019-04-26,6.6,6.6,6.3,6.4,2592427,EQ,,,
2019-04-30,6.4,6.4,6.1,6.1,2312892,EQ,,,
2019-05-02,6.1,6.15,6.0,6.1,2732517,EQ,,,
2019-05-03,6.1,6.25,6.1,6.1,1776181,EQ,,,
2019-05-06,6.05,6.1,5.95,6.0,1884197,EQ,,,
2019-05-07,6.05,6.1,5.8,5.9,1455118,EQ,,,
2019-05-08,5.85,5.9,5.65,5.7,1666624,EQ,,,
2019-05-09,5.75,5.75,5.5,5.7,1924974,EQ,,,
2019-05-10,5.75,6.2,5.7,6.15,5480986,EQ,,,
2019-05-13,6.1,6.1,5.3,5.35,6463132,EQ,,,
2019-05-14,5.3,5.8,5.3,5.7,7612250,EQ,,,
2019-05-15,5.75,5.8,5.5,5.6,2856445,EQ,,,
2019-05-16,5.6,5.9,5.4,5.8,3987613,EQ,,,
2019-05-17,5.8,6.0,5.7,5.95,2647338,EQ,,,
2019-05-20,6.2,6.7,6.1,6.4,3902422,EQ,,,
2019-05-21,6.45,6.5,6.15,6.25,1861442,EQ,,,
2019-05-22,6.35,6.35,6.1,6.3,2652465,EQ,,,
2019-05-23,6.4,6.8,6.3,6.4,6744725,EQ,,,
2019-05-24,6.5,6.9,6.35,6.8,4489594,EQ,,,
2019-05-27,6.8,6.95,6.7,6.85,2994565,EQ,,,
2019-05-28,6.85,6.85,6.6,6.65,2698931,EQ,,,
2019-05-29,6.6,6.9,6.4,6.55,6267959,EQ,,,
2019-05-30,6.55,6.6,6.4,6.4,2779157,EQ,,,
2019-05-31,6.45,6.5,6.05,6.2,4826100,EQ,,,
2019-06-03,6.2,6.25,6.05,6.15,2988865,EQ,,,
2019-06-04,6.15,6.2,6.0,6.05,3674213,EQ,,,
2019-06-06,6.1,6.1,5.75,5.9,3743808,EQ,,,
2019-06-07,5.9,6.1,5.8,5.8,3092680,EQ,,,
2019-06-10,5.9,5.95,5.7,5.8,2956376,EQ,,,
2019-06-11,5.8,5.95,5.65,5.9,3095666,EQ,,,
2019-06-12,5.9,5.95,5.8,5.8,1748640,EQ,,,
2019-06-13,5.8,5.8,5.35,5.65,6234983,EQ,,,
2019-06-14,5.5,5.7,5.4,5.65,4207532,EQ,,,
2019-06-17,5.65,5.65,5.45,5.45,1893474,EQ,,,
2019-06-18,5.45,5.6,5.15,5.2,4194137,EQ,,,
2019-06-19,5.1,5.1,4.45,4.7,26540221,EQ,,,
2019-06-20,4.5,4.9,4.2,4.85,21715702,EQ,,,
2019-06-21,4.8,4.95,4.6,4.9,8923805,EQ,,,
2019-06-24,4.9,5.1,4.8,5.0,6363751,EQ,,,
2019-06-25,4.95,4.95,4.65,4.85,9049759,EQ,,,
2019-06-26,4.8,5.15,4.8,5.1,6221756,EQ,,,
2019-06-27,5.05,5.15,4.8,4.85,5941627,EQ,,,
2019-06-28,4.85,4.95,4.75,4.8,1785973,EQ,,,
2019-07-01,4.8,4.85,4.8,4.8,1541537,EQ,,,
2019-07-02,4.8,4.85,4.65,4.7,1152823,EQ,,,
2019-07-03,4.75,4.8,4.7,4.8,1372032,EQ,,,
2019-07-04,4.8,4.85,4.8,4.8,1120440,EQ,,,
2019-07-05,4.85,4.95,4.6,4.7,2602862,EQ,,,
2019-07-08,4.65,4.8,4.55,4.6,1164525,EQ,,,
2019-07-09,4.6,4.7,4.55,4.65,1139970,EQ,,,
2019-07-10,4.65,4.65,4.6,4.6,1340480,EQ,,,
2019-07-11,4.65,4.7,4.6,4.6,1145107,EQ,,,
2019-07-12,4.6,4.65,4.55,4.6,569247,EQ,,,
2019-07-15,4.6,4.6,4.4,4.45,796488,EQ,,,
2019-07-16,4.45,4.5,4.3,4.35,982829,EQ,,,
2019-07-17,4.35,4.8,4.3,4.6,2983036,EQ,,,
2019-07-18,4.6,4.65,4.5,4.6,1123553,EQ,,,
2019-07-19,4.6,4.6,4.45,4.5,830801,EQ,,,
2019-07-22,4.55,4.6,4.5,4.6,755308,EQ,,,
2019-07-23,4.6,4.65,4.55,4.6,608921,EQ,,,
2019-07-24,4.6,4.6,4.5,4.55,635011,EQ,,,
2019-07-25,4.55,4.75,4.5,4.65,836678,EQ,,,
2019-07-26,4.65,4.8,4.6,4.8,962628,EQ,,,
2019-07-29,4.8,4.8,4.7,4.8,521341,EQ,,,
2019-07-30,4.75,4.8,4.6,4.65,673035,EQ,,,
2019-07-31,4.6,4.7,4.6,4.65,504417,EQ,,,
2019-08-01,4.65,4.8,4.55,4.6,611440,EQ,,,
2019-08-02,4.6,4.65,4.5,4.55,618461,EQ,,,
2019-08-05,4.5,4.6,4.25,4.35,1017564,EQ,,,
2019-08-06,4.4,4.9,4.3,4.8,1525485,EQ,,,
2019-08-07,5.0,5.3,4.65,4.75,7500614,EQ,,,
2019-08-08,4.8,4.9,4.7,4.75,1269583,EQ,,,
2019-08-09,4.8,4.9,4.75,4.8,687727,EQ,,,
2019-08-13,4.8,4.8,4.55,4.6,654891,EQ,,,
2019-08-14,4.8,4.8,4.45,4.55,603165,EQ,,,
2019-08-16,4.6,4.6,4.45,4.5,421708,EQ,,,
2019-08-19,4.6,4.65,4.5,4.5,389949,EQ,,,
2019-08-20,4.55,4.55,4.45,4.5,308196,EQ,,,
2019-08-21,4.45,4.45,4.25,4.3,611780,EQ,,,
2019-08-22,4.3,4.3,4.0,4.1,895445,EQ,,,
2019-08-23,4.0,4.0,3.75,3.9,1280260,EQ,,,
2019-08-26,4.1,4.1,3.9,4.05,670664,EQ,,,
2019-08-27,4.05,4.2,4.0,4.15,812571,EQ,,,
2019-08-28,4.15,4.2,3.9,3.9,626663,EQ,,,
2019-08-29,3.9,4.1,3.9,4.0,567758,EQ,,,
2019-08-30,4.0,4.0,3.8,3.8,927723,EQ,,,
2019-09-03,3.8,3.8,3.5,3.6,938507,EQ,,,
2019-09-04,3.55,3.6,3.4,3.4,1421296,EQ,,,
2019-09-05,3.4,3.55,3.4,3.5,1152964,EQ,,,
2019-09-06,3.5,3.65,3.5,3.6,1169078,EQ,,,
2019-09-09,3.55,3.7,3.55,3.65,663499,EQ,,,
2019-09-11,3.65,3.9,3.65,3.9,1187498,EQ,,,
2019-09-12,3.9,4.3,3.9,4.15,3093362,EQ,,,
2019-09-13,4.15,4.25,4.0,4.1,933354,EQ,,,
2019-09-16,4.0,4.3,4.0,4.2,916499,EQ,,,
2019-09-17,4.3,4.3,3.9,4.0,757994,EQ,,,
2019-09-18,4.1,4.15,4.0,4.0,522819,EQ,,,
2019-09-19,4.1,4.1,3.9,4.0,590494,EQ,,,
2019-09-20,4.0,4.45,3.8,4.4,2334574,EQ,,,
2019-09-23,4.5,4.65,4.45,4.6,1548695,EQ,,,
2019-09-24,4.65,4.7,4.4,4.5,687151,EQ,,,
2019-09-25,4.45,4.65,4.3,4.3,709920,EQ,,,
2019-09-26,4.35,4.4,4.1,4.15,823502,EQ,,,
2019-09-27,4.1,4.15,3.95,4.0,603241,EQ,,,
2019-09-30,3.95,4.0,3.6,3.7,883436,EQ,26376.0,33.49,1588890.0
2019-10-01,3.7,3.8,3.4,3.6,773224,EQ,9982.0,77.46,274768.0
2019-10-03,3.5,3.6,3.4,3.5,733170,EQ,14406.0,50.89,303063.0
2019-10-04,3.55,3.6,3.45,3.5,1255748,EQ,5760.0,218.01,926525.0
2019-10-07,3.5,3.55,3.3,3.4,601530,EQ,6481.0,92.81,169254.0
2019-10-09,3.4,3.4,3.2,3.3,1073685,EQ,13473.0,79.69,456661.0
2019-10-10,3.3,3.35,3.2,3.2,985720,EQ,6857.0,143.75,243394.0
2019-10-11,3.25,3.25,2.8,3.05,2983786,EQ,24346.0,122.56,1321319.0
2019-10-14,3.1,3.1,2.95,3.0,979834,EQ,8662.0,113.12,296820.0
2019-10-15,3.0,3.05,3.0,3.05,581403,EQ,7746.0,75.06,246003.0
2019-10-16,3.05,3.2,3.0,3.2,2069927,EQ,15091.0,137.16,1136922.0
2019-10-17,3.2,3.4,3.15,3.3,1328104,EQ,15816.0,83.97,459680.0
2019-10-18,3.35,3.55,3.3,3.35,1724379,EQ,17429.0,98.94,795997.0
2019-10-22,3.4,3.65,3.35,3.6,1498311,EQ,19484.0,76.9,612272.0
2019-10-23,3.6,4.3,3.6,4.05,6765168,EQ,39024.0,173.36,860303.0
2019-10-24,4.1,4.2,3.9,4.1,3640677,EQ,27787.0,131.02,832629.0
2019-10-25,4.1,4.1,3.9,4.0,785072,EQ,7178.0,109.37,212394.0
2019-10-29,4.0,4.1,3.95,4.1,838160,EQ,6091.0,137.61,239474.0
2019-10-30,4.05,4.2,4.0,4.1,1232905,EQ,12934.0,95.32,322324.0
2019-10-31,4.15,4.15,3.9,3.95,758948,EQ,6344.0,119.63,402536.0
2019-11-01,3.95,4.05,3.9,3.95,673269,EQ,6013.0,111.97,216454.0
2019-11-04,3.95,4.0,3.9,3.95,607990,EQ,3933.0,154.59,313374.0
2019-11-05,3.9,3.95,3.75,3.8,667417,EQ,7345.0,90.87,320183.0
2019-11-06,3.8,3.8,3.65,3.7,896058,EQ,7441.0,120.42,359321.0
2019-11-07,3.7,3.8,3.65,3.65,929756,EQ,8340.0,111.48,394531.0
2019-11-08,3.65,3.7,3.55,3.6,733509,EQ,8821.0,83.15,253107.0
2019-11-11,3.6,3.7,3.55,3.65,758230,EQ,5681.0,133.47,343066.0
2019-11-13,3.65,3.7,3.6,3.65,3690618,EQ,7277.0,507.16,3165904.0
2019-11-14,3.65,3.7,3.5,3.6,521156,EQ,4375.0,119.12,148114.0
2019-11-15,3.6,3.6,3.5,3.6,430723,EQ,4089.0,105.34,119821.0
2019-11-18,3.6,3.6,3.5,3.5,374713,EQ,3324.0,112.73,169283.0
2019-11-19,3.55,3.6,3.5,3.6,391338,EQ,2954.0,132.48,132073.0
2019-11-20,3.6,3.85,3.55,3.8,1964989,EQ,11955.0,164.37,573484.0
2019-11-21,4.0,4.45,4.0,4.25,10428446,EQ,57047.0,182.8,1912402.0
2019-11-22,4.3,4.3,4.1,4.1,1510433,EQ,9382.0,160.99,388405.0
2019-11-25,4.2,4.2,4.1,4.1,1277591,EQ,13756.0,92.88,406274.0
2019-11-26,4.15,4.15,3.9,3.95,1011149,EQ,11671.0,86.64,503634.0
2019-11-27,3.95,4.0,3.85,3.9,625771,EQ,8871.0,70.54,262213.0
2019-11-28,3.9,4.0,3.7,3.75,1373250,EQ,18581.0,73.91,684901.0
2019-11-29,3.8,3.9,3.75,3.8,1153150,EQ,14330.0,80.47,415618.0
2019-12-02,3.8,3.8,3.7,3.7,459759,EQ,5510.0,83.44,163668.0
2019-12-03,3.7,3.7,3.6,3.6,585288,EQ,6070.0,96.42,259294.0
2019-12-04,3.5,3.6,3.5,3.5,675696,EQ,7847.0,86.11,324342.0
2019-12-05,3.55,3.6,3.5,3.55,796117,EQ,8122.0,98.02,251632.0
2019-12-06,3.6,3.6,3.4,3.5,572915,EQ,6506.0,88.06,200141.0
2019-12-09,3.5,3.6,3.4,3.4,776762,EQ,8349.0,93.04,254250.0
2019-12-10,3.4,3.4,3.3,3.3,494338,EQ,5112.0,96.7,185328.0
2019-12-11,3.45,3.5,3.3,3.35,1468437,EQ,13037.0,112.64,416249.0
2019-12-12,3.35,3.35,3.25,3.3,799683,EQ,6588.0,121.38,291453.0
2019-12-13,3.3,3.4,3.3,3.4,923881,EQ,8092.0,114.17,446778.0
2019-12-16,3.4,3.65,3.4,3.6,2991743,EQ,18281.0,163.65,965016.0
2019-12-17,3.6,3.6,3.5,3.5,1644916,EQ,12166.0,135.21,595110.0
2019-12-18,3.6,3.6,3.5,3.6,1843405,EQ,12146.0,151.77,551888.0
2019-12-19,3.55,3.55,3.45,3.5,841268,EQ,6220.0,135.25,326835.0
2019-12-20,3.5,3.6,3.45,3.5,1533360,EQ,10587.0,144.83,583357.0
2019-12-23,3.45,3.5,3.4,3.4,607957,EQ,5238.0,116.07,252780.0
2019-12-24,3.45,3.45,3.4,3.4,468449,EQ,5096.0,91.92,234746.0
2019-12-26,3.4,3.4,3.3,3.3,635203,EQ,4902.0,129.58,342445.0
2019-12-27,3.35,3.5,3.3,3.5,1249047,EQ,8153.0,153.2,460858.0
2019-12-30,3.5,3.6,3.45,3.6,1107707,EQ,8195.0,135.17,395164.0
2019-12-31,3.55,3.8,3.5,3.7,3034205,EQ,18863.0,160.85,670824.0
2020-01-01,3.75,3.75,3.6,3.65,993560,EQ,6150.0,161.55,295652.0
2020-01-02,3.65,3.8,3.65,3.75,1409991,EQ,9370.0,150.48,492315.0
2020-01-03,3.8,4.0,3.75,3.85,3418669,EQ,21454.0,159.35,936491.0
2020-01-06,3.9,3.9,3.7,3.75,1587770,EQ,9386.0,169.16,592738.0
2020-01-07,3.8,3.85,3.7,3.8,806383,EQ,6354.0,126.91,247012.0
2020-01-08,3.65,3.8,3.6,3.75,796083,EQ,5836.0,136.41,222764.0
2020-01-09,3.8,3.85,3.75,3.8,919832,EQ,8936.0,102.94,511021.0
2020-01-10,3.8,4.15,3.8,4.1,5227290,EQ,28287.0,184.79,1771399.0
2020-01-13,4.2,4.55,4.2,4.5,5983751,EQ,33804.0,177.01,1716148.0
2020-01-14,4.55,4.65,4.5,4.6,3196560,EQ,20581.0,155.32,1100983.0
2020-01-15,4.6,4.6,4.45,4.5,1780494,EQ,11567.0,153.93,693880.0
2020-01-16,4.55,4.85,4.5,4.8,2655764,EQ,15619.0,170.03,893400.0
2020-01-17,4.75,5.15,4.7,5.0,6269203,EQ,34660.0,180.88,1798642.0
2020-01-20,5.1,5.95,5.0,5.75,13156842,EQ,75713.0,173.77,2429855.0
2020-01-21,5.75,6.0,5.55,5.85,7114808,EQ,51859.0,137.2,1188540.0
2020-01-22,5.8,5.9,5.65,5.7,2786508,EQ,17642.0,157.95,656964.0
2020-01-23,5.6,5.8,5.6,5.65,2241410,EQ,13486.0,166.2,684579.0
2020-01-24,5.75,5.8,5.65,5.75,1965715,EQ,14489.0,135.67,675327.0
2020-01-27,5.6,5.85,5.6,5.7,2764669,EQ,12211.0,226.41,1134492.0
2020-01-28,5.75,5.8,5.6,5.6,1503906,EQ,10331.0,145.57,537800.0
2020-01-29,5.65,5.7,5.6,5.65,984592,EQ,8274.0,119.0,387667.0
2020-01-30,5.65,5.65,5.3,5.5,2453779,EQ,10676.0,229.84,1326406.0
2020-01-31,5.55,5.6,5.15,5.3,2386919,EQ,9366.0,254.85,1384494.0
2020-02-03,4.9,5.3,4.8,5.2,1860149,EQ,18465.0,100.74,380665.0
2020-02-04,5.25,5.45,5.15,5.4,1527475,EQ,12262.0,124.57,375046.0
2020-02-05,5.4,5.55,5.3,5.45,1778971,EQ,11435.0,155.57,609162.0
2020-02-06,5.5,5.5,5.4,5.45,1206914,EQ,6990.0,172.66,376569.0
2020-02-07,5.4,5.55,5.4,5.4,1357408,EQ,7480.0,181.47,442287.0
2020-02-10,5.4,5.9,5.35,5.6,2460794,EQ,21142.0,116.39,1005547.0
2020-02-11,5.65,5.85,5.2,5.55,7627946,EQ,38748.0,196.86,2334461.0
2020-02-12,5.4,5.5,5.2,5.35,1748094,EQ,15497.0,112.8,529159.0
2020-02-13,5.4,5.4,5.2,5.3,1149561,EQ,8712.0,131.95,407667.0
2020-02-14,5.3,5.4,4.95,5.0,1720798,EQ,13559.0,126.91,848314.0
2020-02-17,4.9,5.0,4.75,4.85,1454881,EQ,10757.0,135.25,522745.0
2020-02-18,4.8,5.1,4.7,5.0,2054356,EQ,14751.0,139.27,667685.0
2020-02-19,5.0,5.05,4.8,4.8,1117058,EQ,9269.0,120.52,400853.0
2020-02-20,4.85,5.0,4.75,4.95,1507531,EQ,11969.0,125.95,534681.0
2020-02-24,4.95,4.95,4.6,4.65,1734368,EQ,9453.0,183.47,976205.0
2020-02-25,4.7,5.1,4.65,4.9,3803036,EQ,19518.0,194.85,1223405.0
2020-02-26,4.95,5.1,4.6,4.7,5523095,EQ,43756.0,126.22,1837204.0
2020-02-27,4.7,4.85,4.65,4.7,1990790,EQ,15697.0,126.83,446669.0
2020-02-28,4.4,4.55,4.15,4.2,2099094,EQ,16252.0,129.16,766796.0
2020-03-02,4.3,4.4,3.7,3.9,1838712,EQ,14168.0,129.78,790014.0
2020-03-03,4.0,4.1,3.9,4.0,1695633,EQ,11476.0,147.75,423887.0
2020-03-04,4.05,4.1,3.8,4.05,1958084,EQ,19780.0,98.99,599770.0
2020-03-05,4.1,4.1,3.8,3.9,1876086,EQ,12556.0,149.42,753600.0
2020-03-06,3.5,3.75,3.35,3.65,1577712,EQ,8844.0,178.39,423178.0
2020-03-09,3.55,3.6,3.35,3.4,1098515,EQ,6888.0,159.48,374695.0
2020-03-11,3.4,3.9,3.4,3.85,3295035,EQ,25651.0,128.46,701822.0
2020-03-12,3.5,3.65,3.1,3.2,2546748,EQ,15924.0,159.93,978400.0
2020-03-13,2.9,3.85,2.6,3.35,2185779,EQ,21401.0,102.13,820624.0
2020-03-16,3.25,3.3,3.1,3.15,1100418,EQ,12467.0,88.27,433044.0
2020-03-17,3.15,3.5,3.1,3.2,1187426,EQ,10219.0,116.2,355434.0
2020-03-18,3.35,3.4,3.0,3.0,1057946,EQ,12901.0,82.0,423285.0
2020-03-19,2.85,3.0,2.75,2.85,868096,EQ,7906.0,109.8,251019.0
2020-03-20,3.0,3.05,2.85,2.9,1002748,EQ,10885.0,92.12,326865.0
2020-03-23,2.75,2.75,2.4,2.5,626139,EQ,6724.0,93.12,269830.0
2020-03-24,2.6,2.7,2.3,2.4,791580,EQ,5952.0,132.99,332089.0
2020-03-25,2.25,2.5,2.25,2.45,639731,EQ,4987.0,128.28,260785.0
2020-03-26,2.5,2.95,2.45,2.65,1730561,EQ,12014.0,144.05,660103.0
2020-03-27,2.75,2.9,2.7,2.7,1287035,EQ,7727.0,166.56,506825.0
2020-03-30,2.6,2.65,2.5,2.6,701228,EQ,7970.0,87.98,256411.0
2020-03-31,2.65,2.75,2.6,2.65,870273,EQ,5253.0,165.67,363804.0
2020-04-01,2.65,2.7,2.5,2.55,742970,EQ,7527.0,98.71,362520.0
2020-04-03,2.55,2.65,2.5,2.6,678954,EQ,4638.0,146.39,238761.0
2020-04-07,2.65,2.7,2.6,2.65,478223,EQ,3437.0,139.14,208592.0
2020-04-08,2.6,3.1,2.6,3.0,2280267,EQ,13747.0,165.87,696524.0
2020-04-09,3.1,3.45,3.05,3.3,2235449,EQ,12448.0,179.58,669621.0
2020-04-13,3.35,3.4,3.1,3.3,826464,EQ,,,
2020-04-15,3.3,3.9,3.3,3.55,3195873,EQ,23533.0,135.8,739357.0
2020-04-16,3.7,3.85,3.5,3.65,1500210,EQ,13373.0,112.18,338232.0
2020-04-17,3.8,4.1,3.75,3.9,3771607,EQ,25242.0,149.42,752571.0
2020-04-20,4.1,4.25,4.0,4.1,2290603,EQ,15129.0,151.4,620641.0
2020-04-21,3.9,4.0,3.8,3.9,657582,EQ,5353.0,122.84,360544.0
2020-04-22,3.9,3.95,3.75,3.85,446883,EQ,3233.0,138.23,204786.0
2020-04-23,3.85,4.0,3.8,3.8,311725,EQ,2558.0,121.86,136591.0
2020-04-24,3.8,3.8,3.6,3.65,322422,EQ,2532.0,127.34,187039.0
2020-04-27,3.8,3.9,3.65,3.65,545632,EQ,5014.0,108.82,246325.0
2020-04-28,3.75,3.8,3.5,3.6,682521,EQ,8164.0,83.6,356554.0
2020-04-29,3.6,3.7,3.55,3.6,744880,EQ,5994.0,124.27,254915.0
2020-04-30,3.65,3.7,3.45,3.5,1771748,EQ,14924.0,118.72,1028307.0
2020-05-04,3.35,3.4,3.2,3.3,655892,EQ,6321.0,103.76,257422.0
2020-05-05,3.35,3.35,3.15,3.15,724957,EQ,6022.0,120.38,286858.0
2020-05-06,3.35,3.35,3.15,3.2,991361,EQ,8241.0,120.3,325215.0
2020-05-07,3.2,3.3,3.15,3.25,915402,EQ,6250.0,146.46,446147.0
2020-05-08,3.45,3.45,3.2,3.2,2151510,EQ,13122.0,163.96,766711.0
2020-05-11,3.2,3.3,3.1,3.1,740202,EQ,5785.0,127.95,329008.0
2020-05-12,3.1,3.1,3.0,3.05,860870,EQ,5763.0,149.38,349520.0
2020-05-13,3.2,3.3,3.15,3.3,1904847,EQ,11469.0,166.09,789837.0
2020-05-14,3.3,3.35,3.15,3.2,973411,EQ,6722.0,144.81,390696.0
2020-05-15,3.25,3.3,3.15,3.2,1019194,EQ,6316.0,161.37,411707.0
2020-05-18,3.2,3.2,3.0,3.0,899965,EQ,6405.0,140.51,514207.0
2020-05-19,3.0,3.1,2.95,3.0,455585,EQ,3497.0,130.28,160447.0
2020-05-20,3.0,3.0,2.9,3.0,420260,EQ,3264.0,128.76,124642.0
2020-05-21,3.05,3.1,3.0,3.05,391527,EQ,3090.0,126.71,147036.0
2020-05-22,3.0,3.05,2.9,2.95,419118,EQ,3492.0,120.02,192270.0
2020-05-26,2.95,3.0,2.9,2.9,590296,EQ,6862.0,86.02,313928.0
2020-05-27,2.95,2.95,2.9,2.9,566526,EQ,10971.0,51.64,335122.0
2020-05-28,2.9,3.1,2.9,3.0,988025,EQ,6224.0,158.74,384891.0
2020-05-29,3.0,3.15,3.0,3.0,1887627,EQ,8574.0,220.16,978441.0
2020-06-01,3.1,3.2,3.05,3.15,1105705,EQ,9140.0,120.97,564947.0
2020-06-02,3.15,3.4,3.1,3.3,1671407,EQ,10916.0,153.12,776454.0
2020-06-03,3.3,3.4,3.3,3.3,991263,EQ,6599.0,150.21,457910.0
2020-06-04,3.25,3.3,3.2,3.25,647709,EQ,4800.0,134.94,314730.0
2020-06-05,3.3,3.4,3.3,3.35,2288304,EQ,10787.0,212.14,1426903.0
2020-06-08,3.4,3.6,3.4,3.45,3351955,EQ,14504.0,231.11,1518216.0
2020-06-09,3.5,3.5,3.3,3.3,1603044,EQ,9602.0,166.95,949585.0
2020-06-10,3.3,3.5,3.2,3.35,3590764,EQ,24586.0,146.05,1065190.0
2020-06-11,3.35,3.4,3.2,3.3,2239940,EQ,9012.0,248.55,1253830.0
2020-06-12,3.1,3.2,3.1,3.15,1524056,EQ,7686.0,198.29,798904.0
2020-06-15,3.15,3.6,3.15,3.5,6074593,EQ,25588.0,237.4,2936757.0
2020-06-16,3.5,3.6,3.2,3.3,3552931,EQ,19244.0,184.63,1163815.0
2020-06-17,3.3,3.4,3.25,3.35,1666234,EQ,8505.0,195.91,670819.0
2020-06-18,3.35,3.55,3.3,3.5,2658961,EQ,10953.0,242.76,1330893.0
2020-06-19,3.65,3.7,3.5,3.55,5702317,EQ,23408.0,243.61,2586168.0
2020-06-22,3.75,4.15,3.75,4.0,11139172,EQ,61496.0,181.14,3778204.0
2020-06-23,4.1,4.75,4.1,4.55,17122476,EQ,84806.0,201.9,3590770.0
2020-06-24,4.65,4.7,4.25,4.3,7326067,EQ,36535.0,200.52,2858472.0
2020-06-25,4.25,4.6,4.1,4.5,5804068,EQ,32377.0,179.27,1710275.0
2020-06-26,4.55,4.65,4.35,4.5,4171318,EQ,21213.0,196.64,1589794.0
2020-06-29,4.5,4.65,4.45,4.55,3819752,EQ,22828.0,167.33,1152663.0
2020-06-30,4.6,4.6,4.3,4.4,2589647,EQ,11841.0,218.7,1181747.0
2020-07-01,4.45,4.75,4.35,4.6,7751241,EQ,36193.0,214.16,1710997.0
2020-07-02,4.65,4.8,4.65,4.75,4696190,EQ,22391.0,209.74,1524414.0
2020-07-03,4.8,5.0,4.7,4.95,5806746,EQ,27493.0,211.21,1560518.0
2020-07-06,5.0,5.45,5.0,5.4,6620645,EQ,33902.0,195.29,1739536.0
2020-07-07,5.4,5.7,5.3,5.65,7520806,EQ,42841.0,175.55,1483355.0
2020-07-08,5.7,5.95,5.65,5.9,7440344,EQ,41457.0,179.47,2178123.0
2020-07-09,5.9,6.4,5.9,6.25,12938631,EQ,69401.0,186.43,3137610.0
2020-07-10,6.25,6.35,6.0,6.1,6093675,EQ,35373.0,172.27,1931542.0
2020-07-13,6.3,6.35,6.1,6.15,4960497,EQ,29605.0,167.56,1875153.0
2020-07-14,6.1,6.15,5.8,6.0,3405489,EQ,22850.0,149.04,988435.0
2020-07-15,6.0,6.1,5.85,5.9,2957985,EQ,19329.0,153.03,1257845.0
2020-07-16,5.5,5.85,5.5,5.7,2327881,EQ,11931.0,195.11,998137.0
2020-07-17,5.7,6.15,5.65,5.9,5192371,EQ,30578.0,169.81,1266166.0
2020-07-20,5.95,6.1,5.9,5.9,1547904,EQ,9711.0,159.4,562405.0
2020-07-21,5.95,5.95,5.6,5.7,2679260,EQ,17812.0,150.42,921578.0
2020-07-22,5.7,5.75,5.55,5.65,1903706,EQ,15884.0,119.85,751024.0
2020-07-23,5.65,6.1,5.65,6.0,5884682,EQ,33941.0,173.38,2118528.0
2020-07-24,5.95,6.3,5.9,6.1,6052974,EQ,39071.0,154.92,1789073.0
2020-07-27,6.15,6.3,6.1,6.1,2160945,EQ,15885.0,136.04,820885.0
2020-07-28,6.1,6.2,6.0,6.1,3058372,EQ,9428.0,324.39,1631276.0
2020-07-29,6.1,6.4,5.95,6.35,8159384,EQ,42068.0,193.96,2716474.0
2020-07-30,6.35,6.4,6.1,6.15,4093067,EQ,25952.0,157.72,1694140.0
2020-07-31,6.15,6.25,5.95,6.05,1679196,EQ,12321.0,136.29,425468.0
2020-08-03,6.1,6.2,6.05,6.1,2193543,EQ,15466.0,141.83,697076.0
2020-08-04,6.1,6.15,6.0,6.1,2264853,EQ,7929.0,285.64,1108172.0
2020-08-05,6.1,6.1,5.95,6.0,1208202,EQ,8994.0,134.33,400236.0
2020-08-06,6.05,6.25,6.0,6.1,2132730,EQ,12361.0,172.54,729455.0
2020-08-07,6.15,6.3,6.05,6.1,2040902,EQ,8392.0,243.2,1066353.0
2020-08-10,6.15,6.25,6.05,6.1,1415903,EQ,9317.0,151.97,696176.0
2020-08-11,6.1,6.2,5.8,5.95,2461282,EQ,13925.0,176.75,941185.0
2020-08-12,5.9,6.1,5.9,6.0,1455185,EQ,30292.0,48.04,562468.0
2020-08-13,6.05,6.15,6.0,6.1,2089472,EQ,12186.0,171.46,1163345.0
2020-08-14,6.1,6.15,5.9,6.0,1302704,EQ,12875.0,101.18,710666.0
2020-08-17,6.1,6.1,5.9,5.95,910994,EQ,16195.0,56.25,456434.0
2020-08-18,5.95,6.1,5.9,5.95,1714340,EQ,17018.0,100.74,735280.0
2020-08-19,6.1,6.95,6.1,6.55,21703652,EQ,129694.0,167.35,4825969.0
2020-08-20,6.5,6.8,6.4,6.6,7486309,EQ,53592.0,139.69,1636458.0
2020-08-21,6.5,6.6,6.3,6.4,2440102,EQ,23307.0,104.69,1225591.0
2020-08-24,6.4,6.4,6.15,6.2,1773606,EQ,11180.0,158.64,974110.0
2020-08-25,6.3,6.45,6.25,6.3,2418574,EQ,15783.0,153.24,1002751.0
2020-08-26,6.35,6.6,6.25,6.45,2150894,EQ,13610.0,158.04,944533.0
2020-08-27,6.5,6.6,6.45,6.45,1245554,EQ,10585.0,117.67,608760.0
2020-08-28,6.5,6.65,6.4,6.45,1216060,EQ,10013.0,121.45,702435.0
2020-08-31,6.5,6.5,5.9,5.95,1797386,EQ,12948.0,138.82,1101622.0
2020-09-01,5.85,6.15,5.85,6.0,629012,EQ,7581.0,82.97,325378.0
2020-09-02,6.0,6.05,5.9,6.0,521168,EQ,5777.0,90.21,332157.0
2020-09-03,6.0,6.1,5.95,6.0,393515,EQ,4459.0,88.25,189894.0
2020-09-04,5.9,6.65,5.8,6.25,4825909,EQ,40541.0,119.04,1697777.0
2020-09-07,6.3,6.4,6.1,6.3,1312550,EQ,8642.0,151.88,563540.0
2020-09-08,6.3,6.3,6.0,6.05,860885,EQ,13159.0,65.42,544619.0
2020-09-09,6.0,6.2,5.9,6.1,847810,EQ,8852.0,95.78,376782.0
2020-09-10,6.15,6.2,6.0,6.05,607482,EQ,5225.0,116.26,366205.0
2020-09-11,6.1,6.1,5.9,6.0,673263,EQ,4958.0,135.79,476550.0
2020-09-14,6.0,6.2,6.0,6.15,1003471,EQ,9259.0,108.38,551343.0
2020-09-15,6.2,6.2,5.95,6.05,987911,EQ,11821.0,83.57,615807.0
2020-09-16,6.15,6.15,6.0,6.05,1293736,EQ,13263.0,97.54,652126.0
2020-09-17,6.0,6.1,5.95,5.95,647188,EQ,6927.0,93.43,424896.0
2020-09-18,6.05,6.05,5.8,5.8,940811,EQ,9229.0,101.94,650395.0
2020-09-21,5.8,5.95,5.6,5.75,1008936,EQ,7189.0,140.34,679376.0
2020-09-22,5.8,5.8,5.3,5.4,993410,EQ,8012.0,123.99,479709.0
2020-09-23,5.5,5.7,5.4,5.45,587609,EQ,6826.0,86.08,190339.0
2020-09-24,5.4,5.4,5.05,5.1,612443,EQ,6766.0,90.52,365562.0
2020-09-25,5.2,5.5,5.2,5.4,1373163,EQ,10765.0,127.56,544267.0
2020-09-28,5.55,5.7,5.5,5.7,907481,EQ,,,
2020-09-29,5.75,5.8,5.55,5.6,2430294,EQ,10571.0,229.9,2079416.0
2020-09-30,5.8,5.8,5.6,5.65,1002114,EQ,11025.0,90.89,493343.0
2020-10-01,5.75,5.75,5.6,5.6,302694,EQ,3104.0,97.52,157172.0
2020-10-05,5.65,5.65,5.55,5.6,415312,EQ,3284.0,126.47,289160.0
2020-10-06,5.6,5.7,5.6,5.65,502866,EQ,3583.0,140.35,305847.0
2020-10-07,5.65,5.7,5.6,5.6,493564,EQ,3009.0,164.03,333059.0
2020-10-08,5.65,5.7,5.5,5.6,977610,EQ,5346.0,182.87,675184.0
2020-10-09,5.6,5.65,5.5,5.6,537883,EQ,4066.0,132.29,291669.0
2020-10-12,5.65,5.65,5.45,5.45,214388,EQ,3161.0,67.82,107541.0
2020-10-13,5.45,5.6,5.15,5.55,719848,EQ,6114.0,117.74,455062.0
2020-10-14,5.55,5.55,5.4,5.45,613210,EQ,5085.0,120.59,317712.0
2020-10-15,5.6,5.6,5.25,5.3,480594,EQ,5437.0,88.39,304102.0
2020-10-16,5.4,5.45,5.3,5.4,444577,EQ,4561.0,97.47,313453.0
2020-10-19,5.4,5.6,5.4,5.5,653934,EQ,5420.0,120.65,415401.0
2020-10-20,5.4,5.55,5.4,5.55,367253,EQ,2923.0,125.64,239658.0
2020-10-21,5.6,5.65,5.4,5.55,574588,EQ,4125.0,139.29,295169.0
2020-10-22,5.5,5.9,5.5,5.85,1634848,EQ,11667.0,140.13,1044233.0
2020-10-23,5.9,5.95,5.7,5.8,587716,EQ,5446.0,107.92,368435.0
2020-10-26,5.8,5.9,5.6,5.65,517968,EQ,4091.0,126.61,377547.0
2020-10-27,5.65,5.8,5.6,5.8,478585,EQ,4660.0,102.7,290296.0
2020-10-28,5.8,5.8,5.7,5.75,208659,EQ,2585.0,80.72,123246.0
2020-10-29,5.6,5.8,5.6,5.8,481619,EQ,7725.0,62.35,345506.0
2020-10-30,5.8,5.8,5.6,5.7,262591,EQ,3990.0,65.81,131646.0
2020-11-02,5.7,5.7,5.6,5.65,217810,EQ,1501.0,145.11,154782.0
2020-11-03,5.65,5.7,5.4,5.45,508413,EQ,3712.0,136.96,344181.0
2020-11-04,5.45,5.5,5.3,5.4,504860,EQ,4027.0,125.37,350321.0
2020-11-05,5.4,5.5,5.4,5.45,220434,EQ,2349.0,93.84,112604.0
2020-11-06,5.45,5.55,5.45,5.45,340928,EQ,2135.0,159.69,245585.0
2020-11-09,5.5,5.65,5.5,5.6,909976,EQ,2680.0,339.54,666626.0
2020-11-10,5.6,5.7,5.55,5.6,387408,EQ,2778.0,139.46,242313.0
2020-11-11,5.6,5.75,5.6,5.6,233623,EQ,2336.0,100.01,113211.0
2020-11-12,5.7,5.8,5.65,5.8,406947,EQ,3749.0,108.55,194759.0
2020-11-13,5.55,5.6,5.4,5.45,933105,EQ,7825.0,119.25,668660.0
2020-11-17,5.6,5.75,5.6,5.65,723176,EQ,14078.0,51.37,463248.0
2020-11-18,5.75,5.95,5.7,5.9,2590616,EQ,16218.0,159.74,1504687.0
2020-11-19,5.9,6.0,5.8,5.95,1653451,EQ,15789.0,104.72,1007940.0
2020-11-20,5.95,5.95,5.8,5.9,966612,EQ,8840.0,109.35,522823.0
2020-11-23,5.95,6.1,5.8,6.0,1198019,EQ,9415.0,127.25,603956.0
2020-11-24,6.1,6.1,5.9,5.95,772437,EQ,5829.0,132.52,562043.0
2020-11-25,6.1,6.2,5.9,5.9,1292745,EQ,13081.0,98.83,508229.0
2020-11-26,5.9,5.95,5.9,5.95,655927,EQ,3463.0,189.41,465072.0
2020-11-27,5.95,6.1,5.9,5.9,518369,EQ,4068.0,127.43,267393.0
2020-12-01,5.95,6.05,5.9,5.95,379879,EQ,4052.0,93.75,182397.0
2020-12-02,6.0,6.0,5.85,5.9,564562,EQ,4336.0,130.2,237283.0
2020-12-03,5.9,5.95,5.85,5.9,382890,EQ,2674.0,143.19,258527.0
2020-12-04,5.9,6.1,5.9,5.95,696634,EQ,5706.0,122.09,289485.0
2020-12-07,5.95,6.15,5.9,5.9,659541,EQ,6519.0,101.17,320521.0
2020-12-08,6.0,6.05,5.9,5.9,433514,EQ,4249.0,102.03,197347.0
2020-12-09,5.95,5.95,5.85,5.9,463635,EQ,3153.0,147.05,244389.0
2020-12-10,5.9,5.9,5.8,5.8,227964,EQ,3239.0,70.38,101359.0
2020-12-11,5.85,5.85,5.7,5.7,311806,EQ,3649.0,85.45,175009.0
2020-12-14,5.7,5.8,5.6,5.65,340454,EQ,3960.0,85.97,174485.0
2020-12-15,5.65,5.7,5.5,5.6,346199,EQ,5026.0,68.88,210567.0
2020-12-16,5.6,5.85,5.55,5.7,749006,EQ,6767.0,110.69,342462.0
2020-12-17,5.7,5.8,5.6,5.6,300071,EQ,7104.0,42.24,147926.0
2020-12-18,5.65,5.65,5.4,5.5,416652,EQ,5195.0,80.2,217522.0
2020-12-21,5.45,5.55,5.05,5.1,422541,EQ,6454.0,65.47,236630.0
2020-12-22,5.1,5.2,4.9,5.1,417433,EQ,5158.0,80.93,187897.0
2020-12-23,5.05,5.3,5.05,5.25,427004,EQ,5010.0,85.23,123154.0
2020-12-24,5.25,5.45,5.25,5.35,240030,EQ,3146.0,76.3,101824.0
2020-12-28,5.45,5.8,5.45,5.6,685325,EQ,7479.0,91.63,187000.0
2020-12-29,5.65,5.65,5.45,5.5,394927,EQ,6971.0,56.65,191234.0
2020-12-30,5.5,5.6,5.45,5.45,206869,EQ,2719.0,76.08,92860.0
2020-12-31,5.5,6.0,5.45,5.9,3186227,EQ,25148.0,126.7,1105897.0
2021-01-01,5.9,6.1,5.8,5.9,2055461,EQ,16899.0,121.63,567913.0
2021-01-04,5.95,6.0,5.85,5.9,1204263,EQ,13369.0,90.08,680033.0
2021-01-05,5.8,5.9,5.7,5.75,645475,EQ,10473.0,61.63,360601.0
2021-01-06,5.75,5.85,5.65,5.7,797846,EQ,6636.0,120.23,387315.0
2021-01-07,5.75,5.85,5.55,5.65,1909584,EQ,23573.0,81.01,735046.0
2021-01-08,5.75,5.8,5.7,5.7,1078071,EQ,6530.0,165.1,561682.0
2021-01-11,5.8,5.8,5.65,5.75,613782,EQ,7108.0,86.35,265816.0
2021-01-12,5.75,5.9,5.7,5.8,1273924,EQ,12907.0,98.7,659895.0
2021-01-13,5.85,5.9,5.8,5.85,1181622,EQ,22472.0,52.58,536064.0
2021-01-14,5.85,5.9,5.8,5.85,508678,EQ,7497.0,67.85,286663.0
2021-01-15,5.85,5.9,5.7,5.8,712607,EQ,6540.0,108.96,409682.0
2021-01-18,5.8,5.85,5.65,5.7,576025,EQ,6367.0,90.47,249987.0
2021-01-19,5.9,5.9,5.7,5.8,1089234,EQ,10015.0,108.76,302226.0
2021-01-20,5.9,6.1,5.8,5.9,2930329,EQ,33499.0,87.48,1131753.0
2021-01-21,5.95,6.0,5.75,5.8,1133304,EQ,23069.0,49.13,683836.0
2021-01-22,5.8,5.85,5.65,5.7,709379,EQ,6875.0,103.18,386707.0
2021-01-25,5.7,5.8,5.5,5.6,405403,EQ,5912.0,68.57,214897.0
2021-01-27,5.75,5.75,5.6,5.65,579095,EQ,5163.0,112.16,203923.0
2021-01-28,5.6,5.65,5.45,5.5,807783,EQ,4901.0,164.82,442891.0
2021-01-29,5.6,5.6,5.3,5.4,518236,EQ,6325.0,81.93,318307.0
2021-02-01,5.4,5.7,5.3,5.4,2661787,EQ,37468.0,71.04,911468.0
2021-02-02,5.45,5.6,5.45,5.5,1053547,EQ,8185.0,128.72,479915.0
2021-02-03,5.55,5.6,5.3,5.4,1248835,EQ,11764.0,106.16,776626.0
2021-02-04,5.4,5.6,5.4,5.45,1184358,EQ,10696.0,110.73,612935.0
2021-02-05,5.5,5.5,5.4,5.4,709716,EQ,7129.0,99.55,400331.0
2021-02-08,5.4,5.5,5.4,5.45,950130,EQ,7501.0,126.67,424915.0
2021-02-09,5.5,5.6,5.45,5.5,1220114,EQ,13241.0,92.15,378438.0
2021-02-10,5.55,5.65,5.5,5.6,785762,EQ,7659.0,102.59,282504.0
2021-02-11,5.6,5.65,5.45,5.5,888194,EQ,5977.0,148.6,456873.0
2021-02-12,5.5,5.55,5.4,5.45,344595,EQ,2972.0,115.95,155508.0
2021-02-15,5.5,5.55,5.4,5.45,478780,EQ,3625.0,132.08,238120.0
2021-02-16,5.45,5.5,5.4,5.4,593127,EQ,4671.0,126.98,309474.0
2021-02-17,5.4,5.45,5.3,5.3,560059,EQ,5503.0,101.77,276071.0
2021-02-18,5.4,5.5,5.35,5.4,1694103,EQ,6166.0,274.75,1197797.0
2021-02-19,5.4,5.5,5.3,5.35,654585,EQ,5568.0,117.56,243105.0
2021-02-22,5.4,5.5,5.25,5.3,457211,EQ,5064.0,90.29,220425.0
2021-02-23,5.4,5.45,5.3,5.3,419816,EQ,5195.0,80.81,179582.0
2021-02-24,5.35,5.4,5.25,5.3,425052,EQ,5085.0,83.59,261858.0
2021-02-25,5.35,5.4,5.3,5.35,657129,EQ,5675.0,115.79,314057.0
2021-02-26,5.3,5.45,5.25,5.4,695977,EQ,6048.0,115.08,372579.0
2021-03-01,5.45,5.45,5.3,5.35,677203,EQ,6515.0,103.95,312615.0
2021-03-02,5.4,5.7,5.4,5.65,3931007,EQ,31759.0,123.78,1232791.0
2021-03-03,5.7,5.8,5.6,5.65,3026402,EQ,23512.0,128.72,867382.0
2021-03-04,5.6,5.8,5.5,5.65,1071504,EQ,10529.0,101.77,382952.0
2021-03-05,5.7,5.9,5.6,5.65,3025098,EQ,24981.0,121.1,895808.0
2021-03-08,5.7,6.6,5.7,6.2,19961911,EQ,118116.0,169.0,4459246.0
2021-03-09,6.3,6.4,5.9,6.05,5274226,EQ,32933.0,160.15,1353297.0
2021-03-10,6.15,6.2,6.0,6.1,1964996,EQ,13734.0,143.08,519710.0
2021-03-12,6.15,6.3,5.95,6.1,1789226,EQ,13278.0,134.75,499155.0
2021-03-15,6.1,6.1,5.75,5.85,1663668,EQ,10698.0,155.51,554025.0
2021-03-16,5.9,5.9,5.75,5.8,871734,EQ,8697.0,100.23,317602.0
2021-03-17,5.8,6.15,5.6,5.7,6156304,EQ,42061.0,146.37,917500.0
2021-03-18,5.75,5.8,5.35,5.55,2448235,EQ,21199.0,115.49,604425.0
2021-03-19,5.6,5.6,5.3,5.5,3070810,EQ,21677.0,141.66,447081.0
2021-03-22,5.6,5.7,5.5,5.6,1774445,EQ,12612.0,140.69,311174.0
2021-03-23,5.65,5.65,5.45,5.5,1595857,EQ,15110.0,105.62,458327.0
2021-03-24,5.5,5.6,5.3,5.35,1257489,EQ,10635.0,118.24,456765.0
2021-03-25,5.45,5.45,5.15,5.2,1470330,EQ,14955.0,98.32,356092.0
2021-03-26,5.3,5.35,5.1,5.15,1198138,EQ,8926.0,134.23,473610.0
2021-03-30,5.15,5.25,5.1,5.15,1150015,EQ,9573.0,120.13,316289.0
2021-03-31,5.45,5.6,5.4,5.4,7589725,EQ,46381.0,163.64,896520.0
2021-04-01,5.5,5.75,5.45,5.7,3147655,EQ,20963.0,150.15,781389.0
2021-04-05,5.7,5.7,5.4,5.45,1978801,EQ,15804.0,125.21,630150.0
2021-04-06,5.5,5.55,5.4,5.45,1040446,EQ,9110.0,114.21,170728.0
2021-04-07,5.5,5.5,5.4,5.45,615063,EQ,5260.0,116.93,184213.0
2021-04-08,5.45,5.6,5.4,5.45,696109,EQ,5784.0,120.35,226740.0
2021-04-09,5.45,5.55,5.45,5.5,827267,EQ,5642.0,146.63,233231.0
2021-04-12,5.3,5.4,5.0,5.2,1165839,EQ,9287.0,125.53,511139.0
2021-04-13,5.3,5.4,5.15,5.3,546364,EQ,5465.0,99.98,159224.0
2021-04-15,5.25,5.45,5.25,5.45,865249,EQ,7583.0,114.1,323374.0
2021-04-16,5.45,5.5,5.4,5.4,470720,EQ,5465.0,86.13,149453.0
2021-04-19,5.15,5.3,5.0,5.1,904611,EQ,8063.0,112.19,427844.0
2021-04-20,5.1,5.2,5.1,5.2,441578,EQ,4371.0,101.02,180452.0
2021-04-22,5.2,5.3,5.15,5.25,515861,EQ,5023.0,102.7,187541.0
2021-04-23,5.25,5.4,5.2,5.2,922906,EQ,6178.0,149.39,438822.0
2021-04-26,5.2,5.3,5.2,5.25,569838,EQ,3727.0,152.89,226702.0
2021-04-27,5.25,5.3,5.2,5.25,735858,EQ,5804.0,126.78,383680.0
2021-04-28,5.3,5.35,5.2,5.3,594930,EQ,4504.0,132.09,246270.0
2021-04-29,5.4,5.4,5.3,5.35,426904,EQ,4417.0,96.65,166019.0
2021-04-30,5.3,5.3,5.2,5.2,955206,EQ,9703.0,98.44,590716.0
2021-05-03,5.15,5.3,5.1,5.25,380116,EQ,4169.0,91.18,103255.0
2021-05-04,5.25,5.3,5.2,5.2,893744,EQ,6041.0,147.95,404660.0
2021-05-05,5.25,5.3,5.1,5.15,646178,EQ,5446.0,118.65,385687.0
2021-05-06,5.2,5.2,5.15,5.15,565342,EQ,4561.0,123.95,307764.0
2021-05-07,5.45,5.6,5.3,5.35,2613733,EQ,27559.0,94.84,655212.0
2021-05-10,5.35,5.4,5.3,5.35,752013,EQ,8649.0,86.95,358125.0
2021-05-11,5.3,5.45,5.3,5.4,909018,EQ,7773.0,116.95,345578.0
2021-05-12,5.4,5.45,5.3,5.35,601025,EQ,5611.0,107.12,322224.0
2021-05-14,5.45,5.45,5.3,5.3,724993,EQ,6198.0,116.97,327864.0
2021-05-17,5.35,5.35,5.25,5.3,370139,EQ,3612.0,102.47,163635.0
2021-05-18,5.35,5.45,5.3,5.35,948310,EQ,7902.0,120.01,368461.0
2021-05-19,5.35,5.65,5.35,5.5,2638966,EQ,18072.0,146.03,927915.0
2021-05-20,5.55,5.6,5.4,5.45,840502,EQ,9131.0,92.05,323099.0
2021-05-21,5.45,5.55,5.45,5.45,673818,EQ,5677.0,118.69,309350.0
2021-05-24,5.45,5.65,5.45,5.45,2278962,EQ,16065.0,141.86,916823.0
2021-05-25,5.55,5.6,5.4,5.45,1197620,EQ,10950.0,109.37,483308.0
2021-05-26,5.5,5.5,5.4,5.4,915701,EQ,8965.0,102.14,475039.0
2021-05-27,5.45,5.5,5.3,5.4,1716147,EQ,15159.0,113.21,935314.0
2021-05-28,5.4,5.45,5.3,5.3,1429659,EQ,12011.0,119.03,577519.0
2021-05-31,5.35,5.7,5.3,5.65,8167223,EQ,39419.0,207.19,4340401.0
2021-06-01,5.8,5.95,5.45,5.8,29186778,EQ,93294.0,312.85,8705675.0
2021-06-02,5.9,6.7,5.9,6.55,25088038,EQ,153676.0,163.25,5710858.0
2021-06-03,6.5,6.7,6.3,6.4,13768939,EQ,92888.0,148.23,3769367.0
2021-06-04,6.45,6.45,6.2,6.3,3861759,EQ,24986.0,154.56,1263584.0
2021-06-07,6.3,6.65,6.3,6.45,6248472,EQ,32034.0,195.06,1705119.0
2021-06-08,6.45,6.45,6.2,6.25,2898122,EQ,34190.0,84.77,1224163.0
2021-06-09,6.25,6.8,6.2,6.45,14977335,EQ,75824.0,197.53,3745286.0
2021-06-10,6.6,7.2,6.55,7.05,24748537,EQ,126351.0,195.87,4823590.0
2021-06-11,7.15,7.35,7.1,7.2,11500444,EQ,56144.0,204.84,3274793.0
2021-06-14,7.2,7.2,6.65,7.1,6732475,EQ,37682.0,178.67,1386163.0
2021-06-15,7.1,7.75,7.05,7.7,19063157,EQ,112746.0,169.08,5217901.0
2021-06-16,7.6,8.0,7.5,7.6,15657570,EQ,95641.0,163.71,2722311.0
2021-06-17,7.45,7.5,7.1,7.2,8839233,EQ,43883.0,201.43,3295522.0
2021-06-18,7.2,7.4,6.8,7.2,6375246,EQ,41591.0,153.28,1102719.0
2021-06-21,7.0,7.65,6.9,7.55,6335925,EQ,43424.0,145.91,1340216.0
2021-06-22,7.6,8.0,7.6,7.75,8154858,EQ,59700.0,136.6,2705523.0
2021-06-23,7.8,8.3,7.75,8.15,14292556,EQ,86870.0,164.53,3232411.0
2021-06-24,8.25,8.55,8.1,8.35,10487175,EQ,78319.0,133.9,1820434.0
2021-06-25,8.4,8.4,8.0,8.1,3326310,EQ,25456.0,130.67,697582.0
2021-06-28,8.1,8.15,7.8,7.9,2429876,EQ,16647.0,145.96,629163.0
2021-06-29,7.9,8.15,7.7,7.8,4118671,EQ,26667.0,154.45,931900.0
2021-06-30,7.8,8.15,7.7,8.05,3581239,EQ,23471.0,152.58,795455.0
2021-07-01,8.05,8.15,7.7,7.8,2768247,EQ,15815.0,175.04,912593.0
2021-07-02,7.8,7.95,7.65,7.85,2586235,EQ,16125.0,160.39,541624.0
2021-07-05,7.9,8.0,7.8,7.9,2248852,EQ,15301.0,146.97,430550.0
2021-07-06,7.9,8.1,7.8,7.9,2038663,EQ,13865.0,147.04,505434.0
2021-07-07,7.8,8.2,7.8,8.2,4997842,EQ,32270.0,154.88,1295218.0
2021-07-08,8.05,8.5,8.05,8.25,5016206,EQ,38013.0,131.96,1392880.0
2021-07-09,8.3,9.0,8.25,8.9,12432832,EQ,77830.0,159.74,2688268.0
2021-07-12,8.95,9.1,8.7,8.8,7059339,EQ,45525.0,155.07,1677234.0
2021-07-13,8.85,9.0,8.7,8.9,2928594,EQ,16357.0,179.04,743423.0
2021-07-14,8.9,9.15,8.8,9.05,3770993,EQ,22435.0,168.09,1180182.0
2021-07-15,9.1,9.2,8.9,9.15,2890060,EQ,19935.0,144.97,915645.0
2021-07-16,9.25,9.5,9.15,9.25,4395107,EQ,28363.0,154.96,1238269.0
2021-07-19,9.2,9.3,8.9,8.9,2514196,EQ,20518.0,122.54,886803.0
2021-07-20,8.9,9.05,8.6,8.7,3497636,EQ,19509.0,179.28,1223450.0
2021-07-22,8.8,9.0,8.8,8.95,1802125,EQ,12708.0,141.81,429242.0
2021-07-23,8.8,8.95,8.5,8.6,1232887,EQ,9539.0,129.25,391878.0
2021-07-26,8.6,8.6,8.0,8.15,1935916,EQ,19200.0,100.83,639950.0
2021-07-27,8.25,8.5,8.05,8.3,3292596,EQ,23825.0,138.2,982251.0
2021-07-28,8.3,8.4,8.05,8.1,1806233,EQ,14310.0,126.22,582689.0
2021-07-29,8.2,8.25,7.7,8.0,3835195,EQ,33184.0,115.57,1597992.0
2021-07-30,8.0,8.3,8.0,8.2,2646127,EQ,19807.0,133.6,979992.0
2021-08-02,8.3,8.35,8.1,8.2,1358757,EQ,12735.0,106.69,457057.0
2021-08-03,8.2,8.6,7.95,8.5,4967480,EQ,39432.0,125.98,1358868.0
2021-08-04,8.55,8.7,8.35,8.45,3072335,EQ,28271.0,108.67,1091663.0
2021-08-05,8.5,8.5,8.2,8.4,2388328,EQ,23980.0,99.6,688034.0
2021-08-06,8.35,8.45,8.2,8.35,1574327,EQ,14540.0,108.28,473311.0
2021-08-09,8.4,8.5,8.25,8.4,1489380,EQ,12851.0,115.9,426844.0
2021-08-10,8.4,8.4,7.55,7.75,1917449,EQ,23295.0,82.31,831260.0
2021-08-11,7.9,7.95,7.4,7.6,3612318,EQ,41946.0,86.12,878234.0
2021-08-12,7.7,8.3,7.6,8.2,4270611,EQ,34431.0,124.03,877126.0
2021-08-13,8.2,8.2,7.9,8.0,1494051,EQ,13751.0,108.65,452035.0
2021-08-16,8.0,8.4,7.9,8.3,2271721,EQ,19782.0,114.84,458902.0
2021-08-17,8.3,8.4,8.0,8.2,1868525,EQ,18173.0,102.82,494855.0
2021-08-18,8.25,8.3,7.95,8.05,1303485,EQ,12326.0,105.75,538622.0
2021-08-20,7.9,8.05,7.8,7.85,1306883,EQ,10982.0,119.0,525295.0
2021-08-23,7.95,8.05,7.6,7.7,1174973,EQ,12584.0,93.37,434249.0
2021-08-24,7.75,8.25,7.75,8.15,4152354,EQ,34232.0,121.3,1640104.0
2021-08-25,8.2,8.4,8.0,8.05,1834023,EQ,18441.0,99.45,551072.0
2021-08-26,8.1,8.2,8.05,8.1,1118990,EQ,9656.0,115.89,260927.0
2021-08-27,8.1,8.55,8.05,8.3,2758944,EQ,21723.0,127.01,749672.0
2021-08-30,8.4,8.45,8.25,8.3,1270727,EQ,11612.0,109.43,419865.0
2021-08-31,8.3,8.4,8.1,8.25,1800154,EQ,15983.0,112.63,476437.0
2021-09-01,8.25,8.3,8.05,8.1,1165564,EQ,10579.0,110.18,408023.0
2021-09-02,8.1,8.6,8.05,8.4,2526340,EQ,18894.0,133.71,1269418.0
2021-09-03,8.6,8.85,8.55,8.8,8617187,EQ,69472.0,124.04,2853268.0
2021-09-06,8.9,9.1,8.75,9.0,4749034,EQ,37344.0,127.17,1563772.0
2021-09-07,9.05,9.1,8.75,8.8,3020227,EQ,27697.0,109.05,1056301.0
2021-09-08,8.85,8.9,8.6,8.7,1478375,EQ,14225.0,103.93,533865.0
2021-09-09,8.6,8.7,8.6,8.6,1108170,EQ,8570.0,129.31,603672.0
2021-09-13,8.6,8.6,8.45,8.45,1138641,EQ,14410.0,79.02,472631.0
2021-09-14,8.5,8.95,8.5,8.8,4123116,EQ,31995.0,128.87,1327838.0
2021-09-15,8.95,9.05,8.9,8.95,3139816,EQ,25967.0,120.92,1205350.0
2021-09-16,8.95,9.2,8.9,9.0,4501994,EQ,33169.0,135.73,1541319.0
2021-09-17,9.0,9.2,8.3,8.55,4804258,EQ,35736.0,134.44,1725203.0
2021-09-20,8.55,8.95,8.55,8.7,2551176,EQ,25286.0,100.89,668720.0
2021-09-21,8.85,8.85,8.25,8.55,2502218,EQ,22703.0,110.22,793371.0
2021-09-22,8.65,8.8,8.5,8.55,1720019,EQ,11379.0,151.16,466810.0
2021-09-23,8.65,8.8,8.5,8.55,1761752,EQ,14089.0,125.04,776404.0
2021-09-24,8.6,8.8,8.6,8.7,2659075,EQ,22256.0,119.48,873429.0
2021-09-27,8.8,8.8,8.7,8.7,1073618,EQ,10456.0,102.68,517288.0
2021-09-28,8.8,8.9,8.75,8.8,2151156,EQ,14115.0,152.4,1034829.0
2021-09-29,8.8,9.6,8.7,9.45,10643154,EQ,66999.0,158.86,4247642.0
2021-09-30,9.65,10.8,9.6,10.2,29874859,EQ,221167.0,135.08,5480311.0
2021-10-01,10.2,10.7,10.1,10.5,11625330,EQ,97315.0,119.46,2470709.0
2021-10-04,10.55,10.65,10.0,10.15,7877628,EQ,58893.0,133.76,3431751.0
2021-10-05,10.2,10.4,10.05,10.1,3117082,EQ,26154.0,119.18,1293648.0
2021-10-06,10.2,10.5,10.1,10.2,5567922,EQ,46685.0,119.27,1729672.0
2021-10-07,10.3,10.55,10.3,10.4,3114773,EQ,30583.0,101.85,1062852.0
2021-10-08,10.45,10.7,10.3,10.5,4439178,EQ,44789.0,99.11,1335122.0
2021-10-11,10.5,10.9,10.5,10.55,4588341,EQ,36237.0,126.62,1967327.0
2021-10-12,10.6,10.7,10.4,10.45,3613062,EQ,19429.0,185.96,891129.0
2021-10-13,10.5,10.65,10.4,10.55,2830225,EQ,27834.0,101.68,1198469.0
2021-10-14,10.65,10.7,10.5,10.6,2293572,EQ,18993.0,120.76,975407.0
2021-10-18,10.7,11.2,10.45,10.6,6866124,EQ,58101.0,118.18,2724489.0
2021-10-19,10.7,10.75,10.05,10.2,3220629,EQ,27363.0,117.7,1546980.0
2021-10-20,10.3,10.75,10.05,10.6,5439933,EQ,41554.0,130.91,1940237.0
2021-10-21,11.0,12.7,11.0,12.2,41019417,EQ,262580.0,156.22,16851412.0
2021-10-22,12.75,14.7,12.65,14.7,42751716,EQ,303283.0,140.96,11012783.0
2021-10-25,16.0,17.3,13.6,13.9,37206938,EQ,411226.0,90.48,8792689.0
2021-10-26,14.2,15.15,13.3,14.6,17380021,EQ,238088.0,73.0,5337344.0
2021-10-27,15.15,15.4,13.15,13.15,13373898,EQ,115637.0,115.65,5583039.0
2021-10-28,12.25,12.55,11.85,11.9,17832345,EQ,81569.0,218.62,5575567.0
2021-10-29,11.9,12.25,11.05,11.3,6565187,EQ,55131.0,119.08,2399910.0
2021-11-01,11.7,11.9,11.6,11.9,1425079,EQ,9937.0,143.41,985363.0
2021-11-02,12.45,12.45,11.9,12.05,6201356,EQ,33294.0,186.26,2946103.0
2021-11-03,12.1,12.1,11.45,11.5,2487696,EQ,22206.0,112.03,1257976.0
2021-11-04,11.7,11.75,11.55,11.7,510765,EQ,22206.0,23.0,1257976.0
2021-11-08,11.7,11.8,11.3,11.5,1355407,EQ,15142.0,89.51,786126.0
2021-11-09,11.6,11.7,11.4,11.55,1246515,EQ,11184.0,111.46,669670.0
2021-11-10,11.45,11.5,11.1,11.3,1614549,EQ,16768.0,96.29,907802.0
2021-11-11,11.3,11.7,11.2,11.3,1660468,EQ,16728.0,99.26,653648.0
2021-11-12,11.4,11.5,11.15,11.4,1902941,EQ,15168.0,125.46,906511.0
2021-11-15,11.4,11.45,11.2,11.2,644441,EQ,8703.0,74.05,361546.0
2021-11-16,11.25,11.3,10.9,10.95,1352640,EQ,13399.0,100.95,854583.0
2021-11-17,10.95,11.1,10.45,10.55,2209808,EQ,21811.0,101.32,1127805.0
2021-11-18,10.65,11.1,10.65,11.05,3124647,EQ,24467.0,127.71,1156692.0
2021-11-22,11.3,11.3,10.5,10.55,2139248,EQ,20658.0,103.56,1017709.0
2021-11-23,10.45,11.05,10.4,11.05,2307074,EQ,18796.0,122.74,1006616.0
2021-11-24,11.1,11.3,10.8,10.9,1172091,EQ,12240.0,95.76,671128.0
2021-11-25,10.9,11.1,10.8,10.9,980149,EQ,9836.0,99.65,603827.0
2021-11-26,10.7,10.9,10.5,10.55,1431355,EQ,14480.0,98.85,829017.0
2021-11-29,10.4,10.5,10.0,10.0,2031600,EQ,19813.0,102.54,1118054.0
2021-11-30,10.0,10.5,10.0,10.25,1748536,EQ,14986.0,116.68,1015722.0
2021-12-01,10.5,10.8,10.35,10.8,1560984,EQ,12129.0,128.7,913958.0
2021-12-02,11.0,11.3,10.9,11.3,2474672,EQ,16300.0,151.82,1294033.0
2021-12-03,11.85,11.85,11.35,11.4,2712310,EQ,24566.0,110.41,1525158.0
2021-12-06,11.6,11.65,11.05,11.1,1444392,EQ,20760.0,69.58,764723.0
2021-12-07,11.2,11.3,11.05,11.1,797374,EQ,9211.0,86.57,475583.0
2021-12-08,11.15,11.25,11.0,11.05,603533,EQ,9698.0,62.23,326144.0
2021-12-09,11.05,11.1,10.85,10.95,901080,EQ,11265.0,79.99,467624.0
2021-12-10,10.95,11.4,10.9,11.15,1307090,EQ,13687.0,95.5,776532.0
2021-12-13,11.25,11.5,11.1,11.2,1211740,EQ,12528.0,96.72,696460.0
2021-12-14,11.1,11.3,10.85,10.95,827825,EQ,9278.0,89.22,386510.0
2021-12-15,10.95,11.1,10.7,10.7,964047,EQ,10778.0,89.45,654798.0
2021-12-16,10.8,10.85,10.25,10.35,1495902,EQ,16049.0,93.21,912503.0
2021-12-17,10.4,10.45,9.9,10.2,1330860,EQ,18558.0,71.71,801661.0
2021-12-20,10.35,10.7,10.05,10.4,2848275,EQ,32817.0,86.79,1105601.0
2021-12-21,10.7,10.8,10.3,10.4,1307576,EQ,14365.0,91.03,546934.0
2021-12-22,10.55,10.65,10.4,10.45,1178190,EQ,10049.0,117.24,630685.0
2021-12-23,10.5,10.6,10.4,10.45,851937,EQ,8734.0,97.54,490378.0
2021-12-24,10.5,10.5,10.3,10.3,746541,EQ,7205.0,103.61,378369.0
2021-12-27,10.25,10.3,10.0,10.1,747124,EQ,9088.0,82.21,450949.0
2021-12-28,10.1,10.6,10.1,10.6,755001,EQ,5916.0,127.62,512586.0
2021-12-29,11.15,11.15,11.15,11.15,422968,EQ,1850.0,228.63,422568.0
2021-12-30,11.45,11.7,10.9,11.3,3693837,EQ,30340.0,121.75,2083754.0
2021-12-31,11.3,11.5,11.2,11.4,1109420,EQ,11809.0,93.95,647124.0
2022-01-03,11.45,11.5,11.05,11.1,992505,EQ,10690.0,92.84,666787.0
2022-01-04,11.15,11.3,10.9,11.05,845006,EQ,14736.0,57.34,490472.0
2022-01-05,11.05,11.4,11.05,11.2,1538633,EQ,12183.0,126.29,823975.0
2022-01-06,11.05,11.7,10.95,11.5,4306245,EQ,35671.0,120.72,1461452.0
2022-01-07,11.75,11.9,11.5,11.8,2923216,EQ,26745.0,109.3,1720489.0
2022-01-10,11.85,12.4,11.8,12.4,4228445,EQ,30175.0,140.13,2597763.0
2022-01-11,12.5,12.8,12.0,12.2,3115870,EQ,32551.0,95.72,1743666.0
2022-01-12,12.3,12.4,11.9,12.0,952323,EQ,12426.0,76.64,506885.0
2022-01-13,12.0,12.6,11.95,12.55,3705792,EQ,22560.0,164.26,1907820.0
2022-01-14,12.6,12.65,12.3,12.45,1552266,EQ,13805.0,112.44,764361.0
2022-01-17,12.4,12.5,12.1,12.2,902444,EQ,8772.0,102.88,599643.0
2022-01-18,12.2,12.6,11.95,12.1,2470535,EQ,16963.0,145.64,1236579.0
2022-01-19,12.15,12.3,12.0,12.1,859877,EQ,8548.0,100.59,455729.0
2022-01-20,12.05,12.25,11.75,11.9,786986,EQ,8776.0,89.67,453213.0
2022-01-21,11.85,12.0,11.5,11.6,769416,EQ,7883.0,97.6,373839.0
2022-01-24,11.5,11.7,11.05,11.05,926199,EQ,7557.0,122.56,577604.0
2022-01-25,10.65,11.6,10.5,11.6,1974128,EQ,17451.0,113.12,1388665.0
2022-01-27,11.55,12.15,11.35,12.0,1762166,EQ,14753.0,119.44,1063772.0
2022-01-28,12.2,12.35,11.9,12.1,1220462,EQ,12789.0,95.43,660704.0
2022-01-31,12.5,12.7,12.3,12.7,5136219,EQ,28188.0,182.21,2450009.0
2022-02-01,12.8,13.35,12.7,13.3,5861922,EQ,48135.0,121.78,2610930.0
2022-02-02,13.45,14.0,13.35,14.0,5331372,EQ,32332.0,164.89,2591856.0
2022-02-03,13.95,14.65,13.75,14.65,5830445,EQ,43032.0,135.49,2661915.0
2022-02-04,14.7,15.05,14.05,14.9,7204715,EQ,56281.0,128.01,2834860.0
2022-02-07,14.9,15.15,14.3,14.8,4600963,EQ,50643.0,90.85,1769662.0
2022-02-08,14.7,14.95,14.1,14.4,3823485,EQ,24255.0,157.64,1861789.0
2022-02-09,14.3,15.1,13.75,15.0,6557024,EQ,35799.0,183.16,2209767.0
2022-02-10,15.0,15.05,14.4,14.6,2196467,EQ,25041.0,87.71,827741.0
2022-02-11,14.5,14.9,14.25,14.4,2929054,EQ,33038.0,88.66,1069592.0
2022-02-14,14.1,14.1,13.65,13.65,1594501,EQ,16329.0,97.65,812066.0
2022-02-15,13.3,13.85,13.0,13.6,3756031,EQ,26812.0,140.09,1046131.0
2022-02-16,13.7,13.95,13.35,13.5,1440800,EQ,17034.0,84.58,536256.0
2022-02-17,13.65,13.65,13.0,13.1,913078,EQ,13303.0,68.64,379488.0
2022-02-18,13.0,13.3,12.65,12.8,1988165,EQ,16845.0,118.03,700623.0
2022-02-21,12.7,12.95,12.3,12.45,2006464,EQ,20726.0,96.81,931377.0
2022-02-22,11.9,12.5,11.8,11.8,2592349,EQ,20234.0,128.12,847759.0
2022-02-23,11.7,12.15,11.25,11.8,3829604,EQ,29128.0,131.48,1167564.0
2022-02-24,11.2,11.35,11.2,11.2,751965,EQ,4078.0,184.4,563448.0
2022-02-25,11.1,11.55,10.8,10.95,3546344,EQ,33683.0,105.29,1411723.0
2022-02-28,10.7,10.9,10.4,10.8,4387888,EQ,32360.0,135.6,1843183.0
2022-03-02,10.9,11.3,10.55,11.3,3986573,EQ,18844.0,211.56,1986225.0
2022-03-03,11.4,11.9,11.4,11.45,2932714,EQ,18950.0,154.76,1448777.0
2022-03-04,11.35,11.45,10.9,11.05,2591662,EQ,16749.0,154.74,837917.0
2022-03-07,10.5,10.7,10.5,10.5,1669888,EQ,,,
2022-03-08,10.35,10.75,10.0,10.55,3735963,EQ,30361.0,123.05,1340326.0
2022-03-09,10.5,11.05,10.35,11.05,3076566,EQ,24133.0,127.48,1194487.0
2022-03-10,11.3,11.6,11.2,11.55,2985585,EQ,21993.0,135.75,1208136.0
2022-03-11,11.7,11.7,11.2,11.35,2080509,EQ,18632.0,111.66,1177281.0
2022-03-14,11.35,11.35,10.9,11.0,2016138,EQ,15913.0,126.7,1118389.0
2022-03-15,11.0,11.35,10.9,11.05,1414741,EQ,13589.0,104.11,299602.0
2022-03-16,11.2,11.35,11.05,11.25,1124523,EQ,12078.0,93.11,480966.0
2022-03-17,11.4,11.6,11.2,11.45,2865068,EQ,17595.0,162.83,2137315.0
2022-03-21,11.45,11.65,11.05,11.2,1761158,EQ,16658.0,105.72,862685.0
2022-03-22,11.2,11.4,10.95,11.3,1329074,EQ,13162.0,100.98,699051.0
2022-03-23,11.55,11.7,11.1,11.4,1398964,EQ,14446.0,96.84,593945.0
2022-03-24,11.4,11.75,11.25,11.4,1193787,EQ,14880.0,80.23,486573.0
2022-03-25,11.4,11.9,11.4,11.8,2120202,EQ,21329.0,99.4,1043530.0
2022-03-28,12.0,12.2,11.8,11.95,2438335,EQ,23532.0,103.62,1240430.0
2022-03-29,12.05,12.55,12.05,12.55,2524171,EQ,23369.0,108.01,1379962.0
2022-03-30,12.7,12.85,12.15,12.25,1562101,EQ,19838.0,78.74,766904.0
2022-03-31,12.4,12.75,12.25,12.55,1529950,EQ,14573.0,104.99,814765.0
2022-04-01,12.7,13.2,12.55,13.1,1576047,EQ,19486.0,80.88,781850.0
2022-04-04,13.15,13.4,13.0,13.25,1275090,EQ,20046.0,63.61,744752.0
2022-04-05,13.5,13.5,13.1,13.25,1186324,EQ,15796.0,75.1,508131.0
2022-04-06,13.1,13.25,12.8,12.9,1028054,EQ,11755.0,87.46,520741.0
2022-04-07,12.95,13.2,12.4,12.55,1661770,EQ,12631.0,131.56,823507.0
2022-04-08,12.8,13.25,12.75,12.9,1960439,EQ,21724.0,90.24,905281.0
2022-04-11,12.9,13.2,12.7,12.75,1189690,EQ,10085.0,117.97,565258.0
2022-04-12,12.8,12.8,12.1,12.3,1052309,EQ,12552.0,83.84,516705.0
2022-04-13,12.4,12.6,12.2,12.3,810419,EQ,9182.0,88.26,348144.0
2022-04-18,12.15,12.5,12.1,12.3,720814,EQ,8143.0,88.52,280345.0
2022-04-19,12.4,12.6,12.1,12.3,994017,EQ,10919.0,91.04,410461.0
2022-04-20,12.4,12.45,11.8,11.9,1104931,EQ,12061.0,91.61,533672.0
2022-04-21,12.2,12.4,12.0,12.3,1124209,EQ,9819.0,114.49,507278.0
2022-04-22,12.15,12.45,12.05,12.15,1172840,EQ,8096.0,144.87,605579.0
2022-04-25,12.05,12.05,11.5,11.7,1303399,EQ,10018.0,130.11,742835.0
2022-04-26,11.8,12.1,11.75,11.9,765046,EQ,7363.0,103.9,283135.0
2022-04-27,11.8,11.9,11.55,11.8,945031,EQ,6524.0,144.85,451677.0
2022-04-28,12.0,12.25,11.75,12.1,1015832,EQ,7908.0,128.46,409948.0
2022-04-29,12.2,12.2,11.7,11.8,607453,EQ,6284.0,96.67,260873.0
2022-05-02,11.65,11.85,11.5,11.6,644738,EQ,4951.0,130.22,275427.0
2022-05-04,11.8,11.8,11.1,11.2,845864,EQ,9325.0,90.71,430362.0
2022-05-05,11.2,11.4,11.05,11.2,444258,EQ,5822.0,76.31,175778.0
2022-05-06,10.85,11.1,10.75,11.0,728744,EQ,8298.0,87.82,335048.0
2022-05-09,10.95,10.95,10.5,10.7,1524094,EQ,8222.0,185.37,822449.0
2022-05-10,10.7,10.9,10.1,10.3,1506550,EQ,12210.0,123.39,941254.0
2022-05-12,9.75,9.75,9.3,9.45,1619181,EQ,14096.0,114.87,965900.0
2022-05-13,9.7,10.3,9.5,9.7,2108030,EQ,29418.0,71.66,937361.0
2022-05-16,9.85,10.65,9.85,10.65,2155279,EQ,17825.0,120.91,797514.0
2022-05-17,10.8,11.0,10.6,10.9,1702338,EQ,20840.0,81.69,624460.0
2022-05-18,11.0,11.1,10.45,10.6,1417232,EQ,15120.0,93.73,599924.0
2022-05-19,10.35,10.85,9.9,10.65,2179128,EQ,18008.0,121.01,736120.0
2022-05-20,11.0,11.7,10.85,11.7,3707852,EQ,29619.0,125.18,1570985.0
2022-05-23,11.75,12.5,11.7,11.9,3417394,EQ,36708.0,93.1,1568729.0
2022-05-24,12.05,12.1,11.55,11.8,1841434,EQ,16397.0,112.3,892741.0
2022-05-25,12.0,12.0,10.9,11.55,2300928,EQ,15168.0,151.7,1085878.0
2022-05-26,11.5,11.6,11.1,11.4,1217740,EQ,10350.0,117.66,479326.0
2022-05-27,11.5,11.6,11.4,11.45,1029449,EQ,7012.0,146.81,512613.0
2022-05-30,11.6,11.65,11.1,11.2,958779,EQ,9178.0,104.46,575639.0
2022-05-31,11.25,11.35,10.95,11.05,1062078,EQ,7100.0,149.59,685610.0
2022-06-01,11.05,11.4,11.05,11.2,1102929,EQ,10297.0,107.11,456472.0
2022-06-02,11.2,11.3,11.0,11.15,1357545,EQ,7434.0,182.61,820621.0
2022-06-03,11.25,11.7,11.2,11.4,1657084,EQ,15655.0,105.85,590797.0
2022-06-06,11.3,11.45,11.15,11.4,451435,EQ,5233.0,86.27,137972.0
2022-06-07,11.45,11.5,11.2,11.2,665583,EQ,7677.0,86.7,275577.0
2022-06-08,11.2,11.45,11.0,11.2,864305,EQ,8953.0,96.54,365470.0
2022-06-09,11.05,11.2,11.0,11.1,498203,EQ,3886.0,128.2,253093.0
2022-06-10,11.05,11.2,11.0,11.1,531049,EQ,5057.0,105.01,252367.0
2022-06-13,10.85,10.85,10.4,10.55,758453,EQ,11057.0,68.59,299260.0
2022-06-14,10.55,10.9,10.5,10.75,962617,EQ,6763.0,142.34,448229.0
2022-06-15,10.8,10.85,10.6,10.7,293819,EQ,4309.0,68.19,114446.0
2022-06-16,10.75,10.85,9.8,9.9,1045036,EQ,11308.0,92.42,523805.0
2022-06-17,9.8,10.2,9.75,9.8,683891,EQ,9597.0,71.26,314534.0
2022-06-20,9.9,9.9,8.95,9.0,967414,EQ,12272.0,78.83,496073.0
2022-06-21,9.2,9.75,9.1,9.6,1501214,EQ,12949.0,115.93,721482.0
2022-06-22,9.65,9.65,9.1,9.3,1255820,EQ,15000.0,83.72,623845.0
2022-06-23,9.55,10.5,9.5,9.95,10220129,EQ,99253.0,102.97,1275575.0
2022-06-24,10.1,10.55,10.0,10.45,2674142,EQ,27619.0,96.82,722670.0
2022-06-27,10.6,10.65,10.4,10.55,844956,EQ,8480.0,99.64,244707.0
2022-06-28,10.45,10.75,10.15,10.55,1156677,EQ,12281.0,94.18,387762.0
2022-06-29,10.4,10.6,10.3,10.4,933870,EQ,8648.0,107.99,400549.0
2022-06-30,10.4,10.55,10.0,10.1,857135,EQ,9285.0,92.31,535102.0
2022-07-01,10.15,10.3,9.9,10.2,636428,EQ,6880.0,92.5,225854.0
2022-07-04,10.2,10.3,9.7,9.8,1396970,EQ,14272.0,97.88,696872.0
2022-07-05,9.8,10.2,9.7,9.75,1250305,EQ,9640.0,129.7,586151.0
2022-07-06,9.8,9.95,9.7,9.9,498226,EQ,6246.0,79.77,138691.0
2022-07-07,10.0,10.25,9.9,10.1,1784527,EQ,8763.0,203.64,1106862.0
2022-07-08,10.35,10.55,10.3,10.5,1706949,EQ,12492.0,136.64,737426.0
2022-07-11,10.45,10.65,10.3,10.55,968068,EQ,7814.0,123.89,431418.0
2022-07-12,10.6,10.8,10.45,10.6,987810,EQ,8244.0,119.82,348019.0
2022-07-13,10.7,10.7,10.35,10.4,560820,EQ,5977.0,93.83,272150.0
2022-07-14,10.4,10.5,10.25,10.4,428052,EQ,5178.0,82.67,155587.0
2022-07-15,10.45,10.55,10.3,10.45,326803,EQ,3465.0,94.32,77768.0
2022-07-18,10.55,10.55,10.4,10.45,479057,EQ,5323.0,90.0,198184.0
2022-07-19,10.45,10.7,10.45,10.55,820478,EQ,7185.0,114.19,320991.0
2022-07-20,10.7,10.7,10.55,10.6,808163,EQ,5707.0,141.61,357764.0
2022-07-21,10.6,10.6,10.45,10.45,596172,EQ,5097.0,116.97,257833.0
2022-07-22,10.55,10.9,10.55,10.7,1809889,EQ,12834.0,141.02,704589.0
2022-07-25,10.7,10.7,10.5,10.55,610346,EQ,3912.0,156.02,395878.0
2022-07-26,10.5,10.55,10.35,10.4,333236,EQ,3781.0,88.13,162677.0
2022-07-27,10.45,10.7,10.35,10.55,679888,EQ,6468.0,105.12,276334.0
2022-07-28,10.7,10.75,10.6,10.7,503234,EQ,4488.0,112.13,252956.0
2022-07-29,10.75,10.95,10.6,10.7,1061446,EQ,10202.0,104.04,491100.0
2022-08-01,10.8,11.1,10.7,10.9,1265826,EQ,11822.0,107.07,585064.0
2022-08-02,11.0,11.9,10.95,11.75,5152242,EQ,40139.0,128.36,2022759.0
2022-08-03,11.75,12.25,11.3,12.1,3021980,EQ,24823.0,121.74,1298212.0
2022-08-04,12.3,12.5,11.8,12.2,3847698,EQ,33167.0,116.01,1494973.0
2022-08-05,12.2,12.6,12.1,12.5,2684964,EQ,21645.0,124.05,1236936.0
2022-08-08,13.25,13.5,12.7,13.35,8725070,EQ,,,
2022-08-10,13.4,13.4,12.8,12.85,1766497,EQ,21119.0,83.64,703774.0
2022-08-11,12.9,13.3,12.9,13.0,2045073,EQ,15675.0,130.47,610661.0
2022-08-12,12.9,13.15,12.8,13.05,1110760,EQ,10798.0,102.87,437714.0
2022-08-16,13.1,13.2,12.9,13.0,656500,EQ,9144.0,71.8,271855.0
2022-08-17,12.95,13.0,12.7,12.85,804087,EQ,9259.0,86.84,343523.0
2022-08-18,12.8,13.0,12.65,12.8,724431,EQ,9923.0,73.01,264288.0
2022-08-19,12.8,12.85,12.3,12.5,1170215,EQ,12426.0,94.17,593251.0
2022-08-22,12.3,12.5,12.1,12.1,725801,EQ,8571.0,84.68,390067.0
2022-08-23,12.0,12.75,11.95,12.45,1425458,EQ,14528.0,98.12,555953.0
2022-08-24,12.45,12.7,12.4,12.5,597552,EQ,8346.0,71.6,204469.0
2022-08-25,12.55,12.65,12.25,12.3,501323,EQ,8365.0,59.93,233894.0
2022-08-26,12.4,12.4,12.0,12.1,1081987,EQ,9879.0,109.52,571232.0
2022-08-29,11.75,12.05,11.65,11.8,899196,EQ,12485.0,72.02,427229.0
2022-08-30,11.85,12.1,11.8,11.8,802935,EQ,9394.0,85.47,378720.0
2022-09-01,11.75,11.95,11.7,11.75,666235,EQ,7582.0,87.87,329034.0
2022-09-02,11.8,12.05,11.65,11.7,767265,EQ,7529.0,101.91,310549.0
2022-09-05,11.75,12.1,11.7,12.05,965885,EQ,8783.0,109.97,376176.0
2022-09-06,12.15,12.2,11.85,11.9,839278,EQ,10253.0,81.86,410478.0
2022-09-07,11.8,12.0,11.8,11.9,558446,EQ,6808.0,82.03,256891.0
2022-09-08,11.95,12.1,11.75,11.8,820093,EQ,8662.0,94.68,432000.0
2022-09-09,11.9,12.05,11.7,11.9,834385,EQ,8376.0,99.62,320753.0
2022-09-12,12.0,12.1,11.7,11.75,953165,EQ,7709.0,123.64,508049.0
2022-09-13,12.0,12.4,11.8,11.8,3535307,EQ,29448.0,120.05,1125298.0
2022-09-14,11.7,11.9,11.6,11.8,744399,EQ,7436.0,100.11,336294.0
2022-09-15,11.9,12.05,11.6,11.6,1257884,EQ,13305.0,94.54,761283.0
2022-09-16,11.65,11.75,11.2,11.3,1014737,EQ,11161.0,90.92,511976.0
2022-09-19,11.4,11.4,11.05,11.2,594171,EQ,7424.0,80.03,266633.0
2022-09-20,11.3,11.45,11.2,11.25,644004,EQ,6589.0,97.74,277167.0
2022-09-21,11.25,11.35,11.0,11.05,470575,EQ,6932.0,67.88,215197.0
2022-09-22,11.05,11.25,10.8,11.2,590636,EQ,7766.0,76.05,236449.0
2022-09-23,11.15,11.2,10.8,10.9,464486,EQ,6696.0,69.37,221941.0
2022-09-26,10.8,10.8,10.0,10.2,1524042,EQ,16802.0,90.71,871782.0
2022-09-27,10.3,10.4,10.0,10.05,1740835,EQ,13264.0,131.25,1105402.0
2022-09-28,10.0,10.2,9.9,9.95,790998,EQ,9619.0,82.23,292904.0
2022-09-29,10.1,10.3,10.05,10.25,1038817,EQ,8491.0,122.34,673747.0
2022-09-30,10.25,10.55,10.15,10.45,759340,EQ,8948.0,84.86,304190.0
2022-10-03,10.5,10.5,10.3,10.45,1257539,EQ,7405.0,169.82,494575.0
2022-10-04,10.55,10.8,10.55,10.75,1262040,EQ,13419.0,94.05,618321.0
2022-10-06,10.9,11.05,10.85,11.0,1315107,EQ,9385.0,140.13,861522.0
2022-10-07,11.0,11.0,10.75,10.8,519483,EQ,7630.0,68.08,268294.0
2022-10-10,10.6,10.9,10.4,10.7,1093550,EQ,9845.0,111.08,551492.0
2022-10-11,10.9,11.0,10.65,10.75,849304,EQ,11367.0,74.72,310846.0
2022-10-12,10.8,10.9,10.6,10.7,912497,EQ,13154.0,69.37,401688.0
2022-10-13,10.7,11.05,10.7,10.85,3028393,EQ,19359.0,156.43,606001.0
2022-10-14,11.0,11.1,10.75,10.8,1700331,EQ,10619.0,160.12,818236.0
2022-10-17,10.85,12.05,10.8,11.95,9220500,EQ,76363.0,120.75,1962102.0
2022-10-18,12.0,12.25,11.7,11.8,3525493,EQ,33355.0,105.7,749938.0
2022-10-19,11.85,12.0,11.7,11.8,1120791,EQ,11743.0,95.44,276222.0
2022-10-20,11.75,12.25,11.7,12.1,2300615,EQ,17049.0,134.94,1100250.0
2022-10-21,12.15,12.3,11.45,11.5,3560341,EQ,38309.0,92.94,785925.0
2022-10-24,11.7,12.15,11.7,12.0,2233298,EQ,23116.0,96.61,811085.0
2022-10-25,12.2,12.2,11.8,11.9,1405320,EQ,17995.0,78.1,612946.0
2022-10-27,11.95,12.0,11.7,11.8,887774,EQ,13980.0,63.5,443212.0
2022-10-28,11.9,11.95,11.6,11.7,700280,EQ,10149.0,69.0,335613.0
2022-10-31,11.75,11.9,11.6,11.7,906686,EQ,10755.0,84.3,504412.0
2022-11-01,11.75,11.9,11.65,11.75,732968,EQ,10039.0,73.01,322990.0
2022-11-02,11.8,11.95,11.65,11.7,728137,EQ,10129.0,71.89,289701.0
2022-11-03,11.65,11.7,11.55,11.6,496741,EQ,5817.0,85.39,228606.0
2022-11-04,11.7,11.95,11.65,11.85,827741,EQ,9615.0,86.09,403407.0
2022-11-07,12.0,13.05,11.9,12.8,8286892,EQ,65829.0,125.89,2355946.0
2022-11-09,13.0,13.2,12.9,13.05,4696759,EQ,50128.0,93.7,1676471.0
2022-11-10,13.0,13.0,12.6,12.75,1403641,EQ,17666.0,79.45,525987.0
2022-11-11,12.85,12.9,12.5,12.6,1908218,EQ,15871.0,120.23,933205.0
2022-11-14,12.6,12.7,12.25,12.3,1185420,EQ,12141.0,97.64,636447.0
2022-11-15,12.3,13.1,12.3,12.8,4675043,EQ,12141.0,385.06,636447.0
2022-11-16,12.8,12.95,12.4,12.55,1366549,EQ,17348.0,78.77,623565.0
2022-11-17,12.55,12.7,12.35,12.45,783678,EQ,12943.0,60.55,330056.0
2022-11-18,12.45,12.65,12.35,12.55,833276,EQ,15302.0,54.46,334110.0
2022-11-21,12.55,12.8,12.45,12.5,732816,EQ,8778.0,83.48,280721.0
2022-11-22,12.5,12.7,12.45,12.5,556077,EQ,9374.0,59.32,238976.0
2022-11-23,12.55,12.7,12.35,12.4,928632,EQ,10088.0,92.05,418318.0
2022-11-24,12.4,12.7,12.4,12.45,979053,EQ,12052.0,81.24,352314.0
2022-11-25,12.5,12.85,12.4,12.5,1442449,EQ,16393.0,87.99,560632.0
2022-11-28,12.5,13.2,12.45,13.05,3980133,EQ,33672.0,118.2,1422931.0
2022-11-29,13.05,14.0,13.0,13.7,12636863,EQ,93560.0,135.07,3317806.0
2022-11-30,13.75,14.4,13.7,14.0,8767235,EQ,73838.0,118.74,2480861.0
2022-12-01,14.05,14.45,13.95,14.0,3494905,EQ,33340.0,104.83,1269160.0
2022-12-02,13.95,14.0,13.65,13.7,1516374,EQ,23435.0,64.71,681793.0
2022-12-05,13.8,14.0,13.55,13.85,1284409,EQ,15318.0,83.85,471534.0
2022-12-06,14.0,14.45,14.0,14.2,3955356,EQ,34830.0,113.56,1051244.0
2022-12-07,14.2,14.3,13.9,14.0,1019098,EQ,12881.0,79.12,398391.0
2022-12-08,14.05,14.7,14.0,14.3,4325317,EQ,33517.0,129.05,1448092.0
2022-12-09,14.4,14.6,14.0,14.15,2267351,EQ,22868.0,99.15,679978.0
2022-12-12,14.15,15.2,13.9,15.0,11387154,EQ,79815.0,142.67,2610034.0
2022-12-13,15.0,15.65,14.85,15.5,10368712,EQ,66251.0,156.51,2035882.0
2022-12-14,15.5,16.5,15.2,15.7,22241076,EQ,127674.0,174.2,3087458.0
2022-12-15,15.3,15.9,15.3,15.5,7387102,EQ,49642.0,148.81,1327972.0
2022-12-16,15.45,15.8,15.15,15.3,4170652,EQ,37666.0,110.73,908029.0
2022-12-19,15.4,15.8,15.3,15.65,4496587,EQ,39646.0,113.42,1309218.0
2022-12-20,15.85,16.1,15.7,15.9,5421999,EQ,48268.0,112.33,1227118.0
2022-12-21,16.0,16.05,14.6,14.9,4587445,EQ,43683.0,105.02,1583410.0
2022-12-22,14.95,15.3,13.95,14.9,10082738,EQ,79489.0,126.84,1521163.0
2022-12-23,14.55,14.8,13.1,13.5,4949844,EQ,43919.0,112.7,1369499.0
2022-12-26,13.5,14.45,13.1,14.15,7238474,EQ,61710.0,117.3,1247944.0
2022-12-27,14.2,15.0,14.1,14.8,8429294,EQ,60737.0,138.78,1230231.0
2022-12-28,14.75,14.8,14.4,14.55,3632551,EQ,27774.0,130.79,1037209.0
2022-12-29,14.5,14.55,14.25,14.45,1927688,EQ,16539.0,116.55,521787.0
2022-12-30,14.55,14.8,14.45,14.55,2697390,EQ,19574.0,137.8,1011825.0
2023-01-02,14.65,15.85,14.65,15.7,23008330,EQ,145908.0,157.69,2697725.0
2023-01-03,15.7,16.1,15.5,15.75,8852413,EQ,61687.0,143.51,1569280.0
2023-01-04,15.75,16.1,15.5,16.0,11254180,EQ,69009.0,163.08,1663088.0
2023-01-05,16.05,16.2,15.3,15.4,8953721,EQ,66503.0,134.64,1882935.0
2023-01-06,15.5,15.5,15.05,15.1,4708979,EQ,31915.0,147.55,814787.0
2023-01-09,15.2,15.55,15.15,15.2,3819761,EQ,29687.0,128.67,755287.0
2023-01-10,15.3,15.4,14.8,15.1,4444129,EQ,34738.0,127.93,920694.0
2023-01-11,15.15,15.25,14.9,15.0,1701779,EQ,18796.0,90.54,429770.0
2023-01-12,15.0,15.1,14.85,14.95,1435019,EQ,12358.0,116.12,603910.0
2023-01-13,15.0,15.15,14.9,15.0,1740728,EQ,14098.0,123.47,520756.0
2023-01-16,15.05,15.55,15.05,15.3,4668810,EQ,33177.0,140.72,1060173.0
2023-01-17,15.4,15.7,15.3,15.4,5392460,EQ,36575.0,147.44,733019.0
2023-01-18,15.5,15.7,15.4,15.5,2371543,EQ,16082.0,147.47,962591.0
2023-01-19,15.4,15.5,15.2,15.25,1262474,EQ,11159.0,113.14,686772.0
2023-01-20,15.35,15.45,15.2,15.25,1307125,EQ,10086.0,129.6,500414.0
2023-01-23,15.3,15.35,15.0,15.05,930209,EQ,9251.0,100.55,360877.0
2023-01-24,15.1,15.1,14.7,14.8,883987,EQ,9939.0,88.94,301280.0
2023-01-25,14.75,14.8,14.35,14.4,1538616,EQ,13164.0,116.88,482115.0
2023-01-27,14.5,14.5,12.6,13.3,4845213,EQ,46986.0,103.12,1831808.0
2023-01-30,13.3,13.8,13.2,13.4,2072436,EQ,22984.0,90.17,605913.0
2023-01-31,13.5,14.55,13.4,14.3,4259470,EQ,38598.0,110.35,730194.0
2023-02-01,14.45,14.6,13.7,14.05,6622233,EQ,38901.0,170.23,3229467.0
2023-02-02,14.0,14.3,13.7,14.05,2882145,EQ,27463.0,104.95,1180517.0
2023-02-03,14.05,14.2,13.5,13.8,1837517,EQ,18028.0,101.93,581785.0
2023-02-06,13.75,13.75,13.3,13.4,1055049,EQ,12581.0,83.86,508390.0
2023-02-07,13.45,14.2,13.45,14.0,2875428,EQ,26956.0,106.67,696585.0
2023-02-08,14.05,14.35,14.05,14.2,1105711,EQ,14592.0,75.78,438517.0
2023-02-09,14.2,14.25,13.95,14.1,546586,EQ,7039.0,77.65,172556.0
2023-02-10,14.1,14.55,14.1,14.5,1637332,EQ,17253.0,94.9,587491.0
2023-02-13,14.6,14.8,14.2,14.55,1314218,EQ,13816.0,95.12,449024.0
2023-02-14,14.7,14.75,14.25,14.55,1853653,EQ,16586.0,111.76,651314.0
2023-02-15,14.5,14.7,14.4,14.55,803815,EQ,9297.0,86.46,257668.0
2023-02-16,14.6,14.8,14.5,14.6,910542,EQ,10405.0,87.51,298922.0
2023-02-17,14.55,14.7,14.35,14.45,1080384,EQ,9065.0,119.18,558550.0
2023-02-20,14.5,14.6,13.7,14.2,2012713,EQ,15884.0,126.71,1088461.0
2023-02-21,14.25,15.05,14.05,14.9,5840552,EQ,44988.0,129.82,1279016.0
2023-02-22,15.2,17.45,14.8,17.0,101939538,EQ,111248.0,916.33,19903732.0
2023-02-23,15.9,16.2,14.65,14.85,39418918,EQ,55700.0,707.7,12324000.0
2023-02-24,15.0,15.2,13.8,14.0,22105821,EQ,32891.0,672.09,9898398.0
2023-02-27,14.1,14.9,14.1,14.7,24347286,EQ,30854.0,789.11,8345429.0
2023-02-28,14.95,15.0,14.5,14.65,17950711,EQ,19546.0,918.38,5638273.0
2023-03-01,14.65,14.7,14.2,14.3,15530940,EQ,15583.0,996.66,6842118.0
2023-03-02,14.4,14.7,13.95,14.3,15120233,EQ,17283.0,874.86,5046580.0
2023-03-03,14.3,15.05,14.2,14.7,44562770,EQ,31244.0,1426.28,8458440.0
2023-03-06,14.7,15.45,14.5,15.3,46115602,EQ,30777.0,1498.38,12388903.0
2023-03-08,15.15,15.3,14.75,14.9,19737204,EQ,18810.0,1049.29,6706730.0
2023-03-09,14.9,15.1,14.7,14.75,14381116,EQ,16264.0,884.23,6636154.0
2023-03-10,14.7,15.0,14.55,14.8,11756817,EQ,17091.0,687.9,4084030.0
2023-03-13,14.75,14.9,14.0,14.1,9584603,EQ,14633.0,655.0,5120268.0
2023-03-14,14.1,14.1,13.7,13.85,9334617,EQ,11443.0,815.75,4188839.0
2023-03-15,14.0,14.2,13.2,13.4,9382002,EQ,14332.0,654.62,4548572.0
2023-03-16,13.25,13.85,13.05,13.6,14297979,EQ,15975.0,895.02,6623023.0
2023-03-17,13.8,13.85,13.2,13.3,11130371,EQ,12513.0,889.5,6239463.0
2023-03-20,13.5,13.5,12.45,12.7,24934111,EQ,26108.0,955.04,13044781.0
2023-03-21,12.8,13.05,12.5,12.6,11436096,EQ,13464.0,849.38,5342662.0
2023-03-22,12.7,13.0,12.6,12.7,11012472,EQ,9931.0,1108.9,4801354.0
2023-03-23,12.7,12.8,12.4,12.4,10386485,EQ,13479.0,770.57,5488291.0
2023-03-24,12.4,12.9,12.05,12.25,27634092,EQ,22000.0,1256.1,6359921.0
2023-03-27,12.3,12.4,11.6,11.7,20162437,EQ,17025.0,1184.28,10623434.0
2023-03-28,11.75,11.85,11.25,11.3,11362577,EQ,12737.0,892.09,5814918.0
2023-03-29,11.4,12.2,11.35,12.1,24923118,EQ,20180.0,1235.04,13821057.0
2023-03-31,12.4,12.6,12.25,12.55,12331254,EQ,14731.0,837.1,6755246.0
2023-04-03,12.7,12.8,12.4,12.5,10841743,EQ,11391.0,951.78,5948525.0
2023-04-05,12.55,12.8,12.5,12.75,13921057,EQ,9425.0,1477.04,10308077.0
2023-04-06,12.75,12.9,12.65,12.75,9314852,EQ,8693.0,1071.53,5384902.0
2023-04-10,12.9,13.2,12.8,12.95,8288487,EQ,8831.0,938.57,3879529.0
2023-04-11,13.35,13.45,13.05,13.3,17005690,EQ,20736.0,820.1,6555845.0
2023-04-12,13.4,13.4,13.1,13.2,5602709,EQ,8744.0,640.75,2781235.0
2023-04-13,13.05,13.4,13.05,13.3,6551618,EQ,6682.0,980.49,3445271.0
2023-04-17,13.25,13.55,13.2,13.5,5848433,EQ,8768.0,667.02,3094074.0
2023-04-18,13.55,13.6,13.4,13.45,4303165,EQ,6676.0,644.57,2400798.0
2023-04-19,13.5,13.65,13.3,13.3,5195545,EQ,7701.0,674.66,2188726.0
2023-04-20,13.4,13.4,13.05,13.1,6831228,EQ,7098.0,962.42,4969478.0
2023-04-21,13.15,13.2,12.8,12.85,9855729,EQ,6939.0,1420.34,6615834.0
2023-04-24,12.9,13.15,12.7,13.05,6848544,EQ,9504.0,720.6,3009447.0
2023-04-25,13.1,13.45,13.05,13.4,5629497,EQ,7245.0,777.02,2645061.0
2023-04-26,13.45,13.55,13.1,13.15,7999947,EQ,9302.0,860.02,2967738.0
2023-04-27,13.25,13.7,13.25,13.6,12702837,EQ,12276.0,1034.77,6330083.0
2023-04-28,14.0,14.2,13.6,13.7,17945444,EQ,18754.0,956.89,10624330.0
2023-05-02,14.0,14.35,13.8,14.3,26511151,EQ,26903.0,985.43,14992743.0
2023-05-03,14.25,14.6,14.15,14.2,13428288,EQ,18121.0,741.03,5833733.0
2023-05-04,14.2,14.4,14.15,14.2,7307456,EQ,10635.0,687.11,3365459.0
2023-05-05,14.25,14.3,14.0,14.0,5733363,EQ,8732.0,656.59,2757864.0
2023-05-08,14.1,14.15,14.0,14.0,5648184,EQ,7567.0,746.42,2991463.0
2023-05-09,14.05,14.2,13.6,13.8,9077483,EQ,8587.0,1057.12,4228472.0
2023-05-10,14.0,14.4,14.0,14.2,13946418,EQ,16816.0,829.35,5045206.0
2023-05-11,14.3,14.3,14.05,14.05,3542627,EQ,6494.0,545.52,1917046.0
2023-05-12,14.05,14.1,13.9,13.95,3615974,EQ,7561.0,478.24,1711295.0
2023-05-15,14.0,14.5,14.0,14.2,12466714,EQ,13405.0,930.0,6253725.0
2023-05-16,14.3,14.9,14.2,14.5,22102532,EQ,21061.0,1049.45,10153350.0
2023-05-17,14.5,15.1,14.5,14.55,18964216,EQ,22310.0,850.03,6983185.0
2023-05-18,14.65,14.75,14.3,14.4,10479166,EQ,12367.0,847.35,4678185.0
2023-05-19,14.45,14.75,14.35,14.4,9391075,EQ,11024.0,851.88,3592275.0
2023-05-22,14.25,14.3,13.7,13.8,14398468,EQ,19554.0,736.34,8276207.0
2023-05-23,13.85,14.1,13.8,13.85,5575838,EQ,9653.0,577.63,2513690.0
2023-05-24,13.85,14.0,13.35,13.4,9298801,EQ,14879.0,624.96,5194460.0
2023-05-25,13.45,13.8,13.4,13.7,5004663,EQ,9113.0,549.18,2157724.0
2023-05-26,13.8,13.8,13.6,13.8,4021013,EQ,7735.0,519.85,1792095.0
2023-05-29,13.9,14.0,13.7,13.85,5194385,EQ,7410.0,701.0,2934571.0
2023-05-30,13.95,14.2,13.8,14.05,9145546,EQ,9942.0,919.89,2905003.0
2023-05-31,14.0,14.45,14.0,14.3,11900178,EQ,10212.0,1165.31,9484547.0
2023-06-01,14.4,14.7,14.2,14.55,14124039,EQ,18960.0,744.94,6367793.0
2023-06-02,14.7,14.8,14.3,14.4,13724387,EQ,10867.0,1262.94,9545128.0
2023-06-05,14.5,14.65,14.25,14.3,6351749,EQ,8619.0,736.95,3144653.0
2023-06-06,14.3,14.4,14.15,14.15,4245332,EQ,5987.0,709.09,2397582.0
2023-06-07,14.2,14.4,14.1,14.3,6116478,EQ,6956.0,879.31,2878360.0
2023-06-08,14.35,14.4,13.9,14.0,6005233,EQ,9671.0,620.95,3287021.0
2023-06-09,14.35,14.55,13.9,14.0,13415025,EQ,18515.0,724.55,5017310.0
2023-06-12,14.05,14.1,13.85,13.9,4604197,EQ,14280.0,322.42,2778557.0
2023-06-13,13.9,14.0,13.7,13.7,6278200,EQ,14330.0,438.12,4261544.0
2023-06-14,13.8,13.9,13.7,13.75,4373823,EQ,6354.0,688.36,2631170.0
2023-06-15,13.75,13.8,13.6,13.7,4261740,EQ,7243.0,588.39,2541194.0
2023-06-16,13.75,13.75,13.65,13.7,5701344,EQ,6143.0,928.1,2756751.0
2023-06-19,13.7,13.8,13.35,13.4,8969603,EQ,13728.0,653.38,5449212.0
2023-06-20,13.5,13.5,13.4,13.5,3234877,EQ,5990.0,540.05,1792094.0
2023-06-21,13.55,13.6,13.2,13.25,8523633,EQ,12941.0,658.65,5413031.0
2023-06-22,13.25,13.55,13.2,13.4,5797374,EQ,6945.0,834.76,2727858.0
2023-06-23,13.5,13.5,13.25,13.3,2498306,EQ,5518.0,452.76,1167201.0
2023-06-26,13.3,13.8,12.95,13.6,13210786,EQ,16777.0,787.43,5084959.0
2023-06-27,13.7,13.9,13.5,13.6,8072935,EQ,9647.0,836.83,2788029.0
2023-06-28,13.6,13.65,13.5,13.5,3966194,EQ,7522.0,527.28,2450564.0
2023-06-30,13.6,13.65,13.4,13.4,3648493,EQ,6871.0,531.0,2223989.0
2023-07-03,13.4,13.55,13.3,13.5,4291202,EQ,6917.0,620.38,2259820.0
2023-07-04,13.45,13.6,13.3,13.45,5452942,EQ,7417.0,735.2,2600284.0
2023-07-05,13.45,13.5,13.3,13.35,5171548,EQ,7440.0,695.1,3302359.0
2023-07-06,13.3,13.4,13.1,13.2,7518382,EQ,12806.0,587.1,4901964.0
2023-07-07,13.2,13.4,13.05,13.2,5793875,EQ,8148.0,711.08,2608156.0
2023-07-10,13.4,13.55,13.3,13.3,9672040,EQ,17548.0,551.18,4558026.0
2023-07-11,13.4,13.45,13.05,13.1,7533255,EQ,13058.0,576.91,4534715.0
2023-07-12,13.2,13.2,12.85,13.0,11248254,EQ,21503.0,523.1,6448107.0
2023-07-13,13.0,13.05,12.65,12.7,9822943,EQ,22072.0,445.04,6229103.0
2023-07-14,12.75,12.8,12.55,12.65,6876321,EQ,18245.0,376.89,4248256.0
2023-07-17,12.65,13.1,12.65,13.0,11751572,EQ,11876.0,989.52,5760678.0
2023-07-18,13.05,13.3,12.9,13.0,9408814,EQ,10254.0,917.57,3329652.0
2023-07-19,13.0,13.15,12.85,13.05,6177436,EQ,7714.0,800.81,2473068.0
2023-07-20,13.05,13.2,13.0,13.05,5319003,EQ,6617.0,803.84,2242350.0
2023-07-21,13.0,13.05,12.9,12.9,3220351,EQ,7236.0,445.05,1417484.0
2023-07-24,13.0,13.05,12.75,12.8,4859520,EQ,10087.0,481.76,2706850.0
2023-07-25,12.8,12.9,12.65,12.7,5155021,EQ,12873.0,400.45,3130609.0
2023-07-26,12.7,12.9,12.7,12.7,4788038,EQ,8611.0,556.04,2370532.0
2023-07-27,12.8,12.8,12.65,12.7,4674533,EQ,6536.0,715.2,2291053.0
2023-07-28,12.75,13.5,12.7,13.35,16379429,EQ,16455.0,995.41,8758662.0
2023-07-31,13.5,13.5,13.2,13.2,21652285,EQ,15803.0,1370.14,6355469.0
2023-08-01,12.8,13.0,12.6,12.65,22968121,EQ,28435.0,807.74,13020882.0
2023-08-02,12.7,12.9,12.45,12.7,12601693,EQ,17573.0,717.11,5423283.0
2023-08-03,12.8,12.9,12.7,12.85,5339166,EQ,8399.0,635.69,2916230.0
2023-08-04,12.9,13.15,12.9,13.0,10609010,EQ,12588.0,842.79,4215946.0
2023-08-07,13.05,13.1,12.9,12.9,3318594,EQ,7790.0,426.01,1790661.0
2023-08-08,12.9,13.0,12.8,12.8,3710026,EQ,5645.0,657.22,1706159.0
2023-08-09,12.85,13.3,12.8,13.05,9364402,EQ,8629.0,1085.22,5051757.0
2023-08-10,13.05,13.25,12.9,12.95,16772744,EQ,9583.0,1750.26,5459789.0
2023-08-11,13.0,13.2,12.95,13.0,3892090,EQ,6046.0,643.75,1729530.0
2023-08-14,13.2,13.25,12.8,13.0,4459306,EQ,7430.0,600.18,1934014.0
2023-08-16,13.0,13.1,12.8,12.9,3945192,EQ,6546.0,602.69,1684216.0
2023-08-17,12.9,13.05,12.9,13.0,9587548,EQ,7405.0,1294.74,7516829.0
2023-08-18,13.0,13.1,12.9,12.9,13361660,EQ,8598.0,1554.04,9459057.0
2023-08-21,12.95,13.6,12.8,13.35,23492582,EQ,19671.0,1194.27,12019651.0
2023-08-22,13.45,13.5,13.1,13.15,14093604,EQ,14231.0,990.35,6051530.0
2023-08-23,13.2,13.9,13.2,13.6,31276532,EQ,26053.0,1200.5,14629661.0
2023-08-24,13.8,14.2,13.7,13.75,33676291,EQ,27241.0,1236.24,15780866.0
2023-08-25,13.7,13.9,13.4,13.5,11893974,EQ,12201.0,974.84,6194787.0
2023-08-28,13.6,13.95,13.55,13.8,12380067,EQ,12971.0,954.44,6478843.0
2023-08-29,13.9,14.4,13.8,14.05,28363004,EQ,27261.0,1040.42,12879553.0
2023-08-30,14.2,14.8,14.2,14.5,55135858,EQ,39862.0,1383.17,22052652.0
2023-08-31,14.55,14.6,14.1,14.15,19433533,EQ,20528.0,946.68,9883449.0
2023-09-01,14.2,15.35,14.0,15.2,53663698,EQ,44484.0,1206.36,29492654.0
2023-09-04,15.5,15.75,15.3,15.65,37366357,EQ,38517.0,970.13,17133964.0
2023-09-05,15.7,15.8,14.95,15.5,30146312,EQ,31258.0,964.44,12809664.0
2023-09-06,15.55,15.55,15.05,15.3,12322700,EQ,15404.0,799.97,5442361.0
2023-09-07,15.3,16.7,15.2,16.5,84618310,EQ,74681.0,1133.06,37157718.0
2023-09-08,16.9,17.25,16.4,16.7,63829997,EQ,70472.0,905.75,27121251.0
2023-09-11,17.25,17.5,17.0,17.05,42614572,EQ,61559.0,692.26,19042993.0
2023-09-12,16.75,17.0,15.3,16.1,65239070,EQ,67622.0,964.76,20812961.0
2023-09-13,16.25,16.5,15.6,16.05,46375706,EQ,30830.0,1504.24,29313993.0
2023-09-14,16.2,16.4,15.9,15.9,15777013,EQ,20518.0,768.94,7011700.0
2023-09-15,16.05,16.25,15.3,15.4,46746456,EQ,42139.0,1109.34,29380159.0
2023-09-18,15.5,16.25,15.5,15.7,24520908,EQ,30472.0,804.7,10682090.0
2023-09-20,15.7,15.7,15.1,15.2,17177041,EQ,30619.0,560.99,9246864.0
2023-09-21,15.2,15.5,14.4,14.75,28933728,EQ,35498.0,815.08,12477547.0
2023-09-22,14.8,15.2,14.7,14.9,26746326,EQ,28491.0,938.76,15342116.0
2023-09-25,15.15,16.55,15.05,16.05,91082419,EQ,75087.0,1213.03,27736220.0
2023-09-26,16.3,16.5,15.9,16.0,42189353,EQ,48018.0,878.62,16358582.0
2023-09-27,16.0,16.05,15.65,15.7,12554444,EQ,18692.0,671.65,5549949.0
2023-09-28,15.8,16.05,15.7,15.8,13597378,EQ,21083.0,644.95,5182139.0
2023-09-29,15.9,16.1,15.75,15.8,10133352,EQ,17796.0,569.42,4523984.0
2023-10-03,15.8,16.0,15.2,15.4,20496356,EQ,21056.0,973.42,10768901.0
2023-10-04,15.3,15.7,15.2,15.5,15827986,EQ,22136.0,715.03,5342322.0
2023-10-05,15.6,15.8,15.4,15.5,10553299,EQ,14589.0,723.37,4673974.0
2023-10-06,15.6,16.35,15.5,16.25,38361313,EQ,36319.0,1056.23,17886047.0
2023-10-09,16.0,16.3,15.5,15.6,29925369,EQ,36601.0,817.61,12668650.0
2023-10-10,15.8,16.5,15.8,16.4,37328446,EQ,39288.0,950.12,15082494.0
2023-10-11,16.5,16.9,16.0,16.2,32200046,EQ,35574.0,905.16,12284549.0
2023-10-12,16.25,16.4,15.95,16.1,12910576,EQ,15993.0,807.26,5663779.0
2023-10-13,16.05,16.45,16.0,16.2,17476042,EQ,17106.0,1021.63,6568712.0
2023-10-16,16.3,16.3,16.0,16.0,8441425,EQ,14016.0,602.27,4917529.0
2023-10-17,16.15,16.65,16.15,16.25,26660304,EQ,25126.0,1061.06,9818484.0
2023-10-18,16.4,18.25,16.4,17.35,205624652,EQ,171526.0,1198.8,55596830.0
2023-10-19,17.5,18.0,17.2,17.7,88674830,EQ,77803.0,1139.74,22297432.0
2023-10-20,17.75,18.5,17.3,17.6,128678046,EQ,94928.0,1355.53,22930532.0
2023-10-23,17.75,17.9,15.8,16.0,79801414,EQ,71422.0,1117.32,24155460.0
2023-10-25,16.3,16.75,15.75,16.25,50913489,EQ,42510.0,1197.68,11438160.0
2023-10-26,16.2,16.3,15.5,16.1,47421840,EQ,42367.0,1119.31,11707542.0
2023-10-27,16.35,16.8,16.25,16.5,22358948,EQ,24191.0,924.27,8196404.0
2023-10-30,16.95,17.6,16.75,17.1,58815778,EQ,56885.0,1033.94,14621899.0
2023-10-31,17.2,17.3,16.7,16.75,20998509,EQ,21520.0,975.77,6167200.0
2023-11-01,16.75,17.2,16.6,16.75,21018364,EQ,20721.0,1014.35,5550986.0
2023-11-02,16.95,17.1,16.8,17.0,13690934,EQ,14895.0,919.16,5413860.0
2023-11-03,17.05,17.6,17.05,17.25,29612654,EQ,32023.0,924.73,10474074.0
2023-11-06,17.45,17.8,17.25,17.4,28421525,EQ,30250.0,939.55,11202667.0
2023-11-07,17.45,18.1,17.45,17.5,37369104,EQ,33848.0,1104.03,11538784.0
2023-11-08,17.6,17.7,17.2,17.4,18764035,EQ,20798.0,902.2,6780405.0
2023-11-09,17.5,18.2,17.5,17.7,45186751,EQ,43078.0,1048.95,12341244.0
2023-11-10,17.6,17.65,17.35,17.45,13714863,EQ,14862.0,922.81,5327123.0
2023-11-12,17.65,17.8,17.6,17.7,6653410,EQ,16480.0,403.73,4300840.0
2023-11-13,17.7,17.7,17.4,17.5,12836165,EQ,16669.0,770.06,5753280.0
2023-11-15,17.7,18.25,17.55,17.7,43354166,EQ,34835.0,1244.56,15330169.0
2023-11-16,17.75,18.0,17.55,17.85,21545080,EQ,19956.0,1079.63,9735368.0
2023-11-17,17.75,19.3,17.55,19.05,119401189,EQ,101781.0,1173.12,42214554.0
2023-11-20,19.2,19.45,18.6,18.8,48932409,EQ,50657.0,965.96,19487686.0
2023-11-21,18.95,19.1,18.5,18.55,21259621,EQ,25653.0,828.74,9245889.0
2023-11-22,18.65,18.75,18.0,18.6,27813666,EQ,33646.0,826.66,9673586.0
2023-11-23,18.7,19.05,18.45,18.9,24579921,EQ,27724.0,886.59,8574835.0
2023-11-24,18.9,19.75,18.7,19.5,69360517,EQ,67037.0,1034.66,25912580.0
2023-11-28,19.6,19.7,18.8,18.95,28065936,EQ,39353.0,713.18,14063501.0
2023-11-29,19.2,19.2,18.7,18.8,17454132,EQ,22692.0,769.18,7688814.0
2023-11-30,18.9,19.0,18.5,18.55,15633404,EQ,21535.0,725.95,7098323.0
2023-12-01,18.7,19.05,18.6,18.7,15237425,EQ,21927.0,694.92,6247343.0
2023-12-04,19.1,19.25,18.8,18.9,13650270,EQ,24251.0,562.87,6660402.0
2023-12-05,19.0,19.0,18.4,18.65,22208785,EQ,30370.0,731.27,11022609.0
2023-12-06,18.75,18.95,18.5,18.6,14132211,EQ,19636.0,719.71,5467591.0
2023-12-07,18.6,19.35,18.4,19.2,43289440,EQ,36567.0,1183.84,20728035.0
2023-12-08,20.0,20.5,19.4,19.95,85045630,EQ,101264.0,839.84,30589027.0
2023-12-11,19.9,20.5,19.7,20.25,36989120,EQ,51140.0,723.29,14463961.0
2023-12-12,20.45,20.7,20.0,20.25,30302954,EQ,38607.0,784.91,11793016.0
2023-12-13,20.4,20.4,19.9,20.0,20274933,EQ,26806.0,756.36,10146352.0
2023-12-14,20.2,20.9,20.05,20.5,33783031,EQ,38308.0,881.88,14154284.0
2023-12-15,21.05,21.2,20.2,20.4,38149920,EQ,46061.0,828.25,17177207.0
2023-12-18,20.7,21.75,20.7,21.2,63978473,EQ,81056.0,789.31,23434534.0
2023-12-19,21.4,21.5,20.8,20.9,23137072,EQ,38723.0,597.5,10426246.0
2023-12-20,21.1,21.25,19.25,19.45,32378430,EQ,54669.0,592.26,15191866.0
2023-12-21,19.15,20.95,18.7,20.75,44663321,EQ,51907.0,860.45,12720305.0
2023-12-22,21.0,21.3,20.55,20.8,28375867,EQ,38605.0,735.03,9460428.0
2023-12-26,20.9,21.1,20.65,20.9,12750085,EQ,26296.0,484.87,4980216.0
2023-12-27,21.0,21.05,20.4,20.9,16119184,EQ,29064.0,554.61,7347074.0
2023-12-28,21.05,21.05,20.6,20.7,11815914,EQ,23327.0,506.53,5368308.0
2023-12-29,20.75,21.0,20.4,20.75,20739600,EQ,23561.0,880.25,8512042.0
2024-01-01,20.75,21.25,20.75,20.9,20165348,EQ,29817.0,676.3,8060043.0
2024-01-02,21.0,21.0,20.55,20.65,13407529,EQ,23693.0,565.89,5586315.0
2024-01-03,20.65,20.9,20.5,20.75,12161090,EQ,20769.0,585.54,4587937.0
2024-01-04,20.8,21.8,20.75,21.55,47299270,EQ,52870.0,894.63,23897602.0
2024-01-05,21.7,21.75,21.0,21.2,20810476,EQ,36599.0,568.61,9719193.0
2024-01-08,21.3,21.7,20.85,21.05,22206153,EQ,35001.0,634.44,8059270.0
2024-01-09,21.75,23.6,21.75,23.0,171494774,EQ,193376.0,886.85,39796069.0
2024-01-10,23.0,23.75,22.55,22.9,58437846,EQ,68681.0,850.86,14496112.0
2024-01-11,23.2,23.7,22.8,23.05,34441866,EQ,52262.0,659.02,11716754.0
2024-01-12,23.25,23.45,22.9,23.0,21115082,EQ,36250.0,582.49,8107604.0
2024-01-15,23.3,23.5,23.05,23.3,21616947,EQ,41522.0,520.61,8502377.0
2024-01-16,23.4,23.8,22.6,23.15,26567865,EQ,50354.0,527.62,9159651.0
2024-01-17,22.9,23.0,22.4,22.75,22197819,EQ,42673.0,520.18,8527602.0
2024-01-18,22.75,23.7,22.5,23.45,45405014,EQ,58401.0,777.47,15557599.0
2024-01-19,23.7,24.1,23.3,23.6,36216844,EQ,53973.0,671.02,13684317.0
2024-01-20,23.8,24.8,23.7,24.6,36551594,EQ,66785.0,547.3,15327168.0
2024-01-23,25.0,25.7,23.7,23.95,64100446,EQ,123659.0,518.36,22831968.0
2024-01-24,24.0,24.85,23.8,24.55,29902836,EQ,54902.0,544.66,9425873.0
2024-01-25,24.8,25.5,24.65,25.35,31690503,EQ,58974.0,537.36,10087908.0
2024-01-29,26.15,30.4,26.1,30.0,193249563,EQ,298542.0,647.31,48478753.0
2024-01-30,31.6,34.5,30.2,34.0,272853553,EQ,403864.0,675.61,40128740.0
2024-01-31,34.3,34.6,32.05,33.05,63999206,EQ,189123.0,338.4,29581223.0
2024-02-01,34.4,34.8,32.2,32.55,60845497,EQ,191634.0,317.51,27177170.0
2024-02-02,33.2,34.5,33.1,33.4,38530998,EQ,145369.0,265.06,20295269.0
2024-02-05,33.75,36.0,33.65,35.0,62417172,EQ,246240.0,253.48,28590773.0
2024-02-06,35.5,35.85,33.65,35.0,27312713,EQ,110497.0,247.18,12199085.0
2024-02-07,35.35,35.5,34.0,34.45,19014537,EQ,110042.0,172.79,9950038.0
2024-02-08,35.0,35.4,34.3,34.9,21906789,EQ,78761.0,278.14,11952897.0
2024-02-09,35.0,35.0,32.05,34.2,28112918,EQ,138762.0,202.6,12516985.0
2024-02-12,34.2,34.6,30.8,30.8,27204198,EQ,160280.0,169.73,14354911.0
2024-02-13,30.2,30.85,27.95,30.3,25839432,EQ,121989.0,211.82,10181485.0
2024-02-14,29.9,33.3,29.25,33.3,27709690,EQ,107484.0,257.8,12260910.0
2024-02-15,33.7,34.15,32.15,33.0,21938423,EQ,83270.0,263.46,9533853.0
2024-02-16,33.25,34.05,32.9,33.55,14907399,EQ,56245.0,265.04,7781597.0
2024-02-19,33.75,34.0,33.15,33.25,7905253,EQ,50442.0,156.72,4951387.0
2024-02-20,33.35,33.4,32.6,32.9,6145605,EQ,37372.0,164.44,3321389.0
2024-02-21,33.05,33.95,32.5,32.8,12325814,EQ,52023.0,236.93,5674261.0
2024-02-22,33.05,33.75,31.7,33.6,14367255,EQ,46571.0,308.5,5169894.0
2024-02-23,33.75,33.9,33.15,33.25,12155205,EQ,39981.0,304.02,5688211.0
2024-02-26,33.4,34.65,33.0,33.55,23600950,EQ,63195.0,373.46,9297808.0
2024-02-27,33.65,34.1,32.85,33.1,16748936,EQ,43106.0,388.55,6710269.0
2024-02-28,33.25,33.25,31.4,31.9,15401272,EQ,57901.0,265.99,6219604.0
2024-02-29,31.5,32.0,31.05,31.4,17545354,EQ,54822.0,320.04,8073137.0
2024-03-01,31.75,32.9,31.75,31.95,11785960,EQ,37854.0,311.35,4441949.0
2024-03-02,32.0,32.4,31.95,32.15,1320385,EQ,14051.0,93.97,895030.0
2024-03-04,32.4,32.45,31.25,31.3,10189006,EQ,48902.0,208.36,5087776.0
2024-03-05,31.3,31.55,30.85,31.0,7518960,EQ,34223.0,219.7,3337001.0
2024-03-06,30.95,31.0,29.5,30.4,14619538,EQ,59174.0,247.06,6202331.0
2024-03-07,31.55,31.9,30.55,30.65,12180543,EQ,43930.0,277.27,5109528.0
2024-03-11,30.75,30.8,29.4,29.6,10811086,EQ,56858.0,190.14,5424851.0
2024-03-12,29.65,29.8,27.8,28.25,18801756,EQ,68115.0,276.03,8756310.0
2024-03-13,28.25,29.1,25.45,25.5,32853939,EQ,114476.0,286.99,15555821.0
2024-03-14,25.0,28.0,24.7,28.0,22659199,EQ,57978.0,390.82,9832986.0
2024-03-15,28.0,30.1,27.5,28.65,36564735,EQ,97628.0,374.53,12908922.0
2024-03-18,28.85,28.95,27.2,27.55,18875893,EQ,76100.0,248.04,8349933.0
2024-03-19,27.7,28.0,26.9,27.05,11004826,EQ,40276.0,273.24,4712115.0
2024-03-20,27.25,27.75,26.6,27.0,11503320,EQ,34397.0,334.43,4038710.0
2024-03-21,27.45,29.65,27.4,29.45,41411701,EQ,82526.0,501.8,15931203.0
2024-03-22,29.9,30.1,29.2,29.7,21976043,EQ,49287.0,445.88,7847318.0
2024-03-26,29.8,29.95,28.9,29.15,9747610,EQ,34700.0,280.91,4219167.0
2024-03-27,29.25,30.0,29.2,29.45,17913769,EQ,39021.0,459.08,8555241.0
2024-03-28,29.7,30.0,29.05,29.25,10126639,EQ,27429.0,369.19,5305426.0
2024-04-01,29.4,31.0,29.35,30.65,23178098,EQ,56196.0,412.45,9938025.0
2024-04-02,30.75,32.45,30.4,31.9,27692371,EQ,71517.0,387.21,10052115.0
2024-04-03,32.0,32.2,31.45,31.75,14624101,EQ,46850.0,312.15,7377059.0
2024-04-04,32.0,32.65,31.25,31.6,15416408,EQ,40157.0,383.9,6822054.0
2024-04-05,31.6,33.95,31.5,33.6,61806407,EQ,116776.0,529.27,22355412.0
2024-04-08,33.9,36.55,33.8,35.0,97754754,EQ,233108.0,419.35,31358444.0
2024-04-09,35.4,36.0,34.55,35.2,41770958,EQ,110696.0,377.35,13599187.0
2024-04-10,35.05,35.05,33.4,34.65,31257424,EQ,77577.0,402.92,10985573.0
2024-04-12,34.65,35.1,33.8,34.0,21734964,EQ,60365.0,360.06,7693088.0
2024-04-15,32.45,33.75,31.5,32.75,33350965,EQ,83304.0,400.35,10261956.0
2024-04-16,32.3,33.75,32.25,32.9,22049532,EQ,56334.0,391.41,6286254.0
2024-04-18,33.6,33.75,32.5,32.65,16692921,EQ,46806.0,356.64,6674252.0
2024-04-19,31.9,33.5,31.7,33.1,25533696,EQ,59254.0,430.92,6982843.0
2024-04-22,33.5,33.75,33.15,33.5,12180791,EQ,36251.0,336.01,5019581.0
2024-04-23,33.75,34.75,33.6,34.15,18131130,EQ,44093.0,411.2,6799466.0
2024-04-24,34.45,34.45,33.65,33.8,10009891,EQ,29459.0,339.79,4560193.0
2024-04-25,33.75,34.65,33.6,33.9,15248650,EQ,38858.0,392.42,5265686.0
2024-04-26,34.1,35.2,33.8,34.4,31097107,EQ,67844.0,458.36,11253501.0
2024-04-29,34.7,35.05,34.25,34.5,26318661,EQ,42544.0,618.62,17611039.0
2024-04-30,34.7,34.9,33.85,34.0,14051413,EQ,38522.0,364.76,6422631.0
2024-05-02,34.15,35.5,33.75,34.85,38107997,EQ,101951.0,373.79,15047604.0
2024-05-03,35.2,35.3,34.4,34.9,25805633,EQ,61939.0,416.63,11099853.0
2024-05-06,35.1,35.15,32.6,33.8,28254815,EQ,80072.0,352.87,10420191.0
2024-05-07,34.0,34.2,32.7,33.0,23782432,EQ,66384.0,358.26,10390056.0
2024-05-08,33.5,34.4,32.85,33.9,27267864,EQ,64890.0,420.22,8484704.0
2024-05-09,34.05,34.7,32.5,32.8,19907026,EQ,58040.0,342.99,7988071.0
2024-05-10,33.3,33.35,31.0,31.3,36108053,EQ,92069.0,392.18,14844949.0
2024-05-13,31.8,32.2,30.35,32.0,27711411,EQ,68390.0,405.2,6828480.0
2024-05-14,32.1,33.0,31.8,32.9,13412522,EQ,36182.0,370.7,4540541.0
2024-05-15,33.4,33.55,32.75,32.85,11425846,EQ,38065.0,300.17,4241945.0
2024-05-16,33.1,33.15,32.65,32.9,7408879,EQ,26020.0,284.74,2529913.0
2024-05-17,33.05,34.35,32.9,34.0,18453263,EQ,52091.0,354.25,9180450.0
2024-05-18,34.4,34.75,34.25,34.45,4913097,EQ,21848.0,224.88,3388769.0
2024-05-21,34.7,35.8,34.25,34.65,35872834,EQ,91002.0,394.2,16893222.0
2024-05-22,34.8,37.2,34.15,36.7,125764439,EQ,211948.0,593.37,43435810.0
2024-05-23,37.0,37.9,36.45,37.0,57402260,EQ,124051.0,462.73,21645554.0
2024-05-24,37.0,37.25,36.0,36.25,24457035,EQ,71567.0,341.74,10178836.0
2024-05-27,36.5,38.25,36.3,36.45,38678723,EQ,99095.0,390.32,15174803.0
2024-05-28,36.65,36.8,35.1,35.8,26423616,EQ,73362.0,360.18,10199864.0
2024-05-29,35.4,36.45,34.8,36.35,23853528,EQ,58190.0,409.92,8649224.0
2024-05-30,33.25,33.8,31.85,32.6,373284764,EQ,417482.0,894.13,163791045.0
2024-05-31,33.0,33.35,32.3,33.05,66064005,EQ,180120.0,366.78,24997420.0
2024-06-03,37.3,37.3,35.5,36.4,173742360,EQ,420304.0,413.37,73285662.0
2024-06-04,36.6,36.9,29.1,32.75,177923891,EQ,445496.0,399.38,60588042.0
2024-06-05,33.85,34.3,31.3,33.65,60921960,EQ,186043.0,327.46,17479098.0
2024-06-06,34.5,35.7,34.5,35.1,47965069,EQ,116378.0,412.15,18367656.0
2024-06-07,35.65,39.1,35.5,38.4,150325869,EQ,256366.0,586.37,60608955.0
2024-06-10,37.6,38.0,34.9,35.1,198568520,EQ,385943.0,514.5,88698077.0
2024-06-11,32.45,33.4,31.5,33.05,903995564,EQ,938960.0,962.76,337071881.0
2024-06-12,33.5,34.2,33.5,33.65,148224727,EQ,348695.0,425.08,58186781.0
2024-06-13,33.95,34.0,33.05,33.25,88527323,EQ,210003.0,421.55,37443511.0
2024-06-14,33.4,33.9,33.15,33.6,72458465,EQ,160399.0,451.74,28018197.0
2024-06-18,33.9,33.9,33.2,33.25,49565992,EQ,148648.0,333.45,25291832.0
2024-06-19,33.45,33.45,32.0,32.25,80175603,EQ,271089.0,295.75,45518678.0
2024-06-20,32.45,33.1,32.05,32.8,60939382,EQ,179106.0,340.24,21732761.0
2024-06-21,33.0,33.35,32.65,33.15,50904821,EQ,178259.0,285.57,18387994.0
2024-06-24,32.9,33.65,32.7,33.15,65131252,EQ,174162.0,373.97,24697500.0
2024-06-25,33.25,33.45,32.8,32.85,23880497,EQ,83370.0,286.44,11488601.0
2024-06-26,32.9,33.2,32.7,32.85,18993673,EQ,75324.0,252.16,8386161.0
2024-06-27,32.8,33.1,32.0,32.45,25769251,EQ,107084.0,240.65,13018763.0
2024-06-28,32.6,32.7,32.3,32.45,21702101,EQ,100143.0,216.71,10581756.0
2024-07-01,32.6,32.85,32.35,32.45,16562927,EQ,83240.0,198.98,7930226.0
2024-07-02,32.6,32.7,32.15,32.4,17156394,EQ,77650.0,220.95,7787496.0
2024-07-03,32.55,33.25,32.35,32.85,29738133,EQ,92941.0,319.97,13420911.0
2024-07-04,32.85,34.1,32.55,33.85,79104545,EQ,176055.0,449.32,34441866.0
2024-07-05,33.95,34.25,33.4,33.8,63395768,EQ,176068.0,360.06,29797668.0
2024-07-08,33.95,34.3,33.5,33.6,31009845,EQ,113492.0,273.23,15844254.0
2024-07-09,34.0,34.3,33.35,33.8,35089199,EQ,113660.0,308.72,15230578.0
2024-07-10,33.9,34.75,32.45,34.0,136535604,EQ,204099.0,668.97,62459955.0
2024-07-11,34.65,34.9,34.0,34.05,77351160,EQ,176966.0,437.1,30972230.0
2024-07-12,34.2,34.6,33.7,34.2,67790144,EQ,129831.0,522.14,36190460.0
2024-07-15,34.4,34.4,33.8,34.1,59547363,EQ,103846.0,573.42,39774838.0
2024-07-16,34.15,36.0,34.05,35.5,229988526,EQ,379488.0,606.05,103707238.0
2024-07-18,35.6,35.95,34.2,34.5,79236761,EQ,214104.0,370.09,30313450.0
2024-07-19,34.55,34.55,33.3,33.45,54762199,EQ,174693.0,313.48,25444873.0
2024-07-22,33.4,34.35,33.1,33.9,41545816,EQ,126506.0,328.41,15846679.0
2024-07-23,34.15,34.75,30.75,33.15,106050292,EQ,299819.0,353.71,30598440.0
2024-07-24,33.15,33.9,32.9,33.7,36220596,EQ,108009.0,335.35,13388176.0
2024-07-25,33.4,33.7,33.05,33.1,28274028,EQ,99046.0,285.46,12155081.0
2024-07-26,33.35,33.9,33.25,33.45,26430603,EQ,87252.0,302.92,10869722.0
2024-07-29,33.65,33.85,33.3,33.4,21173955,EQ,75543.0,280.29,10202742.0
2024-07-30,33.4,33.65,33.25,33.35,17726203,EQ,71131.0,249.21,8532301.0
2024-07-31,33.45,33.5,33.05,33.2,16804857,EQ,63237.0,265.74,8656531.0
2024-08-01,33.25,33.4,32.4,32.65,21721672,EQ,102029.0,212.9,11520409.0
2024-08-02,32.25,32.6,31.9,32.25,23803383,EQ,100049.0,237.92,12138362.0
2024-08-05,31.0,31.3,30.15,30.35,52989064,EQ,248602.0,213.15,26162720.0
2024-08-06,31.15,31.4,30.2,30.25,31409528,EQ,126566.0,248.17,14085562.0
2024-08-07,30.85,31.5,30.3,31.4,21993333,EQ,85074.0,258.52,8100559.0
2024-08-08,31.5,32.2,31.2,31.85,28126517,EQ,99142.0,283.7,9770920.0
2024-08-09,32.1,32.2,30.8,31.0,30250007,EQ,114555.0,264.07,10105161.0
2024-08-12,31.0,31.6,30.9,31.2,20440909,EQ,84175.0,242.84,6355834.0
2024-08-13,31.35,31.9,31.25,31.5,18405289,EQ,78258.0,235.19,7704387.0
2024-08-14,31.6,31.75,31.05,31.3,12789844,EQ,58617.0,218.19,4999962.0
2024-08-16,31.5,31.6,31.3,31.4,12208369,EQ,52414.0,232.92,5379860.0
2024-08-19,31.55,32.5,31.55,32.4,20781881,EQ,71139.0,292.13,10143049.0
2024-08-20,32.4,32.8,32.15,32.4,18110707,EQ,69359.0,261.12,7908201.0
2024-08-21,32.35,32.55,32.15,32.35,11181166,EQ,53008.0,210.93,5945233.0
2024-08-22,32.5,32.75,32.25,32.65,16710098,EQ,63899.0,261.51,9046416.0
2024-08-23,32.7,32.8,32.25,32.35,11694725,EQ,49724.0,235.19,6033379.0
2024-08-26,32.7,33.1,32.45,32.9,23039971,EQ,83522.0,275.86,11325535.0
2024-08-27,32.85,33.15,32.75,32.9,13299429,EQ,53109.0,250.42,7386725.0
2024-08-28,32.85,33.45,32.85,33.15,19914036,EQ,74634.0,266.82,10484235.0
2024-08-29,33.15,33.2,32.0,32.1,16548494,EQ,70479.0,234.8,8529927.0
2024-08-30,32.25,32.4,31.6,31.7,34391284,EQ,86902.0,395.75,21418754.0
2024-09-02,31.75,32.05,31.4,31.5,14669726,EQ,73911.0,198.48,7099965.0
2024-09-03,31.5,32.05,31.45,31.8,10022487,EQ,50499.0,198.47,4771811.0
2024-09-04,31.5,32.1,31.4,31.6,14437904,EQ,53087.0,271.97,7442247.0
2024-09-05,31.7,32.1,30.8,30.95,34448265,EQ,91797.0,375.27,15587106.0
2024-09-06,31.0,31.55,30.6,30.95,18026553,EQ,68814.0,261.96,8313935.0
2024-09-09,30.95,31.0,30.2,30.95,15146814,EQ,60850.0,248.92,6615635.0
2024-09-10,31.5,31.8,31.05,31.2,17777117,EQ,73576.0,241.62,6811546.0
2024-09-11,31.2,31.5,29.75,29.9,30113288,EQ,106831.0,281.88,18404979.0
2024-09-12,30.1,30.65,29.55,30.0,28411213,EQ,111189.0,255.52,12405069.0
2024-09-13,30.2,30.95,30.1,30.7,19608547,EQ,63139.0,310.56,7901946.0
2024-09-16,30.9,30.9,30.05,30.1,15808495,EQ,91921.0,171.98,9668561.0
2024-09-17,30.25,30.45,29.9,30.25,23198960,EQ,83207.0,278.81,13127394.0
2024-09-18,30.2,30.6,30.1,30.35,17044222,EQ,96320.0,176.95,8835412.0
2024-09-19,30.5,30.55,29.0,29.5,30392633,EQ,143075.0,212.42,14819007.0
2024-09-20,29.7,32.75,29.5,31.55,130358748,EQ,154927.0,841.42,82068831.0
2024-09-23,32.05,32.15,31.3,31.6,18659371,EQ,71188.0,262.11,6897209.0
2024-09-24,31.6,31.7,30.95,31.1,10672161,EQ,57075.0,186.98,5569158.0
2024-09-25,31.05,31.3,30.6,30.75,8341514,EQ,49635.0,168.06,4008600.0
2024-09-26,30.8,30.9,30.3,30.7,10350432,EQ,42676.0,242.54,4039642.0
2024-09-27,30.6,31.75,30.5,31.45,22432389,EQ,79541.0,282.02,12652265.0
2024-09-30,31.1,31.45,30.35,30.55,23096194,EQ,99029.0,233.23,13211682.0
2024-10-01,30.65,30.9,30.45,30.65,11362022,EQ,62193.0,182.69,4321050.0
2024-10-03,30.0,30.35,29.9,30.0,9933155,EQ,51056.0,194.55,5044995.0
2024-10-04,30.0,30.3,29.25,29.85,15584042,EQ,72041.0,216.32,5511392.0
2024-10-07,29.9,30.1,27.85,28.0,24614835,EQ,141908.0,173.46,10652870.0
2024-10-08,28.0,29.7,27.55,29.45,18400231,EQ,67714.0,271.73,5687367.0
2024-10-09,30.3,30.45,29.85,30.05,15960915,EQ,55088.0,289.73,5311601.0
2024-10-10,30.25,30.25,29.1,29.3,12340963,EQ,50003.0,246.8,6123355.0
2024-10-11,29.5,29.85,29.15,29.7,7683699,EQ,33761.0,227.59,2459995.0
2024-10-14,29.8,29.8,29.0,29.3,10181679,EQ,45977.0,221.45,3668889.0
2024-10-15,29.3,29.7,29.2,29.5,7795743,EQ,31102.0,250.65,3562528.0
2024-10-16,29.2,30.25,29.2,29.95,10573382,EQ,46849.0,225.69,5055734.0
2024-10-17,30.0,30.1,28.95,29.05,7808266,EQ,41104.0,189.96,3767118.0
2024-10-18,29.0,29.0,28.1,28.65,15951384,EQ,65080.0,245.1,6723735.0
2024-10-21,28.75,28.9,27.95,28.1,11713948,EQ,71901.0,162.92,5533462.0
2024-10-22,28.1,28.1,26.1,26.35,19382902,EQ,116471.0,166.42,8884626.0
2024-10-23,26.35,27.0,25.7,26.5,19301340,EQ,80606.0,239.45,7256852.0
2024-10-24,26.65,26.8,26.1,26.3,14065940,EQ,74791.0,188.07,6841914.0
2024-10-25,26.45,26.5,25.05,25.4,18409330,EQ,85815.0,214.52,8163424.0
2024-10-28,25.85,26.25,25.2,25.9,16833405,EQ,66295.0,253.92,7400251.0
2024-10-29,26.0,26.3,25.55,25.95,15469192,EQ,48248.0,320.62,6782025.0
2024-10-30,26.0,27.3,25.9,27.0,27074326,EQ,84367.0,320.91,11645463.0
2024-10-31,26.7,26.9,25.65,25.9,33859399,EQ,120726.0,280.46,14807713.0
2024-11-01,26.6,26.8,26.45,26.75,5559435,EQ,44830.0,124.01,2902769.0
2024-11-04,26.75,26.75,25.45,25.7,15084009,EQ,76650.0,196.79,6544355.0
2024-11-05,25.7,25.95,25.45,25.8,11421511,EQ,58021.0,196.85,3657401.0
2024-11-06,25.9,26.55,25.8,26.5,13274526,EQ,51372.0,258.4,5057044.0
2024-11-07,26.6,26.7,26.0,26.1,10099297,EQ,41095.0,245.75,4289105.0
2024-11-08,26.1,26.2,25.6,25.7,12171264,EQ,48581.0,250.54,5254610.0
2024-11-11,25.75,26.15,25.2,25.55,14208844,EQ,61985.0,229.23,3806417.0
2024-11-12,25.75,26.1,25.0,25.1,11141250,EQ,50707.0,219.72,5190432.0
2024-11-13,25.0,25.05,24.15,24.25,14937220,EQ,89770.0,166.39,6031776.0
2024-11-14,24.25,24.75,23.8,23.9,17659040,EQ,73892.0,238.98,7616631.0
2024-11-18,23.95,24.25,23.55,23.7,16499498,EQ,71756.0,229.94,6416557.0
2024-11-19,23.75,24.4,23.65,23.7,14175300,EQ,52719.0,268.88,6579276.0
2024-11-21,23.75,23.9,22.55,22.9,24011101,EQ,107929.0,222.47,11415774.0
2024-11-22,23.0,23.9,22.55,23.8,14836849,EQ,55068.0,269.43,4272915.0
2024-11-25,24.65,25.75,24.65,25.55,43641241,EQ,123342.0,353.82,16284762.0
2024-11-26,25.65,26.1,25.3,25.85,15254977,EQ,50634.0,301.28,5853587.0
2024-11-27,25.95,26.2,25.45,26.15,19369269,EQ,58702.0,329.96,6855012.0
2024-11-28,26.15,26.9,25.9,26.8,20320313,EQ,61201.0,332.03,6774670.0
2024-11-29,26.75,26.8,26.1,26.7,23052374,EQ,53292.0,432.57,9133576.0
2024-12-02,26.65,27.85,26.45,27.4,24364208,EQ,57099.0,426.7,10277375.0
2024-12-03,27.4,27.7,27.2,27.5,11044588,EQ,45050.0,245.16,6140168.0
2024-12-04,27.6,28.35,27.45,28.2,20977693,EQ,57961.0,361.93,9370616.0
2024-12-05,28.25,28.7,28.05,28.55,18171509,EQ,58179.0,312.34,8448587.0
2024-12-06,28.7,29.75,28.65,29.5,23676714,EQ,77587.0,305.16,9304284.0
2024-12-09,29.6,30.05,29.3,29.7,20906297,EQ,62381.0,335.14,8323028.0
2024-12-10,30.25,31.0,29.0,29.4,70371941,EQ,148108.0,475.14,16126622.0
2024-12-11,29.4,29.95,29.15,29.45,54438465,EQ,69101.0,787.81,5867820.0
2024-12-12,29.55,29.55,28.95,29.05,8952569,EQ,34189.0,261.86,3530830.0
2024-12-13,28.65,29.7,28.4,29.55,56753908,EQ,79083.0,717.65,8998413.0
2024-12-16,29.55,29.65,29.1,29.15,11722628,EQ,41796.0,280.47,4803834.0
2024-12-17,29.2,29.6,28.9,29.0,14345221,EQ,41684.0,344.14,4983226.0
2024-12-18,28.95,29.05,28.4,28.6,8918379,EQ,30547.0,291.96,3221799.0
2024-12-19,27.65,28.5,27.65,28.2,11151062,EQ,37858.0,294.55,3447274.0
2024-12-20,28.2,28.6,27.4,27.55,14184031,EQ,41494.0,341.83,5028230.0
2024-12-23,28.0,28.05,27.25,27.55,9581445,EQ,32613.0,293.79,3381246.0
2024-12-24,27.55,27.8,27.25,27.3,9900609,EQ,29090.0,340.34,3895693.0
2024-12-26,27.3,28.1,27.2,27.95,12744151,EQ,36754.0,346.74,3323211.0
2024-12-27,27.8,28.1,27.55,27.6,8041378,EQ,28075.0,286.42,2672628.0
2024-12-30,27.8,28.35,27.65,27.8,11765847,EQ,42804.0,274.88,3534967.0
2024-12-31,27.75,28.8,27.6,28.6,13378017,EQ,35341.0,378.54,4508885.0
2025-01-01,28.85,29.85,28.6,29.75,31523191,EQ,81396.0,387.28,9202250.0
2025-01-02,30.0,30.2,29.3,30.05,25592914,EQ,68412.0,374.1,11038179.0
2025-01-03,29.95,30.5,29.7,30.15,27379807,EQ,60297.0,454.08,13367123.0
2025-01-06,30.1,30.1,28.25,28.65,27813404,EQ,78509.0,354.27,12831633.0
2025-01-07,28.6,29.55,28.6,29.2,11820099,EQ,36272.0,325.87,4350650.0
2025-01-08,29.15,29.25,28.25,28.65,12036075,EQ,38324.0,314.06,4014137.0
2025-01-09,28.6,28.65,27.65,27.75,10709151,EQ,36194.0,295.88,4149260.0
2025-01-10,28.0,28.2,26.4,26.45,22593857,EQ,68252.0,331.04,7118557.0
2025-01-13,25.85,26.35,24.7,24.9,20463982,EQ,72826.0,281.0,7779960.0
2025-01-14,24.75,25.95,24.75,25.65,16562862,EQ,50395.0,328.66,5139771.0
2025-01-15,26.0,26.2,25.35,25.55,15221818,EQ,49021.0,310.52,5798491.0
2025-01-16,25.75,26.5,25.75,26.25,12162459,EQ,39802.0,305.57,4115435.0
2025-01-17,26.25,27.65,26.2,27.45,20429068,EQ,50446.0,404.97,4961386.0
2025-01-20,27.55,27.65,27.05,27.45,10955241,EQ,38851.0,281.98,3154445.0
2025-01-21,27.6,27.6,26.5,26.55,11323593,EQ,42506.0,266.4,3736883.0
2025-01-22,26.7,26.7,25.45,26.15,13333721,EQ,46383.0,287.47,3214613.0
2025-01-23,26.0,26.9,26.0,26.45,11171231,EQ,32312.0,345.73,3331703.0
2025-01-24,26.55,26.75,25.85,25.95,12374149,EQ,31745.0,389.8,5072664.0
2025-01-27,25.95,25.95,24.6,24.75,17332595,EQ,60236.0,287.74,6408901.0
2025-01-28,25.25,25.35,24.15,25.1,20452640,EQ,84561.0,241.87,7097917.0
2025-01-29,25.2,26.25,25.2,26.15,9911672,EQ,34060.0,291.01,2685849.0
2025-01-30,26.4,27.0,26.2,26.8,14330656,EQ,51504.0,278.24,4447147.0
2025-01-31,27.55,28.85,27.1,28.65,39972302,EQ,110341.0,362.26,12685300.0
2025-02-01,29.5,30.45,27.5,27.85,89958203,EQ,189881.0,473.76,23381402.0
2025-02-03,27.5,27.5,26.15,26.55,28485556,EQ,83346.0,341.77,7620459.0
2025-02-04,27.1,27.35,26.75,27.15,15419489,EQ,45053.0,342.25,5418883.0
2025-02-05,27.15,27.6,27.1,27.2,8466593,EQ,31116.0,272.1,2227829.0
2025-02-06,27.3,27.4,26.75,27.0,7710409,EQ,25734.0,299.62,2792041.0
2025-02-07,26.8,26.9,26.3,26.6,8907154,EQ,33754.0,263.88,2417558.0
2025-02-10,26.6,26.65,25.8,25.85,9661788,EQ,35898.0,269.15,3522349.0
2025-02-11,26.0,26.1,24.85,25.05,16441328,EQ,61691.0,266.51,6515312.0
2025-02-12,24.95,25.15,23.55,24.8,26334517,EQ,80316.0,327.89,9956829.0
2025-02-13,24.95,25.4,24.6,24.75,15086946,EQ,40324.0,374.14,4686255.0
2025-02-14,24.9,24.95,23.3,23.7,20295966,EQ,68733.0,295.29,7042225.0
2025-02-17,23.25,24.05,22.85,23.85,19338403,EQ,66098.0,292.57,6060808.0
2025-02-18,23.8,23.8,22.7,23.05,21433963,EQ,65867.0,325.41,7933451.0
2025-02-19,22.85,23.8,22.7,23.55,13509673,EQ,39246.0,344.23,4192403.0
2025-02-20,23.55,23.95,23.25,23.9,10696146,EQ,34431.0,310.65,3764630.0
2025-02-21,23.8,24.7,23.65,23.75,16849908,EQ,52548.0,320.66,4503234.0
2025-02-24,23.45,23.85,23.1,23.4,12861759,EQ,39898.0,322.37,5531452.0
2025-02-25,23.2,23.65,23.0,23.2,8252603,EQ,39512.0,208.86,2825427.0
2025-02-27,23.2,23.35,22.55,22.6,11479327,EQ,44616.0,257.29,3565204.0
2025-02-28,22.25,22.55,21.35,21.65,27555059,EQ,80604.0,341.86,12985992.0
2025-03-03,21.7,22.1,20.5,21.5,19557905,EQ,62244.0,314.21,6604920.0
2025-03-04,21.05,21.75,20.9,21.3,19928649,EQ,52236.0,381.51,7167774.0
2025-03-05,21.4,22.4,21.4,22.3,15143191,EQ,42257.0,358.36,5177744.0
2025-03-06,22.75,22.9,22.35,22.5,12471471,EQ,36985.0,337.2,4738376.0
2025-03-07,22.45,22.75,22.1,22.25,13796608,EQ,44474.0,310.22,5919819.0
2025-03-10,22.55,23.0,21.7,21.8,23809726,EQ,50308.0,473.28,9192146.0
2025-03-11,21.5,21.95,21.25,21.7,12272578,EQ,31993.0,383.6,3990890.0
2025-03-12,21.8,22.25,21.5,21.85,20180060,EQ,31622.0,638.17,4357430.0
2025-03-13,22.0,22.05,21.35,21.4,11401951,EQ,34698.0,328.61,4370628.0
2025-03-17,21.45,21.85,21.3,21.4,10887950,EQ,27981.0,389.12,3965418.0
2025-03-18,21.5,21.95,21.5,21.95,11545634,EQ,27666.0,417.32,5730259.0
2025-03-19,22.0,22.8,21.95,22.75,21451759,EQ,50390.0,425.71,9031324.0
2025-03-20,23.0,23.2,22.65,22.95,12882995,EQ,31538.0,408.49,5241094.0
2025-03-21,22.9,23.55,22.8,23.4,18181178,EQ,42006.0,432.82,8683874.0
2025-03-24,23.5,23.85,23.4,23.55,15837660,EQ,34944.0,453.23,8457719.0
2025-03-25,23.75,23.75,23.05,23.1,16959154,EQ,36454.0,465.22,6867261.0
2025-03-26,23.05,23.4,22.55,22.6,14873064,EQ,34200.0,434.88,6617458.0
2025-03-27,22.4,23.2,22.3,23.0,20597003,EQ,44647.0,461.33,10687046.0
2025-03-28,23.0,23.45,22.5,22.6,15943695,EQ,40257.0,396.05,7767794.0
2025-04-01,22.6,23.2,22.45,23.0,10811428,EQ,30703.0,352.13,3702626.0
2025-04-02,23.0,23.45,22.55,23.4,11206804,EQ,29551.0,379.24,3949852.0
2025-04-03,23.0,23.85,23.0,23.8,13093665,EQ,27922.0,468.94,5802575.0
2025-04-04,23.65,23.7,22.45,22.75,16449996,EQ,40035.0,410.89,6905230.0
2025-04-07,20.5,21.8,20.5,21.6,20056122,EQ,61631.0,325.42,8104173.0
2025-04-08,22.5,22.9,21.75,22.85,24480429,EQ,54515.0,449.06,7005168.0
2025-04-09,22.85,23.25,22.7,22.8,22251708,EQ,56979.0,390.52,5866131.0
2025-04-11,23.15,23.25,22.4,22.5,15450332,EQ,38276.0,403.66,6178383.0
2025-04-15,23.0,23.2,22.75,23.15,13369853,EQ,33848.0,395.0,5767581.0
2025-04-16,23.0,23.5,23.0,23.35,13928766,EQ,24522.0,568.01,5874791.0
2025-04-17,23.25,23.7,23.15,23.45,13020858,EQ,30463.0,427.43,5504519.0
2025-04-21,23.5,24.2,23.35,24.05,18722605,EQ,39897.0,469.27,7698405.0
2025-04-22,24.05,24.55,23.7,24.25,22063729,EQ,47470.0,464.79,10353273.0
2025-04-23,24.35,24.5,23.75,24.3,15561345,EQ,34464.0,451.52,6356326.0
2025-04-24,24.2,24.55,24.1,24.25,17013928,EQ,29684.0,573.17,8145896.0
2025-04-25,24.25,24.4,23.05,23.45,19321686,EQ,48999.0,394.33,7108474.0
2025-04-28,23.35,23.7,23.2,23.65,10972823,EQ,38758.0,283.11,4637221.0
2025-04-29,23.65,23.95,23.4,23.5,8075604,EQ,20621.0,391.62,2861141.0
2025-04-30,23.5,23.6,22.65,22.8,13236009,EQ,34013.0,389.15,6376074.0
2025-05-02,22.8,23.3,22.7,22.85,11370452,EQ,32694.0,347.78,4573055.0
2025-05-05,22.85,23.2,22.7,22.85,9369760,EQ,48118.0,194.72,3715739.0
2025-05-06,22.8,23.0,21.95,22.0,19945581,EQ,47524.0,419.69,11103767.0
2025-05-07,21.3,22.65,21.3,22.55,10859719,EQ,30352.0,357.79,4200379.0
2025-05-08,22.5,23.05,22.25,22.45,12559034,EQ,34638.0,362.58,6036171.0
2025-05-09,21.7,22.65,21.7,22.6,15393447,EQ,37446.0,411.08,6741064.0
2025-05-12,23.1,23.95,23.05,23.9,17112587,EQ,36386.0,470.31,8376133.0
2025-05-13,23.95,24.2,23.7,23.95,9131597,EQ,23346.0,391.14,4085837.0
2025-05-14,24.05,25.0,24.0,24.65,19385641,EQ,47575.0,407.48,7184095.0
2025-05-15,24.8,25.8,24.7,25.5,25404819,EQ,57582.0,441.19,9244604.0
2025-05-16,25.7,25.75,25.3,25.6,15123827,EQ,31191.0,484.88,7240908.0
2025-05-19,25.8,25.8,25.2,25.35,20488002,EQ,37808.0,541.9,9425343.0
2025-05-20,25.7,25.8,24.75,24.85,28471695,EQ,50017.0,569.24,9740677.0
2025-05-21,24.9,26.05,24.65,25.7,28831825,EQ,61513.0,468.71,9206334.0
2025-05-22,25.65,25.8,25.35,25.6,10092788,EQ,27374.0,368.7,3396244.0
2025-05-23,25.7,25.7,25.25,25.45,10096785,EQ,27793.0,363.29,4750816.0
2025-05-26,25.45,25.65,25.35,25.5,11267679,EQ,27597.0,408.29,6075104.0
2025-05-27,25.6,25.9,25.3,25.6,12535618,EQ,28267.0,443.47,6318481.0
2025-05-28,25.5,26.3,25.5,25.9,28952178,EQ,55732.0,519.49,10759297.0
2025-05-29,26.0,26.1,25.6,25.7,8653501,EQ,22550.0,383.75,4221187.0
2025-05-30,25.7,25.85,25.2,25.65,10691777,EQ,29111.0,367.28,4888788.0
2025-06-02,25.8,26.1,25.55,25.8,14637225,EQ,34982.0,418.42,6619557.0
2025-06-03,25.9,25.95,25.4,25.55,9268560,EQ,26844.0,345.27,3816136.0
2025-06-04,25.55,25.8,25.2,25.55,15341332,EQ,31763.0,482.99,5848213.0
2025-06-05,25.65,25.7,25.25,25.3,7835676,EQ,21821.0,359.09,3441272.0
2025-06-06,25.35,26.15,25.15,25.8,28268632,EQ,34256.0,825.22,9917747.0
2025-06-09,26.0,26.75,25.85,26.6,32258815,EQ,56184.0,574.16,17165304.0
2025-06-10,27.05,27.15,26.35,26.5,30941309,EQ,56033.0,552.2,13701566.0
2025-06-11,26.6,26.65,25.9,26.1,14395985,EQ,35990.0,400.0,7426217.0
2025-06-12,26.1,26.1,25.15,25.25,15973250,EQ,46951.0,340.21,8571497.0
2025-06-13,24.5,25.1,24.3,25.05,12859267,EQ,33275.0,386.45,5689287.0
2025-06-16,25.0,25.05,24.35,25.0,11022659,EQ,31901.0,345.53,3663472.0
2025-06-17,25.05,25.15,24.55,24.65,8160863,EQ,26969.0,302.6,3518762.0
2025-06-18,24.6,24.75,24.2,24.25,9203038,EQ,28534.0,322.53,4687429.0
2025-06-19,24.2,24.6,23.9,24.05,14814511,EQ,39967.0,370.67,4115430.0
2025-06-20,24.0,24.45,23.95,24.3,47510313,EQ,48947.0,970.65,35224215.0
2025-06-23,24.05,24.95,24.0,24.75,12447700,EQ,29080.0,428.05,3936049.0
2025-06-24,25.0,25.1,24.4,24.4,17879681,EQ,48863.0,365.91,7719729.0
2025-06-25,24.5,24.95,24.45,24.9,17436228,EQ,33358.0,522.7,8127311.0
2025-06-26,24.95,25.2,24.7,25.1,20326369,EQ,35305.0,575.74,8964521.0
2025-06-27,25.1,25.2,24.75,24.85,11155952,EQ,32676.0,341.41,5639793.0
2025-06-30,24.9,25.1,24.75,24.8,6988566,EQ,21660.0,322.65,3152415.0
2025-07-01,24.85,25.0,24.4,24.85,9178943,EQ,25790.0,355.91,3483549.0
2025-07-02,24.85,25.05,24.55,24.8,15292132,EQ,34651.0,441.32,6030861.0
2025-07-03,24.95,24.95,24.65,24.75,6509925,EQ,20284.0,320.94,3239878.0
2025-07-04,24.75,24.95,24.45,24.75,8189905,EQ,21420.0,382.35,2995459.0
2025-07-07,24.7,24.95,24.45,24.55,9312028,EQ,26162.0,355.94,4000780.0
2025-07-08,24.65,24.8,24.45,24.7,7684828,EQ,18294.0,420.07,3346668.0
2025-07-09,24.8,24.8,24.2,24.25,10809224,EQ,41436.0,260.87,5359200.0
2025-07-10,24.3,24.4,24.05,24.15,5561276,EQ,18744.0,296.7,2526117.0
2025-07-11,24.1,24.2,23.7,23.8,9166532,EQ,30131.0,304.22,4961411.0
2025-07-14,23.9,24.05,23.7,24.0,10631551,EQ,28227.0,376.64,3681384.0
2025-07-15,24.2,24.4,23.95,24.3,9385988,EQ,25946.0,361.75,3893625.0
2025-07-16,24.2,24.5,24.1,24.4,6088572,EQ,18101.0,336.37,2341545.0
2025-07-17,24.4,24.45,24.1,24.2,4698419,EQ,17794.0,264.05,1711567.0
2025-07-18,24.15,24.25,23.9,24.05,5874918,EQ,17775.0,330.52,2451983.0
2025-07-21,24.05,24.4,23.85,24.25,7384177,EQ,20894.0,353.41,3174423.0
2025-07-22,24.2,24.4,23.9,24.2,6516377,EQ,20759.0,313.91,2875097.0
2025-07-23,24.35,24.45,24.05,24.3,7374442,EQ,22972.0,321.02,2955551.0
2025-07-24,24.35,24.4,23.65,23.75,10671478,EQ,31842.0,335.14,5264170.0
2025-07-25,23.8,23.8,23.2,23.25,12149862,EQ,31159.0,389.93,5410456.0
2025-07-28,23.2,23.45,22.6,22.7,7644427,EQ,32623.0,234.33,2813771.0
2025-07-29,22.7,23.5,22.55,23.3,10014056,EQ,24665.0,406.0,3636657.0
2025-07-30,23.45,23.45,22.95,23.0,5622539,EQ,18576.0,302.68,2245723.0
2025-07-31,22.6,22.85,22.5,22.55,7618707,EQ,25962.0,293.46,3301675.0
2025-08-01,22.55,22.75,22.1,22.15,8233290,EQ,27069.0,304.16,3894286.0
2025-08-04,22.2,22.7,22.0,22.6,8566971,EQ,23769.0,360.43,2808956.0
2025-08-05,22.6,22.7,22.4,22.5,4341725,EQ,17042.0,254.77,1553958.0
2025-08-06,22.55,22.65,22.15,22.35,5804766,EQ,17897.0,324.34,2127603.0
2025-08-07,22.15,22.5,21.7,22.4,11275670,EQ,35379.0,318.71,4223381.0
2025-08-08,22.5,22.5,21.7,21.75,6497652,EQ,24498.0,265.23,3192487.0
2025-08-11,21.8,22.2,21.6,22.1,6046469,EQ,23805.0,254.0,2232079.0
2025-08-12,22.15,22.5,22.05,22.35,5436763,EQ,16637.0,326.79,2091623.0
2025-08-13,22.4,22.5,22.1,22.4,6286772,EQ,15899.0,395.42,2679687.0
2025-08-14,22.5,23.25,22.2,22.7,17522244,EQ,38006.0,461.04,4189887.0
2025-08-18,23.3,23.3,22.4,22.5,10774842,EQ,27857.0,386.79,4678770.0
2025-08-19,22.55,22.6,22.25,22.55,6493036,EQ,20407.0,318.18,2596569.0
2025-08-20,22.55,22.55,22.25,22.3,9225074,EQ,25179.0,366.38,4958703.0
2025-08-21,22.35,22.55,22.25,22.3,6654503,EQ,18533.0,359.06,3297530.0
2025-08-22,22.3,22.4,21.75,21.9,11363551,EQ,36965.0,307.41,5328684.0
2025-08-25,21.95,22.7,21.8,22.5,18170815,EQ,31414.0,578.43,8197515.0
2025-08-26,22.5,22.5,22.0,22.1,9498679,EQ,25641.0,370.45,4976742.0
2025-08-28,22.1,22.1,21.05,21.2,49939788,EQ,81411.0,613.43,34204115.0
2025-08-29,21.25,21.85,21.1,21.45,10112356,EQ,31210.0,324.01,3407413.0
2025-09-01,21.5,21.75,21.4,21.65,6844127,EQ,27496.0,248.91,2860145.0
2025-09-02,21.75,21.9,21.3,21.4,9441568,EQ,33427.0,282.45,4403796.0
2025-09-03,21.5,21.6,21.35,21.5,7349593,EQ,24953.0,294.54,3859710.0
2025-09-04,21.75,21.8,21.25,21.35,7194208,EQ,25928.0,277.47,3588211.0
2025-09-05,21.45,21.5,21.05,21.15,6727108,EQ,25181.0,267.15,2728508.0
2025-09-08,21.3,21.45,21.05,21.1,5461729,EQ,25948.0,210.49,2657386.0
2025-09-09,21.5,21.9,21.05,21.15,16457834,EQ,45743.0,359.79,6573270.0
2025-09-10,21.3,21.4,21.1,21.15,7852296,EQ,25225.0,311.29,3950100.0
2025-09-11,21.25,21.45,21.15,21.2,5870885,EQ,20550.0,285.69,2662373.0
2025-09-12,21.35,21.45,21.2,21.35,6301706,EQ,20773.0,303.36,2641162.0
2025-09-15,21.35,21.85,21.3,21.65,8309139,EQ,30563.0,271.87,3409220.0
2025-09-16,21.75,21.85,21.55,21.7,5736571,EQ,21181.0,270.84,3044988.0
2025-09-17,21.75,22.25,21.75,22.0,14630403,EQ,37887.0,386.16,4936690.0
2025-09-18,22.2,22.25,21.9,22.05,6808414,EQ,22603.0,301.22,3014984.0
2025-09-19,22.05,22.05,21.6,21.8,10683493,EQ,25219.0,423.63,6497557.0
2025-09-22,21.8,22.0,21.65,21.75,5165059,EQ,18970.0,272.28,2646271.0
2025-09-23,21.7,21.8,21.45,21.55,4363692,EQ,19318.0,225.89,1952971.0
2025-09-24,21.5,21.7,21.15,21.2,7706276,EQ,24347.0,316.52,4216318.0
2025-09-25,21.25,21.3,20.95,21.0,5431847,EQ,21363.0,254.26,3135743.0
2025-09-26,21.0,21.0,20.25,20.5,10819017,EQ,49949.0,216.6,5331362.0
2025-09-29,20.5,20.65,20.3,20.4,8346067,EQ,35971.0,232.02,3617646.0
2025-09-30,20.45,20.65,20.4,20.6,5162276,EQ,23331.0,221.26,2276378.0
2025-10-01,20.6,20.8,20.5,20.75,3659042,EQ,15444.0,236.92,1438841.0
2025-10-03,20.75,21.05,20.7,21.0,5837776,EQ,30867.0,189.13,2224225.0
2025-10-06,21.05,21.1,20.8,20.95,4653206,EQ,18632.0,249.74,2319007.0
2025-10-07,20.9,21.05,20.7,20.75,4742099,EQ,21921.0,216.33,2463840.0
2025-10-08,21.05,21.2,20.85,20.9,11042447,EQ,37461.0,294.77,3436392.0
2025-10-09,21.25,21.25,20.9,21.15,7781887,EQ,27603.0,281.92,2982398.0
2025-10-10,21.05,22.0,21.05,21.7,22845323,EQ,53942.0,423.52,9250977.0
2025-10-13,21.6,21.65,21.2,21.35,6954749,EQ,27111.0,256.53,3488734.0
2025-10-14,21.35,21.4,20.9,21.1,8581234,EQ,26197.0,327.57,4945869.0
2025-10-15,21.0,21.25,20.95,21.05,7012503,EQ,24412.0,287.26,3948844.0
2025-10-16,21.1,21.6,21.05,21.55,6683429,EQ,28458.0,234.85,3428468.0
2025-10-17,21.45,21.55,21.1,21.4,6529950,EQ,25731.0,253.78,2398853.0
2025-10-20,21.7,21.7,21.4,21.55,4755952,EQ,24780.0,191.93,2386440.0
2025-10-21,21.55,21.75,21.55,21.6,1609206,EQ,11102.0,144.95,1048759.0
2025-10-23,21.9,21.9,21.6,21.7,5677661,EQ,21654.0,262.2,3216408.0
2025-10-24,21.55,21.8,21.55,21.75,6377395,EQ,23519.0,271.16,3506292.0
2025-10-27,21.75,22.75,21.75,22.3,32059830,EQ,66248.0,483.94,13254469.0
2025-10-28,22.45,22.5,22.2,22.35,5397837,EQ,18874.0,285.99,2357979.0
2025-10-29,22.4,22.45,21.95,22.4,7641788,EQ,22108.0,345.66,3283016.0
2025-10-30,22.5,22.55,22.15,22.3,6473300,EQ,19689.0,328.78,3804967.0
2025-10-31,22.3,22.6,22.2,22.4,6579335,EQ,21378.0,307.76,3027060.0
2025-11-03,22.5,22.9,22.4,22.6,7927758,EQ,24682.0,321.2,3238309.0
2025-11-04,22.5,22.6,22.25,22.35,5749434,EQ,18444.0,311.72,2865501.0
2025-11-06,22.35,22.65,22.1,22.45,9407172,EQ,28412.0,331.1,5126825.0
2025-11-07,22.4,22.4,21.85,22.25,6311148,EQ,23930.0,263.73,2865735.0
2025-11-10,22.25,22.25,21.65,21.7,8290792,EQ,30082.0,275.61,4185736.0
2025-11-11,21.7,21.85,21.3,21.6,8074332,EQ,33960.0,237.76,4323890.0
2025-11-12,21.75,22.3,21.45,21.65,17399146,EQ,44753.0,388.78,5000789.0
2025-11-13,21.65,21.75,21.05,21.2,11112140,EQ,28452.0,390.56,6416772.0
2025-11-14,21.1,21.6,21.05,21.5,8484947,EQ,24631.0,344.48,4131168.0
2025-11-17,22.5,23.0,22.05,22.25,97924485,EQ,180845.0,541.48,21732280.0
2025-11-18,22.25,22.25,21.85,22.05,11561917,EQ,41141.0,281.03,5243297.0
2025-11-19,22.05,22.1,21.8,22.0,6429552,EQ,20716.0,310.37,2912040.0
2025-11-20,22.0,22.1,21.8,22.0,6164189,EQ,23827.0,258.71,2923492.0
2025-11-21,22.0,22.15,21.75,21.85,9346559,EQ,27640.0,338.15,4072120.0
2025-11-24,21.8,21.9,21.25,21.6,8123376,EQ,31364.0,259.0,3727623.0
2025-11-25,21.5,21.7,21.3,21.65,5607589,EQ,19833.0,282.74,2429445.0
2025-11-26,21.65,21.9,21.5,21.65,5930721,EQ,20634.0,287.42,2594626.0
2025-11-27,21.65,21.8,21.45,21.6,6000489,EQ,21597.0,277.84,2246036.0
2025-11-28,21.5,21.75,21.4,21.45,12343572,EQ,23810.0,518.42,7784488.0
2025-12-01,21.55,22.0,21.3,21.55,9385242,EQ,35434.0,264.87,3455694.0
2025-12-02,21.55,21.7,21.2,21.4,4854168,EQ,17089.0,284.05,2494021.0
2025-12-03,21.4,21.55,21.15,21.5,5802369,EQ,22347.0,259.65,2380342.0
2025-12-04,21.5,21.6,21.25,21.5,4937503,EQ,19658.0,251.17,1999992.0
2025-12-05,21.45,21.55,21.25,21.4,4341458,EQ,17822.0,243.6,1952850.0
2025-12-08,21.35,21.4,20.75,20.95,6848620,EQ,30076.0,227.71,3230339.0
2025-12-09,20.75,20.95,20.4,20.7,7668285,EQ,28224.0,271.69,3119749.0
2025-12-10,21.0,21.65,20.9,20.95,14378873,EQ,40982.0,350.86,3300469.0
2025-12-11,21.0,21.05,20.7,20.9,5537223,EQ,21002.0,263.65,2052413.0
2025-12-12,21.0,21.15,20.5,20.65,10877672,EQ,31134.0,349.38,6499351.0
2025-12-15,20.6,21.05,20.6,21.0,7909723,EQ,28948.0,273.24,3576040.0
2025-12-16,21.0,21.0,20.65,20.7,4120606,EQ,16911.0,243.66,2355662.0
2025-12-17,20.75,20.8,20.5,20.55,4482500,EQ,20806.0,215.44,2219409.0
2025-12-18,20.55,20.55,20.25,20.4,4294270,EQ,17736.0,242.12,2130871.0
2025-12-19,20.4,20.6,20.35,20.55,6023267,EQ,20195.0,298.26,3049370.0
2025-12-22,20.75,21.2,20.6,21.0,6770634,EQ,21845.0,309.94,3350496.0
2025-12-23,21.1,21.45,21.0,21.35,7156632,EQ,28298.0,252.9,2777889.0
2025-12-24,21.35,21.55,21.15,21.25,4787079,EQ,17270.0,277.19,2162142.0
2025-12-26,21.25,21.4,21.05,21.1,4108158,EQ,16660.0,246.59,1993800.0
2025-12-29,21.1,21.2,20.75,20.8,4889268,EQ,24321.0,201.03,2441013.0
2025-12-30,20.8,21.2,20.6,21.05,6276612,EQ,28324.0,221.6,3137812.0
2025-12-31,21.1,21.2,20.95,21.0,5220684,EQ,20953.0,249.16,2288621.0
2026-01-01,21.1,21.25,21.0,21.1,3291468,EQ,11048.0,297.92,1416010.0
2026-01-02,21.1,21.45,21.1,21.4,5616061,EQ,18146.0,309.49,3419302.0
2026-01-05,21.4,21.5,21.05,21.1,5006189,EQ,25724.0,194.61,2838815.0
2026-01-06,21.1,21.2,20.9,20.95,7654980,EQ,19622.0,390.12,3391123.0
2026-01-07,21.2,21.4,21.0,21.15,8672841,EQ,32629.0,265.8,2562271.0
2026-01-08,21.45,21.7,20.9,21.05,17749470,EQ,49696.0,357.16,4980595.0
2026-01-09,20.9,21.05,20.65,20.75,7252215,EQ,30695.0,236.27,2996181.0
2026-01-12,20.75,20.75,20.15,20.5,7367343,EQ,31842.0,231.37,2647236.0
2026-01-13,20.55,20.7,20.35,20.45,5247793,EQ,24586.0,213.45,1865855.0
2026-01-14,20.35,20.95,20.35,20.9,6526772,EQ,26069.0,250.37,3523056.0
2026-01-16,20.9,20.9,20.65,20.75,4857896,EQ,32775.0,148.22,2582687.0
2026-01-19,20.55,20.75,20.35,20.55,5888746,EQ,29511.0,199.54,2648608.0
2026-01-20,20.45,20.55,20.1,20.15,8065933,EQ,38272.0,210.75,3539401.0
2026-01-21,20.0,20.15,19.3,19.5,14494513,EQ,51396.0,282.02,6146646.0
2026-01-22,19.6,20.2,19.6,20.05,6535975,EQ,28023.0,233.24,3014167.0
2026-01-23,20.3,20.3,19.75,19.85,5529058,EQ,29618.0,186.68,2862274.0
2026-01-27,20.05,20.1,19.6,19.85,8320944,EQ,40864.0,203.63,3032295.0
2026-01-28,20.05,20.6,19.95,20.55,7853744,EQ,28618.0,274.43,3564330.0
2026-01-29,20.65,20.75,20.3,20.35,7123781,EQ,28525.0,249.74,3889973.0
2026-01-30,20.3,20.85,20.1,20.75,7569161,EQ,32934.0,229.83,3819858.0
2026-02-01,20.75,21.4,20.0,20.3,11610461,EQ,41451.0,280.1,3191774.0
2026-02-02,20.3,20.75,19.9,20.55,7174745,EQ,38879.0,184.54,3136836.0
2026-02-03,21.3,21.4,20.5,20.8,7899139,EQ,54507.0,144.92,3408127.0
2026-02-04,20.8,21.05,20.65,21.0,5521799,EQ,28850.0,191.4,2928209.0
2026-02-05,21.05,21.15,20.9,21.15,5962951,EQ,23530.0,253.42,2922312.0
2026-02-06,21.3,21.65,21.15,21.55,13384657,EQ,40566.0,329.95,5908709.0
2026-02-09,21.9,22.15,21.75,22.1,12164520,EQ,42579.0,285.69,6380809.0
2026-02-10,22.1,22.45,22.05,22.15,7534726,EQ,26420.0,285.19,3693952.0
2026-02-11,22.15,22.25,21.8,22.2,6002988,EQ,25472.0,235.67,3119754.0
2026-02-12,22.15,22.3,21.9,22.25,11060437,EQ,30060.0,367.95,7219966.0
2026-02-13,22.15,22.2,21.9,22.0,7597646,EQ,31194.0,243.56,3348162.0
2026-02-16,22.0,22.0,20.95,21.1,11141730,EQ,42160.0,264.27,3925702.0
2026-02-17,21.25,21.35,20.95,21.3,6738730,EQ,27266.0,247.15,1912392.0
2026-02-18,21.4,21.45,20.95,21.05,4629937,EQ,20586.0,224.91,1944362.0
2026-02-19,21.05,21.15,20.45,20.5,5713094,EQ,24976.0,228.74,2681829.0
2026-02-20,20.4,20.45,20.15,20.35,4781082,EQ,24275.0,196.95,2179061.0
2026-02-23,20.45,20.55,20.0,20.15,6925701,EQ,26372.0,262.62,3356043.0
2026-02-24,20.1,20.2,19.8,20.1,5766178,EQ,22834.0,252.53,3186588.0
2026-02-25,20.2,20.6,20.05,20.55,7364224,EQ,26475.0,278.16,3913303.0
2026-02-26,20.55,21.05,20.5,20.8,6727999,EQ,31701.0,212.23,2866945.0
2026-02-27,20.7,20.95,20.55,20.85,5826331,EQ,22398.0,260.13,2337725.0
2026-03-02,19.2,20.15,19.15,19.95,10524779,EQ,41628.0,252.83,3893909.0
2026-03-04,19.45,20.1,19.3,19.9,9989467,EQ,37831.0,264.06,3864511.0
2026-03-05,19.9,20.25,19.9,20.2,5390766,EQ,24520.0,219.85,2281862.0
2026-03-06,20.0,20.5,20.0,20.4,5354011,EQ,24848.0,215.47,2015889.0
2026-03-09,20.0,20.3,19.9,20.25,7656329,EQ,44026.0,173.9,3083419.0
2026-03-10,20.35,21.1,20.35,20.95,8965609,EQ,30976.0,289.44,4618564.0
2026-03-11,20.9,21.25,20.85,21.05,5565173,EQ,28545.0,194.96,2627031.0
2026-03-12,21.1,21.5,20.65,21.3,9720140,EQ,37826.0,256.97,4371823.0
2026-03-13,21.2,21.3,20.55,20.8,6476141,EQ,32314.0,200.41,2631531.0
2026-03-16,20.9,20.95,20.2,20.7,9469080,EQ,43774.0,216.32,3810380.0
2026-03-17,20.65,21.05,20.55,20.75,8072462,EQ,44978.0,179.48,3459376.0
2026-03-18,20.9,21.25,20.8,20.9,6623192,EQ,35900.0,184.49,2810942.0
2026-03-19,20.45,20.95,20.4,20.8,5347711,EQ,28638.0,186.73,2743182.0
2026-03-20,20.95,21.1,20.5,20.75,7351858,EQ,37034.0,198.52,3746630.0
2026-03-23,20.5,20.65,19.9,20.1,9897363,EQ,46230.0,214.09,4363139.0
2026-03-24,20.55,20.6,20.0,20.3,7026566,EQ,30165.0,232.94,2510964.0
2026-03-25,20.5,20.9,20.4,20.55,6471000,EQ,27970.0,231.36,3165712.0
2026-03-27,20.55,21.0,20.05,20.45,29743420,EQ,79059.0,376.22,17278662.0
2026-03-30,20.56,22.7,20.1,22.14,104692549,EQ,136007.0,769.76,11766237.0
2026-04-01,22.2,22.55,21.41,21.61,22314720,EQ,42743.0,522.07,6026565.0
2026-04-02,21.0,22.0,20.72,21.8,11923312,EQ,26320.0,453.01,2221418.0
2026-04-06,21.69,21.69,20.22,20.67,34751539,EQ,61419.0,565.81,9804910.0
2026-04-07,20.67,20.94,20.46,20.55,15352433,EQ,41517.0,369.79,3930593.0
2026-04-08,21.3,21.3,20.83,20.94,13303125,EQ,32699.0,406.84,5630001.0
2026-04-09,21.13,21.13,20.71,20.89,10119127,EQ,32057.0,315.66,3748988.0
2026-04-10,21.5,22.03,21.25,21.66,48448354,EQ,63519.0,762.74,9372363.0
2026-04-13,20.97,21.57,20.76,21.38,15070334,EQ,31021.0,485.81,4881880.0
2026-04-15,21.8,22.07,21.57,21.77,16485399,EQ,30313.0,543.84,7613990.0
2026-04-16,22.03,22.4,21.7,22.1,19322122,EQ,30429.0,634.99,8551553.0
2026-04-17,22.14,22.53,22.1,22.26,13486192,EQ,24928.0,541.01,6364879.0
2026-04-20,22.25,22.25,21.68,22.0,15171680,EQ,30432.0,498.54,6904082.0
2026-04-21,22.0,22.12,21.75,21.82,9553687,EQ,19100.0,500.19,4922776.0
2026-04-22,21.8,22.22,21.72,22.15,10818442,EQ,22247.0,486.29,4360146.0
2026-04-23,22.15,22.25,21.83,22.15,13229650,EQ,20570.0,643.15,6380275.0
2026-04-24,22.19,22.27,21.55,21.63,9090593,EQ,21740.0,418.15,4205957.0
2026-04-27,21.92,22.15,21.61,21.86,9356135,EQ,21154.0,442.29,3692555.0
2026-04-28,21.87,22.04,21.71,21.86,10937734,EQ,16414.0,666.37,5099357.0
2026-04-29,22.0,22.07,21.68,21.73,9269902,EQ,20186.0,459.22,3758067.0
2026-04-30,21.74,21.83,21.32,21.54,11094710,EQ,22086.0,502.34,3601277.0
2026-05-04,21.7,21.92,21.51,21.7,10463936,EQ,23546.0,444.4,3976577.0
2026-05-05,21.8,21.9,21.51,21.58,9432767,EQ,21794.0,432.81,2729537.0
2026-05-06,21.8,21.89,21.5,21.83,9928580,EQ,21183.0,468.71,4158652.0
2026-05-07,21.9,21.96,21.58,21.67,12602772,EQ,22972.0,548.61,6061696.0
2026-05-08,21.67,21.77,21.34,21.42,9711888,EQ,20658.0,470.13,4774969.0
2026-05-11,21.48,21.68,21.19,21.31,11959056,EQ,26612.0,449.39,4820037.0
2026-05-12,21.3,21.37,20.65,20.82,11223303,EQ,33174.0,338.32,5475363.0
2026-05-13,20.7,20.8,20.37,20.44,11286696,EQ,33437.0,337.55,4454000.0
2026-05-14,20.55,20.65,20.07,20.39,9809333,EQ,23528.0,416.92,2971519.0
2026-05-15,20.38,20.52,20.2,20.3,8494905,EQ,19270.0,440.84,2337850.0
2026-05-18,20.29,20.3,19.72,20.22,9713387,EQ,22261.0,436.34,3376244.0
2026-05-19,20.26,20.37,20.01,20.21,6496853,EQ,16968.0,382.89,2584969.0
2026-05-20,20.0,21.59,19.95,21.13,56644534,EQ,70296.0,805.8,7599321.0
2026-05-21,21.15,23.95,21.13,22.84,428946595,EQ,316396.0,1355.73,51436587.0
2026-05-22,22.79,22.93,21.91,22.03,43987278,EQ,58302.0,754.47,11107379.0
2026-05-25,22.43,22.43,21.52,21.62,24613158,EQ,35291.0,697.43,9149131.0
2026-05-26,21.57,22.27,21.43,21.66,28395725,EQ,39932.0,711.1,8145268.0
2026-05-27,21.7,21.91,21.64,21.69,10176721,EQ,18871.0,539.28,4321372.0
2026-05-29,21.85,21.86,21.06,21.16,17478108,EQ,29314.0,596.24,9415179.0
2026-06-01,21.27,22.09,20.84,21.93,34429074,EQ,83358.0,413.03,17988488.0
2026-06-02,21.83,21.83,21.35,21.56,12576653,EQ,25870.0,486.15,3779025.0
2026-06-03,21.5,21.56,21.12,21.28,9669422,EQ,17983.0,537.7,3182783.0
2026-06-04,21.24,21.49,21.07,21.3,9170085,EQ,17035.0,538.31,3326185.0
2026-06-05,21.32,21.45,21.11,21.17,7584529,EQ,17203.0,440.88,2960019.0
2026-06-08,21.0,21.05,20.46,20.65,9589680,EQ,26921.0,356.22,4555667.0
2026-06-09,21.15,21.52,20.38,20.51,34325323,EQ,54641.0,628.2,11847939.0
2026-06-10,20.65,20.73,20.41,20.52,10245684,EQ,22134.0,462.89,3785584.0
2026-06-11,20.35,20.46,20.12,20.21,7980938,EQ,19323.0,413.03,3227684.0
2026-06-12,20.33,20.87,20.33,20.81,10817459,EQ,17834.0,606.56,5169970.0
2026-06-15,21.2,21.48,21.05,21.12,12943368,EQ,21428.0,604.04,6149604.0
2026-06-16,21.3,21.4,21.09,21.3,8649451,EQ,18017.0,480.07,4720046.0
2026-06-17,21.39,21.55,21.15,21.34,10277274,EQ,18069.0,568.78,3824184.0
2026-06-18,21.4,21.67,21.29,21.42,13774799,EQ,20033.0,687.61,4810647.0
2026-06-19,21.43,21.7,21.24,21.44,11326942,EQ,19798.0,572.13,4479323.0
2026-06-22,21.44,21.92,21.44,21.7,14016234,EQ,24867.0,563.65,6010456.0
2026-06-23,21.8,21.99,21.28,21.43,12083127,EQ,20499.0,589.45,4768842.0
2026-06-24,21.39,21.44,21.18,21.32,7903817,EQ,16344.0,483.59,2912340.0
2026-06-25,21.34,21.45,21.09,21.19,7989758,EQ,13868.0,576.13,3340275.0
2026-06-29,21.13,21.74,20.97,21.63,17515153,EQ,33182.0,527.85,7872327.0
2026-06-30,21.65,21.77,21.35,21.42,7281960,EQ,19423.0,374.91,2810970.0
2026-07-01,21.5,21.69,21.23,21.3,6851510,EQ,15568,440.1,2793510
2026-07-02,21.44,21.64,21.25,21.42,11647097,EQ,23231,501.36,4122612
2026-07-03,21.7,21.78,21.25,21.3,10450595,EQ,21331,489.93,4421344
2026-07-06,21.4,21.42,20.62,20.69,32688489,EQ,30824,1060.49,20902675
2026-07-07,20.79,20.84,20.43,20.48,10201898,EQ,23042,442.75,5421051
2026-07-08,20.31,20.4,19.82,19.97,10325056,EQ,21684,476.16,5899639
2026-07-09,20.25,20.55,20.13,20.21,15796950,EQ,22267,709.43,6302355
2026-07-10,20.4,20.44,20.22,20.29,11445656,EQ,18482,619.29,5485356
2026-07-13,20.19,20.44,20.01,20.32,16185168,EQ,23092,700.9,6575747
2026-07-14,20.33,20.33,20.09,20.19,6931815,EQ,15141,457.82,3814157
2026-07-15,20.25,20.25,20.05,20.09,5592672,EQ,15296,365.63,2809392
2026-07-16,20.17,20.17,19.98,20.1,5579905,EQ,15761,354.03,2540484
2026-07-17,20.1,20.14,19.92,20.01,6009952,EQ,17994,334.0,3124472
2026-07-20,20.0,20.02,19.85,19.91,6305752,EQ,13324,473.26,3098004
2026-07-21,20.0,20.0,19.85,19.96,5201287,EQ,14725,353.23,2588902
2026-07-22,19.96,19.99,19.82,19.85,4737082,EQ,10695,442.92,1913893
2026-07-23,19.84,19.85,19.4,19.48,7694209,EQ,16675,461.42,3934700
2026-07-24,19.45,19.7,19.28,19.61,6006254,EQ,13987,429.42,1878778
2026-07-27,19.88,19.95,19.6,19.62,4354101,EQ,12978,335.5,2160879
2026-07-28,19.6,19.6,19.36,19.45,4808149,EQ,13788,348.72,2368798
2026-07-29,19.65,20.16,19.5,19.98,9542643,EQ,21295,448.12,4717242
2026-07-30,19.74,21.04,19.72,20.25,78604244,EQ,113282,693.88,13472353
2026-07-31,20.4,20.53,19.91,20.0,23477102,EQ,33497,700.87,8948416
2026-08-03,20.17,20.38,20.06,20.18,6221967,EQ,16333,380.94,3293550
2026-08-04,20.24,20.24,20.08,20.13,4606262,EQ,13307,346.15,2579258
2026-08-05,20.13,20.22,20.06,20.09,4952094,EQ,13046,379.59,2608932
2026-08-06,20.08,20.08,19.92,19.93,4352770,EQ,16596,262.28,2678883
2026-08-07,19.95,19.96,19.59,19.68,7172175,EQ,16486,435.05,4472617
2026-08-10,19.68,19.68,19.47,19.52,7193623,EQ,16234,443.12,4000486
2026-08-11,19.63,19.7,19.5,19.56,7312019,EQ,19827,368.79,3597375
2026-08-12,19.56,19.62,19.3,19.33,8884401,EQ,22361,397.32,5526145
2026-08-13,19.37,19.44,19.2,19.21,5403497,EQ,13751,392.95,3058471
2026-08-14,19.2,19.35,19.06,19.26,5641520,EQ,15028,375.4,2624838
2026-08-17,19.25,19.25,19.02,19.17,5573147,EQ,16483,338.11,2869101
2026-08-18,19.16,19.17,19.02,19.03,6032637,EQ,16358,368.79,3837994
2026-08-19,19.03,19.06,18.9,18.98,5476549,EQ,15633,350.32,3493304
2026-08-20,19.1,19.12,18.91,18.95,5795433,EQ,13463,430.47,3255582
2026-08-21,18.96,19.03,18.91,18.95,4422521,EQ,13409,329.82,2525739
2026-08-24,18.95,19.08,18.87,18.91,7740780,EQ,22149,349.49,4151255
2026-08-25,18.91,18.95,18.76,18.81,5495135,EQ,16463,333.79,3133421
2026-08-26,18.89,19.54,18.86,19.46,14163719,EQ,20745,682.75,6301006
2026-08-27,19.52,19.63,19.12,19.32,7026959,EQ,19789,355.09,2603635
2026-08-28,19.25,19.41,19.04,19.07,5016562,EQ,14168,354.08,2566824
2026-08-31,19.0,19.79,18.83,19.36,39531560,EQ,57256,690.44,15159891
