Date,Open,High,Low,Close,Volume,Series,TOTAL_TRADES,QTY_PER_TRADE,DLV_QTY
2010-03-22,18.45,18.45,16.6,16.6,101,EQ,,,
2010-03-23,16.6,16.65,16.25,16.45,67,EQ,,,
2010-03-25,16.4,16.8,16.15,16.3,99,EQ,,,
2010-03-26,16.8,16.8,16.3,16.45,23,EQ,,,
2010-03-29,16.6,16.6,16.2,16.3,64,EQ,,,
2010-03-30,16.5,16.5,16.3,16.4,32,EQ,,,
2010-03-31,16.3,16.55,16.3,16.5,31,EQ,,,
2010-04-01,16.2,16.55,16.2,16.4,96,EQ,,,
2010-04-05,16.4,16.6,16.4,16.6,63,EQ,,,
2010-04-06,16.8,16.8,16.5,16.6,40,EQ,,,
2010-04-07,16.7,16.7,16.2,16.6,63,EQ,,,
2010-04-08,16.7,16.85,16.7,16.75,25,EQ,,,
2010-04-09,16.75,17.0,16.75,16.9,165,EQ,,,
2010-04-12,16.75,17.0,16.75,16.85,156,EQ,,,
2010-04-13,16.7,17.0,16.7,16.9,79,EQ,,,
2010-04-15,16.8,16.9,16.3,16.6,84,EQ,,,
2010-04-16,16.6,17.05,16.6,16.6,32,EQ,,,
2010-04-19,16.6,16.65,16.5,16.5,39,EQ,,,
2010-04-20,16.8,16.9,16.7,16.85,23,EQ,,,
2010-04-21,16.9,16.9,16.6,16.85,114,EQ,,,
2010-04-22,16.6,16.8,16.6,16.6,45,EQ,,,
2010-04-23,16.6,16.9,16.45,16.55,19,EQ,,,
2010-04-26,16.5,16.9,16.5,16.9,48,EQ,,,
2010-04-27,16.5,16.85,16.5,16.85,86,EQ,,,
2010-04-28,16.85,17.1,16.85,17.0,289,EQ,,,
2010-04-29,16.7,17.1,16.65,16.95,184,EQ,,,
2010-04-30,16.95,17.1,16.9,17.1,95,EQ,,,
2010-05-03,17.0,17.25,17.0,17.15,1014,EQ,,,
2010-05-04,17.0,17.5,17.0,17.35,198,EQ,,,
2010-05-05,17.1,17.25,17.1,17.25,229,EQ,,,
2010-05-06,17.75,17.75,17.25,17.3,144,EQ,,,
2010-05-07,17.6,17.9,17.5,17.85,916,EQ,,,
2010-05-10,17.65,17.9,17.0,17.4,240,EQ,,,
2010-05-11,18.0,18.0,17.6,17.9,227,EQ,,,
2010-05-12,17.95,18.4,17.9,18.15,1918,EQ,,,
2010-05-13,17.9,18.4,17.9,18.25,506,EQ,,,
2010-05-14,18.5,18.65,18.2,18.4,498,EQ,,,
2010-05-16,18.45,18.7,18.1,18.3,19922,EQ,,,
2010-05-17,15.6,18.55,15.6,18.5,2662,EQ,,,
2010-05-18,17.55,18.4,17.55,18.1,1495,EQ,,,
2010-05-19,17.9,18.45,17.9,18.35,1022,EQ,,,
2010-05-20,18.1,18.25,18.1,18.25,601,EQ,,,
2010-05-21,17.9,18.2,17.85,18.1,784,EQ,,,
2010-05-24,18.0,18.25,17.95,18.2,257,EQ,,,
2010-05-25,18.3,18.5,18.25,18.35,521,EQ,,,
2010-05-26,18.35,18.6,18.35,18.6,939,EQ,,,
2010-05-27,18.6,18.65,18.45,18.5,277,EQ,,,
2010-05-28,18.35,18.5,18.3,18.4,412,EQ,,,
2010-05-31,18.35,18.5,18.35,18.5,111,EQ,,,
2010-06-01,19.4,19.4,18.45,18.8,451,EQ,,,
2010-06-02,19.0,19.0,18.5,18.8,345,EQ,,,
2010-06-03,18.8,18.85,18.4,18.65,171,EQ,,,
2010-06-04,18.25,18.5,18.25,18.4,357,EQ,,,
2010-06-07,18.45,18.8,18.45,18.65,2336,EQ,,,
2010-06-08,18.7,19.05,18.7,19.0,3505,EQ,,,
2010-06-09,18.8,19.0,18.8,18.9,1164,EQ,,,
2010-06-10,18.9,18.9,18.6,18.7,1525,EQ,,,
2010-06-11,18.65,18.7,18.55,18.65,1282,EQ,,,
2010-06-14,18.65,18.8,18.65,18.75,564,EQ,,,
2010-06-15,18.45,18.9,18.45,18.65,373,EQ,,,
2010-06-16,18.65,18.9,18.6,18.65,365,EQ,,,
2010-06-17,18.6,18.8,18.6,18.7,321,EQ,,,
2010-06-18,18.75,18.8,18.3,18.65,1068,EQ,,,
2010-06-21,18.8,19.0,18.55,18.75,1445,EQ,,,
2010-06-22,18.5,18.75,18.5,18.65,376,EQ,,,
2010-06-23,18.65,18.75,18.65,18.7,1492,EQ,,,
2010-06-24,18.7,18.9,18.6,18.7,869,EQ,,,
2010-06-25,18.5,18.9,18.5,18.85,2408,EQ,,,
2010-06-28,18.8,19.25,18.7,19.05,4813,EQ,,,
2010-06-29,18.7,19.15,18.6,18.7,415,EQ,,,
2010-06-30,18.75,18.95,18.75,18.95,580,EQ,,,
2010-07-01,19.1,19.1,18.85,18.85,63,EQ,,,
2010-07-02,18.6,18.7,18.5,18.6,373,EQ,,,
2010-07-05,18.5,18.75,18.5,18.65,289,EQ,,,
2010-07-06,18.5,18.6,18.4,18.45,707,EQ,,,
2010-07-07,18.45,18.45,18.35,18.4,85,EQ,,,
2010-07-08,18.75,18.75,18.35,18.4,457,EQ,,,
2010-07-09,18.5,18.5,18.3,18.4,152,EQ,,,
2010-07-12,17.65,18.8,17.65,18.35,30,EQ,,,
2010-07-13,18.35,18.75,18.3,18.35,101,EQ,,,
2010-07-14,18.5,18.55,18.4,18.5,174,EQ,,,
2010-07-15,18.35,18.55,18.35,18.5,173,EQ,,,
2010-07-16,18.4,18.5,18.35,18.4,164,EQ,,,
2010-07-19,18.45,18.45,18.05,18.35,108,EQ,,,
2010-07-20,18.3,18.4,18.3,18.3,121,EQ,,,
2010-07-21,18.1,18.6,18.1,18.5,150,EQ,,,
2010-07-22,18.3,18.5,18.3,18.35,19,EQ,,,
2010-07-23,18.6,18.6,18.15,18.35,928,EQ,,,
2010-07-26,18.35,18.4,18.2,18.25,128,EQ,,,
2010-07-27,18.45,18.45,18.1,18.15,69,EQ,,,
2010-07-28,18.1,18.1,17.6,17.65,1263,EQ,,,
2010-07-29,17.65,17.95,17.65,17.9,846,EQ,,,
2010-07-30,18.0,18.0,17.7,17.9,348,EQ,,,
2010-08-02,17.85,18.5,17.85,18.0,153,EQ,,,
2010-08-03,17.95,18.1,17.8,18.1,57,EQ,,,
2010-08-04,18.35,18.35,18.1,18.2,92,EQ,,,
2010-08-05,18.25,18.25,17.9,18.2,95,EQ,,,
2010-08-06,17.9,18.3,17.9,18.2,169,EQ,,,
2010-08-09,18.05,18.5,18.05,18.2,85,EQ,,,
2010-08-10,18.05,18.3,18.05,18.2,54,EQ,,,
2010-08-11,18.2,18.2,18.0,18.1,598,EQ,,,
2010-08-12,18.15,18.45,18.15,18.45,767,EQ,,,
2010-08-13,18.5,18.55,18.45,18.55,1818,EQ,,,
2010-08-16,18.6,18.8,18.5,18.75,294,EQ,,,
2010-08-17,18.6,18.75,18.6,18.7,205,EQ,,,
2010-08-18,18.65,18.8,18.65,18.7,95,EQ,,,
2010-08-19,18.55,18.7,18.4,18.7,260,EQ,,,
2010-08-20,18.8,18.8,18.6,18.7,362,EQ,,,
2010-08-23,18.1,18.9,18.1,18.65,223,EQ,,,
2010-08-24,18.65,18.75,18.5,18.55,47,EQ,,,
2010-08-25,18.65,18.9,18.65,18.85,1307,EQ,,,
2010-08-26,18.85,18.95,18.75,18.9,1408,EQ,,,
2010-08-27,18.95,19.0,18.8,18.9,273,EQ,,,
2010-08-30,18.25,19.0,18.25,18.9,1378,EQ,,,
2010-08-31,19.25,19.25,18.85,19.0,41,EQ,,,
2010-09-01,19.15,19.5,19.05,19.1,195,EQ,,,
2010-09-02,19.45,19.45,19.1,19.2,103,EQ,,,
2010-09-03,18.85,19.3,18.85,19.2,228,EQ,,,
2010-09-06,19.25,19.25,18.95,18.95,84,EQ,,,
2010-09-07,19.15,19.15,18.95,19.1,348,EQ,,,
2010-09-08,19.1,19.25,19.1,19.15,515,EQ,,,
2010-09-09,19.15,19.2,19.05,19.15,66,EQ,,,
2010-09-13,19.25,19.25,18.9,18.95,98,EQ,,,
2010-09-14,19.1,19.1,18.95,19.0,82,EQ,,,
2010-09-15,19.25,19.5,19.05,19.2,114,EQ,,,
2010-09-16,19.1,19.2,19.1,19.2,49,EQ,,,
2010-09-17,19.0,19.3,19.0,19.2,79,EQ,,,
2010-09-20,19.1,19.2,19.1,19.2,116,EQ,,,
2010-09-21,19.15,19.3,19.1,19.3,107,EQ,,,
2010-09-22,19.1,19.4,19.0,19.35,243,EQ,,,
2010-09-23,19.15,19.3,19.15,19.25,153,EQ,,,
2010-09-24,19.25,19.4,19.25,19.35,262,EQ,,,
2010-09-27,19.3,19.55,19.0,19.2,392,EQ,,,
2010-09-28,19.2,19.2,19.05,19.15,148,EQ,,,
2010-09-29,19.2,19.5,19.1,19.2,54,EQ,,,
2010-09-30,19.2,19.3,19.2,19.2,198,EQ,,,
2010-10-01,19.3,19.35,19.05,19.1,1162,EQ,,,
2010-10-04,19.3,19.3,19.15,19.2,70,EQ,,,
2010-10-05,19.2,19.3,19.1,19.3,314,EQ,,,
2010-10-06,19.4,19.5,19.3,19.4,208,EQ,,,
2010-10-07,19.55,19.65,19.5,19.6,225,EQ,,,
2010-10-08,19.5,19.5,19.15,19.25,210,EQ,,,
2010-10-11,19.4,19.6,19.35,19.5,65,EQ,,,
2010-10-12,19.7,19.8,19.45,19.55,197,EQ,,,
2010-10-13,19.85,19.85,19.5,19.55,278,EQ,,,
2010-10-14,19.7,20.2,19.7,20.05,1053,EQ,,,
2010-10-15,19.7,19.9,19.7,19.75,145,EQ,,,
2010-10-18,19.7,19.9,19.25,19.6,236,EQ,,,
2010-10-19,19.7,19.9,19.6,19.7,163,EQ,,,
2010-10-20,19.6,19.65,19.5,19.6,139,EQ,,,
2010-10-21,19.4,19.95,19.4,19.55,308,EQ,,,
2010-10-22,19.55,19.55,19.25,19.3,108,EQ,,,
2010-10-25,19.65,20.0,19.5,19.6,358,EQ,,,
2010-10-26,19.4,19.85,19.4,19.45,81,EQ,,,
2010-10-27,19.2,19.7,19.2,19.65,82,EQ,,,
2010-10-28,19.5,19.5,19.25,19.25,45,EQ,,,
2010-10-29,19.4,19.5,19.35,19.35,73,EQ,,,
2010-11-01,19.9,19.9,19.45,19.8,58,EQ,,,
2010-11-02,20.0,20.0,19.4,19.75,109,EQ,,,
2010-11-03,19.6,19.8,19.5,19.7,1155,EQ,,,
2010-11-04,20.0,20.0,19.7,19.75,125,EQ,,,
2010-11-05,19.8,20.4,19.25,19.85,351,EQ,,,
2010-11-08,20.0,20.25,19.35,19.95,239,EQ,,,
2010-11-09,19.75,20.35,19.75,20.25,485,EQ,,,
2010-11-10,19.95,20.2,19.95,20.2,173,EQ,,,
2010-11-11,20.0,20.3,20.0,20.15,249,EQ,,,
2010-11-12,19.75,20.2,19.75,20.05,105,EQ,,,
2010-11-15,17.85,20.2,17.85,19.9,517,EQ,,,
2010-11-16,19.8,19.9,19.8,19.9,72,EQ,,,
2010-11-18,20.1,20.1,19.75,20.0,123,EQ,,,
2010-11-19,20.2,20.2,19.75,20.05,57,EQ,,,
2010-11-22,20.1,20.1,19.8,20.0,132,EQ,,,
2010-11-23,20.0,20.4,19.95,20.2,209,EQ,,,
2010-11-24,20.05,20.5,20.05,20.45,576,EQ,,,
2010-11-25,20.0,20.45,20.0,20.15,21,EQ,,,
2010-11-26,20.15,20.4,20.05,20.35,171,EQ,,,
2010-11-29,20.15,20.35,20.15,20.3,170,EQ,,,
2010-11-30,20.35,20.45,20.1,20.45,255,EQ,,,
2010-12-01,20.35,20.7,20.35,20.45,143,EQ,,,
2010-12-02,20.6,20.6,20.3,20.4,102,EQ,,,
2010-12-03,20.6,20.6,20.35,20.35,35,EQ,,,
2010-12-06,20.8,20.8,20.5,20.65,195,EQ,,,
2010-12-07,20.7,20.9,20.55,20.9,88,EQ,,,
2010-12-08,20.1,20.65,20.1,20.4,272,EQ,,,
2010-12-09,20.65,20.65,20.3,20.4,286,EQ,,,
2010-12-10,20.65,20.65,20.3,20.3,53,EQ,,,
2010-12-13,20.5,20.5,20.35,20.4,41,EQ,,,
2010-12-14,20.35,20.55,20.35,20.5,46,EQ,,,
2010-12-15,20.3,20.5,20.3,20.5,56,EQ,,,
2010-12-16,20.5,20.5,20.35,20.35,22,EQ,,,
2010-12-20,20.25,20.6,20.25,20.35,29,EQ,,,
2010-12-21,20.5,20.55,20.3,20.35,43,EQ,,,
2010-12-22,20.55,20.55,20.3,20.35,73,EQ,,,
2010-12-23,20.45,20.45,20.25,20.25,22,EQ,,,
2010-12-24,20.25,20.4,20.05,20.35,70,EQ,,,
2010-12-27,20.45,20.45,20.25,20.4,11,EQ,,,
2010-12-28,20.55,20.55,20.3,20.4,58,EQ,,,
2010-12-29,20.5,20.7,20.5,20.7,234,EQ,,,
2010-12-30,20.55,20.85,20.55,20.85,94,EQ,,,
2010-12-31,20.8,20.8,20.45,20.55,69,EQ,,,
2011-01-03,21.0,21.0,20.25,20.65,75,EQ,,,
2011-01-04,20.6,20.7,20.5,20.55,29,EQ,,,
2011-01-05,20.55,20.55,20.15,20.45,148,EQ,,,
2011-01-06,20.4,20.55,20.25,20.25,215,EQ,,,
2011-01-07,20.55,20.55,20.1,20.25,313,EQ,,,
2011-01-10,20.2,20.65,20.2,20.3,108,EQ,,,
2011-01-11,20.45,20.5,20.3,20.35,184,EQ,,,
2011-01-12,20.25,20.4,20.25,20.3,149,EQ,,,
2011-01-13,20.25,20.5,20.25,20.35,30,EQ,,,
2011-01-14,20.35,20.5,20.2,20.25,176,EQ,,,
2011-01-17,20.25,20.35,20.05,20.1,95,EQ,,,
2011-01-18,20.35,20.5,20.05,20.4,139,EQ,,,
2011-01-19,20.2,20.4,20.2,20.25,19,EQ,,,
2011-01-20,20.95,20.95,20.25,20.4,95,EQ,,,
2011-01-21,20.2,20.2,20.1,20.1,117,EQ,,,
2011-01-24,20.45,20.45,20.0,20.05,58,EQ,,,
2011-01-25,20.0,20.0,19.85,20.0,103,EQ,,,
2011-01-27,20.35,20.35,19.8,20.0,29,EQ,,,
2011-01-28,19.35,19.85,19.35,19.8,148,EQ,,,
2011-01-31,20.4,20.4,19.95,20.0,58,EQ,,,
2011-02-01,19.9,20.1,19.9,20.05,21,EQ,,,
2011-02-02,20.35,20.35,19.9,19.9,121,EQ,,,
2011-02-03,20.05,20.05,19.8,19.85,210,EQ,,,
2011-02-04,20.1,20.1,19.9,19.95,18,EQ,,,
2011-02-07,19.95,20.1,19.95,20.1,25,EQ,,,
2011-02-08,20.25,20.25,19.9,19.95,91,EQ,,,
2011-02-09,20.3,20.3,19.8,20.1,29,EQ,,,
2011-02-10,20.0,20.15,20.0,20.1,109,EQ,,,
2011-02-11,19.9,20.4,19.9,20.05,56,EQ,,,
2011-02-14,19.95,20.2,19.95,20.2,142,EQ,,,
2011-02-15,20.0,20.3,20.0,20.1,121,EQ,,,
2011-02-16,19.9,20.45,19.9,20.1,55,EQ,,,
2011-02-17,20.35,20.7,20.35,20.7,50,EQ,,,
2011-02-18,20.6,20.6,20.25,20.25,83,EQ,,,
2011-02-21,20.3,20.6,20.3,20.5,164,EQ,,,
2011-02-22,20.7,21.35,20.45,20.5,132,EQ,,,
2011-02-23,20.65,20.75,20.4,20.55,68,EQ,,,
2011-02-24,20.6,21.0,20.6,20.85,116,EQ,,,
2011-02-25,20.85,20.85,20.45,20.6,175,EQ,,,
2011-02-28,20.65,20.95,20.6,20.75,227,EQ,,,
2011-03-01,20.75,21.0,20.5,20.8,106,EQ,,,
2011-03-03,21.65,21.65,20.65,21.05,339,EQ,,,
2011-03-04,20.65,21.0,20.65,20.7,201,EQ,,,
2011-03-07,21.1,21.1,20.9,20.95,64,EQ,,,
2011-03-08,20.95,21.0,20.7,21.0,56,EQ,,,
2011-03-09,21.0,21.0,20.8,21.0,73,EQ,,,
2011-03-10,21.15,24.75,20.8,21.05,370,EQ,,,
2011-03-11,20.95,20.95,20.7,20.75,95,EQ,,,
2011-03-14,20.75,21.0,20.75,20.9,217,EQ,,,
2011-03-15,20.65,20.9,20.65,20.9,51,EQ,,,
2011-03-16,20.65,20.85,20.5,20.7,47,EQ,,,
2011-03-17,20.5,20.55,20.4,20.4,70,EQ,,,
2011-03-18,20.6,20.65,20.5,20.6,37,EQ,,,
2011-03-21,20.7,21.0,20.7,20.75,37,EQ,,,
2011-03-22,20.9,20.9,20.75,20.75,92,EQ,,,
2011-03-23,20.85,21.0,20.65,21.0,202,EQ,,,
2011-03-24,21.1,21.1,20.75,21.0,107,EQ,,,
2011-03-25,20.65,20.95,20.65,20.7,96,EQ,,,
2011-03-28,20.7,21.0,20.6,20.7,96,EQ,,,
2011-03-29,20.6,20.6,20.55,20.55,16,EQ,,,
2011-03-30,20.6,20.8,20.6,20.75,34,EQ,,,
2011-03-31,20.8,20.9,20.55,20.6,51,EQ,,,
2011-04-01,20.55,20.95,20.55,20.95,27,EQ,,,
2011-04-04,20.95,21.25,20.6,20.8,349,EQ,,,
2011-04-05,20.8,21.2,20.8,20.85,47,EQ,,,
2011-04-06,20.9,20.95,20.85,20.9,77,EQ,,,
2011-04-07,20.9,20.95,20.8,20.9,294,EQ,,,
2011-04-08,20.95,20.95,20.95,20.95,115,EQ,,,
2011-04-11,21.5,21.5,21.0,21.0,59,EQ,,,
2011-04-13,21.1,21.1,20.9,21.05,96,EQ,,,
2011-04-15,21.1,21.3,21.1,21.3,83,EQ,,,
2011-04-18,21.1,21.75,21.1,21.25,60,EQ,,,
2011-04-19,21.1,21.6,21.1,21.5,98,EQ,,,
2011-04-20,21.3,21.7,21.3,21.6,132,EQ,,,
2011-04-21,21.65,21.7,21.45,21.5,62,EQ,,,
2011-04-25,21.7,21.95,21.65,21.85,211,EQ,,,
2011-04-26,21.8,21.9,21.5,21.7,100,EQ,,,
2011-04-27,21.95,22.0,21.65,21.75,119,EQ,,,
2011-04-28,22.0,22.25,21.9,22.1,181,EQ,,,
2011-04-29,22.25,22.25,22.0,22.2,95,EQ,,,
2011-05-02,22.4,22.7,22.3,22.45,184,EQ,,,
2011-05-03,22.7,22.7,22.3,22.3,259,EQ,,,
2011-05-04,22.3,22.9,22.25,22.35,10210,EQ,,,
2011-05-05,22.4,22.5,21.9,21.95,112513,EQ,,,
2011-05-06,21.8,22.15,21.3,21.75,153235,EQ,,,
2011-05-09,21.0,21.75,20.75,21.75,8524,EQ,,,
2011-05-10,21.6,21.85,21.6,21.85,9437,EQ,,,
2011-05-11,21.85,21.95,21.85,21.9,11119,EQ,,,
2011-05-12,21.85,21.85,21.5,21.55,5636,EQ,,,
2011-05-13,21.35,21.9,20.85,21.85,9127,EQ,,,
2011-05-16,21.8,21.85,21.6,21.8,5038,EQ,,,
2011-05-17,21.65,21.8,21.65,21.8,1868,EQ,,,
2011-05-18,21.75,21.8,21.7,21.7,1490,EQ,,,
2011-05-19,21.85,21.85,21.6,21.65,3585,EQ,,,
2011-05-20,20.7,21.85,20.7,21.85,2474,EQ,,,
2011-05-23,21.85,22.0,21.85,21.95,6627,EQ,,,
2011-05-24,21.9,22.1,21.9,22.1,4805,EQ,,,
2011-05-25,22.15,22.25,22.15,22.15,3613,EQ,,,
2011-05-26,22.1,22.25,22.05,22.1,1503,EQ,,,
2011-05-27,21.1,22.2,21.1,22.2,2241,EQ,,,
2011-05-30,22.1,22.25,22.1,22.25,1513,EQ,,,
2011-05-31,22.15,22.4,22.1,22.4,2935,EQ,,,
2011-06-01,22.2,22.35,22.15,22.2,259,EQ,,,
2011-06-02,22.25,22.35,22.2,22.25,1012,EQ,,,
2011-06-03,22.15,22.25,22.15,22.2,221,EQ,,,
2011-06-06,22.4,22.4,22.2,22.25,539,EQ,,,
2011-06-07,22.25,22.4,22.25,22.4,1137,EQ,,,
2011-06-08,22.5,22.5,22.2,22.2,340,EQ,,,
2011-06-09,22.2,22.45,22.15,22.2,535,EQ,,,
2011-06-10,22.15,22.4,22.15,22.3,724,EQ,,,
2011-06-13,22.45,22.45,22.1,22.2,386,EQ,,,
2011-06-14,22.2,22.2,22.0,22.0,166,EQ,,,
2011-06-15,22.05,22.1,21.95,21.95,544,EQ,,,
2011-06-16,22.0,22.2,22.0,22.1,1216,EQ,,,
2011-06-17,21.1,22.15,21.1,22.15,527,EQ,,,
2011-06-20,22.2,22.4,22.15,22.35,617,EQ,,,
2011-06-21,22.35,22.4,22.25,22.35,223,EQ,,,
2011-06-22,22.25,22.45,22.25,22.3,613,EQ,,,
2011-06-23,22.3,22.45,22.25,22.3,602,EQ,,,
2011-06-24,21.8,22.4,21.8,22.35,455,EQ,,,
2011-06-27,22.35,22.4,21.9,22.0,290,EQ,,,
2011-06-28,22.0,22.0,21.85,21.95,95,EQ,,,
2011-06-29,21.8,22.0,21.8,22.0,126,EQ,,,
2011-06-30,22.0,22.0,21.85,21.95,79,EQ,,,
2011-07-01,21.85,21.9,21.65,21.7,323,EQ,,,
2011-07-04,21.7,21.7,21.55,21.55,281,EQ,,,
2011-07-05,21.8,21.8,21.65,21.7,131,EQ,,,
2011-07-06,21.9,22.05,21.75,21.9,309,EQ,,,
2011-07-07,21.95,22.05,21.9,21.95,158,EQ,,,
2011-07-08,21.95,22.15,21.85,21.9,255,EQ,,,
2011-07-11,22.0,22.2,22.0,22.2,491,EQ,,,
2011-07-12,22.1,22.4,22.1,22.35,866,EQ,,,
2011-07-13,22.35,22.6,22.35,22.55,658,EQ,,,
2011-07-14,22.5,22.85,22.5,22.75,811,EQ,,,
2011-07-15,22.6,22.7,22.55,22.65,176,EQ,,,
2011-07-18,22.8,23.0,22.8,23.0,852,EQ,,,
2011-07-19,22.9,23.1,22.9,23.1,992,EQ,,,
2011-07-20,22.9,23.05,22.8,23.0,229,EQ,,,
2011-07-21,23.1,23.1,22.95,22.95,85,EQ,,,
2011-07-22,22.75,22.95,22.55,22.9,75,EQ,,,
2011-07-25,23.0,23.5,23.0,23.05,375,EQ,,,
2011-07-26,23.0,23.25,22.95,23.05,148,EQ,,,
2011-07-27,23.0,23.1,22.9,23.0,52,EQ,,,
2011-07-28,22.9,23.05,22.8,22.95,189,EQ,,,
2011-07-29,23.15,23.15,22.85,22.95,137,EQ,,,
2011-08-01,23.15,23.15,22.9,22.95,272,EQ,,,
2011-08-02,23.0,23.25,23.0,23.1,127,EQ,,,
2011-08-03,23.2,23.9,23.2,23.7,632,EQ,,,
2011-08-04,23.75,23.9,23.7,23.8,377,EQ,,,
2011-08-05,22.7,24.0,22.7,23.9,708,EQ,,,
2011-08-08,24.0,25.2,24.0,24.8,1102,EQ,,,
2011-08-09,25.25,27.8,25.25,25.7,924,EQ,,,
2011-08-10,27.9,27.9,25.05,25.5,606,EQ,,,
2011-08-11,25.05,26.45,25.05,26.2,898,EQ,,,
2011-08-12,26.2,26.2,25.6,25.75,384,EQ,,,
2011-08-16,25.75,26.05,25.75,25.95,241,EQ,,,
2011-08-17,26.0,26.25,26.0,26.15,225,EQ,,,
2011-08-18,26.3,26.95,26.15,26.4,353,EQ,,,
2011-08-19,26.5,27.9,26.5,27.8,1041,EQ,,,
2011-08-22,28.3,28.85,27.8,27.95,1142,EQ,,,
2011-08-23,28.5,28.85,27.5,27.75,1937,EQ,,,
2011-08-24,27.75,27.75,27.0,27.15,908,EQ,,,
2011-08-25,26.5,26.5,25.4,25.5,997,EQ,,,
2011-08-26,26.05,26.6,26.05,26.55,574,EQ,,,
2011-08-29,26.65,27.1,26.65,26.85,652,EQ,,,
2011-08-30,26.75,26.75,26.2,26.7,387,EQ,,,
2011-09-02,26.9,28.3,26.75,27.4,636,EQ,,,
2011-09-05,27.95,28.1,27.7,28.05,558,EQ,,,
2011-09-06,28.45,28.5,27.8,27.95,733,EQ,,,
2011-09-07,27.95,27.95,27.15,27.45,802,EQ,,,
2011-09-08,27.15,27.75,27.1,27.45,253,EQ,,,
2011-09-09,27.7,28.1,27.7,27.9,3051,EQ,,,
2011-09-12,27.9,28.05,27.7,27.9,1507,EQ,,,
2011-09-13,27.85,27.85,27.55,27.7,229,EQ,,,
2011-09-14,28.1,28.1,27.85,28.0,325,EQ,,,
2011-09-15,27.85,27.9,27.65,27.8,186,EQ,,,
2011-09-16,27.7,27.7,26.85,27.2,634,EQ,,,
2011-09-19,27.65,28.0,27.65,27.95,463,EQ,,,
2011-09-20,27.95,27.95,27.5,27.65,250,EQ,,,
2011-09-21,27.7,28.0,27.7,27.95,282,EQ,,,
2011-09-22,27.95,28.3,27.7,27.9,573,EQ,,,
2011-09-23,26.65,27.8,26.65,27.45,378,EQ,,,
2011-09-26,26.6,26.6,25.3,26.05,1140,EQ,,,
2011-09-27,26.75,26.75,26.1,26.5,596,EQ,,,
2011-09-28,25.65,26.55,25.65,26.2,684,EQ,,,
2011-09-29,26.0,26.0,25.5,25.8,279,EQ,,,
2011-09-30,25.1,26.2,25.1,25.95,157,EQ,,,
2011-10-03,26.0,26.3,26.0,26.2,300,EQ,,,
2011-10-04,26.55,26.8,26.25,26.55,147,EQ,,,
2011-10-05,26.25,26.25,25.65,25.9,411,EQ,,,
2011-10-07,26.15,26.4,26.0,26.05,219,EQ,,,
2011-10-10,26.0,26.9,26.0,26.45,207,EQ,,,
2011-10-11,26.9,26.9,26.2,26.3,333,EQ,,,
2011-10-12,26.7,26.7,26.35,26.55,60,EQ,,,
2011-10-13,26.55,26.6,26.4,26.4,127,EQ,,,
2011-10-14,25.2,26.6,25.2,26.6,91,EQ,,,
2011-10-17,26.9,26.9,26.45,26.55,146,EQ,,,
2011-10-18,26.65,26.75,26.2,26.3,214,EQ,,,
2011-10-19,26.05,26.45,26.05,26.1,205,EQ,,,
2011-10-20,26.0,26.2,25.55,26.05,1067,EQ,,,
2011-10-21,26.1,26.45,26.1,26.3,1251,EQ,,,
2011-10-24,26.4,27.3,26.4,26.65,43800,EQ,,,
2011-10-25,26.5,26.8,26.4,26.5,7081,EQ,,,
2011-10-26,26.85,27.0,26.65,26.95,11068,EQ,,,
2011-10-28,26.95,27.2,26.85,27.15,11135,EQ,,,
2011-10-31,26.85,26.85,26.35,26.7,1237,EQ,,,
2011-11-01,26.7,26.95,26.7,26.85,1378,EQ,,,
2011-11-02,26.95,27.2,26.95,27.2,3448,EQ,,,
2011-11-03,27.2,27.45,27.0,27.4,3371,EQ,,,
2011-11-04,27.4,27.65,27.4,27.6,1797,EQ,,,
2011-11-08,27.5,28.35,27.5,28.25,3082,EQ,,,
2011-11-09,28.15,28.4,28.1,28.2,740,EQ,,,
2011-11-11,28.1,28.25,27.7,28.2,723,EQ,,,
2011-11-14,28.1,28.7,28.1,28.5,853,EQ,,,
2011-11-15,28.6,28.6,28.35,28.5,534,EQ,,,
2011-11-16,28.8,28.8,28.3,28.55,419,EQ,,,
2011-11-17,28.25,28.7,28.25,28.5,424,EQ,,,
2011-11-18,28.2,28.25,27.9,28.2,427,EQ,,,
2011-11-21,28.15,28.6,28.15,28.3,200,EQ,,,
2011-11-22,28.0,28.3,28.0,28.1,265,EQ,,,
2011-11-23,28.15,28.5,28.15,28.3,172,EQ,,,
2011-11-24,28.0,28.6,28.0,28.2,276,EQ,,,
2011-11-25,28.3,28.4,28.0,28.1,209,EQ,,,
2011-11-28,28.15,28.45,28.15,28.45,401,EQ,,,
2011-11-29,28.55,28.55,28.2,28.3,324,EQ,,,
2011-11-30,28.45,28.75,28.35,28.45,332,EQ,,,
2011-12-01,28.55,28.75,28.5,28.75,568,EQ,,,
2011-12-02,28.5,28.9,28.45,28.85,117,EQ,,,
2011-12-05,28.8,28.9,28.65,28.65,125,EQ,,,
2011-12-07,28.65,28.8,28.5,28.65,193,EQ,,,
2011-12-08,28.8,28.9,28.7,28.9,565,EQ,,,
2011-12-09,28.7,28.85,28.4,28.75,98,EQ,,,
2011-12-12,28.8,28.8,28.45,28.5,127,EQ,,,
2011-12-13,28.4,28.6,28.3,28.35,359,EQ,,,
2011-12-14,28.3,28.35,28.1,28.2,505,EQ,,,
2011-12-15,27.9,27.9,27.3,27.35,358,EQ,,,
2011-12-16,27.0,27.2,26.8,27.05,635,EQ,,,
2011-12-19,27.05,27.3,26.95,27.15,148,EQ,,,
2011-12-20,27.1,27.35,27.0,27.1,245,EQ,,,
2011-12-21,27.6,27.7,27.2,27.5,223,EQ,,,
2011-12-22,27.45,27.45,27.1,27.3,314,EQ,,,
2011-12-23,27.45,27.45,27.2,27.25,60,EQ,,,
2011-12-26,27.3,27.45,27.15,27.35,198,EQ,,,
2011-12-27,27.15,27.7,27.05,27.3,278,EQ,,,
2011-12-28,27.2,27.3,27.15,27.2,65,EQ,,,
2011-12-29,27.1,27.1,26.6,26.7,563,EQ,,,
2011-12-30,26.8,26.95,26.65,26.75,298,EQ,,,
2012-01-02,26.7,27.3,26.55,26.95,189,EQ,,,
2012-01-03,27.4,27.4,27.0,27.0,68,EQ,,,
2012-01-04,27.4,27.4,27.1,27.35,887,EQ,,,
2012-01-05,27.4,27.6,27.4,27.4,175,EQ,,,
2012-01-06,27.7,27.7,27.4,27.5,176,EQ,,,
2012-01-07,27.65,27.65,27.2,27.55,108,EQ,,,
2012-01-09,27.25,27.7,27.25,27.6,112,EQ,,,
2012-01-10,27.35,27.4,27.2,27.3,158,EQ,,,
2012-01-11,27.2,27.5,27.2,27.3,99,EQ,,,
2012-01-12,27.25,27.45,27.25,27.25,86,EQ,,,
2012-01-13,27.2,27.5,27.05,27.3,158,EQ,,,
2012-01-16,27.35,27.4,27.2,27.2,112,EQ,,,
2012-01-17,27.35,27.4,27.1,27.35,298,EQ,,,
2012-01-18,27.3,27.3,27.1,27.15,255,EQ,,,
2012-01-19,27.25,27.25,26.9,27.2,58,EQ,,,
2012-01-20,27.25,27.4,26.95,27.05,101,EQ,,,
2012-01-23,27.4,27.4,27.0,27.15,250,EQ,,,
2012-01-24,27.2,27.7,26.9,27.1,166,EQ,,,
2012-01-25,27.25,27.25,26.9,27.0,99,EQ,,,
2012-01-27,27.2,27.5,27.2,27.45,135,EQ,,,
2012-01-30,28.65,28.65,27.4,27.5,147,EQ,,,
2012-01-31,28.4,28.4,27.65,27.8,260,EQ,,,
2012-02-01,28.0,28.0,27.8,27.9,126,EQ,,,
2012-02-02,27.35,27.95,27.35,27.8,136,EQ,,,
2012-02-03,28.0,28.0,27.6,27.65,161,EQ,,,
2012-02-06,27.65,27.8,27.25,27.3,191,EQ,,,
2012-02-07,27.8,27.8,27.3,27.3,96,EQ,,,
2012-02-08,26.8,27.8,26.8,27.7,66,EQ,,,
2012-02-09,27.45,27.85,27.45,27.65,221,EQ,,,
2012-02-10,27.6,27.7,27.5,27.6,175,EQ,,,
2012-02-13,27.6,27.6,27.45,27.55,66,EQ,,,
2012-02-14,27.4,27.55,27.35,27.4,38,EQ,,,
2012-02-15,27.35,27.6,27.35,27.4,148,EQ,,,
2012-02-16,27.75,27.8,27.4,27.4,224,EQ,,,
2012-02-17,27.4,27.7,27.4,27.65,118,EQ,,,
2012-02-21,27.5,27.85,27.5,27.7,187,EQ,,,
2012-02-22,27.8,27.95,27.75,27.75,181,EQ,,,
2012-02-23,28.1,28.3,28.0,28.25,207,EQ,,,
2012-02-24,28.0,28.3,27.95,28.2,157,EQ,,,
2012-02-27,27.8,28.25,27.8,28.1,57,EQ,,,
2012-02-28,27.95,28.4,27.95,28.1,38,EQ,,,
2012-02-29,28.35,28.35,28.0,28.0,21,EQ,,,
2012-03-01,27.3,28.0,27.3,27.65,127,EQ,,,
2012-03-02,27.85,28.0,27.5,27.8,84,EQ,,,
2012-03-03,27.85,27.85,27.6,27.65,69,EQ,,,
2012-03-05,28.0,28.0,27.3,27.35,169,EQ,,,
2012-03-06,27.8,27.8,27.4,27.45,6,EQ,,,
2012-03-07,27.6,27.6,27.4,27.5,56,EQ,,,
2012-03-09,27.5,27.85,27.4,27.5,99,EQ,,,
2012-03-12,27.45,27.7,27.45,27.6,61,EQ,,,
2012-03-13,27.4,27.6,27.4,27.55,154,EQ,,,
2012-03-14,27.6,27.6,27.1,27.15,6152,EQ,,,
2012-03-15,27.2,27.4,26.9,27.25,159,EQ,,,
2012-03-16,27.4,27.75,27.25,27.5,52,EQ,,,
2012-03-19,27.5,27.5,27.35,27.5,120,EQ,,,
2012-03-20,27.4,27.5,27.15,27.2,135,EQ,,,
2012-03-21,27.2,27.4,27.2,27.3,103,EQ,,,
2012-03-22,27.3,27.5,27.25,27.35,178,EQ,,,
2012-03-23,27.9,27.9,27.35,27.5,96,EQ,,,
2012-03-26,27.4,27.65,27.4,27.55,177,EQ,,,
2012-03-27,28.0,28.0,27.6,27.85,168,EQ,,,
2012-03-28,27.55,27.9,27.45,27.65,286,EQ,,,
2012-03-29,27.45,27.7,27.4,27.55,54,EQ,,,
2012-03-30,28.3,28.3,27.5,27.55,192,EQ,,,
2012-04-02,27.6,27.8,27.5,27.55,2585,EQ,,,
2012-04-03,27.6,27.9,27.6,27.8,1743,EQ,,,
2012-04-04,27.75,27.95,27.45,27.5,71,EQ,,,
2012-04-09,27.45,27.75,27.45,27.65,60,EQ,,,
2012-04-10,27.5,27.8,27.5,27.7,27,EQ,,,
2012-04-11,27.75,27.95,27.7,27.9,202,EQ,,,
2012-04-12,28.0,28.0,27.65,27.65,106,EQ,,,
2012-04-13,28.15,28.15,27.8,27.85,318,EQ,,,
2012-04-16,27.85,28.0,27.65,28.0,295,EQ,,,
2012-04-17,28.0,28.0,27.7,27.8,19,EQ,,,
2012-04-18,28.0,28.0,27.7,27.95,304,EQ,,,
2012-04-19,27.95,28.2,27.8,27.95,76,EQ,,,
2012-04-20,28.4,28.4,27.9,28.25,341,EQ,,,
2012-04-23,27.95,28.55,27.95,28.3,239,EQ,,,
2012-04-24,28.4,29.0,28.4,28.65,50817,EQ,,,
2012-04-25,28.4,28.5,28.0,28.25,2135,EQ,,,
2012-04-26,28.3,28.55,28.2,28.45,1609,EQ,,,
2012-04-27,28.5,28.6,28.25,28.5,1509,EQ,,,
2012-04-28,28.25,28.65,28.25,28.6,339,EQ,,,
2012-04-30,28.75,28.75,28.55,28.6,1230,EQ,,,
2012-05-02,28.6,28.75,28.5,28.65,3096,EQ,,,
2012-05-03,28.6,28.9,28.6,28.85,1484,EQ,,,
2012-05-04,28.6,28.9,28.6,28.75,1025,EQ,,,
2012-05-07,28.75,28.8,28.5,28.7,443,EQ,,,
2012-05-08,28.25,28.5,28.25,28.5,443,EQ,,,
2012-05-09,28.0,28.4,28.0,28.1,179,EQ,,,
2012-05-10,28.15,28.15,27.9,27.95,383,EQ,,,
2012-05-11,27.8,28.2,27.8,27.9,112,EQ,,,
2012-05-14,27.95,28.0,27.7,27.75,415,EQ,,,
2012-05-15,27.4,27.9,27.4,27.8,1611,EQ,,,
2012-05-16,27.5,27.65,27.15,27.5,5269,EQ,,,
2012-05-17,27.45,27.95,27.45,27.75,167,EQ,,,
2012-05-18,28.7,28.7,28.1,28.25,386,EQ,,,
2012-05-21,28.5,28.6,28.2,28.55,203,EQ,,,
2012-05-22,28.5,28.65,28.4,28.4,623,EQ,,,
2012-05-23,28.4,28.6,28.2,28.6,387,EQ,,,
2012-05-24,28.45,28.7,28.45,28.55,1260,EQ,,,
2012-05-25,28.45,28.5,28.15,28.3,59,EQ,,,
2012-05-28,28.5,28.7,28.35,28.65,265,EQ,,,
2012-05-29,28.65,28.75,28.45,28.6,412,EQ,,,
2012-05-30,28.65,28.65,28.25,28.5,204,EQ,,,
2012-05-31,28.4,28.85,28.4,28.7,764,EQ,,,
2012-06-01,28.3,28.85,28.3,28.4,127,EQ,,,
2012-06-04,28.85,29.3,28.8,29.25,1930,EQ,,,
2012-06-05,29.0,29.5,28.9,29.2,245,EQ,,,
2012-06-06,29.1,29.35,29.1,29.2,187,EQ,,,
2012-06-07,28.65,29.25,28.65,29.0,295,EQ,,,
2012-06-08,29.0,29.0,28.05,28.55,827,EQ,,,
2012-06-11,28.95,29.1,28.6,28.95,708,EQ,,,
2012-06-12,28.6,29.25,28.6,29.1,114,EQ,,,
2012-06-13,29.15,29.45,29.15,29.3,158,EQ,,,
2012-06-14,29.3,29.6,29.25,29.45,313,EQ,,,
2012-06-15,29.5,29.6,29.35,29.4,152,EQ,,,
2012-06-18,29.25,29.6,29.15,29.45,1106,EQ,,,
2012-06-19,29.65,29.8,29.55,29.65,378,EQ,,,
2012-06-20,29.55,29.8,29.45,29.7,143,EQ,,,
2012-06-21,29.7,29.9,29.35,29.45,184,EQ,,,
2012-06-22,29.2,29.4,29.1,29.3,86,EQ,,,
2012-06-25,29.3,29.5,29.15,29.45,106,EQ,,,
2012-06-26,29.5,29.65,29.5,29.65,105,EQ,,,
2012-06-27,29.3,29.5,29.3,29.4,121,EQ,,,
2012-06-28,29.4,29.5,29.3,29.35,135,EQ,,,
2012-06-29,29.2,29.2,28.9,29.05,189,EQ,,,
2012-07-02,29.5,29.5,29.0,29.15,137,EQ,,,
2012-07-03,29.05,29.25,29.0,29.05,246,EQ,,,
2012-07-04,29.0,29.15,28.95,29.0,194,EQ,,,
2012-07-05,29.05,29.3,28.7,29.1,114,EQ,,,
2012-07-06,29.0,29.25,29.0,29.0,116,EQ,,,
2012-07-09,29.25,29.3,29.0,29.15,63,EQ,,,
2012-07-10,29.05,29.2,28.9,28.95,203,EQ,,,
2012-07-11,28.9,28.95,28.65,28.75,178,EQ,,,
2012-07-12,29.0,29.0,28.65,28.7,83,EQ,,,
2012-07-13,28.7,28.7,28.6,28.7,49,EQ,,,
2012-07-16,29.0,29.0,28.55,28.75,130,EQ,,,
2012-07-17,28.6,28.85,28.6,28.75,61,EQ,,,
2012-07-18,28.75,28.75,28.55,28.6,18,EQ,,,
2012-07-19,28.6,28.85,28.6,28.65,40,EQ,,,
2012-07-20,28.65,28.75,28.6,28.6,33,EQ,,,
2012-07-23,28.9,28.9,28.65,28.8,41,EQ,,,
2012-07-24,29.0,29.0,28.7,28.9,249,EQ,,,
2012-07-25,28.65,29.25,28.65,29.1,556,EQ,,,
2012-07-26,29.0,29.4,29.0,29.35,302,EQ,,,
2012-07-27,28.75,29.5,28.75,29.45,713,EQ,,,
2012-07-30,28.9,29.45,28.9,29.15,44,EQ,,,
2012-07-31,29.15,29.5,29.15,29.35,146,EQ,,,
2012-08-01,29.4,29.5,29.15,29.3,169,EQ,,,
2012-08-02,28.95,29.3,28.95,29.25,272,EQ,,,
2012-08-03,29.45,29.45,29.1,29.3,582,EQ,,,
2012-08-06,29.1,29.4,29.1,29.15,270,EQ,,,
2012-08-07,29.3,29.4,29.15,29.2,1070,EQ,,,
2012-08-08,29.1,29.35,29.1,29.25,279,EQ,,,
2012-08-09,29.2,29.4,29.2,29.2,52,EQ,,,
2012-08-10,29.65,29.65,29.2,29.25,46,EQ,,,
2012-08-13,29.4,29.7,29.35,29.65,759,EQ,,,
2012-08-14,29.45,29.5,29.3,29.4,670,EQ,,,
2012-08-16,29.4,29.5,29.3,29.45,85,EQ,,,
2012-08-17,29.7,29.7,29.35,29.5,757,EQ,,,
2012-08-21,29.5,29.5,29.4,29.45,37,EQ,,,
2012-08-22,29.6,29.8,29.6,29.7,944,EQ,,,
2012-08-23,29.8,30.05,29.8,30.0,311,EQ,,,
2012-08-24,30.1,30.2,30.0,30.1,1577,EQ,,,
2012-08-27,30.2,30.45,30.1,30.3,614,EQ,,,
2012-08-28,30.1,30.4,30.1,30.15,433,EQ,,,
2012-08-29,30.3,30.4,29.7,30.4,71,EQ,,,
2012-08-30,30.0,30.4,30.0,30.2,160,EQ,,,
2012-08-31,30.4,30.4,30.1,30.25,93,EQ,,,
2012-09-03,30.35,30.7,30.35,30.7,169,EQ,,,
2012-09-04,30.7,30.9,30.7,30.7,87,EQ,,,
2012-09-05,30.9,31.2,30.9,31.1,170,EQ,,,
2012-09-06,31.05,31.3,31.05,31.25,99,EQ,,,
2012-09-07,31.2,31.2,30.85,30.9,237,EQ,,,
2012-09-08,32.0,32.0,31.8,32.0,104,EQ,,,
2012-09-10,31.9,32.0,31.45,31.5,523,EQ,,,
2012-09-11,31.35,31.7,31.35,31.55,125,EQ,,,
2012-09-12,31.7,31.9,31.45,31.65,87,EQ,,,
2012-09-13,31.7,31.95,31.5,31.55,101,EQ,,,
2012-09-14,31.8,32.15,31.6,31.7,227,EQ,,,
2012-09-17,31.3,31.7,31.3,31.7,237,EQ,,,
2012-09-18,31.5,31.6,31.25,31.35,209,EQ,,,
2012-09-20,31.55,31.85,31.5,31.55,88,EQ,,,
2012-09-21,31.95,31.95,31.2,31.25,250,EQ,,,
2012-09-24,31.2,31.3,30.8,30.95,239,EQ,,,
2012-09-25,31.5,31.9,31.05,31.15,330,EQ,,,
2012-09-26,31.1,31.6,31.0,31.25,188,EQ,,,
2012-09-27,31.1,31.15,30.8,30.95,187,EQ,,,
2012-09-28,31.35,31.35,30.9,31.05,4181,EQ,,,
2012-10-01,31.0,31.0,30.7,30.75,176,EQ,,,
2012-10-03,30.7,30.9,30.6,30.85,97,EQ,,,
2012-10-04,30.75,30.85,30.5,30.6,159,EQ,,,
2012-10-05,30.4,30.7,30.1,30.55,98,EQ,,,
2012-10-08,30.8,30.8,30.5,30.6,217,EQ,,,
2012-10-09,30.8,30.9,30.55,30.6,160,EQ,,,
2012-10-10,30.6,31.0,30.6,30.75,199,EQ,,,
2012-10-11,30.85,31.0,30.6,30.65,439,EQ,,,
2012-10-12,30.7,30.8,30.55,30.7,499,EQ,,,
2012-10-15,30.9,30.9,30.4,30.55,588,EQ,,,
2012-10-16,30.45,30.5,30.3,30.4,230,EQ,,,
2012-10-17,30.5,30.6,30.45,30.5,66,EQ,,,
2012-10-18,30.7,30.75,30.45,30.6,121,EQ,,,
2012-10-19,30.6,30.8,30.6,30.65,70,EQ,,,
2012-10-22,30.65,30.65,30.25,30.4,184,EQ,,,
2012-10-23,30.5,30.5,30.35,30.45,71,EQ,,,
2012-10-25,30.55,30.55,30.2,30.25,239,EQ,,,
2012-10-26,30.05,30.45,30.05,30.35,124,EQ,,,
2012-10-29,30.25,30.7,30.25,30.55,57,EQ,,,
2012-10-30,30.75,30.75,30.4,30.45,92,EQ,,,
2012-10-31,30.45,30.65,30.4,30.55,136,EQ,,,
2012-11-01,30.75,30.75,30.3,30.4,138,EQ,,,
2012-11-02,30.5,30.5,30.1,30.3,99,EQ,,,
2012-11-05,30.55,30.55,30.0,30.15,415,EQ,,,
2012-11-06,30.2,30.45,30.2,30.4,202,EQ,,,
2012-11-07,30.55,30.85,30.55,30.75,159,EQ,,,
2012-11-08,30.9,31.0,30.8,30.9,1779,EQ,,,
2012-11-09,31.0,31.15,30.85,30.95,42064,EQ,,,
2012-11-11,31.05,31.5,31.05,31.35,80531,EQ,,,
2012-11-12,30.5,31.2,30.5,31.15,2613,EQ,,,
2012-11-13,31.3,31.3,31.0,31.1,846,EQ,,,
2012-11-15,31.1,31.1,30.85,30.95,1675,EQ,,,
2012-11-16,30.8,31.0,30.7,30.8,1784,EQ,,,
2012-11-19,30.7,31.0,30.7,30.9,1510,EQ,,,
2012-11-20,30.9,31.15,30.8,31.1,5080,EQ,,,
2012-11-21,30.85,31.1,30.85,31.1,1425,EQ,,,
2012-11-22,30.95,31.25,30.95,31.2,1962,EQ,,,
2012-11-23,30.95,31.4,30.95,31.4,3054,EQ,,,
2012-11-26,31.65,31.95,31.4,31.75,4832,EQ,,,
2012-11-27,30.0,31.9,30.0,31.8,2271,EQ,,,
2012-11-29,31.8,31.8,31.1,31.25,424,EQ,,,
2012-11-30,31.25,31.25,31.0,31.05,649,EQ,,,
2012-12-03,31.0,31.45,30.55,30.8,317,EQ,,,
2012-12-04,30.8,30.95,30.75,30.8,262,EQ,,,
2012-12-05,30.55,30.75,30.55,30.6,322,EQ,,,
2012-12-06,30.6,30.6,30.3,30.35,295,EQ,,,
2012-12-07,30.45,30.65,30.35,30.4,263,EQ,,,
2012-12-10,30.5,30.7,30.5,30.6,125,EQ,,,
2012-12-11,30.55,30.65,30.45,30.45,157,EQ,,,
2012-12-12,30.55,30.6,30.4,30.5,122,EQ,,,
2012-12-13,30.3,30.4,30.2,30.3,102,EQ,,,
2012-12-14,30.3,30.5,30.3,30.5,85,EQ,,,
2012-12-17,30.65,31.25,30.3,30.85,226,EQ,,,
2012-12-18,30.75,30.85,30.55,30.7,155,EQ,,,
2012-12-19,30.25,30.55,29.8,30.25,239,EQ,,,
2012-12-20,30.25,30.25,30.0,30.1,451,EQ,,,
2012-12-21,29.9,30.0,29.7,29.85,1218,EQ,,,
2012-12-24,30.25,30.25,29.9,30.05,69,EQ,,,
2012-12-26,30.0,30.15,29.8,29.85,188,EQ,,,
2012-12-27,30.0,30.0,29.8,29.85,116,EQ,,,
2012-12-28,30.0,30.0,29.8,29.9,179,EQ,,,
2012-12-31,29.9,30.0,29.8,29.9,64,EQ,,,
2013-01-01,30.25,30.25,30.0,30.1,124,EQ,,,
2013-01-02,30.1,30.1,29.9,30.0,274,EQ,,,
2013-01-03,30.3,30.4,30.1,30.3,121,EQ,,,
2013-01-04,29.95,30.15,29.8,29.9,413,EQ,,,
2013-01-07,30.15,30.2,29.95,30.0,127,EQ,,,
2013-01-08,29.9,30.0,29.75,29.8,246,EQ,,,
2013-01-09,29.8,29.95,29.8,29.85,175,EQ,,,
2013-01-10,29.8,29.9,29.6,29.65,231,EQ,,,
2013-01-11,29.7,30.1,29.7,29.8,515,EQ,,,
2013-01-14,30.0,30.1,29.75,29.8,44,EQ,,,
2013-01-15,29.75,30.0,29.7,29.8,285,EQ,,,
2013-01-16,29.9,30.05,29.85,29.95,794,EQ,,,
2013-01-17,29.85,29.95,29.75,29.8,645,EQ,,,
2013-01-18,30.0,30.05,29.75,29.8,163,EQ,,,
2013-01-21,29.75,29.85,29.7,29.75,197,EQ,,,
2013-01-22,29.8,30.2,29.8,30.0,264,EQ,,,
2013-01-23,30.4,30.4,29.85,30.1,429,EQ,,,
2013-01-24,30.15,30.15,29.85,29.9,193,EQ,,,
2013-01-25,29.8,29.95,29.6,29.65,139,EQ,,,
2013-01-28,29.65,29.8,29.65,29.75,145,EQ,,,
2013-01-29,29.65,30.0,29.65,29.75,1211,EQ,,,
2013-01-30,29.95,29.95,29.55,29.6,84,EQ,,,
2013-01-31,29.9,29.9,29.5,29.55,147,EQ,,,
2013-02-01,29.5,29.8,29.05,29.55,182,EQ,,,
2013-02-04,29.55,29.8,29.35,29.4,334,EQ,,,
2013-02-05,29.8,29.85,29.5,29.85,410,EQ,,,
2013-02-06,29.5,29.8,29.5,29.8,140,EQ,,,
2013-02-07,29.9,29.9,29.7,29.7,46,EQ,,,
2013-02-08,29.5,29.9,29.5,29.65,268,EQ,,,
2013-02-11,29.6,29.85,29.6,29.85,318,EQ,,,
2013-02-12,29.45,29.7,29.45,29.55,63,EQ,,,
2013-02-13,29.75,29.75,29.5,29.55,75,EQ,,,
2013-02-14,29.8,29.8,29.5,29.6,49,EQ,,,
2013-02-15,29.3,29.6,29.3,29.6,103,EQ,,,
2013-02-18,29.25,29.4,29.25,29.3,64,EQ,,,
2013-02-19,29.4,29.4,29.2,29.3,154,EQ,,,
2013-02-20,29.2,29.2,28.95,29.0,156,EQ,,,
2013-02-21,28.95,28.95,28.4,28.4,497,EQ,,,
2013-02-22,28.8,28.9,28.5,28.8,407,EQ,,,
2013-02-25,28.3,28.8,28.3,28.6,239,EQ,,,
2013-02-26,28.7,28.8,28.65,28.65,101,EQ,,,
2013-02-27,28.9,29.0,28.75,29.0,73,EQ,,,
2013-02-28,29.25,29.3,28.8,28.85,476,EQ,,,
2013-03-01,28.55,28.95,28.55,28.75,69,EQ,,,
2013-03-04,28.75,29.0,28.75,28.8,640,EQ,,,
2013-03-05,28.75,29.0,28.75,28.8,178,EQ,,,
2013-03-06,28.9,28.9,28.7,28.7,35,EQ,,,
2013-03-07,28.7,29.1,28.7,28.85,411,EQ,,,
2013-03-08,28.6,28.9,28.6,28.6,129,EQ,,,
2013-03-11,28.7,28.85,28.6,28.6,136,EQ,,,
2013-03-12,28.55,28.8,28.55,28.6,220,EQ,,,
2013-03-13,28.6,28.75,28.6,28.6,120,EQ,,,
2013-03-14,28.5,28.7,28.5,28.65,123,EQ,,,
2013-03-15,28.6,28.85,28.45,28.7,269,EQ,,,
2013-03-18,28.75,29.0,28.65,28.95,346,EQ,,,
2013-03-19,29.0,29.05,28.75,29.0,57,EQ,,,
2013-03-20,29.2,29.2,28.9,29.05,121,EQ,,,
2013-03-21,28.8,29.05,28.8,29.0,42,EQ,,,
2013-03-22,29.0,29.1,28.8,28.9,186,EQ,,,
2013-03-25,29.25,29.25,28.55,28.9,98,EQ,,,
2013-03-26,28.75,28.95,28.65,28.7,793,EQ,,,
2013-03-28,28.85,29.0,28.75,28.95,77,EQ,,,
2013-04-01,28.9,28.95,28.65,28.9,49,EQ,,,
2013-04-02,29.2,29.2,28.75,28.75,148,EQ,,,
2013-04-03,28.55,28.6,28.3,28.4,284,EQ,,,
2013-04-04,28.25,28.4,28.15,28.2,264,EQ,,,
2013-04-05,28.8,28.8,28.3,28.5,309,EQ,,,
2013-04-08,28.65,28.9,28.6,28.6,160,EQ,,,
2013-04-09,28.55,28.8,28.5,28.55,40,EQ,,,
2013-04-10,28.65,28.85,28.6,28.75,254,EQ,,,
2013-04-11,28.7,28.7,28.25,28.3,83,EQ,,,
2013-04-12,28.15,28.4,28.0,28.05,971,EQ,,,
2013-04-15,27.5,27.5,25.4,25.45,2215,EQ,,,
2013-04-16,25.45,26.5,24.35,25.85,2555,EQ,,,
2013-04-17,25.35,26.55,25.0,25.1,978,EQ,,,
2013-04-18,25.1,25.3,24.85,25.15,447,EQ,,,
2013-04-22,25.35,26.4,25.35,26.25,447,EQ,,,
2013-04-23,26.65,26.8,26.1,26.4,312,EQ,,,
2013-04-25,26.5,27.0,26.5,26.6,251,EQ,,,
2013-04-26,27.4,27.4,26.6,26.65,230,EQ,,,
2013-04-29,26.65,26.8,26.5,26.7,242,EQ,,,
2013-04-30,26.5,26.7,26.4,26.5,94,EQ,,,
2013-05-02,26.45,26.5,26.2,26.25,213,EQ,,,
2013-05-03,26.35,26.55,26.25,26.4,361,EQ,,,
2013-05-06,26.55,26.55,26.45,26.45,25,EQ,,,
2013-05-07,26.75,26.75,26.45,26.6,199,EQ,,,
2013-05-08,26.5,26.5,26.15,26.4,215,EQ,,,
2013-05-09,26.65,26.7,26.45,26.5,71,EQ,,,
2013-05-10,26.45,26.65,26.4,26.6,150,EQ,,,
2013-05-11,26.85,26.85,26.7,26.7,83,EQ,,,
2013-05-13,26.85,27.5,26.3,26.65,12437,EQ,,,
2013-05-14,26.8,26.8,26.4,26.45,188,EQ,,,
2013-05-15,26.35,26.45,26.0,26.1,356,EQ,,,
2013-05-16,26.1,26.45,25.65,25.75,386,EQ,,,
2013-05-17,25.75,25.95,25.45,25.5,290,EQ,,,
2013-05-20,25.5,25.6,25.05,25.15,431,EQ,,,
2013-05-21,25.4,25.8,25.4,25.55,714,EQ,,,
2013-05-22,25.8,25.8,25.5,25.6,135,EQ,,,
2013-05-23,25.25,25.55,25.25,25.5,124,EQ,,,
2013-05-24,25.5,25.65,25.45,25.45,171,EQ,,,
2013-05-27,25.5,25.75,25.5,25.6,91,EQ,,,
2013-05-28,25.4,25.6,25.4,25.5,126,EQ,,,
2013-05-29,25.55,25.8,25.55,25.6,228,EQ,,,
2013-05-30,25.6,26.2,25.6,26.15,452,EQ,,,
2013-05-31,26.15,26.4,26.15,26.25,182,EQ,,,
2013-06-03,26.0,26.2,25.85,25.95,250,EQ,,,
2013-06-04,26.05,26.25,26.0,26.05,470,EQ,,,
2013-06-05,26.0,26.2,25.9,26.0,77,EQ,,,
2013-06-06,26.35,26.45,26.25,26.3,467,EQ,,,
2013-06-07,26.4,26.95,26.4,26.6,557,EQ,,,
2013-06-10,25.9,26.65,25.9,26.55,244,EQ,,,
2013-06-11,26.95,26.95,26.2,26.25,336,EQ,,,
2013-06-12,26.35,26.4,26.2,26.2,59,EQ,,,
2013-06-13,26.55,26.6,26.3,26.4,335,EQ,,,
2013-06-14,26.3,26.3,26.1,26.15,68,EQ,,,
2013-06-17,26.4,26.65,26.2,26.6,106,EQ,,,
2013-06-18,26.85,26.85,26.6,26.8,255,EQ,,,
2013-06-19,26.45,26.7,26.45,26.65,60,EQ,,,
2013-06-20,26.55,26.7,26.0,26.05,1171,EQ,,,
2013-06-21,25.9,26.0,25.7,25.85,758,EQ,,,
2013-06-24,26.1,26.15,25.6,25.75,107,EQ,,,
2013-06-25,25.75,25.75,25.5,25.65,389,EQ,,,
2013-06-26,25.5,25.5,24.8,24.9,260,EQ,,,
2013-06-27,25.2,25.35,24.85,25.05,392,EQ,,,
2013-06-28,24.8,24.9,24.05,24.3,223,EQ,,,
2013-07-01,24.7,25.0,24.6,25.0,108,EQ,,,
2013-07-02,25.0,25.45,25.0,25.2,86,EQ,,,
2013-07-03,25.2,25.4,25.1,25.35,125,EQ,,,
2013-07-04,25.15,25.4,25.1,25.2,45,EQ,,,
2013-07-05,25.3,25.45,25.0,25.05,107,EQ,,,
2013-07-08,25.0,25.35,25.0,25.3,80,EQ,,,
2013-07-09,25.25,25.45,25.25,25.3,214,EQ,,,
2013-07-10,25.4,25.4,25.1,25.15,143,EQ,,,
2013-07-11,25.35,25.85,25.35,25.55,267,EQ,,,
2013-07-12,25.4,25.75,25.4,25.4,76,EQ,,,
2013-07-15,25.5,25.95,25.5,25.9,263,EQ,,,
2013-07-16,25.95,25.95,25.55,25.7,26,EQ,,,
2013-07-17,25.9,25.9,25.45,25.55,53,EQ,,,
2013-07-18,25.7,25.7,25.35,25.5,30,EQ,,,
2013-07-19,25.7,25.8,25.7,25.8,42,EQ,,,
2013-07-22,26.0,26.3,26.0,26.2,169,EQ,,,
2013-07-23,26.35,26.7,26.35,26.55,327,EQ,,,
2013-07-24,26.6,26.8,26.45,26.7,267,EQ,,,
2013-07-25,26.15,26.4,26.1,26.15,84,EQ,,,
2013-07-26,27.0,27.0,26.25,26.75,438,EQ,,,
2013-07-29,26.55,27.0,26.55,26.95,522,EQ,,,
2013-07-30,26.95,27.1,26.8,27.0,248,EQ,,,
2013-07-31,27.25,27.65,27.2,27.3,439,EQ,,,
2013-08-01,27.15,27.2,26.85,27.05,192,EQ,,,
2013-08-02,27.25,27.25,26.25,26.7,358,EQ,,,
2013-08-05,27.25,27.45,27.1,27.3,281,EQ,,,
2013-08-06,26.9,27.35,26.8,27.2,181,EQ,,,
2013-08-07,27.2,27.2,26.75,26.75,84,EQ,,,
2013-08-08,27.05,27.2,26.95,27.0,149,EQ,,,
2013-08-12,27.5,27.9,27.5,27.8,415,EQ,,,
2013-08-13,28.0,28.4,28.0,28.15,326,EQ,,,
2013-08-14,28.1,28.45,28.0,28.4,141,EQ,,,
2013-08-16,28.65,29.4,28.65,29.3,505,EQ,,,
2013-08-19,29.75,30.0,29.6,29.95,312,EQ,,,
2013-08-20,30.0,30.1,29.15,29.7,2091,EQ,,,
2013-08-21,29.2,30.1,29.2,29.95,1072,EQ,,,
2013-08-22,30.0,30.2,29.7,30.1,454,EQ,,,
2013-08-23,29.75,30.0,29.6,29.65,462,EQ,,,
2013-08-26,29.95,30.5,29.95,30.4,509,EQ,,,
2013-08-27,30.55,30.7,30.35,30.6,550,EQ,,,
2013-08-28,31.4,31.4,30.6,30.75,669,EQ,,,
2013-08-29,32.0,33.8,30.0,30.75,548,EQ,,,
2013-08-30,30.25,30.5,29.85,29.95,491,EQ,,,
2013-09-02,29.5,30.15,29.5,29.9,272,EQ,,,
2013-09-03,30.0,30.75,29.9,30.5,791,EQ,,,
2013-09-04,30.8,30.9,30.3,30.6,470,EQ,,,
2013-09-05,29.6,30.25,29.45,29.85,280,EQ,,,
2013-09-06,29.65,29.85,29.4,29.5,138,EQ,,,
2013-09-10,29.15,29.95,28.9,29.05,116,EQ,,,
2013-09-11,28.95,29.85,28.75,29.3,233,EQ,,,
2013-09-12,28.75,29.45,28.7,28.95,51,EQ,,,
2013-09-13,28.75,29.2,28.6,28.65,40,EQ,,,
2013-09-16,28.75,29.0,28.45,28.45,82,EQ,,,
2013-09-17,28.55,28.85,28.55,28.85,48,EQ,,,
2013-09-18,28.5,28.75,28.3,28.65,51,EQ,,,
2013-09-19,28.75,33.9,28.75,29.35,488,EQ,,,
2013-09-20,29.15,29.2,29.0,29.05,72,EQ,,,
2013-09-23,28.55,29.1,28.55,28.7,85,EQ,,,
2013-09-24,28.8,28.95,28.4,28.6,48,EQ,,,
2013-09-25,28.6,28.85,28.5,28.7,23,EQ,,,
2013-09-26,28.95,28.95,28.55,28.75,329,EQ,,,
2013-09-27,28.3,28.5,28.3,28.5,53,EQ,,,
2013-09-30,28.95,29.0,28.6,28.85,53,EQ,,,
2013-10-01,28.95,29.1,28.6,28.75,34,EQ,,,
2013-10-03,28.2,28.7,28.2,28.65,47,EQ,,,
2013-10-04,28.3,28.7,28.3,28.4,13,EQ,,,
2013-10-07,28.8,28.9,28.7,28.75,31,EQ,,,
2013-10-08,29.2,29.7,28.7,28.9,109,EQ,,,
2013-10-09,28.7,28.9,28.5,28.75,34,EQ,,,
2013-10-10,29.0,30.0,28.55,28.55,165,EQ,,,
2013-10-11,28.4,28.7,28.4,28.5,45,EQ,,,
2013-10-14,28.85,28.85,28.5,28.7,129,EQ,,,
2013-10-15,28.85,28.85,28.6,28.6,5,EQ,,,
2013-10-17,28.9,29.5,28.75,29.35,273,EQ,,,
2013-10-18,29.1,29.6,28.75,29.2,82,EQ,,,
2013-10-21,29.4,29.85,29.35,29.75,138,EQ,,,
2013-10-22,29.45,29.7,29.4,29.4,138,EQ,,,
2013-10-23,29.6,30.2,29.55,29.6,282,EQ,,,
2013-10-24,29.8,30.25,29.75,30.2,613,EQ,,,
2013-10-25,29.85,30.6,29.85,30.15,90,EQ,,,
2013-10-28,30.7,30.7,29.9,30.4,236,EQ,,,
2013-10-29,30.7,31.0,30.25,30.45,148,EQ,,,
2013-10-30,30.0,30.9,29.75,29.9,119,EQ,,,
2013-10-31,29.6,30.0,29.6,29.9,15,EQ,,,
2013-11-01,30.75,30.8,29.7,29.75,241,EQ,,,
2013-11-03,30.4,30.4,29.4,29.6,260,EQ,,,
2013-11-05,29.3,29.75,29.0,29.05,48,EQ,,,
2013-11-06,29.1,29.4,28.9,29.3,169,EQ,,,
2013-11-07,28.8,29.5,28.8,29.1,95,EQ,,,
2013-11-08,28.8,29.4,28.8,29.3,101,EQ,,,
2013-11-11,28.85,29.2,28.8,29.05,73,EQ,,,
2013-11-12,29.3,29.7,29.1,29.55,93,EQ,,,
2013-11-13,28.8,30.05,28.8,29.3,330,EQ,,,
2013-11-14,29.2,29.7,29.2,29.7,75,EQ,,,
2013-11-18,29.8,29.9,29.4,29.5,80,EQ,,,
2013-11-19,29.5,29.65,29.2,29.5,89,EQ,,,
2013-11-20,29.45,29.75,29.45,29.65,110,EQ,,,
2013-11-21,29.2,29.6,29.1,29.4,34,EQ,,,
2013-11-22,29.25,29.75,29.15,29.65,247,EQ,,,
2013-11-25,29.05,29.4,29.0,29.2,96,EQ,,,
2013-11-26,29.05,29.9,29.05,29.6,77,EQ,,,
2013-11-27,29.5,29.65,29.15,29.25,43,EQ,,,
2013-11-28,29.05,29.25,28.8,29.2,115,EQ,,,
2013-11-29,29.0,29.6,29.0,29.4,103,EQ,,,
2013-12-02,29.4,29.4,29.1,29.3,48,EQ,,,
2013-12-03,29.35,29.35,28.9,28.95,72,EQ,,,
2013-12-04,29.05,29.4,29.05,29.3,32,EQ,,,
2013-12-05,29.05,29.6,29.05,29.4,80,EQ,,,
2013-12-06,29.1,29.1,29.0,29.05,30,EQ,,,
2013-12-09,28.9,29.2,28.7,28.7,127,EQ,,,
2013-12-10,29.2,29.2,28.8,28.95,51,EQ,,,
2013-12-11,29.0,29.2,28.8,29.1,79,EQ,,,
2013-12-12,29.3,29.3,28.7,28.9,24,EQ,,,
2013-12-13,28.6,29.0,28.6,28.9,16,EQ,,,
2013-12-16,28.85,29.1,28.65,28.8,129,EQ,,,
2013-12-17,28.5,29.0,28.5,28.75,68,EQ,,,
2013-12-18,28.5,28.6,28.4,28.5,259,EQ,,,
2013-12-19,28.3,28.55,28.3,28.45,40,EQ,,,
2013-12-20,28.2,28.6,28.1,28.15,95,EQ,,,
2013-12-23,28.4,28.45,28.0,28.1,202,EQ,,,
2013-12-24,28.35,28.45,28.05,28.1,12,EQ,,,
2013-12-26,28.1,28.45,27.85,27.9,54,EQ,,,
2013-12-27,28.3,28.3,27.75,27.9,168,EQ,,,
2013-12-30,28.0,28.15,27.75,27.8,37,EQ,,,
2013-12-31,28.45,28.45,27.7,27.75,112,EQ,,,
2014-01-01,28.2,28.2,27.85,27.95,18,EQ,,,
2014-01-02,28.5,28.5,27.9,27.9,30,EQ,,,
2014-01-03,28.0,28.75,27.9,28.7,219,EQ,,,
2014-01-06,28.2,28.3,28.2,28.3,91,EQ,,,
2014-01-07,28.3,28.65,28.0,28.3,49,EQ,,,
2014-01-08,28.0,28.4,27.9,28.15,82,EQ,,,
2014-01-09,28.15,28.35,28.0,28.3,34,EQ,,,
2014-01-10,28.0,28.35,28.0,28.35,23,EQ,,,
2014-01-13,28.5,28.5,28.2,28.3,19,EQ,,,
2014-01-14,28.15,28.3,28.0,28.0,353,EQ,,,
2014-01-15,28.4,28.4,28.0,28.2,113,EQ,,,
2014-01-16,28.25,28.25,28.05,28.05,20,EQ,,,
2014-01-17,27.8,28.4,27.8,28.3,40,EQ,,,
2014-01-20,28.15,28.7,28.05,28.55,1161,EQ,,,
2014-01-21,28.25,28.45,28.15,28.2,67,EQ,,,
2014-01-22,28.0,28.45,28.0,28.1,86,EQ,,,
2014-01-23,27.85,28.4,27.85,28.1,303,EQ,,,
2014-01-24,28.2,28.5,28.2,28.4,148,EQ,,,
2014-01-27,28.4,28.75,28.35,28.7,186,EQ,,,
2014-01-28,28.5,28.7,28.3,28.3,41,EQ,,,
2014-01-29,28.05,28.75,28.05,28.7,126,EQ,,,
2014-01-30,28.5,28.6,28.3,28.3,52,EQ,,,
2014-01-31,28.15,28.4,28.1,28.35,76,EQ,,,
2014-02-03,28.75,28.85,28.1,28.25,130,EQ,,,
2014-02-04,28.1,28.7,28.0,28.5,116,EQ,,,
2014-02-05,28.9,28.9,28.3,28.6,25,EQ,,,
2014-02-06,28.6,28.6,28.3,28.4,62,EQ,,,
2014-02-07,28.4,28.75,28.3,28.3,53,EQ,,,
2014-02-10,28.3,28.75,28.3,28.75,43,EQ,,,
2014-02-11,28.5,28.95,28.35,28.9,355,EQ,,,
2014-02-12,28.6,29.0,28.5,28.65,109,EQ,,,
2014-02-13,28.95,28.95,28.4,28.7,32,EQ,,,
2014-02-14,28.65,28.9,28.65,28.85,30,EQ,,,
2014-02-17,29.0,29.3,28.75,29.05,189,EQ,,,
2014-02-18,29.05,29.5,29.05,29.25,12024,EQ,,,
2014-02-19,29.15,29.5,29.1,29.35,68,EQ,,,
2014-02-20,29.25,29.3,29.05,29.05,130,EQ,,,
2014-02-21,29.1,29.3,29.05,29.1,103,EQ,,,
2014-02-24,29.4,29.4,29.05,29.35,299,EQ,,,
2014-02-25,29.25,29.3,29.25,29.3,10,EQ,,,
2014-02-26,29.2,29.35,29.15,29.3,84,EQ,,,
2014-02-28,29.0,29.3,29.0,29.25,35,EQ,,,
2014-03-03,29.25,29.55,29.2,29.3,103,EQ,,,
2014-03-04,29.55,29.7,29.35,29.35,105,EQ,,,
2014-03-05,29.2,29.4,29.15,29.15,45,EQ,,,
2014-03-06,28.9,29.05,28.85,28.95,41,EQ,,,
2014-03-07,29.3,29.3,28.95,29.2,88,EQ,,,
2014-03-10,28.8,28.9,28.65,28.7,237,EQ,,,
2014-03-11,28.65,28.95,28.65,28.75,70,EQ,,,
2014-03-12,28.8,29.1,28.8,28.9,19,EQ,,,
2014-03-13,29.35,29.35,28.7,28.8,19,EQ,,,
2014-03-14,28.8,29.05,28.75,28.9,29,EQ,,,
2014-03-18,28.8,28.95,28.55,28.8,25,EQ,,,
2014-03-19,28.95,28.95,28.6,28.6,14,EQ,,,
2014-03-20,28.6,28.6,28.3,28.35,29,EQ,,,
2014-03-21,28.15,28.4,28.05,28.1,75,EQ,,,
2014-03-22,28.9,28.9,28.9,28.9,1,EQ,,,
2014-03-24,28.3,28.4,28.05,28.1,78,EQ,,,
2014-03-25,28.4,28.4,27.9,27.9,43,EQ,,,
2014-03-26,27.7,27.8,27.6,27.65,18,EQ,,,
2014-03-27,28.5,28.5,27.25,27.3,199,EQ,,,
2014-03-28,27.4,27.6,27.25,27.45,103,EQ,,,
2014-03-31,27.65,27.75,27.6,27.75,95,EQ,,,
2014-04-01,27.75,27.75,27.45,27.6,96,EQ,,,
2014-04-02,27.55,27.7,27.1,27.1,268,EQ,,,
2014-04-03,27.5,27.65,27.25,27.35,84,EQ,,,
2014-04-04,27.75,27.75,27.25,27.45,48,EQ,,,
2014-04-07,27.35,27.5,27.2,27.45,25,EQ,,,
2014-04-09,27.6,27.6,27.5,27.6,113,EQ,,,
2014-04-10,27.55,27.85,27.55,27.85,19,EQ,,,
2014-04-11,27.75,27.9,27.55,27.7,564,EQ,,,
2014-04-15,28.0,28.3,27.8,28.1,280,EQ,,,
2014-04-16,28.1,28.15,27.55,28.15,120,EQ,,,
2014-04-17,28.15,28.25,28.1,28.25,174,EQ,,,
2014-04-21,28.1,28.3,27.75,28.3,22,EQ,,,
2014-04-22,28.4,28.5,28.1,28.3,27,EQ,,,
2014-04-23,28.35,28.6,28.35,28.6,146,EQ,,,
2014-04-25,28.6,28.7,28.3,28.65,107,EQ,,,
2014-04-28,28.75,28.8,28.6,28.8,52,EQ,,,
2014-04-29,28.85,28.85,28.5,28.55,143,EQ,,,
2014-04-30,28.6,28.6,28.3,28.6,27,EQ,,,
2014-05-02,29.0,29.0,28.5,28.95,349,EQ,,,
2014-05-05,29.0,29.0,28.5,28.85,14,EQ,,,
2014-05-06,28.4,28.85,28.4,28.6,100,EQ,,,
2014-05-07,28.4,28.8,28.4,28.65,458,EQ,,,
2014-05-08,28.6,28.75,28.3,28.75,53,EQ,,,
2014-05-09,28.35,28.55,28.2,28.4,99,EQ,,,
2014-05-12,27.8,28.45,27.65,28.3,154,EQ,,,
2014-05-13,28.05,28.4,27.85,27.9,102,EQ,,,
2014-05-14,28.15,28.15,27.7,28.0,133,EQ,,,
2014-05-15,27.4,28.4,27.4,28.0,221,EQ,,,
2014-05-16,27.4,28.0,27.4,27.5,140,EQ,,,
2014-05-19,27.4,27.9,27.25,27.25,164,EQ,,,
2014-05-20,27.5,27.5,26.65,27.3,55,EQ,,,
2014-05-21,26.7,27.2,26.7,27.0,80,EQ,,,
2014-05-22,26.65,26.9,26.1,26.15,193,EQ,,,
2014-05-23,26.25,27.0,25.75,26.95,402,EQ,,,
2014-05-26,26.9,26.95,25.9,26.0,264,EQ,,,
2014-05-27,26.05,26.7,25.75,25.8,220,EQ,,,
2014-05-28,25.8,26.0,25.7,25.8,75,EQ,,,
2014-05-29,25.7,25.7,25.4,25.4,92,EQ,,,
2014-05-30,25.25,25.7,24.35,25.3,335,EQ,,,
2014-06-02,25.3,25.45,25.0,25.05,453,EQ,,,
2014-06-03,24.55,25.4,24.55,25.15,134,EQ,,,
2014-06-04,25.15,25.3,25.0,25.3,118,EQ,,,
2014-06-05,25.3,25.3,25.0,25.0,367,EQ,,,
2014-06-06,25.0,25.2,24.9,24.95,183,EQ,,,
2014-06-09,25.0,25.1,24.7,24.95,141,EQ,,,
2014-06-10,24.95,25.5,24.85,25.25,204,EQ,,,
2014-06-11,25.25,25.7,25.0,25.7,247,EQ,,,
2014-06-12,25.7,25.7,25.5,25.65,182,EQ,,,
2014-06-13,25.8,26.7,25.25,26.35,385,EQ,,,
2014-06-16,26.5,27.0,26.4,26.9,137,EQ,,,
2014-06-17,27.25,27.25,26.05,26.35,31,EQ,,,
2014-06-18,26.1,26.2,25.85,26.0,108,EQ,,,
2014-06-19,26.1,26.65,26.1,26.45,147,EQ,,,
2014-06-20,26.5,26.9,26.5,26.75,116,EQ,,,
2014-06-23,26.65,26.95,26.55,26.8,324,EQ,,,
2014-06-24,26.9,27.7,26.6,26.9,68,EQ,,,
2014-06-25,26.5,27.0,26.5,26.65,49,EQ,,,
2014-06-26,27.0,27.0,26.6,27.0,21,EQ,,,
2014-06-27,27.0,27.0,26.65,26.65,77,EQ,,,
2014-06-30,26.6,26.8,26.5,26.75,58,EQ,,,
2014-07-01,27.3,27.4,26.75,26.85,49,EQ,,,
2014-07-02,27.7,27.7,26.6,26.8,35,EQ,,,
2014-07-03,26.8,27.45,26.45,26.65,153,EQ,,,
2014-07-04,26.7,26.7,26.3,26.4,93,EQ,,,
2014-07-07,26.6,26.6,26.1,26.5,208,EQ,,,
2014-07-08,26.85,27.0,26.4,26.8,34,EQ,,,
2014-07-09,26.75,26.75,26.3,26.45,49,EQ,,,
2014-07-10,26.1,27.25,26.1,27.05,89,EQ,,,
2014-07-11,26.75,27.2,26.75,26.9,140,EQ,,,
2014-07-14,27.0,27.0,26.7,26.7,67,EQ,,,
2014-07-15,26.8,27.0,26.5,26.6,64,EQ,,,
2014-07-16,26.7,26.7,26.7,26.7,1,EQ,,,
2014-07-17,26.7,26.7,26.7,26.7,42,EQ,,,
2014-07-18,26.8,27.15,26.7,26.9,15,EQ,,,
2014-07-21,26.7,27.0,26.7,26.75,11,EQ,,,
2014-07-22,27.2,27.2,26.65,26.95,7,EQ,,,
2014-07-23,27.1,27.1,26.5,26.55,37,EQ,,,
2014-07-24,26.9,26.9,26.9,26.9,1,EQ,,,
2014-07-25,26.25,26.75,26.2,26.25,187,EQ,,,
2014-07-28,26.25,26.7,26.25,26.35,84,EQ,,,
2014-07-30,26.5,26.6,26.1,26.2,75,EQ,,,
2014-07-31,26.2,26.6,26.2,26.6,58,EQ,,,
2014-08-01,26.25,26.55,26.25,26.3,41,EQ,,,
2014-08-04,26.55,30.0,26.3,27.7,144,EQ,,,
2014-08-05,27.0,27.0,27.0,27.0,20,EQ,,,
2014-08-06,26.5,27.0,26.5,26.65,99,EQ,,,
2014-08-07,26.75,27.1,26.75,27.0,266,EQ,,,
2014-08-08,27.1,27.4,26.9,27.05,208,EQ,,,
2014-08-11,27.5,27.5,26.6,27.0,144,EQ,,,
2014-08-12,27.3,27.3,26.8,26.95,14,EQ,,,
2014-08-13,27.05,27.2,26.8,26.85,40,EQ,,,
2014-08-14,26.65,27.2,26.65,26.85,45,EQ,,,
2014-08-18,26.95,27.0,26.6,26.95,232,EQ,,,
2014-08-19,27.2,27.2,26.8,26.8,22,EQ,,,
2014-08-20,26.6,27.1,26.6,26.75,73,EQ,,,
2014-08-21,26.6,26.85,26.6,26.6,13,EQ,,,
2014-08-22,26.45,26.55,26.35,26.35,164,EQ,,,
2014-08-25,26.5,26.5,26.15,26.25,27,EQ,,,
2014-08-26,26.25,26.65,26.25,26.65,70,EQ,,,
2014-08-27,26.65,26.65,26.4,26.4,12,EQ,,,
2014-08-28,27.05,27.05,26.25,26.3,112,EQ,,,
2014-09-01,26.25,26.55,26.25,26.55,26,EQ,,,
2014-09-02,26.7,26.7,26.25,26.45,39,EQ,,,
2014-09-03,26.25,26.3,26.1,26.25,67,EQ,,,
2014-09-04,26.0,26.25,26.0,26.2,39,EQ,,,
2014-09-05,26.05,26.15,25.85,26.1,45,EQ,,,
2014-09-08,26.3,26.4,26.0,26.0,143,EQ,,,
2014-09-09,26.0,26.0,25.9,25.9,36,EQ,,,
2014-09-10,25.9,26.25,25.85,25.85,47,EQ,,,
2014-09-11,25.55,25.9,25.55,25.8,23,EQ,,,
2014-09-12,25.75,25.75,25.5,25.65,351,EQ,,,
2014-09-15,25.7,25.9,25.6,25.8,54,EQ,,,
2014-09-16,25.8,25.9,25.6,25.65,97,EQ,,,
2014-09-17,25.85,25.85,25.55,25.7,9,EQ,,,
2014-09-18,25.7,25.7,25.25,25.3,113,EQ,,,
2014-09-19,25.55,25.55,25.3,25.5,41,EQ,,,
2014-09-22,25.3,25.5,25.25,25.45,19,EQ,,,
2014-09-23,25.2,25.8,25.2,25.6,86,EQ,,,
2014-09-24,25.6,25.9,25.45,25.45,48,EQ,,,
2014-09-25,25.3,25.55,25.2,25.2,17,EQ,,,
2014-09-26,25.85,26.2,25.25,25.7,120,EQ,,,
2014-09-29,25.5,26.35,25.5,26.0,31,EQ,,,
2014-09-30,26.3,26.3,25.75,25.9,49,EQ,,,
2014-10-01,25.95,25.95,25.9,25.9,5,EQ,,,
2014-10-07,25.9,26.15,25.45,25.5,34,EQ,,,
2014-10-08,25.9,25.9,25.5,25.6,170,EQ,,,
2014-10-09,25.5,25.5,25.4,25.5,19,EQ,,,
2014-10-10,25.35,25.6,25.35,25.6,51,EQ,,,
2014-10-13,26.0,26.05,25.55,25.8,135,EQ,,,
2014-10-14,25.65,25.9,25.6,25.9,18,EQ,,,
2014-10-16,27.8,27.8,25.8,26.1,184,EQ,,,
2014-10-17,26.05,26.05,25.85,26.0,14,EQ,,,
2014-10-20,26.35,26.35,25.8,25.8,59,EQ,,,
2014-10-21,26.0,26.5,26.0,26.45,221,EQ,,,
2014-10-22,26.0,26.3,25.8,25.85,73,EQ,,,
2014-10-23,26.4,26.5,26.0,26.5,41,EQ,,,
2014-10-27,25.9,25.9,25.75,25.8,25,EQ,,,
2014-10-28,25.55,25.9,25.55,25.6,10,EQ,,,
2014-10-29,25.6,25.85,25.6,25.65,23,EQ,,,
2014-10-30,25.25,25.5,25.25,25.35,42,EQ,,,
2014-10-31,25.25,25.25,24.9,25.0,104,EQ,,,
2014-11-03,25.3,25.45,25.05,25.1,72,EQ,,,
2014-11-05,25.15,25.15,24.5,24.55,219,EQ,,,
2014-11-07,25.0,25.0,24.35,24.55,109,EQ,,,
2014-11-10,24.15,24.9,24.15,24.6,54,EQ,,,
2014-11-11,24.4,24.9,24.3,24.85,63,EQ,,,
2014-11-12,24.9,24.9,24.6,24.6,9,EQ,,,
2014-11-13,24.8,25.8,24.7,24.85,79,EQ,,,
2014-11-14,24.8,24.8,24.3,24.35,159,EQ,,,
2014-11-17,25.0,25.2,24.75,25.0,260,EQ,,,
2014-11-18,24.8,25.1,24.8,25.1,34,EQ,,,
2014-11-19,24.95,25.3,24.8,25.3,169,EQ,,,
2014-11-20,24.75,25.05,24.75,25.0,102,EQ,,,
2014-11-21,24.65,25.0,24.65,24.85,39,EQ,,,
2014-11-24,24.75,25.2,24.7,25.15,95,EQ,,,
2014-11-25,24.8,25.15,24.8,25.15,15,EQ,,,
2014-11-26,24.8,25.1,24.75,25.1,36,EQ,,,
2014-11-27,24.8,25.15,24.8,25.15,4,EQ,,,
2014-11-28,24.9,25.15,24.65,25.1,21,EQ,,,
2014-12-01,24.9,24.9,24.45,24.7,151,EQ,,,
2014-12-02,24.85,25.25,24.6,24.7,147,EQ,,,
2014-12-03,24.65,25.0,24.65,25.0,110,EQ,,,
2014-12-04,24.75,25.0,24.75,24.8,45,EQ,,,
2014-12-05,24.75,25.0,24.75,25.0,23,EQ,,,
2014-12-08,25.3,25.8,24.9,25.0,46,EQ,,,
2014-12-09,25.5,25.6,24.7,25.0,37,EQ,,,
2014-12-10,25.05,25.8,25.05,25.6,131,EQ,,,
2014-12-11,25.4,25.4,25.3,25.3,13,EQ,,,
2014-12-12,25.3,25.5,25.3,25.5,27,EQ,,,
2014-12-15,25.8,25.8,25.05,25.15,38,EQ,,,
2014-12-16,25.1,25.45,25.1,25.4,25,EQ,,,
2014-12-17,25.4,25.65,25.4,25.45,47,EQ,,,
2014-12-18,24.75,25.85,24.75,25.75,57,EQ,,,
2014-12-19,25.1,25.35,25.1,25.35,72,EQ,,,
2014-12-22,25.2,25.2,25.15,25.15,12,EQ,,,
2014-12-23,25.15,25.2,24.75,25.15,138,EQ,,,
2014-12-24,24.85,25.2,24.8,25.1,91,EQ,,,
2014-12-26,25.0,25.35,25.0,25.1,16,EQ,,,
2014-12-29,25.4,25.4,25.1,25.1,82,EQ,,,
2014-12-30,25.1,26.25,25.0,25.85,136,EQ,,,
2014-12-31,25.6,25.8,25.3,25.3,30,EQ,,,
2015-01-01,25.05,25.5,24.9,25.15,38,EQ,,,
2015-01-02,25.8,25.8,25.1,25.3,24,EQ,,,
2015-01-05,25.9,25.9,25.2,25.45,51,EQ,,,
2015-01-06,25.55,25.75,25.5,25.55,76,EQ,,,
2015-01-07,25.5,25.9,25.5,25.8,127,EQ,,,
2015-01-08,25.8,25.8,25.4,25.4,4,EQ,,,
2015-01-09,25.15,25.8,25.15,25.5,16,EQ,,,
2015-01-12,25.5,25.5,25.5,25.5,35,EQ,,,
2015-01-13,25.7,25.7,25.7,25.7,27,EQ,,,
2015-01-14,25.7,25.7,25.7,25.7,4,EQ,,,
2015-01-15,25.25,25.9,25.15,25.4,45,EQ,,,
2015-01-16,25.9,26.15,25.85,26.15,106,EQ,,,
2015-01-19,26.1,26.5,26.1,26.3,100,EQ,,,
2015-01-20,26.0,27.0,26.0,26.5,64,EQ,,,
2015-01-21,26.3,26.7,26.3,26.7,84,EQ,,,
2015-01-22,26.25,26.7,26.2,26.55,63,EQ,,,
2015-01-23,26.25,26.75,26.25,26.45,37,EQ,,,
2015-01-27,26.55,26.55,26.25,26.25,9,EQ,,,
2015-01-28,26.5,26.6,26.05,26.55,73,EQ,,,
2015-01-29,26.25,26.25,26.0,26.05,14,EQ,,,
2015-01-30,26.0,26.35,26.0,26.35,70,EQ,,,
2015-02-02,26.4,26.5,26.1,26.15,146,EQ,,,
2015-02-03,26.4,26.9,26.4,26.9,46,EQ,,,
2015-02-04,25.85,26.7,25.85,26.0,15,EQ,,,
2015-02-05,25.95,26.4,25.95,26.05,154,EQ,,,
2015-02-06,26.25,26.65,25.9,26.65,255,EQ,,,
2015-02-09,25.4,26.0,25.4,25.6,31,EQ,,,
2015-02-10,25.55,25.9,25.55,25.75,71,EQ,,,
2015-02-11,25.6,26.0,25.6,25.85,71,EQ,,,
2015-02-12,25.3,25.8,25.3,25.7,22,EQ,,,
2015-02-13,26.35,26.35,25.4,25.6,46,EQ,,,
2015-02-16,25.4,25.9,25.4,25.8,88,EQ,,,
2015-02-18,25.5,25.85,25.1,25.1,33,EQ,,,
2015-02-19,25.15,25.75,25.15,25.4,25,EQ,,,
2015-02-20,25.1,25.55,25.1,25.4,21,EQ,,,
2015-02-23,25.1,25.6,25.1,25.2,134,EQ,,,
2015-02-24,25.15,25.2,25.15,25.15,21,EQ,,,
2015-02-25,25.2,25.2,25.0,25.0,36,EQ,,,
2015-02-26,25.3,25.3,25.0,25.25,9,EQ,,,
2015-02-27,24.9,25.2,24.9,25.15,13,EQ,,,
2015-02-28,24.8,25.15,24.8,25.15,21,EQ,,,
2015-03-02,24.9,25.4,24.9,25.4,8,EQ,,,
2015-03-03,24.3,25.2,24.3,24.9,101,EQ,,,
2015-03-04,24.8,25.05,24.7,25.05,70,EQ,,,
2015-03-05,24.95,25.0,24.9,25.0,6,EQ,,,
2015-03-09,25.0,25.5,24.5,24.75,26,EQ,,,
2015-03-10,25.25,25.25,24.5,24.9,39,EQ,,,
2015-03-11,24.95,24.95,24.55,24.55,3,EQ,,,
2015-03-12,24.7,24.75,24.5,24.6,31,EQ,,,
2015-03-13,24.5,24.6,24.4,24.55,119,EQ,,,
2015-03-16,24.9,24.9,24.45,24.5,21,EQ,,,
2015-03-17,24.8,24.8,24.3,24.3,18,EQ,,,
2015-03-18,24.7,24.7,24.25,24.6,9,EQ,,,
2015-03-19,25.0,25.0,24.4,24.4,68,EQ,,,
2015-03-20,25.05,25.05,24.4,24.6,62,EQ,,,
2015-03-23,25.0,25.0,24.35,24.9,81,EQ,,,
2015-03-24,24.5,24.95,24.5,24.75,11,EQ,,,
2015-03-25,25.25,25.25,24.6,24.75,66,EQ,,,
2015-03-26,25.15,26.0,25.15,25.8,83,EQ,,,
2015-03-27,25.75,25.75,24.9,24.9,22,EQ,,,
2015-03-30,25.0,25.0,24.6,24.6,40,EQ,,,
2015-03-31,25.0,25.0,24.45,24.5,58,EQ,,,
2015-04-01,24.8,24.95,24.8,24.95,170,EQ,,,
2015-04-06,25.75,25.75,25.4,25.4,19,EQ,,,
2015-04-07,25.4,25.4,25.4,25.4,1,EQ,,,
2015-04-08,25.4,25.5,24.75,25.3,280,EQ,,,
2015-04-09,24.8,25.05,24.65,25.0,42,EQ,,,
2015-04-10,25.7,25.7,24.8,25.0,56,EQ,,,
2015-04-13,24.9,24.9,24.8,24.85,10,EQ,,,
2015-04-15,25.3,25.3,24.55,25.1,271,EQ,,,
2015-04-16,25.25,25.3,25.25,25.3,33,EQ,,,
2015-04-17,26.65,26.65,24.9,25.0,51,EQ,,,
2015-04-20,26.5,26.5,24.75,25.35,101,EQ,,,
2015-04-21,25.9,26.4,25.0,25.85,299,EQ,,,
2015-04-22,25.85,25.85,24.85,25.4,262,EQ,,,
2015-04-23,25.4,25.65,25.05,25.2,144,EQ,,,
2015-04-24,25.05,25.5,25.05,25.1,43,EQ,,,
2015-04-27,25.5,25.85,25.1,25.15,44,EQ,,,
2015-04-28,25.2,25.5,25.2,25.5,21,EQ,,,
2015-04-29,25.4,25.5,24.65,24.9,501,EQ,,,
2015-04-30,25.25,25.75,25.25,25.55,464,EQ,,,
2015-05-04,25.4,25.4,25.0,25.35,7,EQ,,,
2015-05-05,25.35,25.35,25.35,25.35,2,EQ,,,
2015-05-06,25.1,25.4,25.1,25.3,50,EQ,,,
2015-05-07,25.5,25.5,25.1,25.45,115,EQ,,,
2015-05-08,25.1,25.5,25.05,25.45,106,EQ,,,
2015-05-11,25.15,25.4,25.15,25.4,64,EQ,,,
2015-05-12,25.25,25.85,25.25,25.85,249,EQ,,,
2015-05-13,25.3,25.3,25.3,25.3,1,EQ,,,
2015-05-14,25.85,25.95,25.65,25.85,72,EQ,,,
2015-05-15,26.3,26.35,26.0,26.0,6,EQ,,,
2015-05-18,26.0,26.0,26.0,26.0,65,EQ,,,
2015-05-19,25.75,25.85,25.65,25.85,23,EQ,,,
2015-05-20,25.7,25.7,25.7,25.7,14,EQ,,,
2015-05-21,25.5,25.8,25.5,25.7,36,EQ,,,
2015-05-22,25.7,25.7,25.5,25.5,5,EQ,,,
2015-05-25,26.1,26.1,25.2,25.3,103,EQ,,,
2015-05-26,25.35,25.7,25.25,25.3,13,EQ,,,
2015-05-27,25.7,25.7,25.7,25.7,2,EQ,,,
2015-05-28,25.3,25.5,25.1,25.15,111,EQ,,,
2015-05-29,25.25,25.45,25.25,25.45,10,EQ,,,
2015-06-01,25.55,25.55,25.55,25.55,1,EQ,,,
2015-06-02,25.55,25.55,25.55,25.55,1,EQ,,,
2015-06-03,25.55,25.55,25.2,25.2,54,EQ,,,
2015-06-04,25.0,25.45,25.0,25.15,98,EQ,,,
2015-06-05,25.0,25.0,25.0,25.0,18,EQ,,,
2015-06-08,25.5,25.5,24.9,25.2,28,EQ,,,
2015-06-09,24.8,25.55,24.55,25.0,60,EQ,,,
2015-06-10,25.35,25.4,24.95,25.2,41,EQ,,,
2015-06-11,25.2,25.35,24.75,25.0,32,EQ,,,
2015-06-12,25.0,25.3,24.85,25.25,190,EQ,,,
2015-06-15,25.25,25.25,24.9,24.9,8,EQ,,,
2015-06-16,24.95,25.35,24.95,25.1,19,EQ,,,
2015-06-17,25.4,25.4,25.4,25.4,1,EQ,,,
2015-06-18,25.0,25.25,25.0,25.05,33,EQ,,,
2015-06-19,25.25,25.25,25.25,25.25,60,EQ,,,
2015-06-22,25.35,25.35,24.9,25.1,86,EQ,,,
2015-06-23,25.1,25.5,24.75,25.45,50,EQ,,,
2015-06-24,25.5,25.5,24.75,24.95,132,EQ,,,
2015-06-25,24.7,25.35,24.7,25.05,25,EQ,,,
2015-06-26,24.7,24.9,24.65,24.7,253,EQ,,,
2015-06-29,25.2,25.2,25.2,25.2,2,EQ,,,
2015-06-30,25.2,25.2,24.8,25.0,91,EQ,,,
2015-07-01,24.05,25.5,24.05,25.35,57,EQ,,,
2015-07-02,25.35,25.35,24.65,24.65,82,EQ,,,
2015-07-03,24.65,25.0,24.65,24.9,17,EQ,,,
2015-07-06,25.5,25.5,24.55,25.35,29,EQ,,,
2015-07-07,25.25,25.35,24.5,24.6,77,EQ,,,
2015-07-08,24.35,24.5,24.35,24.5,56,EQ,,,
2015-07-09,24.75,24.9,24.75,24.9,9,EQ,,,
2015-07-10,25.0,25.0,24.55,24.55,75,EQ,,,
2015-07-13,25.0,25.0,24.45,24.45,78,EQ,,,
2015-07-14,24.4,24.7,24.35,24.35,39,EQ,,,
2015-07-15,24.25,24.6,24.25,24.25,16,EQ,,,
2015-07-16,24.1,24.4,24.1,24.35,101,EQ,,,
2015-07-17,24.3,24.5,24.15,24.5,25,EQ,,,
2015-07-20,24.5,24.5,24.0,24.2,45,EQ,,,
2015-07-21,24.6,24.6,24.1,24.25,58,EQ,,,
2015-07-22,23.65,24.75,23.65,24.5,100,EQ,,,
2015-07-23,24.0,24.85,23.85,23.95,220,EQ,,,
2015-07-24,23.75,24.0,23.65,23.85,119,EQ,,,
2015-07-27,23.75,23.95,23.75,23.75,23,EQ,,,
2015-07-28,24.0,24.2,23.85,24.0,53,EQ,,,
2015-07-29,23.6,23.8,23.6,23.6,13,EQ,,,
2015-07-30,23.6,23.7,23.4,23.5,50,EQ,,,
2015-07-31,23.45,23.55,23.25,23.55,21,EQ,,,
2015-08-03,23.55,23.55,23.4,23.55,29,EQ,,,
2015-08-04,23.45,23.45,22.65,23.45,623,EQ,,,
2015-08-05,23.4,23.45,23.25,23.45,59,EQ,,,
2015-08-06,23.1,23.3,23.1,23.25,30,EQ,,,
2015-08-07,23.25,23.45,23.15,23.3,82,EQ,,,
2015-08-10,23.45,23.8,23.2,23.8,70,EQ,,,
2015-08-11,23.55,24.0,23.55,23.9,32,EQ,,,
2015-08-12,23.55,24.3,23.55,24.25,84,EQ,,,
2015-08-13,24.6,24.6,24.4,24.6,9,EQ,,,
2015-08-14,24.6,24.6,24.1,24.35,11,EQ,,,
2015-08-17,24.6,24.6,24.3,24.55,12,EQ,,,
2015-08-18,24.45,24.45,24.3,24.3,6,EQ,,,
2015-08-19,24.4,24.5,24.3,24.5,57,EQ,,,
2015-08-20,24.5,24.85,24.5,24.85,173,EQ,,,
2015-08-21,25.0,25.45,25.0,25.05,64,EQ,,,
2015-08-24,25.15,25.45,25.05,25.1,80,EQ,,,
2015-08-25,24.15,25.45,24.15,24.3,352,EQ,,,
2015-08-26,24.25,24.25,24.25,24.25,4,EQ,,,
2015-08-27,24.6,24.6,24.2,24.2,8,EQ,,,
2015-08-28,24.15,24.55,24.15,24.55,24,EQ,,,
2015-08-31,24.4,24.4,24.4,24.4,1,EQ,,,
2015-09-01,24.75,24.75,24.45,24.5,19,EQ,,,
2015-09-02,24.95,24.95,24.5,24.7,27,EQ,,,
2015-09-03,24.95,24.95,24.5,24.5,7,EQ,,,
2015-09-04,23.8,24.7,23.8,24.55,9,EQ,,,
2015-09-07,24.15,24.65,24.15,24.15,8,EQ,,,
2015-09-08,24.75,24.75,24.1,24.3,11,EQ,,,
2015-09-09,24.95,24.95,24.5,24.5,6,EQ,,,
2015-09-10,24.4,24.4,24.0,24.15,3,EQ,,,
2015-09-11,24.5,24.5,23.6,23.8,41,EQ,,,
2015-09-14,24.45,24.45,23.6,24.2,12,EQ,,,
2015-09-15,24.0,24.0,24.0,24.0,5,EQ,,,
2015-09-16,24.4,24.4,24.0,24.15,13,EQ,,,
2015-09-18,24.05,24.5,24.05,24.25,18,EQ,,,
2015-09-21,24.9,24.9,24.15,24.15,4,EQ,,,
2015-09-22,24.65,24.65,24.65,24.65,1,EQ,,,
2015-09-23,24.5,24.5,24.05,24.45,11,EQ,,,
2015-09-24,24.8,24.8,24.15,24.3,63,EQ,,,
2015-09-28,24.65,24.65,24.1,24.2,24,EQ,,,
2015-09-29,24.45,24.45,23.8,23.85,12,EQ,,,
2015-10-01,23.85,24.25,23.5,23.6,88,EQ,,,
2015-10-05,24.2,24.2,23.5,23.6,29,EQ,,,
2015-10-06,23.3,23.9,23.3,23.6,58,EQ,,,
2015-10-07,23.8,24.05,23.35,23.6,76,EQ,,,
2015-10-08,23.3,23.8,23.2,23.2,12,EQ,,,
2015-10-09,23.7,23.7,23.25,23.55,54,EQ,,,
2015-10-12,23.35,23.4,23.35,23.4,4,EQ,,,
2015-10-13,23.1,23.15,23.1,23.15,22,EQ,,,
2015-10-14,23.25,23.3,23.1,23.25,18,EQ,,,
2015-10-15,23.05,23.05,23.05,23.05,10,EQ,,,
2015-10-16,23.05,23.15,23.05,23.15,5,EQ,,,
2015-10-19,23.5,23.7,23.3,23.6,86,EQ,,,
2015-10-20,23.25,23.9,23.25,23.9,35,EQ,,,
2015-10-21,24.4,24.7,23.85,24.0,106,EQ,,,
2015-10-23,23.75,24.4,23.75,24.0,31,EQ,,,
2015-10-26,23.7,23.7,23.7,23.7,5,EQ,,,
2015-10-27,24.45,24.45,23.7,24.4,4,EQ,,,
2015-10-28,24.4,24.4,24.4,24.4,1,EQ,,,
2015-10-29,24.1,24.1,24.1,24.1,18,EQ,,,
2015-10-30,23.9,23.9,23.9,23.9,1,EQ,,,
2015-11-02,23.55,23.6,23.55,23.6,3,EQ,,,
2015-11-03,24.4,24.4,23.6,23.9,15,EQ,,,
2015-11-04,24.3,24.3,23.35,23.4,29,EQ,,,
2015-11-05,23.05,23.2,23.05,23.2,47,EQ,,,
2015-11-06,23.0,23.5,23.0,23.5,32,EQ,,,
2015-11-09,23.0,24.0,22.85,23.45,288,EQ,,,
2015-11-10,23.15,23.5,23.15,23.45,9,EQ,,,
2015-11-11,24.0,24.0,23.15,23.45,14,EQ,,,
2015-11-13,22.65,23.0,22.65,23.0,27,EQ,,,
2015-11-16,23.7,23.7,22.75,22.75,34,EQ,,,
2015-11-17,22.5,22.5,22.5,22.5,2,EQ,,,
2015-11-18,22.5,22.9,22.5,22.65,17,EQ,,,
2015-11-19,22.25,22.75,22.15,22.35,111,EQ,,,
2015-11-20,22.3,22.35,22.3,22.35,5,EQ,,,
2015-11-23,22.75,22.75,22.65,22.65,19,EQ,,,
2015-11-24,22.25,22.45,22.2,22.2,50,EQ,,,
2015-11-26,22.25,22.3,22.0,22.3,22,EQ,,,
2015-11-27,22.5,22.5,22.0,22.1,65,EQ,,,
2015-11-30,21.95,22.25,21.5,21.6,81,EQ,,,
2015-12-01,21.65,21.95,21.6,21.95,71,EQ,,,
2015-12-02,21.9,21.95,21.7,21.7,25,EQ,,,
2015-12-03,21.7,21.7,21.6,21.7,11,EQ,,,
2015-12-04,22.0,22.0,22.0,22.0,11,EQ,,,
2015-12-07,22.0,22.0,22.0,22.0,61,EQ,,,
2015-12-08,21.75,21.85,21.2,21.85,5,EQ,,,
2015-12-09,22.1,22.1,21.4,21.45,34,EQ,,,
2015-12-10,22.15,22.2,21.35,21.95,54,EQ,,,
2015-12-11,21.2,22.1,21.2,21.4,32,EQ,,,
2015-12-14,22.0,22.0,21.25,21.25,35,EQ,,,
2015-12-15,21.9,21.9,21.55,21.55,67,EQ,,,
2015-12-16,21.9,21.9,21.9,21.9,5,EQ,,,
2015-12-17,21.5,21.65,21.5,21.55,13,EQ,,,
2015-12-18,21.7,21.7,21.4,21.65,69,EQ,,,
2015-12-21,22.15,22.15,21.3,21.4,50,EQ,,,
2015-12-22,20.5,21.65,20.5,21.65,10,EQ,,,
2015-12-23,22.0,22.0,21.7,21.7,5,EQ,,,
2015-12-24,22.0,22.0,21.6,21.9,9,EQ,,,
2015-12-28,21.9,21.9,21.35,21.35,5,EQ,,,
2015-12-29,21.25,21.35,21.25,21.3,6,EQ,,,
2015-12-30,21.25,21.25,21.25,21.25,11,EQ,,,
2015-12-31,21.1,21.75,21.1,21.55,11,EQ,,,
2016-01-04,21.55,21.55,21.2,21.35,74,EQ,,,
2016-01-05,21.3,21.75,21.3,21.3,6,EQ,,,
2016-01-06,21.3,21.3,21.3,21.3,2,EQ,,,
2016-01-07,21.45,21.9,21.45,21.75,46,EQ,,,
2016-01-08,21.85,21.85,21.55,21.6,13,EQ,,,
2016-01-11,21.6,21.6,21.25,21.5,32,EQ,,,
2016-01-12,22.0,22.0,21.8,21.8,7,EQ,,,
2016-01-13,22.0,22.0,21.1,21.35,21,EQ,,,
2016-01-15,22.0,22.0,22.0,22.0,2,EQ,,,
2016-01-18,21.75,21.75,21.15,21.15,17,EQ,,,
2016-01-19,20.85,20.95,20.5,20.6,89,EQ,,,
2016-01-20,20.8,20.8,20.15,20.65,42,EQ,,,
2016-01-21,21.45,21.45,20.3,20.75,10,EQ,,,
2016-01-22,20.85,20.85,20.5,20.5,11,EQ,,,
2016-01-25,21.45,22.0,20.3,21.15,133,EQ,,,
2016-01-27,21.0,21.7,21.0,21.05,116,EQ,,,
2016-01-28,21.05,21.05,20.75,20.75,12,EQ,,,
2016-01-29,21.2,21.2,20.55,20.7,16,EQ,,,
2016-02-01,20.7,20.95,20.7,20.95,11,EQ,,,
2016-02-02,21.95,21.95,20.9,20.9,39,EQ,,,
2016-02-03,21.95,22.6,21.85,22.2,284,EQ,,,
2016-02-04,22.2,23.0,22.2,23.0,90,EQ,,,
2016-02-05,21.85,24.0,21.85,23.55,106,EQ,,,
2016-02-08,23.55,24.45,23.55,24.45,12,EQ,,,
2016-02-09,23.8,24.7,23.45,23.45,14,EQ,,,
2016-02-10,23.45,25.8,23.45,25.2,417,EQ,,,
2016-02-11,24.25,26.1,24.25,24.7,53,EQ,,,
2016-02-12,25.0,26.1,24.7,25.45,126,EQ,,,
2016-02-15,24.2,25.0,24.2,25.0,11,EQ,,,
2016-02-16,25.6,25.6,24.15,25.5,128,EQ,,,
2016-02-17,25.5,25.5,24.45,25.5,84,EQ,,,
2016-02-18,24.2,26.0,24.2,25.5,105,EQ,,,
2016-02-19,25.0,26.0,25.0,25.95,66,EQ,,,
2016-02-22,26.0,26.0,25.2,26.0,109,EQ,,,
2016-02-23,25.5,25.9,25.5,25.9,44,EQ,,,
2016-02-24,26.2,26.3,26.2,26.25,59,EQ,,,
2016-02-25,25.6,26.0,25.6,26.0,39,EQ,,,
2016-02-26,25.8,25.8,25.7,25.7,13,EQ,,,
2016-02-29,26.05,27.35,25.75,25.8,72,EQ,,,
2016-03-01,25.8,26.0,25.5,26.0,81,EQ,,,
2016-03-02,25.5,26.0,25.05,26.0,163,EQ,,,
2016-03-03,26.0,26.05,25.9,26.0,367,EQ,,,
2016-03-04,25.9,26.8,25.9,26.45,133,EQ,,,
2016-03-08,26.1,26.5,25.85,26.5,189,EQ,,,
2016-03-09,26.1,26.1,25.9,25.95,15,EQ,,,
2016-03-10,25.95,26.75,25.95,26.5,43,EQ,,,
2016-03-11,26.1,27.25,26.1,27.0,100,EQ,,,
2016-03-14,26.1,26.9,26.1,26.9,81,EQ,,,
2016-03-15,26.3,26.95,26.3,26.5,32,EQ,,,
2016-03-16,26.4,26.6,26.2,26.6,29,EQ,,,
2016-03-17,26.9,26.9,26.25,26.45,26,EQ,,,
2016-03-18,26.95,27.1,26.4,26.9,117,EQ,,,
2016-03-21,26.85,27.0,26.3,26.6,10,EQ,,,
2016-03-22,26.15,26.85,26.15,26.75,22,EQ,,,
2016-03-23,26.9,26.95,26.05,26.4,21,EQ,,,
2016-03-28,25.35,26.4,25.35,26.0,55,EQ,,,
2016-03-29,26.25,26.3,26.25,26.25,19,EQ,,,
2016-03-30,26.5,26.5,26.5,26.5,9,EQ,,,
2016-03-31,25.75,26.45,25.6,25.6,19,EQ,,,
2016-04-01,26.5,26.8,25.8,26.7,35,EQ,,,
2016-04-04,26.0,26.3,25.75,25.85,42,EQ,,,
2016-04-05,25.65,26.2,25.65,26.1,28,EQ,,,
2016-04-06,26.05,26.5,26.05,26.5,29,EQ,,,
2016-04-07,26.4,26.9,25.95,26.9,51,EQ,,,
2016-04-08,26.9,26.9,26.85,26.85,25,EQ,,,
2016-04-11,26.5,27.1,26.5,27.1,46,EQ,,,
2016-04-12,27.1,27.4,27.1,27.4,45,EQ,,,
2016-04-13,26.85,27.3,26.85,27.1,40,EQ,,,
2016-04-18,26.15,27.5,26.15,27.1,45,EQ,,,
2016-04-20,27.35,27.8,27.35,27.45,19,EQ,,,
2016-04-21,27.7,28.0,27.6,27.7,54,EQ,,,
2016-04-22,27.3,27.7,27.2,27.7,11,EQ,,,
2016-04-25,27.85,27.9,27.75,27.85,7,EQ,,,
2016-04-26,27.3,27.3,27.25,27.25,4,EQ,,,
2016-04-27,27.75,27.75,27.25,27.3,54,EQ,,,
2016-04-28,27.3,27.35,27.3,27.35,38,EQ,,,
2016-04-29,27.75,28.3,27.75,28.05,123,EQ,,,
2016-05-02,28.0,28.45,27.9,28.4,137,EQ,,,
2016-05-03,28.0,28.4,28.0,28.35,31,EQ,,,
2016-05-04,27.9,27.9,27.85,27.85,17,EQ,,,
2016-05-05,27.85,28.05,27.85,27.9,64,EQ,,,
2016-05-06,28.8,28.8,27.65,28.1,88,EQ,,,
2016-05-09,28.6,28.95,28.0,28.5,175,EQ,,,
2016-05-10,27.65,27.75,27.65,27.75,53,EQ,,,
2016-05-11,27.75,27.85,27.75,27.75,9,EQ,,,
2016-05-12,27.5,27.85,27.3,27.85,51,EQ,,,
2016-05-13,28.4,28.4,27.35,28.0,197,EQ,,,
2016-05-16,27.65,28.0,27.65,28.0,20,EQ,,,
2016-05-17,27.75,28.35,27.45,27.45,7,EQ,,,
2016-05-19,27.3,28.7,27.2,28.0,281,EQ,,,
2016-05-20,27.65,27.65,27.65,27.65,14,EQ,,,
2016-05-23,27.5,28.7,27.5,27.7,449,EQ,,,
2016-05-24,27.25,28.5,27.25,27.75,437,EQ,,,
2016-05-25,27.5,27.5,26.85,27.2,241,EQ,,,
2016-05-26,27.45,27.65,26.65,27.2,437,EQ,,,
2016-05-27,26.6,27.25,26.2,26.8,140,EQ,,,
2016-05-30,27.8,28.5,26.5,26.5,424,EQ,,,
2016-05-31,26.6,26.6,26.3,26.6,17,EQ,,,
2016-06-01,27.45,27.85,26.55,26.85,417,EQ,,,
2016-06-02,27.0,27.0,26.7,26.7,19,EQ,,,
2016-06-03,26.55,28.1,26.5,26.9,420,EQ,,,
2016-06-07,26.7,27.95,26.35,26.5,463,EQ,,,
2016-06-08,26.9,27.3,26.9,27.0,23,EQ,,,
2016-06-09,26.95,27.3,26.95,27.0,10,EQ,,,
2016-06-10,27.6,27.6,27.05,27.1,89,EQ,,,
2016-06-13,28.0,28.45,27.2,27.95,417,EQ,,,
2016-06-14,27.05,27.9,27.05,27.9,18,EQ,,,
2016-06-15,27.5,27.5,27.1,27.1,13,EQ,,,
2016-06-16,27.15,28.0,27.15,28.0,61,EQ,,,
2016-06-17,27.5,27.5,27.3,27.3,5,EQ,,,
2016-06-20,28.0,29.0,27.1,28.0,684,EQ,,,
2016-06-21,28.6,28.6,28.0,28.0,3,EQ,,,
2016-06-22,27.45,27.7,27.45,27.5,32,EQ,,,
2016-06-23,28.5,28.5,28.5,28.5,3,EQ,,,
2016-06-24,28.5,28.5,27.8,28.5,134,EQ,,,
2016-06-27,28.5,28.9,28.5,28.5,53,EQ,,,
2016-06-28,28.5,28.5,28.05,28.05,2,EQ,,,
2016-06-29,28.15,28.5,28.15,28.5,22,EQ,,,
2016-06-30,28.95,28.95,28.5,28.5,2,EQ,,,
2016-07-01,28.95,28.95,28.5,28.7,57,EQ,,,
2016-07-04,28.55,29.0,28.55,28.9,246,EQ,,,
2016-07-05,28.85,28.85,28.85,28.85,48,EQ,,,
2016-07-07,28.6,29.0,28.6,29.0,54,EQ,,,
2016-07-08,28.7,28.7,28.3,28.4,17,EQ,,,
2016-07-11,28.45,28.95,28.3,28.95,73,EQ,,,
2016-07-12,28.45,29.0,28.45,28.6,28,EQ,,,
2016-07-13,29.45,29.45,27.05,29.0,516,EQ,,,
2016-07-14,28.55,28.9,28.55,28.65,107,EQ,,,
2016-07-15,28.9,28.9,28.5,28.5,7,EQ,,,
2016-07-18,28.3,28.3,28.3,28.3,25,EQ,,,
2016-07-19,28.55,28.9,28.55,28.9,67,EQ,,,
2016-07-20,28.55,28.8,28.1,28.1,6,EQ,,,
2016-07-21,28.9,28.9,28.25,28.3,8,EQ,,,
2016-07-22,28.3,28.7,28.3,28.4,30,EQ,,,
2016-07-25,28.3,29.2,28.3,28.65,34,EQ,,,
2016-07-26,28.4,28.45,28.4,28.45,9,EQ,,,
2016-07-27,28.4,28.7,28.4,28.55,101,EQ,,,
2016-07-28,28.65,29.0,28.65,29.0,70,EQ,,,
2016-07-29,28.45,28.8,28.45,28.8,42,EQ,,,
2016-08-01,28.8,29.2,28.65,29.1,51,EQ,,,
2016-08-02,29.1,29.3,28.7,28.8,67,EQ,,,
2016-08-03,28.5,29.3,28.5,29.3,126,EQ,,,
2016-08-04,28.75,29.4,28.65,29.1,30,EQ,,,
2016-08-05,28.6,29.3,28.6,29.2,60,EQ,,,
2016-08-08,28.6,28.7,28.6,28.7,96,EQ,,,
2016-08-09,28.75,28.8,28.75,28.8,26,EQ,,,
2016-08-10,28.7,29.25,28.7,29.25,40,EQ,,,
2016-08-11,29.25,29.25,29.25,29.25,30,EQ,,,
2016-08-12,28.7,28.7,28.7,28.7,2,EQ,,,
2016-08-16,28.5,29.3,28.5,29.3,79,EQ,,,
2016-08-17,29.15,29.3,29.15,29.3,48,EQ,,,
2016-08-18,29.4,29.4,29.4,29.4,10,EQ,,,
2016-08-19,29.4,29.45,29.4,29.4,43,EQ,,,
2016-08-22,29.5,29.5,28.8,28.8,6,EQ,,,
2016-08-23,28.9,29.35,28.9,29.3,25,EQ,,,
2016-08-24,29.2,29.5,29.2,29.5,7,EQ,,,
2016-08-25,29.0,29.1,28.9,29.1,4,EQ,,,
2016-08-26,28.75,29.0,28.75,29.0,13,EQ,,,
2016-08-29,29.5,29.5,28.6,28.6,17,EQ,,,
2016-08-30,28.65,29.0,28.25,29.0,43,EQ,,,
2016-08-31,28.5,28.75,28.5,28.55,26,EQ,,,
2016-09-01,29.45,29.45,28.15,28.65,39,EQ,,,
2016-09-02,29.2,29.2,28.25,28.65,72,EQ,,,
2016-09-06,28.25,28.9,28.25,28.9,70,EQ,,,
2016-09-07,29.2,29.25,29.2,29.25,48,EQ,,,
2016-09-08,29.0,29.2,28.9,29.2,54,EQ,,,
2016-09-09,28.95,28.95,28.8,28.85,13,EQ,,,
2016-09-12,28.55,28.9,28.55,28.9,17,EQ,,,
2016-09-14,28.9,28.9,28.65,28.9,83,EQ,,,
2016-09-15,28.9,28.9,28.9,28.9,45,EQ,,,
2016-09-16,28.7,28.7,28.7,28.7,8,EQ,,,
2016-09-19,28.75,28.75,28.75,28.75,4,EQ,,,
2016-09-20,28.9,28.9,28.9,28.9,10,EQ,,,
2016-09-21,29.45,29.45,28.55,29.0,37,EQ,,,
2016-09-22,29.2,29.3,29.2,29.3,67,EQ,,,
2016-09-23,29.55,29.55,28.8,29.0,87,EQ,,,
2016-09-26,28.9,29.25,28.9,29.25,46,EQ,,,
2016-09-27,28.65,29.75,28.65,29.0,9,EQ,,,
2016-09-28,28.35,28.95,28.35,28.95,5,EQ,,,
2016-09-29,28.7,28.75,28.7,28.75,5,EQ,,,
2016-09-30,28.6,28.95,28.6,28.95,22,EQ,,,
2016-10-03,29.45,29.45,29.35,29.35,4,EQ,,,
2016-10-05,28.3,28.3,28.3,28.3,18,EQ,,,
2016-10-06,27.9,28.45,27.9,28.15,4,EQ,,,
2016-10-10,28.7,28.7,28.7,28.7,4,EQ,,,
2016-10-13,28.1,28.1,27.85,28.0,11,EQ,,,
2016-10-17,27.6,27.6,27.6,27.6,3,EQ,,,
2016-10-18,27.7,27.9,27.55,27.8,11,EQ,,,
2016-10-19,27.2,27.6,27.2,27.6,4,EQ,,,
2016-10-20,28.5,29.45,28.05,28.05,40,EQ,,,
2016-10-21,28.9,28.9,27.6,27.75,13,EQ,,,
2016-10-24,28.9,28.9,27.45,27.6,26,EQ,,,
2016-10-25,27.4,27.9,27.2,27.9,13,EQ,,,
2016-10-26,27.65,27.65,27.65,27.65,13,EQ,,,
2016-10-27,28.0,28.2,27.6,27.6,14,EQ,,,
2016-10-28,29.15,29.45,28.1,28.2,157,EQ,,,
2016-10-30,28.75,29.45,28.25,28.8,25,EQ,,,
2016-11-01,27.7,27.8,27.7,27.75,10,EQ,,,
2016-11-02,28.8,28.8,27.55,28.0,150,EQ,,,
2016-11-03,28.5,28.5,28.5,28.5,33,EQ,,,
2016-11-04,27.6,28.9,27.6,28.75,44,EQ,,,
2016-11-07,27.95,27.95,27.65,27.9,11,EQ,,,
2016-11-08,28.7,28.7,28.0,28.0,2,EQ,,,
2016-11-09,29.0,29.75,28.25,28.4,51,EQ,,,
2016-11-10,27.75,27.75,27.75,27.75,2,EQ,,,
2016-11-11,27.8,27.85,27.1,27.75,20,EQ,,,
2016-11-15,27.2,27.2,27.1,27.1,17,EQ,,,
2016-11-16,27.1,27.1,27.1,27.1,2,EQ,,,
2016-11-18,27.2,27.2,27.1,27.1,14,EQ,,,
2016-11-21,29.55,29.55,27.1,27.1,5,EQ,,,
2016-11-23,28.85,28.85,26.2,26.5,32,EQ,,,
2016-11-24,26.6,26.6,26.15,26.6,45,EQ,,,
2016-11-25,26.0,26.0,26.0,26.0,5,EQ,,,
2016-11-28,26.1,27.2,26.05,27.1,94,EQ,,,
2016-11-30,26.3,26.55,26.3,26.5,32,EQ,,,
2016-12-02,27.9,27.9,25.85,26.25,25,EQ,,,
2016-12-05,26.0,26.9,26.0,26.8,65,EQ,,,
2016-12-08,26.1,26.25,26.1,26.25,4,EQ,,,
2016-12-09,26.0,26.0,26.0,26.0,10,EQ,,,
2016-12-13,25.3,25.3,25.3,25.3,1,EQ,,,
2016-12-15,26.5,26.5,25.4,25.4,11,EQ,,,
2016-12-16,25.3,25.3,25.3,25.3,1,EQ,,,
2016-12-19,25.3,25.3,25.3,25.3,12,EQ,,,
2016-12-20,25.3,25.8,25.3,25.8,7,EQ,,,
2016-12-21,26.0,26.0,25.75,25.75,7,EQ,,,
2016-12-22,25.75,25.75,25.3,25.3,4,EQ,,,
2016-12-23,27.3,27.3,24.8,24.8,28,EQ,,,
2016-12-27,26.75,26.75,24.55,26.4,18,EQ,,,
2016-12-28,24.8,26.0,24.4,25.95,148,EQ,,,
2016-12-29,27.0,27.0,25.95,25.95,7,EQ,,,
2017-01-02,25.2,25.2,25.2,25.2,6,EQ,,,
2017-01-03,27.9,28.75,27.05,27.25,22,EQ,,,
2017-01-04,26.0,26.35,25.5,26.35,11,EQ,,,
2017-01-05,26.5,26.5,26.5,26.5,1,EQ,,,
2017-01-10,25.6,26.85,25.6,26.85,348,EQ,,,
2017-01-13,26.85,26.85,26.85,26.85,2,EQ,,,
2017-01-16,27.25,27.25,27.25,27.25,5,EQ,,,
2017-01-17,25.25,27.5,25.25,27.5,32,EQ,,,
2017-01-18,27.5,27.5,27.5,27.5,17,EQ,,,
2017-01-19,26.3,27.3,26.3,27.3,14,EQ,,,
2017-01-20,27.3,27.4,27.3,27.4,6,EQ,,,
2017-01-23,29.9,29.9,28.0,28.0,10,EQ,,,
2017-01-24,27.6,27.6,27.6,27.6,5,EQ,,,
2017-01-25,27.4,27.4,27.4,27.4,1,EQ,,,
2017-01-27,27.4,27.4,27.0,27.0,10,EQ,,,
2017-01-30,27.0,27.0,27.0,27.0,2,EQ,,,
2017-01-31,27.0,27.0,27.0,27.0,1,EQ,,,
2017-02-01,27.4,27.4,27.4,27.4,2,EQ,,,
2017-02-06,27.0,28.0,26.2,28.0,4,EQ,,,
2017-02-08,26.5,26.5,26.5,26.5,2,EQ,,,
2017-02-09,27.95,27.95,27.95,27.95,5,EQ,,,
2017-02-10,27.0,27.0,27.0,27.0,25,EQ,,,
2017-02-13,27.0,27.0,27.0,27.0,8,EQ,,,
2017-02-14,26.7,27.0,26.7,27.0,13,EQ,,,
2017-02-15,27.0,27.0,27.0,27.0,1,EQ,,,
2017-02-16,27.55,27.55,27.55,27.55,7,EQ,,,
2017-02-17,27.55,27.55,27.55,27.55,12,EQ,,,
2017-02-20,27.5,27.5,27.5,27.5,1,EQ,,,
2017-02-21,28.0,28.0,27.55,27.55,3,EQ,,,
2017-02-22,26.8,27.95,26.8,27.95,3,EQ,,,
2017-02-23,27.8,28.0,26.25,27.4,12,EQ,,,
2017-02-27,26.65,27.35,26.65,27.35,15,EQ,,,
2017-02-28,26.85,27.75,26.85,27.75,37,EQ,,,
2017-03-01,27.7,27.95,27.7,27.8,33,EQ,,,
2017-03-02,27.0,27.05,27.0,27.05,24,EQ,,,
2017-03-03,28.0,28.0,26.7,27.0,5,EQ,,,
2017-03-06,27.8,27.8,26.8,27.1,87,EQ,,,
2017-03-07,26.75,26.75,26.75,26.75,4,EQ,,,
2017-03-08,26.35,26.5,26.35,26.5,12,EQ,,,
2017-03-09,27.0,27.0,26.1,26.1,39,EQ,,,
2017-03-10,27.45,27.45,27.45,27.45,3,EQ,,,
2017-03-14,26.5,26.5,26.5,26.5,1,EQ,,,
2017-03-16,26.75,26.75,26.15,26.25,74,EQ,,,
2017-03-20,26.3,26.5,24.05,25.65,115,EQ,,,
2017-03-21,27.45,27.45,27.0,27.0,2,EQ,,,
2017-03-22,26.4,27.0,26.4,27.0,35,EQ,,,
2017-03-23,27.0,27.45,27.0,27.45,6,EQ,,,
2017-03-24,25.2,26.1,25.2,26.1,7,EQ,,,
2017-03-27,26.15,27.25,26.15,27.25,28,EQ,,,
2017-03-28,27.25,27.4,27.25,27.4,5,EQ,,,
2017-03-29,27.4,27.4,27.4,27.4,1,EQ,,,
2017-03-30,27.35,27.35,27.35,27.35,2,EQ,,,
2017-03-31,26.5,26.5,26.5,26.5,10,EQ,,,
2017-04-03,27.0,27.3,27.0,27.3,4,EQ,,,
2017-04-05,26.05,27.3,26.05,26.3,19,EQ,,,
2017-04-06,26.35,27.25,26.35,27.25,6,EQ,,,
2017-04-07,27.1,27.1,27.1,27.1,32,EQ,,,
2017-04-10,27.35,27.35,26.55,26.55,14,EQ,,,
2017-04-11,26.9,27.1,26.9,27.0,26,EQ,,,
2017-04-12,27.45,27.45,27.45,27.45,47,EQ,,,
2017-04-13,27.35,27.6,27.35,27.55,14,EQ,,,
2017-04-17,27.65,27.65,27.65,27.65,1,EQ,,,
2017-04-18,27.05,27.1,27.0,27.0,10,EQ,,,
2017-04-19,26.55,27.7,26.5,27.6,228,EQ,,,
2017-04-20,26.8,27.0,26.8,27.0,9,EQ,,,
2017-04-21,27.0,27.0,27.0,27.0,8,EQ,,,
2017-04-24,28.0,28.0,27.0,27.0,18,EQ,,,
2017-04-25,27.0,27.0,27.0,27.0,4,EQ,,,
2017-04-26,26.65,27.1,26.65,27.1,23,EQ,,,
2017-04-27,27.7,28.0,27.0,27.0,6,EQ,,,
2017-04-28,27.0,27.8,27.0,27.65,7,EQ,,,
2017-05-02,26.9,26.9,26.5,26.65,14,EQ,,,
2017-05-03,26.65,26.75,26.65,26.75,11,EQ,,,
2017-05-04,26.4,26.4,26.2,26.25,11,EQ,,,
2017-05-05,26.25,26.7,26.2,26.7,19,EQ,,,
2017-05-08,26.6,26.6,26.05,26.25,11,EQ,,,
2017-05-09,26.35,26.35,26.0,26.35,144,EQ,,,
2017-05-10,26.9,26.9,26.5,26.5,11,EQ,,,
2017-05-11,26.2,26.2,26.1,26.1,4,EQ,,,
2017-05-15,25.85,26.25,25.85,26.25,22,EQ,,,
2017-05-16,26.9,26.9,26.85,26.9,6,EQ,,,
2017-05-17,26.8,26.8,26.15,26.15,2,EQ,,,
2017-05-18,26.9,26.9,26.9,26.9,80,EQ,,,
2017-05-19,26.3,27.25,26.3,26.85,49,EQ,,,
2017-05-22,26.5,27.7,26.4,26.4,11,EQ,,,
2017-05-23,27.55,27.55,26.6,26.6,4,EQ,,,
2017-05-24,26.3,27.2,26.3,27.15,57,EQ,,,
2017-05-25,27.0,27.0,27.0,27.0,4,EQ,,,
2017-05-26,27.0,27.0,27.0,27.0,3,EQ,,,
2017-05-29,26.8,27.2,26.8,27.2,7,EQ,,,
2017-05-30,27.05,27.05,27.0,27.0,75,EQ,,,
2017-05-31,26.4,26.55,26.4,26.55,3,EQ,,,
2017-06-02,27.6,27.6,26.3,27.0,19,EQ,,,
2017-06-05,26.7,26.7,26.7,26.7,8,EQ,,,
2017-06-07,26.9,26.9,26.45,26.65,31,EQ,,,
2017-06-08,26.45,26.9,26.45,26.55,24,EQ,,,
2017-06-12,26.6,26.6,26.5,26.6,23,EQ,,,
2017-06-13,26.6,26.6,26.45,26.6,96,EQ,,,
2017-06-14,26.35,26.4,26.35,26.4,2,EQ,,,
2017-06-15,26.4,26.4,26.25,26.4,34,EQ,,,
2017-06-16,26.05,26.9,26.05,26.9,4,EQ,,,
2017-06-19,26.3,26.3,26.3,26.3,3,EQ,,,
2017-06-20,26.1,26.4,26.1,26.4,66,EQ,,,
2017-06-21,26.1,26.5,26.1,26.5,12,EQ,,,
2017-06-22,26.5,26.75,26.5,26.75,82,EQ,,,
2017-06-23,27.55,27.6,26.15,26.7,54,EQ,,,
2017-06-27,26.7,26.7,26.1,26.7,41,EQ,,,
2017-06-28,26.2,26.7,26.2,26.45,87,EQ,,,
2017-06-29,26.1,26.1,26.1,26.1,2,EQ,,,
2017-06-30,26.1,26.1,26.1,26.1,8,EQ,,,
2017-07-03,26.1,26.1,26.1,26.1,4,EQ,,,
2017-07-05,25.7,25.7,25.7,25.7,5,EQ,,,
2017-07-06,26.3,26.5,25.7,25.75,38,EQ,,,
2017-07-07,25.75,25.75,25.75,25.75,3,EQ,,,
2017-07-10,25.5,25.75,25.5,25.75,6,EQ,,,
2017-07-11,25.4,25.4,25.4,25.4,15,EQ,,,
2017-07-12,25.5,26.0,25.45,25.5,23,EQ,,,
2017-07-13,25.4,25.5,25.4,25.5,24,EQ,,,
2017-07-14,25.5,25.5,25.25,25.25,36,EQ,,,
2017-07-17,26.0,26.0,25.35,25.6,3,EQ,,,
2017-07-18,25.3,25.5,25.3,25.5,8,EQ,,,
2017-07-19,25.25,25.4,25.25,25.35,6,EQ,,,
2017-07-20,25.95,26.0,25.95,26.0,127,EQ,,,
2017-07-21,26.2,26.2,26.2,26.2,5,EQ,,,
2017-07-24,27.35,27.35,26.35,26.35,7,EQ,,,
2017-07-25,26.5,26.8,25.9,25.9,12,EQ,,,
2017-07-26,25.8,26.0,25.5,26.0,23,EQ,,,
2017-07-27,26.9,26.9,26.0,26.35,22,EQ,,,
2017-07-28,26.3,26.3,26.3,26.3,19,EQ,,,
2017-07-31,26.0,26.0,25.9,25.9,5,EQ,,,
2017-08-01,25.75,25.75,25.75,25.75,6,EQ,,,
2017-08-02,25.75,26.4,25.65,26.3,57,EQ,,,
2017-08-04,26.2,26.2,26.2,26.2,4,EQ,,,
2017-08-07,26.0,26.0,26.0,26.0,3,EQ,,,
2017-08-08,26.7,26.7,25.75,25.8,21,EQ,,,
2017-08-09,25.75,26.4,25.75,26.3,30,EQ,,,
2017-08-10,26.75,26.75,26.75,26.75,89,EQ,,,
2017-08-11,26.5,26.75,26.5,26.75,34,EQ,,,
2017-08-14,26.5,26.65,26.2,26.65,56,EQ,,,
2017-08-16,26.5,26.5,26.15,26.15,26,EQ,,,
2017-08-17,26.8,26.8,26.5,26.5,21,EQ,,,
2017-08-18,26.0,26.4,26.0,26.4,26,EQ,,,
2017-08-21,26.0,26.65,26.0,26.6,10642,EQ,,,
2017-08-22,26.25,26.9,26.25,26.9,46,EQ,,,
2017-08-23,26.8,26.8,26.6,26.6,38,EQ,,,
2017-08-28,26.6,27.0,26.55,26.55,5,EQ,,,
2017-08-29,26.95,27.5,26.95,27.45,129,EQ,,,
2017-09-01,27.5,27.5,27.5,27.5,6,EQ,,,
2017-09-04,28.4,28.4,28.2,28.2,2,EQ,,,
2017-09-05,28.2,28.2,27.8,28.0,49,EQ,,,
2017-09-06,27.4,28.75,27.2,28.55,72,EQ,,,
2017-09-07,27.8,28.0,27.8,28.0,22,EQ,,,
2017-09-08,27.65,28.0,27.65,28.0,138,EQ,,,
2017-09-11,27.5,28.5,27.5,27.75,248,EQ,,,
2017-09-12,27.5,27.55,27.5,27.55,30,EQ,,,
2017-09-13,27.55,27.55,27.5,27.5,15,EQ,,,
2017-09-14,27.5,27.55,27.5,27.5,100,EQ,,,
2017-09-15,27.45,27.45,27.3,27.4,18,EQ,,,
2017-09-18,27.05,27.4,27.05,27.35,58,EQ,,,
2017-09-19,27.3,27.5,27.3,27.4,17,EQ,,,
2017-09-20,27.4,27.4,27.3,27.3,23,EQ,,,
2017-09-21,27.3,27.3,27.3,27.3,19,EQ,,,
2017-09-22,27.3,27.3,27.15,27.3,31,EQ,,,
2017-09-25,27.8,27.8,27.3,27.3,15,EQ,,,
2017-09-26,27.3,27.75,27.25,27.75,67,EQ,,,
2017-09-27,27.2,27.75,27.2,27.5,38,EQ,,,
2017-10-03,27.7,27.7,27.3,27.3,4,EQ,,,
2017-10-04,27.0,27.2,27.0,27.2,15,EQ,,,
2017-10-05,27.75,27.75,27.1,27.1,14,EQ,,,
2017-10-06,27.1,27.1,27.1,27.1,1,EQ,,,
2017-10-09,27.1,27.4,27.05,27.05,52,EQ,,,
2017-10-10,27.25,27.75,27.1,27.1,36,EQ,,,
2017-10-11,27.5,27.5,27.5,27.5,10,EQ,,,
2017-10-12,27.4,27.4,27.4,27.4,10,EQ,,,
2017-10-13,27.75,27.75,27.15,27.35,4,EQ,,,
2017-10-16,27.35,27.4,27.35,27.4,23,EQ,,,
2017-10-17,27.75,29.9,27.75,29.1,2769,EQ,,,
2017-10-18,28.85,29.9,28.35,28.5,671,EQ,,,
2017-10-19,29.75,32.25,29.05,30.05,290,EQ,,,
2017-10-23,30.0,30.1,26.35,27.2,262,EQ,,,
2017-10-24,27.35,27.5,27.15,27.15,13,EQ,,,
2017-10-25,27.9,27.9,27.15,27.15,9,EQ,,,
2017-10-26,27.05,27.15,27.0,27.15,26,EQ,,,
2017-10-27,27.5,27.5,26.9,26.9,13,EQ,,,
2017-10-30,27.0,27.0,26.75,26.9,28,EQ,,,
2017-10-31,26.95,26.95,26.95,26.95,2,EQ,,,
2017-11-01,27.0,27.0,27.0,27.0,26,EQ,,,
2017-11-02,27.15,27.15,27.15,27.15,9,EQ,,,
2017-11-03,27.15,27.15,27.15,27.15,32,EQ,,,
2017-11-06,27.15,27.45,27.15,27.15,11,EQ,,,
2017-11-07,26.7,27.4,26.7,27.0,9,EQ,,,
2017-11-08,27.15,27.15,27.15,27.15,62,EQ,,,
2017-11-09,27.5,27.5,27.0,27.05,61,EQ,,,
2017-11-10,27.5,27.5,27.0,27.0,40,EQ,,,
2017-11-13,27.4,27.4,26.85,27.2,48,EQ,,,
2017-11-14,27.2,27.2,26.85,26.85,27,EQ,,,
2017-11-15,27.0,27.25,26.9,27.25,135,EQ,,,
2017-11-16,27.15,27.15,27.15,27.15,14,EQ,,,
2017-11-17,26.7,27.5,26.7,27.15,27,EQ,,,
2017-11-20,27.0,27.3,27.0,27.3,24,EQ,,,
2017-11-21,27.0,27.2,26.8,27.2,117,EQ,,,
2017-11-22,27.05,27.2,27.05,27.2,55,EQ,,,
2017-11-23,27.2,29.2,27.15,27.15,16,EQ,,,
2017-11-24,27.0,27.2,27.0,27.2,22,EQ,,,
2017-11-27,28.0,28.0,27.05,27.4,6,EQ,,,
2017-11-28,26.85,27.15,26.7,27.1,517,EQ,,,
2017-11-29,27.0,27.0,27.0,27.0,4,EQ,,,
2017-11-30,27.0,27.0,27.0,27.0,11,EQ,,,
2017-12-01,26.8,26.8,26.55,26.8,21,EQ,,,
2017-12-04,26.6,26.75,26.6,26.75,99,EQ,,,
2017-12-05,26.6,26.8,26.6,26.8,116,EQ,,,
2017-12-06,26.5,26.7,26.5,26.65,22,EQ,,,
2017-12-07,27.25,27.25,26.55,26.65,19,EQ,,,
2017-12-08,26.65,26.65,26.1,26.25,22,EQ,,,
2017-12-11,27.25,27.25,26.5,26.5,15,EQ,,,
2017-12-12,26.1,26.1,26.0,26.0,5,EQ,,,
2017-12-13,26.0,26.5,25.6,26.15,117,EQ,,,
2017-12-14,26.25,26.65,26.15,26.35,33,EQ,,,
2017-12-15,26.1,26.1,26.0,26.0,2,EQ,,,
2017-12-18,26.0,26.3,26.0,26.3,29,EQ,,,
2017-12-19,26.5,26.5,26.15,26.2,15,EQ,,,
2017-12-20,26.05,26.2,26.0,26.1,175,EQ,,,
2017-12-21,26.45,26.45,26.05,26.05,51,EQ,,,
2017-12-22,26.05,26.05,26.05,26.05,1,EQ,,,
2017-12-26,27.25,27.25,26.0,26.0,33,EQ,,,
2017-12-27,27.2,27.55,26.4,26.75,59,EQ,,,
2017-12-28,26.6,27.25,26.6,27.05,158,EQ,,,
2017-12-29,26.7,26.9,26.6,26.9,26,EQ,,,
2018-01-01,26.9,26.9,26.9,26.9,1,EQ,,,
2018-01-02,26.9,26.9,26.9,26.9,17,EQ,,,
2018-01-03,26.9,26.9,26.9,26.9,10,EQ,,,
2018-01-04,26.65,27.0,26.65,27.0,39,EQ,,,
2018-01-05,27.0,27.1,26.9,27.1,62,EQ,,,
2018-01-08,26.9,26.9,26.9,26.9,3,EQ,,,
2018-01-09,26.95,27.2,26.95,27.2,13,EQ,,,
2018-01-10,27.15,27.2,27.0,27.1,21,EQ,,,
2018-01-11,27.0,27.3,27.0,27.3,37,EQ,,,
2018-01-12,27.15,27.15,26.9,27.15,114,EQ,,,
2018-01-15,27.15,27.9,27.15,27.9,144,EQ,,,
2018-01-16,27.4,27.9,27.4,27.8,97,EQ,,,
2018-01-17,27.3,28.0,27.3,27.75,39,EQ,,,
2018-01-18,27.6,27.6,27.6,27.6,14,EQ,,,
2018-01-19,27.5,27.5,27.25,27.5,29,EQ,,,
2018-01-22,27.45,27.5,27.3,27.3,109,EQ,,,
2018-01-23,27.7,27.7,27.35,27.35,4,EQ,,,
2018-01-24,27.4,27.4,27.4,27.4,84,EQ,,,
2018-01-25,27.5,28.2,27.5,27.7,108,EQ,,,
2018-01-29,27.9,27.9,27.3,27.3,7,EQ,,,
2018-01-30,27.3,27.3,27.3,27.3,9,EQ,,,
2018-01-31,27.1,27.3,27.0,27.05,62,EQ,,,
2018-02-01,27.05,27.5,27.05,27.5,54,EQ,,,
2018-02-02,27.3,27.9,27.15,27.6,104,EQ,,,
2018-02-05,27.15,27.9,27.0,27.75,147,EQ,,,
2018-02-06,27.25,28.0,27.2,28.0,247,EQ,,,
2018-02-07,27.55,27.8,27.4,27.7,41,EQ,,,
2018-02-08,27.05,27.15,27.05,27.15,20,EQ,,,
2018-02-09,27.3,27.3,27.3,27.3,2,EQ,,,
2018-02-12,27.3,28.2,27.3,27.5,54,EQ,,,
2018-02-14,27.1,27.9,27.05,27.65,238,EQ,,,
2018-02-15,27.65,28.2,27.65,28.2,115,EQ,,,
2018-02-16,28.25,28.3,28.25,28.3,18,EQ,,,
2018-02-19,28.3,28.3,28.3,28.3,28,EQ,,,
2018-02-21,27.7,27.9,27.65,27.75,112,EQ,,,
2018-02-22,27.5,28.0,27.5,27.8,173,EQ,,,
2018-02-23,28.15,28.15,27.75,27.8,51,EQ,,,
2018-02-26,28.3,28.3,28.0,28.0,85,EQ,,,
2018-02-27,28.0,28.3,28.0,28.0,22,EQ,,,
2018-02-28,27.65,27.75,27.65,27.75,23,EQ,,,
2018-03-01,27.5,27.7,27.5,27.7,38,EQ,,,
2018-03-05,28.0,28.15,28.0,28.15,121,EQ,,,
2018-03-06,27.9,28.0,27.75,28.0,26,EQ,,,
2018-03-07,27.9,28.3,27.9,28.3,69,EQ,,,
2018-03-08,27.8,28.0,27.75,28.0,430,EQ,,,
2018-03-09,27.7,28.0,27.7,28.0,10,EQ,,,
2018-03-12,28.5,28.5,27.7,28.0,28,EQ,,,
2018-03-13,28.1,28.2,27.8,27.85,11,EQ,,,
2018-03-14,27.75,28.1,27.75,28.05,20,EQ,,,
2018-03-16,27.4,27.75,27.4,27.75,35,EQ,,,
2018-03-19,27.6,27.6,27.6,27.6,57,EQ,,,
2018-03-20,27.85,27.85,27.85,27.85,10,EQ,,,
2018-03-21,27.5,27.7,27.5,27.7,2,EQ,,,
2018-03-22,28.0,28.0,28.0,28.0,72,EQ,,,
2018-03-23,28.5,28.5,28.0,28.25,61,EQ,,,
2018-03-26,28.3,28.3,28.3,28.3,60,EQ,,,
2018-03-27,28.5,28.5,28.5,28.5,2,EQ,,,
2018-03-28,28.0,28.1,28.0,28.1,59,EQ,,,
2018-04-02,28.1,28.1,28.0,28.1,23,EQ,,,
2018-04-03,28.1,28.3,28.1,28.3,115,EQ,,,
2018-04-04,28.2,28.4,28.2,28.4,22,EQ,,,
2018-04-05,28.1,28.1,27.85,28.0,25,EQ,,,
2018-04-06,28.0,28.0,27.8,27.8,13,EQ,,,
2018-04-09,27.9,28.1,27.8,28.0,47,EQ,,,
2018-04-10,28.35,28.35,28.0,28.2,65,EQ,,,
2018-04-11,28.0,28.4,28.0,28.35,83,EQ,,,
2018-04-12,28.45,28.6,28.45,28.6,95,EQ,,,
2018-04-13,28.2,28.7,28.0,28.7,127,EQ,,,
2018-04-16,28.7,28.7,28.35,28.35,162,EQ,,,
2018-04-17,28.7,28.7,28.7,28.7,249,EQ,,,
2018-04-18,28.75,29.0,28.55,28.85,252,EQ,,,
2018-04-19,28.65,28.8,28.65,28.75,168,EQ,,,
2018-04-20,28.7,28.8,28.4,28.65,614,EQ,,,
2018-04-23,28.8,28.8,28.65,28.65,73,EQ,,,
2018-04-24,28.3,28.5,28.3,28.5,32,EQ,,,
2018-04-25,28.8,28.95,28.8,28.8,42,EQ,,,
2018-04-26,28.4,28.9,28.4,28.9,6,EQ,,,
2018-04-27,28.9,28.9,28.3,28.3,7,EQ,,,
2018-04-30,28.3,28.3,28.2,28.2,11,EQ,,,
2018-05-02,28.3,28.35,28.3,28.3,14,EQ,,,
2018-05-04,28.4,28.4,28.4,28.4,3,EQ,,,
2018-05-07,28.05,28.85,28.05,28.85,7,EQ,,,
2018-05-08,28.2,28.5,28.2,28.5,14,EQ,,,
2018-05-09,28.5,28.55,28.5,28.55,18,EQ,,,
2018-05-10,28.8,29.0,28.35,28.8,237,EQ,,,
2018-05-11,28.5,28.9,28.5,28.85,36,EQ,,,
2018-05-14,28.45,28.5,28.45,28.5,20,EQ,,,
2018-05-15,28.8,29.0,28.8,28.8,39,EQ,,,
2018-05-17,27.9,27.9,27.9,27.9,2,EQ,,,
2018-05-18,27.9,27.9,27.9,27.9,2,EQ,,,
2018-05-21,27.9,27.9,27.9,27.9,14,EQ,,,
2018-05-22,27.9,27.95,27.9,27.9,46,EQ,,,
2018-05-23,28.8,28.8,27.8,28.5,218,EQ,,,
2018-05-24,28.2,28.5,28.15,28.3,33,EQ,,,
2018-05-25,28.2,28.7,28.2,28.7,388,EQ,,,
2018-05-28,29.0,29.0,28.2,28.2,3,EQ,,,
2018-05-29,27.85,28.9,27.85,28.7,50,EQ,,,
2018-05-30,28.1,28.1,28.1,28.1,7,EQ,,,
2018-05-31,28.1,28.9,28.1,28.25,29,EQ,,,
2018-06-01,28.65,28.65,28.0,28.0,10,EQ,,,
2018-06-07,28.0,28.0,27.8,27.8,8,EQ,,,
2018-06-08,27.9,28.3,27.9,28.3,26,EQ,,,
2018-06-11,28.6,28.6,27.9,28.25,200,EQ,,,
2018-06-12,28.0,28.3,28.0,28.25,81,EQ,,,
2018-06-13,28.05,28.05,28.05,28.05,3,EQ,,,
2018-06-14,28.1,28.25,28.1,28.2,33,EQ,,,
2018-06-15,28.45,28.5,28.45,28.5,45,EQ,,,
2018-06-18,27.9,28.0,27.9,28.0,13,EQ,,,
2018-06-19,28.0,28.35,28.0,28.35,15,EQ,,,
2018-06-21,27.65,27.75,27.65,27.75,30,EQ,,,
2018-06-22,27.6,28.0,27.6,28.0,130,EQ,,,
2018-06-25,28.15,28.15,27.85,28.15,13,EQ,,,
2018-06-27,28.8,28.8,27.85,28.0,15,EQ,,,
2018-06-28,27.8,29.0,27.8,28.65,33,EQ,,,
2018-06-29,27.7,28.6,27.7,27.75,20,EQ,,,
2018-07-02,27.75,27.75,27.75,27.75,47,EQ,,,
2018-07-03,27.55,27.55,27.55,27.55,10,EQ,,,
2018-07-04,27.7,28.0,27.6,28.0,49,EQ,,,
2018-07-05,28.0,28.0,28.0,28.0,46,EQ,,,
2018-07-06,28.95,28.95,28.0,28.0,8,EQ,,,
2018-07-09,28.0,28.1,27.8,28.1,12,EQ,,,
2018-07-10,29.5,29.55,29.5,29.55,5,EQ,,,
2018-07-11,29.0,29.0,29.0,29.0,34,EQ,,,
2018-07-13,29.0,29.0,29.0,29.0,2,EQ,,,
2018-07-16,29.0,29.0,28.5,28.9,6,EQ,,,
2018-07-19,27.25,27.4,27.25,27.3,26,EQ,,,
2018-07-20,27.3,28.4,27.3,28.4,30,EQ,,,
2018-07-23,29.95,30.15,27.65,27.65,11,EQ,,,
2018-07-24,27.65,27.65,27.65,27.65,5,EQ,,,
2018-07-25,27.35,28.5,27.3,28.5,10,EQ,,,
2018-07-26,27.3,27.4,27.25,27.4,4,EQ,,,
2018-07-27,27.5,28.5,27.1,27.3,12,EQ,,,
2018-07-30,28.2,28.2,27.5,27.5,2,EQ,,,
2018-07-31,27.05,27.25,27.05,27.25,22,EQ,,,
2018-08-01,27.9,27.9,27.2,27.2,5,EQ,,,
2018-08-02,27.3,27.8,27.0,27.55,10,EQ,,,
2018-08-03,27.05,27.1,27.0,27.1,14,EQ,,,
2018-08-06,27.9,27.9,27.9,27.9,1,EQ,,,
2018-08-07,27.7,27.7,27.0,27.2,29,EQ,,,
2018-08-08,27.0,27.2,27.0,27.05,107,EQ,,,
2018-08-10,27.8,29.0,26.9,27.15,34,EQ,,,
2018-08-13,27.9,27.9,26.65,27.25,89,EQ,,,
2018-08-14,27.05,27.05,27.05,27.05,13,EQ,,,
2018-08-16,27.65,27.65,27.5,27.5,4,EQ,,,
2018-08-17,27.45,27.45,27.45,27.45,8,EQ,,,
2018-08-20,26.7,27.0,26.7,26.85,130,EQ,,,
2018-08-21,27.2,27.2,26.7,26.95,90,EQ,,,
2018-08-23,27.65,27.65,27.0,27.1,26,EQ,,,
2018-08-24,26.85,27.15,26.85,27.15,30,EQ,,,
2018-08-27,27.9,27.9,27.45,27.45,11,EQ,,,
2018-08-28,27.1,28.0,27.1,28.0,13,EQ,,,
2018-08-29,27.45,27.5,27.45,27.5,52,EQ,,,
2018-08-30,28.2,28.2,27.55,27.75,3,EQ,,,
2018-08-31,27.5,27.8,27.5,27.75,22,EQ,,,
2018-09-03,27.75,27.75,27.2,27.2,11,EQ,,,
2018-09-04,27.7,27.7,27.7,27.7,4,EQ,,,
2018-09-05,27.7,27.85,27.7,27.85,105,EQ,,,
2018-09-07,27.65,27.95,27.4,27.95,7,EQ,,,
2018-09-10,29.65,29.65,28.0,28.2,19,EQ,,,
2018-09-11,28.25,28.25,27.85,27.85,7,EQ,,,
2018-09-12,28.05,28.05,28.05,28.05,12,EQ,,,
2018-09-14,27.75,28.45,27.75,27.9,32,EQ,,,
2018-09-17,28.4,28.4,28.4,28.4,3,EQ,,,
2018-09-18,27.85,28.1,27.85,28.1,38,EQ,,,
2018-09-19,28.1,28.2,28.1,28.2,14,EQ,,,
2018-09-21,27.85,27.85,27.85,27.85,7,EQ,,,
2018-09-24,28.35,28.35,28.35,28.35,3,EQ,,,
2018-09-27,28.2,28.2,28.0,28.0,28,EQ,,,
2018-09-28,27.85,28.2,27.7,28.2,14,EQ,,,
2018-10-01,27.95,29.0,27.95,29.0,18,EQ,,,
2018-10-03,28.75,28.75,28.4,28.4,5,EQ,,,
2018-10-04,27.85,28.4,27.85,28.4,6,EQ,,,
2018-10-05,28.4,28.4,28.4,28.4,3,EQ,,,
2018-10-08,28.4,28.4,28.0,28.05,6,EQ,,,
2018-10-09,28.4,28.5,27.8,27.8,75,EQ,,,
2018-10-10,28.85,30.9,28.6,29.65,84,EQ,,,
2018-10-11,28.25,28.6,28.25,28.6,24,EQ,,,
2018-10-12,28.35,29.0,28.35,29.0,7,EQ,,,
2018-10-15,29.5,29.5,29.0,29.2,22,EQ,,,
2018-10-16,29.5,29.5,29.5,29.5,3,EQ,,,
2018-10-17,29.0,29.0,29.0,29.0,1,EQ,,,
2018-10-19,29.0,29.5,29.0,29.5,31,EQ,,,
2018-10-22,28.55,28.55,28.55,28.55,6,EQ,,,
2018-10-23,29.5,29.5,28.6,28.6,4,EQ,,,
2018-10-25,28.7,28.7,28.65,28.65,3,EQ,,,
2018-10-26,28.45,29.2,28.45,29.2,97,EQ,,,
2018-10-29,28.55,29.1,28.55,28.75,16,EQ,,,
2018-10-30,28.7,29.05,28.7,29.05,42,EQ,,,
2018-10-31,29.1,29.15,29.1,29.15,14,EQ,,,
2018-11-01,28.75,28.75,28.75,28.75,10,EQ,,,
2018-11-02,28.8,28.8,28.75,28.75,3,EQ,,,
2018-11-05,29.15,29.15,28.75,29.15,104,EQ,,,
2018-11-07,29.15,29.15,28.55,28.75,13,EQ,,,
2018-11-12,29.1,29.1,28.3,28.35,7,EQ,,,
2018-11-14,28.4,28.4,28.4,28.4,5,EQ,,,
2018-11-15,28.95,28.95,28.95,28.95,3,EQ,,,
2018-11-16,27.9,28.15,27.9,28.15,10,EQ,,,
2018-11-20,27.9,27.9,27.9,27.9,11,EQ,,,
2018-11-21,27.8,28.2,27.8,28.2,20,EQ,,,
2018-11-22,27.9,28.3,27.9,28.3,15,EQ,,,
2018-11-27,27.75,29.0,27.75,28.1,22,EQ,,,
2018-11-29,27.65,27.9,26.15,27.75,577,EQ,,,
2018-11-30,27.5,27.7,27.5,27.7,22,EQ,,,
2018-12-03,28.0,28.0,28.0,28.0,3,EQ,,,
2018-12-04,27.6,28.4,27.6,28.4,34,EQ,,,
2018-12-05,28.4,28.4,28.2,28.2,21,EQ,,,
2018-12-06,28.35,28.35,28.35,28.35,1,EQ,,,
2018-12-07,27.95,28.35,27.95,28.35,17,EQ,,,
2018-12-10,29.15,29.15,28.8,28.8,33,EQ,,,
2018-12-11,28.5,29.0,28.5,29.0,55,EQ,,,
2018-12-12,29.0,29.0,28.8,28.8,20,EQ,,,
2018-12-14,28.3,28.7,28.3,28.65,7,EQ,,,
2018-12-17,29.15,29.15,29.15,29.15,3,EQ,,,
2018-12-18,28.15,28.3,28.15,28.3,8,EQ,,,
2018-12-19,27.9,28.3,27.9,28.3,8,EQ,,,
2018-12-20,27.9,28.3,27.9,28.25,6,EQ,,,
2018-12-21,28.1,28.6,28.1,28.6,22,EQ,,,
2018-12-24,28.6,28.6,28.5,28.5,5,EQ,,,
2018-12-26,28.1,28.75,28.1,28.75,15,EQ,,,
2018-12-27,29.0,29.0,28.85,28.85,18,EQ,,,
2018-12-28,28.75,28.9,28.45,28.9,37,EQ,,,
2018-12-31,28.75,28.75,28.75,28.75,1,EQ,,,
2019-01-01,29.0,29.0,28.4,28.8,24,EQ,,,
2019-01-02,28.8,29.1,28.8,29.0,13,EQ,,,
2019-01-03,29.0,29.25,29.0,29.25,30,EQ,,,
2019-01-04,29.15,29.15,29.15,29.15,22,EQ,,,
2019-01-07,28.85,29.0,28.85,29.0,64,EQ,,,
2019-01-08,29.0,29.05,29.0,29.05,12,EQ,,,
2019-01-09,29.0,29.0,29.0,29.0,6,EQ,,,
2019-01-10,29.1,29.5,29.1,29.4,396,EQ,,,
2019-01-11,28.95,29.4,28.95,29.4,59,EQ,,,
2019-01-14,29.15,29.5,28.8,29.5,188,EQ,,,
2019-01-15,29.5,29.5,29.5,29.5,17,EQ,,,
2019-01-16,29.2,29.55,29.2,29.55,4,EQ,,,
2019-01-17,29.6,29.6,29.6,29.6,3,EQ,,,
2019-01-18,29.6,29.6,29.5,29.5,2,EQ,,,
2019-01-21,29.2,29.5,28.8,28.85,567,EQ,,,
2019-01-22,29.0,29.55,29.0,29.55,360,EQ,,,
2019-01-23,29.1,29.1,29.1,29.1,4,EQ,,,
2019-01-24,29.15,29.4,29.15,29.4,3,EQ,,,
2019-01-25,28.8,29.5,28.8,29.5,300,EQ,,,
2019-01-28,29.4,29.75,29.3,29.35,19,EQ,,,
2019-01-29,29.35,29.7,29.35,29.7,7,EQ,,,
2019-01-30,29.75,29.75,29.5,29.5,11,EQ,,,
2019-02-01,30.0,30.0,29.55,30.0,69,EQ,,,
2019-02-04,30.25,30.3,30.25,30.3,28,EQ,,,
2019-02-05,30.3,30.3,30.3,30.3,3,EQ,,,
2019-02-07,30.0,30.05,30.0,30.05,4,EQ,,,
2019-02-08,29.75,29.75,29.75,29.75,2,EQ,,,
2019-02-11,29.45,30.2,29.45,30.1,88,EQ,,,
2019-02-13,29.6,29.9,29.6,29.9,40,EQ,,,
2019-02-14,29.8,29.8,29.8,29.8,5,EQ,,,
2019-02-15,29.7,30.4,29.7,30.35,36,EQ,,,
2019-02-18,30.45,30.45,30.45,30.45,20,EQ,,,
2019-02-19,30.55,30.55,30.55,30.55,8,EQ,,,
2019-02-20,30.5,30.75,30.5,30.75,18,EQ,,,
2019-02-21,30.05,30.7,30.05,30.5,66,EQ,,,
2019-02-22,30.05,30.45,30.05,30.45,37,EQ,,,
2019-02-25,30.15,30.5,30.15,30.4,82,EQ,,,
2019-02-26,30.15,30.15,30.15,30.15,20,EQ,,,
2019-02-27,30.5,30.5,30.5,30.5,63,EQ,,,
2019-03-01,29.8,30.0,29.4,30.0,6,EQ,,,
2019-03-05,29.5,29.5,29.5,29.5,2,EQ,,,
2019-03-06,29.4,29.4,29.4,29.4,31,EQ,,,
2019-03-07,29.35,29.35,28.8,29.15,123,EQ,,,
2019-03-08,29.2,31.5,29.2,31.15,51,EQ,,,
2019-03-11,31.0,31.15,28.95,28.95,7,EQ,,,
2019-03-12,29.05,29.05,29.05,29.05,1,EQ,,,
2019-03-14,29.05,29.1,29.05,29.1,37,EQ,,,
2019-03-15,30.0,30.0,28.9,28.9,8,EQ,,,
2019-03-18,28.9,29.1,28.6,28.6,34,EQ,,,
2019-03-19,28.75,30.4,28.75,28.75,4,EQ,,,
2019-03-20,28.6,28.9,28.6,28.9,16,EQ,,,
2019-03-22,28.65,29.15,28.65,29.15,16,EQ,,,
2019-03-25,28.85,29.2,28.85,29.2,11,EQ,,,
2019-03-26,28.8,29.2,28.8,29.2,83,EQ,,,
2019-03-27,31.0,31.0,29.0,29.0,7,EQ,,,
2019-03-29,28.5,28.55,28.5,28.55,14,EQ,,,
2019-04-01,28.55,28.9,28.55,28.9,8,EQ,,,
2019-04-02,28.9,28.9,28.9,28.9,1,EQ,,,
2019-04-03,28.35,28.85,28.35,28.85,13,EQ,,,
2019-04-08,30.0,30.0,28.65,29.05,5,EQ,,,
2019-04-09,28.7,29.95,28.7,29.2,49,EQ,,,
2019-04-10,29.9,29.9,29.9,29.9,5,EQ,,,
2019-04-12,28.4,28.5,28.4,28.5,22,EQ,,,
2019-04-15,28.5,29.7,28.5,29.7,6,EQ,,,
2019-04-16,28.75,28.75,28.5,28.55,12,EQ,,,
2019-04-18,29.55,29.55,29.55,29.55,2,EQ,,,
2019-04-22,28.4,28.45,28.4,28.45,4,EQ,,,
2019-04-23,28.45,28.45,28.45,28.45,5,EQ,,,
2019-04-25,29.75,29.75,28.6,28.65,46,EQ,,,
2019-04-26,29.7,29.7,28.6,29.0,45,EQ,,,
2019-04-30,30.45,30.45,28.1,28.75,9,EQ,,,
2019-05-02,28.4,28.4,28.0,28.25,5,EQ,,,
2019-05-03,28.25,28.25,28.25,28.25,1,EQ,,,
2019-05-06,28.4,28.6,28.25,28.6,115,EQ,,,
2019-05-07,29.95,29.95,28.9,29.0,68,EQ,,,
2019-05-08,29.0,29.0,29.0,29.0,2,EQ,,,
2019-05-09,29.0,29.0,29.0,29.0,6,EQ,,,
2019-05-10,29.25,29.25,28.5,29.0,84,EQ,,,
2019-05-13,28.5,29.0,28.5,29.0,60,EQ,,,
2019-05-14,29.2,29.2,29.2,29.2,8,EQ,,,
2019-05-15,29.75,29.75,28.8,29.2,10,EQ,,,
2019-05-16,29.35,29.35,29.35,29.35,54,EQ,,,
2019-05-17,29.55,29.55,29.55,29.55,1,EQ,,,
2019-05-20,29.55,29.55,28.5,28.5,9,EQ,,,
2019-05-22,28.55,28.55,28.5,28.5,11,EQ,,,
2019-05-23,29.75,29.75,28.5,28.5,8,EQ,,,
2019-05-24,28.55,28.9,28.55,28.9,5,EQ,,,
2019-05-27,30.7,30.7,28.7,29.2,12,EQ,,,
2019-05-28,28.95,28.95,28.95,28.95,12,EQ,,,
2019-05-29,28.95,29.5,28.95,28.95,23,EQ,,,
2019-05-30,28.55,28.6,28.55,28.6,19,EQ,,,
2019-05-31,29.1,29.15,29.0,29.15,49,EQ,,,
2019-06-03,29.4,29.4,29.4,29.4,28,EQ,,,
2019-06-04,29.4,29.4,29.4,29.4,4,EQ,,,
2019-06-06,29.15,30.6,29.15,29.6,108,EQ,,,
2019-06-07,29.6,29.6,29.6,29.6,2,EQ,,,
2019-06-10,29.6,33.5,29.55,29.8,32,EQ,,,
2019-06-11,29.15,29.4,29.15,29.4,4,EQ,,,
2019-06-12,28.75,29.6,28.75,29.6,14,EQ,,,
2019-06-13,29.6,29.6,29.6,29.6,42,EQ,,,
2019-06-14,29.6,30.0,29.6,29.9,72,EQ,,,
2019-06-17,29.35,29.9,29.35,29.8,11,EQ,,,
2019-06-18,29.9,29.9,29.7,29.75,18,EQ,,,
2019-06-19,29.6,29.75,29.6,29.75,43,EQ,,,
2019-06-20,30.55,30.55,30.45,30.45,27,EQ,,,
2019-06-21,31.0,31.0,31.0,31.0,22,EQ,,,
2019-06-25,30.55,31.2,30.55,30.7,81,EQ,,,
2019-06-26,30.7,30.7,30.7,30.7,5,EQ,,,
2019-06-27,30.7,31.4,30.7,30.7,11,EQ,,,
2019-06-28,30.7,30.7,30.7,30.7,15,EQ,,,
2019-07-01,29.9,30.35,29.9,30.35,55,EQ,,,
2019-07-02,29.9,30.4,29.9,30.4,3,EQ,,,
2019-07-03,30.5,32.0,30.5,32.0,66,EQ,,,
2019-07-04,32.0,32.0,30.15,31.0,3,EQ,,,
2019-07-05,30.1,31.0,30.1,31.0,7,EQ,,,
2019-07-08,31.0,31.0,31.0,31.0,9,EQ,,,
2019-07-09,31.0,32.15,31.0,32.15,13,EQ,,,
2019-07-10,32.15,32.15,30.5,30.85,23,EQ,,,
2019-07-11,30.85,31.4,30.85,31.4,30,EQ,,,
2019-07-15,31.6,31.6,30.9,30.9,4,EQ,,,
2019-07-16,30.55,31.6,30.55,31.6,47,EQ,,,
2019-07-18,31.65,31.65,31.65,31.65,1,EQ,,,
2019-07-19,32.0,32.15,31.55,31.85,45,EQ,,,
2019-07-22,32.0,32.0,31.4,31.4,10,EQ,,,
2019-07-23,31.4,31.5,31.4,31.5,2,EQ,,,
2019-07-24,31.85,31.85,30.8,31.6,246,EQ,,,
2019-07-25,31.3,32.0,31.3,32.0,106,EQ,,,
2019-07-26,31.25,31.7,31.0,31.7,445,EQ,,,
2019-07-29,32.5,32.5,32.0,32.0,7,EQ,,,
2019-07-30,31.15,31.2,31.15,31.2,8,EQ,,,
2019-07-31,30.95,30.95,30.95,30.95,3,EQ,,,
2019-08-01,30.95,31.95,30.85,31.3,16,EQ,,,
2019-08-02,31.85,32.5,31.7,31.8,43,EQ,,,
2019-08-05,32.5,34.8,32.25,32.6,46,EQ,,,
2019-08-06,34.75,34.75,32.6,32.8,19,EQ,,,
2019-08-07,33.15,33.4,32.65,33.15,462,EQ,,,
2019-08-08,34.2,34.2,32.9,32.9,15,EQ,,,
2019-08-09,32.9,33.9,32.9,33.15,147,EQ,,,
2019-08-13,34.0,34.45,34.0,34.15,30,EQ,,,
2019-08-14,33.0,33.95,32.6,33.8,365,EQ,,,
2019-08-16,34.5,34.5,33.65,33.85,21,EQ,,,
2019-08-19,34.2,34.2,33.5,34.05,226,EQ,,,
2019-08-20,33.65,34.3,33.65,34.3,7,EQ,,,
2019-08-21,34.3,34.5,33.75,34.1,174,EQ,,,
2019-08-22,34.5,34.5,33.8,33.8,14,EQ,,,
2019-08-23,34.65,34.65,33.75,33.85,41,EQ,,,
2019-08-26,34.7,35.25,34.5,35.0,29,EQ,,,
2019-08-27,35.0,35.25,34.35,35.2,16,EQ,,,
2019-08-28,34.55,36.0,34.55,35.5,90,EQ,,,
2019-08-29,35.5,35.5,34.75,34.9,29,EQ,,,
2019-08-30,35.65,41.95,34.4,34.65,984,EQ,,,
2019-09-03,35.9,35.9,34.6,35.3,163,EQ,,,
2019-09-04,35.5,35.5,35.2,35.45,160,EQ,,,
2019-09-05,35.5,35.7,35.5,35.7,61,EQ,,,
2019-09-06,35.5,35.5,34.5,34.75,197,EQ,,,
2019-09-09,35.8,35.8,34.7,34.7,22,EQ,,,
2019-09-11,34.7,35.95,34.25,34.7,160,EQ,,,
2019-09-12,34.5,34.5,33.7,33.95,104,EQ,,,
2019-09-13,33.8,35.5,33.6,34.0,153,EQ,,,
2019-09-16,34.05,35.5,34.05,34.15,110,EQ,,,
2019-09-17,34.5,34.9,34.1,34.4,118,EQ,,,
2019-09-18,33.95,34.05,33.7,34.05,66,EQ,,,
2019-09-20,33.65,33.9,33.65,33.9,12,EQ,,,
2019-09-23,33.75,34.2,33.75,33.85,36,EQ,,,
2019-09-24,34.1,35.7,34.1,34.25,78,EQ,,,
2019-09-25,34.1,34.2,34.1,34.2,16,EQ,,,
2019-09-26,33.6,34.15,33.6,33.95,4,EQ,,,
2019-09-27,34.4,34.4,33.85,34.0,808,EQ,,,
2019-10-01,33.5,33.7,33.2,33.65,48,EQ,14.0,3.43,26.0
2019-10-03,34.0,34.45,34.0,34.45,36,EQ,5.0,7.2,26.0
2019-10-04,34.15,34.95,34.15,34.45,70,EQ,22.0,3.18,42.0
2019-10-07,34.95,34.95,34.3,34.85,12,EQ,8.0,1.5,6.0
2019-10-09,35.2,35.2,34.45,34.5,25,EQ,8.0,3.12,23.0
2019-10-10,35.2,35.2,34.55,34.55,9,EQ,8.0,1.12,7.0
2019-10-11,34.95,34.95,34.95,34.95,1,EQ,1.0,1.0,1.0
2019-10-14,34.95,34.95,34.55,34.95,17,EQ,6.0,2.83,15.0
2019-10-15,35.4,35.4,35.4,35.4,2,EQ,2.0,1.0,2.0
2019-10-16,34.8,34.8,34.8,34.8,14,EQ,1.0,14.0,14.0
2019-10-17,34.6,35.35,34.6,35.35,2,EQ,2.0,1.0,1.0
2019-10-18,34.6,35.25,34.6,35.25,2,EQ,2.0,1.0,1.0
2019-10-22,34.5,34.65,34.35,34.65,17,EQ,11.0,1.55,13.0
2019-10-23,34.6,34.9,34.6,34.9,10,EQ,2.0,5.0,5.0
2019-10-24,34.1,34.45,34.1,34.45,34,EQ,11.0,3.09,27.0
2019-10-25,34.0,35.45,34.0,35.1,111,EQ,38.0,2.92,65.0
2019-10-29,34.45,34.85,34.45,34.85,50,EQ,35.0,1.43,48.0
2019-10-30,34.4,34.6,34.4,34.6,18,EQ,4.0,4.5,18.0
2019-10-31,34.85,35.35,34.5,34.85,71,EQ,16.0,4.44,49.0
2019-11-01,35.5,35.5,34.85,35.25,29,EQ,8.0,3.62,19.0
2019-11-04,35.2,35.2,35.15,35.15,238,EQ,5.0,47.6,238.0
2019-11-05,35.15,35.15,35.15,35.15,1,EQ,1.0,1.0,1.0
2019-11-06,35.45,35.45,35.0,35.0,10,EQ,2.0,5.0,5.0
2019-11-08,35.0,35.0,34.1,34.45,42,EQ,20.0,2.1,31.0
2019-11-11,34.95,35.15,34.3,35.15,20,EQ,7.0,2.86,11.0
2019-11-13,34.3,34.3,34.3,34.3,1,EQ,1.0,1.0,1.0
2019-11-15,35.4,35.4,34.8,34.8,6,EQ,3.0,2.0,4.0
2019-11-18,34.3,34.3,34.3,34.3,2,EQ,2.0,1.0,1.0
2019-11-19,34.5,34.5,34.45,34.5,16,EQ,12.0,1.33,15.0
2019-11-20,34.6,34.75,34.6,34.75,12,EQ,3.0,4.0,10.0
2019-11-21,34.35,34.7,34.35,34.7,21,EQ,13.0,1.62,12.0
2019-11-25,34.15,34.25,34.15,34.25,20,EQ,4.0,5.0,15.0
2019-11-26,34.1,34.2,34.1,34.2,7,EQ,3.0,2.33,4.0
2019-11-28,34.5,34.5,34.1,34.35,14,EQ,5.0,2.8,13.0
2019-11-29,34.35,34.35,34.35,34.35,20,EQ,1.0,20.0,20.0
2019-12-02,34.35,34.35,34.35,34.35,39,EQ,5.0,7.8,39.0
2019-12-04,34.15,35.0,34.15,35.0,15,EQ,4.0,3.75,13.0
2019-12-05,35.9,35.9,34.25,34.6,26,EQ,20.0,1.3,15.0
2019-12-06,34.5,35.0,34.5,35.0,16,EQ,4.0,4.0,15.0
2019-12-09,34.5,35.0,34.05,34.05,9,EQ,5.0,1.8,6.0
2019-12-10,35.0,35.0,34.1,34.1,9,EQ,5.0,1.8,7.0
2019-12-11,34.1,34.1,34.1,34.1,37,EQ,3.0,12.33,37.0
2019-12-12,34.05,34.5,34.05,34.5,7,EQ,3.0,2.33,4.0
2019-12-13,34.5,34.5,34.5,34.5,1,EQ,1.0,1.0,1.0
2019-12-16,34.45,34.45,34.4,34.4,22,EQ,6.0,3.67,22.0
2019-12-17,34.4,34.5,34.4,34.5,18,EQ,3.0,6.0,18.0
2019-12-18,34.5,34.5,34.5,34.5,4,EQ,1.0,4.0,4.0
2019-12-19,34.4,34.4,34.4,34.4,3,EQ,1.0,3.0,3.0
2019-12-23,34.5,34.5,34.5,34.5,20,EQ,1.0,20.0,20.0
2019-12-26,35.7,35.7,35.2,35.7,21,EQ,9.0,2.33,10.0
2019-12-27,35.7,35.7,35.7,35.7,3,EQ,2.0,1.5,3.0
2019-12-31,35.05,35.5,35.05,35.2,15,EQ,9.0,1.67,10.0
2020-01-01,35.2,35.2,35.2,35.2,9,EQ,2.0,4.5,9.0
2020-01-02,35.0,35.4,35.0,35.4,6,EQ,3.0,2.0,2.0
2020-01-03,35.75,36.45,35.75,36.15,563,EQ,22.0,25.59,312.0
2020-01-06,37.15,37.65,37.15,37.15,27,EQ,11.0,2.45,21.0
2020-01-07,36.75,36.75,36.75,36.75,2,EQ,2.0,1.0,1.0
2020-01-08,37.55,38.1,37.1,37.25,22,EQ,11.0,2.0,11.0
2020-01-09,36.65,36.65,36.65,36.65,1,EQ,1.0,1.0,1.0
2020-01-10,37.95,37.95,36.25,36.25,16,EQ,5.0,3.2,9.0
2020-01-13,36.0,36.0,36.0,36.0,14,EQ,2.0,7.0,7.0
2020-01-14,35.4,35.75,35.4,35.65,51,EQ,11.0,4.64,24.0
2020-01-15,35.65,37.2,35.65,37.2,4,EQ,2.0,2.0,2.0
2020-01-16,36.25,36.25,36.0,36.0,10,EQ,2.0,5.0,10.0
2020-01-20,36.0,37.0,36.0,37.0,29,EQ,9.0,3.22,26.0
2020-01-21,37.0,37.0,36.5,36.65,16,EQ,4.0,4.0,11.0
2020-01-22,36.1,37.2,36.1,37.2,11,EQ,4.0,2.75,6.0
2020-01-23,36.1,37.15,36.1,37.15,8,EQ,6.0,1.33,5.0
2020-01-24,36.35,36.35,36.3,36.35,9,EQ,7.0,1.29,9.0
2020-01-27,37.2,37.2,37.15,37.15,2,EQ,2.0,1.0,2.0
2020-01-30,37.15,37.15,36.8,36.8,6,EQ,5.0,1.2,4.0
2020-01-31,37.0,37.0,37.0,37.0,1,EQ,1.0,1.0,1.0
2020-02-03,36.6,37.75,36.6,37.3,22,EQ,7.0,3.14,13.0
2020-02-05,36.8,36.8,36.8,36.8,2,EQ,2.0,1.0,2.0
2020-02-06,36.7,36.9,36.45,36.45,34,EQ,6.0,5.67,34.0
2020-02-07,37.1,37.1,36.45,36.45,2,EQ,2.0,1.0,0.0
2020-02-10,37.65,37.65,36.55,36.55,14,EQ,8.0,1.75,9.0
2020-02-12,36.85,36.85,36.7,36.7,14,EQ,4.0,3.5,14.0
2020-02-13,36.7,37.0,36.7,36.8,108,EQ,8.0,13.5,59.0
2020-02-14,36.8,36.9,36.75,36.8,12,EQ,5.0,2.4,11.0
2020-02-17,36.8,37.5,36.8,37.1,21,EQ,7.0,3.0,13.0
2020-02-18,37.1,37.1,37.1,37.1,3,EQ,2.0,1.5,3.0
2020-02-19,37.7,37.8,37.7,37.8,66,EQ,15.0,4.4,66.0
2020-02-20,37.8,37.9,37.05,37.9,73,EQ,7.0,10.43,36.0
2020-02-24,38.0,41.85,38.0,40.0,30,EQ,18.0,1.67,16.0
2020-02-25,40.0,41.0,38.5,40.0,24,EQ,10.0,2.4,22.0
2020-02-26,38.6,40.8,38.0,39.45,23,EQ,16.0,1.44,14.0
2020-02-27,38.65,39.0,38.65,39.0,19,EQ,3.0,6.33,16.0
2020-02-28,41.0,41.0,38.5,38.5,28,EQ,13.0,2.15,22.0
2020-03-02,39.5,39.5,38.15,38.15,16,EQ,7.0,2.29,15.0
2020-03-03,39.0,39.0,38.25,38.25,18,EQ,6.0,3.0,13.0
2020-03-04,39.0,39.75,38.5,39.75,66,EQ,15.0,4.4,33.0
2020-03-05,40.75,40.75,40.6,40.6,2,EQ,2.0,1.0,2.0
2020-03-06,41.25,41.65,39.1,40.5,49,EQ,25.0,1.96,35.0
2020-03-09,41.0,41.15,39.0,39.25,49,EQ,26.0,1.88,38.0
2020-03-11,40.55,40.65,39.05,39.8,121,EQ,25.0,4.84,97.0
2020-03-12,39.8,40.5,39.45,40.5,153,EQ,27.0,5.67,153.0
2020-03-13,40.5,40.5,37.65,40.35,33,EQ,21.0,1.57,25.0
2020-03-16,40.65,40.65,39.0,39.0,39,EQ,24.0,1.62,30.0
2020-03-17,39.0,39.8,38.4,38.4,15,EQ,13.0,1.15,9.0
2020-03-18,37.5,37.5,34.1,36.1,94,EQ,15.0,6.27,59.0
2020-03-19,35.9,38.4,35.0,37.45,149,EQ,33.0,4.52,65.0
2020-03-20,37.0,37.4,36.05,37.4,78,EQ,44.0,1.77,42.0
2020-03-23,37.4,43.0,35.75,37.0,90,EQ,36.0,2.5,53.0
2020-03-24,37.0,37.9,36.9,37.9,146,EQ,17.0,8.59,106.0
2020-03-25,39.4,39.4,37.1,37.25,39,EQ,17.0,2.29,21.0
2020-03-26,38.3,38.3,37.75,37.95,13,EQ,8.0,1.62,9.0
2020-03-27,38.3,40.0,37.4,38.85,81,EQ,18.0,4.5,70.0
2020-03-30,39.15,40.0,39.1,39.45,33,EQ,12.0,2.75,19.0
2020-03-31,40.0,40.0,39.0,39.0,137,EQ,26.0,5.27,81.0
2020-04-01,38.4,39.0,38.05,39.0,143,EQ,26.0,5.5,90.0
2020-04-03,39.5,39.5,39.5,39.5,5,EQ,1.0,5.0,5.0
2020-04-07,40.1,40.7,40.0,40.0,229,EQ,19.0,12.05,184.0
2020-04-08,40.2,40.2,40.0,40.1,142,EQ,16.0,8.88,142.0
2020-04-09,40.4,42.0,40.4,41.9,248,EQ,32.0,7.75,183.0
2020-04-13,41.55,47.0,40.35,42.85,200,EQ,,,
2020-04-15,42.85,44.9,42.7,43.3,278,EQ,45.0,6.18,185.0
2020-04-16,45.0,45.0,43.05,43.25,194,EQ,34.0,5.71,130.0
2020-04-17,43.05,43.35,42.35,43.2,73,EQ,33.0,2.21,40.0
2020-04-20,43.2,43.2,42.0,42.55,63,EQ,16.0,3.94,54.0
2020-04-21,42.35,43.9,42.0,42.75,250,EQ,54.0,4.63,147.0
2020-04-22,42.75,42.95,42.3,42.75,20,EQ,8.0,2.5,13.0
2020-04-23,42.7,43.3,42.7,43.15,39,EQ,19.0,2.05,28.0
2020-04-24,43.0,43.2,42.9,43.2,45,EQ,25.0,1.8,31.0
2020-04-27,43.9,43.9,43.25,43.45,206,EQ,36.0,5.72,201.0
2020-04-28,43.25,44.4,43.25,43.5,29,EQ,12.0,2.42,29.0
2020-04-29,43.25,45.4,43.25,43.85,47,EQ,15.0,3.13,37.0
2020-04-30,43.85,43.85,43.5,43.85,9,EQ,8.0,1.12,9.0
2020-05-04,43.25,44.85,43.25,43.95,125,EQ,39.0,3.21,88.0
2020-05-05,44.4,44.4,42.65,43.05,93,EQ,27.0,3.44,62.0
2020-05-06,44.8,44.8,42.8,43.3,16,EQ,5.0,3.2,15.0
2020-05-07,43.3,43.3,42.0,42.65,29,EQ,18.0,1.61,25.0
2020-05-08,45.8,45.8,42.2,42.7,37,EQ,15.0,2.47,27.0
2020-05-11,41.15,43.0,41.15,42.65,26,EQ,14.0,1.86,24.0
2020-05-12,42.9,42.9,42.2,42.9,33,EQ,8.0,4.12,22.0
2020-05-13,41.7,42.9,41.7,42.7,33,EQ,15.0,2.2,25.0
2020-05-14,42.7,44.3,42.0,42.5,33,EQ,20.0,1.65,22.0
2020-05-15,43.4,43.4,42.9,42.9,6,EQ,5.0,1.2,6.0
2020-05-18,44.0,44.0,43.25,43.3,20,EQ,13.0,1.54,19.0
2020-05-19,43.3,43.3,42.4,43.3,9,EQ,6.0,1.5,8.0
2020-05-20,43.3,43.3,43.3,43.3,2,EQ,2.0,1.0,2.0
2020-05-21,42.25,44.7,42.25,44.0,42,EQ,13.0,3.23,34.0
2020-05-22,43.45,43.45,43.35,43.35,6,EQ,4.0,1.5,6.0
2020-05-26,43.35,43.75,43.35,43.5,16,EQ,8.0,2.0,16.0
2020-05-27,42.5,42.5,41.7,42.25,27,EQ,10.0,2.7,20.0
2020-05-28,41.85,42.0,41.85,42.0,22,EQ,3.0,7.33,22.0
2020-05-29,42.0,43.0,42.0,42.9,97,EQ,25.0,3.88,86.0
2020-06-01,42.85,42.9,42.15,42.85,94,EQ,7.0,13.43,94.0
2020-06-02,42.85,43.25,42.0,43.0,12,EQ,10.0,1.2,10.0
2020-06-03,42.05,42.5,42.05,42.5,6,EQ,3.0,2.0,6.0
2020-06-04,42.0,43.8,42.0,42.5,18,EQ,13.0,1.38,10.0
2020-06-05,42.5,43.5,42.5,42.55,8,EQ,7.0,1.14,7.0
2020-06-08,42.0,42.9,41.5,42.9,46,EQ,20.0,2.3,44.0
2020-06-09,42.1,42.5,42.1,42.5,53,EQ,11.0,4.82,41.0
2020-06-10,42.05,42.85,42.05,42.85,103,EQ,40.0,2.58,52.0
2020-06-11,42.85,43.5,42.85,43.5,62,EQ,9.0,6.89,62.0
2020-06-12,44.0,44.0,43.3,43.5,81,EQ,24.0,3.38,67.0
2020-06-15,43.0,43.5,43.0,43.4,57,EQ,9.0,6.33,57.0
2020-06-16,44.5,45.0,42.1,44.55,75,EQ,38.0,1.97,54.0
2020-06-17,44.55,45.0,43.5,44.5,48,EQ,15.0,3.2,28.0
2020-06-18,44.5,45.0,42.9,44.85,42,EQ,16.0,2.62,32.0
2020-06-19,43.5,44.5,43.0,44.4,39,EQ,12.0,3.25,30.0
2020-06-22,43.5,44.0,43.2,43.9,94,EQ,16.0,5.88,74.0
2020-06-23,43.7,44.0,43.45,43.5,24,EQ,4.0,6.0,23.0
2020-06-24,43.55,44.25,43.25,44.1,135,EQ,29.0,4.66,103.0
2020-06-25,44.15,44.15,44.15,44.15,72,EQ,16.0,4.5,72.0
2020-06-26,45.0,45.0,43.6,44.1,64,EQ,17.0,3.76,49.0
2020-06-29,45.0,45.0,44.1,44.1,42,EQ,8.0,5.25,33.0
2020-06-30,45.0,45.0,43.7,43.9,181,EQ,34.0,5.32,105.0
2020-07-01,44.1,44.5,44.1,44.5,5,EQ,3.0,1.67,4.0
2020-07-02,44.0,44.5,43.8,44.0,56,EQ,13.0,4.31,56.0
2020-07-03,47.0,47.0,43.6,44.25,24,EQ,15.0,1.6,21.0
2020-07-06,44.2,44.2,43.7,44.0,203,EQ,13.0,15.62,202.0
2020-07-07,43.55,44.0,43.5,43.95,229,EQ,18.0,12.72,138.0
2020-07-08,44.0,44.4,44.0,44.25,40,EQ,9.0,4.44,20.0
2020-07-09,44.5,44.9,44.5,44.6,63,EQ,12.0,5.25,60.0
2020-07-10,44.5,44.7,44.0,44.35,75,EQ,29.0,2.59,40.0
2020-07-13,44.9,45.0,44.35,44.55,47,EQ,15.0,3.13,38.0
2020-07-14,44.55,44.75,44.5,44.75,36,EQ,11.0,3.27,36.0
2020-07-15,44.05,44.9,44.05,44.85,41,EQ,17.0,2.41,35.0
2020-07-16,45.9,45.9,44.15,44.6,60,EQ,26.0,2.31,40.0
2020-07-17,44.6,44.6,44.05,44.5,70,EQ,19.0,3.68,68.0
2020-07-20,44.5,44.75,44.5,44.75,19,EQ,5.0,3.8,19.0
2020-07-21,44.75,44.95,44.55,44.9,15,EQ,8.0,1.88,15.0
2020-07-22,45.0,45.9,45.0,45.7,63,EQ,31.0,2.03,44.0
2020-07-23,45.7,46.0,45.7,46.0,62,EQ,17.0,3.65,48.0
2020-07-24,46.1,46.5,45.55,46.35,197,EQ,61.0,3.23,122.0
2020-07-27,45.2,49.5,45.2,47.8,151,EQ,50.0,3.02,96.0
2020-07-28,48.5,50.0,47.4,48.0,129,EQ,56.0,2.3,83.0
2020-07-29,49.9,49.9,48.0,49.0,54,EQ,31.0,1.74,35.0
2020-07-30,55.0,55.0,48.55,49.05,245,EQ,82.0,2.99,145.0
2020-07-31,56.0,56.0,48.5,48.95,587,EQ,136.0,4.32,238.0
2020-08-03,49.85,52.1,48.7,51.45,217,EQ,61.0,3.56,155.0
2020-08-04,51.45,51.45,48.9,48.95,477,EQ,137.0,3.48,375.0
2020-08-05,55.0,55.0,49.1,50.45,418,EQ,82.0,5.1,183.0
2020-08-06,52.45,52.45,49.85,50.85,341,EQ,63.0,5.41,326.0
2020-08-07,51.85,52.0,50.5,51.8,380,EQ,95.0,4.0,292.0
2020-08-10,51.8,54.0,50.0,50.9,250,EQ,94.0,2.66,214.0
2020-08-11,50.5,54.45,49.05,49.75,1173,EQ,185.0,6.34,1032.0
2020-08-12,47.0,48.8,45.0,48.05,516,EQ,161.0,3.2,356.0
2020-08-13,48.5,48.5,47.65,48.5,61,EQ,30.0,2.03,48.0
2020-08-14,48.4,48.4,48.0,48.25,103,EQ,39.0,2.64,75.0
2020-08-17,48.0,48.25,47.8,48.0,155,EQ,34.0,4.56,130.0
2020-08-18,48.25,49.45,48.25,49.2,265,EQ,46.0,5.76,134.0
2020-08-19,48.0,50.0,48.0,48.9,173,EQ,59.0,2.93,143.0
2020-08-20,48.4,48.4,47.55,47.85,133,EQ,39.0,3.41,133.0
2020-08-21,47.85,48.65,47.4,47.45,164,EQ,32.0,5.12,96.0
2020-08-24,48.0,48.0,47.25,48.0,231,EQ,42.0,5.5,223.0
2020-08-25,47.9,48.0,46.8,46.85,267,EQ,47.0,5.68,261.0
2020-08-26,47.9,47.9,46.65,46.75,265,EQ,23.0,11.52,261.0
2020-08-27,47.0,47.5,46.55,46.8,134,EQ,20.0,6.7,130.0
2020-08-28,46.45,47.7,46.35,47.5,26,EQ,12.0,2.17,25.0
2020-08-31,47.5,47.5,46.55,47.1,342,EQ,35.0,9.77,341.0
2020-09-01,48.0,48.0,47.0,47.85,169,EQ,12.0,14.08,167.0
2020-09-02,47.85,48.35,46.75,47.0,407,EQ,69.0,5.9,384.0
2020-09-03,46.5,47.0,46.25,46.5,283,EQ,28.0,10.11,283.0
2020-09-04,47.4,47.4,46.0,46.55,354,EQ,62.0,5.71,308.0
2020-09-07,47.0,47.0,46.2,46.5,63,EQ,10.0,6.3,62.0
2020-09-08,47.0,47.0,46.1,46.35,93,EQ,28.0,3.32,58.0
2020-09-09,46.35,46.8,46.35,46.7,37,EQ,12.0,3.08,35.0
2020-09-10,46.3,47.0,46.3,46.9,46,EQ,17.0,2.71,39.0
2020-09-11,46.85,46.9,46.5,46.9,26,EQ,6.0,4.33,24.0
2020-09-14,46.9,46.9,46.7,46.85,81,EQ,17.0,4.76,81.0
2020-09-15,46.8,47.35,46.8,47.35,21,EQ,3.0,7.0,20.0
2020-09-16,47.35,47.35,47.0,47.2,328,EQ,23.0,14.26,318.0
2020-09-17,47.0,47.0,46.15,46.8,171,EQ,26.0,6.58,157.0
2020-09-18,46.0,47.0,46.0,47.0,91,EQ,18.0,5.06,89.0
2020-09-21,46.5,47.25,46.5,46.9,36,EQ,10.0,3.6,34.0
2020-09-22,46.55,46.55,45.9,46.1,46,EQ,19.0,2.42,43.0
2020-09-23,46.0,46.0,46.0,46.0,7,EQ,5.0,1.4,7.0
2020-09-24,45.5,46.0,45.2,45.2,67,EQ,22.0,3.05,66.0
2020-09-25,45.55,45.7,45.0,45.65,29,EQ,15.0,1.93,16.0
2020-09-28,46.0,46.0,45.1,45.15,163,EQ,,,
2020-09-29,46.0,46.0,46.0,46.0,24,EQ,8.0,3.0,15.0
2020-09-30,45.75,45.95,45.55,45.95,23,EQ,9.0,2.56,17.0
2020-10-01,45.95,45.95,45.95,45.95,11,EQ,3.0,3.67,11.0
2020-10-05,46.35,46.35,45.0,45.9,30,EQ,11.0,2.73,28.0
2020-10-06,45.5,46.15,45.5,46.15,40,EQ,21.0,1.9,32.0
2020-10-07,45.95,46.35,45.0,46.35,8,EQ,8.0,1.0,6.0
2020-10-08,45.5,45.9,45.45,45.45,15,EQ,13.0,1.15,7.0
2020-10-09,45.6,46.3,45.6,46.2,40,EQ,10.0,4.0,34.0
2020-10-12,46.35,46.5,46.0,46.45,16,EQ,8.0,2.0,15.0
2020-10-13,46.35,46.45,45.85,46.45,98,EQ,22.0,4.45,66.0
2020-10-14,46.45,46.45,45.55,46.0,363,EQ,18.0,20.17,359.0
2020-10-15,46.0,46.0,46.0,46.0,204,EQ,16.0,12.75,203.0
2020-10-16,45.65,45.7,45.65,45.7,6,EQ,2.0,3.0,6.0
2020-10-19,46.35,46.35,46.0,46.25,264,EQ,22.0,12.0,263.0
2020-10-20,46.25,46.25,45.9,46.1,18,EQ,5.0,3.6,16.0
2020-10-21,45.65,46.55,45.65,46.5,17,EQ,8.0,2.12,11.0
2020-10-22,47.2,47.2,46.6,46.6,5,EQ,3.0,1.67,3.0
2020-10-23,50.0,50.0,45.75,46.25,146,EQ,19.0,7.68,135.0
2020-10-26,46.5,46.5,46.5,46.5,2,EQ,2.0,1.0,2.0
2020-10-27,45.65,46.5,45.65,46.3,63,EQ,14.0,4.5,34.0
2020-10-28,46.0,46.5,46.0,46.45,32,EQ,4.0,8.0,25.0
2020-10-29,46.5,46.5,45.65,46.2,4,EQ,4.0,1.0,3.0
2020-10-30,45.5,46.65,45.5,46.0,58,EQ,10.0,5.8,55.0
2020-11-02,46.0,46.5,46.0,46.2,16,EQ,12.0,1.33,13.0
2020-11-03,45.95,46.4,45.8,46.4,28,EQ,13.0,2.15,28.0
2020-11-04,48.0,48.0,45.7,46.2,66,EQ,27.0,2.44,23.0
2020-11-05,46.9,46.95,46.3,46.95,30,EQ,6.0,5.0,28.0
2020-11-06,46.95,47.15,46.95,47.15,4,EQ,2.0,2.0,4.0
2020-11-09,47.6,47.6,47.45,47.5,27,EQ,9.0,3.0,27.0
2020-11-10,47.5,47.5,45.5,46.0,479,EQ,53.0,9.04,405.0
2020-11-11,46.0,46.0,45.95,45.95,126,EQ,9.0,14.0,126.0
2020-11-12,45.95,46.75,45.8,46.05,194,EQ,28.0,6.93,175.0
2020-11-13,47.4,47.4,45.5,47.0,42,EQ,21.0,2.0,32.0
2020-11-17,46.0,46.25,46.0,46.05,34,EQ,24.0,1.42,19.0
2020-11-18,46.05,46.1,45.85,46.0,176,EQ,23.0,7.65,166.0
2020-11-19,45.9,45.9,45.4,45.5,72,EQ,26.0,2.77,71.0
2020-11-20,45.6,45.6,45.3,45.6,14,EQ,7.0,2.0,8.0
2020-11-23,45.6,45.6,45.5,45.5,25,EQ,4.0,6.25,25.0
2020-11-24,45.05,45.05,44.2,44.75,55,EQ,38.0,1.45,44.0
2020-11-25,44.5,44.5,44.05,44.45,47,EQ,8.0,5.88,45.0
2020-11-26,44.45,45.2,44.05,44.4,64,EQ,12.0,5.33,34.0
2020-11-27,44.4,44.65,44.2,44.65,16,EQ,11.0,1.45,16.0
2020-12-01,44.0,44.65,43.55,43.9,48,EQ,29.0,1.66,44.0
2020-12-02,43.9,44.95,43.05,44.25,78,EQ,26.0,3.0,44.0
2020-12-03,44.25,44.95,44.25,44.65,15,EQ,8.0,1.88,11.0
2020-12-04,44.3,44.95,44.3,44.5,11,EQ,8.0,1.38,5.0
2020-12-07,45.2,45.2,44.4,45.0,15,EQ,7.0,2.14,15.0
2020-12-08,45.9,45.9,45.2,45.5,31,EQ,12.0,2.58,26.0
2020-12-09,45.5,45.95,44.7,44.95,56,EQ,34.0,1.65,31.0
2020-12-10,45.6,45.6,44.35,44.4,272,EQ,32.0,8.5,253.0
2020-12-11,44.45,45.4,44.4,44.4,29,EQ,13.0,2.23,19.0
2020-12-14,44.1,44.5,44.0,44.05,43,EQ,18.0,2.39,27.0
2020-12-15,44.6,44.6,44.25,44.5,104,EQ,10.0,10.4,102.0
2020-12-16,44.5,45.0,44.25,44.6,39,EQ,13.0,3.0,27.0
2020-12-17,45.15,45.4,44.6,45.25,73,EQ,10.0,7.3,63.0
2020-12-18,45.4,45.4,45.0,45.4,83,EQ,17.0,4.88,76.0
2020-12-21,45.4,46.15,45.4,45.75,93,EQ,22.0,4.23,60.0
2020-12-22,45.75,46.0,45.15,45.45,110,EQ,17.0,6.47,96.0
2020-12-23,46.0,53.0,45.4,45.4,25,EQ,16.0,1.56,21.0
2020-12-24,45.4,45.9,45.1,45.8,64,EQ,16.0,4.0,44.0
2020-12-28,47.0,47.0,45.15,45.5,142,EQ,47.0,3.02,93.0
2020-12-29,46.45,46.9,45.5,45.85,60,EQ,15.0,4.0,52.0
2020-12-30,45.5,45.5,45.3,45.4,50,EQ,15.0,3.33,46.0
2020-12-31,46.0,46.0,45.45,45.45,26,EQ,10.0,2.6,25.0
2021-01-01,46.0,46.0,45.4,46.0,69,EQ,18.0,3.83,64.0
2021-01-04,46.35,46.5,45.55,46.35,79,EQ,25.0,3.16,56.0
2021-01-05,46.45,47.5,46.1,47.05,114,EQ,22.0,5.18,112.0
2021-01-06,47.25,47.25,46.55,47.0,134,EQ,22.0,6.09,122.0
2021-01-07,46.55,46.7,46.2,46.6,137,EQ,23.0,5.96,123.0
2021-01-08,46.2,46.9,45.8,46.5,234,EQ,42.0,5.57,223.0
2021-01-11,46.65,46.95,44.6,44.85,459,EQ,133.0,3.45,378.0
2021-01-12,44.85,45.35,44.8,45.0,48,EQ,15.0,3.2,44.0
2021-01-13,45.0,45.0,44.6,44.7,85,EQ,20.0,4.25,84.0
2021-01-14,44.6,45.55,43.85,45.15,192,EQ,50.0,3.84,166.0
2021-01-15,45.45,45.45,43.9,44.65,290,EQ,69.0,4.2,217.0
2021-01-18,44.4,45.25,44.1,44.6,105,EQ,26.0,4.04,80.0
2021-01-19,44.4,44.55,44.3,44.5,138,EQ,46.0,3.0,78.0
2021-01-20,44.15,45.25,44.15,45.2,7,EQ,5.0,1.4,4.0
2021-01-21,44.3,45.55,44.3,45.25,117,EQ,11.0,10.64,115.0
2021-01-22,44.9,44.9,44.5,44.75,161,EQ,17.0,9.47,154.0
2021-01-25,46.1,46.1,44.25,44.6,37,EQ,14.0,2.64,30.0
2021-01-27,44.6,44.6,44.3,44.3,4,EQ,3.0,1.33,3.0
2021-01-28,44.5,44.5,44.2,44.4,120,EQ,9.0,13.33,117.0
2021-01-29,44.2,44.95,44.2,44.95,8,EQ,6.0,1.33,2.0
2021-02-01,45.15,45.15,43.95,44.55,412,EQ,64.0,6.44,389.0
2021-02-02,44.55,44.55,43.45,43.7,140,EQ,53.0,2.64,116.0
2021-02-03,43.75,43.75,43.15,43.3,102,EQ,29.0,3.52,95.0
2021-02-04,44.0,44.0,43.0,43.0,98,EQ,34.0,2.88,87.0
2021-02-05,43.0,43.05,42.5,43.0,75,EQ,34.0,2.21,62.0
2021-02-08,43.95,43.95,42.5,42.75,104,EQ,32.0,3.25,96.0
2021-02-09,42.85,43.75,42.3,43.6,69,EQ,23.0,3.0,41.0
2021-02-10,43.55,43.95,43.4,43.6,38,EQ,17.0,2.24,32.0
2021-02-11,43.4,43.4,43.35,43.4,3,EQ,3.0,1.0,2.0
2021-02-12,43.3,43.95,42.85,43.9,95,EQ,28.0,3.39,78.0
2021-02-15,43.75,43.9,42.7,42.85,318,EQ,77.0,4.13,293.0
2021-02-16,42.85,43.65,42.7,43.5,110,EQ,31.0,3.55,100.0
2021-02-17,43.25,43.3,42.2,42.2,219,EQ,93.0,2.35,183.0
2021-02-18,42.25,42.75,42.0,42.3,132,EQ,41.0,3.22,120.0
2021-02-19,41.9,41.95,41.8,41.9,227,EQ,37.0,6.14,217.0
2021-02-22,42.6,42.9,41.9,42.5,101,EQ,38.0,2.66,69.0
2021-02-23,43.15,43.65,41.1,42.25,163,EQ,37.0,4.41,92.0
2021-02-24,42.95,43.0,36.1,42.45,24,EQ,5.0,4.8,22.0
2021-02-25,42.2,42.6,42.0,42.3,113,EQ,23.0,4.91,111.0
2021-02-26,42.0,42.1,41.4,41.9,387,EQ,37.0,10.46,373.0
2021-03-01,42.55,42.55,41.35,41.9,60,EQ,22.0,2.73,55.0
2021-03-02,41.8,42.3,41.0,41.15,139,EQ,36.0,3.86,118.0
2021-03-03,41.2,41.2,40.95,40.95,58,EQ,22.0,2.64,51.0
2021-03-04,40.9,41.3,40.3,40.5,236,EQ,52.0,4.54,184.0
2021-03-05,40.6,41.0,40.25,40.5,161,EQ,55.0,2.93,131.0
2021-03-08,40.5,41.2,40.5,40.55,214,EQ,43.0,4.98,198.0
2021-03-09,40.4,40.4,40.25,40.3,38,EQ,12.0,3.17,37.0
2021-03-10,40.55,41.1,40.4,40.4,49,EQ,18.0,2.72,45.0
2021-03-12,41.0,41.0,40.2,40.25,141,EQ,40.0,3.52,97.0
2021-03-15,45.0,45.0,40.35,40.6,167,EQ,34.0,4.91,137.0
2021-03-16,41.15,41.15,40.5,40.65,181,EQ,26.0,6.96,163.0
2021-03-17,41.5,41.5,40.3,40.85,434,EQ,38.0,11.42,421.0
2021-03-18,42.45,42.45,40.5,40.8,328,EQ,68.0,4.82,273.0
2021-03-19,41.1,41.15,40.5,40.8,184,EQ,19.0,9.68,167.0
2021-03-22,40.8,40.8,40.2,40.45,204,EQ,36.0,5.67,191.0
2021-03-23,40.4,41.0,40.35,40.6,54,EQ,40.0,1.35,24.0
2021-03-24,41.05,41.05,40.5,40.5,37,EQ,15.0,2.47,33.0
2021-03-25,40.9,41.4,40.2,40.85,39,EQ,22.0,1.77,30.0
2021-03-26,40.85,40.85,40.25,40.45,46,EQ,25.0,1.84,35.0
2021-03-30,41.0,41.0,40.0,40.2,188,EQ,49.0,3.84,166.0
2021-03-31,39.95,40.3,39.7,40.0,110,EQ,33.0,3.33,73.0
2021-04-01,41.15,41.15,40.1,40.8,35,EQ,17.0,2.06,21.0
2021-04-05,41.8,41.85,40.9,41.0,45,EQ,24.0,1.88,38.0
2021-04-06,41.15,41.15,41.0,41.1,112,EQ,10.0,11.2,108.0
2021-04-07,41.1,41.7,41.1,41.4,115,EQ,34.0,3.38,102.0
2021-04-08,41.35,42.65,41.35,42.5,85,EQ,22.0,3.86,59.0
2021-04-09,42.5,42.9,41.4,41.9,183,EQ,62.0,2.95,112.0
2021-04-12,42.25,44.1,41.8,42.9,332,EQ,83.0,4.0,292.0
2021-04-13,41.9,42.55,41.7,42.5,27,EQ,16.0,1.69,18.0
2021-04-15,41.95,43.0,41.95,42.25,155,EQ,29.0,5.34,129.0
2021-04-16,43.15,43.4,42.2,42.25,64,EQ,25.0,2.56,36.0
2021-04-19,43.0,43.15,42.5,43.15,216,EQ,49.0,4.41,140.0
2021-04-20,43.0,43.0,42.35,42.65,104,EQ,33.0,3.15,67.0
2021-04-22,43.9,43.9,42.55,43.2,89,EQ,33.0,2.7,49.0
2021-04-23,43.2,43.8,42.65,43.25,523,EQ,38.0,13.76,508.0
2021-04-26,44.0,44.0,42.6,42.9,141,EQ,21.0,6.71,133.0
2021-04-27,42.65,43.95,42.65,42.9,548,EQ,49.0,11.18,528.0
2021-04-28,42.6,46.0,42.25,42.35,702,EQ,119.0,5.9,463.0
2021-04-29,43.15,43.6,42.35,42.45,246,EQ,37.0,6.65,213.0
2021-04-30,42.35,42.4,42.1,42.25,125,EQ,27.0,4.63,122.0
2021-05-03,42.65,42.65,42.0,42.45,86,EQ,14.0,6.14,77.0
2021-05-04,42.45,42.65,42.45,42.45,40,EQ,7.0,5.71,31.0
2021-05-05,42.85,42.85,42.1,42.35,246,EQ,20.0,12.3,237.0
2021-05-06,42.85,42.85,42.3,42.8,32,EQ,9.0,3.56,30.0
2021-05-07,43.5,43.5,42.8,43.05,154,EQ,24.0,6.42,145.0
2021-05-10,43.7,43.7,43.05,43.2,222,EQ,23.0,9.65,218.0
2021-05-11,43.65,43.65,43.0,43.15,171,EQ,28.0,6.11,158.0
2021-05-12,42.9,43.3,42.65,43.0,105,EQ,26.0,4.04,97.0
2021-05-14,43.05,43.65,43.0,43.2,224,EQ,79.0,2.84,187.0
2021-05-17,43.2,43.6,43.0,43.5,123,EQ,29.0,4.24,67.0
2021-05-18,43.9,43.9,43.55,43.8,124,EQ,15.0,8.27,114.0
2021-05-19,43.8,43.8,43.2,43.7,250,EQ,19.0,13.16,231.0
2021-05-20,43.7,44.0,43.5,43.85,45,EQ,14.0,3.21,32.0
2021-05-21,43.55,44.25,43.55,43.9,86,EQ,19.0,4.53,75.0
2021-05-24,44.0,44.0,43.8,43.9,68,EQ,10.0,6.8,64.0
2021-05-25,43.4,43.9,43.4,43.9,136,EQ,17.0,8.0,103.0
2021-05-26,43.9,44.3,43.9,44.3,432,EQ,35.0,12.34,239.0
2021-05-27,44.1,44.15,43.8,44.0,63,EQ,6.0,10.5,63.0
2021-05-28,43.8,43.9,43.5,43.9,48,EQ,20.0,2.4,41.0
2021-05-31,43.9,44.4,43.85,44.2,115,EQ,11.0,10.45,112.0
2021-06-01,44.4,44.55,44.4,44.4,27,EQ,14.0,1.93,18.0
2021-06-02,44.4,44.4,43.3,44.3,324,EQ,81.0,4.0,148.0
2021-06-03,43.95,44.55,43.95,44.15,16,EQ,14.0,1.14,7.0
2021-06-04,43.95,43.95,43.4,43.8,176,EQ,31.0,5.68,122.0
2021-06-07,43.8,44.2,43.8,43.85,61,EQ,35.0,1.74,44.0
2021-06-08,43.6,44.3,43.55,44.2,157,EQ,24.0,6.54,114.0
2021-06-09,44.45,44.5,43.65,44.1,113,EQ,46.0,2.46,89.0
2021-06-10,44.1,44.1,43.9,44.1,77,EQ,13.0,5.92,76.0
2021-06-11,44.1,44.35,44.1,44.35,42,EQ,8.0,5.25,32.0
2021-06-14,43.9,44.35,43.6,43.75,208,EQ,71.0,2.93,154.0
2021-06-15,43.85,43.85,43.7,43.75,14,EQ,7.0,2.0,12.0
2021-06-16,44.15,44.15,43.6,43.7,57,EQ,21.0,2.71,52.0
2021-06-17,43.4,43.4,42.8,42.9,219,EQ,63.0,3.48,195.0
2021-06-18,42.9,42.9,42.5,42.8,74,EQ,32.0,2.31,48.0
2021-06-21,43.0,43.0,42.1,42.35,311,EQ,64.0,4.86,181.0
2021-06-22,42.7,42.7,42.6,42.6,38,EQ,13.0,2.92,37.0
2021-06-23,42.6,42.6,42.4,42.6,22,EQ,10.0,2.2,19.0
2021-06-24,42.6,42.6,42.25,42.5,43,EQ,11.0,3.91,37.0
2021-06-25,42.5,42.9,42.3,42.8,59,EQ,27.0,2.19,43.0
2021-06-28,42.8,43.65,42.4,42.5,247,EQ,97.0,2.55,174.0
2021-06-29,42.5,42.5,42.2,42.5,52,EQ,16.0,3.25,48.0
2021-06-30,42.25,42.6,42.0,42.2,82,EQ,30.0,2.73,53.0
2021-07-01,42.85,43.4,42.3,42.6,45,EQ,22.0,2.05,29.0
2021-07-02,42.6,42.85,42.6,42.75,39,EQ,13.0,3.0,30.0
2021-07-05,43.1,43.1,42.6,42.95,16,EQ,9.0,1.78,11.0
2021-07-06,43.1,43.65,42.65,43.65,148,EQ,21.0,7.05,136.0
2021-07-07,43.4,43.5,43.05,43.25,14,EQ,11.0,1.27,6.0
2021-07-08,42.95,43.55,42.95,43.55,7,EQ,7.0,1.0,5.0
2021-07-09,43.35,43.6,43.0,43.25,38,EQ,17.0,2.24,30.0
2021-07-12,43.25,43.25,42.95,43.25,63,EQ,16.0,3.94,56.0
2021-07-13,43.25,43.25,42.9,43.0,11,EQ,7.0,1.57,6.0
2021-07-14,43.05,43.1,43.05,43.1,43,EQ,12.0,3.58,42.0
2021-07-15,43.15,43.75,43.15,43.55,98,EQ,33.0,2.97,79.0
2021-07-16,43.15,43.95,43.15,43.4,129,EQ,33.0,3.91,88.0
2021-07-19,43.35,43.75,43.15,43.15,61,EQ,29.0,2.1,52.0
2021-07-20,43.25,43.65,42.95,42.95,85,EQ,33.0,2.58,52.0
2021-07-22,42.95,43.25,42.7,42.9,124,EQ,18.0,6.89,119.0
2021-07-23,43.35,43.35,42.8,42.85,15,EQ,13.0,1.15,11.0
2021-07-26,42.85,43.2,42.85,43.1,90,EQ,15.0,6.0,45.0
2021-07-27,43.5,43.5,42.65,42.65,11,EQ,8.0,1.38,7.0
2021-07-28,43.45,43.45,42.65,43.05,58,EQ,17.0,3.41,40.0
2021-07-29,43.0,43.3,42.95,43.3,25,EQ,17.0,1.47,18.0
2021-07-30,43.65,43.65,43.1,43.55,111,EQ,27.0,4.11,97.0
2021-08-02,43.55,43.8,43.15,43.25,93,EQ,28.0,3.32,75.0
2021-08-03,43.55,43.55,43.0,43.0,28,EQ,15.0,1.87,20.0
2021-08-04,43.0,43.2,43.0,43.2,35,EQ,12.0,2.92,31.0
2021-08-05,43.5,43.55,43.2,43.2,9,EQ,6.0,1.5,6.0
2021-08-06,43.2,43.2,42.9,42.9,36,EQ,17.0,2.12,25.0
2021-08-09,42.55,43.2,41.7,41.95,239,EQ,101.0,2.37,180.0
2021-08-10,42.15,42.65,41.8,41.85,119,EQ,53.0,2.25,92.0
2021-08-11,41.95,42.25,41.7,42.0,67,EQ,12.0,5.58,54.0
2021-08-12,42.4,42.4,42.0,42.4,18,EQ,11.0,1.64,15.0
2021-08-13,42.15,42.3,41.6,41.9,81,EQ,34.0,2.38,59.0
2021-08-16,42.0,42.4,42.0,42.1,36,EQ,14.0,2.57,26.0
2021-08-17,42.5,43.5,42.3,42.85,176,EQ,74.0,2.38,118.0
2021-08-18,42.5,43.0,42.5,42.7,13,EQ,11.0,1.18,7.0
2021-08-20,42.85,42.9,42.4,42.9,95,EQ,25.0,3.8,58.0
2021-08-23,42.9,42.9,42.25,42.4,29,EQ,20.0,1.45,12.0
2021-08-24,42.8,42.8,42.6,42.75,63,EQ,13.0,4.85,57.0
2021-08-25,42.05,42.9,42.05,42.9,33,EQ,19.0,1.74,15.0
2021-08-26,42.7,42.7,42.1,42.5,55,EQ,29.0,1.9,35.0
2021-08-27,42.5,42.75,42.3,42.35,28,EQ,20.0,1.4,11.0
2021-08-30,42.7,42.9,42.4,42.4,12,EQ,10.0,1.2,5.0
2021-08-31,43.0,43.0,42.5,42.75,11,EQ,8.0,1.38,6.0
2021-09-01,42.95,42.95,42.55,42.6,167,EQ,21.0,7.95,152.0
2021-09-02,42.6,42.6,42.4,42.6,94,EQ,23.0,4.09,86.0
2021-09-03,43.1,43.1,42.15,42.45,49,EQ,29.0,1.69,28.0
2021-09-06,42.7,42.9,42.7,42.9,32,EQ,23.0,1.39,26.0
2021-09-07,42.6,42.65,42.5,42.6,54,EQ,15.0,3.6,49.0
2021-09-08,42.6,42.7,42.4,42.5,11,EQ,7.0,1.57,9.0
2021-09-09,42.4,42.65,42.2,42.3,19,EQ,15.0,1.27,8.0
2021-09-13,42.5,42.55,42.2,42.4,54,EQ,24.0,2.25,34.0
2021-09-14,42.0,42.9,42.0,42.15,63,EQ,27.0,2.33,39.0
2021-09-15,42.2,42.75,42.15,42.5,47,EQ,20.0,2.35,32.0
2021-09-16,42.5,42.5,42.0,42.0,31,EQ,16.0,1.94,15.0
2021-09-17,41.8,42.0,41.5,41.75,84,EQ,26.0,3.23,68.0
2021-09-20,42.4,42.5,41.3,42.3,114,EQ,57.0,2.0,73.0
2021-09-21,42.65,42.65,41.55,41.85,33,EQ,27.0,1.22,16.0
2021-09-22,42.65,42.65,41.7,41.9,83,EQ,32.0,2.59,70.0
2021-09-23,41.9,42.05,41.65,42.0,49,EQ,23.0,2.13,33.0
2021-09-24,41.7,41.7,41.5,41.55,55,EQ,29.0,1.9,40.0
2021-09-27,41.6,41.95,41.6,41.65,170,EQ,39.0,4.36,152.0
2021-09-28,41.6,41.65,41.5,41.55,25,EQ,16.0,1.56,13.0
2021-09-29,40.0,41.9,34.0,41.7,137,EQ,27.0,5.07,121.0
2021-09-30,41.5,41.5,41.1,41.2,125,EQ,53.0,2.36,70.0
2021-10-01,41.95,41.95,41.55,41.9,69,EQ,31.0,2.23,45.0
2021-10-04,41.9,42.1,41.75,42.0,68,EQ,24.0,2.83,56.0
2021-10-05,42.1,42.1,41.75,41.85,59,EQ,20.0,2.95,28.0
2021-10-06,41.85,42.0,41.6,41.8,80,EQ,13.0,6.15,72.0
2021-10-07,42.05,42.15,41.85,41.9,34,EQ,18.0,1.89,23.0
2021-10-08,42.3,42.3,41.7,41.95,102,EQ,38.0,2.68,72.0
2021-10-11,42.3,42.3,42.0,42.15,38,EQ,28.0,1.36,23.0
2021-10-12,42.5,43.0,42.35,42.75,33,EQ,22.0,1.5,21.0
2021-10-13,42.4,43.1,42.35,42.65,119,EQ,54.0,2.2,82.0
2021-10-14,42.8,44.0,42.8,43.15,94,EQ,44.0,2.14,51.0
2021-10-18,42.9,42.9,42.5,42.6,39,EQ,22.0,1.77,27.0
2021-10-19,42.85,42.85,42.35,42.7,40,EQ,21.0,1.9,22.0
2021-10-20,42.6,42.65,42.45,42.65,40,EQ,19.0,2.11,30.0
2021-10-21,42.65,42.95,42.65,42.75,45,EQ,20.0,2.25,28.0
2021-10-22,42.4,43.15,42.15,42.85,200,EQ,47.0,4.26,166.0
2021-10-25,43.0,43.3,42.8,42.9,69,EQ,24.0,2.88,62.0
2021-10-26,43.0,43.35,42.95,43.25,89,EQ,34.0,2.62,73.0
2021-10-27,43.6,43.6,42.6,43.3,45,EQ,34.0,1.32,34.0
2021-10-28,43.5,43.5,42.75,42.9,69,EQ,28.0,2.46,28.0
2021-10-29,43.2,43.45,42.7,43.25,50,EQ,24.0,2.08,27.0
2021-11-01,43.0,43.0,42.9,42.95,77,EQ,17.0,4.53,69.0
2021-11-02,43.65,44.65,43.0,43.6,216,EQ,61.0,3.54,163.0
2021-11-03,43.4,43.4,42.55,42.65,77,EQ,34.0,2.26,61.0
2021-11-04,43.2,43.2,42.75,43.0,56,EQ,34.0,1.65,61.0
2021-11-08,43.0,43.2,42.6,42.9,82,EQ,29.0,2.83,45.0
2021-11-09,42.65,43.3,42.65,43.15,95,EQ,33.0,2.88,65.0
2021-11-10,42.9,43.7,42.9,43.5,72,EQ,25.0,2.88,55.0
2021-11-11,43.65,44.2,43.65,44.05,263,EQ,39.0,6.74,238.0
2021-11-12,43.75,44.2,43.75,44.2,31,EQ,12.0,2.58,26.0
2021-11-15,44.6,44.6,43.9,44.2,138,EQ,42.0,3.29,113.0
2021-11-16,44.2,44.8,44.1,44.55,193,EQ,30.0,6.43,176.0
2021-11-17,44.4,44.5,43.6,43.95,82,EQ,52.0,1.58,37.0
2021-11-18,44.15,44.15,43.9,43.95,100,EQ,12.0,8.33,94.0
2021-11-22,43.9,44.1,43.85,44.0,52,EQ,22.0,2.36,40.0
2021-11-23,43.6,43.6,42.5,42.95,636,EQ,103.0,6.17,381.0
2021-11-24,43.0,43.5,42.8,43.0,104,EQ,29.0,3.59,89.0
2021-11-25,42.95,43.1,42.9,43.1,63,EQ,14.0,4.5,52.0
2021-11-26,43.65,43.65,42.9,42.9,38,EQ,30.0,1.27,22.0
2021-11-29,42.9,43.35,42.75,43.1,175,EQ,31.0,5.65,110.0
2021-11-30,43.0,43.4,42.8,43.15,176,EQ,44.0,4.0,131.0
2021-12-01,42.9,42.9,42.6,42.8,12,EQ,10.0,1.2,5.0
2021-12-02,42.8,42.95,42.65,42.65,156,EQ,23.0,6.78,149.0
2021-12-03,42.65,42.8,42.55,42.8,11,EQ,7.0,1.57,6.0
2021-12-06,43.15,43.15,42.8,43.0,61,EQ,22.0,2.77,52.0
2021-12-07,43.0,43.15,43.0,43.1,39,EQ,20.0,1.95,28.0
2021-12-08,43.0,43.3,43.0,43.3,36,EQ,14.0,2.57,26.0
2021-12-09,43.6,43.6,43.2,43.25,155,EQ,19.0,8.16,152.0
2021-12-10,43.9,43.9,43.05,43.1,54,EQ,20.0,2.7,49.0
2021-12-13,43.25,43.45,42.85,43.35,45,EQ,24.0,1.88,25.0
2021-12-14,43.55,43.55,42.7,43.0,104,EQ,33.0,3.15,52.0
2021-12-15,42.6,43.35,42.6,43.2,44,EQ,13.0,3.38,38.0
2021-12-16,45.0,45.0,43.15,43.55,24,EQ,10.0,2.4,19.0
2021-12-17,43.65,44.0,43.15,44.0,150,EQ,41.0,3.66,75.0
2021-12-20,44.0,44.1,43.1,43.45,132,EQ,58.0,2.28,75.0
2021-12-21,43.45,43.45,43.2,43.4,82,EQ,21.0,3.9,72.0
2021-12-22,43.1,44.0,43.1,43.3,50,EQ,28.0,1.79,24.0
2021-12-23,43.35,43.35,42.55,43.0,25,EQ,12.0,2.08,19.0
2021-12-24,43.2,43.2,43.1,43.15,11,EQ,5.0,2.2,8.0
2021-12-27,43.1,43.55,43.1,43.4,72,EQ,19.0,3.79,60.0
2021-12-28,43.15,43.5,43.05,43.5,59,EQ,27.0,2.19,25.0
2021-12-29,43.15,43.4,43.15,43.25,54,EQ,9.0,6.0,51.0
2021-12-30,43.3,43.3,42.95,43.0,170,EQ,28.0,6.07,158.0
2021-12-31,43.65,43.65,43.1,43.1,3,EQ,3.0,1.0,2.0
2022-01-03,43.0,43.65,43.0,43.5,94,EQ,27.0,3.48,70.0
2022-01-04,43.15,43.65,43.0,43.15,810,EQ,75.0,10.8,764.0
2022-01-05,43.65,43.9,43.0,43.5,91,EQ,23.0,3.96,74.0
2022-01-06,43.4,43.4,42.6,43.0,102,EQ,31.0,3.29,86.0
2022-01-07,42.95,43.4,42.5,43.4,73,EQ,19.0,3.84,61.0
2022-01-10,43.0,43.0,42.55,42.85,53,EQ,38.0,1.39,32.0
2022-01-11,42.65,42.9,42.65,42.7,20,EQ,9.0,2.22,10.0
2022-01-12,42.75,43.1,42.75,43.1,28,EQ,11.0,2.55,20.0
2022-01-13,42.9,43.3,42.6,43.05,62,EQ,24.0,2.58,43.0
2022-01-14,43.35,43.5,43.35,43.5,12,EQ,5.0,2.4,10.0
2022-01-17,43.95,43.95,43.1,43.3,77,EQ,22.0,3.5,69.0
2022-01-18,43.25,43.3,43.15,43.25,57,EQ,9.0,6.33,53.0
2022-01-19,43.2,43.35,43.05,43.35,134,EQ,32.0,4.19,119.0
2022-01-20,43.6,44.0,43.6,43.8,37,EQ,12.0,3.08,29.0
2022-01-21,43.5,43.75,43.0,43.7,116,EQ,31.0,3.74,50.0
2022-01-24,46.0,52.0,42.5,43.65,92,EQ,38.0,2.42,57.0
2022-01-25,43.4,43.9,43.4,43.9,26,EQ,12.0,2.17,9.0
2022-01-27,44.75,44.75,43.25,43.55,54,EQ,25.0,2.16,41.0
2022-01-28,43.4,43.4,42.9,42.95,51,EQ,15.0,3.4,25.0
2022-01-31,42.6,43.6,42.5,42.55,42,EQ,31.0,1.35,21.0
2022-02-01,42.6,43.5,42.6,43.5,71,EQ,28.0,2.54,37.0
2022-02-02,43.45,43.45,42.9,43.0,67,EQ,16.0,4.19,58.0
2022-02-03,43.45,43.45,43.45,43.45,1,EQ,1.0,1.0,1.0
2022-02-04,43.05,43.1,42.7,42.95,17,EQ,12.0,1.42,11.0
2022-02-07,43.65,43.75,43.0,43.6,16,EQ,15.0,1.07,7.0
2022-02-08,43.5,43.5,43.2,43.35,19,EQ,14.0,1.36,7.0
2022-02-09,43.45,43.65,43.45,43.6,61,EQ,25.0,2.44,50.0
2022-02-10,43.7,43.9,43.2,43.4,70,EQ,37.0,1.89,55.0
2022-02-11,43.65,43.9,43.4,43.9,37,EQ,25.0,1.48,24.0
2022-02-14,43.95,44.95,43.9,44.1,115,EQ,57.0,2.02,85.0
2022-02-15,44.55,45.3,44.2,44.4,209,EQ,59.0,3.54,177.0
2022-02-16,43.05,44.45,43.05,44.45,213,EQ,29.0,7.34,202.0
2022-02-17,44.45,45.25,44.45,45.15,580,EQ,86.0,6.74,523.0
2022-02-18,45.1,45.1,44.75,45.05,470,EQ,26.0,18.08,403.0
2022-02-21,44.9,45.0,44.4,44.95,726,EQ,46.0,15.78,704.0
2022-02-22,45.0,45.9,44.5,45.2,578,EQ,76.0,7.61,480.0
2022-02-23,45.2,45.2,44.5,45.0,222,EQ,35.0,6.34,211.0
2022-02-24,46.35,50.5,45.25,47.45,426,EQ,168.0,2.54,248.0
2022-02-25,46.7,53.0,45.3,45.85,872,EQ,186.0,4.69,614.0
2022-02-28,55.0,55.0,45.0,45.45,813,EQ,81.0,10.04,725.0
2022-03-02,45.75,46.5,45.75,46.45,995,EQ,54.0,18.43,960.0
2022-03-03,46.15,46.75,45.0,45.55,155,EQ,58.0,2.67,77.0
2022-03-04,47.05,47.05,45.9,46.6,718,EQ,81.0,8.86,654.0
2022-03-07,50.7,55.8,47.0,48.5,851,EQ,,,
2022-03-08,49.45,49.45,47.3,48.55,698,EQ,122.0,5.72,595.0
2022-03-09,48.6,49.25,47.0,48.3,972,EQ,81.0,12.0,901.0
2022-03-10,45.2,48.0,45.2,46.8,1000,EQ,178.0,5.62,876.0
2022-03-11,47.95,48.0,46.75,47.4,977,EQ,109.0,8.96,883.0
2022-03-14,47.9,47.9,46.5,46.8,1002,EQ,73.0,13.73,945.0
2022-03-15,46.4,46.5,45.75,46.15,192,EQ,42.0,4.57,169.0
2022-03-16,46.15,46.2,45.7,46.15,228,EQ,24.0,9.5,216.0
2022-03-17,45.55,46.65,45.55,46.3,166,EQ,31.0,5.35,138.0
2022-03-21,46.65,46.65,45.6,46.2,49,EQ,20.0,2.45,35.0
2022-03-22,46.9,46.9,45.9,46.15,81,EQ,31.0,2.61,66.0
2022-03-23,46.15,46.15,45.4,46.1,74,EQ,35.0,2.11,36.0
2022-03-24,46.15,46.35,46.0,46.3,68,EQ,26.0,2.62,45.0
2022-03-25,46.35,46.65,46.25,46.65,79,EQ,26.0,3.04,44.0
2022-03-28,46.65,46.95,46.1,46.35,65,EQ,26.0,2.5,43.0
2022-03-29,46.55,46.55,45.6,45.95,64,EQ,30.0,2.13,48.0
2022-03-30,45.85,45.95,45.2,45.6,147,EQ,88.0,1.67,82.0
2022-03-31,46.0,46.15,45.05,45.55,153,EQ,41.0,3.73,75.0
2022-04-01,46.0,46.3,45.9,46.2,64,EQ,40.0,1.6,35.0
2022-04-04,47.85,47.85,45.9,46.2,104,EQ,22.0,4.73,60.0
2022-04-05,46.2,46.25,46.0,46.25,43,EQ,18.0,2.39,36.0
2022-04-06,46.45,46.5,45.9,46.45,73,EQ,42.0,1.74,60.0
2022-04-07,46.9,46.9,46.3,46.6,65,EQ,20.0,3.25,56.0
2022-04-08,45.95,50.0,45.95,47.1,88,EQ,23.0,3.83,64.0
2022-04-11,47.05,48.5,46.3,46.85,245,EQ,83.0,2.95,113.0
2022-04-12,47.25,47.5,46.75,47.35,219,EQ,39.0,5.62,180.0
2022-04-13,48.3,48.3,47.5,47.65,11,EQ,10.0,1.1,4.0
2022-04-18,47.7,48.0,47.7,47.85,251,EQ,35.0,7.17,158.0
2022-04-19,47.8,48.0,47.45,48.0,115,EQ,24.0,4.79,107.0
2022-04-20,47.8,47.8,46.8,47.2,458,EQ,63.0,7.27,390.0
2022-04-21,47.7,47.7,46.9,47.1,82,EQ,19.0,4.32,61.0
2022-04-22,47.1,47.4,46.9,47.0,116,EQ,10.0,11.6,112.0
2022-04-25,47.0,47.2,46.55,47.0,141,EQ,33.0,4.27,124.0
2022-04-26,46.65,46.65,46.3,46.65,142,EQ,28.0,5.07,131.0
2022-04-27,46.6,46.6,46.25,46.45,75,EQ,24.0,3.12,65.0
2022-04-28,46.3,46.45,45.65,46.25,168,EQ,45.0,3.73,91.0
2022-04-29,46.8,48.5,46.2,46.85,102,EQ,30.0,3.4,62.0
2022-05-02,46.4,46.7,45.95,46.0,166,EQ,43.0,3.86,143.0
2022-05-04,47.0,47.0,45.65,45.65,45,EQ,28.0,1.61,36.0
2022-05-05,46.15,46.65,46.0,46.2,56,EQ,37.0,1.51,20.0
2022-05-06,46.3,47.7,46.15,46.85,20,EQ,13.0,1.54,14.0
2022-05-09,46.45,47.0,46.3,46.4,172,EQ,26.0,6.62,163.0
2022-05-10,46.3,46.3,45.9,46.3,154,EQ,35.0,4.4,116.0
2022-05-12,46.25,46.65,45.5,46.1,138,EQ,24.0,5.75,112.0
2022-05-13,46.0,46.0,45.35,45.35,31,EQ,20.0,1.55,22.0
2022-05-16,45.25,45.9,44.9,45.25,97,EQ,35.0,2.77,69.0
2022-05-17,45.5,45.9,45.25,45.85,127,EQ,20.0,6.35,120.0
2022-05-18,45.3,45.35,44.9,45.0,80,EQ,40.0,2.0,45.0
2022-05-19,45.9,45.9,44.7,44.85,14,EQ,12.0,1.17,7.0
2022-05-20,45.3,45.75,45.3,45.75,20,EQ,15.0,1.33,11.0
2022-05-23,46.0,47.15,46.0,46.15,219,EQ,45.0,4.87,130.0
2022-05-24,46.4,46.4,45.7,46.0,64,EQ,27.0,2.37,24.0
2022-05-25,46.35,46.35,45.6,45.85,75,EQ,35.0,2.14,42.0
2022-05-26,45.2,45.7,45.2,45.4,21,EQ,10.0,2.1,14.0
2022-05-27,46.1,46.1,45.75,46.1,11,EQ,9.0,1.22,6.0
2022-05-30,46.1,46.5,45.6,45.75,70,EQ,36.0,1.94,46.0
2022-05-31,45.9,46.0,45.9,45.95,37,EQ,12.0,3.08,31.0
2022-06-01,45.6,45.7,45.05,45.25,84,EQ,25.0,3.36,72.0
2022-06-02,45.7,45.9,45.5,45.8,99,EQ,24.0,4.12,68.0
2022-06-03,46.85,46.85,45.8,46.55,114,EQ,26.0,4.38,101.0
2022-06-06,46.9,46.9,45.95,46.05,159,EQ,32.0,4.97,143.0
2022-06-07,45.9,45.9,45.6,45.9,114,EQ,16.0,7.12,105.0
2022-06-08,45.9,46.0,45.6,45.9,126,EQ,24.0,5.25,114.0
2022-06-09,46.4,46.4,45.75,45.9,114,EQ,15.0,7.6,105.0
2022-06-10,46.4,46.4,45.65,45.8,127,EQ,21.0,6.05,113.0
2022-06-13,46.3,46.9,46.0,46.4,95,EQ,53.0,1.79,31.0
2022-06-14,45.95,45.95,45.35,45.45,166,EQ,32.0,5.19,150.0
2022-06-15,45.4,45.55,45.2,45.55,96,EQ,23.0,4.17,75.0
2022-06-16,45.45,45.7,45.4,45.7,90,EQ,12.0,7.5,53.0
2022-06-17,45.65,46.15,45.65,46.15,33,EQ,18.0,1.83,21.0
2022-06-20,45.8,45.85,45.05,45.3,104,EQ,45.0,2.31,65.0
2022-06-21,45.6,45.8,45.05,45.3,17,EQ,12.0,1.42,7.0
2022-06-22,45.25,45.4,44.7,45.0,100,EQ,37.0,2.7,34.0
2022-06-23,45.45,45.8,45.45,45.8,112,EQ,14.0,8.0,100.0
2022-06-24,45.3,45.9,45.0,45.9,111,EQ,11.0,10.09,106.0
2022-06-27,45.9,46.05,45.6,46.0,138,EQ,26.0,5.31,127.0
2022-06-28,46.0,46.15,45.4,46.15,12,EQ,10.0,1.2,6.0
2022-06-29,46.4,46.4,45.4,45.75,74,EQ,17.0,4.35,61.0
2022-06-30,46.35,46.6,45.5,45.75,103,EQ,17.0,6.06,75.0
2022-07-01,46.15,47.0,45.8,46.9,41,EQ,25.0,1.64,15.0
2022-07-04,47.75,47.9,46.85,47.1,78,EQ,45.0,1.73,52.0
2022-07-05,47.05,47.05,46.85,46.85,61,EQ,14.0,4.36,55.0
2022-07-06,46.4,46.4,45.7,46.0,137,EQ,51.0,2.69,86.0
2022-07-07,45.35,45.6,45.2,45.4,93,EQ,37.0,2.51,73.0
2022-07-08,45.8,45.95,45.4,45.65,433,EQ,41.0,10.56,417.0
2022-07-11,46.4,46.4,45.1,45.75,25,EQ,19.0,1.32,18.0
2022-07-12,45.45,46.0,45.45,45.75,64,EQ,13.0,4.92,55.0
2022-07-13,45.4,45.6,45.2,45.55,68,EQ,32.0,2.12,37.0
2022-07-14,45.45,45.45,45.1,45.3,44,EQ,15.0,2.93,40.0
2022-07-15,45.35,45.35,44.85,45.15,44,EQ,21.0,2.1,35.0
2022-07-18,45.0,45.55,44.9,45.55,86,EQ,24.0,3.58,55.0
2022-07-19,45.4,45.4,45.05,45.4,21,EQ,13.0,1.62,12.0
2022-07-20,45.25,45.9,45.1,45.4,41,EQ,15.0,2.73,28.0
2022-07-21,45.45,45.9,45.15,45.5,28,EQ,8.0,3.5,25.0
2022-07-22,45.95,45.95,45.25,45.8,19,EQ,14.0,1.36,9.0
2022-07-25,45.5,46.4,45.5,46.15,23,EQ,16.0,1.44,11.0
2022-07-26,46.1,46.15,46.1,46.15,10,EQ,2.0,5.0,10.0
2022-07-27,45.5,46.2,45.15,45.6,50,EQ,27.0,1.85,26.0
2022-07-28,46.4,46.4,45.55,46.0,34,EQ,14.0,2.43,26.0
2022-07-29,45.9,46.4,45.9,46.4,18,EQ,6.0,3.0,15.0
2022-08-01,46.2,46.45,46.0,46.4,18,EQ,14.0,1.29,13.0
2022-08-02,46.65,46.65,45.55,45.9,148,EQ,37.0,4.0,104.0
2022-08-03,46.1,46.2,46.1,46.2,54,EQ,16.0,3.38,49.0
2022-08-04,46.2,46.45,45.9,46.35,77,EQ,25.0,3.08,45.0
2022-08-05,46.95,46.95,46.4,46.7,98,EQ,25.0,3.92,37.0
2022-08-08,46.0,47.65,45.6,46.3,70,EQ,,,
2022-08-10,46.3,46.65,46.0,46.6,93,EQ,33.0,2.82,52.0
2022-08-12,46.8,47.0,46.6,47.0,41,EQ,10.0,4.1,26.0
2022-08-16,47.0,47.0,46.5,46.55,22,EQ,14.0,1.57,16.0
2022-08-17,46.55,46.7,46.55,46.7,5,EQ,4.0,1.25,3.0
2022-08-18,46.1,46.9,46.05,46.65,22,EQ,11.0,2.0,18.0
2022-08-19,46.4,46.4,46.25,46.3,15,EQ,11.0,1.36,5.0
2022-08-22,46.45,46.45,45.5,45.8,21,EQ,14.0,1.5,10.0
2022-08-23,45.9,46.1,45.55,45.9,92,EQ,27.0,3.41,58.0
2022-08-24,45.6,47.3,45.3,47.1,7,EQ,6.0,1.17,2.0
2022-08-25,45.15,46.45,45.1,46.3,87,EQ,13.0,6.69,76.0
2022-08-26,46.4,46.4,46.1,46.1,5,EQ,3.0,1.67,2.0
2022-08-29,46.05,46.1,45.8,45.8,38,EQ,16.0,2.38,32.0
2022-08-30,45.15,46.85,45.15,45.8,136,EQ,57.0,2.39,101.0
2022-09-01,45.6,45.6,45.2,45.3,33,EQ,22.0,1.5,24.0
2022-09-02,45.3,45.3,45.15,45.3,216,EQ,21.0,10.29,152.0
2022-09-05,45.8,45.8,45.65,45.7,15,EQ,10.0,1.5,12.0
2022-09-06,45.65,45.7,45.25,45.45,46,EQ,16.0,2.88,33.0
2022-09-07,45.45,45.6,45.0,45.4,72,EQ,30.0,2.4,37.0
2022-09-08,45.6,45.6,45.3,45.45,6,EQ,4.0,1.5,0.0
2022-09-09,45.85,45.95,45.55,45.55,22,EQ,12.0,1.83,18.0
2022-09-12,45.6,45.6,45.3,45.4,33,EQ,17.0,1.94,26.0
2022-09-13,45.4,45.6,45.05,45.5,71,EQ,16.0,4.44,66.0
2022-09-14,45.1,45.35,45.0,45.35,77,EQ,29.0,2.66,67.0
2022-09-15,44.7,45.2,44.7,44.8,44,EQ,27.0,1.63,33.0
2022-09-16,44.65,44.75,44.15,44.2,122,EQ,46.0,2.65,86.0
2022-09-19,44.5,44.5,44.05,44.05,31,EQ,17.0,1.82,19.0
2022-09-20,44.8,44.8,44.35,44.45,12,EQ,8.0,1.5,8.0
2022-09-21,44.3,45.0,44.3,44.75,9,EQ,7.0,1.29,6.0
2022-09-22,44.0,45.5,44.0,45.45,15,EQ,10.0,1.5,7.0
2022-09-23,44.9,44.9,44.4,44.55,21,EQ,15.0,1.4,8.0
2022-09-26,44.5,44.55,44.0,44.15,65,EQ,27.0,2.41,46.0
2022-09-27,44.4,44.5,44.25,44.25,24,EQ,10.0,2.4,11.0
2022-09-29,44.65,44.75,44.5,44.6,40,EQ,14.0,2.86,32.0
2022-09-30,45.05,45.2,44.9,45.2,230,EQ,23.0,10.0,203.0
2022-10-03,45.7,45.7,45.0,45.1,59,EQ,20.0,2.95,52.0
2022-10-04,45.65,45.8,45.0,45.75,192,EQ,51.0,3.76,147.0
2022-10-06,47.15,47.15,45.6,46.8,46,EQ,28.0,1.64,23.0
2022-10-07,46.6,46.6,46.0,46.4,25,EQ,11.0,2.27,20.0
2022-10-10,46.8,46.8,45.5,45.7,92,EQ,39.0,2.36,75.0
2022-10-11,45.55,45.55,45.1,45.25,20,EQ,16.0,1.25,12.0
2022-10-12,45.5,45.5,45.15,45.15,25,EQ,3.0,8.33,25.0
2022-10-13,45.55,45.6,45.55,45.6,31,EQ,7.0,4.43,26.0
2022-10-14,46.05,46.1,45.1,45.15,47,EQ,14.0,3.36,40.0
2022-10-17,45.9,45.9,45.1,45.15,59,EQ,22.0,2.68,51.0
2022-10-18,45.25,45.85,45.0,45.35,37,EQ,24.0,1.54,25.0
2022-10-19,45.1,45.1,44.8,44.85,37,EQ,26.0,1.42,21.0
2022-10-20,45.25,45.65,44.75,44.9,11,EQ,8.0,1.38,6.0
2022-10-21,44.95,45.0,44.5,44.5,24,EQ,15.0,1.6,15.0
2022-10-24,45.7,46.0,44.95,45.5,39,EQ,21.0,1.86,30.0
2022-10-25,45.5,45.65,45.35,45.35,14,EQ,11.0,1.27,4.0
2022-10-27,45.2,45.6,45.15,45.45,144,EQ,30.0,4.8,91.0
2022-10-28,45.65,45.65,45.0,45.2,179,EQ,53.0,3.38,144.0
2022-10-31,45.3,45.3,45.0,45.1,21,EQ,13.0,1.62,14.0
2022-11-01,45.55,45.55,44.7,44.95,114,EQ,22.0,5.18,105.0
2022-11-02,45.25,45.35,45.25,45.3,134,EQ,23.0,5.83,127.0
2022-11-03,45.5,45.5,44.8,44.8,19,EQ,16.0,1.19,6.0
2022-11-04,44.8,45.2,44.8,45.1,14,EQ,10.0,1.4,10.0
2022-11-07,45.9,46.3,45.15,45.65,45,EQ,30.0,1.5,24.0
2022-11-09,46.2,46.2,45.6,46.0,84,EQ,30.0,2.8,68.0
2022-11-10,45.95,46.45,45.7,46.05,64,EQ,27.0,2.37,36.0
2022-11-11,46.7,46.95,46.2,46.8,96,EQ,42.0,2.29,79.0
2022-11-14,47.4,47.4,46.05,46.8,62,EQ,23.0,2.7,23.0
2022-11-15,46.8,47.15,46.8,47.1,26,EQ,23.0,1.13,23.0
2022-11-16,46.8,47.25,46.8,47.2,41,EQ,18.0,2.28,24.0
2022-11-17,47.3,47.35,47.0,47.3,89,EQ,32.0,2.78,78.0
2022-11-18,47.3,47.8,47.1,47.25,58,EQ,28.0,2.07,33.0
2022-11-21,47.05,47.25,46.7,46.9,37,EQ,17.0,2.18,30.0
2022-11-22,47.0,47.0,46.7,46.7,20,EQ,5.0,4.0,18.0
2022-11-23,47.0,47.0,46.5,46.65,21,EQ,10.0,2.1,14.0
2022-11-24,46.6,47.15,46.6,47.0,105,EQ,20.0,5.25,74.0
2022-11-25,46.9,47.1,46.75,46.75,23,EQ,9.0,2.56,17.0
2022-11-28,47.05,47.75,47.05,47.45,69,EQ,34.0,2.03,52.0
2022-11-29,47.1,47.25,47.0,47.15,51,EQ,11.0,4.64,46.0
2022-11-30,47.2,47.25,47.05,47.25,8,EQ,6.0,1.33,4.0
2022-12-01,48.0,48.0,47.2,47.4,66,EQ,25.0,2.64,34.0
2022-12-02,47.4,47.8,47.4,47.7,91,EQ,18.0,5.06,81.0
2022-12-05,48.65,48.65,47.9,47.9,83,EQ,23.0,3.61,72.0
2022-12-06,48.0,48.0,47.4,47.95,22,EQ,16.0,1.38,12.0
2022-12-07,47.5,47.95,47.5,47.95,8,EQ,6.0,1.33,4.0
2022-12-08,47.7,48.2,47.7,47.7,184,EQ,21.0,8.76,82.0
2022-12-09,48.1,48.1,48.1,48.1,2,EQ,2.0,1.0,1.0
2022-12-12,48.1,48.25,47.9,48.25,83,EQ,32.0,2.59,71.0
2022-12-13,48.25,48.25,48.1,48.1,12,EQ,11.0,1.09,8.0
2022-12-14,48.25,48.55,48.25,48.4,182,EQ,30.0,6.07,120.0
2022-12-15,47.95,48.5,47.9,47.95,94,EQ,20.0,4.7,86.0
2022-12-16,47.9,48.2,47.9,48.2,80,EQ,8.0,10.0,77.0
2022-12-19,48.5,48.5,48.25,48.5,20,EQ,12.0,1.67,15.0
2022-12-20,48.5,49.2,48.2,49.1,623,EQ,54.0,11.54,578.0
2022-12-21,49.0,49.0,48.8,48.9,371,EQ,21.0,17.67,363.0
2022-12-22,48.9,48.9,48.8,48.8,24,EQ,13.0,1.85,14.0
2022-12-23,48.8,48.8,48.8,48.8,31,EQ,5.0,6.2,27.0
2022-12-26,48.8,49.0,48.65,48.8,62,EQ,16.0,3.88,56.0
2022-12-27,49.0,49.3,48.5,48.9,49,EQ,37.0,1.32,22.0
2022-12-28,49.4,49.4,48.5,48.55,13,EQ,9.0,1.44,7.0
2022-12-29,48.5,48.6,48.5,48.55,18,EQ,10.0,1.8,14.0
2022-12-30,48.95,48.95,48.75,48.75,21,EQ,14.0,1.5,15.0
2023-01-02,49.7,49.7,48.95,49.2,57,EQ,23.0,2.48,41.0
2023-01-03,49.2,50.0,49.2,49.85,1229,EQ,111.0,11.07,1147.0
2023-01-04,50.0,50.5,49.6,50.4,71,EQ,24.0,2.96,63.0
2023-01-05,50.25,50.25,49.6,49.7,161,EQ,35.0,4.6,143.0
2023-01-06,49.6,49.6,49.0,49.45,98,EQ,38.0,2.58,59.0
2023-01-09,49.6,50.7,49.6,50.25,74,EQ,26.0,2.85,57.0
2023-01-10,50.9,55.4,49.65,50.05,441,EQ,109.0,4.05,339.0
2023-01-11,50.15,50.15,49.85,50.15,60,EQ,12.0,5.0,56.0
2023-01-12,50.3,50.3,49.9,50.25,266,EQ,27.0,9.85,258.0
2023-01-13,50.9,50.9,50.0,50.15,60,EQ,33.0,1.82,42.0
2023-01-16,50.45,51.0,50.45,50.95,184,EQ,63.0,2.92,128.0
2023-01-17,50.8,50.9,50.3,50.45,106,EQ,37.0,2.86,85.0
2023-01-18,50.2,50.65,50.2,50.5,75,EQ,20.0,3.75,70.0
2023-01-19,50.5,51.0,50.1,50.8,51,EQ,27.0,1.89,36.0
2023-01-20,50.9,50.9,50.65,50.75,31,EQ,16.0,1.94,15.0
2023-01-23,50.7,51.25,50.6,51.15,51,EQ,27.0,1.89,36.0
2023-01-24,52.7,52.7,50.8,50.85,24,EQ,21.0,1.14,9.0
2023-01-25,50.8,51.15,50.65,51.05,97,EQ,43.0,2.26,66.0
2023-01-27,51.05,51.05,50.2,50.4,48,EQ,22.0,2.18,41.0
2023-01-30,50.45,51.0,50.45,50.9,16,EQ,16.0,1.0,5.0
2023-01-31,50.7,51.05,50.5,50.95,108,EQ,40.0,2.7,99.0
2023-02-01,50.9,51.5,50.7,51.35,62,EQ,49.0,1.27,22.0
2023-02-02,51.5,52.4,51.5,52.4,48,EQ,27.0,1.78,31.0
2023-02-03,52.5,52.5,51.4,51.5,68,EQ,26.0,2.62,56.0
2023-02-06,51.45,51.45,50.8,51.25,45,EQ,17.0,2.65,22.0
2023-02-07,51.1,51.3,51.1,51.1,7,EQ,6.0,1.17,5.0
2023-02-08,51.2,51.2,51.1,51.1,207,EQ,20.0,10.35,201.0
2023-02-09,51.3,51.45,51.15,51.4,129,EQ,23.0,5.61,113.0
2023-02-10,50.9,51.15,50.5,50.5,52,EQ,33.0,1.58,28.0
2023-02-13,50.5,51.0,50.5,50.65,33,EQ,24.0,1.38,10.0
2023-02-14,50.5,50.75,50.3,50.65,460,EQ,91.0,5.05,394.0
2023-02-15,50.5,50.5,50.0,50.15,8,EQ,8.0,1.0,4.0
2023-02-16,50.1,50.4,49.95,50.25,101,EQ,25.0,4.04,72.0
2023-02-17,50.1,50.4,49.9,50.0,98,EQ,23.0,4.26,83.0
2023-02-20,50.2,50.6,50.2,50.5,27,EQ,22.0,1.23,6.0
2023-02-21,50.5,50.5,50.2,50.2,6,EQ,6.0,1.0,2.0
2023-02-22,50.1,50.3,50.05,50.3,14,EQ,13.0,1.08,9.0
2023-02-23,51.0,51.0,49.8,49.95,27,EQ,19.0,1.42,15.0
2023-02-24,50.15,50.15,50.15,50.15,2,EQ,2.0,1.0,1.0
2023-02-27,49.1,49.9,49.05,49.65,214,EQ,18.0,11.89,207.0
2023-02-28,49.6,49.8,49.05,49.55,248,EQ,23.0,10.78,207.0
2023-03-01,49.8,50.1,49.8,50.1,239,EQ,16.0,14.94,205.0
2023-03-02,50.05,50.05,49.75,49.95,46,EQ,17.0,2.71,23.0
2023-03-06,50.45,50.45,49.9,50.0,13,EQ,12.0,1.08,7.0
2023-03-08,49.9,49.9,49.05,49.3,37,EQ,23.0,1.61,25.0
2023-03-09,49.45,49.45,48.85,48.85,36,EQ,19.0,1.89,24.0
2023-03-10,49.25,49.9,49.25,49.85,13,EQ,11.0,1.18,6.0
2023-03-13,50.75,50.75,50.2,50.45,42,EQ,21.0,2.0,35.0
2023-03-14,50.8,50.85,50.5,50.75,204,EQ,52.0,3.92,128.0
2023-03-15,50.5,51.45,50.5,51.1,312,EQ,54.0,5.78,194.0
2023-03-16,51.65,52.65,51.4,51.7,158,EQ,53.0,2.98,128.0
2023-03-17,51.7,52.0,51.6,51.95,202,EQ,31.0,6.52,144.0
2023-03-20,52.55,53.7,52.55,53.35,305,EQ,49.0,6.22,183.0
2023-03-21,53.15,53.2,52.35,52.4,19,EQ,16.0,1.19,7.0
2023-03-22,52.2,52.5,52.0,52.3,162,EQ,21.0,7.71,152.0
2023-03-23,52.45,52.75,52.0,52.25,16,EQ,8.0,2.0,9.0
2023-03-24,52.55,53.5,52.55,53.3,78,EQ,31.0,2.52,37.0
2023-03-27,53.0,53.0,52.45,52.65,29,EQ,20.0,1.45,18.0
2023-03-28,52.8,52.8,52.3,52.3,49,EQ,19.0,2.58,30.0
2023-03-29,52.6,53.25,52.2,52.85,86,EQ,54.0,1.59,35.0
2023-03-31,53.05,53.5,52.9,53.4,531,EQ,32.0,16.59,516.0
2023-04-03,53.3,53.3,52.75,53.0,290,EQ,65.0,4.46,276.0
2023-04-05,53.75,54.5,53.75,54.35,345,EQ,55.0,6.27,246.0
2023-04-06,54.15,54.15,53.55,54.1,375,EQ,49.0,7.65,352.0
2023-04-10,54.0,54.0,53.2,53.6,168,EQ,34.0,4.94,142.0
2023-04-11,53.95,53.95,53.5,53.6,65,EQ,15.0,4.33,28.0
2023-04-12,54.9,54.9,53.6,54.15,440,EQ,66.0,6.67,397.0
2023-04-13,54.15,55.6,53.8,54.35,411,EQ,41.0,10.02,403.0
2023-04-17,54.05,54.1,54.0,54.0,92,EQ,25.0,3.68,82.0
2023-04-18,53.9,53.95,53.8,53.9,296,EQ,20.0,14.8,161.0
2023-04-19,53.9,53.9,52.9,53.2,94,EQ,23.0,4.09,50.0
2023-04-20,53.65,54.05,53.65,53.9,26,EQ,13.0,2.0,5.0
2023-04-21,53.75,53.8,53.5,53.5,8,EQ,7.0,1.14,5.0
2023-04-24,53.85,53.85,53.15,53.6,285,EQ,38.0,7.5,274.0
2023-04-25,53.5,53.9,53.2,53.75,203,EQ,30.0,6.77,117.0
2023-04-26,53.9,53.95,53.5,53.85,213,EQ,13.0,16.38,201.0
2023-04-27,53.75,53.8,53.75,53.8,30,EQ,6.0,5.0,17.0
2023-04-28,53.0,54.0,52.7,53.55,140,EQ,54.0,2.59,79.0
2023-05-02,53.6,53.7,53.2,53.6,56,EQ,16.0,3.5,38.0
2023-05-03,54.0,54.6,53.65,54.4,127,EQ,75.0,1.69,73.0
2023-05-04,54.65,54.95,54.65,54.95,340,EQ,32.0,10.62,300.0
2023-05-05,54.95,55.0,54.95,55.0,33,EQ,4.0,8.25,31.0
2023-05-08,55.0,55.0,54.2,54.55,41,EQ,18.0,2.28,30.0
2023-05-09,55.0,55.0,54.25,54.75,8,EQ,7.0,1.14,3.0
2023-05-10,55.25,55.25,54.5,54.85,21,EQ,18.0,1.17,10.0
2023-05-11,54.85,54.85,54.65,54.7,76,EQ,24.0,3.17,68.0
2023-05-12,54.6,54.6,53.5,53.85,43,EQ,23.0,1.87,24.0
2023-05-15,54.25,54.75,54.25,54.75,277,EQ,28.0,9.89,256.0
2023-05-16,54.75,54.75,54.2,54.5,251,EQ,48.0,5.23,231.0
2023-05-17,54.2,54.2,53.8,53.8,57,EQ,21.0,2.71,21.0
2023-05-18,54.0,54.05,54.0,54.05,308,EQ,12.0,25.67,300.0
2023-05-19,53.5,54.0,53.45,53.8,718,EQ,34.0,21.12,708.0
2023-05-22,54.05,54.45,54.05,54.45,38,EQ,19.0,2.0,27.0
2023-05-23,53.9,53.9,53.5,53.8,381,EQ,57.0,6.68,343.0
2023-05-24,53.9,54.3,53.9,54.1,223,EQ,32.0,6.97,207.0
2023-05-25,53.15,53.9,53.15,53.65,265,EQ,27.0,9.81,204.0
2023-05-26,53.45,53.9,53.35,53.6,55,EQ,11.0,5.0,24.0
2023-05-29,53.5,55.55,53.0,54.0,198,EQ,43.0,4.6,108.0
2023-05-30,53.6,53.6,53.3,53.6,60,EQ,18.0,3.33,39.0
2023-05-31,53.95,54.65,53.2,53.8,613,EQ,131.0,4.68,292.0
2023-06-01,53.6,53.6,53.35,53.4,195,EQ,46.0,4.24,180.0
2023-06-02,53.75,53.8,53.45,53.75,98,EQ,27.0,3.63,64.0
2023-06-05,53.3,53.3,52.9,52.95,183,EQ,40.0,4.58,150.0
2023-06-06,53.3,53.45,53.3,53.3,98,EQ,17.0,5.76,86.0
2023-06-07,53.2,53.45,53.2,53.4,25,EQ,14.0,1.79,9.0
2023-06-08,52.6,53.1,52.6,52.75,29,EQ,11.0,2.64,23.0
2023-06-09,53.25,53.4,53.2,53.25,68,EQ,7.0,9.71,66.0
2023-06-12,53.15,53.45,53.15,53.35,31,EQ,17.0,1.82,18.0
2023-06-13,53.05,53.3,53.05,53.15,6,EQ,4.0,1.5,3.0
2023-06-14,53.15,53.15,52.5,52.55,75,EQ,20.0,3.75,51.0
2023-06-15,53.35,53.35,52.25,52.4,30,EQ,17.0,1.76,20.0
2023-06-16,52.9,52.95,52.75,52.8,812,EQ,29.0,28.0,802.0
2023-06-19,53.15,53.4,52.3,52.6,334,EQ,64.0,5.22,170.0
2023-06-20,52.6,52.8,52.6,52.75,9,EQ,7.0,1.29,6.0
2023-06-21,52.45,52.5,52.15,52.15,173,EQ,27.0,6.41,165.0
2023-06-22,52.2,52.45,51.9,51.9,221,EQ,25.0,8.84,182.0
2023-06-23,51.9,51.9,51.7,51.8,57,EQ,12.0,4.75,30.0
2023-06-26,51.95,52.1,51.8,51.9,49,EQ,24.0,2.04,33.0
2023-06-28,51.6,52.0,51.5,51.85,222,EQ,23.0,9.65,214.0
2023-06-30,51.9,51.9,51.4,51.5,32,EQ,15.0,2.13,16.0
2023-07-03,52.2,52.2,51.4,51.6,169,EQ,56.0,3.02,143.0
2023-07-04,52.15,52.2,51.6,51.95,554,EQ,23.0,24.09,531.0
2023-07-05,52.0,52.1,51.95,52.0,416,EQ,15.0,27.73,412.0
2023-07-06,52.25,52.25,52.15,52.2,4,EQ,4.0,1.0,3.0
2023-07-07,52.0,52.2,51.9,52.2,17,EQ,13.0,1.31,12.0
2023-07-10,52.7,52.7,52.0,52.4,78,EQ,34.0,2.29,55.0
2023-07-11,52.75,53.0,52.25,52.55,52,EQ,19.0,2.74,18.0
2023-07-12,52.25,52.6,52.25,52.45,54,EQ,18.0,3.0,25.0
2023-07-13,52.65,52.95,52.3,52.85,152,EQ,57.0,2.67,94.0
2023-07-14,52.85,53.0,52.85,52.85,260,EQ,12.0,21.67,240.0
2023-07-17,53.35,53.35,52.35,52.6,333,EQ,61.0,5.46,228.0
2023-07-18,52.9,52.9,52.6,52.85,180,EQ,36.0,5.0,151.0
2023-07-19,53.35,53.4,52.95,53.3,194,EQ,34.0,5.71,122.0
2023-07-20,53.3,53.4,53.25,53.3,84,EQ,22.0,3.82,53.0
2023-07-21,53.2,53.2,52.8,52.8,28,EQ,8.0,3.5,21.0
2023-07-24,53.35,53.35,52.5,52.7,36,EQ,23.0,1.57,22.0
2023-07-25,53.4,53.4,52.55,52.7,16,EQ,14.0,1.14,7.0
2023-07-26,53.0,53.2,52.9,53.0,9,EQ,9.0,1.0,3.0
2023-07-27,52.9,53.2,52.9,53.1,67,EQ,16.0,4.19,64.0
2023-07-28,52.9,52.9,52.6,52.8,129,EQ,25.0,5.16,108.0
2023-07-31,53.15,53.35,52.8,52.9,35,EQ,17.0,2.06,18.0
2023-08-01,52.95,53.0,52.95,52.95,7,EQ,5.0,1.4,5.0
2023-08-02,53.4,53.4,52.7,53.0,57,EQ,14.0,4.07,50.0
2023-08-03,52.9,52.9,52.7,52.7,24,EQ,12.0,2.0,9.0
2023-08-04,52.75,52.75,52.1,52.6,93,EQ,30.0,3.1,57.0
2023-08-07,52.7,52.85,52.6,52.65,31,EQ,15.0,2.07,17.0
2023-08-08,52.65,52.8,52.65,52.8,13,EQ,3.0,4.33,13.0
2023-08-09,52.5,52.75,52.5,52.75,13,EQ,6.0,2.17,8.0
2023-08-10,52.6,52.6,52.3,52.5,12,EQ,11.0,1.09,6.0
2023-08-11,52.3,52.45,52.2,52.45,42,EQ,24.0,1.75,28.0
2023-08-14,52.95,52.95,52.3,52.45,19,EQ,12.0,1.58,15.0
2023-08-16,52.75,52.75,52.1,52.1,17,EQ,14.0,1.21,11.0
2023-08-17,52.0,52.1,52.0,52.1,11,EQ,10.0,1.1,7.0
2023-08-18,52.0,52.15,51.7,52.0,37,EQ,12.0,3.08,19.0
2023-08-21,51.9,52.0,51.8,52.0,11,EQ,7.0,1.57,8.0
2023-08-22,52.0,52.2,52.0,52.2,64,EQ,10.0,6.4,62.0
2023-08-23,52.25,52.25,51.9,52.15,23,EQ,14.0,1.64,10.0
2023-08-24,52.1,52.1,52.1,52.1,186,EQ,6.0,31.0,184.0
2023-08-25,51.95,52.25,51.95,52.15,19,EQ,7.0,2.71,11.0
2023-08-28,52.15,52.15,52.15,52.15,31,EQ,6.0,5.17,31.0
2023-08-29,52.3,52.45,51.7,52.25,61,EQ,19.0,3.21,32.0
2023-08-30,52.25,52.5,51.8,52.4,79,EQ,37.0,2.14,35.0
2023-08-31,52.45,52.75,52.45,52.55,44,EQ,26.0,1.69,23.0
2023-09-01,52.45,52.65,52.45,52.5,21,EQ,13.0,1.62,8.0
2023-09-04,52.65,53.0,52.65,53.0,40,EQ,20.0,2.0,30.0
2023-09-05,52.85,53.05,52.6,52.65,211,EQ,26.0,8.12,73.0
2023-09-06,52.45,52.7,52.45,52.5,206,EQ,17.0,12.12,185.0
2023-09-07,52.45,52.5,52.25,52.25,1375,EQ,76.0,18.09,1321.0
2023-09-08,52.4,52.6,52.4,52.4,32,EQ,18.0,1.78,20.0
2023-09-11,52.4,52.65,52.2,52.25,123,EQ,36.0,3.42,99.0
2023-09-12,52.25,52.3,51.8,52.1,104,EQ,37.0,2.81,42.0
2023-09-13,52.1,52.25,51.95,52.25,29,EQ,18.0,1.61,10.0
2023-09-14,52.25,52.3,51.8,51.95,13,EQ,12.0,1.08,5.0
2023-09-15,52.3,52.3,52.15,52.15,17,EQ,10.0,1.7,14.0
2023-09-18,52.15,52.6,52.0,52.4,864,EQ,53.0,16.3,832.0
2023-09-20,52.3,52.7,52.3,52.7,49,EQ,32.0,1.53,34.0
2023-09-21,52.0,52.5,51.65,52.4,338,EQ,33.0,10.24,295.0
2023-09-22,52.35,52.5,52.25,52.3,597,EQ,34.0,17.56,591.0
2023-09-25,52.25,52.7,52.25,52.55,312,EQ,32.0,9.75,276.0
2023-09-26,52.6,52.7,52.15,52.15,256,EQ,28.0,9.14,233.0
2023-09-27,52.4,52.4,51.9,51.9,134,EQ,15.0,8.93,110.0
2023-09-28,52.4,52.4,51.45,51.55,52,EQ,23.0,2.26,18.0
2023-09-29,51.2,51.5,51.0,51.5,55,EQ,24.0,2.29,31.0
2023-10-03,51.15,51.2,50.5,50.7,78,EQ,47.0,1.66,48.0
2023-10-04,50.65,50.65,50.05,50.25,40,EQ,28.0,1.43,24.0
2023-10-05,50.6,50.7,50.4,50.55,81,EQ,49.0,1.65,41.0
2023-10-06,50.5,51.0,50.35,50.5,144,EQ,43.0,3.35,103.0
2023-10-09,51.6,52.35,51.15,51.4,76,EQ,35.0,2.17,54.0
2023-10-10,51.85,51.85,51.15,51.35,68,EQ,31.0,2.19,31.0
2023-10-11,51.45,51.6,50.9,51.4,240,EQ,67.0,3.58,199.0
2023-10-12,51.35,51.8,51.35,51.8,84,EQ,18.0,4.67,28.0
2023-10-13,51.8,51.85,51.55,51.85,31,EQ,9.0,3.44,23.0
2023-10-16,52.5,52.65,52.2,52.2,80,EQ,29.0,2.76,59.0
2023-10-17,52.15,52.55,52.15,52.4,153,EQ,13.0,11.77,136.0
2023-10-18,52.7,53.15,52.55,53.0,205,EQ,58.0,3.53,61.0
2023-10-19,52.95,53.35,52.95,53.35,448,EQ,34.0,13.18,402.0
2023-10-20,53.6,53.7,53.5,53.7,243,EQ,15.0,16.2,241.0
2023-10-23,53.6,54.2,53.6,54.15,89,EQ,37.0,2.41,36.0
2023-10-25,54.75,54.75,53.6,53.7,46,EQ,27.0,1.7,27.0
2023-10-26,54.0,54.45,53.85,54.0,27,EQ,13.0,2.08,17.0
2023-10-27,54.0,54.0,53.9,53.9,16,EQ,12.0,1.33,11.0
2023-10-30,54.05,54.4,54.05,54.05,54,EQ,40.0,1.35,28.0
2023-10-31,53.9,54.3,53.9,54.2,19,EQ,15.0,1.27,6.0
2023-11-01,54.05,54.1,54.05,54.05,21,EQ,7.0,3.0,20.0
2023-11-02,54.9,54.9,53.9,53.9,914,EQ,27.0,33.85,903.0
2023-11-03,54.0,54.35,53.9,53.9,22,EQ,7.0,3.14,21.0
2023-11-06,55.0,55.0,53.8,54.0,44,EQ,35.0,1.26,18.0
2023-11-07,53.7,53.85,53.6,53.6,27,EQ,7.0,3.86,22.0
2023-11-08,53.65,53.75,53.0,53.55,23,EQ,19.0,1.21,10.0
2023-11-09,53.4,53.5,53.2,53.25,21,EQ,10.0,2.1,12.0
2023-11-10,53.6,53.7,53.6,53.7,69,EQ,36.0,1.92,63.0
2023-11-12,53.95,54.9,53.95,54.8,68,EQ,41.0,1.66,42.0
2023-11-13,53.5,54.25,53.5,54.05,55,EQ,25.0,2.2,33.0
2023-11-15,55.0,55.0,53.7,53.9,89,EQ,45.0,1.98,70.0
2023-11-16,53.8,54.05,53.35,54.0,136,EQ,54.0,2.52,109.0
2023-11-17,53.95,54.35,53.65,54.2,112,EQ,17.0,6.59,97.0
2023-11-20,54.6,54.6,54.0,54.1,81,EQ,32.0,2.53,24.0
2023-11-21,54.3,54.6,54.3,54.45,1136,EQ,80.0,14.2,1011.0
2023-11-22,54.25,55.55,54.25,54.95,595,EQ,68.0,8.75,546.0
2023-11-23,54.9,54.9,54.3,54.3,50,EQ,25.0,2.0,36.0
2023-11-24,54.35,54.5,54.25,54.3,499,EQ,65.0,7.68,476.0
2023-11-28,55.75,55.75,54.1,54.2,18,EQ,16.0,1.12,7.0
2023-11-29,55.4,55.7,55.35,55.35,75,EQ,16.0,4.69,69.0
2023-11-30,55.35,55.6,55.35,55.45,113,EQ,14.0,8.07,111.0
2023-12-01,55.7,56.5,54.85,55.75,285,EQ,60.0,4.75,225.0
2023-12-04,55.8,56.9,55.6,55.7,43,EQ,35.0,1.23,26.0
2023-12-05,55.1,55.45,55.1,55.45,33,EQ,9.0,3.67,17.0
2023-12-06,55.3,55.3,54.8,55.05,46,EQ,18.0,2.56,24.0
2023-12-07,55.3,55.4,55.0,55.2,27,EQ,20.0,1.35,16.0
2023-12-08,55.35,55.35,55.0,55.15,31,EQ,18.0,1.72,18.0
2023-12-11,55.0,55.0,54.15,54.35,114,EQ,42.0,2.71,87.0
2023-12-12,54.15,54.4,53.8,54.1,284,EQ,24.0,11.83,270.0
2023-12-13,54.15,54.15,54.05,54.05,15,EQ,9.0,1.67,7.0
2023-12-14,55.4,55.4,54.85,55.2,87,EQ,45.0,1.93,67.0
2023-12-15,55.05,55.5,55.05,55.05,111,EQ,9.0,12.33,105.0
2023-12-18,55.2,55.2,54.75,54.9,87,EQ,23.0,3.78,77.0
2023-12-19,55.0,55.05,54.55,55.05,73,EQ,24.0,3.04,47.0
2023-12-20,55.2,55.45,55.2,55.4,166,EQ,32.0,5.19,116.0
2023-12-21,55.4,55.4,55.2,55.35,75,EQ,18.0,4.17,43.0
2023-12-22,55.45,55.7,55.4,55.65,164,EQ,40.0,4.1,140.0
2023-12-26,55.65,56.05,55.65,56.0,33,EQ,13.0,2.54,8.0
2023-12-27,57.1,57.15,55.6,55.8,40,EQ,32.0,1.25,28.0
2023-12-28,56.3,56.65,56.25,56.45,26,EQ,20.0,1.3,13.0
2023-12-29,56.2,56.2,55.95,56.1,11,EQ,9.0,1.22,7.0
2024-01-01,56.6,56.6,56.1,56.25,34,EQ,22.0,1.55,24.0
2024-01-02,56.25,56.5,56.25,56.25,23,EQ,11.0,2.09,18.0
2024-01-03,56.1,56.1,56.1,56.1,6,EQ,2.0,3.0,6.0
2024-01-04,56.4,56.4,55.6,55.7,57,EQ,26.0,2.19,50.0
2024-01-05,55.7,55.75,55.25,55.3,140,EQ,39.0,3.59,63.0
2024-01-08,55.5,55.5,55.15,55.2,89,EQ,28.0,3.18,69.0
2024-01-09,55.2,55.25,55.1,55.25,66,EQ,18.0,3.67,53.0
2024-01-10,55.2,55.8,55.05,55.35,32,EQ,20.0,1.6,10.0
2024-01-11,55.15,55.25,54.1,55.25,90,EQ,23.0,3.91,79.0
2024-01-12,55.25,55.45,55.0,55.25,74,EQ,32.0,2.31,38.0
2024-01-15,55.35,55.8,55.35,55.65,50,EQ,36.0,1.39,20.0
2024-01-16,55.5,55.7,55.1,55.35,26,EQ,18.0,1.44,13.0
2024-01-17,55.1,55.65,55.05,55.1,61,EQ,34.0,1.79,35.0
2024-01-18,54.0,55.35,54.0,54.95,15,EQ,15.0,1.0,4.0
2024-01-19,55.35,55.4,55.35,55.35,19,EQ,6.0,3.17,16.0
2024-01-20,55.3,55.3,55.1,55.15,15,EQ,9.0,1.67,7.0
2024-01-23,55.6,55.6,55.0,55.25,84,EQ,45.0,1.87,54.0
2024-01-24,55.1,55.4,55.1,55.25,38,EQ,19.0,2.0,14.0
2024-01-25,55.2,55.25,55.0,55.1,51,EQ,14.0,3.64,34.0
2024-01-29,55.1,55.55,55.1,55.4,61,EQ,36.0,1.69,36.0
2024-01-30,55.7,55.7,55.15,55.7,35,EQ,22.0,1.59,10.0
2024-01-31,55.6,55.7,55.0,55.45,67,EQ,42.0,1.6,33.0
2024-02-01,55.45,55.7,55.45,55.5,20,EQ,13.0,1.54,12.0
2024-02-02,55.9,55.9,55.5,55.8,58,EQ,25.0,2.32,51.0
2024-02-05,55.8,55.9,55.15,55.35,71,EQ,34.0,2.09,51.0
2024-02-06,55.3,55.4,55.25,55.3,25,EQ,17.0,1.47,11.0
2024-02-07,55.45,55.75,55.45,55.55,55,EQ,31.0,1.77,38.0
2024-02-08,55.55,55.65,55.55,55.65,16,EQ,10.0,1.6,9.0
2024-02-12,55.35,55.35,55.1,55.2,41,EQ,32.0,1.28,28.0
2024-02-13,55.15,55.35,55.15,55.3,16,EQ,11.0,1.45,14.0
2024-02-14,54.65,54.65,54.35,54.4,45,EQ,24.0,1.88,39.0
2024-02-15,54.45,54.45,53.8,54.35,60,EQ,36.0,1.67,26.0
2024-02-16,54.5,54.85,54.3,54.75,54,EQ,32.0,1.69,31.0
2024-02-19,54.85,55.0,54.85,54.9,41,EQ,22.0,1.86,32.0
2024-02-20,55.4,55.4,54.55,55.0,160,EQ,45.0,3.56,132.0
2024-02-21,55.4,55.4,55.0,55.2,79,EQ,11.0,7.18,75.0
2024-02-22,55.0,55.15,54.95,55.05,9,EQ,8.0,1.12,7.0
2024-02-23,55.05,55.05,54.95,54.95,16,EQ,6.0,2.67,14.0
2024-02-26,55.05,55.75,54.95,55.3,148,EQ,61.0,2.43,95.0
2024-02-27,55.1,55.2,55.0,55.05,79,EQ,26.0,3.04,57.0
2024-02-28,55.1,55.2,54.85,54.85,56,EQ,18.0,3.11,29.0
2024-02-29,55.3,55.3,55.0,55.1,42,EQ,13.0,3.23,27.0
2024-03-01,55.3,55.5,55.3,55.45,25,EQ,10.0,2.5,18.0
2024-03-04,55.45,56.5,55.45,56.45,168,EQ,61.0,2.75,117.0
2024-03-05,56.75,57.1,56.75,57.05,109,EQ,26.0,4.19,89.0
2024-03-06,57.25,57.35,56.65,57.25,52,EQ,27.0,1.93,41.0
2024-03-07,57.5,58.05,57.5,57.9,87,EQ,31.0,2.81,71.0
2024-03-11,59.05,59.05,58.15,58.4,73,EQ,40.0,1.82,30.0
2024-03-12,58.3,58.35,58.25,58.25,37,EQ,11.0,3.36,31.0
2024-03-13,58.15,58.2,58.05,58.15,28,EQ,12.0,2.33,23.0
2024-03-14,58.2,58.5,58.05,58.3,27,EQ,19.0,1.42,19.0
2024-03-15,58.1,58.35,58.1,58.25,32,EQ,14.0,2.29,25.0
2024-03-18,58.0,58.0,57.35,57.75,187,EQ,64.0,2.92,88.0
2024-03-19,58.0,58.2,57.95,58.1,53,EQ,23.0,2.3,22.0
2024-03-20,58.25,58.3,58.2,58.2,15,EQ,10.0,1.5,8.0
2024-03-21,58.3,59.6,58.3,59.6,198,EQ,51.0,3.88,119.0
2024-03-22,59.35,59.35,58.3,58.55,107,EQ,31.0,3.45,45.0
2024-03-26,59.35,59.35,58.35,58.7,81,EQ,45.0,1.8,43.0
2024-03-27,58.25,58.9,58.2,58.85,58,EQ,18.0,3.22,46.0
2024-03-28,59.2,59.3,59.05,59.3,330,EQ,43.0,7.67,305.0
2024-04-01,61.0,61.5,60.8,61.3,88,EQ,26.0,3.38,80.0
2024-04-02,61.3,61.9,61.1,61.2,49,EQ,18.0,2.72,32.0
2024-04-03,61.85,61.85,61.35,61.5,11,EQ,5.0,2.2,7.0
2024-04-04,63.9,63.9,61.9,61.9,331,EQ,26.0,12.73,326.0
2024-04-05,61.6,61.75,61.15,61.55,44,EQ,31.0,1.42,18.0
2024-04-08,62.5,63.25,62.5,63.1,175,EQ,56.0,3.12,106.0
2024-04-09,63.1,63.5,63.1,63.5,63,EQ,22.0,2.86,35.0
2024-04-10,63.5,63.75,63.45,63.5,265,EQ,28.0,9.46,135.0
2024-04-12,64.45,65.0,64.2,65.0,390,EQ,70.0,5.57,365.0
2024-04-15,65.05,65.1,63.8,64.1,219,EQ,66.0,3.32,184.0
2024-04-16,64.6,65.65,64.6,65.3,538,EQ,97.0,5.55,427.0
2024-04-18,65.9,65.9,64.65,65.0,293,EQ,82.0,3.57,252.0
2024-04-19,65.05,65.9,64.9,65.15,87,EQ,52.0,1.67,30.0
2024-04-22,65.4,65.4,64.4,64.65,250,EQ,54.0,4.63,209.0
2024-04-23,64.65,64.65,62.9,63.15,462,EQ,127.0,3.64,363.0
2024-04-24,63.5,63.9,63.5,63.6,34,EQ,18.0,1.89,24.0
2024-04-25,63.25,64.3,63.1,63.5,103,EQ,47.0,2.19,49.0
2024-04-26,63.5,64.3,63.5,64.3,88,EQ,28.0,3.14,48.0
2024-04-29,63.95,64.4,63.9,64.3,112,EQ,18.0,6.22,101.0
2024-04-30,64.4,64.4,63.6,63.75,229,EQ,57.0,4.02,185.0
2024-05-02,63.35,64.25,63.25,63.55,296,EQ,48.0,6.17,240.0
2024-05-03,64.05,64.3,63.1,63.25,55,EQ,35.0,1.57,35.0
2024-05-06,63.85,63.85,63.25,63.6,99,EQ,26.0,3.81,75.0
2024-05-07,63.55,63.7,63.4,63.45,32,EQ,18.0,1.78,18.0
2024-05-08,63.45,63.45,63.2,63.2,29,EQ,10.0,2.9,23.0
2024-05-09,63.2,63.6,63.1,63.3,172,EQ,35.0,4.91,134.0
2024-05-10,63.65,64.9,63.65,64.9,337,EQ,114.0,2.96,279.0
2024-05-13,65.4,65.4,63.5,63.8,412,EQ,94.0,4.38,238.0
2024-05-14,63.8,64.0,63.5,63.95,104,EQ,28.0,3.71,69.0
2024-05-15,64.15,64.7,64.15,64.7,164,EQ,29.0,5.66,132.0
2024-05-16,65.9,65.9,64.7,65.0,69,EQ,21.0,3.29,27.0
2024-05-17,65.4,66.35,64.35,64.9,383,EQ,74.0,5.18,302.0
2024-05-21,66.4,66.4,65.05,65.7,99,EQ,34.0,2.91,79.0
2024-05-22,65.45,65.8,65.3,65.7,94,EQ,28.0,3.36,75.0
2024-05-23,64.7,64.7,64.1,64.35,389,EQ,103.0,3.78,289.0
2024-05-24,64.5,64.5,63.3,63.5,441,EQ,58.0,7.6,401.0
2024-05-27,63.1,63.9,63.1,63.75,384,EQ,35.0,10.97,370.0
2024-05-28,64.15,64.15,63.6,63.8,61,EQ,16.0,3.81,54.0
2024-05-29,64.2,64.2,63.7,63.75,27,EQ,16.0,1.69,12.0
2024-05-30,64.2,64.2,63.5,63.95,50,EQ,21.0,2.38,42.0
2024-05-31,64.2,64.2,63.7,63.8,31,EQ,17.0,1.82,19.0
2024-06-03,63.35,63.7,63.05,63.5,248,EQ,57.0,4.35,196.0
2024-06-04,63.8,64.2,63.5,63.5,120,EQ,10.0,12.0,117.0
2024-06-05,63.5,63.85,63.5,63.55,74,EQ,22.0,3.36,32.0
2024-06-06,64.35,64.55,64.05,64.05,125,EQ,39.0,3.21,87.0
2024-06-07,64.55,64.65,63.9,63.9,364,EQ,34.0,10.71,310.0
2024-06-10,63.5,63.5,62.65,62.85,212,EQ,76.0,2.79,163.0
2024-06-11,63.0,63.4,63.0,63.3,85,EQ,26.0,3.27,48.0
2024-06-12,63.3,63.5,63.05,63.3,149,EQ,25.0,5.96,86.0
2024-06-13,63.3,63.55,63.1,63.5,72,EQ,14.0,5.14,37.0
2024-06-14,63.2,63.4,63.0,63.4,61,EQ,26.0,2.35,30.0
2024-06-18,63.4,63.9,63.15,63.2,242,EQ,33.0,7.33,225.0
2024-06-19,63.2,63.7,63.2,63.4,18,EQ,9.0,2.0,11.0
2024-06-20,63.35,64.1,63.35,64.1,76,EQ,16.0,4.75,68.0
2024-06-21,64.9,64.9,63.8,64.65,154,EQ,38.0,4.05,73.0
2024-06-24,63.85,63.85,63.35,63.45,205,EQ,34.0,6.03,191.0
2024-06-25,63.5,63.55,63.2,63.5,63,EQ,16.0,3.94,41.0
2024-06-26,63.5,63.5,63.2,63.35,48,EQ,14.0,3.43,40.0
2024-06-27,63.1,63.2,62.8,63.2,111,EQ,28.0,3.96,104.0
2024-06-28,63.45,64.05,63.45,63.8,191,EQ,30.0,6.37,177.0
2024-07-01,63.8,63.8,63.4,63.75,106,EQ,19.0,5.58,87.0
2024-07-02,63.4,63.85,63.4,63.65,321,EQ,27.0,11.89,305.0
2024-07-03,63.65,64.2,63.3,64.1,16,EQ,13.0,1.23,11.0
2024-07-04,64.1,64.35,63.8,64.15,132,EQ,28.0,4.71,92.0
2024-07-05,64.5,64.5,64.2,64.25,299,EQ,49.0,6.1,225.0
2024-07-08,64.45,65.1,64.4,64.65,429,EQ,57.0,7.53,382.0
2024-07-09,64.65,64.65,64.0,64.1,159,EQ,25.0,6.36,149.0
2024-07-10,64.2,64.5,64.1,64.5,29,EQ,10.0,2.9,6.0
2024-07-11,64.5,64.5,64.4,64.5,5,EQ,4.0,1.25,3.0
2024-07-12,64.65,65.0,64.4,64.75,273,EQ,30.0,9.1,230.0
2024-07-15,64.75,65.35,64.75,65.0,302,EQ,34.0,8.88,264.0
2024-07-16,65.3,65.5,64.9,65.5,51,EQ,16.0,3.19,41.0
2024-07-18,65.5,66.1,65.5,65.7,142,EQ,34.0,4.18,80.0
2024-07-19,65.05,65.3,64.95,65.15,40,EQ,11.0,3.64,12.0
2024-07-22,65.45,65.6,64.95,64.95,52,EQ,22.0,2.36,34.0
2024-07-23,65.35,65.35,62.9,63.05,394,EQ,58.0,6.79,331.0
2024-07-24,63.35,63.6,62.25,62.6,150,EQ,69.0,2.17,114.0
2024-07-25,62.2,62.9,61.05,61.4,380,EQ,64.0,5.94,282.0
2024-07-26,62.0,62.4,61.2,61.6,358,EQ,67.0,5.34,271.0
2024-07-29,62.1,62.7,61.6,61.85,83,EQ,35.0,2.37,68.0
2024-07-30,61.85,61.85,60.8,61.0,525,EQ,82.0,6.4,436.0
2024-07-31,61.3,61.6,60.9,61.55,195,EQ,47.0,4.15,150.0
2024-08-01,61.55,61.95,61.55,61.75,607,EQ,66.0,9.2,553.0
2024-08-02,62.0,62.3,61.85,62.25,141,EQ,35.0,4.03,79.0
2024-08-05,62.15,62.15,61.35,61.4,126,EQ,41.0,3.07,91.0
2024-08-06,61.1,61.1,60.6,61.05,50,EQ,26.0,1.92,37.0
2024-08-07,61.35,61.35,60.7,60.8,41,EQ,24.0,1.71,35.0
2024-08-08,61.0,61.15,60.6,60.75,156,EQ,21.0,7.43,135.0
2024-08-09,61.5,61.5,61.5,61.5,1,EQ,1.0,1.0,1.0
2024-08-12,61.5,62.0,61.2,61.7,128,EQ,49.0,2.61,90.0
2024-08-13,61.9,62.4,61.75,62.1,110,EQ,30.0,3.67,67.0
2024-08-14,62.0,62.5,61.95,62.05,353,EQ,16.0,22.06,325.0
2024-08-16,62.05,62.3,61.75,62.05,125,EQ,33.0,3.79,97.0
2024-08-19,62.3,63.4,62.3,63.35,488,EQ,44.0,11.09,458.0
2024-08-20,63.9,63.9,63.0,63.6,149,EQ,38.0,3.92,124.0
2024-08-21,63.6,63.6,63.1,63.15,153,EQ,21.0,7.29,128.0
2024-08-22,63.45,63.6,63.15,63.25,67,EQ,17.0,3.94,39.0
2024-08-23,63.4,63.4,62.5,62.65,161,EQ,39.0,4.13,115.0
2024-08-26,63.1,64.0,63.05,63.9,140,EQ,38.0,3.68,65.0
2024-08-27,63.4,63.5,63.1,63.4,120,EQ,44.0,2.73,84.0
2024-08-28,63.4,63.4,63.15,63.4,67,EQ,23.0,2.91,56.0
2024-08-29,63.4,63.6,63.4,63.55,32,EQ,15.0,2.13,27.0
2024-08-30,63.55,63.65,63.15,63.65,81,EQ,25.0,3.24,65.0
2024-09-02,63.9,63.9,62.7,63.1,125,EQ,49.0,2.55,71.0
2024-09-03,62.95,63.25,62.9,63.25,407,EQ,44.0,9.25,217.0
2024-09-04,63.25,63.25,62.45,62.45,250,EQ,36.0,6.94,124.0
2024-09-05,63.0,63.65,62.75,63.5,323,EQ,42.0,7.69,134.0
2024-09-06,63.5,63.65,63.0,63.4,75,EQ,27.0,2.78,48.0
2024-09-09,63.25,63.25,61.7,62.55,1501,EQ,137.0,10.96,820.0
2024-09-10,62.8,63.5,62.8,63.35,129,EQ,30.0,4.3,110.0
2024-09-11,63.5,63.6,63.3,63.5,17,EQ,10.0,1.7,13.0
2024-09-12,63.9,63.9,63.1,63.4,118,EQ,36.0,3.28,72.0
2024-09-13,64.0,64.7,64.0,64.25,175,EQ,47.0,3.72,112.0
2024-09-16,64.3,65.0,64.3,65.0,156,EQ,35.0,4.46,116.0
2024-09-17,65.3,65.3,64.1,64.35,296,EQ,49.0,6.04,240.0
2024-09-18,64.5,64.7,64.45,64.65,32,EQ,11.0,2.91,30.0
2024-09-19,64.65,64.95,64.2,64.95,192,EQ,26.0,7.38,186.0
2024-09-20,64.3,65.6,64.3,65.5,859,EQ,43.0,19.98,825.0
2024-09-23,66.4,66.4,65.4,65.85,171,EQ,54.0,3.17,34.0
2024-09-24,65.9,66.25,65.85,66.2,89,EQ,17.0,5.24,61.0
2024-09-25,66.25,66.8,66.25,66.75,176,EQ,27.0,6.52,157.0
2024-09-26,66.65,66.95,66.35,66.9,166,EQ,29.0,5.72,152.0
2024-09-27,67.35,69.35,66.5,67.35,771,EQ,104.0,7.41,660.0
2024-09-30,67.35,67.35,66.45,66.7,177,EQ,71.0,2.49,146.0
2024-10-01,67.0,67.0,66.25,66.55,353,EQ,64.0,5.52,315.0
2024-10-03,66.75,67.9,66.35,66.7,276,EQ,60.0,4.6,126.0
2024-10-04,66.5,67.45,66.5,67.25,1012,EQ,61.0,16.59,935.0
2024-10-07,67.25,67.5,66.05,66.85,881,EQ,69.0,12.77,649.0
2024-10-08,66.85,66.85,66.3,66.7,1505,EQ,51.0,29.51,1497.0
2024-10-09,66.0,66.2,65.5,65.95,660,EQ,69.0,9.57,654.0
2024-10-10,67.5,67.5,65.7,66.0,34,EQ,21.0,1.62,30.0
2024-10-11,66.25,67.95,66.25,66.8,759,EQ,43.0,17.65,742.0
2024-10-14,67.9,67.9,66.8,67.2,331,EQ,51.0,6.49,322.0
2024-10-15,66.85,67.75,66.15,67.0,1062,EQ,72.0,14.75,1042.0
2024-10-16,67.35,67.6,67.0,67.2,50,EQ,20.0,2.5,46.0
2024-10-17,67.2,67.7,67.2,67.6,866,EQ,85.0,10.19,816.0
2024-10-18,68.0,68.45,68.0,68.2,60,EQ,30.0,2.0,34.0
2024-10-21,69.6,70.7,68.05,69.0,1396,EQ,151.0,9.25,1274.0
2024-10-22,69.1,69.4,68.5,69.0,619,EQ,58.0,10.67,601.0
2024-10-23,68.95,69.55,68.95,69.4,805,EQ,46.0,17.5,775.0
2024-10-24,69.3,70.5,68.3,68.85,334,EQ,59.0,5.66,260.0
2024-10-25,69.4,69.4,67.15,68.6,1136,EQ,99.0,11.47,1094.0
2024-10-28,69.1,69.3,68.8,69.25,293,EQ,39.0,7.51,290.0
2024-10-29,70.9,70.9,69.0,69.8,780,EQ,103.0,7.57,691.0
2024-10-30,70.0,72.0,70.0,70.4,837,EQ,125.0,6.7,777.0
2024-10-31,70.4,71.7,70.0,70.2,158,EQ,56.0,2.82,134.0
2024-11-01,70.2,70.2,69.1,69.8,154,EQ,75.0,2.05,113.0
2024-11-04,70.4,70.4,68.55,68.95,1234,EQ,140.0,8.81,1053.0
2024-11-05,69.5,69.5,68.95,69.2,1330,EQ,55.0,24.18,1300.0
2024-11-06,69.9,69.9,68.4,68.85,1124,EQ,85.0,13.22,1058.0
2024-11-07,68.65,68.65,67.1,67.45,1566,EQ,96.0,16.31,1514.0
2024-11-08,68.9,68.9,68.1,68.3,93,EQ,36.0,2.58,80.0
2024-11-11,68.35,68.35,67.35,67.75,382,EQ,48.0,7.96,312.0
2024-11-12,66.6,66.6,65.7,66.0,1378,EQ,116.0,11.88,1288.0
2024-11-13,66.2,66.6,66.0,66.5,128,EQ,29.0,4.41,91.0
2024-11-14,66.4,66.4,64.6,64.75,361,EQ,87.0,4.15,302.0
2024-11-18,65.0,66.35,64.75,66.0,1997,EQ,69.0,28.94,1756.0
2024-11-19,66.75,66.9,66.7,66.8,1110,EQ,41.0,27.07,1086.0
2024-11-21,67.45,67.6,67.15,67.55,2875,EQ,63.0,45.63,2832.0
2024-11-22,67.8,68.5,67.8,68.35,399,EQ,61.0,6.54,328.0
2024-11-25,68.5,68.5,67.3,67.45,200,EQ,46.0,4.35,149.0
2024-11-26,66.75,66.75,66.05,66.35,612,EQ,74.0,8.27,589.0
2024-11-27,66.6,67.3,66.45,67.25,1114,EQ,62.0,17.97,1070.0
2024-11-28,66.85,67.05,66.0,66.9,104,EQ,40.0,2.6,46.0
2024-11-29,68.25,68.25,67.25,67.35,52,EQ,24.0,2.17,39.0
2024-12-02,67.1,67.15,66.6,67.05,160,EQ,52.0,3.08,127.0
2024-12-03,67.05,67.3,66.85,67.15,538,EQ,53.0,10.15,452.0
2024-12-04,67.3,67.35,66.9,67.0,753,EQ,70.0,10.76,718.0
2024-12-05,67.4,67.5,67.05,67.1,80,EQ,17.0,4.71,51.0
2024-12-06,67.15,67.4,66.85,67.2,1250,EQ,56.0,22.32,1216.0
2024-12-09,66.65,67.55,66.65,67.3,104,EQ,35.0,2.97,76.0
2024-12-10,67.8,68.15,67.8,67.9,1621,EQ,45.0,36.02,1550.0
2024-12-11,68.45,69.0,68.1,68.5,1154,EQ,67.0,17.22,1060.0
2024-12-12,69.1,69.1,68.5,68.75,100,EQ,29.0,3.45,73.0
2024-12-13,68.95,68.95,67.35,67.6,435,EQ,73.0,5.96,334.0
2024-12-16,67.5,67.65,67.1,67.6,707,EQ,59.0,11.98,639.0
2024-12-17,67.6,67.65,67.25,67.25,10060,EQ,44.0,228.64,10055.0
2024-12-18,67.3,67.65,67.25,67.4,15096,EQ,99.0,152.48,15080.0
2024-12-19,67.2,67.2,66.1,66.75,20147,EQ,81.0,248.73,20056.0
2024-12-20,66.65,66.65,66.1,66.4,15149,EQ,53.0,285.83,15072.0
2024-12-23,66.8,67.35,66.2,67.3,1637,EQ,101.0,16.21,1449.0
2024-12-24,66.8,67.05,66.55,66.6,1553,EQ,45.0,34.51,1535.0
2024-12-26,66.9,67.3,66.9,67.1,73,EQ,19.0,3.84,40.0
2024-12-27,67.45,67.5,67.1,67.25,110,EQ,15.0,7.33,95.0
2024-12-30,67.25,67.25,66.7,66.75,2091,EQ,48.0,43.56,2044.0
2024-12-31,66.95,67.0,66.75,67.0,15333,EQ,86.0,178.29,15323.0
2025-01-01,67.0,67.6,67.0,67.35,51,EQ,25.0,2.04,38.0
2025-01-02,67.75,67.9,67.45,67.55,74,EQ,36.0,2.06,41.0
2025-01-03,68.05,68.4,67.8,68.25,65,EQ,27.0,2.41,37.0
2025-01-06,68.35,68.35,67.35,67.5,3178,EQ,64.0,49.66,3102.0
2025-01-07,67.5,68.05,67.5,68.0,94,EQ,18.0,5.22,77.0
2025-01-08,68.0,68.3,67.7,67.85,83,EQ,26.0,3.19,64.0
2025-01-09,68.25,68.4,68.1,68.25,44,EQ,18.0,2.44,37.0
2025-01-10,68.25,68.8,68.2,68.4,82,EQ,18.0,4.56,33.0
2025-01-13,68.8,69.4,68.8,69.1,161,EQ,45.0,3.58,109.0
2025-01-14,68.05,69.35,68.05,69.15,201,EQ,38.0,5.29,174.0
2025-01-15,69.0,69.3,68.75,69.3,53,EQ,15.0,3.53,51.0
2025-01-16,69.75,69.75,68.9,69.0,192,EQ,58.0,3.31,129.0
2025-01-17,69.5,70.0,68.65,69.6,287,EQ,65.0,4.42,179.0
2025-01-20,69.9,70.0,69.35,69.6,192,EQ,56.0,3.43,106.0
2025-01-21,70.0,70.0,69.5,69.5,55,EQ,19.0,2.89,38.0
2025-01-22,70.0,71.0,69.8,70.9,154,EQ,38.0,4.05,131.0
2025-01-23,70.05,71.3,70.05,70.6,287,EQ,48.0,5.98,186.0
2025-01-24,71.3,71.3,70.7,71.25,121,EQ,30.0,4.03,98.0
2025-01-27,71.2,72.65,70.3,70.9,269,EQ,50.0,5.38,191.0
2025-01-28,70.9,71.7,70.05,70.85,214,EQ,43.0,4.98,182.0
2025-01-29,71.0,71.35,70.9,71.0,224,EQ,31.0,7.23,178.0
2025-01-30,71.0,71.5,70.85,71.2,4128,EQ,86.0,48.0,4064.0
2025-01-31,71.5,72.8,71.5,72.05,291,EQ,80.0,3.64,182.0
2025-02-01,72.05,72.5,72.0,72.5,35,EQ,21.0,1.67,21.0
2025-02-03,72.55,77.0,72.0,73.5,286,EQ,94.0,3.04,232.0
2025-02-04,73.5,75.35,72.9,73.55,113,EQ,52.0,2.17,89.0
2025-02-05,74.3,74.85,73.9,74.6,4187,EQ,91.0,46.01,4098.0
2025-02-06,75.25,75.25,73.0,74.3,542,EQ,128.0,4.23,222.0
2025-02-07,74.3,75.05,74.3,74.9,193,EQ,38.0,5.08,131.0
2025-02-10,74.75,76.0,74.75,75.8,143,EQ,69.0,2.07,97.0
2025-02-11,75.8,76.1,75.35,75.45,522,EQ,104.0,5.02,289.0
2025-02-12,75.8,77.0,74.25,74.45,1068,EQ,80.0,13.35,769.0
2025-02-13,74.45,76.0,74.45,75.4,120,EQ,63.0,1.9,48.0
2025-02-14,75.4,76.1,75.4,75.6,307,EQ,67.0,4.58,237.0
2025-02-17,75.0,75.25,74.6,75.15,212,EQ,55.0,3.85,181.0
2025-02-18,76.4,76.9,75.05,75.55,232,EQ,51.0,4.55,95.0
2025-02-19,76.05,76.25,75.55,75.8,151,EQ,30.0,5.03,86.0
2025-02-20,76.9,76.9,75.6,76.1,197,EQ,56.0,3.52,108.0
2025-02-21,76.1,76.1,75.0,75.5,15188,EQ,86.0,176.6,8018.0
2025-02-24,76.0,76.4,75.6,76.2,139,EQ,34.0,4.09,116.0
2025-02-25,76.1,76.5,75.7,76.0,474,EQ,151.0,3.14,277.0
2025-02-27,76.9,76.9,75.0,75.15,249,EQ,91.0,2.74,138.0
2025-02-28,75.5,75.5,74.0,74.55,701,EQ,174.0,4.03,292.0
2025-03-03,74.9,75.05,74.55,75.05,204,EQ,82.0,2.49,161.0
2025-03-04,76.35,76.35,75.0,76.15,142,EQ,63.0,2.25,67.0
2025-03-05,76.35,76.35,75.65,75.75,194,EQ,59.0,3.29,113.0
2025-03-06,75.8,76.0,75.3,75.45,971,EQ,58.0,16.74,827.0
2025-03-07,75.8,76.0,75.7,75.75,84,EQ,32.0,2.62,67.0
2025-03-10,75.75,75.9,75.45,75.55,3102,EQ,58.0,53.48,3073.0
2025-03-11,76.0,76.0,75.0,75.65,79,EQ,40.0,1.98,55.0
2025-03-12,75.85,76.0,75.45,75.85,3149,EQ,31.0,101.58,3137.0
2025-03-13,76.9,76.9,76.2,76.55,139,EQ,35.0,3.97,93.0
2025-03-17,76.6,78.35,76.6,77.15,201,EQ,76.0,2.64,135.0
2025-03-18,77.15,77.9,77.15,77.5,73,EQ,34.0,2.15,41.0
2025-03-19,78.2,78.85,77.5,77.85,153,EQ,40.0,3.82,143.0
2025-03-20,78.3,78.35,77.8,78.0,287,EQ,66.0,4.35,181.0
2025-03-21,77.2,77.85,76.65,77.3,401,EQ,93.0,4.31,163.0
2025-03-24,77.75,77.75,76.05,76.55,2461,EQ,101.0,24.37,2319.0
2025-03-25,76.35,77.05,76.35,76.85,134,EQ,33.0,4.06,96.0
2025-03-26,77.05,77.1,76.6,77.0,47,EQ,27.0,1.74,24.0
2025-03-27,77.4,77.5,77.0,77.5,1134,EQ,55.0,20.62,757.0
2025-03-28,77.5,78.35,77.5,78.1,211,EQ,70.0,3.01,125.0
2025-04-01,79.65,81.25,79.65,80.25,400,EQ,113.0,3.54,327.0
2025-04-02,81.2,81.8,79.25,80.05,618,EQ,95.0,6.51,495.0
2025-04-03,81.65,81.65,79.5,79.8,826,EQ,108.0,7.65,690.0
2025-04-04,78.75,81.0,78.1,79.4,2328,EQ,167.0,13.94,2206.0
2025-04-07,78.9,81.3,75.7,77.5,944,EQ,194.0,4.87,539.0
2025-04-08,77.5,77.5,76.4,77.3,2406,EQ,131.0,18.37,2050.0
2025-04-09,77.95,79.0,77.35,78.7,321,EQ,77.0,4.17,200.0
2025-04-11,81.1,82.9,81.0,82.15,873,EQ,175.0,4.99,643.0
2025-04-15,82.85,82.95,81.3,81.85,5546,EQ,144.0,38.51,5417.0
2025-04-16,82.3,83.3,82.3,83.25,225,EQ,65.0,3.46,147.0
2025-04-17,83.7,84.1,83.1,83.1,600,EQ,83.0,7.23,430.0
2025-04-21,83.65,86.1,83.65,85.25,705,EQ,148.0,4.76,522.0
2025-04-22,86.05,88.0,86.05,86.8,950,EQ,147.0,6.46,717.0
2025-04-23,86.8,86.8,83.4,84.3,1044,EQ,241.0,4.33,591.0
2025-04-24,84.3,84.95,84.3,84.7,170,EQ,68.0,2.5,114.0
2025-04-25,84.7,84.7,83.8,84.05,316,EQ,77.0,4.1,156.0
2025-04-28,84.45,84.45,83.0,83.25,562,EQ,87.0,6.46,408.0
2025-04-29,84.2,84.4,84.0,84.35,167,EQ,43.0,3.88,101.0
2025-04-30,85.65,85.65,82.55,82.8,878,EQ,185.0,4.75,566.0
2025-05-02,82.8,82.8,81.05,81.95,347,EQ,155.0,2.24,213.0
2025-05-05,82.25,83.85,81.35,83.45,2157,EQ,91.0,23.7,1088.0
2025-05-06,85.4,86.15,85.0,86.0,517,EQ,78.0,6.63,344.0
2025-05-07,86.0,86.0,85.15,85.45,2429,EQ,101.0,24.05,1251.0
2025-05-08,85.85,86.0,84.0,84.75,2311,EQ,75.0,30.81,2066.0
2025-05-09,85.5,85.5,84.15,84.45,243,EQ,66.0,3.68,104.0
2025-05-12,84.0,84.0,81.2,81.65,1102,EQ,271.0,4.07,591.0
2025-05-13,82.05,83.1,81.5,82.8,177,EQ,86.0,2.06,99.0
2025-05-14,82.7,82.7,82.0,82.4,154,EQ,48.0,3.21,92.0
2025-05-15,81.85,81.85,79.25,80.8,740,EQ,247.0,3.0,422.0
2025-05-16,81.9,82.7,81.6,81.8,115,EQ,47.0,2.45,62.0
2025-05-19,82.15,82.5,81.7,82.35,2268,EQ,87.0,26.07,2186.0
2025-05-20,81.95,82.2,81.3,82.0,198,EQ,86.0,2.3,95.0
2025-05-21,83.4,84.1,83.25,83.45,508,EQ,132.0,3.85,395.0
2025-05-22,84.2,84.2,83.6,83.8,250,EQ,61.0,4.1,94.0
2025-05-23,83.6,83.95,83.3,83.8,125,EQ,33.0,3.79,84.0
2025-05-26,84.6,84.6,83.2,83.5,3491,EQ,76.0,45.93,2051.0
2025-05-27,83.95,83.95,83.45,83.55,195,EQ,93.0,2.1,123.0
2025-05-28,83.8,84.25,83.35,84.2,166,EQ,32.0,5.19,118.0
2025-05-29,83.35,83.35,82.55,82.95,401,EQ,80.0,5.01,202.0
2025-05-30,83.35,83.8,83.3,83.75,104,EQ,29.0,3.59,92.0
2025-06-02,84.2,85.0,83.75,84.6,413,EQ,96.0,4.3,153.0
2025-06-03,86.65,86.65,84.7,85.0,124,EQ,37.0,3.35,109.0
2025-06-04,85.0,85.4,84.9,85.4,304,EQ,93.0,3.27,208.0
2025-06-05,85.7,85.9,85.2,85.7,299,EQ,57.0,5.25,185.0
2025-06-06,86.15,86.15,84.7,85.1,319,EQ,61.0,5.23,153.0
2025-06-09,84.65,85.2,83.7,84.05,851,EQ,141.0,6.04,372.0
2025-06-10,84.4,84.75,83.85,84.75,292,EQ,48.0,6.08,218.0
2025-06-11,84.8,85.0,84.5,84.8,235,EQ,47.0,5.0,153.0
2025-06-12,85.3,85.75,85.25,85.4,2182,EQ,72.0,30.31,2105.0
2025-06-13,87.5,88.0,86.9,87.25,2823,EQ,206.0,13.7,2197.0
2025-06-16,89.4,89.4,86.75,86.9,540,EQ,122.0,4.43,352.0
2025-06-17,86.75,86.9,85.55,86.35,291,EQ,77.0,3.78,173.0
2025-06-18,86.5,87.3,86.5,86.75,112,EQ,42.0,2.67,51.0
2025-06-19,88.45,88.45,86.25,86.75,209,EQ,68.0,3.07,133.0
2025-06-20,86.65,86.75,85.75,86.15,117,EQ,43.0,2.72,48.0
2025-06-23,87.0,87.0,86.5,86.95,326,EQ,96.0,3.4,186.0
2025-06-24,86.7,86.7,84.8,84.85,531,EQ,182.0,2.92,377.0
2025-06-25,84.85,85.5,84.6,85.15,1172,EQ,65.0,18.03,1101.0
2025-06-26,84.85,85.4,84.85,85.1,1241,EQ,56.0,22.16,1114.0
2025-06-27,83.85,84.1,83.55,83.8,2377,EQ,131.0,18.15,2265.0
2025-06-30,83.85,84.15,83.3,83.9,254,EQ,86.0,2.95,174.0
2025-07-01,84.9,85.2,84.1,84.95,488,EQ,118.0,4.14,320.0
2025-07-02,85.4,85.4,84.75,85.1,131,EQ,59.0,2.22,54.0
2025-07-03,85.15,85.55,84.8,85.05,204,EQ,51.0,4.0,92.0
2025-07-04,84.9,85.0,84.6,84.9,73,EQ,35.0,2.09,56.0
2025-07-07,85.0,85.0,84.35,84.8,117,EQ,51.0,2.29,56.0
2025-07-08,85.2,85.35,84.8,84.8,1217,EQ,53.0,22.96,1041.0
2025-07-09,84.6,84.6,83.8,84.0,165,EQ,71.0,2.32,138.0
2025-07-10,84.5,84.9,84.5,84.8,184,EQ,59.0,3.12,62.0
2025-07-11,84.65,85.6,84.65,85.35,213,EQ,82.0,2.6,135.0
2025-07-14,85.4,86.35,85.4,86.05,2336,EQ,77.0,30.34,2087.0
2025-07-15,88.2,88.2,85.55,85.75,58,EQ,35.0,1.66,48.0
2025-07-16,84.75,85.6,84.75,85.4,275,EQ,48.0,5.73,141.0
2025-07-17,85.45,85.45,85.0,85.1,98,EQ,26.0,3.77,45.0
2025-07-18,85.1,86.0,85.1,85.9,82,EQ,20.0,4.1,53.0
2025-07-21,86.05,86.4,85.95,86.15,371,EQ,63.0,5.89,141.0
2025-07-22,86.3,87.3,86.3,87.0,262,EQ,92.0,2.85,158.0
2025-07-23,87.35,88.15,87.35,87.8,496,EQ,86.0,5.77,189.0
2025-07-24,87.5,87.5,85.35,86.25,728,EQ,143.0,5.09,365.0
2025-07-25,86.5,86.6,86.2,86.2,3121,EQ,52.0,60.02,3079.0
2025-07-28,86.2,86.2,85.2,85.95,2550,EQ,110.0,23.18,2465.0
2025-07-29,85.9,86.0,85.5,85.95,396,EQ,27.0,14.67,341.0
2025-07-30,86.4,86.75,86.2,86.6,675,EQ,34.0,19.85,550.0
2025-07-31,85.85,86.35,85.6,86.2,732,EQ,66.0,11.09,533.0
2025-08-01,86.2,86.2,85.35,85.7,394,EQ,49.0,8.04,148.0
2025-08-04,86.25,87.85,86.25,87.45,331,EQ,92.0,3.6,227.0
2025-08-05,87.45,88.5,87.45,87.85,1785,EQ,83.0,21.51,1470.0
2025-08-06,87.85,88.75,87.5,87.7,177,EQ,43.0,4.12,127.0
2025-08-07,87.75,88.5,87.75,88.15,160,EQ,47.0,3.4,135.0
2025-08-08,88.1,88.65,88.0,88.5,644,EQ,56.0,11.5,388.0
2025-08-11,87.9,87.9,87.2,87.25,1897,EQ,115.0,16.5,1874.0
2025-08-12,87.25,87.25,86.9,87.05,416,EQ,80.0,5.2,342.0
2025-08-13,87.25,87.45,87.05,87.35,90,EQ,20.0,4.5,51.0
2025-08-14,87.3,87.5,86.9,87.3,1159,EQ,42.0,27.6,1128.0
2025-08-18,87.95,87.95,86.6,86.85,938,EQ,83.0,11.3,903.0
2025-08-19,86.6,86.7,86.25,86.3,1372,EQ,72.0,19.06,1342.0
2025-08-20,86.35,86.4,85.9,86.1,529,EQ,75.0,7.05,449.0
2025-08-21,86.55,86.7,86.25,86.7,208,EQ,26.0,8.0,171.0
2025-08-22,86.7,86.8,86.5,86.75,81,EQ,31.0,2.61,56.0
2025-08-25,87.2,87.95,87.2,87.65,116,EQ,56.0,2.07,70.0
2025-08-26,88.1,88.3,87.7,88.2,854,EQ,47.0,18.17,555.0
2025-08-28,88.2,88.6,88.2,88.5,268,EQ,22.0,12.18,238.0
2025-08-29,88.8,89.5,88.75,88.95,365,EQ,53.0,6.89,281.0
2025-09-01,90.0,91.7,90.0,91.2,666,EQ,127.0,5.24,367.0
2025-09-02,91.65,91.7,91.0,91.05,2595,EQ,79.0,32.85,2496.0
2025-09-03,92.0,92.7,92.0,92.7,142,EQ,62.0,2.29,112.0
2025-09-04,93.0,93.0,92.15,92.8,250,EQ,55.0,4.55,210.0
2025-09-05,92.7,94.7,92.7,93.15,3593,EQ,111.0,32.37,3367.0
2025-09-08,93.85,95.7,93.85,94.55,358,EQ,110.0,3.25,264.0
2025-09-09,96.9,96.9,95.0,96.0,467,EQ,96.0,4.86,253.0
2025-09-10,96.45,96.45,94.5,95.75,390,EQ,113.0,3.45,270.0
2025-09-11,95.5,95.5,94.75,95.05,2699,EQ,75.0,35.99,2685.0
2025-09-12,95.9,96.3,95.25,95.8,4905,EQ,119.0,41.22,4736.0
2025-09-15,94.8,96.2,94.8,95.5,449,EQ,83.0,5.41,401.0
2025-09-16,96.5,97.0,96.5,96.85,205,EQ,67.0,3.06,157.0
2025-09-17,97.1,97.1,95.35,95.5,4670,EQ,138.0,33.84,4370.0
2025-09-18,96.4,96.75,94.65,96.4,415,EQ,107.0,3.88,261.0
2025-09-19,95.8,96.0,95.3,95.8,1044,EQ,90.0,11.6,984.0
2025-09-22,96.05,98.0,96.05,98.0,2501,EQ,119.0,21.02,2380.0
2025-09-23,97.7,100.4,97.7,100.05,1281,EQ,162.0,7.91,867.0
2025-09-24,99.5,99.6,99.1,99.3,3134,EQ,156.0,20.09,2653.0
2025-09-25,99.2,102.05,97.55,99.0,2610,EQ,253.0,10.32,2094.0
2025-09-26,98.9,99.0,98.5,98.95,904,EQ,63.0,14.35,887.0
2025-09-29,100.3,101.2,99.1,101.1,742,EQ,107.0,6.93,538.0
2025-09-30,101.1,102.8,100.2,100.5,1769,EQ,124.0,14.27,1391.0
2025-10-01,100.9,107.25,100.9,103.05,728,EQ,230.0,3.17,400.0
2025-10-03,105.65,120.25,103.05,118.55,1265,EQ,426.0,2.97,481.0
2025-10-06,115.95,122.75,104.0,106.2,8779,EQ,1951.0,4.5,5175.0
2025-10-07,106.7,106.7,104.15,104.55,6701,EQ,461.0,14.54,6247.0
2025-10-08,105.0,107.05,105.0,106.9,2084,EQ,320.0,6.51,1853.0
2025-10-09,107.85,109.0,105.3,106.85,1434,EQ,312.0,4.6,753.0
2025-10-10,106.5,106.5,103.6,105.2,18298,EQ,349.0,52.43,9408.0
2025-10-13,106.5,108.2,106.5,107.9,1031,EQ,270.0,3.82,780.0
2025-10-14,109.8,112.0,108.45,110.5,1228,EQ,353.0,3.48,576.0
2025-10-15,112.5,114.0,110.1,110.45,856,EQ,255.0,3.36,412.0
2025-10-16,110.45,112.45,109.3,110.5,680,EQ,217.0,3.13,420.0
2025-10-17,113.0,115.0,111.55,114.0,3878,EQ,307.0,12.63,3466.0
2025-10-20,114.0,114.0,109.0,110.5,4992,EQ,322.0,15.5,4463.0
2025-10-21,110.5,112.0,110.5,111.05,238,EQ,108.0,2.2,154.0
2025-10-23,109.8,109.8,101.0,106.75,3629,EQ,462.0,7.85,2105.0
2025-10-24,106.75,107.4,103.75,105.4,594,EQ,151.0,3.93,354.0
2025-10-27,105.4,106.5,105.0,105.3,463,EQ,139.0,3.33,230.0
2025-10-28,105.3,105.3,100.0,100.5,718,EQ,270.0,2.66,468.0
2025-10-29,101.0,105.3,101.0,104.85,445,EQ,128.0,3.48,320.0
2025-10-30,104.25,104.85,101.85,104.25,495,EQ,181.0,2.73,162.0
2025-10-31,104.25,105.7,104.2,105.2,143,EQ,60.0,2.38,85.0
2025-11-03,105.75,106.0,104.7,104.75,387,EQ,162.0,2.39,178.0
2025-11-04,105.4,105.4,103.8,104.9,212,EQ,89.0,2.38,81.0
2025-11-06,104.8,105.0,104.1,104.85,197,EQ,82.0,2.4,107.0
2025-11-07,104.8,105.35,104.0,105.3,372,EQ,92.0,4.04,213.0
2025-11-10,105.7,107.0,105.7,106.7,289,EQ,128.0,2.26,136.0
2025-11-11,108.5,108.8,108.0,108.15,161,EQ,89.0,1.81,100.0
2025-11-12,108.0,108.4,106.65,107.7,371,EQ,107.0,3.47,223.0
2025-11-13,108.7,110.55,108.7,110.4,289,EQ,106.0,2.73,185.0
2025-11-14,110.4,110.9,108.25,108.9,539,EQ,133.0,4.05,355.0
2025-11-17,108.1,108.1,105.75,106.75,540,EQ,207.0,2.61,344.0
2025-11-18,105.6,106.6,104.35,105.1,8590,EQ,150.0,57.27,8220.0
2025-11-19,106.0,107.95,106.0,107.95,4208,EQ,74.0,56.86,3952.0
2025-11-20,107.6,107.6,106.0,106.15,9942,EQ,129.0,77.07,9827.0
2025-11-21,106.2,107.0,105.55,106.35,606,EQ,115.0,5.27,317.0
2025-11-24,106.6,107.55,106.4,107.4,375,EQ,72.0,5.21,320.0
2025-11-25,108.6,109.0,108.2,108.3,307,EQ,52.0,5.9,122.0
2025-11-26,109.3,109.7,109.0,109.55,273,EQ,84.0,3.25,212.0
2025-11-27,108.85,109.75,108.85,109.15,2959,EQ,65.0,45.52,2828.0
2025-11-28,109.35,110.0,109.35,109.55,73,EQ,43.0,1.7,50.0
2025-12-01,111.75,112.0,110.5,111.5,428,EQ,158.0,2.71,247.0
2025-12-02,111.5,111.8,109.9,110.25,205,EQ,80.0,2.56,103.0
2025-12-03,112.0,112.2,111.0,111.4,3255,EQ,89.0,36.57,3103.0
2025-12-04,111.4,112.05,110.6,110.8,87,EQ,44.0,1.98,67.0
2025-12-05,111.4,118.6,111.3,112.5,404,EQ,133.0,3.04,282.0
2025-12-08,111.9,114.5,111.15,112.2,284,EQ,69.0,4.12,198.0
2025-12-09,112.2,112.75,110.7,111.5,306,EQ,58.0,5.28,251.0
2025-12-10,112.05,112.05,111.0,111.65,4232,EQ,68.0,62.24,4086.0
2025-12-11,112.2,112.4,111.65,112.4,199,EQ,57.0,3.49,130.0
2025-12-12,113.4,118.0,113.25,115.75,488,EQ,143.0,3.41,333.0
2025-12-15,116.0,116.9,115.4,116.5,397,EQ,96.0,4.14,182.0
2025-12-16,115.95,115.95,114.35,115.1,416,EQ,84.0,4.95,294.0
2025-12-17,115.25,116.0,115.25,115.7,455,EQ,70.0,6.5,396.0
2025-12-18,116.0,116.4,115.1,115.35,178,EQ,65.0,2.74,131.0
2025-12-19,115.35,116.95,114.5,115.55,687,EQ,64.0,10.73,539.0
2025-12-22,117.3,117.3,116.25,116.8,6177,EQ,103.0,59.97,6094.0
2025-12-23,117.55,119.5,117.55,119.1,428,EQ,127.0,3.37,244.0
2025-12-24,119.9,121.5,118.45,118.75,1369,EQ,227.0,6.03,796.0
2025-12-26,119.35,120.2,116.6,119.75,757,EQ,170.0,4.45,460.0
2025-12-29,122.0,122.0,118.3,118.8,768,EQ,200.0,3.84,571.0
2025-12-30,116.0,119.1,114.55,116.25,770,EQ,194.0,3.97,480.0
2025-12-31,116.0,116.9,115.25,115.85,460,EQ,124.0,3.71,206.0
2026-01-01,115.85,116.7,115.1,115.9,359,EQ,108.0,3.32,130.0
2026-01-02,116.8,118.0,116.6,117.9,24288,EQ,123.0,197.46,24210.0
2026-01-05,117.3,119.9,117.3,118.5,2679,EQ,201.0,13.33,2400.0
2026-01-06,119.3,119.3,118.6,118.7,1228,EQ,126.0,9.75,196.0
2026-01-07,118.8,119.55,118.05,118.85,373,EQ,86.0,4.34,242.0
2026-01-08,118.0,118.0,117.2,117.55,2806,EQ,86.0,32.63,2644.0
2026-01-09,118.3,119.3,118.3,119.1,485,EQ,88.0,5.51,385.0
2026-01-12,120.5,122.95,120.5,122.7,17253,EQ,256.0,67.39,16775.0
2026-01-13,122.3,125.0,122.1,124.65,1852,EQ,254.0,7.29,1444.0
2026-01-14,125.95,125.95,123.35,124.3,2506,EQ,269.0,9.32,1820.0
2026-01-16,124.3,124.3,121.75,123.9,2674,EQ,200.0,13.37,2274.0
2026-01-19,124.5,126.5,124.4,125.95,1269,EQ,201.0,6.31,780.0
2026-01-20,127.5,132.7,126.35,128.7,2975,EQ,487.0,6.11,1475.0
2026-01-21,129.35,142.6,129.25,140.25,3386,EQ,909.0,3.72,983.0
2026-01-22,139.45,140.25,126.05,130.65,2932,EQ,914.0,3.21,1192.0
2026-01-23,132.0,141.1,132.0,133.95,15700,EQ,466.0,33.69,14684.0
2026-01-27,136.65,139.75,136.15,138.65,1436,EQ,357.0,4.02,709.0
2026-01-28,139.65,144.95,139.65,143.55,14813,EQ,555.0,26.69,11178.0
2026-01-29,148.2,156.0,147.55,154.4,2616,EQ,811.0,3.23,1088.0
2026-01-30,154.8,154.8,137.2,139.95,9479,EQ,1245.0,7.61,6309.0
2026-02-01,135.75,139.9,119.15,124.8,3205,EQ,1223.0,2.62,1601.0
2026-02-02,124.15,125.95,116.4,122.45,12579,EQ,1041.0,12.08,10925.0
2026-02-03,123.5,133.2,123.5,132.05,1634,EQ,615.0,2.66,606.0
2026-02-04,138.95,139.9,135.65,136.7,1511,EQ,499.0,3.03,812.0
2026-02-05,131.1,132.4,129.05,130.85,1320,EQ,531.0,2.49,722.0
2026-02-06,130.45,131.7,128.9,131.15,415,EQ,250.0,1.66,166.0
2026-02-09,134.05,136.4,133.25,133.85,7432,EQ,480.0,15.48,5179.0
2026-02-10,133.85,135.25,133.8,134.85,3630,EQ,273.0,13.3,3142.0
2026-02-11,135.1,135.7,134.7,135.5,505,EQ,211.0,2.39,308.0
2026-02-12,136.1,136.1,133.05,134.8,496,EQ,235.0,2.11,261.0
2026-02-13,132.45,133.4,132.0,132.65,1674,EQ,406.0,4.12,1334.0
2026-02-16,132.75,133.9,132.2,133.85,1392,EQ,249.0,5.59,1211.0
2026-02-17,130.65,131.95,129.2,130.95,1115,EQ,625.0,1.78,837.0
2026-02-18,131.55,132.0,130.6,131.3,836,EQ,346.0,2.42,579.0
2026-02-19,133.4,134.25,132.9,133.75,603,EQ,244.0,2.47,374.0
2026-02-20,133.25,134.4,132.65,134.25,671,EQ,251.0,2.67,528.0
2026-02-23,136.6,139.0,136.05,136.9,810,EQ,321.0,2.52,460.0
2026-02-24,138.4,138.4,137.3,137.95,492,EQ,224.0,2.2,277.0
2026-02-25,138.65,138.9,138.05,138.45,353,EQ,129.0,2.74,227.0
2026-02-26,138.0,138.35,136.35,137.2,608,EQ,281.0,2.16,424.0
2026-02-27,137.15,138.5,137.15,137.95,325,EQ,148.0,2.2,141.0
2026-03-02,141.15,146.2,141.15,145.0,1696,EQ,654.0,2.59,734.0
2026-03-04,143.1,143.1,137.3,139.3,831,EQ,407.0,2.04,456.0
2026-03-05,139.3,139.8,137.95,138.95,511,EQ,211.0,2.42,332.0
2026-03-06,138.55,138.8,137.15,137.3,183,EQ,89.0,2.06,125.0
2026-03-09,137.95,138.4,135.55,138.15,1825,EQ,424.0,4.3,1236.0
2026-03-10,138.65,139.35,138.15,138.95,353,EQ,174.0,2.03,193.0
2026-03-11,139.8,139.8,138.75,139.35,534,EQ,148.0,3.61,427.0
2026-03-12,138.75,139.95,138.3,139.35,1038,EQ,156.0,6.65,914.0
2026-03-13,138.0,138.0,136.4,137.1,2079,EQ,279.0,7.45,1611.0
2026-03-16,135.5,135.5,133.2,133.65,2500,EQ,337.0,7.42,2225.0
2026-03-17,133.7,135.7,133.7,135.25,1239,EQ,187.0,6.63,1042.0
2026-03-18,134.0,135.25,133.7,134.6,1868,EQ,223.0,8.38,1410.0
2026-03-19,130.25,133.25,126.8,127.05,888,EQ,352.0,2.52,502.0
2026-03-20,128.7,129.2,126.45,127.55,1473,EQ,388.0,3.8,757.0
2026-03-23,123.65,123.65,111.25,115.6,2602,EQ,883.0,2.95,1309.0
2026-03-24,117.5,122.75,117.5,122.0,907,EQ,389.0,2.33,514.0
2026-03-25,126.5,126.9,125.0,125.85,1082,EQ,284.0,3.81,797.0
2026-03-27,124.95,124.95,122.3,123.45,476,EQ,221.0,2.15,234.0
2026-03-30,124.55,127.75,123.75,127.05,524,EQ,213.0,2.46,286.0
2026-04-01,129.6,131.0,129.55,130.45,1239,EQ,286.0,4.33,1032.0
2026-04-02,128.25,128.95,125.0,126.4,585,EQ,226.0,2.59,307.0
2026-04-06,126.45,129.7,126.45,129.25,416,EQ,164.0,2.54,268.0
2026-04-07,128.9,129.0,126.9,128.15,956,EQ,237.0,4.03,729.0
2026-04-08,132.0,132.1,130.05,131.1,523,EQ,171.0,3.06,255.0
2026-04-09,129.7,130.0,128.5,128.9,371,EQ,139.0,2.67,267.0
2026-04-10,130.0,130.5,129.2,129.9,216,EQ,124.0,1.74,94.0
2026-04-13,129.65,130.05,129.3,129.75,215,EQ,115.0,1.87,114.0
2026-04-15,133.65,133.75,131.95,132.3,1261,EQ,163.0,7.74,1123.0
2026-04-16,132.4,132.65,131.6,131.95,694,EQ,90.0,7.71,607.0
2026-04-17,131.0,131.7,130.3,131.25,1404,EQ,203.0,6.92,1101.0
2026-04-20,131.9,131.95,129.25,131.25,373,EQ,155.0,2.41,234.0
2026-04-21,132.3,132.3,131.15,131.75,557,EQ,242.0,2.3,260.0
2026-04-22,131.75,131.75,131.0,131.3,382,EQ,176.0,2.17,220.0
2026-04-23,130.55,130.8,129.85,130.45,864,EQ,188.0,4.6,704.0
2026-04-24,130.7,130.8,129.1,130.45,309,EQ,202.0,1.53,147.0
2026-04-27,131.65,131.9,130.8,130.9,314,EQ,166.0,1.89,221.0
2026-04-28,130.85,131.0,128.5,128.7,511,EQ,261.0,1.96,352.0
2026-04-29,129.0,129.75,127.55,127.85,687,EQ,343.0,2.0,512.0
2026-04-30,129.65,133.9,128.5,130.25,73112,EQ,1386.0,52.75,51602.0
2026-05-04,131.0,131.0,128.2,128.45,47051,EQ,608.0,77.39,27349.0
2026-05-05,128.5,128.6,127.5,128.35,17639,EQ,236.0,74.74,8248.0
2026-05-06,131.55,131.55,129.35,130.45,36865,EQ,362.0,101.84,22411.0
2026-05-07,130.8,131.5,130.5,131.15,95776,EQ,313.0,305.99,66999.0
2026-05-08,130.5,131.2,130.4,130.75,14687,EQ,148.0,99.24,8891.0
2026-05-11,130.65,130.65,129.6,130.05,24449,EQ,206.0,118.68,14916.0
2026-05-12,131.0,131.5,130.55,131.0,35557,EQ,241.0,147.54,22175.0
2026-05-13,134.85,140.0,134.85,138.5,225027,EQ,897.0,250.87,126536.0
2026-05-14,138.5,139.2,137.1,138.55,57038,EQ,435.0,131.12,30806.0
2026-05-15,137.55,137.7,135.15,135.5,27977,EQ,239.0,117.06,19059.0
2026-05-18,137.0,137.0,134.15,136.4,15723,EQ,207.0,75.96,9267.0
2026-05-19,136.2,137.5,136.2,137.4,7311,EQ,122.0,59.93,5235.0
2026-05-20,136.5,137.15,135.1,136.8,12863,EQ,159.0,80.9,7510.0
2026-05-21,137.9,137.95,136.6,137.4,27537,EQ,135.0,203.98,21788.0
2026-05-22,137.4,137.8,136.6,137.15,5495,EQ,101.0,54.41,3298.0
2026-05-25,137.55,137.55,137.0,137.4,25633,EQ,201.0,127.53,16419.0
2026-05-26,136.05,137.25,135.65,136.15,15354,EQ,132.0,116.32,9435.0
2026-05-27,136.05,136.15,134.85,135.7,898390,EQ,280.0,3208.54,888167.0
2026-05-29,137.9,137.9,133.1,135.2,15218,EQ,211.0,72.12,6323.0
2026-06-01,134.05,135.35,133.6,134.0,15045,EQ,208.0,72.33,10653.0
2026-06-02,134.4,135.8,133.9,135.1,10986,EQ,138.0,79.61,7020.0
2026-06-03,135.05,135.05,133.5,134.2,20358,EQ,177.0,115.02,7342.0
2026-06-04,134.9,135.6,134.35,135.3,20107,EQ,182.0,110.48,11819.0
2026-06-05,134.6,134.65,133.9,134.2,6396,EQ,145.0,44.11,3078.0
2026-06-08,132.1,132.1,129.05,130.4,19670,EQ,226.0,87.04,11182.0
2026-06-09,132.35,132.5,131.45,132.0,14231,EQ,84.0,169.42,8156.0
2026-06-10,130.8,130.8,126.3,126.75,31375,EQ,472.0,66.47,19944.0
2026-06-11,123.0,126.05,123.0,125.7,273902,EQ,319.0,858.63,258472.0
2026-06-12,128.35,128.8,127.35,128.6,14008,EQ,181.0,77.39,6415.0
2026-06-15,130.9,131.35,130.3,130.85,20300,EQ,176.0,115.34,6867.0
2026-06-16,131.5,131.5,129.55,130.75,12112,EQ,165.0,73.41,8994.0
2026-06-17,131.15,131.15,129.75,130.3,4753,EQ,85.0,55.92,3485.0
2026-06-18,129.8,130.45,128.0,128.45,8547,EQ,164.0,52.12,5386.0
2026-06-19,127.65,127.65,124.1,125.85,24533,EQ,332.0,73.89,14980.0
2026-06-22,125.85,129.85,125.65,127.7,12443,EQ,174.0,71.51,6958.0
2026-06-23,127.3,127.3,124.1,124.9,25447,EQ,292.0,87.15,18624.0
2026-06-24,124.5,124.5,122.85,123.2,22649,EQ,190.0,119.21,16454.0
2026-06-25,122.0,122.0,119.6,120.9,29781,EQ,274.0,108.69,20672.0
2026-06-29,121.55,124.6,121.55,122.6,18329,EQ,237.0,77.34,10638.0
2026-06-30,122.0,122.2,119.9,121.9,21373,EQ,218.0,98.04,4327.0
2026-07-01,121.9,122.0,119.65,121.2,47418,EQ,275,172.43,26890
2026-07-02,122.45,124.55,122.45,124.25,38360,EQ,185,207.35,19693
2026-07-03,125.5,127.0,125.5,126.9,15304,EQ,241,63.5,11428
2026-07-06,126.9,127.45,125.35,125.5,11562,EQ,181,63.88,7143
2026-07-07,125.5,125.5,124.4,124.85,158461,EQ,374,423.69,155298
2026-07-08,125.1,125.5,123.1,123.45,31988,EQ,158,202.46,28019
2026-07-09,124.05,126.5,123.2,125.0,35583,EQ,164,216.97,26204
2026-07-10,125.5,125.5,124.0,124.25,6211,EQ,119,52.19,4930
2026-07-13,127.35,127.35,122.55,123.0,35446,EQ,271,130.8,29660
2026-07-14,122.4,122.65,121.75,122.0,15903,EQ,132,120.48,11994
2026-07-15,122.9,122.95,122.15,122.5,8882,EQ,102,87.08,5631
2026-07-16,122.6,122.65,121.65,122.6,8291,EQ,130,63.78,5405
2026-07-17,122.4,122.4,121.1,121.75,11906,EQ,134,88.85,9487
2026-07-20,122.4,123.3,122.15,123.2,19064,EQ,181,105.33,10747
2026-07-21,123.3,126.7,121.05,124.0,131540,EQ,488,269.55,37171
2026-07-22,124.6,126.0,124.6,125.6,14361,EQ,171,83.98,9832
2026-07-23,126.5,126.5,124.8,124.9,912671,EQ,266,3431.09,904845
2026-07-24,123.15,124.25,122.75,124.05,489160,EQ,144,3396.94,482956
2026-07-27,124.95,125.25,124.35,125.0,9767,EQ,144,67.83,7261
2026-07-28,124.0,124.0,121.0,122.2,12069,EQ,160,75.43,7939
2026-07-29,122.75,123.3,122.05,122.95,34200,EQ,174,196.55,13415
2026-07-30,123.1,124.0,122.65,123.7,17061,EQ,168,101.55,10574
2026-07-31,123.7,123.85,122.6,123.35,7443,EQ,109,68.28,5267
2026-08-03,124.0,124.2,122.65,123.5,77619,EQ,304,255.33,65659
2026-08-04,126.3,126.3,122.8,123.25,6530,EQ,111,58.83,4612
2026-08-05,125.75,125.95,123.85,125.6,16895,EQ,151,111.89,12354
2026-08-06,128.35,128.9,127.7,128.7,23775,EQ,263,90.4,15958
2026-08-07,128.95,130.4,128.15,129.6,173326,EQ,361,480.13,137586
2026-08-10,129.8,131.55,129.75,130.85,16145,EQ,232,69.59,9164
2026-08-11,132.95,133.3,131.5,132.55,56382,EQ,362,155.75,44809
2026-08-12,133.15,133.45,132.55,133.2,17774,EQ,292,60.87,10604
2026-08-13,132.85,133.0,131.2,132.05,6989,EQ,262,26.68,3099
2026-08-14,131.55,131.6,129.95,131.4,13205,EQ,224,58.95,8727
2026-08-17,132.45,133.4,132.45,133.25,18416,EQ,240,76.73,11595
2026-08-18,133.25,133.45,132.5,132.8,9093,EQ,140,64.95,5849
2026-08-19,132.15,132.5,131.15,132.4,17486,EQ,283,61.79,11244
2026-08-20,134.15,135.85,133.3,135.6,35595,EQ,391,91.04,29164
2026-08-21,138.9,139.0,136.2,138.5,30430,EQ,336,90.57,18788
