Date,Open,High,Low,Close,Volume,Series,TOTAL_TRADES,QTY_PER_TRADE,DLV_QTY
2010-09-29,67.2,67.2,62.85,63.4,15325,EQ,,,
2010-09-30,64.0,66.4,62.5,63.85,6777,EQ,,,
2010-10-01,64.5,65.5,63.85,64.6,3923,EQ,,,
2010-10-04,68.3,68.3,62.0,62.65,27392,EQ,,,
2010-10-05,63.7,63.75,61.05,61.4,4799,EQ,,,
2010-10-06,64.0,64.0,61.4,61.8,4738,EQ,,,
2010-10-07,63.0,64.5,62.0,62.25,17404,EQ,,,
2010-10-08,61.25,61.7,58.3,59.2,40760,EQ,,,
2010-10-11,62.3,62.3,57.2,59.05,9265,EQ,,,
2010-10-12,57.3,58.7,56.0,57.95,9420,EQ,,,
2010-10-13,57.5,61.75,56.9,60.6,15469,EQ,,,
2010-10-14,60.4,61.5,58.2,58.9,10996,EQ,,,
2010-10-15,60.0,60.0,57.0,57.6,3772,EQ,,,
2010-10-18,56.5,57.9,55.6,55.9,5728,EQ,,,
2010-10-19,56.5,59.0,55.5,56.4,15229,EQ,,,
2010-10-20,58.0,58.0,54.55,54.85,8816,EQ,,,
2010-10-21,55.1,56.4,54.5,54.6,7264,EQ,,,
2010-10-22,55.25,55.25,53.8,53.95,8336,EQ,,,
2010-10-25,54.05,55.5,53.55,54.15,6007,EQ,,,
2010-10-26,54.25,54.25,52.6,52.95,4848,EQ,,,
2010-10-27,53.5,56.5,53.15,56.1,13816,EQ,,,
2010-10-28,56.05,57.0,55.3,55.7,3541,EQ,,,
2010-10-29,55.0,56.0,54.5,54.9,4581,EQ,,,
2010-11-01,55.0,55.95,53.5,55.0,2810,EQ,,,
2010-11-02,55.95,55.95,53.0,53.25,2655,EQ,,,
2010-11-03,54.0,54.0,53.0,53.55,1952,EQ,,,
2010-11-04,54.0,54.0,52.55,52.6,2561,EQ,,,
2010-11-05,54.4,56.85,53.0,53.3,512,EQ,,,
2010-11-08,52.65,54.15,51.1,53.3,1101,EQ,,,
2010-11-09,52.65,54.25,52.65,53.35,2575,EQ,,,
2010-11-10,53.35,54.95,52.8,53.3,5532,EQ,,,
2010-11-11,53.5,54.5,53.4,53.7,7433,EQ,,,
2010-11-12,53.15,54.5,50.55,51.3,6714,EQ,,,
2010-11-15,51.9,53.4,50.75,52.0,2991,EQ,,,
2010-11-16,51.3,51.3,49.1,50.05,1984,EQ,,,
2010-11-18,49.0,51.3,48.0,49.25,1932,EQ,,,
2010-11-19,49.5,50.4,45.65,47.15,5671,EQ,,,
2010-11-22,49.0,49.0,46.25,47.5,1988,EQ,,,
2010-11-23,46.5,48.9,46.5,47.05,7999,EQ,,,
2010-11-24,48.0,50.0,47.0,47.4,4620,EQ,,,
2010-11-25,47.1,48.5,46.5,47.9,6048,EQ,,,
2010-11-26,47.5,47.5,42.65,44.6,6911,EQ,,,
2010-11-29,46.1,46.1,44.2,45.0,1232,EQ,,,
2010-11-30,45.2,45.25,44.1,44.9,9442,EQ,,,
2010-12-01,46.9,46.9,45.5,46.25,122,EQ,,,
2010-12-02,46.0,46.4,44.55,45.4,3182,EQ,,,
2010-12-03,46.0,46.0,44.5,44.75,12248,EQ,,,
2010-12-06,45.5,45.8,43.55,45.2,1880,EQ,,,
2010-12-07,45.6,45.6,43.15,44.0,545,EQ,,,
2010-12-08,43.25,43.4,41.6,41.9,2110,EQ,,,
2010-12-09,41.9,42.2,38.75,40.75,6386,EQ,,,
2010-12-10,42.0,45.5,40.5,44.25,5826,EQ,,,
2010-12-13,41.0,48.5,40.5,43.6,1924,EQ,,,
2010-12-14,43.25,44.0,43.25,43.9,543,EQ,,,
2010-12-15,43.25,46.45,43.25,43.35,1410,EQ,,,
2010-12-16,43.0,50.0,42.8,47.7,4070,EQ,,,
2010-12-20,46.5,49.1,44.3,47.35,9487,EQ,,,
2010-12-21,49.7,49.7,46.5,46.65,1561,EQ,,,
2010-12-22,50.9,50.9,45.9,46.1,3151,EQ,,,
2010-12-23,46.25,47.9,44.5,45.15,2333,EQ,,,
2010-12-24,45.05,47.4,43.0,44.5,2440,EQ,,,
2010-12-27,45.5,46.95,44.55,45.6,10116,EQ,,,
2010-12-28,44.5,46.5,44.0,45.1,3347,EQ,,,
2010-12-29,46.9,46.9,44.1,44.55,1426,EQ,,,
2010-12-30,44.25,45.5,43.9,45.5,1826,EQ,,,
2010-12-31,44.2,48.5,44.2,47.5,13471,EQ,,,
2011-01-03,48.5,48.9,46.5,46.5,2475,EQ,,,
2011-01-04,46.5,46.55,45.1,46.3,1124,EQ,,,
2011-01-05,45.1,46.0,44.0,44.65,3964,EQ,,,
2011-01-06,47.5,47.5,44.25,44.25,525,EQ,,,
2011-01-07,46.45,49.0,43.75,43.9,3018,EQ,,,
2011-01-10,42.85,43.5,42.8,43.1,487,EQ,,,
2011-01-11,43.1,43.25,40.65,41.35,2112,EQ,,,
2011-01-12,41.35,43.0,40.6,42.0,3793,EQ,,,
2011-01-13,41.9,42.9,41.0,41.65,1327,EQ,,,
2011-01-14,40.65,41.55,40.25,40.65,1438,EQ,,,
2011-01-17,40.25,41.5,39.15,40.15,3123,EQ,,,
2011-01-18,39.25,39.8,38.0,38.85,3158,EQ,,,
2011-01-19,40.4,40.4,38.35,38.5,2252,EQ,,,
2011-01-20,38.55,38.85,37.55,38.4,614,EQ,,,
2011-01-21,38.95,40.0,38.95,39.5,2511,EQ,,,
2011-01-24,40.0,40.75,39.5,39.65,1030,EQ,,,
2011-01-25,41.75,41.75,39.25,39.5,713,EQ,,,
2011-01-27,38.25,40.5,38.0,38.2,850,EQ,,,
2011-01-28,37.25,39.9,36.3,39.25,5714,EQ,,,
2011-01-31,36.65,41.4,35.25,39.7,5719,EQ,,,
2011-02-01,37.55,38.0,36.25,37.25,1051,EQ,,,
2011-02-02,37.5,40.5,37.5,39.4,5160,EQ,,,
2011-02-03,38.5,40.0,38.5,39.5,350,EQ,,,
2011-02-04,40.0,40.0,39.0,39.0,1298,EQ,,,
2011-02-07,38.0,40.0,37.75,38.5,688,EQ,,,
2011-02-08,38.55,39.15,37.75,38.1,1580,EQ,,,
2011-02-09,39.4,39.4,37.75,38.0,1131,EQ,,,
2011-02-10,38.0,38.1,38.0,38.1,1354,EQ,,,
2011-02-11,38.05,39.15,37.75,38.4,1425,EQ,,,
2011-02-14,38.0,45.0,37.75,40.4,791,EQ,,,
2011-02-15,39.8,39.8,37.75,38.5,1245,EQ,,,
2011-02-16,38.75,39.5,38.1,38.7,2025,EQ,,,
2011-02-17,37.1,39.25,37.1,39.0,103,EQ,,,
2011-02-18,39.1,39.5,37.1,37.1,1676,EQ,,,
2011-02-21,37.5,38.0,37.4,37.5,511,EQ,,,
2011-02-22,36.45,36.45,34.3,35.45,3780,EQ,,,
2011-02-23,35.1,35.75,35.0,35.4,3298,EQ,,,
2011-02-24,34.5,35.05,34.4,34.9,1395,EQ,,,
2011-02-25,34.9,34.9,32.7,33.9,1166,EQ,,,
2011-02-28,36.25,36.25,33.6,33.6,177,EQ,,,
2011-03-01,35.0,35.2,33.5,34.25,352,EQ,,,
2011-03-03,33.65,34.75,33.55,33.9,1963,EQ,,,
2011-03-04,35.0,35.5,33.55,33.65,955,EQ,,,
2011-03-07,32.3,32.95,31.2,31.9,1663,EQ,,,
2011-03-08,31.55,33.25,31.55,33.0,13880,EQ,,,
2011-03-09,32.25,32.75,31.6,31.9,450,EQ,,,
2011-03-10,32.5,32.5,31.8,32.4,10323,EQ,,,
2011-03-11,32.5,32.5,31.75,31.75,201,EQ,,,
2011-03-14,31.75,32.5,31.75,32.25,1055,EQ,,,
2011-03-15,30.75,32.25,30.5,31.5,1130,EQ,,,
2011-03-16,31.15,31.15,30.0,30.25,1970,EQ,,,
2011-03-17,30.65,31.1,30.25,30.45,582,EQ,,,
2011-03-18,31.0,31.5,30.75,31.5,720,EQ,,,
2011-03-21,32.0,32.0,30.0,30.4,930,EQ,,,
2011-03-22,29.5,33.0,29.5,30.9,2007,EQ,,,
2011-03-23,30.1,33.6,30.1,32.55,3012,EQ,,,
2011-03-24,32.5,34.25,31.5,33.4,678,EQ,,,
2011-03-25,34.0,34.0,31.1,31.6,2486,EQ,,,
2011-03-28,30.25,33.0,30.25,30.75,1669,EQ,,,
2011-03-29,30.5,30.5,29.25,29.3,2183,EQ,,,
2011-03-30,31.2,31.5,29.5,30.2,407,EQ,,,
2011-03-31,29.6,30.7,29.5,29.55,4314,EQ,,,
2011-04-01,30.0,30.5,29.8,30.4,1144,EQ,,,
2011-04-04,29.7,32.95,29.7,32.4,2639,EQ,,,
2011-04-05,33.0,33.45,32.0,32.7,1823,EQ,,,
2011-04-06,34.0,35.0,33.6,34.1,2232,EQ,,,
2011-04-07,36.85,36.85,34.5,35.0,4232,EQ,,,
2011-04-08,34.2,34.5,33.6,34.25,1334,EQ,,,
2011-04-11,35.45,35.45,32.65,33.4,351,EQ,,,
2011-04-13,34.9,34.9,33.8,33.8,104,EQ,,,
2011-04-15,33.8,36.0,31.5,34.0,367,EQ,,,
2011-04-18,31.6,35.35,31.6,33.1,500,EQ,,,
2011-04-19,31.7,33.2,31.5,32.0,6928,EQ,,,
2011-04-20,31.65,34.0,31.6,32.5,306,EQ,,,
2011-04-21,32.6,33.5,32.6,33.0,378,EQ,,,
2011-04-25,34.0,34.0,32.2,32.65,99,EQ,,,
2011-04-26,32.2,32.4,32.0,32.2,751,EQ,,,
2011-04-27,32.8,32.8,32.8,32.8,20,EQ,,,
2011-04-28,32.95,32.95,31.5,31.6,961,EQ,,,
2011-04-29,31.5,31.5,30.5,31.35,560,EQ,,,
2011-05-02,32.25,32.25,30.7,30.85,521,EQ,,,
2011-05-03,31.05,31.1,30.0,30.65,1971,EQ,,,
2011-05-04,32.0,32.0,30.05,31.0,412,EQ,,,
2011-05-05,29.65,30.45,29.05,30.0,1621,EQ,,,
2011-05-06,28.7,30.0,28.6,29.95,276,EQ,,,
2011-05-09,29.85,30.7,28.9,29.95,598,EQ,,,
2011-05-10,28.9,29.75,28.3,28.75,3211,EQ,,,
2011-05-11,28.5,29.2,28.5,28.75,2701,EQ,,,
2011-05-12,29.4,29.4,28.05,28.7,816,EQ,,,
2011-05-13,27.5,30.0,27.5,28.5,772,EQ,,,
2011-05-16,28.65,29.6,28.5,28.5,515,EQ,,,
2011-05-17,26.5,28.75,26.5,27.85,601,EQ,,,
2011-05-18,27.0,28.0,27.0,27.6,1090,EQ,,,
2011-05-19,26.7,28.1,26.5,27.3,2037,EQ,,,
2011-05-20,28.5,29.4,27.55,29.4,1005,EQ,,,
2011-05-23,31.5,31.5,29.25,29.25,447,EQ,,,
2011-05-24,29.25,30.5,29.25,29.75,1318,EQ,,,
2011-05-25,29.25,29.9,29.25,29.9,2812,EQ,,,
2011-05-26,29.25,30.25,29.25,29.25,40,EQ,,,
2011-05-27,29.25,30.0,29.25,30.0,204,EQ,,,
2011-05-30,29.25,29.25,29.25,29.25,530,EQ,,,
2011-05-31,33.0,33.0,29.25,30.1,1663,EQ,,,
2011-06-01,29.25,30.5,29.25,30.1,310,EQ,,,
2011-06-02,29.75,30.2,29.75,30.1,177,EQ,,,
2011-06-03,29.5,30.0,29.5,30.0,301,EQ,,,
2011-06-06,29.6,29.6,29.25,29.25,278,EQ,,,
2011-06-07,29.9,30.8,27.8,29.4,1467,EQ,,,
2011-06-08,30.45,30.5,29.25,29.25,421,EQ,,,
2011-06-09,29.25,30.0,28.5,29.75,169,EQ,,,
2011-06-10,29.9,30.4,29.0,30.4,128,EQ,,,
2011-06-13,30.0,30.4,28.3,29.4,1360,EQ,,,
2011-06-14,29.0,29.0,28.35,28.5,1151,EQ,,,
2011-06-15,28.5,29.3,28.5,29.1,620,EQ,,,
2011-06-16,28.5,28.5,26.6,26.6,100,EQ,,,
2011-06-17,26.6,27.4,26.5,27.0,4160,EQ,,,
2011-06-20,26.1,26.9,25.0,25.5,2074,EQ,,,
2011-06-21,25.5,25.5,25.5,25.5,197,EQ,,,
2011-06-22,25.25,25.5,24.45,25.05,1909,EQ,,,
2011-06-23,25.0,25.6,25.0,25.15,395,EQ,,,
2011-06-24,25.1,25.5,24.6,25.0,4605,EQ,,,
2011-06-27,24.95,26.0,24.95,26.0,7247,EQ,,,
2011-06-28,25.5,25.5,25.5,25.5,200,EQ,,,
2011-06-29,25.5,26.0,24.5,24.9,1929,EQ,,,
2011-06-30,26.0,26.0,26.0,26.0,453,EQ,,,
2011-07-01,25.5,26.85,24.6,25.7,5204,EQ,,,
2011-07-04,25.5,26.5,25.5,25.5,1020,EQ,,,
2011-07-05,25.75,26.9,25.7,26.7,2203,EQ,,,
2011-07-06,27.0,27.9,26.3,27.1,2130,EQ,,,
2011-07-07,27.5,28.25,27.0,27.95,1935,EQ,,,
2011-07-08,27.45,31.0,27.45,30.25,26416,EQ,,,
2011-07-11,30.5,36.35,30.5,36.2,86325,EQ,,,
2011-07-12,35.0,39.65,35.0,37.9,73297,EQ,,,
2011-07-13,37.9,40.0,36.6,37.5,33808,EQ,,,
2011-07-14,37.05,37.05,35.0,35.75,6755,EQ,,,
2011-07-15,37.85,37.85,34.1,34.6,9418,EQ,,,
2011-07-18,34.0,36.3,33.1,35.55,6794,EQ,,,
2011-07-19,34.15,36.7,34.15,36.1,9034,EQ,,,
2011-07-20,36.0,36.0,35.3,35.85,2422,EQ,,,
2011-07-21,35.1,36.25,35.1,35.5,2436,EQ,,,
2011-07-22,37.4,37.4,35.25,36.4,2110,EQ,,,
2011-07-25,36.5,36.5,33.9,35.6,2206,EQ,,,
2011-07-26,35.95,37.45,34.5,35.25,5611,EQ,,,
2011-07-27,35.75,35.75,34.0,34.15,1159,EQ,,,
2011-07-28,33.6,34.0,32.85,32.9,1797,EQ,,,
2011-07-29,33.9,36.2,33.9,36.1,8684,EQ,,,
2011-08-01,35.0,35.15,35.0,35.0,408,EQ,,,
2011-08-02,34.0,36.0,33.45,35.2,7970,EQ,,,
2011-08-03,34.0,35.4,33.9,34.0,160,EQ,,,
2011-08-04,34.0,36.9,33.0,33.9,2290,EQ,,,
2011-08-05,31.5,33.7,30.6,31.5,3044,EQ,,,
2011-08-08,30.5,31.5,29.2,29.6,5945,EQ,,,
2011-08-09,27.1,28.75,27.1,28.25,2280,EQ,,,
2011-08-10,29.9,31.0,29.0,31.0,646,EQ,,,
2011-08-11,28.5,31.0,28.4,30.8,1254,EQ,,,
2011-08-12,30.0,30.1,30.0,30.05,871,EQ,,,
2011-08-16,30.05,30.05,30.0,30.0,3328,EQ,,,
2011-08-17,30.1,32.0,30.1,31.3,1028,EQ,,,
2011-08-18,30.0,31.5,30.0,30.75,1937,EQ,,,
2011-08-19,28.25,30.0,28.25,30.0,12851,EQ,,,
2011-08-22,30.0,30.0,30.0,30.0,85,EQ,,,
2011-08-23,28.5,30.0,28.0,29.9,11256,EQ,,,
2011-08-24,30.0,32.15,29.05,30.2,22761,EQ,,,
2011-08-25,29.3,30.0,29.3,30.0,625,EQ,,,
2011-08-26,28.5,30.7,28.0,30.0,1851,EQ,,,
2011-08-29,30.0,32.0,30.0,31.3,610,EQ,,,
2011-08-30,32.85,34.45,32.5,34.45,6574,EQ,,,
2011-09-02,35.3,37.7,35.1,35.6,3898,EQ,,,
2011-09-05,34.15,38.7,34.15,38.25,11196,EQ,,,
2011-09-06,37.35,40.2,37.35,40.2,4017,EQ,,,
2011-09-07,42.2,42.2,42.2,42.2,3791,EQ,,,
2011-09-08,44.35,44.35,40.55,41.2,31735,EQ,,,
2011-09-09,41.0,42.0,39.15,39.15,14679,EQ,,,
2011-09-12,38.5,40.0,37.2,38.75,7455,EQ,,,
2011-09-13,40.0,40.0,38.1,38.5,4250,EQ,,,
2011-09-14,38.45,38.85,38.45,38.8,329,EQ,,,
2011-09-15,38.5,40.5,37.75,37.75,2646,EQ,,,
2011-09-16,39.25,39.25,38.5,38.7,7,EQ,,,
2011-09-19,39.0,39.0,36.8,36.9,7978,EQ,,,
2011-09-20,36.15,37.4,35.5,36.5,12270,EQ,,,
2011-09-21,37.3,37.5,36.25,37.0,6280,EQ,,,
2011-09-22,37.0,37.0,36.0,36.6,580,EQ,,,
2011-09-23,35.05,36.95,35.0,35.65,2321,EQ,,,
2011-09-26,35.95,35.95,34.1,34.5,4049,EQ,,,
2011-09-27,34.15,36.2,34.15,36.2,12899,EQ,,,
2011-09-28,38.05,38.05,38.05,38.05,2283,EQ,,,
2011-09-29,40.0,40.0,37.25,40.0,10997,EQ,,,
2011-09-30,41.5,42.0,39.0,41.65,6756,EQ,,,
2011-10-03,39.6,41.3,39.6,39.9,2094,EQ,,,
2011-10-04,39.3,41.7,39.15,39.9,4425,EQ,,,
2011-10-05,41.9,41.9,39.9,39.95,13369,EQ,,,
2011-10-07,41.95,41.95,41.95,41.95,2223,EQ,,,
2011-10-10,44.05,44.05,39.85,39.85,10516,EQ,,,
2011-10-11,38.0,39.15,37.9,37.9,1810,EQ,,,
2011-10-12,37.5,37.5,36.0,36.0,1644,EQ,,,
2011-10-13,34.2,34.2,34.2,34.2,1836,EQ,,,
2011-10-14,32.5,35.9,32.5,35.9,32984,EQ,,,
2011-10-17,37.6,37.6,35.5,35.6,2603,EQ,,,
2011-10-18,34.5,34.65,33.8,34.6,665,EQ,,,
2011-10-19,34.9,34.9,34.25,34.5,2752,EQ,,,
2011-10-20,32.9,34.7,32.9,33.55,753,EQ,,,
2011-10-21,31.9,35.2,31.9,33.1,1860,EQ,,,
2011-10-24,32.0,34.65,31.6,32.25,1081,EQ,,,
2011-10-25,31.4,33.7,31.4,33.35,331,EQ,,,
2011-10-26,33.5,34.5,32.5,32.7,382,EQ,,,
2011-10-28,34.4,34.4,31.1,31.45,2182,EQ,,,
2011-10-31,31.0,32.9,31.0,31.85,3581,EQ,,,
2011-11-01,32.0,32.5,31.9,32.1,1720,EQ,,,
2011-11-02,32.0,32.0,31.0,31.1,3070,EQ,,,
2011-11-03,31.5,31.5,31.5,31.5,180,EQ,,,
2011-11-04,32.0,32.0,31.0,31.5,560,EQ,,,
2011-11-08,30.5,32.15,30.5,31.0,396,EQ,,,
2011-11-09,31.0,32.0,30.5,30.5,1411,EQ,,,
2011-11-11,29.4,30.85,29.25,30.7,452,EQ,,,
2011-11-14,29.5,30.3,29.2,30.05,1096,EQ,,,
2011-11-15,31.0,31.0,29.75,29.85,136,EQ,,,
2011-11-16,29.0,30.5,29.0,29.95,359,EQ,,,
2011-11-18,28.5,29.5,28.45,28.8,1836,EQ,,,
2011-11-21,28.1,28.75,28.0,28.75,2150,EQ,,,
2011-11-22,29.0,30.2,28.5,28.8,2485,EQ,,,
2011-11-23,28.5,28.55,28.0,28.5,1559,EQ,,,
2011-11-24,27.75,28.0,27.25,27.3,3301,EQ,,,
2011-11-25,27.75,28.7,27.75,28.0,610,EQ,,,
2011-11-28,29.0,29.0,28.1,28.1,2,EQ,,,
2011-11-29,29.25,29.5,29.25,29.5,70,EQ,,,
2011-12-01,30.0,30.0,28.5,28.5,115,EQ,,,
2011-12-02,28.0,29.5,28.0,29.5,141,EQ,,,
2011-12-05,28.0,28.9,28.0,28.5,810,EQ,,,
2011-12-07,27.85,28.4,27.85,28.4,951,EQ,,,
2011-12-08,28.0,28.95,27.75,27.85,647,EQ,,,
2011-12-09,26.5,26.5,26.5,26.5,40,EQ,,,
2011-12-12,26.05,27.5,26.0,26.0,250,EQ,,,
2011-12-13,25.2,27.3,25.2,26.35,806,EQ,,,
2011-12-14,26.0,26.0,26.0,26.0,700,EQ,,,
2011-12-15,25.1,26.95,25.1,25.1,210,EQ,,,
2011-12-16,25.15,25.15,25.1,25.1,250,EQ,,,
2011-12-19,24.0,24.0,24.0,24.0,410,EQ,,,
2011-12-20,24.0,25.2,24.0,25.2,625,EQ,,,
2011-12-21,23.95,25.5,23.95,25.1,347,EQ,,,
2011-12-22,25.0,25.0,23.9,23.95,607,EQ,,,
2011-12-23,23.0,24.25,23.0,23.0,510,EQ,,,
2011-12-26,24.15,24.15,21.9,24.15,251,EQ,,,
2011-12-27,23.0,23.0,23.0,23.0,179,EQ,,,
2011-12-28,24.0,24.0,22.05,22.1,303,EQ,,,
2011-12-29,23.0,23.0,21.15,21.15,1182,EQ,,,
2011-12-30,22.0,22.0,20.5,20.5,500,EQ,,,
2012-01-04,21.5,21.5,20.0,20.9,2931,EQ,,,
2012-01-05,21.85,21.85,21.85,21.85,1,EQ,,,
2012-01-06,22.9,22.9,20.9,20.9,79,EQ,,,
2012-01-07,20.0,21.05,19.95,21.05,360,EQ,,,
2012-01-09,20.35,22.1,20.35,22.1,646,EQ,,,
2012-01-10,23.2,23.2,22.1,22.3,1071,EQ,,,
2012-01-11,23.2,23.2,22.5,22.55,2888,EQ,,,
2012-01-12,23.2,23.7,23.2,23.7,1170,EQ,,,
2012-01-13,24.8,24.8,24.0,24.15,171,EQ,,,
2012-01-16,25.25,25.25,24.7,24.75,832,EQ,,,
2012-01-18,23.6,23.6,23.5,23.5,616,EQ,,,
2012-01-19,23.1,23.1,23.1,23.1,127,EQ,,,
2012-01-20,23.75,23.75,23.75,23.75,100,EQ,,,
2012-01-23,24.85,24.9,23.75,24.75,1800,EQ,,,
2012-01-24,23.65,25.0,23.65,25.0,169,EQ,,,
2012-01-25,24.2,25.0,24.2,24.4,354,EQ,,,
2012-01-27,23.25,25.5,23.25,24.65,937,EQ,,,
2012-01-30,25.7,25.9,25.5,25.9,1814,EQ,,,
2012-01-31,27.15,27.15,25.05,25.7,2652,EQ,,,
2012-02-01,26.85,26.85,26.75,26.85,760,EQ,,,
2012-02-02,28.0,28.0,26.15,26.15,603,EQ,,,
2012-02-03,27.1,27.1,26.15,26.25,1413,EQ,,,
2012-02-06,26.0,27.55,26.0,27.5,726,EQ,,,
2012-02-07,27.55,28.5,27.5,27.5,1600,EQ,,,
2012-02-08,28.5,28.5,26.5,27.25,2148,EQ,,,
2012-02-09,27.3,28.6,27.3,28.6,2050,EQ,,,
2012-02-10,27.25,29.0,27.25,28.55,3427,EQ,,,
2012-02-13,29.0,30.0,28.0,30.0,14039,EQ,,,
2012-02-14,31.4,31.4,30.0,30.9,1429,EQ,,,
2012-02-15,29.7,31.5,29.7,30.25,3222,EQ,,,
2012-02-16,30.0,30.9,29.35,30.6,650,EQ,,,
2012-02-17,31.75,31.75,30.0,30.0,1178,EQ,,,
2012-02-21,30.5,30.5,28.6,28.7,2471,EQ,,,
2012-02-22,28.6,29.45,28.0,28.9,2921,EQ,,,
2012-02-23,28.0,29.5,27.6,28.25,900,EQ,,,
2012-02-24,29.5,29.65,27.9,29.15,1320,EQ,,,
2012-02-27,27.8,28.5,27.8,28.5,601,EQ,,,
2012-02-28,27.5,29.5,27.25,27.6,11661,EQ,,,
2012-02-29,29.0,29.0,29.0,29.0,3793,EQ,,,
2012-03-02,29.5,29.5,27.6,27.75,106,EQ,,,
2012-03-05,27.5,27.5,27.0,27.0,1015,EQ,,,
2012-03-06,26.15,29.7,26.15,29.7,6252,EQ,,,
2012-03-07,31.0,32.6,30.0,32.1,15435,EQ,,,
2012-03-09,31.75,33.4,31.1,32.0,5447,EQ,,,
2012-03-12,32.5,32.5,31.0,31.05,1025,EQ,,,
2012-03-13,31.0,32.0,30.1,31.85,9324,EQ,,,
2012-03-14,31.4,34.5,31.05,33.65,25090,EQ,,,
2012-03-15,32.5,33.0,32.5,32.5,230,EQ,,,
2012-03-16,33.0,33.0,31.5,32.5,1779,EQ,,,
2012-03-19,32.2,32.2,30.25,31.0,257,EQ,,,
2012-03-20,32.5,32.5,30.3,31.55,822,EQ,,,
2012-03-21,31.75,32.0,30.25,30.6,411,EQ,,,
2012-03-22,32.4,32.45,29.0,30.1,3064,EQ,,,
2012-03-23,30.65,32.0,30.3,30.3,13885,EQ,,,
2012-03-26,30.0,30.5,30.0,30.0,1590,EQ,,,
2012-03-27,30.0,30.1,28.5,30.0,4121,EQ,,,
2012-03-28,31.7,31.7,30.0,30.0,1035,EQ,,,
2012-03-29,30.0,32.45,30.0,30.5,1387,EQ,,,
2012-03-30,30.5,31.95,30.0,30.0,2403,EQ,,,
2012-04-02,31.45,31.9,30.0,30.6,1300,EQ,,,
2012-04-03,30.0,32.2,28.8,30.0,3100,EQ,,,
2012-04-04,32.15,32.15,29.4,29.9,1219,EQ,,,
2012-04-09,30.4,30.4,30.0,30.0,1689,EQ,,,
2012-04-10,32.0,32.0,29.2,29.4,2097,EQ,,,
2012-04-11,30.0,30.0,27.6,29.95,1625,EQ,,,
2012-04-12,29.5,31.0,28.85,29.1,1632,EQ,,,
2012-04-13,29.0,29.1,28.9,28.9,673,EQ,,,
2012-04-16,29.0,30.1,28.15,28.5,453,EQ,,,
2012-04-17,28.3,28.5,28.0,28.4,579,EQ,,,
2012-04-18,28.1,28.5,28.1,28.5,1719,EQ,,,
2012-04-19,27.3,28.5,27.0,28.15,977,EQ,,,
2012-04-20,28.25,28.4,28.25,28.25,202,EQ,,,
2012-04-23,28.45,28.55,28.1,28.2,750,EQ,,,
2012-04-24,28.5,28.5,27.9,28.0,800,EQ,,,
2012-04-26,29.7,30.0,28.3,29.75,1511,EQ,,,
2012-04-27,30.5,30.8,29.5,29.55,611,EQ,,,
2012-04-30,29.4,31.0,29.2,30.9,438,EQ,,,
2012-05-02,31.0,31.5,29.3,30.0,5427,EQ,,,
2012-05-03,30.0,30.0,29.6,30.0,1000,EQ,,,
2012-05-04,29.5,29.5,29.3,29.3,300,EQ,,,
2012-05-07,29.3,29.3,29.2,29.25,706,EQ,,,
2012-05-08,29.2,29.75,28.3,28.7,672,EQ,,,
2012-05-09,28.25,29.5,28.0,28.6,518,EQ,,,
2012-05-10,28.0,28.0,25.3,26.35,1492,EQ,,,
2012-05-11,29.0,29.0,25.95,26.0,237,EQ,,,
2012-05-14,25.95,26.0,25.95,26.0,490,EQ,,,
2012-05-15,25.2,25.2,25.05,25.05,30,EQ,,,
2012-05-16,28.45,28.45,21.8,25.5,2167,EQ,,,
2012-05-17,25.0,26.5,24.5,25.0,3642,EQ,,,
2012-05-18,24.35,24.35,20.0,21.75,22911,EQ,,,
2012-05-21,22.75,22.75,20.5,21.55,2574,EQ,,,
2012-05-22,22.45,22.45,19.0,19.3,3908,EQ,,,
2012-05-23,20.55,20.55,20.25,20.5,1485,EQ,,,
2012-05-24,20.5,21.25,20.05,20.1,2033,EQ,,,
2012-05-25,20.25,20.25,20.25,20.25,3,EQ,,,
2012-05-28,20.25,22.0,20.0,21.5,3671,EQ,,,
2012-05-29,21.5,21.5,20.5,21.5,479,EQ,,,
2012-05-30,22.0,22.7,21.3,22.2,1057,EQ,,,
2012-05-31,23.2,23.25,22.5,22.75,3010,EQ,,,
2012-06-01,22.75,22.75,21.05,21.1,947,EQ,,,
2012-06-04,22.25,22.25,22.25,22.25,100,EQ,,,
2012-06-05,22.25,24.3,22.05,23.25,1757,EQ,,,
2012-06-06,23.05,24.4,22.15,22.9,626,EQ,,,
2012-06-07,22.9,24.1,22.75,23.4,1824,EQ,,,
2012-06-08,23.25,23.3,23.0,23.15,5258,EQ,,,
2012-06-11,23.45,24.3,23.0,23.4,1753,EQ,,,
2012-06-12,24.3,25.95,22.75,23.0,676,EQ,,,
2012-06-13,22.75,23.75,22.1,22.7,1775,EQ,,,
2012-06-14,23.75,24.3,23.0,23.7,3025,EQ,,,
2012-06-15,22.75,23.5,21.6,23.5,1033,EQ,,,
2012-06-18,23.75,23.75,21.6,21.75,864,EQ,,,
2012-06-19,22.7,25.75,22.7,24.7,2791,EQ,,,
2012-06-20,29.6,29.6,25.1,28.7,13446,EQ,,,
2012-06-21,29.4,30.0,27.1,27.5,9855,EQ,,,
2012-06-22,26.0,27.5,24.3,25.35,4188,EQ,,,
2012-06-25,25.0,26.75,25.0,25.9,1832,EQ,,,
2012-06-26,24.0,26.85,24.0,25.45,468,EQ,,,
2012-06-27,25.0,27.0,25.0,25.1,2151,EQ,,,
2012-06-28,25.0,26.25,22.8,24.5,808,EQ,,,
2012-06-29,26.0,27.0,25.0,25.9,10482,EQ,,,
2012-07-02,25.9,26.2,25.0,25.95,370,EQ,,,
2012-07-03,25.5,26.75,25.25,25.55,964,EQ,,,
2012-07-04,26.0,26.9,25.5,26.1,2692,EQ,,,
2012-07-05,26.1,28.0,25.75,26.9,5392,EQ,,,
2012-07-06,26.05,27.5,26.05,26.3,7541,EQ,,,
2012-07-09,25.5,27.5,25.5,26.6,2123,EQ,,,
2012-07-10,25.5,27.0,25.5,26.55,3071,EQ,,,
2012-07-11,27.6,27.6,26.15,26.15,62,EQ,,,
2012-07-12,26.5,27.0,25.0,25.25,912,EQ,,,
2012-07-13,25.4,27.0,24.55,26.65,1252,EQ,,,
2012-07-16,27.0,27.5,25.0,25.5,2138,EQ,,,
2012-07-17,25.95,26.9,25.55,25.55,1218,EQ,,,
2012-07-18,25.25,26.8,24.3,25.2,1205,EQ,,,
2012-07-19,26.0,26.5,26.0,26.35,916,EQ,,,
2012-07-20,26.65,27.0,26.5,26.65,569,EQ,,,
2012-07-23,29.1,29.1,23.8,25.0,3743,EQ,,,
2012-07-24,26.75,26.75,24.0,24.55,3869,EQ,,,
2012-07-25,23.7,25.45,23.7,24.4,1288,EQ,,,
2012-07-26,24.1,24.2,23.55,24.2,1017,EQ,,,
2012-07-27,25.9,26.1,23.9,25.75,7721,EQ,,,
2012-07-30,26.0,30.0,26.0,29.0,11385,EQ,,,
2012-07-31,29.25,29.25,26.85,27.5,7564,EQ,,,
2012-08-01,28.35,28.35,26.5,27.45,1270,EQ,,,
2012-08-02,25.6,29.0,25.6,28.25,12556,EQ,,,
2012-08-03,28.25,28.25,27.5,27.75,1568,EQ,,,
2012-08-06,27.0,28.5,27.0,28.5,7321,EQ,,,
2012-08-07,29.7,31.9,28.15,30.85,100949,EQ,,,
2012-08-08,30.75,32.0,30.2,30.7,8240,EQ,,,
2012-08-09,32.0,34.5,28.55,29.3,10018,EQ,,,
2012-08-10,29.0,29.9,28.5,29.5,4770,EQ,,,
2012-08-13,31.1,32.5,30.1,31.8,12856,EQ,,,
2012-08-14,30.6,32.2,30.5,32.05,4235,EQ,,,
2012-08-16,33.9,33.9,32.0,32.9,8359,EQ,,,
2012-08-17,33.5,33.9,32.0,32.3,8951,EQ,,,
2012-08-21,33.75,34.0,30.5,31.7,5125,EQ,,,
2012-08-22,31.85,32.75,31.5,31.6,554,EQ,,,
2012-08-23,31.0,33.75,31.0,33.0,24655,EQ,,,
2012-08-24,33.5,33.5,31.8,32.05,4841,EQ,,,
2012-08-27,34.75,36.5,34.5,35.3,44225,EQ,,,
2012-08-28,35.5,36.2,33.75,34.25,16679,EQ,,,
2012-08-29,35.0,35.75,34.0,35.0,21059,EQ,,,
2012-08-30,35.9,37.0,31.5,34.85,44574,EQ,,,
2012-08-31,39.95,41.7,35.8,37.25,260228,EQ,,,
2012-09-03,39.45,40.0,37.75,38.65,111656,EQ,,,
2012-09-04,40.1,44.7,39.5,42.85,474484,EQ,,,
2012-09-05,43.0,45.25,42.55,43.4,330459,EQ,,,
2012-09-06,43.6,43.7,41.3,41.55,98400,EQ,,,
2012-09-07,42.1,42.2,39.1,39.8,106494,EQ,,,
2012-09-08,39.85,42.5,39.85,41.85,50350,EQ,,,
2012-09-10,42.8,42.8,40.3,40.5,63323,EQ,,,
2012-09-11,41.3,41.3,37.6,40.5,68957,EQ,,,
2012-09-12,41.2,41.5,40.75,40.85,40603,EQ,,,
2012-09-13,41.4,42.15,39.75,39.95,58320,EQ,,,
2012-09-14,39.95,40.9,38.4,39.9,41504,EQ,,,
2012-09-17,39.75,40.5,39.3,39.7,64630,EQ,,,
2012-09-18,39.5,40.0,38.35,38.9,93343,EQ,,,
2012-09-20,38.5,40.5,38.5,39.5,108670,EQ,,,
2012-09-21,38.95,40.0,34.9,35.45,391211,EQ,,,
2012-09-24,17.5,21.5,17.5,21.3,352587,EQ,,,
2012-09-25,21.2,23.5,21.1,23.3,245674,EQ,,,
2012-09-26,23.6,23.95,22.7,23.05,120411,EQ,,,
2012-09-27,23.25,23.25,21.9,22.05,64730,EQ,,,
2012-09-28,21.95,22.0,20.5,20.75,93995,EQ,,,
2012-10-01,21.0,21.7,20.4,21.25,39255,EQ,,,
2012-10-03,21.1,21.45,20.8,21.2,32341,EQ,,,
2012-10-04,21.2,21.95,20.8,21.25,65308,EQ,,,
2012-10-05,21.4,21.75,20.5,21.1,20495,EQ,,,
2012-10-08,20.95,21.3,20.55,20.75,23466,EQ,,,
2012-10-09,20.75,21.15,20.55,20.65,20480,EQ,,,
2012-10-10,21.15,21.15,20.25,20.25,16684,EQ,,,
2012-10-11,20.85,20.85,20.1,20.2,12571,EQ,,,
2012-10-12,20.05,20.6,20.05,20.2,16896,EQ,,,
2012-10-15,20.5,20.5,20.0,20.2,9536,EQ,,,
2012-10-16,20.5,20.5,19.5,19.9,17448,EQ,,,
2012-10-17,19.95,20.2,19.9,20.0,9273,EQ,,,
2012-10-18,20.4,20.4,19.9,19.9,9149,EQ,,,
2012-10-19,20.35,20.35,19.85,19.9,7354,EQ,,,
2012-10-22,20.0,20.25,19.55,19.7,18408,EQ,,,
2012-10-23,20.25,20.25,19.6,19.75,9658,EQ,,,
2012-10-25,19.55,19.9,19.35,19.45,17286,EQ,,,
2012-10-26,19.85,19.85,18.8,19.0,15630,EQ,,,
2012-10-29,19.5,19.5,18.6,18.7,7851,EQ,,,
2012-10-30,18.75,19.2,18.2,18.3,9823,EQ,,,
2012-10-31,18.75,18.75,17.9,18.0,11300,EQ,,,
2012-11-01,18.2,18.2,17.85,18.0,17491,EQ,,,
2012-11-02,18.15,18.6,17.95,18.45,14685,EQ,,,
2012-11-05,19.0,19.45,18.5,19.05,15186,EQ,,,
2012-11-06,19.0,19.9,18.4,19.0,15925,EQ,,,
2012-11-07,18.85,19.5,18.6,19.2,17749,EQ,,,
2012-11-08,21.0,21.0,18.55,19.0,8138,EQ,,,
2012-11-09,19.7,19.7,18.9,19.0,14765,EQ,,,
2012-11-12,19.75,19.75,18.5,18.55,9525,EQ,,,
2012-11-13,19.1,19.1,18.15,18.8,3157,EQ,,,
2012-11-15,18.4,18.75,18.25,18.25,9791,EQ,,,
2012-11-16,18.0,18.65,18.0,18.25,8889,EQ,,,
2012-11-19,18.5,18.65,17.5,17.9,9280,EQ,,,
2012-11-20,17.9,18.5,17.5,17.55,7639,EQ,,,
2012-11-21,17.5,18.1,17.2,17.95,8567,EQ,,,
2012-11-22,17.75,18.45,17.55,18.25,17089,EQ,,,
2012-11-23,18.35,18.5,17.8,18.2,26504,EQ,,,
2012-11-26,18.0,18.5,17.9,18.2,12646,EQ,,,
2012-11-27,18.4,18.9,18.25,18.45,39992,EQ,,,
2012-11-29,18.55,18.95,18.15,18.8,20353,EQ,,,
2012-11-30,18.5,18.8,18.25,18.45,11789,EQ,,,
2012-12-03,18.3,18.85,17.95,18.7,24055,EQ,,,
2012-12-04,18.9,18.9,18.4,18.65,9374,EQ,,,
2012-12-05,18.9,18.9,17.85,18.25,28960,EQ,,,
2012-12-06,18.25,18.5,17.75,18.2,11315,EQ,,,
2012-12-07,18.0,18.45,17.75,18.2,10907,EQ,,,
2012-12-10,18.2,18.5,17.9,18.1,7091,EQ,,,
2012-12-11,18.7,18.7,18.05,18.25,13504,EQ,,,
2012-12-12,18.9,18.9,18.0,18.05,6351,EQ,,,
2012-12-13,18.4,18.75,17.95,18.05,14253,EQ,,,
2012-12-14,18.4,18.4,18.05,18.15,3297,EQ,,,
2012-12-17,18.75,18.75,17.8,18.2,11283,EQ,,,
2012-12-18,18.2,18.2,17.85,18.2,10644,EQ,,,
2012-12-19,18.7,18.7,17.75,17.95,11192,EQ,,,
2012-12-20,18.5,18.5,17.65,17.9,10382,EQ,,,
2012-12-21,18.1,18.1,17.7,17.75,4027,EQ,,,
2012-12-24,18.0,18.1,17.6,17.6,8810,EQ,,,
2012-12-26,17.9,18.0,17.65,17.8,8540,EQ,,,
2012-12-27,17.75,17.8,17.45,17.5,7622,EQ,,,
2012-12-28,17.85,17.9,17.25,17.4,3519,EQ,,,
2012-12-31,17.25,17.85,17.25,17.35,14482,EQ,,,
2013-01-01,17.25,17.6,17.0,17.4,9923,EQ,,,
2013-01-02,17.85,17.85,17.3,17.4,18857,EQ,,,
2013-01-03,17.85,17.85,17.3,17.5,7028,EQ,,,
2013-01-04,17.55,18.0,17.5,17.85,15451,EQ,,,
2013-01-07,18.0,18.95,17.8,18.2,40783,EQ,,,
2013-01-08,19.0,19.0,17.6,18.15,8774,EQ,,,
2013-01-09,18.4,18.4,17.95,18.25,3823,EQ,,,
2013-01-10,18.35,18.35,18.0,18.05,4713,EQ,,,
2013-01-11,18.3,18.3,17.8,17.85,14424,EQ,,,
2013-01-14,18.25,18.25,17.9,17.95,20170,EQ,,,
2013-01-15,18.45,18.45,17.75,17.85,5204,EQ,,,
2013-01-16,17.85,18.15,17.75,17.9,8031,EQ,,,
2013-01-17,18.2,18.2,17.6,17.8,7005,EQ,,,
2013-01-18,17.75,18.0,17.5,17.6,7240,EQ,,,
2013-01-21,18.9,18.9,17.5,17.55,5396,EQ,,,
2013-01-22,17.85,17.85,17.25,17.25,8708,EQ,,,
2013-01-23,17.5,17.5,16.7,16.8,26145,EQ,,,
2013-01-24,17.05,17.1,16.5,16.75,5207,EQ,,,
2013-01-25,18.45,18.45,16.3,16.95,5460,EQ,,,
2013-01-28,16.9,17.2,16.5,16.6,8858,EQ,,,
2013-01-29,16.6,16.6,16.4,16.55,5293,EQ,,,
2013-01-30,16.55,16.85,16.3,16.4,5732,EQ,,,
2013-01-31,16.35,16.6,16.1,16.6,8892,EQ,,,
2013-02-01,16.75,16.85,16.25,16.4,6892,EQ,,,
2013-02-04,16.45,16.7,16.25,16.5,6356,EQ,,,
2013-02-05,16.75,16.75,16.4,16.5,3752,EQ,,,
2013-02-06,16.4,16.45,15.3,15.8,13844,EQ,,,
2013-02-07,18.5,18.5,15.3,15.4,7685,EQ,,,
2013-02-08,15.7,15.7,15.25,15.5,2287,EQ,,,
2013-02-11,16.0,16.0,14.75,14.9,10852,EQ,,,
2013-02-12,16.0,16.0,14.65,14.75,17826,EQ,,,
2013-02-13,15.0,15.25,14.6,14.6,12833,EQ,,,
2013-02-14,14.75,14.85,14.25,14.3,3357,EQ,,,
2013-02-15,14.7,14.7,14.0,14.55,4518,EQ,,,
2013-02-18,14.7,14.7,14.1,14.25,13092,EQ,,,
2013-02-19,14.3,14.5,14.25,14.35,3202,EQ,,,
2013-02-20,14.9,14.9,14.4,14.7,2396,EQ,,,
2013-02-21,14.9,14.9,14.25,14.25,4723,EQ,,,
2013-02-22,14.0,15.0,13.85,14.6,6933,EQ,,,
2013-02-25,14.35,14.75,14.3,14.5,4513,EQ,,,
2013-02-26,14.35,14.5,13.75,13.9,13686,EQ,,,
2013-02-27,14.15,14.2,13.8,14.05,4617,EQ,,,
2013-02-28,14.05,14.9,13.75,13.8,10643,EQ,,,
2013-03-01,14.5,14.5,12.25,12.9,16182,EQ,,,
2013-03-04,14.5,14.5,11.05,11.2,13930,EQ,,,
2013-03-05,11.2,11.95,11.05,11.75,7158,EQ,,,
2013-03-06,12.2,12.7,11.9,12.55,5988,EQ,,,
2013-03-07,12.4,13.0,11.55,11.8,16189,EQ,,,
2013-03-08,12.05,12.1,11.65,11.7,4072,EQ,,,
2013-03-11,11.65,12.0,10.75,11.55,15215,EQ,,,
2013-03-12,11.5,11.95,10.8,11.0,16728,EQ,,,
2013-03-13,11.0,11.45,11.0,11.2,3734,EQ,,,
2013-03-14,11.2,11.3,11.0,11.2,10905,EQ,,,
2013-03-15,11.4,11.4,11.0,11.25,1798,EQ,,,
2013-03-18,11.0,11.5,10.75,11.1,6705,EQ,,,
2013-03-19,11.0,11.25,10.75,10.85,5356,EQ,,,
2013-03-20,10.75,11.5,10.55,10.9,7054,EQ,,,
2013-03-21,11.35,11.4,10.1,10.95,6287,EQ,,,
2013-03-22,11.35,11.35,10.1,10.4,3181,EQ,,,
2013-03-25,11.0,11.0,10.0,10.45,10324,EQ,,,
2013-03-26,10.6,10.65,9.9,10.0,8874,EQ,,,
2013-03-28,10.2,10.75,10.0,10.1,6130,EQ,,,
2013-04-01,10.8,10.8,10.3,10.7,2493,EQ,,,
2013-04-02,10.95,11.6,10.65,11.5,6967,EQ,,,
2013-04-03,11.5,11.95,11.3,11.45,4228,EQ,,,
2013-04-04,11.15,11.5,10.75,10.95,3268,EQ,,,
2013-04-05,10.6,10.95,10.35,10.8,2811,EQ,,,
2013-04-08,10.95,11.25,10.8,11.05,3536,EQ,,,
2013-04-09,11.1,11.3,10.5,10.8,6423,EQ,,,
2013-04-10,10.5,10.95,10.5,10.7,3986,EQ,,,
2013-04-11,10.5,10.95,10.5,10.9,2069,EQ,,,
2013-04-12,10.75,11.1,10.65,11.0,2958,EQ,,,
2013-04-15,10.65,11.4,10.35,10.95,1721,EQ,,,
2013-04-16,10.7,11.35,10.7,11.05,1537,EQ,,,
2013-04-17,10.8,11.25,10.8,11.1,3214,EQ,,,
2013-04-18,10.95,11.2,10.95,11.2,1816,EQ,,,
2013-04-22,11.0,11.45,10.75,10.9,2548,EQ,,,
2013-04-23,10.5,11.25,10.5,11.15,1572,EQ,,,
2013-04-25,11.8,11.8,10.55,10.95,4885,EQ,,,
2013-04-26,11.0,11.4,10.75,11.25,3305,EQ,,,
2013-04-29,11.25,11.45,11.0,11.4,4808,EQ,,,
2013-04-30,11.25,11.4,10.85,11.05,8330,EQ,,,
2013-05-02,11.0,11.35,10.9,11.2,1325,EQ,,,
2013-05-03,11.4,11.4,10.6,10.8,8474,EQ,,,
2013-05-06,11.4,11.4,10.15,10.7,6605,EQ,,,
2013-05-07,11.45,11.45,10.5,10.55,10821,EQ,,,
2013-05-08,11.0,11.0,10.35,10.45,10739,EQ,,,
2013-05-09,10.5,10.7,10.5,10.7,4130,EQ,,,
2013-05-10,10.9,11.0,10.7,10.8,7952,EQ,,,
2013-05-13,10.8,10.95,10.4,10.5,8401,EQ,,,
2013-05-14,10.95,10.95,10.35,10.5,5895,EQ,,,
2013-05-15,10.9,10.9,10.1,10.55,5006,EQ,,,
2013-05-16,10.5,10.8,10.45,10.55,3102,EQ,,,
2013-05-17,10.8,10.8,10.1,10.45,9538,EQ,,,
2013-05-20,10.95,11.0,10.55,11.0,6452,EQ,,,
2013-05-21,10.8,11.4,10.6,10.7,4462,EQ,,,
2013-05-22,10.7,11.0,10.55,10.9,6250,EQ,,,
2013-05-23,10.85,11.9,10.55,10.8,5718,EQ,,,
2013-05-24,10.9,11.0,10.55,10.6,2109,EQ,,,
2013-05-27,11.45,11.45,10.7,10.7,2726,EQ,,,
2013-05-28,10.7,10.7,10.55,10.7,2682,EQ,,,
2013-05-29,10.4,10.75,10.4,10.5,3525,EQ,,,
2013-05-30,10.4,10.6,10.15,10.3,1672,EQ,,,
2013-05-31,10.2,10.7,9.7,9.85,6396,EQ,,,
2013-06-03,9.7,9.7,9.3,9.5,4711,EQ,,,
2013-06-04,9.9,10.0,9.45,9.8,3113,EQ,,,
2013-06-05,10.1,10.2,9.65,9.7,5685,EQ,,,
2013-06-06,10.2,10.2,9.55,9.55,1113,EQ,,,
2013-06-07,9.6,10.0,9.5,9.6,2723,EQ,,,
2013-06-10,9.5,9.8,9.3,9.5,2141,EQ,,,
2013-06-11,10.45,10.45,9.15,9.4,1249,EQ,,,
2013-06-12,9.3,9.4,8.6,9.0,3978,EQ,,,
2013-06-13,9.4,9.4,8.5,8.55,1219,EQ,,,
2013-06-14,9.9,9.9,9.25,9.4,19347,EQ,,,
2013-06-17,9.25,9.9,9.0,9.2,3096,EQ,,,
2013-06-18,9.2,11.0,9.2,11.0,8858,EQ,,,
2013-06-19,11.25,12.45,11.25,12.0,31132,EQ,,,
2013-06-20,12.0,12.45,11.55,11.95,15182,EQ,,,
2013-06-21,11.9,12.25,11.35,11.7,15465,EQ,,,
2013-06-24,11.5,11.5,10.7,11.35,9481,EQ,,,
2013-06-25,12.0,12.05,11.15,11.5,11547,EQ,,,
2013-06-26,11.7,12.05,11.2,11.4,7406,EQ,,,
2013-06-27,12.6,12.6,11.3,11.8,12336,EQ,,,
2013-06-28,11.6,11.8,11.5,11.55,2357,EQ,,,
2013-07-01,12.3,12.3,11.3,11.45,9561,EQ,,,
2013-07-02,11.55,11.95,11.55,11.75,9134,EQ,,,
2013-07-03,12.05,12.1,11.7,12.0,7337,EQ,,,
2013-07-04,12.0,12.1,11.15,11.35,7111,EQ,,,
2013-07-05,12.0,12.0,11.4,11.7,4942,EQ,,,
2013-07-08,11.85,12.1,11.6,12.0,6606,EQ,,,
2013-07-09,12.65,12.65,11.75,11.75,1621,EQ,,,
2013-07-10,11.65,11.8,11.45,11.6,3518,EQ,,,
2013-07-11,11.7,12.0,11.6,11.6,2331,EQ,,,
2013-07-12,11.55,11.55,11.25,11.4,1041,EQ,,,
2013-07-15,11.45,11.7,11.3,11.45,1615,EQ,,,
2013-07-16,11.5,11.7,11.0,11.1,851,EQ,,,
2013-07-17,11.8,11.8,11.1,11.4,3942,EQ,,,
2013-07-18,11.45,11.5,11.3,11.4,452,EQ,,,
2013-07-19,11.25,11.8,10.8,11.0,6852,EQ,,,
2013-07-22,10.85,11.7,10.6,11.0,3790,EQ,,,
2013-07-23,11.2,11.2,11.2,11.2,432,EQ,,,
2013-07-24,11.15,11.15,10.6,10.7,996,EQ,,,
2013-07-25,10.55,11.25,10.2,10.8,2626,EQ,,,
2013-07-26,10.5,11.8,10.05,10.3,6072,EQ,,,
2013-07-29,10.3,10.45,9.5,9.5,11075,EQ,,,
2013-07-30,9.6,9.9,9.1,9.4,2025,EQ,,,
2013-07-31,9.1,10.8,9.0,9.45,2851,EQ,,,
2013-08-01,10.85,11.0,8.8,9.2,2207,EQ,,,
2013-08-02,9.0,10.45,8.5,9.2,6014,EQ,,,
2013-08-05,9.5,9.75,8.75,9.4,3452,EQ,,,
2013-08-06,9.25,9.55,8.9,9.5,3353,EQ,,,
2013-08-07,9.75,10.65,9.55,9.7,4243,EQ,,,
2013-08-08,10.5,10.5,9.6,9.7,2695,EQ,,,
2013-08-12,9.75,10.25,9.7,10.05,2883,EQ,,,
2013-08-13,10.05,10.4,9.9,10.3,1744,EQ,,,
2013-08-14,10.0,11.0,9.9,10.5,1042,EQ,,,
2013-08-16,10.5,10.5,9.55,9.75,5055,EQ,,,
2013-08-19,9.5,10.2,9.25,9.5,5143,EQ,,,
2013-08-20,9.35,10.45,9.25,9.55,3503,EQ,,,
2013-08-21,9.5,9.5,9.0,9.1,4761,EQ,,,
2013-08-22,9.9,9.9,9.0,9.05,7697,EQ,,,
2013-08-23,9.5,9.5,8.95,9.1,3166,EQ,,,
2013-08-26,9.25,9.45,8.85,9.1,7715,EQ,,,
2013-08-27,9.45,9.45,8.9,9.2,4605,EQ,,,
2013-08-28,9.0,10.45,8.95,9.55,13302,EQ,,,
2013-08-29,9.3,9.95,9.2,9.9,3920,EQ,,,
2013-08-30,9.3,10.5,9.3,10.45,8556,EQ,,,
2013-09-02,9.45,11.05,9.45,10.1,1626,EQ,,,
2013-09-03,11.1,11.1,9.25,10.05,10682,EQ,,,
2013-09-04,10.5,10.5,9.95,10.45,2230,EQ,,,
2013-09-05,10.65,10.7,10.1,10.35,2109,EQ,,,
2013-09-06,11.25,11.95,10.35,10.45,4392,EQ,,,
2013-09-10,10.5,11.45,10.5,11.25,5198,EQ,,,
2013-09-11,11.05,11.1,10.35,10.8,6204,EQ,,,
2013-09-12,12.1,12.1,10.75,10.85,5634,EQ,,,
2013-09-13,10.9,10.9,10.5,10.8,1526,EQ,,,
2013-09-16,10.65,11.05,10.65,10.95,1989,EQ,,,
2013-09-17,10.8,11.25,10.55,10.8,2666,EQ,,,
2013-09-18,10.5,11.2,10.5,11.0,2779,EQ,,,
2013-09-19,10.8,11.2,10.5,11.0,9041,EQ,,,
2013-09-20,11.3,11.4,10.75,11.15,2707,EQ,,,
2013-09-23,11.15,11.4,10.8,10.95,3343,EQ,,,
2013-09-24,10.8,12.0,10.6,11.4,15268,EQ,,,
2013-09-25,11.2,11.95,10.6,10.8,3368,EQ,,,
2013-09-26,11.45,11.45,10.45,10.5,6360,EQ,,,
2013-09-27,10.6,10.7,10.05,10.4,922,EQ,,,
2013-09-30,10.7,10.7,9.8,10.1,779,EQ,,,
2013-10-01,10.0,10.3,9.7,10.1,2820,EQ,,,
2013-10-03,9.9,10.85,9.7,10.4,2387,EQ,,,
2013-10-04,10.15,10.4,9.95,10.1,2525,EQ,,,
2013-10-07,10.0,10.4,10.0,10.1,668,EQ,,,
2013-10-08,10.2,10.55,10.15,10.3,764,EQ,,,
2013-10-09,10.35,10.6,10.1,10.45,3291,EQ,,,
2013-10-10,10.7,10.8,10.5,10.5,3356,EQ,,,
2013-10-11,10.7,10.7,10.3,10.6,1499,EQ,,,
2013-10-14,10.3,10.85,10.25,10.6,4087,EQ,,,
2013-10-15,10.8,10.8,10.3,10.3,3093,EQ,,,
2013-10-17,11.1,11.1,10.3,10.35,2265,EQ,,,
2013-10-18,10.35,10.85,10.15,10.6,4836,EQ,,,
2013-10-21,11.35,11.35,10.15,10.3,1038,EQ,,,
2013-10-22,10.75,10.75,10.25,10.4,3639,EQ,,,
2013-10-23,11.0,11.0,10.35,10.65,4204,EQ,,,
2013-10-24,11.2,11.2,10.45,10.85,4675,EQ,,,
2013-10-25,11.0,11.0,9.7,9.9,28939,EQ,,,
2013-10-28,9.8,10.4,9.8,10.1,1927,EQ,,,
2013-10-29,9.9,10.3,9.8,9.95,1074,EQ,,,
2013-10-30,9.85,10.1,9.85,9.95,3118,EQ,,,
2013-10-31,9.85,9.95,9.55,9.75,4656,EQ,,,
2013-11-01,9.85,10.2,9.85,9.9,9275,EQ,,,
2013-11-03,10.0,10.45,9.3,10.1,1850,EQ,,,
2013-11-05,10.0,10.9,9.9,9.95,5730,EQ,,,
2013-11-06,10.3,10.4,9.9,10.05,1867,EQ,,,
2013-11-07,10.0,10.3,9.8,9.9,4844,EQ,,,
2013-11-08,9.9,10.15,9.8,9.8,2307,EQ,,,
2013-11-11,9.05,9.9,9.05,9.7,5049,EQ,,,
2013-11-12,9.7,10.2,9.6,9.75,1362,EQ,,,
2013-11-13,9.75,9.75,9.45,9.55,2352,EQ,,,
2013-11-14,9.9,9.9,9.55,9.7,3693,EQ,,,
2013-11-18,9.5,9.95,9.5,9.6,3232,EQ,,,
2013-11-19,9.55,9.8,9.55,9.75,1628,EQ,,,
2013-11-20,9.6,9.9,9.5,9.8,4616,EQ,,,
2013-11-21,9.95,10.0,9.9,9.95,555,EQ,,,
2013-11-22,9.75,9.8,9.55,9.55,2951,EQ,,,
2013-11-25,9.9,9.9,9.5,9.75,2456,EQ,,,
2013-11-26,9.8,9.95,9.55,9.9,1846,EQ,,,
2013-11-27,9.75,10.1,9.5,9.9,3646,EQ,,,
2013-11-28,10.45,10.85,9.55,10.0,3337,EQ,,,
2013-11-29,9.75,9.95,9.6,9.75,3697,EQ,,,
2013-12-02,9.75,9.95,9.6,9.9,3102,EQ,,,
2013-12-03,9.7,10.1,9.65,10.0,4572,EQ,,,
2013-12-04,9.8,10.3,9.8,10.15,1925,EQ,,,
2013-12-05,10.5,11.5,10.0,10.9,23203,EQ,,,
2013-12-06,11.0,12.7,11.0,11.9,62237,EQ,,,
2013-12-09,12.65,13.0,11.95,12.2,15579,EQ,,,
2013-12-10,12.0,12.0,10.8,11.25,8905,EQ,,,
2013-12-11,11.05,11.2,10.5,10.8,4194,EQ,,,
2013-12-12,10.7,10.9,10.4,10.55,10273,EQ,,,
2013-12-13,10.4,10.5,10.25,10.4,1973,EQ,,,
2013-12-16,10.5,10.5,10.3,10.4,2682,EQ,,,
2013-12-17,10.25,10.4,9.7,10.25,4083,EQ,,,
2013-12-18,10.15,10.4,9.95,10.3,1473,EQ,,,
2013-12-19,10.45,10.7,10.2,10.35,2745,EQ,,,
2013-12-20,10.4,10.75,10.4,10.65,4731,EQ,,,
2013-12-23,10.5,10.7,10.1,10.45,6893,EQ,,,
2013-12-24,10.7,10.7,10.4,10.7,1865,EQ,,,
2013-12-26,10.75,10.9,10.7,10.9,2489,EQ,,,
2013-12-27,11.2,12.4,10.55,10.9,12688,EQ,,,
2013-12-30,11.0,11.95,11.0,11.5,6197,EQ,,,
2013-12-31,11.6,11.85,11.3,11.4,2530,EQ,,,
2014-01-01,11.25,11.75,11.2,11.7,2648,EQ,,,
2014-01-02,11.5,11.7,11.1,11.2,3039,EQ,,,
2014-01-03,11.1,11.4,10.95,10.95,2916,EQ,,,
2014-01-06,12.2,12.2,10.9,11.0,2142,EQ,,,
2014-01-07,10.9,11.4,10.9,11.0,948,EQ,,,
2014-01-08,11.0,11.7,10.8,11.0,6648,EQ,,,
2014-01-09,11.4,11.95,10.9,11.45,4803,EQ,,,
2014-01-10,11.3,11.5,10.9,11.05,9477,EQ,,,
2014-01-13,10.95,11.0,10.7,10.7,1618,EQ,,,
2014-01-14,11.05,11.05,10.4,10.45,4646,EQ,,,
2014-01-15,10.75,10.75,10.4,10.4,4914,EQ,,,
2014-01-16,10.5,10.5,10.45,10.45,2730,EQ,,,
2014-01-17,10.4,10.8,10.1,10.55,4938,EQ,,,
2014-01-20,10.55,10.6,10.3,10.45,205,EQ,,,
2014-01-21,10.25,10.5,10.05,10.2,2756,EQ,,,
2014-01-22,10.0,10.4,9.65,9.95,9704,EQ,,,
2014-01-23,10.0,10.45,9.9,10.05,4899,EQ,,,
2014-01-24,10.0,11.45,9.65,10.25,5125,EQ,,,
2014-01-27,10.1,10.1,9.7,9.75,1488,EQ,,,
2014-01-28,9.75,10.2,9.7,9.7,348,EQ,,,
2014-01-29,9.55,10.25,9.5,9.6,1684,EQ,,,
2014-01-30,9.65,9.8,9.25,9.3,3754,EQ,,,
2014-01-31,9.35,9.95,9.1,9.4,3505,EQ,,,
2014-02-03,9.5,9.75,9.5,9.5,1965,EQ,,,
2014-02-04,9.55,9.55,8.8,9.1,7832,EQ,,,
2014-02-05,9.05,9.45,9.0,9.0,3323,EQ,,,
2014-02-06,9.9,9.9,9.0,9.2,411,EQ,,,
2014-02-07,9.2,9.4,9.05,9.1,362,EQ,,,
2014-02-10,9.45,9.5,9.2,9.2,1814,EQ,,,
2014-02-11,9.25,9.35,9.05,9.3,2042,EQ,,,
2014-02-12,8.7,9.2,8.7,8.9,1425,EQ,,,
2014-02-13,9.1,9.2,8.8,9.1,2157,EQ,,,
2014-02-14,9.05,9.2,9.0,9.15,383,EQ,,,
2014-02-17,9.05,9.15,8.8,8.95,101,EQ,,,
2014-02-18,8.9,9.25,8.8,9.1,197,EQ,,,
2014-02-19,9.0,9.0,8.9,9.0,2801,EQ,,,
2014-02-20,8.9,9.0,8.7,8.8,699,EQ,,,
2014-02-21,8.8,9.2,8.8,8.9,2935,EQ,,,
2014-02-24,8.7,8.9,8.7,8.8,3206,EQ,,,
2014-02-25,8.7,8.95,8.7,8.9,2540,EQ,,,
2014-02-26,8.8,8.9,8.55,8.8,1259,EQ,,,
2014-02-28,8.65,8.9,8.6,8.8,2635,EQ,,,
2014-03-03,8.8,8.95,8.6,8.8,2283,EQ,,,
2014-03-04,9.0,9.0,8.7,8.95,4379,EQ,,,
2014-03-05,8.85,9.05,8.85,8.9,1132,EQ,,,
2014-03-06,8.9,9.25,8.8,9.2,5992,EQ,,,
2014-03-07,9.1,9.45,8.95,9.1,2302,EQ,,,
2014-03-10,9.1,10.0,8.95,9.45,7209,EQ,,,
2014-03-11,9.25,9.5,9.2,9.2,2096,EQ,,,
2014-03-12,9.2,9.35,9.0,9.05,3707,EQ,,,
2014-03-13,9.15,9.3,9.05,9.25,5637,EQ,,,
2014-03-14,9.05,9.55,8.9,8.95,2743,EQ,,,
2014-03-18,8.85,9.3,8.85,9.25,2446,EQ,,,
2014-03-19,9.2,9.2,8.8,8.9,3654,EQ,,,
2014-03-20,9.2,10.65,9.2,10.65,42534,EQ,,,
2014-03-21,11.0,11.35,10.1,10.3,15965,EQ,,,
2014-03-22,10.2,11.95,9.8,10.2,11387,EQ,,,
2014-03-24,10.0,10.5,8.9,9.35,35644,EQ,,,
2014-03-25,9.3,9.5,8.95,9.05,8734,EQ,,,
2014-03-26,9.2,9.4,8.8,8.85,10486,EQ,,,
2014-03-27,8.9,9.2,8.8,9.0,5416,EQ,,,
2014-03-28,9.2,9.8,9.1,9.5,10408,EQ,,,
2014-03-31,9.45,9.95,9.4,9.45,3371,EQ,,,
2014-04-01,9.4,9.75,9.25,9.55,2944,EQ,,,
2014-04-02,9.6,10.0,9.6,9.75,7681,EQ,,,
2014-04-03,9.9,9.9,9.4,9.5,16480,EQ,,,
2014-04-04,9.4,9.8,9.4,9.7,7402,EQ,,,
2014-04-07,9.9,10.15,9.6,9.95,8996,EQ,,,
2014-04-09,9.9,10.6,9.6,10.4,14714,EQ,,,
2014-04-10,10.35,10.5,10.0,10.25,5270,EQ,,,
2014-04-11,10.2,10.3,10.05,10.2,1845,EQ,,,
2014-04-15,10.2,10.55,10.2,10.4,7936,EQ,,,
2014-04-16,10.4,10.45,10.2,10.25,2450,EQ,,,
2014-04-17,10.25,10.6,10.0,10.1,5703,EQ,,,
2014-04-21,10.1,10.4,10.05,10.3,6100,EQ,,,
2014-04-22,10.35,10.35,10.1,10.3,7000,EQ,,,
2014-04-23,10.3,11.8,10.0,11.55,48354,EQ,,,
2014-04-25,11.75,12.5,11.2,11.2,15832,EQ,,,
2014-04-28,11.3,11.95,11.3,11.4,6417,EQ,,,
2014-04-29,11.25,11.5,10.95,11.0,8494,EQ,,,
2014-04-30,11.95,11.95,10.7,10.8,4452,EQ,,,
2014-05-02,10.8,11.1,10.7,10.85,2215,EQ,,,
2014-05-05,11.1,11.5,10.5,11.1,3643,EQ,,,
2014-05-06,11.0,11.2,10.6,11.0,1397,EQ,,,
2014-05-07,11.0,11.0,10.5,10.6,3013,EQ,,,
2014-05-08,11.3,11.3,10.5,10.55,3403,EQ,,,
2014-05-09,10.5,10.85,10.3,10.35,3146,EQ,,,
2014-05-12,10.6,10.65,10.05,10.15,16348,EQ,,,
2014-05-13,10.2,10.4,10.2,10.2,15241,EQ,,,
2014-05-14,10.25,10.4,10.1,10.2,2915,EQ,,,
2014-05-15,10.2,10.4,10.05,10.1,6495,EQ,,,
2014-05-16,10.0,10.4,9.6,10.05,5749,EQ,,,
2014-05-19,10.05,10.4,10.05,10.3,8280,EQ,,,
2014-05-20,10.45,10.75,10.4,10.55,9065,EQ,,,
2014-05-21,10.7,11.95,10.6,11.25,13761,EQ,,,
2014-05-22,11.7,12.5,11.5,12.3,19372,EQ,,,
2014-05-23,12.65,13.25,11.65,12.55,14041,EQ,,,
2014-05-26,12.65,13.25,11.2,11.8,18320,EQ,,,
2014-05-27,11.75,12.0,11.4,11.7,7664,EQ,,,
2014-05-28,12.2,12.2,11.55,11.55,2634,EQ,,,
2014-05-29,12.5,12.5,11.5,11.65,3748,EQ,,,
2014-05-30,11.5,12.3,11.5,11.7,3800,EQ,,,
2014-06-02,11.7,12.1,11.1,11.8,12828,EQ,,,
2014-06-03,12.2,12.25,11.55,11.85,6351,EQ,,,
2014-06-04,11.75,12.4,11.7,12.0,6598,EQ,,,
2014-06-05,11.9,12.25,11.6,12.0,8478,EQ,,,
2014-06-06,12.4,12.4,11.5,11.7,10084,EQ,,,
2014-06-09,11.75,12.5,11.7,12.25,16111,EQ,,,
2014-06-10,12.05,14.7,11.95,14.7,139242,EQ,,,
2014-06-11,15.6,16.9,15.0,15.9,138689,EQ,,,
2014-06-12,16.45,16.45,14.6,14.7,25223,EQ,,,
2014-06-13,14.7,15.2,12.55,12.85,49707,EQ,,,
2014-06-16,12.9,13.4,12.65,13.2,9483,EQ,,,
2014-06-17,13.1,14.0,13.1,13.75,10968,EQ,,,
2014-06-18,13.55,13.8,12.9,13.55,21328,EQ,,,
2014-06-19,13.35,13.75,13.0,13.05,6054,EQ,,,
2014-06-20,12.95,13.3,12.8,12.8,4522,EQ,,,
2014-06-23,13.25,13.25,12.7,12.8,8082,EQ,,,
2014-06-24,13.0,13.3,12.75,13.25,9719,EQ,,,
2014-06-25,13.1,13.5,12.9,13.3,18408,EQ,,,
2014-06-26,13.2,13.55,13.0,13.05,8326,EQ,,,
2014-06-27,13.25,13.5,12.9,13.0,13558,EQ,,,
2014-06-30,13.4,13.6,13.05,13.3,8921,EQ,,,
2014-07-01,13.15,13.5,13.0,13.1,4775,EQ,,,
2014-07-02,13.4,13.5,13.15,13.3,5076,EQ,,,
2014-07-03,13.45,13.45,13.0,13.0,4747,EQ,,,
2014-07-04,13.05,13.5,13.0,13.35,6885,EQ,,,
2014-07-07,13.5,13.75,13.2,13.3,9850,EQ,,,
2014-07-08,13.3,13.3,12.6,12.7,8417,EQ,,,
2014-07-09,12.6,12.8,11.75,12.0,11469,EQ,,,
2014-07-10,11.85,13.0,11.6,12.2,6107,EQ,,,
2014-07-11,12.0,12.5,11.35,11.5,5849,EQ,,,
2014-07-14,12.4,12.4,11.4,11.95,5208,EQ,,,
2014-07-15,11.75,12.4,11.55,11.7,1360,EQ,,,
2014-07-16,11.9,12.0,11.1,11.7,6512,EQ,,,
2014-07-17,11.95,11.95,11.6,11.85,2928,EQ,,,
2014-07-18,11.8,12.1,11.5,11.85,1607,EQ,,,
2014-07-21,12.7,12.7,11.7,11.9,3973,EQ,,,
2014-07-22,11.8,12.35,11.75,11.75,1630,EQ,,,
2014-07-23,12.45,12.45,11.8,11.9,4017,EQ,,,
2014-07-24,11.75,12.2,11.75,11.8,2760,EQ,,,
2014-07-25,11.8,11.85,11.5,11.7,2400,EQ,,,
2014-07-28,11.5,11.9,11.2,11.5,371,EQ,,,
2014-07-30,11.4,11.4,10.75,11.25,597,EQ,,,
2014-07-31,11.2,11.8,11.0,11.35,1743,EQ,,,
2014-08-01,11.35,11.45,11.05,11.2,1693,EQ,,,
2014-08-04,11.0,11.7,10.75,11.3,4712,EQ,,,
2014-08-05,10.9,11.8,10.9,11.65,4726,EQ,,,
2014-08-06,12.45,12.45,11.5,12.25,7998,EQ,,,
2014-08-07,12.0,12.45,11.55,11.7,6875,EQ,,,
2014-08-08,11.8,11.8,11.25,11.4,6720,EQ,,,
2014-08-11,11.6,11.6,11.2,11.35,4751,EQ,,,
2014-08-12,11.9,11.9,11.25,11.3,845,EQ,,,
2014-08-13,11.7,11.8,11.3,11.4,4263,EQ,,,
2014-08-14,11.25,11.6,11.25,11.3,2707,EQ,,,
2014-08-18,11.45,11.5,10.95,11.15,2127,EQ,,,
2014-08-19,11.55,11.55,11.15,11.25,3407,EQ,,,
2014-08-20,11.1,13.5,11.1,13.5,106340,EQ,,,
2014-08-21,14.0,15.8,14.0,14.7,187180,EQ,,,
2014-08-22,14.7,15.25,14.0,14.4,46161,EQ,,,
2014-08-25,14.0,14.3,13.4,13.55,30468,EQ,,,
2014-08-26,13.4,15.95,13.05,14.85,119293,EQ,,,
2014-08-27,15.2,15.85,14.85,15.2,79557,EQ,,,
2014-08-28,15.3,15.5,14.55,14.6,22909,EQ,,,
2014-09-01,15.0,15.0,14.05,14.2,13632,EQ,,,
2014-09-02,14.7,15.0,14.05,14.15,16888,EQ,,,
2014-09-03,14.15,14.5,13.7,13.8,12765,EQ,,,
2014-09-04,14.8,14.8,13.2,14.5,20268,EQ,,,
2014-09-05,14.5,14.9,13.6,14.3,15892,EQ,,,
2014-09-08,14.95,15.5,14.15,15.0,27137,EQ,,,
2014-09-09,15.0,15.2,14.3,14.5,19467,EQ,,,
2014-09-10,14.5,14.85,14.2,14.4,12802,EQ,,,
2014-09-11,14.7,14.95,14.05,14.6,12284,EQ,,,
2014-09-12,15.0,16.6,14.8,15.05,36275,EQ,,,
2014-09-15,14.8,16.25,14.8,15.8,60581,EQ,,,
2014-09-16,15.3,16.3,14.0,14.4,30539,EQ,,,
2014-09-17,14.35,15.2,13.85,14.95,22530,EQ,,,
2014-09-18,14.9,15.5,14.9,15.0,16247,EQ,,,
2014-09-19,15.1,15.5,14.5,14.6,13361,EQ,,,
2014-09-22,13.75,15.05,13.75,14.5,5035,EQ,,,
2014-09-23,15.0,15.0,14.15,14.3,5512,EQ,,,
2014-09-24,14.3,15.0,13.6,14.75,10308,EQ,,,
2014-09-25,14.5,14.8,13.75,14.0,2714,EQ,,,
2014-09-26,13.8,15.65,13.25,13.7,14404,EQ,,,
2014-09-29,13.6,14.4,13.25,13.6,10317,EQ,,,
2014-09-30,13.5,13.95,13.2,13.85,2304,EQ,,,
2014-10-01,13.75,13.75,11.9,12.55,22208,EQ,,,
2014-10-07,12.5,13.0,12.4,12.6,3253,EQ,,,
2014-10-08,13.4,13.4,12.55,12.7,3638,EQ,,,
2014-10-09,13.4,14.45,12.4,13.4,8024,EQ,,,
2014-10-10,13.25,13.4,12.6,12.7,4405,EQ,,,
2014-10-13,12.55,14.0,12.55,13.3,14174,EQ,,,
2014-10-14,13.15,13.8,12.9,13.2,2545,EQ,,,
2014-10-16,13.0,14.2,12.85,13.85,16373,EQ,,,
2014-10-17,13.6,14.05,13.1,13.6,11987,EQ,,,
2014-10-20,13.65,14.2,13.3,13.3,2074,EQ,,,
2014-10-21,13.5,13.95,13.5,13.65,1220,EQ,,,
2014-10-22,13.55,13.95,13.05,13.55,6548,EQ,,,
2014-10-23,13.6,14.0,13.6,13.8,562,EQ,,,
2014-10-27,15.0,15.0,13.5,13.5,4269,EQ,,,
2014-10-28,13.5,13.65,13.1,13.2,2408,EQ,,,
2014-10-29,13.1,13.6,13.1,13.25,1976,EQ,,,
2014-10-30,13.3,13.9,12.95,13.4,10451,EQ,,,
2014-10-31,13.3,14.4,13.3,13.95,11627,EQ,,,
2014-11-03,13.75,14.25,13.4,13.9,3181,EQ,,,
2014-11-05,13.9,13.9,13.3,13.4,3985,EQ,,,
2014-11-07,13.25,13.5,13.05,13.1,2276,EQ,,,
2014-11-10,13.1,13.9,13.05,13.4,7439,EQ,,,
2014-11-11,13.25,13.4,13.0,13.25,4732,EQ,,,
2014-11-12,13.25,13.55,12.8,13.0,3633,EQ,,,
2014-11-13,13.5,13.5,12.55,13.2,5641,EQ,,,
2014-11-14,13.0,13.7,12.9,13.1,4051,EQ,,,
2014-11-17,13.7,15.5,13.5,14.9,57074,EQ,,,
2014-11-18,15.5,16.0,14.5,15.05,24408,EQ,,,
2014-11-19,15.5,15.7,14.0,14.2,10655,EQ,,,
2014-11-20,14.1,14.9,14.05,14.15,5715,EQ,,,
2014-11-21,14.5,16.5,14.5,15.7,69817,EQ,,,
2014-11-24,15.85,16.05,14.0,15.65,24198,EQ,,,
2014-11-25,15.9,15.9,14.55,15.0,19428,EQ,,,
2014-11-26,15.4,18.0,15.05,17.7,108406,EQ,,,
2014-11-27,17.55,21.2,17.55,21.2,274476,EQ,,,
2014-11-28,21.9,23.2,21.55,22.1,334961,EQ,,,
2014-12-01,22.6,22.6,21.3,21.55,62059,EQ,,,
2014-12-02,22.35,23.7,19.5,23.7,322563,EQ,,,
2014-12-03,24.3,25.3,23.05,23.5,287031,EQ,,,
2014-12-04,23.0,24.15,22.5,22.75,64580,EQ,,,
2014-12-05,23.0,24.2,22.05,22.5,79105,EQ,,,
2014-12-08,22.4,22.95,21.2,21.45,34091,EQ,,,
2014-12-09,22.2,22.2,20.1,20.45,29821,EQ,,,
2014-12-10,20.25,20.75,19.6,20.0,20309,EQ,,,
2014-12-11,20.2,21.85,19.95,21.4,46640,EQ,,,
2014-12-12,21.5,22.75,19.55,19.95,41660,EQ,,,
2014-12-15,20.0,20.1,19.0,19.7,17454,EQ,,,
2014-12-16,19.5,19.95,18.0,18.05,32256,EQ,,,
2014-12-17,18.0,18.0,16.4,17.2,31055,EQ,,,
2014-12-18,17.5,18.9,17.5,18.9,43537,EQ,,,
2014-12-19,20.2,20.8,19.7,20.6,45413,EQ,,,
2014-12-22,21.5,22.1,20.2,20.75,31607,EQ,,,
2014-12-23,20.55,20.95,19.3,19.7,18864,EQ,,,
2014-12-24,19.15,20.1,18.75,19.1,19916,EQ,,,
2014-12-26,18.95,20.6,18.95,19.05,15207,EQ,,,
2014-12-29,18.85,19.7,18.85,19.0,11849,EQ,,,
2014-12-30,18.85,19.65,18.3,18.5,14442,EQ,,,
2014-12-31,19.5,19.5,18.6,19.2,14622,EQ,,,
2015-01-01,19.1,19.6,19.1,19.4,13141,EQ,,,
2015-01-02,20.0,23.25,18.0,23.05,262459,EQ,,,
2015-01-05,23.3,26.25,22.3,24.8,366928,EQ,,,
2015-01-06,24.5,26.5,22.25,25.3,322286,EQ,,,
2015-01-07,26.5,28.25,25.55,26.3,712958,EQ,,,
2015-01-08,26.5,27.1,25.75,26.0,119620,EQ,,,
2015-01-09,26.0,26.95,23.25,24.9,80464,EQ,,,
2015-01-12,26.95,26.95,24.0,25.05,34493,EQ,,,
2015-01-13,25.4,26.4,24.05,24.4,26332,EQ,,,
2015-01-14,24.45,25.5,23.65,24.1,37814,EQ,,,
2015-01-15,24.35,24.8,23.5,23.7,24105,EQ,,,
2015-01-16,23.7,23.9,22.8,23.15,30753,EQ,,,
2015-01-19,23.0,24.8,23.0,24.65,43668,EQ,,,
2015-01-20,25.5,25.5,24.55,24.85,43447,EQ,,,
2015-01-21,25.45,25.9,24.05,24.15,10051,EQ,,,
2015-01-22,25.3,25.3,24.0,24.05,10852,EQ,,,
2015-01-23,24.95,25.0,23.15,23.4,19920,EQ,,,
2015-01-27,23.25,24.25,22.7,23.15,13492,EQ,,,
2015-01-28,23.05,23.75,22.3,22.5,12841,EQ,,,
2015-01-29,22.4,23.0,22.4,22.55,19961,EQ,,,
2015-01-30,23.0,23.0,21.1,21.6,15950,EQ,,,
2015-02-02,21.5,22.35,20.9,22.1,12017,EQ,,,
2015-02-03,22.0,23.0,21.7,22.05,7558,EQ,,,
2015-02-04,22.05,22.9,21.45,21.9,7050,EQ,,,
2015-02-05,21.65,22.75,21.0,21.2,27042,EQ,,,
2015-02-06,21.1,22.0,20.65,21.3,11733,EQ,,,
2015-02-09,21.1,21.25,20.0,20.9,12943,EQ,,,
2015-02-10,21.0,21.4,20.25,20.75,6309,EQ,,,
2015-02-11,21.0,21.45,20.25,20.7,11976,EQ,,,
2015-02-12,21.0,21.45,20.05,20.8,9391,EQ,,,
2015-02-13,19.5,19.5,17.9,18.5,100368,EQ,,,
2015-02-16,18.25,18.9,17.75,17.9,22772,EQ,,,
2015-02-18,17.85,18.45,17.5,17.5,23302,EQ,,,
2015-02-19,17.55,19.2,17.55,18.7,17790,EQ,,,
2015-02-20,18.6,18.8,18.05,18.4,13490,EQ,,,
2015-02-23,18.2,18.9,18.2,18.4,7580,EQ,,,
2015-02-24,18.25,19.6,17.5,17.85,10867,EQ,,,
2015-02-25,17.75,18.25,17.2,17.4,15907,EQ,,,
2015-02-26,17.75,19.0,17.6,17.85,5413,EQ,,,
2015-02-27,17.75,18.0,17.5,17.55,4790,EQ,,,
2015-02-28,17.75,18.55,17.25,17.5,7967,EQ,,,
2015-03-02,17.3,18.0,17.0,17.3,12308,EQ,,,
2015-03-03,17.05,18.0,17.0,17.1,12151,EQ,,,
2015-03-04,17.0,18.1,16.9,17.8,10966,EQ,,,
2015-03-05,19.05,19.05,17.0,17.45,8544,EQ,,,
2015-03-09,17.95,18.45,17.3,18.2,11843,EQ,,,
2015-03-10,18.2,18.7,18.0,18.2,11646,EQ,,,
2015-03-11,18.0,18.4,17.5,17.55,13772,EQ,,,
2015-03-12,17.75,18.25,17.2,17.8,5165,EQ,,,
2015-03-13,19.3,19.4,17.4,17.5,10040,EQ,,,
2015-03-16,17.4,17.4,16.55,16.85,10823,EQ,,,
2015-03-17,17.0,17.75,16.95,16.95,8124,EQ,,,
2015-03-18,17.5,17.5,16.55,17.0,6427,EQ,,,
2015-03-19,16.6,17.1,16.6,16.7,9363,EQ,,,
2015-03-20,16.5,16.95,15.6,16.0,6257,EQ,,,
2015-03-23,15.9,16.1,14.7,15.05,8731,EQ,,,
2015-03-24,14.9,15.0,14.5,14.6,9756,EQ,,,
2015-03-25,14.5,15.35,13.35,13.5,28225,EQ,,,
2015-03-26,13.9,13.9,13.25,13.4,7062,EQ,,,
2015-03-27,13.9,13.9,12.65,13.6,7701,EQ,,,
2015-03-30,13.5,15.65,13.1,14.0,16052,EQ,,,
2015-03-31,13.9,14.4,13.55,13.6,12087,EQ,,,
2015-04-01,13.85,14.65,13.6,14.4,10060,EQ,,,
2015-04-06,14.55,17.3,14.0,17.3,44969,EQ,,,
2015-04-07,19.0,20.3,18.9,19.25,88581,EQ,,,
2015-04-08,19.05,19.7,18.3,18.6,18377,EQ,,,
2015-04-09,18.6,18.6,18.0,18.3,11338,EQ,,,
2015-04-10,19.0,19.95,18.05,18.7,9720,EQ,,,
2015-04-13,18.25,19.1,18.05,18.5,7991,EQ,,,
2015-04-15,18.5,18.5,17.3,17.5,34590,EQ,,,
2015-04-16,17.0,17.4,16.85,17.0,5397,EQ,,,
2015-04-17,16.75,16.75,15.5,15.65,23702,EQ,,,
2015-04-20,16.0,16.45,15.1,15.2,9098,EQ,,,
2015-04-21,15.0,16.15,15.0,15.3,7515,EQ,,,
2015-04-22,15.3,16.8,15.3,16.6,9234,EQ,,,
2015-04-23,16.25,17.0,15.55,16.55,13768,EQ,,,
2015-04-24,16.5,17.5,15.6,16.5,7319,EQ,,,
2015-04-27,16.25,16.5,15.3,15.5,10052,EQ,,,
2015-04-28,15.25,15.25,14.4,15.1,9633,EQ,,,
2015-04-29,14.85,15.45,14.5,14.9,1569,EQ,,,
2015-04-30,15.1,15.1,15.05,15.1,1760,EQ,,,
2015-05-04,14.8,15.5,13.9,14.9,17692,EQ,,,
2015-05-05,15.3,17.9,15.0,17.9,267845,EQ,,,
2015-05-06,18.45,19.0,15.55,15.8,181026,EQ,,,
2015-05-07,16.2,16.25,14.55,15.15,23348,EQ,,,
2015-05-08,15.9,16.6,15.1,16.1,30068,EQ,,,
2015-05-11,16.0,16.5,15.5,15.85,8584,EQ,,,
2015-05-12,15.5,15.65,15.05,15.1,9318,EQ,,,
2015-05-13,15.2,15.5,15.1,15.3,10079,EQ,,,
2015-05-14,15.3,15.7,15.1,15.5,4814,EQ,,,
2015-05-15,15.5,15.9,15.3,15.4,5894,EQ,,,
2015-05-18,15.3,16.0,15.1,15.25,5436,EQ,,,
2015-05-19,15.2,15.65,15.15,15.3,7507,EQ,,,
2015-05-20,15.2,15.75,15.2,15.3,4454,EQ,,,
2015-05-21,15.35,15.4,15.05,15.1,6159,EQ,,,
2015-05-22,15.1,16.5,15.1,15.3,10034,EQ,,,
2015-05-25,15.7,15.7,15.3,15.4,4546,EQ,,,
2015-05-26,15.3,15.4,15.05,15.1,6883,EQ,,,
2015-05-27,15.0,15.25,15.0,15.1,7245,EQ,,,
2015-05-28,15.0,15.25,14.8,15.05,10937,EQ,,,
2015-05-29,15.25,15.25,14.1,14.4,21605,EQ,,,
2015-06-01,14.4,14.9,14.25,14.5,9003,EQ,,,
2015-06-02,14.9,14.9,14.1,14.35,9220,EQ,,,
2015-06-03,14.8,14.8,13.3,13.5,14521,EQ,,,
2015-06-04,13.7,14.2,13.4,13.85,4875,EQ,,,
2015-06-05,14.0,14.0,13.5,13.65,2488,EQ,,,
2015-06-08,13.2,13.85,13.2,13.4,4054,EQ,,,
2015-06-09,13.5,14.8,13.4,13.7,3762,EQ,,,
2015-06-10,13.1,14.0,13.1,13.5,2775,EQ,,,
2015-06-11,14.0,14.0,13.0,13.1,13530,EQ,,,
2015-06-12,12.75,13.75,12.75,12.9,5603,EQ,,,
2015-06-15,12.55,13.4,12.55,13.0,3685,EQ,,,
2015-06-16,12.9,13.55,12.9,13.4,2110,EQ,,,
2015-06-17,13.95,15.0,13.75,14.45,22428,EQ,,,
2015-06-18,14.75,15.25,14.25,14.4,8641,EQ,,,
2015-06-19,14.4,14.7,13.7,14.2,13332,EQ,,,
2015-06-22,14.5,14.6,13.9,14.3,14181,EQ,,,
2015-06-23,14.6,14.6,13.95,14.35,6768,EQ,,,
2015-06-24,14.6,16.45,14.2,14.5,2317,EQ,,,
2015-06-25,14.25,14.5,14.1,14.3,1336,EQ,,,
2015-06-26,14.5,14.5,13.7,13.85,1757,EQ,,,
2015-06-29,14.25,14.25,13.3,13.8,2159,EQ,,,
2015-06-30,14.2,14.2,13.5,13.9,1142,EQ,,,
2015-07-01,14.2,14.2,13.85,13.9,1020,EQ,,,
2015-07-02,13.9,14.75,13.8,14.7,15145,EQ,,,
2015-07-03,15.0,15.25,14.7,15.05,10822,EQ,,,
2015-07-06,15.4,15.4,14.5,15.1,4753,EQ,,,
2015-07-07,15.7,16.4,15.2,15.65,25811,EQ,,,
2015-07-08,16.15,16.15,15.05,15.5,19099,EQ,,,
2015-07-09,15.5,17.4,15.2,16.95,37488,EQ,,,
2015-07-10,17.5,18.1,16.5,17.8,27485,EQ,,,
2015-07-13,19.0,19.05,17.45,18.75,48645,EQ,,,
2015-07-14,18.6,19.45,18.5,18.9,17892,EQ,,,
2015-07-15,18.75,19.2,18.3,18.4,23932,EQ,,,
2015-07-16,18.25,19.15,17.9,18.85,27713,EQ,,,
2015-07-17,18.75,19.2,18.35,18.55,12238,EQ,,,
2015-07-20,18.5,18.65,17.85,18.0,17278,EQ,,,
2015-07-21,18.0,18.15,16.8,16.9,8563,EQ,,,
2015-07-22,16.75,17.4,16.3,17.05,6039,EQ,,,
2015-07-23,17.25,17.4,16.4,16.9,4109,EQ,,,
2015-07-24,16.5,17.15,16.3,16.7,9279,EQ,,,
2015-07-27,16.75,17.25,16.2,16.3,7505,EQ,,,
2015-07-28,16.15,17.0,16.15,16.75,7648,EQ,,,
2015-07-29,16.6,20.1,16.5,20.1,80591,EQ,,,
2015-07-30,20.35,20.95,19.0,20.15,84812,EQ,,,
2015-07-31,20.75,23.05,20.75,22.3,129595,EQ,,,
2015-08-03,22.8,23.4,21.5,21.9,30205,EQ,,,
2015-08-04,22.2,22.2,20.6,21.1,14690,EQ,,,
2015-08-05,21.1,21.5,20.6,20.9,15781,EQ,,,
2015-08-06,20.75,22.0,20.25,20.75,12303,EQ,,,
2015-08-07,20.5,21.4,19.55,20.7,10581,EQ,,,
2015-08-10,20.5,21.2,19.6,20.7,10361,EQ,,,
2015-08-11,20.5,20.75,19.6,19.9,12859,EQ,,,
2015-08-12,19.75,20.25,18.5,19.0,6982,EQ,,,
2015-08-13,19.0,20.25,18.5,18.8,9460,EQ,,,
2015-08-14,18.9,19.25,18.1,18.8,6441,EQ,,,
2015-08-17,18.55,18.55,16.0,17.2,35623,EQ,,,
2015-08-18,18.2,20.2,17.05,18.8,34608,EQ,,,
2015-08-19,18.6,20.7,18.3,20.35,46156,EQ,,,
2015-08-20,19.9,20.5,18.25,18.6,10087,EQ,,,
2015-08-21,18.75,19.7,17.9,18.55,11369,EQ,,,
2015-08-24,18.0,18.25,15.5,16.1,60969,EQ,,,
2015-08-25,16.3,17.5,15.25,16.55,16020,EQ,,,
2015-08-26,17.25,17.25,16.25,16.85,4312,EQ,,,
2015-08-27,17.0,18.85,17.0,18.2,6803,EQ,,,
2015-08-28,19.4,19.4,16.8,17.9,6830,EQ,,,
2015-08-31,17.9,17.9,16.9,17.0,2512,EQ,,,
2015-09-01,17.4,17.4,16.05,16.3,9129,EQ,,,
2015-09-02,16.05,17.25,16.05,16.7,3407,EQ,,,
2015-09-03,16.5,17.4,16.25,16.8,12227,EQ,,,
2015-09-04,16.75,17.0,15.7,16.2,15763,EQ,,,
2015-09-07,16.0,16.1,15.1,15.4,10823,EQ,,,
2015-09-08,15.25,16.5,15.05,16.2,3429,EQ,,,
2015-09-09,16.05,16.8,15.9,16.0,8313,EQ,,,
2015-09-10,16.65,16.65,15.0,15.9,5029,EQ,,,
2015-09-11,16.0,16.3,15.8,15.85,1305,EQ,,,
2015-09-14,15.7,16.75,15.7,16.1,4098,EQ,,,
2015-09-15,16.2,16.55,16.05,16.2,1830,EQ,,,
2015-09-16,16.0,17.4,15.75,16.9,8648,EQ,,,
2015-09-18,17.3,18.45,17.0,17.1,2257,EQ,,,
2015-09-21,16.9,16.9,16.25,16.6,2240,EQ,,,
2015-09-22,17.1,17.2,16.05,16.45,5326,EQ,,,
2015-09-23,16.25,16.7,15.7,16.5,4758,EQ,,,
2015-09-24,16.4,17.75,16.05,17.45,11278,EQ,,,
2015-09-28,17.5,18.0,17.0,17.05,21728,EQ,,,
2015-09-29,17.0,17.4,16.75,17.4,425,EQ,,,
2015-09-30,17.25,17.7,16.75,17.2,5344,EQ,,,
2015-10-01,17.0,17.7,17.0,17.35,2868,EQ,,,
2015-10-05,18.0,18.45,17.05,18.0,2707,EQ,,,
2015-10-06,18.0,18.0,17.3,17.55,5959,EQ,,,
2015-10-07,17.5,18.05,16.55,17.2,46241,EQ,,,
2015-10-08,17.2,17.3,15.8,16.05,66648,EQ,,,
2015-10-09,16.25,17.2,15.8,16.1,46059,EQ,,,
2015-10-12,16.0,16.5,15.95,16.0,23143,EQ,,,
2015-10-13,16.0,16.4,16.0,16.0,9114,EQ,,,
2015-10-14,16.35,16.4,15.95,16.2,20057,EQ,,,
2015-10-15,16.4,16.5,15.9,16.0,12040,EQ,,,
2015-10-16,16.25,16.3,15.6,15.85,22267,EQ,,,
2015-10-19,15.7,19.0,15.7,19.0,167006,EQ,,,
2015-10-20,19.5,22.8,19.45,22.8,606592,EQ,,,
2015-10-21,24.0,25.05,23.3,25.05,115992,EQ,,,
2015-10-23,27.35,27.6,22.55,22.55,524447,EQ,,,
2015-10-26,22.55,22.55,20.75,21.05,94829,EQ,,,
2015-10-27,22.2,22.2,20.0,21.0,31735,EQ,,,
2015-10-28,21.25,21.75,20.1,20.4,24729,EQ,,,
2015-10-29,20.5,20.95,19.5,20.0,35694,EQ,,,
2015-10-30,20.0,21.0,19.5,21.0,50202,EQ,,,
2015-11-02,21.3,21.7,19.95,20.0,23514,EQ,,,
2015-11-03,20.1,20.2,19.1,19.3,13436,EQ,,,
2015-11-04,19.4,19.7,18.65,18.9,16614,EQ,,,
2015-11-05,18.55,19.2,18.3,18.7,6176,EQ,,,
2015-11-06,19.45,19.45,18.05,18.45,10991,EQ,,,
2015-11-09,18.95,19.35,18.5,19.15,13360,EQ,,,
2015-11-10,19.9,19.9,18.95,19.5,6752,EQ,,,
2015-11-11,19.75,20.15,19.35,19.85,6314,EQ,,,
2015-11-13,19.1,19.6,18.9,18.9,6797,EQ,,,
2015-11-16,18.25,19.4,18.25,18.95,5075,EQ,,,
2015-11-17,18.75,19.2,18.5,18.65,3837,EQ,,,
2015-11-18,18.25,19.3,18.25,18.8,5125,EQ,,,
2015-11-19,18.5,19.15,18.05,19.0,14266,EQ,,,
2015-11-20,18.9,19.5,18.75,19.25,6583,EQ,,,
2015-11-23,19.0,20.2,19.0,20.2,14134,EQ,,,
2015-11-24,21.2,21.2,20.9,21.2,10367,EQ,,,
2015-11-26,22.25,22.25,20.15,20.25,25212,EQ,,,
2015-11-27,20.9,20.9,20.2,20.6,5710,EQ,,,
2015-11-30,19.7,21.0,19.7,20.9,13390,EQ,,,
2015-12-01,20.95,21.4,20.5,20.85,15814,EQ,,,
2015-12-02,21.5,21.9,21.5,21.9,23289,EQ,,,
2015-12-03,22.7,22.95,22.5,22.95,15387,EQ,,,
2015-12-04,24.0,24.75,21.75,23.3,54615,EQ,,,
2015-12-07,22.55,23.65,21.0,21.5,27295,EQ,,,
2015-12-08,23.0,23.65,20.15,22.0,39864,EQ,,,
2015-12-09,21.5,22.75,20.5,21.0,16509,EQ,,,
2015-12-10,22.0,22.0,20.85,21.05,8172,EQ,,,
2015-12-11,20.9,22.25,20.9,20.9,12242,EQ,,,
2015-12-14,20.75,22.05,20.6,21.55,16862,EQ,,,
2015-12-15,21.25,22.75,21.25,22.3,32125,EQ,,,
2015-12-16,22.5,22.9,22.25,22.35,9319,EQ,,,
2015-12-17,22.85,22.9,21.05,22.2,8132,EQ,,,
2015-12-18,22.25,23.0,22.25,22.5,9121,EQ,,,
2015-12-21,22.25,24.4,22.1,23.9,41297,EQ,,,
2015-12-22,24.25,24.25,23.55,23.8,12378,EQ,,,
2015-12-23,24.25,24.25,22.8,23.4,26385,EQ,,,
2015-12-24,23.9,23.9,22.6,23.0,17273,EQ,,,
2015-12-28,22.8,23.5,22.6,22.8,7956,EQ,,,
2015-12-29,22.6,23.5,22.6,23.4,11995,EQ,,,
2015-12-30,22.45,23.35,21.5,22.2,28077,EQ,,,
2015-12-31,21.55,22.95,21.55,22.65,5021,EQ,,,
2016-01-01,22.5,23.4,22.5,23.05,20558,EQ,,,
2016-01-04,23.2,27.7,22.8,27.4,399790,EQ,,,
2016-01-05,28.45,29.2,26.1,27.4,369926,EQ,,,
2016-01-06,28.1,30.6,26.7,27.3,262049,EQ,,,
2016-01-07,26.5,27.4,24.5,25.5,71530,EQ,,,
2016-01-08,26.0,26.7,25.3,26.0,24344,EQ,,,
2016-01-11,24.1,26.5,24.1,25.9,25142,EQ,,,
2016-01-12,26.4,26.95,23.25,24.2,36987,EQ,,,
2016-01-13,24.9,25.2,21.75,22.75,53675,EQ,,,
2016-01-14,22.0,24.0,21.4,23.05,26206,EQ,,,
2016-01-15,23.05,23.05,21.15,21.3,29283,EQ,,,
2016-01-18,20.45,21.5,19.2,19.8,23069,EQ,,,
2016-01-19,19.5,22.4,19.05,22.05,28555,EQ,,,
2016-01-20,21.6,21.95,20.5,20.55,14683,EQ,,,
2016-01-21,20.5,21.4,20.4,20.55,8121,EQ,,,
2016-01-22,20.65,21.5,20.55,20.75,11698,EQ,,,
2016-01-25,20.5,21.5,20.5,21.0,6012,EQ,,,
2016-01-27,20.95,21.5,20.85,21.1,3490,EQ,,,
2016-01-28,20.95,21.5,20.6,21.25,5885,EQ,,,
2016-01-29,21.0,21.25,20.2,20.6,12298,EQ,,,
2016-02-01,21.3,21.5,20.85,21.35,5856,EQ,,,
2016-02-02,21.0,21.7,20.5,20.75,3913,EQ,,,
2016-02-03,20.05,22.45,20.05,20.5,4981,EQ,,,
2016-02-04,20.5,21.7,20.5,20.85,5080,EQ,,,
2016-02-05,20.6,21.9,20.2,21.1,9536,EQ,,,
2016-02-08,20.9,21.75,20.75,20.8,5576,EQ,,,
2016-02-09,20.5,20.65,19.7,20.0,8124,EQ,,,
2016-02-10,20.05,20.2,19.25,19.4,7136,EQ,,,
2016-02-11,19.1,21.1,17.4,17.5,15707,EQ,,,
2016-02-12,17.9,18.65,16.75,17.0,5114,EQ,,,
2016-02-15,20.25,20.25,17.5,19.05,11609,EQ,,,
2016-02-16,19.2,19.45,17.9,17.95,5370,EQ,,,
2016-02-17,17.25,18.4,16.5,17.4,5619,EQ,,,
2016-02-18,17.9,18.1,17.4,17.5,5423,EQ,,,
2016-02-19,17.1,18.2,16.8,17.95,10214,EQ,,,
2016-02-22,17.95,18.35,17.5,18.1,1678,EQ,,,
2016-02-23,18.1,18.1,17.5,17.75,3770,EQ,,,
2016-02-24,17.5,17.7,16.9,17.1,2186,EQ,,,
2016-02-25,16.65,17.05,16.25,16.5,8116,EQ,,,
2016-02-26,16.1,17.5,16.1,16.9,4414,EQ,,,
2016-02-29,16.5,17.15,15.55,16.55,3050,EQ,,,
2016-03-01,16.25,19.4,16.25,17.9,8620,EQ,,,
2016-03-02,18.5,19.45,18.5,19.0,7534,EQ,,,
2016-03-03,19.0,19.0,18.25,18.55,6860,EQ,,,
2016-03-04,18.1,19.3,17.7,18.55,4357,EQ,,,
2016-03-08,18.55,18.9,18.3,18.6,3321,EQ,,,
2016-03-09,18.5,19.9,18.25,19.5,10825,EQ,,,
2016-03-10,19.5,21.05,19.05,20.35,23424,EQ,,,
2016-03-11,20.9,21.0,19.9,20.0,10732,EQ,,,
2016-03-14,19.6,20.0,19.0,19.2,6526,EQ,,,
2016-03-15,18.8,19.75,18.75,18.95,4726,EQ,,,
2016-03-16,19.35,19.35,18.3,18.8,1795,EQ,,,
2016-03-17,18.75,19.0,18.35,18.4,3374,EQ,,,
2016-03-18,18.1,18.8,18.0,18.5,1656,EQ,,,
2016-03-21,18.75,18.8,18.25,18.3,43248,EQ,,,
2016-03-22,18.5,18.85,18.2,18.35,5715,EQ,,,
2016-03-23,18.25,19.5,18.25,18.25,23510,EQ,,,
2016-03-28,18.45,18.45,17.5,17.6,1986,EQ,,,
2016-03-29,17.3,18.35,17.25,17.3,7412,EQ,,,
2016-03-30,17.55,18.0,17.5,17.8,2506,EQ,,,
2016-03-31,17.5,18.35,17.15,17.55,2619,EQ,,,
2016-04-01,18.2,19.25,17.8,18.3,3341,EQ,,,
2016-04-04,18.9,18.9,17.85,18.1,1524,EQ,,,
2016-04-05,18.0,18.5,18.0,18.05,1723,EQ,,,
2016-04-06,17.75,18.35,17.0,18.25,2575,EQ,,,
2016-04-07,17.6,18.4,17.5,18.25,4128,EQ,,,
2016-04-08,18.7,18.7,18.15,18.2,1857,EQ,,,
2016-04-11,18.25,18.75,18.1,18.25,4291,EQ,,,
2016-04-12,18.45,18.7,18.0,18.25,886,EQ,,,
2016-04-13,18.05,19.1,18.05,18.75,5750,EQ,,,
2016-04-18,18.5,19.05,18.1,18.55,4188,EQ,,,
2016-04-20,18.55,19.0,18.15,18.85,8145,EQ,,,
2016-04-21,18.5,18.75,18.5,18.6,606,EQ,,,
2016-04-22,19.1,19.25,18.7,18.7,1764,EQ,,,
2016-04-25,18.75,18.75,18.5,18.55,1550,EQ,,,
2016-04-26,18.9,19.0,18.6,18.85,695,EQ,,,
2016-04-27,19.95,19.95,18.2,18.5,948,EQ,,,
2016-04-28,18.55,19.4,18.5,18.9,4880,EQ,,,
2016-04-29,18.5,19.0,18.5,18.8,4098,EQ,,,
2016-05-02,18.65,19.2,18.5,18.55,3187,EQ,,,
2016-05-03,18.4,18.85,18.4,18.5,2302,EQ,,,
2016-05-04,18.35,18.8,18.1,18.7,1847,EQ,,,
2016-05-05,18.35,18.55,18.25,18.3,1728,EQ,,,
2016-05-06,18.9,18.9,18.25,18.4,1226,EQ,,,
2016-05-09,18.05,18.35,18.0,18.3,2597,EQ,,,
2016-05-10,18.9,18.9,18.15,18.2,880,EQ,,,
2016-05-11,18.1,18.5,18.1,18.1,559,EQ,,,
2016-05-12,18.4,18.5,18.1,18.2,4398,EQ,,,
2016-05-13,18.2,18.5,18.1,18.25,3851,EQ,,,
2016-05-16,18.25,18.5,17.55,18.45,1787,EQ,,,
2016-05-17,18.25,18.9,18.25,18.4,466,EQ,,,
2016-05-18,18.25,18.65,18.25,18.5,405,EQ,,,
2016-05-19,18.35,18.9,18.1,18.55,24149,EQ,,,
2016-05-20,18.8,19.7,18.65,19.2,17208,EQ,,,
2016-05-23,19.9,19.9,18.35,18.55,7116,EQ,,,
2016-05-24,19.2,19.2,18.15,18.5,1275,EQ,,,
2016-05-25,18.25,18.5,17.9,18.2,4393,EQ,,,
2016-05-26,18.0,18.3,17.95,18.0,1091,EQ,,,
2016-05-27,18.95,18.95,18.1,18.25,2071,EQ,,,
2016-05-30,18.5,18.5,18.05,18.05,4028,EQ,,,
2016-05-31,18.0,18.0,17.1,17.2,11861,EQ,,,
2016-06-01,16.95,17.45,16.55,17.0,15343,EQ,,,
2016-06-02,17.2,17.2,16.4,16.75,17513,EQ,,,
2016-06-03,17.0,17.0,16.75,16.8,4483,EQ,,,
2016-06-06,16.6,18.5,16.6,18.2,9144,EQ,,,
2016-06-07,18.2,18.2,17.2,17.5,4971,EQ,,,
2016-06-08,17.5,18.4,17.25,17.5,11399,EQ,,,
2016-06-09,17.25,18.1,17.05,17.35,8932,EQ,,,
2016-06-10,17.25,17.7,17.25,17.55,2846,EQ,,,
2016-06-13,17.1,18.15,17.1,17.5,1326,EQ,,,
2016-06-14,17.25,17.5,16.9,17.0,9019,EQ,,,
2016-06-15,17.65,17.65,16.5,16.7,10395,EQ,,,
2016-06-16,16.85,17.0,16.25,16.7,1742,EQ,,,
2016-06-17,17.0,17.0,16.5,16.6,1717,EQ,,,
2016-06-20,16.6,17.0,16.25,16.5,10335,EQ,,,
2016-06-21,16.85,16.9,16.5,16.5,6657,EQ,,,
2016-06-22,16.5,17.0,16.5,16.6,9376,EQ,,,
2016-06-23,16.6,17.2,16.6,16.7,875,EQ,,,
2016-06-24,16.25,16.4,15.3,16.1,10872,EQ,,,
2016-06-27,16.75,17.25,16.75,17.15,2131,EQ,,,
2016-06-28,17.2,17.5,17.2,17.2,6241,EQ,,,
2016-06-29,17.0,17.4,17.0,17.1,1626,EQ,,,
2016-06-30,17.5,17.5,17.05,17.1,3596,EQ,,,
2016-07-01,17.15,17.5,17.05,17.2,4217,EQ,,,
2016-07-04,17.4,17.75,17.25,17.5,9198,EQ,,,
2016-07-05,17.3,17.45,17.0,17.3,16577,EQ,,,
2016-07-07,17.0,17.9,16.7,17.75,9763,EQ,,,
2016-07-08,17.75,17.75,17.15,17.7,6590,EQ,,,
2016-07-11,17.5,17.75,17.1,17.7,5579,EQ,,,
2016-07-12,17.75,17.9,17.3,17.5,6134,EQ,,,
2016-07-13,17.5,17.7,17.25,17.5,2830,EQ,,,
2016-07-14,17.9,18.0,17.55,18.0,7428,EQ,,,
2016-07-15,18.5,18.5,17.55,17.7,6372,EQ,,,
2016-07-18,16.65,17.95,16.65,17.2,11077,EQ,,,
2016-07-19,17.2,17.4,16.75,16.9,2592,EQ,,,
2016-07-20,17.25,17.5,16.9,17.25,2627,EQ,,,
2016-07-21,17.5,18.15,17.5,17.8,9460,EQ,,,
2016-07-22,17.7,18.1,17.7,17.9,4255,EQ,,,
2016-07-25,17.75,18.25,17.75,17.9,1226,EQ,,,
2016-07-26,17.7,18.5,17.6,18.15,1463,EQ,,,
2016-07-27,18.0,18.0,17.7,17.7,1288,EQ,,,
2016-07-28,17.5,18.0,17.2,17.5,2457,EQ,,,
2016-07-29,17.5,17.75,17.5,17.55,3837,EQ,,,
2016-08-01,18.25,18.5,18.05,18.25,4999,EQ,,,
2016-08-02,18.45,18.45,17.75,17.8,2204,EQ,,,
2016-08-03,17.5,17.65,17.3,17.4,5761,EQ,,,
2016-08-04,17.55,17.75,17.15,17.2,3213,EQ,,,
2016-08-05,16.8,17.7,16.75,17.05,6159,EQ,,,
2016-08-08,16.9,17.4,16.9,17.2,3627,EQ,,,
2016-08-09,17.6,17.6,17.0,17.05,4381,EQ,,,
2016-08-10,17.4,17.9,16.55,16.9,5046,EQ,,,
2016-08-11,17.0,18.2,16.9,17.5,4579,EQ,,,
2016-08-12,17.95,17.95,17.05,17.55,1671,EQ,,,
2016-08-16,18.5,18.5,16.65,17.0,4593,EQ,,,
2016-08-17,17.0,17.0,15.8,16.3,12049,EQ,,,
2016-08-18,16.5,16.75,16.2,16.35,8946,EQ,,,
2016-08-19,16.5,16.75,15.8,16.3,8832,EQ,,,
2016-08-22,16.95,17.45,16.5,16.8,8753,EQ,,,
2016-08-23,17.45,17.45,16.25,16.4,4886,EQ,,,
2016-08-24,16.3,16.7,16.3,16.6,4283,EQ,,,
2016-08-25,17.0,17.0,16.5,16.65,2820,EQ,,,
2016-08-26,16.95,16.95,16.25,16.5,2032,EQ,,,
2016-08-29,16.9,16.9,16.0,16.25,6146,EQ,,,
2016-08-30,16.5,16.6,16.2,16.5,3526,EQ,,,
2016-08-31,16.3,17.4,16.25,16.55,9653,EQ,,,
2016-09-01,17.2,17.2,16.5,16.55,5183,EQ,,,
2016-09-02,16.5,17.25,16.35,16.5,3622,EQ,,,
2016-09-06,18.15,18.15,16.5,16.6,6667,EQ,,,
2016-09-07,17.25,17.25,16.45,16.5,7653,EQ,,,
2016-09-08,16.45,16.9,16.35,16.65,21577,EQ,,,
2016-09-09,16.5,16.7,16.4,16.6,8670,EQ,,,
2016-09-12,16.45,17.0,16.3,16.55,6333,EQ,,,
2016-09-14,16.6,16.9,16.4,16.5,6205,EQ,,,
2016-09-15,16.45,16.9,16.4,16.4,503,EQ,,,
2016-09-16,16.4,17.4,16.4,17.05,19464,EQ,,,
2016-09-19,17.5,17.55,16.65,17.1,6465,EQ,,,
2016-09-20,17.0,17.3,16.8,17.2,1113,EQ,,,
2016-09-21,16.75,17.7,16.75,16.8,2615,EQ,,,
2016-09-22,17.0,17.3,16.6,16.75,2453,EQ,,,
2016-09-23,16.7,17.2,16.7,16.85,4275,EQ,,,
2016-09-26,16.7,20.2,16.5,20.2,172512,EQ,,,
2016-09-27,21.55,24.2,21.5,24.15,907955,EQ,,,
2016-09-28,24.65,24.85,21.75,21.75,257299,EQ,,,
2016-09-29,21.4,21.4,19.55,20.5,189275,EQ,,,
2016-09-30,20.75,20.75,18.85,20.3,54208,EQ,,,
2016-10-03,20.05,22.3,20.05,22.2,59662,EQ,,,
2016-10-04,24.4,24.4,23.1,24.4,265121,EQ,,,
2016-10-05,24.5,25.4,22.6,23.1,77597,EQ,,,
2016-10-06,23.5,23.5,22.55,22.65,23218,EQ,,,
2016-10-07,23.4,23.4,22.05,22.05,14809,EQ,,,
2016-10-10,22.2,22.7,21.55,21.7,9249,EQ,,,
2016-10-13,21.75,22.5,21.15,21.5,15422,EQ,,,
2016-10-14,21.05,22.5,21.05,21.9,18713,EQ,,,
2016-10-17,21.25,24.05,21.25,24.05,149033,EQ,,,
2016-10-18,24.5,24.95,23.2,23.3,50307,EQ,,,
2016-10-19,22.55,23.5,22.55,23.0,10510,EQ,,,
2016-10-20,23.0,23.9,22.75,23.0,13256,EQ,,,
2016-10-21,23.0,24.0,23.0,23.3,12165,EQ,,,
2016-10-24,23.0,23.7,22.95,23.5,9609,EQ,,,
2016-10-25,23.15,24.0,23.0,23.5,11261,EQ,,,
2016-10-26,23.25,24.0,22.6,22.8,14753,EQ,,,
2016-10-27,22.8,23.2,22.55,22.95,6253,EQ,,,
2016-10-28,22.95,24.45,22.6,23.95,24904,EQ,,,
2016-10-30,24.0,24.75,22.95,23.3,17271,EQ,,,
2016-11-01,23.25,23.5,22.95,23.25,10418,EQ,,,
2016-11-02,22.95,23.3,22.95,23.0,2863,EQ,,,
2016-11-03,23.0,23.4,23.0,23.05,5396,EQ,,,
2016-11-04,22.75,22.8,21.25,21.7,11691,EQ,,,
2016-11-07,22.6,24.25,21.7,22.3,3810,EQ,,,
2016-11-08,22.3,23.0,21.55,21.8,12126,EQ,,,
2016-11-09,21.5,21.5,19.55,21.2,12327,EQ,,,
2016-11-10,21.35,22.5,21.35,21.8,3363,EQ,,,
2016-11-11,21.75,21.75,20.1,20.6,3122,EQ,,,
2016-11-15,22.0,22.0,17.5,18.2,36381,EQ,,,
2016-11-16,18.75,19.45,17.7,18.3,13680,EQ,,,
2016-11-17,18.0,18.5,17.05,17.35,5381,EQ,,,
2016-11-18,17.35,17.95,16.8,17.5,3718,EQ,,,
2016-11-21,17.5,17.5,16.15,16.9,3582,EQ,,,
2016-11-22,16.5,18.05,16.25,17.55,3442,EQ,,,
2016-11-23,17.2,18.5,17.2,18.4,3721,EQ,,,
2016-11-24,18.2,18.4,17.75,17.9,1642,EQ,,,
2016-11-25,18.2,18.8,17.9,18.65,2708,EQ,,,
2016-11-28,19.25,19.9,18.65,19.2,7256,EQ,,,
2016-11-29,19.9,20.95,19.15,19.2,4250,EQ,,,
2016-11-30,19.75,19.75,18.75,19.5,1375,EQ,,,
2016-12-01,19.25,19.4,18.8,19.0,2057,EQ,,,
2016-12-02,18.75,18.75,18.1,18.15,357,EQ,,,
2016-12-05,19.2,19.2,19.15,19.15,115,EQ,,,
2016-12-06,18.85,19.35,18.15,18.5,2828,EQ,,,
2016-12-07,18.25,18.65,18.2,18.2,1575,EQ,,,
2016-12-08,18.95,19.0,18.25,18.4,1487,EQ,,,
2016-12-09,18.0,18.75,17.55,18.2,4265,EQ,,,
2016-12-12,18.9,18.9,18.5,18.5,1105,EQ,,,
2016-12-13,18.3,18.7,18.2,18.7,1685,EQ,,,
2016-12-14,18.8,18.9,18.25,18.5,1763,EQ,,,
2016-12-15,18.25,18.9,18.2,18.7,1121,EQ,,,
2016-12-16,18.85,18.85,18.2,18.4,502,EQ,,,
2016-12-19,18.5,19.0,18.5,19.0,1445,EQ,,,
2016-12-20,19.0,19.75,18.6,18.6,871,EQ,,,
2016-12-21,19.05,19.05,18.5,18.5,410,EQ,,,
2016-12-22,18.15,18.5,17.9,18.0,2750,EQ,,,
2016-12-23,17.85,18.0,17.75,18.0,163,EQ,,,
2016-12-26,17.75,19.0,17.5,18.6,262,EQ,,,
2016-12-27,18.25,18.45,17.55,18.0,341,EQ,,,
2016-12-28,18.1,18.25,17.9,18.0,710,EQ,,,
2016-12-29,18.25,19.0,18.25,18.5,2211,EQ,,,
2016-12-30,19.4,19.4,18.35,18.5,4638,EQ,,,
2017-01-02,18.45,19.0,18.45,18.9,2251,EQ,,,
2017-01-03,18.75,19.15,18.75,19.15,2108,EQ,,,
2017-01-04,19.0,20.0,19.0,19.6,8296,EQ,,,
2017-01-05,19.35,22.25,19.35,21.4,16453,EQ,,,
2017-01-06,21.55,25.7,21.55,25.7,258892,EQ,,,
2017-01-09,27.5,30.0,26.1,27.3,566348,EQ,,,
2017-01-10,26.95,27.0,25.05,25.65,102054,EQ,,,
2017-01-11,25.9,26.45,23.9,24.45,50184,EQ,,,
2017-01-12,24.25,24.85,23.05,24.0,41408,EQ,,,
2017-01-13,24.05,24.3,23.4,23.7,10628,EQ,,,
2017-01-16,23.75,23.75,22.8,23.05,7429,EQ,,,
2017-01-17,22.8,23.5,22.7,23.2,14868,EQ,,,
2017-01-18,23.0,25.5,23.0,24.65,112699,EQ,,,
2017-01-19,25.0,25.0,23.4,23.5,9218,BE,,,
2017-01-20,23.0,24.35,22.35,22.9,10621,BE,,,
2017-01-23,22.75,23.5,22.75,23.05,1345,BE,,,
2017-01-24,22.55,23.0,22.25,22.75,4271,BE,,,
2017-01-25,22.5,23.9,22.5,23.75,5892,BE,,,
2017-01-27,22.6,23.3,22.6,22.7,3033,BE,,,
2017-01-30,22.7,23.0,21.85,22.95,4298,BE,,,
2017-01-31,21.85,22.5,21.85,22.45,4262,BE,,,
2017-02-01,22.0,23.45,22.0,22.25,2121,BE,,,
2017-02-02,22.0,23.0,22.0,22.7,6147,BE,,,
2017-02-03,22.0,23.75,22.0,23.55,6341,BE,,,
2017-02-06,22.95,23.75,22.95,23.2,3692,BE,,,
2017-02-07,24.0,24.0,22.5,23.2,2465,BE,,,
2017-02-08,23.1,24.0,22.5,22.8,5945,BE,,,
2017-02-09,23.8,23.8,23.0,23.35,3674,BE,,,
2017-02-10,23.35,24.5,22.75,24.5,9771,BE,,,
2017-02-13,24.5,25.0,23.35,24.5,15457,BE,,,
2017-02-14,23.3,24.0,23.25,23.4,1493,BE,,,
2017-02-15,22.5,22.8,22.5,22.55,2064,BE,,,
2017-02-16,21.75,23.7,21.5,23.4,3175,BE,,,
2017-02-17,22.5,24.55,22.5,24.0,8919,BE,,,
2017-02-20,24.0,25.2,23.0,24.15,13188,BE,,,
2017-02-21,24.9,24.9,23.55,24.05,2831,BE,,,
2017-02-22,23.05,24.0,23.05,23.25,3734,BE,,,
2017-02-23,22.8,24.0,22.8,23.5,3537,BE,,,
2017-02-27,23.5,23.5,22.75,23.25,2911,BE,,,
2017-02-28,24.0,24.0,23.05,23.25,3275,BE,,,
2017-03-01,23.0,23.5,23.0,23.25,136,BE,,,
2017-03-02,23.05,23.1,23.0,23.1,1701,BE,,,
2017-03-03,23.25,23.7,22.1,22.4,5182,BE,,,
2017-03-06,22.4,22.5,22.0,22.5,4143,BE,,,
2017-03-07,21.55,23.6,21.55,22.6,9583,EQ,,,
2017-03-08,23.5,23.5,22.75,23.0,4600,EQ,,,
2017-03-09,22.55,23.5,22.55,23.1,4718,EQ,,,
2017-03-10,23.5,23.5,22.4,22.6,3623,EQ,,,
2017-03-14,23.0,23.7,22.75,23.7,12882,EQ,,,
2017-03-15,23.7,24.0,23.2,23.35,2960,EQ,,,
2017-03-16,22.7,23.95,22.7,23.5,3593,EQ,,,
2017-03-17,23.25,23.6,23.2,23.25,1127,EQ,,,
2017-03-20,23.25,23.25,22.35,23.05,11523,EQ,,,
2017-03-21,22.95,23.75,22.5,23.5,3739,EQ,,,
2017-03-22,22.9,24.0,22.9,23.75,4657,EQ,,,
2017-03-23,23.6,23.6,22.75,23.2,7307,EQ,,,
2017-03-24,22.9,24.3,22.25,24.3,39706,EQ,,,
2017-03-27,24.3,25.0,23.5,23.65,21003,EQ,,,
2017-03-28,23.5,23.5,23.0,23.05,6349,EQ,,,
2017-03-29,22.85,23.4,22.6,22.8,2370,EQ,,,
2017-03-30,23.4,23.4,22.8,22.8,178,EQ,,,
2017-03-31,22.85,23.0,22.7,22.75,2719,EQ,,,
2017-04-03,22.55,23.0,22.15,22.5,15721,EQ,,,
2017-04-05,23.4,23.4,22.5,22.7,13607,EQ,,,
2017-04-06,23.45,23.8,22.3,23.8,13138,EQ,,,
2017-04-07,24.6,24.6,23.5,23.85,6228,EQ,,,
2017-04-10,24.5,26.2,24.05,26.2,88731,EQ,,,
2017-04-11,27.45,28.0,26.55,27.7,47720,EQ,,,
2017-04-12,27.95,28.4,26.25,27.25,25610,EQ,,,
2017-04-13,26.3,27.5,26.3,27.2,6378,EQ,,,
2017-04-17,26.7,27.0,26.25,26.75,13140,EQ,,,
2017-04-18,26.4,26.9,25.75,26.35,7045,EQ,,,
2017-04-19,26.35,29.0,25.5,29.0,140261,EQ,,,
2017-04-20,29.9,31.85,28.3,31.85,192757,EQ,,,
2017-04-21,33.25,34.1,31.05,32.2,124630,EQ,,,
2017-04-24,32.5,33.95,32.5,33.0,32608,EQ,,,
2017-04-25,33.45,33.45,31.4,31.6,35528,EQ,,,
2017-04-26,31.6,32.65,29.6,30.1,31001,EQ,,,
2017-04-27,31.5,31.5,29.05,29.5,4087,BE,,,
2017-04-28,29.5,30.5,29.25,29.6,6801,BE,,,
2017-05-02,29.25,29.5,28.15,29.0,11995,BE,,,
2017-05-03,29.0,29.7,27.6,29.3,8246,BE,,,
2017-05-04,29.7,30.0,28.0,29.3,8644,BE,,,
2017-05-05,28.5,29.45,27.9,28.0,10143,BE,,,
2017-05-08,28.25,29.0,27.0,27.1,4968,BE,,,
2017-05-09,28.3,28.45,28.3,28.45,3739,BE,,,
2017-05-10,29.5,29.85,28.5,29.85,6932,BE,,,
2017-05-11,30.0,31.0,29.0,29.0,6260,BE,,,
2017-05-12,29.45,30.45,27.75,30.45,12936,BE,,,
2017-05-15,30.5,31.95,30.25,31.0,8471,BE,,,
2017-05-16,30.5,32.0,29.5,31.6,13207,BE,,,
2017-05-17,30.5,32.15,30.5,31.0,14804,BE,,,
2017-05-18,30.5,31.95,30.5,31.5,10182,BE,,,
2017-05-19,31.6,31.6,30.0,30.9,6855,BE,,,
2017-05-22,29.4,30.05,29.4,29.55,11448,BE,,,
2017-05-23,28.25,29.45,28.1,28.2,3623,BE,,,
2017-05-24,27.0,28.6,26.75,26.9,1730,BE,,,
2017-05-25,26.5,28.2,26.0,28.2,6461,BE,,,
2017-05-26,28.4,29.6,28.35,29.6,6308,BE,,,
2017-05-29,29.4,31.05,29.4,29.4,17305,BE,,,
2017-05-30,30.7,30.7,29.0,29.1,1854,EQ,,,
2017-05-31,28.45,28.7,27.6,27.7,10018,EQ,,,
2017-06-01,27.0,28.4,27.0,28.1,1062,EQ,,,
2017-06-02,28.0,28.0,26.7,27.8,15861,EQ,,,
2017-06-05,29.0,29.0,27.0,28.0,6818,EQ,,,
2017-06-06,27.25,29.2,27.25,28.25,4573,EQ,,,
2017-06-07,28.4,29.5,28.25,28.5,1968,EQ,,,
2017-06-08,29.0,31.4,28.2,30.1,44931,EQ,,,
2017-06-09,30.6,30.6,29.25,29.4,3017,EQ,,,
2017-06-12,28.4,29.0,27.5,28.1,4200,EQ,,,
2017-06-13,27.6,29.0,27.5,27.7,5679,EQ,,,
2017-06-14,28.5,28.5,26.1,26.6,1593,EQ,,,
2017-06-15,26.5,28.9,26.25,27.4,7101,EQ,,,
2017-06-16,27.8,28.0,27.25,27.4,1626,EQ,,,
2017-06-19,27.5,27.7,26.8,27.3,931,EQ,,,
2017-06-20,25.45,29.2,25.45,28.9,11760,EQ,,,
2017-06-21,28.1,28.9,26.5,27.55,3252,EQ,,,
2017-06-22,26.95,28.4,26.95,27.5,1355,EQ,,,
2017-06-23,27.5,28.65,26.75,27.55,3891,EQ,,,
2017-06-27,27.55,27.55,26.15,26.7,4975,EQ,,,
2017-06-28,25.7,27.5,25.7,26.6,5210,EQ,,,
2017-06-29,26.5,28.5,26.3,27.5,3060,EQ,,,
2017-06-30,26.25,28.0,26.25,27.5,2454,EQ,,,
2017-07-03,27.5,28.5,27.0,27.5,2816,EQ,,,
2017-07-04,27.4,28.9,27.0,28.0,2643,EQ,,,
2017-07-05,27.25,28.1,27.2,27.7,4984,EQ,,,
2017-07-06,28.1,29.7,28.0,28.25,5550,EQ,,,
2017-07-07,29.5,29.5,28.0,28.4,5631,EQ,,,
2017-07-10,28.0,28.4,27.75,28.3,222,EQ,,,
2017-07-11,28.3,28.3,26.9,27.1,6604,EQ,,,
2017-07-12,25.7,27.0,25.7,26.95,4496,EQ,,,
2017-07-13,27.1,27.45,26.7,27.0,2666,EQ,,,
2017-07-14,26.5,27.0,26.1,26.9,3906,EQ,,,
2017-07-17,27.5,28.4,26.6,27.6,8700,EQ,,,
2017-07-18,25.75,27.6,25.7,26.75,4883,EQ,,,
2017-07-19,27.0,27.6,26.4,26.95,5245,EQ,,,
2017-07-20,27.3,27.3,26.15,26.9,8425,EQ,,,
2017-07-21,27.5,28.1,26.5,27.5,21173,EQ,,,
2017-07-24,27.5,28.0,26.5,27.25,7632,EQ,,,
2017-07-25,27.0,27.8,26.0,26.5,13615,EQ,,,
2017-07-26,26.9,27.6,26.5,27.2,7827,EQ,,,
2017-07-27,27.2,29.9,27.2,29.9,107160,EQ,,,
2017-07-28,30.0,32.9,28.6,32.2,139786,EQ,,,
2017-07-31,31.3,35.2,31.3,34.4,93058,EQ,,,
2017-08-01,34.5,34.75,32.65,33.45,37935,EQ,,,
2017-08-02,33.25,33.95,32.2,32.85,14271,EQ,,,
2017-08-03,34.45,34.45,31.2,31.2,25516,EQ,,,
2017-08-04,32.75,32.75,30.5,31.95,9898,EQ,,,
2017-08-07,31.65,33.25,31.5,32.4,14993,EQ,,,
2017-08-08,32.4,33.0,30.8,30.8,9044,EQ,,,
2017-08-09,30.8,30.8,29.25,29.4,26460,EQ,,,
2017-08-10,28.5,30.4,27.9,28.0,13472,EQ,,,
2017-08-11,28.0,28.0,26.6,26.6,12887,EQ,,,
2017-08-14,26.0,27.55,25.25,25.55,63195,EQ,,,
2017-08-16,25.65,26.8,24.45,26.25,11607,EQ,,,
2017-08-17,27.0,27.0,25.0,25.7,33881,EQ,,,
2017-08-18,26.0,26.25,25.25,25.55,6095,EQ,,,
2017-08-21,25.55,25.55,24.6,24.95,6955,EQ,,,
2017-08-22,24.8,25.5,24.5,24.9,10470,EQ,,,
2017-08-23,24.2,25.45,24.05,25.45,12689,EQ,,,
2017-08-24,26.0,26.4,25.55,26.25,5034,EQ,,,
2017-08-28,26.0,27.55,26.0,27.45,6316,EQ,,,
2017-08-29,27.0,28.8,27.0,28.8,38661,EQ,,,
2017-08-30,30.0,30.2,29.7,30.2,11307,EQ,,,
2017-08-31,30.25,31.7,30.25,31.7,32796,EQ,,,
2017-09-01,32.2,33.2,30.75,33.1,37409,EQ,,,
2017-09-04,33.0,33.45,31.4,31.5,9544,EQ,,,
2017-09-05,30.8,31.9,30.8,31.6,5719,EQ,,,
2017-09-06,31.0,33.2,31.0,32.1,17145,EQ,,,
2017-09-07,32.0,33.65,31.5,33.65,28885,EQ,,,
2017-09-08,33.75,35.3,32.65,32.95,34464,EQ,,,
2017-09-11,32.55,32.85,31.3,31.9,12967,EQ,,,
2017-09-12,31.05,32.5,30.9,31.7,5797,EQ,,,
2017-09-13,31.75,33.25,31.05,33.25,15360,EQ,,,
2017-09-14,34.0,34.0,31.75,32.0,4543,BE,,,
2017-09-15,32.95,33.0,32.0,33.0,8364,BE,,,
2017-09-18,32.25,32.25,31.5,31.7,9485,BE,,,
2017-09-19,32.5,32.5,31.05,32.0,10213,BE,,,
2017-09-20,31.5,32.5,31.1,31.4,9486,BE,,,
2017-09-21,30.5,32.3,30.5,31.5,2537,BE,,,
2017-09-22,31.5,33.1,31.5,31.9,19100,BE,,,
2017-09-25,31.7,31.7,30.3,31.25,6854,BE,,,
2017-09-26,31.25,32.0,29.75,32.0,4385,BE,,,
2017-09-27,31.05,31.05,31.0,31.0,288,BE,,,
2017-09-28,30.5,31.0,30.5,31.0,1978,BE,,,
2017-09-29,31.0,32.55,31.0,32.55,9007,BE,,,
2017-10-03,32.55,34.15,32.55,34.15,8559,BE,,,
2017-10-04,35.75,35.9,33.65,35.9,25089,BE,,,
2017-10-05,35.9,37.65,35.75,36.5,26961,BE,,,
2017-10-06,37.5,38.25,36.5,36.5,8804,BE,,,
2017-10-09,34.65,38.25,34.65,35.05,9264,BE,,,
2017-10-10,33.5,35.9,33.5,34.9,4954,BE,,,
2017-10-11,36.0,36.6,34.45,36.6,13380,BE,,,
2017-10-12,36.6,37.5,35.0,37.05,11855,BE,,,
2017-10-13,36.5,36.95,35.6,36.35,4757,BE,,,
2017-10-16,36.35,37.5,35.25,35.6,10760,BE,,,
2017-10-17,35.6,37.2,35.5,36.25,4882,BE,,,
2017-10-18,34.6,36.7,34.55,35.5,2530,BE,,,
2017-10-19,35.5,37.0,35.5,36.8,4579,BE,,,
2017-10-23,35.0,36.5,35.0,35.0,11338,BE,,,
2017-10-24,34.95,36.5,34.5,36.5,11488,BE,,,
2017-10-25,36.75,36.75,36.0,36.0,1997,BE,,,
2017-10-26,34.3,36.7,34.3,35.0,2849,BE,,,
2017-10-27,35.5,36.75,34.55,36.75,2295,BE,,,
2017-10-30,38.5,38.6,37.5,38.6,14691,BE,,,
2017-10-31,40.5,40.5,40.5,40.5,7054,BE,,,
2017-11-01,42.5,42.5,38.6,42.5,17321,BE,,,
2017-11-02,40.5,42.45,40.4,40.4,10903,BE,,,
2017-11-03,40.4,40.4,38.45,40.0,5328,BE,,,
2017-11-06,40.0,40.05,38.5,39.6,2283,BE,,,
2017-11-07,38.55,41.2,38.0,38.5,7400,BE,,,
2017-11-08,38.5,40.0,38.25,39.0,14153,BE,,,
2017-11-09,38.0,40.5,37.3,38.85,7816,BE,,,
2017-11-10,38.0,40.0,37.0,37.45,11391,BE,,,
2017-11-13,37.5,39.3,35.6,39.25,5594,BE,,,
2017-11-14,41.0,41.0,38.25,38.75,8456,EQ,,,
2017-11-15,40.7,40.7,39.25,40.2,28744,EQ,,,
2017-11-16,40.2,42.15,39.5,41.5,13557,EQ,,,
2017-11-17,40.0,43.6,40.0,43.6,17948,EQ,,,
2017-11-20,45.75,45.75,43.75,44.9,26129,EQ,,,
2017-11-21,44.9,45.5,43.0,44.6,5577,EQ,,,
2017-11-22,46.0,46.0,43.55,44.25,7030,EQ,,,
2017-11-23,44.25,44.5,42.5,42.75,22157,EQ,,,
2017-11-24,41.65,41.65,40.65,41.1,15972,EQ,,,
2017-11-27,41.3,43.1,39.4,43.05,10324,EQ,,,
2017-11-28,45.1,45.1,42.5,43.25,12201,EQ,,,
2017-11-29,44.0,45.3,42.5,43.8,8102,EQ,,,
2017-11-30,43.85,45.0,42.0,44.25,12031,EQ,,,
2017-12-01,45.0,45.7,43.25,44.6,13999,EQ,,,
2017-12-04,45.5,45.5,43.1,44.4,9261,EQ,,,
2017-12-05,45.2,45.2,42.5,43.25,2363,EQ,,,
2017-12-06,44.9,44.9,42.5,42.9,5072,EQ,,,
2017-12-07,42.5,44.95,42.5,43.6,2949,EQ,,,
2017-12-08,44.7,44.7,42.75,44.1,7252,EQ,,,
2017-12-11,45.3,47.85,44.6,45.6,11501,EQ,,,
2017-12-12,46.9,46.9,43.65,45.35,9034,EQ,,,
2017-12-13,45.7,45.7,43.15,43.65,5725,EQ,,,
2017-12-14,46.0,46.65,43.0,44.3,8809,EQ,,,
2017-12-15,45.5,46.0,43.6,44.9,12178,EQ,,,
2017-12-18,44.15,44.75,42.35,43.9,3609,EQ,,,
2017-12-19,43.65,44.4,43.2,44.0,4322,EQ,,,
2017-12-20,44.9,44.9,43.55,43.75,3005,EQ,,,
2017-12-21,43.7,44.95,43.7,44.7,2820,EQ,,,
2017-12-22,44.35,45.5,43.0,43.75,8833,EQ,,,
2017-12-26,43.75,45.9,43.75,45.35,13001,EQ,,,
2017-12-27,45.75,45.85,43.75,44.6,13194,EQ,,,
2017-12-28,44.15,44.95,43.65,44.0,5452,EQ,,,
2017-12-29,44.0,44.9,43.3,43.7,9621,EQ,,,
2018-01-01,43.6,44.65,43.6,44.4,7123,EQ,,,
2018-01-02,43.65,44.45,41.6,43.9,8668,EQ,,,
2018-01-03,43.1,45.0,43.1,44.9,14269,EQ,,,
2018-01-04,44.5,45.7,44.5,45.6,6840,EQ,,,
2018-01-05,45.7,46.2,42.45,44.1,66033,EQ,,,
2018-01-08,44.35,45.5,44.35,45.1,24270,EQ,,,
2018-01-09,45.45,45.45,43.5,43.6,9993,EQ,,,
2018-01-10,43.6,44.85,41.15,43.5,8911,EQ,,,
2018-01-11,43.55,44.0,42.65,44.0,6058,EQ,,,
2018-01-12,43.0,44.9,42.55,44.25,7342,EQ,,,
2018-01-15,44.9,44.9,42.05,43.8,4117,EQ,,,
2018-01-16,44.5,46.25,42.5,45.45,44974,EQ,,,
2018-01-17,46.35,46.35,43.15,44.0,8424,EQ,,,
2018-01-18,43.7,45.25,43.0,43.15,17198,EQ,,,
2018-01-19,44.0,44.0,42.7,43.15,4491,EQ,,,
2018-01-22,42.4,44.4,42.1,43.7,8472,EQ,,,
2018-01-23,43.0,44.25,42.9,43.0,5854,EQ,,,
2018-01-24,41.5,46.0,41.5,43.4,35919,EQ,,,
2018-01-25,43.4,43.8,43.4,43.55,8833,EQ,,,
2018-01-29,43.5,44.5,42.95,43.4,12904,EQ,,,
2018-01-30,41.2,44.45,40.0,43.05,8078,EQ,,,
2018-01-31,40.05,43.5,40.05,42.05,8358,EQ,,,
2018-02-01,42.15,44.35,41.5,42.6,7807,EQ,,,
2018-02-02,42.6,42.6,38.95,39.1,20317,EQ,,,
2018-02-05,36.0,41.8,36.0,40.1,23857,EQ,,,
2018-02-06,38.9,41.0,36.3,39.65,13683,EQ,,,
2018-02-07,40.25,41.9,39.5,40.1,1864,EQ,,,
2018-02-08,41.2,43.3,40.0,41.1,8748,EQ,,,
2018-02-09,40.0,41.5,39.5,40.45,4225,EQ,,,
2018-02-12,42.05,48.5,39.25,48.5,69695,EQ,,,
2018-02-14,49.25,56.8,49.25,51.85,294391,EQ,,,
2018-02-15,50.5,54.45,43.55,51.45,296152,EQ,,,
2018-02-16,50.25,51.6,46.5,47.25,35355,EQ,,,
2018-02-19,47.5,48.3,45.0,45.4,14647,EQ,,,
2018-02-20,45.5,46.65,44.25,44.65,12196,EQ,,,
2018-02-21,46.0,46.0,44.0,45.1,15428,EQ,,,
2018-02-22,43.75,46.55,43.2,45.6,21836,EQ,,,
2018-02-23,45.9,48.4,45.0,47.2,43151,EQ,,,
2018-02-26,47.5,56.65,47.25,56.65,296038,EQ,,,
2018-02-27,58.0,67.95,57.6,66.95,1782770,EQ,,,
2018-02-28,66.5,67.35,61.8,62.6,571293,EQ,,,
2018-03-01,62.75,64.5,56.3,56.3,312809,EQ,,,
2018-03-05,50.7,50.7,50.7,50.7,20952,EQ,,,
2018-03-06,48.15,52.4,48.15,48.15,241169,EQ,,,
2018-03-07,45.75,45.75,45.75,45.75,9617,EQ,,,
2018-03-08,43.5,45.5,43.5,43.5,116472,EQ,,,
2018-03-09,41.6,44.2,41.35,41.35,130197,EQ,,,
2018-03-12,42.15,43.4,40.1,43.4,40672,EQ,,,
2018-03-13,45.55,45.55,45.55,45.55,10144,EQ,,,
2018-03-14,47.8,47.8,47.8,47.8,51631,EQ,,,
2018-03-15,49.9,50.0,45.6,46.3,83145,EQ,,,
2018-03-16,46.4,47.4,44.95,45.1,40370,EQ,,,
2018-03-19,44.15,46.9,42.8,42.8,20230,EQ,,,
2018-03-20,41.75,44.2,40.7,41.8,63573,EQ,,,
2018-03-21,41.5,43.0,40.1,40.65,43657,EQ,,,
2018-03-22,40.5,41.15,38.6,38.7,39504,EQ,,,
2018-03-23,39.15,40.65,37.0,40.2,36583,EQ,,,
2018-03-26,40.75,42.0,39.0,40.1,21794,EQ,,,
2018-03-27,40.3,41.6,40.25,40.9,15317,EQ,,,
2018-03-28,40.75,41.0,39.0,39.65,10809,EQ,,,
2018-04-02,41.45,41.45,39.5,40.0,10905,EQ,,,
2018-04-03,40.6,42.0,39.35,42.0,34259,EQ,,,
2018-04-04,42.1,44.05,42.1,44.05,24185,EQ,,,
2018-04-05,45.85,46.25,45.3,46.25,7088,EQ,,,
2018-04-06,49.2,49.2,43.0,45.45,29289,EQ,,,
2018-04-09,45.7,46.95,44.9,45.8,15591,EQ,,,
2018-04-10,46.9,47.35,45.5,45.6,6346,EQ,,,
2018-04-11,47.2,47.2,44.5,44.6,7571,EQ,,,
2018-04-12,42.65,45.9,42.65,44.1,10610,EQ,,,
2018-04-13,45.0,45.0,43.55,44.05,13158,EQ,,,
2018-04-16,43.75,44.05,42.0,43.25,10567,EQ,,,
2018-04-17,43.5,44.4,42.05,43.15,8892,EQ,,,
2018-04-18,42.5,44.4,42.5,43.5,6711,EQ,,,
2018-04-19,42.5,44.0,40.0,42.65,13022,EQ,,,
2018-04-20,42.1,43.5,42.0,43.35,10122,EQ,,,
2018-04-23,43.0,43.95,41.25,43.3,10934,EQ,,,
2018-04-24,43.65,44.95,42.4,43.2,8611,EQ,,,
2018-04-25,44.25,44.25,41.1,42.15,9703,EQ,,,
2018-04-26,42.1,43.0,41.1,41.75,5508,EQ,,,
2018-04-27,43.6,43.65,41.5,41.8,9751,EQ,,,
2018-04-30,43.6,43.75,41.75,43.1,8043,EQ,,,
2018-05-02,43.0,46.0,40.6,42.6,28470,EQ,,,
2018-05-03,43.7,43.75,41.55,42.05,5625,EQ,,,
2018-05-04,42.0,43.0,41.25,42.0,3526,EQ,,,
2018-05-07,41.7,43.0,41.65,42.5,7428,EQ,,,
2018-05-08,42.0,43.0,41.5,41.95,5001,EQ,,,
2018-05-09,41.75,42.55,40.55,41.0,4303,EQ,,,
2018-05-10,40.9,42.2,40.75,41.65,5122,EQ,,,
2018-05-11,42.0,42.0,40.1,41.25,6057,EQ,,,
2018-05-14,40.7,42.7,40.3,41.5,7768,EQ,,,
2018-05-15,41.25,42.4,40.2,40.65,3852,EQ,,,
2018-05-16,40.2,41.45,39.1,40.45,5092,EQ,,,
2018-05-17,39.35,41.1,39.35,39.65,11527,EQ,,,
2018-05-18,40.5,43.6,38.5,43.45,33594,EQ,,,
2018-05-21,43.85,45.95,40.0,44.65,26355,EQ,,,
2018-05-22,45.0,45.0,43.1,43.3,9074,EQ,,,
2018-05-23,43.4,44.6,43.25,44.15,2692,EQ,,,
2018-05-24,44.3,45.95,44.25,44.8,16104,EQ,,,
2018-05-25,45.0,45.4,44.1,44.55,14662,EQ,,,
2018-05-28,45.95,47.75,43.1,43.3,25207,EQ,,,
2018-05-29,42.35,43.25,41.65,42.0,9083,EQ,,,
2018-05-30,42.9,43.0,40.1,42.0,11648,EQ,,,
2018-05-31,43.5,43.5,41.5,42.1,2642,EQ,,,
2018-06-01,42.25,43.2,40.5,40.7,11184,EQ,,,
2018-06-04,41.9,41.95,38.75,41.4,13988,EQ,,,
2018-06-05,39.75,41.7,39.7,40.3,7135,EQ,,,
2018-06-06,40.35,42.35,40.0,42.0,6483,EQ,,,
2018-06-07,40.5,48.5,40.1,45.25,86891,EQ,,,
2018-06-08,45.05,47.5,43.65,44.4,45597,EQ,,,
2018-06-11,44.5,44.85,42.7,43.6,11657,EQ,,,
2018-06-12,43.5,44.6,42.85,43.9,9270,EQ,,,
2018-06-13,43.5,47.0,43.5,44.45,12782,EQ,,,
2018-06-14,45.7,45.7,43.1,43.4,11020,EQ,,,
2018-06-15,43.4,45.45,43.2,43.6,12504,EQ,,,
2018-06-18,43.3,44.6,42.0,43.0,4165,EQ,,,
2018-06-19,42.5,43.5,41.1,41.5,3187,EQ,,,
2018-06-20,41.5,43.75,41.1,43.5,8741,EQ,,,
2018-06-21,44.0,44.0,43.0,43.4,5842,EQ,,,
2018-06-22,43.0,43.9,40.8,42.4,8297,EQ,,,
2018-06-25,42.0,44.0,41.5,42.25,10986,EQ,,,
2018-06-26,42.0,42.95,41.0,42.3,1747,EQ,,,
2018-06-27,41.65,42.25,41.3,42.0,6100,EQ,,,
2018-06-28,41.15,42.25,41.15,41.2,1084,EQ,,,
2018-06-29,42.5,42.5,39.3,41.5,3719,EQ,,,
2018-07-02,42.5,42.5,40.8,41.6,4642,EQ,,,
2018-07-03,41.75,41.75,40.15,40.6,2244,EQ,,,
2018-07-04,40.55,41.95,40.15,40.6,2443,EQ,,,
2018-07-05,40.85,41.45,40.65,41.2,896,EQ,,,
2018-07-06,41.95,41.95,40.35,40.5,5553,EQ,,,
2018-07-09,41.9,41.9,40.65,41.4,2728,EQ,,,
2018-07-10,41.6,42.1,40.75,41.6,2295,EQ,,,
2018-07-11,41.0,43.0,40.85,42.65,3517,EQ,,,
2018-07-12,43.95,43.95,40.8,42.3,11788,EQ,,,
2018-07-13,42.0,43.4,41.1,42.5,4214,EQ,,,
2018-07-16,43.5,43.5,41.3,42.95,5489,EQ,,,
2018-07-17,43.7,44.0,42.0,42.4,4322,EQ,,,
2018-07-18,43.7,43.7,41.6,41.7,12208,EQ,,,
2018-07-19,41.65,42.2,41.0,41.4,1735,EQ,,,
2018-07-20,42.9,43.0,41.0,42.85,9917,EQ,,,
2018-07-23,44.1,51.4,42.0,48.0,213951,EQ,,,
2018-07-24,48.0,49.25,46.1,48.1,38318,EQ,,,
2018-07-25,49.5,49.5,45.6,46.4,12281,EQ,,,
2018-07-26,48.45,48.45,46.0,46.65,5841,EQ,,,
2018-07-27,47.0,47.2,44.3,45.0,5130,EQ,,,
2018-07-30,45.1,47.85,45.1,46.15,9784,EQ,,,
2018-07-31,47.75,53.55,45.95,50.65,55639,EQ,,,
2018-08-01,51.0,57.6,50.65,55.15,64116,EQ,,,
2018-08-02,55.15,56.5,52.05,54.45,13682,EQ,,,
2018-08-03,55.0,60.45,55.0,59.8,61332,EQ,,,
2018-08-06,65.0,65.0,58.3,59.35,40901,EQ,,,
2018-08-07,59.6,61.0,55.65,57.5,19143,EQ,,,
2018-08-08,61.0,61.8,58.3,60.0,32398,EQ,,,
2018-08-09,61.0,61.95,57.0,58.1,13477,EQ,,,
2018-08-10,59.0,59.0,56.5,57.6,14514,EQ,,,
2018-08-13,61.0,62.4,55.25,59.8,31699,EQ,,,
2018-08-14,65.5,67.2,63.0,63.4,82839,EQ,,,
2018-08-16,63.5,76.1,61.1,74.7,376198,EQ,,,
2018-08-17,75.0,81.4,74.15,78.25,355177,EQ,,,
2018-08-20,78.3,78.45,70.4,70.4,55396,EQ,,,
2018-08-21,64.6,74.0,64.6,71.65,152961,EQ,,,
2018-08-23,73.2,73.25,64.5,69.5,62250,EQ,,,
2018-08-24,68.55,72.45,68.5,69.8,20605,EQ,,,
2018-08-27,70.0,71.95,68.85,69.45,18254,EQ,,,
2018-08-28,68.15,76.4,68.15,71.7,101833,EQ,,,
2018-08-29,72.5,73.2,68.5,69.6,25194,EQ,,,
2018-08-30,69.05,70.45,69.0,69.2,11144,EQ,,,
2018-08-31,69.1,72.45,68.2,68.8,29127,EQ,,,
2018-09-03,69.85,70.2,64.8,66.1,33184,EQ,,,
2018-09-04,65.5,66.95,64.15,64.8,19249,EQ,,,
2018-09-05,64.85,64.9,62.2,63.45,13316,EQ,,,
2018-09-06,64.4,67.1,63.55,65.45,14257,EQ,,,
2018-09-07,66.95,66.95,62.0,63.3,19438,EQ,,,
2018-09-10,66.0,66.0,62.5,65.1,11726,EQ,,,
2018-09-11,64.0,70.95,63.5,68.9,58897,EQ,,,
2018-09-12,70.75,70.75,66.0,68.45,30642,EQ,,,
2018-09-14,69.75,71.6,69.0,70.4,24123,EQ,,,
2018-09-17,68.0,73.4,68.0,72.3,52200,EQ,,,
2018-09-18,73.05,73.05,68.0,68.45,14315,EQ,,,
2018-09-19,71.6,71.6,65.1,66.75,26714,EQ,,,
2018-09-21,67.9,69.2,61.0,66.3,25306,EQ,,,
2018-09-24,66.0,66.95,63.05,63.65,14601,EQ,,,
2018-09-25,64.5,64.95,61.5,62.4,11913,EQ,,,
2018-09-26,62.3,67.35,62.3,64.75,13134,EQ,,,
2018-09-27,65.9,71.2,63.5,71.2,47868,EQ,,,
2018-09-28,73.5,74.95,66.8,71.45,94796,EQ,,,
2018-10-01,67.95,72.45,66.0,70.95,36632,EQ,,,
2018-10-03,73.0,73.45,69.6,71.5,41874,EQ,,,
2018-10-04,71.0,73.95,68.55,70.6,40146,EQ,,,
2018-10-05,71.4,71.85,69.0,70.4,15996,EQ,,,
2018-10-08,68.55,71.6,63.1,66.3,20047,EQ,,,
2018-10-09,68.65,68.65,63.5,63.95,23863,EQ,,,
2018-10-10,64.0,70.45,64.0,69.6,58178,EQ,,,
2018-10-11,66.5,69.75,63.55,67.7,21457,EQ,,,
2018-10-12,67.5,74.75,65.8,73.5,71199,EQ,,,
2018-10-15,75.4,88.2,75.4,83.25,503119,EQ,,,
2018-10-16,85.0,86.3,75.95,80.95,324531,EQ,,,
2018-10-17,82.0,83.7,76.0,77.15,82392,EQ,,,
2018-10-19,78.0,84.7,75.5,80.0,123722,EQ,,,
2018-10-22,81.05,84.6,77.7,78.85,69908,EQ,,,
2018-10-23,78.5,82.5,72.65,74.9,94845,EQ,,,
2018-10-24,76.05,79.6,75.5,76.65,53803,EQ,,,
2018-10-25,76.25,78.5,75.5,76.2,33795,EQ,,,
2018-10-26,75.55,79.7,74.1,76.55,58622,EQ,,,
2018-10-29,80.9,82.5,78.0,81.7,69306,EQ,,,
2018-10-30,85.9,93.35,82.5,89.5,222737,EQ,,,
2018-10-31,91.0,97.5,90.45,93.35,236704,EQ,,,
2018-11-01,95.0,96.25,92.1,92.95,146923,EQ,,,
2018-11-02,93.85,94.5,86.3,90.5,136803,EQ,,,
2018-11-05,91.85,99.95,91.5,97.9,223930,EQ,,,
2018-11-06,98.9,103.0,96.75,98.0,243645,EQ,,,
2018-11-07,99.2,99.45,96.6,98.25,40340,EQ,,,
2018-11-09,99.05,104.4,99.05,100.6,252895,EQ,,,
2018-11-12,100.7,100.9,91.55,92.8,148928,EQ,,,
2018-11-13,90.95,91.5,87.5,88.5,94320,EQ,,,
2018-11-14,88.5,92.95,86.3,89.3,111597,EQ,,,
2018-11-15,89.0,94.9,87.4,93.95,127907,EQ,,,
2018-11-16,95.4,98.2,94.3,95.3,108238,EQ,,,
2018-11-19,95.9,95.9,91.5,92.5,52902,EQ,,,
2018-11-20,92.9,92.9,88.8,89.1,48083,EQ,,,
2018-11-21,88.3,93.4,87.05,91.95,79381,EQ,,,
2018-11-22,92.8,93.45,88.5,89.25,41478,EQ,,,
2018-11-26,90.05,90.8,87.5,88.1,48231,EQ,,,
2018-11-27,88.75,91.65,87.5,89.0,42629,EQ,,,
2018-11-28,90.0,93.3,88.15,89.15,83224,EQ,,,
2018-11-29,88.55,91.55,88.55,89.3,45959,EQ,,,
2018-11-30,88.8,91.5,88.0,88.4,60346,EQ,,,
2018-12-03,89.9,89.9,87.65,87.95,31983,EQ,,,
2018-12-04,87.9,88.2,86.6,87.05,49571,EQ,,,
2018-12-05,86.25,87.0,81.6,82.6,73209,EQ,,,
2018-12-06,81.3,84.0,80.0,80.45,52345,EQ,,,
2018-12-07,80.9,84.95,80.0,83.4,80892,EQ,,,
2018-12-10,82.5,82.5,79.0,79.3,44253,EQ,,,
2018-12-11,75.55,82.5,74.0,81.8,72268,EQ,,,
2018-12-12,83.0,90.0,83.0,84.35,75414,EQ,,,
2018-12-13,85.95,87.4,85.0,85.2,33598,EQ,,,
2018-12-14,85.1,86.1,82.6,83.55,24546,EQ,,,
2018-12-17,83.65,85.4,83.1,84.05,12544,EQ,,,
2018-12-18,83.0,84.35,82.4,82.9,24102,EQ,,,
2018-12-19,81.5,84.75,81.5,82.0,23013,EQ,,,
2018-12-20,81.8,83.5,81.5,82.85,23354,EQ,,,
2018-12-21,82.85,84.0,81.5,81.9,14188,EQ,,,
2018-12-24,82.0,82.5,78.15,78.9,24520,EQ,,,
2018-12-26,78.85,79.5,76.1,77.3,30787,EQ,,,
2018-12-27,78.7,78.7,74.9,76.6,32866,EQ,,,
2018-12-28,76.6,81.35,76.6,79.4,32511,EQ,,,
2018-12-31,78.5,82.35,78.5,79.8,39393,EQ,,,
2019-01-01,80.0,81.95,79.0,80.7,28993,EQ,,,
2019-01-02,80.05,83.45,80.0,81.6,39445,EQ,,,
2019-01-03,83.15,83.15,81.0,81.5,10087,EQ,,,
2019-01-04,81.8,97.8,81.15,96.55,769774,EQ,,,
2019-01-07,96.15,100.45,91.1,95.4,567811,EQ,,,
2019-01-08,96.5,110.95,93.6,109.35,1306306,EQ,,,
2019-01-09,109.25,112.5,103.5,105.4,810368,EQ,,,
2019-01-10,106.25,108.5,100.75,106.75,318151,EQ,,,
2019-01-11,106.3,107.0,103.0,105.4,131923,EQ,,,
2019-01-14,104.3,109.2,104.3,106.6,112637,EQ,,,
2019-01-15,107.45,116.0,105.1,112.25,543380,EQ,,,
2019-01-16,111.95,114.4,110.1,111.25,221799,EQ,,,
2019-01-17,111.0,113.8,109.4,110.1,86806,EQ,,,
2019-01-18,110.9,113.85,109.05,110.0,165165,EQ,,,
2019-01-21,110.5,113.7,109.7,111.6,85597,EQ,,,
2019-01-22,112.7,121.0,111.5,117.75,487644,EQ,,,
2019-01-23,118.0,121.4,116.6,117.6,254534,EQ,,,
2019-01-24,117.9,118.95,112.0,112.95,114488,EQ,,,
2019-01-25,112.5,113.95,101.5,105.55,146260,EQ,,,
2019-01-28,107.9,109.45,98.15,101.65,180004,EQ,,,
2019-01-29,100.0,104.75,98.25,102.5,99789,EQ,,,
2019-01-30,101.95,107.95,101.3,105.9,124095,EQ,,,
2019-01-31,106.0,109.4,104.7,106.85,80248,EQ,,,
2019-02-01,108.9,108.9,103.1,105.05,49821,EQ,,,
2019-02-04,105.5,107.45,102.5,105.1,42509,EQ,,,
2019-02-05,105.5,106.95,102.6,103.1,33594,EQ,,,
2019-02-06,103.5,104.8,98.5,100.0,70878,EQ,,,
2019-02-07,98.5,108.45,98.5,104.9,163921,EQ,,,
2019-02-08,104.8,108.9,104.0,104.7,69325,EQ,,,
2019-02-11,106.05,108.2,103.55,104.5,82830,EQ,,,
2019-02-12,105.05,106.95,91.5,93.8,222533,EQ,,,
2019-02-13,93.1,98.9,92.0,94.65,167786,EQ,,,
2019-02-14,94.45,96.9,93.6,94.75,58648,EQ,,,
2019-02-15,96.3,96.3,91.5,92.9,43587,EQ,,,
2019-02-18,92.0,94.6,90.5,91.0,42613,EQ,,,
2019-02-19,91.45,95.8,91.3,92.15,42070,EQ,,,
2019-02-20,94.0,94.3,91.0,91.4,38217,EQ,,,
2019-02-21,91.0,94.0,89.45,92.9,53803,EQ,,,
2019-02-22,93.5,97.45,93.2,96.15,82565,EQ,,,
2019-02-25,97.35,99.45,96.15,98.4,69255,EQ,,,
2019-02-26,97.5,97.95,92.55,94.4,51268,EQ,,,
2019-02-27,95.0,97.25,89.8,91.15,58090,EQ,,,
2019-02-28,91.5,94.5,91.5,92.4,37838,EQ,,,
2019-03-01,93.25,96.85,92.55,96.05,40743,EQ,,,
2019-03-05,97.2,102.4,96.55,101.3,71089,EQ,,,
2019-03-06,102.45,104.95,100.2,100.8,60639,EQ,,,
2019-03-07,100.8,103.45,100.2,100.9,45090,EQ,,,
2019-03-08,100.9,102.8,96.65,101.3,89592,EQ,,,
2019-03-11,104.25,104.25,98.55,99.4,63755,EQ,,,
2019-03-12,99.5,105.0,99.1,101.85,124883,EQ,,,
2019-03-13,102.5,103.0,100.15,101.1,43900,EQ,,,
2019-03-14,100.6,101.95,99.05,99.8,26281,EQ,,,
2019-03-15,99.5,101.5,99.0,99.6,34161,EQ,,,
2019-03-18,100.0,101.5,97.05,97.65,33734,EQ,,,
2019-03-19,98.45,99.95,96.05,96.4,29586,EQ,,,
2019-03-20,96.0,97.25,92.9,93.8,69046,EQ,,,
2019-03-22,95.2,96.45,93.0,94.4,38406,EQ,,,
2019-03-25,93.9,94.3,91.65,91.85,26823,EQ,,,
2019-03-26,93.7,94.9,92.0,93.5,24521,EQ,,,
2019-03-27,93.45,98.1,93.45,95.85,79539,EQ,,,
2019-03-28,97.4,99.65,96.5,99.0,71041,EQ,,,
2019-03-29,99.65,101.1,90.0,97.45,88471,EQ,,,
2019-04-01,97.5,98.65,96.0,96.55,39500,EQ,,,
2019-04-02,97.7,97.7,95.05,95.7,29054,EQ,,,
2019-04-03,96.0,97.95,94.8,95.55,32416,EQ,,,
2019-04-04,96.7,97.1,94.5,95.5,15189,EQ,,,
2019-04-05,95.65,97.15,95.1,95.65,19693,EQ,,,
2019-04-08,97.45,97.85,95.0,95.4,30349,EQ,,,
2019-04-09,95.6,96.5,95.0,95.4,16155,EQ,,,
2019-04-10,95.25,99.0,93.6,96.8,72629,EQ,,,
2019-04-11,97.0,98.0,95.5,95.8,16226,EQ,,,
2019-04-12,96.25,97.15,94.15,95.1,33321,EQ,,,
2019-04-15,96.1,108.0,95.4,102.95,349415,EQ,,,
2019-04-16,102.6,107.4,102.6,105.55,139837,EQ,,,
2019-04-18,105.0,109.5,103.1,104.6,72777,EQ,,,
2019-04-22,104.0,106.95,101.6,102.45,39117,EQ,,,
2019-04-23,102.0,105.4,99.05,100.1,31319,EQ,,,
2019-04-24,98.75,102.35,98.75,100.1,22244,EQ,,,
2019-04-25,101.5,102.0,97.8,98.5,19921,EQ,,,
2019-04-26,98.75,99.45,92.6,94.85,96775,EQ,,,
2019-04-30,93.75,95.15,92.95,93.9,27501,EQ,,,
2019-05-02,93.5,96.4,92.1,93.6,25277,EQ,,,
2019-05-03,94.0,96.35,93.15,93.7,24219,EQ,,,
2019-05-06,93.5,97.35,93.0,93.8,25738,EQ,,,
2019-05-07,95.85,95.95,91.6,92.3,20846,EQ,,,
2019-05-08,91.7,93.1,90.0,90.5,18019,EQ,,,
2019-05-09,91.2,91.2,87.0,88.15,30656,EQ,,,
2019-05-10,89.9,90.65,87.5,87.75,13548,EQ,,,
2019-05-13,86.2,89.45,84.0,87.3,39280,EQ,,,
2019-05-14,87.3,87.3,80.65,83.5,38518,EQ,,,
2019-05-15,83.25,86.45,83.0,84.5,25425,EQ,,,
2019-05-16,85.0,85.45,81.5,82.1,19705,EQ,,,
2019-05-17,82.9,86.4,81.5,85.6,27950,EQ,,,
2019-05-20,89.35,95.5,87.5,90.0,40466,EQ,,,
2019-05-21,90.2,94.9,88.65,91.15,36804,EQ,,,
2019-05-22,90.4,93.65,90.4,91.5,13485,EQ,,,
2019-05-23,91.8,94.35,89.5,90.4,19796,EQ,,,
2019-05-24,90.45,96.0,90.3,94.65,55450,EQ,,,
2019-05-27,95.0,104.2,95.0,100.95,193537,EQ,,,
2019-05-28,101.95,103.9,96.55,98.8,55688,EQ,,,
2019-05-29,98.0,98.7,96.0,96.85,39653,EQ,,,
2019-05-30,97.5,100.0,84.15,86.45,163636,EQ,,,
2019-05-31,85.3,89.0,85.3,86.6,60443,EQ,,,
2019-06-03,87.4,88.2,85.5,86.2,36664,EQ,,,
2019-06-04,87.45,88.9,86.0,86.4,37145,EQ,,,
2019-06-06,86.65,88.4,85.8,87.2,19976,EQ,,,
2019-06-07,86.65,87.3,85.7,85.9,10749,EQ,,,
2019-06-10,87.5,89.1,85.1,85.9,31230,EQ,,,
2019-06-11,85.8,86.95,84.9,85.1,13208,EQ,,,
2019-06-12,86.2,86.2,82.55,83.8,15919,EQ,,,
2019-06-13,83.0,86.0,82.15,83.1,35479,EQ,,,
2019-06-14,81.6,84.9,81.6,83.7,27773,EQ,,,
2019-06-17,82.5,84.4,79.6,80.3,21848,EQ,,,
2019-06-18,79.0,81.6,79.0,80.05,10641,EQ,,,
2019-06-19,79.65,81.7,79.0,79.9,17104,EQ,,,
2019-06-20,77.55,78.95,76.3,77.0,36136,EQ,,,
2019-06-21,75.65,80.8,75.65,76.6,22211,EQ,,,
2019-06-24,76.6,76.9,74.0,74.4,22347,EQ,,,
2019-06-25,72.65,76.45,72.15,72.45,25294,EQ,,,
2019-06-26,72.45,76.45,71.1,75.6,24653,EQ,,,
2019-06-27,77.2,77.9,74.25,76.7,11654,EQ,,,
2019-06-28,76.5,79.2,72.9,73.45,19869,EQ,,,
2019-07-01,73.5,75.65,73.35,73.55,7936,EQ,,,
2019-07-02,73.5,74.25,72.5,72.9,11058,EQ,,,
2019-07-03,71.6,75.0,71.6,73.95,14589,EQ,,,
2019-07-04,74.0,76.1,72.25,73.0,17246,EQ,,,
2019-07-05,72.55,74.25,72.25,72.65,15313,EQ,,,
2019-07-08,72.45,72.65,67.5,69.2,31729,EQ,,,
2019-07-09,69.2,73.95,69.2,72.95,13862,EQ,,,
2019-07-10,72.5,74.0,67.6,70.4,21104,EQ,,,
2019-07-11,70.0,72.5,69.05,70.45,14208,EQ,,,
2019-07-12,69.5,71.6,68.5,68.95,17195,EQ,,,
2019-07-15,69.0,70.3,65.5,66.3,16917,EQ,,,
2019-07-16,65.25,67.45,63.6,64.4,24249,EQ,,,
2019-07-17,64.4,64.45,60.1,60.5,31396,EQ,,,
2019-07-18,58.65,61.35,57.0,58.75,34790,EQ,,,
2019-07-19,64.0,64.0,59.5,60.15,23235,EQ,,,
2019-07-22,58.75,60.2,56.5,58.85,16799,EQ,,,
2019-07-23,61.0,61.0,57.05,58.75,8903,EQ,,,
2019-07-24,57.5,59.0,57.5,57.95,9567,EQ,,,
2019-07-25,55.6,62.45,55.6,59.0,10233,EQ,,,
2019-07-26,57.0,59.15,57.0,57.9,8419,EQ,,,
2019-07-29,57.55,59.25,57.0,57.6,7945,EQ,,,
2019-07-30,57.5,61.0,55.9,56.5,21798,EQ,,,
2019-07-31,54.25,59.25,54.25,55.0,19292,EQ,,,
2019-08-01,57.2,57.2,53.5,54.15,10911,EQ,,,
2019-08-02,52.5,53.5,48.9,50.9,60179,EQ,,,
2019-08-05,51.0,51.0,46.5,47.7,13982,EQ,,,
2019-08-06,47.0,52.65,46.5,49.4,49923,EQ,,,
2019-08-07,50.0,57.45,49.25,54.15,84343,EQ,,,
2019-08-08,54.9,65.0,54.9,65.0,225070,EQ,,,
2019-08-09,68.0,77.5,65.3,71.9,497671,EQ,,,
2019-08-13,70.0,70.95,64.7,65.0,99643,EQ,,,
2019-08-14,58.6,64.25,58.5,58.5,76412,EQ,,,
2019-08-16,54.0,55.5,52.65,54.1,60297,EQ,,,
2019-08-19,54.1,56.75,53.5,54.0,19622,EQ,,,
2019-08-20,53.85,54.0,52.2,52.7,13865,EQ,,,
2019-08-21,50.1,52.4,50.1,50.9,25820,EQ,,,
2019-08-22,49.5,53.15,48.6,50.0,38243,EQ,,,
2019-08-23,49.05,52.5,49.05,52.5,19090,EQ,,,
2019-08-26,55.0,55.15,52.6,53.8,17850,EQ,,,
2019-08-27,52.55,56.45,52.55,55.45,18995,EQ,,,
2019-08-28,55.85,57.5,54.3,55.05,9228,EQ,,,
2019-08-29,55.45,57.15,53.05,54.2,11044,EQ,,,
2019-08-30,54.0,56.1,51.55,52.4,9787,EQ,,,
2019-09-03,52.65,54.45,52.65,53.1,8347,EQ,,,
2019-09-04,54.5,54.5,51.75,52.15,9010,EQ,,,
2019-09-05,53.15,53.8,52.0,52.5,7308,EQ,,,
2019-09-06,54.65,54.65,52.4,52.7,7956,EQ,,,
2019-09-09,52.85,53.75,52.3,52.6,16702,EQ,,,
2019-09-11,52.5,55.2,52.5,55.2,25734,EQ,,,
2019-09-12,57.0,57.95,56.0,57.35,22875,EQ,,,
2019-09-13,57.15,60.0,55.0,57.65,21711,EQ,,,
2019-09-16,59.5,60.5,56.0,58.05,22352,EQ,,,
2019-09-17,60.0,60.3,57.5,57.95,8760,EQ,,,
2019-09-18,57.65,59.8,57.65,58.5,7435,EQ,,,
2019-09-19,59.5,59.75,57.75,59.15,5421,EQ,,,
2019-09-20,57.9,61.85,57.75,61.8,24597,EQ,,,
2019-09-23,61.8,64.8,61.8,62.9,20040,EQ,,,
2019-09-24,62.5,64.45,60.15,62.2,5445,EQ,,,
2019-09-25,61.5,62.5,60.0,61.8,8434,EQ,,,
2019-09-26,63.95,64.45,61.5,62.7,5826,EQ,,,
2019-09-27,62.15,64.15,61.4,61.65,9956,EQ,,,
2019-09-30,60.0,63.65,60.0,60.5,9923,EQ,591.0,16.79,5506.0
2019-10-01,60.5,61.5,59.1,60.0,11063,EQ,396.0,27.94,7381.0
2019-10-03,60.5,61.0,59.7,60.45,2543,EQ,189.0,13.46,1361.0
2019-10-04,59.0,61.75,59.0,60.0,7844,EQ,404.0,19.42,4573.0
2019-10-07,62.45,62.45,58.25,60.9,6628,EQ,307.0,21.59,3244.0
2019-10-09,62.45,62.45,59.0,59.1,9766,EQ,175.0,55.81,8385.0
2019-10-10,59.05,59.05,57.5,58.15,3802,EQ,145.0,26.22,2447.0
2019-10-11,57.65,60.0,57.5,59.65,5831,EQ,501.0,11.64,3219.0
2019-10-14,58.25,60.5,55.65,58.0,15840,EQ,446.0,35.52,10847.0
2019-10-15,57.5,58.95,56.0,57.2,19274,EQ,313.0,61.58,15747.0
2019-10-16,57.75,57.85,55.8,57.5,9595,EQ,270.0,35.54,7206.0
2019-10-17,62.25,62.25,56.55,59.4,4114,EQ,286.0,14.38,3048.0
2019-10-18,59.4,61.0,59.4,60.1,5934,EQ,364.0,16.3,2775.0
2019-10-22,57.9,62.5,57.9,61.5,9562,EQ,588.0,16.26,3857.0
2019-10-23,63.05,63.05,57.5,59.05,9682,EQ,408.0,23.73,4992.0
2019-10-24,60.45,60.5,57.55,60.1,8075,EQ,296.0,27.28,5260.0
2019-10-25,60.0,61.25,59.9,60.0,9937,EQ,275.0,36.13,7786.0
2019-10-29,60.4,60.4,57.7,58.4,4391,EQ,209.0,21.01,2949.0
2019-10-30,57.8,59.45,57.75,58.8,4150,EQ,148.0,28.04,3017.0
2019-10-31,58.9,59.25,58.0,58.5,9210,EQ,488.0,18.87,8103.0
2019-11-01,60.3,60.3,58.75,59.0,5111,EQ,213.0,24.0,3773.0
2019-11-04,59.0,64.85,59.0,64.85,35861,EQ,843.0,42.54,17022.0
2019-11-05,68.75,71.25,65.65,66.65,44857,EQ,1209.0,37.1,23779.0
2019-11-06,66.45,67.9,64.3,65.95,10395,EQ,521.0,19.95,5840.0
2019-11-07,68.45,68.45,65.25,65.9,6838,EQ,269.0,25.42,4068.0
2019-11-08,67.4,68.0,64.5,66.1,20988,EQ,444.0,47.27,8486.0
2019-11-11,66.1,69.95,63.6,65.9,13841,EQ,483.0,28.66,7116.0
2019-11-13,67.5,68.8,65.3,66.05,8215,EQ,295.0,27.85,5285.0
2019-11-14,68.45,68.45,60.05,62.3,30663,EQ,983.0,31.19,18508.0
2019-11-15,61.75,61.75,58.6,59.15,21655,EQ,817.0,26.51,14325.0
2019-11-18,62.5,62.5,58.7,60.15,7543,EQ,439.0,17.18,3899.0
2019-11-19,62.75,62.75,60.0,60.0,4306,EQ,112.0,38.45,2519.0
2019-11-20,59.2,62.8,59.2,59.65,13994,EQ,302.0,46.34,4958.0
2019-11-21,59.3,60.85,58.15,58.65,16433,EQ,562.0,29.24,6013.0
2019-11-22,60.0,60.15,57.55,57.95,3563,EQ,133.0,26.79,2101.0
2019-11-25,57.65,59.25,56.5,58.05,13759,EQ,622.0,22.12,4108.0
2019-11-26,58.05,59.6,58.05,59.0,9633,EQ,322.0,29.92,5493.0
2019-11-27,58.5,59.15,58.0,58.5,4249,EQ,216.0,19.67,2917.0
2019-11-28,58.5,58.65,57.6,58.1,4085,EQ,90.0,45.39,3550.0
2019-11-29,58.1,61.0,57.65,58.05,13520,EQ,491.0,27.54,4727.0
2019-12-02,57.1,60.25,57.1,58.6,7285,EQ,228.0,31.95,3372.0
2019-12-03,58.5,59.6,57.05,57.4,5530,EQ,427.0,12.95,2077.0
2019-12-04,57.1,59.65,57.1,58.15,6889,EQ,359.0,19.19,1835.0
2019-12-05,58.2,59.45,57.0,57.5,5817,EQ,315.0,18.47,3197.0
2019-12-06,57.9,58.25,57.15,57.8,3731,EQ,159.0,23.47,2135.0
2019-12-09,58.9,58.9,56.5,57.1,5395,EQ,381.0,14.16,2221.0
2019-12-10,57.75,58.65,56.75,58.15,6000,EQ,322.0,18.63,3490.0
2019-12-11,57.1,60.0,57.1,58.15,6923,EQ,616.0,11.24,5170.0
2019-12-12,57.7,61.5,57.65,60.7,19867,EQ,705.0,28.18,6684.0
2019-12-13,61.0,63.0,59.35,60.1,6549,EQ,189.0,34.65,3198.0
2019-12-16,60.3,60.9,59.4,60.25,2065,EQ,86.0,24.01,1432.0
2019-12-17,59.8,70.9,59.8,66.6,140834,EQ,3671.0,38.36,25498.0
2019-12-18,66.25,69.3,64.0,64.55,55959,EQ,1535.0,36.46,17092.0
2019-12-19,64.55,65.95,63.5,63.85,11711,EQ,524.0,22.35,3229.0
2019-12-20,63.85,64.45,61.55,62.15,8984,EQ,248.0,36.23,6623.0
2019-12-23,62.95,63.0,59.8,60.4,7283,EQ,423.0,17.22,2773.0
2019-12-24,61.5,61.8,58.6,59.6,9070,EQ,538.0,16.86,4944.0
2019-12-26,59.6,64.3,59.0,63.0,28300,EQ,1422.0,19.9,8146.0
2019-12-27,63.0,67.15,61.75,64.2,23149,EQ,1406.0,16.46,8577.0
2019-12-30,64.6,70.5,63.5,65.8,91683,EQ,2490.0,36.82,24341.0
2019-12-31,65.8,68.0,62.1,63.7,26374,EQ,1420.0,18.57,9620.0
2020-01-01,64.7,66.2,62.75,63.4,14903,EQ,558.0,26.71,7512.0
2020-01-02,63.1,65.4,63.0,64.4,21174,EQ,561.0,37.74,10780.0
2020-01-03,64.9,66.0,63.3,63.75,22300,EQ,370.0,60.27,14982.0
2020-01-06,63.7,64.9,60.3,61.3,9798,EQ,536.0,18.28,4893.0
2020-01-07,62.0,63.9,60.75,61.85,16806,EQ,817.0,20.57,5924.0
2020-01-08,60.4,62.55,60.35,61.5,7163,EQ,438.0,16.35,3681.0
2020-01-09,62.9,64.8,61.0,61.95,19670,EQ,865.0,22.74,6459.0
2020-01-10,62.0,63.4,61.65,62.0,7441,EQ,219.0,33.98,2447.0
2020-01-13,61.85,63.5,61.85,62.4,6180,EQ,451.0,13.7,2619.0
2020-01-14,63.5,63.5,61.8,62.55,5645,EQ,321.0,17.59,3682.0
2020-01-15,62.5,64.25,61.95,63.1,14493,EQ,583.0,24.86,5400.0
2020-01-16,62.75,66.5,62.75,65.75,13322,EQ,828.0,16.09,7221.0
2020-01-17,66.05,66.05,63.55,64.75,8921,EQ,458.0,19.48,6514.0
2020-01-20,64.5,65.5,63.0,64.4,7629,EQ,254.0,30.04,3059.0
2020-01-21,65.85,66.3,63.6,64.0,10531,EQ,419.0,25.13,5843.0
2020-01-22,65.9,65.9,62.5,63.35,9585,EQ,845.0,11.34,5966.0
2020-01-23,63.5,63.5,62.15,62.6,6072,EQ,176.0,34.5,3413.0
2020-01-24,62.5,63.45,61.65,62.15,5759,EQ,318.0,18.11,2432.0
2020-01-27,62.15,62.9,61.1,61.6,5398,EQ,228.0,23.68,3267.0
2020-01-28,61.2,63.5,61.0,62.4,5652,EQ,157.0,36.0,3295.0
2020-01-29,62.55,62.55,61.5,61.65,5886,EQ,165.0,35.67,2527.0
2020-01-30,61.0,62.45,58.35,59.5,11503,EQ,789.0,14.58,8212.0
2020-01-31,60.5,61.5,59.7,60.3,9979,EQ,490.0,20.37,5858.0
2020-02-03,57.5,64.65,57.5,60.1,20276,EQ,862.0,23.52,9430.0
2020-02-04,62.0,63.9,60.05,60.5,21562,EQ,931.0,23.16,9948.0
2020-02-05,61.9,68.1,60.75,64.15,145989,EQ,3898.0,37.45,33164.0
2020-02-06,65.25,68.2,59.15,61.35,83630,EQ,2685.0,31.15,25287.0
2020-02-07,61.65,62.8,59.55,60.35,21174,EQ,482.0,43.93,10505.0
2020-02-10,61.5,62.35,59.55,61.7,20400,EQ,497.0,41.05,6781.0
2020-02-11,61.7,62.7,61.55,61.65,14379,EQ,241.0,59.66,9975.0
2020-02-12,61.9,62.6,60.0,60.6,9156,EQ,401.0,22.83,4500.0
2020-02-13,60.6,63.0,57.0,59.8,16262,EQ,629.0,25.85,8979.0
2020-02-14,59.0,61.1,58.9,59.9,14891,EQ,480.0,31.02,10467.0
2020-02-17,59.4,61.0,55.5,58.7,15089,EQ,758.0,19.91,8127.0
2020-02-18,58.5,58.5,56.2,57.65,13530,EQ,613.0,22.07,8457.0
2020-02-19,58.5,59.0,56.0,56.7,17374,EQ,940.0,18.48,8474.0
2020-02-20,58.4,58.4,54.0,55.4,19874,EQ,619.0,32.11,10025.0
2020-02-24,54.0,58.7,53.5,56.65,36256,EQ,1043.0,34.76,23166.0
2020-02-25,56.25,57.15,55.0,55.5,5259,EQ,247.0,21.29,3324.0
2020-02-26,55.0,55.35,53.85,54.6,10778,EQ,235.0,45.86,9314.0
2020-02-27,54.3,55.0,53.05,54.15,5552,EQ,299.0,18.57,2654.0
2020-02-28,52.5,53.5,48.4,50.6,18085,EQ,955.0,18.94,8198.0
2020-03-02,49.65,52.35,49.1,50.15,10352,EQ,404.0,25.62,5087.0
2020-03-03,50.1,57.7,50.1,51.8,8694,EQ,226.0,38.47,5482.0
2020-03-04,52.5,52.5,49.5,50.7,3999,EQ,299.0,13.37,2337.0
2020-03-05,50.6,52.5,48.05,49.5,13822,EQ,447.0,30.92,9089.0
2020-03-06,48.25,48.25,46.35,46.95,8605,EQ,317.0,27.15,5884.0
2020-03-09,46.8,46.8,40.25,43.0,24664,EQ,1096.0,22.5,9805.0
2020-03-11,41.55,46.0,41.55,43.9,16320,EQ,516.0,31.63,6343.0
2020-03-12,42.5,42.75,35.1,36.75,16070,EQ,701.0,22.92,11335.0
2020-03-13,31.35,44.1,30.5,43.4,42745,EQ,1326.0,32.24,20800.0
2020-03-16,44.0,51.5,39.75,45.6,22377,EQ,830.0,26.96,10241.0
2020-03-17,44.25,50.0,41.5,45.8,19961,EQ,967.0,20.64,6973.0
2020-03-18,46.5,49.45,44.2,45.6,13234,EQ,399.0,33.17,9126.0
2020-03-19,45.5,47.5,40.25,43.4,11434,EQ,427.0,26.78,5456.0
2020-03-20,43.1,51.95,42.0,42.9,47253,EQ,1329.0,35.56,13013.0
2020-03-23,40.0,42.9,36.5,37.9,8353,EQ,263.0,31.76,5634.0
2020-03-24,37.8,44.5,34.4,36.55,29814,EQ,1034.0,28.83,20906.0
2020-03-25,35.0,40.5,35.0,39.35,5222,EQ,190.0,27.48,3529.0
2020-03-26,39.35,44.4,37.1,41.2,25921,EQ,676.0,38.34,8470.0
2020-03-27,42.1,44.4,40.85,41.1,7266,EQ,207.0,35.1,4844.0
2020-03-30,37.1,42.75,37.1,39.7,12483,EQ,378.0,33.02,3115.0
2020-03-31,42.45,44.0,40.25,40.9,20394,EQ,555.0,36.75,7332.0
2020-04-01,40.95,43.5,40.95,41.65,3106,EQ,176.0,17.65,1756.0
2020-04-03,42.5,47.45,41.75,45.9,32894,EQ,1021.0,32.22,11910.0
2020-04-07,49.7,53.95,46.55,52.1,56826,EQ,1768.0,32.14,18057.0
2020-04-08,55.0,60.5,50.05,57.3,77296,EQ,2173.0,35.57,28115.0
2020-04-09,58.55,60.5,54.15,55.5,53772,EQ,1234.0,43.58,26476.0
2020-04-13,56.0,56.0,50.65,53.5,22456,EQ,,,
2020-04-15,56.95,56.95,52.6,54.1,28519,EQ,749.0,38.08,11042.0
2020-04-16,52.0,54.4,51.05,53.3,10379,EQ,268.0,38.73,5150.0
2020-04-17,55.0,56.0,53.1,53.7,20776,EQ,392.0,53.0,9497.0
2020-04-20,53.7,55.5,52.05,52.65,19284,EQ,404.0,47.73,11719.0
2020-04-21,52.6,53.6,49.3,50.9,56583,EQ,1357.0,41.7,20284.0
2020-04-22,51.15,52.1,49.7,50.6,18303,EQ,570.0,32.11,5970.0
2020-04-23,51.9,53.5,50.0,51.6,16012,EQ,604.0,26.51,7742.0
2020-04-24,51.0,55.5,50.4,52.8,51686,EQ,1300.0,39.76,18836.0
2020-04-27,54.35,55.8,52.6,53.1,25344,EQ,921.0,27.52,10558.0
2020-04-28,55.5,55.5,52.5,52.9,5673,EQ,312.0,18.18,3070.0
2020-04-29,53.5,54.0,51.25,51.7,6426,EQ,252.0,25.5,4660.0
2020-04-30,53.7,54.5,52.25,52.75,8618,EQ,261.0,33.02,4148.0
2020-05-04,52.0,52.75,48.8,50.7,10295,EQ,508.0,20.27,6635.0
2020-05-05,49.5,51.5,48.6,49.1,6174,EQ,251.0,24.6,4125.0
2020-05-06,50.0,50.0,48.0,48.1,8555,EQ,362.0,23.63,5263.0
2020-05-07,47.5,51.0,47.5,50.25,11290,EQ,420.0,26.88,5242.0
2020-05-08,49.5,50.5,48.0,48.6,7410,EQ,264.0,28.07,3999.0
2020-05-11,50.3,50.3,48.15,49.2,4401,EQ,206.0,21.36,2547.0
2020-05-12,48.75,48.75,48.0,48.1,2207,EQ,157.0,14.06,1736.0
2020-05-13,48.6,48.65,47.9,48.15,5376,EQ,209.0,25.72,4393.0
2020-05-14,48.2,49.5,47.55,47.75,4628,EQ,254.0,18.22,3256.0
2020-05-15,47.05,47.85,46.6,47.15,3774,EQ,171.0,22.07,3170.0
2020-05-18,48.0,48.0,43.6,44.15,6033,EQ,284.0,21.24,4297.0
2020-05-19,44.2,46.7,44.0,44.6,8167,EQ,195.0,41.88,3808.0
2020-05-20,44.5,45.5,44.5,45.3,5037,EQ,149.0,33.81,1040.0
2020-05-21,45.7,48.6,44.8,48.1,8753,EQ,299.0,29.27,5428.0
2020-05-22,48.1,48.9,46.05,46.2,3683,EQ,189.0,19.49,2173.0
2020-05-26,46.25,47.15,44.5,44.7,6142,EQ,291.0,21.11,4409.0
2020-05-27,46.0,46.5,44.3,45.1,4352,EQ,188.0,23.15,2357.0
2020-05-28,45.1,45.85,45.0,45.65,2741,EQ,86.0,31.87,1966.0
2020-05-29,45.2,45.65,44.75,45.2,7323,EQ,221.0,33.14,5699.0
2020-06-01,45.75,47.35,45.5,45.95,4188,EQ,229.0,18.29,2669.0
2020-06-02,46.8,50.0,45.95,49.2,32307,EQ,612.0,52.79,19812.0
2020-06-03,49.95,53.0,49.5,50.15,14605,EQ,408.0,35.8,8977.0
2020-06-04,48.15,51.15,48.15,49.1,8059,EQ,358.0,22.51,4147.0
2020-06-05,49.5,51.25,49.5,50.15,11067,EQ,490.0,22.59,5178.0
2020-06-08,51.25,52.45,49.0,49.4,11397,EQ,936.0,12.18,5057.0
2020-06-09,49.5,55.35,48.0,53.65,98479,EQ,1889.0,52.13,26079.0
2020-06-10,56.05,62.0,54.25,59.9,192508,EQ,4737.0,40.64,62444.0
2020-06-11,60.15,69.5,55.6,63.0,435922,EQ,8782.0,49.64,129328.0
2020-06-12,60.0,66.35,57.6,62.9,89073,EQ,3325.0,26.79,39114.0
2020-06-15,62.0,63.4,57.25,57.75,36183,EQ,1139.0,31.77,23752.0
2020-06-16,58.0,60.5,53.5,55.4,48912,EQ,1647.0,29.7,26809.0
2020-06-17,55.75,57.4,52.75,53.65,26691,EQ,812.0,32.87,18546.0
2020-06-18,52.0,55.45,51.0,51.5,22135,BE,393.0,56.32,22135.0
2020-06-19,51.55,53.9,50.55,53.45,11189,BE,238.0,47.01,11189.0
2020-06-22,53.5,53.95,51.5,53.1,12067,BE,181.0,66.67,12067.0
2020-06-23,53.95,53.95,52.0,53.4,9090,BE,182.0,49.95,9090.0
2020-06-24,53.5,54.4,51.0,51.5,6871,BE,192.0,35.79,6871.0
2020-06-25,52.4,53.4,50.0,51.45,9046,BE,158.0,57.25,9046.0
2020-06-26,51.45,51.45,50.5,50.8,8341,BE,120.0,69.51,8341.0
2020-06-29,50.75,50.8,48.55,49.65,7963,BE,153.0,52.05,7963.0
2020-06-30,50.75,50.75,48.55,49.4,5545,BE,89.0,62.3,5545.0
2020-07-01,49.0,49.0,46.9,47.25,11021,BE,298.0,36.98,11021.0
2020-07-02,47.25,48.9,46.0,46.5,8411,BE,118.0,71.28,8411.0
2020-07-03,46.75,48.25,46.0,46.5,9272,BE,112.0,82.79,9272.0
2020-07-06,48.25,48.25,45.1,46.3,7601,BE,110.0,69.1,7601.0
2020-07-07,48.6,48.6,45.25,46.15,5798,BE,103.0,56.29,5798.0
2020-07-08,47.5,47.5,45.6,46.1,6756,BE,90.0,75.07,6756.0
2020-07-09,46.35,46.5,44.6,45.95,5470,BE,103.0,53.11,5470.0
2020-07-10,46.5,46.5,45.0,46.15,3387,BE,84.0,40.32,3387.0
2020-07-13,46.15,47.5,45.0,45.4,8590,BE,123.0,69.84,8590.0
2020-07-14,45.25,46.0,44.1,45.25,6574,BE,90.0,73.04,6574.0
2020-07-15,45.0,45.7,43.0,44.75,9117,BE,84.0,108.54,9117.0
2020-07-16,44.1,45.5,43.05,44.9,4979,BE,152.0,32.76,4979.0
2020-07-17,43.55,45.0,43.05,44.25,6289,BE,113.0,55.65,6289.0
2020-07-20,44.5,44.5,43.15,43.6,5097,BE,89.0,57.27,5097.0
2020-07-21,44.4,44.5,43.3,43.5,6828,BE,91.0,75.03,6828.0
2020-07-22,43.4,43.9,42.5,43.6,4214,BE,77.0,54.73,4214.0
2020-07-23,43.6,44.45,43.25,43.8,2757,BE,49.0,56.27,2757.0
2020-07-24,44.1,44.1,43.0,43.95,4498,BE,64.0,70.28,4498.0
2020-07-27,44.4,44.4,42.5,43.1,5866,BE,85.0,69.01,5866.0
2020-07-28,43.95,45.25,43.75,44.0,17331,BE,179.0,96.82,17331.0
2020-07-29,44.0,44.9,43.3,44.3,2360,BE,61.0,38.69,2360.0
2020-07-30,44.2,44.85,42.75,43.0,1395,BE,53.0,26.32,1395.0
2020-07-31,44.7,44.95,42.85,43.0,6848,BE,97.0,70.6,6848.0
2020-08-03,44.45,44.5,42.2,44.3,5409,BE,107.0,50.55,5409.0
2020-08-04,44.45,44.45,42.2,43.2,10782,BE,143.0,75.4,10782.0
2020-08-05,43.4,44.0,42.5,43.5,3450,BE,86.0,40.12,3450.0
2020-08-06,43.3,43.5,42.4,42.9,6809,BE,88.0,77.38,6809.0
2020-08-07,42.9,44.5,42.6,43.8,9433,BE,140.0,67.38,9433.0
2020-08-10,43.8,46.0,43.05,46.0,9899,BE,179.0,55.3,9899.0
2020-08-11,46.4,48.25,45.75,48.25,20683,BE,264.0,78.34,20683.0
2020-08-12,50.5,50.5,48.2,48.3,11316,BE,158.0,71.62,11316.0
2020-08-13,50.0,50.0,46.6,47.0,4639,BE,95.0,48.83,4639.0
2020-08-14,49.05,49.05,45.65,46.95,9654,BE,122.0,79.13,9654.0
2020-08-17,46.95,47.85,45.1,46.1,3185,BE,60.0,53.08,3185.0
2020-08-18,44.3,48.4,44.3,48.4,13507,EQ,233.0,57.97,9892.0
2020-08-19,50.0,50.8,48.65,49.5,39561,EQ,825.0,47.95,27688.0
2020-08-20,49.5,50.25,47.7,49.15,26200,EQ,777.0,33.72,10533.0
2020-08-21,49.95,49.95,48.5,49.0,11004,EQ,358.0,30.74,8252.0
2020-08-24,49.0,50.0,48.5,48.8,12152,EQ,335.0,36.27,8719.0
2020-08-25,49.95,49.95,47.5,47.75,12161,EQ,268.0,45.38,8579.0
2020-08-26,47.7,48.9,46.7,47.65,14245,EQ,419.0,34.0,6798.0
2020-08-27,48.0,48.0,46.5,46.95,12111,EQ,299.0,40.51,7421.0
2020-08-28,47.0,49.2,46.05,47.5,27740,EQ,402.0,69.0,16428.0
2020-08-31,48.75,48.75,45.1,45.1,16489,EQ,407.0,40.51,12178.0
2020-09-01,44.5,45.65,43.6,44.1,7535,EQ,221.0,34.1,4638.0
2020-09-02,43.6,45.0,43.6,44.9,1467,EQ,52.0,28.21,1151.0
2020-09-03,46.2,46.7,44.25,44.7,5676,EQ,166.0,34.19,3731.0
2020-09-04,44.25,44.45,43.0,43.65,13529,EQ,245.0,55.22,9386.0
2020-09-07,43.75,44.9,43.0,43.15,4474,EQ,141.0,31.73,3194.0
2020-09-08,42.9,44.2,41.8,42.5,8905,EQ,228.0,39.06,6309.0
2020-09-09,43.9,43.9,41.6,42.6,11854,EQ,412.0,28.77,6765.0
2020-09-10,42.05,43.5,42.0,42.7,4802,EQ,133.0,36.11,3588.0
2020-09-11,42.6,43.2,42.6,43.15,3726,EQ,95.0,39.22,3098.0
2020-09-14,44.5,44.5,42.75,44.1,8941,EQ,223.0,40.09,4882.0
2020-09-15,45.7,46.3,43.55,46.15,32698,EQ,724.0,45.16,14085.0
2020-09-16,47.5,47.8,45.3,46.1,9373,EQ,190.0,49.33,6391.0
2020-09-17,46.75,46.75,44.5,44.9,4971,EQ,126.0,39.45,3419.0
2020-09-18,44.7,46.25,43.9,45.0,12941,EQ,334.0,38.75,7602.0
2020-09-21,45.9,45.9,43.0,43.15,9351,EQ,197.0,47.47,7267.0
2020-09-22,43.15,43.15,41.0,41.9,7724,EQ,234.0,33.01,4087.0
2020-09-23,42.0,43.0,40.8,41.35,4821,EQ,208.0,23.18,3148.0
2020-09-24,41.8,41.8,39.3,40.1,20538,EQ,310.0,66.25,13282.0
2020-09-25,41.75,41.75,40.0,41.15,4335,EQ,69.0,62.83,3960.0
2020-09-28,41.25,42.0,40.1,40.6,2412,EQ,,,
2020-09-29,41.4,41.4,40.3,41.0,3095,EQ,102.0,30.34,1687.0
2020-09-30,40.5,41.7,40.05,41.0,3333,EQ,78.0,42.73,2002.0
2020-10-01,40.1,41.7,40.1,41.4,2420,EQ,73.0,33.15,1536.0
2020-10-05,41.5,41.9,40.3,40.45,5933,EQ,171.0,34.7,3245.0
2020-10-06,40.5,41.8,40.5,40.8,5525,EQ,148.0,37.33,2985.0
2020-10-07,41.5,41.65,40.0,40.3,6178,EQ,162.0,38.14,3788.0
2020-10-08,40.4,44.35,40.4,44.35,29887,EQ,332.0,90.02,14694.0
2020-10-09,46.45,48.75,45.65,48.75,83531,EQ,918.0,90.99,51029.0
2020-10-12,48.4,48.45,45.25,46.5,50550,EQ,812.0,62.25,29619.0
2020-10-13,46.4,46.4,44.85,45.05,12467,EQ,272.0,45.83,8694.0
2020-10-14,44.55,49.55,42.7,48.9,49399,EQ,821.0,60.17,26679.0
2020-10-15,52.0,52.0,46.8,48.65,45848,EQ,759.0,60.41,18671.0
2020-10-16,49.25,53.5,47.1,52.75,90742,EQ,1956.0,46.39,52205.0
2020-10-19,53.5,53.5,50.1,51.05,32824,EQ,770.0,42.63,18832.0
2020-10-20,51.0,53.0,49.1,49.95,19932,EQ,512.0,38.93,9090.0
2020-10-21,50.85,50.85,48.0,49.0,17714,EQ,555.0,31.92,7784.0
2020-10-22,47.5,50.0,46.6,47.5,6461,BE,79.0,81.78,6461.0
2020-10-23,47.5,47.5,46.75,47.5,718,BE,21.0,34.19,718.0
2020-10-26,47.25,49.5,46.0,46.5,5491,BE,64.0,85.8,5491.0
2020-10-27,45.15,47.9,45.15,47.25,721,BE,23.0,31.35,721.0
2020-10-28,47.0,47.6,45.6,45.9,3140,BE,37.0,84.86,3140.0
2020-10-29,45.9,47.2,45.7,46.4,1137,BE,21.0,54.14,1137.0
2020-10-30,46.4,46.4,44.65,44.8,5504,BE,58.0,94.9,5504.0
2020-11-02,43.85,46.1,43.15,44.8,2615,BE,27.0,96.85,2615.0
2020-11-03,44.0,45.8,44.0,44.85,342,BE,11.0,31.09,342.0
2020-11-04,43.6,44.4,43.2,43.5,5713,BE,37.0,154.41,5713.0
2020-11-05,42.6,45.35,42.6,44.7,2253,BE,34.0,66.26,2253.0
2020-11-06,46.2,46.2,43.55,43.9,2758,BE,52.0,53.04,2758.0
2020-11-09,44.5,46.1,43.65,46.1,6598,BE,65.0,101.51,6598.0
2020-11-10,46.45,48.4,45.4,47.65,7859,BE,87.0,90.33,7859.0
2020-11-11,46.1,49.45,45.35,47.95,6452,BE,51.0,126.51,6452.0
2020-11-12,46.65,49.0,46.65,47.75,3368,BE,39.0,86.36,3368.0
2020-11-13,47.75,49.75,47.25,48.6,8176,BE,84.0,97.33,8176.0
2020-11-17,46.6,49.0,46.6,47.75,2371,BE,30.0,79.03,2371.0
2020-11-18,47.3,48.95,47.05,48.6,3830,BE,59.0,64.92,3830.0
2020-11-19,48.6,49.85,47.15,48.25,2042,BE,40.0,51.05,2042.0
2020-11-20,47.5,48.6,46.5,47.7,3724,BE,47.0,79.23,3724.0
2020-11-23,45.9,48.0,45.75,46.05,7446,BE,80.0,93.08,7446.0
2020-11-24,44.9,47.4,44.9,45.5,4508,BE,89.0,50.65,4508.0
2020-11-25,46.4,46.4,44.65,45.3,2698,BE,80.0,33.72,2698.0
2020-11-26,45.1,45.2,44.8,45.0,2401,BE,52.0,46.17,2401.0
2020-11-27,45.0,46.7,45.0,46.6,3258,BE,45.0,72.4,3258.0
2020-12-01,46.6,47.7,45.4,46.8,3759,BE,42.0,89.5,3759.0
2020-12-02,45.6,46.9,45.6,46.7,3213,BE,36.0,89.25,3213.0
2020-12-03,46.9,47.5,45.6,46.4,4484,BE,68.0,65.94,4484.0
2020-12-04,46.4,47.4,46.0,46.9,4931,BE,58.0,85.02,4931.0
2020-12-07,47.25,48.45,45.7,47.1,5406,BE,66.0,81.91,5406.0
2020-12-08,47.5,47.85,46.0,47.0,6259,BE,94.0,66.59,6259.0
2020-12-09,47.5,49.35,47.5,49.35,24336,BE,207.0,117.57,24336.0
2020-12-10,49.7,50.0,47.5,47.85,6564,BE,114.0,57.58,6564.0
2020-12-11,48.55,48.55,46.45,46.6,8933,BE,98.0,91.15,8933.0
2020-12-14,46.6,47.6,45.75,46.1,4706,BE,60.0,78.43,4706.0
2020-12-15,45.55,46.4,45.55,46.2,1655,BE,32.0,51.72,1655.0
2020-12-16,46.05,47.65,45.55,46.1,7706,BE,96.0,80.27,7706.0
2020-12-17,47.0,47.5,45.6,46.85,4575,BE,66.0,69.32,4575.0
2020-12-18,47.5,48.95,47.0,47.4,8655,BE,108.0,80.14,8655.0
2020-12-21,47.4,49.7,47.4,48.25,31077,BE,265.0,117.27,31077.0
2020-12-22,47.5,47.5,45.9,47.3,5311,BE,69.0,76.97,5311.0
2020-12-23,47.3,49.0,47.3,48.1,4908,BE,67.0,73.25,4908.0
2020-12-24,49.5,49.5,46.15,47.65,6184,BE,91.0,67.96,6184.0
2020-12-28,47.65,49.0,46.55,48.4,5254,BE,63.0,83.4,5254.0
2020-12-29,49.5,49.5,47.5,48.8,3878,BE,61.0,63.57,3878.0
2020-12-30,48.8,49.5,47.8,47.9,2024,BE,34.0,59.53,2024.0
2020-12-31,48.8,49.0,47.0,48.15,2479,BE,54.0,45.91,2479.0
2021-01-01,48.0,50.6,48.0,50.6,12218,BE,119.0,102.67,12218.0
2021-01-04,51.2,51.7,48.65,50.1,6357,BE,109.0,58.32,6357.0
2021-01-05,49.75,50.1,48.05,48.7,6793,BE,92.0,73.84,6793.0
2021-01-06,48.75,49.5,47.1,48.45,8265,BE,100.0,82.65,8265.0
2021-01-07,49.9,49.9,46.9,47.75,6349,BE,119.0,53.35,6349.0
2021-01-08,47.25,48.25,46.9,47.1,6068,BE,75.0,80.91,6068.0
2021-01-11,48.05,48.05,47.15,47.6,2832,BE,75.0,37.76,2832.0
2021-01-12,48.2,48.75,47.05,47.8,4816,BE,62.0,77.68,4816.0
2021-01-13,48.1,49.15,46.5,47.25,3818,BE,40.0,95.45,3818.0
2021-01-14,47.0,49.1,47.0,47.35,1809,BE,32.0,56.53,1809.0
2021-01-15,48.0,48.9,46.6,47.95,2878,BE,46.0,62.57,2878.0
2021-01-18,47.95,47.95,46.25,46.7,4401,BE,48.0,91.69,4401.0
2021-01-19,46.7,48.4,46.6,47.5,1623,BE,36.0,45.08,1623.0
2021-01-20,47.5,48.0,46.15,46.6,5218,BE,73.0,71.48,5218.0
2021-01-21,47.6,47.6,45.4,46.25,6587,BE,87.0,75.71,6587.0
2021-01-22,46.3,47.45,44.65,46.45,4241,BE,72.0,58.9,4241.0
2021-01-25,45.75,45.75,44.5,44.9,4328,BE,77.0,56.21,4328.0
2021-01-27,43.55,45.5,43.55,44.55,1363,BE,39.0,34.95,1363.0
2021-01-28,44.0,45.25,43.5,44.5,2431,BE,29.0,83.83,2431.0
2021-01-29,44.0,45.95,43.85,44.15,3448,BE,62.0,55.61,3448.0
2021-02-01,44.15,45.8,43.5,44.45,2995,BE,40.0,74.88,2995.0
2021-02-02,45.0,46.3,44.15,44.9,3138,EQ,99.0,31.7,2533.0
2021-02-03,44.9,46.5,44.25,46.3,1712,EQ,55.0,31.13,1373.0
2021-02-04,44.7,46.65,44.7,45.6,2983,EQ,65.0,45.89,2308.0
2021-02-05,45.25,45.75,44.5,44.75,2815,EQ,113.0,24.91,2362.0
2021-02-08,44.5,45.85,43.75,44.4,6329,EQ,173.0,36.58,4649.0
2021-02-09,44.5,45.25,44.1,44.6,3394,EQ,88.0,38.57,2644.0
2021-02-10,45.75,46.5,43.9,45.55,8563,EQ,211.0,40.58,6514.0
2021-02-11,45.2,47.5,45.15,46.3,12718,EQ,216.0,58.88,5786.0
2021-02-12,46.85,46.9,44.35,44.7,12316,EQ,464.0,26.54,7728.0
2021-02-15,46.15,46.2,44.4,45.8,5462,EQ,121.0,45.14,4778.0
2021-02-16,46.4,46.4,44.7,45.15,2227,EQ,63.0,35.35,1904.0
2021-02-17,45.9,45.9,43.75,43.9,6830,EQ,142.0,48.1,5401.0
2021-02-18,45.45,45.45,42.35,43.3,11657,EQ,304.0,38.35,8442.0
2021-02-19,43.0,43.9,43.0,43.5,2386,EQ,101.0,23.62,1679.0
2021-02-22,45.4,45.5,43.4,43.7,3367,EQ,92.0,36.6,2701.0
2021-02-23,44.9,44.9,43.25,43.75,3789,EQ,94.0,40.31,2104.0
2021-02-24,43.8,46.0,42.5,43.5,1973,EQ,66.0,29.89,1397.0
2021-02-25,45.0,45.0,43.2,43.65,4265,EQ,108.0,39.49,3508.0
2021-02-26,44.25,44.5,43.2,43.9,3923,EQ,120.0,32.69,2972.0
2021-03-01,45.0,45.0,43.8,44.4,6659,EQ,173.0,38.49,3825.0
2021-03-02,44.95,45.25,43.95,44.2,20824,EQ,185.0,112.56,18569.0
2021-03-03,44.2,45.0,41.9,43.9,37566,EQ,665.0,56.49,23330.0
2021-03-04,43.8,44.0,43.2,43.3,5504,EQ,120.0,45.87,3771.0
2021-03-05,43.0,43.9,42.5,42.85,5411,EQ,138.0,39.21,3936.0
2021-03-08,43.7,43.7,42.25,42.7,2369,EQ,104.0,22.78,1515.0
2021-03-09,43.25,43.6,41.75,42.1,9645,EQ,415.0,23.24,5849.0
2021-03-10,43.4,43.4,42.0,42.6,8627,EQ,142.0,60.75,7221.0
2021-03-12,42.8,43.2,40.55,40.95,27126,EQ,457.0,59.36,23547.0
2021-03-15,40.95,41.5,39.5,39.9,11360,EQ,226.0,50.27,9511.0
2021-03-16,40.4,43.9,40.0,43.6,32822,EQ,581.0,56.49,19036.0
2021-03-17,44.5,46.5,43.0,43.5,28793,EQ,557.0,51.69,16950.0
2021-03-18,44.4,44.45,41.6,42.3,7048,EQ,267.0,26.4,3971.0
2021-03-19,42.3,42.95,40.75,42.45,3285,EQ,148.0,22.2,2206.0
2021-03-22,43.3,43.3,39.7,40.9,8766,EQ,242.0,36.22,5638.0
2021-03-23,41.5,45.0,40.9,42.85,27420,EQ,738.0,37.15,11558.0
2021-03-24,44.75,44.75,41.25,41.4,7007,EQ,186.0,37.67,2120.0
2021-03-25,41.7,42.3,40.5,40.7,6479,EQ,123.0,52.67,5188.0
2021-03-26,41.75,41.75,40.75,41.2,2697,EQ,59.0,45.71,2191.0
2021-03-30,39.75,41.9,39.75,40.6,7104,EQ,144.0,49.33,6000.0
2021-03-31,39.8,41.75,39.8,40.1,6515,EQ,228.0,28.57,4117.0
2021-04-01,41.7,42.75,40.2,41.65,3716,EQ,168.0,22.12,2354.0
2021-04-05,41.85,42.2,40.65,41.15,2430,EQ,92.0,26.41,1666.0
2021-04-06,41.2,42.0,40.25,40.75,3623,EQ,160.0,22.64,1799.0
2021-04-07,40.8,41.25,40.55,40.8,3260,EQ,165.0,19.76,2134.0
2021-04-08,42.1,48.95,40.75,48.95,177333,EQ,2981.0,59.49,84659.0
2021-04-09,51.0,58.7,50.0,58.7,540751,EQ,7885.0,68.58,157516.0
2021-04-12,58.55,59.7,52.9,52.9,134194,EQ,2273.0,59.04,76209.0
2021-04-13,51.8,57.4,51.0,53.4,96982,EQ,1982.0,48.93,42621.0
2021-04-15,53.5,56.4,52.2,53.0,35138,EQ,649.0,54.14,21973.0
2021-04-16,52.8,53.55,51.3,51.85,12149,EQ,378.0,32.14,9428.0
2021-04-19,51.0,51.3,47.6,48.9,51543,EQ,813.0,63.4,30715.0
2021-04-20,50.6,53.5,49.1,52.15,47693,EQ,700.0,68.13,19787.0
2021-04-22,53.25,56.3,52.4,54.1,96279,EQ,1465.0,65.72,45558.0
2021-04-23,55.2,56.4,53.6,54.15,49233,EQ,638.0,77.17,31841.0
2021-04-26,55.0,56.7,54.5,55.3,30469,EQ,531.0,57.38,22430.0
2021-04-27,56.0,56.15,54.0,54.15,24730,EQ,386.0,64.07,14408.0
2021-04-28,56.0,56.45,53.0,54.15,16348,EQ,339.0,48.22,9100.0
2021-04-29,54.65,54.85,51.05,51.65,16852,EQ,274.0,61.5,12214.0
2021-04-30,51.65,55.45,50.4,53.1,40080,EQ,869.0,46.12,22235.0
2021-05-03,54.5,54.9,52.7,54.0,19890,EQ,460.0,43.24,11769.0
2021-05-04,54.5,59.4,54.4,59.2,150067,EQ,1645.0,91.23,65267.0
2021-05-05,59.85,65.1,56.8,65.1,245380,EQ,2851.0,86.07,115947.0
2021-05-06,66.2,69.15,66.0,67.55,151555,EQ,2333.0,64.96,98761.0
2021-05-07,67.0,69.0,65.45,67.0,48701,EQ,998.0,48.8,29629.0
2021-05-10,69.95,70.35,68.1,70.35,28296,EQ,214.0,132.22,27792.0
2021-05-11,73.85,73.85,73.85,73.85,27464,EQ,155.0,177.19,25861.0
2021-05-12,77.5,77.5,77.5,77.5,12133,EQ,91.0,133.33,12133.0
2021-05-14,81.4,81.4,81.4,81.4,31923,EQ,104.0,306.95,31923.0
2021-05-17,83.9,85.45,77.35,85.45,214858,EQ,2836.0,75.76,150927.0
2021-05-18,87.0,89.7,81.2,82.4,197525,EQ,2715.0,72.75,93924.0
2021-05-19,83.45,84.0,78.3,78.8,103419,EQ,1513.0,68.35,54314.0
2021-05-20,79.4,82.5,76.4,77.7,18926,BE,257.0,73.64,18926.0
2021-05-21,78.0,81.6,75.5,81.6,27326,BE,289.0,94.55,27326.0
2021-05-24,83.2,85.65,82.5,85.65,31233,BE,342.0,91.32,31233.0
2021-05-25,89.45,89.9,87.5,89.25,35154,BE,315.0,111.6,35154.0
2021-05-26,91.4,92.5,86.25,90.6,32568,BE,360.0,90.47,32568.0
2021-05-27,90.95,90.95,86.5,88.3,12226,BE,143.0,85.5,12226.0
2021-05-28,84.55,87.2,83.9,84.3,16635,BE,243.0,68.46,16635.0
2021-05-31,84.3,84.3,80.1,81.6,17409,BE,299.0,58.22,17409.0
2021-06-01,77.75,85.0,77.5,82.1,14915,BE,154.0,96.85,14915.0
2021-06-02,83.45,83.45,78.5,80.2,9534,BE,156.0,61.12,9534.0
2021-06-03,83.3,83.35,78.55,80.8,5027,BE,107.0,46.98,5027.0
2021-06-04,81.0,82.0,77.6,80.4,7223,BE,97.0,74.46,7223.0
2021-06-07,80.4,82.0,80.0,80.05,18372,BE,111.0,165.51,18372.0
2021-06-08,80.0,81.45,78.25,78.6,13433,BE,160.0,83.96,13433.0
2021-06-09,78.6,82.55,77.55,80.45,27712,BE,184.0,150.61,27712.0
2021-06-10,82.2,82.2,79.0,79.8,4422,BE,88.0,50.25,4422.0
2021-06-11,79.0,81.4,76.05,80.5,11229,BE,170.0,66.05,11229.0
2021-06-14,78.25,79.7,77.05,78.0,6667,BE,78.0,85.47,6667.0
2021-06-15,78.05,79.95,76.0,77.95,2493,BE,61.0,40.87,2493.0
2021-06-16,79.95,79.95,77.25,77.3,8708,BE,97.0,89.77,8708.0
2021-06-17,79.3,80.0,75.75,77.5,4551,BE,56.0,81.27,4551.0
2021-06-18,79.45,79.45,74.05,77.1,3085,BE,72.0,42.85,3085.0
2021-06-21,77.45,77.45,73.5,75.6,7008,BE,82.0,85.46,7008.0
2021-06-22,75.6,79.35,73.05,79.35,14861,BE,122.0,121.81,14861.0
2021-06-23,79.5,79.5,75.4,78.8,36314,BE,264.0,137.55,36314.0
2021-06-24,77.5,82.75,76.5,82.6,33186,BE,277.0,119.81,33186.0
2021-06-25,86.6,86.6,79.05,81.5,34494,BE,300.0,114.98,34494.0
2021-06-28,81.5,82.5,79.0,80.8,12675,BE,113.0,112.17,12675.0
2021-06-29,82.0,82.0,80.5,80.9,33460,BE,113.0,296.11,33460.0
2021-06-30,80.5,81.5,77.6,78.1,14323,BE,128.0,111.9,14323.0
2021-07-01,78.0,80.1,77.0,77.35,3285,BE,82.0,40.06,3285.0
2021-07-02,79.2,79.2,75.75,78.0,3314,BE,89.0,37.24,3314.0
2021-07-05,81.9,81.9,78.8,81.65,23656,BE,228.0,103.75,23656.0
2021-07-06,84.95,84.95,77.8,78.15,9483,BE,134.0,70.77,9483.0
2021-07-07,78.15,81.4,77.8,79.65,5556,BE,52.0,106.85,5556.0
2021-07-08,79.65,79.65,75.7,76.3,16825,BE,222.0,75.79,16825.0
2021-07-09,77.0,77.0,73.0,74.1,12882,BE,163.0,79.03,12882.0
2021-07-12,70.55,77.8,70.55,76.45,18295,BE,180.0,101.64,18295.0
2021-07-13,77.45,77.45,74.5,75.0,5393,BE,59.0,91.41,5393.0
2021-07-14,76.95,76.95,73.55,73.9,5912,BE,88.0,67.18,5912.0
2021-07-15,76.15,77.6,73.0,77.2,34560,BE,212.0,163.02,34560.0
2021-07-16,78.5,81.1,77.0,80.95,16288,BE,156.0,104.41,16288.0
2021-07-19,81.25,84.95,81.25,84.95,40363,BE,266.0,151.74,40363.0
2021-07-20,87.5,89.2,85.0,89.2,59860,EQ,442.0,135.43,49639.0
2021-07-22,93.5,93.65,93.25,93.65,56101,EQ,285.0,196.85,34624.0
2021-07-23,98.1,98.3,88.95,94.8,146398,EQ,1856.0,78.88,97818.0
2021-07-26,97.45,99.5,91.5,99.5,71840,EQ,801.0,89.69,50221.0
2021-07-27,102.85,104.5,98.1,104.5,49384,EQ,592.0,83.42,36851.0
2021-07-28,106.95,109.7,100.0,105.8,119289,EQ,2410.0,49.5,67411.0
2021-07-29,106.1,111.1,106.1,108.45,89993,EQ,1401.0,64.23,56236.0
2021-07-30,109.5,112.4,105.0,109.8,64239,EQ,1024.0,62.73,45896.0
2021-08-02,114.45,114.45,105.8,107.2,32483,EQ,670.0,48.48,22878.0
2021-08-03,105.5,107.75,102.9,104.15,30357,EQ,651.0,46.63,21495.0
2021-08-04,106.95,107.4,98.95,100.65,27695,EQ,735.0,37.68,19250.0
2021-08-05,104.95,104.95,97.6,101.05,9612,EQ,317.0,30.32,5954.0
2021-08-06,100.95,106.1,100.0,106.1,25939,EQ,605.0,42.87,17715.0
2021-08-09,106.95,109.85,103.5,104.55,9418,EQ,226.0,41.67,6393.0
2021-08-10,107.45,107.45,99.3,99.3,17357,EQ,277.0,62.66,14749.0
2021-08-11,102.5,102.5,94.4,98.15,18811,EQ,329.0,57.18,14460.0
2021-08-12,97.0,102.5,96.8,100.4,5803,EQ,189.0,30.7,4006.0
2021-08-13,101.95,102.45,97.1,99.3,2842,EQ,189.0,15.04,1742.0
2021-08-16,96.9,100.75,94.3,95.8,18075,EQ,559.0,32.33,11648.0
2021-08-17,97.4,97.4,92.95,93.3,4863,EQ,159.0,30.58,3043.0
2021-08-18,94.0,94.0,88.6,89.1,37377,EQ,555.0,67.35,24964.0
2021-08-20,89.1,90.6,85.0,89.65,7039,EQ,333.0,21.14,5333.0
2021-08-23,90.45,90.8,85.2,86.0,16505,EQ,238.0,69.35,14531.0
2021-08-24,86.0,86.45,82.3,85.05,13950,EQ,608.0,22.94,9829.0
2021-08-25,84.95,87.6,82.65,85.45,4725,EQ,200.0,23.62,3057.0
2021-08-26,84.2,87.4,82.5,82.65,4977,EQ,208.0,23.93,3488.0
2021-08-27,80.8,85.2,80.75,82.9,4748,EQ,179.0,26.53,3230.0
2021-08-30,82.9,84.5,80.4,82.25,7259,EQ,246.0,29.51,5128.0
2021-08-31,84.35,86.35,82.55,86.35,8211,EQ,182.0,45.12,6539.0
2021-09-01,90.45,90.6,83.2,86.4,10700,EQ,445.0,24.04,5893.0
2021-09-02,88.1,90.5,83.3,84.0,10710,EQ,506.0,21.17,6033.0
2021-09-03,85.9,87.95,83.5,85.8,7750,EQ,272.0,28.49,5706.0
2021-09-06,85.9,87.0,85.5,85.5,4869,EQ,171.0,28.47,3687.0
2021-09-07,86.75,89.8,85.65,87.3,16152,EQ,326.0,49.55,12108.0
2021-09-08,88.4,90.5,85.6,87.35,4213,EQ,126.0,33.44,2711.0
2021-09-09,88.95,88.95,85.95,86.0,2719,EQ,126.0,21.58,1748.0
2021-09-13,86.9,86.9,83.5,84.65,7986,EQ,297.0,26.89,6333.0
2021-09-14,86.7,88.9,83.65,88.2,11888,EQ,300.0,39.63,7799.0
2021-09-15,89.1,92.6,87.5,92.2,20398,EQ,336.0,60.71,15662.0
2021-09-16,92.95,93.55,89.7,91.1,12846,EQ,381.0,33.72,9656.0
2021-09-17,90.0,91.0,87.5,87.8,3992,EQ,89.0,44.85,3186.0
2021-09-20,90.5,90.5,85.2,86.8,1155,EQ,68.0,16.99,824.0
2021-09-21,86.6,88.8,83.5,85.0,8989,EQ,194.0,46.34,6974.0
2021-09-22,87.0,87.0,82.1,84.05,10399,EQ,220.0,47.27,8285.0
2021-09-23,86.4,86.4,84.0,85.1,9727,EQ,144.0,67.55,8278.0
2021-09-24,85.95,87.45,83.25,83.8,12655,EQ,295.0,42.9,9326.0
2021-09-27,84.25,85.45,82.5,84.3,15164,EQ,176.0,86.16,11486.0
2021-09-28,84.5,85.15,81.05,83.1,15538,EQ,392.0,39.64,8898.0
2021-09-29,85.45,85.45,79.75,84.1,15770,EQ,213.0,74.04,12877.0
2021-09-30,84.1,84.9,82.6,83.2,10074,EQ,200.0,50.37,7825.0
2021-10-01,84.7,84.8,83.0,83.95,1776,EQ,60.0,29.6,1418.0
2021-10-04,87.3,87.3,83.1,83.75,16530,EQ,308.0,53.67,14715.0
2021-10-05,83.75,86.3,83.5,85.2,4087,EQ,178.0,22.96,2731.0
2021-10-06,84.2,88.5,84.2,87.35,18919,EQ,403.0,46.95,15626.0
2021-10-07,87.5,91.7,86.75,89.8,21846,EQ,462.0,47.29,14699.0
2021-10-08,89.9,91.2,86.25,87.05,9826,EQ,295.0,33.31,8260.0
2021-10-11,87.6,89.95,87.5,88.45,7142,EQ,194.0,36.81,5485.0
2021-10-12,89.45,89.45,86.45,87.0,6079,EQ,190.0,31.99,4910.0
2021-10-13,86.4,87.9,83.35,84.15,22985,EQ,562.0,40.9,17126.0
2021-10-14,84.5,86.5,82.7,83.5,14022,EQ,452.0,31.02,9048.0
2021-10-18,84.4,85.9,83.0,83.5,17705,EQ,276.0,64.15,13013.0
2021-10-19,82.65,86.0,82.55,82.95,13505,EQ,357.0,37.83,6645.0
2021-10-20,82.8,83.0,80.3,80.8,10149,EQ,247.0,41.09,6528.0
2021-10-21,80.55,82.85,80.3,81.2,1946,EQ,97.0,20.06,1195.0
2021-10-22,81.65,83.4,79.5,81.95,3265,EQ,128.0,25.51,2129.0
2021-10-25,81.4,81.6,77.9,78.15,8943,EQ,177.0,50.53,6427.0
2021-10-26,78.6,78.6,75.7,76.6,4797,EQ,151.0,31.77,3619.0
2021-10-27,76.0,80.4,75.6,79.5,7968,EQ,202.0,39.45,6103.0
2021-10-28,82.0,82.0,75.5,76.0,4464,EQ,171.0,26.11,3177.0
2021-10-29,77.6,78.6,75.0,77.15,5944,EQ,130.0,45.72,4713.0
2021-11-01,75.6,81.0,75.6,80.3,3171,EQ,151.0,21.0,1895.0
2021-11-02,84.0,84.3,83.75,84.3,4517,EQ,64.0,70.58,4039.0
2021-11-03,88.5,88.5,88.5,88.5,9460,EQ,78.0,121.28,9460.0
2021-11-04,92.45,92.9,90.0,92.9,27944,EQ,78.0,358.26,9460.0
2021-11-08,96.0,97.5,88.55,90.6,27967,EQ,677.0,41.31,19438.0
2021-11-09,90.6,95.1,90.25,90.7,9657,EQ,390.0,24.76,5423.0
2021-11-10,92.0,92.0,86.2,87.5,23464,EQ,691.0,33.96,11774.0
2021-11-11,87.3,87.3,85.0,85.3,8518,EQ,240.0,35.49,7490.0
2021-11-12,87.3,87.5,85.6,86.2,3966,EQ,114.0,34.79,3174.0
2021-11-15,85.0,89.0,82.8,87.55,24054,EQ,915.0,26.29,11985.0
2021-11-16,88.2,89.75,85.75,86.6,21386,EQ,488.0,43.82,12870.0
2021-11-17,86.9,88.1,82.3,82.75,10671,EQ,279.0,38.25,8006.0
2021-11-18,80.9,84.05,78.6,78.7,24064,EQ,408.0,58.98,19249.0
2021-11-22,82.4,82.4,74.8,75.75,26313,EQ,566.0,46.49,15546.0
2021-11-23,76.0,78.5,75.65,77.1,12930,EQ,298.0,43.39,8521.0
2021-11-24,78.35,79.35,76.95,78.1,4293,EQ,116.0,37.01,3226.0
2021-11-25,78.75,78.85,77.0,78.05,4002,EQ,237.0,16.89,2030.0
2021-11-26,78.0,78.9,76.0,77.55,6599,EQ,151.0,43.7,5141.0
2021-11-29,78.75,78.75,74.0,75.85,7293,EQ,237.0,30.77,3855.0
2021-11-30,78.75,78.9,76.0,77.95,4847,EQ,143.0,33.9,3791.0
2021-12-01,78.95,78.95,76.3,77.0,2229,EQ,88.0,25.33,1479.0
2021-12-02,79.35,79.35,75.15,77.6,4985,EQ,248.0,20.1,3675.0
2021-12-03,77.7,79.15,77.7,78.25,3631,EQ,217.0,16.73,2460.0
2021-12-06,76.8,79.15,76.1,77.4,4912,EQ,198.0,24.81,3331.0
2021-12-07,79.6,81.5,77.3,79.6,9082,EQ,230.0,39.49,6789.0
2021-12-08,79.6,84.45,79.45,83.9,30963,EQ,670.0,46.21,15259.0
2021-12-09,84.45,88.4,84.4,85.7,28027,EQ,852.0,32.9,14753.0
2021-12-10,84.8,89.3,84.8,85.65,14178,EQ,430.0,32.97,9893.0
2021-12-13,85.9,89.45,85.9,87.0,17408,EQ,683.0,25.49,10182.0
2021-12-14,86.1,87.8,84.5,85.1,4926,EQ,165.0,29.85,3497.0
2021-12-15,85.45,86.0,83.0,85.4,8763,EQ,210.0,41.73,5408.0
2021-12-16,93.9,93.9,93.9,93.9,27086,EQ,119.0,227.61,27086.0
2021-12-17,103.3,103.3,94.0,97.1,130565,EQ,3047.0,42.85,73496.0
2021-12-20,96.5,100.0,93.0,95.6,49447,EQ,1223.0,40.43,31832.0
2021-12-21,98.0,98.5,91.1,92.3,22624,EQ,583.0,38.81,15118.0
2021-12-22,92.1,97.4,91.35,96.6,21708,EQ,699.0,31.06,12560.0
2021-12-23,97.0,97.0,93.0,94.25,10431,EQ,275.0,37.93,7740.0
2021-12-24,97.5,100.6,93.8,99.3,26212,EQ,763.0,34.35,17336.0
2021-12-27,100.75,102.9,99.9,100.5,14683,EQ,506.0,29.02,11592.0
2021-12-28,98.0,110.55,97.5,110.55,132334,EQ,1621.0,81.64,69934.0
2021-12-29,116.5,121.6,113.0,121.6,299040,EQ,6707.0,44.59,149845.0
2021-12-30,125.5,125.5,116.9,118.85,121285,EQ,7112.0,17.05,65399.0
2021-12-31,121.0,124.8,116.45,124.8,54925,EQ,1688.0,32.54,42842.0
2022-01-03,131.0,131.0,128.5,131.0,23749,EQ,326.0,72.85,23109.0
2022-01-04,137.4,137.55,125.5,130.8,48330,BE,610.0,79.23,48330.0
2022-01-05,130.8,130.8,124.3,124.3,17402,BE,246.0,70.74,17402.0
2022-01-06,119.1,130.5,119.1,130.5,32590,BE,469.0,69.49,32590.0
2022-01-07,136.45,136.8,126.05,129.9,17916,BE,353.0,50.75,17916.0
2022-01-10,134.8,134.8,125.65,126.6,16609,BE,328.0,50.64,16609.0
2022-01-11,127.0,129.85,120.3,121.1,15554,BE,317.0,49.07,15554.0
2022-01-12,118.85,124.75,117.8,120.8,9424,BE,161.0,58.53,9424.0
2022-01-13,120.1,124.4,119.0,120.9,5934,BE,140.0,42.39,5934.0
2022-01-14,123.85,125.0,120.5,122.7,9137,BE,136.0,67.18,9137.0
2022-01-17,123.0,127.35,120.1,125.9,8124,BE,131.0,62.02,8124.0
2022-01-18,124.0,125.9,121.1,121.75,4484,BE,89.0,50.38,4484.0
2022-01-19,120.0,122.4,119.0,120.85,3040,BE,99.0,30.71,3040.0
2022-01-20,118.0,122.5,118.0,120.0,2653,BE,67.0,39.6,2653.0
2022-01-21,115.3,125.5,115.15,120.25,10847,BE,160.0,67.79,10847.0
2022-01-24,119.0,119.0,114.25,114.3,6741,BE,95.0,70.96,6741.0
2022-01-25,114.35,119.9,108.6,119.45,13812,BE,138.0,100.09,13812.0
2022-01-27,115.5,116.45,113.5,114.6,3656,BE,95.0,38.48,3656.0
2022-01-28,114.6,119.0,113.5,116.45,2822,BE,43.0,65.63,2822.0
2022-01-31,114.0,118.9,111.2,112.05,2338,BE,63.0,37.11,2338.0
2022-02-01,114.45,116.0,109.1,111.55,3738,BE,87.0,42.97,3738.0
2022-02-02,107.9,114.0,107.9,110.55,3276,BE,87.0,37.66,3276.0
2022-02-03,112.5,112.5,108.3,109.4,4544,BE,67.0,67.82,4544.0
2022-02-04,110.95,112.4,107.8,109.05,4175,BE,92.0,45.38,4175.0
2022-02-07,106.0,112.35,103.75,106.1,6416,BE,116.0,55.31,6416.0
2022-02-08,106.4,111.4,101.0,111.25,14544,BE,138.0,105.39,14544.0
2022-02-09,111.45,116.8,108.5,116.7,42361,BE,205.0,206.64,42361.0
2022-02-10,112.55,114.95,110.85,111.1,4489,BE,80.0,56.11,4489.0
2022-02-11,111.05,114.9,106.5,109.95,8291,BE,101.0,82.09,8291.0
2022-02-14,105.6,109.9,104.45,104.45,26552,BE,160.0,165.95,26552.0
2022-02-15,99.3,103.7,99.3,99.3,51612,BE,137.0,376.73,51612.0
2022-02-16,94.3,99.0,94.3,94.3,30779,BE,248.0,124.11,30779.0
2022-02-17,95.5,96.95,89.6,90.4,30955,BE,219.0,141.35,30955.0
2022-02-18,89.85,94.5,85.9,93.4,22350,BE,233.0,95.92,22350.0
2022-02-21,92.95,92.95,88.7,88.7,6301,BE,88.0,71.6,6301.0
2022-02-22,88.45,89.0,84.5,87.2,9085,BE,101.0,89.95,9085.0
2022-02-23,88.95,89.0,86.25,88.3,9009,BE,53.0,169.98,9009.0
2022-02-24,84.05,86.75,83.9,83.95,6767,BE,100.0,67.67,6767.0
2022-02-25,80.7,85.9,80.7,85.0,2446,BE,40.0,61.15,2446.0
2022-02-28,83.05,87.2,81.0,84.7,15652,BE,87.0,179.91,15652.0
2022-03-02,82.55,88.2,81.3,86.6,8632,BE,93.0,92.82,8632.0
2022-03-03,88.2,89.0,85.0,87.8,13625,BE,118.0,115.47,13625.0
2022-03-04,89.3,89.6,85.0,89.2,8620,BE,74.0,116.49,8620.0
2022-03-07,87.8,89.0,84.75,86.7,2499,BE,,,
2022-03-08,86.45,90.0,82.8,89.05,2327,BE,38.0,61.24,2327.0
2022-03-09,90.0,91.25,88.15,90.5,4737,BE,65.0,72.88,4737.0
2022-03-10,92.45,92.45,89.0,90.8,1398,BE,35.0,39.94,1398.0
2022-03-11,94.05,94.05,91.6,91.65,981,BE,38.0,25.82,981.0
2022-03-14,91.9,92.75,90.05,90.7,2362,BE,37.0,63.84,2362.0
2022-03-15,91.0,92.3,88.6,92.15,1836,BE,29.0,63.31,1836.0
2022-03-16,91.95,92.5,89.5,89.7,1647,BE,37.0,44.51,1647.0
2022-03-17,89.7,91.95,88.25,91.5,929,BE,35.0,26.54,929.0
2022-03-21,89.5,91.9,88.8,91.05,3877,BE,24.0,161.54,3877.0
2022-03-22,89.1,91.4,88.5,88.9,4231,BE,50.0,84.62,4231.0
2022-03-23,89.95,89.95,86.85,87.1,3489,BE,43.0,81.14,3489.0
2022-03-24,88.95,88.95,82.75,82.95,17452,BE,148.0,117.92,17452.0
2022-03-25,84.95,85.1,83.3,84.9,10122,BE,46.0,220.04,10122.0
2022-03-28,82.6,87.5,82.6,86.0,14773,BE,101.0,146.27,14773.0
2022-03-29,86.5,89.5,83.15,83.7,16789,EQ,200.0,83.94,15017.0
2022-03-30,87.35,87.35,84.6,85.1,3738,EQ,153.0,24.43,2588.0
2022-03-31,87.85,87.85,82.5,83.65,22067,EQ,314.0,70.28,17808.0
2022-04-01,86.85,87.85,84.0,87.6,7010,EQ,251.0,27.93,3982.0
2022-04-04,87.45,92.0,86.8,92.0,11805,EQ,149.0,79.23,9932.0
2022-04-05,92.0,96.6,92.0,96.6,7818,EQ,144.0,54.29,7033.0
2022-04-06,99.45,101.4,95.95,101.1,32329,EQ,517.0,62.53,25350.0
2022-04-07,105.0,109.45,102.0,107.4,33612,EQ,835.0,40.25,22300.0
2022-04-08,107.4,108.5,103.0,107.4,7301,EQ,242.0,30.17,4695.0
2022-04-11,102.8,106.35,97.7,100.95,8181,EQ,355.0,23.05,4602.0
2022-04-12,98.15,107.45,98.15,105.95,4981,EQ,266.0,18.73,3393.0
2022-04-13,109.0,109.0,103.25,104.0,16551,EQ,242.0,68.39,14599.0
2022-04-18,98.5,104.4,98.5,99.5,8354,EQ,257.0,32.51,5619.0
2022-04-19,103.65,103.65,92.65,97.3,7407,EQ,225.0,32.92,4461.0
2022-04-20,100.4,101.95,95.3,97.3,2291,EQ,127.0,18.04,1271.0
2022-04-21,98.15,98.15,95.15,97.15,1187,EQ,109.0,10.89,564.0
2022-04-22,97.1,100.35,94.4,98.4,4192,EQ,352.0,11.91,2507.0
2022-04-25,92.4,102.65,92.4,97.1,3811,EQ,277.0,13.76,1981.0
2022-04-26,99.45,99.75,92.8,93.45,5313,EQ,256.0,20.75,4063.0
2022-04-27,97.3,97.3,86.25,91.9,6624,EQ,274.0,24.18,3588.0
2022-04-28,95.0,96.0,91.0,92.45,4715,EQ,253.0,18.64,2983.0
2022-04-29,95.0,96.4,92.5,93.4,2200,EQ,111.0,19.82,1524.0
2022-05-02,96.35,96.35,92.5,93.5,1219,EQ,92.0,13.25,622.0
2022-05-04,96.1,96.1,85.35,88.65,16101,EQ,722.0,22.3,7370.0
2022-05-05,94.95,94.95,86.1,87.0,5114,EQ,401.0,12.75,2925.0
2022-05-06,85.0,89.8,83.5,86.4,3962,EQ,370.0,10.71,1959.0
2022-05-09,83.95,87.7,80.0,81.0,14835,EQ,571.0,25.98,8133.0
2022-05-10,86.0,86.0,81.45,82.7,3221,EQ,255.0,12.63,1849.0
2022-05-12,79.9,84.9,72.5,73.2,20814,EQ,529.0,39.35,14159.0
2022-05-13,75.7,78.95,73.9,78.2,8491,EQ,617.0,13.76,5216.0
2022-05-16,79.95,84.9,76.95,81.4,7661,EQ,404.0,18.96,3131.0
2022-05-17,82.75,84.5,81.5,82.85,4289,EQ,276.0,15.54,3273.0
2022-05-18,82.65,83.95,78.6,80.0,8370,EQ,818.0,10.23,4675.0
2022-05-19,79.0,81.7,75.55,77.3,2973,EQ,174.0,17.09,2410.0
2022-05-20,79.8,79.8,77.8,78.6,1122,EQ,120.0,9.35,687.0
2022-05-23,77.05,78.9,75.0,75.9,4221,EQ,232.0,18.19,2250.0
2022-05-24,77.25,78.35,76.2,77.3,1438,EQ,86.0,16.72,857.0
2022-05-25,78.75,78.75,73.0,74.9,3908,EQ,185.0,21.12,2346.0
2022-05-26,77.25,78.45,73.95,75.4,1905,EQ,121.0,15.74,934.0
2022-05-27,80.7,80.7,75.95,78.9,4316,EQ,352.0,12.26,2099.0
2022-05-30,79.4,81.6,79.1,80.15,1939,EQ,134.0,14.47,1307.0
2022-05-31,82.4,88.1,79.1,85.5,18556,EQ,805.0,23.05,8901.0
2022-06-01,88.1,90.8,85.75,86.95,8248,EQ,545.0,15.13,4438.0
2022-06-02,90.0,90.0,85.5,86.0,4064,EQ,312.0,13.03,1823.0
2022-06-03,88.7,89.5,86.25,86.9,3402,EQ,107.0,31.79,2168.0
2022-06-06,87.95,87.95,83.5,84.9,2495,EQ,113.0,22.08,1830.0
2022-06-07,87.0,87.45,81.5,82.55,5819,EQ,273.0,21.32,2698.0
2022-06-08,84.8,85.5,81.7,83.5,4162,EQ,229.0,18.17,2450.0
2022-06-09,85.45,85.5,82.5,85.2,3198,EQ,122.0,26.21,2101.0
2022-06-10,84.0,85.5,82.4,84.1,2502,EQ,99.0,25.27,1877.0
2022-06-13,84.1,84.1,78.2,80.0,13032,EQ,549.0,23.74,8930.0
2022-06-14,80.55,83.0,78.5,80.25,4168,EQ,102.0,40.86,2909.0
2022-06-15,82.45,82.45,79.0,79.65,4294,EQ,130.0,33.03,3027.0
2022-06-16,82.4,82.4,78.8,79.35,5702,EQ,148.0,38.53,4664.0
2022-06-17,79.75,81.15,77.5,79.65,3245,EQ,78.0,41.6,1502.0
2022-06-20,79.65,79.7,73.3,74.65,5031,EQ,280.0,17.97,3893.0
2022-06-21,76.25,76.95,74.0,74.8,4740,EQ,189.0,25.08,3045.0
2022-06-22,72.5,74.95,72.5,74.6,1722,EQ,94.0,18.32,1185.0
2022-06-23,74.0,76.6,74.0,75.9,958,EQ,47.0,20.38,741.0
2022-06-24,79.0,79.0,74.1,74.9,3376,EQ,155.0,21.78,2011.0
2022-06-27,75.0,81.0,75.0,78.65,6297,EQ,240.0,26.24,3540.0
2022-06-28,79.1,80.95,77.6,79.65,3482,EQ,279.0,12.48,1440.0
2022-06-29,80.0,80.55,78.1,79.4,1726,EQ,74.0,23.32,865.0
2022-06-30,79.8,80.95,77.6,77.9,1675,EQ,108.0,15.51,410.0
2022-07-01,77.3,78.0,75.5,76.4,1256,EQ,75.0,16.75,330.0
2022-07-04,77.45,80.0,76.5,79.6,5493,EQ,379.0,14.49,3217.0
2022-07-05,80.0,95.5,78.1,92.4,163569,EQ,2504.0,65.32,51673.0
2022-07-06,91.25,91.65,85.1,85.6,33506,EQ,1330.0,25.19,14251.0
2022-07-07,86.3,87.5,81.8,82.3,24328,EQ,792.0,30.72,16173.0
2022-07-08,84.0,84.45,80.95,81.85,8668,EQ,546.0,15.88,4175.0
2022-07-11,83.1,83.4,80.0,83.1,4111,EQ,219.0,18.77,2417.0
2022-07-12,83.1,86.0,81.5,81.9,9606,EQ,426.0,22.55,5497.0
2022-07-13,82.5,82.7,80.5,81.25,3909,EQ,126.0,31.02,2654.0
2022-07-14,85.95,85.95,80.25,80.75,5653,EQ,290.0,19.49,2470.0
2022-07-15,81.8,83.95,81.05,81.8,5045,EQ,184.0,27.42,2568.0
2022-07-18,81.4,82.8,81.1,82.7,3038,EQ,201.0,15.11,1685.0
2022-07-19,82.15,83.3,81.2,82.1,2400,EQ,169.0,14.2,1057.0
2022-07-20,84.7,84.7,81.5,82.5,2947,EQ,100.0,29.47,1305.0
2022-07-21,84.15,87.0,83.1,86.3,13441,EQ,320.0,42.0,6185.0
2022-07-22,84.5,89.0,84.5,86.6,13026,EQ,325.0,40.08,7022.0
2022-07-25,89.75,89.85,86.1,86.45,3288,EQ,194.0,16.95,1858.0
2022-07-26,87.5,87.5,81.45,82.6,12126,EQ,661.0,18.34,5291.0
2022-07-27,82.8,86.3,81.25,84.55,7184,EQ,334.0,21.51,3239.0
2022-07-28,87.8,88.5,83.55,85.75,3791,EQ,372.0,10.19,2374.0
2022-07-29,84.9,84.9,79.0,81.0,22382,EQ,1244.0,17.99,12288.0
2022-08-01,81.95,84.0,80.8,81.9,6543,EQ,240.0,27.26,3880.0
2022-08-02,81.0,83.6,81.0,81.8,5979,EQ,220.0,27.18,3708.0
2022-08-03,81.45,82.4,80.0,80.5,15205,EQ,353.0,43.07,11755.0
2022-08-04,80.9,82.1,79.4,80.25,5996,EQ,298.0,20.12,3777.0
2022-08-05,80.9,81.4,79.0,79.2,7323,EQ,208.0,35.21,5100.0
2022-08-08,80.95,81.4,79.7,80.15,3165,EQ,,,
2022-08-10,79.0,81.4,79.0,80.05,6034,EQ,168.0,35.92,3639.0
2022-08-11,79.85,81.7,79.25,80.9,6944,EQ,230.0,30.19,4267.0
2022-08-12,80.35,87.0,79.7,84.6,18826,EQ,689.0,27.32,11499.0
2022-08-16,86.0,86.5,82.0,82.65,11481,EQ,378.0,30.37,8082.0
2022-08-17,82.0,87.5,80.95,85.4,12619,EQ,555.0,22.74,6844.0
2022-08-18,87.45,87.45,83.6,84.3,5043,EQ,171.0,29.49,1648.0
2022-08-19,83.5,85.6,82.3,83.15,4951,EQ,223.0,22.2,3163.0
2022-08-22,84.1,84.3,80.45,81.1,4238,EQ,284.0,14.92,1946.0
2022-08-23,81.65,82.45,80.05,81.45,4688,EQ,212.0,22.11,1942.0
2022-08-24,82.0,83.0,80.1,81.45,5214,EQ,247.0,21.11,3585.0
2022-08-25,84.0,84.0,80.5,81.3,2836,EQ,165.0,17.19,1548.0
2022-08-26,81.6,82.1,80.4,80.45,9426,EQ,220.0,42.85,7379.0
2022-08-29,82.0,82.0,78.5,79.5,3490,EQ,182.0,19.18,2492.0
2022-08-30,80.2,85.75,79.2,84.8,24799,EQ,780.0,31.79,14585.0
2022-09-01,85.5,91.75,82.5,87.4,39552,EQ,1463.0,27.03,20651.0
2022-09-02,88.5,90.6,83.2,84.1,16713,EQ,672.0,24.87,11358.0
2022-09-05,82.1,84.95,82.1,82.6,10333,EQ,680.0,15.2,5483.0
2022-09-06,82.55,84.45,82.45,83.1,7873,EQ,356.0,22.12,3855.0
2022-09-07,83.1,84.7,83.1,83.95,5688,EQ,211.0,26.96,4633.0
2022-09-08,84.95,84.95,82.55,82.9,5627,EQ,227.0,24.79,4088.0
2022-09-09,84.45,86.4,82.0,85.6,12028,EQ,388.0,31.0,7567.0
2022-09-12,85.6,88.0,84.1,87.4,13938,EQ,414.0,33.67,8151.0
2022-09-13,88.0,88.25,86.05,86.4,7855,EQ,340.0,23.1,4476.0
2022-09-14,84.0,87.95,83.55,84.95,10054,EQ,382.0,26.32,6906.0
2022-09-15,87.45,88.0,84.5,85.7,8205,EQ,347.0,23.65,4850.0
2022-09-16,86.1,87.45,82.7,83.7,5184,EQ,288.0,18.0,2836.0
2022-09-19,87.0,87.0,83.7,85.3,9209,EQ,306.0,30.09,7357.0
2022-09-20,87.0,87.6,84.0,85.1,7055,EQ,224.0,31.5,4722.0
2022-09-21,85.8,85.8,82.15,82.8,24645,EQ,681.0,36.19,15889.0
2022-09-22,84.2,92.95,82.1,88.05,57623,EQ,1402.0,41.1,31146.0
2022-09-23,89.4,90.0,84.5,85.45,14469,EQ,508.0,28.48,8924.0
2022-09-26,85.45,85.75,82.4,83.45,7465,EQ,339.0,22.02,4546.0
2022-09-27,84.95,84.95,82.4,83.1,4935,EQ,196.0,25.18,3339.0
2022-09-28,82.4,85.6,80.5,82.2,10328,EQ,358.0,28.85,6690.0
2022-09-29,84.2,84.8,82.35,83.8,6151,EQ,204.0,30.15,3088.0
2022-09-30,82.5,85.1,82.0,82.5,7649,EQ,641.0,11.93,3596.0
2022-10-03,85.9,85.95,83.2,85.15,7102,EQ,519.0,13.68,4812.0
2022-10-04,83.25,85.5,83.25,84.55,4534,EQ,189.0,23.99,2828.0
2022-10-06,83.3,86.1,83.3,85.6,11291,EQ,300.0,37.64,9445.0
2022-10-07,86.0,86.75,85.0,86.35,4657,EQ,212.0,21.97,3046.0
2022-10-10,86.6,86.8,84.5,85.9,5563,EQ,300.0,18.54,3429.0
2022-10-11,85.0,87.95,84.5,86.9,10388,EQ,338.0,30.73,8021.0
2022-10-12,86.9,88.5,86.0,87.4,7639,EQ,233.0,32.79,4367.0
2022-10-13,85.5,86.75,84.1,84.95,5683,EQ,288.0,19.73,3075.0
2022-10-14,87.9,90.0,85.05,87.65,21000,EQ,572.0,36.71,14127.0
2022-10-17,87.65,90.0,86.3,86.7,35246,EQ,649.0,54.31,30841.0
2022-10-18,85.05,89.95,83.1,85.1,17121,EQ,448.0,38.22,11787.0
2022-10-19,85.7,88.0,84.7,87.1,5711,EQ,254.0,22.48,3476.0
2022-10-20,86.95,87.45,84.3,86.1,2874,EQ,146.0,19.68,1852.0
2022-10-21,83.8,86.6,83.8,86.15,2619,EQ,165.0,15.87,1497.0
2022-10-24,86.6,89.0,86.6,88.25,9716,EQ,251.0,38.71,7566.0
2022-10-25,88.5,89.5,87.8,89.45,8336,EQ,252.0,33.08,6537.0
2022-10-27,89.5,89.5,86.55,87.3,5743,EQ,182.0,31.55,4689.0
2022-10-28,86.0,89.45,86.0,88.7,5235,EQ,277.0,18.9,3262.0
2022-10-31,89.4,91.4,87.0,88.3,18156,EQ,518.0,35.05,9440.0
2022-11-01,88.3,89.3,85.95,87.15,8744,EQ,250.0,34.98,6616.0
2022-11-02,88.95,88.95,86.5,87.9,22405,EQ,253.0,88.56,21002.0
2022-11-03,87.4,88.6,86.05,87.0,7109,EQ,266.0,26.73,5734.0
2022-11-04,88.7,88.7,85.7,86.8,11127,EQ,530.0,20.99,7053.0
2022-11-07,86.65,87.2,85.3,86.1,6859,EQ,233.0,29.44,4022.0
2022-11-09,86.6,87.85,84.5,85.4,10537,EQ,359.0,29.35,6154.0
2022-11-10,86.45,87.5,85.8,86.25,3343,EQ,143.0,23.38,2279.0
2022-11-11,86.0,86.8,85.0,85.25,11076,EQ,288.0,38.46,8645.0
2022-11-14,87.95,87.95,84.5,87.25,11002,EQ,341.0,32.26,8775.0
2022-11-15,87.45,87.45,84.05,84.4,13928,EQ,341.0,40.84,8775.0
2022-11-16,84.6,84.9,83.5,84.0,2933,EQ,142.0,20.65,2091.0
2022-11-17,85.0,85.0,82.05,82.35,6835,EQ,236.0,28.96,5483.0
2022-11-18,83.7,85.25,82.0,82.3,2083,EQ,133.0,15.66,1447.0
2022-11-21,84.0,84.8,81.95,82.0,9338,EQ,211.0,44.26,7010.0
2022-11-22,82.1,82.9,81.15,81.95,4601,EQ,174.0,26.44,3540.0
2022-11-23,81.5,83.2,80.95,81.5,6414,EQ,216.0,29.69,4952.0
2022-11-24,80.95,83.0,80.95,81.6,3737,EQ,374.0,9.99,2646.0
2022-11-25,83.5,83.5,81.0,82.55,9001,EQ,805.0,11.18,5826.0
2022-11-28,83.4,84.7,81.0,81.2,8806,EQ,410.0,21.48,6966.0
2022-11-29,81.8,82.65,79.0,79.45,11004,EQ,428.0,25.71,9875.0
2022-11-30,79.1,81.0,77.6,78.1,10855,EQ,387.0,28.05,8147.0
2022-12-01,78.6,80.95,77.3,79.95,10947,EQ,375.0,29.19,7525.0
2022-12-02,79.0,83.2,79.0,80.8,7556,EQ,465.0,16.25,3503.0
2022-12-05,79.25,81.7,79.25,81.2,6950,EQ,290.0,23.97,5457.0
2022-12-06,81.8,82.5,80.95,81.5,6228,EQ,187.0,33.3,5146.0
2022-12-07,81.5,82.95,81.3,81.6,4648,EQ,191.0,24.34,3276.0
2022-12-08,81.5,81.9,80.2,80.65,8319,EQ,235.0,35.4,6068.0
2022-12-09,81.8,81.8,80.3,80.55,8681,EQ,176.0,49.32,7167.0
2022-12-12,77.1,81.7,77.05,81.45,5492,EQ,236.0,23.27,3368.0
2022-12-13,80.6,81.8,79.9,80.8,6340,EQ,286.0,22.17,4682.0
2022-12-14,81.0,83.1,80.0,80.45,13459,EQ,516.0,26.08,8712.0
2022-12-15,80.5,82.0,77.95,79.75,19997,EQ,512.0,39.06,10596.0
2022-12-16,79.05,79.9,78.7,78.9,4601,EQ,162.0,28.4,2941.0
2022-12-19,80.75,81.0,79.45,80.9,2195,EQ,151.0,14.54,1383.0
2022-12-20,80.95,80.95,78.6,78.9,5625,EQ,179.0,31.42,4761.0
2022-12-21,78.8,81.15,76.7,77.35,13720,EQ,530.0,25.89,7692.0
2022-12-22,80.95,80.95,76.75,78.1,4218,EQ,281.0,15.01,2567.0
2022-12-23,78.15,82.85,72.95,74.9,22526,EQ,1075.0,20.95,8724.0
2022-12-26,74.95,78.6,74.9,77.8,6927,EQ,301.0,23.01,4448.0
2022-12-27,77.4,79.35,77.3,78.05,2861,EQ,238.0,12.02,1009.0
2022-12-28,77.3,79.5,77.15,78.15,3445,EQ,800.0,4.31,846.0
2022-12-29,79.5,79.5,76.55,77.65,1307,EQ,256.0,5.11,515.0
2022-12-30,78.2,78.9,77.5,77.8,2613,EQ,410.0,6.37,988.0
2023-01-02,78.9,81.4,77.3,78.0,4563,EQ,581.0,7.85,2203.0
2023-01-03,78.5,78.5,76.1,76.45,10516,EQ,652.0,16.13,6091.0
2023-01-04,79.0,79.25,76.1,76.3,4385,EQ,154.0,28.47,2639.0
2023-01-05,77.6,77.6,76.35,76.55,897,EQ,86.0,10.43,219.0
2023-01-06,76.1,77.45,76.0,76.55,3073,EQ,316.0,9.72,1353.0
2023-01-09,77.8,77.85,75.8,76.9,3664,EQ,598.0,6.13,1496.0
2023-01-10,78.35,78.35,75.95,76.8,2936,EQ,302.0,9.72,1293.0
2023-01-11,77.5,77.5,76.3,77.0,3153,EQ,391.0,8.06,1309.0
2023-01-12,77.55,77.55,75.55,76.05,1982,EQ,130.0,15.25,1054.0
2023-01-13,76.75,87.7,75.55,82.0,23962,EQ,849.0,28.22,14171.0
2023-01-16,80.9,80.95,78.75,79.1,5413,EQ,240.0,22.55,3940.0
2023-01-17,78.5,80.5,77.25,77.8,2226,EQ,340.0,6.55,909.0
2023-01-18,78.95,81.45,77.1,79.4,4779,EQ,370.0,12.92,2586.0
2023-01-19,78.85,78.85,76.3,77.0,3491,EQ,221.0,15.8,2410.0
2023-01-20,78.5,78.5,76.0,76.05,11130,EQ,204.0,54.56,9116.0
2023-01-23,76.95,78.0,75.9,76.3,3155,EQ,160.0,19.72,1697.0
2023-01-24,77.9,77.9,75.4,75.6,4321,EQ,373.0,11.58,1968.0
2023-01-25,76.5,78.2,75.1,76.3,5207,EQ,269.0,19.36,3344.0
2023-01-27,76.4,78.0,75.0,75.75,7666,EQ,362.0,21.18,4281.0
2023-01-30,77.8,77.8,73.5,75.45,4191,EQ,274.0,15.3,2154.0
2023-01-31,78.0,78.0,74.5,75.45,5761,EQ,566.0,10.18,2278.0
2023-02-01,76.45,76.9,74.3,75.0,2693,EQ,122.0,22.07,1438.0
2023-02-02,75.6,76.45,74.55,74.7,1308,EQ,106.0,12.34,599.0
2023-02-03,76.5,76.5,73.0,74.1,2011,EQ,114.0,17.64,908.0
2023-02-06,74.45,75.95,73.55,73.9,2562,EQ,109.0,23.5,1551.0
2023-02-07,75.0,75.0,70.5,71.45,7674,EQ,397.0,19.33,4809.0
2023-02-08,71.5,72.45,70.15,71.4,4516,EQ,221.0,20.43,2503.0
2023-02-09,74.45,74.45,71.0,71.15,1411,EQ,129.0,10.94,835.0
2023-02-10,72.35,73.45,71.5,72.1,1125,EQ,100.0,11.25,641.0
2023-02-13,75.05,75.25,70.5,72.6,2036,EQ,72.0,28.28,1666.0
2023-02-14,70.85,74.45,70.75,72.4,2017,EQ,77.0,26.19,1364.0
2023-02-15,72.75,74.4,70.55,71.5,2395,EQ,188.0,12.74,1130.0
2023-02-16,73.45,73.45,71.0,71.45,1555,EQ,218.0,7.13,941.0
2023-02-17,72.4,73.9,71.0,73.3,2696,EQ,184.0,14.65,2191.0
2023-02-20,75.0,75.0,71.0,71.2,2521,EQ,195.0,12.93,1653.0
2023-02-21,72.1,73.75,71.1,71.3,2942,EQ,144.0,20.43,2014.0
2023-02-22,73.9,73.9,68.8,70.95,5515,EQ,257.0,21.46,4240.0
2023-02-23,71.55,72.5,67.0,68.1,7705,EQ,293.0,26.3,6103.0
2023-02-24,69.5,70.6,67.3,69.9,7533,EQ,732.0,10.29,3364.0
2023-02-27,66.3,77.5,66.3,72.4,9860,EQ,551.0,17.89,5538.0
2023-02-28,76.1,76.1,70.1,70.8,3310,EQ,260.0,12.73,2103.0
2023-03-01,70.95,71.5,67.5,68.3,6539,EQ,371.0,17.63,4887.0
2023-03-02,67.3,69.45,65.15,66.05,11484,EQ,330.0,34.8,8369.0
2023-03-03,67.3,67.95,65.7,67.0,10379,EQ,740.0,14.03,7149.0
2023-03-06,69.8,69.8,66.55,67.0,9092,EQ,364.0,24.98,7191.0
2023-03-08,67.1,68.0,65.5,67.25,3205,EQ,173.0,18.53,2207.0
2023-03-09,68.05,69.15,65.0,65.75,8305,EQ,696.0,11.93,4585.0
2023-03-10,67.0,67.7,64.6,66.3,13544,EQ,952.0,14.23,7629.0
2023-03-13,67.8,68.45,62.65,63.3,11772,EQ,669.0,17.6,7411.0
2023-03-14,63.0,75.95,62.5,74.6,124707,EQ,4076.0,30.6,32390.0
2023-03-15,76.85,81.35,70.5,71.35,117577,EQ,3645.0,32.26,27720.0
2023-03-16,72.7,74.4,70.05,71.7,13909,EQ,682.0,20.39,4246.0
2023-03-17,72.15,73.95,71.75,72.8,11391,EQ,590.0,19.31,6411.0
2023-03-20,70.95,73.5,70.95,71.4,7311,EQ,562.0,13.01,3370.0
2023-03-21,70.0,74.95,69.6,71.8,14355,EQ,716.0,20.05,7497.0
2023-03-22,71.8,83.2,70.3,79.35,46483,EQ,2077.0,22.38,17972.0
2023-03-23,79.25,79.25,76.0,77.8,17262,EQ,891.0,19.37,7491.0
2023-03-24,74.0,79.5,74.0,76.1,9356,EQ,674.0,13.88,5313.0
2023-03-27,76.1,78.2,72.35,72.95,12159,EQ,766.0,15.87,6773.0
2023-03-28,76.3,76.3,69.75,71.25,28273,EQ,687.0,41.15,21438.0
2023-03-29,71.25,73.25,69.0,70.1,11486,EQ,699.0,16.43,6652.0
2023-03-31,69.15,72.9,69.15,69.6,17705,EQ,1066.0,16.61,5985.0
2023-04-03,70.1,77.4,70.1,75.8,11555,EQ,524.0,22.05,7139.0
2023-04-05,77.45,78.0,75.9,77.1,10414,EQ,784.0,13.28,5192.0
2023-04-06,76.4,78.95,75.7,78.4,10114,EQ,458.0,22.08,7012.0
2023-04-10,81.6,81.6,79.05,79.95,18051,EQ,461.0,39.16,10870.0
2023-04-11,79.95,81.55,79.3,80.9,7453,EQ,431.0,17.29,3308.0
2023-04-12,80.3,82.5,79.8,80.85,8885,EQ,353.0,25.17,6722.0
2023-04-13,81.45,86.7,81.45,83.9,16328,EQ,674.0,24.23,9401.0
2023-04-17,84.9,84.9,81.45,82.8,16576,EQ,320.0,51.8,10986.0
2023-04-18,82.0,83.4,78.6,79.4,14882,EQ,439.0,33.9,9718.0
2023-04-19,81.5,84.15,79.5,82.9,9525,EQ,297.0,32.07,7950.0
2023-04-20,84.1,88.9,83.75,85.9,25837,EQ,1031.0,25.06,15511.0
2023-04-21,88.7,89.9,86.4,87.15,33305,EQ,1151.0,28.94,16857.0
2023-04-24,88.4,89.1,85.0,86.2,7513,EQ,297.0,25.3,3874.0
2023-04-25,86.5,86.5,82.65,86.0,14303,EQ,537.0,26.64,8557.0
2023-04-26,84.0,87.5,84.0,87.4,9683,EQ,334.0,28.99,6684.0
2023-04-27,87.2,88.35,85.6,86.4,9709,EQ,417.0,23.28,6935.0
2023-04-28,86.5,88.3,82.7,87.1,25598,EQ,700.0,36.57,15619.0
2023-05-02,87.5,89.5,87.25,88.95,17085,EQ,504.0,33.9,13367.0
2023-05-03,89.45,106.7,88.45,105.8,438634,EQ,7760.0,56.52,151209.0
2023-05-04,104.45,104.45,100.5,103.45,84926,EQ,3575.0,23.76,37837.0
2023-05-05,103.45,104.85,100.3,102.25,19303,EQ,1452.0,13.29,11548.0
2023-05-08,99.0,104.35,99.0,101.0,9776,EQ,961.0,10.17,4407.0
2023-05-09,102.1,102.95,98.5,99.75,17192,EQ,972.0,17.69,12770.0
2023-05-10,100.8,111.2,99.45,105.4,240977,EQ,6826.0,35.3,94696.0
2023-05-11,105.4,107.8,102.8,105.45,48548,EQ,2082.0,23.32,22912.0
2023-05-12,105.9,109.9,104.5,106.6,22939,EQ,1282.0,17.89,9251.0
2023-05-15,108.9,110.45,105.1,108.0,51020,EQ,2142.0,23.82,18976.0
2023-05-16,108.5,109.9,105.1,107.9,50872,EQ,3365.0,15.12,16023.0
2023-05-17,107.7,115.9,107.0,109.8,105930,EQ,4567.0,23.19,43592.0
2023-05-18,110.4,112.8,108.55,109.15,32701,EQ,1712.0,19.1,17809.0
2023-05-19,110.6,110.9,108.95,109.4,13775,EQ,952.0,14.47,8691.0
2023-05-22,107.5,111.2,107.5,109.05,16981,EQ,985.0,17.24,9804.0
2023-05-23,107.5,107.5,103.6,103.6,8931,BE,145.0,61.59,8931.0
2023-05-24,102.45,102.5,98.4,100.8,23272,BE,209.0,111.35,23272.0
2023-05-25,96.35,105.8,96.35,102.4,9111,BE,98.0,92.97,9111.0
2023-05-26,104.45,106.5,101.6,105.6,5245,BE,98.0,53.52,5245.0
2023-05-29,106.9,107.0,102.5,106.35,9129,BE,109.0,83.75,9129.0
2023-05-30,107.0,107.0,101.7,103.0,9046,BE,125.0,72.37,9046.0
2023-05-31,104.6,104.6,97.85,97.85,34146,BE,207.0,164.96,34146.0
2023-06-01,98.85,102.7,97.85,102.7,13693,BE,181.0,75.65,13693.0
2023-06-02,105.0,107.85,105.0,107.85,18366,BE,233.0,78.82,18366.0
2023-06-05,109.0,109.0,103.3,103.8,13038,BE,249.0,52.36,13038.0
2023-06-06,105.45,107.5,103.5,105.9,4083,BE,88.0,46.4,4083.0
2023-06-07,103.5,107.5,102.55,104.8,5784,BE,131.0,44.15,5784.0
2023-06-08,104.4,105.5,100.7,103.3,6677,BE,122.0,54.73,6677.0
2023-06-09,103.5,104.25,101.0,102.95,3700,BE,87.0,42.53,3700.0
2023-06-12,100.1,103.9,100.1,100.5,4265,BE,105.0,40.62,4265.0
2023-06-13,101.5,103.9,100.7,103.0,4579,BE,91.0,50.32,4579.0
2023-06-14,103.0,103.45,100.2,101.9,4623,BE,128.0,36.12,4623.0
2023-06-15,101.85,102.5,100.45,100.6,3334,BE,74.0,45.05,3334.0
2023-06-16,100.05,102.95,100.0,101.15,3605,BE,75.0,48.07,3605.0
2023-06-19,102.4,102.4,100.0,100.65,2715,BE,62.0,43.79,2715.0
2023-06-20,100.0,101.7,97.0,97.65,12454,BE,184.0,67.68,12454.0
2023-06-21,99.65,99.65,95.9,97.9,10813,BE,84.0,128.73,10813.0
2023-06-22,99.9,99.9,96.5,97.5,3537,BE,57.0,62.05,3537.0
2023-06-23,96.6,98.4,95.05,97.6,3050,BE,63.0,48.41,3050.0
2023-06-26,97.5,98.0,95.15,96.7,2581,BE,46.0,56.11,2581.0
2023-06-27,95.65,98.2,95.65,96.15,790,BE,28.0,28.21,790.0
2023-06-28,97.3,97.3,94.05,94.95,12179,BE,112.0,108.74,12179.0
2023-06-30,92.6,97.5,92.6,97.0,5643,BE,82.0,68.82,5643.0
2023-07-03,94.6,96.65,93.35,93.8,4189,BE,87.0,48.15,4189.0
2023-07-04,94.5,98.45,94.5,97.95,9510,BE,116.0,81.98,9510.0
2023-07-05,97.95,97.95,95.1,96.55,4451,BE,82.0,54.28,4451.0
2023-07-06,97.45,97.45,93.5,94.7,4459,BE,83.0,53.72,4459.0
2023-07-07,96.45,97.15,93.5,95.4,3157,BE,45.0,70.16,3157.0
2023-07-10,97.3,97.3,94.1,94.5,1649,BE,37.0,44.57,1649.0
2023-07-11,94.5,95.45,92.5,95.0,5398,BE,80.0,67.47,5398.0
2023-07-12,94.95,94.95,91.75,93.3,3513,BE,75.0,46.84,3513.0
2023-07-13,94.9,97.45,90.5,93.45,4578,BE,69.0,66.35,4578.0
2023-07-14,93.45,94.95,88.8,89.6,19170,BE,136.0,140.96,19170.0
2023-07-17,89.95,93.7,88.1,92.3,8541,BE,96.0,88.97,8541.0
2023-07-18,92.3,93.7,90.6,92.2,3223,BE,67.0,48.1,3223.0
2023-07-19,92.2,94.45,92.05,93.2,5806,BE,69.0,84.14,5806.0
2023-07-20,93.2,94.7,91.0,92.95,11217,BE,87.0,128.93,11217.0
2023-07-21,92.95,94.45,92.3,93.45,7108,BE,66.0,107.7,7108.0
2023-07-24,94.45,94.45,90.2,91.1,6557,BE,92.0,71.27,6557.0
2023-07-25,92.9,92.9,90.15,90.9,2293,BE,42.0,54.6,2293.0
2023-07-26,90.3,91.0,88.9,90.55,3823,BE,56.0,68.27,3823.0
2023-07-27,89.5,92.35,89.5,90.6,1361,BE,37.0,36.78,1361.0
2023-07-28,90.6,90.6,88.55,89.95,2238,BE,39.0,57.38,2238.0
2023-07-31,90.5,94.45,87.5,93.1,15530,BE,152.0,102.17,15530.0
2023-08-01,90.1,97.75,90.1,97.75,12339,BE,144.0,85.69,12339.0
2023-08-02,102.4,102.6,98.3,102.6,34974,BE,271.0,129.06,34974.0
2023-08-03,102.6,102.6,97.6,100.8,9739,BE,170.0,57.29,9739.0
2023-08-04,101.0,104.8,100.5,101.2,12815,BE,152.0,84.31,12815.0
2023-08-07,102.4,104.7,98.2,100.3,7238,BE,106.0,68.28,7238.0
2023-08-08,100.35,100.35,98.55,98.55,2260,BE,,,
2023-08-09,100.0,100.0,98.9,98.9,700,BE,,,
2023-08-10,98.75,98.75,97.25,97.25,2264,BE,,,
2023-08-11,97.25,98.7,95.3,95.35,4299,BE,,,
2023-08-14,94.8,95.0,94.8,94.8,1307,BE,,,
2023-08-16,94.45,94.45,93.0,93.0,1898,BE,,,
2023-08-17,93.0,93.0,92.5,92.9,899,BE,,,
2023-08-18,92.9,92.9,91.5,92.4,3519,BE,,,
2023-08-21,92.4,92.4,90.6,90.6,3140,BE,,,
2023-08-22,90.65,91.4,90.65,91.4,7322,BE,,,
2023-08-23,91.55,93.2,91.55,93.2,6548,BE,,,
2023-08-24,93.2,93.5,93.2,93.5,760,BE,,,
2023-08-25,93.6,95.0,93.6,94.2,1863,BE,17.0,109.59,1863.0
2023-08-28,94.0,94.2,93.45,93.45,5790,BE,34.0,170.29,5790.0
2023-08-29,93.5,93.5,91.6,91.65,2534,BE,19.0,133.37,2534.0
2023-08-30,91.75,92.5,91.5,92.1,4136,BE,21.0,196.95,4136.0
2023-08-31,92.0,92.2,92.0,92.2,4189,BE,16.0,261.81,4189.0
2023-09-01,92.35,94.0,92.35,94.0,1625,BE,12.0,135.42,1625.0
2023-09-04,95.9,95.9,95.9,95.9,859,BE,10.0,85.9,859.0
2023-09-05,97.8,97.8,97.8,97.8,2941,BE,18.0,163.39,2941.0
2023-09-06,99.75,99.75,99.5,99.75,1125,BE,19.0,59.21,1125.0
2023-09-07,101.7,101.7,101.7,101.7,1117,BE,18.0,62.06,1117.0
2023-09-08,103.5,103.5,102.0,103.0,7912,BE,51.0,155.14,7912.0
2023-09-11,106.0,108.15,105.0,108.15,17856,BE,118.0,151.32,17856.0
2023-09-12,112.5,113.5,102.75,108.95,38933,BE,327.0,119.06,38933.0
2023-09-13,107.5,114.4,107.5,113.35,26607,BE,305.0,87.24,26607.0
2023-09-14,113.3,115.5,111.0,113.1,49350,BE,171.0,288.6,49350.0
2023-09-15,114.45,115.4,110.0,114.9,37426,BE,191.0,195.95,37426.0
2023-09-18,116.5,116.5,112.5,114.5,10722,BE,102.0,105.12,10722.0
2023-09-20,114.5,116.25,111.8,113.05,8372,BE,82.0,102.1,8372.0
2023-09-21,114.5,118.7,114.5,118.6,37989,BE,262.0,145.0,37989.0
2023-09-22,121.2,124.55,120.0,124.5,48461,BE,477.0,101.6,48461.0
2023-09-25,122.1,124.6,122.05,124.6,17200,BE,113.0,152.21,17200.0
2023-09-26,124.6,125.0,124.6,124.95,10792,BE,77.0,140.16,10792.0
2023-09-27,123.5,124.0,122.5,124.0,7498,BE,52.0,144.19,7498.0
2023-09-28,124.5,124.5,124.0,124.5,5010,BE,38.0,131.84,5010.0
2023-09-29,124.0,124.5,124.0,124.5,2722,BE,20.0,136.1,2722.0
2023-10-03,124.75,126.9,124.75,126.9,2853,BE,38.0,75.08,2853.0
2023-10-04,128.05,129.4,128.05,128.5,11504,BE,83.0,138.6,11504.0
2023-10-05,130.0,131.05,130.0,131.05,8181,BE,65.0,125.86,8181.0
2023-10-06,132.45,132.45,130.5,130.5,8338,BE,63.0,132.35,8338.0
2023-10-09,130.95,131.5,130.95,131.5,15199,BE,69.0,220.28,15199.0
2023-10-10,131.5,131.9,130.05,131.45,1870,BE,35.0,53.43,1870.0
2023-10-11,132.0,132.05,131.75,132.05,12735,BE,76.0,167.57,12735.0
2023-10-12,132.25,133.0,132.25,133.0,9856,BE,58.0,169.93,9856.0
2023-10-13,133.05,133.05,133.0,133.0,11547,BE,60.0,192.45,11547.0
2023-10-16,132.75,132.75,131.55,131.55,5276,BE,27.0,195.41,5276.0
2023-10-17,132.0,132.95,132.0,132.0,3844,BE,38.0,101.16,3844.0
2023-10-18,132.0,132.05,132.0,132.05,2610,BE,26.0,100.38,2610.0
2023-10-19,132.0,133.0,132.0,132.95,6233,BE,33.0,188.88,6233.0
2023-10-20,135.6,135.6,133.45,134.0,43450,BE,76.0,571.71,43450.0
2023-10-23,134.0,134.0,131.3,131.3,13461,BE,38.0,354.24,13461.0
2023-10-25,130.05,130.05,128.7,128.75,15813,BE,44.0,359.39,15813.0
2023-10-26,126.3,126.3,126.2,126.2,8952,BE,42.0,213.14,8952.0
2023-10-27,123.75,128.6,123.75,128.6,12213,BE,50.0,244.26,12213.0
2023-10-30,132.2,132.2,127.5,131.9,6716,BE,73.0,92.0,6716.0
2023-10-31,131.5,138.5,130.6,138.5,26719,BE,220.0,121.45,26719.0
2023-11-01,142.5,145.4,140.5,144.95,88230,BE,377.0,234.03,88230.0
2023-11-02,146.5,152.2,146.0,152.1,131582,BE,655.0,200.89,131582.0
2023-11-03,154.9,158.2,145.75,150.9,44161,BE,389.0,113.52,44161.0
2023-11-06,150.9,153.9,150.0,150.5,27099,BE,140.0,193.56,27099.0
2023-11-07,152.5,154.5,150.55,152.6,23023,BE,142.0,162.13,23023.0
2023-11-08,153.05,155.65,153.05,155.65,16672,BE,74.0,225.3,16672.0
2023-11-09,158.75,158.75,156.5,158.75,27227,BE,81.0,336.14,27227.0
2023-11-10,161.9,161.9,161.9,161.9,13989,BE,72.0,194.29,13989.0
2023-11-12,165.15,165.15,165.15,165.15,12465,BE,51.0,244.41,12465.0
2023-11-13,168.45,168.45,161.85,161.85,26048,BE,118.0,220.75,26048.0
2023-11-15,158.65,161.9,158.65,161.9,22056,BE,90.0,245.07,22056.0
2023-11-16,162.4,163.0,161.95,161.95,7333,BE,57.0,128.65,7333.0
2023-11-17,161.95,161.95,160.0,160.0,9371,BE,53.0,176.81,9371.0
2023-11-20,163.2,163.2,162.0,162.5,23829,BE,55.0,433.25,23829.0
2023-11-21,162.5,163.05,162.5,162.5,13062,BE,37.0,353.03,13062.0
2023-11-22,161.5,162.5,161.05,161.05,7250,BE,45.0,161.11,7250.0
2023-11-23,161.0,161.0,160.0,160.5,4920,BE,33.0,149.09,4920.0
2023-11-24,160.05,161.5,160.05,161.0,2617,BE,31.0,84.42,2617.0
2023-11-28,161.05,163.0,161.0,162.5,5860,BE,43.0,136.28,5860.0
2023-11-29,161.05,162.4,161.05,162.0,3043,BE,25.0,121.72,3043.0
2023-11-30,162.0,165.0,158.8,165.0,5301,BE,52.0,101.94,5301.0
2023-12-01,165.8,168.3,165.8,168.3,7213,BE,62.0,116.34,7213.0
2023-12-04,171.65,171.65,171.65,171.65,3265,BE,40.0,81.62,3265.0
2023-12-05,175.05,175.05,175.05,175.05,8585,BE,49.0,175.2,8585.0
2023-12-06,178.55,178.55,178.55,178.55,6329,BE,34.0,186.15,6329.0
2023-12-07,182.1,182.1,175.8,178.4,31499,BE,99.0,318.17,31499.0
2023-12-08,174.8,174.8,174.8,174.8,2407,BE,24.0,100.29,2407.0
2023-12-11,171.3,171.3,171.3,171.3,6211,BE,34.0,182.68,6211.0
2023-12-12,167.9,174.75,167.9,174.75,11132,BE,60.0,185.53,11132.0
2023-12-13,171.55,171.55,171.3,171.3,2695,BE,31.0,86.94,2695.0
2023-12-14,167.85,167.85,167.85,167.85,4915,BE,29.0,169.48,4915.0
2023-12-15,165.1,165.1,164.5,164.5,3879,BE,27.0,143.67,3879.0
2023-12-18,164.5,172.7,164.5,172.7,8112,BE,87.0,93.24,8112.0
2023-12-19,181.35,181.35,181.35,181.35,6728,BE,57.0,118.04,6728.0
2023-12-20,190.4,190.4,172.3,173.55,71500,BE,439.0,162.87,71500.0
2023-12-21,165.0,182.2,164.9,182.2,45931,BE,238.0,192.99,45931.0
2023-12-22,184.5,191.3,184.5,191.15,55049,BE,371.0,148.38,55049.0
2023-12-26,193.65,194.5,181.6,183.3,17033,BE,272.0,62.62,17033.0
2023-12-27,185.3,189.0,181.0,183.75,7190,BE,82.0,87.68,7190.0
2023-12-28,187.0,190.9,182.5,184.95,4365,BE,113.0,38.63,4365.0
2023-12-29,184.0,185.0,177.55,184.65,13002,BE,202.0,64.37,13002.0
2024-01-01,188.0,191.85,181.1,184.1,9016,EQ,319.0,28.26,5523.0
2024-01-02,185.5,186.45,174.9,175.3,44103,EQ,654.0,67.44,32797.0
2024-01-03,178.5,178.5,170.0,173.55,21906,EQ,623.0,35.16,13014.0
2024-01-04,172.5,182.2,170.5,182.2,32769,EQ,606.0,54.07,23020.0
2024-01-05,191.25,191.3,190.0,191.3,29182,EQ,286.0,102.03,25523.0
2024-01-08,192.4,200.9,191.95,200.85,56673,EQ,645.0,87.87,25871.0
2024-01-09,204.0,210.0,198.5,200.05,46663,EQ,1974.0,23.64,29792.0
2024-01-10,202.7,204.0,195.0,196.35,17944,EQ,611.0,29.37,13559.0
2024-01-11,196.0,206.15,193.55,205.55,51611,EQ,443.0,116.5,29548.0
2024-01-12,211.0,211.0,201.45,202.85,15895,EQ,590.0,26.94,9721.0
2024-01-15,206.0,206.5,199.8,201.8,12280,EQ,515.0,23.84,9107.0
2024-01-16,201.0,208.5,193.6,200.7,11939,EQ,564.0,21.17,8431.0
2024-01-17,190.8,205.0,190.8,196.5,17078,EQ,787.0,21.7,10540.0
2024-01-18,198.65,206.3,190.0,197.3,29741,EQ,822.0,36.18,21102.0
2024-01-19,201.9,206.0,196.0,197.55,14381,EQ,579.0,24.84,10567.0
2024-01-20,202.5,202.5,192.5,195.2,3210,EQ,209.0,15.36,2225.0
2024-01-23,199.0,199.0,188.5,190.45,5941,EQ,409.0,14.53,4535.0
2024-01-24,194.35,199.95,191.8,199.95,17428,EQ,249.0,69.99,15219.0
2024-01-25,198.5,209.9,194.4,209.3,41553,EQ,463.0,89.75,32285.0
2024-01-29,213.0,219.75,209.5,219.25,45318,EQ,1542.0,29.39,25003.0
2024-01-30,224.95,226.95,209.0,221.2,32452,EQ,1202.0,27.0,17984.0
2024-01-31,222.4,222.5,212.7,217.6,11826,EQ,657.0,18.0,5081.0
2024-02-01,215.2,222.35,212.55,220.5,8616,EQ,517.0,16.67,6039.0
2024-02-02,224.5,225.0,215.55,223.05,18909,EQ,1085.0,17.43,11413.0
2024-02-05,225.0,225.0,213.0,216.5,8415,EQ,420.0,20.04,5416.0
2024-02-06,214.0,220.95,212.5,215.05,7803,EQ,371.0,21.03,5330.0
2024-02-07,222.0,225.8,220.0,225.8,27571,EQ,932.0,29.58,22722.0
2024-02-08,230.0,235.0,227.5,230.5,17100,EQ,741.0,23.08,11135.0
2024-02-09,230.5,230.5,218.95,218.95,8725,EQ,330.0,26.44,7422.0
2024-02-12,227.4,227.4,208.0,208.0,6950,EQ,136.0,51.1,5275.0
2024-02-13,200.0,207.5,197.6,203.45,17850,EQ,614.0,29.07,13369.0
2024-02-14,200.0,202.9,195.0,199.5,12346,EQ,488.0,25.3,8058.0
2024-02-15,208.1,209.5,204.05,209.4,14605,EQ,288.0,50.71,10342.0
2024-02-16,204.0,215.0,200.0,209.3,20244,EQ,805.0,25.15,11954.0
2024-02-19,213.5,213.5,207.5,208.65,4772,EQ,258.0,18.5,2937.0
2024-02-20,205.0,209.8,198.2,198.6,10135,EQ,502.0,20.19,7776.0
2024-02-21,200.45,201.05,192.5,193.8,15911,EQ,570.0,27.91,12763.0
2024-02-22,196.5,203.45,184.1,197.9,25836,EQ,826.0,31.28,18916.0
2024-02-23,200.7,206.0,199.3,202.7,14624,EQ,638.0,22.92,11131.0
2024-02-26,211.8,212.6,203.55,209.9,29315,EQ,1412.0,20.76,18748.0
2024-02-27,213.0,215.0,204.1,209.95,13717,EQ,685.0,20.02,7659.0
2024-02-28,215.0,215.0,199.45,199.45,15592,EQ,536.0,29.09,10321.0
2024-02-29,202.9,202.9,190.1,192.7,11423,EQ,853.0,13.39,6134.0
2024-03-01,195.0,197.9,190.1,192.25,9768,EQ,375.0,26.05,7019.0
2024-03-02,192.25,194.95,185.05,190.3,2257,EQ,93.0,24.27,2001.0
2024-03-04,190.3,194.05,181.05,184.95,9890,EQ,494.0,20.02,7051.0
2024-03-05,184.95,189.95,180.5,181.05,9678,EQ,646.0,14.98,5606.0
2024-03-06,183.8,185.2,174.9,176.05,11591,EQ,663.0,17.48,8940.0
2024-03-07,176.5,184.85,176.05,184.85,6486,EQ,208.0,31.18,4202.0
2024-03-11,184.85,184.85,175.6,178.9,10792,EQ,529.0,20.4,9022.0
2024-03-12,173.0,184.85,170.15,176.5,15556,EQ,862.0,18.05,10810.0
2024-03-13,170.1,179.45,167.7,167.8,8355,EQ,420.0,19.89,5883.0
2024-03-14,160.9,176.2,160.85,175.9,11523,EQ,476.0,24.21,5972.0
2024-03-15,175.95,184.35,172.5,182.45,17457,EQ,459.0,38.03,14362.0
2024-03-18,187.0,187.0,177.5,178.2,3658,EQ,277.0,13.21,2175.0
2024-03-19,178.2,181.3,174.3,178.1,2698,EQ,215.0,12.55,1083.0
2024-03-20,179.4,181.0,173.0,175.9,2748,EQ,247.0,11.13,1174.0
2024-03-21,184.3,184.5,176.95,182.8,4886,EQ,268.0,18.23,3432.0
2024-03-22,185.6,187.7,181.35,183.3,2498,EQ,185.0,13.5,1588.0
2024-03-26,183.35,192.0,176.5,191.6,8720,EQ,549.0,15.88,4261.0
2024-03-27,200.0,200.0,193.25,194.8,7988,EQ,555.0,14.39,5144.0
2024-03-28,200.0,200.0,185.05,194.45,17345,EQ,792.0,21.9,10041.0
2024-04-01,199.5,199.5,186.55,190.8,9560,EQ,497.0,19.24,5369.0
2024-04-02,197.4,197.45,184.95,193.9,7321,EQ,432.0,16.95,4478.0
2024-04-03,193.0,194.45,189.2,191.45,2814,EQ,195.0,14.43,1644.0
2024-04-04,199.45,199.45,185.0,187.55,7036,EQ,489.0,14.39,4303.0
2024-04-05,187.0,192.5,186.0,189.05,3891,EQ,226.0,17.22,2471.0
2024-04-08,190.35,190.35,183.95,187.35,6515,EQ,434.0,15.01,4251.0
2024-04-09,193.5,193.5,183.05,185.05,5223,EQ,334.0,15.64,3461.0
2024-04-10,185.15,188.7,181.0,181.8,3653,EQ,350.0,10.44,2068.0
2024-04-12,184.55,184.6,176.5,178.0,7966,EQ,822.0,9.69,4772.0
2024-04-15,175.0,182.45,172.4,174.9,10838,EQ,730.0,14.85,6710.0
2024-04-16,171.6,182.5,171.05,174.65,5910,EQ,365.0,16.19,3263.0
2024-04-18,171.1,179.4,171.1,175.45,4891,EQ,366.0,13.36,2711.0
2024-04-19,175.0,178.95,170.0,173.9,5437,EQ,427.0,12.73,3455.0
2024-04-22,178.9,180.4,173.6,177.3,10627,EQ,497.0,21.38,7553.0
2024-04-23,180.05,180.75,174.25,175.7,4598,EQ,359.0,12.81,2570.0
2024-04-24,177.5,178.55,172.3,173.15,4457,EQ,467.0,9.54,3002.0
2024-04-25,177.0,181.8,172.65,173.9,9200,EQ,230.0,40.0,5226.0
2024-04-26,176.15,182.55,170.25,179.6,13522,EQ,762.0,17.75,8329.0
2024-04-29,188.55,188.55,179.55,185.3,23004,EQ,911.0,25.25,10588.0
2024-04-30,191.3,191.3,180.0,181.35,11704,EQ,562.0,20.83,6405.0
2024-05-02,183.05,184.45,177.0,178.4,6654,EQ,459.0,14.5,4270.0
2024-05-03,180.4,180.4,175.5,177.6,3392,EQ,268.0,12.66,2222.0
2024-05-06,177.3,177.3,170.6,172.6,3862,EQ,278.0,13.89,2785.0
2024-05-07,174.5,174.7,167.45,170.05,3446,EQ,445.0,7.74,1975.0
2024-05-08,172.4,173.3,163.6,166.05,5591,EQ,406.0,13.77,3801.0
2024-05-09,167.9,169.0,160.1,163.8,5588,EQ,294.0,19.01,4580.0
2024-05-10,169.85,171.3,162.5,165.3,3691,EQ,269.0,13.72,1396.0
2024-05-13,164.55,170.05,160.95,163.8,3350,EQ,231.0,14.5,2028.0
2024-05-14,167.4,172.0,164.0,172.0,6738,EQ,261.0,25.82,4449.0
2024-05-15,179.0,179.5,170.7,172.8,5456,EQ,454.0,12.02,2579.0
2024-05-16,168.6,174.2,168.5,171.55,3010,EQ,388.0,7.76,1264.0
2024-05-17,171.9,172.45,169.8,170.65,1550,EQ,157.0,9.87,1049.0
2024-05-18,171.95,176.45,170.0,171.3,1382,EQ,77.0,17.95,929.0
2024-05-21,168.0,175.0,168.0,172.1,3521,EQ,300.0,11.74,1886.0
2024-05-22,173.0,174.1,169.0,169.4,4087,EQ,343.0,11.92,2128.0
2024-05-23,172.05,172.05,167.5,168.2,2138,EQ,176.0,12.15,1551.0
2024-05-24,170.3,175.0,168.0,168.4,5854,EQ,259.0,22.6,2841.0
2024-05-27,168.4,170.5,164.0,164.7,6058,EQ,279.0,21.71,3802.0
2024-05-28,164.7,172.95,164.7,172.95,32165,EQ,345.0,93.23,22136.0
2024-05-29,173.45,181.55,170.75,174.2,17360,EQ,617.0,28.14,11147.0
2024-05-30,174.65,177.6,171.5,172.45,4329,EQ,310.0,13.96,2246.0
2024-05-31,176.95,176.95,168.0,168.8,4636,EQ,309.0,15.0,2560.0
2024-06-03,173.05,177.2,165.75,171.4,16037,EQ,703.0,22.81,10293.0
2024-06-04,170.1,170.55,162.85,163.0,6131,EQ,265.0,23.14,4546.0
2024-06-05,164.45,167.5,158.8,162.5,6454,EQ,304.0,21.23,4417.0
2024-06-06,166.1,166.6,160.55,162.3,5319,EQ,228.0,23.33,3223.0
2024-06-07,165.45,165.95,162.4,162.8,4410,EQ,176.0,25.06,2234.0
2024-06-10,165.0,169.6,163.3,164.3,3687,EQ,359.0,10.27,2278.0
2024-06-11,167.0,170.25,162.65,167.9,23456,EQ,609.0,38.52,20342.0
2024-06-12,171.35,171.35,161.05,165.3,40377,EQ,480.0,84.12,36695.0
2024-06-13,167.45,169.7,165.25,167.1,5820,EQ,368.0,15.82,3994.0
2024-06-14,166.7,167.0,163.05,165.55,22649,EQ,538.0,42.1,12715.0
2024-06-18,167.5,169.5,162.3,162.8,6366,EQ,258.0,24.67,4305.0
2024-06-19,164.0,166.45,158.5,159.95,13189,EQ,469.0,28.12,9140.0
2024-06-20,160.0,168.8,160.0,164.3,14644,EQ,483.0,30.32,9497.0
2024-06-21,165.2,168.9,161.05,162.45,9512,EQ,371.0,25.64,5960.0
2024-06-24,165.7,165.7,159.5,160.1,7626,EQ,412.0,18.51,5274.0
2024-06-25,165.0,173.05,157.5,164.4,30082,EQ,731.0,41.15,24435.0
2024-06-26,165.8,175.3,165.1,173.1,49894,EQ,1122.0,44.47,37477.0
2024-06-27,177.5,181.5,170.5,172.2,25179,EQ,931.0,27.05,15862.0
2024-06-28,177.45,177.45,166.5,167.2,15161,EQ,502.0,30.2,10708.0
2024-07-01,167.2,170.95,165.3,167.75,12216,EQ,548.0,22.29,8449.0
2024-07-02,168.5,174.9,167.0,169.8,23695,EQ,1222.0,19.39,11871.0
2024-07-03,174.1,174.2,169.5,172.15,5610,EQ,592.0,9.48,2686.0
2024-07-04,177.0,179.15,173.3,176.4,15845,EQ,927.0,17.09,8545.0
2024-07-05,176.4,177.45,171.0,173.1,11573,EQ,843.0,13.73,6392.0
2024-07-08,179.5,182.0,171.1,175.2,14223,EQ,700.0,20.32,7833.0
2024-07-09,175.9,179.8,171.2,172.55,8229,EQ,830.0,9.91,3987.0
2024-07-10,173.85,177.5,170.0,173.45,15477,EQ,1156.0,13.39,6183.0
2024-07-11,172.7,173.85,167.5,168.45,6622,EQ,367.0,18.04,4092.0
2024-07-12,171.95,179.0,166.55,169.2,18137,EQ,1171.0,15.49,9395.0
2024-07-15,172.0,172.0,166.5,167.2,5071,EQ,421.0,12.05,3082.0
2024-07-16,171.0,176.0,165.2,166.8,8043,EQ,686.0,11.72,2737.0
2024-07-18,167.35,167.85,162.8,164.05,9382,EQ,879.0,10.67,5351.0
2024-07-19,167.35,180.45,162.2,180.3,181338,EQ,3116.0,58.2,65042.0
2024-07-22,177.0,193.5,175.0,185.6,203305,EQ,6016.0,33.79,65458.0
2024-07-23,192.5,192.5,167.05,177.2,62774,EQ,3293.0,19.06,25835.0
2024-07-24,184.5,185.7,179.05,183.05,20341,EQ,1401.0,14.52,10283.0
2024-07-25,187.0,187.0,180.0,181.1,11525,EQ,1077.0,10.7,5902.0
2024-07-26,184.75,184.75,176.5,179.2,16413,EQ,1371.0,11.97,9946.0
2024-07-29,179.3,185.05,178.0,180.6,14541,EQ,958.0,15.18,8279.0
2024-07-30,181.7,181.7,176.3,177.2,5830,EQ,725.0,8.04,2988.0
2024-07-31,181.2,190.55,177.3,187.05,30031,EQ,1734.0,17.32,17537.0
2024-08-01,187.5,197.5,184.5,186.6,49846,EQ,2025.0,24.62,25903.0
2024-08-02,184.5,190.0,177.3,185.8,16855,EQ,1470.0,11.47,8733.0
2024-08-05,184.9,184.9,168.0,172.4,21717,EQ,1520.0,14.29,13680.0
2024-08-06,174.5,177.3,165.0,165.5,10197,EQ,758.0,13.45,6842.0
2024-08-07,169.95,174.95,167.3,171.7,10799,EQ,603.0,17.91,6873.0
2024-08-08,174.5,178.45,169.95,173.2,10051,EQ,615.0,16.34,6312.0
2024-08-09,167.5,171.2,165.8,166.6,15510,EQ,711.0,21.81,10930.0
2024-08-12,168.85,171.1,161.8,167.4,28569,EQ,1260.0,22.67,13865.0
2024-08-13,168.15,170.85,163.1,164.7,10863,EQ,582.0,18.66,6827.0
2024-08-14,167.95,168.95,161.2,162.4,9134,EQ,856.0,10.67,4870.0
2024-08-16,165.0,167.2,160.5,161.85,8486,EQ,833.0,10.19,4356.0
2024-08-19,163.3,170.0,163.3,166.4,12890,EQ,613.0,21.03,6992.0
2024-08-20,169.0,169.7,163.8,166.8,16102,EQ,510.0,31.57,13684.0
2024-08-21,167.0,169.2,165.0,165.3,9170,EQ,343.0,26.73,5845.0
2024-08-22,166.45,169.0,164.95,167.2,10788,EQ,414.0,26.06,6059.0
2024-08-23,167.5,173.9,167.5,170.1,21091,EQ,973.0,21.68,14315.0
2024-08-26,170.05,174.35,170.0,170.55,11668,EQ,622.0,18.76,5905.0
2024-08-27,172.5,174.9,166.9,171.4,15489,EQ,643.0,24.09,10131.0
2024-08-28,173.0,173.45,168.0,169.3,4956,EQ,362.0,13.69,3117.0
2024-08-29,168.3,172.5,167.3,168.3,8742,EQ,552.0,15.84,4950.0
2024-08-30,171.5,171.5,165.05,166.4,4638,EQ,456.0,10.17,2068.0
2024-09-02,171.5,171.5,165.6,166.5,2577,EQ,299.0,8.62,1406.0
2024-09-03,167.65,168.2,165.0,165.05,4352,EQ,286.0,15.22,2960.0
2024-09-04,166.5,167.45,164.4,165.65,3530,EQ,322.0,10.96,2200.0
2024-09-05,166.8,170.4,165.05,168.1,8384,EQ,1043.0,8.04,3927.0
2024-09-06,168.2,175.0,166.05,170.3,14503,EQ,1032.0,14.05,7856.0
2024-09-09,171.0,176.4,167.85,170.2,15786,EQ,982.0,16.08,9677.0
2024-09-10,166.05,192.95,166.05,188.2,126951,EQ,6341.0,20.02,46020.0
2024-09-11,190.25,200.5,186.5,195.9,141619,EQ,9547.0,14.83,60828.0
2024-09-12,198.95,202.45,194.7,198.0,74403,EQ,5906.0,12.6,26288.0
2024-09-13,201.5,201.5,194.2,195.75,47818,EQ,5370.0,8.9,10752.0
2024-09-16,199.4,200.0,193.5,194.0,21747,EQ,3405.0,6.39,6103.0
2024-09-17,194.05,195.45,187.5,188.4,25279,EQ,4417.0,5.72,8170.0
2024-09-18,189.4,194.4,180.1,185.2,32662,EQ,4461.0,7.32,10399.0
2024-09-19,186.2,193.4,181.4,184.65,18384,EQ,3329.0,5.52,5819.0
2024-09-20,180.9,189.85,180.85,183.7,25654,EQ,1752.0,14.64,15142.0
2024-09-23,183.7,187.3,180.7,183.7,10327,EQ,883.0,11.7,6881.0
2024-09-24,181.85,188.6,181.85,185.85,6886,EQ,646.0,10.66,5531.0
2024-09-25,191.95,191.95,182.55,184.6,6755,EQ,632.0,10.69,4068.0
2024-09-26,182.5,185.9,178.0,181.6,7928,EQ,1003.0,7.9,4752.0
2024-09-27,183.75,183.75,172.9,175.15,14492,EQ,1546.0,9.37,7897.0
2024-09-30,177.4,179.1,168.7,171.7,16878,EQ,658.0,25.65,14386.0
2024-10-01,173.45,177.0,171.8,175.0,4479,EQ,431.0,10.39,3210.0
2024-10-03,171.75,174.1,165.6,168.8,7326,EQ,687.0,10.66,4841.0
2024-10-04,172.2,172.2,167.1,167.55,5568,EQ,243.0,22.91,4062.0
2024-10-07,168.4,174.45,164.0,164.3,10514,EQ,518.0,20.3,5269.0
2024-10-08,167.55,169.4,164.4,166.75,4575,EQ,467.0,9.8,2645.0
2024-10-09,170.05,170.05,166.0,166.5,8290,EQ,383.0,21.64,6378.0
2024-10-10,169.8,169.8,166.1,166.2,6699,EQ,353.0,18.98,4460.0
2024-10-11,169.4,169.4,166.1,167.9,4307,EQ,201.0,21.43,3417.0
2024-10-14,171.2,171.2,165.0,167.35,6734,EQ,380.0,17.72,4515.0
2024-10-15,170.0,170.0,163.8,165.05,7132,EQ,363.0,19.65,4812.0
2024-10-16,168.3,168.3,164.5,166.3,7720,EQ,468.0,16.5,4035.0
2024-10-17,169.6,169.6,162.55,163.7,6327,EQ,431.0,14.68,3957.0
2024-10-18,164.55,167.7,163.7,165.75,7522,EQ,421.0,17.87,5354.0
2024-10-21,169.0,169.0,162.05,162.8,4469,EQ,247.0,18.09,3027.0
2024-10-22,163.65,164.8,150.6,152.2,4571,EQ,291.0,15.71,2899.0
2024-10-23,155.2,163.0,150.05,156.0,13804,EQ,584.0,23.64,6882.0
2024-10-24,158.5,158.5,150.5,156.0,10162,EQ,408.0,24.91,3586.0
2024-10-25,156.7,157.2,150.1,151.1,7861,EQ,494.0,15.91,3311.0
2024-10-28,161.4,161.4,150.5,152.25,5639,EQ,363.0,15.53,3244.0
2024-10-29,159.95,159.95,150.8,153.5,5116,EQ,287.0,17.83,2496.0
2024-10-30,159.0,166.9,152.95,163.3,10771,EQ,444.0,24.26,7666.0
2024-10-31,169.75,169.75,158.4,160.35,3137,EQ,308.0,10.19,1766.0
2024-11-01,166.95,166.95,158.5,160.8,2235,EQ,60.0,37.25,1559.0
2024-11-04,162.5,162.5,155.0,155.95,3248,EQ,293.0,11.09,2074.0
2024-11-05,157.3,159.2,155.05,156.3,3078,EQ,282.0,10.91,1937.0
2024-11-06,159.4,159.5,156.05,157.3,2679,EQ,505.0,5.3,1223.0
2024-11-07,158.1,159.1,155.25,155.55,5169,EQ,189.0,27.35,4550.0
2024-11-08,157.0,157.0,150.5,152.25,11444,EQ,318.0,35.99,7740.0
2024-11-11,153.2,153.2,150.0,150.9,5979,EQ,493.0,12.13,3810.0
2024-11-12,153.0,153.95,150.0,150.4,3265,EQ,233.0,14.01,1567.0
2024-11-13,155.0,179.2,155.0,164.5,286983,EQ,10846.0,26.46,58455.0
2024-11-14,168.45,172.5,162.65,167.0,60349,EQ,2450.0,24.63,19669.0
2024-11-18,170.3,172.0,152.0,156.3,24991,EQ,1199.0,20.84,11753.0
2024-11-19,159.9,162.45,155.5,156.8,14668,EQ,855.0,17.16,8546.0
2024-11-21,157.4,159.7,151.6,153.05,13716,EQ,541.0,25.35,8768.0
2024-11-22,153.7,158.45,152.1,155.0,7243,EQ,498.0,14.54,3920.0
2024-11-25,155.55,159.85,152.55,153.7,7091,EQ,456.0,15.55,5058.0
2024-11-26,156.4,156.4,150.0,153.8,15599,EQ,607.0,25.7,9620.0
2024-11-27,159.25,159.25,153.2,153.7,6422,EQ,485.0,13.24,3302.0
2024-11-28,155.9,157.5,153.7,155.3,53294,EQ,537.0,99.24,44359.0
2024-11-29,157.45,159.7,155.6,157.8,46732,EQ,316.0,147.89,44266.0
2024-12-02,160.5,160.5,156.1,157.45,20219,EQ,217.0,93.18,18118.0
2024-12-03,157.2,169.1,157.05,161.95,23702,EQ,883.0,26.84,12881.0
2024-12-04,162.4,170.7,162.4,167.2,23160,EQ,806.0,28.73,15023.0
2024-12-05,175.5,175.5,165.8,169.4,18838,EQ,521.0,36.16,13426.0
2024-12-06,172.5,172.5,167.2,168.5,6244,EQ,352.0,17.74,3607.0
2024-12-09,167.2,168.5,165.95,166.8,4768,EQ,330.0,14.45,2243.0
2024-12-10,166.5,166.9,161.05,162.4,5550,EQ,417.0,13.31,2863.0
2024-12-11,162.25,166.0,162.0,164.35,3497,EQ,180.0,19.43,2375.0
2024-12-12,164.35,165.3,160.5,161.6,4561,EQ,298.0,15.31,3142.0
2024-12-13,161.6,165.0,157.8,162.95,5260,EQ,510.0,10.31,2841.0
2024-12-16,162.3,164.0,160.5,162.3,8940,EQ,390.0,22.92,4635.0
2024-12-17,163.15,165.45,161.5,162.3,13787,EQ,299.0,46.11,10901.0
2024-12-18,162.7,163.0,159.45,160.4,6103,EQ,534.0,11.43,3887.0
2024-12-19,160.4,160.65,158.0,159.05,4635,EQ,215.0,21.56,2928.0
2024-12-20,158.8,175.5,156.0,161.85,39659,EQ,1287.0,30.82,21052.0
2024-12-23,162.7,168.25,160.4,162.3,9712,EQ,511.0,19.01,6832.0
2024-12-24,160.85,164.55,160.5,161.55,5251,EQ,333.0,15.77,2695.0
2024-12-26,161.5,163.5,160.0,162.9,31896,EQ,575.0,55.47,29578.0
2024-12-27,163.0,166.05,158.5,162.2,42635,EQ,952.0,44.78,33263.0
2024-12-30,163.1,163.75,157.0,158.7,6390,EQ,303.0,21.09,3392.0
2024-12-31,157.5,167.55,155.45,163.1,13912,EQ,602.0,23.11,10021.0
2025-01-01,163.1,169.45,162.0,163.45,12502,EQ,384.0,32.56,10230.0
2025-01-02,163.15,168.4,160.6,163.7,9673,EQ,317.0,30.51,7380.0
2025-01-03,163.85,173.7,163.85,171.75,33350,EQ,1617.0,20.62,19141.0
2025-01-06,170.0,181.0,168.8,173.1,36939,EQ,2310.0,15.99,18932.0
2025-01-07,173.1,178.3,170.05,175.4,7939,EQ,557.0,14.25,4290.0
2025-01-08,177.5,180.0,172.85,175.9,65630,EQ,1042.0,62.98,57914.0
2025-01-09,176.85,180.0,172.5,172.55,67899,EQ,1506.0,45.09,60004.0
2025-01-10,173.3,177.5,165.35,167.3,14136,EQ,795.0,17.78,9439.0
2025-01-13,168.5,168.5,156.05,158.8,6899,EQ,409.0,16.87,4752.0
2025-01-14,159.6,166.5,159.6,165.9,8173,EQ,417.0,19.6,5610.0
2025-01-15,165.85,169.4,165.1,168.1,7690,EQ,870.0,8.84,3056.0
2025-01-16,169.0,169.0,165.1,166.7,7230,EQ,619.0,11.68,4610.0
2025-01-17,166.15,166.15,163.3,165.55,3336,EQ,210.0,15.89,2131.0
2025-01-20,164.1,179.95,162.6,173.3,12510,EQ,313.0,39.97,10833.0
2025-01-21,174.9,186.0,168.0,169.4,6402,EQ,401.0,15.97,3291.0
2025-01-22,170.25,177.4,166.5,167.2,2466,EQ,237.0,10.41,932.0
2025-01-23,168.1,172.7,163.1,165.15,2261,EQ,236.0,9.58,1237.0
2025-01-24,166.0,170.0,163.7,166.45,6551,EQ,358.0,18.3,3660.0
2025-01-27,167.35,169.5,158.7,160.05,4786,EQ,350.0,13.67,3338.0
2025-01-28,160.65,163.4,155.6,156.05,14482,EQ,465.0,31.14,10161.0
2025-01-29,156.9,160.9,156.9,159.8,4200,EQ,226.0,18.58,2949.0
2025-01-30,160.65,162.9,155.5,157.05,10514,EQ,233.0,45.12,9089.0
2025-01-31,157.9,159.2,155.0,156.9,5486,EQ,270.0,20.32,3529.0
2025-02-01,156.1,159.95,155.2,156.9,1803,EQ,125.0,14.42,819.0
2025-02-03,161.9,161.95,156.05,156.3,2930,EQ,160.0,18.31,1739.0
2025-02-04,161.0,161.0,157.3,158.7,1924,EQ,143.0,13.45,992.0
2025-02-05,161.0,161.75,157.25,159.15,3621,EQ,174.0,20.81,2845.0
2025-02-06,161.0,169.0,157.65,159.65,4544,EQ,247.0,18.4,1456.0
2025-02-07,164.8,170.0,161.9,163.2,3049,EQ,218.0,13.99,1893.0
2025-02-10,163.0,163.0,160.0,160.35,32899,EQ,179.0,183.79,32156.0
2025-02-11,161.2,164.9,158.5,160.4,6229,EQ,178.0,34.99,4755.0
2025-02-12,157.5,163.3,155.5,160.7,13790,EQ,422.0,32.68,8201.0
2025-02-13,161.1,165.0,152.8,158.8,22709,EQ,740.0,30.69,13769.0
2025-02-14,157.5,160.95,151.65,155.3,8577,EQ,409.0,20.97,5223.0
2025-02-17,159.5,159.5,152.8,154.35,1576,EQ,131.0,12.03,907.0
2025-02-18,158.65,160.0,154.35,155.35,2603,EQ,250.0,10.41,1501.0
2025-02-19,158.55,171.75,156.8,164.9,13814,EQ,701.0,19.71,11196.0
2025-02-20,169.0,172.5,162.05,169.25,39770,EQ,321.0,123.89,37008.0
2025-02-21,165.6,176.0,162.5,163.4,6861,EQ,386.0,17.77,5279.0
2025-02-24,162.5,164.3,158.15,158.95,1937,EQ,205.0,9.45,791.0
2025-02-25,163.9,163.95,153.5,156.3,4239,EQ,252.0,16.82,2872.0
2025-02-27,161.45,161.45,153.5,157.85,3548,EQ,179.0,19.82,2320.0
2025-02-28,161.0,161.0,154.0,154.5,2523,EQ,182.0,13.86,1887.0
2025-03-03,154.0,160.05,153.5,157.5,2971,EQ,185.0,16.06,2438.0
2025-03-04,155.35,164.6,155.3,156.5,6597,EQ,586.0,11.26,3656.0
2025-03-05,156.8,161.5,152.5,155.35,6171,EQ,440.0,14.02,3734.0
2025-03-06,157.4,160.15,155.3,155.55,6837,EQ,284.0,24.07,5721.0
2025-03-07,155.4,157.55,153.5,154.2,4388,EQ,214.0,20.5,2940.0
2025-03-10,154.0,158.5,150.0,153.55,3957,EQ,254.0,15.58,2821.0
2025-03-11,151.9,155.4,151.9,153.0,940,EQ,93.0,10.11,554.0
2025-03-12,157.0,159.0,151.5,154.3,4938,EQ,647.0,7.63,3007.0
2025-03-13,154.3,159.7,154.3,157.3,4682,EQ,334.0,14.02,3182.0
2025-03-17,157.0,162.5,157.0,160.45,5225,EQ,446.0,11.72,3791.0
2025-03-18,160.45,169.5,160.45,168.1,46296,EQ,675.0,68.59,38687.0
2025-03-19,168.4,175.0,168.3,172.6,12147,EQ,680.0,17.86,7162.0
2025-03-20,168.0,182.45,168.0,176.55,22614,EQ,1011.0,22.37,12627.0
2025-03-21,182.0,182.0,173.0,178.1,13503,EQ,1446.0,9.34,6946.0
2025-03-24,180.0,182.85,176.0,181.2,16788,EQ,941.0,17.84,11514.0
2025-03-25,177.75,181.2,170.0,177.3,9553,EQ,714.0,13.38,4387.0
2025-03-26,176.8,178.0,170.15,171.55,4584,EQ,333.0,13.77,2650.0
2025-03-27,171.25,174.5,165.0,170.9,11757,EQ,813.0,14.46,7855.0
2025-03-28,173.7,183.75,171.1,181.3,19375,EQ,942.0,20.57,13850.0
2025-04-01,178.6,189.5,176.0,180.0,29546,EQ,1492.0,19.8,19477.0
2025-04-02,179.6,184.45,176.0,177.5,11535,EQ,649.0,17.77,7486.0
2025-04-03,180.0,190.0,177.2,178.0,23914,EQ,1193.0,20.05,11231.0
2025-04-04,179.8,180.6,165.0,168.4,31234,EQ,1291.0,24.19,18716.0
2025-04-07,161.5,174.1,149.95,170.5,10685,EQ,1100.0,9.71,5003.0
2025-04-08,173.4,175.0,168.45,171.5,3604,EQ,347.0,10.39,1710.0
2025-04-09,168.25,177.4,165.0,166.1,9596,EQ,411.0,23.35,6959.0
2025-04-11,162.55,173.4,162.55,166.85,4239,EQ,470.0,9.02,2363.0
2025-04-15,172.5,178.2,166.55,168.4,13462,EQ,1052.0,12.8,6738.0
2025-04-16,167.7,172.5,167.6,170.15,3744,EQ,438.0,8.55,2241.0
2025-04-17,169.6,182.5,169.6,175.3,12515,EQ,990.0,12.64,6949.0
2025-04-21,177.0,179.95,175.0,177.1,5637,EQ,620.0,9.09,2811.0
2025-04-22,177.5,179.45,174.55,175.9,2498,EQ,238.0,10.5,1704.0
2025-04-23,176.45,178.0,173.95,175.05,8055,EQ,428.0,18.82,3354.0
2025-04-24,176.4,184.0,175.0,177.35,18538,EQ,1501.0,12.35,4790.0
2025-04-25,179.95,184.95,170.0,172.7,7232,EQ,713.0,10.14,4012.0
2025-04-28,176.9,183.1,175.5,178.8,18980,EQ,1138.0,16.68,9101.0
2025-04-29,182.0,214.55,181.05,200.45,339194,EQ,8958.0,37.86,69723.0
2025-04-30,202.45,215.5,196.5,201.3,244431,EQ,9764.0,25.03,59152.0
2025-05-02,200.5,212.6,192.5,195.0,86924,EQ,3711.0,23.42,25806.0
2025-05-05,191.0,203.0,191.0,195.3,48427,EQ,3398.0,14.25,18983.0
2025-05-06,196.9,202.45,183.6,185.7,32530,EQ,2113.0,15.4,16407.0
2025-05-07,183.75,187.0,178.2,182.9,21152,EQ,1785.0,11.85,8644.0
2025-05-08,185.7,187.95,177.8,179.1,15118,EQ,2482.0,6.09,6332.0
2025-05-09,176.0,190.0,171.55,188.95,32656,EQ,2284.0,14.3,14186.0
2025-05-12,194.5,212.5,192.5,207.0,81353,EQ,4333.0,18.78,35982.0
2025-05-13,210.0,214.4,201.0,209.9,40533,EQ,2369.0,17.11,17356.0
2025-05-14,212.5,214.2,207.0,208.8,52399,EQ,2434.0,21.53,17931.0
2025-05-15,208.9,216.45,207.0,210.55,47609,EQ,2368.0,20.11,17541.0
2025-05-16,212.5,221.0,210.0,217.0,47331,EQ,2491.0,19.0,22583.0
2025-05-19,218.0,227.5,217.1,219.8,86316,EQ,4263.0,20.25,35596.0
2025-05-20,239.95,243.0,231.55,235.65,318978,EQ,14406.0,22.14,107190.0
2025-05-21,237.75,241.7,231.4,235.9,141397,EQ,4970.0,28.45,41630.0
2025-05-22,235.5,237.0,229.0,230.05,71917,EQ,3438.0,20.92,28602.0
2025-05-23,230.05,237.3,223.9,231.15,107195,EQ,4127.0,25.97,22473.0
2025-05-26,235.0,239.65,230.0,233.75,96475,EQ,4185.0,23.05,46926.0
2025-05-27,236.95,247.45,234.1,243.9,239108,EQ,8852.0,27.01,56635.0
2025-05-28,249.5,249.5,229.15,230.7,167729,EQ,5833.0,28.76,60272.0
2025-05-29,229.75,229.75,216.0,219.15,57483,EQ,3205.0,17.94,33581.0
2025-05-30,219.15,222.5,208.2,220.55,15434,BE,367.0,42.05,15434.0
2025-06-02,221.5,221.5,212.55,215.1,6470,BE,240.0,26.96,6470.0
2025-06-03,215.1,220.0,209.5,211.3,10583,BE,229.0,46.21,10583.0
2025-06-04,211.3,215.0,207.6,211.0,9207,BE,172.0,53.53,9207.0
2025-06-05,212.5,221.55,207.0,221.55,74473,BE,434.0,171.6,74473.0
2025-06-06,221.55,224.0,217.6,222.0,17252,BE,294.0,58.68,17252.0
2025-06-09,228.5,228.5,217.5,221.3,7889,BE,257.0,30.7,7889.0
2025-06-10,224.95,226.5,221.0,226.5,12797,BE,162.0,78.99,12797.0
2025-06-11,228.95,228.95,221.55,227.5,8930,BE,208.0,42.93,8930.0
2025-06-12,230.0,230.0,224.5,227.3,8480,BE,165.0,51.39,8480.0
2025-06-13,220.0,229.95,216.65,227.25,10070,BE,204.0,49.36,10070.0
2025-06-16,225.55,236.0,224.5,226.9,21932,BE,330.0,66.46,21932.0
2025-06-17,230.0,232.0,227.5,227.8,7946,BE,136.0,58.43,7946.0
2025-06-18,230.0,230.0,224.0,225.65,9180,BE,127.0,72.28,9180.0
2025-06-19,222.2,232.0,215.5,220.4,12802,BE,257.0,49.81,12802.0
2025-06-20,220.0,225.0,211.4,215.75,5134,BE,121.0,42.43,5134.0
2025-06-23,215.75,218.3,213.0,213.2,2513,BE,82.0,30.65,2513.0
2025-06-24,217.5,217.5,206.5,209.4,8920,BE,226.0,39.47,8920.0
2025-06-25,206.0,215.0,206.0,214.6,6318,BE,125.0,50.54,6318.0
2025-06-26,219.75,219.75,211.3,213.1,2489,BE,85.0,29.28,2489.0
2025-06-27,213.6,217.5,213.5,214.5,1909,BE,86.0,22.2,1909.0
2025-06-30,224.2,224.2,217.5,221.0,14031,BE,246.0,57.04,14031.0
2025-07-01,225.45,225.45,219.05,220.9,8438,BE,123.0,68.6,8438.0
2025-07-02,222.0,225.25,218.1,222.05,15399,BE,192.0,80.2,15399.0
2025-07-03,223.45,230.0,218.95,221.9,38457,BE,563.0,68.31,38457.0
2025-07-04,224.95,226.0,213.3,215.2,50052,BE,440.0,113.75,50052.0
2025-07-07,215.2,216.95,212.5,214.9,4905,BE,104.0,47.16,4905.0
2025-07-08,215.95,215.95,210.5,211.2,4650,BE,117.0,39.74,4650.0
2025-07-09,214.5,214.5,210.0,210.6,5192,BE,105.0,49.45,5192.0
2025-07-10,211.0,221.1,211.0,221.1,69071,BE,569.0,121.39,69071.0
2025-07-11,221.0,232.15,218.5,232.15,52269,BE,848.0,61.64,52269.0
2025-07-14,238.0,243.75,232.75,243.75,131351,BE,1385.0,94.84,131351.0
2025-07-15,235.5,250.0,227.5,241.7,127049,BE,959.0,132.48,127049.0
2025-07-16,237.5,241.5,229.65,229.65,25384,BE,386.0,65.76,25384.0
2025-07-17,225.05,225.05,225.05,225.05,2722,BE,62.0,43.9,2722.0
2025-07-18,220.55,220.55,220.55,220.55,643,BE,27.0,23.81,643.0
2025-07-21,216.5,224.5,216.5,224.5,4925,BE,120.0,41.04,4925.0
2025-07-22,220.5,222.25,220.4,222.25,6929,BE,74.0,93.64,6929.0
2025-07-23,220.0,220.0,217.8,217.8,13208,BE,103.0,128.23,13208.0
2025-07-24,215.0,217.5,213.5,217.5,9546,BE,92.0,103.76,9546.0
2025-07-25,219.0,219.75,219.0,219.5,2970,BE,53.0,56.04,2970.0
2025-07-28,218.0,220.0,218.0,220.0,2224,BE,60.0,37.07,2224.0
2025-07-29,218.0,220.0,217.5,220.0,3100,BE,42.0,73.81,3100.0
2025-07-30,222.5,222.5,221.95,221.95,3184,BE,45.0,70.76,3184.0
2025-07-31,225.0,226.4,220.5,220.5,7209,BE,49.0,147.12,7209.0
2025-08-01,224.9,224.9,220.6,222.5,2548,BE,21.0,121.33,2548.0
2025-08-04,222.5,224.75,222.0,222.0,705,BE,35.0,20.14,705.0
2025-08-05,220.5,220.5,217.6,217.6,4713,BE,54.0,87.28,4713.0
2025-08-06,221.95,221.95,216.75,221.5,2279,BE,27.0,84.41,2279.0
2025-08-07,220.5,220.5,219.9,220.0,1383,BE,21.0,65.86,1383.0
2025-08-08,217.65,224.4,217.65,224.4,3552,BE,45.0,78.93,3552.0
2025-08-11,227.2,227.2,220.0,222.5,1123,BE,27.0,41.59,1123.0
2025-08-12,222.5,222.5,221.5,221.5,4509,BE,31.0,145.45,4509.0
2025-08-13,224.7,224.7,217.05,217.05,1806,BE,30.0,60.2,1806.0
2025-08-14,212.7,212.7,212.7,212.7,8453,BE,30.0,281.77,8453.0
2025-08-18,208.5,208.5,208.5,208.5,3231,BE,43.0,75.14,3231.0
2025-08-19,207.4,207.4,204.3,204.3,3041,BE,36.0,84.47,3041.0
2025-08-20,200.25,208.0,200.25,208.0,6520,BE,63.0,103.49,6520.0
2025-08-21,206.2,206.2,204.55,204.55,2630,BE,46.0,57.17,2630.0
2025-08-22,203.5,203.5,201.95,201.95,3221,BE,53.0,60.77,3221.0
2025-08-25,196.0,200.0,193.0,193.55,12186,BE,253.0,48.17,12186.0
2025-08-26,193.95,195.0,183.9,183.9,14828,BE,218.0,68.02,14828.0
2025-08-28,176.4,178.0,174.7,174.7,44147,BE,237.0,186.27,44147.0
2025-08-29,166.05,172.3,166.05,169.65,26167,BE,304.0,86.08,26167.0
2025-09-01,169.5,177.85,169.45,177.5,31585,BE,371.0,85.13,31585.0
2025-09-02,175.8,180.95,175.05,176.0,15633,BE,208.0,75.16,15633.0
2025-09-03,178.45,178.45,175.0,178.2,6633,BE,127.0,52.23,6633.0
2025-09-04,179.0,181.75,178.3,179.7,9377,BE,189.0,49.61,9377.0
2025-09-05,180.45,185.9,179.7,184.95,15884,BE,168.0,94.55,15884.0
2025-09-08,186.6,191.7,177.6,181.45,25755,EQ,849.0,30.34,20215.0
2025-09-09,184.4,184.4,176.6,180.7,7494,EQ,353.0,21.23,5066.0
2025-09-10,180.3,187.0,170.65,183.45,42849,EQ,1295.0,33.09,24710.0
2025-09-11,183.1,185.0,180.8,183.05,8644,EQ,390.0,22.16,4370.0
2025-09-12,185.95,185.95,179.35,180.0,8946,EQ,454.0,19.7,5982.0
2025-09-15,179.35,182.95,177.5,178.3,11754,EQ,400.0,29.38,9486.0
2025-09-16,181.6,183.95,180.05,180.95,9623,EQ,299.0,32.18,4927.0
2025-09-17,182.85,184.7,180.8,182.5,11475,EQ,799.0,14.36,5944.0
2025-09-18,184.5,184.5,180.9,181.9,4602,EQ,194.0,23.72,3819.0
2025-09-19,181.9,183.45,178.5,179.95,10805,EQ,254.0,42.54,9139.0
2025-09-22,177.0,180.05,175.5,176.2,9539,EQ,429.0,22.24,7303.0
2025-09-23,177.7,178.6,175.05,175.4,7049,EQ,186.0,37.9,6203.0
2025-09-24,175.55,176.25,173.0,175.2,4275,EQ,152.0,28.12,3833.0
2025-09-25,173.5,175.65,172.2,172.8,9311,EQ,418.0,22.28,7089.0
2025-09-26,173.1,173.1,169.0,170.4,7406,EQ,233.0,31.79,5617.0
2025-09-29,173.0,173.5,166.5,169.0,4641,EQ,286.0,16.23,3141.0
2025-09-30,166.5,179.45,166.5,168.95,2006,EQ,187.0,10.73,1214.0
2025-10-01,169.0,173.45,168.9,172.05,3662,EQ,162.0,22.6,2964.0
2025-10-03,171.2,175.7,169.2,173.2,8459,EQ,336.0,25.18,5330.0
2025-10-06,173.2,192.0,170.8,186.05,44649,EQ,1560.0,28.62,29127.0
2025-10-07,188.5,188.5,182.5,184.2,7081,EQ,432.0,16.39,4487.0
2025-10-08,183.95,184.0,176.1,178.4,7640,EQ,322.0,23.73,4000.0
2025-10-09,176.3,181.45,176.3,179.6,2296,EQ,264.0,8.7,1306.0
2025-10-10,182.7,185.3,180.0,180.6,6076,EQ,288.0,21.1,3555.0
2025-10-13,176.5,181.4,176.5,178.7,4640,EQ,277.0,16.75,3120.0
2025-10-14,180.75,181.25,178.0,178.15,1656,EQ,97.0,17.07,1288.0
2025-10-15,182.1,182.1,177.5,177.6,2933,EQ,126.0,23.28,2414.0
2025-10-16,183.45,211.95,173.3,186.2,31195,EQ,1302.0,23.96,16942.0
2025-10-17,179.1,190.0,179.1,186.6,11057,EQ,518.0,21.35,7166.0
2025-10-20,186.95,190.0,183.7,184.55,10672,EQ,481.0,22.19,5370.0
2025-10-21,193.45,193.45,181.1,187.65,8789,EQ,205.0,42.87,4509.0
2025-10-23,192.65,194.5,183.05,184.6,78042,EQ,2046.0,38.14,32630.0
2025-10-24,186.0,188.45,183.4,184.75,24063,EQ,785.0,30.65,17309.0
2025-10-27,190.5,207.0,190.0,200.1,252512,EQ,7134.0,35.4,86713.0
2025-10-28,200.25,219.5,196.5,200.0,303897,EQ,9233.0,32.91,140146.0
2025-10-29,202.3,207.45,189.5,196.75,121956,EQ,4841.0,25.19,49853.0
2025-10-30,198.3,201.25,190.05,192.15,44754,EQ,1986.0,22.53,23881.0
2025-10-31,193.7,197.45,191.55,194.2,19027,EQ,1108.0,17.17,11930.0
2025-11-03,195.4,197.45,187.3,189.05,43963,EQ,1924.0,22.85,25788.0
2025-11-04,188.4,201.4,188.4,194.5,146681,EQ,4073.0,36.01,31746.0
2025-11-06,193.8,195.3,188.0,188.5,34098,EQ,1471.0,23.18,21446.0
2025-11-07,190.0,192.35,188.2,189.75,37240,EQ,1043.0,35.7,12031.0
2025-11-10,190.1,192.45,182.05,183.7,35065,EQ,1382.0,25.37,21660.0
2025-11-11,185.2,186.5,180.75,182.5,15530,EQ,859.0,18.08,7637.0
2025-11-12,185.0,192.25,182.55,184.3,60143,EQ,1735.0,34.66,20784.0
2025-11-13,185.75,187.9,182.1,183.8,26763,EQ,764.0,35.03,13253.0
2025-11-14,183.8,188.4,178.45,179.7,56357,EQ,1872.0,30.11,30543.0
2025-11-17,180.0,186.9,177.3,178.1,62044,EQ,2335.0,26.57,29403.0
2025-11-18,178.45,181.5,176.5,177.7,19787,EQ,870.0,22.74,12856.0
2025-11-19,177.5,180.0,177.0,177.7,14942,EQ,678.0,22.04,8874.0
2025-11-20,180.0,182.25,175.5,181.3,29862,EQ,1088.0,27.45,16273.0
2025-11-21,183.45,186.0,178.3,184.35,26112,EQ,1158.0,22.55,14667.0
2025-11-24,183.05,185.0,177.45,180.6,19898,EQ,764.0,26.04,10576.0
2025-11-25,181.95,182.25,175.05,176.7,73416,EQ,2201.0,33.36,33364.0
2025-11-26,178.25,180.2,175.1,176.95,44214,EQ,2085.0,21.21,30455.0
2025-11-27,177.5,181.1,176.45,177.5,13051,EQ,767.0,17.02,4683.0
2025-11-28,178.9,178.9,169.2,171.05,62916,EQ,2127.0,29.58,39588.0
2025-12-01,171.5,176.0,170.6,171.9,26925,EQ,1074.0,25.07,11192.0
2025-12-02,171.5,172.95,170.85,172.0,9249,EQ,511.0,18.1,4548.0
2025-12-03,172.7,172.7,170.0,170.4,8146,EQ,497.0,16.39,5020.0
2025-12-04,171.3,171.5,168.75,170.9,8388,EQ,444.0,18.89,5483.0
2025-12-05,169.2,171.55,167.5,168.3,6457,EQ,473.0,13.65,3920.0
2025-12-08,169.85,169.85,160.55,161.7,20429,EQ,1320.0,15.48,11061.0
2025-12-09,160.9,169.5,160.9,166.4,12055,EQ,724.0,16.65,5324.0
2025-12-10,168.1,169.0,166.0,167.7,6469,EQ,489.0,13.23,3087.0
2025-12-11,171.75,171.75,168.0,170.8,11957,EQ,555.0,21.54,7337.0
2025-12-12,173.5,173.5,168.6,170.8,7441,EQ,417.0,17.84,3892.0
2025-12-15,171.8,172.5,165.6,167.5,17740,EQ,1159.0,15.31,9903.0
2025-12-16,168.35,169.4,166.4,168.5,4187,EQ,335.0,12.5,2043.0
2025-12-17,167.55,168.75,165.2,165.8,5303,EQ,507.0,10.46,2676.0
2025-12-18,165.1,170.5,163.6,168.6,11676,EQ,545.0,21.42,5310.0
2025-12-19,169.2,171.0,166.2,169.4,4107,EQ,246.0,16.7,2374.0
2025-12-22,166.0,186.95,166.0,175.95,43410,EQ,2065.0,21.02,15541.0
2025-12-23,175.95,177.15,172.55,174.8,4396,EQ,321.0,13.69,2915.0
2025-12-24,173.0,175.95,171.0,174.65,8219,EQ,436.0,18.85,3678.0
2025-12-26,174.8,174.8,170.1,171.8,5587,EQ,352.0,15.87,3855.0
2025-12-29,170.25,175.0,170.25,171.6,8287,EQ,301.0,27.53,5989.0
2025-12-30,172.95,173.45,170.55,172.45,3045,EQ,120.0,25.38,2409.0
2025-12-31,172.8,175.95,172.8,175.1,3032,EQ,166.0,18.27,2010.0
2026-01-01,173.4,184.05,173.4,179.7,24391,EQ,1011.0,24.13,12848.0
2026-01-02,183.0,183.0,177.3,180.2,9804,EQ,343.0,28.58,5595.0
2026-01-05,180.85,184.1,173.1,176.35,23895,EQ,730.0,32.73,12191.0
2026-01-06,175.0,178.0,172.6,175.85,13082,EQ,569.0,22.99,8074.0
2026-01-07,177.85,177.85,172.5,173.95,7757,EQ,269.0,28.84,4770.0
2026-01-08,174.6,174.6,167.6,168.55,5948,EQ,311.0,19.13,3846.0
2026-01-09,170.8,170.9,165.0,167.6,10580,EQ,376.0,28.14,7337.0
2026-01-12,171.95,175.5,163.05,172.3,14624,EQ,867.0,16.87,8000.0
2026-01-13,177.5,177.5,169.3,170.7,3988,EQ,264.0,15.11,1796.0
2026-01-14,172.0,172.0,168.1,168.9,2596,EQ,342.0,7.59,1737.0
2026-01-16,166.85,176.9,166.85,169.6,7886,EQ,424.0,18.6,4756.0
2026-01-19,170.45,171.95,166.5,169.05,9065,EQ,281.0,32.26,6916.0
2026-01-20,172.0,172.0,160.0,163.05,6216,EQ,307.0,20.25,3924.0
2026-01-21,160.5,166.45,156.9,159.05,29258,EQ,899.0,32.55,20211.0
2026-01-22,159.05,168.95,156.05,159.4,20164,EQ,948.0,21.27,7662.0
2026-01-23,159.2,161.1,156.2,157.35,6632,EQ,418.0,15.87,4052.0
2026-01-27,157.5,162.0,156.0,157.9,10394,EQ,282.0,36.86,7788.0
2026-01-28,158.5,161.5,158.45,160.85,3427,EQ,221.0,15.51,1799.0
2026-01-29,162.5,162.5,156.3,157.2,7570,EQ,484.0,15.64,4908.0
2026-01-30,155.0,161.95,154.3,156.95,14173,EQ,497.0,28.52,10048.0
2026-02-01,167.5,167.5,159.6,162.05,6850,EQ,420.0,16.31,4565.0
2026-02-02,169.5,169.5,158.65,163.45,6260,EQ,406.0,15.42,3482.0
2026-02-03,169.95,173.9,164.9,167.75,13037,EQ,386.0,33.77,7041.0
2026-02-04,165.0,175.4,165.0,172.6,15371,EQ,499.0,30.8,11794.0
2026-02-05,190.0,203.0,182.65,184.5,108439,EQ,3747.0,28.94,47951.0
2026-02-06,186.0,187.0,178.7,179.2,18877,EQ,854.0,22.1,11464.0
2026-02-09,185.0,186.45,182.5,183.0,12057,EQ,595.0,20.26,9176.0
2026-02-10,185.05,188.45,182.0,184.4,23089,EQ,945.0,24.43,10705.0
2026-02-11,185.5,192.2,181.5,183.0,89606,EQ,2163.0,41.43,43334.0
2026-02-12,180.0,180.0,162.65,165.0,95237,EQ,3298.0,28.88,48245.0
2026-02-13,165.0,168.5,162.55,163.45,17391,EQ,668.0,26.03,9711.0
2026-02-16,164.0,165.15,159.0,160.2,14119,EQ,680.0,20.76,6667.0
2026-02-17,157.7,164.55,157.7,162.3,9186,EQ,374.0,24.56,4878.0
2026-02-18,162.55,165.5,161.3,164.55,10122,EQ,376.0,26.92,7254.0
2026-02-19,167.25,167.5,155.55,158.9,23389,EQ,650.0,35.98,11278.0
2026-02-20,161.4,162.2,155.6,156.9,7610,EQ,419.0,18.16,4195.0
2026-02-23,156.0,165.5,156.0,162.15,21172,EQ,731.0,28.96,7796.0
2026-02-24,161.6,165.5,156.0,160.05,21723,EQ,614.0,35.38,12558.0
2026-02-25,161.7,161.7,159.4,159.8,2919,EQ,131.0,22.28,2134.0
2026-02-26,161.05,165.95,159.1,160.45,17055,EQ,440.0,38.76,8821.0
2026-02-27,161.05,166.05,160.5,161.75,13085,EQ,608.0,21.52,5740.0
2026-03-02,160.0,161.95,157.8,158.7,8111,EQ,357.0,22.72,5007.0
2026-03-04,155.1,158.75,155.1,156.3,8681,EQ,297.0,29.23,5963.0
2026-03-05,159.95,161.5,159.4,160.0,4024,EQ,134.0,30.03,3408.0
2026-03-06,160.15,161.95,158.7,160.05,2751,EQ,144.0,19.1,1728.0
2026-03-09,159.7,162.55,155.5,160.05,5204,EQ,206.0,25.26,3876.0
2026-03-10,162.4,162.4,157.5,158.4,22594,EQ,665.0,33.98,17389.0
2026-03-11,161.45,161.9,157.6,158.95,12392,EQ,443.0,27.97,7526.0
2026-03-12,161.5,165.0,158.5,163.9,7977,EQ,453.0,17.61,4294.0
2026-03-13,163.85,163.85,153.3,155.3,16487,EQ,490.0,33.65,11553.0
2026-03-16,157.2,157.9,153.5,155.85,11692,EQ,433.0,27.0,8256.0
2026-03-17,155.9,162.5,154.8,159.75,14197,EQ,561.0,25.31,9847.0
2026-03-18,162.4,162.5,157.6,159.8,26374,EQ,856.0,30.81,12925.0
2026-03-19,158.8,160.0,157.05,159.15,7600,EQ,421.0,18.05,4253.0
2026-03-20,161.0,162.4,156.75,158.05,23313,EQ,1040.0,22.42,15511.0
2026-03-23,160.5,162.5,156.2,156.8,57994,EQ,2100.0,27.62,37329.0
2026-03-24,152.0,160.0,152.0,152.7,41518,EQ,1169.0,35.52,20406.0
2026-03-25,154.0,158.5,152.15,152.8,44770,EQ,609.0,73.51,33308.0
2026-03-27,151.2,152.2,137.0,138.95,61139,EQ,1436.0,42.58,41648.0
2026-03-30,137.1,137.95,117.25,124.45,49424,EQ,1267.0,39.01,29836.0
2026-04-01,126.0,143.0,126.0,138.35,33287,EQ,969.0,34.35,15500.0
2026-04-02,138.0,139.94,132.2,138.65,10083,EQ,442.0,22.81,5566.0
2026-04-06,139.0,142.61,132.66,133.19,93416,EQ,1571.0,59.46,45879.0
2026-04-07,134.65,136.0,130.0,131.09,156863,EQ,1188.0,132.04,123170.0
2026-04-08,136.0,136.74,130.13,130.93,39923,EQ,916.0,43.58,24370.0
2026-04-09,130.1,134.38,130.1,131.27,57042,EQ,957.0,59.61,38719.0
2026-04-10,131.89,132.93,127.0,128.06,56383,EQ,908.0,62.1,41888.0
2026-04-13,128.0,129.98,122.91,124.69,55958,EQ,1126.0,49.7,26068.0
2026-04-15,126.1,136.1,125.88,129.53,98169,EQ,1374.0,71.45,54882.0
2026-04-16,132.78,132.78,127.0,130.07,61382,EQ,1078.0,56.94,40297.0
2026-04-17,132.01,139.9,130.8,135.07,104267,EQ,2032.0,51.31,59394.0
2026-04-20,135.1,139.83,134.09,135.37,55512,EQ,1101.0,50.42,26498.0
2026-04-21,136.24,148.85,134.53,143.59,133537,EQ,2283.0,58.49,64615.0
2026-04-22,145.03,156.4,144.06,154.16,254546,EQ,3014.0,84.45,107497.0
2026-04-23,156.47,163.4,152.02,159.38,258818,EQ,3988.0,64.9,97552.0
2026-04-24,160.99,163.01,150.35,152.14,68016,EQ,1113.0,61.11,37538.0
2026-04-27,151.95,155.99,151.5,153.17,33598,EQ,1494.0,22.49,9758.0
2026-04-28,152.6,158.0,152.59,153.78,37909,EQ,1583.0,23.95,15418.0
2026-04-29,154.6,155.59,147.31,154.11,51884,EQ,1950.0,26.61,23486.0
2026-04-30,153.6,155.7,149.0,154.02,24616,EQ,1143.0,21.54,10499.0
2026-05-04,154.02,160.79,150.62,153.75,39890,EQ,892.0,44.72,12951.0
2026-05-05,153.44,157.97,151.01,152.33,25328,EQ,1157.0,21.89,9285.0
2026-05-06,153.3,156.42,151.46,154.53,22279,EQ,595.0,37.44,15328.0
2026-05-07,155.0,159.5,153.64,157.68,40215,EQ,1141.0,35.25,15334.0
2026-05-08,160.0,170.5,159.0,160.07,151453,EQ,2620.0,57.81,47882.0
2026-05-11,160.78,161.85,156.41,157.89,28050,EQ,1563.0,17.95,14618.0
2026-05-12,159.1,159.1,145.5,147.94,45007,EQ,1015.0,44.34,28885.0
2026-05-13,148.0,161.0,147.0,156.98,71767,EQ,1420.0,50.54,21959.0
2026-05-14,156.9,160.95,153.0,155.07,107406,EQ,1592.0,67.47,35129.0
2026-05-15,156.24,156.24,150.96,153.67,20329,EQ,599.0,33.94,10422.0
2026-05-18,176.99,181.65,166.13,169.06,1764616,EQ,19931.0,88.54,466294.0
2026-05-19,167.6,177.59,166.06,174.37,162261,EQ,3112.0,52.14,59733.0
2026-05-20,175.01,188.0,172.75,183.8,327675,EQ,6105.0,53.67,122886.0
2026-05-21,184.2,188.8,179.83,183.06,177267,EQ,3007.0,58.95,66261.0
2026-05-22,183.97,187.28,181.1,182.27,89623,EQ,2268.0,39.52,26019.0
2026-05-25,188.9,197.0,184.1,185.18,157832,EQ,2804.0,56.29,78137.0
2026-05-26,186.44,187.8,176.51,180.61,191904,EQ,3018.0,63.59,40138.0
2026-05-27,180.0,184.95,178.0,182.02,60622,EQ,1382.0,43.87,28694.0
2026-05-29,183.34,190.8,178.9,182.39,138343,EQ,3228.0,42.86,65459.0
2026-06-01,184.99,187.92,179.0,181.03,80298,EQ,1652.0,48.61,29709.0
2026-06-02,181.82,185.23,174.02,178.6,148396,EQ,2955.0,50.22,63638.0
2026-06-03,178.96,180.8,171.15,172.66,69291,EQ,1578.0,43.91,32473.0
2026-06-04,173.53,180.3,171.81,177.84,74246,EQ,2320.0,32.0,27288.0
2026-06-05,180.75,180.75,172.0,173.7,37411,EQ,855.0,43.76,19707.0
2026-06-08,173.7,173.7,164.8,167.12,82468,EQ,2299.0,35.87,39376.0
2026-06-09,169.61,190.8,169.55,187.01,333257,EQ,3868.0,86.16,82811.0
2026-06-10,190.0,197.0,182.55,183.42,385340,EQ,5754.0,66.97,99270.0
2026-06-11,180.67,189.5,179.27,181.79,126978,EQ,2736.0,46.41,41732.0
2026-06-12,182.1,191.86,181.48,189.03,126680,EQ,2483.0,51.02,60093.0
2026-06-15,192.0,193.75,182.21,184.09,93019,EQ,1842.0,50.5,49797.0
2026-06-16,184.8,188.75,182.49,185.52,44924,EQ,1221.0,36.79,16900.0
2026-06-17,184.4,190.0,177.97,181.55,191804,EQ,5835.0,32.87,64023.0
2026-06-18,182.0,187.19,180.62,182.69,123005,EQ,2253.0,54.6,61003.0
2026-06-19,182.69,189.99,181.27,185.86,97355,EQ,1420.0,68.56,49065.0
2026-06-22,188.0,194.0,187.41,189.61,141823,EQ,3013.0,47.07,67017.0
2026-06-23,192.25,199.9,190.25,191.99,343443,EQ,5547.0,61.92,126010.0
2026-06-24,191.99,194.05,187.22,190.82,87986,EQ,2193.0,40.12,43489.0
2026-06-25,189.51,192.0,182.35,185.31,71426,EQ,1653.0,43.21,34162.0
2026-06-29,184.26,189.92,179.83,186.35,173639,EQ,2734.0,63.51,67065.0
2026-06-30,183.55,199.99,183.55,194.73,185666,EQ,4227.0,43.92,71512.0
2026-07-01,195.81,207.0,192.84,205.52,248229,EQ,5955,41.68,104268
2026-07-02,206.99,207.77,194.25,196.99,136445,EQ,3537,38.58,80961
2026-07-03,197.95,197.95,187.15,188.45,42003,BE,363,115.71,42003
2026-07-06,189.01,194.98,188.5,192.51,21709,BE,247,87.89,21709
2026-07-07,193.4,194.99,184.0,185.44,34134,BE,229,149.06,34134
2026-07-08,185.44,186.98,181.0,183.12,34983,BE,279,125.39,34983
2026-07-09,184.98,185.5,176.0,184.24,25517,BE,243,105.01,25517
2026-07-10,184.24,185.55,180.5,183.1,43021,BE,311,138.33,43021
2026-07-13,183.0,185.07,175.15,179.71,30090,BE,356,84.52,30090
2026-07-14,179.0,179.75,171.11,175.34,23278,BE,324,71.85,23278
2026-07-15,172.5,180.99,168.0,180.44,42595,BE,380,112.09,42595
2026-07-16,183.0,184.7,177.6,182.75,18698,BE,172,108.71,18698
2026-07-17,183.0,184.85,181.15,182.19,14382,BE,168,85.61,14382
2026-07-20,184.95,184.95,175.6,178.15,17760,BE,187,94.97,17760
2026-07-21,180.5,183.55,177.0,182.53,7651,BE,119,64.29,7651
2026-07-22,182.53,183.5,174.2,178.18,10575,BE,141,75.0,10575
2026-07-23,178.18,178.2,173.0,174.21,15052,BE,177,85.04,15052
2026-07-24,174.21,180.99,170.1,180.01,18428,BE,172,107.14,18428
2026-07-27,181.9,189.0,175.0,180.85,54695,BE,276,198.17,54695
2026-07-28,181.99,185.0,178.55,183.59,28404,BE,184,154.37,28404
2026-07-29,185.36,187.0,183.0,186.2,17713,BE,152,116.53,17713
2026-07-30,195.5,195.5,188.96,190.58,28634,BE,311,92.07,28634
2026-07-31,190.58,193.9,185.0,186.59,19069,BE,164,116.27,19069
2026-08-03,192.0,192.0,185.0,190.86,17781,BE,146,121.79,17781
2026-08-04,190.0,194.99,189.0,190.32,18145,BE,182,99.7,18145
2026-08-05,190.0,191.99,189.0,191.38,23223,BE,178,130.47,23223
2026-08-06,192.33,194.09,191.38,192.23,18884,BE,188,100.45,18884
2026-08-07,190.0,194.95,187.0,193.52,30466,BE,195,156.24,30466
2026-08-10,189.4,199.59,189.4,192.2,14081,BE,214,65.8,14081
2026-08-11,192.2,194.81,188.51,191.46,14356,BE,80,179.45,14356
2026-08-12,196.25,196.25,182.0,191.21,33559,BE,233,144.03,33559
2026-08-13,188.0,191.7,186.0,191.22,17758,BE,171,103.85,17758
2026-08-14,181.66,181.66,181.66,181.66,7225,BE,79,91.46,7225
2026-08-17,172.58,175.0,172.58,172.58,122514,BE,419,292.4,122514
2026-08-18,169.0,172.4,163.96,163.96,96347,BE,529,182.13,96347
2026-08-19,161.1,165.0,156.0,158.1,67972,BE,450,151.05,67972
2026-08-20,157.15,166.0,156.0,162.54,98322,BE,477,206.13,98322
2026-08-21,161.35,164.94,161.35,162.33,40004,BE,340,117.66,40004
