Date,Open,High,Low,Close,Volume,Series,TOTAL_TRADES,QTY_PER_TRADE,DLV_QTY
2017-02-27,3.6,3.6,3.4,3.6,3140000,SM,,,
2017-02-28,3.8,4.0,3.5,3.6,2460000,SM,,,
2017-03-01,3.55,3.65,3.5,3.55,368000,SM,,,
2017-03-02,3.6,3.6,3.5,3.5,544000,SM,,,
2017-03-03,3.5,3.55,3.5,3.5,468000,SM,,,
2017-03-06,3.55,3.55,3.5,3.5,152000,SM,,,
2017-03-07,3.55,3.6,3.5,3.6,184000,SM,,,
2017-03-08,3.6,3.8,3.6,3.7,224000,SM,,,
2017-03-09,3.65,3.7,3.55,3.6,68000,SM,,,
2017-03-10,3.6,3.6,3.5,3.55,68000,SM,,,
2017-03-14,3.5,3.55,3.5,3.5,108000,SM,,,
2017-03-15,3.5,3.5,3.5,3.5,88000,SM,,,
2017-03-16,3.5,3.5,3.5,3.5,56000,SM,,,
2017-03-17,3.5,3.5,3.5,3.5,52000,SM,,,
2017-03-20,3.5,3.5,3.5,3.5,40000,SM,,,
2017-03-21,3.5,3.5,3.5,3.5,124000,SM,,,
2017-03-22,3.5,3.55,3.5,3.55,96000,SM,,,
2017-03-23,3.55,3.6,3.5,3.55,36000,SM,,,
2017-03-24,3.55,3.55,3.5,3.5,68000,SM,,,
2017-03-27,3.5,3.5,3.5,3.5,84000,SM,,,
2017-03-28,3.5,3.5,3.5,3.5,24000,SM,,,
2017-03-29,3.5,3.55,3.5,3.5,56000,SM,,,
2017-03-30,3.5,3.55,3.5,3.55,8000,SM,,,
2017-03-31,3.5,3.55,3.5,3.5,36000,SM,,,
2017-04-03,3.6,3.6,3.55,3.55,88000,SM,,,
2017-04-05,3.55,3.65,3.55,3.6,44000,SM,,,
2017-04-06,3.6,3.6,3.6,3.6,36000,SM,,,
2017-04-07,3.6,3.6,3.6,3.6,44000,SM,,,
2017-04-10,3.65,3.7,3.6,3.65,84000,SM,,,
2017-04-11,3.7,3.75,3.65,3.7,64000,SM,,,
2017-04-12,3.75,3.75,3.7,3.75,64000,SM,,,
2017-04-13,3.75,3.8,3.75,3.8,64000,SM,,,
2017-04-17,3.8,3.8,3.75,3.75,72000,SM,,,
2017-04-18,3.75,3.75,3.7,3.7,24000,SM,,,
2017-04-19,3.7,3.7,3.7,3.7,12000,SM,,,
2017-04-20,3.7,3.7,3.7,3.7,12000,SM,,,
2017-04-21,3.65,3.7,3.55,3.6,44000,SM,,,
2017-04-24,3.6,3.65,3.6,3.65,12000,SM,,,
2017-04-25,3.6,3.6,3.55,3.6,24000,SM,,,
2017-04-27,3.65,3.65,3.5,3.5,32000,SM,,,
2017-04-28,3.5,3.55,3.5,3.55,40000,SM,,,
2017-05-02,3.55,3.55,3.55,3.55,4000,SM,,,
2017-05-03,3.5,3.55,3.5,3.55,16000,SM,,,
2017-05-04,3.5,3.5,3.5,3.5,12000,SM,,,
2017-05-05,3.5,3.5,3.5,3.5,24000,SM,,,
2017-05-08,3.6,3.6,3.6,3.6,4000,SM,,,
2017-05-09,3.55,3.55,3.5,3.5,12000,SM,,,
2017-05-10,3.5,3.5,3.5,3.5,24000,SM,,,
2017-05-11,3.5,3.5,3.5,3.5,8000,SM,,,
2017-05-12,3.5,3.5,3.45,3.5,132000,SM,,,
2017-05-15,3.6,3.6,3.55,3.6,24000,SM,,,
2017-05-16,3.5,3.5,3.5,3.5,4000,SM,,,
2017-05-17,3.5,3.55,3.5,3.55,12000,SM,,,
2017-05-18,3.5,3.55,3.5,3.55,8000,SM,,,
2017-05-19,3.5,3.5,3.5,3.5,20000,SM,,,
2017-05-22,3.5,3.6,3.5,3.5,20000,SM,,,
2017-05-23,3.5,3.5,3.5,3.5,36000,SM,,,
2017-05-24,3.5,3.5,3.5,3.5,32000,SM,,,
2017-05-25,3.5,3.55,3.5,3.55,12000,SM,,,
2017-05-26,3.55,3.55,3.5,3.5,8000,SM,,,
2017-05-29,3.5,3.5,3.5,3.5,12000,SM,,,
2017-05-30,3.5,3.5,3.4,3.5,88000,SM,,,
2017-05-31,3.5,3.5,3.5,3.5,96000,SM,,,
2017-06-01,3.5,3.5,3.5,3.5,64000,SM,,,
2017-06-02,3.5,3.5,3.5,3.5,40000,SM,,,
2017-06-05,3.5,3.5,3.5,3.5,20000,SM,,,
2017-06-07,3.55,3.55,3.5,3.5,108000,SM,,,
2017-06-08,3.5,3.5,3.45,3.45,64000,SM,,,
2017-06-09,3.45,3.45,3.45,3.45,80000,SM,,,
2017-06-12,3.4,3.4,3.2,3.25,64000,SM,,,
2017-06-15,3.3,3.3,3.3,3.3,4000,SM,,,
2017-06-16,3.4,3.4,3.35,3.35,12000,SM,,,
2017-06-19,3.3,3.3,3.3,3.3,8000,SM,,,
2017-06-20,3.2,3.3,3.1,3.2,52000,SM,,,
2017-06-21,3.3,3.3,3.2,3.25,40000,SM,,,
2017-06-22,3.2,3.2,3.2,3.2,28000,SM,,,
2017-06-23,3.2,3.2,3.2,3.2,24000,SM,,,
2017-06-27,3.3,3.35,3.3,3.35,16000,SM,,,
2017-06-28,3.4,3.4,3.4,3.4,4000,SM,,,
2017-06-29,3.4,3.4,3.4,3.4,8000,SM,,,
2017-06-30,3.4,3.4,3.3,3.3,8000,SM,,,
2017-07-03,3.5,3.5,3.35,3.35,8000,SM,,,
2017-07-04,3.5,3.5,3.3,3.3,8000,SM,,,
2017-07-05,3.4,3.4,3.35,3.35,12000,SM,,,
2017-07-06,3.45,3.55,3.4,3.4,36000,SM,,,
2017-07-07,3.6,3.6,3.4,3.4,16000,SM,,,
2017-07-10,3.55,3.55,3.5,3.5,8000,SM,,,
2017-07-11,3.55,3.55,3.5,3.55,52000,SM,,,
2017-07-12,3.6,3.6,3.45,3.45,28000,SM,,,
2017-07-13,3.55,3.55,3.35,3.35,32000,SM,,,
2017-07-14,3.45,3.45,3.45,3.45,4000,SM,,,
2017-07-17,3.5,3.5,3.5,3.5,8000,SM,,,
2017-07-18,3.5,3.5,3.5,3.5,4000,SM,,,
2017-07-19,3.3,3.4,3.3,3.35,8000,SM,,,
2017-07-24,3.55,3.55,3.3,3.3,16000,SM,,,
2017-07-27,3.3,3.5,3.3,3.5,8000,SM,,,
2017-07-28,3.3,3.4,3.3,3.4,8000,SM,,,
2017-07-31,3.4,3.5,3.4,3.5,12000,SM,,,
2017-08-01,3.5,3.5,3.4,3.45,32000,SM,,,
2017-08-02,3.5,3.5,3.4,3.4,8000,SM,,,
2017-08-03,3.5,3.5,3.5,3.5,4000,SM,,,
2017-08-04,3.5,3.5,3.5,3.5,12000,SM,,,
2017-08-08,3.4,3.4,3.4,3.4,8000,SM,,,
2017-08-09,3.3,3.4,3.3,3.4,16000,SM,,,
2017-08-11,3.3,3.35,3.3,3.3,16000,SM,,,
2017-08-21,3.2,3.2,3.2,3.2,8000,SM,,,
2017-08-22,3.2,3.2,3.2,3.2,4000,SM,,,
2017-08-24,3.2,3.2,3.2,3.2,12000,SM,,,
2017-08-28,3.2,3.2,3.2,3.2,8000,SM,,,
2017-08-30,3.3,3.3,3.25,3.25,8000,SM,,,
2017-08-31,3.3,3.3,3.3,3.3,4000,SM,,,
2017-09-01,3.3,3.35,3.3,3.3,20000,SM,,,
2017-09-04,3.3,3.3,3.3,3.3,4000,SM,,,
2017-09-06,3.3,3.3,3.3,3.3,8000,SM,,,
2017-09-07,3.3,3.3,3.2,3.25,20000,SM,,,
2017-09-08,3.3,3.3,3.3,3.3,4000,SM,,,
2017-09-11,3.3,3.3,3.3,3.3,4000,SM,,,
2017-09-12,3.3,3.3,3.3,3.3,8000,SM,,,
2017-09-15,3.4,3.5,3.4,3.5,32000,SM,,,
2017-09-18,3.55,3.55,3.5,3.5,16000,SM,,,
2017-09-20,3.45,3.45,3.4,3.4,12000,SM,,,
2017-09-21,3.4,3.4,3.4,3.4,4000,SM,,,
2017-09-22,3.4,3.4,3.4,3.4,8000,SM,,,
2017-09-25,3.4,3.4,3.4,3.4,12000,SM,,,
2017-09-26,3.35,3.35,3.3,3.3,8000,SM,,,
2017-09-27,3.3,3.3,3.3,3.3,8000,SM,,,
2017-09-28,3.35,3.35,3.3,3.3,12000,SM,,,
2017-09-29,3.3,3.3,3.3,3.3,4000,SM,,,
2017-10-03,3.4,3.4,3.3,3.35,16000,SM,,,
2017-10-04,3.3,3.3,3.3,3.3,4000,SM,,,
2017-10-06,3.25,3.25,3.25,3.25,4000,SM,,,
2017-10-09,3.25,3.4,3.25,3.4,48000,SM,,,
2017-10-10,3.3,3.3,3.3,3.3,4000,SM,,,
2017-10-11,3.25,3.25,3.25,3.25,8000,SM,,,
2017-10-12,3.25,3.25,3.25,3.25,4000,SM,,,
2017-10-13,3.25,3.25,3.2,3.2,8000,SM,,,
2017-10-16,3.25,3.25,3.1,3.1,72000,SM,,,
2017-10-17,3.1,3.1,3.1,3.1,4000,SM,,,
2017-10-18,3.25,3.4,3.25,3.4,8000,SM,,,
2017-10-23,3.3,3.3,3.3,3.3,4000,SM,,,
2017-10-24,3.35,3.5,3.35,3.5,52000,SM,,,
2017-10-25,3.55,3.6,3.5,3.55,64000,SM,,,
2017-10-26,3.5,3.5,3.45,3.45,24000,SM,,,
2017-10-27,3.5,3.5,3.5,3.5,4000,SM,,,
2017-10-30,3.85,3.85,3.85,3.85,4000,SM,,,
2017-10-31,3.5,3.5,3.5,3.5,8000,SM,,,
2017-11-01,3.5,3.7,3.5,3.65,28000,SM,,,
2017-11-02,3.7,3.7,3.6,3.6,28000,SM,,,
2017-11-03,3.6,3.7,3.6,3.6,24000,SM,,,
2017-11-07,3.65,3.65,3.65,3.65,4000,SM,,,
2017-11-08,3.5,3.5,3.4,3.4,16000,SM,,,
2017-11-09,3.6,3.6,3.55,3.55,24000,SM,,,
2017-11-10,3.6,3.7,3.6,3.7,24000,SM,,,
2017-11-13,3.55,3.6,3.55,3.6,16000,SM,,,
2017-11-14,3.55,3.7,3.45,3.5,24000,SM,,,
2017-11-15,3.6,3.6,3.5,3.5,56000,SM,,,
2017-11-16,3.7,3.7,3.7,3.7,16000,SM,,,
2017-11-17,3.5,3.65,3.5,3.65,12000,SM,,,
2017-11-20,3.7,3.7,3.7,3.7,16000,SM,,,
2017-11-22,3.6,3.6,3.6,3.6,32000,SM,,,
2017-11-24,3.5,3.55,3.5,3.55,28000,SM,,,
2017-11-27,3.6,3.6,3.5,3.5,56000,SM,,,
2017-11-28,3.6,3.75,3.6,3.65,100000,SM,,,
2017-11-29,3.6,3.6,3.6,3.6,4000,SM,,,
2017-12-04,3.6,3.65,3.6,3.65,80000,SM,,,
2017-12-05,3.6,3.6,3.6,3.6,16000,SM,,,
2017-12-06,3.65,3.65,3.6,3.6,104000,SM,,,
2017-12-07,3.6,3.6,3.6,3.6,12000,SM,,,
2017-12-08,3.5,3.6,3.5,3.6,8000,SM,,,
2017-12-11,3.7,3.75,3.65,3.65,28000,SM,,,
2017-12-12,3.6,3.65,3.55,3.6,16000,SM,,,
2017-12-13,3.8,3.8,3.65,3.65,12000,SM,,,
2017-12-18,3.65,3.65,3.65,3.65,8000,SM,,,
2017-12-20,3.55,3.65,3.55,3.65,8000,SM,,,
2017-12-28,3.5,3.55,3.5,3.5,24000,SM,,,
2017-12-29,3.5,3.6,3.5,3.6,8000,SM,,,
2018-01-01,3.6,3.6,3.6,3.6,4000,SM,,,
2018-01-02,3.5,3.5,3.5,3.5,8000,SM,,,
2018-01-04,3.5,3.5,3.5,3.5,4000,SM,,,
2018-01-08,3.2,3.5,3.2,3.3,20000,SM,,,
2018-01-09,3.5,3.5,3.5,3.5,12000,SM,,,
2018-01-16,3.3,3.3,3.2,3.2,8000,SM,,,
2018-01-17,3.4,3.4,3.25,3.25,8000,SM,,,
2018-01-18,3.2,3.25,3.2,3.25,12000,SM,,,
2018-01-19,3.2,3.25,3.2,3.25,8000,SM,,,
2018-01-22,3.2,3.2,3.2,3.2,4000,SM,,,
2018-01-23,3.15,3.2,3.15,3.2,8000,SM,,,
2018-01-24,3.1,3.1,3.1,3.1,4000,SM,,,
2018-01-25,3.25,3.25,3.25,3.25,4000,SM,,,
2018-01-30,3.2,3.2,3.2,3.2,4000,SM,,,
2018-01-31,3.1,3.1,3.1,3.1,4000,SM,,,
2018-02-05,3.2,3.2,3.2,3.2,8000,SM,,,
2018-02-06,3.0,3.25,3.0,3.2,60000,SM,,,
2018-02-08,3.2,3.2,3.2,3.2,8000,SM,,,
2018-02-09,3.3,3.3,3.3,3.3,4000,SM,,,
2018-02-12,3.2,3.35,3.2,3.35,8000,SM,,,
2018-02-20,3.3,3.3,3.3,3.3,8000,SM,,,
2018-02-21,3.3,3.3,3.3,3.3,16000,SM,,,
2018-02-22,3.3,3.3,3.3,3.3,20000,SM,,,
2018-02-26,3.5,3.6,3.5,3.6,24000,SM,,,
2018-02-27,3.5,3.55,3.5,3.5,56000,SM,,,
2018-02-28,3.5,3.5,3.5,3.5,52000,SM,,,
2018-03-01,3.5,3.5,3.5,3.5,40000,SM,,,
2018-03-05,3.45,3.45,3.45,3.45,20000,SM,,,
2018-03-07,3.4,3.4,3.4,3.4,60000,SM,,,
2018-03-08,3.4,3.4,3.4,3.4,16000,SM,,,
2018-03-09,3.5,3.5,3.5,3.5,28000,SM,,,
2018-03-12,3.4,3.4,3.4,3.4,4000,SM,,,
2018-03-13,3.4,3.4,3.4,3.4,12000,SM,,,
2018-03-14,3.4,3.4,3.4,3.4,4000,SM,,,
2018-03-15,3.4,3.4,3.4,3.4,8000,SM,,,
2018-03-16,3.4,3.4,3.4,3.4,8000,SM,,,
2018-03-19,3.4,3.4,3.4,3.4,8000,SM,,,
2018-03-20,3.4,3.4,3.4,3.4,4000,SM,,,
2018-03-22,3.4,3.4,3.2,3.2,8000,SM,,,
2018-03-23,3.25,3.25,3.25,3.25,4000,SM,,,
2018-04-04,3.4,3.5,3.4,3.5,28000,SM,,,
2018-04-05,3.5,3.5,3.5,3.5,16000,SM,,,
2018-04-06,3.5,3.5,3.5,3.5,8000,SM,,,
2018-04-09,3.6,3.6,3.6,3.6,12000,SM,,,
2018-04-10,3.6,3.6,3.6,3.6,4000,SM,,,
2018-04-11,3.7,3.75,3.55,3.7,64000,SM,,,
2018-04-12,3.7,3.8,3.7,3.8,12000,SM,,,
2018-04-13,3.8,3.8,3.8,3.8,12000,SM,,,
2018-04-16,3.8,3.8,3.8,3.8,16000,SM,,,
2018-04-18,3.8,3.8,3.8,3.8,4000,SM,,,
2018-04-19,3.8,3.8,3.8,3.8,36000,SM,,,
2018-04-20,3.8,3.8,3.8,3.8,12000,SM,,,
2018-04-23,3.8,3.85,3.8,3.85,12000,SM,,,
2018-04-25,3.85,3.85,3.85,3.85,24000,SM,,,
2018-04-26,3.9,3.9,3.9,3.9,36000,SM,,,
2018-05-04,3.6,3.6,3.6,3.6,4000,SM,,,
2018-05-07,3.5,3.5,3.5,3.5,4000,SM,,,
2018-05-09,3.5,3.5,3.5,3.5,4000,SM,,,
2018-06-04,2.8,3.1,2.8,2.95,8000,SM,,,
2018-06-05,3.4,3.5,3.4,3.4,28000,SM,,,
2018-06-07,3.35,3.35,3.35,3.35,4000,SM,,,
2018-06-08,3.45,3.45,3.45,3.45,4000,SM,,,
2018-06-11,3.5,3.5,3.45,3.45,8000,SM,,,
2018-06-12,3.55,3.6,3.55,3.6,8000,SM,,,
2018-06-13,3.7,3.7,3.6,3.6,24000,SM,,,
2018-06-14,3.65,3.65,3.6,3.6,12000,SM,,,
2018-06-15,3.6,3.6,3.6,3.6,28000,SM,,,
2018-06-19,3.5,3.5,3.5,3.5,4000,SM,,,
2018-06-20,3.5,3.5,3.5,3.5,16000,SM,,,
2018-06-21,3.5,3.5,3.5,3.5,12000,SM,,,
2018-06-22,3.55,3.55,3.55,3.55,4000,SM,,,
2018-06-25,3.55,3.6,3.55,3.6,20000,SM,,,
2018-06-26,3.6,3.7,3.6,3.7,16000,SM,,,
2018-06-27,3.7,3.8,3.7,3.8,52000,SM,,,
2018-06-28,3.85,3.85,3.85,3.85,20000,SM,,,
2018-06-29,3.9,3.9,3.85,3.85,44000,SM,,,
2018-07-02,3.85,3.85,3.85,3.85,8000,SM,,,
2018-07-03,3.85,3.9,3.85,3.9,28000,SM,,,
2018-07-04,3.9,3.9,3.9,3.9,48000,SM,,,
2018-07-05,3.9,3.9,3.9,3.9,12000,SM,,,
2018-07-09,3.95,4.0,3.95,4.0,16000,SM,,,
2018-07-11,4.1,4.1,4.1,4.1,8000,SM,,,
2018-07-20,3.7,3.7,3.7,3.7,4000,SM,,,
2018-07-25,3.7,3.7,3.7,3.7,4000,SM,,,
2018-08-01,3.7,3.7,3.7,3.7,4000,SM,,,
2018-08-03,3.7,3.7,3.1,3.7,28000,SM,,,
2018-08-07,3.7,3.7,3.7,3.7,4000,SM,,,
2018-08-08,3.7,3.7,3.7,3.7,4000,SM,,,
2018-08-16,3.7,3.7,3.7,3.7,4000,SM,,,
2018-08-17,3.7,3.7,3.7,3.7,8000,SM,,,
2018-08-20,3.7,3.7,3.7,3.7,4000,SM,,,
2018-08-21,3.7,3.7,3.7,3.7,4000,SM,,,
2018-08-23,3.7,3.7,3.7,3.7,4000,SM,,,
2018-08-24,4.1,4.1,4.1,4.1,4000,SM,,,
2018-09-05,3.7,3.7,3.7,3.7,4000,SM,,,
2018-09-07,3.7,3.7,3.7,3.7,4000,SM,,,
2018-09-10,3.7,3.7,3.7,3.7,4000,SM,,,
2018-09-11,3.7,3.7,3.7,3.7,8000,SM,,,
2018-09-14,3.7,3.7,3.7,3.7,8000,SM,,,
2018-09-18,3.7,3.7,3.7,3.7,4000,SM,,,
2018-09-19,3.7,3.75,3.7,3.75,28000,SM,,,
2018-09-21,3.75,3.75,3.75,3.75,4000,SM,,,
2018-09-24,3.7,3.7,3.7,3.7,8000,SM,,,
2018-09-25,3.7,3.7,3.7,3.7,4000,SM,,,
2018-09-26,3.65,3.65,3.65,3.65,4000,SM,,,
2018-09-28,3.6,3.6,3.6,3.6,24000,SM,,,
2018-10-03,3.6,3.6,3.6,3.6,4000,SM,,,
2018-10-04,3.6,3.6,3.6,3.6,4000,SM,,,
2018-10-09,3.6,3.6,3.6,3.6,4000,SM,,,
2018-10-10,3.6,3.6,3.6,3.6,32000,SM,,,
2018-10-11,3.6,3.6,3.6,3.6,52000,SM,,,
2018-10-12,3.65,3.65,3.65,3.65,40000,SM,,,
2018-10-17,3.6,3.6,3.6,3.6,8000,SM,,,
2018-10-19,3.6,3.6,3.6,3.6,4000,SM,,,
2018-10-22,4.0,4.15,4.0,4.15,8000,SM,,,
2018-10-25,3.6,3.6,3.6,3.6,112000,SM,,,
2018-10-26,3.6,3.6,3.6,3.6,36000,SM,,,
2018-10-30,3.6,3.6,3.6,3.6,60000,SM,,,
2018-10-31,3.6,3.6,3.6,3.6,16000,SM,,,
2018-11-02,3.6,3.6,3.6,3.6,60000,SM,,,
2018-11-05,3.6,3.6,3.6,3.6,112000,SM,,,
2018-11-06,3.6,3.6,3.6,3.6,56000,SM,,,
2018-11-07,4.0,4.0,4.0,4.0,4000,SM,,,
2018-11-13,4.15,4.15,3.8,4.1,64000,SM,,,
2018-11-14,4.1,4.4,4.1,4.3,20000,SM,,,
2018-11-15,4.45,5.15,4.3,4.6,32000,SM,,,
2018-11-16,4.8,4.8,4.5,4.5,8000,SM,,,
2018-11-19,4.7,4.7,4.55,4.55,12000,SM,,,
2018-11-20,4.7,4.7,4.7,4.7,4000,SM,,,
2018-11-21,4.8,4.8,4.6,4.6,8000,SM,,,
2018-11-22,4.05,4.6,4.05,4.6,16000,SM,,,
2018-11-28,4.5,4.5,4.5,4.5,4000,SM,,,
2018-11-29,4.6,4.7,4.6,4.7,40000,SM,,,
2018-12-03,4.8,4.8,4.8,4.8,4000,SM,,,
2018-12-04,4.9,5.05,4.9,5.0,52000,SM,,,
2018-12-05,5.2,5.2,5.05,5.05,8000,SM,,,
2018-12-06,5.0,5.0,5.0,5.0,4000,SM,,,
2018-12-07,5.0,5.0,4.1,4.25,48000,SM,,,
2018-12-11,4.5,4.5,4.5,4.5,4000,SM,,,
2018-12-12,4.55,4.55,3.8,4.25,12000,SM,,,
2018-12-14,3.65,4.2,3.65,4.15,16000,SM,,,
2018-12-17,5.0,5.0,5.0,5.0,4000,SM,,,
2018-12-18,5.0,5.2,5.0,5.0,28000,SM,,,
2018-12-19,5.0,5.7,5.0,5.05,40000,SM,,,
2018-12-20,5.25,5.25,5.25,5.25,4000,SM,,,
2018-12-21,5.2,5.2,5.2,5.2,4000,SM,,,
2018-12-24,5.7,5.7,5.55,5.55,8000,SM,,,
2018-12-26,5.1,5.4,5.1,5.3,16000,SM,,,
2018-12-28,5.45,5.45,5.45,5.45,4000,SM,,,
2018-12-31,5.45,5.45,5.4,5.4,8000,SM,,,
2019-01-01,5.4,5.4,5.4,5.4,8000,SM,,,
2019-01-02,5.5,5.5,5.5,5.5,4000,SM,,,
2019-01-04,5.45,5.45,5.45,5.45,4000,SM,,,
2019-01-07,5.6,5.6,5.5,5.5,28000,SM,,,
2019-01-08,5.5,5.5,5.5,5.5,4000,SM,,,
2019-01-09,5.7,5.7,5.7,5.7,4000,SM,,,
2019-01-10,5.65,5.65,5.65,5.65,4000,SM,,,
2019-01-14,5.7,5.7,5.7,5.7,8000,SM,,,
2019-01-16,5.7,5.7,5.7,5.7,4000,SM,,,
2019-01-17,5.8,5.85,5.8,5.85,8000,SM,,,
2019-01-18,5.8,5.8,5.8,5.8,4000,SM,,,
2019-01-21,5.8,5.8,5.8,5.8,4000,SM,,,
2019-01-22,5.8,5.8,5.8,5.8,4000,SM,,,
2019-01-23,5.8,6.0,5.8,5.95,28000,SM,,,
2019-01-25,5.8,5.8,5.8,5.8,4000,SM,,,
2019-01-28,5.8,6.2,5.8,6.2,16000,SM,,,
2019-01-29,5.8,5.8,5.8,5.8,12000,SM,,,
2019-01-31,5.8,5.8,5.8,5.8,4000,SM,,,
2019-02-04,6.0,6.0,6.0,6.0,4000,SM,,,
2019-02-05,6.0,6.0,6.0,6.0,12000,SM,,,
2019-02-06,5.8,5.8,5.8,5.8,16000,SM,,,
2019-02-08,5.8,5.8,5.8,5.8,4000,SM,,,
2019-02-15,5.8,5.8,5.8,5.8,24000,SM,,,
2019-02-21,5.8,5.8,5.8,5.8,4000,SM,,,
2019-02-22,5.8,5.8,5.8,5.8,4000,SM,,,
2019-02-26,5.8,5.8,5.8,5.8,4000,SM,,,
2019-02-27,5.8,5.8,5.8,5.8,12000,SM,,,
2019-03-05,5.8,5.8,5.25,5.25,12000,SM,,,
2019-03-11,5.4,5.4,5.2,5.2,20000,SM,,,
2019-03-12,5.1,6.1,5.1,5.7,16000,SM,,,
2019-03-13,6.4,6.4,5.1,5.25,12000,SM,,,
2019-03-14,5.5,5.5,5.5,5.5,4000,SM,,,
2019-03-15,5.5,5.5,5.5,5.5,12000,SM,,,
2019-03-18,5.5,5.5,5.5,5.5,4000,SM,,,
2019-03-19,5.15,5.15,5.15,5.15,4000,SM,,,
2019-03-26,5.75,5.75,5.75,5.75,4000,SM,,,
2019-03-29,5.0,5.3,5.0,5.15,32000,SM,,,
2019-04-01,5.0,5.0,5.0,5.0,8000,SM,,,
2019-04-04,5.2,5.2,5.1,5.1,8000,SM,,,
2019-05-17,5.0,5.0,5.0,5.0,4000,SM,,,
2019-05-21,5.0,5.0,5.0,5.0,4000,SM,,,
2019-05-22,4.95,5.0,4.95,5.0,12000,SM,,,
2019-05-23,4.5,4.5,4.5,4.5,12000,SM,,,
2019-05-27,4.55,4.6,4.55,4.6,12000,SM,,,
2019-05-28,4.6,4.7,4.6,4.7,16000,SM,,,
2019-05-29,4.7,4.7,4.7,4.7,12000,SM,,,
2019-05-30,4.7,4.8,4.7,4.8,12000,SM,,,
2019-05-31,4.8,4.85,4.8,4.85,12000,SM,,,
2019-06-07,5.2,5.4,5.2,5.4,8000,SM,,,
2019-06-10,5.6,5.75,5.6,5.75,20000,SM,,,
2019-06-11,5.9,5.9,5.5,5.5,12000,SM,,,
2019-06-19,5.0,5.0,4.4,4.4,8000,SM,,,
2019-06-21,5.2,5.2,5.0,5.0,8000,SM,,,
2019-06-28,5.9,5.9,5.0,5.0,20000,SM,,,
2019-07-01,5.0,5.0,5.0,5.0,4000,SM,,,
2019-07-02,5.9,5.9,5.9,5.9,4000,SM,,,
2019-07-05,5.0,5.0,5.0,5.0,4000,SM,,,
2019-07-08,5.0,5.1,5.0,5.1,32000,SM,,,
2019-07-16,5.5,5.5,5.5,5.5,16000,SM,,,
2019-07-17,5.4,5.45,5.4,5.45,24000,SM,,,
2019-07-18,5.5,5.5,5.5,5.5,20000,SM,,,
2019-07-25,5.0,5.0,5.0,5.0,4000,SM,,,
2019-07-26,5.0,5.5,5.0,5.5,84000,SM,,,
2019-07-29,5.9,5.9,5.8,5.8,24000,SM,,,
2019-07-30,6.0,6.0,5.8,5.8,24000,SM,,,
2019-08-05,5.0,5.0,5.0,5.0,4000,SM,,,
2019-08-07,5.75,5.75,5.05,5.05,8000,SM,,,
2019-08-22,5.95,6.0,5.2,5.2,709,EQ,,,
2019-08-23,5.2,5.2,5.0,5.0,10358,EQ,,,
2019-08-26,5.35,5.35,5.35,5.35,83,EQ,,,
2019-08-27,5.0,5.2,5.0,5.2,15,EQ,,,
2019-08-28,5.0,5.0,5.0,5.0,5489,EQ,,,
2019-09-03,5.0,5.4,5.0,5.0,4081,EQ,,,
2019-09-04,5.0,5.0,5.0,5.0,1015,EQ,,,
2019-09-09,5.75,5.75,5.0,5.45,2200,EQ,,,
2019-09-11,5.85,5.85,5.0,5.0,1142,EQ,,,
2019-09-12,4.9,5.45,4.9,5.0,18,EQ,,,
2019-09-13,5.9,5.9,5.0,5.35,1212,EQ,,,
2019-09-16,5.8,5.8,5.4,5.7,258,EQ,,,
2019-09-17,5.5,5.5,5.1,5.35,2204,EQ,,,
2019-09-18,5.3,5.3,5.3,5.3,148,EQ,,,
2019-09-19,5.95,5.95,5.1,5.1,2939,EQ,,,
2019-09-20,5.65,5.95,5.2,5.75,1060,EQ,,,
2019-09-23,6.9,6.9,5.0,5.8,1599,EQ,,,
2019-09-24,6.5,6.5,5.5,5.95,809,EQ,,,
2019-09-25,5.1,6.1,5.1,5.4,674,EQ,,,
2019-09-26,5.3,5.8,5.1,5.25,1609,EQ,,,
2019-09-27,5.05,5.4,5.05,5.2,355,EQ,,,
2019-09-30,5.0,5.4,5.0,5.4,1271,EQ,,,
2019-10-01,5.2,5.2,5.0,5.0,676,EQ,4.0,169.0,676.0
2019-10-03,5.3,5.7,5.0,5.0,1870,EQ,57.0,32.81,1508.0
2019-10-04,5.3,5.45,5.3,5.45,101,EQ,4.0,25.25,101.0
2019-10-07,5.45,5.45,5.4,5.4,500,EQ,6.0,83.33,500.0
2019-10-09,5.3,5.3,5.3,5.3,100,EQ,2.0,50.0,100.0
2019-10-10,5.3,5.3,5.2,5.2,127,EQ,4.0,31.75,127.0
2019-10-11,6.05,6.05,5.3,5.3,399,EQ,13.0,30.69,166.0
2019-10-14,6.25,6.25,5.3,5.3,6502,EQ,71.0,91.58,300.0
2019-10-15,5.3,5.5,5.3,5.45,2830,EQ,20.0,141.5,2407.0
2019-10-16,5.5,5.5,5.5,5.5,125,EQ,2.0,62.5,100.0
2019-10-17,5.1,5.1,5.1,5.1,1,EQ,1.0,1.0,1.0
2019-10-18,5.5,5.5,5.5,5.5,211,EQ,4.0,52.75,211.0
2019-10-22,5.5,5.5,5.25,5.25,141,EQ,8.0,17.62,133.0
2019-10-23,5.3,5.3,5.3,5.3,82,EQ,3.0,27.33,82.0
2019-10-24,5.5,5.5,5.5,5.5,7,EQ,2.0,3.5,7.0
2019-10-29,5.4,5.45,5.2,5.3,326,EQ,6.0,54.33,326.0
2019-10-30,5.4,5.5,5.3,5.5,2000,EQ,13.0,153.85,2000.0
2019-10-31,5.5,5.5,5.3,5.5,316,EQ,3.0,105.33,316.0
2019-11-01,5.4,5.5,5.4,5.5,734,EQ,3.0,244.67,734.0
2019-11-05,5.3,5.5,5.3,5.5,516,EQ,6.0,86.0,316.0
2019-11-06,5.3,5.3,5.3,5.3,185,EQ,1.0,185.0,185.0
2019-11-07,5.3,5.9,5.3,5.3,28,EQ,4.0,7.0,7.0
2019-11-08,5.3,5.3,5.3,5.3,171,EQ,3.0,57.0,171.0
2019-11-13,5.3,5.3,5.2,5.2,102,EQ,2.0,51.0,102.0
2019-11-14,5.3,5.3,5.3,5.3,100,EQ,1.0,100.0,100.0
2019-11-15,5.3,5.3,5.3,5.3,100,EQ,1.0,100.0,100.0
2019-11-18,5.3,5.35,5.3,5.3,200,EQ,3.0,66.67,200.0
2019-11-19,5.3,6.0,5.0,5.1,2435,EQ,65.0,37.46,2210.0
2019-11-20,5.6,5.6,5.6,5.6,1,EQ,1.0,1.0,1.0
2019-11-21,5.7,5.7,4.75,4.8,1261,EQ,16.0,78.81,1060.0
2019-11-22,5.2,5.4,5.0,5.1,1344,EQ,21.0,64.0,439.0
2019-11-26,5.2,5.4,5.2,5.4,2,EQ,2.0,1.0,2.0
2019-11-27,6.4,6.4,5.25,5.4,2469,EQ,23.0,107.35,198.0
2019-11-28,5.3,5.8,5.3,5.4,1239,EQ,9.0,137.67,218.0
2019-11-29,5.3,5.55,5.1,5.15,353,EQ,7.0,50.43,352.0
2019-12-02,5.2,5.2,5.2,5.2,3,EQ,2.0,1.5,3.0
2019-12-03,5.5,5.5,5.3,5.3,206,EQ,5.0,41.2,206.0
2019-12-05,5.2,6.0,5.2,5.5,3031,EQ,159.0,19.06,1332.0
2019-12-06,6.5,6.5,5.0,5.3,2125,EQ,27.0,78.7,1072.0
2019-12-09,5.3,5.5,5.3,5.45,947,EQ,9.0,105.22,830.0
2019-12-10,5.45,5.45,5.3,5.3,15,BE,2.0,7.5,15.0
2019-12-11,5.3,5.3,5.1,5.1,301,BE,4.0,75.25,301.0
2019-12-12,5.3,5.3,5.1,5.1,218,BE,4.0,54.5,218.0
2019-12-13,5.3,5.3,5.0,5.0,805,BE,8.0,100.62,805.0
2019-12-16,5.2,5.2,5.1,5.1,109,BE,3.0,36.33,109.0
2019-12-17,5.3,5.35,5.3,5.35,1010,BE,4.0,252.5,1010.0
2019-12-19,5.3,5.3,5.2,5.3,201,BE,4.0,50.25,201.0
2019-12-20,5.3,5.3,5.1,5.3,301,BE,5.0,60.2,301.0
2019-12-23,5.3,5.55,5.3,5.55,54,BE,6.0,9.0,54.0
2019-12-24,5.8,5.8,5.25,5.3,224,BE,6.0,37.33,224.0
2019-12-27,5.3,5.55,5.2,5.55,3914,BE,25.0,156.56,3914.0
2019-12-30,5.55,5.8,5.55,5.8,4225,BE,15.0,281.67,4225.0
2019-12-31,5.8,6.1,5.8,6.1,5915,BE,21.0,281.67,5915.0
2020-01-01,6.1,6.1,6.1,6.1,10,BE,1.0,10.0,10.0
2020-01-02,6.1,6.1,6.1,6.1,1101,BE,5.0,220.2,1101.0
2020-01-03,6.1,6.2,6.1,6.2,504,BE,5.0,100.8,504.0
2020-01-06,6.2,6.2,6.2,6.2,1000,BE,4.0,250.0,1000.0
2020-01-08,6.2,6.2,5.9,5.9,1063,BE,3.0,354.33,1063.0
2020-01-13,5.8,5.8,5.8,5.8,500,BE,1.0,500.0,500.0
2020-01-14,5.55,5.55,5.55,5.55,1,BE,1.0,1.0,1.0
2020-01-15,5.3,5.3,5.3,5.3,36,BE,1.0,36.0,36.0
2020-01-17,5.3,5.3,5.3,5.3,20,BE,2.0,10.0,20.0
2020-01-20,5.3,5.3,5.3,5.3,1000,BE,1.0,1000.0,1000.0
2020-01-22,5.3,5.3,5.3,5.3,1090,BE,3.0,363.33,1090.0
2020-01-23,5.3,5.4,5.3,5.4,2200,BE,6.0,366.67,2200.0
2020-01-24,5.4,5.4,5.4,5.4,900,BE,5.0,180.0,900.0
2020-01-29,5.3,5.3,5.3,5.3,50,BE,1.0,50.0,50.0
2020-01-31,5.3,5.55,5.3,5.55,502,BE,2.0,251.0,502.0
2020-02-03,5.3,5.5,5.3,5.5,5700,BE,19.0,300.0,5700.0
2020-02-04,5.5,5.5,5.3,5.3,4700,BE,4.0,1175.0,4700.0
2020-02-05,5.3,5.3,5.3,5.3,1600,BE,4.0,400.0,1600.0
2020-02-06,5.3,5.3,5.05,5.3,10000,BE,10.0,1000.0,10000.0
2020-02-10,5.1,5.1,5.05,5.05,1000,BE,3.0,333.33,1000.0
2020-02-11,5.05,5.3,5.05,5.1,4303,BE,6.0,717.17,4303.0
2020-02-12,5.1,5.1,5.1,5.1,320,BE,8.0,40.0,320.0
2020-02-13,5.1,5.1,5.1,5.1,280,BE,21.0,13.33,280.0
2020-02-14,5.1,5.35,5.1,5.3,3104,BE,25.0,124.16,3104.0
2020-02-17,5.3,5.3,5.05,5.05,117,BE,3.0,39.0,117.0
2020-02-18,5.05,5.1,5.05,5.1,1802,BE,2.0,901.0,1802.0
2020-02-19,5.1,5.1,5.1,5.1,230,BE,6.0,38.33,230.0
2020-02-20,5.0,5.0,5.0,5.0,1100,BE,3.0,366.67,1100.0
2020-02-24,5.0,5.1,5.0,5.1,121,BE,5.0,24.2,121.0
2020-02-26,5.1,5.1,5.1,5.1,180,BE,5.0,36.0,180.0
2020-02-27,5.1,5.1,5.1,5.1,2508,BE,4.0,627.0,2508.0
2020-03-03,5.1,5.1,5.05,5.1,4050,BE,5.0,810.0,4050.0
2020-03-04,5.1,5.1,5.1,5.1,202,BE,3.0,67.33,202.0
2020-03-06,5.0,5.1,5.0,5.05,680,BE,4.0,170.0,680.0
2020-03-09,5.1,5.1,5.1,5.1,950,BE,5.0,190.0,950.0
2020-03-11,5.1,5.1,5.1,5.1,1000,BE,4.0,250.0,1000.0
2020-03-12,5.0,5.3,4.85,4.85,2700,BE,15.0,180.0,2700.0
2020-03-13,4.85,4.85,4.85,4.85,300,BE,2.0,150.0,300.0
2020-03-17,4.8,4.85,4.8,4.8,807,BE,8.0,100.88,807.0
2020-03-18,4.8,5.05,4.7,5.05,9227,BE,26.0,354.88,9227.0
2020-03-20,5.0,5.0,5.0,5.0,800,BE,1.0,800.0,800.0
2020-03-24,5.0,5.0,5.0,5.0,200,BE,2.0,100.0,200.0
2020-03-25,4.9,4.9,4.9,4.9,1217,BE,4.0,304.25,1217.0
2020-03-26,4.9,4.9,4.65,4.65,4000,BE,4.0,1000.0,4000.0
2020-03-27,4.85,4.85,4.85,4.85,300,BE,2.0,150.0,300.0
2020-03-30,5.0,5.0,4.9,4.9,1100,BE,3.0,366.67,1100.0
2020-04-08,5.1,5.1,4.65,4.7,625,BE,6.0,104.17,625.0
2020-04-13,4.7,4.7,4.7,4.7,31,BE,,,
2020-04-15,4.9,4.9,4.85,4.85,41,BE,5.0,8.2,41.0
2020-04-16,4.85,4.85,4.85,4.85,1,BE,1.0,1.0,1.0
2020-04-20,4.85,4.85,4.85,4.85,30,BE,1.0,30.0,30.0
2020-05-07,4.65,4.65,4.65,4.65,1000,BE,1.0,1000.0,1000.0
2020-05-08,4.6,4.6,4.5,4.5,2000,BE,2.0,1000.0,2000.0
2020-05-11,4.4,4.7,4.3,4.7,2001,BE,3.0,667.0,2001.0
2020-05-12,4.45,4.5,4.45,4.45,1075,BE,3.0,358.33,1075.0
2020-05-13,4.7,4.7,4.3,4.3,1100,BE,3.0,366.67,1100.0
2020-05-14,4.5,4.5,4.3,4.3,1603,BE,5.0,320.6,1603.0
2020-05-15,4.3,4.3,4.3,4.3,1000,BE,1.0,1000.0,1000.0
2020-05-18,4.2,4.2,4.1,4.1,2000,BE,2.0,1000.0,2000.0
2020-05-19,4.3,4.3,4.1,4.1,1007,BE,3.0,335.67,1007.0
2020-05-20,4.3,4.3,4.3,4.3,4,BE,2.0,2.0,4.0
2020-05-21,4.3,4.3,4.1,4.2,6000,BE,7.0,857.14,6000.0
2020-05-22,4.25,4.25,4.2,4.2,8000,BE,23.0,347.83,8000.0
2020-05-26,4.2,4.2,4.1,4.1,5000,BE,5.0,1000.0,5000.0
2020-05-27,4.1,4.1,4.1,4.1,8015,BE,4.0,2003.75,8015.0
2020-05-28,4.0,4.05,4.0,4.05,14000,BE,5.0,2800.0,14000.0
2020-05-29,4.1,4.1,4.1,4.1,8670,BE,23.0,376.96,8670.0
2020-06-01,4.0,4.1,3.9,4.1,14355,BE,6.0,2392.5,14355.0
2020-06-02,3.9,4.1,3.9,4.1,5856,BE,9.0,650.67,5856.0
2020-06-03,4.1,4.1,3.9,3.9,2623,BE,10.0,262.3,2623.0
2020-06-04,4.0,4.0,4.0,4.0,65,BE,2.0,32.5,65.0
2020-06-05,4.1,4.1,4.1,4.1,611,BE,12.0,50.92,611.0
2020-06-08,4.0,4.1,3.9,4.1,1956,BE,25.0,78.24,1956.0
2020-06-09,3.9,4.3,3.9,4.2,25460,BE,59.0,431.53,25460.0
2020-06-10,4.3,4.3,4.0,4.3,2262,BE,45.0,50.27,2262.0
2020-06-11,4.1,4.3,4.1,4.2,277,BE,11.0,25.18,277.0
2020-06-12,4.3,4.3,4.0,4.3,20477,BE,31.0,660.55,20477.0
2020-06-15,4.3,4.3,4.1,4.3,152,BE,4.0,38.0,152.0
2020-06-16,4.1,4.5,4.1,4.35,1430,BE,17.0,84.12,1430.0
2020-06-17,4.4,4.5,4.4,4.45,775,BE,11.0,70.45,775.0
2020-06-18,4.55,4.55,4.25,4.5,300,BE,8.0,37.5,300.0
2020-06-19,4.5,4.65,4.3,4.6,1171,BE,14.0,83.64,1171.0
2020-06-22,4.6,4.6,4.45,4.6,662,BE,15.0,44.13,662.0
2020-06-23,4.35,4.8,4.35,4.75,2610,BE,12.0,217.5,2610.0
2020-06-24,5.0,5.0,4.8,4.95,519,BE,8.0,64.88,519.0
2020-06-25,5.1,5.2,4.7,5.1,1898,BE,25.0,75.92,1898.0
2020-06-26,4.85,5.1,4.85,5.1,1128,BE,14.0,80.57,1128.0
2020-06-29,5.1,5.1,5.1,5.1,1,BE,1.0,1.0,1.0
2020-06-30,5.1,5.1,5.0,5.0,2,BE,2.0,1.0,2.0
2020-07-01,4.95,4.95,4.75,4.75,530,BE,4.0,132.5,530.0
2020-07-02,4.6,5.0,4.55,5.0,707,BE,15.0,47.13,707.0
2020-07-03,5.0,5.0,4.8,4.8,1301,BE,7.0,185.86,1301.0
2020-07-06,4.8,5.0,4.6,4.6,402,BE,8.0,50.25,402.0
2020-07-07,4.6,4.65,4.6,4.6,348,BE,6.0,58.0,348.0
2020-07-08,4.7,4.7,4.6,4.6,271,BE,6.0,45.17,271.0
2020-07-09,4.6,4.8,4.35,4.5,5234,BE,80.0,65.42,5234.0
2020-07-10,4.5,4.5,4.5,4.5,1001,BE,4.0,250.25,1001.0
2020-07-13,4.5,4.5,4.4,4.5,551,BE,6.0,91.83,551.0
2020-07-14,4.5,4.5,4.4,4.4,1176,BE,14.0,84.0,1176.0
2020-07-15,4.4,4.4,4.4,4.4,1019,BE,5.0,203.8,1019.0
2020-07-16,4.35,4.5,4.35,4.45,268,BE,4.0,67.0,268.0
2020-07-17,4.6,4.6,4.6,4.6,100,BE,1.0,100.0,100.0
2020-07-20,4.6,4.6,4.5,4.5,553,BE,13.0,42.54,553.0
2020-07-21,4.5,4.55,4.5,4.55,111,BE,3.0,37.0,111.0
2020-07-22,4.55,4.75,4.55,4.65,1296,BE,15.0,86.4,1296.0
2020-07-23,4.85,4.9,4.7,4.75,1692,BE,11.0,153.82,1692.0
2020-07-24,4.95,5.0,4.75,4.75,340,BE,10.0,34.0,340.0
2020-07-27,5.0,5.0,4.95,4.95,301,BE,4.0,75.25,301.0
2020-07-28,4.8,4.8,4.75,4.8,410,BE,8.0,51.25,410.0
2020-07-29,4.8,4.9,4.8,4.8,701,BE,9.0,77.89,701.0
2020-07-31,4.9,4.9,4.8,4.8,119,BE,3.0,39.67,119.0
2020-08-03,4.8,4.8,4.7,4.75,226,BE,8.0,28.25,226.0
2020-08-05,4.75,4.9,4.5,4.9,2183,BE,18.0,121.28,2183.0
2020-08-06,4.9,5.0,4.9,5.0,1969,BE,10.0,196.9,1969.0
2020-08-07,5.0,5.0,5.0,5.0,2213,BE,13.0,170.23,2213.0
2020-08-10,5.0,5.0,5.0,5.0,3478,BE,18.0,193.22,3478.0
2020-08-11,5.0,5.05,4.95,5.0,6548,BE,22.0,297.64,6548.0
2020-08-12,5.0,5.0,5.0,5.0,2542,BE,8.0,317.75,2542.0
2020-08-13,5.0,5.0,5.0,5.0,20,BE,2.0,10.0,20.0
2020-08-14,5.25,5.25,5.1,5.1,1714,BE,18.0,95.22,1714.0
2020-08-17,5.1,5.4,5.1,5.4,7754,BE,22.0,352.45,7754.0
2020-08-18,5.4,5.65,5.4,5.65,6387,BE,19.0,336.16,6387.0
2020-08-19,5.8,5.9,5.8,5.9,14068,BE,53.0,265.43,14068.0
2020-08-20,6.2,6.2,5.9,5.9,1826,BE,16.0,114.12,1826.0
2020-08-21,5.95,5.95,5.75,5.75,3981,BE,31.0,128.42,3981.0
2020-08-24,5.75,5.75,5.7,5.7,2844,BE,9.0,316.0,2844.0
2020-08-25,5.7,5.7,5.7,5.7,7721,BE,12.0,643.42,7721.0
2020-08-26,5.7,5.7,5.4,5.7,505,BE,8.0,63.12,505.0
2020-08-27,5.7,5.7,5.7,5.7,3116,BE,5.0,623.2,3116.0
2020-08-28,5.7,5.7,5.7,5.7,48,BE,3.0,16.0,48.0
2020-08-31,5.8,6.0,5.8,5.8,1581,BE,20.0,79.05,1581.0
2020-09-01,5.85,5.9,5.8,5.8,552,BE,7.0,78.86,552.0
2020-09-02,5.85,5.85,5.85,5.85,700,BE,4.0,175.0,700.0
2020-09-03,5.85,5.85,5.85,5.85,867,BE,5.0,173.4,867.0
2020-09-04,6.0,6.0,6.0,6.0,100,BE,1.0,100.0,100.0
2020-09-07,6.0,6.0,6.0,6.0,290,BE,2.0,145.0,290.0
2020-09-08,5.65,6.1,5.65,6.1,105,BE,2.0,52.5,105.0
2020-09-09,5.85,5.85,5.85,5.85,380,BE,4.0,95.0,380.0
2020-09-10,5.85,5.9,5.55,5.8,772,BE,11.0,70.18,772.0
2020-09-11,5.5,5.8,5.5,5.8,7200,BE,12.0,600.0,7200.0
2020-09-14,5.8,5.95,5.8,5.8,426,BE,7.0,60.86,426.0
2020-09-15,6.1,6.1,5.55,5.85,501,BE,6.0,83.5,501.0
2020-09-16,5.85,6.15,5.85,6.0,5178,BE,9.0,575.33,5178.0
2020-09-17,6.0,6.1,6.0,6.1,425,BE,4.0,106.25,425.0
2020-09-21,6.1,6.1,5.8,5.8,356,BE,6.0,59.33,356.0
2020-09-25,5.8,5.8,5.8,5.8,15,BE,1.0,15.0,15.0
2020-09-28,5.75,5.8,5.75,5.75,100,BE,,,
2020-09-29,6.05,6.05,5.45,6.0,916,BE,7.0,130.86,916.0
2020-10-01,6.1,6.1,5.7,5.7,623,BE,7.0,89.0,623.0
2020-10-05,5.4,6.0,5.4,6.0,2102,BE,11.0,191.09,2102.0
2020-10-06,5.7,6.1,5.7,6.0,15920,BE,46.0,346.09,15920.0
2020-10-07,6.0,6.1,6.0,6.0,2630,BE,11.0,239.09,2630.0
2020-10-08,6.0,6.15,6.0,6.0,1075,BE,6.0,179.17,1075.0
2020-10-09,6.2,6.2,6.2,6.2,1001,BE,3.0,333.67,1001.0
2020-10-12,6.3,6.5,6.0,6.0,5553,BE,59.0,94.12,5553.0
2020-10-13,5.7,6.3,5.7,6.1,1010,BE,8.0,126.25,1010.0
2020-10-14,6.0,6.1,6.0,6.1,2650,BE,4.0,662.5,2650.0
2020-10-15,6.2,6.4,6.2,6.3,6046,BE,26.0,232.54,6046.0
2020-10-16,6.65,6.65,6.45,6.5,1763,BE,16.0,110.19,1763.0
2020-10-19,6.4,6.6,6.3,6.6,4705,BE,18.0,261.39,4705.0
2020-10-20,6.6,6.6,6.45,6.5,2128,BE,24.0,88.67,2128.0
2020-10-21,6.6,6.6,6.5,6.5,363,BE,9.0,40.33,363.0
2020-10-22,6.5,6.65,6.5,6.6,540,BE,12.0,45.0,540.0
2020-10-23,6.6,6.6,6.5,6.5,1249,BE,16.0,78.06,1249.0
2020-10-26,6.4,6.5,6.4,6.5,742,BE,10.0,74.2,742.0
2020-10-27,6.65,6.8,6.55,6.6,2950,BE,18.0,163.89,2950.0
2020-10-28,6.6,6.6,6.5,6.55,373,BE,7.0,53.29,373.0
2020-10-29,6.55,6.65,6.55,6.6,2410,BE,26.0,92.69,2410.0
2020-10-30,6.5,6.75,6.45,6.55,9405,BE,55.0,171.0,9405.0
2020-11-02,6.5,6.65,6.5,6.65,693,BE,7.0,99.0,693.0
2020-11-03,6.7,6.7,6.55,6.65,963,BE,15.0,64.2,963.0
2020-11-04,6.55,6.55,6.55,6.55,156,BE,4.0,39.0,156.0
2020-11-05,6.65,6.75,6.6,6.75,6632,BE,26.0,255.08,6632.0
2020-11-06,6.85,7.1,6.85,7.05,4731,BE,51.0,92.76,4731.0
2020-11-09,7.05,7.4,7.0,7.4,3433,BE,37.0,92.78,3433.0
2020-11-10,7.4,7.55,7.15,7.5,23606,BE,51.0,462.86,23606.0
2020-11-11,7.5,7.8,7.4,7.5,1214,BE,17.0,71.41,1214.0
2020-11-12,7.1,7.6,7.1,7.4,3409,BE,16.0,213.06,3409.0
2020-11-13,7.4,7.5,7.4,7.4,2568,BE,18.0,142.67,2568.0
2020-11-17,7.75,7.75,7.25,7.55,1257,BE,23.0,54.65,1257.0
2020-11-18,7.5,7.55,7.35,7.5,4200,BE,34.0,123.53,4200.0
2020-11-19,7.5,7.7,7.45,7.5,8640,BE,108.0,80.0,8640.0
2020-11-20,7.8,7.8,7.4,7.65,28945,BE,19.0,1523.42,28945.0
2020-11-23,7.65,7.65,7.5,7.55,603,BE,7.0,86.14,603.0
2020-11-24,7.55,7.9,7.5,7.9,10164,BE,135.0,75.29,10164.0
2020-11-25,8.15,8.3,7.65,7.7,3513,BE,57.0,61.63,3513.0
2020-11-26,8.1,8.1,7.35,7.35,6068,BE,43.0,141.12,6068.0
2020-11-27,7.5,7.7,7.0,7.2,4753,BE,47.0,101.13,4753.0
2020-12-01,7.2,7.55,7.0,7.05,2357,BE,33.0,71.42,2357.0
2020-12-02,6.7,7.1,6.7,7.0,977,BE,24.0,40.71,977.0
2020-12-03,6.8,7.35,6.75,7.3,348,BE,13.0,26.77,348.0
2020-12-04,6.95,7.65,6.95,7.6,4083,BE,43.0,94.95,4083.0
2020-12-07,7.95,7.95,7.5,7.85,3970,BE,36.0,110.28,3970.0
2020-12-08,7.85,8.05,7.45,7.5,1107,BE,22.0,50.32,1107.0
2020-12-09,7.5,7.85,7.2,7.7,1408,BE,46.0,30.61,1408.0
2020-12-10,8.0,8.0,7.75,7.75,133,BE,4.0,33.25,133.0
2020-12-11,7.4,7.5,7.35,7.5,686,BE,18.0,38.11,686.0
2020-12-14,7.35,7.35,7.25,7.25,836,BE,16.0,52.25,836.0
2020-12-15,7.0,7.6,7.0,7.4,406,BE,18.0,22.56,406.0
2020-12-16,7.6,7.6,7.4,7.6,755,BE,15.0,50.33,755.0
2020-12-17,7.9,7.9,7.4,7.5,1092,BE,18.0,60.67,1092.0
2020-12-18,7.7,7.7,7.6,7.6,45,BE,5.0,9.0,45.0
2020-12-21,7.6,7.8,7.5,7.6,2472,BE,25.0,98.88,2472.0
2020-12-22,7.6,7.6,7.5,7.5,678,BE,9.0,75.33,678.0
2020-12-23,7.5,7.5,7.5,7.5,499,BE,10.0,49.9,499.0
2020-12-24,7.1,7.6,7.1,7.45,1885,BE,22.0,85.68,1885.0
2020-12-28,7.45,7.8,7.1,7.8,956,BE,11.0,86.91,956.0
2020-12-29,7.6,7.6,7.4,7.6,499,BE,10.0,49.9,499.0
2020-12-30,7.2,7.8,7.2,7.6,800,BE,8.0,100.0,800.0
2020-12-31,7.6,7.6,7.45,7.5,2128,BE,25.0,85.12,2128.0
2021-01-01,7.8,7.8,7.3,7.7,622,BE,12.0,51.83,622.0
2021-01-04,7.7,7.7,7.3,7.35,1729,BE,38.0,45.5,1729.0
2021-01-05,7.25,7.7,7.0,7.3,256,BE,7.0,36.57,256.0
2021-01-06,7.3,7.65,7.0,7.0,2069,BE,30.0,68.97,2069.0
2021-01-07,7.35,7.35,7.0,7.05,3086,BE,36.0,85.72,3086.0
2021-01-08,7.35,7.35,7.0,7.1,1403,BE,14.0,100.21,1403.0
2021-01-11,7.1,7.4,7.0,7.0,1248,BE,13.0,96.0,1248.0
2021-01-12,7.0,7.3,7.0,7.15,4287,BE,19.0,225.63,4287.0
2021-01-13,7.05,7.1,7.0,7.0,3786,BE,20.0,189.3,3786.0
2021-01-14,7.05,7.05,7.0,7.0,2582,BE,7.0,368.86,2582.0
2021-01-15,7.3,7.3,7.0,7.05,1212,BE,10.0,121.2,1212.0
2021-01-18,7.05,7.3,7.0,7.25,76,BE,8.0,9.5,76.0
2021-01-19,7.4,7.4,7.0,7.0,567,BE,16.0,35.44,567.0
2021-01-20,7.0,7.0,6.9,6.9,1001,BE,16.0,62.56,1001.0
2021-01-21,7.1,7.1,6.95,6.95,100,BE,2.0,50.0,100.0
2021-01-22,7.0,7.0,6.6,6.75,76,BE,8.0,9.5,76.0
2021-01-25,7.1,7.1,6.5,6.9,1319,BE,10.0,131.9,1319.0
2021-01-27,6.8,7.25,6.6,6.8,3121,BE,30.0,104.03,3121.0
2021-01-28,7.0,7.0,6.9,6.9,791,BE,13.0,60.85,791.0
2021-01-29,7.1,7.25,6.8,6.95,955,BE,16.0,59.69,955.0
2021-02-01,6.95,7.3,6.8,6.8,1094,BE,8.0,136.75,1094.0
2021-02-02,6.5,7.15,6.5,7.1,1801,EQ,28.0,64.32,1800.0
2021-02-03,7.2,7.2,6.85,7.05,373,EQ,20.0,18.65,370.0
2021-02-04,7.1,7.1,6.8,7.0,169,EQ,8.0,21.12,169.0
2021-02-05,7.1,7.1,6.8,7.0,182,EQ,15.0,12.13,155.0
2021-02-08,7.15,7.15,6.55,7.15,140,EQ,6.0,23.33,102.0
2021-02-09,6.95,7.3,6.8,7.25,4902,EQ,43.0,114.0,1749.0
2021-02-10,6.8,7.3,6.55,6.9,2305,EQ,41.0,56.22,2078.0
2021-02-11,6.85,7.3,6.8,6.85,642,EQ,12.0,53.5,637.0
2021-02-12,6.85,7.2,6.85,7.0,79,EQ,14.0,5.64,60.0
2021-02-15,6.8,7.3,6.8,7.15,1010,EQ,25.0,40.4,1001.0
2021-02-16,7.3,7.3,6.8,6.85,282,EQ,19.0,14.84,267.0
2021-02-17,7.2,7.2,6.85,7.05,57,EQ,6.0,9.5,55.0
2021-02-18,7.2,7.2,7.0,7.0,106,EQ,5.0,21.2,105.0
2021-02-19,7.2,7.2,6.8,7.1,1269,EQ,25.0,50.76,1184.0
2021-02-22,7.1,7.1,6.8,6.8,1484,EQ,17.0,87.29,1467.0
2021-02-23,7.4,7.4,6.15,6.7,3982,EQ,37.0,107.62,3952.0
2021-02-24,7.0,7.35,6.8,7.2,1844,EQ,44.0,41.91,820.0
2021-02-25,6.8,7.4,6.5,7.0,6614,EQ,101.0,65.49,903.0
2021-02-26,7.2,7.3,6.7,6.9,1456,EQ,50.0,29.12,605.0
2021-03-01,7.1,7.5,6.7,7.25,2331,EQ,66.0,35.32,924.0
2021-03-02,7.2,7.5,6.85,7.25,2741,EQ,70.0,39.16,1151.0
2021-03-03,7.25,7.3,6.9,7.0,1146,EQ,11.0,104.18,1130.0
2021-03-04,7.1,7.3,6.85,7.05,4781,EQ,88.0,54.33,3338.0
2021-03-05,7.3,7.45,6.85,7.0,1495,EQ,24.0,62.29,546.0
2021-03-08,7.05,7.6,7.05,7.3,1823,EQ,54.0,33.76,1416.0
2021-03-09,7.5,7.6,6.85,7.05,562,EQ,24.0,23.42,352.0
2021-03-10,7.3,7.7,7.0,7.55,6031,EQ,102.0,59.13,4411.0
2021-03-12,7.7,8.3,7.1,7.95,7127,EQ,182.0,39.16,4714.0
2021-03-15,7.8,8.15,7.4,7.45,1987,EQ,82.0,24.23,1070.0
2021-03-16,7.45,7.9,7.05,7.6,2793,EQ,85.0,32.86,1589.0
2021-03-17,7.35,7.9,7.35,7.7,624,EQ,22.0,28.36,498.0
2021-03-18,7.9,7.9,7.3,7.5,743,EQ,41.0,18.12,480.0
2021-03-19,7.2,8.2,7.0,8.05,3647,EQ,84.0,43.42,3038.0
2021-03-22,8.5,8.85,8.3,8.85,29309,EQ,424.0,69.12,18368.0
2021-03-23,9.3,9.7,8.55,8.9,28976,EQ,689.0,42.06,13310.0
2021-03-24,9.2,9.2,8.35,9.0,6908,EQ,152.0,45.45,5303.0
2021-03-25,9.0,9.1,8.1,8.95,11214,EQ,305.0,36.77,6353.0
2021-03-26,9.2,9.5,8.7,9.25,10142,EQ,155.0,65.43,8042.0
2021-03-30,9.6,10.0,8.95,9.5,18094,EQ,463.0,39.08,10192.0
2021-03-31,9.9,10.0,9.1,9.35,10740,EQ,237.0,45.32,6976.0
2021-04-01,9.15,9.5,9.1,9.2,927,EQ,50.0,18.54,477.0
2021-04-05,9.0,9.4,8.95,9.3,3273,EQ,83.0,39.43,2363.0
2021-04-06,9.0,9.5,8.85,9.1,3554,EQ,101.0,35.19,2018.0
2021-04-07,8.8,9.3,8.8,9.15,1507,EQ,54.0,27.91,938.0
2021-04-08,9.4,9.4,8.85,9.0,8638,EQ,108.0,79.98,6895.0
2021-04-09,9.0,9.1,8.75,8.95,2865,EQ,65.0,44.08,1625.0
2021-04-12,8.9,9.25,8.6,8.95,2530,EQ,66.0,38.33,1762.0
2021-04-13,9.0,9.05,8.65,8.7,5887,EQ,84.0,70.08,4986.0
2021-04-15,8.75,9.05,8.55,9.0,10971,EQ,153.0,71.71,7164.0
2021-04-16,8.85,9.1,8.75,9.05,5364,EQ,43.0,124.74,5088.0
2021-04-19,9.05,9.05,8.0,8.5,3745,EQ,118.0,31.74,2193.0
2021-04-20,8.3,8.8,8.15,8.7,2535,EQ,68.0,37.28,2040.0
2021-04-22,8.6,8.85,8.45,8.55,2606,EQ,37.0,70.43,2246.0
2021-04-23,9.5,9.5,8.2,8.8,4061,EQ,85.0,47.78,2132.0
2021-04-26,9.05,9.05,8.6,8.85,8949,EQ,25.0,357.96,767.0
2021-04-27,8.85,8.9,8.45,8.9,8105,EQ,106.0,76.46,2317.0
2021-04-28,9.5,9.5,8.55,8.8,5597,EQ,45.0,124.38,1271.0
2021-04-29,9.3,9.3,8.5,8.6,3152,EQ,63.0,50.03,2404.0
2021-04-30,8.9,9.2,8.5,8.9,2476,EQ,57.0,43.44,1730.0
2021-05-03,9.5,10.2,8.7,8.85,43357,EQ,694.0,62.47,13433.0
2021-05-04,9.25,9.25,8.5,8.6,8653,EQ,129.0,67.08,7105.0
2021-05-05,8.2,8.6,8.2,8.4,3175,EQ,67.0,47.39,2503.0
2021-05-06,8.0,8.95,8.0,8.5,46713,EQ,198.0,235.92,32200.0
2021-05-07,8.7,8.7,8.0,8.4,4784,EQ,101.0,47.37,3143.0
2021-05-10,9.0,9.0,8.1,8.35,15432,EQ,84.0,183.71,12116.0
2021-05-11,8.25,8.7,8.25,8.35,6786,EQ,110.0,61.69,4874.0
2021-05-12,8.7,8.7,8.35,8.45,2334,EQ,63.0,37.05,1970.0
2021-05-14,8.45,8.5,8.3,8.5,2158,EQ,48.0,44.96,1519.0
2021-05-17,8.6,8.6,8.3,8.5,7279,EQ,41.0,177.54,6110.0
2021-05-18,8.7,8.7,8.2,8.2,3940,EQ,76.0,51.84,1851.0
2021-05-19,8.7,8.7,8.15,8.3,4503,EQ,107.0,42.08,3174.0
2021-05-20,8.4,8.55,8.0,8.2,11771,EQ,161.0,73.11,7968.0
2021-05-21,8.2,8.5,8.05,8.25,3944,EQ,153.0,25.78,2820.0
2021-05-24,8.35,8.45,8.2,8.3,1940,EQ,51.0,38.04,1219.0
2021-05-25,8.4,9.15,8.15,8.35,49756,EQ,559.0,89.01,35010.0
2021-05-26,8.35,8.45,8.2,8.35,5964,EQ,105.0,56.8,4708.0
2021-05-27,9.7,9.7,8.4,8.55,204779,EQ,1547.0,132.37,123156.0
2021-05-28,8.95,8.95,8.55,8.6,15214,EQ,277.0,54.92,10720.0
2021-05-31,8.85,8.9,8.45,8.55,26925,EQ,222.0,121.28,22867.0
2021-06-01,8.5,8.8,8.5,8.65,41855,EQ,257.0,162.86,32358.0
2021-06-02,8.85,8.9,8.6,8.65,11524,EQ,173.0,66.61,7438.0
2021-06-03,8.9,8.9,8.55,8.7,8147,EQ,119.0,68.46,7245.0
2021-06-04,8.65,8.9,8.65,8.7,7570,EQ,146.0,51.85,6539.0
2021-06-07,8.9,8.9,8.5,8.7,7176,EQ,183.0,39.21,5001.0
2021-06-08,8.9,8.95,8.65,8.75,23165,EQ,316.0,73.31,15142.0
2021-06-09,9.1,9.15,8.9,8.9,19445,EQ,315.0,61.73,13528.0
2021-06-10,9.05,9.5,8.95,9.35,16512,EQ,246.0,67.12,13216.0
2021-06-11,9.65,11.2,9.4,11.15,430585,EQ,5299.0,81.26,86683.0
2021-06-14,11.2,13.1,10.1,12.5,386359,EQ,5628.0,68.65,157431.0
2021-06-15,13.0,13.0,11.6,11.75,79968,EQ,1663.0,48.09,43654.0
2021-06-16,11.55,11.6,10.9,11.1,34059,EQ,1103.0,30.88,20083.0
2021-06-17,11.4,11.5,10.95,11.3,10977,EQ,298.0,36.84,5924.0
2021-06-18,11.3,11.35,10.9,11.2,21368,EQ,450.0,47.48,11246.0
2021-06-21,11.5,11.5,10.9,11.05,10116,EQ,204.0,49.59,7072.0
2021-06-22,10.7,11.4,10.7,11.15,8395,EQ,180.0,46.64,5633.0
2021-06-23,11.4,11.4,11.1,11.15,4317,EQ,99.0,43.61,2912.0
2021-06-24,11.05,11.3,10.8,10.9,5393,EQ,130.0,41.48,3284.0
2021-06-25,10.7,11.3,10.7,10.8,9732,EQ,266.0,36.59,4854.0
2021-06-28,11.2,11.2,10.55,11.0,7020,EQ,218.0,32.2,3577.0
2021-06-29,10.7,11.2,10.65,10.75,9337,EQ,238.0,39.23,5502.0
2021-06-30,10.7,11.75,10.7,11.45,34820,EQ,628.0,55.45,20294.0
2021-07-01,11.15,12.35,11.15,11.25,19015,EQ,462.0,41.16,9988.0
2021-07-02,11.35,11.7,11.1,11.25,9472,EQ,260.0,36.43,6538.0
2021-07-05,11.7,11.7,10.9,11.05,8536,EQ,326.0,26.18,5149.0
2021-07-06,11.6,11.6,11.0,11.15,5941,EQ,131.0,45.35,3939.0
2021-07-07,11.4,11.4,10.9,11.0,7921,EQ,140.0,56.58,6276.0
2021-07-08,11.0,11.1,10.9,11.0,3104,EQ,173.0,17.94,1040.0
2021-07-09,10.9,11.1,10.85,10.9,2584,EQ,86.0,30.05,1391.0
2021-07-12,11.1,12.0,10.9,11.55,10661,EQ,176.0,60.57,8393.0
2021-07-13,12.0,12.0,11.15,11.45,4661,EQ,160.0,29.13,2984.0
2021-07-14,11.7,11.7,11.2,11.45,5101,EQ,195.0,26.16,2742.0
2021-07-15,11.7,11.7,10.5,11.1,23883,EQ,492.0,48.54,8932.0
2021-07-16,11.45,11.45,11.05,11.15,5167,EQ,172.0,30.04,2897.0
2021-07-19,11.45,11.45,11.1,11.15,7776,EQ,181.0,42.96,4795.0
2021-07-20,11.35,11.5,10.5,11.0,9778,EQ,246.0,39.75,5435.0
2021-07-22,11.4,12.0,11.15,11.7,25722,EQ,424.0,60.67,19197.0
2021-07-23,12.15,12.8,11.9,12.7,93588,EQ,1331.0,70.31,56055.0
2021-07-26,13.5,13.95,12.7,13.95,148659,EQ,1905.0,78.04,88804.0
2021-07-27,14.2,14.65,14.1,14.65,99246,EQ,1329.0,74.68,62931.0
2021-07-28,15.1,15.1,13.9,14.2,64522,EQ,1231.0,52.41,37094.0
2021-07-29,14.2,14.7,13.6,13.8,23414,EQ,700.0,33.45,11298.0
2021-07-30,14.3,14.45,13.9,14.3,25976,EQ,459.0,56.59,15460.0
2021-08-02,14.95,14.95,14.35,14.65,14135,EQ,382.0,37.0,9531.0
2021-08-03,14.9,14.9,14.15,14.3,17528,EQ,408.0,42.96,12725.0
2021-08-04,14.8,14.8,13.65,14.2,10343,EQ,314.0,32.94,7455.0
2021-08-05,14.4,14.4,13.5,14.0,27855,EQ,403.0,69.12,15076.0
2021-08-06,13.9,14.3,13.7,14.2,8479,EQ,287.0,29.54,4758.0
2021-08-09,14.5,14.5,13.75,14.3,27965,EQ,508.0,55.05,14183.0
2021-08-10,14.35,14.6,13.7,14.05,38694,EQ,598.0,64.71,18077.0
2021-08-11,14.05,14.2,13.35,13.75,38981,EQ,569.0,68.51,23420.0
2021-08-12,13.85,14.4,13.8,14.25,14802,EQ,386.0,38.35,7750.0
2021-08-13,14.25,14.5,14.1,14.15,7551,EQ,177.0,42.66,4073.0
2021-08-16,13.6,14.5,13.6,14.3,38614,EQ,633.0,61.0,19943.0
2021-08-17,14.5,14.5,13.95,14.4,49457,EQ,720.0,68.69,23022.0
2021-08-18,14.5,14.5,14.0,14.4,29207,EQ,319.0,91.56,12396.0
2021-08-20,13.9,14.5,13.9,14.25,22525,EQ,285.0,79.04,5320.0
2021-08-23,13.9,14.5,13.6,14.1,16984,EQ,301.0,56.43,10062.0
2021-08-24,14.35,14.35,13.8,13.9,9307,EQ,138.0,67.44,7533.0
2021-08-25,14.2,14.2,13.7,13.85,10707,EQ,149.0,71.86,6491.0
2021-08-26,14.1,14.1,13.8,14.0,3091,EQ,113.0,27.35,2330.0
2021-08-27,14.1,14.7,13.8,14.7,59302,EQ,578.0,102.6,47607.0
2021-08-30,15.4,15.4,15.05,15.4,29051,EQ,293.0,99.15,25408.0
2021-08-31,16.2,16.2,15.6,16.2,37882,EQ,845.0,44.83,28630.0
2021-09-01,16.8,17.0,16.75,17.0,45224,EQ,426.0,106.16,34207.0
2021-09-02,17.8,17.85,17.0,17.85,46351,EQ,1251.0,37.05,29064.0
2021-09-03,18.35,18.5,16.95,16.95,75025,EQ,1515.0,49.52,39983.0
2021-09-06,16.1,17.25,16.1,17.1,40594,EQ,1207.0,33.63,16693.0
2021-09-07,17.2,17.65,16.5,17.45,35987,EQ,1477.0,24.36,17547.0
2021-09-08,17.6,17.65,17.15,17.3,11511,EQ,245.0,46.98,9719.0
2021-09-09,17.7,18.0,17.0,17.55,9813,EQ,314.0,31.25,7050.0
2021-09-13,17.7,17.7,17.2,17.4,8122,EQ,227.0,35.78,6038.0
2021-09-14,17.2,17.75,17.1,17.25,13015,EQ,237.0,54.92,10385.0
2021-09-15,17.0,17.5,17.0,17.2,9426,EQ,457.0,20.63,5217.0
2021-09-16,17.5,17.5,17.1,17.4,9444,EQ,745.0,12.68,5410.0
2021-09-17,17.5,17.5,16.85,17.15,10886,EQ,406.0,26.81,8032.0
2021-09-20,17.15,17.15,16.8,16.95,7941,EQ,211.0,37.64,4969.0
2021-09-21,16.8,17.2,16.8,16.95,16227,EQ,260.0,62.41,11449.0
2021-09-22,17.1,17.15,16.8,17.1,14678,EQ,232.0,63.27,11599.0
2021-09-23,17.3,17.6,17.1,17.4,16288,EQ,278.0,58.59,12696.0
2021-09-24,17.65,18.25,17.35,18.25,22526,EQ,442.0,50.96,17237.0
2021-09-27,19.15,19.15,18.6,19.15,62669,EQ,792.0,79.13,47411.0
2021-09-28,19.6,19.95,18.6,19.45,54088,EQ,1834.0,29.49,31924.0
2021-09-29,19.45,19.45,18.8,18.95,10220,EQ,364.0,28.08,7939.0
2021-09-30,19.2,19.85,18.6,19.5,19462,EQ,658.0,29.58,13208.0
2021-10-01,19.8,19.9,19.05,19.2,6625,EQ,275.0,24.09,4205.0
2021-10-04,19.4,19.7,19.0,19.25,14046,EQ,613.0,22.91,8931.0
2021-10-05,19.5,19.5,18.7,18.95,8656,EQ,577.0,15.0,6647.0
2021-10-06,19.3,19.3,18.6,18.8,6267,EQ,178.0,35.21,4026.0
2021-10-07,18.6,19.1,18.3,18.75,14700,EQ,312.0,47.12,9018.0
2021-10-08,19.1,19.1,18.3,18.55,8782,EQ,276.0,31.82,5451.0
2021-10-11,18.7,19.45,18.5,18.8,23047,EQ,504.0,45.73,12768.0
2021-10-12,19.3,19.3,18.6,19.1,9047,EQ,222.0,40.75,4635.0
2021-10-13,19.2,19.6,18.75,18.85,12692,EQ,307.0,41.34,8808.0
2021-10-14,18.8,19.1,18.4,18.5,12695,EQ,394.0,32.22,9956.0
2021-10-18,18.5,18.85,17.7,18.2,14806,EQ,418.0,35.42,8389.0
2021-10-19,18.2,18.7,18.0,18.1,5620,EQ,216.0,26.02,3358.0
2021-10-20,18.05,18.05,17.2,17.3,7862,EQ,231.0,34.03,5440.0
2021-10-21,17.0,17.7,17.0,17.25,4616,EQ,216.0,21.37,2155.0
2021-10-22,17.6,17.6,17.05,17.3,2100,EQ,81.0,25.93,1468.0
2021-10-25,17.3,17.7,16.45,16.6,15802,EQ,320.0,49.38,9069.0
2021-10-26,16.2,17.1,16.1,16.3,8010,EQ,234.0,34.23,5242.0
2021-10-27,16.0,16.8,16.0,16.65,5481,EQ,113.0,48.5,3905.0
2021-10-28,16.35,16.7,16.2,16.3,10323,EQ,176.0,58.65,6538.0
2021-10-29,16.9,16.9,16.25,16.4,4077,EQ,152.0,26.82,1985.0
2021-11-01,16.1,16.5,15.7,16.25,11831,EQ,233.0,50.78,7312.0
2021-11-02,16.25,16.4,16.05,16.25,6252,EQ,145.0,43.12,4728.0
2021-11-03,16.5,17.0,15.5,16.0,12851,EQ,196.0,65.57,9138.0
2021-11-04,16.3,16.8,16.1,16.75,7876,EQ,196.0,40.18,9138.0
2021-11-08,16.8,17.0,16.25,16.4,2713,EQ,120.0,22.61,1800.0
2021-11-09,16.3,16.8,16.2,16.4,3188,EQ,121.0,26.35,2069.0
2021-11-10,16.3,16.5,15.6,16.05,8624,EQ,173.0,49.85,5390.0
2021-11-11,16.2,16.4,15.95,16.25,5283,EQ,180.0,29.35,3425.0
2021-11-12,16.5,16.7,16.15,16.4,3585,EQ,142.0,25.25,2066.0
2021-11-15,16.95,16.95,16.4,16.55,2495,EQ,118.0,21.14,1373.0
2021-11-16,16.75,17.0,16.4,16.55,5305,EQ,166.0,31.96,3755.0
2021-11-17,16.4,16.75,16.2,16.35,1484,EQ,71.0,20.9,927.0
2021-11-18,16.7,16.7,16.2,16.55,1775,EQ,77.0,23.05,1121.0
2021-11-22,16.0,16.5,16.0,16.2,2664,EQ,78.0,34.15,2366.0
2021-11-23,16.1,16.7,16.0,16.6,1837,EQ,59.0,31.14,1311.0
2021-11-24,16.9,16.9,16.2,16.2,2901,EQ,96.0,30.22,1500.0
2021-11-25,15.9,16.7,15.9,16.2,7374,EQ,158.0,46.67,4020.0
2021-11-26,16.5,16.5,15.9,16.2,4568,EQ,124.0,36.84,3285.0
2021-11-29,16.1,16.4,15.5,16.2,6187,EQ,117.0,52.88,3881.0
2021-11-30,16.0,16.45,16.0,16.35,4365,EQ,90.0,48.5,2990.0
2021-12-01,16.0,16.8,16.0,16.3,6501,EQ,110.0,59.1,4763.0
2021-12-02,16.25,16.35,16.0,16.3,3745,EQ,70.0,53.5,2935.0
2021-12-03,16.4,16.55,16.05,16.45,7384,EQ,186.0,39.7,4480.0
2021-12-06,16.5,16.6,16.2,16.2,7436,EQ,203.0,36.63,4156.0
2021-12-07,16.5,16.5,16.2,16.2,3586,EQ,110.0,32.6,2343.0
2021-12-08,16.55,17.0,16.2,16.7,8384,EQ,155.0,54.09,3884.0
2021-12-09,17.0,17.0,16.4,16.55,4181,EQ,82.0,50.99,2201.0
2021-12-10,16.7,17.3,16.45,16.8,9400,EQ,254.0,37.01,5331.0
2021-12-13,17.0,17.1,16.65,17.05,5426,EQ,159.0,34.13,3927.0
2021-12-14,17.1,17.5,16.9,17.25,30231,EQ,596.0,50.72,23050.0
2021-12-15,17.35,17.4,17.15,17.2,6097,EQ,153.0,39.85,4207.0
2021-12-16,17.5,17.6,17.1,17.1,9000,EQ,145.0,62.07,7327.0
2021-12-17,17.4,17.4,16.3,16.65,6938,EQ,199.0,34.86,4421.0
2021-12-20,16.3,16.55,15.85,15.9,13474,EQ,216.0,62.38,10266.0
2021-12-21,16.1,16.7,15.7,16.55,9631,EQ,216.0,44.59,6826.0
2021-12-22,17.05,17.1,16.7,17.05,3897,EQ,92.0,42.36,1803.0
2021-12-23,17.15,17.45,16.85,17.1,12685,EQ,206.0,61.58,6908.0
2021-12-24,17.0,17.25,16.95,17.0,8606,EQ,137.0,62.82,4922.0
2021-12-27,16.7,17.7,16.7,17.15,11511,EQ,135.0,85.27,8826.0
2021-12-28,17.3,17.5,17.0,17.35,3006,EQ,87.0,34.55,2048.0
2021-12-29,17.5,17.5,17.05,17.2,5174,EQ,131.0,39.5,3526.0
2021-12-30,17.7,17.7,16.75,17.1,11286,EQ,204.0,55.32,7829.0
2021-12-31,17.5,17.5,16.3,16.5,11490,EQ,315.0,36.48,7846.0
2022-01-03,17.1,17.2,16.55,17.0,4380,EQ,143.0,30.63,2888.0
2022-01-04,17.4,17.4,16.9,17.1,7880,EQ,106.0,74.34,7270.0
2022-01-05,17.4,17.4,16.8,17.2,4260,EQ,93.0,45.81,2890.0
2022-01-06,16.8,17.35,16.8,16.85,3497,EQ,101.0,34.62,2753.0
2022-01-07,17.2,17.35,16.95,17.1,14085,EQ,272.0,51.78,10236.0
2022-01-10,17.4,17.4,17.1,17.35,6366,EQ,142.0,44.83,5074.0
2022-01-11,17.5,17.5,17.1,17.2,1922,EQ,59.0,32.58,1690.0
2022-01-12,17.4,17.45,17.2,17.2,4938,EQ,82.0,60.22,3193.0
2022-01-13,17.2,17.5,17.2,17.25,4678,EQ,74.0,63.22,4234.0
2022-01-14,16.95,17.5,16.95,17.35,3151,EQ,100.0,31.51,2053.0
2022-01-17,17.55,17.55,17.0,17.1,8275,EQ,205.0,40.37,5179.0
2022-01-18,17.3,17.95,17.2,17.6,36803,EQ,558.0,65.96,29734.0
2022-01-19,17.65,18.4,16.95,18.0,23384,EQ,400.0,58.46,15250.0
2022-01-20,18.25,18.6,18.0,18.0,30982,EQ,311.0,99.62,24193.0
2022-01-21,18.6,18.6,17.25,17.65,9600,EQ,209.0,45.93,5664.0
2022-01-24,17.6,17.6,16.75,16.95,20017,EQ,289.0,69.26,13668.0
2022-01-25,16.75,17.5,16.75,17.05,3363,EQ,98.0,34.32,2171.0
2022-01-27,17.6,17.6,16.85,17.05,4845,EQ,152.0,31.88,3173.0
2022-01-28,16.8,17.9,16.8,17.05,8744,EQ,201.0,43.5,5151.0
2022-01-31,17.2,17.55,17.0,17.45,8005,EQ,123.0,65.08,3067.0
2022-02-01,17.1,17.9,17.1,17.65,5114,EQ,106.0,48.25,3502.0
2022-02-02,18.4,18.4,17.2,17.45,5444,EQ,159.0,34.24,2989.0
2022-02-03,17.8,18.05,17.65,17.9,10141,EQ,430.0,23.58,6814.0
2022-02-04,17.55,18.15,17.55,17.7,10189,EQ,130.0,78.38,7146.0
2022-02-07,18.0,21.2,18.0,21.2,67966,EQ,1239.0,54.86,45895.0
2022-02-08,23.5,24.9,21.5,21.9,327010,EQ,19927.0,16.41,78593.0
2022-02-09,22.15,23.0,20.8,21.0,37944,EQ,1295.0,29.3,17458.0
2022-02-10,20.8,21.5,20.45,20.75,19857,EQ,754.0,26.34,9854.0
2022-02-11,21.5,23.1,20.95,21.6,45914,EQ,1860.0,24.68,18714.0
2022-02-14,23.75,23.75,20.8,21.4,51782,EQ,3476.0,14.9,16241.0
2022-02-15,22.1,22.5,20.25,21.75,25922,EQ,807.0,32.12,16909.0
2022-02-16,21.75,22.85,20.75,21.05,28061,EQ,748.0,37.51,14183.0
2022-02-17,22.0,22.0,20.35,21.1,9680,EQ,354.0,27.34,2615.0
2022-02-18,21.3,21.5,20.6,20.8,23990,EQ,720.0,33.32,16610.0
2022-02-21,20.75,20.75,18.75,19.15,21152,EQ,659.0,32.1,10910.0
2022-02-22,18.1,18.7,17.6,17.8,19761,EQ,602.0,32.83,13863.0
2022-02-23,17.65,19.1,17.65,18.0,18257,EQ,450.0,40.57,11752.0
2022-02-24,16.8,17.55,16.8,17.15,18064,EQ,399.0,45.27,12962.0
2022-02-25,17.15,18.15,17.15,17.55,12005,EQ,292.0,41.11,6469.0
2022-02-28,17.85,18.4,17.4,17.85,20158,EQ,389.0,51.82,10176.0
2022-03-02,17.9,19.45,17.6,18.45,44573,EQ,851.0,52.38,30607.0
2022-03-03,18.8,22.15,18.6,22.15,114062,EQ,2329.0,48.97,55242.0
2022-03-04,23.8,23.8,20.1,20.5,235173,EQ,8174.0,28.77,76093.0
2022-03-07,20.7,22.5,20.05,21.4,92737,EQ,,,
2022-03-08,22.0,22.3,20.5,21.2,21669,EQ,840.0,25.8,9657.0
2022-03-09,22.3,22.3,21.15,21.3,9686,EQ,447.0,21.67,4635.0
2022-03-10,21.8,22.0,21.3,21.6,11801,EQ,551.0,21.42,6963.0
2022-03-11,21.8,21.8,21.2,21.4,22733,EQ,1186.0,19.17,13499.0
2022-03-14,21.95,21.95,20.35,20.9,16532,EQ,596.0,27.74,8239.0
2022-03-15,21.0,21.35,20.6,20.75,10578,EQ,399.0,26.51,6930.0
2022-03-16,20.8,21.8,20.8,21.0,12703,EQ,523.0,24.29,4499.0
2022-03-17,21.25,21.8,21.25,21.5,7333,EQ,204.0,35.95,4601.0
2022-03-21,21.9,25.8,21.55,25.35,329988,EQ,8125.0,40.61,102103.0
2022-03-22,25.15,25.4,23.3,24.0,100555,EQ,4490.0,22.4,51786.0
2022-03-23,24.0,25.5,23.95,24.85,47709,EQ,1489.0,32.04,19468.0
2022-03-24,25.3,28.6,24.8,27.5,185822,EQ,7721.0,24.07,65263.0
2022-03-25,27.05,30.2,27.05,28.45,152740,EQ,8024.0,19.04,44528.0
2022-03-28,29.8,29.8,26.7,27.1,40776,EQ,2223.0,18.34,21905.0
2022-03-29,27.15,28.6,27.15,28.25,35136,EQ,1532.0,22.93,20140.0
2022-03-30,28.7,29.05,28.0,28.3,22996,EQ,812.0,28.32,17145.0
2022-03-31,28.8,28.8,27.25,27.8,12770,EQ,745.0,17.14,6722.0
2022-04-01,28.4,28.4,27.6,27.85,9921,EQ,420.0,23.62,5831.0
2022-04-04,27.9,28.3,27.7,27.9,15488,EQ,501.0,30.91,9634.0
2022-04-05,28.0,32.8,28.0,31.4,171450,EQ,9317.0,18.4,60197.0
2022-04-06,32.0,32.3,31.3,31.95,34429,EQ,945.0,36.43,23767.0
2022-04-07,32.5,32.5,30.5,31.55,31069,EQ,838.0,37.08,20690.0
2022-04-08,32.35,32.35,31.35,31.7,11158,EQ,289.0,38.61,8810.0
2022-04-11,31.8,32.3,31.0,31.45,19603,EQ,686.0,28.58,13132.0
2022-04-12,31.2,31.6,31.0,31.25,9084,EQ,342.0,26.56,5866.0
2022-04-13,31.95,36.8,31.9,34.6,121423,EQ,6692.0,18.14,55985.0
2022-04-18,34.95,36.5,30.4,33.15,86948,EQ,3490.0,24.91,46432.0
2022-04-19,34.0,36.0,29.55,31.3,250038,EQ,7222.0,34.62,95377.0
2022-04-20,32.95,32.95,31.5,31.9,38098,EQ,1437.0,26.51,16909.0
2022-04-21,32.5,33.05,31.8,32.3,19625,EQ,793.0,24.75,11639.0
2022-04-22,32.7,32.95,32.2,32.45,18558,EQ,608.0,30.52,14932.0
2022-04-25,32.45,32.5,31.55,31.75,12753,EQ,486.0,26.24,10253.0
2022-04-26,32.2,32.2,31.3,31.7,15589,EQ,498.0,31.3,12861.0
2022-04-27,31.95,33.0,30.35,32.05,23981,EQ,684.0,35.06,14645.0
2022-04-28,31.8,32.45,31.5,32.2,18039,EQ,322.0,56.02,14911.0
2022-04-29,31.8,32.75,31.75,32.1,20147,EQ,409.0,49.26,16327.0
2022-05-02,32.2,32.2,30.3,31.5,27239,EQ,681.0,40.0,16642.0
2022-05-04,31.9,32.5,31.2,31.75,19389,EQ,406.0,47.76,14569.0
2022-05-05,32.25,32.8,31.2,31.45,22146,EQ,466.0,47.52,12726.0
2022-05-06,31.45,31.45,30.3,30.95,13522,EQ,340.0,39.77,11124.0
2022-05-09,30.8,35.5,30.5,34.3,157771,EQ,3015.0,52.33,84405.0
2022-05-10,37.0,37.0,31.1,33.6,156854,EQ,4010.0,39.12,51135.0
2022-05-12,31.7,34.5,31.7,32.35,11575,EQ,388.0,29.83,7084.0
2022-05-13,32.7,33.8,32.3,32.75,16932,EQ,537.0,31.53,11227.0
2022-05-16,34.0,34.0,32.35,33.4,12207,EQ,358.0,34.1,7125.0
2022-05-17,33.0,35.3,33.0,35.0,36294,EQ,961.0,37.77,23389.0
2022-05-18,35.85,38.0,34.5,35.5,175957,EQ,3445.0,51.08,62542.0
2022-05-19,32.2,33.0,29.8,32.15,231295,EQ,5229.0,44.23,109545.0
2022-05-20,33.3,34.65,32.2,32.5,46903,EQ,1062.0,44.16,24390.0
2022-05-23,33.2,36.35,33.2,35.9,93891,EQ,1901.0,49.39,48089.0
2022-05-24,36.5,37.0,33.65,34.7,55732,EQ,1561.0,35.7,26300.0
2022-05-25,35.4,36.1,33.0,33.6,36117,EQ,1150.0,31.41,19133.0
2022-05-26,33.6,34.9,32.55,33.15,25045,EQ,709.0,35.32,15420.0
2022-05-27,33.95,34.3,32.8,33.2,14976,EQ,348.0,43.03,10247.0
2022-05-30,33.3,34.85,31.6,32.0,68076,EQ,1960.0,34.73,50284.0
2022-05-31,32.95,32.95,31.4,31.8,21567,EQ,636.0,33.91,16212.0
2022-06-01,31.55,32.3,30.65,31.15,32227,EQ,764.0,42.18,22743.0
2022-06-02,32.0,32.5,31.3,31.9,19320,EQ,610.0,31.67,12633.0
2022-06-03,32.25,32.5,31.3,31.6,29772,EQ,908.0,32.79,23692.0
2022-06-06,31.45,31.8,31.3,31.45,19536,EQ,505.0,38.69,15771.0
2022-06-07,31.9,31.9,31.1,31.3,16318,EQ,504.0,32.38,11779.0
2022-06-08,31.5,31.65,31.1,31.2,7217,EQ,304.0,23.74,5418.0
2022-06-09,31.2,31.9,30.9,31.6,8825,EQ,373.0,23.66,6483.0
2022-06-10,32.0,32.0,31.3,31.4,10094,EQ,400.0,25.24,7157.0
2022-06-13,31.7,31.7,30.6,30.8,30067,EQ,608.0,49.45,18626.0
2022-06-14,31.4,31.4,30.6,30.85,6551,EQ,351.0,18.66,3641.0
2022-06-15,30.7,31.2,30.5,30.75,7157,EQ,241.0,29.7,5231.0
2022-06-16,30.8,31.05,26.55,27.5,53132,EQ,1902.0,27.93,28816.0
2022-06-17,27.7,29.95,27.25,28.85,18468,EQ,963.0,19.18,10413.0
2022-06-20,28.9,29.3,28.0,28.35,18525,EQ,1044.0,17.74,11007.0
2022-06-21,28.9,29.7,28.65,28.95,6642,EQ,282.0,23.55,3818.0
2022-06-22,29.5,29.5,27.5,27.8,11614,EQ,375.0,30.97,8221.0
2022-06-23,27.0,29.3,27.0,27.7,12136,EQ,544.0,22.31,5795.0
2022-06-24,28.25,28.25,26.85,27.2,14691,EQ,448.0,32.79,11351.0
2022-06-27,27.5,28.05,27.15,27.4,9336,EQ,363.0,25.72,5789.0
2022-06-28,27.9,27.9,27.2,27.35,4255,EQ,268.0,15.88,3327.0
2022-06-29,26.85,28.55,26.85,27.2,4641,EQ,195.0,23.8,2186.0
2022-06-30,27.65,27.9,25.5,27.25,34296,EQ,826.0,41.52,18332.0
2022-07-01,26.8,28.5,26.8,28.3,18966,EQ,388.0,48.88,12578.0
2022-07-04,28.85,31.5,28.25,28.5,14438,EQ,795.0,18.16,6700.0
2022-07-05,28.5,28.9,27.5,27.65,11382,EQ,585.0,19.46,5447.0
2022-07-06,27.65,28.2,26.7,27.1,11148,EQ,529.0,21.07,5710.0
2022-07-07,27.65,28.0,26.9,27.0,12996,EQ,571.0,22.76,6505.0
2022-07-08,27.0,27.4,26.6,26.75,9863,EQ,382.0,25.82,6880.0
2022-07-11,27.2,27.2,26.3,26.5,9421,EQ,358.0,26.32,6568.0
2022-07-12,27.0,27.0,26.0,26.2,7079,EQ,334.0,21.19,4481.0
2022-07-13,26.2,26.6,25.4,25.6,10221,EQ,453.0,22.56,6567.0
2022-07-14,25.5,26.15,24.5,25.0,10511,EQ,385.0,27.3,6565.0
2022-07-15,25.0,25.5,23.85,23.95,22586,EQ,871.0,25.93,12872.0
2022-07-18,24.0,27.5,24.0,27.15,60249,EQ,2202.0,27.36,19388.0
2022-07-19,27.3,27.3,26.25,26.5,20102,EQ,960.0,20.94,7980.0
2022-07-20,26.5,27.0,26.2,26.65,8510,EQ,364.0,23.38,5583.0
2022-07-21,26.45,26.9,26.15,26.3,8248,EQ,327.0,25.22,4406.0
2022-07-22,26.8,26.8,26.15,26.2,10165,EQ,316.0,32.17,6876.0
2022-07-25,26.6,26.6,25.65,26.0,18118,EQ,879.0,20.61,7472.0
2022-07-26,25.3,25.9,25.0,25.05,18947,EQ,505.0,37.52,9986.0
2022-07-27,24.7,25.75,24.7,25.4,9764,EQ,293.0,33.32,6090.0
2022-07-28,25.4,26.5,25.4,26.2,30146,EQ,521.0,57.86,21528.0
2022-07-29,26.0,28.6,26.0,27.8,31470,EQ,891.0,35.32,20229.0
2022-08-01,28.5,31.3,28.05,31.0,63252,EQ,2420.0,26.14,32980.0
2022-08-02,31.8,32.4,30.4,31.0,37938,EQ,1610.0,23.56,19627.0
2022-08-03,31.0,31.5,30.0,30.35,11144,EQ,540.0,20.64,6019.0
2022-08-04,30.5,30.95,28.5,29.8,20050,EQ,1009.0,19.87,9175.0
2022-08-05,30.4,30.9,29.9,30.15,9684,EQ,487.0,19.89,5080.0
2022-08-08,29.7,30.4,29.7,30.15,5182,EQ,,,
2022-08-10,30.75,30.75,30.2,30.45,6604,EQ,268.0,24.64,4080.0
2022-08-11,30.1,30.9,30.1,30.45,9814,EQ,306.0,32.07,5821.0
2022-08-12,30.15,31.8,30.0,31.05,27618,EQ,639.0,43.22,14205.0
2022-08-16,31.45,32.6,31.25,32.15,33602,EQ,1403.0,23.95,21489.0
2022-08-17,32.75,32.8,31.9,32.05,11490,EQ,401.0,28.65,8215.0
2022-08-18,32.05,32.45,32.0,32.1,10826,EQ,419.0,25.84,7705.0
2022-08-19,32.5,32.65,31.7,32.0,14637,EQ,747.0,19.59,8731.0
2022-08-22,31.8,33.35,31.65,31.85,27683,EQ,831.0,33.31,16384.0
2022-08-23,31.8,32.5,31.5,31.75,15414,EQ,490.0,31.46,11387.0
2022-08-24,31.8,32.5,30.65,31.25,13352,EQ,531.0,25.15,10192.0
2022-08-25,31.2,32.4,31.1,31.45,19609,EQ,634.0,30.93,13571.0
2022-08-26,31.7,32.4,31.25,31.5,12401,EQ,895.0,13.86,6737.0
2022-08-29,29.55,32.4,29.55,32.05,16290,EQ,951.0,17.13,7844.0
2022-08-30,32.5,33.0,32.0,32.15,17179,EQ,1061.0,16.19,8391.0
2022-09-01,32.5,32.75,32.15,32.45,9867,EQ,359.0,27.48,6531.0
2022-09-02,33.0,33.0,32.3,32.4,10740,EQ,429.0,25.03,6443.0
2022-09-05,31.75,32.65,31.25,31.75,16558,EQ,669.0,24.75,9939.0
2022-09-06,32.5,32.5,31.7,31.9,10622,EQ,223.0,47.63,8450.0
2022-09-07,32.0,32.45,31.9,32.25,10243,EQ,336.0,30.49,7394.0
2022-09-08,32.9,34.55,32.4,33.6,36824,EQ,1428.0,25.79,22933.0
2022-09-09,34.0,34.65,33.0,33.1,63491,EQ,1322.0,48.03,30131.0
2022-09-12,33.9,34.7,33.3,34.4,46035,EQ,860.0,53.53,35228.0
2022-09-13,35.0,38.0,34.4,35.8,103672,EQ,3406.0,30.44,53881.0
2022-09-14,34.85,36.95,34.85,35.9,45320,EQ,2057.0,22.03,24481.0
2022-09-15,36.6,37.2,35.35,35.6,42168,EQ,1408.0,29.95,27609.0
2022-09-16,35.7,36.15,34.55,35.1,22202,EQ,822.0,27.01,15830.0
2022-09-19,35.8,36.5,35.8,36.1,19473,EQ,704.0,27.66,11639.0
2022-09-20,36.65,36.85,35.35,35.5,22217,EQ,844.0,26.32,15685.0
2022-09-21,36.05,36.2,34.65,34.75,28300,EQ,1087.0,26.03,20392.0
2022-09-22,35.2,35.3,33.5,33.9,30674,EQ,939.0,32.67,19978.0
2022-09-23,34.5,34.6,32.5,33.1,29151,EQ,846.0,34.46,20940.0
2022-09-26,33.1,33.6,32.1,32.3,42603,EQ,1138.0,37.44,29406.0
2022-09-27,32.4,33.9,32.4,33.5,18207,EQ,1230.0,14.8,10410.0
2022-09-28,33.3,33.75,33.0,33.05,11029,EQ,577.0,19.11,7498.0
2022-09-29,33.8,33.8,33.0,33.4,4777,EQ,242.0,19.74,3398.0
2022-09-30,33.35,35.1,33.0,34.0,23723,EQ,379.0,62.59,18381.0
2022-10-03,34.8,34.95,33.7,34.55,14135,EQ,640.0,22.09,7406.0
2022-10-04,35.0,37.2,34.7,35.7,29079,EQ,1387.0,20.97,18802.0
2022-10-06,36.05,37.45,36.05,36.45,61139,EQ,1623.0,37.67,32738.0
2022-10-07,36.9,37.1,35.65,36.2,36856,EQ,1338.0,27.55,21117.0
2022-10-10,35.2,36.2,34.8,35.2,15635,EQ,776.0,20.15,8936.0
2022-10-11,35.55,36.05,34.4,34.5,25172,EQ,993.0,25.35,16820.0
2022-10-12,34.5,35.45,34.5,34.8,20753,EQ,890.0,23.32,9040.0
2022-10-13,35.3,35.3,33.6,34.35,38478,EQ,729.0,52.78,20831.0
2022-10-14,35.0,35.25,34.25,34.6,8354,EQ,313.0,26.69,4531.0
2022-10-17,34.6,34.6,33.8,34.25,10685,EQ,290.0,36.84,8653.0
2022-10-18,34.35,35.1,34.05,34.2,7671,EQ,291.0,26.36,4908.0
2022-10-19,34.0,34.7,34.0,34.1,10910,EQ,256.0,42.62,6798.0
2022-10-20,34.0,34.95,34.0,34.5,8901,EQ,274.0,32.49,5930.0
2022-10-21,35.0,35.4,34.6,35.05,16174,EQ,453.0,35.7,11228.0
2022-10-24,35.7,38.7,34.9,36.9,50475,EQ,873.0,57.82,40053.0
2022-10-25,37.5,38.0,36.5,36.65,31844,EQ,1184.0,26.9,18110.0
2022-10-27,37.4,37.4,36.0,36.3,23057,EQ,920.0,25.06,12606.0
2022-10-28,36.85,36.85,35.6,35.9,10172,EQ,375.0,27.13,7277.0
2022-10-31,35.8,36.0,34.3,34.7,34417,EQ,1270.0,27.1,21295.0
2022-11-01,35.3,35.3,34.4,34.5,9579,EQ,500.0,19.16,6899.0
2022-11-02,35.0,35.2,34.5,34.8,12014,EQ,419.0,28.67,8337.0
2022-11-03,34.6,36.5,34.6,36.2,19766,EQ,625.0,31.63,13585.0
2022-11-04,36.6,37.0,35.5,36.9,29748,EQ,1052.0,28.28,21642.0
2022-11-07,37.6,39.0,37.1,37.4,42208,EQ,1257.0,33.58,30158.0
2022-11-09,37.5,37.8,35.3,36.25,38107,EQ,1365.0,27.92,20205.0
2022-11-10,36.95,36.95,36.1,36.45,8561,EQ,378.0,22.65,5048.0
2022-11-11,37.2,37.2,36.4,36.5,12483,EQ,516.0,24.19,9199.0
2022-11-14,36.5,37.05,36.4,36.75,10002,EQ,415.0,24.1,7876.0
2022-11-15,37.2,37.2,36.0,36.1,8933,EQ,415.0,21.53,7876.0
2022-11-16,36.9,36.9,36.15,36.65,39567,EQ,609.0,64.97,33526.0
2022-11-17,36.1,36.9,35.5,36.7,18504,EQ,1020.0,18.14,9366.0
2022-11-18,36.7,36.85,36.2,36.75,12775,EQ,453.0,28.2,9665.0
2022-11-21,37.0,38.2,37.0,37.25,49773,EQ,2074.0,24.0,28621.0
2022-11-22,37.9,37.9,36.7,36.85,46165,EQ,815.0,56.64,38885.0
2022-11-23,36.85,37.8,36.5,36.7,37643,EQ,1413.0,26.64,26492.0
2022-11-24,36.8,37.5,36.6,36.7,26725,EQ,1002.0,26.67,19654.0
2022-11-25,37.1,37.3,35.8,35.9,38923,EQ,1468.0,26.51,27270.0
2022-11-28,36.75,36.8,36.1,36.5,17014,EQ,493.0,34.51,13259.0
2022-11-29,36.7,37.1,36.5,36.65,17083,EQ,776.0,22.01,12891.0
2022-11-30,36.5,37.0,36.2,36.9,8211,EQ,303.0,27.1,5753.0
2022-12-01,37.4,37.55,36.4,37.3,24305,EQ,617.0,39.39,17177.0
2022-12-02,37.7,41.4,37.25,40.0,187233,EQ,4248.0,44.08,107437.0
2022-12-05,41.0,42.4,40.0,42.05,151973,EQ,5601.0,27.13,71109.0
2022-12-06,41.5,42.8,40.6,40.9,82144,EQ,2746.0,29.91,44821.0
2022-12-07,41.3,42.25,40.0,40.45,99669,EQ,2235.0,44.59,55108.0
2022-12-08,40.75,41.7,40.2,40.4,38356,EQ,1453.0,26.4,23803.0
2022-12-09,40.85,41.5,39.65,39.95,60701,EQ,1650.0,36.79,43063.0
2022-12-12,40.4,41.85,40.15,41.35,55307,EQ,1561.0,35.43,42048.0
2022-12-13,41.6,41.8,39.85,40.3,58270,EQ,1977.0,29.47,40831.0
2022-12-14,40.75,43.1,40.6,41.9,68264,EQ,3084.0,22.13,33860.0
2022-12-15,42.2,42.3,41.55,41.7,15542,EQ,1131.0,13.74,9988.0
2022-12-16,42.2,43.0,41.5,42.0,39179,EQ,2006.0,19.53,20255.0
2022-12-19,42.1,43.9,41.1,43.35,63730,EQ,2885.0,22.09,35551.0
2022-12-20,44.0,45.4,43.45,45.0,96480,EQ,5007.0,19.27,56388.0
2022-12-21,46.0,48.8,44.1,44.75,227757,EQ,11664.0,19.53,81650.0
2022-12-22,45.4,45.8,42.5,44.1,108745,EQ,6080.0,17.89,44532.0
2022-12-23,44.1,44.2,41.5,42.2,87322,EQ,3846.0,22.7,52491.0
2022-12-26,41.8,45.1,41.15,44.0,70690,EQ,4237.0,16.68,26763.0
2022-12-27,44.65,45.85,43.6,43.95,76654,EQ,3963.0,19.34,35830.0
2022-12-28,44.3,44.45,42.7,43.45,35115,EQ,1933.0,18.17,20259.0
2022-12-29,43.9,44.3,43.25,43.55,17899,EQ,1275.0,14.04,7052.0
2022-12-30,43.6,44.75,42.7,43.05,80594,EQ,2525.0,31.92,41514.0
2023-01-02,43.05,44.1,43.05,43.85,20313,EQ,2012.0,10.1,11685.0
2023-01-03,43.9,44.35,43.45,43.55,13504,EQ,911.0,14.82,7569.0
2023-01-04,43.6,43.9,43.1,43.3,15986,EQ,993.0,16.1,7906.0
2023-01-05,43.45,44.1,41.85,42.85,34382,EQ,1146.0,30.0,19977.0
2023-01-06,43.2,43.85,42.3,43.2,24160,EQ,1427.0,16.93,15016.0
2023-01-09,43.6,43.6,42.75,43.2,18479,EQ,941.0,19.64,13616.0
2023-01-10,43.4,43.5,42.2,42.5,16426,EQ,1017.0,16.15,11365.0
2023-01-11,43.2,43.2,42.1,42.75,18908,EQ,742.0,25.48,13925.0
2023-01-12,42.75,42.95,42.1,42.5,12968,EQ,1128.0,11.5,7467.0
2023-01-13,42.75,43.3,42.3,42.85,49003,EQ,1698.0,28.86,35680.0
2023-01-16,43.5,43.75,42.4,42.5,21126,EQ,1387.0,15.23,12079.0
2023-01-17,42.5,42.95,41.95,42.7,45348,EQ,1919.0,23.63,27601.0
2023-01-18,43.0,43.0,42.0,42.1,38277,EQ,1393.0,27.48,28173.0
2023-01-19,42.5,42.8,42.0,42.15,27753,EQ,1207.0,22.99,20005.0
2023-01-20,42.7,46.2,42.25,44.75,109438,EQ,4562.0,23.99,76696.0
2023-01-23,44.75,46.6,44.25,45.05,117498,EQ,6100.0,19.26,61207.0
2023-01-24,47.5,47.9,45.5,45.95,88460,EQ,3486.0,25.38,48163.0
2023-01-25,46.1,47.4,45.2,46.55,77778,EQ,3886.0,20.01,41565.0
2023-01-27,47.0,47.0,44.8,45.3,65745,EQ,3152.0,20.86,41991.0
2023-01-30,44.0,45.4,43.0,45.0,53497,EQ,2474.0,21.62,30926.0
2023-01-31,44.9,45.3,43.5,43.7,47284,EQ,1814.0,26.07,32923.0
2023-02-01,44.4,46.2,43.2,45.4,85793,EQ,2978.0,28.81,59720.0
2023-02-02,46.0,46.4,43.5,45.0,69326,EQ,3525.0,19.67,33920.0
2023-02-03,45.8,46.2,44.5,45.75,109536,EQ,3469.0,31.58,78745.0
2023-02-06,46.0,46.45,45.2,45.5,31832,EQ,1393.0,22.85,26333.0
2023-02-07,45.4,46.2,45.15,45.85,36049,EQ,1545.0,23.33,23300.0
2023-02-08,46.1,46.9,45.65,45.95,34139,EQ,1554.0,21.97,21678.0
2023-02-09,46.05,46.2,45.7,45.8,30448,EQ,1267.0,24.03,24442.0
2023-02-10,46.25,46.25,45.75,45.85,20887,EQ,1033.0,20.22,15349.0
2023-02-13,45.9,46.9,45.8,46.3,26617,EQ,1864.0,14.28,15939.0
2023-02-14,46.15,47.15,46.0,46.65,38074,EQ,1482.0,25.69,24988.0
2023-02-15,46.25,47.5,46.25,47.2,46358,EQ,1444.0,32.1,32631.0
2023-02-16,47.45,48.4,47.45,48.3,39441,EQ,1464.0,26.94,26207.0
2023-02-17,48.3,49.5,48.05,48.95,51815,EQ,2028.0,25.55,34035.0
2023-02-20,49.9,52.0,49.9,51.2,105694,EQ,5381.0,19.64,57456.0
2023-02-21,52.0,52.0,50.3,50.8,76032,EQ,3263.0,23.3,42794.0
2023-02-22,50.7,50.7,49.7,50.05,46127,EQ,2018.0,22.86,30045.0
2023-02-23,50.8,51.2,50.0,51.0,27874,EQ,1625.0,17.15,17112.0
2023-02-24,51.3,51.9,50.5,51.5,56809,EQ,2676.0,21.23,32436.0
2023-02-27,51.9,53.55,51.5,53.1,87105,EQ,3077.0,28.31,57819.0
2023-02-28,53.5,54.8,53.25,54.3,112739,EQ,5476.0,20.59,33108.0
2023-03-01,54.85,55.5,54.0,55.25,102767,EQ,4796.0,21.43,40605.0
2023-03-02,55.2,55.95,54.4,54.65,44555,EQ,1558.0,28.6,25662.0
2023-03-03,55.0,55.25,54.2,54.45,22536,EQ,957.0,23.55,13827.0
2023-03-06,54.45,55.25,52.5,53.8,90676,EQ,2824.0,32.11,61710.0
2023-03-08,53.9,54.3,52.8,53.1,19042,EQ,903.0,21.09,14171.0
2023-03-09,53.05,53.65,51.8,52.1,23024,EQ,843.0,27.31,18651.0
2023-03-10,51.6,52.2,51.1,51.35,28954,EQ,1143.0,25.33,20660.0
2023-03-13,51.35,51.75,50.2,50.25,38590,EQ,1043.0,37.0,31646.0
2023-03-14,50.55,51.0,48.85,49.05,28923,EQ,1000.0,28.92,23297.0
2023-03-15,50.7,50.95,49.5,49.7,14627,EQ,721.0,20.29,7962.0
2023-03-16,49.25,49.6,48.45,48.7,22350,EQ,1170.0,19.1,16788.0
2023-03-17,48.5,49.65,48.5,48.75,12251,EQ,860.0,14.25,7580.0
2023-03-20,48.85,48.85,47.1,47.3,32527,EQ,1630.0,19.96,23447.0
2023-03-21,47.3,48.8,47.2,48.7,11586,EQ,662.0,17.5,8525.0
2023-03-22,49.8,50.5,49.35,49.75,14740,EQ,900.0,16.38,10647.0
2023-03-23,49.95,49.95,48.85,49.05,8434,EQ,654.0,12.9,5617.0
2023-03-24,49.5,50.5,48.1,48.3,10661,EQ,778.0,13.7,7358.0
2023-03-27,48.9,48.95,47.5,47.8,11326,EQ,607.0,18.66,8105.0
2023-03-28,47.3,48.4,46.6,47.2,12870,EQ,597.0,21.56,10554.0
2023-03-29,47.85,48.0,47.25,47.95,18606,EQ,779.0,23.88,14751.0
2023-03-31,49.4,49.4,48.4,48.6,8110,EQ,540.0,15.02,5394.0
2023-04-03,48.0,48.5,47.6,47.9,6432,EQ,469.0,13.71,3580.0
2023-04-05,48.4,49.3,48.0,48.65,9178,EQ,502.0,18.28,6571.0
2023-04-06,49.3,50.0,49.0,49.4,18744,EQ,553.0,33.9,15519.0
2023-04-10,50.0,50.0,48.4,48.8,21030,EQ,754.0,27.89,18403.0
2023-04-11,48.8,49.0,48.4,48.55,14593,EQ,594.0,24.57,12348.0
2023-04-12,49.0,49.0,48.25,48.3,15628,EQ,378.0,41.34,14021.0
2023-04-13,48.8,49.15,48.05,48.65,17054,EQ,686.0,24.86,14299.0
2023-04-17,48.65,49.4,47.8,48.05,33232,EQ,997.0,33.33,27931.0
2023-04-18,48.05,48.75,47.9,48.05,18595,EQ,753.0,24.69,16073.0
2023-04-19,48.4,48.4,47.4,47.7,30416,EQ,783.0,38.85,27257.0
2023-04-20,48.4,48.4,47.3,47.6,25940,EQ,740.0,35.05,20902.0
2023-04-21,48.0,48.6,47.5,47.75,47100,EQ,1380.0,34.13,36615.0
2023-04-24,47.2,47.55,46.9,47.0,33166,EQ,1008.0,32.9,26970.0
2023-04-25,48.0,48.0,46.9,46.95,23686,EQ,708.0,33.45,18159.0
2023-04-26,47.8,47.8,46.6,47.05,25577,EQ,942.0,27.15,19320.0
2023-04-27,47.2,47.7,46.7,47.2,39410,EQ,945.0,41.7,27769.0
2023-04-28,47.6,47.9,46.85,47.05,31393,EQ,811.0,38.71,23296.0
2023-05-02,47.05,47.75,46.9,47.0,17738,EQ,566.0,31.34,13489.0
2023-05-03,47.3,47.3,46.9,47.05,8777,EQ,272.0,32.27,7401.0
2023-05-04,47.3,47.5,46.5,46.65,12067,EQ,566.0,21.32,8867.0
2023-05-05,47.45,47.45,46.05,46.45,22442,EQ,609.0,36.85,18742.0
2023-05-08,46.5,47.2,45.95,46.1,15410,EQ,687.0,22.43,10997.0
2023-05-09,46.0,46.5,45.6,45.8,15558,EQ,518.0,30.03,13086.0
2023-05-10,46.0,46.4,45.4,45.55,8233,EQ,350.0,23.52,6555.0
2023-05-11,45.5,46.05,45.25,45.4,8030,EQ,314.0,25.57,6428.0
2023-05-12,45.4,45.45,44.4,45.0,37762,EQ,925.0,40.82,29815.0
2023-05-15,44.6,45.75,44.2,44.8,35139,EQ,1143.0,30.74,25854.0
2023-05-16,45.5,45.6,44.2,45.3,23529,EQ,687.0,34.25,18283.0
2023-05-17,45.3,45.9,44.8,45.75,32490,EQ,676.0,48.06,23790.0
2023-05-18,46.4,46.5,45.35,46.2,45654,EQ,1096.0,41.66,39218.0
2023-05-19,46.9,46.9,44.7,45.1,44986,EQ,1068.0,42.12,32478.0
2023-05-22,46.1,46.4,44.8,45.45,33699,EQ,707.0,47.66,28902.0
2023-05-23,46.6,46.6,45.1,46.0,15916,EQ,742.0,21.45,10677.0
2023-05-24,46.7,46.7,45.7,46.15,57634,EQ,947.0,60.86,49353.0
2023-05-25,46.45,47.1,45.8,47.0,60742,EQ,744.0,81.64,47227.0
2023-05-26,47.0,49.1,45.8,46.75,89013,EQ,1687.0,52.76,74121.0
2023-05-29,47.4,47.4,46.1,46.6,62995,EQ,1120.0,56.25,52492.0
2023-05-30,46.7,46.9,45.7,45.8,43784,EQ,1163.0,37.65,34772.0
2023-05-31,47.5,47.5,45.9,46.2,36023,EQ,547.0,65.86,32992.0
2023-06-01,46.4,46.6,45.7,46.05,83695,EQ,1361.0,61.5,74018.0
2023-06-02,45.95,46.0,45.4,45.65,51840,EQ,713.0,72.71,47164.0
2023-06-05,45.2,45.95,45.2,45.6,67558,EQ,780.0,86.61,63092.0
2023-06-06,45.9,46.05,44.95,45.1,50050,EQ,902.0,55.49,43287.0
2023-06-07,45.15,45.95,44.95,45.1,39652,EQ,849.0,46.7,31806.0
2023-06-08,45.2,45.5,44.75,44.85,15014,EQ,684.0,21.95,11874.0
2023-06-09,45.3,45.8,44.9,45.1,28904,EQ,804.0,35.95,23250.0
2023-06-12,45.3,45.75,44.95,45.15,54059,EQ,1160.0,46.6,46337.0
2023-06-13,45.3,45.55,44.75,44.8,45742,EQ,1252.0,36.54,34467.0
2023-06-14,45.3,45.4,44.2,45.1,58484,EQ,1528.0,38.27,50658.0
2023-06-15,45.55,45.65,44.8,44.9,48653,EQ,992.0,49.05,42043.0
2023-06-16,45.2,45.5,44.85,45.0,32741,EQ,886.0,36.95,25270.0
2023-06-19,45.0,45.15,44.5,44.55,21009,EQ,1361.0,15.44,12245.0
2023-06-20,44.9,44.9,44.2,44.4,31758,EQ,1040.0,30.54,25848.0
2023-06-21,44.8,44.9,44.05,44.25,10936,EQ,902.0,12.12,6772.0
2023-06-22,44.25,45.0,44.0,44.6,31874,EQ,1472.0,21.65,20026.0
2023-06-23,44.9,44.9,44.0,44.1,9083,EQ,726.0,12.51,5449.0
2023-06-26,43.5,45.2,43.5,44.55,56861,EQ,864.0,65.81,51248.0
2023-06-27,45.2,45.25,44.35,45.0,54145,EQ,791.0,68.45,48020.0
2023-06-28,45.0,45.3,44.65,44.85,20325,EQ,666.0,30.52,15737.0
2023-06-30,45.2,45.2,44.1,44.4,13286,EQ,575.0,23.11,8170.0
2023-07-03,45.0,45.25,44.4,44.4,6995,EQ,419.0,16.69,4143.0
2023-07-04,44.45,45.0,44.0,44.6,11792,EQ,510.0,23.12,4236.0
2023-07-05,44.6,45.0,43.7,43.9,28873,EQ,872.0,33.11,17549.0
2023-07-06,43.9,44.5,43.9,44.1,11922,EQ,464.0,25.69,8283.0
2023-07-07,44.1,44.45,44.0,44.25,13235,EQ,389.0,34.02,6876.0
2023-07-10,43.75,44.7,43.75,44.25,5275,EQ,276.0,19.11,2270.0
2023-07-11,44.15,44.95,43.9,44.4,42038,EQ,580.0,72.48,34763.0
2023-07-12,44.8,45.05,44.0,44.15,43716,EQ,665.0,65.74,36088.0
2023-07-13,44.35,44.9,44.2,44.5,41742,EQ,601.0,69.45,35920.0
2023-07-14,45.0,45.0,44.3,44.55,17365,EQ,426.0,40.76,12057.0
2023-07-17,44.35,45.0,44.2,44.5,22150,EQ,536.0,41.32,18220.0
2023-07-18,44.5,44.8,44.0,44.15,41258,EQ,846.0,48.77,35181.0
2023-07-19,44.15,44.5,43.5,43.9,12423,EQ,556.0,22.34,7579.0
2023-07-20,43.9,44.65,43.7,43.9,16947,EQ,689.0,24.6,9608.0
2023-07-21,44.0,44.0,43.45,43.6,5632,EQ,385.0,14.63,3200.0
2023-07-24,44.0,44.8,43.65,44.55,9625,EQ,446.0,21.58,6579.0
2023-07-25,44.9,44.9,43.7,43.95,6507,EQ,242.0,26.89,4784.0
2023-07-26,43.7,45.0,43.1,43.35,55422,EQ,3147.0,17.61,20522.0
2023-07-27,44.0,44.2,43.15,43.45,13184,EQ,729.0,18.09,6005.0
2023-07-28,43.15,43.9,41.3,42.8,23514,EQ,1347.0,17.46,11767.0
2023-07-31,43.0,43.3,42.5,42.7,15530,EQ,865.0,17.95,10496.0
2023-08-01,42.7,44.4,42.7,44.15,21555,EQ,803.0,26.84,15653.0
2023-08-02,44.15,45.0,43.1,43.35,22232,EQ,1162.0,19.13,11907.0
2023-08-03,43.95,43.95,42.7,43.05,21114,EQ,978.0,21.59,16716.0
2023-08-04,43.8,43.8,42.85,43.1,26538,EQ,834.0,31.82,23014.0
2023-08-07,43.7,46.7,43.0,45.55,431743,EQ,8270.0,52.21,337574.0
2023-08-08,46.5,47.7,45.8,46.5,155080,EQ,4514.0,34.36,108227.0
2023-08-09,46.25,46.3,45.3,46.0,73179,EQ,2459.0,29.76,51135.0
2023-08-10,46.5,46.7,45.9,46.1,48258,EQ,2246.0,21.49,35950.0
2023-08-11,47.0,47.0,43.2,43.8,99772,EQ,4865.0,20.51,63337.0
2023-08-14,43.45,44.75,43.0,43.8,98141,EQ,4109.0,23.88,63214.0
2023-08-16,43.05,43.7,42.85,43.1,43204,EQ,1998.0,21.62,28615.0
2023-08-17,43.3,43.4,42.65,42.95,86580,EQ,2409.0,35.94,70541.0
2023-08-18,43.05,44.5,42.45,43.9,154259,EQ,7102.0,21.72,72201.0
2023-08-21,44.8,44.8,43.65,43.75,37317,EQ,2129.0,17.53,27083.0
2023-08-22,44.2,44.2,42.8,43.05,28314,EQ,1617.0,17.51,18869.0
2023-08-23,43.35,43.9,43.35,43.55,16639,EQ,683.0,24.36,12053.0
2023-08-24,44.0,44.5,43.0,43.2,23476,EQ,1249.0,18.8,11149.0
2023-08-25,43.2,43.7,42.5,42.7,47272,EQ,1247.0,37.91,33326.0
2023-08-28,43.35,43.5,42.5,42.75,40637,EQ,1734.0,23.44,25700.0
2023-08-29,43.15,44.4,42.7,42.85,92041,EQ,3303.0,27.87,37594.0
2023-08-30,43.25,43.4,42.5,42.75,65588,EQ,2823.0,23.23,41904.0
2023-08-31,43.1,43.1,41.7,42.35,28151,EQ,1721.0,16.36,14119.0
2023-09-01,42.45,43.75,42.45,43.1,40734,EQ,2759.0,14.76,23134.0
2023-09-04,43.5,43.85,42.5,42.95,32616,EQ,2777.0,11.75,20278.0
2023-09-05,42.95,43.15,42.3,42.75,15249,EQ,935.0,16.31,10891.0
2023-09-06,42.7,43.15,42.35,42.85,29435,EQ,1709.0,17.22,16642.0
2023-09-07,43.15,43.15,41.9,42.35,27450,EQ,1850.0,14.84,17833.0
2023-09-08,42.35,43.0,42.35,42.55,12252,EQ,755.0,16.23,8255.0
2023-09-11,43.1,43.1,42.4,42.55,11313,EQ,840.0,13.47,6838.0
2023-09-12,42.55,42.85,40.8,41.65,21074,EQ,1224.0,17.22,12773.0
2023-09-13,41.7,42.15,40.35,41.5,41741,EQ,2088.0,19.99,22681.0
2023-09-14,41.5,42.0,40.9,41.35,38605,EQ,1437.0,26.86,31597.0
2023-09-15,42.0,42.3,41.25,42.05,56297,EQ,1330.0,42.33,49719.0
2023-09-18,42.05,42.5,41.55,41.9,22462,EQ,1366.0,16.44,17116.0
2023-09-20,41.6,44.7,41.6,43.6,84156,EQ,4175.0,20.16,59493.0
2023-09-21,43.5,44.1,43.15,43.6,29443,EQ,1467.0,20.07,17387.0
2023-09-22,43.7,48.0,43.65,47.25,254876,EQ,8814.0,28.92,129283.0
2023-09-25,48.05,50.25,48.05,49.45,233098,EQ,11694.0,19.93,130992.0
2023-09-26,49.9,50.2,48.6,49.0,133537,EQ,4934.0,27.06,100465.0
2023-09-27,49.0,50.4,47.9,49.1,226338,EQ,5662.0,39.97,152470.0
2023-09-28,49.25,50.0,48.9,49.35,41258,EQ,2259.0,18.26,24328.0
2023-09-29,49.6,49.6,48.25,48.85,56718,EQ,2190.0,25.9,44971.0
2023-10-03,48.9,49.0,47.55,48.2,34188,EQ,2211.0,15.46,18249.0
2023-10-04,48.0,48.4,47.0,47.35,35469,EQ,1759.0,20.16,23641.0
2023-10-05,47.9,50.2,47.4,50.05,96168,EQ,3733.0,25.76,58835.0
2023-10-06,50.8,51.3,49.8,50.9,74304,EQ,2888.0,25.73,47968.0
2023-10-09,50.1,50.4,49.65,49.7,32283,EQ,1608.0,20.08,23120.0
2023-10-10,50.45,51.0,49.75,49.95,21589,EQ,776.0,27.82,15211.0
2023-10-11,49.9,50.25,49.6,49.7,17025,EQ,587.0,29.0,12572.0
2023-10-12,50.15,51.15,49.95,50.1,32974,EQ,1319.0,25.0,22793.0
2023-10-13,50.1,50.15,49.5,49.8,17361,EQ,752.0,23.09,13199.0
2023-10-16,50.4,52.2,50.25,50.7,53399,EQ,2735.0,19.52,34743.0
2023-10-17,51.4,51.7,50.4,50.6,36216,EQ,2067.0,17.52,24872.0
2023-10-18,50.9,51.1,50.35,50.55,22417,EQ,1194.0,18.77,13428.0
2023-10-19,50.5,50.9,50.0,50.35,22510,EQ,1355.0,16.61,9400.0
2023-10-20,50.4,50.95,47.2,50.15,56111,EQ,2343.0,23.95,38905.0
2023-10-23,50.2,51.8,50.2,51.5,56481,EQ,2819.0,20.04,39044.0
2023-10-25,52.4,53.8,50.55,51.6,133680,EQ,4666.0,28.65,63204.0
2023-10-26,51.3,51.55,49.1,49.8,42843,EQ,2067.0,20.73,18623.0
2023-10-27,49.8,50.4,49.2,49.45,36605,EQ,986.0,37.12,25872.0
2023-10-30,49.85,51.3,49.2,49.8,33783,EQ,1472.0,22.95,22388.0
2023-10-31,49.8,50.25,49.0,49.25,16194,EQ,840.0,19.28,9334.0
2023-11-01,48.8,49.75,48.8,49.25,10283,EQ,441.0,23.32,7402.0
2023-11-02,48.8,49.75,48.4,48.8,16685,EQ,551.0,30.28,9206.0
2023-11-03,48.9,49.55,48.8,49.0,8325,EQ,349.0,23.85,6111.0
2023-11-06,49.6,49.8,47.75,47.95,16978,EQ,736.0,23.07,8985.0
2023-11-07,48.75,48.75,46.2,47.1,34447,EQ,1098.0,31.37,24542.0
2023-11-08,47.1,50.4,46.9,49.6,35002,EQ,1224.0,28.6,19748.0
2023-11-09,48.65,50.6,48.2,50.2,53693,EQ,1472.0,36.48,35281.0
2023-11-10,50.1,52.4,46.8,47.65,245916,EQ,6865.0,35.82,108989.0
2023-11-12,48.0,49.0,44.7,46.4,106972,EQ,1531.0,69.87,74433.0
2023-11-13,46.9,49.0,46.8,48.6,49796,EQ,1821.0,27.35,31031.0
2023-11-15,49.4,51.0,48.0,50.45,148559,EQ,4234.0,35.09,107772.0
2023-11-16,50.65,51.1,49.5,50.8,72303,EQ,2419.0,29.89,40814.0
2023-11-17,50.85,54.2,50.15,52.5,139003,EQ,2897.0,47.98,108400.0
2023-11-20,53.0,53.7,51.05,51.55,71978,EQ,2921.0,24.64,40926.0
2023-11-21,51.7,52.2,50.1,50.25,47150,EQ,1821.0,25.89,20713.0
2023-11-22,51.0,51.0,49.5,49.95,36812,EQ,1309.0,28.12,20965.0
2023-11-23,50.0,50.95,49.4,49.9,16712,EQ,688.0,24.29,9519.0
2023-11-24,50.4,50.4,48.8,49.2,30225,EQ,1101.0,27.45,21405.0
2023-11-28,49.95,51.4,48.5,48.7,32211,EQ,1055.0,30.53,21169.0
2023-11-29,48.7,50.0,48.0,48.1,25125,EQ,1119.0,22.45,16731.0
2023-11-30,48.35,48.9,46.25,47.0,74401,EQ,1641.0,45.34,55868.0
2023-12-01,47.25,48.7,46.75,47.05,36932,EQ,1542.0,23.95,19891.0
2023-12-04,48.2,48.2,46.0,46.55,67421,EQ,1941.0,34.74,46595.0
2023-12-05,46.2,46.95,46.1,46.5,26373,EQ,1155.0,22.83,15636.0
2023-12-06,46.2,47.0,46.1,46.35,32777,EQ,968.0,33.86,22038.0
2023-12-07,46.2,47.75,46.2,47.2,23533,EQ,1186.0,19.84,16147.0
2023-12-08,47.2,47.8,47.0,47.15,19729,EQ,688.0,28.68,13460.0
2023-12-11,46.95,47.7,46.7,47.15,28832,EQ,807.0,35.73,20821.0
2023-12-12,47.75,47.75,46.7,47.55,29678,EQ,694.0,42.76,21424.0
2023-12-13,47.55,48.35,47.25,47.35,52771,EQ,1174.0,44.95,38609.0
2023-12-14,48.0,48.2,47.55,47.85,42288,EQ,937.0,45.13,24514.0
2023-12-15,48.0,49.15,48.0,48.5,43160,EQ,1415.0,30.5,24367.0
2023-12-18,48.8,49.7,48.75,49.15,27957,EQ,1304.0,21.44,18167.0
2023-12-19,49.6,49.8,49.0,49.55,46726,EQ,1090.0,42.87,35470.0
2023-12-20,49.8,50.3,49.4,49.4,93789,EQ,2359.0,39.76,67719.0
2023-12-21,49.4,50.0,49.4,49.4,71655,EQ,1425.0,50.28,57342.0
2023-12-22,49.8,51.3,49.6,49.9,143971,EQ,2141.0,67.24,118721.0
2023-12-26,50.0,50.75,49.8,49.8,116186,EQ,1470.0,79.04,100598.0
2023-12-27,50.55,50.55,49.6,49.8,172709,EQ,1328.0,130.05,151491.0
2023-12-28,49.3,50.0,49.3,49.5,107349,EQ,1456.0,73.73,96469.0
2023-12-29,49.95,50.0,49.45,49.6,76519,EQ,820.0,93.32,69384.0
2024-01-01,49.85,50.0,49.0,49.5,63927,EQ,1563.0,40.9,43794.0
2024-01-02,49.8,50.7,49.8,49.95,119034,EQ,3319.0,35.86,79493.0
2024-01-03,50.45,50.45,49.2,49.75,56175,EQ,1447.0,38.82,41767.0
2024-01-04,49.8,50.0,49.1,49.55,65849,EQ,1500.0,43.9,45355.0
2024-01-05,49.2,50.55,49.1,49.4,68253,EQ,1096.0,62.27,51247.0
2024-01-08,50.8,52.7,49.7,50.0,176829,EQ,3372.0,52.44,105874.0
2024-01-09,50.75,51.4,48.2,49.25,153706,EQ,4007.0,38.36,89730.0
2024-01-10,49.0,50.0,49.0,49.35,36368,EQ,1133.0,32.1,22291.0
2024-01-11,49.8,49.95,49.2,49.35,16249,EQ,513.0,31.67,11064.0
2024-01-12,49.8,50.1,49.2,49.5,32980,EQ,856.0,38.53,21699.0
2024-01-15,50.0,50.2,49.2,49.4,25984,EQ,978.0,26.57,17066.0
2024-01-16,50.0,50.4,49.2,49.3,37097,EQ,790.0,46.96,25511.0
2024-01-17,48.4,49.4,48.4,48.8,20444,EQ,914.0,22.37,12944.0
2024-01-18,48.6,49.35,47.6,48.25,46343,EQ,1111.0,41.71,33140.0
2024-01-19,48.6,48.6,46.4,46.9,82154,EQ,3251.0,25.27,42763.0
2024-01-20,47.0,47.95,47.0,47.2,38562,EQ,1015.0,37.99,27630.0
2024-01-23,47.9,48.2,46.0,46.25,44453,EQ,1366.0,32.54,34261.0
2024-01-24,46.3,47.0,46.0,46.75,21415,EQ,1257.0,17.04,14526.0
2024-01-25,46.1,46.75,46.0,46.2,17471,EQ,721.0,24.23,11666.0
2024-01-29,46.2,47.2,45.45,46.65,33993,EQ,1421.0,23.92,14546.0
2024-01-30,47.4,47.55,46.05,46.2,22877,EQ,921.0,24.84,16307.0
2024-01-31,46.2,47.4,46.1,46.45,27737,EQ,866.0,32.03,19385.0
2024-02-01,46.1,47.2,46.1,46.9,45978,EQ,1014.0,45.34,32460.0
2024-02-02,47.25,47.25,45.35,45.7,43108,EQ,1307.0,32.98,29498.0
2024-02-05,45.7,46.1,44.5,45.0,45453,EQ,1906.0,23.85,30611.0
2024-02-06,44.3,45.8,44.3,44.9,59686,EQ,1172.0,50.93,51827.0
2024-02-07,46.0,46.0,45.0,45.25,27695,EQ,961.0,28.82,17794.0
2024-02-08,45.05,45.9,44.35,44.5,43850,EQ,1371.0,31.98,28569.0
2024-02-09,45.0,45.25,44.4,44.65,36643,EQ,1272.0,28.81,21950.0
2024-02-12,44.65,44.7,44.0,44.25,32894,EQ,600.0,54.82,25918.0
2024-02-13,44.8,45.0,42.0,42.45,70983,EQ,2399.0,29.59,43213.0
2024-02-14,42.8,44.0,41.3,42.25,52432,EQ,1945.0,26.96,34240.0
2024-02-15,42.5,43.4,41.65,42.05,81285,EQ,1383.0,58.77,61356.0
2024-02-16,43.15,43.15,41.05,41.55,79590,EQ,4009.0,19.85,54872.0
2024-02-19,42.15,42.4,41.0,42.1,69221,EQ,2431.0,28.47,47933.0
2024-02-20,42.7,42.7,41.75,41.85,31086,EQ,1322.0,23.51,21478.0
2024-02-21,41.85,44.55,41.55,44.25,98214,EQ,2896.0,33.91,49243.0
2024-02-22,44.95,47.6,44.4,46.55,189242,EQ,7012.0,26.99,86837.0
2024-02-23,46.9,50.85,46.55,50.05,388568,EQ,8247.0,47.12,211854.0
2024-02-26,51.2,51.55,50.05,50.2,159584,EQ,6659.0,23.97,94364.0
2024-02-27,50.6,50.85,50.0,50.2,70094,EQ,2535.0,27.65,49074.0
2024-02-28,49.8,50.2,48.6,49.15,41648,EQ,1269.0,32.82,30376.0
2024-02-29,48.25,50.55,48.25,50.2,42409,EQ,1838.0,23.07,28265.0
2024-03-01,50.6,52.1,50.0,52.0,159623,EQ,2732.0,58.43,114723.0
2024-03-02,52.2,52.4,51.7,51.85,18597,EQ,231.0,80.51,15642.0
2024-03-04,52.25,52.25,50.5,51.75,66514,EQ,1498.0,44.4,52502.0
2024-03-05,51.7,52.8,51.6,51.95,75069,EQ,1453.0,51.66,52613.0
2024-03-06,52.3,52.5,50.8,51.85,131901,EQ,2481.0,53.16,86359.0
2024-03-07,52.2,52.4,51.8,51.8,54603,EQ,506.0,107.91,47141.0
2024-03-11,51.95,54.0,51.8,51.95,72811,EQ,1994.0,36.52,47210.0
2024-03-12,52.4,52.6,50.35,51.05,55903,EQ,1147.0,48.74,40501.0
2024-03-13,51.0,51.05,47.2,49.6,99951,EQ,2067.0,48.36,69343.0
2024-03-14,49.55,52.95,48.7,52.45,119840,EQ,3104.0,38.61,77143.0
2024-03-15,52.2,52.35,50.6,51.6,69402,EQ,1859.0,37.33,49039.0
2024-03-18,51.9,52.8,50.0,50.75,106883,EQ,2753.0,38.82,58816.0
2024-03-19,50.0,50.7,49.4,49.75,17720,EQ,530.0,33.43,13427.0
2024-03-20,50.15,50.6,48.4,48.5,73211,EQ,2330.0,31.42,47261.0
2024-03-21,49.6,51.95,49.6,50.7,83417,EQ,2531.0,32.96,48363.0
2024-03-22,51.1,51.8,49.15,50.25,102836,EQ,2707.0,37.99,71334.0
2024-03-26,50.6,54.5,50.4,51.0,156258,EQ,6049.0,25.83,59937.0
2024-03-27,51.0,51.7,49.2,49.8,188777,EQ,4856.0,38.88,111093.0
2024-03-28,50.15,50.95,48.6,48.8,43590,EQ,1513.0,28.81,24965.0
2024-04-01,49.15,49.7,49.0,49.1,13813,EQ,737.0,18.74,7481.0
2024-04-02,49.3,49.45,49.0,49.1,13383,EQ,585.0,22.88,8674.0
2024-04-03,49.1,49.4,48.2,48.75,21211,EQ,738.0,28.74,13251.0
2024-04-04,48.35,49.25,48.0,48.1,17479,EQ,574.0,30.45,10069.0
2024-04-05,48.05,48.45,47.0,47.55,44491,EQ,877.0,50.73,29812.0
2024-04-08,48.0,48.2,47.2,47.5,20354,EQ,739.0,27.54,12749.0
2024-04-09,47.5,47.8,45.65,46.15,39993,EQ,750.0,53.32,30565.0
2024-04-10,46.0,46.75,42.85,45.55,224103,EQ,5091.0,44.02,111573.0
2024-04-12,46.6,46.6,44.7,44.9,29914,EQ,1861.0,16.07,15555.0
2024-04-15,44.0,45.95,43.2,45.7,40417,EQ,1900.0,21.27,23882.0
2024-04-16,45.7,47.6,44.85,47.15,61663,EQ,1562.0,39.48,41813.0
2024-04-18,47.85,48.55,46.0,47.85,77591,EQ,1440.0,53.88,59011.0
2024-04-19,47.1,49.0,46.2,46.6,40897,EQ,1660.0,24.64,29768.0
2024-04-22,47.3,47.3,46.0,46.1,14398,EQ,545.0,26.42,8571.0
2024-04-23,46.05,47.55,46.05,46.3,35460,EQ,1305.0,27.17,21316.0
2024-04-24,46.2,47.35,45.6,45.65,49500,EQ,1610.0,30.75,29571.0
2024-04-25,45.9,48.05,45.65,47.55,87549,EQ,2347.0,37.3,52922.0
2024-04-26,47.55,47.55,45.5,45.75,32754,EQ,1155.0,28.36,26154.0
2024-04-29,46.8,47.2,46.0,46.65,24667,EQ,956.0,25.8,14867.0
2024-04-30,46.5,46.6,45.8,46.0,8856,EQ,602.0,14.71,6620.0
2024-05-02,45.5,46.8,45.5,45.8,10575,EQ,442.0,23.93,8096.0
2024-05-03,45.3,46.5,44.9,45.2,17023,EQ,638.0,26.68,11615.0
2024-05-06,45.7,45.7,43.8,44.1,30239,EQ,1306.0,23.15,18498.0
2024-05-07,44.4,44.6,43.4,44.05,20015,EQ,661.0,30.28,11721.0
2024-05-08,44.0,44.4,43.4,43.45,15950,EQ,633.0,25.2,10650.0
2024-05-09,45.0,45.0,42.3,42.85,20664,EQ,960.0,21.52,12999.0
2024-05-10,44.1,44.8,42.2,44.2,28009,EQ,1382.0,20.27,14205.0
2024-05-13,44.3,46.1,42.55,45.0,44413,EQ,1851.0,23.99,21851.0
2024-05-14,45.0,45.0,43.6,43.8,19065,EQ,1019.0,18.71,12527.0
2024-05-15,44.4,45.0,43.6,43.65,17248,EQ,556.0,31.02,12730.0
2024-05-16,44.4,44.75,43.45,44.25,14915,EQ,577.0,25.85,10058.0
2024-05-17,44.4,44.4,43.7,43.85,8082,EQ,412.0,19.62,4689.0
2024-05-18,44.4,44.4,42.6,43.5,7459,EQ,154.0,48.44,6064.0
2024-05-21,43.0,45.1,43.0,44.55,28809,EQ,657.0,43.85,22023.0
2024-05-22,44.8,46.95,44.7,45.85,90950,EQ,1592.0,57.13,73784.0
2024-05-23,46.4,47.4,46.0,46.95,91208,EQ,830.0,109.89,80826.0
2024-05-24,47.0,48.6,47.0,48.25,117822,EQ,1621.0,72.68,102327.0
2024-05-27,49.0,49.3,48.2,48.4,38864,EQ,941.0,41.3,30421.0
2024-05-28,48.55,50.0,47.5,49.3,165102,EQ,2101.0,78.58,117554.0
2024-05-29,49.2,49.8,48.6,49.55,32121,EQ,1258.0,25.53,25295.0
2024-05-30,49.0,50.2,48.75,49.85,86829,EQ,1224.0,70.94,67512.0
2024-05-31,49.85,50.6,49.7,50.25,52455,EQ,1229.0,42.68,38163.0
2024-06-03,50.8,54.2,49.3,53.9,318004,EQ,5194.0,61.23,223709.0
2024-06-04,54.4,54.4,50.4,50.7,128223,EQ,2148.0,59.69,93287.0
2024-06-05,51.15,52.95,50.3,52.1,66629,EQ,1546.0,43.1,46501.0
2024-06-06,52.25,53.0,51.5,52.25,68894,EQ,3839.0,17.95,40180.0
2024-06-07,52.25,53.75,51.95,53.3,143168,EQ,3407.0,42.02,114101.0
2024-06-10,54.3,55.2,54.2,55.0,170367,EQ,2474.0,68.86,127937.0
2024-06-11,55.6,57.0,55.0,56.2,153138,EQ,4214.0,36.34,102330.0
2024-06-12,56.45,57.6,56.0,56.5,70831,EQ,2552.0,27.76,45568.0
2024-06-13,57.2,57.4,56.0,56.25,57755,EQ,1966.0,29.38,33648.0
2024-06-14,56.25,57.8,56.25,57.5,95027,EQ,1766.0,53.81,70460.0
2024-06-18,57.9,59.8,57.4,57.95,115093,EQ,4501.0,25.57,63240.0
2024-06-19,59.0,59.55,58.0,58.35,76326,EQ,3022.0,25.26,49984.0
2024-06-20,59.15,61.8,58.1,61.25,408867,EQ,7538.0,54.24,269970.0
2024-06-21,62.0,62.4,60.05,60.6,81313,EQ,2431.0,33.45,51131.0
2024-06-24,60.55,60.55,58.15,58.85,75052,EQ,2082.0,36.05,51123.0
2024-06-25,58.6,59.85,57.0,57.05,100596,EQ,4521.0,22.25,55195.0
2024-06-26,57.8,58.9,56.6,58.4,72048,EQ,2448.0,29.43,56666.0
2024-06-27,57.95,58.2,57.0,57.65,56587,EQ,1912.0,29.6,35289.0
2024-06-28,57.2,60.2,57.05,58.25,54309,EQ,2958.0,18.36,33596.0
2024-07-01,59.8,59.8,58.35,58.6,29207,EQ,1127.0,25.92,17766.0
2024-07-02,58.8,59.3,58.25,58.45,21629,EQ,892.0,24.25,12822.0
2024-07-03,58.55,59.1,57.3,58.3,25988,EQ,1540.0,16.88,12003.0
2024-07-04,58.5,59.15,57.4,58.55,50791,EQ,1598.0,31.78,23886.0
2024-07-05,58.2,60.65,56.25,60.0,75172,EQ,3143.0,23.92,45724.0
2024-07-08,60.6,62.0,57.4,58.55,120008,EQ,4040.0,29.7,79640.0
2024-07-09,59.2,59.55,57.4,58.05,66619,EQ,3422.0,19.47,42150.0
2024-07-10,58.05,58.65,56.6,56.9,21768,EQ,2449.0,8.89,8297.0
2024-07-11,57.4,57.6,56.35,56.55,23735,EQ,1634.0,14.53,14349.0
2024-07-12,57.4,57.4,55.8,55.85,28467,EQ,1441.0,19.76,17632.0
2024-07-15,56.2,56.5,54.4,54.9,33579,EQ,2236.0,15.02,19064.0
2024-07-16,55.6,55.7,54.05,54.1,29844,EQ,1858.0,16.06,19046.0
2024-07-18,54.1,55.8,53.55,54.1,24597,EQ,2494.0,9.86,10167.0
2024-07-19,54.1,54.2,52.5,53.4,65357,EQ,4336.0,15.07,36219.0
2024-07-22,52.4,55.9,52.35,54.6,38621,EQ,3645.0,10.6,15470.0
2024-07-23,54.4,55.8,54.0,55.55,43087,EQ,3337.0,12.91,17327.0
2024-07-24,55.8,56.95,54.05,54.15,50762,EQ,6056.0,8.38,16110.0
2024-07-25,53.2,55.4,53.2,54.5,32388,EQ,5039.0,6.43,9294.0
2024-07-26,54.5,56.4,54.4,55.45,23990,EQ,3266.0,7.35,8877.0
2024-07-29,55.8,61.9,55.4,57.75,208623,EQ,9951.0,20.97,64914.0
2024-07-30,59.6,59.6,56.9,57.2,94276,EQ,10080.0,9.35,30668.0
2024-07-31,57.7,58.3,55.75,56.4,46488,EQ,5787.0,8.03,22027.0
2024-08-01,56.6,57.4,55.6,56.0,34158,EQ,3280.0,10.41,19458.0
2024-08-02,55.6,56.35,54.9,55.4,45953,EQ,4935.0,9.31,15638.0
2024-08-05,55.0,55.15,52.0,52.95,68091,EQ,5383.0,12.65,35374.0
2024-08-06,53.7,55.6,52.85,53.35,61161,EQ,8195.0,7.46,14611.0
2024-08-07,53.6,54.35,53.2,53.4,32339,EQ,4178.0,7.74,14600.0
2024-08-08,53.4,54.6,52.8,53.2,58114,EQ,5393.0,10.78,26587.0
2024-08-09,53.2,54.55,53.0,53.2,64599,EQ,6411.0,10.08,31856.0
2024-08-12,53.1,54.0,52.6,53.15,51459,EQ,7281.0,7.07,17320.0
2024-08-13,52.6,55.0,52.6,52.75,39343,EQ,6685.0,5.89,7565.0
2024-08-14,53.2,53.35,51.6,52.7,22418,EQ,1396.0,16.06,14428.0
2024-08-16,52.35,53.65,52.0,52.05,50737,EQ,4652.0,10.91,21643.0
2024-08-19,52.25,53.35,49.6,50.85,61828,EQ,3974.0,15.56,32172.0
2024-08-20,51.0,51.8,50.4,50.7,43617,EQ,4756.0,9.17,15029.0
2024-08-21,50.8,51.45,50.2,50.4,28543,EQ,1433.0,19.92,17692.0
2024-08-22,51.15,51.4,50.55,51.0,24180,EQ,1577.0,15.33,13696.0
2024-08-23,51.2,51.65,49.75,50.2,15338,EQ,1231.0,12.46,8434.0
2024-08-26,50.2,50.85,49.4,49.7,21156,EQ,1442.0,14.67,12930.0
2024-08-27,50.05,50.8,49.6,49.9,21076,EQ,912.0,23.11,15453.0
2024-08-28,50.4,50.95,48.15,49.5,53025,EQ,4023.0,13.18,20475.0
2024-08-29,50.1,50.6,49.1,49.5,17925,EQ,1433.0,12.51,9468.0
2024-08-30,49.7,50.75,49.35,49.45,53708,EQ,4734.0,11.35,9086.0
2024-09-02,49.0,50.55,48.8,50.0,34218,EQ,3919.0,8.73,12205.0
2024-09-03,50.35,52.3,49.35,51.8,69281,EQ,4078.0,16.99,35847.0
2024-09-04,51.8,54.5,51.8,53.8,139162,EQ,5388.0,25.83,96202.0
2024-09-05,53.6,54.55,52.0,52.45,75148,EQ,6943.0,10.82,29817.0
2024-09-06,52.45,53.1,50.2,50.3,34080,EQ,3288.0,10.36,17705.0
2024-09-09,50.3,51.4,49.9,50.1,31042,EQ,1815.0,17.1,18269.0
2024-09-10,50.45,51.0,49.15,49.5,14205,EQ,1203.0,11.81,7274.0
2024-09-11,49.5,51.4,49.2,49.55,30276,EQ,1957.0,15.47,17189.0
2024-09-12,49.85,52.0,49.05,49.5,23726,EQ,1860.0,12.76,11675.0
2024-09-13,51.4,51.4,49.45,49.65,50163,EQ,2406.0,20.85,28261.0
2024-09-16,50.0,50.4,49.2,49.45,12618,EQ,1186.0,10.64,7019.0
2024-09-17,49.25,49.9,47.45,48.1,25271,EQ,1222.0,20.68,14795.0
2024-09-18,48.0,49.8,48.0,49.45,21744,EQ,1112.0,19.55,13737.0
2024-09-19,50.0,50.05,48.4,49.2,13627,EQ,1397.0,9.75,6975.0
2024-09-20,49.2,49.6,48.0,49.05,10904,EQ,1023.0,10.66,2971.0
2024-09-23,48.65,50.0,48.3,48.35,9862,EQ,745.0,13.24,5364.0
2024-09-24,49.45,49.45,47.8,48.05,12796,EQ,880.0,14.54,8719.0
2024-09-25,48.1,49.4,47.6,47.75,23740,EQ,896.0,26.5,15421.0
2024-09-26,47.95,47.95,47.0,47.25,14834,EQ,649.0,22.86,10366.0
2024-09-27,47.6,48.65,47.2,47.95,28546,EQ,1359.0,21.01,18601.0
2024-09-30,48.75,48.9,46.6,46.95,18232,EQ,718.0,25.39,13751.0
2024-10-01,47.8,47.8,46.4,46.5,20160,EQ,1299.0,15.52,7336.0
2024-10-03,46.4,46.95,45.6,45.75,20611,EQ,1429.0,14.42,8717.0
2024-10-04,45.0,46.1,44.25,45.25,42122,EQ,1826.0,23.07,20624.0
2024-10-07,46.6,46.6,43.0,44.15,33875,EQ,2300.0,14.73,10885.0
2024-10-08,44.4,45.6,43.8,44.55,10466,EQ,382.0,27.4,7296.0
2024-10-09,44.8,46.95,44.8,46.6,18279,EQ,849.0,21.53,8241.0
2024-10-10,46.65,49.05,46.55,46.75,23779,EQ,716.0,33.21,14160.0
2024-10-11,46.8,47.7,46.65,46.95,12115,EQ,869.0,13.94,7318.0
2024-10-14,46.8,47.9,45.8,47.15,28589,EQ,2813.0,10.16,11400.0
2024-10-15,47.0,47.8,46.25,47.3,19321,EQ,1152.0,16.77,11025.0
2024-10-16,47.2,47.2,44.1,45.15,56583,EQ,1700.0,33.28,29172.0
2024-10-17,45.2,45.95,44.6,44.9,13034,EQ,451.0,28.9,9670.0
2024-10-18,45.25,45.3,44.0,44.1,16536,EQ,545.0,30.34,11657.0
2024-10-21,45.0,45.0,43.0,43.1,15674,EQ,590.0,26.57,12041.0
2024-10-22,44.2,45.1,42.45,44.0,19214,EQ,721.0,26.65,12356.0
2024-10-23,43.2,45.0,43.0,43.55,15917,EQ,371.0,42.9,9179.0
2024-10-24,42.7,44.55,42.7,43.75,14504,EQ,659.0,22.01,8253.0
2024-10-25,44.4,45.0,42.6,44.05,16876,EQ,645.0,26.16,10271.0
2024-10-28,43.8,44.0,42.6,43.0,9073,EQ,540.0,16.8,5616.0
2024-10-29,42.5,43.45,42.5,42.75,4947,EQ,362.0,13.67,2730.0
2024-10-30,43.6,44.5,42.3,43.8,13345,EQ,735.0,18.16,7358.0
2024-10-31,44.4,44.4,43.4,43.75,7368,EQ,395.0,18.65,4264.0
2024-11-01,43.75,44.4,43.2,43.9,5204,EQ,149.0,34.93,3872.0
2024-11-04,43.9,44.8,43.2,44.1,4752,EQ,331.0,14.36,2568.0
2024-11-05,43.65,45.1,43.35,44.75,13706,EQ,566.0,24.22,9622.0
2024-11-06,45.2,45.6,44.3,45.15,29057,EQ,792.0,36.69,24003.0
2024-11-07,45.4,45.65,44.35,44.85,13205,EQ,326.0,40.51,8148.0
2024-11-08,44.85,45.15,44.35,44.7,3858,EQ,211.0,18.28,2279.0
2024-11-11,44.1,44.5,43.4,43.45,6663,EQ,419.0,15.9,4129.0
2024-11-12,43.75,44.4,41.55,41.95,19465,EQ,799.0,24.36,12190.0
2024-11-13,42.15,42.6,41.35,41.9,18313,EQ,461.0,39.72,13484.0
2024-11-14,42.8,42.95,41.6,42.05,6978,EQ,334.0,20.89,2586.0
2024-11-18,43.0,43.0,42.2,42.35,5294,EQ,204.0,25.95,3228.0
2024-11-19,42.4,43.0,42.1,42.5,7211,EQ,285.0,25.3,3818.0
2024-11-21,42.0,42.35,41.25,41.65,13235,EQ,426.0,31.07,9563.0
2024-11-22,42.6,43.6,41.45,43.15,16314,EQ,426.0,38.3,10271.0
2024-11-25,43.15,43.55,42.25,42.6,15060,EQ,336.0,44.82,10726.0
2024-11-26,43.0,43.4,41.6,42.15,6673,EQ,232.0,28.76,4292.0
2024-11-27,42.2,42.6,42.2,42.3,3372,EQ,162.0,20.81,2222.0
2024-11-28,42.6,42.8,40.8,41.75,33906,EQ,1050.0,32.29,16730.0
2024-11-29,42.35,42.55,41.45,41.7,9019,EQ,382.0,23.61,5107.0
2024-12-02,41.7,42.4,41.6,42.15,10440,EQ,296.0,35.27,7407.0
2024-12-03,42.15,42.95,41.8,42.05,11047,EQ,319.0,34.63,6796.0
2024-12-04,42.4,42.6,41.0,42.05,26398,EQ,687.0,38.43,13615.0
2024-12-05,42.4,42.4,41.35,41.5,35430,EQ,790.0,44.85,25259.0
2024-12-06,42.0,42.05,40.8,41.2,41672,EQ,821.0,50.76,30400.0
2024-12-09,41.0,42.05,41.0,41.6,16623,EQ,467.0,35.6,11437.0
2024-12-10,41.3,42.7,41.2,42.15,32852,EQ,709.0,46.34,22715.0
2024-12-11,42.2,42.75,41.8,42.4,27119,EQ,425.0,63.81,21541.0
2024-12-12,42.6,42.9,41.8,41.85,12005,EQ,421.0,28.52,6323.0
2024-12-13,42.6,42.6,41.0,41.3,29483,EQ,659.0,44.74,16742.0
2024-12-16,41.8,41.8,40.6,40.9,26824,EQ,665.0,40.34,19328.0
2024-12-17,40.9,41.3,40.35,40.9,44929,EQ,1157.0,38.83,33800.0
2024-12-18,40.85,41.1,39.7,40.45,91537,EQ,1278.0,71.63,64017.0
2024-12-19,41.4,41.4,40.35,40.55,33196,EQ,567.0,58.55,24356.0
2024-12-20,40.95,41.3,40.2,40.5,39754,EQ,441.0,90.15,31528.0
2024-12-23,40.5,41.5,40.4,40.6,20523,EQ,319.0,64.34,14415.0
2024-12-24,41.1,41.1,39.9,40.4,96663,EQ,982.0,98.43,79984.0
2024-12-26,41.1,41.1,39.05,39.35,24171,EQ,667.0,36.24,15166.0
2024-12-27,39.6,41.2,39.0,39.45,49940,EQ,906.0,55.12,26417.0
2024-12-30,39.95,40.0,39.45,39.65,5608,EQ,221.0,25.38,4149.0
2024-12-31,40.2,40.2,39.35,40.05,3899,EQ,196.0,19.89,2160.0
2025-01-01,40.0,40.2,39.15,39.35,14792,EQ,631.0,23.44,9204.0
2025-01-02,39.7,39.9,38.85,39.4,18907,EQ,779.0,24.27,10522.0
2025-01-03,39.95,40.2,39.25,39.9,12645,EQ,551.0,22.95,7456.0
2025-01-06,40.6,40.6,38.25,38.95,18353,EQ,681.0,26.95,10026.0
2025-01-07,39.0,39.6,37.95,39.5,29575,EQ,851.0,34.75,16298.0
2025-01-08,39.5,39.9,38.1,38.25,21807,EQ,690.0,31.6,15694.0
2025-01-09,38.1,39.3,38.1,38.4,28624,EQ,801.0,35.74,18766.0
2025-01-10,38.6,38.6,37.6,38.0,16301,EQ,650.0,25.08,10826.0
2025-01-13,38.2,38.35,35.4,36.4,23823,EQ,678.0,35.14,12740.0
2025-01-14,36.8,37.4,36.35,37.05,13722,EQ,495.0,27.72,8991.0
2025-01-15,37.55,42.8,37.25,41.15,231405,EQ,4480.0,51.65,96306.0
2025-01-16,45.4,45.4,41.0,41.4,392298,EQ,6313.0,62.14,237016.0
2025-01-17,42.0,43.0,41.8,42.15,144025,EQ,2941.0,48.97,94881.0
2025-01-20,42.95,43.2,41.8,42.25,70277,EQ,1801.0,39.02,45097.0
2025-01-21,42.25,43.0,41.3,41.5,41169,EQ,1129.0,36.47,26993.0
2025-01-22,41.5,41.75,40.0,40.55,34855,EQ,981.0,35.53,22405.0
2025-01-23,40.8,41.6,39.65,40.1,33067,EQ,999.0,33.1,17959.0
2025-01-24,40.3,42.15,39.8,40.05,46473,EQ,1135.0,40.95,26082.0
2025-01-27,39.6,40.0,37.0,37.4,63620,EQ,1715.0,37.1,33433.0
2025-01-28,37.6,39.7,37.35,37.85,72677,EQ,1574.0,46.17,43760.0
2025-01-29,38.6,38.95,38.0,38.15,44480,EQ,961.0,46.29,28990.0
2025-01-30,38.2,39.3,38.0,39.1,95651,EQ,927.0,103.18,87419.0
2025-01-31,39.55,40.8,39.2,40.55,33423,EQ,774.0,43.18,23046.0
2025-02-01,40.6,41.4,39.4,40.55,26019,EQ,680.0,38.26,15061.0
2025-02-03,40.55,40.75,39.45,39.9,25228,EQ,577.0,43.72,17720.0
2025-02-04,40.6,41.0,39.9,40.05,32576,EQ,679.0,47.98,19659.0
2025-02-05,40.05,40.5,39.85,40.05,12530,EQ,403.0,31.09,8376.0
2025-02-06,40.55,40.65,39.9,40.2,17464,EQ,403.0,43.33,13611.0
2025-02-07,40.7,40.7,39.1,39.3,22962,EQ,483.0,47.54,14483.0
2025-02-10,39.65,39.65,38.65,39.3,14669,EQ,442.0,33.19,8719.0
2025-02-11,39.65,39.75,37.45,37.6,90404,EQ,916.0,98.69,77288.0
2025-02-12,37.25,37.9,35.4,37.0,45199,EQ,966.0,46.79,31926.0
2025-02-13,37.85,37.85,35.05,36.15,63106,EQ,1018.0,61.99,33615.0
2025-02-14,35.65,36.7,35.65,36.4,31385,EQ,1196.0,26.24,20171.0
2025-02-17,36.2,38.0,35.35,37.4,59197,EQ,1255.0,47.17,45762.0
2025-02-18,38.05,38.05,37.0,37.35,25039,EQ,654.0,38.29,17862.0
2025-02-19,37.9,38.55,36.3,38.15,36416,EQ,1012.0,35.98,19107.0
2025-02-20,37.2,37.95,36.1,37.6,30841,EQ,998.0,30.9,16096.0
2025-02-21,38.0,38.1,36.6,37.2,49896,EQ,3532.0,14.13,35147.0
2025-02-24,38.6,38.6,36.4,38.1,58859,EQ,1680.0,35.04,44038.0
2025-02-25,37.4,40.4,37.4,39.3,61109,EQ,948.0,64.46,43250.0
2025-02-27,39.3,40.8,38.6,40.65,78673,EQ,992.0,79.31,62837.0
2025-02-28,41.1,41.1,39.05,39.55,95896,EQ,3173.0,30.22,61303.0
2025-03-03,40.0,40.4,38.0,39.4,66539,EQ,2210.0,30.11,30281.0
2025-03-04,39.8,39.8,37.8,38.15,33938,EQ,1505.0,22.55,16559.0
2025-03-05,38.45,40.2,38.45,39.95,53614,EQ,930.0,57.65,38766.0
2025-03-06,40.3,40.9,39.95,40.3,30760,EQ,946.0,32.52,20054.0
2025-03-07,40.55,40.9,40.2,40.4,23596,EQ,747.0,31.59,13859.0
2025-03-10,40.0,41.8,40.0,41.45,95585,EQ,1224.0,78.09,78230.0
2025-03-11,39.85,43.05,39.85,42.85,143769,EQ,1780.0,80.77,101058.0
2025-03-12,42.45,43.9,41.55,42.75,240837,EQ,2988.0,80.6,175231.0
2025-03-13,43.6,43.6,42.5,43.0,25347,EQ,729.0,34.77,16843.0
2025-03-17,44.0,45.6,43.2,44.9,213680,EQ,2732.0,78.21,170797.0
2025-03-18,45.4,47.4,44.6,46.9,155026,EQ,2635.0,58.83,125746.0
2025-03-19,46.75,49.2,46.6,49.0,133044,EQ,2443.0,54.46,88719.0
2025-03-20,49.5,50.8,48.45,49.05,108036,EQ,5326.0,20.28,62725.0
2025-03-21,48.45,50.25,47.55,48.3,79010,EQ,3526.0,22.41,48694.0
2025-03-24,47.55,49.65,47.55,47.75,71282,EQ,2419.0,29.47,43496.0
2025-03-25,48.0,48.55,46.7,46.8,70525,EQ,1912.0,36.89,48963.0
2025-03-26,47.0,47.55,44.9,45.15,170606,EQ,3440.0,49.59,126742.0
2025-03-27,45.15,46.3,45.05,45.55,47419,EQ,2307.0,20.55,27183.0
2025-03-28,45.6,47.8,45.05,47.05,84506,EQ,2673.0,31.61,47624.0
2025-04-01,46.35,49.1,46.15,46.95,73341,EQ,2505.0,29.28,44078.0
2025-04-02,46.8,48.75,46.8,47.95,42760,EQ,1992.0,21.47,22656.0
2025-04-03,47.95,48.65,46.75,46.9,41453,EQ,1647.0,25.17,26272.0
2025-04-04,47.6,47.75,46.05,46.8,44617,EQ,1578.0,28.27,27858.0
2025-04-07,42.0,44.8,42.0,44.45,118608,EQ,2355.0,50.36,85186.0
2025-04-08,48.8,48.8,45.4,47.05,64750,EQ,2664.0,24.31,28351.0
2025-04-09,46.2,47.2,46.2,46.7,11519,EQ,925.0,12.45,4947.0
2025-04-11,47.0,49.0,47.0,48.45,103323,EQ,3145.0,32.85,65499.0
2025-04-15,48.9,51.0,48.3,50.3,229756,EQ,5732.0,40.08,142519.0
2025-04-16,50.8,51.6,49.55,50.55,103137,EQ,3676.0,28.06,56824.0
2025-04-17,50.45,53.9,50.4,53.6,197702,EQ,6393.0,30.92,106323.0
2025-04-21,54.2,54.95,52.85,53.65,201040,EQ,6006.0,33.47,108326.0
2025-04-22,53.7,55.2,53.7,54.15,119661,EQ,3449.0,34.69,72533.0
2025-04-23,54.6,54.9,53.25,54.35,65568,EQ,2899.0,22.62,37950.0
2025-04-24,54.0,55.9,53.35,55.4,134191,EQ,4735.0,28.34,75758.0
2025-04-25,55.4,56.15,53.1,54.3,119539,EQ,3515.0,34.01,79318.0
2025-04-28,54.2,56.45,54.2,55.8,151337,EQ,5078.0,29.8,90926.0
2025-04-29,56.35,57.4,55.25,56.4,133342,EQ,4472.0,29.82,74830.0
2025-04-30,56.9,57.2,55.65,56.45,106913,EQ,2783.0,38.42,66246.0
2025-05-02,56.9,59.25,56.65,58.15,187159,EQ,5413.0,34.58,118001.0
2025-05-05,59.8,60.2,58.8,59.65,344601,EQ,5907.0,58.34,241978.0
2025-05-06,59.95,60.75,58.35,60.1,282024,EQ,4972.0,56.72,159903.0
2025-05-07,61.4,61.4,59.6,60.2,393092,EQ,6383.0,61.58,230329.0
2025-05-08,60.7,69.75,59.05,67.65,2075477,EQ,38149.0,54.4,653199.0
2025-05-09,66.8,70.65,65.45,67.65,463527,EQ,24814.0,18.68,171628.0
2025-05-12,69.75,71.0,66.65,69.85,421405,EQ,21139.0,19.93,183494.0
2025-05-13,69.95,72.9,69.05,72.5,432879,EQ,18918.0,22.88,208663.0
2025-05-14,73.4,74.3,69.4,71.05,380597,EQ,16754.0,22.72,170373.0
2025-05-15,71.25,75.0,69.15,72.45,294969,EQ,13738.0,21.47,105616.0
2025-05-16,72.75,74.4,69.7,70.45,305923,EQ,12974.0,23.58,117428.0
2025-05-19,70.45,72.4,69.75,70.3,198983,EQ,11429.0,17.41,87720.0
2025-05-20,71.2,71.5,69.9,70.65,105826,EQ,6491.0,16.3,58108.0
2025-05-21,69.6,76.75,69.6,75.95,704382,EQ,26131.0,26.96,296090.0
2025-05-22,77.0,77.55,74.3,75.45,269442,EQ,19642.0,13.72,106940.0
2025-05-23,76.0,77.65,75.35,76.35,321704,EQ,21638.0,14.87,101652.0
2025-05-26,77.8,80.0,76.25,79.4,415307,EQ,19769.0,21.01,199598.0
2025-05-27,80.05,84.45,78.85,80.6,402782,EQ,20582.0,19.57,142812.0
2025-05-28,81.85,81.85,78.6,79.6,306689,EQ,18633.0,16.46,169157.0
2025-05-29,79.3,81.0,78.05,79.25,216053,EQ,9007.0,23.99,114099.0
2025-05-30,79.0,79.6,73.25,74.95,415485,EQ,24603.0,16.89,201359.0
2025-06-02,75.2,81.95,75.1,80.75,451416,EQ,23058.0,19.58,211666.0
2025-06-03,82.4,86.0,80.0,80.75,678626,EQ,26803.0,25.32,360449.0
2025-06-04,81.05,85.8,80.8,84.95,295745,EQ,12807.0,23.09,163969.0
2025-06-05,86.9,89.8,86.1,89.25,297934,EQ,12296.0,24.23,180932.0
2025-06-06,89.6,89.8,87.3,89.05,126900,EQ,7696.0,16.49,58220.0
2025-06-09,89.4,95.0,89.2,94.7,377024,EQ,19258.0,19.58,138738.0
2025-06-10,95.0,95.0,91.8,92.15,220905,EQ,13094.0,16.87,90281.0
2025-06-11,92.4,93.9,90.7,90.95,153803,EQ,9532.0,16.14,84001.0
2025-06-12,92.35,99.55,91.2,98.8,701399,EQ,30760.0,22.8,319755.0
2025-06-13,98.0,100.8,95.9,97.8,274458,EQ,15165.0,18.1,87123.0
2025-06-16,98.0,103.0,97.65,102.45,351742,EQ,14179.0,24.81,152207.0
2025-06-17,103.6,103.75,98.7,99.45,235724,EQ,10376.0,22.72,132129.0
2025-06-18,99.35,102.2,95.65,101.25,324450,EQ,15226.0,21.31,127862.0
2025-06-19,102.0,106.0,99.0,101.75,408847,EQ,22095.0,18.5,126857.0
2025-06-20,101.8,102.3,98.6,101.85,128928,EQ,9613.0,13.41,39391.0
2025-06-23,101.0,106.4,100.2,105.55,282885,EQ,12725.0,22.23,148475.0
2025-06-24,107.2,108.8,103.0,104.15,262567,EQ,12356.0,21.25,121979.0
2025-06-25,104.2,105.95,102.4,103.05,221268,EQ,9696.0,22.82,98095.0
2025-06-26,103.05,103.6,97.25,101.6,271142,EQ,15802.0,17.16,104097.0
2025-06-27,101.0,103.0,101.0,102.25,104671,EQ,5728.0,18.27,36184.0
2025-06-30,102.4,102.95,98.2,99.8,142766,EQ,11515.0,12.4,67450.0
2025-07-01,99.0,101.55,98.4,99.15,105842,EQ,6562.0,16.13,48700.0
2025-07-02,98.2,102.0,97.0,99.5,174172,EQ,10227.0,17.03,74331.0
2025-07-03,99.0,99.55,97.05,97.55,110371,EQ,6283.0,17.57,57527.0
2025-07-04,97.55,97.6,87.25,89.4,414797,EQ,21565.0,19.23,218582.0
2025-07-07,87.2,88.95,82.4,83.45,380127,EQ,21196.0,17.93,198426.0
2025-07-08,83.35,86.55,82.8,85.2,241579,EQ,11644.0,20.75,129102.0
2025-07-09,85.8,89.2,85.65,88.65,272288,EQ,11443.0,23.8,153331.0
2025-07-10,89.7,90.25,85.85,86.8,169334,EQ,8415.0,20.12,92259.0
2025-07-11,86.4,88.0,85.7,87.5,103309,EQ,6084.0,16.98,50508.0
2025-07-14,88.6,94.0,87.65,92.25,349983,EQ,18333.0,19.09,147763.0
2025-07-15,92.9,96.95,91.1,96.45,294046,EQ,13270.0,22.16,138166.0
2025-07-16,97.0,98.0,95.3,96.55,170355,EQ,8695.0,19.59,86064.0
2025-07-17,96.9,102.2,95.7,98.6,606016,EQ,25406.0,23.85,205976.0
2025-07-18,101.6,102.0,95.5,97.25,348252,EQ,13175.0,26.43,168497.0
2025-07-21,97.0,100.95,94.0,100.3,311534,EQ,10237.0,30.43,167294.0
2025-07-22,100.8,100.95,98.6,99.05,121213,EQ,6491.0,18.67,57900.0
2025-07-23,99.05,99.35,97.4,98.6,102996,EQ,4203.0,24.51,51878.0
2025-07-24,99.0,105.2,98.95,104.35,577072,EQ,22952.0,25.14,274635.0
2025-07-25,105.2,106.4,102.8,104.9,224908,EQ,10234.0,21.98,108986.0
2025-07-28,105.8,105.8,100.65,102.9,239390,EQ,11092.0,21.58,128622.0
2025-07-29,103.0,109.8,101.85,108.8,346207,EQ,13051.0,26.53,187760.0
2025-07-30,110.4,111.0,107.25,110.5,273002,EQ,11875.0,22.99,132883.0
2025-07-31,107.0,117.0,106.6,111.75,633255,EQ,28932.0,21.89,223179.0
2025-08-01,112.8,113.6,107.0,107.45,186475,EQ,9537.0,19.55,107803.0
2025-08-04,107.6,111.8,107.6,110.35,129874,EQ,9395.0,13.82,65830.0
2025-08-05,111.5,111.5,108.6,110.25,76749,EQ,4556.0,16.85,38181.0
2025-08-06,111.2,113.0,106.6,107.65,141033,EQ,7753.0,18.19,68018.0
2025-08-07,107.0,107.0,101.45,102.5,238802,EQ,10831.0,22.05,151948.0
2025-08-08,103.4,104.45,101.1,102.8,115774,EQ,6056.0,19.12,55416.0
2025-08-11,103.6,107.8,102.1,107.35,127265,EQ,6215.0,20.48,75741.0
2025-08-12,107.6,107.75,103.55,105.9,105935,EQ,6136.0,17.26,53815.0
2025-08-13,104.0,110.0,103.2,107.75,150981,EQ,7307.0,20.66,74182.0
2025-08-14,108.0,109.75,104.65,108.9,167116,EQ,7021.0,23.8,86728.0
2025-08-18,109.35,112.8,106.9,112.55,317571,EQ,8876.0,35.78,191170.0
2025-08-19,112.75,115.6,111.6,114.95,184923,EQ,6512.0,28.4,117284.0
2025-08-20,115.15,117.1,112.9,116.6,283507,EQ,10026.0,28.28,167686.0
2025-08-21,116.55,119.2,115.5,118.7,211682,EQ,6626.0,31.95,134273.0
2025-08-22,117.8,121.0,117.3,120.4,224094,EQ,6894.0,32.51,144024.0
2025-08-25,123.8,123.8,118.05,119.1,296681,EQ,12567.0,23.61,168261.0
2025-08-26,119.1,120.0,116.0,117.55,121734,EQ,7107.0,17.13,48834.0
2025-08-28,116.2,118.2,113.15,116.3,136030,EQ,8972.0,15.16,71172.0
2025-08-29,116.3,116.9,115.0,115.55,67615,EQ,3346.0,20.21,45457.0
2025-09-01,116.4,117.95,115.55,117.85,97183,EQ,4098.0,23.71,65863.0
2025-09-02,118.6,119.65,114.2,114.65,178079,EQ,9379.0,18.99,92643.0
2025-09-03,115.6,118.85,115.25,116.4,120737,EQ,6079.0,19.86,68865.0
2025-09-04,116.55,120.0,114.55,115.3,192408,EQ,9464.0,20.33,70914.0
2025-09-05,116.0,116.1,110.7,113.2,135767,EQ,7060.0,19.23,78211.0
2025-09-08,115.0,115.0,109.25,110.05,207345,EQ,8689.0,23.86,124181.0
2025-09-09,109.2,112.3,109.2,111.25,91356,EQ,4059.0,22.51,52776.0
2025-09-10,110.4,113.8,107.85,113.15,134389,EQ,5305.0,25.33,81502.0
2025-09-11,114.0,116.6,113.65,115.8,215008,EQ,6935.0,31.0,156305.0
2025-09-12,116.95,117.05,109.65,110.65,213457,EQ,13054.0,16.35,121796.0
2025-09-15,110.1,111.8,108.55,111.05,108413,EQ,5475.0,19.8,64890.0
2025-09-16,110.95,111.9,109.05,111.25,93206,EQ,4418.0,21.1,46434.0
2025-09-17,111.25,114.95,109.2,113.7,141101,EQ,5894.0,23.94,75974.0
2025-09-18,114.95,115.0,110.65,112.1,122698,EQ,5858.0,20.95,58220.0
2025-09-19,111.95,112.15,108.5,109.4,75636,EQ,3943.0,19.18,50522.0
2025-09-22,109.4,109.9,107.4,107.9,93384,EQ,4115.0,22.69,66194.0
2025-09-23,107.6,109.2,106.2,107.0,76168,EQ,4616.0,16.5,47635.0
2025-09-24,107.0,108.9,105.2,108.0,94900,EQ,4190.0,22.65,57647.0
2025-09-25,108.4,110.0,107.35,109.3,47727,EQ,1988.0,24.01,34301.0
2025-09-26,109.1,109.6,105.0,106.1,120294,EQ,4499.0,26.74,89242.0
2025-09-29,104.2,105.2,90.2,92.55,963833,EQ,44532.0,21.64,534923.0
2025-09-30,91.35,94.8,89.6,90.15,266970,EQ,17426.0,15.32,137684.0
2025-10-01,91.0,91.0,86.2,88.55,426208,EQ,20628.0,20.66,219219.0
2025-10-03,87.4,93.2,87.4,92.75,238209,EQ,8930.0,26.68,144318.0
2025-10-06,92.75,98.3,92.75,97.85,251308,EQ,12170.0,20.65,141386.0
2025-10-07,99.6,100.15,96.4,99.8,204375,EQ,9388.0,21.77,107816.0
2025-10-08,100.0,104.9,98.75,104.25,212065,EQ,9989.0,21.23,102347.0
2025-10-09,105.15,110.35,105.15,109.9,263497,EQ,10656.0,24.73,134628.0
2025-10-10,110.4,114.8,109.8,114.1,296126,EQ,12946.0,22.87,146476.0
2025-10-13,114.5,117.25,112.0,115.4,917327,EQ,33246.0,27.59,275777.0
2025-10-14,116.4,117.0,110.15,111.15,334422,EQ,15078.0,22.18,146721.0
2025-10-15,112.0,114.0,110.0,113.65,171821,EQ,8797.0,19.53,79460.0
2025-10-16,115.95,116.55,113.15,114.0,175096,EQ,8476.0,20.66,70397.0
2025-10-17,114.95,114.95,113.0,113.5,85524,EQ,4674.0,18.3,38634.0
2025-10-20,113.5,118.0,112.95,116.85,396937,EQ,12751.0,31.13,231086.0
2025-10-21,117.35,120.0,116.75,117.55,157823,EQ,5500.0,28.7,96801.0
2025-10-23,119.6,119.6,106.0,107.35,477328,EQ,18186.0,26.25,236921.0
2025-10-24,106.0,107.0,102.3,103.8,260656,EQ,10991.0,23.72,127167.0
2025-10-27,102.3,106.25,102.3,103.9,155210,EQ,6609.0,23.48,83171.0
2025-10-28,103.8,104.35,101.95,102.4,94977,EQ,5680.0,16.72,50969.0
2025-10-29,102.6,103.4,100.45,100.75,87228,EQ,3190.0,27.34,53288.0
2025-10-30,103.2,104.6,101.0,101.95,193831,EQ,5520.0,35.11,96717.0
2025-10-31,102.35,102.55,100.6,101.0,56716,EQ,2116.0,26.8,32382.0
2025-11-03,99.6,102.55,99.6,100.55,124858,EQ,3281.0,38.05,82223.0
2025-11-04,101.1,102.35,100.15,101.15,41086,EQ,1527.0,26.91,24392.0
2025-11-06,101.0,102.75,99.75,101.8,84975,EQ,2979.0,28.52,40451.0
2025-11-07,101.8,103.2,100.25,101.55,68353,EQ,2067.0,33.07,35832.0
2025-11-10,101.2,101.7,99.6,100.1,82629,EQ,3128.0,26.42,48575.0
2025-11-11,100.35,101.95,98.3,101.65,121835,EQ,3431.0,35.51,75988.0
2025-11-12,102.2,107.0,99.25,105.8,194522,EQ,4354.0,44.68,134095.0
2025-11-13,105.9,106.4,102.8,103.4,119859,EQ,3972.0,30.18,67805.0
2025-11-14,102.4,105.4,102.4,103.55,31054,EQ,1476.0,21.04,15109.0
2025-11-17,105.2,105.2,103.4,104.1,55858,EQ,1987.0,28.11,32851.0
2025-11-18,104.1,105.0,103.4,104.35,36311,EQ,1243.0,29.21,21104.0
2025-11-19,105.2,108.4,102.75,104.6,119074,EQ,3762.0,31.65,41366.0
2025-11-20,105.45,106.5,103.2,105.45,63385,EQ,2061.0,30.75,37998.0
2025-11-21,104.4,106.2,101.6,102.45,34069,EQ,1330.0,25.62,20311.0
2025-11-24,101.6,102.4,100.25,102.25,68839,EQ,2240.0,30.73,45304.0
2025-11-25,102.55,102.55,99.4,100.35,36950,EQ,1759.0,21.01,22634.0
2025-11-26,100.15,101.65,100.15,101.05,28237,EQ,1316.0,21.46,16709.0
2025-11-27,101.45,101.7,99.95,100.35,14911,EQ,821.0,18.16,8812.0
2025-11-28,100.45,101.2,99.8,100.05,34493,EQ,940.0,36.69,23226.0
2025-12-01,100.15,101.0,99.2,100.4,34360,EQ,1195.0,28.75,21766.0
2025-12-02,99.9,100.0,98.7,99.65,30166,EQ,1165.0,25.89,19894.0
2025-12-03,99.0,101.3,98.2,99.7,57906,EQ,1694.0,34.18,32475.0
2025-12-04,100.2,100.95,98.85,99.15,24247,EQ,851.0,28.49,15121.0
2025-12-05,98.2,99.95,97.6,99.45,37867,EQ,1360.0,27.84,18300.0
2025-12-08,98.0,98.95,95.05,95.4,56191,EQ,2719.0,20.67,33874.0
2025-12-09,95.4,100.4,94.0,99.15,104326,EQ,3011.0,34.65,58021.0
2025-12-10,98.65,102.0,98.65,100.2,64313,EQ,2720.0,23.64,27416.0
2025-12-11,100.0,105.7,99.5,104.8,126061,EQ,3457.0,36.47,79982.0
2025-12-12,105.15,107.75,103.75,105.3,153247,EQ,4377.0,35.01,86821.0
2025-12-15,105.25,107.0,104.0,106.45,92424,EQ,2207.0,41.88,62022.0
2025-12-16,106.25,109.5,105.85,107.7,211304,EQ,5790.0,36.49,116335.0
2025-12-17,108.15,108.6,105.0,105.65,57811,EQ,2135.0,27.08,28601.0
2025-12-18,105.05,105.05,102.4,104.0,52391,EQ,2723.0,19.24,27112.0
2025-12-19,104.2,106.0,101.9,103.7,59174,EQ,3100.0,19.09,17846.0
2025-12-22,103.7,108.4,103.7,107.75,113189,EQ,3502.0,32.32,75860.0
2025-12-23,108.75,109.55,106.5,107.85,88466,EQ,3108.0,28.46,47468.0
2025-12-24,108.95,108.95,106.2,106.7,32256,EQ,1422.0,22.68,16559.0
2025-12-26,107.05,108.25,106.35,107.8,40597,EQ,1839.0,22.08,20602.0
2025-12-29,107.95,109.55,106.6,107.05,70554,EQ,2900.0,24.33,36642.0
2025-12-30,107.15,108.3,105.4,107.85,69749,EQ,2954.0,23.61,34861.0
2025-12-31,107.85,110.2,105.4,106.45,188219,EQ,4593.0,40.98,87203.0
2026-01-01,106.45,107.25,103.4,104.45,65959,EQ,2278.0,28.95,38384.0
2026-01-02,104.85,105.8,104.15,105.6,38854,EQ,1504.0,25.83,23124.0
2026-01-05,105.85,106.6,103.8,104.7,54671,EQ,2631.0,20.78,26408.0
2026-01-06,105.0,105.0,103.05,103.5,40363,EQ,1529.0,26.4,25306.0
2026-01-07,103.9,106.0,103.75,104.5,28672,EQ,1163.0,24.65,14373.0
2026-01-08,105.0,105.65,102.45,103.2,36566,EQ,1567.0,23.34,18918.0
2026-01-09,103.8,103.8,100.0,100.4,62246,EQ,2663.0,23.37,36519.0
2026-01-12,100.9,101.0,97.15,98.7,249697,EQ,8482.0,29.44,98293.0
2026-01-13,99.9,103.95,97.2,99.8,195644,EQ,6425.0,30.45,72813.0
2026-01-14,100.0,100.55,97.3,97.85,39888,EQ,1817.0,21.95,23156.0
2026-01-16,98.4,98.75,95.6,96.3,108489,EQ,3243.0,33.45,49983.0
2026-01-19,95.8,96.8,94.4,96.3,58543,EQ,1973.0,29.67,34405.0
2026-01-20,96.1,96.3,93.0,94.1,41690,EQ,1404.0,29.69,27504.0
2026-01-21,92.05,94.35,91.2,94.1,118202,EQ,3315.0,35.66,73936.0
2026-01-22,93.6,99.0,93.6,97.9,124350,EQ,3021.0,41.16,78294.0
2026-01-23,99.55,101.0,95.1,96.9,111153,EQ,3488.0,31.87,54714.0
2026-01-27,96.8,97.45,93.4,93.9,69067,EQ,2960.0,23.33,41647.0
2026-01-28,95.4,98.15,94.35,97.35,84125,EQ,2307.0,36.47,53382.0
2026-01-29,97.8,97.8,94.8,95.2,35715,EQ,1142.0,31.27,22936.0
2026-01-30,95.55,97.3,93.35,97.0,112518,EQ,3021.0,37.25,74857.0
2026-02-01,96.4,96.4,90.85,93.6,87826,EQ,2547.0,34.48,52303.0
2026-02-02,94.15,95.5,91.8,95.2,116976,EQ,2282.0,51.26,73789.0
2026-02-03,97.8,98.6,95.05,96.4,205379,EQ,2671.0,76.89,153034.0
2026-02-04,96.4,96.5,94.05,95.15,56778,EQ,1645.0,34.52,34950.0
2026-02-05,95.2,96.6,94.6,95.65,64169,EQ,1643.0,39.06,42012.0
2026-02-06,94.4,99.0,93.85,98.4,86488,EQ,2339.0,36.98,54953.0
2026-02-09,99.8,101.8,98.6,100.4,147745,EQ,2947.0,50.13,103339.0
2026-02-10,101.0,103.4,100.1,102.8,91385,EQ,2111.0,43.29,48870.0
2026-02-11,103.0,104.9,101.6,104.15,164316,EQ,2903.0,56.6,89332.0
2026-02-12,104.15,106.95,103.05,105.55,121712,EQ,3003.0,40.53,66771.0
2026-02-13,105.25,105.25,101.9,102.5,52105,EQ,2218.0,23.49,27451.0
2026-02-16,101.4,104.0,98.0,103.6,124687,EQ,2841.0,43.89,68145.0
2026-02-17,104.0,107.55,103.8,106.15,259679,EQ,5046.0,51.46,154646.0
2026-02-18,105.4,107.2,104.45,106.4,139734,EQ,2731.0,51.17,80313.0
2026-02-19,106.25,106.85,100.05,102.2,183763,EQ,4023.0,45.68,92390.0
2026-02-20,101.7,102.8,100.05,100.6,69872,EQ,2006.0,34.83,28557.0
2026-02-23,101.15,101.5,100.0,101.1,52935,EQ,1614.0,32.8,27494.0
2026-02-24,100.6,101.1,98.7,99.75,32287,EQ,1552.0,20.8,13563.0
2026-02-25,99.6,100.5,98.2,98.95,27498,EQ,1033.0,26.62,15463.0
2026-02-26,98.95,99.65,98.0,98.55,22361,EQ,941.0,23.76,11351.0
2026-02-27,98.0,98.75,96.65,96.85,40933,EQ,1524.0,26.86,22584.0
2026-03-02,92.2,96.0,92.2,94.45,66645,EQ,2576.0,25.87,38816.0
2026-03-04,92.0,94.35,92.0,93.0,41027,EQ,2150.0,19.08,21406.0
2026-03-05,93.0,95.6,92.6,95.2,36362,EQ,1127.0,32.26,19920.0
2026-03-06,93.75,98.05,93.75,97.35,37343,EQ,1169.0,31.94,21083.0
2026-03-09,95.0,96.8,94.3,95.45,26251,EQ,1146.0,22.91,17268.0
2026-03-10,95.95,100.0,95.0,99.85,124966,EQ,3019.0,41.39,75358.0
2026-03-11,101.0,101.0,98.65,99.15,23371,EQ,947.0,24.68,10490.0
2026-03-12,97.65,101.8,97.2,101.5,86717,EQ,2062.0,42.05,56754.0
2026-03-13,100.15,101.15,94.25,96.55,53508,EQ,1617.0,33.09,28137.0
2026-03-16,97.6,97.6,93.7,94.85,31264,EQ,1426.0,21.92,14087.0
2026-03-17,96.0,96.2,94.25,94.9,26583,EQ,1242.0,21.4,13020.0
2026-03-18,94.9,98.2,94.3,97.85,58541,EQ,1661.0,35.24,37058.0
2026-03-19,96.35,96.65,94.1,95.1,72719,EQ,2214.0,32.85,43837.0
2026-03-20,95.2,98.8,95.0,97.45,67229,EQ,1679.0,40.04,35943.0
2026-03-23,96.0,96.0,93.25,93.8,62559,EQ,2182.0,28.67,34272.0
2026-03-24,96.0,97.7,93.5,95.85,227667,EQ,3606.0,63.14,163628.0
2026-03-25,96.0,99.2,95.4,96.4,309929,EQ,3575.0,86.69,230641.0
2026-03-27,95.6,97.85,95.6,96.25,84156,EQ,2097.0,40.13,48809.0
2026-03-30,95.3,96.95,93.0,94.15,76691,EQ,2291.0,33.47,43833.0
2026-04-01,97.0,100.75,95.15,99.65,78426,EQ,2266.0,34.61,46691.0
2026-04-02,98.8,109.0,96.4,107.85,428423,EQ,7935.0,53.99,243610.0
2026-04-06,109.15,114.4,109.1,110.9,383191,EQ,10895.0,35.17,178548.0
2026-04-07,111.55,115.95,109.6,114.55,408886,EQ,9181.0,44.54,238915.0
2026-04-08,117.0,121.0,116.0,119.8,486371,EQ,10637.0,45.72,278967.0
2026-04-09,120.8,123.8,116.1,116.85,350740,EQ,7404.0,47.37,161553.0
2026-04-10,119.0,119.6,113.0,114.45,264810,EQ,7076.0,37.42,137404.0
2026-04-13,112.2,119.1,111.2,116.05,329201,EQ,8768.0,37.55,136595.0
2026-04-15,118.8,125.4,118.0,122.1,600994,EQ,14416.0,41.69,304825.0
2026-04-16,124.0,128.8,122.2,128.05,645794,EQ,16536.0,39.05,344622.0
2026-04-17,129.6,131.55,123.4,125.2,412125,EQ,14131.0,29.16,212213.0
2026-04-20,125.2,128.8,123.2,127.75,264395,EQ,8104.0,32.63,144880.0
2026-04-21,128.75,129.6,124.25,124.75,245002,EQ,8490.0,28.86,122565.0
2026-04-22,124.75,128.7,124.75,127.7,189648,EQ,6311.0,30.05,108946.0
2026-04-23,128.45,130.2,125.65,127.05,144974,EQ,5696.0,25.45,60204.0
2026-04-24,128.5,131.0,126.0,127.65,264846,EQ,8561.0,30.94,103331.0
2026-04-27,129.8,139.6,126.2,137.35,884487,EQ,20510.0,43.12,438221.0
2026-04-28,139.6,140.8,133.1,133.8,377603,EQ,12022.0,31.41,185348.0
2026-04-29,134.45,134.85,119.75,121.0,997534,EQ,31588.0,31.58,515731.0
2026-04-30,121.05,124.0,118.8,120.0,294736,EQ,9975.0,29.55,118193.0
2026-05-04,120.25,123.1,117.0,122.2,361539,EQ,11130.0,32.48,167758.0
2026-05-05,123.0,127.4,122.6,126.8,401745,EQ,10918.0,36.8,216383.0
2026-05-06,129.0,135.0,125.1,132.8,338236,EQ,7932.0,42.64,204923.0
2026-05-07,135.0,136.4,132.9,136.1,310977,EQ,7810.0,39.82,171502.0
2026-05-08,136.4,140.8,136.4,140.4,619046,EQ,9021.0,68.62,376003.0
2026-05-11,141.25,142.5,133.5,136.1,504117,EQ,11393.0,44.25,248729.0
2026-05-12,136.0,139.0,134.0,136.35,210620,EQ,6174.0,34.11,100373.0
2026-05-13,136.2,139.0,134.6,135.5,279001,EQ,6192.0,45.06,134100.0
2026-05-14,136.6,140.0,136.4,137.8,481659,EQ,8020.0,60.06,264243.0
2026-05-15,138.6,139.6,132.8,133.95,283490,EQ,6851.0,41.38,132871.0
2026-05-18,133.6,134.0,129.6,133.1,175465,EQ,6314.0,27.79,76244.0
2026-05-19,133.8,136.75,132.15,136.35,110206,EQ,4121.0,26.74,54872.0
2026-05-20,135.2,137.8,133.6,136.85,119154,EQ,3629.0,32.83,54968.0
2026-05-21,138.4,140.8,135.2,140.5,618608,EQ,12315.0,50.23,325158.0
2026-05-22,142.2,143.7,132.3,133.35,600612,EQ,15117.0,39.73,270917.0
2026-05-25,134.75,135.95,130.4,133.35,290982,EQ,7224.0,40.28,128531.0
2026-05-26,133.2,136.8,132.0,134.5,305547,EQ,5499.0,55.56,100652.0
2026-05-27,136.15,140.0,133.25,136.2,365175,EQ,8054.0,45.34,170019.0
2026-05-29,138.0,138.4,132.7,133.6,165182,EQ,4788.0,34.5,76177.0
2026-06-01,134.0,137.6,132.85,135.95,261428,EQ,7258.0,36.02,128605.0
2026-06-02,135.6,138.4,134.25,137.3,309341,EQ,7762.0,39.85,195149.0
2026-06-03,138.8,139.75,135.0,136.55,190922,EQ,6658.0,28.68,76521.0
2026-06-04,136.55,139.1,135.75,136.9,198629,EQ,5926.0,33.52,97055.0
2026-06-05,136.9,138.0,132.8,133.35,248114,EQ,6106.0,40.63,119854.0
2026-06-08,132.0,133.0,129.95,132.2,129879,EQ,5017.0,25.89,60572.0
2026-06-09,134.0,135.9,130.0,135.55,106900,EQ,3621.0,29.52,47985.0
2026-06-10,135.8,138.2,132.6,133.1,156245,EQ,4543.0,34.39,63531.0
2026-06-11,132.2,136.0,131.6,133.35,124735,EQ,4608.0,27.07,54059.0
2026-06-12,135.65,136.5,133.35,134.7,142282,EQ,4155.0,34.24,66212.0
2026-06-15,136.0,138.15,134.7,135.3,157862,EQ,3871.0,40.78,73886.0
2026-06-16,135.35,138.0,134.5,136.1,140232,EQ,4374.0,32.06,68359.0
2026-06-17,136.3,137.45,135.05,135.7,62049,EQ,2546.0,24.37,35302.0
2026-06-18,136.1,138.0,135.1,137.35,176426,EQ,4211.0,41.9,97813.0
2026-06-19,137.6,139.95,135.0,135.9,338324,EQ,9288.0,36.43,124711.0
2026-06-22,135.7,137.4,135.2,135.7,93437,EQ,3130.0,29.85,55520.0
2026-06-23,136.4,137.6,135.4,135.95,112140,EQ,2994.0,37.45,41278.0
2026-06-24,135.6,148.0,135.0,146.8,1938029,EQ,41294.0,46.93,713644.0
2026-06-25,149.6,149.7,144.15,144.9,589535,EQ,14229.0,41.43,254736.0
2026-06-29,146.4,146.75,132.0,136.4,746272,EQ,23486.0,31.78,333383.0
2026-06-30,136.4,139.7,135.6,137.6,204834,EQ,7817.0,26.2,97237.0
2026-07-01,137.75,142.1,133.0,139.55,362021,EQ,10222.0,35.42,181170.0
2026-07-02,139.9,144.5,139.9,142.7,525842,EQ,12099.0,43.46,321401.0
2026-07-03,145.0,152.3,142.4,151.85,1186694,EQ,14140.0,83.92,610936.0
2026-07-06,151.0,151.0,140.25,147.1,1221642,EQ,11027,110.79,483985
2026-07-07,146.05,146.3,126.55,129.4,3597084,EQ,30819,116.72,1745079
2026-07-08,127.9,134.6,126.25,128.75,1292320,EQ,13787,93.73,510049
2026-07-09,129.7,139.25,129.65,138.15,1381914,EQ,12544,110.17,636496
2026-07-10,139.0,141.35,138.5,140.2,696242,EQ,6316,110.23,383133
2026-07-13,140.4,141.6,136.3,139.0,1444389,EQ,12911,111.87,446945
2026-07-14,137.85,138.2,133.05,136.2,792981,EQ,6661,119.05,451943
2026-07-15,137.6,138.5,135.5,137.4,345124,EQ,3329,103.67,166857
2026-07-16,137.0,141.05,134.0,140.25,874176,EQ,5735,152.43,469411
2026-07-17,140.0,142.25,139.0,140.45,601241,EQ,5028,119.58,317305
2026-07-20,140.95,148.0,139.55,145.3,1705574,EQ,10759,158.53,984919
2026-07-21,145.9,145.9,141.55,142.85,500821,EQ,4638,107.98,248112
2026-07-22,142.85,145.95,136.3,143.65,3031426,EQ,13144,230.63,1805465
2026-07-23,143.6,157.4,143.45,155.75,4701400,EQ,30385,154.73,2683070
2026-07-24,153.5,163.95,149.6,162.05,3503242,EQ,21480,163.09,1719765
