Date,Open,High,Low,Close,Volume,Series,TOTAL_TRADES,QTY_PER_TRADE,DLV_QTY
2016-09-12,1.35,1.45,1.3,1.45,1716000,SM,,,
2016-09-14,1.55,1.6,1.5,1.55,1176000,SM,,,
2016-09-15,1.5,1.55,1.5,1.5,486000,SM,,,
2016-09-16,1.55,1.55,1.5,1.5,252000,SM,,,
2016-09-19,1.5,1.6,1.5,1.55,402000,SM,,,
2016-09-20,1.55,1.55,1.55,1.55,60000,SM,,,
2016-09-21,1.55,1.55,1.55,1.55,30000,SM,,,
2016-09-22,1.55,1.55,1.55,1.55,84000,SM,,,
2016-09-23,1.55,1.55,1.55,1.55,96000,SM,,,
2016-09-26,1.55,1.55,1.5,1.5,42000,SM,,,
2016-09-27,1.5,1.5,1.5,1.5,120000,SM,,,
2016-09-28,1.5,1.5,1.5,1.5,36000,SM,,,
2016-09-29,1.5,1.5,1.45,1.45,144000,SM,,,
2016-09-30,1.5,1.5,1.5,1.5,24000,SM,,,
2016-10-03,1.5,1.5,1.5,1.5,48000,SM,,,
2016-10-04,1.5,1.5,1.5,1.5,42000,SM,,,
2016-10-05,1.6,1.6,1.55,1.55,30000,SM,,,
2016-10-06,1.5,1.5,1.5,1.5,18000,SM,,,
2016-10-07,1.55,1.65,1.55,1.65,84000,SM,,,
2016-10-10,1.7,1.8,1.7,1.8,96000,SM,,,
2016-10-13,1.8,1.85,1.7,1.7,54000,SM,,,
2016-10-14,1.8,1.8,1.8,1.8,12000,SM,,,
2016-10-17,1.85,1.9,1.8,1.8,210000,SM,,,
2016-10-18,1.9,1.9,1.8,1.8,30000,SM,,,
2016-10-19,1.8,1.8,1.8,1.8,18000,SM,,,
2016-10-20,1.8,1.85,1.8,1.85,36000,SM,,,
2016-10-21,1.85,1.85,1.85,1.85,48000,SM,,,
2016-10-24,1.85,1.85,1.85,1.85,24000,SM,,,
2016-10-25,1.8,1.85,1.8,1.85,18000,SM,,,
2016-10-26,1.85,1.9,1.85,1.9,36000,SM,,,
2016-10-27,1.95,1.95,1.9,1.9,24000,SM,,,
2016-10-30,2.1,2.1,1.95,1.95,42000,SM,,,
2016-11-01,2.0,2.05,2.0,2.0,24000,SM,,,
2016-11-02,2.0,2.0,2.0,2.0,6000,SM,,,
2016-11-03,2.05,2.4,2.05,2.3,114000,SM,,,
2016-11-04,2.4,2.4,2.1,2.2,54000,SM,,,
2016-11-07,2.25,2.35,2.25,2.35,36000,SM,,,
2016-11-08,2.4,2.4,2.35,2.35,66000,SM,,,
2016-11-09,2.05,2.15,1.9,2.15,156000,SM,,,
2016-11-10,2.25,2.25,2.15,2.15,24000,SM,,,
2016-11-11,2.35,2.35,2.35,2.35,6000,SM,,,
2016-11-15,2.05,2.1,2.0,2.05,108000,SM,,,
2016-11-16,1.95,2.0,1.95,2.0,36000,SM,,,
2016-11-17,2.0,2.0,1.95,1.95,30000,SM,,,
2016-11-18,2.0,2.05,2.0,2.05,18000,SM,,,
2016-11-21,1.85,1.85,1.7,1.7,42000,SM,,,
2016-11-22,1.85,1.85,1.75,1.75,36000,SM,,,
2016-11-23,1.7,1.75,1.7,1.75,18000,SM,,,
2016-11-25,1.75,1.75,1.75,1.75,6000,SM,,,
2016-11-28,1.9,1.9,1.9,1.9,6000,SM,,,
2016-11-29,2.0,2.0,2.0,2.0,6000,SM,,,
2016-11-30,2.0,2.0,2.0,2.0,6000,SM,,,
2016-12-01,1.95,1.95,1.95,1.95,6000,SM,,,
2016-12-05,2.0,2.05,2.0,2.05,78000,SM,,,
2016-12-07,1.95,1.95,1.95,1.95,6000,SM,,,
2016-12-09,1.95,2.05,1.95,2.0,12000,SM,,,
2016-12-12,1.95,1.95,1.95,1.95,6000,SM,,,
2016-12-14,1.95,1.95,1.95,1.95,6000,SM,,,
2016-12-15,2.0,2.15,2.0,2.15,66000,SM,,,
2016-12-16,2.1,2.15,2.1,2.15,12000,SM,,,
2016-12-19,2.1,2.1,2.05,2.05,24000,SM,,,
2016-12-20,2.1,2.2,2.1,2.15,36000,SM,,,
2016-12-21,2.15,2.2,2.15,2.15,42000,SM,,,
2016-12-22,2.15,2.2,1.8,2.2,66000,SM,,,
2016-12-23,2.25,2.3,2.25,2.3,42000,SM,,,
2016-12-26,2.2,2.3,2.2,2.25,18000,SM,,,
2016-12-27,2.3,2.3,2.3,2.3,12000,SM,,,
2016-12-28,2.35,2.4,2.3,2.35,36000,SM,,,
2016-12-30,2.4,2.4,2.4,2.4,18000,SM,,,
2017-01-03,2.35,2.35,2.35,2.35,12000,SM,,,
2017-01-04,2.4,2.4,2.4,2.4,6000,SM,,,
2017-01-05,2.4,2.55,2.4,2.55,108000,SM,,,
2017-01-06,2.55,2.55,2.5,2.5,60000,SM,,,
2017-01-09,2.5,2.5,2.45,2.45,12000,SM,,,
2017-01-10,2.4,2.4,2.4,2.4,6000,SM,,,
2017-01-13,2.5,2.5,2.5,2.5,6000,SM,,,
2017-01-16,2.5,2.5,2.5,2.5,54000,SM,,,
2017-01-17,2.5,2.5,2.5,2.5,24000,SM,,,
2017-01-18,2.5,2.5,2.5,2.5,6000,SM,,,
2017-01-20,2.6,2.6,2.55,2.55,18000,SM,,,
2017-01-23,2.6,2.6,2.55,2.55,18000,SM,,,
2017-01-24,2.6,2.6,2.5,2.5,30000,SM,,,
2017-01-25,2.5,2.5,2.5,2.5,12000,SM,,,
2017-01-27,2.55,2.55,2.5,2.5,30000,SM,,,
2017-02-01,2.55,2.55,2.55,2.55,6000,SM,,,
2017-02-02,2.55,2.55,2.5,2.5,36000,SM,,,
2017-02-06,2.55,2.6,2.55,2.55,78000,SM,,,
2017-02-07,2.5,2.5,2.5,2.5,6000,SM,,,
2017-02-08,2.5,2.5,2.5,2.5,6000,SM,,,
2017-02-09,2.5,2.5,2.5,2.5,12000,SM,,,
2017-02-10,2.5,2.5,2.5,2.5,48000,SM,,,
2017-02-13,2.5,2.5,2.45,2.45,36000,SM,,,
2017-02-14,2.5,2.5,2.5,2.5,54000,SM,,,
2017-02-15,2.5,2.5,2.5,2.5,12000,SM,,,
2017-02-16,2.5,2.55,2.5,2.55,24000,SM,,,
2017-02-20,2.5,2.5,2.5,2.5,6000,SM,,,
2017-02-23,2.55,2.55,2.5,2.5,12000,SM,,,
2017-02-27,2.45,2.45,2.45,2.45,18000,SM,,,
2017-02-28,2.5,2.5,2.5,2.5,24000,SM,,,
2017-03-01,2.5,2.5,2.5,2.5,12000,SM,,,
2017-03-06,2.5,2.5,2.5,2.5,36000,SM,,,
2017-03-08,2.5,2.5,2.5,2.5,12000,SM,,,
2017-03-09,2.5,2.5,2.5,2.5,12000,SM,,,
2017-03-10,2.5,2.5,2.5,2.5,18000,SM,,,
2017-03-16,2.5,2.5,2.5,2.5,6000,SM,,,
2017-03-20,2.5,2.5,2.5,2.5,12000,SM,,,
2017-03-22,2.45,2.45,2.45,2.45,6000,SM,,,
2017-03-23,2.5,2.5,2.5,2.5,6000,SM,,,
2017-03-24,2.5,2.65,2.5,2.5,36000,SM,,,
2017-03-27,2.6,2.6,2.5,2.55,18000,SM,,,
2017-03-29,2.55,2.55,2.55,2.55,6000,SM,,,
2017-04-03,2.6,2.6,2.6,2.6,3000,SM,,,
2017-04-05,2.7,2.7,2.7,2.7,6000,SM,,,
2017-04-06,2.75,2.9,2.75,2.9,18000,SM,,,
2017-04-07,2.85,2.85,2.8,2.8,9000,SM,,,
2017-04-12,2.85,3.0,2.85,2.9,12000,SM,,,
2017-04-13,3.0,3.25,3.0,3.25,18000,SM,,,
2017-04-17,3.2,3.25,3.2,3.25,6000,SM,,,
2017-04-20,3.05,3.05,3.05,3.05,6000,SM,,,
2017-04-21,3.05,3.05,2.75,2.8,36000,SM,,,
2017-05-02,2.9,3.2,2.9,2.9,9000,SM,,,
2017-05-11,2.75,2.75,2.75,2.75,3000,SM,,,
2017-05-12,2.95,3.3,2.9,2.9,15000,SM,,,
2017-05-15,2.75,2.75,2.75,2.75,3000,SM,,,
2017-05-16,2.75,2.75,2.75,2.75,3000,SM,,,
2017-05-17,2.75,2.75,2.75,2.75,3000,SM,,,
2017-05-22,2.95,3.0,2.9,2.9,30000,SM,,,
2017-05-23,2.9,2.9,2.85,2.85,15000,SM,,,
2017-05-24,2.9,3.0,2.9,3.0,21000,SM,,,
2017-05-25,3.0,3.2,3.0,3.05,51000,SM,,,
2017-05-26,3.05,3.05,3.05,3.05,6000,SM,,,
2017-05-29,3.05,3.1,3.05,3.05,15000,SM,,,
2017-05-30,3.05,3.05,3.05,3.05,9000,SM,,,
2017-05-31,3.05,3.05,3.05,3.05,6000,SM,,,
2017-06-01,3.05,3.15,3.05,3.15,6000,SM,,,
2017-06-02,3.2,3.2,3.2,3.2,3000,SM,,,
2017-06-05,3.2,3.25,3.2,3.25,12000,SM,,,
2017-06-06,3.25,3.25,3.25,3.25,9000,SM,,,
2017-06-07,3.25,3.25,3.25,3.25,27000,SM,,,
2017-06-08,3.25,3.3,3.25,3.3,6000,SM,,,
2017-06-09,3.25,3.25,3.25,3.25,6000,SM,,,
2017-06-12,3.25,3.25,3.25,3.25,15000,SM,,,
2017-06-13,3.25,3.25,3.25,3.25,6000,SM,,,
2017-06-14,3.25,3.25,3.25,3.25,15000,SM,,,
2017-06-15,3.25,3.25,3.25,3.25,15000,SM,,,
2017-06-16,3.25,3.25,3.25,3.25,3000,SM,,,
2017-06-19,3.25,3.25,3.25,3.25,3000,SM,,,
2017-06-20,3.25,3.25,3.25,3.25,3000,SM,,,
2017-06-21,3.1,3.25,3.1,3.25,9000,SM,,,
2017-06-22,3.25,3.25,3.25,3.25,3000,SM,,,
2017-06-23,3.3,3.3,3.3,3.3,3000,SM,,,
2017-06-27,3.3,3.3,3.1,3.1,12000,SM,,,
2017-06-28,3.2,3.2,3.2,3.2,12000,SM,,,
2017-06-29,3.3,3.3,3.05,3.05,9000,SM,,,
2017-06-30,3.2,3.2,3.2,3.2,3000,SM,,,
2017-07-03,3.25,3.25,3.25,3.25,6000,SM,,,
2017-07-04,3.25,3.25,3.25,3.25,6000,SM,,,
2017-07-05,3.25,3.25,3.25,3.25,3000,SM,,,
2017-07-06,3.3,3.3,3.3,3.3,3000,SM,,,
2017-07-07,3.3,3.3,3.3,3.3,3000,SM,,,
2017-07-10,3.3,3.3,3.3,3.3,3000,SM,,,
2017-07-11,3.3,3.3,3.2,3.2,9000,SM,,,
2017-07-12,3.3,3.3,3.2,3.2,6000,SM,,,
2017-07-13,3.3,3.3,3.1,3.1,6000,SM,,,
2017-07-14,3.25,3.25,3.2,3.2,6000,SM,,,
2017-07-17,3.25,3.25,3.25,3.25,3000,SM,,,
2017-07-18,3.3,3.3,3.3,3.3,3000,SM,,,
2017-07-19,3.3,3.3,3.3,3.3,3000,SM,,,
2017-07-21,3.3,3.3,3.3,3.3,3000,SM,,,
2017-07-25,3.35,3.35,3.35,3.35,3000,SM,,,
2017-07-27,3.35,3.35,3.35,3.35,3000,SM,,,
2017-07-28,3.35,3.35,3.35,3.35,3000,SM,,,
2017-07-31,3.4,3.4,3.4,3.4,3000,SM,,,
2017-08-01,3.4,3.5,3.4,3.5,12000,SM,,,
2017-08-02,3.3,3.3,3.3,3.3,3000,SM,,,
2017-08-08,3.5,3.5,3.3,3.3,12000,SM,,,
2017-08-09,3.3,3.3,3.3,3.3,3000,SM,,,
2017-08-14,3.25,3.25,3.1,3.15,9000,SM,,,
2017-08-16,3.05,3.05,3.05,3.05,3000,SM,,,
2017-09-08,3.2,3.2,3.2,3.2,3000,SM,,,
2017-09-11,3.0,3.05,2.85,2.9,18000,SM,,,
2017-09-14,2.8,2.8,2.6,2.6,18000,SM,,,
2017-09-15,2.6,2.6,2.6,2.6,12000,SM,,,
2017-09-18,2.6,2.6,2.55,2.55,18000,SM,,,
2017-09-19,2.5,2.55,2.4,2.5,21000,SM,,,
2017-09-20,2.45,2.45,2.45,2.45,6000,SM,,,
2017-09-21,2.5,2.5,2.5,2.5,12000,SM,,,
2017-10-03,2.5,2.5,2.5,2.5,6000,SM,,,
2017-10-05,2.5,2.5,2.5,2.5,6000,SM,,,
2017-10-09,2.45,2.5,2.35,2.35,99000,SM,,,
2017-10-10,2.5,2.6,2.4,2.6,87000,SM,,,
2017-10-16,2.45,2.45,2.45,2.45,9000,SM,,,
2017-10-17,2.45,2.45,2.45,2.45,3000,SM,,,
2017-10-18,2.5,2.5,2.5,2.5,162000,SM,,,
2017-10-23,2.5,2.5,2.5,2.5,12000,SM,,,
2017-10-24,2.5,2.5,2.5,2.5,6000,SM,,,
2017-10-25,2.55,2.55,2.55,2.55,3000,SM,,,
2017-11-01,2.65,2.75,2.65,2.75,9000,SM,,,
2017-11-02,2.85,2.85,2.8,2.8,9000,SM,,,
2017-11-03,2.8,3.2,2.8,3.05,21000,SM,,,
2017-11-07,2.95,3.2,2.95,3.2,6000,SM,,,
2017-11-08,3.2,3.3,3.2,3.25,9000,SM,,,
2017-11-09,3.1,3.1,3.1,3.1,3000,SM,,,
2017-11-10,3.2,3.2,3.2,3.2,21000,SM,,,
2017-11-13,3.25,3.4,3.25,3.3,33000,SM,,,
2017-11-14,3.3,3.3,3.3,3.3,51000,SM,,,
2017-11-15,3.4,3.4,3.3,3.3,36000,SM,,,
2017-11-16,3.45,3.5,3.3,3.3,48000,SM,,,
2017-11-17,3.45,3.45,3.45,3.45,60000,SM,,,
2017-11-20,3.45,3.45,3.45,3.45,63000,SM,,,
2017-11-21,3.45,3.45,3.45,3.45,3000,SM,,,
2017-11-22,3.3,3.3,3.3,3.3,3000,SM,,,
2017-11-24,3.3,3.3,3.3,3.3,3000,SM,,,
2017-11-27,3.3,3.35,3.2,3.2,54000,SM,,,
2017-11-28,3.25,3.3,3.2,3.2,30000,SM,,,
2017-11-29,3.2,3.3,3.2,3.3,24000,SM,,,
2017-12-04,4.0,4.0,3.5,3.5,15000,SM,,,
2017-12-06,3.4,3.4,3.4,3.4,30000,SM,,,
2017-12-07,3.2,3.2,3.2,3.2,3000,SM,,,
2017-12-08,3.0,3.15,3.0,3.15,9000,SM,,,
2017-12-11,3.1,3.1,3.1,3.1,3000,SM,,,
2017-12-12,3.05,3.05,3.05,3.05,6000,SM,,,
2017-12-14,3.0,3.05,2.85,3.05,15000,SM,,,
2017-12-18,3.15,3.4,3.15,3.4,42000,SM,,,
2017-12-19,3.4,3.4,3.4,3.4,3000,SM,,,
2018-01-01,3.1,3.1,3.1,3.1,3000,SM,,,
2018-01-02,3.1,3.1,2.85,2.9,21000,SM,,,
2018-01-04,3.0,3.0,3.0,3.0,12000,SM,,,
2018-01-08,2.95,2.95,2.95,2.95,6000,SM,,,
2018-01-09,3.0,3.25,3.0,3.15,45000,SM,,,
2018-01-12,3.15,3.15,3.0,3.0,6000,SM,,,
2018-01-15,2.9,3.0,2.85,3.0,12000,SM,,,
2018-01-16,3.35,3.35,2.75,2.75,15000,SM,,,
2018-01-19,2.75,2.75,2.75,2.75,3000,SM,,,
2018-01-23,2.5,2.6,2.5,2.55,6000,SM,,,
2018-01-24,2.6,2.6,2.6,2.6,3000,SM,,,
2018-01-25,2.65,2.65,2.65,2.65,3000,SM,,,
2018-01-29,2.5,2.5,2.5,2.5,6000,SM,,,
2018-01-30,2.5,2.5,2.5,2.5,6000,SM,,,
2018-01-31,2.4,2.5,2.4,2.5,12000,SM,,,
2018-02-01,2.55,2.65,2.55,2.65,6000,SM,,,
2018-02-02,2.5,2.6,2.45,2.6,12000,SM,,,
2018-02-05,2.5,2.5,2.5,2.5,3000,SM,,,
2018-02-08,2.5,2.5,2.5,2.5,3000,SM,,,
2018-02-12,2.45,2.45,2.35,2.35,6000,SM,,,
2018-02-19,2.45,2.45,2.45,2.45,6000,SM,,,
2018-02-20,2.45,2.45,2.45,2.45,3000,SM,,,
2018-02-22,2.45,2.45,2.45,2.45,12000,SM,,,
2018-02-26,2.45,2.6,2.45,2.6,9000,SM,,,
2018-02-27,2.6,2.65,2.6,2.65,30000,SM,,,
2018-02-28,2.65,2.65,2.55,2.55,9000,SM,,,
2018-03-06,2.6,2.6,2.6,2.6,3000,SM,,,
2018-03-07,2.55,2.55,2.5,2.5,18000,SM,,,
2018-03-08,2.4,2.4,2.4,2.4,3000,SM,,,
2018-03-13,2.4,2.4,2.4,2.4,18000,SM,,,
2018-03-20,2.85,2.85,2.85,2.85,6000,SM,,,
2018-03-21,2.6,2.6,2.6,2.6,3000,SM,,,
2018-03-22,3.1,3.1,2.35,2.35,27000,SM,,,
2018-03-23,2.0,2.45,2.0,2.45,36000,SM,,,
2018-03-26,2.3,2.3,2.3,2.3,6000,SM,,,
2018-03-28,2.1,2.15,2.1,2.15,6000,SM,,,
2018-04-02,2.3,2.3,2.3,2.3,3000,SM,,,
2018-04-04,2.35,2.35,2.3,2.3,6000,SM,,,
2018-04-05,2.4,2.4,2.4,2.4,9000,SM,,,
2018-04-09,2.5,2.5,2.5,2.5,9000,SM,,,
2018-04-10,2.5,2.5,2.5,2.5,15000,SM,,,
2018-04-11,2.65,2.65,2.65,2.65,3000,SM,,,
2018-04-12,2.7,2.7,2.7,2.7,3000,SM,,,
2018-04-13,2.65,2.8,2.65,2.8,9000,SM,,,
2018-04-19,2.8,2.8,2.8,2.8,3000,SM,,,
2018-04-23,2.8,2.8,2.8,2.8,15000,SM,,,
2018-04-26,2.8,3.0,2.8,2.95,21000,SM,,,
2018-04-30,2.8,2.8,2.8,2.8,6000,SM,,,
2018-06-11,2.65,2.7,2.65,2.7,6000,SM,,,
2018-06-12,2.55,2.6,2.55,2.6,12000,SM,,,
2018-06-13,2.55,2.6,2.55,2.55,15000,SM,,,
2018-06-14,2.55,2.55,2.5,2.5,18000,SM,,,
2018-06-15,2.5,2.5,2.5,2.5,9000,SM,,,
2018-06-18,2.5,2.5,2.5,2.5,18000,SM,,,
2018-06-19,2.5,2.5,2.3,2.3,12000,SM,,,
2018-06-20,2.3,2.3,2.3,2.3,6000,SM,,,
2018-06-21,2.3,2.3,2.3,2.3,6000,SM,,,
2018-06-22,2.3,2.3,2.3,2.3,12000,SM,,,
2018-06-25,2.3,2.3,2.2,2.2,18000,SM,,,
2018-06-26,2.2,2.2,2.15,2.15,15000,SM,,,
2018-06-27,2.15,2.25,2.15,2.15,15000,SM,,,
2018-06-28,2.15,2.3,2.15,2.25,18000,SM,,,
2018-06-29,2.15,2.2,2.15,2.2,9000,SM,,,
2018-07-02,2.1,2.2,2.1,2.2,18000,SM,,,
2018-07-03,2.05,2.05,2.05,2.05,12000,SM,,,
2018-07-04,2.1,2.1,2.05,2.05,24000,SM,,,
2018-07-05,2.05,2.05,2.05,2.05,15000,SM,,,
2018-07-06,2.05,2.05,2.05,2.05,24000,SM,,,
2018-07-09,2.05,2.5,2.05,2.5,45000,SM,,,
2018-07-10,2.1,2.1,2.1,2.1,15000,SM,,,
2018-07-11,2.05,2.15,2.05,2.15,33000,SM,,,
2018-07-12,2.05,2.1,2.05,2.1,39000,SM,,,
2018-07-18,2.2,2.2,2.2,2.2,3000,SM,,,
2018-07-24,2.2,2.2,2.2,2.2,9000,SM,,,
2018-07-26,2.2,2.2,2.2,2.2,15000,SM,,,
2018-08-01,2.1,2.1,2.05,2.05,6000,SM,,,
2018-08-07,2.1,2.1,2.1,2.1,6000,SM,,,
2018-08-09,2.25,2.35,2.25,2.3,9000,SM,,,
2018-08-13,2.2,2.2,2.2,2.2,3000,SM,,,
2018-08-17,2.1,2.2,2.1,2.15,33000,SM,,,
2018-08-21,2.25,2.25,2.25,2.25,6000,SM,,,
2018-08-23,2.3,2.35,2.3,2.35,15000,SM,,,
2018-08-24,2.35,2.35,2.35,2.35,3000,SM,,,
2018-08-27,2.35,2.35,2.35,2.35,6000,SM,,,
2018-08-28,2.55,2.55,2.55,2.55,6000,SM,,,
2018-09-04,2.3,2.3,2.3,2.3,3000,SM,,,
2018-09-05,2.05,2.25,2.05,2.25,21000,SM,,,
2018-09-06,2.3,2.3,2.3,2.3,3000,SM,,,
2018-09-07,2.3,2.3,2.3,2.3,9000,SM,,,
2018-09-11,2.25,2.25,2.25,2.25,6000,SM,,,
2018-09-14,2.3,2.3,2.3,2.3,3000,SM,,,
2018-09-17,2.35,2.35,2.35,2.35,3000,SM,,,
2018-09-19,2.4,2.4,2.4,2.4,6000,SM,,,
2018-09-21,2.4,2.4,2.35,2.35,33000,SM,,,
2018-09-24,2.35,2.4,2.3,2.35,36000,SM,,,
2018-09-25,2.4,2.4,2.25,2.25,9000,SM,,,
2018-09-26,2.25,2.25,2.25,2.25,3000,SM,,,
2018-09-27,2.25,2.25,2.25,2.25,3000,SM,,,
2018-09-28,2.25,2.25,2.25,2.25,12000,SM,,,
2018-10-01,2.25,2.25,2.25,2.25,3000,SM,,,
2018-10-03,2.25,2.4,2.25,2.4,9000,SM,,,
2018-10-04,2.4,2.45,2.4,2.45,15000,SM,,,
2018-10-05,2.45,2.45,2.45,2.45,24000,SM,,,
2018-10-09,2.45,2.45,2.35,2.45,33000,SM,,,
2018-10-10,2.35,2.4,2.35,2.4,9000,SM,,,
2018-10-11,2.5,2.5,2.5,2.5,3000,SM,,,
2018-10-12,2.2,2.2,2.2,2.2,9000,SM,,,
2018-10-22,2.6,2.6,2.6,2.6,3000,SM,,,
2018-10-25,2.25,2.3,2.25,2.3,102000,SM,,,
2018-10-26,2.25,2.25,2.25,2.25,105000,SM,,,
2018-10-29,2.25,2.25,2.25,2.25,198000,SM,,,
2018-10-30,2.3,2.3,2.3,2.3,6000,SM,,,
2018-11-05,2.25,2.25,2.25,2.25,6000,SM,,,
2018-11-07,2.5,2.5,2.5,2.5,3000,SM,,,
2018-11-09,2.3,2.3,2.3,2.3,45000,SM,,,
2018-11-14,2.5,2.5,2.5,2.5,3000,SM,,,
2018-11-22,2.45,2.45,2.45,2.45,3000,SM,,,
2018-12-04,2.3,2.3,2.3,2.3,3000,SM,,,
2018-12-19,2.5,2.5,2.5,2.5,3000,SM,,,
2019-01-01,2.5,2.5,2.5,2.5,6000,SM,,,
2019-01-04,2.05,2.05,2.05,2.05,9000,SM,,,
2019-01-07,2.2,2.2,2.2,2.2,9000,SM,,,
2019-01-08,2.25,2.25,2.25,2.25,3000,SM,,,
2019-01-09,2.25,2.65,2.25,2.65,9000,SM,,,
2019-01-10,2.3,2.3,2.3,2.3,3000,SM,,,
2019-01-11,2.3,2.3,2.25,2.25,6000,SM,,,
2019-01-16,2.4,2.4,2.4,2.4,6000,SM,,,
2019-01-17,2.5,2.6,2.5,2.6,6000,SM,,,
2019-01-21,2.6,2.6,2.6,2.6,3000,SM,,,
2019-01-22,2.5,2.5,2.5,2.5,6000,SM,,,
2019-01-25,2.5,2.5,2.5,2.5,3000,SM,,,
2019-01-28,2.3,2.6,2.3,2.5,18000,SM,,,
2019-01-31,2.95,2.95,2.5,2.6,9000,SM,,,
2019-02-04,2.5,2.5,2.5,2.5,3000,SM,,,
2019-02-06,2.5,2.5,2.5,2.5,3000,SM,,,
2019-02-07,2.5,2.5,2.5,2.5,6000,SM,,,
2019-02-12,2.5,2.5,2.5,2.5,3000,SM,,,
2019-02-18,2.5,2.5,2.5,2.5,6000,SM,,,
2019-02-22,2.6,2.6,2.6,2.6,3000,SM,,,
2019-02-25,2.6,2.6,2.6,2.6,6000,SM,,,
2019-02-27,2.55,2.55,2.55,2.55,3000,SM,,,
2019-02-28,2.85,2.85,2.5,2.5,12000,SM,,,
2019-03-05,2.65,2.65,2.65,2.65,9000,SM,,,
2019-03-07,2.65,2.65,2.65,2.65,6000,SM,,,
2019-03-11,2.7,2.7,2.7,2.7,3000,SM,,,
2019-03-12,2.65,2.65,2.65,2.65,6000,SM,,,
2019-03-15,2.95,2.95,2.65,2.75,9000,SM,,,
2019-03-18,2.7,2.7,2.7,2.7,3000,SM,,,
2019-03-19,3.2,3.25,2.5,2.65,42000,SM,,,
2019-03-20,2.7,2.7,2.7,2.7,3000,SM,,,
2019-03-25,2.8,2.8,2.8,2.8,6000,SM,,,
2019-03-28,2.8,2.8,2.8,2.8,3000,SM,,,
2019-04-03,2.85,2.85,2.85,2.85,12000,SM,,,
2019-04-04,3.35,3.35,3.35,3.35,3000,SM,,,
2019-04-09,3.1,3.1,3.1,3.1,3000,SM,,,
2019-04-10,2.7,3.05,2.7,3.05,6000,SM,,,
2019-04-11,2.8,2.8,2.8,2.8,6000,SM,,,
2019-04-12,2.7,2.7,2.7,2.7,9000,SM,,,
2019-04-23,2.55,2.55,2.55,2.55,3000,SM,,,
2019-04-30,2.55,2.55,2.5,2.5,12000,SM,,,
2019-05-02,2.5,2.5,2.5,2.5,6000,SM,,,
2019-05-03,2.5,2.5,2.5,2.5,3000,SM,,,
2019-05-23,2.5,2.55,2.5,2.55,30000,SM,,,
2019-05-24,2.5,2.55,2.5,2.55,39000,SM,,,
2019-05-27,2.5,2.55,2.5,2.55,30000,SM,,,
2019-05-28,2.55,2.55,2.55,2.55,27000,SM,,,
2019-05-29,2.5,2.55,2.5,2.55,42000,SM,,,
2019-05-30,2.55,2.55,2.55,2.55,6000,SM,,,
2019-06-06,2.55,2.55,2.55,2.55,6000,SM,,,
2019-06-07,2.55,2.55,2.55,2.55,12000,SM,,,
2019-06-10,2.6,2.6,2.05,2.5,24000,SM,,,
2019-06-13,2.5,2.55,2.5,2.55,12000,SM,,,
2019-06-17,2.65,2.65,2.1,2.65,12000,SM,,,
2019-06-18,2.15,2.5,2.15,2.5,6000,SM,,,
2019-06-25,2.55,2.55,2.5,2.5,24000,SM,,,
2019-06-26,2.5,2.5,2.5,2.5,3000,SM,,,
2019-06-27,2.65,2.7,2.55,2.7,18000,SM,,,
2019-06-28,2.75,2.75,2.7,2.7,6000,SM,,,
2019-07-01,2.7,2.7,2.7,2.7,18000,SM,,,
2019-07-02,2.75,2.75,2.75,2.75,6000,SM,,,
2019-07-03,2.75,2.8,2.75,2.8,15000,SM,,,
2019-07-05,2.6,2.75,2.6,2.75,15000,SM,,,
2019-07-08,2.75,2.75,2.75,2.75,9000,SM,,,
2019-07-09,2.6,2.75,2.6,2.75,18000,SM,,,
2019-07-11,2.6,2.7,2.6,2.7,27000,SM,,,
2019-07-15,2.75,2.75,2.75,2.75,3000,SM,,,
2019-07-16,2.75,3.25,2.75,2.75,12000,SM,,,
2019-07-19,2.55,2.55,2.55,2.55,42000,SM,,,
2019-07-22,2.55,2.55,2.55,2.55,24000,SM,,,
2019-07-23,2.7,2.7,2.7,2.7,3000,SM,,,
2019-07-29,2.55,2.6,2.55,2.6,63000,SM,,,
2019-07-30,2.55,2.7,2.55,2.7,81000,SM,,,
2019-07-31,2.7,3.0,2.7,3.0,12000,SM,,,
2019-08-02,3.15,3.2,3.15,3.15,18000,SM,,,
2019-08-05,3.15,3.15,3.1,3.15,15000,SM,,,
2019-08-07,3.1,3.3,3.1,3.25,24000,SM,,,
2019-08-08,3.3,3.35,3.3,3.35,12000,SM,,,
2019-08-09,3.35,3.35,3.35,3.35,3000,SM,,,
2019-08-13,3.35,3.35,3.35,3.35,6000,SM,,,
2019-08-14,3.4,3.4,3.35,3.4,9000,SM,,,
2019-08-19,3.4,3.4,3.4,3.4,6000,SM,,,
2019-08-20,3.4,3.4,3.4,3.4,12000,SM,,,
2019-08-21,3.4,3.4,3.4,3.4,39000,SM,,,
2019-08-22,4.05,4.1,3.5,3.9,16587,EQ,,,
2019-08-23,4.25,4.25,3.75,3.75,4729,EQ,,,
2019-08-26,3.95,3.95,3.75,3.8,7600,EQ,,,
2019-08-27,3.75,3.75,3.75,3.75,9500,EQ,,,
2019-08-28,3.75,3.85,3.75,3.75,10601,EQ,,,
2019-08-29,4.5,4.5,3.75,3.75,1487,EQ,,,
2019-08-30,3.75,3.8,3.75,3.75,1061,EQ,,,
2019-09-03,3.75,4.1,3.75,3.75,13367,EQ,,,
2019-09-04,3.75,3.9,3.75,3.9,1005,EQ,,,
2019-09-05,3.75,3.95,3.65,3.75,25408,EQ,,,
2019-09-06,3.8,3.8,3.8,3.8,1,EQ,,,
2019-09-11,4.5,4.5,3.8,3.9,2263,EQ,,,
2019-09-12,3.75,4.0,3.75,3.9,1157,EQ,,,
2019-09-13,3.9,4.1,3.9,4.0,498,EQ,,,
2019-09-16,4.0,4.05,4.0,4.0,3101,EQ,,,
2019-09-17,4.45,4.45,4.0,4.0,1705,EQ,,,
2019-09-18,4.2,4.2,4.0,4.0,537,EQ,,,
2019-09-19,4.0,4.0,4.0,4.0,2210,EQ,,,
2019-09-20,4.0,4.0,3.9,3.9,509,EQ,,,
2019-09-23,3.95,4.2,3.2,4.2,4986,EQ,,,
2019-09-24,4.0,4.0,3.85,3.85,152,EQ,,,
2019-09-26,3.85,4.15,3.85,4.15,66,EQ,,,
2019-09-27,4.0,4.15,3.85,4.15,7101,EQ,,,
2019-09-30,4.0,4.0,4.0,4.0,8,EQ,6.0,1.33,15000.0
2019-10-01,3.9,3.9,3.9,3.9,52,EQ,1.0,52.0,52.0
2019-10-03,4.15,4.15,4.15,4.15,100,EQ,1.0,100.0,100.0
2019-10-04,4.0,4.0,3.85,3.85,2,EQ,2.0,1.0,1.0
2019-10-09,4.0,4.0,3.8,3.85,23925,EQ,34.0,703.68,7125.0
2019-10-11,4.15,4.15,3.85,4.0,24,EQ,11.0,2.18,19.0
2019-10-14,4.1,4.1,4.0,4.0,20,EQ,2.0,10.0,10.0
2019-10-15,3.85,4.1,3.85,3.85,108,EQ,7.0,15.43,104.0
2019-10-16,3.9,3.9,3.75,3.8,1950,EQ,12.0,162.5,1950.0
2019-10-17,3.8,3.8,3.75,3.75,700,EQ,3.0,233.33,700.0
2019-10-18,3.85,3.85,3.75,3.75,1250,EQ,4.0,312.5,1250.0
2019-10-22,3.9,4.0,3.8,4.0,607,EQ,7.0,86.71,607.0
2019-10-23,3.85,4.2,3.75,3.75,1121,EQ,11.0,101.91,669.0
2019-10-24,3.85,4.0,3.8,3.8,1564,EQ,10.0,156.4,1114.0
2019-10-25,3.9,3.95,3.8,3.8,404,EQ,9.0,44.89,300.0
2019-10-29,3.9,4.0,3.9,4.0,105,EQ,4.0,26.25,105.0
2019-10-30,3.9,4.1,3.75,3.8,2106,EQ,23.0,91.57,1850.0
2019-10-31,3.9,3.9,3.85,3.85,201,EQ,4.0,50.25,200.0
2019-11-01,3.9,3.9,3.25,3.75,2462,EQ,23.0,107.04,2361.0
2019-11-04,3.9,3.9,3.7,3.7,1320,EQ,6.0,220.0,1320.0
2019-11-05,3.75,3.75,3.65,3.7,300,EQ,3.0,100.0,300.0
2019-11-06,3.75,3.75,3.65,3.65,225,EQ,3.0,75.0,225.0
2019-11-07,3.7,3.7,3.7,3.7,1000,EQ,3.0,333.33,1000.0
2019-11-08,3.7,3.7,3.5,3.5,501,EQ,6.0,83.5,501.0
2019-11-11,3.55,3.55,3.5,3.5,250,EQ,3.0,83.33,250.0
2019-11-13,4.0,4.0,3.5,3.85,2175,EQ,51.0,42.65,1578.0
2019-11-14,3.5,3.7,3.5,3.5,23,EQ,7.0,3.29,17.0
2019-11-15,3.7,3.7,3.7,3.7,500,EQ,2.0,250.0,500.0
2019-11-18,3.9,3.9,3.5,3.8,1931,EQ,13.0,148.54,1928.0
2019-11-19,3.9,3.9,3.6,3.85,441,EQ,15.0,29.4,261.0
2019-11-20,3.75,3.75,3.25,3.65,4880,EQ,26.0,187.69,4850.0
2019-11-21,3.5,3.5,3.25,3.45,7186,EQ,29.0,247.79,7177.0
2019-11-22,3.4,3.6,3.35,3.6,502,EQ,13.0,38.62,501.0
2019-11-25,3.85,3.85,3.45,3.45,160,EQ,6.0,26.67,150.0
2019-11-26,3.5,3.5,3.25,3.45,5101,EQ,9.0,566.78,5101.0
2019-11-27,3.5,3.5,3.4,3.45,4230,EQ,25.0,169.2,1295.0
2019-11-28,3.5,3.55,3.45,3.45,318,EQ,10.0,31.8,310.0
2019-11-29,3.55,3.55,3.5,3.5,200,EQ,3.0,66.67,200.0
2019-12-02,3.65,3.8,3.4,3.4,604,EQ,7.0,86.29,602.0
2019-12-04,3.55,4.05,3.5,3.5,539,EQ,42.0,12.83,309.0
2019-12-05,3.85,3.85,3.45,3.45,326,EQ,47.0,6.94,122.0
2019-12-06,3.8,3.8,3.35,3.35,439,EQ,11.0,39.91,386.0
2019-12-09,3.5,3.85,3.4,3.5,536,EQ,12.0,44.67,318.0
2019-12-10,3.5,3.5,3.45,3.45,143,BE,3.0,47.67,143.0
2019-12-11,3.5,3.5,3.5,3.5,104,BE,4.0,26.0,104.0
2019-12-12,3.5,3.5,3.45,3.45,200,BE,5.0,40.0,200.0
2019-12-13,3.5,3.5,3.45,3.45,200,BE,2.0,100.0,200.0
2019-12-16,3.5,3.5,3.45,3.45,200,BE,2.0,100.0,200.0
2019-12-17,3.5,3.5,3.45,3.45,101,BE,2.0,50.5,101.0
2019-12-18,3.5,3.5,3.45,3.45,200,BE,2.0,100.0,200.0
2019-12-19,3.5,3.5,3.45,3.45,200,BE,2.0,100.0,200.0
2019-12-20,3.45,3.45,3.4,3.4,2200,BE,9.0,244.44,2200.0
2019-12-23,3.5,3.5,3.45,3.45,201,BE,3.0,67.0,201.0
2019-12-24,3.5,3.5,3.45,3.45,200,BE,2.0,100.0,200.0
2019-12-27,3.4,3.6,3.4,3.6,3372,BE,19.0,177.47,3372.0
2019-12-30,3.65,3.8,3.45,3.75,15680,BE,62.0,252.9,15680.0
2019-12-31,3.8,3.95,3.8,3.95,2550,BE,15.0,170.0,2550.0
2020-01-01,3.95,3.95,3.95,3.95,2782,BE,10.0,278.2,2782.0
2020-01-02,4.0,4.0,3.95,3.95,1325,BE,8.0,165.62,1325.0
2020-01-03,3.95,3.95,3.95,3.95,1593,BE,2.0,796.5,1593.0
2020-01-07,3.8,3.8,3.75,3.75,530,BE,3.0,176.67,530.0
2020-01-09,3.55,3.55,3.55,3.55,4,BE,1.0,4.0,4.0
2020-01-13,3.55,3.55,3.55,3.55,1000,BE,1.0,1000.0,1000.0
2020-01-20,3.55,3.55,3.55,3.55,489,BE,1.0,489.0,489.0
2020-01-21,3.55,3.55,3.55,3.55,2,BE,1.0,2.0,2.0
2020-01-22,3.55,3.6,3.55,3.6,1200,BE,4.0,300.0,1200.0
2020-01-27,3.55,3.55,3.55,3.55,500,BE,3.0,166.67,500.0
2020-01-30,3.55,3.55,3.55,3.55,500,BE,1.0,500.0,500.0
2020-01-31,3.55,3.7,3.55,3.7,505,BE,2.0,252.5,505.0
2020-02-03,3.55,3.55,3.55,3.55,500,BE,1.0,500.0,500.0
2020-02-04,3.55,3.55,3.55,3.55,500,BE,1.0,500.0,500.0
2020-02-11,3.4,3.4,3.4,3.4,60,BE,1.0,60.0,60.0
2020-02-12,3.55,3.55,3.55,3.55,200,BE,4.0,50.0,200.0
2020-02-14,3.55,3.55,3.4,3.4,4001,BE,4.0,1000.25,4001.0
2020-02-18,3.5,3.5,3.4,3.4,6000,BE,7.0,857.14,6000.0
2020-02-20,3.45,3.45,3.4,3.4,2500,BE,3.0,833.33,2500.0
2020-02-24,3.4,3.4,3.4,3.4,1030,BE,15.0,68.67,1030.0
2020-02-25,3.5,3.5,3.4,3.4,3000,BE,3.0,1000.0,3000.0
2020-02-26,3.5,3.5,3.4,3.4,4000,BE,22.0,181.82,4000.0
2020-02-27,3.5,3.5,3.4,3.4,4499,BE,18.0,249.94,4499.0
2020-03-03,3.4,3.4,3.4,3.4,2050,BE,8.0,256.25,2050.0
2020-03-04,3.4,3.55,3.3,3.55,3600,BE,5.0,720.0,3600.0
2020-03-06,3.75,3.75,3.4,3.6,32,BE,3.0,10.67,32.0
2020-03-09,3.45,3.45,3.45,3.45,1000,BE,3.0,333.33,1000.0
2020-03-12,3.6,3.6,3.6,3.6,11,BE,1.0,11.0,11.0
2020-03-17,3.4,3.4,3.4,3.4,159,BE,3.0,53.0,159.0
2020-03-18,3.25,3.25,3.25,3.25,3,BE,1.0,3.0,3.0
2020-03-19,3.1,3.4,3.1,3.4,1805,BE,4.0,451.25,1805.0
2020-03-20,3.25,3.25,3.25,3.25,4000,BE,4.0,1000.0,4000.0
2020-03-23,3.25,3.25,3.05,3.25,152,BE,3.0,50.67,152.0
2020-03-24,3.25,3.25,3.15,3.2,5405,BE,8.0,675.62,5405.0
2020-03-25,3.25,3.25,3.1,3.25,2751,BE,5.0,550.2,2751.0
2020-03-26,3.15,3.35,3.1,3.35,4005,BE,7.0,572.14,4005.0
2020-03-27,3.2,3.35,3.2,3.35,9600,BE,21.0,457.14,9600.0
2020-03-30,3.2,3.5,3.2,3.3,5281,BE,9.0,586.78,5281.0
2020-04-09,3.25,3.25,3.25,3.25,1,BE,1.0,1.0,1.0
2020-04-13,3.1,3.1,3.1,3.1,1849,BE,,,
2020-04-17,3.1,3.1,3.1,3.1,100,BE,1.0,100.0,100.0
2020-05-11,3.1,3.1,3.1,3.1,2,BE,1.0,2.0,2.0
2020-05-21,3.1,3.1,3.1,3.1,1,BE,1.0,1.0,1.0
2020-05-26,3.1,3.1,3.1,3.1,10,BE,1.0,10.0,10.0
2020-06-04,3.1,3.1,3.1,3.1,1,BE,1.0,1.0,1.0
2020-06-05,3.1,3.25,2.95,3.25,7150,BE,9.0,794.44,7150.0
2020-06-08,3.4,3.4,3.1,3.4,2400,BE,19.0,126.32,2400.0
2020-06-09,3.25,3.4,3.25,3.4,1622,BE,13.0,124.77,1622.0
2020-06-11,3.25,3.25,3.25,3.25,1110,BE,4.0,277.5,1110.0
2020-06-12,3.1,3.1,3.1,3.1,1000,BE,1.0,1000.0,1000.0
2020-06-15,2.9,2.95,2.9,2.95,3000,BE,24.0,125.0,3000.0
2020-06-16,2.95,2.95,2.8,2.9,14304,BE,31.0,461.42,14304.0
2020-06-17,2.8,2.8,2.8,2.8,10005,BE,4.0,2501.25,10005.0
2020-06-18,2.8,2.8,2.8,2.8,10039,BE,4.0,2509.75,10039.0
2020-06-19,2.8,2.8,2.8,2.8,13000,BE,40.0,325.0,13000.0
2020-06-22,2.8,2.95,2.8,2.95,559,BE,18.0,31.06,559.0
2020-06-23,2.95,3.1,2.95,3.1,8132,BE,8.0,1016.5,8132.0
2020-06-24,3.1,3.25,3.1,3.1,6955,BE,26.0,267.5,6955.0
2020-06-25,2.95,3.2,2.95,3.2,13051,BE,26.0,501.96,13051.0
2020-06-26,3.3,3.3,3.05,3.25,7779,BE,26.0,299.19,7779.0
2020-06-29,3.15,3.15,3.1,3.15,257,BE,8.0,32.12,257.0
2020-06-30,3.15,3.25,3.0,3.0,5172,BE,13.0,397.85,5172.0
2020-07-01,3.0,3.15,3.0,3.15,176,BE,6.0,29.33,176.0
2020-07-02,3.15,3.25,3.0,3.25,539,BE,18.0,29.94,539.0
2020-07-03,3.1,3.25,3.1,3.25,126,BE,7.0,18.0,126.0
2020-07-06,3.2,3.3,3.2,3.3,4337,BE,13.0,333.62,4337.0
2020-07-07,3.4,3.45,3.4,3.45,2135,BE,26.0,82.12,2135.0
2020-07-08,3.45,3.45,3.45,3.45,227,BE,5.0,45.4,227.0
2020-07-09,3.45,3.6,3.45,3.6,101,BE,3.0,33.67,101.0
2020-07-10,3.6,3.6,3.4,3.4,169,BE,5.0,33.8,169.0
2020-07-13,3.25,3.25,3.25,3.25,85,BE,9.0,9.44,85.0
2020-07-14,3.25,3.25,3.1,3.1,31,BE,3.0,10.33,31.0
2020-07-15,2.95,2.95,2.95,2.95,1471,BE,10.0,147.1,1471.0
2020-07-16,2.85,3.1,2.85,3.1,209,BE,4.0,52.25,209.0
2020-07-17,3.1,3.1,3.1,3.1,51,BE,5.0,10.2,51.0
2020-07-20,3.2,3.2,2.95,3.2,71,BE,5.0,14.2,71.0
2020-07-21,3.05,3.05,3.0,3.0,554,BE,13.0,42.62,554.0
2020-07-22,2.85,3.0,2.85,2.9,147,BE,8.0,18.38,147.0
2020-07-23,2.9,3.0,2.9,3.0,599,BE,7.0,85.57,599.0
2020-07-24,3.0,3.0,2.85,3.0,521,BE,15.0,34.73,521.0
2020-07-27,3.0,3.15,2.85,3.05,108,BE,6.0,18.0,108.0
2020-07-28,3.1,3.2,2.9,3.1,269,BE,10.0,26.9,269.0
2020-07-29,2.95,3.15,2.95,3.15,2489,BE,13.0,191.46,2489.0
2020-07-30,3.0,3.05,3.0,3.05,1624,BE,13.0,124.92,1624.0
2020-08-03,3.15,3.15,3.0,3.0,309,BE,5.0,61.8,309.0
2020-08-04,3.0,3.05,3.0,3.0,6679,BE,9.0,742.11,6679.0
2020-08-05,3.0,3.0,3.0,3.0,1521,BE,7.0,217.29,1521.0
2020-08-06,3.0,3.0,3.0,3.0,184,BE,3.0,61.33,184.0
2020-08-07,3.0,3.0,3.0,3.0,25,BE,1.0,25.0,25.0
2020-08-10,3.15,3.15,3.0,3.0,305,BE,10.0,30.5,305.0
2020-08-11,3.2,3.2,3.1,3.15,361,BE,9.0,40.11,361.0
2020-08-12,3.05,3.05,3.05,3.05,300,BE,1.0,300.0,300.0
2020-08-13,3.05,3.2,2.9,3.2,331,BE,9.0,36.78,331.0
2020-08-14,3.2,3.35,3.2,3.35,2654,BE,14.0,189.57,2654.0
2020-08-17,3.45,3.45,3.4,3.4,813,BE,11.0,73.91,813.0
2020-08-18,3.45,3.5,3.3,3.3,2181,BE,13.0,167.77,2181.0
2020-08-19,3.3,3.3,3.3,3.3,966,BE,13.0,74.31,966.0
2020-08-20,3.3,3.3,3.3,3.3,273,BE,5.0,54.6,273.0
2020-08-21,3.3,3.3,3.15,3.15,832,BE,13.0,64.0,832.0
2020-08-24,3.3,3.3,3.3,3.3,1647,BE,9.0,183.0,1647.0
2020-08-25,3.45,3.45,3.45,3.45,5360,BE,47.0,114.04,5360.0
2020-08-26,3.5,3.6,3.5,3.6,1636,BE,26.0,62.92,1636.0
2020-08-27,3.8,3.8,3.5,3.65,13525,BE,39.0,346.79,13525.0
2020-08-28,3.65,3.65,3.45,3.45,7296,BE,33.0,221.09,7296.0
2020-08-31,3.65,3.65,3.3,3.45,7590,BE,17.0,446.47,7590.0
2020-09-01,3.3,3.3,3.3,3.3,3272,BE,19.0,172.21,3272.0
2020-09-02,3.3,3.35,3.1,3.35,5695,BE,27.0,210.93,5695.0
2020-09-03,3.3,3.4,3.2,3.4,3925,BE,9.0,436.11,3925.0
2020-09-04,3.25,3.4,3.25,3.4,470,BE,11.0,42.73,470.0
2020-09-07,3.55,3.55,3.25,3.25,507,BE,17.0,29.82,507.0
2020-09-08,3.35,3.35,3.25,3.25,15905,BE,18.0,883.61,15905.0
2020-09-09,3.35,3.35,3.1,3.25,16559,BE,12.0,1379.92,16559.0
2020-09-10,3.1,3.4,3.1,3.25,500,BE,4.0,125.0,500.0
2020-09-11,3.25,3.4,3.1,3.15,1183,BE,27.0,43.81,1183.0
2020-09-14,3.3,3.3,3.15,3.15,504,BE,25.0,20.16,504.0
2020-09-15,3.25,3.25,3.1,3.25,678,BE,10.0,67.8,678.0
2020-09-16,3.25,3.25,3.1,3.25,888,BE,17.0,52.24,888.0
2020-09-17,3.05,3.25,3.05,3.25,248,BE,12.0,20.67,248.0
2020-09-18,3.1,3.35,3.1,3.35,1762,BE,24.0,73.42,1762.0
2020-09-21,3.2,3.35,3.2,3.25,1969,BE,17.0,115.82,1969.0
2020-09-22,3.1,3.1,3.1,3.1,2433,BE,26.0,93.58,2433.0
2020-09-23,3.1,3.2,3.1,3.2,462,BE,9.0,51.33,462.0
2020-09-24,3.1,3.1,3.05,3.05,747,BE,19.0,39.32,747.0
2020-09-25,3.05,3.1,2.9,3.05,707,BE,30.0,23.57,707.0
2020-09-28,2.95,3.05,2.9,3.05,1876,BE,,,
2020-09-29,3.05,3.05,3.0,3.0,1725,BE,7.0,246.43,1725.0
2020-09-30,3.0,3.0,3.0,3.0,386,BE,4.0,96.5,386.0
2020-10-01,3.2,3.2,3.05,3.05,120,BE,6.0,20.0,120.0
2020-10-05,3.2,3.2,3.0,3.15,127,BE,8.0,15.88,127.0
2020-10-06,3.0,3.0,3.0,3.0,48,BE,5.0,9.6,48.0
2020-10-07,3.2,3.2,3.15,3.15,27,BE,3.0,9.0,27.0
2020-10-08,3.0,3.15,3.0,3.05,5900,BE,24.0,245.83,5900.0
2020-10-09,3.05,3.05,2.9,2.9,354,BE,7.0,50.57,354.0
2020-10-12,2.95,3.05,2.9,3.05,837,BE,7.0,119.57,837.0
2020-10-13,2.9,3.0,2.9,2.9,5230,BE,25.0,209.2,5230.0
2020-10-14,3.0,3.0,3.0,3.0,3664,BE,9.0,407.11,3664.0
2020-10-15,3.1,3.1,3.0,3.0,273,BE,7.0,39.0,273.0
2020-10-16,3.0,3.0,3.0,3.0,1277,BE,8.0,159.62,1277.0
2020-10-19,3.15,3.15,3.15,3.15,1621,BE,13.0,124.69,1621.0
2020-10-20,3.0,3.3,3.0,3.05,2111,BE,12.0,175.92,2111.0
2020-10-23,3.0,3.0,3.0,3.0,75,BE,1.0,75.0,75.0
2020-10-26,3.0,3.0,3.0,3.0,1007,BE,9.0,111.89,1007.0
2020-10-27,3.0,3.0,3.0,3.0,705,BE,7.0,100.71,705.0
2020-10-28,3.0,3.0,3.0,3.0,211,BE,3.0,70.33,211.0
2020-10-29,2.85,3.0,2.85,3.0,506,BE,4.0,126.5,506.0
2020-10-30,3.1,3.1,3.0,3.0,1054,BE,5.0,210.8,1054.0
2020-11-02,3.05,3.05,3.0,3.0,2021,BE,5.0,404.2,2021.0
2020-11-03,3.1,3.1,3.1,3.1,34,BE,2.0,17.0,34.0
2020-11-04,3.1,3.1,3.1,3.1,200,BE,2.0,100.0,200.0
2020-11-05,2.95,3.2,2.95,3.2,158,BE,10.0,15.8,158.0
2020-11-06,3.2,3.35,3.2,3.35,4049,BE,30.0,134.97,4049.0
2020-11-09,3.5,3.5,3.4,3.5,596,BE,12.0,49.67,596.0
2020-11-10,3.5,3.6,3.5,3.55,4635,BE,29.0,159.83,4635.0
2020-11-11,3.55,3.55,3.5,3.5,4252,BE,15.0,283.47,4252.0
2020-11-12,3.5,3.5,3.5,3.5,1177,BE,3.0,392.33,1177.0
2020-11-13,3.35,3.5,3.35,3.5,60,BE,3.0,20.0,60.0
2020-11-17,3.5,3.5,3.5,3.5,54,BE,2.0,27.0,54.0
2020-11-18,3.5,3.5,3.4,3.4,4462,BE,18.0,247.89,4462.0
2020-11-19,3.5,3.6,3.5,3.6,531,BE,7.0,75.86,531.0
2020-11-20,3.5,3.55,3.5,3.55,410,BE,2.0,205.0,410.0
2020-11-23,3.65,3.65,3.5,3.5,41,BE,5.0,8.2,41.0
2020-11-24,3.5,3.5,3.5,3.5,1702,BE,4.0,425.5,1702.0
2020-11-25,3.5,3.5,3.45,3.45,1166,BE,8.0,145.75,1166.0
2020-11-26,3.4,3.5,3.4,3.5,24,BE,5.0,4.8,24.0
2020-11-27,3.45,3.5,3.4,3.4,1180,BE,7.0,168.57,1180.0
2020-12-01,3.45,3.45,3.4,3.4,3225,BE,15.0,215.0,3225.0
2020-12-02,3.45,3.45,3.4,3.4,1793,BE,7.0,256.14,1793.0
2020-12-04,3.4,3.4,3.4,3.4,665,BE,4.0,166.25,665.0
2020-12-07,3.5,3.55,3.25,3.35,6751,BE,22.0,306.86,6751.0
2020-12-08,3.5,3.5,3.4,3.4,429,BE,8.0,53.62,429.0
2020-12-09,3.4,3.55,3.25,3.5,1777,BE,14.0,126.93,1777.0
2020-12-10,3.45,3.45,3.3,3.45,2483,BE,21.0,118.24,2483.0
2020-12-11,3.6,3.6,3.35,3.5,2184,BE,13.0,168.0,2184.0
2020-12-14,3.3,3.55,3.3,3.55,2357,BE,25.0,94.28,2357.0
2020-12-15,3.35,3.5,3.35,3.5,1488,BE,13.0,114.46,1488.0
2020-12-16,3.5,3.5,3.3,3.5,1444,BE,35.0,41.26,1444.0
2020-12-17,3.3,3.5,3.3,3.35,2024,BE,26.0,77.85,2024.0
2020-12-18,3.35,3.4,3.15,3.4,2723,BE,41.0,66.41,2723.0
2020-12-21,3.5,3.5,3.25,3.35,6398,BE,54.0,118.48,6398.0
2020-12-22,3.2,3.45,3.2,3.45,626,BE,19.0,32.95,626.0
2020-12-23,3.25,3.45,3.25,3.25,1517,BE,32.0,47.41,1517.0
2020-12-24,3.4,3.45,3.2,3.45,14047,BE,45.0,312.16,14047.0
2020-12-28,3.25,3.45,3.25,3.45,961,BE,10.0,96.1,961.0
2020-12-29,3.5,3.5,3.3,3.4,13469,BE,28.0,481.04,13469.0
2020-12-30,3.4,3.5,3.25,3.5,40023,BE,32.0,1250.72,40023.0
2020-12-31,3.5,3.55,3.3,3.5,2909,BE,36.0,80.81,2909.0
2021-01-01,3.5,3.5,3.5,3.5,104,BE,3.0,34.67,104.0
2021-01-04,3.5,3.65,3.5,3.65,2621,BE,24.0,109.21,2621.0
2021-01-05,3.7,3.7,3.5,3.55,1479,BE,18.0,82.17,1479.0
2021-01-06,3.4,3.55,3.4,3.55,9418,BE,18.0,523.22,9418.0
2021-01-07,3.55,3.6,3.5,3.6,1755,BE,8.0,219.38,1755.0
2021-01-08,3.5,3.6,3.5,3.55,2978,BE,17.0,175.18,2978.0
2021-01-11,3.5,3.65,3.5,3.6,1526,BE,12.0,127.17,1526.0
2021-01-12,3.6,3.6,3.55,3.6,2475,BE,23.0,107.61,2475.0
2021-01-13,3.55,3.6,3.55,3.6,1524,BE,7.0,217.71,1524.0
2021-01-14,3.55,3.65,3.55,3.65,2190,BE,6.0,365.0,2190.0
2021-01-15,3.8,3.8,3.6,3.6,2230,BE,18.0,123.89,2230.0
2021-01-18,3.6,3.7,3.6,3.7,868,BE,11.0,78.91,868.0
2021-01-19,3.6,3.6,3.6,3.6,2971,BE,13.0,228.54,2971.0
2021-01-20,3.6,3.7,3.6,3.6,563,BE,7.0,80.43,563.0
2021-01-21,3.6,3.6,3.55,3.6,1421,BE,8.0,177.62,1421.0
2021-01-22,3.6,3.65,3.6,3.6,4190,BE,14.0,299.29,4190.0
2021-01-25,3.6,3.7,3.55,3.7,20,BE,4.0,5.0,20.0
2021-01-27,3.7,3.7,3.5,3.5,2014,BE,4.0,503.5,2014.0
2021-01-28,3.5,3.65,3.5,3.6,421,BE,6.0,70.17,421.0
2021-01-29,3.7,3.7,3.6,3.6,530,BE,5.0,106.0,530.0
2021-02-01,3.7,3.7,3.6,3.6,1475,BE,17.0,86.76,1475.0
2021-02-02,3.75,3.75,3.65,3.7,1603,BE,15.0,106.87,1603.0
2021-02-03,3.7,3.75,3.65,3.65,610,BE,12.0,50.83,610.0
2021-02-04,3.7,3.7,3.55,3.55,1970,BE,14.0,140.71,1970.0
2021-02-05,3.55,3.6,3.55,3.6,195,BE,4.0,48.75,195.0
2021-02-08,3.6,3.7,3.5,3.6,9250,BE,66.0,140.15,9250.0
2021-02-09,3.4,3.65,3.4,3.6,9535,BE,82.0,116.28,9535.0
2021-02-10,3.5,3.6,3.4,3.6,1182,BE,6.0,197.0,1182.0
2021-02-11,3.6,3.6,3.5,3.6,2780,BE,15.0,185.33,2780.0
2021-02-12,3.5,3.75,3.4,3.55,6076,BE,45.0,135.02,6076.0
2021-02-15,3.65,3.65,3.5,3.5,6899,BE,35.0,197.11,6899.0
2021-02-16,3.5,3.5,3.5,3.5,1,BE,1.0,1.0,1.0
2021-02-17,3.5,3.7,3.35,3.6,342,BE,9.0,38.0,342.0
2021-02-18,3.6,3.75,3.55,3.7,4259,BE,26.0,163.81,4259.0
2021-02-19,3.85,3.85,3.5,3.85,285,BE,7.0,40.71,285.0
2021-02-22,3.95,3.95,3.9,3.9,26,BE,3.0,8.67,26.0
2021-02-23,4.1,4.1,3.8,4.0,2321,BE,24.0,96.71,2321.0
2021-02-24,4.05,4.05,3.8,4.05,262,BE,6.0,43.67,262.0
2021-02-25,4.05,4.2,3.85,3.95,441,BE,15.0,29.4,441.0
2021-02-26,3.95,4.1,3.75,4.05,946,BE,11.0,86.0,946.0
2021-03-01,4.1,4.1,4.05,4.05,1142,BE,10.0,114.2,1142.0
2021-03-02,3.95,4.0,3.9,3.9,1141,BE,5.0,228.2,1141.0
2021-03-03,3.9,4.0,3.7,4.0,2665,BE,27.0,98.7,2665.0
2021-03-04,4.0,4.1,3.8,3.95,872,BE,17.0,51.29,872.0
2021-03-05,3.75,4.0,3.75,3.95,861,BE,10.0,86.1,861.0
2021-03-08,3.75,3.9,3.75,3.9,1238,BE,13.0,95.23,1238.0
2021-03-09,3.75,3.75,3.7,3.7,1553,BE,27.0,57.52,1553.0
2021-03-10,3.55,3.9,3.5,3.85,4718,BE,35.0,134.8,4718.0
2021-03-12,3.85,4.05,3.65,3.95,4759,BE,27.0,176.26,4759.0
2021-03-15,3.95,3.95,3.8,3.8,37,BE,3.0,12.33,37.0
2021-03-16,3.6,4.0,3.6,3.85,1533,BE,11.0,139.36,1533.0
2021-03-17,3.65,4.0,3.65,3.75,2451,BE,32.0,76.59,2451.0
2021-03-18,3.95,3.95,3.7,3.9,6254,BE,41.0,152.54,6254.0
2021-03-19,3.9,4.1,3.7,4.1,18054,BE,77.0,234.47,18054.0
2021-03-22,4.1,4.3,4.0,4.2,30543,BE,113.0,270.29,30543.0
2021-03-23,4.3,4.4,4.0,4.3,28326,BE,68.0,416.56,28326.0
2021-03-24,4.45,4.5,4.15,4.5,11163,BE,71.0,157.23,11163.0
2021-03-25,4.5,4.7,4.3,4.7,4188,BE,70.0,59.83,4188.0
2021-03-26,4.55,4.95,4.5,4.8,26445,BE,132.0,200.34,26445.0
2021-03-30,5.0,5.0,4.65,4.9,2416,BE,68.0,35.53,2416.0
2021-03-31,5.1,5.15,4.65,4.95,2376,BE,61.0,38.95,2376.0
2021-04-01,5.05,5.05,4.7,5.0,1795,BE,47.0,38.19,1795.0
2021-04-05,5.0,5.0,4.75,4.75,1190,BE,26.0,45.77,1190.0
2021-04-06,4.5,4.75,4.5,4.75,173,BE,6.0,28.83,173.0
2021-04-07,4.55,4.75,4.55,4.75,565,BE,8.0,70.62,565.0
2021-04-08,4.75,4.75,4.5,4.5,690,BE,12.0,57.5,690.0
2021-04-09,4.3,4.65,4.3,4.5,1964,BE,30.0,65.47,1964.0
2021-04-12,4.55,4.55,4.25,4.25,2032,BE,37.0,54.92,2032.0
2021-04-13,4.05,4.3,4.05,4.15,1232,BE,13.0,94.77,1232.0
2021-04-15,4.25,4.25,4.0,4.0,44,BE,4.0,11.0,44.0
2021-04-16,3.8,4.15,3.8,4.1,1172,BE,18.0,65.11,1172.0
2021-04-19,4.05,4.05,3.9,3.9,138,BE,7.0,19.71,138.0
2021-04-20,3.9,4.1,3.9,4.05,1591,BE,16.0,99.44,1591.0
2021-04-22,3.95,4.05,3.95,3.95,245,BE,14.0,17.5,245.0
2021-04-23,3.95,3.95,3.95,3.95,21,BE,1.0,21.0,21.0
2021-04-26,3.95,3.95,3.9,3.9,665,BE,11.0,60.45,665.0
2021-04-27,4.05,4.05,3.8,4.05,1774,EQ,53.0,33.47,1238.0
2021-04-28,4.05,4.2,3.9,4.15,1015,EQ,47.0,21.6,683.0
2021-04-29,4.35,4.35,3.95,4.0,1991,EQ,44.0,45.25,1712.0
2021-04-30,3.85,4.15,3.8,4.1,908,EQ,23.0,39.48,669.0
2021-05-03,3.9,4.15,3.9,4.1,1047,EQ,30.0,34.9,651.0
2021-05-04,4.1,4.1,3.9,4.0,903,EQ,24.0,37.62,725.0
2021-05-05,4.0,4.1,3.85,3.95,1652,EQ,40.0,41.3,650.0
2021-05-06,3.9,4.05,3.9,4.0,1168,EQ,23.0,50.78,1103.0
2021-05-07,4.0,4.2,3.8,4.15,2573,EQ,59.0,43.61,2119.0
2021-05-10,4.3,4.35,4.0,4.1,3444,EQ,79.0,43.59,2101.0
2021-05-11,4.2,4.2,4.1,4.2,8060,EQ,34.0,237.06,6645.0
2021-05-12,4.3,4.4,4.1,4.15,4514,EQ,112.0,40.3,3062.0
2021-05-14,4.15,4.15,4.1,4.1,2330,EQ,37.0,62.97,2189.0
2021-05-17,4.25,4.25,3.95,4.05,1237,EQ,39.0,31.72,1105.0
2021-05-18,4.15,4.15,4.05,4.1,403,EQ,18.0,22.39,349.0
2021-05-19,4.15,4.15,4.0,4.05,887,EQ,19.0,46.68,607.0
2021-05-20,4.2,4.2,4.0,4.1,3690,EQ,56.0,65.89,3237.0
2021-05-21,4.3,4.3,3.9,4.15,4345,EQ,69.0,62.97,3589.0
2021-05-24,3.95,4.35,3.95,4.15,2849,EQ,62.0,45.95,2147.0
2021-05-25,4.15,4.25,4.1,4.2,3530,EQ,40.0,88.25,3445.0
2021-05-26,4.2,4.25,4.15,4.2,8710,EQ,95.0,91.68,7925.0
2021-05-27,4.2,4.25,4.0,4.2,6987,EQ,93.0,75.13,5700.0
2021-05-28,4.05,4.3,4.05,4.05,5060,EQ,47.0,107.66,2701.0
2021-05-31,4.05,4.25,4.05,4.25,4657,EQ,82.0,56.79,4210.0
2021-06-01,4.25,4.25,4.1,4.15,1857,EQ,31.0,59.9,1487.0
2021-06-02,4.25,4.35,4.15,4.35,11670,EQ,105.0,111.14,10140.0
2021-06-03,4.2,4.6,4.2,4.55,15444,EQ,196.0,78.8,13450.0
2021-06-04,4.8,4.8,4.6,4.65,3739,EQ,76.0,49.2,3107.0
2021-06-07,4.7,4.9,4.7,4.75,3770,EQ,94.0,40.11,3538.0
2021-06-08,5.0,5.2,4.65,5.2,22475,EQ,342.0,65.72,13069.0
2021-06-09,5.6,5.6,5.2,5.25,9165,EQ,186.0,49.27,5489.0
2021-06-10,5.4,5.4,5.0,5.2,7688,EQ,257.0,29.91,4595.0
2021-06-11,5.25,5.7,4.8,5.7,37307,EQ,542.0,68.83,27032.0
2021-06-14,6.1,6.1,5.8,5.85,18435,EQ,486.0,37.93,12802.0
2021-06-15,6.2,6.35,5.9,5.95,32172,EQ,459.0,70.09,22859.0
2021-06-16,6.25,6.25,5.45,5.55,56116,EQ,582.0,96.42,46138.0
2021-06-17,5.5,5.75,5.5,5.6,3788,EQ,103.0,36.78,2516.0
2021-06-18,5.5,5.85,5.5,5.5,1269,EQ,56.0,22.66,878.0
2021-06-21,5.5,5.5,4.95,5.2,18062,EQ,262.0,68.94,8642.0
2021-06-22,5.35,5.5,5.25,5.35,2004,EQ,59.0,33.97,1613.0
2021-06-23,5.3,5.5,5.0,5.25,1675,EQ,47.0,35.64,1272.0
2021-06-24,5.2,5.35,5.1,5.1,5494,EQ,89.0,61.73,3080.0
2021-06-25,5.1,5.25,5.1,5.25,519,EQ,22.0,23.59,370.0
2021-06-28,5.25,5.8,5.15,5.65,7515,EQ,165.0,45.55,6197.0
2021-06-29,5.75,6.2,5.7,5.85,9433,EQ,168.0,56.15,6140.0
2021-06-30,5.9,6.45,5.9,6.35,86638,EQ,1212.0,71.48,38576.0
2021-07-01,6.75,6.75,6.0,6.2,19840,EQ,435.0,45.61,12049.0
2021-07-02,6.4,6.5,6.1,6.15,5908,EQ,235.0,25.14,3596.0
2021-07-05,6.15,6.45,5.85,5.95,9557,EQ,184.0,51.94,7343.0
2021-07-06,6.0,6.1,5.85,5.95,5713,EQ,125.0,45.7,4212.0
2021-07-07,6.15,6.35,5.75,5.85,5356,EQ,117.0,45.78,3215.0
2021-07-08,5.95,6.0,5.8,5.85,1409,EQ,63.0,22.37,1027.0
2021-07-09,5.85,5.9,5.8,5.9,1484,EQ,55.0,26.98,961.0
2021-07-12,6.1,6.25,5.7,6.1,4577,EQ,203.0,22.55,2728.0
2021-07-13,6.1,6.15,5.65,5.95,5658,EQ,221.0,25.6,3453.0
2021-07-14,5.65,6.55,5.65,6.55,74431,EQ,954.0,78.02,44076.0
2021-07-15,6.75,6.75,6.05,6.4,17477,EQ,471.0,37.11,10536.0
2021-07-16,6.5,6.55,6.05,6.2,5007,EQ,204.0,24.54,2764.0
2021-07-19,6.5,6.5,6.1,6.2,2966,EQ,100.0,29.66,2453.0
2021-07-20,6.25,6.3,6.1,6.15,2231,EQ,65.0,34.32,1806.0
2021-07-22,6.15,6.4,6.15,6.35,4089,EQ,98.0,41.72,3616.0
2021-07-23,6.4,6.5,6.25,6.45,5423,EQ,278.0,19.51,2972.0
2021-07-26,6.75,6.8,6.35,6.75,25945,EQ,1042.0,24.9,18907.0
2021-07-27,6.9,7.35,6.9,7.2,52852,EQ,2163.0,24.43,29249.0
2021-07-28,7.5,7.5,7.0,7.05,16540,EQ,680.0,24.32,13454.0
2021-07-29,7.25,7.5,7.0,7.35,20655,EQ,848.0,24.36,14692.0
2021-07-30,7.95,7.95,7.25,7.35,13935,EQ,697.0,19.99,7577.0
2021-08-02,7.15,7.5,7.1,7.35,11819,EQ,365.0,32.38,6599.0
2021-08-03,7.45,7.45,7.05,7.1,4667,EQ,170.0,27.45,2716.0
2021-08-04,7.15,7.2,6.95,7.0,3572,EQ,110.0,32.47,2690.0
2021-08-05,7.0,7.15,6.75,7.0,7367,EQ,112.0,65.78,5812.0
2021-08-06,7.0,7.35,6.75,7.2,14975,EQ,178.0,84.13,8569.0
2021-08-09,7.0,7.4,7.0,7.2,6330,EQ,125.0,50.64,5474.0
2021-08-10,7.35,7.35,6.8,7.2,9695,EQ,193.0,50.23,5538.0
2021-08-11,7.1,7.2,6.7,6.9,8886,EQ,210.0,42.31,5985.0
2021-08-12,6.95,7.25,6.9,7.2,5733,EQ,93.0,61.65,3460.0
2021-08-13,7.05,7.3,7.0,7.15,2220,EQ,69.0,32.17,1517.0
2021-08-16,7.15,7.25,7.05,7.25,2158,EQ,39.0,55.33,1956.0
2021-08-17,7.3,7.3,7.05,7.05,3394,EQ,97.0,34.99,2618.0
2021-08-18,7.2,7.3,7.05,7.2,2424,EQ,80.0,30.3,1651.0
2021-08-20,7.25,7.25,7.0,7.15,9087,EQ,88.0,103.26,7525.0
2021-08-23,7.35,7.35,7.1,7.2,2082,EQ,58.0,35.9,1989.0
2021-08-24,7.35,7.35,6.75,7.15,8515,EQ,142.0,59.96,4385.0
2021-08-25,7.0,7.3,7.0,7.05,14819,EQ,131.0,113.12,11640.0
2021-08-26,7.25,7.25,6.8,6.95,6333,EQ,86.0,73.64,4116.0
2021-08-27,6.8,7.25,6.8,7.2,21880,EQ,138.0,158.55,18695.0
2021-08-30,7.9,8.6,7.55,8.6,179888,EQ,2759.0,65.2,84492.0
2021-08-31,9.8,10.35,9.25,10.35,339545,EQ,6859.0,49.5,97455.0
2021-09-01,10.85,11.35,10.25,11.35,717264,EQ,17706.0,40.51,138953.0
2021-09-02,11.35,11.35,10.5,10.55,155284,EQ,7815.0,19.87,59151.0
2021-09-03,10.55,11.0,9.95,10.05,82490,EQ,5348.0,15.42,42702.0
2021-09-06,10.0,10.1,9.6,9.7,47964,EQ,2621.0,18.3,24472.0
2021-09-07,9.75,10.0,9.5,9.5,25300,EQ,1630.0,15.52,15460.0
2021-09-08,10.1,10.1,9.5,9.5,29141,EQ,1385.0,21.04,15065.0
2021-09-09,9.85,9.85,9.5,9.5,17498,EQ,1100.0,15.91,7695.0
2021-09-13,9.25,9.5,9.25,9.25,24191,EQ,857.0,28.23,16899.0
2021-09-14,9.1,9.2,8.75,8.9,22052,EQ,966.0,22.83,14580.0
2021-09-15,8.9,9.2,8.85,9.1,21328,EQ,603.0,35.37,14866.0
2021-09-16,9.4,9.4,9.1,9.2,25124,EQ,752.0,33.41,15111.0
2021-09-17,9.25,9.35,8.95,9.0,18916,EQ,551.0,34.33,10973.0
2021-09-20,9.0,9.3,8.9,9.2,15568,EQ,313.0,49.74,11011.0
2021-09-21,9.3,9.3,9.0,9.05,7067,EQ,312.0,22.65,4878.0
2021-09-22,9.25,9.25,9.0,9.05,7939,EQ,257.0,30.89,5302.0
2021-09-23,9.05,9.35,9.05,9.15,13749,EQ,407.0,33.78,9720.0
2021-09-24,9.3,9.3,8.9,9.0,34180,EQ,538.0,63.53,24833.0
2021-09-27,9.2,9.9,9.2,9.9,121362,EQ,1481.0,81.95,74603.0
2021-09-28,10.7,10.7,9.2,10.4,145679,EQ,5385.0,27.05,75333.0
2021-09-29,10.5,10.6,9.8,10.0,47835,EQ,3280.0,14.58,29803.0
2021-09-30,9.75,10.2,9.75,9.95,13027,EQ,1253.0,10.4,9125.0
2021-10-01,10.05,10.05,9.8,9.95,44163,EQ,980.0,45.06,39699.0
2021-10-04,10.25,10.3,9.7,9.8,54265,EQ,1499.0,36.2,46565.0
2021-10-05,9.95,10.1,9.75,9.8,45453,EQ,1174.0,38.72,41274.0
2021-10-06,9.65,9.8,9.4,9.5,25461,EQ,875.0,29.1,22259.0
2021-10-07,9.65,10.05,9.35,9.5,24160,EQ,874.0,27.64,19113.0
2021-10-08,9.6,9.75,9.45,9.5,14520,EQ,574.0,25.3,12142.0
2021-10-11,9.6,9.6,9.3,9.3,17402,EQ,970.0,17.94,15466.0
2021-10-12,9.5,9.5,9.3,9.45,6291,EQ,365.0,17.24,5135.0
2021-10-13,9.6,9.6,9.35,9.4,6737,EQ,450.0,14.97,4819.0
2021-10-14,9.4,9.5,9.25,9.3,13122,EQ,298.0,44.03,11255.0
2021-10-18,9.5,9.5,9.1,9.15,15630,EQ,419.0,37.3,13276.0
2021-10-19,9.15,9.25,8.9,8.95,21713,EQ,501.0,43.34,17745.0
2021-10-20,9.3,9.3,8.9,9.05,24062,EQ,324.0,74.27,18328.0
2021-10-21,9.2,9.25,9.0,9.05,15288,EQ,275.0,55.59,5264.0
2021-10-22,8.8,9.25,8.8,9.05,15304,EQ,265.0,57.75,8746.0
2021-10-25,8.8,9.05,8.7,9.0,8981,EQ,341.0,26.34,5452.0
2021-10-26,9.15,9.15,8.65,8.7,10723,EQ,393.0,27.28,7590.0
2021-10-27,9.0,9.0,8.75,8.8,4781,EQ,128.0,37.35,4467.0
2021-10-28,9.1,9.1,8.6,8.65,4364,EQ,215.0,20.3,2897.0
2021-10-29,8.9,8.9,8.55,8.6,1906,EQ,126.0,15.13,1383.0
2021-11-01,8.6,8.6,8.4,8.5,6372,EQ,265.0,24.05,3778.0
2021-11-02,8.65,8.65,8.4,8.5,4833,EQ,158.0,30.59,3592.0
2021-11-03,8.6,8.6,8.4,8.5,5200,EQ,127.0,40.94,3805.0
2021-11-04,8.35,8.95,8.35,8.8,8910,EQ,127.0,70.16,3805.0
2021-11-08,9.2,9.2,8.55,8.65,8875,EQ,233.0,38.09,7117.0
2021-11-09,8.8,8.8,8.5,8.55,7507,EQ,221.0,33.97,6626.0
2021-11-10,8.2,8.75,8.2,8.5,7105,EQ,190.0,37.39,5014.0
2021-11-11,8.6,8.8,8.45,8.65,7669,EQ,147.0,52.17,5894.0
2021-11-12,8.95,8.95,8.65,8.95,8645,EQ,257.0,33.64,7302.0
2021-11-15,9.2,9.2,8.75,9.05,15035,EQ,270.0,55.69,9037.0
2021-11-16,8.8,9.1,8.8,9.0,4609,EQ,92.0,50.1,3516.0
2021-11-17,9.15,9.15,8.4,8.9,28026,EQ,492.0,56.96,15385.0
2021-11-18,8.8,9.05,8.65,9.05,8734,EQ,234.0,37.32,6577.0
2021-11-22,9.05,9.25,8.7,9.15,10948,EQ,339.0,32.29,7910.0
2021-11-23,9.15,9.15,8.7,8.95,4365,EQ,178.0,24.52,2915.0
2021-11-24,9.15,9.15,8.8,9.05,4242,EQ,116.0,36.57,3294.0
2021-11-25,8.9,9.1,8.9,9.0,2544,EQ,68.0,37.41,2271.0
2021-11-26,8.95,9.2,8.5,9.05,12015,EQ,322.0,37.31,8418.0
2021-11-29,8.9,9.1,8.75,8.9,9935,EQ,209.0,47.54,8809.0
2021-11-30,8.9,9.05,8.75,8.8,4949,EQ,190.0,26.05,3925.0
2021-12-01,9.2,9.2,8.8,8.9,3383,EQ,83.0,40.76,2742.0
2021-12-02,9.15,9.15,8.75,8.75,2632,EQ,91.0,28.92,2136.0
2021-12-03,8.8,9.0,8.7,8.8,2175,EQ,98.0,22.19,1806.0
2021-12-06,8.85,8.95,8.75,8.9,4886,EQ,86.0,56.81,3766.0
2021-12-07,9.0,9.0,8.75,8.9,1662,EQ,51.0,32.59,1444.0
2021-12-08,8.9,9.25,8.85,9.1,8645,EQ,149.0,58.02,5350.0
2021-12-09,9.0,9.6,8.95,9.25,12424,EQ,347.0,35.8,8185.0
2021-12-10,9.25,9.45,9.0,9.15,6395,EQ,263.0,24.32,4774.0
2021-12-13,9.25,9.4,8.9,9.05,6453,EQ,157.0,41.1,4816.0
2021-12-14,9.05,9.25,8.75,8.9,8743,EQ,166.0,52.67,5667.0
2021-12-15,9.3,9.3,9.0,9.1,4874,EQ,146.0,33.38,2907.0
2021-12-16,9.1,9.3,9.0,9.0,12025,EQ,194.0,61.98,7921.0
2021-12-17,8.8,9.1,8.7,8.75,5933,EQ,256.0,23.18,4197.0
2021-12-20,8.55,9.0,8.0,8.15,11230,EQ,368.0,30.52,7386.0
2021-12-21,7.95,8.65,7.95,8.6,5465,EQ,138.0,39.6,3960.0
2021-12-22,8.45,9.05,8.45,8.8,7358,EQ,204.0,36.07,4670.0
2021-12-23,8.95,9.1,8.65,8.8,29959,EQ,411.0,72.89,20030.0
2021-12-24,8.8,9.05,8.6,8.7,12765,EQ,293.0,43.57,6538.0
2021-12-27,9.0,9.0,8.4,8.55,5429,EQ,175.0,31.02,3300.0
2021-12-28,8.7,8.9,8.6,8.75,3007,EQ,121.0,24.85,1236.0
2021-12-29,8.65,8.85,8.45,8.6,4910,EQ,172.0,28.55,3403.0
2021-12-30,8.6,9.1,8.05,8.9,20661,EQ,421.0,49.08,11504.0
2021-12-31,8.75,9.0,8.6,8.75,9718,EQ,208.0,46.72,7452.0
2022-01-03,8.7,9.0,8.65,8.9,7701,EQ,199.0,38.7,5768.0
2022-01-04,8.7,9.1,8.7,8.9,6452,EQ,244.0,26.44,3643.0
2022-01-05,8.75,9.0,8.75,8.8,10354,EQ,199.0,52.03,7220.0
2022-01-06,8.7,8.9,8.7,8.75,4151,EQ,113.0,36.73,2939.0
2022-01-07,8.75,8.9,8.55,8.65,8600,EQ,198.0,43.43,6142.0
2022-01-10,8.75,8.95,8.5,8.7,16323,EQ,358.0,45.59,9401.0
2022-01-11,8.7,8.95,8.7,8.8,10928,EQ,251.0,43.54,8582.0
2022-01-12,8.95,9.0,8.8,8.85,9719,EQ,178.0,54.6,7151.0
2022-01-13,9.0,9.45,8.85,9.0,77515,EQ,1090.0,71.11,46485.0
2022-01-14,8.9,8.95,8.75,8.85,6260,EQ,215.0,29.12,4012.0
2022-01-17,8.75,9.2,8.7,9.15,15037,EQ,419.0,35.89,11040.0
2022-01-18,9.2,9.3,9.1,9.1,9967,EQ,233.0,42.78,7007.0
2022-01-19,9.3,9.3,8.85,9.05,6626,EQ,186.0,35.62,4853.0
2022-01-20,9.45,9.45,8.9,9.1,23059,EQ,330.0,69.88,16010.0
2022-01-21,9.05,9.1,8.75,8.8,6567,EQ,204.0,32.19,3956.0
2022-01-24,9.1,9.1,8.6,8.65,7254,EQ,230.0,31.54,5527.0
2022-01-25,8.8,9.05,8.75,8.95,5264,EQ,134.0,39.28,3444.0
2022-01-27,9.05,9.85,8.65,9.55,93754,EQ,1369.0,68.48,56572.0
2022-01-28,9.8,10.05,9.5,9.7,55700,EQ,1660.0,33.55,34082.0
2022-01-31,9.75,9.95,9.35,9.6,23899,EQ,858.0,27.85,12745.0
2022-02-01,9.8,9.8,9.35,9.4,6334,EQ,223.0,28.4,4155.0
2022-02-02,9.35,9.85,9.35,9.7,9915,EQ,228.0,43.49,6068.0
2022-02-03,9.8,9.85,9.5,9.75,9961,EQ,208.0,47.89,7148.0
2022-02-04,9.85,10.3,9.5,9.7,15515,EQ,431.0,36.0,8873.0
2022-02-07,11.65,11.65,11.65,11.65,62285,EQ,648.0,96.12,62275.0
2022-02-08,13.7,14.0,12.85,14.0,381642,EQ,6204.0,61.52,127408.0
2022-02-09,14.3,14.7,12.6,12.65,208159,EQ,16933.0,12.29,94244.0
2022-02-10,12.85,13.95,12.75,13.35,168075,EQ,3999.0,42.03,79525.0
2022-02-11,13.1,14.3,12.55,13.45,79323,EQ,4127.0,19.22,32752.0
2022-02-14,13.0,13.05,12.1,12.35,40391,EQ,1146.0,35.25,25527.0
2022-02-15,13.0,13.6,12.25,12.9,41193,EQ,1348.0,30.56,19698.0
2022-02-16,13.6,13.6,12.05,12.55,41091,EQ,1104.0,37.22,21189.0
2022-02-17,12.8,12.95,12.3,12.5,25181,EQ,908.0,27.73,14383.0
2022-02-18,12.05,13.1,12.05,12.5,37117,EQ,901.0,41.2,16728.0
2022-02-21,12.5,12.9,12.2,12.3,15054,EQ,623.0,24.16,8458.0
2022-02-22,11.4,12.2,11.4,11.9,38585,EQ,728.0,53.0,28381.0
2022-02-23,12.45,13.1,12.2,13.1,31988,EQ,1466.0,21.82,16778.0
2022-02-24,12.5,12.95,11.9,12.1,43652,EQ,1390.0,31.4,24796.0
2022-02-25,12.7,13.3,12.5,13.25,41919,EQ,1110.0,37.76,26972.0
2022-02-28,13.0,14.55,12.8,14.5,86438,EQ,2299.0,37.6,43756.0
2022-03-02,15.2,15.95,14.8,15.95,50963,EQ,915.0,55.7,33714.0
2022-03-03,16.7,16.75,16.25,16.75,17669,EQ,315.0,56.09,14683.0
2022-03-04,17.1,17.6,16.55,17.55,159336,EQ,3896.0,40.9,63377.0
2022-03-07,17.55,17.55,16.7,16.7,20811,EQ,,,
2022-03-08,15.85,16.7,15.85,15.85,43083,EQ,1180.0,36.51,29984.0
2022-03-09,16.1,16.65,15.2,16.4,80568,EQ,2053.0,39.24,38863.0
2022-03-10,16.6,17.2,16.3,17.2,29317,EQ,825.0,35.54,14867.0
2022-03-11,17.9,18.05,16.8,17.1,37248,EQ,1433.0,25.99,23634.0
2022-03-14,17.1,17.3,16.3,16.6,21238,EQ,866.0,24.52,13469.0
2022-03-15,17.0,17.4,16.75,17.15,49331,EQ,1263.0,39.06,20879.0
2022-03-16,17.35,18.0,17.2,17.5,32086,EQ,1517.0,21.15,14697.0
2022-03-17,18.35,18.35,17.75,18.35,29264,EQ,847.0,34.55,19305.0
2022-03-21,19.2,19.3,18.15,19.3,52988,EQ,1616.0,32.79,26563.0
2022-03-22,20.1,20.25,19.6,20.25,35854,EQ,1008.0,35.57,23106.0
2022-03-23,20.55,21.25,20.55,21.25,13052,EQ,309.0,42.24,9166.0
2022-03-24,22.3,22.3,21.5,22.3,24571,EQ,488.0,50.35,20675.0
2022-03-25,23.4,23.45,21.2,21.2,73373,EQ,2322.0,31.6,46114.0
2022-03-28,20.15,20.15,20.15,20.15,7170,EQ,218.0,32.89,7170.0
2022-03-29,19.15,21.15,19.15,20.35,141653,EQ,4035.0,35.11,52739.0
2022-03-30,20.3,21.25,19.35,19.75,113392,EQ,3043.0,37.26,47688.0
2022-03-31,20.0,20.45,19.5,20.25,33955,EQ,1223.0,27.76,13973.0
2022-04-01,20.25,20.8,19.85,20.0,22639,EQ,889.0,25.47,15539.0
2022-04-04,19.9,19.9,19.25,19.7,21661,EQ,1139.0,19.02,12490.0
2022-04-05,20.25,20.65,19.3,20.5,26177,EQ,871.0,30.05,18677.0
2022-04-06,21.3,21.3,20.6,20.75,17820,EQ,895.0,19.91,10057.0
2022-04-07,20.7,20.7,19.7,19.8,25861,EQ,861.0,30.04,15553.0
2022-04-08,19.45,20.0,18.9,19.45,59429,EQ,1304.0,45.57,30920.0
2022-04-11,19.9,20.4,19.2,20.2,28309,EQ,889.0,31.84,17603.0
2022-04-12,20.2,20.95,19.75,20.1,30635,EQ,904.0,33.89,15279.0
2022-04-13,20.1,21.1,20.1,21.1,33832,EQ,859.0,39.39,22122.0
2022-04-18,21.15,21.7,20.75,21.2,52556,EQ,1473.0,35.68,31113.0
2022-04-19,21.9,21.9,20.4,20.7,57495,EQ,1242.0,46.29,28706.0
2022-04-20,20.35,21.7,20.3,21.6,52912,EQ,1230.0,43.02,24407.0
2022-04-21,22.25,22.5,21.3,22.15,23634,EQ,1169.0,20.22,16161.0
2022-04-22,22.5,22.5,21.9,22.25,8831,EQ,414.0,21.33,6595.0
2022-04-25,21.5,21.8,21.1,21.2,43776,EQ,1107.0,39.54,28248.0
2022-04-26,20.55,22.2,20.55,21.9,18384,EQ,724.0,25.39,10667.0
2022-04-27,21.9,21.9,21.1,21.6,10920,EQ,475.0,22.99,8047.0
2022-04-28,22.35,22.35,21.8,22.1,12604,EQ,478.0,26.37,8697.0
2022-04-29,22.5,23.2,22.45,23.2,35530,EQ,993.0,35.78,25559.0
2022-05-02,23.5,24.2,22.1,23.25,60865,EQ,1851.0,32.88,29741.0
2022-05-04,24.0,24.4,23.2,23.6,47284,EQ,1525.0,31.01,26377.0
2022-05-05,24.55,24.7,23.85,24.1,28565,EQ,1161.0,24.6,18828.0
2022-05-06,23.25,24.2,23.05,24.0,37320,EQ,1744.0,21.4,25668.0
2022-05-09,23.2,25.15,23.2,25.15,31512,EQ,987.0,31.93,22704.0
2022-05-10,25.95,26.45,25.5,26.3,27126,EQ,565.0,48.01,18921.0
2022-05-12,28.0,28.95,27.6,28.9,85430,EQ,2941.0,29.05,47396.0
2022-05-13,28.95,30.0,27.45,28.2,86091,EQ,2603.0,33.07,50305.0
2022-05-16,29.1,29.6,28.0,29.45,46267,EQ,1458.0,31.73,26816.0
2022-05-17,30.05,30.9,29.5,30.85,46977,EQ,1517.0,30.97,27633.0
2022-05-18,31.95,32.4,31.05,32.35,44898,EQ,1636.0,27.44,26882.0
2022-05-19,32.0,32.0,30.75,30.95,61263,EQ,1341.0,45.68,33798.0
2022-05-20,31.3,32.25,29.55,31.0,74892,EQ,3342.0,22.41,41201.0
2022-05-23,31.3,32.4,31.25,32.2,31244,EQ,1223.0,25.55,23385.0
2022-05-24,33.0,33.0,30.9,32.15,35488,EQ,1378.0,25.75,19494.0
2022-05-25,31.25,32.7,31.0,32.25,75390,EQ,1805.0,41.77,51503.0
2022-05-26,33.0,33.65,32.1,33.05,71452,EQ,1657.0,43.12,51609.0
2022-05-27,34.0,34.5,33.75,34.4,33348,EQ,1200.0,27.79,24734.0
2022-05-30,35.8,35.8,32.7,33.8,46471,BE,735.0,63.23,46471.0
2022-05-31,32.15,33.0,32.15,32.2,51033,BE,944.0,54.06,51033.0
2022-06-01,33.0,33.2,30.6,32.35,30323,BE,605.0,50.12,30323.0
2022-06-02,33.2,33.2,31.25,31.45,26921,BE,681.0,39.53,26921.0
2022-06-03,32.5,33.05,31.55,33.05,42790,BE,656.0,65.23,42790.0
2022-06-06,34.7,34.7,31.4,32.0,30284,BE,578.0,52.39,30284.0
2022-06-07,32.0,33.0,32.0,32.65,7083,BE,229.0,30.93,7083.0
2022-06-08,33.5,33.5,32.25,32.85,11150,BE,294.0,37.93,11150.0
2022-06-09,32.5,33.5,31.5,33.05,16499,BE,350.0,47.14,16499.0
2022-06-10,33.0,33.0,31.6,31.75,5071,BE,240.0,21.13,5071.0
2022-06-13,30.15,32.05,30.15,31.9,9038,BE,320.0,28.24,9038.0
2022-06-14,31.55,32.15,31.2,31.6,8321,BE,165.0,50.43,8321.0
2022-06-15,31.25,32.4,30.65,30.7,7189,BE,219.0,32.83,7189.0
2022-06-16,30.1,31.7,29.25,30.3,21693,BE,613.0,35.39,21693.0
2022-06-17,30.75,30.95,28.85,30.9,12052,BE,241.0,50.01,12052.0
2022-06-20,31.4,31.4,30.0,30.2,6004,BE,207.0,29.0,6004.0
2022-06-21,30.15,31.5,30.0,31.05,12416,BE,216.0,57.48,12416.0
2022-06-22,31.7,32.45,30.55,31.9,5547,BE,153.0,36.25,5547.0
2022-06-23,32.75,33.0,31.25,32.9,8909,BE,264.0,33.75,8909.0
2022-06-24,33.0,33.0,31.25,31.8,10441,BE,289.0,36.13,10441.0
2022-06-27,32.5,32.75,31.8,32.0,15361,BE,300.0,51.2,15361.0
2022-06-28,32.85,32.85,31.5,31.95,8810,BE,178.0,49.49,8810.0
2022-06-29,30.35,32.0,30.35,31.8,13977,BE,285.0,49.04,13977.0
2022-06-30,32.1,32.1,31.6,31.85,2083,BE,99.0,21.04,2083.0
2022-07-01,31.85,33.0,30.25,32.6,17156,BE,321.0,53.45,17156.0
2022-07-04,33.0,33.5,32.6,33.05,6703,BE,239.0,28.05,6703.0
2022-07-05,33.85,33.85,32.5,32.8,6353,BE,194.0,32.75,6353.0
2022-07-06,33.5,33.5,32.95,33.05,7182,BE,198.0,36.27,7182.0
2022-07-07,33.0,33.4,32.5,33.0,9070,BE,187.0,48.5,9070.0
2022-07-08,32.55,33.6,32.0,33.5,7892,BE,164.0,48.12,7892.0
2022-07-11,33.7,33.7,32.5,32.9,7254,BE,225.0,32.24,7254.0
2022-07-12,33.3,33.3,32.5,32.8,3890,BE,195.0,19.95,3890.0
2022-07-13,32.0,33.0,31.5,32.75,6819,BE,224.0,30.44,6819.0
2022-07-14,31.4,33.45,31.4,32.6,9743,BE,187.0,52.1,9743.0
2022-07-15,33.0,33.45,32.7,33.1,2695,BE,152.0,17.73,2695.0
2022-07-18,33.1,33.75,33.0,33.55,6975,BE,202.0,34.53,6975.0
2022-07-19,33.75,33.75,33.15,33.4,1846,BE,141.0,13.09,1846.0
2022-07-20,32.55,33.5,32.55,33.05,3318,BE,128.0,25.92,3318.0
2022-07-21,33.5,33.75,32.6,33.2,2314,BE,196.0,11.81,2314.0
2022-07-22,33.7,33.7,32.8,33.45,5555,BE,129.0,43.06,5555.0
2022-07-25,33.5,33.5,32.6,33.2,3701,BE,136.0,27.21,3701.0
2022-07-26,33.15,34.8,32.6,34.4,11846,BE,301.0,39.36,11846.0
2022-07-27,34.8,36.1,34.75,36.05,35970,BE,684.0,52.59,35970.0
2022-07-28,37.55,37.7,36.65,37.55,29431,BE,733.0,40.15,29431.0
2022-07-29,39.0,39.0,37.7,38.4,10617,BE,334.0,31.79,10617.0
2022-08-01,40.2,40.2,36.45,36.45,12378,BE,600.0,20.63,12378.0
2022-08-02,34.9,36.2,34.65,34.65,7283,BE,351.0,20.75,7283.0
2022-08-03,33.25,34.35,32.9,33.2,37066,BE,685.0,54.11,37066.0
2022-08-04,33.0,34.85,33.0,33.7,16712,BE,577.0,28.96,16712.0
2022-08-05,34.5,34.55,33.1,33.45,4404,BE,237.0,18.58,4404.0
2022-08-08,33.0,35.1,31.75,35.0,13111,BE,,,
2022-08-10,36.25,36.75,35.15,36.55,14600,BE,360.0,40.56,14600.0
2022-08-11,38.35,38.35,36.6,37.9,7939,BE,299.0,26.55,7939.0
2022-08-12,38.65,39.5,36.75,39.35,15398,BE,447.0,34.45,15398.0
2022-08-16,39.4,40.1,38.75,39.8,12833,BE,390.0,32.91,12833.0
2022-08-17,40.25,40.25,38.85,39.7,14853,BE,379.0,39.19,14853.0
2022-08-18,40.0,40.95,38.5,40.95,17927,BE,405.0,44.26,17927.0
2022-08-19,41.75,41.75,39.85,40.15,8711,BE,433.0,20.12,8711.0
2022-08-22,41.5,41.5,40.0,40.25,10054,BE,374.0,26.88,10054.0
2022-08-23,40.05,41.15,40.05,41.1,14596,BE,473.0,30.86,14596.0
2022-08-24,42.0,42.0,40.95,41.5,10170,BE,312.0,32.6,10170.0
2022-08-25,41.5,42.5,41.4,41.6,8645,BE,387.0,22.34,8645.0
2022-08-26,42.45,42.95,41.4,42.5,13833,BE,516.0,26.81,13833.0
2022-08-29,40.5,41.9,40.35,40.45,8977,BE,572.0,15.69,8977.0
2022-08-30,39.0,42.0,39.0,40.75,5385,BE,318.0,16.93,5385.0
2022-09-01,38.75,40.75,38.7,40.6,18736,BE,455.0,41.18,18736.0
2022-09-02,40.75,42.25,40.05,41.55,5678,BE,317.0,17.91,5678.0
2022-09-05,43.0,43.0,39.5,41.7,4933,BE,259.0,19.05,4933.0
2022-09-06,42.0,42.0,40.25,40.6,4963,BE,369.0,13.45,4963.0
2022-09-07,40.0,41.35,39.6,40.0,5201,BE,322.0,16.15,5201.0
2022-09-08,40.75,40.95,38.55,39.9,13591,BE,440.0,30.89,13591.0
2022-09-09,39.9,41.5,39.9,40.95,9478,BE,372.0,25.48,9478.0
2022-09-12,41.5,41.9,40.55,41.6,8285,BE,372.0,22.27,8285.0
2022-09-13,41.6,43.25,41.5,42.8,18366,BE,496.0,37.03,18366.0
2022-09-14,42.5,44.25,42.05,43.65,6205,BE,367.0,16.91,6205.0
2022-09-15,45.45,45.45,43.4,43.55,5041,BE,305.0,16.53,5041.0
2022-09-16,43.5,44.45,41.5,42.7,6075,BE,351.0,17.31,6075.0
2022-09-19,42.7,44.25,42.4,43.7,3982,BE,229.0,17.39,3982.0
2022-09-20,44.75,45.1,43.85,44.95,7116,BE,239.0,29.77,7116.0
2022-09-21,45.4,45.5,44.9,45.0,4271,BE,250.0,17.08,4271.0
2022-09-22,46.0,46.45,45.5,45.8,13554,BE,495.0,27.38,13554.0
2022-09-23,46.5,46.5,44.55,45.05,10011,BE,403.0,24.84,10011.0
2022-09-26,45.05,45.05,43.0,44.85,14051,BE,506.0,27.77,14051.0
2022-09-27,45.95,45.95,44.75,45.35,8971,BE,307.0,29.22,8971.0
2022-09-28,45.35,45.35,44.3,45.0,10861,BE,308.0,35.26,10861.0
2022-09-29,45.95,47.0,44.8,45.4,12780,BE,368.0,34.73,12780.0
2022-09-30,46.0,46.0,45.05,45.4,6593,BE,194.0,33.98,6593.0
2022-10-03,45.5,46.25,45.0,45.35,4623,BE,275.0,16.81,4623.0
2022-10-04,45.35,46.4,44.95,46.2,8406,BE,368.0,22.84,8406.0
2022-10-06,45.65,46.95,45.65,46.8,10847,BE,351.0,30.9,10847.0
2022-10-07,47.45,47.45,46.5,46.85,9366,BE,412.0,22.73,9366.0
2022-10-10,45.05,46.5,45.05,46.1,4331,BE,347.0,12.48,4331.0
2022-10-11,46.25,46.95,45.0,45.1,10650,BE,372.0,28.63,10650.0
2022-10-12,46.1,46.25,45.15,45.95,5447,BE,279.0,19.52,5447.0
2022-10-13,46.0,46.0,45.0,45.5,10277,BE,386.0,26.62,10277.0
2022-10-14,46.4,46.5,44.3,46.1,13048,BE,397.0,32.87,13048.0
2022-10-17,45.0,46.25,45.0,45.85,5480,BE,328.0,16.71,5480.0
2022-10-18,48.1,48.15,48.1,48.15,1839,BE,138.0,13.33,1839.0
2022-10-19,50.55,50.55,50.55,50.55,2741,BE,140.0,19.58,2741.0
2022-10-20,53.05,53.05,53.05,53.05,1124,BE,30.0,37.47,1124.0
2022-10-21,55.7,55.7,51.1,51.75,26602,BE,1017.0,26.16,26602.0
2022-10-24,53.8,53.8,51.0,52.4,6390,BE,327.0,19.54,6390.0
2022-10-25,50.1,52.0,49.8,49.8,5657,BE,368.0,15.37,5657.0
2022-10-27,47.3,47.3,47.3,47.3,4357,BE,308.0,14.15,4357.0
2022-10-28,44.95,49.0,44.95,45.75,31332,BE,1108.0,28.28,31332.0
2022-10-31,44.85,47.0,44.0,45.6,17055,BE,692.0,24.65,17055.0
2022-11-01,45.8,46.5,45.3,46.2,9380,BE,405.0,23.16,9380.0
2022-11-02,47.0,47.0,45.45,45.8,13045,BE,409.0,31.89,13045.0
2022-11-03,45.7,46.0,44.6,45.65,10025,BE,435.0,23.05,10025.0
2022-11-04,46.4,46.4,43.75,45.6,26349,BE,750.0,35.13,26349.0
2022-11-07,46.5,47.5,46.0,47.15,12027,BE,492.0,24.45,12027.0
2022-11-09,48.5,48.5,47.0,47.35,7523,BE,422.0,17.83,7523.0
2022-11-10,48.4,48.4,46.1,47.2,3363,BE,306.0,10.99,3363.0
2022-11-11,48.4,48.5,46.2,46.5,8190,BE,503.0,16.28,8190.0
2022-11-14,46.5,46.5,45.2,45.8,11328,BE,483.0,23.45,11328.0
2022-11-15,45.7,46.5,45.15,46.15,10792,BE,483.0,22.34,10792.0
2022-11-16,46.4,46.7,45.0,45.15,14386,BE,492.0,29.24,14386.0
2022-11-17,45.5,46.05,45.1,45.8,9837,BE,305.0,32.25,9837.0
2022-11-18,45.1,46.75,45.1,45.95,12527,BE,437.0,28.67,12527.0
2022-11-21,46.9,46.9,46.1,46.2,6995,BE,238.0,29.39,6995.0
2022-11-22,46.9,46.9,46.1,46.8,8216,BE,332.0,24.75,8216.0
2022-11-23,46.2,47.2,46.2,46.65,4005,BE,229.0,17.49,4005.0
2022-11-24,46.8,47.2,46.0,46.5,20483,BE,460.0,44.53,20483.0
2022-11-25,46.8,46.9,45.5,46.75,7373,BE,355.0,20.77,7373.0
2022-11-28,45.8,47.5,45.8,46.6,13878,BE,437.0,31.76,13878.0
2022-11-29,46.15,47.45,46.15,47.3,4605,BE,191.0,24.11,4605.0
2022-11-30,48.0,49.0,47.0,48.85,8550,BE,266.0,32.14,8550.0
2022-12-01,49.0,51.3,47.6,49.75,31994,BE,863.0,37.07,31994.0
2022-12-02,50.45,50.45,47.4,50.35,42679,BE,851.0,50.15,42679.0
2022-12-05,50.5,51.0,48.0,50.15,11356,BE,398.0,28.53,11356.0
2022-12-06,52.0,52.0,48.5,50.2,17656,BE,467.0,37.81,17656.0
2022-12-07,50.5,51.4,49.0,49.3,17537,BE,482.0,36.38,17537.0
2022-12-08,49.8,50.5,49.0,50.05,15536,BE,433.0,35.88,15536.0
2022-12-09,50.5,50.5,49.05,49.55,11514,BE,354.0,32.53,11514.0
2022-12-12,49.9,50.9,49.0,50.5,13515,BE,445.0,30.37,13515.0
2022-12-13,50.0,51.2,50.0,50.85,11324,BE,417.0,27.16,11324.0
2022-12-14,51.35,53.0,51.1,52.6,15840,BE,548.0,28.91,15840.0
2022-12-15,52.7,54.0,52.05,52.55,26977,BE,873.0,30.9,26977.0
2022-12-16,50.65,53.4,50.65,52.85,21256,BE,493.0,43.12,21256.0
2022-12-19,53.5,53.6,52.2,53.3,22227,BE,674.0,32.98,22227.0
2022-12-20,54.3,55.0,53.6,54.3,23295,BE,641.0,36.34,23295.0
2022-12-21,54.0,56.0,53.5,53.85,32379,BE,935.0,34.63,32379.0
2022-12-22,52.0,53.85,52.0,53.0,28109,BE,704.0,39.93,28109.0
2022-12-23,52.1,53.1,52.0,52.7,38470,BE,902.0,42.65,38470.0
2022-12-26,51.65,55.25,50.3,54.9,31433,BE,749.0,41.97,31433.0
2022-12-27,56.0,56.5,54.0,54.5,14034,BE,448.0,31.33,14034.0
2022-12-28,55.5,56.0,53.5,55.25,24498,BE,537.0,45.62,24498.0
2022-12-29,56.0,56.0,54.1,55.0,15966,BE,479.0,33.33,15966.0
2022-12-30,55.5,55.5,53.0,54.85,31001,BE,691.0,44.86,31001.0
2023-01-02,55.2,55.6,54.1,55.0,13497,BE,501.0,26.94,13497.0
2023-01-03,55.65,55.8,54.4,55.2,25793,BE,582.0,44.32,25793.0
2023-01-04,56.0,56.0,54.5,55.2,17358,BE,464.0,37.41,17358.0
2023-01-05,55.9,55.9,54.5,54.55,6635,BE,306.0,21.68,6635.0
2023-01-06,54.05,55.5,54.05,54.8,12504,BE,376.0,33.26,12504.0
2023-01-09,55.3,55.6,54.5,55.4,9487,BE,403.0,23.54,9487.0
2023-01-10,55.9,56.8,55.5,56.75,20635,BE,732.0,28.19,20635.0
2023-01-11,58.0,58.0,56.7,56.9,18623,BE,630.0,29.56,18623.0
2023-01-12,57.5,57.9,56.6,56.95,14762,BE,439.0,33.63,14762.0
2023-01-13,57.9,59.8,56.7,58.3,36343,BE,914.0,39.76,36343.0
2023-01-16,59.9,59.9,57.25,58.3,22482,BE,781.0,28.79,22482.0
2023-01-17,59.0,59.7,58.2,59.05,17239,BE,514.0,33.54,17239.0
2023-01-18,59.4,59.4,57.5,58.1,20608,BE,622.0,33.13,20608.0
2023-01-19,57.55,61.05,57.55,60.85,28048,BE,622.0,45.09,28048.0
2023-01-20,62.95,63.9,61.5,63.8,38961,BE,1114.0,34.97,38961.0
2023-01-23,64.8,67.0,64.0,66.1,47265,BE,1653.0,28.59,47265.0
2023-01-24,66.6,67.5,63.7,64.25,25797,BE,1278.0,20.19,25797.0
2023-01-25,63.7,65.5,61.3,62.6,23289,BE,1008.0,23.1,23289.0
2023-01-27,62.6,65.4,61.4,64.55,19096,BE,830.0,23.01,19096.0
2023-01-30,66.5,67.0,64.15,65.05,31178,BE,2014.0,15.48,31178.0
2023-01-31,66.0,67.0,63.6,63.8,17192,BE,955.0,18.0,17192.0
2023-02-01,63.85,65.0,62.2,62.6,16088,BE,815.0,19.74,16088.0
2023-02-02,63.9,64.0,60.8,63.5,10108,BE,574.0,17.61,10108.0
2023-02-03,64.0,65.0,62.8,63.1,12071,BE,563.0,21.44,12071.0
2023-02-06,63.5,63.5,61.8,62.4,10216,EQ,637.0,16.04,8030.0
2023-02-07,62.0,62.4,61.0,61.45,27837,EQ,1129.0,24.66,24790.0
2023-02-08,61.45,63.5,60.4,63.1,19321,EQ,682.0,28.33,16253.0
2023-02-09,65.5,65.5,62.0,63.85,19640,BE,801.0,24.52,19640.0
2023-02-10,63.0,64.8,63.0,63.65,15916,BE,498.0,31.96,15916.0
2023-02-13,63.05,64.5,63.05,64.1,13442,BE,439.0,30.62,13442.0
2023-02-14,64.65,64.65,63.6,63.9,5880,BE,340.0,17.29,5880.0
2023-02-15,64.6,64.6,62.9,63.3,15115,BE,458.0,33.0,15115.0
2023-02-16,62.25,63.3,62.25,62.65,13214,BE,436.0,30.31,13214.0
2023-02-17,62.8,64.2,62.0,64.05,7424,BE,360.0,20.62,7424.0
2023-02-20,64.5,64.5,63.15,64.05,7926,BE,484.0,16.38,7926.0
2023-02-21,62.6,64.35,61.5,63.0,13651,BE,487.0,28.03,13651.0
2023-02-22,64.0,64.0,61.8,62.1,11498,BE,493.0,23.32,11498.0
2023-02-23,61.75,62.0,61.0,61.6,18706,BE,438.0,42.71,18706.0
2023-02-24,62.0,62.8,61.5,62.2,4150,BE,250.0,16.6,4150.0
2023-02-27,61.5,62.5,59.1,61.9,31389,BE,627.0,50.06,31389.0
2023-02-28,61.9,64.0,61.5,63.0,14365,BE,404.0,35.56,14365.0
2023-03-01,63.9,64.3,63.0,64.05,9013,BE,364.0,24.76,9013.0
2023-03-02,64.0,65.3,64.0,64.35,8722,BE,336.0,25.96,8722.0
2023-03-03,64.6,67.55,63.15,66.75,36854,BE,788.0,46.77,36854.0
2023-03-06,67.5,69.45,66.9,67.0,20098,BE,593.0,33.89,20098.0
2023-03-08,63.65,66.55,63.65,65.55,10312,BE,478.0,21.57,10312.0
2023-03-09,65.55,65.55,64.0,64.1,7099,BE,422.0,16.82,7099.0
2023-03-10,65.2,65.2,62.2,62.9,15953,BE,584.0,27.32,15953.0
2023-03-13,61.5,62.85,59.8,60.45,18381,BE,804.0,22.86,18381.0
2023-03-14,61.2,61.2,57.5,59.1,10067,BE,725.0,13.89,10067.0
2023-03-15,60.0,60.8,58.5,59.05,5370,BE,331.0,16.22,5370.0
2023-03-16,59.05,61.0,59.0,60.3,6889,BE,280.0,24.6,6889.0
2023-03-17,61.95,61.95,59.9,60.45,4050,BE,270.0,15.0,4050.0
2023-03-20,63.0,63.0,58.3,59.45,5348,EQ,318.0,16.82,4427.0
2023-03-21,59.5,60.7,59.5,60.45,4363,EQ,358.0,12.19,3353.0
2023-03-22,60.6,61.65,60.0,61.3,6463,EQ,278.0,23.25,5418.0
2023-03-23,61.6,61.6,59.7,60.45,4690,EQ,429.0,10.93,2982.0
2023-03-24,61.2,61.2,59.8,60.6,3279,EQ,258.0,12.71,2184.0
2023-03-27,60.6,60.6,58.65,59.45,10899,EQ,457.0,23.85,8999.0
2023-03-28,59.45,59.45,57.0,57.25,14043,EQ,730.0,19.24,11529.0
2023-03-29,56.0,58.5,56.0,57.45,7656,EQ,347.0,22.06,5823.0
2023-03-31,57.0,59.5,55.0,56.85,13596,EQ,614.0,22.14,10234.0
2023-04-03,56.2,57.5,56.2,56.65,8615,EQ,634.0,13.59,6132.0
2023-04-05,54.9,58.0,54.9,57.85,6623,EQ,404.0,16.39,5091.0
2023-04-06,57.9,60.0,57.9,59.35,6611,EQ,375.0,17.63,5086.0
2023-04-10,60.4,60.5,58.6,58.7,5317,EQ,420.0,12.66,3607.0
2023-04-11,59.05,59.45,57.3,59.1,6465,EQ,363.0,17.81,4025.0
2023-04-12,58.0,60.5,58.0,60.0,5643,EQ,362.0,15.59,4403.0
2023-04-13,61.8,61.8,60.0,60.25,6919,EQ,394.0,17.56,5427.0
2023-04-17,60.25,61.2,58.95,60.6,7004,EQ,457.0,15.33,4403.0
2023-04-18,61.5,61.5,58.05,58.4,14398,EQ,655.0,21.98,11728.0
2023-04-19,58.5,59.0,58.0,58.15,8525,EQ,409.0,20.84,6814.0
2023-04-20,58.15,58.5,57.8,58.25,4223,EQ,261.0,16.18,3609.0
2023-04-21,58.7,58.7,57.4,57.6,6498,EQ,419.0,15.51,5154.0
2023-04-24,57.8,59.2,56.1,58.95,11746,EQ,563.0,20.86,8546.0
2023-04-25,56.6,58.4,56.6,57.45,15238,EQ,737.0,20.68,10906.0
2023-04-26,58.4,59.4,57.4,59.15,5817,EQ,343.0,16.96,3971.0
2023-04-27,59.4,60.2,58.1,58.9,12434,EQ,533.0,23.33,9345.0
2023-04-28,58.1,59.7,58.0,59.55,15977,EQ,495.0,32.28,11174.0
2023-05-02,59.55,60.7,59.5,59.65,14150,EQ,478.0,29.6,11728.0
2023-05-03,59.3,59.5,58.1,58.4,8654,EQ,401.0,21.58,6970.0
2023-05-04,58.5,59.8,57.0,57.4,15238,EQ,600.0,25.4,12020.0
2023-05-05,58.7,58.7,56.0,57.4,3768,EQ,245.0,15.38,2306.0
2023-05-08,57.4,58.8,56.7,57.0,10874,EQ,807.0,13.47,7653.0
2023-05-09,57.1,57.4,55.0,55.7,8771,EQ,762.0,11.51,6420.0
2023-05-10,55.0,57.2,55.0,57.05,7953,EQ,584.0,13.62,4949.0
2023-05-11,57.3,57.5,55.5,56.1,5704,EQ,499.0,11.43,4076.0
2023-05-12,56.85,56.85,54.45,55.9,16941,EQ,971.0,17.45,13675.0
2023-05-15,56.0,57.9,54.5,57.5,22884,EQ,1017.0,22.5,15691.0
2023-05-16,57.9,58.0,56.5,57.25,9089,EQ,529.0,17.18,5956.0
2023-05-17,57.8,59.25,57.5,59.0,13965,EQ,526.0,26.55,11421.0
2023-05-18,60.3,60.7,59.0,59.45,16830,EQ,657.0,25.62,13875.0
2023-05-19,59.7,59.9,58.0,59.05,8114,EQ,422.0,19.23,5633.0
2023-05-22,59.7,61.15,59.1,59.4,12311,EQ,474.0,25.97,9261.0
2023-05-23,59.7,59.7,57.75,58.1,9174,EQ,377.0,24.33,7559.0
2023-05-24,58.15,61.0,58.15,60.25,23111,EQ,941.0,24.56,15511.0
2023-05-25,62.0,62.3,61.2,61.5,9249,EQ,450.0,20.55,7594.0
2023-05-26,61.65,63.0,59.65,62.4,20352,EQ,658.0,30.93,16031.0
2023-05-29,62.6,62.7,61.2,61.35,4522,EQ,346.0,13.07,2977.0
2023-05-30,61.6,62.3,61.0,62.15,8440,EQ,294.0,28.71,6754.0
2023-05-31,62.0,62.5,61.5,61.85,4573,EQ,294.0,15.55,3025.0
2023-06-01,61.85,62.1,61.5,61.85,2058,EQ,201.0,10.24,1087.0
2023-06-02,62.4,64.8,62.1,62.35,13090,EQ,507.0,25.82,8865.0
2023-06-05,62.5,62.9,61.1,61.85,16221,EQ,627.0,25.87,12749.0
2023-06-06,61.75,62.3,61.3,61.7,6042,EQ,275.0,21.97,4417.0
2023-06-07,62.1,63.5,61.25,63.2,28815,EQ,1004.0,28.7,20649.0
2023-06-08,63.5,65.0,62.55,62.65,7408,EQ,473.0,15.66,5297.0
2023-06-09,62.65,62.95,61.9,62.45,5930,EQ,377.0,15.73,4693.0
2023-06-12,63.7,63.7,61.5,61.75,8224,EQ,416.0,19.77,6665.0
2023-06-13,62.0,63.5,61.0,63.0,17668,EQ,835.0,21.16,13966.0
2023-06-14,62.9,66.3,62.9,65.15,50904,EQ,2281.0,22.32,32593.0
2023-06-15,65.4,66.3,64.1,64.5,15785,EQ,1010.0,15.63,9987.0
2023-06-16,64.5,65.15,64.1,64.55,18909,EQ,1023.0,18.48,14940.0
2023-06-19,65.2,65.35,63.65,63.85,5079,EQ,546.0,9.3,3043.0
2023-06-20,64.3,64.35,63.0,63.25,8793,EQ,576.0,15.27,6628.0
2023-06-21,63.25,63.6,62.5,62.65,11317,EQ,725.0,15.61,8286.0
2023-06-22,63.0,64.0,62.0,62.4,7090,EQ,440.0,16.11,5354.0
2023-06-23,62.4,64.7,61.5,61.7,12097,EQ,590.0,20.5,8774.0
2023-06-26,61.7,62.4,61.3,61.6,4415,EQ,394.0,11.21,3021.0
2023-06-27,61.3,62.1,61.0,61.1,7378,EQ,457.0,16.14,5450.0
2023-06-28,60.0,61.5,59.7,60.3,11772,EQ,743.0,15.84,8604.0
2023-06-30,61.5,61.5,57.2,59.25,28933,EQ,1984.0,14.58,21298.0
2023-07-03,59.3,61.5,59.3,61.3,15177,EQ,825.0,18.4,12292.0
2023-07-04,61.3,63.0,60.7,62.75,19313,EQ,1242.0,15.55,14468.0
2023-07-05,63.0,63.85,62.7,62.85,9502,EQ,700.0,13.57,7140.0
2023-07-06,62.85,63.9,62.5,63.4,7798,EQ,577.0,13.51,5856.0
2023-07-07,62.0,63.4,61.7,62.55,6135,EQ,553.0,11.09,4002.0
2023-07-10,62.55,63.3,61.75,62.65,6639,EQ,438.0,15.16,5481.0
2023-07-11,62.4,63.0,61.5,62.3,8094,EQ,559.0,14.48,5848.0
2023-07-12,62.1,63.5,62.1,63.1,7293,EQ,480.0,15.19,5419.0
2023-07-13,64.0,64.9,62.8,64.7,15313,EQ,897.0,17.07,10634.0
2023-07-14,65.0,67.0,64.5,64.7,39037,EQ,2058.0,18.97,21867.0
2023-07-17,65.5,65.65,64.65,64.9,6750,EQ,577.0,11.7,4107.0
2023-07-18,65.3,65.3,63.1,63.55,6632,EQ,497.0,13.34,5125.0
2023-07-19,63.2,64.5,63.2,63.5,6404,EQ,615.0,10.41,3861.0
2023-07-20,63.2,64.15,62.6,63.2,11076,EQ,518.0,21.38,8012.0
2023-07-21,63.0,63.5,61.95,62.2,10450,EQ,722.0,14.47,7657.0
2023-07-24,62.2,62.6,61.5,61.7,8570,EQ,667.0,12.85,6494.0
2023-07-25,61.9,62.0,61.1,61.4,6761,EQ,442.0,15.3,4891.0
2023-07-26,60.8,61.9,60.8,61.0,7994,EQ,549.0,14.56,6003.0
2023-07-27,61.0,61.5,60.1,60.85,7933,EQ,513.0,15.46,6082.0
2023-07-28,60.9,61.5,58.65,61.0,17698,EQ,849.0,20.85,11511.0
2023-07-31,62.1,62.1,60.35,60.45,6904,EQ,612.0,11.28,4880.0
2023-08-01,61.0,61.4,60.0,60.1,12149,EQ,875.0,13.88,8704.0
2023-08-02,60.0,61.0,59.8,60.5,6344,EQ,570.0,11.13,4572.0
2023-08-03,60.3,60.3,58.45,58.85,11627,EQ,1033.0,11.26,6793.0
2023-08-04,58.85,60.95,58.15,60.8,11821,EQ,887.0,13.33,7155.0
2023-08-07,61.0,64.25,55.8,60.25,100388,EQ,6510.0,15.42,57787.0
2023-08-08,59.05,60.7,59.0,59.15,17786,EQ,1129.0,15.75,11358.0
2023-08-09,59.0,60.0,58.3,59.35,13627,EQ,832.0,16.38,11175.0
2023-08-10,59.9,60.4,58.7,60.15,9638,EQ,734.0,13.13,6196.0
2023-08-11,60.05,60.05,58.8,58.95,8731,EQ,649.0,13.45,5356.0
2023-08-14,59.0,59.25,58.5,58.65,4644,EQ,464.0,10.01,3003.0
2023-08-16,57.75,59.4,57.75,59.0,21046,EQ,787.0,26.74,17448.0
2023-08-17,59.5,60.4,58.2,59.55,30259,EQ,1498.0,20.2,22476.0
2023-08-18,60.0,64.8,59.8,63.2,92563,EQ,5042.0,18.36,44465.0
2023-08-21,64.0,64.7,63.5,63.8,21916,EQ,1717.0,12.76,13672.0
2023-08-22,64.3,64.45,63.1,63.2,13335,EQ,982.0,13.58,8373.0
2023-08-23,63.6,63.6,63.0,63.2,5542,EQ,451.0,12.29,3991.0
2023-08-24,63.7,64.2,63.05,63.55,14731,EQ,1084.0,13.59,6618.0
2023-08-25,63.5,63.85,62.75,63.1,8772,EQ,679.0,12.92,5264.0
2023-08-28,63.45,64.35,63.05,63.5,22374,EQ,1321.0,16.94,13179.0
2023-08-29,63.9,66.6,61.15,63.25,60280,EQ,4332.0,13.92,27833.0
2023-08-30,63.85,63.9,62.15,63.1,12583,EQ,1299.0,9.69,7218.0
2023-08-31,63.2,63.7,62.1,62.85,14770,EQ,999.0,14.78,9917.0
2023-09-01,63.0,64.0,62.7,63.6,9191,EQ,715.0,12.85,5480.0
2023-09-04,63.9,64.5,63.0,63.3,14295,EQ,1085.0,13.18,7371.0
2023-09-05,63.3,64.4,63.25,63.55,21327,EQ,979.0,21.78,12737.0
2023-09-06,64.45,64.65,62.8,63.25,15170,EQ,877.0,17.3,9665.0
2023-09-07,63.25,63.8,62.95,63.15,7858,EQ,699.0,11.24,5123.0
2023-09-08,63.15,63.55,62.2,62.75,5300,EQ,463.0,11.45,3908.0
2023-09-11,62.6,63.4,61.15,62.45,12293,EQ,958.0,12.83,6866.0
2023-09-12,62.5,62.8,60.0,60.3,9328,EQ,792.0,11.78,6129.0
2023-09-13,60.3,60.7,58.5,59.7,9807,EQ,1125.0,8.72,5813.0
2023-09-14,59.7,60.9,59.7,60.5,2665,EQ,468.0,5.69,1636.0
2023-09-15,60.6,61.5,60.1,60.8,7182,EQ,763.0,9.41,4245.0
2023-09-18,60.8,61.5,60.15,60.75,11378,EQ,941.0,12.09,9088.0
2023-09-20,60.8,61.7,60.6,61.35,5150,EQ,656.0,7.85,4075.0
2023-09-21,61.5,61.5,60.5,60.7,9602,EQ,552.0,17.39,8061.0
2023-09-22,60.65,63.4,60.25,62.85,21415,EQ,1258.0,17.02,16623.0
2023-09-25,63.0,64.0,62.4,63.1,17137,EQ,1084.0,15.81,12779.0
2023-09-26,63.9,63.9,61.6,61.95,16780,EQ,1349.0,12.44,8823.0
2023-09-27,61.1,62.9,61.1,61.8,5987,EQ,531.0,11.27,4260.0
2023-09-28,61.0,62.8,60.2,60.8,21113,EQ,991.0,21.3,17925.0
2023-09-29,60.3,61.55,60.3,61.1,22167,EQ,837.0,26.48,19326.0
2023-10-03,60.5,61.3,60.3,60.65,3747,EQ,574.0,6.53,2193.0
2023-10-04,60.05,61.0,59.5,60.35,5538,EQ,690.0,8.03,3664.0
2023-10-05,60.35,61.4,60.35,61.15,4848,EQ,445.0,10.89,3848.0
2023-10-06,60.6,61.55,60.5,61.05,8655,EQ,465.0,18.61,6493.0
2023-10-09,60.6,61.5,60.25,60.45,8591,EQ,769.0,11.17,4878.0
2023-10-10,62.0,62.0,60.5,60.8,8175,EQ,588.0,13.9,6032.0
2023-10-11,61.4,61.4,60.1,60.55,9137,EQ,611.0,14.95,7233.0
2023-10-12,60.3,61.15,60.3,60.7,7329,EQ,320.0,22.9,5401.0
2023-10-13,60.1,60.7,60.0,60.05,4454,EQ,387.0,11.51,3572.0
2023-10-16,60.2,62.5,60.0,60.4,9803,EQ,888.0,11.04,5078.0
2023-10-17,61.2,61.9,60.3,60.85,21504,EQ,1242.0,17.31,13850.0
2023-10-18,61.2,61.3,60.0,60.4,12638,EQ,1091.0,11.58,8657.0
2023-10-19,61.1,61.6,59.95,61.25,43593,EQ,2430.0,17.94,31479.0
2023-10-20,64.0,69.65,63.0,63.7,56760,EQ,5238.0,10.84,28312.0
2023-10-23,64.65,64.65,61.6,62.65,18015,EQ,1561.0,11.54,10183.0
2023-10-25,62.65,64.3,61.8,61.9,19269,EQ,2822.0,6.83,6395.0
2023-10-26,61.8,61.8,59.05,60.6,22793,EQ,2565.0,8.89,9547.0
2023-10-27,59.8,62.4,57.7,60.85,23972,EQ,1853.0,12.94,14033.0
2023-10-30,60.85,62.2,59.05,61.7,41612,EQ,2575.0,16.16,26444.0
2023-10-31,61.7,62.5,59.4,59.95,18606,EQ,1624.0,11.46,9762.0
2023-11-01,59.8,61.3,59.6,59.7,7955,EQ,1050.0,7.58,3478.0
2023-11-02,60.4,60.4,59.1,59.5,7226,EQ,338.0,21.38,5577.0
2023-11-03,59.0,60.4,59.0,59.85,9555,EQ,626.0,15.26,7191.0
2023-11-06,58.85,60.0,58.6,58.8,15010,EQ,546.0,27.49,11748.0
2023-11-07,58.6,59.3,57.55,57.6,15905,EQ,833.0,19.09,11167.0
2023-11-08,58.0,58.0,54.0,54.3,59104,EQ,2321.0,25.46,41234.0
2023-11-09,54.6,56.0,53.05,54.4,19150,EQ,1265.0,15.14,10431.0
2023-11-10,55.0,55.0,53.6,54.1,12136,EQ,681.0,17.82,6824.0
2023-11-12,54.2,54.9,54.2,54.55,2146,EQ,194.0,11.06,1775.0
2023-11-13,54.45,54.7,53.6,54.1,7821,EQ,634.0,12.34,5316.0
2023-11-15,53.7,54.6,53.3,53.7,11958,EQ,928.0,12.89,7079.0
2023-11-16,54.45,55.15,53.8,54.45,15980,EQ,1479.0,10.8,8785.0
2023-11-17,54.8,54.8,53.8,54.15,8677,EQ,819.0,10.59,5101.0
2023-11-20,54.0,54.85,53.2,54.0,15568,EQ,1081.0,14.4,8250.0
2023-11-21,54.6,54.6,53.0,53.2,27495,EQ,1389.0,19.79,21134.0
2023-11-22,53.0,53.7,52.4,52.7,18244,EQ,1126.0,16.2,13187.0
2023-11-23,52.6,52.9,51.6,51.7,12467,EQ,1085.0,11.49,7681.0
2023-11-24,51.7,53.25,51.6,52.6,15814,EQ,1106.0,14.3,8715.0
2023-11-28,53.0,53.0,51.6,52.15,9822,EQ,994.0,9.88,6017.0
2023-11-29,52.4,52.7,51.0,51.2,10151,EQ,1009.0,10.06,6527.0
2023-11-30,51.2,52.4,51.2,51.75,7921,EQ,654.0,12.11,4437.0
2023-12-01,51.75,58.8,51.75,55.45,119606,EQ,3444.0,34.73,57493.0
2023-12-04,57.4,60.35,56.8,58.05,80369,EQ,1796.0,44.75,52537.0
2023-12-05,58.2,58.95,56.3,56.75,24487,EQ,832.0,29.43,13894.0
2023-12-06,57.8,57.8,55.6,55.95,9442,EQ,719.0,13.13,5914.0
2023-12-07,56.25,57.8,55.65,56.8,15044,EQ,770.0,19.54,7242.0
2023-12-08,57.0,57.8,54.65,56.4,15679,EQ,1072.0,14.63,7709.0
2023-12-11,56.4,57.55,55.8,56.3,7522,EQ,840.0,8.95,3763.0
2023-12-12,56.15,57.2,55.0,55.35,9170,EQ,843.0,10.88,5753.0
2023-12-13,54.85,56.15,53.6,54.15,13846,EQ,962.0,14.39,9895.0
2023-12-14,54.4,55.4,54.05,55.1,5801,EQ,699.0,8.3,3483.0
2023-12-15,55.4,62.0,55.1,59.95,90567,EQ,2586.0,35.02,65975.0
2023-12-18,67.0,68.8,62.4,63.25,215159,EQ,4837.0,44.48,113975.0
2023-12-19,63.25,64.45,61.1,61.2,32001,EQ,1829.0,17.5,19486.0
2023-12-20,61.4,62.3,57.0,58.0,52827,EQ,1948.0,27.12,40947.0
2023-12-21,58.0,60.0,56.2,58.75,63245,EQ,2708.0,23.35,42462.0
2023-12-22,59.0,60.8,59.0,59.25,24196,EQ,1871.0,12.93,13728.0
2023-12-26,60.0,61.0,59.0,59.4,33037,EQ,3142.0,10.51,17627.0
2023-12-27,59.7,59.8,58.75,59.1,6866,EQ,502.0,13.68,4714.0
2023-12-28,59.4,60.4,58.8,59.2,9524,EQ,458.0,20.79,6567.0
2023-12-29,59.2,59.4,58.4,59.15,16082,EQ,516.0,31.17,12574.0
2024-01-01,59.75,60.2,58.1,58.9,43081,EQ,881.0,48.9,36040.0
2024-01-02,59.4,59.5,58.2,59.05,37678,EQ,962.0,39.17,27953.0
2024-01-03,58.6,59.0,58.2,58.3,9722,EQ,733.0,13.26,5343.0
2024-01-04,58.7,58.95,58.25,58.6,26472,EQ,444.0,59.62,21672.0
2024-01-05,58.8,59.05,58.2,58.35,12195,EQ,719.0,16.96,8016.0
2024-01-08,58.2,58.95,56.75,57.45,80434,EQ,1979.0,40.64,63893.0
2024-01-09,57.7,58.8,57.0,57.25,31144,EQ,1282.0,24.29,20942.0
2024-01-10,57.5,58.25,56.4,57.15,32419,EQ,1139.0,28.46,23189.0
2024-01-11,58.0,58.4,56.6,57.45,22176,EQ,1431.0,15.5,11653.0
2024-01-12,57.75,57.75,56.4,56.65,47432,EQ,1256.0,37.76,35956.0
2024-01-15,57.8,57.8,56.8,57.4,15045,EQ,1176.0,12.79,8933.0
2024-01-16,57.4,58.45,56.6,56.85,30758,EQ,1274.0,24.14,21887.0
2024-01-17,56.4,57.0,55.6,56.0,12001,EQ,691.0,17.37,7999.0
2024-01-18,56.0,57.2,55.15,55.7,19255,EQ,939.0,20.51,9826.0
2024-01-19,55.7,56.65,54.1,54.9,17039,EQ,1396.0,12.21,10485.0
2024-01-20,55.2,55.9,54.2,54.75,10878,EQ,632.0,17.21,8074.0
2024-01-23,55.55,58.8,54.5,55.65,45641,EQ,1813.0,25.17,27230.0
2024-01-24,55.8,56.2,54.0,54.2,15709,EQ,1067.0,14.72,8712.0
2024-01-25,54.2,56.75,54.2,55.85,19222,EQ,1209.0,15.9,11600.0
2024-01-29,56.1,58.0,54.4,54.55,19387,EQ,1215.0,15.96,10486.0
2024-01-30,54.85,55.2,52.95,54.0,28093,EQ,1479.0,18.99,18931.0
2024-01-31,54.6,55.0,54.0,54.3,10799,EQ,985.0,10.96,6025.0
2024-02-01,54.2,54.95,53.1,53.9,19070,EQ,976.0,19.54,11936.0
2024-02-02,53.8,54.7,52.6,53.5,24209,EQ,1307.0,18.52,15545.0
2024-02-05,52.45,54.4,52.25,52.5,22121,EQ,890.0,24.86,17571.0
2024-02-06,52.0,53.2,51.6,52.05,24602,EQ,1062.0,23.17,18538.0
2024-02-07,52.3,52.75,52.0,52.25,9534,EQ,610.0,15.63,6013.0
2024-02-08,52.4,52.8,51.75,52.45,11918,EQ,515.0,23.14,9159.0
2024-02-09,52.7,52.75,51.4,51.7,14124,EQ,902.0,15.66,8317.0
2024-02-12,51.7,52.15,48.65,50.55,34768,EQ,1428.0,24.35,13951.0
2024-02-13,52.0,52.8,48.25,49.25,58900,EQ,2074.0,28.4,43624.0
2024-02-14,49.6,50.0,48.9,49.25,11999,EQ,740.0,16.21,9020.0
2024-02-15,50.0,50.0,48.6,48.7,9114,EQ,795.0,11.46,5373.0
2024-02-16,48.7,49.6,47.9,48.75,12042,EQ,980.0,12.29,6727.0
2024-02-19,48.75,49.0,47.25,48.65,17968,EQ,1250.0,14.37,11550.0
2024-02-20,48.2,49.75,47.25,48.55,25510,EQ,991.0,25.74,15912.0
2024-02-21,48.1,49.0,47.9,48.1,16129,EQ,1016.0,15.88,8031.0
2024-02-22,48.35,48.65,47.45,47.95,11971,EQ,842.0,14.22,7818.0
2024-02-23,47.4,49.95,47.4,49.35,34278,EQ,1647.0,20.81,21951.0
2024-02-26,49.4,51.3,49.05,50.0,39561,EQ,2875.0,13.76,16669.0
2024-02-27,50.8,52.4,49.4,51.35,22854,EQ,1221.0,18.72,15390.0
2024-02-28,52.8,54.6,52.0,53.9,47030,EQ,1999.0,23.53,31049.0
2024-02-29,53.9,54.3,52.55,53.75,19251,EQ,1043.0,18.46,12041.0
2024-03-01,53.2,59.5,52.95,57.6,126669,EQ,4290.0,29.53,70100.0
2024-03-02,57.6,58.75,57.0,57.15,13158,EQ,250.0,52.63,12206.0
2024-03-04,56.6,57.75,54.3,55.65,23322,EQ,1391.0,16.77,14262.0
2024-03-05,55.1,56.6,55.1,55.55,34442,EQ,577.0,59.69,31024.0
2024-03-06,55.55,58.8,54.85,58.0,78378,EQ,1989.0,39.41,54579.0
2024-03-07,57.7,58.8,55.6,56.1,48862,EQ,1407.0,34.73,38992.0
2024-03-11,55.55,56.0,53.05,54.35,44052,EQ,1421.0,31.0,30512.0
2024-03-12,53.5,53.8,51.35,52.0,14421,EQ,1102.0,13.09,9610.0
2024-03-13,52.0,52.25,47.2,48.1,16551,EQ,1360.0,12.17,10034.0
2024-03-14,47.6,53.65,47.6,51.3,54107,EQ,2299.0,23.54,35226.0
2024-03-15,51.55,52.6,49.15,49.9,11221,EQ,831.0,13.5,8105.0
2024-03-18,50.2,51.6,49.15,49.45,5900,EQ,479.0,12.32,3682.0
2024-03-19,49.7,50.0,48.0,48.5,7131,EQ,446.0,15.99,5222.0
2024-03-20,49.45,49.7,47.15,47.5,30519,EQ,749.0,40.75,24889.0
2024-03-21,48.0,52.4,48.0,48.5,72888,EQ,2029.0,35.92,28063.0
2024-03-22,48.75,51.2,48.2,48.4,33102,EQ,841.0,39.36,19556.0
2024-03-26,49.2,49.2,48.0,48.65,13654,EQ,718.0,19.02,8627.0
2024-03-27,48.8,49.9,47.6,47.7,12645,EQ,629.0,20.1,8882.0
2024-03-28,47.25,48.8,47.2,48.25,19394,EQ,937.0,20.7,13036.0
2024-04-01,48.25,49.75,48.15,48.95,9676,EQ,816.0,11.86,4773.0
2024-04-02,48.95,49.45,48.4,49.2,7534,EQ,532.0,14.16,3898.0
2024-04-03,49.4,49.85,48.35,48.7,13625,EQ,692.0,19.69,8754.0
2024-04-04,48.8,49.55,48.5,48.7,13282,EQ,602.0,22.06,9012.0
2024-04-05,48.9,49.3,48.4,48.75,7124,EQ,524.0,13.6,4580.0
2024-04-08,49.0,50.4,47.6,48.3,18364,EQ,596.0,30.81,13522.0
2024-04-09,48.3,49.75,45.7,46.2,59553,EQ,2213.0,26.91,42815.0
2024-04-10,45.8,48.2,45.8,46.95,20395,EQ,1315.0,15.51,9780.0
2024-04-12,47.2,48.1,46.4,46.7,9944,EQ,835.0,11.91,5925.0
2024-04-15,44.6,47.8,44.4,46.9,27634,EQ,1025.0,26.96,13350.0
2024-04-16,47.75,49.3,47.0,48.15,16813,EQ,581.0,28.94,11119.0
2024-04-18,48.4,48.95,47.1,47.35,10523,EQ,501.0,21.0,8556.0
2024-04-19,47.1,47.15,45.8,46.1,15419,EQ,764.0,20.18,8712.0
2024-04-22,46.2,47.0,44.95,46.45,25437,EQ,988.0,25.75,17113.0
2024-04-23,46.7,48.85,46.35,47.65,35425,EQ,1384.0,25.6,23959.0
2024-04-24,47.8,48.0,47.05,47.1,14159,EQ,608.0,23.29,9187.0
2024-04-25,47.6,49.55,46.15,49.1,53606,EQ,1423.0,37.67,37392.0
2024-04-26,49.6,49.85,48.0,48.15,15103,EQ,727.0,20.77,10353.0
2024-04-29,49.0,49.25,47.6,47.85,7117,EQ,455.0,15.64,4590.0
2024-04-30,48.05,48.55,47.05,47.55,5418,EQ,332.0,16.32,3418.0
2024-05-02,46.7,47.7,46.7,47.1,4796,EQ,356.0,13.47,3304.0
2024-05-03,46.7,48.0,46.15,46.85,13025,EQ,448.0,29.07,8736.0
2024-05-06,47.1,47.35,46.0,46.25,10275,EQ,455.0,22.58,6357.0
2024-05-07,47.0,47.0,45.45,45.65,8563,EQ,351.0,24.4,5344.0
2024-05-08,45.8,45.85,45.0,45.15,11125,EQ,430.0,25.87,7095.0
2024-05-09,45.1,45.45,43.95,44.0,21495,EQ,454.0,47.35,15715.0
2024-05-10,44.25,46.5,44.05,44.3,10816,EQ,408.0,26.51,4230.0
2024-05-13,43.6,44.2,42.0,43.6,12097,EQ,510.0,23.72,6227.0
2024-05-14,43.8,46.0,43.8,45.3,12902,EQ,414.0,31.16,8159.0
2024-05-15,44.85,45.75,44.4,44.6,4761,EQ,302.0,15.76,2634.0
2024-05-16,44.8,45.6,44.5,45.4,4415,EQ,282.0,15.66,2620.0
2024-05-17,45.65,46.4,44.9,46.1,6820,EQ,312.0,21.86,5331.0
2024-05-18,44.8,45.65,44.65,45.25,4016,EQ,176.0,22.82,2431.0
2024-05-21,45.25,45.8,44.4,45.1,12195,EQ,479.0,25.46,7868.0
2024-05-22,44.8,47.8,44.8,46.8,44408,EQ,617.0,71.97,36759.0
2024-05-23,47.7,47.7,46.7,47.0,47039,EQ,321.0,146.54,43002.0
2024-05-24,47.15,48.8,47.0,48.3,56310,EQ,658.0,85.58,47723.0
2024-05-27,48.8,49.9,46.8,46.95,19694,EQ,1059.0,18.6,7884.0
2024-05-28,46.8,48.1,46.8,47.45,66926,EQ,1057.0,63.32,58422.0
2024-05-29,47.5,47.5,46.4,46.7,10610,EQ,677.0,15.67,6423.0
2024-05-30,46.6,47.5,45.55,46.0,27928,EQ,1249.0,22.36,21172.0
2024-05-31,46.0,47.4,45.35,46.1,42061,EQ,765.0,54.98,35799.0
2024-06-03,47.2,47.4,45.3,46.95,64639,EQ,1235.0,52.34,54383.0
2024-06-04,47.8,47.8,42.65,44.65,101354,EQ,779.0,130.11,94531.0
2024-06-05,44.9,45.7,44.1,44.55,86082,EQ,1317.0,65.36,75057.0
2024-06-06,44.15,46.25,44.15,45.7,102974,EQ,1791.0,57.5,87330.0
2024-06-07,45.65,47.0,45.5,46.0,17738,EQ,643.0,27.59,12883.0
2024-06-10,46.2,47.7,45.0,45.75,29323,EQ,916.0,32.01,20796.0
2024-06-11,45.95,47.0,45.2,46.0,41541,EQ,986.0,42.13,33624.0
2024-06-12,45.6,46.15,45.5,45.5,14083,EQ,575.0,24.49,8706.0
2024-06-13,45.6,46.4,45.6,45.95,35068,EQ,566.0,61.96,30383.0
2024-06-14,46.2,46.95,45.65,45.9,11194,EQ,520.0,21.53,5957.0
2024-06-18,46.1,48.25,45.9,48.05,71525,EQ,1381.0,51.79,56784.0
2024-06-19,48.55,49.3,47.35,47.9,69864,EQ,1229.0,56.85,46030.0
2024-06-20,47.6,50.9,46.7,49.75,117913,EQ,3735.0,31.57,62634.0
2024-06-21,50.6,50.65,47.6,48.0,72670,EQ,1915.0,37.95,47776.0
2024-06-24,48.9,48.9,45.6,45.9,54008,EQ,2189.0,24.67,33503.0
2024-06-25,46.1,47.15,45.0,45.5,32377,EQ,1587.0,20.4,17582.0
2024-06-26,45.55,46.9,45.55,46.45,8957,EQ,657.0,13.63,4205.0
2024-06-27,46.6,46.65,45.8,45.95,8756,EQ,741.0,11.82,4129.0
2024-06-28,46.1,46.55,45.6,45.65,12661,EQ,797.0,15.89,7347.0
2024-07-01,45.85,46.25,45.5,45.95,9282,EQ,421.0,22.05,4963.0
2024-07-02,45.4,46.55,45.4,46.15,6432,EQ,374.0,17.2,2186.0
2024-07-03,46.4,47.0,46.15,46.6,12264,EQ,486.0,25.23,5805.0
2024-07-04,46.15,46.75,45.95,46.5,11787,EQ,488.0,24.15,5880.0
2024-07-05,46.45,46.7,45.9,46.05,17556,EQ,721.0,24.35,10447.0
2024-07-08,46.05,47.6,44.6,45.45,23357,EQ,1075.0,21.73,11590.0
2024-07-09,46.2,46.4,45.5,45.75,11460,EQ,440.0,26.05,5343.0
2024-07-10,46.0,46.1,44.75,45.35,11978,EQ,476.0,25.16,7180.0
2024-07-11,46.1,46.1,45.5,45.65,8732,EQ,295.0,29.6,5901.0
2024-07-12,45.9,46.0,45.3,45.45,6549,EQ,321.0,20.4,4288.0
2024-07-15,45.7,45.7,44.5,44.9,13121,EQ,587.0,22.35,9724.0
2024-07-16,45.5,45.65,45.1,45.25,7747,EQ,363.0,21.34,3186.0
2024-07-18,45.0,45.55,44.6,44.8,18425,EQ,653.0,28.22,9279.0
2024-07-19,45.0,45.0,43.75,43.9,10418,EQ,487.0,21.39,7573.0
2024-07-22,43.2,45.0,43.2,44.4,14714,EQ,483.0,30.46,6447.0
2024-07-23,44.8,45.3,43.6,44.9,13229,EQ,501.0,26.41,4872.0
2024-07-24,45.2,45.4,44.95,45.05,9729,EQ,200.0,48.64,5799.0
2024-07-25,45.0,45.1,44.05,44.85,6705,EQ,226.0,29.67,3435.0
2024-07-26,45.6,45.6,44.6,44.85,6821,EQ,308.0,22.15,3831.0
2024-07-29,44.85,51.8,44.85,49.3,297745,EQ,4206.0,70.79,105152.0
2024-07-30,50.8,50.9,48.4,49.1,66850,EQ,1544.0,43.3,38443.0
2024-07-31,49.0,49.0,47.45,48.0,19326,EQ,750.0,25.77,13195.0
2024-08-01,48.25,48.3,45.6,46.3,16539,EQ,582.0,28.42,11416.0
2024-08-02,46.2,46.2,45.1,45.7,16724,EQ,497.0,33.65,9086.0
2024-08-05,45.1,45.6,43.9,44.25,18000,EQ,684.0,26.32,10467.0
2024-08-06,43.7,45.75,43.4,44.1,17824,EQ,520.0,34.28,4842.0
2024-08-07,44.35,45.0,44.35,44.55,9540,EQ,400.0,23.85,5258.0
2024-08-08,45.0,45.0,44.0,44.75,23835,EQ,1169.0,20.39,9499.0
2024-08-09,44.95,45.2,44.3,44.85,13581,EQ,900.0,15.09,5249.0
2024-08-12,44.6,44.6,43.6,43.9,25166,EQ,1163.0,21.64,12458.0
2024-08-13,43.9,44.6,43.8,43.9,8574,EQ,413.0,20.76,4384.0
2024-08-14,44.15,44.45,43.2,43.65,22626,EQ,1279.0,17.69,5492.0
2024-08-16,43.9,44.6,43.35,43.8,15085,EQ,1242.0,12.15,4557.0
2024-08-19,44.05,44.8,41.55,42.8,27542,EQ,1923.0,14.32,10032.0
2024-08-20,43.4,44.2,43.0,43.5,17677,EQ,1350.0,13.09,5762.0
2024-08-21,43.7,44.55,43.7,44.35,20047,EQ,1179.0,17.0,6958.0
2024-08-22,45.2,45.2,44.0,44.5,39147,EQ,2148.0,18.22,21030.0
2024-08-23,45.0,45.15,43.6,43.9,20375,EQ,1367.0,14.9,9554.0
2024-08-26,45.0,45.0,44.0,44.65,23313,EQ,1415.0,16.48,8717.0
2024-08-27,44.9,45.3,43.8,43.95,46396,EQ,2038.0,22.77,27599.0
2024-08-28,44.15,45.0,43.5,43.75,34963,EQ,1290.0,27.1,17127.0
2024-08-29,44.2,44.7,43.65,44.3,16884,EQ,669.0,25.24,8536.0
2024-08-30,44.4,44.7,43.8,43.9,9396,EQ,566.0,16.6,5053.0
2024-09-02,44.4,44.8,43.65,44.05,25409,EQ,1503.0,16.91,8439.0
2024-09-03,44.2,44.6,43.35,44.05,14935,EQ,1015.0,14.71,5360.0
2024-09-04,44.3,44.55,43.6,44.0,7182,EQ,378.0,19.0,3870.0
2024-09-05,44.2,44.3,43.7,43.85,10787,EQ,559.0,19.3,6851.0
2024-09-06,43.85,44.2,42.8,43.65,20737,EQ,1606.0,12.91,5245.0
2024-09-09,43.65,44.15,43.4,43.6,10216,EQ,653.0,15.64,5214.0
2024-09-10,43.6,44.0,43.25,43.55,11640,EQ,884.0,13.17,5288.0
2024-09-11,43.75,43.75,43.0,43.15,16169,EQ,1250.0,12.94,6717.0
2024-09-12,43.35,44.0,42.85,43.35,14774,EQ,1698.0,8.7,2911.0
2024-09-13,43.95,43.95,43.2,43.5,14135,EQ,1273.0,11.1,4947.0
2024-09-16,43.4,43.75,43.2,43.4,10208,EQ,760.0,13.43,5602.0
2024-09-17,43.55,43.55,42.4,43.05,44031,EQ,1454.0,30.28,33377.0
2024-09-18,42.65,44.4,42.65,43.65,9056,EQ,548.0,16.53,6443.0
2024-09-19,45.2,45.2,42.8,44.25,19716,EQ,731.0,26.97,11569.0
2024-09-20,44.4,44.4,43.2,44.05,20065,EQ,2030.0,9.88,4981.0
2024-09-23,44.4,44.4,43.15,43.65,20341,EQ,1509.0,13.48,5577.0
2024-09-24,43.85,43.95,43.05,43.2,19755,EQ,1907.0,10.36,7893.0
2024-09-25,43.8,43.8,43.0,43.5,17902,EQ,2653.0,6.75,3629.0
2024-09-26,43.7,43.7,43.0,43.25,10558,EQ,985.0,10.72,5450.0
2024-09-27,43.4,43.5,42.6,43.0,48068,EQ,489.0,98.3,45351.0
2024-09-30,42.8,43.2,42.65,43.05,3418,EQ,161.0,21.23,2225.0
2024-10-01,43.3,43.55,42.7,42.95,7358,EQ,459.0,16.03,4467.0
2024-10-03,42.6,42.95,41.45,42.05,15020,EQ,1089.0,13.79,9935.0
2024-10-04,42.3,42.3,41.05,41.8,9319,EQ,433.0,21.52,5636.0
2024-10-07,42.0,42.6,40.0,40.4,14181,EQ,835.0,16.98,8035.0
2024-10-08,40.6,41.4,39.4,41.1,7610,EQ,336.0,22.65,4591.0
2024-10-09,40.6,43.2,40.6,42.35,17935,EQ,1573.0,11.4,7588.0
2024-10-10,42.6,43.6,42.6,42.95,4656,EQ,247.0,18.85,3035.0
2024-10-11,43.5,43.5,42.4,42.65,7213,EQ,902.0,8.0,2557.0
2024-10-14,43.6,44.25,42.8,44.15,23797,EQ,629.0,37.83,18555.0
2024-10-15,45.0,47.2,44.6,46.3,61731,EQ,1602.0,38.53,40043.0
2024-10-16,45.0,46.6,44.6,46.2,66524,EQ,1762.0,37.75,43504.0
2024-10-17,46.6,46.6,44.7,46.0,29948,EQ,1539.0,19.46,14326.0
2024-10-18,46.0,46.3,45.0,46.0,31298,EQ,1931.0,16.21,19608.0
2024-10-21,46.8,46.8,45.2,45.55,24790,EQ,1122.0,22.09,14851.0
2024-10-22,45.6,46.65,45.15,46.0,35312,EQ,1864.0,18.94,24221.0
2024-10-23,46.2,47.2,44.85,46.5,33005,EQ,933.0,35.38,19351.0
2024-10-24,45.8,46.5,45.3,46.0,25323,EQ,574.0,44.12,17806.0
2024-10-25,47.0,47.0,43.9,45.15,24897,EQ,892.0,27.91,14359.0
2024-10-28,45.6,45.6,44.0,44.9,21690,EQ,966.0,22.45,9026.0
2024-10-29,45.25,46.95,44.1,45.85,11164,EQ,339.0,32.93,5967.0
2024-10-30,45.95,46.2,45.0,45.3,16717,EQ,595.0,28.1,9573.0
2024-10-31,45.3,45.65,45.1,45.2,5191,EQ,190.0,27.32,3471.0
2024-11-01,45.2,46.0,44.4,45.75,7108,EQ,140.0,50.77,4938.0
2024-11-04,45.6,45.65,44.4,45.25,9827,EQ,323.0,30.42,5533.0
2024-11-05,45.25,45.4,44.85,45.1,3006,EQ,135.0,22.27,2122.0
2024-11-06,45.1,46.15,44.9,46.0,13278,EQ,743.0,17.87,7826.0
2024-11-07,47.15,47.15,44.4,44.7,10900,EQ,548.0,19.89,5894.0
2024-11-08,44.4,45.4,44.4,45.05,5880,EQ,333.0,17.66,3943.0
2024-11-11,45.2,45.5,44.4,45.1,12939,EQ,329.0,39.33,10790.0
2024-11-12,44.85,45.75,43.4,44.1,14584,EQ,414.0,35.23,10361.0
2024-11-13,43.65,43.9,41.25,42.6,20348,EQ,704.0,28.9,11193.0
2024-11-14,42.0,43.8,42.0,42.0,24699,EQ,1509.0,16.37,4386.0
2024-11-18,42.7,45.0,41.45,43.35,27047,EQ,1195.0,22.63,10191.0
2024-11-19,43.35,44.9,42.0,43.25,24862,EQ,1530.0,16.25,10667.0
2024-11-21,44.15,45.05,43.1,44.65,29242,EQ,636.0,45.98,13207.0
2024-11-22,44.8,45.75,44.25,44.95,56647,EQ,845.0,67.04,44911.0
2024-11-25,46.0,46.0,44.55,45.2,21360,EQ,541.0,39.48,15204.0
2024-11-26,44.6,45.3,43.6,44.6,10377,EQ,361.0,28.75,6641.0
2024-11-27,44.4,45.4,44.35,45.0,8013,EQ,266.0,30.12,4293.0
2024-11-28,44.8,45.2,43.55,44.75,20327,EQ,438.0,46.41,14456.0
2024-11-29,44.3,44.95,44.1,44.4,8934,EQ,181.0,49.36,7473.0
2024-12-02,44.2,46.0,44.05,45.25,23888,EQ,468.0,51.04,17080.0
2024-12-03,44.8,45.55,44.4,44.6,19682,EQ,293.0,67.17,16790.0
2024-12-04,44.9,45.45,44.6,45.0,11167,EQ,282.0,39.6,8319.0
2024-12-05,45.1,45.3,44.6,44.8,3680,EQ,163.0,22.58,2110.0
2024-12-06,44.45,45.2,44.3,44.45,3441,EQ,163.0,21.11,2200.0
2024-12-09,44.45,44.9,44.0,44.35,7355,EQ,262.0,28.07,4728.0
2024-12-10,44.8,45.0,44.05,44.2,5110,EQ,126.0,40.56,4081.0
2024-12-11,44.4,44.65,44.0,44.25,3457,EQ,152.0,22.74,2310.0
2024-12-12,44.45,44.8,42.6,43.2,6843,EQ,272.0,25.16,3734.0
2024-12-13,43.5,44.7,43.0,43.95,5738,EQ,267.0,21.49,3540.0
2024-12-16,43.85,44.15,43.5,43.85,5340,EQ,185.0,28.86,3911.0
2024-12-17,43.7,44.0,43.2,43.3,5932,EQ,277.0,21.42,3483.0
2024-12-18,43.45,43.7,43.2,43.4,3236,EQ,143.0,22.63,2476.0
2024-12-19,43.6,44.0,42.35,43.4,6094,EQ,356.0,17.12,3804.0
2024-12-20,43.0,44.15,42.6,43.4,18551,EQ,394.0,47.08,12949.0
2024-12-23,44.0,46.4,43.5,44.55,11077,EQ,318.0,34.83,7732.0
2024-12-24,45.4,45.4,43.05,43.6,17039,EQ,461.0,36.96,8372.0
2024-12-26,44.75,44.75,41.15,41.7,23245,EQ,644.0,36.09,11409.0
2024-12-27,42.0,42.65,41.0,41.2,11883,EQ,485.0,24.5,6910.0
2024-12-30,41.2,44.0,41.2,43.5,52397,EQ,1004.0,52.19,39701.0
2024-12-31,43.2,47.0,43.2,45.9,58478,EQ,883.0,66.23,47290.0
2025-01-01,45.95,48.0,45.05,47.1,82569,EQ,1078.0,76.59,62851.0
2025-01-02,46.5,48.2,46.5,47.45,28981,EQ,993.0,29.19,20487.0
2025-01-03,48.0,48.8,46.45,47.65,81748,EQ,1791.0,45.64,53806.0
2025-01-06,47.65,49.35,47.15,48.95,46103,EQ,940.0,49.05,35989.0
2025-01-07,49.65,50.9,49.2,49.6,52229,EQ,717.0,72.84,39969.0
2025-01-08,49.2,50.1,48.65,49.1,48616,EQ,1328.0,36.61,32739.0
2025-01-09,49.25,49.6,48.5,49.1,23041,EQ,1122.0,20.54,13784.0
2025-01-10,48.6,50.2,47.85,49.05,21730,EQ,469.0,46.33,14058.0
2025-01-13,48.2,53.8,48.2,51.35,204168,EQ,4446.0,45.92,87603.0
2025-01-14,52.8,54.3,52.2,52.65,120985,EQ,2822.0,42.87,66140.0
2025-01-15,52.5,60.7,52.5,56.65,441398,EQ,7922.0,55.72,125193.0
2025-01-16,56.4,57.6,54.4,54.75,71848,EQ,2886.0,24.9,28152.0
2025-01-17,55.75,55.75,53.6,54.5,69124,EQ,2153.0,32.11,44382.0
2025-01-20,56.6,58.8,56.35,57.6,162871,EQ,4923.0,33.08,95686.0
2025-01-21,57.0,58.4,55.0,56.25,74745,EQ,3306.0,22.61,33531.0
2025-01-22,57.1,59.15,55.2,57.95,78830,EQ,2365.0,33.33,48039.0
2025-01-23,58.0,58.9,55.2,55.95,42826,EQ,1766.0,24.25,25813.0
2025-01-24,55.95,58.75,55.2,58.4,171617,EQ,3026.0,56.71,116234.0
2025-01-27,58.2,58.2,54.55,56.35,69368,EQ,2029.0,34.19,36692.0
2025-01-28,56.0,59.0,54.95,58.2,70781,EQ,2208.0,32.06,38044.0
2025-01-29,58.95,61.8,57.55,59.0,127418,EQ,3211.0,39.68,44986.0
2025-01-30,59.1,59.55,57.35,58.25,42438,EQ,1616.0,26.26,18448.0
2025-01-31,59.0,59.6,57.8,58.5,61824,EQ,2484.0,24.89,33511.0
2025-02-01,58.4,60.95,55.0,57.65,131120,EQ,3257.0,40.26,66169.0
2025-02-03,56.8,58.35,56.8,57.15,28335,EQ,935.0,30.3,12167.0
2025-02-04,57.95,58.4,56.2,57.95,29832,EQ,1662.0,17.95,13962.0
2025-02-05,58.6,59.75,58.0,59.5,46059,EQ,1475.0,31.23,26952.0
2025-02-06,60.4,61.6,59.5,59.8,47272,EQ,1660.0,28.48,27809.0
2025-02-07,58.9,59.8,57.55,58.15,19016,EQ,694.0,27.4,11498.0
2025-02-10,58.45,58.45,56.2,57.15,32533,EQ,816.0,39.87,19669.0
2025-02-11,57.15,57.7,54.55,55.5,41436,EQ,773.0,53.6,28286.0
2025-02-12,54.85,57.85,54.85,57.25,52802,EQ,1238.0,42.65,24938.0
2025-02-13,57.85,59.35,57.05,58.35,42102,EQ,1272.0,33.1,24283.0
2025-02-14,59.4,59.4,56.0,56.65,26944,EQ,871.0,30.93,16839.0
2025-02-17,55.8,58.2,53.35,57.15,34618,EQ,2067.0,16.75,11280.0
2025-02-18,57.45,57.55,56.0,56.25,9515,EQ,535.0,17.79,5245.0
2025-02-19,55.45,60.2,55.35,59.05,26944,EQ,1025.0,26.29,16747.0
2025-02-20,58.85,63.0,56.75,62.0,116713,EQ,3125.0,37.35,74559.0
2025-02-21,62.65,63.6,59.75,61.9,91411,EQ,2439.0,37.48,53337.0
2025-02-24,61.9,61.9,59.2,60.55,46492,EQ,1588.0,29.28,28957.0
2025-02-25,59.65,61.05,59.6,59.9,18349,EQ,1123.0,16.34,10060.0
2025-02-27,60.2,60.5,58.3,60.1,36155,EQ,968.0,37.35,25601.0
2025-02-28,61.0,61.0,57.45,57.7,32954,EQ,909.0,36.25,20782.0
2025-03-03,57.4,59.6,56.2,59.1,26419,EQ,797.0,33.15,16722.0
2025-03-04,59.1,60.4,57.8,60.0,44870,EQ,961.0,46.69,32076.0
2025-03-05,60.0,62.2,57.55,59.3,91571,EQ,2002.0,45.74,55903.0
2025-03-06,59.0,64.4,59.0,61.15,127145,EQ,4436.0,28.66,56888.0
2025-03-07,61.1,61.1,59.7,60.05,27525,EQ,1443.0,19.07,14655.0
2025-03-10,60.45,61.7,59.05,60.8,21068,EQ,619.0,34.04,14785.0
2025-03-11,59.3,63.35,59.3,62.65,24860,EQ,1023.0,24.3,12426.0
2025-03-12,62.65,65.0,61.45,63.2,67676,EQ,2337.0,28.96,30734.0
2025-03-13,63.55,64.8,62.2,62.3,24958,EQ,1122.0,22.24,12027.0
2025-03-17,63.95,64.65,60.15,60.65,48069,EQ,1436.0,33.47,25849.0
2025-03-18,62.8,62.8,60.3,60.6,13968,EQ,600.0,23.28,8251.0
2025-03-19,60.1,62.0,59.45,59.7,28582,EQ,1047.0,27.3,17915.0
2025-03-20,59.4,60.2,55.3,56.4,112242,EQ,5947.0,18.87,54956.0
2025-03-21,56.35,58.2,55.2,57.2,33017,EQ,2476.0,13.33,15732.0
2025-03-24,58.15,58.8,56.8,57.45,44198,EQ,2504.0,17.65,23388.0
2025-03-25,59.0,59.0,56.9,57.15,15809,EQ,1383.0,11.43,9133.0
2025-03-26,57.15,58.0,53.55,54.6,56684,EQ,4094.0,13.85,27454.0
2025-03-27,53.4,57.35,51.8,52.65,109839,EQ,4064.0,27.03,64619.0
2025-03-28,52.6,57.6,50.0,56.2,97404,EQ,4719.0,20.64,37793.0
2025-04-01,56.2,58.3,55.85,57.4,20987,EQ,1187.0,17.68,12301.0
2025-04-02,57.35,57.4,55.55,55.9,14507,EQ,1071.0,13.55,7073.0
2025-04-03,55.0,56.45,55.0,55.5,11252,EQ,718.0,15.67,6327.0
2025-04-04,55.8,55.8,52.05,53.6,32144,EQ,1975.0,16.28,15903.0
2025-04-07,48.4,52.7,48.0,51.15,28576,EQ,1854.0,15.41,15713.0
2025-04-08,51.45,53.6,51.3,52.65,14342,EQ,1587.0,9.04,7309.0
2025-04-09,53.0,53.15,50.2,51.0,7891,EQ,915.0,8.62,3690.0
2025-04-11,51.4,53.8,51.4,53.1,9211,EQ,811.0,11.36,5268.0
2025-04-15,53.0,55.6,53.0,54.7,13982,EQ,1617.0,8.65,8278.0
2025-04-16,54.9,54.9,53.55,54.05,4426,EQ,435.0,10.17,2795.0
2025-04-17,54.15,55.0,53.85,54.3,6186,EQ,457.0,13.54,3553.0
2025-04-21,54.8,54.8,51.8,53.05,37749,EQ,1284.0,29.4,22778.0
2025-04-22,53.45,55.6,52.8,55.15,17566,EQ,682.0,25.76,12137.0
2025-04-23,55.1,56.6,54.4,54.6,8910,EQ,737.0,12.09,5359.0
2025-04-24,54.35,55.0,54.15,54.2,5869,EQ,356.0,16.49,3707.0
2025-04-25,53.7,54.2,52.4,52.9,13312,EQ,507.0,26.26,8094.0
2025-04-28,52.0,54.5,52.0,53.85,9111,EQ,625.0,14.58,5448.0
2025-04-29,54.05,54.8,52.65,52.95,11116,EQ,391.0,28.43,6829.0
2025-04-30,52.45,53.55,52.05,53.05,8685,EQ,349.0,24.89,4896.0
2025-05-02,53.05,53.4,51.0,51.5,9827,EQ,476.0,20.64,6392.0
2025-05-05,52.2,54.0,51.4,53.7,26219,EQ,686.0,38.22,18498.0
2025-05-06,53.7,55.0,51.4,52.35,23690,EQ,899.0,26.35,8917.0
2025-05-07,53.4,53.4,50.4,50.9,40602,EQ,964.0,42.12,28758.0
2025-05-08,51.6,58.9,51.0,56.95,109790,EQ,4143.0,26.5,46334.0
2025-05-09,55.35,59.45,55.35,59.05,92242,EQ,2993.0,30.82,57407.0
2025-05-12,61.2,63.2,58.6,59.55,125672,EQ,5034.0,24.96,70095.0
2025-05-13,59.2,59.8,57.8,59.2,57932,EQ,3397.0,17.05,33143.0
2025-05-14,59.95,60.05,57.2,57.5,52567,EQ,2790.0,18.84,30079.0
2025-05-15,57.95,59.5,57.95,58.55,15835,EQ,683.0,23.18,9397.0
2025-05-16,58.55,58.95,56.8,57.5,28317,EQ,1382.0,20.49,16286.0
2025-05-19,57.6,58.4,56.0,56.6,20598,EQ,655.0,31.45,12485.0
2025-05-20,57.2,57.4,55.1,55.8,65983,EQ,1703.0,38.75,47675.0
2025-05-21,56.1,58.95,55.4,58.7,50166,EQ,1801.0,27.85,31529.0
2025-05-22,58.2,63.0,58.0,62.5,125871,EQ,3825.0,32.91,64629.0
2025-05-23,63.0,65.7,62.8,63.3,119743,EQ,6619.0,18.09,61175.0
2025-05-26,63.3,66.0,63.3,64.25,153318,EQ,7730.0,19.83,70720.0
2025-05-27,64.5,65.6,62.9,64.45,91111,EQ,6640.0,13.72,40449.0
2025-05-28,65.2,65.2,63.0,63.35,57690,EQ,3954.0,14.59,21949.0
2025-05-29,63.5,64.6,62.8,63.9,33901,EQ,2967.0,11.43,13617.0
2025-05-30,63.6,68.9,62.1,67.9,133544,EQ,4603.0,29.01,90170.0
2025-06-02,70.0,79.0,70.0,72.05,897067,EQ,35814.0,25.05,316167.0
2025-06-03,73.1,76.0,69.0,69.75,337462,EQ,22734.0,14.84,138403.0
2025-06-04,70.3,71.75,70.0,71.25,95448,EQ,6116.0,15.61,41773.0
2025-06-05,71.95,72.5,69.5,69.85,138010,EQ,8357.0,16.51,80149.0
2025-06-06,71.35,71.35,69.8,70.4,57662,EQ,3822.0,15.09,32787.0
2025-06-09,71.0,71.4,70.0,70.75,51692,EQ,3242.0,15.94,32252.0
2025-06-10,70.8,75.0,70.8,72.9,190314,EQ,9679.0,19.66,63144.0
2025-06-11,73.45,73.5,68.15,68.6,133157,EQ,10339.0,12.88,76807.0
2025-06-12,68.6,71.0,68.0,69.85,88833,EQ,7677.0,11.57,33882.0
2025-06-13,69.0,71.35,68.2,69.7,72847,EQ,5321.0,13.69,35576.0
2025-06-16,69.7,72.0,69.1,70.4,71090,EQ,3907.0,18.2,35758.0
2025-06-17,70.4,71.8,70.0,70.4,35677,EQ,2212.0,16.13,16548.0
2025-06-18,70.4,71.15,69.5,70.7,64072,EQ,3345.0,19.15,38359.0
2025-06-19,71.6,72.8,69.1,71.15,250328,EQ,10377.0,24.12,103508.0
2025-06-20,71.4,75.95,70.7,75.05,310774,EQ,11676.0,26.62,150805.0
2025-06-23,75.8,85.55,75.8,83.35,2534280,EQ,86262.0,29.38,371961.0
2025-06-24,84.25,87.6,83.45,85.4,759204,EQ,28395.0,26.74,151304.0
2025-06-25,85.4,87.95,82.0,83.75,477495,EQ,23052.0,20.71,180873.0
2025-06-26,84.0,88.4,84.0,87.5,316764,EQ,12197.0,25.97,117973.0
2025-06-27,86.8,88.4,84.55,85.4,207738,EQ,8621.0,24.1,100336.0
2025-06-30,85.85,86.9,82.8,83.3,184048,EQ,9704.0,18.97,101060.0
2025-07-01,83.6,85.2,82.05,83.8,93616,EQ,5883.0,15.91,41864.0
2025-07-02,84.8,84.95,82.3,82.7,74048,EQ,5120.0,14.46,37267.0
2025-07-03,83.2,86.75,81.8,85.35,117165,EQ,4639.0,25.26,64561.0
2025-07-04,86.4,86.4,82.6,84.55,76331,EQ,3938.0,19.38,32616.0
2025-07-07,84.55,88.0,83.1,83.4,105167,EQ,7116.0,14.78,43527.0
2025-07-08,83.2,89.35,78.7,80.6,637100,EQ,30044.0,21.21,160249.0
2025-07-09,80.6,81.6,79.45,80.6,119522,EQ,5012.0,23.85,33294.0
2025-07-10,80.05,83.85,80.05,83.65,151195,EQ,5267.0,28.71,41364.0
2025-07-11,84.0,86.6,82.0,83.9,801783,EQ,30329.0,26.44,175264.0
2025-07-14,87.8,90.75,84.35,84.75,676417,EQ,29056.0,23.28,196565.0
2025-07-15,85.2,89.4,84.0,88.35,621917,EQ,23768.0,26.17,250445.0
2025-07-16,89.5,89.85,86.7,87.2,356169,EQ,10468.0,34.02,139898.0
2025-07-17,87.9,88.2,84.55,86.05,236747,EQ,10275.0,23.04,87207.0
2025-07-18,86.0,87.2,84.2,84.75,164026,EQ,6288.0,26.09,50390.0
2025-07-21,84.8,88.8,82.75,87.4,382168,EQ,16263.0,23.5,127485.0
2025-07-22,87.8,89.55,85.25,85.95,284033,EQ,12928.0,21.97,69106.0
2025-07-23,86.65,86.65,84.3,84.95,107237,EQ,5063.0,21.18,29234.0
2025-07-24,84.95,88.6,84.65,86.9,318703,EQ,12793.0,24.91,112407.0
2025-07-25,87.2,87.35,84.4,85.95,147836,EQ,6374.0,23.19,47632.0
2025-07-28,86.95,86.95,81.6,82.7,416685,EQ,14571.0,28.6,211851.0
2025-07-29,82.7,85.7,82.25,85.25,167535,EQ,6332.0,26.46,75360.0
2025-07-30,85.2,93.0,85.1,91.45,815318,EQ,27275.0,29.89,331857.0
2025-07-31,90.95,93.0,88.45,89.2,419566,EQ,16865.0,24.88,138534.0
2025-08-01,89.0,90.9,86.8,87.15,169030,EQ,9943.0,17.0,81644.0
2025-08-04,87.15,88.85,86.35,88.3,128534,EQ,8213.0,15.65,36357.0
2025-08-05,88.75,90.0,87.0,88.8,129690,EQ,5189.0,24.99,26019.0
2025-08-06,89.4,89.4,85.0,86.15,178232,EQ,9791.0,18.2,67329.0
2025-08-07,86.0,86.05,82.6,84.2,143912,EQ,8072.0,17.83,60704.0
2025-08-08,84.0,85.35,82.0,84.5,203643,EQ,8274.0,24.61,63981.0
2025-08-11,85.0,86.8,84.05,85.1,183014,EQ,8330.0,21.97,43793.0
2025-08-12,85.2,86.2,83.4,84.35,144456,EQ,6606.0,21.87,36172.0
2025-08-13,85.2,85.25,83.4,84.1,110171,EQ,3384.0,32.56,31175.0
2025-08-14,83.9,85.7,83.0,84.4,121221,EQ,4231.0,28.65,31399.0
2025-08-18,86.0,86.0,83.9,85.15,128678,EQ,3785.0,34.0,39273.0
2025-08-19,85.15,89.0,84.25,88.55,361459,EQ,11651.0,31.02,190553.0
2025-08-20,89.85,90.8,88.0,88.45,204277,EQ,8211.0,24.88,108438.0
2025-08-21,88.65,89.0,87.35,87.75,175868,EQ,6261.0,28.09,99893.0
2025-08-22,87.8,91.0,87.5,88.9,347832,EQ,11961.0,29.08,190927.0
2025-08-25,89.2,91.6,84.3,86.65,449986,EQ,18755.0,23.99,193235.0
2025-08-26,85.4,87.0,84.6,85.15,188257,EQ,9221.0,20.42,64569.0
2025-08-28,85.15,87.5,82.15,85.15,192988,EQ,10935.0,17.65,57996.0
2025-08-29,85.3,85.8,83.6,84.05,131741,EQ,4053.0,32.5,62655.0
2025-09-01,84.1,85.6,83.3,83.9,129445,EQ,3812.0,33.96,57700.0
2025-09-02,83.7,85.25,82.8,83.0,104790,EQ,4101.0,25.55,38189.0
2025-09-03,83.45,84.6,83.15,83.75,109568,EQ,4102.0,26.71,24917.0
2025-09-04,84.8,85.95,83.2,84.25,121268,EQ,5411.0,22.41,47372.0
2025-09-05,84.6,85.25,82.55,83.25,80404,EQ,4105.0,19.59,39230.0
2025-09-08,84.0,84.2,79.1,81.5,340323,EQ,16891.0,20.15,167769.0
2025-09-09,81.3,83.2,79.65,82.4,147249,EQ,4791.0,30.73,50452.0
2025-09-10,82.4,83.0,79.95,82.1,162645,EQ,4541.0,35.82,72546.0
2025-09-11,81.6,83.2,81.35,82.2,202597,EQ,7709.0,26.28,99940.0
2025-09-12,82.4,85.35,82.4,83.8,206324,EQ,8217.0,25.11,69231.0
2025-09-15,84.6,86.85,84.6,86.2,286797,EQ,7102.0,40.38,192901.0
2025-09-16,87.0,87.35,84.8,85.4,160434,EQ,4761.0,33.7,91736.0
2025-09-17,85.75,86.65,84.05,86.15,117567,EQ,3292.0,35.71,34341.0
2025-09-18,86.4,87.0,85.05,85.85,165725,EQ,5285.0,31.36,48472.0
2025-09-19,85.8,87.4,84.7,86.05,150057,EQ,4750.0,31.59,50651.0
2025-09-22,86.05,86.65,85.0,85.2,87139,EQ,2451.0,35.55,25978.0
2025-09-23,84.4,86.1,84.0,84.5,114863,EQ,3955.0,29.04,34610.0
2025-09-24,84.4,85.45,83.6,83.95,102546,EQ,3286.0,31.21,22256.0
2025-09-25,84.0,84.3,83.0,83.3,116738,EQ,3282.0,35.57,30850.0
2025-09-26,83.3,83.5,80.75,81.75,114663,EQ,6216.0,18.45,44808.0
2025-09-29,81.75,82.05,76.4,77.25,175999,EQ,8249.0,21.34,77963.0
2025-09-30,77.2,78.9,74.65,75.75,251772,EQ,9740.0,25.85,45663.0
2025-10-01,75.35,78.1,75.05,77.65,200214,EQ,6836.0,29.29,30628.0
2025-10-03,76.9,79.55,76.9,78.95,167631,EQ,5310.0,31.57,70418.0
2025-10-06,79.55,84.1,79.55,83.55,173402,EQ,6608.0,26.24,85607.0
2025-10-07,84.2,86.4,83.6,85.3,305166,EQ,8976.0,34.0,136170.0
2025-10-08,85.9,90.75,85.0,88.15,868871,EQ,30664.0,28.34,356767.0
2025-10-09,89.0,89.2,86.4,87.85,231716,EQ,10422.0,22.23,100451.0
2025-10-10,88.3,88.6,86.1,87.95,143757,EQ,6439.0,22.33,72166.0
2025-10-13,89.2,90.95,85.15,86.25,248549,EQ,12381.0,20.08,98965.0
2025-10-14,86.95,88.35,85.0,85.45,123472,EQ,6571.0,18.79,45139.0
2025-10-15,86.0,86.95,84.6,86.15,121722,EQ,5720.0,21.28,46390.0
2025-10-16,86.55,89.0,86.55,87.65,168771,EQ,9722.0,17.36,75997.0
2025-10-17,88.4,90.2,87.0,89.55,248893,EQ,7523.0,33.08,157220.0
2025-10-20,90.0,92.75,89.0,91.95,433143,EQ,17926.0,24.16,195360.0
2025-10-21,93.0,93.95,86.75,90.5,174215,EQ,6368.0,27.36,82744.0
2025-10-23,92.8,92.95,84.0,84.7,350095,EQ,14172.0,24.7,189524.0
2025-10-24,84.4,84.45,80.6,81.7,273696,EQ,13548.0,20.2,136363.0
2025-10-27,81.6,82.85,80.45,82.15,145873,EQ,5842.0,24.97,69914.0
2025-10-28,82.4,82.8,81.2,81.75,130020,EQ,4409.0,29.49,35984.0
2025-10-29,81.8,82.1,80.85,81.0,88796,EQ,1795.0,49.47,36658.0
2025-10-30,81.6,82.1,81.2,81.55,57896,EQ,1372.0,42.2,15600.0
2025-10-31,81.4,82.2,81.05,81.35,105059,EQ,1197.0,87.77,46132.0
2025-11-03,82.0,82.15,81.0,81.7,60686,EQ,1224.0,49.58,14433.0
2025-11-04,81.7,83.0,81.0,82.65,93253,EQ,2368.0,39.38,30941.0
2025-11-06,82.65,84.4,82.15,83.75,146771,EQ,4086.0,35.92,80575.0
2025-11-07,83.0,83.35,81.45,83.05,66127,EQ,2209.0,29.94,20389.0
2025-11-10,83.8,84.5,82.15,83.2,64921,EQ,2730.0,23.78,27801.0
2025-11-11,84.0,84.0,80.5,81.15,67915,EQ,2166.0,31.36,28206.0
2025-11-12,81.45,84.0,81.25,82.5,45342,EQ,1391.0,32.6,14612.0
2025-11-13,83.0,83.95,81.8,82.05,44796,EQ,1136.0,39.43,15312.0
2025-11-14,81.8,83.2,81.3,81.6,41270,EQ,1069.0,38.61,13528.0
2025-11-17,81.6,82.0,81.0,81.1,43072,EQ,1425.0,30.23,12886.0
2025-11-18,81.1,82.85,80.6,82.2,50702,EQ,1515.0,33.47,14216.0
2025-11-19,82.3,82.8,80.65,82.0,52334,EQ,1719.0,30.44,17355.0
2025-11-20,82.4,83.0,80.85,81.35,51167,EQ,1725.0,29.66,16046.0
2025-11-21,81.6,81.7,78.65,79.95,73218,EQ,1372.0,53.37,40212.0
2025-11-24,80.05,81.2,77.6,78.15,59838,EQ,1893.0,31.61,25544.0
2025-11-25,79.0,79.4,77.15,78.45,57782,EQ,1697.0,34.05,18205.0
2025-11-26,78.4,80.8,78.4,80.45,56501,EQ,1838.0,30.74,22870.0
2025-11-27,80.35,80.55,77.6,78.65,38433,EQ,955.0,40.24,11825.0
2025-11-28,79.2,80.25,78.2,79.85,45050,EQ,1143.0,39.41,11192.0
2025-12-01,79.6,81.6,78.6,80.75,71210,EQ,2059.0,34.58,31554.0
2025-12-02,79.95,82.2,79.25,81.65,59547,EQ,1236.0,48.18,27912.0
2025-12-03,80.85,84.8,80.75,82.8,111620,EQ,2648.0,42.15,67438.0
2025-12-04,82.2,82.5,80.3,80.7,71686,EQ,1370.0,52.33,37826.0
2025-12-05,81.1,81.7,79.6,81.4,43652,EQ,1289.0,33.87,16628.0
2025-12-08,80.7,81.2,78.2,78.8,42440,EQ,1973.0,21.51,16214.0
2025-12-09,77.6,80.1,76.55,79.55,47724,EQ,2906.0,16.42,17762.0
2025-12-10,79.15,81.5,78.3,81.2,67422,EQ,3063.0,22.01,15714.0
2025-12-11,81.2,81.7,79.7,81.4,40852,EQ,1426.0,28.65,13828.0
2025-12-12,82.0,82.35,81.1,81.7,42346,EQ,1390.0,30.46,10985.0
2025-12-15,81.6,81.95,80.4,80.95,28387,EQ,1301.0,21.82,16375.0
2025-12-16,80.95,82.4,80.4,81.35,50339,EQ,1727.0,29.15,17683.0
2025-12-17,81.0,81.95,80.0,80.2,37676,EQ,1289.0,29.23,14660.0
2025-12-18,80.5,80.95,79.25,80.25,40775,EQ,2024.0,20.15,15113.0
2025-12-19,80.35,80.7,79.65,80.3,26131,EQ,947.0,27.59,6029.0
2025-12-22,80.3,82.05,79.8,81.65,65634,EQ,2126.0,30.87,29237.0
2025-12-23,81.45,82.35,81.1,82.0,42354,EQ,1207.0,35.09,14534.0
2025-12-24,81.6,83.7,81.4,83.0,85754,EQ,2107.0,40.7,45190.0
2025-12-26,82.8,83.7,82.1,82.65,72239,EQ,1756.0,41.14,35375.0
2025-12-29,83.75,85.6,82.65,85.05,130607,EQ,3633.0,35.95,83627.0
2025-12-30,85.0,85.8,84.2,85.2,113749,EQ,3975.0,28.62,59664.0
2025-12-31,86.0,87.15,83.8,84.4,150932,EQ,4174.0,36.16,91994.0
2026-01-01,85.45,85.95,83.65,85.6,60576,EQ,2035.0,29.77,24032.0
2026-01-02,85.6,86.4,84.2,85.95,64976,EQ,2349.0,27.66,29142.0
2026-01-05,85.95,88.0,85.0,86.75,112617,EQ,2988.0,37.69,57002.0
2026-01-06,87.6,87.6,85.85,87.4,94246,EQ,2654.0,35.51,57571.0
2026-01-07,87.3,90.2,87.0,89.35,276868,EQ,6477.0,42.75,146935.0
2026-01-08,89.2,90.15,82.4,83.6,511771,EQ,18750.0,27.29,157222.0
2026-01-09,84.15,85.9,78.8,80.1,199724,EQ,7698.0,25.94,78675.0
2026-01-12,80.2,81.2,78.55,80.75,170876,EQ,5057.0,33.79,76351.0
2026-01-13,80.35,81.25,78.5,78.95,121727,EQ,3231.0,37.67,42620.0
2026-01-14,78.6,80.55,78.6,79.7,110837,EQ,3039.0,36.47,25093.0
2026-01-16,79.2,79.4,78.4,78.95,62692,EQ,1146.0,54.71,18923.0
2026-01-19,77.65,80.3,77.3,80.0,114248,EQ,2272.0,50.29,37287.0
2026-01-20,79.6,80.15,78.2,79.3,138062,EQ,2184.0,63.22,56218.0
2026-01-21,77.9,81.2,76.8,80.95,184058,EQ,3755.0,49.02,90770.0
2026-01-22,81.8,85.4,80.8,82.2,194950,EQ,4206.0,46.35,75992.0
2026-01-23,81.8,83.35,80.2,81.65,110360,EQ,2436.0,45.3,34756.0
2026-01-27,81.65,81.65,79.65,80.15,95539,EQ,2111.0,45.26,21629.0
2026-01-28,80.3,81.75,78.8,80.75,139601,EQ,2270.0,61.5,54809.0
2026-01-29,80.0,83.2,80.0,81.95,87946,EQ,2394.0,36.74,31273.0
2026-01-30,81.95,83.2,80.7,82.25,131278,EQ,2327.0,56.42,54175.0
2026-02-01,82.05,84.0,81.4,83.65,130941,EQ,2247.0,58.27,65986.0
2026-02-02,83.0,83.8,81.3,83.15,124341,EQ,2283.0,54.46,42644.0
2026-02-03,86.25,87.95,83.0,84.9,216665,EQ,4117.0,52.63,107117.0
2026-02-04,85.2,86.2,85.1,86.0,100846,EQ,1947.0,51.8,44645.0
2026-02-05,85.9,86.95,85.9,86.8,168350,EQ,2210.0,76.18,60479.0
2026-02-06,86.8,89.3,86.8,88.45,343159,EQ,7846.0,43.74,179858.0
2026-02-09,89.55,92.3,89.05,90.5,711214,EQ,13269.0,53.6,296439.0
2026-02-10,91.15,93.8,90.5,92.9,469903,EQ,8292.0,56.67,255433.0
2026-02-11,93.8,95.6,92.05,92.85,528722,EQ,11251.0,46.99,255100.0
2026-02-12,93.25,95.5,93.0,93.6,399045,EQ,8192.0,48.71,210155.0
2026-02-13,92.95,94.3,92.8,92.95,258580,EQ,4787.0,54.02,135425.0
2026-02-16,93.2,96.7,90.55,96.1,392397,EQ,6893.0,56.93,257053.0
2026-02-17,97.0,97.9,91.6,92.95,461360,EQ,8933.0,51.65,229114.0
2026-02-18,93.55,94.8,92.4,94.4,299711,EQ,5170.0,57.97,127574.0
2026-02-19,94.05,94.6,90.85,91.85,349052,EQ,5873.0,59.43,189714.0
2026-02-20,91.9,93.0,91.35,92.25,211083,EQ,3653.0,57.78,102014.0
2026-02-23,92.25,93.6,91.6,93.05,221518,EQ,3795.0,58.37,106378.0
2026-02-24,91.5,92.8,91.3,92.7,199013,EQ,3875.0,51.36,91012.0
2026-02-25,93.35,94.15,92.2,92.4,287473,EQ,5813.0,49.45,139761.0
2026-02-26,92.4,95.4,92.4,95.1,203535,EQ,3745.0,54.35,128093.0
2026-02-27,95.2,95.8,93.1,93.75,237672,EQ,3909.0,60.8,126058.0
2026-03-02,92.4,93.1,89.4,90.05,556036,EQ,8555.0,65.0,316294.0
2026-03-04,91.25,92.4,91.0,92.3,231984,EQ,4372.0,53.06,124176.0
2026-03-05,92.2,94.0,92.05,93.05,305304,EQ,5388.0,56.66,157087.0
2026-03-06,93.0,96.4,93.0,93.95,478044,EQ,8677.0,55.09,256308.0
2026-03-09,92.7,93.55,90.95,91.9,362107,EQ,5069.0,71.44,211354.0
2026-03-10,91.8,94.0,91.8,92.65,220671,EQ,4915.0,44.9,94747.0
2026-03-11,92.95,93.95,92.25,92.8,248079,EQ,4645.0,53.41,115153.0
2026-03-12,92.3,93.6,91.4,93.4,293702,EQ,4678.0,62.78,166208.0
2026-03-13,93.95,94.15,88.05,89.3,504502,EQ,8709.0,57.93,263229.0
2026-03-16,87.6,90.8,87.6,89.85,344234,EQ,5925.0,58.1,181263.0
2026-03-17,90.0,92.35,89.0,89.9,376715,EQ,7360.0,51.18,188685.0
2026-03-18,90.1,91.55,89.25,89.85,289920,EQ,4494.0,64.51,129654.0
2026-03-19,87.7,88.8,86.25,87.45,262169,EQ,5216.0,50.26,124416.0
2026-03-20,88.0,91.55,87.2,90.6,940900,EQ,9322.0,100.93,700482.0
2026-03-23,89.4,89.75,87.45,88.3,330607,EQ,4369.0,75.67,228638.0
2026-03-24,88.4,91.5,87.15,90.8,518198,EQ,6053.0,85.61,323261.0
2026-03-25,92.0,94.0,90.5,93.05,297301,EQ,4447.0,66.85,167528.0
2026-03-27,92.85,95.45,91.8,92.25,133127,EQ,3439.0,38.71,48782.0
2026-03-30,90.85,95.4,90.85,92.1,433442,EQ,6289.0,68.92,325492.0
2026-04-01,94.8,102.0,93.4,100.95,781101,EQ,14712.0,53.09,470900.0
2026-04-02,100.95,107.4,98.05,106.35,632612,EQ,16640.0,38.02,260988.0
2026-04-06,107.65,110.0,105.4,106.05,378848,EQ,10731.0,35.3,142557.0
2026-04-07,106.0,108.2,105.5,107.4,147684,EQ,5098.0,28.97,77303.0
2026-04-08,110.6,110.6,107.55,108.95,387814,EQ,7125.0,54.43,258065.0
2026-04-09,110.1,110.4,107.4,108.0,181833,EQ,3567.0,50.98,75539.0
2026-04-10,109.6,109.6,104.25,104.75,140887,EQ,3555.0,39.63,64179.0
2026-04-13,103.6,106.0,100.8,105.7,194758,EQ,4569.0,42.63,86317.0
2026-04-15,108.0,111.8,105.95,109.75,306361,EQ,7934.0,38.61,147041.0
2026-04-16,111.0,111.6,108.45,109.65,181772,EQ,4026.0,45.15,57679.0
2026-04-17,110.7,111.8,100.35,101.9,967440,EQ,24916.0,38.83,306130.0
2026-04-20,102.6,104.8,100.8,104.05,383376,EQ,6649.0,57.66,131908.0
2026-04-21,104.05,104.6,101.0,101.5,165168,EQ,3140.0,52.6,59408.0
2026-04-22,101.5,103.8,101.0,101.5,162462,EQ,2822.0,57.57,56640.0
2026-04-23,101.5,103.55,100.5,103.15,174477,EQ,2489.0,70.1,64615.0
2026-04-24,103.15,103.25,101.0,101.35,100356,EQ,1901.0,52.79,17920.0
2026-04-27,101.5,104.8,100.6,104.0,178645,EQ,3807.0,46.93,93731.0
2026-04-28,105.0,108.2,104.0,105.3,324468,EQ,6472.0,50.13,188047.0
2026-04-29,105.55,106.5,101.1,104.85,352851,EQ,5526.0,63.85,210067.0
2026-04-30,105.6,106.95,103.4,105.15,195810,EQ,4181.0,46.83,84359.0
2026-05-04,104.8,110.2,104.2,109.7,508247,EQ,8321.0,61.08,297234.0
2026-05-05,110.2,113.0,110.05,112.75,452712,EQ,8394.0,53.93,220582.0
2026-05-06,113.35,114.8,111.0,114.35,353776,EQ,6246.0,56.64,187134.0
2026-05-07,114.85,116.2,113.6,115.35,221290,EQ,3966.0,55.8,111285.0
2026-05-08,114.0,117.0,114.0,114.85,105128,EQ,4298.0,24.46,50640.0
2026-05-11,114.35,114.35,108.3,110.05,331404,EQ,7317.0,45.29,159183.0
2026-05-12,109.25,110.8,107.2,109.5,168462,EQ,3419.0,49.27,78170.0
2026-05-13,109.5,110.1,106.1,107.05,146955,EQ,2546.0,57.72,49579.0
2026-05-14,108.1,108.1,104.85,106.0,111218,EQ,3247.0,34.25,36354.0
2026-05-15,107.0,108.6,104.75,107.05,127649,EQ,2809.0,45.44,37720.0
2026-05-18,106.1,107.7,104.8,105.2,114633,EQ,3616.0,31.7,24990.0
2026-05-19,105.2,108.0,104.4,106.15,125713,EQ,3795.0,33.13,37767.0
2026-05-20,106.15,109.4,105.0,108.3,181305,EQ,4957.0,36.58,92553.0
2026-05-21,109.8,110.4,108.05,109.25,151376,EQ,3621.0,41.81,72223.0
2026-05-22,108.95,110.2,105.55,106.2,176052,EQ,4160.0,42.32,69163.0
2026-05-25,106.2,110.15,106.2,108.9,164622,EQ,3845.0,42.81,98472.0
2026-05-26,108.25,112.2,107.8,109.7,215208,EQ,4532.0,47.49,108785.0
2026-05-27,109.3,109.4,105.2,105.7,327667,EQ,8109.0,40.41,179780.0
2026-05-29,106.8,109.6,105.1,105.95,170823,EQ,3932.0,43.44,78238.0
2026-06-01,105.8,107.2,105.0,105.55,116923,EQ,2053.0,56.95,36680.0
2026-06-02,105.15,109.0,104.1,108.65,171550,EQ,2900.0,59.16,91807.0
2026-06-03,108.7,110.7,107.2,107.95,207690,EQ,3492.0,59.48,93318.0
2026-06-04,108.35,112.0,108.35,111.15,213446,EQ,3244.0,65.8,114200.0
2026-06-05,112.0,114.45,108.6,109.35,241307,EQ,6508.0,37.08,121538.0
2026-06-08,108.4,110.0,107.1,109.25,143973,EQ,2707.0,53.19,56935.0
2026-06-09,108.6,113.0,108.2,110.8,202095,EQ,3628.0,55.7,109349.0
2026-06-10,111.0,114.2,110.4,111.4,151935,EQ,4230.0,35.92,75083.0
2026-06-11,110.35,113.0,110.35,111.9,164237,EQ,3480.0,47.19,91862.0
2026-06-12,113.0,114.6,111.6,112.65,224398,EQ,4325.0,51.88,124350.0
2026-06-15,114.2,115.5,112.8,113.35,204994,EQ,4226.0,48.51,94004.0
2026-06-16,113.3,115.6,112.6,113.15,186542,EQ,3885.0,48.02,93131.0
2026-06-17,113.25,113.8,111.35,112.65,105640,EQ,1818.0,58.11,41956.0
2026-06-18,113.0,113.75,111.95,113.2,108679,EQ,2146.0,50.64,28808.0
2026-06-19,113.15,113.8,111.0,112.6,106213,EQ,2070.0,51.31,35161.0
2026-06-22,111.6,113.5,109.25,111.1,324234,EQ,4847.0,66.89,230011.0
2026-06-23,111.1,112.15,109.0,110.1,97175,EQ,1711.0,56.79,31064.0
2026-06-24,109.6,115.45,109.6,114.5,237409,EQ,4294.0,55.29,123117.0
2026-06-25,115.6,117.0,113.45,115.35,183456,EQ,7869.0,23.31,84440.0
2026-06-29,116.8,116.8,111.6,112.45,323405,EQ,9068.0,35.66,196687.0
2026-06-30,113.8,115.0,111.9,112.4,151747,EQ,3636.0,41.73,89036.0
2026-07-01,113.05,120.0,106.4,118.65,512052,EQ,11374.0,45.02,267217.0
2026-07-02,118.65,122.2,118.5,120.85,403332,EQ,13524.0,29.82,222628.0
2026-07-03,120.5,126.95,115.05,125.15,1010038,EQ,12683.0,79.64,500563.0
2026-07-06,126.5,126.5,115.35,119.4,1175833,EQ,15693,74.93,539592
2026-07-07,118.45,119.9,109.75,112.85,2277876,EQ,22213,102.55,1175986
2026-07-08,112.4,118.95,111.4,118.05,1675916,EQ,11763,142.47,976163
2026-07-09,118.0,131.9,117.05,129.85,2221219,EQ,23607,94.09,1128933
2026-07-10,131.0,133.4,129.35,131.25,963992,EQ,9644,99.96,503651
2026-07-13,131.0,134.5,128.1,132.85,1895539,EQ,19797,95.75,766393
2026-07-14,132.0,132.0,122.4,124.0,1613245,EQ,20634,78.18,696430
2026-07-15,125.0,127.85,121.8,126.55,962815,EQ,10635,90.53,363334
2026-07-16,127.8,132.85,121.0,131.6,3698032,EQ,34379,107.57,1491487
2026-07-17,132.25,136.95,132.25,136.2,1264418,EQ,14439,87.57,736445
2026-07-20,138.85,147.7,137.3,145.55,3421257,EQ,31455,108.77,1638814
2026-07-21,147.0,148.0,143.0,143.75,3922944,EQ,28347,138.39,2529405
2026-07-22,143.2,147.0,136.7,139.25,5003738,EQ,33075,151.28,3177659
2026-07-23,139.8,149.3,139.45,146.8,1963906,EQ,19096,102.84,884527
2026-07-24,146.0,149.0,144.05,148.25,855884,EQ,11033,77.57,373508
2026-07-27,150.0,166.95,147.85,163.95,5234794,EQ,50681,103.29,1765575
2026-07-28,165.0,165.9,158.7,161.2,1829451,EQ,19291,94.83,786928
2026-07-29,161.2,167.0,159.55,164.0,2114045,EQ,15263,138.51,1080058
2026-07-30,164.0,167.95,162.3,165.85,1459146,EQ,9918,147.12,888813
2026-07-31,167.85,167.85,157.6,160.2,914031,EQ,12365,73.92,519459
2026-08-03,161.8,164.0,158.5,160.01,686146,EQ,10289,66.69,337863
2026-08-04,160.99,161.2,157.0,158.62,424599,EQ,8955,47.41,222081
2026-08-05,158.62,160.54,155.5,156.93,840922,EQ,8591,97.88,606376
2026-08-06,158.0,161.49,158.0,160.39,515434,EQ,6024,85.56,266869
2026-08-07,161.0,161.99,157.05,158.09,294462,EQ,4100,71.82,156336
2026-08-10,158.49,164.9,155.93,164.44,622911,EQ,6437,96.77,396836
2026-08-11,165.89,167.1,158.45,165.49,1522875,EQ,10924,139.41,1005107
2026-08-12,165.96,170.94,164.49,165.75,582352,EQ,9454,61.6,310293
2026-08-13,166.23,169.31,164.13,168.12,802624,EQ,7480,107.3,504487
2026-08-14,166.5,170.59,166.5,168.46,427384,EQ,4546,94.01,251159
2026-08-17,172.0,172.85,164.11,164.73,1292985,EQ,11236,115.08,907456
2026-08-18,165.0,165.99,161.99,162.47,378114,EQ,6108,61.9,211470
2026-08-19,163.9,165.3,160.56,163.63,649418,EQ,11062,58.71,382141
2026-08-20,163.36,166.8,162.14,163.41,307438,EQ,6086,50.52,178493
2026-08-21,164.95,172.0,162.93,169.52,1090120,EQ,11515,94.67,639008
