Date,Open,High,Low,Close,Volume,Series,TOTAL_TRADES,QTY_PER_TRADE,DLV_QTY
2019-04-15,239.5,245.7,233.75,239.95,7279787,EQ,,,
2019-04-16,248.75,251.4,242.95,246.35,1207704,EQ,,,
2019-04-18,246.2,246.2,237.5,242.6,326059,EQ,,,
2019-04-22,240.75,240.75,234.7,236.4,165743,EQ,,,
2019-04-23,237.5,241.8,234.9,238.2,106739,EQ,,,
2019-04-24,238.5,244.35,236.25,239.7,120780,EQ,,,
2019-04-25,241.25,244.1,236.55,237.45,73361,EQ,,,
2019-04-26,236.8,238.7,233.75,237.2,40546,EQ,,,
2019-04-30,235.25,239.85,231.8,236.95,64380,EQ,,,
2019-05-02,239.2,239.5,233.5,236.75,61526,EQ,,,
2019-05-03,236.25,238.1,234.0,237.55,31369,EQ,,,
2019-05-06,233.3,238.1,231.75,235.8,44901,EQ,,,
2019-05-07,235.55,237.0,232.0,232.7,64134,EQ,,,
2019-05-08,232.75,235.5,232.65,234.5,79395,EQ,,,
2019-05-09,234.5,235.25,231.25,234.8,39210,EQ,,,
2019-05-10,235.0,237.0,233.0,236.5,39493,EQ,,,
2019-05-13,236.95,236.95,226.75,230.3,173163,EQ,,,
2019-05-14,231.25,231.25,226.75,228.25,62120,EQ,,,
2019-05-15,229.5,233.85,227.2,232.9,53735,EQ,,,
2019-05-16,231.5,232.5,229.3,231.2,50712,EQ,,,
2019-05-17,230.65,232.2,229.0,230.0,68438,EQ,,,
2019-05-20,232.0,242.25,229.75,241.15,175153,EQ,,,
2019-05-21,241.0,244.25,235.2,243.75,60236,EQ,,,
2019-05-22,245.0,245.0,236.55,238.9,34616,EQ,,,
2019-05-23,240.0,242.5,233.8,235.1,15375,EQ,,,
2019-05-24,233.75,238.1,232.65,237.5,12441,EQ,,,
2019-05-27,238.75,243.75,236.3,243.0,27745,EQ,,,
2019-05-28,243.75,244.5,240.75,241.7,16690,EQ,,,
2019-05-29,242.0,242.25,240.4,241.3,24710,EQ,,,
2019-05-30,238.8,242.1,238.8,240.05,12582,EQ,,,
2019-05-31,242.5,242.5,239.45,241.6,184424,EQ,,,
2019-06-03,240.1,243.25,240.05,242.55,29563,EQ,,,
2019-06-04,242.55,243.25,240.55,242.65,33534,EQ,,,
2019-06-06,243.0,243.7,237.7,241.45,32781,EQ,,,
2019-06-07,242.5,242.5,239.25,240.8,14089,EQ,,,
2019-06-10,240.5,241.25,231.85,240.6,15510,EQ,,,
2019-06-11,237.5,242.5,236.3,241.55,17241,EQ,,,
2019-06-12,237.5,243.0,237.5,242.0,28371,EQ,,,
2019-06-13,237.5,244.25,237.5,242.6,17004,EQ,,,
2019-06-14,242.6,245.0,237.5,243.4,13567,EQ,,,
2019-06-17,240.25,243.6,232.5,237.15,87719,EQ,,,
2019-06-18,233.25,241.5,233.25,240.1,12962,EQ,,,
2019-06-19,237.75,245.25,232.8,242.6,21086,EQ,,,
2019-06-20,238.3,247.5,238.3,246.55,30189,EQ,,,
2019-06-21,243.75,249.0,241.8,247.9,23322,EQ,,,
2019-06-24,245.0,247.45,241.5,243.0,11213,EQ,,,
2019-06-25,243.0,243.7,239.45,243.0,9469,EQ,,,
2019-06-26,241.05,243.45,240.85,241.95,7121,EQ,,,
2019-06-27,241.25,243.2,238.25,238.7,16993,EQ,,,
2019-06-28,237.75,244.0,237.0,242.8,18323,EQ,,,
2019-07-01,241.25,243.5,237.25,238.4,13699,EQ,,,
2019-07-02,237.0,241.25,236.55,239.15,10225,EQ,,,
2019-07-03,238.0,246.95,238.0,245.9,30646,EQ,,,
2019-07-04,243.25,251.4,243.25,247.2,50841,EQ,,,
2019-07-05,247.9,249.25,243.5,244.35,22873,EQ,,,
2019-07-08,244.35,244.35,238.25,242.3,31966,EQ,,,
2019-07-09,238.8,242.05,238.8,240.55,31407,EQ,,,
2019-07-10,241.95,250.75,238.75,248.75,31464,EQ,,,
2019-07-11,247.8,256.2,245.0,252.8,39495,EQ,,,
2019-07-12,252.5,270.0,250.8,267.05,86861,EQ,,,
2019-07-15,266.0,266.0,257.5,260.9,12669,EQ,,,
2019-07-16,260.9,264.7,257.5,258.0,9648,EQ,,,
2019-07-17,258.0,263.75,257.55,259.75,8438,EQ,,,
2019-07-18,258.75,262.5,256.25,256.7,15555,EQ,,,
2019-07-19,256.75,259.95,252.5,257.8,13628,EQ,,,
2019-07-22,257.8,259.15,251.25,255.45,19589,EQ,,,
2019-07-23,253.75,265.0,252.5,263.05,12437,EQ,,,
2019-07-24,266.75,266.75,258.05,262.4,10965,EQ,,,
2019-07-25,267.2,267.2,256.0,257.5,7474,EQ,,,
2019-07-26,253.8,257.0,252.5,253.05,12050,EQ,,,
2019-07-29,253.75,262.25,251.25,254.15,21588,EQ,,,
2019-07-30,255.0,255.0,251.25,251.4,4993,EQ,,,
2019-07-31,250.2,262.45,248.75,254.75,13478,EQ,,,
2019-08-01,250.0,260.0,250.0,258.75,19637,EQ,,,
2019-08-02,252.5,261.25,252.5,257.55,3943,EQ,,,
2019-08-05,252.7,257.25,251.25,256.7,5761,EQ,,,
2019-08-06,251.7,266.25,251.5,261.4,12393,EQ,,,
2019-08-07,264.95,266.05,257.2,260.7,26621,EQ,,,
2019-08-08,260.75,265.55,258.75,263.1,21148,EQ,,,
2019-08-09,265.0,268.75,263.75,265.2,10768,EQ,,,
2019-08-13,269.75,269.75,256.25,257.6,4163,EQ,,,
2019-08-14,260.7,260.9,255.0,255.95,8742,EQ,,,
2019-08-16,255.0,259.0,253.75,256.9,11158,EQ,,,
2019-08-19,253.8,257.5,251.25,252.85,8124,EQ,,,
2019-08-20,252.5,261.5,252.5,257.7,7661,EQ,,,
2019-08-21,259.0,264.0,255.3,261.9,20551,EQ,,,
2019-08-22,264.4,264.4,251.25,260.55,51376,EQ,,,
2019-08-23,258.8,262.5,256.8,261.05,145166,EQ,,,
2019-08-26,259.2,265.0,258.75,260.1,203043,EQ,,,
2019-08-27,260.5,267.5,256.3,266.25,15870,EQ,,,
2019-08-28,264.0,270.0,258.75,264.8,26582,EQ,,,
2019-08-29,267.5,272.5,260.3,268.0,13731,EQ,,,
2019-08-30,269.65,293.5,266.85,290.5,116547,EQ,,,
2019-09-03,290.5,308.75,285.55,303.15,107096,EQ,,,
2019-09-04,302.25,310.0,292.5,303.6,52758,EQ,,,
2019-09-05,304.5,307.25,293.75,300.45,7700,EQ,,,
2019-09-06,300.0,303.25,293.75,298.55,13631,EQ,,,
2019-09-09,299.05,330.5,292.5,325.95,89680,EQ,,,
2019-09-11,330.75,340.0,320.0,321.9,61162,EQ,,,
2019-09-12,321.9,328.25,310.0,312.0,27877,EQ,,,
2019-09-13,314.8,321.6,309.45,318.85,26272,EQ,,,
2019-09-16,321.25,322.0,308.75,309.9,10722,EQ,,,
2019-09-17,315.15,315.15,304.5,308.0,20127,EQ,,,
2019-09-18,308.25,316.0,305.05,311.05,18297,EQ,,,
2019-09-19,310.75,312.5,305.05,305.8,11022,EQ,,,
2019-09-20,307.5,323.0,305.05,312.35,56631,EQ,,,
2019-09-23,324.75,335.0,318.8,332.7,90325,EQ,,,
2019-09-24,332.5,334.35,321.85,324.75,67152,EQ,,,
2019-09-25,324.5,324.5,317.25,319.4,22347,EQ,,,
2019-09-26,318.75,331.25,318.0,321.85,48982,EQ,,,
2019-09-27,320.0,324.0,317.8,319.35,11549,EQ,,,
2019-09-30,319.35,321.75,316.25,318.2,42487,EQ,1725.0,24.63,3540.0
2019-10-01,317.0,320.6,310.0,312.35,14662,EQ,1929.0,7.6,5813.0
2019-10-03,306.25,311.15,306.25,309.55,25165,EQ,3062.0,8.22,15453.0
2019-10-04,314.0,317.4,304.7,307.4,11120,EQ,2548.0,4.36,4646.0
2019-10-07,310.5,323.75,306.45,313.7,19820,EQ,3034.0,6.53,8409.0
2019-10-09,308.75,325.0,308.75,317.5,20511,EQ,2254.0,9.1,10000.0
2019-10-10,318.2,322.5,316.8,318.9,183312,EQ,2633.0,69.62,171531.0
2019-10-11,318.9,323.55,306.45,321.05,63438,EQ,2693.0,23.56,47909.0
2019-10-14,317.75,331.0,317.75,320.6,29873,EQ,2018.0,14.8,19335.0
2019-10-15,321.25,323.2,318.75,319.95,7265,EQ,1119.0,6.49,3986.0
2019-10-16,319.4,321.9,316.6,318.55,9880,EQ,1420.0,6.96,4065.0
2019-10-17,318.55,319.75,315.7,317.65,18064,EQ,1382.0,13.07,14270.0
2019-10-18,320.0,352.5,317.25,341.1,68026,EQ,6358.0,10.7,51729.0
2019-10-22,343.15,351.1,333.0,335.45,58823,EQ,4904.0,11.99,39610.0
2019-10-23,339.95,342.0,335.5,339.15,17005,EQ,1233.0,13.79,13913.0
2019-10-24,340.0,342.5,332.5,334.5,21405,EQ,1977.0,10.83,13347.0
2019-10-25,334.5,364.5,334.5,352.1,65794,EQ,4442.0,14.81,34557.0
2019-10-29,365.5,370.0,348.75,360.15,45384,EQ,5326.0,8.52,29000.0
2019-10-30,362.5,368.25,356.25,358.55,30533,EQ,3932.0,7.77,17092.0
2019-10-31,363.25,364.25,359.25,361.8,16355,EQ,2872.0,5.69,9388.0
2019-11-01,358.75,362.95,352.5,357.55,15595,EQ,2461.0,6.34,9336.0
2019-11-04,359.5,370.3,354.0,362.7,20150,EQ,3319.0,6.07,12296.0
2019-11-05,365.7,365.7,353.4,359.75,14837,EQ,2154.0,6.89,7957.0
2019-11-06,372.0,372.0,348.75,351.2,21503,EQ,3578.0,6.01,11143.0
2019-11-07,353.9,357.65,343.75,346.6,11121,EQ,1770.0,6.28,5248.0
2019-11-08,346.6,350.25,334.15,339.25,39691,EQ,7747.0,5.12,24398.0
2019-11-11,346.25,355.8,346.1,349.75,34788,EQ,5528.0,6.29,21613.0
2019-11-13,356.5,358.75,345.9,349.4,82621,EQ,10313.0,8.01,53471.0
2019-11-14,353.5,353.9,346.45,349.0,51396,EQ,6360.0,8.08,40207.0
2019-11-15,348.75,356.25,340.95,344.3,30303,EQ,3436.0,8.82,17052.0
2019-11-18,345.0,352.5,345.0,347.95,17968,EQ,2847.0,6.31,12367.0
2019-11-19,351.0,360.0,345.75,351.85,49588,EQ,4873.0,10.18,34563.0
2019-11-20,352.25,365.0,352.15,358.9,75440,EQ,7731.0,9.76,46351.0
2019-11-21,361.3,362.0,356.25,359.7,25655,EQ,3830.0,6.7,17971.0
2019-11-22,362.1,362.1,350.65,356.2,17066,EQ,2434.0,7.01,11868.0
2019-11-25,358.2,358.2,346.4,354.3,35954,EQ,2777.0,12.95,27970.0
2019-11-26,354.3,360.75,336.25,356.55,225379,EQ,21786.0,10.35,199186.0
2019-11-27,350.0,353.5,343.8,350.35,35700,EQ,4516.0,7.91,22347.0
2019-11-28,350.5,353.5,343.35,350.65,21983,EQ,3548.0,6.2,12303.0
2019-11-29,351.75,351.75,345.0,348.7,17555,EQ,2814.0,6.24,10223.0
2019-12-02,346.25,352.1,341.25,343.65,13402,EQ,1510.0,8.88,7944.0
2019-12-03,344.0,351.25,343.6,347.3,31735,EQ,5900.0,5.38,19159.0
2019-12-04,346.0,348.25,341.5,342.85,23658,EQ,2931.0,8.07,15942.0
2019-12-05,342.5,345.05,337.5,340.9,20443,EQ,1864.0,10.97,11463.0
2019-12-06,342.9,343.75,337.5,339.55,19886,EQ,2916.0,6.82,8193.0
2019-12-09,339.55,341.25,333.0,335.45,26846,EQ,2786.0,9.64,18015.0
2019-12-10,335.7,337.6,312.5,321.9,80424,EQ,6499.0,12.37,53255.0
2019-12-11,318.0,325.0,315.9,323.1,38894,EQ,8313.0,4.68,25205.0
2019-12-12,320.75,328.25,317.65,322.6,30041,EQ,8637.0,3.48,21183.0
2019-12-13,322.75,324.95,314.2,323.7,43491,EQ,8547.0,5.09,29249.0
2019-12-16,318.9,324.5,318.75,322.5,41860,EQ,3982.0,10.51,30113.0
2019-12-17,320.65,324.9,319.05,322.15,46738,EQ,6668.0,7.01,36355.0
2019-12-18,326.25,330.0,320.6,326.6,43552,EQ,5246.0,8.3,27640.0
2019-12-19,327.25,334.5,321.5,331.85,55131,EQ,5957.0,9.25,28102.0
2019-12-20,329.55,331.7,323.85,330.2,61836,EQ,6113.0,10.12,38031.0
2019-12-23,331.25,336.85,325.65,334.65,36675,EQ,4908.0,7.47,17038.0
2019-12-24,331.0,347.0,328.55,344.45,37050,EQ,3237.0,11.45,15406.0
2019-12-26,344.3,351.1,340.5,345.8,28360,EQ,3287.0,8.63,10444.0
2019-12-27,340.5,358.6,340.5,355.15,27016,EQ,2782.0,9.71,14422.0
2019-12-30,352.5,361.25,352.5,359.25,11624,EQ,1441.0,8.07,5465.0
2019-12-31,359.25,366.25,351.7,362.9,43034,EQ,8617.0,4.99,18319.0
2020-01-01,357.55,367.0,356.7,358.65,18404,EQ,2723.0,6.76,6053.0
2020-01-02,360.9,361.15,349.75,351.9,10157,EQ,1658.0,6.13,3384.0
2020-01-03,356.75,356.75,348.75,350.95,14950,EQ,2459.0,6.08,7700.0
2020-01-06,346.4,350.5,335.0,337.4,21734,EQ,2137.0,10.17,10769.0
2020-01-07,338.0,357.5,338.0,354.1,29680,EQ,4796.0,6.19,13304.0
2020-01-08,352.25,381.25,345.25,373.85,160354,EQ,14654.0,10.94,69190.0
2020-01-09,381.25,398.75,375.25,395.1,135413,EQ,13965.0,9.7,60018.0
2020-01-10,395.1,409.5,393.4,405.55,76925,EQ,6708.0,11.47,34971.0
2020-01-13,407.25,430.0,401.35,424.1,78584,EQ,7493.0,10.49,26676.0
2020-01-14,422.5,425.0,416.55,423.75,33355,EQ,3541.0,9.42,16940.0
2020-01-15,417.5,429.7,415.25,416.9,32594,EQ,3759.0,8.67,13363.0
2020-01-16,420.35,422.45,403.75,406.5,26743,EQ,3046.0,8.78,13506.0
2020-01-17,409.0,418.75,408.7,413.25,33697,EQ,6611.0,5.1,15642.0
2020-01-20,416.8,423.75,412.65,416.8,14055,EQ,1791.0,7.85,5561.0
2020-01-21,419.25,419.25,403.75,410.9,34602,EQ,2681.0,12.91,12916.0
2020-01-22,415.0,419.5,406.25,410.95,19691,EQ,2022.0,9.74,9850.0
2020-01-23,405.25,425.4,405.25,417.75,43112,EQ,4848.0,8.89,21850.0
2020-01-24,415.0,426.8,410.25,418.75,31668,EQ,4014.0,7.89,14547.0
2020-01-27,427.5,432.5,406.25,408.6,42540,EQ,4472.0,9.51,20216.0
2020-01-28,412.25,422.5,408.75,415.15,30888,EQ,3587.0,8.61,14351.0
2020-01-29,416.25,427.5,415.55,420.2,28297,EQ,3221.0,8.79,17196.0
2020-01-30,422.5,425.0,412.5,413.5,14529,EQ,1632.0,8.9,9690.0
2020-01-31,415.0,420.6,410.5,413.65,12613,EQ,1824.0,6.92,5052.0
2020-02-03,412.5,431.25,411.25,416.45,23306,EQ,2996.0,7.78,8926.0
2020-02-04,422.5,428.75,408.75,414.65,32970,EQ,3761.0,8.77,16666.0
2020-02-05,413.0,421.0,410.5,415.05,22775,EQ,3370.0,6.76,13208.0
2020-02-06,416.25,418.75,378.75,396.55,75679,EQ,6548.0,11.56,37314.0
2020-02-07,409.4,419.7,406.5,415.1,97985,EQ,10615.0,9.23,39046.0
2020-02-10,415.0,415.0,396.4,404.15,37991,EQ,4411.0,8.61,23047.0
2020-02-11,405.25,431.25,400.55,423.05,58679,EQ,5994.0,9.79,24367.0
2020-02-12,426.15,464.5,415.05,459.95,169619,EQ,13136.0,12.91,52709.0
2020-02-13,460.0,487.5,450.55,454.55,122971,EQ,11865.0,10.36,43481.0
2020-02-14,460.0,472.0,437.75,442.4,56399,EQ,6031.0,9.35,20867.0
2020-02-17,442.75,446.25,430.0,437.4,31018,EQ,2888.0,10.74,13349.0
2020-02-18,437.5,462.0,435.0,456.4,59062,EQ,6407.0,9.22,22352.0
2020-02-19,460.05,473.0,452.9,456.45,67547,EQ,7477.0,9.03,30747.0
2020-02-20,460.5,464.1,445.0,456.9,38509,EQ,5531.0,6.96,16965.0
2020-02-24,453.75,463.75,441.25,445.25,22857,EQ,5795.0,3.94,13569.0
2020-02-25,448.75,458.5,444.0,453.4,28969,EQ,3730.0,7.77,13751.0
2020-02-26,452.5,481.25,450.6,464.85,89746,EQ,7397.0,12.13,34028.0
2020-02-27,468.5,471.05,454.05,459.55,30349,EQ,5392.0,5.63,15217.0
2020-02-28,450.85,472.5,432.5,462.65,82690,EQ,10987.0,7.53,47308.0
2020-03-02,472.5,495.75,463.0,476.5,92118,EQ,10002.0,9.21,33862.0
2020-03-03,487.45,527.25,480.65,498.0,222162,EQ,22185.0,10.01,60166.0
2020-03-04,512.5,515.0,465.0,467.4,188960,EQ,17130.0,11.03,101922.0
2020-03-05,471.25,481.25,449.55,452.5,112604,EQ,12773.0,8.82,48467.0
2020-03-06,438.9,459.2,433.8,440.65,99299,EQ,16067.0,6.18,53507.0
2020-03-09,433.75,437.25,407.65,426.0,159412,EQ,18296.0,8.71,100628.0
2020-03-11,425.0,437.5,421.25,435.1,55704,EQ,7484.0,7.44,27554.0
2020-03-12,418.75,432.5,395.0,417.55,127415,EQ,21662.0,5.88,57766.0
2020-03-13,395.0,427.5,377.5,421.0,64880,EQ,6393.0,10.15,26908.0
2020-03-16,416.2,424.0,392.75,398.15,47313,EQ,8168.0,5.79,21979.0
2020-03-17,407.25,425.0,404.4,412.9,74519,EQ,6180.0,12.06,29374.0
2020-03-18,441.75,450.0,377.75,394.45,112060,EQ,10789.0,10.39,46697.0
2020-03-19,375.0,397.5,364.35,386.95,64354,EQ,5912.0,10.89,31222.0
2020-03-20,387.5,402.5,372.5,388.4,70762,EQ,7960.0,8.89,16107.0
2020-03-23,338.9,410.0,310.7,311.9,151716,EQ,16811.0,9.02,57013.0
2020-03-24,335.0,337.5,249.5,288.55,396400,EQ,9426.0,42.05,287653.0
2020-03-25,311.75,339.25,287.5,329.2,192469,EQ,17682.0,10.89,99969.0
2020-03-26,360.0,360.0,330.0,348.0,99128,EQ,9012.0,11.0,46060.0
2020-03-27,352.75,357.9,337.5,343.15,54741,EQ,7508.0,7.29,29075.0
2020-03-30,342.5,342.5,315.0,317.4,77425,EQ,4068.0,19.03,59661.0
2020-03-31,323.75,330.0,315.3,321.1,106518,EQ,15636.0,6.81,69529.0
2020-04-01,325.0,332.25,313.4,317.5,91795,EQ,6558.0,14.0,72794.0
2020-04-03,322.5,322.5,300.7,308.5,37303,EQ,4667.0,7.99,19977.0
2020-04-07,320.0,324.75,310.1,320.55,69914,EQ,3111.0,22.47,53658.0
2020-04-08,326.85,342.4,313.6,330.65,85222,EQ,6552.0,13.01,39508.0
2020-04-09,328.75,345.75,318.75,340.25,118686,EQ,12293.0,9.65,49860.0
2020-04-13,333.75,342.8,332.8,334.4,93321,EQ,,,
2020-04-15,305.0,316.75,291.4,314.55,5165401,EQ,133289.0,38.75,2248633.0
2020-04-16,314.5,322.2,310.4,313.55,425503,EQ,20467.0,20.79,207330.0
2020-04-17,322.5,323.9,311.5,313.0,304461,EQ,8571.0,35.52,196373.0
2020-04-20,314.0,317.0,297.75,304.7,747203,EQ,34622.0,21.58,591859.0
2020-04-21,296.25,307.75,295.25,299.45,128534,EQ,12113.0,10.61,69531.0
2020-04-22,297.5,307.35,297.5,302.75,204447,EQ,24286.0,8.42,137698.0
2020-04-23,305.5,310.0,300.5,304.5,123609,EQ,12939.0,9.55,87697.0
2020-04-24,302.5,302.55,295.4,298.55,84582,EQ,7223.0,11.71,52412.0
2020-04-27,298.75,306.0,287.75,304.7,224718,EQ,12084.0,18.6,112239.0
2020-04-28,309.25,317.5,305.5,309.75,232690,EQ,12166.0,19.13,91363.0
2020-04-29,314.5,314.5,308.25,309.95,50101,EQ,3531.0,14.19,25730.0
2020-04-30,312.5,325.2,310.55,315.65,186176,EQ,23013.0,8.09,108771.0
2020-05-04,311.25,311.25,300.0,303.3,144583,EQ,11988.0,12.06,88147.0
2020-05-05,305.75,309.9,300.0,307.05,86597,EQ,7355.0,11.77,44263.0
2020-05-06,307.25,314.5,300.75,312.0,71289,EQ,5439.0,13.11,34628.0
2020-05-07,311.25,316.2,305.0,306.8,31573,EQ,2404.0,13.13,13077.0
2020-05-08,309.95,310.5,294.0,301.05,121255,EQ,11751.0,10.32,66857.0
2020-05-11,301.5,303.25,297.5,302.55,131242,EQ,7199.0,18.23,97917.0
2020-05-12,303.0,307.25,300.25,306.55,58889,EQ,4101.0,14.36,38129.0
2020-05-13,310.0,315.75,309.05,315.0,184013,EQ,8244.0,22.32,125461.0
2020-05-14,312.5,321.75,311.25,316.5,223422,EQ,10519.0,21.24,139261.0
2020-05-15,316.5,322.75,316.5,320.9,73764,EQ,3401.0,21.69,48714.0
2020-05-18,323.5,323.95,308.5,316.2,107208,EQ,7640.0,14.03,73609.0
2020-05-19,317.1,321.25,308.4,314.4,73500,EQ,4473.0,16.43,50592.0
2020-05-20,314.4,322.0,312.5,320.65,54505,EQ,4114.0,13.25,29771.0
2020-05-21,323.0,323.7,312.8,314.6,48580,EQ,3480.0,13.96,35840.0
2020-05-22,314.6,323.25,311.25,320.6,52412,EQ,2894.0,18.11,32603.0
2020-05-26,320.6,323.0,310.5,320.75,66248,EQ,5671.0,11.68,38322.0
2020-05-27,320.8,339.25,320.8,336.1,116675,EQ,6624.0,17.61,68071.0
2020-05-28,338.0,341.55,328.05,330.45,36237,EQ,3017.0,12.01,16371.0
2020-05-29,332.75,349.75,328.0,346.25,113675,EQ,7270.0,15.64,79220.0
2020-06-01,345.25,356.75,339.15,352.25,149335,EQ,9659.0,15.46,81110.0
2020-06-02,356.2,362.75,352.55,359.6,71504,EQ,4332.0,16.51,41082.0
2020-06-03,360.0,370.25,359.05,362.55,51268,EQ,5838.0,8.78,25956.0
2020-06-04,366.25,366.7,355.3,360.4,52304,EQ,5583.0,9.37,26548.0
2020-06-05,363.75,373.25,360.5,363.4,80150,EQ,8542.0,9.38,38699.0
2020-06-08,367.5,375.25,358.75,363.8,66449,EQ,8504.0,7.81,34324.0
2020-06-09,363.0,369.2,357.8,361.6,50434,EQ,8031.0,6.28,29918.0
2020-06-10,363.5,365.0,349.5,353.7,66661,EQ,10300.0,6.47,34120.0
2020-06-11,358.75,362.25,349.0,352.0,58345,EQ,6639.0,8.79,33796.0
2020-06-12,342.5,387.0,340.0,363.2,105456,EQ,14312.0,7.37,51776.0
2020-06-15,360.5,367.1,359.0,362.1,32068,EQ,6099.0,5.26,19269.0
2020-06-16,362.0,365.7,357.9,360.05,79667,EQ,7016.0,11.36,64619.0
2020-06-17,360.25,372.0,352.9,366.2,140984,EQ,18572.0,7.59,97475.0
2020-06-18,360.5,368.7,360.5,366.55,37348,EQ,3332.0,11.21,27825.0
2020-06-19,368.7,371.2,363.1,369.85,88610,EQ,4685.0,18.91,75152.0
2020-06-22,369.5,373.05,363.25,364.9,87435,EQ,12227.0,7.15,64864.0
2020-06-23,365.25,367.0,357.5,362.7,131673,EQ,8756.0,15.04,92115.0
2020-06-24,347.5,358.1,346.55,350.6,1269329,EQ,21500.0,59.04,449075.0
2020-06-25,352.75,359.1,349.75,356.25,234918,EQ,5401.0,43.5,174352.0
2020-06-26,357.5,359.0,350.0,351.55,44217,EQ,2175.0,20.33,25327.0
2020-06-29,354.7,354.7,336.5,339.7,265571,EQ,12247.0,21.68,211839.0
2020-06-30,340.0,343.15,334.7,339.8,280267,EQ,8196.0,34.2,247736.0
2020-07-01,338.75,341.35,334.75,337.55,160959,EQ,4710.0,34.17,134411.0
2020-07-02,336.75,343.5,335.3,339.75,166452,EQ,5676.0,29.33,147020.0
2020-07-03,343.2,343.2,337.0,339.65,148817,EQ,4172.0,35.67,129552.0
2020-07-06,342.55,346.75,341.25,344.45,62026,EQ,4239.0,14.63,40274.0
2020-07-07,346.65,348.95,343.75,347.65,84637,EQ,8588.0,9.86,57415.0
2020-07-08,350.0,356.5,350.0,355.05,175220,EQ,13151.0,13.32,130031.0
2020-07-09,358.5,369.9,355.05,364.7,127944,EQ,7417.0,17.25,65099.0
2020-07-10,365.4,375.0,362.75,371.4,100754,EQ,3976.0,25.34,73097.0
2020-07-13,380.45,399.05,371.5,395.55,291009,EQ,16857.0,17.26,84293.0
2020-07-14,394.95,403.15,381.45,389.05,116143,EQ,10355.0,11.22,41266.0
2020-07-15,390.5,401.25,383.8,399.7,74785,EQ,6654.0,11.24,30302.0
2020-07-16,399.7,402.8,387.5,389.0,46195,EQ,4127.0,11.19,25817.0
2020-07-17,392.25,394.8,375.0,377.3,81891,EQ,5915.0,13.84,37821.0
2020-07-20,382.5,382.5,355.3,365.7,123215,EQ,10565.0,11.66,64693.0
2020-07-21,362.5,374.4,362.0,364.4,90960,EQ,11032.0,8.25,44370.0
2020-07-22,364.45,371.9,361.75,364.05,30492,EQ,2885.0,10.57,11906.0
2020-07-23,367.0,389.5,366.5,385.15,147186,EQ,8415.0,17.49,67641.0
2020-07-24,383.75,395.0,380.0,388.6,53809,EQ,6125.0,8.79,26582.0
2020-07-27,391.6,392.5,378.75,381.35,38700,EQ,4940.0,7.83,19198.0
2020-07-28,387.5,401.25,383.75,398.25,101372,EQ,9604.0,10.56,40371.0
2020-07-29,404.0,411.5,388.9,392.95,146691,EQ,10070.0,14.57,63411.0
2020-07-30,395.75,403.7,393.0,398.85,33833,EQ,2558.0,13.23,21210.0
2020-07-31,400.0,406.2,388.0,393.55,50204,EQ,5123.0,9.8,20556.0
2020-08-03,387.25,417.6,382.5,403.75,355560,EQ,26999.0,13.17,241757.0
2020-08-04,407.75,420.4,405.7,410.2,174486,EQ,12334.0,14.15,69737.0
2020-08-05,410.2,417.45,407.5,409.35,33619,EQ,3008.0,11.18,13755.0
2020-08-06,409.35,414.7,407.75,409.7,22894,EQ,2161.0,10.59,8617.0
2020-08-07,413.75,420.0,410.1,414.0,87322,EQ,16573.0,5.27,61630.0
2020-08-10,419.75,443.6,414.4,428.25,140607,EQ,12560.0,11.19,70759.0
2020-08-11,436.0,445.0,392.2,401.4,166464,EQ,15703.0,10.6,69953.0
2020-08-12,403.1,422.5,378.8,404.15,357552,EQ,32373.0,11.04,118627.0
2020-08-13,408.75,425.0,398.1,422.4,115717,EQ,10596.0,10.92,46282.0
2020-08-14,426.9,426.9,412.55,418.6,59602,EQ,7038.0,8.47,29065.0
2020-08-17,423.4,430.4,411.25,424.8,98958,EQ,9561.0,10.35,37688.0
2020-08-18,428.75,429.5,418.75,425.55,62787,EQ,8247.0,7.61,32288.0
2020-08-19,425.5,431.35,422.75,426.6,27720,EQ,3235.0,8.57,13787.0
2020-08-20,425.0,451.25,421.5,447.4,206757,EQ,19167.0,10.79,96246.0
2020-08-21,452.2,452.5,434.45,437.7,87014,EQ,11653.0,7.47,49284.0
2020-08-24,442.4,479.5,440.95,446.4,266636,EQ,38916.0,6.85,133007.0
2020-08-25,448.75,465.6,448.25,457.5,152793,EQ,24934.0,6.13,79691.0
2020-08-26,460.45,463.1,454.5,458.85,93729,EQ,14218.0,6.59,55182.0
2020-08-27,462.5,466.25,446.5,454.9,65375,EQ,8195.0,7.98,38014.0
2020-08-28,459.25,462.4,454.5,459.05,46195,EQ,5424.0,8.52,27960.0
2020-08-31,463.75,478.0,448.05,459.65,243371,EQ,19247.0,12.64,151845.0
2020-09-01,460.9,475.55,449.75,453.5,122415,EQ,15141.0,8.09,80903.0
2020-09-02,453.5,456.0,435.6,442.4,190351,EQ,21803.0,8.73,116420.0
2020-09-03,443.75,459.6,443.75,455.3,44823,EQ,5454.0,8.22,18547.0
2020-09-04,447.5,454.75,439.25,446.45,56909,EQ,8770.0,6.49,25476.0
2020-09-07,450.0,452.3,443.1,445.5,33807,EQ,3645.0,9.27,20983.0
2020-09-08,443.9,450.0,439.9,447.1,37688,EQ,4414.0,8.54,18324.0
2020-09-09,450.0,454.75,433.05,440.25,88402,EQ,6133.0,14.41,63185.0
2020-09-10,445.75,449.5,432.65,436.0,197274,EQ,7902.0,24.97,173614.0
2020-09-11,436.0,445.0,425.35,438.9,73452,EQ,8374.0,8.77,33473.0
2020-09-14,448.75,488.75,440.3,479.0,285015,EQ,43623.0,6.53,136917.0
2020-09-15,479.5,510.0,479.0,505.2,202603,EQ,30700.0,6.6,95574.0
2020-09-16,507.2,507.2,480.25,483.9,82695,EQ,14467.0,5.72,35136.0
2020-09-17,487.5,497.0,480.0,481.6,65205,EQ,12316.0,5.29,30205.0
2020-09-18,482.5,492.35,462.3,467.0,377136,EQ,25130.0,15.01,304695.0
2020-09-21,470.05,477.6,441.4,448.15,74476,EQ,11932.0,6.24,30867.0
2020-09-22,451.4,452.35,418.75,435.9,148820,EQ,19680.0,7.56,68670.0
2020-09-23,440.45,446.6,425.5,432.35,56446,EQ,9259.0,6.1,23480.0
2020-09-24,431.95,448.7,425.4,444.05,77682,EQ,8049.0,9.65,31840.0
2020-09-25,449.2,449.2,425.0,438.15,500878,EQ,7400.0,67.69,454216.0
2020-09-28,444.95,470.0,440.25,462.4,86197,EQ,,,
2020-09-29,467.0,475.0,442.75,447.45,75716,EQ,9853.0,7.68,26081.0
2020-09-30,453.75,459.25,439.5,448.5,66178,EQ,10488.0,6.31,35755.0
2020-10-01,449.75,454.5,442.5,446.55,29135,EQ,5077.0,5.74,16684.0
2020-10-05,458.7,485.0,455.0,478.25,118135,EQ,14984.0,7.88,47220.0
2020-10-06,482.5,495.0,478.75,486.85,117717,EQ,14314.0,8.22,44831.0
2020-10-07,484.5,536.2,480.9,507.9,734635,EQ,52291.0,14.05,157154.0
2020-10-08,497.5,501.8,484.5,486.2,162801,EQ,15091.0,10.79,52533.0
2020-10-09,486.2,507.5,479.0,491.75,161051,EQ,15863.0,10.15,35694.0
2020-10-12,497.25,508.0,485.45,501.0,135374,EQ,10855.0,12.47,43605.0
2020-10-13,501.25,501.25,487.0,488.0,56215,EQ,5213.0,10.78,25077.0
2020-10-14,487.75,492.1,476.0,479.1,59645,EQ,5623.0,10.61,19087.0
2020-10-15,479.75,487.25,465.5,479.2,137634,EQ,19586.0,7.03,69168.0
2020-10-16,475.5,481.55,467.55,471.1,100234,EQ,9636.0,10.4,75756.0
2020-10-19,475.8,478.5,463.15,468.25,58283,EQ,9293.0,6.27,23341.0
2020-10-20,467.0,476.25,464.45,469.3,122852,EQ,8872.0,13.85,84964.0
2020-10-21,469.5,475.0,465.5,472.05,41068,EQ,4997.0,8.22,14757.0
2020-10-22,473.85,487.25,467.1,481.05,84837,EQ,9271.0,9.15,36045.0
2020-10-23,485.25,490.0,481.05,484.5,26358,EQ,4166.0,6.33,9965.0
2020-10-26,484.5,505.35,478.4,482.35,67389,EQ,8779.0,7.68,19914.0
2020-10-27,475.8,483.7,470.05,473.25,53128,EQ,4330.0,12.27,16318.0
2020-10-28,477.2,484.65,471.25,474.9,140023,EQ,4514.0,31.02,119470.0
2020-10-29,472.5,491.5,465.5,476.8,62018,EQ,7989.0,7.76,23995.0
2020-10-30,479.9,500.0,469.55,491.9,67341,EQ,4899.0,13.75,49460.0
2020-11-02,491.25,494.2,483.75,488.55,48310,EQ,2954.0,16.35,35683.0
2020-11-03,487.6,490.45,478.95,483.9,60890,EQ,4621.0,13.18,46707.0
2020-11-04,486.2,498.1,475.9,483.9,72377,EQ,4233.0,17.1,57187.0
2020-11-05,488.25,494.95,487.2,491.2,130180,EQ,3332.0,39.07,115225.0
2020-11-06,492.5,504.75,490.0,495.2,88402,EQ,5921.0,14.93,66131.0
2020-11-09,498.75,502.25,487.25,492.15,48837,EQ,2936.0,16.63,37598.0
2020-11-10,491.5,493.0,455.4,465.45,255761,EQ,11316.0,22.6,192714.0
2020-11-11,467.8,485.0,467.8,472.9,77217,EQ,5036.0,15.33,56271.0
2020-11-12,476.25,486.2,462.0,467.75,119614,EQ,12209.0,9.8,55348.0
2020-11-13,467.75,485.0,463.2,478.05,63393,EQ,9542.0,6.64,30455.0
2020-11-17,487.75,515.9,484.0,506.9,142375,EQ,12171.0,11.7,51493.0
2020-11-18,508.0,517.25,492.5,511.0,83043,EQ,8787.0,9.45,30006.0
2020-11-19,508.75,518.9,501.25,516.4,77875,EQ,8879.0,8.77,40351.0
2020-11-20,517.25,536.0,511.3,534.15,150790,EQ,12795.0,11.79,59077.0
2020-11-23,537.75,561.95,537.75,559.8,196076,EQ,18901.0,10.37,93838.0
2020-11-24,567.5,580.75,561.1,572.35,196919,EQ,17063.0,11.54,125197.0
2020-11-25,572.5,572.5,545.45,552.7,215502,EQ,9137.0,23.59,176717.0
2020-11-26,547.5,552.7,541.6,543.5,80438,EQ,6660.0,12.08,57980.0
2020-11-27,546.15,568.7,540.4,558.6,118703,EQ,9704.0,12.23,62529.0
2020-12-01,558.9,566.25,538.1,540.7,85845,EQ,14428.0,5.95,57568.0
2020-12-02,545.0,550.0,527.6,530.4,81399,EQ,8785.0,9.27,42169.0
2020-12-03,535.0,538.8,508.8,511.7,154118,EQ,16970.0,9.08,93406.0
2020-12-04,516.25,520.25,497.0,498.75,232411,EQ,14111.0,16.47,177771.0
2020-12-07,502.5,504.7,488.25,489.5,151524,EQ,16065.0,9.43,97573.0
2020-12-08,491.25,500.9,490.9,492.4,84571,EQ,8422.0,10.04,47141.0
2020-12-09,496.75,500.5,490.9,496.3,61093,EQ,9679.0,6.31,33222.0
2020-12-10,498.75,505.4,486.0,492.0,130163,EQ,7959.0,16.35,97889.0
2020-12-11,494.5,499.75,488.9,497.6,61498,EQ,7946.0,7.74,32638.0
2020-12-14,499.2,499.75,485.2,487.0,104267,EQ,13272.0,7.86,72123.0
2020-12-15,489.25,496.25,476.4,489.9,102459,EQ,16910.0,6.06,54411.0
2020-12-16,490.25,493.2,482.25,485.0,154248,EQ,8824.0,17.48,84376.0
2020-12-17,487.0,488.05,476.65,479.5,68717,EQ,5504.0,12.48,44294.0
2020-12-18,481.0,481.0,467.5,468.7,415350,EQ,7126.0,58.29,376790.0
2020-12-21,470.6,484.4,463.9,476.85,137976,EQ,12885.0,10.71,51834.0
2020-12-22,475.0,483.5,455.5,476.9,84626,EQ,9995.0,8.47,35989.0
2020-12-23,477.5,492.0,477.5,487.95,222101,EQ,12718.0,17.46,152048.0
2020-12-24,492.0,493.75,484.0,487.25,78868,EQ,10482.0,7.52,40661.0
2020-12-28,488.75,497.75,487.5,496.0,63142,EQ,11559.0,5.46,39871.0
2020-12-29,497.4,499.4,484.4,487.6,48672,EQ,6324.0,7.7,21951.0
2020-12-30,490.0,492.25,487.5,489.95,49753,EQ,6694.0,7.43,34736.0
2020-12-31,490.0,493.8,483.9,490.3,80541,EQ,10071.0,8.0,50812.0
2021-01-01,492.75,512.25,490.35,503.75,98096,EQ,9332.0,10.51,52507.0
2021-01-04,508.75,514.95,503.75,512.9,94104,EQ,11079.0,8.49,53600.0
2021-01-05,510.0,526.2,505.05,525.55,169035,EQ,14037.0,12.04,111309.0
2021-01-06,528.0,537.25,515.75,521.65,114242,EQ,17697.0,6.46,72651.0
2021-01-07,521.5,531.2,518.0,525.2,41922,EQ,5673.0,7.39,20750.0
2021-01-08,527.8,531.2,522.1,528.65,102641,EQ,5143.0,19.96,80398.0
2021-01-11,530.0,546.6,525.0,539.1,137016,EQ,13074.0,10.48,65912.0
2021-01-12,543.1,548.25,535.0,545.1,64714,EQ,11654.0,5.55,29118.0
2021-01-13,546.25,549.75,538.05,544.3,50735,EQ,8207.0,6.18,18803.0
2021-01-14,544.25,547.75,531.2,542.9,62757,EQ,6324.0,9.92,42621.0
2021-01-15,543.7,556.0,534.8,540.8,131971,EQ,10198.0,12.94,85433.0
2021-01-18,553.75,568.65,535.0,546.8,184878,EQ,15634.0,11.83,70046.0
2021-01-19,545.75,557.0,538.85,555.5,60903,EQ,8926.0,6.82,32780.0
2021-01-20,559.5,562.5,550.0,561.1,81540,EQ,8620.0,9.46,52674.0
2021-01-21,564.5,580.0,528.9,556.2,135279,EQ,19313.0,7.0,59942.0
2021-01-22,557.5,562.25,541.75,546.1,54502,EQ,4947.0,11.02,39953.0
2021-01-25,551.5,551.5,500.75,504.9,188592,EQ,24363.0,7.74,109160.0
2021-01-27,507.75,539.25,507.75,523.3,212857,EQ,19151.0,11.11,114175.0
2021-01-28,523.2,530.0,506.6,522.65,80249,EQ,13618.0,5.89,47460.0
2021-01-29,526.0,529.3,510.25,515.85,19454,EQ,2937.0,6.62,6847.0
2021-02-01,522.5,549.7,505.35,509.2,110843,EQ,21459.0,5.17,54767.0
2021-02-02,511.7,524.3,509.35,514.7,114107,EQ,9442.0,12.09,81370.0
2021-02-03,520.75,562.5,519.5,550.2,166489,EQ,17979.0,9.26,43180.0
2021-02-04,547.0,567.5,537.75,557.1,98103,EQ,10453.0,9.39,56652.0
2021-02-05,568.75,573.75,537.5,541.5,41888,EQ,6426.0,6.52,14360.0
2021-02-08,542.3,574.5,541.2,543.85,42786,EQ,4742.0,9.02,10176.0
2021-02-09,546.5,549.05,536.75,540.9,36207,EQ,5515.0,6.57,19227.0
2021-02-10,546.5,563.25,532.0,535.85,43254,EQ,6293.0,6.87,22732.0
2021-02-11,537.35,545.0,511.6,515.3,113196,EQ,12766.0,8.87,72622.0
2021-02-12,522.25,522.25,507.5,509.8,58179,EQ,5204.0,11.18,24665.0
2021-02-15,511.25,517.0,501.2,503.25,90275,EQ,5271.0,17.13,70836.0
2021-02-16,500.0,500.0,478.75,484.0,343901,EQ,26633.0,12.91,202524.0
2021-02-17,484.0,509.6,484.0,502.1,142535,EQ,12960.0,11.0,61185.0
2021-02-18,512.0,518.65,495.25,502.35,133778,EQ,11295.0,11.84,55967.0
2021-02-19,507.75,509.45,489.55,492.65,76981,EQ,6432.0,11.97,44807.0
2021-02-22,497.45,507.5,487.0,493.2,86614,EQ,9067.0,9.55,15613.0
2021-02-23,493.2,502.0,489.45,493.25,55228,EQ,4777.0,11.56,32838.0
2021-02-24,495.8,499.95,483.75,490.0,51900,EQ,3946.0,13.15,32338.0
2021-02-25,492.5,506.25,485.6,494.85,83399,EQ,8718.0,9.57,23070.0
2021-02-26,496.25,499.75,488.0,489.8,40154,EQ,5018.0,8.0,20044.0
2021-03-01,499.95,499.95,487.4,489.95,64359,EQ,7375.0,8.73,42637.0
2021-03-02,495.0,495.0,472.75,483.05,277219,EQ,14370.0,19.29,207220.0
2021-03-03,487.7,495.0,484.25,493.4,51873,EQ,5958.0,8.71,19174.0
2021-03-04,493.1,498.6,490.0,490.5,27267,EQ,3168.0,8.61,9398.0
2021-03-05,492.5,492.5,479.0,482.15,100607,EQ,4864.0,20.68,83424.0
2021-03-08,487.25,489.0,473.25,478.35,189847,EQ,10219.0,18.58,142022.0
2021-03-09,481.9,482.5,472.0,477.3,102527,EQ,5734.0,17.88,71547.0
2021-03-10,479.7,487.2,477.6,481.35,27052,EQ,3315.0,8.16,9336.0
2021-03-12,482.7,487.0,474.0,476.65,116784,EQ,17359.0,6.73,72650.0
2021-03-15,483.75,484.5,470.5,479.55,49190,EQ,7966.0,6.17,24230.0
2021-03-16,483.85,485.85,474.0,476.95,101917,EQ,5865.0,17.38,75119.0
2021-03-17,480.0,480.0,466.0,467.35,121571,EQ,3587.0,33.89,106303.0
2021-03-18,470.9,474.3,464.0,470.35,162049,EQ,8793.0,18.43,123108.0
2021-03-19,472.1,482.25,462.0,479.8,259201,EQ,12080.0,21.46,189173.0
2021-03-22,483.95,496.2,476.75,493.3,195713,EQ,11059.0,17.7,127457.0
2021-03-23,494.5,516.7,485.1,514.55,229319,EQ,21149.0,10.84,82696.0
2021-03-24,513.7,518.75,502.55,510.2,78479,EQ,8747.0,8.97,27723.0
2021-03-25,508.85,512.5,495.3,502.25,63486,EQ,6795.0,9.34,28594.0
2021-03-26,515.0,524.4,503.9,519.8,103519,EQ,9758.0,10.61,39277.0
2021-03-30,527.75,570.0,525.0,561.4,307017,EQ,27093.0,11.33,117765.0
2021-03-31,562.25,587.0,550.75,560.3,179810,EQ,16220.0,11.09,40411.0
2021-04-01,554.75,566.4,535.5,539.9,117841,EQ,10297.0,11.44,46322.0
2021-04-05,537.5,580.7,537.5,558.35,358639,EQ,24523.0,14.62,120836.0
2021-04-06,564.5,564.7,538.8,548.65,219023,EQ,20953.0,10.45,90988.0
2021-04-07,554.5,572.25,550.05,567.9,194357,EQ,13573.0,14.32,101892.0
2021-04-08,573.5,617.5,563.75,595.5,670377,EQ,40608.0,16.51,246876.0
2021-04-09,622.5,633.5,613.0,620.85,400665,EQ,32343.0,12.39,117636.0
2021-04-12,634.75,651.25,608.05,618.75,686950,EQ,50437.0,13.62,242915.0
2021-04-13,633.75,641.4,588.9,596.65,214930,EQ,21267.0,10.11,44822.0
2021-04-15,595.0,615.0,595.0,609.0,110362,EQ,10933.0,10.09,39069.0
2021-04-16,612.3,630.0,610.0,620.85,116279,EQ,8880.0,13.09,52114.0
2021-04-19,623.0,633.5,603.15,621.6,119068,EQ,8633.0,13.79,50026.0
2021-04-20,621.25,625.0,605.0,611.2,75602,EQ,11007.0,6.87,28397.0
2021-04-22,614.25,624.75,595.0,598.65,65745,EQ,8679.0,7.58,21826.0
2021-04-23,599.5,605.2,591.1,596.7,66920,EQ,5745.0,11.65,38675.0
2021-04-26,603.1,603.1,582.5,584.0,42147,EQ,5865.0,7.19,18829.0
2021-04-27,587.2,624.95,581.4,603.0,136737,EQ,16976.0,8.05,34409.0
2021-04-28,606.7,622.5,599.25,610.2,73570,EQ,7646.0,9.62,19815.0
2021-04-29,610.75,614.95,592.75,598.2,85412,EQ,10129.0,8.43,46784.0
2021-04-30,599.75,616.0,592.55,598.75,35258,EQ,4579.0,7.7,9286.0
2021-05-03,593.75,607.5,593.6,596.4,24826,EQ,3215.0,7.72,7815.0
2021-05-04,601.7,605.85,562.75,566.6,50674,EQ,8362.0,6.06,26056.0
2021-05-05,571.1,586.35,567.75,580.65,72502,EQ,7258.0,9.99,19387.0
2021-05-06,584.5,597.25,582.5,585.1,38007,EQ,4386.0,8.67,9538.0
2021-05-07,587.8,587.85,564.3,568.9,66702,EQ,8609.0,7.75,25165.0
2021-05-10,577.5,589.25,562.5,570.35,118657,EQ,9254.0,12.82,78139.0
2021-05-11,569.75,585.75,566.55,576.2,107017,EQ,6637.0,16.12,75584.0
2021-05-12,583.4,616.25,583.4,592.2,201961,EQ,16926.0,11.93,81877.0
2021-05-14,592.25,595.3,576.25,583.4,41636,EQ,5853.0,7.11,17241.0
2021-05-17,589.25,593.3,575.0,576.7,50517,EQ,5647.0,8.95,28071.0
2021-05-18,580.75,591.25,577.55,589.25,37637,EQ,5131.0,7.34,19728.0
2021-05-19,593.25,593.25,575.75,579.6,71715,EQ,3991.0,17.97,58020.0
2021-05-20,585.0,588.7,570.0,573.75,46589,EQ,7951.0,5.86,22314.0
2021-05-21,577.5,587.8,565.25,570.8,47830,EQ,6623.0,7.22,18270.0
2021-05-24,570.8,587.5,570.8,584.85,40347,EQ,5889.0,6.85,19422.0
2021-05-25,587.5,597.5,578.25,582.3,57941,EQ,6445.0,8.99,21776.0
2021-05-26,584.4,592.0,581.25,584.75,18515,EQ,2007.0,9.23,8951.0
2021-05-27,586.7,591.65,572.5,574.5,55133,EQ,7347.0,7.5,26064.0
2021-05-28,579.5,653.75,577.75,631.05,1598840,EQ,126246.0,12.66,314349.0
2021-05-31,631.25,668.75,619.5,646.0,630864,EQ,55315.0,11.4,86139.0
2021-06-01,640.75,652.5,620.0,625.1,141199,EQ,14176.0,9.96,34094.0
2021-06-02,625.0,633.25,613.05,617.6,86510,EQ,11468.0,7.54,26737.0
2021-06-03,622.6,627.5,607.7,613.2,63194,EQ,7575.0,8.34,22902.0
2021-06-04,621.25,677.25,615.0,631.9,822022,EQ,85113.0,9.66,155424.0
2021-06-07,637.5,748.65,637.5,714.9,665502,EQ,60279.0,11.04,184509.0
2021-06-08,707.5,740.0,687.0,720.6,643165,EQ,69311.0,9.28,149928.0
2021-06-09,713.75,732.5,690.0,704.65,252492,EQ,28350.0,8.91,74658.0
2021-06-10,709.0,765.25,709.0,743.0,686864,EQ,59384.0,11.57,216516.0
2021-06-11,746.25,761.0,732.25,743.2,198492,EQ,19638.0,10.11,35112.0
2021-06-14,743.75,774.5,730.1,747.9,404446,EQ,27891.0,14.5,179422.0
2021-06-15,751.6,759.75,718.75,722.0,117428,EQ,12308.0,9.54,41727.0
2021-06-16,727.65,732.8,692.75,696.2,144406,EQ,14045.0,10.28,47604.0
2021-06-17,696.2,700.0,680.5,685.6,113601,EQ,11410.0,9.96,45879.0
2021-06-18,689.0,699.15,669.0,690.45,101692,EQ,14023.0,7.25,41065.0
2021-06-21,685.25,685.25,676.35,681.15,70280,EQ,7081.0,9.93,26663.0
2021-06-22,682.6,697.9,673.9,693.0,125595,EQ,11358.0,11.06,52358.0
2021-06-23,699.7,710.95,691.25,701.75,166648,EQ,12424.0,13.41,65756.0
2021-06-24,707.25,716.35,698.0,710.45,112242,EQ,7808.0,14.38,54295.0
2021-06-25,714.5,752.0,711.25,738.5,426682,EQ,27609.0,15.45,164368.0
2021-06-28,738.75,740.0,703.7,706.9,180909,EQ,14217.0,12.72,59597.0
2021-06-29,710.0,718.3,691.25,697.65,100323,EQ,8311.0,12.07,28592.0
2021-06-30,705.8,715.8,701.25,708.95,134372,EQ,10555.0,12.73,63536.0
2021-07-01,708.75,718.75,702.5,708.5,249453,EQ,12445.0,20.04,209782.0
2021-07-02,708.5,722.95,708.5,721.1,126815,EQ,10931.0,11.6,51241.0
2021-07-05,721.2,745.5,714.4,738.65,207353,EQ,14078.0,14.73,61938.0
2021-07-06,733.0,752.5,731.65,738.65,376338,EQ,9841.0,38.24,287560.0
2021-07-07,738.5,750.0,735.0,741.5,87610,EQ,6085.0,14.4,41613.0
2021-07-08,746.5,749.6,735.25,743.6,70105,EQ,4168.0,16.82,36692.0
2021-07-09,743.25,786.1,736.0,749.45,849389,EQ,61449.0,13.82,202773.0
2021-07-12,747.5,751.1,716.3,719.6,294366,EQ,24504.0,12.01,70550.0
2021-07-13,720.0,724.5,701.25,702.45,242246,EQ,23216.0,10.43,77124.0
2021-07-14,702.45,709.1,696.25,702.9,98783,EQ,9208.0,10.73,26225.0
2021-07-15,707.5,716.7,700.35,702.0,90874,EQ,10140.0,8.96,26095.0
2021-07-16,708.25,721.95,701.5,708.5,105296,EQ,10000.0,10.53,23336.0
2021-07-19,708.5,720.55,692.5,700.85,114288,EQ,11931.0,9.58,21048.0
2021-07-20,706.6,720.5,699.05,701.5,176727,EQ,13881.0,12.73,42937.0
2021-07-22,706.25,715.4,695.5,698.55,83318,EQ,7199.0,11.57,35603.0
2021-07-23,703.4,716.2,700.0,707.75,115049,EQ,10280.0,11.19,25988.0
2021-07-26,712.9,737.25,705.7,723.85,300375,EQ,25275.0,11.88,59210.0
2021-07-27,730.75,746.25,727.5,732.15,377134,EQ,24846.0,15.18,139154.0
2021-07-28,733.75,739.4,725.2,735.65,220616,EQ,18372.0,12.01,125731.0
2021-07-29,737.5,778.0,737.5,767.25,224956,EQ,17681.0,12.72,59162.0
2021-07-30,778.5,807.95,691.8,711.2,759837,EQ,67331.0,11.29,99742.0
2021-08-02,720.0,747.15,715.1,721.45,306888,EQ,30960.0,9.91,87482.0
2021-08-03,725.0,744.9,711.25,736.9,213365,EQ,17090.0,12.48,39648.0
2021-08-04,740.75,759.6,733.25,748.8,171501,EQ,14210.0,12.07,25801.0
2021-08-05,750.25,762.25,742.8,752.0,191813,EQ,17917.0,10.71,42430.0
2021-08-06,755.0,786.25,712.5,721.65,1287656,EQ,92231.0,13.96,158157.0
2021-08-09,732.5,736.0,688.75,698.0,476442,EQ,39430.0,12.08,107445.0
2021-08-10,703.0,713.8,688.5,692.8,187634,EQ,23328.0,8.04,44627.0
2021-08-11,697.85,698.7,660.5,669.0,356547,EQ,33573.0,10.62,123315.0
2021-08-12,672.7,673.4,652.2,657.65,176590,EQ,19220.0,9.19,61558.0
2021-08-13,659.95,686.15,659.0,669.9,315103,EQ,24847.0,12.68,34384.0
2021-08-16,672.45,674.75,655.5,667.65,108147,EQ,11019.0,9.81,23773.0
2021-08-17,665.0,681.75,652.5,677.3,182051,EQ,15804.0,11.52,42939.0
2021-08-18,681.9,711.25,677.3,699.35,522613,EQ,31224.0,16.74,173409.0
2021-08-20,699.35,706.3,681.25,686.45,291873,EQ,20595.0,14.17,117272.0
2021-08-23,694.45,694.45,668.75,671.3,105129,EQ,10187.0,10.32,34762.0
2021-08-24,671.3,687.5,658.85,669.85,132718,EQ,11733.0,11.31,46023.0
2021-08-25,673.2,677.35,668.0,672.9,54521,EQ,5038.0,10.82,9606.0
2021-08-26,676.15,676.15,663.4,672.0,187975,EQ,8378.0,22.44,109879.0
2021-08-27,671.95,687.25,671.75,681.5,174429,EQ,7747.0,22.52,94326.0
2021-08-30,681.5,702.35,679.5,697.1,162046,EQ,8711.0,18.6,52562.0
2021-08-31,698.75,709.75,694.1,705.9,212086,EQ,12942.0,16.39,67685.0
2021-09-01,706.25,731.25,706.25,724.55,283338,EQ,19139.0,14.8,106595.0
2021-09-02,730.1,731.65,714.8,720.25,186051,EQ,13389.0,13.9,72016.0
2021-09-03,721.25,727.5,704.6,709.0,98336,EQ,8057.0,12.21,28968.0
2021-09-06,710.0,737.5,706.8,730.05,241509,EQ,17790.0,13.58,67557.0
2021-09-07,735.75,743.5,714.4,719.3,138075,EQ,11466.0,12.04,25434.0
2021-09-08,721.2,737.8,715.75,732.3,143590,EQ,14006.0,10.25,38348.0
2021-09-09,728.5,762.4,727.5,752.1,478469,EQ,35607.0,13.44,112391.0
2021-09-13,757.5,771.0,745.25,768.2,270620,EQ,22836.0,11.85,45694.0
2021-09-14,773.5,773.5,757.25,769.35,119563,EQ,9892.0,12.09,35144.0
2021-09-15,769.35,805.0,762.7,793.65,415794,EQ,34328.0,12.11,107050.0
2021-09-16,791.75,810.0,784.55,799.8,209917,EQ,17027.0,12.33,68719.0
2021-09-17,802.5,804.35,779.7,786.4,123797,EQ,12356.0,10.02,53355.0
2021-09-20,782.25,791.6,751.7,758.6,97523,EQ,10592.0,9.21,26543.0
2021-09-21,756.5,772.0,750.15,767.65,70706,EQ,8169.0,8.66,16114.0
2021-09-22,770.4,770.5,743.5,750.15,315140,EQ,27792.0,11.34,183476.0
2021-09-23,752.5,790.25,752.3,778.4,293081,EQ,22452.0,13.05,62312.0
2021-09-24,777.5,783.1,744.2,763.85,212166,EQ,17585.0,12.07,83534.0
2021-09-27,764.75,773.95,729.4,736.4,911600,EQ,48903.0,18.64,261694.0
2021-09-28,738.75,740.85,695.0,699.4,271785,EQ,23554.0,11.54,131900.0
2021-09-29,699.95,700.6,673.3,676.9,244595,EQ,20348.0,12.02,94819.0
2021-09-30,677.5,687.5,670.45,675.2,267458,EQ,18051.0,14.82,129199.0
2021-10-01,669.75,698.5,666.5,695.4,324317,EQ,22523.0,14.4,129870.0
2021-10-04,701.75,721.25,690.6,712.0,290499,EQ,19361.0,15.0,85990.0
2021-10-05,712.0,722.0,700.25,719.7,182080,EQ,11702.0,15.56,55303.0
2021-10-06,718.75,725.75,693.0,701.75,156052,EQ,12553.0,12.43,66795.0
2021-10-07,700.0,712.5,690.25,694.05,127146,EQ,12557.0,10.13,57375.0
2021-10-08,695.0,712.5,693.15,709.95,114039,EQ,9686.0,11.77,41436.0
2021-10-11,711.0,723.8,700.5,708.7,126473,EQ,10821.0,11.69,45832.0
2021-10-12,697.5,708.5,691.5,696.35,96258,EQ,11134.0,8.65,35245.0
2021-10-13,696.25,696.25,673.75,677.3,244645,EQ,25763.0,9.5,139536.0
2021-10-14,680.9,681.2,657.5,660.7,236907,EQ,20229.0,11.71,119175.0
2021-10-18,675.0,680.5,657.75,674.95,318219,EQ,27390.0,11.62,183100.0
2021-10-19,677.5,697.4,673.25,687.5,186274,EQ,13095.0,14.22,75177.0
2021-10-20,689.5,739.85,668.15,726.9,872824,EQ,49500.0,17.63,438746.0
2021-10-21,734.15,758.75,707.85,715.1,908004,EQ,88190.0,10.3,267532.0
2021-10-22,720.0,729.1,695.25,703.05,420802,EQ,33709.0,12.48,143340.0
2021-10-25,711.65,712.5,682.0,699.8,435627,EQ,18134.0,24.02,279671.0
2021-10-26,703.9,735.25,699.0,730.5,447659,EQ,20484.0,21.85,198374.0
2021-10-27,730.5,730.5,703.6,711.75,404539,EQ,23598.0,17.14,107147.0
2021-10-28,712.5,743.0,709.55,735.15,358415,EQ,23487.0,15.26,111246.0
2021-10-29,728.7,744.25,716.0,740.55,221284,EQ,14664.0,15.09,60552.0
2021-11-01,740.55,758.75,725.0,748.35,182040,EQ,12668.0,14.37,59978.0
2021-11-02,747.75,769.6,742.5,757.0,323386,EQ,19509.0,16.58,82954.0
2021-11-03,755.0,775.0,741.65,764.75,326119,EQ,19056.0,17.11,54964.0
2021-11-04,765.0,771.25,755.35,761.6,16365,EQ,19056.0,0.86,54964.0
2021-11-08,763.75,787.5,758.5,782.45,150863,EQ,11584.0,13.02,60115.0
2021-11-09,778.7,802.5,770.0,795.55,198680,EQ,14263.0,13.93,92834.0
2021-11-10,791.0,801.0,781.25,788.3,219754,EQ,19096.0,11.51,80828.0
2021-11-11,752.5,775.5,750.8,768.0,480134,EQ,32038.0,14.99,170506.0
2021-11-12,762.5,785.95,759.0,773.65,275129,EQ,18178.0,15.14,147398.0
2021-11-15,780.0,838.1,771.4,834.5,730118,EQ,41657.0,17.53,257939.0
2021-11-16,832.5,834.25,783.2,786.55,552305,EQ,28826.0,19.16,253838.0
2021-11-17,785.0,849.75,777.75,811.9,658658,EQ,41647.0,15.82,135493.0
2021-11-18,810.3,812.5,779.25,786.7,347872,EQ,25579.0,13.6,197279.0
2021-11-22,785.0,785.0,738.75,757.2,323022,EQ,24914.0,12.97,156067.0
2021-11-23,758.5,767.4,740.0,756.2,393207,EQ,17281.0,22.75,265176.0
2021-11-24,757.0,763.65,747.25,758.05,57878,EQ,5922.0,9.77,10698.0
2021-11-25,752.5,760.45,733.15,736.85,138374,EQ,11600.0,11.93,38191.0
2021-11-26,737.25,801.15,737.25,765.6,756156,EQ,56130.0,13.47,165281.0
2021-11-29,767.5,815.1,765.6,782.65,545797,EQ,44549.0,12.25,74531.0
2021-11-30,787.05,831.0,772.55,823.2,569530,EQ,41281.0,13.8,136313.0
2021-12-01,823.2,827.5,783.0,789.1,444475,EQ,28002.0,15.87,86646.0
2021-12-02,797.5,808.75,787.5,801.55,216728,EQ,18415.0,11.77,51257.0
2021-12-03,807.25,812.5,788.0,801.2,141051,EQ,11300.0,12.48,33287.0
2021-12-06,808.15,843.5,805.6,813.2,780371,EQ,55876.0,13.97,77399.0
2021-12-07,817.25,817.25,768.25,780.6,379683,EQ,41055.0,9.25,112352.0
2021-12-08,777.5,795.75,767.0,790.65,254978,EQ,24134.0,10.57,94012.0
2021-12-09,793.5,814.75,786.25,800.1,252979,EQ,24839.0,10.18,62361.0
2021-12-10,799.25,811.35,787.7,805.7,137170,EQ,13086.0,10.48,37743.0
2021-12-13,805.7,817.5,797.15,801.6,162395,EQ,10493.0,15.48,94581.0
2021-12-14,802.25,826.25,795.6,817.25,247796,EQ,17884.0,13.86,76395.0
2021-12-15,817.2,837.25,815.45,820.4,267939,EQ,14042.0,19.08,122981.0
2021-12-16,823.7,853.75,811.5,833.95,222256,EQ,20263.0,10.97,39293.0
2021-12-17,834.0,834.25,799.5,815.15,155468,EQ,15284.0,10.17,36073.0
2021-12-20,806.5,806.5,766.35,781.5,332779,EQ,29064.0,11.45,112334.0
2021-12-21,782.5,834.5,782.5,827.0,217346,EQ,22541.0,9.64,69135.0
2021-12-22,822.75,827.1,812.5,822.1,136968,EQ,13544.0,10.11,54999.0
2021-12-23,827.65,855.3,802.15,810.6,518052,EQ,36442.0,14.22,132966.0
2021-12-24,818.7,829.9,795.8,819.55,174929,EQ,14486.0,12.08,22277.0
2021-12-27,823.75,835.65,818.75,833.65,150003,EQ,11901.0,12.6,38141.0
2021-12-28,834.5,869.0,832.6,861.35,217939,EQ,17241.0,12.64,48418.0
2021-12-29,864.75,874.6,852.15,868.65,290231,EQ,23333.0,12.44,64049.0
2021-12-30,875.25,895.0,855.15,859.3,599573,EQ,55753.0,10.75,137122.0
2021-12-31,862.5,869.5,856.0,860.2,137866,EQ,16890.0,8.16,50245.0
2022-01-03,865.0,870.9,855.1,864.9,156187,EQ,10842.0,14.41,66744.0
2022-01-04,866.25,869.2,850.1,857.1,102227,EQ,11036.0,9.26,30470.0
2022-01-05,860.0,866.95,850.1,853.7,240243,EQ,15121.0,15.89,158373.0
2022-01-06,852.5,855.0,830.85,833.95,100180,EQ,10676.0,9.38,32580.0
2022-01-07,828.75,838.55,808.75,817.2,122652,EQ,12084.0,10.15,30232.0
2022-01-10,819.25,819.25,800.4,804.05,163319,EQ,11981.0,13.63,90555.0
2022-01-11,804.75,808.6,790.0,792.35,105342,EQ,10535.0,10.0,53201.0
2022-01-12,792.6,801.0,775.0,778.55,210429,EQ,17103.0,12.3,112065.0
2022-01-13,782.75,785.5,771.75,775.5,152561,EQ,14568.0,10.47,72285.0
2022-01-14,775.5,775.5,751.5,763.25,122738,EQ,14652.0,8.38,34741.0
2022-01-17,757.4,758.65,747.5,749.4,106925,EQ,10577.0,10.11,31004.0
2022-01-18,748.75,748.75,710.3,716.1,335732,EQ,30683.0,10.94,120298.0
2022-01-19,710.75,711.25,690.9,695.2,236623,EQ,23228.0,10.19,81953.0
2022-01-20,700.15,710.25,678.75,681.25,263895,EQ,23339.0,11.31,77584.0
2022-01-21,675.0,691.25,661.25,664.55,337882,EQ,27951.0,12.09,124775.0
2022-01-24,657.5,668.6,628.4,633.9,285835,EQ,32073.0,8.91,82828.0
2022-01-25,622.5,638.75,614.4,635.0,174601,EQ,15984.0,10.92,39732.0
2022-01-27,631.65,636.7,607.05,612.55,183632,EQ,15101.0,12.16,63566.0
2022-01-28,615.0,640.65,615.0,630.0,171863,EQ,18143.0,9.47,61853.0
2022-01-31,629.75,636.7,595.0,628.25,317814,EQ,16840.0,18.87,101808.0
2022-02-01,636.25,648.3,626.0,636.0,871765,EQ,27429.0,31.78,416193.0
2022-02-02,643.75,662.75,640.3,657.85,331004,EQ,20396.0,16.23,116696.0
2022-02-03,660.0,663.25,637.5,640.1,131411,EQ,16059.0,8.18,57690.0
2022-02-04,636.25,655.0,626.3,646.65,126659,EQ,12724.0,9.95,43054.0
2022-02-07,647.0,649.9,620.0,632.4,122857,EQ,14006.0,8.77,60540.0
2022-02-08,632.2,641.8,603.8,608.4,237471,EQ,13794.0,17.22,153338.0
2022-02-09,614.9,628.0,607.0,614.15,110569,EQ,13884.0,7.96,46915.0
2022-02-10,614.15,624.5,608.0,615.15,71844,EQ,8433.0,8.52,29013.0
2022-02-11,612.0,612.0,590.95,605.4,197768,EQ,16515.0,11.98,74281.0
2022-02-14,564.75,574.5,484.65,512.8,2035126,EQ,126620.0,16.07,568152.0
2022-02-15,515.0,532.6,467.75,492.2,2447671,EQ,177011.0,13.83,861999.0
2022-02-16,502.5,508.25,485.75,496.75,1220154,EQ,55960.0,21.8,570518.0
2022-02-17,501.25,514.75,492.5,502.3,1183672,EQ,62829.0,18.84,483340.0
2022-02-18,499.25,505.2,495.25,500.1,318442,EQ,20208.0,15.76,102250.0
2022-02-21,495.5,505.95,481.25,494.0,478572,EQ,24781.0,19.31,185638.0
2022-02-22,490.0,517.5,483.25,508.3,762070,EQ,31430.0,24.25,268787.0
2022-02-23,516.0,536.05,513.75,521.6,599949,EQ,35178.0,17.05,138087.0
2022-02-24,506.85,518.3,493.0,499.55,449428,EQ,24103.0,18.65,185363.0
2022-02-25,512.25,515.15,493.1,495.7,657745,EQ,21023.0,31.29,283912.0
2022-02-28,493.75,493.75,478.0,489.2,305217,EQ,19990.0,15.27,134189.0
2022-03-02,487.5,500.0,482.1,490.45,215380,EQ,21262.0,10.13,81500.0
2022-03-03,493.8,498.6,487.5,488.9,160488,EQ,12285.0,13.06,75253.0
2022-03-04,487.5,488.45,463.5,473.9,368273,EQ,28752.0,12.81,174429.0
2022-03-07,462.6,472.7,451.0,466.2,168913,EQ,,,
2022-03-08,470.0,477.2,467.1,473.55,140097,EQ,10604.0,13.21,58215.0
2022-03-09,478.0,490.0,470.75,483.9,297633,EQ,22786.0,13.06,171049.0
2022-03-10,494.7,497.2,476.65,478.85,133484,EQ,11844.0,11.27,53357.0
2022-03-11,475.5,485.9,472.85,474.0,119207,EQ,9712.0,12.27,33496.0
2022-03-14,477.5,477.95,464.5,471.15,86434,EQ,10550.0,8.19,29340.0
2022-03-15,471.25,497.5,462.5,468.55,365313,EQ,32687.0,11.18,66531.0
2022-03-16,477.9,496.25,475.25,493.15,249601,EQ,18924.0,13.19,50049.0
2022-03-17,502.75,513.5,496.15,499.1,281611,EQ,26038.0,10.82,91186.0
2022-03-21,502.0,508.5,496.5,502.1,246083,EQ,17991.0,13.68,134005.0
2022-03-22,502.75,502.85,481.25,500.7,186681,EQ,15536.0,12.02,48150.0
2022-03-23,506.0,512.1,492.75,497.3,221975,EQ,21669.0,10.24,64170.0
2022-03-24,491.35,507.1,491.35,501.95,136592,EQ,11438.0,11.94,44789.0
2022-03-25,500.0,508.35,494.1,498.5,113930,EQ,10395.0,10.96,38515.0
2022-03-28,501.0,503.3,489.9,495.5,117254,EQ,10937.0,10.72,43418.0
2022-03-29,497.5,522.25,497.5,511.95,312771,EQ,20989.0,14.9,69731.0
2022-03-30,517.2,527.6,509.25,514.4,214098,EQ,15978.0,13.4,72473.0
2022-03-31,515.0,520.35,506.5,508.95,166167,EQ,23373.0,7.11,83676.0
2022-04-01,508.75,526.35,508.75,522.75,157795,EQ,13657.0,11.55,60744.0
2022-04-04,527.5,562.5,525.05,559.0,449566,EQ,37289.0,12.06,209755.0
2022-04-05,559.0,642.65,536.5,603.85,1888582,EQ,120357.0,15.69,495394.0
2022-04-06,600.0,608.45,589.0,601.2,447498,EQ,36819.0,12.15,157885.0
2022-04-07,601.0,627.5,600.0,617.7,491404,EQ,34730.0,14.15,124575.0
2022-04-08,622.5,632.35,617.5,618.8,309376,EQ,23884.0,12.95,136980.0
2022-04-11,620.05,630.85,613.3,616.95,177016,EQ,13723.0,12.9,68591.0
2022-04-12,620.0,641.6,600.5,604.75,455321,EQ,47708.0,9.54,118001.0
2022-04-13,608.9,614.45,595.9,604.3,194630,EQ,14594.0,13.34,84120.0
2022-04-18,605.0,620.9,599.3,605.35,197549,EQ,13031.0,15.16,68332.0
2022-04-19,625.0,628.75,600.35,610.9,305334,EQ,20388.0,14.98,98335.0
2022-04-20,617.45,631.5,612.5,615.15,276162,EQ,19925.0,13.86,109206.0
2022-04-21,620.25,634.0,616.25,620.5,165249,EQ,14083.0,11.73,56199.0
2022-04-22,620.85,622.15,600.55,602.0,111418,EQ,11665.0,9.55,46010.0
2022-04-25,596.0,604.7,588.0,600.2,145321,EQ,12238.0,11.87,63284.0
2022-04-26,605.9,621.25,593.75,597.7,320152,EQ,14131.0,22.66,237134.0
2022-04-27,589.0,602.0,589.0,595.1,167063,EQ,10605.0,15.75,77413.0
2022-04-28,599.15,604.25,586.5,592.7,187536,EQ,15102.0,12.42,101940.0
2022-04-29,598.15,607.5,593.8,599.45,188392,EQ,14919.0,12.63,121117.0
2022-05-02,591.25,591.25,568.0,572.6,141652,EQ,16951.0,8.36,45700.0
2022-05-04,571.25,571.25,530.25,535.35,174944,EQ,16235.0,10.78,58196.0
2022-05-05,538.75,553.1,525.3,546.85,175196,EQ,17482.0,10.02,51553.0
2022-05-06,540.0,543.75,530.35,533.85,79985,EQ,7021.0,11.39,30574.0
2022-05-09,522.75,534.25,514.3,524.1,75782,EQ,7790.0,9.73,19675.0
2022-05-10,521.25,527.25,511.75,514.5,54794,EQ,6705.0,8.17,19222.0
2022-05-12,514.0,524.0,502.0,509.7,102711,EQ,9613.0,10.68,41798.0
2022-05-13,510.75,537.15,499.65,504.05,67372,EQ,7633.0,8.83,15144.0
2022-05-16,498.75,498.9,471.15,486.65,334531,EQ,23119.0,14.47,44874.0
2022-05-17,486.8,502.3,478.9,483.2,199049,EQ,14162.0,14.06,57186.0
2022-05-18,470.5,487.45,435.55,438.35,899888,EQ,53223.0,16.91,201163.0
2022-05-19,424.75,452.4,418.65,442.8,487548,EQ,36406.0,13.39,73995.0
2022-05-20,451.25,451.25,427.0,435.55,463373,EQ,31110.0,14.89,109069.0
2022-05-23,449.75,456.25,437.5,439.8,579112,EQ,32567.0,17.78,150789.0
2022-05-24,437.9,443.95,412.5,422.7,260232,EQ,18821.0,13.83,68303.0
2022-05-25,400.4,446.2,390.5,393.2,2098954,EQ,95771.0,21.92,137205.0
2022-05-26,387.85,416.2,377.2,404.2,964415,EQ,51299.0,18.8,210355.0
2022-05-27,409.5,426.25,403.25,416.5,530625,EQ,35335.0,15.02,121130.0
2022-05-30,421.25,431.65,420.35,424.95,342453,EQ,19101.0,17.93,154449.0
2022-05-31,425.0,425.0,402.5,404.05,442476,EQ,30829.0,14.35,162244.0
2022-06-01,408.1,409.4,395.65,398.4,297014,EQ,16921.0,17.55,119921.0
2022-06-02,404.75,404.75,391.25,394.0,375025,EQ,22442.0,16.71,143604.0
2022-06-03,397.5,418.6,395.0,411.0,871093,EQ,43719.0,19.92,311693.0
2022-06-06,413.6,425.6,396.6,401.85,1103197,EQ,57120.0,19.31,306831.0
2022-06-07,404.0,409.75,393.0,398.4,552167,EQ,33311.0,16.58,176548.0
2022-06-08,400.0,405.0,379.0,380.9,493860,EQ,29305.0,16.85,126656.0
2022-06-09,381.6,396.25,380.9,393.6,832714,EQ,42928.0,19.4,272490.0
2022-06-10,393.6,407.0,382.7,396.45,445161,EQ,21520.0,20.69,96134.0
2022-06-13,392.5,393.0,367.5,374.85,430609,EQ,22304.0,19.31,121940.0
2022-06-14,374.85,378.65,358.75,360.1,600389,EQ,30665.0,19.58,153157.0
2022-06-15,363.1,368.6,359.5,364.55,279664,EQ,14225.0,19.66,61300.0
2022-06-16,368.0,370.0,351.5,353.9,278588,EQ,17957.0,15.51,61039.0
2022-06-17,351.25,356.5,344.5,350.95,255597,EQ,15208.0,16.81,39820.0
2022-06-20,354.5,361.5,347.5,356.05,289102,EQ,17299.0,16.71,50824.0
2022-06-21,359.45,366.25,356.5,361.9,163987,EQ,9381.0,17.48,39495.0
2022-06-22,361.0,361.25,347.05,349.45,289147,EQ,17598.0,16.43,111356.0
2022-06-23,349.5,358.6,349.0,353.8,177734,EQ,8837.0,20.11,41951.0
2022-06-24,357.05,362.05,355.0,360.2,202858,EQ,12628.0,16.06,69470.0
2022-06-27,362.5,365.15,357.5,360.25,305864,EQ,12791.0,23.91,127699.0
2022-06-28,361.0,362.5,350.0,359.5,228573,EQ,12236.0,18.68,40670.0
2022-06-29,352.5,362.1,350.95,354.0,337412,EQ,22646.0,14.9,114611.0
2022-06-30,354.75,361.5,348.0,351.6,241368,EQ,12400.0,19.47,74484.0
2022-07-01,350.0,360.0,349.25,359.1,100318,EQ,7814.0,12.84,22597.0
2022-07-04,360.0,361.75,353.55,357.9,91289,EQ,5108.0,17.87,21150.0
2022-07-05,360.0,363.5,358.9,361.8,296464,EQ,10982.0,27.0,153154.0
2022-07-06,363.5,367.5,358.4,364.9,256751,EQ,9920.0,25.88,131950.0
2022-07-07,370.5,372.25,353.05,356.0,345245,EQ,16301.0,21.18,86271.0
2022-07-08,360.4,364.2,357.5,361.1,219519,EQ,13854.0,15.85,98175.0
2022-07-11,360.0,365.95,356.1,362.3,188732,EQ,9236.0,20.43,73079.0
2022-07-12,362.5,363.4,355.5,356.5,156448,EQ,10733.0,14.58,50865.0
2022-07-13,358.25,361.5,349.6,356.0,327036,EQ,11247.0,29.08,174708.0
2022-07-14,355.0,365.3,354.2,360.55,261757,EQ,13593.0,19.26,69111.0
2022-07-15,362.1,362.1,353.0,356.9,124696,EQ,6008.0,20.75,32000.0
2022-07-18,358.25,371.2,358.25,367.95,262695,EQ,14049.0,18.7,117341.0
2022-07-19,361.4,379.65,360.5,373.15,357229,EQ,18131.0,19.7,111975.0
2022-07-20,378.5,378.75,368.5,370.2,136279,EQ,6629.0,20.56,39356.0
2022-07-21,370.25,382.65,370.25,381.25,265278,EQ,13023.0,20.37,59969.0
2022-07-22,384.85,393.1,377.85,387.25,377758,EQ,17071.0,22.13,103298.0
2022-07-25,389.6,389.6,377.6,379.55,159053,EQ,8216.0,19.36,47807.0
2022-07-26,381.25,393.95,372.55,374.8,452129,EQ,21969.0,20.58,94399.0
2022-07-27,375.5,379.5,367.5,378.95,149512,EQ,10467.0,14.28,34464.0
2022-07-28,381.2,383.0,366.5,377.7,236629,EQ,13956.0,16.96,58218.0
2022-07-29,381.75,397.5,380.65,394.55,307661,EQ,22176.0,13.87,101247.0
2022-08-01,399.5,404.4,394.3,395.75,260254,EQ,12537.0,20.76,50835.0
2022-08-02,393.1,408.1,388.6,396.4,262105,EQ,14921.0,17.57,51072.0
2022-08-03,396.5,396.6,386.5,389.25,121818,EQ,7812.0,15.59,28277.0
2022-08-04,391.25,397.95,386.25,393.3,162951,EQ,10348.0,15.75,35619.0
2022-08-05,395.35,397.05,387.5,388.75,153307,EQ,7646.0,20.05,60830.0
2022-08-08,391.3,391.3,380.7,382.3,129146,EQ,,,
2022-08-10,383.7,392.9,377.4,379.9,249448,EQ,13789.0,18.09,78928.0
2022-08-11,373.75,395.0,368.25,373.35,568383,EQ,28090.0,20.23,78357.0
2022-08-12,373.5,377.3,367.5,370.75,245972,EQ,12667.0,19.42,39372.0
2022-08-16,369.0,373.75,359.15,361.9,289616,EQ,21958.0,13.19,78626.0
2022-08-17,364.05,370.8,362.6,363.85,332071,EQ,14700.0,22.59,116183.0
2022-08-18,366.25,368.0,360.05,363.1,179202,EQ,13037.0,13.75,61881.0
2022-08-19,359.7,362.7,351.05,353.85,272998,EQ,14678.0,18.6,75644.0
2022-08-22,352.5,353.15,341.65,343.05,366527,EQ,19048.0,19.24,122300.0
2022-08-23,343.3,354.05,338.9,349.85,562276,EQ,26620.0,21.12,186261.0
2022-08-24,350.0,357.15,348.0,353.15,219286,EQ,10878.0,20.16,64005.0
2022-08-25,355.25,357.75,350.75,351.9,240092,EQ,9427.0,25.47,81795.0
2022-08-26,353.45,357.0,350.75,354.8,164033,EQ,8418.0,19.49,52887.0
2022-08-29,345.0,355.15,343.45,353.35,158973,EQ,8096.0,19.64,58734.0
2022-08-30,356.6,361.0,355.25,358.3,259074,EQ,11862.0,21.84,109149.0
2022-09-01,354.5,364.0,354.5,357.4,211594,EQ,15074.0,14.04,50503.0
2022-09-02,359.3,361.45,342.1,350.7,150399,EQ,7421.0,20.27,55765.0
2022-09-05,353.9,353.9,343.5,344.35,282839,EQ,11893.0,23.78,105287.0
2022-09-06,346.75,348.25,339.8,341.6,244443,EQ,10218.0,23.92,82180.0
2022-09-07,340.05,352.45,340.05,350.9,389651,EQ,17498.0,22.27,166657.0
2022-09-08,354.25,372.5,353.2,370.4,1033212,EQ,39222.0,26.34,164965.0
2022-09-09,373.75,374.75,366.9,371.15,308584,EQ,15913.0,19.39,90660.0
2022-09-12,373.1,376.1,368.5,374.9,232872,EQ,9573.0,24.33,129372.0
2022-09-13,369.25,376.1,367.5,368.8,301392,EQ,15791.0,19.09,166078.0
2022-09-14,362.5,373.75,361.55,366.5,397194,EQ,10701.0,37.12,248144.0
2022-09-15,368.75,371.2,351.45,354.6,183240,EQ,10941.0,16.75,71744.0
2022-09-16,354.6,354.6,339.3,340.8,226836,EQ,15034.0,15.09,65498.0
2022-09-19,344.4,344.4,330.3,332.4,233546,EQ,13738.0,17.0,52038.0
2022-09-20,335.25,341.8,329.5,338.35,163944,EQ,9584.0,17.11,29735.0
2022-09-21,338.5,349.75,338.5,342.1,298264,EQ,15404.0,19.36,75074.0
2022-09-22,342.25,362.5,341.6,361.0,584853,EQ,26929.0,21.72,92112.0
2022-09-23,361.25,371.75,357.2,365.05,487338,EQ,20573.0,23.69,144449.0
2022-09-26,362.45,379.0,357.3,376.4,492395,EQ,22917.0,21.49,120585.0
2022-09-27,378.75,381.7,362.35,371.75,569208,EQ,21417.0,26.58,153210.0
2022-09-28,369.75,382.5,367.5,380.8,357565,EQ,22480.0,15.91,92940.0
2022-09-29,382.45,387.75,377.55,384.5,336169,EQ,17585.0,19.12,153708.0
2022-09-30,386.9,389.85,380.5,388.6,222877,EQ,17510.0,12.73,89867.0
2022-10-03,387.5,388.05,377.25,378.7,220876,EQ,13686.0,16.14,82035.0
2022-10-04,381.25,384.2,380.75,383.05,115003,EQ,6565.0,17.52,49110.0
2022-10-06,384.3,394.5,384.3,391.75,271834,EQ,10149.0,26.78,146206.0
2022-10-07,389.6,393.5,378.4,383.85,180637,EQ,9336.0,19.35,79665.0
2022-10-10,383.0,389.7,376.25,388.3,128845,EQ,8778.0,14.68,50135.0
2022-10-11,387.5,390.95,385.55,387.2,220204,EQ,10827.0,20.34,120294.0
2022-10-12,386.5,396.8,383.7,395.15,164654,EQ,10604.0,15.53,39453.0
2022-10-13,393.75,398.75,385.0,396.2,119324,EQ,7311.0,16.32,42456.0
2022-10-14,398.7,399.75,393.0,395.7,141245,EQ,6754.0,20.91,45042.0
2022-10-17,395.7,398.25,387.75,389.7,115376,EQ,5003.0,23.06,80627.0
2022-10-18,392.5,394.4,384.0,386.0,126003,EQ,9349.0,13.48,60047.0
2022-10-19,385.25,389.5,381.3,386.4,57337,EQ,4562.0,12.57,15829.0
2022-10-20,384.25,388.7,381.65,387.8,54993,EQ,6224.0,8.84,21526.0
2022-10-21,388.0,402.35,388.0,397.2,317677,EQ,16097.0,19.74,90074.0
2022-10-24,400.85,403.25,393.75,395.6,22767,EQ,1518.0,15.0,11786.0
2022-10-25,396.75,413.5,396.1,407.5,443498,EQ,15849.0,27.98,192209.0
2022-10-27,411.8,422.0,407.1,414.75,161456,EQ,9289.0,17.38,58544.0
2022-10-28,416.25,419.85,404.5,408.6,148808,EQ,10418.0,14.28,44328.0
2022-10-31,419.4,424.75,408.1,422.95,250505,EQ,15727.0,15.93,68859.0
2022-11-01,424.5,444.0,423.1,441.3,521486,EQ,33936.0,15.37,164471.0
2022-11-02,442.5,447.8,431.25,435.75,171107,EQ,10762.0,15.9,55758.0
2022-11-03,429.5,435.75,422.5,426.95,225731,EQ,16219.0,13.92,96080.0
2022-11-04,427.25,438.9,426.25,437.15,122702,EQ,8450.0,14.52,45185.0
2022-11-07,441.2,441.2,425.25,431.1,84367,EQ,7332.0,11.51,26001.0
2022-11-09,428.75,429.6,403.75,405.25,339199,EQ,25491.0,13.31,102498.0
2022-11-10,401.5,418.25,396.5,403.85,189447,EQ,12474.0,15.19,19334.0
2022-11-11,405.9,413.4,398.75,400.9,88842,EQ,7709.0,11.52,18880.0
2022-11-14,402.95,410.0,391.25,394.2,203311,EQ,17303.0,11.75,88314.0
2022-11-15,392.5,394.6,387.35,389.1,119109,EQ,17303.0,6.88,88314.0
2022-11-16,387.45,387.45,356.75,359.0,1744686,EQ,87974.0,19.83,405015.0
2022-11-17,356.25,361.7,351.0,357.95,699358,EQ,38673.0,18.08,238980.0
2022-11-18,358.0,363.4,352.25,361.45,442459,EQ,19753.0,22.4,116924.0
2022-11-21,360.5,367.5,356.9,361.15,256620,EQ,25187.0,10.19,90239.0
2022-11-22,362.5,365.5,357.6,361.3,275625,EQ,19678.0,14.01,130826.0
2022-11-23,362.5,368.5,356.4,359.25,185695,EQ,10476.0,17.73,63985.0
2022-11-24,359.25,363.5,356.25,360.9,230039,EQ,12054.0,19.08,91164.0
2022-11-25,360.9,363.75,354.05,361.55,234580,EQ,12505.0,18.76,79500.0
2022-11-28,363.5,367.25,359.0,365.9,181785,EQ,12277.0,14.81,80101.0
2022-11-29,365.0,370.8,364.75,369.0,153580,EQ,9872.0,15.56,57022.0
2022-11-30,368.75,371.75,360.5,367.05,94813,EQ,7743.0,12.24,35608.0
2022-12-01,367.5,370.5,363.8,369.15,184993,EQ,9525.0,19.42,116991.0
2022-12-02,369.15,373.1,366.0,369.65,182795,EQ,13214.0,13.83,86941.0
2022-12-05,371.6,372.45,361.25,362.85,134089,EQ,8363.0,16.03,54889.0
2022-12-06,360.0,364.45,355.0,361.25,284810,EQ,20916.0,13.62,138231.0
2022-12-07,361.25,363.75,356.9,359.3,116413,EQ,9859.0,11.81,60044.0
2022-12-08,358.75,361.1,355.25,356.75,271974,EQ,9429.0,28.84,195616.0
2022-12-09,357.5,360.9,352.15,354.2,261289,EQ,17246.0,15.15,150534.0
2022-12-12,354.25,354.9,338.0,342.2,686589,EQ,36862.0,18.63,288848.0
2022-12-13,342.5,354.5,337.3,339.1,516020,EQ,24912.0,20.71,138756.0
2022-12-14,339.5,346.25,338.15,343.05,290283,EQ,15016.0,19.33,97059.0
2022-12-15,342.5,343.0,328.75,330.5,1290661,EQ,46633.0,27.68,468383.0
2022-12-16,329.5,331.25,322.4,323.8,579722,EQ,19025.0,30.47,294024.0
2022-12-19,323.75,325.85,319.45,321.35,319931,EQ,15447.0,20.71,121568.0
2022-12-20,320.0,324.25,316.75,320.25,273027,EQ,13138.0,20.78,83321.0
2022-12-21,323.2,346.4,322.75,342.7,1861301,EQ,61005.0,30.51,371761.0
2022-12-22,349.5,349.5,327.6,332.95,966465,EQ,37472.0,25.79,134649.0
2022-12-23,332.75,340.85,328.4,330.0,584272,EQ,25134.0,23.25,122376.0
2022-12-26,332.9,334.95,322.5,326.05,364459,EQ,16785.0,21.71,62117.0
2022-12-27,326.75,332.5,325.0,331.05,243917,EQ,12560.0,19.42,38698.0
2022-12-28,330.0,334.65,328.2,330.1,261832,EQ,11450.0,22.87,76524.0
2022-12-29,332.75,337.25,326.7,329.25,496536,EQ,17977.0,27.62,103872.0
2022-12-30,329.65,333.85,327.9,331.9,120103,EQ,6690.0,17.95,39453.0
2023-01-02,331.25,333.25,323.15,329.4,210140,EQ,9849.0,21.34,39008.0
2023-01-03,329.4,343.3,328.25,341.7,445251,EQ,20339.0,21.89,121720.0
2023-01-04,341.25,344.2,337.95,339.65,167344,EQ,10477.0,15.97,37295.0
2023-01-05,340.7,343.5,334.2,342.0,127867,EQ,8123.0,15.74,33668.0
2023-01-06,342.0,343.5,331.5,332.6,121166,EQ,7924.0,15.29,36536.0
2023-01-09,334.25,340.9,333.0,340.15,140936,EQ,8853.0,15.92,68185.0
2023-01-10,339.5,342.4,336.4,340.1,72764,EQ,5596.0,13.0,19554.0
2023-01-11,339.9,347.45,338.55,343.9,273992,EQ,17260.0,15.87,101688.0
2023-01-12,343.75,347.5,342.05,345.6,180966,EQ,18384.0,9.84,75956.0
2023-01-13,345.55,347.0,338.75,344.8,141380,EQ,12844.0,11.01,70829.0
2023-01-16,344.9,348.75,343.75,344.6,69750,EQ,6015.0,11.6,22806.0
2023-01-17,344.0,347.8,340.2,346.75,131152,EQ,9683.0,13.54,61222.0
2023-01-18,348.1,348.7,341.5,343.55,46110,EQ,4832.0,9.54,17893.0
2023-01-19,343.55,343.55,337.75,339.5,44324,EQ,4227.0,10.49,8812.0
2023-01-20,340.3,340.3,325.5,327.45,149025,EQ,9151.0,16.29,58404.0
2023-01-23,328.0,333.25,325.25,330.85,118123,EQ,7781.0,15.18,26180.0
2023-01-24,332.0,333.3,326.15,327.2,72263,EQ,5421.0,13.33,23668.0
2023-01-25,327.5,328.8,318.3,324.65,136258,EQ,9549.0,14.27,56085.0
2023-01-27,324.75,330.6,320.6,325.2,125630,EQ,11526.0,10.9,50576.0
2023-01-30,325.2,332.7,324.9,329.35,137169,EQ,12249.0,11.2,51665.0
2023-01-31,328.6,338.25,326.35,336.25,122408,EQ,9317.0,13.14,61697.0
2023-02-01,337.1,337.1,323.4,326.7,107012,EQ,9122.0,11.73,43891.0
2023-02-02,324.55,335.9,324.05,328.95,94787,EQ,10137.0,9.35,32960.0
2023-02-03,327.0,330.1,305.0,306.05,339871,EQ,25320.0,13.42,151496.0
2023-02-06,305.5,325.0,297.6,324.2,396780,EQ,23420.0,16.94,76780.0
2023-02-07,324.25,325.0,310.0,312.45,204929,EQ,14365.0,14.27,59636.0
2023-02-08,314.0,322.25,309.3,321.8,197911,EQ,13030.0,15.19,62938.0
2023-02-09,318.75,325.0,316.65,322.05,167005,EQ,11776.0,14.18,67189.0
2023-02-10,320.0,326.25,314.15,321.7,198431,EQ,14091.0,14.08,61739.0
2023-02-13,315.25,333.75,315.25,328.1,470377,EQ,26896.0,17.49,128509.0
2023-02-14,328.75,333.0,326.25,332.2,197853,EQ,15791.0,12.53,69261.0
2023-02-15,332.0,332.55,322.5,325.55,159856,EQ,11598.0,13.78,45765.0
2023-02-16,327.2,338.2,325.9,337.1,247283,EQ,16371.0,15.1,80762.0
2023-02-17,335.25,339.1,332.55,337.0,317849,EQ,18254.0,17.41,156577.0
2023-02-20,337.5,340.75,333.35,339.85,168241,EQ,13101.0,12.84,67655.0
2023-02-21,341.55,343.0,336.8,338.7,120699,EQ,11895.0,10.15,45741.0
2023-02-22,338.5,340.0,333.75,337.15,81898,EQ,7388.0,11.09,35286.0
2023-02-23,331.3,336.75,330.5,334.15,230120,EQ,20337.0,11.32,110006.0
2023-02-24,333.75,336.05,330.4,334.35,105056,EQ,10666.0,9.85,51848.0
2023-02-27,332.75,335.05,324.75,327.15,149046,EQ,11593.0,12.86,52268.0
2023-02-28,325.0,331.95,325.0,327.8,84826,EQ,8037.0,10.55,16998.0
2023-03-01,328.5,334.65,325.25,332.35,121565,EQ,9487.0,12.81,46645.0
2023-03-02,327.75,339.0,327.75,329.35,145582,EQ,12005.0,12.13,35543.0
2023-03-03,330.25,332.7,326.25,328.0,90813,EQ,8866.0,10.24,37291.0
2023-03-06,328.05,330.0,327.0,328.0,120614,EQ,24582.0,4.91,68672.0
2023-03-08,327.5,328.2,322.75,325.0,164894,EQ,13639.0,12.09,105608.0
2023-03-09,324.0,324.8,318.0,318.8,158984,EQ,12726.0,12.49,44888.0
2023-03-10,318.0,319.45,308.85,310.15,102610,EQ,11127.0,9.22,39746.0
2023-03-13,310.0,312.5,302.7,305.4,134573,EQ,18136.0,7.42,51192.0
2023-03-14,305.4,310.0,301.6,307.45,155490,EQ,11946.0,13.02,86402.0
2023-03-15,309.05,317.9,308.7,316.2,179393,EQ,12305.0,14.58,46658.0
2023-03-16,313.25,324.25,313.25,315.4,165682,EQ,16166.0,10.25,32505.0
2023-03-17,315.75,320.35,313.75,318.2,78218,EQ,8196.0,9.54,21005.0
2023-03-20,324.25,327.75,311.45,317.6,111553,EQ,15698.0,7.11,48613.0
2023-03-21,318.25,319.25,309.3,309.9,58825,EQ,6573.0,8.95,19072.0
2023-03-22,310.05,317.6,307.1,313.2,154679,EQ,12475.0,12.4,27725.0
2023-03-23,312.5,313.25,306.25,307.65,67049,EQ,8209.0,8.17,16205.0
2023-03-24,308.25,309.7,300.0,300.85,265615,EQ,9494.0,27.98,177161.0
2023-03-27,301.25,310.85,300.5,308.25,230838,EQ,14841.0,15.55,53693.0
2023-03-28,308.25,309.0,297.75,299.3,246191,EQ,26344.0,9.35,106199.0
2023-03-29,296.5,302.0,295.65,300.4,180361,EQ,12235.0,14.74,59768.0
2023-03-31,301.9,313.4,292.85,312.05,240658,EQ,16168.0,14.88,87810.0
2023-04-03,315.5,315.5,309.1,314.0,129189,EQ,15013.0,8.61,29268.0
2023-04-05,313.25,318.65,307.85,313.0,175124,EQ,16608.0,10.54,57481.0
2023-04-06,314.5,314.55,309.25,310.0,254851,EQ,11735.0,21.72,163425.0
2023-04-10,313.75,315.0,309.75,312.6,224910,EQ,11690.0,19.24,128504.0
2023-04-11,314.95,315.5,307.5,308.85,138698,EQ,10379.0,13.36,47489.0
2023-04-12,310.75,329.9,309.45,323.7,785642,EQ,35608.0,22.06,204421.0
2023-04-13,323.75,327.75,321.2,322.6,212286,EQ,14666.0,14.47,51156.0
2023-04-17,322.25,324.3,316.15,322.15,112487,EQ,9123.0,12.33,34987.0
2023-04-18,321.5,327.1,319.05,323.85,177567,EQ,16488.0,10.77,43670.0
2023-04-19,324.5,326.95,317.55,318.25,236853,EQ,20408.0,11.61,100605.0
2023-04-20,318.25,319.95,310.0,310.8,123457,EQ,11684.0,10.57,25689.0
2023-04-21,312.5,314.0,306.4,309.85,132671,EQ,9305.0,14.26,15119.0
2023-04-24,310.25,310.9,306.5,308.75,83508,EQ,4598.0,18.16,32689.0
2023-04-25,308.5,309.85,305.0,306.4,86848,EQ,7964.0,10.91,15601.0
2023-04-26,306.2,307.2,303.5,304.45,148247,EQ,6816.0,21.75,69760.0
2023-04-27,306.25,308.15,303.6,306.3,255081,EQ,8319.0,30.66,151774.0
2023-04-28,307.5,314.75,306.75,312.9,214125,EQ,9172.0,23.35,125438.0
2023-05-02,312.5,319.7,311.5,315.95,236918,EQ,13497.0,17.55,92371.0
2023-05-03,317.05,318.75,308.75,309.9,162510,EQ,9972.0,16.3,59850.0
2023-05-04,310.3,314.3,307.8,313.35,131723,EQ,8843.0,14.9,45188.0
2023-05-05,314.0,323.75,313.35,321.4,436832,EQ,29928.0,14.6,139345.0
2023-05-08,325.0,340.4,318.75,334.75,635756,EQ,35945.0,17.69,147601.0
2023-05-09,337.25,340.0,333.25,334.4,164346,EQ,10919.0,15.05,46050.0
2023-05-10,334.4,340.0,334.35,338.95,184031,EQ,11884.0,15.49,48053.0
2023-05-11,340.7,341.1,327.15,329.3,197057,EQ,12085.0,16.31,37256.0
2023-05-12,331.1,339.35,326.35,337.8,278159,EQ,17606.0,15.8,101930.0
2023-05-15,340.2,342.5,333.4,336.05,234828,EQ,15239.0,15.41,73285.0
2023-05-16,336.75,340.5,326.0,327.1,201853,EQ,14217.0,14.2,59425.0
2023-05-17,320.0,330.95,317.5,324.15,1189160,EQ,51181.0,23.23,398998.0
2023-05-18,324.5,324.5,308.75,310.3,705609,EQ,37183.0,18.98,296887.0
2023-05-19,312.8,313.25,305.0,306.1,246048,EQ,16360.0,15.04,71504.0
2023-05-22,307.25,312.0,302.3,310.6,214680,EQ,14989.0,14.32,83447.0
2023-05-23,311.5,320.0,309.75,314.75,266806,EQ,13654.0,19.54,94843.0
2023-05-24,314.75,317.5,311.5,315.35,126274,EQ,9859.0,12.81,21935.0
2023-05-25,315.0,318.6,310.0,313.5,105394,EQ,8958.0,11.77,23472.0
2023-05-26,315.7,322.5,313.3,321.2,240467,EQ,15205.0,15.81,87701.0
2023-05-29,321.2,328.65,319.05,326.5,186416,EQ,12225.0,15.25,54375.0
2023-05-30,327.75,328.3,322.0,326.25,107433,EQ,9315.0,11.53,35692.0
2023-05-31,326.25,335.0,323.7,325.3,233397,EQ,14730.0,15.85,57394.0
2023-06-01,325.3,331.6,325.2,326.8,123634,EQ,8499.0,14.55,24967.0
2023-06-02,326.4,329.3,324.5,327.85,73347,EQ,7285.0,10.07,20927.0
2023-06-05,328.0,331.85,325.95,329.2,143907,EQ,12071.0,11.92,72612.0
2023-06-06,328.75,330.95,326.3,328.9,178936,EQ,15708.0,11.39,57233.0
2023-06-07,328.95,332.05,325.75,327.9,143434,EQ,15565.0,9.22,42509.0
2023-06-08,326.25,328.9,321.65,323.5,224502,EQ,23501.0,9.55,84564.0
2023-06-09,323.8,331.0,318.0,319.85,225556,EQ,30921.0,7.29,46012.0
2023-06-12,320.0,323.0,315.15,319.2,113098,EQ,12318.0,9.18,23104.0
2023-06-13,320.5,325.7,319.7,324.4,158905,EQ,16337.0,9.73,38929.0
2023-06-14,326.25,330.0,321.25,328.2,263751,EQ,20858.0,12.65,79299.0
2023-06-15,331.25,339.0,328.9,330.45,770023,EQ,42429.0,18.15,112059.0
2023-06-16,333.65,340.75,329.25,338.05,480253,EQ,41577.0,11.55,131408.0
2023-06-19,342.65,353.5,339.4,343.6,998100,EQ,54961.0,18.16,212612.0
2023-06-20,346.2,357.5,344.5,356.05,991116,EQ,51934.0,19.08,286437.0
2023-06-21,360.5,368.5,357.15,364.0,989212,EQ,60267.0,16.41,262808.0
2023-06-22,363.25,367.5,353.45,356.4,454973,EQ,33043.0,13.77,148585.0
2023-06-23,357.5,359.6,344.0,346.5,349576,EQ,25944.0,13.47,67452.0
2023-06-26,346.5,361.9,344.05,358.35,653549,EQ,34412.0,18.99,167792.0
2023-06-27,361.7,378.0,360.25,376.3,1672628,EQ,75440.0,22.17,405986.0
2023-06-28,380.0,380.0,363.0,365.05,770574,EQ,39695.0,19.41,155681.0
2023-06-30,366.7,374.0,362.5,373.25,478604,EQ,29673.0,16.13,135815.0
2023-07-03,375.75,379.15,366.95,367.7,350101,EQ,26180.0,13.37,136520.0
2023-07-04,370.0,370.9,364.2,365.6,168716,EQ,14291.0,11.81,44009.0
2023-07-05,366.25,368.2,361.2,365.25,194944,EQ,13813.0,14.11,56040.0
2023-07-06,367.5,373.35,364.4,368.4,245379,EQ,16509.0,14.86,56128.0
2023-07-07,367.25,371.5,362.5,363.3,181328,EQ,19226.0,9.43,52535.0
2023-07-10,363.75,368.75,361.15,362.4,224804,EQ,17880.0,12.57,71615.0
2023-07-11,363.0,368.0,361.75,362.75,106341,EQ,8050.0,13.21,33127.0
2023-07-12,363.5,364.6,356.25,362.35,192251,EQ,16836.0,11.42,44335.0
2023-07-13,363.0,367.5,354.65,356.45,294022,EQ,21688.0,13.56,94154.0
2023-07-14,357.55,360.5,354.7,359.1,203647,EQ,29896.0,6.81,59827.0
2023-07-17,362.45,372.35,360.4,365.65,509780,EQ,30543.0,16.69,80840.0
2023-07-18,370.0,370.0,356.9,361.9,293928,EQ,19460.0,15.1,60281.0
2023-07-19,362.5,365.75,356.45,359.0,232520,EQ,16641.0,13.97,107936.0
2023-07-20,360.0,364.5,358.75,359.7,215041,EQ,17632.0,12.2,96002.0
2023-07-21,359.7,359.7,346.4,347.6,307490,EQ,23102.0,13.31,113811.0
2023-07-24,347.6,354.15,344.3,351.95,178497,EQ,12965.0,13.77,42155.0
2023-07-25,354.5,356.7,348.75,350.8,234965,EQ,13936.0,16.86,30765.0
2023-07-26,353.85,354.05,348.15,348.8,127781,EQ,10912.0,11.71,26811.0
2023-07-27,350.65,362.25,343.25,351.4,343242,EQ,19658.0,17.46,88832.0
2023-07-28,354.2,354.2,343.0,347.65,296340,EQ,16898.0,17.54,76953.0
2023-07-31,344.15,354.5,340.6,342.9,368746,EQ,26179.0,14.09,114348.0
2023-08-01,346.0,349.0,342.3,345.4,196411,EQ,12188.0,16.12,49743.0
2023-08-02,346.25,347.3,338.75,342.0,302181,EQ,19052.0,15.86,47558.0
2023-08-03,335.0,354.5,335.0,351.9,750373,EQ,33733.0,22.24,123135.0
2023-08-04,356.25,356.25,339.0,339.8,420227,EQ,24572.0,17.1,124541.0
2023-08-07,342.2,350.0,341.05,348.9,366120,EQ,24588.0,14.89,100316.0
2023-08-08,352.5,352.5,343.0,347.05,180093,EQ,13823.0,13.03,46583.0
2023-08-09,349.5,358.0,345.6,356.85,477928,EQ,26700.0,17.9,138735.0
2023-08-10,359.5,360.25,350.5,352.25,322527,EQ,17674.0,18.25,98684.0
2023-08-11,355.0,355.0,343.8,344.8,116502,EQ,9501.0,12.26,33463.0
2023-08-14,344.55,346.25,336.05,336.95,161631,EQ,10398.0,15.54,50358.0
2023-08-16,337.5,340.45,333.2,339.25,132719,EQ,9722.0,13.65,27483.0
2023-08-17,342.25,348.1,336.25,339.0,298663,EQ,18849.0,15.85,52805.0
2023-08-18,339.75,340.75,330.25,334.3,240216,EQ,14724.0,16.31,88224.0
2023-08-21,338.25,343.7,328.75,337.05,468630,EQ,27900.0,16.8,44548.0
2023-08-22,337.75,343.75,330.0,332.2,261116,EQ,13601.0,19.2,59592.0
2023-08-23,333.75,335.0,330.0,331.25,297877,EQ,7729.0,38.54,203844.0
2023-08-24,333.75,334.6,326.25,328.4,171836,EQ,12902.0,13.32,57840.0
2023-08-25,328.3,331.4,324.0,330.55,311920,EQ,12866.0,24.24,123318.0
2023-08-28,331.35,335.0,329.05,333.45,222725,EQ,13724.0,16.23,92955.0
2023-08-29,332.75,339.05,332.75,334.0,153281,EQ,9791.0,15.66,43192.0
2023-08-30,335.5,341.75,335.4,340.2,143934,EQ,11335.0,12.7,58935.0
2023-08-31,341.1,341.2,333.55,335.3,120272,EQ,7574.0,15.88,48101.0
2023-09-01,335.0,341.75,332.9,340.7,173501,EQ,10729.0,16.17,43358.0
2023-09-04,342.25,347.25,342.0,344.6,146607,EQ,8545.0,17.16,64658.0
2023-09-05,343.75,351.45,342.95,349.2,186624,EQ,8866.0,21.05,83672.0
2023-09-06,352.25,355.6,347.5,353.4,187152,EQ,11946.0,15.67,59416.0
2023-09-07,356.3,361.25,354.4,357.4,529815,EQ,25133.0,21.08,171352.0
2023-09-08,357.5,360.2,353.2,355.1,181174,EQ,10605.0,17.08,89064.0
2023-09-11,355.5,360.75,354.0,354.85,150822,EQ,11067.0,13.63,70315.0
2023-09-12,355.25,357.6,346.2,349.6,259815,EQ,14364.0,18.09,129393.0
2023-09-13,349.5,360.35,347.8,359.0,331154,EQ,17110.0,19.35,153725.0
2023-09-14,363.2,368.75,361.2,363.75,346910,EQ,19714.0,17.6,105592.0
2023-09-15,367.4,379.9,365.0,369.2,933729,EQ,40436.0,23.09,288751.0
2023-09-18,370.0,382.5,361.0,374.15,754054,EQ,42547.0,17.72,171109.0
2023-09-20,373.1,373.1,362.0,365.8,379597,EQ,21783.0,17.43,104009.0
2023-09-21,366.5,370.55,353.5,355.2,515013,EQ,26113.0,19.72,273927.0
2023-09-22,353.75,359.75,350.15,354.45,168004,EQ,12402.0,13.55,43000.0
2023-09-25,354.0,360.1,350.85,357.95,154431,EQ,11490.0,13.44,44530.0
2023-09-26,356.25,359.95,355.55,359.15,116727,EQ,8610.0,13.56,39778.0
2023-09-27,359.0,364.5,355.0,363.9,208865,EQ,15214.0,13.73,81856.0
2023-09-28,362.75,365.7,350.0,350.95,189644,EQ,12804.0,14.81,54108.0
2023-09-29,351.6,372.0,351.6,364.95,372280,EQ,23510.0,15.83,78334.0
2023-10-03,366.25,369.8,362.7,367.1,180051,EQ,14698.0,12.25,62753.0
2023-10-04,367.5,367.85,357.9,359.9,173806,EQ,12396.0,14.02,62056.0
2023-10-05,360.25,364.95,354.0,358.3,161708,EQ,10696.0,15.12,55166.0
2023-10-06,360.0,368.75,358.75,367.75,224938,EQ,15914.0,14.13,100739.0
2023-10-09,367.75,380.0,364.4,375.25,747603,EQ,49789.0,15.02,139181.0
2023-10-10,379.85,379.85,366.55,368.25,311314,EQ,18168.0,17.14,66091.0
2023-10-11,371.9,372.0,363.25,364.25,191925,EQ,17042.0,11.26,65347.0
2023-10-12,365.0,378.25,365.0,376.7,486781,EQ,22608.0,21.53,223179.0
2023-10-13,375.5,395.5,373.5,389.6,2005980,EQ,76825.0,26.11,733185.0
2023-10-16,390.5,395.5,381.3,382.15,472087,EQ,32114.0,14.7,143378.0
2023-10-17,385.0,388.6,382.0,386.2,255147,EQ,17329.0,14.72,78451.0
2023-10-18,388.5,394.25,381.35,382.15,369346,EQ,21554.0,17.14,108757.0
2023-10-19,376.25,379.35,366.75,377.5,591034,EQ,23669.0,24.97,252829.0
2023-10-20,378.6,384.4,371.8,376.7,311620,EQ,19748.0,15.78,124406.0
2023-10-23,375.0,383.2,368.55,370.6,288297,EQ,16677.0,17.29,86453.0
2023-10-25,371.25,374.55,357.9,360.75,263285,EQ,20383.0,12.92,108413.0
2023-10-26,360.25,360.25,345.2,351.75,448466,EQ,23916.0,18.75,149921.0
2023-10-27,354.7,355.5,345.5,346.1,205840,EQ,13760.0,14.96,113710.0
2023-10-30,348.0,351.25,340.0,348.85,337054,EQ,16576.0,20.33,146980.0
2023-10-31,352.5,355.0,350.05,351.35,291082,EQ,14427.0,20.18,159989.0
2023-11-01,350.25,357.5,350.25,354.2,254846,EQ,9836.0,25.91,157805.0
2023-11-02,356.25,365.5,353.05,364.2,223377,EQ,16136.0,13.84,87844.0
2023-11-03,366.25,383.75,362.75,368.1,808287,EQ,46627.0,17.34,202691.0
2023-11-06,364.75,395.0,364.0,392.9,1449720,EQ,65736.0,22.05,358556.0
2023-11-07,391.25,392.0,378.25,379.85,351191,EQ,18223.0,19.27,91587.0
2023-11-08,380.0,385.4,378.4,384.2,325316,EQ,18881.0,17.23,132337.0
2023-11-09,382.5,408.0,382.5,405.95,1071600,EQ,57755.0,18.55,253667.0
2023-11-10,405.95,408.75,399.25,406.2,364844,EQ,20460.0,17.83,88914.0
2023-11-12,408.4,409.75,402.4,404.75,49985,EQ,3429.0,14.58,18448.0
2023-11-13,404.5,407.5,393.4,402.35,220881,EQ,15210.0,14.52,62874.0
2023-11-15,404.35,405.85,397.5,398.25,119485,EQ,9619.0,12.42,33229.0
2023-11-16,397.85,404.25,395.0,401.7,174141,EQ,11914.0,14.62,44564.0
2023-11-17,404.25,413.1,402.0,404.35,413490,EQ,24826.0,16.66,81589.0
2023-11-20,406.45,413.6,404.6,410.3,427872,EQ,27492.0,15.56,181558.0
2023-11-21,412.45,415.6,407.6,408.8,208979,EQ,14205.0,14.71,54449.0
2023-11-22,408.8,411.7,402.0,404.9,124821,EQ,12208.0,10.22,28841.0
2023-11-23,405.0,409.95,401.4,405.6,99902,EQ,10319.0,9.68,23436.0
2023-11-24,405.6,417.5,405.5,414.55,465339,EQ,31895.0,14.59,183800.0
2023-11-28,414.55,424.2,414.1,418.8,516054,EQ,36115.0,14.29,224090.0
2023-11-29,422.0,427.9,419.45,422.5,285213,EQ,23114.0,12.34,108096.0
2023-11-30,426.05,427.4,422.1,425.8,319839,EQ,21608.0,14.8,182151.0
2023-12-01,425.5,428.9,420.5,422.0,278078,EQ,30038.0,9.26,150708.0
2023-12-04,425.0,427.0,419.0,421.15,251273,EQ,18286.0,13.74,126273.0
2023-12-05,420.25,424.75,414.5,417.55,141252,EQ,13219.0,10.69,75295.0
2023-12-06,419.5,424.7,413.8,416.95,186843,EQ,14536.0,12.85,93980.0
2023-12-07,415.0,420.0,412.35,417.15,132622,EQ,13075.0,10.14,48585.0
2023-12-08,418.0,419.7,410.5,413.4,106036,EQ,9798.0,10.82,41390.0
2023-12-11,413.4,413.75,409.25,411.45,76210,EQ,7138.0,10.68,30614.0
2023-12-12,410.75,411.8,402.4,405.1,120793,EQ,12074.0,10.0,40097.0
2023-12-13,405.1,416.55,404.4,412.5,242025,EQ,19412.0,12.47,47216.0
2023-12-14,412.5,417.0,405.3,407.1,147498,EQ,13359.0,11.04,69509.0
2023-12-15,406.5,411.45,403.6,404.4,96107,EQ,9209.0,10.44,38678.0
2023-12-18,385.0,415.25,385.0,404.8,494449,EQ,26875.0,18.4,187678.0
2023-12-19,408.75,419.5,404.25,409.6,600639,EQ,37179.0,16.16,183111.0
2023-12-20,413.75,419.75,390.9,398.5,511416,EQ,36627.0,13.96,130228.0
2023-12-21,399.25,431.75,399.2,427.4,1912851,EQ,114700.0,16.68,201111.0
2023-12-22,427.5,438.7,422.75,428.65,1077271,EQ,55048.0,19.57,268368.0
2023-12-26,431.0,432.7,422.5,423.7,373419,EQ,22492.0,16.6,155405.0
2023-12-27,427.25,427.25,412.65,416.65,463789,EQ,26540.0,17.48,164781.0
2023-12-28,418.05,422.25,413.75,417.05,293642,EQ,18780.0,15.64,117812.0
2023-12-29,417.0,424.45,415.0,419.55,300867,EQ,21984.0,13.69,121913.0
2024-01-01,421.1,425.7,417.6,418.65,106392,EQ,9697.0,10.97,31686.0
2024-01-02,418.05,432.0,416.7,430.05,415671,EQ,31132.0,13.35,91465.0
2024-01-03,430.75,435.65,425.05,427.0,312062,EQ,31882.0,9.79,106348.0
2024-01-04,427.0,430.2,420.5,424.0,172725,EQ,16177.0,10.68,41300.0
2024-01-05,426.85,428.6,414.05,418.6,266244,EQ,20994.0,12.68,49753.0
2024-01-08,418.6,424.4,412.5,415.0,202623,EQ,16686.0,12.14,59871.0
2024-01-09,421.85,422.7,410.95,414.6,576030,EQ,31190.0,18.47,324589.0
2024-01-10,415.0,415.0,400.5,402.1,298951,EQ,22118.0,13.52,106774.0
2024-01-11,403.25,407.0,397.6,401.4,289272,EQ,20919.0,13.83,113727.0
2024-01-12,402.45,404.2,362.5,375.95,2059295,EQ,96660.0,21.3,740290.0
2024-01-15,377.5,390.0,377.5,388.9,979348,EQ,34185.0,28.65,462288.0
2024-01-16,389.5,390.0,383.05,388.95,222928,EQ,13978.0,15.95,98328.0
2024-01-17,386.0,393.0,378.05,391.8,191531,EQ,11625.0,16.48,65532.0
2024-01-18,388.1,394.0,384.65,391.25,168549,EQ,11801.0,14.28,45786.0
2024-01-19,391.5,404.0,388.15,400.9,305068,EQ,13085.0,23.31,185268.0
2024-01-20,401.0,403.95,386.25,395.65,301513,EQ,25162.0,11.98,97317.0
2024-01-23,396.0,400.9,390.0,395.5,373400,EQ,25703.0,14.53,162913.0
2024-01-24,397.25,403.75,393.65,402.6,273265,EQ,22636.0,12.07,122565.0
2024-01-25,404.0,404.5,386.4,389.65,302795,EQ,18955.0,15.97,107143.0
2024-01-29,391.25,397.45,388.5,395.45,202978,EQ,15501.0,13.09,91481.0
2024-01-30,396.25,402.75,386.3,396.7,133065,EQ,15298.0,8.7,44028.0
2024-01-31,395.0,410.25,395.0,408.1,301101,EQ,22310.0,13.5,87461.0
2024-02-01,408.75,412.75,403.0,407.8,170323,EQ,17904.0,9.51,61587.0
2024-02-02,407.8,412.7,393.05,409.3,238206,EQ,16067.0,14.83,129733.0
2024-02-05,406.0,418.75,402.15,416.7,334415,EQ,23314.0,14.34,116931.0
2024-02-06,417.5,453.2,416.75,436.1,1673724,EQ,98451.0,17.0,357260.0
2024-02-07,441.0,447.1,435.45,440.0,313367,EQ,24419.0,12.83,120518.0
2024-02-08,441.25,442.75,415.95,417.65,393623,EQ,31542.0,12.48,192657.0
2024-02-09,420.0,420.7,408.6,410.95,134159,EQ,15897.0,8.44,28098.0
2024-02-12,408.75,425.0,407.4,416.85,344748,EQ,35802.0,9.63,51542.0
2024-02-13,416.85,433.55,411.4,427.2,484863,EQ,36449.0,13.3,172661.0
2024-02-14,425.0,429.0,420.8,424.0,81848,EQ,10306.0,7.94,18717.0
2024-02-15,425.0,429.3,419.5,426.9,469397,EQ,17793.0,26.38,353584.0
2024-02-16,432.0,448.25,428.75,446.5,546173,EQ,44110.0,12.38,126511.0
2024-02-19,452.0,457.7,444.9,446.5,324089,EQ,24675.0,13.13,69812.0
2024-02-20,446.5,447.5,432.5,436.75,273732,EQ,28232.0,9.7,116150.0
2024-02-21,437.5,438.95,428.75,432.5,297539,EQ,19008.0,15.65,142159.0
2024-02-22,431.4,442.0,428.2,437.25,320376,EQ,20998.0,15.26,183702.0
2024-02-23,441.2,441.2,432.75,437.1,202957,EQ,18917.0,10.73,95515.0
2024-02-26,435.25,437.0,422.0,423.7,169869,EQ,16636.0,10.21,49438.0
2024-02-27,423.7,424.7,406.75,407.95,234888,EQ,20253.0,11.6,53550.0
2024-02-28,411.45,411.45,397.2,401.35,526261,EQ,35629.0,14.77,212621.0
2024-02-29,401.25,406.75,394.05,400.5,189838,EQ,13946.0,13.61,52212.0
2024-03-01,402.95,440.35,402.95,428.25,974863,EQ,60849.0,16.02,263447.0
2024-03-02,426.7,427.0,417.5,424.75,11965,EQ,958.0,12.49,5487.0
2024-03-04,425.7,425.7,410.0,418.5,260302,EQ,18166.0,14.33,136570.0
2024-03-05,417.5,421.1,403.75,416.7,288551,EQ,24568.0,11.74,95581.0
2024-03-06,415.65,415.65,405.2,412.2,162619,EQ,16623.0,9.78,17868.0
2024-03-07,412.5,415.0,405.9,408.2,87084,EQ,8850.0,9.84,22505.0
2024-03-11,410.1,412.4,403.3,405.85,115905,EQ,11536.0,10.05,23461.0
2024-03-12,405.0,410.7,396.2,409.05,1002929,EQ,21312.0,47.06,806242.0
2024-03-13,407.8,418.75,395.0,396.95,340578,EQ,28893.0,11.79,148446.0
2024-03-14,396.95,410.0,390.65,406.65,155042,EQ,17779.0,8.72,37504.0
2024-03-15,404.1,407.0,395.0,398.5,82046,EQ,9330.0,8.79,16420.0
2024-03-18,399.5,400.7,390.65,397.0,135667,EQ,19654.0,6.9,25354.0
2024-03-19,396.75,399.75,389.55,395.55,151030,EQ,15463.0,9.77,61848.0
2024-03-20,395.0,408.75,387.75,404.25,277270,EQ,12908.0,21.48,184288.0
2024-03-21,404.25,408.4,400.25,406.8,162616,EQ,12135.0,13.4,45647.0
2024-03-22,403.15,412.8,399.6,400.5,208142,EQ,18801.0,11.07,82450.0
2024-03-26,396.25,415.55,396.25,413.55,454541,EQ,24175.0,18.8,184877.0
2024-03-27,413.0,437.75,412.9,432.2,454748,EQ,42142.0,10.79,134682.0
2024-03-28,432.2,453.7,420.25,430.9,1235401,EQ,74728.0,16.53,261584.0
2024-04-01,427.25,437.75,424.25,434.05,168149,EQ,18078.0,9.3,19197.0
2024-04-02,430.25,436.15,426.0,430.6,83843,EQ,11546.0,7.26,13809.0
2024-04-03,430.25,437.5,426.55,431.2,107925,EQ,11320.0,9.53,28719.0
2024-04-04,436.5,436.95,419.5,420.85,84913,EQ,9306.0,9.12,27513.0
2024-04-05,418.75,432.75,418.75,428.7,132483,EQ,13712.0,9.66,21538.0
2024-04-08,428.75,437.1,428.5,436.25,113909,EQ,10962.0,10.39,31535.0
2024-04-09,440.45,445.0,433.0,442.0,215410,EQ,18256.0,11.8,58920.0
2024-04-10,444.5,456.1,441.65,450.2,440946,EQ,25223.0,17.48,155986.0
2024-04-12,463.75,483.4,458.35,460.35,2470085,EQ,104267.0,23.69,518084.0
2024-04-15,450.25,454.85,432.05,444.4,821956,EQ,44863.0,18.32,126771.0
2024-04-16,441.25,442.0,428.1,436.6,303191,EQ,19917.0,15.22,42693.0
2024-04-18,436.25,436.95,425.65,434.95,254620,EQ,17706.0,14.38,41902.0
2024-04-19,427.5,438.5,417.9,434.9,336772,EQ,19327.0,17.42,57677.0
2024-04-22,433.75,451.35,428.9,447.4,263824,EQ,18034.0,14.63,55758.0
2024-04-23,451.5,459.75,437.5,457.5,745663,EQ,41014.0,18.18,242678.0
2024-04-24,457.5,469.75,449.5,460.25,824053,EQ,51474.0,16.01,292095.0
2024-04-25,457.25,459.75,438.0,442.9,348884,EQ,26351.0,13.24,97626.0
2024-04-26,445.0,455.0,443.25,451.25,210127,EQ,21707.0,9.68,55951.0
2024-04-29,452.6,454.5,445.7,448.5,100470,EQ,9416.0,10.67,20139.0
2024-04-30,450.0,462.5,440.0,454.45,106560,EQ,11568.0,9.21,35094.0
2024-05-02,453.75,458.6,450.25,452.35,81615,EQ,10323.0,7.91,26890.0
2024-05-03,451.1,454.35,444.65,447.6,89940,EQ,8790.0,10.23,32275.0
2024-05-06,448.0,459.9,447.1,453.45,188770,EQ,18210.0,10.37,45676.0
2024-05-07,453.75,453.75,435.55,444.65,143399,EQ,12773.0,11.23,38398.0
2024-05-08,442.0,449.35,439.65,441.1,70193,EQ,6830.0,10.28,16745.0
2024-05-09,443.75,446.5,422.75,428.75,121298,EQ,13207.0,9.18,44067.0
2024-05-10,433.0,440.2,423.9,436.95,183992,EQ,14142.0,13.01,59131.0
2024-05-13,435.0,460.0,429.0,457.75,721361,EQ,62306.0,11.58,238015.0
2024-05-14,458.2,464.6,454.9,459.05,182332,EQ,20746.0,8.79,55185.0
2024-05-15,454.8,465.0,451.25,462.55,187622,EQ,19938.0,9.41,82605.0
2024-05-16,466.85,471.9,461.25,467.0,287646,EQ,24552.0,11.72,63102.0
2024-05-17,466.25,470.25,455.45,459.55,191374,EQ,20442.0,9.36,94284.0
2024-05-18,462.25,465.0,458.15,460.15,19046,EQ,1853.0,10.28,5278.0
2024-05-21,460.15,478.75,456.3,475.7,356918,EQ,36982.0,9.65,117827.0
2024-05-22,480.0,512.5,473.9,489.0,2633537,EQ,141458.0,18.62,481124.0
2024-05-23,489.0,494.1,480.75,486.7,318131,EQ,17147.0,18.55,70434.0
2024-05-24,485.0,500.25,472.5,492.7,475497,EQ,25871.0,18.38,140438.0
2024-05-27,493.0,505.0,485.0,494.35,382342,EQ,25386.0,15.06,126946.0
2024-05-28,494.35,502.5,492.15,498.65,170782,EQ,17074.0,10.0,26915.0
2024-05-29,500.0,500.0,488.55,492.8,101473,EQ,11572.0,8.77,24433.0
2024-05-30,490.1,492.6,477.7,480.1,172571,EQ,18054.0,9.56,59401.0
2024-05-31,483.75,488.75,471.5,476.65,182109,EQ,16695.0,10.91,68419.0
2024-06-03,485.5,487.15,477.15,480.45,60822,EQ,7303.0,8.33,20010.0
2024-06-04,484.75,484.75,449.5,472.35,223682,EQ,21240.0,10.53,101983.0
2024-06-05,475.0,505.25,472.7,496.3,403408,EQ,24221.0,16.66,211107.0
2024-06-06,504.95,517.0,499.0,507.15,507179,EQ,34871.0,14.54,195579.0
2024-06-07,511.0,514.25,498.75,500.55,490862,EQ,23667.0,20.74,274012.0
2024-06-10,500.05,508.9,499.05,501.8,169805,EQ,12167.0,13.96,67521.0
2024-06-11,503.25,509.7,497.4,499.0,120954,EQ,10180.0,11.88,48071.0
2024-06-12,502.5,502.5,486.0,487.7,321420,EQ,26562.0,12.1,116528.0
2024-06-13,492.2,505.75,490.6,497.55,342232,EQ,28058.0,12.2,140501.0
2024-06-14,497.75,498.0,488.25,489.55,181644,EQ,19827.0,9.16,82334.0
2024-06-18,493.75,493.75,480.5,488.8,190675,EQ,20194.0,9.44,81714.0
2024-06-19,493.0,493.3,481.75,487.35,108844,EQ,11171.0,9.74,43526.0
2024-06-20,488.25,491.25,484.0,486.6,61850,EQ,7921.0,7.81,17518.0
2024-06-21,487.25,497.5,483.75,485.0,193196,EQ,20014.0,9.65,43505.0
2024-06-24,478.75,489.3,478.2,484.05,89132,EQ,7234.0,12.32,33415.0
2024-06-25,484.05,492.95,482.5,483.9,77849,EQ,7747.0,10.05,18961.0
2024-06-26,483.9,487.35,481.5,485.85,48554,EQ,4514.0,10.76,14312.0
2024-06-27,485.85,487.3,477.9,484.3,95064,EQ,10513.0,9.04,23876.0
2024-06-28,485.0,496.6,485.0,494.5,157551,EQ,12485.0,12.62,60681.0
2024-07-01,498.7,515.6,494.8,513.65,349825,EQ,23063.0,15.17,140139.0
2024-07-02,520.0,520.0,501.25,503.3,262767,EQ,18964.0,13.86,124304.0
2024-07-03,505.5,514.6,504.25,506.05,137932,EQ,13023.0,10.59,36543.0
2024-07-04,507.5,523.9,502.9,521.6,287584,EQ,22854.0,12.58,83383.0
2024-07-05,525.0,527.3,507.5,509.5,334572,EQ,27497.0,12.17,141386.0
2024-07-08,512.5,514.25,497.5,510.55,183675,EQ,21246.0,8.65,41742.0
2024-07-09,511.0,522.0,509.5,512.0,287050,EQ,29120.0,9.86,65046.0
2024-07-10,515.0,515.5,502.75,513.4,154920,EQ,18431.0,8.41,49707.0
2024-07-11,515.0,518.2,507.5,514.6,158895,EQ,9328.0,17.03,94561.0
2024-07-12,514.6,520.0,511.5,513.4,150686,EQ,9706.0,15.53,91312.0
2024-07-15,515.05,529.4,514.5,518.45,402542,EQ,37442.0,10.75,146987.0
2024-07-16,518.95,520.5,505.9,510.1,90855,EQ,14313.0,6.35,24925.0
2024-07-18,509.5,511.75,502.5,507.75,80859,EQ,11636.0,6.95,29712.0
2024-07-19,511.0,511.0,491.9,494.5,135326,EQ,14106.0,9.59,51162.0
2024-07-22,490.0,510.5,488.8,508.65,79901,EQ,10823.0,7.38,18977.0
2024-07-23,510.25,511.45,492.15,506.9,99658,EQ,10881.0,9.16,28396.0
2024-07-24,502.5,522.25,502.5,518.1,159234,EQ,10211.0,15.59,59977.0
2024-07-25,517.05,518.0,508.25,513.0,118113,EQ,13120.0,9.0,63719.0
2024-07-26,513.65,534.25,511.4,530.35,215282,EQ,19923.0,10.81,81948.0
2024-07-29,534.75,537.55,523.55,527.4,66373,EQ,7229.0,9.18,20057.0
2024-07-30,527.4,532.4,522.9,525.0,53281,EQ,6074.0,8.77,14824.0
2024-07-31,525.25,534.9,525.25,529.7,133923,EQ,11905.0,11.25,34288.0
2024-08-01,529.7,531.8,517.75,521.25,76576,EQ,7382.0,10.37,30314.0
2024-08-02,519.5,527.5,513.5,520.95,73745,EQ,8570.0,8.61,17225.0
2024-08-05,506.5,535.0,491.25,513.45,130037,EQ,12207.0,10.65,37275.0
2024-08-06,514.3,526.5,508.4,510.0,61157,EQ,6503.0,9.4,19146.0
2024-08-07,512.5,530.3,512.5,526.1,230158,EQ,15824.0,14.54,96292.0
2024-08-08,526.1,531.75,513.35,516.4,158730,EQ,13604.0,11.67,72566.0
2024-08-09,518.75,524.5,512.5,514.5,75562,EQ,9014.0,8.38,17183.0
2024-08-12,517.25,534.45,501.15,509.65,236762,EQ,22591.0,10.48,44212.0
2024-08-13,510.1,516.85,501.0,502.65,156132,EQ,23948.0,6.52,59640.0
2024-08-14,502.0,514.25,494.0,495.35,97659,EQ,11617.0,8.41,33942.0
2024-08-16,501.8,519.5,496.05,518.0,227808,EQ,17176.0,13.26,82053.0
2024-08-19,519.0,542.4,519.0,530.0,384198,EQ,31157.0,12.33,89857.0
2024-08-20,530.1,533.35,516.15,522.95,126479,EQ,13875.0,9.12,43287.0
2024-08-21,521.25,531.0,518.75,523.95,94127,EQ,11784.0,7.99,34992.0
2024-08-22,523.95,527.85,520.8,524.95,85545,EQ,10254.0,8.34,23087.0
2024-08-23,527.5,528.9,514.0,516.3,129333,EQ,13800.0,9.37,22812.0
2024-08-26,520.5,527.75,516.25,525.55,84876,EQ,10595.0,8.01,34176.0
2024-08-27,522.5,531.15,518.75,519.9,69125,EQ,9488.0,7.29,20999.0
2024-08-28,519.9,531.95,514.3,524.3,142579,EQ,16790.0,8.49,30237.0
2024-08-29,521.75,525.05,511.0,519.7,95883,EQ,11873.0,8.08,15692.0
2024-08-30,517.85,536.3,517.85,534.95,140666,EQ,14109.0,9.97,46835.0
2024-09-02,539.5,540.6,523.8,527.85,116768,EQ,15096.0,7.74,37549.0
2024-09-03,532.5,537.25,526.25,527.3,100204,EQ,12190.0,8.22,21829.0
2024-09-04,521.5,533.75,521.25,531.55,78395,EQ,9053.0,8.66,25764.0
2024-09-05,530.6,543.0,530.6,536.2,133788,EQ,20778.0,6.44,57181.0
2024-09-06,537.5,547.4,532.5,534.8,159704,EQ,14817.0,10.78,51960.0
2024-09-09,528.75,540.0,528.65,538.4,71561,EQ,8062.0,8.88,22584.0
2024-09-10,540.5,549.15,539.95,542.95,228988,EQ,15633.0,14.65,128240.0
2024-09-11,542.5,553.5,539.9,542.2,224494,EQ,26886.0,8.35,87269.0
2024-09-12,547.25,550.65,542.8,544.05,57020,EQ,12034.0,4.74,20775.0
2024-09-13,548.5,548.5,542.75,544.4,39138,EQ,6969.0,5.62,19237.0
2024-09-16,547.25,550.75,542.5,543.65,65091,EQ,9443.0,6.89,30621.0
2024-09-17,543.65,547.85,535.8,545.5,138101,EQ,27134.0,5.09,68742.0
2024-09-18,544.5,548.0,531.15,533.85,72423,EQ,8856.0,8.18,31605.0
2024-09-19,534.3,545.65,528.75,531.9,108184,EQ,18231.0,5.93,39352.0
2024-09-20,532.4,534.5,520.55,527.6,121227,EQ,14756.0,8.22,51116.0
2024-09-23,528.0,547.5,528.0,543.9,154142,EQ,16753.0,9.2,38212.0
2024-09-24,543.5,554.7,542.65,548.9,225697,EQ,21810.0,10.35,75685.0
2024-09-25,548.7,555.5,542.55,545.05,159009,EQ,11205.0,14.19,43485.0
2024-09-26,545.05,546.7,531.25,540.25,111043,EQ,13440.0,8.26,28753.0
2024-09-27,543.7,551.45,538.0,545.8,73591,EQ,7947.0,9.26,24778.0
2024-09-30,544.5,552.05,541.15,548.0,47107,EQ,6488.0,7.26,15794.0
2024-10-01,550.1,566.2,546.25,562.75,267624,EQ,23597.0,11.34,89308.0
2024-10-03,558.75,567.75,556.5,560.85,131060,EQ,12637.0,10.37,39392.0
2024-10-04,560.85,574.75,554.8,558.7,284792,EQ,36921.0,7.71,72855.0
2024-10-07,563.75,569.4,545.95,549.6,288377,EQ,39837.0,7.24,114332.0
2024-10-08,543.75,571.0,543.15,569.2,114753,EQ,13184.0,8.7,39012.0
2024-10-09,567.5,578.1,567.0,572.15,105611,EQ,15530.0,6.8,35496.0
2024-10-10,577.0,579.6,556.5,564.9,96249,EQ,8551.0,11.26,38380.0
2024-10-11,565.0,574.0,559.1,568.5,132443,EQ,12543.0,10.56,75140.0
2024-10-14,571.7,575.8,553.15,572.1,127726,EQ,11726.0,10.89,39074.0
2024-10-15,570.75,572.25,558.75,564.9,66975,EQ,9050.0,7.4,26612.0
2024-10-16,562.45,567.3,554.65,557.15,38676,EQ,5808.0,6.66,9868.0
2024-10-17,559.25,565.4,544.65,546.95,187850,EQ,10166.0,18.48,8984.0
2024-10-18,547.4,554.5,543.95,551.4,71188,EQ,11983.0,5.94,27317.0
2024-10-21,550.2,554.5,542.6,544.1,27455,EQ,4361.0,6.3,5884.0
2024-10-22,547.45,547.6,531.75,533.3,62564,EQ,8346.0,7.5,21542.0
2024-10-23,532.25,543.4,529.1,530.35,87491,EQ,15323.0,5.71,32284.0
2024-10-24,533.75,541.25,527.4,533.85,79479,EQ,10248.0,7.76,16369.0
2024-10-25,533.6,538.05,521.25,526.4,162134,EQ,17765.0,9.13,79160.0
2024-10-28,524.25,540.6,521.45,536.35,110043,EQ,17262.0,6.37,38173.0
2024-10-29,536.25,539.45,520.15,529.75,77468,EQ,10615.0,7.3,14332.0
2024-10-30,529.75,539.2,523.15,535.15,79489,EQ,11050.0,7.19,21590.0
2024-10-31,533.75,543.2,530.95,536.55,150983,EQ,14046.0,10.75,52884.0
2024-11-01,535.6,543.55,535.6,536.8,3158,EQ,613.0,5.15,1171.0
2024-11-04,531.05,538.7,522.55,526.0,98954,EQ,18206.0,5.44,37285.0
2024-11-05,522.75,538.45,522.35,537.3,183303,EQ,21693.0,8.45,112033.0
2024-11-06,536.6,551.0,531.9,547.65,125622,EQ,18513.0,6.79,64647.0
2024-11-07,546.4,551.65,524.05,527.95,107112,EQ,14685.0,7.29,23216.0
2024-11-08,528.15,532.25,523.5,528.85,181560,EQ,24183.0,7.51,74997.0
2024-11-11,531.25,541.0,520.5,538.7,269483,EQ,31834.0,8.47,41175.0
2024-11-12,538.7,559.0,535.5,543.6,167022,EQ,18534.0,9.01,21812.0
2024-11-13,541.25,548.9,509.3,512.55,359837,EQ,45038.0,7.99,68588.0
2024-11-14,511.25,517.25,506.1,508.05,99058,EQ,13631.0,7.27,24248.0
2024-11-18,507.4,510.3,499.15,505.3,228048,EQ,22474.0,10.15,118281.0
2024-11-19,506.4,514.9,502.8,505.2,63237,EQ,11147.0,5.67,23506.0
2024-11-21,501.95,505.35,497.05,503.95,75288,EQ,11662.0,6.46,25762.0
2024-11-22,502.5,517.85,502.5,515.45,106266,EQ,13153.0,8.08,46816.0
2024-11-25,517.0,530.85,513.0,529.5,124578,EQ,13234.0,9.41,30698.0
2024-11-26,528.25,541.3,525.75,539.5,94747,EQ,9997.0,9.48,17329.0
2024-11-27,538.5,543.45,533.4,542.0,47120,EQ,7609.0,6.19,7950.0
2024-11-28,543.75,546.65,532.1,534.95,95214,EQ,13637.0,6.98,22836.0
2024-11-29,532.75,539.15,527.75,535.4,52189,EQ,5894.0,8.85,17223.0
2024-12-02,533.7,546.9,532.0,533.65,63095,EQ,8428.0,7.49,16378.0
2024-12-03,536.25,539.25,516.55,519.1,125062,EQ,16914.0,7.39,48329.0
2024-12-04,519.1,527.25,515.65,526.25,142533,EQ,18297.0,7.79,81463.0
2024-12-05,530.0,530.6,522.9,525.05,83654,EQ,10263.0,8.15,37760.0
2024-12-06,525.05,539.6,524.6,533.9,949767,EQ,48691.0,19.51,597114.0
2024-12-09,531.25,553.0,522.9,547.6,553459,EQ,33540.0,16.5,292932.0
2024-12-10,557.9,562.4,543.65,555.2,900881,EQ,68611.0,13.13,152709.0
2024-12-11,552.5,559.35,547.25,555.6,256479,EQ,15142.0,16.94,68794.0
2024-12-12,555.6,559.0,548.1,556.6,132876,EQ,8707.0,15.26,40287.0
2024-12-13,555.0,559.2,547.25,556.0,109801,EQ,7765.0,14.14,27224.0
2024-12-16,556.0,559.0,548.25,553.05,138911,EQ,11566.0,12.01,53632.0
2024-12-17,554.25,561.45,539.55,543.6,252335,EQ,25864.0,9.76,85510.0
2024-12-18,543.6,544.5,531.2,532.9,192262,EQ,17886.0,10.75,82185.0
2024-12-19,525.0,536.2,517.5,531.6,68131,EQ,11708.0,5.82,13457.0
2024-12-20,529.65,532.8,513.05,514.5,71204,EQ,10090.0,7.06,19162.0
2024-12-23,517.05,523.4,504.0,505.4,71775,EQ,10063.0,7.13,23915.0
2024-12-24,504.05,508.2,500.3,503.4,62239,EQ,9476.0,6.57,26922.0
2024-12-26,503.4,510.25,495.0,507.0,108595,EQ,15060.0,7.21,39072.0
2024-12-27,507.0,518.7,505.25,514.55,96040,EQ,13545.0,7.09,30435.0
2024-12-30,514.55,519.1,506.55,513.1,143078,EQ,21239.0,6.74,64217.0
2024-12-31,513.1,522.15,512.1,519.15,71837,EQ,8547.0,8.4,21472.0
2025-01-01,515.25,521.6,511.0,514.1,35586,EQ,7328.0,4.86,12460.0
2025-01-02,514.3,516.35,507.3,512.25,99817,EQ,14560.0,6.86,57671.0
2025-01-03,515.05,515.05,494.15,499.45,445477,EQ,31459.0,14.16,215582.0
2025-01-06,497.8,515.0,492.65,509.7,689908,EQ,63585.0,10.85,123154.0
2025-01-07,512.25,518.1,499.5,508.75,299045,EQ,30167.0,9.91,46083.0
2025-01-08,508.9,514.5,501.9,506.65,139288,EQ,17042.0,8.17,23540.0
2025-01-09,506.65,509.45,495.0,500.1,111304,EQ,14776.0,7.53,42566.0
2025-01-10,495.25,503.4,485.7,488.4,218941,EQ,22188.0,9.87,97202.0
2025-01-13,479.1,487.5,467.05,470.7,127600,EQ,14046.0,9.08,52288.0
2025-01-14,471.4,474.1,465.0,468.0,68755,EQ,7584.0,9.07,23697.0
2025-01-15,468.75,474.1,460.3,469.4,97851,EQ,9681.0,10.11,49610.0
2025-01-16,470.25,474.5,468.6,472.2,104194,EQ,9940.0,10.48,63233.0
2025-01-17,471.25,475.1,469.05,472.7,37807,EQ,5484.0,6.89,14052.0
2025-01-20,472.2,474.95,465.9,473.9,25198,EQ,4897.0,5.15,5685.0
2025-01-21,472.5,477.55,458.55,461.55,65224,EQ,8896.0,7.33,20623.0
2025-01-22,460.2,465.05,457.0,462.4,93929,EQ,14165.0,6.63,41420.0
2025-01-23,462.4,470.75,460.6,467.7,65122,EQ,11350.0,5.74,20994.0
2025-01-24,467.1,469.75,448.75,450.55,106162,EQ,14740.0,7.2,45166.0
2025-01-27,448.3,448.4,435.5,437.75,120804,EQ,14504.0,8.33,58150.0
2025-01-28,436.9,438.1,421.85,427.2,225331,EQ,23204.0,9.71,115417.0
2025-01-29,428.0,449.1,425.55,447.85,92532,EQ,14288.0,6.48,28071.0
2025-01-30,447.8,468.2,439.75,451.15,154949,EQ,21305.0,7.27,50058.0
2025-01-31,450.7,453.0,443.45,449.2,74571,EQ,9169.0,8.13,29891.0
2025-02-01,447.5,450.5,441.8,444.75,29997,EQ,3233.0,9.28,6693.0
2025-02-03,442.5,444.0,432.5,438.5,89278,EQ,13580.0,6.57,42632.0
2025-02-04,438.5,445.5,426.7,434.5,674457,EQ,45631.0,14.78,354791.0
2025-02-05,438.75,458.5,438.75,451.25,609369,EQ,50854.0,11.98,213219.0
2025-02-06,453.5,468.75,452.8,463.0,354675,EQ,38910.0,9.12,84438.0
2025-02-07,462.5,465.65,454.15,459.8,191885,EQ,22320.0,8.6,89847.0
2025-02-10,456.3,459.1,445.75,449.3,103857,EQ,14710.0,7.06,34471.0
2025-02-11,445.7,454.1,440.5,445.7,259751,EQ,22300.0,11.65,162540.0
2025-02-12,446.25,448.0,430.15,437.65,178847,EQ,31834.0,5.62,50003.0
2025-02-13,438.75,442.5,424.25,427.0,153935,EQ,20894.0,7.37,59809.0
2025-02-14,427.75,429.2,415.0,420.4,429776,EQ,45590.0,9.43,230983.0
2025-02-17,417.5,421.25,404.55,420.1,282369,EQ,39896.0,7.08,115813.0
2025-02-18,418.95,418.95,407.85,411.85,115556,EQ,19727.0,5.86,57262.0
2025-02-19,411.85,414.45,405.05,412.1,146186,EQ,24007.0,6.09,78498.0
2025-02-20,412.1,426.2,406.25,419.5,400764,EQ,34042.0,11.77,266699.0
2025-02-21,420.85,421.5,407.25,413.1,167017,EQ,29630.0,5.64,77585.0
2025-02-24,413.1,421.35,406.9,419.35,150909,EQ,16811.0,8.98,58176.0
2025-02-25,419.3,421.75,409.55,414.2,180341,EQ,24827.0,7.26,94732.0
2025-02-27,415.5,420.95,406.25,409.4,138440,EQ,13824.0,10.01,74961.0
2025-02-28,403.0,407.3,391.0,396.1,94288,EQ,11272.0,8.36,70341.0
2025-03-03,392.2,420.0,381.9,392.0,99681,EQ,22980.0,4.34,48720.0
2025-03-04,390.35,407.75,382.8,403.45,117506,EQ,21016.0,5.59,64993.0
2025-03-05,407.25,408.75,397.8,407.05,118564,EQ,12097.0,9.8,86318.0
2025-03-06,407.5,422.5,405.0,412.2,240756,EQ,18678.0,12.89,173538.0
2025-03-07,412.35,417.5,411.2,412.6,60325,EQ,16354.0,3.69,35787.0
2025-03-10,409.75,418.05,409.7,415.9,145579,EQ,24494.0,5.94,93668.0
2025-03-11,415.9,415.9,403.4,405.1,74502,EQ,14218.0,5.24,50689.0
2025-03-12,409.2,411.25,397.8,405.8,100598,EQ,17934.0,5.61,64353.0
2025-03-13,403.75,408.55,402.0,406.5,86124,EQ,18759.0,4.59,60851.0
2025-03-17,406.5,410.5,398.25,401.3,90246,EQ,24107.0,3.74,58012.0
2025-03-18,400.5,412.3,399.25,404.4,69803,EQ,23909.0,2.92,38727.0
2025-03-19,404.4,408.7,401.85,406.1,67766,EQ,22541.0,3.01,32799.0
2025-03-20,407.5,416.1,398.75,400.4,151692,EQ,24423.0,6.21,81970.0
2025-03-21,400.5,415.0,393.5,399.1,80315,EQ,15026.0,5.35,40353.0
2025-03-24,400.0,406.25,397.05,403.4,94867,EQ,16125.0,5.88,62448.0
2025-03-25,408.9,409.0,386.4,401.25,116297,EQ,12658.0,9.19,84301.0
2025-03-26,398.75,402.45,392.0,394.75,131100,EQ,19351.0,6.77,93260.0
2025-03-27,395.0,398.2,389.4,396.15,68815,EQ,15741.0,4.37,36815.0
2025-03-28,395.75,399.75,386.25,391.15,79501,EQ,8857.0,8.98,42430.0
2025-04-01,393.5,393.5,378.9,381.3,88061,EQ,13862.0,6.35,54503.0
2025-04-02,385.75,394.0,375.5,388.75,173959,EQ,27081.0,6.42,93488.0
2025-04-03,388.75,398.4,385.8,395.8,57796,EQ,10215.0,5.66,20858.0
2025-04-04,392.8,395.2,384.1,387.65,71847,EQ,13431.0,5.35,39522.0
2025-04-07,328.75,379.75,328.75,372.15,190499,EQ,41606.0,4.58,99329.0
2025-04-08,383.0,391.2,374.45,384.55,69940,EQ,14367.0,4.87,37905.0
2025-04-09,381.25,399.95,377.95,394.8,112249,EQ,17323.0,6.48,55562.0
2025-04-11,403.5,405.7,390.0,400.4,114273,EQ,26551.0,4.3,64577.0
2025-04-15,406.7,412.25,401.3,411.25,60673,EQ,13585.0,4.47,34703.0
2025-04-16,411.25,418.6,408.6,416.7,129440,EQ,15305.0,8.46,103306.0
2025-04-17,416.3,417.5,410.4,415.65,135141,EQ,8933.0,15.13,118308.0
2025-04-21,418.75,428.4,414.1,425.2,80914,EQ,13793.0,5.87,46600.0
2025-04-22,428.75,439.75,423.45,438.2,69113,EQ,10683.0,6.47,40003.0
2025-04-23,438.75,442.75,430.75,437.4,25508,EQ,4794.0,5.32,9237.0
2025-04-24,442.9,447.0,437.5,441.2,80430,EQ,12963.0,6.2,37955.0
2025-04-25,441.3,447.0,431.5,438.25,115727,EQ,15675.0,7.38,57488.0
2025-04-28,437.5,440.0,430.0,437.2,54995,EQ,11373.0,4.84,29012.0
2025-04-29,437.2,438.5,425.0,426.2,23800,EQ,4229.0,5.63,9971.0
2025-04-30,431.95,432.8,424.0,425.4,94802,EQ,19069.0,4.97,50492.0
2025-05-02,420.5,429.1,420.5,423.7,35634,EQ,8610.0,4.14,16474.0
2025-05-05,423.7,426.6,421.0,425.1,11776,EQ,2937.0,4.01,4155.0
2025-05-06,429.35,429.35,417.9,421.0,52916,EQ,12424.0,4.26,26954.0
2025-05-07,417.9,425.65,406.25,423.9,43867,EQ,9817.0,4.47,18488.0
2025-05-08,425.15,428.0,413.25,415.8,19756,EQ,5863.0,3.37,8339.0
2025-05-09,406.25,420.4,406.25,417.35,26368,EQ,7100.0,3.71,11411.0
2025-05-12,422.5,431.2,420.95,428.1,30610,EQ,5123.0,5.98,17345.0
2025-05-13,427.8,428.7,415.0,425.4,87574,EQ,9757.0,8.98,59786.0
2025-05-14,423.5,423.5,401.3,403.6,529559,EQ,29660.0,17.85,382574.0
2025-05-15,400.0,408.0,397.05,406.7,121144,EQ,16634.0,7.28,70263.0
2025-05-16,410.0,413.0,402.75,412.2,61291,EQ,6040.0,10.15,29584.0
2025-05-19,411.25,416.25,404.25,409.2,65641,EQ,8544.0,7.68,26982.0
2025-05-20,414.5,416.75,409.4,414.9,69855,EQ,9583.0,7.29,39721.0
2025-05-21,418.75,430.0,412.45,415.5,117906,EQ,14095.0,8.37,26573.0
2025-05-22,415.7,418.7,405.25,406.85,56272,EQ,5314.0,10.59,37673.0
2025-05-23,406.45,411.75,400.4,406.55,84334,EQ,4941.0,17.07,62992.0
2025-05-26,408.75,417.5,407.0,414.6,39758,EQ,5337.0,7.45,15357.0
2025-05-27,417.5,420.0,412.8,417.45,37581,EQ,5678.0,6.62,19145.0
2025-05-28,417.45,420.9,413.2,417.75,21384,EQ,3902.0,5.48,16274.0
2025-05-29,420.5,421.15,413.5,419.2,27736,EQ,3695.0,7.51,15193.0
2025-05-30,419.0,421.15,414.0,420.0,37338,EQ,5576.0,6.7,23817.0
2025-06-02,420.75,421.25,413.75,416.25,101994,EQ,5104.0,19.98,83657.0
2025-06-03,414.0,430.0,413.0,428.1,58048,EQ,6723.0,8.63,18774.0
2025-06-04,428.8,436.0,415.0,423.6,137216,EQ,14232.0,9.64,79367.0
2025-06-05,427.0,430.5,419.0,420.2,59789,EQ,5314.0,11.25,42217.0
2025-06-06,423.75,423.75,411.25,413.05,78720,EQ,6581.0,11.96,60417.0
2025-06-09,413.05,431.25,411.95,429.45,217721,EQ,7754.0,28.08,179891.0
2025-06-10,431.9,433.0,421.2,424.9,188107,EQ,15270.0,12.32,142210.0
2025-06-11,428.75,428.75,420.5,422.2,98264,EQ,6344.0,15.49,79637.0
2025-06-12,422.2,443.25,421.5,436.6,197750,EQ,23107.0,8.56,41326.0
2025-06-13,435.0,435.0,423.35,424.9,140446,EQ,5819.0,24.14,116292.0
2025-06-16,424.9,429.0,415.25,428.1,28602,EQ,4418.0,6.47,11209.0
2025-06-17,426.7,430.15,421.5,424.25,44440,EQ,7213.0,6.16,22518.0
2025-06-18,427.25,427.25,419.5,425.0,234710,EQ,3049.0,76.98,223190.0
2025-06-19,427.4,429.0,419.25,420.8,41701,EQ,5056.0,8.25,12723.0
2025-06-20,421.25,433.0,416.8,431.05,51807,EQ,6422.0,8.07,28394.0
2025-06-23,422.5,427.4,421.25,425.25,65169,EQ,7305.0,8.92,37266.0
2025-06-24,425.25,428.2,422.5,424.1,21784,EQ,3333.0,6.54,8745.0
2025-06-25,428.0,428.75,422.75,427.05,12893,EQ,2388.0,5.4,6462.0
2025-06-26,425.7,427.75,420.55,423.1,22814,EQ,3408.0,6.69,11707.0
2025-06-27,424.0,425.6,420.3,422.5,283222,EQ,7809.0,36.27,265167.0
2025-06-30,426.0,429.8,423.75,426.55,28662,EQ,5986.0,4.79,11801.0
2025-07-01,428.5,430.8,422.75,427.6,26060,EQ,4616.0,5.65,14020.0
2025-07-02,429.75,432.75,423.75,431.4,21736,EQ,3909.0,5.56,11065.0
2025-07-03,432.0,437.25,430.0,434.5,31252,EQ,4926.0,6.34,14833.0
2025-07-04,435.0,447.5,433.75,443.3,90492,EQ,10931.0,8.28,39008.0
2025-07-07,448.5,468.75,446.4,464.85,500698,EQ,41290.0,12.13,82006.0
2025-07-08,464.85,470.0,460.55,466.5,125743,EQ,21224.0,5.92,46686.0
2025-07-09,469.5,527.7,466.65,514.5,1497399,EQ,105105.0,14.25,216448.0
2025-07-10,503.75,503.75,487.5,493.7,468197,EQ,34575.0,13.54,93959.0
2025-07-11,491.5,492.5,468.65,471.3,210112,EQ,22807.0,9.21,76518.0
2025-07-14,470.4,473.1,465.05,469.95,116635,EQ,9470.0,12.32,67660.0
2025-07-15,471.25,471.4,457.25,467.75,146601,EQ,13295.0,11.03,74870.0
2025-07-16,469.75,507.5,468.4,494.8,2114040,EQ,103155.0,20.49,159912.0
2025-07-17,494.25,494.25,482.5,490.5,116745,EQ,11963.0,9.76,30615.0
2025-07-18,490.0,490.0,481.8,484.7,73868,EQ,8545.0,8.64,32336.0
2025-07-21,484.7,487.5,481.25,484.7,31729,EQ,3661.0,8.67,15590.0
2025-07-22,484.25,496.85,481.3,495.4,72845,EQ,7956.0,9.16,38663.0
2025-07-23,495.5,500.75,487.2,499.15,55472,EQ,6847.0,8.1,30709.0
2025-07-24,500.0,511.85,495.25,508.5,89016,EQ,12166.0,7.32,42064.0
2025-07-25,511.1,516.0,488.35,492.2,90266,EQ,11596.0,7.78,44793.0
2025-07-28,488.25,497.2,485.7,491.35,40927,EQ,6018.0,6.8,17841.0
2025-07-29,492.5,494.3,481.5,487.6,183688,EQ,8091.0,22.7,162314.0
2025-07-30,487.5,508.7,486.4,505.0,77459,EQ,8661.0,8.94,29067.0
2025-07-31,500.0,509.55,495.3,498.8,66793,EQ,9206.0,7.26,21919.0
2025-08-01,499.0,511.6,498.1,509.4,104260,EQ,11548.0,9.03,58754.0
2025-08-04,515.0,515.4,500.1,510.15,54663,EQ,8347.0,6.55,25465.0
2025-08-05,510.75,513.65,501.5,507.2,34130,EQ,6301.0,5.42,12118.0
2025-08-06,507.45,515.2,501.9,513.9,60476,EQ,8217.0,7.36,30795.0
2025-08-07,516.5,518.75,491.45,498.65,58325,EQ,8732.0,6.68,20574.0
2025-08-08,506.1,507.5,494.6,502.1,55614,EQ,8427.0,6.6,19407.0
2025-08-11,507.0,518.75,501.4,510.85,139180,EQ,19485.0,7.14,62104.0
2025-08-12,515.2,526.6,512.5,523.2,92084,EQ,11735.0,7.85,36886.0
2025-08-13,526.0,540.05,520.0,531.4,119608,EQ,17820.0,6.71,59391.0
2025-08-14,537.5,537.5,525.4,530.3,53638,EQ,9885.0,5.43,31274.0
2025-08-18,535.0,545.0,516.0,541.8,67753,EQ,11226.0,6.04,30990.0
2025-08-19,540.0,542.8,530.0,535.9,41956,EQ,7163.0,5.86,21599.0
2025-08-20,531.25,548.0,531.25,543.8,69350,EQ,5834.0,11.89,51237.0
2025-08-21,546.4,546.4,533.75,538.8,37679,EQ,5857.0,6.43,19524.0
2025-08-22,535.0,545.2,535.0,542.4,21497,EQ,4114.0,5.23,13180.0
2025-08-25,542.4,552.2,539.6,546.75,35544,EQ,6109.0,5.82,18919.0
2025-08-26,546.75,548.3,533.25,539.95,31042,EQ,6163.0,5.04,15906.0
2025-08-28,539.95,548.75,526.5,546.85,35393,EQ,7007.0,5.05,15868.0
2025-08-29,547.5,551.0,536.75,547.1,42879,EQ,12139.0,3.53,26246.0
2025-09-01,550.0,550.15,532.1,537.15,40551,EQ,7229.0,5.61,20950.0
2025-09-02,531.85,546.25,528.9,544.1,24091,EQ,5470.0,4.4,8701.0
2025-09-03,544.1,565.75,538.5,552.15,146171,EQ,14244.0,10.26,95139.0
2025-09-04,554.75,565.0,554.75,559.15,89984,EQ,8136.0,11.06,67938.0
2025-09-05,562.0,562.0,548.4,551.5,24619,EQ,4185.0,5.88,13767.0
2025-09-08,558.5,558.5,534.9,538.15,30527,EQ,6781.0,4.5,13068.0
2025-09-09,542.45,542.45,527.5,532.75,33427,EQ,4876.0,6.86,20366.0
2025-09-10,532.75,542.75,532.75,538.4,10086,EQ,2518.0,4.01,3852.0
2025-09-11,537.5,539.3,530.5,531.2,13490,EQ,3038.0,4.44,7896.0
2025-09-12,531.2,533.5,479.0,515.75,97832,EQ,13738.0,7.12,36166.0
2025-09-15,515.75,515.75,505.5,506.9,81027,EQ,10442.0,7.76,52674.0
2025-09-16,504.25,522.0,504.25,519.1,57198,EQ,4889.0,11.7,41454.0
2025-09-17,519.75,521.25,508.2,512.6,31185,EQ,3822.0,8.16,20602.0
2025-09-18,513.7,519.5,508.75,511.8,33490,EQ,2867.0,11.68,26435.0
2025-09-19,512.45,537.5,511.05,533.4,189734,EQ,23779.0,7.98,44208.0
2025-09-22,533.4,533.4,516.8,519.9,85521,EQ,6127.0,13.96,67479.0
2025-09-23,516.25,517.95,509.6,512.5,33977,EQ,4861.0,6.99,22518.0
2025-09-24,513.25,528.5,512.5,520.55,35575,EQ,7594.0,4.68,15386.0
2025-09-25,523.5,527.0,505.0,506.6,140549,EQ,9389.0,14.97,121424.0
2025-09-26,505.0,507.2,493.8,503.65,25419,EQ,5591.0,4.55,12085.0
2025-09-29,500.55,512.3,500.55,505.35,22602,EQ,5629.0,4.02,12761.0
2025-09-30,506.1,514.1,495.25,509.0,33276,EQ,7239.0,4.6,19614.0
2025-10-01,508.3,511.2,493.8,510.25,78647,EQ,16011.0,4.91,42709.0
2025-10-03,507.5,508.0,497.75,499.1,34198,EQ,10540.0,3.24,21296.0
2025-10-06,498.75,537.25,497.35,518.25,266500,EQ,34406.0,7.75,41997.0
2025-10-07,523.7,540.0,521.25,526.85,448562,EQ,38358.0,11.69,71512.0
2025-10-08,528.6,529.0,500.25,504.55,199626,EQ,23776.0,8.4,72352.0
2025-10-09,504.55,510.0,494.0,498.2,124100,EQ,11267.0,11.01,74776.0
2025-10-10,504.9,504.9,497.5,498.75,40917,EQ,6490.0,6.3,21751.0
2025-10-13,495.5,496.25,487.75,493.75,66091,EQ,7575.0,8.72,40159.0
2025-10-14,493.75,495.0,486.25,489.25,89905,EQ,10162.0,8.85,67273.0
2025-10-15,495.0,497.5,483.0,485.4,87487,EQ,6386.0,13.7,55084.0
2025-10-16,485.25,490.0,482.5,487.5,44647,EQ,8313.0,5.37,23604.0
2025-10-17,487.2,496.25,483.1,484.55,106609,EQ,8412.0,12.67,79223.0
2025-10-20,484.55,487.5,478.8,482.5,27982,EQ,7460.0,3.75,15829.0
2025-10-21,487.0,487.0,481.25,482.5,8026,EQ,970.0,8.27,4750.0
2025-10-23,482.5,482.5,476.3,479.0,86555,EQ,5913.0,14.64,66116.0
2025-10-24,477.5,480.55,471.8,476.25,94176,EQ,8355.0,11.27,68293.0
2025-10-27,475.75,491.2,474.8,488.3,83513,EQ,14866.0,5.62,54024.0
2025-10-28,485.5,488.75,481.25,486.0,112490,EQ,14654.0,7.68,85206.0
2025-10-29,486.0,488.0,481.3,486.2,40201,EQ,8389.0,4.79,23461.0
2025-10-30,486.0,492.9,481.25,490.7,36656,EQ,8517.0,4.3,23514.0
2025-10-31,490.7,497.5,483.75,492.6,36203,EQ,5729.0,6.32,23563.0
2025-11-03,495.15,502.25,490.0,501.1,54066,EQ,9662.0,5.6,31081.0
2025-11-04,504.25,508.75,499.05,507.7,82262,EQ,9637.0,8.54,51714.0
2025-11-06,526.6,529.6,495.1,501.45,323417,EQ,27962.0,11.57,74758.0
2025-11-07,496.95,497.45,487.5,491.0,42407,EQ,6820.0,6.22,12758.0
2025-11-10,487.5,488.25,482.75,483.7,31823,EQ,5842.0,5.45,17735.0
2025-11-11,480.9,491.75,480.0,489.0,33506,EQ,6561.0,5.11,14012.0
2025-11-12,491.7,495.0,482.6,493.7,16101,EQ,3664.0,4.39,8481.0
2025-11-13,493.7,495.0,486.4,491.35,92308,EQ,4109.0,22.46,75196.0
2025-11-14,493.0,496.9,489.4,492.7,17162,EQ,3433.0,5.0,5937.0
2025-11-17,495.25,497.5,490.5,495.6,10179,EQ,1918.0,5.31,5209.0
2025-11-18,491.5,495.4,480.75,482.25,19794,EQ,5191.0,3.81,13642.0
2025-11-19,483.0,488.75,482.85,485.6,17753,EQ,3670.0,4.84,10659.0
2025-11-20,485.6,492.1,478.55,489.9,109398,EQ,10103.0,10.83,89294.0
2025-11-21,489.75,494.6,485.0,488.75,15973,EQ,3321.0,4.81,7581.0
2025-11-24,490.25,492.05,482.65,485.25,32965,EQ,4808.0,6.86,25517.0
2025-11-25,485.0,491.7,483.15,488.0,10948,EQ,2208.0,4.96,5955.0
2025-11-26,485.75,489.6,483.75,485.25,7185,EQ,2146.0,3.35,3820.0
2025-11-27,484.25,488.4,482.0,483.5,8718,EQ,1689.0,5.16,4629.0
2025-11-28,482.4,486.55,480.05,482.75,9240,EQ,2766.0,3.34,3457.0
2025-12-01,482.6,492.25,480.1,489.15,35566,EQ,6036.0,5.89,12961.0
2025-12-02,488.5,488.75,482.1,484.8,18299,EQ,3623.0,5.05,7124.0
2025-12-03,484.8,489.55,476.6,486.4,31397,EQ,3482.0,9.02,22406.0
2025-12-04,487.5,489.3,476.1,482.75,75543,EQ,11175.0,6.76,49472.0
2025-12-05,483.4,485.0,477.2,481.05,13375,EQ,3601.0,3.71,7763.0
2025-12-08,478.75,482.45,477.0,480.05,19803,EQ,4231.0,4.68,12663.0
2025-12-09,475.25,482.25,472.8,480.45,15198,EQ,2288.0,6.64,6751.0
2025-12-10,482.25,485.9,478.1,481.0,13523,EQ,1845.0,7.33,8445.0
2025-12-11,478.75,484.95,476.4,480.6,14890,EQ,1924.0,7.74,10354.0
2025-12-12,481.0,481.0,476.25,478.5,30115,EQ,3896.0,7.73,24587.0
2025-12-15,476.25,481.0,473.75,479.85,30520,EQ,3521.0,8.67,24455.0
2025-12-16,473.8,480.25,473.55,478.0,39874,EQ,6061.0,6.58,28698.0
2025-12-17,476.5,478.45,471.25,472.65,28389,EQ,2308.0,12.3,22172.0
2025-12-18,468.75,472.4,465.5,467.3,37344,EQ,7753.0,4.82,23663.0
2025-12-19,473.6,473.6,465.9,471.45,35091,EQ,3677.0,9.54,23952.0
2025-12-22,471.45,478.8,462.9,471.65,29627,EQ,5463.0,5.42,19335.0
2025-12-23,470.0,479.5,469.75,476.5,21556,EQ,2745.0,7.85,13514.0
2025-12-24,475.0,475.0,471.0,471.8,10897,EQ,1527.0,7.14,7771.0
2025-12-26,471.75,481.75,469.5,479.6,20125,EQ,2844.0,7.08,12197.0
2025-12-29,477.8,479.75,469.0,472.45,42414,EQ,7851.0,5.4,28392.0
2025-12-30,470.0,477.4,459.0,464.7,50295,EQ,14893.0,3.38,30728.0
2025-12-31,462.4,483.15,462.4,482.2,25006,EQ,5756.0,4.34,14983.0
2026-01-01,483.75,484.75,471.25,474.2,7233,EQ,1360.0,5.32,2692.0
2026-01-02,471.25,487.5,465.0,483.3,47020,EQ,6082.0,7.73,25249.0
2026-01-05,490.0,515.0,487.7,512.6,237503,EQ,34051.0,6.97,65099.0
2026-01-06,512.0,512.9,500.0,507.45,51316,EQ,9235.0,5.56,22119.0
2026-01-07,501.25,503.9,491.25,497.1,53938,EQ,11722.0,4.6,17360.0
2026-01-08,495.0,498.7,476.2,479.0,25274,EQ,4589.0,5.51,14760.0
2026-01-09,482.5,487.7,468.5,480.1,43107,EQ,7280.0,5.92,21712.0
2026-01-12,480.1,480.1,464.5,468.75,33028,EQ,7748.0,4.26,16813.0
2026-01-13,469.95,478.75,462.25,476.7,61366,EQ,7633.0,8.04,37758.0
2026-01-14,478.0,497.2,468.75,471.1,131044,EQ,23326.0,5.62,22761.0
2026-01-16,471.1,482.5,468.95,475.85,29823,EQ,4646.0,6.42,14658.0
2026-01-19,475.0,481.0,471.5,477.6,6646,EQ,1573.0,4.23,3112.0
2026-01-20,476.25,484.0,469.8,477.4,21446,EQ,4904.0,4.37,8179.0
2026-01-21,468.75,487.5,467.5,481.75,24894,EQ,6483.0,3.84,11202.0
2026-01-22,481.75,483.3,467.7,471.3,30501,EQ,7129.0,4.28,15591.0
2026-01-23,471.25,475.75,447.75,453.35,47123,EQ,6477.0,7.28,26497.0
2026-01-27,453.35,458.85,447.5,456.45,40753,EQ,7307.0,5.58,20239.0
2026-01-28,458.0,459.7,450.0,457.7,27522,EQ,5660.0,4.86,15317.0
2026-01-29,453.0,457.3,436.25,450.8,67878,EQ,10412.0,6.52,30794.0
2026-01-30,452.9,481.0,443.45,468.25,31556,EQ,5807.0,5.43,15503.0
2026-02-01,472.25,481.4,469.2,474.6,43470,EQ,5158.0,8.43,19204.0
2026-02-02,476.2,479.95,459.75,476.7,26193,EQ,7390.0,3.54,10731.0
2026-02-03,485.25,485.25,469.0,476.1,41913,EQ,7610.0,5.51,21169.0
2026-02-04,475.0,479.6,463.75,474.0,42082,EQ,7124.0,5.91,15337.0
2026-02-05,481.1,511.0,477.25,493.1,410118,EQ,30927.0,13.26,43650.0
2026-02-06,493.5,506.85,490.5,496.7,84253,EQ,11303.0,7.45,25434.0
2026-02-09,501.9,503.75,492.5,499.85,42586,EQ,10042.0,4.24,21591.0
2026-02-10,500.0,503.75,497.5,501.4,15287,EQ,3446.0,4.44,8564.0
2026-02-11,498.75,502.95,496.9,499.75,12216,EQ,2894.0,4.22,6097.0
2026-02-12,497.5,501.25,493.3,496.85,20834,EQ,4208.0,4.95,11275.0
2026-02-13,494.4,495.15,483.5,486.95,40082,EQ,4345.0,9.22,23332.0
2026-02-16,490.4,490.8,479.5,484.4,20880,EQ,2955.0,7.07,10212.0
2026-02-17,484.0,487.2,480.95,482.3,8413,EQ,2066.0,4.07,4670.0
2026-02-18,483.1,485.0,477.75,482.0,8203,EQ,1960.0,4.19,4662.0
2026-02-19,482.0,485.0,472.65,474.85,10094,EQ,2172.0,4.65,5390.0
2026-02-20,476.25,476.25,463.4,465.0,25466,EQ,4633.0,5.5,16503.0
2026-02-23,469.1,490.0,466.2,485.4,55773,EQ,6760.0,8.25,17793.0
2026-02-24,484.25,484.25,470.15,473.65,29031,EQ,4884.0,5.94,10607.0
2026-02-25,475.0,477.6,470.0,471.6,13604,EQ,2787.0,4.88,7869.0
2026-02-26,471.6,474.9,467.75,472.6,10852,EQ,2129.0,5.1,4280.0
2026-02-27,472.5,482.45,464.1,475.95,19916,EQ,2671.0,7.46,14054.0
2026-03-02,460.25,470.0,455.0,464.7,23080,EQ,6507.0,3.55,12469.0
2026-03-04,462.5,465.0,455.75,461.6,18561,EQ,6613.0,2.81,9100.0
2026-03-05,463.75,465.25,445.25,448.5,95679,EQ,16504.0,5.8,73145.0
2026-03-06,445.25,452.2,445.25,447.55,27727,EQ,8554.0,3.24,11850.0
2026-03-09,445.0,449.25,433.3,445.75,21855,EQ,7235.0,3.02,11787.0
2026-03-10,446.25,456.25,445.0,454.7,56279,EQ,6963.0,8.08,43334.0
2026-03-11,458.75,463.4,452.75,459.25,46982,EQ,6717.0,6.99,23360.0
2026-03-12,461.2,462.25,450.0,456.0,30599,EQ,6924.0,4.42,15092.0
2026-03-13,456.25,458.75,450.25,452.15,153578,EQ,5410.0,28.39,143412.0
2026-03-16,455.25,478.5,451.55,459.85,85699,EQ,16628.0,5.15,22457.0
2026-03-17,462.0,465.25,453.5,464.5,32570,EQ,6026.0,5.4,16551.0
2026-03-18,468.0,473.5,463.25,467.0,83057,EQ,11765.0,7.06,55848.0
2026-03-19,463.75,463.75,453.0,455.95,50489,EQ,6592.0,7.66,31156.0
2026-03-20,470.0,474.0,436.0,441.1,486555,EQ,27394.0,17.76,133416.0
2026-03-23,434.5,475.0,421.2,450.2,193686,EQ,11706.0,16.55,63571.0
2026-03-24,448.0,472.0,432.5,443.0,382831,EQ,32019.0,11.96,124398.0
2026-03-25,438.3,445.7,426.1,438.8,894570,EQ,33771.0,26.49,479369.0
2026-03-27,433.0,438.6,427.3,430.8,1233957,EQ,36622.0,33.69,939712.0
2026-03-30,426.1,436.7,414.2,434.0,234811,EQ,17065.0,13.76,102642.0
2026-04-01,444.0,444.0,420.3,424.25,250374,EQ,16600.0,15.08,99207.0
2026-04-02,415.25,430.9,412.25,421.75,565170,EQ,17559.0,32.19,393955.0
2026-04-06,433.0,441.8,422.0,430.75,1319382,EQ,32559.0,40.52,418356.0
2026-04-07,425.05,438.25,425.05,434.4,175041,EQ,12398.0,14.12,68746.0
2026-04-08,444.0,460.85,429.15,456.0,425868,EQ,17540.0,24.28,240147.0
2026-04-09,455.9,459.7,447.5,456.9,80436,EQ,9468.0,8.5,28078.0
2026-04-10,458.9,471.8,455.7,468.1,153063,EQ,10076.0,15.19,83804.0
2026-04-13,452.1,471.8,452.1,462.35,142192,EQ,11546.0,12.32,73816.0
2026-04-15,469.0,483.0,460.15,477.55,236420,EQ,13237.0,17.86,95644.0
2026-04-16,482.35,484.5,471.2,472.25,79563,EQ,4124.0,19.29,43720.0
2026-04-17,473.45,473.95,465.15,471.7,107705,EQ,7417.0,14.52,68185.0
2026-04-20,471.7,477.5,464.0,475.4,110850,EQ,7607.0,14.57,60029.0
2026-04-21,475.0,494.4,472.1,484.3,169237,EQ,8908.0,19.0,86076.0
2026-04-22,482.0,487.2,473.0,476.65,53520,EQ,4443.0,12.05,28559.0
2026-04-23,476.0,477.75,469.55,472.2,56601,EQ,4764.0,11.88,23835.0
2026-04-24,470.8,477.95,463.25,467.1,39760,EQ,3936.0,10.1,18126.0
2026-04-27,467.1,480.0,463.0,476.5,110255,EQ,8595.0,12.83,52476.0
2026-04-28,478.85,485.9,474.5,480.85,65048,EQ,4356.0,14.93,34962.0
2026-04-29,480.85,485.95,475.0,478.8,81559,EQ,5817.0,14.02,40605.0
2026-04-30,476.0,481.95,470.95,476.5,67917,EQ,6550.0,10.37,36629.0
2026-05-04,472.2,494.85,472.2,492.4,350170,EQ,11250.0,31.13,256153.0
2026-05-05,494.9,516.2,492.6,506.3,600112,EQ,22073.0,27.19,191477.0
2026-05-06,511.0,511.6,503.1,506.4,134523,EQ,12488.0,10.77,77578.0
2026-05-07,506.5,514.45,504.35,505.6,247643,EQ,22352.0,11.08,159242.0
2026-05-08,511.0,574.9,511.0,549.5,9341039,EQ,211743.0,44.11,1279017.0
2026-05-11,549.0,568.9,544.0,559.9,715474,EQ,27963.0,25.59,244405.0
2026-05-12,552.5,554.2,515.0,548.1,792074,EQ,35950.0,22.03,319892.0
2026-05-13,549.0,559.1,541.3,548.0,301485,EQ,14756.0,20.43,140720.0
2026-05-14,600.0,600.0,532.0,540.7,2855484,EQ,86583.0,32.98,511779.0
2026-05-15,534.9,549.05,522.5,528.85,391291,EQ,15547.0,25.17,183516.0
2026-05-18,522.5,523.0,505.0,507.4,284184,EQ,18395.0,15.45,120579.0
2026-05-19,506.9,513.2,504.2,508.4,174929,EQ,12328.0,14.19,83824.0
2026-05-20,507.4,520.45,495.7,518.3,298969,EQ,18725.0,15.97,155726.0
2026-05-21,525.05,537.35,525.05,528.8,436186,EQ,15507.0,28.13,293962.0
2026-05-22,528.0,528.1,515.05,518.95,138826,EQ,12382.0,11.21,70579.0
2026-05-25,527.0,527.0,513.15,524.5,123213,EQ,9724.0,12.67,63182.0
2026-05-26,526.5,544.0,524.7,540.85,477814,EQ,11022.0,43.35,350362.0
2026-05-27,543.6,549.1,534.0,536.15,139350,EQ,7988.0,17.44,78460.0
2026-05-29,531.0,565.0,531.0,555.35,460621,EQ,18416.0,25.01,306674.0
2026-06-01,560.0,560.0,535.05,540.85,149892,EQ,9205.0,16.28,70522.0
2026-06-02,540.85,549.95,528.9,541.5,189608,EQ,14736.0,12.87,102753.0
2026-06-03,538.0,541.7,527.05,536.15,72278,EQ,4821.0,14.99,38062.0
2026-06-04,530.1,551.0,530.1,544.15,212806,EQ,18676.0,11.39,99018.0
2026-06-05,544.15,554.2,530.4,533.2,163325,EQ,9745.0,16.76,84904.0
2026-06-08,520.0,538.8,520.0,529.65,81068,EQ,8417.0,9.63,38047.0
2026-06-09,537.05,539.0,529.4,535.55,54225,EQ,4394.0,12.34,29528.0
2026-06-10,538.7,539.65,522.05,524.45,63362,EQ,6846.0,9.26,37533.0
2026-06-11,522.1,537.3,515.0,520.15,122888,EQ,10909.0,11.26,57077.0
2026-06-12,524.95,533.3,520.1,530.7,66268,EQ,8580.0,7.72,33514.0
2026-06-15,539.85,539.9,523.25,525.9,115966,EQ,11293.0,10.27,69570.0
2026-06-16,529.0,556.6,524.9,534.15,638225,EQ,32492.0,19.64,251429.0
2026-06-17,538.4,559.85,538.0,545.6,384614,EQ,21489.0,17.9,176148.0
2026-06-18,546.4,559.2,536.0,542.5,241893,EQ,12889.0,18.77,112967.0
2026-06-19,540.0,556.55,540.0,552.75,227539,EQ,10095.0,22.54,109174.0
2026-06-22,555.9,558.8,526.0,540.5,468844,EQ,25462.0,18.41,236342.0
2026-06-23,537.6,551.35,537.6,543.25,140676,EQ,12491.0,11.26,67018.0
2026-06-24,543.25,558.8,538.6,553.2,190563,EQ,11022.0,17.29,121715.0
2026-06-25,557.9,563.5,540.65,543.35,198719,EQ,10143.0,19.59,84436.0
2026-06-29,544.3,554.6,516.25,523.8,1091828,EQ,44995.0,24.27,692051.0
2026-06-30,523.45,548.65,523.45,540.15,432142,EQ,31571.0,13.69,214146.0
2026-07-01,540.15,549.9,532.0,541.6,157115,EQ,13210,11.89,88072
2026-07-02,541.6,553.0,541.6,544.3,181046,EQ,11563,15.66,105176
2026-07-03,544.95,559.1,544.3,556.0,294637,EQ,15347,19.2,180703
2026-07-06,560.0,578.0,560.0,573.55,998403,EQ,33251,30.03,546956
2026-07-07,577.9,578.75,563.1,566.15,306105,EQ,20726,14.77,183412
2026-07-08,566.0,567.45,545.55,549.35,184558,EQ,15120,12.21,86531
2026-07-09,549.35,564.4,548.8,560.05,105938,EQ,9045,11.71,56219
2026-07-10,567.0,570.95,553.8,567.95,139878,EQ,12978,10.78,79997
2026-07-13,568.0,571.0,557.6,564.7,86216,EQ,10319,8.36,39371
2026-07-14,564.0,564.7,551.15,559.2,165976,EQ,15860,10.47,104178
2026-07-15,563.0,585.4,559.7,571.65,702141,EQ,33561,20.92,395288
2026-07-16,577.95,584.0,572.0,578.45,151118,EQ,8382,18.03,78465
2026-07-17,580.85,583.35,540.05,545.3,325071,EQ,18545,17.53,169216
2026-07-20,542.9,577.0,542.85,573.75,367019,EQ,19393,18.93,145619
2026-07-21,572.0,573.0,562.5,568.8,92882,EQ,7978,11.64,44632
2026-07-22,569.0,579.25,560.5,570.1,118276,EQ,7409,15.96,51762
2026-07-23,572.0,575.7,563.4,567.45,196999,EQ,8527,23.1,140460
2026-07-24,569.9,575.0,565.85,570.25,321877,EQ,9570,33.63,246537
2026-07-27,574.95,594.0,574.95,577.35,357337,EQ,18566,19.25,211317
2026-07-28,582.0,593.0,579.75,585.5,360255,EQ,19471,18.5,233300
2026-07-29,585.5,598.8,583.05,591.6,468565,EQ,18856,24.85,290839
2026-07-30,592.2,609.05,581.6,585.2,460563,EQ,22902,20.11,187026
2026-07-31,585.2,586.15,567.6,582.45,324208,EQ,25397,12.77,175643
2026-08-03,584.95,605.0,584.7,596.45,184833,EQ,11869,15.57,84643
2026-08-04,597.35,597.35,581.4,584.5,165890,EQ,9796,16.93,103921
2026-08-05,590.0,592.0,571.3,576.75,236725,EQ,13103,18.07,93316
2026-08-06,582.35,588.65,551.1,564.6,218066,EQ,10390,20.99,118813
2026-08-07,560.0,572.6,559.25,563.2,132288,EQ,11231,11.78,69850
2026-08-10,565.0,574.9,559.3,572.65,143107,EQ,8206,17.44,91228
2026-08-11,577.0,577.0,562.35,566.25,201904,EQ,11121,18.16,145327
2026-08-12,570.0,582.4,550.1,552.4,365205,EQ,17308,21.1,166239
2026-08-13,555.0,560.9,550.05,558.5,176823,EQ,16420,10.77,81523
2026-08-14,560.0,561.0,542.2,545.5,242030,EQ,17904,13.52,128583
2026-08-17,543.5,553.95,539.15,550.75,195173,EQ,9590,20.35,107946
2026-08-18,553.0,555.75,545.2,551.95,118593,EQ,5892,20.13,58675
2026-08-19,553.35,565.5,544.4,555.0,241847,EQ,12832,18.85,131547
2026-08-20,554.9,554.9,536.6,540.8,597186,EQ,28395,21.03,400907
2026-08-21,544.85,560.95,539.05,556.95,474638,EQ,12910,36.77,318158
