Date,Open,High,Low,Close,Volume,Series,TOTAL_TRADES,QTY_PER_TRADE,DLV_QTY
2007-02-15,124.95,131.25,111.05,117.5,8237003,EQ,,,
2007-02-19,122.25,122.85,111.75,113.7,1880488,EQ,,,
2007-02-20,116.25,120.5,108.8,110.35,1493893,EQ,,,
2007-02-21,111.25,112.25,103.4,104.4,1079762,EQ,,,
2007-02-22,105.0,108.25,102.9,105.1,885695,EQ,,,
2007-02-23,106.25,113.0,105.0,109.2,1662305,EQ,,,
2007-02-26,110.0,110.0,103.75,107.3,267934,EQ,,,
2007-02-27,108.6,111.1,105.0,105.45,216927,EQ,,,
2007-02-28,84.55,102.25,84.55,96.95,149452,EQ,,,
2007-03-01,97.15,99.75,93.0,93.8,100616,EQ,,,
2007-03-02,96.15,98.0,90.5,91.9,94193,EQ,,,
2007-03-05,90.0,90.0,80.0,84.3,114953,EQ,,,
2007-03-06,84.75,90.0,81.25,81.95,72620,EQ,,,
2007-03-07,83.1,85.4,82.25,83.35,74431,EQ,,,
2007-03-08,83.75,84.4,79.75,83.25,32906,EQ,,,
2007-03-09,83.0,85.0,81.0,81.45,32215,EQ,,,
2007-03-12,81.3,83.75,80.4,81.35,23199,EQ,,,
2007-03-13,81.5,96.15,81.5,92.35,225967,EQ,,,
2007-03-14,91.25,95.3,83.25,89.85,219233,EQ,,,
2007-03-15,90.5,99.05,90.5,97.0,168873,EQ,,,
2007-03-16,97.0,101.4,96.25,98.65,155291,EQ,,,
2007-03-19,99.5,102.2,96.5,97.95,43641,EQ,,,
2007-03-20,99.0,101.0,95.3,96.45,48447,EQ,,,
2007-03-21,96.0,97.5,93.5,94.6,23058,EQ,,,
2007-03-22,96.75,96.75,94.25,94.55,15746,EQ,,,
2007-03-23,92.5,96.95,91.55,92.85,24294,EQ,,,
2007-03-26,93.5,93.95,87.65,88.6,19962,EQ,,,
2007-03-28,87.75,87.75,82.0,83.35,26689,EQ,,,
2007-03-29,83.75,84.25,81.4,81.6,30015,EQ,,,
2007-03-30,82.25,88.95,82.1,84.2,47932,EQ,,,
2007-04-02,80.0,83.65,79.9,82.2,13909,EQ,,,
2007-04-03,84.95,84.95,82.25,82.5,10647,EQ,,,
2007-04-04,83.7,84.0,81.25,81.7,14321,EQ,,,
2007-04-05,81.25,83.6,81.25,82.1,9311,EQ,,,
2007-04-09,83.3,87.2,82.65,85.8,18241,EQ,,,
2007-04-10,85.25,87.0,85.15,85.9,11805,EQ,,,
2007-04-11,85.75,89.25,85.5,86.45,23640,EQ,,,
2007-04-12,85.3,86.75,85.3,85.5,8572,EQ,,,
2007-04-13,86.25,93.0,85.0,90.15,46634,EQ,,,
2007-04-16,91.0,93.75,89.0,90.35,18514,EQ,,,
2007-04-17,90.5,95.5,87.5,89.1,65013,EQ,,,
2007-04-18,90.75,93.5,88.75,89.85,80801,EQ,,,
2007-04-19,89.6,93.5,87.75,92.7,17426,EQ,,,
2007-04-20,93.7,94.5,92.5,92.55,9516,EQ,,,
2007-04-23,93.7,93.9,90.1,91.3,21162,EQ,,,
2007-04-24,91.6,92.0,89.3,90.25,15309,EQ,,,
2007-04-25,81.2,92.25,81.2,90.15,14848,EQ,,,
2007-04-26,90.1,92.05,88.8,90.0,24221,EQ,,,
2007-04-27,90.5,92.8,89.0,90.2,23598,EQ,,,
2007-04-30,90.0,94.45,88.8,93.3,24272,EQ,,,
2007-05-03,94.2,96.2,90.6,91.1,27315,EQ,,,
2007-05-04,92.4,92.4,88.75,89.05,9653,EQ,,,
2007-05-07,92.2,92.2,88.75,88.95,8048,EQ,,,
2007-05-08,89.25,91.5,87.5,89.7,13659,EQ,,,
2007-05-09,89.05,90.0,87.55,88.4,6701,EQ,,,
2007-05-10,88.4,91.0,84.0,85.0,16572,EQ,,,
2007-05-11,84.95,88.5,80.8,84.35,55102,EQ,,,
2007-05-14,87.0,90.75,85.75,88.85,36935,EQ,,,
2007-05-15,90.0,91.4,88.5,89.0,30209,EQ,,,
2007-05-16,89.3,93.75,88.0,89.8,51259,EQ,,,
2007-05-17,93.25,93.25,90.0,90.75,21755,EQ,,,
2007-05-18,91.3,93.0,88.8,89.2,33508,EQ,,,
2007-05-21,90.95,91.15,87.5,87.85,16215,EQ,,,
2007-05-22,88.7,92.2,85.6,90.2,24532,EQ,,,
2007-05-23,90.55,91.45,88.0,88.1,9854,EQ,,,
2007-05-24,89.45,89.45,85.65,86.35,6391,EQ,,,
2007-05-25,84.0,86.9,83.8,85.7,6791,EQ,,,
2007-05-28,86.5,87.2,85.5,85.8,4771,EQ,,,
2007-05-29,88.25,88.25,85.5,86.0,5299,EQ,,,
2007-05-30,84.95,86.85,84.5,84.9,6317,EQ,,,
2007-05-31,85.5,86.2,84.3,84.7,9377,EQ,,,
2007-06-01,84.8,89.85,84.75,88.95,47476,EQ,,,
2007-06-04,90.0,91.25,87.55,87.95,25138,EQ,,,
2007-06-05,87.15,88.1,85.8,86.4,8607,EQ,,,
2007-06-06,86.6,87.55,83.3,83.65,21570,EQ,,,
2007-06-07,83.4,85.3,82.8,83.55,20286,EQ,,,
2007-06-08,81.25,84.5,79.9,82.65,16682,EQ,,,
2007-06-11,85.7,85.7,81.25,81.4,8487,EQ,,,
2007-06-12,82.7,82.8,78.5,79.0,8091,EQ,,,
2007-06-13,79.65,80.75,78.95,79.2,4408,EQ,,,
2007-06-14,80.0,80.5,79.5,79.7,6685,EQ,,,
2007-06-15,81.85,81.85,79.3,79.65,4594,EQ,,,
2007-06-18,80.25,81.5,77.75,78.55,6407,EQ,,,
2007-06-19,78.75,79.95,78.0,78.4,7036,EQ,,,
2007-06-20,79.0,79.7,78.0,78.3,8615,EQ,,,
2007-06-21,75.65,83.35,75.65,80.2,34036,EQ,,,
2007-06-22,81.5,85.6,76.5,77.7,138957,EQ,,,
2007-06-25,82.45,82.5,76.9,77.6,66430,EQ,,,
2007-06-26,78.7,78.7,75.85,76.3,24755,EQ,,,
2007-06-27,87.5,87.5,75.4,75.7,12649,EQ,,,
2007-06-28,76.4,76.95,74.25,75.0,13030,EQ,,,
2007-06-29,75.0,75.75,73.5,73.8,17891,EQ,,,
2007-07-02,74.8,77.15,74.15,75.25,19317,EQ,,,
2007-07-03,76.45,76.5,75.25,75.6,26668,EQ,,,
2007-07-04,76.5,78.2,75.9,76.45,44246,EQ,,,
2007-07-05,76.5,76.95,74.5,75.15,15702,EQ,,,
2007-07-06,73.5,75.3,73.5,74.5,16584,EQ,,,
2007-07-09,76.95,79.95,75.25,76.35,39363,EQ,,,
2007-07-10,76.5,77.75,74.75,75.2,21084,EQ,,,
2007-07-11,75.0,76.2,74.5,74.85,9521,EQ,,,
2007-07-12,77.45,77.45,74.1,74.75,14516,EQ,,,
2007-07-13,77.0,87.15,75.0,79.45,348133,EQ,,,
2007-07-16,80.5,81.25,76.8,77.25,83150,EQ,,,
2007-07-17,78.1,80.25,74.75,75.2,74469,EQ,,,
2007-07-18,75.0,76.05,73.25,73.95,51817,EQ,,,
2007-07-19,74.45,75.45,72.5,72.85,41730,EQ,,,
2007-07-20,74.25,76.2,71.0,71.9,74130,EQ,,,
2007-07-23,70.15,71.95,69.7,70.05,34209,EQ,,,
2007-07-24,70.6,72.35,69.1,69.6,21133,EQ,,,
2007-07-25,69.25,70.5,66.95,67.8,48538,EQ,,,
2007-07-26,68.75,70.75,68.2,69.8,30356,EQ,,,
2007-07-27,67.0,68.95,66.75,67.05,21788,EQ,,,
2007-07-30,68.0,68.5,65.5,66.25,18487,EQ,,,
2007-07-31,67.25,69.5,66.4,67.8,26413,EQ,,,
2007-08-01,69.0,69.65,66.0,66.65,27154,EQ,,,
2007-08-02,67.25,68.2,65.3,65.7,11053,EQ,,,
2007-08-03,66.7,67.0,65.1,65.4,15684,EQ,,,
2007-08-06,65.25,65.25,63.0,63.3,18308,EQ,,,
2007-08-07,65.0,65.25,62.8,63.15,9225,EQ,,,
2007-08-08,64.45,75.8,64.45,73.15,394795,EQ,,,
2007-08-09,75.45,76.2,68.75,69.55,175967,EQ,,,
2007-08-10,67.5,70.0,65.8,67.45,32357,EQ,,,
2007-08-13,68.7,70.0,68.0,68.25,20297,EQ,,,
2007-08-14,68.95,75.5,67.5,72.05,144665,EQ,,,
2007-08-16,67.5,71.45,67.0,68.3,34715,EQ,,,
2007-08-17,67.75,69.45,64.5,66.3,38560,EQ,,,
2007-08-20,69.2,70.0,65.8,66.5,23467,EQ,,,
2007-08-21,67.5,67.7,63.25,63.65,29723,EQ,,,
2007-08-22,64.95,65.6,62.5,63.15,17672,EQ,,,
2007-08-23,64.25,66.5,62.5,62.8,29901,EQ,,,
2007-08-24,62.8,64.25,62.5,62.9,16876,EQ,,,
2007-08-27,64.0,65.0,63.5,63.85,15106,EQ,,,
2007-08-28,64.95,66.0,63.5,64.1,9440,EQ,,,
2007-08-29,62.0,66.75,61.5,64.65,25577,EQ,,,
2007-08-30,66.2,66.2,63.8,64.5,17679,EQ,,,
2007-08-31,64.75,68.0,64.35,66.7,88608,EQ,,,
2007-09-03,66.95,67.0,65.1,65.5,24772,EQ,,,
2007-09-04,66.1,66.4,65.0,65.2,20764,EQ,,,
2007-09-05,65.75,67.45,64.5,65.3,38111,EQ,,,
2007-09-06,65.45,67.35,65.05,65.5,37530,EQ,,,
2007-09-07,66.25,66.25,64.4,64.6,21189,EQ,,,
2007-09-10,64.2,66.5,64.2,64.7,66095,EQ,,,
2007-09-11,63.85,65.75,63.8,65.0,43402,EQ,,,
2007-09-12,65.5,65.95,64.0,64.2,13948,EQ,,,
2007-09-13,64.0,66.95,64.0,66.2,122559,EQ,,,
2007-09-14,67.5,73.2,67.5,69.4,269205,EQ,,,
2007-09-17,70.0,75.4,70.0,72.45,268412,EQ,,,
2007-09-18,72.55,74.1,71.5,72.6,130571,EQ,,,
2007-09-19,73.95,75.0,71.15,71.5,72167,EQ,,,
2007-09-20,72.2,72.2,68.75,69.3,38971,EQ,,,
2007-09-21,69.0,71.0,67.4,67.85,37378,EQ,,,
2007-09-24,69.2,69.75,65.75,66.4,40853,EQ,,,
2007-09-25,67.25,67.45,64.75,65.3,38315,EQ,,,
2007-09-26,66.2,67.5,65.4,66.95,37414,EQ,,,
2007-09-27,69.0,69.3,66.75,67.0,45170,EQ,,,
2007-09-28,67.75,67.75,66.35,67.0,20546,EQ,,,
2007-10-01,67.7,69.25,66.0,66.7,27326,EQ,,,
2007-10-03,66.75,69.25,66.25,66.6,47463,EQ,,,
2007-10-04,67.0,67.35,66.0,66.5,13840,EQ,,,
2007-10-05,65.3,66.95,65.1,65.35,14663,EQ,,,
2007-10-08,65.75,65.75,62.0,62.5,27887,EQ,,,
2007-10-09,61.5,63.5,61.5,62.9,13501,EQ,,,
2007-10-10,63.75,64.95,62.4,62.9,19402,EQ,,,
2007-10-11,62.5,65.95,62.0,64.25,25734,EQ,,,
2007-10-12,64.0,66.25,62.75,63.2,19760,EQ,,,
2007-10-15,63.75,64.95,63.1,63.45,14872,EQ,,,
2007-10-16,62.75,64.6,62.75,63.05,13998,EQ,,,
2007-10-17,54.2,62.15,54.2,60.6,24323,EQ,,,
2007-10-18,61.25,64.95,60.0,60.8,40988,EQ,,,
2007-10-19,61.3,62.0,57.75,58.3,21496,EQ,,,
2007-10-22,57.5,58.95,56.75,57.4,17854,EQ,,,
2007-10-23,58.5,60.25,58.5,59.5,13551,EQ,,,
2007-10-24,60.5,60.9,59.3,59.55,8212,EQ,,,
2007-10-25,58.8,61.5,58.4,58.8,18065,EQ,,,
2007-10-26,61.65,61.65,58.75,59.15,12838,EQ,,,
2007-10-29,62.2,62.25,59.5,60.7,39984,EQ,,,
2007-10-30,61.9,61.9,58.75,59.15,23055,EQ,,,
2007-10-31,59.5,60.3,57.75,58.1,16399,EQ,,,
2007-11-01,59.75,59.75,55.75,56.4,48979,EQ,,,
2007-11-02,56.0,56.0,54.5,54.9,15684,EQ,,,
2007-11-05,53.8,59.1,53.8,55.15,23748,EQ,,,
2007-11-06,56.95,57.0,53.75,53.9,13089,EQ,,,
2007-11-07,54.75,55.0,51.5,52.2,15991,EQ,,,
2007-11-08,51.75,53.0,50.15,51.15,21657,EQ,,,
2007-11-09,52.5,52.5,50.3,51.35,3831,EQ,,,
2007-11-12,51.5,55.25,50.5,53.6,16318,EQ,,,
2007-11-13,54.1,56.55,53.8,54.45,23607,EQ,,,
2007-11-14,55.05,57.0,54.0,55.1,88695,EQ,,,
2007-11-15,54.1,56.0,54.05,54.3,16277,EQ,,,
2007-11-16,55.0,57.75,54.5,55.55,34586,EQ,,,
2007-11-19,56.45,58.0,56.3,56.7,19839,EQ,,,
2007-11-20,57.75,64.0,57.7,60.2,62250,EQ,,,
2007-11-21,62.45,67.3,60.5,65.45,116332,EQ,,,
2007-11-22,66.5,67.5,59.55,60.35,63328,EQ,,,
2007-11-23,62.0,63.75,60.0,60.35,21909,EQ,,,
2007-11-26,62.0,62.0,59.4,59.85,7548,EQ,,,
2007-11-27,60.0,65.5,60.0,63.2,33954,EQ,,,
2007-11-28,63.75,64.75,61.0,61.3,7226,EQ,,,
2007-11-29,62.25,62.25,59.55,60.0,9417,EQ,,,
2007-11-30,62.2,62.25,59.0,59.25,13841,EQ,,,
2007-12-03,60.4,60.5,59.0,59.9,13653,EQ,,,
2007-12-04,60.1,62.15,59.25,59.95,39947,EQ,,,
2007-12-05,61.1,67.4,60.6,65.35,100314,EQ,,,
2007-12-06,67.95,72.5,67.0,68.8,152008,EQ,,,
2007-12-07,73.75,73.75,66.3,67.35,66738,EQ,,,
2007-12-10,67.5,69.45,66.0,67.7,34884,EQ,,,
2007-12-11,68.1,71.25,67.75,68.35,42804,EQ,,,
2007-12-12,65.25,72.75,58.75,70.6,77501,EQ,,,
2007-12-13,72.25,73.25,68.8,69.9,45109,EQ,,,
2007-12-14,71.0,71.65,68.75,68.95,31885,EQ,,,
2007-12-17,68.75,71.65,65.0,66.1,31670,EQ,,,
2007-12-18,65.5,67.45,65.0,65.45,15547,EQ,,,
2007-12-19,66.85,68.0,65.05,65.7,16976,EQ,,,
2007-12-20,65.05,67.0,63.5,64.3,15902,EQ,,,
2007-12-24,65.75,65.75,63.75,64.35,10519,EQ,,,
2007-12-26,65.75,67.45,65.0,65.2,21489,EQ,,,
2007-12-27,64.95,66.75,64.95,65.7,10501,EQ,,,
2007-12-28,65.0,72.2,65.0,70.3,94276,EQ,,,
2007-12-31,72.45,75.0,70.3,72.95,149962,EQ,,,
2008-01-01,73.7,74.95,72.0,72.75,45061,EQ,,,
2008-01-02,73.5,74.5,71.5,72.4,34705,EQ,,,
2008-01-03,72.95,86.9,72.05,86.9,893028,EQ,,,
2008-01-04,89.7,91.75,79.3,80.1,232966,EQ,,,
2008-01-07,79.5,83.3,78.75,79.4,78465,EQ,,,
2008-01-08,82.5,84.5,76.25,77.7,89816,EQ,,,
2008-01-09,77.75,77.75,75.65,76.15,44295,EQ,,,
2008-01-10,76.95,83.75,71.8,72.9,92034,EQ,,,
2008-01-11,73.5,74.25,68.05,71.0,28108,EQ,,,
2008-01-14,72.4,77.35,71.3,73.8,66536,EQ,,,
2008-01-15,76.2,76.95,71.3,72.4,29699,EQ,,,
2008-01-16,72.75,72.95,69.1,70.3,17219,EQ,,,
2008-01-17,71.45,71.95,68.8,69.8,17947,EQ,,,
2008-01-18,68.75,70.95,64.5,65.05,21457,EQ,,,
2008-01-21,63.75,63.75,52.05,52.6,30814,EQ,,,
2008-01-22,51.75,51.75,42.1,43.15,21015,EQ,,,
2008-01-23,47.0,47.5,43.9,47.5,14939,EQ,,,
2008-01-24,51.7,52.2,46.3,48.55,24985,EQ,,,
2008-01-25,50.2,52.0,50.0,51.0,12997,EQ,,,
2008-01-28,50.45,51.25,47.0,50.6,10755,EQ,,,
2008-01-29,52.0,52.75,49.5,50.05,11407,EQ,,,
2008-01-30,49.6,51.1,49.5,49.7,8638,EQ,,,
2008-01-31,47.65,49.5,47.5,48.5,6819,EQ,,,
2008-02-01,47.75,49.65,47.5,48.6,8097,EQ,,,
2008-02-04,49.0,51.75,49.0,49.95,20771,EQ,,,
2008-02-05,49.75,52.0,49.7,50.4,17779,EQ,,,
2008-02-06,48.5,50.0,45.5,49.6,14272,EQ,,,
2008-02-07,49.9,51.15,48.5,48.95,9416,EQ,,,
2008-02-08,48.5,49.45,47.0,47.35,10448,EQ,,,
2008-02-11,46.75,47.15,42.65,45.0,21718,EQ,,,
2008-02-12,45.0,46.2,43.5,45.35,8890,EQ,,,
2008-02-13,45.6,46.0,43.05,43.9,6959,EQ,,,
2008-02-14,46.1,46.5,44.9,46.15,6416,EQ,,,
2008-02-15,45.75,47.75,44.1,47.35,5706,EQ,,,
2008-02-18,47.0,48.25,47.0,47.65,6177,EQ,,,
2008-02-19,47.8,49.0,47.5,47.75,5283,EQ,,,
2008-02-20,47.25,48.6,46.75,48.1,3938,EQ,,,
2008-02-21,47.75,48.6,46.25,47.1,6039,EQ,,,
2008-02-22,47.0,47.65,46.25,46.6,3523,EQ,,,
2008-02-25,48.6,48.6,45.75,46.7,5029,EQ,,,
2008-02-26,48.25,48.6,46.75,47.15,3811,EQ,,,
2008-02-27,47.7,48.0,47.3,47.6,6358,EQ,,,
2008-02-28,47.75,48.2,46.5,47.4,4758,EQ,,,
2008-02-29,47.5,49.4,47.25,47.6,14288,EQ,,,
2008-03-03,46.95,46.95,43.5,44.9,5965,EQ,,,
2008-03-04,44.1,44.7,43.15,43.8,5197,EQ,,,
2008-03-05,43.75,44.25,43.4,43.4,5913,EQ,,,
2008-03-07,41.6,42.25,40.0,40.8,26143,EQ,,,
2008-03-10,40.0,40.0,35.5,39.2,7357,EQ,,,
2008-03-11,39.5,41.0,39.25,40.5,8709,EQ,,,
2008-03-12,42.5,44.95,40.9,41.3,6095,EQ,,,
2008-03-13,40.0,40.4,37.75,37.95,6910,EQ,,,
2008-03-14,39.95,39.95,37.0,37.6,7204,EQ,,,
2008-03-17,38.5,38.5,33.75,34.8,10390,EQ,,,
2008-03-18,34.85,35.9,33.85,34.4,9883,EQ,,,
2008-03-19,35.7,35.7,31.75,32.75,10314,EQ,,,
2008-03-24,33.95,34.0,29.0,30.2,32513,EQ,,,
2008-03-25,31.7,33.1,31.15,32.35,12964,EQ,,,
2008-03-26,32.0,33.15,31.25,31.5,16487,EQ,,,
2008-03-27,31.0,31.9,30.75,31.3,17303,EQ,,,
2008-03-28,35.0,36.0,31.55,34.4,24966,EQ,,,
2008-03-31,34.5,36.5,33.4,34.45,13874,EQ,,,
2008-04-01,35.0,35.5,33.05,35.15,10777,EQ,,,
2008-04-02,35.5,37.75,35.5,35.95,12689,EQ,,,
2008-04-03,36.25,36.85,34.75,35.15,6094,EQ,,,
2008-04-04,35.4,36.7,34.1,34.4,3891,EQ,,,
2008-04-07,39.9,39.9,34.2,34.65,5648,EQ,,,
2008-04-08,33.75,36.5,33.75,35.7,10298,EQ,,,
2008-04-09,35.65,37.0,35.65,36.45,8149,EQ,,,
2008-04-10,36.5,37.25,35.75,36.3,8795,EQ,,,
2008-04-11,38.0,38.0,36.15,36.2,4912,EQ,,,
2008-04-15,35.5,38.5,35.4,37.8,13089,EQ,,,
2008-04-16,37.65,41.6,37.65,39.8,24094,EQ,,,
2008-04-17,40.4,41.5,39.55,40.0,12656,EQ,,,
2008-04-21,40.6,41.45,40.5,40.8,8728,EQ,,,
2008-04-22,40.05,41.45,40.0,40.65,7619,EQ,,,
2008-04-23,40.55,44.0,40.55,42.4,16405,EQ,,,
2008-04-24,43.2,44.0,41.55,42.15,12205,EQ,,,
2008-04-25,41.5,42.25,40.45,41.0,4562,EQ,,,
2008-04-28,41.25,41.25,40.25,40.5,7015,EQ,,,
2008-04-29,40.25,40.75,40.0,40.2,5135,EQ,,,
2008-04-30,40.3,41.0,39.9,40.3,5614,EQ,,,
2008-05-02,40.15,41.0,40.15,40.85,5891,EQ,,,
2008-05-05,40.15,42.45,40.15,41.65,6084,EQ,,,
2008-05-06,42.35,42.5,40.0,40.4,39207,EQ,,,
2008-05-07,40.75,42.4,40.5,40.75,13211,EQ,,,
2008-05-08,40.5,41.0,40.05,40.4,5718,EQ,,,
2008-05-09,40.75,40.9,38.75,38.95,4545,EQ,,,
2008-05-12,38.75,38.75,37.4,37.9,4968,EQ,,,
2008-05-13,40.0,40.0,37.25,37.5,5193,EQ,,,
2008-05-14,37.25,38.5,37.25,37.95,4858,EQ,,,
2008-05-15,38.75,40.0,38.5,39.5,8598,EQ,,,
2008-05-16,40.0,40.9,38.75,39.8,4326,EQ,,,
2008-05-20,38.8,40.25,37.9,39.7,2767,EQ,,,
2008-05-21,38.6,42.2,38.6,41.6,14706,EQ,,,
2008-05-22,41.25,42.5,41.0,41.85,8862,EQ,,,
2008-05-23,42.0,42.25,40.25,40.4,3224,EQ,,,
2008-05-26,38.1,39.5,38.1,39.0,5975,EQ,,,
2008-05-27,39.4,40.0,38.5,38.75,9587,EQ,,,
2008-05-28,39.65,39.65,36.5,37.15,8877,EQ,,,
2008-05-29,37.75,38.0,36.75,36.9,3163,EQ,,,
2008-05-30,36.7,36.8,35.9,36.15,3642,EQ,,,
2008-06-02,37.0,37.5,35.5,35.95,3566,EQ,,,
2008-06-03,34.75,36.2,33.8,34.7,4078,EQ,,,
2008-06-04,33.8,35.25,33.75,34.4,3421,EQ,,,
2008-06-05,33.6,34.9,33.5,34.4,4259,EQ,,,
2008-06-06,34.25,34.75,34.0,34.4,2117,EQ,,,
2008-06-09,33.55,33.55,27.8,31.2,15954,EQ,,,
2008-06-10,30.4,32.0,29.75,30.0,6506,EQ,,,
2008-06-11,31.25,31.25,30.0,31.15,3953,EQ,,,
2008-06-12,30.6,31.75,30.5,31.4,3013,EQ,,,
2008-06-13,31.4,32.5,31.4,32.05,1707,EQ,,,
2008-06-16,33.0,34.0,32.2,33.5,4429,EQ,,,
2008-06-17,33.75,34.2,32.8,33.55,4195,EQ,,,
2008-06-18,33.85,34.7,33.0,33.5,3743,EQ,,,
2008-06-19,32.5,33.7,31.8,32.1,8350,EQ,,,
2008-06-20,32.75,32.75,29.5,30.15,15184,EQ,,,
2008-06-23,30.0,30.95,28.9,29.4,4777,EQ,,,
2008-06-24,30.0,30.7,28.05,28.4,6838,EQ,,,
2008-06-25,28.0,29.0,27.0,27.25,9755,EQ,,,
2008-06-26,28.5,28.5,27.3,27.4,7882,EQ,,,
2008-06-27,27.25,27.25,25.25,26.0,9303,EQ,,,
2008-06-30,26.85,26.85,23.75,24.3,7049,EQ,,,
2008-07-01,24.5,24.5,22.5,22.9,11906,EQ,,,
2008-07-02,22.75,23.75,22.4,23.75,6903,EQ,,,
2008-07-03,23.75,26.0,23.0,23.4,37207,EQ,,,
2008-07-04,24.2,24.5,23.05,23.5,11292,EQ,,,
2008-07-07,24.0,24.05,23.0,23.2,6495,EQ,,,
2008-07-08,23.0,24.0,22.5,23.3,3449,EQ,,,
2008-07-09,23.5,24.25,23.5,23.7,10988,EQ,,,
2008-07-10,23.75,23.75,22.0,22.55,57873,EQ,,,
2008-07-11,22.25,23.7,22.25,22.8,11297,EQ,,,
2008-07-14,23.0,23.05,22.4,22.65,5082,EQ,,,
2008-07-15,21.8,22.55,21.4,21.8,5395,EQ,,,
2008-07-16,23.0,23.0,21.55,21.75,10842,EQ,,,
2008-07-17,22.5,23.5,21.9,22.55,110061,EQ,,,
2008-07-18,23.0,24.9,23.0,23.9,95459,EQ,,,
2008-07-21,23.8,24.35,23.4,23.55,10969,EQ,,,
2008-07-22,23.25,25.8,23.25,24.45,102653,EQ,,,
2008-07-23,25.75,27.5,25.0,26.9,23769,EQ,,,
2008-07-24,27.5,28.75,25.35,25.6,15419,EQ,,,
2008-07-25,26.0,26.5,24.25,25.9,6733,EQ,,,
2008-07-28,25.55,29.2,25.55,27.9,23710,EQ,,,
2008-07-29,27.1,28.2,25.25,25.6,12219,EQ,,,
2008-07-30,26.15,26.8,26.0,26.2,9271,EQ,,,
2008-07-31,25.3,26.25,25.0,25.6,2319,EQ,,,
2008-08-01,25.05,26.9,25.0,26.35,24666,EQ,,,
2008-08-04,25.9,27.0,25.65,26.0,2596,EQ,,,
2008-08-05,26.1,26.6,25.3,25.65,13715,EQ,,,
2008-08-06,26.6,26.6,25.3,25.6,10827,EQ,,,
2008-08-07,25.6,30.7,25.6,30.7,157807,EQ,,,
2008-08-08,32.0,32.75,28.15,28.6,211494,EQ,,,
2008-08-11,29.0,31.9,27.4,30.55,103918,EQ,,,
2008-08-12,30.6,30.75,28.25,29.25,36905,EQ,,,
2008-08-13,28.75,29.4,28.1,28.25,27840,EQ,,,
2008-08-14,27.9,28.5,27.0,27.3,17270,EQ,,,
2008-08-18,27.0,27.85,26.25,26.45,14146,EQ,,,
2008-08-19,26.1,26.6,25.75,26.2,14781,EQ,,,
2008-08-20,26.25,27.35,26.0,26.45,8629,EQ,,,
2008-08-21,26.0,27.0,25.65,25.95,9298,EQ,,,
2008-08-22,26.0,26.25,25.5,25.55,5200,EQ,,,
2008-08-25,26.0,27.9,25.6,27.05,57642,EQ,,,
2008-08-26,26.9,29.2,26.9,27.5,89226,EQ,,,
2008-08-27,27.0,27.75,26.3,26.5,19062,EQ,,,
2008-08-28,26.9,26.9,25.5,25.65,11048,EQ,,,
2008-08-29,26.6,27.2,25.75,26.0,34476,EQ,,,
2008-09-01,25.9,26.35,25.4,25.7,9190,EQ,,,
2008-09-02,26.25,27.0,25.65,25.8,21573,EQ,,,
2008-09-04,26.0,27.5,26.0,26.5,18147,EQ,,,
2008-09-05,26.0,27.0,26.0,26.2,8570,EQ,,,
2008-09-08,26.5,27.75,26.5,27.2,24664,EQ,,,
2008-09-09,26.75,27.75,26.45,27.5,10268,EQ,,,
2008-09-10,27.4,31.1,27.15,29.0,105648,EQ,,,
2008-09-11,28.4,30.25,28.25,28.7,56061,EQ,,,
2008-09-12,28.75,29.05,28.05,28.5,10216,EQ,,,
2008-09-15,27.05,27.5,25.4,25.9,14067,EQ,,,
2008-09-16,24.75,26.25,23.45,25.8,6122,EQ,,,
2008-09-17,25.9,26.6,25.5,25.85,14296,EQ,,,
2008-09-18,24.75,25.2,24.0,24.55,5449,EQ,,,
2008-09-19,24.9,27.1,24.9,25.5,6441,EQ,,,
2008-09-22,25.2,26.75,25.2,25.35,8027,EQ,,,
2008-09-23,25.5,25.95,24.75,25.0,3323,EQ,,,
2008-09-24,25.25,25.85,24.8,25.0,3868,EQ,,,
2008-09-25,25.55,25.6,24.25,24.45,2976,EQ,,,
2008-09-26,24.3,24.7,23.1,23.25,7571,EQ,,,
2008-09-29,23.25,23.25,21.25,21.5,4516,EQ,,,
2008-09-30,20.75,20.75,19.0,20.15,20142,EQ,,,
2008-10-01,20.6,21.25,20.5,21.05,5305,EQ,,,
2008-10-03,20.45,21.25,20.45,20.75,1849,EQ,,,
2008-10-06,20.5,20.5,17.8,18.0,7734,EQ,,,
2008-10-07,18.25,19.5,17.3,17.7,10019,EQ,,,
2008-10-08,17.0,17.4,16.0,16.7,6103,EQ,,,
2008-10-10,16.5,18.0,16.0,16.3,11721,EQ,,,
2008-10-13,15.05,19.25,15.05,16.25,6243,EQ,,,
2008-10-14,17.45,18.7,16.5,16.7,10698,EQ,,,
2008-10-15,16.25,16.8,15.5,15.8,9796,EQ,,,
2008-10-16,15.0,16.25,14.55,15.35,5108,EQ,,,
2008-10-17,15.75,16.2,15.0,15.7,16819,EQ,,,
2008-10-20,15.5,16.5,15.3,16.25,4803,EQ,,,
2008-10-21,16.5,16.9,16.0,16.4,1556,EQ,,,
2008-10-22,17.45,17.45,16.2,16.2,3284,EQ,,,
2008-10-23,16.9,16.9,12.95,12.95,67090,EQ,,,
2008-10-24,12.95,13.5,12.0,12.75,12341,EQ,,,
2008-10-27,12.75,13.2,10.7,11.0,9380,EQ,,,
2008-10-28,11.1,11.95,11.1,11.7,2041,EQ,,,
2008-10-29,10.4,14.05,10.4,13.9,18227,EQ,,,
2008-10-31,15.25,15.95,13.35,13.75,6540,EQ,,,
2008-11-03,14.2,15.25,13.8,15.0,11112,EQ,,,
2008-11-04,14.5,15.25,14.3,14.55,15851,EQ,,,
2008-11-05,14.0,16.25,14.0,15.45,10028,EQ,,,
2008-11-06,14.05,15.75,14.05,15.3,3051,EQ,,,
2008-11-07,15.0,16.8,15.0,16.1,5404,EQ,,,
2008-11-10,15.55,17.25,15.55,16.3,4872,EQ,,,
2008-11-11,15.5,16.4,15.5,16.05,4533,EQ,,,
2008-11-12,15.6,16.1,15.6,15.95,1713,EQ,,,
2008-11-14,15.95,16.6,15.8,15.9,5190,EQ,,,
2008-11-17,16.0,16.15,15.45,15.55,3754,EQ,,,
2008-11-18,14.6,16.25,14.55,15.7,4190,EQ,,,
2008-11-19,15.6,16.25,15.5,15.8,2450,EQ,,,
2008-11-20,14.3,15.75,14.3,15.7,5704,EQ,,,
2008-11-21,15.5,16.25,15.0,15.55,918,EQ,,,
2008-11-24,15.5,16.75,15.5,16.05,6792,EQ,,,
2008-11-25,16.1,16.25,15.5,16.0,1877,EQ,,,
2008-11-26,16.0,16.0,15.4,15.6,924,EQ,,,
2008-11-28,15.25,15.45,15.0,15.15,812,EQ,,,
2008-12-01,15.5,15.85,15.3,15.4,1589,EQ,,,
2008-12-02,15.25,15.4,14.5,15.0,511,EQ,,,
2008-12-03,15.0,15.0,14.55,14.8,1167,EQ,,,
2008-12-04,14.6,15.2,14.55,15.0,986,EQ,,,
2008-12-05,14.9,15.05,14.5,14.7,3049,EQ,,,
2008-12-08,14.9,15.2,14.8,14.95,13130,EQ,,,
2008-12-10,15.25,15.75,15.05,15.6,4916,EQ,,,
2008-12-11,15.25,16.25,15.25,16.0,2781,EQ,,,
2008-12-12,15.6,16.6,15.6,16.4,4954,EQ,,,
2008-12-15,17.5,18.05,16.0,17.95,28588,EQ,,,
2008-12-16,19.25,19.25,17.25,18.1,23326,EQ,,,
2008-12-17,17.75,18.45,16.4,16.4,8265,EQ,,,
2008-12-18,17.2,17.2,15.55,16.95,6905,EQ,,,
2008-12-19,17.1,17.25,16.3,16.8,2243,EQ,,,
2008-12-22,17.25,17.25,15.9,16.05,8737,EQ,,,
2008-12-23,15.6,16.1,15.6,15.95,1849,EQ,,,
2008-12-24,15.5,16.0,15.4,15.6,1885,EQ,,,
2008-12-26,15.6,16.9,15.5,16.5,5372,EQ,,,
2008-12-29,16.5,16.5,15.3,15.8,1507,EQ,,,
2008-12-30,16.0,17.05,16.0,16.3,920,EQ,,,
2008-12-31,16.25,16.75,16.25,16.45,514,EQ,,,
2009-01-01,16.4,17.8,16.25,17.3,8608,EQ,,,
2009-01-02,17.05,17.9,16.85,17.0,3833,EQ,,,
2009-01-05,17.25,17.7,16.55,17.4,3422,EQ,,,
2009-01-06,16.8,18.25,16.25,16.7,7032,EQ,,,
2009-01-07,16.35,17.25,15.0,15.25,5917,EQ,,,
2009-01-09,15.25,16.25,14.4,15.2,3727,EQ,,,
2009-01-12,14.95,15.05,14.5,14.6,3688,EQ,,,
2009-01-13,14.75,15.0,14.25,14.4,1077,EQ,,,
2009-01-14,14.25,14.5,14.1,14.3,3684,EQ,,,
2009-01-15,13.75,14.5,13.3,14.05,1900,EQ,,,
2009-01-16,13.5,13.85,12.6,13.05,19855,EQ,,,
2009-01-19,13.95,13.95,13.25,13.4,1215,EQ,,,
2009-01-20,12.75,13.4,12.75,13.2,1564,EQ,,,
2009-01-21,13.9,13.9,12.55,12.7,2157,EQ,,,
2009-01-22,12.6,13.15,10.5,11.4,19218,EQ,,,
2009-01-23,11.2,12.6,11.1,12.4,8823,EQ,,,
2009-01-27,12.0,12.5,11.8,12.35,2508,EQ,,,
2009-01-28,11.8,13.5,11.8,12.2,4024,EQ,,,
2009-01-29,12.5,12.5,11.8,11.9,2550,EQ,,,
2009-01-30,11.6,11.6,11.3,11.45,4952,EQ,,,
2009-02-02,11.6,12.0,11.0,11.5,8702,EQ,,,
2009-02-03,11.4,11.5,11.1,11.35,1821,EQ,,,
2009-02-04,11.4,11.6,11.35,11.45,1967,EQ,,,
2009-02-05,11.45,11.5,11.3,11.4,4133,EQ,,,
2009-02-06,11.1,11.5,11.1,11.4,1385,EQ,,,
2009-02-09,11.4,11.4,11.0,11.25,9225,EQ,,,
2009-02-10,11.1,11.5,11.05,11.3,4381,EQ,,,
2009-02-11,10.4,12.2,10.4,11.75,12591,EQ,,,
2009-02-12,11.6,11.6,11.3,11.35,7916,EQ,,,
2009-02-13,11.95,11.95,11.4,11.6,2337,EQ,,,
2009-02-16,11.5,13.9,11.5,12.2,20068,EQ,,,
2009-02-17,12.45,12.45,11.1,11.6,3944,EQ,,,
2009-02-18,11.6,11.65,11.4,11.4,3311,EQ,,,
2009-02-19,11.4,11.45,11.0,11.1,9742,EQ,,,
2009-02-20,10.3,11.25,10.3,10.7,3286,EQ,,,
2009-02-24,10.0,11.0,10.0,10.4,2600,EQ,,,
2009-02-25,10.75,10.75,10.1,10.3,3431,EQ,,,
2009-02-26,10.45,10.45,9.65,10.0,6449,EQ,,,
2009-02-27,10.1,10.4,10.0,10.1,4715,EQ,,,
2009-03-02,9.75,10.25,9.75,10.05,1332,EQ,,,
2009-03-03,10.0,10.4,10.0,10.05,2142,EQ,,,
2009-03-04,9.95,10.05,9.55,9.75,1419,EQ,,,
2009-03-05,9.75,9.75,9.0,9.25,4536,EQ,,,
2009-03-06,9.25,9.95,9.1,9.4,2331,EQ,,,
2009-03-09,9.1,10.2,9.1,9.5,1683,EQ,,,
2009-03-12,10.0,10.0,9.4,9.6,2696,EQ,,,
2009-03-13,9.3,11.2,9.3,10.4,6430,EQ,,,
2009-03-16,10.4,11.45,9.8,10.9,4788,EQ,,,
2009-03-17,10.9,11.35,10.45,10.95,6865,EQ,,,
2009-03-18,10.35,11.25,10.35,10.85,3994,EQ,,,
2009-03-19,10.75,10.9,10.1,10.5,2082,EQ,,,
2009-03-20,10.3,11.35,10.3,10.95,6339,EQ,,,
2009-03-23,12.1,12.1,11.1,11.35,6554,EQ,,,
2009-03-24,11.4,13.0,11.3,11.95,17019,EQ,,,
2009-03-25,11.6,12.45,11.25,11.8,7954,EQ,,,
2009-03-26,12.0,12.2,11.6,11.9,2500,EQ,,,
2009-03-27,11.9,12.0,11.55,11.7,5442,EQ,,,
2009-03-30,12.0,12.0,11.1,11.4,4837,EQ,,,
2009-03-31,11.3,11.45,11.1,11.2,2642,EQ,,,
2009-04-01,11.1,12.2,11.0,11.8,3124,EQ,,,
2009-04-02,11.9,13.0,11.75,12.7,12246,EQ,,,
2009-04-06,13.0,13.25,12.5,12.75,2479,EQ,,,
2009-04-08,11.6,14.5,11.6,13.85,14760,EQ,,,
2009-04-09,14.15,14.2,13.2,13.7,11358,EQ,,,
2009-04-13,13.0,15.75,13.0,15.1,14138,EQ,,,
2009-04-15,15.1,16.75,15.0,16.05,11850,EQ,,,
2009-04-16,18.5,18.5,15.0,15.2,12954,EQ,,,
2009-04-17,15.3,15.75,14.75,15.0,5791,EQ,,,
2009-04-20,15.0,15.9,14.8,15.2,9046,EQ,,,
2009-04-21,14.6,15.35,14.5,14.8,2051,EQ,,,
2009-04-22,14.35,15.25,14.3,14.7,4793,EQ,,,
2009-04-23,14.5,15.0,14.0,14.9,1523,EQ,,,
2009-04-24,13.1,17.0,13.1,15.2,17340,EQ,,,
2009-04-27,15.85,15.85,15.0,15.05,4515,EQ,,,
2009-04-28,15.1,15.1,14.4,14.5,2202,EQ,,,
2009-04-29,14.4,14.75,14.1,14.55,916,EQ,,,
2009-05-04,13.95,16.7,13.95,15.7,30931,EQ,,,
2009-05-05,15.5,15.75,15.1,15.6,3431,EQ,,,
2009-05-06,15.5,16.0,15.1,15.4,11139,EQ,,,
2009-05-07,15.6,16.6,15.2,16.25,10259,EQ,,,
2009-05-08,15.75,16.4,15.25,15.6,7737,EQ,,,
2009-05-11,15.9,16.0,14.5,15.2,1862,EQ,,,
2009-05-12,15.1,15.5,14.8,15.0,2307,EQ,,,
2009-05-13,15.1,15.5,14.8,15.1,2418,EQ,,,
2009-05-14,14.0,17.85,13.35,14.9,2589,EQ,,,
2009-05-15,15.4,15.75,15.0,15.5,2943,EQ,,,
2009-05-19,18.5,18.5,15.5,16.55,13628,EQ,,,
2009-05-20,16.75,19.85,16.75,19.25,22578,EQ,,,
2009-05-21,20.0,20.8,19.0,19.4,21873,EQ,,,
2009-05-22,20.25,21.0,19.5,20.55,19721,EQ,,,
2009-05-25,20.8,24.7,20.8,24.7,118187,EQ,,,
2009-05-26,25.25,26.0,22.4,22.6,64917,EQ,,,
2009-05-27,23.9,24.4,22.9,24.0,24506,EQ,,,
2009-05-28,23.9,25.4,23.4,24.2,15195,EQ,,,
2009-05-29,24.0,26.0,23.9,24.5,20999,EQ,,,
2009-06-01,25.25,25.25,22.75,24.1,18651,EQ,,,
2009-06-02,24.5,24.7,22.8,23.05,21210,EQ,,,
2009-06-03,22.55,24.75,22.55,24.3,33035,EQ,,,
2009-06-04,24.9,25.8,24.25,25.0,50587,EQ,,,
2009-06-05,26.0,26.5,23.75,24.1,32975,EQ,,,
2009-06-08,24.1,24.1,21.7,21.9,17702,EQ,,,
2009-06-09,20.9,22.45,20.75,22.15,11161,EQ,,,
2009-06-10,21.25,23.6,21.25,22.4,13565,EQ,,,
2009-06-11,21.6,24.7,21.6,23.05,64986,EQ,,,
2009-06-12,22.75,23.6,21.4,21.9,41111,EQ,,,
2009-06-15,22.0,22.5,20.5,20.7,16962,EQ,,,
2009-06-16,20.5,21.6,20.5,21.1,9794,EQ,,,
2009-06-17,22.2,22.4,20.1,20.4,10017,EQ,,,
2009-06-18,20.1,20.25,18.8,19.1,8623,EQ,,,
2009-06-19,19.4,19.7,18.5,19.05,9147,EQ,,,
2009-06-22,19.1,19.75,18.8,19.3,4235,EQ,,,
2009-06-23,18.9,19.45,18.0,18.9,6578,EQ,,,
2009-06-24,18.75,19.75,18.6,19.25,4891,EQ,,,
2009-06-25,19.1,20.3,19.0,19.25,11211,EQ,,,
2009-06-26,19.5,20.2,19.15,20.0,4276,EQ,,,
2009-06-29,19.75,20.6,19.5,19.9,7259,EQ,,,
2009-06-30,19.75,19.95,18.85,19.15,2111,EQ,,,
2009-07-01,19.5,20.6,19.1,20.4,9511,EQ,,,
2009-07-02,20.7,20.7,19.6,19.8,3144,EQ,,,
2009-07-03,20.25,20.5,19.75,20.0,9674,EQ,,,
2009-07-06,20.05,20.7,18.3,18.7,7674,EQ,,,
2009-07-07,19.1,19.25,17.75,18.6,11754,EQ,,,
2009-07-08,17.8,18.25,16.6,16.85,9457,EQ,,,
2009-07-09,16.75,17.2,16.1,17.0,6749,EQ,,,
2009-07-10,17.0,17.45,16.4,17.1,9803,EQ,,,
2009-07-13,16.75,16.9,15.7,15.85,3189,EQ,,,
2009-07-14,16.0,17.6,16.0,17.05,7344,EQ,,,
2009-07-15,17.05,17.9,17.05,17.75,3998,EQ,,,
2009-07-16,18.5,18.5,17.0,17.35,4553,EQ,,,
2009-07-17,17.6,17.9,17.5,17.8,13594,EQ,,,
2009-07-20,18.75,18.75,17.75,18.2,3443,EQ,,,
2009-07-21,18.25,18.5,18.0,18.2,3359,EQ,,,
2009-07-22,18.5,19.2,18.2,18.3,10680,EQ,,,
2009-07-23,18.4,18.8,18.25,18.55,4227,EQ,,,
2009-07-24,18.3,21.25,18.3,20.75,34160,EQ,,,
2009-07-27,21.0,21.0,19.1,19.9,9472,EQ,,,
2009-07-28,19.75,20.5,19.75,19.85,5860,EQ,,,
2009-07-29,19.15,20.3,19.0,19.45,6427,EQ,,,
2009-07-30,19.0,19.95,19.0,19.4,3024,EQ,,,
2009-07-31,18.75,20.9,18.75,19.95,86648,EQ,,,
2009-08-03,19.25,22.9,19.25,22.5,67615,EQ,,,
2009-08-04,22.1,23.45,21.3,21.6,27304,EQ,,,
2009-08-05,21.9,22.05,20.75,21.1,7379,EQ,,,
2009-08-06,21.25,24.1,20.9,22.4,215667,EQ,,,
2009-08-07,22.9,23.5,20.9,21.2,34107,EQ,,,
2009-08-10,23.25,23.25,20.75,20.95,13219,EQ,,,
2009-08-11,21.05,21.4,20.4,20.75,6587,EQ,,,
2009-08-12,20.5,20.9,18.9,20.0,30391,EQ,,,
2009-08-13,20.5,22.1,20.25,21.55,46313,EQ,,,
2009-08-14,21.7,24.0,21.3,23.2,111864,EQ,,,
2009-08-17,22.75,23.25,21.4,21.7,44477,EQ,,,
2009-08-18,21.1,23.15,21.1,22.2,34971,EQ,,,
2009-08-19,22.75,22.95,21.5,21.75,8721,EQ,,,
2009-08-20,22.2,23.0,21.5,21.8,34248,EQ,,,
2009-08-21,21.55,26.15,21.15,25.35,280776,EQ,,,
2009-08-24,26.4,28.75,25.0,26.4,323226,EQ,,,
2009-08-25,26.45,27.0,25.1,25.35,59689,EQ,,,
2009-08-26,25.6,25.8,24.25,24.4,46677,EQ,,,
2009-08-27,24.25,25.6,23.9,24.05,79215,EQ,,,
2009-08-28,24.4,24.8,23.75,24.05,26172,EQ,,,
2009-08-31,23.9,24.75,23.9,24.2,26466,EQ,,,
2009-09-01,24.3,25.75,23.65,23.8,58367,EQ,,,
2009-09-02,23.5,24.1,22.15,22.4,33159,EQ,,,
2009-09-03,22.5,22.9,21.5,21.7,40453,EQ,,,
2009-09-04,21.9,22.1,21.25,21.75,27443,EQ,,,
2009-09-07,22.0,23.75,22.0,23.2,70916,EQ,,,
2009-09-08,23.5,23.85,22.3,22.6,22180,EQ,,,
2009-09-09,22.6,23.5,22.5,22.7,17205,EQ,,,
2009-09-10,23.25,27.2,22.75,26.8,615062,EQ,,,
2009-09-11,29.5,32.1,27.75,30.8,2846859,EQ,,,
2009-09-14,30.7,31.1,28.5,29.0,639705,EQ,,,
2009-09-15,28.75,29.35,27.55,27.95,144790,EQ,,,
2009-09-16,28.75,28.75,27.0,27.4,84145,EQ,,,
2009-09-17,27.9,29.3,27.4,27.95,192693,EQ,,,
2009-09-18,28.4,28.4,26.55,26.55,14362,BE,,,
2009-09-22,27.0,27.0,25.25,25.65,26787,BE,,,
2009-09-23,25.0,25.55,24.5,24.55,17641,BE,,,
2009-09-24,23.9,25.45,23.9,24.3,12055,BE,,,
2009-09-25,23.75,25.5,23.75,25.05,14443,BE,,,
2009-09-29,25.6,25.6,24.55,25.05,8654,BE,,,
2009-09-30,24.75,25.5,24.5,24.75,7294,BE,,,
2009-10-01,24.75,24.85,24.0,24.25,6858,BE,,,
2009-10-05,23.75,25.2,23.75,24.2,8892,BE,,,
2009-10-06,24.1,24.15,23.3,23.65,5870,BE,,,
2009-10-07,24.5,24.5,23.25,23.4,6504,BE,,,
2009-10-08,23.15,23.9,23.15,23.35,4421,BE,,,
2009-10-09,22.75,23.5,22.5,22.8,8178,BE,,,
2009-10-12,22.5,23.1,22.5,23.05,5488,BE,,,
2009-10-14,22.75,23.25,22.6,22.8,8975,BE,,,
2009-10-15,22.5,23.7,22.5,22.55,9202,BE,,,
2009-10-16,23.4,23.4,22.45,22.55,8980,BE,,,
2009-10-17,23.5,23.5,22.5,22.75,2860,BE,,,
2009-10-20,23.75,23.75,22.65,22.7,2777,BE,,,
2009-10-21,23.0,23.3,21.75,22.5,10739,BE,,,
2009-10-22,22.4,22.75,21.75,21.95,8760,BE,,,
2009-10-23,22.75,22.75,21.8,22.0,5269,BE,,,
2009-10-26,22.0,23.0,21.55,21.7,3798,BE,,,
2009-10-27,21.5,22.0,20.6,20.65,7202,BE,,,
2009-10-28,20.0,20.6,19.75,20.05,5154,BE,,,
2009-10-29,19.2,20.2,19.2,19.5,5649,BE,,,
2009-10-30,20.0,20.3,19.5,19.7,2359,BE,,,
2009-11-03,19.95,19.95,18.75,18.85,4479,BE,,,
2009-11-04,19.1,19.1,18.35,18.9,4665,BE,,,
2009-11-05,18.9,19.5,18.5,19.3,2435,BE,,,
2009-11-06,20.0,20.2,19.0,19.55,2652,BE,,,
2009-11-09,20.55,20.55,20.0,20.55,2598,BE,,,
2009-11-10,21.55,21.55,20.2,20.55,4096,BE,,,
2009-11-11,20.95,21.5,20.05,20.65,5099,BE,,,
2009-11-12,20.1,21.0,20.1,20.5,1184,BE,,,
2009-11-13,21.0,21.0,20.25,20.75,2291,BE,,,
2009-11-16,20.5,21.25,20.5,21.0,3950,BE,,,
2009-11-17,21.45,21.45,20.9,21.0,3617,BE,,,
2009-11-18,20.55,22.05,20.55,21.8,6939,BE,,,
2009-11-19,21.75,22.4,21.3,21.6,3919,BE,,,
2009-11-20,22.3,22.3,21.1,21.6,8216,EQ,,,
2009-11-23,21.55,22.2,21.55,21.8,6384,EQ,,,
2009-11-24,21.55,22.2,21.55,22.0,7557,EQ,,,
2009-11-25,22.5,23.1,22.1,22.3,9414,EQ,,,
2009-11-26,21.8,22.35,21.3,21.5,4297,EQ,,,
2009-11-27,20.75,21.0,20.4,20.65,14218,EQ,,,
2009-11-30,21.5,21.6,20.8,21.4,4298,EQ,,,
2009-12-01,21.0,22.25,21.0,21.75,9265,EQ,,,
2009-12-02,22.0,22.4,21.7,22.05,7234,EQ,,,
2009-12-03,21.3,22.5,21.3,21.95,4035,EQ,,,
2009-12-04,21.6,22.05,21.55,21.75,4124,EQ,,,
2009-12-07,21.75,21.9,21.05,21.1,6674,EQ,,,
2009-12-08,21.0,21.5,20.9,21.05,7453,EQ,,,
2009-12-09,21.05,21.3,21.0,21.1,10468,EQ,,,
2009-12-10,20.9,21.45,20.75,21.1,8380,EQ,,,
2009-12-11,21.25,21.25,20.6,20.75,20033,EQ,,,
2009-12-14,20.65,21.1,20.45,20.55,7631,EQ,,,
2009-12-15,20.5,21.0,20.05,20.25,5558,EQ,,,
2009-12-16,20.05,20.4,19.75,19.9,6569,EQ,,,
2009-12-17,19.8,20.6,19.8,20.2,5193,EQ,,,
2009-12-18,20.7,20.7,19.75,20.0,7297,EQ,,,
2009-12-21,20.25,20.25,19.4,19.65,7570,EQ,,,
2009-12-22,19.5,20.0,19.5,19.6,14480,EQ,,,
2009-12-23,19.5,20.0,19.5,19.7,10477,EQ,,,
2009-12-24,19.9,20.0,19.6,19.75,12880,EQ,,,
2009-12-29,19.8,20.5,19.7,19.95,13254,EQ,,,
2009-12-30,20.0,20.95,20.0,20.55,49600,EQ,,,
2009-12-31,20.95,21.6,20.75,21.45,144688,EQ,,,
2010-01-04,21.6,21.6,21.0,21.05,27570,EQ,,,
2010-01-05,21.45,21.55,21.05,21.4,40619,EQ,,,
2010-01-06,21.4,22.0,21.2,21.55,50766,EQ,,,
2010-01-07,21.6,22.55,21.5,22.3,73220,EQ,,,
2010-01-08,23.6,24.55,22.3,22.55,137159,EQ,,,
2010-01-11,22.85,23.25,22.55,22.6,55106,EQ,,,
2010-01-12,20.55,23.2,20.55,22.05,49589,EQ,,,
2010-01-13,21.95,22.25,21.6,21.95,27819,EQ,,,
2010-01-14,22.2,22.7,21.75,22.35,38356,EQ,,,
2010-01-15,22.25,24.1,22.25,23.1,156477,EQ,,,
2010-01-18,23.5,24.5,23.3,23.9,160663,EQ,,,
2010-01-19,24.0,24.7,23.5,23.85,153934,EQ,,,
2010-01-20,24.1,24.35,23.2,23.45,55866,EQ,,,
2010-01-21,23.6,24.2,22.85,22.95,73399,EQ,,,
2010-01-22,22.7,22.7,21.4,22.2,44150,EQ,,,
2010-01-25,21.75,22.2,21.55,21.65,17092,EQ,,,
2010-01-27,21.75,21.75,20.05,20.3,26168,EQ,,,
2010-01-28,20.85,20.85,19.55,19.75,24186,EQ,,,
2010-01-29,19.5,20.5,18.55,20.2,37141,EQ,,,
2010-02-01,20.05,20.5,18.25,20.25,18051,EQ,,,
2010-02-02,20.4,21.0,19.8,20.0,19238,EQ,,,
2010-02-03,20.0,20.45,19.6,19.75,21544,EQ,,,
2010-02-04,19.45,20.2,19.4,19.5,19739,EQ,,,
2010-02-05,18.25,19.25,18.0,18.65,8811,EQ,,,
2010-02-06,19.2,19.2,18.65,19.0,2709,EQ,,,
2010-02-08,19.25,19.3,18.75,19.1,9372,EQ,,,
2010-02-09,18.9,20.3,18.75,19.7,66222,EQ,,,
2010-02-10,20.5,20.5,19.4,19.5,31767,EQ,,,
2010-02-11,19.5,19.95,19.45,19.5,6743,EQ,,,
2010-02-15,19.7,19.9,19.0,19.1,14177,EQ,,,
2010-02-16,19.05,19.35,19.0,19.2,8328,EQ,,,
2010-02-17,19.9,19.9,19.4,19.55,7395,EQ,,,
2010-02-18,19.1,19.6,19.1,19.3,2762,EQ,,,
2010-02-19,19.0,19.25,18.55,18.75,7830,EQ,,,
2010-02-22,18.7,19.1,18.25,18.3,5962,EQ,,,
2010-02-23,18.25,18.5,18.0,18.05,5262,EQ,,,
2010-02-24,18.0,18.25,17.5,17.9,6856,EQ,,,
2010-02-25,18.0,18.2,17.8,18.05,3325,EQ,,,
2010-02-26,18.1,18.75,17.9,18.2,9536,EQ,,,
2010-03-02,18.0,18.95,17.6,18.1,14821,EQ,,,
2010-03-03,18.1,19.2,18.1,18.9,12223,EQ,,,
2010-03-04,18.75,19.0,18.6,18.9,4537,EQ,,,
2010-03-05,19.0,19.25,18.8,18.8,11931,EQ,,,
2010-03-08,19.4,20.45,19.25,19.6,50020,EQ,,,
2010-03-09,19.5,23.5,19.2,23.4,697267,EQ,,,
2010-03-10,24.5,24.85,20.8,21.0,1414547,EQ,,,
2010-03-11,20.95,21.7,20.8,20.95,233304,EQ,,,
2010-03-12,21.2,21.2,20.0,20.05,77881,EQ,,,
2010-03-15,20.0,20.25,19.3,19.5,67078,EQ,,,
2010-03-16,19.5,21.05,19.4,20.2,238281,EQ,,,
2010-03-17,20.25,20.6,19.55,19.7,41287,EQ,,,
2010-03-18,20.0,21.05,19.5,20.3,190923,EQ,,,
2010-03-19,20.7,21.55,20.6,21.1,313862,EQ,,,
2010-03-22,20.4,21.4,20.4,20.8,113156,EQ,,,
2010-03-23,21.05,21.1,20.5,20.6,33902,EQ,,,
2010-03-25,20.1,21.0,20.0,20.55,37333,EQ,,,
2010-03-26,20.5,21.0,20.0,20.1,30065,EQ,,,
2010-03-29,20.2,20.35,19.25,19.5,41543,EQ,,,
2010-03-30,19.75,19.85,19.5,19.55,19625,EQ,,,
2010-03-31,19.5,20.0,19.5,19.7,14691,EQ,,,
2010-04-01,19.5,21.7,19.5,21.0,115871,EQ,,,
2010-04-05,21.1,21.5,20.7,21.05,39914,EQ,,,
2010-04-06,21.05,21.6,20.75,20.8,56225,EQ,,,
2010-04-07,21.0,21.4,20.9,21.25,32257,EQ,,,
2010-04-08,21.4,21.6,19.5,21.0,86572,EQ,,,
2010-04-09,21.2,21.4,20.9,21.05,27900,EQ,,,
2010-04-12,21.05,21.3,20.75,20.8,17406,EQ,,,
2010-04-13,20.9,20.9,20.05,20.55,15133,EQ,,,
2010-04-15,20.95,21.6,20.7,20.8,47074,EQ,,,
2010-04-16,20.6,20.9,20.3,20.6,12833,EQ,,,
2010-04-19,20.3,20.45,19.3,19.4,52956,EQ,,,
2010-04-20,19.5,19.9,19.45,19.65,18252,EQ,,,
2010-04-21,19.6,20.55,19.6,20.05,60440,EQ,,,
2010-04-22,20.0,21.1,20.0,20.55,123515,EQ,,,
2010-04-23,20.6,20.85,20.4,20.5,25444,EQ,,,
2010-04-26,20.7,21.0,20.3,20.4,18323,EQ,,,
2010-04-27,20.45,20.55,20.05,20.1,16468,EQ,,,
2010-04-28,20.0,20.0,19.25,19.35,17710,EQ,,,
2010-04-29,19.9,20.25,19.6,19.8,29198,EQ,,,
2010-04-30,19.95,20.2,19.65,19.8,12840,EQ,,,
2010-05-03,19.7,19.95,19.55,19.55,8051,EQ,,,
2010-05-04,19.8,20.0,19.1,19.2,14097,EQ,,,
2010-05-05,18.75,19.1,18.6,19.0,18207,EQ,,,
2010-05-06,19.25,20.5,18.95,19.7,76081,EQ,,,
2010-05-07,18.8,20.0,18.75,19.45,34494,EQ,,,
2010-05-10,20.0,20.0,19.55,19.75,12157,EQ,,,
2010-05-11,20.0,20.0,19.15,19.25,11219,EQ,,,
2010-05-12,19.3,19.55,19.0,19.3,16402,EQ,,,
2010-05-13,19.35,19.5,19.0,19.3,7799,EQ,,,
2010-05-14,19.0,19.35,18.55,18.7,10049,EQ,,,
2010-05-17,18.6,18.9,17.8,18.45,18523,EQ,,,
2010-05-18,18.55,19.25,18.5,18.75,17510,EQ,,,
2010-05-19,18.5,18.7,17.75,18.05,9621,EQ,,,
2010-05-20,18.5,18.5,17.6,17.75,7659,EQ,,,
2010-05-21,17.25,17.55,17.0,17.25,11936,EQ,,,
2010-05-24,17.6,17.95,16.95,17.05,10731,EQ,,,
2010-05-25,16.75,17.7,16.15,16.25,88684,EQ,,,
2010-05-26,16.4,16.75,16.15,16.3,24489,EQ,,,
2010-05-27,16.4,16.6,16.15,16.5,8127,EQ,,,
2010-05-28,16.75,17.05,16.55,16.9,16388,EQ,,,
2010-05-31,17.4,17.5,16.95,17.1,8399,EQ,,,
2010-06-01,16.7,17.0,16.55,16.6,11372,EQ,,,
2010-06-02,16.5,16.9,16.5,16.75,6930,EQ,,,
2010-06-03,17.25,18.75,16.9,17.7,137283,EQ,,,
2010-06-04,17.7,17.75,17.3,17.45,7250,EQ,,,
2010-06-07,17.0,17.1,16.65,16.85,10001,EQ,,,
2010-06-08,17.25,18.0,16.95,17.1,33981,EQ,,,
2010-06-09,17.3,17.7,17.05,17.25,41486,EQ,,,
2010-06-10,17.25,18.65,17.1,18.05,125750,EQ,,,
2010-06-11,18.05,18.4,17.55,17.65,40155,EQ,,,
2010-06-14,17.9,18.1,17.7,17.9,16170,EQ,,,
2010-06-15,17.75,19.0,17.6,18.4,130800,EQ,,,
2010-06-16,18.55,18.6,17.9,18.0,24556,EQ,,,
2010-06-17,17.9,18.5,17.9,18.2,16511,EQ,,,
2010-06-18,17.85,18.3,17.75,17.9,9879,EQ,,,
2010-06-21,18.05,18.7,18.05,18.5,19843,EQ,,,
2010-06-22,18.3,19.05,18.3,18.7,33817,EQ,,,
2010-06-23,18.7,19.8,18.6,19.1,72750,EQ,,,
2010-06-24,19.25,20.0,18.9,19.0,28979,EQ,,,
2010-06-25,18.9,19.25,18.75,18.9,25301,EQ,,,
2010-06-28,18.7,19.3,18.7,19.0,23721,EQ,,,
2010-06-29,19.2,19.3,18.55,18.65,13780,EQ,,,
2010-06-30,18.5,18.75,18.3,18.7,9375,EQ,,,
2010-07-01,18.7,19.6,18.7,19.1,37595,EQ,,,
2010-07-02,19.4,19.4,18.75,18.9,19067,EQ,,,
2010-07-05,18.7,19.2,18.6,18.8,6458,EQ,,,
2010-07-06,19.0,19.1,18.55,18.7,10500,EQ,,,
2010-07-07,18.9,19.0,18.55,18.7,13947,EQ,,,
2010-07-08,18.75,19.9,18.6,19.05,46189,EQ,,,
2010-07-09,19.25,19.9,19.05,19.35,67823,EQ,,,
2010-07-12,19.3,19.55,19.05,19.2,10636,EQ,,,
2010-07-13,19.35,19.35,18.95,19.05,11905,EQ,,,
2010-07-14,19.25,19.7,18.75,19.0,25726,EQ,,,
2010-07-15,19.5,19.5,18.7,18.8,14520,EQ,,,
2010-07-16,19.1,19.9,18.95,19.05,17846,EQ,,,
2010-07-19,19.15,19.4,18.9,19.0,15744,EQ,,,
2010-07-20,18.95,19.6,18.8,19.1,45629,EQ,,,
2010-07-21,19.05,19.7,19.05,19.25,32422,EQ,,,
2010-07-22,19.05,19.55,19.05,19.3,22366,EQ,,,
2010-07-23,19.5,19.6,19.05,19.1,27065,EQ,,,
2010-07-26,19.0,19.35,18.55,18.6,12869,EQ,,,
2010-07-27,18.95,18.95,18.5,18.7,13324,EQ,,,
2010-07-28,18.75,18.85,18.4,18.4,6788,EQ,,,
2010-07-29,18.5,19.0,18.4,18.8,22681,EQ,,,
2010-07-30,18.9,18.9,18.5,18.55,42337,EQ,,,
2010-08-02,18.75,19.2,18.55,18.55,5443,EQ,,,
2010-08-03,19.2,19.2,18.5,18.65,6995,EQ,,,
2010-08-04,18.55,18.8,18.25,18.5,13666,EQ,,,
2010-08-05,18.6,19.2,18.35,18.5,56776,EQ,,,
2010-08-06,18.8,18.95,18.4,18.45,36892,EQ,,,
2010-08-09,18.8,19.2,18.4,18.75,59819,EQ,,,
2010-08-10,19.1,19.9,18.95,19.05,79875,EQ,,,
2010-08-11,19.6,19.6,19.0,19.1,42913,EQ,,,
2010-08-12,19.0,19.6,18.75,19.2,44600,EQ,,,
2010-08-13,19.5,19.7,18.9,18.95,70356,EQ,,,
2010-08-16,19.9,20.2,19.1,19.2,151094,EQ,,,
2010-08-17,19.1,20.45,19.1,20.2,371936,EQ,,,
2010-08-18,20.4,22.5,20.25,22.0,976052,EQ,,,
2010-08-19,22.25,22.4,21.1,21.9,297969,EQ,,,
2010-08-20,21.9,22.0,21.05,21.2,113121,EQ,,,
2010-08-23,21.4,22.4,21.05,21.75,177892,EQ,,,
2010-08-24,21.3,22.2,21.3,21.5,66252,EQ,,,
2010-08-25,21.75,24.1,21.7,22.45,730049,EQ,,,
2010-08-26,22.75,23.75,22.75,23.15,314224,EQ,,,
2010-08-27,22.9,24.8,22.9,23.2,588267,EQ,,,
2010-08-30,24.25,24.25,22.8,22.9,141151,EQ,,,
2010-08-31,22.45,22.5,20.75,21.25,154734,EQ,,,
2010-09-01,21.5,22.6,21.4,22.05,159729,EQ,,,
2010-09-02,22.1,22.4,21.6,21.75,52559,EQ,,,
2010-09-03,21.5,21.5,20.7,20.7,66953,BE,,,
2010-09-06,21.0,21.55,20.5,21.05,11787,BE,,,
2010-09-07,22.0,22.0,20.75,20.9,10810,BE,,,
2010-09-08,21.2,21.25,20.65,20.8,11389,BE,,,
2010-09-09,20.5,21.45,20.5,20.95,10630,BE,,,
2010-09-13,20.5,21.55,20.5,20.9,5698,BE,,,
2010-09-14,20.5,21.1,20.0,20.1,18372,BE,,,
2010-09-15,19.3,21.0,19.3,20.2,8347,BE,,,
2010-09-16,19.75,20.7,19.75,20.15,3766,BE,,,
2010-09-17,19.3,20.3,19.3,19.9,10443,BE,,,
2010-09-20,19.5,20.5,19.5,19.9,13057,BE,,,
2010-09-21,20.0,20.35,19.55,19.6,8624,BE,,,
2010-09-22,19.55,19.9,19.3,19.5,16875,BE,,,
2010-09-23,18.55,20.25,18.55,19.3,6736,BE,,,
2010-09-24,18.75,19.75,18.75,19.05,11804,BE,,,
2010-09-27,19.1,19.85,18.9,19.0,9153,BE,,,
2010-09-28,18.3,19.3,18.3,18.8,6652,BE,,,
2010-09-29,18.3,19.75,18.3,19.75,38335,BE,,,
2010-09-30,20.7,20.7,20.25,20.65,39675,BE,,,
2010-10-01,20.0,20.75,20.0,20.5,9150,BE,,,
2010-10-04,19.5,20.5,19.5,19.85,9595,BE,,,
2010-10-05,19.5,20.0,19.5,19.6,5344,BE,,,
2010-10-06,18.75,20.25,18.75,19.7,7049,BE,,,
2010-10-07,19.5,20.25,19.5,19.8,4601,BE,,,
2010-10-08,19.3,19.9,19.3,19.7,9152,BE,,,
2010-10-11,19.6,20.25,19.6,19.7,4232,BE,,,
2010-10-12,19.6,20.0,19.25,19.5,5862,BE,,,
2010-10-13,18.55,20.1,18.55,19.9,7312,BE,,,
2010-10-14,19.0,20.25,19.0,19.7,3602,BE,,,
2010-10-15,18.8,19.9,18.8,19.3,5336,BE,,,
2010-10-18,18.55,19.55,18.55,19.3,5915,BE,,,
2010-10-19,18.75,20.0,18.75,19.05,6756,BE,,,
2010-10-20,18.8,19.5,18.8,19.3,3880,BE,,,
2010-10-21,18.75,19.75,18.75,19.3,4013,BE,,,
2010-10-22,18.75,19.6,18.75,19.15,4726,BE,,,
2010-10-25,18.75,19.65,18.75,19.4,3719,BE,,,
2010-10-26,19.1,19.95,19.1,19.6,4929,BE,,,
2010-10-27,19.2,19.95,19.2,19.7,3350,BE,,,
2010-10-28,19.4,20.0,19.4,19.55,1517,BE,,,
2010-10-29,19.95,19.95,18.75,18.8,6903,BE,,,
2010-11-01,19.0,19.75,18.9,18.9,3886,BE,,,
2010-11-02,18.1,19.35,18.1,19.0,3544,BE,,,
2010-11-03,18.9,19.55,18.9,19.35,5632,BE,,,
2010-11-04,18.55,19.5,18.55,19.2,3114,BE,,,
2010-11-05,18.5,19.6,18.5,19.55,1978,BE,,,
2010-11-08,19.1,19.75,19.1,19.3,4071,BE,,,
2010-11-09,18.5,19.6,18.5,19.45,4929,BE,,,
2010-11-10,19.1,19.55,19.1,19.45,6681,BE,,,
2010-11-11,18.75,19.9,18.75,19.15,25188,BE,,,
2010-11-12,18.3,19.5,18.3,19.25,10959,BE,,,
2010-11-15,18.4,19.1,18.4,18.45,10971,BE,,,
2010-11-16,17.9,18.45,17.55,17.7,6259,BE,,,
2010-11-18,17.75,18.2,16.9,17.35,5518,BE,,,
2010-11-19,17.25,17.45,16.55,16.6,4437,BE,,,
2010-11-22,16.55,17.45,16.55,17.0,4371,BE,,,
2010-11-23,16.65,17.25,16.5,16.6,2812,BE,,,
2010-11-24,16.35,17.25,16.35,16.7,4905,BE,,,
2010-11-25,15.9,17.35,15.9,16.3,3702,BE,,,
2010-11-26,15.5,16.0,15.5,15.55,4303,BE,,,
2010-11-29,15.5,15.95,14.9,15.0,3080,BE,,,
2010-11-30,14.3,15.8,14.3,15.8,2528,BE,,,
2010-12-01,16.0,16.55,16.0,16.55,7368,BE,,,
2010-12-02,16.4,17.4,16.4,17.4,11285,BE,,,
2010-12-03,17.25,17.5,16.7,16.8,1472,EQ,,,
2010-12-06,16.9,17.1,16.4,16.4,3044,EQ,,,
2010-12-07,16.1,16.4,15.65,15.9,3940,EQ,,,
2010-12-08,15.65,16.0,15.35,15.5,6880,EQ,,,
2010-12-09,14.75,15.7,14.75,14.75,4124,EQ,,,
2010-12-10,14.5,15.3,14.05,15.1,7224,EQ,,,
2010-12-13,15.25,15.6,14.8,15.35,3306,EQ,,,
2010-12-14,15.1,15.45,14.9,14.95,4679,EQ,,,
2010-12-15,15.7,15.7,15.05,15.1,2382,EQ,,,
2010-12-16,14.55,15.4,14.55,15.0,6506,EQ,,,
2010-12-20,15.1,15.5,14.95,15.35,2724,EQ,,,
2010-12-21,14.75,15.4,14.75,15.15,1677,EQ,,,
2010-12-22,14.8,15.2,14.8,14.95,1396,EQ,,,
2010-12-23,14.55,15.25,14.55,14.95,1094,EQ,,,
2010-12-24,15.0,15.2,14.75,15.0,2773,EQ,,,
2010-12-27,15.6,15.6,14.85,14.95,2267,EQ,,,
2010-12-28,14.65,15.1,14.65,14.9,1687,EQ,,,
2010-12-29,14.3,15.4,14.3,15.1,3141,EQ,,,
2010-12-30,14.8,15.9,14.8,15.2,4327,EQ,,,
2010-12-31,14.55,15.8,14.55,15.7,5786,EQ,,,
2011-01-03,14.9,15.9,14.9,15.85,1489,EQ,,,
2011-01-04,15.6,16.1,15.6,16.0,2343,EQ,,,
2011-01-05,15.3,16.1,15.3,15.9,2573,EQ,,,
2011-01-06,15.55,16.0,15.55,15.55,4261,EQ,,,
2011-01-07,14.9,15.8,14.9,15.25,3094,EQ,,,
2011-01-10,14.55,15.25,14.5,14.75,7474,EQ,,,
2011-01-11,14.5,15.05,14.5,14.65,3571,EQ,,,
2011-01-12,14.95,14.95,14.0,14.4,6237,EQ,,,
2011-01-13,14.5,14.7,14.5,14.5,1185,EQ,,,
2011-01-14,14.05,14.7,14.05,14.4,1150,EQ,,,
2011-01-17,13.9,15.0,13.9,14.25,3977,EQ,,,
2011-01-18,13.8,14.9,13.8,14.1,8119,EQ,,,
2011-01-19,13.75,14.6,13.75,14.5,3410,EQ,,,
2011-01-20,13.9,15.0,13.9,14.9,4690,EQ,,,
2011-01-21,15.0,15.0,14.5,14.6,1517,EQ,,,
2011-01-24,14.3,14.95,14.3,14.55,1171,EQ,,,
2011-01-25,14.5,15.25,14.5,14.6,4082,EQ,,,
2011-01-27,14.3,14.9,14.3,14.75,1341,EQ,,,
2011-01-28,14.25,14.3,13.75,14.2,7800,EQ,,,
2011-01-31,13.75,14.1,13.6,14.0,2554,EQ,,,
2011-02-01,13.5,13.8,13.5,13.7,651,EQ,,,
2011-02-02,13.6,14.25,13.6,13.75,3005,EQ,,,
2011-02-03,13.9,14.5,13.5,13.95,10490,EQ,,,
2011-02-04,14.25,14.25,14.05,14.2,1669,EQ,,,
2011-02-07,14.0,14.25,13.85,14.1,4218,EQ,,,
2011-02-08,13.7,13.95,13.6,13.65,2512,EQ,,,
2011-02-09,13.65,13.85,12.3,12.35,10908,EQ,,,
2011-02-10,12.0,12.6,11.1,11.95,23922,EQ,,,
2011-02-11,10.9,12.7,10.9,12.5,8238,EQ,,,
2011-02-14,11.9,13.25,11.9,12.6,4452,EQ,,,
2011-02-15,12.85,12.85,12.25,12.4,3349,EQ,,,
2011-02-16,12.75,12.75,11.8,11.9,6343,EQ,,,
2011-02-17,11.05,12.8,11.05,12.5,13907,EQ,,,
2011-02-18,11.5,13.5,11.5,12.25,5707,EQ,,,
2011-02-21,11.4,13.25,11.4,11.8,4615,EQ,,,
2011-02-22,11.95,12.3,11.9,12.25,23266,EQ,,,
2011-02-23,11.4,12.7,11.4,12.25,1659,EQ,,,
2011-02-24,11.3,12.45,11.3,11.85,2429,EQ,,,
2011-02-25,10.85,12.85,10.85,11.95,2702,EQ,,,
2011-02-28,11.6,12.35,11.6,12.2,1838,EQ,,,
2011-03-01,11.25,12.2,11.25,12.0,5206,EQ,,,
2011-03-03,12.0,12.2,11.95,12.0,4568,EQ,,,
2011-03-04,11.5,12.2,11.5,12.05,5828,EQ,,,
2011-03-07,12.1,12.15,11.65,11.7,3867,EQ,,,
2011-03-08,11.8,11.8,11.6,11.6,8277,EQ,,,
2011-03-09,11.3,11.75,11.3,11.6,3411,EQ,,,
2011-03-10,11.7,11.75,11.4,11.65,5941,EQ,,,
2011-03-11,11.75,11.75,11.55,11.7,10194,EQ,,,
2011-03-14,11.4,11.75,11.4,11.5,7441,EQ,,,
2011-03-15,11.0,11.7,11.0,11.45,3573,EQ,,,
2011-03-16,11.75,13.5,11.55,13.0,128017,EQ,,,
2011-03-17,13.6,13.9,12.55,12.9,236545,EQ,,,
2011-03-18,12.75,12.85,12.0,12.1,16844,EQ,,,
2011-03-21,11.8,12.45,11.8,12.1,32931,EQ,,,
2011-03-22,12.0,12.1,11.9,12.0,6961,EQ,,,
2011-03-23,14.0,14.0,11.55,11.95,3089,EQ,,,
2011-03-24,11.55,12.1,11.55,11.9,3231,EQ,,,
2011-03-25,11.9,12.25,11.75,12.0,18412,EQ,,,
2011-03-28,12.05,12.2,11.85,11.9,8661,EQ,,,
2011-03-29,11.75,11.95,11.5,11.6,21324,EQ,,,
2011-03-30,11.3,12.1,11.3,12.0,6780,EQ,,,
2011-03-31,12.0,12.3,11.9,11.9,4339,EQ,,,
2011-04-01,12.2,13.0,11.9,12.7,12862,EQ,,,
2011-04-04,12.75,13.1,12.75,12.9,18596,EQ,,,
2011-04-05,12.7,13.8,12.7,13.4,22781,EQ,,,
2011-04-06,13.2,13.6,13.0,13.05,11255,EQ,,,
2011-04-07,13.25,15.4,12.9,14.1,127056,EQ,,,
2011-04-08,14.0,14.35,13.4,13.5,28270,EQ,,,
2011-04-11,13.3,13.7,13.0,13.2,4938,EQ,,,
2011-04-13,13.1,14.1,13.1,13.95,19305,EQ,,,
2011-04-15,14.0,14.0,13.6,13.85,3866,EQ,,,
2011-04-18,13.85,14.6,13.85,14.0,17997,EQ,,,
2011-04-19,13.85,13.85,13.3,13.45,9498,EQ,,,
2011-04-20,13.6,14.35,13.6,14.1,6147,EQ,,,
2011-04-21,14.2,14.9,14.0,14.7,12732,EQ,,,
2011-04-25,14.55,15.5,14.55,14.95,23260,EQ,,,
2011-04-26,14.75,15.25,13.7,15.0,80848,EQ,,,
2011-04-27,14.8,15.25,14.55,14.95,20011,EQ,,,
2011-04-28,14.3,15.1,14.3,14.95,32941,EQ,,,
2011-04-29,15.1,15.1,14.2,14.35,6110,EQ,,,
2011-05-02,14.2,14.5,13.6,13.8,9862,EQ,,,
2011-05-03,13.75,14.0,13.25,13.4,7156,EQ,,,
2011-05-04,12.6,13.45,12.6,13.2,4249,EQ,,,
2011-05-05,13.0,13.5,12.8,13.1,2042,EQ,,,
2011-05-06,13.0,13.9,13.0,13.75,9475,EQ,,,
2011-05-09,13.0,13.95,12.9,13.85,1795,EQ,,,
2011-05-10,13.5,14.3,13.5,14.15,2643,EQ,,,
2011-05-11,13.8,15.5,13.8,15.05,16908,EQ,,,
2011-05-12,15.0,15.2,14.3,14.4,7241,EQ,,,
2011-05-13,14.4,15.6,14.4,15.25,18946,EQ,,,
2011-05-16,15.0,15.2,14.6,14.75,1418,EQ,,,
2011-05-17,14.8,14.8,14.3,14.35,1701,EQ,,,
2011-05-18,14.0,14.65,13.9,14.15,1120,EQ,,,
2011-05-19,14.25,14.25,13.5,13.6,4204,EQ,,,
2011-05-20,13.7,14.4,13.0,14.3,7970,EQ,,,
2011-05-23,13.9,14.1,13.65,13.95,3572,EQ,,,
2011-05-24,13.55,14.15,13.55,13.8,554,EQ,,,
2011-05-25,13.55,13.7,13.4,13.5,1091,EQ,,,
2011-05-26,13.1,14.5,13.1,14.25,6328,EQ,,,
2011-05-27,13.7,14.4,13.7,14.25,4445,EQ,,,
2011-05-30,14.65,15.9,14.1,15.6,31620,EQ,,,
2011-05-31,15.85,16.6,15.5,16.5,21643,EQ,,,
2011-06-01,16.3,17.4,16.0,16.9,8775,EQ,,,
2011-06-02,16.6,20.3,16.4,20.2,294099,EQ,,,
2011-06-03,21.0,21.35,18.85,19.35,300152,EQ,,,
2011-06-06,19.0,19.3,18.25,19.05,40967,EQ,,,
2011-06-07,18.3,19.75,17.8,18.1,58695,EQ,,,
2011-06-08,18.1,18.35,17.4,17.55,19217,EQ,,,
2011-06-09,17.7,17.75,17.05,17.15,4900,EQ,,,
2011-06-10,16.95,17.35,16.4,16.45,7419,BE,,,
2011-06-13,16.25,16.5,15.8,16.4,1106,BE,,,
2011-06-14,16.75,16.75,16.0,16.3,2224,BE,,,
2011-06-15,16.75,16.75,16.25,16.5,750,BE,,,
2011-06-16,16.6,17.2,16.25,16.75,2302,BE,,,
2011-06-17,16.25,16.65,16.25,16.3,2969,BE,,,
2011-06-20,15.9,16.0,15.5,15.5,4154,BE,,,
2011-06-21,14.8,15.7,14.8,14.95,492,BE,,,
2011-06-22,14.4,14.75,14.2,14.25,2809,BE,,,
2011-06-23,14.0,14.5,13.6,14.1,1811,BE,,,
2011-06-24,14.6,14.75,14.1,14.6,1500,BE,,,
2011-06-27,14.2,14.8,14.2,14.55,1449,BE,,,
2011-06-28,14.0,15.25,14.0,14.6,1320,BE,,,
2011-06-29,14.1,15.35,14.1,15.25,2912,BE,,,
2011-06-30,15.0,15.4,14.6,15.2,1368,BE,,,
2011-07-01,15.0,15.95,15.0,15.95,596,BE,,,
2011-07-04,16.5,16.5,15.25,16.25,1263,BE,,,
2011-07-05,16.05,17.05,15.9,17.0,2895,BE,,,
2011-07-06,17.2,17.25,16.5,16.5,1090,BE,,,
2011-07-07,17.1,17.3,16.25,17.3,4666,BE,,,
2011-07-08,16.55,17.55,16.55,17.5,2369,BE,,,
2011-07-11,16.7,17.6,16.7,16.75,1682,BE,,,
2011-07-12,16.0,16.5,16.0,16.45,942,BE,,,
2011-07-13,16.3,17.1,16.05,17.05,2043,BE,,,
2011-07-14,16.7,17.75,16.7,17.75,4449,BE,,,
2011-07-15,17.25,18.1,17.25,17.9,1916,BE,,,
2011-07-18,18.3,18.3,18.05,18.05,2449,BE,,,
2011-07-19,17.3,18.55,17.3,18.45,5982,BE,,,
2011-07-20,18.2,18.5,18.0,18.2,3139,BE,,,
2011-07-21,17.95,17.95,17.8,17.85,2070,BE,,,
2011-07-22,17.95,18.05,17.6,17.7,2961,BE,,,
2011-07-25,16.9,17.6,16.9,17.5,1244,BE,,,
2011-07-26,17.15,17.5,17.15,17.45,737,BE,,,
2011-07-27,17.5,17.5,17.0,17.0,526,BE,,,
2011-07-28,16.5,16.6,16.5,16.6,575,BE,,,
2011-07-29,16.5,17.45,16.5,17.0,1009,BE,,,
2011-08-01,16.4,17.45,16.4,17.1,973,BE,,,
2011-08-02,16.75,17.4,16.3,17.1,2858,BE,,,
2011-08-03,17.0,17.55,16.6,17.25,4364,BE,,,
2011-08-04,16.55,17.85,16.55,17.4,8015,BE,,,
2011-08-05,16.65,16.75,16.5,16.5,18031,BE,,,
2011-08-08,15.75,15.8,15.7,15.7,3155,BE,,,
2011-08-09,15.05,15.05,14.9,14.9,17305,BE,,,
2011-08-10,14.25,14.4,14.2,14.2,88897,BE,,,
2011-08-11,14.75,14.75,14.05,14.15,17005,BE,,,
2011-08-12,13.9,14.9,13.9,14.55,33192,BE,,,
2011-08-16,15.2,15.3,14.3,14.85,5832,BE,,,
2011-08-17,14.5,14.6,14.1,14.25,3516,BE,,,
2011-08-18,13.7,14.5,13.55,14.25,3314,BE,,,
2011-08-19,13.6,13.75,13.6,13.75,908,BE,,,
2011-08-22,13.25,14.4,13.1,14.05,5283,BE,,,
2011-08-23,14.25,14.35,14.25,14.3,916,BE,,,
2011-08-24,14.3,14.75,14.0,14.55,517,BE,,,
2011-08-25,14.05,14.7,14.0,14.0,723,BE,,,
2011-08-26,14.7,14.7,13.6,13.7,1012,BE,,,
2011-08-29,13.9,14.4,13.35,14.35,3223,BE,,,
2011-08-30,14.05,14.75,14.05,14.6,2883,BE,,,
2011-09-02,14.05,15.1,14.05,15.0,4565,BE,,,
2011-09-05,14.4,15.25,14.35,15.2,8928,BE,,,
2011-09-06,14.5,15.5,14.5,15.45,2914,EQ,,,
2011-09-07,14.8,15.9,14.8,15.65,1397,EQ,,,
2011-09-08,15.5,15.75,15.15,15.3,1634,EQ,,,
2011-09-09,15.25,15.25,14.85,14.85,445,EQ,,,
2011-09-12,14.3,14.85,14.3,14.65,684,EQ,,,
2011-09-13,14.75,15.5,14.25,14.35,1648,EQ,,,
2011-09-14,14.95,15.6,14.4,14.45,1230,EQ,,,
2011-09-15,15.0,15.6,14.5,15.35,4234,EQ,,,
2011-09-16,15.55,15.55,14.8,14.8,1087,EQ,,,
2011-09-19,14.8,14.8,14.5,14.6,1047,EQ,,,
2011-09-20,14.9,15.2,14.75,14.9,598,EQ,,,
2011-09-21,15.0,15.0,14.8,14.8,790,EQ,,,
2011-09-22,14.4,14.7,14.4,14.5,693,EQ,,,
2011-09-23,14.25,14.5,13.3,14.35,1405,EQ,,,
2011-09-26,14.9,14.9,13.1,13.45,7124,EQ,,,
2011-09-27,13.6,13.75,13.6,13.65,871,EQ,,,
2011-09-28,13.5,13.8,13.5,13.7,1030,EQ,,,
2011-09-29,13.3,13.3,13.0,13.3,2290,EQ,,,
2011-09-30,13.1,13.7,13.05,13.15,5765,EQ,,,
2011-10-03,12.8,14.0,12.8,13.0,1605,EQ,,,
2011-10-04,12.5,13.5,12.5,12.9,511,EQ,,,
2011-10-05,12.25,13.5,12.25,12.6,31761,EQ,,,
2011-10-07,13.0,13.75,13.0,13.05,420,EQ,,,
2011-10-10,13.25,13.35,12.75,12.9,1347,EQ,,,
2011-10-11,13.1,13.5,13.0,13.25,396,EQ,,,
2011-10-12,12.75,13.25,12.75,13.0,567,EQ,,,
2011-10-13,12.95,13.4,12.95,13.0,180,EQ,,,
2011-10-14,12.8,13.5,12.8,13.4,382,EQ,,,
2011-10-17,13.25,13.4,13.0,13.0,808,EQ,,,
2011-10-18,13.25,13.25,13.05,13.05,330,EQ,,,
2011-10-19,13.25,13.45,12.8,13.2,2742,EQ,,,
2011-10-20,13.35,13.7,13.25,13.55,1598,EQ,,,
2011-10-21,12.3,13.75,12.3,13.6,1182,EQ,,,
2011-10-24,13.75,14.05,13.5,13.8,371,EQ,,,
2011-10-25,13.55,13.55,13.55,13.55,200,EQ,,,
2011-10-26,13.55,13.55,13.2,13.45,34,EQ,,,
2011-10-28,13.3,14.1,13.3,13.5,1613,EQ,,,
2011-10-31,13.5,13.9,13.5,13.9,571,EQ,,,
2011-11-01,13.3,14.1,13.3,13.3,190,EQ,,,
2011-11-02,12.9,13.25,12.9,13.1,855,EQ,,,
2011-11-03,13.4,13.4,13.15,13.2,848,EQ,,,
2011-11-04,13.5,14.0,13.1,13.1,788,EQ,,,
2011-11-08,13.5,13.5,13.1,13.15,982,EQ,,,
2011-11-09,13.0,13.1,13.0,13.1,620,EQ,,,
2011-11-11,13.2,13.2,13.1,13.1,1287,EQ,,,
2011-11-14,13.1,13.1,12.85,12.85,350,EQ,,,
2011-11-15,12.9,13.9,12.0,13.25,2035,EQ,,,
2011-11-16,12.75,13.25,12.3,12.75,3875,EQ,,,
2011-11-17,13.1,13.5,12.55,13.0,1246,EQ,,,
2011-11-18,12.6,13.0,11.8,12.6,2116,EQ,,,
2011-11-21,12.5,12.5,12.0,12.35,706,EQ,,,
2011-11-22,12.5,13.85,11.8,12.75,299,EQ,,,
2011-11-23,12.5,13.75,12.4,13.3,3019,EQ,,,
2011-11-24,12.8,12.8,12.0,12.45,2351,EQ,,,
2011-11-25,12.75,13.8,12.75,12.9,1000,EQ,,,
2011-11-28,12.9,14.2,12.8,13.6,3733,EQ,,,
2011-11-29,13.25,13.45,13.0,13.1,3793,EQ,,,
2011-11-30,13.0,13.0,12.7,12.75,488,EQ,,,
2011-12-01,12.85,13.6,12.85,13.55,3107,EQ,,,
2011-12-02,13.5,14.05,12.9,14.0,5005,EQ,,,
2011-12-05,13.75,14.45,13.5,14.1,3778,EQ,,,
2011-12-07,14.25,14.6,13.9,14.5,2843,EQ,,,
2011-12-08,14.5,14.5,13.6,14.0,4596,EQ,,,
2011-12-09,13.75,14.2,13.5,13.6,1023,EQ,,,
2011-12-12,13.5,13.75,12.8,13.7,2610,EQ,,,
2011-12-13,13.5,14.5,13.4,14.1,6426,EQ,,,
2011-12-14,13.55,14.7,13.55,13.9,1612,EQ,,,
2011-12-15,13.8,13.8,13.25,13.45,3067,EQ,,,
2011-12-16,13.5,13.7,12.5,13.2,743,EQ,,,
2011-12-19,12.8,13.6,12.5,12.9,1024,EQ,,,
2011-12-20,12.6,13.1,11.85,12.0,429,EQ,,,
2011-12-21,11.75,12.5,11.5,11.95,741,EQ,,,
2011-12-22,11.8,12.1,11.55,12.1,946,EQ,,,
2011-12-23,11.8,11.9,11.8,11.85,280,EQ,,,
2011-12-26,11.9,12.4,11.9,11.95,186,EQ,,,
2011-12-27,11.75,11.8,11.65,11.8,342,EQ,,,
2011-12-28,11.6,12.45,11.55,11.65,331,EQ,,,
2011-12-29,11.75,12.0,11.55,11.8,2711,EQ,,,
2011-12-30,11.5,12.5,11.25,11.6,733,EQ,,,
2012-01-02,11.6,12.4,11.5,11.85,395,EQ,,,
2012-01-03,14.15,14.15,12.0,12.5,751,EQ,,,
2012-01-04,12.55,13.0,12.3,12.75,909,EQ,,,
2012-01-05,12.5,13.25,12.3,13.0,2490,EQ,,,
2012-01-06,12.95,12.95,12.3,12.3,51,EQ,,,
2012-01-07,12.5,12.55,12.25,12.35,845,EQ,,,
2012-01-09,12.15,12.5,12.0,12.45,1772,EQ,,,
2012-01-10,12.5,13.1,12.4,12.9,3633,EQ,,,
2012-01-11,12.75,13.4,12.75,13.0,4004,EQ,,,
2012-01-12,12.75,13.95,12.5,12.95,7274,EQ,,,
2012-01-13,13.0,15.0,13.0,13.55,1956,EQ,,,
2012-01-16,13.3,13.75,13.0,13.05,2952,EQ,,,
2012-01-17,13.0,13.0,12.5,12.55,4325,EQ,,,
2012-01-18,12.5,13.0,12.4,12.5,810,EQ,,,
2012-01-19,12.4,12.5,12.2,12.4,826,EQ,,,
2012-01-20,12.25,13.2,12.15,12.55,3662,EQ,,,
2012-01-23,13.0,14.6,12.55,12.65,1273,EQ,,,
2012-01-24,12.8,12.9,12.2,12.6,1109,EQ,,,
2012-01-25,12.55,12.85,12.5,12.7,1104,EQ,,,
2012-01-27,12.55,13.5,12.55,13.2,2715,EQ,,,
2012-01-30,12.8,13.7,12.8,13.25,11384,EQ,,,
2012-01-31,13.1,13.65,13.1,13.15,4692,EQ,,,
2012-02-01,13.05,13.4,13.05,13.3,365,EQ,,,
2012-02-02,13.25,13.25,12.95,13.05,1516,EQ,,,
2012-02-03,13.4,13.4,12.8,13.0,1591,EQ,,,
2012-02-06,12.8,14.1,12.8,13.9,3805,EQ,,,
2012-02-07,13.9,14.25,13.65,14.0,3767,EQ,,,
2012-02-08,13.75,13.95,13.5,13.9,469,EQ,,,
2012-02-09,13.9,14.1,13.5,13.95,1882,EQ,,,
2012-02-10,14.1,14.6,13.9,14.05,2838,EQ,,,
2012-02-13,13.8,14.2,13.5,14.2,4766,EQ,,,
2012-02-14,14.0,15.1,13.6,14.35,12738,EQ,,,
2012-02-15,14.5,17.2,14.2,17.2,46779,EQ,,,
2012-02-16,17.5,19.45,17.2,18.45,112412,EQ,,,
2012-02-17,18.5,22.15,17.7,20.5,260206,EQ,,,
2012-02-21,19.5,21.1,19.25,20.5,39650,EQ,,,
2012-02-22,21.0,21.0,19.05,19.25,14652,EQ,,,
2012-02-23,19.0,20.5,17.9,19.9,20571,EQ,,,
2012-02-24,19.6,19.6,18.3,19.25,19110,EQ,,,
2012-02-27,19.7,19.7,17.6,17.9,9979,EQ,,,
2012-02-28,18.25,19.15,18.0,18.85,4807,EQ,,,
2012-02-29,19.1,20.0,18.65,19.2,15477,EQ,,,
2012-03-01,19.15,19.95,18.75,19.7,12053,EQ,,,
2012-03-02,19.0,20.2,19.0,19.0,2167,BE,,,
2012-03-03,19.45,19.45,18.75,18.95,1276,BE,,,
2012-03-05,19.0,19.0,18.05,18.25,3076,BE,,,
2012-03-06,17.75,19.2,17.75,18.25,9050,BE,,,
2012-03-07,19.0,19.0,18.4,18.55,10209,BE,,,
2012-03-09,18.75,18.75,18.2,18.75,1681,BE,,,
2012-03-12,18.6,19.0,18.0,18.75,9559,BE,,,
2012-03-13,18.25,19.3,18.0,18.8,13745,BE,,,
2012-03-14,19.1,19.4,18.75,19.1,1205,BE,,,
2012-03-15,18.9,19.25,18.9,19.05,3889,BE,,,
2012-03-16,18.7,19.25,18.7,19.2,1079,BE,,,
2012-03-19,18.55,19.05,18.55,19.05,2953,BE,,,
2012-03-20,18.3,18.75,18.3,18.5,956,BE,,,
2012-03-21,18.0,18.5,18.0,18.5,956,BE,,,
2012-03-22,18.3,18.4,18.3,18.35,223,BE,,,
2012-03-23,18.25,18.3,18.05,18.3,401,BE,,,
2012-03-26,18.0,18.2,18.0,18.05,6294,BE,,,
2012-03-27,17.4,18.1,17.4,17.7,10360,BE,,,
2012-03-28,17.0,17.75,16.8,17.7,7119,BE,,,
2012-03-29,17.75,18.0,17.55,17.75,1553,BE,,,
2012-03-30,18.5,18.6,16.95,18.25,2928,BE,,,
2012-04-02,18.25,18.25,18.25,18.25,350,BE,,,
2012-04-03,18.25,18.25,18.25,18.25,610,BE,,,
2012-04-04,18.0,18.1,17.75,17.75,1213,BE,,,
2012-04-09,17.75,18.6,17.05,18.6,4927,BE,,,
2012-04-10,19.45,19.45,18.3,18.3,2910,BE,,,
2012-04-11,17.55,18.6,17.5,18.0,737,BE,,,
2012-04-12,17.75,18.0,17.6,17.75,401,BE,,,
2012-04-13,18.0,18.05,17.55,17.7,1100,BE,,,
2012-04-16,17.75,18.5,17.75,18.5,13500,BE,,,
2012-04-17,18.05,18.95,18.05,18.7,2418,BE,,,
2012-04-18,18.6,18.75,18.5,18.5,1598,BE,,,
2012-04-19,18.1,18.9,18.1,18.5,370,BE,,,
2012-04-20,18.25,19.4,18.25,19.1,2759,BE,,,
2012-04-23,18.75,19.25,18.75,19.15,3412,BE,,,
2012-04-24,19.0,19.75,19.0,19.65,1873,BE,,,
2012-04-25,19.5,19.75,19.25,19.4,2875,BE,,,
2012-04-26,19.25,20.0,19.25,19.75,2310,BE,,,
2012-04-27,19.75,19.75,19.5,19.5,1046,BE,,,
2012-04-28,19.75,19.85,19.35,19.5,642,BE,,,
2012-04-30,19.25,20.25,18.75,20.0,1942,BE,,,
2012-05-02,19.8,20.25,19.0,20.0,3310,BE,,,
2012-05-03,19.9,19.95,19.75,19.75,1015,BE,,,
2012-05-04,19.75,19.75,19.25,19.55,1742,BE,,,
2012-05-07,19.65,19.75,19.25,19.5,1109,BE,,,
2012-05-08,19.75,19.75,18.55,19.1,636,BE,,,
2012-05-09,19.25,19.5,18.5,19.2,8447,BE,,,
2012-05-10,18.3,20.05,18.3,19.2,2164,BE,,,
2012-05-11,19.25,19.25,18.55,19.0,2177,BE,,,
2012-05-14,19.0,19.0,18.75,18.8,1574,BE,,,
2012-05-15,18.9,19.0,18.75,18.8,917,BE,,,
2012-05-16,19.0,19.0,18.75,18.95,1336,BE,,,
2012-05-17,18.85,19.1,18.6,19.1,723,BE,,,
2012-05-18,18.9,19.5,18.75,19.5,2635,BE,,,
2012-05-21,19.25,19.5,18.9,19.1,1853,BE,,,
2012-05-22,19.25,19.25,19.0,19.0,410,BE,,,
2012-05-23,19.0,19.0,18.8,18.9,351,BE,,,
2012-05-24,19.0,19.7,18.8,19.7,2256,BE,,,
2012-05-25,19.5,19.9,19.0,19.9,1630,BE,,,
2012-05-28,19.4,20.25,19.4,19.95,2617,BE,,,
2012-05-29,19.55,19.65,19.55,19.6,563,BE,,,
2012-05-30,20.0,20.25,19.75,19.9,1628,BE,,,
2012-05-31,20.0,20.6,19.6,19.7,2025,BE,,,
2012-06-01,20.15,20.15,19.3,19.45,5170,BE,,,
2012-06-04,19.15,20.0,18.8,19.0,876,BE,,,
2012-06-05,19.05,19.75,19.05,19.5,1522,BE,,,
2012-06-06,20.0,20.0,19.5,19.8,2601,BE,,,
2012-06-07,20.0,20.25,19.7,20.2,5134,BE,,,
2012-06-08,19.75,20.7,19.75,20.45,4782,BE,,,
2012-06-11,20.25,20.75,20.25,20.6,3346,BE,,,
2012-06-12,20.7,20.75,20.15,20.7,2019,BE,,,
2012-06-13,20.5,21.0,20.4,20.9,1131,BE,,,
2012-06-14,20.55,20.75,19.9,20.5,2356,BE,,,
2012-06-15,20.5,21.25,20.05,21.05,4444,EQ,,,
2012-06-18,21.0,21.0,20.0,20.3,469,EQ,,,
2012-06-19,20.5,20.5,19.95,20.1,2015,EQ,,,
2012-06-20,19.95,20.4,19.95,20.1,1631,EQ,,,
2012-06-21,20.25,20.4,20.05,20.1,826,EQ,,,
2012-06-22,20.25,20.25,20.05,20.15,70,EQ,,,
2012-06-25,20.0,20.25,20.0,20.0,737,EQ,,,
2012-06-26,20.05,20.1,20.0,20.0,420,EQ,,,
2012-06-27,20.1,20.1,20.0,20.1,5368,EQ,,,
2012-06-28,20.05,20.25,19.9,20.2,883,EQ,,,
2012-06-29,20.1,20.9,20.05,20.8,7594,EQ,,,
2012-07-02,20.5,20.5,20.05,20.3,2705,EQ,,,
2012-07-03,20.4,21.35,20.2,21.15,7351,EQ,,,
2012-07-04,21.25,22.0,21.0,21.75,5035,EQ,,,
2012-07-05,21.45,22.5,21.4,22.05,9747,EQ,,,
2012-07-06,21.75,22.5,21.5,21.75,3036,EQ,,,
2012-07-09,21.5,21.8,21.25,21.25,5048,EQ,,,
2012-07-10,21.3,22.2,21.3,22.05,5536,EQ,,,
2012-07-11,21.55,22.0,21.55,21.9,2287,EQ,,,
2012-07-12,21.55,22.05,21.3,21.75,550,EQ,,,
2012-07-13,21.75,22.4,21.5,21.6,4749,EQ,,,
2012-07-16,21.75,22.2,21.5,21.5,2016,EQ,,,
2012-07-17,21.5,21.5,21.5,21.5,685,EQ,,,
2012-07-18,21.5,21.55,21.0,21.25,4705,EQ,,,
2012-07-19,21.25,21.5,20.95,21.45,2832,EQ,,,
2012-07-20,21.3,21.75,20.95,21.6,3019,EQ,,,
2012-07-23,21.5,21.65,21.1,21.55,2097,EQ,,,
2012-07-24,21.5,21.5,21.2,21.25,1600,EQ,,,
2012-07-25,21.25,21.5,21.1,21.1,3526,EQ,,,
2012-07-26,21.25,21.25,20.9,21.05,1809,EQ,,,
2012-07-27,21.1,21.25,20.75,20.95,3664,EQ,,,
2012-07-30,21.5,21.6,21.0,21.25,3482,EQ,,,
2012-07-31,21.5,22.0,21.25,21.75,3148,EQ,,,
2012-08-01,21.4,22.0,21.25,21.75,2011,EQ,,,
2012-08-02,21.8,22.5,21.7,22.2,3528,EQ,,,
2012-08-03,22.25,22.6,22.0,22.4,3016,EQ,,,
2012-08-06,22.5,23.2,22.5,22.9,3756,EQ,,,
2012-08-07,23.25,23.75,22.75,23.6,11583,EQ,,,
2012-08-08,23.6,23.95,23.3,23.6,5827,EQ,,,
2012-08-09,24.0,24.25,22.25,23.6,6229,EQ,,,
2012-08-10,23.5,23.5,23.15,23.35,1716,EQ,,,
2012-08-13,23.25,23.4,23.1,23.3,3266,EQ,,,
2012-08-14,22.0,23.25,22.0,23.05,2629,EQ,,,
2012-08-16,23.5,23.5,22.75,22.95,7883,EQ,,,
2012-08-17,23.25,23.25,22.5,22.9,3842,EQ,,,
2012-08-21,23.0,23.0,22.05,22.3,4629,EQ,,,
2012-08-22,22.6,24.55,22.3,24.05,11335,EQ,,,
2012-08-23,24.5,25.25,23.8,23.9,9210,EQ,,,
2012-08-24,24.25,24.5,23.25,23.5,2956,EQ,,,
2012-08-27,23.75,23.95,23.3,23.55,3108,EQ,,,
2012-08-28,24.25,24.25,21.5,23.0,7332,EQ,,,
2012-08-29,23.15,23.15,22.4,23.0,1406,EQ,,,
2012-08-30,22.95,23.3,22.6,23.0,941,EQ,,,
2012-08-31,23.0,23.0,22.15,22.8,8045,EQ,,,
2012-09-03,22.9,23.05,22.5,22.6,734,EQ,,,
2012-09-04,23.0,23.25,22.55,22.95,2388,EQ,,,
2012-09-05,23.0,23.0,22.0,22.7,4439,EQ,,,
2012-09-06,22.75,23.0,22.3,22.7,1274,EQ,,,
2012-09-07,22.65,23.0,22.1,22.25,800,EQ,,,
2012-09-08,22.5,22.9,22.5,22.55,1020,EQ,,,
2012-09-10,23.0,23.25,22.75,22.9,3104,EQ,,,
2012-09-11,23.0,23.1,22.5,22.75,1106,EQ,,,
2012-09-12,23.0,24.0,22.75,23.75,7487,EQ,,,
2012-09-13,23.8,24.25,23.5,23.75,5258,EQ,,,
2012-09-14,24.25,25.5,23.05,25.05,16811,EQ,,,
2012-09-17,25.75,29.25,25.75,27.8,61586,EQ,,,
2012-09-18,30.0,31.35,28.1,29.3,60594,EQ,,,
2012-09-20,29.25,29.6,27.9,28.7,19019,EQ,,,
2012-09-21,28.75,29.75,28.5,29.3,20013,EQ,,,
2012-09-24,29.25,29.7,28.5,28.7,7111,EQ,,,
2012-09-25,28.75,29.75,28.4,29.3,14922,EQ,,,
2012-09-26,28.9,29.4,28.5,28.95,10832,EQ,,,
2012-09-27,28.75,29.2,28.1,29.0,14978,EQ,,,
2012-09-28,29.0,29.75,28.35,28.75,118407,BE,,,
2012-10-01,28.8,29.5,28.55,28.95,6760,BE,,,
2012-10-03,28.15,29.0,28.15,28.55,4155,BE,,,
2012-10-04,28.75,29.0,27.55,28.45,6403,BE,,,
2012-10-05,27.75,29.75,27.05,29.05,13731,BE,,,
2012-10-08,28.5,29.75,28.15,28.4,4333,BE,,,
2012-10-09,28.25,28.55,27.0,28.2,13792,BE,,,
2012-10-10,29.2,29.25,27.75,28.0,2930,BE,,,
2012-10-11,27.75,28.0,27.25,27.35,2845,BE,,,
2012-10-12,27.3,28.3,27.0,27.0,2420,BE,,,
2012-10-15,27.25,28.4,27.0,27.95,3753,BE,,,
2012-10-16,29.1,29.1,26.85,27.0,2854,BE,,,
2012-10-17,27.25,28.2,26.75,28.1,12679,BE,,,
2012-10-18,27.25,28.75,26.7,28.45,4613,BE,,,
2012-10-19,28.0,28.7,27.75,27.95,838,BE,,,
2012-10-22,27.5,28.4,27.5,27.6,1394,BE,,,
2012-10-23,27.55,28.05,27.55,27.8,1409,BE,,,
2012-10-25,28.75,28.75,27.3,27.9,1584,BE,,,
2012-10-26,28.0,28.0,27.1,27.4,1636,BE,,,
2012-10-29,27.6,28.4,27.5,28.0,13604,BE,,,
2012-10-30,28.0,28.0,27.5,28.0,4499,BE,,,
2012-10-31,27.75,28.7,27.5,27.7,1137,BE,,,
2012-11-01,27.55,27.95,26.75,27.5,26326,BE,,,
2012-11-02,27.5,27.6,27.25,27.4,877,BE,,,
2012-11-05,27.25,28.25,27.25,27.6,4497,BE,,,
2012-11-06,27.25,28.5,27.25,27.35,2680,BE,,,
2012-11-07,27.25,28.5,27.25,27.5,3516,BE,,,
2012-11-08,27.75,27.75,27.0,27.5,2708,BE,,,
2012-11-09,27.25,27.75,27.1,27.6,3324,BE,,,
2012-11-12,27.6,28.25,27.3,27.75,3193,BE,,,
2012-11-13,27.7,28.9,27.25,28.55,6420,BE,,,
2012-11-15,28.75,28.75,27.6,27.75,3555,BE,,,
2012-11-16,27.75,28.0,27.5,27.6,3022,BE,,,
2012-11-19,27.3,27.75,26.5,27.45,5682,BE,,,
2012-11-20,27.5,27.5,27.0,27.4,2188,BE,,,
2012-11-21,27.25,27.75,27.25,27.45,3140,BE,,,
2012-11-22,27.3,27.75,27.3,27.75,2405,BE,,,
2012-11-23,27.25,27.75,26.9,27.75,5001,BE,,,
2012-11-26,27.3,28.75,27.25,28.55,4352,BE,,,
2012-11-27,28.25,29.25,28.05,29.05,3965,BE,,,
2012-11-29,29.05,29.25,27.75,28.75,10221,BE,,,
2012-11-30,28.25,28.75,28.1,28.25,1444,BE,,,
2012-12-03,28.6,29.1,27.0,28.9,8930,EQ,,,
2012-12-04,29.45,29.45,28.6,28.75,3388,EQ,,,
2012-12-05,28.4,28.95,28.0,28.1,4594,EQ,,,
2012-12-06,28.0,29.5,27.75,29.5,8423,EQ,,,
2012-12-07,29.5,31.0,28.9,31.0,8385,EQ,,,
2012-12-10,31.25,32.5,31.25,31.6,8894,EQ,,,
2012-12-11,30.25,31.5,30.25,31.0,22700,EQ,,,
2012-12-12,30.75,31.7,30.5,31.25,13859,EQ,,,
2012-12-13,30.85,31.7,30.4,31.25,15836,EQ,,,
2012-12-14,30.5,31.2,29.75,30.7,2415,EQ,,,
2012-12-17,30.0,31.0,29.5,30.5,2855,EQ,,,
2012-12-18,29.55,31.9,29.55,31.55,7956,EQ,,,
2012-12-19,31.25,32.0,31.0,31.75,2956,EQ,,,
2012-12-20,31.5,32.0,31.2,31.75,1973,EQ,,,
2012-12-21,31.25,32.3,31.25,31.3,930,EQ,,,
2012-12-24,31.75,32.4,31.15,32.25,3845,EQ,,,
2012-12-26,32.0,32.25,31.25,32.0,7999,EQ,,,
2012-12-27,31.5,32.15,31.25,31.5,5954,EQ,,,
2012-12-28,31.25,31.25,30.05,31.05,4211,EQ,,,
2012-12-31,30.45,30.75,30.05,30.1,2350,EQ,,,
2013-01-01,30.25,31.0,29.65,31.0,4105,EQ,,,
2013-01-02,31.25,31.75,30.5,30.95,5726,EQ,,,
2013-01-03,31.0,31.5,30.55,30.75,4078,EQ,,,
2013-01-04,30.25,32.25,29.75,31.65,16162,EQ,,,
2013-01-07,31.5,33.2,31.5,32.65,15206,EQ,,,
2013-01-08,32.3,35.0,32.3,34.0,49614,EQ,,,
2013-01-09,33.25,36.25,33.25,34.65,19676,EQ,,,
2013-01-10,34.5,35.0,33.25,33.5,6677,EQ,,,
2013-01-11,34.25,34.25,32.05,32.15,1304,EQ,,,
2013-01-14,31.25,32.0,31.25,31.85,5046,EQ,,,
2013-01-15,31.25,34.7,31.25,32.55,10179,EQ,,,
2013-01-16,33.7,33.7,30.75,31.0,4756,EQ,,,
2013-01-17,31.25,32.5,30.75,30.9,1936,EQ,,,
2013-01-18,30.5,31.6,28.3,30.7,5577,EQ,,,
2013-01-21,31.25,31.5,30.25,31.2,6637,EQ,,,
2013-01-22,31.25,31.95,30.75,30.85,2373,EQ,,,
2013-01-23,30.5,30.75,29.75,30.05,7608,EQ,,,
2013-01-24,30.05,30.3,28.8,30.0,12394,EQ,,,
2013-01-25,28.8,30.25,28.8,29.9,6954,EQ,,,
2013-01-28,28.3,30.5,28.3,29.8,12575,EQ,,,
2013-01-29,30.0,31.0,29.2,29.4,4327,EQ,,,
2013-01-30,28.5,30.0,28.25,29.85,8258,EQ,,,
2013-01-31,29.1,29.5,29.1,29.15,1086,EQ,,,
2013-02-01,29.25,30.25,29.25,29.9,9248,EQ,,,
2013-02-04,30.0,31.1,29.1,29.35,896,EQ,,,
2013-02-05,29.1,30.0,29.0,29.1,934,EQ,,,
2013-02-06,29.5,30.2,29.25,29.25,2052,EQ,,,
2013-02-07,29.3,29.6,29.0,29.6,1261,EQ,,,
2013-02-08,28.8,29.4,28.25,28.35,1416,EQ,,,
2013-02-11,28.25,28.75,28.25,28.5,1489,EQ,,,
2013-02-12,28.25,28.65,28.0,28.3,5557,EQ,,,
2013-02-13,28.5,29.1,27.5,28.2,5854,EQ,,,
2013-02-14,28.25,28.25,27.25,27.75,2496,EQ,,,
2013-02-15,28.0,28.25,26.45,28.0,8087,EQ,,,
2013-02-18,28.25,28.25,28.0,28.25,1771,EQ,,,
2013-02-19,28.25,28.7,28.0,28.6,6096,EQ,,,
2013-02-20,28.4,28.7,28.0,28.6,6220,EQ,,,
2013-02-21,27.75,28.6,27.75,27.9,3103,EQ,,,
2013-02-22,27.75,29.2,27.75,27.75,1975,EQ,,,
2013-02-25,28.75,28.75,28.1,28.25,1623,EQ,,,
2013-02-26,28.25,28.5,27.75,27.8,1404,EQ,,,
2013-02-27,27.5,28.1,27.25,27.75,9867,EQ,,,
2013-02-28,27.75,28.6,25.0,27.25,19644,EQ,,,
2013-03-01,26.75,28.4,26.6,27.3,7430,EQ,,,
2013-03-04,26.75,27.45,24.6,27.15,10292,EQ,,,
2013-03-05,27.25,27.6,26.25,27.15,3628,EQ,,,
2013-03-06,27.9,27.9,26.3,26.55,2028,EQ,,,
2013-03-07,27.5,28.5,27.25,27.9,26799,EQ,,,
2013-03-08,27.75,27.75,27.0,27.1,2985,EQ,,,
2013-03-11,26.25,27.6,26.25,27.05,1588,EQ,,,
2013-03-12,27.5,28.0,26.5,26.7,1456,EQ,,,
2013-03-13,27.0,27.0,25.7,26.25,2415,EQ,,,
2013-03-14,26.25,26.5,25.4,25.65,3795,EQ,,,
2013-03-15,25.75,26.75,25.1,25.25,1428,EQ,,,
2013-03-18,25.5,26.75,24.9,25.7,5770,EQ,,,
2013-03-19,25.5,25.6,24.5,25.05,6190,EQ,,,
2013-03-20,24.25,26.0,23.75,24.95,12806,EQ,,,
2013-03-21,23.8,25.7,23.5,25.2,12767,EQ,,,
2013-03-22,25.55,25.55,24.25,25.05,6986,EQ,,,
2013-03-25,24.3,25.0,22.55,24.75,7393,EQ,,,
2013-03-26,24.75,25.0,24.0,24.55,757,EQ,,,
2013-03-28,24.5,25.75,24.0,25.05,4110,EQ,,,
2013-04-01,23.8,26.3,23.8,25.75,1782,EQ,,,
2013-04-02,24.6,27.0,24.6,26.6,1557,EQ,,,
2013-04-03,26.75,27.5,26.5,26.95,1565,EQ,,,
2013-04-04,27.0,27.25,26.25,26.9,1675,EQ,,,
2013-04-05,27.4,27.8,27.0,27.25,12553,EQ,,,
2013-04-08,26.65,27.75,26.6,27.6,1953,EQ,,,
2013-04-09,28.7,28.7,26.8,27.05,7083,EQ,,,
2013-04-10,25.75,27.6,25.55,27.45,2572,EQ,,,
2013-04-11,27.75,28.25,27.25,28.0,3010,EQ,,,
2013-04-12,28.0,28.4,27.25,27.9,2018,EQ,,,
2013-04-15,27.25,28.25,27.25,28.1,3547,EQ,,,
2013-04-16,28.0,28.75,27.25,28.05,4067,EQ,,,
2013-04-17,28.1,29.1,27.75,28.05,8505,EQ,,,
2013-04-18,27.5,30.8,27.3,30.1,11891,EQ,,,
2013-04-22,30.25,31.85,29.0,31.4,60171,EQ,,,
2013-04-23,31.75,32.7,30.25,31.75,12180,EQ,,,
2013-04-25,31.75,33.9,31.75,33.3,10719,EQ,,,
2013-04-26,33.4,33.75,32.25,32.6,3059,EQ,,,
2013-04-29,32.25,33.0,31.75,32.5,7369,EQ,,,
2013-04-30,32.5,32.5,31.25,31.35,2104,EQ,,,
2013-05-02,31.25,32.25,30.45,31.9,6843,EQ,,,
2013-05-03,31.9,32.0,30.9,31.45,3434,EQ,,,
2013-05-06,30.75,31.7,30.75,31.4,2491,EQ,,,
2013-05-07,31.0,31.5,31.0,31.15,1317,EQ,,,
2013-05-08,31.25,32.0,31.0,31.25,6093,EQ,,,
2013-05-09,30.75,31.4,30.65,31.25,2436,EQ,,,
2013-05-10,30.75,31.75,30.65,31.25,5915,EQ,,,
2013-05-11,31.0,31.45,30.75,30.95,2049,EQ,,,
2013-05-13,30.75,31.05,29.95,30.2,9231,EQ,,,
2013-05-14,29.75,30.9,29.6,30.0,3365,EQ,,,
2013-05-15,30.0,31.5,29.75,31.3,4460,EQ,,,
2013-05-16,31.5,31.75,31.0,31.25,4194,EQ,,,
2013-05-17,27.55,32.0,27.55,30.95,3971,EQ,,,
2013-05-20,31.75,31.75,31.0,31.6,5217,EQ,,,
2013-05-21,31.5,31.9,31.05,31.45,4674,EQ,,,
2013-05-22,32.0,32.0,30.5,31.0,1081,EQ,,,
2013-05-23,31.75,31.75,29.75,31.3,3494,EQ,,,
2013-05-24,31.0,31.1,30.5,30.75,901,EQ,,,
2013-05-27,30.75,32.75,30.55,32.3,5615,EQ,,,
2013-05-28,32.5,32.5,31.85,32.25,7079,EQ,,,
2013-05-29,32.0,32.25,31.75,31.75,1021,EQ,,,
2013-05-30,31.75,31.75,31.25,31.25,1703,EQ,,,
2013-05-31,31.75,32.0,30.25,30.55,8001,EQ,,,
2013-06-03,31.05,31.5,30.5,30.75,4721,EQ,,,
2013-06-04,31.25,31.45,30.4,31.4,3369,EQ,,,
2013-06-05,31.25,31.25,30.25,31.2,1853,EQ,,,
2013-06-06,31.25,31.8,30.5,31.7,5083,EQ,,,
2013-06-07,31.5,32.2,31.4,31.9,12012,EQ,,,
2013-06-10,31.3,31.5,29.25,31.2,4028,EQ,,,
2013-06-11,30.75,31.25,30.5,30.65,3503,EQ,,,
2013-06-12,30.75,30.75,30.3,30.65,9340,EQ,,,
2013-06-13,30.5,30.5,29.75,30.0,1595,EQ,,,
2013-06-14,30.0,31.0,30.0,30.7,3801,EQ,,,
2013-06-17,30.5,30.8,30.25,30.6,3278,EQ,,,
2013-06-18,30.5,31.3,30.5,31.25,2710,EQ,,,
2013-06-19,30.65,31.25,30.25,30.6,6678,EQ,,,
2013-06-20,30.25,31.0,29.5,29.7,12443,EQ,,,
2013-06-21,30.25,30.5,29.5,29.9,91393,EQ,,,
2013-06-24,30.75,31.0,28.55,29.7,5926,EQ,,,
2013-06-25,31.0,31.0,29.5,29.6,2360,EQ,,,
2013-06-26,30.0,30.1,29.25,29.8,3724,EQ,,,
2013-06-27,30.25,30.25,28.75,29.5,5114,EQ,,,
2013-06-28,30.0,31.25,29.25,30.15,8969,EQ,,,
2013-07-01,30.0,32.4,30.0,32.0,5577,EQ,,,
2013-07-02,32.0,32.0,31.45,31.6,1917,EQ,,,
2013-07-03,30.6,31.25,28.1,29.95,17981,EQ,,,
2013-07-04,30.95,31.0,29.75,29.95,990,EQ,,,
2013-07-05,30.0,30.7,29.75,30.1,1527,EQ,,,
2013-07-08,29.5,30.3,29.5,29.95,854,EQ,,,
2013-07-09,29.5,30.5,29.5,30.1,3867,EQ,,,
2013-07-10,30.1,30.6,29.75,30.4,2201,EQ,,,
2013-07-11,30.0,30.5,29.9,30.4,3154,EQ,,,
2013-07-12,30.25,31.0,29.6,30.4,4459,EQ,,,
2013-07-15,30.6,31.0,30.15,30.7,2308,EQ,,,
2013-07-16,30.0,30.6,29.5,30.25,2986,EQ,,,
2013-07-17,30.0,30.0,29.9,30.0,1446,EQ,,,
2013-07-18,30.0,30.6,29.65,30.0,1889,EQ,,,
2013-07-19,30.0,31.75,30.0,31.65,8752,EQ,,,
2013-07-22,30.5,31.5,30.5,31.25,22613,EQ,,,
2013-07-23,30.8,31.4,30.65,31.15,47918,EQ,,,
2013-07-24,31.5,31.5,30.25,31.0,44280,EQ,,,
2013-07-25,31.05,31.2,29.7,30.3,10883,EQ,,,
2013-07-26,30.5,30.7,29.5,30.3,9017,EQ,,,
2013-07-29,30.25,30.75,30.1,30.5,1906,EQ,,,
2013-07-30,31.0,31.1,30.15,30.3,3007,EQ,,,
2013-07-31,29.5,30.5,29.5,30.3,1592,EQ,,,
2013-08-01,30.25,30.25,28.1,28.45,6974,EQ,,,
2013-08-02,29.0,31.25,28.5,30.8,17993,EQ,,,
2013-08-05,30.75,30.75,28.15,30.0,4532,EQ,,,
2013-08-06,30.1,30.85,29.05,29.7,27881,EQ,,,
2013-08-07,30.5,30.5,29.75,29.9,8912,EQ,,,
2013-08-08,30.25,30.5,29.75,30.3,1442,EQ,,,
2013-08-12,29.1,31.0,29.1,30.7,1703,EQ,,,
2013-08-13,30.9,31.0,30.25,30.75,2202,EQ,,,
2013-08-14,30.75,31.5,30.0,30.1,3282,EQ,,,
2013-08-16,30.0,30.0,29.25,29.55,9990,EQ,,,
2013-08-19,29.75,29.75,28.8,29.55,6803,EQ,,,
2013-08-20,29.25,29.25,29.1,29.1,377,EQ,,,
2013-08-21,30.0,30.0,28.75,28.75,844,EQ,,,
2013-08-22,29.75,30.0,27.1,29.9,2007,EQ,,,
2013-08-23,29.9,29.9,28.9,29.4,12342,EQ,,,
2013-08-26,29.75,29.75,29.3,29.75,784,EQ,,,
2013-08-27,29.75,29.75,28.95,29.5,741,EQ,,,
2013-08-28,29.6,30.25,28.5,29.25,9255,EQ,,,
2013-08-29,30.0,30.6,29.25,30.15,5162,EQ,,,
2013-08-30,31.25,31.25,30.4,30.6,602,EQ,,,
2013-09-02,31.25,31.75,30.25,31.45,1540,EQ,,,
2013-09-03,31.75,32.0,30.25,30.55,4669,EQ,,,
2013-09-04,31.25,31.25,30.0,30.2,1703,EQ,,,
2013-09-05,31.1,34.75,30.4,34.55,44959,EQ,,,
2013-09-06,35.0,36.75,32.65,34.5,9206,EQ,,,
2013-09-10,35.0,36.0,34.25,35.3,2771,EQ,,,
2013-09-11,35.6,36.4,33.75,35.95,29101,EQ,,,
2013-09-12,35.6,37.15,34.55,36.4,39819,EQ,,,
2013-09-13,36.5,37.4,36.0,36.5,46473,EQ,,,
2013-09-16,37.5,38.4,36.25,38.0,10850,EQ,,,
2013-09-17,37.5,38.6,37.25,38.0,6662,EQ,,,
2013-09-18,37.75,38.7,37.3,37.95,8961,EQ,,,
2013-09-19,38.6,39.35,36.25,38.4,17662,EQ,,,
2013-09-20,38.7,39.4,37.25,37.55,4128,EQ,,,
2013-09-23,38.0,38.55,37.5,37.7,16552,EQ,,,
2013-09-24,37.9,37.9,37.25,37.5,33404,EQ,,,
2013-09-25,38.1,38.1,37.0,37.55,4969,EQ,,,
2013-09-26,37.5,38.75,36.5,37.45,17703,EQ,,,
2013-09-27,38.1,38.1,35.5,35.9,2014,EQ,,,
2013-09-30,36.4,37.25,34.5,35.75,5094,EQ,,,
2013-10-01,36.4,36.6,35.25,35.55,5005,EQ,,,
2013-10-03,36.2,36.25,35.3,35.75,4965,EQ,,,
2013-10-04,36.2,38.25,35.3,37.2,7372,EQ,,,
2013-10-07,37.5,39.35,36.3,38.8,16907,EQ,,,
2013-10-08,39.25,40.25,38.5,38.85,5968,EQ,,,
2013-10-09,39.4,40.0,37.75,39.8,5817,EQ,,,
2013-10-10,40.0,40.5,39.0,39.75,4479,EQ,,,
2013-10-11,40.4,40.5,39.0,39.65,6207,EQ,,,
2013-10-14,40.0,40.3,38.1,38.35,12832,EQ,,,
2013-10-15,38.75,38.8,37.25,38.45,42526,EQ,,,
2013-10-17,37.8,38.9,37.5,38.0,24883,EQ,,,
2013-10-18,38.4,40.5,36.35,39.45,42482,EQ,,,
2013-10-21,38.75,42.1,38.75,41.2,11588,EQ,,,
2013-10-22,41.5,42.0,40.0,41.3,7874,EQ,,,
2013-10-23,41.75,41.75,39.5,40.0,6552,EQ,,,
2013-10-24,40.2,40.2,38.25,38.4,5054,EQ,,,
2013-10-25,38.75,38.75,37.0,38.0,2209,EQ,,,
2013-10-28,38.25,38.25,36.5,36.65,3741,EQ,,,
2013-10-29,37.0,41.5,36.75,39.3,9484,EQ,,,
2013-10-30,39.3,41.25,38.75,39.4,3384,EQ,,,
2013-10-31,40.0,40.15,38.4,39.45,5755,EQ,,,
2013-11-01,38.6,40.2,38.3,38.5,3117,EQ,,,
2013-11-03,40.0,40.0,39.1,39.25,2445,EQ,,,
2013-11-05,39.25,39.25,38.5,38.9,1198,EQ,,,
2013-11-06,38.25,39.15,37.9,38.75,1810,EQ,,,
2013-11-07,39.25,39.25,38.5,38.55,6963,EQ,,,
2013-11-08,38.9,40.0,37.8,38.1,2193,EQ,,,
2013-11-11,38.5,41.5,37.0,40.4,8226,EQ,,,
2013-11-12,41.5,41.5,38.6,40.35,4196,EQ,,,
2013-11-13,40.5,42.0,40.0,40.4,5429,EQ,,,
2013-11-14,40.5,41.5,39.25,40.3,7942,EQ,,,
2013-11-18,38.9,43.5,38.9,43.0,17311,EQ,,,
2013-11-19,43.25,44.4,42.75,43.15,10420,EQ,,,
2013-11-20,43.25,44.0,42.1,42.75,6338,EQ,,,
2013-11-21,43.0,43.0,41.75,42.5,4661,EQ,,,
2013-11-22,43.25,43.75,42.25,42.5,6030,EQ,,,
2013-11-25,42.9,43.2,41.75,42.0,4593,EQ,,,
2013-11-26,42.6,42.6,40.5,41.0,8461,EQ,,,
2013-11-27,41.25,42.0,41.0,41.0,4283,EQ,,,
2013-11-28,41.6,41.6,40.75,41.0,9373,EQ,,,
2013-11-29,41.25,41.25,39.75,40.2,6091,EQ,,,
2013-12-02,41.2,41.2,39.5,39.85,1487,EQ,,,
2013-12-03,40.0,40.9,39.6,39.8,2003,EQ,,,
2013-12-04,40.9,40.9,39.5,39.75,2284,EQ,,,
2013-12-05,41.3,41.3,39.8,40.55,4476,EQ,,,
2013-12-06,41.1,41.25,40.4,41.05,3945,EQ,,,
2013-12-09,42.15,42.5,40.15,40.2,7035,EQ,,,
2013-12-10,40.55,40.55,39.25,39.8,2811,EQ,,,
2013-12-11,42.25,42.25,39.25,39.45,1995,EQ,,,
2013-12-12,40.0,40.45,39.25,39.9,5128,EQ,,,
2013-12-13,40.3,40.75,39.55,40.1,1839,EQ,,,
2013-12-16,40.25,40.25,38.75,39.0,1126,EQ,,,
2013-12-17,39.05,40.0,38.5,39.1,2599,EQ,,,
2013-12-18,40.0,41.0,39.3,39.55,4420,EQ,,,
2013-12-19,40.0,40.0,38.75,39.0,1155,EQ,,,
2013-12-20,39.5,42.9,39.1,40.45,7579,EQ,,,
2013-12-23,40.75,42.35,40.75,41.85,4044,EQ,,,
2013-12-24,43.4,43.4,40.0,40.25,3450,EQ,,,
2013-12-26,40.5,42.5,39.3,42.1,8183,EQ,,,
2013-12-27,42.25,43.0,40.6,40.9,7426,EQ,,,
2013-12-30,41.0,43.5,41.0,43.15,11235,EQ,,,
2013-12-31,43.75,44.6,43.4,43.7,12432,EQ,,,
2014-01-01,44.0,45.25,43.75,44.9,7950,EQ,,,
2014-01-02,45.0,45.25,43.05,44.2,5675,EQ,,,
2014-01-03,44.25,44.25,43.0,43.0,1488,EQ,,,
2014-01-06,43.25,43.25,41.75,42.5,2556,EQ,,,
2014-01-07,42.25,43.0,41.5,42.0,6667,EQ,,,
2014-01-08,40.0,43.0,40.0,41.5,3036,EQ,,,
2014-01-09,41.75,42.0,40.75,41.55,1839,EQ,,,
2014-01-10,41.5,42.25,41.0,41.3,1269,EQ,,,
2014-01-13,42.3,42.5,40.0,41.2,54306,EQ,,,
2014-01-14,42.2,42.25,40.3,40.4,3686,EQ,,,
2014-01-15,41.0,41.25,40.75,41.0,853,EQ,,,
2014-01-16,41.1,41.25,40.25,40.95,1670,EQ,,,
2014-01-17,40.75,41.2,40.0,40.15,6351,EQ,,,
2014-01-20,40.5,41.1,39.0,39.1,5047,EQ,,,
2014-01-21,39.75,40.0,34.25,35.85,24644,EQ,,,
2014-01-22,37.45,37.45,32.75,33.7,13994,EQ,,,
2014-01-23,34.3,34.3,32.25,32.95,8118,EQ,,,
2014-01-24,33.5,33.5,29.4,31.75,46539,EQ,,,
2014-01-27,32.0,32.5,29.5,29.9,30426,EQ,,,
2014-01-28,31.0,31.25,28.9,29.75,22284,EQ,,,
2014-01-29,31.25,33.75,29.7,31.95,15317,EQ,,,
2014-01-30,32.25,32.35,31.4,32.15,7848,EQ,,,
2014-01-31,32.25,35.75,32.0,35.0,15307,EQ,,,
2014-02-03,35.75,35.75,34.75,34.95,2747,EQ,,,
2014-02-04,32.5,36.75,32.5,36.05,8114,EQ,,,
2014-02-05,36.0,37.5,35.5,37.15,30666,EQ,,,
2014-02-06,38.0,38.0,36.75,37.65,10169,EQ,,,
2014-02-07,38.0,40.6,38.0,40.4,9423,EQ,,,
2014-02-10,40.75,41.1,40.0,40.2,15647,EQ,,,
2014-02-11,40.25,40.95,39.25,40.0,8234,EQ,,,
2014-02-12,38.75,40.1,35.25,39.05,45683,EQ,,,
2014-02-13,39.0,40.0,38.5,38.7,7130,EQ,,,
2014-02-14,38.75,38.75,37.5,38.7,2563,BE,,,
2014-02-17,39.0,39.5,38.5,38.75,3711,BE,,,
2014-02-18,38.75,40.0,38.75,39.5,2739,BE,,,
2014-02-19,39.25,40.5,38.75,40.4,3710,BE,,,
2014-02-20,41.4,41.85,40.0,40.5,8381,BE,,,
2014-02-21,41.25,41.75,38.8,41.6,8002,BE,,,
2014-02-24,41.75,43.0,41.5,42.75,2425,BE,,,
2014-02-25,43.7,43.7,41.95,42.15,21544,BE,,,
2014-02-26,42.75,42.75,41.0,42.0,17625,BE,,,
2014-02-28,42.5,42.9,42.25,42.3,15360,BE,,,
2014-03-03,42.5,42.6,41.5,42.25,57817,BE,,,
2014-03-04,42.25,42.25,41.75,42.25,30496,BE,,,
2014-03-05,42.4,42.75,42.0,42.2,12302,BE,,,
2014-03-06,42.75,43.0,42.1,42.55,4780,BE,,,
2014-03-07,42.75,42.75,42.0,42.2,7898,BE,,,
2014-03-10,42.0,42.5,41.5,42.2,18711,BE,,,
2014-03-11,42.5,43.0,42.25,42.45,9215,BE,,,
2014-03-12,42.75,43.2,42.25,42.75,17557,BE,,,
2014-03-13,42.5,43.5,42.5,43.25,11230,BE,,,
2014-03-14,42.75,43.35,42.5,43.2,55570,BE,,,
2014-03-18,43.5,44.0,42.0,43.7,10729,BE,,,
2014-03-19,43.75,44.25,43.5,43.6,2127,BE,,,
2014-03-20,43.75,43.75,43.0,43.5,5515,BE,,,
2014-03-21,43.25,43.75,43.0,43.65,3631,BE,,,
2014-03-22,44.2,44.2,44.2,44.2,10,BE,,,
2014-03-24,43.5,44.0,43.25,43.4,2324,BE,,,
2014-03-25,43.5,43.55,43.1,43.4,74329,BE,,,
2014-03-26,43.4,43.5,43.0,43.2,37958,BE,,,
2014-03-27,43.75,43.75,43.4,43.5,3360,BE,,,
2014-03-28,44.0,44.0,43.15,43.6,206013,BE,,,
2014-03-31,43.4,43.75,43.1,43.6,12125,BE,,,
2014-04-01,43.25,45.75,43.25,44.9,2583,BE,,,
2014-04-02,44.9,46.65,44.75,46.2,2259,BE,,,
2014-04-03,45.75,46.0,45.5,45.75,9895,BE,,,
2014-04-04,45.75,46.25,45.5,46.1,20064,BE,,,
2014-04-07,46.25,46.25,45.5,46.0,31919,BE,,,
2014-04-09,46.0,47.75,45.9,47.1,7826,BE,,,
2014-04-10,47.5,47.75,46.25,47.5,2466,BE,,,
2014-04-11,47.0,47.55,46.9,47.5,2604,BE,,,
2014-04-15,47.75,47.75,47.05,47.3,8565,BE,,,
2014-04-16,47.75,48.65,47.5,47.9,8265,BE,,,
2014-04-17,47.5,48.5,47.1,48.25,5838,BE,,,
2014-04-21,47.5,50.0,46.75,49.8,4344,BE,,,
2014-04-22,49.8,50.45,49.5,49.5,8459,BE,,,
2014-04-23,49.5,49.5,47.0,48.7,4205,BE,,,
2014-04-25,49.0,49.5,46.5,46.9,3146,BE,,,
2014-04-28,49.0,49.0,47.75,48.95,4422,BE,,,
2014-04-29,48.5,48.5,47.5,48.45,2400,BE,,,
2014-04-30,49.0,49.5,47.3,48.3,14226,BE,,,
2014-05-02,48.5,49.0,48.0,49.0,55478,BE,,,
2014-05-05,48.5,50.3,48.25,50.25,10531,BE,,,
2014-05-06,50.0,50.5,49.75,50.25,30354,BE,,,
2014-05-07,50.0,50.25,50.0,50.0,3816,BE,,,
2014-05-08,50.25,50.75,50.25,50.55,6778,BE,,,
2014-05-09,50.25,50.9,50.0,50.25,56821,BE,,,
2014-05-12,50.25,51.5,49.8,51.0,32561,BE,,,
2014-05-13,51.25,51.75,50.25,51.4,7986,BE,,,
2014-05-14,51.75,53.25,51.75,53.0,11861,BE,,,
2014-05-15,52.75,54.5,51.75,53.8,9596,BE,,,
2014-05-16,54.7,55.0,53.75,54.25,54737,BE,,,
2014-05-19,54.5,55.75,52.5,55.4,7068,BE,,,
2014-05-20,55.5,55.5,54.0,54.0,1849,BE,,,
2014-05-21,54.25,54.25,52.5,52.65,2835,BE,,,
2014-05-22,52.5,52.5,50.05,50.75,36029,BE,,,
2014-05-23,50.75,53.0,50.4,52.5,4267,BE,,,
2014-05-26,53.25,54.45,52.25,52.6,5149,BE,,,
2014-05-27,55.2,55.2,52.5,53.1,3278,BE,,,
2014-05-28,53.0,55.7,53.0,55.7,36715,BE,,,
2014-05-29,56.75,57.5,55.8,57.1,22271,BE,,,
2014-06-02,40.4,42.5,40.4,40.45,3656,BE,,,
2014-06-03,41.95,42.2,40.75,42.1,2069,BE,,,
2014-06-04,43.5,43.5,42.2,42.5,913,BE,,,
2014-06-05,43.0,43.1,42.5,43.1,1537,BE,,,
2014-06-06,42.5,43.5,42.0,43.5,2784,BE,,,
2014-06-09,43.5,45.35,42.5,43.6,3270,BE,,,
2014-06-10,43.5,44.1,43.5,43.7,1850,BE,,,
2014-06-11,43.25,44.2,43.0,43.75,3760,BE,,,
2014-06-12,43.25,44.0,43.0,43.7,1621,BE,,,
2014-06-13,43.3,43.75,42.25,43.1,4830,EQ,,,
2014-06-16,43.25,43.45,42.25,43.0,1162,EQ,,,
2014-06-17,42.5,43.0,42.5,43.0,410,EQ,,,
2014-06-18,43.0,43.0,41.75,42.5,4031,EQ,,,
2014-06-19,42.25,42.45,41.8,42.0,748,EQ,,,
2014-06-20,42.0,42.5,42.0,42.5,591,EQ,,,
2014-06-23,42.25,42.55,42.25,42.4,443,EQ,,,
2014-06-24,42.25,43.5,42.0,43.1,4073,EQ,,,
2014-06-25,43.0,43.0,42.75,42.8,1138,EQ,,,
2014-06-26,42.75,43.5,42.5,43.5,260,EQ,,,
2014-06-27,42.5,45.0,42.4,44.0,17414,EQ,,,
2014-06-30,44.25,46.2,44.25,46.0,3114,EQ,,,
2014-07-01,45.65,47.5,45.65,47.25,3714,EQ,,,
2014-07-02,46.5,49.6,46.5,49.55,5239,EQ,,,
2014-07-03,48.5,51.25,48.5,50.3,2396,EQ,,,
2014-07-04,50.25,51.85,50.25,51.25,2121,EQ,,,
2014-07-07,51.5,52.5,51.5,52.0,3553,EQ,,,
2014-07-08,51.5,52.4,51.25,51.4,2769,EQ,,,
2014-07-09,51.9,52.1,50.75,51.5,3904,EQ,,,
2014-07-10,51.5,52.35,49.75,51.7,6134,EQ,,,
2014-07-11,52.25,52.75,51.5,51.8,3899,EQ,,,
2014-07-14,52.0,53.1,52.0,52.65,2310,EQ,,,
2014-07-15,52.5,54.8,52.25,53.55,5711,EQ,,,
2014-07-16,55.5,55.5,53.75,54.45,3128,EQ,,,
2014-07-17,54.65,55.0,52.5,54.85,5972,EQ,,,
2014-07-18,54.75,55.75,54.5,55.6,6856,EQ,,,
2014-07-21,57.0,57.0,55.25,55.5,2201,EQ,,,
2014-07-22,56.0,56.0,55.5,55.55,2350,EQ,,,
2014-07-23,55.5,56.0,54.75,55.9,2424,EQ,,,
2014-07-24,55.5,56.0,55.25,55.8,611,EQ,,,
2014-07-25,55.5,56.25,54.75,55.8,1601,EQ,,,
2014-07-28,55.0,56.5,55.0,56.05,1625,EQ,,,
2014-07-30,56.25,56.65,55.4,56.0,14489,EQ,,,
2014-07-31,56.25,56.25,55.0,55.15,1345,EQ,,,
2014-08-01,55.0,55.75,55.0,55.2,1208,EQ,,,
2014-08-04,54.5,55.75,54.5,55.25,923,EQ,,,
2014-08-05,55.55,57.0,54.75,55.85,11745,EQ,,,
2014-08-06,55.5,56.25,55.5,55.5,731,EQ,,,
2014-08-07,55.5,55.55,55.0,55.05,1619,EQ,,,
2014-08-08,55.25,55.25,54.0,54.4,12079,EQ,,,
2014-08-11,54.75,55.75,54.1,55.7,9443,EQ,,,
2014-08-12,55.25,55.25,55.0,55.0,664,EQ,,,
2014-08-13,55.5,55.5,53.5,54.85,2918,EQ,,,
2014-08-14,55.25,55.5,50.75,52.65,4165,EQ,,,
2014-08-18,50.75,51.75,48.75,50.15,2102,EQ,,,
2014-08-19,51.15,52.0,47.5,48.3,2649,EQ,,,
2014-08-20,48.75,49.25,48.25,48.5,1230,EQ,,,
2014-08-21,47.25,47.75,45.5,46.75,2075,EQ,,,
2014-08-22,46.25,46.25,45.0,45.7,1482,EQ,,,
2014-08-25,47.95,48.5,41.6,46.9,14594,EQ,,,
2014-08-26,47.2,48.25,47.0,47.5,7526,EQ,,,
2014-08-27,46.0,48.6,46.0,48.6,4735,EQ,,,
2014-08-28,48.5,50.5,48.5,50.0,19777,EQ,,,
2014-09-01,51.0,53.6,50.0,51.55,8590,EQ,,,
2014-09-02,53.7,54.5,52.5,52.9,10407,EQ,,,
2014-09-03,53.75,54.45,53.25,54.15,8753,EQ,,,
2014-09-04,54.2,54.25,52.15,52.15,6815,EQ,,,
2014-09-05,52.5,53.5,52.5,53.2,6601,EQ,,,
2014-09-08,54.0,54.6,53.5,54.5,7642,EQ,,,
2014-09-09,54.5,55.0,54.25,55.0,6225,EQ,,,
2014-09-10,55.5,55.6,54.75,55.1,45921,EQ,,,
2014-09-11,57.7,57.7,55.25,55.5,6609,EQ,,,
2014-09-12,56.15,57.0,55.0,56.1,11540,EQ,,,
2014-09-15,56.25,57.2,56.0,56.85,4254,EQ,,,
2014-09-16,57.25,57.25,54.5,55.1,8219,EQ,,,
2014-09-17,55.75,56.5,55.5,56.2,5669,EQ,,,
2014-09-18,56.5,58.4,56.0,57.75,5398,EQ,,,
2014-09-19,58.3,59.4,57.75,58.85,2806,EQ,,,
2014-09-22,58.75,59.7,58.5,59.0,6740,EQ,,,
2014-09-23,59.5,60.2,58.25,58.85,45399,EQ,,,
2014-09-24,59.0,59.4,57.5,59.0,14265,EQ,,,
2014-09-25,59.0,59.5,57.0,58.6,15545,EQ,,,
2014-09-26,59.0,59.0,57.75,58.7,18210,EQ,,,
2014-09-29,58.75,59.4,58.0,58.6,4659,EQ,,,
2014-09-30,58.75,58.75,57.5,58.3,5333,EQ,,,
2014-10-01,58.75,59.25,58.35,58.65,5615,EQ,,,
2014-10-07,58.25,58.5,57.5,57.8,6485,EQ,,,
2014-10-08,57.5,58.5,57.5,58.2,1859,EQ,,,
2014-10-09,57.5,58.5,57.5,58.2,3797,EQ,,,
2014-10-10,57.75,58.1,57.25,57.45,4180,EQ,,,
2014-10-13,57.25,58.25,57.25,58.1,5816,EQ,,,
2014-10-14,58.2,58.2,57.25,57.9,5090,EQ,,,
2014-10-16,57.5,57.6,56.6,57.4,5278,EQ,,,
2014-10-17,57.5,57.9,56.25,56.45,7581,EQ,,,
2014-10-20,57.5,57.85,56.0,56.5,7709,EQ,,,
2014-10-21,56.2,57.5,54.0,56.15,17782,EQ,,,
2014-10-22,56.75,56.75,55.0,56.05,30714,EQ,,,
2014-10-23,57.0,57.2,55.75,56.6,2791,EQ,,,
2014-10-27,56.25,57.5,55.5,55.5,3846,EQ,,,
2014-10-28,55.0,56.7,54.75,56.55,7978,EQ,,,
2014-10-29,56.65,57.75,55.6,57.2,6472,EQ,,,
2014-10-30,56.25,57.5,56.25,57.05,7488,EQ,,,
2014-10-31,56.6,57.5,55.25,56.4,11723,EQ,,,
2014-11-03,56.6,57.9,56.0,56.45,5565,EQ,,,
2014-11-05,56.25,57.0,55.75,56.0,4225,EQ,,,
2014-11-07,56.6,57.5,55.2,55.7,14883,EQ,,,
2014-11-10,56.0,56.3,55.5,55.9,9113,EQ,,,
2014-11-11,56.75,57.75,55.5,56.1,9327,EQ,,,
2014-11-12,57.0,57.7,55.5,55.75,26600,EQ,,,
2014-11-13,56.45,56.45,55.25,55.7,52707,EQ,,,
2014-11-14,55.5,56.0,55.45,55.55,6086,EQ,,,
2014-11-17,56.05,56.75,55.3,56.05,10136,EQ,,,
2014-11-18,56.25,57.65,56.25,57.55,5592,EQ,,,
2014-11-19,57.5,58.7,57.25,57.5,4743,EQ,,,
2014-11-20,57.5,57.8,57.25,57.5,7478,EQ,,,
2014-11-21,57.75,58.5,57.5,57.55,55320,EQ,,,
2014-11-24,57.75,58.2,57.5,58.15,78052,EQ,,,
2014-11-25,57.5,57.6,55.95,56.35,5162,EQ,,,
2014-11-26,56.5,57.05,56.5,57.0,3476,EQ,,,
2014-11-27,56.9,57.25,55.75,55.8,5987,EQ,,,
2014-11-28,56.5,57.0,55.75,55.9,4055,EQ,,,
2014-12-01,57.25,57.25,55.75,55.95,8503,EQ,,,
2014-12-02,55.8,56.05,54.55,55.45,3380,EQ,,,
2014-12-03,55.5,56.25,55.25,55.75,2437,EQ,,,
2014-12-04,56.25,56.5,55.5,55.85,3796,EQ,,,
2014-12-05,55.3,55.9,54.0,54.35,13932,EQ,,,
2014-12-08,54.75,56.4,54.75,55.6,4659,EQ,,,
2014-12-09,56.0,56.25,55.25,55.6,41088,EQ,,,
2014-12-10,56.0,57.2,55.75,55.75,4734,EQ,,,
2014-12-11,56.1,57.0,55.5,55.8,1889,EQ,,,
2014-12-12,55.5,56.65,55.5,55.5,3158,EQ,,,
2014-12-15,55.75,55.75,55.25,55.45,1229,EQ,,,
2014-12-16,55.0,56.0,54.0,55.15,4184,EQ,,,
2014-12-17,55.5,56.5,55.3,56.15,2629,EQ,,,
2014-12-18,56.8,57.0,56.5,56.5,1026,EQ,,,
2014-12-19,57.0,57.7,56.75,56.75,1425,EQ,,,
2014-12-22,56.75,56.75,56.5,56.5,326,EQ,,,
2014-12-23,57.5,57.5,56.0,56.15,6926,EQ,,,
2014-12-24,56.3,56.3,55.75,56.25,1642,EQ,,,
2014-12-26,56.25,56.4,56.0,56.0,623,EQ,,,
2014-12-29,56.75,56.75,55.8,55.9,2850,EQ,,,
2014-12-30,56.25,56.65,55.85,56.0,1159,EQ,,,
2014-12-31,56.4,56.5,55.8,55.9,1250,EQ,,,
2015-01-01,56.0,56.1,55.75,55.85,1044,EQ,,,
2015-01-02,56.5,56.5,55.8,55.8,1066,EQ,,,
2015-01-05,56.0,56.0,55.6,55.6,1413,EQ,,,
2015-01-06,55.75,55.95,54.5,55.15,2980,EQ,,,
2015-01-07,55.25,55.25,55.0,55.25,307,EQ,,,
2015-01-08,55.75,56.0,55.25,55.5,1852,EQ,,,
2015-01-09,55.7,56.25,55.25,55.5,1998,EQ,,,
2015-01-12,52.5,61.6,52.5,56.55,4443,EQ,,,
2015-01-13,58.1,62.5,57.5,58.65,6975,EQ,,,
2015-01-14,59.0,59.0,58.45,58.85,1472,EQ,,,
2015-01-15,58.7,60.0,58.7,59.3,2034,EQ,,,
2015-01-16,58.7,59.5,58.2,59.05,2232,EQ,,,
2015-01-19,59.3,61.25,59.25,60.85,6123,EQ,,,
2015-01-20,57.75,64.45,57.75,61.3,4049,EQ,,,
2015-01-21,61.25,61.75,59.8,60.6,1778,EQ,,,
2015-01-22,60.5,60.65,57.5,58.0,2224,EQ,,,
2015-01-23,58.5,58.5,57.5,57.5,3161,EQ,,,
2015-01-27,57.25,57.6,56.25,57.1,3040,EQ,,,
2015-01-28,57.0,57.5,56.75,56.75,489,EQ,,,
2015-01-29,56.8,57.0,56.25,56.25,1074,EQ,,,
2015-01-30,56.0,56.25,55.5,55.5,701,EQ,,,
2015-02-02,55.5,55.5,54.75,55.5,3602,EQ,,,
2015-02-03,55.5,56.0,55.25,55.3,817,EQ,,,
2015-02-04,55.5,55.9,55.0,55.2,6353,EQ,,,
2015-02-05,55.0,55.4,54.5,54.95,5807,EQ,,,
2015-02-06,54.75,54.75,53.75,54.5,3249,EQ,,,
2015-02-09,51.0,54.6,51.0,54.5,424,EQ,,,
2015-02-10,54.5,54.5,54.25,54.4,712,EQ,,,
2015-02-11,54.25,54.5,54.0,54.05,922,EQ,,,
2015-02-12,54.0,54.4,53.5,54.0,3103,EQ,,,
2015-02-13,54.0,54.2,53.5,54.2,695,EQ,,,
2015-02-16,56.75,56.75,53.25,54.6,3088,EQ,,,
2015-02-18,55.75,58.25,55.5,57.6,14416,EQ,,,
2015-02-19,58.0,59.1,58.0,58.3,3776,EQ,,,
2015-02-20,59.0,60.75,58.5,59.7,12895,EQ,,,
2015-02-23,60.5,63.8,59.5,62.5,14293,EQ,,,
2015-02-24,64.7,66.2,63.35,64.0,15088,EQ,,,
2015-02-25,63.5,64.75,61.75,64.1,13186,EQ,,,
2015-02-26,64.5,65.0,63.25,63.9,6218,EQ,,,
2015-02-27,64.5,65.5,63.5,64.9,6225,EQ,,,
2015-02-28,66.95,67.0,63.5,65.1,5859,EQ,,,
2015-03-02,66.8,66.9,61.5,62.9,15531,EQ,,,
2015-03-03,64.95,66.7,64.75,65.0,6800,EQ,,,
2015-03-04,66.5,66.5,65.0,65.0,6735,EQ,,,
2015-03-05,66.2,66.2,65.0,65.35,7395,EQ,,,
2015-03-09,65.25,66.0,65.0,65.0,30125,EQ,,,
2015-03-10,65.25,65.6,64.8,65.0,31976,EQ,,,
2015-03-11,65.25,65.5,64.5,64.9,34031,EQ,,,
2015-03-12,65.0,65.95,64.9,64.9,16956,EQ,,,
2015-03-13,65.05,65.2,63.0,63.4,25299,EQ,,,
2015-03-16,63.25,63.35,61.75,62.85,108394,EQ,,,
2015-03-17,63.0,65.3,60.1,61.8,18579,EQ,,,
2015-03-18,60.75,62.85,60.75,62.1,41210,EQ,,,
2015-03-19,62.25,63.25,61.0,61.15,37323,EQ,,,
2015-03-20,62.25,62.4,61.0,61.8,42532,EQ,,,
2015-03-23,61.9,62.05,61.25,61.5,11138,EQ,,,
2015-03-24,61.6,62.05,61.5,61.5,31284,EQ,,,
2015-03-25,61.5,62.35,61.25,61.45,22812,EQ,,,
2015-03-26,61.5,61.55,60.8,61.15,18825,EQ,,,
2015-03-27,61.25,62.1,60.8,61.0,8742,EQ,,,
2015-03-30,61.25,64.5,61.25,63.15,28946,EQ,,,
2015-03-31,63.0,64.9,57.25,61.45,38853,EQ,,,
2015-04-01,61.75,64.7,61.5,63.5,8346,EQ,,,
2015-04-06,63.5,67.5,63.25,64.3,26697,EQ,,,
2015-04-07,64.5,65.7,63.5,64.4,21284,EQ,,,
2015-04-08,64.6,66.15,63.8,63.8,6974,EQ,,,
2015-04-09,64.0,67.8,63.85,66.6,14948,EQ,,,
2015-04-10,66.5,69.45,66.5,68.7,11515,EQ,,,
2015-04-13,67.8,70.95,67.5,67.95,8174,EQ,,,
2015-04-15,67.8,68.15,63.65,66.15,4877,EQ,,,
2015-04-16,66.2,66.75,65.0,65.35,4828,EQ,,,
2015-04-17,65.35,66.1,64.95,65.9,3056,EQ,,,
2015-04-20,65.9,66.25,64.75,64.75,5239,EQ,,,
2015-04-21,65.0,66.75,62.5,65.65,6694,EQ,,,
2015-04-22,65.6,66.4,65.0,65.0,3531,EQ,,,
2015-04-23,65.1,66.0,64.75,64.9,3109,EQ,,,
2015-04-24,65.05,65.75,62.25,63.6,5115,EQ,,,
2015-04-27,64.0,64.25,62.25,62.35,4098,EQ,,,
2015-04-28,63.75,65.95,63.1,64.1,594,EQ,,,
2015-04-29,64.25,64.95,63.5,63.5,939,EQ,,,
2015-04-30,63.0,63.4,63.0,63.1,3063,EQ,,,
2015-05-04,65.0,65.0,63.0,63.95,4196,EQ,,,
2015-05-05,64.5,66.25,64.5,65.0,444,EQ,,,
2015-05-06,64.5,64.95,63.3,63.3,4255,EQ,,,
2015-05-07,63.0,63.05,60.9,61.9,1975,EQ,,,
2015-05-08,64.95,64.95,62.5,62.5,497,EQ,,,
2015-05-11,62.55,63.5,62.25,63.45,7828,EQ,,,
2015-05-12,62.75,63.1,62.0,62.7,2645,EQ,,,
2015-05-13,62.5,64.7,61.4,64.25,4955,EQ,,,
2015-05-14,64.25,65.3,62.5,62.9,1728,EQ,,,
2015-05-15,63.1,64.5,62.5,62.5,371,EQ,,,
2015-05-18,64.0,64.0,62.25,62.25,952,EQ,,,
2015-05-19,62.5,62.5,62.5,62.5,294,EQ,,,
2015-05-20,63.7,67.25,63.25,64.95,9153,EQ,,,
2015-05-21,66.0,66.0,64.5,64.5,4517,EQ,,,
2015-05-22,65.0,66.0,63.25,65.25,2071,EQ,,,
2015-05-25,63.75,64.6,59.25,61.6,16196,EQ,,,
2015-05-26,61.5,62.45,60.75,61.15,1505,EQ,,,
2015-05-27,61.25,61.5,60.5,61.05,1946,EQ,,,
2015-05-28,61.0,61.0,59.05,59.7,1908,EQ,,,
2015-05-29,60.0,60.75,59.25,59.25,926,EQ,,,
2015-06-01,60.0,61.2,58.0,58.65,4781,EQ,,,
2015-06-02,58.75,58.75,55.3,56.95,7971,EQ,,,
2015-06-03,57.0,58.25,54.5,55.75,4019,EQ,,,
2015-06-04,56.25,56.25,55.75,55.75,689,EQ,,,
2015-06-05,55.75,57.45,55.5,56.1,2602,EQ,,,
2015-06-08,58.8,58.8,55.75,55.8,530,EQ,,,
2015-06-09,55.75,55.9,55.5,55.65,1050,EQ,,,
2015-06-10,55.5,64.4,55.4,55.4,823,EQ,,,
2015-06-11,54.1,56.0,53.75,55.0,1419,EQ,,,
2015-06-12,55.5,57.75,51.45,56.4,4861,EQ,,,
2015-06-15,56.4,57.75,55.0,56.6,6965,EQ,,,
2015-06-16,57.0,57.6,56.75,57.5,2418,EQ,,,
2015-06-17,57.0,57.0,56.25,56.25,2272,EQ,,,
2015-06-18,56.25,57.25,55.75,56.2,2602,EQ,,,
2015-06-19,56.0,56.5,55.75,55.9,298,EQ,,,
2015-06-22,56.0,57.2,55.5,56.25,702,EQ,,,
2015-06-23,56.25,56.75,55.0,55.0,1278,EQ,,,
2015-06-24,56.5,56.5,54.75,54.75,3140,EQ,,,
2015-06-25,55.0,55.75,54.5,54.5,1690,EQ,,,
2015-06-26,55.0,55.0,54.4,54.4,2043,EQ,,,
2015-06-29,54.25,54.5,54.0,54.0,407,EQ,,,
2015-06-30,54.0,54.0,53.75,53.75,2373,EQ,,,
2015-07-01,53.8,54.75,53.75,54.25,1116,EQ,,,
2015-07-02,54.3,55.75,54.25,54.65,995,EQ,,,
2015-07-03,54.5,54.6,54.0,54.0,1980,EQ,,,
2015-07-06,54.0,57.25,53.5,55.1,4028,EQ,,,
2015-07-07,56.0,57.5,55.0,55.5,914,EQ,,,
2015-07-08,55.5,57.0,55.0,55.1,1240,EQ,,,
2015-07-09,57.5,60.0,55.4,57.5,13014,EQ,,,
2015-07-10,58.75,64.25,58.75,61.1,9407,EQ,,,
2015-07-13,63.0,63.6,60.1,60.85,13736,EQ,,,
2015-07-14,61.25,61.95,56.8,58.0,4427,EQ,,,
2015-07-15,56.75,58.5,56.75,57.1,2534,EQ,,,
2015-07-16,57.0,58.5,56.75,58.0,892,EQ,,,
2015-07-17,63.0,69.25,55.1,56.6,4515,EQ,,,
2015-07-20,56.75,57.5,56.5,56.9,1780,EQ,,,
2015-07-21,57.5,57.5,55.5,55.85,2128,EQ,,,
2015-07-22,56.5,57.5,55.75,56.25,1426,EQ,,,
2015-07-23,56.25,56.3,55.05,55.45,3952,EQ,,,
2015-07-24,55.25,55.3,55.0,55.15,1435,EQ,,,
2015-07-27,52.5,55.5,52.5,55.0,1595,EQ,,,
2015-07-28,54.5,55.75,54.5,54.9,1129,EQ,,,
2015-07-29,54.9,54.9,54.25,54.25,326,EQ,,,
2015-07-30,55.4,55.4,53.75,53.9,2289,EQ,,,
2015-07-31,55.5,58.4,54.25,55.2,2098,EQ,,,
2015-08-03,56.2,57.0,54.75,55.35,1714,EQ,,,
2015-08-04,55.25,55.25,54.75,54.8,490,EQ,,,
2015-08-05,55.5,56.0,54.9,55.1,10906,EQ,,,
2015-08-06,56.2,56.25,55.0,55.65,5134,EQ,,,
2015-08-07,55.3,56.25,54.5,54.55,4425,EQ,,,
2015-08-10,55.0,55.5,54.5,54.5,2856,EQ,,,
2015-08-11,54.5,54.75,53.25,53.35,1265,EQ,,,
2015-08-12,55.0,60.5,55.0,58.45,40991,EQ,,,
2015-08-13,59.0,59.2,55.6,55.7,2909,EQ,,,
2015-08-14,55.9,56.5,54.5,55.4,3192,EQ,,,
2015-08-17,56.75,56.75,55.8,56.25,1677,EQ,,,
2015-08-18,55.0,56.25,54.25,55.05,4661,EQ,,,
2015-08-19,55.5,56.25,55.0,55.5,1892,EQ,,,
2015-08-20,55.5,56.0,54.75,55.25,1648,EQ,,,
2015-08-21,55.5,55.85,54.75,55.25,9330,EQ,,,
2015-08-24,55.7,55.7,51.4,53.85,4758,EQ,,,
2015-08-25,53.05,55.0,48.75,53.7,7929,EQ,,,
2015-08-26,54.1,55.0,51.6,52.3,6584,EQ,,,
2015-08-27,54.5,55.4,53.05,53.4,4084,EQ,,,
2015-08-28,53.75,54.5,53.0,54.0,3778,EQ,,,
2015-08-31,54.5,54.5,53.5,53.55,380,EQ,,,
2015-09-01,54.75,54.75,53.0,53.0,296,EQ,,,
2015-09-02,55.0,55.0,52.5,52.6,1537,EQ,,,
2015-09-03,53.0,53.4,52.5,53.35,251,EQ,,,
2015-09-04,53.0,53.75,52.5,53.0,402,EQ,,,
2015-09-07,52.75,52.75,51.75,52.1,1265,EQ,,,
2015-09-08,52.0,53.0,51.5,51.8,903,EQ,,,
2015-09-09,53.75,53.75,52.5,52.5,527,EQ,,,
2015-09-10,52.5,53.1,52.25,52.25,412,EQ,,,
2015-09-11,51.0,53.25,51.0,51.6,586,EQ,,,
2015-09-14,52.5,52.5,51.0,51.0,60,EQ,,,
2015-09-15,51.4,52.5,50.75,50.9,432,EQ,,,
2015-09-16,50.25,52.0,50.0,51.0,332,EQ,,,
2015-09-18,50.75,52.2,50.5,51.75,359,EQ,,,
2015-09-21,56.0,56.0,50.0,50.75,413,EQ,,,
2015-09-22,50.5,50.75,50.0,50.15,465,EQ,,,
2015-09-23,50.0,51.45,49.5,49.5,452,EQ,,,
2015-09-24,51.2,51.2,45.75,49.3,10300,EQ,,,
2015-09-28,49.25,50.0,48.75,48.75,10451,EQ,,,
2015-09-29,48.75,49.5,48.25,48.7,4636,EQ,,,
2015-09-30,48.5,48.75,48.5,48.7,2815,EQ,,,
2015-10-01,48.5,50.0,47.5,48.15,1268,EQ,,,
2015-10-05,47.9,49.45,47.9,48.75,6129,EQ,,,
2015-10-06,48.3,51.0,48.25,49.0,272070,EQ,,,
2015-10-07,51.7,51.85,48.75,49.4,14680,EQ,,,
2015-10-08,49.95,51.0,49.25,49.75,21846,EQ,,,
2015-10-09,50.4,54.5,49.25,49.7,4246,EQ,,,
2015-10-12,51.25,51.25,49.5,49.5,1822,EQ,,,
2015-10-13,50.5,50.6,49.25,50.1,3885,EQ,,,
2015-10-14,51.25,51.25,49.5,49.75,3371,EQ,,,
2015-10-15,50.5,51.25,49.75,49.9,3186,EQ,,,
2015-10-16,51.25,51.25,50.0,50.0,3027,EQ,,,
2015-10-19,51.1,51.1,50.0,50.3,2020,EQ,,,
2015-10-20,50.5,50.5,49.75,50.0,3085,EQ,,,
2015-10-21,50.1,52.2,49.75,50.6,11757,EQ,,,
2015-10-23,51.6,51.6,50.25,50.75,2697,EQ,,,
2015-10-26,52.0,55.7,50.0,50.6,1391,EQ,,,
2015-10-27,51.25,51.25,50.5,50.55,601,EQ,,,
2015-10-28,50.25,51.5,50.25,50.7,2960,EQ,,,
2015-10-29,50.5,51.5,49.5,50.1,2906,EQ,,,
2015-10-30,51.9,51.9,49.75,49.75,918,EQ,,,
2015-11-02,50.0,50.7,49.5,50.0,2106,EQ,,,
2015-11-03,50.0,50.0,49.5,49.65,1395,EQ,,,
2015-11-04,49.75,51.0,49.75,50.0,1052,EQ,,,
2015-11-05,50.0,50.0,49.25,49.5,979,EQ,,,
2015-11-06,49.5,49.5,48.75,49.1,1814,EQ,,,
2015-11-09,48.5,50.5,48.25,49.55,1933,EQ,,,
2015-11-10,50.75,54.5,50.75,53.45,4843,EQ,,,
2015-11-11,53.75,54.5,53.75,54.0,1162,EQ,,,
2015-11-13,54.75,55.0,53.5,53.6,2718,EQ,,,
2015-11-16,53.5,55.0,53.25,53.25,2693,EQ,,,
2015-11-17,53.75,54.25,52.5,52.7,1777,EQ,,,
2015-11-18,53.25,53.25,52.25,52.25,505,EQ,,,
2015-11-19,52.75,53.7,52.5,52.5,293,EQ,,,
2015-11-20,52.5,52.75,52.25,52.25,506,EQ,,,
2015-11-23,52.5,56.2,52.25,54.65,2803,EQ,,,
2015-11-24,54.0,57.0,54.0,54.85,2146,EQ,,,
2015-11-26,54.8,55.5,54.25,55.0,2264,EQ,,,
2015-11-27,55.7,55.7,54.0,54.1,720,EQ,,,
2015-11-30,54.15,54.4,53.5,53.6,660,EQ,,,
2015-12-01,54.7,54.7,53.5,53.5,770,EQ,,,
2015-12-02,53.5,53.9,53.25,53.25,225,EQ,,,
2015-12-03,53.25,53.25,52.25,52.7,1162,EQ,,,
2015-12-04,52.75,53.15,52.25,52.5,582,EQ,,,
2015-12-07,53.75,54.5,52.5,53.4,404,EQ,,,
2015-12-08,53.0,53.25,50.75,52.55,2383,EQ,,,
2015-12-09,52.5,53.0,52.5,52.8,1733,EQ,,,
2015-12-10,52.75,53.75,52.75,53.1,2446,EQ,,,
2015-12-11,53.25,53.25,53.0,53.2,651,EQ,,,
2015-12-14,53.25,53.4,53.25,53.4,286,EQ,,,
2015-12-15,54.95,54.95,54.95,54.95,15,EQ,,,
2015-12-16,54.95,54.95,53.0,54.15,2109,EQ,,,
2015-12-17,53.5,54.4,53.5,53.75,2530,EQ,,,
2015-12-18,53.9,54.0,53.75,54.0,3667,EQ,,,
2015-12-21,54.1,54.75,54.0,54.5,2458,EQ,,,
2015-12-22,55.2,55.75,55.0,55.0,3669,EQ,,,
2015-12-23,55.35,57.15,55.0,56.4,5027,EQ,,,
2015-12-24,56.5,63.95,54.0,62.5,504048,EQ,,,
2015-12-28,64.3,64.3,60.1,61.65,87723,EQ,,,
2015-12-29,61.25,62.5,59.4,60.25,35636,EQ,,,
2015-12-30,58.75,61.25,58.75,60.15,12558,EQ,,,
2015-12-31,60.1,61.1,59.75,60.2,8198,EQ,,,
2016-01-01,60.0,62.45,56.95,58.2,4980,EQ,,,
2016-01-04,59.35,60.0,56.45,57.3,6506,EQ,,,
2016-01-05,58.25,59.75,57.0,58.5,5158,EQ,,,
2016-01-06,59.0,59.6,57.0,57.1,9319,EQ,,,
2016-01-07,56.75,57.1,54.1,55.1,13816,EQ,,,
2016-01-08,55.0,58.2,55.0,57.8,13723,EQ,,,
2016-01-11,55.55,57.5,55.55,56.45,1241,EQ,,,
2016-01-12,56.5,57.25,52.9,54.45,10525,EQ,,,
2016-01-13,55.0,55.95,51.75,54.65,23177,EQ,,,
2016-01-14,53.5,62.2,53.5,60.6,189293,EQ,,,
2016-01-15,61.7,62.5,58.0,58.5,42470,EQ,,,
2016-01-18,59.35,59.4,53.8,55.9,16023,EQ,,,
2016-01-19,55.75,58.5,54.8,56.35,12447,EQ,,,
2016-01-20,55.5,56.1,52.5,54.65,11538,EQ,,,
2016-01-21,55.85,57.5,55.05,56.9,7978,EQ,,,
2016-01-22,61.0,61.0,56.5,57.3,9090,EQ,,,
2016-01-25,57.25,59.25,55.8,57.3,8587,EQ,,,
2016-01-27,58.0,58.5,56.75,57.15,4007,EQ,,,
2016-01-28,59.5,59.5,57.05,58.05,5570,EQ,,,
2016-01-29,58.7,58.7,56.75,57.2,8961,EQ,,,
2016-02-01,57.5,58.2,57.05,57.5,4436,EQ,,,
2016-02-02,56.35,60.0,56.35,57.95,26249,EQ,,,
2016-02-03,57.75,58.6,56.75,57.4,9311,EQ,,,
2016-02-04,57.5,58.5,56.0,56.7,5978,EQ,,,
2016-02-05,57.2,58.2,55.5,56.7,2466,EQ,,,
2016-02-08,57.4,57.4,55.5,56.6,1990,EQ,,,
2016-02-09,56.0,57.25,55.8,55.8,9305,EQ,,,
2016-02-10,56.0,56.0,52.9,55.1,19131,EQ,,,
2016-02-11,55.05,56.0,51.5,54.2,32227,EQ,,,
2016-02-12,55.0,55.6,51.75,55.05,10880,EQ,,,
2016-02-15,54.5,57.5,54.5,56.4,6914,EQ,,,
2016-02-16,55.2,57.1,55.2,56.5,6197,EQ,,,
2016-02-17,57.1,58.0,55.5,56.55,9169,EQ,,,
2016-02-18,57.25,58.4,55.85,57.5,13862,EQ,,,
2016-02-19,56.85,58.0,56.85,57.55,3855,EQ,,,
2016-02-22,55.8,57.5,55.8,57.25,2989,EQ,,,
2016-02-23,56.7,57.0,55.8,56.2,14808,EQ,,,
2016-02-24,56.0,56.5,55.3,55.5,2144,EQ,,,
2016-02-25,55.6,56.45,55.0,55.15,782,EQ,,,
2016-02-26,56.2,56.2,52.25,52.9,18067,EQ,,,
2016-02-29,53.7,54.5,52.75,53.2,1715,EQ,,,
2016-03-01,54.4,56.25,53.75,56.0,2226,EQ,,,
2016-03-02,50.25,57.0,50.25,56.25,5750,EQ,,,
2016-03-03,58.95,59.0,55.3,57.05,1465,EQ,,,
2016-03-04,57.4,57.5,56.0,56.5,3782,EQ,,,
2016-03-08,56.5,57.25,56.5,56.5,3436,EQ,,,
2016-03-09,56.5,56.75,55.25,56.55,4119,EQ,,,
2016-03-10,56.8,57.25,56.2,56.25,19311,EQ,,,
2016-03-11,57.2,57.25,55.75,55.95,22244,EQ,,,
2016-03-14,56.45,57.2,56.0,56.7,27038,EQ,,,
2016-03-15,56.75,57.05,56.25,56.5,2518,EQ,,,
2016-03-16,56.0,57.0,55.6,56.45,25028,EQ,,,
2016-03-17,56.55,58.0,56.25,57.3,3024,EQ,,,
2016-03-18,57.25,58.25,56.5,57.5,3765,EQ,,,
2016-03-21,57.3,57.95,56.3,57.6,1156,EQ,,,
2016-03-22,57.1,57.5,56.6,56.6,1291,EQ,,,
2016-03-23,56.25,57.2,55.75,56.0,14696,EQ,,,
2016-03-28,56.0,57.45,56.0,56.0,2131,EQ,,,
2016-03-29,56.25,56.6,55.0,55.35,4109,EQ,,,
2016-03-30,56.25,57.5,55.25,56.55,4035,EQ,,,
2016-03-31,58.75,58.75,56.1,57.5,2533,EQ,,,
2016-04-01,58.0,58.75,57.5,57.9,3132,EQ,,,
2016-04-04,58.15,61.5,58.15,59.35,5390,EQ,,,
2016-04-05,59.15,59.25,58.0,58.25,1783,EQ,,,
2016-04-06,59.2,59.9,57.5,59.45,2986,EQ,,,
2016-04-07,58.3,58.7,57.25,58.0,4857,EQ,,,
2016-04-08,56.55,58.1,55.5,56.5,5927,EQ,,,
2016-04-11,56.75,58.75,56.5,58.35,4793,EQ,,,
2016-04-12,58.75,59.25,57.85,58.55,3915,EQ,,,
2016-04-13,59.25,61.25,58.4,58.6,4353,EQ,,,
2016-04-18,58.75,58.75,57.75,58.15,2735,EQ,,,
2016-04-20,57.5,58.25,57.5,58.0,1683,EQ,,,
2016-04-21,57.55,58.25,57.3,57.8,3633,EQ,,,
2016-04-22,58.0,58.5,57.25,57.5,1447,EQ,,,
2016-04-25,57.75,58.5,57.5,58.5,1897,EQ,,,
2016-04-26,58.05,59.0,57.0,58.4,6812,EQ,,,
2016-04-27,58.2,58.2,57.5,57.8,1578,EQ,,,
2016-04-28,57.5,58.5,57.25,57.65,2046,EQ,,,
2016-04-29,57.5,58.25,57.5,57.65,2033,EQ,,,
2016-05-02,58.1,58.75,57.5,58.3,4654,EQ,,,
2016-05-03,60.0,60.5,58.25,59.15,5826,EQ,,,
2016-05-04,58.3,59.15,57.5,58.2,4321,EQ,,,
2016-05-05,58.3,59.4,57.95,58.8,4154,EQ,,,
2016-05-06,58.8,59.0,57.75,57.9,2577,EQ,,,
2016-05-09,58.0,58.75,57.5,58.0,3340,EQ,,,
2016-05-10,59.5,59.5,57.85,59.1,5600,EQ,,,
2016-05-11,58.8,58.8,57.8,58.15,2158,EQ,,,
2016-05-12,58.0,60.0,57.55,59.65,7159,EQ,,,
2016-05-13,59.5,59.9,58.3,58.8,1332,EQ,,,
2016-05-16,58.5,59.2,58.05,58.9,3266,EQ,,,
2016-05-17,58.3,60.0,58.3,59.7,6523,EQ,,,
2016-05-18,58.75,60.0,58.75,59.65,1389,EQ,,,
2016-05-19,60.45,60.45,58.75,58.75,2449,EQ,,,
2016-05-20,58.85,59.65,58.15,58.7,3998,EQ,,,
2016-05-23,58.7,59.1,58.25,58.35,3330,EQ,,,
2016-05-24,58.5,59.5,58.25,58.65,4255,EQ,,,
2016-05-25,59.3,59.65,58.75,59.05,2081,EQ,,,
2016-05-26,59.9,60.0,57.25,59.5,16041,EQ,,,
2016-05-27,59.85,60.0,58.25,59.25,5621,EQ,,,
2016-05-30,58.4,59.0,56.25,57.6,11731,EQ,,,
2016-05-31,57.0,59.6,57.0,58.75,4989,EQ,,,
2016-06-01,59.0,61.0,58.3,60.2,13652,EQ,,,
2016-06-02,59.0,59.9,58.45,58.55,3856,EQ,,,
2016-06-03,58.8,58.8,56.5,57.3,5422,EQ,,,
2016-06-06,58.75,59.2,54.1,55.65,9930,EQ,,,
2016-06-07,56.5,57.4,56.0,56.5,3591,EQ,,,
2016-06-08,56.4,56.5,55.4,55.8,2203,EQ,,,
2016-06-09,56.5,56.95,55.4,55.5,1467,EQ,,,
2016-06-10,55.75,56.1,55.25,55.25,2658,EQ,,,
2016-06-13,55.3,55.7,53.3,54.45,5356,EQ,,,
2016-06-14,54.25,54.9,53.9,54.45,1602,EQ,,,
2016-06-15,55.0,56.0,54.0,55.1,3179,EQ,,,
2016-06-16,55.0,55.0,53.1,53.3,2637,EQ,,,
2016-06-17,56.25,56.25,53.15,54.4,3780,EQ,,,
2016-06-20,55.25,55.8,53.8,54.2,2630,EQ,,,
2016-06-21,54.0,56.5,53.65,55.6,2965,EQ,,,
2016-06-22,55.5,56.5,54.1,54.25,5403,EQ,,,
2016-06-23,55.75,55.75,53.3,54.1,5912,EQ,,,
2016-06-24,52.3,53.75,52.25,53.35,3136,EQ,,,
2016-06-27,55.85,55.85,52.8,53.85,2440,EQ,,,
2016-06-28,54.2,54.45,53.45,54.4,2880,EQ,,,
2016-06-29,54.2,56.15,54.2,55.05,1312,EQ,,,
2016-06-30,55.0,61.25,55.0,60.8,44399,EQ,,,
2016-07-01,61.25,63.05,58.75,61.7,43634,EQ,,,
2016-07-04,63.55,63.55,57.75,59.9,4559,EQ,,,
2016-07-05,59.5,61.5,58.9,60.6,4544,EQ,,,
2016-07-07,61.5,63.5,58.35,63.15,26859,EQ,,,
2016-07-08,63.25,64.05,61.25,62.0,10010,EQ,,,
2016-07-11,62.5,62.5,61.25,61.35,2621,EQ,,,
2016-07-12,61.5,61.75,59.5,60.55,4355,EQ,,,
2016-07-13,60.0,61.0,59.05,59.5,3418,EQ,,,
2016-07-14,58.9,60.0,57.8,57.9,3473,EQ,,,
2016-07-15,58.05,58.7,57.8,57.8,1367,EQ,,,
2016-07-18,60.0,60.0,56.25,57.9,939,EQ,,,
2016-07-19,58.45,58.45,55.75,56.3,56042,EQ,,,
2016-07-20,58.0,59.4,56.5,57.7,7503,EQ,,,
2016-07-21,57.75,59.0,55.55,56.15,5252,EQ,,,
2016-07-22,57.4,57.4,55.55,55.7,3137,EQ,,,
2016-07-25,56.25,56.25,54.75,55.25,5709,EQ,,,
2016-07-26,55.95,55.95,54.05,54.4,1849,EQ,,,
2016-07-27,54.5,57.0,53.75,56.3,5570,EQ,,,
2016-07-28,56.25,58.5,55.0,56.7,17820,EQ,,,
2016-07-29,57.5,57.5,54.1,55.7,2670,EQ,,,
2016-08-01,56.0,57.1,54.55,54.8,3442,EQ,,,
2016-08-02,54.5,55.45,53.75,54.2,3227,EQ,,,
2016-08-03,53.3,54.5,53.3,53.6,2040,EQ,,,
2016-08-04,55.25,55.25,53.05,54.3,1322,EQ,,,
2016-08-05,53.5,55.25,53.5,54.9,7950,EQ,,,
2016-08-08,55.0,56.25,54.5,55.5,1574,EQ,,,
2016-08-09,55.1,55.5,54.5,54.55,1972,EQ,,,
2016-08-10,55.5,55.5,53.8,53.9,1938,EQ,,,
2016-08-11,54.25,54.25,53.3,53.4,2317,EQ,,,
2016-08-12,54.95,54.95,53.1,53.35,717,EQ,,,
2016-08-16,53.4,55.95,52.2,52.7,3764,EQ,,,
2016-08-17,53.75,53.75,52.25,52.6,1438,EQ,,,
2016-08-18,52.5,55.25,52.5,54.9,3215,EQ,,,
2016-08-19,54.0,55.0,53.75,53.8,2234,EQ,,,
2016-08-22,52.75,53.75,52.25,52.5,14285,EQ,,,
2016-08-23,53.5,53.6,51.55,52.1,3758,EQ,,,
2016-08-24,51.8,52.5,51.4,52.15,6968,EQ,,,
2016-08-25,51.25,53.95,50.55,52.15,11770,EQ,,,
2016-08-26,52.0,52.75,51.25,52.55,8502,EQ,,,
2016-08-29,51.75,52.5,51.5,51.55,4361,EQ,,,
2016-08-30,51.0,51.6,50.55,50.75,3800,EQ,,,
2016-08-31,51.65,51.65,49.4,50.3,3168,EQ,,,
2016-09-01,51.25,51.25,49.6,50.1,1216,EQ,,,
2016-09-02,50.0,51.25,48.8,49.2,5851,EQ,,,
2016-09-06,49.75,51.0,49.5,49.6,2075,EQ,,,
2016-09-07,49.75,49.75,48.75,49.05,3032,EQ,,,
2016-09-08,49.0,50.6,49.0,49.45,31266,EQ,,,
2016-09-09,50.25,50.25,48.25,48.4,3607,EQ,,,
2016-09-12,49.45,49.5,47.0,47.4,3812,EQ,,,
2016-09-14,48.5,48.5,47.25,47.65,1873,EQ,,,
2016-09-15,47.5,47.5,46.25,46.3,6015,EQ,,,
2016-09-16,46.7,48.0,45.6,46.4,25495,EQ,,,
2016-09-19,48.0,48.0,46.4,46.8,7997,EQ,,,
2016-09-20,47.4,47.4,45.8,46.15,3581,EQ,,,
2016-09-21,46.5,46.5,45.75,46.0,3164,EQ,,,
2016-09-22,46.25,46.75,46.25,46.25,2949,EQ,,,
2016-09-23,46.25,46.75,45.75,46.25,6087,EQ,,,
2016-09-26,46.7,46.7,43.75,44.9,5984,EQ,,,
2016-09-27,45.7,45.95,43.5,44.8,16836,EQ,,,
2016-09-28,45.7,45.7,44.5,44.75,10164,EQ,,,
2016-09-29,45.9,45.9,38.75,40.1,24877,EQ,,,
2016-09-30,40.1,41.5,38.0,41.1,5941,EQ,,,
2016-10-03,42.5,43.1,41.75,42.9,5950,EQ,,,
2016-10-04,43.5,43.5,40.6,40.95,10148,EQ,,,
2016-10-05,41.5,42.2,40.0,42.0,27530,EQ,,,
2016-10-06,41.75,44.5,41.75,43.15,9520,EQ,,,
2016-10-07,42.75,44.95,42.75,44.15,5225,EQ,,,
2016-10-10,43.25,44.0,42.9,43.7,5105,EQ,,,
2016-10-13,42.9,45.95,42.9,44.1,2924,EQ,,,
2016-10-14,44.95,44.95,41.85,41.95,4782,EQ,,,
2016-10-17,42.7,43.25,41.25,42.1,13084,EQ,,,
2016-10-18,41.75,43.5,41.75,42.9,5407,EQ,,,
2016-10-19,43.0,44.8,42.7,43.1,3191,EQ,,,
2016-10-20,43.1,44.5,42.6,43.4,2869,EQ,,,
2016-10-21,43.7,43.7,42.6,43.25,2712,EQ,,,
2016-10-24,43.25,44.5,43.15,44.0,4906,EQ,,,
2016-10-25,43.5,44.5,41.75,42.5,21541,EQ,,,
2016-10-26,42.9,43.6,42.1,43.1,7093,EQ,,,
2016-10-27,42.6,43.6,42.6,43.5,1498,EQ,,,
2016-10-28,44.3,44.95,42.5,43.5,19744,EQ,,,
2016-10-30,44.9,44.95,44.05,44.5,1212,EQ,,,
2016-11-01,46.2,46.2,43.55,43.7,22029,EQ,,,
2016-11-02,43.2,43.25,39.5,41.05,48988,EQ,,,
2016-11-03,40.8,43.45,40.75,42.7,13062,EQ,,,
2016-11-04,42.5,43.45,40.05,40.6,11012,EQ,,,
2016-11-07,41.25,41.35,40.0,40.4,3741,EQ,,,
2016-11-08,40.75,41.45,33.75,38.6,29588,EQ,,,
2016-11-09,32.0,37.5,32.0,36.55,9336,EQ,,,
2016-11-10,36.5,39.85,36.5,38.05,1896,EQ,,,
2016-11-11,37.75,38.1,36.25,36.45,3796,EQ,,,
2016-11-15,36.45,37.45,33.75,35.95,37337,EQ,,,
2016-11-16,36.45,37.85,35.5,36.0,557,EQ,,,
2016-11-17,35.75,37.75,33.9,35.8,5091,EQ,,,
2016-11-18,35.75,38.4,35.75,36.8,6078,EQ,,,
2016-11-21,38.25,38.25,35.55,35.95,1513,EQ,,,
2016-11-22,36.25,36.25,34.4,35.65,1975,EQ,,,
2016-11-23,34.5,35.9,32.5,35.1,26848,EQ,,,
2016-11-24,35.0,36.25,35.0,36.2,2068,EQ,,,
2016-11-25,36.5,36.9,35.0,35.55,3148,EQ,,,
2016-11-28,36.6,36.6,34.9,35.65,1855,EQ,,,
2016-11-29,35.0,36.75,35.0,35.75,4266,EQ,,,
2016-11-30,36.7,36.7,35.5,35.7,720,EQ,,,
2016-12-01,36.5,36.5,35.3,35.4,777,EQ,,,
2016-12-02,35.25,35.95,34.75,35.75,852,EQ,,,
2016-12-05,35.5,35.7,35.0,35.4,1005,EQ,,,
2016-12-06,35.25,35.5,35.0,35.05,755,EQ,,,
2016-12-07,35.0,35.25,34.4,34.65,6051,EQ,,,
2016-12-08,35.2,35.8,34.35,34.7,1163,EQ,,,
2016-12-09,34.75,35.9,34.25,34.45,3296,EQ,,,
2016-12-12,35.0,35.3,34.1,34.25,721,EQ,,,
2016-12-13,34.5,34.5,33.75,34.2,2677,EQ,,,
2016-12-14,32.75,34.8,31.9,34.1,19869,EQ,,,
2016-12-15,33.75,34.6,33.7,33.8,1563,EQ,,,
2016-12-16,35.5,35.5,33.75,34.25,2938,EQ,,,
2016-12-19,34.0,35.5,34.0,34.85,3269,EQ,,,
2016-12-20,34.9,35.2,33.75,33.75,977,EQ,,,
2016-12-21,33.75,34.5,33.5,33.7,1688,EQ,,,
2016-12-22,33.8,34.5,33.7,33.9,1796,EQ,,,
2016-12-23,33.75,35.5,33.25,33.65,1528,EQ,,,
2016-12-26,33.25,35.0,33.05,33.25,10128,EQ,,,
2016-12-27,33.25,33.55,32.55,32.75,2515,EQ,,,
2016-12-28,33.0,34.1,32.7,32.85,2416,EQ,,,
2016-12-29,33.0,34.0,32.8,33.35,2900,EQ,,,
2016-12-30,33.75,34.55,33.75,33.95,2816,EQ,,,
2017-01-02,34.25,34.5,34.0,34.15,4027,EQ,,,
2017-01-03,34.05,35.25,33.75,34.9,2455,EQ,,,
2017-01-04,34.9,35.95,34.5,35.35,5478,EQ,,,
2017-01-05,34.0,35.9,34.0,34.8,2127,EQ,,,
2017-01-06,34.55,35.25,34.2,34.7,3331,EQ,,,
2017-01-09,34.0,35.9,34.0,35.2,1199,EQ,,,
2017-01-10,35.0,35.7,34.5,34.65,860,EQ,,,
2017-01-11,35.95,35.95,34.6,35.4,3299,EQ,,,
2017-01-12,35.85,35.95,34.5,35.45,4402,EQ,,,
2017-01-13,35.25,35.75,34.25,34.9,5422,EQ,,,
2017-01-16,35.0,35.7,34.55,34.6,1046,EQ,,,
2017-01-17,34.6,35.2,34.3,34.7,719,EQ,,,
2017-01-18,34.25,35.5,34.25,34.3,6824,EQ,,,
2017-01-19,35.7,35.7,34.3,35.4,2590,EQ,,,
2017-01-20,34.65,35.25,34.6,34.6,1173,EQ,,,
2017-01-23,34.55,35.0,34.5,34.6,6164,EQ,,,
2017-01-24,34.6,36.9,34.6,36.6,4081,EQ,,,
2017-01-25,36.9,36.9,36.25,36.6,1223,EQ,,,
2017-01-27,36.0,36.95,35.5,36.0,2120,EQ,,,
2017-01-30,35.65,36.25,35.25,35.5,1122,EQ,,,
2017-01-31,35.5,36.6,33.85,36.1,3914,EQ,,,
2017-02-01,35.5,38.9,35.25,37.8,9380,EQ,,,
2017-02-02,38.7,39.75,38.25,39.65,2233,EQ,,,
2017-02-03,37.9,39.9,37.9,39.5,859,EQ,,,
2017-02-06,39.0,39.0,38.5,38.6,1821,EQ,,,
2017-02-07,38.75,38.75,37.75,38.55,2847,EQ,,,
2017-02-08,39.25,42.5,39.0,42.15,29373,EQ,,,
2017-02-09,42.5,42.6,37.5,40.6,4897,EQ,,,
2017-02-10,40.6,41.2,38.75,39.5,1560,EQ,,,
2017-02-13,39.5,39.5,37.5,38.2,3005,EQ,,,
2017-02-14,39.0,39.0,37.25,37.85,2733,EQ,,,
2017-02-15,37.5,38.5,36.5,36.75,1248,EQ,,,
2017-02-16,37.0,37.5,36.25,37.2,3620,EQ,,,
2017-02-17,37.0,37.05,35.75,35.95,1200,EQ,,,
2017-02-20,36.5,36.5,35.25,35.9,4150,EQ,,,
2017-02-21,36.8,36.9,35.75,36.8,3191,EQ,,,
2017-02-22,36.65,38.35,36.5,36.55,2461,EQ,,,
2017-02-23,37.0,38.5,37.0,37.7,3508,EQ,,,
2017-02-27,37.5,39.9,37.0,37.2,3387,EQ,,,
2017-02-28,37.05,38.3,37.05,37.6,5081,EQ,,,
2017-03-01,37.75,38.5,35.65,38.25,34274,EQ,,,
2017-03-02,38.5,39.7,38.0,38.2,3012,EQ,,,
2017-03-03,38.0,38.25,36.75,37.15,4315,EQ,,,
2017-03-06,37.5,38.7,37.5,37.5,5210,EQ,,,
2017-03-07,37.5,37.5,37.5,37.5,1898,EQ,,,
2017-03-08,37.5,38.7,37.5,38.15,4672,EQ,,,
2017-03-09,38.7,38.7,37.5,37.5,2026,EQ,,,
2017-03-10,37.5,38.0,37.5,37.75,4232,EQ,,,
2017-03-14,38.5,38.5,37.55,38.1,2624,EQ,,,
2017-03-15,38.0,38.35,37.25,37.45,1353,EQ,,,
2017-03-16,38.5,38.5,37.0,37.3,4713,EQ,,,
2017-03-17,37.75,37.75,35.25,35.6,13571,EQ,,,
2017-03-20,37.25,37.25,35.75,36.2,926,EQ,,,
2017-03-21,35.3,36.0,34.1,34.25,13555,EQ,,,
2017-03-22,34.15,34.15,32.05,32.8,28680,EQ,,,
2017-03-23,34.5,34.5,28.3,29.25,186913,EQ,,,
2017-03-24,29.35,30.0,27.5,28.65,108115,EQ,,,
2017-03-27,28.5,29.0,27.75,28.0,8499,EQ,,,
2017-03-28,28.0,28.75,28.0,28.55,7518,EQ,,,
2017-03-29,28.7,29.7,28.3,29.0,78176,EQ,,,
2017-03-30,28.9,30.45,28.55,29.1,27533,EQ,,,
2017-03-31,29.4,30.5,29.05,29.6,13182,EQ,,,
2017-04-03,29.75,31.0,29.75,30.25,12976,EQ,,,
2017-04-05,30.5,31.2,30.5,30.55,8379,EQ,,,
2017-04-06,30.55,31.7,30.55,31.05,27574,EQ,,,
2017-04-07,31.0,31.2,30.0,30.35,21557,EQ,,,
2017-04-10,30.5,30.7,29.75,29.9,9861,EQ,,,
2017-04-11,30.0,30.35,29.5,29.65,5367,EQ,,,
2017-04-12,30.2,30.2,28.6,29.3,6342,EQ,,,
2017-04-13,29.5,29.95,29.0,29.5,2474,EQ,,,
2017-04-17,28.9,30.9,28.9,30.35,8630,EQ,,,
2017-04-18,31.6,32.1,31.0,31.6,14289,EQ,,,
2017-04-19,31.75,31.85,31.25,31.55,3130,EQ,,,
2017-04-20,31.6,32.5,31.4,31.65,11607,EQ,,,
2017-04-21,32.0,32.0,30.3,30.6,3992,EQ,,,
2017-04-24,31.4,31.75,30.8,31.5,11081,EQ,,,
2017-04-25,31.5,31.5,30.75,30.8,14075,EQ,,,
2017-04-26,30.75,31.25,30.25,30.3,10591,EQ,,,
2017-04-27,30.1,33.7,30.0,33.15,45850,EQ,,,
2017-04-28,32.5,34.6,32.5,33.2,16672,EQ,,,
2017-05-02,32.9,33.5,31.25,33.35,6895,EQ,,,
2017-05-03,32.65,34.75,32.5,32.8,3352,EQ,,,
2017-05-04,32.5,33.0,31.75,32.1,5350,EQ,,,
2017-05-05,32.0,33.65,31.25,32.9,4977,EQ,,,
2017-05-08,31.9,32.75,31.75,31.95,1096,EQ,,,
2017-05-09,31.65,32.75,31.65,32.6,1733,EQ,,,
2017-05-10,32.5,33.5,32.3,32.9,8181,EQ,,,
2017-05-11,32.75,32.75,31.8,31.85,1725,EQ,,,
2017-05-12,31.75,32.3,31.4,32.0,13388,EQ,,,
2017-05-15,31.75,31.85,31.25,31.3,5454,EQ,,,
2017-05-16,31.95,31.95,30.5,30.9,8902,EQ,,,
2017-05-17,30.15,31.5,29.25,31.0,10870,EQ,,,
2017-05-18,30.95,30.95,29.75,29.8,3660,EQ,,,
2017-05-19,30.45,30.45,29.4,29.75,7364,EQ,,,
2017-05-22,30.0,30.0,29.25,29.3,7085,EQ,,,
2017-05-23,29.25,29.45,28.6,29.2,4874,EQ,,,
2017-05-24,28.65,29.85,28.0,28.3,1959,EQ,,,
2017-05-25,27.9,29.0,27.9,28.75,276,EQ,,,
2017-05-26,28.75,28.75,27.7,28.3,41467,EQ,,,
2017-05-29,33.1,33.95,31.3,33.95,81994,EQ,,,
2017-05-30,35.0,36.0,32.5,33.05,112749,EQ,,,
2017-05-31,33.05,33.4,32.15,33.1,11270,EQ,,,
2017-06-01,33.0,33.6,32.25,32.5,6222,EQ,,,
2017-06-02,31.8,33.65,31.75,31.9,10946,EQ,,,
2017-06-05,32.75,32.75,31.6,31.75,6826,EQ,,,
2017-06-06,32.0,32.6,31.55,31.75,2813,EQ,,,
2017-06-07,33.2,33.2,31.6,31.75,7968,EQ,,,
2017-06-08,31.5,32.4,31.15,31.65,7031,EQ,,,
2017-06-09,32.1,32.1,30.6,31.2,1954,EQ,,,
2017-06-12,31.7,31.75,30.75,31.1,4851,EQ,,,
2017-06-13,31.6,31.6,30.8,31.05,2046,EQ,,,
2017-06-14,30.9,33.0,30.7,32.45,10841,EQ,,,
2017-06-15,33.0,36.3,33.0,34.1,31144,EQ,,,
2017-06-16,34.25,38.15,34.25,37.3,83457,EQ,,,
2017-06-19,39.2,43.6,39.2,42.3,339066,EQ,,,
2017-06-20,42.25,42.45,40.4,41.05,32806,EQ,,,
2017-06-21,41.0,41.7,39.75,40.25,13799,EQ,,,
2017-06-22,39.65,41.0,38.75,39.05,12312,EQ,,,
2017-06-23,39.5,40.2,36.25,37.85,13012,EQ,,,
2017-06-27,40.25,44.0,40.0,41.3,330846,EQ,,,
2017-06-28,41.15,42.35,39.0,40.65,54704,EQ,,,
2017-06-29,42.0,43.0,41.0,41.45,34514,EQ,,,
2017-06-30,42.2,42.2,40.3,41.3,29916,EQ,,,
2017-07-03,41.7,43.6,41.25,42.2,17969,EQ,,,
2017-07-04,42.2,43.2,41.75,42.25,16356,EQ,,,
2017-07-05,43.0,43.1,42.0,42.1,13737,EQ,,,
2017-07-06,41.8,43.0,41.25,42.6,17323,EQ,,,
2017-07-07,42.9,42.9,41.4,41.7,7888,EQ,,,
2017-07-10,42.75,44.1,40.0,43.05,4891,EQ,,,
2017-07-11,43.6,43.6,42.4,42.55,11939,EQ,,,
2017-07-12,42.75,43.5,42.5,43.0,12677,EQ,,,
2017-07-13,43.75,43.75,42.25,42.35,11428,EQ,,,
2017-07-14,42.0,42.75,41.25,41.85,9020,EQ,,,
2017-07-17,42.1,43.0,42.0,42.2,19503,EQ,,,
2017-07-18,42.1,42.25,41.0,41.75,6048,EQ,,,
2017-07-19,42.6,42.6,41.65,41.7,5619,EQ,,,
2017-07-20,41.65,42.5,41.0,41.3,6157,EQ,,,
2017-07-21,41.35,42.75,41.35,41.7,7627,EQ,,,
2017-07-24,41.5,42.5,41.0,41.4,7232,EQ,,,
2017-07-25,42.25,42.25,40.75,41.0,8058,EQ,,,
2017-07-26,41.0,42.0,40.55,41.7,10855,EQ,,,
2017-07-27,41.45,41.9,40.55,40.9,5883,EQ,,,
2017-07-28,40.75,41.5,40.5,41.25,4895,EQ,,,
2017-07-31,42.7,42.7,40.5,40.75,6655,EQ,,,
2017-08-01,40.8,41.5,40.4,40.7,5162,EQ,,,
2017-08-02,40.55,41.25,40.25,40.6,3997,EQ,,,
2017-08-03,40.1,40.55,39.0,39.25,10315,EQ,,,
2017-08-04,40.2,40.2,38.75,39.3,6048,EQ,,,
2017-08-07,39.0,40.5,38.75,40.1,4737,EQ,,,
2017-08-08,40.45,40.75,39.0,39.3,8267,EQ,,,
2017-08-09,40.2,40.2,37.6,38.2,12359,EQ,,,
2017-08-10,38.0,38.6,37.0,37.2,6756,EQ,,,
2017-08-11,37.25,37.25,35.25,36.1,11989,EQ,,,
2017-08-14,36.25,38.8,36.25,36.85,4415,EQ,,,
2017-08-16,36.9,37.9,36.9,37.6,6781,EQ,,,
2017-08-17,38.5,38.5,37.15,37.3,5519,EQ,,,
2017-08-18,37.35,37.9,36.3,36.6,9397,EQ,,,
2017-08-21,37.55,37.55,32.9,34.5,12931,EQ,,,
2017-08-22,34.5,36.0,34.5,35.75,5089,EQ,,,
2017-08-23,36.15,36.15,35.4,35.75,2101,EQ,,,
2017-08-24,36.25,36.25,35.15,35.4,98664,EQ,,,
2017-08-28,35.7,35.7,34.65,35.5,5555,EQ,,,
2017-08-29,35.5,36.15,34.85,34.95,3068,EQ,,,
2017-08-30,34.9,36.0,34.8,35.35,1801,EQ,,,
2017-08-31,35.7,35.75,34.95,35.1,1991,EQ,,,
2017-09-01,35.1,35.8,32.95,35.25,2780,EQ,,,
2017-09-04,35.95,36.25,35.4,36.15,4721,EQ,,,
2017-09-05,36.85,38.25,36.3,37.8,10645,EQ,,,
2017-09-06,38.4,38.6,37.5,38.2,8736,EQ,,,
2017-09-07,38.7,39.25,38.05,38.4,3915,EQ,,,
2017-09-08,38.5,39.2,38.0,38.25,8142,EQ,,,
2017-09-11,38.05,39.5,38.05,38.45,4423,EQ,,,
2017-09-12,39.2,42.95,38.5,41.75,54200,EQ,,,
2017-09-13,42.75,43.0,39.25,39.4,22156,EQ,,,
2017-09-14,39.8,40.2,38.35,38.6,7451,EQ,,,
2017-09-15,39.45,39.45,37.25,38.5,12229,EQ,,,
2017-09-18,38.75,39.8,38.2,39.1,7044,EQ,,,
2017-09-19,39.5,39.85,38.5,38.6,10677,EQ,,,
2017-09-20,38.5,38.5,37.55,37.7,8527,EQ,,,
2017-09-21,37.75,38.2,37.0,37.5,10486,EQ,,,
2017-09-22,37.05,37.5,36.25,36.35,6905,EQ,,,
2017-09-25,37.5,37.5,35.5,36.35,7054,EQ,,,
2017-09-26,35.65,37.5,35.6,36.4,3486,EQ,,,
2017-09-27,38.5,38.5,36.05,36.3,3861,EQ,,,
2017-09-28,36.0,36.75,35.75,36.0,1840,EQ,,,
2017-09-29,36.7,36.75,36.25,36.4,2028,EQ,,,
2017-10-03,37.25,37.25,35.8,36.8,9138,EQ,,,
2017-10-04,37.25,41.1,37.1,39.25,47814,EQ,,,
2017-10-05,39.4,39.75,38.15,38.4,5382,EQ,,,
2017-10-06,39.2,39.2,38.0,38.55,3095,EQ,,,
2017-10-09,40.3,40.3,38.5,39.0,11077,EQ,,,
2017-10-10,38.1,39.2,38.1,38.6,5131,EQ,,,
2017-10-11,38.0,40.3,38.0,38.5,11339,EQ,,,
2017-10-12,39.45,39.45,37.8,38.15,7284,EQ,,,
2017-10-13,38.9,39.5,37.5,38.0,9582,EQ,,,
2017-10-16,38.25,38.75,37.7,38.0,9474,EQ,,,
2017-10-17,38.75,38.75,37.1,37.4,8862,EQ,,,
2017-10-18,38.5,38.5,36.75,37.3,42977,EQ,,,
2017-10-19,37.3,38.0,36.65,37.2,2845,EQ,,,
2017-10-23,37.25,37.7,35.3,36.9,30128,EQ,,,
2017-10-24,36.85,37.45,36.0,36.2,21380,EQ,,,
2017-10-25,36.45,36.85,35.6,36.0,24419,EQ,,,
2017-10-26,35.75,36.6,35.75,36.2,7613,EQ,,,
2017-10-27,36.5,36.5,35.75,35.95,17148,EQ,,,
2017-10-30,36.25,36.25,35.15,35.4,33099,EQ,,,
2017-10-31,35.25,35.85,33.8,34.6,27172,EQ,,,
2017-11-01,35.0,35.75,34.4,34.5,41154,EQ,,,
2017-11-02,35.5,35.5,34.0,34.2,20391,EQ,,,
2017-11-03,34.2,36.65,34.0,36.0,53602,EQ,,,
2017-11-06,36.45,40.0,36.4,38.1,129070,EQ,,,
2017-11-07,39.0,39.0,36.6,36.8,23622,EQ,,,
2017-11-08,38.2,38.2,36.1,36.6,122014,EQ,,,
2017-11-09,37.5,39.8,37.4,37.8,588419,EQ,,,
2017-11-10,37.5,37.5,34.75,35.0,166505,EQ,,,
2017-11-13,36.0,38.6,36.0,37.85,400344,EQ,,,
2017-11-14,38.1,39.1,37.25,37.6,70083,EQ,,,
2017-11-15,37.0,37.9,34.8,35.6,26097,EQ,,,
2017-11-16,36.2,38.1,35.5,37.3,104733,EQ,,,
2017-11-17,37.9,39.15,37.5,37.6,39107,EQ,,,
2017-11-20,38.1,38.1,36.35,37.25,42716,EQ,,,
2017-11-21,37.25,39.1,37.0,38.75,120798,EQ,,,
2017-11-22,38.75,39.0,38.1,38.4,24499,EQ,,,
2017-11-23,38.7,39.9,38.2,39.5,73651,EQ,,,
2017-11-24,40.0,40.75,39.5,39.7,38907,EQ,,,
2017-11-27,40.7,41.1,40.05,40.3,50233,EQ,,,
2017-11-28,40.5,41.0,38.75,39.35,70703,EQ,,,
2017-11-29,39.25,40.0,39.0,39.4,27841,EQ,,,
2017-11-30,39.5,39.75,38.9,39.0,9554,EQ,,,
2017-12-01,39.35,39.9,38.05,38.4,25982,EQ,,,
2017-12-04,38.25,38.75,38.1,38.25,6600,EQ,,,
2017-12-05,38.45,38.85,38.0,38.0,14359,EQ,,,
2017-12-06,37.9,38.2,37.3,37.65,5465,EQ,,,
2017-12-07,37.75,38.2,37.4,37.8,7165,EQ,,,
2017-12-08,37.8,38.7,37.5,37.7,15963,EQ,,,
2017-12-11,37.75,39.35,37.7,38.5,28232,EQ,,,
2017-12-12,38.9,39.35,37.65,38.4,15114,EQ,,,
2017-12-13,38.7,39.0,34.65,35.15,93429,EQ,,,
2017-12-14,35.0,35.0,33.0,33.9,42122,EQ,,,
2017-12-15,34.5,35.0,33.9,34.35,15195,EQ,,,
2017-12-18,34.35,35.25,32.8,34.0,26333,EQ,,,
2017-12-19,33.9,35.75,33.9,34.75,14493,EQ,,,
2017-12-20,35.5,35.5,34.4,34.85,16280,EQ,,,
2017-12-21,35.5,35.6,34.75,35.4,18873,EQ,,,
2017-12-22,35.85,35.85,34.5,35.2,26128,EQ,,,
2017-12-26,35.25,35.85,35.2,35.65,12204,EQ,,,
2017-12-27,35.7,36.0,34.9,35.05,12202,EQ,,,
2017-12-28,35.0,35.7,34.4,34.8,15539,EQ,,,
2017-12-29,35.5,35.5,34.25,34.45,18021,EQ,,,
2018-01-01,36.7,36.7,35.0,35.4,29013,EQ,,,
2018-01-02,36.1,36.1,34.3,34.75,14163,EQ,,,
2018-01-03,35.0,35.4,32.9,34.25,56843,EQ,,,
2018-01-04,34.75,35.0,34.25,34.7,15127,EQ,,,
2018-01-05,34.75,35.0,34.3,34.7,10617,EQ,,,
2018-01-08,35.0,35.75,34.7,35.1,31763,EQ,,,
2018-01-09,35.7,35.75,35.0,35.15,10722,EQ,,,
2018-01-10,36.25,36.3,34.55,34.75,12064,EQ,,,
2018-01-11,35.25,35.4,34.5,34.7,12534,EQ,,,
2018-01-12,35.2,35.3,34.55,34.75,7880,EQ,,,
2018-01-15,34.75,35.25,34.5,34.65,15522,EQ,,,
2018-01-16,35.1,35.2,33.75,34.5,23205,EQ,,,
2018-01-17,34.5,34.5,33.8,34.1,9508,EQ,,,
2018-01-18,34.2,34.95,32.5,32.8,19854,EQ,,,
2018-01-19,33.0,34.5,32.8,33.2,17768,EQ,,,
2018-01-22,33.25,34.05,33.25,33.3,4671,EQ,,,
2018-01-23,33.5,33.75,32.0,32.45,16737,EQ,,,
2018-01-24,32.55,33.15,32.5,32.9,6829,EQ,,,
2018-01-25,32.9,33.25,32.5,33.15,3970,EQ,,,
2018-01-29,33.5,33.5,32.05,32.25,11543,EQ,,,
2018-01-30,31.9,32.5,31.1,31.4,19187,EQ,,,
2018-01-31,30.7,31.9,30.7,31.4,4633,EQ,,,
2018-02-01,31.55,32.15,30.5,30.7,10657,EQ,,,
2018-02-02,30.35,31.05,28.05,29.95,9954,EQ,,,
2018-02-05,28.5,30.0,27.9,29.1,34717,EQ,,,
2018-02-06,29.0,32.35,27.65,28.8,10152,EQ,,,
2018-02-07,30.95,31.25,28.8,29.75,5520,EQ,,,
2018-02-08,29.95,30.9,29.8,30.3,11660,EQ,,,
2018-02-09,30.9,30.9,29.6,30.2,4365,EQ,,,
2018-02-12,31.1,31.7,29.75,31.5,7237,EQ,,,
2018-02-14,31.75,32.15,31.15,31.35,4478,EQ,,,
2018-02-15,31.0,31.05,29.0,29.7,9877,EQ,,,
2018-02-16,30.25,30.8,28.15,28.75,7615,EQ,,,
2018-02-19,28.75,28.75,27.9,28.45,10434,EQ,,,
2018-02-20,28.75,28.75,27.6,28.3,2806,EQ,,,
2018-02-21,28.5,28.7,27.8,28.15,3232,EQ,,,
2018-02-22,28.6,28.6,27.9,28.4,4267,EQ,,,
2018-02-23,28.4,28.5,27.9,28.25,27634,EQ,,,
2018-02-26,28.6,28.6,28.0,28.25,4073,EQ,,,
2018-02-27,28.85,28.85,28.05,28.2,2061,EQ,,,
2018-02-28,28.65,28.65,28.0,28.15,5598,EQ,,,
2018-03-01,28.5,28.5,28.0,28.0,7584,EQ,,,
2018-03-05,28.0,28.25,27.6,28.0,1633,EQ,,,
2018-03-06,28.0,28.45,27.75,27.75,2850,EQ,,,
2018-03-07,28.0,28.0,27.0,27.45,3817,EQ,,,
2018-03-08,26.75,27.75,26.75,27.6,6712,EQ,,,
2018-03-09,27.25,28.0,26.8,27.65,8289,EQ,,,
2018-03-12,27.75,29.1,27.75,28.5,5483,EQ,,,
2018-03-13,28.5,30.25,28.5,29.15,9003,EQ,,,
2018-03-14,29.1,30.0,29.05,29.6,3463,EQ,,,
2018-03-15,29.6,29.6,27.8,28.7,16179,EQ,,,
2018-03-16,29.5,29.5,27.9,28.05,4549,EQ,,,
2018-03-19,28.0,28.45,27.3,27.5,20462,EQ,,,
2018-03-20,27.75,28.3,27.25,27.65,6126,EQ,,,
2018-03-21,28.0,28.0,27.75,27.75,1812,EQ,,,
2018-03-22,27.75,27.95,27.5,27.6,3289,EQ,,,
2018-03-23,27.6,27.6,25.6,26.6,15903,EQ,,,
2018-03-26,26.6,27.4,26.25,26.3,15108,EQ,,,
2018-03-27,26.3,27.35,26.3,26.65,2109,EQ,,,
2018-03-28,27.6,27.6,26.25,26.55,3702,EQ,,,
2018-04-02,25.4,26.95,25.4,26.45,8143,EQ,,,
2018-04-03,26.25,27.5,26.25,27.2,2255,EQ,,,
2018-04-04,27.0,29.2,27.0,27.8,3776,EQ,,,
2018-04-05,28.6,28.65,28.0,28.5,1845,EQ,,,
2018-04-06,27.6,29.6,27.6,29.2,2204,EQ,,,
2018-04-09,30.2,30.45,28.9,29.8,6930,EQ,,,
2018-04-10,29.5,31.0,29.25,30.55,5068,EQ,,,
2018-04-11,30.0,30.55,29.65,29.95,3439,EQ,,,
2018-04-12,30.0,30.0,29.25,29.3,1187,EQ,,,
2018-04-13,29.35,29.65,29.0,29.0,2304,EQ,,,
2018-04-16,29.0,29.6,29.0,29.6,2870,EQ,,,
2018-04-17,29.0,30.5,29.0,29.2,4040,EQ,,,
2018-04-18,29.15,29.4,28.6,28.7,2488,EQ,,,
2018-04-19,29.0,33.4,29.0,32.25,56701,EQ,,,
2018-04-20,33.0,33.9,30.25,31.8,94944,EQ,,,
2018-04-23,31.25,32.0,30.2,30.5,13455,EQ,,,
2018-04-24,30.5,30.55,29.1,29.4,6363,EQ,,,
2018-04-25,30.25,30.25,28.5,29.0,3134,EQ,,,
2018-04-26,29.95,29.95,28.25,29.5,3643,EQ,,,
2018-04-27,29.0,31.65,29.0,31.25,9995,EQ,,,
2018-04-30,32.2,32.2,30.6,31.3,6537,EQ,,,
2018-05-02,31.3,32.0,30.0,31.6,6988,EQ,,,
2018-05-03,31.75,31.75,28.75,31.0,5658,EQ,,,
2018-05-04,30.5,31.5,30.0,30.5,4175,EQ,,,
2018-05-07,30.5,31.45,30.0,30.1,1438,EQ,,,
2018-05-08,30.0,31.2,29.6,29.8,2774,EQ,,,
2018-05-09,30.0,30.5,29.0,30.0,114076,EQ,,,
2018-05-10,30.0,30.0,29.55,29.6,87014,EQ,,,
2018-05-11,30.0,30.0,29.0,29.05,7111,EQ,,,
2018-05-14,29.75,30.2,28.7,28.9,62507,EQ,,,
2018-05-15,28.75,29.35,28.65,28.8,4169,EQ,,,
2018-05-16,28.5,28.5,27.5,27.8,8210,EQ,,,
2018-05-17,27.5,28.5,27.5,28.15,26683,EQ,,,
2018-05-18,28.15,28.15,27.25,27.5,66787,EQ,,,
2018-05-21,27.5,28.75,27.25,28.2,9703,EQ,,,
2018-05-22,29.5,32.15,29.05,31.3,89300,EQ,,,
2018-05-23,31.25,31.25,29.3,29.65,7381,EQ,,,
2018-05-24,29.5,30.1,28.05,28.9,20330,EQ,,,
2018-05-25,28.5,29.25,28.5,28.8,6134,EQ,,,
2018-05-28,28.75,31.0,28.75,30.2,6088,EQ,,,
2018-05-29,30.0,30.55,30.0,30.1,3418,EQ,,,
2018-05-30,29.8,31.0,29.6,30.4,3593,EQ,,,
2018-05-31,29.75,31.4,29.75,30.65,7547,EQ,,,
2018-06-01,31.25,31.25,30.0,30.25,7128,EQ,,,
2018-06-04,29.75,29.9,28.75,29.25,1343,EQ,,,
2018-06-05,29.2,29.2,27.8,27.95,1710,EQ,,,
2018-06-06,28.65,29.05,27.5,28.65,7112,EQ,,,
2018-06-07,28.75,29.55,28.75,29.4,2177,EQ,,,
2018-06-08,29.0,30.95,28.75,29.4,3050,EQ,,,
2018-06-11,29.0,31.5,28.8,30.9,12462,EQ,,,
2018-06-12,30.25,30.9,30.25,30.65,3827,EQ,,,
2018-06-13,30.5,32.0,30.5,31.9,8695,EQ,,,
2018-06-14,30.75,32.25,30.75,31.7,3484,EQ,,,
2018-06-15,32.2,32.95,31.5,32.8,7481,EQ,,,
2018-06-18,32.8,33.3,31.1,31.3,5559,EQ,,,
2018-06-19,31.25,31.6,30.9,30.9,3121,EQ,,,
2018-06-20,31.0,32.25,31.0,31.9,5581,EQ,,,
2018-06-21,32.65,33.5,31.45,32.9,5497,EQ,,,
2018-06-22,32.75,33.5,32.25,33.05,8841,EQ,,,
2018-06-25,33.25,33.25,32.0,32.25,3027,EQ,,,
2018-06-26,32.75,33.1,31.0,32.3,5714,EQ,,,
2018-06-27,32.25,32.25,30.65,31.0,3239,EQ,,,
2018-06-28,31.5,31.75,30.25,30.8,6758,EQ,,,
2018-06-29,31.05,32.0,30.6,30.8,4274,EQ,,,
2018-07-02,31.0,31.45,29.9,30.1,2104,EQ,,,
2018-07-03,31.25,31.25,30.0,30.3,1497,EQ,,,
2018-07-04,30.5,30.6,29.75,30.05,1771,EQ,,,
2018-07-05,30.9,30.9,30.0,30.35,1121,EQ,,,
2018-07-06,30.0,30.6,30.0,30.1,909,EQ,,,
2018-07-09,30.0,32.0,30.0,30.3,1553,EQ,,,
2018-07-10,30.0,31.5,30.0,30.95,3212,EQ,,,
2018-07-11,31.25,33.25,31.05,31.7,3268,EQ,,,
2018-07-12,31.7,32.75,31.1,32.3,3539,EQ,,,
2018-07-13,31.5,32.6,31.5,31.5,1475,EQ,,,
2018-07-16,31.1,32.7,30.5,30.9,1730,EQ,,,
2018-07-17,30.75,31.75,30.75,31.5,2240,EQ,,,
2018-07-18,32.15,32.15,30.0,30.25,3811,EQ,,,
2018-07-19,31.4,31.4,29.6,29.85,2807,EQ,,,
2018-07-20,31.4,31.4,30.0,30.0,2121,EQ,,,
2018-07-23,30.45,31.6,30.0,31.1,2222,EQ,,,
2018-07-24,31.55,33.0,31.0,32.3,5040,EQ,,,
2018-07-25,32.1,34.35,32.0,34.1,30743,EQ,,,
2018-07-26,34.5,34.8,32.25,32.95,29635,EQ,,,
2018-07-27,32.4,34.7,31.7,33.85,17419,EQ,,,
2018-07-30,34.0,34.55,33.5,34.25,10782,EQ,,,
2018-07-31,34.25,34.25,33.5,33.7,914,EQ,,,
2018-08-01,34.2,34.2,32.75,33.05,2164,EQ,,,
2018-08-02,33.55,33.55,32.8,33.4,4277,EQ,,,
2018-08-03,33.9,35.5,32.75,34.6,9124,EQ,,,
2018-08-06,34.75,34.75,33.4,33.9,2416,EQ,,,
2018-08-07,33.5,34.4,33.0,33.25,2764,EQ,,,
2018-08-08,34.25,36.5,33.5,36.25,159194,EQ,,,
2018-08-09,37.0,38.25,36.5,37.0,54232,EQ,,,
2018-08-10,37.0,37.0,34.3,34.75,25619,EQ,,,
2018-08-13,34.75,35.3,34.1,34.5,6641,EQ,,,
2018-08-14,35.0,35.0,33.9,34.3,4580,EQ,,,
2018-08-16,34.5,34.8,33.45,34.1,1205,EQ,,,
2018-08-17,34.6,35.25,34.0,34.45,3323,EQ,,,
2018-08-20,34.95,35.85,34.25,35.5,9655,EQ,,,
2018-08-21,36.05,39.4,34.8,38.65,118943,EQ,,,
2018-08-23,38.65,38.65,36.25,37.4,17353,EQ,,,
2018-08-24,37.0,37.95,35.75,36.35,121678,EQ,,,
2018-08-27,36.9,39.4,36.75,38.65,119576,EQ,,,
2018-08-28,38.5,39.6,38.35,39.25,54872,EQ,,,
2018-08-29,38.9,41.2,38.6,40.25,36432,EQ,,,
2018-08-30,40.25,40.8,38.8,40.6,14651,EQ,,,
2018-08-31,40.25,42.5,39.95,41.5,30720,EQ,,,
2018-09-03,42.45,42.45,40.0,40.5,17987,EQ,,,
2018-09-04,40.2,40.2,38.15,38.7,8030,EQ,,,
2018-09-05,39.0,40.0,37.15,39.3,7961,EQ,,,
2018-09-06,39.7,40.0,38.4,38.95,3996,EQ,,,
2018-09-07,38.75,41.5,38.25,40.75,12278,EQ,,,
2018-09-10,41.15,41.75,38.9,40.45,11748,EQ,,,
2018-09-11,40.05,40.05,37.8,38.8,3973,EQ,,,
2018-09-12,38.65,39.4,38.65,39.0,2880,EQ,,,
2018-09-14,39.0,39.55,38.15,38.8,4170,EQ,,,
2018-09-17,38.8,39.0,38.25,38.5,1872,EQ,,,
2018-09-18,38.75,39.4,38.25,38.6,8541,EQ,,,
2018-09-19,39.0,39.5,36.8,37.5,5860,EQ,,,
2018-09-21,38.0,39.2,35.0,37.35,8062,EQ,,,
2018-09-24,37.35,39.2,36.0,36.8,114381,EQ,,,
2018-09-25,37.3,38.5,36.05,37.5,24191,EQ,,,
2018-09-26,37.0,38.05,36.65,37.2,7756,EQ,,,
2018-09-27,37.2,37.2,35.85,36.4,5947,EQ,,,
2018-09-28,36.4,36.4,34.4,35.95,24041,EQ,,,
2018-10-01,35.55,36.25,32.75,35.6,15591,EQ,,,
2018-10-03,34.7,36.4,34.7,35.95,4915,EQ,,,
2018-10-04,35.75,35.9,33.75,35.25,1480,EQ,,,
2018-10-05,35.65,35.65,33.15,34.0,4953,EQ,,,
2018-10-08,33.3,34.0,29.75,31.9,39933,EQ,,,
2018-10-09,32.0,32.85,30.75,30.9,40369,EQ,,,
2018-10-10,31.4,34.55,31.4,33.45,7943,EQ,,,
2018-10-11,32.5,34.6,32.25,32.45,3496,EQ,,,
2018-10-12,32.9,35.6,32.9,34.8,8880,EQ,,,
2018-10-15,34.15,36.25,33.95,35.95,8125,EQ,,,
2018-10-16,35.25,38.15,35.25,37.8,14988,EQ,,,
2018-10-17,38.25,38.25,36.4,36.75,4386,EQ,,,
2018-10-19,35.9,36.75,35.9,36.35,3555,EQ,,,
2018-10-22,37.45,37.45,35.5,35.7,2611,EQ,,,
2018-10-23,35.7,36.1,33.0,34.7,3699,EQ,,,
2018-10-24,35.2,35.25,33.5,33.95,3328,EQ,,,
2018-10-25,33.95,34.75,33.75,34.45,1645,EQ,,,
2018-10-26,34.0,35.5,32.95,34.05,1197,EQ,,,
2018-10-29,33.9,35.4,33.75,34.7,17185,EQ,,,
2018-10-30,34.15,34.75,30.9,31.6,60890,EQ,,,
2018-10-31,31.6,33.5,31.15,33.1,17251,EQ,,,
2018-11-01,32.5,36.7,32.5,34.25,37786,EQ,,,
2018-11-02,34.0,35.5,33.5,33.6,15797,EQ,,,
2018-11-05,34.0,34.7,33.75,34.1,3641,EQ,,,
2018-11-06,34.0,34.25,33.25,33.55,477,EQ,,,
2018-11-07,35.5,35.5,34.5,34.9,4350,EQ,,,
2018-11-09,34.85,34.9,34.65,34.65,587,EQ,,,
2018-11-12,34.7,35.5,34.1,34.65,5751,EQ,,,
2018-11-13,36.15,36.15,34.3,35.2,2003,EQ,,,
2018-11-14,34.5,36.2,34.0,34.75,1881,EQ,,,
2018-11-15,34.5,34.5,33.5,34.0,884,EQ,,,
2018-11-16,34.0,35.0,34.0,34.9,6627,EQ,,,
2018-11-19,34.0,35.1,34.0,34.9,1554,EQ,,,
2018-11-20,33.8,34.5,33.8,34.0,826,EQ,,,
2018-11-21,33.75,34.75,33.75,34.05,8747,EQ,,,
2018-11-22,34.0,34.2,32.75,33.4,2925,EQ,,,
2018-11-26,34.65,34.65,32.9,33.0,1357,EQ,,,
2018-11-27,33.25,34.5,33.25,34.1,9398,EQ,,,
2018-11-28,34.25,35.0,34.1,34.7,10961,EQ,,,
2018-11-29,35.0,36.5,34.5,35.9,7868,EQ,,,
2018-11-30,36.0,36.5,34.6,36.15,17651,EQ,,,
2018-12-03,36.25,37.1,36.25,36.9,9210,EQ,,,
2018-12-04,37.5,37.5,35.9,36.45,3046,EQ,,,
2018-12-05,36.0,36.0,35.0,35.65,2726,EQ,,,
2018-12-06,35.5,35.7,34.55,34.95,8052,EQ,,,
2018-12-07,35.5,35.95,35.0,35.75,1664,EQ,,,
2018-12-10,34.6,35.0,33.7,33.8,2415,EQ,,,
2018-12-11,33.8,34.5,33.25,34.0,1060,EQ,,,
2018-12-12,36.4,36.9,35.0,35.6,5852,EQ,,,
2018-12-13,35.0,36.25,34.5,35.0,1009,EQ,,,
2018-12-14,35.0,35.0,35.0,35.0,128,EQ,,,
2018-12-17,34.75,35.6,34.75,35.05,427,EQ,,,
2018-12-18,35.0,35.45,34.55,35.25,10715,EQ,,,
2018-12-19,35.4,36.0,34.9,35.1,4530,EQ,,,
2018-12-20,35.0,35.9,34.5,34.6,1818,EQ,,,
2018-12-21,34.25,35.0,34.15,34.6,2030,EQ,,,
2018-12-24,34.25,34.25,33.1,33.15,3561,EQ,,,
2018-12-26,32.75,33.95,32.75,33.45,31146,EQ,,,
2018-12-27,35.8,35.8,33.5,34.2,6201,EQ,,,
2018-12-28,34.7,34.85,33.55,34.25,4890,EQ,,,
2018-12-31,34.25,35.0,33.75,34.05,828,EQ,,,
2019-01-01,34.25,35.0,33.75,34.0,1237,EQ,,,
2019-01-02,33.75,34.7,33.5,34.25,2600,EQ,,,
2019-01-03,33.75,34.7,33.5,33.5,715,EQ,,,
2019-01-04,33.7,33.7,32.8,33.45,1069,EQ,,,
2019-01-07,33.45,33.9,32.9,33.1,2774,EQ,,,
2019-01-08,33.1,34.25,33.05,33.8,2511,EQ,,,
2019-01-09,34.25,34.45,33.25,34.15,1981,EQ,,,
2019-01-10,34.0,34.2,33.75,34.0,272,EQ,,,
2019-01-11,34.5,34.85,33.75,33.95,16342,EQ,,,
2019-01-14,34.45,34.45,33.4,33.4,658,EQ,,,
2019-01-15,33.1,36.95,33.0,36.4,21714,EQ,,,
2019-01-16,36.85,38.25,36.25,37.2,32926,EQ,,,
2019-01-17,37.95,38.5,37.25,38.0,23596,EQ,,,
2019-01-18,38.0,39.35,37.75,38.4,15360,EQ,,,
2019-01-21,37.75,38.8,36.4,38.4,7882,EQ,,,
2019-01-22,38.25,39.0,38.25,38.3,19779,EQ,,,
2019-01-23,38.0,38.5,37.5,37.75,5462,EQ,,,
2019-01-24,37.25,38.0,36.3,37.2,5452,EQ,,,
2019-01-25,37.75,38.0,36.5,36.7,3653,EQ,,,
2019-01-28,37.0,37.0,34.55,35.2,2481,EQ,,,
2019-01-29,35.0,35.7,35.0,35.15,3403,EQ,,,
2019-01-30,35.0,35.05,33.5,34.25,3988,EQ,,,
2019-01-31,34.45,34.95,33.8,34.4,541,EQ,,,
2019-02-01,36.8,36.9,34.25,34.35,1035,EQ,,,
2019-02-04,35.0,35.0,33.7,33.75,1790,EQ,,,
2019-02-05,33.5,34.5,32.75,33.4,8224,EQ,,,
2019-02-06,33.25,35.0,32.5,33.85,4320,EQ,,,
2019-02-07,34.3,35.0,33.05,33.45,1684,EQ,,,
2019-02-08,34.7,34.7,33.25,33.5,267,EQ,,,
2019-02-11,33.5,34.5,33.5,33.75,271,EQ,,,
2019-02-12,33.75,35.75,33.5,35.4,7294,EQ,,,
2019-02-13,34.8,36.5,34.8,35.05,5114,EQ,,,
2019-02-14,35.0,35.25,34.55,34.75,743,EQ,,,
2019-02-15,35.0,35.0,33.75,34.05,5169,EQ,,,
2019-02-18,34.25,34.25,33.4,33.5,1060,EQ,,,
2019-02-19,33.75,33.75,32.75,33.0,1489,EQ,,,
2019-02-20,33.25,34.75,33.25,34.5,2695,EQ,,,
2019-02-21,34.5,34.5,33.55,33.7,1948,EQ,,,
2019-02-22,33.5,34.75,33.5,34.0,2471,EQ,,,
2019-02-25,34.25,35.0,34.0,34.7,1287,EQ,,,
2019-02-26,35.0,35.0,33.75,33.9,393,EQ,,,
2019-02-27,34.05,34.3,33.25,33.45,1777,EQ,,,
2019-02-28,33.5,33.9,33.05,33.5,4871,EQ,,,
2019-03-01,33.75,35.6,33.25,35.15,9050,EQ,,,
2019-03-05,35.6,37.9,34.5,37.6,24413,EQ,,,
2019-03-06,38.25,41.0,37.5,40.2,30297,EQ,,,
2019-03-07,40.25,41.25,40.0,40.9,14089,EQ,,,
2019-03-08,40.5,40.5,39.6,39.95,9744,EQ,,,
2019-03-11,40.05,41.4,39.75,40.7,15159,EQ,,,
2019-03-12,41.1,41.1,40.0,40.05,3842,EQ,,,
2019-03-13,40.05,41.5,39.5,41.0,5252,EQ,,,
2019-03-14,41.0,41.6,40.25,40.85,8419,EQ,,,
2019-03-15,41.25,47.75,41.0,45.4,162349,EQ,,,
2019-03-18,46.0,48.2,45.0,46.8,72501,EQ,,,
2019-03-19,47.4,48.0,44.5,46.45,44259,EQ,,,
2019-03-20,47.5,47.5,44.05,44.6,18077,EQ,,,
2019-03-22,46.25,46.25,42.5,43.65,11306,EQ,,,
2019-03-25,43.25,43.25,41.4,42.2,4378,EQ,,,
2019-03-26,41.9,42.6,41.5,42.05,4979,EQ,,,
2019-03-27,42.25,45.5,41.5,45.05,40386,EQ,,,
2019-03-28,45.9,45.9,45.0,45.45,7625,EQ,,,
2019-03-29,45.5,46.0,43.75,44.65,8190,EQ,,,
2019-04-01,44.5,45.05,43.3,44.95,7655,EQ,,,
2019-04-02,45.05,45.4,43.1,43.5,6154,EQ,,,
2019-04-03,43.75,44.15,42.0,42.2,16160,EQ,,,
2019-04-04,42.5,43.5,41.75,42.5,7118,EQ,,,
2019-04-05,42.75,43.5,42.5,42.75,4574,EQ,,,
2019-04-08,43.15,43.15,41.5,41.85,2308,EQ,,,
2019-04-09,41.75,43.45,41.55,42.4,3113,EQ,,,
2019-04-10,42.3,42.5,41.0,41.5,5071,EQ,,,
2019-04-11,42.1,42.2,41.5,41.5,1747,EQ,,,
2019-04-12,42.1,42.1,41.6,41.7,1259,EQ,,,
2019-04-15,42.35,46.2,41.7,42.5,5782,EQ,,,
2019-04-16,43.15,43.75,42.25,42.5,2824,EQ,,,
2019-04-18,42.5,42.65,41.0,41.25,2076,EQ,,,
2019-04-22,41.05,41.9,40.0,41.0,1741,EQ,,,
2019-04-23,40.75,41.75,40.75,41.6,1978,EQ,,,
2019-04-24,41.75,43.5,40.75,41.35,4690,EQ,,,
2019-04-25,41.55,42.5,41.55,41.7,843,EQ,,,
2019-04-26,42.3,42.3,40.8,41.5,3396,EQ,,,
2019-04-30,41.5,42.15,40.5,40.75,6713,EQ,,,
2019-05-02,40.75,41.25,40.5,41.15,748,EQ,,,
2019-05-03,41.25,41.25,40.1,40.3,1533,EQ,,,
2019-05-06,40.5,40.5,39.25,39.4,2228,EQ,,,
2019-05-07,39.5,39.5,38.25,38.3,5583,EQ,,,
2019-05-08,38.25,38.25,37.0,37.0,3435,EQ,,,
2019-05-09,36.9,37.55,36.9,37.3,2487,EQ,,,
2019-05-10,37.9,38.65,36.9,36.9,2347,EQ,,,
2019-05-13,36.9,36.9,35.4,35.8,3790,EQ,,,
2019-05-14,36.0,37.25,35.5,35.9,4054,EQ,,,
2019-05-15,36.4,36.4,35.5,36.0,809,EQ,,,
2019-05-16,36.0,36.2,35.75,36.2,657,EQ,,,
2019-05-17,36.25,37.75,36.25,36.95,785,EQ,,,
2019-05-20,37.25,39.9,35.75,38.6,744,EQ,,,
2019-05-21,38.75,39.8,37.5,37.75,840,EQ,,,
2019-05-22,37.5,38.0,37.5,37.5,341,EQ,,,
2019-05-23,37.75,38.75,37.5,38.5,5386,EQ,,,
2019-05-24,38.75,40.4,38.5,40.25,2280,EQ,,,
2019-05-27,41.7,41.7,40.25,41.1,622,EQ,,,
2019-05-28,41.5,42.5,40.75,41.8,5651,EQ,,,
2019-05-29,45.5,49.5,45.5,46.7,120402,EQ,,,
2019-05-30,46.9,46.95,43.0,44.3,23079,EQ,,,
2019-05-31,44.5,44.5,42.75,43.05,9507,EQ,,,
2019-06-03,43.25,44.0,42.75,43.4,14378,EQ,,,
2019-06-04,42.75,43.2,41.6,41.75,6441,EQ,,,
2019-06-06,41.75,42.0,40.3,41.4,4910,EQ,,,
2019-06-07,42.5,42.5,41.25,41.5,4290,EQ,,,
2019-06-10,41.5,42.0,40.4,41.4,2462,EQ,,,
2019-06-11,41.5,42.2,40.1,41.9,4658,EQ,,,
2019-06-12,41.75,42.25,40.3,41.8,5200,EQ,,,
2019-06-13,41.75,41.75,40.05,40.65,3355,EQ,,,
2019-06-14,42.5,42.5,40.25,40.5,1904,EQ,,,
2019-06-17,40.5,40.8,38.9,40.1,1679,EQ,,,
2019-06-18,40.25,40.55,39.25,40.05,8650,EQ,,,
2019-06-19,40.1,41.25,39.55,39.95,6798,EQ,,,
2019-06-20,39.0,41.0,39.0,40.2,1007,EQ,,,
2019-06-21,39.5,40.25,39.2,39.65,10222,EQ,,,
2019-06-24,39.0,41.1,39.0,40.55,5863,EQ,,,
2019-06-25,39.5,43.0,39.5,42.4,6742,EQ,,,
2019-06-26,41.75,42.7,41.5,41.75,1203,EQ,,,
2019-06-27,40.75,43.0,40.75,41.35,1219,EQ,,,
2019-06-28,40.75,42.4,40.75,42.2,799,EQ,,,
2019-07-01,42.25,43.5,41.25,41.4,3296,EQ,,,
2019-07-02,41.3,42.65,41.0,42.5,6498,EQ,,,
2019-07-03,41.75,42.95,41.75,42.5,2090,EQ,,,
2019-07-04,42.25,42.7,41.75,42.4,752,EQ,,,
2019-07-05,41.8,41.8,41.25,41.25,2146,EQ,,,
2019-07-08,41.0,42.7,40.5,40.8,2432,EQ,,,
2019-07-09,40.5,42.1,40.5,41.45,3461,EQ,,,
2019-07-10,40.75,41.5,40.75,40.75,1285,EQ,,,
2019-07-11,40.45,41.1,40.25,40.8,2092,EQ,,,
2019-07-12,40.4,41.0,39.8,39.95,3514,EQ,,,
2019-07-15,39.5,41.15,39.5,40.25,1063,EQ,,,
2019-07-16,39.5,42.2,39.5,41.85,6666,EQ,,,
2019-07-17,41.25,42.1,41.25,41.55,4642,EQ,,,
2019-07-18,41.05,41.5,40.85,40.95,1777,EQ,,,
2019-07-19,40.5,40.75,38.25,38.75,4500,EQ,,,
2019-07-22,38.25,39.3,38.25,38.3,5878,EQ,,,
2019-07-23,38.0,38.45,38.0,38.0,1016,EQ,,,
2019-07-24,37.65,40.75,37.65,39.15,4780,EQ,,,
2019-07-25,38.3,39.55,38.3,38.75,753,EQ,,,
2019-07-26,38.0,40.5,38.0,39.7,2756,EQ,,,
2019-07-29,39.7,40.75,38.45,38.6,6301,EQ,,,
2019-07-30,38.5,40.25,36.5,36.8,4732,EQ,,,
2019-07-31,36.25,39.35,36.25,37.6,1267,EQ,,,
2019-08-01,36.85,37.85,36.25,36.5,1693,EQ,,,
2019-08-02,36.25,37.2,35.75,36.15,4723,EQ,,,
2019-08-05,35.75,36.25,35.5,35.65,1856,EQ,,,
2019-08-06,35.5,37.0,33.8,35.2,14925,EQ,,,
2019-08-07,37.0,37.0,35.0,36.0,1039,EQ,,,
2019-08-08,36.05,37.2,36.05,36.65,133,EQ,,,
2019-08-09,36.5,38.75,36.5,37.15,1745,EQ,,,
2019-08-13,36.25,37.5,36.2,36.25,2213,EQ,,,
2019-08-14,35.9,35.9,35.0,35.05,2131,EQ,,,
2019-08-16,34.75,34.75,28.75,34.25,30954,EQ,,,
2019-08-19,34.25,36.2,34.0,34.5,4585,EQ,,,
2019-08-20,35.25,37.2,33.75,33.95,8753,EQ,,,
2019-08-21,34.25,34.75,32.0,32.15,4027,EQ,,,
2019-08-22,32.25,33.0,30.8,32.55,3992,EQ,,,
2019-08-23,34.5,34.5,32.25,32.25,1242,EQ,,,
2019-08-26,34.7,34.7,32.4,32.6,1518,EQ,,,
2019-08-27,32.75,34.0,32.55,33.3,1135,EQ,,,
2019-08-28,32.75,32.9,31.3,32.0,2864,EQ,,,
2019-08-29,31.75,33.0,31.5,32.0,74,EQ,,,
2019-08-30,33.75,34.9,32.5,33.75,1784,EQ,,,
2019-09-03,34.6,34.6,33.0,33.7,591,EQ,,,
2019-09-04,33.5,34.9,33.5,34.65,1477,EQ,,,
2019-09-05,35.0,38.5,33.8,34.4,1083,EQ,,,
2019-09-06,35.2,35.25,33.8,34.5,455,EQ,,,
2019-09-09,34.7,36.4,34.7,35.1,3223,EQ,,,
2019-09-11,36.2,36.9,35.5,36.85,2690,EQ,,,
2019-09-12,36.55,38.2,36.25,36.4,1359,EQ,,,
2019-09-13,36.25,38.45,36.25,36.7,12545,EQ,,,
2019-09-16,36.7,37.25,35.0,35.2,4681,EQ,,,
2019-09-17,35.75,36.0,34.0,34.25,3226,EQ,,,
2019-09-18,34.1,35.0,34.0,34.25,326,EQ,,,
2019-09-19,34.25,34.75,32.75,34.25,1025,EQ,,,
2019-09-20,33.5,35.75,33.25,34.6,1571,EQ,,,
2019-09-23,34.5,35.6,34.25,34.3,7290,EQ,,,
2019-09-24,33.75,36.7,33.0,36.45,8943,EQ,,,
2019-09-25,37.5,40.0,36.7,38.35,14595,EQ,,,
2019-09-26,37.5,40.9,37.5,40.35,36196,EQ,,,
2019-09-27,39.25,42.95,38.8,42.25,25777,EQ,,,
2019-09-30,42.45,43.1,41.25,42.15,7975,EQ,47.0,169.68,1128.0
2019-10-01,42.5,44.75,40.0,41.2,20596,EQ,210.0,98.08,16094.0
2019-10-03,41.25,42.15,40.9,41.1,917,EQ,18.0,50.94,906.0
2019-10-04,42.5,42.5,41.05,41.15,1333,EQ,47.0,28.36,1145.0
2019-10-07,40.1,41.75,40.1,40.85,1119,EQ,25.0,44.76,1083.0
2019-10-09,41.25,42.8,40.75,42.2,5280,EQ,153.0,34.51,4147.0
2019-10-10,42.5,42.6,40.0,40.4,5727,EQ,195.0,29.37,3597.0
2019-10-11,40.65,41.9,39.6,39.95,3632,EQ,105.0,34.59,3121.0
2019-10-14,41.0,41.6,40.05,40.25,1734,EQ,33.0,52.55,1501.0
2019-10-15,39.25,40.95,39.25,40.3,2418,EQ,87.0,27.79,1760.0
2019-10-16,40.25,40.5,39.4,39.5,1365,EQ,55.0,24.82,1126.0
2019-10-17,38.8,40.95,38.75,39.9,1302,EQ,44.0,29.59,1114.0
2019-10-18,40.0,43.2,39.25,41.5,2782,EQ,101.0,27.54,2396.0
2019-10-22,40.25,41.95,38.5,39.0,10018,EQ,135.0,74.21,8926.0
2019-10-23,38.5,39.3,37.75,38.05,1423,EQ,49.0,29.04,1153.0
2019-10-24,39.1,39.1,37.25,37.55,2579,EQ,60.0,42.98,2255.0
2019-10-25,37.75,38.0,36.25,36.95,2671,EQ,96.0,27.82,2085.0
2019-10-29,37.5,39.0,37.25,38.75,2622,EQ,103.0,25.46,1697.0
2019-10-30,39.0,39.6,38.25,38.4,759,EQ,23.0,33.0,403.0
2019-10-31,38.75,39.0,38.35,38.5,1602,EQ,57.0,28.11,700.0
2019-11-01,39.25,40.0,37.5,38.85,1077,EQ,47.0,22.91,953.0
2019-11-04,38.85,40.45,38.15,40.05,7898,EQ,95.0,83.14,7091.0
2019-11-05,39.25,39.25,37.85,38.6,772,EQ,65.0,11.88,447.0
2019-11-06,38.5,42.5,37.5,41.65,5914,EQ,125.0,47.31,5285.0
2019-11-07,41.5,44.25,40.25,43.7,35268,EQ,466.0,75.68,31461.0
2019-11-08,44.75,47.35,44.15,45.45,69753,EQ,568.0,122.8,67724.0
2019-11-11,45.45,47.5,45.0,47.0,9760,EQ,210.0,46.48,7794.0
2019-11-13,47.25,50.7,45.25,46.0,63945,EQ,1578.0,40.52,22502.0
2019-11-14,45.6,47.9,45.0,45.9,7933,EQ,215.0,36.9,5867.0
2019-11-15,45.7,45.7,41.5,41.7,15799,EQ,377.0,41.91,10933.0
2019-11-18,42.9,42.9,40.1,41.1,3069,EQ,154.0,19.93,2034.0
2019-11-19,40.75,41.75,40.0,41.4,12400,EQ,509.0,24.36,7072.0
2019-11-20,42.6,42.7,40.2,40.9,1964,EQ,153.0,12.84,558.0
2019-11-21,42.5,42.5,40.05,40.25,8997,EQ,452.0,19.9,2438.0
2019-11-22,40.5,42.75,39.6,42.2,5696,EQ,341.0,16.7,4218.0
2019-11-25,42.5,44.0,41.75,42.75,7737,EQ,147.0,52.63,6542.0
2019-11-26,42.25,44.1,41.25,41.65,9833,EQ,351.0,28.01,7215.0
2019-11-27,42.1,42.1,41.0,41.5,3019,EQ,91.0,33.18,2538.0
2019-11-28,41.3,43.1,41.0,41.05,2496,EQ,95.0,26.27,1943.0
2019-11-29,40.3,42.0,40.3,41.7,1822,EQ,49.0,37.18,1170.0
2019-12-02,42.5,42.5,37.25,38.4,26414,EQ,352.0,75.04,16979.0
2019-12-03,39.7,39.7,38.4,38.45,2313,EQ,124.0,18.65,1731.0
2019-12-04,37.25,39.3,37.25,38.55,699,EQ,80.0,8.74,323.0
2019-12-05,38.1,38.75,36.4,37.2,3289,EQ,361.0,9.11,2090.0
2019-12-06,39.5,39.5,37.3,38.1,2612,EQ,196.0,13.33,1261.0
2019-12-09,39.1,39.4,38.75,39.1,1890,EQ,227.0,8.33,987.0
2019-12-10,38.75,39.6,38.0,38.2,1228,EQ,193.0,6.36,278.0
2019-12-11,39.0,40.0,38.9,38.95,1752,EQ,129.0,13.58,977.0
2019-12-12,39.25,40.9,39.0,40.5,7900,EQ,205.0,38.54,7259.0
2019-12-13,40.5,40.5,38.9,40.0,4276,EQ,67.0,63.82,3905.0
2019-12-16,39.5,40.1,38.0,39.45,1449,EQ,145.0,9.99,1021.0
2019-12-17,40.0,41.1,39.0,39.5,3094,EQ,129.0,23.98,2158.0
2019-12-18,41.75,41.75,38.1,38.7,4782,EQ,245.0,19.52,4024.0
2019-12-19,38.75,39.5,38.5,39.4,2287,EQ,171.0,13.37,1084.0
2019-12-20,38.9,38.9,38.15,38.3,4314,EQ,95.0,45.41,3108.0
2019-12-23,38.25,39.0,38.1,38.5,1016,EQ,108.0,9.41,489.0
2019-12-24,39.75,39.75,38.0,38.55,2375,EQ,174.0,13.65,892.0
2019-12-26,38.35,40.25,38.3,38.55,6765,EQ,345.0,19.61,1672.0
2019-12-27,38.5,39.0,38.25,38.5,1229,EQ,50.0,24.58,507.0
2019-12-30,38.25,38.9,38.25,38.55,769,EQ,79.0,9.73,300.0
2019-12-31,38.75,39.75,37.55,39.0,1616,EQ,149.0,10.85,976.0
2020-01-01,38.4,40.0,38.25,39.45,3435,EQ,79.0,43.48,2346.0
2020-01-02,38.75,43.5,38.75,42.95,6410,EQ,324.0,19.78,4627.0
2020-01-03,43.0,43.0,42.0,42.2,1806,EQ,56.0,32.25,1435.0
2020-01-06,41.75,41.85,40.0,40.3,865,EQ,108.0,8.01,649.0
2020-01-07,41.25,42.5,41.0,41.45,526,EQ,65.0,8.09,255.0
2020-01-08,41.25,42.3,39.5,40.2,6505,EQ,290.0,22.43,1232.0
2020-01-09,41.1,41.1,38.9,39.3,17858,EQ,702.0,25.44,9195.0
2020-01-10,40.0,40.25,39.1,39.2,947,EQ,100.0,9.47,567.0
2020-01-13,39.4,40.25,38.6,38.75,2555,EQ,183.0,13.96,1423.0
2020-01-14,39.0,40.0,39.0,39.15,3304,EQ,139.0,23.77,2510.0
2020-01-15,39.25,39.75,37.5,38.75,3863,EQ,242.0,15.96,2942.0
2020-01-16,38.9,40.5,38.0,38.2,11992,EQ,532.0,22.54,9771.0
2020-01-17,38.25,39.4,38.0,38.45,4041,EQ,170.0,23.77,2723.0
2020-01-20,38.5,39.0,37.8,38.5,751,EQ,149.0,5.04,184.0
2020-01-21,38.75,38.75,37.75,37.75,2071,EQ,94.0,22.03,1629.0
2020-01-22,38.05,38.25,37.65,38.15,1314,EQ,70.0,18.77,976.0
2020-01-23,38.2,39.85,37.75,37.8,3670,EQ,175.0,20.97,1678.0
2020-01-24,39.6,39.65,37.65,38.55,19180,EQ,426.0,45.02,3788.0
2020-01-27,38.5,39.0,38.0,38.15,1902,EQ,146.0,13.03,1112.0
2020-01-28,37.75,39.2,37.75,37.9,881,EQ,104.0,8.47,452.0
2020-01-29,37.75,38.5,37.5,37.8,2176,EQ,205.0,10.61,864.0
2020-01-30,39.5,39.5,37.6,38.55,2085,EQ,136.0,15.33,1134.0
2020-01-31,37.65,38.75,36.9,37.8,3596,EQ,409.0,8.79,1127.0
2020-02-03,38.7,38.7,37.05,37.45,1160,EQ,223.0,5.2,215.0
2020-02-04,37.75,38.35,37.15,37.5,1473,EQ,175.0,8.42,557.0
2020-02-05,37.5,37.5,35.9,36.8,2849,EQ,178.0,16.01,1634.0
2020-02-06,38.05,38.1,35.5,36.05,5782,EQ,230.0,25.14,3926.0
2020-02-07,36.4,36.95,35.25,35.7,6520,EQ,182.0,35.82,5041.0
2020-02-10,35.75,36.8,35.75,35.75,630,EQ,33.0,19.09,461.0
2020-02-11,35.6,36.7,35.0,35.1,4435,EQ,173.0,25.64,3073.0
2020-02-12,36.45,36.5,34.0,34.9,4392,EQ,219.0,20.05,3005.0
2020-02-13,35.65,36.45,34.5,35.7,4605,EQ,188.0,24.49,3348.0
2020-02-14,35.2,35.7,34.55,34.95,6339,EQ,520.0,12.19,2745.0
2020-02-17,35.0,35.9,32.7,34.45,4995,EQ,155.0,32.23,3478.0
2020-02-18,35.2,35.4,33.0,33.6,984,EQ,130.0,7.57,644.0
2020-02-19,33.6,35.25,32.55,33.15,2901,EQ,177.0,16.39,1752.0
2020-02-20,33.25,36.2,32.75,35.05,8912,EQ,311.0,28.66,7394.0
2020-02-24,35.0,35.8,34.3,34.75,1668,EQ,69.0,24.17,1492.0
2020-02-25,34.0,35.6,33.75,34.55,479,EQ,65.0,7.37,264.0
2020-02-26,33.75,35.0,33.7,34.05,1394,EQ,47.0,29.66,1215.0
2020-02-27,34.85,34.85,32.8,33.25,1342,EQ,43.0,31.21,709.0
2020-02-28,33.0,33.7,32.0,33.0,3066,EQ,105.0,29.2,2756.0
2020-03-02,32.75,33.6,31.25,32.45,1293,EQ,40.0,32.33,920.0
2020-03-03,32.0,33.0,30.95,32.0,7883,EQ,184.0,42.84,6256.0
2020-03-04,32.25,33.25,31.0,31.5,1520,EQ,125.0,12.16,1240.0
2020-03-05,33.7,33.7,30.55,31.3,3886,EQ,170.0,22.86,2837.0
2020-03-06,30.8,30.8,29.0,30.05,2200,EQ,77.0,28.57,1954.0
2020-03-09,29.5,31.0,27.75,30.2,1258,EQ,93.0,13.53,878.0
2020-03-11,31.05,32.5,29.25,32.15,3831,EQ,82.0,46.72,2844.0
2020-03-12,30.25,30.25,28.75,29.45,5604,EQ,154.0,36.39,4286.0
2020-03-13,29.0,31.25,27.5,30.45,1078,EQ,47.0,22.94,641.0
2020-03-16,30.0,30.0,28.0,28.95,4260,EQ,81.0,52.59,2860.0
2020-03-17,26.9,29.6,26.25,27.75,853,EQ,89.0,9.58,606.0
2020-03-18,27.7,30.4,25.9,27.1,1166,EQ,82.0,14.22,872.0
2020-03-19,25.5,28.8,24.05,24.95,6979,EQ,339.0,20.59,5704.0
2020-03-20,27.7,28.0,24.25,25.5,3297,EQ,120.0,27.48,1889.0
2020-03-23,25.25,25.25,20.5,23.4,3714,EQ,133.0,27.92,2632.0
2020-03-24,25.0,25.0,24.25,24.4,306,EQ,21.0,14.57,292.0
2020-03-25,23.5,26.2,22.75,23.1,2714,EQ,29.0,93.59,2544.0
2020-03-26,24.25,25.25,22.55,24.7,1725,EQ,68.0,25.37,1256.0
2020-03-27,25.25,26.15,22.75,23.05,1600,EQ,66.0,24.24,840.0
2020-03-30,24.25,24.25,23.0,23.55,457,EQ,31.0,14.74,432.0
2020-03-31,23.55,28.0,23.1,27.55,3114,EQ,77.0,40.44,2127.0
2020-04-01,27.75,28.0,25.1,26.25,700,EQ,95.0,7.37,215.0
2020-04-03,25.25,25.6,24.6,24.85,579,EQ,48.0,12.06,412.0
2020-04-07,26.9,26.9,24.4,24.9,369,EQ,41.0,9.0,223.0
2020-04-08,27.1,27.1,24.6,25.25,704,EQ,65.0,10.83,391.0
2020-04-09,26.1,27.3,25.3,26.7,1916,EQ,122.0,15.7,1249.0
2020-04-13,27.1,27.1,24.75,25.3,454,EQ,,,
2020-04-15,27.1,27.35,24.5,25.05,1410,EQ,102.0,13.82,1233.0
2020-04-16,26.55,26.8,24.5,25.3,3256,EQ,222.0,14.67,2275.0
2020-04-17,25.3,26.6,24.25,24.75,5669,EQ,175.0,32.39,5175.0
2020-04-20,25.9,26.9,24.9,25.45,1357,EQ,84.0,16.15,946.0
2020-04-21,24.1,25.5,23.4,24.6,2773,EQ,126.0,22.01,1330.0
2020-04-22,24.5,25.55,23.9,24.3,879,EQ,60.0,14.65,382.0
2020-04-23,24.9,25.1,23.95,24.8,1042,EQ,37.0,28.16,951.0
2020-04-24,25.55,25.7,23.75,23.8,3049,EQ,153.0,19.93,1705.0
2020-04-27,23.9,26.0,23.9,25.25,2379,EQ,84.0,28.32,1698.0
2020-04-28,25.25,25.45,24.0,24.45,850,EQ,70.0,12.14,420.0
2020-04-29,24.0,27.4,24.0,26.05,6304,EQ,172.0,36.65,1704.0
2020-04-30,25.55,28.25,25.0,25.6,5610,EQ,245.0,22.9,2030.0
2020-05-04,25.8,26.9,24.0,25.35,2045,EQ,97.0,21.08,1657.0
2020-05-05,25.65,25.9,24.0,24.55,1926,EQ,146.0,13.19,482.0
2020-05-06,24.15,25.55,23.75,24.3,1190,EQ,38.0,31.32,1054.0
2020-05-07,23.75,25.7,23.75,24.0,8586,EQ,298.0,28.81,2966.0
2020-05-08,24.3,24.8,23.55,23.9,488,EQ,44.0,11.09,267.0
2020-05-11,23.9,24.6,22.4,23.3,6575,EQ,214.0,30.72,3878.0
2020-05-12,24.1,24.2,23.25,23.75,245,EQ,40.0,6.12,89.0
2020-05-13,23.85,27.0,23.5,24.8,2781,EQ,129.0,21.56,2219.0
2020-05-14,24.85,24.85,24.3,24.5,90,EQ,19.0,4.74,20.0
2020-05-15,24.4,25.2,24.3,25.0,3520,EQ,50.0,70.4,895.0
2020-05-18,24.9,25.65,24.25,24.3,644,EQ,38.0,16.95,313.0
2020-05-19,26.65,26.65,24.5,24.5,1287,EQ,85.0,15.14,608.0
2020-05-20,24.6,25.7,23.5,23.8,5406,EQ,177.0,30.54,4348.0
2020-05-21,24.0,26.75,23.5,25.05,38213,EQ,633.0,60.37,11303.0
2020-05-22,24.25,24.9,23.5,24.3,8469,EQ,279.0,30.35,5097.0
2020-05-26,24.25,25.7,23.9,24.05,4450,EQ,149.0,29.87,2755.0
2020-05-27,24.9,24.9,23.75,24.0,838,EQ,101.0,8.3,671.0
2020-05-28,24.5,26.5,23.75,24.3,3632,EQ,137.0,26.51,1802.0
2020-05-29,25.05,25.35,24.3,24.5,506,EQ,50.0,10.12,366.0
2020-06-01,25.25,25.75,24.5,24.75,5226,EQ,69.0,75.74,3591.0
2020-06-02,25.55,25.55,23.0,24.5,5131,EQ,93.0,55.17,2862.0
2020-06-03,25.85,25.85,24.1,25.0,2137,EQ,69.0,30.97,1470.0
2020-06-04,26.0,27.0,24.5,25.0,12581,EQ,259.0,48.58,5537.0
2020-06-05,25.95,26.85,24.55,26.65,29021,EQ,555.0,52.29,13915.0
2020-06-08,27.0,29.95,26.4,26.9,25784,EQ,571.0,45.16,14270.0
2020-06-09,28.25,28.25,26.3,26.7,6795,EQ,175.0,38.83,5002.0
2020-06-10,28.05,28.05,26.6,27.1,1800,EQ,90.0,20.0,946.0
2020-06-11,26.75,27.25,24.25,25.55,2726,EQ,143.0,19.06,1781.0
2020-06-12,25.55,27.0,23.95,26.25,2661,EQ,79.0,33.68,2274.0
2020-06-15,26.0,26.85,25.05,26.1,1817,EQ,58.0,31.33,1544.0
2020-06-16,26.15,26.85,24.75,25.8,6257,EQ,205.0,30.52,3835.0
2020-06-17,26.6,30.45,24.6,29.75,110617,EQ,1916.0,57.73,52246.0
2020-06-18,30.5,35.25,27.75,28.3,106296,EQ,1949.0,54.54,59746.0
2020-06-19,28.7,29.0,26.5,27.2,18677,EQ,750.0,24.9,10601.0
2020-06-22,27.45,27.95,25.5,25.75,28970,EQ,702.0,41.27,20317.0
2020-06-23,26.75,26.75,25.55,26.0,8786,EQ,293.0,29.99,4861.0
2020-06-24,26.7,27.5,25.75,26.25,16552,EQ,232.0,71.34,12575.0
2020-06-25,25.1,26.15,24.0,26.1,8076,EQ,198.0,40.79,4555.0
2020-06-26,26.0,27.25,25.5,26.5,16603,EQ,886.0,18.74,7454.0
2020-06-29,26.9,26.9,25.9,26.25,8948,EQ,509.0,17.58,4649.0
2020-06-30,26.85,26.85,25.75,25.75,1754,EQ,83.0,21.13,1212.0
2020-07-01,26.35,26.5,25.5,26.1,5536,EQ,497.0,11.14,2560.0
2020-07-02,26.75,27.0,25.8,26.8,15602,EQ,1383.0,11.28,7200.0
2020-07-03,26.75,27.1,26.0,26.2,4904,EQ,649.0,7.56,2011.0
2020-07-06,25.9,26.7,25.45,25.8,9888,EQ,855.0,11.56,5154.0
2020-07-07,25.8,26.3,25.5,25.55,10774,EQ,1017.0,10.59,6160.0
2020-07-08,26.25,26.25,25.15,25.35,12082,EQ,1439.0,8.4,4316.0
2020-07-09,25.25,25.9,24.8,25.1,9172,EQ,855.0,10.73,4472.0
2020-07-10,25.0,26.0,25.0,25.4,5527,EQ,449.0,12.31,3149.0
2020-07-13,26.0,26.15,25.25,25.8,19094,EQ,2071.0,9.22,5675.0
2020-07-14,26.1,26.1,24.8,25.4,26786,EQ,1780.0,15.05,7005.0
2020-07-15,25.1,26.0,25.1,25.5,10504,EQ,1614.0,6.51,2311.0
2020-07-16,25.85,25.85,24.8,25.3,15797,EQ,2456.0,6.43,3061.0
2020-07-17,25.95,26.5,25.1,26.0,11125,EQ,410.0,27.13,8030.0
2020-07-20,26.25,26.5,25.6,25.75,14016,EQ,1236.0,11.34,6065.0
2020-07-21,26.2,26.2,25.5,25.8,12330,EQ,987.0,12.49,3493.0
2020-07-22,25.1,26.4,25.1,26.15,8664,EQ,659.0,13.15,4440.0
2020-07-23,26.15,27.2,25.8,26.9,12042,EQ,320.0,37.63,4853.0
2020-07-24,27.2,28.75,26.1,28.3,11612,EQ,378.0,30.72,8422.0
2020-07-27,28.3,28.75,26.15,26.8,13847,EQ,1063.0,13.03,2840.0
2020-07-28,27.9,27.9,26.55,26.75,6302,EQ,139.0,45.34,1999.0
2020-07-29,27.3,28.5,26.2,28.1,8669,EQ,242.0,35.82,6192.0
2020-07-30,28.8,28.8,27.0,27.6,4598,EQ,266.0,17.29,3098.0
2020-07-31,27.65,29.15,26.95,28.7,9740,EQ,413.0,23.58,5451.0
2020-08-03,28.75,28.75,27.75,27.95,946,EQ,92.0,10.28,791.0
2020-08-04,27.6,29.55,27.5,28.5,6803,EQ,340.0,20.01,5163.0
2020-08-05,28.25,30.0,28.2,29.5,17768,EQ,903.0,19.68,7809.0
2020-08-06,30.15,30.5,29.15,30.25,9366,EQ,768.0,12.2,4816.0
2020-08-07,30.65,31.3,29.55,30.7,9571,EQ,629.0,15.22,4379.0
2020-08-10,30.65,33.0,27.75,32.25,17631,EQ,751.0,23.48,8407.0
2020-08-11,32.95,35.4,31.75,34.9,16684,EQ,531.0,31.42,14055.0
2020-08-12,34.7,37.5,33.5,36.05,26704,EQ,776.0,34.41,20399.0
2020-08-13,37.25,38.2,36.5,36.7,18206,EQ,499.0,36.48,13721.0
2020-08-14,37.65,37.65,34.25,34.7,12300,EQ,442.0,27.83,10880.0
2020-08-17,36.35,37.0,34.3,35.15,4093,EQ,271.0,15.1,3080.0
2020-08-18,36.15,36.15,35.0,35.0,13449,EQ,88.0,152.83,12802.0
2020-08-19,37.5,37.5,35.0,36.0,10739,EQ,364.0,29.5,8358.0
2020-08-20,36.25,36.95,35.25,35.95,8812,EQ,903.0,9.76,4499.0
2020-08-21,35.0,38.15,34.55,36.65,74054,EQ,1063.0,69.67,60609.0
2020-08-24,36.65,37.2,36.0,36.75,13940,EQ,274.0,50.88,10225.0
2020-08-25,35.7,38.5,35.7,36.6,13539,EQ,727.0,18.62,9728.0
2020-08-26,35.75,38.6,35.75,37.75,11536,EQ,285.0,40.48,10257.0
2020-08-27,39.2,39.35,36.4,36.6,117547,EQ,1130.0,104.02,97003.0
2020-08-28,35.5,38.1,35.5,37.9,9431,EQ,358.0,26.34,8182.0
2020-08-31,39.0,39.0,35.65,36.15,8520,EQ,341.0,24.99,5533.0
2020-09-01,36.5,38.7,35.9,36.2,4234,EQ,464.0,9.12,2434.0
2020-09-02,38.0,38.0,36.0,36.7,1571,EQ,212.0,7.41,668.0
2020-09-03,37.85,37.85,36.25,36.8,4699,EQ,578.0,8.13,1946.0
2020-09-04,37.5,37.5,36.15,36.7,1878,EQ,139.0,13.51,1382.0
2020-09-07,37.5,38.25,36.0,36.35,15781,EQ,1082.0,14.59,7607.0
2020-09-08,37.25,37.4,35.8,36.05,2063,EQ,125.0,16.5,1308.0
2020-09-09,37.25,37.25,35.0,35.3,899,EQ,64.0,14.05,603.0
2020-09-10,35.3,36.6,34.85,35.3,5946,EQ,621.0,9.57,1794.0
2020-09-11,35.6,36.4,35.25,35.5,1613,EQ,224.0,7.2,467.0
2020-09-14,36.5,37.0,35.25,35.5,5031,EQ,247.0,20.37,2520.0
2020-09-15,36.7,36.7,34.0,36.05,29801,EQ,842.0,35.39,10685.0
2020-09-16,35.65,37.0,35.6,37.0,2994,EQ,178.0,16.82,1921.0
2020-09-17,35.85,36.7,35.5,35.8,3256,EQ,276.0,11.8,746.0
2020-09-18,36.0,39.5,35.5,37.5,22002,EQ,821.0,26.8,12563.0
2020-09-21,37.25,37.5,36.0,36.0,4676,EQ,287.0,16.29,1466.0
2020-09-22,36.35,37.2,35.05,36.15,5481,EQ,435.0,12.6,2183.0
2020-09-23,36.65,36.75,35.25,35.55,811,EQ,84.0,9.65,655.0
2020-09-24,35.7,36.3,34.5,35.3,1284,EQ,64.0,20.06,1164.0
2020-09-25,35.7,36.3,35.25,35.25,384,EQ,55.0,6.98,130.0
2020-09-28,35.4,36.2,35.0,35.15,1046,EQ,,,
2020-09-29,35.25,36.05,34.55,34.9,447,EQ,66.0,6.77,266.0
2020-09-30,36.2,41.9,35.05,36.8,4618,EQ,174.0,26.54,3544.0
2020-10-01,36.8,39.0,33.5,38.8,17412,EQ,456.0,38.18,13043.0
2020-10-05,39.25,40.5,38.2,39.2,27065,EQ,827.0,32.73,13598.0
2020-10-06,39.25,43.5,38.2,42.2,33048,EQ,722.0,45.77,24996.0
2020-10-07,42.0,42.75,41.15,42.0,4970,EQ,236.0,21.06,4519.0
2020-10-08,42.5,43.1,42.0,42.7,5725,EQ,236.0,24.26,4892.0
2020-10-09,42.65,43.2,41.5,42.6,8689,EQ,327.0,26.57,7877.0
2020-10-12,42.6,43.2,42.25,42.25,601,EQ,47.0,12.79,405.0
2020-10-13,42.25,42.25,41.75,41.9,296,EQ,14.0,21.14,282.0
2020-10-14,41.75,42.0,40.25,40.75,1803,EQ,138.0,13.07,1456.0
2020-10-15,42.5,42.5,40.75,40.75,1606,EQ,134.0,11.99,1202.0
2020-10-16,42.2,42.2,40.8,41.2,1495,EQ,67.0,22.31,1079.0
2020-10-19,41.0,42.2,40.75,41.2,1123,EQ,104.0,10.8,621.0
2020-10-20,42.25,42.25,40.75,41.0,536,EQ,78.0,6.87,250.0
2020-10-21,41.6,42.2,40.5,41.15,3579,EQ,191.0,18.74,2842.0
2020-10-22,41.4,44.7,41.15,43.1,5605,EQ,205.0,27.34,4273.0
2020-10-23,43.75,44.7,42.5,43.05,4300,EQ,230.0,18.7,3031.0
2020-10-26,43.9,44.05,42.55,43.05,1651,EQ,132.0,12.51,1051.0
2020-10-27,43.55,43.55,42.5,42.9,567,EQ,45.0,12.6,383.0
2020-10-28,42.9,43.9,42.2,43.0,2946,EQ,130.0,22.66,2060.0
2020-10-29,42.75,43.05,41.0,42.0,7437,EQ,329.0,22.6,4322.0
2020-10-30,44.25,44.25,40.5,40.8,2795,EQ,92.0,30.38,2252.0
2020-11-02,41.2,42.95,40.05,40.25,12740,EQ,527.0,24.17,5097.0
2020-11-03,40.3,41.35,39.95,41.15,5537,EQ,337.0,16.43,3418.0
2020-11-04,41.15,41.55,40.75,41.5,1358,EQ,34.0,39.94,1177.0
2020-11-05,41.25,42.4,40.75,41.15,1180,EQ,75.0,15.73,722.0
2020-11-06,41.0,41.7,40.0,40.9,2417,EQ,126.0,19.18,1714.0
2020-11-09,39.9,41.2,39.9,40.8,397,EQ,63.0,6.3,340.0
2020-11-10,41.3,42.0,40.0,40.25,3728,EQ,150.0,24.85,2719.0
2020-11-11,41.6,41.85,39.75,40.9,1103,EQ,82.0,13.45,792.0
2020-11-12,42.5,42.5,40.5,40.55,979,EQ,51.0,19.2,285.0
2020-11-13,40.6,41.25,39.9,40.6,7194,EQ,110.0,65.4,6057.0
2020-11-17,41.0,41.5,40.5,40.7,2066,EQ,66.0,31.3,1845.0
2020-11-18,41.75,41.75,40.0,40.25,734,EQ,74.0,9.92,463.0
2020-11-19,42.45,42.5,39.75,41.25,43200,EQ,191.0,226.18,39750.0
2020-11-20,41.7,43.25,41.25,41.25,98858,EQ,232.0,426.11,94520.0
2020-11-23,41.4,43.15,40.6,41.75,32212,EQ,171.0,188.37,30163.0
2020-11-24,41.75,44.5,40.6,43.2,18167,EQ,540.0,33.64,6872.0
2020-11-25,43.05,43.05,41.5,41.75,2315,EQ,115.0,20.13,2023.0
2020-11-26,41.5,42.5,41.0,41.3,3034,EQ,95.0,31.94,2585.0
2020-11-27,41.5,42.2,40.8,41.6,4118,EQ,93.0,44.28,2123.0
2020-12-01,41.5,44.7,41.25,42.85,8665,EQ,403.0,21.5,5268.0
2020-12-02,44.6,44.6,41.15,42.4,3975,EQ,215.0,18.49,2880.0
2020-12-03,42.25,43.5,41.25,42.6,3765,EQ,172.0,21.89,2307.0
2020-12-04,42.5,48.35,41.5,45.15,26047,EQ,302.0,86.25,21283.0
2020-12-07,44.5,46.0,43.4,45.7,14036,EQ,245.0,57.29,12351.0
2020-12-08,46.0,47.0,45.25,45.7,13147,EQ,165.0,79.68,11143.0
2020-12-09,45.8,46.15,44.05,44.4,11179,EQ,201.0,55.62,9718.0
2020-12-10,44.5,45.7,43.5,44.15,7168,EQ,142.0,50.48,5401.0
2020-12-11,45.6,45.6,43.25,43.3,5945,EQ,158.0,37.63,4657.0
2020-12-14,44.45,45.0,43.25,43.55,7032,EQ,114.0,61.68,5921.0
2020-12-15,44.2,45.5,43.25,43.7,3324,EQ,135.0,24.62,1550.0
2020-12-16,44.75,48.75,43.5,47.9,38934,EQ,839.0,46.41,30824.0
2020-12-17,48.2,49.75,45.6,48.55,22467,EQ,312.0,72.01,19160.0
2020-12-18,48.75,51.2,45.6,49.1,51363,EQ,907.0,56.63,39957.0
2020-12-21,49.95,50.7,46.65,48.15,32921,EQ,915.0,35.98,16281.0
2020-12-22,48.15,48.15,43.75,46.05,7554,EQ,452.0,16.71,4389.0
2020-12-23,46.75,49.7,46.5,48.95,66535,EQ,373.0,178.38,51146.0
2020-12-24,50.5,50.5,47.5,48.0,7391,EQ,322.0,22.95,4157.0
2020-12-28,48.5,49.5,47.75,48.0,1930,EQ,158.0,12.22,825.0
2020-12-29,48.8,49.6,47.9,49.0,6524,EQ,193.0,33.8,4571.0
2020-12-30,48.75,50.5,47.0,49.65,14051,EQ,347.0,40.49,8610.0
2020-12-31,50.25,50.7,48.85,50.05,5968,EQ,292.0,20.44,4481.0
2021-01-01,50.0,50.05,49.05,49.6,3373,EQ,165.0,20.44,2405.0
2021-01-04,49.5,49.85,48.0,48.5,12159,EQ,363.0,33.5,8360.0
2021-01-05,48.95,49.0,47.25,48.5,6784,EQ,231.0,29.37,4876.0
2021-01-06,48.75,48.8,47.05,47.55,5123,EQ,183.0,27.99,3645.0
2021-01-07,48.3,49.35,47.8,48.3,9671,EQ,296.0,32.67,6229.0
2021-01-08,49.65,50.15,47.75,48.0,11629,EQ,388.0,29.97,5624.0
2021-01-11,49.2,49.65,47.5,47.9,6762,EQ,203.0,33.31,5005.0
2021-01-12,47.75,48.75,47.75,47.95,9417,EQ,164.0,57.42,5095.0
2021-01-13,49.95,50.15,47.45,49.05,8344,EQ,303.0,27.54,6304.0
2021-01-14,48.75,49.75,48.5,49.5,1539,EQ,60.0,25.65,1061.0
2021-01-15,49.25,49.45,48.05,48.15,1451,EQ,105.0,13.82,893.0
2021-01-18,48.0,48.6,47.45,47.8,3209,EQ,126.0,25.47,2535.0
2021-01-19,47.75,49.0,47.75,48.3,4960,EQ,143.0,34.69,4203.0
2021-01-20,49.4,49.45,47.75,47.9,1836,EQ,56.0,32.79,1108.0
2021-01-21,48.15,48.6,47.0,47.1,7043,EQ,150.0,46.95,5897.0
2021-01-22,47.75,48.0,46.0,46.55,9737,EQ,205.0,47.5,8071.0
2021-01-25,47.05,47.55,44.25,44.6,4261,EQ,237.0,17.98,2957.0
2021-01-27,44.5,45.2,44.5,44.5,2181,EQ,75.0,29.08,1716.0
2021-01-28,44.5,45.3,43.5,44.0,723,EQ,70.0,10.33,408.0
2021-01-29,46.35,46.35,44.3,45.45,1760,EQ,61.0,28.85,1384.0
2021-02-01,45.25,45.65,44.55,44.85,1109,EQ,86.0,12.9,763.0
2021-02-02,45.5,45.55,44.0,44.55,12404,EQ,1024.0,12.11,2601.0
2021-02-03,45.1,46.25,44.6,44.7,5549,EQ,565.0,9.82,2179.0
2021-02-04,44.5,45.7,43.8,44.4,18066,EQ,1014.0,17.82,5159.0
2021-02-05,45.25,45.25,43.75,43.8,1565,EQ,68.0,23.01,1345.0
2021-02-08,44.65,45.5,43.8,44.2,9896,EQ,355.0,27.88,5442.0
2021-02-09,44.25,45.0,43.9,44.25,4660,EQ,139.0,33.53,3733.0
2021-02-10,44.5,44.6,43.9,44.0,991,EQ,43.0,23.05,562.0
2021-02-11,44.5,45.75,44.25,45.1,9691,EQ,298.0,32.52,4049.0
2021-02-12,46.25,46.25,44.25,44.4,811,EQ,63.0,12.87,656.0
2021-02-15,45.0,45.2,43.25,43.5,4221,EQ,146.0,28.91,3542.0
2021-02-16,43.75,43.75,41.25,41.75,17804,EQ,270.0,65.94,13334.0
2021-02-17,41.25,41.75,38.8,39.45,11968,EQ,369.0,32.43,8852.0
2021-02-18,39.75,42.4,39.5,41.8,10017,EQ,490.0,20.44,4049.0
2021-02-19,41.8,42.45,41.0,41.3,882,EQ,116.0,7.6,516.0
2021-02-22,42.1,44.5,40.75,41.2,17753,EQ,822.0,21.6,6386.0
2021-02-23,41.5,42.0,41.4,41.75,590,EQ,34.0,17.35,357.0
2021-02-24,41.8,43.5,41.7,41.8,493,EQ,44.0,11.2,379.0
2021-02-25,41.8,42.35,41.0,41.55,5045,EQ,197.0,25.61,3017.0
2021-02-26,41.75,41.75,40.7,41.65,3250,EQ,124.0,26.21,1866.0
2021-03-01,42.4,44.0,40.95,41.0,4712,EQ,120.0,39.27,2728.0
2021-03-02,42.45,42.45,41.05,41.3,1653,EQ,86.0,19.22,923.0
2021-03-03,42.4,42.4,41.3,41.65,912,EQ,72.0,12.67,386.0
2021-03-04,42.4,42.4,41.2,41.5,762,EQ,57.0,13.37,547.0
2021-03-05,42.7,45.95,41.3,42.0,1599,EQ,112.0,14.28,826.0
2021-03-08,44.0,44.0,41.25,41.65,7567,EQ,413.0,18.32,3958.0
2021-03-09,41.9,42.6,40.6,41.4,6179,EQ,151.0,40.92,5189.0
2021-03-10,41.25,45.05,41.1,44.0,31672,EQ,470.0,67.39,27898.0
2021-03-12,45.25,45.95,44.0,44.45,25172,EQ,505.0,49.85,13438.0
2021-03-15,44.45,45.5,43.55,44.6,5558,EQ,112.0,49.62,4895.0
2021-03-16,45.1,45.5,43.8,44.5,3326,EQ,162.0,20.53,3013.0
2021-03-17,44.5,45.65,43.25,43.5,4551,EQ,224.0,20.32,2983.0
2021-03-18,44.1,44.95,42.5,43.05,4963,EQ,164.0,30.26,3452.0
2021-03-19,44.4,45.2,42.5,43.7,39077,EQ,156.0,250.49,36819.0
2021-03-22,45.0,45.0,42.5,42.5,3586,EQ,132.0,27.17,2497.0
2021-03-23,43.0,43.35,42.3,42.55,2218,EQ,60.0,36.97,2047.0
2021-03-24,42.6,42.7,42.0,42.2,1985,EQ,44.0,45.11,1929.0
2021-03-25,42.1,44.1,41.1,43.1,29381,EQ,157.0,187.14,28351.0
2021-03-26,44.6,45.25,43.1,43.75,10910,EQ,103.0,105.92,10318.0
2021-03-30,44.65,44.65,43.05,43.05,1371,EQ,66.0,20.77,1080.0
2021-03-31,43.6,44.25,41.05,42.9,1270,EQ,105.0,12.1,920.0
2021-04-01,42.35,43.5,41.75,42.2,722,EQ,50.0,14.44,488.0
2021-04-05,42.55,43.0,41.75,42.0,266,EQ,53.0,5.02,62.0
2021-04-06,42.0,47.45,41.75,45.0,9781,EQ,365.0,26.8,4098.0
2021-04-07,46.7,47.0,45.4,46.3,37597,EQ,380.0,98.94,32776.0
2021-04-08,45.6,48.95,44.5,45.15,4323,EQ,438.0,9.87,1168.0
2021-04-09,45.0,48.25,44.45,48.1,8021,EQ,151.0,53.12,7754.0
2021-04-12,48.3,48.3,43.75,44.55,2588,EQ,198.0,13.07,1306.0
2021-04-13,43.0,48.15,43.0,46.2,3175,EQ,150.0,21.17,2192.0
2021-04-15,45.9,49.0,44.55,48.05,16991,EQ,381.0,44.6,15835.0
2021-04-16,49.25,49.25,45.65,45.95,4253,EQ,175.0,24.3,2685.0
2021-04-19,45.5,47.0,44.25,44.3,821,EQ,96.0,8.55,507.0
2021-04-20,44.7,45.5,44.6,45.15,28465,EQ,77.0,369.68,28070.0
2021-04-22,45.5,45.5,44.0,44.3,798,EQ,22.0,36.27,702.0
2021-04-23,45.0,45.5,43.55,44.25,25847,EQ,184.0,140.47,13002.0
2021-04-26,45.25,48.7,43.6,45.25,9165,EQ,268.0,34.2,6566.0
2021-04-27,46.2,46.2,43.0,43.8,6299,EQ,213.0,29.57,4202.0
2021-04-28,44.25,46.25,43.75,45.0,22137,EQ,496.0,44.63,5498.0
2021-04-29,45.7,45.95,45.0,45.15,9856,EQ,135.0,73.01,6662.0
2021-04-30,44.7,45.0,43.8,44.5,1250,EQ,161.0,7.76,562.0
2021-05-03,45.5,45.7,43.4,44.3,1257,EQ,75.0,16.76,598.0
2021-05-04,45.25,45.65,44.0,44.15,1782,EQ,52.0,34.27,1053.0
2021-05-05,45.75,45.95,43.0,45.25,1888,EQ,78.0,24.21,1264.0
2021-05-06,46.2,46.2,43.75,44.55,2767,EQ,169.0,16.37,883.0
2021-05-07,45.3,45.3,44.0,44.0,1671,EQ,83.0,20.13,1155.0
2021-05-10,44.05,47.8,43.5,45.9,17210,EQ,527.0,32.66,9779.0
2021-05-11,46.05,47.5,44.6,46.95,7068,EQ,397.0,17.8,4373.0
2021-05-12,47.05,47.15,45.1,45.4,8137,EQ,439.0,18.54,2910.0
2021-05-14,46.55,46.55,44.65,44.9,7246,EQ,301.0,24.07,2901.0
2021-05-17,44.45,46.25,44.3,45.3,7957,EQ,335.0,23.75,2970.0
2021-05-18,46.5,48.75,45.7,48.55,13214,EQ,515.0,25.66,9724.0
2021-05-19,50.0,50.0,47.55,49.5,4875,EQ,168.0,29.02,4064.0
2021-05-20,48.5,59.35,47.8,57.25,135464,EQ,3170.0,42.73,83064.0
2021-05-21,59.35,59.35,53.8,56.25,33411,EQ,1206.0,27.7,14595.0
2021-05-24,58.0,59.0,54.0,55.15,12734,EQ,348.0,36.59,10196.0
2021-05-25,54.25,55.7,53.0,53.45,7220,EQ,195.0,37.03,5780.0
2021-05-26,53.2,53.35,52.0,52.2,3516,EQ,214.0,16.43,2490.0
2021-05-27,52.75,53.7,50.95,52.5,5676,EQ,129.0,44.0,4789.0
2021-05-28,51.75,53.5,51.0,51.05,18949,EQ,353.0,53.68,13884.0
2021-05-31,52.0,55.15,50.75,52.8,13527,EQ,292.0,46.33,10353.0
2021-06-01,53.0,53.7,51.95,52.5,20698,EQ,795.0,26.04,13805.0
2021-06-02,52.7,56.3,51.7,54.7,30757,EQ,744.0,41.34,9881.0
2021-06-03,54.75,56.85,54.15,55.45,11488,EQ,254.0,45.23,6515.0
2021-06-04,55.0,56.25,53.5,55.1,11787,EQ,240.0,49.11,9276.0
2021-06-07,54.25,55.4,53.5,53.8,9544,EQ,179.0,53.32,8381.0
2021-06-08,54.85,55.0,52.8,53.15,15465,EQ,193.0,80.13,12507.0
2021-06-09,53.5,54.2,53.1,53.4,5174,EQ,111.0,46.61,4402.0
2021-06-10,52.85,55.35,52.6,53.75,9137,EQ,212.0,43.1,4637.0
2021-06-11,53.65,54.85,53.0,53.3,4721,EQ,183.0,25.8,3197.0
2021-06-14,54.75,54.75,51.3,52.5,11003,EQ,176.0,62.52,9374.0
2021-06-15,53.3,57.2,52.55,56.4,22441,EQ,557.0,40.29,14851.0
2021-06-16,57.0,57.0,54.1,55.55,5127,EQ,241.0,21.27,3505.0
2021-06-17,53.45,57.95,53.45,57.7,37335,EQ,384.0,97.23,34382.0
2021-06-18,58.5,61.2,56.25,57.4,129264,EQ,2223.0,58.15,29646.0
2021-06-21,58.0,59.25,55.7,56.05,14733,EQ,492.0,29.95,9923.0
2021-06-22,58.5,59.3,56.3,56.85,23588,EQ,647.0,36.46,17749.0
2021-06-23,58.0,58.5,55.25,55.75,8467,EQ,418.0,20.26,4787.0
2021-06-24,55.7,56.25,54.0,54.45,6461,EQ,207.0,31.21,5569.0
2021-06-25,55.6,56.2,53.8,53.95,3894,EQ,229.0,17.0,2643.0
2021-06-28,52.85,55.4,52.85,53.5,44852,EQ,633.0,70.86,22021.0
2021-06-29,52.5,54.4,52.4,53.3,6807,EQ,203.0,33.53,4345.0
2021-06-30,53.75,54.6,52.9,53.05,10270,EQ,186.0,55.22,7673.0
2021-07-01,54.15,55.7,52.7,53.15,31480,EQ,546.0,57.66,15687.0
2021-07-02,53.75,54.0,52.5,53.0,10369,EQ,142.0,73.02,7896.0
2021-07-05,53.65,57.7,52.5,56.7,31321,EQ,650.0,48.19,22772.0
2021-07-06,56.7,58.65,55.3,56.1,15932,EQ,310.0,51.39,9960.0
2021-07-07,57.0,57.7,55.8,56.75,70700,EQ,174.0,406.32,67668.0
2021-07-08,57.05,58.65,56.55,56.95,44225,EQ,395.0,111.96,40005.0
2021-07-09,57.45,57.8,55.4,56.1,4678,EQ,275.0,17.01,1719.0
2021-07-12,57.1,60.8,55.4,59.25,34707,EQ,1296.0,26.78,16071.0
2021-07-13,59.9,71.1,59.3,69.25,193122,EQ,7866.0,24.55,68596.0
2021-07-14,71.5,73.45,67.8,69.3,87147,EQ,4409.0,19.77,43207.0
2021-07-15,67.5,69.15,67.15,67.95,13445,EQ,1182.0,11.37,8216.0
2021-07-16,68.3,69.6,67.3,68.95,12578,EQ,866.0,14.52,8481.0
2021-07-19,80.45,82.7,79.15,82.7,298815,EQ,5499.0,54.34,116585.0
2021-07-20,86.75,86.75,77.0,80.0,159143,EQ,7506.0,21.2,64845.0
2021-07-22,81.2,82.0,78.75,79.4,15114,EQ,601.0,25.15,10160.0
2021-07-23,80.0,80.25,78.25,78.35,11530,EQ,348.0,33.13,6940.0
2021-07-26,80.0,80.65,77.4,78.3,12949,EQ,536.0,24.16,8763.0
2021-07-27,78.3,82.0,76.2,79.85,34259,EQ,967.0,35.43,21229.0
2021-07-28,83.45,87.8,80.75,87.8,691575,EQ,1911.0,361.89,647896.0
2021-07-29,94.75,96.6,91.85,95.85,178182,EQ,1758.0,101.35,110684.0
2021-07-30,94.25,97.2,88.25,91.65,117039,EQ,3440.0,34.02,53864.0
2021-08-02,93.75,109.95,93.75,108.25,354547,EQ,16288.0,21.77,122734.0
2021-08-03,111.0,118.7,106.05,111.3,208189,EQ,13245.0,15.72,70387.0
2021-08-04,112.1,112.1,100.5,103.75,76410,EQ,5315.0,14.38,41994.0
2021-08-05,103.75,108.75,100.0,100.65,70603,EQ,3610.0,19.56,30522.0
2021-08-06,103.5,106.8,100.75,103.4,32989,EQ,2283.0,14.45,14370.0
2021-08-09,104.25,105.0,95.25,101.2,51442,EQ,2854.0,18.02,32151.0
2021-08-10,101.95,102.6,85.65,92.55,55953,EQ,2919.0,19.17,34627.0
2021-08-11,94.7,94.7,82.8,89.35,79113,EQ,4305.0,18.38,45624.0
2021-08-12,93.0,99.1,90.5,93.55,66152,EQ,5009.0,13.21,33074.0
2021-08-13,96.2,97.25,89.3,90.8,31293,EQ,2461.0,12.72,17185.0
2021-08-16,89.75,91.75,84.0,85.05,35426,EQ,2461.0,14.39,23835.0
2021-08-17,86.75,91.65,83.3,88.3,43165,EQ,3183.0,13.56,19240.0
2021-08-18,88.3,89.35,83.8,85.45,20753,EQ,1737.0,11.95,15099.0
2021-08-20,84.75,84.75,78.05,79.8,28617,EQ,1768.0,16.19,15822.0
2021-08-23,83.7,83.7,74.1,75.65,21555,EQ,1029.0,20.95,12980.0
2021-08-24,73.0,79.7,73.0,76.5,23856,EQ,1214.0,19.65,13600.0
2021-08-25,78.5,80.95,77.45,78.05,12160,EQ,540.0,22.52,7103.0
2021-08-26,78.15,80.1,77.2,77.8,10542,EQ,306.0,34.45,6390.0
2021-08-27,79.9,79.9,75.45,76.45,10905,EQ,411.0,26.53,7124.0
2021-08-30,77.45,82.5,77.2,81.75,14229,EQ,735.0,19.36,6352.0
2021-08-31,82.75,86.5,82.75,84.1,20742,EQ,967.0,21.45,12344.0
2021-09-01,84.25,85.7,80.95,81.2,15599,EQ,698.0,22.35,10973.0
2021-09-02,82.7,82.95,78.1,80.8,23031,EQ,954.0,24.14,10945.0
2021-09-03,80.8,80.95,78.0,78.4,10887,EQ,408.0,26.68,6305.0
2021-09-06,80.25,80.25,78.5,78.95,7759,EQ,352.0,22.04,4669.0
2021-09-07,78.75,80.8,78.75,79.95,7584,EQ,260.0,29.17,5789.0
2021-09-08,80.0,84.7,79.5,82.15,33448,EQ,1675.0,19.97,13161.0
2021-09-09,84.25,84.5,75.6,78.95,24790,EQ,668.0,37.11,15216.0
2021-09-13,78.75,80.7,77.6,79.9,10401,EQ,455.0,22.86,7026.0
2021-09-14,80.0,81.7,78.1,80.3,17972,EQ,654.0,27.48,10848.0
2021-09-15,79.95,82.45,79.65,80.95,9297,EQ,441.0,21.08,5430.0
2021-09-16,81.2,82.2,80.5,81.2,6023,EQ,466.0,12.92,3101.0
2021-09-17,80.6,84.95,80.0,81.25,56707,EQ,2114.0,26.82,18877.0
2021-09-20,79.75,81.25,76.75,77.6,17678,EQ,793.0,22.29,11120.0
2021-09-21,75.55,79.85,74.3,76.35,17791,EQ,1039.0,17.12,9081.0
2021-09-22,79.2,79.95,74.4,75.45,29371,EQ,1481.0,19.83,16253.0
2021-09-23,75.5,79.0,75.0,75.25,10222,EQ,609.0,16.78,6606.0
2021-09-24,75.75,77.45,73.1,74.4,13349,EQ,964.0,13.85,6356.0
2021-09-27,74.8,76.5,73.75,75.4,5563,EQ,492.0,11.31,3079.0
2021-09-28,76.95,76.95,73.8,74.6,3830,EQ,396.0,9.67,2541.0
2021-09-29,75.95,79.5,74.5,78.75,19302,EQ,715.0,27.0,13164.0
2021-09-30,79.9,79.9,76.7,78.5,11679,EQ,482.0,24.23,6968.0
2021-10-01,79.65,79.65,75.3,75.95,9267,EQ,483.0,19.19,5888.0
2021-10-04,76.9,78.0,75.85,76.95,8357,EQ,321.0,26.03,6083.0
2021-10-05,75.5,78.0,75.25,77.3,17807,EQ,590.0,30.18,11297.0
2021-10-06,78.7,79.45,76.3,76.8,11740,EQ,1109.0,10.59,3626.0
2021-10-07,78.75,78.75,74.65,75.6,21932,EQ,1083.0,20.25,13006.0
2021-10-08,75.5,77.4,74.8,75.2,14401,EQ,1502.0,9.59,4787.0
2021-10-11,76.15,76.2,74.0,75.0,9635,EQ,797.0,12.09,3948.0
2021-10-12,73.8,77.45,73.8,75.05,13677,EQ,578.0,23.66,6803.0
2021-10-13,75.1,80.95,75.05,77.95,33454,EQ,1453.0,23.02,18939.0
2021-10-14,79.1,82.25,76.6,77.8,38456,EQ,4786.0,8.04,11152.0
2021-10-18,79.7,79.7,76.15,76.7,21474,EQ,891.0,24.1,13515.0
2021-10-19,77.2,78.0,75.0,75.2,15065,EQ,947.0,15.91,7102.0
2021-10-20,74.5,77.05,74.5,74.75,13605,EQ,274.0,49.65,12830.0
2021-10-21,75.25,75.75,74.1,74.65,8634,EQ,1261.0,6.85,1780.0
2021-10-22,74.3,75.0,71.0,71.7,12531,EQ,644.0,19.46,9257.0
2021-10-25,74.7,74.7,71.85,72.7,15788,EQ,1641.0,9.62,7303.0
2021-10-26,73.7,76.75,72.75,75.6,15410,EQ,1113.0,13.85,8659.0
2021-10-27,76.95,80.5,75.7,76.15,21526,EQ,748.0,28.78,12053.0
2021-10-28,76.15,77.45,74.25,74.65,3378,EQ,215.0,15.71,2256.0
2021-10-29,77.2,77.2,73.8,74.2,17065,EQ,1579.0,10.81,6732.0
2021-11-01,74.15,76.25,74.0,74.3,7512,EQ,619.0,12.14,3363.0
2021-11-02,76.15,76.15,73.1,73.9,9360,EQ,338.0,27.69,6928.0
2021-11-03,73.9,75.9,73.9,74.6,9739,EQ,206.0,47.28,7857.0
2021-11-04,76.7,76.7,74.3,75.4,1789,EQ,206.0,8.68,7857.0
2021-11-08,75.6,75.6,73.15,73.9,9637,EQ,294.0,32.78,5343.0
2021-11-09,75.4,75.4,73.6,73.85,12633,EQ,234.0,53.99,9538.0
2021-11-10,74.0,74.85,73.2,73.4,2649,EQ,127.0,20.86,2017.0
2021-11-11,74.7,74.7,73.1,73.95,2885,EQ,105.0,27.48,1975.0
2021-11-12,73.75,74.5,72.8,73.15,5526,EQ,283.0,19.53,4129.0
2021-11-15,75.75,86.15,75.75,84.45,124933,EQ,6475.0,19.29,47404.0
2021-11-16,85.9,101.0,83.75,98.95,609050,EQ,16451.0,37.02,365252.0
2021-11-17,99.75,101.5,91.9,93.3,141336,EQ,10377.0,13.62,48315.0
2021-11-18,94.3,97.5,91.4,93.25,75473,EQ,4403.0,17.14,34331.0
2021-11-22,93.25,94.15,86.0,86.8,21899,EQ,1269.0,17.26,12502.0
2021-11-23,86.25,100.4,84.5,99.1,73608,EQ,4656.0,15.81,32215.0
2021-11-24,100.5,101.4,95.45,96.45,44407,EQ,3771.0,11.78,25487.0
2021-11-25,96.25,108.75,96.25,105.05,108879,EQ,8233.0,13.22,45300.0
2021-11-26,106.6,106.6,97.25,99.0,30756,EQ,2478.0,12.41,16718.0
2021-11-29,99.5,99.5,91.0,91.95,30645,EQ,2047.0,14.97,15996.0
2021-11-30,94.75,98.5,90.25,92.2,26759,EQ,2116.0,12.65,13897.0
2021-12-01,94.65,99.75,92.95,95.5,12201,EQ,741.0,16.47,7436.0
2021-12-02,98.45,99.95,93.95,97.4,14187,EQ,823.0,17.24,9141.0
2021-12-03,95.25,98.1,92.8,94.15,11133,EQ,548.0,20.32,6734.0
2021-12-06,96.2,96.2,91.25,92.15,11297,EQ,476.0,23.73,7389.0
2021-12-07,93.7,94.6,91.6,92.3,20888,EQ,750.0,27.85,13402.0
2021-12-08,92.5,95.5,92.2,92.7,13894,EQ,726.0,19.14,7830.0
2021-12-09,92.75,95.5,91.2,91.65,24961,EQ,923.0,27.04,9172.0
2021-12-10,91.75,93.7,90.0,90.7,12322,EQ,673.0,18.31,6588.0
2021-12-13,92.4,93.2,89.25,90.15,9385,EQ,350.0,26.81,6956.0
2021-12-14,91.6,93.45,90.2,90.8,15874,EQ,939.0,16.91,10673.0
2021-12-15,92.1,92.1,90.05,90.15,5634,EQ,293.0,19.23,3598.0
2021-12-16,92.0,92.5,86.75,87.35,11337,EQ,568.0,19.96,6423.0
2021-12-17,87.5,87.5,81.25,82.15,13804,EQ,656.0,21.04,9293.0
2021-12-20,80.5,80.8,78.0,79.05,12494,EQ,589.0,21.21,5526.0
2021-12-21,80.65,88.7,80.0,85.05,29635,EQ,1673.0,17.71,8478.0
2021-12-22,86.25,86.25,81.6,82.45,10575,EQ,575.0,18.39,6448.0
2021-12-23,82.5,84.9,81.25,81.7,13297,EQ,654.0,20.33,8353.0
2021-12-24,82.0,83.7,78.8,79.85,12213,EQ,628.0,19.45,8367.0
2021-12-27,79.75,83.5,79.7,81.0,10593,EQ,415.0,25.53,5033.0
2021-12-28,80.1,88.7,80.1,87.2,16540,EQ,793.0,20.86,9686.0
2021-12-29,87.5,87.5,83.25,83.5,6543,EQ,604.0,10.83,3782.0
2021-12-30,84.95,92.0,82.5,91.25,32725,EQ,1837.0,17.81,16607.0
2021-12-31,92.1,92.2,86.0,87.45,18967,EQ,1055.0,17.98,9013.0
2022-01-03,88.7,89.45,87.0,88.5,9564,EQ,520.0,18.39,5856.0
2022-01-04,87.55,89.25,85.6,86.9,7460,EQ,527.0,14.16,4472.0
2022-01-05,86.25,90.75,86.1,86.7,17849,EQ,942.0,18.95,7064.0
2022-01-06,86.9,98.75,85.8,95.85,89124,EQ,5123.0,17.4,35746.0
2022-01-07,96.95,104.7,93.7,98.1,71361,EQ,4549.0,15.69,23407.0
2022-01-10,99.2,102.35,97.8,99.05,24017,EQ,1042.0,23.05,14863.0
2022-01-11,97.7,101.95,97.25,99.95,19483,EQ,985.0,19.78,8557.0
2022-01-12,101.2,119.95,99.6,119.95,337656,EQ,10961.0,30.81,133028.0
2022-01-13,123.45,133.0,122.0,124.05,417955,EQ,30690.0,13.62,128824.0
2022-01-14,122.5,131.0,120.25,129.2,96118,EQ,8670.0,11.09,38991.0
2022-01-17,128.05,130.0,124.95,125.15,77009,EQ,3966.0,19.42,36979.0
2022-01-18,127.2,127.5,122.5,122.6,40283,EQ,2012.0,20.02,28508.0
2022-01-19,123.0,123.8,121.25,121.6,18268,EQ,919.0,19.88,13109.0
2022-01-20,121.25,130.5,121.25,127.8,51582,EQ,1692.0,30.49,40692.0
2022-01-21,129.0,130.0,125.2,128.5,47807,EQ,1603.0,29.82,37445.0
2022-01-24,130.95,130.95,115.4,123.3,51387,EQ,3120.0,16.47,31231.0
2022-01-25,124.2,130.95,120.75,125.9,28469,EQ,3436.0,8.29,11778.0
2022-01-27,127.25,142.5,124.75,137.85,155726,EQ,11100.0,14.03,63361.0
2022-01-28,143.5,143.5,132.5,134.8,60008,EQ,5292.0,11.34,31490.0
2022-01-31,133.75,137.6,129.75,131.05,28991,EQ,2358.0,12.29,15521.0
2022-02-01,131.0,136.85,128.75,129.65,21770,EQ,993.0,21.92,15548.0
2022-02-02,129.25,143.75,126.6,141.15,67423,EQ,2623.0,25.7,41099.0
2022-02-03,139.45,142.5,135.1,137.75,23595,EQ,2238.0,10.54,10100.0
2022-02-04,136.3,139.9,133.1,135.5,15673,EQ,902.0,17.38,8457.0
2022-02-07,132.8,134.6,127.25,129.85,15328,EQ,984.0,15.58,8963.0
2022-02-08,132.2,132.25,123.1,125.45,18177,EQ,933.0,19.48,8777.0
2022-02-09,129.25,130.85,123.75,126.85,10375,EQ,760.0,13.65,6124.0
2022-02-10,127.5,127.5,123.75,124.5,4083,EQ,306.0,13.34,2580.0
2022-02-11,120.25,127.75,120.25,124.7,18282,EQ,666.0,27.45,10489.0
2022-02-14,120.9,124.75,116.0,117.75,15917,EQ,766.0,20.78,10507.0
2022-02-15,117.4,120.0,108.1,111.95,37600,EQ,1477.0,25.46,23631.0
2022-02-16,112.55,122.5,112.55,116.95,14567,EQ,915.0,15.92,6048.0
2022-02-17,118.75,118.75,116.5,117.15,2870,EQ,190.0,15.11,1805.0
2022-02-18,116.25,118.75,115.0,116.7,3021,EQ,256.0,11.8,1555.0
2022-02-21,117.5,119.9,105.3,107.05,12762,EQ,895.0,14.26,6135.0
2022-02-22,103.5,106.25,100.0,102.95,22744,EQ,1014.0,22.43,10308.0
2022-02-23,102.95,107.5,101.3,102.8,8679,EQ,754.0,11.51,5263.0
2022-02-24,100.0,100.0,84.95,87.4,58110,EQ,2023.0,28.72,34754.0
2022-02-25,91.25,99.5,91.25,93.4,43483,EQ,1916.0,22.69,28172.0
2022-02-28,93.4,106.6,91.4,98.65,62797,EQ,2838.0,22.13,28960.0
2022-03-02,97.5,101.25,95.0,98.85,14950,EQ,1243.0,12.03,7667.0
2022-03-03,100.0,102.6,99.15,100.7,12605,EQ,713.0,17.68,6718.0
2022-03-04,100.4,101.0,97.5,98.6,16426,EQ,560.0,29.33,13472.0
2022-03-07,98.6,98.6,93.85,94.95,6795,EQ,,,
2022-03-08,96.4,98.45,92.8,96.0,13382,EQ,881.0,15.19,6758.0
2022-03-09,97.45,101.85,96.5,100.0,6773,EQ,485.0,13.96,3567.0
2022-03-10,101.25,104.5,98.9,100.35,15829,EQ,763.0,20.75,9171.0
2022-03-11,100.0,103.2,100.0,100.8,5573,EQ,331.0,16.84,3277.0
2022-03-14,101.25,107.2,101.25,103.7,12779,EQ,736.0,17.36,5750.0
2022-03-15,103.7,105.6,101.85,102.2,15808,EQ,562.0,28.13,10075.0
2022-03-16,102.5,104.75,102.5,104.3,10697,EQ,494.0,21.65,8108.0
2022-03-17,105.7,109.35,105.6,107.35,9728,EQ,592.0,16.43,5663.0
2022-03-21,107.5,110.75,105.4,107.3,10780,EQ,541.0,19.93,6809.0
2022-03-22,107.5,108.75,102.95,103.7,16982,EQ,1011.0,16.8,11002.0
2022-03-23,104.1,106.2,101.75,102.9,9871,EQ,980.0,10.07,5021.0
2022-03-24,103.75,107.5,101.7,105.7,7927,EQ,567.0,13.98,3918.0
2022-03-25,105.0,107.3,105.0,105.35,5731,EQ,320.0,17.91,3882.0
2022-03-28,105.0,106.6,99.05,99.3,8817,EQ,743.0,11.87,4049.0
2022-03-29,99.25,102.0,94.45,95.15,26025,EQ,1238.0,21.02,18347.0
2022-03-30,97.45,101.1,95.75,99.9,9796,EQ,570.0,17.19,5865.0
2022-03-31,101.2,109.6,98.0,106.3,14036,EQ,1004.0,13.98,8496.0
2022-04-01,106.25,113.75,103.75,111.7,27110,EQ,1330.0,20.38,15933.0
2022-04-04,112.5,122.5,110.8,120.6,31258,EQ,2515.0,12.43,18934.0
2022-04-05,121.65,121.65,112.5,114.8,22377,EQ,1845.0,12.13,12832.0
2022-04-06,113.75,116.25,111.4,112.6,10291,EQ,684.0,15.05,6177.0
2022-04-07,113.6,116.2,111.25,112.6,8571,EQ,647.0,13.25,4699.0
2022-04-08,118.75,118.75,111.25,112.85,10491,EQ,919.0,11.42,5471.0
2022-04-11,112.5,118.65,112.25,115.35,14207,EQ,807.0,17.6,6473.0
2022-04-12,115.35,120.95,113.4,118.4,27068,EQ,1757.0,15.41,14772.0
2022-04-13,118.75,122.4,117.75,118.85,16243,EQ,975.0,16.66,8574.0
2022-04-18,118.1,118.1,113.85,115.3,13699,EQ,1248.0,10.98,6161.0
2022-04-19,115.6,122.0,115.0,115.25,17884,EQ,1081.0,16.54,8224.0
2022-04-20,115.0,127.5,112.8,114.35,47607,EQ,2609.0,18.25,17959.0
2022-04-21,115.5,118.2,115.0,115.9,8799,EQ,756.0,11.64,3603.0
2022-04-22,115.0,118.75,113.25,117.0,12028,EQ,732.0,16.43,6920.0
2022-04-25,114.75,116.5,112.85,114.35,7101,EQ,581.0,12.22,4523.0
2022-04-26,115.0,117.75,114.1,114.4,11506,EQ,987.0,11.66,5060.0
2022-04-27,113.0,113.75,111.5,113.3,8595,EQ,482.0,17.83,4646.0
2022-04-28,114.3,115.95,110.75,111.45,21345,EQ,1146.0,18.63,10619.0
2022-04-29,111.45,115.25,110.5,113.0,13558,EQ,580.0,23.38,7526.0
2022-05-02,112.5,122.5,110.25,117.65,57569,EQ,2240.0,25.7,31678.0
2022-05-04,119.75,119.9,111.5,112.7,8873,EQ,954.0,9.3,4722.0
2022-05-05,113.5,117.0,111.25,111.5,12671,EQ,644.0,19.68,7547.0
2022-05-06,109.75,109.85,105.5,106.5,18046,EQ,1111.0,16.24,8275.0
2022-05-09,106.5,106.5,102.85,104.4,5047,EQ,356.0,14.18,2304.0
2022-05-10,103.15,105.0,98.1,99.0,12747,EQ,623.0,20.46,9004.0
2022-05-12,100.4,101.8,95.9,96.2,12620,EQ,649.0,19.45,8607.0
2022-05-13,96.25,101.15,95.1,97.65,13351,EQ,618.0,21.6,8034.0
2022-05-16,99.9,99.9,96.6,98.2,5173,EQ,320.0,16.17,2782.0
2022-05-17,99.75,101.2,97.65,100.45,9165,EQ,441.0,20.78,6038.0
2022-05-18,101.25,106.25,100.55,105.2,8461,EQ,379.0,22.32,6435.0
2022-05-19,102.4,105.5,102.4,103.15,3343,EQ,233.0,14.35,2127.0
2022-05-20,104.85,106.85,103.05,103.85,4438,EQ,382.0,11.62,2861.0
2022-05-23,106.25,106.25,99.05,100.95,6695,EQ,432.0,15.5,2543.0
2022-05-24,101.3,105.85,100.0,101.5,6230,EQ,493.0,12.64,2331.0
2022-05-25,105.0,105.0,95.5,96.5,3918,EQ,381.0,10.28,2993.0
2022-05-26,101.25,105.0,97.5,101.5,32351,EQ,2099.0,15.41,16317.0
2022-05-27,102.0,103.4,100.5,101.5,5571,EQ,307.0,18.15,3729.0
2022-05-30,102.5,105.0,101.35,102.0,13214,EQ,217.0,60.89,11643.0
2022-05-31,103.75,104.25,102.1,103.5,3751,EQ,221.0,16.97,2516.0
2022-06-01,103.75,110.2,103.75,107.45,8834,EQ,568.0,15.55,5381.0
2022-06-02,107.5,109.25,105.9,106.6,4270,EQ,398.0,10.73,2386.0
2022-06-03,108.75,110.3,103.5,106.55,8519,EQ,615.0,13.85,4670.0
2022-06-06,108.1,108.1,104.1,105.6,9089,EQ,776.0,11.71,4741.0
2022-06-07,104.4,106.25,103.25,105.4,4074,EQ,331.0,12.31,2298.0
2022-06-08,104.05,107.25,104.05,106.55,2847,EQ,334.0,8.52,1218.0
2022-06-09,105.35,105.5,102.6,103.4,4737,EQ,223.0,21.24,3125.0
2022-06-10,102.4,104.5,102.4,102.7,1582,EQ,158.0,10.01,1062.0
2022-06-13,98.8,101.95,94.2,96.4,6758,EQ,373.0,18.12,3911.0
2022-06-14,95.0,99.95,93.45,97.4,6074,EQ,281.0,21.62,4471.0
2022-06-15,98.75,100.9,96.25,97.15,1990,EQ,250.0,7.96,1065.0
2022-06-16,98.75,99.6,91.25,92.8,7071,EQ,872.0,8.11,3163.0
2022-06-17,91.65,95.3,88.75,89.5,3664,EQ,367.0,9.98,1569.0
2022-06-20,89.5,94.85,81.35,82.45,19037,EQ,933.0,20.4,11775.0
2022-06-21,83.7,88.8,82.55,85.2,5824,EQ,583.0,9.99,2891.0
2022-06-22,85.0,86.05,83.75,85.5,1593,EQ,158.0,10.08,787.0
2022-06-23,85.5,87.1,82.75,84.7,4947,EQ,419.0,11.81,2983.0
2022-06-24,84.95,101.6,84.95,98.7,48419,EQ,2556.0,18.94,13464.0
2022-06-27,101.0,104.2,95.05,96.65,21956,EQ,1472.0,14.92,10363.0
2022-06-28,93.8,100.75,93.8,99.7,7741,EQ,488.0,15.86,4526.0
2022-06-29,97.5,103.0,96.3,99.95,7686,EQ,611.0,12.58,4728.0
2022-06-30,98.5,103.7,98.5,100.85,6834,EQ,381.0,17.94,4186.0
2022-07-01,102.25,106.0,98.4,100.45,8780,EQ,505.0,17.39,3728.0
2022-07-04,101.0,102.45,98.75,101.8,2877,EQ,473.0,6.08,1383.0
2022-07-05,102.05,103.7,98.8,98.9,5094,EQ,504.0,10.11,2448.0
2022-07-06,99.0,103.5,99.0,101.15,5202,EQ,303.0,17.17,3110.0
2022-07-07,102.5,102.5,99.4,100.25,3575,EQ,226.0,15.82,2218.0
2022-07-08,100.25,101.9,98.85,99.6,2825,EQ,259.0,10.91,1437.0
2022-07-11,98.8,99.9,95.3,99.1,2422,EQ,226.0,10.72,1506.0
2022-07-12,99.2,101.9,97.8,99.85,2297,EQ,247.0,9.3,1291.0
2022-07-13,100.3,101.2,97.65,98.7,2034,EQ,160.0,12.71,1325.0
2022-07-14,97.4,99.7,95.05,96.15,7633,EQ,396.0,19.28,4173.0
2022-07-15,95.1,98.25,95.1,97.6,2952,EQ,185.0,15.96,1706.0
2022-07-18,97.6,99.5,97.45,97.8,3055,EQ,187.0,16.34,1365.0
2022-07-19,98.5,99.25,97.25,98.45,3088,EQ,164.0,18.83,2294.0
2022-07-20,98.5,99.45,97.75,97.9,1945,EQ,218.0,8.92,1215.0
2022-07-21,97.6,99.45,95.65,97.45,4195,EQ,438.0,9.58,2402.0
2022-07-22,98.75,98.75,95.0,95.25,3935,EQ,323.0,12.18,2610.0
2022-07-25,93.5,95.45,93.2,93.85,6376,EQ,405.0,15.74,3578.0
2022-07-26,93.5,94.75,90.95,93.45,2176,EQ,388.0,5.61,515.0
2022-07-27,93.5,95.5,92.15,94.45,2292,EQ,199.0,11.52,1427.0
2022-07-28,93.8,95.95,93.3,94.7,2504,EQ,194.0,12.91,1549.0
2022-07-29,94.7,98.75,94.7,98.1,4308,EQ,353.0,12.2,2208.0
2022-08-01,98.75,98.75,95.2,95.6,3226,EQ,348.0,9.27,2132.0
2022-08-02,95.75,97.45,95.75,96.3,1553,EQ,194.0,8.01,811.0
2022-08-03,96.35,101.25,92.8,99.85,7226,EQ,542.0,13.33,4493.0
2022-08-04,100.0,106.75,99.6,105.9,44232,EQ,2057.0,21.5,27004.0
2022-08-05,105.15,109.45,102.65,104.05,13658,EQ,1038.0,13.16,6772.0
2022-08-08,106.15,111.45,105.65,108.4,64162,EQ,,,
2022-08-10,108.4,114.0,103.75,105.6,20227,EQ,1519.0,13.32,9217.0
2022-08-11,106.2,106.75,103.25,103.6,7231,EQ,604.0,11.97,5010.0
2022-08-12,105.7,108.0,104.25,106.2,7880,EQ,754.0,10.45,4357.0
2022-08-16,111.0,122.65,111.0,119.9,208581,EQ,6128.0,34.04,140362.0
2022-08-17,119.9,124.2,115.55,118.95,37219,EQ,3623.0,10.27,21659.0
2022-08-18,118.8,137.15,118.5,134.05,243746,EQ,6915.0,35.25,159804.0
2022-08-19,137.5,150.75,135.8,142.85,215828,EQ,11911.0,18.12,94125.0
2022-08-22,143.25,150.0,140.1,142.4,49733,EQ,3682.0,13.51,22425.0
2022-08-23,142.4,147.35,133.5,138.7,86766,EQ,2338.0,37.11,71842.0
2022-08-24,140.0,146.25,136.0,140.85,34572,EQ,1966.0,17.58,22012.0
2022-08-25,143.4,144.2,139.4,141.85,15819,EQ,813.0,19.46,11471.0
2022-08-26,141.85,146.25,141.4,143.35,21469,EQ,1149.0,18.68,14184.0
2022-08-29,140.5,140.5,136.55,139.7,9435,EQ,738.0,12.78,5696.0
2022-08-30,139.7,154.5,139.7,146.2,76207,EQ,3731.0,20.43,40077.0
2022-09-01,148.75,153.1,144.15,148.75,38518,EQ,3502.0,11.0,18042.0
2022-09-02,151.05,151.05,142.0,143.6,21036,EQ,2434.0,8.64,12137.0
2022-09-05,146.2,147.1,142.5,143.6,10127,EQ,1007.0,10.06,5408.0
2022-09-06,143.75,144.5,138.45,140.05,11255,EQ,1815.0,6.2,6314.0
2022-09-07,142.25,142.25,138.9,140.1,5891,EQ,716.0,8.23,3713.0
2022-09-08,141.25,142.75,137.25,138.75,9612,EQ,870.0,11.05,6442.0
2022-09-09,138.8,144.9,133.05,135.2,19591,EQ,1558.0,12.57,10935.0
2022-09-12,135.45,140.0,135.0,135.65,14821,EQ,951.0,15.58,8447.0
2022-09-13,137.45,146.25,135.0,135.7,47822,EQ,3014.0,15.87,23557.0
2022-09-14,134.8,138.75,134.8,136.55,13837,EQ,807.0,17.15,9751.0
2022-09-15,137.5,137.5,131.55,135.55,32979,EQ,1310.0,25.17,26289.0
2022-09-16,136.15,137.5,128.5,130.05,15606,EQ,1164.0,13.41,9740.0
2022-09-19,132.45,132.45,121.85,126.0,43383,EQ,2067.0,20.99,22111.0
2022-09-20,126.25,130.1,125.1,126.95,12866,EQ,763.0,16.86,8654.0
2022-09-21,125.0,129.0,124.75,126.75,9030,EQ,639.0,14.13,4580.0
2022-09-22,126.75,128.4,123.4,125.1,5868,EQ,670.0,8.76,2884.0
2022-09-23,125.2,126.0,116.5,118.2,18226,EQ,1306.0,13.96,10087.0
2022-09-26,118.2,118.5,113.75,114.8,12515,EQ,1196.0,10.46,7470.0
2022-09-27,115.0,119.5,114.75,117.7,6369,EQ,544.0,11.71,3363.0
2022-09-28,116.3,116.75,113.1,114.35,10359,EQ,652.0,15.89,7220.0
2022-09-29,113.75,116.9,109.2,115.5,16912,EQ,1595.0,10.6,8005.0
2022-09-30,116.2,116.25,112.45,113.45,11972,EQ,695.0,17.23,7213.0
2022-10-03,113.8,122.45,111.25,113.8,28375,EQ,2092.0,13.56,16473.0
2022-10-04,115.0,116.8,111.3,112.7,26801,EQ,1551.0,17.28,13776.0
2022-10-06,112.8,134.5,112.8,119.85,38297,EQ,2000.0,19.15,21960.0
2022-10-07,119.75,122.5,114.8,115.35,15735,EQ,1283.0,12.26,8447.0
2022-10-10,114.95,114.95,112.0,112.25,10707,EQ,1183.0,9.05,7160.0
2022-10-11,113.7,113.7,110.1,110.45,5089,EQ,560.0,9.09,3360.0
2022-10-12,111.25,113.7,109.3,112.05,6801,EQ,679.0,10.02,3001.0
2022-10-13,111.4,114.45,110.45,111.7,4984,EQ,476.0,10.47,3257.0
2022-10-14,114.5,115.65,109.6,110.25,9303,EQ,798.0,11.66,4390.0
2022-10-17,112.4,112.45,108.3,108.85,7888,EQ,647.0,12.19,5086.0
2022-10-18,108.85,113.9,108.85,110.7,10612,EQ,924.0,11.48,5796.0
2022-10-19,110.25,112.45,109.05,109.95,3215,EQ,585.0,5.5,1319.0
2022-10-20,109.75,110.0,108.5,109.45,9009,EQ,168.0,53.62,8179.0
2022-10-21,111.2,111.2,108.75,109.45,3953,EQ,335.0,11.8,2199.0
2022-10-24,111.2,113.0,110.0,110.5,2369,EQ,168.0,14.1,1459.0
2022-10-25,110.0,110.5,100.55,105.7,32441,EQ,1092.0,29.71,20085.0
2022-10-27,105.7,108.0,104.5,105.65,4856,EQ,433.0,11.21,2350.0
2022-10-28,105.65,107.2,103.25,105.35,6209,EQ,414.0,15.0,3247.0
2022-10-31,105.4,106.9,102.0,103.15,4517,EQ,407.0,11.1,2865.0
2022-11-01,103.9,107.8,101.25,101.7,16593,EQ,1044.0,15.89,9296.0
2022-11-02,101.75,103.75,97.55,98.7,38408,EQ,2072.0,18.54,24051.0
2022-11-03,100.25,103.95,98.75,102.3,13984,EQ,818.0,17.1,8771.0
2022-11-04,103.95,107.1,102.5,106.8,12470,EQ,922.0,13.52,7682.0
2022-11-07,106.3,108.75,105.6,106.6,13034,EQ,1059.0,12.31,7537.0
2022-11-09,108.65,108.65,104.05,105.4,5608,EQ,554.0,10.12,3743.0
2022-11-10,105.0,107.0,103.5,106.4,5171,EQ,536.0,9.65,2629.0
2022-11-11,106.4,109.7,105.95,106.7,8009,EQ,811.0,9.88,4841.0
2022-11-14,106.25,109.75,101.7,103.5,22070,EQ,1539.0,14.34,13540.0
2022-11-15,104.75,104.75,102.6,102.95,5341,EQ,1539.0,3.47,13540.0
2022-11-16,102.3,103.6,101.75,102.15,3672,EQ,230.0,15.97,2731.0
2022-11-17,103.25,103.25,100.05,101.15,5888,EQ,405.0,14.54,3888.0
2022-11-18,102.95,102.95,100.05,100.45,3344,EQ,233.0,14.35,2567.0
2022-11-21,101.4,105.5,99.8,104.2,21871,EQ,907.0,24.11,14555.0
2022-11-22,102.6,104.95,100.4,101.15,11666,EQ,733.0,15.92,7482.0
2022-11-23,102.25,103.35,100.3,101.15,4737,EQ,558.0,8.49,2792.0
2022-11-24,102.4,104.95,100.55,104.0,11905,EQ,577.0,20.63,10334.0
2022-11-25,104.5,112.6,103.15,110.2,25144,EQ,1820.0,13.82,16514.0
2022-11-28,110.0,111.45,105.95,106.7,17844,EQ,1478.0,12.07,10999.0
2022-11-29,106.25,117.45,105.75,112.45,42764,EQ,2903.0,14.73,20955.0
2022-11-30,112.5,114.9,110.5,110.75,11330,EQ,901.0,12.57,6789.0
2022-12-01,112.45,113.5,110.0,110.5,4819,EQ,410.0,11.75,2792.0
2022-12-02,111.25,120.95,110.5,119.1,26682,EQ,1823.0,14.64,17374.0
2022-12-05,119.95,121.2,116.65,117.5,13912,EQ,1201.0,11.58,7482.0
2022-12-06,117.6,119.45,115.5,116.3,5826,EQ,449.0,12.98,4234.0
2022-12-07,115.7,117.2,112.0,112.6,7143,EQ,528.0,13.53,5899.0
2022-12-08,112.45,113.8,103.75,106.9,61215,EQ,3228.0,18.96,36366.0
2022-12-09,107.5,114.45,107.5,110.8,25088,EQ,1832.0,13.69,11479.0
2022-12-12,110.0,111.25,108.25,108.65,4932,EQ,500.0,9.86,2395.0
2022-12-13,108.75,109.9,107.5,108.2,1937,EQ,247.0,7.84,1304.0
2022-12-14,108.75,110.5,107.5,108.75,5406,EQ,615.0,8.79,2686.0
2022-12-15,108.75,110.0,107.9,108.2,5549,EQ,336.0,16.51,4173.0
2022-12-16,108.0,109.75,106.4,107.7,6671,EQ,601.0,11.1,4024.0
2022-12-19,107.5,109.5,107.0,108.6,8053,EQ,554.0,14.54,4690.0
2022-12-20,108.6,108.6,104.2,105.55,5949,EQ,502.0,11.85,3606.0
2022-12-21,105.75,107.05,101.3,101.8,12972,EQ,732.0,17.72,9215.0
2022-12-22,103.6,103.8,96.5,99.0,11491,EQ,740.0,15.53,8189.0
2022-12-23,99.25,99.25,91.25,95.05,12748,EQ,1138.0,11.2,7126.0
2022-12-26,93.75,99.3,90.3,96.4,7126,EQ,723.0,9.86,3737.0
2022-12-27,98.25,101.05,96.4,100.5,8616,EQ,674.0,12.78,4676.0
2022-12-28,100.35,103.85,99.75,100.9,8995,EQ,889.0,10.12,4564.0
2022-12-29,101.0,102.45,101.0,101.85,3264,EQ,316.0,10.33,2284.0
2022-12-30,102.45,103.6,101.1,102.4,9278,EQ,571.0,16.25,6515.0
2023-01-02,102.0,105.0,101.2,101.95,3574,EQ,368.0,9.71,2469.0
2023-01-03,102.45,103.7,102.1,102.2,1484,EQ,237.0,6.26,862.0
2023-01-04,102.5,102.75,99.0,100.15,5820,EQ,499.0,11.66,3797.0
2023-01-05,101.2,102.45,98.15,99.3,7049,EQ,487.0,14.47,2543.0
2023-01-06,100.0,100.25,98.0,98.45,2062,EQ,208.0,9.91,1387.0
2023-01-09,97.55,100.9,97.55,99.6,3737,EQ,432.0,8.65,1887.0
2023-01-10,100.95,100.95,99.5,99.8,1717,EQ,146.0,11.76,1283.0
2023-01-11,100.45,101.2,98.5,99.1,22605,EQ,594.0,38.06,20711.0
2023-01-12,98.9,100.0,98.55,98.8,2895,EQ,212.0,13.66,2074.0
2023-01-13,99.0,100.95,98.1,99.8,2780,EQ,201.0,13.83,1930.0
2023-01-16,100.0,100.65,98.75,99.15,727,EQ,82.0,8.87,421.0
2023-01-17,99.75,100.35,97.0,98.95,2598,EQ,247.0,10.52,1577.0
2023-01-18,99.5,102.5,99.15,99.7,2256,EQ,280.0,8.06,1127.0
2023-01-19,99.7,100.8,97.9,98.35,2584,EQ,342.0,7.56,1216.0
2023-01-20,98.3,99.15,97.5,97.9,1081,EQ,140.0,7.72,758.0
2023-01-23,96.55,99.0,96.55,97.6,1649,EQ,226.0,7.3,823.0
2023-01-24,97.5,98.4,95.9,96.3,2037,EQ,310.0,6.57,1354.0
2023-01-25,97.35,97.35,93.75,95.0,5071,EQ,213.0,23.81,4241.0
2023-01-27,95.05,95.05,89.4,91.15,57446,EQ,662.0,86.78,54724.0
2023-01-30,91.2,93.8,89.75,91.5,3898,EQ,431.0,9.04,1650.0
2023-01-31,92.5,96.0,91.5,94.8,2535,EQ,306.0,8.28,1441.0
2023-02-01,94.95,96.1,91.25,92.4,5167,EQ,506.0,10.21,3486.0
2023-02-02,92.45,92.95,84.25,87.0,15231,EQ,906.0,16.81,8715.0
2023-02-03,87.75,89.95,83.75,89.35,60034,EQ,665.0,90.28,55156.0
2023-02-06,91.25,92.0,90.0,90.25,2805,EQ,263.0,10.67,1348.0
2023-02-07,90.0,90.25,86.45,89.8,5169,EQ,397.0,13.02,2815.0
2023-02-08,103.4,107.8,100.45,107.8,168019,EQ,5342.0,31.45,68179.0
2023-02-09,115.0,119.75,103.9,106.6,144979,EQ,9648.0,15.03,42438.0
2023-02-10,106.0,106.95,103.35,104.25,12371,EQ,1154.0,10.72,6088.0
2023-02-13,104.55,107.15,102.2,103.0,9303,EQ,1020.0,9.12,4142.0
2023-02-14,104.95,105.7,101.6,102.1,9410,EQ,700.0,13.44,5499.0
2023-02-15,102.1,103.4,101.05,102.75,2905,EQ,233.0,12.47,1812.0
2023-02-16,103.6,110.95,103.5,108.85,20185,EQ,1105.0,18.27,12230.0
2023-02-17,109.75,109.75,105.25,105.65,4788,EQ,470.0,10.19,3018.0
2023-02-20,105.75,106.2,103.65,103.8,2987,EQ,281.0,10.63,1851.0
2023-02-21,104.9,107.25,103.8,106.6,5699,EQ,436.0,13.07,2741.0
2023-02-22,107.45,107.45,102.5,104.0,3778,EQ,404.0,9.35,2216.0
2023-02-23,104.9,105.3,101.5,101.95,6828,EQ,472.0,14.47,4709.0
2023-02-24,102.75,103.95,97.65,99.45,7332,EQ,674.0,10.88,3863.0
2023-02-27,99.95,100.25,95.3,98.7,11739,EQ,466.0,25.19,9797.0
2023-02-28,99.6,99.9,96.75,98.6,6723,EQ,513.0,13.11,3903.0
2023-03-01,98.75,102.4,98.75,102.0,3110,EQ,204.0,15.25,2076.0
2023-03-02,103.2,104.7,99.8,102.9,7996,EQ,738.0,10.83,4377.0
2023-03-03,103.15,106.2,103.05,105.1,3910,EQ,312.0,12.53,2427.0
2023-03-06,106.2,109.45,105.5,107.95,9805,EQ,694.0,14.13,6350.0
2023-03-08,108.6,109.45,106.75,108.85,5841,EQ,284.0,20.57,4219.0
2023-03-09,109.25,109.95,106.05,106.6,6251,EQ,396.0,15.79,4338.0
2023-03-10,105.25,106.5,105.0,105.65,1837,EQ,166.0,11.07,1131.0
2023-03-13,105.0,107.0,100.55,101.3,21187,EQ,690.0,30.71,17443.0
2023-03-14,101.3,103.75,100.5,102.9,5693,EQ,341.0,16.7,3822.0
2023-03-15,102.8,103.75,100.55,101.05,2846,EQ,265.0,10.74,1609.0
2023-03-16,100.75,106.25,98.75,103.45,7288,EQ,427.0,17.07,5109.0
2023-03-17,103.65,105.45,102.25,105.0,4805,EQ,358.0,13.42,3351.0
2023-03-20,105.0,106.25,101.25,102.95,2924,EQ,288.0,10.15,1976.0
2023-03-21,103.75,105.7,103.75,105.25,2264,EQ,219.0,10.34,1007.0
2023-03-22,105.45,106.5,104.0,104.6,1830,EQ,206.0,8.88,910.0
2023-03-23,104.3,112.5,101.5,110.5,20813,EQ,862.0,24.15,13726.0
2023-03-24,111.25,112.5,102.3,103.5,12281,EQ,926.0,13.26,4835.0
2023-03-27,103.75,103.75,100.25,101.9,3560,EQ,291.0,12.23,3000.0
2023-03-28,101.75,102.35,96.0,99.0,11883,EQ,616.0,19.29,9219.0
2023-03-29,99.05,100.5,97.8,98.65,4938,EQ,529.0,9.33,3421.0
2023-03-31,99.85,103.0,98.75,102.3,43848,EQ,575.0,76.26,42022.0
2023-04-03,102.5,103.8,101.4,102.65,7655,EQ,574.0,13.34,6435.0
2023-04-05,103.6,103.7,101.55,103.25,5200,EQ,410.0,12.68,3946.0
2023-04-06,104.0,104.25,101.65,102.5,9967,EQ,971.0,10.26,6622.0
2023-04-10,103.75,104.6,102.0,103.65,2321,EQ,354.0,6.56,1333.0
2023-04-11,104.45,105.0,103.45,104.5,1531,EQ,170.0,9.01,628.0
2023-04-12,105.5,105.5,102.0,102.5,7420,EQ,449.0,16.53,5093.0
2023-04-13,103.6,104.5,102.65,104.3,2676,EQ,191.0,14.01,2205.0
2023-04-17,105.4,105.4,102.75,104.2,2610,EQ,281.0,9.29,1533.0
2023-04-18,104.95,107.8,104.25,105.8,6192,EQ,518.0,11.95,4310.0
2023-04-19,106.9,107.2,104.0,105.4,5445,EQ,369.0,14.76,3221.0
2023-04-20,105.45,108.0,104.75,105.7,5907,EQ,710.0,8.32,2871.0
2023-04-21,107.25,111.0,105.3,110.55,26202,EQ,1262.0,20.76,20907.0
2023-04-24,111.25,112.0,108.8,109.55,6380,EQ,893.0,7.14,2663.0
2023-04-25,109.9,110.0,107.75,108.15,3634,EQ,637.0,5.7,2074.0
2023-04-26,107.65,108.9,106.25,106.6,10700,EQ,764.0,14.01,7592.0
2023-04-27,107.45,110.35,107.25,109.3,11450,EQ,623.0,18.38,8497.0
2023-04-28,108.0,110.15,107.85,109.0,5397,EQ,488.0,11.06,3062.0
2023-05-02,109.95,116.45,108.2,112.3,20025,EQ,1094.0,18.3,12327.0
2023-05-03,113.5,115.5,109.7,111.85,9643,EQ,707.0,13.64,5390.0
2023-05-04,112.25,112.25,109.75,111.4,3714,EQ,485.0,7.66,2334.0
2023-05-05,111.2,113.25,110.25,112.15,6307,EQ,413.0,15.27,4445.0
2023-05-08,111.3,112.25,109.95,110.35,7744,EQ,653.0,11.86,5015.0
2023-05-09,110.95,111.15,108.05,108.75,7755,EQ,1107.0,7.01,4959.0
2023-05-10,109.6,110.0,108.4,109.6,1993,EQ,282.0,7.07,1162.0
2023-05-11,109.5,114.8,109.5,113.7,10873,EQ,491.0,22.14,7936.0
2023-05-12,112.75,113.75,111.0,111.45,6786,EQ,570.0,11.91,4499.0
2023-05-15,111.45,114.5,110.5,111.1,15604,EQ,788.0,19.8,10979.0
2023-05-16,117.25,132.75,117.25,129.95,367727,EQ,12717.0,28.92,101663.0
2023-05-17,129.95,139.25,125.5,129.25,163305,EQ,7502.0,21.77,50256.0
2023-05-18,130.5,130.5,121.4,123.7,27208,EQ,1666.0,16.33,14951.0
2023-05-19,124.1,125.4,122.05,123.3,14032,EQ,1307.0,10.74,7532.0
2023-05-22,124.5,127.85,122.95,123.95,38331,EQ,2390.0,16.04,25244.0
2023-05-23,124.75,126.5,122.4,125.0,22183,EQ,1772.0,12.52,13864.0
2023-05-24,126.85,127.5,124.0,125.25,18837,EQ,1081.0,17.43,11081.0
2023-05-25,125.3,131.35,122.5,129.25,54207,EQ,2847.0,19.04,35618.0
2023-05-26,126.0,129.6,126.0,126.4,15554,EQ,896.0,17.36,10043.0
2023-05-29,130.0,130.0,125.4,125.85,37598,EQ,2071.0,18.15,23889.0
2023-05-30,125.85,126.05,123.4,123.8,11318,EQ,826.0,13.7,7466.0
2023-05-31,124.0,126.95,123.8,125.15,17981,EQ,963.0,18.67,11818.0
2023-06-01,126.2,129.0,125.65,128.2,9632,EQ,743.0,12.96,6108.0
2023-06-02,128.7,133.75,127.75,130.7,30667,EQ,1631.0,18.8,16270.0
2023-06-05,132.45,137.0,131.5,134.8,101563,EQ,3646.0,27.86,42752.0
2023-06-06,136.2,136.75,134.75,135.5,27227,EQ,1535.0,17.74,17539.0
2023-06-07,137.4,137.45,133.75,134.6,14519,EQ,1140.0,12.74,9979.0
2023-06-08,136.0,136.1,131.25,132.05,22533,EQ,1783.0,12.64,14474.0
2023-06-09,132.5,139.75,132.5,136.15,38506,EQ,2709.0,14.21,18350.0
2023-06-12,137.5,138.85,136.4,138.4,15701,EQ,1083.0,14.5,10483.0
2023-06-13,140.0,145.0,139.25,141.45,56468,EQ,3879.0,14.56,37004.0
2023-06-14,141.5,143.6,138.25,139.8,20342,EQ,1867.0,10.9,11205.0
2023-06-15,139.25,141.85,138.0,138.7,9640,EQ,850.0,11.34,6642.0
2023-06-16,140.0,140.05,138.0,138.6,8625,EQ,901.0,9.57,6292.0
2023-06-19,139.95,140.4,134.25,134.95,15831,EQ,1466.0,10.8,10733.0
2023-06-20,134.95,134.95,132.5,133.7,14470,EQ,1221.0,11.85,8665.0
2023-06-21,134.75,137.4,134.4,135.95,11944,EQ,1199.0,9.96,7155.0
2023-06-22,137.3,137.3,131.25,131.3,125230,EQ,1832.0,68.36,114933.0
2023-06-23,132.5,132.5,129.85,130.2,8652,EQ,874.0,9.9,5790.0
2023-06-26,129.7,135.2,129.0,133.3,16919,EQ,2444.0,6.92,7794.0
2023-06-27,133.25,137.5,131.8,135.1,16378,EQ,1202.0,13.63,9627.0
2023-06-28,136.25,148.7,136.05,147.15,158678,EQ,8073.0,19.66,58137.0
2023-06-30,148.25,165.75,148.25,160.9,280337,EQ,15787.0,17.76,77486.0
2023-07-03,162.25,164.45,152.7,153.75,91347,EQ,7071.0,12.92,39986.0
2023-07-04,155.7,158.95,148.4,149.7,43418,EQ,4770.0,9.1,19786.0
2023-07-05,150.75,156.25,146.5,148.2,39631,EQ,3671.0,10.8,17110.0
2023-07-06,147.5,155.1,147.5,149.4,42348,EQ,6174.0,6.86,19888.0
2023-07-07,151.2,151.2,147.5,147.6,24292,EQ,2205.0,11.02,15948.0
2023-07-10,146.25,149.65,142.8,144.0,20492,EQ,2026.0,10.11,13198.0
2023-07-11,143.75,148.5,143.75,144.95,20307,EQ,3242.0,6.26,8684.0
2023-07-12,146.2,149.25,145.0,147.6,29328,EQ,4481.0,6.54,14714.0
2023-07-13,149.0,152.5,145.6,146.7,38979,EQ,4960.0,7.86,20831.0
2023-07-14,146.7,148.5,145.0,147.05,20614,EQ,3968.0,5.2,9132.0
2023-07-17,147.45,152.05,146.5,148.25,34599,EQ,5501.0,6.29,18835.0
2023-07-18,148.75,160.0,147.8,155.5,86845,EQ,10269.0,8.46,38118.0
2023-07-19,156.55,159.3,155.3,157.3,32511,EQ,4490.0,7.24,13941.0
2023-07-20,158.25,158.25,152.95,154.7,20846,EQ,2271.0,9.18,11698.0
2023-07-21,153.9,156.85,153.0,154.45,23421,EQ,2794.0,8.38,14604.0
2023-07-24,154.5,156.2,151.5,152.7,17627,EQ,2603.0,6.77,10391.0
2023-07-25,153.7,156.2,151.95,154.5,14746,EQ,2241.0,6.58,7599.0
2023-07-26,155.25,162.0,154.5,159.85,46573,EQ,4513.0,10.32,21391.0
2023-07-27,161.2,162.5,155.05,156.9,18940,EQ,3114.0,6.08,10720.0
2023-07-28,157.5,159.25,155.0,155.9,21681,EQ,3741.0,5.8,11557.0
2023-07-31,156.7,157.1,152.75,153.3,18122,EQ,2228.0,8.13,10915.0
2023-08-01,153.25,162.45,153.25,160.55,47791,EQ,4874.0,9.81,24626.0
2023-08-02,161.0,166.7,159.75,162.85,72004,EQ,7746.0,9.3,33653.0
2023-08-03,162.4,164.9,158.75,161.9,23603,EQ,3174.0,7.44,11161.0
2023-08-04,164.15,173.85,163.5,172.6,119768,EQ,10075.0,11.89,54560.0
2023-08-07,175.9,179.1,165.25,166.25,92540,EQ,10640.0,8.7,38798.0
2023-08-08,167.7,169.2,159.45,161.45,63798,EQ,7162.0,8.91,29037.0
2023-08-09,163.05,178.75,163.0,175.65,122457,EQ,12959.0,9.45,43123.0
2023-08-10,177.25,184.2,173.35,182.7,98896,EQ,10743.0,9.21,34880.0
2023-08-11,183.75,183.75,165.6,174.95,101621,EQ,7878.0,12.9,51504.0
2023-08-14,187.0,197.25,176.25,178.8,478437,EQ,26649.0,17.95,106121.0
2023-08-16,179.7,182.0,172.6,175.4,55843,EQ,6124.0,9.12,26114.0
2023-08-17,174.9,183.7,172.55,181.05,42327,EQ,6254.0,6.77,21263.0
2023-08-18,181.5,181.85,175.75,178.75,21344,EQ,3747.0,5.7,11122.0
2023-08-21,181.2,182.5,175.3,177.05,23004,EQ,3460.0,6.65,12428.0
2023-08-22,179.5,181.5,175.9,176.8,23176,EQ,2816.0,8.23,12999.0
2023-08-23,176.25,181.25,173.5,174.6,23424,EQ,2713.0,8.63,14646.0
2023-08-24,174.5,178.75,173.0,173.7,21813,EQ,2964.0,7.36,12165.0
2023-08-25,173.7,176.7,168.75,170.55,33295,EQ,4078.0,8.16,15636.0
2023-08-28,171.2,173.75,170.0,172.6,12407,EQ,1376.0,9.02,6432.0
2023-08-29,174.75,188.0,172.8,184.1,123274,EQ,9622.0,12.81,63454.0
2023-08-30,186.8,196.25,184.7,194.85,120199,EQ,12074.0,9.96,55182.0
2023-08-31,196.25,201.45,190.35,199.8,80378,EQ,8052.0,9.98,37287.0
2023-09-01,202.5,211.75,196.5,209.0,79727,EQ,8393.0,9.5,33161.0
2023-09-04,214.25,243.75,213.75,239.0,488919,EQ,29158.0,16.77,103172.0
2023-09-05,238.2,247.0,232.75,243.05,138538,EQ,11443.0,12.11,44622.0
2023-09-06,246.2,249.75,234.2,248.5,72107,EQ,4370.0,16.5,32841.0
2023-09-07,248.5,252.5,244.2,247.75,43033,EQ,2456.0,17.52,25491.0
2023-09-08,250.0,254.85,245.25,249.3,31680,EQ,2733.0,11.59,16160.0
2023-09-11,243.1,248.75,238.2,243.1,23702,EQ,2184.0,10.85,13661.0
2023-09-12,243.1,244.7,221.0,232.25,61224,EQ,3668.0,16.69,33954.0
2023-09-13,232.25,243.75,225.0,240.05,28258,EQ,1931.0,14.63,14642.0
2023-09-14,240.2,243.3,237.65,241.8,9988,EQ,1378.0,7.25,4774.0
2023-09-15,244.95,244.95,236.65,240.8,22794,EQ,2096.0,10.88,11175.0
2023-09-18,244.75,257.0,241.25,246.65,113353,EQ,8740.0,12.97,49391.0
2023-09-20,246.65,249.3,234.5,239.6,31788,EQ,3883.0,8.19,13132.0
2023-09-21,238.05,244.25,230.75,236.15,25250,EQ,3262.0,7.74,10039.0
2023-09-22,238.5,240.2,233.0,237.9,13120,EQ,2366.0,5.55,5834.0
2023-09-25,236.25,248.7,226.45,246.0,30714,EQ,4006.0,7.67,13637.0
2023-09-26,248.75,249.7,241.4,245.4,29897,EQ,4303.0,6.95,15394.0
2023-09-27,247.5,248.0,241.2,245.4,26038,EQ,5241.0,4.97,12569.0
2023-09-28,248.0,261.95,244.8,247.5,93419,EQ,9726.0,9.61,40591.0
2023-09-29,250.0,260.5,246.3,252.2,39551,EQ,5952.0,6.64,17758.0
2023-10-03,256.0,262.5,254.75,259.1,46868,EQ,6084.0,7.7,22275.0
2023-10-04,256.25,267.2,252.5,258.4,37351,EQ,5459.0,6.84,13280.0
2023-10-05,260.0,263.5,258.05,261.4,15230,EQ,2570.0,5.93,7090.0
2023-10-06,263.3,268.0,260.3,266.2,22648,EQ,3260.0,6.95,12275.0
2023-10-09,263.0,264.25,251.4,253.55,29712,EQ,4746.0,6.26,14497.0
2023-10-10,255.0,266.8,255.0,263.55,22115,EQ,3692.0,5.99,12426.0
2023-10-11,261.25,298.0,259.75,294.55,74119,EQ,10715.0,6.92,33359.0
2023-10-12,291.25,295.7,285.25,291.5,39275,EQ,6408.0,6.13,15864.0
2023-10-13,291.5,309.25,290.75,301.5,65701,EQ,7807.0,8.42,26093.0
2023-10-16,304.5,348.4,302.5,329.9,113273,EQ,14604.0,7.76,40797.0
2023-10-17,326.5,367.7,326.5,340.4,143268,EQ,16222.0,8.83,58676.0
2023-10-18,343.3,346.05,319.55,328.3,45612,EQ,4751.0,9.6,24875.0
2023-10-19,330.0,347.25,322.25,341.85,36824,EQ,2945.0,12.5,22832.0
2023-10-20,347.5,362.25,346.85,351.05,40243,EQ,3391.0,11.87,18575.0
2023-10-23,350.25,364.25,333.5,333.5,9148,BE,708.0,12.92,9148.0
2023-10-25,346.25,348.75,316.8,316.95,18403,BE,620.0,29.68,18403.0
2023-10-26,316.45,316.45,301.1,301.1,6567,BE,308.0,21.32,6567.0
2023-10-27,310.0,316.15,301.5,316.15,10377,BE,406.0,25.56,10377.0
2023-10-30,330.0,331.95,321.25,331.1,9946,BE,529.0,18.8,9946.0
2023-10-31,332.5,333.0,314.55,316.65,16571,BE,576.0,28.77,16571.0
2023-11-01,324.75,325.0,303.75,308.2,6148,BE,391.0,15.72,6148.0
2023-11-02,317.5,319.75,306.25,313.55,13015,BE,325.0,40.05,13015.0
2023-11-03,313.55,324.5,301.25,312.0,9123,BE,479.0,19.05,9123.0
2023-11-06,317.75,327.55,312.0,327.05,8665,BE,354.0,24.48,8665.0
2023-11-07,330.75,342.5,328.0,336.7,10737,BE,523.0,20.53,10737.0
2023-11-08,342.5,343.75,330.25,340.05,6304,BE,288.0,21.89,6304.0
2023-11-09,338.75,343.95,323.05,326.5,41303,BE,772.0,53.5,41303.0
2023-11-10,329.5,329.5,310.15,314.85,25625,BE,717.0,35.74,25625.0
2023-11-12,322.7,327.5,317.5,320.9,4126,BE,243.0,16.98,4126.0
2023-11-13,320.9,320.9,307.75,316.3,8145,BE,326.0,24.98,8145.0
2023-11-15,316.4,322.5,313.25,314.25,6867,BE,347.0,19.79,6867.0
2023-11-16,316.25,320.0,309.55,315.3,4897,BE,329.0,14.88,4897.0
2023-11-17,317.5,323.75,316.25,320.45,8778,BE,356.0,24.66,8778.0
2023-11-20,323.25,332.75,323.25,330.15,8163,BE,459.0,17.78,8163.0
2023-11-21,334.5,335.0,319.75,323.7,8611,BE,472.0,18.24,8611.0
2023-11-22,315.25,331.0,315.25,317.9,4783,BE,329.0,14.54,4783.0
2023-11-23,324.5,324.6,305.1,311.55,7819,BE,348.0,22.47,7819.0
2023-11-24,305.2,314.75,302.75,309.55,3557,BE,272.0,13.08,3557.0
2023-11-28,311.25,322.0,306.5,319.3,113963,BE,776.0,146.86,113963.0
2023-11-29,323.5,323.75,310.0,314.5,5718,BE,373.0,15.33,5718.0
2023-11-30,308.75,319.9,305.0,309.5,7669,BE,457.0,16.78,7669.0
2023-12-01,316.25,317.5,305.0,310.35,6792,BE,357.0,19.03,6792.0
2023-12-04,313.75,320.0,305.05,312.25,9239,BE,456.0,20.26,9239.0
2023-12-05,311.75,316.4,306.4,311.1,9095,BE,437.0,20.81,9095.0
2023-12-06,307.8,316.3,306.25,310.1,3635,BE,221.0,16.45,3635.0
2023-12-07,312.75,313.0,306.95,308.1,4283,BE,284.0,15.08,4283.0
2023-12-08,311.7,311.7,302.5,305.15,10308,BE,362.0,28.48,10308.0
2023-12-11,305.0,311.25,302.75,310.4,9759,BE,276.0,35.36,9759.0
2023-12-12,311.25,321.4,311.2,315.45,10510,BE,373.0,28.18,10510.0
2023-12-13,315.45,317.5,310.0,312.0,5319,BE,267.0,19.92,5319.0
2023-12-14,316.25,316.25,305.9,314.55,8095,BE,323.0,25.06,8095.0
2023-12-15,315.0,325.0,315.0,324.3,14945,BE,623.0,23.99,14945.0
2023-12-18,330.25,336.75,325.25,328.95,8716,BE,518.0,16.83,8716.0
2023-12-19,334.75,337.45,324.0,327.75,4257,BE,247.0,17.23,4257.0
2023-12-20,334.25,336.25,311.5,312.75,8870,BE,415.0,21.37,8870.0
2023-12-21,310.25,323.75,303.0,313.8,5347,BE,277.0,19.3,5347.0
2023-12-22,322.0,329.5,311.5,327.0,15379,BE,436.0,35.27,15379.0
2023-12-26,337.0,337.0,331.25,334.5,9627,BE,634.0,15.18,9627.0
2023-12-27,334.5,337.0,320.25,324.4,6616,BE,504.0,13.13,6616.0
2023-12-28,324.4,329.7,315.3,322.5,3948,BE,368.0,10.73,3948.0
2023-12-29,328.5,328.5,313.9,324.7,9217,BE,450.0,20.48,9217.0
2024-01-01,332.0,333.75,322.5,333.05,9479,BE,605.0,15.67,9479.0
2024-01-02,337.0,340.75,330.0,337.95,15337,BE,802.0,19.12,15337.0
2024-01-03,342.0,342.5,333.05,340.45,8565,BE,581.0,14.74,8565.0
2024-01-04,345.0,347.5,341.25,344.45,11151,BE,568.0,19.63,11151.0
2024-01-05,357.0,357.5,345.0,348.0,17473,BE,881.0,19.83,17473.0
2024-01-08,345.05,347.5,330.6,331.4,22279,BE,960.0,23.21,22279.0
2024-01-09,334.4,334.5,315.5,322.55,14097,BE,672.0,20.98,14097.0
2024-01-10,322.5,327.0,310.0,315.4,21751,BE,709.0,30.68,21751.0
2024-01-11,315.4,322.5,314.5,317.25,19767,BE,411.0,48.09,19767.0
2024-01-12,319.95,322.5,315.0,319.15,9227,BE,347.0,26.59,9227.0
2024-01-15,322.2,325.0,312.5,321.3,10305,BE,455.0,22.65,10305.0
2024-01-16,319.4,324.0,305.5,313.7,12662,BE,678.0,18.68,12662.0
2024-01-17,313.65,317.15,304.0,306.85,11517,BE,603.0,19.1,11517.0
2024-01-18,309.45,309.45,291.5,303.0,11736,BE,625.0,18.78,11736.0
2024-01-19,302.0,317.5,302.0,306.2,4895,BE,301.0,16.26,4895.0
2024-01-20,317.4,317.4,300.0,302.55,9534,EQ,467.0,20.42,6742.0
2024-01-23,305.0,313.0,287.45,289.1,16561,EQ,964.0,17.18,13286.0
2024-01-24,289.1,299.5,275.05,287.3,29271,EQ,1181.0,24.78,17980.0
2024-01-25,280.0,281.6,273.0,273.85,72592,EQ,1688.0,43.0,58127.0
2024-01-29,270.0,286.0,261.0,279.15,59072,EQ,1873.0,31.54,37192.0
2024-01-30,279.15,288.3,272.55,286.85,22153,EQ,713.0,31.07,17411.0
2024-01-31,292.45,297.5,285.0,292.2,16576,EQ,678.0,24.45,12126.0
2024-02-01,300.0,300.0,286.0,296.7,19239,EQ,655.0,29.37,10278.0
2024-02-02,295.0,307.0,295.0,301.9,29906,EQ,1018.0,29.38,21628.0
2024-02-05,307.5,312.7,302.5,307.9,22904,EQ,511.0,44.82,20575.0
2024-02-06,306.0,314.5,300.0,307.2,24793,EQ,574.0,43.19,21823.0
2024-02-07,310.0,310.0,292.6,296.65,12811,BE,313.0,40.93,12811.0
2024-02-08,296.0,303.5,293.45,294.2,8412,BE,186.0,45.23,8412.0
2024-02-09,294.2,294.2,279.5,281.9,20017,BE,319.0,62.75,20017.0
2024-02-12,281.9,293.4,270.0,277.7,18547,BE,279.0,66.48,18547.0
2024-02-13,263.85,291.6,263.85,291.6,27118,BE,331.0,81.93,27118.0
2024-02-14,290.0,306.2,290.0,304.4,21235,BE,249.0,85.28,21235.0
2024-02-15,307.5,312.5,300.0,308.6,16530,BE,215.0,76.88,16530.0
2024-02-16,310.0,324.0,300.0,313.15,26194,BE,359.0,72.96,26194.0
2024-02-19,320.95,324.5,300.0,320.4,46905,EQ,1337.0,35.08,36611.0
2024-02-20,325.45,335.8,317.0,331.6,57097,EQ,1228.0,46.5,46681.0
2024-02-21,339.9,339.9,316.5,326.2,59065,EQ,1411.0,41.86,37408.0
2024-02-22,330.85,330.85,319.9,329.5,13726,EQ,488.0,28.13,8946.0
2024-02-23,329.5,336.0,325.5,331.3,24304,EQ,691.0,35.17,17730.0
2024-02-26,337.5,337.5,328.75,334.7,14213,EQ,602.0,23.61,9671.0
2024-02-27,334.7,337.4,325.7,336.4,32164,EQ,852.0,37.75,25487.0
2024-02-28,337.5,339.4,319.6,335.4,38403,EQ,1237.0,31.05,21795.0
2024-02-29,324.0,332.5,320.2,327.95,24753,EQ,585.0,42.31,19214.0
2024-03-01,323.5,335.5,323.5,331.2,18373,EQ,862.0,21.31,12084.0
2024-03-02,331.0,332.0,324.25,325.2,3481,EQ,98.0,35.52,3362.0
2024-03-04,331.0,331.0,319.7,323.9,22505,EQ,1268.0,17.75,13948.0
2024-03-05,320.0,328.5,316.35,323.5,16091,EQ,530.0,30.36,10916.0
2024-03-06,314.5,332.2,307.5,321.4,20620,EQ,978.0,21.08,13844.0
2024-03-07,312.6,333.0,312.6,328.25,12408,EQ,663.0,18.71,8330.0
2024-03-11,327.4,328.15,311.15,317.9,13618,EQ,654.0,20.82,10387.0
2024-03-12,303.25,315.5,290.0,306.0,27432,EQ,1151.0,23.83,15767.0
2024-03-13,295.0,305.0,275.4,296.9,45357,EQ,1909.0,23.76,23433.0
2024-03-14,280.05,309.95,280.05,297.95,22550,EQ,929.0,24.27,12575.0
2024-03-15,301.0,305.5,288.0,303.65,19318,EQ,660.0,29.27,14008.0
2024-03-18,304.9,307.8,287.5,290.2,10347,EQ,761.0,13.6,6827.0
2024-03-19,285.0,295.15,272.5,279.7,28821,EQ,2122.0,13.58,20634.0
2024-03-20,279.7,279.7,264.5,268.5,21903,EQ,1224.0,17.89,16323.0
2024-03-21,274.5,278.5,262.1,269.9,39051,EQ,2621.0,14.9,26887.0
2024-03-22,272.3,288.85,272.3,282.35,32562,EQ,1659.0,19.63,25450.0
2024-03-26,287.5,287.5,266.1,271.0,76766,EQ,4621.0,16.61,59402.0
2024-03-27,275.0,276.5,265.35,268.25,30462,EQ,1506.0,20.23,21628.0
2024-03-28,268.0,276.9,262.5,273.55,32132,EQ,2376.0,13.52,20591.0
2024-04-01,277.5,291.9,272.9,286.6,19229,EQ,1561.0,12.32,12134.0
2024-04-02,286.6,302.5,285.0,293.9,12870,EQ,772.0,16.67,9345.0
2024-04-03,298.0,312.4,298.0,306.0,14937,EQ,1901.0,7.86,8223.0
2024-04-04,312.5,313.85,300.75,303.9,7082,EQ,947.0,7.48,4250.0
2024-04-05,306.0,306.0,292.15,293.8,12595,EQ,1097.0,11.48,9690.0
2024-04-08,298.1,304.0,293.25,297.2,17888,EQ,1057.0,16.92,9931.0
2024-04-09,297.2,297.2,290.6,294.4,9422,EQ,640.0,14.72,6566.0
2024-04-10,291.5,298.75,285.05,289.2,11771,EQ,846.0,13.91,8003.0
2024-04-12,291.1,306.0,289.1,299.05,15468,EQ,966.0,16.01,8761.0
2024-04-15,290.0,300.0,282.5,296.65,10045,EQ,832.0,12.07,4377.0
2024-04-16,296.5,296.5,286.15,289.95,14691,EQ,1074.0,13.68,9552.0
2024-04-18,290.25,294.5,285.5,287.25,13166,EQ,913.0,14.42,10341.0
2024-04-19,276.0,285.5,275.9,282.65,9835,EQ,850.0,11.57,5072.0
2024-04-22,276.75,292.45,276.75,287.3,5822,EQ,456.0,12.77,3009.0
2024-04-23,292.6,306.0,281.5,300.9,41092,EQ,1563.0,26.29,32735.0
2024-04-24,302.55,304.7,297.2,300.1,13413,EQ,1005.0,13.35,10310.0
2024-04-25,305.0,305.0,294.3,297.0,15626,EQ,1081.0,14.46,10532.0
2024-04-26,297.0,302.65,295.0,297.5,13550,EQ,1033.0,13.12,8525.0
2024-04-29,297.5,297.5,290.05,294.45,14054,EQ,938.0,14.98,9781.0
2024-04-30,295.5,305.0,294.0,302.7,13121,EQ,1021.0,12.85,8558.0
2024-05-02,302.7,306.65,292.55,298.55,12257,EQ,1242.0,9.87,6993.0
2024-05-03,306.5,306.5,287.1,291.8,21348,EQ,1405.0,15.19,14226.0
2024-05-06,287.5,296.0,285.0,290.25,7131,EQ,625.0,11.41,5728.0
2024-05-07,293.6,293.6,286.5,289.5,3843,EQ,541.0,7.1,2513.0
2024-05-08,291.1,314.9,286.25,306.8,17505,EQ,706.0,24.79,14801.0
2024-05-09,308.5,316.0,291.05,294.9,38803,EQ,1963.0,19.77,27958.0
2024-05-10,290.0,307.2,290.0,303.7,10291,EQ,760.0,13.54,7866.0
2024-05-13,300.0,312.5,289.5,298.75,6938,EQ,968.0,7.17,2698.0
2024-05-14,294.55,309.2,294.55,306.8,18033,EQ,1064.0,16.95,14042.0
2024-05-15,305.0,314.7,305.0,311.25,15131,EQ,1412.0,10.72,10952.0
2024-05-16,311.5,314.5,306.25,311.6,10279,EQ,931.0,11.04,6812.0
2024-05-17,312.5,322.2,308.05,312.7,13333,EQ,1124.0,11.86,8502.0
2024-05-18,312.7,312.7,307.5,309.9,2414,EQ,170.0,14.2,1911.0
2024-05-21,317.5,321.5,311.9,319.6,32274,EQ,2438.0,13.24,19897.0
2024-05-22,322.5,329.5,316.5,321.5,26673,EQ,2232.0,11.95,15150.0
2024-05-23,325.0,325.6,316.75,320.5,17309,EQ,1303.0,13.28,13577.0
2024-05-24,318.45,324.0,315.0,321.5,12976,EQ,1311.0,9.9,7158.0
2024-05-27,325.0,325.0,317.75,319.5,10877,EQ,912.0,11.93,6941.0
2024-05-28,320.0,322.85,305.0,313.65,17868,EQ,1802.0,9.92,8700.0
2024-05-29,313.1,324.3,312.65,316.15,13064,EQ,1613.0,8.1,7726.0
2024-05-30,314.75,319.5,302.75,307.7,13058,EQ,1426.0,9.16,7303.0
2024-05-31,310.0,329.5,310.0,319.3,26224,EQ,1972.0,13.3,16317.0
2024-06-03,327.5,332.9,319.3,322.55,34391,EQ,1655.0,20.78,26797.0
2024-06-04,322.55,322.9,274.7,307.2,39997,EQ,4554.0,8.78,23147.0
2024-06-05,315.0,328.0,302.0,321.0,16770,EQ,1816.0,9.23,10426.0
2024-06-06,327.45,328.5,317.55,323.2,19582,EQ,2010.0,9.74,11987.0
2024-06-07,320.5,327.55,320.0,323.55,24266,EQ,1375.0,17.65,17418.0
2024-06-10,329.6,338.9,324.2,325.4,20117,EQ,2155.0,9.34,10001.0
2024-06-11,325.3,330.0,320.0,321.55,10406,EQ,942.0,11.05,5520.0
2024-06-12,321.9,330.0,320.0,327.0,13895,EQ,1720.0,8.08,8223.0
2024-06-13,331.45,334.75,326.5,327.75,10533,EQ,1315.0,8.01,5515.0
2024-06-14,324.5,329.25,312.25,316.5,35980,EQ,2671.0,13.47,27947.0
2024-06-18,319.0,319.0,305.15,309.0,84109,EQ,4786.0,17.57,57459.0
2024-06-19,310.95,326.85,299.55,308.15,238058,EQ,10810.0,22.02,120557.0
2024-06-20,305.5,327.5,305.5,314.05,120845,EQ,9624.0,12.56,72263.0
2024-06-21,315.0,324.5,315.0,319.25,16136,EQ,2317.0,6.96,7445.0
2024-06-24,324.05,334.7,318.1,327.2,65764,EQ,4772.0,13.78,43805.0
2024-06-25,328.2,392.65,328.2,378.2,1720573,EQ,57549.0,29.9,334530.0
2024-06-26,378.4,391.5,368.05,374.1,601323,EQ,40297.0,14.92,168548.0
2024-06-27,374.75,377.5,350.0,355.1,222699,EQ,16250.0,13.7,104452.0
2024-06-28,359.2,396.4,358.0,370.1,567729,EQ,36624.0,15.5,154042.0
2024-07-01,377.5,412.2,377.5,398.3,535137,EQ,28618.0,18.7,202353.0
2024-07-02,400.95,403.75,353.1,359.9,1755040,EQ,34644.0,50.66,1053958.0
2024-07-03,365.9,374.5,365.85,370.9,256120,EQ,13044.0,19.64,111089.0
2024-07-04,380.0,380.0,365.0,373.85,372208,EQ,13807.0,26.96,229450.0
2024-07-05,373.25,379.2,370.0,375.4,141099,EQ,9895.0,14.26,70500.0
2024-07-08,383.75,383.75,369.75,375.7,98017,EQ,6720.0,14.59,49854.0
2024-07-09,372.5,377.4,366.0,367.5,79887,EQ,6104.0,13.09,35415.0
2024-07-10,368.9,370.15,354.95,363.5,67536,EQ,7433.0,9.09,26092.0
2024-07-11,367.0,374.45,363.2,364.25,52639,EQ,5013.0,10.5,21677.0
2024-07-12,370.0,370.0,359.0,366.5,131136,EQ,7638.0,17.17,50529.0
2024-07-15,369.6,383.0,360.0,380.0,846287,EQ,13308.0,63.59,600200.0
2024-07-16,385.4,422.4,385.4,416.5,1014950,EQ,51482.0,19.71,349151.0
2024-07-18,418.25,428.9,407.5,410.5,281478,EQ,21164.0,13.3,95628.0
2024-07-19,412.0,425.0,392.85,408.95,338721,EQ,24891.0,13.61,110786.0
2024-07-22,405.0,419.9,402.2,409.7,384087,EQ,12512.0,30.7,280752.0
2024-07-23,409.0,445.5,386.25,431.5,654648,EQ,33246.0,19.69,355655.0
2024-07-24,435.0,447.5,425.75,440.6,224351,EQ,13298.0,16.87,97975.0
2024-07-25,436.25,452.0,435.5,445.1,138036,EQ,13432.0,10.28,71962.0
2024-07-26,450.0,491.8,450.0,486.7,539213,EQ,36623.0,14.72,185625.0
2024-07-29,490.6,515.0,490.0,510.55,899248,EQ,30132.0,29.84,581069.0
2024-07-30,516.0,524.5,512.5,516.0,209231,EQ,9985.0,20.95,142542.0
2024-07-31,516.3,517.45,502.0,507.8,323261,EQ,10750.0,30.07,238479.0
2024-08-01,510.0,519.0,487.6,492.7,100206,EQ,10180.0,9.84,35589.0
2024-08-02,489.3,503.25,478.15,493.2,100109,EQ,10739.0,9.32,43384.0
2024-08-05,481.0,487.5,452.5,467.8,294624,EQ,18019.0,16.35,174987.0
2024-08-06,461.5,462.75,420.0,450.5,459307,EQ,31723.0,14.48,183039.0
2024-08-07,462.5,479.3,446.0,470.25,147213,EQ,15597.0,9.44,57044.0
2024-08-08,470.5,484.5,466.5,472.65,101076,EQ,9462.0,10.68,37987.0
2024-08-09,467.5,502.5,467.3,487.2,203363,EQ,14029.0,14.5,94160.0
2024-08-12,480.2,484.95,442.8,452.0,175508,EQ,17968.0,9.77,69089.0
2024-08-13,482.45,493.45,469.0,472.6,191390,EQ,14624.0,13.09,66218.0
2024-08-14,495.0,495.0,444.8,468.65,165729,EQ,13560.0,12.22,54501.0
2024-08-16,485.5,499.5,483.0,488.4,113561,EQ,9873.0,11.5,47162.0
2024-08-19,492.25,506.3,487.5,495.7,116293,EQ,8770.0,13.26,51880.0
2024-08-20,495.8,508.25,485.0,499.55,192296,EQ,9245.0,20.8,139740.0
2024-08-21,507.5,510.5,486.6,489.05,65226,EQ,6864.0,9.5,21097.0
2024-08-22,490.5,501.2,484.0,490.5,165510,EQ,7728.0,21.42,123764.0
2024-08-23,494.0,539.25,491.15,522.4,375555,EQ,31956.0,11.75,113677.0
2024-08-26,529.7,540.15,507.0,525.5,240362,EQ,13050.0,18.42,168349.0
2024-08-27,527.4,547.5,516.25,544.2,135089,EQ,11646.0,11.6,82827.0
2024-08-28,546.0,546.0,516.25,520.1,67741,EQ,8213.0,8.25,29340.0
2024-08-29,524.25,540.0,502.95,514.7,73258,EQ,9117.0,8.04,27437.0
2024-08-30,515.0,519.7,505.0,513.9,49285,EQ,6610.0,7.46,17167.0
2024-09-02,515.5,515.9,484.0,488.6,91123,EQ,10540.0,8.65,43867.0
2024-09-03,488.6,501.7,484.3,497.3,59941,EQ,8958.0,6.69,20950.0
2024-09-04,494.9,496.35,481.6,482.95,77171,EQ,7464.0,10.34,35423.0
2024-09-05,482.5,483.9,471.0,478.55,113624,EQ,9049.0,12.56,71424.0
2024-09-06,485.45,485.5,471.2,474.6,41537,EQ,6226.0,6.67,16482.0
2024-09-09,478.0,487.0,460.6,478.2,75284,EQ,7504.0,10.03,24143.0
2024-09-10,483.6,490.0,479.4,485.95,42661,EQ,5505.0,7.75,20563.0
2024-09-11,487.5,494.0,477.75,480.6,50780,EQ,5010.0,10.14,25748.0
2024-09-12,475.8,482.25,472.55,475.0,33647,EQ,5208.0,6.46,15833.0
2024-09-13,476.85,485.0,471.7,480.7,35909,EQ,4530.0,7.93,19657.0
2024-09-16,487.5,487.5,474.25,475.6,15124,EQ,2249.0,6.72,8759.0
2024-09-17,474.75,486.4,468.1,477.45,40536,EQ,5598.0,7.24,18575.0
2024-09-18,478.5,479.4,452.0,454.25,170658,EQ,7805.0,21.87,137659.0
2024-09-19,454.5,458.25,435.5,442.5,86774,EQ,9736.0,8.91,42461.0
2024-09-20,445.95,456.8,441.25,453.25,41615,EQ,6188.0,6.73,21644.0
2024-09-23,450.5,453.5,432.5,447.5,77069,EQ,5480.0,14.06,57482.0
2024-09-24,452.0,452.9,436.25,440.8,57892,EQ,5497.0,10.53,32526.0
2024-09-25,442.75,447.05,435.6,441.9,25451,EQ,3778.0,6.74,14662.0
2024-09-26,440.0,447.5,429.0,431.3,32380,EQ,4164.0,7.78,21261.0
2024-09-27,432.5,439.9,430.0,433.4,41025,EQ,4626.0,8.87,23814.0
2024-09-30,438.0,460.5,433.2,459.85,206636,EQ,11670.0,17.71,132593.0
2024-10-01,462.5,463.85,437.55,445.35,59200,EQ,4750.0,12.46,36550.0
2024-10-03,435.0,448.75,430.1,438.0,30545,EQ,3758.0,8.13,15174.0
2024-10-04,450.05,469.9,440.1,462.1,203417,EQ,9791.0,20.78,119541.0
2024-10-07,460.5,469.5,431.5,444.5,143360,EQ,6520.0,21.99,113994.0
2024-10-08,444.5,499.5,441.0,484.8,356315,EQ,9318.0,38.24,245073.0
2024-10-09,486.7,486.7,474.5,479.65,46084,EQ,3353.0,13.74,18852.0
2024-10-10,478.0,483.85,471.5,480.8,24670,EQ,2036.0,12.12,14901.0
2024-10-11,482.0,493.2,475.0,488.3,37952,EQ,3245.0,11.7,17984.0
2024-10-14,492.0,500.0,476.7,493.4,75300,EQ,4253.0,17.71,51620.0
2024-10-15,498.45,512.0,485.6,496.6,288688,EQ,6177.0,46.74,242745.0
2024-10-16,497.75,498.75,480.7,489.3,130295,EQ,4128.0,31.56,102878.0
2024-10-17,486.05,497.75,482.15,495.6,38530,EQ,3849.0,10.01,21434.0
2024-10-18,496.4,497.75,480.05,494.8,47587,EQ,2807.0,16.95,25560.0
2024-10-21,502.25,507.35,470.1,475.1,62251,EQ,5787.0,10.76,22755.0
2024-10-22,476.3,476.7,462.5,468.5,82226,EQ,8377.0,9.82,54554.0
2024-10-23,466.4,467.85,450.0,455.0,37112,EQ,5135.0,7.23,18720.0
2024-10-24,456.1,462.5,448.75,458.6,18563,EQ,3074.0,6.04,9193.0
2024-10-25,458.6,459.1,436.0,446.05,31727,EQ,3912.0,8.11,16412.0
2024-10-28,452.75,467.4,439.8,459.8,19520,EQ,2762.0,7.07,10035.0
2024-10-29,456.75,466.4,450.9,464.4,27363,EQ,3349.0,8.17,17042.0
2024-10-30,465.95,484.5,458.5,480.0,21430,EQ,2996.0,7.15,12982.0
2024-10-31,479.15,486.0,475.0,484.2,24443,EQ,2796.0,8.74,13830.0
2024-11-01,487.0,492.2,478.0,484.1,7666,EQ,552.0,13.89,4816.0
2024-11-04,484.1,499.8,475.5,498.05,45674,EQ,4346.0,10.51,24010.0
2024-11-05,499.55,513.9,495.2,509.65,66412,EQ,4896.0,13.56,33923.0
2024-11-06,509.5,520.0,509.5,514.0,49462,EQ,4088.0,12.1,30100.0
2024-11-07,516.0,549.95,510.1,544.0,202859,EQ,11345.0,17.88,98320.0
2024-11-08,545.9,555.5,512.5,518.15,93691,EQ,6791.0,13.8,45384.0
2024-11-11,517.0,517.0,486.0,499.2,50417,EQ,3692.0,13.66,27653.0
2024-11-12,505.0,506.1,477.75,491.65,101965,EQ,5971.0,17.08,69862.0
2024-11-13,492.5,498.4,472.2,484.1,70432,EQ,5607.0,12.56,38485.0
2024-11-14,487.7,504.5,484.1,500.8,88917,EQ,5008.0,17.75,56626.0
2024-11-18,503.55,517.5,493.5,512.6,47769,EQ,5134.0,9.3,28690.0
2024-11-19,500.65,574.5,500.65,547.6,405436,EQ,23648.0,17.14,185227.0
2024-11-21,548.0,597.5,548.0,571.7,555638,EQ,30207.0,18.39,121692.0
2024-11-22,572.1,581.5,561.6,577.25,139847,EQ,10404.0,13.44,68663.0
2024-11-25,591.0,596.75,576.5,587.9,152513,EQ,8972.0,17.0,75658.0
2024-11-26,592.5,595.0,575.7,588.2,62161,EQ,3752.0,16.57,39308.0
2024-11-27,586.5,595.0,575.75,585.8,43203,EQ,5250.0,8.23,22933.0
2024-11-28,585.8,613.9,576.5,598.8,167156,EQ,10005.0,16.71,68421.0
2024-11-29,598.5,625.0,589.4,605.15,135129,EQ,11601.0,11.65,86041.0
2024-12-02,605.0,632.45,590.15,627.0,113183,EQ,7672.0,14.75,57420.0
2024-12-03,630.0,635.0,603.15,618.05,80860,EQ,5917.0,13.67,35171.0
2024-12-04,623.3,632.6,615.8,628.5,62847,EQ,7622.0,8.25,33715.0
2024-12-05,628.5,635.0,622.5,626.9,61831,EQ,5062.0,12.21,44319.0
2024-12-06,626.9,630.0,612.2,621.7,57699,EQ,3613.0,15.97,29525.0
2024-12-09,630.0,661.15,627.5,656.1,195266,EQ,11639.0,16.78,106975.0
2024-12-10,657.0,670.5,647.45,653.75,122654,EQ,8495.0,14.44,65728.0
2024-12-11,655.5,660.0,633.4,642.2,62706,EQ,5721.0,10.96,29043.0
2024-12-12,642.5,647.0,625.0,628.95,45519,EQ,4291.0,10.61,21958.0
2024-12-13,629.85,648.9,621.0,645.55,44226,EQ,4861.0,9.1,21329.0
2024-12-16,648.05,680.0,648.05,666.6,100360,EQ,9274.0,10.82,42358.0
2024-12-17,669.6,681.5,660.0,663.75,55870,EQ,5205.0,10.73,24271.0
2024-12-18,665.75,671.35,645.6,655.1,57954,EQ,7232.0,8.01,31022.0
2024-12-19,657.0,664.0,649.0,655.25,63926,EQ,4386.0,14.58,39477.0
2024-12-20,656.35,667.5,648.0,655.65,71152,EQ,4681.0,15.2,37160.0
2024-12-23,666.9,720.05,652.75,710.4,369288,EQ,23287.0,15.86,128860.0
2024-12-24,725.0,726.5,682.65,700.4,183965,EQ,15005.0,12.26,55532.0
2024-12-26,704.0,712.5,680.65,709.1,103314,EQ,9262.0,11.15,33639.0
2024-12-27,711.95,718.3,692.85,704.25,73462,EQ,7066.0,10.4,40402.0
2024-12-30,705.25,739.5,699.1,733.85,172709,EQ,11433.0,15.11,76238.0
2024-12-31,736.5,743.95,720.5,740.5,109800,EQ,14785.0,7.43,50460.0
2025-01-01,743.9,749.5,725.0,746.75,69182,EQ,7474.0,9.26,27399.0
2025-01-02,749.5,777.0,745.55,766.8,127076,EQ,9554.0,13.3,61024.0
2025-01-03,771.0,780.0,743.75,759.3,62906,EQ,5767.0,10.91,29636.0
2025-01-06,759.9,784.5,752.9,763.15,138740,EQ,10826.0,12.82,86809.0
2025-01-07,769.4,803.0,765.25,782.7,144719,EQ,11363.0,12.74,60661.0
2025-01-08,786.0,804.05,774.0,783.9,118470,EQ,10254.0,11.55,52037.0
2025-01-09,795.0,809.6,779.9,786.9,142721,EQ,10006.0,14.26,74068.0
2025-01-10,791.3,797.5,770.0,785.9,107595,EQ,10246.0,10.5,49033.0
2025-01-13,785.0,807.5,742.65,754.75,180874,EQ,16947.0,10.67,99337.0
2025-01-14,755.5,785.0,750.0,772.95,179349,EQ,14920.0,12.02,105830.0
2025-01-15,782.7,824.95,765.45,811.05,218464,EQ,17109.0,12.77,86789.0
2025-01-16,825.5,858.5,824.5,845.65,189557,EQ,15529.0,12.21,89051.0
2025-01-17,846.45,853.15,819.0,838.95,91516,EQ,10407.0,8.79,45264.0
2025-01-20,833.0,835.65,685.0,691.55,504053,EQ,38217.0,13.19,174397.0
2025-01-21,685.0,707.8,663.5,691.35,200741,EQ,17910.0,11.21,53768.0
2025-01-22,692.5,692.5,643.0,662.7,174667,EQ,16154.0,10.81,68384.0
2025-01-23,651.75,692.15,643.0,667.3,105602,EQ,9301.0,11.35,38604.0
2025-01-24,673.0,673.0,645.4,651.95,56583,EQ,6145.0,9.21,25205.0
2025-01-27,644.5,644.5,600.9,632.25,113473,EQ,11921.0,9.52,50594.0
2025-01-28,635.6,653.95,589.1,643.5,87424,EQ,9139.0,9.57,37392.0
2025-01-29,639.9,697.45,636.0,679.45,105723,EQ,11123.0,9.5,44788.0
2025-01-30,675.5,697.5,675.5,688.9,47293,EQ,5969.0,7.92,25933.0
2025-01-31,690.0,719.95,684.55,707.0,77207,EQ,8261.0,9.35,30552.0
2025-02-01,716.65,720.0,660.5,672.05,46128,EQ,4828.0,9.55,15442.0
2025-02-03,665.0,678.1,639.2,655.15,124120,EQ,7218.0,17.2,94184.0
2025-02-04,664.1,708.0,664.1,701.1,71219,EQ,8132.0,8.76,39496.0
2025-02-05,701.1,719.75,694.8,709.9,187414,EQ,19009.0,9.86,127028.0
2025-02-06,715.0,737.85,712.75,719.1,97460,EQ,12978.0,7.51,41653.0
2025-02-07,715.6,744.2,698.25,726.25,57984,EQ,5799.0,10.0,24058.0
2025-02-10,726.25,732.6,674.5,678.0,84004,EQ,8965.0,9.37,48702.0
2025-02-11,687.4,687.4,622.7,630.85,76635,EQ,7262.0,10.55,33941.0
2025-02-12,631.0,748.9,608.75,704.3,637406,EQ,43877.0,14.53,133872.0
2025-02-13,691.55,737.5,691.55,713.95,269584,EQ,23592.0,11.43,131770.0
2025-02-14,713.0,723.3,692.5,711.1,175853,EQ,18039.0,9.75,83632.0
2025-02-17,700.0,720.7,670.0,714.8,186067,EQ,15053.0,12.36,79179.0
2025-02-18,715.0,722.4,678.15,717.75,171627,EQ,18480.0,9.29,81502.0
2025-02-19,710.0,740.0,700.0,727.85,144967,EQ,15537.0,9.33,65506.0
2025-02-20,732.0,739.25,720.0,728.45,76509,EQ,14784.0,5.18,42817.0
2025-02-21,730.0,737.5,696.15,718.75,131462,EQ,17082.0,7.7,59003.0
2025-02-24,717.0,717.0,674.0,697.1,86898,EQ,9176.0,9.47,33465.0
2025-02-25,700.0,716.2,692.9,706.8,56769,EQ,9027.0,6.29,29826.0
2025-02-27,705.8,709.15,680.0,693.95,104205,EQ,10880.0,9.58,43889.0
2025-02-28,695.0,695.0,651.5,671.0,609261,EQ,22585.0,26.98,433833.0
2025-03-03,663.5,665.65,635.25,650.65,124882,EQ,12503.0,9.99,55738.0
2025-03-04,644.0,695.0,636.55,690.4,179378,EQ,18464.0,9.72,117959.0
2025-03-05,688.0,707.4,682.9,699.3,103398,EQ,9094.0,11.37,54112.0
2025-03-06,710.0,735.0,706.5,733.85,93418,EQ,10887.0,8.58,44722.0
2025-03-07,733.85,759.5,729.25,745.7,108320,EQ,11054.0,9.8,50334.0
2025-03-10,747.4,790.0,725.0,738.15,152637,EQ,15145.0,10.08,79587.0
2025-03-11,727.5,749.5,706.75,744.75,56328,EQ,6406.0,8.79,20343.0
2025-03-12,741.1,770.0,732.5,764.05,77894,EQ,6568.0,11.86,39379.0
2025-03-13,770.0,800.0,671.25,682.9,353151,EQ,13676.0,25.82,254511.0
2025-03-17,677.9,699.7,662.0,684.5,103076,EQ,11828.0,8.71,38436.0
2025-03-18,689.2,689.2,661.05,669.4,91039,EQ,8339.0,10.92,30796.0
2025-03-19,672.5,689.2,635.0,655.65,152930,EQ,14981.0,10.21,58104.0
2025-03-20,660.0,682.9,651.6,679.45,81412,EQ,15074.0,5.4,28854.0
2025-03-21,689.5,689.8,630.6,643.75,141318,EQ,19895.0,7.1,63075.0
2025-03-24,649.6,658.0,629.6,641.65,89831,EQ,17500.0,5.13,31415.0
2025-03-25,641.65,647.25,616.5,640.25,85742,EQ,14152.0,6.06,32375.0
2025-03-26,645.6,649.95,612.6,625.3,91556,EQ,12720.0,7.2,42902.0
2025-03-27,614.0,699.95,611.0,688.4,207176,EQ,24062.0,8.61,71483.0
2025-03-28,697.5,697.5,652.75,659.1,88029,EQ,16800.0,5.24,35876.0
2025-04-01,659.1,660.4,640.4,656.6,44797,EQ,9302.0,4.82,19626.0
2025-04-02,651.9,682.25,644.0,680.55,48085,EQ,7731.0,6.22,23185.0
2025-04-03,663.0,677.0,627.6,630.8,149425,EQ,20385.0,7.33,79371.0
2025-04-04,631.0,634.0,504.7,529.6,775755,EQ,48973.0,15.84,350296.0
2025-04-07,437.5,505.95,437.5,500.7,359440,EQ,37627.0,9.55,165930.0
2025-04-08,508.0,533.15,476.75,483.4,174341,EQ,24946.0,6.99,55698.0
2025-04-09,486.0,488.5,453.7,459.5,124212,EQ,18581.0,6.68,42070.0
2025-04-11,505.2,505.4,490.5,505.4,138817,EQ,3007.0,46.16,76063.0
2025-04-15,555.9,555.9,555.9,555.9,36400,EQ,346.0,105.2,28900.0
2025-04-16,569.5,592.45,537.55,577.35,236197,EQ,12405.0,19.04,115086.0
2025-04-17,582.0,584.45,562.8,571.0,58121,EQ,4977.0,11.68,34045.0
2025-04-21,568.5,575.95,535.5,546.2,94150,EQ,7040.0,13.37,56279.0
2025-04-22,550.0,551.8,526.0,529.6,85671,EQ,5808.0,14.75,56847.0
2025-04-23,533.5,533.5,492.0,522.15,174277,EQ,11023.0,15.81,113783.0
2025-04-24,525.0,533.35,506.05,511.45,108595,EQ,8573.0,12.67,63829.0
2025-04-25,512.9,515.0,478.8,491.45,506798,EQ,30851.0,16.43,367739.0
2025-04-28,494.0,508.5,485.55,488.4,68771,EQ,7650.0,8.99,29314.0
2025-04-29,490.0,510.5,487.45,489.0,65102,EQ,7013.0,9.28,26637.0
2025-04-30,492.65,492.65,470.35,479.55,98471,EQ,6002.0,16.41,61904.0
2025-05-02,481.95,491.0,467.6,471.65,50752,EQ,4866.0,10.43,20108.0
2025-05-05,471.65,494.2,464.5,491.25,100815,EQ,9101.0,11.08,58619.0
2025-05-06,492.5,492.65,475.0,478.6,59751,EQ,5521.0,10.82,30460.0
2025-05-07,497.5,526.5,482.65,514.6,353459,EQ,18642.0,18.96,122902.0
2025-05-08,518.45,563.95,518.45,533.2,276224,EQ,22029.0,12.54,110903.0
2025-05-09,515.0,543.5,511.1,531.35,108072,EQ,8831.0,12.24,42388.0
2025-05-12,568.0,574.0,538.5,542.35,85895,EQ,9028.0,9.51,41166.0
2025-05-13,540.5,560.5,540.5,553.4,47183,EQ,5120.0,9.22,21899.0
2025-05-14,568.35,570.0,553.6,559.65,62875,EQ,6084.0,10.33,27466.0
2025-05-15,559.65,572.4,556.1,563.3,45695,EQ,4474.0,10.21,19967.0
2025-05-16,567.0,587.5,559.95,583.9,94205,EQ,8011.0,11.76,55268.0
2025-05-19,590.0,599.85,577.05,589.75,99760,EQ,7243.0,13.77,44681.0
2025-05-20,597.5,620.0,585.2,609.5,156657,EQ,9759.0,16.05,74396.0
2025-05-21,639.0,665.5,621.8,659.7,466349,EQ,33436.0,13.95,191689.0
2025-05-22,672.0,672.0,640.15,650.65,156297,EQ,11661.0,13.4,71549.0
2025-05-23,654.5,670.95,643.6,654.5,99961,EQ,8622.0,11.59,46244.0
2025-05-26,654.5,664.7,640.05,642.15,45073,EQ,4311.0,10.46,25354.0
2025-05-27,640.5,661.0,638.5,653.0,49335,EQ,5262.0,9.38,20502.0
2025-05-28,655.0,718.3,642.5,706.65,317951,EQ,16509.0,19.26,114299.0
2025-05-29,706.65,737.5,706.65,717.8,217846,EQ,18720.0,11.64,94089.0
2025-05-30,718.0,734.5,708.2,728.0,119049,EQ,12901.0,9.23,64070.0
2025-06-02,711.5,721.6,675.5,679.1,100695,EQ,9223.0,10.92,50848.0
2025-06-03,683.0,705.5,680.25,699.8,99517,EQ,8072.0,12.33,48147.0
2025-06-04,699.8,712.35,694.2,706.5,41922,EQ,4803.0,8.73,16723.0
2025-06-05,713.5,720.95,702.5,705.35,43227,EQ,3915.0,11.04,18953.0
2025-06-06,710.7,719.95,693.25,697.2,56401,EQ,7945.0,7.1,21219.0
2025-06-09,699.0,706.0,662.65,668.4,86292,EQ,13428.0,6.43,45993.0
2025-06-10,665.5,673.4,647.05,651.3,71404,EQ,12010.0,5.95,35829.0
2025-06-11,651.5,686.0,649.9,679.85,75053,EQ,12204.0,6.15,33393.0
2025-06-12,686.45,697.5,664.6,677.7,79882,EQ,10242.0,7.8,42777.0
2025-06-13,664.5,682.5,658.4,673.1,38623,EQ,5518.0,7.0,18533.0
2025-06-16,676.45,681.95,661.45,677.25,123247,EQ,7092.0,17.38,101920.0
2025-06-17,674.5,709.0,671.5,703.75,108666,EQ,14066.0,7.73,50249.0
2025-06-18,708.0,754.45,692.1,733.9,210479,EQ,24642.0,8.54,71646.0
2025-06-19,737.55,749.0,700.5,705.0,111195,EQ,16300.0,6.82,33648.0
2025-06-20,701.5,752.5,701.0,744.55,125863,EQ,13554.0,9.29,48293.0
2025-06-23,731.15,759.5,727.45,750.8,130813,EQ,16324.0,8.01,53683.0
2025-06-24,759.4,763.85,725.0,729.7,59654,EQ,10174.0,5.86,20670.0
2025-06-25,733.3,763.95,725.9,743.7,58245,EQ,10087.0,5.77,21876.0
2025-06-26,748.45,750.65,737.85,743.05,20565,EQ,3577.0,5.75,7132.0
2025-06-27,745.0,749.75,715.6,742.25,96328,EQ,14252.0,6.76,37939.0
2025-06-30,740.0,761.1,735.15,748.7,60908,EQ,8243.0,7.39,29038.0
2025-07-01,756.2,797.85,741.7,778.55,162276,EQ,19664.0,8.25,56191.0
2025-07-02,779.0,791.2,758.25,762.7,87735,EQ,11200.0,7.83,34828.0
2025-07-03,762.7,775.0,740.05,767.8,70242,EQ,9910.0,7.09,32627.0
2025-07-04,765.0,805.5,763.45,792.55,102727,EQ,13175.0,7.8,38788.0
2025-07-07,791.05,793.25,764.15,772.0,51866,EQ,7147.0,7.26,24818.0
2025-07-08,774.5,795.0,735.6,750.1,170318,EQ,24401.0,6.98,66308.0
2025-07-09,750.0,764.3,746.45,756.2,42101,EQ,6321.0,6.66,17162.0
2025-07-10,763.0,768.0,749.5,759.1,33261,EQ,3982.0,8.35,14645.0
2025-07-11,761.0,769.95,750.0,755.05,30021,EQ,4982.0,6.03,11824.0
2025-07-14,762.6,779.5,751.0,773.45,47900,EQ,7125.0,6.72,20710.0
2025-07-15,777.0,809.9,776.45,795.75,95350,EQ,12106.0,7.88,46279.0
2025-07-16,794.95,799.75,780.25,786.3,25229,EQ,3950.0,6.39,11395.0
2025-07-17,790.25,819.5,785.0,813.7,91937,EQ,11942.0,7.7,40966.0
2025-07-18,819.4,829.4,780.0,782.5,90795,EQ,12469.0,7.28,40352.0
2025-07-21,786.5,799.5,760.95,778.65,147561,EQ,18965.0,7.78,58091.0
2025-07-22,778.0,781.9,738.25,741.75,117093,EQ,15751.0,7.43,66532.0
2025-07-23,741.75,760.05,741.75,745.65,52321,EQ,9243.0,5.66,24030.0
2025-07-24,749.4,780.0,747.5,772.65,75192,EQ,11196.0,6.72,33682.0
2025-07-25,776.4,779.95,754.0,762.25,62014,EQ,7459.0,8.31,30665.0
2025-07-28,759.0,771.15,740.6,745.5,72445,EQ,9551.0,7.59,35960.0
2025-07-29,745.05,770.0,735.35,765.65,68555,EQ,9583.0,7.15,39490.0
2025-07-30,766.4,825.7,765.0,819.45,182151,EQ,19393.0,9.39,73116.0
2025-07-31,775.5,798.25,726.5,743.65,440546,EQ,39092.0,11.27,149616.0
2025-08-01,744.45,749.6,690.9,697.3,276394,EQ,32098.0,8.61,96730.0
2025-08-04,692.5,708.9,684.0,698.65,116703,EQ,10391.0,11.23,71447.0
2025-08-05,694.45,700.0,675.0,684.8,64763,EQ,8801.0,7.36,33468.0
2025-08-06,680.55,696.85,661.0,666.7,55459,EQ,8167.0,6.79,23023.0
2025-08-07,647.55,663.5,632.0,650.7,129797,EQ,17618.0,7.37,59628.0
2025-08-08,645.5,697.8,641.4,666.3,312271,EQ,33556.0,9.31,147022.0
2025-08-11,658.9,662.85,627.6,644.7,126005,EQ,15816.0,7.97,55761.0
2025-08-12,643.95,657.5,622.4,626.3,60418,EQ,7250.0,8.33,23935.0
2025-08-13,630.95,637.2,616.6,624.3,64520,EQ,10478.0,6.16,32763.0
2025-08-14,625.1,631.55,616.2,628.4,42369,EQ,6435.0,6.58,22708.0
2025-08-18,647.3,671.45,635.1,668.15,87473,EQ,12111.0,7.22,41266.0
2025-08-19,675.0,685.1,659.95,678.65,75669,EQ,11611.0,6.52,39858.0
2025-08-20,674.3,679.35,670.1,673.45,45670,EQ,7404.0,6.17,29385.0
2025-08-21,676.0,688.9,673.2,680.65,31752,EQ,4595.0,6.91,15338.0
2025-08-22,677.5,683.45,666.0,677.45,131378,EQ,11969.0,10.98,105048.0
2025-08-25,677.5,683.85,669.6,676.8,100889,EQ,8551.0,11.8,76610.0
2025-08-26,669.05,674.95,635.0,638.95,218091,EQ,19518.0,11.17,144053.0
2025-08-28,630.0,648.55,601.65,619.05,114288,EQ,15389.0,7.43,38414.0
2025-08-29,617.5,632.5,612.5,616.75,41653,EQ,7190.0,5.79,16063.0
2025-09-01,621.4,625.45,612.35,621.95,29664,EQ,3563.0,8.33,13850.0
2025-09-02,627.0,656.1,616.45,626.15,117061,EQ,11885.0,9.85,47114.0
2025-09-03,629.5,637.0,602.5,620.0,102926,EQ,12891.0,7.98,61197.0
2025-09-04,621.0,629.45,607.05,610.4,173123,EQ,13209.0,13.11,122919.0
2025-09-05,612.7,616.5,589.05,601.95,118293,EQ,9617.0,12.3,76877.0
2025-09-08,602.4,657.9,602.4,645.6,174238,EQ,20555.0,8.48,40675.0
2025-09-09,646.95,653.65,627.85,634.4,55500,EQ,6637.0,8.36,21706.0
2025-09-10,650.5,708.95,642.55,699.85,612386,EQ,56046.0,10.93,107616.0
2025-09-11,705.45,709.1,673.8,679.9,113762,EQ,12522.0,9.08,44594.0
2025-09-12,680.0,682.0,665.0,668.8,34503,EQ,4810.0,7.17,13600.0
2025-09-15,668.8,676.9,665.0,667.05,24457,EQ,3583.0,6.83,11234.0
2025-09-16,667.25,704.05,667.25,677.75,68937,EQ,10728.0,6.43,21447.0
2025-09-17,680.85,706.35,680.85,688.9,73526,EQ,9456.0,7.78,26852.0
2025-09-18,695.8,735.95,672.8,676.55,195910,EQ,18841.0,10.4,66306.0
2025-09-19,680.0,696.15,673.6,691.5,73811,EQ,6391.0,11.55,33682.0
2025-09-22,691.5,694.6,686.75,688.45,39687,EQ,3108.0,12.77,25391.0
2025-09-23,688.45,692.55,672.5,679.2,32463,EQ,4145.0,7.83,18562.0
2025-09-24,679.2,686.75,671.3,676.15,20569,EQ,3103.0,6.63,8117.0
2025-09-25,672.65,675.7,645.55,650.65,33643,EQ,5759.0,5.84,14485.0
2025-09-26,646.5,656.0,633.6,640.25,39682,EQ,6849.0,5.79,13834.0
2025-09-29,640.8,660.0,616.55,621.65,114576,EQ,9161.0,12.51,74898.0
2025-09-30,628.9,643.1,623.7,636.2,35292,EQ,5044.0,7.0,17005.0
2025-10-01,633.75,636.2,621.65,630.1,20591,EQ,4134.0,4.98,8855.0
2025-10-03,631.85,639.5,622.3,624.1,34082,EQ,5829.0,5.85,15687.0
2025-10-06,629.1,629.55,614.15,618.5,23655,EQ,3949.0,5.99,11887.0
2025-10-07,618.5,633.5,612.35,619.35,18506,EQ,3747.0,4.94,7935.0
2025-10-08,619.35,621.65,600.0,609.5,31450,EQ,5343.0,5.89,18565.0
2025-10-09,606.85,647.0,606.2,634.2,43995,EQ,7095.0,6.2,18703.0
2025-10-10,637.15,654.95,629.2,651.0,41952,EQ,6051.0,6.93,20193.0
2025-10-13,648.05,662.8,645.6,659.05,41703,EQ,6580.0,6.34,20551.0
2025-10-14,655.55,661.25,643.0,655.6,69050,EQ,4742.0,14.56,54232.0
2025-10-15,655.0,670.0,637.05,665.65,40934,EQ,6021.0,6.8,20769.0
2025-10-16,664.5,695.9,662.5,683.35,80898,EQ,10486.0,7.71,24242.0
2025-10-17,683.0,685.75,670.0,674.15,11878,EQ,2525.0,4.7,5834.0
2025-10-20,674.15,684.85,657.45,669.45,24017,EQ,4563.0,5.26,11715.0
2025-10-21,679.5,682.3,654.55,657.5,10375,EQ,1301.0,7.97,5142.0
2025-10-23,685.0,709.45,670.8,701.0,240362,EQ,28313.0,8.49,94863.0
2025-10-24,704.1,720.0,691.3,702.35,89882,EQ,10284.0,8.74,34361.0
2025-10-27,709.9,709.9,663.7,674.55,82006,EQ,10499.0,7.81,36469.0
2025-10-28,677.1,679.95,652.5,657.8,51400,EQ,6336.0,8.11,22878.0
2025-10-29,659.9,683.3,644.8,656.9,122254,EQ,16100.0,7.59,63503.0
2025-10-30,656.0,666.8,649.8,658.75,61322,EQ,7018.0,8.74,42609.0
2025-10-31,658.8,676.75,650.0,658.05,73780,EQ,9584.0,7.7,48458.0
2025-11-03,650.6,668.45,650.6,659.2,38690,EQ,7245.0,5.34,24676.0
2025-11-04,658.95,660.25,643.05,650.55,38684,EQ,7554.0,5.12,21332.0
2025-11-06,650.55,655.3,646.0,648.7,66701,EQ,6104.0,10.93,52851.0
2025-11-07,648.5,687.5,643.0,682.05,299166,EQ,16735.0,17.88,235935.0
2025-11-10,687.5,710.0,680.15,705.45,173080,EQ,15495.0,11.17,116653.0
2025-11-11,700.05,714.0,693.3,705.7,80557,EQ,9770.0,8.25,40444.0
2025-11-12,720.0,846.8,702.05,846.8,2593409,EQ,111265.0,23.31,571330.0
2025-11-13,902.45,996.65,825.5,836.75,4406058,EQ,246490.0,17.88,600348.0
2025-11-14,845.0,869.5,833.5,844.05,599470,EQ,46448.0,12.91,87580.0
2025-11-17,844.05,849.0,819.0,829.45,174646,EQ,16754.0,10.42,59207.0
2025-11-18,838.5,879.7,827.5,838.0,466079,EQ,42439.0,10.98,76062.0
2025-11-19,839.0,888.95,830.2,883.45,438534,EQ,36009.0,12.18,136399.0
2025-11-20,887.6,917.5,871.15,877.25,242884,EQ,20653.0,11.76,65741.0
2025-11-21,880.55,904.4,860.5,871.0,142579,EQ,12456.0,11.45,66138.0
2025-11-24,868.05,874.2,850.7,863.45,92096,EQ,10823.0,8.51,35183.0
2025-11-25,863.45,871.2,847.2,854.6,91555,EQ,11000.0,8.32,37583.0
2025-11-26,857.8,887.8,851.15,877.3,129066,EQ,15474.0,8.34,57533.0
2025-11-27,885.95,886.0,841.4,845.2,123200,EQ,18075.0,6.82,56007.0
2025-11-28,850.0,851.95,834.55,844.35,54339,EQ,6074.0,8.95,20370.0
2025-12-01,844.35,849.5,833.0,835.55,49783,EQ,7066.0,7.05,23954.0
2025-12-02,836.95,838.55,823.2,831.2,35248,EQ,6917.0,5.1,16214.0
2025-12-03,835.0,843.15,822.2,828.8,38624,EQ,4579.0,8.44,14588.0
2025-12-04,821.0,835.0,810.0,818.55,63044,EQ,8325.0,7.57,29315.0
2025-12-05,816.25,816.4,788.5,797.9,111882,EQ,18010.0,6.21,42539.0
2025-12-08,795.0,803.2,778.1,782.3,80446,EQ,10619.0,7.58,45238.0
2025-12-09,782.5,792.5,762.15,785.1,68936,EQ,9322.0,7.39,30346.0
2025-12-10,785.1,794.35,775.0,777.2,43216,EQ,6549.0,6.6,18632.0
2025-12-11,773.65,803.75,769.95,794.7,108351,EQ,12804.0,8.46,64834.0
2025-12-12,796.05,801.3,790.0,795.05,30659,EQ,4197.0,7.3,14705.0
2025-12-15,794.55,833.45,788.85,818.1,83200,EQ,13131.0,6.34,26270.0
2025-12-16,818.8,824.65,796.0,817.5,855573,EQ,13573.0,63.03,753397.0
2025-12-17,819.45,829.9,799.9,816.55,98137,EQ,12115.0,8.1,37594.0
2025-12-18,809.65,824.4,803.5,816.7,38422,EQ,8286.0,4.64,14886.0
2025-12-19,821.4,833.0,798.95,827.3,95596,EQ,12185.0,7.85,43169.0
2025-12-22,836.0,836.0,818.0,821.1,45467,EQ,5268.0,8.63,23920.0
2025-12-23,825.0,825.2,805.1,808.5,61356,EQ,8683.0,7.07,31970.0
2025-12-24,806.0,818.2,797.6,810.6,95995,EQ,7388.0,12.99,55827.0
2025-12-26,808.0,808.0,791.75,795.6,38668,EQ,5949.0,6.5,20512.0
2025-12-29,792.0,808.35,790.1,803.75,47513,EQ,6360.0,7.47,28372.0
2025-12-30,803.0,809.85,797.55,803.2,24938,EQ,5039.0,4.95,14565.0
2025-12-31,800.1,812.5,798.95,805.45,32484,EQ,4504.0,7.21,14084.0
2026-01-01,805.45,811.05,798.2,800.6,25813,EQ,2485.0,10.39,14323.0
2026-01-02,800.0,850.4,798.55,826.85,110000,EQ,13375.0,8.22,47300.0
2026-01-05,833.0,833.45,796.45,811.6,100609,EQ,9233.0,10.9,51662.0
2026-01-06,812.45,820.45,808.5,812.6,22847,EQ,4479.0,5.1,10254.0
2026-01-07,812.0,820.0,806.45,810.5,19712,EQ,5018.0,3.93,11927.0
2026-01-08,807.95,809.95,709.05,746.3,395181,EQ,38659.0,10.22,194667.0
2026-01-09,749.2,766.2,736.7,754.95,119833,EQ,18142.0,6.61,55836.0
2026-01-12,741.0,754.95,727.6,746.35,81991,EQ,12973.0,6.32,34341.0
2026-01-13,742.5,759.25,735.2,750.2,314811,EQ,12142.0,25.93,269459.0
2026-01-14,741.5,747.5,722.55,727.7,47295,EQ,6998.0,6.76,24611.0
2026-01-16,723.0,740.4,722.05,733.0,44860,EQ,5604.0,8.0,25713.0
2026-01-19,725.05,730.5,712.75,725.55,48139,EQ,6979.0,6.9,25845.0
2026-01-20,720.4,731.85,699.5,701.25,71924,EQ,8137.0,8.84,38486.0
2026-01-21,692.5,726.55,688.15,723.7,94864,EQ,12638.0,7.51,46091.0
2026-01-22,730.9,740.95,717.5,720.25,28458,EQ,4268.0,6.67,11902.0
2026-01-23,717.75,717.8,685.05,694.8,30086,EQ,3694.0,8.14,15828.0
2026-01-27,698.05,706.0,677.5,683.15,105602,EQ,13006.0,8.12,67346.0
2026-01-28,686.75,742.5,686.75,738.5,141142,EQ,15403.0,9.16,46907.0
2026-01-29,742.2,753.25,722.55,734.45,57566,EQ,8557.0,6.73,26983.0
2026-01-30,735.0,789.45,730.0,778.75,137230,EQ,19088.0,7.19,65905.0
2026-02-01,795.75,827.65,761.45,800.45,87101,EQ,11724.0,7.43,30990.0
2026-02-02,801.5,805.5,776.05,800.05,44342,EQ,10689.0,4.15,21356.0
2026-02-03,960.05,960.05,869.55,886.05,747798,EQ,56296.0,13.28,315227.0
2026-02-04,897.35,963.0,891.2,958.7,506315,EQ,47405.0,10.68,160108.0
2026-02-05,985.0,985.05,934.0,938.9,118885,EQ,15577.0,7.63,41230.0
2026-02-06,929.5,930.5,906.05,917.4,55860,EQ,6870.0,8.13,24455.0
2026-02-09,913.85,922.1,876.05,898.2,191469,EQ,24436.0,7.84,96789.0
2026-02-10,888.0,899.0,801.5,807.15,302783,EQ,25870.0,11.7,121361.0
2026-02-11,810.0,815.0,749.05,759.9,365063,EQ,30284.0,12.05,142747.0
2026-02-12,757.5,807.55,757.5,794.95,222761,EQ,20414.0,10.91,66749.0
2026-02-13,797.5,832.95,777.0,793.05,165366,EQ,18096.0,9.14,42505.0
2026-02-16,796.5,809.75,772.05,790.6,111500,EQ,17172.0,6.49,40618.0
2026-02-17,786.6,832.0,785.05,808.35,123101,EQ,15766.0,7.81,36774.0
2026-02-18,810.95,820.95,795.0,798.1,46628,EQ,6786.0,6.87,17568.0
2026-02-19,798.05,807.05,770.0,777.8,50940,EQ,6728.0,7.57,21103.0
2026-02-20,776.6,793.1,767.3,775.0,64445,EQ,6948.0,9.28,26484.0
2026-02-23,790.5,804.45,769.25,792.75,203011,EQ,9809.0,20.7,137228.0
2026-02-24,787.5,788.8,759.5,773.2,70733,EQ,9389.0,7.53,32489.0
2026-02-25,774.95,786.5,760.8,769.6,70508,EQ,8553.0,8.24,37113.0
2026-02-26,769.65,784.0,769.65,776.65,23177,EQ,5179.0,4.48,11162.0
2026-02-27,775.3,781.1,763.8,769.4,34873,EQ,5442.0,6.41,18178.0
2026-03-02,731.8,760.0,731.4,747.45,97274,EQ,10189.0,9.55,59961.0
2026-03-04,737.5,777.45,729.05,774.45,84375,EQ,14246.0,5.92,32831.0
2026-03-05,773.3,785.45,771.8,780.0,33618,EQ,5880.0,5.72,14981.0
2026-03-06,774.5,780.65,752.5,754.95,49913,EQ,5435.0,9.18,32104.0
2026-03-09,737.0,749.45,708.55,732.8,75007,EQ,14567.0,5.15,36221.0
2026-03-10,740.0,760.0,738.05,756.8,23449,EQ,4357.0,5.38,9162.0
2026-03-11,765.0,770.0,740.6,744.25,38182,EQ,5895.0,6.48,15977.0
2026-03-12,740.0,762.5,721.0,757.65,42867,EQ,6824.0,6.28,20050.0
2026-03-13,755.75,761.5,727.65,730.95,36229,EQ,6778.0,5.35,18157.0
2026-03-16,733.9,739.0,719.5,726.3,48204,EQ,13112.0,3.68,22723.0
2026-03-17,725.25,744.9,723.0,736.05,24562,EQ,4293.0,5.72,10356.0
2026-03-18,747.9,788.95,743.0,768.55,97201,EQ,15443.0,6.29,32246.0
2026-03-19,750.5,767.0,730.1,743.75,43020,EQ,7618.0,5.65,20063.0
2026-03-20,744.15,771.8,741.55,744.75,30411,EQ,5257.0,5.78,11202.0
2026-03-23,742.75,742.75,685.75,692.7,60200,EQ,10902.0,5.52,26268.0
2026-03-24,718.55,718.55,686.0,704.3,50748,EQ,7159.0,7.09,19454.0
2026-03-25,712.0,735.0,709.7,720.0,45840,EQ,9624.0,4.76,22805.0
2026-03-27,718.5,718.5,689.5,696.05,42017,EQ,6962.0,6.04,22419.0
2026-03-30,690.0,701.8,675.0,677.0,43320,EQ,7732.0,5.6,19493.0
2026-04-01,690.55,735.0,688.15,726.6,47435,EQ,9217.0,5.15,16824.0
2026-04-02,723.0,749.95,701.5,743.05,24084,EQ,4066.0,5.92,8463.0
2026-04-06,750.05,771.85,733.55,765.5,34053,EQ,6948.0,4.9,13305.0
2026-04-07,765.5,777.0,756.9,763.05,10647,EQ,1957.0,5.44,6033.0
2026-04-08,788.0,788.0,765.9,768.8,31727,EQ,4202.0,7.55,17261.0
2026-04-09,769.75,774.95,751.5,756.4,13903,EQ,2661.0,5.22,8380.0
2026-04-10,760.25,772.95,760.25,767.9,30675,EQ,3130.0,9.8,18559.0
2026-04-13,750.0,778.2,745.65,765.0,33912,EQ,5192.0,6.53,17654.0
2026-04-15,778.25,782.5,769.6,778.05,35504,EQ,5491.0,6.47,21857.0
2026-04-16,782.5,838.5,782.5,809.2,107454,EQ,11833.0,9.08,36480.0
2026-04-17,810.1,827.8,799.05,821.45,55242,EQ,6165.0,8.96,26912.0
2026-04-20,827.45,837.4,810.55,817.75,52770,EQ,5000.0,10.55,24131.0
2026-04-21,814.0,851.75,805.45,807.8,81664,EQ,9122.0,8.95,36250.0
2026-04-22,807.8,818.4,790.6,797.95,40741,EQ,5940.0,6.86,20819.0
2026-04-23,799.4,814.25,788.85,791.35,23388,EQ,3968.0,5.89,9776.0
2026-04-24,791.35,795.05,765.6,771.85,37926,EQ,5952.0,6.37,22181.0
2026-04-27,780.5,788.0,774.3,786.15,13057,EQ,2734.0,4.78,7058.0
2026-04-28,786.15,795.7,774.2,777.85,19200,EQ,2721.0,7.06,9424.0
2026-04-29,782.0,786.5,762.5,766.5,19553,EQ,3392.0,5.76,8812.0
2026-04-30,762.5,774.0,757.5,767.9,19905,EQ,3331.0,5.98,8119.0
2026-05-04,768.6,786.4,767.9,774.35,25571,EQ,3238.0,7.9,15623.0
2026-05-05,772.5,772.5,756.05,767.8,13435,EQ,2329.0,5.77,5085.0
2026-05-06,766.0,785.7,764.1,782.8,18828,EQ,3029.0,6.22,8518.0
2026-05-07,782.8,798.45,777.7,791.9,21647,EQ,3194.0,6.78,9901.0
2026-05-08,785.0,814.0,777.5,802.35,36492,EQ,5700.0,6.4,21979.0
2026-05-11,802.35,802.35,762.95,770.8,32781,EQ,4469.0,7.34,17597.0
2026-05-12,775.0,776.45,740.25,748.95,30871,EQ,4843.0,6.37,17192.0
2026-05-13,744.75,764.8,737.05,746.35,33836,EQ,4785.0,7.07,19006.0
2026-05-14,746.0,775.0,714.0,764.4,56126,EQ,6899.0,8.14,26722.0
2026-05-15,784.0,870.0,784.0,835.8,1917483,EQ,104737.0,18.31,170903.0
2026-05-18,842.5,847.65,793.6,799.7,147399,EQ,17951.0,8.21,49715.0
2026-05-19,797.45,806.1,777.6,802.25,93362,EQ,8967.0,10.41,52078.0
2026-05-20,799.5,818.0,790.35,795.8,72009,EQ,9198.0,7.83,29076.0
2026-05-21,800.5,826.1,795.85,805.4,31752,EQ,6867.0,4.62,12195.0
2026-05-22,800.55,812.5,797.95,810.15,34218,EQ,4624.0,7.4,20933.0
2026-05-25,825.15,825.15,805.0,813.9,34370,EQ,4483.0,7.67,18491.0
2026-05-26,814.05,822.8,805.45,818.9,126804,EQ,4837.0,26.22,18656.0
2026-05-27,818.9,835.0,810.0,811.15,28154,EQ,4448.0,6.33,14224.0
2026-05-29,814.5,832.0,800.0,826.75,80818,EQ,9556.0,8.46,46950.0
2026-06-01,849.25,871.5,805.5,815.4,88735,EQ,12613.0,7.04,31573.0
2026-06-02,807.0,827.5,797.55,822.55,34733,EQ,6924.0,5.02,13321.0
2026-06-03,822.45,823.15,804.0,817.65,22673,EQ,4850.0,4.67,9174.0
2026-06-04,819.95,852.0,819.95,839.35,64434,EQ,7562.0,8.52,29665.0
2026-06-05,842.8,847.4,821.05,832.8,20715,EQ,4168.0,4.97,8807.0
2026-06-08,822.5,827.4,800.95,813.5,55702,EQ,3932.0,14.17,40859.0
2026-06-09,815.85,875.0,815.85,842.75,79548,EQ,10506.0,7.57,39424.0
2026-06-10,842.5,846.8,815.05,820.85,38920,EQ,3649.0,10.67,23739.0
2026-06-11,820.0,820.85,803.25,811.25,22010,EQ,3587.0,6.14,11954.0
2026-06-12,818.0,830.65,807.5,815.45,56288,EQ,6995.0,8.05,39246.0
2026-06-15,823.55,869.15,823.55,847.45,136258,EQ,21490.0,6.34,67744.0
2026-06-16,858.05,858.05,815.5,832.55,61648,EQ,9562.0,6.45,28294.0
2026-06-17,842.0,842.0,825.1,829.85,37001,EQ,7923.0,4.67,17424.0
2026-06-18,842.45,874.5,832.8,871.75,130472,EQ,16019.0,8.14,59519.0
2026-06-19,876.45,916.7,864.75,896.75,191093,EQ,24576.0,7.78,80494.0
2026-06-22,907.5,971.85,899.95,939.3,291234,EQ,29489.0,9.88,127148.0
2026-06-23,946.8,974.95,922.75,943.9,151142,EQ,19320.0,7.82,73122.0
2026-06-24,932.55,1057.85,925.85,1040.5,2614158,EQ,175626.0,14.88,274412.0
2026-06-25,1046.0,1050.0,1021.0,1035.5,297057,EQ,30762.0,9.66,63586.0
2026-06-29,1035.0,1040.2,995.0,1001.85,96493,EQ,14317.0,6.74,48941.0
2026-06-30,1004.8,1024.9,985.55,1007.8,104629,EQ,10500.0,9.96,29721.0
2026-07-01,1019.65,1049.7,1014.0,1044.0,165232,EQ,20177.0,8.19,65595.0
2026-07-02,1050.0,1054.25,1028.0,1037.55,108861,EQ,14031.0,7.76,54209.0
2026-07-03,1050.0,1052.55,1000.5,1008.15,66693,EQ,8532.0,7.82,22981.0
2026-07-06,1008.15,1028.55,979.5,987.9,67002,EQ,9955.0,6.73,26594.0
2026-07-07,990.05,1001.4,972.5,985.35,44589,EQ,5885.0,7.58,15552.0
2026-07-08,980.0,999.65,950.65,975.85,54885,EQ,8720.0,6.29,23043.0
2026-07-09,978.65,1010.65,978.65,989.9,33469,EQ,6243.0,5.36,12706.0
2026-07-10,989.9,1017.0,973.85,999.0,56526,EQ,9679.0,5.84,21065.0
2026-07-13,994.0,1036.65,986.25,1024.7,77948,EQ,12880.0,6.05,26795.0
2026-07-14,1022.5,1023.0,995.2,998.65,33285,EQ,6259.0,5.32,12972.0
2026-07-15,999.35,1025.0,981.5,1019.3,147437,EQ,20441.0,7.21,62057.0
2026-07-16,1024.5,1033.6,1006.5,1024.25,45106,EQ,7178.0,6.28,14745.0
2026-07-17,1024.25,1028.6,997.0,1020.65,74672,EQ,10825.0,6.9,24068.0
2026-07-20,1018.5,1072.1,1006.55,1047.35,196034,EQ,22382.0,8.76,66661.0
2026-07-21,1055.75,1055.75,1015.25,1023.9,62205,EQ,8037.0,7.74,29243.0
2026-07-22,1018.15,1022.45,980.35,1002.25,79891,EQ,11880.0,6.72,33304.0
2026-07-23,992.55,1000.35,960.55,974.9,112402,EQ,14071.0,7.99,62940.0
2026-07-24,968.45,998.9,966.05,987.25,61015,EQ,8726.0,6.99,27802.0
2026-07-27,990.0,1018.35,973.05,1008.3,69227,EQ,9940.0,6.96,32847.0
2026-07-28,1002.55,1013.45,986.0,996.7,173791,EQ,17796.0,9.77,92622.0
2026-07-29,997.4,1035.0,992.9,1030.3,94427,EQ,12510.0,7.55,37116.0
2026-07-30,1033.9,1036.0,1006.55,1014.0,40552,EQ,5040.0,8.05,17916.0
2026-07-31,1016.95,1037.95,1009.2,1032.4,36678,EQ,6960.0,5.27,16250.0
2026-08-03,1033.3,1063.75,1033.3,1051.7,70465,EQ,9531.0,7.39,31647.0
2026-08-04,1054.4,1064.0,1041.55,1061.2,62034,EQ,8874.0,6.99,31487.0
2026-08-05,1065.0,1072.95,1040.0,1052.25,100126,EQ,12248.0,8.17,53926.0
2026-08-06,1075.0,1124.05,1032.55,1110.75,642491,EQ,60530.0,10.61,157481.0
2026-08-07,1117.5,1269.8,1115.5,1232.05,2215967,EQ,171878.0,12.89,230341.0
2026-08-10,1232.35,1255.65,1201.5,1214.45,144312,EQ,16630.0,8.68,45575.0
2026-08-11,1210.0,1237.5,1193.1,1217.45,108038,EQ,12905.0,8.37,39103.0
2026-08-12,1212.55,1242.3,1200.05,1240.2,103039,EQ,12246.0,8.41,50421.0
2026-08-13,1250.0,1250.0,1222.5,1232.45,52612,EQ,10027.0,5.25,24153.0
2026-08-14,1232.3,1247.5,1222.55,1237.3,50702,EQ,6494.0,7.81,26333.0
2026-08-17,1240.0,1240.0,1178.5,1189.0,78069,EQ,13252.0,5.89,35115.0
2026-08-18,1195.0,1195.25,1175.5,1180.4,37637,EQ,8882.0,4.24,18762.0
2026-08-19,1177.0,1217.85,1163.25,1206.85,61775,EQ,8553.0,7.22,30928.0
2026-08-20,1219.0,1227.0,1180.4,1188.8,40967,EQ,6441.0,6.36,15766.0
2026-08-21,1205.0,1215.8,1177.7,1193.05,33126,EQ,5462.0,6.06,10029.0
2026-08-24,1190.0,1205.5,1170.0,1186.1,37236,EQ,7259.0,5.13,14338.0
2026-08-25,1199.5,1199.5,1153.25,1163.35,33049,EQ,5089.0,6.49,15224.0
2026-08-26,1160.0,1172.0,1137.5,1144.8,79082,EQ,11305.0,7.0,40482.0
2026-08-27,1140.0,1157.6,1131.0,1147.4,58387,EQ,7271.0,8.03,25774.0
2026-08-28,1147.4,1166.55,1145.0,1157.15,24478,EQ,4977.0,4.92,9310.0
2026-08-31,1165.0,1247.5,1157.0,1231.9,267169,EQ,36619.0,7.3,100085.0
2026-09-01,1235.0,1241.0,1169.5,1174.0,67346,EQ,10707.0,6.29,32742.0
2026-09-02,1173.0,1197.9,1161.05,1180.8,74186,EQ,9971.0,7.44,35826.0
2026-09-03,1178.65,1182.5,1140.5,1164.5,61694,EQ,9371.0,6.58,26264.0
2026-09-04,1158.35,1164.55,1134.15,1139.15,82043,EQ,13315.0,6.16,45452.0
2026-09-07,1138.5,1149.9,1124.75,1128.6,35644,EQ,7246.0,4.92,18051.0
2026-09-08,1142.5,1194.95,1135.05,1183.4,107491,EQ,15872.0,6.77,42543.0
2026-09-09,1184.55,1194.35,1107.75,1138.95,97199,EQ,13265.0,7.33,39271.0
2026-09-10,1147.55,1212.45,1143.2,1189.2,292926,EQ,37670.0,7.78,106416.0
2026-09-11,1200.8,1224.8,1155.3,1187.7,130774,EQ,17836.0,7.33,49812.0
2026-09-15,1181.1,1192.5,1131.0,1141.4,82391,EQ,11276.0,7.31,40546.0
2026-09-16,1171.6,1237.0,1136.1,1179.9,439780,EQ,46645,9.43,111993
2026-09-17,1180.0,1180.1,1102.0,1143.1,340483,EQ,32938,10.34,129391
2026-09-18,1134.1,1157.2,1122.2,1146.1,101084,EQ,10877,9.29,48201
2026-09-21,1146.1,1153.9,1130.4,1138.4,114831,EQ,11589,9.91,56176
2026-09-22,1139.6,1228.0,1139.5,1194.9,230499,EQ,23755,9.7,64377
2026-09-23,1195.0,1309.8,1190.0,1300.8,767765,EQ,54667,14.04,165848
2026-09-24,1294.9,1328.7,1264.9,1273.6,292394,EQ,25482,11.47,77038
2026-09-25,1281.8,1355.0,1274.8,1329.1,477150,EQ,39201,12.17,103666
