Date,Open,High,Low,Close,Volume,Series,TOTAL_TRADES,QTY_PER_TRADE,DLV_QTY
2007-11-16,35.0,35.5,27.5,31.55,6406,EQ,,,
2007-11-19,31.8,35.0,31.3,31.4,4167,EQ,,,
2007-11-20,31.3,31.8,30.7,30.9,3471,EQ,,,
2007-11-21,30.8,30.8,29.1,29.25,2786,EQ,,,
2007-11-22,29.1,29.5,28.9,29.15,3241,EQ,,,
2007-11-23,29.5,29.6,29.2,29.4,8788,EQ,,,
2007-11-26,30.1,30.1,29.85,29.85,30,EQ,,,
2007-11-27,29.9,30.0,29.8,29.9,9386,EQ,,,
2007-11-28,30.1,30.1,29.9,29.9,92,EQ,,,
2007-11-29,30.1,30.1,29.9,29.9,380,EQ,,,
2007-11-30,30.3,30.45,30.3,30.4,4950,EQ,,,
2007-12-03,30.5,30.8,30.5,30.8,7545,EQ,,,
2007-12-04,30.7,31.2,30.7,31.2,1016,EQ,,,
2007-12-05,31.1,31.3,31.0,31.2,7215,EQ,,,
2007-12-06,31.5,32.0,31.5,31.55,4816,EQ,,,
2007-12-07,31.6,32.0,31.1,31.6,2309,EQ,,,
2007-12-10,31.8,32.0,31.8,31.85,3380,EQ,,,
2007-12-11,31.9,32.7,31.9,32.45,9680,EQ,,,
2007-12-12,32.45,32.7,32.0,32.2,2903,EQ,,,
2007-12-13,32.9,32.9,32.0,32.4,2930,EQ,,,
2007-12-14,31.5,32.4,31.5,32.05,2020,EQ,,,
2007-12-17,32.2,32.2,31.1,31.1,2145,EQ,,,
2007-12-18,31.0,31.1,30.9,30.9,13343,EQ,,,
2007-12-19,31.4,31.4,31.2,31.35,716,EQ,,,
2007-12-20,30.8,31.0,30.7,30.7,2735,EQ,,,
2007-12-24,30.9,31.0,30.7,30.7,1295,EQ,,,
2007-12-26,31.2,31.5,31.1,31.1,8430,EQ,,,
2007-12-27,31.75,32.0,31.1,31.5,6803,EQ,,,
2007-12-28,31.9,32.0,31.7,31.85,1636,EQ,,,
2007-12-31,32.3,32.5,32.3,32.3,4011,EQ,,,
2008-01-01,32.4,32.7,32.3,32.65,355,EQ,,,
2008-01-02,33.0,33.9,32.65,33.5,8204,EQ,,,
2008-01-03,34.3,34.35,34.0,34.0,2174,EQ,,,
2008-01-04,34.0,34.3,34.0,34.05,230,EQ,,,
2008-01-07,33.65,33.75,33.6,33.6,1844,EQ,,,
2008-01-08,34.1,34.2,33.0,33.1,2995,EQ,,,
2008-01-09,33.5,34.0,33.4,34.0,2426,EQ,,,
2008-01-10,33.8,33.8,33.6,33.6,2217,EQ,,,
2008-01-11,33.1,33.15,33.0,33.0,525,EQ,,,
2008-01-14,33.9,33.9,33.3,33.3,305,EQ,,,
2008-01-15,34.0,34.0,33.9,33.9,416,EQ,,,
2008-01-16,33.1,33.1,32.9,33.0,580,EQ,,,
2008-01-17,33.6,33.65,33.1,33.1,260,EQ,,,
2008-01-18,33.0,33.0,32.0,32.6,1300,EQ,,,
2008-01-21,30.2,32.7,30.0,32.35,310,EQ,,,
2008-01-22,32.7,32.7,26.0,26.0,77,EQ,,,
2008-01-23,29.7,30.3,29.7,30.2,495,EQ,,,
2008-01-24,32.0,32.0,30.0,30.0,920,EQ,,,
2008-01-25,31.2,31.7,31.2,31.7,72,EQ,,,
2008-01-28,30.2,31.5,30.2,31.5,1525,EQ,,,
2008-01-29,31.8,31.8,31.1,31.1,174,EQ,,,
2008-01-30,31.1,31.1,31.1,31.1,3,EQ,,,
2008-01-31,30.0,30.5,30.0,30.0,210,EQ,,,
2008-02-01,30.0,30.9,30.0,30.9,103,EQ,,,
2008-02-04,30.5,31.2,30.4,31.2,2280,EQ,,,
2008-02-05,31.6,31.6,31.5,31.5,31,EQ,,,
2008-02-06,30.6,30.6,30.6,30.6,100,EQ,,,
2008-02-07,28.2,30.7,28.0,30.7,163,EQ,,,
2008-02-08,30.1,30.1,30.0,30.0,75,EQ,,,
2008-02-11,29.6,29.8,28.5,29.8,242,EQ,,,
2008-02-12,29.2,29.2,29.0,29.0,120,EQ,,,
2008-02-13,28.5,28.8,28.5,28.8,3050,EQ,,,
2008-02-14,34.0,34.0,26.5,29.8,4392,EQ,,,
2008-02-15,35.7,35.7,29.4,30.2,4454,EQ,,,
2008-02-18,30.8,31.2,30.5,31.0,3515,EQ,,,
2008-02-19,31.4,31.4,30.0,30.2,366,EQ,,,
2008-02-20,30.1,30.5,30.1,30.1,1028,EQ,,,
2008-02-21,30.4,30.4,29.2,29.2,142,EQ,,,
2008-02-22,29.0,29.0,29.0,29.0,90,EQ,,,
2008-02-25,29.3,29.3,28.4,28.9,175,EQ,,,
2008-02-26,29.5,29.5,29.5,29.5,250,EQ,,,
2008-02-27,24.6,34.8,24.6,28.65,2608,EQ,,,
2008-02-28,33.8,33.8,27.55,28.0,950,EQ,,,
2008-02-29,28.4,29.5,28.0,28.1,378,EQ,,,
2008-03-03,27.0,28.0,26.1,27.55,1040,EQ,,,
2008-03-04,27.1,27.1,26.2,26.2,848,EQ,,,
2008-03-05,26.0,26.0,25.1,25.6,192,EQ,,,
2008-03-07,24.5,24.6,24.1,24.6,1014,EQ,,,
2008-03-10,21.0,24.8,21.0,24.8,2366,EQ,,,
2008-03-11,29.0,29.0,24.9,25.6,132,EQ,,,
2008-03-12,28.8,28.8,21.4,25.6,583,EQ,,,
2008-03-14,25.6,28.4,23.5,23.8,2517,EQ,,,
2008-03-17,22.7,22.9,21.0,21.8,380,EQ,,,
2008-03-18,22.5,22.5,21.9,21.9,235,EQ,,,
2008-03-19,22.9,22.9,22.2,22.2,7424,EQ,,,
2008-03-24,22.1,22.3,21.9,22.3,216,EQ,,,
2008-03-25,18.5,23.5,18.5,23.5,802,EQ,,,
2008-03-26,24.0,24.0,23.5,23.5,155,EQ,,,
2008-03-27,23.3,23.3,23.3,23.3,30,EQ,,,
2008-03-31,22.9,22.9,22.7,22.7,25,EQ,,,
2008-04-02,23.3,23.3,23.3,23.3,50,EQ,,,
2008-04-03,23.0,23.0,23.0,23.0,2,EQ,,,
2008-04-04,22.9,22.9,22.5,22.5,55,EQ,,,
2008-04-07,22.5,22.6,22.5,22.6,174,EQ,,,
2008-04-08,23.1,23.5,23.1,23.2,130,EQ,,,
2008-04-09,23.3,23.3,23.3,23.3,25,EQ,,,
2008-04-10,23.7,23.7,23.7,23.7,20,EQ,,,
2008-04-11,23.4,23.4,23.2,23.2,14,EQ,,,
2008-04-15,23.2,23.2,23.2,23.2,10,EQ,,,
2008-04-16,23.9,23.9,23.8,23.8,26,EQ,,,
2008-04-17,23.9,24.3,23.8,24.3,410,EQ,,,
2008-04-21,24.3,24.3,24.2,24.2,20,EQ,,,
2008-04-22,24.7,24.8,24.5,24.6,710,EQ,,,
2008-04-23,24.3,24.3,24.3,24.3,25,EQ,,,
2008-04-24,24.4,24.4,24.4,24.4,100,EQ,,,
2008-04-25,24.3,24.6,24.3,24.6,170,EQ,,,
2008-04-28,24.7,24.7,24.7,24.7,10,EQ,,,
2008-04-29,25.1,25.2,25.1,25.2,19,EQ,,,
2008-04-30,25.5,25.5,25.3,25.3,300,EQ,,,
2008-05-02,25.7,25.8,25.6,25.6,255,EQ,,,
2008-05-05,25.6,25.7,25.5,25.65,301,EQ,,,
2008-05-07,25.1,25.1,25.1,25.1,9,EQ,,,
2008-05-08,25.0,25.0,25.0,25.0,50,EQ,,,
2008-05-09,24.8,24.8,24.5,24.5,42,EQ,,,
2008-05-12,24.0,24.0,23.7,23.75,110,EQ,,,
2008-05-14,23.9,23.9,23.9,23.9,25,EQ,,,
2008-05-15,24.05,24.05,24.0,24.0,30,EQ,,,
2008-05-16,25.0,25.0,25.0,25.0,25,EQ,,,
2008-05-20,24.6,24.6,24.6,24.6,8,EQ,,,
2008-05-21,24.0,24.0,24.0,24.0,100,EQ,,,
2008-05-22,23.6,23.8,23.6,23.65,39,EQ,,,
2008-05-23,23.3,23.3,23.2,23.2,31,EQ,,,
2008-05-26,25.0,25.0,22.6,22.6,120,EQ,,,
2008-05-27,22.7,22.7,22.6,22.6,24,EQ,,,
2008-05-28,22.5,22.5,21.4,21.5,407,EQ,,,
2008-05-29,22.2,22.2,21.6,21.6,100,EQ,,,
2008-06-02,21.55,21.55,20.95,20.95,55,EQ,,,
2008-06-03,20.55,20.6,17.6,20.6,370,EQ,,,
2008-06-04,20.65,20.65,19.9,20.4,210,EQ,,,
2008-06-05,20.1,20.2,19.7,20.1,231,EQ,,,
2008-06-06,19.8,19.95,19.75,19.8,90141,EQ,,,
2008-06-09,19.0,19.15,18.9,19.05,85,EQ,,,
2008-06-10,18.7,19.0,18.7,18.7,43,EQ,,,
2008-06-11,19.45,19.45,19.15,19.15,149,EQ,,,
2008-06-12,18.5,19.75,18.5,19.75,77,EQ,,,
2008-06-13,19.55,19.55,19.55,19.55,10,EQ,,,
2008-06-16,20.0,20.0,15.8,19.8,46,EQ,,,
2008-06-17,20.45,20.5,20.45,20.5,70,EQ,,,
2008-06-18,20.5,20.6,20.4,20.4,26,EQ,,,
2008-06-19,20.1,20.1,19.45,19.45,186,EQ,,,
2008-06-20,19.75,19.75,18.55,18.8,200,EQ,,,
2008-06-23,18.4,22.1,18.1,18.1,187,EQ,,,
2008-06-24,18.35,18.5,17.8,18.45,174,EQ,,,
2008-06-25,17.3,17.7,17.3,17.4,7,EQ,,,
2008-06-26,18.05,18.05,17.7,17.75,133,EQ,,,
2008-06-27,17.2,17.5,17.0,17.45,464,EQ,,,
2008-06-30,17.0,17.2,17.0,17.05,99,EQ,,,
2008-07-01,16.5,16.5,16.25,16.25,40,EQ,,,
2008-07-02,15.6,16.6,15.3,16.55,35,EQ,,,
2008-07-03,16.0,16.1,16.0,16.1,2,EQ,,,
2008-07-04,16.1,16.5,16.0,16.5,6,EQ,,,
2008-07-07,17.0,17.0,17.0,17.0,5,EQ,,,
2008-07-08,16.2,16.9,15.8,16.9,15,EQ,,,
2008-07-09,18.0,20.25,17.8,18.0,178,EQ,,,
2008-07-11,17.85,17.95,17.75,17.8,4,EQ,,,
2008-07-14,17.8,17.8,16.1,17.05,204,EQ,,,
2008-07-17,17.2,17.2,17.0,17.2,76,EQ,,,
2008-07-21,19.15,19.15,19.0,19.0,6,EQ,,,
2008-07-22,19.4,19.6,19.4,19.6,36,EQ,,,
2008-07-23,21.2,21.4,20.6,21.2,194,EQ,,,
2008-07-24,21.3,21.4,20.9,21.1,216,EQ,,,
2008-07-25,20.2,21.0,19.1,21.0,54,EQ,,,
2008-07-28,21.05,21.05,20.4,20.4,52,EQ,,,
2008-07-29,20.0,20.25,19.35,19.35,63,EQ,,,
2008-07-30,19.35,20.0,19.35,20.0,73,EQ,,,
2008-08-01,21.2,21.2,21.2,21.2,1,EQ,,,
2008-08-04,21.5,21.5,21.0,21.3,201,EQ,,,
2008-08-05,21.4,22.2,20.4,22.2,158,EQ,,,
2008-08-06,22.9,26.6,22.8,23.0,560,EQ,,,
2008-08-07,22.0,24.5,20.8,22.0,266,EQ,,,
2008-08-08,21.9,21.9,21.3,21.3,161,EQ,,,
2008-08-11,22.6,23.0,22.0,23.0,332,EQ,,,
2008-08-12,23.0,23.2,21.1,22.0,2741,EQ,,,
2008-08-13,22.1,22.15,22.1,22.15,25,EQ,,,
2008-08-14,21.8,21.85,21.0,21.25,48,EQ,,,
2008-08-18,20.7,22.9,20.45,20.6,242,EQ,,,
2008-08-19,20.6,20.6,20.6,20.6,10,EQ,,,
2008-08-20,20.6,20.9,19.0,20.9,168,EQ,,,
2008-08-21,20.5,20.5,19.6,19.9,48,EQ,,,
2008-08-22,19.5,23.8,19.2,19.45,226,EQ,,,
2008-08-25,20.0,20.4,20.0,20.4,57,EQ,,,
2008-08-26,19.95,19.95,19.95,19.95,11,EQ,,,
2008-08-27,20.2,20.2,19.7,19.7,105,EQ,,,
2008-08-28,19.9,19.9,18.3,19.6,120,EQ,,,
2008-08-29,20.2,20.8,20.0,20.5,222,EQ,,,
2008-09-01,20.9,20.9,20.9,20.9,10,EQ,,,
2008-09-02,21.0,22.1,21.0,22.1,327,EQ,,,
2008-09-04,22.5,22.5,22.0,22.2,36,EQ,,,
2008-09-05,20.15,22.3,20.15,22.15,314,EQ,,,
2008-09-08,22.7,23.1,22.6,22.7,296,EQ,,,
2008-09-09,22.4,22.5,22.2,22.5,54,EQ,,,
2008-09-10,21.8,22.6,21.8,22.6,73,EQ,,,
2008-09-11,22.5,22.5,22.1,22.1,205,EQ,,,
2008-09-12,22.25,22.25,22.0,22.2,242,EQ,,,
2008-09-15,22.2,22.2,20.8,21.1,119,EQ,,,
2008-09-16,20.7,21.8,20.7,21.8,855,EQ,,,
2008-09-17,22.4,22.4,22.4,22.4,10,EQ,,,
2008-09-18,21.0,22.7,21.0,22.15,308,EQ,,,
2008-09-19,20.1,23.1,20.05,22.9,1180,EQ,,,
2008-09-22,20.7,22.8,20.7,22.8,214,EQ,,,
2008-09-23,22.05,22.05,21.7,21.7,105,EQ,,,
2008-09-24,22.1,22.1,21.4,21.7,550,EQ,,,
2008-09-25,22.05,22.05,21.65,21.65,13,EQ,,,
2008-09-26,21.3,21.6,21.2,21.6,205,EQ,,,
2008-09-29,20.6,20.6,19.9,20.0,457,EQ,,,
2008-09-30,19.7,19.7,19.7,19.7,10,EQ,,,
2008-10-01,20.9,21.3,20.6,21.0,145,EQ,,,
2008-10-03,21.5,21.5,21.45,21.45,103,EQ,,,
2008-10-06,21.0,21.0,20.5,20.5,56,EQ,,,
2008-10-07,21.1,21.1,20.7,20.8,33,EQ,,,
2008-10-08,20.0,20.0,19.5,19.85,256,EQ,,,
2008-10-10,18.4,19.8,18.2,19.8,224,EQ,,,
2008-10-13,20.8,21.3,20.8,21.3,135,EQ,,,
2008-10-14,22.2,22.2,21.5,22.2,141,EQ,,,
2008-10-15,21.2,21.2,21.2,21.2,15,EQ,,,
2008-10-16,20.6,22.0,19.3,21.5,89,EQ,,,
2008-10-17,21.7,22.2,21.7,22.2,257,EQ,,,
2008-10-20,20.9,21.4,19.3,21.4,31,EQ,,,
2008-10-21,21.4,21.4,21.0,21.25,1051,EQ,,,
2008-10-22,20.9,21.05,20.6,20.75,538,EQ,,,
2008-10-23,19.75,19.8,18.0,19.8,1209,EQ,,,
2008-10-24,18.3,19.5,17.4,17.7,222,EQ,,,
2008-10-27,17.0,17.0,15.5,15.5,153,EQ,,,
2008-10-29,16.65,16.65,16.65,16.65,1,EQ,,,
2008-10-31,17.0,19.95,13.55,16.5,78,EQ,,,
2008-11-03,17.9,17.9,17.9,17.9,1,EQ,,,
2008-11-04,18.0,19.6,18.0,19.6,3,EQ,,,
2008-11-05,19.85,19.85,19.5,19.6,25,EQ,,,
2008-11-06,18.7,19.9,18.7,18.8,43,EQ,,,
2008-11-07,18.6,18.6,18.5,18.5,597,EQ,,,
2008-11-10,19.1,19.55,18.4,19.5,386,EQ,,,
2008-11-11,19.5,20.0,19.1,19.8,81,EQ,,,
2008-11-12,18.9,18.95,18.4,18.4,95,EQ,,,
2008-11-14,19.1,19.9,15.3,18.6,521,EQ,,,
2008-11-17,18.5,18.5,17.9,17.9,72,EQ,,,
2008-11-18,17.7,17.7,17.5,17.5,2,EQ,,,
2008-11-20,16.7,16.7,16.5,16.7,101,EQ,,,
2008-11-21,16.8,16.8,16.8,16.8,10,EQ,,,
2008-11-24,17.8,17.8,17.0,17.75,71,EQ,,,
2008-11-25,17.8,17.8,17.8,17.8,5,EQ,,,
2008-11-26,17.0,17.0,16.0,16.8,105,EQ,,,
2008-12-01,17.0,17.1,16.6,16.6,38,EQ,,,
2008-12-02,16.2,16.2,16.0,16.0,125,EQ,,,
2008-12-03,16.15,16.7,16.0,16.0,143,EQ,,,
2008-12-04,17.2,18.3,16.0,18.05,22,EQ,,,
2008-12-05,17.85,18.0,16.35,17.2,211,EQ,,,
2008-12-08,17.8,17.8,17.6,17.8,23,EQ,,,
2008-12-10,17.6,17.6,17.6,17.6,100,EQ,,,
2008-12-11,17.9,17.9,17.9,17.9,2,EQ,,,
2008-12-15,18.4,18.4,18.3,18.3,3,EQ,,,
2008-12-16,18.2,18.6,16.55,18.6,242,EQ,,,
2008-12-17,18.4,18.4,18.2,18.2,3,EQ,,,
2008-12-18,19.0,19.1,19.0,19.1,12,EQ,,,
2008-12-19,19.2,19.2,19.2,19.2,2,EQ,,,
2008-12-22,19.9,20.0,17.6,20.0,82,EQ,,,
2008-12-23,19.25,19.25,18.1,18.2,29,EQ,,,
2008-12-24,18.85,19.5,18.8,19.5,6,EQ,,,
2008-12-29,19.5,19.5,18.95,19.0,214,EQ,,,
2008-12-30,19.2,19.55,18.7,19.55,29,EQ,,,
2008-12-31,19.6,19.9,18.55,19.75,205,EQ,,,
2009-01-01,23.0,23.0,19.4,20.0,352,EQ,,,
2009-01-02,20.0,20.5,19.6,20.0,122,EQ,,,
2009-01-05,20.2,20.8,19.8,20.6,179,EQ,,,
2009-01-06,20.65,20.7,19.9,19.9,43,EQ,,,
2009-01-07,20.1,20.1,19.8,19.8,14,EQ,,,
2009-01-12,20.8,20.8,17.5,20.8,6,EQ,,,
2009-01-13,16.85,18.3,16.85,17.5,86,EQ,,,
2009-01-14,18.6,18.6,18.6,18.6,30,EQ,,,
2009-01-15,17.5,17.5,16.5,16.8,153,EQ,,,
2009-01-16,18.0,18.0,18.0,18.0,6,EQ,,,
2009-01-19,17.5,17.5,17.5,17.5,100,EQ,,,
2009-01-22,20.0,21.0,17.1,17.8,94,EQ,,,
2009-01-27,15.4,16.5,15.4,16.5,20,EQ,,,
2009-01-30,16.8,16.9,16.7,16.9,30,EQ,,,
2009-02-02,17.0,17.0,17.0,17.0,2,EQ,,,
2009-02-04,17.1,17.1,16.8,16.8,9,EQ,,,
2009-02-05,16.9,16.9,16.6,16.6,14,EQ,,,
2009-02-06,16.7,16.7,16.7,16.7,5,EQ,,,
2009-02-11,17.4,17.4,17.4,17.4,20,EQ,,,
2009-02-13,17.2,17.2,17.2,17.2,20,EQ,,,
2009-02-16,17.3,17.4,17.3,17.4,200,EQ,,,
2009-02-18,16.0,16.05,15.8,15.8,127,EQ,,,
2009-02-19,16.2,16.2,15.8,15.8,72,EQ,,,
2009-02-20,15.8,15.85,15.5,15.85,255,EQ,,,
2009-02-24,15.4,15.5,15.0,15.5,108,EQ,,,
2009-02-25,15.6,15.6,15.3,15.3,23,EQ,,,
2009-02-26,15.45,15.45,15.45,15.45,1,EQ,,,
2009-03-02,14.6,14.6,14.6,14.6,15,EQ,,,
2009-03-03,14.6,14.8,14.6,14.8,21,EQ,,,
2009-03-04,14.7,14.7,14.7,14.7,5,EQ,,,
2009-03-05,14.2,14.2,13.6,13.6,70,EQ,,,
2009-03-09,13.6,13.6,13.6,13.6,100,EQ,,,
2009-03-12,13.6,13.6,13.6,13.6,50,EQ,,,
2009-03-13,13.7,14.0,13.5,13.5,134,EQ,,,
2009-03-16,14.25,14.25,14.0,14.0,492,EQ,,,
2009-03-19,14.0,14.0,14.0,14.0,5,EQ,,,
2009-03-20,14.5,14.5,12.85,14.5,155,EQ,,,
2009-03-23,14.4,17.35,13.9,14.85,324,EQ,,,
2009-03-24,15.2,15.6,15.2,15.55,57,EQ,,,
2009-03-25,15.6,15.6,14.25,15.1,90,EQ,,,
2009-03-26,15.8,15.8,15.6,15.75,59,EQ,,,
2009-03-27,15.85,15.85,15.85,15.85,5,EQ,,,
2009-03-30,16.5,18.9,16.15,16.7,288,EQ,,,
2009-03-31,15.4,15.65,15.4,15.65,135,EQ,,,
2009-04-01,15.3,15.3,15.0,15.0,50,EQ,,,
2009-04-02,16.4,17.0,15.9,16.15,76,EQ,,,
2009-04-06,15.0,17.6,15.0,16.6,71,EQ,,,
2009-04-08,16.6,16.6,16.3,16.5,78,EQ,,,
2009-04-09,16.9,17.0,16.5,16.6,555,EQ,,,
2009-04-13,17.4,17.4,16.5,17.3,46,EQ,,,
2009-04-15,18.0,19.6,17.4,18.45,651,EQ,,,
2009-04-16,19.3,19.3,18.7,19.0,35,EQ,,,
2009-04-17,19.0,19.9,19.0,19.5,116,EQ,,,
2009-04-20,19.9,20.5,19.0,19.0,180,EQ,,,
2009-04-21,18.8,18.8,18.8,18.8,50,EQ,,,
2009-04-22,18.6,18.6,18.6,18.6,63,EQ,,,
2009-04-23,18.6,18.6,18.6,18.6,56,EQ,,,
2009-04-24,19.4,22.1,19.4,22.1,8,EQ,,,
2009-04-27,20.0,20.0,18.5,19.2,2756,EQ,,,
2009-04-28,19.7,22.5,18.5,19.0,1373,EQ,,,
2009-04-29,19.1,19.1,18.7,18.95,295,EQ,,,
2009-05-04,20.0,20.0,19.4,19.4,625,EQ,,,
2009-05-05,19.7,20.1,19.4,19.75,243,EQ,,,
2009-05-06,17.15,20.0,17.15,19.5,157,EQ,,,
2009-05-07,20.0,20.0,19.5,19.5,88,EQ,,,
2009-05-08,20.1,20.1,19.4,19.4,138,EQ,,,
2009-05-11,19.6,19.6,18.8,19.05,107,EQ,,,
2009-05-13,19.8,19.8,19.5,19.8,60,EQ,,,
2009-05-14,19.4,19.8,19.4,19.8,125,EQ,,,
2009-05-15,19.8,19.95,19.5,19.85,317,EQ,,,
2009-05-19,23.7,23.8,20.6,23.5,530,EQ,,,
2009-05-20,20.5,27.5,20.5,26.7,372,EQ,,,
2009-05-21,26.2,26.2,26.0,26.1,51,EQ,,,
2009-05-22,25.3,25.5,25.05,25.5,41,EQ,,,
2009-05-25,26.1,26.1,25.7,26.1,20,EQ,,,
2009-05-26,26.1,26.1,25.8,26.0,46,EQ,,,
2009-05-27,26.0,26.7,26.0,26.7,5375,EQ,,,
2009-05-28,26.45,26.7,26.35,26.45,262,EQ,,,
2009-05-29,26.8,27.2,26.8,27.0,1415,EQ,,,
2009-06-01,23.65,27.8,23.65,27.5,103,EQ,,,
2009-06-02,27.6,27.6,27.0,27.0,196,EQ,,,
2009-06-03,28.0,28.0,27.0,27.0,26820,EQ,,,
2009-06-04,27.5,28.0,27.0,27.6,9306,EQ,,,
2009-06-05,28.0,28.0,27.2,27.2,289,EQ,,,
2009-06-08,27.2,27.2,25.5,25.5,95,EQ,,,
2009-06-09,26.0,26.3,26.0,26.3,3346,EQ,,,
2009-06-10,26.3,27.0,26.25,26.25,573,EQ,,,
2009-06-11,26.0,26.3,24.0,25.65,1147,EQ,,,
2009-06-12,26.3,26.3,24.5,25.4,41,EQ,,,
2009-06-15,25.5,26.3,24.9,26.2,3851,EQ,,,
2009-06-16,25.7,26.3,25.0,25.95,245,EQ,,,
2009-06-17,25.8,25.9,25.6,25.9,425,EQ,,,
2009-06-18,25.6,25.8,25.6,25.8,3039,EQ,,,
2009-06-19,25.9,26.45,25.6,26.0,844,EQ,,,
2009-06-22,26.4,27.0,26.0,26.0,311,EQ,,,
2009-06-23,25.5,26.6,25.5,26.6,3729,EQ,,,
2009-06-24,26.7,27.0,26.7,27.0,101,EQ,,,
2009-06-25,27.0,27.0,26.25,26.25,127,EQ,,,
2009-06-26,26.8,26.8,26.4,26.65,621,EQ,,,
2009-06-29,26.7,27.3,26.7,27.3,94,EQ,,,
2009-06-30,27.2,27.2,27.2,27.2,100,EQ,,,
2009-07-01,27.4,27.4,27.4,27.4,70,EQ,,,
2009-07-02,27.4,27.4,27.0,27.0,16,EQ,,,
2009-07-03,27.2,27.55,26.55,27.5,8017,EQ,,,
2009-07-06,27.8,27.9,25.5,26.1,31403,EQ,,,
2009-07-07,26.5,26.5,25.5,25.5,7945,EQ,,,
2009-07-08,25.5,26.7,24.2,25.3,451,EQ,,,
2009-07-09,25.2,25.2,25.2,25.2,7,EQ,,,
2009-07-10,25.2,25.2,25.2,25.2,30,EQ,,,
2009-07-13,25.2,25.2,24.0,24.5,2676,EQ,,,
2009-07-14,25.0,25.5,25.0,25.0,2013,EQ,,,
2009-07-15,25.7,25.7,25.0,25.5,3,EQ,,,
2009-07-17,25.7,26.9,25.7,26.9,50,EQ,,,
2009-07-20,26.8,27.95,26.5,27.0,7781,EQ,,,
2009-07-21,27.0,27.3,26.5,26.8,171,EQ,,,
2009-07-22,27.45,27.7,27.0,27.3,28458,EQ,,,
2009-07-23,27.4,27.5,27.3,27.45,3685,EQ,,,
2009-07-24,27.2,27.35,27.1,27.2,1720,EQ,,,
2009-07-27,27.3,27.3,26.8,27.3,55,EQ,,,
2009-07-28,27.2,27.3,26.8,27.2,5765,EQ,,,
2009-07-29,26.6,26.6,26.0,26.5,29,EQ,,,
2009-07-30,24.0,26.6,24.0,26.6,180,EQ,,,
2009-07-31,27.2,27.7,24.1,27.55,60360,EQ,,,
2009-08-03,27.6,28.1,27.5,28.05,19357,EQ,,,
2009-08-04,28.0,28.5,27.0,28.4,6664,EQ,,,
2009-08-05,28.0,28.0,28.0,28.0,35,EQ,,,
2009-08-06,28.0,28.0,28.0,28.0,70,EQ,,,
2009-08-07,28.0,28.0,27.0,27.0,88,EQ,,,
2009-08-10,27.0,27.0,26.4,26.5,534,EQ,,,
2009-08-11,26.6,26.8,26.6,26.6,66,EQ,,,
2009-08-12,26.2,26.2,26.2,26.2,5,EQ,,,
2009-08-13,27.1,27.1,27.1,27.1,5,EQ,,,
2009-08-17,27.4,27.4,26.3,26.3,155,EQ,,,
2009-08-18,26.5,26.5,26.5,26.5,1,EQ,,,
2009-08-19,26.5,31.1,25.5,26.0,119,EQ,,,
2009-08-20,26.7,26.8,26.4,26.4,52,EQ,,,
2009-08-21,25.9,25.9,25.9,25.9,4,EQ,,,
2009-08-24,27.25,27.25,27.0,27.0,112,EQ,,,
2009-08-25,27.0,27.0,26.5,27.0,98,EQ,,,
2009-08-26,26.5,26.5,26.5,26.5,4,EQ,,,
2009-08-27,26.7,26.7,26.7,26.7,70,EQ,,,
2009-08-28,27.1,27.2,27.1,27.2,214,EQ,,,
2009-08-31,27.2,27.2,26.8,26.8,43,EQ,,,
2009-09-01,27.3,27.7,26.9,27.4,560,EQ,,,
2009-09-02,26.8,27.4,26.8,27.25,157,EQ,,,
2009-09-03,27.5,27.5,27.5,27.5,59,EQ,,,
2009-09-04,27.1,27.2,27.0,27.0,150,EQ,,,
2009-09-07,27.5,27.65,27.5,27.6,100,EQ,,,
2009-09-08,27.7,28.0,27.7,27.7,185,EQ,,,
2009-09-09,28.4,28.5,27.7,28.5,170,EQ,,,
2009-09-10,28.7,28.9,26.0,28.5,205,EQ,,,
2009-09-11,28.5,28.9,28.5,28.5,26,EQ,,,
2009-09-14,29.0,29.8,28.5,29.8,241,EQ,,,
2009-09-15,29.9,30.8,29.9,30.45,1640,EQ,,,
2009-09-16,30.8,31.8,30.4,31.4,2963,EQ,,,
2009-09-17,31.7,32.3,31.7,31.85,1501,EQ,,,
2009-09-18,31.8,31.9,31.6,31.65,326,EQ,,,
2009-09-22,31.9,32.3,31.9,32.3,94,EQ,,,
2009-09-23,30.1,33.0,30.1,32.0,365,EQ,,,
2009-09-24,31.45,32.3,31.4,32.3,253,EQ,,,
2009-09-25,32.3,32.65,32.3,32.65,4096,EQ,,,
2009-09-29,32.6,32.6,32.0,32.6,285,EQ,,,
2009-09-30,32.8,33.0,32.0,32.65,3755,EQ,,,
2009-10-01,32.8,33.2,32.8,33.2,2162,EQ,,,
2009-10-05,33.2,33.2,32.5,32.5,351,EQ,,,
2009-10-06,32.2,32.5,32.0,32.2,291,EQ,,,
2009-10-07,32.8,33.3,29.15,31.2,493,EQ,,,
2009-10-08,32.5,33.0,32.2,32.5,6676,EQ,,,
2009-10-09,35.5,35.5,32.5,32.5,280,EQ,,,
2009-10-12,33.6,33.8,32.6,33.8,304,EQ,,,
2009-10-14,35.5,35.5,34.0,34.65,502,EQ,,,
2009-10-15,35.0,35.4,35.0,35.4,127,EQ,,,
2009-10-16,35.5,36.7,35.5,36.3,451,EQ,,,
2009-10-17,36.1,37.1,36.1,36.75,57,EQ,,,
2009-10-20,37.4,37.4,37.25,37.25,47,EQ,,,
2009-10-21,36.3,37.0,36.3,36.3,320,EQ,,,
2009-10-22,35.2,36.0,35.0,35.05,328,EQ,,,
2009-10-23,36.5,38.2,35.6,37.3,323,EQ,,,
2009-10-26,37.5,37.5,34.5,34.95,230,EQ,,,
2009-10-27,34.9,35.5,33.3,33.6,444,EQ,,,
2009-10-28,33.6,33.7,32.8,33.55,299,EQ,,,
2009-10-29,33.5,33.7,33.5,33.55,145,EQ,,,
2009-10-30,33.9,34.5,33.3,33.5,152,EQ,,,
2009-11-03,33.0,33.0,30.7,32.45,157,EQ,,,
2009-11-04,32.1,32.7,32.1,32.4,60,EQ,,,
2009-11-05,32.5,33.0,32.0,33.0,339,EQ,,,
2009-11-06,33.45,33.9,33.45,33.5,253,EQ,,,
2009-11-09,34.5,35.5,34.0,35.3,1353,EQ,,,
2009-11-10,35.8,35.8,35.2,35.3,384,EQ,,,
2009-11-11,35.0,36.0,35.0,35.95,288,EQ,,,
2009-11-12,37.2,37.2,34.8,35.0,583,EQ,,,
2009-11-13,41.5,41.5,35.05,35.25,1725,EQ,,,
2009-11-16,35.5,36.0,35.3,35.75,648,EQ,,,
2009-11-17,36.5,37.85,34.5,35.7,386,EQ,,,
2009-11-18,41.0,41.0,35.0,35.8,1659,EQ,,,
2009-11-19,35.2,35.5,35.0,35.0,831,EQ,,,
2009-11-20,35.0,35.0,34.4,34.9,182,EQ,,,
2009-11-23,40.9,41.0,34.2,36.4,644,EQ,,,
2009-11-24,34.3,40.0,34.3,35.6,7617,EQ,,,
2009-11-25,37.4,37.4,35.5,35.5,1004,EQ,,,
2009-11-26,37.0,37.0,35.5,35.5,290,EQ,,,
2009-11-27,36.9,36.9,33.1,34.6,2377,EQ,,,
2009-11-30,35.3,35.3,34.2,34.2,231,EQ,,,
2009-12-01,39.2,39.2,35.0,38.05,3260,EQ,,,
2009-12-02,38.0,38.0,35.7,35.9,2402,EQ,,,
2009-12-03,35.9,36.3,34.15,35.55,3854,EQ,,,
2009-12-04,36.0,36.6,35.5,35.5,171,EQ,,,
2009-12-07,39.8,39.8,35.65,35.7,1063,EQ,,,
2009-12-08,36.0,36.0,35.4,35.7,6557,EQ,,,
2009-12-09,35.9,36.0,35.1,35.5,1850,EQ,,,
2009-12-10,35.2,35.5,35.2,35.3,876,EQ,,,
2009-12-11,36.0,36.0,35.1,35.1,1141,EQ,,,
2009-12-14,35.5,35.5,35.0,35.5,74,EQ,,,
2009-12-15,35.0,35.0,34.0,34.0,75,EQ,,,
2009-12-16,33.7,36.5,33.1,33.5,268,EQ,,,
2009-12-17,35.8,35.8,33.1,33.3,282,EQ,,,
2009-12-18,33.0,34.0,33.0,33.5,1186,EQ,,,
2009-12-21,33.5,35.5,33.0,33.3,334,EQ,,,
2009-12-22,34.0,34.0,33.5,33.5,40,EQ,,,
2009-12-23,34.0,34.0,34.0,34.0,1,EQ,,,
2009-12-24,33.9,34.2,33.8,33.8,195,EQ,,,
2009-12-29,34.45,35.0,34.45,34.7,106,EQ,,,
2009-12-30,34.6,34.6,34.3,34.3,20,EQ,,,
2009-12-31,35.0,35.0,34.3,34.4,41,EQ,,,
2010-01-04,35.0,35.15,34.7,35.15,395,EQ,,,
2010-01-05,35.15,35.4,35.15,35.4,263,EQ,,,
2010-01-06,35.4,35.8,35.4,35.8,423,EQ,,,
2010-01-07,36.0,36.0,35.3,35.6,51,EQ,,,
2010-01-08,35.65,35.65,35.2,35.65,187,EQ,,,
2010-01-11,36.5,36.5,35.3,35.3,60,EQ,,,
2010-01-12,35.3,35.5,33.35,35.15,465,EQ,,,
2010-01-13,34.6,35.5,34.6,34.6,300,EQ,,,
2010-01-14,40.0,40.0,34.0,34.0,896,EQ,,,
2010-01-15,34.5,34.5,33.6,33.6,52095,EQ,,,
2010-01-18,33.9,34.4,33.9,34.4,18114,EQ,,,
2010-01-19,34.4,34.7,34.1,34.7,342,EQ,,,
2010-01-20,34.65,35.0,34.35,35.0,4691,EQ,,,
2010-01-21,34.95,34.95,33.6,34.0,3043,EQ,,,
2010-01-22,33.0,34.15,32.1,33.5,2232,EQ,,,
2010-01-25,33.1,33.5,33.1,33.2,519,EQ,,,
2010-01-27,32.3,32.8,32.0,32.05,1004,EQ,,,
2010-01-28,32.6,32.7,32.0,32.35,1651,EQ,,,
2010-01-29,32.3,32.7,31.7,32.7,10116,EQ,,,
2010-02-01,33.0,33.0,33.0,33.0,200,EQ,,,
2010-02-02,38.3,38.3,32.1,32.1,133,EQ,,,
2010-02-03,32.7,32.7,32.5,32.5,101,EQ,,,
2010-02-04,32.6,32.6,31.9,31.9,13,EQ,,,
2010-02-05,31.9,31.9,30.9,31.1,341,EQ,,,
2010-02-06,31.5,31.5,31.5,31.5,5,EQ,,,
2010-02-08,31.4,31.5,31.0,31.5,129,EQ,,,
2010-02-09,31.5,32.2,31.5,32.2,440,EQ,,,
2010-02-10,32.5,32.5,31.8,31.8,389,EQ,,,
2010-02-11,32.0,32.0,32.0,32.0,1,EQ,,,
2010-02-15,31.9,31.9,31.3,31.5,117,EQ,,,
2010-02-16,31.2,31.5,31.2,31.5,167,EQ,,,
2010-02-17,31.7,32.0,31.6,31.65,110,EQ,,,
2010-02-18,32.0,32.0,31.6,31.6,376,EQ,,,
2010-02-19,31.7,31.7,31.4,31.5,51,EQ,,,
2010-02-22,32.0,32.2,31.5,31.5,104,EQ,,,
2010-02-23,31.8,31.8,31.8,31.8,22,EQ,,,
2010-02-24,31.5,31.8,31.5,31.5,225,EQ,,,
2010-02-25,35.9,35.9,30.3,31.05,405,EQ,,,
2010-02-26,31.7,34.45,31.4,32.5,927,EQ,,,
2010-03-02,33.0,33.0,32.7,32.7,274,EQ,,,
2010-03-03,33.1,33.5,33.0,33.2,171,EQ,,,
2010-03-04,33.6,35.0,33.2,34.1,186,EQ,,,
2010-03-05,33.9,33.9,33.6,33.9,191,EQ,,,
2010-03-08,33.6,34.2,33.6,34.2,187,EQ,,,
2010-03-09,34.0,40.4,33.5,33.5,1858,EQ,,,
2010-03-10,33.5,34.0,33.2,33.2,136,EQ,,,
2010-03-11,33.6,33.6,33.3,33.3,44,EQ,,,
2010-03-12,33.7,33.7,33.7,33.7,1,EQ,,,
2010-03-15,33.0,33.3,32.8,32.9,261,EQ,,,
2010-03-16,32.8,33.0,32.8,32.8,46,EQ,,,
2010-03-17,32.5,32.6,32.5,32.6,200,EQ,,,
2010-03-18,33.2,33.2,32.9,32.9,32,EQ,,,
2010-03-19,34.8,34.8,33.2,33.2,6597,EQ,,,
2010-03-22,33.5,33.6,33.2,33.2,149,EQ,,,
2010-03-23,33.5,33.5,33.1,33.1,123,EQ,,,
2010-03-25,33.1,33.4,33.1,33.2,125,EQ,,,
2010-03-26,33.7,33.7,33.7,33.7,80,EQ,,,
2010-03-29,34.4,34.4,34.2,34.2,75,EQ,,,
2010-03-30,34.4,40.4,34.4,39.55,407,EQ,,,
2010-03-31,47.45,47.45,33.5,34.0,22872,EQ,,,
2010-04-01,34.4,34.7,34.25,34.6,2135,EQ,,,
2010-04-05,34.65,35.5,31.35,35.3,3695,EQ,,,
2010-04-06,35.85,35.85,35.3,35.45,11442,EQ,,,
2010-04-07,35.7,35.9,35.4,35.7,1088,EQ,,,
2010-04-08,35.6,35.6,35.3,35.3,531,EQ,,,
2010-04-09,35.5,35.5,35.0,35.3,87,EQ,,,
2010-04-12,35.3,35.3,34.8,34.9,718,EQ,,,
2010-04-13,34.5,34.7,34.5,34.7,66,EQ,,,
2010-04-15,34.7,34.75,34.5,34.5,85,EQ,,,
2010-04-16,36.0,36.0,34.0,34.3,23,EQ,,,
2010-04-19,34.1,34.1,33.6,34.0,30,EQ,,,
2010-04-20,34.6,35.0,34.6,34.9,368,EQ,,,
2010-04-21,34.9,34.9,34.9,34.9,5,EQ,,,
2010-04-22,35.1,36.3,35.1,35.1,659,EQ,,,
2010-04-23,35.3,36.4,35.3,36.0,668,EQ,,,
2010-04-26,36.9,36.9,36.3,36.3,565,EQ,,,
2010-04-27,36.6,37.5,36.3,36.3,50,EQ,,,
2010-04-28,36.3,36.3,36.0,36.0,174,EQ,,,
2010-04-29,36.3,36.9,36.3,36.4,323,EQ,,,
2010-04-30,36.9,37.5,36.9,37.1,271,EQ,,,
2010-05-03,36.6,37.0,36.6,37.0,81,EQ,,,
2010-05-04,37.2,37.2,36.5,36.5,96,EQ,,,
2010-05-05,36.5,36.5,35.8,36.4,295,EQ,,,
2010-05-06,37.5,37.6,36.5,37.55,101,EQ,,,
2010-05-07,33.85,37.0,33.85,36.8,537,EQ,,,
2010-05-10,36.8,36.9,36.4,36.5,187,EQ,,,
2010-05-11,36.5,36.8,36.5,36.5,216,EQ,,,
2010-05-12,36.5,37.0,36.3,37.0,356,EQ,,,
2010-05-13,37.3,37.6,37.2,37.4,17678,EQ,,,
2010-05-14,39.9,39.9,36.7,36.7,352,EQ,,,
2010-05-17,35.5,35.9,35.1,35.9,127,EQ,,,
2010-05-18,36.5,36.6,36.5,36.5,105,EQ,,,
2010-05-19,36.5,39.9,35.4,36.0,583,EQ,,,
2010-05-20,36.2,36.4,35.8,36.4,306,EQ,,,
2010-05-21,35.7,36.2,35.3,36.2,622,EQ,,,
2010-05-24,36.5,36.6,36.0,36.0,161,EQ,,,
2010-05-25,35.3,35.7,34.7,34.75,156,EQ,,,
2010-05-26,35.1,35.5,35.0,35.0,465,EQ,,,
2010-05-27,34.7,35.7,34.7,35.7,61,EQ,,,
2010-05-28,36.2,36.2,35.8,36.2,129,EQ,,,
2010-05-31,36.0,36.1,36.0,36.1,112,EQ,,,
2010-06-02,36.0,36.1,35.4,36.1,315,EQ,,,
2010-06-03,36.2,36.85,36.2,36.85,58,EQ,,,
2010-06-04,42.9,42.9,36.5,37.2,498,EQ,,,
2010-06-07,36.8,36.8,36.2,36.8,8134,EQ,,,
2010-06-08,37.3,37.6,36.8,37.5,448,EQ,,,
2010-06-09,37.1,37.1,36.6,37.1,40,EQ,,,
2010-06-10,37.2,37.5,36.8,36.9,425,EQ,,,
2010-06-11,37.8,38.4,37.4,37.5,311,EQ,,,
2010-06-14,37.3,37.7,37.2,37.6,199,EQ,,,
2010-06-15,37.7,44.9,37.6,37.75,2412,EQ,,,
2010-06-16,37.8,37.8,37.6,37.8,483,EQ,,,
2010-06-17,42.5,42.5,35.2,39.05,1168,EQ,,,
2010-06-18,38.0,44.5,37.5,39.75,1759,EQ,,,
2010-06-21,39.2,39.3,38.0,39.05,639,EQ,,,
2010-06-22,38.0,39.0,37.7,37.7,471,EQ,,,
2010-06-23,37.9,37.9,37.5,37.5,240,EQ,,,
2010-06-24,38.1,39.8,37.7,37.9,11391,EQ,,,
2010-06-25,38.0,38.0,37.5,37.6,8780,EQ,,,
2010-06-28,37.6,37.6,37.0,37.0,476,EQ,,,
2010-06-29,37.4,37.4,37.0,37.0,1415,EQ,,,
2010-06-30,37.3,37.7,37.1,37.6,160,EQ,,,
2010-07-01,37.4,38.0,37.0,38.0,1149,EQ,,,
2010-07-02,38.0,38.0,37.0,37.55,425,EQ,,,
2010-07-05,37.5,37.5,37.0,37.0,92,EQ,,,
2010-07-06,37.5,37.9,37.5,37.5,227,EQ,,,
2010-07-07,37.9,38.0,37.5,37.5,88,EQ,,,
2010-07-08,38.5,38.5,38.4,38.45,180,EQ,,,
2010-07-09,38.9,38.9,38.5,38.55,978,EQ,,,
2010-07-12,38.8,39.2,38.5,38.75,403,EQ,,,
2010-07-13,39.1,39.1,38.5,39.1,465,EQ,,,
2010-07-14,39.0,39.6,39.0,39.0,514,EQ,,,
2010-07-15,39.4,39.8,39.2,39.2,233,EQ,,,
2010-07-16,39.8,40.0,39.5,39.75,449,EQ,,,
2010-07-19,39.9,40.2,39.6,39.65,270,EQ,,,
2010-07-20,40.0,40.0,34.3,39.5,3905,EQ,,,
2010-07-21,40.2,40.2,39.5,40.1,280,EQ,,,
2010-07-22,40.0,40.0,39.5,40.0,185,EQ,,,
2010-07-23,42.8,42.8,39.5,40.3,245,EQ,,,
2010-07-26,40.2,40.5,40.1,40.1,164,EQ,,,
2010-07-27,39.6,39.6,39.0,39.6,144,EQ,,,
2010-07-28,39.8,40.0,39.5,40.0,198,EQ,,,
2010-07-29,40.0,40.0,39.7,40.0,540,EQ,,,
2010-07-30,41.0,41.0,39.8,40.5,349,EQ,,,
2010-08-02,43.7,43.7,40.8,42.45,603,EQ,,,
2010-08-03,44.5,48.4,42.2,42.45,1191,EQ,,,
2010-08-04,43.0,43.0,41.5,42.0,399,EQ,,,
2010-08-05,42.3,42.3,41.8,42.3,195,EQ,,,
2010-08-06,42.6,42.6,42.2,42.3,244,EQ,,,
2010-08-09,45.9,45.9,42.5,42.95,550,EQ,,,
2010-08-10,40.1,45.0,40.1,42.7,742,EQ,,,
2010-08-11,42.4,42.4,42.0,42.25,247,EQ,,,
2010-08-12,42.0,42.5,42.0,42.35,823,EQ,,,
2010-08-13,37.4,46.5,37.4,45.4,7116,EQ,,,
2010-08-16,46.6,46.6,44.65,45.25,2856,EQ,,,
2010-08-17,45.2,45.6,45.0,45.35,2336,EQ,,,
2010-08-18,45.8,48.0,45.0,45.85,24314,EQ,,,
2010-08-19,43.5,46.0,43.5,45.9,30122,EQ,,,
2010-08-20,47.35,48.0,45.5,46.0,1982,EQ,,,
2010-08-23,45.5,46.4,45.3,45.8,659,EQ,,,
2010-08-24,45.5,45.9,45.5,45.7,246,EQ,,,
2010-08-25,45.7,47.9,43.55,46.05,2054,EQ,,,
2010-08-26,46.1,47.1,45.6,46.3,16643,EQ,,,
2010-08-27,47.0,47.0,45.5,45.5,1903,EQ,,,
2010-08-30,47.0,52.9,45.0,45.4,2665,EQ,,,
2010-08-31,44.4,45.9,44.4,45.65,626,EQ,,,
2010-09-01,47.0,47.0,44.8,45.25,32159,EQ,,,
2010-09-02,45.4,45.8,45.4,45.8,1101361,EQ,,,
2010-09-03,45.6,45.7,45.0,45.35,2045,EQ,,,
2010-09-06,45.8,46.1,45.7,46.05,362,EQ,,,
2010-09-07,46.0,46.3,46.0,46.05,291,EQ,,,
2010-09-08,45.7,46.7,45.6,46.65,1073,EQ,,,
2010-09-09,49.8,49.8,46.0,47.8,645,EQ,,,
2010-09-13,47.8,50.0,41.35,49.95,13011,EQ,,,
2010-09-14,54.5,54.5,49.2,50.15,7171,EQ,,,
2010-09-15,49.5,49.7,49.25,49.5,3726,EQ,,,
2010-09-16,49.4,50.4,49.0,49.3,15272,EQ,,,
2010-09-17,51.3,51.3,49.0,49.2,760,EQ,,,
2010-09-20,54.5,56.3,46.4,50.05,12561,EQ,,,
2010-09-21,49.9,50.5,49.1,49.5,1176,EQ,,,
2010-09-22,50.0,50.3,49.2,50.0,8546,EQ,,,
2010-09-23,49.2,49.9,49.2,49.4,584,EQ,,,
2010-09-24,49.7,50.3,49.4,50.0,1488,EQ,,,
2010-09-27,50.3,50.5,50.0,50.5,233,EQ,,,
2010-09-28,50.0,50.5,50.0,50.25,368,EQ,,,
2010-09-29,43.8,50.8,43.8,50.7,2051,EQ,,,
2010-09-30,50.2,50.8,50.1,50.65,746,EQ,,,
2010-10-01,51.0,52.0,51.0,51.95,18004,EQ,,,
2010-10-04,51.5,52.2,51.5,51.95,1377,EQ,,,
2010-10-05,52.0,52.7,51.8,52.7,15470,EQ,,,
2010-10-06,53.0,53.0,52.6,52.6,12071,EQ,,,
2010-10-07,54.9,54.9,52.0,52.4,1532,EQ,,,
2010-10-08,52.5,53.5,52.0,52.1,938,EQ,,,
2010-10-11,52.6,52.7,52.3,52.7,465,EQ,,,
2010-10-12,52.7,52.7,51.7,52.45,639,EQ,,,
2010-10-13,52.6,53.5,52.3,53.1,598,EQ,,,
2010-10-14,53.5,53.8,53.2,53.65,611,EQ,,,
2010-10-15,54.9,54.9,52.1,52.55,2782,EQ,,,
2010-10-18,52.3,52.3,51.2,51.45,886,EQ,,,
2010-10-19,52.4,52.5,51.4,52.0,5833,EQ,,,
2010-10-20,50.05,54.0,50.05,51.5,635,EQ,,,
2010-10-21,52.1,54.0,52.0,52.5,342,EQ,,,
2010-10-22,53.5,53.5,52.5,52.5,190,EQ,,,
2010-10-25,53.4,53.6,53.2,53.3,596,EQ,,,
2010-10-26,53.5,53.5,52.9,53.5,3916,EQ,,,
2010-10-27,53.4,53.5,52.9,53.5,952,EQ,,,
2010-10-28,53.5,53.5,52.5,53.4,763,EQ,,,
2010-10-29,53.5,53.5,52.0,52.1,1458,EQ,,,
2010-11-01,53.5,58.8,52.2,53.0,742,EQ,,,
2010-11-02,54.0,54.0,52.0,53.6,1111,EQ,,,
2010-11-03,54.0,54.0,53.6,53.95,429,EQ,,,
2010-11-04,54.5,55.7,50.6,55.6,3548,EQ,,,
2010-11-05,56.0,63.5,56.0,57.05,304,EQ,,,
2010-11-08,63.4,63.4,55.4,56.0,607,EQ,,,
2010-11-09,55.7,55.7,54.6,55.0,1058,EQ,,,
2010-11-10,56.6,56.6,54.6,55.1,662,EQ,,,
2010-11-11,56.5,56.5,54.1,54.35,2712,EQ,,,
2010-11-12,53.0,56.5,52.0,52.55,1715,EQ,,,
2010-11-15,54.0,54.0,51.8,52.85,693,EQ,,,
2010-11-16,55.0,55.0,52.0,52.1,627,EQ,,,
2010-11-18,54.0,59.0,50.4,51.55,765,EQ,,,
2010-11-19,53.0,53.3,50.3,50.4,526,EQ,,,
2010-11-22,50.0,51.2,50.0,51.2,291,EQ,,,
2010-11-23,50.6,50.7,49.9,50.3,527,EQ,,,
2010-11-24,50.8,51.0,48.0,48.8,574,EQ,,,
2010-11-25,48.5,50.0,47.0,47.5,1684,EQ,,,
2010-11-26,47.4,47.8,45.8,47.8,1214,EQ,,,
2010-11-29,47.8,48.0,47.5,47.8,433,EQ,,,
2010-11-30,47.6,48.0,47.4,48.0,556,EQ,,,
2010-12-01,52.2,52.2,48.0,50.45,1795,EQ,,,
2010-12-02,50.4,52.2,50.4,52.1,410,EQ,,,
2010-12-03,54.0,54.0,50.0,51.65,802,EQ,,,
2010-12-06,51.7,51.7,49.5,49.75,527,EQ,,,
2010-12-07,49.6,49.6,47.2,47.7,925,EQ,,,
2010-12-08,49.0,49.0,46.0,46.55,708,EQ,,,
2010-12-09,46.1,52.5,44.5,45.0,8385,EQ,,,
2010-12-10,45.0,52.45,44.5,45.35,4687,EQ,,,
2010-12-13,45.95,46.35,45.5,46.0,2408,EQ,,,
2010-12-14,46.2,46.5,46.05,46.5,178,EQ,,,
2010-12-15,46.5,46.5,45.1,45.1,254,EQ,,,
2010-12-16,48.8,48.8,45.15,45.75,511,EQ,,,
2010-12-20,47.2,47.2,45.3,45.4,421,EQ,,,
2010-12-21,47.0,47.0,45.9,46.1,215,EQ,,,
2010-12-22,46.1,47.0,46.1,46.2,216,EQ,,,
2010-12-23,46.4,46.4,45.8,46.1,233,EQ,,,
2010-12-24,46.0,46.0,45.8,46.0,76,EQ,,,
2010-12-27,48.75,48.75,45.7,46.35,436,EQ,,,
2010-12-28,46.0,46.0,45.8,46.0,96,EQ,,,
2010-12-29,49.0,49.0,44.15,45.7,287,EQ,,,
2010-12-30,50.8,50.8,46.0,46.0,104,EQ,,,
2010-12-31,48.0,48.5,46.0,46.4,555,EQ,,,
2011-01-03,48.65,48.65,47.1,47.15,162,EQ,,,
2011-01-04,47.5,47.5,45.9,46.1,282,EQ,,,
2011-01-05,48.8,48.8,44.8,45.0,250,EQ,,,
2011-01-06,45.1,45.2,44.2,44.4,848,EQ,,,
2011-01-07,46.0,46.35,43.3,43.65,2723,EQ,,,
2011-01-10,43.65,44.1,43.0,43.05,769,EQ,,,
2011-01-11,43.2,43.5,42.6,43.5,734,EQ,,,
2011-01-12,44.1,44.1,43.2,44.0,1458,EQ,,,
2011-01-13,44.3,44.3,42.5,42.95,451,EQ,,,
2011-01-14,42.4,42.9,42.0,42.25,474,EQ,,,
2011-01-17,42.0,42.0,41.6,42.0,1419,EQ,,,
2011-01-18,46.8,46.8,42.0,42.3,349,EQ,,,
2011-01-19,42.2,42.4,41.9,41.9,237,EQ,,,
2011-01-20,42.4,42.6,41.5,42.6,1698,EQ,,,
2011-01-21,44.5,47.5,42.8,43.45,650,EQ,,,
2011-01-24,44.0,44.7,44.0,44.6,325,EQ,,,
2011-01-25,44.7,45.3,44.3,44.45,561,EQ,,,
2011-01-27,44.7,44.7,43.9,44.1,186,EQ,,,
2011-01-28,43.4,43.4,42.4,42.8,581,EQ,,,
2011-01-31,42.9,43.6,42.2,43.5,368,EQ,,,
2011-02-01,43.7,43.7,42.8,43.05,474,EQ,,,
2011-02-02,43.3,43.3,42.8,42.85,475,EQ,,,
2011-02-03,42.6,43.4,42.5,43.4,443,EQ,,,
2011-02-04,43.4,43.9,42.7,42.85,374,EQ,,,
2011-02-07,42.5,43.4,42.5,43.1,528,EQ,,,
2011-02-08,43.3,43.3,42.1,42.45,316,EQ,,,
2011-02-09,42.1,42.1,41.2,41.4,1194,EQ,,,
2011-02-10,41.0,41.3,40.0,41.15,523,EQ,,,
2011-02-11,44.4,47.25,40.6,41.95,851,EQ,,,
2011-02-14,42.7,43.5,42.7,43.3,533,EQ,,,
2011-02-15,43.8,44.8,43.4,44.75,405,EQ,,,
2011-02-16,44.5,44.75,44.5,44.5,230,EQ,,,
2011-02-17,44.7,45.3,44.7,45.2,508,EQ,,,
2011-02-18,45.4,45.7,44.5,44.8,2890,EQ,,,
2011-02-21,44.8,45.1,44.0,45.0,6208,EQ,,,
2011-02-22,44.4,44.8,43.9,44.6,1006,EQ,,,
2011-02-23,43.8,44.3,43.0,43.55,910,EQ,,,
2011-02-24,43.1,43.1,41.5,41.8,449,EQ,,,
2011-02-25,42.0,42.7,41.7,42.7,751,EQ,,,
2011-02-28,43.5,43.5,42.45,43.05,10386,EQ,,,
2011-03-01,43.6,44.3,43.6,44.3,956,EQ,,,
2011-03-03,44.2,44.6,43.9,44.1,204,EQ,,,
2011-03-04,44.6,44.8,44.3,44.3,282,EQ,,,
2011-03-07,44.3,44.3,43.2,43.8,788,EQ,,,
2011-03-08,43.75,44.1,43.7,44.1,323,EQ,,,
2011-03-09,44.3,44.3,43.8,43.8,180,EQ,,,
2011-03-10,43.9,43.9,43.3,43.4,269,EQ,,,
2011-03-11,43.3,43.3,42.9,43.05,410,EQ,,,
2011-03-14,43.3,43.4,43.2,43.2,115,EQ,,,
2011-03-15,43.2,44.0,42.7,43.75,503,EQ,,,
2011-03-16,43.6,44.2,43.6,44.0,161,EQ,,,
2011-03-17,44.2,44.7,44.1,44.5,36450,EQ,,,
2011-03-18,44.2,44.2,43.5,44.0,188,EQ,,,
2011-03-21,44.0,44.0,43.2,43.4,627,EQ,,,
2011-03-22,43.5,43.9,43.5,43.75,197,EQ,,,
2011-03-23,43.75,44.1,43.55,43.9,395,EQ,,,
2011-03-24,44.2,44.3,44.1,44.3,142,EQ,,,
2011-03-25,44.4,45.45,44.35,45.45,11225,EQ,,,
2011-03-28,45.0,45.8,45.0,45.6,1327,EQ,,,
2011-03-29,44.3,49.4,44.3,46.0,5900,EQ,,,
2011-03-30,46.4,47.3,46.4,47.3,14940,EQ,,,
2011-03-31,47.6,47.6,46.2,46.25,763,EQ,,,
2011-04-01,47.0,47.0,45.8,45.9,225,EQ,,,
2011-04-04,41.0,46.6,41.0,46.6,356,EQ,,,
2011-04-05,46.7,47.0,46.2,46.75,552371,EQ,,,
2011-04-06,46.9,47.2,46.5,46.9,550958,EQ,,,
2011-04-07,46.7,47.5,46.7,47.25,746,EQ,,,
2011-04-08,47.4,47.4,46.6,46.7,371,EQ,,,
2011-04-11,46.4,46.7,46.2,46.4,566,EQ,,,
2011-04-13,47.3,47.3,46.5,47.1,118,EQ,,,
2011-04-15,47.0,47.6,46.5,47.4,21308,EQ,,,
2011-04-18,46.9,47.5,46.5,46.75,453,EQ,,,
2011-04-19,46.8,47.1,46.4,46.5,537,EQ,,,
2011-04-20,46.6,47.0,46.4,46.9,446,EQ,,,
2011-04-21,47.4,48.1,46.1,47.75,1915,EQ,,,
2011-04-25,48.0,48.6,47.7,48.1,908,EQ,,,
2011-04-26,48.1,48.4,46.2,48.0,882,EQ,,,
2011-04-27,48.1,48.1,46.65,47.9,297,EQ,,,
2011-04-28,48.0,48.1,46.8,47.7,311,EQ,,,
2011-04-29,47.9,48.0,46.0,46.3,2137,EQ,,,
2011-05-02,47.9,47.9,44.2,44.5,5666,EQ,,,
2011-05-03,44.5,44.9,42.2,42.65,4154,EQ,,,
2011-05-04,43.1,43.1,42.5,43.0,731,EQ,,,
2011-05-05,44.0,44.0,42.9,43.15,631,EQ,,,
2011-05-06,43.5,44.1,42.9,44.1,515,EQ,,,
2011-05-09,43.9,43.9,43.0,43.8,563,EQ,,,
2011-05-10,47.3,47.3,43.4,43.8,201,EQ,,,
2011-05-11,43.6,47.45,43.3,44.2,2320,EQ,,,
2011-05-12,44.3,44.3,43.0,43.1,276,EQ,,,
2011-05-13,43.4,43.6,42.7,43.0,1528,EQ,,,
2011-05-16,43.0,43.3,42.7,42.7,216,EQ,,,
2011-05-17,42.7,43.1,40.9,41.35,841,EQ,,,
2011-05-18,41.0,41.3,40.9,41.3,432,EQ,,,
2011-05-19,41.0,41.3,40.4,41.1,1064,EQ,,,
2011-05-20,40.5,40.7,40.4,40.5,514,EQ,,,
2011-05-23,40.2,40.6,39.7,40.55,504,EQ,,,
2011-05-24,40.5,40.5,38.9,39.0,814,EQ,,,
2011-05-25,39.0,39.4,38.9,39.3,433,EQ,,,
2011-05-26,39.5,39.6,39.4,39.6,356,EQ,,,
2011-05-27,39.6,39.8,39.4,39.55,567,EQ,,,
2011-05-30,39.7,40.3,39.5,39.9,518,EQ,,,
2011-05-31,40.1,40.5,39.6,39.95,418,EQ,,,
2011-06-01,40.6,40.9,40.3,40.75,319,EQ,,,
2011-06-02,40.5,40.7,40.2,40.2,183,EQ,,,
2011-06-03,40.6,40.9,40.3,40.3,129,EQ,,,
2011-06-06,40.0,40.3,39.8,39.95,322,EQ,,,
2011-06-07,40.3,40.8,40.3,40.6,1691,EQ,,,
2011-06-08,40.6,41.1,40.6,40.7,94,EQ,,,
2011-06-09,40.3,40.5,40.3,40.3,190,EQ,,,
2011-06-10,40.3,40.7,40.1,40.7,271,EQ,,,
2011-06-13,39.5,40.5,39.5,39.9,361,EQ,,,
2011-06-14,39.8,40.5,39.5,39.95,3998,EQ,,,
2011-06-15,42.6,42.6,40.0,40.0,119,EQ,,,
2011-06-16,39.5,39.8,38.8,39.45,656,EQ,,,
2011-06-17,39.4,39.8,39.3,39.7,123,EQ,,,
2011-06-20,39.6,39.8,38.8,39.0,386,EQ,,,
2011-06-21,39.15,39.7,38.8,39.3,213,EQ,,,
2011-06-22,38.9,39.1,38.3,38.45,482,EQ,,,
2011-06-23,38.8,39.1,38.6,38.9,76,EQ,,,
2011-06-24,39.3,40.4,39.3,40.25,340,EQ,,,
2011-06-27,40.0,40.9,40.0,40.3,599,EQ,,,
2011-06-28,41.0,41.6,40.9,41.05,1542,EQ,,,
2011-06-29,41.3,41.5,41.2,41.2,153,EQ,,,
2011-06-30,40.1,41.5,40.1,41.4,172,EQ,,,
2011-07-01,41.6,41.8,41.4,41.4,88,EQ,,,
2011-07-04,40.8,42.05,40.8,42.0,120,EQ,,,
2011-07-05,41.5,42.5,41.0,41.8,920,EQ,,,
2011-07-06,42.2,42.4,41.5,42.05,1628,EQ,,,
2011-07-07,41.8,42.6,41.8,42.45,259,EQ,,,
2011-07-08,42.6,42.6,42.5,42.5,246,EQ,,,
2011-07-11,42.1,42.5,41.6,41.6,511,EQ,,,
2011-07-12,39.25,41.5,39.25,41.5,201,EQ,,,
2011-07-13,41.7,41.9,41.3,41.4,4220,EQ,,,
2011-07-14,41.7,42.4,41.7,42.35,214,EQ,,,
2011-07-15,42.6,42.8,42.3,42.3,354,EQ,,,
2011-07-18,43.95,44.0,42.3,42.9,143,EQ,,,
2011-07-19,43.0,43.1,42.9,43.0,78,EQ,,,
2011-07-20,42.0,43.5,41.6,42.65,2903,EQ,,,
2011-07-21,42.1,42.7,42.0,42.0,263,EQ,,,
2011-07-22,42.6,43.0,42.4,42.9,1443,EQ,,,
2011-07-25,42.8,43.1,42.6,43.1,150,EQ,,,
2011-07-26,41.05,43.3,37.9,42.5,923,EQ,,,
2011-07-27,42.0,42.6,41.8,42.25,516,EQ,,,
2011-07-28,41.4,41.4,41.1,41.4,60,EQ,,,
2011-07-29,40.95,41.5,40.95,41.5,2393,EQ,,,
2011-08-01,41.4,42.5,36.6,41.1,2267,EQ,,,
2011-08-02,41.5,41.5,40.35,40.35,1129,EQ,,,
2011-08-03,39.4,40.0,39.2,39.7,751,EQ,,,
2011-08-04,40.1,40.2,39.4,39.4,1529,EQ,,,
2011-08-05,38.2,39.2,38.2,38.7,592,EQ,,,
2011-08-08,37.5,39.5,35.2,39.1,1552,EQ,,,
2011-08-09,38.7,39.4,35.5,38.9,1036,EQ,,,
2011-08-10,39.6,40.0,39.5,39.9,311,EQ,,,
2011-08-11,39.3,39.7,38.9,39.0,555,EQ,,,
2011-08-12,39.5,39.7,38.75,39.05,642,EQ,,,
2011-08-16,39.3,39.3,38.4,38.6,515,EQ,,,
2011-08-17,38.6,38.8,38.5,38.6,154,EQ,,,
2011-08-18,38.4,38.6,36.25,36.3,1471,EQ,,,
2011-08-19,35.2,36.4,35.0,35.35,1249,EQ,,,
2011-08-22,35.0,35.3,34.6,35.25,846,EQ,,,
2011-08-23,35.5,35.6,35.4,35.5,286,EQ,,,
2011-08-24,35.5,35.7,35.4,35.4,60,EQ,,,
2011-08-25,35.8,35.8,34.8,34.8,402,EQ,,,
2011-08-26,34.8,34.8,33.0,33.45,655,EQ,,,
2011-08-29,33.6,33.7,33.2,33.45,844,EQ,,,
2011-08-30,34.6,34.8,34.2,34.5,680,EQ,,,
2011-09-02,34.8,34.9,34.6,34.9,429,EQ,,,
2011-09-05,34.7,34.7,33.6,34.15,1734,EQ,,,
2011-09-06,36.4,36.45,33.7,33.95,483,EQ,,,
2011-09-07,34.3,35.1,34.3,34.85,704,EQ,,,
2011-09-08,34.8,34.8,34.5,34.7,487,EQ,,,
2011-09-09,34.8,34.9,34.4,34.55,620,EQ,,,
2011-09-12,35.0,35.0,33.4,33.55,824,EQ,,,
2011-09-13,33.7,33.9,33.5,33.6,398,EQ,,,
2011-09-14,33.7,33.8,33.7,33.7,127,EQ,,,
2011-09-15,34.0,34.0,33.3,34.0,426,EQ,,,
2011-09-16,34.0,34.5,33.4,33.9,926,EQ,,,
2011-09-19,33.7,33.8,33.6,33.6,122,EQ,,,
2011-09-20,34.1,34.5,33.5,34.5,426,EQ,,,
2011-09-21,34.6,35.2,33.3,34.05,1086,EQ,,,
2011-09-22,33.6,34.0,33.6,34.0,205,EQ,,,
2011-09-23,33.9,34.0,33.1,33.65,960,EQ,,,
2011-09-26,33.7,33.9,33.2,33.3,883,EQ,,,
2011-09-27,33.8,34.1,33.7,33.8,1372,EQ,,,
2011-09-28,34.05,34.05,33.7,33.9,643,EQ,,,
2011-09-29,33.9,33.9,33.6,33.6,179,EQ,,,
2011-09-30,33.6,33.7,33.4,33.55,185,EQ,,,
2011-10-03,32.9,33.6,32.9,33.3,780,EQ,,,
2011-10-04,33.3,33.4,32.7,32.9,850,EQ,,,
2011-10-05,32.9,33.1,32.8,32.9,606,EQ,,,
2011-10-07,33.0,33.5,31.7,31.9,2047,EQ,,,
2011-10-10,31.8,32.0,31.7,31.8,455,EQ,,,
2011-10-11,31.9,32.0,31.6,31.6,980,EQ,,,
2011-10-12,31.9,32.25,31.85,32.15,619,EQ,,,
2011-10-13,32.2,34.7,32.15,34.55,3474,EQ,,,
2011-10-14,34.5,35.5,34.0,35.3,647,EQ,,,
2011-10-17,35.0,35.1,33.9,34.0,6055,EQ,,,
2011-10-18,33.6,34.0,33.6,33.8,128,EQ,,,
2011-10-19,33.85,34.4,33.8,34.35,142,EQ,,,
2011-10-20,34.1,35.0,34.0,34.5,107,EQ,,,
2011-10-21,34.5,34.6,34.4,34.45,72,EQ,,,
2011-10-24,34.9,35.2,32.3,33.15,314,EQ,,,
2011-10-25,33.9,34.05,33.0,33.45,3998,EQ,,,
2011-10-26,33.45,34.8,33.45,34.4,285,EQ,,,
2011-10-28,34.5,34.5,33.3,33.55,1409,EQ,,,
2011-10-31,33.6,33.9,33.5,33.9,330,EQ,,,
2011-11-01,33.5,34.5,33.4,33.75,3517,EQ,,,
2011-11-02,33.8,34.4,33.8,34.3,288,EQ,,,
2011-11-03,34.0,34.5,34.0,34.4,93,EQ,,,
2011-11-04,34.4,34.6,34.3,34.55,76,EQ,,,
2011-11-08,37.2,37.2,34.5,35.3,357,EQ,,,
2011-11-09,35.3,35.5,33.75,34.05,514,EQ,,,
2011-11-11,33.0,34.5,33.0,33.2,208,EQ,,,
2011-11-14,33.6,33.8,33.2,33.3,210,EQ,,,
2011-11-15,33.2,33.2,32.05,32.1,13741,EQ,,,
2011-11-16,32.2,32.2,31.0,31.75,125,EQ,,,
2011-11-17,31.3,31.7,30.8,31.05,223,EQ,,,
2011-11-18,30.6,33.85,30.6,33.45,364,EQ,,,
2011-11-21,31.6,32.5,31.4,31.7,307,EQ,,,
2011-11-22,31.5,31.5,29.8,30.1,53736,EQ,,,
2011-11-23,30.3,30.3,29.7,30.0,280,EQ,,,
2011-11-24,29.5,30.1,29.5,30.05,18447,EQ,,,
2011-11-25,30.0,30.4,30.0,30.35,320,EQ,,,
2011-11-28,30.6,31.5,29.9,31.2,613,EQ,,,
2011-11-29,31.4,31.6,30.7,30.9,150,EQ,,,
2011-11-30,30.85,31.3,30.85,31.0,90,EQ,,,
2011-12-01,31.8,32.0,31.2,31.4,216,EQ,,,
2011-12-02,31.3,31.9,31.3,31.8,118,EQ,,,
2011-12-05,31.6,33.1,31.3,32.55,1166,EQ,,,
2011-12-07,32.6,33.9,32.6,33.3,514,EQ,,,
2011-12-08,33.5,33.5,32.6,32.7,397,EQ,,,
2011-12-09,32.1,32.3,32.1,32.3,111,EQ,,,
2011-12-12,32.5,33.0,32.0,32.0,457,EQ,,,
2011-12-13,31.5,31.5,31.35,31.5,22,EQ,,,
2011-12-14,31.4,32.1,31.4,32.1,65,EQ,,,
2011-12-15,31.0,31.45,30.9,31.25,266,EQ,,,
2011-12-16,31.5,31.8,30.2,30.55,445,EQ,,,
2011-12-19,30.5,30.5,29.1,29.5,199,EQ,,,
2011-12-20,29.4,29.4,28.2,28.35,487,EQ,,,
2011-12-21,28.5,28.9,28.4,28.6,783,EQ,,,
2011-12-22,28.3,28.7,28.25,28.7,223,EQ,,,
2011-12-23,29.3,29.7,29.2,29.2,86,EQ,,,
2011-12-26,27.85,29.1,27.85,29.1,176,EQ,,,
2011-12-27,28.7,29.1,28.5,29.0,312,EQ,,,
2011-12-28,28.5,28.5,27.6,27.85,165,EQ,,,
2011-12-29,27.55,27.6,27.55,27.55,71,EQ,,,
2011-12-30,27.6,28.3,27.6,28.3,467,EQ,,,
2012-01-02,28.5,28.5,27.9,27.9,195,EQ,,,
2012-01-03,28.5,29.3,28.5,29.05,306,EQ,,,
2012-01-04,29.1,29.15,29.1,29.1,67,EQ,,,
2012-01-05,29.4,29.5,29.4,29.5,114,EQ,,,
2012-01-06,29.5,29.5,29.1,29.3,528,EQ,,,
2012-01-07,29.4,29.5,29.4,29.5,13,EQ,,,
2012-01-09,29.1,29.4,29.1,29.2,139,EQ,,,
2012-01-10,29.5,32.0,29.5,30.1,54,EQ,,,
2012-01-11,30.0,30.6,30.0,30.1,111,EQ,,,
2012-01-12,30.0,30.4,30.0,30.4,776,EQ,,,
2012-01-13,31.4,31.4,31.15,31.15,56,EQ,,,
2012-01-16,30.9,31.0,30.5,31.0,523,EQ,,,
2012-01-17,31.85,32.3,31.7,32.0,146,EQ,,,
2012-01-18,32.0,32.6,31.9,32.5,294,EQ,,,
2012-01-19,32.6,32.6,32.2,32.3,97,EQ,,,
2012-01-20,32.6,33.0,32.5,32.55,151,EQ,,,
2012-01-23,32.7,34.1,32.7,33.75,531,EQ,,,
2012-01-24,34.1,35.1,33.6,35.0,2116,EQ,,,
2012-01-25,35.3,36.0,35.3,35.5,827,EQ,,,
2012-01-27,36.95,36.95,32.35,34.05,1062,EQ,,,
2012-01-30,34.5,34.5,33.6,33.8,129,EQ,,,
2012-01-31,34.6,34.7,34.0,34.4,204,EQ,,,
2012-02-01,34.5,35.0,34.4,34.8,1195,EQ,,,
2012-02-02,35.7,35.8,34.6,34.85,595,EQ,,,
2012-02-03,34.95,35.6,34.5,34.55,327,EQ,,,
2012-02-06,35.5,36.45,35.5,35.6,450,EQ,,,
2012-02-07,38.2,38.2,35.8,36.6,639,EQ,,,
2012-02-08,36.6,37.1,36.4,36.7,290,EQ,,,
2012-02-09,36.6,36.7,36.3,36.65,371,EQ,,,
2012-02-10,36.9,37.2,36.2,36.2,359,EQ,,,
2012-02-13,37.1,37.2,36.5,36.95,253,EQ,,,
2012-02-14,36.9,37.4,36.9,37.2,275,EQ,,,
2012-02-15,37.4,38.0,37.3,37.5,1322,EQ,,,
2012-02-16,38.0,38.7,33.0,38.55,3188,EQ,,,
2012-02-17,39.3,40.4,39.2,39.6,1465,EQ,,,
2012-02-21,40.0,40.4,40.0,40.3,1702,EQ,,,
2012-02-22,40.5,40.5,38.0,38.1,1340,EQ,,,
2012-02-23,38.5,38.7,37.6,37.6,753,EQ,,,
2012-02-24,37.8,38.0,37.0,37.05,179,EQ,,,
2012-02-27,37.0,37.5,34.45,35.5,420,EQ,,,
2012-02-28,35.7,39.5,35.7,37.95,1051,EQ,,,
2012-02-29,37.5,38.0,37.4,37.4,372,EQ,,,
2012-03-01,37.1,37.2,37.1,37.1,93,EQ,,,
2012-03-02,37.0,37.8,36.35,37.5,156,EQ,,,
2012-03-03,37.5,37.5,37.5,37.5,1,EQ,,,
2012-03-05,37.0,37.6,36.7,36.75,205,EQ,,,
2012-03-06,36.5,38.0,36.3,36.55,483,EQ,,,
2012-03-07,36.3,36.8,36.0,36.1,580,EQ,,,
2012-03-09,35.4,37.6,35.4,36.85,353,EQ,,,
2012-03-12,36.5,38.6,36.5,38.45,563,EQ,,,
2012-03-13,37.7,38.8,37.7,38.55,77,EQ,,,
2012-03-14,38.8,39.1,38.5,38.5,12951,EQ,,,
2012-03-15,39.0,39.1,38.3,38.85,1039,EQ,,,
2012-03-16,38.5,39.2,37.9,38.05,1043,EQ,,,
2012-03-19,37.5,37.5,36.1,36.5,628,EQ,,,
2012-03-20,36.2,37.1,36.2,37.05,166,EQ,,,
2012-03-21,36.7,37.1,36.7,37.1,213,EQ,,,
2012-03-22,37.5,37.8,36.0,36.45,190,EQ,,,
2012-03-23,36.6,36.9,36.6,36.7,39,EQ,,,
2012-03-26,36.1,36.5,35.3,35.55,15270,EQ,,,
2012-03-27,35.7,35.9,35.5,35.9,75,EQ,,,
2012-03-28,35.4,35.6,35.4,35.5,127,EQ,,,
2012-03-29,35.0,35.2,34.8,35.2,57,EQ,,,
2012-03-30,35.5,36.0,35.5,36.0,410,EQ,,,
2012-04-02,36.0,36.2,35.9,36.2,712,EQ,,,
2012-04-03,36.5,36.7,36.3,36.4,452,EQ,,,
2012-04-04,36.1,36.3,36.0,36.0,296,EQ,,,
2012-04-09,36.2,36.4,35.75,35.85,151,EQ,,,
2012-04-10,35.65,36.0,35.65,35.95,255,EQ,,,
2012-04-11,35.7,36.4,35.7,36.4,72,EQ,,,
2012-04-12,36.6,36.7,36.6,36.7,200,EQ,,,
2012-04-13,37.0,37.8,37.0,37.5,136,EQ,,,
2012-04-16,37.1,37.2,37.05,37.05,115,EQ,,,
2012-04-17,37.1,38.2,37.1,37.5,486,EQ,,,
2012-04-18,37.7,37.9,37.7,37.7,108,EQ,,,
2012-04-19,37.1,37.2,37.0,37.2,74,EQ,,,
2012-04-20,36.9,37.0,36.5,36.5,88,EQ,,,
2012-04-23,37.0,37.5,36.5,36.7,1253,EQ,,,
2012-04-24,35.9,36.3,35.8,35.9,62,EQ,,,
2012-04-25,35.9,35.9,35.8,35.9,49,EQ,,,
2012-04-26,35.5,35.7,35.5,35.5,85,EQ,,,
2012-04-27,35.6,35.7,35.3,35.65,513,EQ,,,
2012-04-30,34.8,36.2,34.8,35.8,308,EQ,,,
2012-05-02,35.9,35.9,35.0,35.15,146,EQ,,,
2012-05-03,35.2,35.2,33.3,34.2,299,EQ,,,
2012-05-04,34.1,34.2,33.3,33.3,249,EQ,,,
2012-05-07,32.1,33.0,31.7,32.9,1344,EQ,,,
2012-05-08,33.4,33.4,32.2,32.6,2333,EQ,,,
2012-05-09,33.0,33.0,31.7,31.8,415,EQ,,,
2012-05-10,31.5,31.9,30.5,31.3,865,EQ,,,
2012-05-11,31.1,31.6,30.4,30.95,1004,EQ,,,
2012-05-14,30.9,31.1,30.5,30.5,149,EQ,,,
2012-05-15,30.6,31.0,30.2,31.0,377,EQ,,,
2012-05-16,30.4,30.5,30.1,30.4,98,EQ,,,
2012-05-17,30.5,32.5,30.4,30.4,987,EQ,,,
2012-05-18,30.0,30.7,30.0,30.7,121,EQ,,,
2012-05-21,30.7,32.1,30.7,31.9,357,EQ,,,
2012-05-22,31.0,32.0,31.0,31.8,200,EQ,,,
2012-05-23,31.0,31.4,30.0,30.35,197,EQ,,,
2012-05-24,31.0,31.9,31.0,31.75,146,EQ,,,
2012-05-25,31.6,32.0,31.3,31.95,222,EQ,,,
2012-05-28,32.3,32.6,32.3,32.4,58,EQ,,,
2012-05-29,32.5,33.4,32.5,33.4,148,EQ,,,
2012-05-30,31.1,33.1,31.1,32.4,202,EQ,,,
2012-05-31,33.2,33.2,31.45,31.6,69,EQ,,,
2012-06-01,33.0,33.0,31.55,31.55,34,EQ,,,
2012-06-04,31.4,32.1,31.4,31.6,169,EQ,,,
2012-06-05,31.5,31.9,31.1,31.9,472,EQ,,,
2012-06-06,32.0,33.5,32.0,32.9,534,EQ,,,
2012-06-07,34.0,34.4,33.6,34.1,1287,EQ,,,
2012-06-08,33.6,33.9,33.6,33.65,135,EQ,,,
2012-06-11,35.0,35.0,33.2,34.0,931,EQ,,,
2012-06-12,34.0,34.2,34.0,34.2,73,EQ,,,
2012-06-13,34.3,34.3,33.9,34.3,207,EQ,,,
2012-06-14,34.8,34.9,34.1,34.25,132,EQ,,,
2012-06-15,34.6,35.0,34.6,34.9,65,EQ,,,
2012-06-18,35.0,35.1,34.3,34.6,770,EQ,,,
2012-06-19,34.5,34.5,32.8,33.4,7471,EQ,,,
2012-06-20,33.5,33.8,33.5,33.8,104,EQ,,,
2012-06-21,33.2,33.9,33.2,33.7,143,EQ,,,
2012-06-22,33.95,34.3,33.95,34.0,251,EQ,,,
2012-06-25,34.7,35.1,34.3,34.8,125,EQ,,,
2012-06-26,34.0,34.4,33.9,34.0,78,EQ,,,
2012-06-27,34.1,34.3,34.1,34.1,47,EQ,,,
2012-06-28,34.0,34.0,33.6,33.6,54,EQ,,,
2012-06-29,34.5,34.7,34.4,34.6,102,EQ,,,
2012-07-02,34.6,34.7,34.4,34.7,121,EQ,,,
2012-07-03,34.9,35.1,34.2,34.2,228,EQ,,,
2012-07-04,34.9,35.1,34.7,34.75,230,EQ,,,
2012-07-05,34.9,35.1,34.8,35.1,62,EQ,,,
2012-07-06,34.2,34.6,34.2,34.3,82,EQ,,,
2012-07-09,34.0,34.6,33.4,34.5,2895,EQ,,,
2012-07-10,34.95,35.5,34.9,35.5,134,EQ,,,
2012-07-11,35.8,36.2,35.8,36.1,269,EQ,,,
2012-07-12,35.7,36.4,35.6,36.15,949,EQ,,,
2012-07-13,36.1,36.1,35.8,35.95,540,EQ,,,
2012-07-16,35.6,35.9,35.5,35.7,1501,EQ,,,
2012-07-17,35.8,35.8,35.4,35.5,54,EQ,,,
2012-07-18,35.5,35.5,35.0,35.2,22,EQ,,,
2012-07-19,35.2,35.4,35.2,35.3,352,EQ,,,
2012-07-20,36.0,36.0,34.7,34.9,30,EQ,,,
2012-07-23,34.6,35.0,34.5,34.85,71,EQ,,,
2012-07-24,34.8,35.2,34.5,35.05,155,EQ,,,
2012-07-25,34.9,34.9,33.2,34.0,159,EQ,,,
2012-07-26,34.0,34.1,33.7,33.8,189,EQ,,,
2012-07-27,34.1,34.5,31.8,32.4,601,EQ,,,
2012-07-30,32.0,33.0,31.0,32.9,190,EQ,,,
2012-07-31,33.0,33.0,32.0,33.0,168,EQ,,,
2012-08-01,32.6,33.0,32.5,33.0,80,EQ,,,
2012-08-02,32.9,33.1,32.6,33.1,108,EQ,,,
2012-08-03,32.9,36.2,32.6,34.65,890,EQ,,,
2012-08-06,35.0,35.0,32.5,32.8,626,EQ,,,
2012-08-07,33.1,34.55,32.8,33.6,612,EQ,,,
2012-08-08,34.0,34.1,33.6,33.9,176,EQ,,,
2012-08-09,34.0,34.0,33.3,33.5,50,EQ,,,
2012-08-10,33.0,33.35,31.4,31.55,574,EQ,,,
2012-08-13,31.5,31.5,30.3,30.4,1302,EQ,,,
2012-08-14,30.4,31.1,30.2,31.05,850,EQ,,,
2012-08-16,31.2,31.3,30.8,30.9,465,EQ,,,
2012-08-17,31.5,32.0,29.55,31.35,169,EQ,,,
2012-08-21,31.5,31.5,30.6,31.0,65,EQ,,,
2012-08-22,31.1,31.3,31.1,31.3,29,EQ,,,
2012-08-23,31.5,31.6,31.0,31.05,140,EQ,,,
2012-08-24,31.1,31.1,30.7,30.7,69,EQ,,,
2012-08-27,30.7,30.7,30.3,30.6,141,EQ,,,
2012-08-28,30.2,30.6,29.4,29.5,256,EQ,,,
2012-08-29,29.5,29.9,29.2,29.2,428,EQ,,,
2012-08-30,29.3,29.5,29.2,29.4,205,EQ,,,
2012-08-31,29.4,29.4,29.2,29.25,86,EQ,,,
2012-09-03,29.2,32.2,29.2,30.5,755,EQ,,,
2012-09-04,29.5,29.8,29.5,29.8,133,EQ,,,
2012-09-05,29.9,30.5,29.8,30.45,259,EQ,,,
2012-09-06,30.1,30.1,28.6,28.9,1358,EQ,,,
2012-09-07,30.2,30.2,29.6,29.9,566,EQ,,,
2012-09-08,32.0,32.0,29.0,30.05,99,EQ,,,
2012-09-10,30.5,30.5,29.5,29.7,204,EQ,,,
2012-09-11,29.6,29.9,29.6,29.9,66,EQ,,,
2012-09-12,30.0,30.2,29.9,30.2,198,EQ,,,
2012-09-13,30.2,30.2,29.8,29.8,228,EQ,,,
2012-09-14,30.5,31.0,30.2,31.0,459,EQ,,,
2012-09-17,31.5,32.0,31.1,31.7,588,EQ,,,
2012-09-18,31.6,34.4,31.6,33.9,3729,EQ,,,
2012-09-20,33.6,34.5,33.2,34.45,1156,EQ,,,
2012-09-21,34.5,36.5,33.9,35.45,2428,EQ,,,
2012-09-24,35.1,36.0,35.0,35.3,1799,EQ,,,
2012-09-25,35.5,35.5,34.7,35.3,350,EQ,,,
2012-09-26,35.1,35.3,34.65,34.9,256,EQ,,,
2012-09-27,35.0,35.6,34.5,35.3,868,EQ,,,
2012-09-28,35.5,35.7,34.9,35.1,419,EQ,,,
2012-10-01,35.0,35.8,34.8,35.6,183,EQ,,,
2012-10-03,35.2,36.0,35.2,35.7,350,EQ,,,
2012-10-04,35.4,36.9,35.4,36.85,569,EQ,,,
2012-10-05,36.9,36.9,33.35,36.6,1559,EQ,,,
2012-10-08,36.2,36.5,35.8,35.8,130,EQ,,,
2012-10-09,36.0,36.3,35.6,35.9,62,EQ,,,
2012-10-10,36.0,36.0,35.05,35.4,326,EQ,,,
2012-10-11,35.05,35.3,35.0,35.3,1168,EQ,,,
2012-10-12,35.2,35.2,35.0,35.0,103,EQ,,,
2012-10-15,35.0,36.5,34.8,35.3,101,EQ,,,
2012-10-16,35.5,35.5,35.3,35.3,13,EQ,,,
2012-10-17,35.3,35.3,34.6,34.6,5805,EQ,,,
2012-10-18,34.9,35.5,34.9,35.3,150,EQ,,,
2012-10-19,35.3,35.9,35.1,35.8,68,EQ,,,
2012-10-22,35.8,35.8,35.4,35.5,71,EQ,,,
2012-10-23,35.9,35.9,35.7,35.7,88,EQ,,,
2012-10-25,35.85,35.85,35.3,35.4,601,EQ,,,
2012-10-26,35.25,35.3,34.6,34.7,874,EQ,,,
2012-10-29,35.0,35.0,34.95,35.0,134,EQ,,,
2012-10-30,35.0,35.0,33.3,33.4,347,EQ,,,
2012-10-31,33.5,33.5,33.2,33.25,238,EQ,,,
2012-11-01,33.3,33.8,33.25,33.55,73,EQ,,,
2012-11-02,33.9,34.3,33.5,33.55,881,EQ,,,
2012-11-05,33.5,33.8,33.3,33.6,57,EQ,,,
2012-11-06,33.6,33.9,33.2,33.9,106,EQ,,,
2012-11-07,33.7,33.8,33.7,33.8,356,EQ,,,
2012-11-08,33.8,33.8,33.6,33.6,100,EQ,,,
2012-11-09,33.7,33.8,33.5,33.6,107,EQ,,,
2012-11-12,33.4,35.0,33.4,34.65,636,EQ,,,
2012-11-13,34.5,35.05,34.5,35.05,68,EQ,,,
2012-11-15,35.0,35.0,34.5,34.5,142,EQ,,,
2012-11-16,35.3,35.3,34.1,34.1,104,EQ,,,
2012-11-19,34.2,36.9,33.8,35.5,234,EQ,,,
2012-11-20,35.5,35.8,35.4,35.8,169,EQ,,,
2012-11-21,35.5,35.7,35.5,35.7,44,EQ,,,
2012-11-22,33.7,34.6,33.5,34.25,505,EQ,,,
2012-11-23,35.05,35.05,34.15,34.15,23,EQ,,,
2012-11-26,33.9,34.2,33.2,34.1,141,EQ,,,
2012-11-27,34.1,34.5,34.1,34.45,242,EQ,,,
2012-11-29,34.4,34.8,34.1,34.45,478,EQ,,,
2012-11-30,35.0,35.1,34.4,35.1,206,EQ,,,
2012-12-03,35.0,35.3,34.7,34.9,7276,EQ,,,
2012-12-04,35.1,35.4,35.0,35.0,81,EQ,,,
2012-12-05,35.3,35.8,35.25,35.5,180,EQ,,,
2012-12-06,35.5,35.5,35.1,35.4,185,EQ,,,
2012-12-07,35.2,37.5,35.2,37.0,817,EQ,,,
2012-12-10,38.0,38.0,36.9,37.35,1599,EQ,,,
2012-12-11,37.4,37.9,36.9,37.05,736,EQ,,,
2012-12-12,37.15,37.3,36.95,37.05,543,EQ,,,
2012-12-13,37.2,37.2,36.7,36.7,137,EQ,,,
2012-12-14,36.8,36.9,36.7,36.9,325,EQ,,,
2012-12-17,36.6,38.2,36.5,37.7,2881,EQ,,,
2012-12-18,38.0,38.3,37.4,38.0,1804,EQ,,,
2012-12-19,38.3,38.5,38.0,38.2,265,EQ,,,
2012-12-20,38.2,38.2,37.7,37.7,62,EQ,,,
2012-12-21,37.7,37.9,37.6,37.7,51,EQ,,,
2012-12-24,37.8,38.1,37.7,37.7,1108,EQ,,,
2012-12-26,37.55,37.85,37.55,37.8,990,EQ,,,
2012-12-27,38.0,38.1,38.0,38.0,10,EQ,,,
2012-12-28,38.2,38.6,38.2,38.4,120,EQ,,,
2012-12-31,38.5,39.0,38.5,38.55,128,EQ,,,
2013-01-01,38.9,39.2,38.7,39.1,1042,EQ,,,
2013-01-02,39.2,40.9,39.1,39.5,1060,EQ,,,
2013-01-03,40.0,40.1,39.9,40.0,327,EQ,,,
2013-01-04,40.0,40.1,39.9,39.9,222,EQ,,,
2013-01-07,40.3,42.4,40.0,40.9,595,EQ,,,
2013-01-08,41.0,41.6,40.6,40.85,917,EQ,,,
2013-01-09,40.8,44.6,40.8,41.2,4379,EQ,,,
2013-01-10,41.2,41.7,40.9,41.2,414,EQ,,,
2013-01-11,41.5,41.9,40.6,40.6,1953,EQ,,,
2013-01-14,40.8,41.5,40.7,40.95,171,EQ,,,
2013-01-15,41.0,41.5,40.6,41.2,285,EQ,,,
2013-01-16,41.2,41.5,40.8,40.8,138,EQ,,,
2013-01-17,41.1,41.1,41.0,41.05,79,EQ,,,
2013-01-18,41.3,41.8,40.8,40.85,1059,EQ,,,
2013-01-21,41.1,41.4,41.1,41.1,331,EQ,,,
2013-01-22,41.2,41.4,41.1,41.1,62,EQ,,,
2013-01-23,41.0,41.0,40.9,40.9,578,EQ,,,
2013-01-24,41.5,41.5,39.4,39.6,879,EQ,,,
2013-01-25,39.5,39.7,39.3,39.65,189,EQ,,,
2013-01-28,39.7,40.0,39.6,39.75,75,EQ,,,
2013-01-29,40.1,41.0,39.6,40.2,101,EQ,,,
2013-01-30,40.15,40.4,38.8,39.15,124,EQ,,,
2013-01-31,39.2,39.2,38.1,39.0,2051,EQ,,,
2013-02-01,39.1,40.5,38.25,38.95,206,EQ,,,
2013-02-04,42.45,42.45,38.8,38.95,1679,EQ,,,
2013-02-05,38.1,38.5,37.6,38.05,386,EQ,,,
2013-02-06,38.0,38.7,38.0,38.2,109,EQ,,,
2013-02-07,38.1,38.1,37.8,37.9,72,EQ,,,
2013-02-08,38.0,38.0,37.3,37.3,31,EQ,,,
2013-02-11,38.5,39.0,36.7,36.7,71,EQ,,,
2013-02-12,36.8,37.1,36.7,36.7,165,EQ,,,
2013-02-13,36.8,38.5,36.8,37.2,38,EQ,,,
2013-02-14,36.5,36.7,36.45,36.6,374,EQ,,,
2013-02-15,36.5,36.5,35.7,35.8,219,EQ,,,
2013-02-18,36.0,36.7,36.0,36.25,425,EQ,,,
2013-02-19,36.5,37.4,36.5,37.25,71,EQ,,,
2013-02-20,37.3,37.3,37.0,37.1,52,EQ,,,
2013-02-21,36.3,36.5,36.3,36.5,26,EQ,,,
2013-02-22,36.0,36.0,36.0,36.0,152,EQ,,,
2013-02-25,36.0,36.0,34.15,34.45,1426,EQ,,,
2013-02-26,33.9,34.2,33.8,33.9,148,EQ,,,
2013-02-27,33.6,34.2,33.55,34.2,72,EQ,,,
2013-02-28,34.65,34.65,31.8,32.1,1475,EQ,,,
2013-03-01,32.0,33.0,32.0,32.6,243,EQ,,,
2013-03-04,32.1,32.3,31.9,32.1,619,EQ,,,
2013-03-05,32.0,32.7,31.9,32.7,654,EQ,,,
2013-03-06,32.35,32.9,32.35,32.9,226,EQ,,,
2013-03-07,33.0,33.5,33.0,33.05,68,EQ,,,
2013-03-08,32.8,33.1,32.8,33.1,136,EQ,,,
2013-03-11,33.5,33.5,33.15,33.3,124,EQ,,,
2013-03-12,33.55,33.6,33.4,33.4,46,EQ,,,
2013-03-13,33.1,33.4,32.8,33.05,401,EQ,,,
2013-03-14,32.6,34.0,32.6,33.5,321,EQ,,,
2013-03-15,33.6,33.65,33.05,33.15,167,EQ,,,
2013-03-18,32.6,33.2,31.4,32.6,323,EQ,,,
2013-03-19,33.3,33.5,32.6,32.7,251,EQ,,,
2013-03-20,32.6,32.8,31.0,31.1,4321,EQ,,,
2013-03-21,31.35,32.5,30.9,31.1,471,EQ,,,
2013-03-22,31.1,31.5,31.1,31.5,68,EQ,,,
2013-03-25,31.6,31.6,31.1,31.25,294,EQ,,,
2013-03-26,31.0,32.95,30.1,30.6,1927,EQ,,,
2013-03-28,30.5,31.5,29.8,30.85,459,EQ,,,
2013-04-01,30.9,30.9,30.5,30.65,256,EQ,,,
2013-04-02,30.6,31.2,30.5,30.8,229,EQ,,,
2013-04-03,30.9,31.1,30.75,30.8,410,EQ,,,
2013-04-04,30.8,32.5,30.5,30.6,573,EQ,,,
2013-04-05,30.9,31.4,30.4,30.5,858,EQ,,,
2013-04-08,30.6,30.6,30.1,30.1,274,EQ,,,
2013-04-09,30.35,31.0,29.7,29.7,9213,EQ,,,
2013-04-10,30.0,30.6,30.0,30.5,132,EQ,,,
2013-04-11,30.9,31.2,30.0,31.0,402,EQ,,,
2013-04-12,31.0,31.4,30.8,31.05,305,EQ,,,
2013-04-15,30.6,31.9,30.6,31.6,509,EQ,,,
2013-04-16,31.0,32.1,31.0,31.8,67,EQ,,,
2013-04-17,32.1,32.6,32.0,32.3,420,EQ,,,
2013-04-18,32.1,33.8,32.0,33.7,581,EQ,,,
2013-04-22,33.6,34.6,32.5,33.6,429,EQ,,,
2013-04-23,33.3,33.6,32.9,33.6,630,EQ,,,
2013-04-25,33.55,34.0,33.55,33.9,420,EQ,,,
2013-04-26,33.4,33.6,33.25,33.25,327,EQ,,,
2013-04-29,33.2,33.5,33.1,33.15,73,EQ,,,
2013-04-30,33.55,33.55,32.6,32.75,56,EQ,,,
2013-05-02,32.7,33.4,32.5,32.95,1285,EQ,,,
2013-05-03,33.5,33.55,31.5,32.85,1594,EQ,,,
2013-05-06,33.15,33.15,32.45,32.85,125,EQ,,,
2013-05-07,33.0,33.1,32.8,32.8,122,EQ,,,
2013-05-08,32.7,32.75,32.4,32.5,203,EQ,,,
2013-05-09,32.8,33.6,32.6,33.0,220,EQ,,,
2013-05-10,33.5,34.0,32.8,33.4,1467,EQ,,,
2013-05-11,33.4,33.45,33.2,33.2,40,EQ,,,
2013-05-13,33.2,33.5,32.7,33.0,760,EQ,,,
2013-05-14,32.8,33.1,32.8,33.1,195,EQ,,,
2013-05-15,33.5,34.3,33.45,34.2,439,EQ,,,
2013-05-16,34.5,36.0,34.4,34.5,731,EQ,,,
2013-05-17,34.0,34.4,34.0,34.3,200,EQ,,,
2013-05-20,34.8,35.0,34.2,34.5,514,EQ,,,
2013-05-21,34.6,34.6,32.85,34.05,719,EQ,,,
2013-05-22,34.3,34.3,33.65,33.65,287,EQ,,,
2013-05-23,33.5,33.5,31.9,32.15,543,EQ,,,
2013-05-24,32.0,32.1,31.6,31.75,417,EQ,,,
2013-05-27,31.8,32.05,31.7,31.7,96,EQ,,,
2013-05-28,32.0,32.05,31.7,32.0,141,EQ,,,
2013-05-29,31.8,31.8,31.4,31.4,120,EQ,,,
2013-05-30,31.3,31.6,31.2,31.5,299,EQ,,,
2013-05-31,31.5,31.5,30.2,30.45,761,EQ,,,
2013-06-03,30.5,30.8,30.35,30.6,305,EQ,,,
2013-06-04,30.9,31.1,30.7,30.7,174,EQ,,,
2013-06-05,30.4,31.1,30.4,30.65,110,EQ,,,
2013-06-06,30.4,31.05,30.4,31.0,389,EQ,,,
2013-06-07,30.7,30.9,30.2,30.6,352,EQ,,,
2013-06-10,30.8,30.8,30.1,30.2,527,EQ,,,
2013-06-11,30.0,30.4,30.0,30.4,149,EQ,,,
2013-06-12,30.0,30.3,29.9,30.2,663,EQ,,,
2013-06-13,29.9,30.3,29.7,30.3,923,EQ,,,
2013-06-14,30.8,31.2,30.75,30.8,1449,EQ,,,
2013-06-17,30.4,30.6,29.9,30.6,1090,EQ,,,
2013-06-18,30.5,30.6,30.05,30.2,245,EQ,,,
2013-06-19,30.1,30.2,30.05,30.1,42,EQ,,,
2013-06-20,30.1,30.1,29.5,29.65,5272,EQ,,,
2013-06-21,29.7,29.7,28.65,29.1,1046,EQ,,,
2013-06-24,30.0,30.0,28.8,28.95,115,EQ,,,
2013-06-25,28.5,28.5,27.8,28.15,1203,EQ,,,
2013-06-26,27.9,28.6,27.5,27.9,803,EQ,,,
2013-06-27,27.9,28.3,27.9,27.9,257,EQ,,,
2013-06-28,28.2,28.4,27.9,28.4,309,EQ,,,
2013-07-01,29.0,29.0,28.4,29.0,238,EQ,,,
2013-07-02,29.0,29.0,28.4,28.7,158,EQ,,,
2013-07-03,28.4,28.4,27.5,27.95,285,EQ,,,
2013-07-04,27.6,27.6,27.25,27.35,1427,EQ,,,
2013-07-05,27.6,27.8,27.1,27.6,181,EQ,,,
2013-07-08,27.8,27.8,26.9,27.4,674,EQ,,,
2013-07-09,27.75,28.0,27.4,27.7,222,EQ,,,
2013-07-10,27.8,27.9,27.6,27.6,51,EQ,,,
2013-07-11,28.0,28.2,27.9,28.2,160,EQ,,,
2013-07-12,28.0,28.3,27.7,28.0,505,EQ,,,
2013-07-15,27.7,29.0,27.7,28.55,232,EQ,,,
2013-07-16,27.7,27.7,26.8,26.95,1378,EQ,,,
2013-07-17,26.8,27.5,26.3,26.85,51094,EQ,,,
2013-07-18,26.9,26.95,26.3,26.7,2736,EQ,,,
2013-07-19,27.0,27.05,26.7,26.75,333,EQ,,,
2013-07-22,26.7,26.85,26.7,26.75,4443,EQ,,,
2013-07-23,27.0,27.3,26.8,27.3,2187,EQ,,,
2013-07-24,26.9,27.0,26.3,26.75,340,EQ,,,
2013-07-25,26.3,27.5,26.2,26.2,143,EQ,,,
2013-07-26,26.4,26.4,25.5,25.9,2353,EQ,,,
2013-07-29,25.4,25.8,24.8,25.05,719,EQ,,,
2013-07-30,25.1,25.7,24.2,24.3,655,EQ,,,
2013-07-31,24.1,24.7,23.7,24.5,308,EQ,,,
2013-08-01,24.8,25.1,23.9,24.0,1792,EQ,,,
2013-08-02,24.5,24.5,23.3,23.5,792,EQ,,,
2013-08-05,23.5,23.7,23.0,23.45,358,EQ,,,
2013-08-06,23.6,23.8,22.3,22.5,17861,EQ,,,
2013-08-07,22.6,23.5,22.5,23.35,9322,EQ,,,
2013-08-08,24.2,24.2,23.3,23.6,21,EQ,,,
2013-08-12,23.7,23.7,22.7,23.05,939,EQ,,,
2013-08-13,22.75,23.8,22.7,23.2,488,EQ,,,
2013-08-14,23.3,23.8,22.8,23.3,311,EQ,,,
2013-08-16,23.05,23.05,22.0,22.35,852,EQ,,,
2013-08-19,22.0,22.1,21.5,21.9,696,EQ,,,
2013-08-20,21.3,22.5,21.3,22.45,4435,EQ,,,
2013-08-21,23.3,23.5,21.5,21.5,550,EQ,,,
2013-08-22,22.0,22.6,21.2,21.55,3523,EQ,,,
2013-08-23,21.6,22.9,21.2,22.25,763,EQ,,,
2013-08-26,22.1,22.6,21.8,22.0,339,EQ,,,
2013-08-27,22.0,22.45,21.0,21.1,654,EQ,,,
2013-08-28,20.7,20.9,20.4,20.9,625,EQ,,,
2013-08-29,20.9,20.9,20.7,20.9,45,EQ,,,
2013-08-30,21.2,22.0,20.5,21.3,382,EQ,,,
2013-09-02,21.3,22.0,20.1,20.85,649,EQ,,,
2013-09-03,21.0,21.5,19.4,20.35,2923,EQ,,,
2013-09-04,20.1,20.7,20.1,20.6,97,EQ,,,
2013-09-05,21.3,22.2,21.3,22.1,302,EQ,,,
2013-09-06,22.1,22.3,21.9,22.05,2270,EQ,,,
2013-09-10,26.0,26.0,22.1,22.3,309,EQ,,,
2013-09-11,22.0,23.4,22.0,23.2,416,EQ,,,
2013-09-12,23.2,23.2,20.3,23.0,1006,EQ,,,
2013-09-13,23.0,23.7,23.0,23.5,2105,EQ,,,
2013-09-16,23.6,24.0,23.3,23.65,183,EQ,,,
2013-09-17,23.2,23.3,23.0,23.15,154,EQ,,,
2013-09-18,23.0,23.7,23.0,23.65,159,EQ,,,
2013-09-19,24.0,25.7,23.8,24.05,1395,EQ,,,
2013-09-20,24.5,26.0,23.05,24.35,2015,EQ,,,
2013-09-23,24.0,24.0,23.0,23.25,531,EQ,,,
2013-09-24,22.7,23.0,22.6,23.0,208,EQ,,,
2013-09-25,23.0,23.3,22.95,23.2,506,EQ,,,
2013-09-26,23.05,23.1,22.8,23.1,824,EQ,,,
2013-09-27,23.2,23.2,22.8,22.85,175,EQ,,,
2013-09-30,22.8,22.8,22.0,22.3,227,EQ,,,
2013-10-01,22.5,22.5,22.4,22.4,15,EQ,,,
2013-10-03,22.8,23.05,22.8,23.05,91,EQ,,,
2013-10-04,23.2,23.25,23.2,23.2,52,EQ,,,
2013-10-07,23.3,23.4,23.0,23.3,50,EQ,,,
2013-10-08,24.0,24.0,23.2,23.2,473,EQ,,,
2013-10-09,23.0,23.15,22.85,23.1,109,EQ,,,
2013-10-10,23.2,23.3,23.05,23.3,601,EQ,,,
2013-10-11,23.4,24.0,22.9,23.7,646,EQ,,,
2013-10-14,23.8,24.2,23.6,24.2,365,EQ,,,
2013-10-15,23.9,23.9,23.4,23.5,924,EQ,,,
2013-10-17,24.4,24.4,22.9,22.9,337,EQ,,,
2013-10-18,23.3,23.6,23.3,23.55,391,EQ,,,
2013-10-21,23.7,23.8,23.6,23.75,593,EQ,,,
2013-10-22,23.6,24.1,23.5,23.8,1221,EQ,,,
2013-10-23,24.0,24.35,23.9,24.0,675,EQ,,,
2013-10-24,24.5,24.8,24.5,24.6,179,EQ,,,
2013-10-25,24.5,24.6,24.4,24.5,226,EQ,,,
2013-10-28,24.5,24.5,23.6,23.75,204,EQ,,,
2013-10-29,23.5,24.5,23.4,24.4,512,EQ,,,
2013-10-30,24.8,24.8,24.5,24.5,1354,EQ,,,
2013-10-31,24.2,25.55,24.1,25.25,2170,EQ,,,
2013-11-01,25.5,27.45,25.5,26.85,3140,EQ,,,
2013-11-03,26.8,28.45,26.8,27.75,1546,EQ,,,
2013-11-05,28.5,28.8,26.3,27.4,1071,EQ,,,
2013-11-06,27.4,27.4,26.3,26.45,487,EQ,,,
2013-11-07,26.4,26.55,25.6,25.6,1180,EQ,,,
2013-11-08,25.6,25.6,24.95,25.2,685,EQ,,,
2013-11-11,28.8,29.3,24.9,25.05,687,EQ,,,
2013-11-12,24.5,25.0,22.5,24.55,861,EQ,,,
2013-11-13,24.35,25.0,24.25,24.45,1228,EQ,,,
2013-11-14,25.5,25.5,24.9,25.0,118,EQ,,,
2013-11-18,25.0,25.7,25.0,25.6,1147,EQ,,,
2013-11-19,25.6,26.0,25.5,25.7,774,EQ,,,
2013-11-20,25.7,26.4,25.4,25.65,1373,EQ,,,
2013-11-21,25.6,25.6,24.5,25.3,692,EQ,,,
2013-11-22,25.4,25.45,25.0,25.0,753,EQ,,,
2013-11-25,25.4,25.75,25.4,25.7,680,EQ,,,
2013-11-26,25.7,25.75,25.2,25.25,676,EQ,,,
2013-11-27,25.4,25.4,25.0,25.3,971,EQ,,,
2013-11-28,25.4,25.5,25.2,25.35,397,EQ,,,
2013-11-29,25.4,26.0,25.4,26.0,1085,EQ,,,
2013-12-02,26.5,26.55,26.4,26.45,702,EQ,,,
2013-12-03,26.1,26.2,26.0,26.1,258,EQ,,,
2013-12-04,26.0,26.2,25.9,26.1,218,EQ,,,
2013-12-05,26.8,26.9,26.65,26.65,748,EQ,,,
2013-12-06,26.6,26.95,26.6,26.9,59152,EQ,,,
2013-12-09,27.8,27.85,27.6,27.65,629,EQ,,,
2013-12-10,27.4,27.4,26.9,27.15,1167,EQ,,,
2013-12-11,25.0,27.1,25.0,26.7,590,EQ,,,
2013-12-12,26.4,26.5,26.3,26.3,97,EQ,,,
2013-12-13,26.0,26.0,25.2,25.7,366,EQ,,,
2013-12-16,26.0,26.0,25.7,25.7,78,EQ,,,
2013-12-17,25.5,25.6,25.45,25.6,223,EQ,,,
2013-12-18,25.5,26.0,25.3,25.8,749,EQ,,,
2013-12-19,25.9,25.9,25.55,25.55,335,EQ,,,
2013-12-20,25.5,25.5,25.1,25.5,808,EQ,,,
2013-12-23,25.8,26.3,25.8,26.2,339,EQ,,,
2013-12-24,26.4,26.45,26.3,26.45,230,EQ,,,
2013-12-26,26.5,26.8,26.5,26.6,2015,EQ,,,
2013-12-27,26.7,26.75,26.65,26.7,149,EQ,,,
2013-12-30,26.95,27.0,26.7,26.95,625,EQ,,,
2013-12-31,26.6,26.7,26.45,26.5,123,EQ,,,
2014-01-01,26.6,26.8,26.5,26.75,345,EQ,,,
2014-01-02,26.7,27.2,26.5,26.6,898,EQ,,,
2014-01-03,26.1,26.4,25.9,26.1,458,EQ,,,
2014-01-06,26.0,26.1,26.0,26.0,134,EQ,,,
2014-01-07,25.9,25.9,25.3,25.35,388,EQ,,,
2014-01-08,25.5,25.8,25.4,25.65,612,EQ,,,
2014-01-09,25.8,25.9,25.6,25.6,223,EQ,,,
2014-01-10,25.1,25.3,24.8,24.9,1965,EQ,,,
2014-01-13,25.25,25.25,25.0,25.0,445,EQ,,,
2014-01-14,25.2,25.2,25.05,25.05,101,EQ,,,
2014-01-15,25.4,25.4,24.9,25.2,432,EQ,,,
2014-01-16,25.5,25.5,25.35,25.4,475,EQ,,,
2014-01-17,25.3,25.3,25.1,25.1,294,EQ,,,
2014-01-20,24.9,25.1,24.85,25.05,139,EQ,,,
2014-01-21,25.1,25.4,24.95,25.4,595,EQ,,,
2014-01-22,25.2,25.35,25.2,25.35,189,EQ,,,
2014-01-23,25.3,25.4,25.15,25.4,170,EQ,,,
2014-01-24,25.3,25.4,24.7,24.7,228,EQ,,,
2014-01-27,24.3,24.3,23.95,23.95,418,EQ,,,
2014-01-28,24.1,24.2,23.6,24.2,500,EQ,,,
2014-01-29,24.2,24.2,23.6,23.6,732,EQ,,,
2014-01-30,23.2,23.3,22.6,22.7,1818,EQ,,,
2014-01-31,23.0,23.0,22.65,22.85,584,EQ,,,
2014-02-03,23.0,23.0,22.2,22.25,1062,EQ,,,
2014-02-04,22.0,22.7,22.0,22.65,671,EQ,,,
2014-02-05,22.7,22.8,22.7,22.8,326,EQ,,,
2014-02-06,22.9,23.0,22.6,22.7,329,EQ,,,
2014-02-07,22.8,22.8,22.7,22.7,409,EQ,,,
2014-02-10,22.85,22.85,22.8,22.8,146,EQ,,,
2014-02-11,22.8,22.8,22.5,22.6,2457,EQ,,,
2014-02-12,22.65,23.0,22.65,23.0,113,EQ,,,
2014-02-13,22.8,22.8,22.5,22.6,348,EQ,,,
2014-02-14,22.3,22.4,21.9,22.0,1285,EQ,,,
2014-02-17,22.05,22.1,21.9,22.0,580,EQ,,,
2014-02-18,22.05,22.55,22.05,22.4,345,EQ,,,
2014-02-19,22.5,22.55,22.45,22.5,272,EQ,,,
2014-02-20,22.1,22.2,21.95,22.0,675,EQ,,,
2014-02-21,22.15,22.2,22.15,22.15,398,EQ,,,
2014-02-24,22.1,22.45,22.05,22.4,795,EQ,,,
2014-02-25,22.45,22.45,22.25,22.3,630,EQ,,,
2014-02-26,22.45,22.5,22.45,22.5,118,EQ,,,
2014-02-28,22.5,22.7,22.45,22.7,855,EQ,,,
2014-03-03,22.6,22.85,22.55,22.55,399,EQ,,,
2014-03-04,22.8,23.1,22.8,23.0,294,EQ,,,
2014-03-05,23.3,23.8,23.1,23.7,2390,EQ,,,
2014-03-06,23.8,24.0,23.8,23.85,1730,EQ,,,
2014-03-07,24.05,24.95,24.05,24.9,1890,EQ,,,
2014-03-10,24.9,25.7,24.8,25.65,2564,EQ,,,
2014-03-11,25.55,25.75,25.3,25.35,6511,EQ,,,
2014-03-12,25.15,25.15,24.75,25.0,1895,EQ,,,
2014-03-13,25.0,25.8,25.0,25.5,4826,EQ,,,
2014-03-14,25.1,25.1,24.9,24.9,301,EQ,,,
2014-03-18,25.5,25.8,25.5,25.8,2666,EQ,,,
2014-03-19,25.8,26.0,25.8,26.0,1496,EQ,,,
2014-03-20,25.75,25.75,25.5,25.6,2829,EQ,,,
2014-03-21,25.6,25.7,25.5,25.65,627,EQ,,,
2014-03-24,25.95,26.15,25.95,26.1,769,EQ,,,
2014-03-25,26.25,26.3,26.2,26.2,666,EQ,,,
2014-03-26,26.4,26.6,26.4,26.55,941,EQ,,,
2014-03-27,26.9,27.6,26.9,27.4,1631,EQ,,,
2014-03-28,28.0,28.8,28.0,28.65,4477,EQ,,,
2014-03-31,29.1,29.9,28.3,28.8,3271,EQ,,,
2014-04-01,29.5,29.5,28.1,28.55,1328,EQ,,,
2014-04-02,28.6,29.55,28.5,29.45,315,EQ,,,
2014-04-03,29.5,29.6,29.0,29.2,2696,EQ,,,
2014-04-04,28.7,29.25,28.7,29.05,511,EQ,,,
2014-04-07,29.2,29.2,28.9,29.1,350,EQ,,,
2014-04-09,29.4,30.15,29.4,30.05,2338,EQ,,,
2014-04-10,30.4,30.7,30.2,30.7,971,EQ,,,
2014-04-11,30.7,30.7,30.25,30.45,422,EQ,,,
2014-04-15,30.0,30.3,29.0,29.8,449,EQ,,,
2014-04-16,30.0,30.0,29.6,29.65,184,EQ,,,
2014-04-17,29.5,30.35,29.0,30.25,3519,EQ,,,
2014-04-21,30.0,31.0,30.0,30.9,578,EQ,,,
2014-04-22,31.0,31.0,30.8,30.8,703,EQ,,,
2014-04-23,30.8,31.0,30.7,30.7,1633,EQ,,,
2014-04-25,30.9,31.95,30.75,30.75,1271,EQ,,,
2014-04-28,31.3,31.4,31.2,31.4,472,EQ,,,
2014-04-29,31.8,31.8,31.45,31.55,281,EQ,,,
2014-04-30,31.6,31.65,31.15,31.35,1045,EQ,,,
2014-05-02,31.6,31.6,30.95,31.0,234,EQ,,,
2014-05-05,31.0,31.1,31.0,31.1,129,EQ,,,
2014-05-06,31.25,31.3,31.2,31.2,402,EQ,,,
2014-05-07,31.2,31.35,31.05,31.35,114,EQ,,,
2014-05-08,31.3,31.3,30.9,30.9,448,EQ,,,
2014-05-09,31.25,31.7,31.25,31.7,4123,EQ,,,
2014-05-12,32.0,33.0,31.6,32.55,2499,EQ,,,
2014-05-13,33.0,33.85,33.0,33.3,1858,EQ,,,
2014-05-14,33.3,34.5,33.3,34.5,1934,EQ,,,
2014-05-15,34.6,35.0,34.3,34.7,7411,EQ,,,
2014-05-16,34.7,41.65,34.7,36.2,7696,EQ,,,
2014-05-19,37.0,38.8,36.95,38.6,6656,EQ,,,
2014-05-20,39.0,39.65,38.6,39.1,2141,EQ,,,
2014-05-21,39.0,39.0,38.1,38.3,923,EQ,,,
2014-05-22,39.0,39.0,38.55,38.85,131107,EQ,,,
2014-05-23,38.85,41.7,38.65,41.65,4576,EQ,,,
2014-05-26,41.75,42.8,39.5,40.85,204130,EQ,,,
2014-05-27,41.2,41.2,39.8,40.1,5864,EQ,,,
2014-05-28,39.7,39.7,39.2,39.3,1486,EQ,,,
2014-05-29,39.35,39.95,38.8,39.2,4613,EQ,,,
2014-05-30,39.25,39.25,38.0,38.45,254,EQ,,,
2014-06-02,38.45,39.9,38.3,39.8,4434,EQ,,,
2014-06-03,39.9,42.45,39.5,40.3,5737,EQ,,,
2014-06-04,40.6,44.6,40.3,40.85,5961,EQ,,,
2014-06-05,41.1,41.5,40.85,41.15,11579,EQ,,,
2014-06-06,41.4,41.95,41.4,41.7,6281,EQ,,,
2014-06-09,42.0,42.45,41.9,42.0,1944,EQ,,,
2014-06-10,42.0,42.0,41.15,41.4,2705,EQ,,,
2014-06-11,41.5,42.5,41.15,41.15,2576,EQ,,,
2014-06-12,42.0,46.8,40.8,40.9,171524,EQ,,,
2014-06-13,41.05,41.1,39.35,40.1,9442,EQ,,,
2014-06-16,39.6,39.6,38.55,39.0,4823,EQ,,,
2014-06-17,38.6,40.45,38.6,40.35,7040,EQ,,,
2014-06-18,39.0,40.7,38.55,40.55,1337,EQ,,,
2014-06-19,41.0,41.35,39.2,39.25,1578,EQ,,,
2014-06-20,40.0,40.0,39.0,39.05,943,EQ,,,
2014-06-23,39.05,39.2,38.85,39.05,1637,EQ,,,
2014-06-24,39.6,40.2,39.6,40.15,1581,EQ,,,
2014-06-25,40.05,40.2,40.0,40.2,2799,EQ,,,
2014-06-26,40.2,40.6,39.9,40.0,3180,EQ,,,
2014-06-27,39.9,39.9,39.65,39.65,1396,EQ,,,
2014-06-30,40.05,40.9,40.05,40.8,1845,EQ,,,
2014-07-01,41.0,41.2,40.8,40.8,1840,EQ,,,
2014-07-02,41.15,41.3,41.1,41.3,2257,EQ,,,
2014-07-03,41.5,41.5,40.9,40.95,2821,EQ,,,
2014-07-04,41.1,41.1,40.4,40.45,2847,EQ,,,
2014-07-07,41.0,41.0,40.5,40.7,2298,EQ,,,
2014-07-08,40.5,40.5,38.45,38.9,4873,EQ,,,
2014-07-09,38.7,39.1,38.2,38.45,6798,EQ,,,
2014-07-10,38.5,39.95,37.1,38.95,6274,EQ,,,
2014-07-11,38.3,38.3,36.1,36.5,6697,EQ,,,
2014-07-14,36.2,36.7,36.15,36.35,3243,EQ,,,
2014-07-15,36.75,37.7,36.65,37.35,6652,EQ,,,
2014-07-16,38.0,38.1,37.85,38.1,3726,EQ,,,
2014-07-17,37.9,39.0,37.8,38.65,5441,EQ,,,
2014-07-18,37.5,38.3,37.05,38.2,3975,EQ,,,
2014-07-21,38.5,38.55,37.75,38.05,2281,EQ,,,
2014-07-22,38.0,38.0,37.55,37.6,595,EQ,,,
2014-07-23,37.9,39.0,37.85,37.95,2529,EQ,,,
2014-07-24,38.05,38.4,38.05,38.15,14466,EQ,,,
2014-07-25,38.2,38.2,37.45,37.8,4028,EQ,,,
2014-07-28,37.8,38.0,37.45,37.5,2040,EQ,,,
2014-07-30,37.65,38.0,37.2,37.95,2897,EQ,,,
2014-07-31,38.0,38.1,37.2,37.3,1046,EQ,,,
2014-08-01,36.8,37.9,36.45,36.8,3519,EQ,,,
2014-08-04,37.65,38.45,36.75,36.95,1785,EQ,,,
2014-08-05,37.8,37.9,37.4,37.75,1011,EQ,,,
2014-08-06,37.9,37.9,37.0,37.0,484,EQ,,,
2014-08-07,37.0,37.0,36.65,36.75,714,EQ,,,
2014-08-08,36.5,36.7,36.5,36.6,1708,EQ,,,
2014-08-11,36.85,37.0,36.6,36.6,1188,EQ,,,
2014-08-12,36.65,37.0,36.4,37.0,5995,EQ,,,
2014-08-13,36.6,36.6,35.65,36.25,6009,EQ,,,
2014-08-14,35.75,36.15,35.5,35.8,5407,EQ,,,
2014-08-18,35.75,36.05,35.7,35.9,4005,EQ,,,
2014-08-19,36.9,36.95,36.6,36.85,3119,EQ,,,
2014-08-20,36.7,36.7,36.5,36.5,1008,EQ,,,
2014-08-21,36.5,37.5,36.5,37.4,4405,EQ,,,
2014-08-22,37.6,38.1,37.6,37.8,2973,EQ,,,
2014-08-25,40.0,40.0,37.5,37.55,3777,EQ,,,
2014-08-26,37.25,37.6,36.95,37.05,3412,EQ,,,
2014-08-27,37.95,38.0,37.5,37.5,1778,EQ,,,
2014-08-28,37.15,37.2,37.0,37.05,268,EQ,,,
2014-09-01,37.1,37.15,37.05,37.1,1378,EQ,,,
2014-09-02,37.1,38.2,37.1,37.95,4148,EQ,,,
2014-09-03,37.85,37.85,37.35,37.4,1900,EQ,,,
2014-09-04,37.5,37.65,37.15,37.6,3195,EQ,,,
2014-09-05,37.25,37.4,37.0,37.05,711,EQ,,,
2014-09-08,37.2,37.55,37.2,37.5,590,EQ,,,
2014-09-09,37.45,38.2,37.3,38.15,4092,EQ,,,
2014-09-10,37.6,38.0,37.35,38.0,2173,EQ,,,
2014-09-11,38.4,38.65,38.1,38.35,2774,EQ,,,
2014-09-12,38.35,39.3,38.05,39.25,135914,EQ,,,
2014-09-15,39.1,39.75,38.0,39.1,12429,EQ,,,
2014-09-16,39.35,39.6,38.0,38.1,5517,EQ,,,
2014-09-17,38.05,38.6,38.05,38.55,2157,EQ,,,
2014-09-18,38.8,39.5,38.7,39.45,9679,EQ,,,
2014-09-19,39.3,39.4,38.4,38.6,5703,EQ,,,
2014-09-22,38.5,39.25,38.35,38.85,7720,EQ,,,
2014-09-23,38.65,38.65,37.8,38.0,3471,EQ,,,
2014-09-24,38.8,38.8,36.55,37.3,9413,EQ,,,
2014-09-25,37.0,37.0,33.85,35.45,14788,EQ,,,
2014-09-26,37.7,37.7,34.55,35.65,13088,EQ,,,
2014-09-29,35.9,35.9,35.4,35.9,2217,EQ,,,
2014-09-30,36.5,36.5,35.45,35.95,8444,EQ,,,
2014-10-01,35.55,35.55,35.3,35.45,1253,EQ,,,
2014-10-07,33.8,35.4,33.8,34.55,1505,EQ,,,
2014-10-08,34.9,35.1,34.4,35.1,6150,EQ,,,
2014-10-09,35.1,36.3,35.1,35.8,9472,EQ,,,
2014-10-10,35.4,36.5,35.35,35.7,7569,EQ,,,
2014-10-13,35.4,36.6,35.4,36.5,14319,EQ,,,
2014-10-14,36.4,37.0,35.85,36.55,12117,EQ,,,
2014-10-16,36.55,36.75,36.0,36.5,9344,EQ,,,
2014-10-17,36.3,37.1,36.1,36.5,13724,EQ,,,
2014-10-20,37.0,38.1,37.0,37.8,14095,EQ,,,
2014-10-21,37.7,38.9,37.7,38.45,45869,EQ,,,
2014-10-22,38.5,38.5,37.6,38.2,33071,EQ,,,
2014-10-23,38.5,38.5,37.9,38.3,3910,EQ,,,
2014-10-27,38.2,38.7,37.8,38.5,27051,EQ,,,
2014-10-28,38.4,39.0,38.4,38.8,37954,EQ,,,
2014-10-29,38.75,39.2,38.2,38.45,31537,EQ,,,
2014-10-30,38.4,38.8,38.2,38.65,26228,EQ,,,
2014-10-31,38.8,42.2,38.75,40.1,24796,EQ,,,
2014-11-03,40.1,40.1,39.5,39.9,5039,EQ,,,
2014-11-05,40.0,40.4,40.0,40.1,6093,EQ,,,
2014-11-07,39.6,40.0,39.6,39.8,1189,EQ,,,
2014-11-10,39.3,40.3,38.0,39.75,1841,EQ,,,
2014-11-11,40.2,40.3,39.55,40.1,2405,EQ,,,
2014-11-12,40.25,41.0,40.1,40.55,7812,EQ,,,
2014-11-13,40.5,40.65,39.6,39.7,8295,EQ,,,
2014-11-14,39.8,41.0,39.8,40.45,7643,EQ,,,
2014-11-17,40.9,41.9,40.45,41.65,21326,EQ,,,
2014-11-18,41.5,42.9,41.3,42.65,13255,EQ,,,
2014-11-19,42.0,42.8,41.6,42.2,22627,EQ,,,
2014-11-20,42.0,42.2,41.4,42.15,8272,EQ,,,
2014-11-21,42.15,43.2,41.95,43.05,19359,EQ,,,
2014-11-24,43.25,43.25,40.2,41.0,41318,EQ,,,
2014-11-25,41.0,41.0,40.0,40.35,9305,EQ,,,
2014-11-26,40.35,40.8,40.0,40.45,33402,EQ,,,
2014-11-27,40.0,40.7,40.0,40.6,3733,EQ,,,
2014-11-28,40.6,43.0,40.6,42.25,82264,EQ,,,
2014-12-01,42.7,42.85,42.0,42.65,43985,EQ,,,
2014-12-02,42.5,43.2,41.9,43.05,18698,EQ,,,
2014-12-03,42.5,43.5,42.5,42.7,11937,EQ,,,
2014-12-04,42.7,43.2,42.3,42.9,7205,EQ,,,
2014-12-05,43.0,43.6,43.0,43.25,2059,EQ,,,
2014-12-08,43.3,43.5,42.6,42.9,22497,EQ,,,
2014-12-09,43.05,43.45,41.8,41.9,8688,EQ,,,
2014-12-10,41.8,43.1,41.7,42.75,13658,EQ,,,
2014-12-11,42.65,43.15,42.0,42.7,3409,EQ,,,
2014-12-12,42.5,43.5,42.4,42.75,17199,EQ,,,
2014-12-15,42.7,42.7,42.0,42.4,21300,EQ,,,
2014-12-16,42.5,42.5,40.4,40.55,16088,EQ,,,
2014-12-17,40.3,41.6,39.6,40.75,28996,EQ,,,
2014-12-18,41.3,42.1,41.3,42.0,4405,EQ,,,
2014-12-19,42.0,42.5,41.6,41.8,1507,EQ,,,
2014-12-22,41.7,42.55,41.6,42.55,7498,EQ,,,
2014-12-23,42.1,42.7,41.8,42.0,11392,EQ,,,
2014-12-24,41.9,42.1,41.7,41.9,585,EQ,,,
2014-12-26,42.0,42.9,41.9,42.5,13146,EQ,,,
2014-12-29,42.75,43.0,42.4,42.95,8930,EQ,,,
2014-12-30,42.3,43.1,42.1,42.95,11029,EQ,,,
2014-12-31,42.9,43.0,42.8,42.9,2502,EQ,,,
2015-01-01,42.9,43.5,42.9,43.25,1130,EQ,,,
2015-01-02,43.8,44.0,43.0,43.7,13892,EQ,,,
2015-01-05,43.5,43.8,42.8,43.1,3679,EQ,,,
2015-01-06,43.0,43.0,41.5,41.7,15349,EQ,,,
2015-01-07,42.5,42.5,40.8,41.35,11549,EQ,,,
2015-01-08,41.6,42.0,41.6,41.9,2466,EQ,,,
2015-01-09,42.2,42.3,41.5,41.85,14199,EQ,,,
2015-01-12,41.7,42.7,41.5,42.6,8948,EQ,,,
2015-01-13,42.6,42.6,41.9,42.15,785,EQ,,,
2015-01-14,41.35,42.4,41.3,41.7,13951,EQ,,,
2015-01-15,43.5,45.0,42.4,43.35,60653,EQ,,,
2015-01-16,43.4,43.4,43.0,43.15,23434,EQ,,,
2015-01-19,43.3,43.4,42.9,43.4,7451,EQ,,,
2015-01-20,43.2,43.7,43.15,43.55,18118,EQ,,,
2015-01-21,43.5,44.7,43.5,44.5,14753,EQ,,,
2015-01-22,44.3,44.4,43.7,44.0,11922,EQ,,,
2015-01-23,44.0,44.7,43.6,44.05,16725,EQ,,,
2015-01-27,43.7,44.1,43.7,43.95,5953,EQ,,,
2015-01-28,43.9,44.6,43.9,44.5,21478,EQ,,,
2015-01-29,44.1,44.3,43.2,43.55,18301,EQ,,,
2015-01-30,43.3,43.5,40.7,41.05,31993,EQ,,,
2015-02-02,40.8,41.2,39.85,40.8,26903,EQ,,,
2015-02-03,41.2,41.3,39.65,39.9,27062,EQ,,,
2015-02-04,40.0,40.0,38.7,39.05,27996,EQ,,,
2015-02-05,39.0,39.5,38.0,38.35,11730,EQ,,,
2015-02-06,38.0,38.4,37.5,37.6,19574,EQ,,,
2015-02-09,37.5,38.4,36.4,37.1,19084,EQ,,,
2015-02-10,38.9,38.9,36.3,37.25,9690,EQ,,,
2015-02-11,38.2,38.2,36.9,37.3,10900,EQ,,,
2015-02-12,37.6,37.7,36.8,37.55,8443,EQ,,,
2015-02-13,37.7,39.3,37.4,38.85,10664,EQ,,,
2015-02-16,39.4,39.9,39.0,39.4,8924,EQ,,,
2015-02-18,39.4,39.7,38.95,39.3,21320,EQ,,,
2015-02-19,39.2,39.3,38.0,38.55,1775,EQ,,,
2015-02-20,39.0,39.6,38.9,39.15,1364,EQ,,,
2015-02-23,39.0,39.3,38.2,38.6,9531,EQ,,,
2015-02-24,38.6,38.6,37.6,37.9,11869,EQ,,,
2015-02-25,38.4,38.5,38.0,38.2,9157,EQ,,,
2015-02-26,38.2,38.2,37.2,37.4,2989,EQ,,,
2015-02-27,37.4,39.3,37.4,38.8,14671,EQ,,,
2015-02-28,39.3,40.2,38.05,39.85,1325,EQ,,,
2015-03-02,39.2,39.3,38.4,38.75,16483,EQ,,,
2015-03-03,38.6,39.4,38.5,39.15,10566,EQ,,,
2015-03-04,40.1,40.5,38.3,38.9,32454,EQ,,,
2015-03-05,38.3,38.6,37.7,38.2,13086,EQ,,,
2015-03-09,37.65,38.2,37.5,37.95,1813,EQ,,,
2015-03-10,37.7,38.0,37.2,37.55,1278,EQ,,,
2015-03-11,36.5,38.5,36.0,36.8,38622,EQ,,,
2015-03-12,37.4,37.5,37.1,37.3,88,EQ,,,
2015-03-13,37.6,37.6,36.6,36.75,630,EQ,,,
2015-03-16,36.7,37.0,36.4,36.8,38266,EQ,,,
2015-03-17,37.1,37.2,36.4,36.75,10620,EQ,,,
2015-03-18,37.2,37.5,36.8,37.4,2719,EQ,,,
2015-03-19,37.4,37.6,36.4,36.55,3446,EQ,,,
2015-03-20,36.3,36.4,35.7,35.8,12182,EQ,,,
2015-03-23,37.3,37.3,35.6,35.95,5463,EQ,,,
2015-03-24,35.9,35.9,35.1,35.35,1913,EQ,,,
2015-03-25,35.9,35.9,34.5,34.7,2393,EQ,,,
2015-03-26,34.6,34.7,33.3,34.05,1839,EQ,,,
2015-03-27,35.3,36.25,33.2,34.35,26931,EQ,,,
2015-03-30,34.3,34.85,34.0,34.15,36684,EQ,,,
2015-03-31,34.7,35.25,34.3,34.65,9036,EQ,,,
2015-04-01,34.3,35.3,34.2,35.05,1681,EQ,,,
2015-04-06,35.3,35.45,35.0,35.3,1030,EQ,,,
2015-04-07,35.3,35.8,34.9,35.1,2340,EQ,,,
2015-04-08,35.2,35.6,35.1,35.2,1927,EQ,,,
2015-04-09,35.6,36.8,35.1,36.15,26755,EQ,,,
2015-04-10,35.8,37.15,35.8,36.95,16651,EQ,,,
2015-04-13,36.9,37.05,36.65,36.9,4865,EQ,,,
2015-04-15,37.0,38.1,36.9,37.6,9357,EQ,,,
2015-04-16,37.5,38.2,37.0,38.15,6888,EQ,,,
2015-04-17,33.3,38.3,33.3,37.5,19485,EQ,,,
2015-04-20,37.5,38.2,36.8,37.4,25622,EQ,,,
2015-04-21,37.1,38.0,36.5,37.65,63718,EQ,,,
2015-04-22,37.9,38.3,36.1,37.45,18833,EQ,,,
2015-04-23,37.05,37.4,36.3,36.5,21003,EQ,,,
2015-04-24,37.1,37.1,35.7,35.9,12941,EQ,,,
2015-04-27,35.4,36.6,35.25,35.7,13772,EQ,,,
2015-04-28,35.3,35.7,34.8,35.45,22856,EQ,,,
2015-04-29,35.55,36.1,35.2,35.45,10800,EQ,,,
2015-04-30,35.3,36.6,35.1,35.55,15129,EQ,,,
2015-05-04,35.3,35.95,35.2,35.9,1580,EQ,,,
2015-05-05,35.8,35.95,35.65,35.65,393,EQ,,,
2015-05-06,35.3,35.5,34.65,34.7,2640,EQ,,,
2015-05-07,34.6,34.8,33.75,33.85,3637,EQ,,,
2015-05-08,33.9,35.25,33.3,33.6,6607,EQ,,,
2015-05-11,33.3,35.1,33.3,34.7,8434,EQ,,,
2015-05-12,34.45,34.6,33.8,34.05,983,EQ,,,
2015-05-13,34.3,34.8,34.2,34.55,551,EQ,,,
2015-05-14,34.6,35.9,34.4,35.5,2776,EQ,,,
2015-05-15,35.5,36.6,35.5,36.25,2302,EQ,,,
2015-05-18,36.3,36.4,35.5,35.8,811,EQ,,,
2015-05-19,36.1,36.5,35.7,36.2,864,EQ,,,
2015-05-20,36.5,36.6,36.3,36.45,2582,EQ,,,
2015-05-21,36.6,36.6,36.1,36.1,2395,EQ,,,
2015-05-22,36.0,37.55,36.0,36.55,21921,EQ,,,
2015-05-25,35.9,36.0,35.15,35.4,3342,EQ,,,
2015-05-26,35.3,35.4,34.9,35.05,3624,EQ,,,
2015-05-27,35.0,35.8,34.8,35.65,2210,EQ,,,
2015-05-28,35.5,35.6,35.15,35.45,1317,EQ,,,
2015-05-29,35.5,35.9,35.4,35.7,1796,EQ,,,
2015-06-01,36.0,36.1,35.9,36.0,289,EQ,,,
2015-06-02,36.0,36.1,31.1,33.4,2275,EQ,,,
2015-06-03,33.95,34.85,33.35,33.55,2347,EQ,,,
2015-06-04,33.6,34.1,33.1,33.1,1404,EQ,,,
2015-06-05,33.3,33.8,33.3,33.55,914,EQ,,,
2015-06-08,33.4,33.6,32.6,32.65,2195,EQ,,,
2015-06-09,32.6,32.9,32.5,32.75,615,EQ,,,
2015-06-10,33.0,33.3,33.0,33.3,723,EQ,,,
2015-06-11,33.2,33.3,32.0,32.2,2048,EQ,,,
2015-06-12,33.0,33.0,32.0,32.35,659,EQ,,,
2015-06-15,32.0,32.2,31.9,31.9,1077,EQ,,,
2015-06-16,31.6,32.2,31.3,32.2,734,EQ,,,
2015-06-17,32.3,32.4,32.2,32.2,309,EQ,,,
2015-06-18,32.5,32.7,32.3,32.4,817,EQ,,,
2015-06-19,32.4,33.2,32.4,33.05,439,EQ,,,
2015-06-22,33.0,33.8,32.9,33.7,1888,EQ,,,
2015-06-23,34.5,34.5,33.9,34.15,5333,EQ,,,
2015-06-24,33.9,34.0,33.0,33.25,1480,EQ,,,
2015-06-25,33.1,33.7,33.0,33.6,398,EQ,,,
2015-06-26,33.0,33.4,32.9,33.4,70,EQ,,,
2015-06-29,33.0,33.0,32.2,32.7,542,EQ,,,
2015-06-30,32.85,32.95,32.65,32.8,1241,EQ,,,
2015-07-01,33.0,34.1,32.9,33.35,5613,EQ,,,
2015-07-02,33.7,34.0,33.4,33.7,868,EQ,,,
2015-07-03,33.6,33.75,33.5,33.75,1582,EQ,,,
2015-07-06,33.3,34.95,33.3,34.15,1899,EQ,,,
2015-07-07,34.2,34.65,34.2,34.4,822,EQ,,,
2015-07-08,33.6,34.4,33.0,33.3,3748,EQ,,,
2015-07-09,33.9,34.4,33.7,33.8,1674,EQ,,,
2015-07-10,34.3,34.3,33.7,34.15,3625,EQ,,,
2015-07-13,34.3,34.8,34.0,34.6,2423,EQ,,,
2015-07-14,34.6,34.75,34.0,34.45,687,EQ,,,
2015-07-15,34.5,34.8,34.1,34.2,101,EQ,,,
2015-07-16,34.2,34.5,34.0,34.25,2720,EQ,,,
2015-07-17,34.4,34.6,34.1,34.3,906,EQ,,,
2015-07-20,34.2,34.5,33.8,34.05,240,EQ,,,
2015-07-21,33.85,34.0,33.3,33.5,1386,EQ,,,
2015-07-22,32.9,33.8,32.9,33.8,5995,EQ,,,
2015-07-23,33.9,34.1,33.1,34.1,1262,EQ,,,
2015-07-24,33.8,33.9,33.4,33.6,545,EQ,,,
2015-07-27,33.3,33.6,32.5,32.8,1094,EQ,,,
2015-07-28,32.8,33.1,32.5,32.75,13543,EQ,,,
2015-07-29,32.8,32.8,31.8,32.05,1915,EQ,,,
2015-07-30,32.3,34.0,32.3,33.5,960,EQ,,,
2015-07-31,33.8,34.9,33.6,34.55,12688,EQ,,,
2015-08-03,34.0,36.6,34.0,36.0,23946,EQ,,,
2015-08-04,35.95,37.7,35.8,37.0,15715,EQ,,,
2015-08-05,37.2,37.5,36.6,36.65,37900,EQ,,,
2015-08-06,36.3,37.5,36.3,37.1,28943,EQ,,,
2015-08-07,37.0,37.2,36.5,37.0,13836,EQ,,,
2015-08-10,36.4,37.0,36.2,36.25,9278,EQ,,,
2015-08-11,36.8,37.1,35.0,35.35,3691,EQ,,,
2015-08-12,34.8,35.2,33.65,34.2,18893,EQ,,,
2015-08-13,34.7,34.8,34.15,34.55,723,EQ,,,
2015-08-14,34.5,35.5,34.25,35.3,13426,EQ,,,
2015-08-17,36.3,37.7,36.0,37.5,33468,EQ,,,
2015-08-18,37.7,38.1,36.6,37.8,29496,EQ,,,
2015-08-19,37.5,37.8,36.8,36.9,4447,EQ,,,
2015-08-20,37.0,38.0,35.8,35.85,49567,EQ,,,
2015-08-21,35.5,35.7,34.6,35.55,1773,EQ,,,
2015-08-24,33.7,34.8,33.0,33.1,6204,EQ,,,
2015-08-25,33.3,33.4,31.6,32.8,11998,EQ,,,
2015-08-26,32.8,32.9,32.0,32.55,2177,EQ,,,
2015-08-27,33.45,33.45,32.3,33.1,3916,EQ,,,
2015-08-28,33.5,33.8,32.6,32.85,764,EQ,,,
2015-08-31,31.85,33.45,31.5,32.35,9951,EQ,,,
2015-09-01,32.2,32.3,31.1,31.6,3787,EQ,,,
2015-09-02,31.5,31.8,30.1,30.55,21733,EQ,,,
2015-09-03,30.7,31.5,30.5,30.6,6446,EQ,,,
2015-09-04,30.7,30.7,29.4,29.8,20371,EQ,,,
2015-09-07,30.1,30.5,29.3,29.4,2138,EQ,,,
2015-09-08,29.4,32.5,29.0,32.05,4980,EQ,,,
2015-09-09,31.1,31.5,30.3,31.5,3165,EQ,,,
2015-09-10,30.2,30.5,30.0,30.25,23842,EQ,,,
2015-09-11,30.3,31.5,30.2,30.35,5684,EQ,,,
2015-09-14,30.5,31.1,30.5,31.1,10172,EQ,,,
2015-09-15,31.3,31.5,30.8,30.85,6640,EQ,,,
2015-09-16,31.2,31.4,31.0,31.2,4693,EQ,,,
2015-09-18,31.5,32.45,31.5,32.2,1916,EQ,,,
2015-09-21,31.9,32.7,31.9,32.65,1723,EQ,,,
2015-09-22,33.0,33.0,31.3,32.0,4387,EQ,,,
2015-09-23,31.5,32.75,31.5,32.3,428,EQ,,,
2015-09-24,31.8,32.0,31.8,31.8,599,EQ,,,
2015-09-28,31.6,32.8,31.6,31.75,1325,EQ,,,
2015-09-29,31.15,32.5,31.0,32.0,3451,EQ,,,
2015-09-30,32.3,32.3,31.5,31.75,1042,EQ,,,
2015-10-01,31.8,31.9,31.5,31.6,183,EQ,,,
2015-10-05,31.7,32.1,31.7,31.9,1133,EQ,,,
2015-10-06,32.2,32.2,31.9,32.15,310,EQ,,,
2015-10-07,32.1,32.6,32.1,32.55,1241,EQ,,,
2015-10-08,32.6,32.7,32.3,32.5,8045,EQ,,,
2015-10-09,32.8,33.1,32.0,32.55,18757,EQ,,,
2015-10-12,32.5,32.5,31.4,32.2,2977,EQ,,,
2015-10-13,32.3,32.4,32.1,32.2,912,EQ,,,
2015-10-14,32.2,32.4,32.0,32.1,4991,EQ,,,
2015-10-15,32.2,32.7,32.0,32.7,6519,EQ,,,
2015-10-16,32.7,33.6,32.4,33.25,2951,EQ,,,
2015-10-19,33.3,33.4,33.0,33.0,466,EQ,,,
2015-10-20,33.1,33.5,33.1,33.4,2175,EQ,,,
2015-10-21,33.1,33.2,32.55,32.55,8672,EQ,,,
2015-10-23,33.0,33.2,32.9,33.1,908,EQ,,,
2015-10-26,33.0,33.0,32.6,32.8,2770,EQ,,,
2015-10-27,32.9,32.9,32.4,32.4,1655,EQ,,,
2015-10-28,32.3,32.3,31.5,32.0,538,EQ,,,
2015-10-29,31.8,31.9,31.3,31.55,1417,EQ,,,
2015-10-30,31.4,31.6,30.7,30.9,2109,EQ,,,
2015-11-02,30.9,31.8,30.4,31.2,5316,EQ,,,
2015-11-03,31.05,31.3,30.8,31.0,1147,EQ,,,
2015-11-04,31.2,31.5,30.9,31.0,40253,EQ,,,
2015-11-05,31.1,31.3,30.6,30.8,3495,EQ,,,
2015-11-06,30.8,32.0,30.35,31.55,6879,EQ,,,
2015-11-09,32.0,32.8,31.3,32.7,5638,EQ,,,
2015-11-10,32.0,32.9,31.7,32.35,11041,EQ,,,
2015-11-11,32.0,32.3,32.0,32.1,840,EQ,,,
2015-11-13,31.7,31.8,31.4,31.5,1323,EQ,,,
2015-11-16,31.95,32.6,31.75,32.3,2106,EQ,,,
2015-11-17,32.4,33.1,32.2,32.45,3042,EQ,,,
2015-11-18,32.0,32.4,31.8,31.85,1417,EQ,,,
2015-11-19,31.85,32.1,31.85,32.0,2193,EQ,,,
2015-11-20,31.8,32.2,31.5,32.15,2810,EQ,,,
2015-11-23,32.0,32.3,31.8,32.1,789,EQ,,,
2015-11-24,31.7,31.9,31.7,31.8,47,EQ,,,
2015-11-26,32.45,32.45,31.5,31.8,4599,EQ,,,
2015-11-27,31.8,32.95,31.8,32.75,15264,EQ,,,
2015-11-30,32.9,33.5,32.9,33.2,24760,EQ,,,
2015-12-01,33.1,33.4,32.5,33.05,6574,EQ,,,
2015-12-02,33.0,33.0,32.05,32.5,39523,EQ,,,
2015-12-03,32.5,33.15,31.2,31.6,12051,EQ,,,
2015-12-04,31.4,31.6,31.3,31.5,131,EQ,,,
2015-12-07,31.6,31.7,31.2,31.45,886,EQ,,,
2015-12-08,31.3,31.6,30.8,30.8,9662,EQ,,,
2015-12-09,30.8,30.9,30.4,30.6,716,EQ,,,
2015-12-10,30.7,30.9,30.0,30.6,4006,EQ,,,
2015-12-11,30.4,31.0,29.2,29.7,1743,EQ,,,
2015-12-14,29.2,29.5,29.0,29.3,16755,EQ,,,
2015-12-15,29.0,29.5,29.0,29.25,723,EQ,,,
2015-12-16,29.3,29.6,29.2,29.55,252,EQ,,,
2015-12-17,29.8,30.1,29.4,30.0,960,EQ,,,
2015-12-18,29.9,30.25,29.6,29.75,20620,EQ,,,
2015-12-21,29.8,30.1,29.8,30.0,513,EQ,,,
2015-12-22,30.1,30.2,29.7,29.8,617,EQ,,,
2015-12-23,29.8,30.2,29.7,30.0,348,EQ,,,
2015-12-24,29.9,29.9,29.05,29.7,9109,EQ,,,
2015-12-28,30.3,30.55,29.6,29.7,246,EQ,,,
2015-12-29,29.7,29.8,29.5,29.7,207,EQ,,,
2015-12-30,29.7,30.0,29.3,29.4,23560,EQ,,,
2015-12-31,29.4,29.4,29.1,29.2,488,EQ,,,
2016-01-01,29.3,29.7,29.2,29.6,379,EQ,,,
2016-01-04,29.6,29.6,28.4,28.5,34687,EQ,,,
2016-01-05,28.8,28.8,28.0,28.25,1365,EQ,,,
2016-01-06,28.0,28.6,28.0,28.15,813,EQ,,,
2016-01-07,28.2,28.2,26.8,27.1,1985,EQ,,,
2016-01-08,27.5,28.0,27.0,27.15,1776,EQ,,,
2016-01-11,27.0,27.0,26.3,26.45,4460,EQ,,,
2016-01-12,26.4,26.5,25.9,26.1,1104,EQ,,,
2016-01-13,26.1,26.1,25.05,25.4,6640,EQ,,,
2016-01-14,25.0,25.5,25.0,25.1,2709,EQ,,,
2016-01-15,25.1,25.1,23.9,24.0,3422,EQ,,,
2016-01-18,23.9,24.0,23.1,23.25,20538,EQ,,,
2016-01-19,23.5,24.0,23.3,23.55,1763,EQ,,,
2016-01-20,23.1,23.1,22.2,22.5,4584,EQ,,,
2016-01-21,22.8,23.4,22.3,23.1,2541,EQ,,,
2016-01-22,23.2,24.0,23.1,23.9,16835,EQ,,,
2016-01-25,24.1,24.4,23.4,23.95,19219,EQ,,,
2016-01-27,23.9,24.15,23.3,23.65,16403,EQ,,,
2016-01-28,23.3,24.0,23.3,23.7,14000,EQ,,,
2016-01-29,24.0,24.0,23.1,23.5,9373,EQ,,,
2016-02-01,23.6,23.6,22.55,22.6,4732,EQ,,,
2016-02-02,22.6,23.5,22.25,22.35,16469,EQ,,,
2016-02-03,21.9,22.0,21.5,21.75,2044,EQ,,,
2016-02-04,22.15,22.5,21.5,21.85,2733,EQ,,,
2016-02-05,21.8,22.4,21.7,22.3,3791,EQ,,,
2016-02-08,22.5,23.6,22.5,23.1,10965,EQ,,,
2016-02-09,22.5,23.0,22.2,22.35,5032,EQ,,,
2016-02-10,22.4,22.45,20.6,20.9,23062,EQ,,,
2016-02-11,21.0,22.7,20.2,20.6,13019,EQ,,,
2016-02-12,20.6,20.6,19.3,19.75,11332,EQ,,,
2016-02-15,20.1,22.15,20.1,21.85,10985,EQ,,,
2016-02-16,22.0,22.9,20.1,20.75,4800,EQ,,,
2016-02-17,20.2,21.35,20.0,21.0,6742,EQ,,,
2016-02-18,21.2,21.8,20.75,21.6,32120,EQ,,,
2016-02-19,21.2,21.8,21.1,21.8,5258,EQ,,,
2016-02-22,22.0,22.5,21.4,21.45,3573,EQ,,,
2016-02-23,21.55,22.0,20.9,20.9,5904,EQ,,,
2016-02-24,20.9,21.15,20.6,20.8,1805,EQ,,,
2016-02-25,21.0,21.1,20.05,20.5,5087,EQ,,,
2016-02-26,20.7,21.8,20.2,20.7,10814,EQ,,,
2016-02-29,20.9,22.3,20.3,20.7,3503,EQ,,,
2016-03-01,20.9,21.8,20.9,21.3,1068,EQ,,,
2016-03-02,22.15,24.85,22.15,23.5,5688,EQ,,,
2016-03-03,23.7,23.8,22.9,23.5,18241,EQ,,,
2016-03-04,23.3,24.7,22.0,24.15,21359,EQ,,,
2016-03-08,24.0,24.2,23.5,23.65,3282,EQ,,,
2016-03-09,23.65,24.0,23.1,23.75,2285,EQ,,,
2016-03-10,23.9,23.9,23.2,23.75,15071,EQ,,,
2016-03-11,23.4,23.6,23.1,23.55,4798,EQ,,,
2016-03-14,23.8,24.2,23.3,23.5,6716,EQ,,,
2016-03-15,24.45,24.45,23.6,23.85,538,EQ,,,
2016-03-16,23.9,24.0,23.5,23.75,175,EQ,,,
2016-03-17,24.1,24.45,23.8,23.8,2248,EQ,,,
2016-03-18,24.0,24.5,23.9,24.3,1863,EQ,,,
2016-03-21,24.5,25.5,24.5,25.1,3968,EQ,,,
2016-03-22,25.5,25.8,24.9,25.45,1687,EQ,,,
2016-03-23,25.5,25.6,24.8,25.45,1961,EQ,,,
2016-03-28,25.0,25.2,24.1,24.25,2171,EQ,,,
2016-03-29,24.7,24.7,24.0,24.05,636,EQ,,,
2016-03-30,24.7,25.4,24.3,24.8,2701,EQ,,,
2016-03-31,25.0,26.0,24.8,25.65,877,EQ,,,
2016-04-01,25.95,26.0,24.9,25.6,1047,EQ,,,
2016-04-04,25.7,25.7,25.1,25.4,2642,EQ,,,
2016-04-05,25.4,25.4,24.25,24.95,1797,EQ,,,
2016-04-06,24.4,25.0,24.0,24.35,1477,EQ,,,
2016-04-07,24.0,24.0,23.3,23.65,10418,EQ,,,
2016-04-08,23.6,24.1,23.6,23.75,725,EQ,,,
2016-04-11,23.9,24.4,23.9,24.3,2259,EQ,,,
2016-04-12,24.7,24.7,24.2,24.2,3506,EQ,,,
2016-04-13,24.9,25.0,24.25,24.9,3825,EQ,,,
2016-04-18,24.3,25.4,24.3,24.45,1391,EQ,,,
2016-04-20,24.8,24.8,24.3,24.5,658,EQ,,,
2016-04-21,25.0,25.8,24.5,25.25,1815,EQ,,,
2016-04-22,25.8,26.2,24.55,25.9,2475,EQ,,,
2016-04-25,26.4,26.4,25.5,25.55,1328,EQ,,,
2016-04-26,25.5,26.1,25.5,26.1,644,EQ,,,
2016-04-27,26.4,26.4,25.4,25.6,1291,EQ,,,
2016-04-28,25.9,25.9,25.2,25.2,722,EQ,,,
2016-04-29,25.4,25.4,24.6,25.15,1335,EQ,,,
2016-05-02,25.2,25.2,24.7,24.95,845,EQ,,,
2016-05-03,24.7,24.85,24.25,24.3,881,EQ,,,
2016-05-04,24.1,24.6,23.6,23.65,1714,EQ,,,
2016-05-05,23.8,23.8,23.0,23.45,4796,EQ,,,
2016-05-06,23.6,24.3,23.6,24.15,6921,EQ,,,
2016-05-09,24.3,24.85,24.2,24.65,42681,EQ,,,
2016-05-10,24.5,25.3,24.0,24.8,18642,EQ,,,
2016-05-11,24.5,25.15,24.1,24.2,40948,EQ,,,
2016-05-12,24.7,24.8,24.1,24.55,12191,EQ,,,
2016-05-13,24.3,24.6,23.8,24.15,14701,EQ,,,
2016-05-16,23.7,23.8,22.6,23.05,40385,EQ,,,
2016-05-17,23.1,23.15,22.7,23.0,45497,EQ,,,
2016-05-18,22.85,23.2,22.8,23.1,12885,EQ,,,
2016-05-19,23.1,23.1,22.5,22.55,6388,EQ,,,
2016-05-20,22.6,22.6,22.2,22.3,7764,EQ,,,
2016-05-23,22.3,22.3,21.8,22.05,8353,EQ,,,
2016-05-24,22.1,22.1,21.45,21.7,14997,EQ,,,
2016-05-25,22.2,22.5,22.0,22.35,4011,EQ,,,
2016-05-26,22.5,23.55,22.1,23.35,6664,EQ,,,
2016-05-27,23.8,24.9,23.2,24.65,24752,EQ,,,
2016-05-30,24.6,25.0,24.1,24.4,15344,EQ,,,
2016-05-31,24.7,25.55,24.2,25.4,20781,EQ,,,
2016-06-01,25.4,25.7,24.4,24.7,8883,EQ,,,
2016-06-02,24.7,25.6,24.4,25.2,2101,EQ,,,
2016-06-03,25.0,25.1,24.6,24.9,1254,EQ,,,
2016-06-06,24.9,25.1,24.5,24.8,4802,EQ,,,
2016-06-07,25.2,26.3,25.0,25.85,6877,EQ,,,
2016-06-08,25.8,26.5,25.7,26.35,5890,EQ,,,
2016-06-09,26.0,26.6,25.65,26.2,8027,EQ,,,
2016-06-10,26.3,27.0,25.7,25.7,11270,EQ,,,
2016-06-13,25.4,25.5,25.2,25.45,4579,EQ,,,
2016-06-14,25.9,26.2,25.8,26.15,4642,EQ,,,
2016-06-15,26.1,27.2,26.1,27.0,5280,EQ,,,
2016-06-16,27.2,27.5,26.15,27.15,5751,EQ,,,
2016-06-17,27.2,27.5,26.3,26.75,35171,EQ,,,
2016-06-20,26.25,27.45,26.0,27.2,63235,EQ,,,
2016-06-21,27.2,27.5,26.8,26.95,20061,EQ,,,
2016-06-22,27.2,27.2,26.9,26.9,4199,EQ,,,
2016-06-23,27.15,27.5,26.6,27.3,8140,EQ,,,
2016-06-24,26.6,27.5,25.9,27.4,13266,EQ,,,
2016-06-27,27.4,27.7,26.8,27.55,16133,EQ,,,
2016-06-28,27.7,27.9,27.3,27.45,4286,EQ,,,
2016-06-29,27.6,27.9,27.2,27.85,3793,EQ,,,
2016-06-30,28.0,28.4,27.7,27.8,14447,EQ,,,
2016-07-01,28.0,28.2,27.9,28.05,3683,EQ,,,
2016-07-04,28.8,29.0,28.4,28.8,12518,EQ,,,
2016-07-05,28.9,29.3,28.5,28.8,11566,EQ,,,
2016-07-07,29.0,29.2,28.7,28.8,3453,EQ,,,
2016-07-08,28.5,28.8,27.8,28.35,5841,EQ,,,
2016-07-11,28.0,29.5,28.0,29.4,13996,EQ,,,
2016-07-12,29.3,29.9,29.2,29.7,2313,EQ,,,
2016-07-13,29.0,29.8,29.0,29.4,8660,EQ,,,
2016-07-14,29.5,31.0,29.1,30.5,7794,EQ,,,
2016-07-15,30.9,31.1,29.9,30.05,7582,EQ,,,
2016-07-18,29.95,30.65,29.6,29.7,11997,EQ,,,
2016-07-19,29.8,30.2,29.4,29.7,3353,EQ,,,
2016-07-20,29.8,30.1,29.15,29.6,6004,EQ,,,
2016-07-21,29.6,29.8,29.2,29.45,1143,EQ,,,
2016-07-22,29.0,29.0,28.5,28.6,8399,EQ,,,
2016-07-25,28.7,29.75,28.7,29.45,6057,EQ,,,
2016-07-26,29.95,30.2,29.3,29.4,2671,EQ,,,
2016-07-27,29.8,29.9,29.2,29.6,991,EQ,,,
2016-07-28,29.8,30.2,29.45,29.65,6286,EQ,,,
2016-07-29,29.7,29.7,29.4,29.5,349,EQ,,,
2016-08-01,29.5,30.3,28.85,29.0,6351,EQ,,,
2016-08-02,29.2,29.45,29.0,29.15,4362,EQ,,,
2016-08-03,29.2,29.45,28.8,29.0,991,EQ,,,
2016-08-04,29.1,29.2,28.8,29.05,2303,EQ,,,
2016-08-05,29.3,29.9,29.3,29.9,5671,EQ,,,
2016-08-08,29.8,30.1,28.9,29.3,2856,EQ,,,
2016-08-09,29.4,30.35,29.4,29.75,10855,EQ,,,
2016-08-10,30.0,30.0,29.4,29.4,2910,EQ,,,
2016-08-11,29.1,29.3,28.5,28.8,1934,EQ,,,
2016-08-12,28.8,31.3,28.6,30.75,17622,EQ,,,
2016-08-16,30.3,30.8,30.0,30.45,4726,EQ,,,
2016-08-17,30.4,30.9,30.4,30.55,1439,EQ,,,
2016-08-18,30.8,31.4,30.8,31.2,3004,EQ,,,
2016-08-19,31.9,32.4,31.6,32.25,4327,EQ,,,
2016-08-22,32.3,32.55,31.8,31.9,4197,EQ,,,
2016-08-23,31.8,31.8,31.0,31.65,7349,EQ,,,
2016-08-24,31.8,32.0,31.6,32.0,739,EQ,,,
2016-08-25,32.0,32.0,31.4,31.6,1754,EQ,,,
2016-08-26,31.4,31.6,31.0,31.15,434,EQ,,,
2016-08-29,31.0,31.2,30.75,31.05,1957,EQ,,,
2016-08-30,31.2,31.9,31.2,31.75,1984,EQ,,,
2016-08-31,31.9,32.2,31.6,31.7,11346,EQ,,,
2016-09-01,31.8,32.1,31.5,31.6,16532,EQ,,,
2016-09-02,31.7,31.9,31.7,31.8,268,EQ,,,
2016-09-06,32.0,33.3,32.0,32.65,9899,EQ,,,
2016-09-07,33.0,34.4,32.75,34.15,25117,EQ,,,
2016-09-08,34.0,35.0,33.9,33.95,4441,EQ,,,
2016-09-09,33.8,34.1,33.4,33.8,2907,EQ,,,
2016-09-12,33.4,33.4,32.05,32.2,4897,EQ,,,
2016-09-14,32.2,33.0,32.0,32.95,2844,EQ,,,
2016-09-15,33.0,33.1,32.5,32.6,1393,EQ,,,
2016-09-16,33.0,33.3,32.4,32.55,8398,EQ,,,
2016-09-19,32.6,32.8,32.3,32.4,4491,EQ,,,
2016-09-20,32.4,32.6,32.3,32.55,2402,EQ,,,
2016-09-21,32.3,32.6,32.1,32.3,10527,EQ,,,
2016-09-22,32.6,32.9,32.3,32.8,6167,EQ,,,
2016-09-23,32.8,33.0,32.4,32.55,9531,EQ,,,
2016-09-26,32.4,32.6,32.1,32.2,3739,EQ,,,
2016-09-27,32.4,32.4,31.8,31.85,1480,EQ,,,
2016-09-28,31.9,32.8,31.9,32.6,2606,EQ,,,
2016-09-29,32.8,33.0,31.2,31.7,4645,EQ,,,
2016-09-30,32.0,32.2,31.3,31.85,3312,EQ,,,
2016-10-03,32.2,32.9,32.2,32.75,3815,EQ,,,
2016-10-04,32.7,33.3,32.5,33.15,14311,EQ,,,
2016-10-05,33.4,33.8,33.2,33.4,4368,EQ,,,
2016-10-06,33.5,33.7,32.7,32.85,3551,EQ,,,
2016-10-07,32.9,33.0,32.6,32.9,2813,EQ,,,
2016-10-10,33.1,33.4,32.55,32.6,3442,EQ,,,
2016-10-13,32.4,32.4,31.05,31.75,11260,EQ,,,
2016-10-14,31.8,31.9,31.7,31.9,2872,EQ,,,
2016-10-17,32.0,33.0,31.45,31.6,4571,EQ,,,
2016-10-18,31.9,32.4,31.8,32.3,11083,EQ,,,
2016-10-19,32.1,32.35,32.0,32.2,2706,EQ,,,
2016-10-20,32.4,32.9,32.4,32.9,5566,EQ,,,
2016-10-21,32.6,32.85,32.5,32.8,4457,EQ,,,
2016-10-24,33.0,33.5,33.0,33.3,3893,EQ,,,
2016-10-25,33.2,33.4,32.9,33.0,2160,EQ,,,
2016-10-26,32.65,33.3,32.5,32.95,10003,EQ,,,
2016-10-27,32.7,32.7,32.1,32.5,1605,EQ,,,
2016-10-28,32.3,33.1,32.3,33.05,5902,EQ,,,
2016-10-30,32.6,32.6,32.4,32.5,176,EQ,,,
2016-11-01,32.6,32.75,32.4,32.5,1920,EQ,,,
2016-11-02,32.4,32.4,31.4,31.55,2088,EQ,,,
2016-11-03,31.5,31.6,30.8,31.1,25776,EQ,,,
2016-11-04,31.0,31.0,30.2,30.3,3425,EQ,,,
2016-11-07,31.1,33.1,29.75,31.4,14956,EQ,,,
2016-11-08,31.7,31.8,31.1,31.45,5456,EQ,,,
2016-11-09,32.4,33.0,30.0,32.3,11931,EQ,,,
2016-11-10,32.8,35.15,31.0,34.55,23860,EQ,,,
2016-11-11,34.95,36.1,34.1,34.35,228878,EQ,,,
2016-11-15,35.0,35.4,34.55,34.85,33431,EQ,,,
2016-11-16,35.45,36.25,34.1,34.7,6950,EQ,,,
2016-11-17,35.05,35.1,34.3,34.5,5757,EQ,,,
2016-11-18,35.0,35.0,34.5,34.7,3070,EQ,,,
2016-11-21,34.8,34.8,32.2,32.4,11810,EQ,,,
2016-11-22,32.3,32.8,31.05,32.2,13994,EQ,,,
2016-11-23,32.5,32.55,32.1,32.4,4958,EQ,,,
2016-11-24,32.2,32.8,32.1,32.7,8142,EQ,,,
2016-11-25,32.7,33.5,32.6,32.8,4754,EQ,,,
2016-11-28,32.1,32.4,31.3,32.1,3160,EQ,,,
2016-11-29,32.4,32.5,31.9,32.0,2763,EQ,,,
2016-11-30,32.1,32.6,31.9,32.45,3691,EQ,,,
2016-12-01,32.7,32.8,32.2,32.25,3559,EQ,,,
2016-12-02,32.2,32.7,31.8,31.85,1585,EQ,,,
2016-12-05,32.0,33.5,31.9,32.25,6990,EQ,,,
2016-12-06,32.4,32.4,32.1,32.3,767,EQ,,,
2016-12-07,32.6,32.9,31.6,31.9,7335,EQ,,,
2016-12-08,32.2,32.8,32.0,32.3,1487,EQ,,,
2016-12-09,32.2,33.1,32.2,32.9,8353,EQ,,,
2016-12-12,32.9,33.1,32.4,32.6,5567,EQ,,,
2016-12-13,32.5,32.7,32.3,32.4,5881,EQ,,,
2016-12-14,32.3,32.5,31.7,32.2,1718,EQ,,,
2016-12-15,32.4,32.8,32.1,32.8,436,EQ,,,
2016-12-16,32.6,32.95,32.4,32.4,369,EQ,,,
2016-12-19,32.3,32.5,32.0,32.1,784,EQ,,,
2016-12-20,32.3,32.3,30.85,31.3,190244,EQ,,,
2016-12-21,31.3,31.4,31.1,31.15,1448,EQ,,,
2016-12-22,31.0,31.0,30.65,30.7,2727,EQ,,,
2016-12-23,30.6,30.9,30.5,30.6,1555,EQ,,,
2016-12-26,30.4,30.5,29.8,29.9,2444,EQ,,,
2016-12-27,29.9,30.3,29.7,30.1,3148,EQ,,,
2016-12-28,30.2,30.6,30.0,30.1,3289,EQ,,,
2016-12-29,30.3,30.4,29.9,30.2,4106,EQ,,,
2016-12-30,30.4,30.65,30.1,30.55,2055,EQ,,,
2017-01-02,30.8,30.8,29.7,30.0,1078,EQ,,,
2017-01-03,29.8,30.3,29.7,30.0,1665,EQ,,,
2017-01-04,30.2,30.3,29.9,29.95,7240,EQ,,,
2017-01-05,30.2,30.8,30.0,30.15,1735,EQ,,,
2017-01-06,30.3,30.7,30.3,30.4,1460,EQ,,,
2017-01-09,30.5,30.6,30.3,30.35,1550,EQ,,,
2017-01-10,30.5,30.65,30.15,30.55,8952,EQ,,,
2017-01-11,30.6,31.4,30.6,31.25,4549,EQ,,,
2017-01-12,31.4,31.8,31.1,31.2,4349,EQ,,,
2017-01-13,31.3,31.4,30.9,31.1,4032,EQ,,,
2017-01-16,31.3,32.0,31.3,31.75,4987,EQ,,,
2017-01-17,31.75,32.1,31.6,31.75,3081,EQ,,,
2017-01-18,32.0,32.0,31.8,32.0,5408,EQ,,,
2017-01-19,31.9,32.4,31.9,32.25,1119,EQ,,,
2017-01-20,32.1,32.5,30.9,31.3,2549,EQ,,,
2017-01-23,31.6,32.0,31.0,31.6,12488,EQ,,,
2017-01-24,31.7,31.8,31.6,31.65,434,EQ,,,
2017-01-25,31.7,32.3,31.6,32.25,1038,EQ,,,
2017-01-27,32.3,33.2,32.1,33.15,2871,EQ,,,
2017-01-30,33.15,33.3,32.9,33.0,2534,EQ,,,
2017-01-31,33.0,33.0,31.95,32.4,3115,EQ,,,
2017-02-01,32.9,33.8,32.7,33.6,4323,EQ,,,
2017-02-02,34.0,34.7,33.5,34.25,5841,EQ,,,
2017-02-03,34.6,35.2,34.1,35.05,4891,EQ,,,
2017-02-06,35.8,35.8,34.9,35.35,8526,EQ,,,
2017-02-07,35.0,35.7,34.7,35.2,4098,EQ,,,
2017-02-08,35.4,35.8,34.5,34.95,3326,EQ,,,
2017-02-09,35.2,35.4,34.2,34.9,3855,EQ,,,
2017-02-10,35.1,35.55,34.8,35.1,6863,EQ,,,
2017-02-13,34.9,34.9,33.6,33.8,3389,EQ,,,
2017-02-14,33.9,34.3,33.4,33.8,1649,EQ,,,
2017-02-15,33.8,33.9,32.95,33.4,3813,EQ,,,
2017-02-16,34.3,34.3,33.4,33.5,2009,EQ,,,
2017-02-17,33.8,33.8,33.35,33.4,2391,EQ,,,
2017-02-20,33.4,33.6,33.3,33.6,2182,EQ,,,
2017-02-21,33.7,33.8,33.5,33.6,4984,EQ,,,
2017-02-22,33.75,34.3,33.75,33.85,3079,EQ,,,
2017-02-23,34.0,34.2,33.75,33.75,1128,EQ,,,
2017-02-27,33.65,33.7,33.2,33.5,8784,EQ,,,
2017-02-28,33.5,33.6,33.3,33.5,6166,EQ,,,
2017-03-01,33.2,34.0,33.2,33.85,8133,EQ,,,
2017-03-02,33.85,34.05,32.9,33.2,2484,EQ,,,
2017-03-03,33.2,33.3,32.7,32.9,1461,EQ,,,
2017-03-06,33.1,34.1,32.9,33.3,3900,EQ,,,
2017-03-07,33.3,33.6,33.15,33.35,1204,EQ,,,
2017-03-08,33.4,33.5,33.1,33.35,1124,EQ,,,
2017-03-09,32.8,33.0,32.6,32.85,5800,EQ,,,
2017-03-10,32.8,33.6,32.6,33.45,856,EQ,,,
2017-03-14,33.7,33.7,32.7,32.85,10199,EQ,,,
2017-03-15,33.0,34.0,33.0,33.6,5167,EQ,,,
2017-03-16,33.7,34.0,33.4,33.9,2068,EQ,,,
2017-03-17,34.3,34.3,33.0,33.2,5641,EQ,,,
2017-03-20,33.1,33.4,32.8,33.2,4877,EQ,,,
2017-03-21,33.4,33.6,32.9,33.05,991,EQ,,,
2017-03-22,32.8,32.8,32.1,32.4,3440,EQ,,,
2017-03-23,32.5,32.7,32.3,32.55,3794,EQ,,,
2017-03-24,32.6,33.8,32.6,33.4,23001,EQ,,,
2017-03-27,33.7,34.05,33.4,33.9,5211,EQ,,,
2017-03-28,34.1,34.7,33.9,34.4,6915,EQ,,,
2017-03-29,34.5,35.15,34.3,34.9,3249,EQ,,,
2017-03-30,35.55,35.55,34.8,35.05,22489,EQ,,,
2017-03-31,35.2,35.35,35.0,35.2,3964,EQ,,,
2017-04-03,35.45,35.95,35.1,35.6,4158,EQ,,,
2017-04-05,34.55,35.8,34.55,35.5,5963,EQ,,,
2017-04-06,35.2,35.65,35.1,35.3,3062,EQ,,,
2017-04-07,34.25,35.4,34.25,34.65,3679,EQ,,,
2017-04-10,34.8,35.1,34.6,34.8,2078,EQ,,,
2017-04-11,35.0,36.0,35.0,35.75,1561,EQ,,,
2017-04-12,36.0,36.0,35.1,35.15,1711,EQ,,,
2017-04-13,35.4,35.7,34.85,35.4,5411,EQ,,,
2017-04-17,35.5,35.5,35.1,35.25,1174,EQ,,,
2017-04-18,35.9,36.2,35.1,35.4,3633,EQ,,,
2017-04-19,35.3,35.3,34.6,34.8,3609,EQ,,,
2017-04-20,34.7,35.3,34.6,35.1,1925,EQ,,,
2017-04-21,35.1,35.1,34.4,34.65,3777,EQ,,,
2017-04-24,34.9,35.5,34.8,35.3,2387,EQ,,,
2017-04-25,35.2,35.6,35.1,35.2,1991,EQ,,,
2017-04-26,35.6,36.1,34.15,35.45,7650,EQ,,,
2017-04-27,35.4,36.0,34.8,35.2,11517,EQ,,,
2017-04-28,35.9,37.35,35.7,36.85,50241,EQ,,,
2017-05-02,36.85,37.7,36.3,36.9,13132,EQ,,,
2017-05-03,36.2,37.4,36.2,37.3,44090,EQ,,,
2017-05-04,37.2,38.2,37.2,38.0,10596,EQ,,,
2017-05-05,38.0,39.2,36.9,37.35,40658,EQ,,,
2017-05-08,37.5,38.1,37.05,37.9,4554,EQ,,,
2017-05-09,37.8,37.9,37.2,37.55,2461,EQ,,,
2017-05-10,37.6,37.9,37.05,37.65,2813,EQ,,,
2017-05-11,37.6,37.6,37.1,37.3,7225,EQ,,,
2017-05-12,37.4,37.6,36.7,37.25,3291,EQ,,,
2017-05-15,34.7,37.6,34.7,37.4,502,EQ,,,
2017-05-16,37.5,38.35,37.0,38.15,22404,EQ,,,
2017-05-17,38.0,38.2,37.6,38.0,6229,EQ,,,
2017-05-18,37.6,38.1,37.25,37.45,1494,EQ,,,
2017-05-19,37.6,38.2,37.4,37.55,12178,EQ,,,
2017-05-22,37.7,37.8,35.75,36.0,15483,EQ,,,
2017-05-23,35.9,36.0,35.2,35.45,11806,EQ,,,
2017-05-24,35.2,35.4,34.5,34.55,4652,EQ,,,
2017-05-25,34.7,35.75,34.7,35.45,7287,EQ,,,
2017-05-26,35.4,35.8,35.2,35.4,842,EQ,,,
2017-05-29,35.4,35.6,34.8,35.0,3749,EQ,,,
2017-05-30,35.1,35.4,34.6,35.2,1674,EQ,,,
2017-05-31,35.4,35.6,35.4,35.45,1093,EQ,,,
2017-06-01,35.6,35.6,35.35,35.4,1383,EQ,,,
2017-06-02,35.6,35.8,35.25,35.35,1268,EQ,,,
2017-06-05,35.2,35.8,35.2,35.3,655,EQ,,,
2017-06-06,35.4,35.7,34.9,35.0,2576,EQ,,,
2017-06-07,35.2,35.7,35.2,35.5,1206,EQ,,,
2017-06-08,35.5,35.5,35.4,35.4,2155,EQ,,,
2017-06-09,35.2,35.4,34.9,35.2,976,EQ,,,
2017-06-12,35.1,35.1,34.6,34.75,1500,EQ,,,
2017-06-13,34.6,34.9,34.4,34.6,1309,EQ,,,
2017-06-14,34.6,35.3,34.4,35.15,6327,EQ,,,
2017-06-15,34.9,35.0,34.7,34.8,3647,EQ,,,
2017-06-16,34.9,35.0,34.8,35.0,689,EQ,,,
2017-06-19,35.1,35.1,34.8,34.85,1419,EQ,,,
2017-06-20,34.9,35.0,34.6,34.7,1014,EQ,,,
2017-06-21,34.8,35.65,34.8,35.0,2093,EQ,,,
2017-06-22,35.4,35.5,35.2,35.35,974,EQ,,,
2017-06-23,35.4,35.4,34.6,34.7,5183,EQ,,,
2017-06-27,35.0,35.0,32.9,33.55,5165,EQ,,,
2017-06-28,33.3,33.4,32.7,33.1,3843,EQ,,,
2017-06-29,33.3,33.5,32.9,33.05,4526,EQ,,,
2017-06-30,32.8,33.3,32.5,33.05,3405,EQ,,,
2017-07-03,33.0,33.6,33.0,33.5,3996,EQ,,,
2017-07-04,33.5,33.7,32.9,33.05,2878,EQ,,,
2017-07-05,33.0,33.3,32.7,33.2,8219,EQ,,,
2017-07-06,33.3,34.3,33.2,33.9,5471,EQ,,,
2017-07-07,33.9,34.2,33.9,34.1,553,EQ,,,
2017-07-10,34.4,35.0,34.2,34.65,812,EQ,,,
2017-07-11,35.0,35.4,34.2,34.5,3592,EQ,,,
2017-07-12,35.6,35.6,34.5,34.75,7713,EQ,,,
2017-07-13,35.1,35.2,34.75,35.05,2441,EQ,,,
2017-07-14,35.05,35.4,34.75,35.3,16049,EQ,,,
2017-07-17,35.7,35.7,34.7,35.4,2260,EQ,,,
2017-07-18,35.3,35.8,34.7,35.35,9421,EQ,,,
2017-07-19,35.7,35.7,35.45,35.6,1321,EQ,,,
2017-07-20,35.6,35.7,35.3,35.5,2387,EQ,,,
2017-07-21,35.4,35.5,35.1,35.35,1268,EQ,,,
2017-07-24,35.7,35.9,35.4,35.65,3386,EQ,,,
2017-07-25,36.0,36.25,35.75,36.0,4562,EQ,,,
2017-07-26,36.4,36.4,35.6,36.0,6422,EQ,,,
2017-07-27,36.4,36.4,35.6,35.75,8560,EQ,,,
2017-07-28,35.6,36.4,35.5,36.15,6853,EQ,,,
2017-07-31,36.15,37.6,36.1,37.35,19425,EQ,,,
2017-08-01,37.6,37.6,36.8,37.25,12462,EQ,,,
2017-08-02,37.5,37.8,36.7,37.1,3257,EQ,,,
2017-08-03,36.7,36.7,35.9,36.3,5243,EQ,,,
2017-08-04,36.0,36.3,35.5,36.0,2852,EQ,,,
2017-08-07,37.0,37.7,36.4,36.55,10971,EQ,,,
2017-08-08,35.8,36.9,34.85,36.05,4366,EQ,,,
2017-08-09,35.6,36.5,35.6,35.85,5011,EQ,,,
2017-08-10,35.3,35.6,34.5,35.2,7006,EQ,,,
2017-08-11,34.15,35.0,33.0,33.4,9635,EQ,,,
2017-08-14,33.3,33.65,32.6,32.9,8318,EQ,,,
2017-08-16,33.0,34.0,32.7,33.75,4919,EQ,,,
2017-08-17,33.5,34.0,33.4,33.5,1128,EQ,,,
2017-08-18,33.1,33.8,32.9,33.3,618,EQ,,,
2017-08-21,33.4,33.4,32.4,32.6,27918,EQ,,,
2017-08-22,33.0,33.1,32.2,32.5,7413,EQ,,,
2017-08-23,32.6,33.5,32.6,33.5,3702,EQ,,,
2017-08-24,33.0,34.0,33.0,33.4,1589,EQ,,,
2017-08-28,34.0,34.0,33.3,33.4,804,EQ,,,
2017-08-29,34.0,34.0,32.8,33.15,3121,EQ,,,
2017-08-30,33.2,33.3,33.0,33.0,278,EQ,,,
2017-08-31,33.4,33.4,32.75,33.2,917,EQ,,,
2017-09-01,34.1,34.1,33.2,33.55,2974,EQ,,,
2017-09-04,33.6,33.6,32.75,33.3,1235,EQ,,,
2017-09-05,33.3,33.7,32.9,33.0,5358,EQ,,,
2017-09-06,32.9,33.0,32.7,32.8,1107,EQ,,,
2017-09-07,33.4,33.4,32.7,32.75,3854,EQ,,,
2017-09-08,32.7,33.4,32.3,32.4,2231,EQ,,,
2017-09-11,33.1,33.1,32.0,32.2,5107,EQ,,,
2017-09-12,32.4,32.8,32.1,32.7,5601,EQ,,,
2017-09-13,32.8,33.5,32.8,33.35,2818,EQ,,,
2017-09-14,33.2,34.0,32.7,33.2,3377,EQ,,,
2017-09-15,33.0,33.1,32.7,32.85,1159,EQ,,,
2017-09-18,33.5,33.5,32.8,32.9,847,EQ,,,
2017-09-19,32.8,32.8,32.4,32.5,3839,EQ,,,
2017-09-20,32.7,33.1,32.7,32.9,3308,EQ,,,
2017-09-21,33.0,33.1,32.5,32.6,1229,EQ,,,
2017-09-22,32.5,32.5,31.5,31.7,1916,EQ,,,
2017-09-25,31.5,32.25,30.9,31.3,4566,EQ,,,
2017-09-26,31.7,31.9,31.1,31.2,5227,EQ,,,
2017-09-27,31.1,31.5,30.4,30.7,3672,EQ,,,
2017-09-28,30.3,31.6,30.3,30.6,10674,EQ,,,
2017-09-29,30.8,30.9,30.3,30.5,5381,EQ,,,
2017-10-03,30.9,31.5,30.2,30.3,2871,EQ,,,
2017-10-04,30.5,30.75,30.3,30.5,2116,EQ,,,
2017-10-05,30.6,30.8,30.1,30.4,4558,EQ,,,
2017-10-06,30.8,31.3,30.8,31.2,1155,EQ,,,
2017-10-09,31.6,34.0,30.9,32.35,4714,EQ,,,
2017-10-10,31.4,31.4,30.9,31.1,8376,EQ,,,
2017-10-11,31.7,31.7,30.2,30.3,2521,EQ,,,
2017-10-12,31.2,31.2,30.1,30.45,2361,EQ,,,
2017-10-13,30.75,30.75,30.0,30.4,6629,EQ,,,
2017-10-16,31.2,31.2,30.4,30.7,33922,EQ,,,
2017-10-17,30.05,31.0,29.45,30.4,11383,EQ,,,
2017-10-18,30.4,30.5,29.5,30.2,173836,EQ,,,
2017-10-19,30.5,30.6,29.5,30.0,12136,EQ,,,
2017-10-23,29.7,32.65,29.6,30.25,50194,EQ,,,
2017-10-24,30.3,32.0,30.2,31.4,3832,EQ,,,
2017-10-25,32.9,35.9,32.9,35.9,37908,EQ,,,
2017-10-26,37.25,37.25,37.25,37.25,10933,EQ,,,
2017-10-27,38.0,39.5,37.6,38.1,46387,EQ,,,
2017-10-30,38.2,39.7,38.1,38.75,20966,EQ,,,
2017-10-31,38.2,39.0,37.8,38.2,7065,EQ,,,
2017-11-01,38.6,39.35,38.55,39.2,35889,EQ,,,
2017-11-02,39.5,39.9,38.5,38.75,9977,EQ,,,
2017-11-03,38.9,39.95,38.6,39.65,21849,EQ,,,
2017-11-06,39.6,40.25,39.6,40.1,33415,EQ,,,
2017-11-07,40.05,40.55,38.5,39.05,6873,EQ,,,
2017-11-08,39.85,39.85,37.5,37.7,8618,EQ,,,
2017-11-09,38.0,39.5,38.0,38.65,6676,EQ,,,
2017-11-10,38.6,40.65,38.1,40.05,25439,EQ,,,
2017-11-13,40.45,41.15,39.8,40.0,25932,EQ,,,
2017-11-14,40.1,40.35,39.4,39.5,4464,EQ,,,
2017-11-15,39.5,40.2,38.9,39.2,11961,EQ,,,
2017-11-16,39.5,40.75,38.5,40.35,22453,EQ,,,
2017-11-17,41.15,42.0,40.35,40.8,29717,EQ,,,
2017-11-20,40.8,40.8,40.0,40.35,30010,EQ,,,
2017-11-21,40.5,40.7,40.0,40.0,6521,EQ,,,
2017-11-22,40.25,41.3,39.7,40.5,4180,EQ,,,
2017-11-23,40.7,40.7,40.1,40.45,1714,EQ,,,
2017-11-24,40.65,41.6,40.1,40.35,2551,EQ,,,
2017-11-27,40.0,40.4,39.3,40.25,3567,EQ,,,
2017-11-28,40.4,40.7,39.85,39.9,5514,EQ,,,
2017-11-29,40.3,40.4,39.5,39.8,3172,EQ,,,
2017-11-30,39.3,39.4,38.7,38.95,2099,EQ,,,
2017-12-01,39.8,39.8,37.75,38.4,5018,EQ,,,
2017-12-04,37.25,38.4,36.1,37.75,2160,EQ,,,
2017-12-05,37.6,39.0,37.4,38.55,5004,EQ,,,
2017-12-06,38.3,38.5,37.6,37.85,1158,EQ,,,
2017-12-07,38.0,38.3,37.8,38.05,1152,EQ,,,
2017-12-08,38.9,38.9,37.7,37.95,2574,EQ,,,
2017-12-11,38.5,38.5,37.7,38.3,3108,EQ,,,
2017-12-12,38.1,39.0,37.4,38.0,10842,EQ,,,
2017-12-13,38.0,38.1,37.3,37.3,3539,EQ,,,
2017-12-14,37.8,38.05,37.15,37.7,16305,EQ,,,
2017-12-15,38.1,38.45,37.4,37.55,2820,EQ,,,
2017-12-18,37.1,38.6,37.1,38.05,6664,EQ,,,
2017-12-19,38.5,38.6,37.7,38.45,4066,EQ,,,
2017-12-20,38.5,38.5,37.6,37.75,3019,EQ,,,
2017-12-21,37.6,38.2,37.6,38.0,949,EQ,,,
2017-12-22,38.1,38.7,37.5,38.1,4498,EQ,,,
2017-12-26,38.0,38.4,37.9,38.0,1097,EQ,,,
2017-12-27,38.0,38.4,37.8,37.85,793,EQ,,,
2017-12-28,38.0,38.0,36.85,37.1,1995,EQ,,,
2017-12-29,37.3,37.45,36.9,37.05,706,EQ,,,
2018-01-01,37.0,37.4,36.8,36.8,3322,EQ,,,
2018-01-02,37.7,37.7,36.3,36.4,7939,EQ,,,
2018-01-03,36.5,36.8,35.9,36.2,4534,EQ,,,
2018-01-04,36.1,37.3,36.05,37.2,5192,EQ,,,
2018-01-05,37.5,38.0,37.1,37.1,635,EQ,,,
2018-01-08,37.7,37.7,36.2,36.85,5447,EQ,,,
2018-01-09,37.95,37.95,36.6,37.1,3342,EQ,,,
2018-01-10,37.4,37.4,36.3,36.55,2589,EQ,,,
2018-01-11,37.2,37.2,36.4,36.6,701,EQ,,,
2018-01-12,36.65,36.8,36.1,36.35,2709,EQ,,,
2018-01-15,37.45,37.45,36.15,36.4,7063,EQ,,,
2018-01-16,37.5,37.5,35.0,35.5,3234,EQ,,,
2018-01-17,36.5,37.3,35.1,36.95,17238,EQ,,,
2018-01-18,37.5,38.0,36.25,36.6,6477,EQ,,,
2018-01-19,36.5,37.2,36.45,37.0,1667,EQ,,,
2018-01-22,37.4,37.4,36.7,37.15,2213,EQ,,,
2018-01-23,37.1,38.6,37.1,38.45,13705,EQ,,,
2018-01-24,38.6,39.9,37.95,39.4,11291,EQ,,,
2018-01-25,40.65,40.65,37.45,37.7,6036,EQ,,,
2018-01-29,38.2,38.2,37.1,37.4,3517,EQ,,,
2018-01-30,36.9,38.5,36.4,37.0,2609,EQ,,,
2018-01-31,37.8,37.9,36.4,36.95,9534,EQ,,,
2018-02-01,37.3,37.3,36.1,36.7,3208,EQ,,,
2018-02-02,35.7,36.15,34.5,35.6,2600,EQ,,,
2018-02-05,35.0,35.5,29.2,35.1,13396,EQ,,,
2018-02-06,34.7,34.8,31.2,34.25,14288,EQ,,,
2018-02-07,34.95,35.1,34.0,34.05,8052,EQ,,,
2018-02-08,34.5,35.4,34.3,35.1,3997,EQ,,,
2018-02-09,34.8,38.2,34.6,35.25,3086,EQ,,,
2018-02-12,34.4,35.8,34.2,35.1,2555,EQ,,,
2018-02-14,34.5,34.9,32.8,33.2,10588,EQ,,,
2018-02-15,32.75,33.8,32.7,32.9,4577,EQ,,,
2018-02-16,32.7,32.8,31.8,32.15,7353,EQ,,,
2018-02-19,32.5,32.5,30.3,31.05,18357,EQ,,,
2018-02-20,31.0,32.0,30.7,31.35,9417,EQ,,,
2018-02-21,31.35,32.0,31.15,31.8,8817,EQ,,,
2018-02-22,31.4,31.9,31.4,31.8,4978,EQ,,,
2018-02-23,31.8,32.3,31.8,32.0,7077,EQ,,,
2018-02-26,32.0,32.5,31.5,31.8,1498,EQ,,,
2018-02-27,31.7,31.7,30.25,31.1,6878,EQ,,,
2018-02-28,30.5,31.2,30.0,31.0,17860,EQ,,,
2018-03-01,31.0,32.25,30.15,30.35,5568,EQ,,,
2018-03-05,30.3,30.5,30.1,30.3,4753,EQ,,,
2018-03-06,30.3,30.55,29.2,29.35,6331,EQ,,,
2018-03-07,29.2,29.4,28.25,28.5,21249,EQ,,,
2018-03-08,29.1,29.7,28.1,29.2,15633,EQ,,,
2018-03-09,29.2,29.2,28.55,28.85,8803,EQ,,,
2018-03-12,28.7,28.7,27.7,28.45,15593,EQ,,,
2018-03-13,28.8,30.05,28.6,29.1,35073,EQ,,,
2018-03-14,29.2,29.8,28.7,29.65,9299,EQ,,,
2018-03-15,29.8,30.4,29.5,29.55,9350,EQ,,,
2018-03-16,29.9,30.0,29.3,29.5,4662,EQ,,,
2018-03-19,29.6,34.2,28.5,28.7,16370,EQ,,,
2018-03-20,28.7,29.1,28.0,28.95,4202,EQ,,,
2018-03-21,29.4,29.5,28.4,28.75,2653,EQ,,,
2018-03-22,28.6,28.8,28.15,28.2,5838,EQ,,,
2018-03-23,27.6,27.6,26.9,27.15,11520,EQ,,,
2018-03-26,27.1,28.3,27.0,28.2,12755,EQ,,,
2018-03-27,28.5,29.85,28.25,29.8,9411,EQ,,,
2018-03-28,29.8,29.8,28.7,28.8,3529,EQ,,,
2018-04-02,29.0,29.0,28.1,28.5,4089,EQ,,,
2018-04-03,29.1,29.4,28.9,29.25,3981,EQ,,,
2018-04-04,29.4,29.5,28.7,28.7,947,EQ,,,
2018-04-05,29.3,30.3,29.1,29.85,10489,EQ,,,
2018-04-06,29.4,30.45,29.3,30.2,5963,EQ,,,
2018-04-09,30.3,30.7,30.2,30.5,1684,EQ,,,
2018-04-10,31.0,31.0,30.3,30.65,5084,EQ,,,
2018-04-11,30.5,30.5,29.6,29.8,24209,EQ,,,
2018-04-12,29.8,29.9,29.4,29.55,1203,EQ,,,
2018-04-13,29.9,30.0,29.25,29.25,7681,EQ,,,
2018-04-16,29.2,29.8,29.0,29.4,73152,EQ,,,
2018-04-17,30.0,30.0,29.0,29.2,71079,EQ,,,
2018-04-18,29.0,29.6,28.8,29.1,68640,EQ,,,
2018-04-19,29.2,29.6,28.65,29.2,22678,EQ,,,
2018-04-20,28.8,28.8,27.9,28.15,58276,EQ,,,
2018-04-23,28.0,28.3,27.9,28.2,9174,EQ,,,
2018-04-24,28.2,28.25,28.0,28.05,4724,EQ,,,
2018-04-25,28.0,28.0,27.3,27.65,6790,EQ,,,
2018-04-26,27.5,27.8,27.2,27.35,7314,EQ,,,
2018-04-27,27.4,28.65,27.3,28.2,13492,EQ,,,
2018-04-30,28.75,29.7,28.3,28.85,12452,EQ,,,
2018-05-02,28.85,28.9,27.5,27.9,6195,EQ,,,
2018-05-03,27.6,28.3,27.1,28.2,13803,EQ,,,
2018-05-04,28.0,28.3,27.7,27.95,810,EQ,,,
2018-05-07,28.0,28.7,28.0,28.6,2448,EQ,,,
2018-05-08,28.5,29.05,28.35,28.65,12119,EQ,,,
2018-05-09,28.6,29.0,28.5,28.5,874,EQ,,,
2018-05-10,28.7,28.9,28.1,28.4,8988,EQ,,,
2018-05-11,28.5,28.7,28.1,28.65,1517,EQ,,,
2018-05-14,28.5,29.3,28.25,28.8,5803,EQ,,,
2018-05-15,28.95,29.0,28.15,28.15,14325,EQ,,,
2018-05-16,28.1,28.1,27.3,27.4,10621,EQ,,,
2018-05-17,27.95,28.0,27.35,27.4,2779,EQ,,,
2018-05-18,27.3,27.75,26.75,26.85,6052,EQ,,,
2018-05-21,26.85,27.4,26.7,27.25,5577,EQ,,,
2018-05-22,27.2,28.4,26.85,28.05,23964,EQ,,,
2018-05-23,27.8,29.4,26.95,29.0,31317,EQ,,,
2018-05-24,28.9,29.5,28.8,29.3,23746,EQ,,,
2018-05-25,29.3,29.5,29.0,29.45,7979,EQ,,,
2018-05-28,29.5,30.5,29.2,30.2,29397,EQ,,,
2018-05-29,30.0,30.25,29.4,29.6,6290,EQ,,,
2018-05-30,29.1,29.6,28.8,29.4,3336,EQ,,,
2018-05-31,29.5,29.9,29.1,29.45,4480,EQ,,,
2018-06-01,29.8,29.8,28.9,29.0,3712,EQ,,,
2018-06-04,29.8,29.9,28.9,28.9,6313,EQ,,,
2018-06-05,29.0,29.1,28.5,28.8,4358,EQ,,,
2018-06-06,29.5,29.5,28.5,29.35,9497,EQ,,,
2018-06-07,29.45,29.9,29.45,29.85,8066,EQ,,,
2018-06-08,29.8,30.5,29.6,30.2,18668,EQ,,,
2018-06-11,30.3,30.75,30.1,30.2,48233,EQ,,,
2018-06-12,30.8,31.0,30.3,30.95,26164,EQ,,,
2018-06-13,31.1,31.55,31.0,31.35,35504,EQ,,,
2018-06-14,31.0,31.3,30.8,31.05,5154,EQ,,,
2018-06-15,31.0,31.2,30.4,30.5,1798,EQ,,,
2018-06-18,30.5,30.5,30.0,30.1,1442,EQ,,,
2018-06-19,30.1,30.3,29.4,29.6,1637,EQ,,,
2018-06-20,29.9,30.0,29.6,29.7,1089,EQ,,,
2018-06-21,29.6,29.7,29.0,29.15,1950,EQ,,,
2018-06-22,29.0,29.5,28.3,29.45,15836,EQ,,,
2018-06-25,29.5,29.7,28.75,28.9,3519,EQ,,,
2018-06-26,28.7,29.15,28.5,28.7,1332,EQ,,,
2018-06-27,28.7,28.7,28.1,28.3,1890,EQ,,,
2018-06-28,28.1,28.3,27.5,27.95,2229,EQ,,,
2018-06-29,28.1,29.0,27.8,27.9,3824,EQ,,,
2018-07-02,28.0,28.1,27.4,27.8,4416,EQ,,,
2018-07-03,28.0,28.5,27.5,27.5,2827,EQ,,,
2018-07-04,27.6,27.8,27.2,27.6,1050,EQ,,,
2018-07-05,27.5,27.8,27.3,27.5,3447,EQ,,,
2018-07-06,27.7,28.0,27.4,27.65,1582,EQ,,,
2018-07-09,27.3,28.3,27.3,28.1,2609,EQ,,,
2018-07-10,28.5,28.7,28.0,28.5,15561,EQ,,,
2018-07-11,28.3,28.5,27.8,28.0,1396,EQ,,,
2018-07-12,28.1,28.5,28.0,28.05,695,EQ,,,
2018-07-13,28.0,28.0,27.4,27.55,4431,EQ,,,
2018-07-16,27.5,27.7,27.2,27.3,2497,EQ,,,
2018-07-17,27.5,28.5,27.25,28.15,3176,EQ,,,
2018-07-18,28.15,28.5,27.2,27.5,7087,EQ,,,
2018-07-19,28.2,28.5,27.55,28.0,5932,EQ,,,
2018-07-20,28.0,28.3,27.7,27.85,3635,EQ,,,
2018-07-23,28.2,28.6,27.9,28.6,9302,EQ,,,
2018-07-24,28.9,29.0,28.5,28.85,13889,EQ,,,
2018-07-25,29.0,29.4,28.7,29.25,9237,EQ,,,
2018-07-26,29.4,30.9,29.35,30.7,27079,EQ,,,
2018-07-27,31.0,31.6,30.1,30.95,15431,EQ,,,
2018-07-30,30.8,32.4,30.8,32.05,26427,EQ,,,
2018-07-31,32.05,32.6,31.5,32.2,11535,EQ,,,
2018-08-01,32.2,32.45,30.6,32.15,11283,EQ,,,
2018-08-02,31.5,32.2,30.85,31.75,5238,EQ,,,
2018-08-03,31.75,32.3,31.5,31.75,9716,EQ,,,
2018-08-06,32.4,33.5,32.4,33.35,12082,EQ,,,
2018-08-07,33.0,33.5,32.0,32.4,6840,EQ,,,
2018-08-08,32.7,32.9,32.05,32.7,2885,EQ,,,
2018-08-09,33.0,33.8,32.8,33.55,13237,EQ,,,
2018-08-10,33.4,34.4,32.3,32.35,4812,EQ,,,
2018-08-13,32.35,32.5,31.25,32.1,5277,EQ,,,
2018-08-14,32.0,32.5,31.4,31.55,3605,EQ,,,
2018-08-16,31.4,32.0,30.7,31.05,2979,EQ,,,
2018-08-17,31.8,32.2,31.2,32.1,3324,EQ,,,
2018-08-20,32.15,33.9,32.1,33.2,5800,EQ,,,
2018-08-21,33.5,33.5,32.2,32.7,1309,EQ,,,
2018-08-23,32.6,32.6,32.0,32.5,11605,EQ,,,
2018-08-24,32.5,32.8,31.9,32.0,2731,EQ,,,
2018-08-27,32.95,33.0,32.45,32.7,5893,EQ,,,
2018-08-28,33.0,33.0,32.2,32.5,3184,EQ,,,
2018-08-29,32.9,33.0,32.25,32.8,1318,EQ,,,
2018-08-30,32.5,33.3,31.35,32.9,4281,EQ,,,
2018-08-31,32.6,33.25,32.5,33.0,1768,EQ,,,
2018-09-03,33.0,33.4,32.5,32.9,1899,EQ,,,
2018-09-04,32.5,32.7,31.45,31.7,5130,EQ,,,
2018-09-05,31.7,31.85,30.3,31.5,8489,EQ,,,
2018-09-06,31.6,31.8,31.4,31.7,1538,EQ,,,
2018-09-07,30.95,31.5,30.95,31.3,1426,EQ,,,
2018-09-10,32.0,32.0,30.1,30.65,2932,EQ,,,
2018-09-11,29.7,31.1,29.7,30.45,2739,EQ,,,
2018-09-12,30.5,31.0,30.1,30.65,1032,EQ,,,
2018-09-14,31.4,31.4,30.8,30.9,796,EQ,,,
2018-09-17,30.8,30.8,30.4,30.6,952,EQ,,,
2018-09-18,30.0,30.4,28.8,29.0,12623,EQ,,,
2018-09-19,29.0,29.4,28.7,28.85,3923,EQ,,,
2018-09-21,29.2,29.5,27.5,28.3,4891,EQ,,,
2018-09-24,28.3,28.3,27.3,27.5,5002,EQ,,,
2018-09-25,27.2,28.0,27.1,27.65,4847,EQ,,,
2018-09-26,28.1,28.1,27.3,27.6,1142,EQ,,,
2018-09-27,27.8,28.0,27.2,27.45,1440,EQ,,,
2018-09-28,27.5,28.05,26.8,26.95,3696,EQ,,,
2018-10-01,27.0,27.9,26.7,27.8,8966,EQ,,,
2018-10-03,28.6,28.6,27.5,27.85,5533,EQ,,,
2018-10-04,26.9,28.1,26.9,27.95,4939,EQ,,,
2018-10-05,27.85,27.85,26.6,26.75,10891,EQ,,,
2018-10-08,26.4,27.1,26.4,26.95,2680,EQ,,,
2018-10-09,27.1,27.2,26.6,26.75,1852,EQ,,,
2018-10-10,26.75,28.1,26.75,28.0,9658,EQ,,,
2018-10-11,27.8,27.8,26.6,26.8,3602,EQ,,,
2018-10-12,27.1,27.4,26.8,27.0,952,EQ,,,
2018-10-15,26.9,27.2,26.5,26.9,4222,EQ,,,
2018-10-16,27.2,27.7,26.5,27.55,10286,EQ,,,
2018-10-17,27.9,28.1,26.8,27.05,5024,EQ,,,
2018-10-19,26.8,27.2,26.7,27.05,1250,EQ,,,
2018-10-22,27.0,27.2,26.6,26.8,484,EQ,,,
2018-10-23,26.7,27.0,26.2,26.65,4091,EQ,,,
2018-10-24,26.8,26.9,25.8,26.3,5345,EQ,,,
2018-10-25,26.2,26.2,25.6,25.95,6348,EQ,,,
2018-10-26,25.75,26.1,25.4,25.65,1982,EQ,,,
2018-10-29,25.7,27.8,25.7,27.75,13765,EQ,,,
2018-10-30,27.7,29.2,27.7,28.6,21125,EQ,,,
2018-10-31,29.15,29.75,28.15,29.15,11028,EQ,,,
2018-11-01,29.2,29.9,29.1,29.25,4227,EQ,,,
2018-11-02,29.7,30.2,29.2,29.6,7184,EQ,,,
2018-11-05,29.3,30.3,29.3,29.95,4789,EQ,,,
2018-11-06,29.95,29.95,29.25,29.35,4124,EQ,,,
2018-11-07,29.9,29.9,29.3,29.4,310,EQ,,,
2018-11-09,29.2,29.8,28.45,29.4,585,EQ,,,
2018-11-12,29.25,29.25,28.6,28.65,1475,EQ,,,
2018-11-13,28.4,28.7,28.2,28.6,1204,EQ,,,
2018-11-14,28.8,29.5,28.8,29.25,1560,EQ,,,
2018-11-15,29.5,29.5,29.0,29.3,1947,EQ,,,
2018-11-16,29.3,30.2,29.1,29.95,3385,EQ,,,
2018-11-19,29.8,29.95,29.6,29.8,1452,EQ,,,
2018-11-20,29.0,29.8,29.0,29.3,1056,EQ,,,
2018-11-21,29.1,29.8,29.0,29.5,3371,EQ,,,
2018-11-22,29.5,29.5,29.0,29.15,843,EQ,,,
2018-11-26,29.15,29.3,28.7,29.15,2569,EQ,,,
2018-11-27,29.7,29.7,29.3,29.6,6592,EQ,,,
2018-11-28,29.8,29.9,28.9,29.05,7133,EQ,,,
2018-11-29,29.3,29.6,29.3,29.35,1930,EQ,,,
2018-11-30,31.4,31.4,29.1,29.15,2932,EQ,,,
2018-12-03,29.1,29.5,29.0,29.4,2562,EQ,,,
2018-12-04,29.4,29.4,28.8,28.9,839,EQ,,,
2018-12-05,29.0,29.2,28.6,28.95,2302,EQ,,,
2018-12-06,29.0,29.0,28.1,28.25,1996,EQ,,,
2018-12-07,28.3,28.5,28.0,28.45,2913,EQ,,,
2018-12-10,28.0,28.7,27.7,28.15,3696,EQ,,,
2018-12-11,27.5,29.0,27.5,28.6,12142,EQ,,,
2018-12-12,29.1,29.75,28.8,29.4,9560,EQ,,,
2018-12-13,29.3,30.0,28.4,29.3,10562,EQ,,,
2018-12-14,29.2,29.8,29.2,29.65,1220,EQ,,,
2018-12-17,30.0,30.0,29.6,29.8,971,EQ,,,
2018-12-18,29.75,30.1,29.7,29.95,10933,EQ,,,
2018-12-19,30.3,31.0,30.0,30.75,15110,EQ,,,
2018-12-20,30.7,31.0,30.3,30.45,5799,EQ,,,
2018-12-21,30.3,30.7,30.2,30.3,435,EQ,,,
2018-12-24,30.4,30.7,30.2,30.2,1016,EQ,,,
2018-12-26,30.2,31.2,29.9,30.6,747,EQ,,,
2018-12-27,30.8,30.8,30.3,30.3,2044,EQ,,,
2018-12-28,30.2,31.0,30.2,30.9,5073,EQ,,,
2018-12-31,30.8,31.1,30.7,30.8,572,EQ,,,
2019-01-01,31.2,31.4,30.9,31.25,1276,EQ,,,
2019-01-02,31.3,31.5,30.6,31.0,4033,EQ,,,
2019-01-03,30.8,31.0,30.55,30.55,2256,EQ,,,
2019-01-04,30.7,31.55,30.6,31.05,3495,EQ,,,
2019-01-07,31.45,31.5,30.9,31.0,1680,EQ,,,
2019-01-08,31.0,32.0,30.8,31.85,2942,EQ,,,
2019-01-09,32.0,32.05,31.4,31.85,3102,EQ,,,
2019-01-10,31.9,31.9,31.5,31.6,6920,EQ,,,
2019-01-11,31.9,32.0,31.4,31.75,2719,EQ,,,
2019-01-14,31.4,31.7,31.3,31.6,956,EQ,,,
2019-01-15,32.0,37.3,31.25,31.35,20084,EQ,,,
2019-01-16,31.3,32.15,30.1,31.6,15033,EQ,,,
2019-01-17,31.6,31.8,31.0,31.3,1097,EQ,,,
2019-01-18,31.2,31.3,30.9,30.95,2224,EQ,,,
2019-01-21,30.9,31.55,30.3,30.45,2896,EQ,,,
2019-01-22,30.4,30.5,29.9,30.1,1854,EQ,,,
2019-01-23,30.25,30.4,29.6,29.8,7853,EQ,,,
2019-01-24,29.8,30.1,29.7,29.9,1378,EQ,,,
2019-01-25,30.0,30.15,29.0,29.7,4745,EQ,,,
2019-01-28,29.4,29.5,28.7,29.05,3706,EQ,,,
2019-01-29,29.35,29.5,28.7,29.2,6931,EQ,,,
2019-01-30,29.3,29.7,29.0,29.65,3069,EQ,,,
2019-01-31,29.7,30.3,29.6,30.15,3078,EQ,,,
2019-02-01,30.2,30.55,29.0,29.6,7011,EQ,,,
2019-02-04,29.2,29.2,28.8,29.2,7372,EQ,,,
2019-02-05,29.2,29.5,28.55,29.0,1658,EQ,,,
2019-02-06,29.0,29.4,28.8,29.4,4373,EQ,,,
2019-02-07,29.4,29.8,29.1,29.3,7831,EQ,,,
2019-02-08,29.0,29.3,28.7,28.85,4039,EQ,,,
2019-02-11,28.6,28.6,28.4,28.4,5853,EQ,,,
2019-02-12,28.4,28.5,27.95,28.05,1416,EQ,,,
2019-02-13,27.9,28.0,27.3,27.5,5381,EQ,,,
2019-02-14,27.25,27.5,26.8,27.4,2526,EQ,,,
2019-02-15,27.3,27.5,26.8,27.15,7046,EQ,,,
2019-02-18,27.1,27.5,26.4,26.7,3734,EQ,,,
2019-02-19,27.0,27.2,26.8,27.05,1236,EQ,,,
2019-02-20,27.3,27.5,27.1,27.25,5388,EQ,,,
2019-02-21,27.9,28.0,27.5,27.8,590,EQ,,,
2019-02-22,27.5,28.0,27.5,27.65,9492,EQ,,,
2019-02-25,27.6,27.8,27.5,27.7,4241,EQ,,,
2019-02-26,27.2,27.4,26.5,27.2,14128,EQ,,,
2019-02-27,27.7,27.9,27.35,27.45,12337,EQ,,,
2019-02-28,27.5,27.9,27.4,27.45,10428,EQ,,,
2019-03-01,28.0,28.5,27.8,28.3,3154,EQ,,,
2019-03-05,28.4,28.95,27.55,28.85,2727,EQ,,,
2019-03-06,29.0,29.5,28.55,29.2,1045,EQ,,,
2019-03-07,29.0,29.5,29.0,29.3,683,EQ,,,
2019-03-08,29.4,29.5,29.0,29.4,1134,EQ,,,
2019-03-11,29.6,30.3,29.5,30.05,1383,EQ,,,
2019-03-12,30.25,30.3,29.7,29.75,2677,EQ,,,
2019-03-13,29.65,30.5,29.5,30.3,3510,EQ,,,
2019-03-14,30.4,30.55,30.2,30.25,693,EQ,,,
2019-03-15,30.4,31.7,30.4,31.0,7563,EQ,,,
2019-03-18,31.0,31.5,30.55,30.95,1176,EQ,,,
2019-03-19,31.5,31.95,31.0,31.8,9489,EQ,,,
2019-03-20,31.6,31.8,30.9,31.7,7955,EQ,,,
2019-03-22,31.25,32.1,31.0,31.35,1699,EQ,,,
2019-03-25,31.0,31.0,30.3,30.65,2666,EQ,,,
2019-03-26,30.8,31.95,30.65,31.5,6226,EQ,,,
2019-03-27,31.8,32.35,31.7,31.9,12539,EQ,,,
2019-03-28,32.0,33.4,32.0,33.2,36551,EQ,,,
2019-03-29,33.0,33.7,33.0,33.1,15129,EQ,,,
2019-04-01,33.1,34.15,33.1,33.8,47321,EQ,,,
2019-04-02,33.3,34.65,33.3,33.75,23395,EQ,,,
2019-04-03,34.1,34.4,32.45,32.7,11358,EQ,,,
2019-04-04,33.0,34.0,32.5,33.1,9675,EQ,,,
2019-04-05,33.05,33.05,32.2,32.6,3135,EQ,,,
2019-04-08,32.6,33.1,32.2,32.5,2424,EQ,,,
2019-04-09,32.45,33.0,31.8,32.85,1378,EQ,,,
2019-04-10,32.8,33.0,32.5,32.7,898,EQ,,,
2019-04-11,33.0,33.0,32.05,32.45,1981,EQ,,,
2019-04-12,33.0,33.0,32.0,32.55,1713,EQ,,,
2019-04-15,32.9,32.9,31.9,32.6,1596,EQ,,,
2019-04-16,32.8,32.8,32.2,32.4,1561,EQ,,,
2019-04-18,33.0,33.0,31.7,32.0,2345,EQ,,,
2019-04-22,34.25,34.25,31.3,31.5,3467,EQ,,,
2019-04-23,32.0,32.0,30.9,31.0,5556,EQ,,,
2019-04-24,33.2,33.2,30.9,31.3,9466,EQ,,,
2019-04-25,31.95,31.95,31.0,31.1,1489,EQ,,,
2019-04-26,32.0,32.0,31.0,31.3,2384,EQ,,,
2019-04-30,31.8,31.8,30.25,30.4,3458,EQ,,,
2019-05-02,30.4,30.85,30.1,30.4,3000,EQ,,,
2019-05-03,31.0,31.0,30.4,30.9,623,EQ,,,
2019-05-06,30.3,30.8,30.1,30.3,1068,EQ,,,
2019-05-07,31.0,31.0,29.5,29.8,6282,EQ,,,
2019-05-08,29.65,29.9,29.1,29.4,12777,EQ,,,
2019-05-09,30.0,30.0,29.0,29.2,12214,EQ,,,
2019-05-10,29.8,30.0,29.4,29.9,3314,EQ,,,
2019-05-13,31.0,31.0,28.4,28.65,10671,EQ,,,
2019-05-14,28.45,29.4,28.2,29.1,9326,EQ,,,
2019-05-15,29.5,29.5,28.6,28.9,12445,EQ,,,
2019-05-16,29.5,29.5,28.5,29.1,12915,EQ,,,
2019-05-17,29.65,29.65,28.65,29.35,2517,EQ,,,
2019-05-20,30.0,31.8,30.0,31.55,21494,EQ,,,
2019-05-21,32.2,32.2,30.7,31.3,6251,EQ,,,
2019-05-22,31.8,31.8,30.8,31.2,2187,EQ,,,
2019-05-23,31.7,33.6,30.5,30.95,26386,EQ,,,
2019-05-24,31.6,32.7,31.5,32.55,4134,EQ,,,
2019-05-27,32.6,34.0,32.4,33.75,11755,EQ,,,
2019-05-28,34.4,34.4,33.1,33.5,8780,EQ,,,
2019-05-29,34.0,34.0,32.1,32.25,4247,EQ,,,
2019-05-30,32.7,32.8,32.15,32.5,782,EQ,,,
2019-05-31,34.0,34.0,31.8,32.2,4183,EQ,,,
2019-06-03,32.2,33.0,31.8,32.8,2016,EQ,,,
2019-06-04,32.95,32.95,32.4,32.75,3298,EQ,,,
2019-06-06,33.0,33.0,30.85,31.0,17482,EQ,,,
2019-06-07,31.5,31.6,30.6,30.9,17627,EQ,,,
2019-06-10,31.0,31.1,30.2,30.4,14660,EQ,,,
2019-06-11,31.0,31.4,30.3,31.05,2954,EQ,,,
2019-06-12,30.9,31.1,30.5,30.85,4343,EQ,,,
2019-06-13,30.85,30.85,29.8,30.3,7601,EQ,,,
2019-06-14,31.0,31.0,30.3,30.6,8004,EQ,,,
2019-06-17,31.45,31.45,29.8,29.9,2364,EQ,,,
2019-06-18,31.5,31.5,29.8,30.0,3729,EQ,,,
2019-06-19,31.0,31.0,29.4,29.65,7236,EQ,,,
2019-06-20,30.0,30.5,29.5,30.25,5694,EQ,,,
2019-06-21,31.4,31.4,30.1,30.7,1967,EQ,,,
2019-06-24,31.4,31.4,30.3,30.5,6477,EQ,,,
2019-06-25,30.7,31.15,30.5,31.05,2760,EQ,,,
2019-06-26,31.1,31.7,31.05,31.5,3857,EQ,,,
2019-06-27,31.95,32.0,31.4,31.9,2772,EQ,,,
2019-06-28,32.0,32.5,31.6,31.85,8003,EQ,,,
2019-07-01,32.5,32.5,31.25,31.75,3443,EQ,,,
2019-07-02,32.55,32.55,31.5,31.75,1218,EQ,,,
2019-07-03,32.5,32.5,31.7,32.3,4151,EQ,,,
2019-07-04,32.5,33.15,32.35,33.0,14753,EQ,,,
2019-07-05,33.15,33.15,32.15,32.75,5243,EQ,,,
2019-07-08,35.5,35.5,30.7,30.85,8952,EQ,,,
2019-07-09,31.2,31.3,30.7,31.0,5892,EQ,,,
2019-07-10,32.0,32.0,30.45,30.95,1878,EQ,,,
2019-07-11,31.5,31.5,31.0,31.4,2105,EQ,,,
2019-07-12,33.0,33.0,30.6,31.6,665,EQ,,,
2019-07-15,32.5,32.5,30.5,30.75,2558,EQ,,,
2019-07-16,30.95,31.3,30.9,30.95,695,EQ,,,
2019-07-17,31.0,31.7,30.9,31.55,1996,EQ,,,
2019-07-18,31.0,31.5,30.5,30.6,1891,EQ,,,
2019-07-19,31.0,31.2,29.9,30.2,7264,EQ,,,
2019-07-22,30.0,30.2,29.5,29.7,2142,EQ,,,
2019-07-23,30.5,30.5,28.8,28.95,8421,EQ,,,
2019-07-24,29.0,29.2,28.2,28.35,4136,EQ,,,
2019-07-25,28.5,28.5,28.0,28.2,5359,EQ,,,
2019-07-26,28.7,28.9,28.4,28.7,998,EQ,,,
2019-07-29,28.6,28.7,27.85,28.4,11605,EQ,,,
2019-07-30,28.4,28.4,26.9,27.05,9929,EQ,,,
2019-07-31,26.85,27.4,26.6,27.2,1919,EQ,,,
2019-08-01,27.0,27.5,26.5,26.9,3814,EQ,,,
2019-08-02,26.5,27.0,26.2,26.5,7276,EQ,,,
2019-08-05,26.05,26.5,25.05,25.75,12447,EQ,,,
2019-08-06,26.0,26.4,25.8,26.2,5839,EQ,,,
2019-08-07,26.6,26.8,25.1,25.45,3988,EQ,,,
2019-08-08,25.95,26.0,25.2,25.6,4741,EQ,,,
2019-08-09,26.0,26.2,25.5,25.6,4150,EQ,,,
2019-08-13,25.6,26.7,25.1,25.15,5218,EQ,,,
2019-08-14,25.3,25.4,25.05,25.3,2490,EQ,,,
2019-08-16,25.05,25.8,25.05,25.7,6325,EQ,,,
2019-08-19,26.0,26.3,25.5,25.7,5136,EQ,,,
2019-08-20,25.6,25.6,25.0,25.4,4418,EQ,,,
2019-08-21,25.1,25.3,23.6,24.25,10991,EQ,,,
2019-08-22,24.6,24.7,23.0,23.7,11149,EQ,,,
2019-08-23,23.55,24.0,23.1,23.8,6060,EQ,,,
2019-08-26,27.7,27.7,23.95,24.8,9146,EQ,,,
2019-08-27,24.8,25.8,24.8,25.25,3123,EQ,,,
2019-08-28,25.5,25.5,24.7,25.2,2632,EQ,,,
2019-08-29,24.95,25.1,24.2,24.4,2331,EQ,,,
2019-08-30,24.6,26.6,23.8,25.15,10206,EQ,,,
2019-09-03,25.2,25.2,23.45,23.65,10737,EQ,,,
2019-09-04,23.6,24.2,23.1,23.95,7553,EQ,,,
2019-09-05,23.8,24.0,23.3,23.7,3221,EQ,,,
2019-09-06,23.7,23.8,23.4,23.5,1324,EQ,,,
2019-09-09,23.4,24.2,23.3,24.0,2968,EQ,,,
2019-09-11,24.2,24.95,24.2,24.8,2532,EQ,,,
2019-09-12,24.8,25.0,24.6,24.95,1769,EQ,,,
2019-09-13,25.2,25.2,24.25,24.85,2959,EQ,,,
2019-09-16,24.75,25.0,24.5,24.7,1874,EQ,,,
2019-09-17,24.8,24.85,23.6,23.75,9618,EQ,,,
2019-09-18,23.8,24.3,23.2,23.85,4299,EQ,,,
2019-09-19,23.7,23.7,23.3,23.4,1650,EQ,,,
2019-09-20,23.3,25.9,22.9,24.85,18296,EQ,,,
2019-09-23,25.2,25.8,24.5,25.55,14056,EQ,,,
2019-09-24,25.4,25.5,24.95,25.05,5199,EQ,,,
2019-09-25,24.75,24.75,23.65,23.7,7609,EQ,,,
2019-09-26,23.8,24.25,23.55,23.9,2606,EQ,,,
2019-09-27,24.0,24.0,23.4,23.6,2184,EQ,,,
2019-09-30,23.6,23.6,22.55,22.8,12748,EQ,112.0,113.82,1241.0
2019-10-01,22.8,23.2,21.7,22.05,14282,EQ,403.0,35.44,9716.0
2019-10-03,22.45,23.85,21.65,21.95,10188,EQ,202.0,50.44,8225.0
2019-10-04,22.4,22.6,21.4,21.6,11779,EQ,241.0,48.88,7003.0
2019-10-07,21.35,22.0,21.25,21.4,6022,EQ,158.0,38.11,3781.0
2019-10-09,21.3,22.1,21.25,21.85,7457,EQ,163.0,45.75,3339.0
2019-10-10,21.75,22.0,21.25,21.4,2177,EQ,107.0,20.35,909.0
2019-10-11,22.0,22.0,21.15,21.35,6018,EQ,167.0,36.04,4683.0
2019-10-14,22.8,23.65,21.3,21.55,5179,EQ,179.0,28.93,3859.0
2019-10-15,21.6,21.7,21.3,21.45,5371,EQ,133.0,40.38,3080.0
2019-10-16,21.4,21.9,21.35,21.35,1556,EQ,76.0,20.47,940.0
2019-10-17,21.45,22.2,21.4,21.95,4732,EQ,138.0,34.29,2930.0
2019-10-18,21.8,22.5,21.15,22.3,19771,EQ,240.0,82.38,11741.0
2019-10-22,22.4,23.15,22.4,22.75,11125,EQ,187.0,59.49,5346.0
2019-10-23,22.5,22.9,22.25,22.9,1819,EQ,86.0,21.15,1274.0
2019-10-24,22.9,23.25,21.95,22.2,7885,EQ,263.0,29.98,4883.0
2019-10-25,22.3,22.8,22.2,22.45,4554,EQ,107.0,42.56,2862.0
2019-10-29,22.9,23.25,22.55,23.15,12160,EQ,288.0,42.22,9742.0
2019-10-30,23.4,24.0,23.1,23.75,6801,EQ,175.0,38.86,4605.0
2019-10-31,24.0,25.7,24.0,24.7,24688,EQ,383.0,64.46,13299.0
2019-11-01,24.8,25.6,24.5,25.2,8841,EQ,220.0,40.19,5545.0
2019-11-04,25.1,25.7,25.0,25.35,11352,EQ,211.0,53.8,5888.0
2019-11-05,25.3,25.8,24.9,25.15,10737,EQ,236.0,45.5,5114.0
2019-11-06,25.05,25.5,24.45,25.05,11542,EQ,248.0,46.54,8699.0
2019-11-07,25.2,25.2,24.55,24.7,1930,EQ,70.0,27.57,1803.0
2019-11-08,24.55,24.55,23.3,24.0,14997,EQ,268.0,55.96,5985.0
2019-11-11,24.0,24.5,23.9,24.35,1729,EQ,84.0,20.58,1061.0
2019-11-13,24.5,24.5,23.65,23.8,1833,EQ,95.0,19.29,1307.0
2019-11-14,23.8,23.8,23.2,23.7,1951,EQ,84.0,23.23,1186.0
2019-11-15,24.0,24.7,23.85,24.35,5505,EQ,300.0,18.35,2692.0
2019-11-18,24.6,24.8,24.45,24.6,7747,EQ,277.0,27.97,6743.0
2019-11-19,24.8,25.9,24.7,25.45,35528,EQ,714.0,49.76,19286.0
2019-11-20,25.4,25.95,25.3,25.55,6148,EQ,121.0,50.81,2879.0
2019-11-21,25.8,25.95,25.55,25.6,4947,EQ,92.0,53.77,2156.0
2019-11-22,25.5,25.8,25.25,25.5,1670,EQ,63.0,26.51,917.0
2019-11-25,25.5,26.1,25.3,25.75,7798,EQ,374.0,20.85,5347.0
2019-11-26,26.0,26.2,25.5,25.55,7583,EQ,237.0,32.0,4666.0
2019-11-27,25.6,26.95,25.5,26.05,15669,EQ,496.0,31.59,6788.0
2019-11-28,26.1,26.85,26.1,26.75,25928,EQ,265.0,97.84,16585.0
2019-11-29,26.8,27.0,26.1,26.5,27737,EQ,287.0,96.64,17190.0
2019-12-02,26.25,26.4,25.9,26.2,5505,EQ,120.0,45.88,2881.0
2019-12-03,26.2,26.3,25.3,25.65,12655,EQ,258.0,49.05,8652.0
2019-12-04,25.6,26.0,25.4,25.85,11544,EQ,244.0,47.31,7074.0
2019-12-05,26.0,26.3,25.5,25.85,4309,EQ,131.0,32.89,2661.0
2019-12-06,25.9,25.9,24.2,24.6,10947,EQ,308.0,35.54,9165.0
2019-12-09,24.6,24.8,24.2,24.35,2224,EQ,151.0,14.73,616.0
2019-12-10,24.9,24.9,24.05,24.3,3448,EQ,168.0,20.52,2154.0
2019-12-11,24.1,24.25,23.8,24.0,5663,EQ,157.0,36.07,3933.0
2019-12-12,24.0,24.9,23.9,24.3,11022,EQ,280.0,39.36,5160.0
2019-12-13,24.6,25.5,24.4,25.2,19534,EQ,258.0,75.71,9842.0
2019-12-16,25.3,25.5,24.8,25.35,6415,EQ,131.0,48.97,3116.0
2019-12-17,25.4,25.6,25.3,25.55,4848,EQ,87.0,55.72,2786.0
2019-12-18,25.35,25.4,24.9,25.15,4672,EQ,132.0,35.39,2068.0
2019-12-19,25.05,25.1,24.75,25.0,513,EQ,54.0,9.5,329.0
2019-12-20,25.2,25.6,25.2,25.5,12460,EQ,144.0,86.53,7631.0
2019-12-23,25.4,25.5,25.15,25.3,1372,EQ,72.0,19.06,674.0
2019-12-24,24.55,25.5,24.5,25.35,2934,EQ,378.0,7.76,1483.0
2019-12-26,25.4,25.4,24.95,25.0,2623,EQ,88.0,29.81,1853.0
2019-12-27,25.25,25.45,25.1,25.3,5102,EQ,150.0,34.01,2334.0
2019-12-30,25.15,25.3,24.75,25.25,1902,EQ,95.0,20.02,1276.0
2019-12-31,25.05,25.25,24.9,25.1,3486,EQ,65.0,53.63,2637.0
2020-01-01,25.2,25.2,24.65,24.85,105108,EQ,323.0,325.41,104538.0
2020-01-02,24.75,25.4,24.55,25.3,2354,EQ,175.0,13.45,1560.0
2020-01-03,25.3,25.3,25.0,25.1,703,EQ,53.0,13.26,447.0
2020-01-06,24.55,24.8,23.8,24.0,18683,EQ,325.0,57.49,14462.0
2020-01-07,24.45,24.5,23.6,24.05,4093,EQ,126.0,32.48,2165.0
2020-01-08,23.85,23.85,23.3,23.65,10854,EQ,186.0,58.35,6668.0
2020-01-09,24.0,25.1,24.0,24.4,4294,EQ,131.0,32.78,2091.0
2020-01-10,24.4,24.65,24.3,24.35,5820,EQ,128.0,45.47,5132.0
2020-01-13,24.5,24.55,24.2,24.45,1610,EQ,66.0,24.39,1275.0
2020-01-14,24.4,24.6,24.2,24.35,1038,EQ,81.0,12.81,512.0
2020-01-15,24.15,24.4,24.0,24.4,3182,EQ,48.0,66.29,2928.0
2020-01-16,24.5,24.7,24.25,24.35,3719,EQ,77.0,48.3,1684.0
2020-01-17,24.15,24.5,24.1,24.1,4720,EQ,256.0,18.44,4170.0
2020-01-20,24.2,24.4,24.0,24.2,4535,EQ,119.0,38.11,2643.0
2020-01-21,24.0,24.45,23.6,23.85,2238,EQ,110.0,20.35,1273.0
2020-01-22,24.0,24.2,23.8,24.05,2491,EQ,62.0,40.18,1499.0
2020-01-23,24.2,24.45,24.1,24.4,689,EQ,116.0,5.94,582.0
2020-01-24,24.15,24.5,23.65,24.2,5092,EQ,124.0,41.06,3893.0
2020-01-27,24.0,24.1,23.55,23.65,45552,EQ,201.0,226.63,42001.0
2020-01-28,23.9,23.9,23.25,23.45,3644,EQ,214.0,17.03,2514.0
2020-01-29,23.7,23.7,23.45,23.5,865,EQ,51.0,16.96,440.0
2020-01-30,23.4,23.4,23.2,23.35,11154,EQ,62.0,179.9,10620.0
2020-01-31,23.4,23.55,23.0,23.4,4213,EQ,102.0,41.3,4123.0
2020-02-03,22.6,23.05,21.9,22.15,6470,EQ,298.0,21.71,5003.0
2020-02-04,22.2,22.5,22.1,22.25,6393,EQ,143.0,44.71,5069.0
2020-02-05,22.7,22.7,22.0,22.05,6195,EQ,88.0,70.4,2491.0
2020-02-06,22.3,23.05,22.1,22.7,4093,EQ,124.0,33.01,1780.0
2020-02-07,22.9,23.2,22.85,23.15,1388,EQ,73.0,19.01,1081.0
2020-02-10,23.0,23.0,22.4,22.45,5679,EQ,130.0,43.68,4585.0
2020-02-11,22.8,22.9,22.6,22.75,2221,EQ,37.0,60.03,1803.0
2020-02-12,22.8,22.9,22.2,22.3,2643,EQ,134.0,19.72,1590.0
2020-02-13,22.8,22.8,22.1,22.25,12502,EQ,108.0,115.76,11020.0
2020-02-14,22.3,22.5,22.0,22.05,3142,EQ,79.0,39.77,2015.0
2020-02-17,22.0,22.0,21.2,21.3,8674,EQ,243.0,35.7,6075.0
2020-02-18,21.15,21.5,20.4,20.9,6786,EQ,238.0,28.51,4789.0
2020-02-19,20.95,22.2,20.95,21.1,6461,EQ,166.0,38.92,3273.0
2020-02-20,21.2,21.55,21.2,21.25,5894,EQ,82.0,71.88,3148.0
2020-02-24,21.2,21.4,20.85,20.9,4657,EQ,116.0,40.15,3736.0
2020-02-25,20.85,21.2,20.8,21.0,5620,EQ,103.0,54.56,3422.0
2020-02-26,20.8,20.9,20.55,20.65,4327,EQ,128.0,33.8,3258.0
2020-02-27,20.7,20.7,19.8,20.3,7542,EQ,194.0,38.88,4484.0
2020-02-28,19.45,20.05,18.45,19.4,19404,EQ,402.0,48.27,10558.0
2020-03-02,19.8,20.0,18.4,18.65,43195,EQ,312.0,138.45,39682.0
2020-03-03,18.8,18.85,18.3,18.5,7235,EQ,200.0,36.17,4911.0
2020-03-04,18.65,18.7,18.1,18.6,11326,EQ,220.0,51.48,7999.0
2020-03-05,18.7,19.0,18.1,18.55,30259,EQ,219.0,138.17,13907.0
2020-03-06,18.2,18.4,17.65,17.8,9326,EQ,405.0,23.03,6845.0
2020-03-09,18.15,18.5,16.45,17.2,10504,EQ,348.0,30.18,7997.0
2020-03-11,17.0,17.0,16.2,16.4,15265,EQ,310.0,49.24,12549.0
2020-03-12,16.0,16.0,14.0,14.4,50515,EQ,467.0,108.17,45607.0
2020-03-13,13.0,15.45,13.0,14.7,28876,EQ,669.0,43.16,16052.0
2020-03-16,14.2,15.3,14.0,14.95,8402,EQ,225.0,37.34,3730.0
2020-03-17,14.9,15.8,14.0,14.95,8731,EQ,228.0,38.29,6622.0
2020-03-18,15.0,15.55,14.1,15.05,12363,EQ,242.0,51.09,9394.0
2020-03-19,14.5,15.1,13.1,14.35,16416,EQ,223.0,73.61,9931.0
2020-03-20,14.1,15.2,14.1,14.95,3340,EQ,201.0,16.62,2270.0
2020-03-23,14.0,14.8,11.4,13.15,7679,EQ,311.0,24.69,5689.0
2020-03-24,13.3,14.3,12.95,13.55,1435,EQ,113.0,12.7,974.0
2020-03-25,13.9,15.0,12.4,13.1,8667,EQ,292.0,29.68,5509.0
2020-03-26,12.6,14.0,12.6,13.45,8942,EQ,291.0,30.73,4911.0
2020-03-27,13.7,14.7,13.1,13.35,31667,EQ,303.0,104.51,25522.0
2020-03-30,13.3,13.3,12.6,12.95,12020,EQ,176.0,68.3,9590.0
2020-03-31,13.3,13.85,12.8,13.05,11228,EQ,265.0,42.37,4890.0
2020-04-01,13.0,13.2,12.6,12.7,9243,EQ,308.0,30.01,7487.0
2020-04-03,12.9,12.9,12.1,12.2,7096,EQ,268.0,26.48,5496.0
2020-04-07,13.95,13.95,12.2,12.5,12045,EQ,391.0,30.81,8469.0
2020-04-08,12.3,13.1,12.2,12.6,16990,EQ,278.0,61.12,11644.0
2020-04-09,12.9,13.5,12.5,13.05,14605,EQ,191.0,76.47,10175.0
2020-04-13,12.8,12.8,12.4,12.7,5996,EQ,,,
2020-04-15,12.75,13.3,12.55,12.65,14426,EQ,297.0,48.57,5962.0
2020-04-16,12.7,12.8,12.4,12.75,5225,EQ,139.0,37.59,2464.0
2020-04-17,13.0,13.4,12.7,13.0,13004,EQ,321.0,40.51,8754.0
2020-04-20,13.2,13.8,12.75,13.2,40795,EQ,626.0,65.17,16226.0
2020-04-21,13.4,13.4,12.8,12.85,9910,EQ,219.0,45.25,7557.0
2020-04-22,12.85,13.15,12.5,13.0,8078,EQ,353.0,22.88,6364.0
2020-04-23,13.2,13.25,12.9,13.0,1776,EQ,71.0,25.01,929.0
2020-04-24,13.1,13.1,12.4,12.5,13781,EQ,340.0,40.53,7933.0
2020-04-27,12.55,12.85,12.5,12.55,3645,EQ,162.0,22.5,1932.0
2020-04-28,12.8,14.1,12.55,12.75,29594,EQ,322.0,91.91,19703.0
2020-04-29,12.75,13.1,12.6,13.05,10291,EQ,303.0,33.96,6353.0
2020-04-30,13.1,13.45,12.8,13.3,14437,EQ,217.0,66.53,8083.0
2020-05-04,13.2,13.2,12.35,12.45,16129,EQ,381.0,42.33,11970.0
2020-05-05,12.5,12.7,11.9,11.95,23282,EQ,397.0,58.64,20383.0
2020-05-06,12.0,12.1,11.7,11.9,8544,EQ,232.0,36.83,6232.0
2020-05-07,12.2,12.2,11.7,11.8,4589,EQ,136.0,33.74,3444.0
2020-05-08,11.9,12.0,11.8,11.8,4965,EQ,76.0,65.33,3092.0
2020-05-11,12.2,12.2,11.05,11.35,31195,EQ,384.0,81.24,18119.0
2020-05-12,11.65,11.65,10.55,11.5,6578,EQ,232.0,28.35,3626.0
2020-05-13,11.95,12.4,11.5,12.2,14836,EQ,259.0,57.28,8313.0
2020-05-14,12.2,12.35,11.9,11.9,4270,EQ,132.0,32.35,2595.0
2020-05-15,11.9,12.6,11.6,11.8,6177,EQ,229.0,26.97,3256.0
2020-05-18,11.6,11.95,11.1,11.2,6773,EQ,209.0,32.41,3959.0
2020-05-19,11.2,11.8,10.85,10.9,15087,EQ,303.0,49.79,9873.0
2020-05-20,10.9,11.0,10.65,10.8,22334,EQ,195.0,114.53,20067.0
2020-05-21,10.8,11.3,10.7,10.8,16546,EQ,234.0,70.71,11060.0
2020-05-22,11.0,11.2,10.6,10.75,5929,EQ,155.0,38.25,4131.0
2020-05-26,10.75,11.5,10.55,10.65,5386,EQ,190.0,28.35,3174.0
2020-05-27,10.9,11.35,10.65,11.2,7488,EQ,151.0,49.59,5775.0
2020-05-28,11.4,11.4,11.05,11.2,4802,EQ,116.0,41.4,4042.0
2020-05-29,11.0,11.3,11.0,11.2,10649,EQ,75.0,141.99,6978.0
2020-06-01,11.4,12.1,11.2,12.0,22769,EQ,265.0,85.92,14266.0
2020-06-02,12.2,12.4,11.8,12.15,25340,EQ,307.0,82.54,16168.0
2020-06-03,12.3,13.5,12.1,12.7,52061,EQ,572.0,91.02,25646.0
2020-06-04,13.0,13.4,12.55,12.9,14005,EQ,357.0,39.23,7122.0
2020-06-05,13.0,13.8,12.9,13.6,21335,EQ,426.0,50.08,13176.0
2020-06-08,14.25,14.95,13.55,13.7,34898,EQ,421.0,82.89,22254.0
2020-06-09,13.6,13.9,13.0,13.15,24689,EQ,449.0,54.99,12805.0
2020-06-10,13.2,13.85,13.2,13.75,12223,EQ,227.0,53.85,4661.0
2020-06-11,13.7,14.2,13.15,13.3,39846,EQ,472.0,84.42,23813.0
2020-06-12,13.3,13.6,12.55,13.25,20144,EQ,413.0,48.77,9607.0
2020-06-15,13.4,13.7,12.9,13.45,18486,EQ,349.0,52.97,7795.0
2020-06-16,13.6,13.9,13.2,13.5,12051,EQ,386.0,31.22,8022.0
2020-06-17,13.45,13.6,13.3,13.45,3783,EQ,83.0,45.58,2704.0
2020-06-18,13.5,13.75,13.4,13.6,9252,EQ,116.0,79.76,6931.0
2020-06-19,13.8,14.15,13.7,13.95,7916,EQ,165.0,47.98,7029.0
2020-06-22,13.9,14.9,13.9,14.5,21917,EQ,343.0,63.9,15313.0
2020-06-23,14.5,15.2,14.5,15.1,20513,EQ,219.0,93.67,12317.0
2020-06-24,15.2,15.45,15.0,15.0,32199,EQ,313.0,102.87,17531.0
2020-06-25,14.85,15.0,14.35,14.9,14017,EQ,193.0,72.63,4073.0
2020-06-26,15.1,15.35,14.5,14.9,9127,EQ,173.0,52.76,5512.0
2020-06-29,14.8,14.8,14.25,14.4,24099,EQ,239.0,100.83,14811.0
2020-06-30,14.9,14.9,14.05,14.2,21257,EQ,320.0,66.43,17779.0
2020-07-01,14.05,14.75,14.0,14.6,35778,EQ,249.0,143.69,15315.0
2020-07-02,14.6,14.85,14.5,14.6,17331,EQ,191.0,90.74,12031.0
2020-07-03,14.6,14.6,14.35,14.4,7371,EQ,135.0,54.6,3591.0
2020-07-06,14.55,14.7,14.4,14.7,9873,EQ,133.0,74.23,6858.0
2020-07-07,14.7,14.7,14.3,14.55,10070,EQ,153.0,65.82,5534.0
2020-07-08,14.6,15.3,14.6,14.85,39237,EQ,640.0,61.31,21605.0
2020-07-09,15.0,15.3,14.8,15.05,12718,EQ,178.0,71.45,7450.0
2020-07-10,14.85,15.25,14.65,14.8,21427,EQ,248.0,86.4,12087.0
2020-07-13,14.8,15.0,14.4,14.45,11503,EQ,405.0,28.4,7151.0
2020-07-14,14.45,14.45,13.8,13.9,15263,EQ,445.0,34.3,10428.0
2020-07-15,14.1,14.3,13.8,13.9,5018,EQ,265.0,18.94,2825.0
2020-07-16,13.35,13.9,13.2,13.8,7119,EQ,274.0,25.98,3997.0
2020-07-17,13.7,14.25,13.7,14.15,17014,EQ,166.0,102.49,15565.0
2020-07-20,14.1,14.5,14.1,14.3,2517,EQ,109.0,23.09,1591.0
2020-07-21,14.4,14.6,14.4,14.45,4268,EQ,143.0,29.85,3222.0
2020-07-22,14.25,14.65,14.2,14.25,19556,EQ,265.0,73.8,5315.0
2020-07-23,14.3,14.55,14.2,14.45,3072,EQ,79.0,38.89,1919.0
2020-07-24,14.35,14.4,14.0,14.25,2325,EQ,109.0,21.33,2054.0
2020-07-27,14.4,14.4,13.65,13.8,7193,EQ,235.0,30.61,3289.0
2020-07-28,14.0,14.0,13.7,13.8,3898,EQ,131.0,29.76,3378.0
2020-07-29,13.8,14.4,13.6,14.15,14023,EQ,411.0,34.12,5145.0
2020-07-30,14.7,14.95,13.65,13.95,10373,EQ,262.0,39.59,4639.0
2020-07-31,13.85,14.1,13.6,13.9,12341,EQ,235.0,52.51,7292.0
2020-08-03,13.9,14.25,13.6,14.05,7844,EQ,477.0,16.44,2177.0
2020-08-04,14.1,14.1,13.8,13.95,5501,EQ,137.0,40.15,1717.0
2020-08-05,14.05,14.15,13.95,14.0,1434,EQ,51.0,28.12,481.0
2020-08-06,13.9,14.15,13.8,13.9,13869,EQ,263.0,52.73,9249.0
2020-08-07,14.0,14.1,13.95,14.05,3212,EQ,107.0,30.02,1817.0
2020-08-10,14.15,14.3,14.0,14.2,21998,EQ,430.0,51.16,10670.0
2020-08-11,14.25,14.25,14.0,14.05,6082,EQ,103.0,59.05,5543.0
2020-08-12,14.3,15.7,14.2,14.6,48742,EQ,463.0,105.27,27575.0
2020-08-13,14.7,15.15,14.4,14.4,6261,EQ,146.0,42.88,4838.0
2020-08-14,14.4,14.6,14.0,14.0,6804,EQ,183.0,37.18,3935.0
2020-08-17,14.1,14.2,13.9,14.0,3466,EQ,89.0,38.94,2422.0
2020-08-18,14.35,14.55,13.6,14.0,5788,EQ,215.0,26.92,3510.0
2020-08-19,14.2,14.55,14.15,14.4,9833,EQ,160.0,61.46,4724.0
2020-08-20,14.3,14.5,14.2,14.5,4166,EQ,116.0,35.91,3047.0
2020-08-21,14.5,14.8,14.45,14.5,8748,EQ,148.0,59.11,4453.0
2020-08-24,15.0,15.0,14.5,14.7,5603,EQ,163.0,34.37,2685.0
2020-08-25,14.8,15.0,14.4,14.85,6048,EQ,146.0,41.42,4049.0
2020-08-26,14.95,15.0,14.6,14.9,6188,EQ,152.0,40.71,4768.0
2020-08-27,14.9,15.15,14.85,15.05,7936,EQ,113.0,70.23,4444.0
2020-08-28,15.25,15.9,15.0,15.65,74501,EQ,561.0,132.8,44965.0
2020-08-31,16.15,16.6,14.9,15.35,49487,EQ,660.0,74.98,33083.0
2020-09-01,15.9,15.9,14.8,14.9,11764,EQ,222.0,52.99,10213.0
2020-09-02,15.3,15.3,14.4,14.65,14469,EQ,250.0,57.88,10177.0
2020-09-03,14.95,15.1,14.7,14.75,6515,EQ,109.0,59.77,5299.0
2020-09-04,14.5,14.8,14.4,14.4,6115,EQ,177.0,34.55,4499.0
2020-09-07,14.3,14.6,14.2,14.5,1041,EQ,103.0,10.11,747.0
2020-09-08,14.55,14.55,14.2,14.25,1620,EQ,93.0,17.42,1437.0
2020-09-09,13.95,14.2,13.65,13.8,15976,EQ,240.0,66.57,14885.0
2020-09-10,13.8,14.25,13.8,14.0,11977,EQ,204.0,58.71,3492.0
2020-09-11,13.9,14.2,13.85,14.15,1536,EQ,53.0,28.98,638.0
2020-09-14,14.3,14.4,14.0,14.15,4164,EQ,89.0,46.79,3212.0
2020-09-15,14.1,14.2,14.0,14.15,2798,EQ,115.0,24.33,1041.0
2020-09-16,14.15,14.2,13.9,14.1,3312,EQ,119.0,27.83,2523.0
2020-09-17,14.0,14.15,13.8,13.85,5133,EQ,136.0,37.74,3135.0
2020-09-18,14.2,14.2,13.45,13.7,10943,EQ,225.0,48.64,9061.0
2020-09-21,13.7,13.7,12.9,13.05,12406,EQ,324.0,38.29,11001.0
2020-09-22,13.1,13.5,12.65,12.95,10666,EQ,260.0,41.02,5836.0
2020-09-23,13.0,13.4,12.45,12.7,10629,EQ,225.0,47.24,9101.0
2020-09-24,12.5,12.9,12.1,12.25,13541,EQ,284.0,47.68,11459.0
2020-09-25,12.4,12.5,12.0,12.5,14367,EQ,287.0,50.06,6807.0
2020-09-28,12.6,13.1,12.6,12.95,27463,EQ,,,
2020-09-29,12.95,13.0,12.55,12.65,5883,EQ,137.0,42.94,4341.0
2020-09-30,12.65,12.7,12.5,12.55,3796,EQ,94.0,40.38,3286.0
2020-10-01,12.7,12.95,12.6,12.75,31118,EQ,224.0,138.92,26560.0
2020-10-05,12.8,13.0,12.7,12.7,6474,EQ,98.0,66.06,1962.0
2020-10-06,12.8,13.1,12.6,12.9,31063,EQ,207.0,150.06,24867.0
2020-10-07,12.8,13.0,12.6,12.65,5423,EQ,98.0,55.34,4379.0
2020-10-08,12.7,13.0,12.65,12.7,10919,EQ,131.0,83.35,6107.0
2020-10-09,12.6,13.1,12.6,13.1,6210,EQ,105.0,59.14,3434.0
2020-10-12,13.1,13.4,12.8,12.9,11492,EQ,152.0,75.61,5245.0
2020-10-13,13.2,14.05,12.65,12.75,9721,EQ,114.0,85.27,7669.0
2020-10-14,12.75,12.75,12.5,12.7,16085,EQ,184.0,87.42,14025.0
2020-10-15,12.6,12.9,12.45,12.5,16224,EQ,143.0,113.45,13252.0
2020-10-16,12.6,12.75,12.3,12.65,11469,EQ,136.0,84.33,9276.0
2020-10-19,12.7,13.0,12.7,12.95,16734,EQ,161.0,103.94,14275.0
2020-10-20,12.9,13.0,12.7,12.9,3073,EQ,55.0,55.87,2820.0
2020-10-21,13.1,13.1,12.5,12.95,24390,EQ,238.0,102.48,14817.0
2020-10-22,12.9,12.95,12.8,12.9,4038,EQ,81.0,49.85,1877.0
2020-10-23,12.9,13.15,12.65,13.1,17650,EQ,148.0,119.26,10914.0
2020-10-26,13.0,13.3,12.7,12.9,5971,EQ,160.0,37.32,2776.0
2020-10-27,13.0,13.3,12.65,12.75,11419,EQ,194.0,58.86,8021.0
2020-10-28,12.75,12.75,12.5,12.55,9482,EQ,158.0,60.01,7099.0
2020-10-29,12.5,12.65,12.3,12.45,8539,EQ,120.0,71.16,7439.0
2020-10-30,12.45,12.55,12.2,12.4,2351,EQ,125.0,18.81,1698.0
2020-11-02,12.45,12.85,12.45,12.75,12999,EQ,159.0,81.75,6605.0
2020-11-03,12.9,12.95,12.75,12.9,12051,EQ,110.0,109.55,9138.0
2020-11-04,12.9,13.05,12.7,13.0,22296,EQ,113.0,197.31,12032.0
2020-11-05,13.0,13.5,13.0,13.3,36115,EQ,312.0,115.75,17462.0
2020-11-06,13.4,13.7,13.3,13.6,21476,EQ,218.0,98.51,11593.0
2020-11-09,15.65,15.65,13.35,13.75,23638,EQ,228.0,103.68,14804.0
2020-11-10,14.1,14.3,13.5,14.15,64473,EQ,381.0,169.22,28098.0
2020-11-11,14.2,14.4,13.9,14.1,15337,EQ,364.0,42.13,9687.0
2020-11-12,14.05,14.15,13.6,13.75,8886,EQ,165.0,53.85,4799.0
2020-11-13,13.85,13.9,13.5,13.75,14933,EQ,267.0,55.93,6025.0
2020-11-17,14.0,14.3,14.0,14.15,8764,EQ,132.0,66.39,4844.0
2020-11-18,14.3,15.0,14.2,14.85,20261,EQ,343.0,59.07,13440.0
2020-11-19,14.8,14.8,14.35,14.5,14966,EQ,296.0,50.56,6851.0
2020-11-20,14.5,14.7,14.0,14.4,50049,EQ,322.0,155.43,8789.0
2020-11-23,14.5,14.6,14.3,14.35,4611,EQ,137.0,33.66,2175.0
2020-11-24,14.5,14.75,14.3,14.7,21900,EQ,248.0,88.31,13856.0
2020-11-25,14.8,15.5,14.8,14.85,33197,EQ,476.0,69.74,21007.0
2020-11-26,14.9,15.2,14.5,15.0,12716,EQ,252.0,50.46,5584.0
2020-11-27,15.1,15.35,14.8,15.25,27836,EQ,274.0,101.59,9761.0
2020-12-01,15.3,15.8,15.3,15.7,41068,EQ,301.0,136.44,24528.0
2020-12-02,15.8,16.0,15.5,15.7,21858,EQ,297.0,73.6,13749.0
2020-12-03,15.75,16.65,15.6,16.45,146351,EQ,1105.0,132.44,84381.0
2020-12-04,16.7,16.75,16.25,16.7,33373,EQ,539.0,61.92,19928.0
2020-12-07,17.0,17.2,16.65,17.05,39563,EQ,617.0,64.12,25469.0
2020-12-08,17.3,18.6,16.7,18.15,94306,EQ,999.0,94.4,41059.0
2020-12-09,18.15,19.25,18.0,18.1,133005,EQ,1439.0,92.43,82116.0
2020-12-10,19.2,19.2,17.0,17.8,40946,EQ,687.0,59.6,21161.0
2020-12-11,18.1,18.25,17.8,18.05,60505,EQ,548.0,110.41,27470.0
2020-12-14,18.45,18.5,18.1,18.25,23764,EQ,368.0,64.58,13478.0
2020-12-15,18.3,18.3,17.4,17.9,58206,EQ,685.0,84.97,25725.0
2020-12-16,18.3,18.3,17.7,17.8,30589,EQ,370.0,82.67,12245.0
2020-12-17,17.8,18.15,17.3,17.55,31918,EQ,620.0,51.48,10650.0
2020-12-18,17.3,17.7,16.0,17.3,34987,EQ,728.0,48.06,10093.0
2020-12-21,17.5,17.5,16.15,16.25,62823,EQ,762.0,82.44,28190.0
2020-12-22,16.2,17.0,14.55,16.4,38781,EQ,669.0,57.97,19342.0
2020-12-23,16.5,16.6,16.35,16.5,9277,EQ,208.0,44.6,6423.0
2020-12-24,16.8,17.2,16.6,16.85,16649,EQ,321.0,51.87,10473.0
2020-12-28,17.1,17.4,16.75,17.2,22556,EQ,274.0,82.32,11686.0
2020-12-29,17.5,17.6,17.3,17.5,16401,EQ,324.0,50.62,10411.0
2020-12-30,17.8,17.8,17.1,17.3,25968,EQ,325.0,79.9,12894.0
2020-12-31,17.5,17.7,17.15,17.35,4743,EQ,126.0,37.64,3893.0
2021-01-01,17.4,17.9,17.2,17.75,57591,EQ,714.0,80.66,25068.0
2021-01-04,17.8,18.1,17.7,18.0,40267,EQ,528.0,76.26,22133.0
2021-01-05,17.55,18.05,17.55,17.95,25538,EQ,451.0,56.63,14628.0
2021-01-06,17.95,18.25,17.7,17.85,31076,EQ,413.0,75.24,21192.0
2021-01-07,18.2,18.25,17.85,17.95,23856,EQ,333.0,71.64,15148.0
2021-01-08,18.2,18.25,17.8,18.0,47498,EQ,550.0,86.36,34991.0
2021-01-11,18.3,18.3,17.7,17.9,9146,EQ,293.0,31.22,6254.0
2021-01-12,17.95,19.2,17.6,18.8,79346,EQ,1076.0,73.74,55215.0
2021-01-13,19.95,19.95,18.8,19.3,61426,EQ,1100.0,55.84,27817.0
2021-01-14,19.25,19.65,19.2,19.3,15472,EQ,359.0,43.1,8704.0
2021-01-15,19.4,19.7,18.7,18.9,345419,EQ,1487.0,232.29,249259.0
2021-01-18,18.9,19.3,18.15,18.4,25818,EQ,947.0,27.26,10384.0
2021-01-19,20.05,20.05,18.55,18.8,25266,EQ,571.0,44.25,8441.0
2021-01-20,19.15,19.6,18.8,19.5,36032,EQ,492.0,73.24,18922.0
2021-01-21,20.1,21.25,19.0,19.2,40474,EQ,519.0,77.98,8797.0
2021-01-22,19.2,19.2,18.2,18.25,61968,EQ,753.0,82.29,23083.0
2021-01-25,18.8,18.8,18.05,18.25,10454,EQ,337.0,31.02,6417.0
2021-01-27,18.25,18.5,17.65,18.05,27566,EQ,533.0,51.72,13776.0
2021-01-28,18.0,18.0,17.05,17.35,27479,EQ,807.0,34.05,16231.0
2021-01-29,17.5,18.4,17.4,17.7,26025,EQ,494.0,52.68,17254.0
2021-02-01,17.7,19.15,17.7,18.95,56480,EQ,1058.0,53.38,41203.0
2021-02-02,19.35,20.25,19.05,19.9,318231,EQ,2587.0,123.01,244647.0
2021-02-03,19.9,20.6,19.6,20.4,43614,EQ,879.0,49.62,23850.0
2021-02-04,20.7,21.5,20.15,21.35,128651,EQ,1346.0,95.58,70930.0
2021-02-05,21.6,24.45,21.5,22.4,322644,EQ,2915.0,110.68,249376.0
2021-02-08,22.7,23.1,21.7,21.9,58640,EQ,1521.0,38.55,27374.0
2021-02-09,21.9,22.8,21.6,22.25,51674,EQ,1188.0,43.5,24738.0
2021-02-10,22.25,22.5,21.9,22.25,57042,EQ,1644.0,34.7,36607.0
2021-02-11,22.25,22.5,21.85,22.0,306039,EQ,4252.0,71.98,173079.0
2021-02-12,22.3,22.45,21.6,22.1,50232,EQ,1418.0,35.42,34677.0
2021-02-15,22.2,22.6,22.0,22.5,24422,EQ,622.0,39.26,17230.0
2021-02-16,22.6,24.5,22.4,23.1,53266,EQ,1001.0,53.21,33841.0
2021-02-17,22.85,24.4,21.7,24.15,138013,EQ,3675.0,37.55,52808.0
2021-02-18,24.15,26.5,24.0,25.9,243493,EQ,4297.0,56.67,197819.0
2021-02-19,26.2,26.35,24.2,25.15,80768,EQ,3949.0,20.45,35258.0
2021-02-22,25.2,25.2,23.4,23.8,104455,EQ,3434.0,30.42,59006.0
2021-02-23,24.2,24.5,23.45,23.55,32125,EQ,665.0,48.31,12089.0
2021-02-24,24.1,24.6,23.65,24.3,40583,EQ,943.0,43.04,13758.0
2021-02-25,24.7,25.35,24.45,24.6,36483,EQ,806.0,45.26,22551.0
2021-02-26,25.0,25.0,23.45,23.6,55459,EQ,1097.0,50.56,21827.0
2021-03-01,24.3,24.3,23.2,23.25,34826,EQ,738.0,47.19,19927.0
2021-03-02,23.7,23.7,23.2,23.3,16215,EQ,338.0,47.97,7994.0
2021-03-03,23.3,24.35,23.3,24.2,40591,EQ,932.0,43.55,15998.0
2021-03-04,23.9,24.55,23.75,23.9,69996,EQ,646.0,108.35,47435.0
2021-03-05,24.15,24.15,22.85,23.05,94025,EQ,724.0,129.87,74219.0
2021-03-08,23.75,24.45,23.3,23.35,11472,EQ,273.0,42.02,6915.0
2021-03-09,23.6,23.6,22.9,23.1,75799,EQ,1660.0,45.66,51697.0
2021-03-10,23.4,23.4,22.95,23.05,44444,EQ,327.0,135.91,31048.0
2021-03-12,23.3,23.35,22.55,22.7,34340,EQ,489.0,70.22,29705.0
2021-03-15,23.0,23.0,22.0,22.7,59254,EQ,567.0,104.5,50973.0
2021-03-16,22.75,22.85,22.4,22.5,13115,EQ,239.0,54.87,7187.0
2021-03-17,22.4,22.5,21.6,21.8,31947,EQ,756.0,42.26,9721.0
2021-03-18,22.0,22.3,20.7,21.25,31961,EQ,563.0,56.77,14457.0
2021-03-19,21.5,21.6,20.65,21.3,29824,EQ,603.0,49.46,10033.0
2021-03-22,20.9,21.6,20.9,21.3,17052,EQ,610.0,27.95,8886.0
2021-03-23,21.6,22.05,21.0,21.8,49055,EQ,1094.0,44.84,17064.0
2021-03-24,21.95,22.0,20.9,21.2,22889,EQ,2464.0,9.29,9901.0
2021-03-25,21.1,21.2,19.9,20.7,68597,EQ,1218.0,56.32,36424.0
2021-03-26,20.9,21.1,20.6,20.75,12124,EQ,341.0,35.55,8078.0
2021-03-30,21.6,22.65,20.4,21.1,44077,EQ,1534.0,28.73,33665.0
2021-03-31,21.0,21.9,21.0,21.7,52113,EQ,2255.0,23.11,41303.0
2021-04-01,21.8,22.1,21.3,21.75,12539,EQ,248.0,50.56,9358.0
2021-04-05,21.9,21.9,20.5,20.85,48665,EQ,399.0,121.97,32115.0
2021-04-06,20.85,21.1,20.7,20.75,44977,EQ,281.0,160.06,38580.0
2021-04-07,20.9,21.5,20.9,21.3,16199,EQ,274.0,59.12,9413.0
2021-04-08,21.3,21.55,21.0,21.05,8403,EQ,201.0,41.81,4764.0
2021-04-09,21.05,21.8,20.9,21.5,61750,EQ,417.0,148.08,39858.0
2021-04-12,20.85,21.3,19.3,19.7,37044,EQ,1315.0,28.17,21694.0
2021-04-13,19.8,20.9,19.8,20.7,23414,EQ,547.0,42.8,13203.0
2021-04-15,20.7,20.7,19.75,20.05,21526,EQ,474.0,45.41,11005.0
2021-04-16,20.2,20.5,19.8,19.9,15314,EQ,276.0,55.49,7206.0
2021-04-19,19.8,19.8,18.75,19.0,42448,EQ,805.0,52.73,24264.0
2021-04-20,19.8,19.9,19.0,19.1,35821,EQ,435.0,82.35,16714.0
2021-04-22,19.05,19.2,18.85,19.1,59355,EQ,404.0,146.92,44603.0
2021-04-23,19.1,19.55,19.0,19.4,15743,EQ,304.0,51.79,8448.0
2021-04-26,19.4,19.85,19.4,19.7,23167,EQ,238.0,97.34,17299.0
2021-04-27,19.65,20.2,19.6,20.05,16188,EQ,253.0,63.98,5333.0
2021-04-28,20.2,20.6,20.1,20.45,20194,EQ,271.0,74.52,4733.0
2021-04-29,20.7,20.9,20.0,20.45,63977,EQ,735.0,87.04,19013.0
2021-04-30,20.35,20.55,19.9,20.25,19509,EQ,571.0,34.17,7850.0
2021-05-03,20.35,20.35,19.7,20.0,7224,EQ,324.0,22.3,4185.0
2021-05-04,20.2,21.4,20.15,20.75,99351,EQ,681.0,145.89,55823.0
2021-05-05,20.8,21.35,20.75,21.0,25835,EQ,457.0,56.53,10234.0
2021-05-06,21.3,21.3,20.6,20.9,16143,EQ,372.0,43.4,4803.0
2021-05-07,21.1,21.1,20.65,20.8,15308,EQ,227.0,67.44,8265.0
2021-05-10,21.2,21.35,20.7,21.15,24062,EQ,370.0,65.03,7028.0
2021-05-11,20.95,21.4,20.6,21.15,31121,EQ,369.0,84.34,6639.0
2021-05-12,21.1,22.4,21.1,22.0,63380,EQ,1092.0,58.04,31416.0
2021-05-14,22.0,22.4,21.35,21.75,52797,EQ,639.0,82.62,25372.0
2021-05-17,21.3,22.4,21.3,22.3,45503,EQ,494.0,92.11,23555.0
2021-05-18,22.4,22.9,21.9,22.05,66712,EQ,767.0,86.98,33524.0
2021-05-19,22.1,22.3,21.9,22.05,18136,EQ,334.0,54.3,11317.0
2021-05-20,22.3,22.3,21.85,22.15,8996,EQ,261.0,34.47,3061.0
2021-05-21,22.4,23.0,21.95,22.8,44205,EQ,718.0,61.57,28532.0
2021-05-24,23.0,24.2,23.0,23.45,96534,EQ,1311.0,73.63,39400.0
2021-05-25,22.05,23.9,22.05,23.3,22157,EQ,413.0,53.65,12475.0
2021-05-26,23.3,23.5,23.0,23.1,18511,EQ,394.0,46.98,13836.0
2021-05-27,22.4,23.75,22.4,23.65,93324,EQ,1007.0,92.68,57102.0
2021-05-28,24.0,24.05,23.6,23.75,34134,EQ,440.0,77.58,18888.0
2021-05-31,24.0,24.0,23.6,23.7,24918,EQ,461.0,54.05,14324.0
2021-06-01,23.6,24.1,23.3,23.55,34543,EQ,591.0,58.45,11663.0
2021-06-02,23.7,24.4,23.4,24.15,80508,EQ,658.0,122.35,32735.0
2021-06-03,24.15,24.45,24.15,24.3,43812,EQ,644.0,68.03,10801.0
2021-06-04,24.5,24.6,24.1,24.4,99020,EQ,907.0,109.17,50078.0
2021-06-07,24.7,24.8,24.35,24.6,43945,EQ,632.0,69.53,17861.0
2021-06-08,24.6,24.6,24.0,24.25,81172,EQ,1016.0,79.89,53342.0
2021-06-09,24.15,24.45,23.8,24.0,28515,EQ,598.0,47.68,13808.0
2021-06-10,24.2,24.5,23.85,24.3,16222,EQ,392.0,41.38,10361.0
2021-06-11,24.3,24.5,24.15,24.25,8054,EQ,213.0,37.81,5361.0
2021-06-14,24.35,24.5,23.55,24.35,30845,EQ,519.0,59.43,12213.0
2021-06-15,24.5,24.7,24.2,24.55,25554,EQ,224.0,114.08,19799.0
2021-06-16,24.5,24.7,24.1,24.15,12643,EQ,321.0,39.39,7046.0
2021-06-17,24.2,24.25,23.65,23.85,20897,EQ,549.0,38.06,11907.0
2021-06-18,24.0,24.1,22.75,23.45,45584,EQ,813.0,56.07,18380.0
2021-06-21,23.3,24.2,22.75,24.0,55329,EQ,802.0,68.99,15318.0
2021-06-22,24.2,24.7,24.2,24.4,40016,EQ,625.0,64.03,14117.0
2021-06-23,24.4,24.55,23.95,24.3,35242,EQ,378.0,93.23,19241.0
2021-06-24,24.4,24.4,23.9,24.05,5936,EQ,201.0,29.53,4582.0
2021-06-25,24.3,24.9,23.8,24.75,66856,EQ,743.0,89.98,50380.0
2021-06-28,24.9,25.15,24.5,25.05,24453,EQ,715.0,34.2,16126.0
2021-06-29,25.0,25.2,24.8,24.95,37618,EQ,344.0,109.35,14569.0
2021-06-30,25.2,25.3,24.6,24.7,19823,EQ,406.0,48.83,11800.0
2021-07-01,24.8,24.9,24.5,24.6,19584,EQ,257.0,76.2,13999.0
2021-07-02,24.55,24.9,24.55,24.75,9007,EQ,180.0,50.04,4831.0
2021-07-05,25.0,25.2,24.6,25.0,9865,EQ,213.0,46.31,5934.0
2021-07-06,24.9,25.1,24.6,24.7,8706,EQ,244.0,35.68,4051.0
2021-07-07,24.6,24.75,24.5,24.65,12726,EQ,227.0,56.06,6954.0
2021-07-08,24.8,24.8,24.0,24.2,16308,EQ,361.0,45.17,9543.0
2021-07-09,24.3,24.3,24.0,24.15,9426,EQ,226.0,41.71,5045.0
2021-07-12,24.25,24.5,24.2,24.3,11048,EQ,174.0,63.49,5434.0
2021-07-13,24.4,24.55,24.3,24.35,6072,EQ,157.0,38.68,4114.0
2021-07-14,24.3,24.5,24.2,24.25,3987,EQ,131.0,30.44,2112.0
2021-07-15,24.4,24.45,24.2,24.3,4723,EQ,107.0,44.14,3690.0
2021-07-16,24.3,24.3,24.0,24.15,3769,EQ,154.0,24.47,1949.0
2021-07-19,24.2,24.2,23.7,24.05,15356,EQ,270.0,56.87,12330.0
2021-07-20,23.9,24.0,23.2,23.35,32024,EQ,506.0,63.29,13639.0
2021-07-22,24.3,25.2,23.6,23.65,4985,EQ,185.0,26.95,3757.0
2021-07-23,23.65,23.9,23.5,23.8,4906,EQ,184.0,26.66,4152.0
2021-07-26,24.0,24.0,23.6,23.65,4220,EQ,97.0,43.51,1747.0
2021-07-27,23.7,24.0,23.5,23.7,2615,EQ,121.0,21.61,2045.0
2021-07-28,23.5,23.7,23.0,23.25,21886,EQ,327.0,66.93,9890.0
2021-07-29,23.5,23.95,23.2,23.85,7497,EQ,268.0,27.97,4505.0
2021-07-30,23.9,24.1,23.7,23.8,10374,EQ,146.0,71.05,5256.0
2021-08-02,24.1,24.3,23.8,24.25,20648,EQ,202.0,102.22,16176.0
2021-08-03,24.2,24.6,24.1,24.55,15637,EQ,257.0,60.84,13417.0
2021-08-04,24.6,24.7,24.15,24.45,184010,EQ,826.0,222.77,140814.0
2021-08-05,24.6,24.65,23.7,23.95,22900,EQ,457.0,50.11,9255.0
2021-08-06,24.0,24.3,23.9,24.1,12699,EQ,236.0,53.81,2850.0
2021-08-09,24.1,24.2,23.6,23.7,15005,EQ,396.0,37.89,6424.0
2021-08-10,23.8,23.8,22.7,22.8,21085,EQ,514.0,41.02,11857.0
2021-08-11,23.2,23.3,22.6,23.15,24405,EQ,468.0,52.15,15879.0
2021-08-12,23.35,23.4,22.9,23.2,20786,EQ,335.0,62.05,5731.0
2021-08-13,23.3,23.65,23.2,23.45,4144,EQ,175.0,23.68,3354.0
2021-08-16,23.5,23.6,23.15,23.5,1165,EQ,98.0,11.89,686.0
2021-08-17,23.45,23.45,22.3,22.6,29602,EQ,593.0,49.92,20611.0
2021-08-18,22.9,22.95,22.5,22.85,14612,EQ,299.0,48.87,4972.0
2021-08-20,22.8,22.8,22.0,22.1,9927,EQ,329.0,30.17,7188.0
2021-08-23,22.95,22.95,21.7,21.95,13387,EQ,292.0,45.85,4736.0
2021-08-24,22.0,22.5,21.95,22.35,24757,EQ,339.0,73.03,2973.0
2021-08-25,22.4,22.5,22.2,22.3,5389,EQ,117.0,46.06,1484.0
2021-08-26,22.3,22.4,22.1,22.25,6497,EQ,208.0,31.24,4485.0
2021-08-27,22.15,22.6,21.9,22.25,3178,EQ,144.0,22.07,945.0
2021-08-30,22.3,22.9,22.1,22.7,8190,EQ,275.0,29.78,4192.0
2021-08-31,22.5,23.3,22.5,22.95,10229,EQ,240.0,42.62,3320.0
2021-09-01,22.95,23.2,22.6,22.95,9177,EQ,238.0,38.56,4520.0
2021-09-02,22.8,23.2,22.8,23.0,13625,EQ,194.0,70.23,5743.0
2021-09-03,23.25,23.4,22.9,23.15,19011,EQ,270.0,70.41,15388.0
2021-09-06,22.8,23.5,22.8,23.3,13806,EQ,179.0,77.13,9497.0
2021-09-07,23.2,23.2,22.5,22.7,20164,EQ,335.0,60.19,10038.0
2021-09-08,22.8,23.4,22.6,23.1,29607,EQ,445.0,66.53,13360.0
2021-09-09,23.0,23.3,22.9,23.05,26812,EQ,247.0,108.55,20887.0
2021-09-13,23.0,23.0,22.7,22.9,9334,EQ,294.0,31.75,4590.0
2021-09-14,22.7,23.3,22.7,22.85,3243,EQ,106.0,30.59,1065.0
2021-09-15,22.7,23.55,22.7,23.5,23924,EQ,317.0,75.47,9016.0
2021-09-16,23.2,24.8,23.2,24.7,47232,EQ,799.0,59.11,28621.0
2021-09-17,24.9,25.1,23.9,24.3,32503,EQ,676.0,48.08,16276.0
2021-09-20,24.2,24.2,23.05,23.15,30314,EQ,878.0,34.53,20189.0
2021-09-21,23.3,23.4,22.7,23.15,14364,EQ,369.0,38.93,6264.0
2021-09-22,23.3,23.7,23.15,23.25,12382,EQ,251.0,49.33,5818.0
2021-09-23,23.25,23.8,23.2,23.55,16443,EQ,405.0,40.6,8480.0
2021-09-24,23.7,23.85,23.05,23.15,13599,EQ,472.0,28.81,11136.0
2021-09-27,23.15,23.5,23.15,23.25,3212,EQ,186.0,17.27,2110.0
2021-09-28,23.35,23.65,23.1,23.5,32161,EQ,596.0,53.96,16669.0
2021-09-29,23.5,24.25,23.35,24.15,27839,EQ,477.0,58.36,13355.0
2021-09-30,24.5,24.75,24.2,24.3,27329,EQ,509.0,53.69,17129.0
2021-10-01,24.5,24.5,24.0,24.4,10966,EQ,295.0,37.17,3962.0
2021-10-04,24.7,25.2,24.5,25.0,21446,EQ,507.0,42.3,13654.0
2021-10-05,25.1,25.2,24.7,24.9,29734,EQ,468.0,63.53,17878.0
2021-10-06,24.9,25.3,24.4,24.5,16690,EQ,388.0,43.02,9294.0
2021-10-07,25.0,25.0,24.4,24.75,20271,EQ,799.0,25.37,13391.0
2021-10-08,25.0,25.2,24.4,24.9,24086,EQ,632.0,38.11,15155.0
2021-10-11,24.9,25.4,24.8,25.15,33225,EQ,613.0,54.2,14327.0
2021-10-12,24.95,25.9,24.95,25.7,42533,EQ,714.0,59.57,17341.0
2021-10-13,26.0,26.35,25.7,26.25,92543,EQ,868.0,106.62,69865.0
2021-10-14,26.45,26.9,25.9,26.65,114126,EQ,789.0,144.65,99657.0
2021-10-18,27.0,28.0,26.65,27.7,188029,EQ,1443.0,130.3,123866.0
2021-10-19,27.5,28.2,26.8,27.15,40505,EQ,861.0,47.04,18517.0
2021-10-20,26.4,27.25,26.3,27.05,32146,EQ,749.0,42.92,19881.0
2021-10-21,26.6,27.7,26.6,27.6,67397,EQ,748.0,90.1,37731.0
2021-10-22,27.6,28.45,27.6,27.9,40981,EQ,946.0,43.32,28609.0
2021-10-25,28.3,28.6,27.3,28.0,35109,EQ,801.0,43.83,18643.0
2021-10-26,26.9,28.8,25.5,28.2,45097,EQ,707.0,63.79,25172.0
2021-10-27,28.5,29.0,28.2,28.65,22945,EQ,764.0,30.03,13781.0
2021-10-28,29.95,29.95,27.1,27.25,29015,EQ,1183.0,24.53,10894.0
2021-10-29,27.5,28.2,26.5,27.8,38567,EQ,708.0,54.47,14809.0
2021-11-01,28.3,28.3,27.7,27.85,20043,EQ,312.0,64.24,15656.0
2021-11-02,28.4,28.9,27.55,28.7,82704,EQ,442.0,187.11,51983.0
2021-11-03,28.9,29.2,28.2,28.65,54060,EQ,624.0,86.63,20936.0
2021-11-04,28.6,29.5,28.6,29.0,14967,EQ,624.0,23.99,20936.0
2021-11-08,29.1,29.7,28.6,29.3,41148,EQ,625.0,65.84,22507.0
2021-11-09,29.6,30.0,29.5,29.8,41904,EQ,669.0,62.64,30020.0
2021-11-10,29.8,29.8,28.7,29.05,31076,EQ,682.0,45.57,15040.0
2021-11-11,29.05,29.3,28.3,28.6,40071,EQ,728.0,55.04,20090.0
2021-11-12,28.7,28.9,28.25,28.45,21123,EQ,580.0,36.42,7843.0
2021-11-15,28.9,28.9,28.1,28.25,11109,EQ,634.0,17.52,5895.0
2021-11-16,28.5,28.5,27.25,27.55,17794,EQ,601.0,29.61,9880.0
2021-11-17,27.65,28.2,27.4,27.7,25721,EQ,640.0,40.19,11422.0
2021-11-18,28.0,28.1,27.4,27.7,33303,EQ,555.0,60.01,12525.0
2021-11-22,27.9,27.9,26.0,26.45,56422,EQ,1241.0,45.46,28771.0
2021-11-23,25.9,27.5,25.9,26.8,20237,EQ,886.0,22.84,6218.0
2021-11-24,27.1,27.7,26.8,27.1,31630,EQ,512.0,61.78,15948.0
2021-11-25,27.2,27.2,26.65,26.9,14511,EQ,337.0,43.06,4131.0
2021-11-26,26.6,26.9,25.65,25.8,32865,EQ,839.0,39.17,18570.0
2021-11-29,25.6,26.1,25.2,25.4,24301,EQ,576.0,42.19,15178.0
2021-11-30,25.6,26.1,25.0,25.15,25588,EQ,539.0,47.47,11827.0
2021-12-01,25.5,25.7,25.1,25.55,20897,EQ,265.0,78.86,15070.0
2021-12-02,25.55,26.15,25.4,25.75,12326,EQ,221.0,55.77,7910.0
2021-12-03,25.95,26.3,25.7,25.85,5267,EQ,386.0,13.65,2597.0
2021-12-06,26.1,26.3,25.3,25.4,13163,EQ,432.0,30.47,7471.0
2021-12-07,25.8,26.05,25.45,26.0,7315,EQ,235.0,31.13,6088.0
2021-12-08,26.5,26.7,26.0,26.65,14158,EQ,316.0,44.8,10388.0
2021-12-09,26.6,26.95,26.45,26.75,6439,EQ,235.0,27.4,3187.0
2021-12-10,26.9,27.75,26.5,27.65,16844,EQ,323.0,52.15,11550.0
2021-12-13,28.0,28.0,27.1,27.2,10120,EQ,336.0,30.12,7960.0
2021-12-14,27.1,27.1,26.4,26.7,14502,EQ,280.0,51.79,11197.0
2021-12-15,26.5,26.9,26.4,26.5,41934,EQ,366.0,114.57,23080.0
2021-12-16,26.65,26.8,25.95,26.1,16848,EQ,288.0,58.5,11767.0
2021-12-17,26.3,26.3,25.35,25.5,21622,EQ,353.0,61.25,9876.0
2021-12-20,25.2,25.45,23.8,24.1,47010,EQ,1133.0,41.49,26421.0
2021-12-21,24.3,24.8,24.0,24.1,18635,EQ,374.0,49.83,12671.0
2021-12-22,24.0,24.7,21.95,24.55,23407,EQ,396.0,59.11,7494.0
2021-12-23,25.0,25.3,24.4,24.9,59938,EQ,659.0,90.95,12008.0
2021-12-24,25.1,25.1,24.4,24.7,19878,EQ,371.0,53.58,9520.0
2021-12-27,24.1,24.7,24.1,24.5,8162,EQ,258.0,31.64,6345.0
2021-12-28,24.6,24.95,24.55,24.75,15618,EQ,254.0,61.49,12773.0
2021-12-29,24.5,25.0,24.4,24.45,32620,EQ,338.0,96.51,30950.0
2021-12-30,24.45,24.7,24.2,24.35,7942,EQ,263.0,30.2,4108.0
2021-12-31,24.7,24.95,24.35,24.85,6044,EQ,344.0,17.57,3288.0
2022-01-03,24.7,25.4,24.6,25.35,15327,EQ,580.0,26.43,12484.0
2022-01-04,25.7,25.7,25.2,25.55,10714,EQ,261.0,41.05,5983.0
2022-01-05,25.6,26.0,25.45,25.9,24323,EQ,369.0,65.92,13320.0
2022-01-06,25.4,26.4,25.4,26.05,21873,EQ,363.0,60.26,12245.0
2022-01-07,26.3,26.6,25.9,26.1,11896,EQ,273.0,43.58,6218.0
2022-01-10,26.1,27.0,26.1,26.9,25024,EQ,451.0,55.49,20315.0
2022-01-11,26.9,27.2,26.2,27.05,25542,EQ,419.0,60.96,11489.0
2022-01-12,27.5,27.5,27.0,27.15,25941,EQ,309.0,83.95,22764.0
2022-01-13,27.5,27.5,26.9,27.15,17833,EQ,239.0,74.62,6735.0
2022-01-14,27.05,27.3,27.05,27.25,2791,EQ,104.0,26.84,2384.0
2022-01-17,26.15,27.6,25.55,27.35,12237,EQ,212.0,57.72,10225.0
2022-01-18,27.4,27.55,26.5,26.85,16928,EQ,312.0,54.26,13381.0
2022-01-19,26.85,27.45,26.5,27.4,32987,EQ,469.0,70.33,14529.0
2022-01-20,26.6,27.65,26.6,27.4,8963,EQ,239.0,37.5,5150.0
2022-01-21,27.3,27.3,26.2,26.5,17566,EQ,406.0,43.27,15582.0
2022-01-24,26.8,26.9,25.55,25.85,43214,EQ,424.0,101.92,20055.0
2022-01-25,26.2,27.3,25.5,27.15,6148,EQ,317.0,19.39,3309.0
2022-01-27,27.1,29.0,26.65,28.6,31027,EQ,654.0,47.44,15800.0
2022-01-28,28.6,29.0,28.0,28.35,18450,EQ,640.0,28.83,9417.0
2022-01-31,28.9,29.3,28.4,29.15,42151,EQ,470.0,89.68,30650.0
2022-02-01,29.9,29.9,28.2,28.75,26152,EQ,1012.0,25.84,12783.0
2022-02-02,28.8,30.0,28.8,29.9,50991,EQ,489.0,104.28,41409.0
2022-02-03,30.1,30.4,29.6,29.75,21595,EQ,506.0,42.68,16781.0
2022-02-04,30.2,30.3,29.0,29.1,8608,EQ,554.0,15.54,4762.0
2022-02-07,29.7,30.6,29.3,29.5,91414,EQ,773.0,118.26,47502.0
2022-02-08,29.85,29.9,28.8,29.75,14236,EQ,519.0,27.43,6773.0
2022-02-09,30.3,30.3,29.4,29.55,5176,EQ,183.0,28.28,3875.0
2022-02-10,29.55,30.0,29.3,29.55,9402,EQ,311.0,30.23,3253.0
2022-02-11,29.5,29.65,28.75,28.95,68689,EQ,343.0,200.26,67531.0
2022-02-14,28.9,28.9,27.0,27.4,101206,EQ,861.0,117.54,71434.0
2022-02-15,27.4,28.4,27.0,28.3,8264,EQ,386.0,21.41,4093.0
2022-02-16,28.3,28.55,27.9,27.95,40252,EQ,359.0,112.12,36720.0
2022-02-17,27.6,28.4,27.5,27.55,3913,EQ,206.0,19.0,2579.0
2022-02-18,27.6,28.0,27.5,27.55,4706,EQ,207.0,22.73,1989.0
2022-02-21,27.6,27.8,27.1,27.3,14350,EQ,156.0,91.99,12180.0
2022-02-22,27.1,27.1,26.3,26.85,37760,EQ,457.0,82.63,30383.0
2022-02-23,27.0,27.4,27.0,27.1,2007,EQ,144.0,13.94,1434.0
2022-02-24,26.6,26.6,24.4,24.75,43636,EQ,627.0,69.59,35852.0
2022-02-25,25.9,26.5,25.25,26.0,32252,EQ,390.0,82.7,25158.0
2022-02-28,25.85,26.9,25.5,26.15,13047,EQ,348.0,37.49,10797.0
2022-03-02,25.9,26.1,25.5,25.75,53245,EQ,297.0,179.28,41727.0
2022-03-03,26.2,26.3,25.4,25.55,22046,EQ,265.0,83.19,17544.0
2022-03-04,25.4,25.7,25.2,25.25,27973,EQ,300.0,93.24,18341.0
2022-03-07,25.0,25.1,23.8,24.1,27304,EQ,,,
2022-03-08,24.0,24.85,23.85,24.6,38692,EQ,474.0,81.63,34389.0
2022-03-09,24.9,25.25,24.35,25.2,6749,EQ,186.0,36.28,4355.0
2022-03-10,25.6,26.45,25.35,25.45,79654,EQ,480.0,165.95,69497.0
2022-03-11,25.5,26.05,25.5,25.95,10673,EQ,186.0,57.38,4393.0
2022-03-14,26.0,26.6,25.8,26.5,22786,EQ,227.0,100.38,21853.0
2022-03-15,26.7,26.75,26.05,26.15,13761,EQ,224.0,61.43,10598.0
2022-03-16,26.4,26.8,26.3,26.4,12966,EQ,173.0,74.95,8049.0
2022-03-17,26.7,27.1,26.7,26.8,2758,EQ,158.0,17.46,1896.0
2022-03-21,26.8,26.9,26.35,26.4,6182,EQ,171.0,36.15,4713.0
2022-03-22,26.55,26.55,25.95,26.4,15699,EQ,211.0,74.4,13184.0
2022-03-23,26.5,26.9,26.3,26.35,18789,EQ,192.0,97.86,14323.0
2022-03-24,27.0,27.0,26.1,26.4,22179,EQ,163.0,136.07,15360.0
2022-03-25,26.6,26.75,26.3,26.45,9257,EQ,234.0,39.56,7065.0
2022-03-28,26.45,26.9,26.05,26.8,10336,EQ,183.0,56.48,8376.0
2022-03-29,26.9,27.0,26.4,26.55,8991,EQ,218.0,41.24,4472.0
2022-03-30,26.5,26.95,26.5,26.8,4047,EQ,164.0,24.68,3093.0
2022-03-31,27.0,27.0,26.55,26.75,5785,EQ,134.0,43.17,2504.0
2022-04-01,26.5,27.9,26.5,27.65,22543,EQ,350.0,64.41,16664.0
2022-04-04,28.0,28.4,27.7,28.0,13272,EQ,245.0,54.17,8636.0
2022-04-05,28.35,28.6,27.7,28.15,5988,EQ,246.0,24.34,3844.0
2022-04-06,28.1,28.85,27.7,28.7,12456,EQ,282.0,44.17,3181.0
2022-04-07,28.1,29.25,28.1,28.4,14059,EQ,333.0,42.22,6836.0
2022-04-08,28.85,28.85,28.5,28.7,3855,EQ,122.0,31.6,3089.0
2022-04-11,28.8,29.0,28.5,28.6,3148,EQ,185.0,17.02,1183.0
2022-04-12,28.6,28.6,27.8,28.2,10686,EQ,260.0,41.1,5930.0
2022-04-13,28.3,28.5,28.0,28.1,11955,EQ,146.0,81.88,9434.0
2022-04-18,27.9,28.05,27.4,27.6,7650,EQ,269.0,28.44,6055.0
2022-04-19,27.7,28.2,27.2,27.65,12129,EQ,252.0,48.13,7881.0
2022-04-20,27.8,27.8,27.2,27.5,2894,EQ,254.0,11.39,1562.0
2022-04-21,27.5,27.9,27.4,27.6,4058,EQ,184.0,22.05,1842.0
2022-04-22,27.55,27.9,27.2,27.35,4871,EQ,162.0,30.07,1945.0
2022-04-25,27.15,27.15,26.8,26.9,7591,EQ,177.0,42.89,3240.0
2022-04-26,27.1,27.65,27.1,27.35,22155,EQ,204.0,108.6,19126.0
2022-04-27,27.3,27.3,26.7,27.05,13726,EQ,217.0,63.25,8274.0
2022-04-28,27.1,27.35,26.9,27.25,3481,EQ,123.0,28.3,2608.0
2022-04-29,27.5,27.5,26.85,26.95,3631,EQ,126.0,28.82,2138.0
2022-05-02,26.95,27.0,26.3,26.95,5279,EQ,247.0,21.37,2562.0
2022-05-04,27.1,27.1,25.9,26.05,9563,EQ,268.0,35.68,6476.0
2022-05-05,26.1,26.8,25.5,25.95,7342,EQ,346.0,21.22,2407.0
2022-05-06,25.7,25.8,25.3,25.6,113755,EQ,446.0,255.06,69704.0
2022-05-09,25.6,25.8,25.0,25.2,9333,EQ,196.0,47.62,6909.0
2022-05-10,24.9,25.65,24.9,25.15,11405,EQ,214.0,53.29,5924.0
2022-05-12,24.8,24.8,23.4,23.75,31476,EQ,455.0,69.18,22807.0
2022-05-13,23.85,24.4,23.4,23.55,20224,EQ,292.0,69.26,13260.0
2022-05-16,23.3,24.2,23.3,23.85,17344,EQ,221.0,78.48,14786.0
2022-05-17,23.9,24.65,23.65,24.65,9175,EQ,156.0,58.81,5311.0
2022-05-18,24.65,24.9,24.4,24.6,2184,EQ,140.0,15.6,1459.0
2022-05-19,24.0,24.2,23.5,23.6,15536,EQ,416.0,37.35,11341.0
2022-05-20,23.75,24.4,23.75,24.3,4480,EQ,188.0,23.83,2871.0
2022-05-23,24.7,24.8,23.85,24.0,22986,EQ,182.0,126.3,19989.0
2022-05-24,24.2,24.4,24.0,24.2,9616,EQ,106.0,90.72,8252.0
2022-05-25,24.25,24.3,23.5,23.75,15307,EQ,187.0,81.86,11962.0
2022-05-26,23.8,24.3,23.55,24.25,6248,EQ,205.0,30.48,4348.0
2022-05-27,24.3,24.7,24.3,24.65,4286,EQ,103.0,41.61,2581.0
2022-05-30,25.1,25.45,24.7,25.4,7827,EQ,186.0,42.08,5973.0
2022-05-31,25.4,25.8,25.2,25.4,12836,EQ,255.0,50.34,5306.0
2022-06-01,25.4,25.6,25.1,25.2,3280,EQ,117.0,28.03,585.0
2022-06-02,25.3,25.7,25.3,25.7,1928,EQ,102.0,18.9,1102.0
2022-06-03,25.7,25.85,25.15,25.25,3507,EQ,107.0,32.78,2585.0
2022-06-06,25.3,25.4,24.85,25.2,8512,EQ,143.0,59.52,1386.0
2022-06-07,25.2,25.3,24.85,25.25,1511,EQ,90.0,16.79,859.0
2022-06-08,25.55,25.6,25.0,25.35,6762,EQ,233.0,29.02,3148.0
2022-06-09,25.4,25.4,25.05,25.3,2277,EQ,91.0,25.02,1461.0
2022-06-10,25.1,25.4,24.95,25.15,7435,EQ,145.0,51.28,3233.0
2022-06-13,24.95,24.95,24.0,24.1,10890,EQ,193.0,56.42,9444.0
2022-06-14,25.45,25.45,24.05,24.25,2118,EQ,96.0,22.06,1156.0
2022-06-15,24.4,24.4,24.0,24.1,1967,EQ,53.0,37.11,1436.0
2022-06-16,24.5,24.5,23.55,23.9,11499,EQ,236.0,48.72,4594.0
2022-06-17,23.7,24.55,23.2,24.05,7771,EQ,237.0,32.79,3134.0
2022-06-20,23.7,23.9,22.85,23.2,13098,EQ,349.0,37.53,5908.0
2022-06-21,23.25,23.8,23.2,23.65,6330,EQ,122.0,51.89,2829.0
2022-06-22,23.6,23.9,23.55,23.75,2974,EQ,91.0,32.68,1741.0
2022-06-23,23.7,24.4,23.6,24.3,15030,EQ,286.0,52.55,7338.0
2022-06-24,24.3,24.65,24.1,24.45,1658,EQ,103.0,16.1,1144.0
2022-06-27,24.5,24.95,24.45,24.5,4800,EQ,121.0,39.67,1939.0
2022-06-28,24.4,24.7,24.4,24.55,728,EQ,39.0,18.67,362.0
2022-06-29,24.7,24.7,24.2,24.3,1035,EQ,74.0,13.99,624.0
2022-06-30,24.55,24.6,24.1,24.3,2692,EQ,92.0,29.26,1238.0
2022-07-01,24.2,24.5,23.85,24.3,6677,EQ,130.0,51.36,2857.0
2022-07-04,24.4,24.8,24.1,24.75,7399,EQ,156.0,47.43,4553.0
2022-07-05,24.8,25.25,24.8,25.0,8346,EQ,221.0,37.76,3771.0
2022-07-06,24.95,25.2,24.85,24.95,4578,EQ,141.0,32.47,2207.0
2022-07-07,25.0,25.75,25.0,25.75,13268,EQ,238.0,55.75,6280.0
2022-07-08,25.7,26.0,25.45,25.75,6674,EQ,197.0,33.88,3039.0
2022-07-11,25.8,26.6,25.5,26.35,38443,EQ,545.0,70.54,19974.0
2022-07-12,26.4,26.7,26.2,26.35,12920,EQ,167.0,77.37,6040.0
2022-07-13,26.5,26.9,26.3,26.45,2834,EQ,161.0,17.6,1447.0
2022-07-14,26.5,26.5,25.7,26.0,13105,EQ,334.0,39.24,5833.0
2022-07-15,26.2,26.2,25.7,25.7,2974,EQ,118.0,25.2,2050.0
2022-07-18,25.7,26.5,25.7,26.4,7959,EQ,176.0,45.22,4558.0
2022-07-19,26.4,27.0,26.25,27.0,22707,EQ,221.0,102.75,8653.0
2022-07-20,27.15,27.45,27.05,27.1,6786,EQ,152.0,44.64,4042.0
2022-07-21,26.9,27.8,26.9,27.6,29404,EQ,312.0,94.24,21207.0
2022-07-22,27.8,28.0,27.65,27.9,38081,EQ,2474.0,15.39,26057.0
2022-07-25,27.85,27.85,27.3,27.5,8009,EQ,277.0,28.91,4139.0
2022-07-26,27.65,27.65,27.2,27.2,4254,EQ,128.0,33.23,2601.0
2022-07-27,27.5,27.95,27.2,27.95,31192,EQ,216.0,144.41,25807.0
2022-07-28,28.0,28.5,27.9,28.15,38491,EQ,980.0,39.28,20552.0
2022-07-29,28.35,28.5,27.8,28.2,14163,EQ,1078.0,13.14,7994.0
2022-08-01,28.0,28.4,27.6,28.25,55380,EQ,379.0,146.12,33956.0
2022-08-02,28.2,29.3,28.1,28.85,94384,EQ,643.0,146.79,40325.0
2022-08-03,28.7,29.1,28.6,28.9,4329,EQ,258.0,16.78,1679.0
2022-08-04,29.15,29.15,28.05,28.2,65107,EQ,1078.0,60.4,45049.0
2022-08-05,28.3,28.7,28.2,28.5,63226,EQ,1757.0,35.99,31991.0
2022-08-08,28.3,28.45,27.75,28.1,43362,EQ,,,
2022-08-10,28.15,28.3,27.8,27.9,10668,EQ,251.0,42.5,5716.0
2022-08-11,28.2,28.8,28.2,28.6,12605,EQ,273.0,46.17,4589.0
2022-08-12,28.75,28.75,28.4,28.5,12463,EQ,196.0,63.59,7373.0
2022-08-16,28.6,28.85,28.35,28.6,12156,EQ,196.0,62.02,5332.0
2022-08-17,28.7,29.1,28.5,29.1,24249,EQ,384.0,63.15,17198.0
2022-08-18,29.2,29.4,28.9,29.05,18850,EQ,322.0,58.54,7424.0
2022-08-19,28.8,29.05,28.1,28.2,18017,EQ,384.0,46.92,10207.0
2022-08-22,28.2,28.2,27.55,27.7,11559,EQ,378.0,30.58,5798.0
2022-08-23,27.7,28.25,27.3,28.2,103124,EQ,2333.0,44.2,82540.0
2022-08-24,28.4,28.6,27.9,28.45,22817,EQ,381.0,59.89,17305.0
2022-08-25,28.7,29.7,28.5,29.25,65518,EQ,1284.0,51.03,31762.0
2022-08-26,29.25,30.0,29.25,29.55,30550,EQ,398.0,76.76,14822.0
2022-08-29,28.9,29.15,28.6,29.1,21318,EQ,269.0,79.25,16546.0
2022-08-30,29.3,29.85,29.15,29.85,18334,EQ,215.0,85.27,11733.0
2022-09-01,29.7,30.25,29.2,30.1,34591,EQ,297.0,116.47,21906.0
2022-09-02,30.4,30.4,29.8,29.9,30073,EQ,180.0,167.07,22636.0
2022-09-05,29.9,30.3,29.8,30.15,26272,EQ,267.0,98.4,19379.0
2022-09-06,30.1,30.6,30.0,30.3,48261,EQ,352.0,137.11,24803.0
2022-09-07,29.9,30.4,29.9,30.2,27241,EQ,239.0,113.98,13202.0
2022-09-08,30.55,31.2,30.3,31.05,53221,EQ,557.0,95.55,24164.0
2022-09-09,31.05,31.55,31.05,31.2,54178,EQ,351.0,154.35,44923.0
2022-09-12,31.6,31.7,31.2,31.6,171867,EQ,2200.0,78.12,160283.0
2022-09-13,31.95,31.95,31.5,31.6,19639,EQ,246.0,79.83,15722.0
2022-09-14,31.4,32.35,30.8,32.15,123176,EQ,1522.0,80.93,102844.0
2022-09-15,32.5,32.5,31.95,32.2,219315,EQ,1339.0,163.79,199704.0
2022-09-16,32.0,32.2,31.0,31.45,390392,EQ,1617.0,241.43,322077.0
2022-09-19,31.3,32.35,31.2,31.95,376135,EQ,787.0,477.94,346958.0
2022-09-20,32.5,32.5,32.0,32.05,31882,EQ,2018.0,15.8,21494.0
2022-09-21,32.2,32.5,31.65,31.85,53277,EQ,434.0,122.76,15166.0
2022-09-22,31.5,32.05,31.3,31.65,113963,EQ,914.0,124.69,93786.0
2022-09-23,31.8,31.8,30.2,30.4,68290,EQ,1518.0,44.99,51404.0
2022-09-26,30.35,30.35,28.95,29.3,74514,EQ,654.0,113.94,40331.0
2022-09-27,29.4,29.85,28.95,29.15,51641,EQ,581.0,88.88,26703.0
2022-09-28,28.75,29.15,28.3,28.45,65217,EQ,581.0,112.25,38880.0
2022-09-29,28.8,29.3,28.6,28.95,474030,EQ,1634.0,290.1,421400.0
2022-09-30,29.05,30.1,28.9,29.7,27601,EQ,599.0,46.08,10913.0
2022-10-03,28.15,29.75,28.15,29.1,39811,EQ,600.0,66.35,29274.0
2022-10-04,29.4,30.1,29.4,30.0,35141,EQ,493.0,71.28,25536.0
2022-10-06,30.0,30.4,29.8,30.15,28778,EQ,1533.0,18.77,16037.0
2022-10-07,29.9,30.1,29.6,29.9,19586,EQ,303.0,64.64,10619.0
2022-10-10,29.9,30.0,29.4,29.8,23618,EQ,277.0,85.26,19184.0
2022-10-11,29.7,29.9,29.15,29.35,14586,EQ,273.0,53.43,9493.0
2022-10-12,29.1,29.9,29.1,29.7,18225,EQ,283.0,64.4,12748.0
2022-10-13,29.4,29.65,29.05,29.3,34526,EQ,1219.0,28.32,28667.0
2022-10-14,29.3,30.05,29.2,29.3,38703,EQ,608.0,63.66,17648.0
2022-10-17,29.5,30.4,29.15,30.35,34788,EQ,553.0,62.91,16604.0
2022-10-18,30.4,31.65,30.4,31.6,770001,EQ,2513.0,306.41,686390.0
2022-10-19,31.9,31.9,31.15,31.4,64633,EQ,483.0,133.82,50086.0
2022-10-20,31.4,32.05,30.85,32.0,65349,EQ,557.0,117.32,35508.0
2022-10-21,32.0,33.0,31.7,32.45,23533,EQ,727.0,32.37,8902.0
2022-10-24,32.9,33.8,32.6,33.2,29052,EQ,369.0,78.73,26469.0
2022-10-25,33.2,34.45,32.55,34.3,70540,EQ,1060.0,66.55,51909.0
2022-10-27,34.35,34.5,34.05,34.4,45334,EQ,2140.0,21.18,26428.0
2022-10-28,34.4,34.85,33.95,34.05,54094,EQ,713.0,75.87,39196.0
2022-10-31,34.5,34.8,33.8,34.35,13552,EQ,646.0,20.98,5880.0
2022-11-01,34.9,35.05,34.0,34.1,96835,EQ,969.0,99.93,70966.0
2022-11-02,34.3,34.3,33.65,33.95,18952,EQ,400.0,47.38,8618.0
2022-11-03,33.4,34.9,33.4,34.75,35874,EQ,695.0,51.62,15959.0
2022-11-04,35.2,35.25,34.75,35.1,34452,EQ,503.0,68.49,12294.0
2022-11-07,35.5,37.15,35.5,36.7,81305,EQ,1275.0,63.77,48694.0
2022-11-09,37.95,38.4,36.7,38.15,92964,EQ,1084.0,85.76,77969.0
2022-11-10,38.5,38.5,37.25,37.55,37998,EQ,877.0,43.33,25488.0
2022-11-11,38.0,38.4,37.2,37.3,23021,EQ,571.0,40.32,15341.0
2022-11-14,37.6,37.6,36.9,37.1,12470,EQ,483.0,25.82,6912.0
2022-11-15,37.1,37.45,36.95,37.35,9168,EQ,483.0,18.98,6912.0
2022-11-16,37.35,37.8,37.2,37.45,43182,EQ,493.0,87.59,30943.0
2022-11-17,37.7,38.05,37.15,37.8,47105,EQ,517.0,91.11,26973.0
2022-11-18,38.3,38.6,37.75,38.35,36564,EQ,830.0,44.05,10207.0
2022-11-21,38.5,39.0,38.0,38.9,41154,EQ,840.0,48.99,24217.0
2022-11-22,38.3,39.65,38.3,39.5,28408,EQ,898.0,31.63,19050.0
2022-11-23,39.9,40.15,39.4,39.9,147146,EQ,3854.0,38.18,123664.0
2022-11-24,39.9,40.5,39.85,40.1,240333,EQ,1114.0,215.74,205936.0
2022-11-25,40.6,41.95,40.05,40.25,46520,EQ,1141.0,40.77,24291.0
2022-11-28,40.6,40.7,40.0,40.25,13018,EQ,580.0,22.44,8296.0
2022-11-29,40.4,40.75,40.05,40.3,43146,EQ,577.0,74.78,30105.0
2022-11-30,40.3,40.45,39.55,39.7,38459,EQ,702.0,54.78,33341.0
2022-12-01,40.0,40.8,39.7,40.65,61452,EQ,589.0,104.33,50355.0
2022-12-02,40.8,41.0,40.4,40.75,51244,EQ,760.0,67.43,42910.0
2022-12-05,40.9,41.2,40.75,41.2,18046,EQ,650.0,27.76,9490.0
2022-12-06,41.3,42.4,41.3,41.9,50875,EQ,1209.0,42.08,25591.0
2022-12-07,42.2,42.25,41.55,41.95,15992,EQ,650.0,24.6,9845.0
2022-12-08,42.5,44.0,42.0,43.55,71754,EQ,1071.0,67.0,47237.0
2022-12-09,43.9,46.15,41.9,42.65,73945,EQ,1896.0,39.0,38258.0
2022-12-12,43.5,44.5,42.25,43.35,171058,EQ,3836.0,44.59,144089.0
2022-12-13,43.55,45.4,43.4,45.05,88837,EQ,1021.0,87.01,63864.0
2022-12-14,45.6,45.7,44.55,45.2,71035,EQ,1230.0,57.75,39889.0
2022-12-15,46.1,46.1,44.0,44.25,113553,EQ,6090.0,18.65,73440.0
2022-12-16,44.4,44.6,42.7,43.1,79366,EQ,1488.0,53.34,48250.0
2022-12-19,43.6,43.6,42.65,43.0,11638,EQ,745.0,15.62,6286.0
2022-12-20,43.0,43.0,42.05,42.75,60534,EQ,761.0,79.55,45596.0
2022-12-21,42.95,43.7,41.3,41.55,147274,EQ,2867.0,51.37,90950.0
2022-12-22,42.1,42.2,40.75,41.0,73718,EQ,1297.0,56.84,23304.0
2022-12-23,41.0,41.0,38.45,38.7,83897,EQ,1703.0,49.26,33186.0
2022-12-26,38.5,41.65,38.2,41.35,50362,EQ,1622.0,31.05,26591.0
2022-12-27,38.85,43.8,38.85,41.95,33119,EQ,836.0,39.62,14229.0
2022-12-28,41.95,42.95,41.6,42.3,28682,EQ,1078.0,26.61,9823.0
2022-12-29,42.2,42.45,41.5,42.35,29563,EQ,749.0,39.47,18515.0
2022-12-30,42.7,43.2,42.55,43.0,40019,EQ,1028.0,38.93,23045.0
2023-01-02,43.0,43.45,42.8,43.25,29682,EQ,764.0,38.85,13496.0
2023-01-03,43.7,43.8,43.3,43.6,19616,EQ,655.0,29.95,6467.0
2023-01-04,44.0,44.0,42.5,42.7,39733,EQ,992.0,40.05,26778.0
2023-01-05,43.3,43.3,42.45,42.8,23704,EQ,595.0,39.84,12276.0
2023-01-06,43.05,43.05,42.2,42.6,13809,EQ,594.0,23.25,4268.0
2023-01-09,42.8,43.15,42.6,43.05,27740,EQ,589.0,47.1,15147.0
2023-01-10,42.85,42.95,41.45,41.7,49897,EQ,1106.0,45.11,39866.0
2023-01-11,42.0,42.15,41.2,42.0,35290,EQ,645.0,54.71,20649.0
2023-01-12,42.6,42.6,41.65,41.9,6565,EQ,373.0,17.6,3657.0
2023-01-13,42.4,42.6,41.9,42.55,14950,EQ,543.0,27.53,6277.0
2023-01-16,42.6,43.4,42.5,43.15,36426,EQ,774.0,47.06,21070.0
2023-01-17,42.85,43.5,42.15,42.65,47352,EQ,1248.0,37.94,16893.0
2023-01-18,42.6,42.65,41.7,41.8,25022,EQ,848.0,29.51,12720.0
2023-01-19,41.6,42.0,41.6,41.85,24915,EQ,1285.0,19.39,15642.0
2023-01-20,42.2,42.4,41.85,41.9,9037,EQ,453.0,19.95,3006.0
2023-01-23,41.0,42.9,41.0,42.2,24675,EQ,517.0,47.73,13273.0
2023-01-24,42.25,42.4,41.45,41.45,40978,EQ,695.0,58.96,28602.0
2023-01-25,41.6,41.6,39.9,40.25,102053,EQ,1668.0,61.18,61410.0
2023-01-27,40.4,40.4,37.95,38.85,64150,EQ,3334.0,19.24,43689.0
2023-01-30,38.6,39.4,37.5,38.0,55560,EQ,1641.0,33.86,35458.0
2023-01-31,38.5,40.0,38.2,39.85,408533,EQ,2099.0,194.63,365759.0
2023-02-01,40.6,40.6,36.25,37.5,188880,EQ,2283.0,82.73,106108.0
2023-02-02,37.5,37.85,36.4,37.45,73697,EQ,1466.0,50.27,22049.0
2023-02-03,38.0,38.7,36.65,38.6,246053,EQ,4456.0,55.22,193007.0
2023-02-06,39.0,39.15,38.4,38.85,19984,EQ,669.0,29.87,12948.0
2023-02-07,38.8,39.05,38.4,38.65,25908,EQ,500.0,51.82,22477.0
2023-02-08,39.2,39.2,38.45,38.85,22944,EQ,563.0,40.75,15975.0
2023-02-09,38.7,38.95,38.05,38.75,69993,EQ,658.0,106.37,54474.0
2023-02-10,38.75,39.75,38.65,39.1,20785,EQ,568.0,36.59,9462.0
2023-02-13,39.1,39.65,37.75,37.8,164368,EQ,1047.0,156.99,76156.0
2023-02-14,37.8,38.45,37.55,38.3,18469,EQ,413.0,44.72,14361.0
2023-02-15,38.3,38.65,38.15,38.45,19949,EQ,261.0,76.43,8573.0
2023-02-16,38.55,38.9,38.35,38.4,197579,EQ,497.0,397.54,175044.0
2023-02-17,38.25,38.3,37.6,37.85,141599,EQ,1584.0,89.39,117566.0
2023-02-20,37.9,38.0,37.2,37.4,12378,EQ,537.0,23.05,7717.0
2023-02-21,37.5,37.5,36.6,36.85,71674,EQ,863.0,83.05,34899.0
2023-02-22,36.9,37.3,35.7,36.0,42742,EQ,995.0,42.96,19907.0
2023-02-23,36.3,36.4,35.7,36.2,95528,EQ,832.0,114.82,61937.0
2023-02-24,36.5,36.7,35.75,35.9,16023,EQ,403.0,39.76,13155.0
2023-02-27,36.2,36.3,35.5,36.15,28398,EQ,561.0,50.62,15278.0
2023-02-28,36.35,36.45,35.95,36.3,7025,EQ,395.0,17.78,2786.0
2023-03-01,36.4,37.5,36.3,37.45,18308,EQ,596.0,30.72,14071.0
2023-03-02,37.45,37.6,37.05,37.45,16796,EQ,346.0,48.54,4122.0
2023-03-03,37.6,39.5,37.6,39.4,254505,EQ,3512.0,72.47,213299.0
2023-03-06,39.95,40.05,38.3,39.35,74236,EQ,905.0,82.03,59020.0
2023-03-08,39.2,39.6,38.8,39.55,38014,EQ,601.0,63.25,27383.0
2023-03-09,39.7,39.7,39.0,39.1,6714,EQ,309.0,21.73,3316.0
2023-03-10,38.9,39.0,37.95,38.3,60600,EQ,1364.0,44.43,53537.0
2023-03-13,38.3,38.8,37.15,37.2,257060,EQ,787.0,326.63,224219.0
2023-03-14,37.2,37.25,36.1,36.4,20580,EQ,909.0,22.64,14988.0
2023-03-15,37.1,37.4,35.8,35.95,14198,EQ,513.0,27.68,9899.0
2023-03-16,35.7,36.6,35.45,36.2,26398,EQ,696.0,37.93,17543.0
2023-03-17,36.8,36.8,35.8,36.5,19235,EQ,357.0,53.88,10747.0
2023-03-20,36.65,36.65,35.5,35.7,229535,EQ,550.0,417.34,199029.0
2023-03-21,36.2,36.7,35.9,36.6,10461,EQ,423.0,24.73,6751.0
2023-03-22,36.85,37.15,36.6,36.8,25894,EQ,329.0,78.71,20042.0
2023-03-23,36.6,36.85,36.1,36.15,13191,EQ,278.0,47.45,11662.0
2023-03-24,36.5,36.5,35.1,35.35,40686,EQ,632.0,64.38,35096.0
2023-03-27,35.8,39.8,35.1,35.65,82903,EQ,1265.0,65.54,61272.0
2023-03-28,35.85,35.85,35.0,35.4,74270,EQ,2722.0,27.29,54772.0
2023-03-29,35.4,36.7,35.2,36.5,11093,EQ,357.0,31.07,7893.0
2023-03-31,36.7,38.0,36.7,36.9,21635,EQ,356.0,60.77,12044.0
2023-04-03,37.2,37.25,36.85,37.2,31168,EQ,350.0,89.05,23450.0
2023-04-05,37.05,37.45,36.7,36.9,7669,EQ,244.0,31.43,5043.0
2023-04-06,36.95,37.6,36.9,37.15,31043,EQ,360.0,86.23,23915.0
2023-04-10,37.35,37.35,36.65,36.85,9356,EQ,271.0,34.52,4901.0
2023-04-11,37.2,37.9,37.2,37.5,41321,EQ,812.0,50.89,17126.0
2023-04-12,37.7,37.7,37.0,37.25,34510,EQ,357.0,96.67,14792.0
2023-04-13,37.05,37.85,37.05,37.75,11441,EQ,264.0,43.34,7730.0
2023-04-17,37.75,39.9,37.55,39.1,262529,EQ,1696.0,154.79,237531.0
2023-04-18,39.4,39.4,38.9,39.25,340391,EQ,2417.0,140.83,290740.0
2023-04-19,39.25,39.4,38.7,38.8,37474,EQ,563.0,66.56,21440.0
2023-04-20,39.1,39.1,38.6,38.8,29458,EQ,248.0,118.78,11682.0
2023-04-21,39.0,39.0,38.25,38.6,52424,EQ,711.0,73.73,43977.0
2023-04-24,38.6,39.65,38.6,39.6,67645,EQ,492.0,137.49,34728.0
2023-04-25,39.7,40.35,39.6,40.05,89231,EQ,1819.0,49.05,74722.0
2023-04-26,40.1,40.35,39.7,40.25,24169,EQ,561.0,43.08,20253.0
2023-04-27,40.65,41.45,40.05,40.3,30025,EQ,424.0,70.81,11789.0
2023-04-28,40.6,41.45,40.4,41.25,32597,EQ,562.0,58.0,19121.0
2023-05-02,41.8,41.95,41.25,41.35,30535,EQ,619.0,49.33,19107.0
2023-05-03,41.3,41.3,40.85,41.1,29154,EQ,470.0,62.03,20881.0
2023-05-04,41.2,41.6,41.1,41.5,179609,EQ,942.0,190.67,149195.0
2023-05-05,41.1,42.0,41.0,41.1,28798,EQ,589.0,48.89,13801.0
2023-05-08,41.2,41.3,40.25,40.75,141536,EQ,844.0,167.7,105000.0
2023-05-09,41.0,41.05,39.5,39.65,326072,EQ,1523.0,214.1,277002.0
2023-05-10,39.8,39.8,38.6,39.1,617117,EQ,3975.0,155.25,585263.0
2023-05-11,39.1,39.7,39.1,39.4,13760,EQ,393.0,35.01,11207.0
2023-05-12,39.6,39.6,39.25,39.3,9372,EQ,345.0,27.17,6478.0
2023-05-15,39.3,39.8,39.2,39.75,13247,EQ,433.0,30.59,8801.0
2023-05-16,40.3,40.45,39.95,40.3,192439,EQ,539.0,357.03,154699.0
2023-05-17,40.2,40.5,39.6,39.8,63702,EQ,2714.0,23.47,55905.0
2023-05-18,40.5,40.5,39.0,39.2,25252,EQ,430.0,58.73,20201.0
2023-05-19,39.7,39.7,38.75,39.2,150248,EQ,2785.0,53.95,103680.0
2023-05-22,39.3,39.95,39.3,39.4,19269,EQ,362.0,53.23,16472.0
2023-05-23,39.3,39.85,39.3,39.7,7213,EQ,283.0,25.49,4113.0
2023-05-24,39.75,39.8,39.4,39.55,5686,EQ,232.0,24.51,4502.0
2023-05-25,39.3,39.5,39.05,39.25,66785,EQ,1967.0,33.95,50717.0
2023-05-26,39.75,39.85,39.25,39.7,7165,EQ,271.0,26.44,5335.0
2023-05-29,40.3,40.3,39.9,39.9,35061,EQ,781.0,44.89,30062.0
2023-05-30,39.9,40.1,39.85,40.05,6483,EQ,249.0,26.04,4936.0
2023-05-31,40.4,40.4,39.65,40.05,12969,EQ,385.0,33.69,8037.0
2023-06-01,40.05,40.6,40.0,40.3,32126,EQ,383.0,83.88,25553.0
2023-06-02,40.4,40.9,40.3,40.6,18675,EQ,416.0,44.89,12005.0
2023-06-05,40.65,41.25,40.55,40.65,139358,EQ,339.0,411.09,129026.0
2023-06-06,40.7,40.7,40.25,40.45,6949,EQ,253.0,27.47,4410.0
2023-06-07,40.2,40.95,40.2,40.85,16444,EQ,250.0,65.78,9475.0
2023-06-08,40.85,41.15,40.6,40.65,25618,EQ,360.0,71.16,17698.0
2023-06-09,40.6,40.9,40.05,40.3,12297,EQ,346.0,35.54,6751.0
2023-06-12,40.75,40.75,40.0,40.3,9391,EQ,249.0,37.71,7294.0
2023-06-13,40.3,40.65,40.2,40.45,12316,EQ,201.0,61.27,6496.0
2023-06-14,40.5,40.55,40.25,40.45,32675,EQ,288.0,113.45,18442.0
2023-06-15,40.3,40.55,39.6,39.65,44776,EQ,578.0,77.47,41956.0
2023-06-16,40.2,40.3,39.3,40.1,13540,EQ,409.0,33.11,7081.0
2023-06-19,39.8,40.8,39.8,40.55,394048,EQ,621.0,634.54,386324.0
2023-06-20,40.8,40.9,40.45,40.85,160561,EQ,510.0,314.83,153228.0
2023-06-21,40.85,41.1,40.6,41.0,45207,EQ,465.0,97.22,33945.0
2023-06-22,41.0,41.2,40.05,40.25,12809,EQ,333.0,38.47,11412.0
2023-06-23,40.55,40.55,39.75,39.95,15033,EQ,291.0,51.66,12912.0
2023-06-26,39.95,40.5,39.55,39.85,18073,EQ,495.0,36.51,6566.0
2023-06-27,40.15,40.5,39.75,40.35,16439,EQ,458.0,35.89,12299.0
2023-06-28,40.5,40.5,40.05,40.15,9010,EQ,251.0,35.9,6093.0
2023-06-30,40.5,40.95,40.0,40.9,25617,EQ,456.0,56.18,17894.0
2023-07-03,40.9,42.9,40.6,42.45,70599,EQ,3000.0,23.53,47988.0
2023-07-04,42.2,43.6,42.15,43.05,33637,EQ,1193.0,28.2,16456.0
2023-07-05,43.05,43.8,43.05,43.65,13739,EQ,513.0,26.78,6233.0
2023-07-06,43.4,44.15,43.4,44.1,75308,EQ,2619.0,28.75,53662.0
2023-07-07,44.4,44.6,43.25,44.4,36828,EQ,773.0,47.64,23817.0
2023-07-10,44.7,45.0,44.0,44.1,22724,EQ,925.0,24.57,12027.0
2023-07-11,44.1,44.5,43.9,43.95,10574,EQ,360.0,29.37,7418.0
2023-07-12,44.5,44.65,43.95,44.5,8881,EQ,314.0,28.28,5569.0
2023-07-13,44.5,44.8,43.15,43.5,49310,EQ,563.0,87.58,42499.0
2023-07-14,43.75,44.1,43.15,43.7,10394,EQ,464.0,22.4,4120.0
2023-07-17,44.2,44.75,43.6,44.65,32486,EQ,531.0,61.18,20237.0
2023-07-18,44.65,45.0,43.9,44.25,21395,EQ,526.0,40.67,10201.0
2023-07-19,44.65,45.0,44.1,44.95,9603,EQ,427.0,22.49,5234.0
2023-07-20,44.95,45.8,44.95,45.35,89198,EQ,1961.0,45.49,62397.0
2023-07-21,45.35,45.85,44.85,45.6,14554,EQ,460.0,31.64,6141.0
2023-07-24,45.95,46.15,45.3,45.6,28288,EQ,532.0,53.17,12529.0
2023-07-25,46.0,46.0,44.65,44.75,292395,EQ,678.0,431.26,273547.0
2023-07-26,45.2,45.5,44.85,45.4,9311,EQ,277.0,33.61,2229.0
2023-07-27,45.45,46.25,45.45,45.9,26264,EQ,414.0,63.44,14381.0
2023-07-28,45.9,46.0,45.6,45.9,5921,EQ,270.0,21.93,2343.0
2023-07-31,46.1,47.1,45.5,46.3,19369,EQ,903.0,21.45,8287.0
2023-08-01,46.6,46.6,45.7,46.15,21615,EQ,552.0,39.16,11894.0
2023-08-02,46.15,46.4,44.1,45.9,53474,EQ,1444.0,37.03,26869.0
2023-08-03,45.4,45.4,44.0,44.25,62907,EQ,1161.0,54.18,29581.0
2023-08-04,44.75,45.0,43.8,44.1,63101,EQ,981.0,64.32,42835.0
2023-08-07,44.4,44.4,43.6,43.8,159819,EQ,2783.0,57.43,124006.0
2023-08-08,44.0,45.25,43.8,45.1,25922,EQ,1007.0,25.74,16025.0
2023-08-09,44.6,45.35,42.85,45.25,24146,EQ,521.0,46.35,13077.0
2023-08-10,45.3,45.3,44.5,44.8,33045,EQ,633.0,52.2,21294.0
2023-08-11,44.85,45.85,44.8,45.4,158300,EQ,1586.0,99.81,131413.0
2023-08-14,45.4,45.5,44.3,45.3,128202,EQ,924.0,138.75,107353.0
2023-08-16,45.4,45.4,44.5,45.15,17241,EQ,478.0,36.07,4147.0
2023-08-17,46.0,46.0,45.15,45.75,20288,EQ,574.0,35.34,13823.0
2023-08-18,45.75,46.2,45.5,45.95,19798,EQ,629.0,31.48,10487.0
2023-08-21,45.95,46.45,45.3,45.45,10831,EQ,442.0,24.5,4621.0
2023-08-22,46.0,46.0,45.4,45.5,162048,EQ,526.0,308.08,159192.0
2023-08-23,45.5,46.25,45.45,46.15,27092,EQ,435.0,62.28,17312.0
2023-08-24,45.7,46.5,45.6,45.7,123603,EQ,770.0,160.52,107995.0
2023-08-25,47.1,47.1,44.9,45.05,158051,EQ,553.0,285.81,132419.0
2023-08-28,45.7,45.7,45.05,45.55,8289,EQ,339.0,24.45,2143.0
2023-08-29,45.95,45.95,45.05,45.1,29277,EQ,420.0,69.71,11093.0
2023-08-30,45.8,45.8,44.95,45.05,26812,EQ,463.0,57.91,15496.0
2023-08-31,45.05,45.6,44.2,44.6,25733,EQ,894.0,28.78,11136.0
2023-09-01,44.9,45.8,44.2,45.05,151222,EQ,2226.0,67.93,123660.0
2023-09-04,45.05,46.35,45.05,46.25,23100,EQ,912.0,25.33,17049.0
2023-09-05,47.6,47.6,46.25,46.6,17512,EQ,942.0,18.59,10770.0
2023-09-06,46.95,46.95,46.0,46.3,10387,EQ,399.0,26.03,3236.0
2023-09-07,46.7,47.1,46.1,46.8,12158,EQ,503.0,24.17,6689.0
2023-09-08,46.85,47.1,46.7,46.9,8047,EQ,362.0,22.23,3652.0
2023-09-11,47.15,49.0,47.05,48.35,137278,EQ,1017.0,134.98,118541.0
2023-09-12,49.8,49.8,46.15,46.55,80709,EQ,868.0,92.98,63373.0
2023-09-13,47.0,49.25,46.6,49.05,45311,EQ,755.0,60.01,32864.0
2023-09-14,49.05,50.0,49.05,49.9,907165,EQ,840.0,1079.96,883207.0
2023-09-15,50.2,54.1,49.7,50.45,822154,EQ,769.0,1069.12,804715.0
2023-09-18,51.95,52.8,50.4,52.05,74972,EQ,1484.0,50.52,49761.0
2023-09-20,52.0,52.5,51.05,51.3,53248,EQ,772.0,68.97,33178.0
2023-09-21,51.9,52.2,50.0,50.1,97636,EQ,1284.0,76.04,75721.0
2023-09-22,50.6,52.25,50.6,52.0,113228,EQ,1584.0,71.48,78321.0
2023-09-25,52.0,52.8,51.3,51.9,11834,EQ,683.0,17.33,5072.0
2023-09-26,52.3,52.3,51.4,51.6,14397,EQ,567.0,25.39,7636.0
2023-09-27,51.7,52.35,51.4,52.1,27003,EQ,919.0,29.38,13710.0
2023-09-28,52.7,53.0,51.4,51.65,24618,EQ,897.0,27.44,10006.0
2023-09-29,51.4,52.6,51.4,52.4,22689,EQ,634.0,35.79,9676.0
2023-10-03,52.4,53.9,51.95,53.65,35164,EQ,1010.0,34.82,18713.0
2023-10-04,53.65,53.65,51.5,51.75,106465,EQ,2247.0,47.38,77513.0
2023-10-05,52.3,52.6,51.3,51.8,134493,EQ,2399.0,56.06,102515.0
2023-10-06,52.0,52.45,51.6,52.0,14081,EQ,661.0,21.3,6362.0
2023-10-09,52.0,52.0,50.1,50.4,438563,EQ,1397.0,313.93,411637.0
2023-10-10,50.9,51.5,49.9,51.3,505454,EQ,1207.0,418.77,474269.0
2023-10-11,52.0,52.0,50.8,51.05,17848,EQ,531.0,33.61,4734.0
2023-10-12,51.85,51.85,50.9,51.0,6573,EQ,304.0,21.62,2813.0
2023-10-13,50.9,50.9,50.1,50.3,148626,EQ,1781.0,83.45,126559.0
2023-10-16,50.5,50.7,49.0,50.5,16308,EQ,517.0,31.54,8266.0
2023-10-17,50.7,51.15,50.4,50.7,5730,EQ,357.0,16.05,2715.0
2023-10-18,50.85,51.15,50.1,50.2,12210,EQ,637.0,19.17,9523.0
2023-10-19,50.55,50.55,49.4,50.2,15226,EQ,746.0,20.41,8628.0
2023-10-20,50.2,50.45,49.05,49.45,49810,EQ,1089.0,45.74,28896.0
2023-10-23,50.95,50.95,47.5,47.6,27122,EQ,1622.0,16.72,20474.0
2023-10-25,48.15,48.9,46.85,47.3,513037,EQ,1541.0,332.92,490510.0
2023-10-26,47.3,47.8,46.25,46.85,160918,EQ,1110.0,144.97,145705.0
2023-10-27,47.8,49.4,47.15,49.15,442673,EQ,1176.0,376.42,423951.0
2023-10-30,49.15,49.15,48.15,49.05,7762,EQ,457.0,16.98,4631.0
2023-10-31,49.5,49.65,49.0,49.15,7084,EQ,407.0,17.41,3684.0
2023-11-01,49.55,49.7,49.0,49.1,4458,EQ,308.0,14.47,1825.0
2023-11-02,49.9,50.35,49.65,49.9,13119,EQ,456.0,28.77,8356.0
2023-11-03,50.0,50.45,50.0,50.25,10591,EQ,399.0,26.54,7881.0
2023-11-06,50.1,50.9,49.45,49.65,197592,EQ,1097.0,180.12,170328.0
2023-11-07,49.6,50.15,49.5,50.05,40290,EQ,514.0,78.39,25238.0
2023-11-08,50.2,50.3,49.85,50.05,21018,EQ,281.0,74.8,11715.0
2023-11-09,50.05,50.25,49.95,50.0,19256,EQ,203.0,94.86,16925.0
2023-11-10,50.0,50.05,49.6,49.95,2046,EQ,185.0,11.06,1247.0
2023-11-12,50.1,50.85,50.05,50.35,6505,EQ,289.0,22.51,4237.0
2023-11-13,50.15,51.5,49.85,51.45,30613,EQ,801.0,38.22,20199.0
2023-11-15,51.55,52.3,51.4,51.6,19330,EQ,622.0,31.08,8525.0
2023-11-16,51.85,51.85,51.45,51.65,4535,EQ,290.0,15.64,2514.0
2023-11-17,51.5,51.5,50.2,50.4,29892,EQ,669.0,44.68,20365.0
2023-11-20,50.1,50.9,50.1,50.4,8582,EQ,329.0,26.09,4886.0
2023-11-21,50.65,50.65,50.2,50.3,17967,EQ,302.0,59.49,11711.0
2023-11-22,50.35,50.5,49.55,49.85,18101,EQ,522.0,34.68,11340.0
2023-11-23,50.0,50.1,49.65,49.85,10366,EQ,513.0,20.21,7185.0
2023-11-24,49.95,50.1,49.6,49.7,17113,EQ,804.0,21.28,14726.0
2023-11-28,51.35,51.35,49.5,50.45,19664,EQ,847.0,23.22,11038.0
2023-11-29,50.45,50.9,50.35,50.7,8401,EQ,356.0,23.6,5035.0
2023-11-30,50.7,50.95,50.2,50.35,25759,EQ,648.0,39.75,13323.0
2023-12-01,50.75,51.45,50.35,51.15,29462,EQ,866.0,34.02,17602.0
2023-12-04,51.3,53.0,51.3,52.9,48969,EQ,1519.0,32.24,35068.0
2023-12-05,53.1,54.3,52.95,53.9,60414,EQ,1007.0,59.99,29272.0
2023-12-06,53.65,54.5,53.45,54.1,16400,EQ,679.0,24.15,7872.0
2023-12-07,53.85,54.5,53.55,54.4,14608,EQ,493.0,29.63,10210.0
2023-12-08,54.65,54.9,53.7,54.65,19541,EQ,485.0,40.29,11117.0
2023-12-11,54.95,55.55,54.65,55.35,10290,EQ,537.0,19.16,6129.0
2023-12-12,56.0,56.0,54.95,55.25,7962,EQ,456.0,17.46,3978.0
2023-12-13,55.2,55.8,54.95,55.7,25684,EQ,526.0,48.83,12803.0
2023-12-14,55.8,56.5,55.6,55.9,6127,EQ,332.0,18.45,3639.0
2023-12-15,56.6,57.6,55.6,57.55,24518,EQ,497.0,49.33,13442.0
2023-12-18,57.55,57.6,56.7,57.05,22624,EQ,605.0,37.4,15402.0
2023-12-19,57.05,57.9,56.4,57.4,8352,EQ,535.0,15.61,4767.0
2023-12-20,57.6,57.75,54.8,55.15,46844,EQ,855.0,54.79,23307.0
2023-12-21,54.05,56.1,53.95,55.8,28598,EQ,520.0,55.0,17702.0
2023-12-22,56.2,56.3,55.25,55.75,9130,EQ,410.0,22.27,6076.0
2023-12-26,56.75,56.75,55.0,55.65,14051,EQ,412.0,34.1,5192.0
2023-12-27,55.75,56.7,55.75,56.6,13666,EQ,398.0,34.34,7270.0
2023-12-28,57.4,57.55,56.85,57.05,19494,EQ,518.0,37.63,9854.0
2023-12-29,57.0,57.2,56.5,56.9,5925,EQ,340.0,17.43,3384.0
2024-01-01,58.0,58.0,56.4,57.3,9176,EQ,347.0,26.44,4370.0
2024-01-02,57.3,57.95,56.4,57.3,72468,EQ,1063.0,68.17,57323.0
2024-01-03,56.95,58.2,55.4,58.0,94393,EQ,1436.0,65.73,57458.0
2024-01-04,58.5,58.5,57.7,58.4,60600,EQ,492.0,123.17,40025.0
2024-01-05,58.55,58.8,57.7,58.15,23020,EQ,562.0,40.96,11286.0
2024-01-08,58.6,58.6,56.6,56.75,394718,EQ,1276.0,309.34,378919.0
2024-01-09,57.4,57.45,56.5,56.7,390748,EQ,578.0,676.03,381432.0
2024-01-10,56.5,56.65,56.0,56.35,38799,EQ,745.0,52.08,24771.0
2024-01-11,56.5,57.0,56.5,56.75,308350,EQ,437.0,705.61,302428.0
2024-01-12,56.8,58.55,56.8,58.3,18035,EQ,727.0,24.81,8396.0
2024-01-15,58.7,59.2,58.4,58.95,14040,EQ,649.0,21.63,5956.0
2024-01-16,59.4,59.65,58.4,59.0,113251,EQ,864.0,131.08,87738.0
2024-01-17,58.3,58.95,57.75,58.1,19454,EQ,764.0,25.46,8911.0
2024-01-18,57.75,58.75,56.85,58.6,46161,EQ,591.0,78.11,13359.0
2024-01-19,59.5,59.5,58.6,59.2,13681,EQ,398.0,34.37,8865.0
2024-01-20,59.9,60.3,59.0,60.1,14211,EQ,390.0,36.44,12018.0
2024-01-23,59.55,60.95,57.6,58.5,24199,EQ,877.0,27.59,13586.0
2024-01-24,59.0,59.1,57.1,59.0,32368,EQ,882.0,36.7,13115.0
2024-01-25,59.6,60.15,58.1,58.9,7372,EQ,320.0,23.04,5094.0
2024-01-29,60.1,60.8,59.0,60.4,18416,EQ,627.0,29.37,8559.0
2024-01-30,60.5,61.7,60.1,61.35,38116,EQ,594.0,64.17,20053.0
2024-01-31,63.2,63.2,60.55,62.45,35682,EQ,801.0,44.55,14700.0
2024-02-01,62.45,64.8,62.1,64.55,293314,EQ,1585.0,185.06,267482.0
2024-02-02,64.5,66.85,64.5,65.9,98899,EQ,1072.0,92.26,81199.0
2024-02-05,65.9,66.75,65.1,65.5,30884,EQ,1078.0,28.65,11757.0
2024-02-06,66.2,66.2,64.35,65.35,51322,EQ,1071.0,47.92,25556.0
2024-02-07,66.65,67.4,65.8,66.85,115168,EQ,1076.0,107.03,92234.0
2024-02-08,68.0,69.75,66.0,68.2,72520,EQ,2545.0,28.5,34551.0
2024-02-09,69.3,69.3,66.35,68.9,133134,EQ,1826.0,72.91,84162.0
2024-02-12,68.9,69.2,65.5,66.1,31714,EQ,1502.0,21.11,19184.0
2024-02-13,66.8,67.05,64.8,66.75,173576,EQ,1573.0,110.35,133637.0
2024-02-14,66.5,69.1,65.2,68.75,59193,EQ,1026.0,57.69,20214.0
2024-02-15,69.1,71.4,69.0,71.3,40976,EQ,1291.0,31.74,14245.0
2024-02-16,71.8,72.5,70.8,71.05,55954,EQ,1161.0,48.19,22882.0
2024-02-19,70.8,71.65,70.55,70.75,18467,EQ,650.0,28.41,9743.0
2024-02-20,70.7,71.0,70.3,70.7,8799,EQ,436.0,20.18,4197.0
2024-02-21,71.0,72.1,70.95,71.2,19684,EQ,1044.0,18.85,9028.0
2024-02-22,71.6,71.6,69.95,71.1,13015,EQ,696.0,18.7,7653.0
2024-02-23,71.1,72.05,70.3,70.7,17365,EQ,671.0,25.88,8762.0
2024-02-26,70.8,72.1,69.9,70.1,54592,EQ,1475.0,37.01,37384.0
2024-02-27,70.1,70.9,68.8,69.4,113970,EQ,3697.0,30.83,102553.0
2024-02-28,70.1,70.1,67.8,68.2,22839,EQ,841.0,27.16,15118.0
2024-02-29,68.8,69.3,67.2,68.95,139706,EQ,848.0,164.75,129919.0
2024-03-01,69.4,70.6,69.15,70.3,12886,EQ,866.0,14.88,8024.0
2024-03-02,70.9,70.9,70.0,70.45,2907,EQ,106.0,27.42,2629.0
2024-03-04,71.0,71.4,70.45,70.85,182327,EQ,1225.0,148.84,174805.0
2024-03-05,72.95,72.95,70.65,72.55,35608,EQ,981.0,36.3,27652.0
2024-03-06,72.55,73.3,71.3,72.7,29706,EQ,2430.0,12.22,12694.0
2024-03-07,72.9,73.75,72.7,73.15,17533,EQ,662.0,26.48,11204.0
2024-03-11,73.4,73.55,71.9,72.15,29955,EQ,841.0,35.62,10703.0
2024-03-12,71.9,72.15,69.6,70.2,21510,EQ,1282.0,16.78,12576.0
2024-03-13,70.25,71.0,66.5,67.25,249746,EQ,1714.0,145.71,207929.0
2024-03-14,66.8,68.2,65.9,67.7,17149,EQ,1068.0,16.06,11168.0
2024-03-15,67.7,68.15,65.65,67.05,46311,EQ,1828.0,25.33,12729.0
2024-03-18,67.6,67.9,66.9,67.6,83396,EQ,820.0,101.7,78424.0
2024-03-19,68.2,68.2,66.0,66.2,74380,EQ,3222.0,23.09,61417.0
2024-03-20,66.8,67.1,65.5,66.6,94382,EQ,422.0,223.65,40692.0
2024-03-21,67.2,68.2,67.15,67.6,373301,EQ,1913.0,195.14,328543.0
2024-03-22,68.0,68.7,67.7,68.6,11483,EQ,466.0,24.64,6236.0
2024-03-26,68.6,69.6,67.9,69.0,33320,EQ,566.0,58.87,29157.0
2024-03-27,69.8,69.8,67.6,68.0,10607,EQ,684.0,15.51,6080.0
2024-03-28,68.8,70.0,68.0,69.25,11780,EQ,636.0,18.52,8489.0
2024-04-01,70.3,72.0,68.95,70.55,17106,EQ,888.0,19.26,8485.0
2024-04-02,70.6,71.35,70.3,70.95,256837,EQ,4311.0,59.58,245615.0
2024-04-03,70.95,73.0,70.55,72.5,252549,EQ,1441.0,175.26,222927.0
2024-04-04,73.2,74.7,71.7,72.25,58494,EQ,2847.0,20.55,49290.0
2024-04-05,72.8,72.85,71.7,72.65,216799,EQ,3346.0,64.79,196937.0
2024-04-08,72.05,73.1,71.9,72.1,11251,EQ,945.0,11.91,5969.0
2024-04-09,72.25,73.0,70.95,71.35,46623,EQ,2536.0,18.38,36529.0
2024-04-10,71.7,72.5,71.2,72.25,310993,EQ,2223.0,139.9,246479.0
2024-04-12,72.25,72.7,71.6,71.7,9296,EQ,696.0,13.36,5034.0
2024-04-15,71.4,71.7,67.25,70.05,33027,EQ,1641.0,20.13,11266.0
2024-04-16,71.0,71.0,68.6,69.05,63089,EQ,1658.0,38.05,46337.0
2024-04-18,71.1,71.1,69.0,69.3,13867,EQ,970.0,14.3,6284.0
2024-04-19,69.05,69.5,67.5,68.9,25031,EQ,1566.0,15.98,17891.0
2024-04-22,69.9,71.2,68.8,70.8,13896,EQ,592.0,23.47,6190.0
2024-04-23,71.2,71.5,70.7,70.85,7490,EQ,505.0,14.83,4322.0
2024-04-24,70.85,71.5,70.7,70.75,10851,EQ,541.0,20.06,7284.0
2024-04-25,70.75,73.6,70.65,73.25,58159,EQ,2515.0,23.12,44922.0
2024-04-26,73.25,75.45,73.1,73.3,16635,EQ,960.0,17.33,10191.0
2024-04-29,74.7,75.5,73.15,75.35,61094,EQ,1055.0,57.91,36970.0
2024-04-30,75.35,76.3,74.85,75.45,19387,EQ,972.0,19.95,10027.0
2024-05-02,77.75,77.75,74.0,75.05,41155,EQ,933.0,44.11,25453.0
2024-05-03,76.5,76.5,74.0,74.85,40761,EQ,837.0,48.7,11329.0
2024-05-06,76.2,89.7,71.7,78.2,282045,EQ,3659.0,77.08,175246.0
2024-05-07,75.45,75.45,70.0,70.55,215674,EQ,5911.0,36.49,126134.0
2024-05-08,70.6,72.3,70.6,71.1,146927,EQ,1768.0,83.1,107920.0
2024-05-09,72.0,72.0,70.0,70.4,55427,EQ,1517.0,36.54,27011.0
2024-05-10,71.0,71.4,70.0,70.5,50764,EQ,1245.0,40.77,20297.0
2024-05-13,72.4,72.4,68.15,69.6,71160,EQ,2132.0,33.38,49259.0
2024-05-14,70.6,70.6,69.5,70.3,22272,EQ,1332.0,16.72,11839.0
2024-05-15,71.3,71.5,70.5,71.2,12546,EQ,993.0,12.63,6264.0
2024-05-16,71.5,71.55,69.25,70.5,109851,EQ,2726.0,40.3,72260.0
2024-05-17,71.35,71.35,70.45,70.75,22477,EQ,1022.0,21.99,8127.0
2024-05-18,70.8,71.5,70.65,71.05,3243,EQ,181.0,17.92,2049.0
2024-05-21,71.95,79.0,70.7,71.85,35814,EQ,1310.0,27.34,20709.0
2024-05-22,73.2,73.2,71.7,72.35,35089,EQ,1215.0,28.88,24846.0
2024-05-23,72.85,74.15,72.4,73.35,83057,EQ,1655.0,50.19,49638.0
2024-05-24,73.5,73.95,73.1,73.35,21928,EQ,821.0,26.71,14774.0
2024-05-27,73.35,75.0,73.15,74.45,67005,EQ,4524.0,14.81,35300.0
2024-05-28,74.45,74.95,73.2,73.5,348906,EQ,3886.0,89.79,316651.0
2024-05-29,73.5,73.8,72.9,73.15,11904,EQ,826.0,14.41,6952.0
2024-05-30,73.3,74.0,72.45,72.95,28269,EQ,1135.0,24.91,17111.0
2024-05-31,73.2,75.0,72.3,74.0,20465,EQ,851.0,24.05,13702.0
2024-06-03,87.0,87.0,75.2,79.9,518063,EQ,7368.0,70.31,414963.0
2024-06-04,79.9,79.9,65.8,68.85,625438,EQ,15158.0,41.26,437118.0
2024-06-05,70.3,72.7,65.4,69.5,310318,EQ,6152.0,50.44,158016.0
2024-06-06,70.8,72.9,69.5,71.45,105937,EQ,4647.0,22.8,74971.0
2024-06-07,71.55,73.0,70.45,72.7,41552,EQ,1499.0,27.72,24480.0
2024-06-10,72.7,74.0,72.7,73.0,26947,EQ,1858.0,14.5,16989.0
2024-06-11,73.0,73.9,73.0,73.45,42012,EQ,1566.0,26.83,23413.0
2024-06-12,73.3,74.45,73.2,74.15,73774,EQ,1769.0,41.7,44567.0
2024-06-13,74.6,74.9,73.9,74.1,28139,EQ,1185.0,23.75,15194.0
2024-06-14,74.25,74.35,73.65,74.1,25429,EQ,1003.0,25.35,14847.0
2024-06-18,74.5,75.0,74.2,74.7,22603,EQ,1150.0,19.65,14574.0
2024-06-19,74.7,75.35,74.1,75.0,35888,EQ,1394.0,25.74,22104.0
2024-06-20,75.0,75.25,74.3,74.7,702501,EQ,1316.0,533.82,685887.0
2024-06-21,74.7,75.0,73.6,74.15,14828,EQ,1286.0,11.53,8081.0
2024-06-24,74.1,74.6,72.7,73.5,22944,EQ,1880.0,12.2,9940.0
2024-06-25,73.85,73.85,73.15,73.5,7525,EQ,967.0,7.78,3911.0
2024-06-26,73.5,73.9,73.0,73.6,25619,EQ,1226.0,20.9,15972.0
2024-06-27,73.3,73.6,72.25,72.95,142904,EQ,2241.0,63.77,130616.0
2024-06-28,73.5,74.6,72.9,73.85,27611,EQ,1327.0,20.81,12793.0
2024-07-01,73.85,74.15,73.2,73.45,27097,EQ,1237.0,21.91,19397.0
2024-07-02,73.5,73.55,71.75,72.1,94760,EQ,3403.0,27.85,67274.0
2024-07-03,72.1,72.7,71.7,72.3,28902,EQ,1979.0,14.6,13741.0
2024-07-04,72.95,72.95,72.1,72.45,32060,EQ,1270.0,25.24,18824.0
2024-07-05,72.7,73.75,72.5,73.35,24892,EQ,3008.0,8.28,14846.0
2024-07-08,73.7,73.7,72.4,72.55,19569,EQ,1391.0,14.07,13612.0
2024-07-09,72.95,73.7,72.5,73.2,19571,EQ,1805.0,10.84,11000.0
2024-07-10,73.4,73.4,71.7,72.45,54436,EQ,1653.0,32.93,33399.0
2024-07-11,72.45,72.8,72.25,72.45,16002,EQ,846.0,18.91,9313.0
2024-07-12,73.85,74.65,72.0,72.3,17104,EQ,1107.0,15.45,9973.0
2024-07-15,72.3,74.6,72.0,74.3,140809,EQ,2108.0,66.8,122502.0
2024-07-16,74.65,75.0,73.75,74.0,74745,EQ,2372.0,31.51,44151.0
2024-07-18,74.0,74.65,73.2,73.9,57431,EQ,1944.0,29.54,40767.0
2024-07-19,73.85,74.3,72.5,72.7,78990,EQ,3128.0,25.25,55799.0
2024-07-22,72.8,73.75,72.15,73.05,25674,EQ,1435.0,17.89,13185.0
2024-07-23,73.1,73.5,70.5,72.3,34814,EQ,2347.0,14.83,14448.0
2024-07-24,72.4,72.85,71.35,71.95,13917,EQ,1154.0,12.06,9209.0
2024-07-25,71.5,71.9,70.9,71.4,170462,EQ,1735.0,98.25,162718.0
2024-07-26,71.9,72.65,71.4,72.4,452751,EQ,913.0,495.89,436358.0
2024-07-29,72.9,75.15,72.9,74.25,69684,EQ,2620.0,26.6,50845.0
2024-07-30,74.25,74.6,74.0,74.1,12211,EQ,880.0,13.88,7593.0
2024-07-31,74.5,74.5,73.5,73.75,5800,EQ,773.0,7.5,3092.0
2024-08-01,74.45,75.65,73.0,74.1,71564,EQ,1866.0,38.35,48821.0
2024-08-02,73.4,73.4,71.7,72.1,37353,EQ,2582.0,14.47,24230.0
2024-08-05,71.9,71.9,68.35,69.65,58208,EQ,4926.0,11.82,36780.0
2024-08-06,69.65,70.65,67.95,68.25,22112,EQ,1880.0,11.76,15208.0
2024-08-07,68.6,69.75,67.95,68.75,80963,EQ,1548.0,52.3,66210.0
2024-08-08,68.0,69.6,68.0,68.85,513001,EQ,1249.0,410.73,498193.0
2024-08-09,69.25,70.95,68.9,69.65,60463,EQ,2261.0,26.74,16664.0
2024-08-12,70.0,70.1,68.75,69.1,39101,EQ,5817.0,6.72,13042.0
2024-08-13,69.1,69.6,67.95,68.1,19851,EQ,1082.0,18.35,15388.0
2024-08-14,69.0,69.0,67.6,67.85,11481,EQ,909.0,12.63,7430.0
2024-08-16,68.9,69.0,67.8,68.6,19190,EQ,1825.0,10.52,8425.0
2024-08-19,69.0,69.8,68.75,69.5,17467,EQ,1048.0,16.67,12183.0
2024-08-20,69.7,70.55,68.95,69.9,18577,EQ,1471.0,12.63,10377.0
2024-08-21,70.2,70.5,69.7,69.9,18904,EQ,662.0,28.56,9763.0
2024-08-22,70.7,70.7,69.6,70.35,7819,EQ,689.0,11.35,3780.0
2024-08-23,70.55,70.75,70.0,70.15,174548,EQ,712.0,245.15,169315.0
2024-08-26,70.6,70.6,69.5,69.9,1192077,EQ,1388.0,858.85,1147091.0
2024-08-27,69.9,70.1,69.5,69.95,11161,EQ,635.0,17.58,8730.0
2024-08-28,69.95,70.2,69.35,69.65,13257,EQ,1040.0,12.75,7608.0
2024-08-29,69.65,69.9,68.8,69.5,10196,EQ,967.0,10.54,5524.0
2024-08-30,69.85,70.3,69.35,69.65,13397,EQ,1066.0,12.57,5968.0
2024-09-02,69.9,70.3,69.2,69.95,37843,EQ,2048.0,18.48,30135.0
2024-09-03,69.5,70.35,69.5,69.8,6747,EQ,610.0,11.06,3306.0
2024-09-04,69.5,69.5,68.4,68.6,20891,EQ,1373.0,15.22,12330.0
2024-09-05,69.0,69.0,68.4,68.65,28133,EQ,813.0,34.6,16775.0
2024-09-06,68.65,68.85,66.1,66.55,82284,EQ,2937.0,28.02,45834.0
2024-09-09,67.15,67.15,65.35,66.15,48611,EQ,1926.0,25.24,25854.0
2024-09-10,66.7,67.2,65.6,66.0,95876,EQ,4310.0,22.25,80696.0
2024-09-11,66.6,66.7,65.1,65.35,18580,EQ,1386.0,13.41,10283.0
2024-09-12,66.2,66.45,65.5,66.15,11525,EQ,640.0,18.01,5450.0
2024-09-13,66.7,67.35,66.3,66.85,201045,EQ,986.0,203.9,187527.0
2024-09-16,67.5,67.8,66.65,67.1,22687,EQ,1881.0,12.06,13544.0
2024-09-17,67.1,67.2,66.4,66.8,15992,EQ,1407.0,11.37,5165.0
2024-09-18,67.0,67.0,65.8,66.3,19371,EQ,2339.0,8.28,9151.0
2024-09-19,67.1,67.25,65.55,66.35,8998,EQ,993.0,9.06,3843.0
2024-09-20,66.7,67.05,65.65,66.0,403169,EQ,1239.0,325.4,374794.0
2024-09-23,66.5,68.5,66.1,68.2,42423,EQ,1571.0,27.0,28722.0
2024-09-24,68.2,68.6,67.7,68.05,274989,EQ,1399.0,196.56,151090.0
2024-09-25,68.05,68.4,67.05,67.4,28312,EQ,943.0,30.02,18499.0
2024-09-26,68.0,68.05,67.0,67.65,26233,EQ,597.0,43.94,16509.0
2024-09-27,67.65,68.4,67.35,67.7,22195,EQ,773.0,28.71,9431.0
2024-09-30,67.8,68.2,67.2,67.4,156143,EQ,632.0,247.06,149960.0
2024-10-01,67.9,67.9,67.2,67.3,228003,EQ,614.0,371.34,223418.0
2024-10-03,67.2,67.6,65.8,66.75,13029,EQ,1914.0,6.81,6307.0
2024-10-04,67.5,68.0,65.5,66.8,29526,EQ,1170.0,25.24,16247.0
2024-10-07,66.8,67.5,64.35,65.05,150696,EQ,1605.0,93.89,127848.0
2024-10-08,65.05,65.9,64.2,65.6,10482,EQ,604.0,17.35,4144.0
2024-10-09,66.0,66.9,65.7,65.7,33325,EQ,496.0,67.19,27532.0
2024-10-10,66.4,67.1,66.0,66.3,30766,EQ,444.0,69.29,24977.0
2024-10-11,66.3,66.8,65.5,66.2,11300,EQ,546.0,20.7,6127.0
2024-10-14,66.2,66.7,65.7,66.0,6742,EQ,481.0,14.02,3218.0
2024-10-15,66.0,66.6,65.75,65.8,12855,EQ,424.0,30.32,9249.0
2024-10-16,66.05,66.4,65.75,66.05,4152,EQ,329.0,12.62,1844.0
2024-10-17,68.05,68.05,65.5,65.9,4475,EQ,343.0,13.05,1913.0
2024-10-18,64.6,66.6,64.6,66.55,20478,EQ,371.0,55.2,18551.0
2024-10-21,67.0,67.3,65.8,66.7,33146,EQ,1221.0,27.15,25258.0
2024-10-22,66.35,66.35,63.2,63.6,42482,EQ,2180.0,19.49,35530.0
2024-10-23,63.65,64.0,61.7,63.55,24457,EQ,1240.0,19.72,14470.0
2024-10-24,64.2,64.7,63.05,64.15,8799,EQ,544.0,16.17,3969.0
2024-10-25,64.15,64.45,61.8,62.95,11624,EQ,917.0,12.68,6393.0
2024-10-28,63.5,65.4,62.2,64.75,24657,EQ,1070.0,23.04,15024.0
2024-10-29,65.6,67.65,64.8,67.4,28551,EQ,808.0,35.34,16439.0
2024-10-30,67.4,67.8,66.9,67.2,20355,EQ,609.0,33.42,12526.0
2024-10-31,67.1,67.65,66.65,67.2,6197,EQ,319.0,19.43,3571.0
2024-11-01,67.4,67.6,66.95,67.25,3828,EQ,247.0,15.5,2686.0
2024-11-04,67.3,68.05,65.9,67.75,24242,EQ,1210.0,20.03,18522.0
2024-11-05,67.7,68.7,67.1,68.55,23775,EQ,667.0,35.64,17890.0
2024-11-06,68.55,69.9,68.35,69.8,32016,EQ,1084.0,29.54,22773.0
2024-11-07,69.8,70.5,69.1,69.95,19626,EQ,648.0,30.29,11762.0
2024-11-08,70.6,70.6,67.85,68.4,18555,EQ,1142.0,16.25,11046.0
2024-11-11,68.75,69.0,67.75,68.55,14440,EQ,591.0,24.43,7400.0
2024-11-12,69.5,69.5,66.7,67.1,19533,EQ,801.0,24.39,12708.0
2024-11-13,67.1,67.35,64.85,65.45,12514,EQ,700.0,17.88,6484.0
2024-11-14,66.05,66.05,64.85,65.1,6952,EQ,396.0,17.56,3639.0
2024-11-18,65.1,67.0,64.0,65.6,24268,EQ,659.0,36.83,17438.0
2024-11-19,66.5,66.5,64.65,64.8,21004,EQ,1050.0,20.0,14853.0
2024-11-21,64.5,65.5,61.45,63.1,31411,EQ,2160.0,14.54,18577.0
2024-11-22,64.0,65.15,63.6,64.75,37198,EQ,542.0,68.63,31697.0
2024-11-25,65.2,69.0,65.2,67.6,69691,EQ,947.0,73.59,42940.0
2024-11-26,67.6,68.3,66.9,67.7,7895,EQ,357.0,22.11,5670.0
2024-11-27,67.0,68.4,67.0,67.55,15983,EQ,343.0,46.6,11095.0
2024-11-28,67.1,68.7,67.1,68.25,349028,EQ,593.0,588.58,309269.0
2024-11-29,67.6,68.8,67.3,67.9,17173,EQ,473.0,36.31,5063.0
2024-12-02,67.4,68.15,67.0,67.85,13396,EQ,475.0,28.2,11293.0
2024-12-03,68.15,69.7,68.15,69.45,134784,EQ,708.0,190.37,25756.0
2024-12-04,69.45,71.45,69.2,71.3,114967,EQ,1280.0,89.82,79264.0
2024-12-05,71.35,71.55,70.5,70.95,37392,EQ,691.0,54.11,21476.0
2024-12-06,70.95,72.2,70.3,71.2,67146,EQ,891.0,75.36,41953.0
2024-12-09,70.45,71.5,70.25,71.1,16910,EQ,502.0,33.69,8907.0
2024-12-10,71.0,71.5,70.9,71.2,26522,EQ,424.0,62.55,15301.0
2024-12-11,71.2,71.5,70.6,70.8,8752,EQ,413.0,21.19,5716.0
2024-12-12,70.9,70.9,70.05,70.3,7814,EQ,372.0,21.01,4390.0
2024-12-13,69.8,70.5,68.15,70.15,26612,EQ,691.0,38.51,11131.0
2024-12-16,70.5,70.7,69.95,70.35,5747,EQ,362.0,15.88,3219.0
2024-12-17,70.35,70.7,69.1,69.3,11324,EQ,482.0,23.49,6308.0
2024-12-18,69.3,69.3,67.55,67.85,20885,EQ,625.0,33.42,12160.0
2024-12-19,67.85,67.85,66.2,67.25,72212,EQ,776.0,93.06,63409.0
2024-12-20,67.25,67.85,65.55,65.9,10629,EQ,569.0,18.68,8724.0
2024-12-23,66.2,66.6,65.25,66.35,28853,EQ,458.0,63.0,12185.0
2024-12-24,65.8,67.0,65.5,66.15,254067,EQ,653.0,389.08,248340.0
2024-12-26,66.5,67.0,65.85,66.15,16947,EQ,486.0,34.87,8870.0
2024-12-27,65.85,66.45,65.5,65.7,8185,EQ,600.0,13.64,4586.0
2024-12-30,65.6,66.2,64.7,64.95,31009,EQ,1499.0,20.69,18653.0
2024-12-31,65.4,65.4,63.6,65.1,28214,EQ,735.0,38.39,19378.0
2025-01-01,65.0,65.65,64.9,65.5,4610,EQ,382.0,12.07,2931.0
2025-01-02,65.9,65.9,64.5,65.75,25412,EQ,698.0,36.41,7010.0
2025-01-03,65.75,66.9,65.75,66.15,5929,EQ,301.0,19.7,2733.0
2025-01-06,66.8,66.8,63.0,63.3,213043,EQ,1483.0,143.66,176059.0
2025-01-07,64.2,64.6,63.4,63.8,5250,EQ,456.0,11.51,3523.0
2025-01-08,64.3,64.7,62.5,63.25,9291,EQ,708.0,13.12,4590.0
2025-01-09,63.25,63.8,62.2,62.35,22376,EQ,1183.0,18.91,15885.0
2025-01-10,62.0,62.5,60.7,60.8,19068,EQ,880.0,21.67,12574.0
2025-01-13,60.85,61.0,58.6,59.05,55255,EQ,1086.0,50.88,40799.0
2025-01-14,59.1,61.9,59.1,61.4,9386,EQ,536.0,17.51,3655.0
2025-01-15,61.4,62.0,61.0,61.5,40722,EQ,912.0,44.65,35151.0
2025-01-16,61.55,63.4,61.55,63.0,34831,EQ,1149.0,30.31,20750.0
2025-01-17,61.75,63.6,61.75,62.65,15263,EQ,829.0,18.41,7639.0
2025-01-20,63.85,64.5,62.3,63.8,13739,EQ,660.0,20.82,8207.0
2025-01-21,63.3,64.1,62.55,62.6,13133,EQ,919.0,14.29,7177.0
2025-01-22,63.5,63.5,60.6,61.25,29593,EQ,662.0,44.7,20588.0
2025-01-23,61.7,62.5,61.3,62.1,27084,EQ,260.0,104.17,20057.0
2025-01-24,61.7,62.8,61.2,61.4,7747,EQ,340.0,22.79,2665.0
2025-01-27,61.4,61.95,60.35,60.85,390663,EQ,497.0,786.04,384060.0
2025-01-28,61.6,62.4,60.9,61.8,17887,EQ,473.0,37.82,8139.0
2025-01-29,62.3,62.6,61.6,62.35,326778,EQ,314.0,1040.69,324538.0
2025-01-30,62.3,62.75,62.0,62.35,135890,EQ,2341.0,58.05,132722.0
2025-01-31,62.1,63.4,61.5,62.95,33145,EQ,558.0,59.4,18635.0
2025-02-01,62.3,63.5,61.45,62.1,31426,EQ,602.0,52.2,11691.0
2025-02-03,62.05,62.05,60.65,60.95,20373,EQ,522.0,39.03,11085.0
2025-02-04,62.15,63.0,61.0,62.7,35731,EQ,4181.0,8.55,19525.0
2025-02-05,62.7,63.6,62.7,62.95,10746,EQ,333.0,32.27,6698.0
2025-02-06,63.6,63.6,62.6,62.9,6040,EQ,232.0,26.03,3090.0
2025-02-07,62.7,63.0,61.35,61.95,34910,EQ,1444.0,24.18,25297.0
2025-02-10,61.6,61.95,60.95,61.4,9133,EQ,367.0,24.89,5416.0
2025-02-11,61.4,62.0,59.6,59.8,18608,EQ,592.0,31.43,12291.0
2025-02-12,59.2,60.75,58.4,60.45,12478,EQ,576.0,21.66,5742.0
2025-02-13,60.1,60.75,59.4,59.95,13330,EQ,467.0,28.54,4366.0
2025-02-14,59.95,60.3,57.9,58.6,21901,EQ,618.0,35.44,12216.0
2025-02-17,58.6,59.5,57.3,58.8,7096,EQ,520.0,13.65,2660.0
2025-02-18,58.8,59.6,57.7,58.45,10268,EQ,310.0,33.12,4223.0
2025-02-19,57.5,59.6,57.5,59.2,21165,EQ,329.0,64.33,9842.0
2025-02-20,58.35,60.4,57.75,60.25,13880,EQ,836.0,16.6,10357.0
2025-02-21,60.25,60.7,59.2,59.6,6426,EQ,359.0,17.9,4806.0
2025-02-24,58.75,60.5,58.7,59.85,3620,EQ,229.0,15.81,2297.0
2025-02-25,59.5,59.85,58.6,58.75,12373,EQ,345.0,35.86,8307.0
2025-02-27,59.4,60.4,57.8,58.05,12268,EQ,461.0,26.61,4783.0
2025-02-28,58.3,58.3,56.0,56.4,23542,EQ,800.0,29.43,16263.0
2025-03-03,56.0,56.9,55.2,56.25,21961,EQ,663.0,33.12,12754.0
2025-03-04,55.3,57.45,55.3,57.2,9003,EQ,376.0,23.94,5714.0
2025-03-05,58.35,60.0,57.25,58.95,10709,EQ,391.0,27.39,6364.0
2025-03-06,58.95,59.55,58.85,59.2,6138,EQ,299.0,20.53,2960.0
2025-03-07,58.5,59.8,58.5,59.1,6740,EQ,300.0,22.47,3259.0
2025-03-10,59.75,59.75,57.9,58.15,4861,EQ,312.0,15.58,2706.0
2025-03-11,57.8,58.6,57.5,58.2,6339,EQ,255.0,24.86,3756.0
2025-03-12,58.5,58.55,57.15,57.45,5840,EQ,304.0,19.21,3161.0
2025-03-13,57.9,58.3,57.45,57.9,4843,EQ,155.0,31.25,1064.0
2025-03-17,57.8,58.2,57.2,57.5,12123,EQ,372.0,32.59,6229.0
2025-03-18,57.8,59.05,57.65,58.9,88550,EQ,1568.0,56.47,83331.0
2025-03-19,59.6,60.1,59.0,60.0,10374,EQ,338.0,30.69,7254.0
2025-03-20,60.25,61.5,59.75,60.25,10485,EQ,342.0,30.66,6983.0
2025-03-21,61.0,61.25,60.15,61.15,16178,EQ,331.0,48.88,8706.0
2025-03-24,61.0,63.25,61.0,63.05,22144,EQ,582.0,38.05,9458.0
2025-03-25,63.2,63.9,61.8,62.1,15762,EQ,418.0,37.71,9652.0
2025-03-26,62.1,62.75,61.2,61.35,5187,EQ,357.0,14.53,2834.0
2025-03-27,61.3,62.8,61.05,62.55,12411,EQ,312.0,39.78,8084.0
2025-03-28,62.8,63.5,62.1,62.35,11306,EQ,324.0,34.9,5232.0
2025-04-01,60.95,63.05,60.95,62.3,73649,EQ,1254.0,58.73,69822.0
2025-04-02,61.85,63.6,61.55,63.05,33129,EQ,1385.0,23.92,30184.0
2025-04-03,62.8,64.5,61.0,63.9,13314,EQ,435.0,30.61,8642.0
2025-04-04,63.9,64.4,62.1,62.5,9572,EQ,409.0,23.4,4308.0
2025-04-07,62.5,62.5,58.55,61.2,40416,EQ,2290.0,17.65,33696.0
2025-04-08,61.8,63.0,61.15,62.15,7530,EQ,299.0,25.18,2833.0
2025-04-09,62.1,62.1,60.65,60.9,6416,EQ,282.0,22.75,4267.0
2025-04-11,62.0,62.0,61.1,61.4,260552,EQ,412.0,632.41,244718.0
2025-04-15,62.0,63.5,61.8,62.3,12552,EQ,437.0,28.72,7528.0
2025-04-16,64.15,64.35,62.5,64.0,105358,EQ,2410.0,43.72,94074.0
2025-04-17,63.95,65.05,63.75,64.9,17687,EQ,513.0,34.48,9979.0
2025-04-21,65.15,66.9,64.9,66.3,362881,EQ,957.0,379.19,351069.0
2025-04-22,66.85,68.0,66.25,67.1,24527,EQ,684.0,35.86,12751.0
2025-04-23,67.3,68.3,65.9,66.8,31912,EQ,543.0,58.77,26789.0
2025-04-24,66.8,67.15,66.15,66.4,8230,EQ,456.0,18.05,4588.0
2025-04-25,66.6,66.6,64.4,64.9,23567,EQ,604.0,39.02,14129.0
2025-04-28,64.55,66.9,64.55,66.6,10082,EQ,452.0,22.31,5095.0
2025-04-29,67.45,68.0,66.3,66.55,24308,EQ,376.0,64.65,18136.0
2025-04-30,66.55,66.55,65.0,65.25,14672,EQ,689.0,21.29,5480.0
2025-05-02,65.5,65.9,64.75,65.25,77783,EQ,1717.0,45.3,72922.0
2025-05-05,65.25,66.3,64.75,65.4,24770,EQ,1294.0,19.14,19726.0
2025-05-06,65.9,65.9,62.0,62.15,32465,EQ,1258.0,25.81,24314.0
2025-05-07,62.15,62.95,61.1,62.25,486980,EQ,902.0,539.89,464210.0
2025-05-08,63.0,63.2,60.75,61.3,26240,EQ,859.0,30.55,17125.0
2025-05-09,61.0,62.5,60.2,62.25,21884,EQ,687.0,31.85,12973.0
2025-05-12,63.1,64.85,63.1,64.4,76091,EQ,2338.0,32.55,54849.0
2025-05-13,64.4,65.6,64.2,65.35,10416,EQ,484.0,21.52,6202.0
2025-05-14,65.35,66.0,65.25,65.85,4758,EQ,344.0,13.83,2737.0
2025-05-15,66.15,66.2,65.35,65.8,8697,EQ,330.0,26.35,6172.0
2025-05-16,66.1,66.8,65.8,66.45,170261,EQ,532.0,320.04,158266.0
2025-05-19,66.45,68.2,66.45,67.85,49713,EQ,851.0,58.42,18200.0
2025-05-20,67.85,68.0,66.2,66.5,107723,EQ,675.0,159.59,89487.0
2025-05-21,67.15,67.35,66.4,67.1,9370,EQ,344.0,27.24,4440.0
2025-05-22,66.15,67.4,66.15,66.85,7645,EQ,399.0,19.16,3660.0
2025-05-23,67.75,68.55,66.75,67.1,5638,EQ,368.0,15.32,2699.0
2025-05-26,67.45,68.45,66.5,67.1,12324,EQ,523.0,23.56,7533.0
2025-05-27,67.1,67.45,66.7,67.25,10183,EQ,419.0,24.3,7303.0
2025-05-28,66.55,68.5,66.55,67.85,11942,EQ,539.0,22.16,7965.0
2025-05-29,68.0,68.4,67.4,67.8,6592,EQ,303.0,21.76,3873.0
2025-05-30,68.0,69.9,67.3,69.8,25377,EQ,854.0,29.72,17326.0
2025-06-02,69.75,71.75,69.75,71.4,68298,EQ,1880.0,36.33,40032.0
2025-06-03,71.4,72.0,70.6,71.05,388765,EQ,1467.0,265.01,376662.0
2025-06-04,71.1,72.0,70.35,71.2,21058,EQ,638.0,33.01,13048.0
2025-06-05,71.2,71.7,70.2,70.7,43183,EQ,3804.0,11.35,33942.0
2025-06-06,70.2,71.4,69.85,70.95,71436,EQ,992.0,72.01,42700.0
2025-06-09,71.2,72.5,70.9,71.85,137312,EQ,1274.0,107.78,99217.0
2025-06-10,72.0,72.3,71.4,71.5,12203,EQ,539.0,22.64,8442.0
2025-06-11,71.4,71.9,70.7,71.0,156252,EQ,556.0,281.03,150489.0
2025-06-12,69.2,71.3,69.2,70.3,9214,EQ,473.0,19.48,4733.0
2025-06-13,70.35,70.35,68.75,69.35,168791,EQ,801.0,210.73,160934.0
2025-06-16,67.6,70.35,67.6,69.4,39000,EQ,737.0,52.92,21999.0
2025-06-17,67.65,70.25,67.65,69.25,19032,EQ,543.0,35.05,12003.0
2025-06-18,69.6,69.6,68.6,68.95,17166,EQ,493.0,34.82,2015.0
2025-06-19,67.25,69.45,67.25,67.65,16398,EQ,814.0,20.14,11029.0
2025-06-20,67.5,69.0,67.5,68.65,11152,EQ,555.0,20.09,6563.0
2025-06-23,70.35,71.6,67.5,69.5,10256,EQ,578.0,17.74,5397.0
2025-06-24,69.5,70.3,69.15,69.4,23674,EQ,604.0,39.2,16845.0
2025-06-25,70.2,70.2,69.6,70.0,229912,EQ,630.0,364.94,225089.0
2025-06-26,68.25,70.3,68.25,69.9,10936,EQ,572.0,19.12,6077.0
2025-06-27,71.0,71.0,70.0,70.1,21100,EQ,631.0,33.44,11848.0
2025-06-30,68.35,72.2,68.35,71.95,72940,EQ,7963.0,9.16,47455.0
2025-07-01,71.25,72.8,71.2,72.65,161676,EQ,1842.0,87.77,146833.0
2025-07-02,71.95,72.85,71.45,72.25,21397,EQ,644.0,33.23,9499.0
2025-07-03,72.85,72.85,71.4,71.6,20773,EQ,589.0,35.27,14469.0
2025-07-04,69.8,72.1,69.8,71.45,6181,EQ,391.0,15.81,3014.0
2025-07-07,72.1,72.1,71.1,71.3,10904,EQ,529.0,20.61,5371.0
2025-07-08,71.65,71.65,70.6,71.1,322360,EQ,434.0,742.76,287297.0
2025-07-09,69.35,71.95,69.35,70.95,7507,EQ,321.0,23.39,5425.0
2025-07-10,72.7,72.7,70.2,70.45,275813,EQ,772.0,357.27,267392.0
2025-07-11,68.65,70.75,68.65,70.05,16559,EQ,398.0,41.61,7986.0
2025-07-14,69.15,71.5,69.15,70.55,13343,EQ,540.0,24.71,5763.0
2025-07-15,70.55,72.3,70.55,71.5,41210,EQ,421.0,97.89,34386.0
2025-07-16,73.25,73.25,71.2,72.65,29501,EQ,773.0,38.16,16880.0
2025-07-17,70.8,74.6,70.8,72.25,149516,EQ,2859.0,52.3,138525.0
2025-07-18,74.05,74.05,71.5,71.8,8647,EQ,334.0,25.89,4772.0
2025-07-21,72.15,72.4,70.9,71.15,9904,EQ,585.0,16.93,4738.0
2025-07-22,72.95,72.95,70.0,70.25,84043,EQ,541.0,155.35,79170.0
2025-07-23,70.25,70.95,69.75,70.25,25231,EQ,393.0,64.2,18552.0
2025-07-24,70.25,71.35,69.8,71.05,12219,EQ,350.0,34.91,6860.0
2025-07-25,69.6,71.55,69.6,70.0,9096,EQ,614.0,14.81,6269.0
2025-07-28,71.75,71.75,69.2,69.7,7104,EQ,448.0,15.86,3288.0
2025-07-29,69.1,69.7,69.05,69.45,5519,EQ,300.0,18.4,2584.0
2025-07-30,67.7,70.45,67.7,69.5,5231,EQ,321.0,16.3,2018.0
2025-07-31,69.2,69.2,68.05,68.45,16773,EQ,569.0,29.48,10391.0
2025-08-01,68.45,69.5,67.5,68.4,16473,EQ,448.0,36.77,6909.0
2025-08-04,68.25,68.8,67.9,68.45,137994,EQ,603.0,228.85,115995.0
2025-08-05,66.7,69.0,66.7,68.5,6749,EQ,388.0,17.39,3110.0
2025-08-06,68.55,69.2,68.1,68.8,12548,EQ,386.0,32.51,6031.0
2025-08-07,67.05,69.2,67.05,69.0,7082,EQ,282.0,25.11,4935.0
2025-08-08,67.25,69.3,67.25,68.9,132842,EQ,578.0,229.83,121406.0
2025-08-11,69.25,75.1,69.25,71.5,20893,EQ,628.0,33.27,12107.0
2025-08-12,71.1,71.1,70.1,70.45,12793,EQ,485.0,26.38,5339.0
2025-08-13,70.8,71.1,69.95,70.1,10560,EQ,281.0,37.58,6505.0
2025-08-14,70.8,70.8,69.95,70.15,9784,EQ,180.0,54.36,6623.0
2025-08-18,69.8,71.2,69.8,70.4,14811,EQ,445.0,33.28,11018.0
2025-08-19,70.15,71.1,70.15,70.95,6237,EQ,263.0,23.71,3469.0
2025-08-20,70.95,71.25,70.25,70.95,6106,EQ,254.0,24.04,3025.0
2025-08-21,71.55,71.55,70.6,70.9,3481,EQ,190.0,18.32,1918.0
2025-08-22,72.65,72.65,70.0,70.15,3197,EQ,254.0,12.59,1998.0
2025-08-25,70.5,70.5,69.8,69.95,3677,EQ,265.0,13.88,2167.0
2025-08-26,70.3,70.3,68.45,68.65,9566,EQ,494.0,19.36,5439.0
2025-08-28,68.9,69.2,67.75,67.95,7973,EQ,423.0,18.85,4087.0
2025-08-29,66.25,68.75,66.25,67.7,116073,EQ,498.0,233.08,105447.0
2025-09-01,68.55,68.55,67.5,68.4,13118,EQ,823.0,15.94,9424.0
2025-09-02,66.65,69.0,66.65,68.25,13181,EQ,297.0,44.38,7759.0
2025-09-03,68.2,69.2,68.2,69.1,4422,EQ,263.0,16.81,3021.0
2025-09-04,69.2,69.55,68.2,68.4,11087,EQ,301.0,36.83,8332.0
2025-09-05,69.1,69.1,68.1,68.65,9017,EQ,243.0,37.11,6000.0
2025-09-08,68.1,69.3,68.1,68.65,9451,EQ,345.0,27.39,7616.0
2025-09-09,69.2,69.2,68.5,68.75,4875,EQ,314.0,15.53,3550.0
2025-09-10,67.05,70.45,67.05,70.1,16796,EQ,456.0,36.83,12719.0
2025-09-11,70.45,71.15,70.1,70.8,616754,EQ,504.0,1223.72,602889.0
2025-09-12,72.6,72.6,70.2,70.4,8368,EQ,363.0,23.05,5255.0
2025-09-15,70.4,71.1,70.25,70.8,10724,EQ,386.0,27.78,6261.0
2025-09-16,72.6,72.6,70.3,71.15,8325,EQ,280.0,29.73,5796.0
2025-09-17,71.25,73.25,71.0,73.2,191934,EQ,1312.0,146.29,158370.0
2025-09-18,71.4,73.7,71.4,72.9,29750,EQ,699.0,42.56,14877.0
2025-09-19,73.2,74.3,72.9,74.05,315121,EQ,1250.0,252.1,280467.0
2025-09-22,74.1,74.65,73.55,73.8,119650,EQ,712.0,168.05,108045.0
2025-09-23,73.8,74.8,73.05,74.4,25608,EQ,1049.0,24.41,11509.0
2025-09-24,74.4,75.75,74.0,74.2,296230,EQ,1168.0,253.62,278303.0
2025-09-25,74.3,74.85,73.85,74.0,16352,EQ,427.0,38.3,8596.0
2025-09-26,74.0,74.3,72.4,72.75,21583,EQ,634.0,34.04,10410.0
2025-09-29,73.5,74.5,72.75,73.8,19059,EQ,475.0,40.12,9351.0
2025-09-30,75.65,76.9,73.1,75.05,29929,EQ,1086.0,27.56,12172.0
2025-10-01,75.2,75.9,74.2,74.85,21295,EQ,683.0,31.18,10813.0
2025-10-03,76.7,76.7,75.05,75.8,12992,EQ,780.0,16.66,7109.0
2025-10-06,75.2,76.5,75.2,76.05,12496,EQ,575.0,21.73,7911.0
2025-10-07,76.5,76.5,75.5,75.7,10416,EQ,562.0,18.53,6804.0
2025-10-08,75.7,76.25,74.6,75.0,11146,EQ,475.0,23.47,6151.0
2025-10-09,75.0,75.9,75.0,75.45,11667,EQ,392.0,29.76,8896.0
2025-10-10,75.8,77.35,75.45,77.05,92517,EQ,4592.0,20.15,66459.0
2025-10-13,77.7,77.7,76.35,77.1,18942,EQ,675.0,28.06,12099.0
2025-10-14,77.9,77.9,75.65,76.0,18203,EQ,615.0,29.6,11754.0
2025-10-15,76.4,77.35,76.0,77.2,64668,EQ,521.0,124.12,57214.0
2025-10-16,77.6,77.7,76.75,76.9,15211,EQ,506.0,30.06,8084.0
2025-10-17,77.2,77.2,75.9,76.15,25932,EQ,558.0,46.47,17323.0
2025-10-20,77.35,79.0,76.8,78.4,49252,EQ,1159.0,42.5,31339.0
2025-10-21,78.8,79.0,78.1,78.7,11674,EQ,415.0,28.13,8939.0
2025-10-23,76.7,79.55,76.7,78.5,48212,EQ,1335.0,36.11,33553.0
2025-10-24,78.5,78.9,77.5,77.9,63061,EQ,1032.0,61.11,57457.0
2025-10-27,78.3,87.0,78.05,80.6,37771,EQ,1085.0,34.81,23443.0
2025-10-28,80.45,82.0,79.55,81.1,213571,EQ,1478.0,144.5,145737.0
2025-10-29,81.55,81.55,80.5,80.95,169139,EQ,1909.0,88.6,160534.0
2025-10-30,81.35,81.35,80.3,80.6,18973,EQ,772.0,24.58,11252.0
2025-10-31,80.6,82.7,80.6,81.85,80063,EQ,1146.0,69.86,65790.0
2025-11-03,82.6,83.6,80.8,83.25,88176,EQ,1624.0,54.3,32016.0
2025-11-04,83.25,83.35,82.45,83.05,169438,EQ,5044.0,33.59,140279.0
2025-11-06,84.0,84.0,82.4,82.6,33689,EQ,2211.0,15.24,20856.0
2025-11-07,82.75,83.7,81.55,83.35,26860,EQ,852.0,31.53,9601.0
2025-11-10,85.85,85.85,82.55,83.3,528452,EQ,1028.0,514.06,493478.0
2025-11-11,83.35,84.0,81.85,82.8,68494,EQ,1850.0,37.02,58259.0
2025-11-12,83.5,83.9,82.8,83.4,22803,EQ,571.0,39.94,14789.0
2025-11-13,83.6,83.9,82.75,83.05,18161,EQ,604.0,30.07,12966.0
2025-11-14,83.05,84.0,83.05,83.9,7315,EQ,420.0,17.42,4834.0
2025-11-17,84.8,85.5,83.9,84.85,23236,EQ,840.0,27.66,13627.0
2025-11-18,85.3,85.3,84.45,84.65,10076,EQ,452.0,22.29,7015.0
2025-11-19,85.1,85.7,84.25,85.6,16343,EQ,442.0,36.98,8981.0
2025-11-20,86.0,86.4,84.5,85.2,24722,EQ,930.0,26.58,13973.0
2025-11-21,84.8,84.9,82.85,83.35,32780,EQ,982.0,33.38,19834.0
2025-11-24,83.4,84.2,83.1,83.45,19582,EQ,478.0,40.97,12527.0
2025-11-25,83.45,84.9,83.45,84.55,9442,EQ,349.0,27.05,6890.0
2025-11-26,84.0,86.35,84.0,85.25,28187,EQ,560.0,50.33,13572.0
2025-11-27,85.5,85.9,84.55,85.05,18867,EQ,454.0,41.56,11820.0
2025-11-28,85.85,85.85,84.8,85.0,8977,EQ,369.0,24.33,5535.0
2025-12-01,84.5,86.05,84.5,85.3,14152,EQ,614.0,23.05,5839.0
2025-12-02,85.7,86.3,84.8,85.05,25229,EQ,615.0,41.02,15708.0
2025-12-03,85.3,85.3,82.1,82.4,87597,EQ,1770.0,49.49,61074.0
2025-12-04,82.8,82.8,82.2,82.6,90325,EQ,632.0,142.92,61131.0
2025-12-05,84.7,84.7,82.3,83.55,25456,EQ,627.0,40.6,10132.0
2025-12-08,82.75,83.9,81.0,81.3,31778,EQ,1148.0,27.68,18262.0
2025-12-09,83.3,83.3,80.5,82.15,21082,EQ,572.0,36.86,11261.0
2025-12-10,81.35,82.9,81.35,81.7,7364,EQ,402.0,18.32,4039.0
2025-12-11,82.9,82.9,81.65,82.1,28066,EQ,331.0,84.79,20804.0
2025-12-12,82.1,82.6,81.75,82.25,7597,EQ,375.0,20.26,4286.0
2025-12-15,82.9,82.9,81.7,82.5,12132,EQ,458.0,26.49,7188.0
2025-12-16,81.7,83.5,81.65,81.85,31793,EQ,355.0,89.56,22283.0
2025-12-17,82.5,83.1,81.7,82.9,17028,EQ,1058.0,16.09,7841.0
2025-12-18,83.3,83.4,82.3,82.9,6941,EQ,210.0,33.05,3291.0
2025-12-19,84.0,84.0,82.75,83.25,5928,EQ,285.0,20.8,3020.0
2025-12-22,84.2,84.2,82.85,83.4,7314,EQ,436.0,16.78,4849.0
2025-12-23,84.2,84.2,82.95,83.2,13214,EQ,261.0,50.63,7963.0
2025-12-24,82.75,83.6,82.75,83.1,7603,EQ,298.0,25.51,4361.0
2025-12-26,82.1,83.7,82.1,82.75,25362,EQ,434.0,58.44,21248.0
2025-12-29,81.9,83.25,81.9,82.55,12867,EQ,422.0,30.49,8014.0
2025-12-30,81.65,84.35,81.65,84.15,449057,EQ,698.0,643.35,425514.0
2025-12-31,85.1,85.8,83.8,85.3,373292,EQ,1511.0,247.05,353674.0
2026-01-01,83.15,85.9,83.15,85.45,17606,EQ,613.0,28.72,7876.0
2026-01-02,86.4,87.45,85.45,86.9,15081,EQ,681.0,22.15,9240.0
2026-01-05,87.35,88.3,86.7,87.3,31137,EQ,843.0,36.94,15763.0
2026-01-06,85.1,89.5,85.1,87.8,25203,EQ,606.0,41.59,11853.0
2026-01-07,88.65,88.65,87.1,87.4,14123,EQ,458.0,30.84,7450.0
2026-01-08,89.6,89.6,85.5,85.65,19479,EQ,722.0,26.98,9946.0
2026-01-09,86.1,87.05,85.4,85.8,24818,EQ,546.0,45.45,15390.0
2026-01-12,85.8,86.4,84.7,86.25,1219915,EQ,896.0,1361.51,1207293.0
2026-01-13,87.4,87.45,86.35,87.2,153131,EQ,2343.0,65.36,130215.0
2026-01-14,85.0,89.15,85.0,89.05,29429,EQ,700.0,42.04,14511.0
2026-01-16,89.35,90.65,89.05,90.0,44949,EQ,944.0,47.62,27859.0
2026-01-19,90.5,90.5,89.25,89.75,20603,EQ,658.0,31.31,9961.0
2026-01-20,90.55,90.7,88.15,88.6,55885,EQ,767.0,72.86,28122.0
2026-01-21,90.85,90.85,86.4,87.45,160462,EQ,733.0,218.91,141075.0
2026-01-22,85.3,90.05,85.3,89.95,116053,EQ,987.0,117.58,80947.0
2026-01-23,90.8,90.8,87.6,87.75,65811,EQ,730.0,90.15,45091.0
2026-01-27,89.95,89.95,87.15,89.25,177868,EQ,863.0,206.1,161209.0
2026-01-28,89.8,91.0,88.9,90.65,43795,EQ,832.0,52.64,11610.0
2026-01-29,91.45,91.45,89.85,90.1,26114,EQ,859.0,30.4,13616.0
2026-01-30,88.65,90.55,88.65,90.0,20631,EQ,625.0,33.01,9382.0
2026-02-01,90.0,90.2,83.8,85.15,76746,EQ,1551.0,49.48,25965.0
2026-02-02,84.9,86.5,83.05,85.8,22113,EQ,845.0,26.17,8766.0
2026-02-03,89.0,90.0,86.85,87.8,42448,EQ,843.0,50.35,26112.0
2026-02-04,87.8,88.9,87.1,88.5,21171,EQ,623.0,33.98,16331.0
2026-02-05,88.75,89.5,88.75,89.2,51343,EQ,1270.0,40.43,39179.0
2026-02-06,89.2,89.2,87.5,88.65,27536,EQ,769.0,35.81,13731.0
2026-02-09,90.05,91.7,90.05,91.5,33431,EQ,1149.0,29.1,20079.0
2026-02-10,91.8,94.5,91.1,91.35,28130,EQ,867.0,32.45,19870.0
2026-02-11,89.05,93.65,89.05,92.5,153983,EQ,1450.0,106.2,135172.0
2026-02-12,92.95,92.95,91.6,92.35,144393,EQ,1387.0,104.1,137264.0
2026-02-13,91.65,92.7,91.0,91.75,20904,EQ,447.0,46.77,12019.0
2026-02-16,90.75,93.2,90.7,93.0,139887,EQ,1103.0,126.82,123177.0
2026-02-17,95.3,101.0,92.5,94.65,531246,EQ,2134.0,248.94,341120.0
2026-02-18,95.75,99.3,95.0,97.5,162476,EQ,2860.0,56.81,138259.0
2026-02-19,97.4,97.4,95.25,95.5,34497,EQ,1528.0,22.58,17644.0
2026-02-20,96.15,96.9,94.85,96.6,159640,EQ,2041.0,78.22,129870.0
2026-02-23,99.0,99.0,96.85,97.8,33404,EQ,1277.0,26.16,13414.0
2026-02-24,97.85,99.5,97.1,98.15,180967,EQ,2231.0,81.11,163673.0
2026-02-25,98.0,98.45,97.0,97.6,24929,EQ,1147.0,21.73,13138.0
2026-02-26,98.4,98.8,95.6,98.55,21359,EQ,868.0,24.61,8632.0
2026-02-27,98.7,98.9,97.6,98.0,25368,EQ,724.0,35.04,14872.0
2026-03-02,96.15,97.25,94.1,96.4,37369,EQ,1564.0,23.89,16830.0
2026-03-04,95.8,95.8,92.0,93.25,42861,EQ,1802.0,23.79,19089.0
2026-03-05,93.75,94.4,92.15,93.85,44898,EQ,955.0,47.01,15023.0
2026-03-06,94.25,94.25,91.75,92.1,20216,EQ,1063.0,19.02,10646.0
2026-03-09,89.8,91.15,85.8,88.05,81019,EQ,2472.0,32.77,34499.0
2026-03-10,89.6,90.1,88.6,89.85,24979,EQ,887.0,28.16,12109.0
2026-03-11,90.85,90.9,88.2,88.5,23061,EQ,914.0,25.23,10527.0
2026-03-12,90.75,90.75,86.2,88.4,28988,EQ,887.0,32.68,11533.0
2026-03-13,88.3,88.3,84.5,85.05,41328,EQ,1462.0,28.27,21534.0
2026-03-16,85.05,86.0,83.3,85.3,25511,EQ,1185.0,21.53,12128.0
2026-03-17,85.7,87.3,84.5,85.9,24613,EQ,850.0,28.96,10867.0
2026-03-18,86.85,87.0,86.0,86.65,85212,EQ,1094.0,77.89,68457.0
2026-03-19,88.85,88.85,84.0,84.4,27075,EQ,1287.0,21.04,10945.0
2026-03-20,85.05,87.0,84.55,85.6,52729,EQ,1230.0,42.87,18277.0
2026-03-23,85.15,85.15,81.8,82.6,48391,EQ,1591.0,30.42,25019.0
2026-03-24,85.05,86.0,82.75,83.5,54928,EQ,1025.0,53.59,17833.0
2026-03-25,84.8,86.4,84.55,85.7,37406,EQ,810.0,46.18,23054.0
2026-03-27,84.05,85.65,82.15,82.7,136509,EQ,1219.0,111.98,92390.0
2026-03-30,82.5,82.5,78.3,78.85,63258,EQ,1964.0,32.21,30722.0
2026-04-01,81.05,82.3,80.15,81.65,57853,EQ,1422.0,40.68,7765.0
2026-04-02,81.65,81.9,78.3,81.35,314787,EQ,1788.0,176.06,256607.0
2026-04-06,83.75,83.75,80.55,83.05,38816,EQ,1065.0,36.45,15273.0
2026-04-07,85.15,85.15,81.5,82.6,96943,EQ,942.0,102.91,57631.0
2026-04-08,85.15,87.4,85.15,87.1,67519,EQ,1512.0,44.66,22913.0
2026-04-09,89.25,89.25,85.7,86.0,64448,EQ,1083.0,59.51,42078.0
2026-04-10,86.5,87.6,86.5,87.45,50648,EQ,1127.0,44.94,26292.0
2026-04-13,85.5,87.2,84.4,87.05,83769,EQ,1072.0,78.14,20686.0
2026-04-15,88.1,89.25,87.5,88.1,27748,EQ,825.0,33.63,15423.0
2026-04-16,89.5,89.5,86.6,87.65,23702,EQ,634.0,37.38,10256.0
2026-04-17,87.2,88.45,87.2,88.25,23719,EQ,605.0,39.2,10229.0
2026-04-20,88.9,90.0,87.8,89.05,25734,EQ,810.0,31.77,15892.0
2026-04-21,89.4,90.2,89.4,90.0,14692,EQ,678.0,21.67,8058.0
2026-04-22,89.6,90.85,89.6,90.15,204676,EQ,1608.0,127.29,119193.0
2026-04-23,88.45,89.8,87.4,88.15,30199,EQ,783.0,38.57,20342.0
2026-04-24,88.55,88.55,87.0,87.65,13692,EQ,612.0,22.37,7381.0
2026-04-27,87.75,89.0,87.75,88.65,215126,EQ,575.0,374.13,202266.0
2026-04-28,87.55,87.6,86.2,86.3,174901,EQ,1213.0,144.19,145454.0
2026-04-29,87.1,87.45,85.7,86.15,16686,EQ,543.0,30.73,8939.0
2026-04-30,85.3,86.15,84.1,84.8,29830,EQ,960.0,31.07,15227.0
2026-05-04,85.3,86.3,84.3,84.55,12454,EQ,742.0,16.78,6614.0
2026-05-05,84.0,84.45,83.35,83.95,52771,EQ,1345.0,39.23,43967.0
2026-05-06,84.65,86.75,84.4,86.5,24226,EQ,973.0,24.9,12399.0
2026-05-07,86.55,87.7,85.8,86.25,44919,EQ,904.0,49.69,33532.0
2026-05-08,86.2,86.4,83.05,83.7,46901,EQ,1250.0,37.52,33828.0
2026-05-11,82.4,83.7,81.0,81.15,251655,EQ,2869.0,87.72,219553.0
2026-05-12,81.3,81.9,80.25,80.6,20219,EQ,839.0,24.1,10046.0
2026-05-13,82.6,82.6,79.5,80.4,27249,EQ,873.0,31.21,12163.0
2026-05-14,82.4,82.4,80.05,81.3,21484,EQ,743.0,28.92,10707.0
2026-05-15,81.8,81.8,80.5,80.8,23024,EQ,664.0,34.67,10125.0
2026-05-18,78.95,80.5,78.35,78.85,63434,EQ,1440.0,44.05,44184.0
2026-05-19,80.8,80.8,79.2,79.45,117215,EQ,1181.0,99.25,75872.0
2026-05-20,79.4,80.2,78.45,80.05,94319,EQ,824.0,114.46,12154.0
2026-05-21,80.45,80.8,80.0,80.3,35386,EQ,558.0,63.42,18936.0
2026-05-22,80.3,80.7,80.05,80.45,7435,EQ,588.0,12.64,4143.0
2026-05-25,81.2,83.0,80.75,82.55,24333,EQ,869.0,28.0,14167.0
2026-05-26,82.55,83.3,82.0,82.4,19815,EQ,688.0,28.8,12511.0
2026-05-27,82.95,82.95,81.95,82.6,8965,EQ,356.0,25.18,4331.0
2026-05-29,84.65,84.65,81.55,82.0,12989,EQ,577.0,22.51,4572.0
2026-06-01,82.8,82.8,80.1,80.6,33205,EQ,908.0,36.57,23569.0
2026-06-02,80.1,81.0,79.4,80.7,17459,EQ,733.0,23.82,5749.0
2026-06-03,78.7,82.5,78.7,81.95,53749,EQ,942.0,57.06,31911.0
2026-06-04,81.9,92.9,81.6,82.5,122914,EQ,1735.0,70.84,92206.0
2026-06-05,84.55,84.55,81.85,82.9,62858,EQ,886.0,70.95,25192.0
2026-06-08,82.45,83.7,81.5,82.25,33703,EQ,678.0,49.71,15487.0
2026-06-09,83.0,86.0,82.75,85.35,332670,EQ,2735.0,121.63,310039.0
2026-06-10,87.5,87.5,83.8,84.0,179907,EQ,2432.0,73.97,161875.0
2026-06-11,83.2,83.8,81.9,82.95,18839,EQ,677.0,27.83,13573.0
2026-06-12,83.85,85.4,83.85,85.3,24693,EQ,864.0,28.58,17220.0
2026-06-15,86.25,87.55,85.85,86.0,19262,EQ,943.0,20.43,13048.0
2026-06-16,86.05,86.6,85.3,85.7,9393,EQ,533.0,17.62,3279.0
2026-06-17,85.7,87.6,85.6,87.45,86055,EQ,1585.0,54.29,68554.0
2026-06-18,87.6,88.5,87.2,88.1,100527,EQ,2823.0,35.61,89976.0
2026-06-19,89.05,89.05,87.0,87.3,16171,EQ,525.0,30.8,7331.0
2026-06-22,88.3,88.3,87.15,87.65,8104,EQ,414.0,19.57,3424.0
2026-06-23,88.6,88.6,85.6,86.25,105107,EQ,1348.0,77.97,84929.0
2026-06-24,88.4,88.4,85.6,86.35,8201,EQ,446.0,18.39,4031.0
2026-06-25,86.55,87.1,86.3,86.35,68669,EQ,433.0,158.59,63737.0
2026-06-29,86.05,86.85,85.1,85.6,484889,EQ,905.0,535.79,451359.0
2026-06-30,87.7,87.7,84.95,85.25,9238,EQ,344.0,26.85,6111.0
2026-07-01,85.95,86.0,85.0,85.75,26994,EQ,534.0,50.55,22327.0
2026-07-02,85.8,86.5,84.7,85.5,22035,EQ,572.0,38.52,16466.0
2026-07-03,85.5,85.5,83.9,84.4,49062,EQ,1175.0,41.75,17795.0
2026-07-06,84.85,85.15,83.25,83.5,198466,EQ,1097.0,180.92,189637.0
2026-07-07,83.5,84.0,83.15,83.3,10987,EQ,507.0,21.67,5719.0
2026-07-08,83.9,83.9,80.55,81.05,39761,EQ,1256.0,31.66,18506.0
2026-07-09,82.05,82.7,81.0,82.3,11493,EQ,573.0,20.06,4565.0
2026-07-10,83.97,94.4,82.75,85.31,236512,EQ,1159.0,204.07,160427.0
2026-07-13,83.17,85.48,83.17,84.65,373393,EQ,870,429.19,239014
2026-07-14,86.76,86.76,82.66,83.36,458651,EQ,709,646.9,400737
2026-07-15,83.99,84.62,83.26,83.9,1791241,EQ,1597,1121.63,1355633
2026-07-16,84.28,84.3,83.26,83.8,1253733,EQ,433,2895.46,1190130
2026-07-17,81.7,84.21,81.7,84.14,79673,EQ,362,220.09,39301
2026-07-20,82.2,86.66,82.2,86.47,2223997,EQ,1387,1603.46,1877566
2026-07-21,86.6,87.22,85.46,85.84,2017365,EQ,2282,884.03,1689051
2026-07-22,86.58,86.58,83.7,84.1,191344,EQ,733,261.04,107750
2026-07-23,84.0,84.09,82.92,83.0,264664,EQ,1245,212.58,142754
2026-07-24,83.33,83.95,82.26,83.49,271305,EQ,638,425.24,206436
2026-07-27,85.57,85.57,83.6,83.93,116885,EQ,496,235.66,46580
2026-07-28,83.42,84.9,82.8,83.18,308371,EQ,625,493.39,236071
2026-07-29,83.8,83.8,83.11,83.24,180721,EQ,498,362.89,112585
2026-07-30,82.65,83.57,82.65,83.31,259939,EQ,373,696.89,216962
2026-07-31,83.4,84.07,83.11,83.65,36886,EQ,344,107.23,18003
2026-08-03,83.95,85.5,83.33,84.54,448463,EQ,1187,377.81,271219
2026-08-04,84.59,85.25,82.93,84.29,110165,EQ,507,217.29,29403
2026-08-05,85.57,86.0,84.8,85.29,174750,EQ,607,287.89,64411
2026-08-06,85.53,87.32,85.4,86.96,320894,EQ,693,463.05,188473
2026-08-07,87.4,88.76,86.91,87.44,197035,EQ,838,235.13,80195
