Date,Open,High,Low,Close,Volume,Series,TOTAL_TRADES,QTY_PER_TRADE,DLV_QTY
2011-09-08,26.0,31.0,24.2,27.5,15150467,EQ,,,
2011-09-09,27.4,31.35,27.4,30.65,4861201,EQ,,,
2011-09-12,30.6,31.2,29.8,30.45,2280298,EQ,,,
2011-09-13,31.0,31.0,29.85,30.2,1183545,EQ,,,
2011-09-14,30.3,32.15,29.8,31.35,1882233,EQ,,,
2011-09-15,31.3,31.85,30.05,30.6,943134,EQ,,,
2011-09-16,30.5,30.7,28.6,29.05,516671,EQ,,,
2011-09-19,29.0,29.9,28.0,28.7,774605,EQ,,,
2011-09-20,28.8,29.5,28.5,28.8,243036,EQ,,,
2011-09-21,28.9,29.1,27.5,28.0,235214,EQ,,,
2011-09-22,27.6,27.8,26.2,26.5,279982,EQ,,,
2011-09-23,26.0,28.0,25.7,27.0,370908,EQ,,,
2011-09-26,27.1,27.5,26.2,26.8,105650,EQ,,,
2011-09-27,27.25,27.7,26.7,26.9,79267,EQ,,,
2011-09-28,27.2,27.2,25.7,26.1,42766,EQ,,,
2011-09-29,26.1,26.25,23.25,25.7,72755,EQ,,,
2011-09-30,25.7,26.4,25.0,25.7,50774,EQ,,,
2011-10-03,25.15,25.5,24.6,25.2,41062,EQ,,,
2011-10-04,25.1,25.8,25.0,25.5,38430,EQ,,,
2011-10-05,25.55,26.0,25.3,25.45,31508,EQ,,,
2011-10-07,25.7,26.3,25.4,26.0,31912,EQ,,,
2011-10-10,25.7,25.95,25.4,25.6,17140,EQ,,,
2011-10-11,25.4,25.8,25.4,25.6,6876,EQ,,,
2011-10-12,25.55,25.85,25.55,25.7,7377,EQ,,,
2011-10-13,25.5,25.7,25.3,25.6,5603,EQ,,,
2011-10-14,25.4,25.7,25.25,25.5,11917,EQ,,,
2011-10-17,25.4,25.7,25.4,25.65,6147,EQ,,,
2011-10-18,25.65,25.8,25.4,25.6,10011,EQ,,,
2011-10-19,25.4,27.0,25.4,25.9,19797,EQ,,,
2011-10-20,26.0,26.0,25.5,25.5,4306,EQ,,,
2011-10-21,25.5,25.7,25.5,25.5,9710,EQ,,,
2011-10-24,25.7,26.2,25.5,25.55,22649,EQ,,,
2011-10-25,25.75,25.75,25.5,25.5,4582,EQ,,,
2011-10-26,25.75,25.75,25.0,25.35,742,EQ,,,
2011-10-28,26.5,26.5,25.5,25.75,1197,EQ,,,
2011-10-31,25.75,25.75,25.4,25.5,4085,EQ,,,
2011-11-01,25.5,27.0,25.25,25.55,8475,EQ,,,
2011-11-02,25.2,25.5,24.7,25.25,4843,EQ,,,
2011-11-03,26.0,26.1,25.2,25.25,9572,EQ,,,
2011-11-04,25.5,25.7,25.2,25.25,2335,EQ,,,
2011-11-08,25.2,25.55,25.15,25.35,12514,EQ,,,
2011-11-09,25.4,25.75,25.2,25.5,6762,EQ,,,
2011-11-11,25.4,25.5,25.2,25.5,9649,EQ,,,
2011-11-14,25.4,30.0,25.4,27.0,786783,EQ,,,
2011-11-15,27.1,28.5,26.45,26.9,261087,EQ,,,
2011-11-16,27.0,27.6,25.9,26.0,37225,EQ,,,
2011-11-17,26.5,27.4,25.2,25.3,56472,EQ,,,
2011-11-18,25.7,25.7,24.6,24.85,20335,EQ,,,
2011-11-21,24.4,25.3,24.3,24.7,17468,EQ,,,
2011-11-22,24.4,25.1,22.5,23.7,23485,EQ,,,
2011-11-23,23.1,24.0,22.8,23.75,31784,EQ,,,
2011-11-24,23.35,23.8,23.1,23.35,1180,EQ,,,
2011-11-25,23.05,23.4,22.65,22.9,5708,EQ,,,
2011-11-28,22.2,23.5,22.2,23.1,8288,EQ,,,
2011-11-29,22.8,23.1,22.0,22.5,678,EQ,,,
2011-11-30,22.2,22.35,21.8,21.9,7422,EQ,,,
2011-12-01,23.15,23.15,21.3,21.6,3168,EQ,,,
2011-12-02,21.6,22.0,21.0,21.5,21880,EQ,,,
2011-12-05,21.8,25.4,21.2,24.3,200848,EQ,,,
2011-12-07,24.3,26.0,23.9,25.2,187244,EQ,,,
2011-12-08,25.0,25.0,23.5,23.95,13133,EQ,,,
2011-12-09,23.6,25.9,23.05,24.2,76845,EQ,,,
2011-12-12,25.25,25.25,23.0,23.35,4200,EQ,,,
2011-12-13,22.6,24.0,21.5,23.25,43946,EQ,,,
2011-12-14,22.3,24.2,22.3,23.25,16120,EQ,,,
2011-12-15,22.7,23.55,21.85,23.15,9176,EQ,,,
2011-12-16,22.8,24.2,22.8,23.55,14438,EQ,,,
2011-12-19,22.8,23.8,22.8,23.3,8456,EQ,,,
2011-12-20,27.9,27.9,23.1,23.4,2423,EQ,,,
2011-12-21,23.3,23.55,22.4,22.95,11846,EQ,,,
2011-12-22,22.7,23.7,22.7,23.5,2133,EQ,,,
2011-12-23,23.3,23.55,23.0,23.3,5334,EQ,,,
2011-12-26,23.5,24.3,23.5,23.9,3183,EQ,,,
2011-12-27,24.6,24.6,23.5,23.6,2540,EQ,,,
2011-12-28,20.2,23.8,20.2,23.4,2278,EQ,,,
2011-12-29,22.8,23.65,22.8,23.1,578,EQ,,,
2011-12-30,22.7,23.0,22.1,22.2,2276,EQ,,,
2012-01-02,21.7,22.9,21.7,21.8,312,EQ,,,
2012-01-03,21.8,22.7,21.8,22.4,4127,EQ,,,
2012-01-04,22.1,22.25,21.9,22.2,1423,EQ,,,
2012-01-05,23.0,23.0,22.25,22.75,6346,EQ,,,
2012-01-06,22.3,22.5,22.05,22.3,329,EQ,,,
2012-01-07,22.0,22.7,21.8,21.9,1136,EQ,,,
2012-01-09,22.2,24.0,22.2,23.45,3095,EQ,,,
2012-01-10,22.6,23.8,22.6,23.6,1388,EQ,,,
2012-01-11,23.4,23.6,23.0,23.2,731,EQ,,,
2012-01-12,22.9,23.2,22.5,22.85,4623,EQ,,,
2012-01-13,23.5,24.0,22.7,22.7,333,EQ,,,
2012-01-16,22.2,24.1,22.2,23.95,1279,EQ,,,
2012-01-17,23.5,23.75,23.1,23.5,3528,EQ,,,
2012-01-18,22.85,23.7,22.85,23.05,820,EQ,,,
2012-01-19,22.6,23.3,22.6,23.05,681,EQ,,,
2012-01-20,22.8,23.75,22.8,23.5,3232,EQ,,,
2012-01-23,24.4,24.4,23.0,23.3,502,EQ,,,
2012-01-24,23.5,23.6,23.35,23.55,1147,EQ,,,
2012-01-25,22.7,23.8,20.1,23.25,422,EQ,,,
2012-01-27,23.1,23.3,23.1,23.3,2311,EQ,,,
2012-01-30,23.1,24.5,23.0,24.05,1410,EQ,,,
2012-01-31,23.2,25.4,22.3,24.4,3390,EQ,,,
2012-02-01,24.05,24.75,23.5,23.85,983,EQ,,,
2012-02-02,23.8,24.05,23.5,23.6,400,EQ,,,
2012-02-03,23.6,25.5,23.2,25.05,9414,EQ,,,
2012-02-06,25.2,26.65,24.6,26.1,4650,EQ,,,
2012-02-07,26.0,26.75,25.6,26.25,7938,EQ,,,
2012-02-08,26.3,26.3,25.7,26.25,702,EQ,,,
2012-02-09,26.0,26.0,25.4,25.8,1377,EQ,,,
2012-02-10,24.8,25.7,23.5,25.1,6952,EQ,,,
2012-02-13,24.1,25.6,23.1,24.25,1330,EQ,,,
2012-02-14,24.5,25.8,23.6,25.45,579,EQ,,,
2012-02-15,24.5,26.5,24.5,24.8,3537,EQ,,,
2012-02-16,24.6,25.75,24.1,25.55,4689,EQ,,,
2012-02-17,25.8,25.9,24.8,25.05,417,EQ,,,
2012-02-21,26.0,27.4,25.4,26.9,8752,EQ,,,
2012-02-22,27.05,27.3,26.0,26.4,1226,EQ,,,
2012-02-23,26.1,26.2,25.4,26.0,4193,EQ,,,
2012-02-24,25.7,27.0,25.7,26.4,766,EQ,,,
2012-02-27,25.3,26.1,24.5,25.2,220,EQ,,,
2012-02-28,25.5,26.5,24.9,26.2,1634,EQ,,,
2012-02-29,25.3,26.9,25.1,25.6,1897,EQ,,,
2012-03-01,25.0,25.9,25.0,25.5,472,EQ,,,
2012-03-02,25.8,26.0,25.1,25.1,799,EQ,,,
2012-03-05,25.4,25.8,25.35,25.35,45,EQ,,,
2012-03-06,25.35,25.35,24.5,25.0,10816,EQ,,,
2012-03-07,24.2,26.45,24.0,24.4,22251,EQ,,,
2012-03-09,24.7,26.3,24.4,24.5,293,EQ,,,
2012-03-12,25.0,25.75,24.2,25.0,601,EQ,,,
2012-03-13,25.0,25.5,24.4,25.0,11646,EQ,,,
2012-03-14,25.9,25.9,24.7,24.7,60,EQ,,,
2012-03-15,24.5,25.3,24.5,25.2,832,EQ,,,
2012-03-16,25.5,25.6,23.8,24.2,8424,EQ,,,
2012-03-19,24.0,24.0,23.2,23.6,523,EQ,,,
2012-03-20,23.3,25.0,23.3,23.75,27336,EQ,,,
2012-03-21,23.1,24.8,23.1,24.2,397,EQ,,,
2012-03-22,24.1,24.2,23.7,23.7,419,EQ,,,
2012-03-23,23.8,23.8,23.7,23.75,151,EQ,,,
2012-03-26,24.1,25.5,24.1,25.1,6162,EQ,,,
2012-03-27,24.6,26.2,24.6,25.9,4970,EQ,,,
2012-03-28,29.3,29.3,26.0,26.4,17840,EQ,,,
2012-03-29,26.5,26.5,25.15,25.7,155,EQ,,,
2012-03-30,25.2,26.35,24.0,24.45,1833,EQ,,,
2012-04-02,24.5,25.5,24.5,25.25,1816,EQ,,,
2012-04-03,25.15,26.55,25.15,26.4,1169,EQ,,,
2012-04-04,27.95,27.95,26.0,26.75,3291,EQ,,,
2012-04-09,25.8,30.95,25.75,29.2,167281,EQ,,,
2012-04-10,29.8,30.75,29.3,30.0,121706,EQ,,,
2012-04-11,29.6,30.0,28.75,29.4,35829,EQ,,,
2012-04-12,29.25,29.5,28.8,29.4,29623,EQ,,,
2012-04-13,29.05,32.5,29.05,30.75,117797,EQ,,,
2012-04-16,30.4,33.2,30.4,32.6,41578,EQ,,,
2012-04-17,32.8,34.15,32.2,32.8,35086,EQ,,,
2012-04-18,33.1,33.45,31.1,31.3,9634,EQ,,,
2012-04-19,31.4,32.7,31.1,31.25,15777,EQ,,,
2012-04-20,33.0,33.0,31.0,31.3,3403,EQ,,,
2012-04-23,31.15,31.85,29.8,30.5,5418,EQ,,,
2012-04-24,30.4,30.7,29.9,30.05,3662,EQ,,,
2012-04-25,29.7,31.0,29.55,29.75,33929,EQ,,,
2012-04-26,29.8,30.65,29.5,29.9,9734,EQ,,,
2012-04-27,30.3,30.75,29.8,30.1,2780,EQ,,,
2012-04-28,31.0,31.0,29.3,29.75,663,EQ,,,
2012-04-30,30.4,30.4,29.5,29.8,1167,EQ,,,
2012-05-02,30.2,30.2,29.1,29.6,3721,EQ,,,
2012-05-03,30.0,30.0,29.5,29.6,8512,EQ,,,
2012-05-04,29.55,29.55,29.5,29.5,8044,EQ,,,
2012-05-07,29.6,29.8,29.4,29.6,7756,EQ,,,
2012-05-08,29.4,32.45,29.4,30.7,4068,EQ,,,
2012-05-09,29.7,32.0,29.7,31.15,3103,EQ,,,
2012-05-10,30.6,31.0,29.9,30.0,2536,EQ,,,
2012-05-11,29.8,31.0,29.5,29.5,2882,EQ,,,
2012-05-14,29.8,30.7,29.8,30.1,7127,EQ,,,
2012-05-15,30.0,31.0,30.0,30.0,3968,EQ,,,
2012-05-16,30.0,32.0,29.65,30.9,4096,EQ,,,
2012-05-17,31.0,31.0,29.5,29.5,329,EQ,,,
2012-05-18,29.8,29.85,29.5,29.5,7787,EQ,,,
2012-05-21,30.4,30.8,29.8,29.8,91,EQ,,,
2012-05-22,30.5,30.5,29.8,30.0,123,EQ,,,
2012-05-23,29.5,29.5,29.5,29.5,1004,EQ,,,
2012-05-24,29.5,31.5,29.3,30.45,29698,EQ,,,
2012-05-25,29.6,30.45,29.0,29.4,1661,EQ,,,
2012-05-28,31.0,31.0,29.0,29.3,844,EQ,,,
2012-05-29,29.05,30.45,29.0,30.2,2310,EQ,,,
2012-05-30,29.6,31.3,29.4,29.85,3411,EQ,,,
2012-05-31,29.6,31.2,29.2,30.2,2894,EQ,,,
2012-06-01,29.9,30.5,29.6,29.7,2633,EQ,,,
2012-06-04,30.0,30.4,29.15,29.35,636,EQ,,,
2012-06-05,28.9,30.6,28.9,29.25,136,EQ,,,
2012-06-06,29.15,29.9,29.15,29.55,2509,EQ,,,
2012-06-07,29.6,30.2,29.5,29.5,208,EQ,,,
2012-06-08,29.5,30.5,29.15,29.45,98,EQ,,,
2012-06-11,29.5,30.4,29.5,29.5,2640,EQ,,,
2012-06-12,29.5,30.1,29.5,29.5,1816,EQ,,,
2012-06-13,29.5,29.75,29.5,29.5,693,EQ,,,
2012-06-14,29.5,30.6,29.5,29.9,443,EQ,,,
2012-06-15,29.6,29.9,29.5,29.5,1592,EQ,,,
2012-06-18,29.5,30.0,29.5,29.8,352,EQ,,,
2012-06-19,29.55,30.0,29.5,29.65,74405,EQ,,,
2012-06-20,29.5,29.9,29.5,29.5,5383,EQ,,,
2012-06-21,29.5,29.6,29.5,29.6,1140,EQ,,,
2012-06-22,29.9,30.0,29.9,30.0,303,EQ,,,
2012-06-25,30.0,30.0,29.5,29.7,2064,EQ,,,
2012-06-26,30.0,30.0,30.0,30.0,2,EQ,,,
2012-06-28,30.0,30.0,30.0,30.0,4,EQ,,,
2012-06-29,30.0,30.0,29.5,29.55,305,EQ,,,
2012-07-02,30.2,30.2,30.0,30.0,60,EQ,,,
2012-07-03,29.5,29.5,29.05,29.3,40,EQ,,,
2012-07-04,29.6,30.0,29.6,29.7,51,EQ,,,
2012-07-05,29.6,29.6,27.5,29.35,19506,EQ,,,
2012-07-06,29.1,29.1,28.0,29.0,520,EQ,,,
2012-07-09,29.3,29.7,29.0,29.5,1011,EQ,,,
2012-07-10,30.0,30.0,29.25,29.3,4961,EQ,,,
2012-07-11,30.0,30.0,29.6,29.9,19,EQ,,,
2012-07-12,29.9,29.9,29.25,29.7,21,EQ,,,
2012-07-13,29.4,29.4,29.0,29.4,409,EQ,,,
2012-07-16,29.7,29.75,29.1,29.1,42,EQ,,,
2012-07-17,28.8,29.0,28.6,29.0,923,EQ,,,
2012-07-19,28.0,30.0,28.0,29.25,324,EQ,,,
2012-07-20,28.9,28.9,28.9,28.9,1,EQ,,,
2012-07-23,28.9,29.2,28.9,29.2,383,EQ,,,
2012-07-24,29.5,29.5,28.0,28.2,75,EQ,,,
2012-07-25,28.2,29.4,28.2,29.4,113,EQ,,,
2012-07-26,28.1,29.7,27.6,29.3,2570,EQ,,,
2012-07-27,29.9,30.0,29.0,29.3,164,EQ,,,
2012-07-30,28.0,29.6,28.0,28.2,124,EQ,,,
2012-07-31,28.5,29.5,28.5,29.0,13,EQ,,,
2012-08-01,29.0,29.0,28.25,28.35,271,EQ,,,
2012-08-02,28.5,28.9,28.3,28.9,9,EQ,,,
2012-08-03,29.2,29.35,27.9,28.1,196,EQ,,,
2012-08-06,28.0,29.4,26.6,27.5,372,EQ,,,
2012-08-07,27.8,28.6,27.8,28.5,95,EQ,,,
2012-08-08,29.1,29.1,28.8,29.1,205,EQ,,,
2012-08-09,28.8,29.1,27.6,27.7,77,EQ,,,
2012-08-10,27.4,28.7,27.1,28.0,3247,EQ,,,
2012-08-13,28.3,29.0,27.4,27.7,139,EQ,,,
2012-08-14,27.0,28.3,27.0,27.65,101,EQ,,,
2012-08-16,28.0,28.1,27.25,27.3,3552,EQ,,,
2012-08-17,27.3,28.35,27.3,27.7,160,EQ,,,
2012-08-22,27.4,27.9,27.1,27.9,48,EQ,,,
2012-08-23,27.6,28.25,27.2,27.45,430,EQ,,,
2012-08-27,26.8,27.7,26.8,27.3,205,EQ,,,
2012-08-28,27.6,29.0,26.3,27.0,6160,EQ,,,
2012-08-29,25.2,26.85,25.2,26.1,429,EQ,,,
2012-08-30,26.8,27.5,26.7,27.35,326,EQ,,,
2012-08-31,27.05,28.0,27.05,27.4,217,EQ,,,
2012-09-03,27.2,28.0,26.8,26.85,506,EQ,,,
2012-09-04,27.2,28.0,27.2,28.0,71,EQ,,,
2012-09-05,28.0,28.0,27.0,27.0,151,EQ,,,
2012-09-06,27.5,27.5,26.9,26.9,425,EQ,,,
2012-09-07,28.0,28.0,23.9,25.5,6488,EQ,,,
2012-09-10,26.5,26.5,24.15,25.2,972,EQ,,,
2012-09-11,23.2,25.4,23.2,24.4,645,EQ,,,
2012-09-12,24.7,25.2,24.4,24.5,699,EQ,,,
2012-09-13,24.8,25.15,24.45,24.9,1252,EQ,,,
2012-09-14,24.5,25.05,24.2,25.05,370,EQ,,,
2012-09-17,24.7,24.9,24.3,24.9,50,EQ,,,
2012-09-18,24.65,25.2,24.65,25.2,540,EQ,,,
2012-09-20,24.5,25.3,24.45,24.5,270,EQ,,,
2012-09-21,25.2,25.8,24.75,24.75,608,EQ,,,
2012-09-24,24.95,25.8,24.8,25.55,948,EQ,,,
2012-09-25,26.0,26.0,25.0,25.6,1061,EQ,,,
2012-09-26,30.0,30.0,23.2,26.0,3408,EQ,,,
2012-09-27,25.85,26.4,25.8,26.3,1684,EQ,,,
2012-09-28,26.2,28.4,26.2,27.25,2779,EQ,,,
2012-10-01,27.5,27.8,27.0,27.1,650,EQ,,,
2012-10-03,27.0,27.55,26.6,27.4,263,EQ,,,
2012-10-04,27.1,27.4,26.5,26.9,339,EQ,,,
2012-10-05,25.1,27.5,25.1,26.7,118,EQ,,,
2012-10-08,27.5,27.5,26.1,26.2,1155,EQ,,,
2012-10-09,26.5,26.5,26.0,26.3,1775,EQ,,,
2012-10-10,26.7,26.9,26.2,26.2,568,EQ,,,
2012-10-11,26.45,26.5,26.0,26.1,811,EQ,,,
2012-10-12,24.55,26.0,24.55,26.0,595,EQ,,,
2012-10-15,26.0,26.2,24.8,26.0,2195,EQ,,,
2012-10-16,26.0,26.2,25.5,25.7,270,EQ,,,
2012-10-17,25.9,26.0,25.4,25.4,91,EQ,,,
2012-10-18,25.7,26.0,25.5,25.5,165,EQ,,,
2012-10-19,25.6,26.0,25.5,26.0,244,EQ,,,
2012-10-22,25.7,25.7,25.4,25.4,27,EQ,,,
2012-10-23,26.5,27.0,25.4,25.55,1083,EQ,,,
2012-10-25,25.6,25.6,25.35,25.5,2242,EQ,,,
2012-10-26,25.4,25.75,25.0,25.2,598,EQ,,,
2012-10-29,25.3,25.3,24.8,25.0,1546,EQ,,,
2012-10-30,25.0,25.0,24.1,24.4,349,EQ,,,
2012-10-31,24.7,24.8,23.9,24.3,27620,EQ,,,
2012-11-01,24.6,24.9,23.5,23.8,95814,EQ,,,
2012-11-02,23.8,24.0,20.4,22.75,6262,EQ,,,
2012-11-05,23.0,24.75,23.0,23.85,1935,EQ,,,
2012-11-06,23.5,23.8,22.95,22.95,4353,EQ,,,
2012-11-07,23.5,23.5,22.5,22.65,1767,EQ,,,
2012-11-08,22.65,23.0,22.6,22.9,2378,EQ,,,
2012-11-09,22.7,23.0,22.3,22.45,1227,EQ,,,
2012-11-12,22.5,22.8,21.4,22.0,7136,EQ,,,
2012-11-13,23.4,23.4,22.0,22.5,201,EQ,,,
2012-11-15,22.1,22.1,21.9,21.9,1034,EQ,,,
2012-11-16,22.0,22.0,21.9,21.9,335,EQ,,,
2012-11-19,21.9,21.9,21.8,21.8,5010,EQ,,,
2012-11-20,21.6,21.9,21.1,21.3,7079,EQ,,,
2012-11-21,21.8,21.8,21.0,21.2,1041,EQ,,,
2012-11-22,21.5,22.0,21.5,22.0,815,EQ,,,
2012-11-23,22.0,23.3,22.0,23.0,636,EQ,,,
2012-11-26,22.8,23.0,22.7,22.7,360,EQ,,,
2012-11-27,23.5,23.5,22.1,23.3,1383,EQ,,,
2012-11-29,22.85,23.0,22.2,22.3,2295,EQ,,,
2012-11-30,22.5,23.1,22.25,22.25,557,EQ,,,
2012-12-03,22.7,23.5,22.5,23.0,6130,EQ,,,
2012-12-04,22.5,25.25,22.0,24.8,413088,EQ,,,
2012-12-05,24.8,25.0,23.7,24.0,4601,EQ,,,
2012-12-06,24.0,24.4,23.6,23.95,951,EQ,,,
2012-12-07,24.0,24.0,23.35,24.0,145,EQ,,,
2012-12-10,27.0,27.0,23.55,23.8,904,EQ,,,
2012-12-11,25.65,25.65,23.8,23.9,1142,EQ,,,
2012-12-12,24.3,24.3,23.0,23.7,631,EQ,,,
2012-12-13,23.4,24.0,23.05,23.5,2243,EQ,,,
2012-12-14,23.45,25.5,23.0,23.3,3396,EQ,,,
2012-12-17,23.35,23.7,23.0,23.65,1567,EQ,,,
2012-12-18,23.4,23.4,22.95,23.0,720,EQ,,,
2012-12-19,23.0,23.6,23.0,23.5,890,EQ,,,
2012-12-20,23.15,23.35,22.8,22.9,1772,EQ,,,
2012-12-21,21.7,23.3,21.7,22.75,1030,EQ,,,
2012-12-24,23.0,23.0,22.5,23.0,3950,EQ,,,
2012-12-26,23.9,23.9,22.5,22.5,1498,EQ,,,
2012-12-27,22.5,22.9,22.4,22.7,398,EQ,,,
2012-12-28,22.5,22.5,22.5,22.5,234,EQ,,,
2012-12-31,22.8,22.8,22.4,22.65,518,EQ,,,
2013-01-01,22.6,23.0,22.5,22.7,200,EQ,,,
2013-01-02,22.5,22.8,22.5,22.8,90,EQ,,,
2013-01-03,23.0,24.5,23.0,24.2,12840,EQ,,,
2013-01-04,24.5,25.0,24.3,24.5,1744,EQ,,,
2013-01-07,24.2,26.25,22.55,25.2,48061,EQ,,,
2013-01-08,25.25,25.8,25.0,25.0,8233,EQ,,,
2013-01-09,24.8,25.2,24.8,25.05,7463,EQ,,,
2013-01-10,25.4,26.0,24.8,25.4,3306,EQ,,,
2013-01-11,25.0,25.2,25.0,25.0,1315,EQ,,,
2013-01-14,24.2,25.5,24.2,25.0,569,EQ,,,
2013-01-15,24.4,25.6,24.4,25.0,4428,EQ,,,
2013-01-16,24.9,25.4,24.9,25.1,321,EQ,,,
2013-01-17,25.0,25.1,24.9,24.9,575,EQ,,,
2013-01-18,24.75,25.2,24.75,25.0,513,EQ,,,
2013-01-21,23.0,25.1,22.5,25.0,181360,EQ,,,
2013-01-22,25.5,25.5,24.7,25.0,4277,EQ,,,
2013-01-23,23.9,26.4,22.5,25.3,461543,EQ,,,
2013-01-24,24.9,25.7,24.9,25.0,2218,EQ,,,
2013-01-25,25.2,25.2,24.6,25.0,2032,EQ,,,
2013-01-28,24.6,25.0,24.5,25.0,309,EQ,,,
2013-01-29,25.0,25.0,25.0,25.0,524,EQ,,,
2013-01-30,25.0,25.0,25.0,25.0,2035,EQ,,,
2013-01-31,24.8,25.5,24.8,25.0,895,EQ,,,
2013-02-01,25.9,25.9,25.0,25.05,700,EQ,,,
2013-02-04,24.5,25.8,24.5,25.25,2477,EQ,,,
2013-02-05,25.0,25.0,24.7,25.0,1033,EQ,,,
2013-02-06,25.3,25.5,25.0,25.05,657,EQ,,,
2013-02-07,24.9,25.3,24.25,25.05,8693,EQ,,,
2013-02-08,25.0,25.3,24.95,24.95,905,EQ,,,
2013-02-11,24.7,25.3,24.7,25.0,697,EQ,,,
2013-02-12,24.8,25.2,24.8,25.0,1298,EQ,,,
2013-02-13,24.8,25.6,24.8,25.2,718,EQ,,,
2013-02-14,25.1,25.1,24.2,25.0,3141,EQ,,,
2013-02-15,24.5,25.5,24.5,25.0,829,EQ,,,
2013-02-18,24.9,25.4,24.9,25.0,429,EQ,,,
2013-02-19,25.3,25.75,25.0,25.0,223,EQ,,,
2013-02-20,25.0,25.4,24.45,25.4,525,EQ,,,
2013-02-21,25.1,25.5,25.0,25.05,287,EQ,,,
2013-02-22,24.8,25.0,24.8,25.0,112,EQ,,,
2013-02-25,24.6,25.05,24.6,25.0,509,EQ,,,
2013-02-26,24.8,25.0,24.05,24.4,1225,EQ,,,
2013-02-27,24.15,25.9,24.15,25.2,2898,EQ,,,
2013-02-28,25.0,25.0,25.0,25.0,75,EQ,,,
2013-03-01,24.5,25.1,23.3,25.0,33761,EQ,,,
2013-03-04,24.7,25.15,24.5,24.8,367,EQ,,,
2013-03-05,26.0,26.0,24.5,25.0,104,EQ,,,
2013-03-06,24.5,25.5,24.5,25.0,2450,EQ,,,
2013-03-07,26.2,26.4,24.5,24.8,756,EQ,,,
2013-03-08,25.0,25.7,24.7,25.0,315,EQ,,,
2013-03-11,25.0,25.4,24.4,24.9,3788,EQ,,,
2013-03-12,25.4,25.4,24.2,24.3,976,EQ,,,
2013-03-13,24.5,24.8,24.1,24.45,3723,EQ,,,
2013-03-14,24.5,24.5,24.2,24.2,200,EQ,,,
2013-03-15,24.5,24.8,24.0,24.5,1007,EQ,,,
2013-03-18,24.5,24.5,24.2,24.2,200,EQ,,,
2013-03-19,24.5,24.5,24.0,24.0,227,EQ,,,
2013-03-20,24.0,24.25,23.4,23.7,334,EQ,,,
2013-03-21,24.05,24.05,23.2,23.25,2215,EQ,,,
2013-03-22,23.5,23.5,23.3,23.3,127,EQ,,,
2013-03-25,23.5,23.5,22.2,23.0,2183,EQ,,,
2013-03-26,23.0,25.6,23.0,24.9,22,EQ,,,
2013-03-28,24.2,26.5,23.0,25.25,798,EQ,,,
2013-04-01,23.7,24.9,23.5,23.55,1321,EQ,,,
2013-04-02,23.6,23.9,23.1,23.35,523,EQ,,,
2013-04-03,24.3,24.3,23.5,23.5,274,EQ,,,
2013-04-04,23.5,24.0,23.2,24.0,530,EQ,,,
2013-04-05,24.25,24.3,23.4,23.7,285,EQ,,,
2013-04-08,23.5,24.0,23.5,23.5,98,EQ,,,
2013-04-09,23.5,24.8,23.4,24.65,35125,EQ,,,
2013-04-10,24.0,24.4,23.5,23.95,733,EQ,,,
2013-04-11,23.75,24.2,23.5,24.0,3010,EQ,,,
2013-04-12,23.6,23.8,23.5,23.55,6001,EQ,,,
2013-04-15,23.75,24.5,23.5,23.5,5973,EQ,,,
2013-04-16,23.65,23.9,23.5,23.55,4603,EQ,,,
2013-04-17,23.8,23.8,23.1,23.7,8793,EQ,,,
2013-04-18,23.8,23.8,23.1,23.5,8800,EQ,,,
2013-04-22,23.55,23.6,23.5,23.55,4060,EQ,,,
2013-04-23,23.55,23.6,23.55,23.55,4700,EQ,,,
2013-04-25,23.5,27.5,23.5,26.0,7152,EQ,,,
2013-04-26,23.8,25.4,23.6,23.85,7129,EQ,,,
2013-04-29,23.8,24.8,22.7,23.5,306098,EQ,,,
2013-04-30,24.2,24.7,23.0,23.4,13139,EQ,,,
2013-05-02,24.15,24.15,23.5,23.7,5295,EQ,,,
2013-05-03,23.8,24.35,23.5,24.1,2933,EQ,,,
2013-05-06,25.0,25.0,23.5,24.1,3942,EQ,,,
2013-05-07,24.0,24.55,24.0,24.1,3187,EQ,,,
2013-05-08,24.5,24.5,24.0,24.0,2311,EQ,,,
2013-05-09,24.25,24.25,23.6,23.7,2553,EQ,,,
2013-05-10,24.0,24.8,23.55,23.8,4371,EQ,,,
2013-05-11,24.8,24.8,23.7,24.05,3129,EQ,,,
2013-05-13,24.0,24.0,23.5,23.6,4557,EQ,,,
2013-05-14,23.8,24.4,23.75,24.0,3422,EQ,,,
2013-05-15,23.95,24.4,23.5,23.6,3359,EQ,,,
2013-05-16,23.6,24.0,23.4,23.4,3807,EQ,,,
2013-05-17,23.6,24.2,23.5,24.05,3532,EQ,,,
2013-05-20,23.6,24.0,23.5,23.5,3604,EQ,,,
2013-05-21,23.6,23.75,23.3,23.3,3798,EQ,,,
2013-05-22,23.5,25.8,23.5,24.35,6048,EQ,,,
2013-05-23,23.8,24.0,23.5,23.5,3447,EQ,,,
2013-05-24,23.6,24.5,23.5,23.75,3719,EQ,,,
2013-05-27,23.8,24.8,23.55,24.0,4191,EQ,,,
2013-05-28,23.85,24.0,23.85,24.0,81450,EQ,,,
2013-05-29,23.6,24.0,23.5,23.7,3450,EQ,,,
2013-05-30,23.5,23.5,23.0,23.15,4736,EQ,,,
2013-05-31,23.15,23.5,23.15,23.2,3678,EQ,,,
2013-06-03,23.5,25.0,23.0,23.7,5872,EQ,,,
2013-06-04,24.0,24.4,23.4,23.4,4409,EQ,,,
2013-06-05,23.5,23.8,23.4,23.5,3128,EQ,,,
2013-06-06,23.5,23.7,23.5,23.5,3641,EQ,,,
2013-06-07,23.6,24.0,23.5,23.7,3296,EQ,,,
2013-06-10,23.5,24.6,23.3,23.4,5026,EQ,,,
2013-06-11,23.6,24.3,23.0,23.0,5146,EQ,,,
2013-06-12,23.5,23.9,23.2,23.75,4343,EQ,,,
2013-06-13,23.5,24.2,23.3,23.4,5868,EQ,,,
2013-06-14,23.95,23.95,23.0,23.0,4454,EQ,,,
2013-06-17,23.5,23.6,23.0,23.4,4368,EQ,,,
2013-06-18,23.5,23.5,23.2,23.2,4684,EQ,,,
2013-06-19,23.5,23.5,23.1,23.4,4439,EQ,,,
2013-06-20,23.5,23.5,23.0,23.0,4261,EQ,,,
2013-06-21,23.35,23.7,23.15,23.5,7110,EQ,,,
2013-06-24,23.9,23.9,22.7,23.35,6962,EQ,,,
2013-06-25,23.5,24.0,23.3,23.75,4684,EQ,,,
2013-06-26,23.5,24.0,23.4,23.5,154362,EQ,,,
2013-06-27,24.4,24.4,23.1,23.15,5036,EQ,,,
2013-06-28,23.5,23.7,23.05,23.05,184368,EQ,,,
2013-07-01,23.5,23.5,23.2,23.2,3905,EQ,,,
2013-07-02,23.5,24.0,23.4,23.6,3950,EQ,,,
2013-07-03,24.0,24.0,23.4,23.4,3532,EQ,,,
2013-07-04,23.5,23.5,23.0,23.2,4368,EQ,,,
2013-07-05,23.55,23.55,23.2,23.3,3611,EQ,,,
2013-07-08,23.4,23.9,23.1,23.75,3629,EQ,,,
2013-07-09,23.5,23.5,22.3,22.5,6493,EQ,,,
2013-07-10,23.2,23.4,23.0,23.05,3351,EQ,,,
2013-07-11,23.55,24.5,23.2,23.3,5359,EQ,,,
2013-07-12,23.4,24.0,23.2,23.6,4226,EQ,,,
2013-07-15,23.5,23.55,23.3,23.4,3429,EQ,,,
2013-07-16,23.5,23.5,23.4,23.5,3300,EQ,,,
2013-07-17,23.5,23.6,23.5,23.55,3350,EQ,,,
2013-07-18,23.5,23.55,23.2,23.55,3426,EQ,,,
2013-07-19,23.5,23.5,23.1,23.15,4187,EQ,,,
2013-07-22,23.4,23.5,23.1,23.25,3697,EQ,,,
2013-07-23,23.5,23.5,23.0,23.0,4023,EQ,,,
2013-07-24,23.5,23.5,23.0,23.15,3781,EQ,,,
2013-07-25,23.45,23.45,23.2,23.4,3581,EQ,,,
2013-07-26,23.4,23.5,23.2,23.5,3765,EQ,,,
2013-07-29,23.5,23.55,23.2,23.2,3566,EQ,,,
2013-07-30,23.5,24.0,23.4,23.4,90593,EQ,,,
2013-07-31,23.5,24.0,23.5,24.0,2565,EQ,,,
2013-08-01,23.5,23.7,23.5,23.6,3636,EQ,,,
2013-08-02,23.5,23.55,22.4,22.5,4861,EQ,,,
2013-08-05,23.0,23.2,22.5,22.9,36615,EQ,,,
2013-08-06,22.5,23.15,22.5,23.0,4584,EQ,,,
2013-08-07,23.2,23.2,22.4,23.0,3787,EQ,,,
2013-08-08,22.5,23.2,22.3,22.45,5435,EQ,,,
2013-08-12,22.5,23.1,22.5,22.6,3787,EQ,,,
2013-08-13,23.0,23.0,22.1,22.55,3791,EQ,,,
2013-08-14,22.5,22.7,22.5,22.6,3700,EQ,,,
2013-08-16,22.55,23.25,22.55,22.6,3678,EQ,,,
2013-08-19,22.5,22.7,22.45,22.5,3760,EQ,,,
2013-08-20,22.5,23.2,22.3,22.3,3970,EQ,,,
2013-08-21,22.9,23.0,21.0,21.5,19064,EQ,,,
2013-08-22,21.5,21.5,19.5,20.1,3324,EQ,,,
2013-08-23,21.5,21.8,19.5,20.5,36797,EQ,,,
2013-08-26,20.5,20.6,19.8,19.85,3758,EQ,,,
2013-08-27,19.3,20.4,19.3,19.5,5311,EQ,,,
2013-08-28,20.0,20.0,19.0,19.75,4676,EQ,,,
2013-08-29,19.5,20.1,19.5,20.0,3240,EQ,,,
2013-08-30,20.5,20.5,19.2,19.4,3802,EQ,,,
2013-09-02,19.5,20.5,19.5,20.35,3625,EQ,,,
2013-09-03,19.5,21.0,18.1,20.45,11040,EQ,,,
2013-09-04,19.6,23.5,19.6,21.2,4798,EQ,,,
2013-09-05,22.85,22.85,20.7,20.9,4542,EQ,,,
2013-09-06,22.0,22.0,20.15,21.25,4150,EQ,,,
2013-09-10,21.55,21.55,20.2,20.95,3988,EQ,,,
2013-09-11,21.05,21.4,19.9,20.9,4630,EQ,,,
2013-09-12,20.5,21.5,20.2,21.0,3797,EQ,,,
2013-09-13,21.55,21.7,20.5,20.8,5157,EQ,,,
2013-09-16,21.7,21.7,19.9,20.1,3597,EQ,,,
2013-09-17,20.5,21.0,20.0,20.45,3933,EQ,,,
2013-09-18,20.5,22.3,20.3,20.95,246060,EQ,,,
2013-09-19,20.6,22.2,20.0,20.5,4360,EQ,,,
2013-09-20,24.3,24.3,20.0,20.0,4338,EQ,,,
2013-09-23,20.5,21.5,20.0,20.85,3893,EQ,,,
2013-09-24,20.5,20.9,20.0,20.4,4078,EQ,,,
2013-09-25,20.0,20.9,19.6,20.2,4114,EQ,,,
2013-09-26,20.5,20.85,20.0,20.5,3450,EQ,,,
2013-09-27,20.5,20.9,20.0,20.0,5801,EQ,,,
2013-09-30,20.5,20.5,20.3,20.35,3417,EQ,,,
2013-10-01,20.5,21.0,19.6,20.95,3861,EQ,,,
2013-10-03,20.6,21.3,20.0,20.0,5525,EQ,,,
2013-10-04,20.5,21.0,20.3,20.3,3627,EQ,,,
2013-10-07,20.5,20.9,20.0,20.5,4232,EQ,,,
2013-10-08,20.9,20.9,19.95,20.0,23428,EQ,,,
2013-10-09,20.4,20.4,19.6,19.6,3724,EQ,,,
2013-10-10,20.0,20.0,18.6,19.0,11022,EQ,,,
2013-10-11,19.0,19.3,18.7,18.9,64426,EQ,,,
2013-10-14,18.7,20.0,18.55,19.1,4832,EQ,,,
2013-10-15,19.0,19.2,18.5,18.55,4254,EQ,,,
2013-10-17,19.0,19.5,18.8,18.8,3501,EQ,,,
2013-10-18,19.0,19.4,18.0,18.35,3947,EQ,,,
2013-10-21,19.0,19.0,18.7,18.8,3698,EQ,,,
2013-10-22,19.4,19.4,18.45,18.9,4262,EQ,,,
2013-10-23,18.5,19.0,18.5,18.65,3982,EQ,,,
2013-10-24,18.7,18.8,18.4,18.5,3708,EQ,,,
2013-10-25,18.5,18.8,18.4,18.5,3635,EQ,,,
2013-10-28,18.7,18.85,18.0,18.1,3768,EQ,,,
2013-10-29,18.5,18.5,18.0,18.0,4004,EQ,,,
2013-10-30,18.5,18.5,18.0,18.4,4781,EQ,,,
2013-10-31,18.5,19.25,18.2,18.25,3347,EQ,,,
2013-11-01,18.5,18.7,18.4,18.4,3632,EQ,,,
2013-11-03,18.4,20.0,18.4,18.5,1820,EQ,,,
2013-11-05,19.1,19.1,18.55,19.0,3651,EQ,,,
2013-11-06,18.8,20.0,18.5,18.7,3954,EQ,,,
2013-11-07,18.55,19.0,18.5,18.65,3035,EQ,,,
2013-11-08,18.5,18.75,18.5,18.65,14305,EQ,,,
2013-11-11,18.55,19.0,18.5,18.7,3652,EQ,,,
2013-11-12,18.55,18.9,18.55,18.9,3653,EQ,,,
2013-11-13,18.7,20.0,18.55,18.55,4114,EQ,,,
2013-11-14,18.9,19.0,18.8,18.9,4316,EQ,,,
2013-11-18,18.6,18.9,18.6,18.9,4000,EQ,,,
2013-11-19,18.9,20.0,18.9,19.3,105897,EQ,,,
2013-11-20,20.2,20.2,19.3,19.75,37535,EQ,,,
2013-11-21,20.0,20.0,18.8,19.35,4760,EQ,,,
2013-11-22,19.0,19.5,18.65,18.75,1571,EQ,,,
2013-11-25,22.5,22.5,18.5,20.0,1427,EQ,,,
2013-11-26,20.2,20.2,18.8,19.2,4629,EQ,,,
2013-11-27,19.2,19.8,18.8,19.0,4239,EQ,,,
2013-11-28,19.2,19.2,19.0,19.0,3387,EQ,,,
2013-11-29,18.9,19.0,18.6,18.7,1602,EQ,,,
2013-12-02,19.0,20.2,18.9,20.0,14685,EQ,,,
2013-12-03,19.8,19.8,19.1,19.15,37,EQ,,,
2013-12-04,19.0,20.0,19.0,19.9,127,EQ,,,
2013-12-05,19.7,20.0,19.2,20.0,59,EQ,,,
2013-12-06,20.0,20.0,19.5,20.0,86,EQ,,,
2013-12-09,20.0,21.0,20.0,20.25,416,EQ,,,
2013-12-10,20.0,20.4,20.0,20.4,83,EQ,,,
2013-12-11,20.1,20.4,19.9,20.4,474,EQ,,,
2013-12-12,19.5,20.9,19.5,20.6,1733,EQ,,,
2013-12-13,21.0,21.2,20.6,20.6,229,EQ,,,
2013-12-16,20.4,20.4,20.4,20.4,55,EQ,,,
2013-12-17,20.6,21.0,20.6,20.75,164,EQ,,,
2013-12-18,21.0,21.7,21.0,21.55,2937,EQ,,,
2013-12-19,21.3,22.2,20.9,21.5,1097,EQ,,,
2013-12-20,21.9,24.3,21.7,22.7,6697,EQ,,,
2013-12-23,22.7,26.0,22.7,23.55,4342,EQ,,,
2013-12-24,23.5,25.0,22.5,23.75,7801,EQ,,,
2013-12-26,24.2,24.8,23.5,24.1,2861,EQ,,,
2013-12-27,23.5,24.4,23.5,24.2,14377,EQ,,,
2013-12-30,24.0,24.8,20.65,23.2,1525,EQ,,,
2013-12-31,24.3,24.3,23.4,23.7,342,EQ,,,
2014-01-01,24.4,24.4,23.0,23.75,62,EQ,,,
2014-01-02,23.7,24.5,22.6,22.7,777,EQ,,,
2014-01-03,23.1,23.35,22.8,23.2,1127,EQ,,,
2014-01-06,23.1,24.75,23.1,24.4,964,EQ,,,
2014-01-07,24.0,24.6,22.5,23.15,1716,EQ,,,
2014-01-08,24.4,24.4,23.0,23.4,231,EQ,,,
2014-01-09,23.0,23.0,23.0,23.0,250,EQ,,,
2014-01-10,22.6,23.6,22.5,23.3,19905,EQ,,,
2014-01-13,23.3,23.3,22.9,22.9,224,EQ,,,
2014-01-14,22.9,23.15,22.5,23.0,1785,EQ,,,
2014-01-15,23.0,25.0,22.9,24.0,2259,EQ,,,
2014-01-16,24.0,24.5,23.2,23.6,112,EQ,,,
2014-01-17,23.5,24.4,23.5,24.25,291,EQ,,,
2014-01-20,24.4,24.6,23.0,24.5,7623,EQ,,,
2014-01-21,24.0,24.75,23.4,24.4,3135,EQ,,,
2014-01-22,24.5,25.0,24.2,24.75,5191,EQ,,,
2014-01-23,25.45,25.45,23.5,24.3,1496,EQ,,,
2014-01-24,24.5,25.0,23.55,24.4,751,EQ,,,
2014-01-27,24.5,24.7,23.85,24.0,3083,EQ,,,
2014-01-28,23.8,25.0,23.8,24.7,466,EQ,,,
2014-01-29,24.9,24.9,24.0,24.3,3311,EQ,,,
2014-01-30,24.5,24.5,24.0,24.0,171,EQ,,,
2014-01-31,24.3,24.5,23.35,23.85,203,EQ,,,
2014-02-03,24.0,24.4,23.5,23.85,937,EQ,,,
2014-02-04,24.1,24.2,23.5,24.0,115,EQ,,,
2014-02-05,24.3,24.4,23.5,23.8,98,EQ,,,
2014-02-06,24.1,25.0,24.1,24.5,727,EQ,,,
2014-02-07,24.2,24.2,24.1,24.2,13,EQ,,,
2014-02-10,23.9,24.9,23.9,24.5,52,EQ,,,
2014-02-11,24.2,24.2,23.6,23.6,243,EQ,,,
2014-02-12,23.7,23.7,23.7,23.7,50,EQ,,,
2014-02-13,23.55,24.5,23.4,23.5,282,EQ,,,
2014-02-14,23.8,24.4,23.1,23.6,351,EQ,,,
2014-02-17,24.0,25.0,23.8,24.6,3985,EQ,,,
2014-02-18,23.65,24.6,23.65,24.2,1459,EQ,,,
2014-02-19,24.5,24.6,24.4,24.5,304,EQ,,,
2014-02-20,24.6,24.6,24.2,24.2,22,EQ,,,
2014-02-21,24.5,24.9,23.8,23.9,1020,EQ,,,
2014-02-24,24.4,24.5,22.55,24.05,490,EQ,,,
2014-02-25,24.5,25.0,23.8,24.1,538,EQ,,,
2014-02-26,24.0,24.4,23.5,24.0,443,EQ,,,
2014-02-28,24.0,24.0,23.95,23.95,63,EQ,,,
2014-03-03,24.0,24.0,23.8,23.95,27,EQ,,,
2014-03-04,24.0,24.5,23.5,24.5,1544,EQ,,,
2014-03-05,24.95,25.0,24.65,24.95,628,EQ,,,
2014-03-06,25.0,25.2,24.5,24.9,1480,EQ,,,
2014-03-07,25.0,26.0,24.25,25.9,7581,EQ,,,
2014-03-10,25.9,26.2,23.6,26.0,5246,EQ,,,
2014-03-11,25.5,26.0,24.5,25.5,11365,EQ,,,
2014-03-12,25.0,26.0,25.0,25.75,14748,EQ,,,
2014-03-13,23.8,25.6,23.8,25.5,34360,EQ,,,
2014-03-14,25.0,25.0,25.0,25.0,15,EQ,,,
2014-03-18,25.75,25.75,24.1,24.55,1082,EQ,,,
2014-03-19,26.5,27.8,24.7,25.4,2851,EQ,,,
2014-03-20,24.6,25.8,24.6,25.0,717,EQ,,,
2014-03-21,24.8,25.3,24.7,24.7,1749,EQ,,,
2014-03-24,25.5,25.5,25.1,25.4,2674,EQ,,,
2014-03-25,24.85,24.85,23.65,24.2,52,EQ,,,
2014-03-26,24.5,25.3,24.0,24.6,241,EQ,,,
2014-03-27,25.0,26.2,25.0,26.1,11445,EQ,,,
2014-03-28,26.1,27.2,25.5,26.1,30088,EQ,,,
2014-03-31,24.65,28.0,24.65,26.75,421,EQ,,,
2014-04-01,26.0,32.15,26.0,30.8,18238,EQ,,,
2014-04-02,29.8,33.6,27.6,30.0,8018,EQ,,,
2014-04-03,30.1,30.5,28.9,29.6,594,EQ,,,
2014-04-04,30.5,30.7,28.5,30.2,705,EQ,,,
2014-04-07,29.0,29.0,29.0,29.0,40,EQ,,,
2014-04-09,29.0,30.4,28.2,29.5,813,EQ,,,
2014-04-10,30.0,31.35,27.1,28.45,6149,EQ,,,
2014-04-11,29.0,29.0,28.0,28.2,85,EQ,,,
2014-04-15,29.5,29.5,26.5,28.25,7138,EQ,,,
2014-04-16,29.0,29.0,27.6,28.2,117,EQ,,,
2014-04-17,27.5,32.15,27.1,28.75,4322,EQ,,,
2014-04-21,29.5,31.25,28.5,28.6,1266,EQ,,,
2014-04-22,27.8,28.7,27.3,28.15,26258,EQ,,,
2014-04-23,27.5,28.5,27.5,28.0,550,EQ,,,
2014-04-25,28.5,28.5,27.5,28.2,14,EQ,,,
2014-04-28,29.0,29.0,27.0,27.2,949,EQ,,,
2014-04-29,28.5,28.5,27.0,27.65,386,EQ,,,
2014-04-30,28.4,28.4,26.45,27.0,155,EQ,,,
2014-05-02,26.5,28.5,25.6,27.6,146,EQ,,,
2014-05-05,27.7,29.2,27.5,28.1,594,EQ,,,
2014-05-06,28.4,28.5,28.0,28.1,44,EQ,,,
2014-05-07,26.85,28.4,26.85,28.0,30,EQ,,,
2014-05-08,26.5,27.85,26.0,26.4,830,EQ,,,
2014-05-09,27.3,28.7,25.6,27.7,951,EQ,,,
2014-05-12,26.8,29.0,26.6,28.25,493,EQ,,,
2014-05-13,27.5,29.5,26.6,28.7,1007,EQ,,,
2014-05-14,27.5,29.0,27.0,28.6,1093,EQ,,,
2014-05-15,28.8,28.8,27.3,28.0,1557,EQ,,,
2014-05-16,28.0,28.5,27.0,28.1,507,EQ,,,
2014-05-19,28.0,32.8,27.9,30.1,6477,EQ,,,
2014-05-20,29.0,30.5,29.0,30.0,2302,EQ,,,
2014-05-21,30.0,30.4,30.0,30.4,2106,EQ,,,
2014-05-22,30.4,32.0,30.4,31.85,1661,EQ,,,
2014-05-23,32.0,32.45,30.5,31.2,42206,EQ,,,
2014-05-26,31.0,35.0,30.2,30.2,55230,EQ,,,
2014-05-27,27.3,31.0,27.3,30.3,648,EQ,,,
2014-05-29,30.4,30.4,30.3,30.4,86,EQ,,,
2014-05-30,30.4,31.0,30.4,31.0,779,EQ,,,
2014-06-02,28.2,32.4,28.2,31.0,594,EQ,,,
2014-06-03,29.6,31.3,27.5,30.6,1487,EQ,,,
2014-06-04,30.95,31.5,30.9,31.45,2035,EQ,,,
2014-06-05,32.15,32.15,30.75,31.4,1816,EQ,,,
2014-06-06,36.4,36.4,31.9,33.8,6761,EQ,,,
2014-06-09,35.4,36.5,34.1,36.0,3591,EQ,,,
2014-06-10,36.0,36.0,34.15,35.0,948,EQ,,,
2014-06-11,35.1,35.5,33.6,34.0,247,EQ,,,
2014-06-12,38.5,38.5,34.1,34.75,3351,EQ,,,
2014-06-13,31.2,35.85,31.2,34.85,17265,EQ,,,
2014-06-16,34.0,34.5,32.5,32.6,1773,EQ,,,
2014-06-17,34.8,34.8,31.5,33.2,5062,EQ,,,
2014-06-18,33.3,33.9,32.0,32.5,3437,EQ,,,
2014-06-19,33.9,33.9,31.25,31.9,3695,EQ,,,
2014-06-20,32.85,33.0,31.4,31.85,1811,EQ,,,
2014-06-23,32.5,32.9,31.5,31.7,420,EQ,,,
2014-06-24,32.5,32.5,31.2,32.0,2335,EQ,,,
2014-06-25,31.5,31.9,30.4,31.5,3123,EQ,,,
2014-06-26,32.9,32.9,30.6,31.35,5011,EQ,,,
2014-06-27,30.5,32.5,30.3,31.7,4124,EQ,,,
2014-06-30,31.2,32.9,31.2,32.0,1541,EQ,,,
2014-07-01,32.9,33.0,32.0,32.0,641,EQ,,,
2014-07-02,32.1,33.6,31.25,32.4,4949,EQ,,,
2014-07-03,32.1,32.8,31.6,32.5,7405,EQ,,,
2014-07-04,32.2,33.45,31.5,32.65,11983,EQ,,,
2014-07-07,33.1,33.1,32.0,32.2,7546,EQ,,,
2014-07-08,32.9,32.9,31.1,31.15,1305,EQ,,,
2014-07-09,31.1,32.2,30.6,31.4,2132,EQ,,,
2014-07-10,31.2,32.0,30.2,30.9,1949,EQ,,,
2014-07-11,31.2,35.8,30.5,30.65,906,EQ,,,
2014-07-14,30.0,31.0,29.6,30.1,681,EQ,,,
2014-07-15,31.0,31.65,30.5,31.2,336,EQ,,,
2014-07-16,31.7,33.2,31.7,33.1,2131,EQ,,,
2014-07-17,31.6,33.1,31.6,32.4,584,EQ,,,
2014-07-18,32.0,33.0,32.0,32.2,506,EQ,,,
2014-07-21,30.2,33.5,30.2,32.75,2102,EQ,,,
2014-07-22,32.5,33.2,32.0,32.6,290,EQ,,,
2014-07-23,30.7,33.4,30.7,33.0,935,EQ,,,
2014-07-24,32.5,34.0,32.5,33.6,856,EQ,,,
2014-07-25,32.1,34.5,32.0,34.2,6566,EQ,,,
2014-07-28,34.0,34.2,32.2,32.2,460,EQ,,,
2014-07-30,33.4,34.2,32.5,33.5,389,EQ,,,
2014-07-31,32.0,33.8,32.0,32.75,520,EQ,,,
2014-08-01,33.5,33.7,33.0,33.0,198,EQ,,,
2014-08-04,33.0,34.0,32.5,32.95,212,EQ,,,
2014-08-05,32.8,32.9,32.2,32.5,2152,EQ,,,
2014-08-06,32.5,32.5,31.8,32.5,609,EQ,,,
2014-08-07,32.6,33.3,32.0,32.55,542,EQ,,,
2014-08-08,32.5,33.5,31.65,32.55,1050,EQ,,,
2014-08-11,34.9,34.9,31.1,32.1,34,EQ,,,
2014-08-12,32.5,34.6,31.7,32.2,353,EQ,,,
2014-08-13,31.8,33.0,30.2,31.2,747,EQ,,,
2014-08-14,32.5,33.9,30.8,31.0,1558,EQ,,,
2014-08-18,30.5,32.0,30.1,31.0,1825,EQ,,,
2014-08-19,31.7,31.7,30.2,31.2,359,EQ,,,
2014-08-20,31.5,34.9,25.0,33.1,63759,EQ,,,
2014-08-21,31.1,34.5,30.4,33.1,3778,EQ,,,
2014-08-22,32.5,34.0,31.6,33.6,720,EQ,,,
2014-08-25,32.5,35.0,32.1,33.5,1311,EQ,,,
2014-08-26,33.5,34.5,32.4,33.7,20277,EQ,,,
2014-08-27,33.0,33.8,32.9,33.0,1287,EQ,,,
2014-08-28,34.0,35.5,32.75,32.9,2833,EQ,,,
2014-09-01,33.5,34.0,30.3,32.7,3865,EQ,,,
2014-09-02,32.75,33.5,31.15,33.1,3350,EQ,,,
2014-09-03,33.0,33.0,32.6,32.8,53,EQ,,,
2014-09-04,33.0,33.0,31.5,32.9,721,EQ,,,
2014-09-05,32.8,33.5,32.0,32.9,1193,EQ,,,
2014-09-08,32.5,33.5,32.5,33.3,719,EQ,,,
2014-09-09,33.0,33.0,32.0,32.6,1126,EQ,,,
2014-09-10,32.0,34.0,31.7,33.25,2013,EQ,,,
2014-09-11,33.45,33.45,31.6,32.1,8459,EQ,,,
2014-09-12,32.0,32.35,31.5,31.5,477,EQ,,,
2014-09-15,33.0,33.0,31.5,32.0,1293,EQ,,,
2014-09-16,31.5,33.65,31.5,32.1,950,EQ,,,
2014-09-17,30.85,33.5,30.6,32.95,3334,EQ,,,
2014-09-18,32.3,33.0,32.3,32.6,497,EQ,,,
2014-09-19,32.3,33.0,31.7,32.4,164,EQ,,,
2014-09-22,32.5,33.5,32.2,33.25,1721,EQ,,,
2014-09-23,33.7,34.9,33.1,33.75,618,EQ,,,
2014-09-24,31.2,33.3,31.2,32.55,137,EQ,,,
2014-09-25,32.5,33.5,32.5,32.65,110,EQ,,,
2014-09-26,28.6,35.4,28.6,32.35,7359,EQ,,,
2014-09-29,33.95,36.8,33.8,34.4,14728,EQ,,,
2014-09-30,35.0,35.1,33.0,33.5,113702,EQ,,,
2014-10-01,33.0,33.75,32.4,32.6,11599,EQ,,,
2014-10-07,32.7,33.4,31.5,31.6,23853,EQ,,,
2014-10-08,32.6,33.25,32.0,32.4,24393,EQ,,,
2014-10-09,32.9,34.3,32.5,33.5,451221,EQ,,,
2014-10-10,33.9,40.15,33.3,37.1,307753,EQ,,,
2014-10-13,37.2,38.1,36.2,37.3,28549,EQ,,,
2014-10-14,37.5,38.0,36.5,36.8,9539,EQ,,,
2014-10-16,36.2,37.5,33.55,34.1,17266,EQ,,,
2014-10-17,35.0,35.0,33.15,34.0,12607,EQ,,,
2014-10-20,35.25,36.0,33.65,34.1,5022,EQ,,,
2014-10-21,33.8,34.75,33.3,33.65,3745,EQ,,,
2014-10-22,33.7,34.8,33.7,34.5,9099,EQ,,,
2014-10-23,35.0,35.5,34.0,35.0,4812,EQ,,,
2014-10-27,34.6,35.4,34.5,34.8,10442,EQ,,,
2014-10-28,35.75,36.0,34.6,35.0,5293,EQ,,,
2014-10-29,34.9,34.95,34.0,34.3,9267,EQ,,,
2014-10-30,34.5,34.65,33.6,34.35,2686,EQ,,,
2014-10-31,34.5,36.2,34.5,34.75,12159,EQ,,,
2014-11-03,35.25,36.1,35.2,35.7,4681,EQ,,,
2014-11-05,36.2,38.7,35.4,37.4,31252,EQ,,,
2014-11-07,39.5,41.5,38.7,38.9,74512,EQ,,,
2014-11-10,39.8,39.8,38.3,38.55,9529,EQ,,,
2014-11-11,39.15,39.4,38.5,39.1,7177,EQ,,,
2014-11-12,39.2,40.0,38.6,39.0,8782,EQ,,,
2014-11-13,38.6,44.0,38.6,40.6,74691,EQ,,,
2014-11-14,40.4,45.9,40.3,43.95,436793,EQ,,,
2014-11-17,44.0,45.7,42.8,45.1,380217,EQ,,,
2014-11-18,44.7,46.2,43.8,44.65,145998,EQ,,,
2014-11-19,44.9,45.45,43.6,43.8,18718,EQ,,,
2014-11-20,44.15,44.3,42.2,42.5,8434,EQ,,,
2014-11-21,42.8,43.75,42.1,42.5,9584,EQ,,,
2014-11-24,42.0,42.75,40.4,42.0,5582,EQ,,,
2014-11-25,40.0,42.8,40.0,40.9,10555,EQ,,,
2014-11-26,41.0,42.0,40.35,41.8,3423,EQ,,,
2014-11-27,41.8,43.5,41.3,43.1,6777,EQ,,,
2014-11-28,43.75,44.0,42.6,43.15,5806,EQ,,,
2014-12-01,42.2,43.5,42.0,42.85,4728,EQ,,,
2014-12-02,43.0,44.0,42.3,42.95,8548,EQ,,,
2014-12-03,43.0,44.0,43.0,43.7,2982,EQ,,,
2014-12-04,43.2,45.0,43.2,43.7,10183,EQ,,,
2014-12-05,44.55,44.55,41.0,42.0,14849,EQ,,,
2014-12-08,43.2,43.25,41.25,41.3,1631,EQ,,,
2014-12-09,42.5,42.5,40.8,41.55,1818,EQ,,,
2014-12-10,42.0,42.5,41.5,42.3,4450,EQ,,,
2014-12-11,42.0,42.5,41.4,42.0,2625,EQ,,,
2014-12-12,42.9,43.5,41.0,41.5,2475,EQ,,,
2014-12-15,42.3,42.3,40.7,41.95,5508,EQ,,,
2014-12-16,42.0,42.0,40.1,40.15,2945,EQ,,,
2014-12-17,40.15,41.0,34.6,38.25,10653,EQ,,,
2014-12-18,38.5,40.4,38.3,39.65,4468,EQ,,,
2014-12-19,39.8,41.6,39.8,40.6,6479,EQ,,,
2014-12-22,40.9,46.2,40.3,45.15,76187,EQ,,,
2014-12-23,45.25,45.65,42.0,45.05,22708,EQ,,,
2014-12-24,45.2,45.2,43.5,44.8,60279,EQ,,,
2014-12-26,44.55,47.4,44.55,45.4,20266,EQ,,,
2014-12-29,45.4,47.5,45.4,46.9,17791,EQ,,,
2014-12-30,46.5,47.9,45.35,45.75,9716,EQ,,,
2014-12-31,46.0,46.35,43.5,45.1,7361,EQ,,,
2015-01-01,45.4,45.4,44.8,45.0,1851,EQ,,,
2015-01-02,45.3,46.5,44.0,45.25,11749,EQ,,,
2015-01-05,45.4,47.2,45.0,45.9,8938,EQ,,,
2015-01-06,45.6,45.6,43.6,44.25,13316,EQ,,,
2015-01-07,43.5,45.1,42.9,44.95,16264,EQ,,,
2015-01-08,45.25,45.7,42.4,44.6,498858,EQ,,,
2015-01-09,45.1,45.25,42.4,42.95,292974,EQ,,,
2015-01-12,43.0,43.7,42.45,42.65,45473,EQ,,,
2015-01-13,42.7,42.9,41.5,42.35,91138,EQ,,,
2015-01-14,42.0,42.8,41.0,41.8,33127,EQ,,,
2015-01-15,42.0,42.6,41.6,42.5,48189,EQ,,,
2015-01-16,42.2,42.2,41.7,42.0,23719,EQ,,,
2015-01-19,42.5,42.8,42.0,42.1,28056,EQ,,,
2015-01-20,42.1,43.0,41.4,41.7,39643,EQ,,,
2015-01-21,41.5,42.3,40.2,40.4,33409,EQ,,,
2015-01-22,40.3,41.9,40.3,41.0,40187,EQ,,,
2015-01-23,41.0,41.5,40.0,40.2,23811,EQ,,,
2015-01-27,40.5,41.3,39.65,40.1,24872,EQ,,,
2015-01-28,39.25,40.5,38.65,39.6,24998,EQ,,,
2015-01-29,40.0,40.0,38.25,38.55,72429,EQ,,,
2015-01-30,38.1,39.4,38.0,38.35,17806,EQ,,,
2015-02-02,38.1,39.75,38.1,39.6,15759,EQ,,,
2015-02-03,40.4,41.1,39.1,40.0,40906,EQ,,,
2015-02-04,40.9,41.6,39.5,40.4,42214,EQ,,,
2015-02-05,41.0,41.2,39.0,39.5,14301,EQ,,,
2015-02-06,39.5,40.4,39.25,39.9,19491,EQ,,,
2015-02-09,39.75,40.1,38.0,39.1,20998,EQ,,,
2015-02-10,38.9,39.5,37.4,38.25,7439,EQ,,,
2015-02-11,39.0,41.25,38.5,40.8,49556,EQ,,,
2015-02-12,39.2,39.2,36.3,38.15,37975,EQ,,,
2015-02-13,38.6,40.85,37.1,40.0,36471,EQ,,,
2015-02-16,40.0,41.2,39.7,40.25,15977,EQ,,,
2015-02-18,41.05,41.4,39.6,40.2,76516,EQ,,,
2015-02-19,39.2,40.2,38.4,38.5,22217,EQ,,,
2015-02-20,39.05,39.05,38.0,38.15,16188,EQ,,,
2015-02-23,38.4,38.9,37.1,37.5,15360,EQ,,,
2015-02-24,37.5,38.0,36.0,36.75,22826,EQ,,,
2015-02-25,36.95,37.4,36.7,36.95,8474,EQ,,,
2015-02-26,36.6,37.1,36.3,36.4,2907,EQ,,,
2015-02-27,37.5,37.5,36.45,37.05,5151,EQ,,,
2015-02-28,37.5,37.95,36.15,36.85,6201,EQ,,,
2015-03-02,36.85,37.4,36.25,37.1,10378,EQ,,,
2015-03-03,36.7,38.7,36.7,38.5,45426,EQ,,,
2015-03-04,39.4,39.4,37.2,37.7,8159,EQ,,,
2015-03-05,37.85,38.2,36.15,37.1,10501,EQ,,,
2015-03-09,36.2,37.1,36.2,36.6,30982,EQ,,,
2015-03-10,36.6,37.8,36.2,36.4,28735,EQ,,,
2015-03-11,36.75,36.85,35.9,36.15,3558,EQ,,,
2015-03-12,36.1,37.2,35.5,36.6,23691,EQ,,,
2015-03-13,36.65,37.25,34.9,36.4,18202,EQ,,,
2015-03-16,35.55,36.6,35.55,36.3,14750,EQ,,,
2015-03-17,36.2,36.8,34.9,35.0,23081,EQ,,,
2015-03-18,35.3,35.35,34.15,34.3,6669,EQ,,,
2015-03-19,35.5,35.5,33.3,33.5,14228,EQ,,,
2015-03-20,33.85,33.85,32.5,32.75,33159,EQ,,,
2015-03-23,32.6,32.7,29.6,30.15,29482,EQ,,,
2015-03-24,30.65,32.75,28.1,32.0,72016,EQ,,,
2015-03-25,32.95,33.9,32.0,33.4,64553,EQ,,,
2015-03-26,32.7,33.3,31.75,32.7,8041,EQ,,,
2015-03-27,32.6,33.7,32.6,33.5,13873,EQ,,,
2015-03-30,34.9,35.2,33.5,34.2,13657,EQ,,,
2015-03-31,36.9,38.2,35.6,35.9,283229,EQ,,,
2015-04-01,35.9,37.6,35.2,36.9,29691,EQ,,,
2015-04-06,36.9,36.9,35.3,35.55,19440,EQ,,,
2015-04-07,35.8,36.5,35.5,35.7,20452,EQ,,,
2015-04-08,35.8,36.8,35.5,35.7,15287,EQ,,,
2015-04-09,36.2,37.5,35.5,36.65,57523,EQ,,,
2015-04-10,35.5,37.5,35.5,37.1,50181,EQ,,,
2015-04-13,37.5,41.4,36.5,38.8,207907,EQ,,,
2015-04-15,38.95,40.9,36.6,38.25,28349,EQ,,,
2015-04-16,38.5,39.4,36.75,37.7,10612,EQ,,,
2015-04-17,38.7,38.7,36.3,36.8,24227,EQ,,,
2015-04-20,38.25,38.25,35.8,36.1,6847,EQ,,,
2015-04-21,35.3,36.9,35.3,36.1,6156,EQ,,,
2015-04-22,37.15,37.2,35.6,35.75,19213,EQ,,,
2015-04-23,35.9,36.65,35.3,35.65,9604,EQ,,,
2015-04-24,35.6,36.4,33.5,34.1,7242,EQ,,,
2015-04-27,34.5,34.5,31.8,33.0,13168,EQ,,,
2015-04-28,33.55,33.95,32.55,33.75,6284,EQ,,,
2015-04-29,33.4,34.5,32.8,34.4,7175,EQ,,,
2015-04-30,34.45,35.1,32.5,32.8,7693,EQ,,,
2015-05-04,32.8,34.8,32.8,33.6,9778,EQ,,,
2015-05-05,34.0,34.0,33.1,33.3,5816,EQ,,,
2015-05-06,33.1,34.0,31.8,33.1,9233,EQ,,,
2015-05-07,33.1,33.5,32.0,32.15,3492,EQ,,,
2015-05-08,32.75,33.45,32.1,32.75,7524,EQ,,,
2015-05-11,33.6,34.2,32.5,33.8,6774,EQ,,,
2015-05-12,34.0,34.0,32.5,32.6,3164,EQ,,,
2015-05-13,32.6,33.95,32.5,32.6,3426,EQ,,,
2015-05-14,32.6,33.0,31.7,31.85,7969,EQ,,,
2015-05-15,32.8,32.8,31.95,32.15,5179,EQ,,,
2015-05-18,32.9,33.4,32.2,32.75,13232,EQ,,,
2015-05-19,32.8,33.65,32.1,32.3,13409,EQ,,,
2015-05-20,33.1,33.75,32.1,33.55,46641,EQ,,,
2015-05-21,31.4,32.5,30.35,31.4,91151,EQ,,,
2015-05-22,32.6,32.6,30.7,30.9,37631,EQ,,,
2015-05-25,31.2,31.85,31.0,31.2,5746,EQ,,,
2015-05-26,31.4,31.9,30.7,31.3,9809,EQ,,,
2015-05-27,31.0,31.8,30.7,31.4,19515,EQ,,,
2015-05-28,31.25,31.7,31.0,31.1,2249,EQ,,,
2015-05-29,31.0,31.75,30.8,31.5,5979,EQ,,,
2015-06-01,31.7,31.85,31.0,31.15,9864,EQ,,,
2015-06-02,31.6,31.6,30.55,30.8,33245,EQ,,,
2015-06-03,30.5,31.5,29.2,29.65,19179,EQ,,,
2015-06-04,29.8,30.1,28.7,29.1,6358,EQ,,,
2015-06-05,29.2,29.8,28.9,29.5,1308,EQ,,,
2015-06-08,29.7,30.3,28.8,29.2,9302,EQ,,,
2015-06-09,28.75,29.5,28.75,29.2,6954,EQ,,,
2015-06-10,28.9,29.5,27.65,28.1,33884,EQ,,,
2015-06-11,28.0,28.85,26.3,27.6,15589,EQ,,,
2015-06-12,27.9,27.9,27.1,27.45,1588,EQ,,,
2015-06-15,27.65,28.1,27.05,27.65,10492,EQ,,,
2015-06-16,27.9,29.05,27.05,28.4,12720,EQ,,,
2015-06-17,28.65,30.35,28.65,29.6,11206,EQ,,,
2015-06-18,30.05,32.2,29.9,31.4,32420,EQ,,,
2015-06-19,30.9,31.65,30.3,31.4,51335,EQ,,,
2015-06-22,31.35,32.0,31.0,31.7,8481,EQ,,,
2015-06-23,31.9,31.9,30.5,30.9,16455,EQ,,,
2015-06-24,31.25,31.9,31.1,31.5,9402,EQ,,,
2015-06-25,30.5,32.9,30.5,31.65,105746,EQ,,,
2015-06-26,31.4,31.75,31.4,31.5,1990,EQ,,,
2015-06-29,30.9,32.1,29.9,31.75,8163,EQ,,,
2015-06-30,31.5,32.4,30.5,30.8,11886,EQ,,,
2015-07-01,31.0,31.6,31.0,31.2,3475,EQ,,,
2015-07-02,31.2,32.5,31.2,31.75,13904,EQ,,,
2015-07-03,32.1,32.5,31.5,32.25,6133,EQ,,,
2015-07-06,30.6,33.0,30.6,32.7,15025,EQ,,,
2015-07-07,32.7,34.0,32.0,32.65,10063,EQ,,,
2015-07-08,32.3,32.8,30.55,31.0,14441,EQ,,,
2015-07-09,31.3,31.7,30.85,31.3,6020,EQ,,,
2015-07-10,31.45,31.8,31.1,31.4,3430,EQ,,,
2015-07-13,31.9,31.9,30.6,31.3,6405,EQ,,,
2015-07-14,31.15,31.9,31.15,31.4,4177,EQ,,,
2015-07-15,31.5,31.7,30.2,30.55,8082,EQ,,,
2015-07-16,30.0,31.4,29.9,30.5,22597,EQ,,,
2015-07-17,29.9,30.95,29.75,30.3,3965,EQ,,,
2015-07-20,31.0,31.2,30.6,30.75,5924,EQ,,,
2015-07-21,31.0,32.0,30.3,30.35,12569,EQ,,,
2015-07-22,30.5,31.4,30.1,30.5,6663,EQ,,,
2015-07-23,30.75,31.15,30.35,30.9,12969,EQ,,,
2015-07-24,30.7,30.8,29.8,30.1,13687,EQ,,,
2015-07-27,30.0,30.35,29.1,29.25,8804,EQ,,,
2015-07-28,29.85,30.9,29.5,30.0,154840,EQ,,,
2015-07-29,29.85,30.9,29.5,29.9,6193,EQ,,,
2015-07-30,31.0,31.0,30.1,30.4,7121,EQ,,,
2015-07-31,30.3,30.7,29.6,29.7,19747,EQ,,,
2015-08-03,29.5,30.0,29.5,29.9,13223,EQ,,,
2015-08-04,30.0,30.9,29.6,30.5,16134,EQ,,,
2015-08-05,30.5,30.8,30.1,30.25,9721,EQ,,,
2015-08-06,30.4,30.75,29.8,30.5,7037,EQ,,,
2015-08-07,29.5,30.2,27.75,28.75,23581,EQ,,,
2015-08-10,28.9,29.35,28.7,29.15,19050,EQ,,,
2015-08-11,29.0,29.55,28.1,28.5,90662,EQ,,,
2015-08-12,28.0,29.0,27.0,27.3,9936,EQ,,,
2015-08-13,27.55,29.0,27.2,28.2,18116,EQ,,,
2015-08-14,28.05,28.5,27.55,27.8,21975,EQ,,,
2015-08-17,27.85,28.75,27.3,28.0,12792,EQ,,,
2015-08-18,28.0,28.5,27.7,28.1,11520,EQ,,,
2015-08-19,28.3,28.55,27.8,27.95,8329,EQ,,,
2015-08-20,28.0,28.25,27.7,28.0,37547,EQ,,,
2015-08-21,28.0,28.2,27.5,28.1,7438,EQ,,,
2015-08-24,28.1,31.0,26.0,27.9,45631,EQ,,,
2015-08-25,27.6,28.0,26.0,27.1,17842,EQ,,,
2015-08-26,26.9,27.9,26.6,27.8,41655,EQ,,,
2015-08-27,27.45,28.8,27.45,28.65,102673,EQ,,,
2015-08-28,28.55,29.9,28.5,28.7,7079,EQ,,,
2015-08-31,29.3,29.5,28.7,29.25,4683,EQ,,,
2015-09-01,29.8,29.8,27.8,28.1,11273,EQ,,,
2015-09-02,28.55,29.95,28.55,29.2,19675,EQ,,,
2015-09-03,29.5,29.75,29.3,29.6,2496,EQ,,,
2015-09-04,28.6,29.2,28.2,28.45,4309,EQ,,,
2015-09-07,28.15,29.4,27.5,27.7,5039,EQ,,,
2015-09-08,27.5,28.3,27.0,28.0,3372,EQ,,,
2015-09-09,28.65,29.7,28.0,28.2,2367,EQ,,,
2015-09-10,27.7,28.65,27.65,28.55,1278,EQ,,,
2015-09-11,28.8,30.1,28.1,28.7,33240,EQ,,,
2015-09-14,29.1,29.3,28.5,28.55,5590,EQ,,,
2015-09-15,29.0,31.5,28.65,29.85,21967,EQ,,,
2015-09-16,30.1,30.35,29.3,30.2,6161,EQ,,,
2015-09-18,29.9,30.4,28.5,28.75,11957,EQ,,,
2015-09-21,29.7,32.0,29.15,31.0,19238,EQ,,,
2015-09-22,30.0,31.6,29.45,29.85,7156,EQ,,,
2015-09-23,30.0,30.5,29.75,30.2,3080,EQ,,,
2015-09-24,29.95,30.7,29.65,30.25,3474,EQ,,,
2015-09-28,29.8,30.6,29.0,29.25,3558,EQ,,,
2015-09-29,29.5,31.6,28.2,29.9,6167,EQ,,,
2015-09-30,29.5,30.25,29.1,30.1,2033,EQ,,,
2015-10-01,30.0,30.4,28.8,29.2,5556,EQ,,,
2015-10-05,28.95,29.9,28.5,29.2,110433,EQ,,,
2015-10-06,29.55,29.8,28.9,29.1,13157,EQ,,,
2015-10-07,29.2,29.6,28.8,28.9,6224,EQ,,,
2015-10-08,29.5,30.3,28.85,29.25,11192,EQ,,,
2015-10-09,29.4,30.4,29.4,29.8,14540,EQ,,,
2015-10-12,30.0,30.35,29.2,29.5,3161,EQ,,,
2015-10-13,29.7,29.8,29.3,29.55,1351,EQ,,,
2015-10-14,29.2,30.2,29.0,30.0,2785,EQ,,,
2015-10-15,30.0,30.6,29.6,29.7,3225,EQ,,,
2015-10-16,29.2,30.0,28.95,29.2,30003,EQ,,,
2015-10-19,30.0,30.1,28.4,28.65,9435,EQ,,,
2015-10-20,29.1,29.45,28.2,29.4,5082,EQ,,,
2015-10-21,29.5,29.5,28.6,28.8,4999,EQ,,,
2015-10-23,29.4,29.4,28.5,28.6,5916,EQ,,,
2015-10-26,29.0,29.0,28.0,28.2,4656,EQ,,,
2015-10-27,28.2,28.7,27.45,27.85,7646,EQ,,,
2015-10-28,27.9,28.4,27.4,27.65,7438,EQ,,,
2015-10-29,28.0,28.0,26.65,27.15,657569,EQ,,,
2015-10-30,28.1,28.1,26.3,26.5,31617,EQ,,,
2015-11-02,26.15,26.8,25.1,25.75,48309,EQ,,,
2015-11-03,26.8,26.8,25.6,26.0,47023,EQ,,,
2015-11-04,26.2,26.4,25.75,26.1,2932,EQ,,,
2015-11-05,26.2,26.4,25.7,25.9,15674,EQ,,,
2015-11-06,26.5,26.6,24.7,26.0,4298,EQ,,,
2015-11-09,24.8,26.25,24.7,26.0,160360,EQ,,,
2015-11-10,26.5,26.5,25.8,26.05,1918,EQ,,,
2015-11-11,26.5,27.3,25.8,26.8,2741,EQ,,,
2015-11-13,27.4,28.5,26.4,28.25,15986,EQ,,,
2015-11-16,28.5,29.4,28.1,28.4,35461,EQ,,,
2015-11-17,28.5,28.6,27.0,27.4,9732,EQ,,,
2015-11-18,27.4,28.4,27.0,28.0,7625,EQ,,,
2015-11-19,28.0,28.7,27.7,28.5,5451,EQ,,,
2015-11-20,28.6,29.0,28.0,28.4,6085,EQ,,,
2015-11-23,28.5,29.0,28.3,28.9,6388,EQ,,,
2015-11-24,28.55,29.0,28.0,28.1,2627,EQ,,,
2015-11-26,28.2,28.6,27.6,28.2,3253,EQ,,,
2015-11-27,28.4,28.9,28.0,28.2,1284,EQ,,,
2015-11-30,28.3,28.5,27.55,28.0,4965,EQ,,,
2015-12-01,28.0,28.35,27.9,28.2,3905,EQ,,,
2015-12-02,28.2,32.6,28.1,29.7,641756,EQ,,,
2015-12-03,29.7,30.2,29.1,29.45,84412,EQ,,,
2015-12-04,29.0,29.4,28.75,28.95,30353,EQ,,,
2015-12-07,29.0,29.2,28.5,28.6,18265,EQ,,,
2015-12-08,28.55,28.8,27.6,27.8,66435,EQ,,,
2015-12-09,28.0,28.0,26.6,27.2,24187,EQ,,,
2015-12-10,27.8,27.8,26.5,27.1,14979,EQ,,,
2015-12-11,27.0,27.8,26.5,27.2,21514,EQ,,,
2015-12-14,27.5,27.9,26.5,27.1,11165,EQ,,,
2015-12-15,27.1,27.65,27.05,27.4,5683,EQ,,,
2015-12-16,27.4,30.2,27.1,28.0,413220,EQ,,,
2015-12-17,28.2,30.5,28.2,30.1,271840,EQ,,,
2015-12-18,30.3,32.5,30.1,31.65,277719,EQ,,,
2015-12-21,31.7,33.0,31.7,32.1,75282,EQ,,,
2015-12-22,32.15,33.0,31.5,31.8,50687,EQ,,,
2015-12-23,31.9,32.3,30.8,31.45,23726,EQ,,,
2015-12-24,31.6,32.5,31.45,31.9,44922,EQ,,,
2015-12-28,31.5,32.25,31.1,31.45,16941,EQ,,,
2015-12-29,31.7,31.95,30.6,30.9,24625,EQ,,,
2015-12-30,30.9,31.1,30.35,30.5,13024,EQ,,,
2015-12-31,30.05,31.2,30.05,30.6,146005,EQ,,,
2016-01-01,31.0,32.4,30.4,31.65,50805,EQ,,,
2016-01-04,31.2,31.8,30.25,30.65,24393,EQ,,,
2016-01-05,31.4,31.4,30.35,30.65,21926,EQ,,,
2016-01-06,30.7,30.9,30.4,30.7,16874,EQ,,,
2016-01-07,31.1,31.1,28.7,29.25,33064,EQ,,,
2016-01-08,29.3,29.9,29.05,29.2,11222,EQ,,,
2016-01-11,29.8,30.4,28.55,30.0,14543,EQ,,,
2016-01-12,30.0,30.45,29.0,29.1,9118,EQ,,,
2016-01-13,29.1,29.5,26.8,28.2,22422,EQ,,,
2016-01-14,28.0,29.2,27.0,27.7,12454,EQ,,,
2016-01-15,28.25,28.4,26.6,26.75,13088,EQ,,,
2016-01-18,28.0,28.0,25.5,25.65,11874,EQ,,,
2016-01-19,26.5,26.9,25.1,26.65,7559,EQ,,,
2016-01-20,26.5,26.5,24.55,25.05,18181,EQ,,,
2016-01-21,26.25,26.25,24.95,25.2,3948,EQ,,,
2016-01-22,26.1,27.95,25.3,27.4,26125,EQ,,,
2016-01-25,27.25,28.0,26.4,26.6,9458,EQ,,,
2016-01-27,26.9,28.9,26.9,27.55,9517,EQ,,,
2016-01-28,27.4,27.5,26.95,27.15,1929,EQ,,,
2016-01-29,27.6,28.3,26.9,27.75,7102,EQ,,,
2016-02-01,27.5,28.7,27.2,28.4,7093,EQ,,,
2016-02-02,28.3,28.7,26.65,27.25,7123,EQ,,,
2016-02-03,27.5,28.15,25.9,26.45,9013,EQ,,,
2016-02-04,25.9,28.3,23.5,26.6,112386,EQ,,,
2016-02-05,26.8,27.9,25.55,25.75,16066,EQ,,,
2016-02-08,25.75,26.3,25.6,25.85,2969,EQ,,,
2016-02-09,25.7,26.3,25.1,25.7,4459,EQ,,,
2016-02-10,25.0,25.9,25.0,25.5,4165,EQ,,,
2016-02-11,25.2,26.0,24.4,25.1,16113,EQ,,,
2016-02-12,24.85,26.9,22.85,26.3,11128,EQ,,,
2016-02-15,25.6,26.6,25.2,25.7,3967,EQ,,,
2016-02-16,26.5,26.5,24.2,24.4,5231,EQ,,,
2016-02-17,24.5,24.5,23.6,23.75,15917,EQ,,,
2016-02-18,24.6,24.8,23.3,23.75,8907,EQ,,,
2016-02-19,23.5,23.8,23.15,23.3,3588,EQ,,,
2016-02-22,23.5,23.8,22.85,22.9,6754,EQ,,,
2016-02-23,22.5,23.1,22.5,22.5,6460,EQ,,,
2016-02-24,22.1,22.4,21.25,21.7,4635,EQ,,,
2016-02-25,21.25,22.0,21.25,21.4,5018,EQ,,,
2016-02-26,21.1,22.6,19.9,20.3,20367,EQ,,,
2016-02-29,20.5,20.5,19.6,19.9,4607,EQ,,,
2016-03-01,20.2,21.1,19.5,20.0,21552,EQ,,,
2016-03-02,20.4,21.0,20.25,20.4,18194,EQ,,,
2016-03-03,20.05,20.6,20.05,20.25,9153,EQ,,,
2016-03-04,20.3,21.5,20.0,21.2,35749,EQ,,,
2016-03-08,22.2,22.2,21.0,22.0,37472,EQ,,,
2016-03-09,22.0,22.5,21.55,22.4,18131,EQ,,,
2016-03-10,22.5,22.8,21.7,21.9,5642,EQ,,,
2016-03-11,21.8,22.0,20.7,21.0,10946,EQ,,,
2016-03-14,21.1,22.0,20.8,21.65,13377,EQ,,,
2016-03-15,22.0,22.0,21.0,21.4,6813,EQ,,,
2016-03-16,21.4,21.4,20.6,20.8,11145,EQ,,,
2016-03-17,21.8,21.8,20.5,21.05,11642,EQ,,,
2016-03-18,21.5,21.8,20.9,21.05,28158,EQ,,,
2016-03-21,21.15,21.5,21.15,21.45,15033,EQ,,,
2016-03-22,21.3,22.5,21.25,21.3,13436,EQ,,,
2016-03-23,21.35,21.5,21.15,21.4,4220,EQ,,,
2016-03-28,21.3,21.5,20.8,21.0,27369,EQ,,,
2016-03-29,20.55,21.25,20.3,20.5,19146,EQ,,,
2016-03-30,20.8,21.55,20.7,21.25,14060,EQ,,,
2016-03-31,21.25,21.6,20.6,20.9,5123,EQ,,,
2016-04-01,21.4,21.45,20.85,21.05,12388,EQ,,,
2016-04-04,21.1,21.5,20.9,20.9,6605,EQ,,,
2016-04-05,20.85,21.2,20.55,20.85,2453,EQ,,,
2016-04-06,20.75,21.0,20.7,20.9,4057,EQ,,,
2016-04-07,20.75,21.4,20.5,20.7,11349,EQ,,,
2016-04-08,20.5,21.05,20.5,20.9,10473,EQ,,,
2016-04-11,20.8,21.8,20.6,21.45,85448,EQ,,,
2016-04-12,21.25,22.1,21.25,21.9,35324,EQ,,,
2016-04-13,22.1,22.4,21.8,22.05,35058,EQ,,,
2016-04-18,21.4,22.45,21.4,21.7,9390,EQ,,,
2016-04-20,21.7,21.9,21.5,21.5,15999,EQ,,,
2016-04-21,21.5,25.3,21.5,23.9,152043,EQ,,,
2016-04-22,23.55,24.9,22.7,24.6,32614,EQ,,,
2016-04-25,24.0,24.5,23.55,23.8,7709,EQ,,,
2016-04-26,23.5,24.0,22.8,23.9,12382,EQ,,,
2016-04-27,24.0,24.25,23.6,23.75,32319,EQ,,,
2016-04-28,23.3,24.0,23.3,23.65,4284,EQ,,,
2016-04-29,23.6,24.0,23.0,23.85,5125,EQ,,,
2016-05-02,23.8,23.8,23.15,23.2,2961,EQ,,,
2016-05-03,22.7,23.7,22.7,23.1,1733,EQ,,,
2016-05-04,22.5,23.2,22.5,22.7,3439,EQ,,,
2016-05-05,23.1,23.5,22.6,22.8,1753,EQ,,,
2016-05-06,22.45,22.9,22.25,22.3,5180,EQ,,,
2016-05-09,23.45,23.45,22.6,23.0,6192,EQ,,,
2016-05-10,22.6,23.0,22.0,22.2,13733,EQ,,,
2016-05-11,22.6,22.85,21.9,22.7,4988,EQ,,,
2016-05-12,22.0,23.9,21.6,22.5,72213,EQ,,,
2016-05-13,22.5,22.9,22.25,22.4,7609,EQ,,,
2016-05-16,22.4,22.75,21.7,22.3,10911,EQ,,,
2016-05-17,22.4,22.5,22.0,22.1,8496,EQ,,,
2016-05-18,21.9,22.4,21.9,22.0,5144,EQ,,,
2016-05-19,22.15,22.7,22.05,22.3,16626,EQ,,,
2016-05-20,22.2,22.55,22.0,22.0,6181,EQ,,,
2016-05-23,22.45,22.45,21.6,22.0,6362,EQ,,,
2016-05-24,22.0,24.0,21.9,22.0,88321,EQ,,,
2016-05-25,22.35,22.35,21.75,22.0,35782,EQ,,,
2016-05-26,21.65,22.3,21.65,22.0,45472,EQ,,,
2016-05-27,22.35,22.35,21.9,22.0,57115,EQ,,,
2016-05-30,22.5,22.5,21.8,21.9,17404,EQ,,,
2016-05-31,21.8,22.05,21.8,21.85,2760,EQ,,,
2016-06-01,22.0,22.0,21.65,21.7,9261,EQ,,,
2016-06-02,21.7,22.2,21.5,22.1,8596,EQ,,,
2016-06-03,22.3,22.5,22.0,22.25,2420,EQ,,,
2016-06-06,22.2,22.4,21.75,21.9,3686,EQ,,,
2016-06-07,21.7,22.3,21.7,22.25,3801,EQ,,,
2016-06-08,21.8,22.4,21.8,21.9,19163,EQ,,,
2016-06-09,22.3,22.6,21.8,22.0,10979,EQ,,,
2016-06-10,21.9,22.4,21.9,21.9,11053,EQ,,,
2016-06-13,21.9,22.35,21.7,21.8,4080,EQ,,,
2016-06-14,21.8,22.15,21.8,21.9,26364,EQ,,,
2016-06-15,22.2,23.5,21.9,22.9,17111,EQ,,,
2016-06-16,23.0,23.4,21.9,22.05,9593,EQ,,,
2016-06-17,22.2,22.5,21.9,21.95,5312,EQ,,,
2016-06-20,21.9,22.35,21.8,22.0,2103,EQ,,,
2016-06-21,22.4,23.95,22.0,22.95,74357,EQ,,,
2016-06-22,23.05,23.6,22.6,23.4,20117,EQ,,,
2016-06-23,23.6,23.7,22.6,22.95,5505,EQ,,,
2016-06-24,22.5,22.5,21.5,21.9,18427,EQ,,,
2016-06-27,22.1,22.8,21.7,22.4,3577,EQ,,,
2016-06-28,22.05,23.4,21.5,22.6,6757,EQ,,,
2016-06-29,22.2,22.85,22.2,22.6,3043,EQ,,,
2016-06-30,22.1,22.8,22.1,22.55,8575,EQ,,,
2016-07-01,22.15,24.4,22.15,23.45,33163,EQ,,,
2016-07-04,23.0,24.2,23.0,23.9,8135,EQ,,,
2016-07-05,24.4,24.4,23.6,23.75,14301,EQ,,,
2016-07-07,23.5,24.2,23.5,23.75,3220,EQ,,,
2016-07-08,23.75,24.6,23.65,23.85,14913,EQ,,,
2016-07-11,23.75,24.4,23.1,23.7,6334,EQ,,,
2016-07-12,24.2,24.2,23.5,23.9,7023,EQ,,,
2016-07-13,24.1,24.3,23.6,23.95,11658,EQ,,,
2016-07-14,24.2,24.4,23.8,24.2,11417,EQ,,,
2016-07-15,24.0,24.95,24.0,24.8,11055,EQ,,,
2016-07-18,24.7,25.1,24.4,24.8,6239,EQ,,,
2016-07-19,24.8,25.65,24.6,25.5,14124,EQ,,,
2016-07-20,25.5,26.6,25.3,26.2,14388,EQ,,,
2016-07-21,26.5,26.65,25.1,25.25,5251,EQ,,,
2016-07-22,25.5,26.6,25.0,25.55,15595,EQ,,,
2016-07-25,25.6,27.1,25.0,26.2,8525,EQ,,,
2016-07-26,25.4,26.5,25.4,26.0,1523,EQ,,,
2016-07-27,25.5,26.25,24.8,25.0,8075,EQ,,,
2016-07-28,25.5,26.55,25.1,25.65,7560,EQ,,,
2016-07-29,25.5,26.25,25.3,25.9,1657,EQ,,,
2016-08-01,25.85,26.2,25.0,25.75,10903,EQ,,,
2016-08-02,26.0,26.05,25.5,25.9,7862,EQ,,,
2016-08-03,25.9,25.9,24.6,25.2,4754,EQ,,,
2016-08-04,24.85,24.85,21.55,21.8,174516,EQ,,,
2016-08-05,22.2,22.5,21.6,22.1,24308,EQ,,,
2016-08-08,21.9,22.5,21.7,22.0,5546,EQ,,,
2016-08-09,22.35,22.35,21.7,22.0,9448,EQ,,,
2016-08-10,22.3,22.3,21.2,21.6,10233,EQ,,,
2016-08-11,21.6,22.0,20.9,21.1,12493,EQ,,,
2016-08-12,21.1,21.5,20.85,21.0,8974,EQ,,,
2016-08-16,21.0,21.45,20.6,20.8,5808,EQ,,,
2016-08-17,20.55,21.3,20.05,20.4,22574,EQ,,,
2016-08-18,20.4,20.9,20.15,20.65,11449,EQ,,,
2016-08-19,20.65,21.0,19.9,20.0,19068,EQ,,,
2016-08-22,20.8,20.8,19.8,20.0,10170,EQ,,,
2016-08-23,20.0,20.5,19.7,19.85,18479,EQ,,,
2016-08-24,20.3,20.5,19.6,20.0,10821,EQ,,,
2016-08-25,20.0,20.4,19.5,19.95,7634,EQ,,,
2016-08-26,20.5,20.5,19.75,19.8,6271,EQ,,,
2016-08-29,19.4,20.2,19.4,19.55,14665,EQ,,,
2016-08-30,21.7,22.5,19.8,20.0,626419,EQ,,,
2016-08-31,20.2,20.4,19.0,19.35,165485,EQ,,,
2016-09-01,19.75,20.0,19.3,19.5,50437,EQ,,,
2016-09-02,19.7,19.9,19.4,19.5,20457,EQ,,,
2016-09-06,19.4,19.9,19.1,19.25,51574,EQ,,,
2016-09-07,19.1,19.5,18.7,19.1,43125,EQ,,,
2016-09-08,19.2,19.5,18.8,19.35,41595,EQ,,,
2016-09-09,19.2,19.5,19.2,19.25,22321,EQ,,,
2016-09-12,19.1,19.2,18.7,18.9,32044,EQ,,,
2016-09-14,18.8,19.4,18.8,19.2,6016,EQ,,,
2016-09-15,18.9,19.25,18.9,19.1,46024,EQ,,,
2016-09-16,19.0,19.4,18.8,19.0,226998,EQ,,,
2016-09-19,19.4,19.4,18.8,18.85,12153,EQ,,,
2016-09-20,19.7,19.7,18.9,19.0,35768,EQ,,,
2016-09-21,19.0,19.25,18.75,18.8,18136,EQ,,,
2016-09-22,19.0,19.05,18.6,18.7,19506,EQ,,,
2016-09-23,18.9,18.9,18.6,18.65,13230,EQ,,,
2016-09-26,18.65,19.1,18.5,18.8,15830,EQ,,,
2016-09-27,18.8,19.0,18.55,18.75,9063,EQ,,,
2016-09-28,18.8,18.9,18.65,18.7,8032,EQ,,,
2016-09-29,18.7,18.95,17.85,18.0,20968,EQ,,,
2016-09-30,18.05,18.55,17.65,18.1,10004,EQ,,,
2016-10-03,18.1,19.0,18.1,18.8,11270,EQ,,,
2016-10-04,18.9,19.0,18.4,18.6,4847,EQ,,,
2016-10-05,18.75,19.55,18.5,18.9,21333,EQ,,,
2016-10-06,18.9,19.4,18.75,18.95,9502,EQ,,,
2016-10-07,18.9,19.1,18.6,18.7,9919,EQ,,,
2016-10-10,19.2,19.2,18.6,19.0,13598,EQ,,,
2016-10-13,18.65,19.1,18.35,18.55,7645,EQ,,,
2016-10-14,18.55,19.1,18.5,19.0,11741,EQ,,,
2016-10-17,19.0,19.5,18.8,19.2,34518,EQ,,,
2016-10-18,19.2,22.3,19.2,20.75,765682,EQ,,,
2016-10-19,20.8,21.45,19.9,20.2,82162,EQ,,,
2016-10-20,20.3,20.9,19.7,19.9,34249,EQ,,,
2016-10-21,20.35,20.4,19.7,19.9,19001,EQ,,,
2016-10-24,20.6,20.6,19.9,20.0,17209,EQ,,,
2016-10-25,20.0,20.5,19.8,20.0,12016,EQ,,,
2016-10-26,20.0,20.2,19.5,19.8,14384,EQ,,,
2016-10-27,20.7,20.7,19.25,19.45,17995,EQ,,,
2016-10-28,19.5,19.6,19.1,19.4,13240,EQ,,,
2016-10-30,19.8,19.8,19.25,19.4,2612,EQ,,,
2016-11-01,19.4,19.7,19.3,19.5,23962,EQ,,,
2016-11-02,19.2,19.4,18.85,19.25,26571,EQ,,,
2016-11-03,19.5,19.9,19.0,19.15,32351,EQ,,,
2016-11-04,18.6,19.5,18.0,18.2,47511,EQ,,,
2016-11-07,18.9,18.9,18.1,18.35,12757,EQ,,,
2016-11-08,18.5,18.65,18.3,18.4,8944,EQ,,,
2016-11-09,17.6,18.05,16.9,17.9,18730,EQ,,,
2016-11-10,18.0,18.8,18.0,18.4,25616,EQ,,,
2016-11-11,18.4,18.5,17.8,17.95,14432,EQ,,,
2016-11-15,17.75,17.75,16.95,17.2,21151,EQ,,,
2016-11-16,18.1,18.25,17.25,17.3,4764,EQ,,,
2016-11-17,17.1,17.5,17.0,17.05,9574,EQ,,,
2016-11-18,17.3,17.5,16.95,17.05,13593,EQ,,,
2016-11-21,17.0,17.4,16.25,16.65,7746,EQ,,,
2016-11-22,17.4,17.4,16.5,16.75,4966,EQ,,,
2016-11-23,17.0,17.9,16.7,17.2,8309,EQ,,,
2016-11-24,17.0,17.25,16.4,16.6,5766,EQ,,,
2016-11-25,17.0,17.2,16.8,16.9,21287,EQ,,,
2016-11-28,16.8,17.2,16.8,17.1,4028,EQ,,,
2016-11-29,17.1,17.3,16.75,17.1,4640,EQ,,,
2016-11-30,17.4,17.7,17.05,17.5,14947,EQ,,,
2016-12-01,17.8,17.9,17.3,17.4,7045,EQ,,,
2016-12-02,17.95,17.95,17.0,17.3,5329,EQ,,,
2016-12-05,17.75,17.75,16.95,17.05,7792,EQ,,,
2016-12-06,17.0,17.3,16.95,17.0,17193,EQ,,,
2016-12-07,17.25,17.25,16.8,16.95,11012,EQ,,,
2016-12-08,16.95,17.3,16.9,17.0,6653,EQ,,,
2016-12-09,16.9,17.25,16.9,17.2,3067,EQ,,,
2016-12-12,17.05,17.55,17.05,17.4,6191,EQ,,,
2016-12-13,17.25,18.0,17.25,17.85,6015,EQ,,,
2016-12-14,17.85,18.45,17.6,17.6,16819,EQ,,,
2016-12-15,17.5,17.55,17.3,17.5,15952,EQ,,,
2016-12-16,17.5,17.9,17.3,17.6,15014,EQ,,,
2016-12-19,17.9,18.0,17.4,17.5,6847,EQ,,,
2016-12-20,17.4,17.7,17.3,17.5,14787,EQ,,,
2016-12-21,17.5,17.8,17.05,17.5,12678,EQ,,,
2016-12-22,17.75,17.75,17.0,17.3,6738,EQ,,,
2016-12-23,17.45,17.45,17.2,17.2,1351,EQ,,,
2016-12-26,17.75,17.75,16.7,16.95,4107,EQ,,,
2016-12-27,16.8,17.3,16.8,16.9,6888,EQ,,,
2016-12-28,17.25,17.25,16.75,16.8,7275,EQ,,,
2016-12-29,17.1,17.2,16.7,17.0,3730,EQ,,,
2016-12-30,17.5,17.5,16.95,17.0,11020,EQ,,,
2017-01-02,17.15,17.15,16.8,17.0,5698,EQ,,,
2017-01-03,17.2,18.0,16.95,17.5,15855,EQ,,,
2017-01-04,17.4,17.5,17.3,17.4,15190,EQ,,,
2017-01-05,17.45,17.5,17.35,17.4,6247,EQ,,,
2017-01-06,17.6,17.75,17.4,17.5,21020,EQ,,,
2017-01-09,17.45,18.4,17.25,17.6,22635,EQ,,,
2017-01-10,18.0,18.25,17.75,18.05,59847,EQ,,,
2017-01-11,18.0,18.45,18.0,18.3,13865,EQ,,,
2017-01-12,18.4,18.45,18.0,18.15,6537,EQ,,,
2017-01-13,18.15,18.5,18.0,18.1,8521,EQ,,,
2017-01-16,18.5,18.65,18.0,18.3,183713,EQ,,,
2017-01-17,18.4,18.75,18.1,18.25,24749,EQ,,,
2017-01-18,18.55,18.7,18.3,18.45,36855,EQ,,,
2017-01-19,18.5,18.55,18.1,18.25,71309,EQ,,,
2017-01-20,18.2,18.5,18.0,18.1,9316,EQ,,,
2017-01-23,18.4,18.5,18.15,18.2,5689,EQ,,,
2017-01-24,18.2,18.25,17.7,17.8,35650,EQ,,,
2017-01-25,17.7,18.65,17.7,18.2,27665,EQ,,,
2017-01-27,18.45,18.5,17.5,17.65,76266,EQ,,,
2017-01-30,17.8,18.0,17.8,17.85,6530,EQ,,,
2017-01-31,17.5,18.0,17.5,17.8,9230,EQ,,,
2017-02-01,17.8,18.0,17.5,17.8,23067,EQ,,,
2017-02-02,18.0,19.2,17.5,18.1,109266,EQ,,,
2017-02-03,17.8,17.8,17.0,17.3,76340,EQ,,,
2017-02-06,17.2,17.5,16.95,17.05,46482,EQ,,,
2017-02-07,17.1,17.35,16.9,17.0,35132,EQ,,,
2017-02-08,17.0,17.2,16.6,16.75,21795,EQ,,,
2017-02-09,16.75,16.95,16.0,16.3,47867,EQ,,,
2017-02-10,16.4,17.4,16.4,16.5,30755,EQ,,,
2017-02-13,16.5,16.5,16.0,16.05,95748,EQ,,,
2017-02-14,16.5,16.5,16.05,16.25,40629,EQ,,,
2017-02-15,16.8,16.8,16.1,16.3,9834,EQ,,,
2017-02-16,16.4,16.4,15.85,16.1,26125,EQ,,,
2017-02-17,16.5,16.5,15.8,15.95,26049,EQ,,,
2017-02-20,16.25,16.25,15.9,16.2,15060,EQ,,,
2017-02-21,15.8,16.3,15.8,16.1,22141,EQ,,,
2017-02-22,16.05,16.3,15.9,16.25,13830,EQ,,,
2017-02-23,16.45,16.45,15.7,15.8,29669,EQ,,,
2017-02-27,16.0,16.0,15.5,15.7,17864,EQ,,,
2017-02-28,16.0,16.0,15.3,15.7,19021,EQ,,,
2017-03-01,15.6,16.0,15.55,15.9,6469,EQ,,,
2017-03-02,16.1,16.1,15.8,15.8,12753,EQ,,,
2017-03-03,16.0,16.0,15.6,15.8,102458,EQ,,,
2017-03-06,15.6,16.0,15.6,15.9,5917,EQ,,,
2017-03-07,16.0,16.1,15.7,15.7,9895,EQ,,,
2017-03-08,16.0,16.0,15.6,15.95,16909,EQ,,,
2017-03-09,16.05,16.05,15.8,15.95,7110,EQ,,,
2017-03-10,16.5,17.9,15.9,17.3,229752,EQ,,,
2017-03-14,17.4,18.1,17.3,18.0,180760,EQ,,,
2017-03-15,18.1,19.0,17.8,18.55,445158,EQ,,,
2017-03-16,18.6,19.4,18.4,18.65,410196,EQ,,,
2017-03-17,18.85,19.3,18.55,18.6,249081,EQ,,,
2017-03-20,18.7,19.05,18.6,18.75,181721,EQ,,,
2017-03-21,18.8,18.9,18.35,18.5,60537,EQ,,,
2017-03-22,18.25,18.4,17.75,17.85,42597,EQ,,,
2017-03-23,18.25,18.25,17.55,17.75,20607,EQ,,,
2017-03-24,17.55,18.9,17.3,18.8,198463,EQ,,,
2017-03-27,19.0,19.8,18.5,18.75,346067,EQ,,,
2017-03-28,19.0,20.6,19.0,20.35,552021,EQ,,,
2017-03-29,20.6,21.2,20.0,20.3,323205,EQ,,,
2017-03-30,20.5,22.1,20.0,21.45,519499,EQ,,,
2017-03-31,21.4,23.6,21.35,23.1,816871,EQ,,,
2017-04-03,23.5,24.3,23.4,24.05,339417,EQ,,,
2017-04-05,24.0,24.1,22.9,23.1,274585,EQ,,,
2017-04-06,23.1,23.2,22.4,22.85,128706,EQ,,,
2017-04-07,22.5,23.3,21.8,22.0,161514,EQ,,,
2017-04-10,22.05,22.65,21.9,22.1,103821,EQ,,,
2017-04-11,22.15,22.6,21.8,22.1,89797,EQ,,,
2017-04-12,22.1,22.95,21.4,21.75,163169,EQ,,,
2017-04-13,21.9,22.65,21.65,22.2,191681,EQ,,,
2017-04-17,22.4,23.25,22.3,22.65,149151,EQ,,,
2017-04-18,22.85,23.4,22.3,22.4,134790,EQ,,,
2017-04-19,22.5,22.8,21.7,21.9,78483,EQ,,,
2017-04-20,22.15,23.65,22.0,22.9,252314,EQ,,,
2017-04-21,22.9,23.9,22.5,22.7,221780,EQ,,,
2017-04-24,23.0,23.75,22.7,22.9,176038,EQ,,,
2017-04-25,23.0,23.2,22.6,22.75,68962,EQ,,,
2017-04-26,22.8,23.5,21.85,22.0,116247,EQ,,,
2017-04-27,22.2,24.4,22.0,23.9,324139,EQ,,,
2017-04-28,24.5,25.5,24.25,24.5,282920,EQ,,,
2017-05-02,24.7,25.5,24.1,24.3,116090,EQ,,,
2017-05-03,24.55,24.9,23.25,23.5,127358,EQ,,,
2017-05-04,23.55,24.7,23.55,24.35,125943,EQ,,,
2017-05-05,24.8,25.3,23.45,23.55,143958,EQ,,,
2017-05-08,23.9,24.3,23.2,23.5,91075,EQ,,,
2017-05-09,23.7,23.8,23.2,23.55,59015,EQ,,,
2017-05-10,23.7,25.7,23.6,24.8,348695,EQ,,,
2017-05-11,25.0,26.2,24.8,25.1,303428,EQ,,,
2017-05-12,25.2,26.4,25.2,26.0,384417,EQ,,,
2017-05-15,26.25,27.0,25.1,25.3,321998,EQ,,,
2017-05-16,25.3,26.2,25.25,25.7,183961,EQ,,,
2017-05-17,25.7,26.35,25.4,25.5,210976,EQ,,,
2017-05-18,25.0,25.9,24.2,24.6,152573,EQ,,,
2017-05-19,25.0,26.25,24.55,24.85,377215,EQ,,,
2017-05-22,25.1,25.55,22.55,22.7,266143,EQ,,,
2017-05-23,22.7,22.85,21.45,21.7,145615,EQ,,,
2017-05-24,21.6,22.4,20.4,20.7,186803,EQ,,,
2017-05-25,21.05,22.0,20.65,21.25,254398,EQ,,,
2017-05-26,21.3,22.2,21.3,21.7,76757,EQ,,,
2017-05-29,21.9,22.1,21.0,21.2,99588,EQ,,,
2017-05-30,21.2,21.7,20.8,21.2,81400,EQ,,,
2017-05-31,21.3,22.0,21.25,21.55,70694,EQ,,,
2017-06-01,21.7,21.8,21.0,21.05,67113,EQ,,,
2017-06-02,21.25,22.5,21.25,22.05,197814,EQ,,,
2017-06-05,22.1,22.6,22.05,22.2,160566,EQ,,,
2017-06-06,22.3,22.4,21.8,22.0,45825,EQ,,,
2017-06-07,21.9,22.05,21.5,21.6,47896,EQ,,,
2017-06-08,21.5,22.25,21.25,21.7,48266,EQ,,,
2017-06-09,21.75,21.8,21.55,21.6,48540,EQ,,,
2017-06-12,21.35,21.8,21.35,21.7,66515,EQ,,,
2017-06-13,21.45,21.8,21.4,21.55,37949,EQ,,,
2017-06-14,21.5,21.75,21.5,21.6,21926,EQ,,,
2017-06-15,21.55,21.8,21.4,21.75,30692,EQ,,,
2017-06-16,21.6,21.8,21.4,21.5,18057,EQ,,,
2017-06-19,21.6,21.65,20.9,21.0,70234,EQ,,,
2017-06-20,21.0,22.2,20.9,21.75,116340,EQ,,,
2017-06-21,21.8,22.2,21.6,22.1,120130,EQ,,,
2017-06-22,21.95,22.2,21.15,21.4,198708,EQ,,,
2017-06-23,21.5,21.8,20.75,21.15,62971,EQ,,,
2017-06-27,21.4,22.0,21.35,21.55,45320,EQ,,,
2017-06-28,21.3,21.8,21.3,21.7,57773,EQ,,,
2017-06-29,21.5,22.0,21.4,21.7,137554,EQ,,,
2017-06-30,21.8,23.3,21.8,22.7,498335,EQ,,,
2017-07-03,22.6,23.5,22.35,23.25,200336,EQ,,,
2017-07-04,23.25,23.45,22.55,23.0,65703,EQ,,,
2017-07-05,23.0,23.4,22.7,23.05,70785,EQ,,,
2017-07-06,23.05,25.3,22.9,24.4,572892,EQ,,,
2017-07-07,24.3,25.3,23.8,24.0,327918,EQ,,,
2017-07-10,23.7,24.75,23.7,24.4,44601,EQ,,,
2017-07-11,24.55,24.55,23.55,23.7,80998,EQ,,,
2017-07-12,23.7,23.9,22.75,23.05,61108,EQ,,,
2017-07-13,23.1,24.0,22.6,22.75,87696,EQ,,,
2017-07-14,22.8,23.2,22.25,22.5,88715,EQ,,,
2017-07-17,22.6,23.0,22.4,22.55,37110,EQ,,,
2017-07-18,22.6,22.75,21.75,22.05,77879,EQ,,,
2017-07-19,22.25,22.7,22.1,22.35,73964,EQ,,,
2017-07-20,22.35,22.9,22.3,22.5,50367,EQ,,,
2017-07-21,22.6,23.0,22.2,22.5,213759,EQ,,,
2017-07-24,22.5,23.0,22.45,22.6,47842,EQ,,,
2017-07-25,22.85,24.1,22.3,23.5,185038,EQ,,,
2017-07-26,24.75,24.95,23.5,23.7,939218,EQ,,,
2017-07-27,23.8,24.0,22.6,22.9,130770,EQ,,,
2017-07-28,22.35,23.4,22.35,22.9,58973,EQ,,,
2017-07-31,22.5,22.95,22.1,22.7,41863,EQ,,,
2017-08-01,22.75,23.1,22.2,22.35,104765,EQ,,,
2017-08-02,22.55,22.55,21.25,21.5,79205,EQ,,,
2017-08-03,21.55,21.85,20.4,20.7,188898,EQ,,,
2017-08-04,20.6,21.6,19.85,21.25,123087,EQ,,,
2017-08-07,21.25,21.65,20.8,21.05,61893,EQ,,,
2017-08-08,21.15,21.55,20.9,21.2,168997,EQ,,,
2017-08-09,21.0,21.6,20.35,21.4,56562,EQ,,,
2017-08-10,21.45,21.45,20.1,20.7,64815,EQ,,,
2017-08-11,19.5,20.8,18.2,20.55,328787,EQ,,,
2017-08-14,20.8,22.1,20.0,21.7,120564,EQ,,,
2017-08-16,21.55,22.5,21.2,22.0,49972,EQ,,,
2017-08-17,22.0,22.2,21.4,21.7,30422,EQ,,,
2017-08-18,21.4,22.1,20.5,21.75,66755,EQ,,,
2017-08-21,21.7,22.4,21.05,21.45,31939,EQ,,,
2017-08-22,21.75,21.75,20.8,20.95,19861,EQ,,,
2017-08-23,21.2,21.8,21.0,21.2,42623,EQ,,,
2017-08-24,21.55,21.75,20.9,21.1,46467,EQ,,,
2017-08-28,21.4,22.2,21.3,22.05,54249,EQ,,,
2017-08-29,21.7,21.9,21.1,21.25,21391,EQ,,,
2017-08-30,21.5,21.65,21.15,21.35,12595,EQ,,,
2017-08-31,21.4,21.65,21.3,21.4,13185,EQ,,,
2017-09-01,21.7,22.0,21.5,21.6,15210,EQ,,,
2017-09-04,21.7,21.9,21.25,21.4,20477,EQ,,,
2017-09-05,21.5,21.75,21.4,21.6,15772,EQ,,,
2017-09-06,21.5,21.85,21.35,21.6,19212,EQ,,,
2017-09-07,21.85,22.45,21.75,22.2,45518,EQ,,,
2017-09-08,22.2,22.9,21.85,22.1,50716,EQ,,,
2017-09-11,22.1,22.3,21.8,21.9,22729,EQ,,,
2017-09-12,22.0,22.1,21.4,21.55,33265,EQ,,,
2017-09-13,21.7,21.8,21.2,21.35,12535,EQ,,,
2017-09-14,21.5,21.75,21.2,21.25,32812,EQ,,,
2017-09-15,21.25,21.4,21.0,21.2,25744,EQ,,,
2017-09-18,21.25,21.4,20.9,21.05,44814,EQ,,,
2017-09-19,21.0,21.6,20.9,20.95,28420,EQ,,,
2017-09-20,21.35,21.5,20.95,21.05,28429,EQ,,,
2017-09-21,21.1,21.15,20.55,20.7,40465,EQ,,,
2017-09-22,20.65,20.7,20.1,20.5,28922,EQ,,,
2017-09-25,20.75,20.75,19.1,20.05,23772,EQ,,,
2017-09-26,20.3,20.35,19.9,20.25,49347,EQ,,,
2017-09-27,20.0,20.45,19.05,19.25,62532,EQ,,,
2017-09-28,19.25,19.6,19.1,19.5,17575,EQ,,,
2017-09-29,19.5,20.4,19.4,20.1,23830,EQ,,,
2017-10-03,20.5,20.5,20.0,20.0,24038,EQ,,,
2017-10-04,20.05,20.7,20.0,20.4,15366,EQ,,,
2017-10-05,20.5,20.8,20.25,20.4,11974,EQ,,,
2017-10-06,20.35,20.85,20.0,20.3,45449,EQ,,,
2017-10-09,20.6,20.6,20.25,20.35,11291,EQ,,,
2017-10-10,20.6,22.2,20.2,20.9,108981,EQ,,,
2017-10-11,21.2,21.4,20.5,21.2,96736,EQ,,,
2017-10-12,21.15,21.4,21.0,21.2,14783,EQ,,,
2017-10-13,21.1,21.4,20.6,21.25,35905,EQ,,,
2017-10-16,21.5,21.5,21.0,21.0,30325,EQ,,,
2017-10-17,21.0,21.4,21.0,21.2,23945,EQ,,,
2017-10-18,21.0,21.2,20.9,21.0,59777,EQ,,,
2017-10-19,21.0,21.3,20.7,21.0,5993,EQ,,,
2017-10-23,21.0,21.4,21.0,21.0,116481,EQ,,,
2017-10-24,21.25,21.25,21.0,21.05,15472,EQ,,,
2017-10-25,21.0,21.2,20.9,21.0,19113,EQ,,,
2017-10-26,21.0,21.2,21.0,21.0,14285,EQ,,,
2017-10-27,21.05,21.2,21.0,21.0,13391,EQ,,,
2017-10-30,21.1,21.3,20.8,20.9,24726,EQ,,,
2017-10-31,20.9,21.8,20.7,21.05,50167,EQ,,,
2017-11-01,21.4,22.2,21.05,21.6,47597,EQ,,,
2017-11-02,21.85,21.85,21.3,21.4,13446,EQ,,,
2017-11-03,21.7,21.7,21.0,21.05,23955,EQ,,,
2017-11-06,21.25,21.3,21.0,21.15,22242,EQ,,,
2017-11-07,21.2,21.4,21.0,21.0,48146,EQ,,,
2017-11-08,21.05,22.2,21.05,21.5,53447,EQ,,,
2017-11-09,21.45,22.4,21.3,22.0,30571,EQ,,,
2017-11-10,21.8,22.4,21.5,21.55,31545,EQ,,,
2017-11-13,21.8,22.0,21.05,21.1,16137,EQ,,,
2017-11-14,21.45,21.45,20.5,20.7,20460,EQ,,,
2017-11-15,21.0,21.3,20.45,20.65,23607,EQ,,,
2017-11-16,21.15,21.25,20.0,20.15,184497,EQ,,,
2017-11-17,20.4,20.5,19.5,19.65,69406,EQ,,,
2017-11-20,19.65,20.4,19.3,19.6,61981,EQ,,,
2017-11-21,19.65,20.2,19.6,19.9,26964,EQ,,,
2017-11-22,20.0,20.1,19.6,19.75,18047,EQ,,,
2017-11-23,19.95,20.0,19.4,19.55,46292,EQ,,,
2017-11-24,19.65,20.5,19.45,19.7,121158,EQ,,,
2017-11-27,19.8,19.95,19.35,19.6,21454,EQ,,,
2017-11-28,19.65,19.9,19.6,19.7,22823,EQ,,,
2017-11-29,19.8,19.8,18.6,18.85,92792,EQ,,,
2017-11-30,19.05,19.2,18.6,18.7,50338,EQ,,,
2017-12-01,19.0,19.3,18.05,18.1,98055,EQ,,,
2017-12-04,18.4,18.7,18.1,18.25,14713,EQ,,,
2017-12-05,18.3,18.6,17.8,18.2,26724,EQ,,,
2017-12-06,18.3,18.3,17.7,17.9,9974,EQ,,,
2017-12-07,17.8,18.05,17.7,17.75,38621,EQ,,,
2017-12-08,17.9,17.95,17.4,17.5,31017,EQ,,,
2017-12-11,17.65,17.9,17.3,17.6,56367,EQ,,,
2017-12-12,17.7,18.5,17.6,17.7,45152,EQ,,,
2017-12-13,17.8,18.0,17.2,17.35,26377,EQ,,,
2017-12-14,17.55,17.75,17.1,17.2,20325,EQ,,,
2017-12-15,17.45,18.7,17.4,18.25,103063,EQ,,,
2017-12-18,18.5,18.8,17.6,18.4,25798,EQ,,,
2017-12-19,18.75,19.0,18.2,18.5,39583,EQ,,,
2017-12-20,18.3,18.55,18.25,18.4,20836,EQ,,,
2017-12-21,18.6,18.6,18.0,18.2,23178,EQ,,,
2017-12-22,18.2,19.5,18.2,19.0,142628,EQ,,,
2017-12-26,19.25,19.65,19.05,19.5,69909,EQ,,,
2017-12-27,19.6,19.9,19.4,19.5,75974,EQ,,,
2017-12-28,19.7,19.9,19.4,19.6,215518,EQ,,,
2017-12-29,19.7,20.25,19.2,19.3,133333,EQ,,,
2018-01-01,19.4,20.2,19.4,19.65,99603,EQ,,,
2018-01-02,19.8,19.8,18.3,19.0,109975,EQ,,,
2018-01-03,19.25,19.5,18.6,18.75,63879,EQ,,,
2018-01-04,18.8,19.0,18.55,18.7,44514,EQ,,,
2018-01-05,18.6,19.2,18.6,19.05,33778,EQ,,,
2018-01-08,19.05,19.85,18.9,19.4,74808,EQ,,,
2018-01-09,19.5,19.6,19.2,19.25,24473,EQ,,,
2018-01-10,19.5,19.5,18.8,18.9,35103,EQ,,,
2018-01-11,18.9,19.1,18.6,18.9,30837,EQ,,,
2018-01-12,18.9,19.2,18.3,18.8,31074,EQ,,,
2018-01-15,18.8,19.3,18.6,19.05,26667,EQ,,,
2018-01-16,19.2,19.2,18.2,18.25,37180,EQ,,,
2018-01-17,18.3,18.5,17.6,17.9,206404,EQ,,,
2018-01-18,18.2,18.5,17.5,17.55,32072,EQ,,,
2018-01-19,18.0,18.1,17.55,17.9,41673,EQ,,,
2018-01-22,18.0,18.1,17.5,17.9,70557,EQ,,,
2018-01-23,18.0,18.85,17.9,18.6,75005,EQ,,,
2018-01-24,18.8,19.2,18.6,18.95,48314,EQ,,,
2018-01-25,18.9,19.4,18.8,19.2,80101,EQ,,,
2018-01-29,19.4,19.4,19.0,19.0,13353,EQ,,,
2018-01-30,19.0,19.25,18.5,19.0,46093,EQ,,,
2018-01-31,19.0,19.4,18.5,19.05,23999,EQ,,,
2018-02-01,19.0,19.25,18.7,18.9,16036,EQ,,,
2018-02-02,18.35,19.4,18.35,18.9,192573,EQ,,,
2018-02-05,18.6,19.25,18.1,19.05,32137,EQ,,,
2018-02-06,18.3,19.3,17.5,18.9,42471,EQ,,,
2018-02-07,19.1,19.95,18.6,18.9,52790,EQ,,,
2018-02-08,19.2,22.45,18.9,21.55,570649,EQ,,,
2018-02-09,20.9,21.9,20.2,21.5,120701,EQ,,,
2018-02-12,21.5,23.3,21.5,21.75,258720,EQ,,,
2018-02-14,22.0,22.1,21.6,21.9,47027,EQ,,,
2018-02-15,22.25,22.4,21.75,22.2,89769,EQ,,,
2018-02-16,22.35,22.4,21.0,21.1,58865,EQ,,,
2018-02-19,21.15,21.5,20.6,21.05,57221,EQ,,,
2018-02-20,21.3,22.0,20.95,21.55,29806,EQ,,,
2018-02-21,21.2,21.7,21.0,21.35,35919,EQ,,,
2018-02-22,21.1,21.7,21.1,21.45,21793,EQ,,,
2018-02-23,21.2,22.1,21.2,21.9,28663,EQ,,,
2018-02-26,21.8,22.1,21.2,21.6,18639,EQ,,,
2018-02-27,21.8,21.8,21.5,21.5,13259,EQ,,,
2018-02-28,21.3,22.1,21.2,21.55,40629,EQ,,,
2018-03-01,21.55,21.8,21.35,21.5,62026,EQ,,,
2018-03-05,21.5,22.4,20.6,21.55,77395,EQ,,,
2018-03-06,21.85,22.1,21.15,21.4,130788,EQ,,,
2018-03-07,21.5,21.5,20.5,20.75,36401,EQ,,,
2018-03-08,20.95,21.0,20.2,21.0,44317,EQ,,,
2018-03-09,20.7,21.25,20.7,21.0,66552,EQ,,,
2018-03-12,21.3,21.3,20.7,21.0,24010,EQ,,,
2018-03-13,20.65,21.55,20.65,20.9,23780,EQ,,,
2018-03-14,20.9,21.0,20.7,20.9,49415,EQ,,,
2018-03-15,20.85,21.05,20.85,21.0,61491,EQ,,,
2018-03-16,21.0,21.1,20.65,20.85,57796,EQ,,,
2018-03-19,20.9,21.1,19.45,20.0,328736,EQ,,,
2018-03-20,19.85,20.75,19.6,20.6,191360,EQ,,,
2018-03-21,20.9,21.1,20.3,20.4,27910,EQ,,,
2018-03-22,20.0,20.75,20.0,20.55,8664,EQ,,,
2018-03-23,19.8,20.2,19.65,19.9,33439,EQ,,,
2018-03-26,20.0,20.15,18.5,18.55,944768,EQ,,,
2018-03-27,19.25,20.4,19.0,19.7,59969,EQ,,,
2018-03-28,20.0,20.0,18.75,19.0,82041,EQ,,,
2018-04-02,19.25,19.9,19.0,19.5,14165,EQ,,,
2018-04-03,19.6,19.6,19.15,19.25,33237,EQ,,,
2018-04-04,19.25,19.5,18.8,18.9,56023,EQ,,,
2018-04-05,19.2,19.4,18.9,19.0,40504,EQ,,,
2018-04-06,19.1,19.15,18.9,18.9,80998,EQ,,,
2018-04-09,19.0,19.1,18.8,18.9,114434,EQ,,,
2018-04-10,19.0,19.1,18.85,18.95,163005,EQ,,,
2018-04-11,19.2,19.2,18.75,18.8,33896,EQ,,,
2018-04-12,19.0,19.0,18.85,18.9,26363,EQ,,,
2018-04-13,19.0,19.95,19.0,19.75,237924,EQ,,,
2018-04-16,19.6,20.25,19.3,19.95,56417,EQ,,,
2018-04-17,20.2,20.9,19.7,20.2,51488,EQ,,,
2018-04-18,20.3,20.55,20.05,20.3,11048,EQ,,,
2018-04-19,20.2,20.9,20.15,20.6,17841,EQ,,,
2018-04-20,20.6,21.0,20.4,20.75,43263,EQ,,,
2018-04-23,20.8,21.3,20.5,20.75,36004,EQ,,,
2018-04-24,20.75,22.6,20.75,21.75,140203,EQ,,,
2018-04-25,22.0,22.1,20.9,21.05,42352,EQ,,,
2018-04-26,21.1,21.6,20.75,20.95,34337,EQ,,,
2018-04-27,21.45,21.45,20.35,20.7,37660,EQ,,,
2018-04-30,20.8,20.8,19.9,20.0,58307,EQ,,,
2018-05-02,19.8,20.5,19.8,19.9,9535,EQ,,,
2018-05-03,20.45,20.55,19.8,19.95,17658,EQ,,,
2018-05-04,20.1,20.5,19.8,20.15,13786,EQ,,,
2018-05-07,20.3,20.75,19.75,19.8,33248,EQ,,,
2018-05-08,19.9,20.3,19.8,20.0,18636,EQ,,,
2018-05-09,20.0,20.2,19.6,19.75,22106,EQ,,,
2018-05-10,19.9,20.2,19.3,19.75,15250,EQ,,,
2018-05-11,19.5,20.15,19.4,19.85,8423,EQ,,,
2018-05-14,19.5,20.2,19.5,19.6,9965,EQ,,,
2018-05-15,19.75,19.95,18.4,19.0,75044,EQ,,,
2018-05-16,19.0,19.0,18.4,18.7,26022,EQ,,,
2018-05-17,18.7,19.15,18.7,18.95,8003,EQ,,,
2018-05-18,18.9,19.05,18.5,18.55,8584,EQ,,,
2018-05-21,18.55,19.0,18.2,18.25,12644,EQ,,,
2018-05-22,18.3,18.95,18.2,18.5,8723,EQ,,,
2018-05-23,18.55,19.0,18.4,18.7,10321,EQ,,,
2018-05-24,18.7,18.8,15.8,15.85,217009,EQ,,,
2018-05-25,15.95,16.1,14.9,15.8,212135,EQ,,,
2018-05-28,15.8,17.0,15.8,16.9,72100,EQ,,,
2018-05-29,17.05,17.25,16.35,16.5,25433,EQ,,,
2018-05-30,16.4,16.45,16.2,16.3,4078,EQ,,,
2018-05-31,16.5,16.5,16.15,16.2,11780,EQ,,,
2018-06-01,16.25,16.5,16.0,16.1,38149,EQ,,,
2018-06-04,16.1,16.25,15.6,15.8,21015,EQ,,,
2018-06-05,15.75,15.9,15.3,15.55,36840,EQ,,,
2018-06-06,15.5,15.8,15.3,15.55,35497,EQ,,,
2018-06-07,15.5,16.25,15.5,15.6,35084,EQ,,,
2018-06-08,15.6,16.45,15.6,16.05,50828,EQ,,,
2018-06-11,16.15,16.3,15.8,16.05,13056,EQ,,,
2018-06-12,16.3,16.3,15.85,16.0,12254,EQ,,,
2018-06-13,16.1,16.2,15.8,16.0,5075,EQ,,,
2018-06-14,16.0,16.25,15.9,16.0,2869,EQ,,,
2018-06-15,16.05,16.15,15.7,15.75,8600,EQ,,,
2018-06-18,15.8,16.85,15.8,16.0,6686,EQ,,,
2018-06-19,16.05,16.1,15.8,16.0,5349,EQ,,,
2018-06-20,15.7,16.25,15.5,15.55,14479,EQ,,,
2018-06-21,15.65,16.05,15.5,15.5,3173,EQ,,,
2018-06-22,15.55,16.15,15.5,15.7,3114,EQ,,,
2018-06-25,15.7,15.7,15.4,15.5,7706,EQ,,,
2018-06-26,15.5,15.7,15.35,15.5,7159,EQ,,,
2018-06-27,15.5,15.65,15.1,15.5,41509,EQ,,,
2018-06-28,15.5,15.6,15.0,15.0,36300,EQ,,,
2018-06-29,15.05,16.0,14.55,15.5,12609,EQ,,,
2018-07-02,15.5,15.5,15.0,15.2,1527,EQ,,,
2018-07-03,15.4,15.4,14.9,15.0,3754,EQ,,,
2018-07-04,15.25,15.25,14.6,14.9,7489,EQ,,,
2018-07-05,14.95,15.2,14.65,14.85,2900,EQ,,,
2018-07-06,14.85,15.5,14.8,15.3,15306,EQ,,,
2018-07-09,15.3,15.8,15.2,15.3,2058,EQ,,,
2018-07-10,15.5,15.5,15.2,15.3,4799,EQ,,,
2018-07-11,15.4,15.75,15.15,15.4,3850,EQ,,,
2018-07-12,15.5,15.5,15.25,15.3,21532,EQ,,,
2018-07-13,15.2,15.3,14.95,15.0,1924,EQ,,,
2018-07-16,14.95,15.4,14.8,14.8,11775,EQ,,,
2018-07-17,14.55,15.9,14.4,14.95,12582,EQ,,,
2018-07-18,15.2,15.5,14.1,14.55,12229,EQ,,,
2018-07-19,14.75,14.9,14.5,14.7,6075,EQ,,,
2018-07-20,14.7,14.9,14.6,14.7,1337,EQ,,,
2018-07-23,14.5,15.0,14.5,14.9,5207,EQ,,,
2018-07-24,14.9,15.4,14.1,15.05,4357,EQ,,,
2018-07-25,14.85,15.7,14.85,15.4,12471,EQ,,,
2018-07-26,15.6,15.6,15.05,15.3,10068,EQ,,,
2018-07-27,15.45,16.3,15.05,15.5,4000,EQ,,,
2018-07-30,15.4,15.7,15.0,15.2,4510,EQ,,,
2018-07-31,15.4,15.4,14.6,14.7,21586,EQ,,,
2018-08-01,14.7,15.0,14.7,14.8,11053,EQ,,,
2018-08-02,14.8,15.05,14.7,14.8,134063,EQ,,,
2018-08-03,14.8,15.15,14.65,14.8,13330,EQ,,,
2018-08-06,14.8,14.9,14.7,14.8,43725,EQ,,,
2018-08-07,14.7,14.9,14.7,14.8,10618,EQ,,,
2018-08-08,15.0,15.0,13.9,14.05,114353,EQ,,,
2018-08-09,14.1,14.55,14.0,14.3,19670,EQ,,,
2018-08-10,14.2,14.8,13.3,13.75,81250,EQ,,,
2018-08-13,13.65,13.9,13.4,13.55,27493,EQ,,,
2018-08-14,13.4,13.6,13.2,13.4,13932,EQ,,,
2018-08-16,13.35,13.5,13.3,13.4,11820,EQ,,,
2018-08-17,13.3,13.9,13.25,13.4,9866,EQ,,,
2018-08-20,13.5,13.8,13.3,13.5,45243,EQ,,,
2018-08-21,13.4,13.55,13.3,13.4,20465,EQ,,,
2018-08-23,13.5,13.6,13.3,13.4,2924,EQ,,,
2018-08-24,13.3,13.5,13.2,13.3,12160,EQ,,,
2018-08-27,13.5,13.5,12.9,13.0,25471,EQ,,,
2018-08-28,13.05,13.05,12.8,12.9,14195,EQ,,,
2018-08-29,13.0,13.0,12.75,12.8,26457,EQ,,,
2018-08-30,12.9,12.9,12.6,12.7,15803,EQ,,,
2018-08-31,12.7,12.95,12.4,12.55,42173,EQ,,,
2018-09-03,12.7,13.0,12.35,12.55,57204,EQ,,,
2018-09-04,12.7,12.7,12.35,12.4,16095,EQ,,,
2018-09-05,12.55,12.65,12.2,12.5,14770,EQ,,,
2018-09-06,12.6,12.85,11.8,12.6,231713,EQ,,,
2018-09-07,12.6,12.75,11.8,11.8,151206,EQ,,,
2018-09-10,12.0,13.8,11.35,12.2,186573,EQ,,,
2018-09-11,12.3,12.4,11.6,12.0,67754,EQ,,,
2018-09-12,12.2,12.25,11.7,12.0,184629,EQ,,,
2018-09-14,12.25,12.55,11.6,11.9,111852,EQ,,,
2018-09-17,11.9,12.0,11.8,11.95,10151,EQ,,,
2018-09-18,11.85,12.1,11.3,11.5,183046,EQ,,,
2018-09-19,11.6,11.7,10.8,10.95,135857,EQ,,,
2018-09-21,11.1,12.85,11.1,11.65,318207,EQ,,,
2018-09-24,12.6,13.5,12.4,12.7,545918,EQ,,,
2018-09-25,12.7,13.2,12.2,12.95,104299,EQ,,,
2018-09-26,13.0,14.55,12.8,14.05,569849,EQ,,,
2018-09-27,14.5,14.7,13.3,13.6,561811,EQ,,,
2018-09-28,13.6,13.6,12.45,12.7,114709,EQ,,,
2018-10-01,12.5,12.5,11.7,12.0,130567,EQ,,,
2018-10-03,12.0,12.9,11.4,12.2,126791,EQ,,,
2018-10-04,12.0,12.2,11.5,11.9,67884,EQ,,,
2018-10-05,11.9,12.0,11.5,11.7,53763,EQ,,,
2018-10-08,12.4,12.4,10.45,10.7,291773,EQ,,,
2018-10-09,10.8,11.0,9.5,10.1,473124,EQ,,,
2018-10-10,10.35,12.0,10.35,11.7,265503,EQ,,,
2018-10-11,11.3,12.6,11.0,12.2,331988,EQ,,,
2018-10-12,12.2,13.15,12.1,13.0,151384,EQ,,,
2018-10-15,12.9,14.4,12.9,14.2,328240,EQ,,,
2018-10-16,14.1,15.05,14.1,14.7,275140,EQ,,,
2018-10-17,14.5,14.8,13.5,13.55,69290,EQ,,,
2018-10-19,13.25,13.85,12.75,12.95,55436,EQ,,,
2018-10-22,13.0,13.8,12.6,13.45,129586,EQ,,,
2018-10-23,13.4,13.5,12.9,13.1,62567,EQ,,,
2018-10-24,13.2,13.5,13.1,13.15,19843,EQ,,,
2018-10-25,13.0,13.25,12.9,13.0,24137,EQ,,,
2018-10-26,12.9,13.1,12.9,12.9,36971,EQ,,,
2018-10-29,13.0,13.2,12.8,12.8,61093,EQ,,,
2018-10-30,13.0,13.85,12.95,13.3,104048,EQ,,,
2018-10-31,13.2,13.6,12.9,13.1,29654,EQ,,,
2018-11-01,13.4,13.4,13.0,13.2,13698,EQ,,,
2018-11-02,13.2,13.6,13.2,13.4,31800,EQ,,,
2018-11-05,13.5,13.5,13.0,13.0,6006,EQ,,,
2018-11-06,13.4,14.3,12.9,13.1,22873,EQ,,,
2018-11-07,13.3,13.9,13.1,13.3,47026,EQ,,,
2018-11-09,13.3,13.35,13.0,13.15,9845,EQ,,,
2018-11-12,13.4,13.4,13.0,13.1,11563,EQ,,,
2018-11-13,13.2,13.25,13.0,13.05,21969,EQ,,,
2018-11-14,13.1,13.7,13.1,13.2,37130,EQ,,,
2018-11-15,13.0,13.2,12.65,12.85,4724,EQ,,,
2018-11-16,12.95,13.05,12.9,12.95,8372,EQ,,,
2018-11-19,13.2,13.6,12.8,13.0,38561,EQ,,,
2018-11-20,13.2,13.2,12.7,12.8,39593,EQ,,,
2018-11-21,12.9,13.1,12.8,13.0,23195,EQ,,,
2018-11-22,13.15,13.15,12.8,12.9,12209,EQ,,,
2018-11-26,13.2,13.2,12.8,13.0,16584,EQ,,,
2018-11-27,13.0,13.0,12.65,13.0,16880,EQ,,,
2018-11-28,12.9,13.0,12.7,12.7,2838,EQ,,,
2018-11-29,12.95,13.0,12.6,12.9,17704,EQ,,,
2018-11-30,12.5,13.6,12.5,13.25,43555,EQ,,,
2018-12-03,13.35,13.5,12.8,13.05,37521,EQ,,,
2018-12-04,13.3,13.35,12.8,13.0,13994,EQ,,,
2018-12-05,13.0,13.35,12.9,13.0,20087,EQ,,,
2018-12-06,13.0,13.0,12.7,12.95,2170,EQ,,,
2018-12-07,12.9,13.0,12.9,12.9,4688,EQ,,,
2018-12-10,12.9,13.2,12.4,12.55,24592,EQ,,,
2018-12-11,12.0,13.0,12.0,13.0,5988,EQ,,,
2018-12-12,12.8,13.2,12.55,12.95,18147,EQ,,,
2018-12-13,13.1,13.2,12.8,13.0,18289,EQ,,,
2018-12-14,12.8,13.1,12.8,13.0,10778,EQ,,,
2018-12-17,13.0,13.1,12.6,12.75,30291,EQ,,,
2018-12-18,12.8,13.0,12.65,12.8,16977,EQ,,,
2018-12-19,12.7,12.95,12.7,12.9,15302,EQ,,,
2018-12-20,12.7,13.0,12.7,12.9,12454,EQ,,,
2018-12-21,12.9,13.0,12.6,12.75,14214,EQ,,,
2018-12-24,12.45,13.0,12.45,12.65,20419,EQ,,,
2018-12-26,12.65,13.0,12.6,12.95,15594,EQ,,,
2018-12-27,13.0,13.05,12.7,13.0,13688,EQ,,,
2018-12-28,12.9,13.0,12.7,12.9,19180,EQ,,,
2018-12-31,12.8,13.0,12.65,13.0,15717,EQ,,,
2019-01-01,12.95,13.0,12.8,12.9,19549,EQ,,,
2019-01-02,12.9,13.0,12.8,12.9,12844,EQ,,,
2019-01-03,12.9,12.9,12.55,12.65,29513,EQ,,,
2019-01-04,12.65,12.85,12.6,12.8,12393,EQ,,,
2019-01-07,12.7,12.9,12.45,12.65,21856,EQ,,,
2019-01-08,12.7,12.9,12.55,12.7,16266,EQ,,,
2019-01-09,12.7,12.8,12.6,12.7,13015,EQ,,,
2019-01-10,12.7,12.95,12.6,12.8,31111,EQ,,,
2019-01-11,13.0,13.0,12.65,12.8,8347,EQ,,,
2019-01-14,12.85,12.85,12.65,12.7,11108,EQ,,,
2019-01-15,12.85,12.85,12.65,12.7,21376,EQ,,,
2019-01-16,12.8,12.8,12.6,12.8,12233,EQ,,,
2019-01-17,12.8,12.8,12.6,12.8,22394,EQ,,,
2019-01-18,12.8,12.8,12.6,12.7,17077,EQ,,,
2019-01-21,12.75,12.8,12.65,12.7,11315,EQ,,,
2019-01-22,12.65,12.8,12.6,12.7,11392,EQ,,,
2019-01-23,12.7,12.85,12.55,12.7,15358,EQ,,,
2019-01-24,12.65,12.8,12.6,12.8,11899,EQ,,,
2019-01-25,12.7,12.9,12.65,12.75,23966,EQ,,,
2019-01-28,12.6,12.8,12.5,12.5,54097,EQ,,,
2019-01-29,12.6,12.7,12.4,12.5,21684,EQ,,,
2019-01-30,12.6,12.7,12.5,12.6,11785,EQ,,,
2019-01-31,12.7,12.7,12.55,12.7,12766,EQ,,,
2019-02-01,12.6,13.2,12.6,12.95,84725,EQ,,,
2019-02-04,12.9,13.5,12.6,13.05,32577,EQ,,,
2019-02-05,13.0,13.4,12.7,12.85,21460,EQ,,,
2019-02-06,13.05,13.4,12.8,13.0,19975,EQ,,,
2019-02-07,13.0,13.0,12.85,13.0,18386,EQ,,,
2019-02-08,12.9,13.05,12.75,13.0,18080,EQ,,,
2019-02-11,12.9,12.9,12.7,12.85,36781,EQ,,,
2019-02-12,12.75,12.9,12.75,12.8,33718,EQ,,,
2019-02-13,12.8,12.9,12.75,12.8,26476,EQ,,,
2019-02-14,12.7,12.9,12.5,12.75,32722,EQ,,,
2019-02-15,12.7,12.8,12.3,12.55,88348,EQ,,,
2019-02-18,12.3,12.5,12.2,12.35,111642,EQ,,,
2019-02-19,12.4,12.5,12.3,12.35,9196,EQ,,,
2019-02-20,12.3,12.45,12.1,12.2,74358,EQ,,,
2019-02-21,12.4,12.4,12.2,12.4,12325,EQ,,,
2019-02-22,12.4,12.45,12.2,12.2,34271,EQ,,,
2019-02-25,12.3,12.7,12.0,12.6,46345,EQ,,,
2019-02-26,12.7,12.8,12.35,12.7,10027,EQ,,,
2019-02-27,12.8,13.2,12.7,12.75,25526,EQ,,,
2019-02-28,12.9,13.05,12.7,12.8,28232,EQ,,,
2019-03-01,12.8,13.0,12.7,12.8,30920,EQ,,,
2019-03-05,13.0,13.05,12.7,12.9,32818,EQ,,,
2019-03-06,12.95,13.05,12.55,12.6,29638,EQ,,,
2019-03-07,12.7,12.8,12.6,12.75,15420,EQ,,,
2019-03-08,12.7,13.65,12.6,12.75,138045,EQ,,,
2019-03-11,12.75,13.1,12.75,12.9,69846,EQ,,,
2019-03-12,13.05,13.9,12.8,12.9,497520,EQ,,,
2019-03-13,13.0,13.15,12.8,13.0,35013,EQ,,,
2019-03-14,13.0,13.1,12.8,13.0,34967,EQ,,,
2019-03-15,13.2,13.8,12.9,13.2,118096,EQ,,,
2019-03-18,13.1,13.8,12.95,13.1,54609,EQ,,,
2019-03-19,13.05,13.05,12.8,12.85,23317,EQ,,,
2019-03-20,13.0,13.0,12.75,12.75,23845,EQ,,,
2019-03-22,12.6,12.8,12.6,12.75,11397,EQ,,,
2019-03-25,12.55,12.7,12.4,12.4,33005,EQ,,,
2019-03-26,12.4,12.55,12.05,12.25,28588,EQ,,,
2019-03-27,12.2,12.4,11.9,12.05,37409,EQ,,,
2019-03-28,12.1,12.2,11.9,11.95,27239,EQ,,,
2019-03-29,12.05,12.1,11.95,12.0,10369,EQ,,,
2019-04-01,12.15,12.2,11.75,11.8,19587,EQ,,,
2019-04-02,11.9,11.95,11.5,11.65,23806,EQ,,,
2019-04-03,11.8,12.8,11.7,11.7,154719,EQ,,,
2019-04-04,11.9,12.2,11.6,12.0,26888,EQ,,,
2019-04-05,12.0,12.3,12.0,12.2,39565,EQ,,,
2019-04-08,12.2,12.4,12.0,12.1,62382,EQ,,,
2019-04-09,12.3,12.3,11.8,11.9,14135,EQ,,,
2019-04-10,12.05,12.6,12.05,12.45,21488,EQ,,,
2019-04-11,12.4,12.8,12.4,12.75,7056,EQ,,,
2019-04-12,12.7,13.15,12.6,13.0,12788,EQ,,,
2019-04-15,13.05,13.5,12.9,13.2,14718,EQ,,,
2019-04-16,13.2,13.25,13.0,13.2,11177,EQ,,,
2019-04-18,13.2,13.2,12.95,12.95,33520,EQ,,,
2019-04-22,13.0,13.0,12.2,12.35,13716,EQ,,,
2019-04-23,12.3,12.8,12.3,12.65,5322,EQ,,,
2019-04-24,12.5,13.0,12.4,12.7,2364,EQ,,,
2019-04-25,12.7,12.7,12.3,12.45,2216,EQ,,,
2019-04-26,12.45,12.5,12.3,12.4,1831,EQ,,,
2019-04-30,12.55,12.55,12.2,12.45,5329,EQ,,,
2019-05-02,12.4,12.9,12.2,12.7,5171,EQ,,,
2019-05-03,12.55,12.55,12.3,12.3,11465,EQ,,,
2019-05-06,12.3,12.3,12.2,12.3,1566,EQ,,,
2019-05-07,12.25,12.9,12.2,12.45,9997,EQ,,,
2019-05-08,12.3,13.0,11.95,12.15,14591,EQ,,,
2019-05-09,12.2,12.4,12.05,12.4,4041,EQ,,,
2019-05-10,12.2,12.4,12.1,12.3,8234,EQ,,,
2019-05-13,12.2,12.45,12.0,12.1,5279,EQ,,,
2019-05-14,12.05,12.3,12.0,12.05,2553,EQ,,,
2019-05-15,12.2,12.35,12.0,12.15,2720,EQ,,,
2019-05-16,12.15,12.3,12.1,12.2,3371,EQ,,,
2019-05-17,12.1,12.6,12.1,12.35,5905,EQ,,,
2019-05-20,12.9,12.9,12.2,12.8,20737,EQ,,,
2019-05-21,12.65,12.65,12.25,12.3,4414,EQ,,,
2019-05-22,12.4,12.45,12.2,12.25,2946,EQ,,,
2019-05-23,13.5,14.3,13.1,13.3,106256,EQ,,,
2019-05-24,13.4,14.7,13.4,14.55,84754,EQ,,,
2019-05-27,14.6,15.35,14.6,15.3,47866,EQ,,,
2019-05-28,15.3,15.6,15.1,15.2,55495,EQ,,,
2019-05-29,15.1,15.1,14.8,15.1,11926,EQ,,,
2019-05-30,16.0,16.0,14.8,15.0,10935,EQ,,,
2019-05-31,15.7,15.7,15.1,15.3,17056,EQ,,,
2019-06-03,15.8,15.9,15.25,15.7,8205,EQ,,,
2019-06-04,15.65,15.8,15.5,15.7,6772,EQ,,,
2019-06-06,15.9,15.9,15.2,15.3,8040,EQ,,,
2019-06-07,15.2,15.7,14.85,15.3,4736,EQ,,,
2019-06-10,15.2,15.2,14.9,15.1,5951,EQ,,,
2019-06-11,15.1,15.3,15.0,15.2,4745,EQ,,,
2019-06-12,15.05,15.05,14.75,14.85,3239,EQ,,,
2019-06-13,15.1,15.1,14.1,14.55,5914,EQ,,,
2019-06-14,14.8,14.8,14.5,14.7,8475,EQ,,,
2019-06-17,14.4,15.0,14.1,14.9,3801,EQ,,,
2019-06-18,14.9,15.0,14.75,14.8,7156,EQ,,,
2019-06-19,14.7,15.0,14.6,14.8,3798,EQ,,,
2019-06-20,14.7,14.8,14.55,14.7,2092,EQ,,,
2019-06-21,14.7,15.2,14.7,14.9,3668,EQ,,,
2019-06-24,14.7,15.05,14.65,14.8,9706,EQ,,,
2019-06-25,14.7,15.0,14.6,14.9,4672,EQ,,,
2019-06-26,14.7,15.5,14.7,15.05,10040,EQ,,,
2019-06-27,14.7,15.4,14.7,15.05,6911,EQ,,,
2019-06-28,14.9,15.4,14.9,15.3,8536,EQ,,,
2019-07-01,15.1,15.8,15.1,15.5,5545,EQ,,,
2019-07-02,15.0,16.9,15.0,16.2,110190,EQ,,,
2019-07-03,16.6,16.9,16.25,16.5,67137,EQ,,,
2019-07-04,16.3,16.8,16.2,16.2,21278,EQ,,,
2019-07-05,16.2,16.35,15.3,15.5,10477,EQ,,,
2019-07-08,15.2,15.35,14.7,15.05,13824,EQ,,,
2019-07-09,14.8,15.1,14.5,15.0,16529,EQ,,,
2019-07-10,14.55,15.3,14.55,15.2,3400,EQ,,,
2019-07-11,15.0,15.3,14.65,14.8,6192,EQ,,,
2019-07-12,14.7,15.3,14.7,15.0,7791,EQ,,,
2019-07-15,14.8,15.3,14.8,15.25,6351,EQ,,,
2019-07-16,15.0,16.0,15.0,15.85,8457,EQ,,,
2019-07-17,15.9,16.0,15.6,15.8,14916,EQ,,,
2019-07-18,15.8,16.0,15.8,15.85,8660,EQ,,,
2019-07-19,16.2,16.2,15.25,15.3,10398,EQ,,,
2019-07-22,15.5,15.5,14.8,15.0,6847,EQ,,,
2019-07-23,14.8,15.05,14.8,14.8,8680,EQ,,,
2019-07-24,14.8,15.1,14.8,15.0,9765,EQ,,,
2019-07-25,14.8,15.1,14.3,14.9,27507,EQ,,,
2019-07-26,14.8,14.85,14.6,14.7,4586,EQ,,,
2019-07-29,14.3,14.9,14.1,14.65,12253,EQ,,,
2019-07-30,14.4,14.8,14.3,14.5,6851,EQ,,,
2019-07-31,14.4,14.9,14.2,14.7,10201,EQ,,,
2019-08-01,14.6,15.3,14.3,14.4,9925,EQ,,,
2019-08-02,14.3,15.0,14.3,14.8,6128,EQ,,,
2019-08-05,14.4,14.4,13.5,13.65,21323,EQ,,,
2019-08-06,13.5,14.3,13.5,14.0,5986,EQ,,,
2019-08-07,14.1,14.2,13.65,13.7,5039,EQ,,,
2019-08-08,13.7,13.9,13.7,13.8,2291,EQ,,,
2019-08-09,13.9,14.2,13.7,13.7,11149,EQ,,,
2019-08-13,14.0,14.0,13.4,13.5,6954,EQ,,,
2019-08-14,13.5,13.9,13.35,13.45,38533,EQ,,,
2019-08-16,13.4,13.5,12.9,13.0,24078,EQ,,,
2019-08-19,13.0,13.3,13.0,13.0,20757,EQ,,,
2019-08-20,12.8,13.3,12.8,13.0,4958,EQ,,,
2019-08-21,13.1,13.1,13.0,13.0,37493,EQ,,,
2019-08-22,13.1,13.1,12.9,13.0,7075,EQ,,,
2019-08-23,13.1,13.7,13.0,13.1,7772,EQ,,,
2019-08-26,13.8,13.8,13.05,13.1,6061,EQ,,,
2019-08-27,13.65,14.0,13.1,13.15,15650,EQ,,,
2019-08-28,13.4,14.0,13.1,13.5,5549,EQ,,,
2019-08-29,13.9,13.9,13.2,13.2,1115,EQ,,,
2019-08-30,13.1,13.6,13.05,13.35,8500,EQ,,,
2019-09-03,13.2,13.4,12.8,13.0,3440,EQ,,,
2019-09-04,13.15,13.7,13.15,13.5,9510,EQ,,,
2019-09-05,13.7,13.9,13.3,13.5,31624,EQ,,,
2019-09-06,13.5,13.7,13.1,13.4,6695,EQ,,,
2019-09-09,13.3,14.05,13.1,13.55,7390,EQ,,,
2019-09-11,13.7,14.05,13.6,13.8,6618,EQ,,,
2019-09-12,13.7,14.5,13.7,13.95,49669,EQ,,,
2019-09-13,14.0,14.25,13.9,14.0,52979,EQ,,,
2019-09-16,14.0,14.8,14.0,14.4,74594,EQ,,,
2019-09-17,14.7,14.8,14.2,14.3,47918,EQ,,,
2019-09-18,14.5,14.75,14.2,14.4,32231,EQ,,,
2019-09-19,14.4,14.7,14.3,14.55,20011,EQ,,,
2019-09-20,14.45,14.9,14.3,14.85,41336,EQ,,,
2019-09-23,15.0,15.8,14.8,15.0,21661,EQ,,,
2019-09-24,14.9,15.35,14.9,15.25,18615,EQ,,,
2019-09-25,15.15,15.25,14.7,15.15,12978,EQ,,,
2019-09-26,15.4,15.4,14.85,15.0,16478,EQ,,,
2019-09-27,15.15,15.2,14.8,14.9,6125,EQ,,,
2019-09-30,15.2,15.2,14.8,15.0,30626,EQ,93.0,329.31,5676.0
2019-10-01,15.1,15.1,14.8,15.0,26057,EQ,286.0,91.11,25089.0
2019-10-03,14.8,15.3,14.8,14.95,5807,EQ,141.0,41.18,4652.0
2019-10-04,15.0,15.25,14.8,14.95,7168,EQ,190.0,37.73,4779.0
2019-10-07,14.95,15.05,14.7,14.9,53543,EQ,594.0,90.14,36445.0
2019-10-09,15.0,15.0,14.3,14.6,24179,EQ,390.0,62.0,18006.0
2019-10-10,14.6,15.0,14.4,14.65,11179,EQ,340.0,32.88,7109.0
2019-10-11,14.6,14.8,14.4,14.55,5349,EQ,231.0,23.16,3814.0
2019-10-14,14.5,14.9,14.5,14.8,4704,EQ,135.0,34.84,3342.0
2019-10-15,14.8,14.8,14.4,14.55,9735,EQ,211.0,46.14,6263.0
2019-10-16,14.8,14.8,14.55,14.7,1957,EQ,64.0,30.58,1583.0
2019-10-17,14.6,14.7,14.6,14.7,3568,EQ,81.0,44.05,3228.0
2019-10-18,14.7,14.75,14.5,14.6,7256,EQ,85.0,85.36,6760.0
2019-10-22,14.6,14.8,14.0,14.45,21911,EQ,457.0,47.95,16173.0
2019-10-23,14.6,14.6,14.3,14.5,5615,EQ,159.0,35.31,3719.0
2019-10-24,14.6,14.9,14.3,14.7,6091,EQ,206.0,29.57,3382.0
2019-10-25,14.7,14.8,14.3,14.4,7032,EQ,136.0,51.71,4866.0
2019-10-29,14.5,14.55,14.35,14.45,3589,EQ,119.0,30.16,2214.0
2019-10-30,14.5,14.8,13.9,14.4,9722,EQ,555.0,17.52,3450.0
2019-10-31,14.55,14.55,14.45,14.5,4219,EQ,100.0,42.19,2969.0
2019-11-01,14.6,14.9,14.4,14.7,3151,EQ,75.0,42.01,2791.0
2019-11-04,14.7,14.7,14.5,14.5,6684,EQ,75.0,89.12,5408.0
2019-11-05,14.65,14.8,14.25,14.4,13697,EQ,162.0,84.55,12220.0
2019-11-06,14.6,14.9,14.55,14.75,5423,EQ,70.0,77.47,4956.0
2019-11-07,14.8,15.9,14.5,14.7,14838,EQ,338.0,43.9,10960.0
2019-11-08,14.6,14.8,14.4,14.6,8183,EQ,92.0,88.95,6800.0
2019-11-11,14.6,14.6,14.4,14.5,9155,EQ,128.0,71.52,6069.0
2019-11-13,14.5,14.7,14.4,14.55,3935,EQ,99.0,39.75,2383.0
2019-11-14,14.8,16.0,14.8,15.1,22397,EQ,717.0,31.24,10858.0
2019-11-15,15.5,15.5,14.5,14.95,61857,EQ,390.0,158.61,55931.0
2019-11-18,14.9,15.2,14.65,14.7,4626,EQ,112.0,41.3,3379.0
2019-11-19,14.6,14.95,14.2,14.65,8214,EQ,152.0,54.04,5896.0
2019-11-20,14.7,14.75,14.7,14.7,1723,EQ,25.0,68.92,1663.0
2019-11-21,14.7,15.0,14.5,14.75,82530,EQ,262.0,315.0,78547.0
2019-11-22,14.75,15.0,14.6,14.8,59154,EQ,294.0,201.2,55997.0
2019-11-25,14.7,14.8,14.3,14.5,5540,EQ,319.0,17.37,2276.0
2019-11-26,14.4,15.0,14.4,14.4,15185,EQ,137.0,110.84,12348.0
2019-11-27,14.4,14.6,14.15,14.3,4494,EQ,179.0,25.11,3067.0
2019-11-28,15.0,15.0,13.8,13.9,9659,EQ,352.0,27.44,5326.0
2019-11-29,14.4,14.4,13.7,13.85,3775,EQ,220.0,17.16,2617.0
2019-12-02,14.1,14.2,13.5,13.5,18402,EQ,271.0,67.9,12840.0
2019-12-03,13.5,13.75,13.5,13.5,2958,EQ,69.0,42.87,2453.0
2019-12-04,13.5,13.95,13.5,13.7,5043,EQ,155.0,32.54,3684.0
2019-12-05,14.0,14.0,13.5,13.6,2300,EQ,201.0,11.44,893.0
2019-12-06,13.7,13.8,13.5,13.5,932,EQ,110.0,8.47,520.0
2019-12-09,13.5,13.9,13.5,13.75,3591,EQ,183.0,19.62,2411.0
2019-12-10,13.9,13.9,13.55,13.55,6222,EQ,155.0,40.14,5012.0
2019-12-11,13.75,13.75,13.55,13.55,1470,EQ,82.0,17.93,1104.0
2019-12-12,13.55,13.8,13.55,13.55,3587,EQ,94.0,38.16,2609.0
2019-12-13,13.55,13.8,13.5,13.5,16472,EQ,288.0,57.19,13568.0
2019-12-16,13.6,13.7,13.55,13.7,4622,EQ,105.0,44.02,4212.0
2019-12-17,13.6,13.8,13.5,13.55,8898,EQ,214.0,41.58,5488.0
2019-12-18,13.55,13.65,13.5,13.5,5832,EQ,62.0,94.06,4504.0
2019-12-19,13.6,13.9,13.5,13.5,2601,EQ,50.0,52.02,1839.0
2019-12-20,13.6,13.8,13.5,13.6,3352,EQ,77.0,43.53,2110.0
2019-12-23,13.9,13.9,13.5,13.5,2263,EQ,19.0,119.11,1747.0
2019-12-24,13.55,13.75,13.5,13.5,1035,EQ,22.0,47.05,775.0
2019-12-26,13.55,13.7,13.5,13.55,3933,EQ,111.0,35.43,1807.0
2019-12-27,13.55,13.9,13.55,13.7,4354,EQ,92.0,47.33,3194.0
2019-12-30,13.8,14.7,13.7,14.4,15053,EQ,112.0,134.4,14754.0
2019-12-31,14.4,14.5,13.8,13.8,3073,EQ,158.0,19.45,2364.0
2020-01-01,14.0,14.0,13.7,13.8,1034,EQ,63.0,16.41,677.0
2020-01-02,13.8,14.9,13.8,14.3,8277,EQ,168.0,49.27,5623.0
2020-01-03,14.2,14.4,13.65,13.8,6916,EQ,211.0,32.78,4197.0
2020-01-06,13.7,13.8,13.5,13.7,10126,EQ,199.0,50.88,6242.0
2020-01-07,13.8,13.9,13.5,13.6,5369,EQ,141.0,38.08,2711.0
2020-01-08,13.8,13.8,13.7,13.8,1225,EQ,17.0,72.06,1143.0
2020-01-09,13.7,14.05,13.6,13.65,3279,EQ,77.0,42.58,2909.0
2020-01-10,13.65,13.8,13.5,13.55,6886,EQ,95.0,72.48,5520.0
2020-01-13,13.75,13.75,13.6,13.6,7455,EQ,59.0,126.36,5789.0
2020-01-14,13.6,13.7,13.5,13.7,13910,EQ,87.0,159.89,10047.0
2020-01-15,13.6,14.4,13.6,14.15,6906,EQ,112.0,61.66,6055.0
2020-01-16,14.45,14.45,13.8,13.9,2713,EQ,98.0,27.68,2029.0
2020-01-17,14.0,14.7,13.9,14.55,6829,EQ,236.0,28.94,4731.0
2020-01-20,14.6,14.9,14.0,14.7,13911,EQ,1259.0,11.05,11749.0
2020-01-21,14.3,14.7,14.3,14.5,5196,EQ,119.0,43.66,4491.0
2020-01-22,14.5,14.8,14.2,14.55,7613,EQ,207.0,36.78,4220.0
2020-01-23,14.6,14.6,14.2,14.25,2516,EQ,150.0,16.77,1334.0
2020-01-24,14.25,14.3,13.9,14.05,3561,EQ,135.0,26.38,2041.0
2020-01-27,14.3,14.3,13.75,13.8,6610,EQ,117.0,56.5,5948.0
2020-01-28,14.2,14.2,13.5,13.55,4199,EQ,220.0,19.09,2778.0
2020-01-29,13.5,13.85,13.5,13.6,4648,EQ,163.0,28.52,2825.0
2020-01-30,13.55,13.9,13.55,13.75,1623,EQ,40.0,40.58,1440.0
2020-01-31,14.0,14.0,13.6,13.6,7445,EQ,63.0,118.17,6797.0
2020-02-03,13.5,13.7,13.0,13.1,4545,EQ,135.0,33.67,2966.0
2020-02-04,13.25,13.5,12.8,12.8,40794,EQ,512.0,79.68,35139.0
2020-02-05,13.15,13.35,12.8,13.05,42206,EQ,707.0,59.7,21283.0
2020-02-06,13.1,13.3,12.8,13.05,6189,EQ,126.0,49.12,4371.0
2020-02-07,14.1,15.7,13.75,15.7,964004,EQ,9824.0,98.13,212140.0
2020-02-10,16.1,17.2,14.75,16.85,548970,EQ,10817.0,50.75,148928.0
2020-02-11,16.8,19.0,16.55,17.25,506923,EQ,13612.0,37.24,126756.0
2020-02-12,17.25,18.1,16.8,17.8,88308,EQ,2731.0,32.34,39926.0
2020-02-13,17.3,18.0,16.8,17.8,59385,EQ,1148.0,51.73,32342.0
2020-02-14,17.5,18.0,17.05,17.25,20106,EQ,972.0,20.69,8915.0
2020-02-17,17.0,17.3,16.7,16.8,33058,EQ,507.0,65.2,25754.0
2020-02-18,16.7,17.1,16.6,16.85,14017,EQ,321.0,43.67,10360.0
2020-02-19,16.7,17.5,16.7,16.9,13328,EQ,549.0,24.28,8535.0
2020-02-20,16.9,17.1,16.7,16.7,16693,EQ,383.0,43.58,12715.0
2020-02-24,16.7,17.55,16.45,17.0,38677,EQ,416.0,92.97,36354.0
2020-02-25,16.9,17.2,16.75,17.1,12079,EQ,348.0,34.71,7050.0
2020-02-26,16.75,17.05,16.7,16.7,8985,EQ,172.0,52.24,7422.0
2020-02-27,16.8,17.2,16.7,17.0,6970,EQ,132.0,52.8,4992.0
2020-02-28,16.8,17.05,16.6,16.75,27039,EQ,249.0,108.59,24837.0
2020-03-02,16.75,17.0,15.5,15.9,18406,EQ,331.0,55.61,14857.0
2020-03-03,15.5,16.2,15.5,15.7,12488,EQ,240.0,52.03,10853.0
2020-03-04,15.8,16.0,14.9,15.05,14004,EQ,272.0,51.49,10727.0
2020-03-05,15.5,16.9,15.4,16.2,38357,EQ,760.0,50.47,22546.0
2020-03-06,15.0,16.7,14.25,15.8,18317,EQ,668.0,27.42,8477.0
2020-03-09,15.5,15.5,14.3,14.5,20160,EQ,487.0,41.4,13337.0
2020-03-11,14.8,15.5,14.45,14.8,8514,EQ,229.0,37.18,3851.0
2020-03-12,14.3,14.3,13.0,13.6,28145,EQ,490.0,57.44,18922.0
2020-03-13,12.6,14.0,11.0,13.2,27287,EQ,460.0,59.32,15992.0
2020-03-16,13.0,13.0,11.6,11.85,35069,EQ,723.0,48.5,22831.0
2020-03-17,12.0,12.0,10.7,10.95,26773,EQ,620.0,43.18,21007.0
2020-03-18,11.0,11.8,10.3,11.4,27541,EQ,602.0,45.75,17318.0
2020-03-19,11.5,11.7,9.55,9.7,95292,EQ,974.0,97.84,71031.0
2020-03-20,10.0,10.2,9.25,9.65,26746,EQ,583.0,45.88,21012.0
2020-03-23,8.2,9.9,7.7,8.55,24827,EQ,402.0,61.76,12143.0
2020-03-24,8.7,8.7,7.9,7.95,9007,EQ,375.0,24.02,6061.0
2020-03-25,7.6,8.2,7.2,7.95,21802,EQ,2494.0,8.74,13975.0
2020-03-26,7.95,8.55,7.4,7.75,42122,EQ,534.0,78.88,36720.0
2020-03-27,8.4,8.4,7.0,7.7,25462,EQ,360.0,70.73,17719.0
2020-03-30,7.5,8.2,7.0,7.75,10892,EQ,138.0,78.93,8010.0
2020-03-31,7.6,8.5,7.5,8.45,6629,EQ,189.0,35.07,5259.0
2020-04-01,8.15,9.2,8.15,8.8,2011,EQ,84.0,23.94,1149.0
2020-04-03,9.2,9.6,8.4,8.55,7423,EQ,207.0,35.86,3951.0
2020-04-07,9.25,9.25,8.1,8.45,9761,EQ,172.0,56.75,6720.0
2020-04-08,8.3,8.95,8.3,8.9,20299,EQ,170.0,119.41,17735.0
2020-04-09,9.6,9.6,8.75,8.8,8157,EQ,139.0,58.68,7197.0
2020-04-13,8.7,8.7,8.1,8.3,24012,EQ,,,
2020-04-15,8.0,8.4,8.0,8.2,37561,EQ,316.0,118.86,30068.0
2020-04-16,8.7,8.8,8.1,8.55,7841,EQ,305.0,25.71,5905.0
2020-04-17,8.85,8.85,8.6,8.8,18771,EQ,300.0,62.57,10656.0
2020-04-20,8.9,9.45,8.8,9.2,10909,EQ,442.0,24.68,6421.0
2020-04-21,9.0,9.2,8.9,9.15,8877,EQ,205.0,43.3,7424.0
2020-04-22,8.9,9.1,8.8,9.05,2831,EQ,79.0,35.84,2394.0
2020-04-23,9.1,9.4,9.0,9.0,5220,EQ,134.0,38.96,4693.0
2020-04-24,9.4,9.55,9.0,9.3,19485,EQ,207.0,94.13,15932.0
2020-04-27,9.3,9.45,8.8,8.95,46655,EQ,242.0,192.79,43754.0
2020-04-28,9.0,9.0,8.55,8.9,9598,EQ,200.0,47.99,5744.0
2020-04-29,8.7,9.3,8.7,9.15,3822,EQ,102.0,37.47,2930.0
2020-04-30,9.2,9.6,8.8,9.05,17515,EQ,304.0,57.62,13241.0
2020-05-04,8.7,8.95,8.5,8.7,3265,EQ,108.0,30.23,2196.0
2020-05-05,8.6,9.0,8.5,8.55,2039,EQ,90.0,22.66,1019.0
2020-05-06,8.8,8.8,8.5,8.6,1231,EQ,57.0,21.6,446.0
2020-05-07,8.55,8.75,8.35,8.45,4489,EQ,156.0,28.78,1503.0
2020-05-08,8.55,8.7,8.3,8.4,9514,EQ,203.0,46.87,6717.0
2020-05-11,8.65,8.65,8.2,8.3,12506,EQ,379.0,33.0,6850.0
2020-05-12,8.2,8.45,8.0,8.2,5273,EQ,160.0,32.96,3307.0
2020-05-13,8.55,8.6,8.1,8.3,3616,EQ,183.0,19.76,2131.0
2020-05-14,8.3,8.4,8.05,8.15,3379,EQ,106.0,31.88,1773.0
2020-05-15,8.1,8.3,8.0,8.25,5294,EQ,320.0,16.54,647.0
2020-05-18,8.2,8.2,7.5,7.8,14363,EQ,171.0,83.99,11572.0
2020-05-19,7.9,8.2,7.8,8.05,20600,EQ,428.0,48.13,9326.0
2020-05-20,8.0,8.3,7.8,8.2,6746,EQ,295.0,22.87,4871.0
2020-05-21,8.0,8.45,8.0,8.25,2058,EQ,150.0,13.72,1315.0
2020-05-22,8.25,8.4,7.8,8.0,6383,EQ,157.0,40.66,3571.0
2020-05-26,8.0,8.2,7.7,7.9,6872,EQ,418.0,16.44,3747.0
2020-05-27,8.15,8.7,7.8,8.45,15321,EQ,592.0,25.88,9507.0
2020-05-28,8.95,9.2,8.6,8.95,7368,EQ,276.0,26.7,4353.0
2020-05-29,9.3,9.3,8.3,8.55,10390,EQ,700.0,14.84,5188.0
2020-06-01,8.55,9.3,8.55,9.05,9032,EQ,774.0,11.67,5854.0
2020-06-02,9.3,9.5,9.0,9.4,13722,EQ,656.0,20.92,9045.0
2020-06-03,9.8,9.95,9.3,9.9,35388,EQ,1539.0,22.99,15228.0
2020-06-04,10.2,10.85,10.2,10.7,56462,EQ,974.0,57.97,32712.0
2020-06-05,11.5,12.35,10.85,10.9,180968,EQ,3914.0,46.24,83970.0
2020-06-08,11.5,11.5,10.2,10.4,51396,EQ,991.0,51.86,34497.0
2020-06-09,10.6,10.8,10.1,10.35,12077,EQ,332.0,36.38,7728.0
2020-06-10,10.35,10.9,10.3,10.7,11414,EQ,305.0,37.42,6433.0
2020-06-11,10.8,10.8,10.2,10.4,9156,EQ,784.0,11.68,3260.0
2020-06-12,10.5,10.5,9.2,10.1,8470,EQ,288.0,29.41,5258.0
2020-06-15,9.85,10.55,9.85,10.2,8235,EQ,147.0,56.02,5367.0
2020-06-16,10.5,10.6,9.8,9.95,24139,EQ,839.0,28.77,12792.0
2020-06-17,9.9,10.35,9.4,9.7,12707,EQ,601.0,21.14,8314.0
2020-06-18,9.7,10.0,9.7,9.9,17534,EQ,404.0,43.4,12772.0
2020-06-19,9.8,10.55,9.8,10.3,17224,EQ,610.0,28.24,12379.0
2020-06-22,10.2,11.2,10.2,10.6,46869,EQ,1149.0,40.79,25607.0
2020-06-23,11.0,11.0,10.3,10.4,8260,EQ,241.0,34.27,6826.0
2020-06-24,10.7,10.9,9.9,10.1,23065,EQ,631.0,36.55,13533.0
2020-06-25,10.2,11.7,10.2,11.2,194138,EQ,3203.0,60.61,74767.0
2020-06-26,11.3,12.25,11.25,12.0,293834,EQ,3606.0,81.48,96436.0
2020-06-29,12.0,12.3,11.0,11.3,139647,EQ,2921.0,47.81,94202.0
2020-06-30,11.55,12.3,11.15,11.8,518368,EQ,8767.0,59.13,189689.0
2020-07-01,11.95,12.05,11.5,11.55,46753,EQ,1563.0,29.91,28325.0
2020-07-02,11.6,12.1,11.5,11.9,81837,EQ,1874.0,43.67,51226.0
2020-07-03,12.05,12.2,11.7,11.8,53785,EQ,1345.0,39.99,30620.0
2020-07-06,11.95,12.1,11.2,11.7,94957,EQ,1869.0,50.81,49006.0
2020-07-07,11.7,11.9,11.5,11.6,22604,EQ,592.0,38.18,15788.0
2020-07-08,11.8,11.8,10.8,11.05,54542,EQ,1073.0,50.83,37029.0
2020-07-09,11.05,11.4,11.05,11.15,25594,EQ,505.0,50.68,17380.0
2020-07-10,11.15,11.7,10.7,11.45,93997,EQ,2002.0,46.95,41199.0
2020-07-13,11.7,11.7,11.0,11.15,28117,EQ,743.0,37.84,18401.0
2020-07-14,11.0,11.25,10.6,10.7,57188,EQ,1299.0,44.02,33100.0
2020-07-15,10.6,11.15,10.55,10.7,23333,EQ,659.0,35.41,16818.0
2020-07-16,10.6,10.95,10.5,10.6,20679,EQ,698.0,29.63,13346.0
2020-07-17,10.6,10.8,10.45,10.65,29933,EQ,1024.0,29.23,21478.0
2020-07-20,10.8,11.05,10.5,10.85,48647,EQ,1139.0,42.71,21190.0
2020-07-21,10.85,10.85,10.6,10.65,17135,EQ,473.0,36.23,10937.0
2020-07-22,10.8,10.8,10.4,10.45,21910,EQ,673.0,32.56,13453.0
2020-07-23,10.6,10.7,10.4,10.5,27204,EQ,454.0,59.92,20647.0
2020-07-24,10.4,10.5,10.2,10.4,26735,EQ,982.0,27.23,12767.0
2020-07-27,10.4,10.55,10.0,10.15,14879,EQ,661.0,22.51,9106.0
2020-07-28,10.0,10.3,10.0,10.1,14222,EQ,580.0,24.52,11116.0
2020-07-29,10.25,10.25,10.0,10.05,29427,EQ,773.0,38.07,18086.0
2020-07-30,10.05,10.25,9.95,10.05,21654,EQ,540.0,40.1,15237.0
2020-07-31,9.9,10.2,9.8,9.95,24570,EQ,973.0,25.25,16807.0
2020-08-03,10.2,10.2,9.75,9.8,54302,EQ,894.0,60.74,40188.0
2020-08-04,10.2,10.3,10.0,10.2,23422,EQ,654.0,35.81,18260.0
2020-08-05,10.4,10.4,10.2,10.3,6440,EQ,339.0,19.0,4361.0
2020-08-06,10.2,10.5,10.2,10.3,23941,EQ,1265.0,18.93,9853.0
2020-08-07,10.3,11.45,9.8,11.1,109454,EQ,2164.0,50.58,70252.0
2020-08-10,11.3,11.7,11.1,11.4,46324,EQ,890.0,52.05,37758.0
2020-08-11,11.4,11.4,11.1,11.3,20908,EQ,619.0,33.78,14926.0
2020-08-12,11.3,11.8,11.1,11.55,36642,EQ,809.0,45.29,20357.0
2020-08-13,11.65,12.05,11.5,11.95,63497,EQ,1277.0,49.72,50657.0
2020-08-14,11.95,12.0,11.55,11.7,17442,EQ,480.0,36.34,12026.0
2020-08-17,11.75,11.9,11.5,11.6,14663,EQ,310.0,47.3,11739.0
2020-08-18,11.6,12.0,11.6,11.8,14604,EQ,446.0,32.74,10851.0
2020-08-19,11.8,12.1,11.65,11.9,20358,EQ,647.0,31.47,16103.0
2020-08-20,11.9,13.1,11.9,12.7,101747,EQ,2566.0,39.65,61142.0
2020-08-21,12.8,13.35,12.35,12.8,81423,EQ,2030.0,40.11,40569.0
2020-08-24,13.0,13.2,12.55,13.0,32748,EQ,734.0,44.62,19357.0
2020-08-25,13.25,13.5,12.4,12.55,49220,EQ,875.0,56.25,33411.0
2020-08-26,12.55,13.7,12.55,13.0,117875,EQ,2504.0,47.07,51411.0
2020-08-27,13.05,13.05,12.5,12.7,14200,EQ,738.0,19.24,8606.0
2020-08-28,12.7,12.95,12.35,12.45,11950,EQ,517.0,23.11,6480.0
2020-08-31,12.5,12.8,11.9,11.9,41661,EQ,558.0,74.66,33066.0
2020-09-01,12.4,12.4,11.9,11.95,13857,EQ,404.0,34.3,10288.0
2020-09-02,11.95,12.3,11.9,12.1,5692,EQ,196.0,29.04,1845.0
2020-09-03,12.0,12.1,11.65,11.75,16018,EQ,567.0,28.25,11716.0
2020-09-04,11.6,12.0,11.3,11.45,26770,EQ,1003.0,26.69,9120.0
2020-09-07,11.3,12.1,11.2,11.75,26513,EQ,674.0,39.34,18812.0
2020-09-08,11.9,11.9,11.3,11.4,16270,EQ,727.0,22.38,5625.0
2020-09-09,11.3,12.1,11.1,11.9,13769,EQ,262.0,52.55,6904.0
2020-09-10,11.9,12.0,11.6,11.7,2008,EQ,121.0,16.6,1199.0
2020-09-11,11.7,13.4,11.6,12.0,38230,EQ,1333.0,28.68,12584.0
2020-09-14,12.2,12.4,11.2,11.4,55336,EQ,2123.0,26.07,29381.0
2020-09-15,11.9,11.9,11.3,11.4,16151,EQ,585.0,27.61,7209.0
2020-09-16,11.45,11.7,11.3,11.4,15123,EQ,423.0,35.75,5043.0
2020-09-17,11.2,11.5,11.2,11.25,18712,EQ,619.0,30.23,5457.0
2020-09-18,11.4,11.5,11.3,11.4,11785,EQ,366.0,32.2,5566.0
2020-09-21,11.4,12.0,10.9,11.1,13798,EQ,456.0,30.26,8297.0
2020-09-22,10.6,11.8,10.6,11.3,17409,EQ,324.0,53.73,13427.0
2020-09-23,11.45,11.6,11.1,11.2,4305,EQ,251.0,17.15,2548.0
2020-09-24,10.9,11.2,10.8,10.95,2308,EQ,110.0,20.98,1599.0
2020-09-25,11.2,11.9,11.0,11.2,5355,EQ,240.0,22.31,3768.0
2020-09-28,11.25,11.55,11.0,11.1,15044,EQ,,,
2020-09-29,11.25,11.3,11.0,11.05,5451,EQ,77.0,70.79,4048.0
2020-09-30,11.2,11.4,11.05,11.3,9569,EQ,161.0,59.43,5832.0
2020-10-01,11.4,11.4,11.0,11.1,2283,EQ,126.0,18.12,1194.0
2020-10-05,11.0,11.45,11.0,11.15,9350,EQ,176.0,53.12,7002.0
2020-10-06,11.3,11.6,11.2,11.3,3771,EQ,117.0,32.23,2368.0
2020-10-07,11.3,12.0,11.15,11.4,61517,EQ,446.0,137.93,13149.0
2020-10-08,11.9,11.9,11.1,11.25,23849,EQ,480.0,49.69,16727.0
2020-10-09,11.4,11.4,11.15,11.3,1618,EQ,83.0,19.49,828.0
2020-10-12,11.4,11.6,11.1,11.45,45498,EQ,417.0,109.11,41790.0
2020-10-13,11.3,11.5,11.15,11.4,27606,EQ,551.0,50.1,15389.0
2020-10-14,11.3,11.45,11.0,11.4,34074,EQ,303.0,112.46,26184.0
2020-10-15,11.3,11.5,10.8,11.0,101118,EQ,1064.0,95.04,88227.0
2020-10-16,11.4,11.4,10.7,10.8,8896,EQ,266.0,33.44,5983.0
2020-10-19,10.85,11.4,10.8,10.8,20263,EQ,296.0,68.46,12207.0
2020-10-20,10.8,11.3,10.8,10.9,7902,EQ,212.0,37.27,4910.0
2020-10-21,10.9,11.2,10.85,11.1,7778,EQ,110.0,70.71,4964.0
2020-10-22,11.0,11.0,10.85,10.9,7891,EQ,101.0,78.13,6208.0
2020-10-23,11.55,11.55,10.85,11.0,16828,EQ,136.0,123.74,15215.0
2020-10-26,10.9,10.95,10.8,10.9,5875,EQ,67.0,87.69,4398.0
2020-10-27,10.85,11.0,10.85,10.85,18284,EQ,133.0,137.47,16870.0
2020-10-28,10.85,11.4,10.75,10.9,32472,EQ,310.0,104.75,16244.0
2020-10-29,10.8,11.05,10.2,10.5,14376,EQ,311.0,46.23,9523.0
2020-10-30,10.6,10.9,10.3,10.4,25051,EQ,805.0,31.12,19454.0
2020-11-02,10.5,10.8,10.15,10.7,8751,EQ,169.0,51.78,5181.0
2020-11-03,10.8,10.8,10.35,10.35,4258,EQ,138.0,30.86,3050.0
2020-11-04,10.5,10.7,10.4,10.55,4073,EQ,229.0,17.79,2862.0
2020-11-05,10.7,11.1,10.45,11.05,21522,EQ,341.0,63.11,15999.0
2020-11-06,11.0,11.0,10.8,10.9,16347,EQ,319.0,51.24,13518.0
2020-11-09,11.05,11.9,10.8,11.0,20928,EQ,320.0,65.4,17586.0
2020-11-10,10.9,11.7,10.3,11.0,28616,EQ,453.0,63.17,20894.0
2020-11-11,12.4,12.95,11.0,11.25,308960,EQ,5966.0,51.79,137470.0
2020-11-12,11.55,11.55,11.1,11.2,52806,EQ,1260.0,41.91,41226.0
2020-11-13,11.3,11.4,11.1,11.4,150911,EQ,1008.0,149.71,137940.0
2020-11-17,11.6,12.0,11.3,11.95,303740,EQ,1787.0,169.97,174905.0
2020-11-18,12.1,12.9,11.95,12.8,160374,EQ,2545.0,63.02,101956.0
2020-11-19,13.0,14.15,12.5,13.1,585515,EQ,5032.0,116.36,182437.0
2020-11-20,13.3,14.3,12.9,14.1,1320130,EQ,13407.0,98.47,419313.0
2020-11-23,14.25,14.25,13.45,13.8,240892,EQ,5740.0,41.97,116091.0
2020-11-24,13.9,13.9,12.9,13.0,290881,EQ,3708.0,78.45,193765.0
2020-11-25,13.15,13.4,12.3,12.45,160756,EQ,2489.0,64.59,86502.0
2020-11-26,12.45,12.6,12.1,12.45,83001,EQ,1065.0,77.94,53626.0
2020-11-27,12.6,12.95,12.4,12.6,76705,EQ,1679.0,45.68,43049.0
2020-12-01,12.9,12.9,12.4,12.7,45316,EQ,624.0,72.62,34953.0
2020-12-02,12.55,12.9,12.5,12.6,54806,EQ,775.0,70.72,40978.0
2020-12-03,12.7,12.8,12.55,12.6,47015,EQ,609.0,77.2,33612.0
2020-12-04,12.75,13.2,12.6,13.05,103929,EQ,1498.0,69.38,70001.0
2020-12-07,13.25,13.3,12.7,12.8,58040,EQ,1227.0,47.3,43355.0
2020-12-08,13.0,13.3,12.65,13.0,100776,EQ,1683.0,59.88,47560.0
2020-12-09,13.0,13.4,12.9,13.35,137101,EQ,2273.0,60.32,67691.0
2020-12-10,13.5,13.6,12.85,12.95,70854,EQ,1800.0,39.36,34420.0
2020-12-11,13.0,13.3,12.9,12.95,29842,EQ,727.0,41.05,17233.0
2020-12-14,13.05,13.3,12.85,12.95,35837,EQ,722.0,49.64,25578.0
2020-12-15,13.05,13.05,12.6,12.85,123258,EQ,1673.0,73.67,94001.0
2020-12-16,13.05,13.25,12.8,12.9,109008,EQ,2079.0,52.43,79151.0
2020-12-17,12.95,13.05,12.75,12.85,47942,EQ,870.0,55.11,29543.0
2020-12-18,12.8,13.0,12.4,12.5,348423,EQ,1188.0,293.29,320077.0
2020-12-21,12.6,13.2,12.2,12.4,381495,EQ,3441.0,110.87,213009.0
2020-12-22,12.4,12.6,11.9,12.25,46353,EQ,1265.0,36.64,26591.0
2020-12-23,12.3,13.0,12.2,12.8,87327,EQ,1398.0,62.47,47875.0
2020-12-24,13.0,13.5,12.8,13.35,132675,EQ,1796.0,73.87,94800.0
2020-12-28,13.7,15.3,13.7,14.85,797055,EQ,10388.0,76.73,385241.0
2020-12-29,15.3,15.5,14.7,15.05,403339,EQ,5821.0,69.29,223669.0
2020-12-30,15.2,15.4,14.65,15.3,205942,EQ,3207.0,64.22,117925.0
2020-12-31,15.0,15.75,15.0,15.25,186657,EQ,2871.0,65.01,105812.0
2021-01-01,15.25,15.4,15.0,15.3,66565,EQ,1626.0,40.94,30838.0
2021-01-04,15.35,15.5,14.4,14.7,97958,EQ,1840.0,53.24,60241.0
2021-01-05,14.7,14.8,13.9,14.2,137440,EQ,2783.0,49.39,66584.0
2021-01-06,14.05,14.4,13.7,13.95,53430,EQ,1155.0,46.26,30723.0
2021-01-07,14.25,14.5,14.0,14.35,50268,EQ,924.0,54.4,33395.0
2021-01-08,14.55,15.0,14.4,14.7,92980,EQ,1824.0,50.98,57207.0
2021-01-11,14.7,14.8,14.2,14.3,70976,EQ,1002.0,70.83,37856.0
2021-01-12,14.5,14.5,14.0,14.15,41445,EQ,802.0,51.68,24023.0
2021-01-13,14.6,14.6,13.9,14.2,39818,EQ,927.0,42.95,21126.0
2021-01-14,14.1,14.5,14.0,14.15,45692,EQ,808.0,56.55,20840.0
2021-01-15,14.3,14.3,13.9,14.0,26868,EQ,834.0,32.22,14689.0
2021-01-18,14.0,14.25,13.8,13.9,32251,EQ,619.0,52.1,22219.0
2021-01-19,14.0,14.6,13.95,14.5,46521,EQ,892.0,52.15,27406.0
2021-01-20,14.4,14.5,14.15,14.2,24632,EQ,464.0,53.09,16970.0
2021-01-21,14.3,14.45,14.0,14.1,22095,EQ,500.0,44.19,14576.0
2021-01-22,14.1,14.4,13.7,13.85,35097,EQ,998.0,35.17,13060.0
2021-01-25,14.25,14.4,13.2,13.5,50529,EQ,1149.0,43.98,29613.0
2021-01-27,13.8,13.8,13.0,13.25,17849,EQ,446.0,40.02,10670.0
2021-01-28,13.0,13.4,12.9,13.0,43612,EQ,781.0,55.84,33858.0
2021-01-29,13.3,13.4,12.85,13.0,18064,EQ,473.0,38.19,11215.0
2021-02-01,13.05,13.45,13.0,13.4,28059,EQ,610.0,46.0,21083.0
2021-02-02,13.5,14.5,13.3,14.25,83577,EQ,1083.0,77.17,60226.0
2021-02-03,14.5,14.7,14.3,14.55,72520,EQ,1213.0,59.79,54518.0
2021-02-04,14.8,15.9,14.2,15.2,606666,EQ,7513.0,80.75,254215.0
2021-02-05,15.6,16.0,15.2,15.6,300625,EQ,3893.0,77.22,179324.0
2021-02-08,15.8,16.0,15.3,15.4,128397,EQ,1918.0,66.94,88687.0
2021-02-09,15.25,15.5,15.1,15.25,81025,EQ,1384.0,58.54,50698.0
2021-02-10,15.5,16.1,15.15,15.8,217719,EQ,2502.0,87.02,163925.0
2021-02-11,16.05,16.05,15.55,15.8,43515,EQ,1064.0,40.9,24537.0
2021-02-12,15.9,16.05,15.55,15.8,84534,EQ,1201.0,70.39,60117.0
2021-02-15,15.9,16.75,15.9,16.4,183866,EQ,2564.0,71.71,123184.0
2021-02-16,16.55,16.55,15.7,15.8,66073,EQ,1068.0,61.87,39560.0
2021-02-17,16.1,16.15,15.8,16.0,54582,EQ,934.0,58.44,35619.0
2021-02-18,15.7,16.2,15.7,16.0,49392,EQ,626.0,78.9,35154.0
2021-02-19,16.05,17.2,15.9,16.35,185086,EQ,3769.0,49.11,87835.0
2021-02-22,16.5,16.65,15.7,15.75,48164,EQ,795.0,60.58,31475.0
2021-02-23,16.1,16.1,15.5,15.75,35355,EQ,581.0,60.85,22799.0
2021-02-24,15.55,16.5,15.4,15.95,22635,EQ,470.0,48.16,15483.0
2021-02-25,16.0,16.1,15.5,15.8,32192,EQ,979.0,32.88,20629.0
2021-02-26,15.8,15.9,15.25,15.4,28914,EQ,984.0,29.38,16876.0
2021-03-01,15.7,16.25,15.4,15.7,143480,EQ,1285.0,111.66,117665.0
2021-03-02,15.85,16.1,15.65,15.8,31024,EQ,724.0,42.85,21747.0
2021-03-03,15.7,16.1,15.5,15.95,63653,EQ,878.0,72.5,45942.0
2021-03-04,16.0,16.55,15.8,16.0,70420,EQ,1377.0,51.14,39117.0
2021-03-05,16.0,16.3,15.6,15.75,41670,EQ,1713.0,24.33,16330.0
2021-03-08,16.1,16.2,15.5,15.6,35158,EQ,1253.0,28.06,16344.0
2021-03-09,15.9,16.0,15.65,15.9,16474,EQ,615.0,26.79,9517.0
2021-03-10,16.2,16.2,15.8,15.9,12704,EQ,335.0,37.92,9979.0
2021-03-12,15.95,16.0,15.5,15.65,25270,EQ,584.0,43.27,17502.0
2021-03-15,15.6,15.8,12.8,14.25,62747,EQ,963.0,65.16,43053.0
2021-03-16,14.7,15.65,14.6,15.0,103181,EQ,1872.0,55.12,58346.0
2021-03-17,15.05,15.25,14.6,14.7,34320,EQ,764.0,44.92,27250.0
2021-03-18,15.0,15.25,14.2,14.3,44978,EQ,889.0,50.59,22252.0
2021-03-19,14.15,14.8,14.0,14.5,26027,EQ,539.0,48.29,18547.0
2021-03-22,14.55,15.0,14.05,14.5,31847,EQ,986.0,32.3,14933.0
2021-03-23,14.9,15.5,14.5,15.3,34632,EQ,940.0,36.84,14074.0
2021-03-24,15.2,15.35,14.7,14.8,29306,EQ,685.0,42.78,21333.0
2021-03-25,14.85,15.1,14.2,14.3,64385,EQ,1383.0,46.55,45650.0
2021-03-26,14.4,15.2,14.4,15.1,51514,EQ,766.0,67.25,40382.0
2021-03-30,15.4,15.4,14.8,15.05,14213,EQ,269.0,52.84,10127.0
2021-03-31,15.3,15.3,14.7,14.8,27045,EQ,596.0,45.38,16120.0
2021-04-01,15.5,15.8,15.25,15.55,35027,EQ,665.0,52.67,24927.0
2021-04-05,15.8,15.8,15.1,15.3,12346,EQ,256.0,48.23,8594.0
2021-04-06,15.7,15.7,15.2,15.6,12842,EQ,249.0,51.57,9916.0
2021-04-07,15.7,15.7,15.5,15.5,23846,EQ,296.0,80.56,18169.0
2021-04-08,15.55,16.2,15.5,15.8,85470,EQ,1157.0,73.87,55396.0
2021-04-09,16.0,16.4,15.7,15.9,49296,EQ,617.0,79.9,36085.0
2021-04-12,16.0,16.0,15.0,15.4,55006,EQ,963.0,57.12,36281.0
2021-04-13,15.4,15.5,15.15,15.4,9785,EQ,222.0,44.08,5402.0
2021-04-15,15.0,15.35,14.85,15.0,26507,EQ,523.0,50.68,15192.0
2021-04-16,15.0,15.4,14.8,15.0,32735,EQ,422.0,77.57,24133.0
2021-04-19,15.0,15.25,12.1,14.8,34350,EQ,820.0,41.89,19506.0
2021-04-20,15.9,15.9,15.1,15.3,62301,EQ,931.0,66.92,42891.0
2021-04-22,15.3,15.7,15.1,15.45,28179,EQ,554.0,50.86,15116.0
2021-04-23,15.25,16.0,15.25,15.7,17361,EQ,473.0,36.7,11487.0
2021-04-26,15.5,16.2,15.45,16.05,38383,EQ,579.0,66.29,31785.0
2021-04-27,16.2,16.75,15.8,16.2,90907,EQ,2084.0,43.62,47310.0
2021-04-28,16.35,16.5,16.0,16.25,26670,EQ,434.0,61.45,18913.0
2021-04-29,16.5,16.9,16.05,16.2,39378,EQ,1382.0,28.49,16175.0
2021-04-30,16.1,16.4,15.9,16.0,26097,EQ,603.0,43.28,19499.0
2021-05-03,15.9,17.6,15.55,17.2,126463,EQ,3092.0,40.9,64801.0
2021-05-04,17.5,18.0,17.25,17.4,96926,EQ,1958.0,49.5,55848.0
2021-05-05,17.4,18.8,17.4,18.6,128020,EQ,1917.0,66.78,71716.0
2021-05-06,18.8,19.75,18.25,19.45,137835,EQ,3700.0,37.25,67823.0
2021-05-07,19.55,19.55,19.05,19.2,58427,EQ,1382.0,42.28,36636.0
2021-05-10,19.7,20.25,18.8,19.85,87658,EQ,2562.0,34.21,58229.0
2021-05-11,20.15,23.4,19.9,21.6,1411236,EQ,23942.0,58.94,250755.0
2021-05-12,21.9,22.05,20.25,20.45,131670,EQ,9030.0,14.58,63634.0
2021-05-14,20.45,21.7,20.45,21.55,78972,EQ,2703.0,29.22,46837.0
2021-05-17,22.05,22.45,21.6,22.05,63622,EQ,1443.0,44.09,44290.0
2021-05-18,22.45,23.2,21.4,23.0,251227,EQ,4759.0,52.79,111571.0
2021-05-19,23.2,23.4,21.8,22.05,105937,EQ,3473.0,30.5,59618.0
2021-05-20,20.9,21.2,19.4,19.7,281773,EQ,7569.0,37.23,151341.0
2021-05-21,20.0,20.0,18.5,18.7,177398,EQ,5303.0,33.45,112986.0
2021-05-24,18.9,19.6,18.5,19.0,71458,EQ,1796.0,39.79,45311.0
2021-05-25,19.5,19.95,19.0,19.6,86401,EQ,1676.0,51.55,64593.0
2021-05-26,19.9,20.9,19.6,20.65,301971,EQ,5349.0,56.45,116698.0
2021-05-27,20.9,21.1,20.0,20.2,75646,EQ,2553.0,29.63,51034.0
2021-05-28,20.2,20.5,19.2,19.4,59293,EQ,1891.0,31.36,43890.0
2021-05-31,19.8,19.8,19.4,19.6,17373,EQ,695.0,25.0,11262.0
2021-06-01,19.9,20.0,18.7,19.1,42227,EQ,1137.0,37.14,30203.0
2021-06-02,19.5,19.7,19.0,19.55,21873,EQ,668.0,32.74,15777.0
2021-06-03,19.5,19.9,19.5,19.55,15847,EQ,580.0,27.32,10315.0
2021-06-04,19.9,19.9,19.35,19.8,36040,EQ,815.0,44.22,18228.0
2021-06-07,20.5,21.5,20.25,20.5,224363,EQ,7305.0,30.71,132221.0
2021-06-08,20.6,21.3,20.6,20.8,157007,EQ,3845.0,40.83,87969.0
2021-06-09,21.0,21.0,19.7,20.05,126568,EQ,3223.0,39.27,56131.0
2021-06-10,20.5,21.1,20.1,20.75,68729,EQ,2579.0,26.65,35509.0
2021-06-11,20.9,21.1,20.2,20.4,132023,EQ,2215.0,59.6,111761.0
2021-06-14,20.4,20.8,20.1,20.5,71435,EQ,4046.0,17.66,41591.0
2021-06-15,20.7,20.7,20.1,20.25,36432,EQ,1495.0,24.37,20156.0
2021-06-16,20.4,20.7,20.1,20.4,36699,EQ,2051.0,17.89,16490.0
2021-06-17,20.5,21.0,20.2,20.25,60505,EQ,2200.0,27.5,24917.0
2021-06-18,20.5,20.8,19.45,20.05,55590,EQ,2503.0,22.21,30160.0
2021-06-21,19.6,20.0,19.55,19.7,36541,EQ,1742.0,20.98,25830.0
2021-06-22,20.3,20.5,19.4,19.95,41816,EQ,2588.0,16.16,17945.0
2021-06-23,20.2,20.45,19.4,19.75,38352,EQ,2352.0,16.31,14617.0
2021-06-24,20.05,20.1,19.3,19.4,28700,EQ,1429.0,20.08,18960.0
2021-06-25,19.4,19.65,19.25,19.45,31089,EQ,1180.0,26.35,18517.0
2021-06-28,19.45,19.75,19.2,19.25,27525,EQ,821.0,33.53,17020.0
2021-06-29,19.1,19.6,18.65,19.05,83509,EQ,2296.0,36.37,58555.0
2021-06-30,19.4,19.4,18.15,18.45,144838,EQ,3538.0,40.94,99287.0
2021-07-01,18.65,18.9,18.15,18.45,55443,EQ,2107.0,26.31,31469.0
2021-07-02,18.8,19.0,18.1,18.7,43063,EQ,2009.0,21.44,20262.0
2021-07-05,18.75,19.9,18.1,19.5,97111,EQ,4485.0,21.65,49704.0
2021-07-06,19.4,20.0,19.1,19.5,66606,EQ,3005.0,22.17,40296.0
2021-07-07,19.7,21.5,19.5,21.25,381317,EQ,12503.0,30.5,159160.0
2021-07-08,21.3,21.5,19.85,20.4,267096,EQ,10943.0,24.41,84727.0
2021-07-09,20.1,20.7,19.85,20.25,79441,EQ,4856.0,16.36,22717.0
2021-07-12,20.5,20.5,19.6,19.9,130904,EQ,4536.0,28.86,87366.0
2021-07-13,20.0,21.5,19.5,19.9,539942,EQ,11438.0,47.21,301406.0
2021-07-14,20.1,20.9,20.0,20.7,123289,EQ,5526.0,22.31,60856.0
2021-07-15,20.8,21.35,20.7,20.85,115295,EQ,3308.0,34.85,63249.0
2021-07-16,21.0,21.9,20.8,21.15,276978,EQ,9044.0,30.63,105473.0
2021-07-19,21.1,21.1,20.15,20.3,94683,EQ,2867.0,33.03,57425.0
2021-07-20,20.3,20.5,19.5,19.9,71736,EQ,2525.0,28.41,37327.0
2021-07-22,20.1,20.3,19.9,20.0,29917,EQ,1389.0,21.54,14256.0
2021-07-23,19.9,20.55,19.9,20.05,42260,EQ,1670.0,25.31,17166.0
2021-07-26,20.45,20.45,19.5,19.6,58521,EQ,1877.0,31.18,38191.0
2021-07-27,19.5,20.2,19.5,19.7,43918,EQ,1984.0,22.14,20246.0
2021-07-28,20.0,20.0,18.95,19.7,102570,EQ,2447.0,41.92,37585.0
2021-07-29,19.7,20.0,19.3,19.6,25652,EQ,1008.0,25.45,10174.0
2021-07-30,20.0,20.2,19.2,19.3,126284,EQ,9451.0,13.36,46818.0
2021-08-02,19.5,19.85,19.5,19.7,35868,EQ,1190.0,30.14,19067.0
2021-08-03,19.85,19.85,19.3,19.4,45815,EQ,1167.0,39.26,27675.0
2021-08-04,19.7,19.7,19.25,19.4,31047,EQ,1001.0,31.02,18098.0
2021-08-05,19.55,20.0,19.0,19.8,69529,EQ,1663.0,41.81,38118.0
2021-08-06,20.0,20.0,19.3,19.4,25720,EQ,1048.0,24.54,9988.0
2021-08-09,19.45,19.75,19.0,19.0,34686,EQ,908.0,38.2,17590.0
2021-08-10,19.55,19.55,18.15,18.55,53186,EQ,1349.0,39.43,30107.0
2021-08-11,19.25,19.25,17.6,18.35,58345,EQ,1762.0,33.11,34981.0
2021-08-12,19.0,19.9,18.3,18.7,146603,EQ,4150.0,35.33,68046.0
2021-08-13,18.6,22.45,18.6,22.45,747829,EQ,11654.0,64.17,441499.0
2021-08-16,23.7,26.4,23.7,25.7,1906837,EQ,49363.0,38.63,553923.0
2021-08-17,25.4,26.0,24.0,25.0,507141,EQ,20214.0,25.09,146068.0
2021-08-18,24.75,25.0,23.3,23.7,158874,EQ,4284.0,37.09,79243.0
2021-08-20,23.5,26.0,22.5,23.75,233684,EQ,6375.0,36.66,80778.0
2021-08-23,24.1,24.5,22.55,23.25,88030,EQ,2753.0,31.98,44111.0
2021-08-24,23.9,27.9,23.5,27.75,756759,EQ,12429.0,60.89,364711.0
2021-08-25,27.95,30.8,27.1,27.8,1199467,EQ,34056.0,35.22,334269.0
2021-08-26,27.3,29.5,26.9,28.5,311546,EQ,15190.0,20.51,126900.0
2021-08-27,28.6,29.85,27.05,27.45,168882,EQ,8975.0,18.82,63581.0
2021-08-30,28.35,29.4,27.7,28.25,164871,EQ,8742.0,18.86,76350.0
2021-08-31,28.5,29.5,27.5,27.7,84866,EQ,5147.0,16.49,27154.0
2021-09-01,28.5,29.5,28.1,29.2,255332,EQ,11033.0,23.14,120494.0
2021-09-02,29.85,35.05,29.3,35.05,1143254,EQ,34094.0,33.53,337716.0
2021-09-03,35.4,36.5,32.0,32.2,680464,EQ,27216.0,25.0,267192.0
2021-09-06,32.8,34.95,31.65,32.2,381274,EQ,13745.0,27.74,121266.0
2021-09-07,32.4,33.4,31.3,32.5,165959,EQ,5016.0,33.09,67600.0
2021-09-08,32.6,33.7,32.2,33.1,95164,EQ,3970.0,23.97,47539.0
2021-09-09,33.0,34.0,32.65,33.45,91430,EQ,2988.0,30.6,42236.0
2021-09-13,33.45,33.65,32.5,32.65,72261,EQ,1996.0,36.2,44780.0
2021-09-14,32.6,33.15,31.95,32.3,101367,EQ,3334.0,30.4,52578.0
2021-09-15,32.2,32.85,31.9,32.0,41733,EQ,2079.0,20.07,24375.0
2021-09-16,31.5,32.95,31.5,32.0,43204,EQ,2972.0,14.54,22188.0
2021-09-17,32.3,32.3,31.1,31.6,102484,EQ,1942.0,52.77,81800.0
2021-09-20,31.8,33.0,31.05,31.2,68688,EQ,2681.0,25.62,38669.0
2021-09-21,31.1,31.6,30.3,31.45,29424,EQ,1715.0,17.16,12871.0
2021-09-22,32.0,32.4,31.5,31.9,22489,EQ,1094.0,20.56,13297.0
2021-09-23,31.5,32.95,31.5,32.2,51811,EQ,2213.0,23.41,30220.0
2021-09-24,32.6,32.7,31.0,31.4,24297,EQ,1524.0,15.94,15618.0
2021-09-27,31.5,31.9,31.05,31.5,17788,EQ,724.0,24.57,11147.0
2021-09-28,31.3,32.2,31.2,31.7,35946,EQ,956.0,37.6,27300.0
2021-09-29,31.3,31.8,30.65,30.95,57062,EQ,2451.0,23.28,31763.0
2021-09-30,30.9,31.4,30.4,30.95,50689,EQ,2075.0,24.43,25351.0
2021-10-01,31.0,34.0,30.25,33.0,175165,EQ,6451.0,27.15,87003.0
2021-10-04,33.25,34.2,33.0,33.6,90033,EQ,3640.0,24.73,52939.0
2021-10-05,33.6,35.0,33.35,34.15,103315,EQ,7798.0,13.25,56028.0
2021-10-06,34.5,34.85,32.1,32.6,53935,EQ,3225.0,16.72,28597.0
2021-10-07,33.6,33.9,32.65,33.5,31970,EQ,2588.0,12.35,19369.0
2021-10-08,33.8,34.0,33.1,33.5,23773,EQ,1484.0,16.02,14796.0
2021-10-11,33.5,35.0,33.5,34.1,54913,EQ,2447.0,22.44,25168.0
2021-10-12,34.1,34.1,33.1,34.0,28520,EQ,1383.0,20.62,13685.0
2021-10-13,34.4,34.6,33.2,33.7,33140,EQ,1208.0,27.43,17509.0
2021-10-14,34.2,34.45,33.6,34.1,41445,EQ,2368.0,17.5,23830.0
2021-10-18,34.85,37.5,34.8,37.5,188319,EQ,4853.0,38.8,100664.0
2021-10-19,37.9,38.2,34.5,35.1,108481,EQ,7214.0,15.04,59929.0
2021-10-20,35.0,35.0,32.7,33.65,49492,EQ,2523.0,19.62,26584.0
2021-10-21,33.65,34.45,32.3,33.25,48921,EQ,2318.0,21.1,23250.0
2021-10-22,32.3,34.5,29.9,31.9,71911,EQ,2764.0,26.02,35743.0
2021-10-25,31.5,33.65,29.8,31.6,51194,EQ,2596.0,19.72,25129.0
2021-10-26,32.4,33.25,31.55,32.35,19679,EQ,1037.0,18.98,10916.0
2021-10-27,32.5,34.15,32.5,33.9,49133,EQ,1513.0,32.47,29152.0
2021-10-28,34.8,34.8,32.9,33.75,28335,EQ,2013.0,14.08,18276.0
2021-10-29,34.0,34.0,30.5,33.6,21015,EQ,916.0,22.94,11785.0
2021-11-01,33.5,34.1,33.0,33.35,34301,EQ,1309.0,26.2,20529.0
2021-11-02,33.5,34.25,32.95,33.6,22139,EQ,1022.0,21.66,13640.0
2021-11-03,33.8,34.3,32.8,33.1,19552,EQ,1062.0,18.41,10679.0
2021-11-04,33.8,33.9,32.7,33.15,5406,EQ,1062.0,5.09,10679.0
2021-11-08,33.85,33.9,32.1,32.9,19027,EQ,1068.0,17.82,9868.0
2021-11-09,33.75,35.4,33.2,34.5,62733,EQ,4047.0,15.5,33979.0
2021-11-10,34.6,35.4,33.15,35.1,61972,EQ,3054.0,20.29,34999.0
2021-11-11,35.4,38.1,35.1,36.6,228163,EQ,10514.0,21.7,135401.0
2021-11-12,36.95,36.95,35.5,35.75,53045,EQ,4060.0,13.07,36434.0
2021-11-15,35.75,36.5,34.15,35.5,35500,EQ,2929.0,12.12,21464.0
2021-11-16,35.65,39.1,35.15,39.0,264273,EQ,12395.0,21.32,155942.0
2021-11-17,38.95,40.1,38.0,39.3,193557,EQ,14207.0,13.62,98966.0
2021-11-18,39.3,41.4,38.1,40.3,126968,EQ,10454.0,12.15,63393.0
2021-11-22,40.8,41.0,36.5,37.2,103129,EQ,8346.0,12.36,60172.0
2021-11-23,37.1,40.5,36.1,40.05,104820,EQ,9320.0,11.25,57245.0
2021-11-24,39.5,41.8,39.3,40.0,120444,EQ,9622.0,12.52,58398.0
2021-11-25,40.35,43.5,39.45,43.0,183610,EQ,14006.0,13.11,102857.0
2021-11-26,42.0,42.8,39.75,40.5,95740,EQ,8098.0,11.82,46162.0
2021-11-29,41.4,41.4,36.9,40.0,69659,EQ,4329.0,16.09,36295.0
2021-11-30,39.5,43.5,39.1,39.7,146461,EQ,4093.0,35.78,120982.0
2021-12-01,40.8,41.0,38.5,38.7,43495,EQ,4938.0,8.81,25035.0
2021-12-02,38.2,39.9,37.5,38.7,72496,EQ,3736.0,19.4,38375.0
2021-12-03,38.5,40.0,38.0,38.5,72080,EQ,3280.0,21.98,41253.0
2021-12-06,40.0,40.0,38.65,39.1,32291,EQ,2884.0,11.2,17075.0
2021-12-07,39.2,40.0,39.1,39.3,24877,EQ,1888.0,13.18,14168.0
2021-12-08,39.0,41.0,39.0,39.5,31985,EQ,2113.0,15.14,16876.0
2021-12-09,39.95,40.6,39.1,39.8,25160,EQ,1382.0,18.21,16787.0
2021-12-10,39.5,42.7,39.4,41.35,82941,EQ,5140.0,16.14,35157.0
2021-12-13,41.3,42.5,40.5,41.0,37755,EQ,2453.0,15.39,21182.0
2021-12-14,41.0,42.1,40.85,41.2,23232,EQ,1586.0,14.65,14174.0
2021-12-15,40.5,41.5,40.5,40.6,171598,EQ,1236.0,138.83,163287.0
2021-12-16,41.5,43.3,40.45,42.35,60482,EQ,4115.0,14.7,33794.0
2021-12-17,42.5,42.7,41.0,41.65,34013,EQ,2609.0,13.04,17127.0
2021-12-20,40.5,41.1,37.9,39.25,68934,EQ,3899.0,17.68,43244.0
2021-12-21,39.8,40.5,38.1,39.45,43884,EQ,2457.0,17.86,26908.0
2021-12-22,40.3,40.75,39.05,39.25,23717,EQ,3135.0,7.57,9574.0
2021-12-23,39.6,40.5,39.05,40.1,20669,EQ,2375.0,8.7,9720.0
2021-12-24,39.3,40.5,39.3,40.0,15017,EQ,1553.0,9.67,9067.0
2021-12-27,39.6,41.9,39.6,40.1,13533,EQ,1849.0,7.32,5416.0
2021-12-28,40.4,40.6,39.85,40.4,12068,EQ,1149.0,10.5,6706.0
2021-12-29,40.75,40.75,40.2,40.3,18129,EQ,903.0,20.08,12547.0
2021-12-30,40.8,44.3,40.0,43.75,148986,EQ,4919.0,30.29,66949.0
2021-12-31,44.55,45.65,43.2,44.85,293444,EQ,15092.0,19.44,211231.0
2022-01-03,44.9,45.65,43.05,43.4,61352,EQ,4484.0,13.68,35113.0
2022-01-04,43.5,44.2,42.6,43.6,28502,EQ,3751.0,7.6,13701.0
2022-01-05,44.4,44.4,42.65,42.9,32002,EQ,3165.0,10.11,15417.0
2022-01-06,43.0,43.8,42.05,43.4,42435,EQ,2433.0,17.44,27825.0
2022-01-07,43.9,45.4,43.0,44.1,66785,EQ,3561.0,18.75,45567.0
2022-01-10,44.3,45.1,43.65,44.25,45485,EQ,3166.0,14.37,22718.0
2022-01-11,44.5,46.7,44.0,45.55,107727,EQ,4970.0,21.68,64121.0
2022-01-12,45.3,46.6,44.1,44.5,29275,EQ,1928.0,15.18,19253.0
2022-01-13,45.2,45.65,43.2,43.6,28807,EQ,1836.0,15.69,16238.0
2022-01-14,43.65,44.55,41.5,43.7,43667,EQ,3030.0,14.41,24587.0
2022-01-17,43.7,46.1,43.1,44.8,50162,EQ,3145.0,15.95,31067.0
2022-01-18,44.0,45.25,43.8,44.0,17370,EQ,1274.0,13.63,10671.0
2022-01-19,44.0,45.1,44.0,44.9,18992,EQ,2610.0,7.28,12494.0
2022-01-20,45.85,49.25,45.6,47.0,182607,EQ,11097.0,16.46,99717.0
2022-01-21,46.1,46.9,45.0,45.5,44760,EQ,4318.0,10.37,27321.0
2022-01-24,45.5,46.3,41.4,44.05,130978,EQ,7413.0,17.67,90662.0
2022-01-25,44.0,45.1,42.5,43.75,26080,EQ,2064.0,12.64,15426.0
2022-01-27,44.8,46.0,39.4,42.75,91782,EQ,5148.0,17.83,34431.0
2022-01-28,42.5,44.2,40.7,42.15,86094,EQ,6816.0,12.63,50098.0
2022-01-31,41.5,42.9,41.0,42.5,57125,EQ,2063.0,27.69,46527.0
2022-02-01,43.2,43.9,42.6,43.5,17431,EQ,2273.0,7.67,9991.0
2022-02-02,43.0,43.9,42.8,43.1,16989,EQ,1723.0,9.86,8600.0
2022-02-03,44.0,44.25,41.5,42.1,19268,EQ,2044.0,9.43,11829.0
2022-02-04,41.4,42.5,40.7,41.65,40562,EQ,2450.0,16.56,28153.0
2022-02-07,42.0,43.9,41.5,41.9,11836,EQ,1523.0,7.77,6385.0
2022-02-08,41.6,42.5,40.3,41.0,16358,EQ,1483.0,11.03,8547.0
2022-02-09,42.0,42.0,40.35,41.4,21452,EQ,2111.0,10.16,11515.0
2022-02-10,42.0,42.0,39.25,39.85,19400,EQ,2535.0,7.65,8689.0
2022-02-11,38.7,40.75,38.7,39.55,20674,EQ,1441.0,14.35,11942.0
2022-02-14,37.8,39.5,37.1,38.85,70805,EQ,2381.0,29.74,60337.0
2022-02-15,38.75,39.9,37.25,38.3,32013,EQ,1954.0,16.38,13763.0
2022-02-16,38.9,39.5,38.15,38.7,11190,EQ,1869.0,5.99,5883.0
2022-02-17,39.5,40.25,38.2,38.95,17048,EQ,1137.0,14.99,7212.0
2022-02-18,38.6,39.9,38.1,38.65,13243,EQ,1785.0,7.42,5929.0
2022-02-21,38.5,38.9,36.5,36.65,69689,EQ,1327.0,52.52,61994.0
2022-02-22,35.8,39.8,34.05,35.2,48535,EQ,3469.0,13.99,30552.0
2022-02-23,35.1,37.1,35.1,36.2,23063,EQ,1253.0,18.41,16682.0
2022-02-24,33.5,37.0,33.5,34.5,41399,EQ,3286.0,12.6,24298.0
2022-02-25,35.2,37.0,35.2,36.6,18252,EQ,1138.0,16.04,8452.0
2022-02-28,35.0,37.8,35.0,36.45,37152,EQ,2619.0,14.19,18719.0
2022-03-02,36.1,36.9,36.0,36.3,19210,EQ,1178.0,16.31,10807.0
2022-03-03,36.9,37.15,35.5,36.2,14878,EQ,1278.0,11.64,8898.0
2022-03-04,35.9,36.5,35.25,35.9,15560,EQ,1187.0,13.11,7708.0
2022-03-07,35.0,36.3,34.15,34.65,26863,EQ,,,
2022-03-08,35.0,35.65,33.6,35.0,16682,EQ,961.0,17.36,9116.0
2022-03-09,35.4,36.0,33.3,34.0,62527,EQ,3481.0,17.96,36857.0
2022-03-10,34.5,34.5,33.5,33.55,22264,EQ,1478.0,15.06,13318.0
2022-03-11,33.55,36.8,33.5,35.9,35263,EQ,2212.0,15.94,17751.0
2022-03-14,36.9,37.1,35.4,36.5,36747,EQ,1883.0,19.52,19936.0
2022-03-15,36.5,37.0,35.0,35.2,12712,EQ,982.0,12.95,6756.0
2022-03-16,36.0,36.15,35.3,35.8,24776,EQ,2424.0,10.22,11425.0
2022-03-17,36.6,38.25,35.5,36.4,118954,EQ,3129.0,38.02,73979.0
2022-03-21,36.8,36.9,35.5,35.9,20955,EQ,1767.0,11.86,11839.0
2022-03-22,36.05,36.6,35.1,35.6,17269,EQ,2566.0,6.73,9346.0
2022-03-23,36.0,36.3,34.7,35.0,21584,EQ,1360.0,15.87,12725.0
2022-03-24,35.1,35.6,34.1,35.0,17740,EQ,1070.0,16.58,8983.0
2022-03-25,35.5,36.2,34.9,35.35,24016,EQ,1568.0,15.32,13327.0
2022-03-28,35.4,36.0,34.0,34.3,21978,EQ,1930.0,11.39,12350.0
2022-03-29,34.95,34.95,32.8,34.25,20410,EQ,1455.0,14.03,12049.0
2022-03-30,34.95,35.6,34.5,34.75,16009,EQ,854.0,18.75,12577.0
2022-03-31,35.05,35.5,34.0,34.5,10559,EQ,913.0,11.57,6018.0
2022-04-01,34.0,36.5,33.75,34.9,29919,EQ,1391.0,21.51,15643.0
2022-04-04,35.0,35.9,31.6,34.75,92438,EQ,2811.0,32.88,44373.0
2022-04-05,35.25,36.7,34.75,35.5,64688,EQ,1696.0,38.14,37791.0
2022-04-06,35.5,36.65,35.1,35.65,62882,EQ,1362.0,46.17,37951.0
2022-04-07,35.7,36.25,35.0,35.45,34477,EQ,1536.0,22.45,18618.0
2022-04-08,36.0,38.15,34.75,35.4,118629,EQ,3312.0,35.82,62679.0
2022-04-11,35.35,36.3,35.1,35.3,19699,EQ,807.0,24.41,12650.0
2022-04-12,35.6,35.75,34.5,35.1,29602,EQ,1678.0,17.64,14301.0
2022-04-13,35.7,36.5,35.4,35.65,22917,EQ,905.0,25.32,13937.0
2022-04-18,36.2,38.15,34.9,35.25,186497,EQ,6825.0,27.33,60900.0
2022-04-19,35.25,35.9,34.8,35.35,22546,EQ,1160.0,19.44,12913.0
2022-04-20,35.8,36.2,34.2,34.65,20668,EQ,1058.0,19.53,13738.0
2022-04-21,34.85,35.2,33.3,33.9,71418,EQ,3134.0,22.79,41053.0
2022-04-22,33.9,34.9,32.5,34.35,31012,EQ,1177.0,26.35,19493.0
2022-04-25,33.9,34.85,33.3,33.5,21519,EQ,1149.0,18.73,15761.0
2022-04-26,34.1,34.8,33.4,33.8,48536,EQ,1991.0,24.38,35956.0
2022-04-27,33.5,34.65,33.5,34.3,31647,EQ,1167.0,27.12,23870.0
2022-04-28,34.5,36.6,34.5,35.4,195362,EQ,3162.0,61.78,105101.0
2022-04-29,35.6,36.5,34.5,34.8,49242,EQ,1574.0,31.28,25273.0
2022-05-02,34.5,35.0,33.6,34.5,27041,EQ,1490.0,18.15,16121.0
2022-05-04,35.75,35.75,34.0,34.5,61403,EQ,1541.0,39.85,39458.0
2022-05-05,34.5,35.2,34.35,34.75,15143,EQ,608.0,24.91,11385.0
2022-05-06,34.75,35.5,33.5,34.5,23321,EQ,1492.0,15.63,11392.0
2022-05-09,34.0,37.8,33.6,35.4,24804,EQ,1108.0,22.39,15730.0
2022-05-10,35.1,37.6,33.75,34.9,346726,EQ,11192.0,30.98,106202.0
2022-05-12,37.4,39.75,36.7,38.4,401142,EQ,17561.0,22.84,126899.0
2022-05-13,39.2,42.0,38.5,41.3,348104,EQ,12435.0,27.99,134861.0
2022-05-16,41.9,45.4,41.6,44.9,289443,EQ,11207.0,25.83,126685.0
2022-05-17,44.9,44.9,42.9,43.2,108197,EQ,5994.0,18.05,39193.0
2022-05-18,43.5,45.35,43.3,44.0,154351,EQ,6694.0,23.06,71589.0
2022-05-19,42.5,44.85,42.3,44.5,60654,EQ,4653.0,13.04,37618.0
2022-05-20,45.0,46.0,44.1,44.65,62458,EQ,4263.0,14.65,26970.0
2022-05-23,43.8,45.3,43.8,45.1,38893,EQ,2599.0,14.96,23218.0
2022-05-24,45.45,46.5,44.5,45.1,77112,EQ,7009.0,11.0,37448.0
2022-05-25,45.2,45.7,42.8,42.8,35600,EQ,1098.0,32.42,25019.0
2022-05-26,40.9,42.7,40.65,42.1,54160,EQ,2622.0,20.66,32664.0
2022-05-27,43.5,44.0,42.7,43.65,21061,EQ,2429.0,8.67,11478.0
2022-05-30,45.0,45.0,42.3,43.8,37839,EQ,3964.0,9.55,16605.0
2022-05-31,44.0,46.0,44.0,45.7,130651,EQ,4407.0,29.65,85508.0
2022-06-01,46.0,48.0,45.9,48.0,99200,EQ,2025.0,48.99,73673.0
2022-06-02,49.25,50.4,49.0,50.05,175578,EQ,6090.0,28.83,97568.0
2022-06-03,50.4,51.9,47.55,47.55,133618,EQ,7633.0,17.51,59169.0
2022-06-06,47.35,47.35,45.15,45.15,60334,EQ,2151.0,28.05,33012.0
2022-06-07,43.6,45.95,43.1,44.6,62071,EQ,3727.0,16.65,25517.0
2022-06-08,45.55,46.85,42.4,45.5,114844,EQ,3164.0,36.3,54912.0
2022-06-09,44.65,46.9,44.65,45.9,44505,EQ,2512.0,17.72,15869.0
2022-06-10,45.75,46.4,44.6,45.1,49156,EQ,2837.0,17.33,24509.0
2022-06-13,44.1,44.5,42.9,43.15,55760,EQ,1989.0,28.03,35638.0
2022-06-14,43.1,44.1,42.1,43.5,22173,EQ,1264.0,17.54,11260.0
2022-06-15,42.9,45.6,42.9,44.35,37639,EQ,2055.0,18.32,23285.0
2022-06-16,45.8,45.8,42.1,42.1,29106,EQ,1550.0,18.78,19665.0
2022-06-17,42.7,43.25,40.45,42.2,51961,EQ,3461.0,15.01,27955.0
2022-06-20,42.0,44.3,40.1,41.0,77148,EQ,3881.0,19.88,33200.0
2022-06-21,42.8,42.9,41.2,42.6,15296,EQ,1599.0,9.57,7125.0
2022-06-22,42.7,42.7,41.0,41.5,16430,EQ,1159.0,14.18,9209.0
2022-06-23,42.4,43.5,41.9,43.4,19474,EQ,1348.0,14.45,10754.0
2022-06-24,43.4,45.55,43.4,45.55,39090,EQ,1619.0,24.14,24713.0
2022-06-27,46.5,47.8,45.65,47.75,70250,EQ,1997.0,35.18,49535.0
2022-06-28,47.95,48.7,46.15,48.05,47560,EQ,3879.0,12.26,27245.0
2022-06-29,48.0,49.1,45.7,46.1,42451,EQ,2884.0,14.72,21958.0
2022-06-30,45.5,47.5,44.2,46.65,29402,EQ,2498.0,11.77,12071.0
2022-07-01,46.7,47.5,45.45,45.7,15334,EQ,1580.0,9.71,7959.0
2022-07-04,45.5,48.0,45.2,47.9,35374,EQ,1940.0,18.23,25893.0
2022-07-05,48.15,49.1,46.0,46.3,41666,EQ,2825.0,14.75,25066.0
2022-07-06,47.4,47.4,45.5,47.0,19150,EQ,1973.0,9.71,8166.0
2022-07-07,48.05,49.4,47.65,49.4,85032,EQ,2080.0,40.88,64764.0
2022-07-08,51.3,51.85,49.5,50.15,122790,EQ,4590.0,26.75,75790.0
2022-07-11,50.15,52.65,49.5,51.45,120606,EQ,5160.0,23.37,67609.0
2022-07-12,51.25,51.75,49.6,50.15,43675,EQ,2808.0,15.55,26686.0
2022-07-13,50.5,52.6,49.6,51.9,89936,EQ,3817.0,23.56,50354.0
2022-07-14,52.6,54.5,50.4,51.0,144603,EQ,5480.0,26.39,73313.0
2022-07-15,51.5,52.0,50.0,50.55,44916,EQ,3270.0,13.74,21047.0
2022-07-18,51.0,53.1,51.0,53.1,48824,EQ,1955.0,24.97,37255.0
2022-07-19,54.0,55.7,53.4,55.7,73522,EQ,4635.0,15.86,46967.0
2022-07-20,58.5,58.5,56.0,57.7,104292,EQ,5364.0,19.44,60884.0
2022-07-21,58.2,58.9,56.15,56.75,62484,EQ,4378.0,14.27,34840.0
2022-07-22,57.0,58.6,56.2,57.15,79992,EQ,7001.0,11.43,33770.0
2022-07-25,57.05,57.05,55.5,55.85,36565,EQ,3645.0,10.03,22263.0
2022-07-26,55.2,56.2,53.05,53.15,50689,EQ,3265.0,15.52,28873.0
2022-07-27,53.3,53.3,52.1,52.5,33275,EQ,2428.0,13.7,19002.0
2022-07-28,52.7,55.1,52.7,55.1,61902,EQ,1722.0,35.95,38987.0
2022-07-29,55.5,57.85,55.3,56.7,123830,EQ,4248.0,29.15,71340.0
2022-08-01,57.7,57.8,56.0,56.4,39696,EQ,4139.0,9.59,16485.0
2022-08-02,56.0,57.5,55.75,56.95,32289,EQ,3128.0,10.32,13605.0
2022-08-03,56.0,59.8,56.0,58.4,97795,EQ,5713.0,17.12,45674.0
2022-08-04,59.0,61.0,56.0,58.1,138210,EQ,7855.0,17.6,64620.0
2022-08-05,58.7,60.7,58.0,58.9,116564,EQ,8024.0,14.53,63311.0
2022-08-08,58.9,59.2,57.2,57.45,45841,EQ,,,
2022-08-10,59.4,63.8,58.0,62.15,352716,EQ,17177.0,20.53,189290.0
2022-08-11,63.0,63.5,58.2,59.05,164205,EQ,12065.0,13.61,109370.0
2022-08-12,58.0,60.3,56.7,57.6,142602,EQ,8888.0,16.04,81480.0
2022-08-16,58.0,59.15,57.1,57.4,56046,EQ,5630.0,9.95,27004.0
2022-08-17,57.6,58.5,55.4,56.2,47623,EQ,5899.0,8.07,23400.0
2022-08-18,55.7,55.95,52.35,52.85,115082,EQ,7630.0,15.08,60764.0
2022-08-19,53.5,54.2,51.05,51.9,84050,EQ,6416.0,13.1,45290.0
2022-08-22,52.0,55.45,51.4,55.15,142902,EQ,9152.0,15.61,82105.0
2022-08-23,55.5,57.75,55.5,56.7,142027,EQ,7693.0,18.46,87061.0
2022-08-24,57.2,58.5,56.9,58.15,169921,EQ,7909.0,21.48,53515.0
2022-08-25,59.0,59.7,58.0,58.4,60539,EQ,4691.0,12.91,29198.0
2022-08-26,58.9,60.1,56.6,57.0,82990,EQ,5491.0,15.11,49839.0
2022-08-29,56.0,59.7,54.8,57.4,105596,EQ,6612.0,15.97,52029.0
2022-08-30,59.0,62.8,58.2,58.85,542033,EQ,22481.0,24.11,152316.0
2022-09-01,58.8,60.8,58.6,59.45,139308,EQ,8147.0,17.1,65983.0
2022-09-02,59.95,60.7,59.4,59.6,52490,EQ,3614.0,14.52,23443.0
2022-09-05,60.0,60.95,59.7,60.05,66698,EQ,4076.0,16.36,32539.0
2022-09-06,60.45,60.45,58.65,59.45,52355,EQ,3625.0,14.44,21091.0
2022-09-07,59.0,59.9,58.7,59.15,46750,EQ,3391.0,13.79,26372.0
2022-09-08,59.9,61.75,59.5,61.15,101812,EQ,5786.0,17.6,57786.0
2022-09-09,61.7,67.3,61.15,66.2,677115,EQ,28973.0,23.37,278782.0
2022-09-12,67.0,68.45,66.4,66.7,184578,EQ,8976.0,20.56,74163.0
2022-09-13,67.7,68.4,65.1,67.6,118927,EQ,5729.0,20.76,50212.0
2022-09-14,65.7,67.3,65.7,66.8,94816,EQ,11970.0,7.92,46782.0
2022-09-15,67.2,68.0,64.3,65.45,60147,EQ,4476.0,13.44,24525.0
2022-09-16,64.8,66.2,64.1,65.05,68422,EQ,4666.0,14.66,41532.0
2022-09-19,65.1,67.2,63.35,63.8,55093,EQ,4633.0,11.89,22519.0
2022-09-20,64.2,66.0,64.2,65.15,56487,EQ,2734.0,20.66,36299.0
2022-09-21,65.8,66.6,56.7,64.95,152045,EQ,13814.0,11.01,64457.0
2022-09-22,64.9,65.0,60.4,61.5,170799,EQ,16596.0,10.29,87242.0
2022-09-23,61.4,61.4,56.9,58.1,269818,EQ,16211.0,16.64,126853.0
2022-09-26,56.5,60.3,55.6,57.5,141572,EQ,13683.0,10.35,52583.0
2022-09-27,57.6,59.45,56.8,58.7,407464,EQ,5300.0,76.88,188667.0
2022-09-28,58.0,59.5,56.3,59.0,69472,EQ,4572.0,15.2,17189.0
2022-09-29,59.8,60.5,58.6,59.9,43284,EQ,3077.0,14.07,18203.0
2022-09-30,60.1,61.6,59.1,61.1,50729,EQ,3252.0,15.6,24402.0
2022-10-03,61.1,62.1,58.3,59.05,47669,EQ,3984.0,11.97,23113.0
2022-10-04,60.4,61.55,60.3,61.15,35537,EQ,4477.0,7.94,16920.0
2022-10-06,61.1,62.6,57.5,60.5,33764,EQ,2929.0,11.53,17384.0
2022-10-07,60.5,63.4,60.5,62.6,42286,EQ,3419.0,12.37,18452.0
2022-10-10,62.5,62.9,59.7,60.1,66877,EQ,5332.0,12.54,34259.0
2022-10-11,60.1,62.85,59.9,62.3,70984,EQ,6951.0,10.21,32760.0
2022-10-12,62.9,64.2,60.8,62.1,112233,EQ,9654.0,11.63,45319.0
2022-10-13,62.5,63.65,61.0,61.8,54307,EQ,4310.0,12.6,21285.0
2022-10-14,62.5,63.2,61.6,62.05,43288,EQ,4813.0,8.99,20394.0
2022-10-17,62.2,63.0,58.6,59.4,109752,EQ,11250.0,9.76,46523.0
2022-10-18,59.9,61.2,59.5,60.3,37998,EQ,4055.0,9.37,15758.0
2022-10-19,60.3,61.5,60.2,61.25,41345,EQ,4088.0,10.11,16347.0
2022-10-20,61.3,62.3,60.7,62.05,42575,EQ,3713.0,11.47,18558.0
2022-10-21,62.7,62.9,59.85,60.5,49574,EQ,6043.0,8.2,18334.0
2022-10-24,60.5,62.5,59.8,60.2,24997,EQ,1779.0,14.05,14192.0
2022-10-25,60.2,62.1,60.2,61.1,36049,EQ,4051.0,8.9,15459.0
2022-10-27,61.05,63.0,61.0,62.5,66088,EQ,5410.0,12.22,30959.0
2022-10-28,62.6,63.7,60.65,61.05,60387,EQ,5381.0,11.22,33134.0
2022-10-31,61.3,63.2,55.3,62.05,456763,EQ,10255.0,44.54,184527.0
2022-11-01,62.5,63.45,61.05,62.5,197132,EQ,6411.0,30.75,84860.0
2022-11-02,61.75,62.0,58.8,59.6,157395,EQ,5638.0,27.92,69544.0
2022-11-03,59.0,61.05,57.75,60.8,153088,EQ,6530.0,23.44,62215.0
2022-11-04,61.0,61.0,59.4,59.6,102550,EQ,2874.0,35.68,57882.0
2022-11-07,58.0,59.0,55.1,55.5,377622,EQ,9238.0,40.88,261347.0
2022-11-09,55.8,57.0,50.9,52.0,785411,EQ,11581.0,67.82,422372.0
2022-11-10,52.5,56.3,51.5,53.3,1110430,EQ,10811.0,102.71,892785.0
2022-11-11,53.75,55.3,52.2,53.85,359905,EQ,5624.0,63.99,234662.0
2022-11-14,54.4,55.0,51.4,51.9,350216,EQ,6737.0,51.98,252885.0
2022-11-15,52.0,53.05,50.5,52.5,372256,EQ,6737.0,55.26,252885.0
2022-11-16,52.35,53.5,49.8,50.5,380470,EQ,7837.0,48.55,231799.0
2022-11-17,50.0,52.1,49.25,50.0,615897,EQ,7975.0,77.23,441606.0
2022-11-18,49.65,51.4,49.55,49.9,179708,EQ,2590.0,69.39,120783.0
2022-11-21,49.5,52.35,49.0,49.15,100844,EQ,2108.0,47.84,59088.0
2022-11-22,49.2,49.8,47.9,48.7,129817,EQ,2574.0,50.43,82336.0
2022-11-23,48.75,53.5,48.75,52.5,586463,EQ,8579.0,68.36,314046.0
2022-11-24,52.5,56.5,52.3,55.5,994387,EQ,13302.0,74.75,589574.0
2022-11-25,56.2,58.9,55.8,57.9,978828,EQ,10915.0,89.68,573835.0
2022-11-28,54.15,56.0,51.4,55.45,2220224,EQ,22677.0,97.91,1497542.0
2022-11-29,55.0,55.95,52.8,54.5,557937,EQ,5923.0,94.2,387140.0
2022-11-30,54.5,55.8,54.25,55.1,343178,EQ,3452.0,99.41,211386.0
2022-12-01,55.1,57.5,54.5,56.9,530459,EQ,5766.0,92.0,301500.0
2022-12-02,57.4,62.75,57.0,58.25,1027330,EQ,12112.0,84.82,504819.0
2022-12-05,59.1,63.9,58.55,62.3,1216677,EQ,17440.0,69.76,534188.0
2022-12-06,62.2,65.4,61.6,64.8,836221,EQ,9733.0,85.92,348662.0
2022-12-07,64.95,66.0,62.1,62.8,791290,EQ,9470.0,83.56,400413.0
2022-12-08,62.8,63.9,61.3,62.0,302367,EQ,5701.0,53.04,132501.0
2022-12-09,62.0,66.1,61.3,62.15,616688,EQ,8031.0,76.79,288156.0
2022-12-12,62.15,63.6,60.2,60.6,404739,EQ,5985.0,67.63,210895.0
2022-12-13,60.85,65.5,60.85,64.15,758157,EQ,9078.0,83.52,348580.0
2022-12-14,64.4,66.6,64.2,64.75,553496,EQ,10102.0,54.79,268738.0
2022-12-15,65.2,65.3,63.4,63.9,320348,EQ,6315.0,50.73,169144.0
2022-12-16,63.5,64.3,61.4,62.0,295469,EQ,4302.0,68.68,138820.0
2022-12-19,62.0,64.95,61.4,62.9,367767,EQ,6071.0,60.58,138414.0
2022-12-20,63.05,66.2,62.8,63.9,457552,EQ,7770.0,58.89,244286.0
2022-12-21,64.2,65.25,58.15,61.4,371708,EQ,7062.0,52.63,196935.0
2022-12-22,62.3,63.3,54.3,58.9,673928,EQ,14684.0,45.9,346267.0
2022-12-23,58.0,58.5,55.05,57.35,417988,EQ,10819.0,38.63,258385.0
2022-12-26,58.15,61.4,57.1,59.8,163043,EQ,4140.0,39.38,77093.0
2022-12-27,60.95,62.6,60.1,60.5,184665,EQ,4534.0,40.73,65110.0
2022-12-28,60.5,61.1,59.3,59.6,165742,EQ,3502.0,47.33,65632.0
2022-12-29,59.95,60.65,58.5,58.9,111557,EQ,3644.0,30.61,56499.0
2022-12-30,59.65,60.9,59.05,59.3,107715,EQ,2832.0,38.03,45929.0
2023-01-02,59.5,64.6,59.4,63.65,497589,EQ,9602.0,51.82,258429.0
2023-01-03,64.2,71.9,63.8,70.6,3206214,EQ,35588.0,90.09,984704.0
2023-01-04,70.95,73.85,69.3,71.65,2103692,EQ,28999.0,72.54,685670.0
2023-01-05,71.3,73.95,69.9,73.0,1165964,EQ,15461.0,75.41,454250.0
2023-01-06,73.45,74.6,70.8,74.1,948505,EQ,12740.0,74.45,330544.0
2023-01-09,74.7,74.7,70.6,70.95,464778,EQ,8299.0,56.0,201843.0
2023-01-10,71.35,72.1,65.0,68.15,1027992,EQ,12934.0,79.48,476859.0
2023-01-11,68.9,69.75,67.4,68.9,398243,EQ,7608.0,52.35,133669.0
2023-01-12,69.4,69.85,66.3,67.25,283927,EQ,5225.0,54.34,144869.0
2023-01-13,67.45,68.15,65.15,66.05,409325,EQ,6205.0,65.97,163342.0
2023-01-16,66.15,69.2,66.15,68.4,386336,EQ,7808.0,49.48,192001.0
2023-01-17,69.45,69.5,67.45,67.85,189116,EQ,3176.0,59.55,96123.0
2023-01-18,67.6,68.7,67.5,67.8,108465,EQ,2356.0,46.04,48614.0
2023-01-19,67.05,68.15,66.0,66.5,153986,EQ,3860.0,39.89,69945.0
2023-01-20,68.0,71.05,67.05,67.8,539834,EQ,8866.0,60.89,161473.0
2023-01-23,68.35,69.45,66.4,67.4,545530,EQ,14239.0,38.31,92861.0
2023-01-24,67.0,67.95,66.1,67.2,234716,EQ,4915.0,47.76,69626.0
2023-01-25,67.2,68.1,65.05,66.0,305749,EQ,4978.0,61.42,139774.0
2023-01-27,65.8,66.6,62.5,65.55,464731,EQ,6502.0,71.48,231389.0
2023-01-30,65.45,66.75,63.8,65.1,377212,EQ,7701.0,48.98,93758.0
2023-01-31,64.15,66.65,64.15,65.7,181638,EQ,4074.0,44.58,63466.0
2023-02-01,65.4,68.0,61.85,63.4,459590,EQ,9208.0,49.91,137206.0
2023-02-02,63.5,65.3,62.7,64.0,520217,EQ,10131.0,51.35,86449.0
2023-02-03,64.1,65.05,62.75,64.1,199430,EQ,3740.0,53.32,42979.0
2023-02-06,64.6,67.25,62.55,63.5,396805,EQ,20467.0,19.39,147071.0
2023-02-07,63.6,64.15,60.6,62.7,497400,EQ,8495.0,58.55,153629.0
2023-02-08,63.3,69.0,61.15,62.45,1469847,EQ,22290.0,65.94,435957.0
2023-02-09,63.1,66.2,62.1,63.6,488582,EQ,7547.0,64.74,147675.0
2023-02-10,63.9,64.7,61.8,64.3,470700,EQ,7864.0,59.86,138190.0
2023-02-13,64.85,67.95,63.3,64.8,748259,EQ,11842.0,63.19,275899.0
2023-02-14,65.4,65.95,64.2,65.35,248727,EQ,4903.0,50.73,67990.0
2023-02-15,64.9,65.9,64.55,65.3,265159,EQ,5904.0,44.91,67819.0
2023-02-16,65.9,68.7,65.5,66.5,518401,EQ,8444.0,61.39,168022.0
2023-02-17,66.3,70.45,66.0,69.1,807495,EQ,12850.0,62.84,304645.0
2023-02-20,69.4,70.0,68.0,68.3,337610,EQ,6208.0,54.38,135368.0
2023-02-21,68.75,69.95,66.2,67.0,343485,EQ,6111.0,56.21,140478.0
2023-02-22,66.75,67.4,65.25,65.95,224905,EQ,5370.0,41.88,110749.0
2023-02-23,65.9,68.0,65.2,66.35,299582,EQ,6992.0,42.85,136670.0
2023-02-24,66.35,71.0,66.35,70.4,770341,EQ,10352.0,74.41,391774.0
2023-02-27,71.8,73.65,71.05,72.3,1228991,EQ,20378.0,60.31,577305.0
2023-02-28,73.5,73.5,69.05,70.0,484795,EQ,8234.0,58.88,213407.0
2023-03-01,69.95,73.55,69.9,72.8,780553,EQ,12081.0,64.61,253981.0
2023-03-02,73.15,73.95,70.9,71.5,292983,EQ,6135.0,47.76,133351.0
2023-03-03,72.0,77.5,72.0,77.25,2445024,EQ,24084.0,101.52,1250886.0
2023-03-06,78.0,78.15,75.0,76.25,949523,EQ,13748.0,69.07,390095.0
2023-03-08,76.0,83.3,75.4,82.4,2037310,EQ,25263.0,80.64,981950.0
2023-03-09,82.5,83.65,77.75,79.25,1191715,EQ,17095.0,69.71,572201.0
2023-03-10,77.25,83.3,77.25,81.4,1542713,EQ,22886.0,67.41,645002.0
2023-03-13,81.45,81.85,74.0,74.65,958078,EQ,17004.0,56.34,519050.0
2023-03-14,74.3,75.0,69.3,71.3,1219660,EQ,16501.0,73.91,464012.0
2023-03-15,71.95,73.45,70.4,71.0,541325,EQ,9129.0,59.3,200450.0
2023-03-16,71.0,75.0,68.6,74.45,917642,EQ,13908.0,65.98,356100.0
2023-03-17,75.2,76.2,73.6,75.4,834866,EQ,14390.0,58.02,367698.0
2023-03-20,74.5,75.45,72.3,74.3,452508,EQ,8419.0,53.75,181737.0
2023-03-21,74.9,79.0,74.45,78.4,847453,EQ,16359.0,51.8,472977.0
2023-03-22,79.0,83.5,78.6,82.35,1252115,EQ,18666.0,67.08,619836.0
2023-03-23,81.3,86.0,79.7,85.0,1396131,EQ,17190.0,81.22,548052.0
2023-03-24,86.3,87.4,83.25,84.8,1350878,EQ,29016.0,46.56,583021.0
2023-03-27,84.6,84.65,79.6,81.5,588839,EQ,10520.0,55.97,194085.0
2023-03-28,81.8,82.9,77.1,77.9,642064,EQ,9851.0,65.18,219231.0
2023-03-29,78.45,80.15,77.5,78.35,431342,EQ,7010.0,61.53,159915.0
2023-03-31,79.35,80.75,78.55,79.4,461702,EQ,8969.0,51.48,202719.0
2023-04-03,79.5,80.4,78.3,78.85,264743,EQ,5208.0,50.83,86250.0
2023-04-05,80.0,82.0,78.1,78.7,331674,EQ,5991.0,55.36,123594.0
2023-04-06,78.95,80.35,78.6,79.0,293701,EQ,4730.0,62.09,128612.0
2023-04-10,79.45,80.4,78.3,78.9,236008,EQ,4307.0,54.8,94048.0
2023-04-11,79.4,80.0,77.8,78.45,207349,EQ,3788.0,54.74,91575.0
2023-04-12,78.9,81.95,77.75,79.05,406504,EQ,7138.0,56.95,204249.0
2023-04-13,79.4,80.2,78.2,79.1,178573,EQ,3497.0,51.06,86796.0
2023-04-17,79.0,80.0,77.9,78.95,346253,EQ,8302.0,41.71,174199.0
2023-04-18,79.25,80.6,77.95,78.15,171567,EQ,3938.0,43.57,86433.0
2023-04-19,78.45,79.3,78.15,78.6,143810,EQ,4259.0,33.77,74832.0
2023-04-20,79.2,80.3,78.5,78.7,587437,EQ,6932.0,84.74,406842.0
2023-04-21,79.1,80.25,78.2,78.7,166743,EQ,3345.0,49.85,84159.0
2023-04-24,79.45,84.2,78.8,83.3,1692036,EQ,33615.0,50.34,740457.0
2023-04-25,83.95,85.0,81.45,84.3,576216,EQ,13622.0,42.3,268726.0
2023-04-26,84.3,85.5,82.5,83.95,593062,EQ,11272.0,52.61,324525.0
2023-04-27,84.05,85.5,83.45,84.7,565986,EQ,23216.0,24.38,385618.0
2023-04-28,85.35,88.5,85.0,87.2,804574,EQ,11647.0,69.08,349919.0
2023-05-02,87.95,90.7,87.0,90.15,744978,EQ,11525.0,64.64,382104.0
2023-05-03,90.25,90.75,83.5,85.5,748647,EQ,12580.0,59.51,393905.0
2023-05-04,86.15,89.6,85.8,89.0,511147,EQ,7065.0,72.35,260481.0
2023-05-05,88.4,92.85,85.8,90.0,714121,EQ,12256.0,58.27,240737.0
2023-05-08,90.2,90.7,86.65,87.6,426699,EQ,7290.0,58.53,211441.0
2023-05-09,88.2,93.0,86.45,90.65,1862876,EQ,21408.0,87.02,411945.0
2023-05-10,90.2,90.95,88.0,88.8,554933,EQ,9870.0,56.22,217951.0
2023-05-11,89.4,97.5,89.05,96.9,2697092,EQ,30792.0,87.59,1133809.0
2023-05-12,96.7,103.75,95.9,100.55,2281676,EQ,32950.0,69.25,680902.0
2023-05-15,100.95,103.0,96.3,97.3,916013,EQ,13880.0,66.0,460430.0
2023-05-16,97.8,100.9,95.75,96.3,592330,EQ,10025.0,59.09,302070.0
2023-05-17,96.9,98.5,94.65,96.8,439452,EQ,9483.0,46.34,158935.0
2023-05-18,97.75,99.9,96.5,96.95,531173,EQ,10627.0,49.98,206936.0
2023-05-19,97.45,98.5,94.25,97.7,434508,EQ,11924.0,36.44,170649.0
2023-05-22,98.4,101.95,96.7,100.0,619817,EQ,11589.0,53.48,282975.0
2023-05-23,100.0,104.4,99.1,99.8,744380,EQ,14263.0,52.19,315260.0
2023-05-24,100.15,102.95,99.7,102.15,413968,EQ,7489.0,55.28,163060.0
2023-05-25,102.4,104.85,101.3,103.7,602303,EQ,9545.0,63.1,235195.0
2023-05-26,104.1,104.7,100.7,101.35,248368,EQ,4406.0,56.37,127507.0
2023-05-29,102.0,102.25,99.0,100.2,331145,EQ,6052.0,54.72,132819.0
2023-05-30,100.05,100.2,96.2,96.9,449378,EQ,7937.0,56.62,233096.0
2023-05-31,97.2,104.2,96.95,103.5,842885,EQ,13072.0,64.48,283043.0
2023-06-01,103.95,109.45,103.0,108.1,1101464,EQ,13381.0,82.32,499328.0
2023-06-02,107.5,111.75,107.5,111.25,731115,EQ,14317.0,51.07,354611.0
2023-06-05,112.15,116.4,111.4,113.8,861286,EQ,17468.0,49.31,360513.0
2023-06-06,114.8,114.85,110.3,111.2,326835,EQ,7214.0,45.31,160097.0
2023-06-07,111.95,112.6,110.1,111.8,280745,EQ,5479.0,51.24,131011.0
2023-06-08,114.6,116.35,110.25,113.7,458773,EQ,8321.0,55.13,184428.0
2023-06-09,114.5,115.0,107.6,108.8,366575,EQ,8910.0,41.14,207600.0
2023-06-12,109.7,111.8,108.1,108.7,322022,EQ,7890.0,40.81,173171.0
2023-06-13,109.4,111.5,107.6,108.75,418278,EQ,9035.0,46.3,242851.0
2023-06-14,109.4,111.7,108.25,108.8,312739,EQ,6019.0,51.96,133948.0
2023-06-15,109.3,110.5,108.0,108.4,257062,EQ,4718.0,54.49,121317.0
2023-06-16,108.7,109.8,106.0,106.9,320359,EQ,6090.0,52.6,174083.0
2023-06-19,107.7,110.9,107.65,108.3,458836,EQ,9546.0,48.07,220628.0
2023-06-20,108.7,109.2,106.8,107.2,371160,EQ,7004.0,52.99,161312.0
2023-06-21,107.9,108.4,103.55,105.05,568637,EQ,10086.0,56.38,289327.0
2023-06-22,105.05,109.3,105.05,108.8,763413,EQ,14180.0,53.84,412354.0
2023-06-23,109.3,120.25,108.7,116.45,2828227,EQ,40938.0,69.09,857101.0
2023-06-26,116.45,116.45,106.9,110.4,1153269,EQ,23625.0,48.82,585933.0
2023-06-27,112.2,115.0,110.05,112.95,1043228,EQ,19194.0,54.35,405127.0
2023-06-28,114.0,114.1,110.5,111.6,540788,EQ,10423.0,51.88,259760.0
2023-06-30,112.0,124.7,112.0,123.55,7493630,EQ,88007.0,85.15,1804834.0
2023-07-03,123.9,123.9,119.05,120.9,1554590,EQ,31977.0,48.62,787554.0
2023-07-04,121.7,121.9,118.9,120.7,979667,EQ,40644.0,24.1,595442.0
2023-07-05,120.95,121.2,117.5,118.2,1057961,EQ,47532.0,22.26,619948.0
2023-07-06,118.2,121.35,117.25,117.7,936364,EQ,25448.0,36.8,568153.0
2023-07-07,117.5,118.8,116.0,117.95,716980,EQ,34662.0,20.68,461128.0
2023-07-10,118.4,120.6,117.5,119.9,754383,EQ,21917.0,34.42,446702.0
2023-07-11,120.55,122.5,119.25,121.8,914170,EQ,30964.0,29.52,509007.0
2023-07-12,122.95,127.4,122.15,126.15,1328980,EQ,25033.0,53.09,459890.0
2023-07-13,127.3,127.9,123.7,124.65,767977,EQ,15052.0,51.02,435011.0
2023-07-14,125.5,125.75,123.7,124.5,427547,EQ,7640.0,55.96,209270.0
2023-07-17,124.55,124.95,117.95,122.35,1616048,EQ,25223.0,64.07,764587.0
2023-07-18,122.5,124.95,119.1,122.6,834303,EQ,20674.0,40.36,343880.0
2023-07-19,123.25,126.6,122.15,124.6,424064,EQ,7586.0,55.9,188825.0
2023-07-20,125.2,126.2,123.5,124.2,310814,EQ,9552.0,32.54,138835.0
2023-07-21,124.0,131.0,123.95,126.85,936145,EQ,16862.0,55.52,360665.0
2023-07-24,127.4,130.2,124.95,126.55,782945,EQ,15092.0,51.88,433188.0
2023-07-25,127.9,134.1,126.6,127.7,1538155,EQ,24250.0,63.43,647452.0
2023-07-26,128.5,131.45,128.5,129.9,549507,EQ,11861.0,46.33,251184.0
2023-07-27,131.2,131.9,128.5,129.5,360702,EQ,7185.0,50.2,164644.0
2023-07-28,129.95,130.7,127.45,129.7,442732,EQ,7730.0,57.27,117057.0
2023-07-31,130.3,132.5,129.5,130.35,582694,EQ,9864.0,59.07,392961.0
2023-08-01,131.35,133.25,130.6,131.3,414496,EQ,9939.0,41.7,243073.0
2023-08-02,131.7,134.9,128.7,130.8,954242,EQ,18821.0,50.7,546973.0
2023-08-03,131.4,134.45,130.3,131.2,508439,EQ,13074.0,38.89,305988.0
2023-08-04,131.3,132.9,130.45,130.85,278511,EQ,5268.0,52.87,153948.0
2023-08-07,130.25,130.95,115.45,127.85,1898011,EQ,45244.0,41.95,616044.0
2023-08-08,126.3,130.5,125.0,127.35,775219,EQ,16860.0,45.98,446251.0
2023-08-09,127.9,128.5,125.0,127.45,758543,EQ,23351.0,32.48,293450.0
2023-08-10,127.45,128.3,125.0,125.5,440542,EQ,10197.0,43.2,256607.0
2023-08-11,125.75,128.25,122.8,124.55,1066045,EQ,20526.0,51.94,801788.0
2023-08-14,125.1,128.2,119.6,122.4,676728,EQ,28419.0,23.81,354277.0
2023-08-16,121.5,123.45,120.15,121.75,556137,EQ,13949.0,39.87,360799.0
2023-08-17,122.5,125.2,119.1,123.35,572942,EQ,16657.0,34.4,293074.0
2023-08-18,124.1,128.4,123.75,127.2,1992431,EQ,20193.0,98.67,1640924.0
2023-08-21,128.6,132.4,126.8,130.15,1049791,EQ,25700.0,40.85,611660.0
2023-08-22,130.7,130.7,127.55,128.65,277891,EQ,11158.0,24.91,152386.0
2023-08-23,127.5,129.3,126.6,127.15,380984,EQ,16933.0,22.5,178095.0
2023-08-24,124.9,128.1,124.0,126.8,515377,EQ,17423.0,29.58,227718.0
2023-08-25,127.45,134.15,127.1,130.7,1083663,EQ,22950.0,47.22,493082.0
2023-08-28,131.75,136.05,128.5,130.3,825334,EQ,19067.0,43.29,350680.0
2023-08-29,131.2,131.95,128.3,130.9,330028,EQ,8686.0,38.0,115523.0
2023-08-30,131.1,131.95,129.3,129.9,216160,EQ,6854.0,31.54,106994.0
2023-08-31,130.9,137.15,130.1,132.5,2200447,EQ,33076.0,66.53,1446914.0
2023-09-01,133.5,133.95,130.9,132.1,400105,EQ,11172.0,35.81,208947.0
2023-09-04,133.75,135.9,132.6,133.95,456578,EQ,13708.0,33.31,264248.0
2023-09-05,135.2,143.5,134.5,141.9,2591939,EQ,39551.0,65.53,1242201.0
2023-09-06,143.15,143.9,138.2,138.9,1113019,EQ,18779.0,59.27,470923.0
2023-09-07,139.0,139.95,137.5,138.2,253900,EQ,5775.0,43.97,168672.0
2023-09-08,139.45,140.0,137.2,137.8,318970,EQ,6538.0,48.79,218017.0
2023-09-11,138.3,141.0,136.0,136.8,424655,EQ,13930.0,30.48,300645.0
2023-09-12,136.8,138.6,117.5,131.75,936199,EQ,15463.0,60.54,649181.0
2023-09-13,131.45,132.8,123.7,128.65,337812,EQ,10900.0,30.99,164482.0
2023-09-14,130.55,131.2,125.05,126.3,541098,EQ,9215.0,58.72,405130.0
2023-09-15,127.3,128.75,125.2,126.5,318973,EQ,6108.0,52.22,219465.0
2023-09-18,127.45,128.5,119.5,122.6,361556,EQ,10728.0,33.7,228319.0
2023-09-20,123.95,123.95,120.45,121.65,384135,EQ,13769.0,27.9,258514.0
2023-09-21,121.6,124.45,120.0,121.9,118876,EQ,5089.0,23.36,66096.0
2023-09-22,121.5,126.35,120.1,123.8,208553,EQ,8526.0,24.46,121264.0
2023-09-25,123.8,123.95,121.5,122.8,135321,EQ,4505.0,30.04,82143.0
2023-09-26,121.5,126.8,121.5,125.25,225480,EQ,6630.0,34.01,137436.0
2023-09-27,126.05,127.1,125.0,126.2,101386,EQ,3534.0,28.69,56568.0
2023-09-28,126.2,129.0,125.8,127.7,312258,EQ,9609.0,32.5,215959.0
2023-09-29,128.0,130.0,126.95,128.95,212650,EQ,6477.0,32.83,134022.0
2023-10-03,129.9,132.9,128.95,132.3,185428,EQ,5593.0,33.15,124845.0
2023-10-04,131.45,133.45,126.8,130.0,179075,EQ,7629.0,23.47,95829.0
2023-10-05,130.9,131.0,125.2,126.1,211893,EQ,5045.0,42.0,135043.0
2023-10-06,126.25,128.35,125.6,127.45,129240,EQ,3637.0,35.53,73331.0
2023-10-09,125.0,128.25,123.0,127.4,170614,EQ,6831.0,24.98,96249.0
2023-10-10,127.95,130.95,126.3,129.4,334456,EQ,8771.0,38.13,234791.0
2023-10-11,131.2,136.45,130.0,132.45,552872,EQ,13959.0,39.61,267359.0
2023-10-12,133.1,133.65,126.85,127.3,405597,EQ,9897.0,40.98,285755.0
2023-10-13,127.6,129.4,124.5,124.9,225840,EQ,6292.0,35.89,149586.0
2023-10-16,125.5,126.05,122.75,125.4,250473,EQ,6927.0,36.16,158021.0
2023-10-17,126.0,129.25,125.6,126.85,823910,EQ,6610.0,124.65,709864.0
2023-10-18,128.0,128.0,122.55,126.05,421571,EQ,12410.0,33.97,256605.0
2023-10-19,125.1,127.0,123.5,126.3,182716,EQ,6562.0,27.84,119736.0
2023-10-20,126.0,128.4,124.4,126.9,310349,EQ,6862.0,45.23,210839.0
2023-10-23,127.5,128.9,118.1,121.2,238094,EQ,9582.0,24.85,152050.0
2023-10-25,123.75,125.6,113.0,115.45,720996,EQ,22202.0,32.47,439024.0
2023-10-26,115.0,121.95,113.1,118.0,440402,EQ,15118.0,29.13,271100.0
2023-10-27,118.9,124.7,118.9,122.15,195884,EQ,7287.0,26.88,126170.0
2023-10-30,122.15,124.5,120.25,121.6,145830,EQ,5876.0,24.82,84409.0
2023-10-31,121.5,122.4,119.95,121.1,124109,EQ,6056.0,20.49,64409.0
2023-11-01,121.0,122.65,119.65,121.4,69358,EQ,3022.0,22.95,35774.0
2023-11-02,122.0,123.2,120.4,121.1,73313,EQ,4021.0,18.23,37901.0
2023-11-03,122.0,123.5,119.4,121.8,124614,EQ,4414.0,28.23,62360.0
2023-11-06,123.5,125.7,121.9,124.7,148137,EQ,5815.0,25.47,82063.0
2023-11-07,125.7,129.95,125.1,128.95,308367,EQ,9345.0,33.0,191713.0
2023-11-08,129.95,136.75,125.7,129.9,1080605,EQ,28939.0,37.34,413480.0
2023-11-09,131.0,140.0,130.95,136.1,1021463,EQ,23932.0,42.68,546793.0
2023-11-10,135.5,135.9,131.15,131.7,362597,EQ,14172.0,25.59,221995.0
2023-11-12,133.9,137.0,132.75,135.9,107436,EQ,3505.0,30.65,73043.0
2023-11-13,135.8,136.5,131.3,135.8,258286,EQ,7877.0,32.79,118509.0
2023-11-15,137.5,139.95,134.3,139.65,376625,EQ,11340.0,33.21,216031.0
2023-11-16,140.4,141.9,136.5,137.8,370172,EQ,11508.0,32.17,256006.0
2023-11-17,138.5,139.4,132.6,133.8,256990,EQ,10853.0,23.68,159689.0
2023-11-20,135.3,139.0,134.5,138.35,327203,EQ,8549.0,38.27,208327.0
2023-11-21,139.5,145.5,138.55,139.3,442225,EQ,15097.0,29.29,254503.0
2023-11-22,140.7,142.45,136.7,140.45,234361,EQ,8821.0,26.57,118576.0
2023-11-23,141.0,142.3,140.45,141.5,144367,EQ,4377.0,32.98,101728.0
2023-11-24,143.45,143.45,138.1,139.05,257341,EQ,8959.0,28.72,162052.0
2023-11-28,140.5,141.25,138.75,140.5,390475,EQ,12616.0,30.95,287887.0
2023-11-29,140.5,142.5,139.0,141.5,349259,EQ,9391.0,37.19,146472.0
2023-11-30,142.5,143.9,135.95,138.5,660066,EQ,15195.0,43.44,496606.0
2023-12-01,139.5,141.45,137.6,138.25,149589,EQ,6942.0,21.55,88722.0
2023-12-04,140.3,141.3,136.9,138.75,183133,EQ,9039.0,20.26,108981.0
2023-12-05,139.9,140.25,133.45,135.85,351235,EQ,13068.0,26.88,225573.0
2023-12-06,136.9,136.95,130.95,134.25,233301,EQ,9381.0,24.87,123648.0
2023-12-07,132.5,134.25,130.8,132.7,231673,EQ,13183.0,17.57,134563.0
2023-12-08,132.75,135.2,131.5,134.75,182691,EQ,7468.0,24.46,108426.0
2023-12-11,135.0,136.85,132.6,133.9,257432,EQ,13055.0,19.72,161392.0
2023-12-12,134.9,135.5,132.5,134.4,226110,EQ,13302.0,17.0,107498.0
2023-12-13,134.95,140.0,132.15,139.05,496701,EQ,22986.0,21.61,260228.0
2023-12-14,140.5,153.9,140.5,147.55,4426361,EQ,103578.0,42.73,1284464.0
2023-12-15,148.5,150.0,144.5,145.35,678025,EQ,23549.0,28.79,379579.0
2023-12-18,145.7,149.6,142.05,143.85,410753,EQ,17173.0,23.92,197105.0
2023-12-19,145.45,147.5,143.1,144.45,549521,EQ,17680.0,31.08,212016.0
2023-12-20,144.6,145.95,133.0,135.75,621026,EQ,32433.0,19.15,287874.0
2023-12-21,133.25,136.45,131.7,133.9,511120,EQ,23848.0,21.43,274912.0
2023-12-22,134.65,138.2,132.75,133.8,338964,EQ,17582.0,19.28,190647.0
2023-12-26,134.0,135.25,132.65,133.0,264458,EQ,10687.0,24.75,156464.0
2023-12-27,133.8,137.0,129.05,131.1,574575,EQ,15983.0,35.95,343391.0
2023-12-28,131.1,133.3,128.95,130.8,455468,EQ,14398.0,31.63,261806.0
2023-12-29,131.05,132.25,129.05,130.0,288411,EQ,10278.0,28.06,153671.0
2024-01-01,131.25,134.25,131.0,133.3,427118,EQ,12939.0,33.01,158010.0
2024-01-02,133.95,135.3,131.5,133.45,220952,EQ,9312.0,23.73,104442.0
2024-01-03,133.8,136.5,130.65,133.8,1090784,EQ,21892.0,49.83,522195.0
2024-01-04,135.0,138.8,134.45,137.95,478254,EQ,16418.0,29.13,220811.0
2024-01-05,140.0,144.45,138.75,141.7,1013838,EQ,29358.0,34.53,361232.0
2024-01-08,144.5,144.5,138.5,139.4,366771,EQ,14780.0,24.82,198355.0
2024-01-09,140.4,143.85,139.05,141.3,431860,EQ,20642.0,20.92,198640.0
2024-01-10,143.25,146.45,141.5,142.2,912091,EQ,25065.0,36.39,405526.0
2024-01-11,145.4,145.4,142.05,143.2,374938,EQ,14423.0,26.0,149072.0
2024-01-12,143.5,144.25,141.1,141.7,216451,EQ,8368.0,25.87,119399.0
2024-01-15,142.5,143.85,139.3,139.8,350154,EQ,13474.0,25.99,218483.0
2024-01-16,140.8,142.85,137.0,137.45,346917,EQ,13498.0,25.7,225890.0
2024-01-17,137.0,137.95,132.4,133.35,303025,EQ,14643.0,20.69,166805.0
2024-01-18,134.0,136.1,129.8,135.0,344530,EQ,20131.0,17.11,140989.0
2024-01-19,135.9,139.75,135.5,138.95,330804,EQ,18247.0,18.13,159354.0
2024-01-20,139.45,141.7,136.2,136.95,204828,EQ,8083.0,25.34,98837.0
2024-01-23,137.2,140.45,134.1,136.2,330184,EQ,24622.0,13.41,158853.0
2024-01-24,136.0,138.85,133.2,137.85,270018,EQ,24611.0,10.97,133775.0
2024-01-25,137.0,138.8,134.3,135.7,195967,EQ,11320.0,17.31,99297.0
2024-01-29,137.7,140.1,136.3,139.15,316542,EQ,14375.0,22.02,183188.0
2024-01-30,140.0,152.9,139.3,145.9,1962913,EQ,65370.0,30.03,861361.0
2024-01-31,147.3,152.45,147.2,151.2,835058,EQ,28896.0,28.9,476143.0
2024-02-01,151.3,157.0,143.05,149.95,2397273,EQ,70709.0,33.9,577907.0
2024-02-02,150.6,152.7,143.5,144.3,652251,EQ,27380.0,23.82,301205.0
2024-02-05,144.3,149.45,141.5,142.2,919769,EQ,38666.0,23.79,415971.0
2024-02-06,143.9,147.65,143.55,145.85,325352,EQ,18544.0,17.54,172290.0
2024-02-07,145.75,147.45,144.75,145.55,237320,EQ,11559.0,20.53,119594.0
2024-02-08,146.0,149.35,145.05,145.4,304550,EQ,13173.0,23.12,126314.0
2024-02-09,145.7,146.9,137.55,141.55,300204,EQ,15324.0,19.59,117613.0
2024-02-12,141.55,142.55,133.0,134.0,366106,EQ,16699.0,21.92,213662.0
2024-02-13,134.95,143.9,129.9,142.45,379867,EQ,20278.0,18.73,148300.0
2024-02-14,141.45,142.15,138.8,139.6,155661,EQ,8796.0,17.7,62643.0
2024-02-15,140.75,141.8,138.05,138.7,94783,EQ,5866.0,16.16,50595.0
2024-02-16,139.8,141.0,136.0,137.2,129818,EQ,9446.0,13.74,68708.0
2024-02-19,136.6,138.95,135.85,136.9,200400,EQ,10718.0,18.7,101750.0
2024-02-20,136.55,138.35,135.1,136.7,230340,EQ,8102.0,28.43,155476.0
2024-02-21,137.5,138.55,134.9,136.0,300989,EQ,19025.0,15.82,178247.0
2024-02-22,136.0,137.3,132.65,134.0,209673,EQ,11051.0,18.97,117232.0
2024-02-23,134.8,143.95,134.8,142.55,897291,EQ,29058.0,30.88,300126.0
2024-02-26,143.65,151.8,142.3,150.6,1424600,EQ,46595.0,30.57,637992.0
2024-02-27,151.25,151.9,144.3,146.7,594991,EQ,22865.0,26.02,250190.0
2024-02-28,147.45,152.45,144.95,146.85,591349,EQ,27694.0,21.35,221166.0
2024-02-29,146.25,150.3,144.0,149.15,452445,EQ,15548.0,29.1,218960.0
2024-03-01,149.9,150.3,145.8,146.7,286410,EQ,10675.0,26.83,163538.0
2024-03-02,147.9,149.1,146.05,147.7,33455,EQ,1558.0,21.47,20708.0
2024-03-04,150.5,167.3,148.05,164.5,5470265,EQ,105013.0,52.09,1506681.0
2024-03-05,163.0,163.9,157.0,158.9,1426743,EQ,35983.0,39.65,471815.0
2024-03-06,158.35,158.35,150.3,151.9,560363,EQ,24339.0,23.02,226113.0
2024-03-07,153.3,157.45,151.7,152.45,386436,EQ,16535.0,23.37,147597.0
2024-03-11,153.2,153.9,144.55,145.4,460732,EQ,22408.0,20.56,230381.0
2024-03-12,145.4,145.4,138.9,141.0,687714,EQ,19769.0,34.79,431187.0
2024-03-13,140.9,143.45,128.45,132.4,610405,EQ,29257.0,20.86,276442.0
2024-03-14,131.0,139.05,130.5,135.3,271959,EQ,13680.0,19.88,114232.0
2024-03-15,135.05,138.8,130.55,133.05,316598,EQ,17950.0,17.64,155737.0
2024-03-18,131.0,135.6,131.0,134.0,214377,EQ,11543.0,18.57,87957.0
2024-03-19,135.0,136.0,132.25,133.55,360286,EQ,11292.0,31.91,147075.0
2024-03-20,133.45,134.9,130.65,133.8,180050,EQ,10420.0,17.28,99221.0
2024-03-21,135.0,138.1,134.8,136.2,207006,EQ,8788.0,23.56,102288.0
2024-03-22,137.0,138.5,135.65,136.15,182648,EQ,8657.0,21.1,85969.0
2024-03-26,137.3,142.65,136.6,140.6,314383,EQ,15525.0,20.25,146843.0
2024-03-27,142.45,157.5,140.6,152.4,3410998,EQ,83606.0,40.8,629449.0
2024-03-28,153.75,153.9,147.0,148.35,499928,EQ,17835.0,28.03,157112.0
2024-04-01,148.35,156.4,147.8,153.45,602457,EQ,22167.0,27.18,177140.0
2024-04-02,153.55,155.5,151.5,153.2,264863,EQ,11323.0,23.39,120725.0
2024-04-03,152.15,156.7,151.75,153.0,347161,EQ,15325.0,22.65,142382.0
2024-04-04,152.5,161.0,151.5,152.5,1164858,EQ,32182.0,36.2,453185.0
2024-04-05,152.65,154.7,148.95,151.4,281036,EQ,14657.0,19.17,115545.0
2024-04-08,152.95,154.4,146.55,147.85,281289,EQ,14516.0,19.38,142267.0
2024-04-09,147.85,151.9,144.4,145.75,352225,EQ,15369.0,22.92,138069.0
2024-04-10,146.8,147.45,145.0,146.7,212279,EQ,9080.0,23.38,110458.0
2024-04-12,146.7,149.95,143.5,144.8,273254,EQ,10539.0,25.93,132213.0
2024-04-15,143.45,149.95,138.4,144.95,690306,EQ,25361.0,27.22,241761.0
2024-04-16,143.9,146.6,143.25,145.1,189020,EQ,7613.0,24.83,96819.0
2024-04-18,146.7,150.75,145.5,146.0,302769,EQ,11658.0,25.97,135705.0
2024-04-19,144.0,148.35,142.5,145.45,219038,EQ,12163.0,18.01,93209.0
2024-04-22,150.45,166.25,148.1,163.4,4090014,EQ,80491.0,50.81,993348.0
2024-04-23,165.7,171.3,164.05,170.05,3403760,EQ,61341.0,55.49,1126472.0
2024-04-24,171.4,177.35,168.1,171.4,2057157,EQ,50917.0,40.4,621698.0
2024-04-25,173.4,177.0,171.3,172.55,684216,EQ,21862.0,31.3,198136.0
2024-04-26,173.4,180.5,173.05,175.0,1186543,EQ,36716.0,32.32,356707.0
2024-04-29,175.9,176.45,173.1,174.1,436408,EQ,20043.0,21.77,224100.0
2024-04-30,174.05,178.8,163.05,167.7,702831,EQ,23363.0,30.08,342399.0
2024-05-02,168.45,170.3,164.95,165.8,1059045,EQ,29218.0,36.25,716105.0
2024-05-03,166.0,167.7,160.55,162.95,377990,EQ,17875.0,21.15,199759.0
2024-05-06,163.7,164.45,153.05,153.6,637646,EQ,23303.0,27.36,334344.0
2024-05-07,154.25,154.55,146.05,147.4,638316,EQ,20841.0,30.63,303492.0
2024-05-08,148.1,153.55,147.9,151.3,704865,EQ,19649.0,35.87,358208.0
2024-05-09,151.5,155.3,143.5,145.0,1003779,EQ,38927.0,25.79,577558.0
2024-05-10,145.95,148.7,142.5,145.6,543830,EQ,21134.0,25.73,266273.0
2024-05-13,145.7,154.5,141.55,150.9,1497439,EQ,24022.0,62.34,1018641.0
2024-05-14,150.9,156.95,150.5,155.05,496895,EQ,18787.0,26.45,242911.0
2024-05-15,156.3,167.2,155.25,164.7,953323,EQ,29887.0,31.9,354979.0
2024-05-16,165.85,169.7,162.5,163.3,587716,EQ,22422.0,26.21,191446.0
2024-05-17,163.7,166.2,160.65,164.95,387651,EQ,15697.0,24.7,149439.0
2024-05-18,163.85,166.5,163.0,164.1,49016,EQ,2284.0,21.46,26676.0
2024-05-21,164.0,172.7,163.95,169.7,798664,EQ,25984.0,30.74,418440.0
2024-05-22,169.7,177.75,165.25,176.05,1341483,EQ,35025.0,38.3,443376.0
2024-05-23,177.5,178.95,172.05,173.6,658733,EQ,22677.0,29.05,269669.0
2024-05-24,165.5,172.5,158.15,170.25,2717179,EQ,63253.0,42.96,1027924.0
2024-05-27,168.9,169.9,162.6,167.2,803867,EQ,28609.0,28.1,382653.0
2024-05-28,167.8,168.05,162.5,163.95,836641,EQ,35301.0,23.7,522604.0
2024-05-29,163.95,170.95,162.2,166.5,1016818,EQ,35246.0,28.85,420003.0
2024-05-30,166.5,169.5,162.4,163.9,503801,EQ,24535.0,20.53,253264.0
2024-05-31,165.0,167.5,161.5,167.4,413485,EQ,16487.0,25.08,213646.0
2024-06-03,172.5,173.35,168.1,170.8,555484,EQ,23645.0,23.49,280520.0
2024-06-04,170.8,173.0,140.5,146.6,1057755,EQ,48360.0,21.87,495462.0
2024-06-05,147.6,157.45,147.6,149.15,1692878,EQ,46808.0,36.17,810691.0
2024-06-06,152.5,162.45,152.5,160.25,731993,EQ,33968.0,21.55,338254.0
2024-06-07,160.9,168.5,159.9,167.05,461685,EQ,26455.0,17.45,274548.0
2024-06-10,168.45,170.95,165.8,167.9,564920,EQ,22121.0,25.54,384465.0
2024-06-11,169.45,176.95,168.2,175.2,563488,EQ,21524.0,26.18,311451.0
2024-06-12,176.95,178.0,174.8,175.8,486372,EQ,23789.0,20.45,269297.0
2024-06-13,177.45,177.45,171.9,174.7,270747,EQ,19326.0,14.01,135570.0
2024-06-14,176.6,187.5,175.5,183.6,1525442,EQ,43769.0,34.85,604311.0
2024-06-18,184.55,198.75,183.65,194.7,2656989,EQ,46501.0,57.14,839802.0
2024-06-19,196.45,196.7,187.25,188.3,684280,EQ,21787.0,31.41,327539.0
2024-06-20,189.3,195.2,186.5,194.35,524209,EQ,17152.0,30.56,187766.0
2024-06-21,195.2,196.1,185.5,186.7,412192,EQ,18562.0,22.21,183487.0
2024-06-24,187.7,191.2,181.0,181.6,411458,EQ,15920.0,25.85,202432.0
2024-06-25,182.9,188.45,181.55,182.4,349972,EQ,14249.0,24.56,143028.0
2024-06-26,182.4,183.45,178.05,178.6,227383,EQ,10816.0,21.02,130895.0
2024-06-27,178.5,183.45,171.15,172.3,597696,EQ,24753.0,24.15,305635.0
2024-06-28,173.45,192.55,171.3,177.75,1035166,EQ,35591.0,29.09,346253.0
2024-07-01,177.0,181.6,174.4,180.8,452989,EQ,16735.0,27.07,148239.0
2024-07-02,179.25,188.2,179.2,185.55,1249036,EQ,38650.0,32.32,420134.0
2024-07-03,190.0,193.35,188.75,192.6,1700044,EQ,40256.0,42.23,955352.0
2024-07-04,192.8,194.9,190.8,193.05,455213,EQ,21909.0,20.78,208519.0
2024-07-05,192.0,210.5,191.65,204.3,1974817,EQ,51986.0,37.99,819223.0
2024-07-08,204.6,211.75,199.3,201.4,1138289,EQ,40260.0,28.27,482004.0
2024-07-09,201.5,206.7,198.65,202.95,608350,EQ,41498.0,14.66,233681.0
2024-07-10,203.95,211.4,199.1,200.05,973362,EQ,54867.0,17.74,425475.0
2024-07-11,201.45,208.95,200.8,203.7,580562,EQ,29985.0,19.36,239653.0
2024-07-12,204.5,208.7,201.2,202.55,509898,EQ,48366.0,10.54,250593.0
2024-07-15,203.9,204.45,190.5,193.95,1155626,EQ,41925.0,27.56,366612.0
2024-07-16,194.9,197.8,193.2,194.8,462198,EQ,14545.0,31.78,181089.0
2024-07-18,195.7,198.25,189.7,190.9,453002,EQ,22535.0,20.1,217195.0
2024-07-19,187.0,192.65,180.8,190.4,1036427,EQ,46103.0,22.48,268775.0
2024-07-22,188.7,198.8,186.0,194.3,542291,EQ,24358.0,22.26,117974.0
2024-07-23,195.0,198.35,181.7,195.5,611404,EQ,30942.0,19.76,204294.0
2024-07-24,196.4,199.95,193.75,198.9,484374,EQ,13208.0,36.67,326892.0
2024-07-25,198.5,203.0,196.3,198.95,353058,EQ,16270.0,21.7,114164.0
2024-07-26,200.6,201.5,194.5,195.4,330052,EQ,12005.0,27.49,192274.0
2024-07-29,198.5,209.35,196.5,199.7,1039241,EQ,31812.0,32.67,564628.0
2024-07-30,200.0,206.55,200.0,205.65,532406,EQ,16895.0,31.51,242970.0
2024-07-31,207.4,210.45,203.55,207.7,513323,EQ,21685.0,23.67,221309.0
2024-08-01,209.8,209.8,198.0,199.25,385748,EQ,20134.0,19.16,206409.0
2024-08-02,198.4,210.0,197.1,207.7,800316,EQ,28739.0,27.85,190807.0
2024-08-05,200.0,202.5,193.5,196.2,686636,EQ,42475.0,16.17,319692.0
2024-08-06,197.3,202.35,191.5,192.8,550577,EQ,16528.0,33.31,366909.0
2024-08-07,198.0,201.0,194.9,199.9,574150,EQ,16817.0,34.14,372908.0
2024-08-08,200.7,202.4,196.55,197.7,318782,EQ,24192.0,13.18,161388.0
2024-08-09,201.1,207.4,198.55,204.95,459065,EQ,18471.0,24.85,164424.0
2024-08-12,202.5,208.45,197.9,204.8,810267,EQ,32492.0,24.94,382636.0
2024-08-13,205.45,214.9,200.25,202.2,1643025,EQ,62977.0,26.09,429588.0
2024-08-14,205.2,207.3,199.0,204.2,397269,EQ,24966.0,15.91,119292.0
2024-08-16,204.55,220.6,204.2,210.9,2388963,EQ,70679.0,33.8,654074.0
2024-08-19,211.0,219.4,211.0,216.55,597005,EQ,33570.0,17.78,249025.0
2024-08-20,215.8,217.0,210.1,211.4,271858,EQ,17042.0,15.95,127315.0
2024-08-21,211.7,215.0,208.65,212.55,373602,EQ,20330.0,18.38,155182.0
2024-08-22,212.0,219.8,211.4,213.1,471479,EQ,20210.0,23.33,242746.0
2024-08-23,213.25,218.25,213.25,216.1,403414,EQ,16848.0,23.94,209625.0
2024-08-26,217.1,218.9,208.0,211.4,372551,EQ,19591.0,19.02,170726.0
2024-08-27,213.5,225.5,211.5,221.65,1059657,EQ,38782.0,27.32,430576.0
2024-08-28,221.9,222.75,212.6,213.2,405721,EQ,19465.0,20.84,226177.0
2024-08-29,213.2,215.3,210.0,211.2,1184095,EQ,22633.0,52.32,563485.0
2024-08-30,212.55,218.4,208.4,213.35,806024,EQ,16866.0,47.79,593686.0
2024-09-02,213.5,219.5,213.15,217.0,488299,EQ,19399.0,25.17,179668.0
2024-09-03,216.0,219.45,213.5,214.6,243536,EQ,10760.0,22.63,119397.0
2024-09-04,213.15,222.0,208.1,216.0,443774,EQ,18153.0,24.45,174118.0
2024-09-05,218.25,220.2,215.25,216.3,216760,EQ,13581.0,15.96,95814.0
2024-09-06,216.2,223.4,214.05,215.3,559480,EQ,22651.0,24.7,225521.0
2024-09-09,217.5,218.9,202.8,204.6,544647,EQ,26984.0,20.18,262554.0
2024-09-10,205.9,209.7,205.7,208.2,283708,EQ,13500.0,21.02,131341.0
2024-09-11,209.75,209.75,199.15,201.25,471414,EQ,18803.0,25.07,291135.0
2024-09-12,203.8,208.65,202.9,206.95,302610,EQ,16901.0,17.9,89102.0
2024-09-13,207.85,211.95,205.2,210.3,274657,EQ,11181.0,24.56,158775.0
2024-09-16,211.5,218.95,210.5,211.9,664061,EQ,23588.0,28.15,329124.0
2024-09-17,213.25,213.3,204.7,205.7,688750,EQ,25559.0,26.95,435552.0
2024-09-18,205.4,206.7,200.55,203.9,354851,EQ,16189.0,21.92,169459.0
2024-09-19,205.3,207.3,196.9,197.6,851526,EQ,17729.0,48.03,659241.0
2024-09-20,197.5,200.5,194.9,197.65,392576,EQ,18031.0,21.77,190814.0
2024-09-23,195.8,197.95,190.6,197.3,584898,EQ,28722.0,20.36,278179.0
2024-09-24,197.65,203.2,197.1,201.45,304693,EQ,15848.0,19.23,111788.0
2024-09-25,201.9,207.35,201.15,202.35,304319,EQ,19034.0,15.99,156582.0
2024-09-26,203.5,205.65,200.55,205.0,235672,EQ,8303.0,28.38,131141.0
2024-09-27,207.5,207.5,201.55,205.4,275452,EQ,13766.0,20.01,115430.0
2024-09-30,207.4,209.9,204.5,209.55,624202,EQ,25073.0,24.9,261282.0
2024-10-01,207.55,211.95,204.9,206.05,303696,EQ,19619.0,15.48,155403.0
2024-10-03,202.5,205.0,198.0,199.5,218259,EQ,17472.0,12.49,111740.0
2024-10-04,197.95,202.5,195.8,198.05,188908,EQ,13871.0,13.62,88854.0
2024-10-07,199.0,199.3,187.1,192.05,367715,EQ,32433.0,11.34,149261.0
2024-10-08,190.6,195.1,186.1,193.4,618631,EQ,52458.0,11.79,391005.0
2024-10-09,194.65,199.2,193.5,194.3,174971,EQ,13038.0,13.42,74945.0
2024-10-10,194.5,198.95,193.15,195.15,319387,EQ,17202.0,18.57,188391.0
2024-10-11,195.9,195.9,190.55,192.7,204714,EQ,12943.0,15.82,101273.0
2024-10-14,192.5,194.4,191.15,192.8,333912,EQ,16629.0,20.08,207361.0
2024-10-15,194.4,205.5,192.15,204.6,1798540,EQ,54905.0,32.76,569187.0
2024-10-16,204.5,212.0,201.3,210.2,870566,EQ,30694.0,28.36,271959.0
2024-10-17,210.9,211.5,203.4,204.8,437840,EQ,16916.0,25.88,264017.0
2024-10-18,204.5,204.8,198.9,202.4,254556,EQ,14750.0,17.26,101301.0
2024-10-21,205.0,213.5,203.0,205.3,726997,EQ,39306.0,18.5,163525.0
2024-10-22,206.0,208.3,197.6,200.3,386756,EQ,27614.0,14.01,145620.0
2024-10-23,197.5,204.45,194.7,198.55,268997,EQ,19965.0,13.47,89924.0
2024-10-24,199.55,201.05,195.0,197.05,147331,EQ,11931.0,12.35,54134.0
2024-10-25,197.05,198.05,186.85,190.8,453084,EQ,40197.0,11.27,200090.0
2024-10-28,190.0,195.45,183.5,189.65,334594,EQ,25361.0,13.19,140934.0
2024-10-29,192.95,198.2,187.45,189.35,547411,EQ,30197.0,18.13,317789.0
2024-10-30,199.0,201.45,191.95,196.4,1451741,EQ,46840.0,30.99,670185.0
2024-10-31,195.85,207.7,195.8,206.4,1218309,EQ,51624.0,23.6,618710.0
2024-11-01,210.0,210.75,204.55,206.95,106645,EQ,5507.0,19.37,61470.0
2024-11-04,206.5,208.9,200.0,207.2,686015,EQ,29272.0,23.44,434492.0
2024-11-05,204.05,225.95,204.05,219.6,3130152,EQ,117825.0,26.57,1335979.0
2024-11-06,222.0,225.75,217.2,219.2,752065,EQ,33659.0,22.34,299651.0
2024-11-07,220.2,223.2,215.5,215.9,482739,EQ,18161.0,26.58,246594.0
2024-11-08,216.1,216.1,206.5,207.7,348750,EQ,13023.0,26.78,189360.0
2024-11-11,207.7,208.4,203.0,203.95,407537,EQ,11279.0,36.13,221223.0
2024-11-12,206.0,211.7,204.5,206.2,547643,EQ,29116.0,18.81,224277.0
2024-11-13,205.85,210.3,200.1,202.7,483650,EQ,28286.0,17.1,231424.0
2024-11-14,202.95,209.0,202.2,203.95,253032,EQ,18983.0,13.33,95085.0
2024-11-18,203.5,208.5,200.25,205.95,314108,EQ,21531.0,14.59,135695.0
2024-11-19,205.5,223.7,205.3,220.35,1253522,EQ,52092.0,24.06,459379.0
2024-11-21,221.4,230.0,217.6,227.25,1181811,EQ,46500.0,25.42,445572.0
2024-11-22,230.1,232.35,220.55,225.0,1434674,EQ,56664.0,25.32,624969.0
2024-11-25,228.9,234.9,226.65,227.95,850979,EQ,39044.0,21.8,385798.0
2024-11-26,228.8,232.5,224.8,225.5,475396,EQ,26559.0,17.9,235884.0
2024-11-27,225.2,239.75,224.4,230.45,1594181,EQ,59343.0,26.86,627224.0
2024-11-28,231.5,235.35,225.75,226.95,887399,EQ,37347.0,23.76,441288.0
2024-11-29,229.0,229.7,217.2,218.05,737142,EQ,29317.0,25.14,378506.0
2024-12-02,219.25,226.4,217.5,219.7,611791,EQ,29729.0,20.58,283674.0
2024-12-03,220.8,222.75,217.4,218.75,510298,EQ,26436.0,19.3,287325.0
2024-12-04,220.25,224.8,215.4,216.2,642937,EQ,29402.0,21.87,256461.0
2024-12-05,216.5,219.25,212.1,213.95,602457,EQ,29054.0,20.74,276999.0
2024-12-06,216.0,218.95,212.0,217.8,803607,EQ,28020.0,28.68,444063.0
2024-12-09,220.0,227.2,219.25,225.3,1038928,EQ,41271.0,25.17,505598.0
2024-12-10,227.8,232.2,223.8,229.7,1045131,EQ,46972.0,22.25,501741.0
2024-12-11,232.0,234.8,227.0,232.95,850710,EQ,30555.0,27.84,489254.0
2024-12-12,232.95,235.0,223.5,224.5,463398,EQ,20907.0,22.16,244423.0
2024-12-13,225.0,233.1,221.1,231.6,1177255,EQ,40413.0,29.13,484392.0
2024-12-16,231.5,237.6,228.75,236.4,906673,EQ,34851.0,26.02,404076.0
2024-12-17,237.5,237.95,231.9,233.3,463358,EQ,24861.0,18.64,221657.0
2024-12-18,234.8,236.05,224.3,224.9,543365,EQ,19077.0,28.48,327623.0
2024-12-19,221.8,227.4,219.7,225.9,648819,EQ,23012.0,28.19,305202.0
2024-12-20,227.5,230.0,222.7,227.2,558479,EQ,26069.0,21.42,246767.0
2024-12-23,230.0,230.0,222.25,224.7,381121,EQ,22717.0,16.78,174882.0
2024-12-24,225.5,232.25,224.15,231.5,333172,EQ,16331.0,20.4,132507.0
2024-12-26,233.5,241.4,230.0,233.15,1104957,EQ,41330.0,26.73,331589.0
2024-12-27,233.7,234.5,224.2,225.8,266371,EQ,13421.0,19.85,142179.0
2024-12-30,226.0,228.6,224.05,225.0,241405,EQ,11827.0,20.41,104280.0
2024-12-31,222.75,227.0,222.55,225.5,264905,EQ,14771.0,17.93,137902.0
2025-01-01,225.65,227.85,222.5,223.25,334889,EQ,12372.0,27.07,223692.0
2025-01-02,222.5,227.45,222.5,225.7,372617,EQ,11255.0,33.11,224831.0
2025-01-03,226.4,229.95,224.0,225.05,263136,EQ,11862.0,22.18,139830.0
2025-01-06,231.0,231.5,215.8,217.2,701107,EQ,34022.0,20.61,318266.0
2025-01-07,218.0,223.2,217.8,221.7,367296,EQ,18917.0,19.42,188385.0
2025-01-08,222.15,225.0,215.55,215.9,343637,EQ,17438.0,19.71,180265.0
2025-01-09,215.2,215.95,207.95,209.0,345273,EQ,20146.0,17.14,198835.0
2025-01-10,207.25,208.0,200.0,205.05,512301,EQ,31450.0,16.29,219891.0
2025-01-13,199.95,203.4,190.45,192.75,752566,EQ,37231.0,20.21,406494.0
2025-01-14,200.2,211.0,196.05,199.6,1849037,EQ,88073.0,20.99,652136.0
2025-01-15,200.2,204.8,195.6,198.6,561789,EQ,30086.0,18.67,278084.0
2025-01-16,200.0,205.0,200.0,203.05,366763,EQ,17031.0,21.54,214224.0
2025-01-17,203.5,204.7,199.05,200.8,317635,EQ,16808.0,18.9,148974.0
2025-01-20,204.2,208.6,199.0,203.3,674054,EQ,30018.0,22.45,252746.0
2025-01-21,203.05,204.3,194.3,197.9,502225,EQ,23572.0,21.31,243362.0
2025-01-22,198.75,200.45,188.05,189.55,764580,EQ,45198.0,16.92,479090.0
2025-01-23,190.5,193.45,187.0,189.85,313597,EQ,19670.0,15.94,167404.0
2025-01-24,190.9,191.9,183.15,184.1,459388,EQ,25233.0,18.21,264513.0
2025-01-27,187.5,189.4,180.5,184.8,904419,EQ,48159.0,18.78,380947.0
2025-01-28,180.0,184.8,165.95,168.1,1567420,EQ,96109.0,16.31,722741.0
2025-01-29,166.05,183.8,164.7,180.3,736796,EQ,45898.0,16.05,305807.0
2025-01-30,177.6,184.25,171.2,172.3,907500,EQ,43657.0,20.79,312916.0
2025-01-31,172.55,187.8,172.55,183.9,959461,EQ,52162.0,18.39,337748.0
2025-02-01,180.7,190.4,180.05,181.55,414897,EQ,30860.0,13.44,121592.0
2025-02-03,180.2,184.8,173.25,173.8,663735,EQ,37221.0,17.83,412049.0
2025-02-04,177.4,185.0,175.4,183.9,853821,EQ,37105.0,23.01,466515.0
2025-02-05,177.6,194.5,177.6,192.45,640377,EQ,38753.0,16.52,289607.0
2025-02-06,195.5,199.5,189.05,189.95,677754,EQ,33008.0,20.53,360433.0
2025-02-07,200.0,204.9,193.3,194.8,2629401,EQ,85363.0,30.8,891712.0
2025-02-10,194.8,195.8,181.0,182.1,839145,EQ,50507.0,16.61,456127.0
2025-02-11,181.5,181.5,173.5,176.6,956303,EQ,48094.0,19.88,484489.0
2025-02-12,176.6,181.4,170.05,173.3,1113927,EQ,55125.0,20.21,491356.0
2025-02-13,175.95,180.25,171.25,172.45,602872,EQ,40015.0,15.07,272348.0
2025-02-14,174.5,174.5,162.65,166.2,495289,EQ,26346.0,18.8,245740.0
2025-02-17,166.7,169.55,158.85,161.65,986840,EQ,48787.0,20.23,462491.0
2025-02-18,162.5,168.25,154.55,158.6,544921,EQ,27621.0,19.73,227172.0
2025-02-19,157.6,166.9,154.55,164.15,717300,EQ,35223.0,20.36,353683.0
2025-02-20,161.9,168.45,160.2,166.7,463188,EQ,31128.0,14.88,219411.0
2025-02-21,166.7,172.65,165.5,166.65,581968,EQ,29446.0,19.76,226063.0
2025-02-24,164.15,168.25,159.0,166.9,638108,EQ,35181.0,18.14,345703.0
2025-02-25,165.85,168.05,162.5,164.2,334185,EQ,16790.0,19.9,161150.0
2025-02-27,167.5,167.8,156.75,158.4,458504,EQ,21220.0,21.61,256218.0
2025-02-28,157.95,158.35,150.55,154.4,548082,EQ,39766.0,13.78,233006.0
2025-03-03,154.95,157.45,146.5,152.2,896356,EQ,45611.0,19.65,403111.0
2025-03-04,163.35,168.45,158.8,160.95,3045388,EQ,87880.0,34.65,602785.0
2025-03-05,162.0,168.85,160.5,166.95,717160,EQ,28493.0,25.17,366262.0
2025-03-06,169.4,175.4,169.0,172.95,1144129,EQ,46567.0,24.57,634760.0
2025-03-07,173.5,179.45,171.8,176.7,741659,EQ,33338.0,22.25,340209.0
2025-03-10,177.2,182.25,173.2,174.8,746532,EQ,38138.0,19.57,350498.0
2025-03-11,170.5,174.7,166.1,169.05,813986,EQ,38627.0,21.07,395739.0
2025-03-12,167.5,172.9,165.6,166.25,827328,EQ,38809.0,21.32,450837.0
2025-03-13,167.45,167.5,159.1,160.45,854509,EQ,42712.0,20.01,464500.0
2025-03-17,162.35,171.4,161.6,170.2,1268421,EQ,47812.0,26.53,628654.0
2025-03-18,171.7,184.0,171.0,178.35,1403605,EQ,49641.0,28.28,506679.0
2025-03-19,178.5,186.8,178.35,184.55,825849,EQ,36763.0,22.46,384811.0
2025-03-20,186.5,189.0,179.8,188.5,550078,EQ,24113.0,22.81,198593.0
2025-03-21,188.5,198.0,186.8,196.3,3855374,EQ,85136.0,45.28,2555264.0
2025-03-24,199.0,212.2,195.2,209.7,1054386,EQ,51695.0,20.4,451057.0
2025-03-25,212.5,217.5,207.05,209.8,1346900,EQ,71231.0,18.91,581673.0
2025-03-26,210.0,212.3,203.55,205.35,652219,EQ,38004.0,17.16,320437.0
2025-03-27,204.6,209.75,200.2,204.45,632709,EQ,41362.0,15.3,270566.0
2025-03-28,207.1,213.65,203.45,205.25,569668,EQ,46006.0,12.38,221800.0
2025-04-01,201.95,205.2,196.7,198.4,547120,EQ,37241.0,14.69,292255.0
2025-04-02,198.95,199.95,194.5,198.6,300319,EQ,15486.0,19.39,147662.0
2025-04-03,195.0,205.8,191.5,200.55,518340,EQ,25140.0,20.62,198229.0
2025-04-04,199.5,200.5,191.0,193.95,467692,EQ,36866.0,12.69,214534.0
2025-04-07,159.35,181.65,159.35,179.4,1287892,EQ,53385.0,24.12,497994.0
2025-04-08,187.95,199.05,185.0,197.15,792428,EQ,45287.0,17.5,230496.0
2025-04-09,196.1,196.8,189.05,191.55,496796,EQ,34719.0,14.31,181584.0
2025-04-11,199.0,205.25,196.35,204.4,654616,EQ,28678.0,22.83,256719.0
2025-04-15,208.55,217.3,207.4,215.8,631987,EQ,31711.0,19.93,285180.0
2025-04-16,215.5,220.5,212.7,219.0,526146,EQ,29118.0,18.07,206966.0
2025-04-17,216.5,220.45,215.0,219.2,323148,EQ,15212.0,21.24,134494.0
2025-04-21,219.2,221.3,211.0,217.4,332987,EQ,19110.0,17.42,137271.0
2025-04-22,218.3,222.0,213.9,214.9,342377,EQ,21359.0,16.03,166866.0
2025-04-23,216.6,219.55,210.8,212.15,331221,EQ,22113.0,14.98,152634.0
2025-04-24,212.0,217.8,209.05,214.7,374961,EQ,21269.0,17.63,174172.0
2025-04-25,213.5,214.1,203.55,208.9,441175,EQ,32676.0,13.5,158642.0
2025-04-28,208.9,219.9,206.5,215.4,763323,EQ,37372.0,20.42,363406.0
2025-04-29,217.25,221.9,213.6,214.95,414218,EQ,29643.0,13.97,171106.0
2025-04-30,215.5,224.5,213.5,216.2,829835,EQ,47831.0,17.35,440544.0
2025-05-02,214.9,215.3,207.5,208.35,367116,EQ,20027.0,18.33,157607.0
2025-05-05,208.5,214.8,206.35,207.5,1175570,EQ,27019.0,43.51,853308.0
2025-05-06,206.3,210.0,198.05,199.2,443796,EQ,26838.0,16.54,213111.0
2025-05-07,197.0,204.95,195.45,203.8,325311,EQ,20858.0,15.6,102945.0
2025-05-08,204.5,211.0,197.05,202.2,722762,EQ,39318.0,18.38,254164.0
2025-05-09,195.0,200.95,193.5,199.55,410127,EQ,26600.0,15.42,190393.0
2025-05-12,209.0,214.8,208.55,211.65,1185592,EQ,37125.0,31.94,736150.0
2025-05-13,219.0,233.95,214.0,232.0,4472394,EQ,110490.0,40.48,1179600.0
2025-05-14,234.0,242.95,230.15,237.75,1822222,EQ,55300.0,32.95,534922.0
2025-05-15,238.0,247.4,236.15,243.55,1593328,EQ,49956.0,31.89,748325.0
2025-05-16,246.0,249.9,244.0,245.65,1377779,EQ,43945.0,31.35,705728.0
2025-05-19,246.7,254.9,246.5,249.0,1338240,EQ,43013.0,31.11,774502.0
2025-05-20,250.0,250.5,239.5,240.15,1143470,EQ,38081.0,30.03,738094.0
2025-05-21,239.95,247.9,239.55,246.9,617658,EQ,25773.0,23.97,263535.0
2025-05-22,245.0,245.35,227.5,242.0,9614082,EQ,128116.0,75.04,4250747.0
2025-05-23,240.0,244.3,232.5,243.3,2053808,EQ,67338.0,30.5,1001119.0
2025-05-26,243.5,245.0,236.4,237.7,1256307,EQ,39935.0,31.46,727259.0
2025-05-27,237.7,240.15,237.3,238.75,619802,EQ,18194.0,34.07,308762.0
2025-05-28,239.0,246.85,239.0,244.55,1211651,EQ,34712.0,34.91,578208.0
2025-05-29,246.4,259.2,243.15,255.7,2693832,EQ,67779.0,39.74,1167866.0
2025-05-30,258.0,263.65,257.5,260.45,2279192,EQ,87283.0,26.11,1522580.0
2025-06-02,259.0,261.5,250.8,251.85,2203896,EQ,34255.0,64.34,1766976.0
2025-06-03,254.0,257.0,249.05,250.3,694139,EQ,23799.0,29.17,282850.0
2025-06-04,250.9,256.0,249.5,253.55,418876,EQ,17491.0,23.95,176893.0
2025-06-05,255.0,259.0,252.9,257.4,590129,EQ,23661.0,24.94,221504.0
2025-06-06,257.4,257.55,247.8,248.7,577037,EQ,27153.0,21.25,295858.0
2025-06-09,250.05,251.95,247.8,249.0,409554,EQ,16149.0,25.36,177071.0
2025-06-10,249.0,251.1,246.2,247.3,392871,EQ,24171.0,16.25,223831.0
2025-06-11,248.0,262.4,246.8,255.75,2506047,EQ,69978.0,35.81,1323216.0
2025-06-12,255.15,257.4,247.05,248.5,767867,EQ,22713.0,33.81,502136.0
2025-06-13,242.55,256.0,240.5,253.4,765154,EQ,44478.0,17.2,323239.0
2025-06-16,254.0,256.25,245.4,255.3,556994,EQ,21938.0,25.39,240883.0
2025-06-17,255.3,261.15,252.9,259.4,666830,EQ,22831.0,29.21,299256.0
2025-06-18,260.5,266.5,255.7,262.7,1671018,EQ,52497.0,31.83,591529.0
2025-06-19,262.7,266.0,255.15,257.4,969305,EQ,39727.0,24.4,315333.0
2025-06-20,260.0,264.0,256.4,257.55,877353,EQ,33340.0,26.32,318046.0
2025-06-23,255.75,263.25,252.55,258.9,497138,EQ,22848.0,21.76,174719.0
2025-06-24,260.4,263.4,255.5,256.4,448498,EQ,17474.0,25.67,233033.0
2025-06-25,257.4,261.5,255.4,260.1,534866,EQ,16646.0,32.13,266283.0
2025-06-26,260.25,273.0,258.6,270.05,2295364,EQ,60149.0,38.16,1035038.0
2025-06-27,275.0,276.4,249.6,252.6,3415277,EQ,83110.0,41.09,1485669.0
2025-06-30,253.9,255.95,248.5,249.75,899176,EQ,29340.0,30.65,418464.0
2025-07-01,250.95,254.0,249.0,249.8,491186,EQ,21586.0,22.75,237423.0
2025-07-02,248.55,251.2,247.25,249.6,384495,EQ,14087.0,27.29,136683.0
2025-07-03,250.55,253.55,246.0,246.85,605803,EQ,22417.0,27.02,227517.0
2025-07-04,246.0,249.25,245.05,247.3,282029,EQ,11571.0,24.37,125251.0
2025-07-07,246.5,247.5,243.05,243.8,434707,EQ,15734.0,27.63,303275.0
2025-07-08,243.95,245.85,238.4,240.0,777665,EQ,26826.0,28.99,477039.0
2025-07-09,240.0,248.4,238.5,247.8,448943,EQ,17341.0,25.89,190761.0
2025-07-10,249.0,253.5,248.35,250.05,818573,EQ,23360.0,35.04,365596.0
2025-07-11,250.0,251.2,242.55,244.0,447436,EQ,14487.0,30.89,217001.0
2025-07-14,245.0,248.0,242.1,247.15,516375,EQ,27531.0,18.76,203899.0
2025-07-15,247.5,250.2,246.6,248.35,360930,EQ,20326.0,17.76,171545.0
2025-07-16,248.35,250.0,246.5,247.8,285241,EQ,10711.0,26.63,126392.0
2025-07-17,247.8,252.75,247.5,249.55,381030,EQ,12125.0,31.43,173099.0
2025-07-18,251.0,251.15,245.6,248.4,389452,EQ,11834.0,32.91,140747.0
2025-07-21,247.0,249.0,244.5,247.35,242857,EQ,16168.0,15.02,109123.0
2025-07-22,247.5,250.45,243.55,244.8,263084,EQ,10873.0,24.2,129422.0
2025-07-23,245.5,246.4,240.5,241.7,379696,EQ,18575.0,20.44,214761.0
2025-07-24,242.25,242.85,238.0,240.05,347854,EQ,12971.0,26.82,194412.0
2025-07-25,238.05,240.05,233.55,234.3,511615,EQ,18955.0,26.99,265459.0
2025-07-28,230.0,235.95,226.55,233.5,939942,EQ,49153.0,19.12,493529.0
2025-07-29,232.5,248.9,231.0,244.9,932002,EQ,38299.0,24.33,469981.0
2025-07-30,245.1,259.5,243.5,258.1,1777181,EQ,65138.0,27.28,893206.0
2025-07-31,254.0,262.1,250.05,255.05,1586663,EQ,60995.0,26.01,866341.0
2025-08-01,255.05,259.35,249.35,252.5,678968,EQ,35344.0,19.21,366897.0
2025-08-04,255.9,259.4,251.25,256.05,786660,EQ,35390.0,22.23,395984.0
2025-08-05,256.0,258.9,251.1,252.5,648728,EQ,28054.0,23.12,384809.0
2025-08-06,253.5,261.9,251.0,256.2,2057903,EQ,70840.0,29.05,694250.0
2025-08-07,255.9,255.9,247.05,254.0,1026314,EQ,42429.0,24.19,470425.0
2025-08-08,253.8,254.9,233.1,236.4,1548879,EQ,55366.0,27.98,920706.0
2025-08-11,243.5,251.5,239.0,250.1,1401106,EQ,58685.0,23.88,576441.0
2025-08-12,250.95,251.25,246.0,247.0,399090,EQ,16677.0,23.93,222155.0
2025-08-13,246.1,254.0,245.5,252.9,549769,EQ,15932.0,34.51,311773.0
2025-08-14,252.5,257.2,252.15,254.3,479492,EQ,16647.0,28.8,211737.0
2025-08-18,260.0,261.0,249.8,255.85,658317,EQ,24834.0,26.51,346573.0
2025-08-19,257.4,261.0,253.0,260.4,636557,EQ,27143.0,23.45,366782.0
2025-08-20,260.0,261.9,255.5,255.95,266369,EQ,15400.0,17.3,129542.0
2025-08-21,256.7,260.4,255.05,256.5,324661,EQ,14317.0,22.68,144955.0
2025-08-22,258.1,265.3,256.15,259.0,1094574,EQ,28333.0,38.63,570296.0
2025-08-25,260.0,264.6,258.6,260.4,542782,EQ,21810.0,24.89,222780.0
2025-08-26,260.4,261.4,247.8,249.45,1019353,EQ,39304.0,25.94,591459.0
2025-08-28,250.0,254.4,246.5,252.0,442011,EQ,14900.0,29.67,248540.0
2025-08-29,252.0,254.0,248.0,250.9,402992,EQ,16050.0,25.11,191185.0
2025-09-01,250.0,257.5,249.9,256.55,334176,EQ,13355.0,25.02,169242.0
2025-09-02,256.5,259.3,254.15,256.7,857263,EQ,14046.0,61.03,665581.0
2025-09-03,259.0,280.0,258.0,275.7,5502113,EQ,132106.0,41.65,1656652.0
2025-09-04,278.05,279.25,268.1,269.25,866999,EQ,26868.0,32.27,347114.0
2025-09-05,269.5,283.5,267.75,274.75,1564465,EQ,48031.0,32.57,651481.0
2025-09-08,274.9,282.9,270.5,282.2,1047860,EQ,37389.0,28.03,572529.0
2025-09-09,282.0,283.4,273.0,274.2,655268,EQ,31587.0,20.74,347294.0
2025-09-10,275.5,282.45,275.5,276.9,417999,EQ,18807.0,22.23,190130.0
2025-09-11,277.0,282.5,275.05,276.45,391763,EQ,16930.0,23.14,173043.0
2025-09-12,276.5,288.0,273.2,275.8,724351,EQ,26166.0,27.68,221717.0
2025-09-15,273.5,279.95,272.55,274.75,450612,EQ,19942.0,22.6,204074.0
2025-09-16,275.5,281.75,267.75,272.0,654815,EQ,27104.0,24.16,301387.0
2025-09-17,272.95,277.25,265.1,269.0,590138,EQ,24219.0,24.37,323987.0
2025-09-18,269.9,272.4,262.6,267.1,673839,EQ,20885.0,32.26,381103.0
2025-09-19,266.8,280.0,266.0,276.7,1237944,EQ,37508.0,33.0,795063.0
2025-09-22,277.5,279.1,270.0,271.0,407823,EQ,20054.0,20.34,214912.0
2025-09-23,270.95,277.5,270.55,276.55,332580,EQ,17716.0,18.77,153428.0
2025-09-24,276.5,288.95,271.5,287.05,1330146,EQ,43636.0,30.48,539058.0
2025-09-25,288.05,289.7,285.05,287.7,599638,EQ,25835.0,23.21,245760.0
2025-09-26,286.7,293.35,282.6,286.55,1003826,EQ,48544.0,20.68,394701.0
2025-09-29,286.5,291.5,284.0,288.2,562407,EQ,31551.0,17.83,231127.0
2025-09-30,288.25,296.95,287.7,295.4,822964,EQ,35236.0,23.36,413669.0
2025-10-01,295.1,301.4,291.5,299.2,1113980,EQ,46377.0,24.02,489373.0
2025-10-03,302.0,329.9,301.7,321.4,4769734,EQ,147341.0,32.37,1064463.0
2025-10-06,321.95,325.0,315.5,318.25,636320,EQ,31685.0,20.08,262601.0
2025-10-07,320.0,320.5,313.5,316.25,899396,EQ,29066.0,30.94,581729.0
2025-10-08,315.5,318.15,308.35,309.4,551995,EQ,29286.0,18.85,317087.0
2025-10-09,309.0,315.0,302.95,305.7,423586,EQ,19315.0,21.93,196973.0
2025-10-10,306.25,307.95,298.35,300.2,444899,EQ,20781.0,21.41,230948.0
2025-10-13,298.5,303.55,295.45,297.7,308152,EQ,16631.0,18.53,133817.0
2025-10-14,298.5,303.5,291.35,300.4,847180,EQ,27387.0,30.93,466049.0
2025-10-15,301.0,320.05,297.5,317.3,1117383,EQ,44643.0,25.03,529926.0
2025-10-16,318.0,321.8,314.75,318.65,716052,EQ,51774.0,13.83,380823.0
2025-10-17,316.9,334.35,314.4,328.8,1819855,EQ,48264.0,37.71,983196.0
2025-10-20,325.5,327.55,318.5,322.95,518581,EQ,31318.0,16.56,245502.0
2025-10-21,324.35,329.2,324.0,326.0,123368,EQ,7896.0,15.62,52184.0
2025-10-23,326.0,332.7,320.05,323.2,668056,EQ,37072.0,18.02,300999.0
2025-10-24,322.4,330.5,320.0,321.0,523742,EQ,25699.0,20.38,268936.0
2025-10-27,321.0,332.25,317.65,322.9,560517,EQ,37683.0,14.87,197798.0
2025-10-28,322.9,326.1,320.1,324.2,257738,EQ,15299.0,16.85,106849.0
2025-10-29,323.5,339.5,322.55,334.55,1304792,EQ,43936.0,29.7,464599.0
2025-10-30,333.0,346.5,326.4,341.9,1628470,EQ,59486.0,27.38,641422.0
2025-10-31,359.5,393.5,357.5,387.45,16850141,EQ,362133.0,46.53,2035977.0
2025-11-03,382.25,425.0,381.35,408.2,10778867,EQ,271497.0,39.7,1773611.0
2025-11-04,403.0,419.5,400.2,410.0,3630059,EQ,99191.0,36.6,1176160.0
2025-11-06,407.0,411.5,397.0,398.9,1336345,EQ,52078.0,25.66,595317.0
2025-11-07,396.75,398.9,385.0,390.3,1103578,EQ,50978.0,21.65,506593.0
2025-11-10,389.5,396.1,376.3,392.2,1241031,EQ,56203.0,22.08,508899.0
2025-11-11,392.2,404.7,385.5,388.9,1162929,EQ,46446.0,25.04,422172.0
2025-11-12,386.5,415.4,386.4,410.2,1148115,EQ,41387.0,27.74,413334.0
2025-11-13,410.0,410.5,384.0,388.7,796532,EQ,37968.0,20.98,336436.0
2025-11-14,386.55,394.5,379.4,392.85,884707,EQ,47265.0,18.72,334038.0
2025-11-17,394.5,400.55,390.35,392.3,514303,EQ,24353.0,21.12,218308.0
2025-11-18,391.0,391.15,379.2,383.0,971475,EQ,29822.0,32.58,585278.0
2025-11-19,380.75,383.85,372.5,381.1,718478,EQ,44240.0,16.24,355921.0
2025-11-20,383.0,390.0,377.5,379.4,1176972,EQ,40999.0,28.71,380106.0
2025-11-21,377.5,377.8,359.9,362.4,1230115,EQ,38700.0,31.79,692358.0
2025-11-24,362.5,389.4,355.35,381.75,3885029,EQ,104148.0,37.3,1509898.0
2025-11-25,384.55,388.0,379.05,380.3,684379,EQ,28131.0,24.33,276157.0
2025-11-26,381.4,399.5,380.35,397.8,1391070,EQ,55140.0,25.23,454160.0
2025-11-27,398.5,405.85,392.55,397.65,824714,EQ,30206.0,27.3,332895.0
2025-11-28,396.3,397.0,387.5,388.5,320450,EQ,15642.0,20.49,117878.0
2025-12-01,388.45,400.7,387.7,396.3,604530,EQ,26362.0,22.93,243333.0
2025-12-02,395.3,400.0,392.0,396.2,456655,EQ,19756.0,23.11,191413.0
2025-12-03,398.0,399.0,380.9,382.1,460171,EQ,23916.0,19.24,177086.0
2025-12-04,382.25,389.8,360.65,362.7,1191773,EQ,46679.0,25.53,582327.0
2025-12-05,363.1,365.4,344.9,348.35,979007,EQ,50959.0,19.21,439395.0
2025-12-08,346.45,349.3,334.55,337.4,920899,EQ,40396.0,22.8,398660.0
2025-12-09,335.55,352.5,330.4,346.85,818399,EQ,41921.0,19.52,194829.0
2025-12-10,347.5,352.0,338.5,340.35,438871,EQ,25812.0,17.0,183634.0
2025-12-11,339.5,344.65,333.6,339.4,410639,EQ,21460.0,19.14,152161.0
2025-12-12,339.2,351.8,337.5,343.55,694536,EQ,32517.0,21.36,219809.0
2025-12-15,344.0,350.2,340.9,348.55,353756,EQ,19764.0,17.9,120234.0
2025-12-16,345.15,347.5,341.6,344.55,258111,EQ,14409.0,17.91,126356.0
2025-12-17,344.5,362.5,341.55,358.4,1135091,EQ,43482.0,26.1,336206.0
2025-12-18,356.6,362.5,345.1,348.7,912642,EQ,37313.0,24.46,353637.0
2025-12-19,351.5,360.9,347.4,358.05,776588,EQ,38057.0,20.41,319633.0
2025-12-22,360.0,372.5,357.0,371.5,792019,EQ,33777.0,23.45,267334.0
2025-12-23,371.5,371.5,360.6,366.0,421468,EQ,17954.0,23.47,164755.0
2025-12-24,365.0,367.5,359.5,360.55,352117,EQ,20682.0,17.03,142550.0
2025-12-26,360.55,367.25,353.8,355.3,371364,EQ,20748.0,17.9,141172.0
2025-12-29,354.5,360.3,343.5,346.95,766459,EQ,27802.0,27.57,434945.0
2025-12-30,346.5,354.0,345.2,351.4,422698,EQ,19580.0,21.59,233372.0
2025-12-31,352.5,353.85,345.5,351.0,366745,EQ,18837.0,19.47,171650.0
2026-01-01,350.7,352.6,333.75,336.9,1040556,EQ,30449.0,34.17,612768.0
2026-01-02,339.0,344.8,337.1,342.4,473248,EQ,19476.0,24.3,242381.0
2026-01-05,342.5,349.5,339.7,347.15,339094,EQ,19126.0,17.73,151832.0
2026-01-06,347.0,351.3,342.7,344.2,528370,EQ,22423.0,23.56,265215.0
2026-01-07,344.2,362.9,343.5,350.2,1147670,EQ,42062.0,27.29,269924.0
2026-01-08,350.05,359.95,342.75,344.7,697787,EQ,32542.0,21.44,261335.0
2026-01-09,344.7,352.2,333.6,336.05,797059,EQ,39609.0,20.12,309509.0
2026-01-12,335.0,335.0,322.0,327.2,919015,EQ,45683.0,20.12,403463.0
2026-01-13,327.5,345.0,325.65,343.65,643949,EQ,27257.0,23.63,233366.0
2026-01-14,343.7,344.0,335.05,339.05,405376,EQ,17870.0,22.68,197364.0
2026-01-16,338.7,342.5,331.05,334.0,407309,EQ,15669.0,25.99,205628.0
2026-01-19,332.1,340.2,328.05,329.5,424889,EQ,23961.0,17.73,152242.0
2026-01-20,328.75,331.95,315.2,320.3,825690,EQ,34077.0,24.23,341698.0
2026-01-21,317.5,322.25,312.05,317.55,567116,EQ,29524.0,19.21,182498.0
2026-01-22,319.9,322.65,314.0,315.65,294367,EQ,18273.0,16.11,128766.0
2026-01-23,316.85,320.25,307.7,312.15,493903,EQ,23300.0,21.2,285499.0
2026-01-27,311.0,319.0,301.2,313.75,704979,EQ,41256.0,17.09,395211.0
2026-01-28,316.55,329.2,315.5,327.6,515637,EQ,20987.0,24.57,241294.0
2026-01-29,329.95,340.0,325.7,338.45,731212,EQ,27849.0,26.26,266756.0
2026-01-30,330.5,384.0,321.15,364.75,4788877,EQ,111062.0,43.12,1371346.0
2026-02-01,364.75,381.55,345.5,369.85,1286010,EQ,43785.0,29.37,644179.0
2026-02-02,368.6,377.7,358.7,374.8,787755,EQ,35819.0,21.99,273012.0
2026-02-03,405.0,420.0,395.75,408.7,2850536,EQ,78520.0,36.3,1442349.0
2026-02-04,406.0,415.0,398.6,410.75,961076,EQ,31341.0,30.67,473328.0
2026-02-05,407.5,422.2,403.0,404.8,1239265,EQ,42195.0,29.37,537996.0
2026-02-06,404.75,404.75,385.25,391.65,1224011,EQ,32729.0,37.4,826221.0
2026-02-09,397.6,407.25,395.0,399.75,649982,EQ,30128.0,21.57,321614.0
2026-02-10,400.0,444.4,397.1,426.1,4348735,EQ,150429.0,28.91,1288371.0
2026-02-11,428.5,437.5,422.3,435.0,1876807,EQ,73244.0,25.62,860751.0
2026-02-12,436.5,437.2,420.65,423.25,496295,EQ,21899.0,22.66,188291.0
2026-02-13,414.55,425.9,413.25,417.2,412980,EQ,19625.0,21.04,142202.0
2026-02-16,416.6,438.0,414.0,429.55,923164,EQ,43318.0,21.31,392987.0
2026-02-17,428.5,438.0,421.1,434.15,607603,EQ,25496.0,23.83,182407.0
2026-02-18,435.0,444.45,430.1,435.4,1183257,EQ,63556.0,18.62,382427.0
2026-02-19,439.5,459.95,433.25,442.05,1869134,EQ,67040.0,27.88,618232.0
2026-02-20,440.0,449.5,435.0,441.25,551467,EQ,26673.0,20.68,200526.0
2026-02-23,442.8,466.5,441.5,451.9,2511515,EQ,100248.0,25.05,899677.0
2026-02-24,452.55,456.0,442.15,444.1,984831,EQ,47763.0,20.62,487750.0
2026-02-25,446.0,449.5,431.9,439.45,882288,EQ,33553.0,26.3,342565.0
2026-02-26,440.0,444.9,438.0,440.75,471363,EQ,25263.0,18.66,236316.0
2026-02-27,440.0,461.0,437.8,451.65,1423934,EQ,49687.0,28.66,570129.0
2026-03-02,420.0,451.5,415.5,444.9,1107680,EQ,38119.0,29.06,429126.0
2026-03-04,435.0,449.0,433.2,438.2,1053119,EQ,39102.0,26.93,489176.0
2026-03-05,439.85,450.25,431.25,442.15,615883,EQ,26306.0,23.41,211545.0
2026-03-06,444.7,454.2,436.45,439.4,698395,EQ,30571.0,22.85,227244.0
2026-03-09,425.6,430.4,414.5,422.7,650792,EQ,40218.0,16.18,281364.0
2026-03-10,427.45,431.9,405.25,407.7,1017663,EQ,45493.0,22.37,459842.0
2026-03-11,408.5,421.25,399.0,401.3,722554,EQ,36293.0,19.91,328045.0
2026-03-12,401.25,410.4,389.4,406.3,848159,EQ,35757.0,23.72,277812.0
2026-03-13,406.0,411.2,386.75,390.25,957855,EQ,40559.0,23.62,343232.0
2026-03-16,386.5,400.0,382.5,397.4,622769,EQ,28865.0,21.58,224747.0
2026-03-17,398.2,412.45,392.5,408.6,515730,EQ,26233.0,19.66,206682.0
2026-03-18,411.0,425.0,409.7,418.25,503691,EQ,22692.0,22.2,207461.0
2026-03-19,409.5,419.8,401.7,416.75,507915,EQ,25445.0,19.96,206673.0
2026-03-20,419.5,437.8,419.0,431.6,908057,EQ,36424.0,24.93,328808.0
2026-03-23,420.0,426.75,401.8,409.85,781166,EQ,37007.0,21.11,284031.0
2026-03-24,419.5,434.05,417.2,430.0,790092,EQ,43186.0,18.3,342360.0
2026-03-25,432.35,448.45,431.75,442.8,1095577,EQ,48810.0,22.45,483724.0
2026-03-27,437.75,439.95,421.7,424.4,480723,EQ,25514.0,18.84,211521.0
2026-03-30,420.0,434.4,418.0,425.7,640775,EQ,33980.0,18.86,295658.0
2026-04-01,435.0,443.4,428.25,431.3,1004726,EQ,53234.0,18.87,470211.0
2026-04-02,425.05,439.0,413.0,431.7,705092,EQ,30688.0,22.98,230078.0
2026-04-06,432.3,447.5,429.5,439.5,1179981,EQ,42256.0,27.92,543608.0
2026-04-07,440.85,442.5,430.6,440.1,896766,EQ,38723.0,23.16,377491.0
2026-04-08,456.85,464.3,437.5,442.3,1919104,EQ,77120.0,24.88,707521.0
2026-04-09,444.0,456.0,436.0,438.75,822307,EQ,36626.0,22.45,351442.0
2026-04-10,443.0,477.0,441.4,463.3,3850499,EQ,118373.0,32.53,1096833.0
2026-04-13,457.5,469.5,452.85,457.75,1551454,EQ,48565.0,31.95,543898.0
2026-04-15,465.0,482.85,460.05,470.95,2384608,EQ,76694.0,31.09,1008146.0
2026-04-16,478.95,491.95,474.9,485.4,2233725,EQ,64204.0,34.79,913986.0
2026-04-17,489.0,504.5,487.8,498.45,1447248,EQ,43960.0,32.92,608005.0
2026-04-20,498.45,524.85,497.5,515.35,1991662,EQ,98974.0,20.12,865529.0
2026-04-21,518.0,522.45,504.6,508.7,983138,EQ,41210.0,23.86,407594.0
2026-04-22,508.7,533.45,502.55,531.35,1014470,EQ,37316.0,27.19,414327.0
2026-04-23,531.5,552.15,526.9,535.2,1237266,EQ,59248.0,20.88,518029.0
2026-04-24,539.5,559.6,530.1,556.4,1951004,EQ,68266.0,28.58,793129.0
2026-04-27,563.25,565.6,537.5,544.9,1455211,EQ,60765.0,23.95,518258.0
2026-04-28,546.5,577.4,546.0,572.75,1214816,EQ,42248.0,28.75,484140.0
2026-04-29,576.5,597.5,565.05,573.25,1378100,EQ,59393.0,23.2,509773.0
2026-04-30,572.0,586.5,563.0,576.35,1469140,EQ,45025.0,32.63,841439.0
2026-05-04,584.95,587.5,570.15,581.25,628040,EQ,28460.0,22.07,211320.0
2026-05-05,581.45,594.45,576.05,588.4,614347,EQ,23799.0,25.81,205710.0
2026-05-06,591.95,597.05,567.8,582.1,901526,EQ,45095.0,19.99,354296.0
2026-05-07,582.5,644.6,582.05,622.65,2804318,EQ,104867.0,26.74,993767.0
2026-05-08,624.85,638.95,606.5,609.8,947980,EQ,50665.0,18.71,383540.0
2026-05-11,608.75,608.75,570.25,589.35,1615973,EQ,65238.0,24.77,801842.0
2026-05-12,587.0,609.5,579.0,583.45,845703,EQ,36679.0,23.06,363943.0
2026-05-13,582.5,599.4,577.5,587.95,666186,EQ,28740.0,23.18,348221.0
2026-05-14,592.9,599.0,586.05,592.0,711130,EQ,29695.0,23.95,365958.0
2026-05-15,599.75,668.4,562.65,655.65,8793796,EQ,308070.0,28.54,1957145.0
2026-05-18,664.5,680.5,627.55,664.0,4015270,EQ,156175.0,25.71,860550.0
2026-05-19,630.0,644.95,605.5,628.15,3334954,EQ,133980.0,24.89,1141118.0
2026-05-20,620.0,625.0,608.65,615.6,1201219,EQ,51374.0,23.38,493237.0
2026-05-21,621.75,655.0,620.75,651.05,2062899,EQ,64624.0,31.92,861623.0
2026-05-22,655.0,655.0,633.2,647.5,647872,EQ,27404.0,23.64,284429.0
2026-05-25,655.0,664.5,640.85,650.9,924721,EQ,34481.0,26.82,403968.0
2026-05-26,652.0,687.5,648.3,683.6,1026482,EQ,41188.0,24.92,417222.0
2026-05-27,688.7,689.8,642.3,665.75,1509265,EQ,63381.0,23.81,615847.0
2026-05-29,652.5,679.5,637.75,659.3,1542801,EQ,60676.0,25.43,601254.0
2026-06-01,659.35,660.25,610.0,615.35,2017628,EQ,69371.0,29.08,1316986.0
2026-06-02,610.0,624.95,596.5,617.5,1901054,EQ,57810.0,32.88,1246061.0
2026-06-03,622.0,654.75,620.7,643.15,1309216,EQ,60525.0,21.63,521452.0
2026-06-04,644.0,678.0,643.0,662.75,1115238,EQ,61346.0,18.18,547918.0
2026-06-05,670.0,677.4,651.55,656.4,686757,EQ,37291.0,18.42,323439.0
2026-06-08,640.05,652.35,599.15,612.9,1053062,EQ,73765.0,14.28,517237.0
2026-06-09,617.45,620.75,600.5,615.5,978105,EQ,51535.0,18.98,440732.0
2026-06-10,615.0,615.0,570.5,576.65,1880631,EQ,90146.0,20.86,986586.0
2026-06-11,572.6,592.75,557.5,563.0,1494841,EQ,78726.0,18.99,837445.0
2026-06-12,579.0,599.9,566.65,596.4,1038875,EQ,44092.0,23.56,441841.0
2026-06-15,611.3,611.6,584.5,598.3,1000632,EQ,66209.0,15.11,456013.0
2026-06-16,601.0,603.8,582.35,584.75,749583,EQ,42432.0,17.67,403877.0
2026-06-17,584.5,619.95,582.75,615.25,848338,EQ,36267.0,23.39,348227.0
2026-06-18,615.7,645.0,606.5,634.5,979242,EQ,43957.0,22.28,412754.0
2026-06-19,636.9,645.0,632.05,636.35,508115,EQ,31496.0,16.13,225247.0
2026-06-22,642.0,668.95,629.95,663.25,933240,EQ,46020.0,20.28,436625.0
2026-06-23,667.0,687.0,660.05,677.05,1474928,EQ,63043.0,23.4,587024.0
2026-06-24,677.95,682.0,622.05,631.45,2033071,EQ,89946.0,22.6,850002.0
2026-06-25,637.0,641.45,623.0,627.55,799378,EQ,38537.0,20.74,406009.0
2026-06-29,623.0,627.55,592.5,616.5,838888,EQ,59737.0,14.04,413573.0
2026-06-30,622.0,636.15,607.2,619.15,961639,EQ,39315.0,24.46,439832.0
2026-07-01,619.15,629.95,592.5,596.65,1046796,EQ,56974.0,18.37,600210.0
2026-07-02,602.4,606.6,581.0,595.5,746935,EQ,43343.0,17.23,309341.0
2026-07-03,600.0,601.85,537.5,545.9,2496289,EQ,116150.0,21.49,1350601.0
2026-07-06,548.6,591.0,547.85,587.1,2017728,EQ,90999.0,22.17,775325.0
2026-07-07,587.55,588.85,552.0,560.35,994456,EQ,39192.0,25.37,453171.0
2026-07-08,551.6,559.7,535.0,540.0,1616851,EQ,80038.0,20.2,742153.0
2026-07-09,544.5,555.0,535.7,545.0,906063,EQ,31009.0,29.22,466885.0
2026-07-10,557.25,579.5,552.7,575.1,1091385,EQ,50100.0,21.78,466586.0
2026-07-13,570.0,592.0,559.9,576.1,770736,EQ,38966.0,19.78,395357.0
2026-07-14,572.5,573.5,560.8,562.5,527762,EQ,30868.0,17.1,251924.0
2026-07-15,565.5,591.0,565.4,587.1,728357,EQ,37760.0,19.29,307534.0
2026-07-16,590.0,590.45,562.0,563.55,865491,EQ,44298.0,19.54,433038.0
2026-07-17,563.55,568.45,551.05,563.85,566401,EQ,40590.0,13.95,268115.0
2026-07-20,562.5,578.5,560.25,570.55,359907,EQ,21308.0,16.89,174460.0
2026-07-21,569.5,573.05,562.2,564.6,279905,EQ,20361.0,13.75,146953.0
2026-07-22,566.95,586.5,566.95,580.35,557333,EQ,28962.0,19.24,231233.0
2026-07-23,576.95,582.85,568.25,569.7,471004,EQ,36236.0,13.0,238313.0
2026-07-24,563.5,572.0,555.0,556.8,634662,EQ,34823.0,18.23,390975.0
2026-07-27,560.5,576.9,555.55,570.75,336514,EQ,22075.0,15.24,142223.0
2026-07-28,570.0,570.0,545.2,557.4,661901,EQ,30346.0,21.81,309266.0
2026-07-29,560.0,562.45,514.85,518.0,2186182,EQ,88908.0,24.59,1248927.0
2026-07-30,518.0,534.25,465.0,528.6,4896191,EQ,226240.0,21.64,2028915.0
2026-07-31,555.0,575.8,543.45,565.5,2306328,EQ,98084.0,23.51,953350.0
2026-08-03,572.5,576.35,553.05,556.2,711212,EQ,37887.0,18.77,331538.0
2026-08-04,558.5,575.75,558.5,563.75,647536,EQ,43144.0,15.01,275546.0
2026-08-05,571.0,603.5,565.6,600.95,1950548,EQ,75404.0,25.87,1008694.0
2026-08-06,605.0,625.4,590.55,613.85,1125206,EQ,44378.0,25.36,443918.0
2026-08-07,615.5,635.0,607.5,630.45,1236722,EQ,80028.0,15.45,640611.0
2026-08-10,630.5,642.6,610.6,618.2,1054444,EQ,64580.0,16.33,516351.0
2026-08-11,620.05,642.0,610.5,637.8,1262968,EQ,48052.0,26.28,615119.0
2026-08-12,697.5,765.0,679.2,740.05,11127581,EQ,349970.0,31.8,2547114.0
2026-08-13,747.5,755.5,722.5,740.8,2220708,EQ,91187.0,24.35,716070.0
2026-08-14,740.5,752.5,732.0,742.3,759298,EQ,36766.0,20.65,320276.0
2026-08-17,735.0,784.9,733.55,774.4,2464279,EQ,103889.0,23.72,791353.0
2026-08-18,774.5,798.85,764.6,793.3,1797894,EQ,84428.0,21.29,785921.0
2026-08-19,790.0,794.3,765.05,772.8,1371248,EQ,67779.0,20.23,685756.0
2026-08-20,772.8,774.65,747.7,753.75,1106295,EQ,51470.0,21.49,578642.0
2026-08-21,755.5,770.4,745.0,767.4,1378044,EQ,84017.0,16.4,611084.0
2026-08-24,775.0,793.5,760.7,780.1,1410792,EQ,53506.0,26.37,622615.0
2026-08-25,780.2,782.5,719.0,729.4,1939751,EQ,72098,26.9,872158
2026-08-26,734.0,747.3,722.4,727.8,1060459,EQ,43535,24.36,469550
2026-08-27,730.2,765.5,730.2,740.6,2552484,EQ,76596,33.32,991943
2026-08-28,748.9,761.9,746.1,752.7,955212,EQ,32704,29.21,437151
2026-08-31,760.0,792.4,751.4,777.0,3155375,EQ,80648,39.13,1831984
