Date,Open,High,Low,Close,Volume,Series,TOTAL_TRADES,QTY_PER_TRADE,DLV_QTY
2004-06-07,16.1,16.35,16.05,16.35,1219,EQ,,,
2004-06-08,16.35,17.15,16.35,17.05,3600,EQ,,,
2004-06-09,17.15,19.4,17.15,18.65,27515,EQ,,,
2004-06-10,18.65,18.85,18.05,18.25,10785,EQ,,,
2004-06-11,18.2,18.55,17.45,17.55,4248,EQ,,,
2004-06-14,18.35,18.35,16.8,17.05,4708,EQ,,,
2004-06-15,18.25,18.25,16.95,17.75,1782,EQ,,,
2004-06-16,18.25,19.0,18.15,18.85,18654,EQ,,,
2004-06-17,18.55,18.95,18.5,18.75,14976,EQ,,,
2004-06-18,18.15,18.65,18.15,18.55,5235,EQ,,,
2004-06-21,18.3,18.6,17.9,18.05,1870,EQ,,,
2004-06-22,18.05,18.05,17.85,17.95,784,EQ,,,
2004-06-23,17.8,18.45,17.0,17.05,3853,EQ,,,
2004-06-24,17.3,17.3,16.65,16.85,2578,EQ,,,
2004-06-25,17.05,17.75,17.05,17.35,4383,EQ,,,
2004-06-28,17.8,17.85,17.55,17.75,3498,EQ,,,
2004-06-29,17.65,18.35,17.4,17.95,4603,EQ,,,
2004-06-30,17.85,18.0,17.55,17.9,2155,EQ,,,
2004-07-01,17.8,18.15,17.75,17.95,1377,EQ,,,
2004-07-02,18.0,18.0,17.75,17.8,828,EQ,,,
2004-07-05,17.75,18.15,17.55,17.95,1163,EQ,,,
2004-07-06,17.85,18.25,17.85,18.0,5597,EQ,,,
2004-07-07,17.65,18.05,17.65,18.0,2515,EQ,,,
2004-07-08,18.0,18.0,17.35,17.6,4189,EQ,,,
2004-07-09,17.0,17.85,16.75,17.75,4792,EQ,,,
2004-07-12,17.55,17.65,17.2,17.5,3481,EQ,,,
2004-07-13,17.45,18.0,17.45,17.7,1961,EQ,,,
2004-07-14,18.35,18.35,17.65,17.95,1481,EQ,,,
2004-07-15,18.0,18.5,18.0,18.4,6164,EQ,,,
2004-07-16,18.95,18.95,18.55,18.7,7197,EQ,,,
2004-07-19,19.15,19.25,18.6,18.95,5623,EQ,,,
2004-07-20,18.55,19.15,18.55,19.0,2436,EQ,,,
2004-07-21,18.85,19.05,18.85,19.0,7023,EQ,,,
2004-07-22,19.05,19.05,18.8,19.0,2391,EQ,,,
2004-07-23,18.2,20.15,18.2,19.85,20103,EQ,,,
2004-07-26,19.7,19.7,19.35,19.4,4128,EQ,,,
2004-07-27,19.4,19.65,19.0,19.3,6336,EQ,,,
2004-07-28,19.85,19.85,19.25,19.65,86458,EQ,,,
2004-07-29,19.75,19.85,19.25,19.35,5342,EQ,,,
2004-07-30,19.35,19.55,19.05,19.3,4245,EQ,,,
2004-08-02,19.35,19.45,19.1,19.35,3810,EQ,,,
2004-08-03,19.45,19.65,19.35,19.35,4020,EQ,,,
2004-08-04,18.65,19.65,18.65,19.6,2771,EQ,,,
2004-08-05,19.25,20.0,19.25,19.85,5759,EQ,,,
2004-08-06,19.7,19.7,19.45,19.45,1955,EQ,,,
2004-08-09,19.35,19.55,19.25,19.35,4514,EQ,,,
2004-08-10,20.25,20.25,19.35,19.65,4411,EQ,,,
2004-08-11,19.5,19.65,19.15,19.35,21220,EQ,,,
2004-08-12,19.65,19.7,19.4,19.55,4362,EQ,,,
2004-08-13,19.55,19.55,19.35,19.35,3172,EQ,,,
2004-08-16,19.35,19.65,19.35,19.55,2408,EQ,,,
2004-08-17,19.6,19.65,19.45,19.55,1253,EQ,,,
2004-08-18,19.55,19.75,19.5,19.55,1938,EQ,,,
2004-08-19,19.65,19.65,19.35,19.35,1907,EQ,,,
2004-08-20,19.45,19.45,19.35,19.35,1709,EQ,,,
2004-08-23,19.35,19.55,19.3,19.35,2616,EQ,,,
2004-08-24,19.65,20.95,19.45,20.8,83985,EQ,,,
2004-08-25,20.7,20.85,20.35,20.8,12810,EQ,,,
2004-08-26,20.75,22.25,20.5,21.75,41472,EQ,,,
2004-08-27,22.2,23.6,22.0,22.95,70209,EQ,,,
2004-08-30,23.85,24.25,23.2,24.0,69490,EQ,,,
2004-08-31,24.65,24.95,22.95,23.15,17775,EQ,,,
2004-09-01,23.55,24.55,23.35,24.05,173030,EQ,,,
2004-09-02,24.15,26.35,23.05,23.3,36043,EQ,,,
2004-09-03,23.4,24.15,23.4,23.95,26194,EQ,,,
2004-09-06,24.35,24.5,23.95,24.05,15344,EQ,,,
2004-09-07,24.05,24.4,24.05,24.35,12149,EQ,,,
2004-09-08,24.4,24.55,24.35,24.45,12755,EQ,,,
2004-09-09,24.55,24.55,23.75,24.05,13511,EQ,,,
2004-09-10,24.4,24.55,23.95,24.05,8471,EQ,,,
2004-09-13,24.05,24.15,23.35,23.4,12475,EQ,,,
2004-09-14,22.65,23.35,22.65,23.0,14579,EQ,,,
2004-09-15,23.35,23.35,22.65,22.9,18968,EQ,,,
2004-09-16,23.0,23.4,22.95,23.05,12175,EQ,,,
2004-09-17,23.1,23.25,22.85,23.0,8450,EQ,,,
2004-09-20,23.25,23.25,22.4,22.6,7703,EQ,,,
2004-09-21,23.0,23.0,22.0,22.15,6071,EQ,,,
2004-09-22,22.45,22.65,21.8,22.15,84959,EQ,,,
2004-09-23,22.0,22.25,21.95,22.05,7030,EQ,,,
2004-09-24,22.05,22.2,21.75,21.95,15705,EQ,,,
2004-09-27,22.1,23.2,21.75,22.45,67382,EQ,,,
2004-09-28,22.85,22.85,21.85,22.05,7334,EQ,,,
2004-09-29,22.0,22.45,21.85,21.95,4522,EQ,,,
2004-09-30,22.4,22.4,21.85,22.0,6297,EQ,,,
2004-10-01,21.85,22.0,21.25,21.35,8031,EQ,,,
2004-10-04,21.9,22.0,21.45,21.65,7855,EQ,,,
2004-10-05,21.95,21.95,20.95,21.1,16405,EQ,,,
2004-10-06,21.35,21.55,21.0,21.05,11442,EQ,,,
2004-10-07,21.55,21.55,20.55,20.75,21513,EQ,,,
2004-10-08,20.85,21.1,20.15,20.4,22776,EQ,,,
2004-10-09,20.2,21.15,20.05,20.7,24759,EQ,,,
2004-10-11,20.75,21.0,20.4,20.6,17689,EQ,,,
2004-10-12,20.6,20.8,20.15,20.45,20676,EQ,,,
2004-10-14,20.6,20.8,20.2,20.65,13982,EQ,,,
2004-10-15,20.6,21.2,20.25,21.05,24912,EQ,,,
2004-10-18,24.0,24.0,20.85,21.4,12246,EQ,,,
2004-10-19,21.6,21.85,21.25,21.65,18064,EQ,,,
2004-10-20,21.15,21.8,21.15,21.65,7227,EQ,,,
2004-10-21,21.75,22.35,21.0,21.25,19379,EQ,,,
2004-10-25,21.35,21.6,21.2,21.35,12088,EQ,,,
2004-10-26,21.65,21.9,21.35,21.8,12109,EQ,,,
2004-10-27,21.85,22.0,21.45,21.75,22080,EQ,,,
2004-10-28,22.0,23.25,21.8,22.65,61962,EQ,,,
2004-10-29,22.65,22.85,22.25,22.7,51990,EQ,,,
2004-11-01,22.75,24.0,22.75,23.65,23720,EQ,,,
2004-11-02,23.35,24.15,23.35,23.95,27671,EQ,,,
2004-11-03,24.45,24.45,23.45,23.6,10135,EQ,,,
2004-11-04,23.95,24.15,23.55,23.65,15297,EQ,,,
2004-11-05,23.35,23.85,23.35,23.4,3738,EQ,,,
2004-11-08,23.8,24.0,23.4,23.65,3204,EQ,,,
2004-11-09,23.35,23.75,23.25,23.6,2368,EQ,,,
2004-11-10,23.65,24.65,23.65,24.1,14666,EQ,,,
2004-11-11,24.2,25.95,24.0,25.65,26685,EQ,,,
2004-11-12,26.0,26.65,26.0,26.35,20873,EQ,,,
2004-11-16,26.95,31.6,25.4,31.6,350165,EQ,,,
2004-11-17,32.0,34.45,31.45,32.65,590802,EQ,,,
2004-11-18,31.55,33.2,31.4,31.95,144785,EQ,,,
2004-11-19,31.45,32.6,31.45,32.2,148206,EQ,,,
2004-11-22,31.15,32.2,30.65,30.95,58219,EQ,,,
2004-11-23,31.35,31.85,30.2,30.35,74801,EQ,,,
2004-11-24,30.8,30.95,30.2,30.55,35881,EQ,,,
2004-11-25,30.65,35.65,29.65,34.35,234225,EQ,,,
2004-11-29,34.95,40.0,34.4,38.55,269796,EQ,,,
2004-11-30,39.8,42.45,36.75,37.35,321491,EQ,,,
2004-12-01,39.05,39.05,36.75,37.0,263465,EQ,,,
2004-12-02,37.65,37.65,35.35,35.8,97326,EQ,,,
2004-12-03,35.85,36.3,32.35,33.25,180039,EQ,,,
2004-12-06,34.25,36.0,33.8,35.05,169311,EQ,,,
2004-12-07,34.65,36.35,33.75,35.95,135455,EQ,,,
2004-12-08,36.6,37.2,35.15,35.75,105475,EQ,,,
2004-12-09,36.4,37.2,35.95,36.95,90422,EQ,,,
2004-12-10,38.25,38.25,35.9,37.1,65975,EQ,,,
2004-12-13,37.35,37.45,36.0,36.3,43225,EQ,,,
2004-12-14,36.6,36.95,36.35,36.65,40138,EQ,,,
2004-12-15,36.0,37.75,36.0,37.35,56128,EQ,,,
2004-12-16,36.85,37.65,36.8,36.95,23733,EQ,,,
2004-12-17,37.35,38.35,37.2,37.45,47938,EQ,,,
2004-12-20,37.75,38.0,37.45,37.8,23339,EQ,,,
2004-12-21,38.25,39.75,37.55,38.05,107667,EQ,,,
2004-12-22,38.15,39.0,37.7,38.05,24095,EQ,,,
2004-12-23,38.25,38.6,37.2,38.15,14919,EQ,,,
2004-12-24,38.35,38.4,37.65,37.85,12377,EQ,,,
2004-12-27,38.0,40.55,38.0,39.65,75420,EQ,,,
2004-12-28,40.35,40.35,38.35,38.6,27924,EQ,,,
2004-12-29,40.0,40.0,38.1,38.35,23530,EQ,,,
2004-12-30,38.65,38.95,38.15,38.4,21631,EQ,,,
2004-12-31,39.6,39.65,38.65,39.05,26982,EQ,,,
2005-01-03,39.2,39.55,38.45,38.8,30923,EQ,,,
2005-01-04,38.35,39.0,38.35,38.75,8340,EQ,,,
2005-01-05,38.65,42.65,38.05,38.7,50520,EQ,,,
2005-01-06,38.35,40.35,38.35,38.65,45703,EQ,,,
2005-01-07,39.0,39.65,38.65,38.75,9219,EQ,,,
2005-01-10,33.65,39.2,33.65,37.25,17107,EQ,,,
2005-01-11,37.4,38.55,37.0,38.15,18486,EQ,,,
2005-01-12,33.65,37.95,33.65,37.25,41125,EQ,,,
2005-01-13,38.6,38.6,37.35,37.75,9267,EQ,,,
2005-01-14,38.25,38.25,37.75,38.05,9754,EQ,,,
2005-01-17,37.8,38.0,37.45,37.85,9937,EQ,,,
2005-01-18,38.0,38.15,37.65,38.0,24743,EQ,,,
2005-01-19,40.25,40.25,37.45,38.0,27527,EQ,,,
2005-01-20,39.95,40.35,37.85,38.0,47757,EQ,,,
2005-01-24,39.4,39.4,37.65,38.05,4499,EQ,,,
2005-01-25,38.65,39.0,38.2,38.65,12007,EQ,,,
2005-01-27,39.45,39.45,37.35,38.65,8092,EQ,,,
2005-01-28,38.6,39.0,38.55,38.7,6933,EQ,,,
2005-01-31,37.35,39.25,37.35,38.1,5496,EQ,,,
2005-02-01,38.05,38.65,37.75,37.95,4370,EQ,,,
2005-02-02,38.25,38.65,37.35,37.65,9620,EQ,,,
2005-02-03,37.95,38.4,37.35,37.6,5764,EQ,,,
2005-02-04,37.95,38.25,36.65,36.75,10599,EQ,,,
2005-02-07,37.75,38.0,35.85,36.05,7929,EQ,,,
2005-02-08,36.35,37.2,35.65,36.15,8326,EQ,,,
2005-02-09,36.35,38.35,35.65,37.65,21979,EQ,,,
2005-02-10,38.35,38.6,37.65,37.75,8646,EQ,,,
2005-02-11,38.25,38.45,37.8,38.25,7801,EQ,,,
2005-02-14,38.8,40.05,38.45,39.35,25519,EQ,,,
2005-02-15,38.65,39.65,38.65,39.45,10081,EQ,,,
2005-02-16,38.85,40.65,38.85,39.65,29300,EQ,,,
2005-02-17,39.45,40.65,38.55,40.4,23202,EQ,,,
2005-02-18,40.55,40.75,39.0,39.45,14810,EQ,,,
2005-02-21,39.55,40.15,38.4,38.65,6007,EQ,,,
2005-02-22,39.2,39.2,38.0,38.25,4821,EQ,,,
2005-02-23,38.25,40.0,38.05,39.05,6596,EQ,,,
2005-02-24,39.2,39.6,39.0,39.35,7553,EQ,,,
2005-02-25,38.35,39.45,38.35,38.7,3735,EQ,,,
2005-02-28,38.65,39.35,37.65,38.35,5424,EQ,,,
2005-03-01,38.6,38.9,38.0,38.35,7714,EQ,,,
2005-03-02,38.6,38.65,37.65,37.85,24382,EQ,,,
2005-03-03,38.25,38.75,37.8,38.55,16152,EQ,,,
2005-03-04,36.65,40.0,36.65,39.45,8891,EQ,,,
2005-03-07,40.35,40.35,38.35,38.65,6492,EQ,,,
2005-03-08,38.6,38.85,38.2,38.4,14978,EQ,,,
2005-03-09,38.6,39.0,37.65,38.05,5635,EQ,,,
2005-03-10,41.35,45.7,38.15,45.2,348058,EQ,,,
2005-03-11,46.0,47.6,42.8,43.35,364414,EQ,,,
2005-03-14,43.65,43.95,40.8,41.4,103458,EQ,,,
2005-03-15,41.75,43.15,39.55,40.1,121258,EQ,,,
2005-03-16,40.25,41.45,40.05,40.25,65579,EQ,,,
2005-03-17,40.35,40.6,38.6,38.75,34520,EQ,,,
2005-03-18,39.0,39.3,37.4,37.65,55490,EQ,,,
2005-03-21,37.95,38.65,37.0,38.0,31116,EQ,,,
2005-03-22,37.8,39.45,37.35,38.85,45579,EQ,,,
2005-03-23,38.15,39.0,37.0,37.55,16660,EQ,,,
2005-03-24,37.25,38.2,36.05,36.35,24499,EQ,,,
2005-03-28,36.6,39.35,36.4,36.75,13595,EQ,,,
2005-03-29,37.25,37.65,35.65,36.05,17399,EQ,,,
2005-03-30,36.05,36.05,34.35,34.85,12553,EQ,,,
2005-03-31,35.25,36.0,35.0,35.45,26250,EQ,,,
2005-04-01,35.6,38.35,35.45,37.55,19190,EQ,,,
2005-04-04,37.65,38.0,36.95,37.45,9101,EQ,,,
2005-04-05,37.65,37.95,36.15,36.7,5363,EQ,,,
2005-04-06,37.0,37.35,36.25,36.65,7811,EQ,,,
2005-04-07,37.05,38.25,36.45,37.0,13967,EQ,,,
2005-04-08,37.0,37.25,36.05,36.45,6429,EQ,,,
2005-04-11,35.8,37.15,35.8,36.55,4464,EQ,,,
2005-04-12,36.55,36.6,35.45,35.85,9906,EQ,,,
2005-04-13,37.15,38.05,36.05,36.6,17344,EQ,,,
2005-04-15,36.6,36.6,35.45,35.75,10393,EQ,,,
2005-04-18,34.65,36.6,34.4,35.3,5077,EQ,,,
2005-04-19,37.95,38.0,35.6,35.95,6313,EQ,,,
2005-04-20,36.2,37.35,35.5,36.15,8754,EQ,,,
2005-04-21,37.2,38.55,35.45,37.85,21331,EQ,,,
2005-04-22,38.55,41.0,38.35,39.1,46556,EQ,,,
2005-04-25,38.75,39.4,38.35,38.9,7973,EQ,,,
2005-04-26,39.0,39.0,37.65,38.4,8196,EQ,,,
2005-04-27,38.45,39.35,37.95,38.0,21618,EQ,,,
2005-04-28,37.65,38.45,36.65,37.05,14263,EQ,,,
2005-04-29,36.35,37.65,36.35,36.95,18260,EQ,,,
2005-05-02,37.0,37.25,36.6,36.75,5149,EQ,,,
2005-05-03,37.2,37.2,35.85,36.1,4209,EQ,,,
2005-05-04,36.35,36.65,36.15,36.55,3898,EQ,,,
2005-05-05,36.8,37.0,36.55,36.65,4544,EQ,,,
2005-05-06,34.95,37.0,34.95,36.75,3963,EQ,,,
2005-05-09,37.0,37.4,36.75,37.0,7786,EQ,,,
2005-05-10,37.0,37.35,36.45,36.7,4020,EQ,,,
2005-05-11,36.8,36.85,35.85,36.1,8780,EQ,,,
2005-05-12,35.0,38.35,34.75,37.6,9553,EQ,,,
2005-05-13,37.35,38.65,37.35,37.65,11787,EQ,,,
2005-05-16,37.85,38.95,37.85,38.25,10422,EQ,,,
2005-05-17,37.65,38.4,37.65,37.85,4821,EQ,,,
2005-05-18,37.15,42.65,37.0,41.2,43065,EQ,,,
2005-05-19,41.95,43.4,40.25,41.05,87915,EQ,,,
2005-05-20,41.35,41.65,38.75,39.75,31287,EQ,,,
2005-05-23,41.05,42.0,40.0,40.75,48480,EQ,,,
2005-05-24,36.35,41.4,36.35,41.15,18984,EQ,,,
2005-05-25,41.65,42.65,40.8,41.05,25386,EQ,,,
2005-05-26,39.45,41.8,39.45,41.35,21469,EQ,,,
2005-05-27,39.45,44.65,39.45,43.9,191731,EQ,,,
2005-05-30,43.95,47.55,43.05,45.45,376942,EQ,,,
2005-05-31,45.55,46.2,44.15,45.35,161436,EQ,,,
2005-06-01,45.65,46.2,43.8,44.05,66072,EQ,,,
2005-06-02,43.95,45.3,43.95,44.3,51725,EQ,,,
2005-06-03,44.6,45.65,44.35,45.05,50553,EQ,,,
2005-06-04,45.2,45.25,44.35,44.6,12563,EQ,,,
2005-06-06,44.65,45.2,44.15,44.95,36820,EQ,,,
2005-06-07,44.35,45.2,44.35,44.65,12666,EQ,,,
2005-06-08,46.35,46.35,44.75,45.0,17852,EQ,,,
2005-06-09,44.85,45.2,44.55,44.75,12506,EQ,,,
2005-06-10,44.6,45.0,43.85,44.0,10636,EQ,,,
2005-06-13,44.95,44.95,44.0,44.35,12215,EQ,,,
2005-06-14,44.45,46.0,44.45,45.55,19743,EQ,,,
2005-06-15,45.35,46.95,45.35,45.55,35391,EQ,,,
2005-06-16,46.0,48.35,45.65,47.7,227420,EQ,,,
2005-06-17,47.85,48.25,46.25,46.65,106227,EQ,,,
2005-06-20,46.55,46.55,44.65,45.8,34092,EQ,,,
2005-06-21,45.05,45.65,44.75,45.45,13998,EQ,,,
2005-06-22,46.65,46.65,44.85,45.35,19587,EQ,,,
2005-06-23,45.35,45.65,44.9,45.35,11104,EQ,,,
2005-06-24,45.15,45.55,44.4,45.05,9865,EQ,,,
2005-06-27,45.0,45.35,44.8,44.95,20234,EQ,,,
2005-06-28,45.05,45.05,43.75,44.25,19637,EQ,,,
2005-06-29,44.45,45.2,43.85,44.2,6932,EQ,,,
2005-06-30,44.65,44.85,43.45,43.8,4021,EQ,,,
2005-07-01,44.65,45.55,44.0,44.75,7858,EQ,,,
2005-07-04,45.8,45.8,43.8,45.25,4813,EQ,,,
2005-07-05,44.95,45.65,44.95,45.35,5911,EQ,,,
2005-07-06,45.0,45.85,45.0,45.6,7415,EQ,,,
2005-07-07,45.65,46.2,44.15,44.4,7531,EQ,,,
2005-07-08,45.95,46.0,44.35,44.95,13493,EQ,,,
2005-07-11,44.65,45.85,44.65,45.35,15745,EQ,,,
2005-07-12,44.75,45.4,44.65,44.9,4273,EQ,,,
2005-07-13,44.0,46.25,43.55,44.25,9606,EQ,,,
2005-07-14,44.05,44.6,44.05,44.35,10059,EQ,,,
2005-07-15,44.35,44.35,43.55,43.7,6512,EQ,,,
2005-07-18,43.15,44.65,43.15,44.4,5168,EQ,,,
2005-07-19,44.65,44.8,44.05,44.6,31548,EQ,,,
2005-07-20,44.85,45.2,44.0,44.4,29190,EQ,,,
2005-07-21,44.85,45.25,44.15,44.65,25057,EQ,,,
2005-07-22,45.0,45.95,44.15,44.45,15521,EQ,,,
2005-07-25,44.55,45.6,44.55,45.3,33899,EQ,,,
2005-07-26,45.2,45.4,45.0,45.35,9835,EQ,,,
2005-07-27,45.05,45.35,44.0,44.25,2617,EQ,,,
2005-07-29,44.65,45.0,44.05,44.8,7494,EQ,,,
2005-08-01,44.25,44.65,43.65,43.75,5469,EQ,,,
2005-08-02,44.6,44.6,43.95,44.35,73956,EQ,,,
2005-08-03,44.25,45.0,44.25,44.65,6128,EQ,,,
2005-08-04,44.65,45.65,44.65,45.45,27839,EQ,,,
2005-08-05,45.0,49.65,45.0,49.1,58836,EQ,,,
2005-08-08,47.8,49.0,46.6,47.0,11945,EQ,,,
2005-08-09,47.0,48.55,46.45,47.95,13918,EQ,,,
2005-08-10,46.75,48.75,46.65,48.5,9259,EQ,,,
2005-08-11,48.65,49.0,47.55,48.35,7551,EQ,,,
2005-08-12,47.4,56.65,47.4,52.15,32820,EQ,,,
2005-08-16,53.05,56.65,51.35,54.75,26040,EQ,,,
2005-08-17,55.25,55.25,54.0,54.1,11739,EQ,,,
2005-08-18,53.65,54.8,52.65,53.35,13988,EQ,,,
2005-08-19,53.2,53.55,51.75,52.05,6502,EQ,,,
2005-08-22,51.35,54.0,51.35,53.35,35636,EQ,,,
2005-08-23,51.4,56.05,51.4,54.05,61985,EQ,,,
2005-08-24,52.6,53.8,51.75,52.65,21004,EQ,,,
2005-08-25,52.65,53.65,52.45,53.3,13513,EQ,,,
2005-08-26,53.65,54.55,53.55,54.0,6612,EQ,,,
2005-08-29,54.45,56.0,54.05,55.1,10780,EQ,,,
2005-08-30,55.65,65.8,55.65,60.15,87685,EQ,,,
2005-08-31,61.95,62.65,59.35,60.75,63590,EQ,,,
2005-09-01,59.35,63.2,53.35,59.4,20833,EQ,,,
2005-09-02,56.0,59.95,56.0,58.4,27163,EQ,,,
2005-09-05,58.65,59.85,57.4,57.85,11442,EQ,,,
2005-09-06,58.15,58.8,57.1,57.25,4408,EQ,,,
2005-09-08,57.35,59.65,56.65,59.3,10527,EQ,,,
2005-09-09,58.2,59.65,57.0,57.25,11458,EQ,,,
2005-09-12,62.65,62.65,57.35,57.8,11191,EQ,,,
2005-09-13,58.35,58.6,57.35,58.15,18578,EQ,,,
2005-09-14,60.35,64.35,56.65,57.0,10995,EQ,,,
2005-09-15,56.65,58.55,56.65,57.6,6050,EQ,,,
2005-09-16,57.35,59.25,57.35,58.75,20219,EQ,,,
2005-09-19,56.65,59.6,56.65,58.95,10414,EQ,,,
2005-09-20,56.75,59.85,56.75,59.55,20580,EQ,,,
2005-09-21,58.6,59.35,55.35,57.4,10765,EQ,,,
2005-09-22,57.65,57.65,54.0,55.3,16150,EQ,,,
2005-09-23,55.35,55.65,54.15,55.35,8842,EQ,,,
2005-09-26,55.0,58.0,54.65,56.65,4662,EQ,,,
2005-09-27,58.65,58.65,56.75,58.0,6849,EQ,,,
2005-09-28,58.0,58.65,57.1,58.5,5647,EQ,,,
2005-09-29,58.65,58.65,57.65,58.45,5031,EQ,,,
2005-09-30,58.65,59.25,57.35,58.85,12200,EQ,,,
2005-10-03,59.0,59.0,57.8,58.4,4809,EQ,,,
2005-10-04,58.55,61.8,58.4,61.3,22711,EQ,,,
2005-10-05,60.6,61.65,59.65,59.95,5319,EQ,,,
2005-10-06,58.65,60.65,58.55,59.25,10762,EQ,,,
2005-10-07,59.35,60.25,58.05,58.55,4807,EQ,,,
2005-10-10,58.35,58.65,56.65,57.55,6886,EQ,,,
2005-10-11,58.35,58.35,50.35,56.2,10612,EQ,,,
2005-10-13,55.35,56.95,55.35,55.8,2807,EQ,,,
2005-10-14,56.6,56.6,52.75,53.25,9709,EQ,,,
2005-10-17,53.45,54.15,50.75,52.9,5466,EQ,,,
2005-10-18,53.15,53.95,50.2,51.8,6412,EQ,,,
2005-10-19,52.0,52.0,49.55,51.1,8469,EQ,,,
2005-10-20,52.0,53.25,49.0,49.65,3905,EQ,,,
2005-10-21,47.45,51.2,47.45,50.85,7230,EQ,,,
2005-10-24,51.45,53.0,50.35,50.75,3073,EQ,,,
2005-10-25,51.0,51.85,50.0,50.1,3344,EQ,,,
2005-10-26,49.65,51.0,48.85,49.45,3138,EQ,,,
2005-10-27,51.95,51.95,47.8,49.95,840,EQ,,,
2005-10-28,49.35,50.2,48.05,49.05,13464,EQ,,,
2005-10-31,49.35,50.65,49.35,50.35,5349,EQ,,,
2005-11-01,52.6,52.6,50.0,51.4,699,EQ,,,
2005-11-02,50.2,53.0,50.0,50.65,2917,EQ,,,
2005-11-07,53.15,53.35,50.65,51.0,4032,EQ,,,
2005-11-08,52.2,52.35,51.0,51.6,2336,EQ,,,
2005-11-09,52.25,54.25,52.0,52.55,8066,EQ,,,
2005-11-10,51.45,53.35,51.45,52.5,1935,EQ,,,
2005-11-11,54.6,55.0,51.75,52.2,8417,EQ,,,
2005-11-14,53.95,53.95,51.4,51.6,2197,EQ,,,
2005-11-16,51.6,52.0,50.55,51.0,58545,EQ,,,
2005-11-17,52.05,52.4,51.0,52.05,3439,EQ,,,
2005-11-18,52.0,54.25,52.0,53.65,8989,EQ,,,
2005-11-21,52.35,53.0,52.35,52.8,1838,EQ,,,
2005-11-22,51.45,53.35,51.45,52.45,2982,EQ,,,
2005-11-23,52.15,53.0,52.15,52.6,4195,EQ,,,
2005-11-24,53.05,54.35,52.35,53.5,5556,EQ,,,
2005-11-25,53.65,54.45,53.2,53.6,3213,EQ,,,
2005-11-26,54.65,56.55,54.05,56.15,8128,EQ,,,
2005-11-28,56.35,58.65,56.35,58.35,14652,EQ,,,
2005-11-29,61.65,61.65,55.4,56.6,6322,EQ,,,
2005-11-30,57.35,59.0,56.35,57.95,8807,EQ,,,
2005-12-01,57.6,57.95,56.55,57.8,3832,EQ,,,
2005-12-02,58.15,58.35,57.0,57.55,3138,EQ,,,
2005-12-05,58.35,58.35,56.15,56.35,2342,EQ,,,
2005-12-06,55.05,58.35,55.05,56.55,3431,EQ,,,
2005-12-07,57.0,57.65,55.4,55.9,4853,EQ,,,
2005-12-08,56.6,57.35,55.85,56.55,11548,EQ,,,
2005-12-09,57.85,58.35,56.45,58.1,20270,EQ,,,
2005-12-12,58.25,58.65,57.15,57.4,3072,EQ,,,
2005-12-13,58.15,60.75,56.85,59.4,13962,EQ,,,
2005-12-14,59.95,60.35,57.35,58.25,7558,EQ,,,
2005-12-15,59.2,59.2,57.0,57.05,4054,EQ,,,
2005-12-16,57.4,59.25,56.85,58.5,3389,EQ,,,
2005-12-19,59.35,61.65,58.75,59.85,9125,EQ,,,
2005-12-20,59.65,59.8,58.35,59.2,6821,EQ,,,
2005-12-21,57.4,63.35,57.4,62.75,37205,EQ,,,
2005-12-22,64.35,64.35,61.2,61.6,8187,EQ,,,
2005-12-23,62.45,62.55,60.6,60.85,3455,EQ,,,
2005-12-26,64.65,66.65,58.75,61.05,3862,EQ,,,
2005-12-27,61.25,61.6,60.65,60.85,1702,EQ,,,
2005-12-28,60.85,62.65,60.0,60.15,2300,EQ,,,
2005-12-29,60.0,61.65,60.0,61.15,2010,EQ,,,
2005-12-30,61.6,61.65,60.05,60.4,3248,EQ,,,
2006-01-02,60.65,61.25,60.15,60.45,2208,EQ,,,
2006-01-03,58.75,63.0,58.75,61.15,3528,EQ,,,
2006-01-04,57.8,62.05,57.8,61.75,16717,EQ,,,
2006-01-05,61.65,62.65,61.65,61.95,5224,EQ,,,
2006-01-06,61.7,62.35,61.6,62.05,5333,EQ,,,
2006-01-09,61.65,62.15,60.1,61.85,5766,EQ,,,
2006-01-10,61.65,65.4,61.65,64.45,15106,EQ,,,
2006-01-12,62.35,66.0,62.35,63.95,8076,EQ,,,
2006-01-13,64.35,65.0,63.35,63.6,5200,EQ,,,
2006-01-16,63.35,64.25,62.65,62.8,2896,EQ,,,
2006-01-17,63.0,63.0,62.0,62.2,7860,EQ,,,
2006-01-18,60.4,65.0,60.4,64.55,17426,EQ,,,
2006-01-19,62.8,65.0,62.8,63.55,7969,EQ,,,
2006-01-20,64.85,65.0,63.7,64.2,3686,EQ,,,
2006-01-23,64.0,64.75,63.4,64.05,4922,EQ,,,
2006-01-24,63.35,67.65,63.35,66.85,20918,EQ,,,
2006-01-25,67.2,69.85,64.65,65.15,9665,EQ,,,
2006-01-27,65.4,65.55,63.35,63.75,36297,EQ,,,
2006-01-30,65.7,65.7,62.05,62.4,14391,EQ,,,
2006-01-31,64.65,64.65,60.65,61.05,9617,EQ,,,
2006-02-01,62.0,62.0,60.65,61.05,2948,EQ,,,
2006-02-02,62.0,62.0,59.35,60.05,13878,EQ,,,
2006-02-03,60.0,61.15,60.0,60.05,5556,EQ,,,
2006-02-06,62.35,62.35,60.0,61.35,9252,EQ,,,
2006-02-07,61.35,62.6,60.25,61.5,51055,EQ,,,
2006-02-08,61.35,62.0,61.25,61.6,16823,EQ,,,
2006-02-10,61.35,62.0,60.8,61.75,2222,EQ,,,
2006-02-13,63.0,63.0,61.35,61.65,4425,EQ,,,
2006-02-14,61.15,62.25,61.15,61.95,4033,EQ,,,
2006-02-15,61.35,62.65,61.35,62.05,3218,EQ,,,
2006-02-16,63.65,63.65,61.85,62.0,3563,EQ,,,
2006-02-17,60.35,63.35,60.0,62.0,4826,EQ,,,
2006-02-20,61.0,62.25,60.0,60.6,3612,EQ,,,
2006-02-21,60.75,60.95,60.1,60.65,4660,EQ,,,
2006-02-22,60.8,61.35,60.35,60.35,7916,EQ,,,
2006-02-23,60.65,60.85,59.95,60.0,11024,EQ,,,
2006-02-24,59.45,60.35,57.45,60.05,3629,EQ,,,
2006-02-27,57.65,60.55,57.65,59.35,1566,EQ,,,
2006-02-28,61.2,61.2,58.65,59.35,1174,EQ,,,
2006-03-01,60.35,60.35,59.35,59.45,4204,EQ,,,
2006-03-02,59.25,60.0,57.35,58.8,3141,EQ,,,
2006-03-03,59.15,59.55,58.6,59.25,1408,EQ,,,
2006-03-06,60.0,60.65,59.35,60.1,3366,EQ,,,
2006-03-07,64.65,64.65,59.55,59.85,1199,EQ,,,
2006-03-08,60.2,60.45,58.85,59.3,1125,EQ,,,
2006-03-09,59.35,60.35,58.15,59.5,1385,EQ,,,
2006-03-10,60.0,60.0,58.8,59.55,6331,EQ,,,
2006-03-13,59.4,59.65,59.05,59.15,5584,EQ,,,
2006-03-14,59.35,59.35,58.0,58.8,1634,EQ,,,
2006-03-16,59.35,61.9,58.35,59.55,84476,EQ,,,
2006-03-17,59.8,60.45,59.4,59.5,4405,EQ,,,
2006-03-20,59.05,60.05,59.05,59.65,2492,EQ,,,
2006-03-21,60.65,60.65,58.25,58.45,7918,EQ,,,
2006-03-22,58.6,58.6,56.75,57.05,2554,EQ,,,
2006-03-23,58.2,58.8,56.7,58.25,3050,EQ,,,
2006-03-24,57.35,59.0,57.0,57.8,2861,EQ,,,
2006-03-27,55.65,59.35,55.65,58.75,24599,EQ,,,
2006-03-28,60.0,60.0,58.35,58.45,3865,EQ,,,
2006-03-29,58.35,59.95,58.35,59.6,4721,EQ,,,
2006-03-30,60.0,60.65,58.05,60.05,20394,EQ,,,
2006-03-31,58.15,61.35,58.15,61.0,2594,EQ,,,
2006-04-03,61.25,63.95,61.25,63.25,7435,EQ,,,
2006-04-04,64.0,66.2,60.55,65.75,15262,EQ,,,
2006-04-05,67.6,67.65,62.65,63.65,37639,EQ,,,
2006-04-07,65.25,65.65,61.05,61.75,6422,EQ,,,
2006-04-10,62.8,63.35,61.8,62.55,1927,EQ,,,
2006-04-12,63.25,63.35,60.75,61.35,1279,EQ,,,
2006-04-13,60.75,62.0,58.4,60.0,8118,EQ,,,
2006-04-17,58.75,60.35,58.65,59.2,2421,EQ,,,
2006-04-18,57.45,59.65,57.45,58.95,3975,EQ,,,
2006-04-19,59.65,59.95,58.65,58.65,22539,EQ,,,
2006-04-20,59.0,59.0,57.4,57.75,4434,EQ,,,
2006-04-21,63.15,63.15,56.65,57.25,3834,EQ,,,
2006-04-24,57.0,58.65,56.65,57.35,14034,EQ,,,
2006-04-25,57.35,57.55,56.65,57.05,5530,EQ,,,
2006-04-26,57.65,57.65,56.15,56.65,30319,EQ,,,
2006-04-27,58.0,58.0,56.75,57.05,7697,EQ,,,
2006-04-28,53.4,57.35,53.4,55.95,7346,EQ,,,
2006-04-29,56.2,58.0,56.2,56.95,912,EQ,,,
2006-05-02,57.35,57.8,56.6,57.55,43599,EQ,,,
2006-05-03,57.65,58.0,57.05,57.65,41264,EQ,,,
2006-05-04,58.0,58.85,57.7,58.15,4941,EQ,,,
2006-05-05,58.05,59.45,58.0,58.05,43005,EQ,,,
2006-05-08,57.65,58.3,57.65,58.05,51320,EQ,,,
2006-05-09,62.35,62.4,56.65,59.0,107625,EQ,,,
2006-05-10,59.05,60.0,58.0,58.6,11486,EQ,,,
2006-05-11,59.65,59.9,58.75,59.65,60969,EQ,,,
2006-05-12,59.35,60.0,58.0,59.55,46938,EQ,,,
2006-05-15,59.35,59.75,59.35,59.55,4412,EQ,,,
2006-05-16,59.4,60.0,58.75,59.8,7642,EQ,,,
2006-05-17,60.0,60.6,59.65,60.15,3814,EQ,,,
2006-05-18,56.65,63.85,56.65,59.35,10066,EQ,,,
2006-05-19,59.35,59.9,48.35,57.35,12402,EQ,,,
2006-05-22,57.35,57.35,48.35,53.45,13288,EQ,,,
2006-05-23,51.35,56.65,48.05,53.35,48957,EQ,,,
2006-05-24,56.65,56.65,51.4,53.35,1495,EQ,,,
2006-05-25,53.3,54.0,53.3,53.35,8793,EQ,,,
2006-05-26,52.05,54.8,52.05,54.15,424,EQ,,,
2006-05-29,54.65,62.6,53.65,57.65,7401,EQ,,,
2006-05-30,58.65,59.95,55.35,57.8,2605,EQ,,,
2006-05-31,54.15,59.35,53.75,58.85,4442,EQ,,,
2006-06-01,58.65,59.15,56.4,58.6,3542,EQ,,,
2006-06-02,56.65,56.65,53.35,56.35,6157,EQ,,,
2006-06-05,54.65,56.0,54.65,55.35,1829,EQ,,,
2006-06-06,56.0,56.0,53.35,54.75,4128,EQ,,,
2006-06-07,54.0,54.65,53.15,53.45,13700,EQ,,,
2006-06-08,48.35,52.65,46.65,47.05,13277,EQ,,,
2006-06-09,41.8,51.8,41.8,48.95,22007,EQ,,,
2006-06-12,49.35,49.95,46.65,48.1,3896,EQ,,,
2006-06-13,46.65,53.25,46.65,50.45,14448,EQ,,,
2006-06-14,50.0,51.25,46.8,47.35,2799,EQ,,,
2006-06-15,48.05,48.95,47.45,48.25,2005,EQ,,,
2006-06-16,48.75,50.4,48.75,50.1,1376,EQ,,,
2006-06-19,49.8,49.8,49.0,49.35,342,EQ,,,
2006-06-20,54.0,54.0,49.35,49.85,8767,EQ,,,
2006-06-21,50.0,50.0,48.65,49.95,645,EQ,,,
2006-06-22,51.8,53.35,49.0,49.3,10936,EQ,,,
2006-06-23,46.65,49.35,45.85,48.55,11634,EQ,,,
2006-06-25,49.65,50.15,48.8,49.65,50,EQ,,,
2006-06-26,49.65,50.0,46.15,46.65,6736,EQ,,,
2006-06-27,47.35,49.35,46.65,48.0,90865,EQ,,,
2006-06-28,48.2,49.25,47.65,48.0,7385,EQ,,,
2006-06-29,49.0,50.2,46.75,47.15,6394,EQ,,,
2006-06-30,48.25,48.75,46.85,47.05,6058,EQ,,,
2006-07-03,47.65,48.0,46.35,46.5,3051,EQ,,,
2006-07-04,46.75,47.25,45.2,45.75,3621,EQ,,,
2006-07-05,45.75,46.65,44.15,45.65,3662,EQ,,,
2006-07-06,46.2,46.6,45.35,46.2,1373,EQ,,,
2006-07-07,47.2,47.2,43.4,45.35,1404,EQ,,,
2006-07-10,45.35,46.35,44.85,45.75,2003,EQ,,,
2006-07-11,45.4,46.35,45.35,45.65,1001,EQ,,,
2006-07-12,46.0,46.25,44.15,45.75,1787,EQ,,,
2006-07-13,45.65,45.85,44.85,45.25,842,EQ,,,
2006-07-14,45.0,45.35,44.85,44.95,370,EQ,,,
2006-07-17,45.85,45.95,45.0,45.05,1168,EQ,,,
2006-07-18,45.05,45.55,44.65,45.45,583,EQ,,,
2006-07-19,46.0,46.0,43.35,45.25,1212,EQ,,,
2006-07-20,46.05,47.2,45.15,45.5,673,EQ,,,
2006-07-21,45.65,45.65,43.65,43.85,1034,EQ,,,
2006-07-24,43.45,44.4,42.7,44.1,1523,EQ,,,
2006-07-25,44.05,46.6,43.4,45.45,1718,EQ,,,
2006-07-26,46.35,46.8,44.75,46.15,1621,EQ,,,
2006-07-27,47.15,48.0,45.65,45.9,39494,EQ,,,
2006-07-28,46.0,46.55,45.35,45.95,451,EQ,,,
2006-07-31,46.35,46.6,46.0,46.15,855,EQ,,,
2006-08-01,45.45,47.55,45.45,47.15,2946,EQ,,,
2006-08-02,47.55,48.65,47.05,48.05,3837,EQ,,,
2006-08-03,49.05,49.75,47.65,48.6,3422,EQ,,,
2006-08-04,48.6,48.8,47.2,47.55,1302,EQ,,,
2006-08-07,48.65,48.75,47.35,47.75,868,EQ,,,
2006-08-08,47.8,47.8,47.15,47.3,705,EQ,,,
2006-08-09,48.35,48.75,47.45,48.5,1558,EQ,,,
2006-08-10,48.35,49.0,48.25,48.85,1463,EQ,,,
2006-08-11,48.65,53.75,48.0,51.15,6161,EQ,,,
2006-08-14,50.0,53.65,49.35,52.05,2359,EQ,,,
2006-08-16,53.0,53.0,52.15,52.55,1965,EQ,,,
2006-08-17,52.65,52.65,51.35,52.15,1296,EQ,,,
2006-08-18,52.65,52.65,50.75,51.3,896,EQ,,,
2006-08-21,49.35,52.45,49.35,52.35,1418,EQ,,,
2006-08-22,53.35,53.85,52.35,53.05,3870,EQ,,,
2006-08-23,53.35,54.0,52.15,53.25,3707,EQ,,,
2006-08-24,52.35,56.0,51.35,54.05,3431,EQ,,,
2006-08-25,54.0,54.95,53.65,54.45,3107,EQ,,,
2006-08-28,54.65,55.2,54.0,54.85,863,EQ,,,
2006-08-29,55.0,55.45,53.5,54.8,2653,EQ,,,
2006-08-30,54.35,55.2,54.0,54.55,1458,EQ,,,
2006-08-31,53.45,56.05,53.45,55.65,2589,EQ,,,
2006-09-01,55.25,59.35,55.25,55.95,4275,EQ,,,
2006-09-04,55.75,56.65,55.35,55.55,1170,EQ,,,
2006-09-05,55.65,59.6,54.65,57.6,4914,EQ,,,
2006-09-06,57.65,58.65,56.35,56.9,2598,EQ,,,
2006-09-07,55.8,58.0,55.75,57.65,1427,EQ,,,
2006-09-08,57.35,59.35,56.75,58.55,4424,EQ,,,
2006-09-11,59.25,59.25,57.0,58.55,8000,EQ,,,
2006-09-12,55.75,60.65,55.75,59.85,4533,EQ,,,
2006-09-13,59.0,61.35,58.15,58.9,2811,EQ,,,
2006-09-14,60.0,60.0,58.0,59.35,4156,EQ,,,
2006-09-15,55.85,60.0,55.85,59.9,3034,EQ,,,
2006-09-18,59.1,61.35,58.65,60.65,4841,EQ,,,
2006-09-19,60.15,61.35,59.05,60.6,5169,EQ,,,
2006-09-20,60.0,61.0,59.25,59.6,1241,EQ,,,
2006-09-21,60.0,60.0,58.35,59.8,7416,EQ,,,
2006-09-22,59.35,60.0,57.65,58.05,1662,EQ,,,
2006-09-25,59.0,59.0,57.35,57.75,2253,EQ,,,
2006-09-26,58.0,58.0,56.8,56.85,1623,EQ,,,
2006-09-27,57.65,57.65,56.75,57.0,1371,EQ,,,
2006-09-28,57.35,59.35,54.65,58.35,2810,EQ,,,
2006-09-29,58.0,60.0,56.75,58.95,2150,EQ,,,
2006-10-03,62.35,62.35,56.5,58.6,488,EQ,,,
2006-10-04,58.35,59.8,57.0,57.45,809,EQ,,,
2006-10-05,57.35,61.0,57.35,59.65,4679,EQ,,,
2006-10-06,58.15,59.35,58.0,58.25,502,EQ,,,
2006-10-09,57.6,58.55,57.05,57.55,1295,EQ,,,
2006-10-10,57.75,58.0,57.2,57.35,747,EQ,,,
2006-10-11,61.35,61.35,58.0,58.85,68574,EQ,,,
2006-10-12,60.55,60.55,55.3,59.45,3656,EQ,,,
2006-10-13,57.8,59.75,57.8,58.35,2333,EQ,,,
2006-10-16,59.65,60.0,58.4,58.65,2140,EQ,,,
2006-10-17,58.0,59.0,57.75,58.65,1505,EQ,,,
2006-10-18,59.35,59.65,58.55,58.6,3393,EQ,,,
2006-10-19,57.35,59.35,56.75,58.5,4087,EQ,,,
2006-10-20,57.45,60.0,57.45,59.7,4067,EQ,,,
2006-10-21,59.6,59.7,58.55,58.75,365,EQ,,,
2006-10-23,58.15,58.45,57.4,57.6,2465,EQ,,,
2006-10-26,55.45,58.9,55.45,57.45,1077,EQ,,,
2006-10-27,56.2,58.55,56.2,57.3,689,EQ,,,
2006-10-30,58.65,58.65,56.65,56.95,1587,EQ,,,
2006-10-31,58.1,58.1,56.05,56.65,1829,EQ,,,
2006-11-01,57.0,57.0,55.75,56.0,7054,EQ,,,
2006-11-02,55.95,56.65,55.85,56.0,1678,EQ,,,
2006-11-03,50.35,56.65,50.35,56.0,1395,EQ,,,
2006-11-06,56.0,56.4,54.35,55.15,2513,EQ,,,
2006-11-07,55.45,57.85,55.2,56.65,2043,EQ,,,
2006-11-08,56.35,57.55,56.35,57.35,3364,EQ,,,
2006-11-09,57.0,57.6,56.5,57.3,2336,EQ,,,
2006-11-10,58.0,58.0,57.0,57.5,3736,EQ,,,
2006-11-13,57.0,57.65,57.0,57.55,1666,EQ,,,
2006-11-14,57.6,58.4,55.0,57.35,4945,EQ,,,
2006-11-15,57.6,58.25,57.35,57.75,1435,EQ,,,
2006-11-16,57.65,59.0,57.4,58.55,39882,EQ,,,
2006-11-17,55.85,58.6,55.75,58.0,1746,EQ,,,
2006-11-20,57.0,57.65,57.0,57.5,1381,EQ,,,
2006-11-21,57.35,58.0,57.15,57.8,19135,EQ,,,
2006-11-22,57.45,58.15,57.4,58.0,2149,EQ,,,
2006-11-23,58.0,58.15,56.45,58.0,4113,EQ,,,
2006-11-24,58.15,58.15,56.55,56.8,538,EQ,,,
2006-11-27,59.05,59.05,56.65,58.7,4352,EQ,,,
2006-11-28,57.6,58.0,56.0,57.55,6877,EQ,,,
2006-11-29,58.0,58.85,57.55,58.75,2973,EQ,,,
2006-11-30,58.35,59.8,58.35,59.45,3822,EQ,,,
2006-12-01,57.65,59.8,57.65,58.0,1680,EQ,,,
2006-12-04,58.35,58.6,57.4,58.0,19243,EQ,,,
2006-12-05,57.4,58.0,57.35,57.55,2737,EQ,,,
2006-12-06,58.65,58.65,57.35,58.0,5097,EQ,,,
2006-12-07,58.45,58.45,57.5,57.55,3686,EQ,,,
2006-12-08,57.45,61.0,57.4,59.05,7074,EQ,,,
2006-12-11,58.95,59.65,57.4,57.8,1293,EQ,,,
2006-12-12,56.65,59.05,53.55,56.1,25658,EQ,,,
2006-12-13,55.0,56.75,55.0,56.5,2068,EQ,,,
2006-12-14,57.2,57.95,56.45,56.7,11137,EQ,,,
2006-12-15,58.05,58.4,56.35,56.5,1123,EQ,,,
2006-12-18,58.0,60.0,57.15,59.15,5954,EQ,,,
2006-12-19,56.05,58.6,56.05,57.65,2571,EQ,,,
2006-12-20,55.0,59.25,55.0,56.6,532,EQ,,,
2006-12-21,56.35,57.35,56.35,56.6,734,EQ,,,
2006-12-22,56.65,57.95,56.45,56.65,1389,EQ,,,
2006-12-26,58.05,58.35,57.0,57.25,955,EQ,,,
2006-12-27,58.45,58.85,57.55,58.55,4849,EQ,,,
2006-12-28,59.05,59.55,58.65,59.2,3208,EQ,,,
2006-12-29,60.0,60.35,58.55,59.05,6586,EQ,,,
2007-01-02,60.0,60.0,58.0,58.1,846,EQ,,,
2007-01-03,59.55,59.55,56.65,57.75,3313,EQ,,,
2007-01-04,58.35,59.65,58.0,58.85,80546,EQ,,,
2007-01-05,57.0,59.2,57.0,58.1,1975,EQ,,,
2007-01-08,59.05,59.05,58.35,58.7,923,EQ,,,
2007-01-09,59.35,59.4,57.35,57.9,775,EQ,,,
2007-01-10,58.35,59.0,56.35,56.95,2680,EQ,,,
2007-01-11,57.95,57.95,56.35,56.75,1864,EQ,,,
2007-01-12,57.85,58.35,57.05,58.2,3495,EQ,,,
2007-01-15,58.55,58.55,57.55,57.75,1320,EQ,,,
2007-01-16,58.35,58.35,56.35,56.4,13971,EQ,,,
2007-01-17,58.35,59.85,56.35,56.6,9526,EQ,,,
2007-01-18,59.05,59.05,56.35,56.75,1766,EQ,,,
2007-01-19,57.65,57.65,54.65,55.15,15437,EQ,,,
2007-01-22,55.6,56.0,53.65,54.15,4531,EQ,,,
2007-01-23,54.35,54.95,53.35,53.55,18267,EQ,,,
2007-01-24,54.25,54.65,53.4,54.2,2382,EQ,,,
2007-01-25,54.0,55.0,53.0,53.8,1925,EQ,,,
2007-01-29,54.05,54.05,53.05,53.6,16751,EQ,,,
2007-01-31,54.2,54.6,53.95,54.05,4233,EQ,,,
2007-02-01,54.15,56.7,53.65,54.65,8273,EQ,,,
2007-02-02,52.05,54.65,52.05,53.7,3212,EQ,,,
2007-02-05,54.95,55.0,53.65,54.2,3372,EQ,,,
2007-02-06,54.25,54.35,53.35,54.0,8508,EQ,,,
2007-02-07,54.0,54.0,53.0,53.15,8112,EQ,,,
2007-02-08,53.35,53.6,52.2,53.05,4728,EQ,,,
2007-02-09,53.25,53.35,52.65,52.95,3461,EQ,,,
2007-02-12,53.0,53.35,50.65,52.0,60804,EQ,,,
2007-02-13,50.4,52.55,50.35,51.4,1790,EQ,,,
2007-02-14,50.35,51.5,48.05,50.35,3206,EQ,,,
2007-02-15,50.65,52.0,50.0,50.0,85697,EQ,,,
2007-02-19,52.65,52.65,50.65,50.85,4786,EQ,,,
2007-02-20,51.0,51.0,48.65,50.0,22175,EQ,,,
2007-02-21,51.95,51.95,50.05,50.85,2513,EQ,,,
2007-02-22,50.8,51.65,49.9,50.0,12509,EQ,,,
2007-02-23,50.65,50.65,49.65,50.0,3462,EQ,,,
2007-02-26,54.65,54.65,48.35,48.7,10620,EQ,,,
2007-02-27,49.6,50.35,48.4,49.95,4464,EQ,,,
2007-02-28,49.0,50.65,48.35,48.75,3889,EQ,,,
2007-03-01,49.65,49.65,48.35,48.8,3897,EQ,,,
2007-03-02,52.65,52.65,47.0,48.35,3005,EQ,,,
2007-03-05,50.0,50.0,46.35,46.75,4097,EQ,,,
2007-03-06,46.95,48.55,46.0,46.95,3937,EQ,,,
2007-03-07,46.65,47.25,44.0,45.5,127449,EQ,,,
2007-03-08,45.35,45.6,44.0,44.35,6568,EQ,,,
2007-03-09,44.65,45.2,44.65,45.0,1962,EQ,,,
2007-03-12,45.25,45.45,44.0,44.6,1416,EQ,,,
2007-03-13,42.05,46.6,42.05,45.75,2452,EQ,,,
2007-03-14,42.75,45.45,42.65,44.05,7165,EQ,,,
2007-03-15,45.0,45.0,44.35,44.55,2134,EQ,,,
2007-03-16,45.15,45.15,43.45,44.0,3147,EQ,,,
2007-03-19,45.45,46.0,44.25,44.55,544,EQ,,,
2007-03-20,45.15,45.45,44.35,45.05,1225,EQ,,,
2007-03-21,44.5,45.8,44.5,45.55,498,EQ,,,
2007-03-22,45.85,46.25,45.35,45.75,2341,EQ,,,
2007-03-23,45.4,46.0,45.4,45.7,635,EQ,,,
2007-03-26,44.05,46.6,44.05,45.55,1857,EQ,,,
2007-03-28,44.35,45.55,44.15,45.35,3371,EQ,,,
2007-03-29,45.2,45.6,45.05,45.35,13940,EQ,,,
2007-03-30,45.35,45.95,45.35,45.55,2618,EQ,,,
2007-04-02,45.95,45.95,44.8,45.0,1760,EQ,,,
2007-04-03,45.35,45.65,45.0,45.35,999,EQ,,,
2007-04-04,45.35,46.6,45.05,45.45,51819,EQ,,,
2007-04-05,46.05,48.0,45.65,46.85,885,EQ,,,
2007-04-09,48.35,48.35,46.0,47.1,8732,EQ,,,
2007-04-10,47.05,48.35,47.05,47.55,3168,EQ,,,
2007-04-11,48.35,48.55,46.0,48.3,3327,EQ,,,
2007-04-12,48.15,48.15,47.0,47.55,540,EQ,,,
2007-04-13,47.1,47.65,46.85,47.35,1685,EQ,,,
2007-04-16,47.65,48.65,47.65,48.45,3106,EQ,,,
2007-04-17,48.65,49.35,47.4,47.9,1316,EQ,,,
2007-04-18,47.9,48.0,47.55,47.65,2503,EQ,,,
2007-04-19,47.45,48.35,47.0,47.75,2210,EQ,,,
2007-04-20,47.65,48.95,47.05,48.4,1730,EQ,,,
2007-04-23,47.65,48.6,47.65,47.7,52532,EQ,,,
2007-04-24,48.15,48.35,47.05,47.65,2325,EQ,,,
2007-04-25,47.65,48.35,47.65,48.05,690,EQ,,,
2007-04-26,48.6,48.9,48.05,48.4,1334,EQ,,,
2007-04-27,47.75,48.35,47.75,47.8,577,EQ,,,
2007-04-30,47.65,48.6,47.0,48.15,7436,EQ,,,
2007-05-03,48.65,50.85,48.65,49.95,8337,EQ,,,
2007-05-04,49.5,49.85,48.65,48.85,1995,EQ,,,
2007-05-07,49.0,53.35,49.0,50.1,6572,EQ,,,
2007-05-08,48.0,48.0,46.0,46.7,11631,EQ,,,
2007-05-09,46.75,47.75,46.65,47.55,6875,EQ,,,
2007-05-10,47.8,48.0,47.55,47.6,1987,EQ,,,
2007-05-11,47.65,47.9,47.35,47.75,822,EQ,,,
2007-05-14,48.55,48.65,47.25,47.45,1860,EQ,,,
2007-05-15,47.6,50.0,47.2,48.75,2817,EQ,,,
2007-05-16,53.2,53.2,48.65,49.95,2515,EQ,,,
2007-05-17,51.25,51.25,49.15,49.65,2976,EQ,,,
2007-05-18,49.65,49.95,48.65,49.25,2051,EQ,,,
2007-05-21,49.65,49.8,47.5,48.65,27625,EQ,,,
2007-05-22,48.0,48.6,47.35,47.45,2490,EQ,,,
2007-05-23,50.25,50.25,46.75,47.75,4740,EQ,,,
2007-05-24,48.65,48.65,47.3,48.1,1191,EQ,,,
2007-05-25,46.75,48.65,46.75,48.2,3501,EQ,,,
2007-05-28,47.4,48.35,47.4,48.15,1952,EQ,,,
2007-05-29,48.2,48.65,47.75,48.3,2542,EQ,,,
2007-05-30,48.75,48.75,47.65,47.85,2303,EQ,,,
2007-05-31,48.0,48.25,47.05,47.3,4782,EQ,,,
2007-06-01,47.15,48.0,46.65,47.0,1451,EQ,,,
2007-06-04,46.95,48.0,46.85,47.4,2828,EQ,,,
2007-06-05,47.85,47.85,46.75,47.05,1573,EQ,,,
2007-06-06,47.35,47.35,46.85,47.15,2510,EQ,,,
2007-06-07,47.2,47.2,46.25,46.7,3230,EQ,,,
2007-06-08,46.65,47.25,45.85,46.05,3437,EQ,,,
2007-06-11,47.15,47.35,46.0,46.05,852,EQ,,,
2007-06-12,46.0,46.35,45.05,45.15,2618,EQ,,,
2007-06-13,45.25,48.35,44.75,44.85,2155,EQ,,,
2007-06-14,44.8,46.65,44.65,46.45,1312,EQ,,,
2007-06-15,51.4,51.4,43.8,44.75,5578,EQ,,,
2007-06-18,46.35,50.0,44.45,44.85,2864,EQ,,,
2007-06-19,45.15,45.45,44.1,44.7,2756,EQ,,,
2007-06-20,45.0,45.35,44.1,44.3,1731,EQ,,,
2007-06-21,44.65,45.65,44.0,44.95,3947,EQ,,,
2007-06-22,44.45,45.35,44.45,45.0,730,EQ,,,
2007-06-25,45.0,46.0,44.5,45.8,1995,EQ,,,
2007-06-26,45.15,47.6,45.15,46.7,88697,EQ,,,
2007-06-27,47.35,47.65,46.75,47.05,3773,EQ,,,
2007-06-28,46.75,48.35,46.75,48.25,4270,EQ,,,
2007-06-29,48.35,48.65,47.15,47.75,14157,EQ,,,
2007-07-02,47.4,47.65,46.05,46.65,1683,EQ,,,
2007-07-03,46.8,47.65,46.35,47.0,16986,EQ,,,
2007-07-04,47.15,48.6,46.65,46.75,13793,EQ,,,
2007-07-05,47.45,47.45,46.65,46.75,4565,EQ,,,
2007-07-06,47.35,48.35,46.8,48.05,8462,EQ,,,
2007-07-09,48.0,49.0,47.75,48.85,11707,EQ,,,
2007-07-10,49.0,49.25,48.05,48.75,7321,EQ,,,
2007-07-11,49.15,49.15,48.35,48.8,2767,EQ,,,
2007-07-12,48.65,52.65,48.4,49.75,27334,EQ,,,
2007-07-13,49.8,50.05,49.0,49.25,4356,EQ,,,
2007-07-16,48.15,49.15,48.15,48.65,1593,EQ,,,
2007-07-17,48.65,49.55,48.1,48.75,6446,EQ,,,
2007-07-18,48.65,48.9,48.35,48.5,5706,EQ,,,
2007-07-19,48.65,49.65,48.35,48.75,2252,EQ,,,
2007-07-20,48.2,48.95,48.05,48.45,20793,EQ,,,
2007-07-23,47.65,48.75,47.35,48.6,4663,EQ,,,
2007-07-24,47.85,48.65,47.85,48.25,7334,EQ,,,
2007-07-25,48.0,48.35,47.65,47.8,5723,EQ,,,
2007-07-26,47.75,48.15,47.65,47.85,3540,EQ,,,
2007-07-27,47.0,47.55,46.65,47.0,3323,EQ,,,
2007-07-30,46.7,47.45,46.7,47.0,11663,EQ,,,
2007-07-31,49.85,49.85,46.0,46.15,8831,EQ,,,
2007-08-01,46.45,46.45,45.05,45.35,6480,EQ,,,
2007-08-02,45.35,46.35,45.0,45.2,4424,EQ,,,
2007-08-03,45.0,46.65,45.0,45.4,4062,EQ,,,
2007-08-06,45.0,46.0,45.0,45.85,2906,EQ,,,
2007-08-07,45.95,46.35,45.5,45.65,808,EQ,,,
2007-08-08,45.65,46.45,45.2,45.65,16442,EQ,,,
2007-08-09,45.65,46.15,43.65,44.15,4980,EQ,,,
2007-08-10,43.35,44.8,43.35,43.7,3543,EQ,,,
2007-08-13,44.65,46.55,43.85,44.15,3840,EQ,,,
2007-08-14,44.65,46.65,44.55,45.35,431859,EQ,,,
2007-08-16,44.65,45.65,43.75,44.95,41458,EQ,,,
2007-08-17,44.65,45.2,44.0,44.0,9773,EQ,,,
2007-08-20,44.65,44.65,42.75,43.25,6553,EQ,,,
2007-08-21,43.35,43.65,42.35,42.7,3775,EQ,,,
2007-08-22,42.65,43.95,42.65,43.5,2745,EQ,,,
2007-08-23,43.35,44.65,40.5,42.1,3833,EQ,,,
2007-08-24,42.15,42.95,41.45,41.85,4560,EQ,,,
2007-08-27,42.0,42.8,41.65,41.95,5785,EQ,,,
2007-08-28,42.05,44.15,41.95,43.45,6367,EQ,,,
2007-08-29,43.35,44.8,42.8,43.95,4188,EQ,,,
2007-08-30,44.0,44.8,44.0,44.35,7834,EQ,,,
2007-08-31,45.25,46.65,44.05,45.15,5933,EQ,,,
2007-09-03,44.85,45.6,44.4,44.55,1286,EQ,,,
2007-09-04,44.45,47.0,44.25,44.65,3903,EQ,,,
2007-09-05,44.2,45.55,43.7,44.05,2497,EQ,,,
2007-09-06,43.95,44.35,43.4,43.6,1169,EQ,,,
2007-09-07,43.75,44.0,42.35,42.65,4393,EQ,,,
2007-09-10,43.65,43.65,41.45,41.6,11514,EQ,,,
2007-09-11,43.0,43.0,41.35,41.45,7899,EQ,,,
2007-09-12,42.2,42.2,40.0,40.25,11237,EQ,,,
2007-09-13,40.65,41.35,40.05,40.15,7551,EQ,,,
2007-09-14,41.0,41.6,40.45,41.35,10819,EQ,,,
2007-09-17,43.65,43.65,40.65,41.15,7858,EQ,,,
2007-09-18,41.65,43.2,41.05,42.1,66913,EQ,,,
2007-09-19,43.35,44.35,42.55,42.8,32002,EQ,,,
2007-09-20,43.65,43.65,41.0,41.35,14244,EQ,,,
2007-09-21,41.5,41.95,40.95,40.95,7506,EQ,,,
2007-09-24,41.35,41.45,39.65,40.0,26989,EQ,,,
2007-09-25,39.35,40.15,38.6,38.85,36170,EQ,,,
2007-09-26,40.0,40.0,38.05,38.25,39979,EQ,,,
2007-09-27,38.95,39.0,38.0,38.05,42085,EQ,,,
2007-09-28,38.4,38.4,37.5,37.75,107402,EQ,,,
2007-10-01,38.0,38.0,37.35,37.75,36085,EQ,,,
2007-10-03,38.35,41.0,37.2,37.8,49447,EQ,,,
2007-10-04,37.85,39.0,37.35,38.45,130326,EQ,,,
2007-10-05,38.65,39.0,37.55,38.05,65423,EQ,,,
2007-10-08,38.05,38.25,36.55,36.7,18105,EQ,,,
2007-10-09,36.7,37.35,36.35,36.9,44004,EQ,,,
2007-10-10,37.05,37.95,35.65,36.05,22579,EQ,,,
2007-10-11,36.15,36.35,35.65,35.8,10419,EQ,,,
2007-10-12,36.0,36.0,34.75,34.85,12650,EQ,,,
2007-10-15,35.0,36.25,35.0,35.6,48579,EQ,,,
2007-10-16,35.45,35.95,35.0,35.35,123278,EQ,,,
2007-10-17,35.0,37.25,33.4,34.95,58558,EQ,,,
2007-10-18,36.6,39.95,32.85,33.65,155146,EQ,,,
2007-10-19,33.75,34.95,32.25,32.55,41438,EQ,,,
2007-10-22,31.75,32.95,31.65,32.2,15711,EQ,,,
2007-10-23,32.35,33.8,32.35,32.85,19245,EQ,,,
2007-10-24,33.1,33.35,32.65,32.9,15052,EQ,,,
2007-10-25,33.2,33.2,32.3,32.4,11890,EQ,,,
2007-10-26,32.35,32.65,32.2,32.35,25886,EQ,,,
2007-10-29,36.0,36.0,32.2,32.5,30899,EQ,,,
2007-10-30,34.65,34.65,32.15,32.3,24671,EQ,,,
2007-10-31,32.5,36.15,32.25,33.85,176009,EQ,,,
2007-11-01,34.15,34.65,33.35,33.9,37362,EQ,,,
2007-11-02,33.0,34.35,32.65,33.95,32190,EQ,,,
2007-11-05,32.45,34.6,32.45,33.45,26900,EQ,,,
2007-11-06,33.8,33.8,32.65,32.85,9893,EQ,,,
2007-11-07,33.55,34.25,33.15,34.0,120151,EQ,,,
2007-11-08,33.4,33.95,33.35,33.45,5707,EQ,,,
2007-11-09,33.4,34.0,33.4,33.65,2404,EQ,,,
2007-11-12,33.35,34.0,32.85,33.7,16626,EQ,,,
2007-11-13,33.65,34.15,33.4,33.65,6953,EQ,,,
2007-11-14,34.0,34.6,34.0,34.15,8909,EQ,,,
2007-11-15,34.35,36.05,34.15,35.55,16720,EQ,,,
2007-11-16,35.2,39.1,35.2,36.2,26408,EQ,,,
2007-11-19,37.65,37.85,36.75,37.7,25055,EQ,,,
2007-11-20,37.95,38.35,36.55,36.8,13116,EQ,,,
2007-11-21,36.35,36.65,34.75,35.35,12611,EQ,,,
2007-11-22,34.65,35.8,34.35,35.05,10722,EQ,,,
2007-11-23,36.0,36.15,35.15,35.55,8555,EQ,,,
2007-11-26,35.6,35.8,34.35,35.5,2889,EQ,,,
2007-11-27,35.15,35.6,35.0,35.05,5993,EQ,,,
2007-11-28,35.35,35.8,34.4,34.8,6128,EQ,,,
2007-11-29,35.3,35.45,34.75,34.85,8110,EQ,,,
2007-11-30,35.35,35.45,35.0,35.1,4147,EQ,,,
2007-12-03,35.05,36.0,35.05,35.55,7624,EQ,,,
2007-12-04,35.65,36.55,35.45,36.25,8747,EQ,,,
2007-12-05,36.6,38.55,36.0,37.9,26462,EQ,,,
2007-12-06,38.05,40.25,37.75,38.55,59233,EQ,,,
2007-12-07,38.6,38.7,37.25,37.75,13458,EQ,,,
2007-12-10,37.4,38.65,37.2,38.35,9358,EQ,,,
2007-12-11,38.55,41.35,38.55,40.15,45595,EQ,,,
2007-12-12,39.55,40.55,39.55,40.3,10700,EQ,,,
2007-12-13,40.65,41.0,39.65,40.1,15274,EQ,,,
2007-12-14,40.35,42.0,40.0,41.15,42124,EQ,,,
2007-12-17,41.25,42.0,40.8,41.25,39713,EQ,,,
2007-12-18,40.05,41.85,38.05,41.35,26561,EQ,,,
2007-12-19,41.85,42.65,41.45,42.0,115092,EQ,,,
2007-12-20,42.65,46.65,42.0,44.15,28328,EQ,,,
2007-12-24,47.1,52.85,45.15,52.1,198765,EQ,,,
2007-12-26,52.1,55.2,50.4,52.75,215925,EQ,,,
2007-12-27,53.25,54.65,51.8,52.75,55471,EQ,,,
2007-12-28,52.55,53.15,50.65,51.25,23243,EQ,,,
2007-12-31,52.35,53.65,50.0,52.2,27570,EQ,,,
2008-01-01,53.45,54.65,50.65,51.3,49834,EQ,,,
2008-01-02,52.55,52.55,49.45,50.7,18934,EQ,,,
2008-01-03,51.65,51.65,48.65,48.9,14029,EQ,,,
2008-01-04,49.35,49.85,46.8,47.2,19803,EQ,,,
2008-01-07,47.65,49.4,46.65,47.65,31958,EQ,,,
2008-01-08,48.65,48.65,45.15,46.35,23324,EQ,,,
2008-01-09,45.85,47.0,45.05,46.6,19091,EQ,,,
2008-01-10,46.95,47.85,43.45,44.5,11806,EQ,,,
2008-01-11,43.45,45.3,43.35,44.1,10155,EQ,,,
2008-01-14,44.4,44.65,43.35,43.95,8845,EQ,,,
2008-01-15,43.35,44.65,43.35,43.45,5245,EQ,,,
2008-01-16,43.35,44.75,42.65,44.4,8720,EQ,,,
2008-01-17,45.35,46.15,43.85,45.45,14047,EQ,,,
2008-01-18,46.2,46.2,41.8,42.7,7087,EQ,,,
2008-01-21,41.2,42.55,36.65,39.4,23083,EQ,,,
2008-01-22,37.0,39.35,35.0,36.95,81263,EQ,,,
2008-01-23,38.65,40.95,38.35,40.0,8856,EQ,,,
2008-01-24,38.4,41.0,38.4,39.5,22569,EQ,,,
2008-01-25,40.0,41.25,40.0,40.55,4441,EQ,,,
2008-01-28,40.0,40.35,38.35,40.15,7092,EQ,,,
2008-01-29,40.65,40.65,40.0,40.0,6214,EQ,,,
2008-01-30,39.0,40.65,38.65,39.15,24676,EQ,,,
2008-01-31,39.45,40.2,39.35,39.85,28295,EQ,,,
2008-02-01,40.0,40.0,38.45,39.2,5669,EQ,,,
2008-02-04,39.95,40.0,38.65,39.05,3946,EQ,,,
2008-02-05,39.95,39.95,38.45,38.95,3994,EQ,,,
2008-02-06,38.55,39.0,37.65,38.0,11630,EQ,,,
2008-02-07,38.65,38.65,36.75,36.9,4206,EQ,,,
2008-02-08,37.45,37.95,36.75,36.9,1153,EQ,,,
2008-02-11,36.65,37.35,35.0,35.75,13060,EQ,,,
2008-02-12,37.0,37.0,34.65,35.55,4986,EQ,,,
2008-02-13,35.75,36.2,35.55,36.0,3115,EQ,,,
2008-02-14,35.65,37.4,35.65,37.25,12839,EQ,,,
2008-02-15,36.75,37.0,36.65,36.85,1985,EQ,,,
2008-02-18,37.25,38.5,37.0,37.35,7576,EQ,,,
2008-02-19,37.95,38.35,37.35,37.55,7809,EQ,,,
2008-02-20,37.45,38.0,37.0,37.05,11021,EQ,,,
2008-02-21,37.65,37.95,37.0,37.15,2727,EQ,,,
2008-02-22,37.35,41.65,36.75,37.0,2918,EQ,,,
2008-02-25,37.65,37.65,37.0,37.25,1975,EQ,,,
2008-02-26,38.0,38.0,36.8,37.05,14318,EQ,,,
2008-02-27,36.8,37.65,36.8,37.2,73009,EQ,,,
2008-02-28,37.45,37.85,37.35,37.65,2756,EQ,,,
2008-02-29,37.35,38.0,37.35,37.9,3003,EQ,,,
2008-03-03,37.0,37.35,35.55,36.45,5077,EQ,,,
2008-03-04,36.65,36.65,35.55,35.65,6397,EQ,,,
2008-03-05,37.05,37.05,35.55,36.0,4199,EQ,,,
2008-03-07,35.0,36.05,35.0,35.55,11421,EQ,,,
2008-03-10,35.35,35.65,34.75,35.45,6193,EQ,,,
2008-03-11,35.55,37.65,35.55,37.05,9246,EQ,,,
2008-03-12,37.85,39.95,36.65,38.25,4754,EQ,,,
2008-03-13,36.65,38.0,35.55,35.55,13365,EQ,,,
2008-03-14,37.35,37.35,35.65,36.1,3918,EQ,,,
2008-03-17,35.0,36.0,35.0,35.4,13450,EQ,,,
2008-03-18,35.0,36.35,35.0,35.55,6824,EQ,,,
2008-03-19,35.0,36.9,35.0,35.4,18646,EQ,,,
2008-03-24,35.15,36.35,33.65,34.05,8025,EQ,,,
2008-03-25,34.15,35.35,34.15,34.45,3190,EQ,,,
2008-03-26,34.0,35.75,33.85,34.15,1451,EQ,,,
2008-03-27,32.75,34.15,32.75,33.9,3471,EQ,,,
2008-03-28,34.55,34.65,33.8,34.6,7401,EQ,,,
2008-03-31,34.55,35.95,34.0,34.75,12480,EQ,,,
2008-04-01,35.55,35.65,34.15,34.85,752,EQ,,,
2008-04-02,35.35,35.95,35.0,35.0,728,EQ,,,
2008-04-03,34.8,35.55,34.4,34.55,883,EQ,,,
2008-04-04,33.45,35.35,32.75,33.1,8283,EQ,,,
2008-04-07,33.75,33.75,33.15,33.25,2118,EQ,,,
2008-04-08,33.55,34.25,33.2,33.35,5825,EQ,,,
2008-04-09,33.35,33.65,32.9,33.25,14774,EQ,,,
2008-04-10,33.35,33.35,32.85,33.35,1999,EQ,,,
2008-04-11,33.35,33.35,32.85,33.3,3506,EQ,,,
2008-04-15,34.15,34.15,32.85,33.8,915,EQ,,,
2008-04-16,34.0,34.6,33.35,34.1,2541,EQ,,,
2008-04-17,34.8,35.6,34.2,34.95,1801,EQ,,,
2008-04-21,30.8,36.25,30.8,35.4,1660,EQ,,,
2008-04-22,37.35,37.45,35.75,36.0,4271,EQ,,,
2008-04-23,36.0,36.0,35.6,35.75,1663,EQ,,,
2008-04-24,37.45,37.45,35.35,35.6,1658,EQ,,,
2008-04-25,35.55,35.95,35.55,35.8,1082,EQ,,,
2008-04-28,36.05,36.05,35.65,35.75,4197,EQ,,,
2008-04-29,31.0,37.25,30.95,35.65,1046,EQ,,,
2008-04-30,33.75,36.0,33.75,35.2,17977,EQ,,,
2008-05-02,35.65,36.0,35.15,35.7,37428,EQ,,,
2008-05-05,35.35,36.65,35.35,36.15,1784,EQ,,,
2008-05-06,35.55,36.2,35.55,35.65,1679,EQ,,,
2008-05-07,36.35,37.3,35.65,35.9,2144,EQ,,,
2008-05-08,35.55,35.85,35.05,35.45,826,EQ,,,
2008-05-09,35.95,35.95,35.05,35.15,1034,EQ,,,
2008-05-12,35.15,40.65,35.15,35.85,5653,EQ,,,
2008-05-13,36.45,36.8,35.85,36.05,3706,EQ,,,
2008-05-14,35.35,35.95,34.85,35.3,1285,EQ,,,
2008-05-15,35.35,35.6,34.95,35.15,1914,EQ,,,
2008-05-16,35.6,35.6,34.55,34.65,2756,EQ,,,
2008-05-20,34.55,35.0,34.4,34.85,5462,EQ,,,
2008-05-21,34.0,35.3,34.0,34.65,1074,EQ,,,
2008-05-22,34.4,35.0,34.4,34.6,438,EQ,,,
2008-05-23,34.6,35.0,33.55,33.85,2317,EQ,,,
2008-05-26,33.35,34.1,31.7,33.45,2883,EQ,,,
2008-05-27,34.85,34.85,33.0,33.2,778,EQ,,,
2008-05-28,33.55,33.65,33.35,33.55,2825,EQ,,,
2008-05-29,36.25,36.25,33.45,34.25,1789,EQ,,,
2008-05-30,34.35,34.55,33.75,34.45,56148,EQ,,,
2008-06-02,33.45,34.6,33.45,33.85,877,EQ,,,
2008-06-03,33.15,33.65,33.05,33.35,1646,EQ,,,
2008-06-04,34.45,34.45,32.85,33.3,3716,EQ,,,
2008-06-05,33.05,33.25,32.65,32.95,2358,EQ,,,
2008-06-06,32.65,33.6,32.65,32.8,1126,EQ,,,
2008-06-09,32.35,32.65,31.6,31.7,2566,EQ,,,
2008-06-10,31.7,32.85,31.35,31.55,2573,EQ,,,
2008-06-11,32.65,35.25,32.15,32.25,1407,EQ,,,
2008-06-12,32.05,32.6,31.65,32.05,1459,EQ,,,
2008-06-13,30.35,32.85,30.35,31.95,649,EQ,,,
2008-06-16,31.8,33.15,31.75,32.05,1414,EQ,,,
2008-06-17,32.15,33.6,31.75,32.9,2340,EQ,,,
2008-06-18,32.25,33.6,32.25,33.0,2360,EQ,,,
2008-06-19,32.0,36.65,32.0,34.6,11640,EQ,,,
2008-06-20,33.6,34.95,33.35,33.35,5420,EQ,,,
2008-06-23,33.0,36.65,32.05,32.45,1551,EQ,,,
2008-06-24,32.55,33.3,31.65,31.85,1377,EQ,,,
2008-06-25,30.05,31.65,30.05,31.35,1633,EQ,,,
2008-06-26,31.35,32.0,31.35,31.35,2079,EQ,,,
2008-06-27,31.35,32.05,31.35,31.75,5374,EQ,,,
2008-06-30,31.65,31.85,30.55,31.45,11621,EQ,,,
2008-07-01,31.75,31.75,29.35,29.65,2852,EQ,,,
2008-07-02,31.2,31.2,28.05,28.95,3001,EQ,,,
2008-07-03,28.8,30.35,28.8,29.15,1258,EQ,,,
2008-07-04,28.2,29.35,28.2,29.0,1197,EQ,,,
2008-07-07,29.25,30.6,29.2,30.35,2216,EQ,,,
2008-07-08,30.65,30.65,29.75,29.95,99498,EQ,,,
2008-07-09,30.05,31.75,30.05,30.85,1260,EQ,,,
2008-07-10,31.45,31.6,31.0,31.15,52351,EQ,,,
2008-07-11,31.4,31.95,31.2,31.35,77139,EQ,,,
2008-07-14,32.2,32.25,30.85,31.1,1039,EQ,,,
2008-07-15,30.15,31.35,30.15,30.65,636,EQ,,,
2008-07-16,30.25,31.0,30.0,30.0,1383,EQ,,,
2008-07-17,30.65,32.65,30.25,32.15,3115,EQ,,,
2008-07-18,30.0,33.0,30.0,32.15,952,EQ,,,
2008-07-21,31.65,32.55,31.2,31.8,1143,EQ,,,
2008-07-22,31.05,32.95,31.05,32.65,1554,EQ,,,
2008-07-23,32.35,33.35,32.35,32.95,16733,EQ,,,
2008-07-24,31.65,34.25,31.65,32.7,553,EQ,,,
2008-07-25,31.7,32.85,31.35,31.7,3021,EQ,,,
2008-07-28,31.05,33.35,31.05,31.95,1228,EQ,,,
2008-07-29,31.4,32.0,31.4,31.55,7105,EQ,,,
2008-07-30,32.0,32.0,31.6,31.65,834,EQ,,,
2008-07-31,31.55,31.85,31.55,31.85,12269,EQ,,,
2008-08-01,31.35,32.25,31.35,32.0,1107,EQ,,,
2008-08-04,32.15,32.95,32.0,32.25,538,EQ,,,
2008-08-05,32.65,32.65,31.85,32.45,1375,EQ,,,
2008-08-06,32.55,33.0,32.45,32.5,1228,EQ,,,
2008-08-07,32.65,33.65,32.65,33.35,27697,EQ,,,
2008-08-08,33.35,33.35,32.75,33.1,642,EQ,,,
2008-08-11,33.0,33.35,32.45,33.25,3213,EQ,,,
2008-08-12,33.0,39.0,32.8,36.35,276904,EQ,,,
2008-08-13,34.2,37.6,34.2,35.75,79835,EQ,,,
2008-08-14,35.75,35.75,34.65,34.75,14159,EQ,,,
2008-08-18,34.95,35.25,33.85,34.25,6178,EQ,,,
2008-08-19,34.15,34.65,33.65,34.05,6516,EQ,,,
2008-08-20,34.75,35.2,33.55,34.25,6293,EQ,,,
2008-08-21,33.95,34.45,33.75,33.9,3597,EQ,,,
2008-08-22,33.25,34.85,32.45,34.5,5799,EQ,,,
2008-08-25,34.35,34.85,33.45,34.15,3777,EQ,,,
2008-08-26,34.2,34.4,33.65,33.85,1526,EQ,,,
2008-08-27,34.2,34.8,33.75,34.65,4298,EQ,,,
2008-08-28,34.75,35.0,33.95,34.05,2633,EQ,,,
2008-08-29,34.65,34.65,34.05,34.15,2793,EQ,,,
2008-09-01,34.35,34.65,34.2,34.35,3656,EQ,,,
2008-09-02,34.55,34.65,34.05,34.35,1860,EQ,,,
2008-09-04,34.55,35.0,34.35,34.75,1572,EQ,,,
2008-09-05,34.4,34.8,33.8,34.65,1953,EQ,,,
2008-09-08,34.5,34.75,34.45,34.55,1152,EQ,,,
2008-09-09,33.65,34.85,33.65,34.15,1598,EQ,,,
2008-09-10,34.65,35.2,33.85,34.05,51923,EQ,,,
2008-09-11,34.35,34.45,33.4,33.6,1983,EQ,,,
2008-09-12,34.05,34.15,33.65,33.75,1458,EQ,,,
2008-09-15,32.55,33.35,32.05,32.2,2806,EQ,,,
2008-09-16,32.35,32.95,30.9,32.55,2564,EQ,,,
2008-09-17,32.05,33.65,32.05,33.05,3395,EQ,,,
2008-09-18,30.65,32.95,30.0,32.8,1862,EQ,,,
2008-09-19,32.45,33.65,32.35,32.4,23388,EQ,,,
2008-09-22,34.65,35.2,32.35,32.35,2389,EQ,,,
2008-09-23,32.6,32.6,31.55,32.15,2226,EQ,,,
2008-09-24,32.35,32.8,32.35,32.55,778,EQ,,,
2008-09-25,31.75,32.55,31.75,32.05,526,EQ,,,
2008-09-26,34.0,34.0,31.8,31.95,2569,EQ,,,
2008-09-29,31.65,31.95,30.35,30.55,2542,EQ,,,
2008-09-30,28.0,30.35,28.0,29.7,3683,EQ,,,
2008-10-01,30.05,31.0,30.05,30.4,820,EQ,,,
2008-10-03,30.4,33.65,30.0,30.35,1324,EQ,,,
2008-10-06,29.0,30.2,28.65,29.6,6932,EQ,,,
2008-10-07,29.95,29.95,28.55,28.95,1938,EQ,,,
2008-10-08,27.65,28.4,25.85,26.45,8046,EQ,,,
2008-10-10,23.35,26.65,21.75,24.95,1508,EQ,,,
2008-10-13,25.35,26.6,24.75,25.0,2645,EQ,,,
2008-10-14,25.7,27.35,25.4,26.65,3297,EQ,,,
2008-10-15,26.95,27.05,25.35,25.45,43072,EQ,,,
2008-10-16,23.0,24.45,23.0,24.35,10113,EQ,,,
2008-10-17,24.8,24.8,23.9,24.05,2533,EQ,,,
2008-10-20,26.9,27.4,23.55,25.1,9813,EQ,,,
2008-10-21,24.05,26.4,24.05,25.65,85699,EQ,,,
2008-10-22,25.45,26.0,24.55,25.05,2079,EQ,,,
2008-10-23,24.45,24.6,21.4,21.55,28575,EQ,,,
2008-10-24,24.0,24.0,21.05,21.25,11388,EQ,,,
2008-10-27,24.65,24.65,18.65,19.75,4357,EQ,,,
2008-10-28,22.65,22.65,19.65,20.25,1116,EQ,,,
2008-10-29,19.45,21.15,19.45,19.85,1135,EQ,,,
2008-10-31,20.35,21.65,19.95,20.15,26983,EQ,,,
2008-11-03,20.0,21.05,20.0,20.45,1619,EQ,,,
2008-11-04,20.25,20.95,20.0,20.5,4137,EQ,,,
2008-11-05,21.0,21.0,20.2,20.4,1254,EQ,,,
2008-11-06,20.0,20.65,20.0,20.25,1070,EQ,,,
2008-11-07,22.15,22.15,19.35,20.2,864,EQ,,,
2008-11-10,20.25,20.75,20.0,20.15,2141,EQ,,,
2008-11-11,20.2,20.3,19.85,20.05,2038,EQ,,,
2008-11-12,20.0,20.6,20.0,20.05,780,EQ,,,
2008-11-14,19.85,20.65,19.85,20.0,1397,EQ,,,
2008-11-17,19.2,20.0,18.8,19.4,2665,EQ,,,
2008-11-18,18.55,20.0,18.55,19.1,7028,EQ,,,
2008-11-19,18.25,19.45,15.75,18.05,11481,EQ,,,
2008-11-20,17.35,18.65,17.25,17.45,1822,EQ,,,
2008-11-21,16.8,18.0,16.8,17.75,1398,EQ,,,
2008-11-24,17.65,19.75,16.55,18.65,5082,EQ,,,
2008-11-25,17.85,19.75,17.65,17.95,3150,EQ,,,
2008-11-26,17.35,17.95,17.35,17.65,4583,EQ,,,
2008-11-28,19.0,19.25,16.65,17.2,7097,EQ,,,
2008-12-01,17.05,17.85,17.0,17.25,3574,EQ,,,
2008-12-02,16.65,17.6,16.65,17.35,3795,EQ,,,
2008-12-03,16.65,17.65,16.65,17.25,92931,EQ,,,
2008-12-04,17.0,17.5,16.95,17.35,110316,EQ,,,
2008-12-05,16.45,17.45,16.45,17.25,18808,EQ,,,
2008-12-08,17.55,17.55,17.2,17.35,7474,EQ,,,
2008-12-10,17.0,17.65,17.0,17.45,6955,EQ,,,
2008-12-11,17.4,17.65,17.05,17.25,10102,EQ,,,
2008-12-12,16.65,18.0,16.65,17.75,4739,EQ,,,
2008-12-15,17.4,19.6,17.4,19.3,4307,EQ,,,
2008-12-16,19.2,20.2,18.65,19.85,4638,EQ,,,
2008-12-17,19.9,19.9,18.95,19.35,3659,EQ,,,
2008-12-18,19.6,19.6,18.65,19.35,3723,EQ,,,
2008-12-19,19.35,19.55,19.05,19.35,3832,EQ,,,
2008-12-22,19.35,19.65,19.2,19.35,1626,EQ,,,
2008-12-23,18.65,19.65,18.65,19.4,1911,EQ,,,
2008-12-24,20.65,23.05,20.4,21.7,60237,EQ,,,
2008-12-26,21.95,21.95,20.65,21.25,9426,EQ,,,
2008-12-29,20.35,21.45,20.35,21.35,2144,EQ,,,
2008-12-30,22.0,23.35,21.0,21.55,1535,EQ,,,
2008-12-31,21.8,21.95,21.35,21.6,1280,EQ,,,
2009-01-01,21.05,22.35,21.05,21.95,2793,EQ,,,
2009-01-02,21.65,22.35,21.65,22.25,98244,EQ,,,
2009-01-05,22.65,22.65,21.7,22.25,62541,EQ,,,
2009-01-06,22.35,23.05,22.15,22.65,114840,EQ,,,
2009-01-07,22.05,22.65,22.0,22.5,2247,EQ,,,
2009-01-09,22.25,22.25,21.35,21.65,1745,EQ,,,
2009-01-12,21.45,21.65,21.4,21.45,712,EQ,,,
2009-01-13,21.4,22.3,21.4,21.65,875,EQ,,,
2009-01-14,21.35,22.45,21.35,22.3,627,EQ,,,
2009-01-15,21.4,22.6,21.4,22.3,1355,EQ,,,
2009-01-16,21.35,22.2,21.35,22.0,4274,EQ,,,
2009-01-19,21.75,22.35,21.65,21.85,328,EQ,,,
2009-01-20,21.95,22.0,21.5,21.75,276,EQ,,,
2009-01-21,22.35,22.35,21.45,22.0,99155,EQ,,,
2009-01-22,21.55,22.25,20.6,21.35,4504,EQ,,,
2009-01-23,20.65,21.35,20.65,21.05,1073,EQ,,,
2009-01-27,21.15,21.35,20.45,21.0,233,EQ,,,
2009-01-28,20.65,21.25,20.15,21.1,2042,EQ,,,
2009-01-29,20.8,20.85,20.65,20.85,255,EQ,,,
2009-01-30,20.55,21.25,20.55,21.0,98301,EQ,,,
2009-02-02,22.35,22.35,21.0,21.35,27558,EQ,,,
2009-02-03,20.65,21.35,20.55,20.7,59939,EQ,,,
2009-02-04,20.55,20.95,20.45,20.65,13797,EQ,,,
2009-02-05,20.05,21.1,20.05,20.65,38382,EQ,,,
2009-02-06,20.0,21.2,20.0,20.65,57515,EQ,,,
2009-02-09,20.35,21.65,20.35,21.05,1636,EQ,,,
2009-02-10,20.5,21.6,20.15,20.35,61498,EQ,,,
2009-02-11,20.6,20.6,20.0,20.25,3304,EQ,,,
2009-02-12,20.05,21.5,20.05,20.75,8205,EQ,,,
2009-02-13,21.35,21.35,20.4,20.95,912,EQ,,,
2009-02-16,20.4,21.3,20.25,20.45,3027,EQ,,,
2009-02-17,20.15,21.15,20.15,20.95,3647,EQ,,,
2009-02-18,20.15,21.0,20.15,20.95,1312,EQ,,,
2009-02-19,20.55,20.95,20.55,20.85,613,EQ,,,
2009-02-20,20.3,21.0,20.2,20.95,2565,EQ,,,
2009-02-24,20.65,20.65,20.05,20.35,9993,EQ,,,
2009-02-25,20.35,20.45,20.0,20.45,1917,EQ,,,
2009-02-26,20.2,20.45,20.0,20.25,1026,EQ,,,
2009-02-27,21.3,21.3,20.25,20.45,1473,EQ,,,
2009-03-02,20.0,20.65,20.0,20.15,50774,EQ,,,
2009-03-03,20.0,20.65,20.0,20.15,1358,EQ,,,
2009-03-04,20.15,20.55,20.05,20.25,881,EQ,,,
2009-03-05,20.0,20.15,20.0,20.05,1007,EQ,,,
2009-03-06,20.0,20.05,19.8,19.95,2264,EQ,,,
2009-03-09,19.65,20.0,19.65,19.95,2533,EQ,,,
2009-03-12,20.15,20.15,19.7,20.0,2035,EQ,,,
2009-03-13,20.0,20.25,19.8,20.0,73981,EQ,,,
2009-03-16,20.0,20.0,19.0,19.4,24100,EQ,,,
2009-03-17,19.15,19.85,19.0,19.55,18481,EQ,,,
2009-03-18,19.95,20.15,19.35,19.9,52143,EQ,,,
2009-03-19,20.05,20.05,19.65,19.75,1512,EQ,,,
2009-03-20,19.75,20.0,19.75,19.85,1590,EQ,,,
2009-03-23,19.6,20.35,19.6,20.25,3758,EQ,,,
2009-03-24,20.1,20.45,20.0,20.3,1469,EQ,,,
2009-03-25,20.25,20.55,20.05,20.25,1033,EQ,,,
2009-03-26,20.15,20.65,20.15,20.35,1076,EQ,,,
2009-03-27,20.65,21.45,20.35,21.3,11818,EQ,,,
2009-03-30,20.95,21.45,20.8,20.85,1112,EQ,,,
2009-03-31,20.35,22.2,20.25,22.05,1489,EQ,,,
2009-04-01,21.15,22.1,21.15,21.85,485,EQ,,,
2009-04-02,22.45,23.05,21.75,22.15,2009,EQ,,,
2009-04-06,22.85,22.85,21.75,22.1,1999,EQ,,,
2009-04-08,22.15,22.25,21.45,21.95,528,EQ,,,
2009-04-09,23.15,23.15,21.65,22.15,1746,EQ,,,
2009-04-13,21.95,22.55,21.95,22.15,1343,EQ,,,
2009-04-15,22.25,26.0,22.25,24.2,22594,EQ,,,
2009-04-16,23.65,25.25,21.8,22.05,3436,EQ,,,
2009-04-17,23.2,23.2,21.2,21.6,2053,EQ,,,
2009-04-20,22.55,23.2,21.8,21.95,1083,EQ,,,
2009-04-21,21.4,22.55,21.4,22.15,895,EQ,,,
2009-04-22,22.75,22.75,22.0,22.0,193,EQ,,,
2009-04-23,22.35,22.35,21.35,21.65,1060,EQ,,,
2009-04-24,21.65,22.25,21.65,21.9,1029,EQ,,,
2009-04-27,22.45,23.6,20.4,21.15,7047,EQ,,,
2009-04-28,21.2,21.75,20.95,21.05,843,EQ,,,
2009-04-29,21.6,21.75,21.15,21.35,422,EQ,,,
2009-05-04,21.15,22.45,21.15,22.35,1017,EQ,,,
2009-05-05,21.95,22.6,21.95,22.35,1842,EQ,,,
2009-05-06,22.7,22.85,22.25,22.65,3426,EQ,,,
2009-05-07,22.0,25.8,22.0,24.75,26559,EQ,,,
2009-05-08,24.4,26.15,24.15,25.55,5801,EQ,,,
2009-05-11,24.9,25.75,23.8,24.1,1461,EQ,,,
2009-05-12,22.4,24.55,22.4,23.25,2071,EQ,,,
2009-05-13,22.85,23.6,22.65,23.35,2977,EQ,,,
2009-05-14,23.75,23.75,22.85,23.35,1147,EQ,,,
2009-05-15,23.0,24.65,23.0,23.35,1738,EQ,,,
2009-05-19,25.65,27.65,25.0,26.0,9218,EQ,,,
2009-05-20,25.0,28.25,24.85,27.8,4810,EQ,,,
2009-05-21,27.8,30.25,27.65,29.5,5885,EQ,,,
2009-05-22,28.65,32.0,28.65,30.75,14096,EQ,,,
2009-05-25,31.4,33.0,31.4,32.7,2239,EQ,,,
2009-05-26,32.0,32.65,30.75,31.1,1960,EQ,,,
2009-05-27,32.65,32.65,30.95,31.55,2126,EQ,,,
2009-05-28,31.35,34.65,31.35,32.95,4171,EQ,,,
2009-05-29,33.35,34.25,32.85,33.95,9593,EQ,,,
2009-06-01,32.25,34.55,32.25,33.65,3376,EQ,,,
2009-06-02,36.15,36.15,32.2,33.85,3992,EQ,,,
2009-06-03,36.0,36.0,34.05,35.45,3153,EQ,,,
2009-06-04,34.65,35.65,34.4,34.65,1567,EQ,,,
2009-06-05,34.65,35.2,33.65,34.55,2225,EQ,,,
2009-06-08,35.25,35.25,33.15,33.4,2551,EQ,,,
2009-06-09,33.05,33.4,32.8,33.25,1116,EQ,,,
2009-06-10,34.0,34.65,33.45,33.65,4341,EQ,,,
2009-06-11,32.3,33.8,32.3,32.75,2018,EQ,,,
2009-06-12,32.8,34.35,32.8,34.05,3294,EQ,,,
2009-06-15,33.95,34.15,33.15,33.6,1575,EQ,,,
2009-06-16,32.75,33.65,32.75,33.5,1376,EQ,,,
2009-06-17,33.2,34.0,32.75,33.3,3557,EQ,,,
2009-06-18,33.35,34.0,32.4,33.1,81864,EQ,,,
2009-06-19,33.65,33.65,32.85,33.05,2565,EQ,,,
2009-06-22,33.2,33.2,32.75,32.75,1157,EQ,,,
2009-06-23,32.0,32.8,32.0,32.15,1554,EQ,,,
2009-06-24,32.05,32.55,31.6,32.35,2835,EQ,,,
2009-06-25,31.85,33.2,31.35,31.65,2098,EQ,,,
2009-06-26,32.65,32.65,31.05,31.65,3867,EQ,,,
2009-06-29,31.35,32.6,30.85,31.55,746,EQ,,,
2009-06-30,30.9,32.65,30.9,32.4,5557,EQ,,,
2009-07-01,33.35,33.35,32.0,32.75,1191,EQ,,,
2009-07-02,32.6,33.25,32.15,32.85,4194,EQ,,,
2009-07-03,33.25,33.25,32.65,32.9,488,EQ,,,
2009-07-06,32.65,33.05,31.75,32.15,1283,EQ,,,
2009-07-07,32.05,33.35,32.05,33.1,2157,EQ,,,
2009-07-08,33.15,35.55,32.05,33.05,55098,EQ,,,
2009-07-09,33.2,33.65,32.65,33.0,4164,EQ,,,
2009-07-10,32.05,33.35,28.35,32.65,4444,EQ,,,
2009-07-13,32.15,32.25,30.75,31.45,1883,EQ,,,
2009-07-14,31.9,32.35,31.7,32.05,853,EQ,,,
2009-07-15,32.1,33.05,32.1,32.65,1838,EQ,,,
2009-07-16,32.75,33.1,32.0,32.25,1493,EQ,,,
2009-07-17,32.05,32.95,32.05,32.45,1527,EQ,,,
2009-07-20,32.5,34.25,32.4,33.95,5153,EQ,,,
2009-07-21,33.05,33.75,33.05,33.55,921,EQ,,,
2009-07-22,33.55,34.35,33.25,33.75,4442,EQ,,,
2009-07-23,33.35,34.15,33.05,33.35,3532,EQ,,,
2009-07-24,32.45,33.65,32.45,33.35,1731,EQ,,,
2009-07-27,33.35,33.6,32.65,33.35,3847,EQ,,,
2009-07-28,33.0,34.0,33.0,33.4,5198,EQ,,,
2009-07-29,33.0,33.55,33.0,33.25,6365,EQ,,,
2009-07-30,32.8,33.55,32.8,33.05,10052,EQ,,,
2009-07-31,33.65,35.0,33.35,34.15,4063,EQ,,,
2009-08-03,33.8,33.8,33.35,33.4,1560,EQ,,,
2009-08-04,33.65,34.35,33.35,33.75,4899,EQ,,,
2009-08-05,34.0,34.0,33.2,33.5,5605,EQ,,,
2009-08-06,33.15,33.85,33.15,33.35,2091,EQ,,,
2009-08-07,34.8,34.8,33.05,33.1,2641,EQ,,,
2009-08-10,32.85,36.2,32.85,33.75,4359,EQ,,,
2009-08-11,32.65,34.9,32.65,33.55,14987,EQ,,,
2009-08-12,32.75,33.9,32.65,33.35,593,EQ,,,
2009-08-13,32.75,34.35,28.0,33.45,1163,EQ,,,
2009-08-14,33.35,33.75,33.15,33.35,2231,EQ,,,
2009-08-17,33.1,33.65,33.05,33.05,1178,EQ,,,
2009-08-18,33.05,33.9,33.05,33.65,1753,EQ,,,
2009-08-19,33.2,33.65,33.2,33.4,1197,EQ,,,
2009-08-20,33.35,33.55,33.0,33.0,3414,EQ,,,
2009-08-21,32.55,33.15,32.55,33.05,65260,EQ,,,
2009-08-24,33.35,33.35,32.85,33.15,468,EQ,,,
2009-08-25,32.85,33.65,32.85,33.35,1801,EQ,,,
2009-08-26,33.4,36.05,33.35,35.55,11891,EQ,,,
2009-08-27,36.35,38.95,35.65,37.35,19617,EQ,,,
2009-08-28,37.25,38.2,36.35,37.3,6101,EQ,,,
2009-08-31,36.35,37.8,36.15,37.5,3805,EQ,,,
2009-09-01,36.65,38.35,36.0,36.65,8052,EQ,,,
2009-09-02,36.65,37.65,36.65,36.65,2782,EQ,,,
2009-09-03,36.65,37.65,36.65,37.2,2141,EQ,,,
2009-09-04,36.75,37.55,36.35,36.65,2238,EQ,,,
2009-09-07,37.15,38.45,36.45,38.25,5705,EQ,,,
2009-09-08,37.05,39.65,37.05,37.7,10895,EQ,,,
2009-09-09,38.2,38.8,37.35,37.4,4590,EQ,,,
2009-09-10,37.45,38.25,36.8,37.15,5354,EQ,,,
2009-09-11,38.35,38.35,36.75,36.95,2650,EQ,,,
2009-09-14,37.6,39.35,36.8,37.95,4800,EQ,,,
2009-09-15,37.45,40.35,37.45,39.9,16632,EQ,,,
2009-09-16,40.65,44.45,40.55,42.4,53678,EQ,,,
2009-09-17,43.0,43.35,40.05,40.65,14821,EQ,,,
2009-09-18,40.6,42.0,40.0,41.65,24907,EQ,,,
2009-09-22,41.25,44.65,41.2,43.65,30385,EQ,,,
2009-09-23,44.65,44.65,42.55,43.8,18076,EQ,,,
2009-09-24,42.65,44.0,41.45,43.1,10721,EQ,,,
2009-09-25,43.1,43.85,42.65,42.65,4874,EQ,,,
2009-09-29,42.7,43.75,42.4,42.65,6504,EQ,,,
2009-09-30,43.65,43.65,42.0,42.25,4660,EQ,,,
2009-10-01,42.25,42.95,42.15,42.35,10400,EQ,,,
2009-10-05,41.0,42.8,41.0,42.65,10752,EQ,,,
2009-10-06,42.7,43.4,40.65,43.05,7383,EQ,,,
2009-10-07,42.55,44.65,42.55,44.15,17469,EQ,,,
2009-10-08,44.35,45.25,42.85,44.85,6395,EQ,,,
2009-10-09,44.75,45.85,44.35,44.65,3540,EQ,,,
2009-10-12,43.65,45.2,43.65,44.85,44577,EQ,,,
2009-10-14,44.35,46.65,44.0,46.25,13092,EQ,,,
2009-10-15,46.6,46.85,44.55,44.95,4522,EQ,,,
2009-10-16,46.65,46.65,44.65,45.25,3054,EQ,,,
2009-10-17,45.4,45.45,43.35,45.05,716,EQ,,,
2009-10-20,45.35,45.35,44.35,44.65,7184,EQ,,,
2009-10-21,44.85,44.85,43.65,44.2,1983,EQ,,,
2009-10-22,43.35,43.95,43.35,43.75,5317,EQ,,,
2009-10-23,42.4,45.35,42.4,44.1,9408,EQ,,,
2009-10-26,43.55,45.0,43.35,43.8,2307,EQ,,,
2009-10-27,42.0,43.85,42.0,43.35,2289,EQ,,,
2009-10-28,43.35,43.5,41.15,42.0,3253,EQ,,,
2009-10-29,41.65,43.2,41.25,42.8,3992,EQ,,,
2009-10-30,42.0,44.35,42.0,44.25,5466,EQ,,,
2009-11-03,44.95,53.05,41.75,41.95,6197,EQ,,,
2009-11-04,41.75,44.2,40.95,43.55,5826,EQ,,,
2009-11-05,45.05,45.05,42.8,44.75,8689,EQ,,,
2009-11-06,45.0,45.65,43.75,44.25,1685,EQ,,,
2009-11-09,44.0,50.0,43.65,48.9,105126,EQ,,,
2009-11-10,46.35,50.0,46.35,47.55,23286,EQ,,,
2009-11-11,47.65,52.6,46.85,48.85,26437,EQ,,,
2009-11-12,47.65,50.2,47.65,49.35,9503,EQ,,,
2009-11-13,48.95,51.35,48.95,49.7,11998,EQ,,,
2009-11-16,49.35,50.65,48.0,48.75,3049,EQ,,,
2009-11-17,49.6,50.25,48.85,49.8,93271,EQ,,,
2009-11-18,50.35,51.25,49.55,50.8,10251,EQ,,,
2009-11-19,51.35,52.55,50.25,52.15,22315,EQ,,,
2009-11-20,50.8,55.0,50.8,53.9,30555,EQ,,,
2009-11-23,52.75,55.35,52.75,54.55,14504,EQ,,,
2009-11-24,54.75,54.95,54.0,54.15,3474,EQ,,,
2009-11-25,54.35,54.65,53.65,54.05,2795,EQ,,,
2009-11-26,53.8,54.25,53.45,53.8,3124,EQ,,,
2009-11-27,55.35,55.35,52.4,54.05,10822,EQ,,,
2009-11-30,54.95,55.85,54.45,54.75,20421,EQ,,,
2009-12-01,55.0,55.35,54.25,54.85,5875,EQ,,,
2009-12-02,54.35,55.6,51.05,55.05,7617,EQ,,,
2009-12-03,55.55,55.55,54.5,55.35,4107,EQ,,,
2009-12-04,55.8,56.65,55.15,56.1,7037,EQ,,,
2009-12-07,56.25,56.35,54.65,54.95,4376,EQ,,,
2009-12-08,56.0,56.25,54.8,56.05,5838,EQ,,,
2009-12-09,56.0,58.2,55.45,57.35,20012,EQ,,,
2009-12-10,57.35,58.4,54.35,58.0,11201,EQ,,,
2009-12-11,59.3,60.35,56.65,58.85,32113,EQ,,,
2009-12-14,59.65,59.85,58.05,58.5,4026,EQ,,,
2009-12-15,58.55,59.25,56.85,57.45,5530,EQ,,,
2009-12-16,56.65,58.8,56.55,58.15,12076,EQ,,,
2009-12-17,58.15,58.65,57.55,57.9,1881,EQ,,,
2009-12-18,57.25,58.65,56.25,56.65,2546,EQ,,,
2009-12-21,56.65,57.95,55.35,57.7,4918,EQ,,,
2009-12-22,59.35,66.5,56.0,58.05,6994,EQ,,,
2009-12-23,58.65,59.15,57.4,58.7,4709,EQ,,,
2009-12-24,58.4,59.15,56.75,57.05,2298,EQ,,,
2009-12-29,59.15,65.65,56.75,58.65,10093,EQ,,,
2009-12-30,60.0,60.75,58.15,60.55,15240,EQ,,,
2009-12-31,60.4,60.9,59.2,60.3,18818,EQ,,,
2010-01-04,60.35,60.55,59.2,59.35,10362,EQ,,,
2010-01-05,60.25,60.8,58.65,59.0,4598,EQ,,,
2010-01-06,59.65,59.65,57.65,57.85,4483,EQ,,,
2010-01-07,57.85,57.85,56.25,57.2,4017,EQ,,,
2010-01-08,56.65,57.65,56.4,56.6,2380,EQ,,,
2010-01-11,57.15,57.15,55.75,56.0,53656,EQ,,,
2010-01-12,56.65,56.65,54.15,54.55,11120,EQ,,,
2010-01-13,54.15,55.95,54.0,55.0,97052,EQ,,,
2010-01-14,56.0,56.0,55.05,55.35,2450,EQ,,,
2010-01-15,55.95,56.35,55.05,55.65,32284,EQ,,,
2010-01-18,55.65,56.15,54.75,55.35,2115,EQ,,,
2010-01-19,54.85,56.0,54.8,55.7,3129,EQ,,,
2010-01-20,55.6,56.6,55.05,55.35,2877,EQ,,,
2010-01-21,55.0,57.0,55.0,56.05,2592,EQ,,,
2010-01-22,56.15,56.15,55.0,55.35,2028,EQ,,,
2010-01-25,55.35,56.35,55.15,55.5,58145,EQ,,,
2010-01-27,54.75,55.45,53.85,54.45,5222,EQ,,,
2010-01-28,53.95,54.4,53.45,53.95,53255,EQ,,,
2010-01-29,53.35,54.15,52.85,53.15,5556,EQ,,,
2010-02-01,53.2,54.05,52.65,53.15,751,EQ,,,
2010-02-02,52.8,55.15,52.75,52.85,2507,EQ,,,
2010-02-03,53.35,53.35,52.65,52.65,2388,EQ,,,
2010-02-04,51.2,53.25,49.55,52.1,3097,EQ,,,
2010-02-05,50.45,51.6,50.35,50.7,2362,EQ,,,
2010-02-06,49.65,52.0,49.65,51.15,336,EQ,,,
2010-02-08,52.0,52.0,50.75,51.1,1364,EQ,,,
2010-02-09,50.75,51.6,50.65,51.0,1282,EQ,,,
2010-02-10,50.85,52.0,50.65,51.75,1052,EQ,,,
2010-02-11,52.35,52.35,50.0,50.3,773,EQ,,,
2010-02-15,51.35,51.35,49.35,50.75,1613,EQ,,,
2010-02-16,50.75,53.25,50.35,52.35,4094,EQ,,,
2010-02-17,53.25,53.25,52.05,52.7,1633,EQ,,,
2010-02-18,52.95,56.65,52.65,53.45,3245,EQ,,,
2010-02-19,52.95,53.75,52.35,52.35,2966,EQ,,,
2010-02-22,52.35,52.65,51.05,52.0,2294,EQ,,,
2010-02-23,52.35,52.35,51.65,51.85,184,EQ,,,
2010-02-24,51.7,52.35,51.45,51.65,1503,EQ,,,
2010-02-25,51.65,52.15,51.0,51.2,1558,EQ,,,
2010-02-26,50.65,53.65,50.6,53.35,3882,EQ,,,
2010-03-02,52.65,55.65,52.65,54.55,1929,EQ,,,
2010-03-03,54.55,55.05,54.4,55.0,1339,EQ,,,
2010-03-04,54.25,55.0,53.75,54.45,1546,EQ,,,
2010-03-05,54.65,54.65,52.35,52.45,9202,EQ,,,
2010-03-08,52.65,53.8,52.35,53.3,8211,EQ,,,
2010-03-09,53.95,53.95,52.35,52.65,15345,EQ,,,
2010-03-10,52.65,53.45,52.45,53.25,6877,EQ,,,
2010-03-11,53.25,53.95,51.55,51.6,2471,EQ,,,
2010-03-12,52.45,52.65,51.8,52.4,5198,EQ,,,
2010-03-15,52.65,53.35,52.1,52.95,2312,EQ,,,
2010-03-16,55.55,60.3,53.0,56.45,223496,EQ,,,
2010-03-17,56.75,58.25,55.65,57.4,273026,EQ,,,
2010-03-18,57.9,58.35,56.2,56.5,22773,EQ,,,
2010-03-19,56.65,57.15,54.95,55.35,16659,EQ,,,
2010-03-22,53.6,56.65,53.6,54.7,24497,EQ,,,
2010-03-23,55.1,55.95,54.55,55.35,11894,EQ,,,
2010-03-25,56.25,56.25,54.75,55.35,5998,EQ,,,
2010-03-26,55.65,56.25,55.0,55.25,3999,EQ,,,
2010-03-29,55.35,55.35,54.35,54.65,10591,EQ,,,
2010-03-30,54.15,55.25,53.4,53.95,5526,EQ,,,
2010-03-31,54.15,55.15,53.4,53.55,3703,EQ,,,
2010-04-01,53.65,54.55,53.55,53.65,2472,EQ,,,
2010-04-05,54.25,56.0,53.65,55.35,9289,EQ,,,
2010-04-06,55.45,55.85,54.15,54.55,56217,EQ,,,
2010-04-07,55.0,55.0,54.0,54.4,3984,EQ,,,
2010-04-08,55.35,55.35,54.0,54.35,3755,EQ,,,
2010-04-09,53.75,55.0,53.65,54.5,1546,EQ,,,
2010-04-12,54.45,56.65,54.05,55.25,9656,EQ,,,
2010-04-13,55.55,55.55,53.75,54.05,4874,EQ,,,
2010-04-15,54.65,56.35,54.25,55.3,16187,EQ,,,
2010-04-16,55.95,55.95,54.15,54.4,1553,EQ,,,
2010-04-19,54.55,54.55,53.65,53.9,1437,EQ,,,
2010-04-20,53.6,54.65,53.35,53.45,3947,EQ,,,
2010-04-21,54.35,54.35,53.0,53.15,6407,EQ,,,
2010-04-22,55.35,55.35,53.2,53.35,25041,EQ,,,
2010-04-23,53.95,53.95,53.0,53.55,2706,EQ,,,
2010-04-26,54.0,54.35,53.35,53.7,4106,EQ,,,
2010-04-27,54.0,55.15,53.15,53.35,6446,EQ,,,
2010-04-28,52.15,53.35,52.15,52.8,3375,EQ,,,
2010-04-29,53.8,53.95,52.9,53.55,2752,EQ,,,
2010-04-30,54.6,54.65,53.35,54.25,4979,EQ,,,
2010-05-03,53.65,55.95,53.35,54.8,13364,EQ,,,
2010-05-04,55.35,55.75,53.65,53.9,5610,EQ,,,
2010-05-05,53.35,53.65,52.4,52.55,2562,EQ,,,
2010-05-06,53.15,55.0,52.0,54.3,8240,EQ,,,
2010-05-07,53.35,54.0,52.35,52.8,1521,EQ,,,
2010-05-10,54.65,54.65,53.05,53.75,3639,EQ,,,
2010-05-11,53.2,55.85,53.1,53.35,1703,EQ,,,
2010-05-12,53.1,55.35,53.0,54.75,11566,EQ,,,
2010-05-13,54.6,55.35,53.5,55.0,2895,EQ,,,
2010-05-14,54.35,55.25,54.0,55.0,8752,EQ,,,
2010-05-17,54.05,55.35,54.0,55.15,2118,EQ,,,
2010-05-18,54.15,55.35,53.8,54.05,676,EQ,,,
2010-05-19,53.55,54.55,52.8,52.95,2676,EQ,,,
2010-05-20,52.95,54.0,52.95,53.05,12075,EQ,,,
2010-05-21,51.35,54.65,51.35,54.15,6694,EQ,,,
2010-05-24,54.35,55.25,52.05,54.75,4591,EQ,,,
2010-05-25,55.15,55.15,53.0,53.85,9558,EQ,,,
2010-05-26,53.65,55.35,53.4,55.05,15332,EQ,,,
2010-05-27,54.15,54.95,54.05,54.55,51197,EQ,,,
2010-05-28,55.85,56.0,54.35,54.5,2027,EQ,,,
2010-05-31,54.35,55.2,53.6,53.8,2991,EQ,,,
2010-06-01,53.65,54.65,53.05,54.05,1944,EQ,,,
2010-06-02,54.65,55.25,53.65,55.0,3705,EQ,,,
2010-06-03,54.5,58.65,54.5,58.35,23972,EQ,,,
2010-06-04,56.55,58.35,56.35,57.65,4515,EQ,,,
2010-06-07,56.35,57.05,55.8,56.75,2923,EQ,,,
2010-06-08,55.65,57.95,55.65,57.4,4156,EQ,,,
2010-06-09,57.85,57.85,56.4,56.75,1635,EQ,,,
2010-06-10,56.75,57.65,56.2,57.45,2772,EQ,,,
2010-06-11,57.65,58.95,56.45,58.45,8990,EQ,,,
2010-06-14,58.0,63.2,58.0,60.5,55622,EQ,,,
2010-06-15,60.0,60.6,59.0,59.15,6998,EQ,,,
2010-06-16,58.8,60.25,58.8,59.35,5632,EQ,,,
2010-06-17,59.35,59.55,58.65,58.7,2306,EQ,,,
2010-06-18,58.65,59.35,58.65,58.65,1729,EQ,,,
2010-06-21,59.55,59.55,58.65,58.95,13168,EQ,,,
2010-06-22,58.45,59.35,58.45,58.65,2316,EQ,,,
2010-06-23,58.65,60.95,58.65,60.65,10245,EQ,,,
2010-06-24,60.0,60.95,59.65,59.85,2701,EQ,,,
2010-06-25,59.65,59.65,58.35,59.05,2004,EQ,,,
2010-06-28,59.75,59.75,58.65,59.1,2222,EQ,,,
2010-06-29,59.0,59.75,58.95,59.25,912,EQ,,,
2010-06-30,59.1,61.2,59.05,60.6,4238,EQ,,,
2010-07-01,60.35,60.8,59.85,60.0,3703,EQ,,,
2010-07-02,60.65,65.35,60.4,63.6,23492,EQ,,,
2010-07-05,64.0,70.95,62.65,67.7,170089,EQ,,,
2010-07-06,68.35,70.55,68.35,70.05,85323,EQ,,,
2010-07-07,70.35,75.65,69.35,75.25,189403,EQ,,,
2010-07-08,75.35,75.35,63.75,64.6,250314,EQ,,,
2010-07-09,64.65,66.85,64.15,64.65,119770,EQ,,,
2010-07-12,65.0,65.85,62.35,62.85,61700,EQ,,,
2010-07-13,62.65,63.35,61.4,61.95,59831,EQ,,,
2010-07-14,62.65,63.0,60.8,60.85,28578,EQ,,,
2010-07-15,61.35,61.65,58.75,60.0,27051,EQ,,,
2010-07-16,60.35,62.6,60.0,62.15,73559,EQ,,,
2010-07-19,61.55,63.25,61.55,62.65,33801,EQ,,,
2010-07-20,62.4,63.75,62.0,62.05,18362,EQ,,,
2010-07-21,62.6,62.6,61.65,61.95,11125,EQ,,,
2010-07-22,61.65,62.65,61.15,61.6,6616,EQ,,,
2010-07-23,61.75,63.45,61.35,61.55,25779,EQ,,,
2010-07-26,62.25,62.25,61.0,61.0,6834,EQ,,,
2010-07-27,61.75,61.9,60.8,60.95,4703,EQ,,,
2010-07-28,60.8,61.75,60.6,60.75,11880,EQ,,,
2010-07-29,61.0,62.4,60.4,61.05,14662,EQ,,,
2010-07-30,61.35,61.45,60.95,61.0,9783,EQ,,,
2010-08-02,61.35,61.35,58.8,59.0,24307,EQ,,,
2010-08-03,59.35,60.0,57.05,59.1,27856,EQ,,,
2010-08-04,59.75,61.2,59.35,59.75,37457,EQ,,,
2010-08-05,60.3,60.3,58.15,58.55,9730,EQ,,,
2010-08-06,58.55,59.05,57.55,58.35,9707,EQ,,,
2010-08-09,57.6,59.0,56.4,57.55,11583,EQ,,,
2010-08-10,58.15,58.15,55.95,57.25,19580,EQ,,,
2010-08-11,57.35,57.65,56.05,56.35,7148,EQ,,,
2010-08-12,56.0,57.25,56.0,56.7,11492,EQ,,,
2010-08-13,56.65,57.45,56.2,56.8,10927,EQ,,,
2010-08-16,56.25,68.15,56.25,65.3,464531,EQ,,,
2010-08-17,65.95,76.6,65.65,71.3,1583423,EQ,,,
2010-08-18,71.9,74.65,68.9,70.15,701743,EQ,,,
2010-08-19,70.55,71.1,66.75,68.8,324736,EQ,,,
2010-08-20,68.95,70.65,68.15,69.95,134230,EQ,,,
2010-08-23,70.75,72.65,70.0,71.1,129804,EQ,,,
2010-08-24,71.25,71.25,67.85,68.35,59882,EQ,,,
2010-08-25,68.45,71.0,67.35,69.1,113066,EQ,,,
2010-08-26,69.85,71.35,67.7,68.2,165274,EQ,,,
2010-08-27,68.6,70.4,67.85,68.35,42618,EQ,,,
2010-08-30,69.0,69.7,67.65,68.45,25553,EQ,,,
2010-08-31,68.65,68.65,66.85,68.35,62839,EQ,,,
2010-09-01,68.65,70.95,68.65,70.55,93257,EQ,,,
2010-09-02,70.35,72.65,69.85,71.55,96166,EQ,,,
2010-09-03,71.65,78.2,71.0,75.35,340862,EQ,,,
2010-09-06,76.65,79.75,76.0,77.85,212352,EQ,,,
2010-09-07,78.55,78.65,73.45,75.1,69485,EQ,,,
2010-09-08,73.85,77.35,73.85,75.65,157196,EQ,,,
2010-09-09,76.35,79.65,75.35,76.8,213145,EQ,,,
2010-09-13,77.55,77.8,75.35,77.15,73170,EQ,,,
2010-09-14,77.65,77.65,75.05,76.8,35510,EQ,,,
2010-09-15,77.05,78.55,76.0,76.5,43155,EQ,,,
2010-09-16,76.65,77.8,74.1,75.0,24200,EQ,,,
2010-09-17,75.75,77.65,75.35,76.55,98708,EQ,,,
2010-09-20,77.25,77.45,74.4,75.85,38339,EQ,,,
2010-09-21,75.95,77.15,73.45,74.25,26026,EQ,,,
2010-09-22,74.65,75.0,71.45,71.95,36035,EQ,,,
2010-09-23,72.8,72.8,70.15,71.05,29015,EQ,,,
2010-09-24,70.95,71.6,69.05,69.45,23238,EQ,,,
2010-09-27,70.0,74.25,70.0,71.25,139682,EQ,,,
2010-09-28,71.95,71.95,69.35,69.85,28420,EQ,,,
2010-09-29,70.35,71.95,70.0,71.15,46126,EQ,,,
2010-09-30,70.0,71.35,69.4,70.1,27272,EQ,,,
2010-10-01,71.2,72.0,70.05,70.35,61308,EQ,,,
2010-10-04,70.65,71.45,69.65,69.95,22466,EQ,,,
2010-10-05,69.6,70.8,68.65,68.85,138034,EQ,,,
2010-10-06,69.65,70.0,68.8,69.35,11927,EQ,,,
2010-10-07,69.75,70.95,69.0,69.6,41989,EQ,,,
2010-10-08,69.0,70.4,67.15,67.85,25540,EQ,,,
2010-10-11,68.35,69.2,67.65,68.1,9636,EQ,,,
2010-10-12,67.65,70.55,67.2,68.65,36214,EQ,,,
2010-10-13,69.15,70.35,68.6,69.15,20962,EQ,,,
2010-10-14,69.65,70.15,68.65,69.45,12234,EQ,,,
2010-10-15,69.05,69.6,67.45,67.95,10413,EQ,,,
2010-10-18,66.8,68.45,66.6,67.3,8618,EQ,,,
2010-10-19,67.15,69.55,66.65,67.9,19139,EQ,,,
2010-10-20,67.35,68.2,65.4,66.2,9442,EQ,,,
2010-10-21,68.0,68.0,65.85,66.6,18600,EQ,,,
2010-10-22,67.15,67.2,64.45,65.5,16795,EQ,,,
2010-10-25,65.45,71.25,65.4,70.25,71285,EQ,,,
2010-10-26,70.65,72.65,69.75,70.2,145303,EQ,,,
2010-10-27,70.35,71.15,67.45,68.25,56772,EQ,,,
2010-10-28,68.85,70.25,67.2,67.65,14552,EQ,,,
2010-10-29,68.15,68.8,66.05,67.65,23130,EQ,,,
2010-11-01,67.5,68.65,66.65,67.4,18076,EQ,,,
2010-11-02,68.0,68.55,67.0,67.75,6188,EQ,,,
2010-11-03,67.35,68.45,67.15,67.35,5648,EQ,,,
2010-11-04,68.2,68.2,67.05,67.5,5109,EQ,,,
2010-11-05,68.6,68.6,67.5,68.05,4368,EQ,,,
2010-11-08,68.05,70.65,66.0,69.3,19004,EQ,,,
2010-11-09,69.0,69.75,68.0,68.55,7593,EQ,,,
2010-11-10,68.6,70.35,67.85,68.85,16745,EQ,,,
2010-11-11,68.65,69.9,66.35,67.55,27376,EQ,,,
2010-11-12,69.85,69.85,65.95,66.45,16954,EQ,,,
2010-11-15,67.35,69.35,65.65,66.05,31935,EQ,,,
2010-11-16,66.65,67.2,64.0,64.95,16129,EQ,,,
2010-11-18,64.35,65.85,63.4,64.15,17829,EQ,,,
2010-11-19,64.05,64.75,61.35,62.05,8593,EQ,,,
2010-11-22,62.6,63.65,61.65,63.45,9642,EQ,,,
2010-11-23,62.65,63.05,61.65,62.7,9359,EQ,,,
2010-11-24,62.05,64.0,61.45,62.65,10538,EQ,,,
2010-11-25,63.65,65.95,62.0,63.05,5319,EQ,,,
2010-11-26,63.15,63.25,57.75,60.25,31970,EQ,,,
2010-11-29,60.35,60.55,58.2,60.0,18400,EQ,,,
2010-11-30,59.05,60.6,59.0,60.0,30337,EQ,,,
2010-12-01,60.8,62.2,60.15,60.6,12675,EQ,,,
2010-12-02,62.55,62.55,60.2,60.65,5108,EQ,,,
2010-12-03,59.35,61.6,56.0,57.85,6549,EQ,,,
2010-12-06,57.85,60.0,57.65,58.6,29302,EQ,,,
2010-12-07,58.65,59.6,57.75,59.15,7547,EQ,,,
2010-12-08,59.45,59.95,58.2,58.3,4821,EQ,,,
2010-12-09,58.35,59.0,57.5,58.35,19956,EQ,,,
2010-12-10,58.15,59.35,58.15,58.4,5216,EQ,,,
2010-12-13,58.85,59.85,58.35,58.65,37791,EQ,,,
2010-12-14,59.35,59.75,58.6,59.15,49768,EQ,,,
2010-12-15,59.35,59.35,58.35,58.5,5419,EQ,,,
2010-12-16,58.85,59.35,58.35,58.95,3456,EQ,,,
2010-12-20,58.35,59.85,58.35,58.6,10045,EQ,,,
2010-12-21,58.15,59.35,58.0,58.65,6305,EQ,,,
2010-12-22,58.15,59.4,58.15,58.45,2736,EQ,,,
2010-12-23,58.65,59.2,58.15,58.75,2169,EQ,,,
2010-12-24,58.2,59.15,58.2,58.7,2538,EQ,,,
2010-12-27,59.85,59.85,58.55,58.6,1656,EQ,,,
2010-12-28,58.95,65.35,58.65,61.25,260090,EQ,,,
2010-12-29,61.65,62.55,60.0,62.0,36989,EQ,,,
2010-12-30,62.35,64.6,61.65,62.35,281687,EQ,,,
2010-12-31,62.65,64.6,61.4,64.25,89054,EQ,,,
2011-01-03,64.35,64.65,63.0,63.15,11169,EQ,,,
2011-01-04,62.05,63.95,61.65,62.55,6341,EQ,,,
2011-01-05,62.0,63.25,61.55,61.7,5371,EQ,,,
2011-01-06,62.15,62.55,59.45,60.15,3651,EQ,,,
2011-01-07,61.65,62.35,58.65,58.85,5450,EQ,,,
2011-01-10,58.4,59.85,58.25,58.65,8038,EQ,,,
2011-01-11,58.05,60.6,58.05,59.1,4122,EQ,,,
2011-01-12,58.55,59.65,58.05,58.85,6044,EQ,,,
2011-01-13,58.25,64.15,58.25,58.55,8920,EQ,,,
2011-01-14,57.95,59.35,57.95,58.6,2593,EQ,,,
2011-01-17,58.05,60.0,58.05,58.7,7454,EQ,,,
2011-01-18,59.6,60.35,58.45,59.8,10715,EQ,,,
2011-01-19,59.15,61.65,59.15,59.85,7852,EQ,,,
2011-01-20,59.95,59.95,58.65,59.0,2643,EQ,,,
2011-01-21,59.0,59.75,59.0,59.2,2151,EQ,,,
2011-01-24,58.9,60.0,58.9,59.65,2177,EQ,,,
2011-01-25,60.0,61.95,60.0,60.3,18003,EQ,,,
2011-01-27,60.0,60.6,57.45,57.9,11017,EQ,,,
2011-01-28,57.0,58.65,54.55,56.5,23407,EQ,,,
2011-01-31,56.35,57.0,55.0,56.35,5845,EQ,,,
2011-02-01,55.85,57.55,55.35,55.9,6249,EQ,,,
2011-02-02,56.0,56.35,55.0,55.25,5455,EQ,,,
2011-02-03,55.05,56.35,55.05,55.95,1972,EQ,,,
2011-02-04,55.55,56.35,55.0,55.15,1835,EQ,,,
2011-02-07,55.15,56.3,54.95,55.3,2906,EQ,,,
2011-02-08,55.05,55.35,53.65,53.95,5003,EQ,,,
2011-02-09,53.35,53.65,50.15,51.2,4324,EQ,,,
2011-02-10,50.65,51.9,50.15,51.45,2995,EQ,,,
2011-02-11,51.35,55.0,50.55,52.85,11589,EQ,,,
2011-02-14,55.0,56.45,53.0,55.75,7104,EQ,,,
2011-02-15,55.6,56.4,54.25,54.65,4939,EQ,,,
2011-02-16,54.65,55.85,54.35,54.95,101275,EQ,,,
2011-02-17,54.65,56.35,54.65,55.55,37278,EQ,,,
2011-02-18,54.95,56.35,54.35,55.05,27281,EQ,,,
2011-02-21,54.0,56.0,54.0,55.45,897,EQ,,,
2011-02-22,54.45,56.65,54.45,56.15,3190,EQ,,,
2011-02-23,55.65,56.15,55.35,55.35,1741,EQ,,,
2011-02-24,54.75,55.55,53.6,54.25,2719,EQ,,,
2011-02-25,53.75,56.55,53.75,55.9,7548,EQ,,,
2011-02-28,61.25,61.25,54.75,55.25,24264,EQ,,,
2011-03-01,54.65,57.2,54.45,56.45,3848,EQ,,,
2011-03-03,55.1,56.05,55.1,55.3,1815,EQ,,,
2011-03-04,55.35,56.0,53.45,54.15,3129,EQ,,,
2011-03-07,53.6,60.65,53.6,57.45,152006,EQ,,,
2011-03-08,56.8,60.6,56.0,59.8,134637,EQ,,,
2011-03-09,60.35,64.15,60.15,60.75,111764,EQ,,,
2011-03-10,60.55,62.35,56.65,59.45,22597,EQ,,,
2011-03-11,58.75,61.85,57.4,60.75,32067,EQ,,,
2011-03-14,59.15,61.4,58.9,60.1,9406,EQ,,,
2011-03-15,57.35,61.25,57.35,58.7,31679,EQ,,,
2011-03-16,58.7,60.6,57.4,58.95,13024,EQ,,,
2011-03-17,59.05,59.85,58.15,58.55,4593,EQ,,,
2011-03-18,59.55,59.55,58.35,58.75,8055,EQ,,,
2011-03-21,58.35,59.85,58.35,58.85,5372,EQ,,,
2011-03-22,58.25,59.35,58.25,59.05,4768,EQ,,,
2011-03-23,58.45,63.25,58.4,61.05,12454,EQ,,,
2011-03-24,60.35,62.35,60.0,61.15,14430,EQ,,,
2011-03-25,61.6,62.95,61.0,62.2,12739,EQ,,,
2011-03-28,61.45,63.2,61.05,62.8,8518,EQ,,,
2011-03-29,62.65,64.15,62.15,62.85,12568,EQ,,,
2011-03-30,62.55,65.25,62.55,64.7,36191,EQ,,,
2011-03-31,65.0,66.0,63.75,65.5,34873,EQ,,,
2011-04-01,65.85,65.85,64.15,64.95,5957,EQ,,,
2011-04-04,64.65,66.0,64.45,65.25,4203,EQ,,,
2011-04-05,64.55,65.65,64.05,64.45,3603,EQ,,,
2011-04-06,65.2,65.35,64.15,64.35,2821,EQ,,,
2011-04-07,65.0,65.0,63.0,63.65,3629,EQ,,,
2011-04-08,64.0,64.35,63.35,63.5,5890,EQ,,,
2011-04-11,63.65,63.85,62.7,63.15,26401,EQ,,,
2011-04-13,63.35,64.65,62.55,63.6,8737,EQ,,,
2011-04-15,63.05,64.15,62.65,63.15,3800,EQ,,,
2011-04-18,62.35,63.65,62.35,62.65,2731,EQ,,,
2011-04-19,64.4,65.0,62.35,62.65,1794,EQ,,,
2011-04-20,62.65,67.65,62.4,67.05,81065,EQ,,,
2011-04-21,68.35,68.35,64.85,65.45,13266,EQ,,,
2011-04-25,65.5,66.0,63.65,64.1,5437,EQ,,,
2011-04-26,64.45,64.6,63.45,64.05,2639,EQ,,,
2011-04-27,64.2,66.25,63.75,64.25,5082,EQ,,,
2011-04-28,63.65,65.95,63.65,65.2,4896,EQ,,,
2011-04-29,65.8,68.65,64.8,66.75,78469,EQ,,,
2011-05-02,67.2,67.4,65.2,65.45,7120,EQ,,,
2011-05-03,65.05,65.65,64.35,64.8,2843,EQ,,,
2011-05-04,65.15,65.15,64.0,64.55,1771,EQ,,,
2011-05-05,64.15,65.0,64.15,64.65,4108,EQ,,,
2011-05-06,64.65,65.5,63.5,63.85,4631,EQ,,,
2011-05-09,64.6,64.75,63.25,63.8,4504,EQ,,,
2011-05-10,63.0,66.65,63.0,64.95,24300,EQ,,,
2011-05-11,65.65,66.6,65.0,66.35,33824,EQ,,,
2011-05-12,66.6,68.25,65.85,66.7,13819,EQ,,,
2011-05-13,67.05,67.35,65.5,66.55,4257,EQ,,,
2011-05-16,65.95,67.0,65.75,66.45,2608,EQ,,,
2011-05-17,65.05,66.95,65.05,66.35,2813,EQ,,,
2011-05-18,66.15,67.0,65.65,66.65,5815,EQ,,,
2011-05-19,67.0,69.0,66.65,68.1,18963,EQ,,,
2011-05-20,68.0,68.65,66.65,67.65,3406,EQ,,,
2011-05-23,67.6,67.6,66.35,66.75,2414,EQ,,,
2011-05-24,66.65,67.0,66.25,66.45,6527,EQ,,,
2011-05-25,66.65,70.8,66.05,67.45,50153,EQ,,,
2011-05-26,67.65,68.0,66.05,66.65,4156,EQ,,,
2011-05-27,67.35,68.0,66.15,67.5,5162,EQ,,,
2011-05-30,67.35,69.0,66.8,68.45,4638,EQ,,,
2011-05-31,68.4,69.0,67.55,68.1,2020,EQ,,,
2011-06-01,67.45,68.65,67.45,68.05,2372,EQ,,,
2011-06-02,67.35,70.45,67.35,69.55,12732,EQ,,,
2011-06-03,69.6,71.95,68.15,69.85,17882,EQ,,,
2011-06-06,69.0,71.2,68.4,69.05,1347,EQ,,,
2011-06-07,68.45,71.0,68.45,68.95,12685,EQ,,,
2011-06-08,68.65,69.65,68.35,68.75,4028,EQ,,,
2011-06-09,68.4,72.3,68.4,70.75,17231,EQ,,,
2011-06-10,69.05,77.15,69.05,73.85,180264,EQ,,,
2011-06-13,73.35,75.0,71.0,72.2,21109,EQ,,,
2011-06-14,69.75,72.65,69.75,71.65,9566,EQ,,,
2011-06-15,71.45,75.85,70.05,72.35,46441,EQ,,,
2011-06-16,72.0,73.0,70.8,71.45,7681,EQ,,,
2011-06-17,70.05,74.65,68.7,70.85,11965,EQ,,,
2011-06-20,71.65,72.3,68.4,69.6,7939,EQ,,,
2011-06-21,70.0,72.25,66.35,68.15,25249,EQ,,,
2011-06-22,70.55,70.55,69.15,69.9,7381,EQ,,,
2011-06-23,69.45,71.25,69.35,70.45,60034,EQ,,,
2011-06-24,70.65,72.6,70.15,71.05,6498,EQ,,,
2011-06-27,69.05,73.0,69.05,72.35,9508,EQ,,,
2011-06-28,73.25,76.6,72.15,75.15,56582,EQ,,,
2011-06-29,75.0,77.85,74.8,77.3,28652,EQ,,,
2011-06-30,78.0,79.15,75.1,76.35,19943,EQ,,,
2011-07-01,76.45,78.6,73.4,77.15,19441,EQ,,,
2011-07-04,77.2,82.25,77.15,81.55,112903,EQ,,,
2011-07-05,81.95,85.25,81.65,82.55,94621,EQ,,,
2011-07-06,82.65,83.65,80.1,81.05,31861,EQ,,,
2011-07-07,81.65,83.35,80.75,81.25,40818,EQ,,,
2011-07-08,81.45,82.05,79.65,80.1,15985,EQ,,,
2011-07-11,80.95,81.0,78.65,79.35,14556,EQ,,,
2011-07-12,77.35,81.45,77.35,80.6,11456,EQ,,,
2011-07-13,81.2,81.2,79.0,79.65,8094,EQ,,,
2011-07-14,79.6,80.55,77.75,79.35,7126,EQ,,,
2011-07-15,80.0,82.6,79.5,80.75,25676,EQ,,,
2011-07-18,81.05,83.05,79.75,82.5,18562,EQ,,,
2011-07-19,80.05,83.25,77.25,81.0,11436,EQ,,,
2011-07-20,82.0,82.55,79.65,80.95,7512,EQ,,,
2011-07-21,81.25,84.05,81.25,82.25,32218,EQ,,,
2011-07-22,83.15,84.35,81.4,82.45,60530,EQ,,,
2011-07-25,84.05,85.35,79.65,80.25,61812,EQ,,,
2011-07-26,81.35,81.6,79.35,80.1,13227,EQ,,,
2011-07-27,79.35,82.2,79.3,80.1,82524,EQ,,,
2011-07-28,79.2,80.55,79.0,79.95,24863,EQ,,,
2011-07-29,81.15,81.2,80.0,80.75,11541,EQ,,,
2011-08-01,80.0,82.0,80.0,81.05,27072,EQ,,,
2011-08-02,80.8,81.35,80.0,80.15,12885,EQ,,,
2011-08-03,79.4,82.0,79.0,80.35,102594,EQ,,,
2011-08-04,80.8,81.65,79.35,80.1,12812,EQ,,,
2011-08-05,79.4,79.4,77.4,77.85,27714,EQ,,,
2011-08-08,76.75,79.3,75.0,76.35,6103,EQ,,,
2011-08-09,73.4,76.55,73.4,75.05,10369,EQ,,,
2011-08-10,76.35,78.35,76.0,77.7,42139,EQ,,,
2011-08-11,75.4,80.6,75.4,80.0,12164,EQ,,,
2011-08-12,80.65,81.1,79.35,80.25,7505,EQ,,,
2011-08-16,79.35,81.35,79.0,79.8,5599,EQ,,,
2011-08-17,80.35,81.4,78.7,80.6,8544,EQ,,,
2011-08-18,79.0,80.0,76.65,79.15,4058,EQ,,,
2011-08-19,78.0,78.0,75.65,77.5,5932,EQ,,,
2011-08-22,78.0,78.0,75.25,76.75,2447,EQ,,,
2011-08-23,78.0,78.0,74.95,76.25,3506,EQ,,,
2011-08-24,76.55,77.7,73.65,73.95,5909,EQ,,,
2011-08-25,74.0,74.6,72.8,73.25,2686,EQ,,,
2011-08-26,73.05,73.6,70.0,70.7,4545,EQ,,,
2011-08-29,70.35,74.0,70.35,73.05,10756,EQ,,,
2011-08-30,73.7,75.95,72.75,74.3,7961,EQ,,,
2011-09-02,74.55,76.25,72.65,73.05,53566,EQ,,,
2011-09-05,74.0,74.65,73.45,74.25,1778,EQ,,,
2011-09-06,72.25,75.65,72.25,74.8,2400,EQ,,,
2011-09-07,74.65,78.4,74.65,77.75,10507,EQ,,,
2011-09-08,76.65,79.35,75.7,76.8,17338,EQ,,,
2011-09-09,76.8,76.95,75.15,75.6,1030,EQ,,,
2011-09-12,73.6,75.2,72.85,74.65,4975,EQ,,,
2011-09-13,73.65,75.45,72.7,73.85,2253,EQ,,,
2011-09-14,73.05,75.45,72.25,72.9,8120,EQ,,,
2011-09-15,73.35,75.2,73.0,73.95,27041,EQ,,,
2011-09-16,74.65,75.0,73.35,74.0,2044,EQ,,,
2011-09-19,74.65,74.65,71.65,72.45,2270,EQ,,,
2011-09-20,73.35,74.15,72.4,73.05,10427,EQ,,,
2011-09-21,70.55,75.35,70.55,73.95,13030,EQ,,,
2011-09-22,72.0,76.15,71.65,72.35,23114,EQ,,,
2011-09-23,72.35,74.95,71.7,72.55,63569,EQ,,,
2011-09-26,72.65,73.0,70.05,70.65,32182,EQ,,,
2011-09-27,72.0,73.0,71.35,72.0,67345,EQ,,,
2011-09-28,72.25,74.0,71.65,73.05,11663,EQ,,,
2011-09-29,72.55,76.05,71.9,73.85,17380,EQ,,,
2011-09-30,74.0,74.0,72.4,73.3,16123,EQ,,,
2011-10-03,72.8,73.35,72.0,72.65,3410,EQ,,,
2011-10-04,72.95,73.35,71.95,72.65,7931,EQ,,,
2011-10-05,76.0,76.0,70.35,70.75,9135,EQ,,,
2011-10-07,72.0,72.6,70.85,71.15,2114,EQ,,,
2011-10-10,73.0,73.85,69.8,70.9,5915,EQ,,,
2011-10-11,72.65,72.65,70.8,72.05,6441,EQ,,,
2011-10-12,72.05,72.35,70.65,71.45,3058,EQ,,,
2011-10-13,72.0,72.15,70.95,71.25,1145,EQ,,,
2011-10-14,71.35,71.75,70.75,71.05,1095,EQ,,,
2011-10-17,71.25,72.65,70.85,71.15,6031,EQ,,,
2011-10-18,70.45,71.0,68.55,68.95,10285,EQ,,,
2011-10-19,69.95,70.0,68.8,69.25,8190,EQ,,,
2011-10-20,69.0,69.9,68.05,69.35,2687,EQ,,,
2011-10-21,68.4,70.0,68.4,69.0,5771,EQ,,,
2011-10-24,67.6,69.65,66.75,68.9,12201,EQ,,,
2011-10-25,68.7,69.35,67.9,68.95,10560,EQ,,,
2011-10-26,69.0,72.65,69.0,71.3,4338,EQ,,,
2011-10-28,72.25,74.05,70.35,73.7,9483,EQ,,,
2011-10-31,73.45,74.65,72.0,72.55,6254,EQ,,,
2011-11-01,72.0,73.0,69.35,71.25,3664,EQ,,,
2011-11-02,70.35,72.45,70.15,71.05,4284,EQ,,,
2011-11-03,69.25,70.35,60.05,68.85,19003,EQ,,,
2011-11-04,68.85,70.05,68.65,69.75,8451,EQ,,,
2011-11-08,69.75,70.0,68.65,69.2,3271,EQ,,,
2011-11-09,69.0,69.35,68.05,68.35,3153,EQ,,,
2011-11-11,69.2,69.2,66.35,66.6,13802,EQ,,,
2011-11-14,67.95,67.95,66.05,66.45,6942,EQ,,,
2011-11-15,66.2,66.95,66.2,66.65,3756,EQ,,,
2011-11-16,65.75,69.65,65.75,68.85,11977,EQ,,,
2011-11-17,68.85,71.05,67.0,69.0,17643,EQ,,,
2011-11-18,70.55,71.0,67.65,68.6,35079,EQ,,,
2011-11-21,67.05,69.15,66.25,66.65,7016,EQ,,,
2011-11-22,66.15,67.95,65.4,67.15,6702,EQ,,,
2011-11-23,67.95,67.95,63.95,64.25,7358,EQ,,,
2011-11-24,65.0,66.35,61.5,64.95,38428,EQ,,,
2011-11-25,74.35,76.0,68.0,70.55,149072,EQ,,,
2011-11-28,70.2,70.2,67.4,68.45,27041,EQ,,,
2011-11-29,68.0,68.0,63.85,65.75,29991,EQ,,,
2011-11-30,64.35,67.6,63.35,66.65,25139,EQ,,,
2011-12-01,67.65,68.35,66.0,66.25,13132,EQ,,,
2011-12-02,66.1,67.2,65.4,66.35,7440,EQ,,,
2011-12-05,65.0,65.55,63.6,64.15,20714,EQ,,,
2011-12-07,64.0,65.15,63.2,63.75,18277,EQ,,,
2011-12-08,63.35,64.0,62.05,62.75,8387,EQ,,,
2011-12-09,61.8,62.35,61.25,61.6,3862,EQ,,,
2011-12-12,62.65,65.35,61.35,62.15,4903,EQ,,,
2011-12-13,63.0,63.0,60.35,60.55,2580,EQ,,,
2011-12-14,60.55,61.8,59.4,59.95,3973,EQ,,,
2011-12-15,59.35,60.0,58.15,59.1,5452,EQ,,,
2011-12-16,60.0,60.0,56.95,57.6,2597,EQ,,,
2011-12-19,57.8,57.8,54.75,55.6,4305,EQ,,,
2011-12-20,55.4,57.5,53.45,55.7,10519,EQ,,,
2011-12-21,56.05,59.0,55.2,58.15,8343,EQ,,,
2011-12-22,58.0,58.35,56.9,57.95,4141,EQ,,,
2011-12-23,57.35,59.0,56.35,56.8,2418,EQ,,,
2011-12-26,57.65,59.2,56.4,58.75,4001,EQ,,,
2011-12-27,57.85,58.65,56.35,57.45,6623,EQ,,,
2011-12-28,58.6,58.6,55.15,55.9,3448,EQ,,,
2011-12-29,55.65,57.65,54.9,55.95,3764,EQ,,,
2011-12-30,56.55,57.35,55.45,56.7,26482,EQ,,,
2012-01-02,56.0,56.65,55.75,56.05,858,EQ,,,
2012-01-03,57.25,57.65,56.35,56.75,2226,EQ,,,
2012-01-04,56.35,57.45,55.35,55.95,1579,EQ,,,
2012-01-05,55.95,56.55,55.1,55.45,3180,EQ,,,
2012-01-06,56.45,56.6,53.45,54.05,64379,EQ,,,
2012-01-07,55.95,56.4,54.2,56.2,15659,EQ,,,
2012-01-09,56.6,56.6,54.45,55.45,12562,EQ,,,
2012-01-10,55.6,56.95,55.2,55.55,9709,EQ,,,
2012-01-11,56.8,59.4,56.2,56.6,47942,EQ,,,
2012-01-12,55.8,56.9,53.75,55.65,5864,EQ,,,
2012-01-13,55.2,57.35,55.2,55.85,5287,EQ,,,
2012-01-16,56.0,56.55,54.45,55.35,5531,EQ,,,
2012-01-17,55.85,57.0,55.65,56.65,6115,EQ,,,
2012-01-18,56.65,57.85,55.4,55.9,4793,EQ,,,
2012-01-19,56.65,57.75,55.55,56.7,25108,EQ,,,
2012-01-20,57.2,57.65,55.65,55.95,6744,EQ,,,
2012-01-23,56.0,57.35,55.4,56.95,9934,EQ,,,
2012-01-24,56.15,60.2,56.15,59.35,26364,EQ,,,
2012-01-25,60.0,61.35,58.8,60.05,13723,EQ,,,
2012-01-27,58.35,60.75,58.05,58.85,5488,EQ,,,
2012-01-30,58.95,59.2,56.85,57.6,126831,EQ,,,
2012-01-31,58.05,58.7,57.6,58.4,3275,EQ,,,
2012-02-01,58.75,58.75,57.25,57.65,53761,EQ,,,
2012-02-02,58.65,64.75,58.25,61.85,62459,EQ,,,
2012-02-03,62.35,64.4,61.75,62.8,35267,EQ,,,
2012-02-06,62.95,63.8,61.0,61.95,19769,EQ,,,
2012-02-07,62.65,63.35,58.5,61.25,72977,EQ,,,
2012-02-08,62.65,62.65,58.75,59.35,16997,EQ,,,
2012-02-09,59.35,61.05,58.65,60.35,41350,EQ,,,
2012-02-10,61.15,62.0,60.2,61.15,15357,EQ,,,
2012-02-13,61.4,62.35,60.85,61.25,6637,EQ,,,
2012-02-14,60.6,64.0,60.25,62.7,9622,EQ,,,
2012-02-15,62.7,65.25,62.35,63.35,11736,EQ,,,
2012-02-16,62.8,64.0,60.6,61.0,44062,EQ,,,
2012-02-17,62.0,62.65,61.45,62.0,9852,EQ,,,
2012-02-21,62.35,62.85,62.0,62.7,8446,EQ,,,
2012-02-22,62.7,62.8,60.5,60.85,22390,EQ,,,
2012-02-23,61.95,62.2,60.35,61.0,4975,EQ,,,
2012-02-24,60.85,61.3,59.4,59.8,4792,EQ,,,
2012-02-27,59.05,59.85,58.35,58.9,6255,EQ,,,
2012-02-28,59.35,61.2,59.05,60.75,2764,EQ,,,
2012-02-29,60.15,63.85,60.15,63.15,35949,EQ,,,
2012-03-01,61.75,63.25,61.75,63.0,5502,EQ,,,
2012-03-02,62.8,64.0,61.35,62.05,3719,EQ,,,
2012-03-03,62.0,62.35,62.0,62.05,89,EQ,,,
2012-03-05,61.65,61.85,60.65,60.95,1707,EQ,,,
2012-03-06,61.15,62.25,59.65,60.55,3949,EQ,,,
2012-03-07,61.25,61.25,58.55,60.25,54234,EQ,,,
2012-03-09,59.1,62.6,59.1,60.65,1433,EQ,,,
2012-03-12,61.55,61.65,60.15,60.45,51555,EQ,,,
2012-03-13,61.35,62.65,60.8,61.55,11082,EQ,,,
2012-03-14,61.45,64.35,61.2,62.25,14656,EQ,,,
2012-03-15,63.2,64.35,61.2,61.75,9815,EQ,,,
2012-03-16,62.25,64.6,61.55,63.45,20984,EQ,,,
2012-03-19,62.25,64.35,61.65,62.25,5828,EQ,,,
2012-03-20,61.75,63.2,61.35,62.4,8915,EQ,,,
2012-03-21,62.85,63.2,62.3,62.65,2052,EQ,,,
2012-03-22,62.75,63.15,61.55,61.85,2736,EQ,,,
2012-03-23,62.35,62.6,60.95,61.45,5457,EQ,,,
2012-03-26,60.15,62.15,60.15,61.1,8812,EQ,,,
2012-03-27,61.2,63.25,61.0,62.75,9745,EQ,,,
2012-03-28,62.15,62.95,61.05,61.95,134318,EQ,,,
2012-03-29,61.05,62.8,61.05,61.65,132012,EQ,,,
2012-03-30,61.85,64.0,61.8,63.45,23111,EQ,,,
2012-04-02,63.85,63.85,62.8,63.1,2165,EQ,,,
2012-04-03,63.95,64.0,62.15,62.6,3437,EQ,,,
2012-04-04,61.95,62.65,61.05,61.05,104829,EQ,,,
2012-04-09,61.65,62.25,61.0,61.15,2265,EQ,,,
2012-04-10,60.8,61.45,60.35,60.7,76258,EQ,,,
2012-04-11,60.6,61.35,60.45,60.75,1643,EQ,,,
2012-04-12,61.0,61.6,60.85,61.05,114110,EQ,,,
2012-04-13,61.15,62.0,60.25,60.65,3403,EQ,,,
2012-04-16,61.2,61.2,60.25,60.65,814,EQ,,,
2012-04-17,60.05,61.35,60.05,60.95,101665,EQ,,,
2012-04-18,61.8,61.8,60.1,60.3,3519,EQ,,,
2012-04-19,60.65,62.95,60.45,61.05,109700,EQ,,,
2012-04-20,60.65,61.55,60.2,60.45,3385,EQ,,,
2012-04-23,61.0,61.3,58.75,59.25,5002,EQ,,,
2012-04-24,58.0,59.85,58.0,58.2,3740,EQ,,,
2012-04-25,59.15,59.15,57.65,58.15,2250,EQ,,,
2012-04-26,58.65,59.65,57.6,58.7,2103,EQ,,,
2012-04-27,58.45,61.65,58.45,61.4,147782,EQ,,,
2012-04-28,61.65,61.95,60.2,60.4,327,EQ,,,
2012-04-30,60.15,61.45,60.15,61.25,6209,EQ,,,
2012-05-02,60.95,61.35,60.25,60.5,30986,EQ,,,
2012-05-03,61.2,61.2,59.8,60.05,27433,EQ,,,
2012-05-04,61.85,61.85,58.8,59.15,3001,EQ,,,
2012-05-07,59.35,60.35,57.55,58.9,1996,EQ,,,
2012-05-08,60.05,61.0,58.85,60.15,5976,EQ,,,
2012-05-09,59.55,60.65,58.65,59.85,32091,EQ,,,
2012-05-10,59.55,61.25,59.35,60.9,4459,EQ,,,
2012-05-11,62.5,62.5,58.4,58.65,2717,EQ,,,
2012-05-14,58.25,61.0,58.25,60.45,7178,EQ,,,
2012-05-15,59.55,60.35,59.4,60.05,4863,EQ,,,
2012-05-16,59.55,61.0,59.2,59.55,5636,EQ,,,
2012-05-17,59.45,61.4,58.85,60.65,4607,EQ,,,
2012-05-18,59.6,60.05,59.45,59.75,1217,EQ,,,
2012-05-21,59.0,60.0,58.15,59.6,1244,EQ,,,
2012-05-22,59.95,61.05,59.65,60.85,44652,EQ,,,
2012-05-23,59.95,61.25,59.95,60.75,41625,EQ,,,
2012-05-24,60.45,61.25,60.0,60.6,1374,EQ,,,
2012-05-25,60.65,61.45,60.2,60.65,894,EQ,,,
2012-05-28,60.8,61.65,60.35,60.6,1023,EQ,,,
2012-05-29,62.0,63.0,60.4,60.95,8099,EQ,,,
2012-05-30,60.35,62.0,60.35,61.5,2677,EQ,,,
2012-05-31,60.45,63.25,60.35,61.25,5168,EQ,,,
2012-06-01,61.15,62.95,60.35,60.8,4788,EQ,,,
2012-06-04,61.45,61.45,59.35,60.1,1773,EQ,,,
2012-06-05,60.2,60.65,58.35,58.75,2067,EQ,,,
2012-06-06,59.35,60.0,58.35,59.45,7482,EQ,,,
2012-06-07,60.15,60.25,59.4,59.6,1776,EQ,,,
2012-06-08,59.75,60.35,58.75,59.45,2673,EQ,,,
2012-06-11,59.8,60.6,59.8,59.95,3129,EQ,,,
2012-06-12,59.4,60.95,59.4,60.7,1546,EQ,,,
2012-06-13,60.4,61.35,60.2,60.9,1324,EQ,,,
2012-06-14,60.35,61.45,60.35,61.2,1576,EQ,,,
2012-06-15,61.15,61.75,60.35,61.5,2403,EQ,,,
2012-06-18,61.4,62.25,61.0,61.3,2040,EQ,,,
2012-06-19,60.8,61.15,60.5,60.7,10670,EQ,,,
2012-06-20,61.05,62.2,60.65,61.35,3385,EQ,,,
2012-06-21,61.95,63.05,61.05,62.75,5290,EQ,,,
2012-06-22,62.35,64.2,61.65,63.65,6082,EQ,,,
2012-06-25,63.85,64.65,61.4,62.3,3389,EQ,,,
2012-06-26,62.05,62.65,61.45,62.05,2837,EQ,,,
2012-06-27,61.8,62.65,61.55,61.75,889,EQ,,,
2012-06-28,61.4,62.4,60.65,61.55,2044,EQ,,,
2012-06-29,62.6,67.45,61.65,65.4,32913,EQ,,,
2012-07-02,64.4,66.05,64.35,64.75,7199,EQ,,,
2012-07-03,64.65,65.35,62.9,63.4,3317,EQ,,,
2012-07-04,64.0,64.6,63.55,63.85,2165,EQ,,,
2012-07-05,66.35,71.0,65.0,68.55,138189,EQ,,,
2012-07-06,68.75,72.35,66.35,70.55,81479,EQ,,,
2012-07-09,70.35,70.65,67.2,67.65,13131,EQ,,,
2012-07-10,67.55,69.35,66.0,68.05,16725,EQ,,,
2012-07-11,67.4,69.45,66.75,67.85,12396,EQ,,,
2012-07-12,67.8,68.75,66.55,67.4,8169,EQ,,,
2012-07-13,67.0,68.35,66.65,67.1,2359,EQ,,,
2012-07-16,67.35,68.65,67.0,68.35,7669,EQ,,,
2012-07-17,69.8,71.65,66.85,67.6,5182,EQ,,,
2012-07-18,67.65,70.85,67.65,70.25,17458,EQ,,,
2012-07-19,71.6,71.6,69.85,70.05,8907,EQ,,,
2012-07-20,70.65,72.35,70.35,72.05,13781,EQ,,,
2012-07-23,71.15,71.65,69.6,70.25,10940,EQ,,,
2012-07-24,70.4,71.75,69.35,69.75,13453,EQ,,,
2012-07-25,69.6,71.25,68.2,68.5,4112,EQ,,,
2012-07-26,69.2,69.75,66.75,67.15,4326,EQ,,,
2012-07-27,67.65,69.55,65.45,65.95,11130,EQ,,,
2012-07-30,67.6,67.65,66.45,67.45,13466,EQ,,,
2012-07-31,67.45,69.75,67.45,68.65,7378,EQ,,,
2012-08-01,68.35,69.5,68.35,69.35,4119,EQ,,,
2012-08-02,69.35,69.65,67.85,68.2,2263,EQ,,,
2012-08-03,68.25,68.95,67.0,68.65,3308,EQ,,,
2012-08-06,69.95,69.95,68.35,68.55,2286,EQ,,,
2012-08-07,69.35,69.35,68.55,68.75,1368,EQ,,,
2012-08-08,69.15,69.35,68.65,68.65,1407,EQ,,,
2012-08-09,68.35,71.15,68.25,70.05,14616,EQ,,,
2012-08-10,70.35,72.0,69.35,70.85,5150,EQ,,,
2012-08-13,71.0,72.55,69.45,70.65,6345,EQ,,,
2012-08-14,70.6,71.15,69.65,69.95,1919,EQ,,,
2012-08-16,69.6,70.95,69.6,70.55,2505,EQ,,,
2012-08-17,71.0,72.3,70.75,71.05,6143,EQ,,,
2012-08-21,72.35,73.35,71.75,72.2,6765,EQ,,,
2012-08-22,71.5,73.35,71.25,72.05,3150,EQ,,,
2012-08-23,71.35,73.05,70.35,70.65,28511,EQ,,,
2012-08-24,70.35,70.85,70.0,70.25,1475,EQ,,,
2012-08-27,69.25,71.0,68.6,69.25,2896,EQ,,,
2012-08-28,70.25,70.35,69.45,70.0,2530,EQ,,,
2012-08-29,69.35,71.0,68.35,68.65,6277,EQ,,,
2012-08-30,68.05,69.65,68.05,69.35,1507,EQ,,,
2012-08-31,68.15,71.0,66.75,70.15,4620,EQ,,,
2012-09-03,70.35,70.55,69.0,69.25,3244,EQ,,,
2012-09-04,69.15,70.0,68.7,69.3,1004,EQ,,,
2012-09-05,69.7,69.7,68.35,68.65,507,EQ,,,
2012-09-06,68.35,70.0,68.2,68.6,1705,EQ,,,
2012-09-07,69.65,70.3,68.2,69.0,2659,EQ,,,
2012-09-08,69.0,69.85,69.0,69.2,152,EQ,,,
2012-09-10,72.0,72.0,69.0,70.2,2648,EQ,,,
2012-09-11,70.35,71.05,70.0,70.0,16870,EQ,,,
2012-09-12,69.95,71.0,69.35,69.85,2936,EQ,,,
2012-09-13,69.8,71.15,69.8,70.2,2850,EQ,,,
2012-09-14,70.65,74.35,69.9,72.35,14535,EQ,,,
2012-09-17,75.0,82.95,75.0,75.7,104465,EQ,,,
2012-09-18,76.0,76.55,74.25,75.3,16090,EQ,,,
2012-09-20,73.55,76.05,70.85,72.75,46660,EQ,,,
2012-09-21,74.65,76.45,71.75,72.6,70788,EQ,,,
2012-09-24,72.65,75.2,69.55,73.6,39844,EQ,,,
2012-09-25,73.15,76.65,73.15,75.85,69663,EQ,,,
2012-09-26,75.95,77.65,74.45,76.3,43080,EQ,,,
2012-09-27,76.75,79.35,75.55,77.6,31636,EQ,,,
2012-09-28,77.75,79.6,76.15,78.2,18230,EQ,,,
2012-10-01,77.55,79.45,77.55,79.15,6691,EQ,,,
2012-10-03,79.85,79.85,76.8,77.55,6282,EQ,,,
2012-10-04,78.6,79.35,74.75,77.25,10802,EQ,,,
2012-10-05,77.35,78.05,74.65,76.0,12676,EQ,,,
2012-10-08,75.95,76.65,75.25,76.0,5568,EQ,,,
2012-10-09,76.65,76.65,75.45,75.55,2276,EQ,,,
2012-10-10,76.25,76.25,74.55,74.95,2875,EQ,,,
2012-10-11,75.55,77.25,74.45,76.65,6040,EQ,,,
2012-10-12,76.65,77.05,75.45,76.45,3892,EQ,,,
2012-10-15,76.45,78.35,75.8,78.1,10689,EQ,,,
2012-10-16,77.05,79.0,76.25,77.55,51648,EQ,,,
2012-10-17,77.35,78.45,76.0,76.25,7448,EQ,,,
2012-10-18,77.6,77.65,75.45,76.15,6244,EQ,,,
2012-10-19,77.2,77.2,75.0,75.4,8713,EQ,,,
2012-10-22,76.45,76.65,74.75,76.35,4906,EQ,,,
2012-10-23,76.25,76.65,75.5,75.85,1594,EQ,,,
2012-10-25,76.65,77.25,75.65,77.0,26578,EQ,,,
2012-10-26,77.95,80.4,74.15,75.1,26137,EQ,,,
2012-10-29,75.3,75.65,74.0,74.45,3729,EQ,,,
2012-10-30,74.65,74.65,72.45,73.05,3335,EQ,,,
2012-10-31,73.15,75.35,72.05,74.2,4597,EQ,,,
2012-11-01,74.2,74.75,73.25,73.9,5837,EQ,,,
2012-11-02,74.95,76.0,74.65,75.8,9125,EQ,,,
2012-11-05,75.95,77.0,75.6,76.45,6426,EQ,,,
2012-11-06,76.95,78.15,76.3,77.55,9303,EQ,,,
2012-11-07,77.65,78.15,76.0,76.35,6327,EQ,,,
2012-11-08,74.65,77.55,74.65,76.85,3607,EQ,,,
2012-11-09,77.25,77.85,75.75,76.75,4604,EQ,,,
2012-11-12,77.95,78.0,75.05,76.3,2395,EQ,,,
2012-11-13,77.35,77.65,75.8,76.95,1462,EQ,,,
2012-11-15,76.95,77.3,75.35,75.65,4317,EQ,,,
2012-11-16,75.75,75.8,73.35,74.15,10883,EQ,,,
2012-11-19,74.15,75.0,73.65,73.85,105758,EQ,,,
2012-11-20,72.85,75.65,72.85,75.05,9134,EQ,,,
2012-11-21,75.05,77.85,74.0,76.85,10533,EQ,,,
2012-11-22,79.0,79.0,76.05,77.15,4240,EQ,,,
2012-11-23,76.4,77.85,76.35,76.85,2990,EQ,,,
2012-11-26,76.65,78.25,75.35,76.95,21641,EQ,,,
2012-11-27,76.65,79.6,75.95,77.15,27538,EQ,,,
2012-11-29,78.0,80.0,77.85,78.4,19662,EQ,,,
2012-11-30,78.4,83.35,78.0,81.25,16976,EQ,,,
2012-12-03,82.05,83.35,80.8,82.65,23514,EQ,,,
2012-12-04,82.65,83.35,80.0,81.1,15600,EQ,,,
2012-12-05,81.85,88.45,81.05,84.95,91661,EQ,,,
2012-12-06,87.65,88.55,83.35,84.65,93051,EQ,,,
2012-12-07,85.75,87.05,83.65,85.45,57984,EQ,,,
2012-12-10,85.3,85.35,82.0,82.6,25954,EQ,,,
2012-12-11,84.15,84.15,81.05,81.6,9158,EQ,,,
2012-12-12,81.75,82.45,81.05,81.4,8817,EQ,,,
2012-12-13,81.6,82.95,81.15,81.55,7522,EQ,,,
2012-12-14,81.0,81.45,79.35,79.95,7391,EQ,,,
2012-12-17,80.25,81.65,80.1,81.25,7701,EQ,,,
2012-12-18,80.45,83.05,79.45,82.4,8131,EQ,,,
2012-12-19,82.0,83.0,80.75,81.55,6372,EQ,,,
2012-12-20,80.4,83.35,80.15,82.55,9184,EQ,,,
2012-12-21,81.45,82.35,79.4,79.8,5973,EQ,,,
2012-12-24,78.4,81.0,77.55,80.75,4849,EQ,,,
2012-12-26,80.55,86.95,80.0,84.55,20186,EQ,,,
2012-12-27,85.4,85.8,83.4,83.7,8309,EQ,,,
2012-12-28,83.1,88.95,83.1,85.55,43015,EQ,,,
2012-12-31,86.0,88.9,84.9,87.2,67639,EQ,,,
2013-01-01,87.25,89.2,86.85,87.85,10591,EQ,,,
2013-01-02,88.0,88.55,86.65,86.95,9396,EQ,,,
2013-01-03,87.35,88.65,86.65,87.85,11080,EQ,,,
2013-01-04,87.65,89.6,87.05,87.95,9910,EQ,,,
2013-01-07,88.2,88.65,86.25,86.65,5426,EQ,,,
2013-01-08,86.6,87.25,85.0,85.45,7148,EQ,,,
2013-01-09,87.0,87.0,84.75,85.25,3980,EQ,,,
2013-01-10,85.35,87.6,84.65,86.15,6591,EQ,,,
2013-01-11,85.55,88.15,82.25,85.35,4582,EQ,,,
2013-01-14,85.95,90.6,83.85,84.4,3088,EQ,,,
2013-01-15,85.35,85.75,83.55,84.25,3592,EQ,,,
2013-01-16,84.0,85.8,80.8,81.35,20055,EQ,,,
2013-01-17,83.15,83.15,78.8,79.85,47421,EQ,,,
2013-01-18,80.65,80.7,78.95,79.35,2245,EQ,,,
2013-01-21,79.25,81.0,78.65,79.25,2881,EQ,,,
2013-01-22,80.0,81.65,77.25,77.95,37668,EQ,,,
2013-01-23,78.0,78.55,76.95,78.05,8001,EQ,,,
2013-01-24,72.65,78.45,72.65,75.85,11677,EQ,,,
2013-01-25,75.6,77.85,75.5,76.45,4521,EQ,,,
2013-01-28,76.7,77.35,74.8,76.65,8379,EQ,,,
2013-01-29,76.55,76.95,75.4,75.75,2823,EQ,,,
2013-01-30,75.8,78.0,75.35,77.35,18123,EQ,,,
2013-01-31,75.4,78.55,75.4,76.5,3244,EQ,,,
2013-02-01,77.2,80.0,75.45,76.35,4739,EQ,,,
2013-02-04,76.35,77.65,75.8,77.35,9560,EQ,,,
2013-02-05,76.65,78.0,75.65,77.7,3758,EQ,,,
2013-02-06,76.4,78.25,76.4,77.65,2122,EQ,,,
2013-02-07,76.75,77.85,75.35,75.85,2595,EQ,,,
2013-02-08,76.4,76.4,75.35,75.6,1307,EQ,,,
2013-02-11,75.7,76.05,75.2,75.45,1429,EQ,,,
2013-02-12,75.35,76.25,73.75,75.1,3216,EQ,,,
2013-02-13,75.35,77.15,75.35,75.85,2443,EQ,,,
2013-02-14,75.2,76.65,75.2,76.0,2527,EQ,,,
2013-02-15,75.2,79.35,74.65,78.05,4480,EQ,,,
2013-02-18,77.2,77.65,76.45,76.55,1061,EQ,,,
2013-02-19,77.3,78.95,75.65,76.35,7153,EQ,,,
2013-02-20,76.4,77.65,75.2,75.35,3382,EQ,,,
2013-02-21,75.0,75.35,73.25,74.4,7384,EQ,,,
2013-02-22,75.25,77.55,73.05,75.55,4272,EQ,,,
2013-02-25,76.3,76.3,74.65,75.1,943,EQ,,,
2013-02-26,74.65,74.65,72.35,74.15,6656,EQ,,,
2013-02-27,73.0,76.2,72.4,74.8,5855,EQ,,,
2013-02-28,75.65,75.65,71.35,74.05,9458,EQ,,,
2013-03-01,74.65,74.85,71.85,73.65,6358,EQ,,,
2013-03-04,73.35,73.35,71.4,73.0,4677,EQ,,,
2013-03-05,74.0,74.0,71.75,72.45,35665,EQ,,,
2013-03-06,72.75,73.75,72.05,72.45,6765,EQ,,,
2013-03-07,72.65,72.65,71.2,71.75,8613,EQ,,,
2013-03-08,72.55,72.55,71.15,71.45,2867,EQ,,,
2013-03-11,73.0,76.6,70.15,70.75,5361,EQ,,,
2013-03-12,71.85,71.95,69.45,69.65,3039,EQ,,,
2013-03-13,75.55,75.55,66.95,67.15,4512,EQ,,,
2013-03-14,67.35,68.25,66.4,66.65,4060,EQ,,,
2013-03-15,67.0,68.65,66.5,68.35,9819,EQ,,,
2013-03-18,68.7,68.7,67.1,68.3,1241,EQ,,,
2013-03-19,67.75,68.2,66.4,66.8,1825,EQ,,,
2013-03-20,66.0,68.55,64.05,66.95,9346,EQ,,,
2013-03-21,67.25,67.85,63.1,66.35,21527,EQ,,,
2013-03-22,66.05,67.0,65.15,66.65,11735,EQ,,,
2013-03-25,66.85,67.0,65.4,66.35,19399,EQ,,,
2013-03-26,66.25,67.35,65.65,66.65,8216,EQ,,,
2013-03-28,66.65,67.0,65.65,66.45,10485,EQ,,,
2013-04-01,66.65,66.85,65.65,66.35,993,EQ,,,
2013-04-02,66.35,66.95,65.65,66.75,4058,EQ,,,
2013-04-03,66.65,68.6,65.4,67.05,178214,EQ,,,
2013-04-04,66.3,67.8,65.0,67.8,444556,EQ,,,
2013-04-05,66.65,67.4,66.0,66.5,1388,EQ,,,
2013-04-08,66.8,67.65,66.35,67.15,1984,EQ,,,
2013-04-09,66.65,67.35,65.25,65.95,9782,EQ,,,
2013-04-10,65.65,66.6,65.35,65.95,146248,EQ,,,
2013-04-11,67.15,67.15,65.4,65.65,627,EQ,,,
2013-04-12,65.85,66.05,65.0,65.45,1668,EQ,,,
2013-04-15,65.25,66.55,64.55,66.05,2470,EQ,,,
2013-04-16,66.05,66.65,64.8,66.25,10811,EQ,,,
2013-04-17,66.65,67.5,65.35,65.65,1947,EQ,,,
2013-04-18,66.15,66.6,65.45,66.15,876,EQ,,,
2013-04-22,66.65,67.4,66.05,66.85,3638,EQ,,,
2013-04-23,68.35,68.35,65.45,66.55,1497,EQ,,,
2013-04-25,66.55,70.75,66.0,69.35,8652,EQ,,,
2013-04-26,67.95,70.6,67.95,69.05,3382,EQ,,,
2013-04-29,68.9,70.8,68.65,70.45,5443,EQ,,,
2013-04-30,68.95,73.0,68.95,71.65,7347,EQ,,,
2013-05-02,73.35,74.0,71.05,72.6,7304,EQ,,,
2013-05-03,72.0,73.2,70.5,72.85,2854,EQ,,,
2013-05-06,72.75,73.35,71.2,72.85,3209,EQ,,,
2013-05-07,73.15,74.95,72.45,73.55,8392,EQ,,,
2013-05-08,73.8,74.35,71.35,72.85,7157,EQ,,,
2013-05-09,71.7,74.0,71.7,73.15,7300,EQ,,,
2013-05-10,73.35,73.65,71.85,72.3,6645,EQ,,,
2013-05-11,72.25,72.95,70.85,71.35,1380,EQ,,,
2013-05-13,72.8,72.8,69.75,70.25,1805,EQ,,,
2013-05-14,71.0,73.25,69.0,72.35,5670,EQ,,,
2013-05-15,71.25,73.8,71.25,73.25,6891,EQ,,,
2013-05-16,73.25,73.65,72.35,72.7,2091,EQ,,,
2013-05-17,71.7,72.65,71.1,72.25,14484,EQ,,,
2013-05-20,71.45,72.65,71.05,72.0,3485,EQ,,,
2013-05-21,71.4,74.0,71.05,73.35,8076,EQ,,,
2013-05-22,74.0,74.35,71.6,72.05,2305,EQ,,,
2013-05-23,63.4,72.15,63.4,71.35,9208,EQ,,,
2013-05-24,72.65,72.85,69.0,69.95,2527,EQ,,,
2013-05-27,69.05,72.35,68.95,71.6,2478,EQ,,,
2013-05-28,70.75,72.35,70.75,72.05,1300,EQ,,,
2013-05-29,72.35,73.05,69.35,72.0,11934,EQ,,,
2013-05-30,71.35,72.8,70.65,71.95,4209,EQ,,,
2013-05-31,71.35,72.25,70.35,71.75,4206,EQ,,,
2013-06-03,71.85,72.35,69.45,70.4,1214,EQ,,,
2013-06-04,69.4,71.95,69.35,70.35,1229,EQ,,,
2013-06-05,69.65,70.75,68.95,69.25,1935,EQ,,,
2013-06-06,69.35,70.45,68.0,70.05,4639,EQ,,,
2013-06-07,69.35,70.35,67.6,68.15,4832,EQ,,,
2013-06-10,67.4,69.0,66.4,68.4,5766,EQ,,,
2013-06-11,68.25,68.6,66.4,66.85,2571,EQ,,,
2013-06-12,66.15,68.55,65.8,68.0,4403,EQ,,,
2013-06-13,67.35,68.1,66.35,67.95,2707,EQ,,,
2013-06-14,67.05,68.65,66.95,68.35,2774,EQ,,,
2013-06-17,69.65,69.65,66.75,67.85,2973,EQ,,,
2013-06-18,67.35,68.35,66.85,67.65,5199,EQ,,,
2013-06-19,66.95,69.2,66.95,67.8,27929,EQ,,,
2013-06-20,67.75,67.95,66.65,67.1,2066,EQ,,,
2013-06-21,66.75,67.65,66.35,66.8,1274,EQ,,,
2013-06-24,65.75,67.1,65.75,66.3,1211,EQ,,,
2013-06-25,65.8,66.35,65.45,65.95,2934,EQ,,,
2013-06-26,65.95,66.15,65.0,65.35,1107,EQ,,,
2013-06-27,66.3,68.0,65.15,66.35,13013,EQ,,,
2013-06-28,65.65,67.25,65.35,66.25,155053,EQ,,,
2013-07-01,66.25,66.65,65.6,65.85,978,EQ,,,
2013-07-02,66.0,66.4,64.7,65.2,3405,EQ,,,
2013-07-03,65.85,65.85,64.65,65.0,1646,EQ,,,
2013-07-04,64.4,66.45,64.4,66.0,4011,EQ,,,
2013-07-05,65.35,68.15,65.35,67.65,3831,EQ,,,
2013-07-08,66.65,68.2,66.35,67.9,2001,EQ,,,
2013-07-09,68.65,68.65,66.05,66.85,1341,EQ,,,
2013-07-10,67.0,67.65,65.15,66.35,3690,EQ,,,
2013-07-11,65.85,67.85,65.55,67.55,2641,EQ,,,
2013-07-12,66.85,67.75,66.65,67.2,2119,EQ,,,
2013-07-15,66.55,67.25,65.35,66.8,2450,EQ,,,
2013-07-16,67.35,68.45,66.15,68.1,2928,EQ,,,
2013-07-17,67.4,69.95,67.4,69.1,3782,EQ,,,
2013-07-18,68.4,69.35,66.75,67.35,4943,EQ,,,
2013-07-19,67.8,68.35,66.8,68.1,2224,EQ,,,
2013-07-22,67.35,68.35,67.15,68.0,1601,EQ,,,
2013-07-23,68.0,68.2,66.5,68.0,10185,EQ,,,
2013-07-24,68.35,68.35,66.65,67.95,16185,EQ,,,
2013-07-25,67.35,67.6,66.5,67.35,3260,EQ,,,
2013-07-26,66.8,68.0,65.85,67.05,1938,EQ,,,
2013-07-29,66.15,67.35,66.15,67.05,3269,EQ,,,
2013-07-30,66.4,67.0,65.7,66.65,5090,EQ,,,
2013-07-31,68.45,68.45,65.65,67.15,57911,EQ,,,
2013-08-01,66.45,67.35,65.85,66.45,2733,EQ,,,
2013-08-02,68.05,68.65,66.0,66.85,15078,EQ,,,
2013-08-05,66.35,67.25,65.6,66.7,5697,EQ,,,
2013-08-06,66.75,66.75,64.15,65.05,2700,EQ,,,
2013-08-07,65.8,65.8,64.65,64.95,3430,EQ,,,
2013-08-08,64.25,66.95,64.25,65.95,3476,EQ,,,
2013-08-12,67.95,67.95,63.3,64.4,18699,EQ,,,
2013-08-13,66.25,66.55,64.8,66.3,4531,EQ,,,
2013-08-14,67.0,67.0,63.55,64.65,3080,EQ,,,
2013-08-16,65.15,65.65,63.75,65.35,8010,EQ,,,
2013-08-19,64.75,64.85,62.4,63.15,7082,EQ,,,
2013-08-20,63.35,63.8,62.4,63.3,26043,EQ,,,
2013-08-21,63.25,64.0,61.75,62.3,1351,EQ,,,
2013-08-22,61.45,63.8,61.45,63.5,2180,EQ,,,
2013-08-23,62.65,64.35,62.65,64.05,1522,EQ,,,
2013-08-26,64.65,65.0,62.4,62.85,2592,EQ,,,
2013-08-27,62.25,64.0,61.6,62.35,6485,EQ,,,
2013-08-28,61.75,62.35,60.85,62.0,3664,EQ,,,
2013-08-29,62.0,63.05,61.4,62.95,2334,EQ,,,
2013-08-30,62.35,64.45,62.15,63.0,1807,EQ,,,
2013-09-02,62.4,63.65,62.0,62.7,3230,EQ,,,
2013-09-03,62.05,63.2,62.0,62.45,963,EQ,,,
2013-09-04,61.8,63.2,61.35,63.05,1218,EQ,,,
2013-09-05,63.0,63.2,62.6,62.95,526,EQ,,,
2013-09-06,62.65,64.25,62.65,62.95,543,EQ,,,
2013-09-10,63.85,63.85,62.8,63.25,1276,EQ,,,
2013-09-11,62.75,64.0,62.75,63.8,1235,EQ,,,
2013-09-12,63.0,65.35,62.65,62.95,4374,EQ,,,
2013-09-13,63.35,65.75,62.65,62.95,158454,EQ,,,
2013-09-16,63.0,64.25,62.85,63.65,2135,EQ,,,
2013-09-17,63.35,63.75,62.65,63.15,875,EQ,,,
2013-09-18,63.05,63.6,62.05,62.25,1587,EQ,,,
2013-09-19,63.35,65.0,62.65,62.65,43853,EQ,,,
2013-09-20,63.0,63.6,62.05,62.75,2398,EQ,,,
2013-09-23,62.15,63.35,61.65,61.9,2072,EQ,,,
2013-09-24,61.55,62.65,61.55,62.25,11807,EQ,,,
2013-09-25,62.0,62.65,61.2,62.0,14294,EQ,,,
2013-09-26,61.45,62.65,61.45,62.55,2608,EQ,,,
2013-09-27,62.0,62.6,61.35,61.75,1418,EQ,,,
2013-09-30,62.35,62.35,61.35,61.95,2207,EQ,,,
2013-10-01,61.4,61.95,60.6,61.0,2756,EQ,,,
2013-10-03,61.35,62.6,61.2,62.35,3333,EQ,,,
2013-10-04,61.65,63.35,61.65,63.05,1299,EQ,,,
2013-10-07,63.25,63.25,62.15,62.25,19881,EQ,,,
2013-10-08,63.0,63.0,61.65,61.95,2302,EQ,,,
2013-10-09,62.0,62.35,61.65,61.8,1824,EQ,,,
2013-10-10,61.3,62.0,61.3,61.35,73106,EQ,,,
2013-10-11,61.65,62.0,61.15,61.45,30021,EQ,,,
2013-10-14,61.65,61.95,61.25,61.75,731,EQ,,,
2013-10-15,61.8,62.0,61.05,61.45,3433,EQ,,,
2013-10-17,61.95,62.15,60.55,62.0,19640,EQ,,,
2013-10-18,62.0,62.35,61.35,61.75,36705,EQ,,,
2013-10-21,62.0,62.0,61.6,61.9,4064,EQ,,,
2013-10-22,61.25,62.15,61.25,62.0,14667,EQ,,,
2013-10-23,62.0,62.0,61.55,61.7,1980,EQ,,,
2013-10-24,61.75,62.0,59.25,60.65,10108,EQ,,,
2013-10-25,60.85,61.65,60.85,61.35,1958,EQ,,,
2013-10-28,61.0,61.65,60.8,61.0,998,EQ,,,
2013-10-29,61.3,62.0,60.85,61.9,3580,EQ,,,
2013-10-30,61.65,62.0,61.0,61.25,5654,EQ,,,
2013-10-31,62.8,62.8,60.65,61.65,14083,EQ,,,
2013-11-01,61.95,61.95,60.05,60.55,9460,EQ,,,
2013-11-03,61.95,61.95,60.65,61.55,1171,EQ,,,
2013-11-05,61.05,64.0,60.45,63.35,52601,EQ,,,
2013-11-06,62.75,63.35,61.7,62.2,7402,EQ,,,
2013-11-07,61.65,62.65,60.65,60.95,8379,EQ,,,
2013-11-08,62.0,62.25,60.75,61.5,4324,EQ,,,
2013-11-11,61.05,62.0,60.75,61.65,2786,EQ,,,
2013-11-12,61.05,63.65,61.05,61.75,24219,EQ,,,
2013-11-13,61.85,62.35,61.25,61.45,1839,EQ,,,
2013-11-14,61.85,62.15,61.25,61.4,860,EQ,,,
2013-11-18,61.65,61.95,61.05,61.15,1740,EQ,,,
2013-11-19,62.55,62.55,60.35,60.8,3153,EQ,,,
2013-11-20,60.35,63.65,60.35,63.25,9429,EQ,,,
2013-11-21,63.65,64.65,62.2,63.45,33999,EQ,,,
2013-11-22,64.0,74.25,63.45,68.6,112489,EQ,,,
2013-11-25,68.45,69.55,66.75,67.15,10887,EQ,,,
2013-11-26,66.1,69.0,65.65,66.2,15305,EQ,,,
2013-11-27,66.1,67.9,66.05,66.25,4189,EQ,,,
2013-11-28,67.65,67.65,66.35,66.8,2999,EQ,,,
2013-11-29,66.8,72.65,66.8,69.55,28439,EQ,,,
2013-12-02,70.25,71.35,69.0,69.25,5761,EQ,,,
2013-12-03,69.35,71.65,69.35,70.1,9016,EQ,,,
2013-12-04,69.8,71.0,68.5,69.2,4524,EQ,,,
2013-12-05,69.35,70.05,67.7,68.65,10388,EQ,,,
2013-12-06,68.2,69.95,68.2,69.35,6195,EQ,,,
2013-12-09,69.55,70.0,67.85,68.65,4298,EQ,,,
2013-12-10,69.0,69.0,67.15,67.45,3894,EQ,,,
2013-12-11,67.35,67.85,66.25,67.25,4520,EQ,,,
2013-12-12,66.75,68.85,66.35,67.7,3318,EQ,,,
2013-12-13,66.65,68.35,66.65,67.4,1476,EQ,,,
2013-12-16,67.95,67.95,66.35,66.7,1659,EQ,,,
2013-12-17,65.95,72.6,65.95,70.95,36217,EQ,,,
2013-12-18,75.55,84.35,75.0,78.55,736596,EQ,,,
2013-12-19,79.45,79.95,76.65,77.45,84216,EQ,,,
2013-12-20,77.4,83.55,76.75,80.55,128968,EQ,,,
2013-12-23,81.25,83.0,80.65,82.25,52998,EQ,,,
2013-12-24,82.2,83.05,80.35,80.65,34231,EQ,,,
2013-12-26,80.15,81.65,79.25,80.1,14120,EQ,,,
2013-12-27,79.7,83.65,79.7,82.35,62567,EQ,,,
2013-12-30,83.6,85.65,83.05,84.0,102385,EQ,,,
2013-12-31,87.8,89.4,83.45,84.3,156142,EQ,,,
2014-01-01,83.85,84.35,81.6,81.9,32859,EQ,,,
2014-01-02,81.95,83.2,80.0,80.35,28635,EQ,,,
2014-01-03,80.05,80.35,77.7,79.85,26084,EQ,,,
2014-01-06,79.75,81.0,77.75,78.25,19907,EQ,,,
2014-01-07,78.45,80.95,78.0,79.7,22141,EQ,,,
2014-01-08,80.0,80.25,77.65,77.95,14377,EQ,,,
2014-01-09,77.6,78.95,76.15,76.65,13127,EQ,,,
2014-01-10,75.95,76.25,74.0,75.0,25418,EQ,,,
2014-01-13,77.2,79.2,73.95,77.55,82649,EQ,,,
2014-01-14,76.65,77.65,74.45,75.45,28180,EQ,,,
2014-01-15,75.55,77.0,74.8,76.05,14730,EQ,,,
2014-01-16,75.35,76.65,75.35,75.5,3876,EQ,,,
2014-01-17,75.35,76.4,73.65,75.65,8124,EQ,,,
2014-01-20,75.65,75.75,74.1,74.45,6174,EQ,,,
2014-01-21,74.85,75.65,73.65,73.95,4602,EQ,,,
2014-01-22,73.2,74.65,72.1,72.95,8607,EQ,,,
2014-01-23,73.65,74.0,72.05,73.35,6787,EQ,,,
2014-01-24,72.65,73.6,71.65,72.25,5327,EQ,,,
2014-01-27,71.65,71.65,70.0,70.25,3872,EQ,,,
2014-01-28,70.6,72.65,70.45,71.05,4755,EQ,,,
2014-01-29,72.15,72.55,71.15,72.0,4188,EQ,,,
2014-01-30,70.75,72.65,70.35,72.15,7562,EQ,,,
2014-01-31,72.35,73.35,71.65,72.35,4593,EQ,,,
2014-02-03,72.65,72.8,70.65,71.35,2302,EQ,,,
2014-02-04,70.65,71.6,69.6,70.35,3549,EQ,,,
2014-02-05,70.95,72.0,69.55,71.15,3622,EQ,,,
2014-02-06,70.8,71.2,69.65,69.85,3771,EQ,,,
2014-02-07,70.05,70.7,69.0,69.15,2756,EQ,,,
2014-02-10,71.35,71.35,68.8,69.2,1175,EQ,,,
2014-02-11,69.0,69.65,68.0,69.0,3242,EQ,,,
2014-02-12,69.35,70.15,68.35,69.15,2331,EQ,,,
2014-02-13,69.35,69.55,68.0,68.15,43417,EQ,,,
2014-02-14,67.95,70.55,67.95,68.95,15375,EQ,,,
2014-02-17,70.35,70.35,67.45,68.0,3387,EQ,,,
2014-02-18,67.95,69.0,67.0,67.65,5202,EQ,,,
2014-02-19,68.3,68.8,67.25,67.95,2997,EQ,,,
2014-02-20,67.8,68.55,67.05,67.65,1638,EQ,,,
2014-02-21,67.85,68.45,67.6,68.2,3489,EQ,,,
2014-02-24,67.6,68.25,67.0,67.25,3507,EQ,,,
2014-02-25,67.55,67.95,66.65,66.8,2649,EQ,,,
2014-02-26,67.1,67.6,66.65,66.95,2229,EQ,,,
2014-02-28,67.35,67.75,66.15,66.5,4711,EQ,,,
2014-03-03,66.55,68.65,66.15,66.35,22971,EQ,,,
2014-03-04,67.85,67.95,66.35,66.5,6961,EQ,,,
2014-03-05,67.0,67.35,66.2,66.55,5408,EQ,,,
2014-03-06,66.95,68.0,66.65,66.95,11780,EQ,,,
2014-03-07,67.1,67.6,66.65,66.75,6795,EQ,,,
2014-03-10,66.0,69.65,66.0,67.9,31084,EQ,,,
2014-03-11,69.65,71.0,68.05,68.65,52820,EQ,,,
2014-03-12,68.65,69.35,67.45,67.95,6774,EQ,,,
2014-03-13,68.2,68.55,67.2,67.4,4108,EQ,,,
2014-03-14,67.35,68.55,66.55,66.9,23327,EQ,,,
2014-03-18,66.25,67.85,66.25,67.2,24091,EQ,,,
2014-03-19,67.15,67.2,65.7,66.45,8979,EQ,,,
2014-03-20,66.65,67.15,66.35,66.6,2497,EQ,,,
2014-03-21,65.95,66.95,65.95,66.65,13474,EQ,,,
2014-03-22,69.35,73.0,69.35,70.25,74543,EQ,,,
2014-03-24,71.35,71.85,69.2,69.85,80708,EQ,,,
2014-03-25,69.35,70.2,68.0,68.65,24150,EQ,,,
2014-03-26,68.65,69.0,67.85,68.65,19839,EQ,,,
2014-03-27,68.75,68.75,67.7,68.2,1129241,EQ,,,
2014-03-28,69.0,69.0,67.15,68.15,19759,EQ,,,
2014-03-31,69.15,69.2,66.65,68.55,68206,EQ,,,
2014-04-01,68.65,69.05,67.45,67.7,7451,EQ,,,
2014-04-02,68.65,69.0,67.65,68.0,14603,EQ,,,
2014-04-03,67.4,68.6,67.4,68.05,8621,EQ,,,
2014-04-04,67.75,68.25,67.4,68.05,5220,EQ,,,
2014-04-07,67.4,68.2,66.8,67.15,9831,EQ,,,
2014-04-09,66.8,68.05,66.8,67.65,14532,EQ,,,
2014-04-10,68.0,68.0,66.25,66.5,17285,EQ,,,
2014-04-11,66.15,67.2,66.0,66.15,9634,EQ,,,
2014-04-15,65.85,66.65,65.6,66.3,143328,EQ,,,
2014-04-16,66.05,67.75,66.05,66.2,26410,EQ,,,
2014-04-17,66.4,67.35,66.0,66.95,20069,EQ,,,
2014-04-21,67.2,67.45,66.35,66.55,29660,EQ,,,
2014-04-22,66.85,67.25,66.15,66.45,8627,EQ,,,
2014-04-23,66.1,67.05,66.1,66.95,20875,EQ,,,
2014-04-25,66.3,67.25,65.85,66.1,15812,EQ,,,
2014-04-28,66.25,66.65,65.4,65.65,6365,EQ,,,
2014-04-29,65.65,65.8,64.15,64.6,12774,EQ,,,
2014-04-30,65.0,66.2,63.85,65.7,37443,EQ,,,
2014-05-02,65.15,66.35,65.15,65.55,5764,EQ,,,
2014-05-05,65.45,65.45,64.65,64.75,4095,EQ,,,
2014-05-06,65.0,65.35,64.35,64.55,2384,EQ,,,
2014-05-07,65.05,65.05,63.6,63.75,6418,EQ,,,
2014-05-08,63.45,64.35,63.4,64.15,8553,EQ,,,
2014-05-09,64.35,66.55,63.9,65.85,22837,EQ,,,
2014-05-12,66.0,66.65,64.05,65.75,27047,EQ,,,
2014-05-13,67.25,67.25,64.85,65.3,34649,EQ,,,
2014-05-14,65.15,66.65,64.15,64.65,13424,EQ,,,
2014-05-15,65.05,65.05,63.35,64.0,13335,EQ,,,
2014-05-16,64.35,66.0,63.75,65.15,40624,EQ,,,
2014-05-19,65.35,65.4,64.2,65.35,42661,EQ,,,
2014-05-20,65.65,67.85,65.35,66.25,26711,EQ,,,
2014-05-21,66.2,66.55,65.1,65.8,9082,EQ,,,
2014-05-22,66.05,67.3,64.65,65.0,29537,EQ,,,
2014-05-23,65.05,66.35,64.9,65.35,8887,EQ,,,
2014-05-26,66.15,68.6,65.85,67.05,32875,EQ,,,
2014-05-27,66.55,67.85,66.5,67.05,6148,EQ,,,
2014-05-28,66.55,69.55,65.85,67.35,79231,EQ,,,
2014-05-29,69.0,69.55,65.45,66.25,48624,EQ,,,
2014-05-30,66.6,70.2,66.45,69.5,128264,EQ,,,
2014-06-02,69.65,72.35,69.35,71.05,43317,EQ,,,
2014-06-03,71.2,71.25,69.0,69.45,11752,EQ,,,
2014-06-04,71.0,71.65,69.3,69.95,20651,EQ,,,
2014-06-05,71.25,77.2,70.35,74.0,101661,EQ,,,
2014-06-06,74.65,75.95,73.35,74.3,31925,EQ,,,
2014-06-09,72.65,81.85,72.65,80.25,52484,EQ,,,
2014-06-10,80.0,80.35,77.8,79.05,20135,EQ,,,
2014-06-11,79.05,80.75,77.35,78.15,8732,EQ,,,
2014-06-12,78.25,80.65,77.65,79.95,23297,EQ,,,
2014-06-13,80.1,85.0,78.4,80.45,57645,EQ,,,
2014-06-16,81.0,81.2,76.8,77.65,215745,EQ,,,
2014-06-17,78.0,79.45,76.35,77.9,22608,EQ,,,
2014-06-18,78.15,78.75,77.35,77.95,62585,EQ,,,
2014-06-19,78.05,80.0,77.75,79.35,24906,EQ,,,
2014-06-20,79.25,80.55,77.75,78.1,6508,EQ,,,
2014-06-23,78.1,78.65,76.25,77.25,6534,EQ,,,
2014-06-24,76.65,80.0,76.65,79.3,13667,EQ,,,
2014-06-25,78.5,82.0,78.5,80.75,14666,EQ,,,
2014-06-26,80.05,81.65,79.95,80.25,6865,EQ,,,
2014-06-27,80.15,84.35,80.15,83.75,61513,EQ,,,
2014-06-30,83.75,87.35,82.65,83.6,151082,EQ,,,
2014-07-01,83.0,87.0,82.8,83.0,24331,EQ,,,
2014-07-02,83.95,84.85,82.1,84.5,21560,EQ,,,
2014-07-03,84.75,85.05,83.0,83.35,8460,EQ,,,
2014-07-04,84.55,85.4,83.0,83.6,7773,EQ,,,
2014-07-07,83.35,84.45,83.05,83.95,7950,EQ,,,
2014-07-08,84.35,84.35,80.6,82.75,12181,EQ,,,
2014-07-09,82.9,84.0,79.1,80.35,19424,EQ,,,
2014-07-10,79.4,83.35,77.1,82.65,20524,EQ,,,
2014-07-11,81.9,83.25,79.05,80.45,16614,EQ,,,
2014-07-14,81.2,81.75,78.8,80.05,40401,EQ,,,
2014-07-15,80.0,81.45,78.4,79.3,69977,EQ,,,
2014-07-16,79.05,81.95,79.05,80.85,24843,EQ,,,
2014-07-17,80.05,81.65,80.05,81.2,4606,EQ,,,
2014-07-18,80.45,84.0,80.35,82.85,49771,EQ,,,
2014-07-21,83.0,84.8,83.0,84.15,10472,EQ,,,
2014-07-22,83.15,85.0,83.05,84.4,3666,EQ,,,
2014-07-23,84.75,85.0,83.4,84.25,9242,EQ,,,
2014-07-24,84.65,84.65,82.85,83.8,115166,EQ,,,
2014-07-25,84.65,84.95,80.85,82.15,5263,EQ,,,
2014-07-28,82.15,82.35,81.4,81.65,1635,EQ,,,
2014-07-30,82.95,82.95,80.45,81.15,2569,EQ,,,
2014-07-31,82.25,82.8,80.75,81.0,3527,EQ,,,
2014-08-01,81.95,82.0,81.0,81.7,4479,EQ,,,
2014-08-04,81.65,82.8,80.35,80.75,3923,EQ,,,
2014-08-05,82.6,82.6,80.0,81.75,4786,EQ,,,
2014-08-06,82.15,82.15,80.0,80.15,6702,EQ,,,
2014-08-07,81.15,81.25,75.45,78.6,187587,EQ,,,
2014-08-08,77.35,77.35,73.45,76.1,58632,EQ,,,
2014-08-11,77.6,77.6,74.15,75.05,15017,EQ,,,
2014-08-12,74.35,76.15,73.65,75.25,12817,EQ,,,
2014-08-13,76.0,76.0,73.7,74.95,12780,EQ,,,
2014-08-14,75.35,75.65,73.45,73.95,5985,EQ,,,
2014-08-18,75.65,75.75,74.0,74.4,4710,EQ,,,
2014-08-19,74.8,76.65,74.65,75.35,18620,EQ,,,
2014-08-20,74.65,76.65,74.65,76.35,9998,EQ,,,
2014-08-21,76.55,77.65,75.45,77.35,17432,EQ,,,
2014-08-22,77.35,78.35,76.35,77.05,9077,EQ,,,
2014-08-25,77.0,77.65,76.4,76.8,3447,EQ,,,
2014-08-26,76.45,77.15,75.45,75.65,4750,EQ,,,
2014-08-27,76.55,77.0,75.15,76.6,9275,EQ,,,
2014-08-28,77.15,77.35,76.0,76.0,2755,EQ,,,
2014-09-01,76.1,77.2,76.1,76.7,5599,EQ,,,
2014-09-02,75.75,77.25,75.75,76.85,4942,EQ,,,
2014-09-03,77.05,80.35,76.4,79.95,30406,EQ,,,
2014-09-04,79.85,82.0,78.65,80.5,30809,EQ,,,
2014-09-05,81.25,81.95,80.8,81.55,6323,EQ,,,
2014-09-08,81.65,82.0,78.85,80.65,10927,EQ,,,
2014-09-09,80.25,81.75,78.75,81.2,12524,EQ,,,
2014-09-10,80.65,83.25,80.65,82.35,20257,EQ,,,
2014-09-11,82.65,89.0,82.35,86.95,100271,EQ,,,
2014-09-12,87.45,90.55,85.35,89.9,45639,EQ,,,
2014-09-15,89.85,100.65,88.05,95.75,107163,EQ,,,
2014-09-16,97.0,97.9,88.35,90.55,29577,EQ,,,
2014-09-17,93.0,95.2,89.35,92.05,12502,EQ,,,
2014-09-18,93.2,95.35,92.15,94.4,11658,EQ,,,
2014-09-19,95.35,97.8,92.65,94.65,23770,EQ,,,
2014-09-22,94.35,98.15,93.35,95.35,31751,EQ,,,
2014-09-23,94.45,97.35,93.35,93.95,10629,EQ,,,
2014-09-24,93.4,94.65,91.25,91.95,9099,EQ,,,
2014-09-25,91.75,93.25,88.35,89.75,9236,EQ,,,
2014-09-26,88.85,90.65,86.8,89.8,10872,EQ,,,
2014-09-29,89.15,93.65,89.15,89.8,5134,EQ,,,
2014-09-30,90.0,95.85,89.6,91.85,11350,EQ,,,
2014-10-01,93.0,94.6,92.15,92.55,6617,EQ,,,
2014-10-07,93.95,94.65,91.35,91.55,21873,EQ,,,
2014-10-08,90.65,92.6,89.8,90.35,15462,EQ,,,
2014-10-09,89.45,92.25,89.45,90.9,13983,EQ,,,
2014-10-10,90.9,91.05,88.95,89.85,2221,EQ,,,
2014-10-13,90.0,92.15,89.15,91.0,8439,EQ,,,
2014-10-14,91.0,91.55,90.05,91.05,7521,EQ,,,
2014-10-16,90.15,91.85,86.65,87.35,5588,EQ,,,
2014-10-17,89.25,90.35,85.75,89.75,17432,EQ,,,
2014-10-20,89.65,96.95,89.4,89.95,48789,EQ,,,
2014-10-21,90.15,92.95,89.65,90.2,15898,EQ,,,
2014-10-22,91.0,92.45,89.05,89.5,12456,EQ,,,
2014-10-23,90.65,92.05,90.25,91.3,3239,EQ,,,
2014-10-27,92.0,92.0,89.2,89.4,7415,EQ,,,
2014-10-28,90.65,91.55,89.55,89.95,13865,EQ,,,
2014-10-29,90.55,91.15,88.25,88.85,13067,EQ,,,
2014-10-30,89.35,89.75,88.15,88.55,12738,EQ,,,
2014-10-31,89.2,90.6,87.05,88.5,26279,EQ,,,
2014-11-03,88.45,90.0,87.5,89.35,33915,EQ,,,
2014-11-05,90.0,92.25,88.4,90.0,54403,EQ,,,
2014-11-07,91.65,93.95,90.55,91.8,24286,EQ,,,
2014-11-10,92.6,92.6,89.75,90.4,8010,EQ,,,
2014-11-11,90.05,93.25,90.05,92.05,14536,EQ,,,
2014-11-12,93.3,95.65,91.05,93.65,31767,EQ,,,
2014-11-13,92.8,97.05,92.8,96.15,31938,EQ,,,
2014-11-14,96.15,101.25,95.65,98.25,95339,EQ,,,
2014-11-17,98.65,102.2,96.6,101.15,40569,EQ,,,
2014-11-18,101.35,102.6,98.75,99.0,17266,EQ,,,
2014-11-19,99.0,103.25,99.0,99.65,32460,EQ,,,
2014-11-20,100.25,105.05,98.8,103.55,34290,EQ,,,
2014-11-21,102.65,105.0,100.65,100.95,18431,EQ,,,
2014-11-24,102.65,102.65,97.65,98.25,13414,EQ,,,
2014-11-25,99.9,99.9,95.65,96.6,23928,EQ,,,
2014-11-26,95.65,98.55,95.65,96.15,5525,EQ,,,
2014-11-27,95.6,97.55,95.6,96.05,2675,EQ,,,
2014-11-28,95.65,99.6,95.65,97.25,13237,EQ,,,
2014-12-01,97.35,99.0,96.15,96.6,4190,EQ,,,
2014-12-02,95.65,98.0,95.65,96.55,4596,EQ,,,
2014-12-03,96.45,102.35,96.45,101.25,16490,EQ,,,
2014-12-04,100.75,106.4,100.35,105.4,39652,EQ,,,
2014-12-05,105.85,105.95,102.05,102.55,16986,EQ,,,
2014-12-08,102.0,104.55,101.1,101.35,27949,EQ,,,
2014-12-09,101.75,101.75,100.0,101.25,14300,EQ,,,
2014-12-10,101.35,101.85,98.4,99.95,3190,EQ,,,
2014-12-11,98.8,99.9,97.35,98.25,4330,EQ,,,
2014-12-12,98.45,99.2,96.15,97.35,7398,EQ,,,
2014-12-15,96.55,98.65,96.0,97.1,2849,EQ,,,
2014-12-16,96.85,97.6,95.4,96.8,9235,EQ,,,
2014-12-17,96.8,97.15,93.0,94.0,22833,EQ,,,
2014-12-18,99.0,99.0,92.0,95.0,16112,EQ,,,
2014-12-19,94.05,97.2,93.45,94.15,9204,EQ,,,
2014-12-22,94.65,94.65,92.45,93.15,9976,EQ,,,
2014-12-23,90.35,94.05,90.35,93.0,8299,EQ,,,
2014-12-24,92.65,93.6,92.0,92.3,2980,EQ,,,
2014-12-26,92.35,98.55,92.35,96.55,23744,EQ,,,
2014-12-29,96.65,100.05,96.65,99.0,8191,EQ,,,
2014-12-30,99.35,100.35,96.55,97.6,10595,EQ,,,
2014-12-31,97.0,99.95,96.55,99.35,27589,EQ,,,
2015-01-01,98.75,99.45,98.0,98.85,1657,EQ,,,
2015-01-02,99.0,99.45,97.3,98.0,2538,EQ,,,
2015-01-05,97.45,101.35,96.2,98.1,25268,EQ,,,
2015-01-06,98.0,99.95,96.0,96.75,12652,EQ,,,
2015-01-07,99.65,101.1,97.45,99.25,18323,EQ,,,
2015-01-08,100.85,100.85,98.0,100.15,12962,EQ,,,
2015-01-09,100.15,100.65,97.4,98.15,6636,EQ,,,
2015-01-12,98.15,99.45,95.5,96.55,6156,EQ,,,
2015-01-13,97.6,97.75,94.65,94.85,8812,EQ,,,
2015-01-14,95.55,96.6,92.65,93.05,15591,EQ,,,
2015-01-15,94.15,95.05,91.45,94.65,23706,EQ,,,
2015-01-16,94.6,94.6,92.65,92.85,4494,EQ,,,
2015-01-19,92.95,95.95,92.95,95.45,7026,EQ,,,
2015-01-20,97.0,98.45,95.95,96.35,14765,EQ,,,
2015-01-21,97.15,97.75,95.35,95.6,2506,EQ,,,
2015-01-22,96.55,99.15,93.0,94.6,22280,EQ,,,
2015-01-23,96.25,99.55,95.35,96.35,56334,EQ,,,
2015-01-27,96.6,99.55,95.65,97.55,24867,EQ,,,
2015-01-28,98.0,99.65,98.0,98.95,22889,EQ,,,
2015-01-29,99.35,99.35,95.75,96.65,14831,EQ,,,
2015-01-30,96.0,98.8,96.0,97.25,12681,EQ,,,
2015-02-02,97.25,98.55,96.0,96.85,5405,EQ,,,
2015-02-03,96.8,98.55,94.0,94.55,9581,EQ,,,
2015-02-04,94.8,98.8,94.8,98.15,37805,EQ,,,
2015-02-05,98.2,101.8,97.65,99.6,76422,EQ,,,
2015-02-06,100.25,101.15,97.2,98.4,12840,EQ,,,
2015-02-09,98.45,100.0,97.35,97.8,5005,EQ,,,
2015-02-10,97.55,98.6,95.15,96.8,13213,EQ,,,
2015-02-11,97.35,99.25,95.45,98.85,11007,EQ,,,
2015-02-12,99.35,99.5,97.0,97.75,4163,EQ,,,
2015-02-13,98.35,98.65,97.15,97.55,2153,EQ,,,
2015-02-16,97.65,100.15,97.2,97.55,3358,EQ,,,
2015-02-18,97.9,100.45,97.8,99.55,14803,EQ,,,
2015-02-19,100.0,100.25,97.35,97.8,5534,EQ,,,
2015-02-20,98.3,99.25,97.0,97.25,3311,EQ,,,
2015-02-23,98.15,99.1,96.4,96.95,3943,EQ,,,
2015-02-24,97.5,99.2,96.55,97.55,5182,EQ,,,
2015-02-25,98.0,99.0,96.0,96.55,3696,EQ,,,
2015-02-26,97.1,98.65,95.35,98.05,5195,EQ,,,
2015-02-27,98.15,100.35,96.85,99.45,6890,EQ,,,
2015-02-28,98.75,99.8,97.05,97.75,1497,EQ,,,
2015-03-02,97.8,98.35,96.85,97.2,2772,EQ,,,
2015-03-03,97.2,99.2,96.75,97.95,7312,EQ,,,
2015-03-04,97.95,99.95,96.65,97.05,6996,EQ,,,
2015-03-05,97.55,99.25,97.15,97.9,3689,EQ,,,
2015-03-09,97.35,98.65,96.4,97.3,3908,EQ,,,
2015-03-10,97.95,99.35,97.05,98.7,5275,EQ,,,
2015-03-11,98.05,99.6,94.15,98.4,29705,EQ,,,
2015-03-12,97.85,100.4,97.85,98.35,6978,EQ,,,
2015-03-13,99.2,103.35,98.65,100.35,35176,EQ,,,
2015-03-16,98.35,101.25,97.45,99.2,27370,EQ,,,
2015-03-17,100.35,100.4,97.65,99.25,23574,EQ,,,
2015-03-18,99.85,100.55,98.0,99.25,27773,EQ,,,
2015-03-19,99.35,99.35,97.75,98.6,9231,EQ,,,
2015-03-20,98.95,99.6,97.35,98.55,11457,EQ,,,
2015-03-23,98.55,98.6,96.4,97.5,10205,EQ,,,
2015-03-24,96.15,98.95,96.15,97.25,3488,EQ,,,
2015-03-25,97.6,98.0,95.35,96.75,13973,EQ,,,
2015-03-26,95.65,97.95,95.65,97.5,11986,EQ,,,
2015-03-27,97.0,99.25,95.35,98.65,17712,EQ,,,
2015-03-30,98.65,99.0,97.2,98.25,10602,EQ,,,
2015-03-31,98.9,98.95,97.05,98.0,20296,EQ,,,
2015-04-01,98.55,99.45,98.35,98.75,2369,EQ,,,
2015-04-06,98.6,100.85,97.8,99.05,26431,EQ,,,
2015-04-07,99.2,99.95,97.45,97.8,4972,EQ,,,
2015-04-08,98.15,98.75,96.25,96.65,13421,EQ,,,
2015-04-09,96.75,97.2,94.25,94.95,19501,EQ,,,
2015-04-10,95.35,95.75,93.65,94.15,5619,EQ,,,
2015-04-13,94.4,95.35,92.5,92.75,6257,EQ,,,
2015-04-15,92.45,94.35,91.0,91.55,3339,EQ,,,
2015-04-16,92.65,93.0,90.65,92.65,15573,EQ,,,
2015-04-17,92.95,93.55,91.7,92.35,8169,EQ,,,
2015-04-20,92.35,92.35,86.75,87.95,11282,EQ,,,
2015-04-21,88.15,88.6,84.75,86.05,13501,EQ,,,
2015-04-22,86.35,87.25,85.0,85.65,11264,EQ,,,
2015-04-23,85.95,86.55,81.0,82.55,27344,EQ,,,
2015-04-24,82.35,82.35,78.25,79.15,20558,EQ,,,
2015-04-27,79.8,80.0,74.65,77.1,11050,EQ,,,
2015-04-28,77.15,80.75,76.5,79.85,4957,EQ,,,
2015-04-29,79.85,80.5,76.75,77.15,6606,EQ,,,
2015-04-30,77.55,77.65,73.0,75.9,19378,EQ,,,
2015-05-04,76.25,82.25,76.0,78.75,20191,EQ,,,
2015-05-05,78.85,80.45,78.05,78.75,2634,EQ,,,
2015-05-06,78.75,79.45,74.35,75.0,4638,EQ,,,
2015-05-07,74.4,77.2,74.4,75.45,3977,EQ,,,
2015-05-08,75.55,78.9,75.55,78.35,6072,EQ,,,
2015-05-11,79.0,79.65,77.65,78.15,4406,EQ,,,
2015-05-12,76.55,79.0,73.65,74.5,18447,EQ,,,
2015-05-13,75.0,76.65,74.55,75.5,53427,EQ,,,
2015-05-14,76.35,77.95,74.75,76.95,6419,EQ,,,
2015-05-15,76.55,77.6,75.7,76.85,4540,EQ,,,
2015-05-18,76.65,78.65,76.65,78.15,2363,EQ,,,
2015-05-19,78.35,79.95,78.05,79.35,2282,EQ,,,
2015-05-20,79.85,88.55,79.85,86.7,44171,EQ,,,
2015-05-21,87.35,88.25,85.15,85.95,33901,EQ,,,
2015-05-22,85.45,86.65,84.5,85.45,2781,EQ,,,
2015-05-25,86.6,86.6,83.0,83.45,1703,EQ,,,
2015-05-26,84.05,85.2,81.75,82.75,2384,EQ,,,
2015-05-27,82.15,84.25,81.2,83.05,5457,EQ,,,
2015-05-28,82.0,82.55,80.25,81.45,6532,EQ,,,
2015-05-29,82.0,82.6,78.75,79.45,36095,EQ,,,
2015-06-01,79.65,81.95,78.55,79.2,7051,EQ,,,
2015-06-02,80.45,81.8,78.65,79.55,7765,EQ,,,
2015-06-03,78.5,78.65,73.0,76.2,8195,EQ,,,
2015-06-04,77.25,79.0,75.35,77.05,7907,EQ,,,
2015-06-05,77.25,78.35,75.25,75.75,3850,EQ,,,
2015-06-08,75.45,76.8,74.35,75.65,28065,EQ,,,
2015-06-09,76.65,76.65,74.35,74.55,1585,EQ,,,
2015-06-10,74.7,76.45,74.65,75.65,2407,EQ,,,
2015-06-11,76.35,78.25,76.0,76.45,12417,EQ,,,
2015-06-12,75.35,76.8,75.0,76.25,4576,EQ,,,
2015-06-15,75.85,76.85,74.15,74.95,3287,EQ,,,
2015-06-16,75.65,75.75,73.7,74.6,1908,EQ,,,
2015-06-17,76.0,80.85,74.8,79.9,13670,EQ,,,
2015-06-18,79.0,81.2,78.65,79.45,3813,EQ,,,
2015-06-19,80.0,82.0,78.05,81.15,4676,EQ,,,
2015-06-22,82.0,82.0,78.75,79.35,5026,EQ,,,
2015-06-23,79.0,80.65,78.25,78.65,3778,EQ,,,
2015-06-24,78.65,78.95,76.35,76.65,9353,EQ,,,
2015-06-25,76.6,77.65,76.0,76.55,2663,EQ,,,
2015-06-26,76.8,76.95,74.9,75.85,4109,EQ,,,
2015-06-29,75.35,75.55,74.4,75.05,2597,EQ,,,
2015-06-30,75.6,77.65,74.65,75.15,7738,EQ,,,
2015-07-01,76.0,77.65,74.0,76.85,7575,EQ,,,
2015-07-02,77.25,77.65,76.35,76.85,6387,EQ,,,
2015-07-03,76.8,78.0,75.65,77.6,7036,EQ,,,
2015-07-06,76.65,78.85,76.65,78.55,4106,EQ,,,
2015-07-07,79.25,80.15,78.35,79.65,4317,EQ,,,
2015-07-08,77.6,80.15,77.6,78.75,6076,EQ,,,
2015-07-09,78.75,81.15,78.75,79.85,4604,EQ,,,
2015-07-10,81.2,83.15,78.85,80.9,22154,EQ,,,
2015-07-13,81.0,83.0,80.0,81.05,3128,EQ,,,
2015-07-14,81.85,82.65,80.55,81.15,1247,EQ,,,
2015-07-15,81.05,81.4,79.4,79.85,2792,EQ,,,
2015-07-16,79.65,81.5,79.65,80.3,159397,EQ,,,
2015-07-17,80.65,81.35,78.85,79.55,9040,EQ,,,
2015-07-20,80.0,80.25,78.55,78.85,2360,EQ,,,
2015-07-21,80.95,80.95,77.65,79.35,2260,EQ,,,
2015-07-22,78.65,80.65,77.75,79.15,2156,EQ,,,
2015-07-23,79.75,82.55,79.45,81.25,8568,EQ,,,
2015-07-24,81.55,82.55,80.0,80.85,58472,EQ,,,
2015-07-27,80.55,82.0,79.4,80.95,16831,EQ,,,
2015-07-28,80.0,81.35,80.0,80.25,20020,EQ,,,
2015-07-29,80.35,81.35,79.55,80.3,1346,EQ,,,
2015-07-30,80.65,81.65,79.95,80.1,4575,EQ,,,
2015-07-31,81.6,83.2,80.45,81.6,4017,EQ,,,
2015-08-03,80.7,82.65,80.3,81.15,2676,EQ,,,
2015-08-04,81.65,82.15,80.0,80.4,3627,EQ,,,
2015-08-05,81.6,82.0,81.0,81.5,2067,EQ,,,
2015-08-06,82.0,84.55,80.8,83.1,14822,EQ,,,
2015-08-07,84.4,85.15,80.55,81.6,11387,EQ,,,
2015-08-10,83.35,89.6,80.8,86.9,22679,EQ,,,
2015-08-11,88.4,89.6,86.85,88.55,117741,EQ,,,
2015-08-12,88.55,90.15,86.65,87.2,9192,EQ,,,
2015-08-13,87.35,88.0,82.6,86.6,10929,EQ,,,
2015-08-14,84.75,87.0,84.75,86.7,2218,EQ,,,
2015-08-17,85.55,87.35,85.0,85.65,2928,EQ,,,
2015-08-18,85.6,87.35,85.6,86.85,2605,EQ,,,
2015-08-19,87.2,88.35,85.95,86.15,2224,EQ,,,
2015-08-20,86.65,88.0,85.2,87.35,5314,EQ,,,
2015-08-21,87.4,87.75,83.6,87.2,12067,EQ,,,
2015-08-24,84.15,86.85,79.85,80.1,19118,EQ,,,
2015-08-25,80.45,83.25,79.35,81.75,5150,EQ,,,
2015-08-26,82.0,82.65,80.75,81.75,5548,EQ,,,
2015-08-27,82.0,82.65,80.15,81.8,2468,EQ,,,
2015-08-28,83.0,83.2,81.85,82.35,846,EQ,,,
2015-08-31,84.65,84.65,81.65,82.45,39108,EQ,,,
2015-09-01,82.45,83.75,81.65,83.05,199526,EQ,,,
2015-09-02,83.05,83.65,82.95,83.0,4109,EQ,,,
2015-09-03,82.55,83.35,82.15,83.05,3585,EQ,,,
2015-09-04,82.05,83.35,81.55,82.25,14157,EQ,,,
2015-09-07,82.3,82.7,78.35,78.75,3388,EQ,,,
2015-09-08,80.0,81.15,78.0,78.95,1737,EQ,,,
2015-09-09,79.65,80.5,78.35,79.6,1473,EQ,,,
2015-09-10,78.8,78.8,77.4,77.8,788,EQ,,,
2015-09-11,78.6,80.55,77.55,79.55,6139,EQ,,,
2015-09-14,81.3,81.35,78.4,79.45,798,EQ,,,
2015-09-15,79.05,80.95,78.65,79.45,67505,EQ,,,
2015-09-16,79.75,83.95,78.75,82.75,73227,EQ,,,
2015-09-18,80.8,87.15,80.75,85.55,8095,EQ,,,
2015-09-21,85.45,88.35,84.35,86.0,5173,EQ,,,
2015-09-22,86.0,86.6,82.55,83.95,10830,EQ,,,
2015-09-23,82.65,86.85,82.65,86.2,5909,EQ,,,
2015-09-24,86.65,89.0,84.6,87.8,11898,EQ,,,
2015-09-28,87.1,88.0,85.0,85.85,2824,EQ,,,
2015-09-29,84.75,86.35,84.75,85.75,6068,EQ,,,
2015-09-30,86.0,89.35,83.85,86.9,12861,EQ,,,
2015-10-01,87.35,87.5,85.4,86.25,1766,EQ,,,
2015-10-05,86.2,88.25,85.95,87.85,6273,EQ,,,
2015-10-06,87.8,88.25,87.8,87.8,5263,EQ,,,
2015-10-07,87.8,88.0,86.0,86.85,2405,EQ,,,
2015-10-08,87.6,87.6,86.0,86.65,3477,EQ,,,
2015-10-09,87.5,90.65,86.05,89.15,12498,EQ,,,
2015-10-12,88.65,90.65,87.55,88.65,3729,EQ,,,
2015-10-13,88.55,90.75,88.05,90.1,4759,EQ,,,
2015-10-14,90.65,92.35,89.4,90.9,33217,EQ,,,
2015-10-15,89.85,91.95,89.0,89.8,4698,EQ,,,
2015-10-16,89.5,96.6,88.85,92.05,8925,EQ,,,
2015-10-19,92.05,94.0,91.35,91.9,9474,EQ,,,
2015-10-20,91.95,92.95,90.15,91.9,5591,EQ,,,
2015-10-21,91.15,93.6,91.15,92.65,3745,EQ,,,
2015-10-23,92.85,94.25,92.15,92.65,15293,EQ,,,
2015-10-26,92.65,94.65,92.05,93.8,68097,EQ,,,
2015-10-27,92.75,93.95,92.55,93.05,1677,EQ,,,
2015-10-28,92.9,93.95,92.05,93.0,2520,EQ,,,
2015-10-29,93.4,94.45,93.0,93.35,2056,EQ,,,
2015-10-30,94.65,94.65,93.0,93.0,1302,EQ,,,
2015-11-02,92.6,93.65,92.05,93.35,3159,EQ,,,
2015-11-03,93.55,95.65,93.35,95.25,5871,EQ,,,
2015-11-04,94.55,96.4,93.45,95.05,7751,EQ,,,
2015-11-05,93.95,95.95,93.35,93.35,11329,EQ,,,
2015-11-06,93.4,94.0,93.35,93.35,10949,EQ,,,
2015-11-09,93.35,93.75,92.1,93.35,5268,EQ,,,
2015-11-10,93.35,93.65,93.35,93.35,4936,EQ,,,
2015-11-11,93.8,94.85,93.45,93.8,1217,EQ,,,
2015-11-13,95.0,95.0,92.05,92.75,2321,EQ,,,
2015-11-16,92.05,95.55,91.55,95.05,4524,EQ,,,
2015-11-17,94.85,95.2,93.35,93.35,1892,EQ,,,
2015-11-18,94.0,95.65,93.25,95.05,4155,EQ,,,
2015-11-19,94.7,95.65,93.65,95.3,2655,EQ,,,
2015-11-20,94.7,95.95,93.85,94.45,2403,EQ,,,
2015-11-23,94.0,95.55,94.0,94.7,2845,EQ,,,
2015-11-24,94.65,98.75,93.95,97.0,5263,EQ,,,
2015-11-26,98.35,102.75,97.35,102.05,17567,EQ,,,
2015-11-27,102.05,105.0,98.85,103.15,47933,EQ,,,
2015-11-30,102.75,110.0,100.95,107.7,19112,EQ,,,
2015-12-01,107.8,109.75,103.75,104.8,31197,EQ,,,
2015-12-02,104.8,106.6,102.75,104.35,3223,EQ,,,
2015-12-03,104.65,105.95,103.45,105.25,2285,EQ,,,
2015-12-04,103.8,104.65,100.75,103.2,7762,EQ,,,
2015-12-07,104.0,104.0,101.4,103.35,4851,EQ,,,
2015-12-08,103.35,103.45,101.4,102.2,1536,EQ,,,
2015-12-09,102.65,102.65,100.1,101.65,6817,EQ,,,
2015-12-10,101.6,103.65,100.65,103.3,2598,EQ,,,
2015-12-11,103.25,103.75,100.35,100.85,2499,EQ,,,
2015-12-14,101.95,101.95,98.75,100.5,3109,EQ,,,
2015-12-15,100.8,102.45,98.15,101.85,3432,EQ,,,
2015-12-16,101.45,101.95,99.65,100.8,881,EQ,,,
2015-12-17,100.95,104.7,100.05,103.75,5739,EQ,,,
2015-12-18,103.35,105.6,103.35,104.85,4471,EQ,,,
2015-12-21,105.85,115.05,104.15,109.85,40824,EQ,,,
2015-12-22,110.55,110.55,105.05,106.65,24674,EQ,,,
2015-12-23,106.65,117.3,106.45,112.45,34966,EQ,,,
2015-12-24,113.25,114.0,108.75,112.55,25954,EQ,,,
2015-12-28,113.35,116.35,109.2,114.05,38646,EQ,,,
2015-12-29,113.55,118.6,112.05,116.7,36055,EQ,,,
2015-12-30,117.35,117.95,114.65,117.25,16157,EQ,,,
2015-12-31,117.35,117.35,115.65,116.65,123633,EQ,,,
2016-01-01,118.35,118.35,115.65,116.85,6896,EQ,,,
2016-01-04,117.85,117.85,112.2,113.85,10739,EQ,,,
2016-01-05,113.95,114.0,111.35,112.1,5760,EQ,,,
2016-01-06,112.05,112.05,108.85,110.2,65767,EQ,,,
2016-01-07,109.35,110.45,107.55,108.45,9532,EQ,,,
2016-01-08,109.75,115.35,109.2,114.1,8550,EQ,,,
2016-01-11,112.35,114.45,111.65,113.6,3999,EQ,,,
2016-01-12,112.8,113.8,110.2,111.35,2009,EQ,,,
2016-01-13,111.05,112.6,107.15,110.95,6446,EQ,,,
2016-01-14,110.15,110.15,108.0,109.05,9186,EQ,,,
2016-01-15,108.95,109.65,106.65,108.35,13178,EQ,,,
2016-01-18,106.85,108.05,103.75,106.2,6712,EQ,,,
2016-01-19,106.0,108.65,104.85,108.4,3610,EQ,,,
2016-01-20,108.0,108.0,103.55,106.45,4824,EQ,,,
2016-01-21,106.65,108.25,105.35,107.5,3153,EQ,,,
2016-01-22,107.35,109.15,106.95,107.95,5775,EQ,,,
2016-01-25,109.2,109.2,104.75,105.35,3377,EQ,,,
2016-01-27,105.85,105.85,101.65,104.25,6160,EQ,,,
2016-01-28,104.2,105.95,102.65,103.6,2265,EQ,,,
2016-01-29,102.75,104.65,102.15,103.85,5127,EQ,,,
2016-02-01,104.95,105.05,103.05,103.35,2419,EQ,,,
2016-02-02,105.05,105.05,100.7,101.75,2335,EQ,,,
2016-02-03,100.7,101.35,98.0,98.85,2011,EQ,,,
2016-02-04,99.95,100.65,97.8,98.65,2866,EQ,,,
2016-02-05,100.95,101.65,96.25,98.45,176701,EQ,,,
2016-02-08,99.95,101.65,98.25,99.4,2606,EQ,,,
2016-02-09,98.75,99.85,96.45,98.05,2250,EQ,,,
2016-02-10,97.95,99.65,96.8,98.25,2485,EQ,,,
2016-02-11,98.2,98.2,92.15,95.1,5656,EQ,,,
2016-02-12,95.05,101.65,90.35,94.75,14607,EQ,,,
2016-02-15,93.0,97.35,93.0,96.75,155269,EQ,,,
2016-02-16,96.15,97.35,92.65,93.5,1214,EQ,,,
2016-02-17,93.65,96.65,89.95,94.45,4481,EQ,,,
2016-02-18,94.15,96.25,93.2,95.35,2211,EQ,,,
2016-02-19,97.75,97.75,94.85,96.35,866,EQ,,,
2016-02-22,96.4,97.0,94.75,95.15,649,EQ,,,
2016-02-23,96.6,100.05,92.2,97.85,8561,EQ,,,
2016-02-24,96.65,97.65,95.2,96.85,2074,EQ,,,
2016-02-25,96.0,97.2,94.5,96.55,17962,EQ,,,
2016-02-26,96.75,96.8,95.2,96.0,143862,EQ,,,
2016-02-29,96.25,98.0,92.9,95.35,3740,EQ,,,
2016-03-01,97.35,101.65,95.15,100.0,55585,EQ,,,
2016-03-02,100.65,101.0,97.0,97.55,3728,EQ,,,
2016-03-03,98.75,103.2,98.75,102.75,31349,EQ,,,
2016-03-04,102.15,103.35,99.7,100.6,5812,EQ,,,
2016-03-08,99.7,99.85,96.15,96.75,6265,EQ,,,
2016-03-09,95.85,96.75,94.0,96.25,7366,EQ,,,
2016-03-10,97.25,98.55,96.15,96.55,2492,EQ,,,
2016-03-11,96.65,97.8,95.65,95.9,62921,EQ,,,
2016-03-14,96.9,97.0,95.05,95.75,3172,EQ,,,
2016-03-15,95.75,97.6,93.75,94.35,5097,EQ,,,
2016-03-16,95.35,98.25,92.2,96.55,16941,EQ,,,
2016-03-17,96.6,98.35,94.75,97.3,8932,EQ,,,
2016-03-18,98.35,101.35,96.45,100.65,8702,EQ,,,
2016-03-21,99.7,107.95,98.75,102.45,15329,EQ,,,
2016-03-22,103.95,112.0,101.7,105.45,10945,EQ,,,
2016-03-23,106.6,107.35,103.0,104.2,5797,EQ,,,
2016-03-28,103.05,104.25,102.35,103.6,3841,EQ,,,
2016-03-29,104.0,104.75,101.65,103.45,100556,EQ,,,
2016-03-30,102.8,104.65,102.8,103.65,1832,EQ,,,
2016-03-31,103.85,108.25,102.8,106.15,14767,EQ,,,
2016-04-01,106.45,107.85,104.85,106.6,27008,EQ,,,
2016-04-04,106.0,107.45,105.45,106.65,2755,EQ,,,
2016-04-05,106.65,108.35,106.05,107.45,3272,EQ,,,
2016-04-06,107.45,108.35,106.55,108.15,2165,EQ,,,
2016-04-07,106.8,109.35,104.8,105.85,2160,EQ,,,
2016-04-08,105.8,106.2,104.75,105.45,536,EQ,,,
2016-04-11,105.45,114.95,104.35,111.75,34226,EQ,,,
2016-04-12,111.25,113.35,108.35,113.1,13136,EQ,,,
2016-04-13,111.45,113.85,110.15,112.8,5247,EQ,,,
2016-04-18,111.45,112.6,109.05,110.65,7286,EQ,,,
2016-04-20,110.6,111.15,107.45,108.85,2639,EQ,,,
2016-04-21,109.4,110.0,106.55,107.5,3826,EQ,,,
2016-04-22,107.35,109.15,106.35,108.75,22512,EQ,,,
2016-04-25,108.05,109.8,108.05,108.65,7136,EQ,,,
2016-04-26,109.05,113.0,107.65,110.6,15878,EQ,,,
2016-04-27,111.25,113.35,109.35,109.65,2530,EQ,,,
2016-04-28,109.65,112.65,108.4,110.9,1863,EQ,,,
2016-04-29,112.0,114.65,109.35,113.25,4520,EQ,,,
2016-05-02,114.25,114.25,111.05,113.4,112671,EQ,,,
2016-05-03,114.65,116.45,112.65,113.9,148668,EQ,,,
2016-05-04,115.05,115.05,113.35,113.7,92417,EQ,,,
2016-05-05,113.95,114.95,112.8,113.65,6039,EQ,,,
2016-05-06,112.35,114.25,112.35,113.65,1751,EQ,,,
2016-05-09,114.25,114.25,113.35,113.65,1046,EQ,,,
2016-05-10,113.25,115.0,113.25,114.05,2589,EQ,,,
2016-05-11,112.05,115.65,112.05,113.35,4604,EQ,,,
2016-05-12,113.45,117.35,113.45,116.25,8125,EQ,,,
2016-05-13,116.0,120.65,115.2,119.75,11092,EQ,,,
2016-05-16,120.35,120.35,117.2,118.0,3193,EQ,,,
2016-05-17,118.0,118.65,117.4,118.05,2477,EQ,,,
2016-05-18,118.05,118.35,116.75,117.35,21379,EQ,,,
2016-05-19,117.4,118.85,116.6,117.65,5866,EQ,,,
2016-05-20,117.35,118.65,116.65,117.35,6892,EQ,,,
2016-05-23,117.35,118.35,115.65,116.85,2084,EQ,,,
2016-05-24,117.35,118.15,116.65,117.5,41103,EQ,,,
2016-05-25,117.55,125.25,116.85,120.65,112571,EQ,,,
2016-05-26,122.9,122.9,116.4,117.75,23407,EQ,,,
2016-05-27,118.75,123.35,116.75,119.35,14528,EQ,,,
2016-05-30,118.65,119.2,115.55,116.1,4911,EQ,,,
2016-05-31,116.1,117.95,106.85,108.95,42969,EQ,,,
2016-06-01,108.95,114.95,108.95,112.75,20351,EQ,,,
2016-06-02,113.65,116.0,112.65,113.35,9450,EQ,,,
2016-06-03,113.35,114.95,112.0,112.15,5864,EQ,,,
2016-06-06,113.65,113.65,111.65,112.6,2811,EQ,,,
2016-06-07,112.65,114.85,112.0,113.65,26248,EQ,,,
2016-06-08,115.0,115.0,112.35,112.75,659,EQ,,,
2016-06-09,115.0,115.0,112.65,113.15,3838,EQ,,,
2016-06-10,113.35,114.0,112.0,112.55,2052,EQ,,,
2016-06-13,113.2,114.65,112.0,112.9,3853,EQ,,,
2016-06-14,112.35,114.6,112.35,113.45,2697,EQ,,,
2016-06-15,113.4,114.25,112.0,112.45,8808,EQ,,,
2016-06-16,112.45,113.75,111.95,113.05,4832,EQ,,,
2016-06-17,113.35,113.75,112.05,112.35,1668,EQ,,,
2016-06-20,113.35,113.6,112.35,112.95,1286,EQ,,,
2016-06-21,114.0,114.0,112.0,113.25,4929,EQ,,,
2016-06-22,113.2,114.0,111.35,111.95,1697,EQ,,,
2016-06-23,112.15,112.6,110.8,112.15,2194,EQ,,,
2016-06-24,111.65,114.35,105.35,112.1,22792,EQ,,,
2016-06-27,113.15,113.2,111.2,112.1,3694,EQ,,,
2016-06-28,114.0,122.65,112.85,117.9,139034,EQ,,,
2016-06-29,119.35,121.65,118.6,119.55,43151,EQ,,,
2016-06-30,120.25,122.95,118.55,121.1,20639,EQ,,,
2016-07-01,121.65,122.65,119.8,120.25,3415,EQ,,,
2016-07-04,121.0,121.2,118.95,119.45,3240,EQ,,,
2016-07-05,119.4,119.95,118.05,118.55,1568,EQ,,,
2016-07-07,117.05,120.05,117.05,118.0,2903,EQ,,,
2016-07-08,118.0,119.0,117.35,118.3,16220,EQ,,,
2016-07-11,117.35,119.65,117.35,118.25,2271,EQ,,,
2016-07-12,118.2,119.05,117.0,118.35,3018,EQ,,,
2016-07-13,117.45,118.95,117.45,117.95,115856,EQ,,,
2016-07-14,118.25,118.65,117.35,117.7,1531,EQ,,,
2016-07-15,117.85,118.25,116.6,116.7,4900,EQ,,,
2016-07-18,118.0,118.0,116.6,116.75,2815,EQ,,,
2016-07-19,118.0,118.0,116.6,117.75,6114,EQ,,,
2016-07-20,118.05,118.05,116.65,116.75,1497,EQ,,,
2016-07-21,116.8,118.0,116.65,117.05,2479,EQ,,,
2016-07-22,117.15,119.65,116.75,119.2,4694,EQ,,,
2016-07-25,118.0,120.55,117.35,117.9,3015,EQ,,,
2016-07-26,117.85,118.65,117.35,117.6,510,EQ,,,
2016-07-27,118.35,119.25,118.0,118.55,1152,EQ,,,
2016-07-28,117.45,123.35,115.5,119.95,12438,EQ,,,
2016-07-29,121.35,123.35,118.8,122.05,101810,EQ,,,
2016-08-01,122.65,125.65,121.0,123.85,133505,EQ,,,
2016-08-02,124.35,125.1,123.35,123.35,3328,EQ,,,
2016-08-03,123.95,123.95,123.05,123.35,2470,EQ,,,
2016-08-04,123.4,124.65,123.35,123.4,2222,EQ,,,
2016-08-05,124.0,124.0,123.35,123.4,3235,EQ,,,
2016-08-08,124.0,125.85,123.6,124.8,2708,EQ,,,
2016-08-09,125.0,126.25,123.35,123.5,3841,EQ,,,
2016-08-10,123.6,124.45,123.35,123.35,3331,EQ,,,
2016-08-11,124.25,127.25,123.35,125.6,8341,EQ,,,
2016-08-12,126.65,128.4,124.2,126.55,10106,EQ,,,
2016-08-16,126.45,129.6,126.35,126.6,8408,EQ,,,
2016-08-17,127.85,128.55,126.05,128.0,19995,EQ,,,
2016-08-18,128.35,128.95,127.75,128.0,2039,EQ,,,
2016-08-19,128.0,128.85,127.35,127.85,4037,EQ,,,
2016-08-22,129.0,129.0,128.05,128.45,11974,EQ,,,
2016-08-23,127.4,129.4,127.4,128.45,3926,EQ,,,
2016-08-24,128.25,130.85,126.75,129.75,3290,EQ,,,
2016-08-25,130.25,135.65,130.2,133.7,10236,EQ,,,
2016-08-26,135.85,141.7,134.4,138.35,16894,EQ,,,
2016-08-29,140.0,140.55,134.05,139.85,7928,EQ,,,
2016-08-30,140.0,146.65,136.8,143.3,129120,EQ,,,
2016-08-31,145.45,146.6,142.45,145.05,6719,EQ,,,
2016-09-01,145.05,146.6,144.75,146.4,12511,EQ,,,
2016-09-02,146.55,151.8,145.95,149.8,33953,EQ,,,
2016-09-06,151.6,161.35,150.15,159.85,41755,EQ,,,
2016-09-07,161.0,162.95,156.85,157.1,32108,EQ,,,
2016-09-08,157.1,158.35,155.95,156.1,12416,EQ,,,
2016-09-09,156.85,158.15,155.55,156.35,11117,EQ,,,
2016-09-12,149.35,166.55,148.65,160.95,302622,EQ,,,
2016-09-14,161.2,162.95,158.35,159.85,81476,EQ,,,
2016-09-15,159.35,160.15,151.35,153.85,94714,EQ,,,
2016-09-16,158.6,158.6,149.35,150.45,95154,EQ,,,
2016-09-19,153.0,156.25,149.35,149.6,127469,EQ,,,
2016-09-20,150.0,153.25,145.65,146.3,84931,EQ,,,
2016-09-21,146.3,147.35,142.4,143.2,98355,EQ,,,
2016-09-22,146.65,146.65,141.35,141.65,100105,EQ,,,
2016-09-23,144.4,144.95,140.75,141.35,73714,EQ,,,
2016-09-26,140.05,143.35,140.05,141.45,49865,EQ,,,
2016-09-27,143.35,143.35,140.0,140.1,64785,EQ,,,
2016-09-28,140.35,141.35,138.65,139.75,68231,EQ,,,
2016-09-29,140.0,141.65,136.65,139.4,153388,EQ,,,
2016-09-30,136.85,145.15,136.85,142.3,117725,EQ,,,
2016-10-03,142.3,149.85,141.4,148.7,182227,EQ,,,
2016-10-04,150.0,152.0,147.25,148.35,115142,EQ,,,
2016-10-05,149.15,149.6,145.35,146.15,86507,EQ,,,
2016-10-06,146.65,148.5,143.05,144.55,61465,EQ,,,
2016-10-07,145.35,146.6,142.65,143.55,25251,EQ,,,
2016-10-10,144.0,145.95,141.65,142.75,32497,EQ,,,
2016-10-13,141.35,148.0,139.75,143.0,117881,EQ,,,
2016-10-14,143.0,143.35,139.0,140.25,45460,EQ,,,
2016-10-17,139.0,143.35,138.65,139.05,40988,EQ,,,
2016-10-18,142.9,142.9,138.9,141.4,30481,EQ,,,
2016-10-19,141.6,142.85,139.35,139.65,30661,EQ,,,
2016-10-20,140.65,140.95,137.7,138.95,66426,EQ,,,
2016-10-21,140.05,140.45,136.65,136.95,61122,EQ,,,
2016-10-24,139.85,139.85,134.65,135.4,60298,EQ,,,
2016-10-25,135.35,139.95,134.0,135.9,112293,EQ,,,
2016-10-26,134.15,135.8,132.0,132.75,83892,EQ,,,
2016-10-27,132.0,133.15,130.0,131.85,72322,EQ,,,
2016-10-28,130.05,136.55,130.05,132.95,129064,EQ,,,
2016-10-30,135.95,137.0,134.75,136.2,39269,EQ,,,
2016-11-01,134.35,139.75,134.35,138.25,60189,EQ,,,
2016-11-02,137.75,137.75,133.35,133.8,36407,EQ,,,
2016-11-03,135.35,136.65,134.0,134.7,48399,EQ,,,
2016-11-04,136.55,136.6,130.05,130.55,76521,EQ,,,
2016-11-07,133.35,134.7,129.55,130.2,30902,EQ,,,
2016-11-08,130.65,139.65,130.05,134.5,362237,EQ,,,
2016-11-09,123.6,134.55,123.6,132.45,114510,EQ,,,
2016-11-10,135.65,136.65,131.35,132.95,35905,EQ,,,
2016-11-11,133.35,136.0,127.35,127.9,43418,EQ,,,
2016-11-15,128.0,130.25,124.0,127.7,67611,EQ,,,
2016-11-16,128.55,129.85,124.0,128.9,45544,EQ,,,
2016-11-17,130.15,130.15,125.35,126.15,63526,EQ,,,
2016-11-18,126.1,128.2,123.35,124.3,37456,EQ,,,
2016-11-21,123.4,125.35,121.35,121.7,36052,EQ,,,
2016-11-22,122.0,124.65,120.65,122.9,25998,EQ,,,
2016-11-23,123.5,124.0,120.65,122.0,22640,EQ,,,
2016-11-24,120.65,123.85,120.65,121.35,24771,EQ,,,
2016-11-25,121.45,123.65,120.0,121.1,57981,EQ,,,
2016-11-28,120.65,123.45,120.0,120.95,56955,EQ,,,
2016-11-29,122.4,124.65,120.05,121.3,56901,EQ,,,
2016-11-30,122.7,123.35,119.4,120.15,117743,EQ,,,
2016-12-01,122.6,122.6,118.65,119.15,673205,EQ,,,
2016-12-02,119.15,122.0,116.65,118.6,78805,EQ,,,
2016-12-05,119.85,135.8,117.1,133.0,1804413,EQ,,,
2016-12-06,134.65,135.95,130.0,132.25,412704,EQ,,,
2016-12-07,135.35,135.95,130.3,132.15,440948,EQ,,,
2016-12-08,133.95,137.35,132.75,135.8,212102,EQ,,,
2016-12-09,136.0,137.0,133.55,135.15,77017,EQ,,,
2016-12-12,136.9,136.9,132.45,133.2,44273,EQ,,,
2016-12-13,135.8,135.8,133.1,134.85,27075,EQ,,,
2016-12-14,135.5,135.5,131.15,131.85,34668,EQ,,,
2016-12-15,132.0,134.55,131.35,131.75,30942,EQ,,,
2016-12-16,131.75,134.45,129.65,132.35,44537,EQ,,,
2016-12-19,133.4,134.35,130.65,133.15,22856,EQ,,,
2016-12-20,133.15,133.95,130.0,130.85,24959,EQ,,,
2016-12-21,131.65,132.3,130.2,130.7,18327,EQ,,,
2016-12-22,130.45,131.15,127.85,128.75,24467,EQ,,,
2016-12-23,128.35,131.05,127.75,130.75,18827,EQ,,,
2016-12-26,131.0,131.8,127.2,130.65,35364,EQ,,,
2016-12-27,129.45,135.7,129.2,133.3,329467,EQ,,,
2016-12-28,133.3,135.7,131.35,134.25,38956,EQ,,,
2016-12-29,133.35,136.0,132.65,133.7,64169,EQ,,,
2016-12-30,134.05,140.65,132.6,133.6,172787,EQ,,,
2017-01-02,136.65,137.05,133.15,134.55,105462,EQ,,,
2017-01-03,134.65,135.25,133.5,134.0,40370,EQ,,,
2017-01-04,135.85,135.85,132.9,133.25,59122,EQ,,,
2017-01-05,134.1,135.0,132.85,133.55,31333,EQ,,,
2017-01-06,134.05,135.5,133.0,133.35,63576,EQ,,,
2017-01-09,134.65,135.65,132.85,133.65,44668,EQ,,,
2017-01-10,133.35,136.0,131.9,132.55,60131,EQ,,,
2017-01-11,134.65,134.65,132.1,132.7,64851,EQ,,,
2017-01-12,133.85,133.95,130.75,131.3,40493,EQ,,,
2017-01-13,132.65,146.2,131.4,142.65,1456597,EQ,,,
2017-01-16,143.35,143.35,139.0,142.05,160353,EQ,,,
2017-01-17,142.65,143.35,140.15,141.05,78390,EQ,,,
2017-01-18,143.25,143.25,140.35,141.35,136521,EQ,,,
2017-01-19,141.75,143.25,139.75,140.45,83411,EQ,,,
2017-01-20,139.65,140.0,137.15,137.85,48575,EQ,,,
2017-01-23,136.65,142.0,136.1,140.05,70403,EQ,,,
2017-01-24,143.35,168.05,142.8,163.95,2522192,EQ,,,
2017-01-25,163.35,174.25,157.35,169.4,2100343,EQ,,,
2017-01-27,168.65,169.25,161.55,162.65,638921,EQ,,,
2017-01-30,162.65,166.95,156.25,161.6,497250,EQ,,,
2017-01-31,160.35,163.35,157.4,159.15,248743,EQ,,,
2017-02-01,159.35,163.35,154.75,159.55,176017,EQ,,,
2017-02-02,162.0,172.65,158.35,167.65,716487,EQ,,,
2017-02-03,168.0,169.85,165.35,167.4,130346,EQ,,,
2017-02-06,168.0,169.6,161.05,163.35,117172,EQ,,,
2017-02-07,164.95,175.35,164.0,171.6,677538,EQ,,,
2017-02-08,172.65,179.6,172.65,174.4,1270148,EQ,,,
2017-02-09,174.65,175.95,169.4,171.3,145263,EQ,,,
2017-02-10,171.3,173.3,166.0,166.75,94434,EQ,,,
2017-02-13,168.1,173.2,166.1,167.9,177836,EQ,,,
2017-02-14,166.35,170.35,165.7,166.8,80196,EQ,,,
2017-02-15,167.65,167.65,159.6,165.2,161789,EQ,,,
2017-02-16,166.05,169.0,164.05,164.65,173539,EQ,,,
2017-02-17,166.05,167.35,163.25,164.05,66358,EQ,,,
2017-02-20,164.0,172.2,162.35,169.25,217991,EQ,,,
2017-02-21,168.75,171.35,165.5,166.55,114659,EQ,,,
2017-02-22,167.7,170.3,165.2,165.9,159080,EQ,,,
2017-02-23,166.0,167.45,164.0,164.45,227469,EQ,,,
2017-02-27,167.3,167.85,164.0,164.45,197857,EQ,,,
2017-02-28,164.7,168.95,162.0,163.05,260866,EQ,,,
2017-03-01,164.45,164.95,163.35,164.05,174702,EQ,,,
2017-03-02,164.6,164.65,158.05,158.75,88744,EQ,,,
2017-03-03,158.7,163.65,158.0,161.15,99345,EQ,,,
2017-03-06,161.4,163.35,159.35,161.45,108241,EQ,,,
2017-03-07,162.6,167.1,159.2,164.6,116886,EQ,,,
2017-03-08,166.3,170.15,160.65,161.6,446255,EQ,,,
2017-03-09,161.35,163.15,159.95,160.65,86704,EQ,,,
2017-03-10,162.6,163.2,159.05,159.8,135554,EQ,,,
2017-03-14,163.35,163.35,160.65,162.05,68601,EQ,,,
2017-03-15,163.3,163.4,160.2,160.85,63108,EQ,,,
2017-03-16,161.05,163.35,161.05,162.3,107637,EQ,,,
2017-03-17,163.0,167.35,161.35,165.55,328003,EQ,,,
2017-03-20,167.5,169.55,163.45,167.95,9647437,EQ,,,
2017-03-21,170.05,171.05,161.65,165.05,463972,EQ,,,
2017-03-22,163.35,165.0,160.35,162.85,150366,EQ,,,
2017-03-23,160.65,163.95,160.65,161.95,122455,EQ,,,
2017-03-24,163.25,164.65,160.0,160.75,100888,EQ,,,
2017-03-27,161.95,162.0,156.75,160.15,184965,EQ,,,
2017-03-28,160.75,165.55,160.15,164.2,142507,EQ,,,
2017-03-29,164.85,170.0,161.35,166.0,216124,EQ,,,
2017-03-30,165.65,173.2,164.7,170.75,230634,EQ,,,
2017-03-31,172.0,180.0,169.4,177.8,574760,EQ,,,
2017-04-03,179.65,184.4,178.7,181.25,870551,EQ,,,
2017-04-05,181.3,183.05,178.95,181.15,280516,EQ,,,
2017-04-06,181.2,181.2,178.0,179.25,159168,EQ,,,
2017-04-07,178.35,181.35,177.35,178.5,210311,EQ,,,
2017-04-10,182.65,182.65,179.5,180.75,163471,EQ,,,
2017-04-11,181.05,181.85,178.65,179.55,118909,EQ,,,
2017-04-12,180.15,181.0,174.7,176.9,85980,EQ,,,
2017-04-13,178.05,183.15,176.85,179.65,133737,EQ,,,
2017-04-17,178.65,181.3,175.95,176.65,134206,EQ,,,
2017-04-18,177.65,179.95,174.35,175.3,57014,EQ,,,
2017-04-19,176.0,177.3,173.7,175.75,39025,EQ,,,
2017-04-20,177.3,177.95,174.05,174.55,42029,EQ,,,
2017-04-21,175.95,180.0,175.2,175.85,50251,EQ,,,
2017-04-24,175.35,178.1,172.15,173.05,76710,EQ,,,
2017-04-25,174.0,175.3,171.35,171.85,72162,EQ,,,
2017-04-26,172.05,173.2,169.4,171.5,63312,EQ,,,
2017-04-27,172.0,173.35,169.05,169.65,67173,EQ,,,
2017-04-28,170.35,171.0,165.35,167.6,63220,EQ,,,
2017-05-02,167.6,170.0,165.65,166.5,60304,EQ,,,
2017-05-03,168.0,170.65,165.65,167.75,84176,EQ,,,
2017-05-04,167.8,172.55,167.5,169.3,51975,EQ,,,
2017-05-05,170.55,172.55,166.4,171.65,70586,EQ,,,
2017-05-08,169.35,173.3,167.95,170.35,60632,EQ,,,
2017-05-09,170.1,171.65,168.05,170.15,98757,EQ,,,
2017-05-10,172.0,172.0,168.4,169.45,40115,EQ,,,
2017-05-11,170.95,173.05,169.05,171.4,85964,EQ,,,
2017-05-12,172.0,172.0,168.65,169.15,51161,EQ,,,
2017-05-15,169.15,169.6,166.65,168.55,61268,EQ,,,
2017-05-16,169.65,171.35,165.75,167.25,65199,EQ,,,
2017-05-17,167.7,168.6,166.65,167.0,26134,EQ,,,
2017-05-18,166.7,167.35,164.4,165.05,31510,EQ,,,
2017-05-19,165.35,167.25,160.35,162.6,57316,EQ,,,
2017-05-22,164.65,165.35,160.35,165.25,107707,EQ,,,
2017-05-23,165.65,165.65,159.25,163.65,94307,EQ,,,
2017-05-24,163.35,164.45,158.65,159.55,30389,EQ,,,
2017-05-25,160.65,164.0,159.05,162.0,49089,EQ,,,
2017-05-26,162.65,165.65,160.45,164.85,137339,EQ,,,
2017-05-29,163.35,165.75,157.4,165.1,171811,EQ,,,
2017-05-30,163.35,165.35,161.7,162.5,26643,EQ,,,
2017-05-31,163.35,166.0,159.5,162.75,116215,EQ,,,
2017-06-01,163.35,165.6,162.2,162.8,48075,EQ,,,
2017-06-02,164.45,168.0,162.5,165.25,163066,EQ,,,
2017-06-05,166.75,171.15,165.35,167.9,354488,EQ,,,
2017-06-06,168.65,170.0,166.0,166.5,79753,EQ,,,
2017-06-07,168.25,168.8,166.2,167.65,65418,EQ,,,
2017-06-08,168.5,168.5,164.7,165.4,56407,EQ,,,
2017-06-09,167.0,168.0,164.9,166.5,51841,EQ,,,
2017-06-12,167.35,170.0,165.65,169.45,82996,EQ,,,
2017-06-13,169.2,171.35,167.35,170.25,68417,EQ,,,
2017-06-14,169.15,170.25,167.75,169.2,61829,EQ,,,
2017-06-15,169.3,170.0,166.05,166.95,226733,EQ,,,
2017-06-16,167.25,168.65,163.75,165.1,60932,EQ,,,
2017-06-19,166.3,166.8,162.65,164.05,62555,EQ,,,
2017-06-20,164.65,166.55,163.3,164.5,82781,EQ,,,
2017-06-21,164.65,165.75,161.65,162.2,57667,EQ,,,
2017-06-22,163.35,164.3,161.85,162.95,50057,EQ,,,
2017-06-23,162.0,163.3,160.65,161.45,34439,EQ,,,
2017-06-27,162.0,162.0,156.0,157.25,64249,EQ,,,
2017-06-28,156.0,158.45,155.95,156.6,247588,EQ,,,
2017-06-29,156.65,161.6,155.35,157.9,240403,EQ,,,
2017-06-30,156.65,159.3,151.6,158.0,166912,EQ,,,
2017-07-03,160.65,160.65,156.75,160.0,192041,EQ,,,
2017-07-04,160.35,161.15,157.35,157.85,69312,EQ,,,
2017-07-05,159.3,159.3,157.35,157.85,102863,EQ,,,
2017-07-06,158.55,163.65,157.35,163.2,1974942,EQ,,,
2017-07-07,163.65,177.15,163.65,165.6,618680,EQ,,,
2017-07-10,179.0,179.0,163.95,164.85,25311,EQ,,,
2017-07-11,165.35,165.95,161.35,161.9,153694,EQ,,,
2017-07-12,162.05,163.8,161.55,162.7,92987,EQ,,,
2017-07-13,164.65,169.35,163.4,165.8,150479,EQ,,,
2017-07-14,166.35,181.25,162.2,174.8,356692,EQ,,,
2017-07-17,174.65,174.65,167.6,173.0,192806,EQ,,,
2017-07-18,172.65,175.95,168.45,169.1,122100,EQ,,,
2017-07-19,170.55,172.2,168.0,170.3,73322,EQ,,,
2017-07-20,171.65,175.95,170.05,173.6,143729,EQ,,,
2017-07-21,171.75,175.95,168.75,172.35,145878,EQ,,,
2017-07-24,173.25,175.35,170.05,174.2,141158,EQ,,,
2017-07-25,174.0,174.65,170.75,173.6,60181,EQ,,,
2017-07-26,174.0,174.25,169.35,170.25,79045,EQ,,,
2017-07-27,171.55,173.95,170.15,173.3,204064,EQ,,,
2017-07-28,172.65,173.95,167.55,172.85,164607,EQ,,,
2017-07-31,173.85,179.75,171.0,178.55,252007,EQ,,,
2017-08-01,188.65,200.0,180.15,181.8,1563316,EQ,,,
2017-08-02,182.55,186.65,175.05,184.05,351212,EQ,,,
2017-08-03,184.0,188.0,180.8,185.3,388054,EQ,,,
2017-08-04,186.65,189.35,182.35,186.15,212545,EQ,,,
2017-08-07,188.65,189.35,185.9,187.85,169070,EQ,,,
2017-08-08,189.1,189.1,183.5,184.8,109298,EQ,,,
2017-08-09,186.0,186.0,182.05,182.75,255323,EQ,,,
2017-08-10,184.0,184.0,174.85,178.2,159580,EQ,,,
2017-08-11,173.35,180.0,173.25,177.55,49249,EQ,,,
2017-08-14,175.35,187.65,175.35,184.55,117984,EQ,,,
2017-08-16,186.65,186.65,180.35,181.55,105715,EQ,,,
2017-08-17,185.35,187.35,180.0,181.25,105356,EQ,,,
2017-08-18,181.95,181.95,176.0,177.6,73577,EQ,,,
2017-08-21,179.25,181.65,178.0,179.75,48988,EQ,,,
2017-08-22,178.0,193.35,178.0,186.75,1217640,EQ,,,
2017-08-23,188.0,198.55,188.0,191.15,550499,EQ,,,
2017-08-24,191.55,198.0,188.85,193.6,701936,EQ,,,
2017-08-28,197.35,203.7,193.65,198.65,491177,EQ,,,
2017-08-29,196.0,200.65,196.0,197.45,154107,EQ,,,
2017-08-30,198.15,202.0,198.05,199.85,125246,EQ,,,
2017-08-31,200.0,202.55,196.8,198.6,126078,EQ,,,
2017-09-01,199.65,200.0,195.3,196.5,129090,EQ,,,
2017-09-04,196.0,196.0,190.05,191.85,53368,EQ,,,
2017-09-05,193.75,200.5,190.3,199.4,119344,EQ,,,
2017-09-06,201.35,207.2,193.35,193.55,433973,EQ,,,
2017-09-07,195.05,201.0,192.65,193.35,173251,EQ,,,
2017-09-08,194.0,196.65,192.65,193.5,1046815,EQ,,,
2017-09-11,194.95,198.45,193.65,195.95,95430,EQ,,,
2017-09-12,196.65,203.25,194.65,200.55,209018,EQ,,,
2017-09-13,200.0,202.45,194.0,195.15,140698,EQ,,,
2017-09-14,195.35,198.65,194.4,196.3,65252,EQ,,,
2017-09-15,196.6,196.65,192.65,193.35,78309,EQ,,,
2017-09-18,193.65,196.5,193.35,193.75,50214,EQ,,,
2017-09-19,195.35,217.35,194.05,207.35,1181982,EQ,,,
2017-09-20,209.25,209.3,197.65,200.0,228595,EQ,,,
2017-09-21,200.4,210.6,196.65,202.45,337378,EQ,,,
2017-09-22,203.15,205.3,196.8,198.15,153512,EQ,,,
2017-09-25,199.65,203.25,187.55,190.1,251693,EQ,,,
2017-09-26,190.0,202.0,188.85,194.85,354903,EQ,,,
2017-09-27,196.55,197.05,192.0,193.35,189511,EQ,,,
2017-09-28,194.55,196.55,192.65,194.05,79741,EQ,,,
2017-09-29,194.35,201.7,194.05,197.05,173543,EQ,,,
2017-10-03,198.0,199.55,193.35,196.95,62222,EQ,,,
2017-10-04,198.35,199.15,195.25,196.95,59152,EQ,,,
2017-10-05,196.95,201.95,195.75,197.8,67117,EQ,,,
2017-10-06,198.0,213.95,198.0,208.9,570736,EQ,,,
2017-10-09,209.6,209.65,204.35,207.45,113908,EQ,,,
2017-10-10,208.65,216.65,205.85,207.85,317218,EQ,,,
2017-10-11,207.85,213.65,200.65,202.8,172260,EQ,,,
2017-10-12,204.35,207.0,202.85,205.75,59360,EQ,,,
2017-10-13,206.65,212.65,204.85,210.2,160434,EQ,,,
2017-10-16,210.65,216.75,207.35,215.6,833367,EQ,,,
2017-10-17,215.85,219.3,208.15,209.35,311186,EQ,,,
2017-10-18,210.65,214.05,208.75,210.7,264262,EQ,,,
2017-10-19,211.6,213.1,209.35,210.5,35927,EQ,,,
2017-10-23,208.0,212.95,207.35,208.4,73883,EQ,,,
2017-10-24,208.65,212.35,207.75,208.45,56953,EQ,,,
2017-10-25,210.35,211.5,199.6,203.8,174939,EQ,,,
2017-10-26,202.75,204.2,197.0,198.05,138381,EQ,,,
2017-10-27,197.75,200.0,194.05,195.05,147786,EQ,,,
2017-10-30,197.95,201.95,195.35,200.1,148193,EQ,,,
2017-10-31,203.35,203.95,196.15,197.1,104984,EQ,,,
2017-11-01,197.15,202.2,197.15,198.7,151346,EQ,,,
2017-11-02,199.0,201.45,197.05,198.25,125734,EQ,,,
2017-11-03,199.65,202.35,198.35,199.15,67762,EQ,,,
2017-11-06,200.0,201.35,198.25,199.55,59243,EQ,,,
2017-11-07,199.0,201.15,195.05,196.45,47687,EQ,,,
2017-11-08,198.3,208.45,194.35,206.05,319406,EQ,,,
2017-11-09,206.65,208.0,199.95,206.65,156421,EQ,,,
2017-11-10,210.65,216.65,206.0,207.65,479545,EQ,,,
2017-11-13,208.0,209.25,202.0,203.45,78743,EQ,,,
2017-11-14,202.05,205.9,202.05,203.95,52905,EQ,,,
2017-11-15,206.0,206.0,201.35,203.45,72247,EQ,,,
2017-11-16,203.5,212.0,202.65,210.4,109507,EQ,,,
2017-11-17,212.0,214.45,207.55,212.45,86902,EQ,,,
2017-11-20,214.0,214.0,208.35,209.15,46908,EQ,,,
2017-11-21,212.0,228.65,209.4,224.15,651357,EQ,,,
2017-11-22,226.35,232.8,220.65,226.75,504989,EQ,,,
2017-11-23,226.6,233.35,224.0,230.15,392890,EQ,,,
2017-11-24,232.35,235.35,226.7,228.75,169599,EQ,,,
2017-11-27,230.0,236.65,225.35,233.85,420239,EQ,,,
2017-11-28,235.85,240.65,232.05,234.15,300173,EQ,,,
2017-11-29,235.35,239.65,223.45,225.9,289780,EQ,,,
2017-11-30,224.0,232.0,221.75,228.3,123188,EQ,,,
2017-12-01,230.55,230.55,216.35,218.9,74288,EQ,,,
2017-12-04,222.55,222.55,216.65,218.25,50064,EQ,,,
2017-12-05,218.0,225.15,212.25,222.55,121145,EQ,,,
2017-12-06,222.65,227.95,220.35,222.85,85667,EQ,,,
2017-12-07,223.25,228.0,216.75,225.05,126731,EQ,,,
2017-12-08,226.65,230.0,222.65,223.75,101185,EQ,,,
2017-12-11,225.25,227.25,220.0,220.7,70043,EQ,,,
2017-12-12,219.35,222.65,217.35,218.45,66675,EQ,,,
2017-12-13,216.75,222.95,216.6,218.0,78230,EQ,,,
2017-12-14,216.75,220.0,216.65,217.95,45083,EQ,,,
2017-12-15,220.65,221.75,218.0,219.85,62757,EQ,,,
2017-12-18,217.35,220.95,213.4,217.6,65211,EQ,,,
2017-12-19,218.65,220.05,217.15,217.55,292054,EQ,,,
2017-12-20,219.35,222.15,217.35,217.7,124237,EQ,,,
2017-12-21,218.65,220.65,217.35,219.85,373096,EQ,,,
2017-12-22,220.65,224.0,219.35,221.85,508062,EQ,,,
2017-12-26,223.35,223.35,218.65,219.55,80107,EQ,,,
2017-12-27,221.35,221.65,216.85,219.0,85401,EQ,,,
2017-12-28,217.35,221.35,217.35,219.45,83899,EQ,,,
2017-12-29,217.75,226.0,217.75,224.75,323073,EQ,,,
2018-01-01,226.65,228.65,220.0,221.0,72655,EQ,,,
2018-01-02,223.15,224.55,216.05,218.05,97284,EQ,,,
2018-01-03,223.15,223.15,218.1,219.0,64624,EQ,,,
2018-01-04,219.35,223.2,218.65,221.6,70436,EQ,,,
2018-01-05,221.45,235.2,221.35,233.5,890540,EQ,,,
2018-01-08,235.85,236.25,228.25,229.45,145863,EQ,,,
2018-01-09,230.0,230.65,224.4,226.6,90794,EQ,,,
2018-01-10,227.95,235.35,226.15,230.75,507594,EQ,,,
2018-01-11,230.65,233.95,229.45,232.75,142530,EQ,,,
2018-01-12,233.3,236.0,230.7,232.9,388733,EQ,,,
2018-01-15,232.65,234.65,231.5,232.55,62360,EQ,,,
2018-01-16,232.05,233.05,226.65,227.2,111552,EQ,,,
2018-01-17,226.0,227.85,223.35,224.75,457739,EQ,,,
2018-01-18,226.95,227.15,218.0,220.75,353308,EQ,,,
2018-01-19,222.0,222.65,216.7,220.65,59497,EQ,,,
2018-01-22,217.4,220.55,217.3,217.8,45390,EQ,,,
2018-01-23,218.0,221.3,216.65,217.8,42940,EQ,,,
2018-01-24,218.4,219.1,216.65,217.5,41339,EQ,,,
2018-01-25,217.65,217.95,214.65,216.15,86812,EQ,,,
2018-01-29,218.65,220.0,215.0,216.35,112448,EQ,,,
2018-01-30,217.35,217.35,208.95,210.05,85448,EQ,,,
2018-01-31,209.35,214.65,206.65,212.05,65564,EQ,,,
2018-02-01,212.35,217.65,208.9,210.55,103002,EQ,,,
2018-02-02,210.0,211.95,200.0,209.75,103034,EQ,,,
2018-02-05,188.35,209.95,188.0,203.5,94633,EQ,,,
2018-02-06,200.5,209.35,193.55,206.85,95296,EQ,,,
2018-02-07,208.9,210.25,202.2,203.25,110474,EQ,,,
2018-02-08,205.2,211.45,204.0,210.55,69345,EQ,,,
2018-02-09,206.65,216.6,206.65,210.7,167595,EQ,,,
2018-02-12,211.35,216.3,211.35,215.45,52954,EQ,,,
2018-02-14,216.65,216.65,210.05,210.7,31466,EQ,,,
2018-02-15,212.0,213.35,210.6,212.25,34574,EQ,,,
2018-02-16,214.0,216.3,210.15,213.25,46395,EQ,,,
2018-02-19,213.95,219.95,210.0,214.45,163537,EQ,,,
2018-02-20,213.35,215.05,211.35,212.45,35696,EQ,,,
2018-02-21,213.9,213.9,209.35,210.5,23353,EQ,,,
2018-02-22,210.1,213.5,209.35,211.7,37941,EQ,,,
2018-02-23,213.0,213.0,207.75,208.65,272172,EQ,,,
2018-02-26,208.65,210.55,206.65,207.1,47284,EQ,,,
2018-02-27,208.0,210.9,206.65,209.75,59259,EQ,,,
2018-02-28,209.25,211.95,207.25,210.7,32803,EQ,,,
2018-03-01,210.65,211.65,209.6,210.0,70314,EQ,,,
2018-03-05,209.85,212.05,206.65,210.95,48302,EQ,,,
2018-03-06,211.95,213.35,208.65,210.25,82386,EQ,,,
2018-03-07,208.05,210.0,206.65,206.85,73840,EQ,,,
2018-03-08,208.65,226.45,206.65,222.05,496117,EQ,,,
2018-03-09,227.35,229.95,220.05,221.95,427035,EQ,,,
2018-03-12,221.95,223.95,212.65,222.45,112525,EQ,,,
2018-03-13,221.35,237.35,217.75,233.1,312939,EQ,,,
2018-03-14,231.35,235.75,226.85,230.05,80644,EQ,,,
2018-03-15,230.0,235.3,224.95,233.55,114291,EQ,,,
2018-03-16,234.5,238.65,227.35,233.95,187628,EQ,,,
2018-03-19,233.35,236.0,223.35,231.75,100399,EQ,,,
2018-03-20,230.0,233.35,225.35,231.25,114364,EQ,,,
2018-03-21,231.35,232.0,223.7,227.75,116102,EQ,,,
2018-03-22,228.0,228.65,223.05,226.55,118004,EQ,,,
2018-03-23,224.4,232.65,217.65,227.85,196088,EQ,,,
2018-03-26,227.95,236.6,224.05,232.4,210744,EQ,,,
2018-03-27,233.25,233.35,224.45,229.6,237507,EQ,,,
2018-03-28,228.65,232.6,226.45,230.05,188311,EQ,,,
2018-04-02,230.0,230.65,228.0,229.35,81436,EQ,,,
2018-04-03,228.0,233.65,228.0,230.85,93050,EQ,,,
2018-04-04,232.65,232.65,227.45,229.65,101330,EQ,,,
2018-04-05,231.75,233.85,230.0,230.65,47892,EQ,,,
2018-04-06,231.25,250.95,230.0,244.85,512041,EQ,,,
2018-04-09,245.0,246.75,240.65,244.95,176063,EQ,,,
2018-04-10,246.0,246.75,233.35,235.4,170291,EQ,,,
2018-04-11,236.0,237.35,233.35,233.45,73738,EQ,,,
2018-04-12,234.65,234.65,230.75,233.45,45258,EQ,,,
2018-04-13,232.0,239.15,232.0,233.65,76654,EQ,,,
2018-04-16,233.65,237.25,231.45,233.4,179682,EQ,,,
2018-04-17,233.4,236.65,233.4,235.85,47991,EQ,,,
2018-04-18,236.0,237.3,226.0,230.45,66311,EQ,,,
2018-04-19,228.95,230.05,225.4,228.25,46343,EQ,,,
2018-04-20,228.0,232.65,226.85,230.7,44344,EQ,,,
2018-04-23,231.9,234.65,227.75,233.55,60830,EQ,,,
2018-04-24,232.3,236.8,232.3,233.65,76941,EQ,,,
2018-04-25,236.65,243.35,233.35,234.05,194486,EQ,,,
2018-04-26,235.65,236.5,233.35,233.55,41479,EQ,,,
2018-04-27,235.25,235.25,232.7,233.9,34064,EQ,,,
2018-04-30,234.6,235.65,230.9,234.5,36002,EQ,,,
2018-05-02,234.65,239.7,232.0,233.45,52814,EQ,,,
2018-05-03,234.55,235.95,224.15,227.35,54953,EQ,,,
2018-05-04,228.0,228.0,218.65,225.95,174010,EQ,,,
2018-05-07,227.3,229.85,224.35,227.8,34641,EQ,,,
2018-05-08,228.65,229.55,223.35,224.65,25805,EQ,,,
2018-05-09,224.65,226.65,223.55,225.5,23050,EQ,,,
2018-05-10,226.65,227.95,217.25,222.05,66203,EQ,,,
2018-05-11,224.55,226.25,220.0,223.8,47839,EQ,,,
2018-05-14,223.35,226.0,222.15,224.15,25096,EQ,,,
2018-05-15,224.0,228.45,222.75,224.75,61418,EQ,,,
2018-05-16,226.55,232.25,218.95,227.95,136938,EQ,,,
2018-05-17,229.2,229.2,222.65,224.35,27348,EQ,,,
2018-05-18,224.65,224.65,220.35,221.55,20006,EQ,,,
2018-05-21,223.35,225.0,218.05,222.7,103843,EQ,,,
2018-05-22,223.35,223.35,218.65,219.55,28067,EQ,,,
2018-05-23,220.6,221.35,217.35,218.05,17358,EQ,,,
2018-05-24,218.65,220.35,216.65,217.85,29797,EQ,,,
2018-05-25,219.95,223.35,217.35,220.7,26643,EQ,,,
2018-05-28,222.65,222.65,220.0,222.05,18018,EQ,,,
2018-05-29,222.05,224.0,220.05,221.75,19294,EQ,,,
2018-05-30,220.05,222.1,218.15,219.25,19010,EQ,,,
2018-05-31,217.45,222.0,214.8,219.75,82070,EQ,,,
2018-06-01,221.25,222.65,218.0,218.55,29039,EQ,,,
2018-06-04,220.0,220.0,213.55,214.75,89874,EQ,,,
2018-06-05,214.65,221.35,210.0,219.95,75625,EQ,,,
2018-06-06,220.0,220.65,216.35,218.5,127241,EQ,,,
2018-06-07,219.2,219.2,213.35,214.65,66398,EQ,,,
2018-06-08,213.95,216.6,211.1,212.3,40340,EQ,,,
2018-06-11,214.0,214.0,210.1,211.9,75943,EQ,,,
2018-06-12,212.0,213.15,207.35,207.95,163014,EQ,,,
2018-06-13,207.85,219.35,206.15,216.75,306662,EQ,,,
2018-06-14,218.0,219.9,211.75,216.75,198472,EQ,,,
2018-06-15,218.0,219.35,214.65,215.95,35335,EQ,,,
2018-06-18,215.85,216.35,211.65,214.85,583864,EQ,,,
2018-06-19,213.35,215.25,210.4,212.25,350006,EQ,,,
2018-06-20,213.35,215.0,210.7,211.9,23176,EQ,,,
2018-06-21,211.45,216.65,210.65,212.1,1452996,EQ,,,
2018-06-22,213.3,213.95,210.75,211.55,23431,EQ,,,
2018-06-25,211.55,214.7,207.9,208.85,41348,EQ,,,
2018-06-26,208.65,214.65,204.55,208.95,765455,EQ,,,
2018-06-27,210.0,210.0,205.35,207.05,43613,EQ,,,
2018-06-28,206.75,206.75,198.65,200.1,73092,EQ,,,
2018-06-29,200.0,204.0,196.5,201.5,59543,EQ,,,
2018-07-02,202.65,210.0,201.55,208.5,212232,EQ,,,
2018-07-03,208.65,209.8,205.35,206.45,66367,EQ,,,
2018-07-04,205.4,210.25,203.55,208.25,92587,EQ,,,
2018-07-05,209.35,209.35,206.0,206.65,38303,EQ,,,
2018-07-06,206.65,209.35,204.1,206.75,53606,EQ,,,
2018-07-09,206.75,215.35,206.15,213.9,102077,EQ,,,
2018-07-10,216.3,232.55,215.45,227.05,376839,EQ,,,
2018-07-11,225.95,239.2,221.95,233.75,368610,EQ,,,
2018-07-12,237.35,252.0,224.65,227.95,1168685,EQ,,,
2018-07-13,229.75,231.15,222.05,226.45,181066,EQ,,,
2018-07-16,230.0,231.55,220.0,223.55,158565,EQ,,,
2018-07-17,221.35,226.65,218.0,220.5,172594,EQ,,,
2018-07-18,220.65,222.15,214.0,216.9,75278,EQ,,,
2018-07-19,218.65,221.85,212.9,219.15,47797,EQ,,,
2018-07-20,217.4,222.9,216.05,217.1,49153,EQ,,,
2018-07-23,216.7,218.65,213.8,218.1,59653,EQ,,,
2018-07-24,219.35,231.35,218.15,225.35,189229,EQ,,,
2018-07-25,225.4,234.65,225.4,232.8,153758,EQ,,,
2018-07-26,232.8,234.55,227.75,230.0,75902,EQ,,,
2018-07-27,229.35,236.25,228.6,234.05,52848,EQ,,,
2018-07-30,232.0,236.65,230.05,233.5,28990,EQ,,,
2018-07-31,234.0,234.0,225.65,232.55,52001,EQ,,,
2018-08-01,236.85,246.65,236.0,243.55,372080,EQ,,,
2018-08-02,238.0,241.3,234.9,237.25,208048,EQ,,,
2018-08-03,236.05,246.0,233.35,234.95,76549,EQ,,,
2018-08-06,234.75,238.65,234.75,237.65,51861,EQ,,,
2018-08-07,238.55,241.4,235.45,240.4,71600,EQ,,,
2018-08-08,241.05,241.05,236.05,239.85,75728,EQ,,,
2018-08-09,241.35,247.95,230.95,243.65,144524,EQ,,,
2018-08-10,245.35,245.35,236.2,237.0,86623,EQ,,,
2018-08-13,236.6,243.0,234.15,241.2,59700,EQ,,,
2018-08-14,241.25,244.65,236.15,239.3,49949,EQ,,,
2018-08-16,240.05,246.65,237.35,245.35,68311,EQ,,,
2018-08-17,246.7,246.95,239.4,246.6,89477,EQ,,,
2018-08-20,248.0,248.05,241.9,243.35,47175,EQ,,,
2018-08-21,242.65,250.0,242.65,248.15,108460,EQ,,,
2018-08-23,248.65,250.0,241.45,243.95,169385,EQ,,,
2018-08-24,243.35,246.7,234.75,246.1,59662,EQ,,,
2018-08-27,246.65,250.0,242.15,248.75,215053,EQ,,,
2018-08-28,246.25,261.65,246.25,251.45,506284,EQ,,,
2018-08-29,253.25,256.6,245.2,246.35,130326,EQ,,,
2018-08-30,245.65,246.75,243.65,245.75,45388,EQ,,,
2018-08-31,246.65,247.3,241.85,246.3,249994,EQ,,,
2018-09-03,246.05,249.0,237.1,240.15,76470,EQ,,,
2018-09-04,238.95,246.55,237.35,239.95,191822,EQ,,,
2018-09-05,240.0,242.0,237.35,239.05,54493,EQ,,,
2018-09-06,238.65,241.15,234.85,237.85,65356,EQ,,,
2018-09-07,237.4,245.3,237.35,241.85,39515,EQ,,,
2018-09-10,243.85,244.35,239.0,239.4,32744,EQ,,,
2018-09-11,241.2,241.55,238.75,239.9,39186,EQ,,,
2018-09-12,240.0,241.75,237.05,239.6,40472,EQ,,,
2018-09-14,240.05,241.35,238.4,239.4,60096,EQ,,,
2018-09-17,241.95,243.25,239.35,240.1,31535,EQ,,,
2018-09-18,238.9,241.25,234.05,236.05,60266,EQ,,,
2018-09-19,236.65,238.55,234.35,236.15,87862,EQ,,,
2018-09-21,236.15,256.6,211.25,235.3,214045,EQ,,,
2018-09-24,236.0,244.55,226.35,237.6,135763,EQ,,,
2018-09-25,236.35,237.65,228.0,231.4,189456,EQ,,,
2018-09-26,230.05,232.75,228.05,230.35,37527,EQ,,,
2018-09-27,230.35,233.35,227.5,229.45,227328,EQ,,,
2018-09-28,231.35,231.65,216.65,222.15,170982,EQ,,,
2018-10-01,222.0,227.3,211.3,224.65,198510,EQ,,,
2018-10-03,224.65,229.35,220.25,225.35,28668,EQ,,,
2018-10-04,225.35,236.85,215.35,231.7,76541,EQ,,,
2018-10-05,232.0,232.0,223.4,228.15,35701,EQ,,,
2018-10-08,226.0,226.15,216.05,221.05,37361,EQ,,,
2018-10-09,218.75,223.45,212.15,215.25,99359,EQ,,,
2018-10-10,215.35,222.35,213.5,219.25,66304,EQ,,,
2018-10-11,215.35,219.25,212.2,216.45,32087,EQ,,,
2018-10-12,220.0,228.15,217.15,219.95,95107,EQ,,,
2018-10-15,221.35,221.35,211.0,213.15,99507,EQ,,,
2018-10-16,214.85,230.0,213.55,225.25,221906,EQ,,,
2018-10-17,228.65,232.0,217.65,222.65,429010,EQ,,,
2018-10-19,219.3,223.15,216.65,220.25,54918,EQ,,,
2018-10-22,222.45,228.0,216.75,218.4,102240,EQ,,,
2018-10-23,220.0,221.05,213.6,215.35,162829,EQ,,,
2018-10-24,215.8,219.15,214.0,214.95,28723,EQ,,,
2018-10-25,213.35,215.1,212.7,213.3,23657,EQ,,,
2018-10-26,213.5,220.0,211.35,215.25,44172,EQ,,,
2018-10-29,215.85,218.65,214.95,217.45,45297,EQ,,,
2018-10-30,216.75,220.45,215.05,216.05,29561,EQ,,,
2018-10-31,216.25,217.95,212.45,214.45,97184,EQ,,,
2018-11-01,215.35,218.65,213.55,216.4,163841,EQ,,,
2018-11-02,222.0,222.7,216.6,218.25,217577,EQ,,,
2018-11-05,219.35,219.35,212.65,214.75,86555,EQ,,,
2018-11-06,216.5,217.9,214.65,216.75,43668,EQ,,,
2018-11-07,218.45,222.25,216.9,220.25,34843,EQ,,,
2018-11-09,220.0,220.0,217.35,218.55,12227,EQ,,,
2018-11-12,219.95,219.95,215.4,216.45,18473,EQ,,,
2018-11-13,215.4,221.5,215.4,218.25,64084,EQ,,,
2018-11-14,218.65,223.35,217.35,221.45,113959,EQ,,,
2018-11-15,220.75,226.0,216.85,221.75,96420,EQ,,,
2018-11-16,222.65,223.55,218.15,221.35,30648,EQ,,,
2018-11-19,218.8,222.65,218.65,221.3,29385,EQ,,,
2018-11-20,220.0,221.75,215.85,217.7,136557,EQ,,,
2018-11-21,218.65,218.65,215.25,215.95,34258,EQ,,,
2018-11-22,214.7,217.55,212.7,214.35,89765,EQ,,,
2018-11-26,215.9,222.65,213.25,222.0,99956,EQ,,,
2018-11-27,220.0,225.95,219.65,223.2,63278,EQ,,,
2018-11-28,222.55,226.65,220.25,225.55,47072,EQ,,,
2018-11-29,226.65,229.35,222.65,227.75,1201669,EQ,,,
2018-11-30,229.35,230.0,222.05,223.35,133800,EQ,,,
2018-12-03,223.35,225.2,217.75,219.05,177200,EQ,,,
2018-12-04,218.65,223.25,216.85,221.6,46281,EQ,,,
2018-12-05,221.9,223.0,219.0,221.35,317207,EQ,,,
2018-12-06,221.35,221.35,215.3,216.2,142615,EQ,,,
2018-12-07,215.65,217.65,214.0,216.25,35300,EQ,,,
2018-12-10,215.5,215.95,213.25,213.5,139443,EQ,,,
2018-12-11,212.85,225.9,210.05,223.2,58732,EQ,,,
2018-12-12,223.35,227.35,222.65,226.6,177140,EQ,,,
2018-12-13,226.45,244.65,223.15,233.2,65485,EQ,,,
2018-12-14,235.25,238.65,230.0,233.15,57630,EQ,,,
2018-12-17,230.85,240.0,229.95,235.35,86750,EQ,,,
2018-12-18,235.25,237.2,230.75,232.45,111579,EQ,,,
2018-12-19,232.0,234.95,230.45,232.25,247581,EQ,,,
2018-12-20,232.65,235.65,231.95,232.8,43760,EQ,,,
2018-12-21,234.0,238.6,225.7,235.15,71298,EQ,,,
2018-12-24,235.3,235.3,227.1,231.6,46913,EQ,,,
2018-12-26,232.0,232.0,227.0,230.35,20901,EQ,,,
2018-12-27,233.3,234.95,226.6,230.35,49064,EQ,,,
2018-12-28,230.25,244.0,229.45,240.95,468278,EQ,,,
2018-12-31,240.65,248.4,237.25,241.55,150413,EQ,,,
2019-01-01,241.55,243.75,238.25,241.3,75100,EQ,,,
2019-01-02,239.95,241.3,234.25,236.7,39299,EQ,,,
2019-01-03,236.4,236.4,231.95,233.4,22272,EQ,,,
2019-01-04,232.15,235.35,229.25,232.95,46259,EQ,,,
2019-01-07,235.95,235.95,231.05,234.0,567621,EQ,,,
2019-01-08,232.15,237.35,232.15,236.65,27644,EQ,,,
2019-01-09,234.4,238.15,232.65,233.45,299053,EQ,,,
2019-01-10,232.4,237.55,230.65,236.05,38984,EQ,,,
2019-01-11,236.45,239.25,232.4,237.05,315209,EQ,,,
2019-01-14,234.75,239.35,233.15,238.55,37374,EQ,,,
2019-01-15,238.65,239.35,235.7,237.9,25160,EQ,,,
2019-01-16,236.65,237.35,232.65,235.85,42431,EQ,,,
2019-01-17,233.55,237.65,232.45,236.85,32432,EQ,,,
2019-01-18,235.35,240.65,234.35,239.35,44550,EQ,,,
2019-01-21,243.35,248.8,240.9,243.95,234214,EQ,,,
2019-01-22,242.4,245.75,240.0,243.55,23470,EQ,,,
2019-01-23,243.35,244.45,238.1,239.35,337535,EQ,,,
2019-01-24,240.0,240.3,234.7,237.5,97596,EQ,,,
2019-01-25,239.25,240.65,230.65,232.55,27517,EQ,,,
2019-01-28,231.4,232.75,225.9,231.45,32787,EQ,,,
2019-01-29,230.65,234.45,226.8,228.4,272419,EQ,,,
2019-01-30,228.05,236.65,226.05,235.3,70416,EQ,,,
2019-01-31,232.8,238.65,230.85,236.05,83349,EQ,,,
2019-02-01,235.65,240.0,233.4,234.95,22701,EQ,,,
2019-02-04,233.4,235.7,231.75,234.7,39174,EQ,,,
2019-02-05,235.5,244.0,232.75,239.85,297270,EQ,,,
2019-02-06,236.3,240.2,233.35,238.35,85027,EQ,,,
2019-02-07,236.4,240.7,234.6,236.15,233412,EQ,,,
2019-02-08,234.75,236.6,232.0,232.55,76270,EQ,,,
2019-02-11,232.0,232.3,226.85,228.45,50289,EQ,,,
2019-02-12,228.45,229.35,226.65,227.15,81398,EQ,,,
2019-02-13,226.8,232.8,226.65,229.35,191585,EQ,,,
2019-02-14,230.0,230.0,226.65,228.25,63798,EQ,,,
2019-02-15,228.2,228.2,222.0,222.05,92072,EQ,,,
2019-02-18,222.75,223.5,213.45,214.8,51161,EQ,,,
2019-02-19,216.0,222.65,214.85,220.85,45279,EQ,,,
2019-02-20,220.0,222.0,218.0,220.7,60764,EQ,,,
2019-02-21,220.85,221.35,216.7,220.65,32938,EQ,,,
2019-02-22,220.65,220.65,217.55,219.0,128880,EQ,,,
2019-02-25,218.7,219.05,217.05,217.9,35938,EQ,,,
2019-02-26,216.65,218.95,213.4,215.6,350277,EQ,,,
2019-02-27,216.15,221.95,215.0,220.1,58334,EQ,,,
2019-02-28,221.75,221.8,216.2,216.65,105326,EQ,,,
2019-03-01,218.65,225.65,215.95,224.35,51243,EQ,,,
2019-03-05,225.3,234.65,225.3,230.25,133303,EQ,,,
2019-03-06,231.35,233.85,218.55,226.35,196444,EQ,,,
2019-03-07,228.55,228.55,222.0,222.3,292778,EQ,,,
2019-03-08,221.35,226.3,218.0,223.35,139756,EQ,,,
2019-03-11,226.25,228.0,222.05,226.7,251912,EQ,,,
2019-03-12,229.35,242.55,225.75,239.85,205634,EQ,,,
2019-03-13,239.35,253.35,234.45,245.25,221559,EQ,,,
2019-03-14,246.2,254.3,241.8,250.95,182806,EQ,,,
2019-03-15,252.65,266.65,243.4,258.65,199174,EQ,,,
2019-03-18,258.45,262.95,249.0,255.6,133562,EQ,,,
2019-03-19,255.6,255.65,248.1,249.8,112581,EQ,,,
2019-03-20,248.55,249.35,243.55,246.5,39499,EQ,,,
2019-03-22,244.15,247.35,240.7,241.95,57017,EQ,,,
2019-03-25,238.1,241.8,236.85,240.25,54899,EQ,,,
2019-03-26,238.85,254.65,238.85,249.85,296084,EQ,,,
2019-03-27,251.05,253.35,247.05,250.35,245140,EQ,,,
2019-03-28,250.65,250.65,243.4,245.0,73802,EQ,,,
2019-03-29,244.55,245.65,238.15,241.25,92335,EQ,,,
2019-04-01,242.0,243.55,237.55,238.45,48996,EQ,,,
2019-04-02,237.75,243.95,236.65,242.6,240898,EQ,,,
2019-04-03,245.95,248.45,236.05,238.25,578010,EQ,,,
2019-04-04,237.65,238.25,229.25,232.35,197236,EQ,,,
2019-04-05,233.35,237.95,232.05,235.2,39209,EQ,,,
2019-04-08,233.35,234.65,226.65,229.2,99230,EQ,,,
2019-04-09,229.2,233.25,226.8,230.85,59679,EQ,,,
2019-04-10,229.45,235.65,229.45,231.45,220545,EQ,,,
2019-04-11,231.35,237.35,231.35,235.6,67703,EQ,,,
2019-04-12,234.65,237.65,233.35,235.55,20440,EQ,,,
2019-04-15,233.75,239.55,233.25,234.75,144667,EQ,,,
2019-04-16,237.8,240.0,233.95,237.95,107455,EQ,,,
2019-04-18,236.0,243.15,233.35,239.85,179763,EQ,,,
2019-04-22,236.8,241.05,234.55,240.2,111696,EQ,,,
2019-04-23,239.9,239.9,236.6,236.95,14202,EQ,,,
2019-04-24,238.65,238.85,235.75,236.75,25607,EQ,,,
2019-04-25,236.75,239.35,235.5,238.35,68733,EQ,,,
2019-04-26,238.65,238.65,235.25,236.75,149775,EQ,,,
2019-04-30,242.0,246.0,236.55,237.15,323073,EQ,,,
2019-05-02,237.95,245.35,236.35,243.95,185653,EQ,,,
2019-05-03,243.35,260.0,241.4,256.15,614085,EQ,,,
2019-05-06,251.75,263.35,247.0,250.45,244191,EQ,,,
2019-05-07,250.0,253.15,246.35,246.8,45995,EQ,,,
2019-05-08,245.85,256.55,244.05,253.75,123742,EQ,,,
2019-05-09,254.65,256.65,243.25,246.45,93812,EQ,,,
2019-05-10,248.45,249.65,245.35,246.9,390415,EQ,,,
2019-05-13,249.35,249.35,239.35,240.65,47416,EQ,,,
2019-05-14,240.75,251.25,237.15,249.25,142541,EQ,,,
2019-05-15,251.0,253.35,240.0,240.35,42186,EQ,,,
2019-05-16,240.75,247.95,240.65,245.1,38369,EQ,,,
2019-05-17,244.0,250.65,242.45,244.35,50823,EQ,,,
2019-05-20,245.95,251.85,241.45,245.9,76314,EQ,,,
2019-05-21,245.8,249.65,241.45,248.75,934207,EQ,,,
2019-05-22,248.65,256.65,247.0,254.95,185657,EQ,,,
2019-05-23,258.0,258.95,250.0,251.05,278950,EQ,,,
2019-05-24,250.2,253.25,245.45,250.5,119863,EQ,,,
2019-05-27,248.0,251.9,247.05,249.45,114217,EQ,,,
2019-05-28,250.55,255.85,247.05,249.85,45279,EQ,,,
2019-05-29,248.8,254.35,248.8,251.45,34887,EQ,,,
2019-05-30,251.45,258.65,251.45,255.55,89556,EQ,,,
2019-05-31,255.35,262.15,254.85,261.4,428260,EQ,,,
2019-06-03,264.6,277.8,261.05,274.65,445518,EQ,,,
2019-06-04,275.0,283.35,272.6,274.7,248942,EQ,,,
2019-06-06,276.0,280.0,266.65,269.15,108355,EQ,,,
2019-06-07,270.0,275.2,264.65,269.0,48800,EQ,,,
2019-06-10,272.0,274.65,266.2,267.8,50708,EQ,,,
2019-06-11,266.65,269.35,266.55,268.4,42502,EQ,,,
2019-06-12,269.65,269.65,258.65,267.45,197022,EQ,,,
2019-06-13,265.45,268.45,260.05,261.85,159624,EQ,,,
2019-06-14,263.35,266.3,261.65,263.05,52861,EQ,,,
2019-06-17,264.0,264.0,255.65,261.05,238085,EQ,,,
2019-06-18,260.65,266.65,260.45,264.2,161102,EQ,,,
2019-06-19,264.15,278.65,264.15,276.6,443161,EQ,,,
2019-06-20,276.65,278.7,268.35,276.0,138106,EQ,,,
2019-06-21,276.0,277.5,270.4,272.55,34434,EQ,,,
2019-06-24,275.35,287.6,268.65,284.05,331262,EQ,,,
2019-06-25,283.15,299.25,282.0,287.85,425494,EQ,,,
2019-06-26,286.55,292.95,284.2,288.25,356010,EQ,,,
2019-06-27,293.35,298.45,289.35,296.95,303537,EQ,,,
2019-06-28,299.15,299.35,289.7,293.95,175383,EQ,,,
2019-07-01,298.65,307.95,294.65,302.8,334258,EQ,,,
2019-07-02,308.0,309.8,302.65,305.75,217027,EQ,,,
2019-07-03,306.65,306.65,300.0,302.65,122191,EQ,,,
2019-07-04,304.0,304.0,297.4,299.4,132653,EQ,,,
2019-07-05,299.35,302.55,292.15,293.1,95893,EQ,,,
2019-07-08,290.9,294.65,276.0,284.4,148772,EQ,,,
2019-07-09,285.6,300.0,282.0,294.6,257680,EQ,,,
2019-07-10,293.55,299.85,287.55,290.0,706946,EQ,,,
2019-07-11,292.35,302.0,291.5,299.6,146829,EQ,,,
2019-07-12,300.0,305.95,298.05,302.35,288524,EQ,,,
2019-07-15,305.45,309.2,295.5,297.35,80705,EQ,,,
2019-07-16,298.0,298.65,293.1,297.15,40597,EQ,,,
2019-07-17,297.35,301.35,297.05,299.45,108568,EQ,,,
2019-07-18,299.9,301.6,297.35,300.05,123210,EQ,,,
2019-07-19,301.35,301.35,289.7,293.45,106626,EQ,,,
2019-07-22,293.35,293.35,280.05,283.65,72227,EQ,,,
2019-07-23,281.35,282.65,276.65,279.65,76262,EQ,,,
2019-07-24,278.65,280.6,266.7,276.75,89881,EQ,,,
2019-07-25,274.65,279.25,268.7,273.05,86402,EQ,,,
2019-07-26,273.05,274.0,268.65,271.85,49901,EQ,,,
2019-07-29,270.15,273.05,265.35,269.35,51258,EQ,,,
2019-07-30,270.75,276.0,261.2,267.45,94669,EQ,,,
2019-07-31,272.6,272.6,262.65,265.1,35289,EQ,,,
2019-08-01,270.0,284.8,268.0,280.8,667601,EQ,,,
2019-08-02,279.95,299.35,273.4,295.45,375451,EQ,,,
2019-08-05,291.25,302.65,285.15,296.7,240114,EQ,,,
2019-08-06,299.65,301.85,294.85,296.15,302795,EQ,,,
2019-08-07,298.0,300.0,290.65,291.9,41260,EQ,,,
2019-08-08,292.0,294.6,286.7,289.25,246736,EQ,,,
2019-08-09,290.6,302.65,288.05,298.05,105915,EQ,,,
2019-08-13,301.0,302.95,296.65,299.05,128381,EQ,,,
2019-08-14,300.0,300.95,293.95,296.0,414842,EQ,,,
2019-08-16,297.6,317.75,293.55,311.55,632711,EQ,,,
2019-08-19,312.25,316.65,307.05,314.45,1026637,EQ,,,
2019-08-20,316.55,319.3,312.8,317.15,470194,EQ,,,
2019-08-21,317.95,326.15,312.55,314.1,320944,EQ,,,
2019-08-22,316.5,318.65,310.0,313.25,471274,EQ,,,
2019-08-23,314.3,321.55,308.1,316.55,244769,EQ,,,
2019-08-26,320.0,323.35,312.0,316.55,238760,EQ,,,
2019-08-27,318.55,322.55,314.15,314.75,482526,EQ,,,
2019-08-28,317.9,321.35,314.7,316.8,610145,EQ,,,
2019-08-29,319.1,324.0,311.0,312.85,120446,EQ,,,
2019-08-30,314.0,315.8,310.55,312.85,103550,EQ,,,
2019-09-03,312.45,313.8,296.75,300.6,67999,EQ,,,
2019-09-04,301.65,313.15,298.15,311.55,975967,EQ,,,
2019-09-05,311.55,314.65,306.1,308.05,73188,EQ,,,
2019-09-06,309.35,310.65,304.25,307.0,626440,EQ,,,
2019-09-09,306.65,307.95,304.35,306.55,45317,EQ,,,
2019-09-11,307.95,311.95,302.8,303.75,88529,EQ,,,
2019-09-12,307.3,316.35,303.35,304.2,201056,EQ,,,
2019-09-13,304.65,306.65,301.35,303.45,46570,EQ,,,
2019-09-16,302.8,305.35,298.0,299.35,74459,EQ,,,
2019-09-17,298.65,304.0,290.65,297.6,115852,EQ,,,
2019-09-18,299.75,311.25,297.75,308.6,225320,EQ,,,
2019-09-19,310.35,310.35,298.75,303.65,97870,EQ,,,
2019-09-20,302.85,327.75,300.65,326.55,467886,EQ,,,
2019-09-23,335.15,340.0,321.0,338.65,345769,EQ,,,
2019-09-24,343.35,349.05,339.35,343.6,361445,EQ,,,
2019-09-25,344.35,346.65,341.35,345.25,234480,EQ,,,
2019-09-26,343.45,352.65,336.0,339.6,393177,EQ,,,
2019-09-27,339.2,340.0,331.35,331.85,68032,EQ,,,
2019-09-30,331.55,335.15,317.35,322.6,157886,EQ,13529.0,11.67,135105.0
2019-10-01,320.4,326.2,317.35,319.1,79281,EQ,3831.0,20.69,43796.0
2019-10-03,321.0,333.35,320.75,333.05,166739,EQ,7651.0,21.79,53691.0
2019-10-04,332.75,336.65,323.45,326.65,118615,EQ,7945.0,14.93,64209.0
2019-10-07,327.25,327.95,318.65,325.45,44818,EQ,2430.0,18.44,17333.0
2019-10-09,326.35,337.85,320.15,336.05,122255,EQ,5291.0,23.11,71086.0
2019-10-10,337.2,337.65,329.4,331.95,178112,EQ,3417.0,52.13,136153.0
2019-10-11,332.35,339.95,331.95,338.4,82764,EQ,5098.0,16.23,34839.0
2019-10-14,340.4,340.45,334.75,337.15,157195,EQ,5342.0,29.43,134451.0
2019-10-15,337.65,340.0,334.35,336.65,135526,EQ,2715.0,49.92,108834.0
2019-10-16,337.35,339.05,334.95,337.2,30341,EQ,1511.0,20.08,16762.0
2019-10-17,338.0,338.65,327.45,333.7,92914,EQ,3741.0,24.84,60432.0
2019-10-18,333.7,348.15,333.7,346.5,177961,EQ,14394.0,12.36,128150.0
2019-10-22,347.3,350.05,343.65,346.85,81390,EQ,6396.0,12.73,32507.0
2019-10-23,348.0,359.35,344.85,350.8,172278,EQ,5914.0,29.13,65791.0
2019-10-24,352.65,366.0,341.75,358.3,298536,EQ,17781.0,16.79,169872.0
2019-10-25,357.85,363.95,353.15,362.65,140932,EQ,5372.0,26.23,86823.0
2019-10-29,365.95,369.85,353.35,357.95,98901,EQ,4861.0,20.35,34543.0
2019-10-30,356.65,368.65,356.05,358.5,116461,EQ,4298.0,27.1,53112.0
2019-10-31,360.0,369.25,360.0,361.1,154082,EQ,7146.0,21.56,67805.0
2019-11-01,361.4,372.65,360.65,364.95,177483,EQ,7793.0,22.77,97102.0
2019-11-04,367.85,368.1,354.4,355.8,84217,EQ,4700.0,17.92,49837.0
2019-11-05,358.45,378.6,346.65,365.95,195548,EQ,8600.0,22.74,121751.0
2019-11-06,370.0,371.45,356.65,358.45,173245,EQ,5644.0,30.7,121674.0
2019-11-07,358.45,366.65,358.45,360.6,126492,EQ,6190.0,20.43,59737.0
2019-11-08,356.65,365.95,342.15,344.25,260854,EQ,10995.0,23.72,154074.0
2019-11-11,343.35,346.55,334.05,340.6,142753,EQ,7713.0,18.51,66324.0
2019-11-13,341.8,344.65,333.35,334.95,120026,EQ,7268.0,16.51,79422.0
2019-11-14,335.6,339.7,330.5,332.4,93999,EQ,3926.0,23.94,52144.0
2019-11-15,336.65,336.95,328.65,333.05,91939,EQ,5738.0,16.02,47783.0
2019-11-18,333.35,343.35,321.75,340.05,304042,EQ,11263.0,26.99,152177.0
2019-11-19,342.0,346.45,334.7,337.45,82304,EQ,3555.0,23.15,38683.0
2019-11-20,339.2,339.2,327.4,331.25,206455,EQ,7256.0,28.45,134539.0
2019-11-21,331.25,332.45,327.35,328.65,93824,EQ,4199.0,22.34,51512.0
2019-11-22,328.7,338.0,327.0,335.45,268733,EQ,8459.0,31.77,178694.0
2019-11-25,337.8,340.0,334.0,337.45,133306,EQ,9110.0,14.63,87116.0
2019-11-26,338.95,342.0,335.45,337.35,102419,EQ,3910.0,26.19,62114.0
2019-11-27,338.65,338.65,334.25,336.75,73094,EQ,2537.0,28.81,51762.0
2019-11-28,336.65,345.25,335.45,343.45,70188,EQ,2549.0,27.54,42948.0
2019-11-29,343.35,352.05,343.3,347.05,181290,EQ,7398.0,24.51,130824.0
2019-12-02,347.35,352.65,342.75,350.95,152547,EQ,5066.0,30.11,121763.0
2019-12-03,352.0,353.35,346.15,346.7,201737,EQ,3919.0,51.48,175473.0
2019-12-04,351.65,352.0,338.65,341.5,119520,EQ,5102.0,23.43,54207.0
2019-12-05,341.95,343.35,330.8,334.8,54481,EQ,2743.0,19.86,34969.0
2019-12-06,333.35,339.35,330.65,335.5,147064,EQ,8522.0,17.26,96801.0
2019-12-09,336.6,340.0,332.0,333.45,66489,EQ,4755.0,13.98,40750.0
2019-12-10,333.45,336.65,330.0,332.3,37965,EQ,2108.0,18.01,15740.0
2019-12-11,335.3,335.3,327.3,331.25,77663,EQ,4011.0,19.36,39913.0
2019-12-12,331.35,343.3,330.95,336.95,99177,EQ,4841.0,20.49,64166.0
2019-12-13,335.15,343.25,333.85,336.9,336658,EQ,4640.0,72.56,280988.0
2019-12-16,338.65,341.95,338.05,340.95,107043,EQ,5313.0,20.15,66016.0
2019-12-17,342.65,351.0,334.65,344.2,390685,EQ,13573.0,28.78,176780.0
2019-12-18,344.2,346.45,338.4,342.05,73609,EQ,3953.0,18.62,37395.0
2019-12-19,342.65,345.95,338.15,343.55,55026,EQ,2550.0,21.58,21619.0
2019-12-20,344.0,356.35,342.0,351.45,198512,EQ,8700.0,22.82,114048.0
2019-12-23,351.35,358.95,343.35,346.45,186297,EQ,6356.0,29.31,80072.0
2019-12-24,348.15,353.15,345.95,347.45,97210,EQ,3411.0,28.5,35912.0
2019-12-26,348.85,351.25,343.45,349.85,77993,EQ,3280.0,23.78,45958.0
2019-12-27,351.85,364.95,348.0,363.65,413584,EQ,15677.0,26.38,182567.0
2019-12-30,366.5,378.35,361.35,362.95,555919,EQ,20716.0,26.84,236038.0
2019-12-31,363.85,367.9,348.2,351.45,384577,EQ,15119.0,25.44,237348.0
2020-01-01,351.35,356.5,349.35,353.1,107849,EQ,4279.0,25.2,49290.0
2020-01-02,353.0,363.95,352.45,360.9,158640,EQ,8740.0,18.15,79267.0
2020-01-03,361.6,361.85,356.0,357.25,63423,EQ,3215.0,19.73,23667.0
2020-01-06,355.35,356.6,347.6,353.3,105970,EQ,5332.0,19.87,64852.0
2020-01-07,354.65,360.55,352.25,355.3,153960,EQ,4262.0,36.12,114968.0
2020-01-08,351.05,356.35,347.6,354.65,163181,EQ,11475.0,14.22,109250.0
2020-01-09,356.65,371.9,354.65,364.95,200543,EQ,7843.0,25.57,101895.0
2020-01-10,365.85,372.65,362.0,367.05,156788,EQ,7841.0,20.0,82125.0
2020-01-13,367.35,371.95,360.65,363.65,79458,EQ,5855.0,13.57,36484.0
2020-01-14,364.75,376.65,361.45,374.1,152033,EQ,4340.0,35.03,89197.0
2020-01-15,374.1,391.0,370.0,389.3,568486,EQ,14919.0,38.1,321078.0
2020-01-16,389.95,400.0,389.35,394.35,323010,EQ,13973.0,23.12,177109.0
2020-01-17,397.2,399.95,377.1,394.25,179399,EQ,7167.0,25.03,68104.0
2020-01-20,396.65,407.95,396.3,400.2,460984,EQ,7395.0,62.34,318412.0
2020-01-21,399.5,402.25,392.25,396.2,217977,EQ,4014.0,54.3,161391.0
2020-01-22,402.65,403.35,388.15,390.8,71955,EQ,3358.0,21.43,29818.0
2020-01-23,393.35,396.15,388.2,393.0,82621,EQ,3482.0,23.73,38991.0
2020-01-24,394.55,397.35,384.05,388.85,128325,EQ,6191.0,20.73,63209.0
2020-01-27,384.65,389.5,380.0,381.85,71115,EQ,4179.0,17.02,38905.0
2020-01-28,382.05,398.55,378.65,391.95,283284,EQ,16185.0,17.5,134583.0
2020-01-29,394.25,400.0,385.35,388.15,134349,EQ,5567.0,24.13,49324.0
2020-01-30,390.8,396.65,385.9,388.0,88967,EQ,4247.0,20.95,27946.0
2020-01-31,390.65,396.65,386.65,393.85,108209,EQ,5258.0,20.58,55350.0
2020-02-03,386.75,397.85,386.55,396.05,336150,EQ,13271.0,25.33,204292.0
2020-02-04,397.45,404.65,396.65,400.5,223685,EQ,15093.0,14.82,128502.0
2020-02-05,401.15,401.85,390.0,395.05,181054,EQ,9183.0,19.72,92885.0
2020-02-06,397.35,399.35,393.4,395.4,160852,EQ,5485.0,29.33,109489.0
2020-02-07,413.35,452.25,413.35,441.7,2595009,EQ,79294.0,32.73,941803.0
2020-02-10,443.35,467.75,428.1,463.85,1105421,EQ,41899.0,26.38,229997.0
2020-02-11,467.0,476.4,446.6,451.3,967825,EQ,47112.0,20.54,456127.0
2020-02-12,450.55,483.35,449.0,470.2,1234720,EQ,48327.0,25.55,313195.0
2020-02-13,472.0,494.65,468.0,489.6,875161,EQ,43639.0,20.05,230665.0
2020-02-14,491.05,509.35,475.05,505.55,1068329,EQ,56564.0,18.89,325133.0
2020-02-17,502.0,521.85,490.7,499.85,848055,EQ,32974.0,25.72,245612.0
2020-02-18,500.65,509.75,477.2,484.95,538830,EQ,31650.0,17.02,147480.0
2020-02-19,487.9,519.35,487.9,516.75,656923,EQ,22940.0,28.64,221323.0
2020-02-20,517.25,529.35,510.0,517.35,1076588,EQ,25577.0,42.09,670929.0
2020-02-24,517.25,535.3,511.4,530.65,543365,EQ,23382.0,23.24,175452.0
2020-02-25,528.0,536.45,506.65,509.4,464607,EQ,36385.0,12.77,171557.0
2020-02-26,503.35,508.0,490.0,492.0,580129,EQ,34509.0,16.81,296293.0
2020-02-27,488.75,499.15,485.35,489.4,283297,EQ,15962.0,17.75,113976.0
2020-02-28,476.6,506.65,453.35,491.45,741077,EQ,31525.0,23.51,278303.0
2020-03-02,500.35,518.65,482.1,487.85,370025,EQ,17542.0,21.09,149306.0
2020-03-03,489.95,502.65,480.0,483.95,338626,EQ,17256.0,19.62,156748.0
2020-03-04,490.0,491.15,449.25,455.75,752869,EQ,38531.0,19.54,368904.0
2020-03-05,463.3,471.15,453.35,456.55,323635,EQ,20106.0,16.1,120025.0
2020-03-06,440.0,466.55,432.65,462.55,416766,EQ,22696.0,18.36,185697.0
2020-03-09,450.0,453.35,414.15,440.25,588634,EQ,25355.0,23.22,350749.0
2020-03-11,442.95,465.35,430.1,439.65,349780,EQ,22686.0,15.42,107925.0
2020-03-12,413.35,423.35,378.0,398.1,936391,EQ,33111.0,28.28,513472.0
2020-03-13,353.65,433.35,353.65,400.3,876985,EQ,33741.0,25.99,492710.0
2020-03-16,380.0,392.0,353.35,381.35,669096,EQ,34475.0,19.41,413353.0
2020-03-17,377.35,386.65,350.0,357.9,560362,EQ,12661.0,44.26,401498.0
2020-03-18,360.0,368.05,304.65,326.0,863441,EQ,32664.0,26.43,529296.0
2020-03-19,300.65,322.25,281.4,313.95,1001487,EQ,26385.0,37.96,713563.0
2020-03-20,313.95,349.6,298.85,336.85,565163,EQ,20559.0,27.49,267027.0
2020-03-23,294.65,319.85,269.45,269.45,585178,EQ,19786.0,29.58,467858.0
2020-03-24,254.25,283.35,243.35,269.6,550687,EQ,16896.0,32.59,326044.0
2020-03-25,266.65,320.0,253.55,297.75,389470,EQ,23294.0,16.72,173569.0
2020-03-26,299.6,338.0,277.5,330.5,624724,EQ,25143.0,24.85,368264.0
2020-03-27,342.65,353.35,314.45,322.2,557690,EQ,25563.0,21.82,327963.0
2020-03-30,320.0,320.0,298.95,302.25,333640,EQ,20075.0,16.62,166731.0
2020-03-31,316.6,330.0,304.65,322.9,774405,EQ,33333.0,23.23,495019.0
2020-04-01,317.0,326.15,304.0,310.45,377302,EQ,19910.0,18.95,228978.0
2020-04-03,313.3,317.2,287.65,300.15,511693,EQ,24260.0,21.09,353081.0
2020-04-07,314.65,316.75,300.75,304.55,508663,EQ,28804.0,17.66,293690.0
2020-04-08,305.35,321.35,301.65,308.4,245975,EQ,11066.0,22.23,130465.0
2020-04-09,314.6,331.0,305.45,309.75,1338932,EQ,45123.0,29.67,557551.0
2020-04-13,311.35,311.95,288.7,302.55,683085,EQ,,,
2020-04-15,303.7,309.35,298.65,302.95,1876617,EQ,41698.0,45.0,1652617.0
2020-04-16,302.95,308.3,300.65,306.9,289907,EQ,23067.0,12.57,206983.0
2020-04-17,313.35,334.65,310.35,325.75,1153768,EQ,52057.0,22.16,615933.0
2020-04-20,326.95,338.25,315.7,318.9,398374,EQ,17258.0,23.08,211926.0
2020-04-21,313.35,319.95,305.05,315.65,273636,EQ,9503.0,28.79,159206.0
2020-04-22,312.45,318.65,306.65,315.7,341096,EQ,16971.0,20.1,208060.0
2020-04-23,316.65,336.4,316.65,332.6,1142421,EQ,26262.0,43.5,879245.0
2020-04-24,330.0,330.0,318.8,323.85,199181,EQ,6095.0,32.68,98326.0
2020-04-27,322.0,336.85,319.25,329.35,709739,EQ,12276.0,57.82,470386.0
2020-04-28,330.65,334.0,314.25,327.85,1299395,EQ,13801.0,94.15,1100252.0
2020-04-29,326.0,331.65,322.0,324.7,209089,EQ,7664.0,27.28,100085.0
2020-04-30,329.35,339.95,328.1,336.65,935900,EQ,30488.0,30.7,641200.0
2020-05-04,326.7,329.95,314.0,318.35,269628,EQ,9257.0,29.13,129161.0
2020-05-05,321.35,324.85,316.35,317.2,327052,EQ,11628.0,28.13,198735.0
2020-05-06,319.8,324.65,301.05,313.65,751468,EQ,15463.0,48.6,490986.0
2020-05-07,313.6,316.85,309.3,310.25,214394,EQ,11676.0,18.36,103840.0
2020-05-08,316.0,316.0,304.05,306.55,243041,EQ,12925.0,18.8,148531.0
2020-05-11,308.45,311.05,299.35,300.35,209138,EQ,10530.0,19.86,96713.0
2020-05-12,302.95,305.35,295.8,299.15,127925,EQ,5078.0,25.19,50170.0
2020-05-13,305.8,308.35,298.0,300.55,1007655,EQ,9719.0,103.68,894230.0
2020-05-14,300.55,304.65,296.75,300.1,305826,EQ,7320.0,41.78,198622.0
2020-05-15,300.05,301.6,293.35,294.25,346808,EQ,8711.0,39.81,269140.0
2020-05-18,292.65,293.25,270.55,276.35,381082,EQ,22068.0,17.27,202566.0
2020-05-19,281.0,283.2,267.35,268.95,179668,EQ,6733.0,26.68,95339.0
2020-05-20,269.35,284.6,268.95,282.3,489186,EQ,18609.0,26.29,195857.0
2020-05-21,284.65,306.35,280.2,301.2,483249,EQ,17325.0,27.89,154490.0
2020-05-22,302.2,309.85,290.45,294.95,272172,EQ,11215.0,24.27,79323.0
2020-05-26,301.35,308.65,291.35,306.35,632168,EQ,26190.0,24.14,337443.0
2020-05-27,306.6,313.25,306.4,311.7,261854,EQ,12440.0,21.05,106642.0
2020-05-28,313.3,316.55,305.05,308.5,131364,EQ,5552.0,23.66,44633.0
2020-05-29,306.65,314.0,304.05,312.55,115784,EQ,5012.0,23.1,54520.0
2020-06-01,320.65,342.65,320.0,338.65,947807,EQ,28601.0,33.14,594309.0
2020-06-02,341.9,363.35,341.35,358.35,763829,EQ,24143.0,31.64,388982.0
2020-06-03,369.35,391.1,365.4,383.95,1426592,EQ,34798.0,41.0,821827.0
2020-06-04,382.55,389.95,365.65,370.75,953605,EQ,25300.0,37.69,522454.0
2020-06-05,373.65,389.05,367.4,386.2,343631,EQ,11296.0,30.42,96101.0
2020-06-08,390.0,393.35,373.8,376.25,471323,EQ,13604.0,34.65,287486.0
2020-06-09,376.25,382.35,367.55,370.65,213121,EQ,11133.0,19.14,89468.0
2020-06-10,366.65,374.65,360.05,361.35,209117,EQ,8597.0,24.32,88779.0
2020-06-11,361.35,363.2,348.85,352.0,224162,EQ,14292.0,15.68,100849.0
2020-06-12,333.75,349.35,327.4,344.25,692362,EQ,26083.0,26.54,340982.0
2020-06-15,346.0,358.6,337.35,340.8,230407,EQ,11202.0,20.57,62370.0
2020-06-16,351.25,353.35,340.85,347.65,359495,EQ,10435.0,34.45,136959.0
2020-06-17,341.75,354.55,340.0,349.6,156774,EQ,8372.0,18.73,29652.0
2020-06-18,347.35,358.0,347.35,351.55,152299,EQ,8032.0,18.96,52355.0
2020-06-19,355.05,383.35,352.45,379.95,682729,EQ,25633.0,26.63,398253.0
2020-06-22,382.0,398.2,372.0,390.9,490506,EQ,23863.0,20.56,219707.0
2020-06-23,396.55,458.45,385.4,438.25,2031603,EQ,64766.0,31.37,1062121.0
2020-06-24,445.35,452.0,420.0,443.5,1708610,EQ,52815.0,32.35,889532.0
2020-06-25,438.35,465.0,422.05,457.4,1476229,EQ,32528.0,45.38,954673.0
2020-06-26,453.35,471.35,453.35,458.25,1419224,EQ,65300.0,21.73,1033411.0
2020-06-29,453.35,462.75,427.55,434.4,640433,EQ,32046.0,19.98,495392.0
2020-06-30,434.65,441.35,404.4,410.2,470205,EQ,19201.0,24.49,284310.0
2020-07-01,410.0,423.65,406.65,409.55,366110,EQ,15448.0,23.7,251636.0
2020-07-02,410.7,420.0,404.55,406.95,164055,EQ,7860.0,20.87,96140.0
2020-07-03,409.35,416.45,409.05,413.0,165559,EQ,13508.0,12.26,86369.0
2020-07-06,416.0,422.65,414.1,420.0,498217,EQ,11757.0,42.38,372505.0
2020-07-07,422.7,422.7,414.65,419.95,331425,EQ,7878.0,42.07,255411.0
2020-07-08,419.95,429.35,415.05,418.5,306679,EQ,9904.0,30.97,159128.0
2020-07-09,417.75,422.0,412.35,414.45,184662,EQ,10739.0,17.2,100005.0
2020-07-10,418.65,423.35,412.0,419.25,324407,EQ,7527.0,43.1,162835.0
2020-07-13,416.7,418.3,405.7,408.95,693431,EQ,10471.0,66.22,460159.0
2020-07-14,409.95,421.35,404.65,419.85,1047616,EQ,20050.0,52.25,886198.0
2020-07-15,421.55,422.95,408.65,413.95,416744,EQ,8989.0,46.36,311194.0
2020-07-16,408.45,413.15,401.45,407.05,305410,EQ,15797.0,19.33,217148.0
2020-07-17,408.6,419.95,407.35,414.95,220560,EQ,16035.0,13.75,135141.0
2020-07-20,414.95,417.85,407.35,409.15,264071,EQ,6887.0,38.34,214017.0
2020-07-21,413.35,414.65,403.05,406.85,131927,EQ,6632.0,19.89,66683.0
2020-07-22,406.85,408.0,397.65,402.25,168754,EQ,8520.0,19.81,73192.0
2020-07-23,401.75,408.0,389.35,393.05,250725,EQ,13510.0,18.56,122463.0
2020-07-24,392.45,394.5,383.35,384.95,114237,EQ,5737.0,19.91,54270.0
2020-07-27,386.6,388.55,360.4,366.8,478235,EQ,20127.0,23.76,200807.0
2020-07-28,367.5,370.05,363.35,366.35,207540,EQ,10490.0,19.78,104207.0
2020-07-29,366.65,379.25,361.35,369.65,223755,EQ,12047.0,18.57,85292.0
2020-07-30,371.25,382.95,364.5,366.95,242203,EQ,11152.0,21.72,118912.0
2020-07-31,369.5,385.1,366.75,372.05,597677,EQ,22731.0,26.29,155647.0
2020-08-03,374.35,376.45,367.05,369.0,118226,EQ,6590.0,17.94,40354.0
2020-08-04,370.65,376.55,366.7,373.65,179419,EQ,7787.0,23.04,70728.0
2020-08-05,376.6,378.85,362.75,365.75,181575,EQ,8235.0,22.05,81897.0
2020-08-06,365.8,374.0,365.8,372.05,160486,EQ,10873.0,14.76,83798.0
2020-08-07,372.05,398.55,372.05,385.75,648885,EQ,20768.0,31.24,213380.0
2020-08-10,388.95,397.65,384.65,388.25,239688,EQ,9261.0,25.88,118204.0
2020-08-11,388.35,388.8,369.35,370.35,415248,EQ,20210.0,20.55,244222.0
2020-08-12,370.35,379.75,368.0,369.75,412643,EQ,30545.0,13.51,185328.0
2020-08-13,370.05,393.0,370.05,383.4,696313,EQ,26018.0,26.76,253292.0
2020-08-14,380.0,392.0,370.2,377.35,349866,EQ,17047.0,20.52,110631.0
2020-08-17,377.35,380.0,371.75,373.4,145067,EQ,9768.0,14.85,66852.0
2020-08-18,374.0,396.6,374.0,392.95,742841,EQ,28861.0,25.74,338447.0
2020-08-19,396.75,419.0,388.15,410.95,895461,EQ,32949.0,27.18,439814.0
2020-08-20,403.35,416.4,401.75,408.85,623528,EQ,22555.0,27.64,249333.0
2020-08-21,412.0,413.2,402.65,404.05,269741,EQ,12946.0,20.84,114206.0
2020-08-24,407.6,444.0,404.0,415.15,1639047,EQ,73918.0,22.17,757036.0
2020-08-25,417.55,443.65,416.25,431.15,1326281,EQ,79247.0,16.74,608121.0
2020-08-26,434.35,456.0,431.2,433.25,1608981,EQ,58233.0,27.63,692266.0
2020-08-27,435.35,448.55,431.35,432.55,1026246,EQ,34412.0,29.82,464959.0
2020-08-28,435.35,440.65,430.65,433.65,599641,EQ,19607.0,30.58,304976.0
2020-08-31,436.9,439.55,406.95,426.15,636917,EQ,35080.0,18.16,353119.0
2020-09-01,418.4,427.75,416.65,425.7,396263,EQ,19010.0,20.84,252362.0
2020-09-02,425.45,438.65,422.85,434.5,361767,EQ,11903.0,30.39,182330.0
2020-09-03,438.65,440.55,430.0,434.55,434219,EQ,20469.0,21.21,263223.0
2020-09-04,423.35,439.0,423.35,433.3,441470,EQ,27815.0,15.87,202738.0
2020-09-07,433.35,439.2,428.35,431.45,476964,EQ,28385.0,16.8,287989.0
2020-09-08,428.55,438.55,420.05,423.45,327992,EQ,21187.0,15.48,158549.0
2020-09-09,420.0,438.55,418.0,434.25,901731,EQ,34664.0,26.01,580375.0
2020-09-10,437.25,459.0,434.85,453.2,1118645,EQ,53514.0,20.9,390432.0
2020-09-11,453.3,470.0,444.9,463.55,1101971,EQ,58407.0,18.87,415222.0
2020-09-14,465.95,499.35,460.35,463.6,1791780,EQ,101042.0,17.73,876749.0
2020-09-15,466.75,503.75,466.7,498.55,2001624,EQ,95150.0,21.04,994874.0
2020-09-16,505.75,512.65,490.2,503.6,983695,EQ,55695.0,17.66,449975.0
2020-09-17,494.8,499.55,473.35,475.65,575002,EQ,36964.0,15.56,257417.0
2020-09-18,478.65,484.5,447.35,454.65,4548300,EQ,52230.0,87.08,3652270.0
2020-09-21,458.15,462.65,427.75,432.85,1529079,EQ,33993.0,44.98,1203872.0
2020-09-22,428.1,431.95,409.3,422.85,320614,EQ,17478.0,18.34,73473.0
2020-09-23,426.65,433.35,401.35,417.4,361754,EQ,21297.0,16.99,96463.0
2020-09-24,406.75,421.3,403.75,416.75,227266,EQ,13985.0,16.25,54889.0
2020-09-25,421.35,428.8,415.5,422.0,224220,EQ,9455.0,23.71,85407.0
2020-09-28,427.35,449.8,425.35,443.8,322362,EQ,,,
2020-09-29,453.35,456.65,433.35,441.75,493294,EQ,18776.0,26.27,133225.0
2020-09-30,455.95,455.95,443.35,447.95,854301,EQ,29537.0,28.92,548769.0
2020-10-01,453.35,455.35,441.1,448.9,307408,EQ,18537.0,16.58,141131.0
2020-10-05,446.65,450.65,426.65,446.25,277740,EQ,13744.0,20.21,144311.0
2020-10-06,446.25,455.95,446.25,452.45,680272,EQ,11954.0,56.91,549829.0
2020-10-07,453.35,454.7,444.15,450.25,1716812,EQ,9523.0,180.28,1561493.0
2020-10-08,449.35,465.95,448.75,460.2,1441647,EQ,31142.0,46.29,1024959.0
2020-10-09,459.85,459.85,450.0,453.0,761422,EQ,21369.0,35.63,616441.0
2020-10-12,453.0,475.15,451.25,467.95,832552,EQ,40053.0,20.79,387019.0
2020-10-13,469.75,469.75,455.35,461.95,823729,EQ,28605.0,28.8,561255.0
2020-10-14,459.95,460.5,417.85,446.75,593606,EQ,13939.0,42.59,330984.0
2020-10-15,429.95,449.7,425.35,435.95,400907,EQ,22714.0,17.65,173968.0
2020-10-16,436.75,450.0,436.75,441.9,128647,EQ,7952.0,16.18,32931.0
2020-10-19,445.65,445.65,428.2,431.0,139154,EQ,9190.0,15.14,56284.0
2020-10-20,428.35,443.3,424.75,426.95,233194,EQ,19323.0,12.07,90305.0
2020-10-21,430.55,441.5,421.0,423.2,175206,EQ,14068.0,12.45,66147.0
2020-10-22,424.8,440.25,418.0,427.65,345248,EQ,12460.0,27.71,213872.0
2020-10-23,429.35,432.65,421.45,424.1,222264,EQ,15631.0,14.22,116572.0
2020-10-26,424.1,431.15,418.65,423.7,130781,EQ,10090.0,12.96,54992.0
2020-10-27,421.35,473.8,421.35,454.85,2609870,EQ,113371.0,23.02,1109137.0
2020-10-28,467.35,469.35,448.45,455.05,1368760,EQ,54534.0,25.1,688445.0
2020-10-29,457.25,457.25,443.45,447.75,355369,EQ,26721.0,13.3,179924.0
2020-10-30,448.0,450.55,436.35,439.7,248941,EQ,19119.0,13.02,105416.0
2020-11-02,441.9,454.65,427.3,449.8,334551,EQ,20813.0,16.07,152424.0
2020-11-03,451.25,455.85,434.65,436.5,372368,EQ,23260.0,16.01,167683.0
2020-11-04,438.7,455.0,438.7,445.65,368310,EQ,28985.0,12.71,160271.0
2020-11-05,451.7,458.65,442.05,453.1,362789,EQ,17846.0,20.33,214959.0
2020-11-06,450.25,453.35,418.65,449.45,1129398,EQ,78351.0,14.41,778861.0
2020-11-09,451.3,461.35,448.05,454.15,1008651,EQ,50035.0,20.16,564212.0
2020-11-10,458.65,470.95,450.2,465.45,1375356,EQ,57844.0,23.78,682143.0
2020-11-11,483.35,519.95,461.35,468.65,5826723,EQ,183402.0,31.77,2968011.0
2020-11-12,461.95,486.55,460.0,483.95,2162056,EQ,78992.0,27.37,1145276.0
2020-11-13,481.45,505.65,480.35,500.95,2193815,EQ,78298.0,28.02,1174571.0
2020-11-17,503.35,519.85,492.0,495.85,2020786,EQ,86029.0,23.49,1268558.0
2020-11-18,496.05,510.65,494.0,508.85,1428310,EQ,50269.0,28.41,825392.0
2020-11-19,508.0,515.95,494.15,497.45,1264663,EQ,60967.0,20.74,755996.0
2020-11-20,499.85,516.65,484.05,506.5,1572077,EQ,81646.0,19.25,835073.0
2020-11-23,508.0,539.3,503.95,524.45,2661607,EQ,83086.0,32.03,1457475.0
2020-11-24,524.45,533.35,503.55,515.75,2093324,EQ,70982.0,29.49,1274371.0
2020-11-25,516.0,519.85,483.35,487.55,854113,EQ,45727.0,18.68,437336.0
2020-11-26,489.85,494.0,467.55,471.25,1218199,EQ,49965.0,24.38,656303.0
2020-11-27,475.3,492.65,463.55,480.2,22823095,EQ,197242.0,115.71,17044499.0
2020-12-01,488.6,496.75,470.25,477.0,1754561,EQ,86212.0,20.35,901402.0
2020-12-02,476.0,478.35,456.65,460.85,1483703,EQ,48168.0,30.8,761886.0
2020-12-03,466.2,466.7,450.0,451.85,1172454,EQ,47827.0,24.51,536747.0
2020-12-04,453.35,460.95,445.65,451.35,818535,EQ,34008.0,24.07,356059.0
2020-12-07,453.95,465.35,448.0,462.25,805601,EQ,30346.0,26.55,386574.0
2020-12-08,467.35,471.95,455.55,458.9,782705,EQ,36454.0,21.47,352488.0
2020-12-09,456.0,465.35,453.35,455.45,1295116,EQ,21388.0,60.55,978701.0
2020-12-10,457.9,462.55,449.35,451.3,874525,EQ,20732.0,42.18,606693.0
2020-12-11,450.65,461.95,450.65,459.55,555016,EQ,26191.0,21.19,258744.0
2020-12-14,463.35,469.6,462.0,466.55,683921,EQ,26513.0,25.8,368757.0
2020-12-15,469.25,478.65,468.0,472.95,951521,EQ,38103.0,24.97,438116.0
2020-12-16,477.65,482.65,470.65,477.45,1410592,EQ,42577.0,33.13,980366.0
2020-12-17,480.65,480.65,465.45,467.45,1015681,EQ,24284.0,41.83,697876.0
2020-12-18,468.0,472.85,463.65,465.65,641194,EQ,25985.0,24.68,341429.0
2020-12-21,465.35,466.7,422.85,456.9,1041283,EQ,40054.0,26.0,514491.0
2020-12-22,446.65,463.2,441.35,461.45,457974,EQ,18288.0,25.04,170141.0
2020-12-23,461.45,462.65,452.0,453.8,512649,EQ,17121.0,29.94,329843.0
2020-12-24,455.35,461.1,450.0,456.5,1132681,EQ,24081.0,47.04,836574.0
2020-12-28,456.0,463.35,454.65,456.4,818791,EQ,9074.0,90.23,646184.0
2020-12-29,458.65,460.0,446.0,448.05,577636,EQ,19449.0,29.7,395682.0
2020-12-30,449.75,460.15,433.35,451.7,662060,EQ,30643.0,21.61,361639.0
2020-12-31,454.05,460.0,450.05,458.4,790143,EQ,31550.0,25.04,509166.0
2021-01-01,460.6,461.3,448.0,449.75,328829,EQ,10582.0,31.07,183400.0
2021-01-04,452.65,455.55,449.35,452.35,565557,EQ,19612.0,28.84,384294.0
2021-01-05,453.25,453.25,448.0,450.0,450769,EQ,24307.0,18.54,317909.0
2021-01-06,452.6,456.2,448.0,451.1,227409,EQ,9102.0,24.98,94846.0
2021-01-07,450.55,456.55,448.35,450.3,302941,EQ,13003.0,23.3,132260.0
2021-01-08,452.0,467.35,449.95,463.6,897082,EQ,31162.0,28.79,360560.0
2021-01-11,468.6,470.1,458.85,462.5,487073,EQ,23747.0,20.51,235219.0
2021-01-12,463.35,464.65,455.35,456.4,333187,EQ,13329.0,25.0,203608.0
2021-01-13,458.6,462.0,444.65,448.85,692189,EQ,20817.0,33.25,408620.0
2021-01-14,451.25,451.35,432.65,436.4,543503,EQ,33308.0,16.32,376731.0
2021-01-15,435.95,439.35,426.35,429.0,705409,EQ,31195.0,22.61,431861.0
2021-01-18,430.6,466.65,420.0,440.05,488034,EQ,18697.0,26.1,266454.0
2021-01-19,446.0,460.15,437.35,451.85,437784,EQ,17246.0,25.38,222197.0
2021-01-20,451.35,463.35,438.0,453.3,628236,EQ,18283.0,34.36,328004.0
2021-01-21,456.65,456.65,440.35,444.4,874465,EQ,40866.0,21.4,609873.0
2021-01-22,442.0,453.35,426.7,440.35,1258060,EQ,22614.0,55.63,987980.0
2021-01-25,444.0,451.35,435.2,447.15,410716,EQ,16676.0,24.63,178730.0
2021-01-27,442.0,448.5,435.6,439.45,390506,EQ,12871.0,30.34,193385.0
2021-01-28,433.35,451.45,431.35,439.5,472720,EQ,15579.0,30.34,273536.0
2021-01-29,438.05,441.7,390.0,414.35,946190,EQ,34642.0,27.31,404377.0
2021-02-01,419.35,433.35,416.75,427.45,580728,EQ,18817.0,30.86,328653.0
2021-02-02,427.95,454.65,427.45,443.85,732091,EQ,19591.0,37.37,514944.0
2021-02-03,448.95,460.0,442.7,453.7,642063,EQ,16911.0,37.97,340387.0
2021-02-04,453.3,453.3,441.35,446.45,426826,EQ,18304.0,23.32,235295.0
2021-02-05,452.8,461.4,445.35,458.95,1424089,EQ,39473.0,36.08,726202.0
2021-02-08,463.95,463.95,454.65,461.25,521522,EQ,23439.0,22.25,237931.0
2021-02-09,463.0,463.15,447.35,452.2,452702,EQ,16065.0,28.18,279368.0
2021-02-10,451.3,466.0,446.65,460.55,336479,EQ,10435.0,32.25,202070.0
2021-02-11,459.35,466.0,451.45,462.35,438577,EQ,15379.0,28.52,234490.0
2021-02-12,459.35,463.3,454.35,457.1,168139,EQ,8257.0,20.36,68953.0
2021-02-15,457.25,475.3,453.95,467.8,718300,EQ,17788.0,40.38,530524.0
2021-02-16,473.8,505.35,473.35,500.15,2095315,EQ,63706.0,32.89,869226.0
2021-02-17,499.45,518.65,486.85,512.25,1348015,EQ,45154.0,29.85,458568.0
2021-02-18,513.35,524.55,510.25,519.35,460573,EQ,16076.0,28.65,223905.0
2021-02-19,514.65,536.65,510.35,529.35,630929,EQ,29337.0,21.51,292261.0
2021-02-22,533.15,563.25,528.0,544.25,1665511,EQ,75570.0,22.04,693174.0
2021-02-23,549.95,555.3,520.35,523.65,417058,EQ,24756.0,16.85,215880.0
2021-02-24,522.75,533.05,508.65,523.3,301313,EQ,12074.0,24.96,149804.0
2021-02-25,529.85,550.0,525.85,546.15,729553,EQ,32356.0,22.55,344676.0
2021-02-26,533.4,548.65,524.0,539.1,1056061,EQ,32361.0,32.63,590123.0
2021-03-01,546.65,559.95,537.75,553.6,442822,EQ,20504.0,21.6,211745.0
2021-03-02,558.65,614.35,553.65,603.95,3800314,EQ,138137.0,27.51,910314.0
2021-03-03,615.35,615.35,594.0,607.25,1535060,EQ,41452.0,37.03,772658.0
2021-03-04,600.0,629.8,596.7,618.05,1173560,EQ,31448.0,37.32,381987.0
2021-03-05,616.65,623.85,584.7,587.6,751162,EQ,24792.0,30.3,307451.0
2021-03-08,590.65,606.3,586.75,589.75,462683,EQ,18264.0,25.33,105199.0
2021-03-09,593.35,629.65,592.05,603.85,1947228,EQ,60404.0,32.24,252658.0
2021-03-10,610.0,622.65,597.0,608.15,606764,EQ,26935.0,22.53,127717.0
2021-03-12,610.75,616.6,581.85,584.35,664299,EQ,36127.0,18.39,278850.0
2021-03-15,586.65,592.05,560.75,563.9,1045124,EQ,34257.0,30.51,265392.0
2021-03-16,559.25,577.25,558.8,566.15,779547,EQ,30713.0,25.38,245851.0
2021-03-17,569.05,573.35,546.65,548.35,477076,EQ,15896.0,30.01,155881.0
2021-03-18,556.6,564.45,545.65,548.75,400106,EQ,15590.0,25.66,64581.0
2021-03-19,546.0,551.55,517.35,532.8,1242150,EQ,39638.0,31.34,456767.0
2021-03-22,533.45,544.55,527.0,533.35,655786,EQ,21210.0,30.92,253370.0
2021-03-23,538.0,557.95,534.05,542.55,798486,EQ,25978.0,30.74,147509.0
2021-03-24,544.6,564.0,518.95,523.35,1406039,EQ,36017.0,39.04,270801.0
2021-03-25,526.05,536.75,497.2,505.3,1361204,EQ,37224.0,36.57,567867.0
2021-03-26,514.65,519.45,503.5,506.7,703225,EQ,27428.0,25.64,302194.0
2021-03-30,513.3,518.1,500.05,507.1,628414,EQ,22301.0,28.18,290434.0
2021-03-31,510.6,515.25,498.05,500.7,624642,EQ,20529.0,30.43,289167.0
2021-04-01,506.65,509.45,492.7,500.55,810538,EQ,23697.0,34.2,398401.0
2021-04-05,498.0,499.15,480.95,486.3,738836,EQ,24631.0,30.0,387457.0
2021-04-06,487.65,490.7,466.65,469.1,1267810,EQ,45081.0,28.12,652424.0
2021-04-07,466.7,488.65,463.0,481.35,1618249,EQ,36967.0,43.78,622076.0
2021-04-08,483.95,490.85,480.35,486.5,613211,EQ,17321.0,35.4,242264.0
2021-04-09,490.0,490.65,482.15,486.15,344873,EQ,11875.0,29.04,109207.0
2021-04-12,472.7,479.85,459.35,473.85,921660,EQ,19601.0,47.02,494213.0
2021-04-13,474.45,488.55,474.45,486.15,437329,EQ,16277.0,26.87,113314.0
2021-04-15,484.65,497.35,476.55,493.4,871200,EQ,33251.0,26.2,255226.0
2021-04-16,493.4,503.85,487.35,495.75,692021,EQ,25010.0,27.67,233096.0
2021-04-19,480.0,493.05,461.45,485.75,715142,EQ,28078.0,25.47,191478.0
2021-04-20,485.75,498.4,485.2,491.0,475888,EQ,16284.0,29.22,192249.0
2021-04-22,487.85,500.0,483.35,498.25,422465,EQ,16101.0,26.24,177768.0
2021-04-23,498.0,525.3,494.65,513.55,3507205,EQ,70910.0,49.46,1065222.0
2021-04-26,520.6,524.65,507.9,520.35,824311,EQ,28389.0,29.04,340825.0
2021-04-27,524.0,529.65,517.65,522.8,853518,EQ,22607.0,37.75,409681.0
2021-04-28,526.65,528.0,508.5,514.65,593276,EQ,16978.0,34.94,254051.0
2021-04-29,519.35,526.0,512.4,517.25,589571,EQ,17450.0,33.79,239347.0
2021-04-30,517.75,527.15,507.3,517.8,1841225,EQ,17725.0,103.88,1353747.0
2021-05-03,505.35,524.65,490.75,522.05,841965,EQ,20337.0,41.4,228583.0
2021-05-04,532.0,532.0,515.35,517.85,651087,EQ,20921.0,31.12,280948.0
2021-05-05,525.1,540.0,517.05,530.7,1229552,EQ,29960.0,41.04,553343.0
2021-05-06,531.35,533.35,509.2,518.75,665468,EQ,15207.0,43.76,207104.0
2021-05-07,523.9,523.9,495.6,501.85,513294,EQ,14322.0,35.84,177963.0
2021-05-10,503.2,510.65,497.35,498.5,434021,EQ,14307.0,30.34,76671.0
2021-05-11,494.65,516.65,494.65,508.8,823028,EQ,26838.0,30.67,254872.0
2021-05-12,505.75,517.35,503.35,513.4,414426,EQ,16763.0,24.72,141249.0
2021-05-14,513.35,522.0,505.55,515.05,541416,EQ,15547.0,34.82,133649.0
2021-05-17,515.1,542.65,507.05,530.1,1956412,EQ,40498.0,48.31,341414.0
2021-05-18,533.35,555.25,532.85,552.2,2275063,EQ,56333.0,40.39,427021.0
2021-05-19,556.65,570.0,541.35,546.3,1855576,EQ,49597.0,37.41,456146.0
2021-05-20,550.95,552.95,535.6,541.05,556669,EQ,16975.0,32.79,155325.0
2021-05-21,540.65,554.85,535.35,551.25,806206,EQ,24705.0,32.63,209716.0
2021-05-24,554.35,559.35,537.35,539.85,684641,EQ,18333.0,37.34,131896.0
2021-05-25,546.25,553.95,540.55,549.75,720336,EQ,17450.0,41.28,264193.0
2021-05-26,556.45,557.9,549.35,550.65,499153,EQ,13189.0,37.85,94576.0
2021-05-27,547.35,556.15,545.65,552.05,940317,EQ,16991.0,55.34,552562.0
2021-05-28,552.25,564.9,548.45,551.05,905813,EQ,20624.0,43.92,250820.0
2021-05-31,554.65,571.2,549.75,567.75,1296401,EQ,34206.0,37.9,289751.0
2021-06-01,571.35,575.2,555.55,560.15,697195,EQ,21497.0,32.43,168828.0
2021-06-02,557.65,570.0,555.35,568.75,826415,EQ,18159.0,45.51,485763.0
2021-06-03,568.75,575.95,564.8,569.85,404997,EQ,12171.0,33.28,107050.0
2021-06-04,568.5,575.5,565.0,568.05,781342,EQ,11418.0,68.43,530834.0
2021-06-07,567.4,582.65,563.35,571.65,463126,EQ,13263.0,34.92,135873.0
2021-06-08,571.65,579.55,565.35,577.25,370448,EQ,12822.0,28.89,106146.0
2021-06-09,579.3,581.95,560.65,563.25,465156,EQ,15493.0,30.02,180684.0
2021-06-10,569.35,589.9,558.95,584.6,1034717,EQ,27060.0,38.24,179819.0
2021-06-11,590.0,594.95,578.55,582.45,590610,EQ,18921.0,31.21,153841.0
2021-06-14,580.65,585.05,567.0,578.35,226622,EQ,7796.0,29.07,37224.0
2021-06-15,576.0,581.25,568.95,571.1,306451,EQ,9422.0,32.53,129213.0
2021-06-16,571.35,579.85,565.45,567.45,246452,EQ,10814.0,22.79,85794.0
2021-06-17,561.35,596.65,552.65,570.4,1820950,EQ,43755.0,41.62,442133.0
2021-06-18,575.95,576.6,560.15,566.15,1005831,EQ,22054.0,45.61,618448.0
2021-06-21,562.0,575.1,554.05,568.85,649897,EQ,21463.0,30.28,164039.0
2021-06-22,574.0,576.25,566.0,568.65,427455,EQ,12038.0,35.51,261221.0
2021-06-23,573.35,578.5,566.0,571.65,437812,EQ,12132.0,36.09,150940.0
2021-06-24,573.35,576.25,566.65,571.35,337562,EQ,7145.0,47.24,160460.0
2021-06-25,573.35,578.5,568.85,575.65,302991,EQ,8605.0,35.21,93445.0
2021-06-28,575.35,590.6,570.15,587.55,414235,EQ,11815.0,35.06,172026.0
2021-06-29,586.0,587.35,570.75,575.1,324166,EQ,9670.0,33.52,135539.0
2021-06-30,570.05,577.15,564.15,566.55,351060,EQ,18404.0,19.08,189213.0
2021-07-01,567.6,574.65,565.35,571.95,138698,EQ,6496.0,21.35,42667.0
2021-07-02,577.75,606.55,571.65,599.85,1945993,EQ,53898.0,36.11,329164.0
2021-07-05,606.35,614.0,597.35,601.3,1316486,EQ,31983.0,41.16,344568.0
2021-07-06,603.35,611.75,594.25,601.25,730080,EQ,16360.0,44.63,378378.0
2021-07-07,605.05,608.15,595.55,605.95,283658,EQ,12089.0,23.46,77838.0
2021-07-08,609.8,631.95,604.0,614.2,2179864,EQ,54321.0,40.13,326416.0
2021-07-09,614.2,616.35,600.0,603.55,507064,EQ,18784.0,26.99,133232.0
2021-07-12,606.65,616.6,596.65,599.5,576161,EQ,18958.0,30.39,215599.0
2021-07-13,605.25,624.45,600.6,617.85,842102,EQ,29316.0,28.72,173750.0
2021-07-14,620.65,624.05,609.55,611.95,684507,EQ,23122.0,29.6,147698.0
2021-07-15,614.2,618.65,599.35,601.85,439404,EQ,14365.0,30.59,158505.0
2021-07-16,607.35,607.35,585.35,586.6,569938,EQ,17118.0,33.29,273578.0
2021-07-19,585.25,586.0,573.35,580.0,759172,EQ,22826.0,33.26,321711.0
2021-07-20,579.95,579.95,558.65,574.25,754030,EQ,23359.0,32.28,198089.0
2021-07-22,578.0,616.65,576.7,613.65,1813383,EQ,50447.0,35.95,430377.0
2021-07-23,615.3,615.3,591.9,594.1,614666,EQ,24940.0,24.65,150004.0
2021-07-26,597.65,598.0,580.4,594.05,613423,EQ,20006.0,30.66,187299.0
2021-07-27,594.65,617.3,590.05,611.35,947007,EQ,25975.0,36.46,201859.0
2021-07-28,611.35,621.15,598.95,617.55,740399,EQ,26196.0,28.26,242714.0
2021-07-29,617.65,622.1,607.0,609.95,358868,EQ,12175.0,29.48,74732.0
2021-07-30,613.15,628.65,608.0,615.25,720404,EQ,20630.0,34.92,231917.0
2021-08-02,615.55,646.0,615.25,637.75,1342173,EQ,38800.0,34.59,241122.0
2021-08-03,643.95,643.95,622.7,625.85,572016,EQ,23408.0,24.44,187932.0
2021-08-04,631.3,635.15,613.85,619.25,335436,EQ,13218.0,25.38,94770.0
2021-08-05,620.4,626.6,598.65,610.35,1041009,EQ,40009.0,26.02,491095.0
2021-08-06,614.15,624.65,608.15,612.9,636462,EQ,19130.0,33.27,182436.0
2021-08-09,617.55,625.65,611.1,619.25,670460,EQ,23340.0,28.73,202067.0
2021-08-10,621.55,642.75,613.8,630.55,2198799,EQ,53762.0,40.9,736292.0
2021-08-11,614.0,620.0,568.0,600.35,2959134,EQ,73888.0,40.05,822062.0
2021-08-12,603.65,608.95,586.75,597.8,592714,EQ,22252.0,26.64,222087.0
2021-08-13,600.35,602.65,584.45,588.55,738531,EQ,29018.0,25.45,339086.0
2021-08-16,589.95,592.75,577.3,583.15,436930,EQ,23918.0,18.27,170853.0
2021-08-17,580.0,605.95,578.0,591.6,973907,EQ,47006.0,20.72,392716.0
2021-08-18,596.45,602.6,585.75,600.5,477749,EQ,34289.0,13.93,168668.0
2021-08-20,587.85,610.0,581.15,598.15,879721,EQ,47054.0,18.7,186205.0
2021-08-23,599.65,601.15,577.45,589.45,710233,EQ,44707.0,15.89,277306.0
2021-08-24,592.45,602.0,584.15,600.5,512709,EQ,12634.0,40.58,255203.0
2021-08-25,601.8,615.05,593.55,611.15,761172,EQ,18803.0,40.48,256318.0
2021-08-26,613.35,642.75,613.3,627.55,3121784,EQ,77236.0,40.42,356042.0
2021-08-27,630.45,638.65,626.65,632.35,638508,EQ,18784.0,33.99,126805.0
2021-08-30,636.65,671.35,634.0,660.85,1981330,EQ,52334.0,37.86,461722.0
2021-08-31,663.35,676.65,650.65,671.25,968660,EQ,27210.0,35.6,356037.0
2021-09-01,669.65,691.15,658.8,662.95,861143,EQ,35070.0,24.55,249815.0
2021-09-02,666.25,675.75,657.05,667.0,600794,EQ,16881.0,35.59,288968.0
2021-09-03,672.6,678.45,656.1,663.8,454344,EQ,19541.0,23.25,168018.0
2021-09-06,666.75,682.6,663.8,673.25,646921,EQ,20138.0,32.12,206755.0
2021-09-07,673.2,681.3,662.15,666.0,597743,EQ,30482.0,19.61,209889.0
2021-09-08,667.35,700.0,663.35,689.25,2226426,EQ,114719.0,19.41,617556.0
2021-09-09,692.35,696.9,673.55,681.7,1228907,EQ,56707.0,21.67,318763.0
2021-09-13,676.0,685.15,665.5,670.75,448685,EQ,35641.0,12.59,161352.0
2021-09-14,673.3,682.5,666.7,669.35,529047,EQ,26126.0,20.25,257205.0
2021-09-15,670.5,673.35,658.0,667.85,635701,EQ,40227.0,15.8,283636.0
2021-09-16,673.0,673.65,660.1,663.85,286275,EQ,18229.0,15.7,124592.0
2021-09-17,666.65,666.65,642.65,654.95,562721,EQ,36615.0,15.37,216335.0
2021-09-20,647.35,668.3,635.35,652.75,569477,EQ,45731.0,12.45,168869.0
2021-09-21,654.35,660.75,637.5,658.1,432370,EQ,26103.0,16.56,111783.0
2021-09-22,656.65,663.35,650.65,655.8,252879,EQ,13124.0,19.27,81126.0
2021-09-23,659.35,687.85,657.4,671.05,1207650,EQ,52889.0,22.83,491273.0
2021-09-24,678.2,683.55,652.0,658.35,834581,EQ,36350.0,22.96,431008.0
2021-09-27,663.35,672.0,655.15,668.85,314717,EQ,11243.0,27.99,111231.0
2021-09-28,672.65,680.0,662.65,675.95,612126,EQ,17966.0,34.07,278347.0
2021-09-29,675.95,675.95,646.65,673.05,415354,EQ,14576.0,28.5,136857.0
2021-09-30,675.35,694.4,667.5,683.9,941677,EQ,35281.0,26.69,314216.0
2021-10-01,683.9,726.65,680.0,696.25,3294173,EQ,106014.0,31.07,487437.0
2021-10-04,702.35,704.95,680.5,697.45,1043541,EQ,47090.0,22.16,258307.0
2021-10-05,700.0,712.0,693.5,699.9,675246,EQ,35986.0,18.76,138952.0
2021-10-06,706.65,731.85,690.7,696.35,1324497,EQ,47241.0,28.04,186742.0
2021-10-07,706.0,751.3,703.35,739.25,1988186,EQ,95451.0,20.83,472946.0
2021-10-08,746.65,746.65,725.4,735.55,439597,EQ,17734.0,24.79,79291.0
2021-10-11,743.2,760.0,730.45,735.45,681017,EQ,29598.0,23.01,237052.0
2021-10-12,739.35,762.0,730.0,755.75,1064340,EQ,43885.0,24.25,349928.0
2021-10-13,750.1,806.65,735.75,782.8,1433510,EQ,55422.0,25.87,247012.0
2021-10-14,783.35,789.35,763.35,769.65,563063,EQ,33580.0,16.77,218070.0
2021-10-18,777.3,786.65,763.8,769.55,571535,EQ,37782.0,15.13,263306.0
2021-10-19,773.35,783.05,729.45,744.45,832711,EQ,41931.0,19.86,463367.0
2021-10-20,744.45,758.8,723.35,740.95,574423,EQ,25228.0,22.77,249958.0
2021-10-21,748.35,749.1,711.35,720.25,470149,EQ,29815.0,15.77,213616.0
2021-10-22,720.65,741.8,695.6,700.55,814132,EQ,25745.0,31.62,106102.0
2021-10-25,707.35,723.35,672.75,680.45,772852,EQ,21177.0,36.49,318784.0
2021-10-26,682.65,702.85,677.65,694.3,999447,EQ,34736.0,28.77,425614.0
2021-10-27,701.5,714.85,684.15,689.25,476913,EQ,20097.0,23.73,170876.0
2021-10-28,691.65,696.1,666.65,670.45,495393,EQ,25693.0,19.28,212054.0
2021-10-29,670.35,692.05,659.65,668.75,446580,EQ,16876.0,26.46,217170.0
2021-11-01,676.0,685.45,664.45,683.15,539353,EQ,21554.0,25.02,292898.0
2021-11-02,692.65,712.0,686.65,691.65,1518927,EQ,62468.0,24.32,451385.0
2021-11-03,731.35,754.85,716.75,728.1,5869336,EQ,201083.0,29.19,1314392.0
2021-11-04,733.35,735.6,726.85,729.55,141116,EQ,201083.0,0.7,1314392.0
2021-11-08,733.2,743.95,723.35,733.7,1102344,EQ,40295.0,27.36,365288.0
2021-11-09,733.35,755.35,729.4,751.6,1034509,EQ,47422.0,21.81,477309.0
2021-11-10,751.35,755.95,739.35,749.55,503041,EQ,28743.0,17.5,247495.0
2021-11-11,749.15,770.45,747.45,764.8,979707,EQ,49583.0,19.76,286807.0
2021-11-12,766.8,773.35,752.4,766.1,502799,EQ,18299.0,27.48,197505.0
2021-11-15,771.3,782.0,760.0,771.45,724923,EQ,24152.0,30.02,320277.0
2021-11-16,764.45,801.8,760.85,793.55,1245041,EQ,42619.0,29.21,459133.0
2021-11-17,793.25,800.0,763.35,768.8,792324,EQ,33390.0,23.73,403507.0
2021-11-18,769.95,772.0,730.35,758.45,1003276,EQ,48208.0,20.81,566600.0
2021-11-22,741.6,759.7,734.4,741.85,724443,EQ,31054.0,23.33,320858.0
2021-11-23,739.35,751.1,729.05,741.25,1337545,EQ,27371.0,48.87,991048.0
2021-11-24,740.75,745.35,726.65,730.5,1045914,EQ,20258.0,51.63,747759.0
2021-11-25,726.65,732.65,718.35,728.4,602587,EQ,15304.0,39.37,395025.0
2021-11-26,722.0,727.9,683.35,694.45,904556,EQ,28525.0,31.71,439377.0
2021-11-29,690.0,704.6,661.6,684.45,850287,EQ,28622.0,29.71,417235.0
2021-11-30,683.35,711.85,668.55,676.25,1075312,EQ,53901.0,19.95,528793.0
2021-12-01,688.1,692.35,670.65,682.8,839843,EQ,26942.0,31.17,523409.0
2021-12-02,688.65,696.55,680.15,687.55,904904,EQ,28955.0,31.25,565979.0
2021-12-03,691.0,691.25,675.85,680.65,661928,EQ,19420.0,34.08,389873.0
2021-12-06,686.05,686.05,659.4,665.35,373519,EQ,14534.0,25.7,172432.0
2021-12-07,670.0,690.65,663.45,678.65,644619,EQ,29591.0,21.78,231248.0
2021-12-08,690.65,701.35,678.65,694.0,550648,EQ,19344.0,28.47,184948.0
2021-12-09,700.4,700.4,685.05,691.65,214644,EQ,8986.0,23.89,80656.0
2021-12-10,693.35,693.35,683.35,690.65,232075,EQ,12566.0,18.47,98272.0
2021-12-13,693.35,701.8,685.35,687.5,337088,EQ,15617.0,21.58,180965.0
2021-12-14,683.35,695.05,667.2,686.95,616598,EQ,28789.0,21.42,305096.0
2021-12-15,690.0,724.65,686.95,690.75,1671114,EQ,59675.0,28.0,326635.0
2021-12-16,698.0,702.35,670.0,687.45,1121604,EQ,32768.0,34.23,625832.0
2021-12-17,687.45,709.25,675.45,690.05,805803,EQ,27040.0,29.8,319193.0
2021-12-20,686.65,686.65,647.05,671.95,852808,EQ,32181.0,26.5,388088.0
2021-12-21,682.65,689.75,672.05,678.9,377839,EQ,18151.0,20.82,137030.0
2021-12-22,686.65,709.65,677.05,696.55,843395,EQ,25755.0,32.75,452570.0
2021-12-23,696.0,704.55,688.0,694.75,577082,EQ,16748.0,34.46,110571.0
2021-12-24,695.55,701.85,680.15,694.0,288355,EQ,12499.0,23.07,113010.0
2021-12-27,680.0,712.0,680.0,700.7,834703,EQ,32265.0,25.87,338212.0
2021-12-28,703.0,706.05,688.0,689.85,335064,EQ,20810.0,16.1,142626.0
2021-12-29,693.75,700.6,684.65,692.3,252419,EQ,9822.0,25.7,72741.0
2021-12-30,697.05,697.05,683.95,688.55,607040,EQ,16454.0,36.89,280482.0
2021-12-31,695.0,713.25,686.35,710.0,452416,EQ,17034.0,26.56,141649.0
2022-01-03,710.0,710.0,694.0,703.05,363953,EQ,17143.0,21.23,133870.0
2022-01-04,700.0,711.35,697.35,703.95,258035,EQ,12163.0,21.21,90271.0
2022-01-05,703.35,720.75,699.85,713.9,741560,EQ,30008.0,24.71,154088.0
2022-01-06,711.35,725.95,703.15,720.25,408431,EQ,18291.0,22.33,93245.0
2022-01-07,714.65,730.0,712.6,723.45,482099,EQ,21470.0,22.45,168265.0
2022-01-10,726.65,729.85,708.0,714.65,604941,EQ,25740.0,23.5,234198.0
2022-01-11,716.65,749.35,714.75,746.1,861357,EQ,40877.0,21.07,264712.0
2022-01-12,752.65,767.0,740.0,763.5,741670,EQ,33758.0,21.97,265770.0
2022-01-13,763.5,791.8,753.35,788.6,682225,EQ,33610.0,20.3,200635.0
2022-01-14,776.75,799.95,772.95,776.55,744286,EQ,28380.0,26.23,175258.0
2022-01-17,778.0,791.95,769.95,772.15,501455,EQ,18274.0,27.44,196190.0
2022-01-18,784.65,784.65,757.2,762.85,543636,EQ,21272.0,25.56,285106.0
2022-01-19,763.35,808.0,757.6,778.35,1671916,EQ,85554.0,19.54,560948.0
2022-01-20,776.65,796.15,773.35,780.0,968296,EQ,28494.0,33.98,556191.0
2022-01-21,779.35,804.35,761.35,787.9,961910,EQ,45037.0,21.36,281533.0
2022-01-24,786.0,800.0,727.55,747.95,979818,EQ,31262.0,31.34,460629.0
2022-01-25,728.0,742.15,700.25,719.55,866941,EQ,34972.0,24.79,310594.0
2022-01-27,706.65,725.2,667.55,681.95,1611802,EQ,63992.0,25.19,943222.0
2022-01-28,683.4,694.65,672.25,678.85,1230291,EQ,35934.0,34.24,713509.0
2022-01-31,678.65,691.9,678.65,687.7,408254,EQ,23704.0,17.22,181423.0
2022-02-01,688.0,709.9,687.7,706.95,521498,EQ,29321.0,17.79,239943.0
2022-02-02,706.95,738.0,699.95,731.7,878597,EQ,35922.0,24.46,463252.0
2022-02-03,732.0,733.35,718.25,722.2,416753,EQ,12330.0,33.8,241111.0
2022-02-04,724.15,726.65,701.35,704.95,305527,EQ,17449.0,17.51,121944.0
2022-02-07,706.8,712.55,683.35,700.3,648493,EQ,18420.0,35.21,379645.0
2022-02-08,703.2,711.35,690.25,702.65,377585,EQ,15280.0,24.71,159584.0
2022-02-09,709.35,716.65,702.0,713.75,304759,EQ,14924.0,20.42,140839.0
2022-02-10,717.65,723.35,703.35,717.05,411046,EQ,22373.0,18.37,188555.0
2022-02-11,723.35,733.05,703.6,714.25,1656107,EQ,71099.0,23.29,410587.0
2022-02-14,693.35,703.35,678.0,690.85,536059,EQ,26484.0,20.24,178694.0
2022-02-15,691.35,724.35,684.0,721.05,619460,EQ,28126.0,22.02,319345.0
2022-02-16,726.6,728.25,703.75,707.65,343162,EQ,15239.0,22.52,141172.0
2022-02-17,715.45,715.45,701.45,708.55,287521,EQ,19483.0,14.76,125849.0
2022-02-18,696.65,710.0,693.35,696.75,205306,EQ,12619.0,16.27,80993.0
2022-02-21,696.65,703.2,674.0,690.25,576902,EQ,23977.0,24.06,252419.0
2022-02-22,668.0,705.6,668.0,699.7,714429,EQ,34618.0,20.64,389125.0
2022-02-23,700.0,722.65,700.0,702.85,393547,EQ,20860.0,18.87,116659.0
2022-02-24,677.4,691.45,653.35,680.45,633017,EQ,27034.0,23.42,323009.0
2022-02-25,706.65,716.5,686.45,713.4,543759,EQ,18791.0,28.94,237327.0
2022-02-28,686.75,746.0,686.75,738.75,1102621,EQ,31489.0,35.02,491544.0
2022-03-02,732.65,745.15,720.05,736.75,661272,EQ,31918.0,20.72,253696.0
2022-03-03,740.0,757.1,737.05,754.1,645290,EQ,39985.0,16.14,231038.0
2022-03-04,750.65,750.65,721.6,730.3,653153,EQ,25383.0,25.73,329633.0
2022-03-07,720.0,720.0,693.35,709.45,372706,EQ,,,
2022-03-08,710.1,727.75,698.7,718.75,461151,EQ,18266.0,25.25,237088.0
2022-03-09,718.65,770.0,713.35,762.55,757000,EQ,36012.0,21.02,165793.0
2022-03-10,770.15,776.25,759.05,766.5,557825,EQ,20184.0,27.64,225120.0
2022-03-11,760.75,787.85,754.0,779.2,476838,EQ,19548.0,24.39,241213.0
2022-03-14,786.6,805.0,766.95,778.05,614586,EQ,23062.0,26.65,325761.0
2022-03-15,776.85,787.35,763.65,772.15,400312,EQ,18461.0,21.68,210155.0
2022-03-16,782.65,794.3,768.65,780.85,486972,EQ,16631.0,29.28,254985.0
2022-03-17,793.35,856.0,791.35,841.35,4537229,EQ,151688.0,29.91,1111138.0
2022-03-21,854.65,868.35,834.0,853.05,1520151,EQ,57435.0,26.47,368994.0
2022-03-22,850.0,865.65,837.35,857.55,713407,EQ,25299.0,28.2,236275.0
2022-03-23,861.35,876.4,851.85,866.85,713104,EQ,29988.0,23.78,215111.0
2022-03-24,870.0,873.3,847.35,851.25,453482,EQ,27312.0,16.6,152150.0
2022-03-25,858.65,858.65,827.15,840.85,662176,EQ,29824.0,22.2,309947.0
2022-03-28,842.0,860.0,836.65,853.05,939603,EQ,30680.0,30.63,581553.0
2022-03-29,855.25,855.5,840.15,850.8,539919,EQ,20366.0,26.51,310084.0
2022-03-30,856.65,856.65,834.7,838.05,366894,EQ,22597.0,16.24,171085.0
2022-03-31,836.65,856.6,832.55,850.35,755068,EQ,30502.0,24.75,403837.0
2022-04-01,854.0,863.35,840.05,845.65,491523,EQ,27185.0,18.08,272566.0
2022-04-04,837.55,872.65,837.55,863.1,762394,EQ,33358.0,22.85,326401.0
2022-04-05,873.35,890.0,860.55,879.45,1337792,EQ,66301.0,20.18,520915.0
2022-04-06,882.35,891.2,867.5,885.55,907711,EQ,52743.0,17.21,324031.0
2022-04-07,890.65,897.9,866.65,871.85,1038577,EQ,52082.0,19.94,344729.0
2022-04-08,872.15,879.75,843.7,846.45,874307,EQ,50360.0,17.36,444076.0
2022-04-11,852.85,861.0,844.25,853.95,509264,EQ,43847.0,11.61,265248.0
2022-04-12,850.0,858.55,823.95,833.65,845636,EQ,39584.0,21.36,446193.0
2022-04-13,840.0,841.85,814.35,821.85,742352,EQ,31584.0,23.5,377509.0
2022-04-18,820.0,832.0,810.65,815.65,395195,EQ,19235.0,20.55,124945.0
2022-04-19,829.8,852.0,820.45,832.3,1575212,EQ,47814.0,32.94,799266.0
2022-04-20,834.0,857.1,834.0,843.95,743805,EQ,29005.0,25.64,306725.0
2022-04-21,853.25,863.35,840.0,857.2,516906,EQ,18345.0,28.18,214043.0
2022-04-22,855.35,862.65,843.65,857.75,481960,EQ,15930.0,30.25,275260.0
2022-04-25,836.85,854.5,820.05,824.95,403163,EQ,23980.0,16.81,166825.0
2022-04-26,832.55,858.15,830.0,853.25,640781,EQ,28644.0,22.37,350827.0
2022-04-27,826.65,842.95,810.05,816.65,705547,EQ,25363.0,27.82,326893.0
2022-04-28,797.35,825.95,787.35,817.15,1076903,EQ,36870.0,29.21,340048.0
2022-04-29,826.65,832.8,814.85,818.95,439063,EQ,16964.0,25.88,188841.0
2022-05-02,813.35,821.25,803.75,813.45,488409,EQ,17835.0,27.38,295685.0
2022-05-04,815.75,823.25,803.4,808.85,489438,EQ,22307.0,21.94,283684.0
2022-05-05,822.65,828.55,804.05,808.25,464980,EQ,16292.0,28.54,228269.0
2022-05-06,794.65,799.85,758.75,764.5,840078,EQ,43007.0,19.53,430563.0
2022-05-09,757.2,767.65,728.55,735.9,873730,EQ,50137.0,17.43,460679.0
2022-05-10,733.35,741.4,703.35,706.75,663951,EQ,44879.0,14.79,400682.0
2022-05-12,696.65,696.65,655.25,673.9,1433291,EQ,53882.0,26.6,845438.0
2022-05-13,689.8,703.0,679.05,688.0,467140,EQ,28774.0,16.23,194059.0
2022-05-16,682.65,696.7,670.05,692.75,536424,EQ,32753.0,16.38,172133.0
2022-05-17,690.85,719.9,690.65,717.05,438660,EQ,16311.0,26.89,163904.0
2022-05-18,723.35,733.35,710.55,723.35,623123,EQ,33945.0,18.36,293237.0
2022-05-19,708.1,716.55,674.55,691.1,1247443,EQ,64842.0,19.24,674349.0
2022-05-20,696.4,728.0,696.4,724.65,629720,EQ,30627.0,20.56,243512.0
2022-05-23,728.0,732.65,706.9,710.2,302084,EQ,11345.0,26.63,58186.0
2022-05-24,713.95,720.3,698.15,717.25,337854,EQ,12792.0,26.41,94845.0
2022-05-25,719.95,723.9,684.3,691.95,407027,EQ,16395.0,24.83,201735.0
2022-05-26,695.6,702.85,669.6,699.3,444559,EQ,16083.0,27.64,172975.0
2022-05-27,702.0,716.6,697.0,712.3,293538,EQ,13371.0,21.95,100781.0
2022-05-30,724.65,748.8,718.0,745.95,547836,EQ,24284.0,22.56,160020.0
2022-05-31,743.35,756.65,739.55,749.35,1673884,EQ,28353.0,59.04,1198708.0
2022-06-01,754.65,763.35,737.5,739.65,521752,EQ,19111.0,27.3,226166.0
2022-06-02,741.2,749.35,732.0,741.9,433531,EQ,14693.0,29.51,201480.0
2022-06-03,740.75,763.35,740.75,752.85,843397,EQ,34489.0,24.45,335298.0
2022-06-06,752.65,759.0,728.0,736.5,620866,EQ,28698.0,21.63,275741.0
2022-06-07,737.35,737.35,715.35,723.25,284321,EQ,16159.0,17.6,106133.0
2022-06-08,720.0,731.95,718.65,724.65,469020,EQ,15998.0,29.32,285094.0
2022-06-09,718.65,727.85,708.75,722.85,557580,EQ,28251.0,19.74,288717.0
2022-06-10,720.65,746.75,714.55,742.2,859171,EQ,32717.0,26.26,183464.0
2022-06-13,739.95,741.05,722.3,724.45,514725,EQ,18667.0,27.57,115755.0
2022-06-14,724.25,728.2,709.45,712.95,495087,EQ,20643.0,23.98,205243.0
2022-06-15,713.5,738.65,710.5,729.95,882202,EQ,22216.0,39.71,476394.0
2022-06-16,736.85,745.05,713.0,718.7,387582,EQ,19584.0,19.79,145336.0
2022-06-17,718.7,723.15,690.85,695.85,753097,EQ,28666.0,26.27,341692.0
2022-06-20,695.95,705.3,676.35,699.2,518858,EQ,29026.0,17.88,133042.0
2022-06-21,704.05,712.65,692.05,700.15,1352719,EQ,62182.0,21.75,856896.0
2022-06-22,700.15,700.65,672.85,680.55,673346,EQ,29148.0,23.1,282097.0
2022-06-23,682.35,691.95,674.65,686.5,486409,EQ,19916.0,24.42,219933.0
2022-06-24,693.35,708.35,689.45,705.8,462900,EQ,18526.0,24.99,202105.0
2022-06-27,720.6,720.6,694.2,699.4,344510,EQ,16484.0,20.9,128544.0
2022-06-28,700.0,717.35,686.65,712.15,442089,EQ,26685.0,16.57,205147.0
2022-06-29,706.4,743.35,695.1,739.5,1397225,EQ,40590.0,34.42,726196.0
2022-06-30,734.0,742.2,712.85,716.1,529542,EQ,26589.0,19.92,234532.0
2022-07-01,716.1,725.4,706.05,715.7,555368,EQ,17795.0,31.21,309017.0
2022-07-04,715.7,748.0,715.7,745.45,736578,EQ,29577.0,24.9,207717.0
2022-07-05,745.45,756.25,740.05,746.9,635508,EQ,24795.0,25.63,217042.0
2022-07-06,749.8,783.35,742.0,781.35,835710,EQ,24553.0,34.04,425899.0
2022-07-07,783.45,791.3,772.25,780.35,291188,EQ,13981.0,20.83,68921.0
2022-07-08,781.25,807.2,774.95,802.85,954902,EQ,32197.0,29.66,394432.0
2022-07-11,801.85,815.2,798.0,804.95,877368,EQ,31649.0,27.72,268669.0
2022-07-12,804.0,808.0,789.35,797.3,583382,EQ,27566.0,21.16,329548.0
2022-07-13,801.45,807.95,772.5,803.7,325971,EQ,22694.0,14.36,154564.0
2022-07-14,804.0,811.25,780.05,786.2,453534,EQ,31075.0,14.59,223603.0
2022-07-15,790.35,809.9,788.05,807.15,315845,EQ,18235.0,17.32,68041.0
2022-07-18,814.65,825.15,801.8,805.7,980588,EQ,27648.0,35.47,231525.0
2022-07-19,805.2,812.15,796.7,801.5,491128,EQ,16682.0,29.44,261371.0
2022-07-20,806.65,822.0,802.0,806.35,604230,EQ,17522.0,34.48,246929.0
2022-07-21,807.85,819.45,800.65,813.7,476539,EQ,24855.0,19.17,268071.0
2022-07-22,814.65,844.55,813.7,829.15,942665,EQ,36731.0,25.66,210830.0
2022-07-25,825.0,830.0,814.2,821.7,381778,EQ,16732.0,22.82,184713.0
2022-07-26,825.8,831.85,815.45,821.0,331124,EQ,14283.0,23.18,100044.0
2022-07-27,821.35,839.05,816.8,836.25,532946,EQ,20408.0,26.11,200807.0
2022-07-28,837.35,847.3,832.05,839.2,504060,EQ,20033.0,25.16,263118.0
2022-07-29,845.3,851.25,833.35,845.75,656479,EQ,22031.0,29.8,376059.0
2022-08-01,845.35,870.35,845.35,867.35,793553,EQ,27374.0,28.99,391113.0
2022-08-02,866.6,875.0,851.2,872.45,502117,EQ,28062.0,17.89,161402.0
2022-08-03,874.0,884.5,861.35,872.5,393606,EQ,17124.0,22.99,130438.0
2022-08-04,883.35,883.35,858.75,877.85,393725,EQ,17586.0,22.39,120291.0
2022-08-05,880.0,882.45,868.15,877.25,242951,EQ,20256.0,11.99,110103.0
2022-08-08,877.25,888.65,871.65,879.1,438066,EQ,,,
2022-08-10,879.65,887.9,867.35,874.15,313632,EQ,17803.0,17.62,127233.0
2022-08-11,886.0,906.45,880.3,893.45,1702218,EQ,60587.0,28.1,397823.0
2022-08-12,898.0,927.05,888.45,921.85,1159339,EQ,37433.0,30.97,240241.0
2022-08-16,927.05,969.55,926.45,939.95,1476050,EQ,55047.0,26.81,461827.0
2022-08-17,940.2,988.0,940.2,983.15,1594684,EQ,60232.0,26.48,462294.0
2022-08-18,987.35,1015.0,965.5,970.35,1748382,EQ,58906.0,29.68,359797.0
2022-08-19,976.6,991.6,925.8,932.1,1284783,EQ,51753.0,24.83,397346.0
2022-08-22,932.1,944.5,866.1,876.05,3129067,EQ,64705.0,48.36,1884961.0
2022-08-23,872.95,903.35,855.35,897.85,2092763,EQ,61744.0,33.89,954222.0
2022-08-24,900.0,902.6,881.35,896.6,633681,EQ,32894.0,19.26,200757.0
2022-08-25,904.85,915.6,892.0,906.25,1144010,EQ,38813.0,29.47,570011.0
2022-08-26,910.65,933.9,908.7,927.05,1047852,EQ,33138.0,31.62,482895.0
2022-08-29,901.35,912.0,886.95,907.1,575626,EQ,37932.0,15.18,222742.0
2022-08-30,908.35,944.55,908.35,938.15,1311053,EQ,51526.0,25.44,559861.0
2022-09-01,929.65,944.0,927.7,942.65,738051,EQ,46269.0,15.95,395630.0
2022-09-02,946.0,947.7,925.4,927.4,462018,EQ,28730.0,16.08,203777.0
2022-09-05,926.65,939.3,923.1,932.15,633249,EQ,23156.0,27.35,155879.0
2022-09-06,936.65,942.4,924.35,926.65,342940,EQ,16797.0,20.42,156256.0
2022-09-07,926.55,949.35,924.05,942.15,887074,EQ,26777.0,33.13,533032.0
2022-09-08,951.95,951.95,936.05,938.05,604853,EQ,25800.0,23.44,400638.0
2022-09-09,943.0,948.0,914.55,919.55,594999,EQ,19120.0,31.12,375972.0
2022-09-12,923.35,945.2,923.35,933.55,733357,EQ,24915.0,29.43,446573.0
2022-09-13,938.45,980.0,936.65,973.55,934852,EQ,42942.0,21.77,371647.0
2022-09-14,962.65,982.9,951.95,953.75,786238,EQ,28123.0,27.96,300447.0
2022-09-15,962.85,967.65,950.7,956.8,552868,EQ,15160.0,36.47,303924.0
2022-09-16,959.35,975.6,939.75,955.15,936253,EQ,40493.0,23.12,419034.0
2022-09-19,955.6,960.0,923.65,947.85,625902,EQ,37826.0,16.55,232541.0
2022-09-20,951.35,972.65,951.35,963.7,551632,EQ,27283.0,20.22,192416.0
2022-09-21,967.35,999.05,964.0,974.65,1496404,EQ,54116.0,27.65,290621.0
2022-09-22,974.65,995.35,960.65,991.15,878084,EQ,37603.0,23.35,390874.0
2022-09-23,993.35,994.55,945.15,955.75,743035,EQ,34727.0,21.4,301956.0
2022-09-26,946.65,952.55,902.0,939.3,877826,EQ,41237.0,21.29,382201.0
2022-09-27,946.25,962.25,926.65,930.7,599701,EQ,34729.0,17.27,205576.0
2022-09-28,924.65,939.65,913.55,925.45,341570,EQ,24674.0,13.84,138035.0
2022-09-29,935.35,939.45,913.4,931.75,513074,EQ,24347.0,21.07,286421.0
2022-09-30,931.8,953.35,914.95,946.65,721128,EQ,38906.0,18.54,388598.0
2022-10-03,946.0,950.0,922.0,926.55,487553,EQ,32343.0,15.07,247633.0
2022-10-04,940.0,957.95,934.45,954.3,669791,EQ,34356.0,19.5,386557.0
2022-10-06,959.25,969.85,952.0,964.95,572255,EQ,44124.0,12.97,268785.0
2022-10-07,970.0,986.65,960.05,967.15,633829,EQ,36049.0,17.58,196185.0
2022-10-10,953.35,967.85,945.35,954.55,532783,EQ,28438.0,18.73,298853.0
2022-10-11,964.15,973.1,937.5,948.7,670168,EQ,30582.0,21.91,222906.0
2022-10-12,946.65,959.9,932.0,948.2,402168,EQ,32187.0,12.49,141212.0
2022-10-13,948.65,959.05,930.65,934.45,286921,EQ,16470.0,17.42,96462.0
2022-10-14,954.65,954.65,915.9,919.75,441023,EQ,19042.0,23.16,137739.0
2022-10-17,918.65,924.95,902.7,918.85,418522,EQ,24982.0,16.75,125724.0
2022-10-18,924.65,957.35,915.55,952.6,651226,EQ,33390.0,19.5,345390.0
2022-10-19,953.35,965.15,944.75,949.45,451427,EQ,24538.0,18.4,121177.0
2022-10-20,943.35,954.4,936.65,950.35,439690,EQ,23098.0,19.04,165086.0
2022-10-21,950.35,962.0,937.45,954.0,458912,EQ,20336.0,22.57,215758.0
2022-10-24,964.25,964.25,948.0,952.85,70262,EQ,4163.0,16.88,30776.0
2022-10-25,953.35,961.35,946.45,955.95,244221,EQ,16773.0,14.56,113717.0
2022-10-27,955.95,980.35,955.35,975.4,441597,EQ,26669.0,16.56,217468.0
2022-10-28,980.35,985.35,963.35,972.65,325536,EQ,17516.0,18.59,140027.0
2022-10-31,973.35,1028.65,973.35,1018.6,2085522,EQ,71367.0,29.22,573393.0
2022-11-01,1029.95,1044.0,1015.15,1038.35,999663,EQ,35203.0,28.4,457111.0
2022-11-02,1043.35,1043.35,1011.45,1020.15,535001,EQ,32519.0,16.45,164483.0
2022-11-03,1007.35,1034.45,1002.55,1030.35,504000,EQ,27333.0,18.44,228129.0
2022-11-04,1033.2,1033.45,997.05,1004.0,591976,EQ,33515.0,17.66,287567.0
2022-11-07,1011.8,1015.65,991.0,1005.25,501244,EQ,30683.0,16.34,323180.0
2022-11-09,1004.65,1005.95,996.75,1001.15,328444,EQ,23313.0,14.09,198981.0
2022-11-10,996.65,999.55,973.05,980.6,584753,EQ,25184.0,23.22,310058.0
2022-11-11,981.4,1033.15,930.0,946.05,2812289,EQ,100940.0,27.86,1425653.0
2022-11-14,955.7,961.05,934.05,951.35,1122597,EQ,32118.0,34.95,627847.0
2022-11-15,949.4,950.0,937.35,944.1,710092,EQ,32118.0,22.11,627847.0
2022-11-16,944.1,950.0,924.75,929.9,467953,EQ,29059.0,16.1,204886.0
2022-11-17,930.65,940.55,919.35,931.15,944775,EQ,36557.0,25.84,548857.0
2022-11-18,935.8,935.8,914.6,922.05,591196,EQ,29227.0,20.23,372962.0
2022-11-21,919.3,921.85,905.8,919.1,457376,EQ,29192.0,15.67,252530.0
2022-11-22,920.0,941.95,920.0,938.75,770340,EQ,42267.0,18.23,242167.0
2022-11-23,938.75,947.95,933.35,940.2,1390277,EQ,36068.0,38.55,1030828.0
2022-11-24,942.65,956.0,939.35,952.95,602103,EQ,30885.0,19.49,346195.0
2022-11-25,953.35,965.35,949.45,954.95,541513,EQ,22277.0,24.31,281226.0
2022-11-28,947.35,963.25,946.75,959.45,290527,EQ,21595.0,13.45,141786.0
2022-11-29,959.35,975.0,956.05,971.3,476040,EQ,26296.0,18.1,257653.0
2022-11-30,971.3,986.55,956.9,981.1,960009,EQ,39860.0,24.08,619881.0
2022-12-01,982.35,986.0,970.4,976.05,392526,EQ,22276.0,17.62,223224.0
2022-12-02,976.0,984.95,973.6,979.15,286105,EQ,31769.0,9.01,158419.0
2022-12-05,975.1,987.35,965.8,983.7,462047,EQ,27773.0,16.64,256558.0
2022-12-06,980.0,992.0,973.7,983.85,501781,EQ,39529.0,12.69,327743.0
2022-12-07,984.05,988.75,970.0,975.6,233857,EQ,21073.0,11.1,95551.0
2022-12-08,977.35,977.65,963.2,972.05,325774,EQ,24681.0,13.2,166382.0
2022-12-09,978.65,978.65,955.25,972.0,381953,EQ,26037.0,14.67,188563.0
2022-12-12,970.0,971.0,960.05,966.35,266399,EQ,20285.0,13.13,144470.0
2022-12-13,966.0,973.25,960.05,962.35,392861,EQ,25112.0,15.64,251680.0
2022-12-14,962.8,973.7,961.05,967.55,247467,EQ,29600.0,8.36,127625.0
2022-12-15,966.15,973.3,952.05,957.35,383487,EQ,33669.0,11.39,215061.0
2022-12-16,951.5,954.95,934.0,938.2,505066,EQ,47654.0,10.6,267514.0
2022-12-19,930.0,949.5,925.35,945.35,467614,EQ,35313.0,13.24,290819.0
2022-12-20,945.35,947.55,930.55,941.6,270778,EQ,24797.0,10.92,141156.0
2022-12-21,940.65,946.75,903.95,910.95,585477,EQ,38709.0,15.13,298916.0
2022-12-22,912.0,920.0,878.8,888.3,879064,EQ,55993.0,15.7,463452.0
2022-12-23,876.65,890.0,851.95,856.25,1182635,EQ,45247.0,26.14,707458.0
2022-12-26,859.95,910.0,854.35,905.0,835478,EQ,42154.0,19.82,235964.0
2022-12-27,905.8,908.85,885.3,897.9,868094,EQ,44451.0,19.53,385914.0
2022-12-28,896.65,904.35,889.75,897.6,565769,EQ,26827.0,21.09,330546.0
2022-12-29,894.05,900.0,872.2,899.05,572355,EQ,33632.0,17.02,226914.0
2022-12-30,903.55,907.45,893.4,900.9,310890,EQ,22032.0,14.11,152712.0
2023-01-02,905.35,905.6,888.0,894.75,195562,EQ,9274.0,21.09,78537.0
2023-01-03,894.65,900.0,886.7,898.25,233893,EQ,19447.0,12.03,101783.0
2023-01-04,897.35,902.35,866.7,871.6,589604,EQ,34082.0,17.3,260199.0
2023-01-05,874.65,874.65,848.2,853.25,617568,EQ,38964.0,15.85,290800.0
2023-01-06,854.0,859.7,824.0,832.1,1046858,EQ,54194.0,19.32,567784.0
2023-01-09,835.85,836.65,808.9,813.15,852556,EQ,59360.0,14.36,482205.0
2023-01-10,816.65,823.45,801.3,815.75,588497,EQ,37231.0,15.81,337261.0
2023-01-11,820.05,823.35,803.35,807.15,680945,EQ,48372.0,14.08,449224.0
2023-01-12,810.0,828.35,803.0,806.35,566434,EQ,45910.0,12.34,246423.0
2023-01-13,809.35,812.25,790.75,803.6,819106,EQ,53752.0,15.24,452034.0
2023-01-16,804.65,810.95,794.65,798.25,372068,EQ,41399.0,8.99,174847.0
2023-01-17,799.95,799.95,787.25,795.4,528204,EQ,35261.0,14.98,330982.0
2023-01-18,798.65,821.5,793.95,815.2,802598,EQ,50194.0,15.99,343230.0
2023-01-19,815.3,815.3,794.65,798.85,334432,EQ,25738.0,12.99,147506.0
2023-01-20,803.05,805.0,784.65,788.2,373948,EQ,29693.0,12.59,212574.0
2023-01-23,792.15,792.85,774.05,784.85,485408,EQ,29069.0,16.7,283769.0
2023-01-24,784.65,805.7,784.65,801.85,1173927,EQ,48664.0,24.12,683843.0
2023-01-25,803.9,812.95,790.05,808.05,765489,EQ,41913.0,18.26,422915.0
2023-01-27,808.0,808.0,770.0,784.2,1368360,EQ,50778.0,26.95,795737.0
2023-01-30,786.6,793.35,774.2,786.9,932999,EQ,35172.0,26.53,602647.0
2023-01-31,786.9,802.95,779.45,797.75,965496,EQ,62795.0,15.38,659760.0
2023-02-01,802.65,843.35,794.75,810.65,1724393,EQ,52609.0,32.78,1058225.0
2023-02-02,810.05,816.45,797.8,807.05,590000,EQ,31705.0,18.61,330018.0
2023-02-03,811.35,825.6,806.05,823.75,304320,EQ,20744.0,14.67,125065.0
2023-02-06,827.35,832.4,809.25,820.05,365009,EQ,27452.0,13.3,142538.0
2023-02-07,821.4,832.5,804.05,808.75,499648,EQ,32094.0,15.57,199317.0
2023-02-08,808.05,826.65,806.65,824.05,336510,EQ,29745.0,11.31,129485.0
2023-02-09,860.0,897.85,842.7,894.6,4103779,EQ,139695.0,29.38,976277.0
2023-02-10,894.6,901.75,880.4,885.85,820161,EQ,43923.0,18.67,200063.0
2023-02-13,890.0,890.0,868.05,870.95,338292,EQ,24472.0,13.82,126685.0
2023-02-14,871.55,883.35,864.6,880.4,316603,EQ,23179.0,13.66,134307.0
2023-02-15,879.05,901.35,874.15,898.3,821781,EQ,38749.0,21.21,362151.0
2023-02-16,900.0,914.0,892.25,908.75,584385,EQ,38466.0,15.19,218559.0
2023-02-17,906.65,919.25,900.1,907.1,535675,EQ,33676.0,15.91,234749.0
2023-02-20,906.7,909.25,888.85,895.9,390430,EQ,20421.0,19.12,201428.0
2023-02-21,895.35,904.95,886.45,892.05,575418,EQ,32410.0,17.75,336513.0
2023-02-22,885.95,901.65,882.35,895.9,556036,EQ,36513.0,15.23,311030.0
2023-02-23,896.65,896.65,876.55,885.45,347591,EQ,24115.0,14.41,146912.0
2023-02-24,888.0,894.65,866.2,870.35,409365,EQ,23048.0,17.76,243258.0
2023-02-27,870.85,871.55,848.0,859.25,419611,EQ,19113.0,21.95,217503.0
2023-02-28,859.25,871.75,848.65,852.1,907835,EQ,25105.0,36.16,591737.0
2023-03-01,857.65,873.25,853.5,861.0,467538,EQ,33875.0,13.8,166067.0
2023-03-02,861.0,871.2,851.2,856.65,299267,EQ,20725.0,14.44,114805.0
2023-03-03,860.0,875.25,850.95,869.95,568928,EQ,24041.0,23.66,329967.0
2023-03-06,871.05,889.05,871.05,883.6,566960,EQ,25914.0,21.88,292173.0
2023-03-08,879.35,898.65,875.35,895.05,521534,EQ,24888.0,20.96,226864.0
2023-03-09,897.6,911.25,885.45,890.0,625276,EQ,28119.0,22.24,266721.0
2023-03-10,883.05,896.95,878.65,894.0,391986,EQ,30255.0,12.96,225729.0
2023-03-13,894.0,904.75,874.05,882.75,698497,EQ,34733.0,20.11,291602.0
2023-03-14,887.4,900.65,864.65,891.85,626503,EQ,27226.0,23.01,319603.0
2023-03-15,896.65,906.65,875.35,880.85,343676,EQ,18359.0,18.72,113694.0
2023-03-16,880.0,896.7,872.0,890.9,475242,EQ,27608.0,17.21,215787.0
2023-03-17,899.35,906.55,890.65,904.15,440067,EQ,25462.0,17.28,206319.0
2023-03-20,910.65,910.65,870.0,896.3,605595,EQ,39954.0,15.16,241690.0
2023-03-21,897.55,902.5,878.7,881.05,318911,EQ,26203.0,12.17,136988.0
2023-03-22,882.05,899.65,881.4,886.35,344287,EQ,20577.0,16.73,170616.0
2023-03-23,888.35,901.6,877.45,896.75,388796,EQ,20183.0,19.26,197698.0
2023-03-24,896.65,896.65,870.0,873.35,316370,EQ,23179.0,13.65,99294.0
2023-03-27,877.75,895.25,873.35,885.65,456288,EQ,30715.0,14.86,181939.0
2023-03-28,890.65,892.35,858.65,860.75,474383,EQ,25028.0,18.95,243366.0
2023-03-29,858.65,894.0,858.65,890.55,508829,EQ,37193.0,13.68,253862.0
2023-03-31,890.65,926.0,890.65,916.65,675734,EQ,36699.0,18.41,324983.0
2023-04-03,928.65,928.65,901.2,904.95,401477,EQ,29931.0,13.41,160415.0
2023-04-05,906.65,915.35,900.0,909.85,212990,EQ,19398.0,10.98,79441.0
2023-04-06,911.35,918.65,898.0,911.5,343855,EQ,19177.0,17.93,188796.0
2023-04-10,911.5,915.45,899.25,905.8,357266,EQ,22070.0,16.19,185943.0
2023-04-11,904.05,913.95,891.35,902.75,235880,EQ,20527.0,11.49,80482.0
2023-04-12,902.75,911.35,897.05,908.85,177221,EQ,20212.0,8.77,63811.0
2023-04-13,911.95,922.65,904.8,907.85,378453,EQ,25127.0,15.06,198976.0
2023-04-17,904.0,912.0,893.7,908.85,375958,EQ,23588.0,15.94,209899.0
2023-04-18,908.85,915.6,902.0,907.4,502824,EQ,16340.0,30.77,340165.0
2023-04-19,907.35,913.95,899.45,906.25,212326,EQ,14228.0,14.92,89322.0
2023-04-20,909.1,932.35,903.05,929.15,611747,EQ,34534.0,17.71,200738.0
2023-04-21,934.0,937.2,914.65,922.25,600063,EQ,34382.0,17.45,156865.0
2023-04-24,929.15,930.7,918.25,922.65,327783,EQ,20481.0,16.0,187310.0
2023-04-25,925.35,925.35,915.65,920.85,153489,EQ,15562.0,9.86,77081.0
2023-04-26,919.25,925.8,910.25,915.65,509852,EQ,25969.0,19.63,247775.0
2023-04-27,918.65,924.65,915.4,921.55,422730,EQ,19330.0,21.87,201375.0
2023-04-28,916.65,916.65,870.8,911.85,1816275,EQ,74727.0,24.31,864019.0
2023-05-02,913.35,959.35,912.7,937.65,1312984,EQ,54372.0,24.15,407530.0
2023-05-03,939.65,942.65,919.1,926.75,515474,EQ,27766.0,18.56,239023.0
2023-05-04,929.95,938.45,922.1,936.65,244571,EQ,16344.0,14.96,98721.0
2023-05-05,936.45,951.65,930.65,944.55,317728,EQ,16595.0,19.15,113733.0
2023-05-08,944.65,953.25,942.05,947.65,319478,EQ,16823.0,18.99,180615.0
2023-05-09,948.05,965.35,948.05,955.3,824650,EQ,26737.0,30.84,548789.0
2023-05-10,960.0,969.6,952.1,960.45,469015,EQ,24983.0,18.77,276261.0
2023-05-11,963.75,983.35,963.75,980.95,456556,EQ,28804.0,15.85,257176.0
2023-05-12,980.9,993.35,974.85,990.75,326598,EQ,23127.0,14.12,133860.0
2023-05-15,990.65,1012.25,982.0,1007.55,496686,EQ,31721.0,15.66,277711.0
2023-05-16,1012.0,1019.35,997.7,1000.15,481416,EQ,26373.0,18.25,309692.0
2023-05-17,1001.95,1008.75,990.65,1003.7,469701,EQ,27637.0,17.0,286980.0
2023-05-18,1005.4,1011.85,990.7,993.8,245900,EQ,14196.0,17.32,122781.0
2023-05-19,993.75,999.05,981.05,995.4,468553,EQ,24420.0,19.19,313111.0
2023-05-22,995.95,1004.8,985.4,997.5,276941,EQ,17060.0,16.23,147968.0
2023-05-23,999.95,1007.95,995.45,1002.45,368971,EQ,20192.0,18.27,195456.0
2023-05-24,1003.3,1003.35,990.65,999.0,362122,EQ,17416.0,20.79,221950.0
2023-05-25,1000.2,1013.25,995.75,1010.15,475551,EQ,15074.0,31.55,271461.0
2023-05-26,1009.45,1022.45,995.35,1020.15,415204,EQ,26133.0,15.89,233883.0
2023-05-29,1020.95,1029.65,1015.4,1025.25,347260,EQ,21442.0,16.2,206418.0
2023-05-30,1025.25,1041.25,1019.1,1038.9,341563,EQ,25061.0,13.63,197902.0
2023-05-31,1040.95,1063.35,1033.35,1040.3,1279601,EQ,46531.0,27.5,830033.0
2023-06-01,1043.25,1048.7,1033.35,1041.6,452507,EQ,22832.0,19.82,309499.0
2023-06-02,1044.35,1068.8,1039.95,1064.85,514635,EQ,24200.0,21.27,253979.0
2023-06-05,1063.35,1073.35,1058.4,1066.05,231024,EQ,15023.0,15.38,113331.0
2023-06-06,1069.95,1071.65,1056.0,1068.45,208474,EQ,15681.0,13.29,60712.0
2023-06-07,1070.0,1074.65,1057.85,1068.55,632805,EQ,25112.0,25.2,409071.0
2023-06-08,1072.65,1077.8,1055.55,1059.05,286923,EQ,17470.0,16.42,94779.0
2023-06-09,1062.65,1080.05,1059.95,1065.6,437123,EQ,19316.0,22.63,121317.0
2023-06-12,1065.6,1072.65,1056.35,1063.55,223661,EQ,23735.0,9.42,110473.0
2023-06-13,1068.25,1129.85,1065.55,1123.75,1634306,EQ,71751.0,22.78,457540.0
2023-06-14,1130.35,1153.35,1120.65,1140.8,1207550,EQ,61879.0,19.51,334924.0
2023-06-15,1144.15,1144.15,1120.35,1123.35,465902,EQ,29173.0,15.97,256485.0
2023-06-16,1123.9,1146.35,1120.0,1142.85,484881,EQ,26507.0,18.29,213197.0
2023-06-19,1142.95,1149.05,1132.75,1138.95,199840,EQ,13722.0,14.56,95405.0
2023-06-20,1140.0,1150.0,1130.05,1146.3,273300,EQ,16042.0,17.04,144576.0
2023-06-21,1149.3,1149.3,1127.95,1133.85,369391,EQ,23610.0,15.65,164939.0
2023-06-22,1133.35,1146.35,1130.85,1140.45,213389,EQ,13765.0,15.5,91305.0
2023-06-23,1140.0,1162.6,1129.8,1149.95,732596,EQ,30041.0,24.39,278438.0
2023-06-26,1151.25,1174.55,1140.85,1169.1,445964,EQ,25963.0,17.18,237555.0
2023-06-27,1177.35,1177.35,1158.35,1161.9,320512,EQ,33693.0,9.51,141697.0
2023-06-28,1173.3,1182.15,1166.3,1179.55,322724,EQ,25938.0,12.44,146659.0
2023-06-30,1183.3,1189.3,1173.0,1176.1,336262,EQ,28424.0,11.83,188368.0
2023-07-03,1183.25,1186.65,1163.95,1167.7,238418,EQ,22146.0,10.77,104934.0
2023-07-04,1167.7,1194.65,1153.95,1157.55,399795,EQ,20944.0,19.09,169335.0
2023-07-05,1163.35,1164.0,1134.65,1154.45,502769,EQ,32727.0,15.36,181161.0
2023-07-06,1154.45,1173.35,1148.95,1169.55,240874,EQ,18174.0,13.25,114062.0
2023-07-07,1166.2,1169.3,1130.65,1135.25,248389,EQ,19627.0,12.66,113189.0
2023-07-10,1143.3,1145.3,1112.65,1117.75,299305,EQ,22873.0,13.09,127131.0
2023-07-11,1117.75,1138.65,1115.35,1128.7,457955,EQ,39837.0,11.5,248324.0
2023-07-12,1131.35,1133.35,1111.95,1125.3,502653,EQ,30787.0,16.33,277570.0
2023-07-13,1127.3,1138.65,1105.85,1110.65,270100,EQ,24535.0,11.01,122051.0
2023-07-14,1114.8,1129.15,1104.95,1125.1,268107,EQ,21198.0,12.65,137114.0
2023-07-17,1130.95,1148.65,1116.65,1129.55,473571,EQ,35593.0,13.31,247946.0
2023-07-18,1136.45,1140.65,1115.35,1126.85,173675,EQ,26115.0,6.65,91626.0
2023-07-19,1133.15,1146.65,1125.35,1144.3,383674,EQ,39947.0,9.6,150159.0
2023-07-20,1146.75,1150.0,1134.8,1143.15,235107,EQ,25489.0,9.22,108552.0
2023-07-21,1137.35,1153.35,1134.15,1142.6,331260,EQ,26875.0,12.33,138898.0
2023-07-24,1150.0,1156.15,1134.7,1139.45,392933,EQ,21126.0,18.6,157696.0
2023-07-25,1139.35,1145.65,1127.95,1139.65,221128,EQ,18613.0,11.88,74498.0
2023-07-26,1146.65,1150.95,1136.05,1137.75,273042,EQ,23397.0,11.67,131069.0
2023-07-27,1137.75,1148.45,1131.8,1139.35,215362,EQ,16875.0,12.76,102140.0
2023-07-28,1142.4,1159.3,1127.05,1153.75,344569,EQ,24295.0,14.18,196981.0
2023-07-31,1159.35,1176.0,1154.05,1171.4,346064,EQ,25643.0,13.5,135688.0
2023-08-01,1173.35,1174.7,1134.6,1138.4,260609,EQ,19928.0,13.08,109159.0
2023-08-02,1138.4,1144.45,1118.75,1127.25,752736,EQ,40934.0,18.39,379836.0
2023-08-03,1126.35,1131.65,1113.6,1124.95,269065,EQ,26119.0,10.3,112835.0
2023-08-04,1132.65,1145.35,1126.65,1133.95,396908,EQ,20231.0,19.62,221978.0
2023-08-07,1140.0,1145.35,1118.0,1126.55,395041,EQ,27352.0,14.44,205829.0
2023-08-08,1120.0,1146.45,1116.25,1142.45,322580,EQ,22616.0,14.26,129277.0
2023-08-09,1147.9,1204.25,1135.35,1191.95,2491542,EQ,104213.0,23.91,777386.0
2023-08-10,1206.65,1276.65,1193.35,1263.65,4043720,EQ,160944.0,25.13,861093.0
2023-08-11,1262.55,1273.25,1250.95,1257.2,697959,EQ,32989.0,21.16,256708.0
2023-08-14,1256.65,1290.0,1240.1,1286.4,1480009,EQ,54917.0,26.95,713317.0
2023-08-16,1286.0,1311.35,1270.95,1304.35,1232266,EQ,61503.0,20.04,374558.0
2023-08-17,1310.0,1323.05,1306.65,1316.55,969098,EQ,36044.0,26.89,606582.0
2023-08-18,1319.45,1351.8,1304.0,1316.0,1571201,EQ,76587.0,20.52,629517.0
2023-08-21,1315.95,1345.35,1300.05,1333.3,1066063,EQ,64995.0,16.4,236339.0
2023-08-22,1333.3,1356.0,1332.65,1351.9,647887,EQ,30794.0,21.04,380297.0
2023-08-23,1357.2,1379.3,1351.9,1367.3,707284,EQ,38857.0,18.2,375740.0
2023-08-24,1378.55,1386.45,1357.7,1379.35,462418,EQ,24937.0,18.54,218560.0
2023-08-25,1374.7,1374.7,1333.35,1342.65,766297,EQ,39774.0,19.27,375231.0
2023-08-28,1351.35,1351.35,1326.95,1337.15,696730,EQ,51800.0,13.45,181963.0
2023-08-29,1340.0,1368.45,1334.0,1366.2,352814,EQ,27012.0,13.06,116953.0
2023-08-30,1379.05,1384.9,1364.9,1375.05,844098,EQ,34066.0,24.78,579037.0
2023-08-31,1376.0,1382.05,1362.3,1365.75,682000,EQ,31373.0,21.74,420920.0
2023-09-01,1373.15,1408.65,1360.0,1375.4,785674,EQ,48216.0,16.29,307469.0
2023-09-04,1382.65,1383.0,1346.65,1354.25,744599,EQ,47325.0,15.73,265946.0
2023-09-05,1356.65,1386.65,1352.0,1375.8,536090,EQ,31132.0,17.22,281825.0
2023-09-06,1381.45,1391.45,1367.75,1378.35,331114,EQ,35688.0,9.28,155638.0
2023-09-07,1382.0,1395.35,1370.45,1391.85,303430,EQ,22587.0,13.43,179657.0
2023-09-08,1400.0,1421.05,1378.2,1391.05,548262,EQ,29549.0,18.55,242134.0
2023-09-11,1395.95,1404.25,1385.15,1390.5,623499,EQ,32596.0,19.13,212696.0
2023-09-12,1395.95,1407.95,1355.45,1371.6,722560,EQ,45756.0,15.79,402425.0
2023-09-13,1374.35,1382.0,1341.55,1376.95,355761,EQ,31833.0,11.18,127021.0
2023-09-14,1367.35,1392.65,1365.35,1372.35,287994,EQ,22534.0,12.78,136917.0
2023-09-15,1382.0,1390.35,1367.35,1380.15,359579,EQ,29837.0,12.05,209140.0
2023-09-18,1382.0,1382.0,1365.1,1370.25,323336,EQ,30781.0,10.5,141551.0
2023-09-20,1368.0,1392.15,1348.3,1374.4,451829,EQ,48416.0,9.33,185788.0
2023-09-21,1375.35,1408.0,1356.75,1372.15,298279,EQ,26121.0,11.42,142988.0
2023-09-22,1379.65,1386.35,1366.45,1377.25,394776,EQ,30752.0,12.84,230495.0
2023-09-25,1386.65,1449.0,1360.75,1438.05,1841241,EQ,99995.0,18.41,489027.0
2023-09-26,1438.0,1456.65,1427.65,1433.95,1021206,EQ,73114.0,13.97,492553.0
2023-09-27,1428.65,1433.45,1393.9,1409.25,582180,EQ,42257.0,13.78,258793.0
2023-09-28,1414.75,1421.35,1363.85,1376.35,3956535,EQ,74890.0,52.83,2728816.0
2023-09-29,1371.1,1394.05,1354.1,1386.75,767501,EQ,47345.0,16.21,280691.0
2023-10-03,1382.85,1390.85,1368.0,1372.75,543387,EQ,56898.0,9.55,342522.0
2023-10-04,1369.35,1370.65,1338.4,1348.2,551771,EQ,39309.0,14.04,326175.0
2023-10-05,1348.65,1372.1,1348.2,1365.05,461744,EQ,27134.0,17.02,284745.0
2023-10-06,1370.55,1394.6,1366.75,1381.4,444220,EQ,25172.0,17.65,189205.0
2023-10-09,1356.65,1392.95,1354.95,1386.05,487722,EQ,33314.0,14.64,286381.0
2023-10-10,1393.15,1393.15,1364.75,1367.2,351329,EQ,22272.0,15.77,216834.0
2023-10-11,1372.3,1409.85,1370.0,1400.85,729470,EQ,33724.0,21.63,400151.0
2023-10-12,1403.35,1405.2,1380.0,1384.8,285544,EQ,19809.0,14.41,139042.0
2023-10-13,1383.35,1406.45,1380.95,1389.85,321887,EQ,21997.0,14.63,168892.0
2023-10-16,1395.35,1411.35,1387.0,1405.1,446019,EQ,25051.0,17.8,281944.0
2023-10-17,1411.3,1411.75,1382.05,1386.0,373789,EQ,25647.0,14.57,255971.0
2023-10-18,1392.75,1393.6,1354.15,1365.95,432748,EQ,30707.0,14.09,248775.0
2023-10-19,1363.95,1382.65,1346.65,1373.75,350097,EQ,30941.0,11.31,182115.0
2023-10-20,1373.75,1373.75,1349.6,1357.45,353937,EQ,34058.0,10.39,199809.0
2023-10-23,1356.65,1360.75,1320.0,1327.95,488451,EQ,27681.0,17.65,276449.0
2023-10-25,1338.6,1338.6,1315.85,1328.85,512770,EQ,44995.0,11.4,326421.0
2023-10-26,1320.0,1360.65,1296.65,1354.05,966275,EQ,60159.0,16.06,516744.0
2023-10-27,1354.1,1428.65,1354.1,1414.75,999445,EQ,64776.0,15.43,457150.0
2023-10-30,1428.8,1428.8,1381.35,1413.15,483782,EQ,40127.0,12.06,148361.0
2023-10-31,1427.25,1443.35,1412.75,1436.45,749792,EQ,46020.0,16.29,423050.0
2023-11-01,1442.45,1472.85,1432.65,1465.1,1081257,EQ,55215.0,19.58,521631.0
2023-11-02,1473.35,1473.35,1450.0,1459.9,474395,EQ,33872.0,14.01,206639.0
2023-11-03,1463.35,1465.95,1453.35,1464.35,230437,EQ,21521.0,10.71,112520.0
2023-11-06,1464.35,1497.0,1459.1,1488.8,537580,EQ,86010.0,6.25,225078.0
2023-11-07,1489.65,1633.35,1454.45,1616.0,3419427,EQ,137192.0,24.92,1057660.0
2023-11-08,1633.35,1669.25,1594.05,1635.25,2652822,EQ,114732.0,23.12,677577.0
2023-11-09,1635.35,1658.15,1625.45,1652.05,684007,EQ,38358.0,17.83,321121.0
2023-11-10,1651.3,1669.45,1636.05,1659.55,644072,EQ,39940.0,16.13,273772.0
2023-11-12,1673.45,1676.65,1660.75,1662.85,75038,EQ,5530.0,13.57,36283.0
2023-11-13,1663.35,1709.35,1656.9,1706.05,1131761,EQ,69803.0,16.21,614624.0
2023-11-15,1719.85,1719.85,1689.9,1702.1,599328,EQ,48723.0,12.3,373410.0
2023-11-16,1704.35,1705.45,1660.95,1696.45,766675,EQ,47666.0,16.08,411872.0
2023-11-17,1698.35,1742.45,1696.5,1717.6,717236,EQ,46296.0,15.49,292064.0
2023-11-20,1730.0,1758.2,1723.55,1748.5,568578,EQ,44305.0,12.83,247157.0
2023-11-21,1756.6,1768.0,1737.3,1742.5,519349,EQ,38006.0,13.66,282857.0
2023-11-22,1750.0,1764.7,1738.35,1751.45,395438,EQ,39264.0,10.07,163864.0
2023-11-23,1763.2,1776.35,1754.35,1770.05,398832,EQ,31398.0,12.7,169186.0
2023-11-24,1773.3,1778.65,1760.0,1766.45,325606,EQ,34077.0,9.56,152881.0
2023-11-28,1779.0,1789.0,1763.35,1781.15,535972,EQ,55103.0,9.73,265876.0
2023-11-29,1796.0,1813.35,1778.65,1784.25,460234,EQ,43184.0,10.66,218688.0
2023-11-30,1784.25,1873.15,1783.35,1858.0,2343154,EQ,100543.0,23.3,1440308.0
2023-12-01,1858.0,1891.6,1834.95,1871.8,1049846,EQ,63482.0,16.54,568011.0
2023-12-04,1898.0,1911.35,1848.15,1877.9,685830,EQ,73110.0,9.38,347182.0
2023-12-05,1880.0,1932.35,1878.35,1916.5,676125,EQ,64220.0,10.53,306978.0
2023-12-06,1926.8,1941.65,1903.05,1911.9,487235,EQ,36292.0,13.43,267803.0
2023-12-07,1921.3,1945.35,1891.05,1896.8,961559,EQ,45943.0,20.93,602821.0
2023-12-08,1904.85,1924.85,1866.8,1894.2,688323,EQ,56890.0,12.1,399998.0
2023-12-11,1905.95,1938.25,1894.05,1920.95,577553,EQ,52493.0,11.0,287657.0
2023-12-12,1931.25,1939.95,1899.8,1922.35,462633,EQ,51713.0,8.95,267267.0
2023-12-13,1930.0,1982.65,1924.7,1975.65,887243,EQ,73196.0,12.12,284705.0
2023-12-14,1993.45,1996.65,1963.0,1989.85,425400,EQ,42406.0,10.03,204223.0
2023-12-15,2000.0,2016.35,1986.7,1993.15,682553,EQ,57824.0,11.8,389968.0
2023-12-18,1999.05,2001.0,1974.15,1980.95,646708,EQ,50166.0,12.89,431717.0
2023-12-19,1992.0,2009.05,1971.35,2000.55,533290,EQ,46187.0,11.55,310960.0
2023-12-20,2014.65,2016.65,1951.8,1965.95,713170,EQ,64199.0,11.11,427386.0
2023-12-21,1939.95,1979.95,1919.65,1970.15,631420,EQ,48351.0,13.06,362267.0
2023-12-22,1985.85,1987.95,1952.25,1977.0,518707,EQ,26916.0,19.27,369896.0
2023-12-26,1990.75,1994.65,1974.45,1980.0,315645,EQ,34009.0,9.28,185893.0
2023-12-27,1983.75,2039.8,1983.7,2007.15,584065,EQ,50350.0,11.6,233188.0
2023-12-28,2016.65,2030.0,2002.0,2017.35,503705,EQ,59118.0,8.52,285268.0
2023-12-29,2020.2,2040.25,2000.95,2036.65,430702,EQ,41054.0,10.49,215047.0
2024-01-01,2041.2,2044.65,1997.0,2001.4,421730,EQ,35942.0,11.73,233544.0
2024-01-02,2010.3,2011.95,1960.5,1996.8,408928,EQ,34379.0,11.89,188926.0
2024-01-03,2006.0,2071.95,1992.25,2038.9,714968,EQ,51322.0,13.93,352650.0
2024-01-04,2049.35,2072.3,2040.55,2045.25,299498,EQ,33769.0,8.87,127382.0
2024-01-05,2056.95,2064.35,2030.0,2043.7,258565,EQ,21958.0,11.78,143387.0
2024-01-08,2053.95,2055.45,2025.2,2029.7,303947,EQ,39150.0,7.76,168377.0
2024-01-09,2046.0,2095.35,2039.2,2076.95,723237,EQ,68115.0,10.62,310414.0
2024-01-10,2084.35,2126.65,2074.75,2115.75,951897,EQ,63783.0,14.92,551857.0
2024-01-11,2126.65,2142.15,2112.35,2117.2,485141,EQ,53002.0,9.15,284010.0
2024-01-12,2135.35,2160.65,2108.05,2141.45,597455,EQ,56049.0,10.66,341825.0
2024-01-15,2158.65,2158.65,2120.35,2128.85,381958,EQ,37908.0,10.08,231075.0
2024-01-16,2135.7,2149.95,2095.45,2110.75,370700,EQ,39560.0,9.37,218219.0
2024-01-17,2102.0,2122.65,2078.1,2098.55,420338,EQ,45434.0,9.25,283566.0
2024-01-18,2092.0,2123.35,2060.0,2101.15,439730,EQ,36662.0,11.99,252052.0
2024-01-19,2113.3,2145.85,2098.35,2140.05,406436,EQ,30863.0,13.17,262865.0
2024-01-20,2152.65,2168.4,2124.65,2128.4,196720,EQ,21404.0,9.19,64518.0
2024-01-23,2138.0,2150.5,2100.0,2109.45,344687,EQ,36988.0,9.32,166974.0
2024-01-24,2109.4,2160.85,2086.65,2148.5,339968,EQ,45189.0,7.52,174583.0
2024-01-25,2148.7,2168.35,2120.0,2154.55,489321,EQ,36143.0,13.54,334767.0
2024-01-29,2165.35,2196.65,2150.4,2164.25,604096,EQ,50926.0,11.86,350187.0
2024-01-30,2175.35,2183.35,2019.35,2036.65,1206541,EQ,87215.0,13.83,603410.0
2024-01-31,2036.0,2069.65,1994.85,2057.95,986931,EQ,75009.0,13.16,564553.0
2024-02-01,2059.35,2089.2,2041.05,2068.55,742113,EQ,69836.0,10.63,457903.0
2024-02-02,2086.65,2142.1,2072.0,2084.05,892545,EQ,73642.0,12.12,509042.0
2024-02-05,2116.65,2120.0,2004.45,2018.1,808544,EQ,86979.0,9.3,398417.0
2024-02-06,2016.65,2080.95,2014.45,2023.35,718388,EQ,84959.0,8.46,320882.0
2024-02-07,2053.35,2423.15,1970.0,2405.0,5846891,EQ,315250.0,18.55,873830.0
2024-02-08,2490.25,2624.95,2413.1,2561.3,7374486,EQ,392780.0,18.78,1674220.0
2024-02-09,2533.35,2572.0,2444.75,2506.35,2001715,EQ,150444.0,13.31,608666.0
2024-02-12,2511.85,2556.45,2466.75,2534.7,1087518,EQ,83597.0,13.01,376469.0
2024-02-13,2523.35,2586.65,2511.35,2567.5,1288707,EQ,98103.0,13.14,450147.0
2024-02-14,2534.75,2633.65,2528.05,2614.0,725269,EQ,56679.0,12.8,374811.0
2024-02-15,2620.75,2671.25,2583.85,2635.1,964837,EQ,96259.0,10.02,454054.0
2024-02-16,2646.65,2690.85,2620.2,2683.05,736660,EQ,64701.0,11.39,391196.0
2024-02-19,2698.65,2733.2,2675.8,2698.1,374829,EQ,41374.0,9.06,173907.0
2024-02-20,2705.3,2716.15,2673.7,2683.95,468003,EQ,53267.0,8.79,306098.0
2024-02-21,2696.75,2698.05,2582.55,2596.5,614056,EQ,61340.0,10.01,368608.0
2024-02-22,2614.65,2644.0,2553.15,2636.0,1012228,EQ,76024.0,13.31,560362.0
2024-02-23,2633.35,2633.35,2578.95,2590.55,555204,EQ,57356.0,9.68,360599.0
2024-02-26,2583.35,2609.3,2549.35,2563.05,671311,EQ,70439.0,9.53,446203.0
2024-02-27,2576.55,2663.35,2561.2,2625.0,861671,EQ,96629.0,8.92,328165.0
2024-02-28,2626.65,2636.65,2590.0,2616.55,411252,EQ,48746.0,8.44,241744.0
2024-02-29,2620.95,2646.65,2521.35,2587.85,1235124,EQ,101497.0,12.17,613655.0
2024-03-01,2616.0,2619.3,2572.25,2600.85,645099,EQ,83554.0,7.72,408157.0
2024-03-02,2615.15,2623.35,2600.0,2606.4,26075,EQ,2611.0,9.99,12811.0
2024-03-04,2606.4,2624.5,2561.65,2613.2,291319,EQ,31440.0,9.27,133334.0
2024-03-05,2619.65,2623.9,2563.35,2568.2,549270,EQ,55408.0,9.91,351546.0
2024-03-06,2584.3,2595.9,2500.15,2581.35,1009678,EQ,100678.0,10.03,557358.0
2024-03-07,2593.35,2652.0,2560.2,2634.8,680535,EQ,75856.0,8.97,312421.0
2024-03-11,2654.65,2829.3,2600.05,2669.8,3757634,EQ,269119.0,13.96,597970.0
2024-03-12,2683.85,2719.05,2638.35,2672.4,899570,EQ,76434.0,11.77,289911.0
2024-03-13,2681.95,2691.95,2585.0,2629.35,968084,EQ,84820.0,11.41,418123.0
2024-03-14,2600.0,2736.65,2580.4,2720.75,723158,EQ,81447.0,8.88,273109.0
2024-03-15,2700.7,2763.35,2654.15,2709.25,1197832,EQ,105856.0,11.32,602480.0
2024-03-18,2709.25,2722.65,2670.6,2714.05,328538,EQ,41375.0,7.94,132712.0
2024-03-19,2720.0,2725.35,2629.15,2637.1,489357,EQ,53805.0,9.1,244944.0
2024-03-20,2647.65,2669.95,2562.15,2643.35,607192,EQ,63933.0,9.5,292332.0
2024-03-21,2643.35,2677.15,2638.45,2667.9,622994,EQ,51666.0,12.06,338621.0
2024-03-22,2673.35,2683.35,2614.65,2632.4,678055,EQ,73457.0,9.23,375703.0
2024-03-26,2590.0,2632.4,2577.35,2587.85,844731,EQ,72444.0,11.66,566405.0
2024-03-27,2588.35,2615.0,2578.0,2583.45,524636,EQ,56032.0,9.36,347231.0
2024-03-28,2583.45,2650.0,2583.45,2632.0,837624,EQ,62080.0,13.49,519345.0
2024-04-01,2649.95,2655.6,2579.35,2591.2,523250,EQ,51165.0,10.23,311639.0
2024-04-02,2600.0,2606.55,2582.15,2594.6,604885,EQ,44508.0,13.59,437529.0
2024-04-03,2590.0,2631.95,2562.0,2615.25,727717,EQ,51694.0,14.08,475873.0
2024-04-04,2633.35,2685.95,2610.05,2668.8,910922,EQ,70968.0,12.84,424205.0
2024-04-05,2672.65,2701.95,2608.15,2621.75,679916,EQ,52702.0,12.9,278618.0
2024-04-08,2621.75,2653.35,2615.75,2621.25,471027,EQ,40099.0,11.75,267404.0
2024-04-09,2639.3,2639.3,2596.6,2601.55,483412,EQ,41276.0,11.71,313698.0
2024-04-10,2619.35,2742.25,2602.75,2680.75,1107300,EQ,81045.0,13.66,454594.0
2024-04-12,2698.0,2742.65,2683.35,2702.55,776121,EQ,89911.0,8.63,394668.0
2024-04-15,2633.35,2711.15,2622.85,2646.15,597371,EQ,77595.0,7.7,305898.0
2024-04-16,2645.35,2689.05,2608.25,2658.8,577349,EQ,55945.0,10.32,265558.0
2024-04-18,2658.65,2785.25,2651.05,2724.75,1484951,EQ,132468.0,11.21,534208.0
2024-04-19,2725.3,2783.15,2642.7,2772.65,1180675,EQ,99218.0,11.9,415527.0
2024-04-22,2810.2,2869.85,2743.35,2779.05,1179181,EQ,97069.0,12.15,362933.0
2024-04-23,2810.0,2816.65,2760.0,2772.2,626656,EQ,55046.0,11.38,370100.0
2024-04-24,2772.2,2830.0,2772.2,2814.5,641190,EQ,55694.0,11.51,294342.0
2024-04-25,2833.35,2898.0,2797.15,2882.1,761557,EQ,68899.0,11.05,213021.0
2024-04-26,2893.35,2915.35,2862.3,2869.9,622336,EQ,65870.0,9.45,294762.0
2024-04-29,2906.0,3010.0,2701.6,2876.05,2349939,EQ,168275.0,13.96,742336.0
2024-04-30,2966.65,3113.35,2920.05,2939.95,4924865,EQ,305418.0,16.12,930240.0
2024-05-02,2939.95,3117.8,2930.05,3097.8,1998618,EQ,152456.0,13.11,694113.0
2024-05-03,3120.15,3120.35,2988.0,3015.75,1313008,EQ,129244.0,10.16,569210.0
2024-05-06,3036.65,3053.35,2986.85,3006.05,735051,EQ,82811.0,8.88,408587.0
2024-05-07,3021.35,3038.65,2944.6,3002.65,982212,EQ,102285.0,9.6,579883.0
2024-05-08,2999.3,3028.0,2980.25,2999.05,596788,EQ,78979.0,7.56,347504.0
2024-05-09,3008.55,3032.35,2920.85,2938.65,688477,EQ,88432.0,7.79,376952.0
2024-05-10,2955.35,2989.5,2934.0,2980.95,549717,EQ,77853.0,7.06,295871.0
2024-05-13,2983.8,3014.45,2905.35,2977.15,637292,EQ,66485.0,9.59,336065.0
2024-05-14,2980.65,3032.65,2965.55,3026.9,559577,EQ,58182.0,9.62,356434.0
2024-05-15,3033.35,3053.0,3006.15,3018.0,413777,EQ,47739.0,8.67,240027.0
2024-05-16,3020.05,3089.45,3020.05,3064.45,500593,EQ,56828.0,8.81,261269.0
2024-05-17,3066.65,3115.35,3036.65,3089.7,752254,EQ,85992.0,8.75,344352.0
2024-05-18,3116.6,3116.6,3072.9,3095.35,53867,EQ,7021.0,7.67,23651.0
2024-05-21,3126.65,3151.95,3082.45,3111.55,668195,EQ,69444.0,9.62,295816.0
2024-05-22,3120.2,3142.55,3030.0,3097.95,742788,EQ,78961.0,9.41,385744.0
2024-05-23,3102.0,3141.35,3072.05,3132.35,459499,EQ,36596.0,12.56,241942.0
2024-05-24,3138.65,3185.25,3102.75,3143.6,549566,EQ,46241.0,11.88,261331.0
2024-05-27,3172.65,3173.9,3100.0,3121.35,611635,EQ,47838.0,12.79,365989.0
2024-05-28,3131.9,3149.15,3066.65,3077.25,445558,EQ,49227.0,9.05,256898.0
2024-05-29,3100.0,3146.35,3066.75,3114.7,744694,EQ,88700.0,8.4,364392.0
2024-05-30,3112.75,3132.0,3068.15,3100.9,523206,EQ,65886.0,7.94,279514.0
2024-05-31,3110.0,3140.0,2999.25,3039.45,3005008,EQ,114577.0,26.23,1932534.0
2024-06-03,3163.85,3163.85,3069.65,3108.15,450140,EQ,57509.0,7.83,191103.0
2024-06-04,3123.35,3123.35,2797.35,3025.45,1175204,EQ,128471.0,9.15,497947.0
2024-06-05,3122.65,3288.05,3016.15,3269.2,1231971,EQ,99423.0,12.39,558970.0
2024-06-06,3273.35,3285.75,3214.05,3252.3,512601,EQ,64876.0,7.9,240634.0
2024-06-07,3252.3,3340.25,3227.35,3309.75,488611,EQ,57919.0,8.44,227919.0
2024-06-10,3350.0,3364.9,3280.0,3312.95,417996,EQ,43939.0,9.51,181178.0
2024-06-11,3339.35,3340.0,3256.45,3271.05,512441,EQ,45122.0,11.36,273033.0
2024-06-12,3296.65,3392.9,3272.7,3352.05,954491,EQ,77176.0,12.37,424324.0
2024-06-13,3458.65,3458.65,3314.7,3349.25,932377,EQ,84813.0,10.99,399328.0
2024-06-14,3366.7,3529.35,3360.0,3497.05,1424125,EQ,99209.0,14.35,444659.0
2024-06-18,3532.65,3634.65,3470.0,3571.75,1247457,EQ,112065.0,11.13,451371.0
2024-06-19,3583.3,3601.35,3525.6,3571.2,707909,EQ,65492.0,10.81,349740.0
2024-06-20,3583.25,3614.65,3536.7,3558.1,516737,EQ,45801.0,11.28,225031.0
2024-06-21,3558.1,3569.25,3466.65,3510.9,638917,EQ,69893.0,9.14,379475.0
2024-06-24,3510.9,3626.65,3466.65,3597.15,543826,EQ,57740.0,9.42,266865.0
2024-06-25,3627.0,3639.35,3536.05,3559.2,559045,EQ,69492.0,8.04,268965.0
2024-06-26,3563.35,3596.65,3506.65,3575.85,578724,EQ,71844.0,8.06,347573.0
2024-06-27,3573.35,3591.35,3535.85,3552.65,900729,EQ,78549.0,11.47,634865.0
2024-06-28,3573.35,3672.65,3572.35,3653.25,970080,EQ,92533.0,10.48,429071.0
2024-07-01,3666.65,3703.35,3586.65,3677.1,544030,EQ,67719.0,8.03,202638.0
2024-07-02,3676.65,3712.35,3640.0,3690.6,428098,EQ,55538.0,7.71,205082.0
2024-07-03,3706.65,3718.5,3640.05,3662.75,355297,EQ,37090.0,9.58,170931.0
2024-07-04,3698.65,3746.65,3662.5,3731.65,440575,EQ,50357.0,8.75,189447.0
2024-07-05,3706.65,3762.95,3690.0,3746.6,362427,EQ,45542.0,7.96,161371.0
2024-07-08,3774.15,3776.65,3714.65,3729.5,273130,EQ,47807.0,5.71,160526.0
2024-07-09,3738.15,3756.4,3700.0,3728.55,313079,EQ,65209.0,4.8,160583.0
2024-07-10,3740.0,3750.95,3646.7,3712.0,425869,EQ,52904.0,8.05,224348.0
2024-07-11,3696.65,3775.35,3696.65,3756.85,578262,EQ,45160.0,12.8,311426.0
2024-07-12,3776.6,3797.35,3740.75,3767.5,476682,EQ,49537.0,9.62,267549.0
2024-07-15,3793.35,3836.65,3763.85,3783.7,498397,EQ,57613.0,8.65,286174.0
2024-07-16,3799.95,3816.95,3751.55,3764.85,641858,EQ,53697.0,11.95,449080.0
2024-07-18,3766.6,3773.5,3521.95,3539.0,1342486,EQ,116422.0,11.53,633803.0
2024-07-19,3539.0,3539.0,3404.05,3444.25,879290,EQ,85787.0,10.25,404833.0
2024-07-22,3406.65,3492.65,3389.05,3473.45,631260,EQ,64597.0,9.77,348597.0
2024-07-23,3473.45,3540.15,3303.75,3509.2,763626,EQ,81419.0,9.38,339064.0
2024-07-24,3523.35,3586.65,3508.75,3524.55,711861,EQ,64683.0,11.01,361324.0
2024-07-25,3516.6,3556.95,3484.0,3539.95,302964,EQ,33943.0,8.93,141118.0
2024-07-26,3573.35,3607.7,3550.0,3595.55,336310,EQ,56634.0,5.94,178353.0
2024-07-29,3609.95,3699.95,3576.65,3678.25,533654,EQ,75943.0,7.03,287724.0
2024-07-30,3700.0,3773.35,3680.0,3747.0,789712,EQ,102747.0,7.69,427953.0
2024-07-31,3750.05,3946.2,3750.05,3892.65,1671711,EQ,150489.0,11.11,756692.0
2024-08-01,3929.35,3929.35,3815.3,3847.2,767562,EQ,81099.0,9.46,388273.0
2024-08-02,3816.65,3870.55,3682.65,3692.15,560989,EQ,70550.0,7.95,257121.0
2024-08-05,3573.35,3616.25,3484.05,3564.6,1074769,EQ,102826.0,10.45,454986.0
2024-08-06,3570.05,3645.15,3463.05,3480.45,642644,EQ,67296.0,9.55,289276.0
2024-08-07,3526.0,3666.55,3516.4,3648.3,717292,EQ,80505.0,8.91,374789.0
2024-08-08,3676.65,3818.25,3660.0,3762.75,1183241,EQ,99946.0,11.84,355391.0
2024-08-09,3825.9,4249.25,3751.05,4183.55,6877196,EQ,352671.0,19.5,1868018.0
2024-08-12,4201.95,4289.35,4184.65,4254.9,1889796,EQ,138735.0,13.62,697429.0
2024-08-13,4250.0,4295.35,4220.0,4254.45,651594,EQ,73894.0,8.82,302291.0
2024-08-14,4266.65,4301.35,4194.05,4292.25,885572,EQ,75633.0,11.71,456464.0
2024-08-16,4293.35,4365.35,4293.35,4334.95,1153478,EQ,57666.0,20.0,730374.0
2024-08-19,4383.35,4500.0,4348.2,4459.95,1827850,EQ,88476.0,20.66,1244361.0
2024-08-20,4473.35,4546.45,4403.35,4529.25,1143592,EQ,75897.0,15.07,648050.0
2024-08-21,4533.35,4550.0,4493.35,4522.15,651691,EQ,45512.0,14.32,441644.0
2024-08-22,4550.0,4673.35,4526.65,4659.85,771279,EQ,71848.0,10.73,434455.0
2024-08-23,4680.0,4686.65,4607.85,4632.5,625160,EQ,74306.0,8.41,281417.0
2024-08-26,4666.65,4731.95,4605.25,4617.05,754901,EQ,63218.0,11.94,403761.0
2024-08-27,4646.65,4648.65,4519.5,4579.95,578002,EQ,64614.0,8.95,303749.0
2024-08-28,4660.0,4883.35,4633.5,4828.05,2358476,EQ,155822.0,15.14,930866.0
2024-08-29,4846.65,4861.3,4728.65,4780.45,836313,EQ,75477.0,11.08,454513.0
2024-08-30,4806.65,4849.85,4753.35,4772.5,1169809,EQ,75631.0,15.47,749920.0
2024-09-02,4786.15,4845.15,4740.9,4765.45,625283,EQ,69841.0,8.95,384317.0
2024-09-03,4786.0,4786.65,4663.35,4695.2,857908,EQ,61903.0,13.86,628667.0
2024-09-04,4695.35,4779.3,4633.35,4759.95,576206,EQ,82583.0,6.98,369120.0
2024-09-05,4779.95,4806.0,4726.85,4778.45,667571,EQ,99542.0,6.71,475453.0
2024-09-06,4789.95,4793.3,4706.65,4735.7,384793,EQ,57348.0,6.71,241913.0
2024-09-09,4736.0,4770.45,4698.7,4757.75,349967,EQ,46847.0,7.47,191943.0
2024-09-10,4770.65,4800.0,4730.35,4758.65,376043,EQ,56602.0,6.64,244710.0
2024-09-11,4773.95,4813.1,4738.45,4765.9,428437,EQ,54397.0,7.88,287331.0
2024-09-12,4798.65,4872.65,4761.9,4807.0,572357,EQ,59237.0,9.66,354421.0
2024-09-13,4832.35,4854.05,4800.05,4822.1,468707,EQ,60907.0,7.7,338020.0
2024-09-16,4846.65,4923.3,4807.35,4879.2,502100,EQ,54136.0,9.27,333451.0
2024-09-17,4943.35,5005.85,4883.35,4935.65,753643,EQ,86046.0,8.76,403523.0
2024-09-18,4956.65,4968.65,4830.55,4890.65,388287,EQ,51191.0,7.59,205607.0
2024-09-19,4970.65,4970.65,4789.05,4884.1,395523,EQ,48501.0,8.15,207213.0
2024-09-20,4900.0,5005.35,4854.55,4976.75,798170,EQ,78559.0,10.16,508482.0
2024-09-23,5013.95,5096.65,4976.1,5082.3,510496,EQ,71803.0,7.11,307678.0
2024-09-24,5093.3,5121.35,5053.75,5080.9,613798,EQ,61325.0,10.01,424720.0
2024-09-25,5078.85,5161.35,5046.35,5076.6,576171,EQ,58948.0,9.77,352663.0
2024-09-26,5149.95,5293.25,5140.35,5230.25,1712253,EQ,148361.0,11.54,756236.0
2024-09-27,5266.65,5291.95,5157.6,5222.45,11179751,EQ,185055.0,60.41,8900806.0
2024-09-30,5209.85,5222.65,4989.15,5049.75,1117618,EQ,135938.0,8.22,742683.0
2024-10-01,5066.65,5098.3,5014.85,5075.15,559721,EQ,72941.0,7.67,281640.0
2024-10-03,5046.35,5103.0,4967.35,4991.95,741293,EQ,108758.0,6.82,395040.0
2024-10-04,4960.65,4970.65,4848.0,4902.2,938897,EQ,103449.0,9.08,551271.0
2024-10-07,4871.45,5002.6,4856.0,4966.35,854385,EQ,79545.0,10.74,559231.0
2024-10-08,5013.35,5382.25,4967.35,5361.3,2278240,EQ,202459.0,11.25,1148358.0
2024-10-09,5392.65,5548.15,5356.65,5480.55,1260784,EQ,148653.0,8.48,609503.0
2024-10-10,5466.65,5513.95,5341.35,5352.55,606292,EQ,92662.0,6.54,303786.0
2024-10-11,5379.35,5539.2,5300.0,5489.95,800644,EQ,92517.0,8.65,271555.0
2024-10-14,5520.05,5563.35,5442.45,5461.25,417498,EQ,54359.0,7.68,162736.0
2024-10-15,5482.65,5506.65,5393.35,5416.15,460534,EQ,49216.0,9.36,288585.0
2024-10-16,5406.65,5422.05,5177.65,5203.85,900545,EQ,124551.0,7.23,498784.0
2024-10-17,5186.85,5253.35,5080.15,5146.45,997450,EQ,101784.0,9.8,557271.0
2024-10-18,5146.65,5200.0,5086.75,5178.7,571161,EQ,78670.0,7.26,332873.0
2024-10-21,5213.35,5233.35,5035.0,5071.05,662166,EQ,73247.0,9.04,394943.0
2024-10-22,5089.95,5111.0,4979.6,4998.25,610564,EQ,82299.0,7.42,363137.0
2024-10-23,4978.65,5056.65,4966.65,5007.55,505590,EQ,72975.0,6.93,281394.0
2024-10-24,5046.15,5093.6,4924.5,4992.0,448738,EQ,64389.0,6.97,216504.0
2024-10-25,4966.65,5007.45,4709.35,4907.65,590268,EQ,72272.0,8.17,265401.0
2024-10-28,4908.15,4952.65,4814.75,4871.9,419026,EQ,55993.0,7.48,207155.0
2024-10-29,4875.55,4964.05,4776.3,4940.2,359440,EQ,59711.0,6.02,170213.0
2024-10-30,4946.65,4952.55,4810.0,4834.95,481764,EQ,63351.0,7.6,262537.0
2024-10-31,4839.35,4849.25,4714.0,4752.25,742508,EQ,92971.0,7.99,469168.0
2024-11-01,4769.3,4809.95,4750.0,4766.0,76497,EQ,14471.0,5.29,39193.0
2024-11-04,4739.35,4766.85,4633.35,4709.15,681708,EQ,92611.0,7.36,402498.0
2024-11-05,4670.65,4719.0,4529.35,4645.55,1026360,EQ,96687.0,10.62,624233.0
2024-11-06,4682.65,4824.0,4534.05,4636.95,1142746,EQ,140396.0,8.14,437164.0
2024-11-07,4666.0,4676.85,4204.55,4337.0,4427899,EQ,398200.0,11.12,1743237.0
2024-11-08,4366.65,4375.45,4180.0,4199.3,2523322,EQ,312720.0,8.07,1273467.0
2024-11-11,4153.55,4413.35,4141.35,4320.45,2339199,EQ,196039.0,11.93,1313211.0
2024-11-12,4346.65,4478.6,4333.35,4352.35,1258152,EQ,134570.0,9.35,448799.0
2024-11-13,4332.65,4413.15,4274.95,4332.15,758642,EQ,94164.0,8.06,243766.0
2024-11-14,4330.65,4366.85,4244.7,4308.65,620489,EQ,81518.0,7.61,253116.0
2024-11-18,4274.4,4302.0,4183.35,4201.1,828906,EQ,87023.0,9.53,459197.0
2024-11-19,4239.9,4386.6,4239.85,4282.55,674042,EQ,84940.0,7.94,243561.0
2024-11-21,4266.65,4346.0,4230.8,4306.95,1511541,EQ,140535.0,10.76,995447.0
2024-11-22,4306.6,4452.0,4286.65,4435.2,833104,EQ,100899.0,8.26,424935.0
2024-11-25,4532.65,4559.05,4460.05,4516.65,1490945,EQ,121774.0,12.24,973959.0
2024-11-26,4516.65,4540.2,4430.75,4446.25,476650,EQ,60776.0,7.84,247677.0
2024-11-27,4461.35,4606.0,4420.9,4563.4,784373,EQ,96077.0,8.16,375522.0
2024-11-28,4566.65,4590.95,4477.35,4495.45,813013,EQ,102632.0,7.92,408045.0
2024-11-29,4500.0,4546.65,4485.4,4530.25,720647,EQ,84994.0,8.48,486463.0
2024-12-02,4518.05,4598.65,4502.4,4536.85,446537,EQ,59988.0,7.44,263333.0
2024-12-03,4536.85,4576.35,4454.55,4560.9,842566,EQ,101636.0,8.29,383920.0
2024-12-04,4593.35,4613.35,4487.45,4549.2,899250,EQ,81106.0,11.09,572185.0
2024-12-05,4579.95,4716.65,4481.35,4646.75,1140361,EQ,137931.0,8.27,561125.0
2024-12-06,4700.0,4760.0,4620.05,4666.65,1088961,EQ,99886.0,10.9,357067.0
2024-12-09,4656.65,4683.35,4578.2,4633.15,825347,EQ,87810.0,9.4,423756.0
2024-12-10,4633.35,4639.95,4540.0,4585.35,579733,EQ,81472.0,7.12,291404.0
2024-12-11,4595.95,4733.35,4556.55,4708.85,1037764,EQ,108082.0,9.6,525748.0
2024-12-12,4697.45,4737.85,4653.35,4675.0,776145,EQ,112441.0,6.9,350910.0
2024-12-13,4666.65,4685.25,4580.0,4666.85,526964,EQ,59982.0,8.79,212655.0
2024-12-16,4666.65,4690.0,4628.5,4666.9,497823,EQ,62446.0,7.97,284805.0
2024-12-17,4666.65,4686.65,4594.0,4627.75,545205,EQ,67505.0,8.08,279477.0
2024-12-18,4623.85,4784.65,4565.85,4742.5,1201264,EQ,103075.0,11.65,520214.0
2024-12-19,4663.35,4789.6,4661.05,4728.0,660251,EQ,75957.0,8.69,181775.0
2024-12-20,4750.0,4792.0,4526.25,4554.35,768861,EQ,75416.0,10.19,327963.0
2024-12-23,4580.0,4713.35,4573.35,4630.65,783189,EQ,85647.0,9.14,315641.0
2024-12-24,4650.65,4719.35,4601.35,4671.45,486797,EQ,55268.0,8.81,202013.0
2024-12-26,4698.65,4716.65,4632.05,4709.15,440974,EQ,51536.0,8.56,189296.0
2024-12-27,4734.0,4822.65,4716.65,4745.55,530288,EQ,59301.0,8.94,179159.0
2024-12-30,4759.55,4763.35,4610.15,4636.25,960856,EQ,91103.0,10.55,583328.0
2024-12-31,4636.0,4764.0,4545.2,4748.9,915919,EQ,84986.0,10.78,444528.0
2025-01-01,4747.35,4786.55,4700.0,4712.05,412650,EQ,49979.0,8.26,146705.0
2025-01-02,4733.35,4890.65,4703.95,4880.65,706114,EQ,74952.0,9.42,299894.0
2025-01-03,4900.0,4995.35,4853.4,4871.8,940233,EQ,93378.0,10.07,367002.0
2025-01-06,4871.8,4892.4,4623.5,4665.55,942724,EQ,100936.0,9.34,415604.0
2025-01-07,4673.45,4723.35,4558.9,4582.85,601356,EQ,63724.0,9.44,292222.0
2025-01-08,4579.7,4582.35,4393.55,4466.05,1257939,EQ,140618.0,8.95,545248.0
2025-01-09,4479.35,4479.35,4381.45,4414.45,592991,EQ,87684.0,6.76,290460.0
2025-01-10,4400.65,4417.35,4320.0,4389.4,768200,EQ,86185.0,8.91,401917.0
2025-01-13,4308.45,4349.25,4103.35,4149.6,1068954,EQ,126775.0,8.43,488860.0
2025-01-14,4158.25,4211.35,4092.0,4107.45,1130732,EQ,146037.0,7.74,693025.0
2025-01-15,4133.35,4346.0,4109.8,4260.15,1463322,EQ,133496.0,10.96,504886.0
2025-01-16,4332.0,4332.0,4100.35,4141.05,1477566,EQ,170584.0,8.66,644636.0
2025-01-17,4144.65,4206.65,4053.35,4144.35,770051,EQ,110339.0,6.98,270050.0
2025-01-20,4140.0,4150.0,4049.35,4060.0,909757,EQ,84382.0,10.78,557267.0
2025-01-21,4060.4,4072.65,3815.55,3824.65,1553225,EQ,185568.0,8.37,734654.0
2025-01-22,3824.0,3832.0,3712.0,3750.9,1377528,EQ,180681.0,7.62,732668.0
2025-01-23,3746.65,3861.65,3736.7,3822.4,2106761,EQ,221916.0,9.49,1374330.0
2025-01-24,3813.35,3836.7,3644.3,3660.3,1119070,EQ,148961.0,7.51,571246.0
2025-01-27,3651.35,3696.95,3566.65,3608.4,1186126,EQ,137259.0,8.64,555022.0
2025-01-28,3656.0,3692.6,3544.8,3636.75,1136463,EQ,119313.0,9.53,553648.0
2025-01-29,3663.35,3767.95,3610.45,3731.45,701998,EQ,79831.0,8.79,284020.0
2025-01-30,3733.35,3756.0,3637.85,3674.15,575077,EQ,70106.0,8.2,229147.0
2025-01-31,3712.65,3878.45,3685.15,3835.45,1029356,EQ,108220.0,9.51,252307.0
2025-02-01,3853.35,4180.25,3784.7,4126.35,2120509,EQ,166841.0,12.71,682296.0
2025-02-03,4140.0,4155.0,4023.95,4090.05,1498258,EQ,150859.0,9.93,670295.0
2025-02-04,4113.3,4126.65,3768.95,3833.55,2602288,EQ,226559.0,11.49,1091861.0
2025-02-05,3843.8,3937.45,3816.95,3833.3,1428644,EQ,135756.0,10.52,543547.0
2025-02-06,3896.65,3896.65,3496.65,3518.05,6021478,EQ,445761.0,13.51,2035651.0
2025-02-07,3547.6,3678.5,3503.35,3636.25,2846965,EQ,275831.0,10.32,905615.0
2025-02-10,3640.0,3660.0,3446.65,3464.5,1529876,EQ,168455.0,9.08,655120.0
2025-02-11,3474.35,3500.0,3423.35,3485.55,1596380,EQ,146970.0,10.86,698120.0
2025-02-12,3485.55,3526.65,3408.85,3491.55,1313946,EQ,144948.0,9.06,413735.0
2025-02-13,3497.75,3585.35,3469.55,3504.55,986050,EQ,164815.0,5.98,341899.0
2025-02-14,3512.0,3550.0,3355.45,3411.55,888168,EQ,110754.0,8.02,283146.0
2025-02-17,3406.65,3439.55,3332.1,3397.65,1078162,EQ,107687.0,10.01,534699.0
2025-02-18,3400.0,3412.95,3285.5,3331.85,721122,EQ,85687.0,8.42,292854.0
2025-02-19,3306.65,3402.2,3293.35,3327.65,764148,EQ,88104.0,8.67,302130.0
2025-02-20,3306.65,3424.85,3300.95,3399.65,812700,EQ,90315.0,9.0,321388.0
2025-02-21,3392.0,3445.3,3348.65,3365.45,912164,EQ,89955.0,10.14,425042.0
2025-02-24,3332.4,3386.65,3285.5,3377.35,823625,EQ,82188.0,10.02,352275.0
2025-02-25,3393.35,3419.5,3290.85,3306.6,976304,EQ,97538.0,10.01,440739.0
2025-02-27,3300.65,3306.0,3180.05,3203.55,997906,EQ,113060.0,8.83,506142.0
2025-02-28,3173.35,3250.95,3143.35,3234.35,2178604,EQ,127092.0,17.14,1276513.0
2025-03-03,3266.7,3348.65,3183.35,3297.95,1415550,EQ,124524.0,11.37,738062.0
2025-03-04,3265.95,3379.95,3243.8,3333.2,898723,EQ,112939.0,7.96,466279.0
2025-03-05,3324.65,3546.65,3324.65,3404.05,2128488,EQ,194701.0,10.93,625069.0
2025-03-06,3449.65,3449.65,3313.95,3379.65,1499675,EQ,155997.0,9.61,694460.0
2025-03-07,3383.35,3399.95,3323.35,3333.25,690809,EQ,69686.0,9.91,281516.0
2025-03-10,3326.65,3331.9,3191.85,3199.8,1217553,EQ,125557.0,9.7,692243.0
2025-03-11,3159.8,3363.35,3148.65,3330.3,1437957,EQ,138953.0,10.35,407596.0
2025-03-12,3340.4,3403.35,3306.65,3343.55,1026027,EQ,83968.0,12.22,366112.0
2025-03-13,3353.35,3405.25,3313.4,3348.25,860279,EQ,81246.0,10.59,318284.0
2025-03-17,3348.25,3453.25,3342.65,3439.7,856529,EQ,93390.0,9.17,264956.0
2025-03-18,3456.85,3523.6,3447.65,3506.85,994888,EQ,90479.0,11.0,506810.0
2025-03-19,3517.35,3533.25,3463.05,3487.25,957079,EQ,100774.0,9.5,484174.0
2025-03-20,3498.0,3517.05,3439.2,3481.05,759448,EQ,104367.0,7.28,387543.0
2025-03-21,3483.0,3528.95,3417.0,3433.35,1197537,EQ,103497.0,11.57,734268.0
2025-03-24,3433.65,3445.45,3363.2,3369.8,908085,EQ,86001.0,10.56,487855.0
2025-03-25,3414.3,3499.2,3377.35,3456.7,1461587,EQ,124423.0,11.75,496773.0
2025-03-26,3470.0,3606.65,3412.35,3547.95,1625697,EQ,136914.0,11.87,499893.0
2025-03-27,3572.65,3629.95,3557.2,3614.85,1670468,EQ,150239.0,11.12,752002.0
2025-03-28,3615.3,3683.95,3526.65,3550.1,1535964,EQ,129118.0,11.9,732462.0
2025-04-01,3567.25,3743.3,3556.15,3717.85,2260895,EQ,179166.0,12.62,745230.0
2025-04-02,3753.7,3801.35,3677.2,3788.35,1491897,EQ,110619.0,13.49,599214.0
2025-04-03,3753.35,3834.0,3740.0,3783.55,960710,EQ,92359.0,10.4,396980.0
2025-04-04,3792.0,3792.0,3696.25,3708.55,680922,EQ,75498.0,9.02,285364.0
2025-04-07,3337.75,3337.75,2992.0,3160.65,7644740,EQ,500834.0,15.26,2527986.0
2025-04-08,3268.65,3309.35,3122.8,3178.15,3035242,EQ,220402.0,13.77,764037.0
2025-04-09,3178.0,3178.15,3070.0,3080.15,1598513,EQ,156575.0,10.21,723861.0
2025-04-11,3188.35,3220.0,3107.15,3187.05,1894062,EQ,150658.0,12.57,981054.0
2025-04-15,3252.65,3323.35,3220.35,3251.35,1587931,EQ,159023.0,9.99,765469.0
2025-04-16,3281.35,3366.35,3234.65,3357.0,1589998,EQ,142580.0,11.15,495858.0
2025-04-17,3368.0,3429.35,3302.65,3420.35,1464066,EQ,148117.0,9.88,515095.0
2025-04-21,3453.35,3583.0,3417.35,3573.35,1309441,EQ,114453.0,11.44,544051.0
2025-04-22,3586.0,3612.35,3533.35,3548.65,1166872,EQ,100057.0,11.66,512932.0
2025-04-23,3567.0,3588.0,3473.65,3552.65,970478,EQ,98611.0,9.84,351637.0
2025-04-24,3540.65,3599.35,3504.0,3549.0,1039905,EQ,103136.0,10.08,435738.0
2025-04-25,3556.0,3570.65,3403.35,3430.0,1030377,EQ,121287.0,8.5,384118.0
2025-04-28,3416.35,3501.35,3410.0,3473.0,982085,EQ,79776.0,12.31,444558.0
2025-04-29,3480.65,3673.35,3450.0,3594.35,1420743,EQ,120293.0,11.81,470730.0
2025-04-30,3623.35,3623.35,3413.35,3448.35,2709549,EQ,187605.0,14.44,1155473.0
2025-05-02,3448.35,3512.35,3419.65,3432.0,920201,EQ,100813.0,9.13,352362.0
2025-05-05,3450.0,3588.0,3436.65,3580.35,1310015,EQ,102701.0,12.76,574425.0
2025-05-06,3587.35,3615.65,3473.35,3482.65,709414,EQ,79574.0,8.92,255414.0
2025-05-07,3430.0,3514.0,3428.35,3488.65,711009,EQ,84497.0,8.41,270061.0
2025-05-08,3488.65,3546.0,3453.0,3484.35,926044,EQ,93452.0,9.91,382247.0
2025-05-09,3375.65,3471.65,3375.65,3408.65,778167,EQ,93180.0,8.35,299498.0
2025-05-12,3553.35,3652.0,3483.35,3627.35,1203631,EQ,99818.0,12.06,561836.0
2025-05-13,3629.35,3637.65,3546.65,3551.0,728870,EQ,78752.0,9.26,321959.0
2025-05-14,3560.0,3608.0,3527.65,3574.65,557468,EQ,65260.0,8.54,224015.0
2025-05-15,3574.65,3753.35,3541.0,3718.35,1521892,EQ,144602.0,10.52,554920.0
2025-05-16,3729.35,3740.35,3696.65,3722.0,808195,EQ,73942.0,10.93,377369.0
2025-05-19,3740.0,3759.35,3686.65,3700.65,604580,EQ,63708.0,9.49,291818.0
2025-05-20,3736.0,3736.0,3622.0,3633.0,748551,EQ,74418.0,10.06,391142.0
2025-05-21,3633.65,3691.65,3580.0,3629.0,607763,EQ,65622.0,9.26,217041.0
2025-05-22,3627.35,3632.65,3523.35,3561.35,962354,EQ,94016.0,10.24,461373.0
2025-05-23,3603.35,3666.35,3602.35,3623.65,1127412,EQ,97580.0,11.55,407841.0
2025-05-26,3636.65,3691.0,3611.0,3684.0,640440,EQ,64238.0,9.97,264979.0
2025-05-27,3683.35,3755.35,3656.65,3715.35,1019222,EQ,105910.0,9.62,419312.0
2025-05-28,3724.65,3733.65,3690.0,3706.0,452258,EQ,57936.0,7.81,177555.0
2025-05-29,3713.35,3793.0,3712.0,3771.35,1192069,EQ,96101.0,12.4,408217.0
2025-05-30,3770.65,3818.65,3750.0,3762.35,1440608,EQ,95417.0,15.1,908490.0
2025-06-02,3787.35,3787.35,3713.35,3747.65,504095,EQ,56669.0,8.9,234632.0
2025-06-03,3764.35,3773.35,3712.0,3726.65,510323,EQ,52060.0,9.8,286117.0
2025-06-04,3726.65,3738.0,3654.35,3671.0,748937,EQ,80681.0,9.28,432401.0
2025-06-05,3692.65,3806.0,3677.35,3782.0,1212876,EQ,102851.0,11.79,450587.0
2025-06-06,3800.0,3871.0,3743.0,3851.35,1034577,EQ,97320.0,10.63,436514.0
2025-06-09,3878.65,3949.65,3843.0,3942.35,1377600,EQ,114410.0,12.04,727692.0
2025-06-10,3952.65,3970.0,3870.0,3876.0,683305,EQ,75615.0,9.04,344378.0
2025-06-11,3878.0,3892.0,3839.65,3851.0,545428,EQ,69941.0,7.8,295628.0
2025-06-12,3851.0,3892.0,3740.65,3751.65,974013,EQ,92675.0,10.51,450878.0
2025-06-13,3670.35,3745.0,3654.0,3726.65,711911,EQ,79588.0,8.94,333264.0
2025-06-16,3726.0,3796.65,3707.65,3786.35,605268,EQ,57120.0,10.6,258968.0
2025-06-17,3791.35,3801.35,3734.65,3751.0,529572,EQ,51481.0,10.29,247535.0
2025-06-18,3769.35,3839.35,3751.35,3823.35,864129,EQ,78565.0,11.0,346125.0
2025-06-19,3866.65,3866.65,3776.65,3815.65,886990,EQ,81755.0,10.85,281318.0
2025-06-20,3837.35,4020.0,3813.35,3931.65,10424185,EQ,199918.0,52.14,7524664.0
2025-06-23,3900.0,4140.0,3886.65,4080.0,2271641,EQ,151110.0,15.03,682264.0
2025-06-24,4116.0,4136.65,4022.0,4038.35,1459591,EQ,123288.0,11.84,556445.0
2025-06-25,4060.0,4104.0,4053.35,4083.0,815696,EQ,71715.0,11.37,378930.0
2025-06-26,4082.0,4090.0,4008.65,4071.35,851467,EQ,73335.0,11.61,358532.0
2025-06-27,4079.35,4106.0,3988.0,4013.0,1935325,EQ,102677.0,18.85,1425779.0
2025-06-30,4033.35,4174.0,3978.65,4145.0,2136461,EQ,139132.0,15.36,984985.0
2025-07-01,4151.0,4151.0,4086.65,4096.0,558024,EQ,54993.0,10.15,276421.0
2025-07-02,4087.0,4168.0,4042.0,4148.35,1159148,EQ,89929.0,12.89,530104.0
2025-07-03,4156.0,4172.0,4095.0,4127.35,750787,EQ,64634.0,11.62,306599.0
2025-07-04,3783.35,3856.65,3566.65,3637.35,7516962,EQ,576920.0,13.03,2584015.0
2025-07-07,3666.65,3681.65,3627.0,3666.0,1445372,EQ,134122.0,10.78,413236.0
2025-07-08,3675.0,3678.35,3580.0,3626.65,1699343,EQ,108654.0,15.64,839356.0
2025-07-09,3626.65,3669.65,3600.0,3605.35,969206,EQ,87218.0,11.11,504251.0
2025-07-10,3620.0,3630.0,3591.35,3620.65,947485,EQ,63912.0,14.82,537027.0
2025-07-11,3612.65,3612.65,3559.65,3576.0,942210,EQ,81015.0,11.63,567619.0
2025-07-14,3578.65,3595.35,3525.0,3543.0,829406,EQ,120619.0,6.88,480937.0
2025-07-15,3553.0,3603.35,3539.35,3593.35,577430,EQ,57567.0,10.03,268870.0
2025-07-16,3610.0,3646.65,3583.35,3588.0,716193,EQ,73432.0,9.75,300255.0
2025-07-17,3600.0,3636.65,3583.35,3611.65,490075,EQ,49219.0,9.96,184831.0
2025-07-18,3616.65,3629.0,3571.0,3583.35,418316,EQ,57828.0,7.23,207169.0
2025-07-21,3583.65,3599.0,3566.0,3584.0,404842,EQ,42265.0,9.58,243050.0
2025-07-22,3606.35,3636.0,3567.35,3573.65,451766,EQ,63132.0,7.16,247704.0
2025-07-23,3588.65,3593.65,3546.65,3572.65,521291,EQ,48153.0,10.83,293226.0
2025-07-24,3543.35,3552.35,3427.35,3436.0,1326255,EQ,123315.0,10.76,613902.0
2025-07-25,3436.0,3447.65,3355.35,3362.0,1136699,EQ,98086.0,11.59,681244.0
2025-07-28,3362.0,3406.35,3320.35,3329.35,1450708,EQ,117203.0,12.38,927000.0
2025-07-29,3329.35,3368.0,3305.0,3334.35,1285403,EQ,98742.0,13.02,894994.0
2025-07-30,3341.0,3382.35,3325.0,3362.35,640920,EQ,60919.0,10.52,351198.0
2025-07-31,3316.65,3384.65,3309.65,3345.35,752111,EQ,86369.0,8.71,416389.0
2025-08-01,3356.0,3517.0,3336.65,3453.35,2034517,EQ,141159.0,14.41,845023.0
2025-08-04,3516.65,3526.0,3441.65,3499.35,790968,EQ,85788.0,9.22,349438.0
2025-08-05,3496.65,3570.65,3466.65,3545.0,976873,EQ,72046.0,13.56,461904.0
2025-08-06,3566.65,3620.0,3545.35,3571.0,2486662,EQ,131099.0,18.97,1395484.0
2025-08-07,3523.35,3626.65,3473.65,3535.65,2293342,EQ,154562.0,14.84,662210.0
2025-08-08,3553.35,3582.65,3492.35,3544.65,1192637,EQ,100986.0,11.81,520516.0
2025-08-11,3553.35,3658.0,3537.65,3629.0,1110381,EQ,94870.0,11.7,462882.0
2025-08-12,3629.0,3640.0,3571.65,3577.0,441837,EQ,61349.0,7.2,201304.0
2025-08-13,3577.0,3630.0,3573.35,3599.0,615620,EQ,48657.0,12.65,317016.0
2025-08-14,3616.0,3626.65,3573.35,3580.35,697401,EQ,70584.0,9.88,362671.0
2025-08-18,3686.65,3748.65,3667.35,3679.35,1714061,EQ,142121.0,12.06,1013123.0
2025-08-19,3700.0,3707.65,3643.35,3664.0,548359,EQ,58163.0,9.43,228425.0
2025-08-20,3664.0,3665.35,3621.35,3635.35,636301,EQ,67008.0,9.5,389496.0
2025-08-21,3638.0,3698.0,3626.0,3635.0,607314,EQ,73004.0,8.32,247110.0
2025-08-22,3635.0,3656.35,3602.65,3612.0,443698,EQ,53253.0,8.33,160051.0
2025-08-25,3640.0,3657.0,3602.65,3615.35,656081,EQ,58878.0,11.14,375973.0
2025-08-26,3613.35,3631.35,3514.65,3530.0,949915,EQ,69429.0,13.68,593566.0
2025-08-28,3530.0,3532.0,3476.65,3490.35,784214,EQ,86760.0,9.04,483288.0
2025-08-29,3492.65,3607.35,3486.65,3532.0,1333724,EQ,126643.0,10.53,545784.0
2025-09-01,3547.35,3641.35,3536.0,3633.35,688959,EQ,70256.0,9.81,360299.0
2025-09-02,3633.35,3648.0,3590.65,3608.0,541160,EQ,52329.0,10.34,271787.0
2025-09-03,3610.65,3666.65,3566.65,3652.65,832845,EQ,73993.0,11.26,375296.0
2025-09-04,3683.35,3782.65,3668.65,3686.0,1412461,EQ,124656.0,11.33,482149.0
2025-09-05,3704.65,3744.65,3662.65,3685.65,622758,EQ,63734.0,9.77,257145.0
2025-09-08,3693.35,3703.65,3533.35,3543.65,876255,EQ,75336.0,11.63,488519.0
2025-09-09,3553.35,3564.65,3470.65,3479.0,1014203,EQ,87260.0,11.62,507901.0
2025-09-10,3500.0,3507.0,3447.35,3462.0,898752,EQ,84655.0,10.62,455277.0
2025-09-11,3476.35,3476.35,3433.35,3447.35,585140,EQ,82579.0,7.09,270774.0
2025-09-12,3452.65,3468.0,3416.65,3420.0,625409,EQ,57707.0,10.84,353700.0
2025-09-15,3420.65,3450.0,3406.0,3422.0,955394,EQ,88795.0,10.76,624322.0
2025-09-16,3436.0,3437.65,3410.0,3431.65,703169,EQ,55240.0,12.73,448182.0
2025-09-17,3453.35,3498.65,3442.35,3465.0,828577,EQ,67325.0,12.31,375984.0
2025-09-18,3476.65,3483.35,3422.65,3429.35,810331,EQ,80164.0,10.11,518339.0
2025-09-19,3432.65,3438.65,3382.65,3386.65,1105187,EQ,79537.0,13.9,780564.0
2025-09-22,3393.0,3425.35,3326.65,3340.35,799543,EQ,67383.0,11.87,455359.0
2025-09-23,3340.35,3346.35,3230.65,3260.65,2734495,EQ,179923.0,15.2,1690049.0
2025-09-24,3292.0,3309.0,3253.0,3264.65,941080,EQ,84963.0,11.08,405226.0
2025-09-25,3276.35,3285.65,3140.0,3161.65,1518468,EQ,138957.0,10.93,843429.0
2025-09-26,3159.35,3183.35,3106.65,3119.35,1038283,EQ,100379.0,10.34,521189.0
2025-09-29,3133.35,3164.65,3124.0,3153.65,815624,EQ,68707.0,11.87,489931.0
2025-09-30,3163.0,3164.0,3110.65,3118.35,751802,EQ,71655.0,10.49,432116.0
2025-10-01,3140.65,3233.25,3134.05,3221.35,1270493,EQ,113290.0,11.21,548208.0
2025-10-03,3202.65,3224.35,3158.65,3210.45,1070640,EQ,83250.0,12.86,545740.0
2025-10-06,3211.35,3272.0,3126.4,3184.85,1075080,EQ,82228.0,13.07,526568.0
2025-10-07,3130.0,3147.95,3060.0,3124.0,2789651,EQ,188988.0,14.76,1051016.0
2025-10-08,3139.35,3164.0,3070.95,3077.75,1114855,EQ,89627.0,12.44,515231.0
2025-10-09,3086.65,3117.95,3067.45,3107.25,749429,EQ,64507.0,11.62,399771.0
2025-10-10,3113.35,3153.25,3101.4,3127.4,735165,EQ,58805.0,12.5,384338.0
2025-10-13,3118.05,3130.0,3084.0,3121.05,602116,EQ,66809.0,9.01,265218.0
2025-10-14,3126.65,3133.35,3065.75,3078.15,913650,EQ,79346.0,11.51,531567.0
2025-10-15,3078.15,3168.05,3073.4,3149.45,1298534,EQ,86020.0,15.1,790447.0
2025-10-16,3162.0,3205.65,3151.75,3195.6,1140794,EQ,79757.0,14.3,596997.0
2025-10-17,3195.6,3233.35,3164.65,3209.6,1243932,EQ,75336.0,16.51,736525.0
2025-10-20,3214.6,3223.55,3181.35,3201.55,610816,EQ,59771.0,10.22,356423.0
2025-10-21,3218.0,3226.0,3181.35,3194.05,82502,EQ,9604.0,8.59,46792.0
2025-10-23,3200.0,3244.35,3177.95,3188.85,769642,EQ,74437.0,10.34,361678.0
2025-10-24,3197.35,3204.6,3173.35,3193.05,519615,EQ,35714.0,14.55,298943.0
2025-10-27,3206.65,3221.15,3190.95,3199.15,414172,EQ,36654.0,11.3,200315.0
2025-10-28,3200.4,3218.95,3128.35,3150.25,616890,EQ,58782.0,10.49,302901.0
2025-10-29,3156.65,3192.0,3156.65,3187.05,305268,EQ,35415.0,8.62,120037.0
2025-10-30,3187.4,3189.85,3149.35,3163.0,346569,EQ,35468.0,9.77,182514.0
2025-10-31,3163.35,3165.95,3123.45,3129.55,498496,EQ,48551.0,10.27,292837.0
2025-11-03,3129.55,3146.65,3103.45,3142.25,292566,EQ,36425.0,8.03,104335.0
2025-11-04,3146.65,3149.95,3097.35,3107.05,475909,EQ,47881.0,9.94,300680.0
2025-11-06,3107.05,3136.05,3090.0,3119.45,476465,EQ,48767.0,9.77,231004.0
2025-11-07,3119.65,3138.75,3074.15,3084.85,543059,EQ,47431.0,11.45,250216.0
2025-11-10,3045.35,3053.25,2841.75,2855.8,6807962,EQ,319309.0,21.32,3678551.0
2025-11-11,2863.35,2910.0,2842.05,2877.2,1802510,EQ,132891.0,13.56,872153.0
2025-11-12,2886.65,2931.15,2863.35,2917.2,937925,EQ,86833.0,10.8,386312.0
2025-11-13,2918.65,2935.25,2875.25,2884.25,926858,EQ,53194.0,17.42,557743.0
2025-11-14,2890.0,2933.25,2884.65,2927.45,808967,EQ,56839.0,14.23,514126.0
2025-11-17,2927.95,2942.75,2916.65,2936.4,551524,EQ,42918.0,12.85,344826.0
2025-11-18,2936.4,2939.95,2906.6,2916.0,316742,EQ,28612.0,11.07,168766.0
2025-11-19,2920.0,2925.95,2887.25,2905.95,593957,EQ,41258.0,14.4,357631.0
2025-11-20,2901.45,2945.2,2901.4,2925.95,513726,EQ,37125.0,13.84,277049.0
2025-11-21,2931.35,2931.35,2903.35,2906.05,411274,EQ,37982.0,10.83,252890.0
2025-11-24,2913.35,2913.35,2866.0,2873.95,1144110,EQ,71426.0,16.02,775550.0
2025-11-25,2873.95,2879.65,2823.85,2829.25,1019740,EQ,71151.0,14.33,653297.0
2025-11-26,2831.0,2901.75,2831.0,2861.6,804098,EQ,61426.0,13.09,405678.0
2025-11-27,2870.35,2880.05,2829.35,2844.05,669342,EQ,46271.0,14.47,385818.0
2025-11-28,2850.75,2855.45,2824.55,2833.6,549814,EQ,40842.0,13.46,346810.0
2025-12-01,2846.65,2856.65,2799.95,2810.6,542859,EQ,50975.0,10.65,266759.0
2025-12-02,2812.05,2826.4,2802.0,2817.65,491997,EQ,42960.0,11.45,274235.0
2025-12-03,2817.35,2817.55,2772.0,2792.15,709367,EQ,54138.0,13.1,422392.0
2025-12-04,2792.05,2823.2,2774.05,2810.55,427254,EQ,49551.0,8.62,225604.0
2025-12-05,2810.0,2816.65,2776.65,2788.75,679735,EQ,39443.0,17.23,458172.0
2025-12-08,2788.75,2801.35,2716.75,2727.0,1028704,EQ,70570.0,14.58,670811.0
2025-12-09,2699.75,2745.4,2658.65,2723.6,1671211,EQ,139972.0,11.94,1010945.0
2025-12-10,2720.0,2758.65,2673.4,2678.85,737740,EQ,75274.0,9.8,365246.0
2025-12-11,2681.35,2707.05,2620.05,2698.35,1815905,EQ,81361.0,22.32,1038510.0
2025-12-12,2718.6,2728.55,2699.95,2716.95,534723,EQ,64833.0,8.25,310233.0
2025-12-15,2711.35,2752.8,2675.0,2739.35,459769,EQ,50320.0,9.14,194849.0
2025-12-16,2743.35,2762.45,2723.65,2739.15,562479,EQ,44915.0,12.52,275415.0
2025-12-17,2733.4,2746.6,2690.65,2696.8,460320,EQ,49615.0,9.28,256839.0
2025-12-18,2700.0,2704.55,2662.45,2686.65,614346,EQ,46129.0,13.32,378798.0
2025-12-19,2689.35,2714.65,2683.35,2708.15,501005,EQ,42867.0,11.69,296826.0
2025-12-22,2720.0,2816.65,2709.25,2804.55,1316448,EQ,106737.0,12.33,703486.0
2025-12-23,2822.65,2824.05,2784.4,2792.95,662345,EQ,49415.0,13.4,351352.0
2025-12-24,2806.0,2875.55,2788.75,2859.75,960632,EQ,69701.0,13.78,383445.0
2025-12-26,2860.0,2892.25,2842.0,2856.85,1029780,EQ,64035.0,16.08,558516.0
2025-12-29,2868.8,2879.95,2807.4,2817.35,423139,EQ,35912.0,11.78,186763.0
2025-12-30,2817.35,2838.45,2791.85,2805.15,670540,EQ,58993.0,11.37,333333.0
2025-12-31,2816.65,2858.75,2808.0,2852.65,426359,EQ,46756.0,9.12,206165.0
2026-01-01,2852.65,2872.0,2837.2,2864.95,374599,EQ,26012.0,14.4,183574.0
2026-01-02,2866.65,2958.6,2859.75,2939.75,895709,EQ,66129.0,13.54,344073.0
2026-01-05,2939.75,2971.35,2904.65,2953.2,509791,EQ,51624.0,9.88,206704.0
2026-01-06,2805.55,2805.55,2662.65,2698.4,6144187,EQ,317994.0,19.32,2605976.0
2026-01-07,2700.0,2714.35,2658.8,2707.0,1477670,EQ,109158.0,13.54,564069.0
2026-01-08,2719.2,2729.65,2653.35,2660.25,863189,EQ,71856.0,12.01,377693.0
2026-01-09,2653.35,2672.65,2634.0,2648.6,768954,EQ,65701.0,11.7,316523.0
2026-01-12,2660.0,2710.65,2639.25,2704.25,908033,EQ,65327.0,13.9,396320.0
2026-01-13,2705.35,2706.65,2551.85,2614.6,1652142,EQ,105730.0,15.63,601238.0
2026-01-14,2604.0,2633.35,2590.8,2621.45,721954,EQ,42334.0,17.05,344461.0
2026-01-16,2606.65,2651.85,2593.35,2599.8,867266,EQ,60709.0,14.29,463200.0
2026-01-19,2599.75,2637.25,2587.35,2630.4,622614,EQ,38231.0,16.29,329441.0
2026-01-20,2642.0,2642.6,2546.2,2557.4,912749,EQ,73207.0,12.47,494601.0
2026-01-21,2557.35,2564.05,2462.05,2509.6,1431168,EQ,89516.0,15.99,645725.0
2026-01-22,2516.4,2565.95,2511.75,2535.85,1166339,EQ,66664.0,17.5,634902.0
2026-01-23,2560.0,2560.0,2496.0,2503.95,474377,EQ,48657.0,9.75,222281.0
2026-01-27,2517.75,2545.35,2478.75,2530.05,996913,EQ,87225.0,11.43,532348.0
2026-01-28,2538.65,2583.0,2534.05,2576.0,646525,EQ,39123.0,16.53,338179.0
2026-01-29,2566.65,2571.8,2505.35,2549.2,769662,EQ,55719.0,13.81,385706.0
2026-01-30,2543.35,2561.2,2500.75,2523.65,1070238,EQ,61135.0,17.51,599415.0
2026-02-01,2523.65,2536.6,2463.35,2486.0,610655,EQ,41444.0,14.73,330864.0
2026-02-02,2486.0,2486.6,2430.0,2480.6,1046808,EQ,72356.0,14.47,631253.0
2026-02-03,2600.0,2600.05,2527.4,2548.55,744015,EQ,63430.0,11.73,345517.0
2026-02-04,2556.0,2713.35,2536.65,2675.05,1925540,EQ,122371.0,15.74,590986.0
2026-02-05,2648.95,2761.6,2575.35,2754.2,3837832,EQ,224807.0,17.07,1285381.0
2026-02-06,2762.95,2771.35,2696.25,2742.55,1115797,EQ,65019.0,17.16,488048.0
2026-02-09,2744.65,2825.75,2731.95,2780.8,995086,EQ,75244.0,13.22,396638.0
2026-02-10,2793.35,2803.25,2771.75,2789.6,649920,EQ,46216.0,14.06,366836.0
2026-02-11,2803.35,2818.65,2755.15,2812.6,567174,EQ,46503.0,12.2,280810.0
2026-02-12,2812.6,2865.6,2788.55,2857.05,947446,EQ,82574.0,11.47,437105.0
2026-02-13,2831.4,2866.0,2796.75,2834.65,665095,EQ,61613.0,10.79,295256.0
2026-02-16,2822.65,2865.35,2801.65,2819.65,698727,EQ,47769.0,14.63,355453.0
2026-02-17,2810.0,2816.6,2753.35,2781.25,392842,EQ,34162.0,11.5,129876.0
2026-02-18,2781.25,2800.65,2758.0,2791.45,372954,EQ,25466.0,14.65,160950.0
2026-02-19,2787.35,2787.4,2702.0,2711.95,587295,EQ,38548.0,15.24,253564.0
2026-02-20,2709.85,2750.0,2694.45,2727.35,338564,EQ,30613.0,11.06,121377.0
2026-02-23,2723.35,2746.6,2693.35,2703.25,674204,EQ,51663.0,13.05,403399.0
2026-02-24,2706.65,2706.75,2600.0,2620.85,709985,EQ,51355.0,13.83,357479.0
2026-02-25,2626.55,2643.0,2600.0,2614.65,395546,EQ,41387.0,9.56,188950.0
2026-02-26,2614.65,2631.15,2561.95,2570.65,1094939,EQ,63456.0,17.26,570193.0
2026-02-27,2570.65,2620.0,2560.0,2599.65,976499,EQ,67195.0,14.53,447102.0
2026-03-02,2503.65,2591.75,2503.35,2565.65,801446,EQ,76337.0,10.5,330294.0
2026-03-04,2526.85,2532.0,2480.65,2504.55,811173,EQ,74885.0,10.83,431239.0
2026-03-05,2510.0,2536.55,2475.65,2527.25,715303,EQ,66315.0,10.79,389036.0
2026-03-06,2523.35,2552.65,2477.2,2481.85,365100,EQ,38739.0,9.42,150720.0
2026-03-09,2405.95,2467.65,2386.65,2459.6,956936,EQ,70668.0,13.54,506164.0
2026-03-10,2499.95,2499.95,2460.0,2476.85,726096,EQ,68156.0,10.65,348552.0
2026-03-11,2476.65,2484.75,2405.8,2418.25,684748,EQ,59725.0,11.47,327476.0
2026-03-12,2402.0,2402.05,2335.0,2355.75,989163,EQ,83422.0,11.86,509685.0
2026-03-13,2339.95,2389.05,2313.45,2325.2,1215870,EQ,122085.0,9.96,629519.0
2026-03-16,2325.2,2408.25,2285.25,2397.4,1303919,EQ,82897.0,15.73,686679.0
2026-03-17,2395.35,2435.35,2366.65,2423.0,742068,EQ,75231.0,9.86,378047.0
2026-03-18,2424.0,2480.0,2414.0,2427.25,645425,EQ,59503.0,10.85,278627.0
2026-03-19,2400.0,2400.0,2315.05,2321.25,698240,EQ,64851.0,10.77,288006.0
2026-03-20,2339.35,2398.65,2337.6,2373.05,837217,EQ,63101.0,13.27,417601.0
2026-03-23,2334.8,2334.8,2226.85,2237.8,959711,EQ,85170.0,11.27,507481.0
2026-03-24,2300.05,2300.65,2227.4,2243.75,898547,EQ,83336.0,10.78,433890.0
2026-03-25,2277.05,2354.85,2260.0,2319.25,1086467,EQ,86171.0,12.61,453493.0
2026-03-27,2300.65,2337.25,2249.05,2266.4,1288297,EQ,90205.0,14.28,665964.0
2026-03-30,2200.0,2255.75,2183.65,2197.2,1835877,EQ,144306.0,12.72,948792.0
2026-04-01,2298.0,2359.95,2265.35,2351.0,1628959,EQ,116866.0,13.94,635715.0
2026-04-02,2290.0,2378.25,2266.8,2367.05,1131209,EQ,90122.0,12.55,457064.0
2026-04-06,2423.25,2579.65,2423.25,2555.75,4877807,EQ,278705.0,17.5,1505964.0
2026-04-07,2545.45,2599.2,2517.55,2548.65,1992402,EQ,126273.0,15.78,696655.0
2026-04-08,2640.0,2666.0,2594.55,2603.35,1425604,EQ,92597.0,15.4,481508.0
2026-04-09,2605.35,2625.65,2560.8,2567.15,749640,EQ,56048.0,13.37,251572.0
2026-04-10,2586.65,2646.0,2580.85,2611.0,1186264,EQ,71187.0,16.66,507806.0
2026-04-13,2559.0,2599.85,2542.0,2583.6,426185,EQ,40714.0,10.47,126343.0
2026-04-15,2609.35,2666.0,2606.65,2652.15,753162,EQ,70890.0,10.62,363457.0
2026-04-16,2679.8,2730.2,2630.05,2722.2,1392767,EQ,105547.0,13.2,475999.0
2026-04-17,2733.85,2778.4,2726.65,2738.45,1248606,EQ,90459.0,13.8,439277.0
2026-04-20,2766.65,2851.35,2751.8,2828.55,2228155,EQ,143162.0,15.56,563090.0
2026-04-21,2842.65,2963.0,2828.55,2927.0,2438074,EQ,134350.0,18.15,758036.0
2026-04-22,2957.35,2998.65,2891.05,2956.35,2596869,EQ,151761.0,17.11,749468.0
2026-04-23,2960.0,2986.25,2816.65,2834.25,4802737,EQ,254507.0,18.87,1339647.0
2026-04-24,2840.0,2896.0,2800.0,2864.85,1622094,EQ,92178.0,17.6,600246.0
2026-04-27,2890.65,2899.0,2830.95,2840.55,1057820,EQ,71323.0,14.83,444447.0
2026-04-28,2840.55,2846.6,2801.35,2835.95,895472,EQ,64294.0,13.93,321683.0
2026-04-29,2848.65,2869.8,2812.45,2818.85,643572,EQ,63928.0,10.07,246063.0
2026-04-30,2810.05,2812.25,2749.35,2763.05,566859,EQ,49369.0,11.48,198882.0
2026-05-04,2756.65,2795.95,2711.45,2772.35,680672,EQ,69976.0,9.73,297791.0
2026-05-05,2766.75,2772.35,2717.05,2756.95,465168,EQ,44516.0,10.45,160410.0
2026-05-06,2771.95,2883.0,2771.0,2859.85,1384413,EQ,94617.0,14.63,542156.0
2026-05-07,2893.85,2903.35,2858.45,2862.75,599368,EQ,58578.0,10.23,212183.0
2026-05-08,2855.45,2879.25,2814.6,2828.2,541763,EQ,52866.0,10.25,243170.0
2026-05-11,2818.15,2826.0,2768.85,2787.4,447565,EQ,49405.0,9.06,191512.0
2026-05-12,2770.65,2789.0,2691.75,2700.4,838385,EQ,73864.0,11.35,402642.0
2026-05-13,2692.35,2751.35,2680.65,2723.0,454880,EQ,47248.0,9.63,160138.0
2026-05-14,2732.8,2777.65,2732.8,2754.95,670805,EQ,57212.0,11.72,299794.0
2026-05-15,2754.95,2762.95,2688.0,2734.2,683781,EQ,60022.0,11.39,273040.0
2026-05-18,2700.65,2712.45,2653.75,2688.2,1080689,EQ,65166.0,16.58,583571.0
2026-05-19,2694.0,2739.8,2684.05,2713.05,518757,EQ,49615.0,10.46,218988.0
2026-05-20,2688.45,2742.65,2681.35,2733.25,501006,EQ,36595.0,13.69,233295.0
2026-05-21,2756.65,2793.95,2701.35,2780.25,748071,EQ,64838.0,11.54,284108.0
2026-05-22,2792.65,2876.6,2771.55,2864.35,1087977,EQ,70817.0,15.36,344993.0
2026-05-25,2894.0,2908.0,2860.0,2866.65,584516,EQ,49877.0,11.72,236924.0
2026-05-26,2860.0,2873.55,2820.0,2826.4,562260,EQ,51283.0,10.96,191327.0
2026-05-27,2826.4,2858.2,2813.65,2832.4,429915,EQ,43373.0,9.91,155960.0
2026-05-29,2840.0,2890.45,2793.35,2816.0,1184705,EQ,83768.0,14.14,662110.0
2026-06-01,2822.85,2837.4,2761.95,2771.55,652098,EQ,65414.0,9.97,242268.0
2026-06-02,2703.6,2830.2,2703.6,2806.95,753549,EQ,89146.0,8.45,324797.0
2026-06-03,2813.35,2856.55,2776.65,2838.4,544842,EQ,64916.0,8.39,167423.0
2026-06-04,2830.0,2849.0,2751.0,2837.6,1567328,EQ,102994.0,15.22,400844.0
2026-06-05,2830.0,2837.5,2753.0,2774.2,1346639,EQ,80425.0,16.74,450230.0
2026-06-08,2740.0,2798.0,2708.5,2724.1,954677,EQ,83271.0,11.46,369929.0
2026-06-09,2731.2,2803.8,2731.2,2771.3,1496702,EQ,72125.0,20.75,495978.0
2026-06-10,2785.2,2845.5,2743.3,2754.7,1588046,EQ,86950.0,18.26,564709.0
2026-06-11,2748.0,2750.0,2680.0,2710.9,980802,EQ,79672.0,12.31,315076.0
2026-06-12,2758.0,2783.9,2720.4,2755.3,583327,EQ,41337.0,14.11,223467.0
2026-06-15,2791.3,2944.5,2791.3,2901.1,2230325,EQ,109418.0,20.38,799775.0
2026-06-16,2915.5,2923.2,2875.0,2897.8,811498,EQ,51873.0,15.64,299919.0
2026-06-17,2905.0,3115.0,2905.0,3102.8,5645225,EQ,231867.0,24.35,1718831.0
2026-06-18,3125.0,3192.0,3105.0,3179.7,3695494,EQ,157990.0,23.39,1145697.0
2026-06-19,3182.0,3218.8,3140.0,3205.8,2456189,EQ,91514.0,26.84,1196789.0
2026-06-22,3209.8,3241.8,3171.0,3180.6,1265490,EQ,75406.0,16.78,444340.0
2026-06-23,3172.1,3232.0,3137.0,3142.9,1491098,EQ,60835.0,24.51,637858.0
2026-06-24,3158.1,3309.2,3140.0,3247.0,3950989,EQ,183412.0,21.54,1356579.0
2026-06-25,3270.0,3290.9,3206.6,3216.2,1414292,EQ,93535.0,15.12,520587.0
2026-06-29,3225.3,3312.0,3225.3,3258.3,2676532,EQ,136905.0,19.55,1203445.0
2026-06-30,3275.0,3295.0,3242.4,3282.6,1512736,EQ,112203.0,13.48,752998.0
2026-07-01,3285.0,3296.7,3263.0,3290.3,683229,EQ,47280,14.45,388870
2026-07-02,3290.5,3344.9,3265.0,3317.8,1092281,EQ,79687,13.71,465315
2026-07-03,3374.0,3399.7,3320.0,3340.6,1504875,EQ,97221,15.48,737644
2026-07-06,3341.0,3365.0,3330.1,3343.8,800656,EQ,60429,13.25,434782
2026-07-07,3080.0,3080.0,2920.0,2927.8,9059505,EQ,490852,18.46,3654179
2026-07-08,2921.0,2984.9,2892.4,2924.0,2737768,EQ,133859,20.45,835881
2026-07-09,2945.0,2963.2,2895.5,2904.1,1547534,EQ,90740,17.05,691326
2026-07-10,2934.0,2938.7,2896.8,2902.8,1093622,EQ,62168,17.59,534551
2026-07-13,2884.0,2914.9,2862.5,2900.1,1111293,EQ,68130,16.31,648081
2026-07-14,2900.0,2900.0,2855.2,2869.1,784332,EQ,65278,12.02,352633
2026-07-15,2875.0,2897.4,2857.4,2867.7,1034561,EQ,77301,13.38,562873
2026-07-16,2876.7,2905.0,2855.0,2860.2,905518,EQ,65104,13.91,463487
2026-07-17,2860.9,2873.9,2838.2,2842.4,791066,EQ,63103,12.54,457712
2026-07-20,2840.0,2935.0,2837.0,2925.9,1557787,EQ,73227,21.27,452651
2026-07-21,2930.0,2934.4,2883.1,2894.7,480354,EQ,40448,11.88,206961
2026-07-22,2914.8,2914.8,2861.3,2887.3,628545,EQ,52777,11.91,328669
2026-07-23,2880.0,2930.0,2865.0,2874.8,710240,EQ,52883,13.43,236030
2026-07-24,2841.3,2913.0,2836.0,2890.5,654165,EQ,52850,12.38,262485
2026-07-27,2918.9,2953.5,2907.1,2938.3,789065,EQ,44967,17.55,337849
2026-07-28,2938.3,2945.3,2908.8,2930.7,514388,EQ,45778,11.24,301592
2026-07-29,2940.0,3010.1,2916.5,3005.2,1012733,EQ,81426,12.44,516413
2026-07-30,3020.2,3042.6,2982.0,2999.2,806910,EQ,53317,15.13,347612
2026-07-31,3008.0,3026.7,2990.9,3005.9,605222,EQ,36601,16.54,366722
2026-08-03,3035.0,3050.0,3002.9,3050.0,883208,EQ,53186,16.61,478422
2026-08-04,3058.0,3111.0,3038.0,3107.7,1525660,EQ,68950,22.13,705541
2026-08-05,3107.3,3140.3,3080.1,3129.0,785852,EQ,44588,17.62,388621
2026-08-06,3120.0,3244.5,3046.2,3107.1,4403351,EQ,219841,20.03,835576
2026-08-07,3106.5,3106.5,2985.6,2997.0,2469173,EQ,143781,17.17,948021
2026-08-10,3010.0,3047.0,2981.0,3025.0,989590,EQ,58677,16.87,523044
2026-08-11,3024.5,3029.8,2990.3,3000.0,589607,EQ,36691,16.07,221724
2026-08-12,3000.0,3019.0,2972.9,2987.0,692694,EQ,38902,17.81,314129
2026-08-13,2987.0,3011.9,2957.0,2990.0,781980,EQ,57198,13.67,400189
2026-08-14,2947.7,3020.6,2945.0,2978.0,1648536,EQ,60064,27.45,1007597
2026-08-17,2989.9,2989.9,2945.0,2946.0,689113,EQ,48717,14.15,361101
2026-08-18,2946.1,2980.4,2932.1,2942.1,718320,EQ,45780,15.69,323691
2026-08-19,2942.1,2972.0,2938.0,2953.0,484117,EQ,33633,14.39,210424
2026-08-20,2960.0,2978.0,2947.1,2970.0,325293,EQ,23342,13.94,139575
2026-08-21,2970.0,2976.6,2914.0,2924.0,522242,EQ,49359,10.58,264931
2026-08-24,2924.0,2938.6,2892.2,2905.0,514000,EQ,47950,10.72,265745
2026-08-25,2910.0,2938.9,2893.8,2930.0,620202,EQ,40226,15.42,308396
2026-08-26,2950.0,2954.8,2906.2,2908.2,467317,EQ,41311,11.31,256474
2026-08-27,2908.2,2923.5,2868.2,2878.5,591208,EQ,56363,10.49,334806
2026-08-28,2890.4,2911.2,2875.8,2898.0,469911,EQ,33099,14.2,232294
2026-08-31,2895.9,2901.2,2865.1,2879.9,976926,EQ,42322,23.08,598827
