Date,Open,High,Low,Close,Volume,Series,TOTAL_TRADES,QTY_PER_TRADE,DLV_QTY
2007-07-04,47.25,78.45,47.25,75.3,19079150,EQ,,,
2007-07-05,76.9,76.9,68.25,69.2,5251996,EQ,,,
2007-07-06,69.2,77.45,65.35,76.5,9247715,EQ,,,
2007-07-09,76.7,80.3,74.4,78.3,4882695,EQ,,,
2007-07-10,78.9,79.0,76.0,76.6,2210280,EQ,,,
2007-07-11,76.0,77.4,74.0,75.25,1284036,EQ,,,
2007-07-12,75.9,78.5,75.9,76.85,1267665,EQ,,,
2007-07-13,77.8,79.8,76.7,77.35,1549761,EQ,,,
2007-07-16,77.5,77.5,74.5,75.1,414932,EQ,,,
2007-07-17,75.5,76.9,70.55,71.45,527178,EQ,,,
2007-07-18,71.7,74.7,70.6,73.3,1236030,EQ,,,
2007-07-19,74.1,75.6,72.55,73.55,567855,EQ,,,
2007-07-20,74.0,74.65,72.05,72.4,341183,EQ,,,
2007-07-23,72.6,72.75,71.1,71.55,160275,EQ,,,
2007-07-24,71.5,72.5,68.1,68.85,369505,EQ,,,
2007-07-25,68.25,70.0,66.8,69.3,330801,EQ,,,
2007-07-26,69.55,71.85,69.0,70.85,263472,EQ,,,
2007-07-27,66.6,69.3,63.5,65.15,198177,EQ,,,
2007-07-30,65.1,67.6,64.25,65.0,173287,EQ,,,
2007-07-31,65.9,68.2,65.0,67.15,278918,EQ,,,
2007-08-01,65.7,66.0,62.0,62.55,128253,EQ,,,
2007-08-02,62.95,64.5,61.2,64.1,133617,EQ,,,
2007-08-03,65.0,66.0,62.6,63.45,73370,EQ,,,
2007-08-06,62.0,63.2,58.7,62.65,123040,EQ,,,
2007-08-07,63.2,67.2,63.2,65.5,260933,EQ,,,
2007-08-08,66.1,68.55,65.5,65.85,185485,EQ,,,
2007-08-09,68.5,69.0,64.35,65.4,156712,EQ,,,
2007-08-10,60.25,68.0,60.0,66.9,161572,EQ,,,
2007-08-13,68.0,69.7,66.0,66.5,96367,EQ,,,
2007-08-14,66.8,67.0,64.6,65.9,78371,EQ,,,
2007-08-16,62.55,66.2,61.0,65.3,167686,EQ,,,
2007-08-17,64.95,67.6,64.0,65.75,88378,EQ,,,
2007-08-20,67.4,68.2,65.2,65.65,61227,EQ,,,
2007-08-21,65.7,65.7,61.5,62.2,35079,EQ,,,
2007-08-22,62.3,63.5,60.0,60.5,59103,EQ,,,
2007-08-23,62.2,63.2,58.4,58.8,89466,EQ,,,
2007-08-24,59.9,60.9,58.2,59.1,112578,EQ,,,
2007-08-27,60.8,61.5,59.7,60.05,68766,EQ,,,
2007-08-28,61.3,61.3,59.5,59.8,67588,EQ,,,
2007-08-29,59.0,59.7,57.9,59.4,30956,EQ,,,
2007-08-30,60.0,60.5,59.0,59.35,38685,EQ,,,
2007-08-31,59.35,60.2,59.35,60.0,43280,EQ,,,
2007-09-03,60.45,64.0,59.9,61.2,185741,EQ,,,
2007-09-04,61.5,62.7,61.0,62.3,72991,EQ,,,
2007-09-05,62.3,63.9,62.3,63.2,147566,EQ,,,
2007-09-06,62.2,64.4,62.1,64.15,92492,EQ,,,
2007-09-07,64.5,67.5,63.9,65.55,216807,EQ,,,
2007-09-10,64.0,66.8,64.0,66.2,71536,EQ,,,
2007-09-11,67.5,67.65,65.6,66.5,104876,EQ,,,
2007-09-12,66.0,68.0,66.0,66.75,169529,EQ,,,
2007-09-13,67.8,71.5,66.8,70.35,308151,EQ,,,
2007-09-14,71.2,71.3,69.0,69.2,120593,EQ,,,
2007-09-17,69.8,77.3,69.2,73.4,457068,EQ,,,
2007-09-18,73.1,76.45,72.1,73.4,205697,EQ,,,
2007-09-19,74.2,75.5,70.1,71.45,129900,EQ,,,
2007-09-20,72.7,72.7,70.5,70.8,68383,EQ,,,
2007-09-21,71.2,74.1,70.8,71.85,137114,EQ,,,
2007-09-24,71.95,74.5,71.95,73.45,133676,EQ,,,
2007-09-25,73.7,73.9,70.1,71.05,51646,EQ,,,
2007-09-26,71.6,71.75,65.0,68.35,83571,EQ,,,
2007-09-27,68.5,73.0,68.3,71.6,138674,EQ,,,
2007-09-28,72.2,72.2,69.5,69.9,22760,EQ,,,
2007-10-01,70.9,70.9,68.5,68.9,45461,EQ,,,
2007-10-03,70.5,70.5,67.2,68.8,39163,EQ,,,
2007-10-04,69.0,71.8,67.3,71.1,59169,EQ,,,
2007-10-05,71.0,74.7,70.5,74.1,140444,EQ,,,
2007-10-08,75.4,76.35,71.5,73.6,117023,EQ,,,
2007-10-09,73.9,75.6,71.5,75.1,55096,EQ,,,
2007-10-10,72.5,77.4,72.5,74.9,98047,EQ,,,
2007-10-11,75.1,75.5,72.5,74.95,22228,EQ,,,
2007-10-12,75.2,75.5,74.1,74.65,37309,EQ,,,
2007-10-15,73.25,80.9,73.25,79.05,149782,EQ,,,
2007-10-16,79.5,80.8,75.9,76.7,55903,EQ,,,
2007-10-17,74.8,79.0,61.5,77.05,34598,EQ,,,
2007-10-18,77.5,79.25,72.1,73.5,23915,EQ,,,
2007-10-19,76.7,76.7,70.1,70.85,13595,EQ,,,
2007-10-22,70.0,72.0,68.2,71.05,14810,EQ,,,
2007-10-23,71.5,76.5,71.5,75.5,26829,EQ,,,
2007-10-24,76.5,76.9,73.6,74.25,22450,EQ,,,
2007-10-25,74.9,75.0,73.6,74.85,18074,EQ,,,
2007-10-26,75.0,79.6,74.8,78.95,54184,EQ,,,
2007-10-29,80.0,81.4,76.4,77.95,79192,EQ,,,
2007-10-30,78.5,78.9,72.55,73.25,26638,EQ,,,
2007-10-31,73.2,74.0,72.4,73.45,50431,EQ,,,
2007-11-01,74.8,74.8,68.6,70.45,15464,EQ,,,
2007-11-02,68.5,72.8,68.2,71.3,16036,EQ,,,
2007-11-05,70.9,73.4,69.8,70.05,9382,EQ,,,
2007-11-06,72.85,72.85,65.0,71.1,11478,EQ,,,
2007-11-07,71.0,72.2,69.3,70.75,12918,EQ,,,
2007-11-08,70.0,72.1,67.9,71.05,7043,EQ,,,
2007-11-09,69.5,71.9,69.2,70.65,714,EQ,,,
2007-11-12,70.2,71.2,67.5,69.6,12195,EQ,,,
2007-11-13,69.6,72.5,69.0,71.95,62662,EQ,,,
2007-11-14,72.5,74.0,70.3,71.9,15187,EQ,,,
2007-11-15,69.45,72.5,69.2,71.05,10905,EQ,,,
2007-11-16,73.0,73.0,70.1,71.35,8112,EQ,,,
2007-11-19,71.95,72.9,71.3,71.95,8638,EQ,,,
2007-11-20,71.9,72.4,70.5,71.45,9890,EQ,,,
2007-11-21,70.4,72.5,69.45,71.7,30812,EQ,,,
2007-11-22,70.2,71.0,68.0,70.2,27655,EQ,,,
2007-11-23,72.4,72.5,69.0,69.05,16281,EQ,,,
2007-11-26,70.95,70.95,68.5,69.8,10334,EQ,,,
2007-11-27,68.05,69.95,67.5,68.2,5523,EQ,,,
2007-11-28,70.0,70.0,68.85,69.45,6954,EQ,,,
2007-11-29,70.9,70.9,69.0,69.2,4031,EQ,,,
2007-11-30,70.4,70.4,68.5,69.95,3347,EQ,,,
2007-12-03,71.4,72.5,71.0,71.65,12192,EQ,,,
2007-12-04,73.5,76.95,72.0,75.35,34005,EQ,,,
2007-12-05,73.1,76.8,73.1,74.95,12017,EQ,,,
2007-12-06,78.6,79.9,74.0,74.7,15916,EQ,,,
2007-12-07,75.1,75.9,73.0,73.25,4526,EQ,,,
2007-12-10,74.65,75.0,72.55,73.5,58662,EQ,,,
2007-12-11,74.1,75.0,73.25,73.45,6067,EQ,,,
2007-12-12,75.4,75.5,72.1,73.95,7129,EQ,,,
2007-12-13,76.0,88.5,74.7,84.15,139705,EQ,,,
2007-12-14,84.5,87.0,80.15,81.75,44578,EQ,,,
2007-12-17,81.9,83.5,77.5,79.35,13163,EQ,,,
2007-12-18,79.0,80.5,75.5,78.55,7654,EQ,,,
2007-12-19,79.5,83.8,75.5,76.05,7371,EQ,,,
2007-12-20,75.1,78.5,75.1,77.5,14414,EQ,,,
2007-12-24,78.0,85.0,76.8,84.45,30372,EQ,,,
2007-12-26,85.5,89.0,85.5,86.45,35978,EQ,,,
2007-12-27,86.0,94.7,85.9,90.95,70326,EQ,,,
2007-12-28,90.0,97.0,89.5,94.9,65042,EQ,,,
2007-12-31,94.9,99.5,94.5,97.65,37930,EQ,,,
2008-01-01,97.5,99.0,93.5,93.9,18290,EQ,,,
2008-01-02,96.3,96.3,91.5,94.05,13450,EQ,,,
2008-01-03,94.3,95.0,91.0,91.8,9197,EQ,,,
2008-01-04,95.5,95.5,91.5,92.65,20709,EQ,,,
2008-01-07,102.0,102.0,92.0,94.2,17165,EQ,,,
2008-01-08,100.0,100.0,91.0,92.9,11937,EQ,,,
2008-01-09,89.25,95.0,88.2,89.8,12525,EQ,,,
2008-01-10,83.55,93.95,80.0,87.85,15231,EQ,,,
2008-01-11,86.1,93.5,86.1,91.45,35640,EQ,,,
2008-01-14,93.3,93.3,90.15,91.35,6448,EQ,,,
2008-01-15,95.2,95.2,80.1,88.85,16779,EQ,,,
2008-01-16,88.7,90.5,86.5,89.25,6785,EQ,,,
2008-01-17,88.6,92.5,86.6,91.35,11339,EQ,,,
2008-01-18,86.95,91.4,86.95,88.4,22435,EQ,,,
2008-01-21,85.1,87.9,75.5,80.65,20229,EQ,,,
2008-01-22,77.0,77.0,64.65,67.05,5011,EQ,,,
2008-01-23,80.0,80.0,71.0,72.3,7095,EQ,,,
2008-01-24,78.0,78.0,70.2,71.35,4283,EQ,,,
2008-01-25,78.1,79.8,70.1,75.45,7313,EQ,,,
2008-01-28,74.0,76.1,70.45,74.15,4051,EQ,,,
2008-01-29,77.8,77.8,74.1,77.2,6979,EQ,,,
2008-01-30,86.0,86.0,75.3,77.65,2696,EQ,,,
2008-01-31,75.0,81.7,75.0,77.7,6457,EQ,,,
2008-02-01,78.5,82.1,77.1,78.3,2902,EQ,,,
2008-02-04,82.8,83.3,79.2,81.6,3278,EQ,,,
2008-02-05,81.5,83.1,79.2,82.45,4262,EQ,,,
2008-02-06,77.65,81.5,77.65,79.7,6380,EQ,,,
2008-02-07,81.4,81.7,80.2,81.05,3281,EQ,,,
2008-02-08,80.8,81.0,77.5,80.1,5579,EQ,,,
2008-02-11,79.4,79.4,74.0,76.0,11258,EQ,,,
2008-02-12,79.9,79.9,74.1,74.95,1913,EQ,,,
2008-02-13,75.5,76.0,70.65,72.6,1418,EQ,,,
2008-02-14,78.0,78.5,74.0,75.2,3165,EQ,,,
2008-02-15,74.2,79.5,74.2,78.9,2035,EQ,,,
2008-02-18,79.0,81.5,76.7,80.9,4765,EQ,,,
2008-02-19,81.5,82.5,80.0,81.1,3237,EQ,,,
2008-02-20,78.5,82.0,78.5,79.6,472,EQ,,,
2008-02-21,79.6,81.4,77.5,80.55,3596,EQ,,,
2008-02-22,79.6,81.0,79.6,80.85,1642,EQ,,,
2008-02-25,79.0,81.6,79.0,81.2,2226,EQ,,,
2008-02-26,81.0,82.75,81.0,82.0,1779,EQ,,,
2008-02-27,82.2,84.4,80.0,80.15,2207,EQ,,,
2008-02-28,80.0,81.4,79.0,80.0,3590,EQ,,,
2008-02-29,80.0,85.35,80.0,84.15,6189,EQ,,,
2008-03-03,81.05,83.0,79.1,80.5,5457,EQ,,,
2008-03-04,80.0,82.0,78.6,81.7,12169,EQ,,,
2008-03-05,80.1,82.0,80.0,81.4,4792,EQ,,,
2008-03-07,80.2,81.2,73.5,79.1,10602,EQ,,,
2008-03-10,79.8,79.9,76.0,79.35,8195,EQ,,,
2008-03-11,78.3,80.5,75.5,78.5,2914,EQ,,,
2008-03-12,79.5,80.7,77.5,77.8,1470,EQ,,,
2008-03-13,76.3,78.8,75.0,75.9,5250,EQ,,,
2008-03-14,76.1,78.0,73.0,76.0,4217,EQ,,,
2008-03-17,70.1,76.0,61.1,73.8,2871,EQ,,,
2008-03-18,70.6,75.0,63.45,71.7,4231,EQ,,,
2008-03-19,71.2,75.9,71.1,73.15,2793,EQ,,,
2008-03-24,71.3,72.4,69.1,70.65,3259,EQ,,,
2008-03-25,70.2,71.5,68.0,70.45,4543,EQ,,,
2008-03-26,71.4,72.5,70.0,71.2,4250,EQ,,,
2008-03-27,70.8,72.0,67.5,70.95,8241,EQ,,,
2008-03-28,72.0,82.2,70.8,78.1,12549,EQ,,,
2008-03-31,81.5,85.0,76.1,83.15,6624,EQ,,,
2008-04-01,80.0,84.7,78.25,79.75,2166,EQ,,,
2008-04-02,82.3,85.0,76.2,77.6,2425,EQ,,,
2008-04-03,75.2,80.8,75.2,79.05,2701,EQ,,,
2008-04-04,79.2,79.9,76.2,76.9,2378,EQ,,,
2008-04-07,78.1,79.0,77.35,78.5,4380,EQ,,,
2008-04-08,79.8,81.0,79.0,80.2,10696,EQ,,,
2008-04-09,80.0,81.0,79.15,80.55,649,EQ,,,
2008-04-10,82.05,83.0,79.4,79.85,609,EQ,,,
2008-04-11,77.0,81.0,77.0,80.05,1140,EQ,,,
2008-04-15,79.7,80.7,79.1,80.05,700,EQ,,,
2008-04-16,80.5,81.4,79.5,80.9,1684,EQ,,,
2008-04-17,81.85,85.0,81.85,82.7,3200,EQ,,,
2008-04-21,82.9,85.0,81.15,81.8,2274,EQ,,,
2008-04-22,84.0,84.0,81.0,81.7,1262,EQ,,,
2008-04-23,82.2,82.8,80.9,81.5,5269,EQ,,,
2008-04-24,82.85,83.5,81.0,81.3,2050,EQ,,,
2008-04-25,82.85,82.85,80.1,80.45,3823,EQ,,,
2008-04-28,80.2,81.0,79.9,80.15,1935,EQ,,,
2008-04-29,81.0,81.4,78.6,79.1,4231,EQ,,,
2008-04-30,80.4,80.5,78.5,79.6,3146,EQ,,,
2008-05-02,79.5,81.0,79.05,79.55,1153,EQ,,,
2008-05-05,79.0,80.65,77.7,78.1,1746,EQ,,,
2008-05-06,79.0,80.0,78.1,79.05,2161,EQ,,,
2008-05-07,77.55,79.5,75.7,77.5,946,EQ,,,
2008-05-08,76.7,77.8,76.5,77.15,866,EQ,,,
2008-05-09,76.4,78.0,76.4,77.2,3342,EQ,,,
2008-05-12,77.0,79.0,75.4,78.4,922,EQ,,,
2008-05-13,79.5,79.5,75.6,76.55,1152,EQ,,,
2008-05-14,75.8,77.45,75.5,75.75,1046,EQ,,,
2008-05-15,76.0,77.95,75.5,76.3,1327,EQ,,,
2008-05-16,79.9,79.9,75.5,75.95,949,EQ,,,
2008-05-20,76.5,79.0,75.75,78.4,3089,EQ,,,
2008-05-21,79.0,79.0,76.6,77.65,867,EQ,,,
2008-05-22,78.9,79.7,75.5,76.0,493,EQ,,,
2008-05-23,77.7,77.7,74.6,75.05,1358,EQ,,,
2008-05-26,75.0,75.0,73.0,73.4,1164,EQ,,,
2008-05-27,74.5,74.5,69.0,70.25,5669,EQ,,,
2008-05-28,70.3,72.8,66.5,68.4,7471,EQ,,,
2008-05-29,71.0,71.0,67.0,67.2,2848,EQ,,,
2008-05-30,68.8,73.0,66.2,70.55,15934,EQ,,,
2008-06-02,69.9,72.1,68.5,68.65,723,EQ,,,
2008-06-03,68.9,69.5,65.7,67.9,1125,EQ,,,
2008-06-04,68.95,69.0,67.2,67.55,1404,EQ,,,
2008-06-05,68.4,68.4,67.0,67.45,2090,EQ,,,
2008-06-06,68.0,68.0,63.0,65.8,11401,EQ,,,
2008-06-09,65.0,65.0,61.3,62.15,7151,EQ,,,
2008-06-10,62.0,63.0,58.0,61.75,63895,EQ,,,
2008-06-11,68.4,68.4,62.1,64.95,1717,EQ,,,
2008-06-12,63.0,70.0,62.65,68.1,2857,EQ,,,
2008-06-13,68.0,70.0,67.0,68.95,8823,EQ,,,
2008-06-16,70.0,73.0,70.0,72.4,3310,EQ,,,
2008-06-17,71.8,73.35,70.6,72.95,3307,EQ,,,
2008-06-18,73.5,74.1,72.0,72.5,1106,EQ,,,
2008-06-19,71.6,75.0,69.5,72.25,2971,EQ,,,
2008-06-20,70.0,74.5,68.0,69.0,955,EQ,,,
2008-06-23,67.0,69.25,64.0,67.75,2555,EQ,,,
2008-06-24,65.5,67.5,62.3,65.1,2904,EQ,,,
2008-06-25,62.5,64.5,60.85,64.05,1967,EQ,,,
2008-06-26,64.8,64.8,62.55,64.4,304,EQ,,,
2008-06-27,63.9,64.0,61.1,61.75,465,EQ,,,
2008-06-30,61.1,61.5,58.75,60.0,6460,EQ,,,
2008-07-01,59.5,60.0,55.1,57.15,2146,EQ,,,
2008-07-02,58.5,58.7,53.5,54.5,3638,EQ,,,
2008-07-03,54.2,56.3,52.0,52.4,4489,EQ,,,
2008-07-04,52.45,53.1,51.1,51.8,21015,EQ,,,
2008-07-07,52.0,54.7,49.0,49.85,4193,EQ,,,
2008-07-08,49.5,50.0,47.6,48.45,2800,EQ,,,
2008-07-09,49.7,49.7,47.0,47.55,4328,EQ,,,
2008-07-10,48.35,48.8,46.5,46.85,2733,EQ,,,
2008-07-11,46.2,47.9,45.0,45.1,1985,EQ,,,
2008-07-14,44.0,46.45,44.0,44.85,1502,EQ,,,
2008-07-15,45.5,45.5,41.5,43.35,3736,EQ,,,
2008-07-16,42.9,43.3,39.5,39.95,3432,EQ,,,
2008-07-17,41.3,41.3,39.6,39.8,2298,EQ,,,
2008-07-18,40.0,40.55,39.5,39.6,2052,EQ,,,
2008-07-21,40.0,40.1,38.2,39.85,4806,EQ,,,
2008-07-22,39.7,40.0,38.6,39.25,7884,EQ,,,
2008-07-23,40.0,45.8,39.6,40.2,8292,EQ,,,
2008-07-24,40.6,40.6,38.5,38.8,8073,EQ,,,
2008-07-25,39.0,39.0,37.0,37.8,5738,EQ,,,
2008-07-28,37.4,44.8,37.4,40.75,63934,EQ,,,
2008-07-29,40.8,41.95,39.0,39.85,19593,EQ,,,
2008-07-30,41.0,41.9,38.0,38.9,12651,EQ,,,
2008-07-31,39.6,40.0,39.2,39.9,8601,EQ,,,
2008-08-01,39.0,40.4,38.6,39.15,22138,EQ,,,
2008-08-04,39.15,39.7,39.15,39.5,2171,EQ,,,
2008-08-05,39.7,39.7,39.05,39.45,2181,EQ,,,
2008-08-06,39.6,40.1,38.5,39.0,11808,EQ,,,
2008-08-07,39.1,40.1,38.45,39.3,2704,EQ,,,
2008-08-08,40.0,40.4,39.1,39.25,5328,EQ,,,
2008-08-11,40.0,44.9,39.6,43.8,199114,EQ,,,
2008-08-12,44.45,45.5,40.75,41.35,59803,EQ,,,
2008-08-13,41.3,42.5,41.0,41.8,8843,EQ,,,
2008-08-14,41.3,42.0,40.6,41.55,9475,EQ,,,
2008-08-18,42.0,42.2,39.2,41.5,11602,EQ,,,
2008-08-19,41.0,41.55,39.9,40.25,7494,EQ,,,
2008-08-20,40.6,40.85,39.9,40.0,12056,EQ,,,
2008-08-21,39.6,40.75,39.5,39.75,17565,EQ,,,
2008-08-22,40.2,41.0,38.8,39.05,9004,EQ,,,
2008-08-25,39.5,40.0,38.6,38.85,3172,EQ,,,
2008-08-26,38.0,39.6,37.5,38.5,2024,EQ,,,
2008-08-27,38.9,38.9,37.35,38.0,8751,EQ,,,
2008-08-28,39.0,39.9,37.5,39.2,9977,EQ,,,
2008-08-29,39.4,40.5,38.15,39.05,5965,EQ,,,
2008-09-01,38.5,39.4,38.25,38.7,1115,EQ,,,
2008-09-02,40.5,40.9,39.0,39.5,3117,EQ,,,
2008-09-04,39.2,40.4,39.2,39.7,8752,EQ,,,
2008-09-05,39.5,39.9,38.55,39.1,2165,EQ,,,
2008-09-08,38.5,39.55,38.5,38.75,5538,EQ,,,
2008-09-09,39.55,39.55,38.6,38.8,1261,EQ,,,
2008-09-10,38.7,39.3,38.4,38.5,6057,EQ,,,
2008-09-11,38.6,38.8,37.6,37.9,1925,EQ,,,
2008-09-12,37.5,38.6,37.5,37.65,102493,EQ,,,
2008-09-15,37.0,37.9,35.1,37.4,5105,EQ,,,
2008-09-16,37.0,37.2,35.4,37.0,5479,EQ,,,
2008-09-17,36.95,37.6,35.3,36.25,4025,EQ,,,
2008-09-18,35.6,37.5,33.75,36.4,5818,EQ,,,
2008-09-19,37.9,38.5,34.5,35.95,10243,EQ,,,
2008-09-22,36.3,36.3,33.8,35.05,8214,EQ,,,
2008-09-23,35.4,35.4,31.0,32.25,96862,EQ,,,
2008-09-24,31.4,32.0,30.25,30.8,14105,EQ,,,
2008-09-25,31.05,31.5,29.9,30.25,6208,EQ,,,
2008-09-26,30.8,30.8,28.5,28.95,4459,EQ,,,
2008-09-29,28.0,28.5,26.45,27.0,6256,EQ,,,
2008-09-30,26.5,26.5,24.0,24.7,6894,EQ,,,
2008-10-01,25.5,25.9,24.1,25.65,11714,EQ,,,
2008-10-03,25.7,26.2,25.0,25.35,2292,EQ,,,
2008-10-06,25.15,26.2,20.6,22.05,28637,EQ,,,
2008-10-07,22.7,24.45,21.15,21.8,5813,EQ,,,
2008-10-08,21.8,21.9,17.45,17.45,21409,EQ,,,
2008-10-10,17.45,17.45,14.7,15.3,11370,EQ,,,
2008-10-13,15.2,16.0,13.8,13.85,23057,EQ,,,
2008-10-14,14.5,15.0,13.6,13.95,26762,EQ,,,
2008-10-15,13.6,14.0,13.25,13.35,7883,EQ,,,
2008-10-16,12.7,13.75,12.5,13.0,7189,EQ,,,
2008-10-17,13.6,13.6,12.1,12.85,14233,EQ,,,
2008-10-20,12.5,13.15,12.0,12.2,5911,EQ,,,
2008-10-21,12.1,12.95,12.1,12.45,5411,EQ,,,
2008-10-22,12.0,12.7,12.0,12.25,3031,EQ,,,
2008-10-23,11.8,12.4,11.1,12.0,5719,EQ,,,
2008-10-24,12.2,12.3,10.8,11.0,6657,EQ,,,
2008-10-27,11.1,11.4,9.95,10.35,13522,EQ,,,
2008-10-28,9.85,11.4,9.6,11.15,1963,EQ,,,
2008-10-29,11.6,12.1,10.05,10.3,6715,EQ,,,
2008-10-31,10.5,11.3,9.6,9.95,28244,EQ,,,
2008-11-03,10.5,10.6,9.0,9.2,57237,EQ,,,
2008-11-04,9.5,9.5,8.45,8.65,64409,EQ,,,
2008-11-05,8.9,9.1,8.3,8.4,47211,EQ,,,
2008-11-06,8.2,8.35,7.95,8.0,34686,EQ,,,
2008-11-07,8.0,8.3,7.7,8.0,18033,EQ,,,
2008-11-10,8.3,8.35,8.1,8.3,47721,EQ,,,
2008-11-11,8.5,8.5,7.85,7.9,30791,EQ,,,
2008-11-12,8.1,8.1,7.5,7.5,15877,EQ,,,
2008-11-14,7.9,7.9,7.15,7.15,20736,EQ,,,
2008-11-17,6.9,7.4,6.8,6.8,23882,EQ,,,
2008-11-18,6.75,6.75,6.45,6.45,5704,EQ,,,
2008-11-19,6.4,6.45,6.15,6.15,18496,EQ,,,
2008-11-20,5.85,5.85,5.85,5.85,14074,EQ,,,
2008-11-21,5.65,6.1,5.55,5.6,386007,EQ,,,
2008-11-24,5.85,5.85,5.5,5.85,137154,EQ,,,
2008-11-25,6.1,6.15,6.1,6.15,7770,EQ,,,
2008-11-26,6.45,6.45,6.45,6.45,9551,EQ,,,
2008-11-28,6.8,6.8,6.4,6.8,89798,EQ,,,
2008-12-01,7.1,7.15,7.0,7.15,33419,EQ,,,
2008-12-02,7.35,7.5,7.25,7.5,214050,EQ,,,
2008-12-03,7.85,7.85,7.85,7.85,7515,EQ,,,
2008-12-04,8.25,8.25,8.25,8.25,4686,EQ,,,
2008-12-05,8.7,8.7,8.7,8.7,8165,EQ,,,
2008-12-08,9.1,9.1,9.1,9.1,2785,EQ,,,
2008-12-10,9.55,9.55,9.25,9.55,224729,EQ,,,
2008-12-11,10.05,10.05,9.7,10.05,115139,EQ,,,
2008-12-12,10.5,10.55,10.5,10.55,47960,EQ,,,
2008-12-15,11.1,11.1,11.1,11.1,6934,EQ,,,
2008-12-16,11.65,11.65,11.65,11.65,2401,EQ,,,
2008-12-17,12.25,12.25,11.6,12.2,112367,EQ,,,
2008-12-18,12.8,12.85,11.6,11.6,93190,EQ,,,
2008-12-19,11.6,12.0,11.05,11.3,145955,EQ,,,
2008-12-22,11.3,11.5,10.75,10.75,41333,EQ,,,
2008-12-23,10.5,10.5,10.2,10.2,8541,EQ,,,
2008-12-24,9.7,9.7,9.7,9.7,1193,EQ,,,
2008-12-26,9.2,9.2,9.2,9.2,1951,EQ,,,
2008-12-29,8.75,8.75,8.75,8.75,1056,EQ,,,
2008-12-30,8.3,9.2,8.3,9.2,200584,EQ,,,
2008-12-31,9.55,9.65,9.5,9.65,16840,EQ,,,
2009-01-01,10.15,10.15,10.15,10.15,3962,EQ,,,
2009-01-02,10.65,10.65,10.65,10.65,12554,EQ,,,
2009-01-05,11.2,11.2,10.1,10.1,56469,EQ,,,
2009-01-06,9.6,10.6,9.6,9.65,35362,EQ,,,
2009-01-07,10.1,10.1,9.15,9.15,234399,EQ,,,
2009-01-09,8.7,9.1,8.7,8.7,16507,EQ,,,
2009-01-12,8.25,8.7,8.25,8.25,11309,EQ,,,
2009-01-13,7.85,8.0,7.85,7.85,19812,EQ,,,
2009-01-14,7.45,7.85,7.45,7.45,85584,EQ,,,
2009-01-15,7.1,7.3,7.1,7.1,6439,EQ,,,
2009-01-16,6.75,7.0,6.75,6.75,84032,EQ,,,
2009-01-19,6.4,7.1,6.4,6.45,221071,EQ,,,
2009-01-20,6.15,6.8,6.15,6.15,291988,EQ,,,
2009-01-21,6.1,6.1,5.85,5.85,96069,EQ,,,
2009-01-22,5.95,5.95,5.55,5.55,35671,EQ,,,
2009-01-23,5.3,5.3,5.3,5.3,13438,EQ,,,
2009-01-27,5.0,5.0,5.0,5.0,18274,EQ,,,
2009-01-28,4.8,5.25,4.75,5.25,279796,EQ,,,
2009-01-29,5.55,5.55,5.3,5.5,194768,EQ,,,
2009-01-30,5.5,5.8,5.3,5.75,85342,EQ,,,
2009-02-02,5.65,5.65,5.45,5.45,20844,EQ,,,
2009-02-03,5.2,5.2,5.2,5.2,7862,EQ,,,
2009-02-04,4.95,5.35,4.95,5.05,68830,EQ,,,
2009-02-05,5.1,5.2,4.9,4.95,40240,EQ,,,
2009-02-06,4.9,5.2,4.75,5.2,143114,EQ,,,
2009-02-09,5.35,5.35,5.0,5.1,38642,EQ,,,
2009-02-10,5.1,5.2,4.85,4.9,51930,EQ,,,
2009-02-11,4.85,5.15,4.75,5.15,114842,EQ,,,
2009-02-12,5.15,5.4,5.0,5.2,196512,EQ,,,
2009-02-13,5.2,5.45,5.1,5.15,98552,EQ,,,
2009-02-16,5.35,5.35,4.9,4.9,55973,EQ,,,
2009-02-17,4.85,4.95,4.75,4.8,20286,EQ,,,
2009-02-18,4.8,4.95,4.7,4.8,17569,EQ,,,
2009-02-19,4.9,5.0,4.6,4.6,73548,EQ,,,
2009-02-20,4.6,4.6,4.4,4.4,292594,EQ,,,
2009-02-24,4.25,4.45,4.2,4.2,49109,EQ,,,
2009-02-25,4.1,4.25,4.0,4.0,193263,EQ,,,
2009-02-26,3.9,3.95,3.8,3.8,37868,EQ,,,
2009-02-27,3.6,3.8,3.6,3.6,89998,EQ,,,
2009-03-02,3.4,3.4,3.4,3.4,6497,EQ,,,
2009-03-03,3.25,3.25,3.25,3.25,16356,EQ,,,
2009-03-04,3.1,3.2,3.1,3.1,55636,EQ,,,
2009-03-05,2.95,2.95,2.95,2.95,16746,EQ,,,
2009-03-06,2.8,2.8,2.8,2.8,11411,EQ,,,
2009-03-09,2.65,2.65,2.65,2.65,11926,EQ,,,
2009-03-12,2.5,2.8,2.5,2.8,193975,EQ,,,
2009-03-13,2.9,2.9,2.7,2.8,482206,EQ,,,
2009-03-16,2.8,2.8,2.65,2.65,157360,EQ,,,
2009-03-17,2.6,2.65,2.5,2.55,159014,EQ,,,
2009-03-18,2.55,2.7,2.55,2.7,62675,EQ,,,
2009-03-19,2.8,2.8,2.8,2.8,21416,EQ,,,
2009-03-20,2.95,2.95,2.95,2.95,10638,EQ,,,
2009-03-23,3.1,3.1,3.1,3.1,25571,EQ,,,
2009-03-24,3.3,3.3,3.1,3.3,285972,EQ,,,
2009-03-25,3.4,3.4,3.1,3.2,126857,EQ,,,
2009-03-26,3.2,3.3,3.15,3.2,71479,EQ,,,
2009-03-27,3.25,3.3,3.05,3.15,77972,EQ,,,
2009-03-30,3.3,3.3,3.15,3.3,94142,EQ,,,
2009-03-31,3.45,3.45,3.3,3.45,48653,EQ,,,
2009-04-01,3.5,3.65,3.5,3.65,29770,EQ,,,
2009-04-02,3.8,3.8,3.5,3.8,112389,EQ,,,
2009-04-06,4.0,4.0,3.85,4.0,147300,EQ,,,
2009-04-08,4.0,4.2,3.9,4.2,60503,EQ,,,
2009-04-09,4.45,4.45,4.4,4.45,14513,EQ,,,
2009-04-13,4.65,4.65,4.65,4.65,12770,EQ,,,
2009-04-15,4.9,4.9,4.6,4.9,168710,EQ,,,
2009-04-16,5.15,5.15,4.65,4.75,289477,EQ,,,
2009-04-17,4.8,4.95,4.5,4.5,100539,EQ,,,
2009-04-20,4.6,4.65,4.3,4.4,78317,EQ,,,
2009-04-21,4.3,4.55,4.15,4.3,103888,EQ,,,
2009-04-22,4.3,4.5,4.3,4.35,61045,EQ,,,
2009-04-23,4.35,4.35,4.15,4.3,73838,EQ,,,
2009-04-24,4.2,4.35,4.05,4.25,56068,EQ,,,
2009-04-27,4.1,4.35,4.05,4.05,84643,EQ,,,
2009-04-28,4.0,4.05,3.85,3.85,42957,EQ,,,
2009-04-29,3.7,3.85,3.7,3.7,68606,EQ,,,
2009-05-04,3.9,3.9,3.9,3.9,13744,EQ,,,
2009-05-05,4.1,4.1,4.1,4.1,15692,EQ,,,
2009-05-06,4.3,4.3,4.1,4.25,141498,EQ,,,
2009-05-07,4.45,4.45,4.3,4.45,60278,EQ,,,
2009-05-08,4.9,4.9,4.45,4.9,178302,EQ,,,
2009-05-11,5.0,5.15,4.8,5.0,168918,EQ,,,
2009-05-12,4.85,5.0,4.75,4.85,75552,EQ,,,
2009-05-13,5.0,5.1,4.75,4.95,132904,EQ,,,
2009-05-14,4.7,4.95,4.7,4.9,62940,EQ,,,
2009-05-15,4.9,5.1,4.8,4.8,65956,EQ,,,
2009-05-19,5.05,5.05,5.05,5.05,156610,EQ,,,
2009-05-20,5.25,5.3,5.2,5.3,78979,EQ,,,
2009-05-21,5.6,5.6,5.45,5.6,25440,EQ,,,
2009-05-22,5.9,5.9,5.9,5.9,20188,EQ,,,
2009-05-25,6.15,6.15,6.15,6.15,4092,EQ,,,
2009-05-26,6.5,6.5,6.3,6.45,301607,EQ,,,
2009-05-27,6.8,6.8,6.8,6.8,33141,EQ,,,
2009-05-28,7.15,7.15,7.15,7.15,32203,EQ,,,
2009-05-29,7.5,7.5,7.5,7.5,16886,EQ,,,
2009-06-01,7.85,7.85,7.85,7.85,6136,EQ,,,
2009-06-02,8.25,8.25,8.25,8.25,17409,EQ,,,
2009-06-03,8.7,8.7,8.4,8.7,409843,EQ,,,
2009-06-04,9.1,9.1,8.5,9.1,735380,EQ,,,
2009-06-05,9.5,9.55,9.1,9.55,670525,EQ,,,
2009-06-08,9.95,10.0,9.05,9.05,393768,EQ,,,
2009-06-09,8.6,9.2,8.6,9.1,414661,EQ,,,
2009-06-10,9.55,9.55,8.8,9.2,294638,EQ,,,
2009-06-11,8.8,9.15,8.75,8.75,116588,EQ,,,
2009-06-12,8.7,8.75,8.3,8.3,84840,EQ,,,
2009-06-15,7.9,8.35,7.9,7.9,144843,EQ,,,
2009-06-16,7.5,8.3,7.5,8.25,346993,EQ,,,
2009-06-17,7.85,8.25,7.8,7.8,140556,EQ,,,
2009-06-18,7.6,7.6,7.45,7.45,62513,EQ,,,
2009-06-19,7.15,7.35,7.05,7.1,128026,EQ,,,
2009-06-22,7.2,7.45,6.75,6.75,97277,EQ,,,
2009-06-23,6.45,7.1,6.45,6.95,157522,EQ,,,
2009-06-24,7.05,7.3,6.7,7.3,155622,EQ,,,
2009-06-25,7.5,7.5,6.95,7.0,117887,EQ,,,
2009-06-26,7.05,7.2,6.85,7.05,78810,EQ,,,
2009-06-29,7.05,7.05,6.8,6.95,126346,EQ,,,
2009-06-30,6.85,7.1,6.7,6.75,62776,EQ,,,
2009-07-01,6.7,6.85,6.4,6.5,84548,EQ,,,
2009-07-02,6.55,6.6,6.15,6.2,142745,EQ,,,
2009-07-03,6.3,6.3,5.9,5.9,221303,EQ,,,
2009-07-06,5.9,6.2,5.65,6.05,219540,EQ,,,
2009-07-07,6.25,6.35,5.85,6.3,121692,EQ,,,
2009-07-08,6.25,6.25,5.95,5.95,76300,EQ,,,
2009-07-09,6.0,6.0,5.7,5.7,104720,EQ,,,
2009-07-10,5.75,5.9,5.5,5.65,71914,EQ,,,
2009-07-13,5.5,5.65,5.35,5.35,37079,EQ,,,
2009-07-14,5.15,5.65,5.1,5.6,279922,EQ,,,
2009-07-15,5.85,5.9,5.4,5.8,212545,EQ,,,
2009-07-16,6.05,6.1,5.95,6.1,162149,EQ,,,
2009-07-17,6.4,6.4,6.05,6.15,135779,EQ,,,
2009-07-20,6.4,6.4,6.0,6.15,75260,EQ,,,
2009-07-21,6.4,6.4,5.85,5.95,114262,EQ,,,
2009-07-22,6.0,6.2,5.8,5.95,144578,EQ,,,
2009-07-23,5.65,6.25,5.65,6.2,245184,EQ,,,
2009-07-24,6.25,6.5,5.95,6.5,339621,EQ,,,
2009-07-27,6.75,6.85,6.6,6.85,149829,EQ,,,
2009-07-28,7.2,7.2,6.6,6.75,323972,EQ,,,
2009-07-29,6.75,6.9,6.4,6.4,237327,EQ,,,
2009-07-30,6.45,6.45,6.2,6.3,100871,EQ,,,
2009-07-31,6.4,6.6,6.3,6.4,197786,EQ,,,
2009-08-03,6.4,6.65,6.2,6.35,173635,EQ,,,
2009-08-04,6.4,6.5,6.15,6.3,142904,EQ,,,
2009-08-05,6.4,6.4,6.05,6.15,142051,EQ,,,
2009-08-06,6.2,6.4,6.05,6.1,150495,EQ,,,
2009-08-07,6.1,6.1,5.8,5.8,130512,EQ,,,
2009-08-10,5.85,5.9,5.55,5.55,108427,EQ,,,
2009-08-11,5.6,5.6,5.35,5.45,89921,EQ,,,
2009-08-12,5.4,5.75,5.25,5.75,87275,EQ,,,
2009-08-13,6.0,6.05,5.85,6.05,61240,EQ,,,
2009-08-14,6.35,6.35,6.0,6.05,203528,EQ,,,
2009-08-17,5.9,5.95,5.75,5.75,71447,EQ,,,
2009-08-18,5.5,5.85,5.5,5.75,60749,EQ,,,
2009-08-19,5.8,5.85,5.55,5.6,75219,EQ,,,
2009-08-20,5.75,5.8,5.6,5.65,41375,EQ,,,
2009-08-21,5.7,5.9,5.55,5.9,89968,EQ,,,
2009-08-24,6.2,6.2,6.1,6.2,49938,EQ,,,
2009-08-25,6.55,6.55,6.05,6.3,310036,EQ,,,
2009-08-26,6.3,6.5,6.3,6.4,161674,EQ,,,
2009-08-27,6.3,6.7,6.2,6.7,243765,EQ,,,
2009-08-28,6.9,6.95,6.55,6.7,224984,EQ,,,
2009-08-31,6.6,6.7,6.4,6.6,108772,EQ,,,
2009-09-01,6.75,6.9,6.4,6.6,229212,EQ,,,
2009-09-02,6.55,6.6,6.4,6.45,68856,EQ,,,
2009-09-03,6.6,6.6,6.3,6.4,89364,EQ,,,
2009-09-04,6.3,6.5,6.2,6.4,88993,EQ,,,
2009-09-07,6.55,7.05,6.45,7.05,172870,EQ,,,
2009-09-08,7.45,7.65,7.1,7.15,329380,EQ,,,
2009-09-09,7.25,7.5,7.15,7.2,158351,EQ,,,
2009-09-10,7.3,7.35,6.7,6.9,132785,EQ,,,
2009-09-11,7.2,7.2,6.7,6.8,83126,EQ,,,
2009-09-14,6.7,7.3,6.6,7.1,222754,EQ,,,
2009-09-15,7.25,7.4,7.05,7.1,144885,EQ,,,
2009-09-16,7.3,7.35,7.0,7.1,97900,EQ,,,
2009-09-17,7.25,7.25,6.85,6.95,97163,EQ,,,
2009-09-18,6.9,7.0,6.8,6.85,65463,EQ,,,
2009-09-22,6.9,7.55,6.8,7.55,481491,EQ,,,
2009-09-23,7.6,7.8,7.05,7.1,319750,EQ,,,
2009-09-24,7.0,7.2,6.85,7.15,117703,EQ,,,
2009-09-25,7.15,7.35,7.05,7.1,127311,EQ,,,
2009-09-29,7.3,7.4,7.15,7.2,102576,EQ,,,
2009-09-30,7.3,7.3,7.05,7.1,57764,EQ,,,
2009-10-01,7.2,7.55,6.95,7.3,160726,EQ,,,
2009-10-05,6.95,7.55,6.95,7.2,241289,EQ,,,
2009-10-06,7.45,7.45,6.95,7.1,110439,EQ,,,
2009-10-07,7.25,7.3,7.0,7.05,69957,EQ,,,
2009-10-08,7.2,7.3,7.0,7.1,65311,EQ,,,
2009-10-09,7.0,7.7,6.95,7.6,452022,EQ,,,
2009-10-12,7.8,8.3,7.7,7.9,683435,EQ,,,
2009-10-14,8.05,8.4,7.9,8.0,443371,EQ,,,
2009-10-15,8.1,8.4,7.7,8.15,472653,EQ,,,
2009-10-16,8.1,8.3,7.9,8.05,115638,EQ,,,
2009-10-17,8.05,8.2,7.8,7.9,43521,EQ,,,
2009-10-20,8.1,8.1,7.6,7.65,110532,EQ,,,
2009-10-21,7.8,7.8,7.0,7.5,106172,EQ,,,
2009-10-22,7.35,7.5,7.15,7.2,83455,EQ,,,
2009-10-23,7.45,7.6,7.2,7.25,103688,EQ,,,
2009-10-26,7.15,7.4,7.1,7.1,67708,EQ,,,
2009-10-27,7.05,7.25,6.7,6.75,80639,EQ,,,
2009-10-28,6.5,6.75,6.1,6.3,326305,EQ,,,
2009-10-29,6.1,6.1,5.8,6.0,113267,EQ,,,
2009-10-30,6.1,6.4,6.0,6.05,112676,EQ,,,
2009-11-03,6.05,6.15,5.75,5.85,61808,EQ,,,
2009-11-04,5.9,6.35,5.85,6.05,134847,EQ,,,
2009-11-05,6.0,6.25,5.9,6.0,89273,EQ,,,
2009-11-06,6.1,6.2,6.05,6.1,79170,EQ,,,
2009-11-09,6.1,6.2,6.05,6.1,72823,EQ,,,
2009-11-10,6.2,6.2,5.85,5.9,66439,EQ,,,
2009-11-11,6.2,6.2,5.75,5.9,111115,EQ,,,
2009-11-12,5.9,5.95,5.55,5.6,188995,EQ,,,
2009-11-13,5.7,5.9,5.5,5.6,279464,EQ,,,
2009-11-16,5.7,5.7,5.5,5.55,130857,EQ,,,
2009-11-17,5.65,5.65,5.5,5.55,86560,EQ,,,
2009-11-18,5.6,6.7,5.55,6.7,1650001,EQ,,,
2009-11-19,6.7,7.2,6.35,6.4,2060401,EQ,,,
2009-11-20,6.4,7.7,6.4,7.7,3897295,EQ,,,
2009-11-23,7.9,8.65,7.9,8.3,5914366,EQ,,,
2009-11-24,8.3,8.3,7.45,7.45,1196374,EQ,,,
2009-11-25,7.2,7.8,6.8,7.3,2915480,EQ,,,
2009-11-26,7.25,7.45,6.55,6.75,823982,EQ,,,
2009-11-27,6.5,6.55,6.4,6.5,79705,BE,,,
2009-11-30,6.7,6.85,6.4,6.5,118400,BE,,,
2009-12-01,6.55,6.7,6.45,6.55,95229,BE,,,
2009-12-02,6.65,6.75,6.3,6.5,82052,BE,,,
2009-12-03,6.5,6.85,6.35,6.8,143596,BE,,,
2009-12-04,6.8,7.1,6.55,6.6,72656,BE,,,
2009-12-07,6.6,6.6,6.4,6.45,29172,BE,,,
2009-12-08,6.4,6.55,6.3,6.45,36011,BE,,,
2009-12-09,6.45,6.8,6.45,6.8,105247,BE,,,
2009-12-10,6.7,7.0,6.55,6.8,71654,BE,,,
2009-12-11,7.05,7.05,6.45,6.65,62082,BE,,,
2009-12-14,6.7,6.8,6.5,6.55,29024,BE,,,
2009-12-15,6.5,6.6,6.35,6.4,30239,BE,,,
2009-12-16,6.4,6.6,6.3,6.4,36339,BE,,,
2009-12-17,6.5,6.5,6.3,6.4,31397,BE,,,
2009-12-18,6.35,6.5,6.15,6.25,27464,BE,,,
2009-12-21,6.2,6.4,6.1,6.2,26088,BE,,,
2009-12-22,6.2,6.5,6.2,6.45,49690,BE,,,
2009-12-23,6.5,6.6,6.35,6.4,25682,BE,,,
2009-12-24,6.55,6.55,6.3,6.35,19703,BE,,,
2009-12-29,6.3,6.5,6.2,6.35,20990,BE,,,
2009-12-30,6.35,6.45,6.3,6.35,20426,BE,,,
2009-12-31,6.35,6.45,6.25,6.3,54352,BE,,,
2010-01-04,6.4,6.45,6.35,6.4,24817,BE,,,
2010-01-05,6.5,6.5,6.3,6.45,47020,BE,,,
2010-01-06,6.55,6.55,6.35,6.45,18701,BE,,,
2010-01-07,6.4,6.6,6.35,6.55,54466,BE,,,
2010-01-08,6.5,6.6,6.45,6.55,32271,BE,,,
2010-01-11,6.5,6.7,6.45,6.65,45490,BE,,,
2010-01-12,6.75,6.75,6.5,6.55,35179,BE,,,
2010-01-13,6.5,6.7,6.4,6.55,19284,BE,,,
2010-01-14,6.7,6.7,6.5,6.65,41706,BE,,,
2010-01-15,6.75,6.75,6.55,6.6,44740,BE,,,
2010-01-18,6.6,6.7,6.55,6.6,21080,BE,,,
2010-01-19,6.7,6.7,6.4,6.5,31753,BE,,,
2010-01-20,6.5,6.55,6.4,6.4,18246,BE,,,
2010-01-21,6.4,6.5,6.2,6.25,37082,BE,,,
2010-01-22,5.95,6.2,5.95,6.05,35997,BE,,,
2010-01-25,6.0,6.2,5.85,6.1,20443,BE,,,
2010-01-27,6.15,6.25,5.8,5.8,27451,BE,,,
2010-01-28,6.0,6.0,5.7,5.75,30829,BE,,,
2010-01-29,5.6,5.75,5.45,5.65,32308,BE,,,
2010-02-01,5.6,5.9,5.6,5.9,10062,BE,,,
2010-02-02,6.1,6.2,6.1,6.2,44497,BE,,,
2010-02-03,6.5,6.5,6.2,6.5,46863,BE,,,
2010-02-04,6.5,6.85,6.4,6.6,143776,BE,,,
2010-02-05,6.45,6.45,6.25,6.25,30359,BE,,,
2010-02-06,6.55,6.55,6.55,6.55,18256,BE,,,
2010-02-08,6.9,6.9,6.9,6.9,51285,BE,,,
2010-02-09,7.2,7.25,6.9,7.25,143740,BE,,,
2010-02-10,7.55,7.6,6.9,6.9,164908,BE,,,
2010-02-11,6.6,7.25,6.6,7.15,81162,BE,,,
2010-02-15,7.15,7.5,6.9,7.1,128503,BE,,,
2010-02-16,7.0,7.0,6.75,6.8,32357,BE,,,
2010-02-17,6.8,6.95,6.75,6.8,27638,BE,,,
2010-02-18,6.5,6.85,6.5,6.65,21234,BE,,,
2010-02-19,6.5,6.95,6.35,6.45,61037,BE,,,
2010-02-22,6.5,6.75,6.3,6.65,50599,BE,,,
2010-02-23,6.45,6.8,6.45,6.6,41658,BE,,,
2010-02-24,6.6,6.7,6.45,6.6,42105,BE,,,
2010-02-25,6.3,6.6,6.25,6.3,26045,BE,,,
2010-02-26,6.1,6.45,6.1,6.3,27303,BE,,,
2010-03-02,6.6,6.6,6.6,6.6,98837,BE,,,
2010-03-03,6.85,6.9,6.35,6.4,89389,BE,,,
2010-03-04,6.2,6.5,6.2,6.4,39976,BE,,,
2010-03-05,6.35,6.55,6.3,6.35,41799,BE,,,
2010-03-08,6.4,6.4,6.2,6.2,38789,BE,,,
2010-03-09,6.3,6.35,6.1,6.1,46537,BE,,,
2010-03-10,6.25,6.3,5.8,6.25,23752,BE,,,
2010-03-11,6.2,6.2,6.05,6.1,39586,BE,,,
2010-03-12,6.2,6.4,6.2,6.4,130554,BE,,,
2010-03-15,6.4,6.7,6.15,6.4,275789,BE,,,
2010-03-16,6.5,6.5,6.25,6.4,52453,BE,,,
2010-03-17,6.5,6.5,6.2,6.25,32832,BE,,,
2010-03-18,5.95,6.25,5.95,6.15,99370,BE,,,
2010-03-19,6.2,6.4,5.95,6.1,95122,BE,,,
2010-03-22,6.15,6.15,5.8,5.8,80978,BE,,,
2010-03-23,5.6,5.9,5.5,5.75,102763,BE,,,
2010-03-25,5.6,5.9,5.6,5.85,48691,BE,,,
2010-03-26,5.8,5.9,5.65,5.7,48192,BE,,,
2010-03-29,5.8,5.8,5.5,5.55,72600,BE,,,
2010-03-30,5.65,5.7,5.4,5.4,74491,BE,,,
2010-03-31,5.5,5.7,5.2,5.25,65391,BE,,,
2010-04-01,5.2,5.5,5.2,5.5,192289,BE,,,
2010-04-05,5.75,5.75,5.25,5.3,182083,BE,,,
2010-04-06,5.25,5.4,5.15,5.35,101412,BE,,,
2010-04-07,5.4,5.4,5.25,5.35,39944,BE,,,
2010-04-08,5.5,5.5,5.15,5.2,43477,BE,,,
2010-04-09,5.25,5.3,5.2,5.25,24033,BE,,,
2010-04-12,5.35,5.55,5.3,5.55,123248,BE,,,
2010-04-13,5.6,5.65,5.45,5.5,57928,BE,,,
2010-04-15,5.5,5.55,5.4,5.4,69989,BE,,,
2010-04-16,5.35,5.55,5.35,5.45,48983,BE,,,
2010-04-19,5.3,5.45,5.3,5.4,20853,BE,,,
2010-04-20,5.3,5.45,5.3,5.4,18993,BE,,,
2010-04-21,5.5,5.5,5.4,5.45,19387,BE,,,
2010-04-22,5.45,5.65,5.2,5.3,39274,BE,,,
2010-04-23,5.4,5.45,5.2,5.35,26077,BE,,,
2010-04-26,5.3,5.5,5.3,5.45,52481,BE,,,
2010-04-27,5.35,5.55,5.35,5.5,77639,BE,,,
2010-04-28,5.3,5.5,5.2,5.4,25760,BE,,,
2010-04-29,5.3,5.45,5.3,5.35,19645,BE,,,
2010-04-30,5.4,5.55,5.35,5.45,24832,BE,,,
2010-05-03,5.2,5.45,5.2,5.35,10468,BE,,,
2010-05-04,5.4,5.4,5.1,5.2,30144,BE,,,
2010-05-05,5.1,5.2,4.95,5.15,64839,BE,,,
2010-05-06,5.15,5.4,5.1,5.3,66576,BE,,,
2010-05-07,5.1,5.3,5.1,5.2,33189,BE,,,
2010-05-10,5.3,5.5,5.15,5.45,117289,BE,,,
2010-05-11,5.5,5.55,5.4,5.45,55113,BE,,,
2010-05-12,5.3,5.5,5.3,5.5,34112,BE,,,
2010-05-13,5.3,5.55,5.3,5.45,28202,BE,,,
2010-05-14,5.45,5.55,5.25,5.45,29784,BE,,,
2010-05-17,5.15,5.45,5.15,5.3,18982,BE,,,
2010-05-18,5.3,5.55,5.3,5.35,23344,BE,,,
2010-05-19,5.4,5.4,5.1,5.1,39111,BE,,,
2010-05-20,5.0,5.15,4.9,4.95,23911,BE,,,
2010-05-21,4.9,5.0,4.7,4.95,33485,BE,,,
2010-05-24,4.9,5.2,4.85,4.95,19725,BE,,,
2010-05-25,4.95,4.95,4.85,4.9,18148,BE,,,
2010-05-26,4.9,4.95,4.8,4.85,9463,BE,,,
2010-05-27,4.8,4.95,4.75,4.85,15770,BE,,,
2010-05-28,5.0,5.0,4.85,4.85,16503,BE,,,
2010-05-31,4.95,4.95,4.85,4.9,8580,BE,,,
2010-06-01,5.0,5.0,4.85,4.9,8161,BE,,,
2010-06-02,4.95,5.1,4.8,4.9,23546,BE,,,
2010-06-03,4.85,5.1,4.85,4.9,7542,BE,,,
2010-06-04,4.85,4.9,4.8,4.9,6814,BE,,,
2010-06-07,4.8,4.85,4.75,4.8,10466,BE,,,
2010-06-08,4.9,5.05,4.9,5.05,17883,BE,,,
2010-06-09,5.25,5.3,5.05,5.3,13620,BE,,,
2010-06-10,5.55,5.55,5.55,5.55,31091,BE,,,
2010-06-11,5.85,5.85,5.45,5.5,105592,EQ,,,
2010-06-14,5.4,5.6,5.2,5.35,19286,EQ,,,
2010-06-15,5.25,5.6,5.15,5.6,44927,EQ,,,
2010-06-16,5.9,5.9,5.9,5.9,32844,EQ,,,
2010-06-17,6.2,6.2,6.2,6.2,40468,EQ,,,
2010-06-18,6.5,6.5,6.5,6.5,69998,EQ,,,
2010-06-21,6.8,6.8,6.75,6.8,49470,EQ,,,
2010-06-22,7.15,7.15,6.5,6.7,1339210,EQ,,,
2010-06-23,6.6,7.0,6.55,6.7,257933,EQ,,,
2010-06-24,7.05,7.05,6.65,6.8,646822,EQ,,,
2010-06-25,6.8,6.85,6.45,6.5,158434,EQ,,,
2010-06-28,6.5,6.7,6.2,6.25,66002,EQ,,,
2010-06-29,6.2,6.2,6.05,6.1,42616,EQ,,,
2010-06-30,5.95,6.45,5.9,6.3,88271,EQ,,,
2010-07-01,6.4,6.65,6.35,6.55,149011,EQ,,,
2010-07-02,6.5,6.75,6.25,6.3,88071,EQ,,,
2010-07-05,6.3,6.5,6.0,6.0,171043,EQ,,,
2010-07-06,6.1,6.1,5.7,5.7,272258,EQ,,,
2010-07-07,5.8,6.15,5.7,5.9,569883,EQ,,,
2010-07-08,5.95,6.05,5.7,5.85,136958,EQ,,,
2010-07-09,5.95,5.95,5.6,5.7,184874,EQ,,,
2010-07-12,5.7,5.7,5.55,5.65,101691,EQ,,,
2010-07-13,5.75,5.75,5.4,5.45,206245,EQ,,,
2010-07-14,5.5,5.55,5.2,5.25,341795,EQ,,,
2010-07-15,5.25,5.6,5.1,5.4,387038,EQ,,,
2010-07-16,5.4,5.5,5.25,5.3,122925,EQ,,,
2010-07-19,5.15,5.3,5.1,5.15,160741,EQ,,,
2010-07-20,5.5,5.65,5.15,5.2,739037,EQ,,,
2010-07-21,5.4,5.5,5.25,5.25,675439,EQ,,,
2010-07-22,5.3,5.65,5.2,5.25,387312,EQ,,,
2010-07-23,5.4,5.4,5.0,5.0,559666,EQ,,,
2010-07-26,5.1,5.1,4.9,4.9,180788,EQ,,,
2010-07-27,5.1,5.15,4.9,5.05,192033,EQ,,,
2010-07-28,5.1,5.2,4.9,4.95,113624,EQ,,,
2010-07-29,5.0,5.0,4.9,4.9,83923,EQ,,,
2010-07-30,4.9,5.05,4.8,4.9,221397,EQ,,,
2010-08-02,4.9,5.05,4.9,5.0,143922,EQ,,,
2010-08-03,5.05,5.25,4.95,5.05,304023,EQ,,,
2010-08-04,5.05,5.05,4.9,5.0,122687,EQ,,,
2010-08-05,5.05,5.25,4.95,5.1,467303,EQ,,,
2010-08-06,5.2,5.65,5.15,5.65,869356,EQ,,,
2010-08-09,5.9,6.2,5.35,6.2,2358945,EQ,,,
2010-08-10,6.2,6.4,5.85,5.95,1593645,EQ,,,
2010-08-11,5.6,6.05,5.55,5.6,354750,EQ,,,
2010-08-12,5.65,5.65,5.4,5.45,406205,EQ,,,
2010-08-13,5.6,5.7,5.35,5.45,253688,EQ,,,
2010-08-16,5.45,5.6,5.25,5.3,227687,EQ,,,
2010-08-17,5.3,5.55,5.25,5.3,146639,EQ,,,
2010-08-18,5.4,5.8,5.35,5.45,627794,EQ,,,
2010-08-19,5.55,5.6,5.35,5.4,114911,EQ,,,
2010-08-20,5.35,5.45,5.3,5.3,132091,EQ,,,
2010-08-23,5.3,5.6,5.3,5.4,235759,EQ,,,
2010-08-24,5.55,5.95,5.5,5.6,1079351,EQ,,,
2010-08-25,5.65,5.65,5.3,5.4,174766,EQ,,,
2010-08-26,5.4,5.5,5.3,5.3,105976,EQ,,,
2010-08-27,5.3,5.45,5.15,5.2,165567,EQ,,,
2010-08-30,5.4,5.4,5.15,5.15,136290,EQ,,,
2010-08-31,5.15,5.2,5.0,5.1,135943,EQ,,,
2010-09-01,5.2,5.25,5.15,5.2,98093,EQ,,,
2010-09-02,5.25,5.3,5.05,5.1,139294,EQ,,,
2010-09-03,5.1,5.2,5.05,5.1,166472,EQ,,,
2010-09-06,5.2,5.2,5.1,5.15,81043,EQ,,,
2010-09-07,5.2,5.25,5.1,5.15,120799,EQ,,,
2010-09-08,5.15,5.2,5.05,5.15,78725,EQ,,,
2010-09-09,5.15,5.2,5.1,5.1,84314,EQ,,,
2010-09-13,5.1,5.9,5.1,5.4,1316458,EQ,,,
2010-09-14,5.55,5.65,5.25,5.25,586153,EQ,,,
2010-09-15,5.3,5.3,5.1,5.15,243292,EQ,,,
2010-09-16,5.15,5.35,5.1,5.15,249497,EQ,,,
2010-09-17,5.2,5.2,5.1,5.15,158616,EQ,,,
2010-09-20,4.7,5.25,4.7,5.05,1026671,EQ,,,
2010-09-21,5.15,5.15,5.0,5.0,168645,EQ,,,
2010-09-22,5.0,5.05,4.9,4.9,187732,EQ,,,
2010-09-23,4.9,5.0,4.9,4.95,112712,EQ,,,
2010-09-24,4.9,5.0,4.9,4.95,106434,EQ,,,
2010-09-27,5.0,5.0,4.85,4.9,127017,EQ,,,
2010-09-28,4.9,5.0,4.8,4.85,139480,EQ,,,
2010-09-29,4.9,4.9,4.65,4.7,209707,EQ,,,
2010-09-30,4.75,4.75,4.4,4.45,304822,EQ,,,
2010-10-01,4.5,4.5,4.4,4.45,186120,EQ,,,
2010-10-04,4.45,4.8,4.45,4.6,232486,EQ,,,
2010-10-05,4.6,4.6,4.55,4.6,85001,EQ,,,
2010-10-06,4.65,4.85,4.6,4.65,155601,EQ,,,
2010-10-07,4.6,4.75,4.6,4.65,130419,EQ,,,
2010-10-08,4.6,4.7,4.5,4.55,88855,EQ,,,
2010-10-11,4.55,4.65,4.5,4.5,67475,EQ,,,
2010-10-12,4.55,4.55,4.4,4.45,104485,EQ,,,
2010-10-13,4.45,4.55,4.45,4.5,57910,EQ,,,
2010-10-14,4.5,4.5,4.4,4.45,63550,EQ,,,
2010-10-15,4.45,4.5,4.35,4.35,97977,EQ,,,
2010-10-18,4.35,4.4,4.0,4.25,112654,EQ,,,
2010-10-19,4.25,4.35,4.15,4.25,115106,EQ,,,
2010-10-20,4.25,4.65,4.25,4.4,251127,EQ,,,
2010-10-21,4.45,4.45,4.3,4.35,53708,EQ,,,
2010-10-22,4.3,4.45,4.25,4.3,58412,EQ,,,
2010-10-25,4.3,4.45,4.3,4.35,64192,EQ,,,
2010-10-26,4.4,4.4,4.15,4.2,91709,EQ,,,
2010-10-27,4.2,4.3,4.15,4.2,71507,EQ,,,
2010-10-28,4.15,4.25,4.05,4.1,87379,EQ,,,
2010-10-29,4.15,4.2,4.0,4.0,90442,EQ,,,
2010-11-01,4.05,4.1,3.95,4.0,73344,EQ,,,
2010-11-02,4.1,4.1,3.9,3.95,69113,EQ,,,
2010-11-03,4.0,4.5,4.0,4.25,543309,EQ,,,
2010-11-04,4.2,4.3,4.1,4.1,108264,EQ,,,
2010-11-05,4.25,4.3,4.1,4.3,60365,EQ,,,
2010-11-08,4.2,4.4,4.2,4.35,119910,EQ,,,
2010-11-09,4.35,4.4,4.2,4.3,46820,EQ,,,
2010-11-10,4.2,4.4,4.2,4.25,67060,EQ,,,
2010-11-11,4.2,4.35,4.2,4.25,62787,EQ,,,
2010-11-12,4.25,4.55,4.2,4.25,314371,EQ,,,
2010-11-15,4.2,4.3,4.2,4.2,66022,EQ,,,
2010-11-16,4.2,4.2,4.0,4.0,84111,EQ,,,
2010-11-18,4.0,4.1,3.7,3.9,115770,EQ,,,
2010-11-19,3.9,4.2,3.75,3.8,48962,EQ,,,
2010-11-22,3.9,3.95,3.8,3.9,47890,EQ,,,
2010-11-23,3.85,3.85,3.65,3.75,58483,EQ,,,
2010-11-24,3.7,3.9,3.65,3.7,69829,EQ,,,
2010-11-25,3.75,3.85,3.5,3.55,74678,EQ,,,
2010-11-26,3.55,3.55,2.9,3.2,157670,EQ,,,
2010-11-29,3.3,3.3,3.1,3.25,74963,EQ,,,
2010-11-30,3.2,3.3,3.1,3.25,45472,EQ,,,
2010-12-01,3.1,3.55,3.1,3.5,83551,EQ,,,
2010-12-02,3.55,3.65,3.55,3.6,47722,EQ,,,
2010-12-03,3.65,3.65,3.3,3.35,70070,EQ,,,
2010-12-06,3.45,3.55,3.3,3.35,50454,EQ,,,
2010-12-07,3.3,3.4,3.2,3.3,23167,EQ,,,
2010-12-08,3.3,3.35,3.2,3.3,31748,EQ,,,
2010-12-09,3.35,3.4,2.95,3.05,59217,EQ,,,
2010-12-10,3.05,3.2,2.95,3.05,85942,EQ,,,
2010-12-13,3.1,3.2,3.05,3.15,59648,EQ,,,
2010-12-14,3.1,3.7,3.05,3.5,412277,EQ,,,
2010-12-15,3.7,3.8,3.55,3.6,373200,EQ,,,
2010-12-16,3.6,3.65,3.25,3.45,92239,EQ,,,
2010-12-20,3.1,3.5,3.0,3.35,58208,EQ,,,
2010-12-21,3.25,3.35,3.25,3.3,39452,EQ,,,
2010-12-22,3.45,3.45,3.2,3.3,30141,EQ,,,
2010-12-23,3.25,3.35,3.25,3.25,29708,EQ,,,
2010-12-24,3.25,3.3,3.2,3.3,33778,EQ,,,
2010-12-27,3.25,3.5,3.25,3.3,82980,EQ,,,
2010-12-28,3.3,3.35,3.3,3.3,37903,EQ,,,
2010-12-29,3.3,3.35,3.25,3.3,40160,EQ,,,
2010-12-30,3.3,3.4,3.3,3.3,30538,EQ,,,
2010-12-31,3.35,3.4,3.3,3.3,47738,EQ,,,
2011-01-03,3.35,4.0,3.3,3.8,901081,EQ,,,
2011-01-04,3.8,3.8,3.6,3.65,142002,EQ,,,
2011-01-05,3.65,3.65,3.5,3.55,48261,EQ,,,
2011-01-06,3.65,3.65,3.5,3.5,32439,EQ,,,
2011-01-07,3.5,3.55,3.3,3.35,48423,EQ,,,
2011-01-10,3.2,3.4,3.2,3.25,52612,EQ,,,
2011-01-11,3.25,3.35,3.15,3.2,35232,EQ,,,
2011-01-12,3.2,3.3,3.2,3.3,51303,EQ,,,
2011-01-13,3.35,3.35,3.2,3.2,48138,EQ,,,
2011-01-14,3.2,3.25,3.1,3.15,52507,EQ,,,
2011-01-17,3.1,3.2,3.1,3.1,24925,EQ,,,
2011-01-18,3.15,3.15,3.05,3.05,26734,EQ,,,
2011-01-19,3.0,3.25,3.0,3.1,49585,EQ,,,
2011-01-20,3.1,3.1,3.0,3.05,34353,EQ,,,
2011-01-21,3.05,3.2,3.05,3.1,59007,EQ,,,
2011-01-24,3.05,3.15,3.05,3.1,22197,EQ,,,
2011-01-25,3.15,3.15,3.0,3.05,32311,EQ,,,
2011-01-27,3.1,3.1,3.0,3.05,35232,EQ,,,
2011-01-28,3.05,3.05,2.8,2.8,72011,EQ,,,
2011-01-31,2.85,2.9,2.55,2.75,100782,EQ,,,
2011-02-01,2.8,2.8,2.6,2.65,51097,EQ,,,
2011-02-02,2.7,2.8,2.6,2.65,118039,EQ,,,
2011-02-03,2.7,2.7,2.6,2.65,81097,EQ,,,
2011-02-04,2.65,2.75,2.65,2.7,90189,EQ,,,
2011-02-07,2.7,2.8,2.65,2.75,59960,EQ,,,
2011-02-08,2.7,3.0,2.7,2.9,431274,EQ,,,
2011-02-09,2.85,2.85,2.65,2.7,103349,EQ,,,
2011-02-10,2.7,2.7,2.55,2.65,120529,EQ,,,
2011-02-11,2.65,2.65,2.55,2.6,51264,EQ,,,
2011-02-14,2.7,3.05,2.6,3.0,186166,EQ,,,
2011-02-15,3.0,3.05,2.9,2.95,49765,EQ,,,
2011-02-16,2.9,3.1,2.9,3.05,55661,EQ,,,
2011-02-17,3.0,3.15,2.85,3.1,47162,EQ,,,
2011-02-18,3.1,3.1,2.9,3.0,86272,EQ,,,
2011-02-21,3.0,3.05,2.9,2.95,16050,EQ,,,
2011-02-22,2.85,2.95,2.85,2.9,15260,EQ,,,
2011-02-23,2.8,2.95,2.8,2.9,14282,EQ,,,
2011-02-24,3.05,3.05,2.8,2.9,62932,EQ,,,
2011-02-25,2.85,2.9,2.75,2.8,22879,EQ,,,
2011-02-28,3.0,3.15,2.85,2.9,157564,EQ,,,
2011-03-01,2.9,2.95,2.8,2.9,30975,EQ,,,
2011-03-03,2.85,2.9,2.8,2.85,36973,EQ,,,
2011-03-04,2.8,2.9,2.7,2.8,33879,EQ,,,
2011-03-07,2.85,3.1,2.7,2.85,30044,EQ,,,
2011-03-08,2.8,2.95,2.8,2.9,48465,EQ,,,
2011-03-09,2.95,3.0,2.85,3.0,45097,EQ,,,
2011-03-10,3.0,3.2,2.95,3.15,172461,EQ,,,
2011-03-11,3.15,3.25,3.0,3.1,80683,EQ,,,
2011-03-14,3.15,3.75,3.05,3.75,1409694,EQ,,,
2011-03-15,3.65,4.45,3.6,3.85,5624548,EQ,,,
2011-03-16,3.9,4.15,3.65,3.8,1785096,EQ,,,
2011-03-17,3.85,3.85,3.6,3.65,397726,EQ,,,
2011-03-18,3.65,3.7,3.4,3.4,360843,EQ,,,
2011-03-21,3.5,3.5,3.05,3.1,437878,EQ,,,
2011-03-22,3.05,3.1,2.95,2.95,444024,EQ,,,
2011-03-23,2.95,3.05,2.9,2.95,208810,EQ,,,
2011-03-24,2.95,3.05,2.9,3.0,193673,EQ,,,
2011-03-25,3.0,3.05,2.9,2.95,166943,EQ,,,
2011-03-28,2.95,3.0,2.9,2.9,112930,EQ,,,
2011-03-29,2.9,2.95,2.8,2.8,129845,EQ,,,
2011-03-30,3.0,3.0,2.75,2.8,107624,EQ,,,
2011-03-31,2.9,2.95,2.75,2.75,104611,EQ,,,
2011-04-01,2.85,2.85,2.7,2.85,123099,EQ,,,
2011-04-04,2.85,3.1,2.8,3.0,232571,EQ,,,
2011-04-05,3.05,3.05,2.95,3.0,126712,EQ,,,
2011-04-06,3.05,3.05,2.95,3.0,153698,EQ,,,
2011-04-07,3.1,3.6,3.1,3.6,806458,EQ,,,
2011-04-08,3.95,4.1,3.45,3.6,1908941,EQ,,,
2011-04-11,3.55,3.6,3.3,3.35,364034,EQ,,,
2011-04-13,3.35,3.35,3.2,3.3,220294,EQ,,,
2011-04-15,3.35,3.35,3.0,3.2,115471,EQ,,,
2011-04-18,3.2,3.75,3.15,3.3,814076,EQ,,,
2011-04-19,3.2,3.4,3.2,3.25,229480,EQ,,,
2011-04-20,3.3,3.5,3.25,3.3,317605,EQ,,,
2011-04-21,3.3,3.35,3.2,3.25,170581,EQ,,,
2011-04-25,3.2,3.3,3.15,3.15,116071,EQ,,,
2011-04-26,3.15,3.45,3.1,3.25,259016,EQ,,,
2011-04-27,3.45,3.5,3.15,3.15,119060,EQ,,,
2011-04-28,3.25,3.3,3.1,3.1,203759,EQ,,,
2011-04-29,3.15,3.5,3.1,3.3,1100163,EQ,,,
2011-05-02,3.35,3.4,3.2,3.2,155416,EQ,,,
2011-05-03,3.15,3.2,3.05,3.1,155730,EQ,,,
2011-05-04,3.15,3.15,3.0,3.05,138374,EQ,,,
2011-05-05,3.15,3.2,3.0,3.0,147688,EQ,,,
2011-05-06,3.0,3.1,2.55,3.0,119937,EQ,,,
2011-05-09,3.1,3.1,2.95,2.95,71237,EQ,,,
2011-05-10,3.0,3.0,2.85,2.95,88237,EQ,,,
2011-05-11,2.95,3.0,2.9,2.95,82362,EQ,,,
2011-05-12,2.9,2.95,2.9,2.9,58172,EQ,,,
2011-05-13,2.95,3.15,2.9,3.0,171473,EQ,,,
2011-05-16,2.95,3.45,2.95,3.25,1070184,EQ,,,
2011-05-17,3.2,3.4,3.15,3.25,402776,EQ,,,
2011-05-18,3.3,3.3,3.1,3.2,175404,EQ,,,
2011-05-19,3.3,3.4,3.15,3.25,410284,EQ,,,
2011-05-20,3.3,3.3,3.1,3.15,113669,EQ,,,
2011-05-23,3.15,3.15,3.0,3.0,60280,EQ,,,
2011-05-24,3.0,3.05,3.0,3.0,65748,EQ,,,
2011-05-25,2.9,3.05,2.9,2.95,82426,EQ,,,
2011-05-26,2.9,2.95,2.9,2.9,58331,EQ,,,
2011-05-27,2.9,3.15,2.9,3.1,252973,EQ,,,
2011-05-30,3.15,3.2,3.1,3.1,70389,EQ,,,
2011-05-31,3.15,3.2,3.1,3.15,56566,EQ,,,
2011-06-01,3.15,3.3,3.1,3.25,214097,EQ,,,
2011-06-02,3.25,3.35,3.15,3.3,218041,EQ,,,
2011-06-03,3.35,3.4,3.3,3.35,182108,EQ,,,
2011-06-06,3.35,3.45,3.2,3.3,49254,EQ,,,
2011-06-07,3.4,3.4,3.3,3.3,38659,EQ,,,
2011-06-08,3.3,3.35,3.2,3.2,40796,EQ,,,
2011-06-09,3.25,3.5,3.25,3.35,434165,EQ,,,
2011-06-10,3.4,3.4,3.3,3.35,141135,EQ,,,
2011-06-13,3.35,3.4,3.3,3.4,84003,EQ,,,
2011-06-14,3.35,3.45,3.35,3.4,120394,EQ,,,
2011-06-15,3.4,3.5,3.3,3.35,175232,EQ,,,
2011-06-16,3.25,3.4,3.25,3.3,64863,EQ,,,
2011-06-17,3.4,3.4,3.25,3.3,67056,EQ,,,
2011-06-20,3.3,3.3,3.05,3.2,96635,EQ,,,
2011-06-21,3.2,3.3,3.1,3.15,74212,EQ,,,
2011-06-22,3.4,3.4,3.05,3.05,29837,EQ,,,
2011-06-23,3.05,3.1,3.0,3.0,28568,EQ,,,
2011-06-24,3.1,3.15,3.05,3.1,42660,EQ,,,
2011-06-27,3.1,3.15,3.1,3.1,43968,EQ,,,
2011-06-28,3.0,3.2,3.0,3.2,71525,EQ,,,
2011-06-29,3.15,3.3,3.1,3.25,151845,EQ,,,
2011-06-30,3.4,3.5,3.3,3.35,390309,EQ,,,
2011-07-01,3.4,3.45,3.3,3.3,196337,EQ,,,
2011-07-04,3.3,3.4,3.3,3.4,70825,EQ,,,
2011-07-05,3.4,3.4,3.3,3.35,29816,EQ,,,
2011-07-06,3.35,3.45,3.3,3.4,65884,EQ,,,
2011-07-07,3.4,3.5,3.4,3.4,74182,EQ,,,
2011-07-08,3.45,3.5,3.35,3.5,107343,EQ,,,
2011-07-11,3.5,3.65,3.4,3.4,311496,EQ,,,
2011-07-12,3.35,3.4,3.25,3.3,51080,EQ,,,
2011-07-13,3.35,3.4,3.3,3.3,22652,EQ,,,
2011-07-14,3.4,3.4,3.3,3.3,21152,EQ,,,
2011-07-15,3.35,3.4,3.2,3.25,58163,EQ,,,
2011-07-18,3.25,3.3,3.25,3.3,31540,EQ,,,
2011-07-19,3.3,3.4,3.25,3.35,49963,EQ,,,
2011-07-20,3.35,3.4,3.3,3.3,28953,EQ,,,
2011-07-21,3.3,3.4,3.2,3.25,57268,EQ,,,
2011-07-22,3.25,3.35,3.2,3.2,144306,EQ,,,
2011-07-25,3.55,3.65,3.35,3.35,394478,EQ,,,
2011-07-26,3.35,3.35,3.2,3.2,107306,EQ,,,
2011-07-27,3.25,3.25,3.1,3.15,135763,EQ,,,
2011-07-28,3.1,3.15,3.0,3.1,50986,EQ,,,
2011-07-29,3.05,3.15,3.05,3.05,47845,EQ,,,
2011-08-01,3.15,3.15,3.0,3.0,56541,EQ,,,
2011-08-02,3.0,3.0,2.95,2.95,29847,EQ,,,
2011-08-03,2.9,3.0,2.85,2.9,50966,EQ,,,
2011-08-04,2.9,3.05,2.9,2.95,252109,EQ,,,
2011-08-05,2.85,2.9,2.7,2.8,92413,EQ,,,
2011-08-08,2.7,2.8,2.6,2.75,55641,EQ,,,
2011-08-09,2.6,2.7,2.6,2.65,68702,EQ,,,
2011-08-10,2.65,2.8,2.65,2.75,109134,EQ,,,
2011-08-11,2.75,2.8,2.75,2.75,16331,EQ,,,
2011-08-12,2.8,2.85,2.75,2.8,45053,EQ,,,
2011-08-16,2.8,2.85,2.65,2.7,52664,EQ,,,
2011-08-17,2.8,2.85,2.65,2.7,163694,EQ,,,
2011-08-18,2.7,2.7,2.6,2.6,35297,EQ,,,
2011-08-19,2.7,2.7,2.25,2.4,74103,EQ,,,
2011-08-22,2.25,2.6,2.25,2.55,103844,EQ,,,
2011-08-23,2.5,2.6,2.5,2.5,24018,EQ,,,
2011-08-24,2.5,2.55,2.45,2.5,19077,EQ,,,
2011-08-25,2.55,2.55,2.4,2.45,8374,EQ,,,
2011-08-26,2.4,2.45,2.3,2.3,26321,EQ,,,
2011-08-29,2.3,2.5,2.3,2.4,28488,EQ,,,
2011-08-30,2.5,2.5,2.4,2.4,22021,EQ,,,
2011-09-02,2.5,2.55,2.4,2.5,38959,EQ,,,
2011-09-05,2.4,2.5,2.4,2.5,17989,EQ,,,
2011-09-06,2.4,2.5,2.4,2.5,34421,EQ,,,
2011-09-07,2.5,2.5,2.5,2.5,51525,EQ,,,
2011-09-08,2.5,2.55,2.5,2.55,27697,EQ,,,
2011-09-09,2.55,2.6,2.45,2.5,24140,EQ,,,
2011-09-12,2.4,2.5,2.4,2.45,19920,EQ,,,
2011-09-13,2.5,2.5,2.4,2.45,24863,EQ,,,
2011-09-14,2.25,2.45,2.05,2.4,23630,EQ,,,
2011-09-15,2.4,2.45,2.4,2.4,40155,EQ,,,
2011-09-16,2.4,2.45,2.4,2.4,12681,EQ,,,
2011-09-19,2.4,2.55,2.3,2.4,10599,EQ,,,
2011-09-20,2.4,2.45,2.35,2.4,15378,EQ,,,
2011-09-21,2.5,2.75,2.45,2.55,240338,EQ,,,
2011-09-22,2.5,2.7,2.45,2.5,72397,EQ,,,
2011-09-23,2.5,2.55,2.3,2.4,49811,EQ,,,
2011-09-26,2.3,2.5,2.3,2.3,28873,EQ,,,
2011-09-27,2.4,2.4,2.3,2.35,54980,EQ,,,
2011-09-28,2.35,2.4,2.3,2.35,19823,EQ,,,
2011-09-29,2.3,2.35,2.25,2.3,24965,EQ,,,
2011-09-30,2.3,2.35,2.25,2.3,29945,EQ,,,
2011-10-03,2.2,2.6,2.2,2.4,41117,EQ,,,
2011-10-04,2.4,2.45,2.3,2.3,46926,EQ,,,
2011-10-05,2.3,2.55,2.3,2.3,28834,EQ,,,
2011-10-07,2.45,2.45,2.3,2.3,18532,EQ,,,
2011-10-10,2.25,2.35,2.25,2.3,9904,EQ,,,
2011-10-11,2.35,2.35,2.35,2.35,11067,EQ,,,
2011-10-12,2.4,2.4,2.25,2.35,15145,EQ,,,
2011-10-13,2.4,2.4,2.3,2.35,16451,EQ,,,
2011-10-14,2.3,2.35,2.3,2.3,22584,EQ,,,
2011-10-17,2.25,2.3,2.25,2.25,19146,EQ,,,
2011-10-18,2.25,2.25,2.2,2.25,14180,EQ,,,
2011-10-19,2.25,2.25,2.15,2.2,51149,EQ,,,
2011-10-20,2.2,2.2,2.15,2.15,15341,EQ,,,
2011-10-21,2.15,2.15,2.1,2.15,13576,EQ,,,
2011-10-24,2.1,2.2,2.05,2.1,20164,EQ,,,
2011-10-25,2.1,2.1,2.0,2.05,21241,EQ,,,
2011-10-26,2.1,2.15,2.05,2.1,4738,EQ,,,
2011-10-28,2.1,2.25,2.1,2.15,18192,EQ,,,
2011-10-31,2.1,2.25,2.1,2.2,52461,EQ,,,
2011-11-01,2.2,2.25,2.15,2.15,14474,EQ,,,
2011-11-02,2.1,2.2,2.1,2.15,5274,EQ,,,
2011-11-03,2.1,2.15,2.1,2.15,4389,EQ,,,
2011-11-04,2.15,2.2,2.1,2.1,13343,EQ,,,
2011-11-08,2.1,2.15,2.1,2.15,8582,EQ,,,
2011-11-09,2.1,2.15,2.05,2.05,27650,EQ,,,
2011-11-11,2.0,2.0,1.95,1.95,19966,EQ,,,
2011-11-14,2.0,2.05,1.9,1.95,13052,EQ,,,
2011-11-15,1.9,1.95,1.7,1.7,59302,EQ,,,
2011-11-16,1.7,1.85,1.55,1.6,64427,EQ,,,
2011-11-17,1.6,1.75,1.6,1.65,87653,EQ,,,
2011-11-18,1.65,1.8,1.55,1.6,222789,EQ,,,
2011-11-21,1.6,1.7,1.6,1.6,41411,EQ,,,
2011-11-22,1.7,1.9,1.4,1.8,126470,EQ,,,
2011-11-23,1.85,2.05,1.7,1.75,533622,EQ,,,
2011-11-24,1.8,1.9,1.75,1.9,395321,EQ,,,
2011-11-25,2.05,2.25,1.95,2.25,1213825,EQ,,,
2011-11-28,2.35,2.45,2.05,2.05,614969,EQ,,,
2011-11-29,1.85,2.05,1.85,2.0,773868,EQ,,,
2011-11-30,2.0,2.1,2.0,2.0,347308,EQ,,,
2011-12-01,2.0,2.1,1.95,2.0,301009,EQ,,,
2011-12-02,2.05,2.1,1.95,2.0,137343,EQ,,,
2011-12-05,1.95,1.95,1.8,1.9,181982,EQ,,,
2011-12-07,1.85,2.0,1.85,1.95,283549,EQ,,,
2011-12-08,1.9,1.95,1.8,1.8,84473,EQ,,,
2011-12-09,1.75,1.8,1.7,1.7,117787,EQ,,,
2011-12-12,1.7,1.7,1.65,1.65,29955,BE,,,
2011-12-13,1.6,1.6,1.55,1.55,11045,BE,,,
2011-12-14,1.6,1.6,1.5,1.5,16884,BE,,,
2011-12-15,1.45,1.5,1.45,1.45,16116,BE,,,
2011-12-16,1.4,1.5,1.4,1.4,17586,BE,,,
2011-12-19,1.4,1.4,1.35,1.35,4480,BE,,,
2011-12-20,1.3,1.35,1.3,1.3,12249,BE,,,
2011-12-21,1.3,1.3,1.25,1.25,22573,BE,,,
2011-12-22,1.25,1.3,1.25,1.3,17763,BE,,,
2011-12-23,1.3,1.35,1.25,1.35,15843,BE,,,
2011-12-26,1.35,1.4,1.3,1.4,6063,BE,,,
2011-12-27,1.35,1.45,1.35,1.45,19588,BE,,,
2011-12-28,1.35,1.4,1.35,1.4,9260,BE,,,
2011-12-29,1.35,1.45,1.35,1.35,6108,BE,,,
2011-12-30,1.3,1.4,1.3,1.35,14306,BE,,,
2012-01-02,1.4,1.4,1.35,1.4,13852,BE,,,
2012-01-03,1.4,1.4,1.35,1.4,5491,BE,,,
2012-01-04,1.35,1.45,1.35,1.4,10050,BE,,,
2012-01-05,1.4,1.4,1.35,1.4,6792,BE,,,
2012-01-06,1.35,1.45,1.35,1.45,21949,BE,,,
2012-01-07,1.5,1.5,1.5,1.5,8275,BE,,,
2012-01-09,1.55,1.6,1.55,1.6,17408,BE,,,
2012-01-10,1.5,1.65,1.5,1.65,14816,BE,,,
2012-01-11,1.75,1.75,1.75,1.75,14975,BE,,,
2012-01-12,1.8,1.85,1.65,1.7,39645,BE,,,
2012-01-13,1.65,1.75,1.65,1.65,17969,BE,,,
2012-01-16,1.6,1.7,1.6,1.65,9698,BE,,,
2012-01-17,1.65,1.7,1.55,1.7,15420,BE,,,
2012-01-18,1.65,1.75,1.6,1.7,12618,BE,,,
2012-01-19,1.7,1.75,1.6,1.65,18335,BE,,,
2012-01-20,1.65,1.75,1.65,1.7,7379,BE,,,
2012-01-23,1.65,1.65,1.6,1.6,14101,BE,,,
2012-01-24,1.6,1.7,1.6,1.65,9940,BE,,,
2012-01-25,1.65,1.7,1.6,1.65,15459,BE,,,
2012-01-27,1.6,1.7,1.6,1.65,11845,BE,,,
2012-01-30,1.6,1.65,1.6,1.65,7601,BE,,,
2012-01-31,1.6,1.7,1.6,1.7,10981,BE,,,
2012-02-01,1.65,1.7,1.6,1.7,13275,BE,,,
2012-02-02,1.65,1.7,1.65,1.7,8491,BE,,,
2012-02-03,1.65,1.75,1.65,1.65,11386,BE,,,
2012-02-06,1.7,1.75,1.6,1.7,17387,BE,,,
2012-02-07,1.7,1.8,1.65,1.8,27906,BE,,,
2012-02-08,1.8,1.8,1.75,1.75,16654,BE,,,
2012-02-09,1.7,1.75,1.7,1.75,6069,BE,,,
2012-02-10,1.7,1.8,1.7,1.75,11760,BE,,,
2012-02-13,1.75,1.75,1.7,1.7,9899,BE,,,
2012-02-14,1.75,1.75,1.7,1.7,6809,BE,,,
2012-02-15,1.75,1.75,1.65,1.75,8775,BE,,,
2012-02-16,1.75,1.85,1.7,1.85,31639,BE,,,
2012-02-17,1.9,1.9,1.85,1.85,37516,BE,,,
2012-02-21,1.85,1.85,1.8,1.8,22617,BE,,,
2012-02-22,1.8,1.9,1.75,1.75,21117,BE,,,
2012-02-23,1.75,1.8,1.7,1.75,9582,BE,,,
2012-02-24,1.7,1.75,1.7,1.7,3416,BE,,,
2012-02-27,1.75,1.75,1.6,1.6,6709,BE,,,
2012-02-28,1.6,1.7,1.6,1.65,12181,BE,,,
2012-02-29,1.6,1.7,1.6,1.65,10114,BE,,,
2012-03-01,1.65,1.7,1.6,1.6,5125,BE,,,
2012-03-02,1.65,1.7,1.65,1.65,5170,EQ,,,
2012-03-03,1.6,1.7,1.6,1.65,10290,EQ,,,
2012-03-05,1.75,1.75,1.6,1.6,14236,EQ,,,
2012-03-06,1.65,1.65,1.55,1.6,11215,EQ,,,
2012-03-07,1.55,1.6,1.55,1.55,8773,EQ,,,
2012-03-09,1.55,1.65,1.55,1.6,7223,EQ,,,
2012-03-12,1.55,1.65,1.55,1.6,6038,EQ,,,
2012-03-13,1.55,1.65,1.45,1.55,13176,EQ,,,
2012-03-14,1.4,1.6,1.4,1.55,11121,EQ,,,
2012-03-15,1.5,1.55,1.45,1.5,7497,EQ,,,
2012-03-16,1.35,1.65,1.35,1.45,26455,EQ,,,
2012-03-19,1.4,1.55,1.4,1.4,9459,EQ,,,
2012-03-20,1.55,1.55,1.4,1.45,10136,EQ,,,
2012-03-21,1.3,1.55,1.3,1.45,15902,EQ,,,
2012-03-22,1.4,1.5,1.3,1.3,16564,EQ,,,
2012-03-23,1.4,1.4,1.3,1.3,19566,EQ,,,
2012-03-26,1.35,1.4,1.25,1.3,12247,EQ,,,
2012-03-27,1.3,1.35,1.2,1.25,21768,EQ,,,
2012-03-28,1.25,1.25,1.1,1.15,22679,EQ,,,
2012-03-29,1.2,1.2,1.15,1.2,15294,EQ,,,
2012-03-30,1.25,1.25,1.15,1.2,23001,EQ,,,
2012-04-02,1.25,1.25,1.2,1.2,34681,EQ,,,
2012-04-03,1.25,1.25,1.2,1.25,8457,EQ,,,
2012-04-04,1.3,1.3,1.25,1.3,8390,EQ,,,
2012-04-09,1.35,1.35,1.3,1.3,8123,EQ,,,
2012-04-10,1.3,1.35,1.25,1.3,5607,EQ,,,
2012-04-11,1.3,1.3,1.25,1.3,3750,EQ,,,
2012-04-12,1.25,1.3,1.25,1.3,2956,EQ,,,
2012-04-13,1.3,1.3,1.25,1.25,2162,EQ,,,
2012-04-16,1.25,1.3,1.25,1.3,5275,EQ,,,
2012-04-17,1.25,1.3,1.25,1.3,6131,EQ,,,
2012-04-18,1.3,1.3,1.25,1.25,4207,EQ,,,
2012-04-19,1.3,1.3,1.25,1.25,2059,EQ,,,
2012-04-20,1.25,1.25,1.25,1.25,5195,EQ,,,
2012-04-23,1.2,1.3,1.2,1.25,8551,EQ,,,
2012-04-24,1.25,1.25,1.2,1.25,7602,EQ,,,
2012-04-25,1.2,1.3,1.2,1.25,10016,EQ,,,
2012-04-26,1.25,1.25,1.2,1.25,3972,EQ,,,
2012-04-27,1.25,1.25,1.2,1.2,1992,EQ,,,
2012-04-28,1.15,1.25,1.15,1.2,849,EQ,,,
2012-04-30,1.2,1.25,1.2,1.2,3117,EQ,,,
2012-05-02,1.2,1.25,1.2,1.2,5780,EQ,,,
2012-05-03,1.2,1.3,1.2,1.25,17809,EQ,,,
2012-05-04,1.25,1.25,1.2,1.2,12486,EQ,,,
2012-05-07,1.25,1.25,1.2,1.2,7914,EQ,,,
2012-05-08,1.35,1.35,1.15,1.2,12011,EQ,,,
2012-05-09,1.15,1.2,1.1,1.15,7902,EQ,,,
2012-05-10,1.1,1.2,1.1,1.15,6409,EQ,,,
2012-05-11,1.1,1.15,1.05,1.1,8233,EQ,,,
2012-05-14,1.1,1.1,1.1,1.1,5002,EQ,,,
2012-05-15,1.1,1.2,1.1,1.1,2548,EQ,,,
2012-05-16,1.05,1.15,1.05,1.1,5389,EQ,,,
2012-05-17,1.1,1.1,1.05,1.1,7823,EQ,,,
2012-05-18,1.1,1.1,1.05,1.1,6521,EQ,,,
2012-05-21,1.1,1.1,1.05,1.1,4138,EQ,,,
2012-05-22,1.1,1.1,1.0,1.0,63247,EQ,,,
2012-05-23,1.0,1.0,0.9,0.9,28129,EQ,,,
2012-05-24,0.95,1.0,0.9,1.0,7453,EQ,,,
2012-05-25,1.0,1.05,1.0,1.0,5769,EQ,,,
2012-05-28,1.0,1.05,0.95,1.0,7658,EQ,,,
2012-05-29,1.0,1.05,0.95,1.0,6257,EQ,,,
2012-05-30,1.0,1.05,1.0,1.0,6993,EQ,,,
2012-05-31,1.0,1.05,0.95,1.0,7741,EQ,,,
2012-06-01,1.0,1.0,0.95,0.95,5503,EQ,,,
2012-06-04,0.95,1.0,0.9,0.95,4847,EQ,,,
2012-06-05,0.9,1.0,0.9,0.95,5918,EQ,,,
2012-06-06,0.9,0.95,0.9,0.95,6640,EQ,,,
2012-06-07,0.95,1.0,0.95,0.95,3331,EQ,,,
2012-06-08,0.95,0.95,0.9,0.95,2385,EQ,,,
2012-06-11,0.95,1.0,0.9,1.0,6855,EQ,,,
2012-06-12,0.9,1.0,0.9,0.95,5701,EQ,,,
2012-06-13,1.0,1.0,0.95,1.0,2008,EQ,,,
2012-06-14,0.95,1.05,0.95,0.95,10695,EQ,,,
2012-06-15,1.0,1.0,0.95,1.0,9248,EQ,,,
2012-06-18,1.0,1.05,0.95,1.05,28524,EQ,,,
2012-06-19,1.0,1.1,1.0,1.0,6466,EQ,,,
2012-06-20,1.0,1.05,1.0,1.05,9609,EQ,,,
2012-06-21,1.0,1.05,1.0,1.05,5710,EQ,,,
2012-06-22,1.1,1.15,1.05,1.05,12269,EQ,,,
2012-06-25,1.1,1.1,1.05,1.1,8397,EQ,,,
2012-06-26,1.05,1.1,1.05,1.1,5545,EQ,,,
2012-06-27,1.15,1.15,1.05,1.1,4167,EQ,,,
2012-06-28,1.15,1.15,1.1,1.1,15138,EQ,,,
2012-06-29,1.1,1.2,1.1,1.15,29178,EQ,,,
2012-07-02,1.1,1.2,1.1,1.15,25520,EQ,,,
2012-07-03,1.15,1.15,1.1,1.1,24998,EQ,,,
2012-07-04,1.1,1.2,1.1,1.15,23111,EQ,,,
2012-07-05,1.25,1.25,1.2,1.25,56129,EQ,,,
2012-07-06,1.45,1.5,1.25,1.5,201109,EQ,,,
2012-07-09,1.5,1.75,1.45,1.55,174146,EQ,,,
2012-07-10,1.6,1.65,1.5,1.5,55942,EQ,,,
2012-07-11,1.55,1.6,1.4,1.4,48775,EQ,,,
2012-07-12,1.45,1.5,1.4,1.5,32341,EQ,,,
2012-07-13,1.5,1.5,1.4,1.4,21487,EQ,,,
2012-07-16,1.4,1.6,1.4,1.5,54960,EQ,,,
2012-07-17,1.5,1.5,1.45,1.5,21063,EQ,,,
2012-07-18,1.45,1.5,1.35,1.45,28591,EQ,,,
2012-07-19,1.55,1.55,1.45,1.45,24708,EQ,,,
2012-07-20,1.5,1.5,1.4,1.45,23323,BE,,,
2012-07-23,1.4,1.4,1.4,1.4,7583,BE,,,
2012-07-24,1.35,1.4,1.35,1.35,14125,BE,,,
2012-07-25,1.4,1.4,1.25,1.25,12197,BE,,,
2012-07-26,1.25,1.25,1.2,1.2,4950,BE,,,
2012-07-27,1.2,1.2,1.15,1.15,2714,BE,,,
2012-07-30,1.1,1.2,1.1,1.15,13637,BE,,,
2012-07-31,1.2,1.2,1.1,1.15,5780,BE,,,
2012-08-01,1.1,1.2,1.1,1.2,14467,BE,,,
2012-08-02,1.15,1.2,1.15,1.15,6166,BE,,,
2012-08-03,1.2,1.2,1.15,1.2,6823,BE,,,
2012-08-06,1.2,1.2,1.15,1.2,16112,BE,,,
2012-08-07,1.2,1.2,1.15,1.15,6335,BE,,,
2012-08-08,1.15,1.2,1.15,1.2,7593,BE,,,
2012-08-09,1.15,1.2,1.15,1.2,6515,BE,,,
2012-08-10,1.2,1.2,1.15,1.15,11472,BE,,,
2012-08-13,1.15,1.2,1.1,1.1,4009,BE,,,
2012-08-14,1.15,1.15,1.1,1.15,16842,BE,,,
2012-08-16,1.15,1.2,1.1,1.15,10833,BE,,,
2012-08-17,1.1,1.2,1.1,1.1,9126,BE,,,
2012-08-21,1.15,1.15,1.1,1.15,8250,BE,,,
2012-08-22,1.2,1.2,1.15,1.2,13620,BE,,,
2012-08-23,1.15,1.15,1.15,1.15,28225,BE,,,
2012-08-24,1.1,1.1,1.1,1.1,3785,BE,,,
2012-08-27,1.1,1.15,1.05,1.05,12793,BE,,,
2012-08-28,1.0,1.1,1.0,1.05,8543,BE,,,
2012-08-29,1.0,1.05,1.0,1.05,3807,BE,,,
2012-08-30,1.0,1.05,1.0,1.0,2555,BE,,,
2012-08-31,1.0,1.05,1.0,1.0,5396,EQ,,,
2012-09-03,1.0,1.05,1.0,1.0,9353,EQ,,,
2012-09-04,1.0,1.05,1.0,1.0,8251,EQ,,,
2012-09-05,1.0,1.05,1.0,1.0,2143,EQ,,,
2012-09-06,0.95,1.05,0.95,1.05,17558,EQ,,,
2012-09-07,1.05,1.05,1.0,1.05,11979,EQ,,,
2012-09-08,1.0,1.1,1.0,1.1,2440,EQ,,,
2012-09-10,1.1,1.1,1.0,1.0,58346,EQ,,,
2012-09-11,0.95,1.1,0.95,1.05,40603,EQ,,,
2012-09-12,1.1,1.15,1.05,1.1,20373,EQ,,,
2012-09-13,1.15,1.15,1.1,1.1,12334,EQ,,,
2012-09-14,1.15,1.2,1.1,1.2,78435,EQ,,,
2012-09-17,1.3,1.3,1.3,1.3,84209,EQ,,,
2012-09-18,1.4,1.4,1.25,1.3,103639,EQ,,,
2012-09-20,1.3,1.3,1.25,1.25,31145,EQ,,,
2012-09-21,1.3,1.3,1.25,1.3,47775,EQ,,,
2012-09-24,1.35,1.35,1.25,1.3,68759,EQ,,,
2012-09-25,1.25,1.3,1.25,1.3,26585,EQ,,,
2012-09-26,1.3,1.35,1.25,1.3,49488,EQ,,,
2012-09-27,1.2,1.35,1.2,1.3,42388,EQ,,,
2012-09-28,1.35,1.35,1.25,1.3,34106,EQ,,,
2012-10-01,1.3,1.3,1.25,1.25,21294,EQ,,,
2012-10-03,1.3,1.3,1.25,1.25,13620,EQ,,,
2012-10-04,1.3,1.3,1.2,1.2,17260,EQ,,,
2012-10-05,1.25,1.25,1.2,1.2,17255,EQ,,,
2012-10-08,1.2,1.25,1.15,1.2,27759,EQ,,,
2012-10-09,1.15,1.2,1.15,1.15,16756,EQ,,,
2012-10-10,1.1,1.2,1.1,1.15,8740,EQ,,,
2012-10-11,1.1,1.2,1.1,1.2,14518,EQ,,,
2012-10-12,1.2,1.2,1.15,1.2,14049,EQ,,,
2012-10-15,1.2,1.2,1.15,1.2,10163,EQ,,,
2012-10-16,1.2,1.25,1.2,1.25,16980,EQ,,,
2012-10-17,1.2,1.25,1.2,1.2,35868,EQ,,,
2012-10-18,1.25,1.25,1.15,1.2,11342,EQ,,,
2012-10-19,1.2,1.2,1.15,1.2,11570,EQ,,,
2012-10-22,1.15,1.15,1.15,1.15,7274,EQ,,,
2012-10-23,1.1,1.2,1.1,1.15,2984,EQ,,,
2012-10-25,1.2,1.2,1.15,1.2,4362,EQ,,,
2012-10-26,1.2,1.2,1.1,1.1,5214,EQ,,,
2012-10-29,1.15,1.15,1.1,1.15,7425,EQ,,,
2012-10-30,1.1,1.2,1.1,1.1,28308,EQ,,,
2012-10-31,1.1,1.1,1.05,1.05,10894,EQ,,,
2012-11-01,1.1,1.1,1.0,1.05,10226,EQ,,,
2012-11-02,1.1,1.1,1.05,1.1,6132,EQ,,,
2012-11-05,1.15,1.15,1.1,1.1,6738,EQ,,,
2012-11-06,1.1,1.15,1.1,1.1,12043,EQ,,,
2012-11-07,1.1,1.15,1.1,1.1,11530,EQ,,,
2012-11-08,1.15,1.15,1.1,1.1,9944,EQ,,,
2012-11-09,1.0,1.2,1.0,1.1,5927,EQ,,,
2012-11-12,1.1,1.15,1.1,1.1,3928,EQ,,,
2012-11-13,1.2,1.2,1.05,1.1,2756,EQ,,,
2012-11-15,1.15,1.15,1.05,1.1,7669,EQ,,,
2012-11-16,1.05,1.15,1.05,1.1,6860,EQ,,,
2012-11-19,1.1,1.1,1.05,1.05,4311,EQ,,,
2012-11-20,1.05,1.1,1.05,1.1,6135,EQ,,,
2012-11-21,1.05,1.2,1.05,1.2,42947,EQ,,,
2012-11-22,1.1,1.25,1.1,1.15,9171,EQ,,,
2012-11-23,1.1,1.15,1.1,1.15,26760,EQ,,,
2012-11-26,1.2,1.2,1.15,1.2,19625,EQ,,,
2012-11-27,1.2,1.3,1.1,1.3,66367,EQ,,,
2012-11-29,1.45,1.45,1.2,1.4,196983,EQ,,,
2012-11-30,1.4,1.45,1.3,1.4,49268,EQ,,,
2012-12-03,1.4,1.45,1.3,1.4,100415,EQ,,,
2012-12-04,1.4,1.55,1.4,1.55,123184,EQ,,,
2012-12-05,1.55,1.6,1.5,1.6,146910,EQ,,,
2012-12-06,1.65,1.7,1.55,1.7,331445,EQ,,,
2012-12-07,1.7,1.75,1.6,1.7,93907,BE,,,
2012-12-10,1.8,1.8,1.6,1.6,20871,BE,,,
2012-12-11,1.55,1.55,1.55,1.55,4286,BE,,,
2012-12-12,1.5,1.5,1.45,1.45,42787,BE,,,
2012-12-13,1.45,1.45,1.4,1.4,3347,BE,,,
2012-12-14,1.35,1.4,1.35,1.35,9136,BE,,,
2012-12-17,1.35,1.4,1.25,1.3,36292,BE,,,
2012-12-18,1.3,1.35,1.3,1.35,13614,BE,,,
2012-12-19,1.3,1.4,1.3,1.3,9621,BE,,,
2012-12-20,1.3,1.35,1.25,1.3,6101,BE,,,
2012-12-21,1.25,1.35,1.25,1.25,10303,BE,,,
2012-12-24,1.25,1.3,1.25,1.25,4194,BE,,,
2012-12-26,1.25,1.3,1.2,1.25,17259,BE,,,
2012-12-27,1.25,1.3,1.25,1.25,11927,BE,,,
2012-12-28,1.3,1.3,1.2,1.3,10657,BE,,,
2012-12-31,1.25,1.35,1.25,1.3,10190,BE,,,
2013-01-01,1.25,1.35,1.25,1.3,13690,BE,,,
2013-01-02,1.3,1.35,1.3,1.3,32723,BE,,,
2013-01-03,1.35,1.35,1.25,1.3,9168,BE,,,
2013-01-04,1.3,1.35,1.25,1.3,13780,BE,,,
2013-01-07,1.3,1.35,1.3,1.3,21164,BE,,,
2013-01-08,1.3,1.3,1.25,1.3,13122,BE,,,
2013-01-09,1.3,1.35,1.25,1.3,7430,BE,,,
2013-01-10,1.3,1.3,1.25,1.25,2589,BE,,,
2013-01-11,1.3,1.3,1.25,1.3,20451,BE,,,
2013-01-14,1.3,1.3,1.25,1.3,4174,BE,,,
2013-01-15,1.25,1.3,1.25,1.3,8709,BE,,,
2013-01-16,1.3,1.3,1.25,1.25,24157,BE,,,
2013-01-17,1.25,1.25,1.2,1.2,20449,BE,,,
2013-01-18,1.2,1.25,1.2,1.2,10009,BE,,,
2013-01-21,1.2,1.25,1.15,1.25,8554,BE,,,
2013-01-22,1.25,1.3,1.2,1.25,12916,BE,,,
2013-01-23,1.2,1.25,1.2,1.2,9719,BE,,,
2013-01-24,1.1,1.2,1.1,1.1,11887,BE,,,
2013-01-25,1.1,1.15,1.1,1.15,14810,BE,,,
2013-01-28,1.2,1.2,1.2,1.2,12110,BE,,,
2013-01-29,1.2,1.3,1.2,1.25,32801,BE,,,
2013-01-30,1.2,1.3,1.2,1.25,13896,BE,,,
2013-01-31,1.25,1.25,1.2,1.25,11378,BE,,,
2013-02-01,1.2,1.25,1.2,1.2,6244,BE,,,
2013-02-04,1.2,1.25,1.2,1.2,9827,BE,,,
2013-02-05,1.15,1.25,1.15,1.2,15895,BE,,,
2013-02-06,1.2,1.25,1.2,1.2,15406,BE,,,
2013-02-07,1.2,1.25,1.15,1.2,19139,BE,,,
2013-02-08,1.15,1.2,1.15,1.15,9100,BE,,,
2013-02-11,1.1,1.2,1.1,1.2,10383,BE,,,
2013-02-12,1.2,1.2,1.15,1.15,15228,BE,,,
2013-02-13,1.1,1.2,1.1,1.15,9397,BE,,,
2013-02-14,1.15,1.2,1.15,1.15,8866,BE,,,
2013-02-15,1.1,1.15,1.1,1.1,13916,BE,,,
2013-02-18,1.1,1.15,1.1,1.15,10825,BE,,,
2013-02-19,1.1,1.15,1.1,1.15,13966,BE,,,
2013-02-20,1.2,1.2,1.1,1.1,6935,BE,,,
2013-02-21,1.1,1.1,1.1,1.1,6582,BE,,,
2013-02-22,1.1,1.15,1.1,1.1,8242,BE,,,
2013-02-25,1.15,1.15,1.1,1.15,9887,BE,,,
2013-02-26,1.15,1.15,1.1,1.1,11508,BE,,,
2013-02-27,1.05,1.15,1.05,1.05,10728,BE,,,
2013-02-28,1.05,1.1,1.05,1.05,9111,BE,,,
2013-03-01,1.05,1.05,1.05,1.05,4316,EQ,,,
2013-03-04,1.0,1.1,1.0,1.1,13212,EQ,,,
2013-03-05,1.1,1.1,1.05,1.05,1856,EQ,,,
2013-03-06,1.05,1.1,1.05,1.05,5130,EQ,,,
2013-03-07,1.0,1.05,1.0,1.05,34605,EQ,,,
2013-03-08,1.0,1.1,1.0,1.05,5549,EQ,,,
2013-03-11,1.0,1.1,1.0,1.0,3499,EQ,,,
2013-03-12,1.0,1.1,1.0,1.0,4280,EQ,,,
2013-03-13,1.0,1.05,0.95,1.0,4013,EQ,,,
2013-03-14,1.0,1.05,1.0,1.0,5702,EQ,,,
2013-03-15,1.0,1.05,1.0,1.0,11146,EQ,,,
2013-03-18,1.0,1.0,0.95,1.0,2638,EQ,,,
2013-03-19,0.95,1.0,0.95,0.95,6571,EQ,,,
2013-03-20,0.9,1.05,0.9,0.9,7181,EQ,,,
2013-03-21,0.9,1.0,0.85,0.9,6286,EQ,,,
2013-03-22,0.95,0.95,0.8,0.85,13555,EQ,,,
2013-03-25,0.85,0.9,0.8,0.8,21316,EQ,,,
2013-03-26,0.8,0.85,0.8,0.85,12064,EQ,,,
2013-03-28,0.8,0.9,0.8,0.85,13427,EQ,,,
2013-04-01,0.9,0.9,0.85,0.85,10829,EQ,,,
2013-04-02,0.8,0.95,0.8,0.95,9303,EQ,,,
2013-04-03,0.9,1.0,0.9,0.95,14884,EQ,,,
2013-04-04,0.9,0.95,0.9,0.9,7085,EQ,,,
2013-04-05,0.95,1.0,0.95,0.95,2937,EQ,,,
2013-04-08,0.9,1.0,0.9,0.95,8040,EQ,,,
2013-04-09,1.05,1.05,0.9,0.95,2778,EQ,,,
2013-04-10,0.9,0.95,0.9,0.95,1931,EQ,,,
2013-04-11,0.9,1.0,0.9,0.95,7872,EQ,,,
2013-04-12,0.95,1.0,0.95,0.95,3238,EQ,,,
2013-04-15,0.9,1.0,0.9,0.95,7334,EQ,,,
2013-04-16,0.95,1.05,0.95,0.95,6159,EQ,,,
2013-04-17,0.95,1.0,0.95,0.95,4494,EQ,,,
2013-04-18,0.95,0.95,0.95,0.95,1679,EQ,,,
2013-04-22,0.95,1.05,0.95,1.0,20339,EQ,,,
2013-04-23,0.95,1.1,0.95,1.0,6822,EQ,,,
2013-04-25,1.0,1.1,1.0,1.05,9356,EQ,,,
2013-04-26,1.0,1.1,1.0,1.1,11308,EQ,,,
2013-04-29,1.0,1.1,1.0,1.05,11974,EQ,,,
2013-04-30,1.0,1.1,1.0,1.1,10107,EQ,,,
2013-05-02,1.1,1.15,1.0,1.15,12590,EQ,,,
2013-05-03,1.15,1.25,1.15,1.25,42342,EQ,,,
2013-05-06,1.25,1.3,1.2,1.3,18772,EQ,,,
2013-05-07,1.25,1.3,1.25,1.25,6614,EQ,,,
2013-05-08,1.2,1.3,1.2,1.25,8935,EQ,,,
2013-05-09,1.15,1.35,1.15,1.3,28169,EQ,,,
2013-05-10,1.3,1.3,1.25,1.3,38149,BE,,,
2013-05-11,1.3,1.3,1.3,1.3,2100,BE,,,
2013-05-13,1.25,1.3,1.25,1.3,3466,BE,,,
2013-05-14,1.2,1.25,1.2,1.25,3569,BE,,,
2013-05-15,1.2,1.25,1.2,1.25,7915,BE,,,
2013-05-16,1.2,1.3,1.2,1.2,13710,BE,,,
2013-05-17,1.2,1.25,1.2,1.25,3669,BE,,,
2013-05-20,1.2,1.25,1.2,1.2,1086,BE,,,
2013-05-21,1.15,1.2,1.15,1.2,1169,BE,,,
2013-05-22,1.2,1.25,1.2,1.2,2099,BE,,,
2013-05-23,1.2,1.2,1.2,1.2,9032,BE,,,
2013-05-24,1.2,1.2,1.2,1.2,3299,BE,,,
2013-05-27,1.2,1.2,1.2,1.2,8645,BE,,,
2013-05-28,1.2,1.2,1.2,1.2,494,BE,,,
2013-05-29,1.2,1.25,1.2,1.25,5821,BE,,,
2013-05-30,1.25,1.25,1.25,1.25,1741,BE,,,
2013-05-31,1.2,1.3,1.2,1.2,9386,BE,,,
2013-06-03,1.15,1.2,1.15,1.2,11037,BE,,,
2013-06-04,1.2,1.25,1.2,1.25,4181,BE,,,
2013-06-05,1.2,1.25,1.2,1.2,2110,BE,,,
2013-06-06,1.2,1.2,1.15,1.15,2107,BE,,,
2013-06-07,1.1,1.2,1.1,1.2,4299,BE,,,
2013-06-10,1.2,1.2,1.15,1.2,7059,BE,,,
2013-06-11,1.15,1.2,1.15,1.15,8821,BE,,,
2013-06-12,1.1,1.15,1.1,1.1,2543,BE,,,
2013-06-13,1.1,1.1,1.1,1.1,11046,BE,,,
2013-06-14,1.1,1.15,1.05,1.1,4140,EQ,,,
2013-06-17,1.1,1.15,1.1,1.15,5731,EQ,,,
2013-06-18,1.1,1.15,1.1,1.1,9657,EQ,,,
2013-06-19,1.1,1.15,1.1,1.15,2934,EQ,,,
2013-06-20,1.15,1.15,1.1,1.1,10944,EQ,,,
2013-06-21,1.1,1.15,1.1,1.1,7795,EQ,,,
2013-06-24,1.1,1.15,1.1,1.1,4301,EQ,,,
2013-06-25,1.05,1.15,1.05,1.1,9463,EQ,,,
2013-06-26,1.1,1.15,1.1,1.1,2070,EQ,,,
2013-06-27,1.1,1.15,1.1,1.1,5670,EQ,,,
2013-06-28,1.1,1.15,1.1,1.15,3181,EQ,,,
2013-07-01,1.15,1.15,1.1,1.1,4424,EQ,,,
2013-07-02,1.1,1.15,1.1,1.15,5330,EQ,,,
2013-07-03,1.1,1.15,1.1,1.1,6049,EQ,,,
2013-07-04,1.1,1.15,1.1,1.1,2198,EQ,,,
2013-07-05,1.1,1.1,1.1,1.1,2389,EQ,,,
2013-07-08,1.1,1.1,1.1,1.1,1001,EQ,,,
2013-07-09,1.05,1.05,1.05,1.05,25,EQ,,,
2013-07-10,1.1,1.1,1.0,1.05,616,EQ,,,
2013-07-11,1.05,1.1,1.05,1.05,5524,EQ,,,
2013-07-12,1.1,1.1,1.1,1.1,1000,EQ,,,
2013-07-15,1.1,1.1,1.1,1.1,90,EQ,,,
2013-07-16,1.1,1.1,1.1,1.1,710,EQ,,,
2013-07-17,1.05,1.05,1.05,1.05,1241,EQ,,,
2013-07-18,1.05,1.05,1.0,1.0,575,EQ,,,
2013-07-19,1.05,1.05,1.0,1.0,2265,EQ,,,
2013-07-22,1.0,1.0,1.0,1.0,564,EQ,,,
2013-07-23,1.0,1.0,1.0,1.0,600,EQ,,,
2013-07-24,1.0,1.05,1.0,1.05,4200,EQ,,,
2013-07-25,1.05,1.05,1.0,1.0,1740,EQ,,,
2013-07-26,0.95,0.95,0.9,0.9,610,EQ,,,
2013-07-29,1.0,1.0,0.9,0.9,20,EQ,,,
2013-07-30,0.85,1.0,0.85,1.0,1010,EQ,,,
2013-07-31,0.9,1.1,0.9,1.1,1310,EQ,,,
2013-08-01,1.0,1.0,1.0,1.0,5200,EQ,,,
2013-08-02,0.95,0.95,0.9,0.9,2800,EQ,,,
2013-08-05,0.9,1.0,0.9,1.0,1960,EQ,,,
2013-08-06,0.9,0.95,0.9,0.9,6429,EQ,,,
2013-08-07,0.8,0.8,0.8,0.8,230,EQ,,,
2013-08-08,0.85,0.85,0.8,0.8,905,EQ,,,
2013-08-12,0.85,0.85,0.8,0.8,12590,EQ,,,
2013-08-14,0.75,0.8,0.75,0.8,19259,EQ,,,
2013-08-16,0.8,0.8,0.75,0.75,200,EQ,,,
2013-08-19,0.75,0.8,0.75,0.8,115,EQ,,,
2013-08-20,0.8,0.8,0.8,0.8,710,EQ,,,
2013-08-21,0.8,0.8,0.8,0.8,390,EQ,,,
2013-08-23,0.8,0.8,0.8,0.8,10,EQ,,,
2013-08-26,0.75,0.85,0.75,0.85,111,EQ,,,
2013-08-27,0.8,0.8,0.8,0.8,106,EQ,,,
2013-08-29,0.75,0.75,0.75,0.75,4947,EQ,,,
2013-09-03,0.7,0.7,0.7,0.7,1093,EQ,,,
2013-09-04,0.7,0.7,0.7,0.7,288,EQ,,,
2013-09-05,0.7,0.7,0.65,0.7,504,EQ,,,
2013-09-06,0.8,0.8,0.8,0.8,10,EQ,,,
2013-09-10,0.8,0.8,0.8,0.8,502,EQ,,,
2013-09-11,0.7,0.85,0.7,0.7,2131,EQ,,,
2013-09-12,0.7,0.7,0.7,0.7,50,EQ,,,
2013-09-13,0.7,0.7,0.65,0.7,1150,EQ,,,
2013-09-16,0.7,0.7,0.7,0.7,50,EQ,,,
2013-09-17,0.7,0.7,0.7,0.7,215,EQ,,,
2013-09-18,0.7,0.75,0.7,0.75,510,EQ,,,
2013-09-19,0.75,0.75,0.75,0.75,230,EQ,,,
2013-09-20,0.75,0.8,0.75,0.8,1878,EQ,,,
2013-09-23,0.75,0.8,0.75,0.8,509,EQ,,,
2013-09-24,0.75,0.75,0.75,0.75,1902,EQ,,,
2013-09-25,0.75,0.75,0.7,0.7,111,EQ,,,
2013-09-26,0.7,0.75,0.7,0.75,4970,EQ,,,
2013-09-27,0.8,0.8,0.8,0.8,10,BE,,,
2013-09-30,0.8,0.85,0.8,0.85,14,BE,,,
2013-10-01,0.8,0.85,0.8,0.85,310,BE,,,
2013-10-03,0.85,0.9,0.85,0.9,110,BE,,,
2013-10-09,0.85,0.85,0.85,0.85,119,BE,,,
2013-10-11,0.8,0.8,0.8,0.8,500,BE,,,
2013-10-14,0.8,0.8,0.8,0.8,180,BE,,,
2013-10-15,0.8,0.8,0.8,0.8,175,BE,,,
2013-10-18,0.75,0.75,0.75,0.75,290,BE,,,
2013-10-21,0.7,0.7,0.7,0.7,2175,BE,,,
2013-10-22,0.7,0.7,0.7,0.7,500,BE,,,
2013-10-23,0.65,0.7,0.65,0.7,740,BE,,,
2013-10-24,0.65,0.65,0.65,0.65,115,BE,,,
2013-10-25,0.65,0.65,0.65,0.65,400,BE,,,
2013-10-28,0.7,0.7,0.7,0.7,10,BE,,,
2013-10-29,0.65,0.65,0.65,0.65,850,BE,,,
2013-10-30,0.7,0.7,0.7,0.7,275,BE,,,
2013-10-31,0.7,0.7,0.7,0.7,150,BE,,,
2013-11-01,0.7,0.7,0.7,0.7,125,BE,,,
2013-11-03,0.7,0.7,0.7,0.7,4000,BE,,,
2013-11-05,0.7,0.75,0.7,0.75,493,BE,,,
2013-11-06,0.75,0.75,0.75,0.75,1599,BE,,,
2013-11-07,0.75,0.8,0.75,0.8,1490,BE,,,
2013-11-08,0.85,0.85,0.75,0.85,180,BE,,,
2013-11-11,0.8,0.9,0.8,0.8,610,BE,,,
2013-11-12,0.8,0.8,0.75,0.75,350,BE,,,
2013-11-13,0.75,0.8,0.75,0.8,208,BE,,,
2013-11-14,0.8,0.8,0.8,0.8,5465,BE,,,
2013-11-18,0.8,0.8,0.75,0.75,2600,BE,,,
2013-11-19,0.75,0.75,0.7,0.75,801,BE,,,
2013-11-20,0.75,0.75,0.7,0.7,192,BE,,,
2013-11-22,0.7,0.7,0.7,0.7,75,BE,,,
2013-11-25,0.7,0.7,0.7,0.7,7120,BE,,,
2013-11-27,0.7,0.75,0.7,0.7,696,BE,,,
2013-11-28,0.7,0.7,0.7,0.7,2000,BE,,,
2013-11-29,0.7,0.75,0.7,0.75,486,BE,,,
2013-12-02,0.7,0.7,0.7,0.7,690,BE,,,
2013-12-03,0.65,0.7,0.65,0.7,3208,BE,,,
2013-12-04,0.7,0.7,0.7,0.7,649,BE,,,
2013-12-05,0.7,0.7,0.65,0.65,122,BE,,,
2013-12-09,0.7,0.7,0.7,0.7,11450,BE,,,
2013-12-10,0.7,0.7,0.7,0.7,60,BE,,,
2013-12-11,0.65,0.7,0.65,0.65,220,BE,,,
2013-12-12,0.7,0.7,0.7,0.7,1040,BE,,,
2013-12-13,0.65,0.65,0.65,0.65,200,BE,,,
2013-12-16,0.7,0.7,0.7,0.7,550,BE,,,
2013-12-17,0.7,0.75,0.65,0.75,838,BE,,,
2013-12-18,0.7,0.7,0.7,0.7,395,BE,,,
2013-12-19,0.7,0.7,0.7,0.7,1000,BE,,,
2013-12-20,0.7,0.7,0.7,0.7,666,BE,,,
2013-12-23,0.7,0.7,0.7,0.7,1338,BE,,,
2013-12-24,0.7,0.7,0.65,0.7,913,BE,,,
2013-12-26,0.7,0.7,0.7,0.7,300,BE,,,
2013-12-27,0.7,0.75,0.7,0.75,830,BE,,,
2013-12-30,0.7,0.7,0.7,0.7,400,BE,,,
2013-12-31,0.75,0.75,0.75,0.75,420,BE,,,
2014-01-01,0.75,0.75,0.75,0.75,1974,BE,,,
2014-01-02,0.75,0.75,0.75,0.75,192,BE,,,
2014-01-03,0.7,0.7,0.7,0.7,2000,BE,,,
2014-01-06,0.75,0.75,0.65,0.65,2238,BE,,,
2014-01-07,0.7,0.7,0.7,0.7,130,BE,,,
2014-01-08,0.75,0.75,0.7,0.7,100,BE,,,
2014-01-09,0.75,0.75,0.75,0.75,2759,BE,,,
2014-01-10,0.75,0.75,0.75,0.75,55,BE,,,
2014-01-13,0.8,0.8,0.75,0.75,615,BE,,,
2014-01-14,0.75,0.8,0.75,0.8,2130,BE,,,
2014-01-15,0.8,0.85,0.75,0.8,1460,BE,,,
2014-01-16,0.75,0.75,0.75,0.75,1511,BE,,,
2014-01-17,0.7,0.8,0.7,0.8,3081,BE,,,
2014-01-20,0.75,0.8,0.75,0.75,3474,BE,,,
2014-01-21,0.8,0.8,0.7,0.7,2059,BE,,,
2014-01-22,0.7,0.7,0.7,0.7,880,BE,,,
2014-01-23,0.7,0.7,0.65,0.65,5240,BE,,,
2014-01-24,0.7,0.7,0.7,0.7,10,BE,,,
2014-01-27,0.7,0.7,0.65,0.7,3494,BE,,,
2014-01-28,0.75,0.75,0.65,0.65,1040,BE,,,
2014-01-29,0.65,0.65,0.65,0.65,860,BE,,,
2014-01-30,0.65,0.7,0.65,0.65,10521,BE,,,
2014-01-31,0.65,0.65,0.65,0.65,2503,BE,,,
2014-02-03,0.65,0.65,0.6,0.65,725,BE,,,
2014-02-05,0.65,0.65,0.65,0.65,533,BE,,,
2014-02-06,0.7,0.7,0.65,0.7,609,BE,,,
2014-02-07,0.65,0.7,0.65,0.65,150,BE,,,
2014-02-10,0.65,0.7,0.65,0.7,1055,BE,,,
2014-02-11,0.7,0.7,0.7,0.7,5231,BE,,,
2014-02-12,0.75,0.75,0.75,0.75,1026,BE,,,
2014-02-13,0.8,0.8,0.8,0.8,610,BE,,,
2014-02-14,0.8,0.8,0.8,0.8,1294,BE,,,
2014-02-17,0.85,0.85,0.85,0.85,2323,BE,,,
2014-02-18,0.85,0.9,0.85,0.9,1271,BE,,,
2014-02-19,0.95,0.95,0.95,0.95,1013,BE,,,
2014-02-20,1.0,1.0,1.0,1.0,8061,BE,,,
2014-02-21,1.05,1.05,1.05,1.05,1288,BE,,,
2014-02-24,1.1,1.1,1.1,1.1,3040,BE,,,
2014-02-25,1.1,1.15,1.1,1.15,11481,BE,,,
2014-02-26,1.2,1.2,1.15,1.2,18347,BE,,,
2014-02-28,1.15,1.25,1.1,1.2,38292,BE,,,
2014-03-03,1.25,1.25,1.2,1.25,20466,BE,,,
2014-03-04,1.3,1.35,1.3,1.35,75193,BE,,,
2014-03-05,1.35,1.4,1.35,1.4,40703,BE,,,
2014-03-06,1.35,1.45,1.35,1.45,66738,BE,,,
2014-03-07,1.5,1.5,1.4,1.4,34803,BE,,,
2014-03-10,1.5,1.5,1.45,1.5,124365,BE,,,
2014-03-11,1.55,1.55,1.55,1.55,18780,BE,,,
2014-03-12,1.65,1.65,1.55,1.65,130091,BE,,,
2014-03-13,1.6,1.7,1.55,1.55,87022,BE,,,
2014-03-14,1.55,1.65,1.5,1.55,48020,BE,,,
2014-03-18,1.65,1.65,1.55,1.65,55247,BE,,,
2014-03-19,1.65,1.7,1.6,1.7,40993,BE,,,
2014-03-20,1.65,1.75,1.65,1.65,33239,BE,,,
2014-03-21,1.55,1.7,1.55,1.7,41678,BE,,,
2014-03-22,1.65,1.7,1.65,1.7,3671,BE,,,
2014-03-24,1.75,1.75,1.6,1.6,55327,BE,,,
2014-03-25,1.65,1.65,1.5,1.5,20000,BE,,,
2014-03-26,1.45,1.6,1.45,1.45,19774,BE,,,
2014-03-27,1.4,1.45,1.4,1.4,41418,BE,,,
2014-03-28,1.35,1.45,1.35,1.45,8768,BE,,,
2014-03-31,1.55,1.55,1.45,1.55,14338,BE,,,
2014-04-01,1.5,1.6,1.45,1.45,23675,BE,,,
2014-04-02,1.45,1.5,1.4,1.4,19372,BE,,,
2014-04-03,1.45,1.5,1.35,1.4,21649,BE,,,
2014-04-04,1.35,1.45,1.35,1.45,6259,BE,,,
2014-04-07,1.4,1.5,1.4,1.5,13985,BE,,,
2014-04-09,1.45,1.6,1.45,1.55,33935,BE,,,
2014-04-10,1.55,1.6,1.5,1.55,9029,BE,,,
2014-04-11,1.5,1.6,1.45,1.6,23499,BE,,,
2014-04-15,1.6,1.6,1.5,1.55,11950,BE,,,
2014-04-16,1.45,1.6,1.45,1.45,12851,BE,,,
2014-04-17,1.55,1.55,1.45,1.5,21010,BE,,,
2014-04-21,1.5,1.55,1.5,1.55,19019,BE,,,
2014-04-22,1.5,1.6,1.5,1.5,12745,BE,,,
2014-04-23,1.55,1.6,1.45,1.45,25541,BE,,,
2014-04-25,1.4,1.55,1.4,1.5,19650,BE,,,
2014-04-28,1.6,1.6,1.45,1.45,21843,BE,,,
2014-04-29,1.45,1.5,1.4,1.45,5357,BE,,,
2014-04-30,1.45,1.5,1.4,1.4,20124,BE,,,
2014-05-02,1.4,1.45,1.35,1.45,5969,BE,,,
2014-05-05,1.45,1.5,1.4,1.4,23129,BE,,,
2014-05-06,1.5,1.5,1.35,1.4,24980,BE,,,
2014-05-07,1.45,1.45,1.4,1.4,53008,BE,,,
2014-05-08,1.5,1.5,1.4,1.4,22280,BE,,,
2014-05-09,1.45,1.45,1.4,1.4,36564,BE,,,
2014-05-12,1.4,1.5,1.35,1.4,22133,BE,,,
2014-05-13,1.4,1.45,1.4,1.45,16733,BE,,,
2014-05-14,1.45,1.5,1.4,1.4,6466,BE,,,
2014-05-15,1.4,1.45,1.35,1.4,11701,BE,,,
2014-05-16,1.35,1.45,1.35,1.4,36676,BE,,,
2014-05-19,1.45,1.5,1.35,1.4,67647,BE,,,
2014-05-20,1.4,1.45,1.4,1.4,38104,BE,,,
2014-05-21,1.4,1.5,1.4,1.45,71962,BE,,,
2014-05-22,1.5,1.5,1.45,1.5,42653,BE,,,
2014-05-23,1.6,1.6,1.5,1.55,51507,BE,,,
2014-05-26,1.6,1.6,1.5,1.55,66435,BE,,,
2014-05-27,1.55,1.55,1.45,1.5,34151,BE,,,
2014-05-28,1.5,1.55,1.5,1.55,15840,BE,,,
2014-05-29,1.6,1.6,1.5,1.6,24967,BE,,,
2014-05-30,1.7,1.7,1.55,1.7,20248,BE,,,
2014-06-02,1.6,1.65,1.6,1.6,21385,BE,,,
2014-06-03,1.55,1.55,1.55,1.55,12748,BE,,,
2014-06-04,1.45,1.6,1.45,1.55,86992,BE,,,
2014-06-05,1.5,1.55,1.5,1.55,25147,BE,,,
2014-06-06,1.5,1.6,1.5,1.55,64305,BE,,,
2014-06-09,1.6,1.6,1.5,1.55,33779,BE,,,
2014-06-10,1.65,1.65,1.5,1.6,21018,BE,,,
2014-06-11,1.6,1.6,1.5,1.55,12289,BE,,,
2014-06-12,1.55,1.55,1.5,1.5,20823,BE,,,
2014-06-13,1.55,1.55,1.4,1.4,17079,BE,,,
2014-06-16,1.5,1.5,1.4,1.4,14432,BE,,,
2014-06-17,1.4,1.45,1.4,1.45,15041,BE,,,
2014-06-18,1.4,1.5,1.4,1.45,13558,BE,,,
2014-06-19,1.4,1.5,1.4,1.4,10652,BE,,,
2014-06-20,1.4,1.45,1.4,1.4,10917,BE,,,
2014-06-23,1.4,1.4,1.4,1.4,15737,BE,,,
2014-06-24,1.4,1.45,1.4,1.45,7392,BE,,,
2014-06-25,1.55,1.55,1.55,1.55,17409,BE,,,
2014-06-26,1.6,1.6,1.55,1.55,52040,BE,,,
2014-06-27,1.5,1.65,1.5,1.55,17803,BE,,,
2014-06-30,1.65,1.65,1.55,1.6,14166,BE,,,
2014-07-01,1.6,1.6,1.55,1.55,8725,BE,,,
2014-07-02,1.55,1.6,1.5,1.55,28940,BE,,,
2014-07-03,1.55,1.6,1.55,1.55,21556,BE,,,
2014-07-04,1.55,1.6,1.55,1.6,10715,BE,,,
2014-07-07,1.6,1.6,1.55,1.55,9316,BE,,,
2014-07-08,1.55,1.6,1.5,1.55,37510,BE,,,
2014-07-09,1.55,1.6,1.5,1.5,22456,BE,,,
2014-07-10,1.5,1.55,1.45,1.55,17121,BE,,,
2014-07-11,1.55,1.65,1.55,1.55,70025,BE,,,
2014-07-14,1.5,1.5,1.5,1.5,11709,BE,,,
2014-07-15,1.5,1.5,1.45,1.45,11892,BE,,,
2014-07-16,1.4,1.5,1.4,1.45,17141,BE,,,
2014-07-17,1.5,1.5,1.45,1.5,9302,BE,,,
2014-07-18,1.55,1.55,1.45,1.5,30611,BE,,,
2014-07-21,1.5,1.6,1.45,1.5,14820,BE,,,
2014-07-22,1.5,1.6,1.5,1.5,6392,BE,,,
2014-07-23,1.55,1.55,1.5,1.5,3859,BE,,,
2014-07-24,1.5,1.5,1.5,1.5,5425,BE,,,
2014-07-25,1.45,1.55,1.45,1.55,41859,BE,,,
2014-07-28,1.5,1.55,1.5,1.5,15955,BE,,,
2014-07-30,1.55,1.55,1.5,1.55,59442,BE,,,
2014-07-31,1.6,1.6,1.55,1.55,35039,BE,,,
2014-08-01,1.55,1.55,1.5,1.5,17053,BE,,,
2014-08-04,1.5,1.6,1.45,1.5,9135,BE,,,
2014-08-05,1.5,1.6,1.5,1.6,15488,BE,,,
2014-08-06,1.6,1.6,1.5,1.5,7116,BE,,,
2014-08-07,1.45,1.6,1.45,1.55,13469,BE,,,
2014-08-08,1.55,1.55,1.5,1.5,15861,BE,,,
2014-08-11,1.55,1.55,1.55,1.55,7609,BE,,,
2014-08-12,1.65,1.65,1.65,1.65,13942,BE,,,
2014-08-13,1.65,1.7,1.65,1.7,23653,BE,,,
2014-08-14,1.8,1.8,1.8,1.8,21716,BE,,,
2014-08-18,1.9,1.9,1.9,1.9,6638,BE,,,
2014-08-19,1.95,2.0,1.95,2.0,7915,BE,,,
2014-08-20,2.1,2.1,2.1,2.1,14763,BE,,,
2014-08-21,2.15,2.15,2.15,2.15,12957,BE,,,
2014-08-22,2.3,2.3,2.05,2.3,167684,BE,,,
2014-08-25,2.3,2.4,2.15,2.2,56446,BE,,,
2014-08-26,2.1,2.25,2.1,2.15,15518,BE,,,
2014-08-27,2.1,2.15,2.1,2.1,12618,BE,,,
2014-08-28,2.05,2.2,2.05,2.1,16981,BE,,,
2014-09-01,2.15,2.2,2.05,2.2,30042,BE,,,
2014-09-02,2.3,2.3,2.2,2.3,9251,BE,,,
2014-09-03,2.4,2.4,2.4,2.4,48628,BE,,,
2014-09-04,2.5,2.5,2.5,2.5,19525,BE,,,
2014-09-05,2.65,2.65,2.4,2.65,85502,BE,,,
2014-09-08,2.8,2.8,2.7,2.8,17522,BE,,,
2014-09-09,2.9,2.9,2.9,2.9,10252,BE,,,
2014-09-10,3.05,3.05,3.05,3.05,12473,BE,,,
2014-09-11,3.2,3.2,3.2,3.2,10902,BE,,,
2014-09-12,3.35,3.35,3.05,3.3,161256,BE,,,
2014-09-15,3.4,3.45,3.15,3.45,51487,BE,,,
2014-09-16,3.65,3.65,3.3,3.3,81538,BE,,,
2014-09-17,3.15,3.25,3.15,3.15,39510,BE,,,
2014-09-18,3.1,3.3,3.0,3.3,42211,BE,,,
2014-09-19,3.45,3.45,3.3,3.45,37303,BE,,,
2014-09-22,3.6,3.6,3.6,3.6,21670,BE,,,
2014-09-23,3.8,3.8,3.45,3.7,92326,BE,,,
2014-09-24,3.65,3.65,3.5,3.5,29747,BE,,,
2014-09-25,3.55,3.55,3.35,3.35,14073,BE,,,
2014-09-26,3.25,3.4,3.2,3.2,23843,BE,,,
2014-09-29,3.3,3.35,3.3,3.35,20031,BE,,,
2014-09-30,3.5,3.5,3.5,3.5,18447,BE,,,
2014-10-01,3.7,3.7,3.7,3.7,19647,BE,,,
2014-10-07,3.85,3.85,3.5,3.85,87061,BE,,,
2014-10-08,3.85,3.85,3.65,3.65,13010,BE,,,
2014-10-09,3.5,3.5,3.5,3.5,9216,BE,,,
2014-10-10,3.3,3.65,3.3,3.6,47347,BE,,,
2014-10-13,3.6,3.6,3.4,3.5,19235,BE,,,
2014-10-14,3.4,3.6,3.35,3.35,25692,BE,,,
2014-10-16,3.35,3.35,3.2,3.2,27251,BE,,,
2014-10-17,3.3,3.3,3.05,3.15,30695,BE,,,
2014-10-20,3.25,3.3,3.15,3.25,9489,BE,,,
2014-10-21,3.35,3.4,3.1,3.1,33989,BE,,,
2014-10-22,3.1,3.15,2.95,2.95,13938,BE,,,
2014-10-23,3.1,3.1,2.8,3.05,21022,BE,,,
2014-10-27,3.05,3.2,2.9,3.2,16487,BE,,,
2014-10-28,3.35,3.35,3.35,3.35,3896,BE,,,
2014-10-29,3.5,3.5,3.5,3.5,25388,BE,,,
2014-10-30,3.55,3.65,3.35,3.35,46074,BE,,,
2014-10-31,3.5,3.5,3.2,3.2,38125,BE,,,
2014-11-03,3.2,3.4,3.1,3.4,28322,BE,,,
2014-11-05,3.55,3.55,3.4,3.55,23304,BE,,,
2014-11-07,3.7,3.7,3.45,3.5,171132,BE,,,
2014-11-10,3.4,3.7,3.4,3.7,65832,BE,,,
2014-11-11,3.85,3.85,3.5,3.6,55485,BE,,,
2014-11-12,3.8,3.8,3.8,3.8,34098,BE,,,
2014-11-13,4.0,4.0,4.0,4.0,21218,BE,,,
2014-11-14,4.2,4.2,4.1,4.2,167404,BE,,,
2014-11-17,4.4,4.4,4.4,4.4,46488,BE,,,
2014-11-18,4.6,4.6,4.5,4.6,173209,BE,,,
2014-11-19,4.65,4.75,4.4,4.4,122106,BE,,,
2014-11-20,4.25,4.6,4.2,4.6,57889,BE,,,
2014-11-21,4.75,4.8,4.4,4.6,115424,BE,,,
2014-11-24,4.65,4.85,4.65,4.85,82532,BE,,,
2014-11-25,4.9,5.05,4.6,4.6,49970,BE,,,
2014-11-26,4.4,4.5,4.4,4.4,47240,BE,,,
2014-11-27,4.2,4.45,4.15,4.35,50840,BE,,,
2014-11-28,4.35,4.55,4.15,4.55,52633,BE,,,
2014-12-01,4.75,4.8,4.6,4.7,65749,BE,,,
2014-12-02,4.7,4.7,4.5,4.5,33850,BE,,,
2014-12-03,4.7,4.7,4.5,4.5,13615,BE,,,
2014-12-04,4.5,4.7,4.4,4.5,28056,BE,,,
2014-12-05,4.55,4.6,4.3,4.35,34918,BE,,,
2014-12-08,4.4,4.5,4.15,4.25,39018,BE,,,
2014-12-09,4.3,4.35,4.1,4.15,23473,BE,,,
2014-12-10,3.95,4.2,3.95,4.1,33652,BE,,,
2014-12-11,4.0,4.3,4.0,4.2,34081,BE,,,
2014-12-12,4.3,4.4,4.3,4.4,16002,BE,,,
2014-12-15,4.65,4.65,4.35,4.5,77829,BE,,,
2014-12-16,4.3,4.35,4.3,4.3,11939,BE,,,
2014-12-17,4.1,4.5,4.1,4.15,54497,BE,,,
2014-12-18,4.35,4.35,4.2,4.25,25758,BE,,,
2014-12-19,4.25,4.3,4.15,4.2,21699,BE,,,
2014-12-22,4.1,4.25,4.1,4.1,9864,BE,,,
2014-12-23,4.05,4.25,4.05,4.1,11122,BE,,,
2014-12-24,4.0,4.25,3.95,4.2,19598,BE,,,
2014-12-26,4.0,4.3,4.0,4.2,16515,BE,,,
2014-12-29,4.25,4.3,4.1,4.15,24849,BE,,,
2014-12-30,4.0,4.2,4.0,4.1,9034,BE,,,
2014-12-31,4.1,4.15,4.05,4.1,10473,BE,,,
2015-01-01,4.2,4.2,4.0,4.1,7666,BE,,,
2015-01-02,4.1,4.2,4.1,4.15,12053,BE,,,
2015-01-05,4.3,4.3,4.0,4.05,20771,BE,,,
2015-01-06,4.0,4.1,3.85,3.9,26836,BE,,,
2015-01-07,3.9,4.0,3.75,3.9,20248,BE,,,
2015-01-08,3.85,4.1,3.75,3.9,16994,BE,,,
2015-01-09,3.9,4.0,3.7,3.7,48019,BE,,,
2015-01-12,3.7,3.9,3.55,3.9,22834,BE,,,
2015-01-13,4.1,4.1,4.1,4.1,12445,BE,,,
2015-01-14,4.3,4.3,3.9,4.1,46362,BE,,,
2015-01-15,4.1,4.1,3.9,4.0,20264,BE,,,
2015-01-16,4.0,4.15,3.85,4.0,16377,BE,,,
2015-01-19,3.9,4.05,3.9,4.0,15902,BE,,,
2015-01-20,3.9,4.05,3.9,4.0,32989,BE,,,
2015-01-21,4.0,4.0,3.8,3.9,54044,BE,,,
2015-01-22,3.9,4.1,3.9,4.1,34829,BE,,,
2015-01-23,3.9,4.15,3.9,3.95,32104,BE,,,
2015-01-27,3.85,4.1,3.85,4.0,16300,BE,,,
2015-01-28,3.95,4.0,3.85,3.95,17641,BE,,,
2015-01-29,3.8,4.1,3.8,4.05,23597,BE,,,
2015-01-30,3.9,4.05,3.9,3.95,26563,BE,,,
2015-02-02,4.0,4.15,4.0,4.15,30920,BE,,,
2015-02-03,4.25,4.35,4.25,4.35,39894,BE,,,
2015-02-04,4.4,4.55,4.2,4.55,41312,BE,,,
2015-02-05,4.5,4.7,4.3,4.4,43512,BE,,,
2015-02-06,4.6,4.6,4.6,4.6,37898,BE,,,
2015-02-09,4.8,4.8,4.5,4.65,134695,BE,,,
2015-02-10,4.4,4.6,4.4,4.4,40842,BE,,,
2015-02-11,4.4,4.4,4.2,4.35,95769,BE,,,
2015-02-12,4.2,4.5,4.1,4.2,36872,BE,,,
2015-02-13,4.3,4.4,4.05,4.4,24583,BE,,,
2015-02-16,4.55,4.55,4.15,4.2,20627,BE,,,
2015-02-18,4.25,4.3,4.0,4.05,44897,BE,,,
2015-02-19,4.0,4.1,3.9,3.95,15216,BE,,,
2015-02-20,3.95,4.0,3.85,3.9,19937,BE,,,
2015-02-23,4.1,4.1,3.9,4.05,16017,EQ,,,
2015-02-24,4.05,4.25,3.95,4.25,33342,EQ,,,
2015-02-25,4.4,4.45,4.15,4.45,114774,EQ,,,
2015-02-26,4.5,4.5,4.25,4.25,20972,EQ,,,
2015-02-27,4.45,4.45,4.3,4.45,74907,EQ,,,
2015-02-28,4.6,4.7,4.35,4.45,65120,EQ,,,
2015-03-02,4.2,4.4,4.2,4.35,13622,EQ,,,
2015-03-03,4.3,4.5,4.25,4.3,13101,EQ,,,
2015-03-04,4.25,4.45,4.1,4.2,23534,EQ,,,
2015-03-05,4.3,4.3,4.05,4.1,15999,EQ,,,
2015-03-09,3.9,4.2,3.9,3.95,37481,EQ,,,
2015-03-10,3.95,4.05,3.9,3.95,15137,EQ,,,
2015-03-11,3.95,4.15,3.9,3.95,12575,EQ,,,
2015-03-12,3.95,4.0,3.9,3.9,27022,EQ,,,
2015-03-13,3.9,4.0,3.8,3.9,29849,EQ,,,
2015-03-16,4.0,4.0,3.7,3.7,39612,EQ,,,
2015-03-17,3.8,3.85,3.65,3.7,23479,EQ,,,
2015-03-18,3.7,3.8,3.6,3.6,21984,EQ,,,
2015-03-19,3.7,3.7,3.4,3.45,25319,EQ,,,
2015-03-20,3.45,3.5,3.15,3.3,59242,EQ,,,
2015-03-23,3.2,3.4,2.95,3.0,61466,EQ,,,
2015-03-24,3.0,3.1,2.7,2.9,75314,EQ,,,
2015-03-25,2.8,3.0,2.75,2.9,12240,EQ,,,
2015-03-26,2.9,3.05,2.85,2.95,24946,EQ,,,
2015-03-27,2.9,3.0,2.85,2.95,16553,EQ,,,
2015-03-30,2.95,3.1,2.95,3.1,28276,EQ,,,
2015-03-31,3.25,3.25,3.25,3.25,7022,EQ,,,
2015-04-01,3.4,3.4,3.4,3.4,11146,EQ,,,
2015-04-06,3.55,3.55,3.55,3.55,1880,EQ,,,
2015-04-07,3.75,3.75,3.75,3.75,3790,EQ,,,
2015-04-08,3.9,3.9,3.9,3.9,1872,EQ,,,
2015-04-09,4.1,4.1,3.75,3.9,80983,EQ,,,
2015-04-10,3.9,4.0,3.7,3.95,24919,EQ,,,
2015-04-13,4.15,4.15,3.95,4.15,7348,EQ,,,
2015-04-15,4.15,4.3,3.95,4.05,36870,EQ,,,
2015-04-16,3.9,3.95,3.85,3.85,24047,EQ,,,
2015-04-17,3.85,3.85,3.65,3.7,15797,EQ,,,
2015-04-20,3.6,3.9,3.5,3.8,19899,EQ,,,
2015-04-21,3.85,3.85,3.7,3.7,14068,EQ,,,
2015-04-22,3.85,3.9,3.75,3.85,10822,EQ,,,
2015-04-23,4.05,4.05,3.75,3.9,16827,EQ,,,
2015-04-24,3.9,4.0,3.7,3.7,15721,EQ,,,
2015-04-27,3.8,3.8,3.5,3.55,31449,EQ,,,
2015-04-28,3.5,3.7,3.45,3.55,6735,EQ,,,
2015-04-29,3.6,3.7,3.6,3.6,6177,EQ,,,
2015-04-30,3.6,3.7,3.6,3.7,4983,EQ,,,
2015-05-04,3.6,3.75,3.5,3.7,8440,EQ,,,
2015-05-05,3.7,4.05,3.6,3.8,9331,EQ,,,
2015-05-06,3.65,3.9,3.65,3.65,10406,EQ,,,
2015-05-07,3.65,3.8,3.6,3.6,12060,EQ,,,
2015-05-08,3.6,3.85,3.55,3.6,10801,EQ,,,
2015-05-11,3.55,3.85,3.55,3.7,8717,EQ,,,
2015-05-12,3.7,3.7,3.4,3.5,14909,EQ,,,
2015-05-13,3.55,3.65,3.45,3.45,13295,EQ,,,
2015-05-14,3.45,3.55,3.4,3.5,7621,EQ,,,
2015-05-15,3.4,3.5,3.4,3.4,22640,EQ,,,
2015-05-18,3.3,3.35,3.2,3.25,19733,EQ,,,
2015-05-19,3.3,3.35,3.25,3.25,9229,EQ,,,
2015-05-20,3.4,3.4,3.35,3.4,5715,EQ,,,
2015-05-21,3.3,3.45,3.25,3.3,12005,EQ,,,
2015-05-22,3.25,3.35,3.25,3.3,8583,EQ,,,
2015-05-25,3.2,3.35,3.2,3.35,15323,EQ,,,
2015-05-26,3.25,3.35,3.25,3.3,8875,EQ,,,
2015-05-27,3.25,3.25,3.2,3.2,13683,EQ,,,
2015-05-28,3.25,3.35,3.25,3.3,10129,EQ,,,
2015-05-29,3.4,3.4,3.25,3.3,16093,EQ,,,
2015-06-01,3.6,3.6,3.5,3.6,14803,EQ,,,
2015-06-02,3.95,3.95,3.9,3.95,148153,EQ,,,
2015-06-03,4.25,4.25,3.65,3.85,235156,EQ,,,
2015-06-04,3.75,3.85,3.65,3.7,30475,EQ,,,
2015-06-05,3.65,3.9,3.65,3.85,21678,EQ,,,
2015-06-08,3.8,3.8,3.55,3.6,22039,EQ,,,
2015-06-09,3.6,3.8,3.55,3.7,20736,EQ,,,
2015-06-10,3.65,3.8,3.65,3.8,14258,EQ,,,
2015-06-11,4.0,4.0,3.4,3.55,20340,EQ,,,
2015-06-12,3.5,3.7,3.5,3.55,16497,EQ,,,
2015-06-15,3.6,3.9,3.3,3.9,220648,EQ,,,
2015-06-16,3.6,3.9,3.6,3.8,21148,EQ,,,
2015-06-17,3.7,3.8,3.7,3.8,13600,EQ,,,
2015-06-18,3.8,3.9,3.6,3.85,22868,EQ,,,
2015-06-19,3.8,4.0,3.8,3.9,15859,EQ,,,
2015-06-22,3.9,4.25,3.8,4.25,180726,EQ,,,
2015-06-23,4.65,4.65,4.65,4.65,41203,EQ,,,
2015-06-24,5.1,5.1,4.5,4.65,201258,EQ,,,
2015-06-25,4.6,4.8,4.3,4.45,73686,EQ,,,
2015-06-26,4.4,4.65,4.35,4.55,59050,EQ,,,
2015-06-29,4.5,4.6,4.3,4.45,45855,EQ,,,
2015-06-30,4.3,4.8,4.3,4.65,52961,EQ,,,
2015-07-01,4.7,4.85,4.7,4.75,42652,EQ,,,
2015-07-02,4.8,4.8,4.5,4.6,28983,EQ,,,
2015-07-03,4.7,4.8,4.45,4.55,49920,EQ,,,
2015-07-06,4.35,5.25,4.3,5.0,232247,EQ,,,
2015-07-07,5.3,5.7,5.3,5.4,423616,EQ,,,
2015-07-08,5.35,5.5,5.1,5.4,118276,EQ,,,
2015-07-09,5.3,5.85,5.3,5.45,209713,EQ,,,
2015-07-10,5.5,5.6,5.2,5.35,63609,EQ,,,
2015-07-13,5.25,5.55,5.05,5.2,118315,EQ,,,
2015-07-14,5.1,6.2,5.1,6.2,757671,EQ,,,
2015-07-15,6.4,6.7,6.1,6.2,418894,EQ,,,
2015-07-16,6.1,6.35,5.9,6.1,116208,EQ,,,
2015-07-17,6.1,7.2,6.0,7.05,535962,EQ,,,
2015-07-20,7.1,7.85,6.8,7.6,503005,EQ,,,
2015-07-21,7.45,8.1,7.1,7.25,378130,EQ,,,
2015-07-22,7.3,7.5,6.85,7.25,111995,EQ,,,
2015-07-23,7.25,7.55,6.9,7.25,144089,EQ,,,
2015-07-24,7.3,7.4,6.85,6.95,113994,EQ,,,
2015-07-27,6.95,7.6,6.5,7.45,437140,EQ,,,
2015-07-28,7.55,7.6,7.05,7.45,146463,EQ,,,
2015-07-29,7.45,7.5,7.1,7.15,75036,EQ,,,
2015-07-30,7.25,7.45,7.15,7.25,65253,EQ,,,
2015-07-31,7.45,7.65,7.3,7.4,211862,EQ,,,
2015-08-03,8.1,8.1,8.1,8.1,101146,EQ,,,
2015-08-04,8.9,8.9,8.3,8.65,701899,EQ,,,
2015-08-05,8.75,8.75,8.1,8.15,159605,EQ,,,
2015-08-06,8.2,8.4,7.35,7.65,259836,EQ,,,
2015-08-07,7.7,8.35,7.65,7.85,154013,EQ,,,
2015-08-10,7.85,8.6,7.8,8.2,221527,EQ,,,
2015-08-11,8.2,8.3,7.7,7.8,74834,EQ,,,
2015-08-12,8.0,8.0,6.3,7.2,97931,EQ,,,
2015-08-13,7.5,8.15,7.25,7.7,311493,EQ,,,
2015-08-14,7.85,8.15,7.5,7.6,173311,EQ,,,
2015-08-17,7.65,7.95,7.45,7.85,77525,EQ,,,
2015-08-18,7.9,8.7,7.85,8.35,404726,EQ,,,
2015-08-19,8.5,8.75,8.3,8.35,249292,EQ,,,
2015-08-20,8.25,8.3,7.7,7.8,118472,EQ,,,
2015-08-21,7.6,7.65,7.35,7.55,104255,EQ,,,
2015-08-24,7.35,7.35,6.05,6.2,222004,EQ,,,
2015-08-25,6.4,7.1,5.75,6.35,221733,EQ,,,
2015-08-26,5.95,6.4,5.9,6.2,112559,EQ,,,
2015-08-27,6.3,6.8,6.25,6.7,82413,EQ,,,
2015-08-28,6.8,7.1,6.5,6.65,87476,EQ,,,
2015-08-31,6.5,6.6,5.55,6.55,68199,EQ,,,
2015-09-01,6.5,6.65,6.1,6.2,83412,EQ,,,
2015-09-02,6.2,6.5,6.2,6.3,25380,EQ,,,
2015-09-03,6.5,6.5,6.2,6.3,33036,EQ,,,
2015-09-04,6.3,6.3,5.25,6.0,122718,EQ,,,
2015-09-07,6.0,6.25,5.6,5.7,59824,EQ,,,
2015-09-08,5.8,6.0,5.65,5.9,49980,EQ,,,
2015-09-09,6.3,6.3,5.9,6.1,45076,EQ,,,
2015-09-10,6.05,6.05,5.7,5.85,67574,EQ,,,
2015-09-11,6.0,6.2,5.95,6.0,40359,EQ,,,
2015-09-14,6.05,6.1,5.75,5.9,49426,EQ,,,
2015-09-15,5.9,6.0,5.8,5.85,22522,EQ,,,
2015-09-16,5.9,6.15,5.9,6.0,34085,EQ,,,
2015-09-18,6.3,6.3,6.0,6.15,44662,EQ,,,
2015-09-21,6.1,6.3,5.9,6.2,34446,EQ,,,
2015-09-22,6.45,6.45,6.0,6.1,55846,EQ,,,
2015-09-23,6.05,6.3,5.9,6.15,35104,EQ,,,
2015-09-24,6.15,7.25,6.0,7.1,234873,EQ,,,
2015-09-28,7.1,7.5,6.85,7.0,175684,EQ,,,
2015-09-29,6.95,7.0,6.6,6.9,59133,EQ,,,
2015-09-30,6.95,7.1,6.75,6.8,45185,EQ,,,
2015-10-01,6.85,7.1,6.7,6.8,62530,EQ,,,
2015-10-05,6.9,6.9,6.4,6.55,127566,EQ,,,
2015-10-06,6.65,6.85,6.5,6.65,61310,EQ,,,
2015-10-07,6.7,7.2,6.6,6.8,76189,EQ,,,
2015-10-08,6.8,7.0,6.75,6.8,50577,EQ,,,
2015-10-09,6.9,7.2,6.8,6.85,65445,EQ,,,
2015-10-12,6.9,7.05,6.75,6.8,54760,EQ,,,
2015-10-13,6.8,7.5,6.8,7.3,237945,EQ,,,
2015-10-14,7.4,7.7,7.3,7.35,132078,EQ,,,
2015-10-15,7.55,7.65,7.2,7.3,85703,EQ,,,
2015-10-16,7.35,7.4,6.5,7.05,112720,EQ,,,
2015-10-19,7.1,7.1,6.8,6.9,58568,EQ,,,
2015-10-20,6.95,7.2,6.8,6.95,72792,EQ,,,
2015-10-21,7.05,7.25,7.0,7.1,57733,EQ,,,
2015-10-23,7.25,7.3,7.05,7.1,38099,EQ,,,
2015-10-26,7.1,8.3,7.1,7.9,695205,EQ,,,
2015-10-27,7.85,7.95,7.45,7.7,161554,EQ,,,
2015-10-28,7.7,8.4,7.7,7.95,279377,EQ,,,
2015-10-29,7.9,8.3,6.65,6.95,331145,EQ,,,
2015-10-30,6.35,6.7,5.9,6.05,702121,EQ,,,
2015-11-02,6.0,6.2,5.65,6.05,163506,EQ,,,
2015-11-03,6.1,6.75,6.05,6.4,378708,EQ,,,
2015-11-04,6.45,6.6,6.4,6.45,162938,EQ,,,
2015-11-05,6.5,6.5,6.15,6.2,62159,EQ,,,
2015-11-06,6.2,6.3,5.95,6.0,71862,EQ,,,
2015-11-09,5.7,6.2,5.7,6.0,98105,EQ,,,
2015-11-10,5.95,6.2,5.05,5.9,154352,EQ,,,
2015-11-11,6.1,6.15,5.95,6.1,25806,EQ,,,
2015-11-13,5.9,6.2,5.9,6.0,50587,EQ,,,
2015-11-16,6.0,6.2,5.95,6.0,46876,EQ,,,
2015-11-17,6.05,6.15,5.9,5.95,44321,EQ,,,
2015-11-18,5.95,6.0,5.7,5.8,37823,EQ,,,
2015-11-19,5.6,5.9,5.6,5.8,41614,EQ,,,
2015-11-20,5.8,5.85,5.7,5.7,43782,EQ,,,
2015-11-23,5.7,6.35,5.7,6.1,268685,EQ,,,
2015-11-24,6.1,6.2,5.9,6.0,108865,EQ,,,
2015-11-26,5.9,6.25,5.9,6.1,87227,EQ,,,
2015-11-27,6.1,6.15,5.85,5.95,81646,EQ,,,
2015-11-30,5.95,6.8,5.95,6.65,503376,EQ,,,
2015-12-01,6.7,6.7,6.1,6.4,165006,EQ,,,
2015-12-02,6.45,7.05,6.3,6.85,537303,EQ,,,
2015-12-03,6.8,7.1,6.65,6.7,308186,EQ,,,
2015-12-04,6.6,6.7,6.4,6.45,103790,EQ,,,
2015-12-07,6.6,6.95,6.4,6.8,292145,EQ,,,
2015-12-08,6.75,6.95,6.55,6.6,160274,EQ,,,
2015-12-09,6.6,6.6,6.3,6.3,94473,EQ,,,
2015-12-10,6.5,6.55,6.3,6.45,80827,EQ,,,
2015-12-11,6.5,6.55,6.3,6.35,61658,EQ,,,
2015-12-14,6.4,6.6,6.35,6.45,33479,EQ,,,
2015-12-15,6.8,6.8,6.4,6.45,35226,EQ,,,
2015-12-16,6.45,6.6,6.4,6.4,30938,EQ,,,
2015-12-17,6.55,6.75,6.4,6.7,53215,EQ,,,
2015-12-18,6.6,7.2,6.5,6.9,480930,EQ,,,
2015-12-21,6.95,6.95,6.7,6.8,89610,EQ,,,
2015-12-22,6.75,6.85,6.35,6.65,86118,EQ,,,
2015-12-23,6.8,7.55,6.7,6.95,614465,EQ,,,
2015-12-24,7.05,7.4,6.95,7.1,375115,EQ,,,
2015-12-28,7.15,7.35,6.95,7.1,122829,EQ,,,
2015-12-29,7.1,7.15,6.7,6.8,95576,EQ,,,
2015-12-30,6.85,7.15,6.7,6.85,118300,EQ,,,
2015-12-31,6.9,6.95,6.7,6.75,68208,EQ,,,
2016-01-01,6.8,6.9,6.75,6.8,41830,EQ,,,
2016-01-04,6.75,6.95,6.65,6.7,100337,EQ,,,
2016-01-05,6.75,6.95,6.6,6.7,126231,EQ,,,
2016-01-06,6.75,6.85,6.6,6.7,70230,EQ,,,
2016-01-07,6.65,6.65,6.3,6.35,90138,EQ,,,
2016-01-08,6.5,6.6,6.25,6.35,65601,EQ,,,
2016-01-11,6.3,6.55,6.25,6.35,95535,EQ,,,
2016-01-12,6.45,6.45,6.0,6.1,87245,EQ,,,
2016-01-13,6.25,6.3,4.95,5.7,182716,EQ,,,
2016-01-14,5.5,5.95,5.4,5.7,72981,EQ,,,
2016-01-15,5.8,5.8,5.25,5.3,92525,EQ,,,
2016-01-18,5.3,5.3,4.8,4.85,111558,EQ,,,
2016-01-19,4.9,5.1,4.6,4.8,68291,EQ,,,
2016-01-20,4.9,4.9,4.4,4.55,97184,EQ,,,
2016-01-21,4.7,4.8,4.35,4.5,56076,EQ,,,
2016-01-22,4.7,5.3,4.65,5.15,155230,EQ,,,
2016-01-25,5.3,5.55,5.2,5.3,71506,EQ,,,
2016-01-27,5.35,6.1,4.9,5.95,335845,EQ,,,
2016-01-28,6.1,6.4,6.0,6.05,342707,EQ,,,
2016-01-29,6.0,6.2,5.65,5.9,66259,EQ,,,
2016-02-01,6.0,6.2,5.65,5.8,69991,EQ,,,
2016-02-02,5.8,5.95,5.5,5.55,56310,EQ,,,
2016-02-03,5.4,5.5,5.2,5.25,64569,EQ,,,
2016-02-04,5.45,5.75,5.0,5.45,132275,EQ,,,
2016-02-05,5.5,5.6,5.05,5.2,115076,EQ,,,
2016-02-08,5.8,6.1,5.7,5.9,536047,EQ,,,
2016-02-09,5.8,5.85,5.6,5.75,83650,EQ,,,
2016-02-10,5.8,5.8,5.4,5.45,46852,EQ,,,
2016-02-11,5.55,5.55,4.8,4.9,144930,EQ,,,
2016-02-12,5.0,5.15,4.7,4.85,109085,EQ,,,
2016-02-15,4.8,5.2,4.8,5.15,45368,EQ,,,
2016-02-16,5.1,5.2,4.65,4.7,59191,EQ,,,
2016-02-17,4.7,4.7,4.45,4.65,60538,EQ,,,
2016-02-18,4.8,5.0,4.7,4.85,52018,EQ,,,
2016-02-19,4.8,4.9,4.6,4.65,57310,EQ,,,
2016-02-22,4.7,4.8,4.6,4.65,59132,EQ,,,
2016-02-23,4.7,4.75,4.6,4.65,32937,EQ,,,
2016-02-24,4.7,4.7,4.45,4.45,45724,EQ,,,
2016-02-25,4.5,4.65,4.4,4.4,17180,EQ,,,
2016-02-26,4.5,4.65,4.2,4.35,29959,EQ,,,
2016-02-29,4.3,4.6,4.15,4.25,32689,EQ,,,
2016-03-01,4.35,4.5,4.35,4.5,38414,EQ,,,
2016-03-02,4.65,5.15,4.55,4.95,305938,EQ,,,
2016-03-03,5.1,5.2,5.0,5.15,185462,EQ,,,
2016-03-04,5.2,5.3,5.0,5.1,59090,EQ,,,
2016-03-08,5.15,5.15,4.95,5.0,66315,EQ,,,
2016-03-09,4.95,5.05,4.85,5.0,48763,EQ,,,
2016-03-10,5.0,5.2,5.0,5.1,85308,EQ,,,
2016-03-11,5.05,5.2,4.8,4.9,80287,EQ,,,
2016-03-14,4.95,5.15,4.95,5.0,46849,EQ,,,
2016-03-15,5.0,5.05,4.6,4.75,49448,EQ,,,
2016-03-16,4.8,4.95,4.7,4.8,31916,EQ,,,
2016-03-17,4.8,4.9,4.65,4.7,35688,EQ,,,
2016-03-18,4.9,4.9,4.65,4.7,39255,EQ,,,
2016-03-21,4.75,4.8,4.6,4.65,55351,EQ,,,
2016-03-22,4.7,4.75,4.6,4.65,35537,EQ,,,
2016-03-23,4.65,4.65,4.5,4.55,49620,EQ,,,
2016-03-28,4.6,4.6,4.3,4.35,73492,EQ,,,
2016-03-29,4.45,5.05,4.4,4.85,343252,EQ,,,
2016-03-30,4.9,5.1,4.65,4.75,152387,EQ,,,
2016-03-31,4.75,4.95,4.7,4.8,45678,EQ,,,
2016-04-01,4.8,5.2,4.55,5.05,84594,EQ,,,
2016-04-04,5.1,5.2,4.9,5.0,45596,EQ,,,
2016-04-05,4.95,5.0,4.65,4.7,110417,EQ,,,
2016-04-06,4.75,5.1,4.7,4.9,102704,EQ,,,
2016-04-07,4.9,5.1,4.8,4.85,71232,EQ,,,
2016-04-08,4.85,5.0,4.85,4.95,66331,EQ,,,
2016-04-11,5.1,5.4,5.0,5.2,204715,EQ,,,
2016-04-12,5.3,5.4,5.25,5.3,41245,EQ,,,
2016-04-13,5.4,5.45,5.2,5.3,68652,EQ,,,
2016-04-18,5.15,5.35,5.15,5.25,27524,EQ,,,
2016-04-20,5.2,5.3,5.1,5.2,46305,EQ,,,
2016-04-21,5.25,5.25,5.1,5.15,23704,EQ,,,
2016-04-22,5.1,5.15,4.9,5.0,43280,EQ,,,
2016-04-25,5.05,5.6,5.05,5.35,307729,EQ,,,
2016-04-26,5.3,5.4,5.2,5.25,37088,EQ,,,
2016-04-27,5.25,5.35,5.2,5.2,21230,EQ,,,
2016-04-28,5.2,5.3,5.1,5.15,36067,EQ,,,
2016-04-29,5.2,5.25,4.95,5.0,54018,EQ,,,
2016-05-02,5.1,5.25,5.05,5.15,29277,EQ,,,
2016-05-03,5.1,5.3,5.05,5.1,56630,EQ,,,
2016-05-04,5.3,5.4,5.05,5.1,63549,EQ,,,
2016-05-05,5.1,5.25,5.05,5.1,42340,EQ,,,
2016-05-06,5.1,5.4,4.95,5.05,41796,EQ,,,
2016-05-09,5.1,5.2,4.6,4.8,224767,EQ,,,
2016-05-10,4.8,5.0,4.7,4.75,213932,EQ,,,
2016-05-11,4.65,4.9,4.65,4.8,136836,EQ,,,
2016-05-12,4.8,4.9,4.75,4.8,141172,EQ,,,
2016-05-13,5.1,5.5,4.9,5.35,843347,EQ,,,
2016-05-16,5.4,6.4,5.35,6.3,2421319,EQ,,,
2016-05-17,6.25,6.55,5.8,6.0,1099330,EQ,,,
2016-05-18,6.0,6.6,5.9,6.45,1039516,EQ,,,
2016-05-19,6.55,7.35,6.55,7.05,1857108,EQ,,,
2016-05-20,7.2,7.5,6.5,6.65,1047104,EQ,,,
2016-05-23,6.8,7.25,6.8,7.0,625987,EQ,,,
2016-05-24,7.1,7.1,6.7,6.8,263279,EQ,,,
2016-05-25,6.95,6.95,6.55,6.65,252348,EQ,,,
2016-05-26,6.6,6.75,6.05,6.2,379700,EQ,,,
2016-05-27,6.3,6.6,6.1,6.3,341930,EQ,,,
2016-05-30,5.65,5.8,5.65,5.65,116811,EQ,,,
2016-05-31,5.2,5.5,5.15,5.3,556237,EQ,,,
2016-06-01,5.4,5.6,5.3,5.5,524964,EQ,,,
2016-06-02,5.5,5.55,5.25,5.3,168647,EQ,,,
2016-06-03,5.25,5.45,5.25,5.3,100752,EQ,,,
2016-06-06,5.3,5.45,5.2,5.2,77194,EQ,,,
2016-06-07,5.25,5.4,5.25,5.35,63686,EQ,,,
2016-06-08,5.45,5.45,5.25,5.3,58159,EQ,,,
2016-06-09,5.35,5.4,5.2,5.2,76793,EQ,,,
2016-06-10,5.25,5.3,5.1,5.15,68195,EQ,,,
2016-06-13,5.15,5.15,4.9,5.05,81021,EQ,,,
2016-06-14,5.1,5.3,4.95,5.2,148233,EQ,,,
2016-06-15,5.15,5.2,5.0,5.15,60105,EQ,,,
2016-06-16,5.15,5.3,5.05,5.1,61971,EQ,,,
2016-06-17,5.2,5.25,5.1,5.2,40083,EQ,,,
2016-06-20,5.2,5.45,5.1,5.4,119423,EQ,,,
2016-06-21,5.45,5.7,5.45,5.6,166094,EQ,,,
2016-06-22,5.7,5.8,5.45,5.5,233113,EQ,,,
2016-06-23,5.5,5.7,5.45,5.55,76801,EQ,,,
2016-06-24,5.25,5.4,5.25,5.35,87261,EQ,,,
2016-06-27,5.4,5.55,5.3,5.5,104498,EQ,,,
2016-06-28,5.6,5.65,5.35,5.55,96160,EQ,,,
2016-06-29,5.75,5.85,5.65,5.85,299975,EQ,,,
2016-06-30,6.0,6.05,5.6,5.65,245397,EQ,,,
2016-07-01,5.9,6.2,5.6,6.2,636207,EQ,,,
2016-07-04,6.3,6.75,6.3,6.5,516416,EQ,,,
2016-07-05,6.6,6.6,6.2,6.25,161237,EQ,,,
2016-07-07,6.3,6.7,6.3,6.4,171211,EQ,,,
2016-07-08,6.4,6.5,6.25,6.25,88548,EQ,,,
2016-07-11,6.45,6.45,6.05,6.15,91221,EQ,,,
2016-07-12,6.35,6.35,6.05,6.1,60559,EQ,,,
2016-07-13,6.05,6.15,6.05,6.05,101642,EQ,,,
2016-07-14,6.1,6.45,6.0,6.3,212942,EQ,,,
2016-07-15,6.3,6.45,6.05,6.1,94923,EQ,,,
2016-07-18,6.25,6.3,6.0,6.05,76608,EQ,,,
2016-07-19,6.15,6.15,6.0,6.0,80949,EQ,,,
2016-07-20,6.1,6.1,5.95,6.0,105308,EQ,,,
2016-07-21,6.0,6.2,5.95,6.0,99922,EQ,,,
2016-07-22,6.1,6.15,5.95,6.0,88728,EQ,,,
2016-07-25,6.1,6.2,6.0,6.05,77155,EQ,,,
2016-07-26,6.05,6.65,6.0,6.3,412613,EQ,,,
2016-07-27,6.3,6.45,6.2,6.25,111562,EQ,,,
2016-07-28,6.3,6.4,6.2,6.35,144937,EQ,,,
2016-07-29,6.35,6.4,6.2,6.2,56443,EQ,,,
2016-08-01,6.25,6.4,6.05,6.1,92778,EQ,,,
2016-08-02,6.1,6.25,6.1,6.15,74880,EQ,,,
2016-08-03,6.15,6.15,5.8,5.9,102661,EQ,,,
2016-08-04,6.05,6.1,5.9,5.9,50403,EQ,,,
2016-08-05,6.05,6.6,6.0,6.35,331151,EQ,,,
2016-08-08,6.45,6.55,6.3,6.35,89300,EQ,,,
2016-08-09,6.3,6.45,6.25,6.4,96999,EQ,,,
2016-08-10,6.4,6.7,6.15,6.65,256657,EQ,,,
2016-08-11,6.6,6.8,6.55,6.6,184421,EQ,,,
2016-08-12,6.6,6.9,6.5,6.65,194754,EQ,,,
2016-08-16,6.65,6.85,6.3,6.3,137565,EQ,,,
2016-08-17,6.35,6.45,6.3,6.4,38425,EQ,,,
2016-08-18,6.4,6.5,6.3,6.35,60880,EQ,,,
2016-08-19,6.3,6.5,6.3,6.35,48843,EQ,,,
2016-08-22,6.25,6.35,6.2,6.3,46660,EQ,,,
2016-08-23,6.2,7.2,6.2,6.8,779751,EQ,,,
2016-08-24,6.75,7.25,6.7,7.1,661401,EQ,,,
2016-08-25,7.2,8.5,7.0,8.45,2889037,EQ,,,
2016-08-26,8.65,9.8,8.6,9.5,3297054,EQ,,,
2016-08-29,9.65,9.65,8.55,8.65,1188571,EQ,,,
2016-08-30,8.7,9.3,8.45,9.2,1057336,EQ,,,
2016-08-31,9.2,9.25,8.75,8.8,339044,EQ,,,
2016-09-01,8.8,9.35,8.7,9.2,487055,EQ,,,
2016-09-02,9.2,9.9,8.9,9.65,535758,EQ,,,
2016-09-06,9.7,10.4,9.6,10.1,976219,EQ,,,
2016-09-07,10.2,10.2,9.85,9.95,347589,EQ,,,
2016-09-08,9.95,10.2,9.85,9.95,242666,EQ,,,
2016-09-09,9.85,9.9,9.2,9.5,388678,EQ,,,
2016-09-12,9.0,9.45,8.65,9.2,385078,EQ,,,
2016-09-14,9.3,9.55,9.3,9.3,130784,EQ,,,
2016-09-15,9.4,9.6,9.25,9.45,84450,EQ,,,
2016-09-16,9.55,9.95,8.55,9.85,306016,EQ,,,
2016-09-19,9.95,10.2,9.6,9.8,226436,EQ,,,
2016-09-20,9.85,10.05,9.5,9.65,163005,EQ,,,
2016-09-21,9.75,9.9,9.35,9.55,80808,EQ,,,
2016-09-22,9.7,9.85,9.65,9.75,77853,EQ,,,
2016-09-23,9.8,10.7,9.6,10.7,907095,EQ,,,
2016-09-26,10.9,11.8,10.85,11.8,1323351,EQ,,,
2016-09-27,12.1,12.65,11.8,12.05,1057348,EQ,,,
2016-09-28,12.5,12.5,11.6,11.9,272882,EQ,,,
2016-09-29,12.05,12.4,11.3,11.3,370718,EQ,,,
2016-09-30,10.75,11.85,10.75,11.75,466083,EQ,,,
2016-10-03,11.85,12.35,11.8,12.1,334355,EQ,,,
2016-10-04,12.2,12.65,11.9,12.55,366338,EQ,,,
2016-10-05,12.6,13.15,12.25,13.0,336965,EQ,,,
2016-10-06,13.1,13.35,12.8,12.95,207671,EQ,,,
2016-10-07,13.1,13.5,12.6,13.3,287907,EQ,,,
2016-10-10,13.4,13.75,13.3,13.5,182258,EQ,,,
2016-10-13,13.45,13.45,12.85,13.1,133409,EQ,,,
2016-10-14,13.1,13.3,12.85,12.95,102251,EQ,,,
2016-10-17,13.0,13.6,13.0,13.6,241701,EQ,,,
2016-10-18,14.05,14.3,13.85,14.3,85111,EQ,,,
2016-10-19,14.55,14.95,13.85,14.3,287352,EQ,,,
2016-10-20,14.35,14.65,14.15,14.25,80884,EQ,,,
2016-10-21,14.2,14.4,13.7,14.0,116095,EQ,,,
2016-10-24,13.95,14.6,13.9,14.15,131058,EQ,,,
2016-10-25,14.3,14.35,14.05,14.1,64611,EQ,,,
2016-10-26,14.2,14.45,13.8,14.0,113205,EQ,,,
2016-10-27,14.1,14.2,13.65,13.95,96714,EQ,,,
2016-10-28,13.95,14.3,13.8,14.0,81751,EQ,,,
2016-10-30,14.2,14.4,14.0,14.15,23313,EQ,,,
2016-11-01,14.1,14.4,14.05,14.15,55705,EQ,,,
2016-11-02,14.0,14.5,13.7,14.2,120967,EQ,,,
2016-11-03,14.35,14.9,14.1,14.9,475601,EQ,,,
2016-11-04,15.25,16.4,14.5,14.9,718024,EQ,,,
2016-11-07,15.5,15.9,15.1,15.45,199723,EQ,,,
2016-11-08,15.5,15.85,15.3,15.5,108604,EQ,,,
2016-11-09,13.95,14.85,13.95,14.35,200824,EQ,,,
2016-11-10,14.6,15.25,14.45,14.6,190358,EQ,,,
2016-11-11,14.25,14.4,13.1,13.1,219023,EQ,,,
2016-11-15,11.9,12.0,11.8,11.8,52901,EQ,,,
2016-11-16,11.25,11.75,11.2,11.2,435954,EQ,,,
2016-11-17,11.2,11.6,10.65,10.65,121619,EQ,,,
2016-11-18,10.65,10.8,10.15,10.35,197254,EQ,,,
2016-11-21,10.05,10.45,9.85,9.9,162955,EQ,,,
2016-11-22,10.0,10.35,9.45,10.15,141836,EQ,,,
2016-11-23,10.3,10.65,10.0,10.65,106166,EQ,,,
2016-11-24,10.8,11.2,10.5,11.2,96880,EQ,,,
2016-11-25,11.35,11.75,11.35,11.75,76507,EQ,,,
2016-11-28,12.0,12.15,11.6,11.85,117511,EQ,,,
2016-11-29,12.0,12.35,11.7,11.75,72424,EQ,,,
2016-11-30,12.0,12.2,11.55,11.9,75728,EQ,,,
2016-12-01,12.1,12.1,11.6,11.85,42358,EQ,,,
2016-12-02,11.85,11.85,11.4,11.45,40906,EQ,,,
2016-12-05,11.45,11.9,11.0,11.65,32642,EQ,,,
2016-12-06,11.8,12.2,11.75,11.85,101400,EQ,,,
2016-12-07,11.9,11.95,11.4,11.65,48146,EQ,,,
2016-12-08,12.05,12.05,11.7,11.8,27077,EQ,,,
2016-12-09,11.95,11.95,11.5,11.6,33636,EQ,,,
2016-12-12,11.7,11.75,11.2,11.35,41068,EQ,,,
2016-12-13,11.1,11.7,11.05,11.5,46118,EQ,,,
2016-12-14,11.4,11.55,11.1,11.3,54104,EQ,,,
2016-12-15,11.25,11.5,11.0,11.05,36793,EQ,,,
2016-12-16,11.15,11.3,10.8,10.95,76526,EQ,,,
2016-12-19,10.85,11.2,10.6,10.7,29611,EQ,,,
2016-12-20,10.65,10.95,10.3,10.6,33030,EQ,,,
2016-12-21,10.9,10.9,10.35,10.45,122362,EQ,,,
2016-12-22,10.3,10.6,10.05,10.35,51264,EQ,,,
2016-12-23,10.65,10.9,10.3,10.5,41514,EQ,,,
2016-12-26,10.5,10.5,10.0,10.05,40209,EQ,,,
2016-12-27,9.8,10.55,9.8,10.55,38190,EQ,,,
2016-12-28,10.6,11.05,10.5,10.8,85259,EQ,,,
2016-12-29,10.9,11.0,10.65,10.75,25066,EQ,,,
2016-12-30,10.9,11.25,10.8,11.15,63052,EQ,,,
2017-01-02,11.1,11.65,11.1,11.45,29629,EQ,,,
2017-01-03,11.45,11.7,11.35,11.45,123559,EQ,,,
2017-01-04,11.5,11.65,11.3,11.45,38896,EQ,,,
2017-01-05,11.6,12.0,11.55,12.0,45158,EQ,,,
2017-01-06,11.4,12.6,11.4,12.2,171964,EQ,,,
2017-01-09,12.3,12.45,12.1,12.2,122952,EQ,,,
2017-01-10,12.4,12.8,12.15,12.8,189053,EQ,,,
2017-01-11,12.95,13.45,12.9,13.45,89361,EQ,,,
2017-01-12,13.5,14.1,13.5,14.1,365890,EQ,,,
2017-01-13,14.4,14.4,13.6,13.9,110762,EQ,,,
2017-01-16,14.0,14.3,13.85,14.1,163635,EQ,,,
2017-01-17,14.35,14.75,14.0,14.2,80457,EQ,,,
2017-01-18,14.3,14.5,14.0,14.2,64013,EQ,,,
2017-01-19,14.05,14.3,14.05,14.1,15420,EQ,,,
2017-01-20,14.0,14.1,13.4,13.65,62499,EQ,,,
2017-01-23,13.65,14.3,13.4,14.15,57456,EQ,,,
2017-01-24,14.3,14.6,14.1,14.2,62248,EQ,,,
2017-01-25,14.3,14.5,13.9,14.35,164091,EQ,,,
2017-01-27,15.05,15.05,15.05,15.05,62673,EQ,,,
2017-01-30,15.6,15.8,14.4,14.55,517204,EQ,,,
2017-01-31,14.75,15.3,14.45,15.25,235055,EQ,,,
2017-02-01,15.2,15.75,14.8,15.35,116404,EQ,,,
2017-02-02,15.3,15.9,15.0,15.65,94764,EQ,,,
2017-02-03,15.5,15.9,15.1,15.25,62736,EQ,,,
2017-02-06,15.2,15.9,15.2,15.5,118619,EQ,,,
2017-02-07,15.8,17.0,15.8,16.35,297508,EQ,,,
2017-02-08,16.5,17.95,16.5,17.9,726125,EQ,,,
2017-02-09,18.3,19.0,17.65,18.25,507229,EQ,,,
2017-02-10,18.45,18.45,17.5,17.55,131674,EQ,,,
2017-02-13,17.5,17.75,16.8,16.9,137776,EQ,,,
2017-02-14,17.0,17.65,16.6,17.35,120412,EQ,,,
2017-02-15,17.45,17.55,16.6,17.35,125458,EQ,,,
2017-02-16,17.5,18.75,17.4,18.2,374381,EQ,,,
2017-02-17,18.2,19.05,18.2,18.65,343541,EQ,,,
2017-02-20,18.75,18.95,18.3,18.75,154638,EQ,,,
2017-02-21,18.75,19.45,18.5,18.7,319167,EQ,,,
2017-02-22,18.85,19.0,18.35,18.45,95914,EQ,,,
2017-02-23,18.4,18.55,17.85,18.0,93388,EQ,,,
2017-02-27,18.4,18.8,18.3,18.5,140653,EQ,,,
2017-02-28,18.5,19.3,18.4,19.05,265639,EQ,,,
2017-03-01,19.3,19.65,19.3,19.45,226799,EQ,,,
2017-03-02,19.55,19.65,18.7,19.0,137657,EQ,,,
2017-03-03,18.95,19.1,18.6,18.9,144942,EQ,,,
2017-03-06,19.05,19.3,18.85,18.95,97789,EQ,,,
2017-03-07,19.1,19.45,18.7,19.15,122900,EQ,,,
2017-03-08,19.5,20.5,18.2,20.15,1166329,EQ,,,
2017-03-09,20.2,20.2,19.15,19.3,373335,EQ,,,
2017-03-10,19.25,19.9,19.25,19.4,191358,EQ,,,
2017-03-14,19.8,20.2,19.45,19.85,242097,EQ,,,
2017-03-15,19.95,20.1,19.65,19.75,134733,EQ,,,
2017-03-16,19.95,20.0,19.7,19.75,79875,EQ,,,
2017-03-17,19.9,20.0,19.3,19.35,97035,EQ,,,
2017-03-20,19.5,20.6,19.2,20.35,410751,EQ,,,
2017-03-21,20.7,21.0,18.85,19.4,772772,EQ,,,
2017-03-22,19.15,19.35,18.55,19.0,195441,EQ,,,
2017-03-23,19.2,19.35,18.75,19.05,85981,EQ,,,
2017-03-24,19.0,19.85,18.9,19.0,182564,EQ,,,
2017-03-27,19.05,19.05,17.85,18.35,116201,EQ,,,
2017-03-28,18.4,19.1,18.4,18.75,88037,EQ,,,
2017-03-29,18.8,19.35,18.6,18.7,113130,EQ,,,
2017-03-30,18.8,19.0,18.75,18.9,51744,EQ,,,
2017-03-31,18.9,19.3,18.65,19.05,64778,EQ,,,
2017-04-03,19.2,19.35,18.95,19.15,43435,EQ,,,
2017-04-05,19.15,20.1,19.15,19.5,150082,EQ,,,
2017-04-06,19.6,19.7,19.15,19.25,39636,EQ,,,
2017-04-07,19.0,19.8,18.8,19.2,161342,EQ,,,
2017-04-10,19.6,19.8,18.7,19.0,140448,EQ,,,
2017-04-11,19.1,19.4,18.9,19.0,38953,EQ,,,
2017-04-12,19.0,19.15,18.4,18.45,107077,EQ,,,
2017-04-13,18.5,18.6,18.2,18.3,58379,EQ,,,
2017-04-17,18.4,18.7,18.2,18.35,57754,EQ,,,
2017-04-18,18.45,18.6,18.2,18.25,40040,EQ,,,
2017-04-19,18.3,18.5,18.1,18.4,65747,EQ,,,
2017-04-20,18.4,18.5,18.1,18.25,49947,EQ,,,
2017-04-21,18.4,18.7,18.2,18.25,55857,EQ,,,
2017-04-24,18.4,19.0,18.2,18.85,119029,EQ,,,
2017-04-25,18.9,19.6,18.9,19.25,138013,EQ,,,
2017-04-26,19.3,19.65,18.6,18.9,72638,EQ,,,
2017-04-27,18.9,18.9,18.65,18.75,24756,EQ,,,
2017-04-28,18.6,19.2,18.4,18.95,57956,EQ,,,
2017-05-02,18.85,19.1,18.25,18.5,35568,EQ,,,
2017-05-03,18.4,18.7,18.3,18.4,20478,EQ,,,
2017-05-04,18.55,19.55,18.55,19.1,184288,EQ,,,
2017-05-05,19.0,19.25,18.5,18.85,62844,EQ,,,
2017-05-08,19.2,19.4,18.7,19.3,77926,EQ,,,
2017-05-09,19.4,19.5,19.0,19.15,45713,EQ,,,
2017-05-10,19.3,19.5,19.1,19.15,34076,EQ,,,
2017-05-11,19.2,19.3,18.65,18.9,52664,EQ,,,
2017-05-12,19.1,20.15,18.7,19.75,104724,EQ,,,
2017-05-15,19.9,23.2,19.9,22.0,1730945,EQ,,,
2017-05-16,22.15,22.7,21.65,21.9,280804,EQ,,,
2017-05-17,21.95,22.65,21.7,22.05,169226,EQ,,,
2017-05-18,21.5,22.3,21.2,21.35,96685,EQ,,,
2017-05-19,21.4,22.15,19.8,20.5,167345,EQ,,,
2017-05-22,20.8,21.5,20.45,21.15,80743,EQ,,,
2017-05-23,21.4,21.85,20.55,21.25,179679,EQ,,,
2017-05-24,21.25,21.8,20.4,20.6,94798,EQ,,,
2017-05-25,20.8,21.5,20.8,21.2,68944,EQ,,,
2017-05-26,21.4,24.25,21.1,23.2,685430,EQ,,,
2017-05-29,23.3,24.3,22.75,23.2,282546,EQ,,,
2017-05-30,23.1,23.65,22.85,23.25,124031,EQ,,,
2017-05-31,21.5,22.75,20.4,21.7,323132,EQ,,,
2017-06-01,21.6,22.6,21.3,21.45,133750,EQ,,,
2017-06-02,21.65,21.95,21.3,21.5,91579,EQ,,,
2017-06-05,21.5,23.5,21.5,22.75,341326,EQ,,,
2017-06-06,22.9,24.4,22.15,23.35,383040,EQ,,,
2017-06-07,23.5,24.1,23.2,23.4,158121,EQ,,,
2017-06-08,23.6,23.95,23.15,23.4,97621,EQ,,,
2017-06-09,23.65,23.9,23.15,23.4,89623,EQ,,,
2017-06-12,23.4,25.2,22.8,24.25,559724,EQ,,,
2017-06-13,24.4,25.45,24.35,24.8,475476,EQ,,,
2017-06-14,24.9,25.8,24.7,25.25,268801,EQ,,,
2017-06-15,25.2,25.75,24.8,24.95,119054,EQ,,,
2017-06-16,25.1,25.65,24.9,25.3,183167,EQ,,,
2017-06-19,25.5,25.7,25.2,25.35,107048,EQ,,,
2017-06-20,25.5,26.5,25.25,25.5,725182,EQ,,,
2017-06-21,25.75,26.2,25.6,25.85,130219,EQ,,,
2017-06-22,25.9,26.05,25.0,25.6,110981,EQ,,,
2017-06-23,25.85,25.85,24.7,25.1,66535,EQ,,,
2017-06-27,25.4,25.65,24.55,24.9,75926,EQ,,,
2017-06-28,24.7,24.85,23.9,24.25,74122,EQ,,,
2017-06-29,24.7,25.3,24.4,24.75,99635,EQ,,,
2017-06-30,24.8,25.2,23.85,24.7,110042,EQ,,,
2017-07-03,24.7,25.65,23.5,23.9,225973,EQ,,,
2017-07-04,24.3,24.55,23.7,23.9,88736,EQ,,,
2017-07-05,24.95,24.95,24.2,24.4,173205,EQ,,,
2017-07-06,24.5,25.0,23.85,24.2,165954,EQ,,,
2017-07-07,24.25,24.45,23.85,24.0,50857,EQ,,,
2017-07-10,23.9,24.3,23.9,24.15,9761,EQ,,,
2017-07-11,24.4,24.45,23.7,23.95,31777,EQ,,,
2017-07-12,24.15,24.3,23.7,23.85,53015,EQ,,,
2017-07-13,24.0,24.9,23.6,24.6,131278,EQ,,,
2017-07-14,24.9,25.0,24.15,24.65,120380,EQ,,,
2017-07-17,24.5,24.8,23.5,24.2,61596,EQ,,,
2017-07-18,23.8,24.5,23.8,24.35,59387,EQ,,,
2017-07-19,24.2,24.4,23.95,24.05,24965,EQ,,,
2017-07-20,24.1,24.8,23.9,24.75,133196,EQ,,,
2017-07-21,24.5,25.2,24.4,24.95,104637,EQ,,,
2017-07-24,24.6,25.85,24.6,25.1,134297,EQ,,,
2017-07-25,25.2,25.4,24.75,25.05,48143,EQ,,,
2017-07-26,25.1,25.1,24.75,25.0,38956,EQ,,,
2017-07-27,25.2,25.5,24.6,25.0,56916,EQ,,,
2017-07-28,24.8,25.3,24.65,24.8,49196,EQ,,,
2017-07-31,24.95,25.3,24.65,24.85,24638,EQ,,,
2017-08-01,25.0,27.2,25.0,26.85,432672,EQ,,,
2017-08-02,26.95,27.7,26.8,27.45,444019,EQ,,,
2017-08-03,27.5,27.7,27.15,27.35,91215,EQ,,,
2017-08-04,27.3,27.45,26.55,26.7,59662,EQ,,,
2017-08-07,27.05,27.5,27.05,27.1,60823,EQ,,,
2017-08-08,27.25,29.6,26.3,27.95,243249,EQ,,,
2017-08-09,27.65,33.5,27.4,32.8,1530413,EQ,,,
2017-08-10,33.0,36.2,26.6,29.2,1735465,EQ,,,
2017-08-11,29.25,31.8,28.5,30.7,629106,EQ,,,
2017-08-14,31.2,35.0,31.2,32.85,337877,EQ,,,
2017-08-16,33.15,33.9,32.1,33.0,267747,EQ,,,
2017-08-17,33.3,35.9,32.35,35.45,709717,EQ,,,
2017-08-18,35.15,35.4,34.3,35.05,270709,EQ,,,
2017-08-21,35.45,36.4,34.8,35.2,396509,EQ,,,
2017-08-22,35.5,36.0,33.45,34.65,182020,EQ,,,
2017-08-23,35.0,36.65,34.5,36.25,506908,EQ,,,
2017-08-24,36.6,39.6,36.3,38.95,972750,EQ,,,
2017-08-28,39.5,39.9,38.35,39.0,433555,EQ,,,
2017-08-29,38.8,39.9,37.55,38.0,266241,EQ,,,
2017-08-30,38.45,39.1,38.05,38.3,128869,EQ,,,
2017-08-31,38.55,39.45,37.75,38.75,258001,EQ,,,
2017-09-01,38.95,39.3,38.1,38.35,120762,EQ,,,
2017-09-04,38.55,38.8,37.5,38.05,149768,EQ,,,
2017-09-05,38.1,39.0,38.0,38.35,145515,EQ,,,
2017-09-06,38.0,41.2,38.0,40.85,756262,EQ,,,
2017-09-07,41.75,44.15,41.75,42.2,584106,EQ,,,
2017-09-08,42.65,43.6,41.85,42.25,234013,EQ,,,
2017-09-11,42.65,47.75,42.65,46.1,1220529,EQ,,,
2017-09-12,46.85,48.0,42.5,44.7,791097,EQ,,,
2017-09-13,45.45,47.45,40.5,41.7,1069104,EQ,,,
2017-09-14,42.2,43.45,41.0,42.25,501387,EQ,,,
2017-09-15,41.95,42.6,40.05,41.8,634868,EQ,,,
2017-09-18,42.95,43.2,42.0,42.1,172751,EQ,,,
2017-09-19,42.3,42.7,41.1,41.65,180668,EQ,,,
2017-09-20,41.9,42.25,41.25,41.65,150330,EQ,,,
2017-09-21,42.1,42.6,41.4,41.6,221435,EQ,,,
2017-09-22,41.0,41.4,39.6,39.9,204577,EQ,,,
2017-09-25,40.8,41.05,37.1,39.9,549246,EQ,,,
2017-09-26,40.25,43.1,40.25,41.65,593340,EQ,,,
2017-09-27,41.95,42.2,40.0,40.35,207768,EQ,,,
2017-09-28,40.5,41.0,39.8,40.3,156972,EQ,,,
2017-09-29,40.5,41.8,40.5,40.8,164199,EQ,,,
2017-10-03,41.25,41.6,40.45,40.7,90643,EQ,,,
2017-10-04,41.05,42.0,40.6,41.0,135951,EQ,,,
2017-10-05,41.05,45.4,41.05,43.85,929302,EQ,,,
2017-10-06,44.5,45.2,43.65,43.85,272753,EQ,,,
2017-10-09,43.9,44.9,43.3,43.75,205860,EQ,,,
2017-10-10,43.9,44.55,43.4,43.85,176503,EQ,,,
2017-10-11,44.0,44.3,42.0,42.6,212727,EQ,,,
2017-10-12,42.8,44.3,41.75,43.9,264954,EQ,,,
2017-10-13,44.2,45.1,43.7,44.9,272140,EQ,,,
2017-10-16,45.15,48.1,45.15,47.65,689927,EQ,,,
2017-10-17,48.7,53.9,48.0,52.65,2053061,EQ,,,
2017-10-18,52.6,54.9,51.15,51.8,1057402,EQ,,,
2017-10-19,52.1,53.1,51.2,52.0,196997,EQ,,,
2017-10-23,52.1,52.25,48.0,50.5,379755,EQ,,,
2017-10-24,50.7,53.3,50.3,52.1,424979,EQ,,,
2017-10-25,52.75,52.95,50.05,50.95,194608,EQ,,,
2017-10-26,51.0,51.65,50.5,50.8,131871,EQ,,,
2017-10-27,51.0,51.5,50.0,50.85,138791,EQ,,,
2017-10-30,50.2,51.5,50.1,50.4,132469,EQ,,,
2017-10-31,50.65,53.0,50.15,51.4,385329,EQ,,,
2017-11-01,51.6,52.4,50.5,51.25,197591,EQ,,,
2017-11-02,51.5,51.8,50.8,51.35,121902,EQ,,,
2017-11-03,51.7,51.7,50.6,50.75,99859,EQ,,,
2017-11-06,50.1,50.85,50.0,50.15,66964,EQ,,,
2017-11-07,50.0,51.5,48.1,50.0,186881,EQ,,,
2017-11-08,50.0,51.0,48.1,49.3,121430,EQ,,,
2017-11-09,50.0,50.2,48.3,48.7,74677,EQ,,,
2017-11-10,48.8,49.6,48.05,48.4,76904,EQ,,,
2017-11-13,48.8,48.85,46.6,47.0,110280,EQ,,,
2017-11-14,46.85,48.55,46.5,47.6,74638,EQ,,,
2017-11-15,47.85,47.9,46.1,47.05,127197,EQ,,,
2017-11-16,46.9,47.5,46.0,46.85,91261,EQ,,,
2017-11-17,46.9,50.0,46.9,49.25,181321,EQ,,,
2017-11-20,49.2,49.85,48.5,49.65,81920,EQ,,,
2017-11-21,49.4,50.9,49.4,49.9,84650,EQ,,,
2017-11-22,50.5,52.4,50.5,51.3,201104,EQ,,,
2017-11-23,51.6,52.35,50.5,51.45,169942,EQ,,,
2017-11-24,52.0,53.1,51.3,51.6,303067,EQ,,,
2017-11-27,51.5,51.55,50.5,50.65,61204,EQ,,,
2017-11-28,50.5,51.85,49.3,50.25,81194,EQ,,,
2017-11-29,50.35,50.5,49.3,49.7,74600,EQ,,,
2017-11-30,49.0,50.5,49.0,50.05,55167,EQ,,,
2017-12-01,50.5,52.0,50.0,50.2,151669,EQ,,,
2017-12-04,50.3,51.5,50.15,51.0,88033,EQ,,,
2017-12-05,50.1,51.0,49.7,50.4,82296,EQ,,,
2017-12-06,50.2,51.0,49.8,50.1,51833,EQ,,,
2017-12-07,50.4,50.6,49.8,50.15,49557,EQ,,,
2017-12-08,50.15,51.6,50.15,51.2,98381,EQ,,,
2017-12-11,52.5,53.6,51.7,53.1,243813,EQ,,,
2017-12-12,55.55,55.55,51.25,51.85,754757,EQ,,,
2017-12-13,52.0,52.5,49.0,49.85,1894915,EQ,,,
2017-12-14,50.95,51.0,49.1,49.3,256171,EQ,,,
2017-12-15,49.95,50.5,49.75,50.0,132404,EQ,,,
2017-12-18,50.0,50.85,45.5,49.7,179358,EQ,,,
2017-12-19,49.8,50.8,49.8,49.95,92386,EQ,,,
2017-12-20,50.1,50.4,49.3,49.5,95618,EQ,,,
2017-12-21,49.5,50.25,48.5,48.65,93760,EQ,,,
2017-12-22,48.9,49.05,48.1,48.35,78006,EQ,,,
2017-12-26,48.35,48.5,47.3,47.7,87071,EQ,,,
2017-12-27,48.0,48.0,46.6,46.95,82571,EQ,,,
2017-12-28,46.95,47.6,46.35,46.75,124031,EQ,,,
2017-12-29,46.75,49.3,46.4,46.8,289666,EQ,,,
2018-01-01,47.05,47.8,46.8,47.0,67535,EQ,,,
2018-01-02,47.1,47.15,46.35,46.55,56800,EQ,,,
2018-01-03,46.85,47.45,46.35,46.75,57036,EQ,,,
2018-01-04,47.15,47.8,46.55,47.3,72080,EQ,,,
2018-01-05,47.4,48.35,47.1,48.0,135543,EQ,,,
2018-01-08,48.0,48.35,47.55,47.9,86528,EQ,,,
2018-01-09,47.9,49.7,47.3,48.25,248045,EQ,,,
2018-01-10,48.5,50.5,48.1,48.85,370573,EQ,,,
2018-01-11,49.1,49.8,48.7,49.15,101532,EQ,,,
2018-01-12,49.5,50.0,48.1,48.6,113008,EQ,,,
2018-01-15,48.5,49.6,48.5,49.05,86219,EQ,,,
2018-01-16,49.5,49.5,47.0,47.15,63444,EQ,,,
2018-01-17,47.35,47.9,45.5,46.8,86616,EQ,,,
2018-01-18,47.0,47.35,45.5,45.7,86051,EQ,,,
2018-01-19,45.7,46.75,45.3,45.75,153121,EQ,,,
2018-01-22,45.5,45.7,43.95,44.8,225302,EQ,,,
2018-01-23,45.0,45.0,44.25,44.45,214979,EQ,,,
2018-01-24,44.2,44.2,42.4,42.55,98800,EQ,,,
2018-01-25,42.5,46.4,41.35,43.3,401594,EQ,,,
2018-01-29,43.9,44.9,42.5,42.7,98880,EQ,,,
2018-01-30,42.6,44.2,41.5,43.0,86132,EQ,,,
2018-01-31,43.0,44.2,42.0,42.35,78364,EQ,,,
2018-02-01,42.5,43.5,42.0,43.2,59604,EQ,,,
2018-02-02,42.8,42.8,39.3,40.3,232835,EQ,,,
2018-02-05,38.9,40.5,37.5,40.25,356238,EQ,,,
2018-02-06,37.5,39.4,37.0,37.4,411079,EQ,,,
2018-02-07,37.9,39.75,37.9,38.3,409544,EQ,,,
2018-02-08,38.8,40.1,38.25,39.0,233199,EQ,,,
2018-02-09,38.3,39.5,37.4,37.6,245066,EQ,,,
2018-02-12,38.05,39.9,38.05,39.5,115666,EQ,,,
2018-02-14,40.1,40.1,39.0,39.3,86652,EQ,,,
2018-02-15,39.55,39.9,38.4,39.0,53679,EQ,,,
2018-02-16,39.45,39.7,37.6,37.8,67495,EQ,,,
2018-02-19,37.3,38.1,36.25,37.35,87996,EQ,,,
2018-02-20,37.9,38.25,36.6,37.0,69473,EQ,,,
2018-02-21,37.4,37.5,36.05,36.4,62439,EQ,,,
2018-02-22,36.0,36.3,34.3,34.55,127895,EQ,,,
2018-02-23,34.65,36.0,34.35,35.7,196432,EQ,,,
2018-02-26,36.2,41.2,36.2,40.25,806219,EQ,,,
2018-02-27,40.2,43.6,39.8,43.2,871231,EQ,,,
2018-02-28,42.8,44.45,41.75,42.95,476161,EQ,,,
2018-03-01,43.05,43.4,41.9,42.4,188365,EQ,,,
2018-03-05,42.0,42.8,39.95,41.85,312027,EQ,,,
2018-03-06,41.9,42.9,40.5,40.95,130948,EQ,,,
2018-03-07,40.65,41.45,40.0,40.3,147275,EQ,,,
2018-03-08,40.55,41.1,39.3,40.35,187386,EQ,,,
2018-03-09,40.55,41.0,39.9,40.05,93248,EQ,,,
2018-03-12,40.2,42.3,40.2,41.8,193222,EQ,,,
2018-03-13,41.7,43.55,41.5,43.3,281120,EQ,,,
2018-03-14,43.4,43.4,42.3,42.55,107301,EQ,,,
2018-03-15,42.6,44.4,42.5,43.9,225071,EQ,,,
2018-03-16,43.9,44.85,43.1,44.0,205733,EQ,,,
2018-03-19,43.7,44.45,41.2,41.6,95409,EQ,,,
2018-03-20,41.6,42.8,40.7,42.35,122154,EQ,,,
2018-03-21,42.45,43.2,42.0,42.5,72876,EQ,,,
2018-03-22,42.5,43.45,41.7,42.45,110219,EQ,,,
2018-03-23,41.7,42.5,40.3,42.2,151492,EQ,,,
2018-03-26,42.45,43.85,42.1,42.9,91407,EQ,,,
2018-03-27,43.5,44.0,42.4,42.75,68777,EQ,,,
2018-03-28,42.25,42.65,41.6,41.8,117662,EQ,,,
2018-04-02,42.2,44.4,41.8,43.65,83417,EQ,,,
2018-04-03,43.1,44.1,42.65,43.65,61964,EQ,,,
2018-04-04,43.8,49.75,43.35,46.3,595683,EQ,,,
2018-04-05,46.9,48.1,46.3,46.65,161251,EQ,,,
2018-04-06,46.8,47.4,45.75,46.05,74870,EQ,,,
2018-04-09,46.0,47.8,46.0,46.9,110500,EQ,,,
2018-04-10,47.1,49.0,47.1,47.65,256309,EQ,,,
2018-04-11,47.75,47.95,46.0,46.45,134426,EQ,,,
2018-04-12,46.45,47.15,45.6,45.85,72492,EQ,,,
2018-04-13,45.95,46.9,45.05,45.5,76895,EQ,,,
2018-04-16,45.0,46.8,44.8,46.5,78252,EQ,,,
2018-04-17,46.55,47.1,46.2,46.65,45939,EQ,,,
2018-04-18,47.0,47.0,46.1,46.4,24829,EQ,,,
2018-04-19,46.8,46.8,44.7,45.35,48049,EQ,,,
2018-04-20,45.7,45.7,43.8,44.1,73794,EQ,,,
2018-04-23,44.1,45.85,44.1,44.95,85655,EQ,,,
2018-04-24,45.3,45.3,44.0,44.35,49920,EQ,,,
2018-04-25,44.6,44.6,42.8,43.1,50235,EQ,,,
2018-04-26,43.4,44.4,42.65,42.95,45699,EQ,,,
2018-04-27,42.95,43.8,42.25,42.7,32476,EQ,,,
2018-04-30,43.1,44.0,42.7,43.3,29100,EQ,,,
2018-05-02,43.75,44.4,43.0,43.55,85373,EQ,,,
2018-05-03,43.75,44.3,42.4,42.65,84588,EQ,,,
2018-05-04,42.75,43.0,41.7,42.1,38768,EQ,,,
2018-05-07,42.2,43.0,41.7,42.1,37429,EQ,,,
2018-05-08,42.15,43.25,41.8,42.85,73446,EQ,,,
2018-05-09,42.75,43.4,42.45,43.0,31295,EQ,,,
2018-05-10,43.4,44.75,42.9,43.2,46282,EQ,,,
2018-05-11,43.5,43.85,42.7,42.9,23904,EQ,,,
2018-05-14,43.2,43.2,41.4,41.95,19809,EQ,,,
2018-05-15,41.7,43.7,41.7,42.1,64683,EQ,,,
2018-05-16,41.7,43.45,41.6,42.9,34806,EQ,,,
2018-05-17,43.15,44.2,42.9,43.6,246271,EQ,,,
2018-05-18,43.8,44.1,42.4,42.55,144966,EQ,,,
2018-05-21,42.55,43.5,40.05,41.3,71473,EQ,,,
2018-05-22,41.0,42.45,40.7,42.0,38260,EQ,,,
2018-05-23,42.3,42.7,41.8,42.15,32353,EQ,,,
2018-05-24,42.15,43.9,41.2,43.7,68110,EQ,,,
2018-05-25,43.95,44.6,42.7,44.25,40178,EQ,,,
2018-05-28,44.3,45.0,43.5,43.9,55647,EQ,,,
2018-05-29,44.2,44.55,43.5,44.35,33882,EQ,,,
2018-05-30,43.6,44.9,43.6,43.95,73461,EQ,,,
2018-05-31,42.8,44.5,40.5,42.75,160071,EQ,,,
2018-06-01,42.7,42.8,41.5,41.85,48895,EQ,,,
2018-06-04,41.7,42.2,39.5,39.95,88994,EQ,,,
2018-06-05,39.7,40.4,37.6,38.2,97288,EQ,,,
2018-06-06,37.6,40.95,37.6,40.3,151388,EQ,,,
2018-06-07,40.3,42.4,39.65,40.55,130815,EQ,,,
2018-06-08,40.3,40.95,39.7,40.6,36233,EQ,,,
2018-06-11,41.35,42.05,40.4,41.9,183348,EQ,,,
2018-06-12,42.35,42.4,40.9,41.2,37957,EQ,,,
2018-06-13,41.5,41.75,40.55,40.9,24309,EQ,,,
2018-06-14,41.35,41.6,40.0,40.75,32342,EQ,,,
2018-06-15,41.15,41.15,40.3,40.6,22734,EQ,,,
2018-06-18,40.5,42.55,39.9,41.85,112198,EQ,,,
2018-06-19,41.4,41.4,40.0,40.3,72805,EQ,,,
2018-06-20,40.3,40.75,40.0,40.2,23050,EQ,,,
2018-06-21,40.0,41.15,39.2,40.65,39221,EQ,,,
2018-06-22,41.1,41.2,40.0,40.7,35448,EQ,,,
2018-06-25,40.7,40.7,39.3,40.5,36858,EQ,,,
2018-06-26,40.2,41.75,39.65,41.55,60408,EQ,,,
2018-06-27,41.45,41.7,40.5,41.2,34903,EQ,,,
2018-06-28,41.2,41.2,39.15,40.7,309172,EQ,,,
2018-06-29,41.5,41.9,40.75,41.55,45212,EQ,,,
2018-07-02,41.6,41.6,40.4,40.5,9820,EQ,,,
2018-07-03,40.5,41.1,40.0,40.15,16311,EQ,,,
2018-07-04,40.45,40.6,39.2,39.35,56356,EQ,,,
2018-07-05,39.65,39.8,38.15,38.3,37638,EQ,,,
2018-07-06,38.2,39.6,38.1,38.95,30813,EQ,,,
2018-07-09,38.9,41.6,38.9,40.3,129480,EQ,,,
2018-07-10,40.3,40.8,40.1,40.3,21377,EQ,,,
2018-07-11,40.3,42.3,40.05,41.0,104152,EQ,,,
2018-07-12,41.55,42.5,40.8,41.55,79705,EQ,,,
2018-07-13,41.9,41.9,40.5,41.45,43096,EQ,,,
2018-07-16,41.6,41.9,40.2,41.5,152482,EQ,,,
2018-07-17,41.5,42.65,40.8,42.4,60413,EQ,,,
2018-07-18,42.5,44.4,42.0,42.7,141804,EQ,,,
2018-07-19,42.7,43.45,41.75,42.85,45254,EQ,,,
2018-07-20,42.7,43.1,42.0,42.15,23440,EQ,,,
2018-07-23,42.5,42.8,41.8,42.1,24010,EQ,,,
2018-07-24,41.6,42.95,41.6,42.5,16803,EQ,,,
2018-07-25,42.6,42.7,41.3,41.45,35485,EQ,,,
2018-07-26,41.65,42.4,41.3,41.8,48028,EQ,,,
2018-07-27,42.3,43.6,41.85,43.15,54705,EQ,,,
2018-07-30,43.7,45.7,43.0,44.15,118696,EQ,,,
2018-07-31,45.0,46.4,45.0,45.75,157800,EQ,,,
2018-08-01,45.95,46.3,44.35,44.75,89694,EQ,,,
2018-08-02,45.9,46.6,45.1,45.5,160047,EQ,,,
2018-08-03,45.5,46.0,44.2,44.35,54936,EQ,,,
2018-08-06,44.75,44.85,43.0,43.2,56703,EQ,,,
2018-08-07,43.5,44.0,42.1,43.05,44246,EQ,,,
2018-08-08,43.3,43.3,42.2,42.2,28740,EQ,,,
2018-08-09,41.8,42.5,40.0,40.8,219211,EQ,,,
2018-08-10,40.5,41.5,40.4,41.0,83053,EQ,,,
2018-08-13,40.9,40.9,39.9,40.1,33944,EQ,,,
2018-08-14,40.1,40.8,39.85,40.05,25838,EQ,,,
2018-08-16,39.9,40.5,39.8,40.25,23005,EQ,,,
2018-08-17,40.3,40.55,40.0,40.05,22876,EQ,,,
2018-08-20,40.1,40.6,39.8,40.0,29124,EQ,,,
2018-08-21,40.1,41.65,40.0,41.0,44913,EQ,,,
2018-08-23,41.5,41.55,41.0,41.05,27428,EQ,,,
2018-08-24,40.6,41.25,40.15,40.3,23824,EQ,,,
2018-08-27,40.95,40.95,39.6,40.05,49688,EQ,,,
2018-08-28,40.3,41.15,40.1,40.5,34677,EQ,,,
2018-08-29,40.55,40.55,40.1,40.15,21938,EQ,,,
2018-08-30,40.2,41.4,40.2,40.8,30075,EQ,,,
2018-08-31,41.4,42.0,40.7,41.9,272384,EQ,,,
2018-09-03,42.3,45.0,42.3,42.75,38761,EQ,,,
2018-09-04,42.9,43.1,40.5,40.65,32310,EQ,,,
2018-09-05,40.65,41.2,39.9,40.5,24941,EQ,,,
2018-09-06,41.0,41.0,40.1,40.2,11946,EQ,,,
2018-09-07,40.2,40.9,40.0,40.3,13181,EQ,,,
2018-09-10,40.5,41.0,39.9,40.35,14851,EQ,,,
2018-09-11,40.35,41.15,40.2,40.3,14501,EQ,,,
2018-09-12,40.7,40.7,40.0,40.1,21264,EQ,,,
2018-09-14,40.5,40.5,39.5,39.75,21399,EQ,,,
2018-09-17,39.4,39.65,38.8,39.15,20889,EQ,,,
2018-09-18,39.15,39.35,38.9,39.0,25373,EQ,,,
2018-09-19,38.5,39.5,38.5,39.0,31712,EQ,,,
2018-09-21,39.0,39.8,36.4,37.05,49087,EQ,,,
2018-09-24,37.2,37.4,34.4,35.4,57013,EQ,,,
2018-09-25,35.5,35.5,31.2,32.85,73960,EQ,,,
2018-09-26,33.6,36.65,32.2,33.0,39224,EQ,,,
2018-09-27,33.6,34.15,31.75,32.3,35175,EQ,,,
2018-09-28,33.0,33.0,30.0,31.0,45097,EQ,,,
2018-10-01,29.75,30.8,28.0,29.5,73082,EQ,,,
2018-10-03,29.5,31.4,29.15,30.05,152018,EQ,,,
2018-10-04,30.0,30.8,28.8,29.8,32361,EQ,,,
2018-10-05,29.45,30.3,27.9,28.4,47874,EQ,,,
2018-10-08,29.0,29.0,26.0,26.95,41342,EQ,,,
2018-10-09,27.0,29.0,27.0,28.75,197370,EQ,,,
2018-10-10,28.7,30.9,28.05,30.65,45941,EQ,,,
2018-10-11,30.3,31.0,29.3,30.9,28274,EQ,,,
2018-10-12,31.4,32.7,31.0,32.0,33462,EQ,,,
2018-10-15,32.6,33.5,32.0,32.9,64117,EQ,,,
2018-10-16,32.9,37.45,32.9,34.5,255613,EQ,,,
2018-10-17,34.8,34.95,32.2,32.45,46630,EQ,,,
2018-10-19,31.5,32.0,28.5,29.55,75986,EQ,,,
2018-10-22,29.8,30.7,29.1,29.4,27197,EQ,,,
2018-10-23,28.25,29.8,28.25,29.3,21333,EQ,,,
2018-10-24,30.25,30.45,28.85,29.45,121112,EQ,,,
2018-10-25,28.8,29.9,28.8,29.5,19018,EQ,,,
2018-10-26,29.25,30.0,28.8,29.4,17158,EQ,,,
2018-10-29,29.5,30.7,29.15,30.4,22556,EQ,,,
2018-10-30,30.95,31.8,30.4,31.0,29841,EQ,,,
2018-10-31,31.0,32.05,30.0,30.2,59591,EQ,,,
2018-11-01,30.45,30.5,29.4,30.05,283181,EQ,,,
2018-11-02,30.45,31.0,29.0,29.55,85751,EQ,,,
2018-11-05,26.0,28.15,25.2,27.35,271977,EQ,,,
2018-11-06,27.6,28.0,27.0,27.25,33935,EQ,,,
2018-11-07,27.7,27.7,27.0,27.25,11795,EQ,,,
2018-11-09,27.5,28.0,26.7,27.15,39474,EQ,,,
2018-11-12,27.0,27.8,26.7,27.0,37402,EQ,,,
2018-11-13,27.0,27.0,26.55,26.85,41376,EQ,,,
2018-11-14,27.0,27.0,26.3,26.55,27354,EQ,,,
2018-11-15,26.35,26.8,26.3,26.55,22710,EQ,,,
2018-11-16,26.5,26.5,25.3,25.7,73329,EQ,,,
2018-11-19,25.7,26.7,25.2,26.4,32008,EQ,,,
2018-11-20,26.6,26.8,26.3,26.55,28586,EQ,,,
2018-11-21,26.7,26.9,26.1,26.55,12665,EQ,,,
2018-11-22,26.6,26.6,26.0,26.1,7520,EQ,,,
2018-11-26,26.1,26.5,25.95,26.1,32219,EQ,,,
2018-11-27,26.2,26.35,25.85,26.0,13258,EQ,,,
2018-11-28,26.1,26.1,25.0,25.5,52241,EQ,,,
2018-11-29,25.8,26.2,25.4,25.5,22832,EQ,,,
2018-11-30,26.0,26.0,25.3,25.55,28482,EQ,,,
2018-12-03,25.55,25.85,25.4,25.5,24877,EQ,,,
2018-12-04,25.6,25.9,25.45,25.6,22571,EQ,,,
2018-12-05,25.5,25.5,24.65,25.05,39647,EQ,,,
2018-12-06,25.15,25.4,24.6,25.05,42339,EQ,,,
2018-12-07,25.0,25.25,24.95,25.05,29823,EQ,,,
2018-12-10,25.0,25.0,24.55,24.75,143683,EQ,,,
2018-12-11,24.6,25.2,24.6,24.85,8796,EQ,,,
2018-12-12,26.15,26.6,24.8,26.35,27607,EQ,,,
2018-12-13,26.75,27.95,26.35,27.35,32297,EQ,,,
2018-12-14,27.75,28.4,27.15,28.3,42858,EQ,,,
2018-12-17,29.2,29.2,28.2,28.85,18430,EQ,,,
2018-12-18,29.05,29.1,27.8,28.3,17727,EQ,,,
2018-12-19,28.85,28.85,27.3,27.85,12771,EQ,,,
2018-12-20,28.5,28.5,27.45,27.7,8860,EQ,,,
2018-12-21,28.25,28.25,27.45,27.6,13219,EQ,,,
2018-12-24,27.2,28.05,26.9,27.05,6528,EQ,,,
2018-12-26,26.7,27.45,26.25,27.25,7265,EQ,,,
2018-12-27,26.6,27.45,26.05,26.55,17705,EQ,,,
2018-12-28,27.2,28.3,26.75,27.9,33911,EQ,,,
2018-12-31,28.2,28.25,27.4,27.9,10430,EQ,,,
2019-01-01,28.3,28.3,27.35,27.65,5295,EQ,,,
2019-01-02,27.6,28.1,27.5,27.7,9290,EQ,,,
2019-01-03,28.2,28.2,27.0,27.1,9976,EQ,,,
2019-01-04,27.1,28.1,26.5,27.45,25529,EQ,,,
2019-01-07,27.5,27.5,26.9,27.0,48210,EQ,,,
2019-01-08,27.5,27.5,26.7,27.15,13781,EQ,,,
2019-01-09,27.15,27.35,26.5,26.6,24890,EQ,,,
2019-01-10,26.8,27.2,26.5,26.8,29058,EQ,,,
2019-01-11,27.5,27.5,26.8,27.1,27789,EQ,,,
2019-01-14,27.0,27.35,26.55,26.75,28264,EQ,,,
2019-01-15,27.25,27.25,26.7,26.75,14616,EQ,,,
2019-01-16,26.7,27.0,26.55,26.75,10396,EQ,,,
2019-01-17,26.75,27.1,26.65,26.95,11370,EQ,,,
2019-01-18,26.95,27.5,26.65,27.1,12557,EQ,,,
2019-01-21,26.85,27.4,26.85,27.2,13433,EQ,,,
2019-01-22,27.2,27.2,25.7,26.5,17422,EQ,,,
2019-01-23,26.6,27.0,26.0,26.7,7034,EQ,,,
2019-01-24,26.6,28.45,26.4,28.05,33302,EQ,,,
2019-01-25,28.45,28.75,26.4,27.25,51559,EQ,,,
2019-01-28,28.4,28.5,27.2,28.1,132431,EQ,,,
2019-01-29,28.15,28.6,26.95,27.25,58925,EQ,,,
2019-01-30,27.8,27.8,26.95,27.2,23705,EQ,,,
2019-01-31,27.15,27.3,26.2,26.55,29024,EQ,,,
2019-02-01,26.6,27.1,26.4,26.6,22402,EQ,,,
2019-02-04,27.0,27.0,26.2,26.5,11630,EQ,,,
2019-02-05,26.7,26.7,25.9,26.25,12245,EQ,,,
2019-02-06,26.5,26.5,25.0,25.25,31450,EQ,,,
2019-02-07,25.45,25.45,24.4,24.9,14898,EQ,,,
2019-02-08,24.8,25.4,24.6,25.25,11427,EQ,,,
2019-02-11,25.1,25.2,24.5,24.7,10112,EQ,,,
2019-02-12,24.7,25.9,24.7,25.05,20813,EQ,,,
2019-02-13,25.45,25.85,24.7,25.5,15088,EQ,,,
2019-02-14,25.7,26.3,25.2,26.15,15459,EQ,,,
2019-02-15,26.1,26.65,25.7,26.5,13661,EQ,,,
2019-02-18,24.4,26.7,24.4,25.35,13981,EQ,,,
2019-02-19,25.0,25.85,25.0,25.5,13703,EQ,,,
2019-02-20,25.45,26.1,25.3,25.95,10063,EQ,,,
2019-02-21,25.7,26.25,25.45,26.15,9017,EQ,,,
2019-02-22,26.05,27.3,25.75,25.95,18450,EQ,,,
2019-02-25,26.6,26.6,25.6,26.0,11808,EQ,,,
2019-02-26,26.0,26.0,25.25,25.55,13124,EQ,,,
2019-02-27,25.9,25.9,24.3,24.8,29634,EQ,,,
2019-02-28,25.4,25.4,24.7,25.2,11316,EQ,,,
2019-03-01,25.3,25.8,25.1,25.4,30492,EQ,,,
2019-03-05,25.35,28.4,24.85,27.8,210777,EQ,,,
2019-03-06,28.05,28.7,27.0,28.0,161254,EQ,,,
2019-03-07,28.0,28.55,27.2,28.1,58769,EQ,,,
2019-03-08,27.8,28.25,27.6,27.95,16012,EQ,,,
2019-03-11,27.9,31.4,27.7,30.8,299925,EQ,,,
2019-03-12,31.7,32.15,29.7,30.5,154241,EQ,,,
2019-03-13,30.8,31.05,30.2,30.8,36225,EQ,,,
2019-03-14,30.6,30.85,30.05,30.4,17875,EQ,,,
2019-03-15,30.15,30.9,29.15,29.4,46771,EQ,,,
2019-03-18,30.0,30.0,28.55,28.8,37917,EQ,,,
2019-03-19,28.6,29.5,28.35,29.2,21961,EQ,,,
2019-03-20,29.65,29.9,29.25,29.4,34227,EQ,,,
2019-03-22,29.5,29.7,28.3,28.7,16200,EQ,,,
2019-03-25,28.2,28.5,27.45,27.55,22304,EQ,,,
2019-03-26,28.0,28.4,27.5,27.7,16494,EQ,,,
2019-03-27,27.6,27.85,26.7,27.05,35796,EQ,,,
2019-03-28,27.15,28.0,27.0,27.3,28150,EQ,,,
2019-03-29,27.6,29.25,27.25,28.75,66544,EQ,,,
2019-04-01,29.2,29.8,28.8,29.15,54545,EQ,,,
2019-04-02,29.5,29.5,28.5,28.6,30873,EQ,,,
2019-04-03,28.8,29.25,27.85,28.05,19946,EQ,,,
2019-04-04,28.25,28.5,28.0,28.25,8955,EQ,,,
2019-04-05,28.45,28.45,28.0,28.1,12568,EQ,,,
2019-04-08,27.85,28.2,27.7,28.05,11196,EQ,,,
2019-04-09,28.2,28.2,27.6,27.9,10846,EQ,,,
2019-04-10,27.7,28.1,27.6,27.75,13456,EQ,,,
2019-04-11,27.7,27.9,26.9,27.55,11203,EQ,,,
2019-04-12,27.5,27.8,27.2,27.25,4409,EQ,,,
2019-04-15,27.15,27.6,27.0,27.1,8050,EQ,,,
2019-04-16,27.55,27.65,26.7,26.95,16548,EQ,,,
2019-04-18,27.45,27.45,26.05,26.2,21881,EQ,,,
2019-04-22,26.4,26.45,25.3,25.55,14613,EQ,,,
2019-04-23,26.1,26.1,25.0,25.4,16412,EQ,,,
2019-04-24,25.4,26.1,25.25,25.8,14779,EQ,,,
2019-04-25,25.5,26.5,25.5,25.7,10948,EQ,,,
2019-04-26,25.75,26.6,25.5,26.2,35035,EQ,,,
2019-04-30,25.8,26.25,24.9,25.45,22516,EQ,,,
2019-05-02,25.1,26.5,25.1,26.2,11804,EQ,,,
2019-05-03,26.2,26.95,25.95,26.15,9556,EQ,,,
2019-05-06,26.15,26.15,25.45,25.55,11740,EQ,,,
2019-05-07,26.1,26.4,25.45,25.7,54447,EQ,,,
2019-05-08,25.6,25.65,25.0,25.2,36985,EQ,,,
2019-05-09,25.25,25.75,24.9,25.0,25319,EQ,,,
2019-05-10,25.0,25.45,24.7,25.0,16291,EQ,,,
2019-05-13,24.8,24.8,23.8,24.1,168074,EQ,,,
2019-05-14,24.4,24.45,23.25,23.8,137595,EQ,,,
2019-05-15,23.8,24.0,21.4,22.15,22708,EQ,,,
2019-05-16,22.05,22.4,21.8,21.9,12725,EQ,,,
2019-05-17,21.5,22.2,21.4,21.7,19613,EQ,,,
2019-05-20,22.5,22.5,21.75,21.9,44014,EQ,,,
2019-05-21,21.9,22.05,20.7,20.9,23971,EQ,,,
2019-05-22,20.9,21.65,20.7,20.9,105135,EQ,,,
2019-05-23,22.0,22.0,20.4,20.7,23878,EQ,,,
2019-05-24,21.5,21.5,20.2,20.75,28450,EQ,,,
2019-05-27,20.9,24.4,20.8,23.95,215323,EQ,,,
2019-05-28,24.4,25.85,23.3,24.95,82420,EQ,,,
2019-05-29,24.35,25.0,23.45,23.8,20989,EQ,,,
2019-05-30,23.8,23.95,22.95,23.6,21144,EQ,,,
2019-05-31,24.0,24.0,23.05,23.15,10193,EQ,,,
2019-06-03,22.6,23.1,22.15,22.8,13230,EQ,,,
2019-06-04,22.55,24.5,22.45,24.0,40960,EQ,,,
2019-06-06,24.1,24.1,23.2,23.35,9760,EQ,,,
2019-06-07,23.05,23.8,22.5,22.85,9311,EQ,,,
2019-06-10,23.5,23.5,22.5,22.6,7221,EQ,,,
2019-06-11,23.0,23.0,22.0,22.3,6268,EQ,,,
2019-06-12,22.15,22.7,22.0,22.45,8700,EQ,,,
2019-06-13,22.4,22.4,21.85,22.0,10314,EQ,,,
2019-06-14,21.8,22.2,21.5,21.65,5989,EQ,,,
2019-06-17,21.5,21.5,20.75,20.95,11466,EQ,,,
2019-06-18,21.5,21.5,20.05,20.85,12149,EQ,,,
2019-06-19,21.25,21.4,18.2,18.5,38168,EQ,,,
2019-06-20,19.5,19.5,18.3,19.1,24252,EQ,,,
2019-06-21,19.9,19.9,18.8,19.0,10216,EQ,,,
2019-06-24,19.8,19.8,18.05,18.4,27528,EQ,,,
2019-06-25,18.3,18.3,14.7,15.45,262388,EQ,,,
2019-06-26,15.4,18.1,14.8,17.2,344492,EQ,,,
2019-06-27,17.45,17.55,16.7,17.25,56146,EQ,,,
2019-06-28,17.85,17.85,17.0,17.2,16567,EQ,,,
2019-07-01,17.1,17.2,16.7,16.9,16112,EQ,,,
2019-07-02,16.9,17.2,16.5,16.8,12911,EQ,,,
2019-07-03,16.8,17.75,16.5,17.45,22796,EQ,,,
2019-07-04,17.8,17.8,17.2,17.5,17397,EQ,,,
2019-07-05,17.5,17.8,17.4,17.55,11693,EQ,,,
2019-07-08,17.0,17.65,16.65,17.3,12715,EQ,,,
2019-07-09,17.6,17.6,17.0,17.15,11019,EQ,,,
2019-07-10,17.15,17.2,16.55,16.8,10205,EQ,,,
2019-07-11,17.2,17.5,17.0,17.05,4655,EQ,,,
2019-07-12,17.5,17.5,16.6,16.65,7073,EQ,,,
2019-07-15,16.7,17.35,16.3,16.45,20517,EQ,,,
2019-07-16,16.3,16.5,15.5,15.7,10829,EQ,,,
2019-07-17,15.85,15.95,15.0,15.25,15285,EQ,,,
2019-07-18,15.3,15.7,14.25,14.8,20153,EQ,,,
2019-07-19,14.7,14.85,14.0,14.15,15455,EQ,,,
2019-07-22,14.6,14.6,12.2,12.95,58541,EQ,,,
2019-07-23,13.5,13.6,11.8,12.05,79217,EQ,,,
2019-07-24,12.05,12.85,10.65,12.0,145201,EQ,,,
2019-07-25,12.0,13.2,12.0,12.5,69218,EQ,,,
2019-07-26,13.0,13.0,12.0,12.75,30119,EQ,,,
2019-07-29,13.0,13.0,12.35,12.65,26578,EQ,,,
2019-07-30,13.0,15.0,12.8,13.8,423285,EQ,,,
2019-07-31,13.8,14.95,13.3,13.6,251073,EQ,,,
2019-08-01,14.2,14.2,12.8,13.2,68877,EQ,,,
2019-08-02,12.9,13.7,12.9,13.25,53539,EQ,,,
2019-08-05,13.2,13.2,12.4,12.6,33511,EQ,,,
2019-08-06,12.3,13.0,12.25,12.45,19771,EQ,,,
2019-08-07,12.4,12.6,12.05,12.15,17328,EQ,,,
2019-08-08,11.85,12.4,11.85,12.25,11575,EQ,,,
2019-08-09,12.3,12.8,12.15,12.45,19634,EQ,,,
2019-08-13,12.9,12.9,12.4,12.55,28784,EQ,,,
2019-08-14,13.0,13.0,12.2,12.35,13448,EQ,,,
2019-08-16,12.2,12.45,12.05,12.1,10494,EQ,,,
2019-08-19,12.0,12.7,11.45,11.6,42610,EQ,,,
2019-08-20,12.0,12.0,11.5,11.65,10055,EQ,,,
2019-08-21,11.4,11.9,11.3,11.5,5885,EQ,,,
2019-08-22,11.8,11.8,9.6,9.9,82067,EQ,,,
2019-08-23,9.9,10.35,9.0,9.5,77553,EQ,,,
2019-08-26,10.0,11.4,8.9,11.4,255897,EQ,,,
2019-08-27,12.1,13.2,11.3,11.85,329761,EQ,,,
2019-08-28,11.9,12.45,11.4,11.7,124965,EQ,,,
2019-08-29,11.85,11.9,11.3,11.45,39709,EQ,,,
2019-08-30,11.8,11.8,11.3,11.55,24508,EQ,,,
2019-09-03,11.5,11.5,10.9,11.05,24595,EQ,,,
2019-09-04,11.05,11.15,10.5,10.7,25377,EQ,,,
2019-09-05,10.55,12.3,10.55,11.5,111926,EQ,,,
2019-09-06,11.55,12.2,11.5,11.65,86431,EQ,,,
2019-09-09,11.8,12.4,11.4,12.2,87374,EQ,,,
2019-09-11,12.15,13.45,12.0,12.65,157559,EQ,,,
2019-09-12,12.75,13.45,12.6,12.8,121531,EQ,,,
2019-09-13,12.65,13.2,12.55,12.9,75261,EQ,,,
2019-09-16,12.9,13.4,12.7,13.0,55621,EQ,,,
2019-09-17,13.0,13.15,12.2,12.4,52608,EQ,,,
2019-09-18,12.6,13.0,12.0,12.15,43001,EQ,,,
2019-09-19,12.45,12.45,11.2,11.5,41205,EQ,,,
2019-09-20,11.8,13.25,11.4,12.65,136393,EQ,,,
2019-09-23,13.0,15.2,13.0,15.2,340187,EQ,,,
2019-09-24,15.65,17.65,15.4,16.15,726008,EQ,,,
2019-09-25,16.1,16.3,15.2,15.4,127845,EQ,,,
2019-09-26,15.8,17.95,15.6,17.0,624815,EQ,,,
2019-09-27,17.0,17.0,16.2,16.5,266540,EQ,,,
2019-09-30,16.7,16.7,15.2,15.85,99854,EQ,995.0,100.36,29118.0
2019-10-01,16.1,16.5,14.55,15.05,75030,EQ,1956.0,38.36,33693.0
2019-10-03,15.0,15.0,14.05,14.25,69060,EQ,1681.0,41.08,24665.0
2019-10-04,14.5,14.8,13.5,13.6,53367,EQ,1411.0,37.82,21485.0
2019-10-07,13.75,14.9,13.3,13.9,72556,EQ,2085.0,34.8,24763.0
2019-10-09,13.9,14.25,13.4,13.7,68411,EQ,1273.0,53.74,27427.0
2019-10-10,13.6,13.75,12.8,13.0,44701,EQ,1161.0,38.5,21764.0
2019-10-11,13.2,14.0,12.5,12.9,130585,EQ,2945.0,44.34,42033.0
2019-10-14,12.9,13.1,12.55,12.65,43266,EQ,1220.0,35.46,20897.0
2019-10-15,12.65,13.95,12.4,13.55,305530,EQ,4500.0,67.9,72969.0
2019-10-16,13.65,13.95,13.1,13.2,55847,EQ,1218.0,45.85,33806.0
2019-10-17,13.4,13.4,12.7,13.2,73040,EQ,1617.0,45.17,24906.0
2019-10-18,13.3,13.35,12.85,13.1,57254,EQ,1415.0,40.46,24479.0
2019-10-22,13.15,14.15,13.1,14.0,182417,EQ,2961.0,61.61,77036.0
2019-10-23,14.6,14.9,13.55,13.65,280033,EQ,4223.0,66.31,123009.0
2019-10-24,13.65,13.65,12.85,13.1,46603,EQ,1115.0,41.8,27576.0
2019-10-25,13.7,13.7,13.1,13.35,123135,EQ,2155.0,57.14,51789.0
2019-10-29,12.1,12.2,11.4,11.7,160685,EQ,3319.0,48.41,80191.0
2019-10-30,11.7,11.95,11.25,11.35,74174,EQ,2052.0,36.15,40818.0
2019-10-31,11.5,12.5,11.05,12.05,356514,EQ,3774.0,94.47,242711.0
2019-11-01,12.5,12.65,11.8,12.05,84952,EQ,1953.0,43.5,34402.0
2019-11-04,12.3,12.5,11.9,11.95,64830,EQ,902.0,71.87,33024.0
2019-11-05,12.15,12.15,11.5,11.6,53044,EQ,1209.0,43.87,31223.0
2019-11-06,11.95,11.95,11.35,11.4,29278,EQ,785.0,37.3,16975.0
2019-11-07,11.75,12.0,11.4,11.85,55713,EQ,1143.0,48.74,30914.0
2019-11-08,11.65,12.0,11.5,11.8,41678,EQ,986.0,42.27,19721.0
2019-11-11,11.6,12.25,11.6,12.0,56255,EQ,1060.0,53.07,33506.0
2019-11-13,11.85,12.1,11.8,11.85,30243,EQ,911.0,33.2,20908.0
2019-11-14,11.85,12.1,11.5,12.1,34312,EQ,790.0,43.43,20483.0
2019-11-15,11.9,12.1,11.6,11.7,15386,EQ,389.0,39.55,9335.0
2019-11-18,11.8,11.9,10.6,11.35,165937,EQ,1984.0,83.64,129370.0
2019-11-19,11.25,11.65,11.1,11.35,20504,EQ,1006.0,20.38,9670.0
2019-11-20,11.55,11.55,11.1,11.2,17849,EQ,441.0,40.47,11177.0
2019-11-21,11.2,11.45,11.1,11.2,19947,EQ,522.0,38.21,11019.0
2019-11-22,11.15,11.3,10.9,11.0,28279,EQ,738.0,38.32,16749.0
2019-11-25,11.15,11.45,11.0,11.05,40770,EQ,925.0,44.08,18076.0
2019-11-26,11.05,11.25,10.9,10.95,14659,EQ,491.0,29.86,7882.0
2019-11-27,11.0,11.15,10.95,11.0,18813,EQ,406.0,46.34,10587.0
2019-11-28,10.85,11.35,10.85,11.2,28089,EQ,559.0,50.25,16214.0
2019-11-29,11.2,11.55,10.95,11.1,46585,EQ,1098.0,42.43,18550.0
2019-12-02,11.25,11.35,11.05,11.15,21030,EQ,397.0,52.97,10835.0
2019-12-03,11.15,11.6,11.05,11.1,29159,EQ,523.0,55.75,16036.0
2019-12-04,11.5,11.8,11.3,11.35,225310,EQ,3645.0,61.81,45120.0
2019-12-05,11.4,11.4,10.85,10.9,65777,EQ,1661.0,39.6,35947.0
2019-12-06,11.15,11.15,10.35,10.45,47072,EQ,1343.0,35.05,26948.0
2019-12-09,10.6,10.6,9.5,9.75,86016,EQ,1497.0,57.46,53890.0
2019-12-10,9.8,9.8,9.1,9.2,31225,EQ,952.0,32.8,18793.0
2019-12-11,9.3,10.8,9.05,9.5,296156,EQ,5904.0,50.16,87915.0
2019-12-12,9.6,9.8,9.3,9.4,73051,EQ,1397.0,52.29,26284.0
2019-12-13,9.55,9.7,9.35,9.5,43900,EQ,889.0,49.38,17923.0
2019-12-16,9.5,10.6,9.3,9.65,369554,EQ,7362.0,50.2,130526.0
2019-12-17,9.7,10.2,9.6,10.0,111638,EQ,3048.0,36.63,49143.0
2019-12-18,10.0,10.0,9.4,9.7,52685,EQ,1029.0,51.2,29298.0
2019-12-19,9.75,9.95,9.6,9.75,46620,EQ,1386.0,33.64,12786.0
2019-12-20,9.7,9.95,9.6,9.65,59858,EQ,1237.0,48.39,24812.0
2019-12-23,9.8,10.05,9.7,9.8,103583,EQ,3046.0,34.01,25768.0
2019-12-24,9.8,9.95,9.65,9.75,32754,EQ,673.0,48.67,11122.0
2019-12-26,9.85,9.9,9.7,9.75,52418,EQ,753.0,69.61,21394.0
2019-12-27,9.75,10.0,9.65,9.75,59373,EQ,1145.0,51.85,20985.0
2019-12-30,9.8,9.85,9.75,9.75,22997,EQ,576.0,39.93,12447.0
2019-12-31,9.75,11.4,9.75,10.4,774301,EQ,13680.0,56.6,312461.0
2020-01-01,10.0,10.5,10.0,10.25,175601,EQ,2689.0,65.3,76022.0
2020-01-02,10.3,11.2,10.2,10.85,224954,EQ,4217.0,53.34,100712.0
2020-01-03,10.9,11.35,10.7,10.95,137586,EQ,2469.0,55.73,55901.0
2020-01-06,11.05,11.05,10.3,10.35,74275,EQ,1176.0,63.16,37681.0
2020-01-07,10.5,10.8,10.35,10.45,58138,EQ,1143.0,50.86,26196.0
2020-01-08,10.0,10.45,10.0,10.15,74792,EQ,1347.0,55.52,38258.0
2020-01-09,10.25,10.75,10.25,10.5,136684,EQ,3193.0,42.81,68781.0
2020-01-10,10.55,10.85,10.35,10.5,123023,EQ,1972.0,62.38,62024.0
2020-01-13,10.65,10.95,10.6,10.7,174603,EQ,1712.0,101.99,92555.0
2020-01-14,10.8,11.0,10.6,10.75,84433,EQ,1188.0,71.07,46394.0
2020-01-15,10.65,12.3,10.5,11.65,2005673,EQ,29808.0,67.29,573991.0
2020-01-16,11.65,11.9,11.3,11.5,185301,EQ,3856.0,48.06,93865.0
2020-01-17,11.6,12.1,11.4,11.55,232848,EQ,3733.0,62.38,120606.0
2020-01-20,11.65,12.05,11.5,11.65,209651,EQ,2961.0,70.8,106449.0
2020-01-21,11.6,12.6,11.2,12.25,1583454,EQ,23511.0,67.35,515094.0
2020-01-22,12.3,12.7,11.85,11.9,794013,EQ,11298.0,70.28,267179.0
2020-01-23,11.85,11.85,11.5,11.6,157800,EQ,2690.0,58.66,90040.0
2020-01-24,11.6,11.8,11.3,11.4,272984,EQ,4347.0,62.8,145397.0
2020-01-27,11.35,11.75,11.3,11.4,162877,EQ,2801.0,58.15,72256.0
2020-01-28,11.6,11.85,10.75,10.85,313224,EQ,5727.0,54.69,140423.0
2020-01-29,11.05,11.1,10.3,10.45,217464,EQ,3062.0,71.02,113328.0
2020-01-30,10.5,10.55,10.0,10.1,162211,EQ,3485.0,46.55,77679.0
2020-01-31,10.05,10.35,9.7,9.85,201248,EQ,4035.0,49.88,75067.0
2020-02-03,9.3,9.6,9.1,9.25,85002,EQ,1784.0,47.65,43640.0
2020-02-04,9.3,9.8,9.3,9.45,120893,EQ,3005.0,40.23,53406.0
2020-02-05,9.5,9.65,9.3,9.4,81431,EQ,1585.0,51.38,35681.0
2020-02-06,9.6,9.85,9.15,9.25,413969,EQ,7045.0,58.76,175908.0
2020-02-07,9.3,9.5,8.75,8.85,238211,EQ,4239.0,56.2,129720.0
2020-02-10,8.7,8.8,8.0,8.1,350913,EQ,4994.0,70.27,211268.0
2020-02-11,8.1,8.4,7.4,8.25,649848,EQ,6524.0,99.61,267427.0
2020-02-12,8.35,9.3,8.35,8.85,855566,EQ,8903.0,96.1,244301.0
2020-02-13,8.9,9.2,8.45,8.55,170492,EQ,2413.0,70.66,82923.0
2020-02-14,8.85,9.1,8.6,8.7,167270,EQ,2606.0,64.19,55464.0
2020-02-17,8.75,8.75,8.15,8.2,90237,EQ,1479.0,61.01,48564.0
2020-02-18,8.25,8.35,7.8,8.1,131924,EQ,1746.0,75.56,59061.0
2020-02-19,8.2,8.4,8.1,8.2,75833,EQ,1285.0,59.01,38250.0
2020-02-20,8.2,8.35,8.15,8.2,97883,EQ,1456.0,67.23,25726.0
2020-02-24,8.15,8.75,8.0,8.35,254616,EQ,4184.0,60.85,89824.0
2020-02-25,8.4,8.5,8.2,8.25,69466,EQ,910.0,76.34,29933.0
2020-02-26,8.25,9.2,7.95,8.5,563016,EQ,7144.0,78.81,111970.0
2020-02-27,8.5,8.55,8.15,8.4,116809,EQ,1940.0,60.21,43385.0
2020-02-28,8.3,9.55,7.55,7.9,2530242,EQ,15612.0,162.07,172023.0
2020-03-02,8.1,8.3,7.8,7.95,113402,EQ,1664.0,68.15,52550.0
2020-03-03,8.05,8.2,7.9,8.0,69633,EQ,923.0,75.44,40533.0
2020-03-04,8.0,8.1,7.8,8.0,140437,EQ,1419.0,98.97,79724.0
2020-03-05,8.0,8.1,7.9,7.95,115203,EQ,1268.0,90.85,61164.0
2020-03-06,7.6,7.75,7.45,7.6,140311,EQ,1293.0,108.52,85135.0
2020-03-09,7.2,7.4,6.9,7.05,143322,EQ,1671.0,85.77,88487.0
2020-03-11,7.05,7.2,6.5,6.75,62778,EQ,1012.0,62.03,32213.0
2020-03-12,6.4,6.4,5.55,5.7,160867,EQ,2242.0,71.75,81925.0
2020-03-13,4.9,6.0,4.55,5.75,146453,EQ,1820.0,80.47,55626.0
2020-03-16,5.2,5.7,4.65,4.75,217851,EQ,2706.0,80.51,126068.0
2020-03-17,4.9,5.0,4.3,4.3,153879,EQ,2014.0,76.4,79065.0
2020-03-18,4.4,4.5,3.85,3.9,251110,EQ,1873.0,134.07,174443.0
2020-03-19,3.8,4.2,3.5,3.65,218459,EQ,2164.0,100.95,87343.0
2020-03-20,3.8,4.0,3.55,3.95,112074,EQ,1663.0,67.39,69164.0
2020-03-23,3.6,3.9,3.55,3.55,88547,EQ,1032.0,85.8,55722.0
2020-03-24,3.65,3.8,3.2,3.35,71858,EQ,898.0,80.02,33173.0
2020-03-25,3.15,3.7,3.0,3.7,90357,EQ,765.0,118.11,44499.0
2020-03-26,4.05,4.05,4.05,4.05,44457,EQ,300.0,148.19,40534.0
2020-03-27,4.45,4.45,4.45,4.45,17777,EQ,199.0,89.33,17705.0
2020-03-30,4.9,4.9,4.45,4.9,169246,EQ,1295.0,130.69,81967.0
2020-03-31,5.15,5.15,5.15,5.15,19386,EQ,100.0,193.86,19381.0
2020-04-01,5.4,5.4,5.4,5.4,7351,EQ,53.0,138.7,7351.0
2020-04-03,5.7,5.7,5.7,5.7,6388,EQ,55.0,116.15,6388.0
2020-04-07,5.95,5.95,5.95,5.95,10539,EQ,69.0,152.74,10539.0
2020-04-08,6.25,6.25,6.25,6.25,4109,EQ,44.0,93.39,4109.0
2020-04-09,6.55,6.55,5.95,6.15,404721,EQ,3373.0,119.99,210931.0
2020-04-13,6.15,6.15,5.8,5.8,72212,EQ,,,
2020-04-15,5.55,6.1,5.55,5.7,220931,EQ,2410.0,91.67,94435.0
2020-04-16,5.85,6.0,5.6,6.0,80761,EQ,1055.0,76.55,49567.0
2020-04-17,6.3,6.3,6.0,6.3,72328,EQ,1060.0,68.23,56917.0
2020-04-20,6.55,6.6,6.3,6.6,45727,EQ,575.0,79.53,38062.0
2020-04-21,6.6,6.6,6.25,6.3,113969,EQ,995.0,114.54,76813.0
2020-04-22,6.3,6.35,6.0,6.15,57991,EQ,822.0,70.55,27279.0
2020-04-23,6.25,6.3,6.0,6.05,63716,EQ,875.0,72.82,26442.0
2020-04-24,6.3,6.3,5.75,5.8,56822,EQ,856.0,66.38,33573.0
2020-04-27,5.9,5.95,5.6,5.7,38298,EQ,590.0,64.91,22663.0
2020-04-28,5.8,5.8,5.4,5.55,67557,EQ,879.0,76.86,41315.0
2020-04-29,5.5,5.8,5.4,5.75,66289,EQ,767.0,86.43,34666.0
2020-04-30,5.9,6.05,5.7,6.0,55895,EQ,726.0,76.99,36039.0
2020-05-04,5.7,5.85,5.7,5.7,51873,EQ,519.0,99.95,33126.0
2020-05-05,5.9,5.9,5.5,5.5,21140,EQ,345.0,61.28,15782.0
2020-05-06,5.65,5.65,5.3,5.35,34634,EQ,525.0,65.97,21579.0
2020-05-07,5.3,5.65,5.25,5.65,42157,EQ,518.0,81.38,24532.0
2020-05-08,5.9,5.9,5.6,5.6,25645,EQ,514.0,49.89,16147.0
2020-05-11,5.6,5.9,5.4,5.5,33024,EQ,419.0,78.82,18041.0
2020-05-12,5.65,5.8,5.55,5.8,145760,EQ,1170.0,124.58,68698.0
2020-05-13,5.95,6.05,5.7,5.75,62528,EQ,591.0,105.8,39982.0
2020-05-14,5.9,5.9,5.5,5.65,17139,EQ,277.0,61.87,11025.0
2020-05-15,5.65,5.95,5.5,5.9,123056,EQ,925.0,133.03,53635.0
2020-05-18,5.9,5.9,5.6,5.6,48998,EQ,487.0,100.61,35851.0
2020-05-19,5.5,5.85,5.4,5.5,27928,EQ,375.0,74.47,15616.0
2020-05-20,5.5,5.7,5.25,5.25,107134,EQ,878.0,122.02,64965.0
2020-05-21,5.25,5.4,5.05,5.25,69849,EQ,740.0,94.39,21380.0
2020-05-22,5.2,5.3,5.05,5.2,42523,EQ,727.0,58.49,22521.0
2020-05-26,5.3,5.3,5.1,5.15,22541,EQ,372.0,60.59,13659.0
2020-05-27,5.2,5.2,5.05,5.15,25908,EQ,446.0,58.09,14735.0
2020-05-28,5.15,5.3,5.1,5.2,41209,EQ,500.0,82.42,24653.0
2020-05-29,5.2,5.4,5.2,5.3,44227,EQ,476.0,92.91,22894.0
2020-06-01,5.55,5.55,5.5,5.55,37544,EQ,264.0,142.21,28412.0
2020-06-02,5.8,5.85,5.7,5.85,37628,EQ,223.0,168.74,33003.0
2020-06-03,6.15,6.15,5.7,6.0,121470,EQ,806.0,150.71,96683.0
2020-06-04,6.1,6.25,5.7,5.75,157799,EQ,2341.0,67.41,102161.0
2020-06-05,5.85,6.05,5.7,6.05,372041,EQ,2667.0,139.5,198546.0
2020-06-08,6.3,6.35,6.3,6.35,633154,EQ,2528.0,250.46,484346.0
2020-06-09,6.5,6.5,6.05,6.05,272701,EQ,3475.0,78.48,147003.0
2020-06-10,6.2,6.3,5.95,6.0,242950,EQ,4603.0,52.78,139591.0
2020-06-11,6.05,6.05,5.7,5.7,147052,EQ,2310.0,63.66,105920.0
2020-06-12,5.4,5.75,5.4,5.7,60493,EQ,858.0,70.5,31063.0
2020-06-15,5.75,5.9,5.55,5.55,75034,EQ,1133.0,66.23,52067.0
2020-06-16,5.65,5.75,5.35,5.45,51609,EQ,641.0,80.51,33290.0
2020-06-17,5.45,5.5,5.25,5.3,88956,EQ,923.0,96.38,65785.0
2020-06-18,5.4,5.55,5.3,5.5,70542,EQ,661.0,106.72,49355.0
2020-06-19,5.7,5.7,5.4,5.65,133365,EQ,937.0,142.33,80836.0
2020-06-22,5.7,5.7,5.5,5.65,113960,EQ,1170.0,97.4,74973.0
2020-06-23,5.8,5.8,5.65,5.7,117936,EQ,2037.0,57.9,80137.0
2020-06-24,5.7,6.0,5.55,5.65,254808,EQ,4668.0,54.59,143988.0
2020-06-25,5.5,5.9,5.5,5.7,119300,EQ,1907.0,62.56,70318.0
2020-06-26,5.5,5.6,5.45,5.45,190743,EQ,1560.0,122.27,145492.0
2020-06-29,5.3,5.7,5.2,5.65,217574,EQ,2311.0,94.15,108206.0
2020-06-30,5.75,5.85,5.4,5.4,163385,EQ,1449.0,112.76,127302.0
2020-07-01,5.15,5.65,5.15,5.65,287770,EQ,2348.0,122.56,168960.0
2020-07-02,5.65,5.7,5.45,5.5,105384,EQ,1230.0,85.68,64052.0
2020-07-03,5.65,5.65,5.45,5.5,47854,EQ,668.0,71.64,30053.0
2020-07-06,5.65,5.7,5.45,5.5,76931,EQ,778.0,98.88,50290.0
2020-07-07,5.4,5.55,5.4,5.55,59804,EQ,631.0,94.78,38951.0
2020-07-08,5.4,5.5,5.4,5.4,68111,EQ,635.0,107.26,40660.0
2020-07-09,5.5,5.55,5.35,5.35,44326,EQ,724.0,61.22,28393.0
2020-07-10,5.3,5.4,5.25,5.3,60009,EQ,643.0,93.33,40034.0
2020-07-13,5.25,5.45,5.1,5.15,149619,EQ,1179.0,126.9,113395.0
2020-07-14,5.1,5.3,5.0,5.05,54875,EQ,785.0,69.9,39735.0
2020-07-15,5.05,5.15,4.8,4.8,144972,EQ,1495.0,96.97,110240.0
2020-07-16,4.9,4.9,4.55,4.65,157785,EQ,1411.0,111.82,105855.0
2020-07-17,4.8,4.9,4.65,4.9,42408,EQ,592.0,71.64,27879.0
2020-07-20,5.0,5.15,5.0,5.15,49863,EQ,545.0,91.49,38539.0
2020-07-21,5.2,5.2,5.0,5.05,46603,EQ,621.0,75.05,32558.0
2020-07-22,5.1,5.1,4.8,4.95,33361,EQ,686.0,48.63,19337.0
2020-07-23,4.95,5.0,4.9,4.95,20066,EQ,409.0,49.06,11740.0
2020-07-24,4.95,4.95,4.75,4.9,33195,EQ,470.0,70.63,19113.0
2020-07-27,4.8,4.95,4.65,4.65,56771,EQ,631.0,89.97,40003.0
2020-07-28,4.5,4.75,4.5,4.6,46505,EQ,804.0,57.84,29521.0
2020-07-29,4.6,4.7,4.55,4.6,41530,EQ,620.0,66.98,24272.0
2020-07-30,4.5,4.65,4.5,4.55,33996,EQ,670.0,50.74,19472.0
2020-07-31,4.5,4.6,4.5,4.55,73598,EQ,870.0,84.6,61911.0
2020-08-03,4.6,4.7,4.5,4.55,52846,EQ,650.0,81.3,39831.0
2020-08-04,4.4,4.55,4.4,4.5,35915,EQ,801.0,44.84,26175.0
2020-08-05,4.5,4.55,4.45,4.5,37709,EQ,988.0,38.17,26827.0
2020-08-06,4.55,4.55,4.45,4.5,35086,EQ,951.0,36.89,27466.0
2020-08-07,4.55,4.6,4.4,4.45,116921,EQ,1419.0,82.4,80729.0
2020-08-10,4.5,4.5,4.3,4.4,73689,EQ,1351.0,54.54,51125.0
2020-08-11,4.4,4.85,4.4,4.85,534191,EQ,3211.0,166.36,327003.0
2020-08-12,4.9,5.2,4.9,4.95,402283,EQ,3280.0,122.65,229358.0
2020-08-13,5.0,5.1,4.8,4.9,114107,EQ,1202.0,94.93,58931.0
2020-08-14,4.9,5.4,4.9,5.4,672606,EQ,3364.0,199.94,290934.0
2020-08-17,5.7,5.8,5.4,5.7,278869,EQ,3119.0,89.41,185374.0
2020-08-18,5.75,5.75,5.4,5.4,119429,EQ,946.0,126.25,101152.0
2020-08-19,5.25,5.55,5.25,5.4,142617,EQ,1264.0,112.83,90088.0
2020-08-20,5.25,5.45,5.2,5.35,112449,EQ,1002.0,112.22,67218.0
2020-08-21,5.4,5.6,5.35,5.6,132103,EQ,883.0,149.61,105708.0
2020-08-24,5.7,5.9,5.7,5.9,311138,EQ,1670.0,186.31,203931.0
2020-08-25,6.0,6.2,5.75,5.85,428105,EQ,2393.0,178.9,316529.0
2020-08-26,6.15,6.15,5.85,6.1,247923,EQ,2244.0,110.48,157991.0
2020-08-27,6.1,6.3,6.0,6.05,191822,EQ,1472.0,130.31,141778.0
2020-08-28,6.0,6.1,5.9,5.9,104368,EQ,1052.0,99.21,85369.0
2020-08-31,6.05,6.1,5.6,5.6,141254,EQ,1242.0,113.73,86044.0
2020-09-01,5.6,5.8,5.35,5.55,53908,EQ,833.0,64.72,33694.0
2020-09-02,5.7,5.7,5.45,5.6,31583,EQ,392.0,80.57,17500.0
2020-09-03,5.55,5.8,5.5,5.65,48392,EQ,498.0,97.17,32376.0
2020-09-04,5.55,5.7,5.4,5.5,55873,EQ,808.0,69.15,35089.0
2020-09-07,5.45,5.55,5.35,5.45,24885,EQ,450.0,55.3,17881.0
2020-09-08,5.5,5.5,5.25,5.3,26559,EQ,494.0,53.76,19710.0
2020-09-09,5.4,5.4,5.05,5.15,49043,EQ,551.0,89.01,37669.0
2020-09-10,5.3,5.4,5.15,5.25,29202,EQ,448.0,65.18,20628.0
2020-09-11,5.2,5.35,5.2,5.3,13516,EQ,317.0,42.64,7785.0
2020-09-14,5.35,5.6,5.35,5.6,78867,EQ,616.0,128.03,57310.0
2020-09-15,5.6,5.7,5.5,5.5,38935,EQ,452.0,86.14,28698.0
2020-09-16,5.6,5.6,5.3,5.4,24197,EQ,382.0,63.34,17134.0
2020-09-17,5.4,5.45,5.35,5.35,18529,EQ,328.0,56.49,10267.0
2020-09-18,5.35,5.6,5.25,5.3,47333,EQ,503.0,94.1,29384.0
2020-09-21,5.35,5.55,5.05,5.1,51545,EQ,613.0,84.09,34648.0
2020-09-22,5.1,5.3,4.85,4.85,91291,EQ,846.0,107.91,65032.0
2020-09-23,4.9,5.1,4.9,5.0,35736,EQ,429.0,83.3,21319.0
2020-09-24,4.8,5.15,4.75,4.8,31597,EQ,376.0,84.03,18100.0
2020-09-25,5.0,5.0,4.85,4.95,32195,EQ,371.0,86.78,20296.0
2020-09-28,5.1,5.2,4.95,5.15,50599,EQ,,,
2020-09-29,5.15,5.35,4.95,5.1,47244,EQ,644.0,73.36,25571.0
2020-09-30,5.1,5.1,5.0,5.05,6182,EQ,183.0,33.78,3492.0
2020-10-01,5.05,5.15,4.9,5.05,68991,EQ,375.0,183.98,59737.0
2020-10-05,5.05,5.15,5.0,5.0,26309,EQ,471.0,55.86,15072.0
2020-10-06,5.1,5.2,5.0,5.05,23428,EQ,296.0,79.15,10570.0
2020-10-07,4.95,5.05,4.95,5.0,22623,EQ,292.0,77.48,16809.0
2020-10-08,5.0,5.1,4.95,4.95,13748,EQ,203.0,67.72,9331.0
2020-10-09,5.05,5.05,4.9,4.95,8993,EQ,204.0,44.08,6349.0
2020-10-12,5.05,5.05,4.9,4.95,19369,EQ,248.0,78.1,12681.0
2020-10-13,5.0,5.0,4.8,4.9,29336,EQ,291.0,100.81,24143.0
2020-10-14,4.8,4.9,4.8,4.85,13305,EQ,295.0,45.1,10338.0
2020-10-15,4.8,4.95,4.7,4.75,23757,EQ,386.0,61.55,16027.0
2020-10-16,4.8,4.85,4.7,4.75,11164,EQ,227.0,49.18,6829.0
2020-10-19,4.75,4.9,4.7,4.85,15064,EQ,276.0,54.58,9276.0
2020-10-20,4.9,4.9,4.65,4.8,10870,EQ,260.0,41.81,6330.0
2020-10-21,4.8,4.85,4.8,4.8,11581,EQ,191.0,60.63,8453.0
2020-10-22,4.8,4.9,4.8,4.85,27655,EQ,209.0,132.32,20055.0
2020-10-23,4.9,5.05,4.75,4.95,22546,EQ,328.0,68.74,14750.0
2020-10-26,5.0,5.0,4.85,4.9,26394,EQ,209.0,126.29,17335.0
2020-10-27,4.9,4.9,4.8,4.85,13799,EQ,191.0,72.25,9080.0
2020-10-28,4.95,4.95,4.8,4.8,7172,EQ,152.0,47.18,4993.0
2020-10-29,4.85,4.85,4.6,4.65,22393,EQ,310.0,72.24,13163.0
2020-10-30,4.65,4.8,4.5,4.6,41879,EQ,621.0,67.44,21550.0
2020-11-02,4.7,4.7,4.45,4.6,76479,EQ,460.0,166.26,65297.0
2020-11-03,4.6,4.7,4.55,4.6,9453,EQ,229.0,41.28,6078.0
2020-11-04,4.6,4.65,4.55,4.6,18731,EQ,252.0,74.33,15183.0
2020-11-05,4.6,4.7,4.55,4.6,12289,EQ,256.0,48.0,8446.0
2020-11-06,4.6,4.85,4.6,4.85,47064,EQ,329.0,143.05,27287.0
2020-11-09,5.0,5.0,4.85,4.9,37424,EQ,401.0,93.33,27183.0
2020-11-10,5.0,5.05,4.65,4.9,54435,EQ,404.0,134.74,43136.0
2020-11-11,4.85,5.1,4.85,5.1,57666,EQ,534.0,107.99,40560.0
2020-11-12,5.2,5.35,4.95,5.1,118123,EQ,1056.0,111.86,72750.0
2020-11-13,5.3,5.35,4.95,5.35,81475,EQ,721.0,113.0,63250.0
2020-11-17,5.9,5.9,5.5,5.75,160151,EQ,1199.0,133.57,104084.0
2020-11-18,5.75,6.05,5.65,6.05,168553,EQ,886.0,190.24,134269.0
2020-11-19,6.1,6.35,6.05,6.35,256691,EQ,947.0,271.06,133823.0
2020-11-20,6.6,6.65,6.0,6.65,343718,EQ,1979.0,173.68,185016.0
2020-11-23,6.95,6.95,6.95,6.95,60385,EQ,311.0,194.16,59010.0
2020-11-24,7.3,7.3,7.3,7.3,18368,EQ,175.0,104.96,18368.0
2020-11-25,7.7,7.7,7.1,7.7,738881,EQ,1057.0,699.04,383235.0
2020-11-26,8.05,8.05,8.05,8.05,24853,EQ,193.0,128.77,24853.0
2020-11-27,8.45,8.45,8.0,8.45,1085773,EQ,3061.0,354.71,480044.0
2020-12-01,8.8,8.9,8.6,8.9,287215,EQ,1785.0,160.9,200167.0
2020-12-02,9.25,9.3,9.2,9.3,234039,EQ,638.0,366.83,203018.0
2020-12-03,9.8,9.8,9.7,9.8,561114,EQ,2004.0,280.0,270843.0
2020-12-04,9.9,9.9,9.3,9.3,25083,BE,165.0,152.02,25083.0
2020-12-07,8.85,8.85,8.85,8.85,8589,BE,119.0,72.18,8589.0
2020-12-08,8.4,9.3,8.4,9.3,365138,BE,1617.0,225.81,365138.0
2020-12-09,9.7,9.75,9.4,9.7,698312,BE,923.0,756.57,698312.0
2020-12-10,9.85,10.2,9.25,10.2,184271,BE,988.0,186.51,184271.0
2020-12-11,10.2,10.45,9.8,10.05,205570,BE,794.0,258.9,205570.0
2020-12-14,10.35,10.35,9.6,9.75,67029,BE,496.0,135.14,67029.0
2020-12-15,9.95,10.1,9.4,9.65,65252,BE,503.0,129.73,65252.0
2020-12-16,9.75,10.1,9.6,10.1,49405,BE,373.0,132.45,49405.0
2020-12-17,10.6,10.6,10.15,10.55,175066,BE,734.0,238.51,175066.0
2020-12-18,10.4,10.55,10.05,10.4,93722,BE,569.0,164.71,93722.0
2020-12-21,10.4,10.8,9.9,9.9,77252,BE,490.0,157.66,77252.0
2020-12-22,9.4,10.4,9.4,9.8,116316,BE,419.0,277.6,116316.0
2020-12-23,10.1,10.2,9.45,10.1,28797,BE,248.0,116.12,28797.0
2020-12-24,10.15,10.45,9.6,9.65,56443,BE,340.0,166.01,56443.0
2020-12-28,10.0,10.15,9.6,9.95,56262,BE,268.0,209.93,56262.0
2020-12-29,10.25,10.3,9.95,10.15,34798,BE,237.0,146.83,34798.0
2020-12-30,10.2,10.25,9.9,10.0,15925,BE,166.0,95.93,15925.0
2020-12-31,10.2,10.25,9.9,10.15,36891,BE,229.0,161.1,36891.0
2021-01-01,10.2,10.25,9.9,9.95,34935,BE,226.0,154.58,34935.0
2021-01-04,10.15,10.15,9.85,10.05,38790,BE,257.0,150.93,38790.0
2021-01-05,9.8,10.15,9.8,10.0,56119,BE,277.0,202.6,56119.0
2021-01-06,10.0,10.15,9.85,9.9,19051,BE,201.0,94.78,19051.0
2021-01-07,10.1,10.1,9.8,9.85,31255,BE,205.0,152.46,31255.0
2021-01-08,9.85,10.0,9.6,9.8,22570,BE,236.0,95.64,22570.0
2021-01-11,9.9,10.15,9.75,9.9,167526,BE,323.0,518.66,167526.0
2021-01-12,9.9,10.4,9.75,10.4,310082,BE,592.0,523.79,310082.0
2021-01-13,10.9,10.9,10.9,10.9,62831,BE,260.0,241.66,62831.0
2021-01-14,11.45,11.45,11.0,11.45,107814,BE,632.0,170.59,107814.0
2021-01-15,12.0,12.0,12.0,12.0,53629,BE,329.0,163.01,53629.0
2021-01-18,12.5,12.6,11.4,12.2,113178,BE,985.0,114.9,113178.0
2021-01-19,12.2,12.6,11.9,12.1,32176,BE,335.0,96.05,32176.0
2021-01-20,11.85,12.2,11.6,11.7,30336,BE,339.0,89.49,30336.0
2021-01-21,11.8,12.25,11.4,12.05,94073,BE,473.0,198.89,94073.0
2021-01-22,12.0,12.25,11.7,11.7,65791,BE,309.0,212.92,65791.0
2021-01-25,12.2,12.2,11.2,11.4,27996,BE,250.0,111.98,27996.0
2021-01-27,11.4,11.4,10.85,10.9,31655,BE,235.0,134.7,31655.0
2021-01-28,10.35,11.4,10.35,11.15,22517,BE,217.0,103.76,22517.0
2021-01-29,11.0,11.65,11.0,11.45,35321,BE,214.0,165.05,35321.0
2021-02-01,11.4,12.0,11.4,12.0,47596,BE,281.0,169.38,47596.0
2021-02-02,12.6,12.6,12.6,12.6,12725,EQ,158.0,80.54,12725.0
2021-02-03,13.25,13.25,13.25,13.25,14969,EQ,123.0,121.7,14969.0
2021-02-04,13.9,13.9,13.9,13.9,31640,EQ,120.0,263.67,31640.0
2021-02-05,14.6,14.6,13.6,14.6,838057,EQ,4590.0,182.58,368329.0
2021-02-08,15.3,15.3,14.3,14.6,415573,EQ,3252.0,127.79,206879.0
2021-02-09,14.4,14.4,13.85,14.0,97512,EQ,1392.0,70.05,80041.0
2021-02-10,14.4,14.4,13.7,13.85,37082,EQ,645.0,57.49,19637.0
2021-02-11,13.55,14.55,13.55,14.45,99068,EQ,1040.0,95.26,50895.0
2021-02-12,14.45,14.7,14.0,14.4,71622,EQ,832.0,86.08,50286.0
2021-02-15,14.5,15.1,14.15,15.1,143670,EQ,2016.0,71.26,83218.0
2021-02-16,15.2,15.3,14.7,14.9,139055,EQ,1767.0,78.7,95881.0
2021-02-17,15.0,15.0,14.65,14.75,38677,EQ,762.0,50.76,26601.0
2021-02-18,14.7,14.95,14.4,14.45,34959,EQ,665.0,52.57,22865.0
2021-02-19,14.6,14.6,14.15,14.3,32151,EQ,812.0,39.59,22811.0
2021-02-22,14.4,14.4,13.7,14.0,33019,EQ,1004.0,32.89,23002.0
2021-02-23,13.75,14.3,13.75,14.1,16122,EQ,348.0,46.33,10219.0
2021-02-24,14.1,14.5,13.85,14.0,23766,EQ,654.0,36.34,19434.0
2021-02-25,14.4,14.4,13.75,13.85,27463,EQ,1004.0,27.35,21236.0
2021-02-26,13.85,13.85,13.2,13.55,25992,EQ,516.0,50.37,19932.0
2021-03-01,13.2,14.15,13.2,13.55,40802,EQ,861.0,47.39,30558.0
2021-03-02,13.5,13.9,13.4,13.7,29111,EQ,564.0,51.62,20423.0
2021-03-03,13.75,14.35,13.7,14.35,39180,EQ,437.0,89.66,33970.0
2021-03-04,15.1,15.1,14.55,15.1,688785,EQ,2693.0,255.77,445243.0
2021-03-05,15.35,15.45,14.5,14.6,142485,EQ,2671.0,53.35,107662.0
2021-03-08,14.6,15.15,14.6,14.9,49603,EQ,614.0,80.79,37423.0
2021-03-09,14.75,15.05,14.45,14.6,24316,EQ,1148.0,21.18,12651.0
2021-03-10,14.95,14.95,14.2,14.35,25084,EQ,544.0,46.11,15735.0
2021-03-12,14.35,14.85,13.8,13.9,78404,EQ,1407.0,55.72,56303.0
2021-03-15,13.8,13.9,13.3,13.7,44588,EQ,1035.0,43.08,32855.0
2021-03-16,13.85,13.9,13.2,13.45,20320,EQ,642.0,31.65,13313.0
2021-03-17,13.2,13.65,13.2,13.25,31611,EQ,598.0,52.86,23162.0
2021-03-18,13.4,13.4,12.6,12.6,78840,EQ,1557.0,50.64,54533.0
2021-03-19,12.6,12.75,11.95,12.6,80232,EQ,799.0,100.42,55713.0
2021-03-22,12.6,13.0,12.3,12.55,48534,EQ,945.0,51.36,34474.0
2021-03-23,12.55,13.2,12.55,13.2,37153,EQ,833.0,44.6,30054.0
2021-03-24,13.7,13.7,12.8,12.9,30540,EQ,469.0,65.12,25399.0
2021-03-25,13.25,13.25,12.3,12.45,35491,EQ,354.0,100.26,29021.0
2021-03-26,12.3,12.8,12.3,12.55,31894,EQ,500.0,63.79,25727.0
2021-03-30,12.9,12.9,12.1,12.2,64542,EQ,536.0,120.41,57816.0
2021-03-31,12.2,12.75,11.8,12.6,36475,EQ,546.0,66.8,27267.0
2021-04-01,12.5,13.2,12.5,13.2,32141,EQ,223.0,144.13,31381.0
2021-04-05,13.85,13.85,13.05,13.7,116703,EQ,1373.0,85.0,73169.0
2021-04-06,14.2,14.2,13.05,13.2,44918,EQ,1267.0,35.45,30078.0
2021-04-07,13.35,13.85,12.9,13.35,42425,EQ,721.0,58.84,23183.0
2021-04-08,13.35,13.6,12.7,12.9,39831,EQ,1605.0,24.82,27835.0
2021-04-09,12.85,13.15,12.45,12.8,42946,EQ,1036.0,41.45,31746.0
2021-04-12,12.8,12.8,12.15,12.15,39172,EQ,286.0,136.97,36311.0
2021-04-13,12.0,12.0,11.55,11.65,58597,EQ,719.0,81.5,41112.0
2021-04-15,11.5,11.7,11.05,11.1,64835,EQ,626.0,103.57,50659.0
2021-04-16,11.0,11.65,10.7,10.9,101477,EQ,1407.0,72.12,60222.0
2021-04-19,10.65,10.65,10.4,10.4,65868,EQ,485.0,135.81,57498.0
2021-04-20,10.05,10.9,9.95,10.45,72984,EQ,1156.0,63.13,38500.0
2021-04-22,10.25,10.3,10.0,10.15,40006,EQ,737.0,54.28,21986.0
2021-04-23,10.15,10.65,10.05,10.65,43080,EQ,716.0,60.17,25580.0
2021-04-26,11.0,11.1,10.6,10.75,106778,EQ,692.0,154.3,96803.0
2021-04-27,10.8,11.3,10.8,11.25,47826,EQ,655.0,73.02,31876.0
2021-04-28,11.5,11.75,11.0,11.4,53011,EQ,788.0,67.27,38292.0
2021-04-29,11.4,11.5,10.9,11.1,20682,EQ,547.0,37.81,13339.0
2021-04-30,10.8,11.05,10.55,10.65,22702,EQ,645.0,35.2,16145.0
2021-05-03,10.8,11.2,10.4,10.95,49154,EQ,763.0,64.42,34143.0
2021-05-04,11.15,11.35,10.9,11.05,39077,EQ,698.0,55.98,25282.0
2021-05-05,11.1,11.1,10.9,11.0,12653,EQ,333.0,38.0,10551.0
2021-05-06,10.8,10.9,10.5,10.75,26099,EQ,383.0,68.14,19942.0
2021-05-07,10.8,10.95,10.45,10.6,82387,EQ,805.0,102.34,73937.0
2021-05-10,10.8,10.9,10.4,10.45,39465,EQ,876.0,45.05,29387.0
2021-05-11,10.35,10.9,10.2,10.8,86437,EQ,1789.0,48.32,44778.0
2021-05-12,10.9,11.25,10.7,10.9,68837,EQ,1254.0,54.89,45116.0
2021-05-14,10.75,11.1,10.4,11.0,59611,EQ,1139.0,52.34,36606.0
2021-05-17,11.0,11.2,10.45,10.65,45183,EQ,756.0,59.77,30797.0
2021-05-18,10.95,11.1,10.65,11.0,28510,EQ,701.0,40.67,20631.0
2021-05-19,11.1,11.15,10.7,10.75,43819,EQ,1076.0,40.72,31575.0
2021-05-20,11.0,11.3,10.65,11.3,113001,EQ,1322.0,85.48,62061.0
2021-05-21,11.8,11.85,11.3,11.85,45149,EQ,482.0,93.67,39626.0
2021-05-24,12.45,12.45,12.45,12.45,14025,EQ,120.0,116.88,14025.0
2021-05-25,13.05,13.05,12.45,12.95,273783,EQ,2125.0,128.84,118480.0
2021-05-26,13.2,13.5,12.6,12.8,86546,EQ,2294.0,37.73,47141.0
2021-05-27,12.65,12.8,12.15,12.25,56442,EQ,1288.0,43.82,43060.0
2021-05-28,12.4,12.4,11.65,11.95,49460,EQ,1046.0,47.28,31938.0
2021-05-31,12.1,12.55,11.75,12.55,76710,EQ,874.0,87.77,49450.0
2021-06-01,12.9,12.95,12.2,12.35,60944,EQ,958.0,63.62,44441.0
2021-06-02,12.45,12.45,11.95,12.25,42143,EQ,768.0,54.87,31757.0
2021-06-03,12.55,12.85,12.0,12.55,162866,EQ,1356.0,120.11,98525.0
2021-06-04,12.7,12.9,12.4,12.55,52063,EQ,1020.0,51.04,35065.0
2021-06-07,13.4,13.4,12.7,13.15,73192,EQ,1394.0,52.51,50565.0
2021-06-08,13.4,14.45,12.85,13.9,304245,EQ,2822.0,107.81,111978.0
2021-06-09,14.2,14.3,13.5,13.55,90798,EQ,1320.0,68.79,63479.0
2021-06-10,13.65,14.0,13.35,13.5,63415,EQ,938.0,67.61,37592.0
2021-06-11,13.5,13.8,13.35,13.55,35487,EQ,746.0,47.57,23034.0
2021-06-14,13.55,13.65,13.2,13.25,18949,EQ,575.0,32.95,12845.0
2021-06-15,13.45,14.05,13.3,13.6,71343,EQ,1017.0,70.15,35558.0
2021-06-16,13.75,13.75,13.0,13.1,69434,EQ,761.0,91.24,57558.0
2021-06-17,12.8,13.15,12.8,13.05,26041,EQ,620.0,42.0,14237.0
2021-06-18,13.3,13.3,12.5,12.95,38432,EQ,626.0,61.39,26971.0
2021-06-21,13.05,13.05,12.65,12.8,24742,EQ,543.0,45.57,17175.0
2021-06-22,12.8,13.25,12.05,12.4,48045,EQ,945.0,50.84,33568.0
2021-06-23,12.65,13.5,12.5,13.0,97585,EQ,1394.0,70.0,55149.0
2021-06-24,13.1,13.45,12.4,12.75,117567,EQ,1726.0,68.12,46756.0
2021-06-25,12.55,12.9,12.55,12.8,21003,EQ,476.0,44.12,14322.0
2021-06-28,13.0,13.4,12.6,12.85,59461,EQ,1024.0,58.07,38153.0
2021-06-29,12.8,12.8,12.1,12.3,72539,EQ,1430.0,50.73,47098.0
2021-06-30,12.0,12.5,11.65,11.8,83541,EQ,1380.0,60.54,63996.0
2021-07-01,12.1,12.2,11.75,12.1,42687,EQ,872.0,48.95,31225.0
2021-07-02,12.4,12.6,12.0,12.25,57102,EQ,1122.0,50.89,25941.0
2021-07-05,12.3,12.6,12.0,12.1,42745,EQ,1175.0,36.38,22857.0
2021-07-06,12.2,12.25,11.8,11.9,54394,EQ,899.0,60.51,41897.0
2021-07-07,12.05,12.05,11.8,11.9,15226,EQ,478.0,31.85,11222.0
2021-07-08,12.1,12.15,11.7,11.75,23048,EQ,730.0,31.57,15859.0
2021-07-09,11.75,12.05,11.75,11.85,13389,EQ,458.0,29.23,10615.0
2021-07-12,12.05,13.0,11.85,13.0,268481,EQ,2939.0,91.35,155582.0
2021-07-13,13.0,14.2,12.85,13.75,441314,EQ,5323.0,82.91,229134.0
2021-07-14,13.9,14.35,13.3,13.55,157304,EQ,2350.0,66.94,87035.0
2021-07-15,13.6,13.9,12.95,13.05,83514,EQ,1536.0,54.37,65578.0
2021-07-16,13.1,13.3,12.85,12.9,39363,EQ,727.0,54.14,28502.0
2021-07-19,12.8,12.95,12.5,12.8,38449,EQ,830.0,46.32,26069.0
2021-07-20,12.65,12.8,12.0,12.1,57608,EQ,934.0,61.68,43678.0
2021-07-22,12.4,13.3,11.9,12.95,182512,EQ,2090.0,87.33,94854.0
2021-07-23,12.9,13.1,12.2,12.3,67950,EQ,1592.0,42.68,48310.0
2021-07-26,12.45,12.95,12.35,12.5,64576,EQ,852.0,75.79,48469.0
2021-07-27,12.75,12.95,12.2,12.4,58954,EQ,1055.0,55.88,27477.0
2021-07-28,12.5,12.55,11.75,12.25,46478,EQ,764.0,60.84,25738.0
2021-07-29,12.35,12.85,12.15,12.65,162745,EQ,1886.0,86.29,78289.0
2021-07-30,12.55,12.95,12.3,12.4,55709,EQ,1048.0,53.16,33276.0
2021-08-02,12.3,12.65,12.3,12.55,30290,EQ,542.0,55.89,17472.0
2021-08-03,12.7,12.7,12.35,12.35,38953,EQ,602.0,64.71,28989.0
2021-08-04,12.4,12.8,12.1,12.2,73174,EQ,965.0,75.83,32754.0
2021-08-05,12.4,12.4,11.85,11.95,44015,EQ,954.0,46.14,30746.0
2021-08-06,12.05,12.15,11.75,11.8,28926,EQ,824.0,35.1,22025.0
2021-08-09,12.1,12.1,11.5,11.65,26319,EQ,572.0,46.01,18328.0
2021-08-10,11.95,11.95,10.7,11.15,88227,EQ,1472.0,59.94,67707.0
2021-08-11,11.15,11.75,10.55,11.6,118651,EQ,1513.0,78.42,85160.0
2021-08-12,11.8,11.9,11.35,11.55,15647,EQ,430.0,36.39,9400.0
2021-08-13,11.75,11.75,11.2,11.4,68243,EQ,849.0,80.38,56087.0
2021-08-16,11.2,11.7,11.0,11.6,45711,EQ,796.0,57.43,28933.0
2021-08-17,11.45,11.5,11.2,11.3,18097,EQ,363.0,49.85,13561.0
2021-08-18,11.4,11.5,10.85,11.05,29690,EQ,546.0,54.38,21066.0
2021-08-20,11.0,11.3,10.95,11.0,24322,EQ,446.0,54.53,12914.0
2021-08-23,11.1,11.2,10.45,10.7,27323,EQ,526.0,51.94,18110.0
2021-08-24,10.3,11.15,10.3,11.0,27437,EQ,586.0,46.82,17734.0
2021-08-25,11.15,11.15,10.3,10.8,30065,EQ,637.0,47.2,15507.0
2021-08-26,10.9,11.0,10.65,10.85,11256,EQ,316.0,35.62,5690.0
2021-08-27,10.85,10.95,10.7,10.8,14763,EQ,363.0,40.67,10021.0
2021-08-30,10.8,10.95,10.7,10.8,43327,EQ,912.0,47.51,32434.0
2021-08-31,10.7,10.85,10.7,10.8,16430,EQ,506.0,32.47,10560.0
2021-09-01,10.6,10.9,10.6,10.75,26910,EQ,571.0,47.13,17196.0
2021-09-02,10.7,11.45,10.55,10.95,36345,EQ,791.0,45.95,21624.0
2021-09-03,11.1,11.2,10.9,11.1,24548,EQ,547.0,44.88,13570.0
2021-09-06,10.8,12.0,10.8,11.55,79476,EQ,1038.0,76.57,44367.0
2021-09-07,11.7,12.7,11.1,12.55,220685,EQ,3375.0,65.39,156592.0
2021-09-08,12.55,12.95,12.4,12.75,117107,EQ,2745.0,42.66,72752.0
2021-09-09,12.8,13.1,12.6,12.85,74982,EQ,1160.0,64.64,47008.0
2021-09-13,13.0,13.0,12.45,12.65,36484,EQ,650.0,56.13,21890.0
2021-09-14,12.55,12.7,12.25,12.45,27115,EQ,596.0,45.49,18277.0
2021-09-15,12.5,12.5,12.25,12.3,21958,EQ,472.0,46.52,14703.0
2021-09-16,12.25,12.6,12.0,12.15,40285,EQ,546.0,73.78,28602.0
2021-09-17,12.15,12.3,11.85,12.1,51486,EQ,686.0,75.05,41495.0
2021-09-20,12.15,12.7,12.0,12.05,96055,EQ,2275.0,42.22,49115.0
2021-09-21,12.3,12.55,12.0,12.5,88547,EQ,1016.0,87.15,72064.0
2021-09-22,12.55,12.75,12.4,12.7,75461,EQ,1007.0,74.94,60976.0
2021-09-23,12.75,14.0,12.75,14.0,232663,EQ,1318.0,176.53,210095.0
2021-09-24,14.8,15.4,14.65,15.4,1042835,EQ,11105.0,93.91,477116.0
2021-09-27,15.85,16.15,15.6,16.15,246951,EQ,2162.0,114.22,135208.0
2021-09-28,16.4,16.4,15.35,15.35,213969,EQ,3513.0,60.91,134816.0
2021-09-29,14.7,15.2,14.55,14.75,220185,EQ,2319.0,94.95,143775.0
2021-09-30,14.6,15.4,14.55,15.0,92967,EQ,2288.0,40.63,43232.0
2021-10-01,14.6,15.1,14.5,14.8,108625,EQ,1636.0,66.4,81378.0
2021-10-04,14.8,15.1,14.15,14.25,91601,EQ,1815.0,50.47,56796.0
2021-10-05,14.3,14.7,14.3,14.5,80613,EQ,963.0,83.71,69257.0
2021-10-06,14.6,15.2,14.6,15.2,79493,EQ,659.0,120.63,64676.0
2021-10-07,15.95,15.95,15.2,15.65,283912,EQ,5048.0,56.24,149609.0
2021-10-08,15.95,16.3,15.8,15.9,125813,EQ,3396.0,37.05,78792.0
2021-10-11,15.9,16.7,15.9,16.7,84812,EQ,589.0,143.99,78949.0
2021-10-12,17.5,17.5,16.5,17.5,45623,BE,205.0,222.55,45623.0
2021-10-13,18.4,18.4,18.4,18.4,8317,BE,121.0,68.74,8317.0
2021-10-14,19.3,19.3,19.3,19.3,67102,BE,170.0,394.72,67102.0
2021-10-18,20.25,20.25,18.35,19.45,332575,BE,1050.0,316.74,332575.0
2021-10-19,19.8,19.8,18.5,18.5,70413,BE,747.0,94.26,70413.0
2021-10-20,18.2,18.2,17.55,17.55,41723,BE,239.0,174.57,41723.0
2021-10-21,16.7,17.2,16.7,16.7,43491,BE,461.0,94.34,43491.0
2021-10-22,16.5,17.2,16.3,16.55,20367,BE,366.0,55.65,20367.0
2021-10-25,17.35,17.35,15.8,16.05,47970,BE,466.0,102.94,47970.0
2021-10-26,16.5,16.9,16.15,16.9,17710,BE,257.0,68.91,17710.0
2021-10-27,17.35,17.4,16.5,16.8,9656,BE,216.0,44.7,9656.0
2021-10-28,16.5,16.8,16.0,16.05,75106,BE,318.0,236.18,75106.0
2021-10-29,16.0,16.35,15.25,16.25,66834,BE,304.0,219.85,66834.0
2021-11-01,16.25,16.8,15.85,16.1,56464,BE,311.0,181.56,56464.0
2021-11-02,16.35,16.8,15.75,16.55,15613,BE,165.0,94.62,15613.0
2021-11-03,17.3,17.4,16.8,17.4,28484,BE,281.0,101.37,28484.0
2021-11-04,18.0,18.25,17.5,18.25,63279,BE,281.0,225.19,63279.0
2021-11-08,18.25,19.15,17.7,19.15,116463,BE,602.0,193.46,116463.0
2021-11-09,19.8,20.1,19.15,20.1,153977,BE,768.0,200.49,153977.0
2021-11-10,19.8,20.6,19.1,19.15,36541,BE,498.0,73.38,36541.0
2021-11-11,18.9,20.1,18.2,19.65,81357,BE,614.0,132.5,81357.0
2021-11-12,19.8,19.8,19.0,19.4,16591,BE,255.0,65.06,16591.0
2021-11-15,19.05,19.4,18.45,18.65,25306,BE,363.0,69.71,25306.0
2021-11-16,18.5,19.0,18.2,18.7,14810,BE,297.0,49.87,14810.0
2021-11-17,18.5,18.9,18.1,18.15,8449,BE,192.0,44.01,8449.0
2021-11-18,17.65,18.4,17.45,17.55,8710,BE,198.0,43.99,8710.0
2021-11-22,17.3,17.75,16.7,16.7,22080,BE,269.0,82.08,22080.0
2021-11-23,16.2,17.55,16.1,17.5,39362,BE,249.0,158.08,39362.0
2021-11-24,17.65,18.0,17.15,17.5,11674,BE,210.0,55.59,11674.0
2021-11-25,17.7,17.7,17.0,17.45,6194,BE,105.0,58.99,6194.0
2021-11-26,17.4,17.4,16.6,16.6,32620,BE,329.0,99.15,32620.0
2021-11-29,15.8,16.5,15.75,15.8,27559,BE,332.0,83.01,27559.0
2021-11-30,16.0,16.3,15.45,15.55,19045,BE,241.0,79.02,19045.0
2021-12-01,15.95,15.95,15.4,15.5,6475,BE,121.0,53.51,6475.0
2021-12-02,15.5,15.85,15.2,15.45,14346,BE,192.0,74.72,14346.0
2021-12-03,15.45,15.7,15.15,15.3,14972,BE,189.0,79.22,14972.0
2021-12-06,15.65,16.05,15.15,15.9,28458,BE,245.0,116.16,28458.0
2021-12-07,16.2,16.65,16.2,16.65,10957,BE,104.0,105.36,10957.0
2021-12-08,17.5,17.5,17.5,17.5,5947,BE,89.0,66.82,5947.0
2021-12-09,18.4,18.4,18.4,18.4,13934,BE,104.0,133.98,13934.0
2021-12-10,19.3,19.3,17.9,18.6,112648,BE,813.0,138.56,112648.0
2021-12-13,18.6,18.8,17.65,18.2,26700,BE,288.0,92.71,26700.0
2021-12-14,18.0,18.6,17.5,17.75,33721,BE,201.0,167.77,33721.0
2021-12-15,17.4,17.75,16.95,17.4,15484,BE,195.0,79.41,15484.0
2021-12-16,17.5,17.65,16.7,16.85,26363,BE,230.0,114.62,26363.0
2021-12-17,17.25,17.25,16.2,16.55,7880,BE,144.0,54.72,7880.0
2021-12-20,16.1,16.2,15.7,15.7,19421,BE,204.0,95.2,19421.0
2021-12-21,14.95,16.25,14.95,16.0,31327,BE,250.0,125.31,31327.0
2021-12-22,16.35,16.8,15.55,16.8,37966,BE,235.0,161.56,37966.0
2021-12-23,16.65,17.3,16.25,16.65,34438,BE,168.0,204.99,34438.0
2021-12-24,16.3,16.5,15.8,15.95,252534,BE,398.0,634.51,252534.0
2021-12-27,15.65,16.05,15.45,15.6,13600,BE,148.0,91.89,13600.0
2021-12-28,15.6,16.35,15.1,16.2,207028,BE,281.0,736.75,207028.0
2021-12-29,16.1,16.5,16.1,16.4,17904,BE,101.0,177.27,17904.0
2021-12-30,16.5,16.5,15.6,15.7,19746,BE,174.0,113.48,19746.0
2021-12-31,15.7,16.3,15.7,16.2,18676,BE,215.0,86.87,18676.0
2022-01-03,16.3,16.3,15.85,16.0,17822,BE,170.0,104.84,17822.0
2022-01-04,16.2,16.2,15.5,15.75,56614,EQ,866.0,65.37,42629.0
2022-01-05,15.9,16.0,15.3,15.35,35713,EQ,585.0,61.05,26968.0
2022-01-06,15.6,15.9,15.1,15.65,27665,EQ,414.0,66.82,20184.0
2022-01-07,15.65,15.85,15.2,15.7,37478,EQ,1002.0,37.4,21564.0
2022-01-10,15.35,16.2,15.35,15.5,38162,EQ,772.0,49.43,23796.0
2022-01-11,15.7,15.7,15.25,15.35,36501,EQ,798.0,45.74,24101.0
2022-01-12,15.65,16.1,15.25,16.1,45529,EQ,512.0,88.92,37622.0
2022-01-13,16.9,16.9,15.75,15.95,104182,EQ,1291.0,80.7,57003.0
2022-01-14,15.95,16.15,15.35,15.95,32891,EQ,444.0,74.08,22304.0
2022-01-17,15.95,16.05,15.6,15.7,23927,EQ,628.0,38.1,19688.0
2022-01-18,15.9,16.1,15.3,15.4,58714,EQ,765.0,76.75,45787.0
2022-01-19,15.25,15.85,15.2,15.5,31216,EQ,799.0,39.07,18781.0
2022-01-20,15.65,15.7,15.25,15.5,24363,EQ,544.0,44.78,19615.0
2022-01-21,15.2,15.85,15.2,15.55,18664,EQ,345.0,54.1,13976.0
2022-01-24,15.75,15.75,14.8,14.8,30770,EQ,384.0,80.13,23504.0
2022-01-25,14.7,15.25,14.55,14.8,23596,EQ,504.0,46.82,14070.0
2022-01-27,14.6,14.7,14.25,14.65,21506,EQ,521.0,41.28,8976.0
2022-01-28,14.9,15.15,14.7,14.8,16076,EQ,345.0,46.6,9932.0
2022-01-31,14.6,15.25,14.6,14.75,10949,EQ,375.0,29.2,6121.0
2022-02-01,15.1,15.1,14.65,14.85,9250,EQ,268.0,34.51,5752.0
2022-02-02,14.8,15.05,14.6,14.75,14565,EQ,453.0,32.15,9643.0
2022-02-03,14.9,15.5,14.9,15.5,37510,EQ,271.0,138.41,32450.0
2022-02-04,16.1,16.25,15.35,16.25,77061,EQ,960.0,80.27,54880.0
2022-02-07,16.95,16.95,15.7,15.9,68382,EQ,953.0,71.75,53201.0
2022-02-08,16.15,16.4,15.75,15.85,29579,EQ,626.0,47.25,20824.0
2022-02-09,15.75,16.0,15.3,15.45,25416,EQ,358.0,70.99,16608.0
2022-02-10,15.5,15.95,15.5,15.85,13193,EQ,432.0,30.54,6589.0
2022-02-11,15.95,16.15,15.4,15.55,83620,EQ,872.0,95.89,66265.0
2022-02-14,15.0,15.5,14.9,14.95,35453,EQ,649.0,54.63,27074.0
2022-02-15,15.1,15.6,14.8,15.35,55685,EQ,621.0,89.67,32593.0
2022-02-16,15.4,15.8,15.3,15.5,34295,EQ,405.0,84.68,21262.0
2022-02-17,15.8,15.8,15.3,15.35,14300,EQ,335.0,42.69,9418.0
2022-02-18,15.4,15.5,14.9,15.0,18060,EQ,415.0,43.52,11248.0
2022-02-21,14.6,15.1,14.5,14.9,48459,EQ,618.0,78.41,33157.0
2022-02-22,14.5,14.9,14.5,14.7,33692,EQ,670.0,50.29,23208.0
2022-02-23,15.1,15.1,14.6,14.75,7434,EQ,325.0,22.87,4530.0
2022-02-24,14.3,14.75,14.0,14.0,43698,EQ,779.0,56.09,33371.0
2022-02-25,14.1,14.8,14.1,14.6,17206,EQ,305.0,56.41,12970.0
2022-02-28,14.55,15.05,14.2,14.8,27430,EQ,608.0,45.12,17396.0
2022-03-02,14.6,15.1,14.5,14.95,20932,EQ,312.0,67.09,14000.0
2022-03-03,15.0,15.35,14.8,15.15,85518,EQ,407.0,210.12,78736.0
2022-03-04,15.1,15.25,14.9,15.05,25986,EQ,530.0,49.03,16697.0
2022-03-07,13.9,15.0,13.9,14.55,46699,EQ,,,
2022-03-08,14.35,14.8,14.35,14.55,17775,EQ,260.0,68.37,10744.0
2022-03-09,14.8,14.8,14.6,14.75,9876,EQ,141.0,70.04,8132.0
2022-03-10,14.8,15.15,14.7,14.75,29274,EQ,688.0,42.55,18614.0
2022-03-11,14.9,15.05,14.65,14.7,85148,EQ,256.0,332.61,42862.0
2022-03-14,14.55,14.8,14.25,14.4,80296,EQ,623.0,128.89,40986.0
2022-03-15,14.4,14.5,14.05,14.05,57023,EQ,340.0,167.71,48462.0
2022-03-16,14.3,14.4,14.05,14.2,14360,EQ,344.0,41.74,8230.0
2022-03-17,14.35,14.5,14.25,14.3,42237,EQ,427.0,98.92,30592.0
2022-03-21,14.6,14.6,14.0,14.2,52572,EQ,296.0,177.61,45098.0
2022-03-22,14.2,14.35,14.0,14.0,23846,EQ,185.0,128.9,20390.0
2022-03-23,14.0,14.35,13.85,13.95,20550,EQ,381.0,53.94,13805.0
2022-03-24,13.85,14.25,13.85,14.05,15602,EQ,319.0,48.91,9110.0
2022-03-25,13.9,14.15,13.9,14.0,22041,EQ,251.0,87.81,15252.0
2022-03-28,14.3,14.3,13.9,14.0,37589,EQ,266.0,141.31,24525.0
2022-03-29,13.9,14.9,13.9,14.4,59607,EQ,793.0,75.17,41555.0
2022-03-30,14.8,14.9,14.4,14.7,76197,EQ,409.0,186.3,69378.0
2022-03-31,14.6,14.8,14.6,14.65,22320,EQ,306.0,72.94,18134.0
2022-04-01,14.6,16.1,14.6,16.0,78019,EQ,1369.0,56.99,44885.0
2022-04-04,16.1,16.7,16.1,16.4,96419,EQ,1287.0,74.92,70276.0
2022-04-05,16.7,16.95,16.2,16.5,49811,EQ,696.0,71.57,26568.0
2022-04-06,16.45,16.8,16.3,16.6,22160,EQ,443.0,50.02,14673.0
2022-04-07,16.6,17.15,16.0,16.15,54935,EQ,903.0,60.84,30072.0
2022-04-08,16.15,16.55,16.0,16.1,28189,EQ,643.0,43.84,16940.0
2022-04-11,16.45,16.5,16.15,16.25,19413,EQ,490.0,39.62,12431.0
2022-04-12,16.25,16.85,16.25,16.35,77155,EQ,846.0,91.2,45159.0
2022-04-13,16.55,16.9,16.4,16.6,55495,EQ,963.0,57.63,36546.0
2022-04-18,15.8,16.4,15.8,16.0,20882,EQ,573.0,36.44,12660.0
2022-04-19,16.25,16.35,15.5,15.9,23781,EQ,446.0,53.32,18353.0
2022-04-20,15.65,16.05,15.3,15.5,39379,EQ,614.0,64.14,31265.0
2022-04-21,15.8,15.95,15.4,15.85,22972,EQ,403.0,57.0,16077.0
2022-04-22,15.85,16.3,15.5,16.05,34125,EQ,826.0,41.31,15670.0
2022-04-25,15.5,15.85,15.2,15.35,24611,EQ,680.0,36.19,15514.0
2022-04-26,15.4,15.6,15.3,15.4,14291,EQ,391.0,36.55,7961.0
2022-04-27,15.3,15.45,14.8,14.95,14917,EQ,330.0,45.2,12111.0
2022-04-28,15.25,16.55,15.0,15.5,88080,EQ,2012.0,43.78,43405.0
2022-04-29,15.9,16.2,15.1,15.3,18166,EQ,496.0,36.62,12452.0
2022-05-02,14.8,15.35,14.8,15.1,18306,EQ,423.0,43.28,11672.0
2022-05-04,15.5,15.5,14.6,14.75,10734,EQ,278.0,38.61,7645.0
2022-05-05,14.75,15.0,14.25,14.4,29915,EQ,489.0,61.18,23682.0
2022-05-06,14.25,14.5,13.7,13.8,25246,EQ,461.0,54.76,18941.0
2022-05-09,13.8,13.8,13.25,13.65,20610,EQ,299.0,68.93,17948.0
2022-05-10,13.5,14.0,13.45,13.85,16555,EQ,348.0,47.57,10939.0
2022-05-12,13.15,13.35,12.3,12.4,51542,EQ,1021.0,50.48,39645.0
2022-05-13,12.7,13.15,12.0,12.25,21689,EQ,637.0,34.05,13589.0
2022-05-16,12.5,13.05,11.5,12.6,13835,EQ,459.0,30.14,7306.0
2022-05-17,12.9,13.35,12.45,13.25,19316,EQ,528.0,36.58,11273.0
2022-05-18,13.5,13.5,12.9,13.25,8262,EQ,303.0,27.27,4786.0
2022-05-19,13.05,13.05,12.35,12.55,16593,EQ,466.0,35.61,9104.0
2022-05-20,12.9,13.3,12.9,13.2,12602,EQ,246.0,51.23,10248.0
2022-05-23,13.5,13.5,12.95,13.05,3834,EQ,134.0,28.61,1984.0
2022-05-24,13.05,13.05,12.55,12.7,6960,EQ,211.0,32.99,4369.0
2022-05-25,12.75,12.95,12.4,12.6,12437,EQ,281.0,44.26,8176.0
2022-05-26,12.65,12.65,12.0,12.4,9915,EQ,233.0,42.55,5378.0
2022-05-27,12.5,12.65,12.45,12.5,3205,EQ,132.0,24.28,1979.0
2022-05-30,12.8,13.0,12.35,12.9,10127,EQ,353.0,28.69,7176.0
2022-05-31,12.4,12.4,10.75,11.65,69238,EQ,1786.0,38.77,37744.0
2022-06-01,11.75,12.05,11.5,11.75,22118,EQ,485.0,45.6,12197.0
2022-06-02,11.9,12.1,11.55,11.65,19847,EQ,398.0,49.87,14336.0
2022-06-03,11.75,11.9,11.5,11.55,11933,EQ,312.0,38.25,8382.0
2022-06-06,11.45,11.6,11.4,11.45,3896,EQ,152.0,25.63,2749.0
2022-06-07,11.6,11.65,11.3,11.4,8248,EQ,237.0,34.8,3909.0
2022-06-08,11.5,11.5,11.1,11.2,9130,EQ,208.0,43.89,6752.0
2022-06-09,11.2,11.35,11.05,11.2,4037,EQ,189.0,21.36,1787.0
2022-06-10,11.25,13.4,11.1,13.25,433693,EQ,4212.0,102.97,169402.0
2022-06-13,12.5,12.75,11.35,11.45,109733,EQ,2801.0,39.18,51753.0
2022-06-14,11.2,11.95,11.1,11.2,53347,EQ,1944.0,27.44,21636.0
2022-06-15,11.45,11.45,10.9,11.0,29833,EQ,1098.0,27.17,15609.0
2022-06-16,11.05,11.8,10.3,10.8,87033,EQ,2279.0,38.19,48364.0
2022-06-17,11.1,11.2,10.4,10.5,19916,EQ,732.0,27.21,11216.0
2022-06-20,10.8,10.8,9.9,9.95,19893,EQ,686.0,29.0,12687.0
2022-06-21,10.35,11.55,10.1,10.9,67986,EQ,1944.0,34.97,17930.0
2022-06-22,10.5,10.9,10.5,10.7,4664,EQ,248.0,18.81,2693.0
2022-06-23,10.7,10.75,9.65,10.15,26339,EQ,719.0,36.63,13883.0
2022-06-24,10.4,11.8,10.35,10.75,175450,EQ,3267.0,53.7,48791.0
2022-06-27,10.85,11.4,10.6,10.85,24984,EQ,715.0,34.94,14802.0
2022-06-28,10.9,10.9,10.6,10.8,13541,EQ,304.0,44.54,9836.0
2022-06-29,10.8,11.1,10.45,10.7,28643,EQ,698.0,41.04,7572.0
2022-06-30,10.75,10.9,10.55,10.75,10464,EQ,280.0,37.37,5713.0
2022-07-01,10.6,10.75,10.5,10.6,8942,EQ,276.0,32.4,4639.0
2022-07-04,10.7,10.8,10.5,10.7,9821,EQ,349.0,28.14,4462.0
2022-07-05,10.75,10.75,10.4,10.55,10392,EQ,388.0,26.78,5321.0
2022-07-06,10.75,10.75,10.4,10.5,9976,EQ,321.0,31.08,5822.0
2022-07-07,10.6,10.8,10.5,10.55,11718,EQ,381.0,30.76,5617.0
2022-07-08,10.5,10.8,10.5,10.65,8156,EQ,274.0,29.77,4423.0
2022-07-11,10.5,11.1,10.5,10.75,47309,EQ,741.0,63.84,26930.0
2022-07-12,10.7,10.85,10.7,10.8,24276,EQ,174.0,139.52,17935.0
2022-07-13,10.9,10.9,10.6,10.7,10681,EQ,215.0,49.68,6471.0
2022-07-14,10.65,10.8,10.4,10.5,10404,EQ,329.0,31.62,6783.0
2022-07-15,10.65,10.75,10.4,10.5,9536,EQ,281.0,33.94,4865.0
2022-07-18,10.55,10.9,10.55,10.7,9389,EQ,245.0,38.32,5286.0
2022-07-19,10.7,11.2,10.6,11.05,33686,EQ,579.0,58.18,22070.0
2022-07-20,11.25,11.3,10.8,10.9,56550,EQ,656.0,86.2,43897.0
2022-07-21,10.9,11.3,10.8,11.2,57985,EQ,669.0,86.67,37118.0
2022-07-22,11.0,11.2,10.95,11.2,21237,EQ,473.0,44.9,16069.0
2022-07-25,10.95,11.6,10.6,11.0,35299,EQ,793.0,44.51,21192.0
2022-07-26,11.0,11.55,10.95,11.2,26097,EQ,656.0,39.78,17318.0
2022-07-27,11.1,11.6,11.1,11.3,38225,EQ,827.0,46.22,14212.0
2022-07-28,11.4,11.75,11.2,11.65,40626,EQ,770.0,52.76,32379.0
2022-07-29,11.7,12.2,11.6,11.95,56820,EQ,1363.0,41.69,25782.0
2022-08-01,11.65,12.0,11.55,11.7,24677,EQ,586.0,42.11,15026.0
2022-08-02,11.95,11.95,11.65,11.7,14769,EQ,443.0,33.34,9109.0
2022-08-03,11.6,11.8,11.5,11.6,11089,EQ,360.0,30.8,5701.0
2022-08-04,11.4,12.0,11.4,11.5,19677,EQ,537.0,36.64,11575.0
2022-08-05,11.9,11.9,11.1,11.35,26000,EQ,739.0,35.18,16076.0
2022-08-08,11.6,11.6,10.35,11.0,85232,EQ,,,
2022-08-10,11.55,11.55,10.9,11.3,67079,EQ,1307.0,51.32,24099.0
2022-08-11,11.45,12.0,11.2,11.35,25176,EQ,513.0,49.08,13755.0
2022-08-12,11.5,11.5,10.95,11.05,35227,EQ,913.0,38.58,16805.0
2022-08-16,11.3,11.45,11.1,11.3,20933,EQ,464.0,45.11,10008.0
2022-08-17,11.15,11.55,11.15,11.4,19813,EQ,606.0,32.69,11387.0
2022-08-18,11.55,11.55,11.2,11.35,24990,EQ,392.0,63.75,17444.0
2022-08-19,11.5,11.5,11.25,11.35,20138,EQ,452.0,44.55,13993.0
2022-08-22,11.4,11.8,11.35,11.65,44851,EQ,747.0,60.04,33585.0
2022-08-23,11.65,12.1,11.6,11.8,57442,EQ,770.0,74.6,33472.0
2022-08-24,11.8,11.8,11.3,11.5,27087,EQ,506.0,53.53,13138.0
2022-08-25,11.6,11.6,11.2,11.25,42083,EQ,797.0,52.8,29917.0
2022-08-26,11.7,11.7,11.2,11.35,32067,EQ,887.0,36.15,20251.0
2022-08-29,11.2,11.2,10.95,11.15,18910,EQ,499.0,37.9,10764.0
2022-08-30,11.35,11.45,11.1,11.3,28064,EQ,559.0,50.2,16662.0
2022-09-01,11.4,11.55,11.05,11.3,37715,EQ,659.0,57.23,28387.0
2022-09-02,11.25,11.55,11.25,11.45,21337,EQ,472.0,45.21,17055.0
2022-09-05,11.55,12.85,11.45,12.6,291852,EQ,4067.0,71.76,110989.0
2022-09-06,12.9,12.9,12.15,12.2,85978,EQ,2246.0,38.28,40717.0
2022-09-07,11.9,12.75,11.9,12.5,61095,EQ,1219.0,50.12,33587.0
2022-09-08,12.65,12.75,12.1,12.3,25557,EQ,698.0,36.61,16637.0
2022-09-09,12.35,12.7,12.0,12.2,57768,EQ,1036.0,55.76,19566.0
2022-09-12,12.2,12.4,12.05,12.15,204786,EQ,668.0,306.57,189729.0
2022-09-13,12.25,12.35,11.8,12.05,68072,EQ,734.0,92.74,46662.0
2022-09-14,12.0,13.25,11.95,12.4,169991,EQ,3166.0,53.69,95308.0
2022-09-15,12.7,13.2,12.25,12.45,122238,EQ,1883.0,64.92,65701.0
2022-09-16,12.6,12.6,11.9,11.95,35408,EQ,1039.0,34.08,23727.0
2022-09-19,12.0,12.15,11.6,11.7,35902,EQ,1052.0,34.13,22655.0
2022-09-20,11.8,12.1,11.65,11.7,23139,EQ,707.0,32.73,13636.0
2022-09-21,11.8,11.9,11.4,11.45,57873,EQ,681.0,84.98,41257.0
2022-09-22,11.5,11.6,11.3,11.45,43905,EQ,812.0,54.07,20157.0
2022-09-23,11.6,11.7,11.05,11.2,28566,EQ,562.0,50.83,18283.0
2022-09-26,11.4,11.4,10.5,11.0,31297,EQ,769.0,40.7,19333.0
2022-09-27,11.05,11.1,10.75,10.95,18077,EQ,358.0,50.49,13712.0
2022-09-28,11.1,11.1,10.35,10.65,45449,EQ,739.0,61.5,26659.0
2022-09-29,11.0,11.0,10.55,10.65,50296,EQ,516.0,97.47,42920.0
2022-09-30,10.5,10.95,10.5,10.9,18026,EQ,381.0,47.31,9876.0
2022-10-03,11.0,11.0,10.75,10.85,8087,EQ,262.0,30.87,5737.0
2022-10-04,11.0,11.2,10.85,11.1,30821,EQ,585.0,52.69,18751.0
2022-10-06,11.15,11.3,11.0,11.05,56901,EQ,507.0,112.23,47960.0
2022-10-07,11.3,11.3,11.0,11.1,16107,EQ,490.0,32.87,8450.0
2022-10-10,11.0,11.15,10.8,10.85,9554,EQ,328.0,29.13,5443.0
2022-10-11,11.0,12.1,10.9,11.35,59577,EQ,1221.0,48.79,35517.0
2022-10-12,11.95,11.95,11.05,11.15,23593,EQ,586.0,40.26,14500.0
2022-10-13,11.25,11.25,10.85,10.9,14005,EQ,384.0,36.47,8863.0
2022-10-14,11.15,11.15,10.95,10.95,12853,EQ,335.0,38.37,9031.0
2022-10-17,11.1,11.2,10.8,10.85,23942,EQ,375.0,63.85,17856.0
2022-10-18,11.0,11.0,10.7,10.85,15160,EQ,455.0,33.32,9058.0
2022-10-19,10.9,10.9,10.6,10.65,24135,EQ,483.0,49.97,15927.0
2022-10-20,10.75,10.75,10.55,10.6,25514,EQ,258.0,98.89,22371.0
2022-10-21,10.75,10.8,10.6,10.7,21145,EQ,373.0,56.69,12247.0
2022-10-24,10.75,10.75,10.6,10.7,6525,EQ,131.0,49.81,4829.0
2022-10-25,10.75,10.9,10.65,10.8,10429,EQ,282.0,36.98,6608.0
2022-10-27,10.8,10.9,10.6,10.75,78301,EQ,338.0,231.66,10892.0
2022-10-28,10.65,10.7,10.5,10.55,16518,EQ,385.0,42.9,8303.0
2022-10-31,10.7,10.7,10.5,10.55,20578,EQ,477.0,43.14,13792.0
2022-11-01,10.6,10.8,10.55,10.65,13350,EQ,272.0,49.08,7846.0
2022-11-02,10.8,10.8,10.5,10.6,16301,EQ,230.0,70.87,9081.0
2022-11-03,10.55,10.65,10.3,10.45,19190,EQ,361.0,53.16,13662.0
2022-11-04,10.65,10.65,10.25,10.4,24348,EQ,647.0,37.63,15926.0
2022-11-07,10.55,10.6,10.4,10.55,17455,EQ,365.0,47.82,14161.0
2022-11-09,10.65,10.65,10.35,10.45,24314,EQ,422.0,57.62,18494.0
2022-11-10,10.5,10.9,10.5,10.7,38800,EQ,559.0,69.41,25725.0
2022-11-11,10.3,10.4,9.8,10.05,95206,EQ,1813.0,52.51,59973.0
2022-11-14,10.0,10.05,9.7,9.9,22587,EQ,523.0,43.19,14467.0
2022-11-15,10.05,10.05,9.75,9.85,15738,EQ,523.0,30.09,14467.0
2022-11-16,9.85,10.0,9.8,9.85,20504,EQ,284.0,72.2,15612.0
2022-11-17,9.85,9.95,9.65,9.9,17273,EQ,269.0,64.21,13576.0
2022-11-18,9.6,9.95,9.6,9.65,12634,EQ,352.0,35.89,9054.0
2022-11-21,9.65,10.1,9.5,9.95,25893,EQ,572.0,45.27,14359.0
2022-11-22,10.05,10.4,9.9,10.2,37369,EQ,601.0,62.18,17883.0
2022-11-23,10.4,10.4,9.95,10.0,20228,EQ,414.0,48.86,12812.0
2022-11-24,10.1,10.4,10.05,10.2,32141,EQ,556.0,57.81,24408.0
2022-11-25,10.45,10.45,10.0,10.05,44431,EQ,450.0,98.74,33327.0
2022-11-28,9.9,10.25,9.9,10.1,12023,EQ,327.0,36.77,7245.0
2022-11-29,10.35,10.35,10.05,10.1,10807,EQ,171.0,63.2,8464.0
2022-11-30,10.1,10.25,10.0,10.2,12776,EQ,261.0,48.95,9252.0
2022-12-01,10.2,10.35,10.1,10.1,10610,EQ,260.0,40.81,5911.0
2022-12-02,10.15,10.25,10.05,10.1,11031,EQ,231.0,47.75,9068.0
2022-12-05,10.2,10.25,9.8,9.95,30787,EQ,698.0,44.11,20469.0
2022-12-06,9.9,10.2,9.85,10.0,29875,EQ,341.0,87.61,25005.0
2022-12-07,10.0,10.1,9.75,9.8,47792,EQ,628.0,76.1,39724.0
2022-12-08,10.2,10.2,9.9,9.95,9303,EQ,304.0,30.6,3384.0
2022-12-09,10.15,10.15,9.75,9.9,12067,EQ,419.0,28.8,8303.0
2022-12-12,10.0,10.0,9.55,9.75,14431,EQ,515.0,28.02,7110.0
2022-12-13,9.75,9.85,9.65,9.7,15336,EQ,296.0,51.81,11251.0
2022-12-14,9.8,10.0,9.6,9.9,26617,EQ,458.0,58.12,19974.0
2022-12-15,10.1,10.1,9.35,9.45,67689,EQ,1316.0,51.44,48417.0
2022-12-16,9.65,10.2,9.05,9.85,106975,EQ,1034.0,103.46,78231.0
2022-12-19,10.1,10.2,9.7,10.0,51259,EQ,829.0,61.83,36226.0
2022-12-20,10.15,10.15,9.7,9.75,13753,EQ,425.0,32.36,10479.0
2022-12-21,9.75,9.9,9.25,9.35,28224,EQ,670.0,42.13,17348.0
2022-12-22,9.35,9.55,9.15,9.2,20571,EQ,442.0,46.54,15523.0
2022-12-23,8.95,9.05,8.0,8.1,64543,EQ,1759.0,36.69,35839.0
2022-12-26,8.15,9.3,8.05,9.1,53818,EQ,1608.0,33.47,20189.0
2022-12-27,9.2,9.35,9.05,9.1,13454,EQ,483.0,27.86,4965.0
2022-12-28,9.3,9.35,9.05,9.2,18003,EQ,441.0,40.82,12782.0
2022-12-29,9.3,9.35,9.05,9.3,21981,EQ,531.0,41.4,11878.0
2022-12-30,9.35,11.15,9.3,10.3,1064566,EQ,10050.0,105.93,267675.0
2023-01-02,10.2,10.2,9.85,9.9,117262,EQ,1806.0,64.93,62177.0
2023-01-03,9.9,10.2,9.8,9.9,27954,EQ,625.0,44.73,18924.0
2023-01-04,9.9,9.95,9.5,9.6,26316,EQ,538.0,48.91,19936.0
2023-01-05,9.6,9.8,9.5,9.6,12809,EQ,395.0,32.43,6672.0
2023-01-06,9.7,9.75,9.4,9.6,13277,EQ,431.0,30.81,6375.0
2023-01-09,9.6,10.0,9.5,9.6,51933,EQ,949.0,54.72,41105.0
2023-01-10,9.7,9.8,9.3,9.4,24686,EQ,574.0,43.01,17535.0
2023-01-11,9.45,9.6,9.35,9.45,14901,EQ,300.0,49.67,8732.0
2023-01-12,9.45,9.55,9.3,9.4,91869,EQ,357.0,257.34,82894.0
2023-01-13,9.4,9.75,9.3,9.65,23425,EQ,442.0,53.0,13917.0
2023-01-16,9.65,9.75,9.35,9.45,15601,EQ,379.0,41.16,9956.0
2023-01-17,9.5,10.45,9.45,9.9,127466,EQ,1740.0,73.26,68102.0
2023-01-18,10.1,10.1,9.4,9.5,43571,EQ,951.0,45.82,29613.0
2023-01-19,9.55,9.75,9.5,9.5,10251,EQ,363.0,28.24,5603.0
2023-01-20,9.5,9.6,9.3,9.35,15308,EQ,542.0,28.24,8284.0
2023-01-23,9.5,9.55,9.35,9.4,14265,EQ,391.0,36.48,8892.0
2023-01-24,9.6,9.6,9.2,9.3,10160,EQ,375.0,27.09,5294.0
2023-01-25,9.3,9.4,9.1,9.2,13648,EQ,272.0,50.18,10426.0
2023-01-27,9.5,9.5,8.85,8.95,16740,EQ,428.0,39.11,11031.0
2023-01-30,8.8,9.35,8.55,8.7,14130,EQ,487.0,29.01,7525.0
2023-01-31,8.75,8.9,8.65,8.8,14588,EQ,330.0,44.21,9653.0
2023-02-01,9.2,9.2,8.5,8.55,14259,EQ,328.0,43.47,9806.0
2023-02-02,9.2,9.35,8.2,8.25,24043,EQ,704.0,34.15,12826.0
2023-02-03,8.6,8.6,7.95,8.3,39936,EQ,615.0,64.94,29697.0
2023-02-06,8.45,8.6,8.25,8.45,57972,EQ,636.0,91.15,32402.0
2023-02-07,8.45,8.55,8.2,8.45,42993,EQ,565.0,76.09,30701.0
2023-02-08,8.6,8.7,8.45,8.55,22771,EQ,622.0,36.61,15114.0
2023-02-09,8.8,8.8,8.5,8.7,12247,EQ,246.0,49.78,8612.0
2023-02-10,8.55,8.75,8.55,8.65,10766,EQ,310.0,34.73,7951.0
2023-02-13,9.0,9.15,8.85,9.0,59170,EQ,843.0,70.19,46927.0
2023-02-14,8.7,8.95,8.35,8.4,90495,EQ,717.0,126.21,77757.0
2023-02-15,8.6,8.85,8.45,8.6,18849,EQ,439.0,42.94,12618.0
2023-02-16,8.6,8.7,8.55,8.6,8931,EQ,275.0,32.48,5573.0
2023-02-17,8.6,8.8,8.4,8.7,119424,EQ,464.0,257.38,114830.0
2023-02-20,8.85,8.85,8.6,8.65,15150,EQ,517.0,29.3,8967.0
2023-02-21,8.55,8.8,8.55,8.75,148821,EQ,388.0,383.56,146073.0
2023-02-22,8.6,8.8,8.55,8.65,8949,EQ,204.0,43.87,6303.0
2023-02-23,8.85,8.85,8.4,8.45,14994,EQ,346.0,43.34,9195.0
2023-02-24,8.7,8.75,8.45,8.45,9968,EQ,192.0,51.92,5311.0
2023-02-27,8.6,8.6,8.3,8.5,9164,EQ,223.0,41.09,5698.0
2023-02-28,8.4,8.6,8.35,8.55,10080,EQ,301.0,33.49,6116.0
2023-03-01,8.6,9.7,8.55,9.25,186399,EQ,3940.0,47.31,84714.0
2023-03-02,9.15,9.15,8.95,9.05,10206,EQ,287.0,35.56,5696.0
2023-03-03,9.1,9.15,8.7,8.8,19193,EQ,474.0,40.49,10214.0
2023-03-06,8.8,9.0,8.45,8.85,37700,EQ,580.0,65.0,27468.0
2023-03-08,8.65,8.9,8.65,8.8,9983,EQ,242.0,41.25,5890.0
2023-03-09,8.95,8.95,8.75,8.9,44456,EQ,439.0,101.27,37761.0
2023-03-10,8.65,9.0,8.65,8.9,31117,EQ,405.0,76.83,25063.0
2023-03-13,8.8,8.95,8.55,8.6,14966,EQ,365.0,41.0,9675.0
2023-03-14,8.65,8.7,8.3,8.5,18825,EQ,444.0,42.4,13867.0
2023-03-15,8.55,8.7,8.2,8.35,11606,EQ,362.0,32.06,8735.0
2023-03-16,8.25,8.45,8.25,8.4,15262,EQ,242.0,63.07,12588.0
2023-03-17,8.6,8.6,8.1,8.3,57856,EQ,302.0,191.58,51453.0
2023-03-20,8.1,8.35,8.0,8.2,47681,EQ,472.0,101.02,38740.0
2023-03-21,8.35,8.35,8.0,8.1,19408,EQ,1104.0,17.58,9521.0
2023-03-22,8.2,8.2,8.05,8.1,17243,EQ,414.0,41.65,12989.0
2023-03-23,8.1,8.15,7.9,8.0,27047,EQ,638.0,42.39,19647.0
2023-03-24,8.05,8.05,7.65,7.8,25056,EQ,691.0,36.26,16746.0
2023-03-27,7.95,7.95,7.65,7.7,16586,EQ,417.0,39.77,10817.0
2023-03-28,7.7,7.7,6.85,7.2,90606,EQ,1174.0,77.18,80959.0
2023-03-29,7.2,7.5,7.1,7.2,55065,EQ,1334.0,41.28,44908.0
2023-03-31,7.4,7.6,6.7,6.95,72212,EQ,1282.0,56.33,46175.0
2023-04-03,7.4,8.35,7.05,7.7,117987,EQ,2793.0,42.24,38170.0
2023-04-05,7.95,8.1,7.6,7.8,30097,EQ,1206.0,24.96,10596.0
2023-04-06,7.95,8.45,7.75,8.3,45237,EQ,792.0,57.12,27815.0
2023-04-10,8.3,8.45,7.8,8.0,33231,EQ,941.0,35.31,14065.0
2023-04-11,8.3,8.4,8.1,8.2,26378,EQ,547.0,48.22,16413.0
2023-04-12,8.2,8.3,8.05,8.1,12893,EQ,316.0,40.8,6480.0
2023-04-13,8.15,8.25,7.95,8.15,8808,EQ,266.0,33.11,5740.0
2023-04-17,8.1,8.35,8.05,8.15,15265,EQ,310.0,49.24,6872.0
2023-04-18,8.2,8.3,8.1,8.2,3828,EQ,149.0,25.69,2647.0
2023-04-19,8.15,8.35,8.1,8.3,6598,EQ,224.0,29.46,3043.0
2023-04-20,8.15,8.35,8.15,8.3,5900,EQ,208.0,28.37,3103.0
2023-04-21,8.4,8.6,8.1,8.45,22735,EQ,589.0,38.6,12057.0
2023-04-24,8.6,8.7,8.3,8.3,11862,EQ,420.0,28.24,7400.0
2023-04-25,8.2,8.55,8.2,8.3,47087,EQ,552.0,85.3,40910.0
2023-04-26,8.3,8.3,8.15,8.2,9050,EQ,228.0,39.69,5842.0
2023-04-27,8.4,8.4,8.2,8.2,33207,EQ,368.0,90.24,29862.0
2023-04-28,8.35,8.35,8.15,8.2,29299,EQ,402.0,72.88,22429.0
2023-05-02,8.25,8.3,8.15,8.2,20433,EQ,219.0,93.3,16417.0
2023-05-03,8.25,8.25,8.1,8.15,23513,EQ,275.0,85.5,19421.0
2023-05-04,8.2,8.2,8.05,8.15,11526,EQ,157.0,73.41,9727.0
2023-05-05,8.25,8.25,7.85,8.0,17296,EQ,362.0,47.78,12875.0
2023-05-08,8.2,8.6,7.95,8.4,67838,EQ,1018.0,66.64,46811.0
2023-05-09,8.45,8.45,8.15,8.2,24466,EQ,349.0,70.1,20216.0
2023-05-10,8.4,8.4,7.95,8.0,31990,EQ,625.0,51.18,21170.0
2023-05-11,8.0,8.1,7.8,7.85,38727,EQ,667.0,58.06,28261.0
2023-05-12,7.9,8.0,7.85,7.9,17750,EQ,385.0,46.1,13422.0
2023-05-15,7.9,7.95,7.75,7.8,31250,EQ,493.0,63.39,23116.0
2023-05-16,7.75,8.05,7.75,7.8,38464,EQ,501.0,76.77,26888.0
2023-05-17,7.95,7.95,7.6,7.75,18106,EQ,449.0,40.33,11522.0
2023-05-18,7.7,7.9,7.7,7.75,17451,EQ,228.0,76.54,12234.0
2023-05-19,7.8,7.8,7.65,7.7,15117,EQ,271.0,55.78,11908.0
2023-05-22,7.85,8.2,7.75,7.85,59496,EQ,624.0,95.35,45496.0
2023-05-23,8.0,8.05,7.8,7.9,26015,EQ,387.0,67.22,15498.0
2023-05-24,7.9,8.05,7.8,7.95,37479,EQ,424.0,88.39,26178.0
2023-05-25,8.05,8.05,7.8,7.9,45662,EQ,273.0,167.26,40333.0
2023-05-26,7.5,7.9,7.5,7.7,44513,EQ,674.0,66.04,32806.0
2023-05-29,7.95,7.95,7.7,7.8,15578,EQ,347.0,44.89,10978.0
2023-05-30,7.95,8.2,7.85,8.1,187924,EQ,785.0,239.39,170722.0
2023-05-31,8.25,9.7,8.05,9.7,485868,EQ,2996.0,162.17,360266.0
2023-06-01,10.75,11.2,10.2,10.35,966827,EQ,13240.0,73.02,296029.0
2023-06-02,10.3,11.15,10.3,10.45,339731,EQ,5509.0,61.67,168687.0
2023-06-05,10.45,10.8,10.45,10.55,86805,EQ,1124.0,77.23,56095.0
2023-06-06,10.5,10.8,10.1,10.65,124290,EQ,1665.0,74.65,87337.0
2023-06-07,10.7,10.95,10.3,10.35,77562,EQ,1493.0,51.95,49789.0
2023-06-08,10.4,10.7,10.25,10.35,58895,EQ,1276.0,46.16,40197.0
2023-06-09,10.4,10.5,10.2,10.4,24204,EQ,464.0,52.16,15795.0
2023-06-12,10.5,10.5,10.2,10.25,26300,EQ,459.0,57.3,19524.0
2023-06-13,10.1,11.5,10.1,11.0,263068,EQ,3165.0,83.12,147962.0
2023-06-14,11.1,11.3,10.65,10.8,116578,EQ,1943.0,60.0,69467.0
2023-06-15,10.3,11.0,10.3,10.4,23011,BE,205.0,112.25,23011.0
2023-06-16,10.75,10.85,10.3,10.7,129493,BE,169.0,766.23,129493.0
2023-06-19,10.85,10.9,10.7,10.8,23667,BE,157.0,150.75,23667.0
2023-06-20,10.5,11.05,10.5,10.85,54328,BE,181.0,300.15,54328.0
2023-06-21,11.0,11.4,10.75,11.4,125991,BE,429.0,293.69,125991.0
2023-06-22,11.95,11.95,11.55,11.95,109260,BE,624.0,175.1,109260.0
2023-06-23,12.55,12.55,12.55,12.55,78227,BE,287.0,272.57,78227.0
2023-06-26,13.15,13.15,13.15,13.15,44945,BE,181.0,248.31,44945.0
2023-06-27,13.5,13.5,12.5,13.35,143359,BE,779.0,184.03,143359.0
2023-06-28,13.3,13.35,12.9,13.05,57871,BE,275.0,210.44,57871.0
2023-06-30,12.7,13.5,12.7,13.25,33026,BE,456.0,72.43,33026.0
2023-07-03,13.25,13.5,13.0,13.0,32707,BE,220.0,148.67,32707.0
2023-07-04,13.0,13.3,12.7,13.1,26483,BE,175.0,151.33,26483.0
2023-07-05,13.75,13.75,13.75,13.75,23280,BE,163.0,142.82,23280.0
2023-07-06,14.4,14.4,14.4,14.4,47214,BE,207.0,228.09,47214.0
2023-07-07,15.15,15.15,14.2,15.15,282711,BE,990.0,285.57,282711.0
2023-07-10,15.15,15.15,14.4,14.4,23426,BE,292.0,80.23,23426.0
2023-07-11,14.4,14.8,13.7,13.9,35661,BE,365.0,97.7,35661.0
2023-07-12,14.05,14.05,13.4,13.75,33044,BE,245.0,134.87,33044.0
2023-07-13,13.75,13.75,13.05,13.05,26981,BE,304.0,88.75,26981.0
2023-07-14,13.4,13.7,12.8,13.7,32133,BE,295.0,108.93,32133.0
2023-07-17,14.2,14.35,13.7,14.05,42295,BE,259.0,163.3,42295.0
2023-07-18,13.9,13.9,13.35,13.35,15881,BE,237.0,67.01,15881.0
2023-07-19,12.8,13.5,12.8,13.1,14947,BE,130.0,114.98,14947.0
2023-07-20,13.1,13.7,12.9,12.95,10464,BE,146.0,71.67,10464.0
2023-07-21,12.95,13.2,12.7,12.85,11319,BE,178.0,63.59,11319.0
2023-07-24,12.7,13.1,12.5,12.65,16945,BE,111.0,152.66,16945.0
2023-07-25,12.45,12.9,12.0,12.3,37528,BE,228.0,164.6,37528.0
2023-07-26,12.3,12.9,12.0,12.85,26839,BE,209.0,128.42,26839.0
2023-07-27,13.1,13.5,12.75,13.1,23004,BE,179.0,128.51,23004.0
2023-07-28,13.05,13.75,12.8,13.75,23811,BE,180.0,132.28,23811.0
2023-07-31,14.3,14.45,13.8,14.1,38990,BE,234.0,166.62,38990.0
2023-08-01,14.25,14.4,13.85,13.85,11280,BE,123.0,91.71,11280.0
2023-08-02,14.1,14.3,13.2,13.55,27023,BE,174.0,155.3,27023.0
2023-08-03,13.25,13.25,13.25,13.25,9477,BE,,,
2023-08-04,13.0,13.0,13.0,13.0,14594,BE,,,
2023-08-07,12.9,12.9,12.75,12.8,14554,BE,,,
2023-08-08,13.0,13.0,13.0,13.0,3384,BE,,,
2023-08-09,12.9,12.9,12.75,12.75,1233,BE,,,
2023-08-10,12.75,12.75,12.6,12.65,10748,BE,,,
2023-08-11,12.9,12.9,12.8,12.9,12731,BE,,,
2023-08-14,13.15,13.15,13.15,13.15,6749,BE,,,
2023-08-16,13.4,13.4,13.4,13.4,3481,BE,,,
2023-08-17,13.7,13.7,13.7,13.7,14006,BE,,,
2023-08-18,13.95,13.95,13.95,13.95,33397,BE,,,
2023-08-21,14.2,14.2,14.2,14.2,28755,BE,,,
2023-08-22,14.5,14.5,14.5,14.5,22617,BE,,,
2023-08-23,14.5,14.8,14.5,14.8,14703,BE,,,
2023-08-24,15.1,15.1,14.9,14.9,28656,BE,,,
2023-08-25,15.2,15.2,15.15,15.15,26410,BE,95.0,278.0,26410.0
2023-08-28,15.0,15.0,14.9,14.9,12104,BE,61.0,198.43,12104.0
2023-08-29,14.8,14.85,14.6,14.6,10218,BE,32.0,319.31,10218.0
2023-08-30,14.35,14.6,14.3,14.45,6939,BE,30.0,231.3,6939.0
2023-08-31,14.4,14.4,14.15,14.3,39012,BE,43.0,907.26,39012.0
2023-09-01,14.3,14.6,14.3,14.6,64017,BE,60.0,1066.95,64017.0
2023-09-04,14.9,14.9,14.55,14.55,27365,BE,83.0,329.7,27365.0
2023-09-05,14.55,14.55,14.3,14.3,17104,BE,52.0,328.92,17104.0
2023-09-06,14.25,14.25,14.0,14.0,6573,BE,37.0,177.65,6573.0
2023-09-07,14.0,14.0,13.7,13.8,14787,BE,46.0,321.46,14787.0
2023-09-08,13.6,13.8,13.5,13.75,13510,BE,43.0,314.19,13510.0
2023-09-11,14.0,14.45,13.85,14.45,52082,BE,207.0,251.6,52082.0
2023-09-12,14.9,14.9,13.7,13.75,48986,BE,231.0,212.06,48986.0
2023-09-13,13.8,14.45,13.8,14.45,112318,BE,260.0,431.99,112318.0
2023-09-14,15.15,15.15,14.6,15.15,64150,BE,225.0,285.11,64150.0
2023-09-15,15.3,15.9,14.65,15.9,70607,BE,269.0,262.48,70607.0
2023-09-18,16.7,16.7,16.55,16.7,38600,BE,207.0,186.47,38600.0
2023-09-20,17.55,17.55,16.8,17.5,114333,BE,584.0,195.78,114333.0
2023-09-21,17.15,17.15,17.15,17.15,8076,BE,29.0,278.48,8076.0
2023-09-22,16.8,16.8,16.8,16.8,12911,BE,52.0,248.29,12911.0
2023-09-25,16.5,16.5,16.5,16.5,10926,BE,62.0,176.23,10926.0
2023-09-26,16.5,16.5,16.2,16.2,10299,BE,61.0,168.84,10299.0
2023-09-27,16.2,16.5,16.2,16.5,8452,BE,48.0,176.08,8452.0
2023-09-28,16.85,16.85,16.6,16.85,9101,BE,61.0,149.2,9101.0
2023-09-29,17.1,17.1,16.6,16.6,23192,BE,52.0,446.0,23192.0
2023-10-03,16.25,16.55,16.25,16.55,12503,BE,33.0,378.88,12503.0
2023-10-04,16.55,16.9,16.55,16.55,24835,BE,60.0,413.92,24835.0
2023-10-05,16.9,16.9,16.9,16.9,16541,BE,32.0,516.91,16541.0
2023-10-06,17.2,17.2,17.2,17.2,6525,BE,39.0,167.31,6525.0
2023-10-09,17.5,17.5,16.85,16.9,23291,BE,68.0,342.51,23291.0
2023-10-10,17.25,17.25,16.85,17.1,4301,BE,44.0,97.75,4301.0
2023-10-11,16.8,17.1,16.8,17.1,3665,BE,29.0,126.38,3665.0
2023-10-12,17.1,17.1,16.75,16.75,24965,BE,47.0,531.17,24965.0
2023-10-13,16.7,17.0,16.7,17.0,13671,BE,41.0,333.44,13671.0
2023-10-16,16.8,16.9,16.8,16.9,14930,BE,39.0,382.82,14930.0
2023-10-17,17.25,17.25,17.25,17.25,19029,BE,51.0,373.12,19029.0
2023-10-18,17.55,17.55,17.55,17.55,43023,BE,69.0,623.52,43023.0
2023-10-19,17.9,17.9,17.9,17.9,14837,BE,87.0,170.54,14837.0
2023-10-20,18.3,18.3,18.3,18.3,28434,BE,82.0,346.76,28434.0
2023-10-23,18.65,18.65,18.65,18.65,152377,BE,163.0,934.83,152377.0
2023-10-25,18.25,19.0,18.25,19.0,46341,BE,119.0,389.42,46341.0
2023-10-26,19.2,19.2,18.65,18.65,61859,BE,53.0,1167.15,61859.0
2023-10-27,18.65,19.0,18.65,19.0,14430,BE,65.0,222.0,14430.0
2023-10-30,19.4,19.4,19.4,19.4,31013,BE,63.0,492.27,31013.0
2023-10-31,19.75,19.75,19.75,19.75,6895,BE,68.0,101.4,6895.0
2023-11-01,20.15,20.15,20.15,20.15,7846,BE,71.0,110.51,7846.0
2023-11-02,20.55,20.55,20.55,20.55,8354,BE,62.0,134.74,8354.0
2023-11-03,21.0,21.0,21.0,21.0,2195,BE,42.0,52.26,2195.0
2023-11-06,21.4,21.4,21.4,21.4,14042,BE,76.0,184.76,14042.0
2023-11-07,21.8,21.8,21.8,21.8,5328,BE,58.0,91.86,5328.0
2023-11-08,22.25,22.25,22.25,22.25,90284,BE,131.0,689.19,90284.0
2023-11-09,22.45,22.45,21.8,22.3,57408,BE,90.0,637.87,57408.0
2023-11-10,21.85,21.85,21.85,21.85,103034,BE,71.0,1451.18,103034.0
2023-11-12,21.4,21.4,21.4,21.4,11471,BE,13.0,882.38,11471.0
2023-11-13,21.0,21.4,21.0,21.4,45765,BE,109.0,419.86,45765.0
2023-11-15,21.6,21.85,21.6,21.85,18229,BE,91.0,200.32,18229.0
2023-11-16,22.25,22.25,22.25,22.25,8752,BE,70.0,125.03,8752.0
2023-11-17,22.7,22.7,22.7,22.7,14553,BE,96.0,151.59,14553.0
2023-11-20,23.15,23.15,22.95,22.95,11068,BE,87.0,127.22,11068.0
2023-11-21,22.95,23.1,22.95,23.1,4977,BE,48.0,103.69,4977.0
2023-11-22,23.1,23.1,23.0,23.1,6554,BE,56.0,117.04,6554.0
2023-11-23,23.1,23.1,22.7,22.7,15210,BE,35.0,434.57,15210.0
2023-11-24,22.7,23.0,22.6,23.0,12191,BE,45.0,270.91,12191.0
2023-11-28,23.0,23.45,23.0,23.45,31941,BE,73.0,437.55,31941.0
2023-11-29,23.6,23.6,23.1,23.1,3925,BE,40.0,98.12,3925.0
2023-11-30,22.65,23.4,22.65,22.85,3539,BE,24.0,147.46,3539.0
2023-12-01,22.85,22.85,22.75,22.85,9084,BE,57.0,159.37,9084.0
2023-12-04,22.85,22.85,22.6,22.6,36600,BE,50.0,732.0,36600.0
2023-12-05,22.6,22.6,22.4,22.6,15818,BE,52.0,304.19,15818.0
2023-12-06,22.7,23.0,22.7,23.0,11800,BE,52.0,226.92,11800.0
2023-12-07,23.0,23.2,23.0,23.2,7004,BE,54.0,129.7,7004.0
2023-12-08,23.65,23.65,23.65,23.65,16340,BE,63.0,259.37,16340.0
2023-12-11,24.85,24.85,24.0,24.85,16804,BE,122.0,137.74,16804.0
2023-12-12,26.1,26.1,25.0,26.1,71616,BE,244.0,293.51,71616.0
2023-12-13,25.7,26.3,24.8,25.75,58714,BE,383.0,153.3,58714.0
2023-12-14,26.0,26.5,24.5,24.95,45281,BE,283.0,160.0,45281.0
2023-12-15,25.8,26.2,24.6,26.1,40840,BE,219.0,186.48,40840.0
2023-12-18,26.05,27.4,25.5,26.45,57589,BE,304.0,189.44,57589.0
2023-12-19,25.7,26.8,25.2,25.65,20955,BE,185.0,113.27,20955.0
2023-12-20,25.65,26.7,25.4,25.9,27359,BE,197.0,138.88,27359.0
2023-12-21,24.7,27.0,24.7,26.6,76532,BE,217.0,352.68,76532.0
2023-12-22,26.6,27.8,26.0,27.65,99567,BE,314.0,317.09,99567.0
2023-12-26,29.05,29.05,27.85,29.05,94220,EQ,417.0,225.95,82090.0
2023-12-27,30.5,30.5,30.5,30.5,8383,EQ,82.0,102.23,8383.0
2023-12-28,32.0,32.0,29.55,30.2,288464,EQ,2819.0,102.33,174819.0
2023-12-29,30.2,30.8,29.4,30.05,45856,EQ,1439.0,31.87,25234.0
2024-01-01,30.05,31.55,30.05,31.55,59893,EQ,644.0,93.0,51429.0
2024-01-02,32.45,33.1,31.5,33.05,102354,EQ,1957.0,52.3,73507.0
2024-01-03,34.7,34.7,34.0,34.7,28593,EQ,178.0,160.63,25456.0
2024-01-04,36.4,36.4,36.4,36.4,7617,EQ,64.0,119.02,7617.0
2024-01-05,38.25,38.25,35.2,37.0,384116,EQ,3817.0,100.63,217650.0
2024-01-08,38.8,38.8,35.15,35.4,144286,EQ,2139.0,67.45,89015.0
2024-01-09,35.4,36.0,34.0,34.1,31730,EQ,838.0,37.86,20341.0
2024-01-10,33.3,34.85,32.7,33.85,51711,EQ,1568.0,32.98,25393.0
2024-01-11,33.4,35.55,33.4,33.9,178216,EQ,2151.0,82.85,131484.0
2024-01-12,34.6,34.8,33.55,34.05,21273,EQ,666.0,31.94,13320.0
2024-01-15,34.1,34.5,32.4,33.0,38273,EQ,1183.0,32.35,29622.0
2024-01-16,33.3,34.65,31.9,34.65,126558,EQ,1868.0,67.75,80255.0
2024-01-17,34.6,34.6,33.0,33.35,32406,EQ,1034.0,31.34,18410.0
2024-01-18,33.5,33.5,32.4,32.6,22548,EQ,946.0,23.84,14254.0
2024-01-19,32.8,33.7,32.8,33.25,5313,EQ,381.0,13.94,2934.0
2024-01-20,33.3,33.45,32.6,32.7,18182,EQ,1433.0,12.69,5987.0
2024-01-23,33.7,33.7,31.5,32.1,25610,EQ,1540.0,16.63,11471.0
2024-01-24,32.1,33.0,31.25,32.45,26190,EQ,2989.0,8.76,5507.0
2024-01-25,33.0,34.05,31.85,34.05,27261,EQ,1835.0,14.86,14848.0
2024-01-29,34.5,35.75,33.6,35.75,70703,EQ,1988.0,35.56,36519.0
2024-01-30,36.5,37.0,34.6,35.45,76857,EQ,2273.0,33.81,41929.0
2024-01-31,36.0,36.0,34.6,34.8,46645,EQ,1590.0,29.34,29559.0
2024-02-01,34.6,35.85,34.4,34.65,33214,EQ,1719.0,19.32,17016.0
2024-02-02,34.2,35.8,33.8,34.25,26482,EQ,1921.0,13.79,11777.0
2024-02-05,35.9,35.95,34.5,35.9,139978,EQ,1957.0,71.53,111900.0
2024-02-06,35.95,36.4,35.1,36.05,95865,EQ,3323.0,28.85,62291.0
2024-02-07,35.9,37.5,35.75,37.4,179998,EQ,1946.0,92.5,145904.0
2024-02-08,37.5,39.25,37.2,37.95,590455,EQ,2645.0,223.23,391989.0
2024-02-09,38.5,39.5,36.55,39.0,154877,EQ,2361.0,65.6,105796.0
2024-02-12,40.95,40.95,37.05,37.05,345583,EQ,3512.0,98.4,192209.0
2024-02-13,36.15,38.9,35.2,38.5,223690,EQ,3446.0,64.91,153447.0
2024-02-14,38.05,40.35,36.8,40.0,276092,EQ,3044.0,90.7,171467.0
2024-02-15,41.35,41.35,38.7,39.0,103037,EQ,3112.0,33.11,75504.0
2024-02-16,39.55,39.6,37.05,37.3,142049,EQ,2328.0,61.02,100170.0
2024-02-19,37.35,38.5,36.0,36.45,74309,EQ,2431.0,30.57,46418.0
2024-02-20,36.9,37.9,36.45,37.35,23321,EQ,1062.0,21.96,15016.0
2024-02-21,37.4,38.6,37.2,37.4,38300,EQ,1699.0,22.54,27422.0
2024-02-22,38.25,38.4,36.4,36.8,28782,EQ,1740.0,16.54,13418.0
2024-02-23,37.0,38.2,36.75,37.45,35849,EQ,1550.0,23.13,24592.0
2024-02-26,37.7,38.8,36.9,38.25,39769,EQ,1870.0,21.27,24773.0
2024-02-27,38.5,39.15,37.2,37.45,57826,EQ,3101.0,18.65,25061.0
2024-02-28,37.6,38.3,36.1,36.5,58652,EQ,3405.0,17.23,30608.0
2024-02-29,37.6,37.9,35.5,37.55,58861,EQ,3204.0,18.37,21515.0
2024-03-01,37.5,38.8,36.85,38.15,52999,EQ,2240.0,23.66,37224.0
2024-03-02,38.35,38.4,36.6,37.25,6804,EQ,292.0,23.3,5177.0
2024-03-04,37.6,38.3,36.8,38.0,50197,EQ,2089.0,24.03,32595.0
2024-03-05,37.5,38.7,37.1,37.3,20879,EQ,1497.0,13.95,9056.0
2024-03-06,37.5,38.0,35.85,37.2,56888,EQ,2135.0,26.65,31572.0
2024-03-07,36.4,37.9,36.4,37.4,25357,EQ,1169.0,21.69,18064.0
2024-03-11,36.65,38.4,36.65,37.5,95493,EQ,1694.0,56.37,76845.0
2024-03-12,38.0,39.35,36.7,37.0,120376,EQ,2015.0,59.74,81100.0
2024-03-13,37.05,37.5,35.15,35.15,70468,EQ,894.0,78.82,61686.0
2024-03-14,33.5,35.95,33.5,35.65,66920,EQ,1832.0,36.53,37577.0
2024-03-15,35.5,37.4,34.75,37.4,60538,EQ,2394.0,25.29,42307.0
2024-03-18,37.4,39.3,37.0,39.3,125401,EQ,3495.0,35.88,92416.0
2024-03-19,39.6,41.25,38.9,41.0,99043,EQ,2980.0,33.24,73967.0
2024-03-20,42.4,42.4,40.1,40.5,59245,EQ,1962.0,30.2,46597.0
2024-03-21,40.0,41.5,39.9,40.3,40111,EQ,1165.0,34.43,32270.0
2024-03-22,39.3,42.3,39.3,42.3,117375,EQ,1052.0,111.57,110877.0
2024-03-26,43.3,44.4,42.2,42.5,76832,EQ,1806.0,42.54,50207.0
2024-03-27,42.0,44.0,41.8,43.0,68542,BE,330.0,207.7,68542.0
2024-03-28,43.2,44.0,42.2,42.2,10855,BE,283.0,38.36,10855.0
2024-04-01,42.2,44.35,40.9,44.35,91302,BE,521.0,175.24,91302.0
2024-04-02,45.0,46.55,45.0,46.55,40081,BE,333.0,120.36,40081.0
2024-04-03,48.85,48.85,47.0,48.2,80501,BE,1575.0,51.11,80501.0
2024-04-04,49.0,50.6,46.2,50.0,169919,BE,848.0,200.38,169919.0
2024-04-05,51.55,52.0,48.0,48.5,72598,BE,650.0,111.69,72598.0
2024-04-08,49.95,50.5,46.8,50.35,108981,BE,532.0,204.85,108981.0
2024-04-09,51.4,51.6,48.3,49.0,91520,BE,457.0,200.26,91520.0
2024-04-10,50.65,50.65,48.2,49.05,11163,BE,196.0,56.95,11163.0
2024-04-12,50.0,50.0,47.0,48.9,22989,BE,276.0,83.29,22989.0
2024-04-15,48.95,48.95,46.45,47.15,22835,BE,257.0,88.85,22835.0
2024-04-16,45.1,48.25,45.1,46.5,25337,BE,318.0,79.68,25337.0
2024-04-18,47.95,48.7,46.5,48.45,22321,BE,309.0,72.24,22321.0
2024-04-19,48.5,49.5,46.5,49.15,35594,BE,290.0,122.74,35594.0
2024-04-22,49.5,51.6,49.1,51.5,124376,BE,872.0,142.63,124376.0
2024-04-23,51.4,53.7,50.4,52.9,42864,BE,584.0,73.4,42864.0
2024-04-24,54.05,54.05,52.05,53.85,34030,BE,467.0,72.87,34030.0
2024-04-25,53.85,54.0,52.5,52.55,14325,BE,398.0,35.99,14325.0
2024-04-26,52.6,53.3,51.0,51.7,11917,BE,257.0,46.37,11917.0
2024-04-29,51.5,53.0,49.2,49.8,20805,BE,364.0,57.16,20805.0
2024-04-30,50.0,51.0,49.15,49.5,27619,BE,369.0,74.85,27619.0
2024-05-02,49.6,50.6,49.15,50.2,8022,BE,235.0,34.14,8022.0
2024-05-03,50.2,50.2,48.9,49.4,32908,BE,291.0,113.09,32908.0
2024-05-06,49.9,49.9,47.0,47.25,44903,BE,380.0,118.17,44903.0
2024-05-07,47.25,47.25,44.9,44.9,53377,BE,493.0,108.27,53377.0
2024-05-08,43.3,47.15,43.3,47.1,46671,BE,397.0,117.56,46671.0
2024-05-09,45.0,47.5,44.75,44.75,37242,BE,347.0,107.33,37242.0
2024-05-10,44.65,45.9,42.55,44.0,53323,BE,380.0,140.32,53323.0
2024-05-13,43.95,44.0,42.1,43.45,19538,BE,323.0,60.49,19538.0
2024-05-14,43.8,45.6,43.35,45.6,17545,BE,172.0,102.01,17545.0
2024-05-15,45.7,47.9,45.7,47.9,74314,BE,226.0,328.82,74314.0
2024-05-16,49.5,49.5,46.5,48.0,8727,BE,204.0,42.78,8727.0
2024-05-17,48.25,48.5,46.5,47.2,10882,BE,213.0,51.09,10882.0
2024-05-18,47.2,49.55,45.6,49.1,6689,BE,86.0,77.78,6689.0
2024-05-21,48.95,49.0,47.0,48.9,17743,BE,430.0,41.26,17743.0
2024-05-22,47.6,48.8,46.8,47.9,24103,BE,302.0,79.81,24103.0
2024-05-23,47.95,49.6,47.95,48.2,27307,BE,282.0,96.83,27307.0
2024-05-24,48.85,50.6,47.5,49.4,44459,BE,355.0,125.24,44459.0
2024-05-27,49.4,51.9,47.5,51.9,96498,BE,570.0,169.29,96498.0
2024-05-28,52.0,54.5,52.0,53.5,93066,BE,716.0,129.98,93066.0
2024-05-29,53.5,54.7,52.0,53.15,16855,BE,317.0,53.17,16855.0
2024-05-30,53.9,53.9,51.3,53.15,15552,BE,295.0,52.72,15552.0
2024-05-31,54.0,54.5,52.6,53.75,29915,BE,389.0,76.9,29915.0
2024-06-03,56.2,56.2,51.1,51.2,23447,BE,489.0,47.95,23447.0
2024-06-04,51.2,51.2,48.65,48.65,92668,BE,360.0,257.41,92668.0
2024-06-05,47.5,51.1,46.4,50.85,91567,BE,328.0,279.17,91567.0
2024-06-06,51.5,53.4,50.0,53.25,65036,BE,427.0,152.31,65036.0
2024-06-07,53.4,55.9,53.4,55.9,100365,BE,601.0,167.0,100365.0
2024-06-10,58.7,58.7,56.2,58.7,20058,BE,275.0,72.94,20058.0
2024-06-11,61.6,61.6,60.6,61.6,54756,BE,483.0,113.37,54756.0
2024-06-12,64.0,64.0,59.4,61.3,56354,BE,746.0,75.54,56354.0
2024-06-13,61.3,62.55,60.0,61.0,20674,BE,359.0,57.59,20674.0
2024-06-14,61.0,62.0,60.1,61.4,19064,BE,610.0,31.25,19064.0
2024-06-18,62.9,63.4,61.0,62.4,26500,BE,405.0,65.43,26500.0
2024-06-19,62.9,65.55,62.0,65.5,77187,BE,763.0,101.16,77187.0
2024-06-20,64.0,68.7,64.0,68.3,48836,BE,788.0,61.97,48836.0
2024-06-21,68.5,71.0,68.5,70.05,43583,BE,919.0,47.42,43583.0
2024-06-24,72.0,73.55,69.8,72.4,198136,BE,897.0,220.89,198136.0
2024-06-25,74.5,74.5,69.1,69.35,63624,BE,1143.0,55.66,63624.0
2024-06-26,71.5,72.8,69.7,72.8,39162,BE,509.0,76.94,39162.0
2024-06-27,72.8,76.45,72.8,75.05,56689,BE,939.0,60.37,56689.0
2024-06-28,76.7,78.0,75.0,77.25,27943,BE,591.0,47.28,27943.0
2024-07-01,78.7,78.7,74.1,75.2,26731,BE,735.0,36.37,26731.0
2024-07-02,77.0,78.0,74.8,77.35,32409,BE,541.0,59.91,32409.0
2024-07-03,81.2,81.2,78.0,80.0,89166,BE,1427.0,62.48,89166.0
2024-07-04,80.8,81.2,76.0,78.9,51288,BE,798.0,64.27,51288.0
2024-07-05,79.1,79.15,74.95,76.95,53550,BE,797.0,67.19,53550.0
2024-07-08,77.1,77.1,73.1,74.3,51872,BE,728.0,71.25,51872.0
2024-07-09,74.0,74.0,71.55,72.3,30595,BE,762.0,40.15,30595.0
2024-07-10,73.2,74.0,70.1,70.7,21433,BE,476.0,45.03,21433.0
2024-07-11,70.7,74.25,70.7,74.25,18428,BE,251.0,73.42,18428.0
2024-07-12,76.3,77.95,75.6,77.95,24846,BE,362.0,68.64,24846.0
2024-07-15,81.8,81.85,78.0,80.0,76973,BE,832.0,92.52,76973.0
2024-07-16,80.4,81.7,77.4,78.25,22420,BE,417.0,53.76,22420.0
2024-07-18,77.0,79.3,75.6,76.6,21625,BE,439.0,49.26,21625.0
2024-07-19,77.0,77.0,74.4,76.6,25803,BE,379.0,68.08,25803.0
2024-07-22,76.5,78.2,75.0,75.4,37942,BE,369.0,102.82,37942.0
2024-07-23,77.0,78.9,72.75,76.55,34472,BE,424.0,81.3,34472.0
2024-07-24,76.6,80.4,76.55,80.4,58207,BE,540.0,107.79,58207.0
2024-07-25,81.5,84.4,80.5,83.45,116756,BE,1666.0,70.08,116756.0
2024-07-26,86.0,87.4,83.0,85.15,55845,BE,1302.0,42.89,55845.0
2024-07-29,87.6,88.0,85.1,85.8,42781,BE,857.0,49.92,42781.0
2024-07-30,89.1,89.9,87.0,88.85,66493,BE,1837.0,36.2,66493.0
2024-07-31,92.9,93.3,90.0,93.3,168845,BE,1581.0,106.8,168845.0
2024-08-01,96.6,97.95,95.0,97.2,326975,BE,2185.0,149.65,326975.0
2024-08-02,96.4,101.8,94.1,100.9,150454,BE,2602.0,57.82,150454.0
2024-08-05,96.7,103.2,95.85,95.85,105987,BE,2249.0,47.13,105987.0
2024-08-06,98.5,99.4,91.05,91.05,51889,BE,1599.0,32.45,51889.0
2024-08-07,91.55,93.9,86.5,89.95,86876,BE,2397.0,36.24,86876.0
2024-08-08,89.95,91.8,85.55,87.25,87190,BE,1863.0,46.8,87190.0
2024-08-09,89.6,91.6,87.25,91.6,18359,BE,499.0,36.79,18359.0
2024-08-12,95.0,96.2,93.35,96.2,20184,BE,336.0,60.07,20184.0
2024-08-13,101.0,101.0,93.0,94.95,41343,BE,2013.0,20.54,41343.0
2024-08-14,95.2,98.5,93.0,96.7,25306,BE,1047.0,24.17,25306.0
2024-08-16,98.5,98.5,94.3,95.15,18978,BE,725.0,26.18,18978.0
2024-08-19,95.4,99.9,95.4,99.9,52095,BE,954.0,54.61,52095.0
2024-08-20,101.5,104.9,101.4,104.9,67658,BE,1430.0,47.31,67658.0
2024-08-21,109.8,110.15,104.0,110.15,33244,BE,639.0,52.03,33244.0
2024-08-22,115.0,115.65,107.7,111.4,177937,BE,2541.0,70.03,177937.0
2024-08-23,107.5,113.4,106.0,108.55,167305,BE,2609.0,64.13,167305.0
2024-08-26,112.0,114.0,110.0,114.0,95688,BE,2073.0,46.16,95688.0
2024-08-27,118.8,119.7,114.0,119.3,108491,BE,2009.0,54.0,108491.0
2024-08-28,118.5,122.85,115.1,121.5,79032,BE,2000.0,39.52,79032.0
2024-08-29,123.6,124.7,115.4,116.8,81363,BE,2081.0,39.1,81363.0
2024-08-30,117.1,119.4,112.2,114.75,101822,BE,2354.0,43.25,101822.0
2024-09-02,114.95,116.0,109.4,109.7,50578,BE,1739.0,29.08,50578.0
2024-09-03,110.0,112.45,107.0,111.85,67283,BE,1967.0,34.21,67283.0
2024-09-04,111.5,113.0,107.0,109.6,35925,BE,1074.0,33.45,35925.0
2024-09-05,111.8,112.0,107.0,110.35,41133,BE,1031.0,39.9,41133.0
2024-09-06,110.0,111.8,106.5,109.05,53883,BE,1682.0,32.04,53883.0
2024-09-09,106.8,111.0,104.8,108.0,29156,BE,851.0,34.26,29156.0
2024-09-10,106.0,109.8,104.0,105.5,143425,BE,935.0,153.4,143425.0
2024-09-11,105.55,107.5,103.5,104.05,108572,BE,1035.0,104.9,108572.0
2024-09-12,106.4,107.5,103.0,106.8,72254,BE,1030.0,70.15,72254.0
2024-09-13,106.8,111.45,106.8,110.35,49997,BE,1359.0,36.79,49997.0
2024-09-16,112.9,114.55,109.8,113.1,49584,BE,2090.0,23.72,49584.0
2024-09-17,114.9,115.8,111.1,114.75,52960,BE,1506.0,35.17,52960.0
2024-09-18,115.2,115.95,112.15,114.85,41408,BE,1170.0,35.39,41408.0
2024-09-19,112.5,117.4,111.2,113.4,60044,BE,1373.0,43.73,60044.0
2024-09-20,112.3,117.9,112.3,116.55,237727,BE,3352.0,70.92,237727.0
2024-09-23,116.0,122.35,116.0,122.35,60302,BE,1216.0,49.59,60302.0
2024-09-24,128.0,128.5,124.8,128.5,145115,BE,641.0,226.39,145115.0
2024-09-25,131.9,134.45,127.0,128.8,103563,BE,2329.0,44.47,103563.0
2024-09-26,131.2,131.7,122.35,125.95,42313,BE,1445.0,29.28,42313.0
2024-09-27,126.8,129.0,122.6,128.0,28307,BE,991.0,28.56,28307.0
2024-09-30,128.2,133.95,125.0,133.4,89503,BE,2382.0,37.57,89503.0
2024-10-01,134.0,137.9,132.0,135.8,34345,BE,1321.0,26.0,34345.0
2024-10-03,142.6,142.6,133.6,137.75,183501,BE,3079.0,59.6,183501.0
2024-10-04,139.0,143.0,130.85,137.0,80764,BE,1637.0,49.34,80764.0
2024-10-07,138.4,138.4,130.15,130.75,109763,BE,1576.0,69.65,109763.0
2024-10-08,128.1,137.3,124.6,137.3,83525,BE,1543.0,54.13,83525.0
2024-10-09,141.4,142.2,137.5,140.55,39613,BE,1478.0,26.8,39613.0
2024-10-10,143.5,147.4,141.0,143.3,44258,BE,1644.0,26.92,44258.0
2024-10-11,137.0,147.5,137.0,144.1,23314,BE,845.0,27.59,23314.0
2024-10-14,146.6,147.0,144.5,146.8,31849,BE,1404.0,22.68,31849.0
2024-10-15,145.0,148.4,143.0,143.95,21244,BE,1028.0,20.67,21244.0
2024-10-16,145.6,145.6,140.0,143.05,18081,BE,1260.0,14.35,18081.0
2024-10-17,144.9,144.9,135.9,135.9,41181,BE,1506.0,27.34,41181.0
2024-10-18,135.9,135.9,129.1,131.95,54151,BE,2160.0,25.07,54151.0
2024-10-21,131.95,132.0,125.5,128.7,54578,BE,2408.0,22.67,54578.0
2024-10-22,126.8,131.0,122.3,128.75,118910,BE,2840.0,41.87,118910.0
2024-10-23,129.85,130.0,125.0,128.6,26907,BE,1010.0,26.64,26907.0
2024-10-24,128.7,132.0,127.0,129.3,40570,BE,1450.0,27.98,40570.0
2024-10-25,122.85,125.0,122.85,122.9,110746,BE,1416.0,78.21,110746.0
2024-10-28,119.0,122.15,116.75,116.75,91310,BE,2009.0,45.45,91310.0
2024-10-29,112.4,115.0,110.9,112.05,99361,BE,2016.0,49.29,99361.0
2024-10-30,111.0,117.65,107.1,110.5,185638,BE,3735.0,49.7,185638.0
2024-10-31,110.0,113.4,110.0,112.55,95828,BE,2101.0,45.61,95828.0
2024-11-01,115.0,115.4,112.55,113.95,46880,BE,589.0,79.59,46880.0
2024-11-04,115.8,115.8,108.3,114.15,71180,BE,2820.0,25.24,71180.0
2024-11-05,112.0,115.75,110.2,115.3,65859,BE,2390.0,27.56,65859.0
2024-11-06,117.0,121.05,115.3,121.05,42979,BE,879.0,48.9,42979.0
2024-11-07,121.9,127.1,121.9,127.1,69874,BE,2008.0,34.8,69874.0
2024-11-08,126.55,127.0,121.15,124.2,37896,BE,3036.0,12.48,37896.0
2024-11-11,124.0,124.0,117.95,117.95,41218,BE,1761.0,23.41,41218.0
2024-11-12,117.5,120.7,112.5,114.4,40552,BE,2777.0,14.6,40552.0
2024-11-13,115.0,115.0,108.65,109.75,63530,BE,2307.0,27.54,63530.0
2024-11-14,110.0,115.25,110.0,115.2,85309,BE,3549.0,24.04,85309.0
2024-11-18,115.2,115.2,109.4,112.3,63626,BE,1807.0,35.21,63626.0
2024-11-19,112.3,117.9,112.3,117.85,48401,BE,2409.0,20.09,48401.0
2024-11-21,118.0,123.75,112.5,122.6,65016,BE,3886.0,16.73,65016.0
2024-11-22,127.0,127.0,120.1,122.25,16255,BE,1283.0,12.67,16255.0
2024-11-25,123.1,128.3,121.1,125.85,37344,BE,1517.0,24.62,37344.0
2024-11-26,127.1,128.5,123.6,126.9,15266,BE,773.0,19.75,15266.0
2024-11-27,128.2,133.2,124.6,132.5,35834,BE,1233.0,29.06,35834.0
2024-11-28,132.55,136.0,128.0,135.5,74238,BE,6824.0,10.88,74238.0
2024-11-29,133.45,137.5,132.0,132.5,8602,BE,614.0,14.01,8602.0
2024-12-02,130.0,135.0,129.0,133.65,27758,BE,885.0,31.36,27758.0
2024-12-03,133.65,137.45,130.7,131.95,34575,BE,1096.0,31.55,34575.0
2024-12-04,129.3,134.0,129.3,133.15,26933,BE,1710.0,15.75,26933.0
2024-12-05,133.15,136.5,131.1,133.15,17566,BE,649.0,27.07,17566.0
2024-12-06,136.5,139.7,136.2,138.65,85086,BE,1930.0,44.09,85086.0
2024-12-09,139.8,141.1,136.2,138.9,28187,BE,875.0,32.21,28187.0
2024-12-10,137.0,141.9,132.0,138.3,69644,BE,3353.0,20.77,69644.0
2024-12-11,136.0,140.2,135.4,138.35,84585,BE,601.0,140.74,84585.0
2024-12-12,138.4,140.9,136.2,139.25,30723,BE,937.0,32.79,30723.0
2024-12-13,139.0,146.25,137.5,146.05,87359,BE,1629.0,53.63,87359.0
2024-12-16,144.4,153.4,144.0,153.4,63109,BE,1023.0,61.69,63109.0
2024-12-17,159.7,161.05,155.0,161.05,119592,BE,4274.0,27.98,119592.0
2024-12-18,162.95,167.55,155.0,160.55,69883,BE,6145.0,11.37,69883.0
2024-12-19,152.65,167.45,152.5,162.15,50575,BE,1300.0,38.9,50575.0
2024-12-20,166.8,166.8,154.05,154.2,41821,BE,1243.0,33.65,41821.0
2024-12-23,150.2,161.9,150.2,158.55,46384,BE,2122.0,21.86,46384.0
2024-12-24,159.9,162.1,155.0,160.35,18994,BE,1026.0,18.51,18994.0
2024-12-26,161.9,163.8,158.3,162.55,28423,BE,971.0,29.27,28423.0
2024-12-27,165.0,167.3,160.9,162.7,13040,BE,787.0,16.57,13040.0
2024-12-30,160.0,164.9,157.5,163.5,28753,BE,1328.0,21.65,28753.0
2024-12-31,163.0,170.8,160.0,169.7,40253,BE,1449.0,27.78,40253.0
2025-01-01,170.8,170.8,165.35,168.45,22833,BE,963.0,23.71,22833.0
2025-01-02,168.0,170.0,164.0,164.65,18715,BE,949.0,19.72,18715.0
2025-01-03,171.5,172.9,168.1,172.9,101678,BE,862.0,117.96,101678.0
2025-01-06,181.5,181.5,172.5,175.3,417928,BE,5180.0,80.68,417928.0
2025-01-07,173.2,175.0,170.0,173.2,61810,BE,3583.0,17.25,61810.0
2025-01-08,174.0,177.0,164.55,174.85,132719,BE,4214.0,31.49,132719.0
2025-01-09,174.85,176.5,168.0,175.25,25880,BE,1800.0,14.38,25880.0
2025-01-10,172.0,177.0,166.45,172.5,68759,BE,3267.0,21.05,68759.0
2025-01-13,165.5,171.95,163.9,169.65,69577,BE,2149.0,32.38,69577.0
2025-01-14,170.4,173.6,166.2,172.15,53704,BE,3458.0,15.53,53704.0
2025-01-15,175.0,180.75,173.0,179.25,125580,BE,3011.0,41.71,125580.0
2025-01-16,177.4,188.0,175.5,187.2,66223,BE,3052.0,21.7,66223.0
2025-01-17,186.1,192.0,183.5,189.1,34365,BE,2784.0,12.34,34365.0
2025-01-20,191.0,192.5,183.5,185.1,21915,BE,1295.0,16.92,21915.0
2025-01-21,187.5,189.0,175.85,178.8,57336,BE,1745.0,32.86,57336.0
2025-01-22,178.8,178.8,169.9,169.9,98457,BE,1604.0,61.38,98457.0
2025-01-23,163.6,177.3,163.6,175.35,50852,BE,2836.0,17.93,50852.0
2025-01-24,184.1,184.1,184.1,184.1,25049,BE,353.0,70.96,25049.0
2025-01-27,193.3,193.3,176.0,180.3,161181,BE,3850.0,41.87,161181.0
2025-01-28,187.0,187.0,171.3,178.35,86767,BE,4498.0,19.29,86767.0
2025-01-29,182.0,187.25,174.0,187.15,74184,BE,2677.0,27.71,74184.0
2025-01-30,192.0,192.0,185.0,187.6,31951,BE,2098.0,15.23,31951.0
2025-01-31,188.8,188.8,182.4,185.8,28308,BE,1498.0,18.9,28308.0
2025-02-01,186.0,192.0,178.0,191.55,108710,BE,2806.0,38.74,108710.0
2025-02-03,195.3,200.2,186.0,199.8,98391,BE,4859.0,20.25,98391.0
2025-02-04,204.75,209.7,196.8,203.15,90748,BE,3350.0,27.09,90748.0
2025-02-05,208.5,208.5,198.0,199.4,40152,BE,2495.0,16.09,40152.0
2025-02-06,200.0,202.5,192.5,198.25,35401,BE,1812.0,19.54,35401.0
2025-02-07,193.7,199.9,192.5,194.2,29776,BE,1779.0,16.74,29776.0
2025-02-10,198.0,198.0,184.5,184.5,36269,BE,1239.0,29.27,36269.0
2025-02-11,175.3,178.5,175.3,175.3,17653,BE,813.0,21.71,17653.0
2025-02-12,166.5,184.0,166.5,176.2,164562,BE,6247.0,26.34,164562.0
2025-02-13,174.9,184.0,167.4,171.5,45648,BE,2924.0,15.61,45648.0
2025-02-14,172.35,176.0,162.95,162.95,49407,BE,2310.0,21.39,49407.0
2025-02-17,155.6,169.4,154.8,158.3,84991,BE,3932.0,21.62,84991.0
2025-02-18,158.9,162.0,150.35,150.35,77225,BE,2415.0,31.98,77225.0
2025-02-19,146.0,150.0,142.85,145.4,119108,BE,4120.0,28.91,119108.0
2025-02-20,144.5,152.65,139.0,151.0,86754,BE,2834.0,30.61,86754.0
2025-02-21,152.3,158.55,151.0,158.55,48408,BE,1173.0,41.27,48408.0
2025-02-24,155.05,166.5,153.1,166.5,65186,BE,2442.0,26.69,65186.0
2025-02-25,169.9,174.8,168.5,174.6,65762,BE,4447.0,14.79,65762.0
2025-02-27,171.2,176.55,165.9,165.9,40599,BE,2493.0,16.29,40599.0
2025-02-28,159.0,163.0,157.6,157.6,220379,BE,3933.0,56.03,220379.0
2025-03-03,160.0,160.75,149.7,153.7,119548,BE,4148.0,28.82,119548.0
2025-03-04,146.5,154.8,146.5,151.3,51812,BE,3699.0,14.01,51812.0
2025-03-05,151.0,158.85,147.8,158.85,53705,BE,1694.0,31.7,53705.0
2025-03-06,163.4,166.8,163.4,166.8,45377,BE,1042.0,43.55,45377.0
2025-03-07,167.4,172.9,165.0,170.95,105392,BE,1864.0,56.54,105392.0
2025-03-10,170.95,175.0,162.55,171.15,38383,BE,2789.0,13.76,38383.0
2025-03-11,163.3,166.25,162.6,163.25,19626,BE,2536.0,7.74,19626.0
2025-03-12,161.3,169.4,160.0,167.45,26068,BE,2749.0,9.48,26068.0
2025-03-13,168.65,170.6,165.6,169.25,20452,BE,1048.0,19.52,20452.0
2025-03-17,170.3,170.5,162.25,169.95,26764,BE,1775.0,15.08,26764.0
2025-03-18,169.9,170.0,164.0,169.1,11387,BE,826.0,13.79,11387.0
2025-03-19,169.8,177.55,166.1,168.95,30888,BE,1387.0,22.27,30888.0
2025-03-20,169.0,170.8,161.1,161.9,29200,BE,1558.0,18.74,29200.0
2025-03-21,162.0,167.0,158.1,161.75,28893,BE,1368.0,21.12,28893.0
2025-03-24,164.4,169.85,160.2,169.85,24282,BE,988.0,24.58,24282.0
2025-03-25,171.4,178.35,171.4,174.45,68869,BE,2647.0,26.02,68869.0
2025-03-26,173.8,173.8,166.2,170.5,40348,BE,1629.0,24.77,40348.0
2025-03-27,169.8,171.4,164.0,169.25,87118,BE,1018.0,85.58,87118.0
2025-03-28,170.9,172.9,169.0,171.85,56528,BE,2055.0,27.51,56528.0
2025-04-01,174.5,174.9,170.0,172.4,32649,BE,1085.0,30.09,32649.0
2025-04-02,174.6,181.0,170.2,181.0,291512,BE,4526.0,64.41,291512.0
2025-04-03,180.8,190.05,175.0,187.1,153418,BE,3844.0,39.91,153418.0
2025-04-04,184.0,184.1,177.75,180.4,154292,BE,2386.0,64.67,154292.0
2025-04-07,171.4,171.4,171.4,171.4,61773,BE,857.0,72.08,61773.0
2025-04-08,171.0,179.95,164.2,174.65,53964,BE,2282.0,23.65,53964.0
2025-04-09,171.1,175.0,166.35,169.8,24038,BE,1260.0,19.08,24038.0
2025-04-11,177.8,177.8,162.9,169.3,41293,BE,2954.0,13.98,41293.0
2025-04-15,169.5,175.4,169.5,174.65,120727,BE,1727.0,69.91,120727.0
2025-04-16,177.0,178.0,172.3,175.8,22747,BE,745.0,30.53,22747.0
2025-04-17,175.8,175.8,169.0,173.35,24403,BE,1375.0,17.75,24403.0
2025-04-21,174.7,182.0,173.5,182.0,42436,BE,1160.0,36.58,42436.0
2025-04-22,181.4,191.1,179.0,191.1,44695,BE,1656.0,26.99,44695.0
2025-04-23,191.1,197.5,185.0,190.4,33811,BE,1418.0,23.84,33811.0
2025-04-24,186.1,190.5,183.05,185.1,33043,BE,1081.0,30.57,33043.0
2025-04-25,186.7,186.7,177.0,183.85,72471,BE,2143.0,33.82,72471.0
2025-04-28,182.0,182.0,174.65,174.65,57935,BE,1000.0,57.94,57935.0
2025-04-29,165.9,172.0,165.9,165.9,110349,BE,1807.0,61.07,110349.0
2025-04-30,159.05,170.5,157.65,168.75,149102,BE,3541.0,42.11,149102.0
2025-05-02,165.5,168.5,160.5,166.85,54347,BE,1791.0,30.34,54347.0
2025-05-05,166.1,170.0,165.0,169.8,24699,BE,1401.0,17.63,24699.0
2025-05-06,169.75,169.9,164.5,168.8,52949,BE,2114.0,25.05,52949.0
2025-05-07,166.1,173.0,166.1,170.8,25988,BE,851.0,30.54,25988.0
2025-05-08,173.4,173.5,166.0,166.1,24224,BE,918.0,26.39,24224.0
2025-05-09,161.0,169.0,160.1,165.95,19292,BE,922.0,20.92,19292.0
2025-05-12,173.5,174.25,162.0,170.6,64351,BE,1704.0,37.76,64351.0
2025-05-13,168.7,172.0,167.5,168.45,23763,BE,890.0,26.7,23763.0
2025-05-14,168.7,169.9,165.0,167.35,20419,BE,901.0,22.66,20419.0
2025-05-15,167.35,175.7,165.65,175.7,50001,BE,1383.0,36.15,50001.0
2025-05-16,177.0,184.45,176.5,184.45,40083,BE,838.0,47.83,40083.0
2025-05-19,185.5,193.45,184.45,188.15,49852,BE,2325.0,21.44,49852.0
2025-05-20,189.5,190.1,181.55,189.65,53875,BE,2292.0,23.51,53875.0
2025-05-21,186.95,190.0,184.5,187.5,22434,BE,832.0,26.96,22434.0
2025-05-22,188.1,189.45,185.1,187.35,11858,BE,852.0,13.92,11858.0
2025-05-23,190.0,190.0,186.0,189.3,39191,BE,981.0,39.95,39191.0
2025-05-26,189.3,198.75,189.3,198.75,87286,BE,882.0,98.96,87286.0
2025-05-27,200.0,207.0,194.0,197.55,106746,BE,2684.0,39.77,106746.0
2025-05-28,187.65,194.0,187.65,187.65,141288,BE,2234.0,63.24,141288.0
2025-05-29,184.9,184.9,178.3,178.7,85762,BE,2965.0,28.92,85762.0
2025-05-30,175.0,187.5,175.0,186.0,69459,BE,3149.0,22.06,69459.0
2025-06-02,183.4,189.0,180.25,186.6,63074,BE,1721.0,36.65,63074.0
2025-06-03,187.3,189.0,180.0,185.7,44020,BE,1794.0,24.54,44020.0
2025-06-04,187.2,188.3,183.1,185.4,32103,BE,1302.0,24.66,32103.0
2025-06-05,187.0,189.5,183.5,184.2,26672,BE,1541.0,17.31,26672.0
2025-06-06,186.2,186.2,177.0,182.1,22829,BE,1013.0,22.54,22829.0
2025-06-09,181.0,188.5,180.1,186.35,40740,BE,2067.0,19.71,40740.0
2025-06-10,186.5,190.0,180.1,181.2,30294,BE,1351.0,22.42,30294.0
2025-06-11,183.75,185.7,181.1,182.95,26786,BE,1680.0,15.94,26786.0
2025-06-12,183.9,183.9,179.1,180.5,27198,BE,1145.0,23.75,27198.0
2025-06-13,179.8,184.0,178.0,183.35,14373,BE,755.0,19.04,14373.0
2025-06-16,181.15,184.5,180.1,182.95,17677,EQ,1193.0,14.82,13635.0
2025-06-17,180.6,190.0,180.5,188.55,61328,EQ,5552.0,11.05,45201.0
2025-06-18,190.8,192.0,183.2,184.85,30655,EQ,3014.0,10.17,15577.0
2025-06-19,187.0,189.8,180.0,180.65,40878,EQ,4168.0,9.81,24200.0
2025-06-20,183.7,187.9,180.65,183.7,37025,EQ,2604.0,14.22,26885.0
2025-06-23,180.5,187.45,180.5,186.4,30193,EQ,2947.0,10.25,23676.0
2025-06-24,188.5,188.95,187.1,187.4,24943,EQ,1183.0,21.08,20821.0
2025-06-25,189.0,195.0,182.5,185.45,38817,EQ,2760.0,14.06,29420.0
2025-06-26,184.2,188.5,179.5,180.95,67994,EQ,3318.0,20.49,56301.0
2025-06-27,184.5,184.5,175.3,178.15,45524,EQ,3621.0,12.57,34570.0
2025-06-30,178.7,184.0,178.7,181.45,57877,EQ,3083.0,18.77,40009.0
2025-07-01,182.8,187.2,179.1,185.3,34191,EQ,2069.0,16.53,27040.0
2025-07-02,188.5,191.0,181.1,182.35,99154,EQ,5046.0,19.65,76625.0
2025-07-03,188.0,189.0,178.9,183.25,184039,EQ,10879.0,16.92,107994.0
2025-07-04,185.0,192.4,180.5,192.4,117474,EQ,6039.0,19.45,81154.0
2025-07-07,193.9,201.4,189.9,199.25,134941,EQ,8803.0,15.33,90862.0
2025-07-08,201.4,201.4,195.55,197.4,31412,EQ,3405.0,9.23,20001.0
2025-07-09,199.45,199.6,195.55,196.25,26250,EQ,2678.0,9.8,17308.0
2025-07-10,198.4,198.4,195.1,196.45,23449,EQ,2390.0,9.81,16352.0
2025-07-11,197.4,197.4,190.55,191.5,31333,EQ,2603.0,12.04,21884.0
2025-07-14,191.55,194.95,186.6,189.25,40785,EQ,3931.0,10.38,26946.0
2025-07-15,191.4,193.5,187.5,190.6,18939,EQ,2648.0,7.15,12767.0
2025-07-16,192.3,192.3,188.1,188.6,26402,EQ,2564.0,10.3,19208.0
2025-07-17,189.55,189.9,185.55,186.5,17575,EQ,2276.0,7.72,13246.0
2025-07-18,186.5,190.9,185.55,188.35,20454,EQ,2482.0,8.24,13496.0
2025-07-21,188.35,191.0,186.7,188.05,15615,EQ,2311.0,6.76,10025.0
2025-07-22,188.8,188.8,185.65,186.45,54600,EQ,1873.0,29.15,49821.0
2025-07-23,186.5,190.85,181.2,190.1,27693,EQ,2459.0,11.26,21113.0
2025-07-24,190.0,195.9,187.45,194.6,45846,EQ,3820.0,12.0,35835.0
2025-07-25,196.0,196.0,190.8,193.0,26699,EQ,2751.0,9.71,18169.0
2025-07-28,191.2,195.55,186.4,189.25,46092,EQ,5026.0,9.17,28976.0
2025-07-29,188.2,194.4,186.2,193.65,36808,EQ,3983.0,9.24,24047.0
2025-07-30,193.65,198.0,192.05,195.55,120573,EQ,5877.0,20.52,93734.0
2025-07-31,197.6,200.5,185.8,185.8,314301,EQ,5721.0,54.94,214886.0
2025-08-01,176.5,176.5,176.5,176.5,36159,EQ,1134.0,31.89,36159.0
2025-08-04,167.7,174.2,167.7,167.9,475035,EQ,16601.0,28.61,239728.0
2025-08-05,165.1,175.0,165.1,170.95,108968,EQ,8595.0,12.68,66214.0
2025-08-06,171.0,172.05,164.05,168.25,61076,EQ,5716.0,10.69,35925.0
2025-08-07,169.9,170.45,165.1,169.4,72781,EQ,6395.0,11.38,44966.0
2025-08-08,169.0,174.7,169.0,172.6,48754,EQ,3330.0,14.64,35723.0
2025-08-11,173.5,175.0,169.45,173.05,38944,EQ,3079.0,12.65,27213.0
2025-08-12,173.55,175.0,170.0,173.2,41079,EQ,4856.0,8.46,22422.0
2025-08-13,174.8,174.8,170.35,172.05,22791,EQ,2796.0,8.15,14976.0
2025-08-14,172.9,174.8,170.35,171.75,39869,EQ,4029.0,9.9,23883.0
2025-08-18,174.8,183.7,174.8,182.05,97235,EQ,9328.0,10.42,63148.0
2025-08-19,182.05,182.55,177.7,181.5,49675,EQ,4757.0,10.44,34412.0
2025-08-20,181.5,182.35,175.55,178.15,63783,EQ,6261.0,10.19,42909.0
2025-08-21,178.3,178.8,165.9,169.85,152867,EQ,9309.0,16.42,83585.0
2025-08-22,169.5,174.25,168.0,172.1,48651,EQ,4744.0,10.26,28047.0
2025-08-25,172.05,176.0,170.15,174.1,51300,EQ,5234.0,9.8,31369.0
2025-08-26,175.2,176.0,170.5,171.6,73685,EQ,7825.0,9.42,45944.0
2025-08-28,173.45,175.8,170.5,173.65,54256,EQ,4552.0,11.92,37767.0
2025-08-29,173.65,174.45,169.0,172.65,86206,EQ,5410.0,15.93,57383.0
2025-09-01,173.9,173.9,169.05,172.25,33858,EQ,4183.0,8.09,18011.0
2025-09-02,172.25,172.9,164.25,165.9,98415,EQ,5379.0,18.3,73529.0
2025-09-03,169.8,171.0,167.15,168.75,53925,EQ,5505.0,9.8,29828.0
2025-09-04,172.1,173.0,164.3,166.7,166648,EQ,10199.0,16.34,102920.0
2025-09-05,166.6,167.85,162.1,163.65,86556,EQ,5500.0,15.74,53804.0
2025-09-08,164.0,166.8,163.6,164.35,78224,EQ,5282.0,14.81,46813.0
2025-09-09,164.8,165.4,159.55,160.1,79922,EQ,5944.0,13.45,54469.0
2025-09-10,160.1,163.8,158.55,159.7,111515,EQ,6967.0,16.01,74845.0
2025-09-11,159.1,162.5,159.0,159.75,54106,EQ,4335.0,12.48,31726.0
2025-09-12,162.5,162.5,159.2,161.35,48469,EQ,3087.0,15.7,35600.0
2025-09-15,162.3,163.85,159.4,161.45,60607,EQ,5215.0,11.62,39325.0
2025-09-16,162.4,169.95,160.8,165.35,52831,EQ,4679.0,11.29,35039.0
2025-09-17,167.45,181.9,165.5,179.2,224946,EQ,15091.0,14.91,94566.0
2025-09-18,179.8,191.8,179.5,185.15,164189,EQ,12235.0,13.42,87798.0
2025-09-19,186.0,191.0,183.0,185.8,80973,EQ,6174.0,13.12,49921.0
2025-09-22,187.3,200.45,185.25,198.9,247449,EQ,16558.0,14.94,154538.0
2025-09-23,199.0,199.9,195.2,198.75,69399,EQ,5812.0,11.94,39006.0
2025-09-24,197.6,201.5,196.25,196.9,89534,EQ,8143.0,11.0,46914.0
2025-09-25,196.9,196.9,190.5,192.85,78180,EQ,7157.0,10.92,37923.0
2025-09-26,190.1,192.3,186.1,188.6,68763,EQ,7519.0,9.15,38973.0
2025-09-29,191.9,207.45,191.9,207.4,365304,EQ,19055.0,19.17,200208.0
2025-09-30,205.8,221.95,203.55,208.15,448803,EQ,33726.0,13.31,193255.0
2025-10-01,208.5,218.2,205.15,216.85,137620,EQ,13284.0,10.36,66078.0
2025-10-03,220.7,234.9,213.3,222.3,566959,EQ,35385.0,16.02,251663.0
2025-10-06,230.0,235.0,225.3,230.4,259864,EQ,21260.0,12.22,129665.0
2025-10-07,229.9,238.5,226.45,232.75,168875,EQ,14307.0,11.8,87372.0
2025-10-08,232.75,237.4,229.5,236.35,274570,EQ,11231.0,24.45,227984.0
2025-10-09,236.35,246.5,236.35,244.55,302083,EQ,9954.0,30.35,223347.0
2025-10-10,244.0,244.6,232.5,237.65,134219,EQ,9941.0,13.5,92833.0
2025-10-13,235.0,242.95,227.5,236.05,264060,EQ,10759.0,24.54,199398.0
2025-10-14,239.0,242.4,231.95,233.3,61299,EQ,3965.0,15.46,37245.0
2025-10-15,232.1,242.1,231.8,240.15,216136,EQ,7285.0,29.67,173753.0
2025-10-16,243.0,245.0,228.15,228.25,141220,EQ,8166.0,17.29,100398.0
2025-10-17,229.1,233.1,219.9,230.95,204321,EQ,15231.0,13.41,130826.0
2025-10-20,234.5,235.7,222.5,225.8,95225,EQ,6311.0,15.09,64891.0
2025-10-21,225.8,237.1,217.7,221.35,153773,EQ,5437.0,28.28,90935.0
2025-10-23,224.05,227.9,219.1,221.25,76817,EQ,6574.0,11.68,53214.0
2025-10-24,224.45,227.5,221.35,224.75,49291,EQ,3917.0,12.58,32420.0
2025-10-27,228.4,234.5,222.55,224.65,147286,EQ,8892.0,16.56,88495.0
2025-10-28,227.7,230.9,224.0,224.8,111606,EQ,4658.0,23.96,72466.0
2025-10-29,225.4,233.5,218.7,221.5,212488,EQ,5793.0,36.68,158703.0
2025-10-30,222.4,232.6,222.4,232.6,114633,EQ,3043.0,37.67,89237.0
2025-10-31,232.0,244.2,231.4,244.2,151657,EQ,3909.0,38.8,86085.0
2025-11-03,252.0,256.4,243.0,249.55,367123,EQ,15080.0,24.35,202571.0
2025-11-04,252.9,252.9,244.1,245.15,93551,EQ,6016.0,15.55,60966.0
2025-11-06,232.9,242.2,232.9,232.9,127993,EQ,3465.0,36.94,91440.0
2025-11-07,221.25,228.8,221.25,223.6,390288,EQ,18937.0,20.61,245780.0
2025-11-10,225.5,228.7,220.5,224.0,111944,EQ,8528.0,13.13,56863.0
2025-11-11,222.1,231.6,222.1,228.45,139804,EQ,8652.0,16.16,87364.0
2025-11-12,231.2,233.9,227.3,231.0,99185,EQ,12012.0,8.26,64938.0
2025-11-13,231.2,237.45,231.2,233.6,98020,EQ,12807.0,7.65,65506.0
2025-11-14,236.0,240.8,234.1,237.45,119740,EQ,12139.0,9.86,60777.0
2025-11-17,249.3,249.3,232.5,239.7,432976,EQ,16933.0,25.57,160033.0
2025-11-18,240.0,240.15,231.0,232.15,64563,EQ,6212.0,10.39,37145.0
2025-11-19,232.5,235.2,231.0,231.9,50894,EQ,5751.0,8.85,30217.0
2025-11-20,235.75,243.5,234.75,239.15,206798,EQ,10712.0,19.31,108144.0
2025-11-21,239.15,239.15,230.5,233.15,98900,EQ,5060.0,19.55,69353.0
2025-11-24,234.95,237.45,227.5,235.0,101743,EQ,8460.0,12.03,63425.0
2025-11-25,239.0,242.0,235.1,240.25,125185,EQ,6972.0,17.96,71678.0
2025-11-26,240.25,251.0,240.25,249.25,152713,EQ,8530.0,17.9,89590.0
2025-11-27,252.05,252.05,242.55,243.25,72114,EQ,5140.0,14.03,33497.0
2025-11-28,244.8,247.0,241.0,245.0,39144,EQ,2804.0,13.96,22198.0
2025-12-01,247.0,250.8,242.15,247.7,109091,EQ,8416.0,12.96,68336.0
2025-12-02,246.7,250.65,238.2,239.5,104431,EQ,7062.0,14.79,67973.0
2025-12-03,239.5,239.5,229.3,234.05,88211,EQ,8084.0,10.91,52455.0
2025-12-04,232.5,233.1,223.7,226.05,99457,EQ,7219.0,13.78,61902.0
2025-12-05,226.2,227.25,221.3,224.65,82785,EQ,11673.0,7.09,45503.0
2025-12-08,225.6,225.6,215.5,217.75,111837,EQ,11906.0,9.39,57164.0
2025-12-09,215.0,225.7,212.5,223.05,98768,EQ,9546.0,10.35,42856.0
2025-12-10,225.0,225.0,217.25,218.15,62151,EQ,7105.0,8.75,35489.0
2025-12-11,220.0,222.5,215.1,220.75,50137,EQ,6030.0,8.31,22407.0
2025-12-12,223.45,223.5,219.45,222.95,46207,EQ,6246.0,7.4,23918.0
2025-12-15,224.0,224.2,219.35,223.7,42300,EQ,5989.0,7.06,20499.0
2025-12-16,225.95,225.95,220.35,221.1,29619,EQ,4487.0,6.6,14059.0
2025-12-17,220.5,225.5,216.95,217.85,40861,EQ,4188.0,9.76,27475.0
2025-12-18,216.05,220.0,215.9,219.1,44495,EQ,5327.0,8.35,26229.0
2025-12-19,218.1,223.95,216.85,222.25,24496,EQ,2859.0,8.57,12638.0
2025-12-22,222.25,232.5,221.2,232.1,93945,EQ,9283.0,10.12,61761.0
2025-12-23,234.95,240.0,231.55,239.0,82416,EQ,9224.0,8.93,52856.0
2025-12-24,242.4,244.0,238.2,241.3,78347,EQ,8476.0,9.24,45566.0
2025-12-26,240.95,242.5,237.6,238.75,44433,EQ,6262.0,7.1,25650.0
2025-12-29,238.05,244.6,235.0,239.8,52601,EQ,6458.0,8.15,27656.0
2025-12-30,238.15,241.25,235.15,238.9,65169,EQ,6612.0,9.86,32339.0
2025-12-31,239.0,247.4,237.5,244.8,112569,EQ,8803.0,12.79,74828.0
2026-01-01,244.8,249.25,242.8,244.95,62078,EQ,8060.0,7.7,33118.0
2026-01-02,245.0,247.7,239.5,243.85,68531,EQ,7077.0,9.68,36285.0
2026-01-05,249.7,249.7,235.6,239.1,166024,EQ,19141.0,8.67,77969.0
2026-01-06,239.1,241.8,227.5,229.6,110601,EQ,11197.0,9.88,58162.0
2026-01-07,230.25,230.25,218.1,224.45,131956,EQ,14529.0,9.08,70730.0
2026-01-08,226.5,231.1,221.35,225.55,106849,EQ,15730.0,6.79,50982.0
2026-01-09,226.5,226.5,218.5,220.05,98455,EQ,14632.0,6.73,52727.0
2026-01-12,219.0,220.4,207.25,212.3,224808,EQ,29944.0,7.51,110379.0
2026-01-13,212.5,218.6,211.6,213.15,86444,EQ,8858.0,9.76,42720.0
2026-01-14,212.5,215.0,209.5,213.1,69868,EQ,8383.0,8.33,36397.0
2026-01-16,214.95,214.95,200.0,204.45,101558,EQ,10676.0,9.51,63381.0
2026-01-19,204.45,205.0,195.75,199.15,147819,EQ,17386.0,8.5,83985.0
2026-01-20,199.0,199.15,189.0,190.55,141792,EQ,12750.0,11.12,83677.0
2026-01-21,190.0,192.3,183.4,185.35,249347,EQ,20997.0,11.88,157884.0
2026-01-22,188.0,194.2,186.5,192.95,120446,EQ,15664.0,7.69,64257.0
2026-01-23,195.6,195.6,177.5,182.6,177139,EQ,15062.0,11.76,85584.0
2026-01-27,181.85,185.5,176.95,181.05,106155,EQ,12427.0,8.54,48201.0
2026-01-28,181.05,190.85,181.05,189.4,68127,EQ,9010.0,7.56,37307.0
2026-01-29,192.8,192.8,187.0,190.9,57876,EQ,6296.0,9.19,33206.0
2026-01-30,193.95,203.7,190.0,199.55,120867,EQ,13080.0,9.24,58885.0
2026-02-01,202.0,209.95,194.35,200.65,79743,EQ,8001.0,9.97,39332.0
2026-02-02,200.0,200.1,192.15,198.9,80426,EQ,7997.0,10.06,41917.0
2026-02-03,210.0,214.5,201.8,212.0,123156,EQ,9643.0,12.77,78205.0
2026-02-04,227.0,227.0,197.85,207.85,718315,EQ,47822.0,15.02,231313.0
2026-02-05,208.0,209.55,203.35,204.85,131115,EQ,9115.0,14.38,78588.0
2026-02-06,203.3,203.3,197.4,198.9,79857,EQ,9574.0,8.34,40173.0
2026-02-09,200.8,205.0,192.9,198.1,163218,EQ,18212.0,8.96,79182.0
2026-02-10,198.6,200.6,195.3,196.4,77126,EQ,7641.0,10.09,48502.0
2026-02-11,194.2,197.9,194.0,195.95,63181,EQ,7416.0,8.52,34275.0
2026-02-12,194.1,212.5,194.1,207.85,224520,EQ,25269.0,8.89,95499.0
2026-02-13,207.4,207.8,201.15,203.1,54489,EQ,7401.0,7.36,26720.0
2026-02-16,200.5,204.05,197.7,198.5,83003,EQ,9041.0,9.18,49376.0
2026-02-17,198.5,204.0,198.5,202.25,31344,EQ,5170.0,6.06,14324.0
2026-02-18,202.25,203.55,198.8,201.7,30907,EQ,4449.0,6.95,15883.0
2026-02-19,200.4,203.5,199.5,200.05,66128,EQ,10343.0,6.39,38778.0
2026-02-20,198.05,201.75,195.25,198.65,65444,EQ,7756.0,8.44,29872.0
2026-02-23,201.3,201.3,197.8,199.15,52897,EQ,4895.0,10.81,34793.0
2026-02-24,198.0,200.0,197.25,199.45,34316,EQ,5616.0,6.11,20532.0
2026-02-25,199.1,199.25,194.65,196.65,106049,EQ,11397.0,9.3,64465.0
2026-02-26,196.0,199.9,196.0,197.5,27919,EQ,5003.0,5.58,14296.0
2026-02-27,195.6,199.95,195.0,199.4,39250,EQ,5326.0,7.37,24435.0
2026-03-02,190.0,196.5,189.0,194.05,91963,EQ,11538.0,7.97,42641.0
2026-03-04,191.5,193.6,186.2,192.75,99544,EQ,12238.0,8.13,44105.0
2026-03-05,193.6,196.55,191.3,195.75,49308,EQ,6021.0,8.19,19302.0
2026-03-06,197.0,197.0,192.55,193.8,42031,EQ,5433.0,7.74,23620.0
2026-03-09,189.95,192.0,186.1,190.85,112762,EQ,10241.0,11.01,79909.0
2026-03-10,194.0,196.2,191.6,195.65,109846,EQ,4748.0,23.14,86369.0
2026-03-11,196.6,199.5,194.75,196.75,63357,EQ,6335.0,10.0,37051.0
2026-03-12,198.9,200.0,190.0,198.9,57250,EQ,5169.0,11.08,31073.0
2026-03-13,200.3,200.3,190.0,192.8,91227,EQ,12724.0,7.17,50825.0
2026-03-16,194.4,194.45,183.95,189.65,128993,EQ,15203.0,8.48,68315.0
2026-03-17,191.75,191.75,187.1,190.15,49226,EQ,5507.0,8.94,32830.0
2026-03-18,189.0,198.0,189.0,192.35,79148,EQ,10318.0,7.67,42845.0
2026-03-19,189.5,193.65,189.0,190.25,48950,EQ,8191.0,5.98,25436.0
2026-03-20,191.8,195.5,190.05,191.2,74556,EQ,11135.0,6.7,40366.0
2026-03-23,190.5,191.75,172.05,182.8,158766,EQ,19890.0,7.98,83462.0
2026-03-24,184.1,193.9,183.9,192.7,83689,EQ,11551.0,7.25,44570.0
2026-03-25,195.0,218.0,193.2,196.3,1998378,EQ,48607.0,41.11,423914.0
2026-03-27,193.7,204.7,186.1,197.3,2265591,EQ,45137.0,50.19,1071146.0
2026-03-30,193.4,195.1,184.6,189.1,1386451,EQ,34272.0,40.45,750134.0
2026-04-01,198.2,198.99,187.0,189.42,1959738,EQ,26119.0,75.03,871845.0
2026-04-02,187.2,193.1,180.0,191.71,1179189,EQ,20818.0,56.64,512126.0
2026-04-06,190.0,196.9,189.24,194.47,1026230,EQ,23453.0,43.76,548614.0
2026-04-07,195.25,198.34,188.95,190.35,584033,EQ,11112.0,52.56,257206.0
2026-04-08,196.69,200.27,194.17,198.6,861852,EQ,16108.0,53.5,501444.0
2026-04-09,196.05,201.63,193.27,194.28,1006039,EQ,15140.0,66.45,649961.0
2026-04-10,194.45,199.2,194.45,197.13,1046059,EQ,10222.0,102.33,778903.0
2026-04-13,194.6,194.98,190.49,194.17,690033,EQ,10773.0,64.05,396999.0
2026-04-15,198.0,198.97,191.35,195.56,2711326,EQ,24185.0,112.11,1434785.0
2026-04-16,199.0,200.64,193.56,194.43,898133,EQ,19376.0,46.35,399652.0
2026-04-17,194.81,196.74,189.94,193.44,2521576,EQ,29396.0,85.78,1377705.0
2026-04-20,193.44,195.55,189.13,191.61,1724698,EQ,17719.0,97.34,985400.0
2026-04-21,190.25,201.0,190.25,197.59,1521420,EQ,18328.0,83.01,706250.0
2026-04-22,199.0,206.38,194.04,205.52,2085631,EQ,23836.0,87.5,1189426.0
2026-04-23,206.85,209.61,202.2,207.43,1199000,EQ,15121.0,79.29,687042.0
2026-04-24,209.0,209.89,200.15,203.06,623755,EQ,10225.0,61.0,300802.0
2026-04-27,205.0,208.88,204.06,205.75,564472,EQ,11475.0,49.19,264418.0
2026-04-28,205.01,207.89,201.02,203.88,537502,EQ,9332.0,57.6,220523.0
2026-04-29,205.0,205.31,199.16,199.84,795267,EQ,13733.0,57.91,452338.0
2026-04-30,199.62,201.8,195.25,198.65,1301694,EQ,21269.0,61.2,813194.0
2026-05-04,199.0,204.83,197.76,203.36,2560310,EQ,24189.0,105.85,1849773.0
2026-05-05,200.01,202.23,194.12,200.79,2075681,EQ,24217.0,85.71,1167686.0
2026-05-06,202.5,209.0,195.9,208.26,1697965,EQ,26424.0,64.26,841598.0
2026-05-07,208.26,218.0,207.85,215.92,1474948,EQ,22977.0,64.19,658088.0
2026-05-08,214.1,223.38,212.25,219.64,1223999,EQ,20141.0,60.77,564238.0
2026-05-11,215.06,218.27,210.02,216.75,1019521,EQ,20913.0,48.75,529480.0
2026-05-12,213.11,221.36,211.01,220.12,1668816,EQ,21871.0,76.3,950382.0
2026-05-13,220.12,240.9,216.11,237.79,3683667,EQ,40216.0,91.6,1855124.0
2026-05-14,241.3,241.5,223.5,229.99,2225516,EQ,25626.0,86.85,1040697.0
2026-05-15,231.25,232.52,223.64,228.24,994191,EQ,13982.0,71.11,482944.0
2026-05-18,228.24,228.24,214.36,217.32,942436,EQ,20250.0,46.54,472690.0
2026-05-19,217.31,231.99,214.36,226.03,1434837,EQ,23789.0,60.32,542234.0
2026-05-20,226.0,231.0,220.69,227.28,842703,EQ,13176.0,63.96,308265.0
2026-05-21,228.99,232.8,225.65,231.92,1545042,EQ,15392.0,100.38,1078427.0
2026-05-22,231.2,235.1,228.12,233.33,827021,EQ,14994.0,55.16,472245.0
2026-05-25,237.55,242.5,234.05,238.77,1444280,EQ,17191.0,84.01,822133.0
2026-05-26,238.77,245.0,235.0,238.38,1090333,EQ,14560.0,74.89,560478.0
2026-05-27,239.8,241.99,230.55,236.05,1154598,EQ,17596.0,65.62,534829.0
2026-05-29,233.6,234.72,222.0,230.03,4385039,EQ,45199.0,97.02,2544837.0
2026-06-01,232.5,247.4,228.93,244.31,3484114,EQ,41845.0,83.26,1310628.0
2026-06-02,243.76,243.98,238.25,240.32,1392661,EQ,14863.0,93.7,778314.0
2026-06-03,239.1,247.5,234.63,245.65,2722841,EQ,29339.0,92.81,1360858.0
2026-06-04,242.6,259.25,241.21,256.4,4139382,EQ,45149.0,91.68,2023604.0
2026-06-05,256.45,256.45,245.89,247.99,1871365,EQ,20314.0,92.12,1039065.0
2026-06-08,241.25,248.23,232.0,236.95,1825294,EQ,25118.0,72.67,765779.0
2026-06-09,237.0,243.34,233.22,238.89,1154178,EQ,18144.0,63.61,446502.0
2026-06-10,239.0,240.48,221.51,224.94,2333954,EQ,35354.0,66.02,989876.0
2026-06-11,224.0,226.92,214.0,215.27,1484922,EQ,25786.0,57.59,659883.0
2026-06-12,220.5,226.7,217.07,223.48,1556238,EQ,24030.0,64.76,729894.0
2026-06-15,229.5,237.5,229.5,231.66,1804066,EQ,48305.0,37.35,751369.0
2026-06-16,234.2,235.96,227.1,229.7,672604,EQ,12657.0,53.14,315267.0
2026-06-17,230.0,237.29,228.25,229.69,836955,EQ,15323.0,54.62,385049.0
2026-06-18,232.09,234.44,229.0,230.44,583469,EQ,9322.0,62.59,260508.0
2026-06-19,234.0,241.2,230.16,236.85,1525962,EQ,22693.0,67.24,594856.0
2026-06-22,241.75,243.2,236.33,238.53,910081,EQ,15505.0,58.7,349693.0
2026-06-23,239.53,242.44,229.3,232.16,1033014,EQ,13668.0,75.58,524332.0
2026-06-24,232.16,233.9,226.31,228.79,908959,EQ,15616.0,58.21,470027.0
2026-06-25,230.6,231.01,220.0,221.23,1206719,EQ,18629.0,64.78,671441.0
2026-06-29,221.21,229.99,219.13,228.16,1405204,EQ,35889.0,39.15,801084.0
2026-06-30,227.71,232.0,223.32,226.79,1422889,EQ,35125.0,40.51,901901.0
2026-07-01,226.79,240.0,226.79,238.44,2132979,EQ,21656,98.49,1246946
2026-07-02,246.03,248.92,227.28,229.79,5768070,EQ,61641,93.58,1893516
2026-07-03,231.4,232.55,225.4,230.37,1319175,EQ,14501,90.97,456974
2026-07-06,232.65,235.0,228.63,230.29,826250,EQ,11118,74.32,352209
2026-07-07,230.87,231.27,226.58,229.27,782140,EQ,8692,89.98,405103
2026-07-08,229.0,230.79,222.15,225.51,681769,EQ,13577,50.21,324264
2026-07-09,225.51,230.0,219.34,221.13,1081796,EQ,18643,58.03,641587
2026-07-10,223.3,224.79,218.45,220.23,1704267,EQ,19926,85.53,950732
2026-07-13,219.6,227.59,215.7,223.1,1551734,EQ,24894,62.33,736093
2026-07-14,224.19,224.19,218.6,220.79,763008,EQ,19898,38.35,466674
2026-07-15,221.2,223.79,218.11,219.95,575857,EQ,14610,39.42,276055
2026-07-16,221.35,225.1,219.62,222.18,590683,EQ,8919,66.23,212865
2026-07-17,222.46,223.16,219.11,221.13,972956,EQ,15515,62.71,569160
2026-07-20,221.13,230.07,220.88,225.92,960610,EQ,16505,58.2,489078
2026-07-21,227.05,228.0,223.67,225.06,512229,EQ,11262,45.48,255856
2026-07-22,224.11,225.61,220.1,221.36,639248,EQ,11764,54.34,341678
2026-07-23,221.0,225.1,219.5,220.21,375931,EQ,13164,28.56,201773
2026-07-24,218.0,221.94,216.09,219.29,459515,EQ,13350,34.42,204292
2026-07-27,220.76,226.64,219.75,223.46,600559,EQ,11738,51.16,268207
2026-07-28,222.11,224.58,220.11,221.87,366611,EQ,7378,49.69,193386
2026-07-29,222.0,223.59,220.0,222.05,420275,EQ,9601,43.77,201881
2026-07-30,221.15,222.39,217.6,218.69,420385,EQ,8228,51.09,250457
2026-07-31,219.25,221.7,217.21,219.33,450049,EQ,8872,50.73,231656
2026-08-03,218.5,223.36,216.0,218.64,976692,EQ,16319,59.85,459911
2026-08-04,218.0,220.88,213.91,217.74,831636,EQ,17251,48.21,420700
2026-08-05,218.25,219.4,215.5,217.57,888423,EQ,19140,46.42,497414
2026-08-06,218.75,219.0,215.81,218.31,695043,EQ,11310,61.45,429834
2026-08-07,218.31,220.5,216.0,219.44,698894,EQ,22369,31.24,401205
2026-08-10,219.4,221.54,216.5,218.48,935672,EQ,16691,56.06,442826
2026-08-11,218.4,224.99,218.0,224.32,931470,EQ,19962,46.66,497968
2026-08-12,225.15,225.15,217.8,219.82,566703,EQ,14089,40.22,383001
2026-08-13,219.5,226.7,215.1,217.43,4570020,EQ,59158,77.25,1249874
2026-08-14,218.7,218.7,212.0,216.4,1916642,EQ,30095,63.69,957680
2026-08-17,216.0,219.5,215.0,218.85,1215948,EQ,14880,81.72,638365
2026-08-18,219.25,220.8,217.72,219.58,662694,EQ,9522,69.6,331084
2026-08-19,219.1,223.25,218.81,220.27,952411,EQ,11227,84.83,541410
2026-08-20,221.94,226.3,219.11,220.05,889076,EQ,13182,67.45,407972
2026-08-21,220.07,222.23,219.0,219.73,631899,EQ,10574,59.76,288331
